1.0383348e-05,3.25744e-06,1.5622789e-05,2.8787551e-06,3.70071e-05,4.854671e-05,0.00039173843,0.0012456608,0.0042618685,0.0023883579,0.014914201,0.060263127,0.01718257,0.03535059,0.06000506,0.15694994,0.07849122,0.12253447,0.07787709,0.006828487,2.4864103e-06,0.36116272,3.2698073e-05
4.1004827e-05,9.870799e-05,0.0012205858,0.0029818392,0.07277893,0.1396142,0.42313445,0.23667428,0.050169364,0.034183238,0.026513368,0.0008188391,0.00074401946,0.005904132,0.0014346158,0.0010999424,0.0023158803,0.00026738096,2.7735052e-06,7.884433e-07,1.3438131e-06,6.265355e-08,2.1405424e-07
4.1352254e-05,0.0006339113,0.00859885,0.036264896,0.21082386,0.45981255,0.22325781,0.03228927,0.011618583,0.006265237,0.0017750614,0.005057752,0.00047862183,0.0013980212,0.0007729676,6.519448e-05,0.0007712398,5.1549625e-05,2.1205291e-05,9.4141296e-07,4.7881423e-07,3.1560646e-07,3.3735535e-07
1.232317e-05,1.9037943e-05,0.00031827643,0.00027688843,0.005048461,0.012286596,0.032301623,0.08236189,0.11335504,0.083303966,0.15248367,0.025761444,0.11900982,0.23381256,0.07307993,0.008256387,0.020222655,0.037970096,3.6242753e-05,3.6015947e-06,7.696835e-05,2.1225085e-06,3.9061828e-07
3.0462459e-06,1.4964056e-06,9.474862e-06,2.1028802e-05,0.000744862,0.0026383903,0.16761437,0.16997328,0.117216066,0.11910431,0.058128707,0.014848663,0.027866011,0.009488407,0.001831129,0.27666607,0.03281938,0.000808026,0.00017506872,1.5349784e-05,2.1859198e-05,6.780203e-07,4.3323516e-06
5.3489926e-05,0.0050659887,0.048768617,0.25263423,0.35786143,0.23004472,0.08943137,0.006734636,0.0058515617,0.0013322354,0.00040812598,0.0012390681,9.592131e-05,0.00016004949,9.176247e-05,1.551821e-05,0.00020465467,2.387758e-06,3.7908824e-06,3.1420703e-07,8.064449e-08,3.362875e-08,5.639743e-08
3.0750202e-06,8.150122e-07,5.933054e-06,1.710658e-06,5.8764184e-05,0.00020727933,0.0010218729,0.005675599,0.015244212,0.021099776,0.018033843,0.071889974,0.06815638,0.017420094,0.02023978,0.16052766,0.3650558,0.01234166,0.21826284,0.0028542965,0.000455576,0.0009212134,0.00052185816
2.0639884e-05,1.015565e-05,8.5846696e-05,7.219922e-05,0.002048027,0.005138029,0.021331483,0.24755383,0.1496321,0.082429826,0.04362962,0.02957669,0.113191925,0.004394311,0.28661028,0.0019569872,0.007640899,0.004650012,1.2771015e-05,1.2647833e-05,5.3014804e-07,8.028353e-07,3.5757873e-07
5.2238727e-05,1.4479108e-05,4.4539036e-05,0.00013892291,0.0010331069,0.00073813566,0.0010683651,0.012713748,0.057608496,0.10266533,0.16969043,0.1364515,0.07071023,0.010493563,0.0024391348,0.25376466,0.0075103827,0.0019840796,0.04379399,0.010169495,2.531555e-05,5.1307055e-05,0.1168386
1.1496722e-08,6.2034244e-09,3.47535e-08,3.69185e-08,3.1996037e-06,4.6622008e-05,0.00060883653,0.0069540534,0.0036188902,0.015323193,0.003196786,0.041315705,0.03484647,0.003954365,0.0017261467,0.04767617,0.8299091,0.0031215725,0.0019838254,1.4033165e-05,0.0056997077,1.1595295e-06,1.3101133e-07
4.935665e-06,4.368474e-05,0.0010033903,0.0032455898,0.084555574,0.23899743,0.11760296,0.12454023,0.06492905,0.09303063,0.007037533,0.17089555,0.03725237,0.018368404,0.0015680052,0.0015035217,0.035155155,0.00020816096,2.500745e-05,2.4775136e-06,3.0050263e-05,1.6125787e-07,9.352829e-08
6.7988135e-09,6.2736033e-10,4.7268877e-08,1.8521416e-09,5.194698e-07,1.8735105e-06,4.060448e-06,0.00012895068,0.00010814709,0.00028872854,0.0028297042,0.093355924,0.006639002,0.0084825875,0.03637038,0.0073698624,0.711502,0.03469988,0.098034315,1.1534017e-05,1.13354745e-05,0.0001611006,1.0851384e-08
3.2556097e-06,2.0790844e-06,4.295203e-05,1.8010805e-05,0.00058493495,0.0036285769,0.009530744,0.14502971,0.100277394,0.09180237,0.0770998,0.009758642,0.026023764,0.011771649,0.5045902,0.0075873793,0.006359715,0.0058857924,1.9272227e-06,5.77233e-07,4.3445112e-07,8.199687e-08,1.770556e-08
2.1150157e-05,3.5567957e-06,9.767668e-06,5.7917123e-06,8.598791e-05,0.00042830972,0.0015208094,0.011382431,0.025129536,0.040757388,0.04131805,0.17208944,0.4433951,0.037415568,0.12981023,0.031115118,0.042670198,0.020204622,0.0012939466,0.0011225354,4.990276e-05,6.930844e-05,0.00010122976
1.3856648e-05,4.858022e-06,2.9413888e-05,1.3126958e-05,0.0003178535,0.00862296,0.013969991,0.10028431,0.27840015,0.34512118,0.13302825,0.08219928,0.0016140877,4.7922545e-05,0.0041114474,0.0072614956,0.020450277,0.0044287737,3.990058e-05,2.7042046e-05,3.153676e-07,4.0718214e-07,1.3128035e-05
3.8161265e-06,1.5165806e-05,0.0002996541,0.00059230765,0.010901033,0.107899904,0.11697681,0.20594758,0.15257463,0.056799527,0.1044497,0.020405842,0.0797462,0.10374153,0.0016585543,0.006972447,0.026007518,0.004969259,2.7270169e-05,1.337517e-06,6.8262602e-06,3.0228837e-06,9.0906745e-08
1.9924164e-06,2.2890358e-06,1.857573e-05,0.000119501274,0.0016732994,0.0047779484,0.033336606,0.08624923,0.09253439,0.09340713,0.20868333,0.021786641,0.10259022,0.32275555,0.0040464257,0.016422762,0.008936495,0.0011227033,4.3819728e-06,1.2527938e-06,0.0015292634,2.6262578e-08,2.6726878e-08
0.00014304121,2.4629084e-05,3.8617167e-05,1.2878499e-05,2.3268042e-06,2.0892625e-05,1.4419506e-05,0.0032055483,0.0041526794,0.110972874,0.057922114,0.10522699,0.5120869,1.1998359e-05,0.050650567,0.08524338,0.0023672313,0.064107604,0.0010507626,0.0027122963,5.735779e-07,5.72349e-07,3.1077358e-05
1.1567917e-06,6.0393563e-06,5.4180782e-05,0.00028578698,0.012255898,0.17509736,0.1718945,0.22593345,0.106330246,0.11838953,0.01612047,0.09805399,0.029270126,0.012054143,0.00036759136,0.00746183,0.025996545,0.00040189354,6.2903123e-06,1.9026726e-06,1.6849488e-05,6.209425e-08,1.1943963e-07
2.4384406e-05,0.00018341516,0.0041790386,0.0075760568,0.13827725,0.3548222,0.20779625,0.08584085,0.04509913,0.038651913,0.005779492,0.061114028,0.010355521,0.016838891,0.0038156633,0.00068407785,0.018292636,0.0005655037,8.550524e-05,4.57689e-06,1.1335822e-05,1.4502021e-06,9.2653215e-07
1.0806884e-05,5.833567e-07,4.884144e-06,1.8150655e-05,3.8439193e-05,2.006605e-05,0.00018160204,0.0031292762,0.009077407,0.17061111,0.10884138,0.12740554,0.0038261395,0.26610062,0.028209439,0.116564736,0.000679327,7.474503e-06,0.104410544,0.053991344,0.006846056,2.568046e-07,2.4833833e-05
4.0497565e-05,2.2909555e-05,4.418531e-05,2.2147113e-05,2.9250643e-05,0.00024735098,0.00012775364,0.010319196,0.031096851,0.08106886,0.083880864,0.054793898,0.020000497,0.0023932015,0.043438677,0.036306355,0.005384421,0.21159138,0.0074008023,0.410556,6.287331e-06,0.00090864534,0.00031997374
1.3303041e-06,3.8941507e-06,0.000110372785,0.00014657217,0.004427098,0.045109823,0.102287285,0.17863108,0.12952487,0.053431593,0.1277124,0.015800169,0.09854333,0.2111353,0.0024093695,0.006483546,0.0155789405,0.008623568,3.120017e-05,7.6068557e-07,3.4114198e-06,4.1117214e-06,4.6624884e-08
8.8181354e-05,0.00232383,0.0470602,0.10779824,0.35432842,0.31118268,0.11826102,0.019454982,0.018555619,0.006060145,0.0014073653,0.0077740564,0.0008088107,0.0013009988,0.0012171888,6.151368e-05,0.002237212,3.713528e-05,3.863786e-05,1.8264597e-06,9.343512e-07,5.147327e-07,5.0007066e-07
2.0174202e-05,0.00015816794,0.0049559507,0.005986027,0.13170528,0.29820943,0.09911844,0.08135644,0.059378497,0.058490247,0.0074648526,0.15062605,0.037985418,0.025161602,0.006144484,0.0011767457,0.031398267,0.0005521151,8.708737e-05,4.5126053e-06,1.835488e-05,1.3011036e-06,5.3585825e-07
1.988574e-05,0.0007391017,0.021652145,0.07028946,0.350853,0.3771776,0.11905606,0.0239253,0.018415615,0.006620389,0.0013628346,0.0060091666,0.0008899214,0.0008211023,0.00042398844,3.1214473e-05,0.0016881339,1.6356267e-05,7.878703e-06,3.480742e-07,2.959978e-07,7.1901134e-08,6.398692e-08
4.3553715e-05,1.3490658e-06,6.91534e-06,5.7882072e-08,1.6329768e-06,2.1729349e-08,1.5435205e-07,3.6709616e-06,1.8602688e-05,0.00013185515,0.00076570007,0.00016712301,0.00094009977,4.718126e-07,0.11128547,0.01669732,0.8632301,5.6725116e-07,0.0025982459,0.004107078,2.1791677e-09,8.029936e-09,4.287046e-09
1.2074543e-06,2.6231842e-07,1.935548e-06,6.1297137e-06,9.246615e-05,0.00012753144,0.002573775,0.022961183,0.019854708,0.24658042,0.019773925,0.35963893,0.021671623,0.026998874,0.012422561,0.0659501,0.10658224,0.00032420128,0.06683192,0.008261414,0.019334786,1.577815e-06,8.192488e-06
0.10787165,0.39926028,0.4000565,0.07947277,0.0074064857,0.0015762553,0.0017076517,0.00067781773,0.0005132816,0.00022512299,0.00039983162,0.00012620797,3.0120966e-05,6.070315e-05,0.000117271135,8.0692866e-05,0.00019293925,2.1390782e-05,0.000107749394,6.901369e-05,2.2985505e-06,8.462175e-06,1.5501424e-05
3.6493043e-06,8.852673e-06,4.6576715e-05,0.0003038487,0.04276015,0.08249286,0.22568396,0.43669987,0.08072332,0.056702193,0.040970247,0.005282202,0.014008931,0.002672376,0.0020440752,0.0003299288,0.0035232164,0.0057355287,5.4183574e-06,1.8617116e-06,3.7359146e-07,9.9375924e-08,4.0014368e-07
0.0002000104,0.019801857,0.1480845,0.45911738,0.23508321,0.097522974,0.033092666,0.0025086554,0.0030020995,0.0004746599,0.00020925589,0.0005302382,4.8224138e-05,7.1116265e-05,0.00010056623,1.126277e-05,0.00013205485,1.8042149e-06,6.7016945e-06,4.835193e-07,6.3898575e-08,7.7032006e-08,1.3999603e-07
1.1410017e-06,6.2202133e-07,3.9451397e-06,4.0818354e-06,0.00011096738,0.0006685377,0.002968956,0.02291254,0.031190498,0.05999547,0.012746758,0.27016893,0.16534,0.13804387,0.008654434,0.22476609,0.05912536,0.0008619723,0.00045401527,0.00010020403,0.0018792513,1.2391082e-06,1.1126419e-06
0.0022351407,0.048280332,0.29667342,0.30308276,0.19261843,0.062496003,0.041053154,0.016725171,0.026273299,0.0025027792,0.0039490424,0.00087108626,0.00050696434,0.0004891927,0.0007162777,7.288029e-05,0.0013182596,9.739942e-05,2.878185e-05,5.0326257e-06,1.0246792e-06,2.077727e-06,1.4912167e-06
2.2552791e-07,1.1516355e-07,4.3811758e-07,3.6719308e-07,1.7106521e-06,9.393363e-06,3.9301907e-05,0.0021489619,0.00704918,0.012253682,0.026855221,0.15939774,0.20920071,0.18256433,0.13193399,0.24658272,0.0013474853,0.018664218,2.360658e-05,1.5221357e-06,0.0019249115,1.2695205e-07,2.7492721e-08
2.0935806e-05,0.000113600596,0.005219302,0.0044597336,0.12408194,0.26246867,0.10281938,0.09882134,0.05401169,0.06832557,0.009076563,0.12396134,0.037102625,0.028424222,0.0126893595,0.0010665791,0.06597499,0.0011180264,0.00020242808,6.462771e-06,3.210437e-05,2.098855e-06,9.984333e-07
9.4775685e-05,1.4107488e-05,0.00020885815,0.00015332224,0.0022607108,0.006468795,0.019447798,0.20487857,0.16928709,0.3357343,0.17387694,0.017990367,0.0100436015,0.000614255,0.04897558,0.0001596888,0.0040233615,0.005581883,0.00010449503,6.266375e-05,3.3575253e-07,1.1067783e-05,7.4158834e-06
6.349079e-08,8.575406e-08,1.6399307e-06,1.7483062e-06,0.00013228889,0.0044230255,0.010703794,0.031333584,0.013904735,0.029026987,0.035690017,0.026966566,0.12911983,0.015989356,0.002025961,0.015565105,0.65199673,0.032747604,0.00022079027,1.3261264e-06,0.0001450766,3.6054073e-06,8.568703e-08
0.00012462631,3.5343633e-05,0.0002399333,0.0002260775,0.0066482043,0.011605529,0.036788326,0.24889587,0.18659608,0.23320395,0.1319476,0.030546483,0.016827691,0.0010481919,0.06312966,0.0004813349,0.013578368,0.017687086,0.00021140807,0.00013709118,1.7042976e-06,1.0516864e-05,2.8967215e-05
0.0012575212,0.0846567,0.37866342,0.35720474,0.12747756,0.03532243,0.011592698,0.0012100893,0.0014631822,0.0002574302,0.00014857952,0.00030498375,2.8855995e-05,5.588655e-05,0.00015733765,1.4471054e-05,0.00014813265,4.140384e-06,2.8138636e-05,2.1026235e-06,1.6033555e-07,5.081143e-07,9.706353e-07
5.910465e-05,2.4225386e-05,8.607758e-05,2.7630687e-05,5.333762e-05,0.0002694455,0.00026310165,0.009329238,0.04279839,0.06242949,0.0764207,0.04425526,0.014017363,0.01052989,0.09779527,0.17367871,0.01157497,0.11380339,0.022799931,0.31842092,9.738695e-06,0.0011103498,0.00024350638
8.471744e-06,2.6360676e-06,2.4642039e-05,1.8518587e-05,0.0009175973,0.015719663,0.083508484,0.20136017,0.23949382,0.29557338,0.077271014,0.019774098,0.0009358577,0.0002945259,0.0024731318,0.023534717,0.0384189,0.0006582654,7.4352174e-06,2.4564574e-06,7.034714e-07,3.2018477e-08,1.4707509e-06
7.108739e-05,0.002980978,0.059084155,0.1780851,0.34719983,0.29111448,0.0923575,0.010774834,0.010614045,0.00245295,0.0007465438,0.0026937635,0.00026419273,0.00044682212,0.00047182635,1.8654546e-05,0.0005984232,1.0441435e-05,1.3374795e-05,5.190959e-07,1.5729704e-07,1.5038216e-07,1.6718302e-07
1.9598656e-06,1.0296551e-06,8.007649e-06,1.1198038e-05,0.0009685616,0.03682586,0.04538785,0.13639751,0.23626351,0.23057976,0.06555705,0.10428241,0.02533212,0.00040842668,0.0055238144,0.024792265,0.08701488,0.00063834083,3.2090077e-06,1.5597659e-06,1.3703972e-07,2.1535731e-08,5.248667e-07
1.8214165e-06,3.5456764e-05,0.0005604211,0.005574152,0.1082136,0.39245978,0.36815536,0.08044048,0.014973499,0.01854634,0.0020023799,0.0053629284,0.00082673476,0.00096464553,8.0113336e-05,6.398709e-05,0.0017101532,2.540996e-05,1.8376148e-06,1.6320823e-07,6.565597e-07,1.0699257e-08,1.7793914e-08
1.2463636e-06,8.25473e-08,1.0198303e-06,3.1759137e-07,5.0143666e-07,5.080362e-06,2.9017607e-05,0.0011483098,0.0076766764,0.004707683,0.021003209,0.02481854,0.0018431378,0.07972283,0.014172283,0.1071027,0.0016860776,0.7325786,0.0021215498,0.00042597594,4.636423e-06,0.00094941905,9.778146e-07
1.2903826e-06,5.968461e-06,0.00019459944,0.0005936796,0.06318973,0.35275587,0.36017886,0.19169113,0.016118951,0.009005466,0.005800861,5.581453e-05,3.090177e-05,2.8104041e-05,0.00017448331,3.8580106e-06,0.00016333509,7.0599426e-06,1.7707666e-08,2.3441928e-09,2.879349e-10,8.2870384e-11,2.5582805e-10
0.003081818,0.03094594,0.24714267,0.13719821,0.32131094,0.12017975,0.055809554,0.014059191,0.014797099,0.00691133,0.001871502,0.017407473,0.0013679494,0.0038381414,0.011565528,0.00056887657,0.009667863,0.0003467749,0.001696838,0.00011131844,3.367942e-05,3.8737613e-05,4.8854738e-05
4.6900018e-07,1.0752971e-06,7.990651e-06,0.00013158456,0.0052201343,0.02189042,0.41158235,0.35510337,0.07712398,0.092116274,0.013294088,0.005364164,0.002033299,0.0007062804,3.6445294e-05,0.0111599155,0.004192924,3.1572374e-05,1.8770959e-06,5.0136657e-07,1.219321e-06,3.880554e-09,5.1527994e-08
3.16921e-05,1.0304159e-05,0.00016081988,3.943454e-05,0.00033721785,0.007732814,0.007334219,0.12200057,0.29807037,0.40387958,0.05536716,0.031701263,0.0012444911,7.1119925e-05,0.039926838,0.0010785442,0.006926309,0.024028841,3.2780357e-05,2.2540118e-05,8.069498e-08,2.0001332e-06,9.61692e-07
1.3754556e-05,1.5129406e-05,0.000394671,0.00028356345,0.0126854135,0.11031974,0.37043712,0.2989825,0.11481642,0.07238448,0.011549276,0.0010090898,7.919746e-05,7.0741546e-05,0.0047307117,0.00024543953,0.0015566607,0.00042081336,4.8957722e-06,2.8226043e-07,9.720831e-09,2.5769939e-08,1.0730085e-07
1.1930555e-05,3.892564e-05,0.0048199394,0.0021381304,0.011981417,0.21756838,0.36422613,0.13590036,0.10003987,0.01840814,0.08992117,0.005095278,0.0026845862,0.010479575,0.032648444,0.0002502133,0.00030202966,0.0016103801,0.001826809,1.7571783e-07,7.131091e-09,4.8058042e-05,3.1438418e-08
1.1080963e-05,2.9041455e-06,1.0833123e-05,7.3274787e-06,6.290385e-05,0.0017257134,0.0009748291,0.03409004,0.08448022,0.25178897,0.36658055,0.20823067,0.006014678,6.4716565e-05,0.002783965,0.030356001,0.004468498,0.0064227455,0.00027795509,0.0011273135,8.2851466e-07,2.9150253e-06,0.00051430456
4.841435e-07,4.8159507e-07,6.272161e-06,3.0096653e-06,6.13433e-05,0.0016294601,0.00425181,0.01682478,0.019140938,0.02372483,0.0762345,0.08829988,0.27393115,0.13333888,0.012934989,0.08311071,0.116136014,0.14908008,0.00096649176,6.8272743e-06,0.0002249619,9.154754e-05,5.8858e-07
1.5911068e-06,6.9974924e-08,7.8581076e-07,2.2537154e-06,5.5326695e-06,1.1864681e-05,0.00010788312,0.0018376028,0.007827188,0.1621402,0.05196204,0.156243,0.004469054,0.27832448,0.052859697,0.10448435,0.0012964093,2.0709529e-05,0.121484905,0.010256151,0.046647307,4.12907e-07,1.6466385e-05
3.728677e-05,0.0007924217,0.012408041,0.090183645,0.1535634,0.37565637,0.13594261,0.09630544,0.10066514,0.0069893133,0.021935787,0.0008242149,0.0017156748,0.002099994,0.00014089832,0.00010005539,0.00060599594,3.0272038e-05,3.03932e-06,1.9030475e-07,8.9740176e-08,1.08779034e-07,2.4016254e-08
1.080784e-06,4.0593852e-07,1.9396741e-06,2.3234902e-06,3.0006542e-05,0.00020064364,0.0014427232,0.018001793,0.054644477,0.062402666,0.06420528,0.073525876,0.074394464,0.11035954,0.0907312,0.44162026,0.0051971287,0.0029178225,7.681252e-06,3.1816976e-06,0.0003093708,3.2014572e-08,1.1075474e-07
1.1143555e-05,3.4036095e-06,1.3367969e-05,1.2122614e-05,0.0002661397,0.0008472276,0.013482774,0.025528532,0.094634645,0.05130575,0.065774865,0.092755735,0.09170186,0.025387166,0.014421568,0.16785386,0.2730277,0.05802859,0.02191066,0.0011992253,0.0006185222,0.0007356651,0.0004795371
6.427993e-07,1.2953387e-06,4.0072082e-05,7.365451e-05,0.008698846,0.04458456,0.066327274,0.1715388,0.038901635,0.116920486,0.010740634,0.11441793,0.114756405,0.032937903,0.0020758603,0.0029045623,0.27255243,0.002288943,7.003059e-05,3.949266e-06,0.00016353003,3.7259107e-07,1.8988176e-07
0.00068528316,0.00011548224,0.00034703317,0.0004225462,0.0008067878,0.0017238372,0.0009363259,0.03818121,0.045371674,0.34176993,0.20336825,0.11721375,0.091811,0.0008835621,0.012152961,0.0021857969,0.0016335477,0.10038172,0.007703875,0.019726949,4.09116e-05,0.00022648889,0.012311018
1.0475273e-06,2.5691287e-07,1.2870082e-06,7.34276e-07,3.1630858e-05,0.00016336655,0.0019280205,0.0086101135,0.04187368,0.026731916,0.030084759,0.08344085,0.10742577,0.014477333,0.006681692,0.24762867,0.36759335,0.01951034,0.04232553,0.00048634203,0.00040734722,0.00045065675,0.00014532484
2.0186138e-05,6.716164e-06,3.082128e-05,9.605435e-06,9.633911e-05,0.0030064574,0.004948846,0.04125171,0.12894979,0.20976448,0.09890409,0.13071436,0.007089811,0.0033136602,0.075966865,0.22776464,0.045671877,0.022242585,0.00013189072,7.511765e-05,2.3103741e-05,2.6896455e-06,1.4435673e-05
5.303947e-07,1.8823637e-07,1.3763151e-06,2.6810267e-06,0.00011851201,0.0030689635,0.009642953,0.087924264,0.212746,0.17289191,0.036075745,0.14813665,0.016462091,0.0031379133,0.0030666084,0.29667675,0.010014684,3.1408847e-05,1.99583e-07,3.5947664e-07,1.9685073e-07,1.6257277e-10,5.6655036e-09
3.8334398e-05,0.00010413674,0.0020527497,0.0035950376,0.082689874,0.10826922,0.37845758,0.188969,0.10148375,0.04692997,0.043017767,0.0014552885,0.002146865,0.02104246,0.009537877,0.0007285668,0.0060488507,0.003409392,1.6212452e-05,1.9948966e-06,3.7890006e-06,5.932706e-07,6.5501257e-07
3.905677e-06,1.4750685e-05,0.00023577879,0.0004790434,0.009336169,0.09162401,0.10450701,0.20350765,0.13530254,0.06231209,0.09186617,0.02528535,0.10486079,0.122568324,0.0018049063,0.010187376,0.030014921,0.0060431724,2.9350014e-05,1.8401054e-06,1.153866e-05,3.2294824e-06,1.1483463e-07
1.3233739e-05,6.733664e-05,0.0015216436,0.0037575262,0.16276546,0.21965061,0.35380185,0.18621595,0.03721044,0.016448768,0.012807488,0.00033384436,0.0005083104,0.002439729,0.0015502679,6.6451874e-05,0.00071863027,0.00012169509,5.875565e-07,8.398521e-08,6.485253e-08,1.2911205e-08,1.7420847e-08
5.186191e-09,5.494114e-10,3.852301e-09,2.0031548e-08,2.6854453e-08,1.6520701e-07,1.5118861e-06,0.00012041479,0.0001195192,0.004437394,0.0032889605,0.059992813,0.0035774368,0.03556425,0.0057925717,0.012696203,5.2029507e-05,5.8788355e-06,0.00074333063,4.7564513e-06,0.87360275,1.238753e-09,2.1628994e-09
0.00068185886,0.014336086,0.12167455,0.24644245,0.28528377,0.12205968,0.08822408,0.041212406,0.05710896,0.006711025,0.008578963,0.001644342,0.0016640429,0.0013847176,0.00082349597,0.00014109652,0.0019088237,9.9520745e-05,1.4599577e-05,2.6856508e-06,1.3329532e-06,9.034148e-07,6.23815e-07
1.0458187e-06,1.2878863e-06,8.115037e-06,4.0695242e-05,0.0021877424,0.036811,0.07208368,0.17305143,0.20085831,0.17829256,0.032642577,0.12793414,0.037614606,0.0044788783,0.00090006855,0.10269884,0.030028863,0.00035555786,4.809931e-06,2.3001903e-06,3.2163878e-06,3.0631217e-08,3.1761746e-07
9.667419e-07,4.5528836e-06,6.95831e-05,0.00041549583,0.018471248,0.16483071,0.4126344,0.2638226,0.044820245,0.04837491,0.011595015,0.011334916,0.008743923,0.0039298967,0.00025053546,0.0009104152,0.009489358,0.00029106127,6.820259e-06,4.802271e-07,2.8120612e-06,5.2359354e-08,8.047778e-08
2.7631617e-05,9.1742986e-05,0.0026714294,0.0034636601,0.087246254,0.25942335,0.4735843,0.13578248,0.023618242,0.008701925,0.0038144055,0.00012248887,2.1239546e-05,5.8773156e-05,0.0011090161,9.643834e-06,0.00020424149,4.832796e-05,8.886999e-07,4.5495113e-08,2.820257e-09,6.022707e-09,1.09072325e-08
1.0686264e-06,4.736511e-06,4.9430197e-05,0.0002479181,0.0112818405,0.08942126,0.23114978,0.31396565,0.08500679,0.11502696,0.01061799,0.059519984,0.019696198,0.011569542,0.00034151232,0.0058047487,0.045893654,0.00033732486,1.2015341e-05,3.1239206e-06,4.824823e-05,8.681894e-08,1.3298856e-07
2.7790156e-07,2.6041485e-07,3.429596e-06,1.7253302e-06,5.727284e-05,0.0010698909,0.001452321,0.01051954,0.0055937767,0.01674725,0.023386419,0.110389784,0.12206762,0.018295385,0.010628337,0.044185236,0.59654206,0.0356665,0.0020691932,1.18866155e-05,0.001294255,1.704627e-05,4.8708813e-07
2.6721264e-06,1.0442479e-05,0.00037748416,0.00071377703,0.01454792,0.08033285,0.22756504,0.218261,0.1683142,0.035575937,0.10796338,0.0047528767,0.024020126,0.108061925,0.0019192398,0.0013819922,0.0037483117,0.0024233807,2.3909251e-05,3.7241318e-07,5.5399147e-07,2.4907122e-06,3.6734306e-08
1.272854e-05,4.36321e-06,2.056402e-05,3.4271475e-06,4.6476373e-05,0.0001240756,0.0003051632,0.0012873079,0.003284777,0.0035383068,0.01581887,0.041223507,0.018296877,0.04027073,0.07378185,0.19524762,0.24599196,0.19064493,0.08509409,0.00871679,3.1715328e-05,0.076067194,0.00018666418
7.2406937e-07,4.1207667e-07,5.8965957e-06,7.119554e-06,0.0021910518,0.062217098,0.15721115,0.31398663,0.1345749,0.28671497,0.037853487,0.0012250115,3.406349e-05,2.9847104e-07,3.921398e-05,4.0319905e-05,0.0038626096,3.504237e-05,4.300039e-08,9.260193e-09,6.600546e-11,3.9518062e-11,6.2832686e-09
2.1073094e-05,6.354914e-06,3.7771402e-05,1.1899715e-05,7.865528e-05,0.0024766652,0.0032900176,0.057825286,0.15044491,0.23538867,0.1124194,0.083813615,0.0063652904,0.004048074,0.13507374,0.11857611,0.023334963,0.06653055,0.0001319135,0.000100383215,9.195343e-06,7.025118e-06,8.381194e-06
3.966341e-09,5.070974e-10,4.2476156e-09,1.0689836e-08,1.9979778e-08,2.0547164e-07,1.6380559e-06,0.00016510734,0.00032423518,0.0041495697,0.0065039718,0.066943035,0.00460892,0.029937686,0.017166145,0.026768206,0.00015586185,0.00021643545,0.0012631728,1.2484213e-06,0.84179455,8.560901e-09,3.0260612e-09
4.3854646e-07,5.5951825e-09,4.7206655e-07,5.4129487e-08,4.3190062e-07,1.8640118e-06,3.330011e-05,0.00082435383,0.006651235,0.0029743635,0.020874452,0.050389856,0.00041060607,0.35448125,0.024947757,0.19002597,0.003172842,0.0027774384,0.3416844,0.0006041628,5.5964074e-06,0.00013895234,2.2264379e-07
9.553758e-07,9.450917e-06,0.00019622706,0.0014139288,0.05137444,0.40528694,0.267516,0.15757827,0.03260402,0.04046882,0.0052436623,0.019729987,0.0069047366,0.0039868993,0.00019093801,0.00022047773,0.0070933616,0.00017509787,3.4144123e-06,2.486473e-07,2.089602e-06,2.8107436e-08,3.6922508e-08
4.4819994e-06,1.1809859e-05,0.00014784784,0.0010218092,0.030415244,0.046490107,0.26313755,0.21403283,0.11166721,0.08650379,0.12538761,0.0035786245,0.018597698,0.08596932,0.0010911616,0.0014183163,0.009823298,0.0006551279,1.4674882e-06,5.080488e-07,4.4126282e-05,2.0377998e-08,2.611312e-08
2.1006e-05,2.370518e-06,1.0007702e-05,1.2312283e-06,2.2933365e-07,1.5910897e-06,3.6559816e-06,0.0032327757,0.0025533724,0.078683585,0.04838034,0.124961376,0.081647806,1.3915178e-05,0.025940603,0.0012990896,0.0007110401,0.62942666,0.00017493528,0.0029259,6.6849594e-08,7.2753996e-06,1.144966e-06
2.0037618e-05,1.35154005e-05,3.7137503e-05,9.318846e-06,6.1887276e-06,3.853621e-05,6.346395e-05,0.020786202,0.09255097,0.12997402,0.019301519,0.036552954,0.012834435,0.000114824055,0.004872556,0.0004691919,0.00027728654,0.65199924,0.00017428478,0.029051976,5.079239e-08,0.00084740546,4.8519623e-06
0.000121961915,3.5933463e-05,0.00010302075,5.1328392e-05,0.00019505386,0.00065976486,0.0014527126,0.0059366184,0.0124887265,0.022764346,0.10006667,0.05587369,0.07948019,0.0982166,0.06110424,0.13423465,0.056135233,0.12686023,0.12745051,0.037751798,0.00018412144,0.07465656,0.0041760206
0.0011893461,0.055321842,0.4465711,0.26473987,0.16526285,0.04835998,0.011716102,0.0015962003,0.0024734603,0.00042254222,0.00021980747,0.0008651287,7.457335e-05,0.00011760038,0.00057365367,1.8151435e-05,0.0003909112,1.0279405e-05,7.018745e-05,3.0906047e-06,2.5745817e-07,1.3728071e-06,1.6039872e-06
0.00015157921,0.009405577,0.11501733,0.33381268,0.29808125,0.172349,0.058396865,0.0046518617,0.004992616,0.0010003413,0.00036064643,0.0009922646,7.705928e-05,0.00014661979,0.00024941258,1.2009991e-05,0.0002853366,4.4607064e-06,1.213529e-05,5.654674e-07,9.541426e-08,1.2901721e-07,2.0584808e-07
2.5346986e-07,3.269561e-08,5.262913e-07,6.805764e-08,2.9719004e-06,6.4110145e-06,3.7931102e-05,0.0005047667,0.0004201933,0.0036552388,0.0028007291,0.021102559,0.0023167112,0.009549229,0.07764847,0.03214025,0.08900139,0.0016963287,0.7568029,0.0014679858,0.0007973963,4.1276002e-05,6.4374076e-06
6.919756e-05,1.4614426e-05,0.00011668501,7.744225e-05,0.00217085,0.0054891068,0.013149583,0.20051102,0.19004065,0.21259792,0.08519945,0.0633536,0.038684852,0.00082838937,0.15577064,0.00045250033,0.016987765,0.014331627,5.954216e-05,8.568439e-05,7.5495944e-07,2.8980048e-06,5.2228897e-06
1.5681438e-06,3.2287016e-07,1.246504e-05,1.3207513e-06,0.00011865249,0.011102275,0.005452128,0.1411415,0.33195645,0.43369317,0.064850464,0.0050648144,4.6271034e-05,5.7842593e-09,0.0001059492,4.9244784e-07,0.0050848755,0.0013671458,1.9098172e-08,2.2616183e-08,8.603036e-12,3.8613026e-11,1.4700828e-09
2.258718e-05,7.257332e-06,2.6132911e-05,7.7740275e-05,0.006205785,0.0040009273,0.049199093,0.14068323,0.15609784,0.22467346,0.20190859,0.065763175,0.07971907,0.0025608987,0.012949595,0.002670958,0.015946535,0.035196986,0.0015247175,0.00035888902,7.8138455e-06,3.8531874e-05,0.00036009066
6.8858294e-06,5.878741e-06,3.6506543e-05,0.0003580002,0.0008016358,0.0011073541,0.0075417683,0.047667116,0.027079625,0.12320409,0.10769302,0.14797224,0.12989989,0.21546364,0.007713476,0.04456426,0.0046999236,0.000116431656,0.00013611228,1.8368533e-05,0.13391376,4.3937323e-08,6.166375e-08
3.3699614e-08,5.575977e-09,3.390308e-08,1.5945623e-07,1.2422315e-05,2.4654826e-05,0.0050366116,0.052858077,0.11326971,0.10958997,0.026481908,0.012891776,0.09696678,0.002369414,9.70473e-05,0.5681488,0.012105668,2.0558662e-05,0.00010972,6.9764587e-06,8.296602e-06,1.9842709e-08,1.3787192e-06
7.819396e-07,1.8058599e-07,1.1275275e-06,1.08126e-05,0.00038145948,0.0014160915,0.076523654,0.14432187,0.069229625,0.36539125,0.067247376,0.0025899124,0.0008687352,5.5367662e-05,7.009756e-05,0.2702122,0.0016503474,2.3592915e-05,4.2932716e-06,3.536889e-07,2.5064722e-08,1.6511555e-09,8.7453986e-07
1.9039388e-05,3.0223146e-05,0.000394845,0.0003218247,0.009365018,0.014178452,0.052582,0.14565696,0.12325746,0.088658266,0.09847697,0.012683723,0.054413207,0.19657314,0.16771097,0.0146888625,0.008946596,0.012005202,1.2732752e-05,2.6633309e-06,2.0996344e-05,5.483576e-07,2.7333516e-07
8.580726e-05,2.3037515e-05,5.8274607e-05,5.720418e-05,0.0008789789,0.0021279182,0.0052529383,0.025482425,0.045063455,0.07242251,0.040284418,0.18422183,0.27205968,0.063812956,0.14151831,0.056167107,0.049663946,0.028457953,0.007911342,0.0035690106,0.00019539992,8.411358e-05,0.0006013589
1.7109467e-05,7.910565e-06,1.5027212e-05,1.04711635e-05,2.4825353e-05,0.00083780015,0.0001774546,0.027424863,0.10412326,0.23764683,0.19668254,0.1681013,0.018988201,0.00020900171,0.012930126,0.010331827,0.002388605,0.13407925,0.0016512421,0.08358177,2.258033e-06,0.0001194573,0.00064892054
2.0216287e-07,7.9253624e-08,3.3819506e-07,6.674859e-07,1.0183465e-05,0.0001536533,0.0009963402,0.014615644,0.009057958,0.06546413,0.01286542,0.34935245,0.07385547,0.04171799,0.0073239882,0.27720708,0.13477321,0.0022049916,0.0018955012,0.0001268574,0.008375788,1.427953e-06,6.4427246e-07
4.3952095e-06,2.0159096e-06,3.5650137e-05,3.353373e-05,0.0025104817,0.033827934,0.2509314,0.3621193,0.15599284,0.14249834,0.038791936,0.0013530989,0.00024448714,0.00017277169,0.0008982998,0.003603051,0.006794617,0.00018482523,6.54676e-07,2.1609934e-07,6.2125366e-08,2.9946046e-09,6.9216284e-08
7.043277e-05,0.00033365903,0.010972482,0.01113822,0.1013167,0.1700708,0.13302049,0.13912314,0.19105697,0.06404207,0.05700037,0.016383799,0.037402738,0.018125251,0.009959278,0.0009116134,0.03700274,0.0020208957,2.7973103e-05,2.6629382e-06,1.5831323e-05,1.3606926e-06,4.4438718e-07
3.3146142e-07,1.5699071e-07,1.4811233e-06,3.7965983e-05,0.0017114046,0.007304201,0.31531903,0.24954604,0.07541146,0.25478515,0.07296668,0.0012299238,0.0005847173,1.5351981e-05,2.5896676e-05,0.020667598,0.00037983115,1.1056204e-05,1.492653e-06,5.6072878e-08,2.3419737e-09,4.079781e-10,1.4722504e-07
6.293156e-05,1.5755066e-05,8.733433e-05,0.00011446926,0.0056320047,0.009645586,0.019587679,0.17902121,0.15554711,0.2890084,0.13595134,0.081923656,0.022148965,0.00057256216,0.043712523,0.00031030018,0.021177119,0.034847736,0.00027650068,0.00027194785,1.641955e-06,5.441862e-06,7.777891e-05
8.9051246e-05,0.0028488354,0.05536874,0.12744601,0.35726118,0.3048367,0.09883349,0.016523369,0.017800463,0.0051178075,0.0012875035,0.007698182,0.00087362656,0.0010658627,0.0010008558,5.85115e-05,0.0018302327,2.665661e-05,3.0053492e-05,1.4799562e-06,6.61092e-07,4.1523165e-07,3.7609195e-07
0.0002665558,0.00016638065,0.00084027945,0.000115972274,0.00011033631,0.0002780614,0.0022806847,0.09380546,0.10344514,0.13144599,0.06304623,0.054879256,0.027566127,0.0007435626,0.07858408,0.053149477,0.006159353,0.38262498,0.00023664231,0.00021520231,2.0582909e-06,3.3209282e-05,4.9850205e-06
3.928805e-05,2.2630704e-05,0.00011960064,3.423384e-05,0.00031762998,0.0049587865,0.00655302,0.07475993,0.2764231,0.34190318,0.09617536,0.13647203,0.0037354,1.8093757e-05,0.006311729,0.0035957491,0.012036478,0.036389664,4.787837e-05,7.128374e-05,3.2624249e-07,1.1855469e-06,1.3445638e-05
1.4849861e-06,3.0991578e-05,0.0004646616,0.005210084,0.08855504,0.51828325,0.30536425,0.05870456,0.008919435,0.009266616,0.0016963013,0.0023315472,0.00031157592,0.0003314454,4.2664986e-05,2.9669603e-05,0.00044170264,1.3694452e-05,8.9422855e-07,5.2423076e-08,8.3899195e-08,5.178898e-09,1.1779919e-08
2.7490634e-05,1.4563841e-05,2.3040147e-05,6.277366e-05,6.1656276e-05,0.00012640127,8.031615e-05,0.0015941076,0.008034627,0.03289273,0.040684707,0.24151064,0.3493291,0.0031857868,0.009987437,0.15605229,0.0011410982,0.010635274,0.03745196,0.038668048,9.02816e-06,0.0042249965,0.06420186
0.0018034339,0.11409838,0.51144904,0.25763056,0.085361704,0.020656828,0.0064120535,0.00075689587,0.0009376431,0.00016042008,0.00010795031,0.00022219392,1.9131217e-05,3.7623082e-05,0.00015173039,1.0610336e-05,0.00014053713,3.9692686e-06,3.4829427e-05,2.4669407e-06,1.4113392e-07,6.441699e-07,1.1987714e-06
7.251892e-08,1.9274665e-08,1.13396666e-07,2.7695473e-06,0.0001171827,0.00021864662,0.021099783,0.078150004,0.09875813,0.19887574,0.028557153,0.0029857361,0.00149288,0.000103922925,1.102775e-05,0.5688471,0.000774626,3.1586478e-06,1.4232635e-06,2.4541495e-07,3.555324e-08,2.9344055e-10,2.695587e-07
2.9576571e-05,8.011895e-06,5.1818875e-05,0.00011130632,0.0077921394,0.008704803,0.033391595,0.19402157,0.139776,0.2895548,0.21535799,0.04633045,0.02438575,0.00051984144,0.017798577,0.00021554301,0.006957749,0.014487871,0.000310311,0.000117508425,6.6389634e-07,6.301096e-06,6.980244e-05
2.2529234e-06,1.7867912e-07,2.5975146e-06,5.16422e-07,2.6639914e-06,3.983401e-06,1.3939333e-05,0.00029062154,0.0013149035,0.0028668398,0.016841581,0.019459683,0.001937671,0.07896998,0.25628784,0.18523008,0.0156898,0.017546348,0.38628536,0.017096074,6.185928e-05,9.0025154e-05,5.2859828e-06
4.9888975e-05,3.0459372e-05,0.000123379,0.00031625142,0.02446839,0.02716478,0.11815797,0.32684314,0.16484757,0.13497686,0.097371034,0.021383412,0.01981571,0.0015796226,0.0283705,0.00054036325,0.012262998,0.02149091,0.000119348835,6.4403335e-05,1.2434471e-06,2.7182339e-06,1.9021258e-05
1.9468291e-06,2.4687472e-06,1.6308424e-05,4.1354167e-05,0.00050498097,0.0009123963,0.00258313,0.028204834,0.04126663,0.03775085,0.031741746,0.09626437,0.37681997,0.28590438,0.026757047,0.0695443,0.0012068965,0.00038870418,1.1082717e-06,4.6895235e-07,8.6100925e-05,7.504486e-09,4.3806687e-09
6.871573e-06,3.0683535e-05,0.00056843995,0.0008372568,0.009679892,0.08852281,0.08385283,0.17096132,0.17893267,0.0494357,0.106333844,0.025723124,0.13194074,0.12070527,0.0034855339,0.010016016,0.014617748,0.004303748,3.336099e-05,1.317965e-06,4.6923474e-06,6.069083e-06,9.43649e-08
0.020529695,0.2848754,0.5871757,0.08680382,0.01449625,0.0028533242,0.0016288487,0.00039784645,0.00042409907,0.00010124512,0.00014654807,0.00011487902,1.5268972e-05,3.8087175e-05,0.00011538849,2.2970284e-05,0.00014879697,9.756274e-06,7.239472e-05,1.9226245e-05,7.106276e-07,3.5694775e-06,6.1890933e-06
5.5458826e-05,1.5178264e-05,7.998517e-05,0.0001460988,0.008778448,0.010397623,0.023035094,0.19380775,0.13216461,0.329898,0.19361793,0.04202252,0.0110248905,0.00023649065,0.012871254,0.00015306425,0.010372555,0.030594533,0.00036387282,0.00021537153,9.2116903e-07,4.7954777e-06,0.00014359555
5.365094e-06,3.216615e-06,3.279855e-05,0.00012404415,0.0025661385,0.009257786,0.22984858,0.20887132,0.17180216,0.12950687,0.15544026,0.0038241807,0.0034664883,0.039424073,0.0020490966,0.03318826,0.009526233,0.0009429261,8.568115e-06,3.0344247e-06,0.00010808015,6.0564155e-08,4.8530893e-07
2.0803556e-07,1.2511971e-07,6.0829353e-07,4.1341497e-07,1.6585394e-05,0.00021572257,0.0021335545,0.011407855,0.010016702,0.014629421,0.008453894,0.040408485,0.035285365,0.014238657,0.0036401018,0.112987645,0.71935207,0.02230647,0.0022760564,4.339371e-05,0.0025652049,1.8967397e-05,2.5526574e-06
2.188547e-06,1.1760762e-07,3.775686e-06,9.974739e-08,7.673571e-06,5.9781273e-06,0.00036175037,0.0013030325,0.0033413603,0.00081178173,0.017364051,0.007433847,0.0046272087,0.13728683,0.026268328,0.055702005,0.07317717,0.0014564914,0.66239303,0.0015046628,2.2181143e-07,0.0069474657,8.8906427e-07
7.417954e-06,5.4171423e-06,0.000287767,8.5290565e-05,0.0013590255,0.01043573,0.0107324915,0.027862871,0.038586695,0.07148544,0.09802801,0.08896619,0.04907103,0.04699038,0.20039448,0.00483295,0.0741977,0.27498296,0.0015383514,8.204743e-06,0.00012006903,2.0148345e-05,1.378303e-06
0.0001463063,8.7890716e-05,0.0002173263,5.453835e-05,6.203577e-05,0.00027124435,0.0002458067,0.010570015,0.017125132,0.08217397,0.05815908,0.06761587,0.0815406,0.001923183,0.16993545,0.28067407,0.01492837,0.15721335,0.012153853,0.044592116,1.726658e-05,0.0001251762,0.0001673212
4.667821e-06,4.8976108e-05,0.00057667604,0.0042245565,0.08089458,0.19938459,0.44530663,0.14533877,0.030056564,0.05522889,0.0031569065,0.01879681,0.0023949153,0.00355318,0.00027915568,0.0005963792,0.010072492,5.9255337e-05,1.0663686e-05,1.9014038e-06,1.3213799e-05,5.67349e-08,8.329372e-08
0.0003143031,0.029257296,0.19959508,0.47219875,0.19826679,0.072745554,0.02220874,0.0018008548,0.002314767,0.0003506537,0.00017453909,0.00042409584,3.937399e-05,5.941277e-05,0.00010921303,1.0005282e-05,0.00011884191,1.956067e-06,8.827644e-06,5.788683e-07,6.188047e-08,1.1943688e-07,2.0567288e-07
4.693565e-07,1.1751456e-06,1.1095385e-05,3.683681e-05,0.0028182392,0.0415807,0.08409093,0.21192896,0.11286769,0.10408435,0.022087159,0.13912822,0.15379535,0.018180586,0.0005924258,0.017263956,0.090049885,0.0014254503,1.6147462e-05,3.4594402e-06,3.640133e-05,2.2031132e-07,2.4602315e-07
1.11971e-06,9.657435e-06,0.00013842399,0.0010325237,0.037095815,0.2278908,0.27039343,0.21790998,0.050044242,0.09190497,0.005543876,0.057324708,0.010701816,0.007122034,0.00023668885,0.0010514103,0.021420104,0.00014890988,6.6560497e-06,1.2311924e-06,2.1474785e-05,3.531146e-08,4.915104e-08
1.3026578e-06,5.2097937e-07,2.0155862e-06,1.9082204e-06,1.5518064e-05,7.373492e-05,0.00041081783,0.0062907087,0.014592619,0.025367554,0.018468674,0.10060647,0.07833073,0.09304183,0.108303405,0.55114996,0.0017867811,0.0012740137,1.5950827e-05,4.841535e-06,0.00026048996,3.711075e-08,8.5323755e-08
1.01053265e-05,3.7011087e-05,0.0007664306,0.0020099143,0.105735935,0.18849328,0.40503505,0.2070798,0.038406495,0.023982631,0.02045726,0.00045390826,0.0006837059,0.0036588307,0.0015371534,0.00016072391,0.0012847953,0.00020578224,8.5964683e-07,1.3981865e-07,1.783474e-07,1.7083732e-08,3.4848217e-08
3.622179e-05,3.9341638e-05,0.000683354,0.00045287388,0.01269947,0.033636335,0.12309934,0.24839467,0.10265719,0.103907086,0.057260066,0.0060163005,0.00491413,0.025278073,0.25748178,0.0069808597,0.00676219,0.009663784,3.0003044e-05,3.7460206e-06,1.5945251e-06,9.870124e-07,6.381023e-07
4.9429604e-05,6.369443e-05,0.001261468,0.0008223773,0.020787112,0.057486918,0.24881622,0.28793457,0.10774433,0.08558063,0.025532637,0.0034933442,0.0010124331,0.0049911924,0.14140898,0.0024655806,0.0037394962,0.006759128,4.4742716e-05,3.406176e-06,3.6942131e-07,1.1005231e-06,8.277988e-07
8.4604983e-07,1.0210858e-06,2.1240996e-05,1.9674953e-05,0.00047612467,0.006103342,0.080094285,0.07080642,0.08580881,0.04204504,0.21024701,0.014244725,0.07466709,0.3043695,0.01482292,0.027567573,0.005714463,0.06212399,0.0007562326,1.8321566e-06,4.6979894e-06,0.0001029434,1.9911052e-07
3.582543e-05,2.5688723e-06,0.00010505567,6.283105e-05,0.0005271969,0.0035556636,0.009691882,0.2233438,0.15531072,0.3976519,0.1701988,0.005245092,0.0042829383,0.00022985777,0.02789342,3.1041604e-05,0.0006653198,0.0011341046,1.9994697e-05,8.074028e-06,1.1076612e-08,3.508213e-06,3.5800838e-07
1.1274509e-06,2.0061146e-08,2.1027408e-06,9.2529866e-08,2.2088084e-06,2.0342654e-06,2.089935e-05,0.0004398152,0.0020923682,0.0013478671,0.0099350335,0.029471673,0.00035255146,0.14359905,0.04589106,0.09025978,0.020348713,0.0009517719,0.6530478,0.002159998,4.4617113e-06,6.926431e-05,2.598276e-07
4.57103e-06,7.7273825e-07,6.9081675e-06,1.9775183e-05,0.00012848504,5.823696e-05,0.0011037114,0.011389814,0.008578699,0.17947957,0.024514038,0.30078283,0.0055588507,0.027521608,0.042981993,0.04370936,0.025537338,0.00010983558,0.2463673,0.06272982,0.019402547,1.6373587e-06,1.2392651e-05
7.869272e-07,2.3035523e-06,1.9518446e-05,0.00041943908,0.010738648,0.09720986,0.5358733,0.23638044,0.037226323,0.06111329,0.0151927145,0.0017397573,0.00046844137,0.0001581574,3.8658723e-05,0.002455603,0.0009408837,2.0829932e-05,8.3017693e-07,9.9669066e-08,5.625908e-08,1.4719923e-09,3.9663693e-08
1.9323721e-05,6.9041744e-06,4.8102593e-05,1.8794786e-05,0.00045914282,0.012922268,0.030958598,0.119774856,0.23570071,0.31051564,0.08882565,0.048676897,0.0031169066,0.0008243742,0.019044561,0.05577014,0.06853907,0.0047324663,2.945038e-05,9.848831e-06,2.881422e-06,2.8564028e-07,3.1276586e-06
6.2517436e-05,2.3208391e-05,6.946868e-05,2.6222046e-05,7.307439e-05,0.0020786915,0.00094504753,0.029304557,0.063540176,0.21966903,0.19734167,0.22319956,0.019991973,0.00089847355,0.040324003,0.06577914,0.017344046,0.11159886,0.0012365417,0.0060678814,2.1430771e-05,4.7148173e-05,0.0003573339
4.6013844e-05,2.100218e-05,0.00017104259,0.00024338155,0.0030426611,0.007843524,0.48016515,0.12582521,0.07688118,0.12099869,0.07211771,0.025380332,0.013300788,0.0020794272,0.04412957,0.01323614,0.001921922,0.00094755116,0.011574259,3.0231287e-05,4.0395292e-07,2.7901357e-05,1.5854079e-05
1.25289225e-05,5.4268626e-06,3.773296e-05,1.043823e-05,0.00046546353,0.02299842,0.025028823,0.12493922,0.17269267,0.27902418,0.07137698,0.058581542,0.003084067,9.2101465e-05,0.0069066244,0.005929905,0.2268337,0.0019693007,5.399255e-06,4.215729e-06,4.4867107e-07,5.47548e-08,7.395819e-07
8.830285e-06,9.923796e-07,6.2080603e-06,9.636088e-06,0.000101817415,0.001300211,0.0016683276,0.029641613,0.08437493,0.27670658,0.11575502,0.1952744,0.01984119,0.014540505,0.004296105,0.23472738,0.02100898,0.00032782325,0.00021595704,0.00015036107,3.7107404e-06,7.418887e-08,3.935633e-05
0.0012111617,0.07836873,0.42601213,0.32008123,0.127335,0.033527434,0.009788172,0.0010325949,0.0013936631,0.00024011347,0.0001353719,0.00035085538,2.8982786e-05,5.2614094e-05,0.00020572181,1.21955945e-05,0.00018092981,4.1993308e-06,3.507938e-05,2.0501943e-06,1.4504812e-07,5.71065e-07,9.991887e-07
3.2508837e-07,3.8900114e-07,2.8560548e-06,3.4384557e-06,0.00014038662,0.0027716372,0.017840538,0.050269544,0.028316086,0.038264,0.041533228,0.040253315,0.13864814,0.094777316,0.0025309387,0.07089367,0.39075956,0.082294494,0.0002116694,7.748694e-06,0.00046727023,1.2913585e-05,5.243266e-07
2.6365791e-05,0.0016515411,0.023135513,0.11823927,0.33866057,0.38751993,0.10651565,0.01168422,0.0071726614,0.0021127672,0.0006184627,0.0018418,0.00016816457,0.00027649236,0.00012157967,1.401348e-05,0.00023268585,4.6784558e-06,3.319601e-06,2.0145721e-07,6.986871e-08,3.2545188e-08,4.576822e-08
9.938139e-06,0.0004701459,0.006339103,0.046529867,0.26395896,0.49016148,0.16400756,0.01757849,0.005385984,0.0029209566,0.0006921775,0.0013338883,0.00010168263,0.00021768567,6.9918446e-05,1.2294889e-05,0.00020261829,5.1090947e-06,1.9762135e-06,1.2843147e-07,5.6042204e-08,1.4564292e-08,2.691074e-08
4.662458e-05,1.5059434e-05,7.443427e-05,2.1977145e-05,5.3617907e-05,0.001007947,0.0006248928,0.042567566,0.07347088,0.25129396,0.19279322,0.18353581,0.012543769,3.7396505e-05,0.016194124,0.0020816098,0.012741438,0.21042961,4.7982037e-05,0.00040215577,9.33988e-07,6.6945377e-06,8.245172e-06
3.5523566e-08,7.2969994e-09,4.4331728e-08,1.0918279e-06,5.478633e-05,0.00010903193,0.0131437555,0.06287098,0.089831546,0.17963551,0.035103418,0.002668675,0.002582371,7.365876e-05,8.207787e-06,0.6132889,0.0006223861,3.4545412e-06,1.6646894e-06,1.7373597e-07,2.1632774e-08,2.8580788e-10,3.2106968e-07
3.4107994e-05,9.256243e-06,0.00021397218,4.2185406e-05,0.00042407747,0.010237714,0.009053265,0.17141278,0.26809615,0.3784268,0.057831176,0.027309956,0.001309682,4.9276154e-05,0.04947305,0.0006972349,0.011559857,0.013799854,1.1622657e-05,6.9938246e-06,4.0552383e-08,6.8312494e-07,2.875892e-07
1.8446448e-05,1.1414677e-05,0.00020001062,5.9821632e-05,0.0027059498,0.046746586,0.113778606,0.41372243,0.2440149,0.13646944,0.018510554,0.0029212723,0.00035712612,6.2000094e-05,0.008523062,0.00087619835,0.010227124,0.0007933582,1.2978913e-06,3.835374e-07,1.23775505e-08,1.9120186e-08,4.0915843e-08
3.4594743e-07,1.7728951e-07,2.6311382e-06,2.761683e-06,0.0008792201,0.085468106,0.104381,0.36046407,0.1658197,0.2035987,0.04347848,0.0032093206,9.887473e-05,1.0432072e-06,6.824168e-05,0.00013041074,0.03237618,2.0696036e-05,9.791328e-09,8.229759e-09,9.835716e-11,1.6272862e-11,1.0568947e-09
8.7897286e-05,3.321535e-05,0.0003986437,8.10355e-05,0.0009840111,0.001479969,0.063273974,0.02656442,0.029175188,0.02063659,0.036918752,0.03952887,0.01232926,0.07842223,0.2392297,0.013171946,0.0034346546,0.010145219,0.42200705,0.00035856027,4.3204036e-06,0.00170257,3.1844127e-05
2.088275e-05,1.2755439e-05,0.00011959611,3.581659e-05,0.0010407311,0.010185096,0.02621731,0.16530515,0.12805206,0.16460992,0.06469706,0.035381146,0.016948551,0.008525185,0.273741,0.06462347,0.035121076,0.005344098,1.1134195e-05,4.5233237e-06,2.999101e-06,1.8239513e-07,2.2386725e-07
1.1396316e-06,2.7157597e-07,2.2082395e-06,8.351785e-07,2.1707779e-06,1.8130568e-05,0.00013986035,0.004252383,0.014219971,0.012363049,0.02213961,0.014796621,0.0028048686,0.049059004,0.022099407,0.12943237,0.0005428123,0.7278655,0.00020836807,1.0457734e-05,1.5325631e-05,2.4900666e-05,8.071532e-07
0.00048506627,2.7886654e-05,0.00010597121,8.367763e-05,0.00012602551,0.00017813526,0.00012146264,0.007947172,0.0133247115,0.107495256,0.1339113,0.05265492,0.0885287,0.009973621,0.052264802,0.0036850497,0.0064685433,0.24185179,0.14855377,0.107620746,2.9442384e-05,4.3274857e-05,0.024518771
1.4488873e-07,1.2723035e-07,4.8211706e-07,3.1941772e-06,5.697319e-05,0.00022235424,0.0010197784,0.018289344,0.03422763,0.027098617,0.010417122,0.14777976,0.15488543,0.08393547,0.0056658764,0.51619494,0.00018983141,8.026056e-06,6.728627e-08,1.2039222e-07,4.701171e-06,5.337862e-11,9.5443244e-11
3.6475456e-05,0.0012995334,0.025893006,0.08287501,0.33724576,0.3715534,0.11909011,0.022614606,0.019432928,0.0066038435,0.0014268907,0.0076584634,0.0010161115,0.0012221523,0.0004909891,5.295867e-05,0.0014533737,2.1354448e-05,1.1524277e-05,6.959221e-07,5.348236e-07,1.4570053e-07,1.3284706e-07
1.4470933e-05,4.937155e-06,2.694525e-05,1.23962045e-05,0.00018827285,0.0075181583,0.0024653736,0.058303826,0.18647906,0.4249875,0.11958298,0.15572321,0.0017471208,6.418193e-06,0.0024455069,0.0003909042,0.02042416,0.01957278,1.7678223e-05,7.674691e-05,1.4735842e-07,7.852369e-07,1.0660179e-05
3.1659445e-05,7.935476e-05,0.0042373263,0.0022324864,0.08918093,0.14015712,0.2619709,0.091569714,0.039341617,0.045533363,0.011834589,0.10193001,0.031008206,0.06687625,0.076810926,0.0008208504,0.031133052,0.0027198948,0.002488645,1.0021317e-05,1.611243e-05,1.4144484e-05,2.7627752e-06
4.774432e-05,0.00022720874,0.012295505,0.0044795237,0.122206695,0.20162684,0.0884784,0.057078015,0.048015803,0.0393615,0.00983098,0.20443134,0.04219047,0.054996587,0.06911093,0.00090805,0.04097096,0.002419229,0.0012759959,1.1465611e-05,1.6628774e-05,1.7378707e-05,2.772755e-06
0.00010082843,3.7085152e-05,6.3703104e-05,3.025835e-05,6.391189e-05,0.0005568668,0.0001247135,0.0026614238,0.0053194882,0.065149605,0.16964604,0.032301057,0.06414437,0.0020063776,0.13361353,0.2184907,0.026889395,0.021249948,0.098232806,0.15706076,3.85476e-05,5.2460495e-05,0.0021660738
8.660327e-06,1.2970176e-05,8.935767e-05,0.00021528803,0.015657311,0.027489163,0.23270999,0.3942396,0.10272871,0.06501236,0.04752837,0.00681788,0.026322633,0.028027702,0.005797539,0.0022000475,0.0144116925,0.030664776,4.3173888e-05,1.0824283e-05,6.277605e-06,3.303434e-06,2.3990926e-06
0.0016271059,0.093515165,0.51231545,0.25308317,0.10407164,0.024881374,0.0071389894,0.0008845463,0.0012037788,0.00020782846,0.00012992215,0.00033921015,2.7258759e-05,4.9620754e-05,0.00023672331,1.228509e-05,0.00021783527,5.342319e-06,4.7453963e-05,2.8430889e-06,1.8699807e-07,8.4793805e-07,1.3850823e-06
2.5981191e-05,6.753304e-05,0.00096388743,0.0027246329,0.06760613,0.117343426,0.47949517,0.20459576,0.051029786,0.034535,0.029125048,0.00058433047,0.0006436321,0.006173079,0.0012648946,0.0006061829,0.002709469,0.00049864245,4.0358727e-06,8.2569704e-07,2.2203856e-06,8.808576e-08,2.9512762e-07
1.4434303e-06,8.150172e-07,3.9099414e-06,2.5489408e-05,0.00052538153,0.0020826343,0.020486629,0.084789656,0.066464774,0.21134715,0.016352486,0.37767926,0.038347244,0.016562577,0.0012757267,0.05268983,0.106721446,0.0012322417,0.0011691367,0.0006114163,0.0016221256,1.245268e-06,7.3272886e-06
2.1632604e-06,0.00028714398,0.0014244071,0.031572357,0.32065105,0.46078867,0.16190158,0.014636126,0.0042953338,0.0030337935,0.0003475909,0.00087129534,6.60422e-05,7.4466334e-05,6.9055463e-06,1.3783166e-05,2.7028369e-05,2.008095e-07,9.970271e-08,1.7026585e-08,8.881763e-09,1.8932621e-10,5.758871e-10
5.123156e-06,7.845226e-05,0.0007120046,0.0069022393,0.079860695,0.3755586,0.42593437,0.07663719,0.012993033,0.014705287,0.0024762994,0.0024500475,0.0002495809,0.00046275737,8.298396e-05,0.00017101348,0.0006996944,1.7661989e-05,2.4919786e-06,2.2812561e-07,2.2851101e-07,1.3476836e-08,5.0311463e-08
2.3014454e-07,7.8952285e-09,1.7348398e-07,5.1469215e-08,6.219742e-07,2.4453902e-08,1.0400429e-07,3.2045739e-06,1.0687712e-05,0.00014976626,0.0013546316,0.000108369284,5.8267095e-05,0.0015609724,0.08256579,0.0013949551,0.0017476546,6.180979e-06,0.69839346,0.21264105,1.7192957e-06,1.0765425e-07,1.8861998e-06
7.0809426e-07,4.4183736e-08,1.6568681e-06,3.5245853e-07,2.0961081e-06,6.2961344e-06,2.4794514e-05,0.0011509958,0.0041910117,0.004893366,0.023018014,0.45237035,0.00512286,0.2198328,0.04922671,0.07152888,0.0042696693,0.13896637,0.024555316,3.2225307e-05,0.0007751505,3.0128209e-05,2.0238157e-07
6.9559286e-07,3.569788e-08,5.715213e-07,2.4215447e-06,8.662049e-06,1.4273081e-05,0.0006057579,0.0076228697,0.015155209,0.50643605,0.066435575,0.16946593,0.0039129714,0.048149496,0.008307483,0.074456036,0.0008871672,2.8839827e-06,0.018188853,0.003169531,0.07717549,4.831259e-08,1.9930712e-06
4.3510703e-05,0.0029377164,0.035888866,0.16019726,0.369832,0.30528957,0.09091271,0.0130358385,0.012165573,0.0031784212,0.00078999845,0.0040317997,0.0004902626,0.00052499474,0.00017759639,3.5699126e-05,0.0004566948,5.781499e-06,4.896112e-06,4.176529e-07,1.997462e-07,5.584421e-08,6.4589486e-08
1.3980613e-06,4.569255e-07,4.9261484e-06,7.3548226e-06,0.00066229113,0.016209401,0.08418779,0.23246501,0.2206408,0.28159416,0.09663672,0.014608527,0.00077756087,0.0001276465,0.000526735,0.012667358,0.03873316,0.00014683638,8.382118e-07,6.00553e-07,1.5991115e-07,2.334301e-09,2.0299974e-07
3.7310536e-05,2.5810461e-05,9.793954e-05,3.1652962e-05,4.8278493e-05,0.0003016632,0.0012139545,0.050081853,0.33011708,0.17558102,0.039814003,0.042045712,0.0049680513,0.0003995973,0.024652867,0.0139994845,0.0012857572,0.31200266,0.0005044455,0.0026430364,7.366422e-07,0.00012848544,1.8608456e-05
1.5844561e-06,1.8488367e-07,6.973861e-06,1.5414331e-06,1.046966e-06,8.0867285e-06,0.0012862358,0.010445033,0.46182352,0.010335304,0.011353944,0.03434393,0.0005903172,0.06006218,0.010535888,0.0015274588,2.367404e-05,0.07898502,0.15359725,0.00069428555,5.757255e-11,0.16437645,7.677106e-09
1.3346464e-07,5.1919606e-09,2.8255647e-07,8.358123e-08,4.204823e-07,2.2540948e-07,1.6957886e-06,6.1872655e-05,4.9422462e-05,0.0021522527,0.0023371181,0.021328568,0.00022188746,0.011042919,0.05429606,0.0018361307,0.00020280975,4.9896307e-06,0.8856217,0.0004858634,0.020355443,4.2101014e-08,1.1646723e-07
4.3739037e-06,1.1106034e-06,8.729286e-06,1.0229169e-05,9.502513e-05,0.00081140787,0.021606203,0.051909197,0.29567486,0.09942303,0.109141916,0.01029082,0.002958105,0.04607777,0.13093652,0.08207271,0.0016933769,0.14650391,0.0007333458,2.125484e-05,4.792089e-06,1.7959805e-05,3.3489955e-06
5.5499117e-06,3.8239814e-06,3.3325934e-05,1.2971174e-05,0.0007498225,0.025351152,0.037379883,0.15127756,0.317342,0.39373413,0.049873624,0.016080288,0.00020300181,3.8644754e-07,0.00040139625,0.00012924778,0.0064360616,0.000984685,6.769867e-07,2.812927e-07,1.1458707e-09,2.8421816e-09,1.7266889e-07
3.7885636e-07,8.694965e-07,9.789675e-06,4.8122176e-05,0.0035066872,0.0168101,0.2243399,0.43229765,0.07102896,0.10540227,0.010898837,0.022645393,0.029432705,0.008355358,0.0002917704,0.007997433,0.066520974,0.00031586608,1.5304831e-05,2.6862185e-06,7.875822e-05,5.841574e-08,9.079156e-08
1.4893135e-06,7.5282793e-07,6.3019565e-06,8.17652e-06,0.0013517648,0.038361274,0.081774645,0.24860463,0.12710063,0.4284575,0.0617672,0.003943965,9.0235255e-05,4.965119e-07,3.443074e-05,0.00020390756,0.008215093,7.728498e-05,1.0643658e-07,3.7127684e-08,3.0105735e-10,1.5812947e-10,4.9937324e-08
3.0640335e-06,1.6729136e-06,1.4893092e-05,1.66831e-05,0.00011407659,0.00075072155,0.0049227164,0.019109443,0.052823924,0.051317535,0.121446125,0.026684904,0.0116544925,0.13004327,0.10401811,0.091249794,0.005049941,0.38001338,0.00043585157,1.083939e-05,0.00030794527,8.422787e-06,2.2122717e-06
5.196795e-07,1.0467243e-06,1.6302116e-05,4.6608653e-05,0.0047981096,0.021635942,0.14753531,0.31889427,0.060014404,0.104284935,0.011928086,0.047513835,0.07619486,0.019310573,0.000890517,0.006255335,0.17944668,0.0010018733,4.8484515e-05,4.7556737e-06,0.00017713095,2.3770545e-07,1.7795662e-07
2.2559943e-05,0.0007069946,0.017338973,0.06162916,0.32383937,0.38784787,0.14607696,0.02664174,0.017783588,0.007057205,0.0014220369,0.00575283,0.0007431333,0.0010583086,0.00042127314,3.6439207e-05,0.001587697,2.3068918e-05,9.646427e-06,4.931446e-07,4.593134e-07,9.9061424e-08,1.0006581e-07
8.5823296e-05,6.651213e-06,1.9533236e-05,2.3859808e-05,4.8504273e-05,5.110789e-05,2.022823e-05,0.0007978937,0.0022484546,0.022618892,0.037865147,0.009099731,0.021280374,0.01787056,0.0077605527,0.0028711052,0.0017906458,0.04011265,0.37013456,0.18766947,1.11360505e-05,3.8461774e-05,0.2775747
8.516933e-07,5.2077667e-07,8.767522e-06,9.645402e-07,1.6474527e-05,0.00023122785,0.0006377143,0.002918764,0.0053202724,0.0038086926,0.04872168,0.12757228,0.12153376,0.17000964,0.018298639,0.06722755,0.040685024,0.38224182,0.00688135,8.298596e-06,9.7330685e-06,0.0038657533,2.6706746e-07
1.9572679e-05,0.00017233325,0.00938447,0.012377761,0.21651104,0.38932872,0.1465009,0.06999682,0.039761193,0.028880062,0.004723537,0.03829035,0.008888292,0.007811099,0.0058630393,0.00021286891,0.020868827,0.00030840613,9.288293e-05,1.9692384e-06,4.5087063e-06,8.860863e-07,4.660814e-07
9.445734e-05,7.037243e-05,0.00016209425,0.0004056727,0.014820874,0.02295719,0.08959204,0.23299015,0.13233323,0.1182702,0.06901921,0.07857778,0.10087624,0.01618498,0.0425976,0.011612908,0.027873218,0.0405401,0.0005381599,0.00036017987,4.1423664e-05,1.2320799e-05,6.958262e-05
5.692195e-06,2.0293553e-06,1.7090199e-05,9.903847e-06,0.0003759424,0.010475019,0.016052378,0.133472,0.3000342,0.39475212,0.09498278,0.03823334,0.0005256062,4.4180947e-06,0.0014759729,0.0007531371,0.006892975,0.0019197534,8.561883e-06,4.7576946e-06,1.5721579e-08,5.758425e-08,2.2693264e-06
5.289168e-06,1.8483338e-06,2.7537033e-05,1.1575876e-05,0.0008059102,0.03296577,0.051928036,0.22546694,0.2867941,0.2853465,0.057368804,0.012587532,0.0006046757,4.941299e-05,0.0050634933,0.0018778028,0.038078852,0.00101085,3.4974305e-06,1.1946802e-06,5.1417768e-08,2.0839522e-08,2.973967e-07
1.2354475e-05,3.9385536e-06,2.0213867e-05,8.447108e-07,1.8665369e-06,3.4942252e-07,1.8820097e-05,0.00096965756,0.012427152,0.002241464,0.0034168812,0.010849698,0.0025755288,0.006215788,0.0144604305,0.0018795428,0.009141524,0.5279154,0.0029050983,0.17273828,8.5409385e-10,0.23220515,2.8792634e-08
3.574273e-06,2.2456645e-05,0.0005119141,0.0015066502,0.02009489,0.20596062,0.12935722,0.20749386,0.17294192,0.04697119,0.09107207,0.01565811,0.049779814,0.03712323,0.0008007653,0.002986548,0.016427642,0.0012737786,1.0382327e-05,4.6064466e-07,2.070468e-06,8.555534e-07,2.8764823e-08
0.00014607639,0.001055098,0.04803614,0.03162219,0.18844306,0.27140388,0.12563507,0.10213937,0.13691989,0.028638665,0.027000077,0.00618056,0.0074211177,0.005645781,0.007108446,0.00019241536,0.011475276,0.00090472656,2.682831e-05,1.5375753e-06,1.7390307e-06,1.5677023e-06,4.6877298e-07
3.0041865e-06,6.2297516e-07,3.4006396e-06,3.5492312e-06,5.2004783e-05,0.001102845,0.0026019784,0.07118,0.2881666,0.28933322,0.22858399,0.097102016,0.0014923533,4.783199e-05,0.0020721771,0.01394465,0.0012935784,0.002694861,0.000110254194,0.00015507633,1.164654e-07,1.1046179e-06,5.4731598e-05
9.2791595e-07,1.8505484e-06,1.3928666e-05,7.0958435e-05,0.0036001953,0.041529115,0.1340273,0.26997074,0.054964285,0.074766934,0.030750662,0.03533089,0.05558054,0.01850565,0.00032245961,0.009544191,0.25904813,0.01175184,3.0044144e-05,7.933424e-06,0.00018038266,6.845561e-07,3.491572e-07
0.00010960857,0.00032746003,0.0064244117,0.0058629503,0.06492862,0.09896897,0.13978305,0.15149216,0.18312725,0.08138553,0.075826615,0.020312121,0.045309067,0.056743067,0.02365416,0.0024846515,0.035593018,0.007542884,5.86785e-05,7.792257e-06,5.2572133e-05,3.7581772e-06,1.5913337e-06
1.2981704e-06,3.2552649e-07,2.6530097e-06,5.56086e-06,0.0004949001,0.007664476,0.03729013,0.17071165,0.14216882,0.4262556,0.17472245,0.017895103,0.0004997925,2.2537492e-05,0.00016400291,0.00735537,0.014623419,0.00011633285,2.6741773e-06,1.3084732e-06,6.0131065e-08,4.3320427e-09,1.5367848e-06
8.977864e-09,1.4793409e-09,4.3262865e-08,5.9349796e-09,2.3667331e-08,1.4052625e-07,1.776659e-05,4.9338134e-05,0.0007844607,4.808627e-05,0.0012253062,0.0050737183,0.00028935145,0.0115753,0.000358578,0.0003535359,2.3902636e-05,0.011417108,0.007265507,3.6981905e-06,3.3805348e-12,0.9615141,1.2638993e-10
7.071537e-05,0.004903763,0.06459051,0.24441004,0.3454365,0.24619341,0.07066545,0.008680823,0.0090510845,0.0018047154,0.00060980435,0.0023578738,0.00029190254,0.00033903812,0.00021136709,2.2655226e-05,0.00034779782,5.424586e-06,6.466013e-06,4.1325632e-07,1.2887328e-07,8.367738e-08,9.715998e-08
1.4371321e-06,2.3205331e-07,1.8720887e-06,1.8663592e-06,4.046879e-06,2.9358664e-05,0.00027646683,0.0044426713,0.015180538,0.032821216,0.04847873,0.05975159,0.0037873788,0.13276426,0.038318474,0.6397728,0.0008551019,0.0025222863,0.0030991386,3.7747996e-05,0.017849438,1.1677652e-06,2.1123908e-06
2.7554263e-06,2.2292523e-05,0.00015741265,0.0015593725,0.025994686,0.13911055,0.5121639,0.1959678,0.04209237,0.057864375,0.006638463,0.008908051,0.00120903,0.0018776977,0.00012494321,0.0022706173,0.003982937,4.3925327e-05,4.564557e-06,1.1076249e-06,3.0878005e-06,2.4649522e-08,1.00185275e-07
2.8234962e-07,4.9176333e-07,9.118588e-06,3.8526836e-05,0.0036705302,0.012407037,0.14541978,0.35250655,0.044141706,0.14142157,0.008259712,0.03722683,0.056192722,0.010960529,0.00058975123,0.0048070103,0.18143326,0.00038373427,3.6476402e-05,4.127061e-06,0.00049013615,6.497046e-08,6.793732e-08
1.14042095e-05,1.0338554e-05,0.00016399736,0.00012135049,0.0023684357,0.0053148824,0.06953985,0.28438663,0.14235057,0.05516572,0.08503081,0.004497719,0.09439409,0.15020889,0.09536412,0.0064088036,0.0011526102,0.0034884738,1.5240158e-05,1.6541749e-06,3.9643785e-07,3.9094e-06,1.1189574e-07
3.6379868e-06,2.8178724e-06,1.965704e-05,1.25945735e-05,0.0005215417,0.004171598,0.0101115145,0.032137215,0.05603011,0.055263203,0.019804848,0.21889937,0.3756397,0.06343962,0.022944668,0.06832101,0.06579669,0.0067158607,7.177708e-05,1.883895e-05,6.962807e-05,2.7130245e-06,1.3105649e-06
3.1719976e-06,5.195661e-05,0.00013553657,0.0036422233,0.07112393,0.298592,0.41756472,0.111082196,0.033999134,0.05222415,0.004098465,0.004060405,0.00021152582,0.00041474943,3.9051476e-05,0.0025223629,0.00023208781,1.652458e-06,3.4505325e-07,1.7929935e-07,1.1986941e-07,5.147497e-10,5.0204467e-09
5.5574296e-06,1.5860771e-06,1.2692315e-05,7.336745e-06,0.00040589678,0.01180327,0.018790465,0.13438764,0.23733172,0.38472682,0.13490996,0.04769755,0.0008729768,1.79967e-05,0.0014500764,0.002980525,0.023332817,0.0012423213,1.1533232e-05,6.4061105e-06,8.858678e-08,6.6534724e-08,4.7203002e-06
1.8109919e-05,0.00025589482,0.006972015,0.013608579,0.19079036,0.44530624,0.13688123,0.06012282,0.04158314,0.026827654,0.0042659272,0.045836747,0.00890254,0.008578069,0.0018874073,0.00029122585,0.0076608653,0.00017617644,2.9370025e-05,1.4708852e-06,3.4439468e-06,4.766502e-07,2.6229654e-07
0.0009896178,0.00023256293,0.0008323143,0.0012890251,0.0011716414,0.0027888638,0.0038180663,0.0702297,0.087633744,0.35566375,0.21656232,0.06361292,0.1170987,0.0032674097,0.016586965,0.004810031,0.0007869379,0.029461863,0.008278982,0.009861813,3.771339e-05,0.0028149607,0.0021701222
1.4862577e-05,4.293081e-05,0.002377907,0.001197391,0.06416553,0.14237294,0.124437496,0.093356475,0.043599263,0.063743636,0.013747318,0.17197376,0.070551395,0.078766905,0.048645318,0.0012271998,0.07484763,0.0037487978,0.0011377188,8.122342e-06,2.6455718e-05,9.2569335e-06,1.6748471e-06
3.4619286e-06,1.7211725e-06,9.653619e-06,7.699784e-05,0.00177992,0.004691585,0.26761475,0.18411838,0.07938098,0.20156534,0.043378193,0.003248398,0.0011744656,0.0003105903,0.00023492739,0.20937203,0.0029729952,5.2006613e-05,1.0796394e-05,1.2184727e-06,2.9367712e-07,1.3375299e-08,1.2840679e-06
0.00014661517,0.0010119622,0.030085446,0.029997207,0.25146756,0.22395001,0.22603329,0.12832853,0.06519018,0.017792646,0.011645775,0.0011691952,0.0008696961,0.003442744,0.0067783566,7.351548e-05,0.0013835393,0.00061587413,1.576033e-05,7.4197004e-07,2.3769174e-07,7.684097e-07,3.1303398e-07
1.3683829e-05,2.3327875e-06,7.651667e-06,5.0883136e-06,2.6600563e-05,0.00022840034,0.00015457057,0.0028705033,0.013169379,0.04133516,0.2612615,0.023691637,0.0057764733,0.015881844,0.07069936,0.20215297,0.010112848,0.0018835787,0.20959878,0.13712409,7.8577556e-05,0.00013313495,0.0037918333
4.388502e-05,1.4578655e-05,5.6075492e-05,4.2911e-05,0.0011364701,0.0030575867,0.020784575,0.07392029,0.089007765,0.0950094,0.07367855,0.11605363,0.2004248,0.034981865,0.12696286,0.03712031,0.06569709,0.059991952,0.0010449265,0.0006206135,0.00011277131,0.00010798942,0.00012904745
2.3978705e-06,3.191269e-07,1.9052259e-06,3.0063272e-06,3.0295727e-05,0.00037368812,0.0062955716,0.033810828,0.160648,0.18205985,0.098949164,0.0476866,0.002098532,0.012032504,0.0047767553,0.44631028,0.004163695,0.00026826747,0.00014865336,3.721782e-05,0.0002938647,1.7852092e-07,8.368912e-06
3.1567774e-07,2.089016e-08,1.272196e-06,2.918668e-07,2.3192626e-06,1.051377e-05,2.3639475e-05,0.0010257778,0.0027708577,0.0063411896,0.023156699,0.6696437,0.010017095,0.10515369,0.051320143,0.02433261,0.006260165,0.07838576,0.020046413,9.764629e-06,0.0014825745,1.5007834e-05,9.639111e-08
0.00054075144,0.0044813287,0.07822831,0.06430227,0.23562786,0.19857052,0.13479497,0.101546966,0.11008178,0.022775887,0.019637743,0.0036499177,0.0045584645,0.006198068,0.005568292,0.00035474,0.007887707,0.001140012,3.8846796e-05,5.5114447e-06,4.4187573e-06,3.708532e-06,1.9083934e-06
1.2844047e-06,2.0668647e-06,1.4552789e-05,0.0002353625,0.006304857,0.036694415,0.492602,0.26476794,0.062575586,0.09292188,0.02418875,0.0028330937,0.0010187854,0.00032841836,7.2981406e-05,0.013297875,0.0021020628,3.502197e-05,2.336238e-06,3.5968998e-07,1.8632838e-07,4.497321e-09,1.2815165e-07
4.1007937e-08,2.4158635e-09,1.2156276e-07,1.9302904e-09,1.2234522e-06,2.4886276e-07,1.9602703e-06,3.305664e-05,1.5690563e-05,5.2364067e-05,0.0002792541,0.0036902218,0.00025147828,0.0009437437,0.1185264,0.0025820886,0.48162174,0.0011779056,0.38990048,0.000866141,8.2774227e-07,5.4909055e-05,6.609978e-08
4.4544136e-05,3.186111e-05,0.0001537832,0.0005943672,0.033048417,0.020626478,0.20667528,0.36797544,0.12380464,0.13454804,0.09476446,0.0030578747,0.0031174424,0.0004319415,0.004743884,0.00017300487,0.0012687265,0.0047818474,0.00013618954,1.0269264e-05,1.5511152e-07,1.6506885e-06,9.677157e-06
7.889101e-10,1.0231273e-11,9.33002e-10,2.763457e-10,3.8106167e-09,1.1426563e-09,1.383921e-08,1.5911753e-06,1.5223235e-06,0.00019000772,0.00025237148,0.002905594,1.6899565e-05,0.0014360007,0.03621977,0.00013901514,3.50279e-05,3.328983e-07,0.95585734,0.0001842428,0.0027602217,1.3048003e-09,1.1514383e-09
1.2376294e-05,3.0363735e-06,1.4064547e-05,5.6097056e-06,6.8711015e-05,0.0011113731,0.004835203,0.025899766,0.07229724,0.12232186,0.049400065,0.123627104,0.013293439,0.013298889,0.050133556,0.49433047,0.026618673,0.0024875253,8.9852925e-05,3.956103e-05,0.00010629713,3.9129412e-07,4.9561504e-06
5.8398214e-06,9.828776e-07,4.2424263e-06,3.5622272e-06,0.00019014515,0.0005677809,0.00946455,0.022940751,0.07320446,0.053866055,0.09712976,0.11921761,0.19978839,0.014657322,0.01311187,0.032039404,0.29763657,0.056618217,0.0075279973,0.0011069787,0.000107376654,0.0005058781,0.0003042556
1.9971896e-08,2.119228e-08,1.2481049e-06,4.1602507e-06,0.003458991,0.12106271,0.36559743,0.34924564,0.03773729,0.10813514,0.014650964,3.9193892e-05,1.3956134e-06,8.601035e-09,3.1738562e-06,2.6243615e-07,6.130907e-05,9.793209e-07,1.0118306e-09,3.0481062e-11,5.458863e-14,1.120022e-13,2.28934e-11
1.8777762e-06,2.0279297e-06,0.00013919134,2.6556798e-05,0.0035340886,0.011689292,0.033451583,0.03585133,0.013983,0.036803875,0.025496138,0.14188716,0.27906823,0.18568172,0.13295871,0.0016238065,0.06589867,0.021282408,0.0105421515,5.53159e-06,3.0167588e-05,4.1717198e-05,8.08355e-07
5.4759672e-05,3.2660784e-05,9.207623e-05,3.1931962e-05,6.965873e-05,0.0010385349,0.00062641467,0.037434503,0.15152313,0.21429536,0.12567925,0.14514396,0.021997131,0.00017809053,0.024161898,0.029698104,0.0044065835,0.23171058,0.0009235313,0.010652732,2.691587e-06,4.4966997e-05,0.00020144565
2.0500373e-05,0.0001485965,0.0021396284,0.0055293823,0.02940669,0.22809486,0.10569071,0.16884345,0.20739168,0.038104728,0.07926098,0.019512592,0.062316053,0.034571562,0.0017295969,0.005116855,0.011066149,0.0010260295,2.267856e-05,1.2841431e-06,3.0533915e-06,2.81016e-06,1.0065805e-07
1.3050065e-05,1.4090514e-05,0.00019181264,0.00017065003,0.0031056067,0.0067948415,0.1122807,0.2559237,0.12623173,0.046216972,0.087664105,0.0037363346,0.050338663,0.23904836,0.04955869,0.009350905,0.0015908827,0.0077130836,4.1678202e-05,3.342969e-06,1.2921349e-06,9.168715e-06,3.3796e-07
1.8309958e-05,2.3580453e-06,4.1725347e-05,3.8727057e-06,1.7397528e-05,3.7491278e-05,0.0001791834,0.0032877417,0.015849192,0.009737663,0.02342229,0.031800523,0.0026748213,0.09141738,0.07938089,0.6059249,0.01663657,0.070861585,0.039986756,0.0082501555,8.638411e-06,0.0004483511,1.2254355e-05
3.4201432e-07,2.6599398e-07,5.8013516e-06,2.0103005e-06,0.00041672713,0.001978008,0.007146597,0.029151829,0.009378556,0.02438469,0.011172,0.058695704,0.3161274,0.09261307,0.00812272,0.005631541,0.42250422,0.011039632,0.0012132234,1.1176524e-05,0.00039794217,5.830676e-06,6.937613e-07
9.61756e-06,0.00039389942,0.0059925513,0.02989953,0.22416405,0.56542367,0.11807663,0.024043456,0.013957449,0.0063109067,0.0012498532,0.0076826615,0.00094728253,0.0010490813,0.00017731753,4.262607e-05,0.0005622444,1.3766525e-05,2.8892964e-06,1.9893885e-07,1.7462399e-07,3.4060143e-08,3.464881e-08
1.2291768e-05,5.4393854e-06,0.000120278026,3.1488868e-05,0.002130738,0.055003945,0.074258946,0.31901646,0.26999903,0.21965551,0.0241209,0.0058153924,0.00023287637,1.4377661e-05,0.009930431,0.00020654184,0.01852159,0.0009217486,1.495222e-06,4.5001784e-07,3.8965444e-09,1.5151674e-08,4.4851205e-08
1.060577e-05,1.8373672e-05,0.00027625493,0.00059255416,0.02625003,0.028197141,0.2411213,0.4650781,0.11414761,0.036273498,0.04239077,0.0013655899,0.010039868,0.012021266,0.01995877,0.00024927116,0.0006644573,0.0013367342,6.382409e-06,8.49816e-07,7.343523e-08,4.4576353e-07,1.1277418e-07
2.0609392e-05,1.3280511e-05,0.00016826761,7.552491e-05,0.0029495126,0.033317134,0.095410086,0.29084757,0.18484266,0.20011607,0.06341152,0.009048252,0.003452596,0.004044794,0.063690834,0.020375865,0.025123177,0.0030808696,7.552141e-06,2.5525464e-06,8.99904e-07,1.2773604e-07,3.2262085e-07
5.725028e-05,0.0029665616,0.054936137,0.1743961,0.3607963,0.2811106,0.08712369,0.013337443,0.013917238,0.0035818745,0.00096844346,0.0042588464,0.0005536606,0.000505533,0.00038270897,3.4928576e-05,0.0010507182,1.0044926e-05,1.0723946e-05,6.233031e-07,2.9800387e-07,1.1484822e-07,1.2558911e-07
4.3119346e-07,4.8187015e-08,3.773714e-06,4.9244403e-07,9.3677794e-05,0.010592439,0.0034840563,0.16548012,0.260652,0.4935212,0.042016923,0.008600971,3.325275e-05,3.4749783e-09,0.00028776677,1.083968e-07,0.014963166,0.0002695476,1.7638839e-09,5.4103326e-09,8.534649e-13,8.21885e-12,8.38457e-11
9.128022e-06,3.822467e-06,5.7340596e-05,3.825226e-05,0.0021804527,0.03392291,0.14912137,0.29077044,0.22823782,0.21902221,0.044900253,0.0049142297,0.00046122933,0.00023143724,0.004807202,0.0053330297,0.015156315,0.00082671863,4.299208e-06,1.0056076e-06,1.2821788e-07,2.6704495e-08,3.658354e-07
1.5378631e-05,0.00014844912,0.002730517,0.012021496,0.2349233,0.25817734,0.35423934,0.10748769,0.01740976,0.005743315,0.0060653794,9.657704e-05,7.3911666e-05,0.0004317,0.00017284583,1.2274215e-05,0.00022382059,2.641733e-05,3.4951543e-07,4.061724e-08,2.333769e-08,5.616064e-09,1.140301e-08
1.7951256e-06,9.074634e-06,0.00023399583,0.00088199397,0.034985267,0.07335854,0.22670959,0.35765618,0.13969722,0.03587193,0.043958925,0.0019915032,0.018831719,0.06267834,0.0012831846,0.0003166433,0.0008176433,0.00071339594,2.6463197e-06,1.1679952e-07,9.3847554e-08,1.6524395e-07,1.0473291e-08
5.3530086e-05,0.0014108035,0.036149427,0.08250382,0.34169707,0.35621276,0.113239504,0.023551075,0.021190172,0.007214068,0.0016594905,0.008927821,0.001208318,0.0014633286,0.0011115556,5.8003323e-05,0.0022841878,3.723733e-05,2.5366155e-05,1.0894391e-06,7.3555947e-07,3.4231493e-07,2.8029189e-07
3.1132815e-06,4.1364436e-07,1.6783462e-06,1.9902363e-06,2.1676673e-05,0.00035154374,0.0020488545,0.01628113,0.13609569,0.14280741,0.10380392,0.11800446,0.0073414603,0.038046416,0.02183634,0.39912343,0.011895919,0.0009951743,0.00049633475,0.00022110868,0.0005884323,1.1942996e-06,3.230138e-05
3.0945044e-05,6.583662e-06,3.4788067e-05,2.0726005e-05,9.2038536e-05,0.00094400643,0.0063440064,0.025954906,0.063019425,0.14934437,0.0803182,0.07340958,0.004814871,0.00884521,0.016572345,0.56141007,0.0066362675,0.0011983402,0.0006668836,0.00012365452,0.00017096724,1.7783052e-06,4.0034407e-05
6.559494e-07,1.8943635e-06,8.565419e-06,7.5735275e-05,0.0010587457,0.014146595,0.012452059,0.11107455,0.036762636,0.069246985,0.022877274,0.36820918,0.20582345,0.027819943,0.0005521784,0.093173645,0.035991482,0.00041349584,1.429295e-05,2.9507748e-06,0.00029351728,6.6698824e-08,1.2444716e-08
0.00030496283,4.262192e-05,0.00026911407,0.00011100353,8.093096e-05,0.00045910495,0.0008568404,0.017214386,0.021063607,0.07044769,0.3896725,0.049728584,0.12856346,0.06491848,0.054114997,0.010221579,0.002662038,0.08846605,0.010888081,0.033571277,2.0654375e-05,0.055726983,0.00059506274
3.668325e-05,1.8477601e-06,2.09175e-05,1.0085105e-05,0.00010840379,0.00041581586,0.00025092383,0.094371215,0.12604795,0.3868738,0.16999483,0.03594838,0.008186007,1.4132938e-06,0.0005246176,9.844664e-06,0.0006175767,0.17641906,1.1723922e-05,7.0748814e-05,1.9085208e-08,4.1607603e-08,7.8056946e-05
4.1316225e-06,2.6590176e-05,0.00051244185,0.0016031953,0.02216465,0.16818935,0.122814305,0.22384515,0.18062167,0.04954188,0.07370297,0.016050305,0.07140297,0.054038707,0.0010175124,0.0035436605,0.009737541,0.0011720837,7.965544e-06,4.4880449e-07,1.7471531e-06,7.557605e-07,2.637667e-08
1.4636705e-05,0.000115906674,0.003370805,0.008144629,0.044908427,0.29268485,0.15801637,0.15049489,0.19556068,0.022546375,0.07702712,0.006645776,0.014041652,0.018174862,0.0011493276,0.00092612614,0.005643613,0.0005123029,1.8706101e-05,4.9632865e-07,6.0414976e-07,1.8167764e-06,6.343755e-08
4.6189547e-05,0.0033416932,0.054610025,0.23062424,0.34622467,0.2603951,0.086123034,0.0075816447,0.006973606,0.0015190195,0.00050511747,0.0012844921,0.000121803154,0.00018616449,0.00015058622,1.06239e-05,0.00029328762,3.6286983e-06,4.6963596e-06,2.3006787e-07,6.577075e-08,4.2714657e-08,6.141825e-08
2.735998e-07,3.041146e-08,8.622572e-07,1.4495701e-07,7.5745527e-07,4.534497e-06,1.4432994e-05,0.00045758384,0.0020919559,0.0013844963,0.0063211764,0.054925308,0.003200186,0.06271241,0.0035325938,0.008697041,0.0011731323,0.8546298,0.0007308063,3.8599487e-06,3.2653004e-06,0.000115253875,3.252353e-08
1.6936532e-07,8.5107835e-08,9.1327456e-07,3.6210156e-07,6.873712e-06,0.00023052067,0.0019194902,0.005056016,0.011748442,0.010409728,0.08712087,0.059702948,0.095380716,0.1675015,0.013733235,0.13598225,0.03277704,0.37327084,0.004490839,4.19249e-06,5.9498965e-05,0.00060319743,3.700768e-07
6.5997615e-06,7.4653553e-06,4.5840006e-05,3.45844e-05,0.0004759532,0.0042590224,0.020583201,0.055054247,0.048229296,0.03295545,0.06667306,0.043317273,0.16365126,0.336494,0.015926493,0.10928907,0.03868671,0.06369904,0.00031355637,2.0954047e-05,0.00022316274,5.1665676e-05,2.0828934e-06
1.3782286e-05,0.00016813738,0.004180398,0.010617291,0.17321461,0.40031156,0.17855439,0.07707501,0.042288646,0.035869036,0.0044308333,0.04198776,0.0076948977,0.008757022,0.0015388683,0.00035065121,0.0127119925,0.00019501023,3.079002e-05,1.9020741e-06,6.8578424e-06,3.3935493e-07,2.618438e-07
0.00013720185,6.338494e-05,0.0002475769,0.00045441074,0.020047633,0.02103167,0.07379321,0.30243868,0.18641043,0.20004708,0.12314838,0.0170295,0.0071798186,0.0003895773,0.015345193,0.00025438252,0.010447935,0.021209802,0.00018178926,9.272866e-05,9.937077e-07,3.8385247e-06,4.4791497e-05
5.1448236e-08,1.02945545e-08,4.5962312e-07,8.123035e-08,2.0254138e-05,7.539585e-05,0.0006955492,0.010241336,0.0025859466,0.010507949,0.007994503,0.033405136,0.33282188,0.10773974,0.014880574,0.0065805973,0.45106658,0.0047478504,0.014728293,1.4824661e-05,0.0018877009,4.9763726e-06,2.0058566e-07
8.870354e-08,2.5696648e-08,4.0060158e-07,7.66274e-08,2.058345e-06,5.60629e-05,0.00024000843,0.0015457764,0.003664747,0.003296425,0.044770006,0.104719155,0.064412415,0.15260762,0.011584653,0.09319125,0.060430825,0.4496965,0.008389304,4.8372517e-06,3.1440883e-05,0.0013562508,1.5964049e-07
7.82086e-06,2.4497783e-06,1.3254191e-05,5.310534e-06,8.7949615e-05,0.00046795903,0.004771577,0.013913384,0.04518933,0.024098571,0.043855548,0.07290869,0.04247104,0.061905105,0.024834013,0.3833904,0.15266263,0.037932128,0.08791976,0.00079003384,0.0007333316,0.0018388263,0.00020083747
1.2299624e-06,7.406596e-06,8.661257e-05,0.001603756,0.029042788,0.24330641,0.5523622,0.13316596,0.012491228,0.020702258,0.0059533403,0.00067653396,0.00010877407,6.070956e-05,3.3942273e-05,0.00017712642,0.00021145992,7.670159e-06,6.0260953e-07,3.199048e-08,9.618631e-09,1.0053697e-09,1.5828013e-08
0.020423548,0.33464813,0.43508038,0.16097449,0.02884325,0.006070682,0.0061544455,0.0021645548,0.0031668514,0.00038763904,0.00083723164,0.00020021046,8.2943894e-05,9.9372664e-05,0.00022310767,5.1025843e-05,0.0004413841,5.3914897e-05,5.554974e-05,2.7440014e-05,1.599255e-06,5.3703243e-06,6.9007056e-06
1.5036696e-06,1.5027279e-06,1.2009441e-05,0.000111762754,0.0046408544,0.018580833,0.26772934,0.2909967,0.12588921,0.11194064,0.13463064,0.0043744897,0.003935892,0.017329104,0.0003655948,0.011276129,0.007896154,0.00025990032,9.605001e-07,7.096435e-07,2.6031394e-05,6.0498246e-09,4.938182e-08
3.6203014e-06,3.9726287e-06,0.00014337346,0.00012760653,0.0017156211,0.00990881,0.13257292,0.24983254,0.102127396,0.04336508,0.17940523,0.002797746,0.048898175,0.18923517,0.034331933,0.0028300772,0.00022055203,0.002420489,4.650229e-05,2.651448e-07,3.4221618e-08,1.2930805e-05,1.8520957e-08
1.2700777e-07,9.4990256e-08,9.465879e-07,1.9120532e-07,3.3516017e-06,0.000119896205,0.00027525733,0.0030629493,0.0042188135,0.0050196606,0.039352145,0.11942646,0.26724088,0.07367679,0.01220914,0.1513414,0.054741707,0.26796803,0.0010457933,2.7432516e-06,9.842647e-05,0.00019513196,1.17467245e-07
8.364655e-06,3.2250938e-07,6.353052e-06,3.7113257e-06,1.802492e-05,1.8792952e-06,2.8889655e-05,0.00021731167,0.00053802395,0.01819527,0.09524875,0.006761187,0.00023028064,0.0021383353,0.044190418,0.010244348,0.0015808766,8.031435e-07,0.5742289,0.24587107,0.00047816982,2.605829e-07,8.449987e-06
0.00015237831,2.6088379e-05,0.00021843222,0.000149611,0.0014314346,0.00437896,0.017321872,0.11434096,0.12315263,0.20492738,0.2514335,0.051304996,0.05850254,0.013743345,0.12353894,0.0046834955,0.009529029,0.018426728,0.0013687747,0.00084379164,1.3856147e-05,0.0003619815,0.00014928392
1.3499533e-05,4.224454e-06,2.2749497e-05,8.629952e-06,0.00019508808,0.0144721335,0.005813847,0.0740288,0.21850684,0.32204646,0.13665323,0.1199436,0.0030835806,0.00015176061,0.010190105,0.005277171,0.08245611,0.0070381467,3.0247375e-05,5.2421863e-05,1.2899754e-06,8.1395604e-07,9.278431e-06
7.9244655e-06,3.3029555e-06,1.5331405e-05,1.6432268e-05,0.00030317344,0.00068470073,0.028984701,0.0514816,0.056074,0.087028556,0.030053856,0.02219358,0.013420586,0.017320491,0.0047610984,0.6449041,0.0413508,0.00040711017,0.0006641637,0.000118361524,0.00018790495,2.047797e-06,1.6143294e-05
0.00058925076,9.3773386e-05,0.0002929682,0.0003650154,0.0005566313,0.0013197993,0.00062620756,0.019472687,0.026638975,0.19950862,0.29254428,0.08429946,0.13294211,0.0052570365,0.0120754475,0.0031062812,0.0017128789,0.046067536,0.041161586,0.10508177,6.6037486e-05,0.0009861239,0.0252355
4.272823e-06,5.0509666e-06,0.00015640043,0.000121785786,0.011517853,0.15051948,0.3793826,0.34253156,0.06250814,0.042210244,0.008314831,0.00023378465,3.606682e-05,1.589737e-05,0.0011477752,3.723272e-05,0.0011906055,6.609757e-05,2.5196687e-07,2.8179995e-08,9.161378e-10,1.0417183e-09,4.800576e-09
2.2067902e-06,4.32982e-07,1.334235e-05,4.7647967e-07,3.7942256e-05,0.002193652,0.0038498766,0.17947926,0.5220809,0.24237858,0.041859116,0.005191941,4.191686e-05,6.58027e-10,2.9711655e-05,2.2443218e-07,0.0021509277,0.00068953395,3.9607717e-10,1.2876051e-09,4.2881096e-13,9.726275e-13,6.0149316e-11
6.448798e-06,0.00042533892,0.008693641,0.060323574,0.29834634,0.48739478,0.120807394,0.013407675,0.005916603,0.0021674903,0.000564244,0.0014187243,0.00012410869,0.00017470412,5.5374723e-05,5.939699e-06,0.00016356059,2.7942785e-06,1.1301152e-06,5.2291433e-08,2.2248479e-08,7.1405886e-09,1.0357641e-08
0.00035381553,8.433646e-05,0.0002368734,0.00044993174,0.008156382,0.005594727,0.009691692,0.06058843,0.077676,0.17833167,0.12527668,0.121546924,0.08302348,0.019868521,0.035483867,0.013145881,0.03606549,0.12559298,0.048094653,0.02040799,0.0001024542,0.00016406599,0.030063124
7.1818164e-07,7.38334e-07,5.246781e-06,7.896545e-06,0.00040497148,0.0022754113,0.01008396,0.054940317,0.06370838,0.08541053,0.011723654,0.30059546,0.18863253,0.06542646,0.002825581,0.1177642,0.09486111,0.00065726717,0.00016554917,5.2694995e-05,0.0004557557,9.0370565e-07,7.372828e-07
2.6693913e-06,7.926562e-07,1.2886287e-05,2.0644402e-06,0.00014191486,0.00036126084,0.0048643104,0.017646078,0.013101927,0.012189037,0.02624028,0.039724324,0.18249391,0.3210716,0.024482472,0.0343976,0.29764214,0.0075977133,0.016490182,0.00017637722,0.0013036074,5.0268674e-05,6.635804e-06
8.412349e-07,1.7262442e-07,1.5643155e-06,1.4780708e-05,0.00040681657,0.001324989,0.048912663,0.13658896,0.13609494,0.48348302,0.10111404,0.01221935,0.0004540854,0.00050943595,5.5058998e-05,0.07785103,0.00095181476,5.1342436e-06,4.69102e-06,4.233096e-06,1.6033224e-06,1.5440137e-09,8.230449e-07
6.054621e-06,6.981086e-06,0.000107602755,8.361192e-05,0.002582305,0.004938644,0.036153395,0.28816363,0.14918618,0.054926116,0.050471537,0.0092184795,0.21372281,0.06521849,0.11737177,0.004037837,0.0015458636,0.0022539326,3.1452475e-06,8.139713e-07,2.8267195e-07,4.9197655e-07,3.034561e-08
4.835959e-05,1.0827902e-05,3.8470564e-05,8.968116e-06,4.1650823e-05,8.754762e-05,0.00011849485,0.00096142944,0.0018653194,0.0058018235,0.02201372,0.016481737,0.080608845,0.08678778,0.25530812,0.11087406,0.064693384,0.06816539,0.22984026,0.049979944,0.00012388488,0.004712484,0.0014275409
1.0657558e-05,5.685612e-05,0.0011572345,0.0029499321,0.07676191,0.27327204,0.3097263,0.13862664,0.044604734,0.048946578,0.0072526555,0.042351868,0.011502862,0.017847687,0.0022260377,0.00082102016,0.021070037,0.0007412286,5.6953904e-05,3.1709858e-06,1.21392495e-05,8.43373e-07,5.806038e-07
5.6412933e-05,0.0002947241,0.0055876803,0.010859845,0.108528875,0.17698412,0.6001622,0.0572738,0.013205114,0.010754611,0.00316215,0.0049289544,0.00053113594,0.002244723,0.0038247346,0.00023662625,0.0010531291,0.00011885217,0.00018743346,2.144687e-06,8.1938845e-07,1.0601733e-06,9.5016276e-07
1.1442174e-05,0.00012148338,0.0015963597,0.007830888,0.098547466,0.35800478,0.39513147,0.08442463,0.01930517,0.017558912,0.0032295622,0.0073219435,0.0010055203,0.0024072574,0.00040910946,0.00022223633,0.0027634676,9.3117014e-05,1.2413848e-05,8.9999395e-07,1.5594653e-06,1.3736147e-07,1.9475803e-07
1.5160814e-05,5.0150997e-05,0.00086591486,0.002086795,0.08512977,0.11853215,0.38459918,0.21491967,0.075999275,0.040234193,0.04132148,0.0011976326,0.0029499969,0.022728711,0.0038959128,0.0006642619,0.0039517903,0.0008520504,2.9104704e-06,6.188505e-07,2.1873238e-06,8.6905594e-08,1.3094937e-07
2.110113e-06,3.7118352e-06,3.193155e-05,6.195786e-05,0.0036508196,0.02389053,0.17535864,0.23237814,0.10278777,0.08340856,0.030467425,0.05784385,0.09778049,0.03193026,0.0022532484,0.026510153,0.12855677,0.0028557414,0.00014164764,1.2746562e-05,6.991274e-05,1.9370686e-06,1.6409005e-06
0.00014329994,0.0011065264,0.025892464,0.034721114,0.2725745,0.20307139,0.24498478,0.112170205,0.06666831,0.016363468,0.011617066,0.0009231692,0.00071751414,0.0028658363,0.0032971578,7.0029855e-05,0.002283085,0.00051422743,1.3313821e-05,9.721143e-07,4.99388e-07,5.937941e-07,4.091066e-07
1.9183237e-06,8.712061e-07,4.163806e-06,2.2680983e-06,9.935595e-05,0.0008993401,0.009752283,0.038792513,0.044000994,0.043032106,0.035949618,0.10347793,0.26491675,0.043029983,0.024058376,0.08559478,0.22820635,0.077778876,0.00016724071,3.632202e-05,0.00015358055,3.957772e-05,4.726564e-06
2.882813e-07,1.3608046e-07,1.8232489e-06,1.812521e-06,0.00018999026,0.00067073747,0.050172154,0.19833034,0.05765114,0.09311029,0.026478559,0.019215299,0.22989559,0.033403613,0.0023739114,0.05966519,0.22628722,0.0006714389,0.000887387,2.0114285e-05,0.00097146846,8.150357e-07,7.248138e-07
3.9725e-06,9.905749e-05,0.000814366,0.0060231746,0.105162665,0.5530928,0.1969097,0.06297194,0.02317048,0.02506401,0.002622577,0.017831393,0.0020625254,0.0023715976,0.00013720806,0.00028931742,0.0013409172,2.8505874e-05,2.4067472e-06,3.5715183e-07,1.051453e-06,2.137176e-08,3.6558603e-08
5.6027588e-05,0.0021355075,0.038979657,0.09936473,0.3410048,0.35827783,0.09025045,0.020406999,0.022688027,0.006947782,0.0015930171,0.012332941,0.0019571874,0.0015118124,0.0007452826,9.071385e-05,0.0016152674,2.4077639e-05,1.6004786e-05,9.574696e-07,5.8418976e-07,2.5141318e-07,1.8478914e-07
1.5217628e-07,3.06938e-08,2.6466034e-07,8.5021e-07,1.6461502e-06,7.8158355e-06,5.9248414e-05,0.0012381998,0.0015566143,0.013656505,0.019373313,0.047358382,0.01231435,0.04949901,0.015379334,0.02131552,0.00076367013,0.00019004893,0.0010746925,6.944008e-06,0.81620324,3.456781e-08,4.496315e-08
2.2542165e-05,6.6039924e-05,0.0012444052,0.0020242298,0.042486876,0.09726257,0.60947376,0.14433488,0.028604893,0.030536251,0.008195084,0.009244592,0.0030095559,0.011048349,0.003677932,0.0013100296,0.0068448265,0.0004263395,0.00017386432,4.2564902e-06,6.0371513e-06,1.4834602e-06,1.149516e-06
0.0009855458,0.05017916,0.40529564,0.2942921,0.17530543,0.05376989,0.013532023,0.0015734916,0.002443228,0.0004249392,0.00020859577,0.0008293632,6.4076e-05,0.000101827856,0.00052116,1.5897795e-05,0.00038265268,8.037372e-06,6.180998e-05,2.60333e-06,2.2274925e-07,1.0101105e-06,1.3249395e-06
2.8984048e-06,2.1906003e-07,5.1324455e-06,1.7184168e-07,8.45947e-06,1.4505388e-06,6.652832e-06,9.115375e-05,0.00021367015,0.00022019137,0.0028277908,0.0025567717,0.000784947,0.009227511,0.21359429,0.02539513,0.5856942,0.013740374,0.10121893,0.043765105,4.4271982e-07,0.00064380444,6.7948895e-07
0.0002038287,3.7147976e-05,0.00036361525,0.00020774473,0.001576502,0.005401011,0.016070867,0.15478925,0.14317544,0.26768938,0.20144948,0.034017958,0.028550414,0.0042625335,0.11778726,0.0017109937,0.0069793398,0.014641886,0.0004999758,0.00038717757,5.3724607e-06,0.000141066,5.1751e-05
2.8701384e-06,3.6072079e-06,3.072924e-05,5.553892e-05,0.0037716273,0.016186377,0.1756515,0.24406861,0.090972535,0.07157818,0.049478,0.018609066,0.0672724,0.09837104,0.0033540493,0.0113694845,0.08739101,0.06169449,7.870648e-05,1.3557259e-05,3.7816902e-05,7.490178e-06,1.2773177e-06
1.5302656e-06,4.654965e-07,1.1164423e-06,5.9644066e-07,3.3848753e-06,4.2186464e-05,0.00015548963,0.002090389,0.002837433,0.011169725,0.011086113,0.09593843,0.15179527,0.07525322,0.06861292,0.5362346,0.031888902,0.007239054,0.0040150494,0.00018250562,0.0014312024,1.7457918e-05,2.88524e-06
1.6839122e-07,1.93656e-07,1.3114666e-06,5.2137446e-05,0.0024823572,0.0067540742,0.30925775,0.3376996,0.10306498,0.17394032,0.04216059,0.006190126,0.0006855937,0.0024122738,1.4497265e-05,0.014096393,0.0011748112,3.7001475e-06,1.2473643e-07,2.8975882e-07,8.745234e-06,9.402647e-11,2.4453086e-09
0.00044850085,0.024338478,0.27023137,0.35444796,0.22374482,0.09411294,0.022535637,0.0026124027,0.0041588303,0.00067477435,0.00029648904,0.0012223715,0.000105858984,0.00013851942,0.00048584104,1.6175245e-05,0.00038665294,6.7636734e-06,3.2997057e-05,1.4154111e-06,1.5962314e-07,5.0720485e-07,6.1326625e-07
2.671518e-05,1.7832461e-06,4.394567e-06,5.643045e-07,1.7630525e-06,5.752419e-05,6.1010807e-05,0.051615488,0.091574505,0.20514336,0.35077488,0.16808091,0.05487634,3.0738736e-08,0.00019096075,0.00021092877,0.0023595367,0.07501525,2.1764593e-07,2.021039e-06,7.7140433e-10,1.08238994e-10,1.8809272e-06
0.00038744032,0.029823102,0.21718246,0.44116396,0.20385756,0.07601203,0.024839055,0.0021403846,0.0027814177,0.0004786417,0.00021490075,0.0005791076,4.96126e-05,7.57392e-05,0.00017203523,1.3623859e-05,0.00020878366,3.200328e-06,1.52893e-05,9.9646e-07,1.1934888e-07,2.0428011e-07,3.768224e-07
0.0014999042,0.032666493,0.24807878,0.30628234,0.2179246,0.081349425,0.048883952,0.019039541,0.03157668,0.0030906587,0.0047541084,0.0011260123,0.0006541467,0.0005364542,0.00077371724,7.614688e-05,0.0015697215,8.3908664e-05,2.5790448e-05,3.863861e-06,9.556824e-07,1.6389616e-06,1.083893e-06
1.7797569e-05,8.630531e-06,3.278038e-05,0.00016469993,0.021794163,0.017942753,0.05995943,0.27219936,0.12127962,0.22221132,0.22074017,0.024796348,0.009884809,0.00015520718,0.0037417328,0.00013980432,0.006689124,0.017982667,0.00013250326,5.193937e-05,2.5423742e-07,8.5599424e-07,7.4091775e-05
5.821567e-06,5.394133e-06,3.8670998e-05,2.55153e-05,0.00050371763,0.0025140024,0.022380529,0.07986243,0.06989097,0.037391108,0.06481733,0.028396893,0.2217636,0.3090009,0.04101806,0.07514322,0.012735835,0.034368463,7.5258155e-05,8.154543e-06,3.4713088e-05,1.8797986e-05,6.3187537e-07
0.00011850416,0.00358293,0.062402472,0.16010061,0.33489025,0.29305875,0.107402034,0.01429832,0.012889884,0.0035261037,0.0010048283,0.0036156022,0.000362537,0.0008174067,0.00086661807,3.4642217e-05,0.00097194966,2.5028401e-05,2.887088e-05,1.2833393e-06,4.90044e-07,4.0752224e-07,4.995639e-07
1.101367e-05,0.0002888404,0.007867131,0.028067913,0.26488286,0.4425939,0.14596757,0.04403193,0.026869366,0.014966455,0.0022577476,0.013742035,0.0023354632,0.002178006,0.00047034567,7.7611e-05,0.0033462453,3.5696685e-05,8.235385e-06,4.7886846e-07,1.0003432e-06,7.317825e-08,6.505226e-08
5.1723686e-07,1.641694e-07,1.2358315e-06,1.3637049e-06,7.38419e-05,0.00020279005,0.014777299,0.0976291,0.07313053,0.110311076,0.030656239,0.03567363,0.16098781,0.03915784,0.0027299237,0.29597825,0.13560744,0.0002958923,0.0016980917,0.0001170501,0.00096583564,9.864453e-07,3.0374342e-06
2.1577719e-06,0.00019038422,0.0016671448,0.024956608,0.27477247,0.43627018,0.2078055,0.02913038,0.011193088,0.00831369,0.00075862213,0.0040511796,0.00030129333,0.00034358198,1.8906998e-05,2.9815741e-05,0.0001934704,1.0806298e-06,3.5893922e-07,6.262659e-08,9.441141e-08,1.0700193e-09,2.0737345e-09
1.5247234e-06,1.4732252e-06,1.183162e-05,0.0001357002,0.025302518,0.02986017,0.19957153,0.38833666,0.0637587,0.15070479,0.13984214,0.0009397837,0.0006468063,8.023552e-06,0.00014205996,1.2041516e-05,0.0001620752,0.0005560928,5.155142e-06,1.9257213e-07,9.903399e-10,7.067432e-09,6.754739e-07
6.2307794e-05,5.329712e-05,0.0002281225,0.000772375,0.018733244,0.017563773,0.13768113,0.33667397,0.1616926,0.2010007,0.107235745,0.005328671,0.0030765878,0.00016612417,0.0031653664,0.00029426548,0.00077267626,0.005128649,0.00032821894,1.4087155e-05,1.7523892e-07,2.7724948e-06,2.5083798e-05
2.086428e-06,4.79543e-07,1.0132446e-06,2.779774e-07,1.0810049e-06,9.1928905e-06,3.0969866e-05,0.0005858213,0.0010648782,0.0033367365,0.008451827,0.039708678,0.3612715,0.07186962,0.14519306,0.33197188,0.01563526,0.015703285,0.0046577887,0.0002775908,0.00016429734,5.7357734e-05,5.300058e-06
1.4679116e-06,4.7319222e-07,3.2091446e-06,1.19020715e-05,0.00012471998,0.00068647333,0.01722382,0.05788763,0.12215431,0.11126552,0.16603725,0.027695071,0.014805043,0.14752595,0.0044674873,0.32063538,0.0054635154,0.0005756432,1.6915901e-05,5.5239248e-06,0.003412467,2.6211213e-08,2.291792e-07
2.123316e-06,7.20736e-07,3.855565e-06,2.8403301e-06,4.4043383e-05,0.00037662266,0.019107338,0.030140352,0.106733866,0.035011377,0.115162455,0.029837754,0.06638046,0.12350336,0.015802018,0.271535,0.03795026,0.14568526,0.0019797268,3.702831e-05,0.00011165782,0.0005856068,6.260063e-06
1.021947e-06,4.3172912e-07,2.5664247e-06,2.8263507e-06,0.00016219675,0.0008007196,0.030705934,0.04425288,0.102049164,0.04482945,0.03751189,0.05031641,0.084941536,0.022097286,0.0036799323,0.07851476,0.4031668,0.09565163,0.0008937854,6.1667604e-05,0.00028724017,5.5710545e-05,1.4195362e-05
1.7781632e-07,4.5690967e-08,1.9833021e-07,1.0901351e-06,3.9761628e-05,5.4213368e-05,0.0028796087,0.027397038,0.09272727,0.11709998,0.024314582,0.017722907,0.018879699,0.004921114,0.00020819342,0.68438923,0.009149366,1.2949387e-05,0.00014295788,4.7976588e-05,8.540244e-06,2.9219585e-08,3.2137775e-06
7.1087666e-06,2.6507619e-06,3.1923e-05,6.749345e-05,0.002002577,0.0118761165,0.24132438,0.2569882,0.19281772,0.16913693,0.08113134,0.003086484,0.0007484155,0.0026946042,0.0010178761,0.030631294,0.006188246,0.00023632306,4.359382e-06,1.7961576e-06,3.6124488e-06,1.8261158e-08,5.320685e-07
1.9272673e-05,0.00034501485,0.0056582564,0.023170944,0.22690421,0.30502018,0.1616499,0.07661127,0.051058598,0.048650447,0.004182395,0.06647365,0.009438396,0.0074270093,0.0011380827,0.0006655963,0.011481892,5.8598423e-05,2.6917525e-05,3.4431664e-06,1.562302e-05,1.6043415e-07,1.4917315e-07
4.056671e-05,0.00028994938,0.014453971,0.010889182,0.18701927,0.31739402,0.15731393,0.063554734,0.049669646,0.028759804,0.0071293684,0.08658647,0.016494222,0.025689967,0.023929019,0.0003200835,0.009351694,0.0007340965,0.00036595337,3.94248e-06,3.550942e-06,5.410947e-06,1.1173493e-06
0.0004298921,0.009000371,0.043617293,0.22677112,0.3223607,0.10313454,0.12980448,0.06511459,0.063713945,0.011533094,0.011789439,0.0026543108,0.004141341,0.0034746923,0.00047427125,0.00037459453,0.0015484914,4.930559e-05,6.9415446e-06,2.3011671e-06,3.7995594e-06,2.3094104e-07,2.3299928e-07
7.600372e-07,1.796809e-06,1.35239625e-05,0.00036051913,0.009759533,0.064009264,0.5396492,0.23733608,0.045656197,0.077765845,0.017240422,0.0018207169,0.00039721435,9.866691e-05,2.8564418e-05,0.004968561,0.00087920227,1.29005075e-05,7.8260945e-07,1.0454843e-07,3.8284902e-08,1.0806865e-09,4.6264425e-08
2.668528e-06,5.6001063e-06,0.00016408502,0.00035319597,0.03232954,0.1628357,0.41142935,0.30886877,0.036315184,0.02752992,0.017719153,0.00019378641,0.00017718319,0.00038200972,0.0005895114,8.886915e-05,0.00094124884,7.399437e-05,1.5626776e-07,2.9794146e-08,1.5051466e-08,1.3706156e-09,5.8447895e-09
2.9046094e-05,2.8712651e-05,0.0002498451,0.0002395887,0.006537656,0.010605204,0.10997576,0.33940846,0.14425814,0.06483883,0.067693755,0.007737545,0.068776846,0.08009389,0.078919716,0.006550047,0.0040641637,0.009931012,4.116959e-05,1.0261839e-05,3.1107143e-06,6.064366e-06,1.1808144e-06
0.00010258763,0.000103225146,0.0011646035,0.0008526464,0.012119463,0.021756351,0.6807804,0.0891139,0.041928004,0.041926447,0.016551694,0.016745267,0.0026802567,0.008408312,0.04239039,0.014968098,0.0046281493,0.0010317609,0.0026907749,2.7256869e-05,3.4254106e-06,1.278541e-05,1.4266392e-05
0.00028901963,3.0841093e-05,0.00013954825,0.00013937589,0.00038077877,0.0008015757,0.00033930902,0.031110432,0.032560535,0.33992538,0.21831416,0.09356851,0.053723972,0.0004970144,0.00774177,0.0005453083,0.0015321389,0.17373031,0.005511386,0.025874794,1.1476578e-05,5.9274647e-05,0.013173028
3.0401182e-07,2.2952524e-07,9.933393e-07,1.7719905e-05,0.0029646347,0.0053283027,0.12955138,0.3042848,0.1893153,0.15774915,0.05557258,0.056436513,0.042504262,0.0005512645,4.2393713e-05,0.010387151,0.040860843,0.004352363,4.58381e-05,1.35495875e-05,9.683711e-06,1.01125025e-07,1.06407115e-05
1.4504203e-05,1.5017963e-06,1.2096383e-05,2.0664968e-06,4.0194136e-06,1.085836e-05,5.77368e-05,0.0015436787,0.008124982,0.007243742,0.028138045,0.016491089,0.0037784819,0.030565403,0.04156327,0.04955829,0.017017798,0.64404166,0.009028421,0.109679885,1.0321448e-06,0.033115577,5.776706e-06
0.0008782976,0.07267084,0.2928093,0.4336801,0.1409588,0.040377676,0.014860648,0.0013096884,0.0014986759,0.00024946214,0.00014457587,0.00025806934,2.462011e-05,4.7671514e-05,9.469209e-05,1.3365976e-05,0.00010366996,2.4492024e-06,1.5177865e-05,1.3371501e-06,1.01699264e-07,2.3260685e-07,4.837815e-07
0.00018816203,1.2251663e-05,4.9360595e-05,3.787573e-05,5.5181426e-05,6.920332e-05,4.449329e-05,0.0023362013,0.006376932,0.024553036,0.051168445,0.033305842,0.093208574,0.074180685,0.092156224,0.008896694,0.0052959756,0.068103954,0.35819724,0.15459251,3.0542713e-05,5.2663177e-05,0.027087988
2.3696334e-06,8.096798e-07,4.076266e-06,1.3678973e-06,3.7807655e-05,0.002049608,0.002105949,0.038434662,0.11146876,0.14073242,0.044470362,0.3704822,0.06538611,0.0017621077,0.060739662,0.07424491,0.0868978,0.0011704538,2.7803655e-06,4.3624814e-06,1.2735927e-06,1.0366674e-08,9.767398e-08
1.7381418e-06,6.3247553e-06,4.0518808e-05,0.00018843258,0.0061139935,0.04944983,0.059382986,0.25300905,0.06660305,0.07524749,0.031851098,0.08220641,0.2675123,0.054420628,0.0012206816,0.018440042,0.031092154,0.003161039,9.382095e-06,2.289115e-06,4.030418e-05,2.137379e-07,6.276803e-08
1.6437102e-06,7.002143e-07,1.21423855e-05,6.234969e-06,0.0015437807,0.073749356,0.10012126,0.30257627,0.1932704,0.27947193,0.032718197,0.0023312492,4.5091678e-05,1.6455867e-07,0.0001269832,1.4338684e-05,0.013931064,7.91561e-05,3.4106698e-08,1.32019515e-08,5.0518582e-11,5.6006817e-11,2.972756e-09
1.0140503e-06,1.9893612e-07,3.764885e-06,3.645462e-06,1.37510615e-05,0.00010478254,0.00034277394,0.0060116793,0.013991958,0.03728446,0.1149415,0.27670485,0.048449155,0.16102338,0.14666462,0.08010519,0.009000471,0.044490505,0.0046591745,1.2519434e-05,0.056187324,2.9063824e-06,4.180314e-07
8.189616e-06,1.2391154e-05,0.00046453608,0.00024132691,0.011217851,0.019904962,0.06577107,0.29727957,0.10012702,0.0763206,0.0581869,0.0045780544,0.024741122,0.03905911,0.2958435,0.0012923898,0.0020780778,0.002870022,2.6851856e-06,2.5281955e-07,1.4948097e-07,1.350471e-07,1.44164725e-08
3.2460778e-06,9.087474e-06,0.00014118243,0.0003408604,0.010358996,0.090245105,0.19087516,0.24171592,0.10358367,0.0620003,0.071724825,0.0128622325,0.04725081,0.09122059,0.00119357,0.0071577686,0.059285205,0.009959616,4.386115e-05,2.9633775e-06,2.1872516e-05,2.8724942e-06,2.167895e-07
0.018641122,0.27956724,0.59307986,0.08805976,0.014567253,0.002906507,0.0016212184,0.00038615908,0.00040934546,9.637842e-05,0.00013678071,0.00010810282,1.4144793e-05,3.5147863e-05,0.0001090537,2.1057636e-05,0.00013929636,8.863723e-06,6.6231834e-05,1.7065555e-05,6.3287695e-07,3.143753e-06,5.6524723e-06
4.446734e-05,0.00011667471,0.0037267222,0.0027687289,0.043163776,0.09548638,0.12571433,0.15061668,0.17271459,0.091793,0.09070995,0.024814755,0.057994112,0.050693765,0.029363988,0.0017599497,0.048240326,0.010180942,5.365867e-05,4.0587734e-06,3.5482422e-05,2.882455e-06,7.8430736e-07
0.013072205,0.25485858,0.60555613,0.099040024,0.019846216,0.0039454503,0.0019658797,0.0004365916,0.0004594694,0.00010577787,0.00013096276,0.00012984064,1.6091919e-05,4.0200324e-05,0.00012724882,2.0251888e-05,0.00014678815,8.954699e-06,6.955777e-05,1.4824542e-05,6.0565134e-07,2.9522141e-06,5.399573e-06
4.8859924e-06,1.121269e-06,6.7997275e-06,3.239622e-05,0.0004682642,0.00023369743,0.0019308357,0.018205227,0.08124585,0.33736703,0.052294604,0.26489568,0.019911267,0.08059453,0.002819573,0.060531747,0.0113296425,0.00015187256,0.032583416,0.0348015,0.00023969797,1.6224577e-06,0.00034876782
3.5272558e-06,0.000273014,0.0046164887,0.040651646,0.27711007,0.51536816,0.13317314,0.016968332,0.0062580365,0.0028945573,0.00060975895,0.001547285,0.00014952003,0.00018285826,2.9673045e-05,7.574802e-06,0.0001537364,2.0688185e-06,5.304497e-07,3.770673e-08,2.7092034e-08,3.0460205e-09,4.943302e-09
5.040064e-05,0.00026992537,0.0074156653,0.010004139,0.1694502,0.2835431,0.2613717,0.07967762,0.0400326,0.03121884,0.0057131485,0.052517273,0.008285044,0.020536318,0.010377294,0.00053961517,0.017988548,0.0006952874,0.00028880822,7.5846965e-06,1.10432375e-05,3.999496e-06,1.8714576e-06
8.315634e-06,1.0631035e-06,4.2709507e-06,1.2654133e-05,7.847832e-05,0.00018013,0.0005969357,0.0073053194,0.030085275,0.30831194,0.41992486,0.04608659,0.003008267,0.007364051,0.0019741296,0.15639098,0.001417662,2.296447e-05,0.010973796,0.0051310076,2.8764453e-05,9.758564e-07,0.001091572
0.00024746906,0.0021349133,0.101447865,0.044125587,0.29903457,0.32431236,0.11132399,0.020266633,0.018264087,0.007153789,0.0020826657,0.021977037,0.0017632634,0.0043667853,0.036530223,6.892833e-05,0.0035368395,0.00021996515,0.001125573,5.212387e-06,1.002773e-06,8.741694e-06,2.4589215e-06
0.0048647257,0.028403362,0.29187948,0.055226047,0.31211135,0.10836489,0.04676632,0.015280347,0.0151292505,0.00724931,0.0026770858,0.03156968,0.0024390284,0.009938781,0.041155033,0.0007995488,0.017771771,0.0016360936,0.0062639113,0.00019268272,3.2513486e-05,0.00016640016,8.237943e-05
4.43684e-06,5.4326034e-07,7.4637815e-06,4.4524703e-07,1.9566589e-05,5.348386e-06,1.7588456e-05,0.00011444638,0.00021266137,0.00023131212,0.001776565,0.0023028974,0.0037301632,0.007885728,0.40155178,0.01961808,0.40975353,0.027228223,0.10810882,0.0151856905,2.3594419e-06,0.0022262165,1.6092581e-05
5.174698e-06,4.2456036e-06,6.549062e-05,7.110269e-05,0.0062798997,0.07649692,0.38414207,0.31705552,0.09359621,0.09959488,0.019174827,0.00063401123,4.9446517e-05,1.28075e-05,0.00030228932,0.0002878124,0.002158228,6.8480724e-05,4.382899e-07,6.641149e-08,4.12519e-09,1.0321112e-09,2.9158741e-08
3.248772e-06,1.0748455e-06,3.9449696e-06,1.6025906e-06,1.9205767e-05,0.000235478,0.002748139,0.013498661,0.03185427,0.022427069,0.06393364,0.05279907,0.13990313,0.073562086,0.044382375,0.34162125,0.06256039,0.14939778,0.0004685313,5.2798016e-05,0.00025394242,0.00026509105,7.187802e-06
5.1302422e-06,6.7501906e-06,5.8907637e-05,0.00048829906,0.042278618,0.045230757,0.35396683,0.359836,0.06655715,0.06464509,0.06493655,0.00047114852,0.0004496807,3.455173e-05,0.0004092902,1.0464626e-05,0.00014245273,0.00046422993,7.5447015e-06,2.3211274e-07,2.331092e-09,2.1854573e-08,3.127153e-07
9.248634e-06,4.676075e-05,0.0010893581,0.0024742642,0.029323803,0.14824456,0.20772927,0.20479783,0.18129294,0.03384306,0.086209245,0.0063385847,0.021416863,0.06566336,0.0016040289,0.0017945223,0.0063758953,0.0017158949,2.5331945e-05,8.7939765e-07,1.39223e-06,2.8405555e-06,9.880221e-08
3.317343e-05,7.672677e-06,2.9701408e-05,0.0001005636,0.0022665688,0.001445826,0.032124374,0.13355902,0.16299613,0.2557958,0.2759772,0.035349157,0.05276717,0.0031092665,0.009214665,0.009305574,0.002880024,0.014998468,0.006853993,0.00040315615,4.260172e-06,0.00024065464,0.0005376349
0.2641696,0.4159014,0.27350822,0.034987323,0.0037637793,0.0007193646,0.0018136698,0.0011064704,0.0011554392,0.00026832425,0.0010421856,0.00015748349,0.000102187354,0.000103871025,0.00019729603,0.00012714995,0.00041293286,0.00011293495,0.00012917334,0.00017278396,5.776132e-06,2.0795771e-05,2.1907455e-05
4.5555375e-05,0.001262746,0.031935107,0.09423476,0.33028418,0.36309385,0.13293523,0.019466214,0.013916997,0.0045204526,0.0011519927,0.0041198144,0.0004252576,0.00084189407,0.00069194485,2.5058978e-05,0.001007982,2.287437e-05,1.6826403e-05,5.8878186e-07,2.846468e-07,1.9682227e-07,1.8828975e-07
0.00012778085,2.9034538e-05,8.5921056e-05,8.594924e-05,0.0011547193,0.001805478,0.0060644997,0.016456744,0.03959794,0.06374696,0.07284982,0.09344622,0.11326104,0.034724217,0.03668015,0.06718804,0.15503493,0.039564155,0.21115445,0.028788324,0.0005028605,0.0010235974,0.016627153
5.829741e-07,2.3952515e-07,1.0013085e-06,3.39942e-07,2.6845773e-06,7.0116796e-05,0.00046285297,0.003781432,0.00868817,0.0074112187,0.04673883,0.041817874,0.08755998,0.09300972,0.01586021,0.40082517,0.025491526,0.26708978,0.00071222306,1.2857579e-05,0.00018310607,0.0002793615,7.85491e-07
8.701462e-06,1.7321063e-06,9.324825e-06,4.8838715e-06,4.9894323e-05,0.0011692718,0.0039291624,0.029999055,0.1503486,0.1599709,0.08917647,0.080104284,0.0029387556,0.006772484,0.03078107,0.42522743,0.01264805,0.0063842842,0.00029417826,9.4304116e-05,5.627033e-05,2.7280278e-06,2.8173336e-05
0.00029631614,0.022205047,0.20137438,0.4288507,0.21831541,0.094152786,0.027314667,0.002491424,0.0031138107,0.0005095193,0.00023367038,0.00060474034,5.4264972e-05,8.631239e-05,0.0001879194,1.0428448e-05,0.00018133984,3.2413773e-06,1.2888116e-05,6.828295e-07,8.311627e-08,1.7298782e-07,2.7953763e-07
0.00030007944,0.03284398,0.16428107,0.49357703,0.20745935,0.069825895,0.026762215,0.0018112378,0.0020757855,0.00031926556,0.00016031046,0.00033584412,2.7661135e-05,5.0072136e-05,6.795472e-05,1.1670806e-05,8.201392e-05,1.3173743e-06,6.418573e-06,5.848874e-07,5.8663506e-08,7.086725e-08,1.5560813e-07
0.0001101261,0.00072110794,0.028727464,0.025901629,0.15928617,0.24590038,0.11964814,0.1054748,0.16632949,0.03975772,0.038442954,0.012599052,0.018708952,0.0074348804,0.0069466825,0.0003966205,0.022686005,0.00089137594,2.8139802e-05,1.9534812e-06,4.597839e-06,1.4111707e-06,3.8846966e-07
2.7431378e-07,3.561172e-07,5.0044614e-06,9.493611e-06,0.002012283,0.1047541,0.22714224,0.30795524,0.06821305,0.26611722,0.023116155,0.00027499784,5.30194e-06,9.354598e-09,2.582422e-06,7.4632057e-06,0.00037917666,5.087654e-06,3.1508436e-09,3.135997e-10,9.476896e-13,7.723775e-13,5.164382e-10
1.2145476e-06,5.199311e-07,6.1719984e-05,3.7945695e-06,0.00019593014,0.000572922,0.006719685,0.0027735508,0.002125225,0.0014225919,0.0029032666,0.017715873,0.0023228833,0.023710772,0.1424009,8.527305e-05,0.00023972392,0.0018224732,0.7943966,2.4408328e-06,1.0046078e-08,0.0005225905,3.62524e-08
8.8064844e-05,2.8501556e-05,8.437592e-05,7.590574e-06,3.0608517e-05,3.3300093e-05,3.052934e-05,0.00065999717,0.0018918939,0.011237172,0.010438407,0.0106817335,0.02652206,0.00016480466,0.38788855,0.3468436,0.124958396,0.0013565108,0.023763739,0.053264838,1.5708e-06,7.0615965e-06,1.6733738e-05
0.00052962743,0.020751603,0.3729161,0.23142622,0.23245765,0.108289994,0.019964518,0.0028889033,0.0049118567,0.0008663206,0.00035465576,0.0019301075,0.00015725331,0.00019760219,0.0014428401,1.734889e-05,0.000787637,1.4710562e-05,9.029256e-05,2.1279313e-06,2.1830989e-07,1.3383221e-06,1.1095746e-06
4.1002943e-07,6.477487e-08,5.986439e-07,1.1383604e-06,2.3851457e-05,0.0003338624,0.010343927,0.05147724,0.32017446,0.12071922,0.12278645,0.017636023,0.0028279033,0.015155843,0.0024592082,0.3281644,0.0067740316,0.00081297103,2.9844135e-05,8.245729e-06,0.00026894314,6.663376e-08,1.2660221e-06
3.6320802e-05,7.908321e-06,2.1623828e-05,4.4076063e-05,0.0010945149,0.0014350504,0.011668129,0.034020398,0.1018434,0.11193625,0.12100823,0.17590682,0.17531356,0.008957022,0.010875317,0.06328424,0.08602043,0.041316796,0.041817874,0.0055109905,0.00013188885,0.00043731937,0.007311903
0.0009045663,0.013607518,0.11126746,0.21549474,0.26858118,0.12471694,0.0921461,0.051207896,0.079556614,0.011866957,0.013319239,0.00385713,0.0042227725,0.0022587269,0.0015126634,0.0003354568,0.0049065338,0.00019304696,3.025123e-05,6.281507e-06,4.92403e-06,1.7655747e-06,1.2021208e-06
9.128779e-06,0.0007303198,0.008309266,0.067938104,0.33465815,0.39641815,0.16605778,0.014828962,0.006025613,0.0027989638,0.0005302741,0.0012223249,8.535807e-05,0.00016485491,3.671615e-05,1.1375217e-05,0.00017135122,2.091691e-06,1.1347906e-06,1.09883615e-07,4.9946976e-08,6.2098002e-09,1.338091e-08
0.00012061003,0.00073150994,0.036200684,0.013000778,0.12024999,0.27027917,0.1153101,0.13531244,0.1581397,0.037467025,0.03762718,0.0121664265,0.015391563,0.011574077,0.019369662,0.00032325098,0.01352267,0.0031575789,4.817387e-05,1.520405e-06,1.5417961e-06,3.8844382e-06,4.8063737e-07
3.713967e-06,5.595249e-07,2.7850197e-06,3.3922483e-06,7.193333e-05,0.0010217946,0.0078145685,0.059091207,0.24090219,0.2582222,0.1848499,0.06657677,0.001570377,0.0009821199,0.0030884244,0.167947,0.0067667714,0.00085733866,0.00013992246,4.3004595e-05,8.108778e-06,4.4693695e-07,3.5471567e-05
2.9809686e-07,3.6732079e-06,2.0071784e-05,0.0008747596,0.027548382,0.23115733,0.5041718,0.14306217,0.030062178,0.054960992,0.004513883,0.0022108813,0.0001345647,0.00011719326,7.3903025e-06,0.0008509242,0.00030155154,1.7386801e-06,1.0769174e-07,3.800409e-08,3.3324113e-08,1.3064813e-10,2.6272682e-09
1.3508827e-06,2.0001341e-06,2.8212724e-05,3.0660565e-05,0.00079104357,0.012543318,0.055954557,0.08446447,0.067793004,0.054900706,0.121019565,0.028984904,0.13538109,0.2388836,0.006414952,0.038703438,0.085547745,0.06809096,0.00034718332,5.740526e-06,7.8990335e-05,3.1976215e-05,5.5387693e-07
1.8922168e-05,9.947432e-06,9.7257755e-05,6.360915e-05,0.00092918106,0.0056421626,0.032685995,0.10389775,0.1425858,0.14653526,0.10113506,0.016424984,0.0072204974,0.051579103,0.21369016,0.14124094,0.013140041,0.022975214,8.215904e-05,1.348286e-05,2.7354436e-05,1.5531638e-06,3.622559e-06
2.6210264e-06,7.878102e-06,0.000104679544,0.00038347967,0.017602421,0.08658573,0.27316076,0.32352597,0.086921334,0.051635962,0.04623452,0.006916551,0.021370295,0.045926645,0.00057023007,0.00221394,0.02993526,0.0068684663,2.0993391e-05,2.1952774e-06,8.975916e-06,9.3919994e-07,1.8736552e-07
0.00034724997,8.757368e-05,0.00042584198,0.00056183536,0.0049209767,0.005257551,0.03124706,0.14355902,0.15234725,0.27744693,0.21675971,0.038514104,0.030805504,0.005595428,0.041439522,0.004927995,0.006165818,0.030513328,0.005899636,0.0017346486,2.5994963e-05,0.00054967054,0.0008673682
4.388492e-06,1.5575035e-05,0.00044274528,0.00075958803,0.014006472,0.11829806,0.18050359,0.20172864,0.15361798,0.046615813,0.12045096,0.010572846,0.036736175,0.085503854,0.0020225635,0.0033792434,0.02066495,0.004619155,4.7945898e-05,1.2020134e-06,3.895404e-06,4.179362e-06,1.12416124e-07
3.9514627e-05,2.1022215e-05,9.003927e-05,7.77436e-05,0.0027397373,0.0064953747,0.06505565,0.12893565,0.10306978,0.096572205,0.06665773,0.06967422,0.10250966,0.042057853,0.047976445,0.044593424,0.10182699,0.1193815,0.0012832351,0.0004633222,0.00022471382,0.000116188414,0.00013795464
1.0575867e-05,1.1773178e-05,3.602407e-05,0.0004045009,0.037846245,0.050685767,0.20172755,0.32018664,0.08539793,0.15390424,0.1305197,0.0063295374,0.0042070583,0.00014203427,0.00027631968,0.00065070245,0.0030186023,0.0045557525,3.9526305e-05,1.3482564e-05,2.0812597e-07,1.5213524e-07,3.5630634e-05
6.314871e-06,3.2619926e-06,3.7240246e-05,2.6278399e-06,1.797595e-05,7.902244e-06,0.00044103328,0.00071718375,0.008773494,0.0007897965,0.0050525116,0.09239445,0.0052967975,0.01648815,0.06205047,0.027729634,0.012757021,0.009392059,0.30451113,0.0033916433,1.5303296e-08,0.45013893,3.3983804e-07
5.174281e-06,0.00014536624,0.0015106887,0.010369319,0.11767505,0.6751191,0.14647748,0.027641049,0.008417784,0.00657677,0.0012941423,0.0034200402,0.0003679915,0.0004772694,0.000104434024,4.4791777e-05,0.00033784247,1.3671694e-05,1.7530201e-06,1.2743348e-07,9.234829e-08,1.7528496e-08,3.127219e-08
0.00025365327,0.009594197,0.23987193,0.23206791,0.28094095,0.18123358,0.03213724,0.0053982446,0.00928122,0.0016221203,0.000598909,0.0036092442,0.0003594542,0.0003311594,0.0016528665,2.2565799e-05,0.0009514307,1.5288308e-05,5.504261e-05,1.3505781e-06,2.0123545e-07,8.434615e-07,5.676175e-07
7.928345e-07,9.2824865e-07,7.655285e-06,5.2922683e-06,0.00011010409,0.0016662332,0.0063204346,0.030543095,0.02780698,0.024452344,0.0576861,0.06195664,0.3651088,0.25350073,0.0095290635,0.091161,0.026306452,0.043689027,6.398436e-05,2.4597819e-06,6.961119e-05,1.2129232e-05,1.3804937e-07
0.00023736963,1.1239617e-05,2.406621e-05,1.6624674e-05,1.4404425e-05,1.19196375e-05,1.2399097e-05,0.00016922111,0.0002470076,0.011749747,0.01932295,0.004423968,0.067349784,0.0013037296,0.058944937,0.02741525,0.0049880445,0.0011171066,0.7815842,0.020187218,1.0630339e-05,8.285488e-06,0.0008499284
1.4375236e-07,1.9869082e-09,5.686364e-08,1.12059126e-07,4.953909e-07,7.1377016e-08,1.4397167e-06,4.4699387e-05,0.00022635887,0.015074098,0.0113324765,0.0067361854,0.00013159536,0.015614973,0.046190556,0.003619772,0.00022133806,3.574454e-07,0.7887087,0.10891027,0.0031855376,2.4050777e-08,7.633053e-07
4.3520754e-06,2.0915897e-05,0.00057800347,0.0017976753,0.10808649,0.28252047,0.38960022,0.18051985,0.017703194,0.010075014,0.0080816075,9.1212976e-05,8.06254e-05,0.0002358246,0.000309907,1.2595923e-05,0.00025616275,2.5713258e-05,1.1337157e-07,1.2945013e-08,4.932255e-09,1.0566293e-09,2.4734044e-09
1.6416237e-07,2.457243e-06,1.2942656e-05,0.00049158506,0.024519417,0.46156898,0.25938162,0.14459178,0.039661933,0.052188464,0.006199922,0.008898255,0.0007735367,0.00026010824,1.3919518e-05,0.0008560658,0.0005750276,3.6467954e-06,9.6403056e-08,3.0894274e-08,4.828225e-08,1.6731229e-10,1.6178628e-09
2.179891e-05,2.9155044e-06,3.1073578e-05,5.8273763e-06,7.223238e-05,0.00012120171,0.0132619105,0.007891968,0.024315735,0.007216763,0.055954464,0.01827825,0.01310793,0.114338964,0.04915427,0.03305458,0.00492657,0.005082093,0.65052164,0.00051404804,5.1810484e-06,0.002098349,2.223195e-05
3.067831e-06,1.997401e-06,1.037062e-05,7.4264985e-06,0.00023744057,0.0014676421,0.03523207,0.04227059,0.07069213,0.03628585,0.036003012,0.054096207,0.075224735,0.060030453,0.009296666,0.1339025,0.31590945,0.12738918,0.0012566195,8.546205e-05,0.00040943694,0.00017115165,1.663848e-05
9.140164e-07,1.3564221e-06,8.862505e-06,0.00012220364,0.0041945735,0.022841588,0.34760046,0.3129995,0.10329721,0.13162102,0.026109995,0.007009923,0.0026336606,0.0008224192,7.5677926e-05,0.035233572,0.005363092,5.909945e-05,3.0805018e-06,7.7753606e-07,8.3840314e-07,7.252301e-09,1.6992712e-07
1.2568814e-06,3.299485e-06,2.8761482e-05,0.00011203195,0.005473878,0.055302765,0.22248058,0.30024582,0.108517006,0.1036213,0.025830278,0.047434255,0.04110985,0.014453422,0.00069292175,0.0148378415,0.058624122,0.001171328,2.5998932e-05,4.1303747e-06,2.8501896e-05,2.740083e-07,4.6466005e-07
8.776837e-06,3.8770522e-05,0.00054819987,0.0015382828,0.040636912,0.13291363,0.1541527,0.15609652,0.063456476,0.12723413,0.008331077,0.17839758,0.026670128,0.03569403,0.0023550154,0.0045963516,0.066400014,0.00062020356,7.989827e-05,1.5632011e-05,0.00021452004,6.2949675e-07,5.6369095e-07
0.00028046043,3.1319367e-05,0.00028386238,0.0001718275,0.00029105146,0.0013610153,0.0013093713,0.046047386,0.05019586,0.3484244,0.38382044,0.052967984,0.03718387,0.0022464248,0.02004253,0.00045981407,0.001473573,0.038286656,0.0027618564,0.010966086,1.1519632e-05,0.0006085505,0.0007740785
4.4762647e-08,2.6938392e-09,1.6381993e-07,7.7260495e-08,5.194205e-07,7.5328853e-07,3.497084e-06,0.0003260605,0.00020348793,0.005490833,0.007021473,0.21364826,0.0042707245,0.024196282,0.15282148,0.005203375,0.0014061929,0.0001247485,0.24649605,3.5424542e-05,0.33875048,7.083726e-08,2.1187876e-08
8.338828e-08,2.2127041e-07,1.4913152e-05,3.833115e-05,0.013254443,0.39426807,0.35471252,0.21527024,0.011757352,0.007781002,0.0028419585,7.5685234e-06,7.267185e-07,5.2127493e-08,1.2052302e-05,6.26937e-08,4.0055933e-05,3.2562508e-07,2.3593869e-10,1.9178596e-11,1.0668054e-13,1.12094484e-13,1.1402537e-12
0.12872384,0.38972282,0.4009689,0.06798576,0.0069311047,0.0013701136,0.0015307307,0.000628223,0.0005299502,0.00022418541,0.00043092802,0.00013775007,3.2419433e-05,6.444959e-05,0.00012953609,8.136251e-05,0.000231758,2.5392827e-05,0.00013422227,8.505357e-05,2.7752258e-06,1.1014905e-05,1.770068e-05
8.548597e-05,1.0932628e-05,1.3321404e-05,2.7152025e-06,1.2907774e-06,7.1562667e-06,3.1736427e-06,0.00042715642,0.00071786327,0.038594395,0.0171465,0.025726704,0.216152,6.067644e-06,0.18408154,0.49755323,0.006913385,0.002172302,0.0040700007,0.006299417,1.7376392e-07,1.7432727e-07,1.5001473e-05
4.9412876e-05,0.006803629,0.044106033,0.29065573,0.35739535,0.23101746,0.059384372,0.0049471133,0.003657777,0.0007039821,0.0002598728,0.0007392741,8.572486e-05,8.481742e-05,4.2869688e-05,1.1134944e-05,5.3339267e-05,6.83704e-07,1.3003036e-06,1.1573705e-07,2.0995374e-08,8.530339e-09,1.3906028e-08
8.287355e-07,7.2652956e-06,4.6139325e-05,0.00063908694,0.019366708,0.29368916,0.2838463,0.19644101,0.06910953,0.08569008,0.010515907,0.027168391,0.0034647111,0.0018885809,8.31987e-05,0.0033668834,0.0046260576,4.6518937e-05,1.5649166e-06,4.974592e-07,1.5653613e-06,6.960234e-09,3.6881033e-08
1.7762939e-05,1.7301922e-05,0.00021261918,0.00030681907,0.011950623,0.016181044,0.3264489,0.3158482,0.121477515,0.053672336,0.05685553,0.0025717323,0.012943169,0.04802282,0.015816642,0.0024260266,0.0026363241,0.012459319,0.00011287178,9.290509e-06,1.7513845e-06,9.391689e-06,2.0191524e-06
2.3599667e-05,9.8068285e-06,5.852594e-05,1.696845e-05,0.00031106424,0.009721009,0.005323403,0.06928524,0.20542209,0.39104503,0.11377645,0.14419849,0.0023981803,5.5684245e-06,0.0027489506,0.0006443994,0.0382854,0.016682781,1.1344159e-05,2.6133166e-05,1.5069054e-07,3.059577e-07,5.086905e-06
9.243316e-08,1.2048775e-07,7.6809e-07,1.2806403e-06,7.4523625e-05,0.0016525656,0.007262082,0.039614055,0.012484022,0.029744072,0.0167575,0.057165302,0.1318552,0.026873998,0.0009573555,0.05282783,0.59384376,0.028341997,5.9607693e-05,3.795856e-06,0.00047768408,2.2074323e-06,1.5263622e-07
8.21562e-07,5.7898202e-08,1.3571452e-06,9.946178e-08,1.0329062e-05,2.0631163e-05,0.0010628665,0.008461104,0.009676072,0.006516901,0.028904025,0.012385819,0.11788576,0.29149598,0.026038086,0.08669674,0.22857808,0.0014500299,0.17999397,0.00034603092,0.00034049104,0.00013079181,3.908576e-06
8.469982e-05,2.143987e-05,0.0002292772,0.00016270054,0.005713644,0.013066887,0.04047455,0.34095985,0.22527575,0.18625318,0.092530906,0.013541721,0.007339202,0.00032689873,0.059108857,0.00012696393,0.00857121,0.006155601,3.0852367e-05,2.2549119e-05,1.4393154e-07,1.147118e-06,1.9297668e-06
1.415654e-05,4.86755e-06,9.942163e-05,1.9331823e-05,0.00076625386,0.031632483,0.020845406,0.21613766,0.26934004,0.29865685,0.056115314,0.021014957,0.0011477651,5.612021e-05,0.040774394,0.00062387675,0.03926363,0.0034808037,4.206351e-06,2.2688728e-06,2.9520676e-08,9.594857e-08,1.2573962e-07
3.235077e-05,1.2515573e-05,3.3515364e-05,1.1864625e-05,9.5247844e-05,0.0029447514,0.0012953478,0.047096476,0.09648192,0.24805087,0.30892828,0.2090731,0.010843073,3.6822607e-06,0.0010611498,0.0018933094,0.020264775,0.051708918,1.715638e-05,0.00010183297,2.2795692e-07,2.0887843e-07,4.9434995e-05
2.6878656e-06,1.1368252e-06,1.9408524e-05,7.024597e-06,0.0013651138,0.06347062,0.084082976,0.29143986,0.24759397,0.2595015,0.027427291,0.0032384628,6.24573e-05,2.1007743e-07,0.00026403158,1.4036238e-05,0.021384645,0.00012454996,3.180224e-08,1.8015983e-08,7.0385676e-11,9.0024994e-11,2.3071238e-09
5.429661e-05,0.0029950684,0.04557663,0.17623445,0.3485139,0.30950442,0.09148986,0.010207127,0.009008152,0.0021138315,0.00066778297,0.0023675233,0.00023916394,0.00038571595,0.0002436043,1.8254055e-05,0.00036528433,7.0586707e-06,7.1372874e-06,3.6860172e-07,1.1874866e-07,8.463259e-08,1.006011e-07
1.3215086e-05,4.838261e-08,4.0023264e-07,1.616645e-07,4.6381395e-08,2.632963e-07,1.4912987e-07,0.0013767496,0.0015762226,0.1332816,0.14517431,0.13539395,0.15069611,5.278826e-05,0.031297285,6.086139e-05,0.0001574142,0.39375308,0.0019622198,0.0050972155,9.2690104e-09,2.3487607e-08,0.000105815656
0.001186201,0.0002596277,0.0011804469,0.0008141223,0.0004132625,0.0014584415,0.0018657985,0.042305745,0.044723447,0.2201382,0.28414404,0.060529903,0.17778999,0.011228089,0.029036311,0.0069024586,0.0016566388,0.05024578,0.015611008,0.03696927,5.044872e-05,0.01037252,0.0011182457
1.7597813e-05,1.7209155e-05,0.0004958016,0.00039763196,0.0018012334,0.018850442,0.1992269,0.19106331,0.10849142,0.059772145,0.15654531,0.007810289,0.009318728,0.1099747,0.09443355,0.0076358276,0.00020795425,0.025002107,0.008019092,4.184797e-06,8.960354e-08,0.0009140751,3.6690636e-07
6.899215e-07,7.2111294e-07,6.5142435e-06,7.2588664e-06,0.00068879145,0.009321698,0.021616388,0.056237318,0.070140764,0.055774726,0.024239445,0.15530372,0.49385294,0.024938606,0.0044102115,0.0151624605,0.06351204,0.0047365953,3.0381962e-05,4.862101e-06,1.252078e-05,8.5302867e-07,4.4036125e-07
6.800144e-07,1.2068106e-05,0.000110566245,0.0015726072,0.04591995,0.27419567,0.40181053,0.16194847,0.032863792,0.05418579,0.0031385687,0.016667103,0.0018439054,0.0016197527,4.6053126e-05,0.00039282537,0.003645245,2.1995782e-05,1.2397413e-06,3.117962e-07,2.8812124e-06,5.0690523e-09,1.15425856e-08
5.8305736e-06,3.0455667e-06,3.9676077e-05,1.5299818e-05,0.0010484814,0.03249264,0.052156787,0.19975366,0.31407687,0.33675095,0.040478066,0.011200749,0.00019944803,1.835214e-06,0.0015680084,0.00019321931,0.009201555,0.0008115345,1.6424494e-06,4.5737846e-07,2.537182e-09,7.057178e-09,1.5399212e-07
7.5182993e-06,3.6352183e-05,0.0005436132,0.002478643,0.105987616,0.13401285,0.42622918,0.20810683,0.04833257,0.026350932,0.031154417,0.00067395787,0.0018363856,0.01151799,0.00057208043,0.00029173846,0.001705237,0.00016047973,5.070355e-07,1.5912063e-07,9.997733e-07,1.1380339e-08,1.9750441e-08
5.5642475e-05,0.00072244235,0.008844728,0.042103607,0.23391435,0.15394421,0.21227299,0.13682008,0.1229029,0.029433377,0.02973995,0.0034182614,0.010013626,0.010918447,0.00069966173,0.00039782596,0.0036640586,0.00012616126,2.7240592e-06,6.133165e-07,4.2439156e-06,8.184762e-08,5.9270803e-08
8.74132e-07,2.269445e-07,3.6578463e-06,5.9838944e-06,0.0009300586,0.01711386,0.08690667,0.27205116,0.21243206,0.28950208,0.104100704,0.004348455,0.00034348693,1.52054e-05,0.00031959682,0.00094221206,0.010826845,0.00015586137,6.2350273e-07,2.2684583e-07,1.0770058e-08,1.2302884e-09,1.269043e-07
9.665332e-06,1.4043811e-05,5.0392966e-05,0.00031722957,0.037376534,0.049283884,0.25980932,0.3567792,0.08299752,0.08897633,0.065044634,0.009306328,0.01198493,0.0019733324,0.0017147945,0.00077341835,0.011332554,0.022173287,4.7267273e-05,1.8805173e-05,2.0330203e-06,8.5332334e-07,1.3570069e-05
0.0001643122,0.014486116,0.12743764,0.41091007,0.2666841,0.12954204,0.040622234,0.0035628835,0.004192999,0.0006912952,0.00028609904,0.00087572937,8.701139e-05,0.000114423405,0.00013755081,1.457006e-05,0.00018020351,2.5828215e-06,7.3404194e-06,5.033134e-07,8.1472024e-08,9.238401e-08,1.3904504e-07
3.214656e-06,2.2121692e-06,3.1480944e-05,4.8007696e-05,0.0028883445,0.0068418407,0.2420106,0.2517251,0.13885112,0.07310247,0.092960246,0.00445344,0.033859532,0.099285334,0.010408805,0.0067351125,0.00588063,0.030807823,8.719437e-05,4.8321253e-06,2.6579874e-06,9.367356e-06,6.125585e-07
0.020489352,0.23986062,0.66782504,0.05490726,0.012757716,0.0019021053,0.0009834627,0.0002569487,0.0003245128,6.079595e-05,0.00010380355,9.590194e-05,9.482943e-06,2.7270551e-05,0.00012486076,1.1556485e-05,0.00015525885,8.255787e-06,7.365654e-05,1.4962623e-05,4.2279808e-07,3.1397713e-06,3.5833286e-06
0.00022890637,0.00022132591,0.0008576743,0.0020945496,0.052671105,0.032924965,0.27493492,0.28676677,0.14253639,0.08074229,0.0749391,0.0059398287,0.006543936,0.0047393832,0.012416738,0.0014766838,0.0044126394,0.014766152,0.0006061509,7.8577796e-05,4.59399e-06,2.539813e-05,7.19485e-05
0.00011068492,9.2222135e-06,6.630024e-05,2.441925e-05,0.00014062061,0.00049361686,0.0007240649,0.08866523,0.102831036,0.197169,0.10478323,0.11505286,0.038604256,0.00033215867,0.17730515,0.00029310706,0.012563979,0.16010393,0.00018739521,0.0005167587,9.256201e-07,1.8703499e-06,2.0191883e-05
2.1464321e-07,2.1178524e-08,1.4300133e-07,3.7784787e-07,4.5357226e-07,6.773887e-07,5.0356853e-06,0.00042455646,0.00037345794,0.008176607,0.007867394,0.371319,0.008962817,0.26559913,0.083283305,0.082871184,0.00011721845,1.938966e-05,0.017168207,0.00026427806,0.15354644,1.8450194e-08,5.2539765e-08
1.754618e-05,3.0599593e-05,0.00015617376,0.00033919344,0.0055711768,0.043713484,0.115570694,0.16362613,0.056210697,0.06791854,0.033493366,0.04660138,0.05296493,0.043497093,0.0021565075,0.03872288,0.3077578,0.02021279,0.00047564943,0.000103033504,0.00083314115,1.9246063e-05,8.008076e-06
9.648552e-06,2.2788124e-06,8.051278e-06,3.1505338e-06,9.5909614e-05,0.00051416265,0.004886262,0.01534778,0.03959488,0.03758188,0.058279227,0.031394314,0.09350894,0.043093927,0.027550861,0.3799322,0.2588186,0.003507778,0.004551017,0.0010301288,7.321791e-05,4.9018738e-05,0.00016684642
0.0005685135,0.00045997518,0.0015200259,0.00036190497,0.0009578253,0.0029283958,0.017519748,0.084016494,0.11063436,0.10828834,0.051297605,0.05757324,0.018288765,0.007902771,0.097468205,0.3677625,0.014561847,0.056776185,0.0008460788,0.00017063011,3.166962e-05,2.9028966e-05,3.5941186e-05
0.00024125329,7.248662e-05,0.00023972025,0.0007269298,0.002896288,0.0034506272,0.005947072,0.11139366,0.12896791,0.37261996,0.20619728,0.06006874,0.053254254,0.0005866362,0.0057253875,0.002324622,0.00095725874,0.03517708,0.0037368375,0.0023089845,8.030147e-06,0.00016147942,0.0029375271
2.0317615e-05,1.27743315e-05,8.767467e-05,5.891534e-05,0.0036542595,0.054125726,0.22394823,0.2894625,0.15975557,0.20431985,0.037941482,0.0047500823,0.00031259502,3.473354e-05,0.00074599654,0.002292887,0.018229712,0.00024464473,1.3686068e-06,4.797518e-07,3.6984186e-08,6.602799e-09,2.0420605e-07
1.5352965e-05,2.4598092e-05,0.00024687726,0.0005205646,0.020789612,0.029694617,0.30695942,0.3478753,0.10671874,0.046216883,0.048655096,0.0026304794,0.013947093,0.051929496,0.0067137335,0.0016025116,0.0040200558,0.011369223,5.5422504e-05,6.554941e-06,2.6511118e-06,4.3530154e-06,1.3545551e-06
0.003627207,0.1724943,0.42802966,0.298621,0.06901212,0.017688334,0.007578484,0.0009936064,0.0009934383,0.00021046077,0.00016010742,0.00021332027,2.6739213e-05,5.1168525e-05,0.000115263334,2.3186389e-05,0.00011821771,4.868964e-06,3.093071e-05,4.738016e-06,2.6557527e-07,8.4879997e-07,1.7381617e-06
4.860825e-05,2.4150258e-05,6.239328e-05,2.437277e-05,2.1562664e-05,0.00019176466,0.00014318034,0.014060522,0.024614172,0.102408156,0.07450949,0.12354412,0.03116536,7.611862e-05,0.012902547,0.0074046985,0.0027921146,0.60081655,0.00027847363,0.0048272843,2.4155474e-06,2.8513714e-05,5.348698e-05
1.3091464e-07,2.383284e-07,8.331419e-07,2.6877256e-06,1.8324074e-05,0.00037353576,0.000406453,0.009918591,0.0053318776,0.014634033,0.0104486225,0.36861458,0.33370715,0.029265594,0.0018599977,0.21357532,0.010692671,0.0008933162,1.4333215e-05,7.5700024e-07,0.00024090915,1.1335901e-07,4.697426e-09
3.513213e-05,0.00051976176,0.024571477,0.034343846,0.3076808,0.37178054,0.11962997,0.042526428,0.031472694,0.017132053,0.003059569,0.021521918,0.0038939083,0.0029307632,0.00413239,0.00012727497,0.014429976,0.0001236224,8.166672e-05,2.1270087e-06,2.9287148e-06,6.584203e-07,4.773096e-07
0.00021425332,2.820256e-05,0.00010318793,0.00012651316,0.0016421466,0.0017196923,0.0018045206,0.020570053,0.040493194,0.11631189,0.11121417,0.14285319,0.08575103,0.042601176,0.07574191,0.009473782,0.02885435,0.09927138,0.10334372,0.06938875,7.003678e-05,0.00014762717,0.048275217
0.00011777732,0.0011849703,0.03422335,0.04755444,0.2243512,0.2212527,0.14932509,0.10938857,0.13732193,0.025625572,0.025240183,0.003350601,0.005973021,0.004891906,0.0024184254,0.0001849186,0.0072042593,0.00037722167,1.01920095e-05,1.0784456e-06,1.8023557e-06,5.651037e-07,2.4902945e-07
2.1833541e-06,1.5006947e-06,2.0741141e-05,1.1203348e-05,0.001343393,0.03890506,0.07127723,0.29653677,0.23853296,0.19752412,0.05530953,0.015813766,0.004071983,0.00042825326,0.009838859,0.009190346,0.060869012,0.0003225072,2.386494e-07,2.8025025e-07,8.3923034e-08,2.2228728e-09,1.3331336e-08
3.115647e-05,1.6266738e-05,6.8610854e-05,1.5437257e-05,9.572974e-05,0.002237988,0.001240864,0.054648627,0.19356051,0.269025,0.15202172,0.20462215,0.008587524,1.6217396e-06,0.0013656645,0.0007864011,0.008307001,0.10331209,5.998735e-06,3.9593502e-05,7.4957654e-08,1.2274646e-07,9.815672e-06
3.738109e-06,2.561414e-06,3.8838814e-05,2.0392466e-05,0.0026382715,0.06484539,0.14940242,0.2643533,0.23295327,0.25452593,0.023885759,0.0027547954,4.9535618e-05,5.6605177e-07,0.00040481938,4.464066e-05,0.003916479,0.0001589238,2.6319435e-07,4.5487678e-08,2.6073316e-10,5.3176474e-10,1.8528166e-08
1.238168e-06,8.2174824e-07,4.6621853e-06,3.9103343e-06,7.193101e-05,0.000723687,0.02444736,0.03637879,0.07115529,0.027883023,0.08895191,0.018467676,0.058945257,0.22630452,0.0120715415,0.20746589,0.030501774,0.19573545,0.00063322176,1.2664012e-05,0.00012284551,0.00011485755,1.694964e-06
1.9138133e-06,1.7409597e-05,0.0002115031,0.0011721514,0.035297092,0.30892038,0.26677448,0.18306078,0.052873176,0.06651645,0.007363606,0.046056006,0.008711889,0.0075162677,0.0002946103,0.0012057729,0.013767194,0.00022121791,6.998062e-06,1.1682426e-06,9.7947e-06,6.7852696e-08,1.0257995e-07
6.35669e-06,1.5065768e-06,1.0333968e-05,2.8546488e-06,6.4593405e-05,7.676658e-05,0.00013461408,0.00080436294,0.0026279967,0.0052585783,0.010768443,0.023978211,0.02051488,0.014022605,0.05954124,0.12889314,0.25694495,0.010330121,0.43663427,0.025935506,5.7802947e-05,0.0008737958,0.0025169915
7.966926e-05,1.5858644e-05,2.7249873e-05,6.973675e-06,2.2333752e-05,0.00062081614,0.00056548195,0.054172486,0.07942029,0.25279272,0.40540057,0.09827953,0.07328735,6.6950827e-07,0.00043426917,0.0052980045,0.004730069,0.024801524,2.8187296e-06,1.2651189e-05,3.212058e-08,3.718965e-09,2.8620414e-05
3.271838e-05,3.7650918e-06,1.4891767e-05,1.2991729e-05,0.000100290235,0.00022924307,0.00016439664,0.008368835,0.02640891,0.036707744,0.023091638,0.15848304,0.37517175,0.061490763,0.2604644,0.011503222,0.007924916,0.021511093,0.0039461968,0.0041253744,7.640022e-06,3.5389603e-06,0.00023265235
2.1263551e-05,0.000101149926,0.0051344465,0.0044949586,0.13157132,0.27116293,0.135629,0.10343566,0.05024351,0.06039383,0.008879108,0.09408937,0.029252853,0.028812356,0.014731123,0.0007889989,0.059722535,0.0012559659,0.00024674353,5.7973975e-06,2.3491555e-05,2.4653605e-06,1.1500296e-06
7.6493025e-06,4.397419e-06,3.343105e-05,1.4626045e-05,0.0010698289,0.030309422,0.05814293,0.181835,0.24742472,0.38440102,0.06256492,0.015536745,0.0003477929,1.888621e-06,0.00049569557,0.00046175788,0.016646937,0.0006991301,1.2199763e-06,4.7971e-07,5.6992993e-09,5.3349236e-09,3.2883412e-07
6.4475574e-07,7.890568e-08,2.1534204e-06,5.4323266e-08,1.1990478e-05,4.555041e-06,1.5929143e-05,0.00010704948,0.00014986347,0.00011878965,0.00071743864,0.0051447893,0.0013049864,0.001468144,0.10272492,0.014892629,0.7789941,0.0055979276,0.085084446,0.0025425781,1.0387363e-06,0.0011129124,2.9581306e-06
3.5334276e-06,1.6970402e-05,0.0002835878,0.0008251247,0.030861033,0.17588629,0.25339204,0.2113802,0.06177763,0.08221388,0.009360887,0.07598202,0.0222654,0.02001387,0.0011693827,0.0024034048,0.05128169,0.0008071238,3.6458357e-05,4.0353048e-06,3.460252e-05,4.478343e-07,3.6896208e-07
0.0001383704,0.001690748,0.116451904,0.03596122,0.29495254,0.3295037,0.047037,0.021003237,0.029579848,0.00965281,0.0028631326,0.05304807,0.007184668,0.0043146918,0.030727036,0.0001285737,0.014830296,0.00031740125,0.00059868867,4.671355e-06,1.9877868e-06,7.824301e-06,1.6086293e-06
1.8156229e-06,5.331786e-05,0.00041694287,0.005732509,0.10458373,0.38485768,0.33623597,0.09248177,0.023355912,0.033190425,0.0022425458,0.012603704,0.0011422471,0.0015163156,4.695083e-05,0.00020252797,0.0013208971,1.1542283e-05,1.1396714e-06,2.805212e-07,1.7322515e-06,5.470169e-09,1.2112767e-08
2.6794327e-05,7.026905e-06,1.9762174e-05,6.0198267e-06,3.606353e-06,7.663263e-05,2.498559e-05,0.008858642,0.028815284,0.11710813,0.10315759,0.21841277,0.04872258,1.353785e-06,0.0018841022,0.0010625003,0.0008355411,0.47022372,1.6661728e-05,0.0007123817,1.185706e-07,3.4075995e-07,2.3531271e-05
1.04297e-05,2.7929616e-05,0.0008664198,0.001080941,0.054045573,0.12573557,0.1880977,0.16202644,0.046740837,0.08391551,0.009438303,0.09719374,0.037116963,0.042491384,0.008875591,0.002175857,0.13783467,0.0019121849,0.0003174601,1.0950566e-05,8.199558e-05,2.305829e-06,1.2656245e-06
3.494142e-05,1.1245085e-06,4.9418577e-06,3.5767628e-06,4.3020486e-06,1.9123552e-06,1.6590685e-06,4.7750425e-05,0.00012723566,0.0014039108,0.004358665,0.0008024829,0.018579327,0.015299616,0.015557664,0.005115618,0.0006666589,0.0009378858,0.91687775,0.019325498,3.3262081e-06,3.1983986e-06,0.00084100687
1.0398298e-05,2.162416e-05,0.00018719767,0.00096946006,0.013715265,0.07672217,0.62606096,0.16060609,0.035931807,0.052571606,0.017537957,0.004386207,0.0013073703,0.00088759355,0.0009773353,0.0059500854,0.0019781513,0.0001496195,2.64508e-05,1.3694863e-06,3.830348e-07,1.08524674e-07,8.345563e-07
1.5302834e-05,9.4888564e-05,0.0015643771,0.005005484,0.07697161,0.11175322,0.26304752,0.28862867,0.14142206,0.02327522,0.03561541,0.0015679192,0.008809589,0.038620852,0.0020692397,0.00034361918,0.0006537035,0.00053165335,8.264469e-06,4.5467237e-07,1.9400261e-07,6.1053345e-07,7.086443e-08
1.995652e-06,3.081894e-07,1.4744345e-06,1.775728e-06,2.2036187e-05,0.00035059705,0.0039131776,0.022490084,0.14587751,0.13313137,0.074386545,0.07241549,0.0048930096,0.019616429,0.009523874,0.50397444,0.008346147,0.00057306915,8.2569735e-05,3.5969162e-05,0.00035636773,1.8904717e-07,5.645313e-06
1.6019705e-05,7.551212e-06,1.3957932e-05,6.766907e-06,4.2835295e-06,4.2799547e-05,4.09122e-05,0.015058296,0.03986473,0.11769013,0.045592062,0.037711065,0.02070841,0.0005285135,0.004882996,0.0010192704,0.0006246697,0.5324459,0.00043995376,0.18034954,2.440536e-07,0.0029295404,2.236015e-05
1.0801987e-06,3.4146632e-07,1.4919285e-06,4.170392e-07,1.2160573e-05,5.452096e-05,0.00013575883,0.0012407239,0.0071134325,0.007951585,0.015595182,0.10688389,0.06991401,0.016947918,0.022040287,0.37777746,0.14629795,0.08314187,0.12535033,0.0030849886,2.8537926e-05,0.015591135,0.00083491165
0.007153925,0.21574399,0.5994769,0.13381098,0.032407567,0.006665547,0.002842757,0.0005078297,0.00055445026,0.00011813615,0.0001179971,0.00015744197,1.6848622e-05,4.0363742e-05,0.00013737519,1.7286959e-05,0.00014611872,7.180688e-06,6.21238e-05,9.090919e-06,4.0935345e-07,2.0043233e-06,3.8387498e-06
9.841729e-07,1.2046443e-06,1.4367722e-05,0.000110653695,0.005856891,0.019625157,0.2861377,0.24261303,0.10587368,0.11336641,0.15949915,0.0016123583,0.007242467,0.0354539,0.0007613649,0.0026138243,0.017819319,0.0013252815,1.6753261e-06,5.7466985e-07,6.998934e-05,1.5159578e-08,4.734471e-08
1.156679e-06,4.5101115e-07,2.2824036e-06,1.49039915e-05,0.00055904523,0.0027761408,0.0927305,0.13099879,0.13388519,0.18791421,0.061322983,0.013097164,0.010957309,0.0010664404,0.0003744309,0.34989148,0.014198063,0.00018667507,1.6522676e-05,2.8085747e-06,1.2925833e-06,3.7369723e-08,2.0936805e-06
3.6152198e-06,1.3917963e-06,7.792159e-06,2.8705638e-06,7.911121e-05,0.0032713925,0.003923983,0.04892496,0.1398683,0.15923797,0.085006975,0.22659194,0.045000363,0.0037023223,0.11362909,0.05758465,0.10777545,0.0053636148,5.2091345e-06,9.669331e-06,8.615432e-06,1.2195852e-07,5.9008966e-07
6.3985965e-07,7.583677e-06,6.482869e-05,0.00077644555,0.027383743,0.23328094,0.3081344,0.22525506,0.055082656,0.08349641,0.0060290587,0.040706784,0.0057964385,0.003881234,8.039549e-05,0.0012699004,0.00868449,5.7516372e-05,1.9905153e-06,6.324883e-07,8.825176e-06,9.714374e-09,2.1173593e-08
5.6906306e-06,1.1026895e-05,0.00018091714,0.00018871127,0.01557997,0.22060134,0.40869832,0.28725368,0.03837395,0.021882882,0.0060529937,0.000108893226,1.5772463e-05,5.5632836e-06,0.00017722796,2.412951e-05,0.00082663196,1.2307528e-05,4.737048e-08,9.094941e-09,3.7324402e-10,1.626352e-10,9.142173e-10
1.03597046e-07,1.16463625e-07,7.975378e-07,7.7082115e-07,3.041581e-05,0.0007045917,0.0027241232,0.02818001,0.01676486,0.025832888,0.026585724,0.12712832,0.47270542,0.082021184,0.0039629354,0.09301121,0.088450804,0.031771652,1.604249e-05,1.2203276e-06,0.00010498815,1.711148e-06,4.1443304e-08
5.043568e-07,1.5693366e-06,1.2570202e-05,9.0318856e-05,0.004798291,0.06277989,0.13242947,0.28349063,0.14049692,0.1418552,0.018827457,0.11137294,0.03862649,0.008036038,0.0002483133,0.019854391,0.036700927,0.00035475905,6.187267e-06,2.3377584e-06,1.4669407e-05,4.5493657e-08,1.2490138e-07
1.8733928e-05,0.0013812558,0.024033157,0.12899633,0.37143415,0.32469103,0.12138334,0.012816219,0.009130302,0.0026868035,0.0006469663,0.0018562155,0.0001868234,0.00025295615,9.3473245e-05,1.2951909e-05,0.00037271756,3.7707382e-06,2.4794424e-06,1.6176614e-07,8.460325e-08,1.9338387e-08,2.8079606e-08
1.8828753e-06,1.00685774e-07,2.1164205e-06,4.884606e-07,1.4790814e-06,8.002109e-06,4.6418714e-05,0.0015318039,0.009851047,0.006476402,0.030279227,0.0402131,0.0013106792,0.24114394,0.047816437,0.5061765,0.0034971533,0.06882083,0.041121617,0.001495649,4.0506897e-05,0.00016124682,3.4159887e-06
1.0997682e-07,4.895668e-08,5.136493e-07,8.974304e-07,0.00013852591,0.0007620281,0.047217213,0.16804902,0.06591736,0.0555328,0.03338279,0.0144111905,0.41315264,0.01397898,0.0006776032,0.03870444,0.14674315,0.0010040461,0.00022058615,5.317837e-06,9.983443e-05,4.9514705e-07,4.527604e-07
1.2922748e-06,3.6237884e-07,2.8222646e-06,8.55576e-06,0.00018885678,0.0014489669,0.045748174,0.11376356,0.23853378,0.17851707,0.13971235,0.021423746,0.0044094655,0.019233404,0.0016202059,0.22259805,0.012053857,0.00039180988,1.449696e-05,7.5319053e-06,0.0003207205,3.078103e-08,9.087573e-07
2.6345415e-05,1.1040075e-05,5.6513567e-05,2.1366992e-05,0.0006918985,0.019542493,0.024698129,0.10882212,0.1739169,0.33715814,0.1329567,0.08028545,0.002618146,3.2822594e-05,0.0021060891,0.0045646233,0.108954005,0.0034930927,1.848764e-05,1.46860475e-05,4.976951e-07,2.0008079e-07,1.0316206e-05
1.064488e-06,3.289962e-05,0.00022439094,0.0046531237,0.085689105,0.4513723,0.378244,0.055211186,0.008580484,0.013360683,0.0013463219,0.0009022306,6.1985906e-05,9.90411e-05,1.0288734e-05,6.152417e-05,0.00014743731,1.6837579e-06,1.9947267e-07,3.3227945e-08,2.90294e-08,4.359936e-10,3.1195229e-09
2.3578013e-06,1.6935026e-06,1.0106721e-05,7.976906e-05,0.0024134251,0.0082568005,0.35512412,0.2176344,0.09923945,0.14729707,0.049163073,0.0054051485,0.00406837,0.00090034195,0.00031310148,0.10419797,0.0057481453,0.00012562847,1.5488278e-05,1.7641612e-06,7.956066e-07,3.25953e-08,1.0321141e-06
4.693079e-08,2.5644231e-09,6.6152985e-08,3.805582e-09,5.204586e-07,9.0765305e-08,7.3171043e-07,1.573631e-05,1.1924834e-05,0.0001504563,0.00023382844,0.0008197692,0.0001811108,0.0015497587,0.14993264,0.001822196,0.03644421,0.00027889246,0.8015923,0.006952738,5.3249137e-06,6.9391035e-06,6.8860066e-07
2.7451886e-06,1.3339178e-06,2.0302077e-05,4.6641613e-05,0.00038195093,0.002684073,0.01408723,0.043023437,0.061814193,0.12572539,0.2945895,0.03646789,0.09033145,0.1332238,0.081693724,0.030397814,0.038580198,0.0355634,0.0003538288,8.087741e-06,0.011001197,1.1627561e-06,6.1819975e-07
5.6867844e-05,0.0031206138,0.04416569,0.16506903,0.36515576,0.29157338,0.093895964,0.013300094,0.013192063,0.0033152506,0.0008672932,0.0041907136,0.00049593684,0.0006020598,0.00028454704,3.6046607e-05,0.0006601207,9.1454585e-06,8.396186e-06,6.0334645e-07,2.6782374e-07,1.0483809e-07,1.15180995e-07
5.1545553e-06,0.0003690712,0.004458056,0.037789878,0.25365216,0.56451094,0.11583305,0.013559883,0.004956171,0.0024847307,0.00052705134,0.001408341,0.000122048135,0.00015937249,3.5207468e-05,9.788178e-06,0.00011631917,2.0899008e-06,6.793947e-07,4.9557784e-08,2.310359e-08,4.077318e-09,7.1732305e-09
4.07235e-06,2.4284664e-06,2.926273e-05,1.45951935e-05,0.0019522074,0.0525821,0.11287266,0.24650048,0.22890405,0.308278,0.03541693,0.0044520064,9.801548e-05,8.8170907e-07,0.00037784048,9.877829e-05,0.008190768,0.00022433509,3.703681e-07,8.808858e-08,7.2935424e-10,8.796601e-10,4.0589416e-08
4.0228333e-06,1.1672396e-06,1.6739823e-05,1.837714e-05,0.00079762476,0.0098878015,0.09362698,0.20874745,0.34331387,0.23798601,0.0713159,0.006142445,0.00041273577,0.00038600859,0.0030756749,0.016763661,0.006689343,0.00080100476,1.00933985e-05,1.6322093e-06,3.6498926e-07,3.600309e-08,9.88881e-07
2.820585e-06,1.4104423e-06,8.979535e-06,1.8529583e-05,0.00018574276,0.0007365005,0.008713678,0.036748808,0.09276711,0.086085476,0.18287027,0.024038104,0.036196526,0.29531065,0.034033377,0.18865125,0.0059360215,0.006154495,2.7030797e-05,4.696523e-06,0.0015080243,1.3992386e-07,3.5389073e-07
3.3614829e-06,1.7003613e-06,5.8406353e-05,1.826588e-05,0.00019442588,0.00141615,0.0013473827,0.0119230235,0.023302568,0.051539004,0.09471954,0.21884346,0.15904014,0.09182546,0.121139444,0.011396233,0.038483717,0.17249681,0.0012172918,7.6008e-06,0.0010143726,1.11193785e-05,5.022267e-07
7.34934e-06,2.262654e-06,2.1017724e-05,1.03359425e-05,0.00049455895,0.01826688,0.032133207,0.14898889,0.28327063,0.3178689,0.08534976,0.03120146,0.0012790125,0.00016366193,0.0054672495,0.009908323,0.06386775,0.0016811725,1.0701185e-05,4.5453494e-06,4.805117e-07,7.530193e-08,1.8259547e-06
5.8967153e-06,3.0089353e-07,3.2871726e-06,8.897692e-07,1.1160557e-06,8.523829e-06,0.00018080631,0.0031412235,0.057625927,0.011083556,0.044935018,0.036054548,0.0013275503,0.22989647,0.01053992,0.14154062,0.0025046514,0.352737,0.023411369,0.022539487,2.171115e-07,0.06246035,1.2673348e-06
2.5154497e-08,1.8969875e-08,1.5134815e-07,7.0005444e-07,0.00017407238,0.0015758312,0.037160065,0.09834455,0.03439337,0.033612393,0.010195407,0.015816059,0.044772785,0.0022930917,6.6945766e-05,0.006139746,0.70560706,0.009674111,1.8113538e-05,2.0228947e-06,0.00015310761,1.9613925e-07,1.3289926e-07
2.9960154e-06,8.3251575e-07,4.828013e-06,2.810467e-06,0.0001582802,0.006049111,0.00497075,0.089085,0.12167173,0.51595604,0.20137963,0.042019267,0.0010044572,2.8653696e-07,5.168651e-05,0.000501619,0.01570914,0.0014275229,4.4792887e-07,8.7349054e-07,1.6678904e-09,1.7827084e-09,2.6626026e-06
3.9104915e-08,2.4660904e-08,1.885522e-07,1.2567428e-07,2.1404403e-06,4.0368894e-05,6.268696e-05,0.0028497719,0.001321649,0.008350863,0.011575397,0.45475623,0.15539993,0.012319734,0.012257593,0.20571606,0.123595074,0.007387408,0.0011193692,2.6630032e-06,0.003241459,1.2250404e-06,1.6489073e-08
1.1178433e-07,3.7113004e-08,2.6593796e-07,8.680992e-06,0.00056880596,0.0053139227,0.056411505,0.20057385,0.10860026,0.44999757,0.056086235,0.0034352546,0.00039126418,1.0807729e-05,1.0272034e-05,0.11707818,0.0015059422,6.71687e-06,2.0212514e-07,3.942221e-08,1.1752281e-09,4.8679574e-11,9.376933e-08
2.4975427e-05,6.248333e-05,0.001675826,0.0015237011,0.029786354,0.05575509,0.12405487,0.17039435,0.17796816,0.08819043,0.10966459,0.015393144,0.056702804,0.09351102,0.034742188,0.0021567433,0.024576293,0.013762002,2.8188324e-05,2.490192e-06,2.2101123e-05,1.8296971e-06,4.1870223e-07
0.00020464062,0.015139412,0.12667626,0.3804844,0.27484632,0.14554676,0.045484412,0.0041306326,0.004605947,0.00081284903,0.00033705606,0.0010373403,0.00010058673,0.00016209531,0.00019282635,1.8216482e-05,0.00020433757,4.0618293e-06,1.0606637e-05,7.1961676e-07,1.1961514e-07,1.5624742e-07,2.2669565e-07
3.4113604e-05,0.0007864123,0.009975753,0.07942002,0.14474878,0.3935232,0.119219996,0.10834228,0.10436676,0.009041038,0.021892367,0.0013557186,0.0036541414,0.0027095373,0.00015476902,0.00017255444,0.0005722027,2.758663e-05,2.41989e-06,1.8640499e-07,1.0372764e-07,7.931677e-08,1.7547094e-08
1.505606e-06,3.338586e-07,1.8255295e-06,2.4151655e-06,5.712114e-05,0.0028030856,0.00204996,0.08282657,0.27279156,0.43888283,0.13266303,0.061914906,0.0009833748,5.486424e-06,0.0009642709,0.00018720415,0.0014469003,0.002353535,1.9358073e-05,3.934015e-05,1.2074496e-08,2.873428e-07,4.9972186e-06
0.00018585467,2.7477496e-05,0.00015755362,0.00015857375,0.0013410582,0.0024130302,0.0019779261,0.08359366,0.08311641,0.3718443,0.23282568,0.057613038,0.022130221,0.00041613338,0.007832382,0.0002760979,0.0033455184,0.120958656,0.002030377,0.0051824804,8.030323e-06,5.6115594e-05,0.0025093912
5.8732785e-05,0.00019750121,0.0054468196,0.005155853,0.08229928,0.12135303,0.23735264,0.20201644,0.13732181,0.057514325,0.052740682,0.0056952494,0.00856215,0.035019815,0.031442758,0.0007761295,0.008643858,0.008352187,4.108092e-05,2.5490372e-06,3.4705108e-06,2.7570102e-06,7.954878e-07
1.6938982e-06,8.2569676e-07,9.212152e-06,1.8202962e-05,0.0018573289,0.037903443,0.21925108,0.33306304,0.13962482,0.19729407,0.05425158,0.0026688427,0.00016359199,3.2746244e-05,0.00013386543,0.0034809334,0.010203447,4.094507e-05,1.6938134e-07,8.806902e-08,1.351412e-08,3.1280475e-10,2.742918e-08
4.2179895e-06,4.0748702e-07,2.404108e-06,8.727471e-07,4.8736824e-06,3.502014e-05,3.5030193e-05,0.0034273101,0.009025328,0.021664003,0.020635018,0.19985244,0.4587346,0.008709612,0.2621266,0.0021527857,0.0031987338,0.00966745,0.00011719068,0.00059202994,7.7805913e-07,2.7479878e-06,1.0582506e-05
8.279282e-05,0.0041091777,0.07194536,0.21861327,0.34428898,0.2509816,0.08509542,0.009124012,0.009306673,0.0021019413,0.00066180876,0.0021486941,0.00020984042,0.00032895687,0.00037637085,1.865983e-05,0.0005848055,8.320938e-06,1.2362021e-05,5.5647e-07,1.6227006e-07,1.3295057e-07,1.7213617e-07
3.344031e-06,2.2926e-05,0.0004885261,0.0015397985,0.03241743,0.0750343,0.13612927,0.31107843,0.20463355,0.040505275,0.043802172,0.004658422,0.06077742,0.08428895,0.0019503733,0.0010692821,0.0010356724,0.00056255417,1.7992807e-06,1.2291373e-07,1.6875674e-07,2.0309913e-07,8.356658e-09
4.0711657e-06,1.7575876e-05,0.00015950801,0.0006550976,0.024268605,0.11414131,0.1933014,0.35417303,0.09076618,0.05759678,0.038657825,0.012096231,0.04411186,0.045358274,0.0009389346,0.0029697092,0.016236078,0.0045209974,1.5114997e-05,2.1699345e-06,8.4773865e-06,5.9824947e-07,1.711576e-07
1.3520669e-05,1.0870652e-05,6.5014865e-05,1.878144e-05,7.450623e-05,0.00085641525,0.0030446905,0.011390439,0.022156283,0.013321673,0.07973813,0.053771757,0.08901237,0.21848764,0.03356618,0.24509357,0.013001227,0.2110425,0.0039085764,4.7891346e-05,0.00010684959,0.0012663897,4.6132945e-06
1.6537886e-06,4.590599e-06,9.550278e-05,0.00015192787,0.005372367,0.03426953,0.11384024,0.19730188,0.11455924,0.05222546,0.08557039,0.0107227,0.084385805,0.27510285,0.0023524745,0.0067736083,0.009657567,0.007583595,2.1451935e-05,9.384056e-07,3.2601463e-06,2.9143023e-06,5.718756e-08
3.235363e-05,2.1722608e-05,0.00014769522,0.00013920048,0.004004942,0.007321947,0.1682315,0.1968878,0.148407,0.08125512,0.08388699,0.013263869,0.039765447,0.08924996,0.03904458,0.029896433,0.021404736,0.076177515,0.0006182792,9.43458e-05,4.3261498e-05,7.980483e-05,2.5428342e-05
0.00010662938,0.007976926,0.095821455,0.329429,0.30918154,0.18563229,0.058099575,0.005054856,0.0054543396,0.0010132598,0.00037297895,0.0011434837,0.00010537143,0.00015704513,0.00018285272,1.2903761e-05,0.0002437969,3.5338476e-06,7.4946583e-06,4.0616985e-07,7.828594e-08,8.283324e-08,1.2077984e-07
3.64728e-05,0.0018102847,0.03987486,0.13082981,0.35715616,0.34491143,0.08498426,0.014654933,0.014900898,0.0033809429,0.00096171466,0.004295422,0.00063423277,0.000625027,0.00034628974,2.3839877e-05,0.00055754284,9.019098e-06,6.3133607e-06,2.746657e-07,1.2411482e-07,8.24586e-08,6.587151e-08
0.00018307939,0.010443483,0.17341696,0.34031633,0.27355868,0.15121463,0.038165715,0.0039243563,0.005371991,0.0009059242,0.00034916514,0.0011427801,9.564944e-05,0.00013481404,0.00039492952,1.0089669e-05,0.00034794834,4.939703e-06,1.7486984e-05,5.95753e-07,8.213934e-08,1.9154405e-07,2.361595e-07
5.8262518e-05,0.0035877435,0.040785324,0.16849642,0.35717615,0.31261152,0.08910282,0.010506805,0.00988221,0.0023503532,0.0006945163,0.003300145,0.0003355137,0.00045158618,0.00022308687,2.9984165e-05,0.0003928964,6.804828e-06,6.9073835e-06,4.919051e-07,1.6035689e-07,9.0616425e-08,1.0128987e-07
4.6383328e-05,1.3247947e-05,6.2309904e-05,0.00021917364,0.007534392,0.0048819934,0.034273833,0.20635034,0.11477251,0.35130444,0.22790676,0.019339066,0.014163477,0.00033639537,0.0053189304,0.00035240487,0.0014655006,0.010305292,0.0010740707,0.00011987205,5.1728597e-07,1.4436945e-05,0.00014461688
1.4562497e-05,5.393003e-06,5.4357806e-05,6.453364e-05,0.0023543297,0.00425371,0.15893008,0.21889961,0.1771162,0.11119568,0.14207385,0.009919157,0.04202121,0.042639997,0.034772098,0.012760842,0.007421097,0.034898322,0.00048780517,3.377626e-05,4.5913876e-06,6.929341e-05,9.4018615e-06
6.352661e-07,4.6655052e-05,0.00018289968,0.006253466,0.14805017,0.5669547,0.2226851,0.03470385,0.008273029,0.0099652875,0.00082327705,0.0017038154,0.00012503746,0.00011958247,6.683668e-06,5.7472516e-05,4.7934525e-05,3.245711e-07,5.6337814e-08,1.4115608e-08,1.4137057e-08,8.497135e-11,3.4937897e-10
0.00020473759,0.0055868714,0.12318848,0.16175717,0.33454946,0.25866738,0.06402002,0.01296489,0.017897524,0.0042437427,0.0012392391,0.00880859,0.0010359791,0.0010767702,0.0024386933,6.532331e-05,0.002136321,3.954841e-05,7.3788695e-05,2.6060138e-06,7.8489467e-07,1.2314213e-06,9.2592273e-07
0.002301926,0.1333857,0.4883122,0.26830354,0.07903271,0.019212259,0.006662182,0.0008468035,0.0009935698,0.00017864237,0.00012598763,0.00023167324,2.2576602e-05,4.380317e-05,0.00014162374,1.4499573e-05,0.00014369027,4.666291e-06,3.612385e-05,3.3614456e-06,1.9421103e-07,8.063454e-07,1.5310243e-06
9.333505e-06,4.9293176e-05,0.00070207275,0.0017259264,0.020986227,0.11768737,0.12971753,0.2179378,0.17904857,0.050082326,0.07251304,0.0144125065,0.07504614,0.1002609,0.0019900154,0.0059235855,0.009414391,0.0024666986,1.83671e-05,1.3185827e-06,4.06851e-06,2.4562278e-06,1.0302075e-07
4.173712e-06,3.76782e-06,9.936811e-06,1.4733279e-05,0.00013118386,0.0014856823,0.005087453,0.037491154,0.020211184,0.042154122,0.023200616,0.18893752,0.18075544,0.08051089,0.015659258,0.2957505,0.09003717,0.015438402,0.0005293571,7.905241e-05,0.0024961673,9.540593e-06,2.707262e-06
5.85363e-05,0.00028918276,0.005482125,0.010842751,0.20891267,0.2103338,0.3487884,0.14503554,0.039102662,0.014878642,0.01035458,0.0004084095,0.000315236,0.0021897862,0.0017228272,7.4086005e-05,0.00096362026,0.00024319554,3.2027367e-06,3.6258942e-07,2.0768532e-07,8.9661114e-08,1.219525e-07
0.0012361887,0.022561435,0.23039328,0.24726495,0.24243414,0.10447717,0.064409874,0.02594264,0.042484645,0.0047700293,0.0064478717,0.0015068514,0.00092144095,0.0007379856,0.0012344115,9.487745e-05,0.0028965338,0.00014344578,3.3031833e-05,4.382554e-06,1.4569367e-06,2.0066686e-06,1.3270203e-06
4.7238696e-06,1.5694305e-06,1.9298923e-05,8.224616e-06,0.0005580126,0.030335985,0.02514467,0.16816343,0.2969154,0.32086673,0.08304739,0.023148702,0.0008590516,3.690502e-05,0.005609154,0.0009356973,0.04297965,0.001356402,5.2418623e-06,3.00884e-06,5.363156e-08,4.5442697e-08,6.0208544e-07
7.7051845e-05,1.869562e-05,6.6389024e-05,5.0034083e-05,0.00034830158,0.0005114578,0.0010481594,0.0036268581,0.010356029,0.022303475,0.03193137,0.0332075,0.04721986,0.04288157,0.030136446,0.05164777,0.07701492,0.0123252375,0.5563127,0.056006562,0.0003102494,0.0006007701,0.021998564
2.1226095e-05,1.0292193e-05,0.000110217596,2.3342982e-05,0.0010907579,0.031989127,0.035558578,0.18509705,0.3023295,0.30864647,0.049095813,0.027583143,0.0007904118,9.361976e-06,0.0064235153,0.000546935,0.04801443,0.002654288,3.3627246e-06,1.8927415e-06,2.2957936e-08,4.2232674e-08,2.729357e-07
1.8803288e-05,3.6398604e-05,0.002160033,0.0007008261,0.044226058,0.0784916,0.1263637,0.0724386,0.031096702,0.05079966,0.015187035,0.16017793,0.07145149,0.11265654,0.12814875,0.0014575397,0.093609884,0.00568036,0.005211476,1.397082e-05,4.5926434e-05,2.3256945e-05,3.4664863e-06
4.365208e-06,3.5665723e-06,1.5785457e-05,1.566039e-05,0.00027401806,0.0011342266,0.0041413433,0.05028227,0.04663312,0.03507079,0.016287709,0.06905114,0.5723358,0.02821175,0.13624103,0.030380346,0.005454549,0.0044383523,1.1115845e-05,7.549398e-06,4.607554e-06,7.248455e-07,2.1599178e-07
1.9552454e-05,1.781054e-05,0.00031696187,0.00012077768,0.006874308,0.044864357,0.100690804,0.35600552,0.14097826,0.13945632,0.04188926,0.0065748068,0.0049634594,0.0042278497,0.12962243,0.0050403317,0.016296824,0.0020355023,3.2537575e-06,1.2083166e-06,2.5798187e-07,7.7453116e-08,7.017862e-08
2.4700307e-06,5.846763e-07,3.7730663e-06,3.8468925e-06,9.661726e-05,0.0016408683,0.014436349,0.053806182,0.16261396,0.16191635,0.06548908,0.080490604,0.0057002883,0.007107779,0.0054953215,0.42372948,0.017151186,0.00027049615,8.721798e-06,6.300404e-06,2.888195e-05,2.3136284e-08,8.0982346e-07
2.5693053e-06,1.5780587e-06,1.1084447e-05,1.804536e-05,0.00054600707,0.0031904595,0.026501412,0.10620519,0.1882989,0.14365834,0.11696144,0.036375023,0.041250482,0.067233644,0.030205209,0.22418785,0.013845996,0.0014548126,2.2724173e-06,1.6626185e-06,4.794305e-05,1.862721e-08,9.5744355e-08
9.691407e-05,6.776605e-05,0.00012635146,4.5335164e-05,3.279663e-05,0.00035725994,0.00016013638,0.012022769,0.02445556,0.121666126,0.08429091,0.15601523,0.07723748,0.0001562035,0.032859717,0.048589572,0.004496066,0.41763,0.0013111049,0.018106014,4.841061e-06,3.737564e-05,0.00023445053
6.9426205e-06,6.883693e-06,0.00019187508,0.000221744,0.013351839,0.09976759,0.40452355,0.3126846,0.080860466,0.06138946,0.020630768,0.00056715624,0.0001642303,0.00027076417,0.0026874663,0.00035613723,0.0020249328,0.00029183106,1.4378346e-06,1.8735155e-07,3.0592293e-08,1.13598215e-08,6.2872196e-08
1.3959233e-06,5.0659406e-07,6.1822298e-06,1.7637316e-05,0.005620571,0.019860689,0.025935527,0.3081758,0.08508831,0.40353978,0.14582051,0.00186627,0.00021261249,2.8770484e-07,6.745849e-05,1.1433335e-06,0.0005372562,0.0032466871,6.339435e-07,1.9532337e-07,3.3970528e-11,3.804629e-10,5.417129e-07
4.359405e-06,2.7763365e-06,2.5997644e-05,1.9795005e-05,0.00286771,0.05745601,0.13869107,0.23305294,0.17403382,0.33592477,0.044558126,0.0042325445,0.00010670454,1.37024e-06,0.00022394853,0.00016208088,0.008450551,0.00018462907,5.1197253e-07,1.1365189e-07,1.1680833e-09,1.0687822e-09,8.713419e-08
5.8567977e-05,1.5623855e-05,5.1715197e-05,1.2725239e-05,6.090422e-06,5.0436443e-05,8.891832e-05,0.014129476,0.015553449,0.10021652,0.11354046,0.1461604,0.05089144,2.8214195e-05,0.017133314,0.004238529,0.0025984652,0.53410786,0.00013049247,0.0009726284,9.3752783e-07,5.35741e-06,8.382153e-06
2.1065533e-07,1.4515277e-07,7.941456e-07,5.8906693e-07,4.9356977e-06,2.156478e-05,7.424798e-05,0.0037330547,0.009872729,0.015369266,0.02083872,0.10040183,0.42048767,0.14786014,0.15592489,0.11597443,0.0014330535,0.007779204,3.0646006e-06,4.8655875e-07,0.00021904973,2.637073e-08,6.8300565e-09
5.3837102e-05,0.001312274,0.04461256,0.082088426,0.35983738,0.33793446,0.1048677,0.022526305,0.021099018,0.0072762384,0.0016397482,0.008777768,0.0011824938,0.0011408152,0.0017568829,5.03417e-05,0.0037629888,3.9360355e-05,3.8818518e-05,1.1669152e-06,7.3612284e-07,3.8239838e-07,3.156642e-07
3.55348e-06,1.3028935e-06,5.4002817e-06,2.0878528e-05,0.002373873,0.0016856123,0.10175512,0.1462855,0.21132699,0.16010922,0.1639489,0.0404233,0.088404074,0.0022234344,0.000977289,0.020479333,0.030357912,0.028137323,0.0012018075,8.7084176e-05,1.3595897e-05,1.3076441e-05,0.00016543658
0.0018877793,0.115837865,0.5073878,0.25919813,0.0860133,0.020659145,0.006296704,0.0007827874,0.0009863026,0.00016635572,0.00011309907,0.00024483487,2.1685051e-05,4.1244664e-05,0.00015950925,1.1559363e-05,0.00014613457,4.348586e-06,3.660828e-05,2.6831108e-06,1.5604016e-07,7.2590575e-07,1.2794321e-06
2.3584205e-08,1.1917083e-09,2.5152659e-08,3.6797767e-09,1.6527207e-07,8.948333e-08,9.053628e-07,2.8290347e-05,1.9537914e-05,0.00071500434,0.00047852212,0.0034584205,0.0002078992,0.0025615692,0.087014616,0.0038040814,0.0056991437,6.5946e-05,0.8927703,0.0029814583,0.00019277804,8.3851756e-07,4.963459e-07
0.0027761536,0.14270379,0.47406787,0.26691556,0.082225345,0.020728739,0.0074464115,0.00094495504,0.0010893509,0.00020793948,0.00014526244,0.00026899934,2.7115842e-05,5.4194894e-05,0.00016254911,1.8497429e-05,0.00016029908,5.8368946e-06,4.3624386e-05,4.3222713e-06,2.5307565e-07,1.0564287e-06,1.935897e-06
0.00044366298,0.0064357016,0.11184934,0.14561237,0.30010667,0.17100045,0.11832553,0.05101568,0.06530219,0.009502874,0.010318543,0.0014896464,0.0011980894,0.0013481509,0.0016881549,8.829546e-05,0.004036871,0.0002116957,2.0888754e-05,2.204476e-06,1.220182e-06,1.0564237e-06,7.017328e-07
1.6446616e-05,6.441883e-06,3.347672e-05,1.0849059e-05,0.00037558534,0.021807272,0.011020802,0.09016332,0.1588802,0.32780358,0.13173416,0.10293626,0.0023350012,2.397352e-05,0.0028136414,0.0019248453,0.1438019,0.004267525,1.620512e-05,2.0787755e-05,4.3679572e-07,2.5214547e-07,6.9979355e-06
0.00057845266,0.047946315,0.27728033,0.44018596,0.1624627,0.05122598,0.015910234,0.0014081713,0.0018258385,0.00029234844,0.00015335598,0.00035381672,3.211798e-05,5.4071344e-05,0.00012735538,1.12101325e-05,0.00013207196,2.6172504e-06,1.5249182e-05,1.00683e-06,9.07741e-08,2.2488328e-07,4.2237778e-07
1.0339899e-05,2.6967029e-05,0.00020361335,0.00055406865,0.023022128,0.1710758,0.45813707,0.26576534,0.04251872,0.02551768,0.0113283545,0.00024801717,6.5041786e-05,6.004228e-05,7.881969e-05,0.00049659284,0.0008820966,9.18364e-06,7.992204e-08,4.1517332e-08,7.4021926e-09,4.9507864e-10,3.824637e-09
3.2955275e-05,8.2400675e-06,2.3795565e-05,6.0759376e-06,3.7836522e-05,0.00011747322,0.00018713913,0.0012819067,0.003075146,0.009485758,0.021967335,0.026344433,0.09438539,0.09460162,0.16152528,0.15815482,0.104849264,0.054465145,0.23099731,0.03317796,0.00022661248,0.0026500924,0.0023983638
6.0845987e-06,2.7267392e-06,4.1583695e-05,6.7262845e-05,0.0031728514,0.024591286,0.3072328,0.307896,0.15420118,0.13243361,0.053459853,0.0014065169,0.00035416533,0.00070261693,0.0007626901,0.008215567,0.0052699214,0.00018090097,1.2823555e-06,5.237901e-07,3.81433e-07,6.562404e-09,1.6850032e-07
3.2082065e-05,1.1265162e-05,5.0807328e-05,2.3195631e-05,0.0003049795,0.006374862,0.011178592,0.0684693,0.13952582,0.31899688,0.2194334,0.14577097,0.0057333144,0.00015854074,0.004051344,0.035149775,0.039346054,0.0051186727,0.000114738315,8.6753855e-05,3.3339634e-06,8.9634057e-07,6.443225e-05
9.814286e-06,1.5699541e-05,0.00034935097,0.0003029907,0.006855001,0.016218688,0.047407925,0.11469768,0.12729956,0.08290181,0.1509781,0.017563635,0.08438566,0.21103995,0.08864356,0.0049281786,0.012260509,0.03408923,2.6616344e-05,2.0256905e-06,2.192188e-05,1.8304601e-06,2.4252188e-07
1.9415722e-05,9.229387e-06,7.641327e-05,6.800785e-05,0.0018777812,0.005205119,0.022375276,0.20510569,0.13390605,0.089755006,0.05698151,0.040556304,0.16127905,0.007906897,0.25552416,0.0029443626,0.009040028,0.007319514,2.4323965e-05,2.1137563e-05,1.3068301e-06,2.392605e-06,1.0356034e-06
4.368177e-05,8.668186e-06,7.624785e-05,6.872009e-05,0.0003749584,0.0014538093,0.047170255,0.11708906,0.14223696,0.10920901,0.24462001,0.0077752024,0.034300365,0.09255137,0.14245118,0.040475223,0.0011074056,0.01683214,0.0013768225,5.1980805e-05,2.2399358e-06,0.00071649987,8.190445e-06
0.00011620292,2.4071662e-05,4.8715072e-05,6.177155e-05,0.00013625852,0.00010869901,6.0456565e-05,0.00044667776,0.0014409793,0.01350041,0.030202933,0.015235197,0.06844064,0.013543915,0.0292227,0.08785389,0.0098604085,0.0049266736,0.5260519,0.08169955,4.8410886e-05,0.00021542671,0.11675415
1.7125629e-05,0.0018016846,0.025687773,0.17446838,0.35402822,0.3362902,0.09473588,0.0067576068,0.0039877337,0.000979141,0.00033623356,0.0006393128,4.994726e-05,8.038651e-05,4.3174132e-05,4.550355e-06,9.0180205e-05,1.1981073e-06,1.2145399e-06,6.410086e-08,1.4935392e-08,7.208535e-09,1.3253317e-08
0.00014272712,0.000726568,0.043580882,0.0149450125,0.14108318,0.31246814,0.13472869,0.10983837,0.11802457,0.031083338,0.029367002,0.010277382,0.00605928,0.0067816707,0.022312284,0.00019319249,0.015120396,0.0031687357,9.061375e-05,1.7701493e-06,1.2213734e-06,4.2778647e-06,6.9756936e-07
1.6805403e-05,0.00014256632,0.009325941,0.016205331,0.067117214,0.2860036,0.30362013,0.11989115,0.13241488,0.0106565915,0.044129513,0.0011549424,0.0016893831,0.0051551145,0.0016887526,8.754659e-05,0.00048693875,0.0001728593,3.8844562e-05,1.350732e-07,3.0072467e-08,1.6971381e-06,3.6105476e-08
1.24731805e-05,7.432013e-06,6.088397e-05,4.276583e-05,0.0005422755,0.0018582114,0.010564756,0.050782148,0.08156509,0.097017646,0.10020168,0.029557481,0.0249281,0.15669084,0.21871835,0.19530518,0.008953512,0.022901071,7.732357e-05,1.1680317e-05,0.00019834233,1.0811117e-06,1.7118278e-06
1.01243984e-07,1.0857098e-07,1.636601e-06,1.2451234e-06,0.00028346636,0.0024466023,0.0079550315,0.03749574,0.013839661,0.027170282,0.00953151,0.06233229,0.49325708,0.036725707,0.0016703348,0.006185517,0.2938904,0.0068887128,0.00013690794,4.1544226e-06,0.0001816487,1.6347853e-06,2.2919949e-07
1.0363438e-05,4.524594e-06,3.642327e-05,1.7165865e-05,0.0010193763,0.028018564,0.062497545,0.19646399,0.23256081,0.32961276,0.07766157,0.022401236,0.0007074757,1.5041889e-05,0.001170713,0.0020105809,0.044946026,0.00083983096,3.6103152e-06,1.4802974e-06,5.5539722e-08,1.7575463e-08,8.7323144e-07
3.5651716e-05,0.0015638099,0.030330068,0.095551655,0.34392348,0.3772488,0.09386903,0.01972258,0.019239997,0.005551709,0.0013323376,0.007820709,0.0012606598,0.001093469,0.00041427312,5.0255312e-05,0.0009674713,1.528645e-05,7.7600325e-06,4.4839186e-07,2.89819e-07,1.1026442e-07,8.8848374e-08
1.11262525e-05,5.952334e-05,0.002216815,0.0028924828,0.022251582,0.13659924,0.21318294,0.1809824,0.20370382,0.026128894,0.11530709,0.005201661,0.020514574,0.061528835,0.004340726,0.0012882269,0.0022435796,0.0014842525,5.3874537e-05,5.066869e-07,3.4350322e-07,7.3822725e-06,7.7605044e-08
2.4464483e-05,5.526419e-06,2.193708e-05,2.622413e-06,3.4762856e-05,0.0010806726,0.0016197056,0.12138955,0.30770323,0.2704556,0.20623454,0.06378344,0.007045624,5.960498e-08,0.00011160427,0.0001778918,0.0059929835,0.014314887,9.3876665e-08,4.7974424e-07,9.393227e-10,2.5169808e-10,3.1142116e-07
0.0001486709,0.0028200324,0.09668211,0.09766527,0.35044,0.3009462,0.0718571,0.018443184,0.02234169,0.0071570068,0.0017845212,0.013979674,0.0017594184,0.0014966091,0.005390872,8.568564e-05,0.0067756763,7.3037045e-05,0.00014511653,3.5761511e-06,1.6640436e-06,1.6818549e-06,1.2192436e-06
5.8568843e-05,4.280873e-06,3.576827e-06,2.0364098e-06,1.938605e-07,5.2181426e-06,2.1819296e-06,0.00084871583,0.0007796265,0.123058036,0.06999306,0.068761036,0.6737416,1.6442916e-06,0.012104199,0.034928724,0.0005294371,0.0141286645,0.00047580886,0.0005506719,1.01671446e-07,2.8608994e-08,2.2624727e-05
4.535425e-05,0.000742966,0.007880098,0.043534204,0.20237547,0.40455258,0.3038805,0.026846336,0.0044495626,0.0031721473,0.0010724806,0.0007940263,5.1628012e-05,0.00013272789,0.00030771995,2.2581813e-05,0.00011712033,1.1843613e-05,1.0124487e-05,2.5397645e-07,3.676819e-08,5.7772972e-08,1.342162e-07
1.2402519e-05,3.708957e-05,0.0017485954,0.0015920163,0.010017831,0.05473166,0.2117258,0.30193087,0.16561714,0.03055716,0.11102278,0.0017164212,0.017883524,0.07153084,0.018392364,0.00060139503,0.00015080658,0.000696693,2.799e-05,1.4200653e-07,1.0981365e-08,6.4082305e-06,1.5537035e-08
1.743943e-05,2.9056033e-05,0.00032194762,0.00038458186,0.0048942477,0.024773771,0.15679109,0.13440786,0.11215782,0.039998334,0.092736624,0.011373388,0.037018295,0.30117843,0.010611927,0.024762355,0.01449257,0.033392854,0.00052664103,1.9009942e-05,3.0025865e-05,7.9008096e-05,2.7897447e-06
1.2406634e-06,9.654633e-07,4.5307593e-06,2.5068486e-05,0.0027089566,0.007786164,0.16227275,0.24944504,0.12970635,0.11048006,0.047407877,0.036667123,0.04327431,0.0030791583,0.00026145464,0.01385774,0.1709978,0.021732397,0.00013990817,3.783366e-05,9.719448e-05,1.5353379e-06,1.45396225e-05
9.27815e-06,2.8189734e-05,0.00034628855,0.0005555543,0.0099437665,0.056703195,0.12241632,0.1909903,0.12705849,0.052525755,0.07651252,0.01631577,0.08082338,0.2260907,0.0037987013,0.012030631,0.015291044,0.008476105,5.821973e-05,4.22685e-06,1.2768278e-05,8.404419e-06,3.6037136e-07
2.9308287e-06,3.119274e-06,4.208515e-05,6.491334e-05,0.0024215837,0.00896879,0.25564674,0.16277587,0.12385719,0.05051018,0.08770084,0.0055383975,0.029630661,0.20059331,0.0061239153,0.015783723,0.008554457,0.04150017,0.00024414415,5.347935e-06,7.1094996e-06,2.3914265e-05,6.4694063e-07
3.4319066e-05,1.3377689e-05,3.2868353e-05,1.5902178e-05,7.3948075e-05,0.0019876396,0.0005570628,0.024013871,0.05485719,0.22109029,0.26740682,0.30031276,0.01179936,1.8489418e-05,0.0032546795,0.0038161827,0.015345951,0.09382559,0.000111828886,0.0011675619,1.1997602e-06,2.8360664e-06,0.00026031164
0.0014701177,0.020349782,0.34191257,0.13749526,0.21161537,0.14606299,0.04380721,0.026465409,0.046300977,0.005013687,0.0071536703,0.0028642365,0.001393914,0.0010043825,0.0029178662,8.929062e-05,0.003684593,0.00032628104,6.0727605e-05,4.176154e-06,8.2859657e-07,5.1565667e-06,1.4475492e-06
1.8885884e-06,5.35371e-07,2.5652314e-06,4.5393754e-06,0.00028195357,0.0006465045,0.030014444,0.042814314,0.14611274,0.071216695,0.0673461,0.09506849,0.13974947,0.008593184,0.0028521635,0.06450725,0.27351618,0.054359943,0.0024461488,0.00014589803,0.00015178115,8.535484e-05,8.1882834e-05
1.1619513e-08,5.1108042e-09,4.4188436e-08,2.0897141e-06,0.0018366292,0.0017364261,0.013882851,0.158731,0.07022885,0.3803284,0.35870248,0.007939331,0.006106869,7.1518673e-07,6.0510342e-06,2.9777562e-05,7.304014e-05,0.0003863311,2.2608713e-06,1.0570333e-07,5.0847215e-11,3.7255313e-10,6.7634974e-06
1.2051352e-06,4.6630517e-05,0.00037474144,0.0047987993,0.09168203,0.71311945,0.14004005,0.03235403,0.006947993,0.006881391,0.0012397476,0.0018453143,0.0002463247,0.00021377316,2.5186915e-05,3.7159793e-05,0.00014219992,3.6197473e-06,2.2764704e-07,2.4430125e-08,2.4949912e-08,1.1830383e-09,3.3148073e-09
6.784612e-08,8.2282554e-08,5.5043563e-07,3.5786426e-05,0.002386962,0.019960055,0.15435937,0.27260342,0.14858277,0.29569525,0.017270131,0.005079403,0.00028105138,5.5688306e-05,6.2147406e-06,0.082980864,0.0007008717,1.3483223e-06,5.4275812e-08,4.087002e-08,4.372409e-09,1.3886617e-11,7.714924e-09
5.2021453e-05,1.5955276e-05,8.624049e-05,2.0760563e-05,3.8607806e-05,0.0007423817,0.0005974749,0.047821525,0.059491176,0.2457622,0.19760543,0.16021843,0.01610088,7.339679e-05,0.03361155,0.003515734,0.01503782,0.21884033,5.0533035e-05,0.00030348025,9.971286e-07,7.894804e-06,5.1567436e-06
0.00010424503,2.503598e-06,2.7662938e-05,7.1193044e-06,1.3022337e-05,7.487065e-05,8.180359e-05,0.057125222,0.0814093,0.43976513,0.21977219,0.07475602,0.014038711,1.7267669e-06,0.0018361077,9.6769545e-06,0.0004571591,0.110401854,1.052971e-05,9.6036216e-05,2.4226184e-08,7.031827e-08,9.014238e-06
1.9134345e-06,2.6857657e-07,4.2805905e-06,2.5212609e-07,1.8587867e-05,2.0560712e-05,7.334011e-05,0.0004441264,0.00050040684,0.00087000936,0.003246297,0.012693765,0.0028731963,0.012966457,0.0915359,0.02927083,0.45783383,0.015113381,0.36787054,0.003279929,2.931296e-05,0.0013402026,1.253026e-05
3.2956454e-08,2.5777769e-09,1.2561092e-07,3.4579046e-09,1.323282e-06,2.2283145e-06,9.386853e-06,0.00015575397,0.00010865585,0.00014362269,0.0013578091,0.01893233,0.0018123303,0.008374511,0.037495997,0.007861151,0.737178,0.016519284,0.16915,0.00012183334,2.0866469e-06,0.0007734563,8.053963e-08
2.0069787e-05,4.5330457e-06,1.6177884e-05,1.3256833e-05,0.00029735995,0.0005900133,0.0027221607,0.010473562,0.03810946,0.040664554,0.05541152,0.11671179,0.1545923,0.020881498,0.017592734,0.11179829,0.22443084,0.03067856,0.15573995,0.011407385,0.00023720482,0.00076340715,0.0068433927
1.1369275e-06,2.455474e-07,6.2408844e-07,5.439925e-07,6.028892e-06,4.418037e-05,6.8279274e-05,0.0019100633,0.005285382,0.009127071,0.005343766,0.12649581,0.71994424,0.035691436,0.059952583,0.03034181,0.0036353397,0.0019432238,0.00011585114,8.258972e-05,5.551825e-06,7.2105234e-07,3.5469686e-06
4.5636387e-08,4.307327e-09,4.4708138e-08,1.3486341e-07,3.2135264e-07,7.100306e-06,7.815646e-05,0.0028131767,0.012575448,0.03744568,0.06982295,0.08835065,0.011678842,0.092509955,0.0557817,0.29397136,0.0019781583,0.0038915821,0.003032573,6.0239977e-06,0.3260558,2.575599e-07,8.7325006e-08
1.6280308e-05,5.0658e-06,1.4001136e-05,4.7754593e-06,3.1001768e-05,5.4992706e-05,7.363835e-05,0.000558962,0.0017524421,0.0066544507,0.01593964,0.01455994,0.058836248,0.078444034,0.10661839,0.11901495,0.07586133,0.04449656,0.39258286,0.07209379,7.722887e-05,0.0017710781,0.010538346
5.2997825e-07,6.075303e-07,9.770152e-06,1.2137762e-05,0.00047300637,0.0051983735,0.08477997,0.07751433,0.081563555,0.047694836,0.14784686,0.014296837,0.09336696,0.3202236,0.0066490304,0.033534847,0.016737457,0.06970031,0.00034422122,2.1424628e-06,1.2022513e-05,3.8434522e-05,1.9960076e-07
2.781358e-05,0.0030129387,0.038705923,0.22227685,0.36873832,0.26299968,0.08768127,0.0070687374,0.0060751545,0.0013469979,0.00040306212,0.0011653367,0.00010442827,0.00013521926,6.480211e-05,9.869318e-06,0.0001798173,1.6434686e-06,1.9736337e-06,1.3865399e-07,4.195143e-08,1.4772659e-08,2.3145322e-08
1.4019367e-06,1.1046591e-05,7.6877695e-05,0.0012787437,0.025860518,0.32491356,0.39870167,0.1566356,0.030005291,0.04792754,0.008271893,0.0031714593,0.00040064665,0.00032923985,5.568856e-05,0.0013214566,0.001019707,1.6638578e-05,7.522592e-07,1.3153476e-07,1.1916008e-07,2.3551745e-09,3.241398e-08
7.717064e-05,0.0011153868,0.042302888,0.06151032,0.32412043,0.35312703,0.13922161,0.026139738,0.020591436,0.007457964,0.001818557,0.010847158,0.0011616768,0.0022217103,0.004875282,5.564386e-05,0.0031652956,8.0366226e-05,0.00010561706,1.8233177e-06,9.025664e-07,1.1716155e-06,7.5638695e-07
4.2437214e-06,3.9997514e-05,0.00059046235,0.0040767766,0.15830395,0.28834942,0.39414608,0.13002208,0.01126372,0.006082443,0.0065856674,5.9938506e-05,4.9823113e-05,0.00020611903,4.8418508e-05,1.33040585e-05,0.00014898923,8.523656e-06,6.171698e-08,1.2076854e-08,9.255001e-09,5.88381e-10,1.9213173e-09
7.738487e-07,1.6216474e-06,9.451921e-06,0.00019442201,0.0059943553,0.06305399,0.29217046,0.29021764,0.108863905,0.16685307,0.023766194,0.00932618,0.0014809796,0.00045133056,6.16265e-05,0.03330974,0.0042093997,3.2963773e-05,1.0841853e-06,4.2632183e-07,2.76158e-07,2.320813e-09,9.3685756e-08
2.3874565e-05,0.00021810822,0.01362786,0.013564669,0.21987884,0.40005794,0.11355525,0.061617874,0.043910563,0.027497422,0.005158542,0.053846978,0.01148408,0.009426919,0.008642358,0.00021884374,0.016809545,0.00033751284,0.00011514226,2.1065964e-06,3.6381991e-06,1.394443e-06,5.313383e-07
1.0761723e-07,9.3817185e-08,1.0504967e-06,8.1593123e-07,3.150201e-05,0.0009384082,0.008411393,0.021363879,0.026910488,0.02728607,0.07525358,0.038079146,0.2181929,0.14599091,0.0058601233,0.08783582,0.14294147,0.20021595,0.00049117964,2.8676002e-06,0.00014167452,5.0294442e-05,2.7041864e-07
5.0493763e-06,3.501382e-06,3.233409e-05,0.00018512043,0.004918673,0.025615906,0.50580645,0.21059127,0.041794796,0.16807893,0.03566927,0.0015480318,0.00021044858,1.5161116e-05,0.00034261818,0.004588159,0.0005469126,3.787979e-05,9.004887e-06,1.6498832e-07,4.28536e-09,5.7488356e-09,3.5789037e-07
5.145841e-08,1.607341e-08,1.02967334e-07,3.607802e-08,1.7805902e-06,3.8072118e-05,0.0004285953,0.004309023,0.008846193,0.0078780055,0.01833239,0.05616704,0.051909786,0.033954497,0.008287941,0.31219438,0.39102972,0.098593466,0.006783032,1.873683e-05,0.001106416,0.00011969102,1.0152379e-06
1.3017904e-05,0.0009710512,0.009532603,0.07202859,0.34257782,0.3696747,0.17587753,0.015641214,0.0072902665,0.003415562,0.00058744405,0.0017405548,0.00010909396,0.00022615513,5.139404e-05,1.8548866e-05,0.00023972642,2.7177048e-06,1.7918447e-06,2.0120589e-07,9.181067e-08,1.0824859e-08,2.2016517e-08
5.491693e-06,3.6189072e-06,3.673319e-05,6.138711e-05,0.0021038465,0.009214309,0.45169848,0.15091528,0.09113455,0.06604469,0.068628944,0.021352323,0.07215982,0.016617285,0.005758174,0.026289232,0.015104506,0.0020765818,0.00076861156,1.0971228e-05,6.5198187e-06,4.5712727e-06,4.1296666e-06
5.8385723e-07,1.454551e-06,3.9246614e-05,4.464383e-05,0.0017474975,0.017986765,0.06310052,0.13651046,0.09308128,0.046288904,0.11641994,0.014975643,0.16085511,0.32040957,0.0029929064,0.007985989,0.008123862,0.009408861,2.063616e-05,4.3694456e-07,1.9175188e-06,3.8018939e-06,2.0575914e-08
2.8992996e-05,1.5122764e-05,4.9237537e-05,0.0003081843,0.025597703,0.021519123,0.051210903,0.24212255,0.1089261,0.25790033,0.22953755,0.021589352,0.010000617,0.0001460422,0.001163998,0.00052617607,0.004760163,0.023756908,0.00028156184,8.470551e-05,3.0778554e-07,9.782626e-07,0.00047337174
1.2588412e-05,2.6164605e-06,4.6230205e-05,3.0573843e-05,0.0022462106,0.0094892355,0.024928672,0.43439865,0.29561594,0.14058411,0.054550085,0.0063349516,0.0018874825,1.3034406e-05,0.023366636,5.951502e-06,0.004857139,0.0016285848,5.577453e-07,8.108617e-07,8.86017e-10,5.9304046e-09,1.7944087e-08
9.189506e-05,0.005497,0.078212835,0.27575898,0.31628904,0.23416609,0.075310595,0.0059962953,0.005411124,0.001136488,0.00041582587,0.0009865005,7.964778e-05,0.00017451677,0.0002226181,9.660217e-06,0.00022746122,4.411539e-06,8.357408e-06,3.4595686e-07,6.7141414e-08,8.537038e-08,1.302545e-07
0.00011187262,0.0031165734,0.07220883,0.13918556,0.3446536,0.29943174,0.09230481,0.015271466,0.017014185,0.0043707276,0.0011950026,0.0062934626,0.0006821021,0.0010175104,0.0015167268,4.2943662e-05,0.0015085236,3.0856e-05,4.0494324e-05,1.4120072e-06,5.2340766e-07,5.8376366e-07,5.1752687e-07
9.1416865e-07,1.8842973e-06,1.5525495e-05,9.332966e-05,0.0035763886,0.00815708,0.19612533,0.37820354,0.06729794,0.1880876,0.008667346,0.039592303,0.017942881,0.01072986,0.0004501288,0.017125651,0.063238814,0.000104739906,4.2772204e-05,1.5255028e-05,0.0005305506,6.574849e-08,1.5920416e-07
0.0005223949,0.0013145325,0.030900244,0.027098171,0.16615623,0.021564962,0.047191136,0.06811982,0.028548151,0.07897832,0.0073524043,0.3373828,0.0057915486,0.01606693,0.08665061,0.003408594,0.056102067,0.00011265886,0.014278044,0.0014904342,0.0009557309,6.6593443e-06,7.642625e-06
5.634294e-06,1.139248e-05,0.0001384933,0.0003833131,0.010868464,0.06891033,0.5322946,0.17554693,0.061101656,0.05266972,0.030641515,0.02092811,0.021916144,0.008205481,0.0028083385,0.00419531,0.008191204,0.001033155,0.00014200437,3.34083e-06,2.3355472e-06,1.3077739e-06,1.23243e-06
6.1268784e-06,4.3515734e-06,1.3148047e-05,3.2326414e-05,0.0006759979,0.0050239223,0.016262924,0.08685683,0.045218494,0.08608615,0.024050005,0.2786879,0.20843494,0.04667268,0.009784486,0.0959525,0.0825964,0.012743396,0.00028171935,0.00014287159,0.00046001576,4.944597e-06,7.838085e-06
0.00023746723,4.2949963e-05,0.00024023357,0.00017142571,0.0028175216,0.004326945,0.0069224257,0.15521811,0.16769925,0.26981878,0.1281184,0.037302583,0.010261467,0.00024484875,0.016400095,0.00020358192,0.012655158,0.18583615,0.0004905604,0.0006636661,2.4211354e-06,1.0464938e-05,0.00031550397
9.2101794e-07,1.4632676e-06,3.5390854e-05,1.6913678e-05,0.0003035171,0.00735898,0.018399732,0.04268397,0.050896384,0.034045883,0.18330678,0.057864744,0.2611575,0.20595612,0.01352305,0.030264255,0.029243965,0.064324185,0.00048163778,2.203133e-06,1.2929268e-05,0.00011925038,1.7373344e-07
3.036653e-05,0.0004487456,0.014804195,0.020914216,0.23908451,0.41100964,0.105235696,0.048874613,0.042389773,0.02483315,0.004115303,0.05476679,0.0107526,0.0070809764,0.0035984505,0.00032184506,0.011506799,0.00016881351,5.6529345e-05,2.2140514e-06,3.4940044e-06,8.199283e-07,3.918557e-07
9.003828e-05,0.0029525768,0.07392389,0.16913739,0.342128,0.2842436,0.0946372,0.011946834,0.011638621,0.0029271,0.0008385654,0.0028776538,0.00027273723,0.0005015999,0.0009122909,1.9247434e-05,0.00091007934,1.594275e-05,2.5173054e-05,7.314415e-07,2.2213254e-07,2.6661652e-07,2.9057767e-07
2.0571038e-06,8.0392255e-07,1.2760094e-05,1.2374398e-05,0.0015383454,0.035921857,0.15951422,0.3321771,0.17247187,0.21726364,0.053981245,0.0034957374,0.00030026402,4.0816376e-05,0.0005812546,0.0020616602,0.020461705,0.00016170686,3.7855327e-07,1.6482157e-07,2.0712672e-08,1.1829056e-09,5.2994764e-08
0.00067982584,0.040109172,0.43388793,0.28878343,0.16485609,0.054330472,0.011776962,0.0013394796,0.0021758513,0.0003393414,0.00017133405,0.00062501995,4.772567e-05,6.734237e-05,0.0004358223,8.993423e-06,0.00031311138,5.2126434e-06,4.395885e-05,1.4320082e-06,1.1011366e-07,5.9915544e-07,7.225512e-07
1.93952e-06,9.775096e-06,0.00021628971,0.0006415423,0.014432655,0.15056929,0.13506909,0.24796072,0.14419901,0.05867283,0.08727574,0.014804571,0.060587835,0.053757127,0.0007178851,0.0037611837,0.02485122,0.0024564678,9.5814585e-06,5.229156e-07,3.976488e-06,7.0565176e-07,2.9723134e-08
0.00016414322,0.00013481377,0.0010355351,0.00021006905,0.0046586795,0.036809072,0.09171502,0.39246705,0.1880219,0.14284222,0.031386234,0.013342408,0.0038550491,0.0010493966,0.051169306,0.010150924,0.027564323,0.0034084488,1.0192551e-05,4.17521e-06,4.4013947e-07,3.1595752e-07,2.7148138e-07
0.00015694527,0.0064258603,0.11859062,0.22651614,0.3252064,0.23266774,0.059042737,0.009012211,0.01222324,0.0023492866,0.0007663464,0.0042262664,0.00046488136,0.00051146507,0.00094989024,3.1540076e-05,0.0008124831,1.4774771e-05,2.8988821e-05,1.1015961e-06,2.5458857e-07,4.3277825e-07,3.7615024e-07
0.0005664046,4.882494e-05,8.4375126e-05,1.0177422e-05,8.60035e-07,3.496181e-06,2.9787254e-05,0.0062113237,0.015781084,0.06263244,0.035462737,0.08332722,0.699215,3.2232726e-06,0.013564023,0.043766707,0.00076900364,0.038447253,3.442866e-05,4.0129642e-05,8.337689e-08,1.5607194e-08,1.4255768e-06
8.3295276e-07,8.976765e-07,1.2563359e-05,6.414863e-06,8.822058e-05,0.0016195575,0.015670652,0.031658616,0.042643398,0.021485357,0.19929306,0.021375433,0.14747731,0.35841087,0.01887298,0.060254253,0.0042738197,0.076054305,0.0005573681,1.8587185e-06,5.140335e-06,0.00023694604,1.4569719e-07
0.00011032597,0.0006710884,0.017278504,0.023805493,0.27382857,0.2139911,0.30007237,0.1168658,0.034962915,0.009365612,0.005024363,0.00029442814,0.0001404551,0.00084099604,0.0021802161,1.983319e-05,0.00039551398,0.00014813314,3.864134e-06,2.088921e-07,3.183143e-08,9.2015014e-08,7.562599e-08
0.00041738097,0.020684248,0.2646199,0.32846597,0.23470953,0.11260827,0.028856086,0.0028650907,0.0038008483,0.0006939066,0.00026464823,0.0008742122,6.426949e-05,0.00013452531,0.00056977285,1.05097315e-05,0.00031402078,7.18541e-06,3.7316986e-05,1.1160063e-06,1.1891063e-07,4.5321462e-07,6.328068e-07
7.3471524e-06,3.5543744e-05,0.0003233153,0.0034737121,0.034755677,0.14645395,0.6303018,0.13459083,0.01597017,0.025394639,0.0060506603,0.0010410696,0.00012774917,0.00015359152,0.0001115642,0.0007814149,0.0004074003,1.5242323e-05,3.87437e-06,2.3401569e-07,6.622487e-08,9.65398e-09,1.1998262e-07
9.063929e-06,0.00035841856,0.004326335,0.028145658,0.21566595,0.5318726,0.1671195,0.02777992,0.010782212,0.0066439705,0.0011770817,0.0042997166,0.00040358191,0.0007235832,0.00010332184,4.218957e-05,0.000532215,1.1621646e-05,2.5589306e-06,2.51279e-07,2.566968e-07,2.4827065e-08,3.8723172e-08
4.3818873e-06,3.2882008e-06,1.169839e-05,1.0106923e-05,0.00012918218,0.00063213677,0.0027639566,0.032343972,0.029202932,0.027849892,0.017552404,0.062133066,0.5818945,0.050794233,0.11617802,0.06369335,0.007023819,0.007729344,2.1146614e-05,1.0161353e-05,1.6038752e-05,1.9063924e-06,3.940322e-07
8.794723e-08,1.6724368e-08,1.4600955e-07,9.969357e-08,9.314627e-08,1.2761958e-06,0.00012650537,0.0003137294,0.005080895,0.00082082505,0.0076694684,0.007908164,0.001259923,0.03086858,0.0005155034,0.0024968206,9.151442e-06,0.0076159737,0.012819475,3.5402027e-05,5.975254e-10,0.9224579,2.8096224e-08
5.087663e-06,2.6877276e-06,2.3675237e-05,2.0929878e-05,0.00023201734,0.0011064449,0.007937434,0.044107046,0.09762943,0.09248446,0.13398099,0.020807007,0.01856933,0.14923224,0.1828083,0.20460781,0.006808753,0.03937983,5.883408e-05,7.191401e-06,0.00018864335,8.2831554e-07,1.0823092e-06
1.2210181e-06,8.311197e-07,5.2585324e-06,1.233234e-05,0.0011153205,0.0035966167,0.17326291,0.15890545,0.14041328,0.07035755,0.049549527,0.019163953,0.05477466,0.021883478,0.0012637906,0.024625449,0.21051812,0.07014618,0.00026969568,2.26698e-05,9.632303e-05,9.783272e-06,5.5801215e-06
3.2914272e-06,3.8592646e-07,5.9939953e-06,1.3261714e-06,3.3723038e-06,1.80282e-05,0.00027023625,0.0043862797,0.028515179,0.009747615,0.022192616,0.028522352,0.0015939864,0.17002016,0.01492174,0.20793995,0.000969771,0.50739783,0.0028823698,0.00013449609,2.914428e-06,0.00046869018,1.502454e-06
4.3017462e-06,6.3045754e-06,0.00012031874,0.00017572136,0.011235431,0.03952843,0.41304156,0.24404077,0.056930166,0.06177201,0.01991289,0.023012554,0.04332065,0.034271903,0.004361361,0.003972494,0.041706648,0.0022858488,0.0002666972,4.986602e-06,2.5777124e-05,2.2261472e-06,9.998822e-07
4.119049e-05,6.0001207e-06,1.2748433e-05,3.2890307e-06,8.2110574e-07,9.251732e-06,5.1055067e-06,0.0016292935,0.0015326611,0.09814513,0.10155444,0.16919897,0.3036974,6.205928e-05,0.11442502,0.02960224,0.0031563302,0.15314227,0.0063724867,0.017350689,7.98143e-07,6.8970144e-06,4.486832e-05
9.034998e-06,4.682045e-06,9.852372e-05,6.47492e-05,0.0032626744,0.048186447,0.15917455,0.31576985,0.22628465,0.18463424,0.03574834,0.0030327742,0.00035456484,0.00025702172,0.013237087,0.0017368477,0.0068641985,0.0012713582,7.098817e-06,9.42781e-07,4.9932932e-08,5.1205514e-08,2.5065282e-07
1.48050585e-05,7.195612e-06,6.664847e-05,2.5706819e-05,0.0005669222,0.00543618,0.018325312,0.1143606,0.11984416,0.15512715,0.08784585,0.033723984,0.015222819,0.017958306,0.27025154,0.12789126,0.024265366,0.009026797,2.1712998e-05,7.116224e-06,9.76893e-06,3.1523516e-07,5.393719e-07
4.283401e-05,0.00012664952,0.0056063347,0.003883291,0.103397645,0.16828582,0.38420412,0.084175624,0.03310659,0.029269438,0.009027272,0.058185328,0.011603553,0.036452398,0.0632062,0.0003540752,0.0054084253,0.0014136506,0.0022264174,7.3134156e-06,3.241402e-06,1.1742967e-05,2.0022233e-06
4.5064025e-06,1.8337788e-06,1.2334944e-05,8.520634e-06,0.00073124486,0.02864431,0.03601557,0.16561767,0.15085572,0.44538277,0.10595609,0.020783544,0.00045019804,2.2166475e-06,0.00018401882,0.0006424306,0.044224855,0.00048017915,9.123038e-07,5.3380313e-07,6.8381194e-09,3.321946e-09,6.039553e-07
9.497732e-07,3.8206474e-07,5.3710596e-06,2.0257798e-05,0.0022160208,0.022611842,0.2745372,0.31948814,0.12789425,0.18001132,0.06796712,0.0009777257,0.000112380636,2.552957e-05,7.1981274e-05,0.0015611615,0.0024592862,3.8724993e-05,2.379277e-07,7.6689645e-08,1.2225407e-08,2.9134792e-10,4.0076927e-08
2.2942957e-05,3.3942415e-06,1.7474798e-05,7.1510863e-06,2.6485515e-05,0.00067452714,0.00082380674,0.016377557,0.057134192,0.12931146,0.129175,0.100412525,0.008400032,0.0115797,0.087001756,0.41260046,0.010208777,0.03153984,0.0024303168,0.0020022274,8.311144e-05,2.627324e-05,0.00014104597
5.6858873e-05,0.0030194467,0.035676565,0.1422854,0.36172462,0.30910534,0.10573111,0.01572477,0.014029853,0.0042049857,0.0009616958,0.0050952635,0.00057767075,0.0007597907,0.0002688905,5.292804e-05,0.0007041972,1.0433427e-05,8.623331e-06,7.911822e-07,4.311522e-07,1.12115075e-07,1.3211368e-07
5.889037e-06,6.6343887e-06,0.00010162,9.351902e-05,0.0022232234,0.0059705386,0.022894936,0.09038974,0.09731378,0.0770255,0.15229987,0.012683759,0.072373725,0.22611056,0.17946021,0.011431978,0.008350243,0.04121792,1.9605035e-05,2.0564707e-06,2.3552217e-05,9.489796e-07,1.9621437e-07
4.4418357e-05,0.0012470018,0.023622645,0.07862991,0.30627683,0.41121036,0.13000707,0.020265203,0.014399586,0.0047424315,0.0012392371,0.005162536,0.00055095094,0.0011257963,0.00057621696,3.5553192e-05,0.0008225265,2.6165402e-05,1.4153876e-05,6.676244e-07,3.4481326e-07,2.0527393e-07,2.0231052e-07
3.0003848e-05,8.880636e-05,0.0021589643,0.0015654706,0.047156528,0.091808945,0.0721015,0.0860544,0.048933934,0.07868718,0.009381293,0.26683843,0.046934307,0.067506894,0.020535344,0.0045675472,0.15225624,0.0023739766,0.0007135843,4.275255e-05,0.00025272655,7.3575507e-06,3.798806e-06
0.00039041517,0.0057659373,0.08065906,0.13272959,0.2874052,0.17766966,0.11475253,0.065541066,0.09232133,0.013219731,0.014711246,0.0027425375,0.0032801284,0.0025562102,0.0016587408,0.00018703978,0.0041688653,0.00021779723,1.7054666e-05,2.3963873e-06,1.8747211e-06,1.0569884e-06,5.8709645e-07
1.3539534e-07,1.3578729e-07,1.654182e-06,6.4652426e-07,9.75578e-06,0.00035510547,0.0006647474,0.006237677,0.008939312,0.00991386,0.055080492,0.103287816,0.48941812,0.09393194,0.008075364,0.08919852,0.03235336,0.10224113,0.00016704139,1.0533198e-06,9.355136e-05,2.8527036e-05,5.2333444e-08
7.03157e-05,0.0055668373,0.04863331,0.2420325,0.38157466,0.21357611,0.07834718,0.010147419,0.010846347,0.0028659117,0.0006546045,0.004217108,0.00041813578,0.00038967258,0.00016290844,5.2068888e-05,0.00043454513,3.2971282e-06,6.0353145e-06,7.269021e-07,2.8210613e-07,5.540989e-08,6.8534995e-08
1.25065935e-05,2.9384582e-06,1.7413833e-05,2.5702493e-05,0.00040563117,0.0007635658,0.0058718445,0.03028738,0.0548146,0.18991014,0.035788517,0.16010366,0.052733313,0.03799081,0.015992563,0.08415757,0.2052174,0.00303165,0.10598528,0.013342374,0.0028786722,4.2130407e-05,0.00062438904
2.3171771e-05,1.1524279e-05,0.00013516922,5.1624305e-05,0.0019010776,0.03499314,0.09634253,0.27105796,0.25847173,0.22716668,0.042066623,0.010481105,0.001049102,0.00038362428,0.016698416,0.009302581,0.027847249,0.002006555,7.29839e-06,1.9997358e-06,2.469621e-07,9.70847e-08,4.6085955e-07
2.1454808e-07,1.8011312e-07,1.13854e-06,1.4746659e-05,0.0008180203,0.0018632478,0.156467,0.3445471,0.14028613,0.18525422,0.024374167,0.00837363,0.0068676285,0.0013547799,4.4036813e-05,0.121827,0.007865196,3.045661e-05,5.3461854e-06,1.3265869e-06,4.309552e-06,4.2268766e-09,1.3933469e-07
8.13204e-09,4.7855244e-09,4.008659e-08,6.012272e-08,1.053622e-05,0.00020463455,0.0060500936,0.018323664,0.017503535,0.015672589,0.01413141,0.013490061,0.12201228,0.011723057,0.00048440462,0.033209514,0.69424236,0.0526227,0.00010435535,1.0367061e-06,0.00021097598,2.6020123e-06,6.255997e-08
5.004112e-06,4.646945e-06,1.8003355e-05,0.00013546667,0.019718511,0.016132819,0.20333341,0.31976008,0.11569333,0.15259574,0.111484386,0.011427163,0.018073881,0.0007545942,0.00047358894,0.00154823,0.010712347,0.01794487,0.00010776301,2.4127226e-05,2.2172833e-06,8.601363e-07,4.8911927e-05
2.9359326e-05,0.00068196474,0.008777411,0.034832563,0.25046188,0.36109737,0.16554093,0.05467308,0.03921658,0.028569346,0.003160409,0.03681459,0.0046584727,0.005545836,0.00074060465,0.0004192249,0.0047026407,4.721258e-05,1.9732683e-05,2.8099246e-06,7.604036e-06,1.8134807e-07,1.9334689e-07
0.00025925148,0.008107623,0.18538506,0.20573278,0.30803987,0.21431859,0.046332728,0.007646441,0.011778702,0.0023348837,0.0007674796,0.0048066,0.00047188828,0.00054882286,0.0020820063,3.331931e-05,0.0012546743,2.4392717e-05,7.062159e-05,1.931312e-06,3.6211185e-07,1.1148863e-06,8.402716e-07
0.0010833247,0.08459083,0.33261603,0.40869337,0.123904176,0.033801783,0.011934783,0.0011203822,0.0013464384,0.00022121622,0.00013302901,0.00024651265,2.374713e-05,4.447533e-05,9.879429e-05,1.30287335e-05,0.00010600536,2.5683003e-06,1.7103226e-05,1.4998232e-06,1.03784295e-07,2.8423463e-07,5.648601e-07
1.0174484e-06,3.4828741e-07,2.0848395e-06,1.4569551e-06,8.120616e-05,0.00046738048,0.010979321,0.040255167,0.07296378,0.04496447,0.040815663,0.041837867,0.24211827,0.049387798,0.003855937,0.27411538,0.1752611,0.0015671104,0.0010125327,0.000103280894,0.00019354296,5.821022e-06,9.452615e-06
6.3203534e-06,2.765129e-06,2.3029857e-05,9.141506e-06,0.000572691,0.02388206,0.027006308,0.15069613,0.23889624,0.39631528,0.091069065,0.03269832,0.0006282626,2.9389232e-06,0.00085678784,0.0005356712,0.03553067,0.0012634861,2.5805512e-06,1.4702515e-06,1.6142426e-08,1.5018497e-08,7.5128696e-07
1.0122531e-05,4.94285e-06,4.6609362e-05,2.3882636e-05,0.00014936566,0.000809723,0.004969397,0.023821393,0.060065445,0.054599173,0.052637536,0.027343797,0.0037200314,0.080369666,0.1607575,0.2253642,0.0032398298,0.30099756,0.00093796046,2.464562e-05,8.2511746e-05,1.5985523e-05,8.689213e-06
1.8757291e-05,7.247328e-06,9.743194e-05,3.930237e-05,0.0006919483,0.012858573,0.03407644,0.14872745,0.42102525,0.2572223,0.042773813,0.016922982,0.0006442976,0.00026861802,0.04225135,0.006812294,0.0073615448,0.008121495,6.660871e-05,9.813315e-06,1.560675e-07,6.124134e-07,1.7543518e-06
0.00035560387,0.00058506115,0.005532258,0.0012303302,0.0084782215,0.012618204,0.02317863,0.099257655,0.09211168,0.066378094,0.05292703,0.039430294,0.04378133,0.106146835,0.24020302,0.034353424,0.011784976,0.16096073,0.00050102605,4.4445904e-05,6.520832e-05,6.6714274e-05,9.153939e-06
1.2221453e-05,6.5817467e-06,6.866597e-05,3.3263204e-05,0.0010232338,0.0110611785,0.040927894,0.17950368,0.18144442,0.1978648,0.10254088,0.0194283,0.009315953,0.013598667,0.12319947,0.089303255,0.02518025,0.005465946,1.1148772e-05,3.959938e-06,5.618586e-06,1.5256666e-07,4.143879e-07
1.040036e-05,3.0026943e-06,1.4081005e-05,4.0979307e-06,0.00016174641,0.011967536,0.003055462,0.060516324,0.094960265,0.2868944,0.15710054,0.16129978,0.0020047794,5.7454986e-06,0.001329605,0.00040040488,0.21211962,0.00810317,8.563936e-06,3.19091e-05,1.1578553e-07,1.2503102e-07,8.3350205e-06
1.3300311e-06,4.0986814e-07,1.9410875e-06,9.117703e-06,4.8977243e-05,0.00022224178,0.0034954771,0.015881252,0.03072007,0.08073343,0.045756012,0.101564206,0.014857964,0.13767225,0.0030640569,0.5613893,0.0009982947,3.925375e-05,2.5334462e-05,1.427697e-05,0.0035046684,1.2847091e-08,1.63957e-07
0.00029700305,0.015803726,0.22427978,0.3482165,0.24510247,0.12400916,0.030914882,0.0033608496,0.0047056885,0.00080363965,0.00031918322,0.0010742723,8.922651e-05,0.00014016766,0.0004756943,1.17118425e-05,0.00036203297,6.32498e-06,2.5935335e-05,9.3204164e-07,1.1838557e-07,3.2603305e-07,4.272785e-07
1.3115709e-06,2.5443038e-05,0.00018448645,0.0028201377,0.064948484,0.2438724,0.29987893,0.16946141,0.049616337,0.09028784,0.004426191,0.05741666,0.0063349274,0.005551958,8.789462e-05,0.0010191002,0.00402826,2.0277183e-05,1.8228766e-06,7.627843e-07,1.5378359e-05,6.28046e-09,1.2040346e-08
0.000114532486,2.8409524e-05,0.0002445123,0.00026877815,0.006687408,0.012289197,0.046155613,0.32582682,0.2119343,0.22554776,0.1252248,0.008727506,0.0046953433,0.0002550609,0.019444173,0.00011749989,0.005480536,0.006842179,7.238634e-05,3.387261e-05,2.7916414e-07,2.592163e-06,6.404252e-06
3.1792908e-06,3.8337134e-06,0.00012811316,0.00010974077,0.010762262,0.16418976,0.40575063,0.301679,0.06606263,0.043034777,0.006754489,0.00018740007,1.2676877e-05,3.197355e-06,0.0006652,9.9369945e-06,0.0006047757,3.816599e-05,1.8272432e-07,1.0852691e-08,1.5166612e-10,3.57612e-10,2.3152684e-09
4.7657804e-06,8.094983e-06,0.0003027586,0.00020572303,0.017068595,0.05324688,0.081095725,0.122932315,0.034373034,0.086130224,0.014253593,0.12072079,0.10536214,0.08099946,0.016560493,0.0030975689,0.25726396,0.005567635,0.0006331167,1.1869636e-05,0.00015572702,4.0142613e-06,1.5113119e-06
6.3079874e-06,4.5541816e-05,0.001312519,0.003340721,0.033038076,0.16015047,0.16797908,0.21935315,0.21988064,0.03147876,0.07385195,0.0052154385,0.027333355,0.051320728,0.0012514037,0.0011243788,0.0026165226,0.0006921174,7.197245e-06,2.4457228e-07,3.604527e-07,9.964023e-07,2.438011e-08
1.1362471e-06,3.345039e-07,1.7295915e-06,1.2700425e-06,2.3994722e-05,0.0011062654,0.00047472076,0.02898754,0.041077442,0.46742535,0.37499395,0.07579786,0.0029957586,2.7240452e-07,4.9803122e-05,0.003965686,0.0018849461,0.0011531155,1.4366125e-06,5.9826098e-06,1.7699211e-09,3.0432075e-09,5.1411098e-05
2.0566227e-05,0.0004056178,0.012583096,0.02672193,0.26239744,0.41548413,0.11778197,0.050821327,0.037633214,0.022240244,0.0033750732,0.03035212,0.00616161,0.004155388,0.0015351889,0.00019367372,0.008028258,8.046615e-05,2.45695e-05,1.2249606e-06,2.5235074e-06,2.616128e-07,1.7987124e-07
1.6566369e-06,9.7606835e-06,0.0001277041,0.0004102637,0.01924407,0.2040813,0.14390326,0.1718899,0.07816024,0.0945666,0.012658469,0.15784925,0.04982783,0.02026853,0.00073668023,0.0036441428,0.041708622,0.00087094307,1.6680471e-05,2.6975424e-06,2.0985886e-05,2.6367368e-07,2.1584938e-07
1.0189592e-05,2.28357e-05,0.00029443429,0.00039392087,0.008728152,0.02319195,0.15621,0.20065284,0.12020243,0.039496582,0.06682817,0.0054900334,0.04513842,0.30583286,0.008507471,0.007044373,0.0040377737,0.007851036,5.159037e-05,3.2270284e-06,3.6692782e-06,7.7246905e-06,3.3405766e-07
5.5092337e-06,3.3426918e-06,9.110905e-05,6.47139e-05,0.00425798,0.063348554,0.20039052,0.35936576,0.18215747,0.14387777,0.029241106,0.0016038083,0.00024908423,0.00014637726,0.01005772,0.000490136,0.003905993,0.00073878746,3.7807938e-06,3.8747052e-07,1.3416975e-08,2.2211115e-08,8.0360635e-08
1.22792235e-05,1.9841556e-05,0.0001966075,0.0010106758,0.062622406,0.05174931,0.40870643,0.3390558,0.062285528,0.032217126,0.035289545,0.00070784136,0.0013280414,0.0012164476,0.0010433703,7.678109e-05,0.0006594533,0.0017807276,1.9360275e-05,1.2219547e-06,9.38475e-08,3.586149e-07,7.8456094e-07
2.4631327e-05,8.834991e-06,2.518526e-05,1.424527e-05,9.292468e-05,0.0022399346,0.0018347346,0.040287673,0.046873357,0.32688397,0.43701297,0.08549328,0.016979897,7.2634043e-06,0.0005186503,0.02888925,0.008598312,0.0039703804,2.2065444e-05,4.322817e-05,1.5078741e-07,5.6408368e-08,0.00017898639
5.5343207e-05,1.6419597e-05,9.044518e-05,0.00020372515,0.0094574625,0.0092531275,0.033254888,0.23851402,0.12463889,0.3615505,0.1838363,0.013109892,0.005456868,0.00012332069,0.005773603,8.3522646e-05,0.0028401641,0.011421384,0.00022088841,5.589463e-05,2.3531271e-07,2.684032e-06,4.048208e-05
4.8027135e-07,2.8423403e-07,1.2630667e-06,2.036007e-05,0.00066974567,0.002029422,0.049913518,0.122842245,0.12921304,0.21394777,0.023721902,0.010566427,0.0020585489,0.00056596217,6.11359e-05,0.44016236,0.004203627,1.6583494e-05,2.8595712e-06,1.454269e-06,4.736956e-07,2.5672133e-09,4.7019577e-07
1.45440445e-05,0.00032716786,0.0049653994,0.024042552,0.21175092,0.41624373,0.24081777,0.048780527,0.02044149,0.014886957,0.0020846142,0.0094688255,0.0010187988,0.0020553665,0.00032395258,0.00010803286,0.0026157096,4.104819e-05,9.549385e-06,9.455974e-07,1.858932e-06,9.533106e-08,1.2383859e-07
7.1528575e-06,3.4991276e-06,2.0048215e-05,9.5244366e-05,0.017633772,0.024017995,0.064410694,0.3366422,0.11104056,0.23008664,0.19777046,0.0069088885,0.0021906132,1.8710532e-05,0.0011591935,1.8076558e-05,0.0025611902,0.005388451,1.642576e-05,5.010864e-06,9.519859e-09,5.170591e-08,5.140703e-06
1.5777992e-05,3.1087027e-06,9.199501e-06,1.4183081e-05,0.00016492934,0.00056743436,0.0058835694,0.020842759,0.022323411,0.10357744,0.058186483,0.010314029,0.0047619934,0.0022227357,0.0028692938,0.74055165,0.026711656,0.00031124285,0.00046960654,0.00010313585,5.3500685e-06,1.0962453e-06,8.989365e-05
1.1448187e-06,2.780285e-06,4.1928182e-05,0.00021272457,0.009229599,0.03466914,0.580156,0.2738086,0.034694556,0.040918637,0.009835005,0.0029892279,0.0041100164,0.0021080642,0.0002381933,0.0018567416,0.0049731294,0.00013931758,1.2576092e-05,5.016652e-07,1.8368029e-06,4.7620052e-08,1.13012504e-07
2.1796407e-06,1.1961969e-06,5.725587e-06,1.9535055e-05,0.0028739274,0.0037696545,0.15108907,0.17059526,0.16195133,0.11395303,0.074930824,0.03593857,0.07541784,0.0056512733,0.0014396665,0.01022148,0.104755975,0.087001584,0.0002691256,4.461025e-05,3.0169496e-05,7.741896e-06,3.0274176e-05
8.504372e-05,0.0033220488,0.045941625,0.14793204,0.34660465,0.3059213,0.11302781,0.014094975,0.012179963,0.0035238347,0.00094100746,0.0039341445,0.0003814004,0.00074763707,0.00048185533,4.1196363e-05,0.0008028161,1.7316823e-05,1.7262691e-05,1.0623735e-06,4.3873584e-07,2.5280454e-07,2.9937397e-07
7.174701e-06,0.0001929949,0.0023766689,0.020314366,0.17476174,0.50584644,0.25458038,0.02983845,0.0051177302,0.004364453,0.0009806695,0.0010469493,8.9496265e-05,0.00018477513,6.3413354e-05,1.7936778e-05,0.00020678416,7.607842e-06,1.7968065e-06,1.0165622e-07,5.0281646e-08,1.147059e-08,2.7252744e-08
1.4707155e-06,3.8390485e-08,7.9504736e-07,2.7887288e-07,5.362032e-07,7.801052e-06,0.00013123924,0.0017076097,0.031671017,0.008913449,0.052172456,0.038421478,0.00084433623,0.24499236,0.016703885,0.46829847,0.0017783411,0.016009383,0.11058589,0.0045503243,1.8035023e-06,0.0032045054,2.5655486e-06
4.0360848e-07,7.8212935e-08,5.773628e-07,7.6813365e-07,5.318609e-06,0.00010018955,0.0021625787,0.01586314,0.14833035,0.052197237,0.069468156,0.010563214,0.0011682811,0.019863667,0.012512931,0.66116875,0.001595407,0.0048426767,5.2186606e-05,5.082986e-06,9.752262e-05,2.1582271e-07,1.239741e-06
1.938021e-05,1.4235134e-05,7.361888e-05,0.00030754943,0.017425954,0.019591087,0.06310053,0.30308858,0.116660826,0.28748193,0.17648754,0.0066092187,0.0023620885,2.484449e-05,0.0008188539,6.372587e-05,0.0006418873,0.0051264963,6.999004e-05,6.7547494e-06,2.7289806e-08,2.260253e-07,2.4623283e-05
9.200634e-06,3.821232e-06,4.305459e-05,2.5254021e-05,0.0014811816,0.026875276,0.12136964,0.2602205,0.24952407,0.26055723,0.047602516,0.008652107,0.00040990292,4.3433927e-05,0.0017115003,0.0035004322,0.017379472,0.0005866875,3.379811e-06,7.9553456e-07,5.6928915e-08,1.4084621e-08,4.590193e-07
0.00015874702,7.710129e-05,0.00022250038,0.0006176065,0.01488556,0.009160046,0.030840771,0.17822382,0.13416733,0.24383579,0.25721094,0.0441369,0.026529185,0.00069012813,0.0048801494,0.0030756858,0.006736305,0.037888072,0.0030526617,0.00084573287,8.288641e-06,3.664647e-05,0.0027200978
2.2610486e-05,1.0133112e-06,5.39147e-06,1.788786e-06,7.813095e-06,9.1858567e-07,2.1653789e-06,1.1957895e-05,3.135128e-05,0.00052373443,0.0024704828,0.00023260873,0.0043086894,0.0009259621,0.039049886,0.0048802104,0.0073858853,0.000118183736,0.9192589,0.020687627,3.0024482e-06,2.7479014e-06,6.705792e-05
0.00089679775,7.002766e-05,0.0002159932,0.00011188398,7.632128e-05,0.00034209114,0.00020743912,0.013810555,0.013688231,0.29266524,0.21880251,0.13696644,0.14309819,0.00065498316,0.0252683,0.0020494633,0.0015838013,0.10323098,0.015424184,0.02842378,2.4363198e-05,9.544192e-05,0.0022929434
1.8090721e-05,6.1551636e-06,5.546282e-05,4.6842473e-05,0.001540329,0.0052269823,0.015354235,0.19493723,0.14609198,0.1265159,0.07385137,0.05682413,0.12887347,0.0033141805,0.22746143,0.0011821657,0.010961376,0.00768489,2.1601845e-05,2.8244254e-05,7.691882e-07,1.911006e-06,1.2579396e-06
8.668183e-06,5.709623e-06,0.000108028056,6.3458225e-05,0.005040712,0.068863586,0.2432074,0.3675568,0.1420077,0.12720467,0.027093444,0.0016890377,0.00033322335,0.00021916487,0.0040196492,0.0016413883,0.0106187025,0.00031719916,1.027326e-06,3.2437015e-07,3.9907214e-08,8.688082e-09,5.6969114e-08
2.7071506e-05,0.00036688175,0.004882933,0.025641622,0.10089677,0.30452093,0.15403855,0.17728817,0.15263641,0.018695666,0.03479002,0.002899308,0.010006296,0.010827232,0.00046796387,0.0005108547,0.0013542629,0.00014278606,5.0641747e-06,3.7409657e-07,3.848499e-07,3.2411938e-07,4.1790063e-08
0.00010002836,7.73937e-06,0.00015847001,4.997134e-05,7.930656e-05,0.00085142284,0.0013519448,0.08307931,0.07445138,0.24370843,0.2982159,0.04408603,0.051837515,0.0024121727,0.18019909,0.000564103,0.0022142488,0.016041016,9.574147e-05,0.00037996497,7.3851163e-07,0.00010793975,7.509894e-06
0.0007124667,0.04606322,0.3765999,0.336759,0.16690941,0.054399952,0.013791581,0.0013168812,0.0018801456,0.00031213026,0.00015478337,0.00045641832,3.3328357e-05,6.294621e-05,0.00030212238,8.5640195e-06,0.0001973116,4.145039e-06,3.3192253e-05,1.2612729e-06,9.561802e-08,4.4528315e-07,6.88849e-07
0.006649326,0.23238213,0.5414385,0.1723699,0.033964757,0.007804573,0.0034773224,0.00055847556,0.00058182975,0.00013325007,0.00012555836,0.00014861292,1.7456681e-05,3.7608712e-05,0.00010617069,2.00235e-05,0.00012147283,5.5822634e-06,4.509952e-05,7.5025855e-06,3.3865356e-07,1.4565913e-06,3.0518465e-06
3.9752703e-07,1.7101519e-07,1.6996703e-06,1.2258143e-06,0.00010524186,0.005257172,0.0050691497,0.09233937,0.14244731,0.61146957,0.12267874,0.017892608,0.00023667024,2.8083262e-08,1.6385253e-05,0.0001287063,0.0020424873,0.00031253466,7.825226e-08,8.954638e-08,6.9332914e-11,1.375713e-10,3.6737202e-07
2.5012576e-05,0.0010315564,0.022741148,0.086555995,0.3705571,0.32256317,0.13375431,0.025425958,0.018594442,0.007766058,0.0013133525,0.0057928404,0.00077459647,0.000757081,0.0003354062,4.316513e-05,0.0019454883,1.3705514e-05,8.373659e-06,5.6447675e-07,5.8586124e-07,6.571964e-08,7.867127e-08
0.00011024648,0.0005792404,0.008591748,0.017993683,0.16814055,0.13633408,0.29777515,0.14313647,0.11463237,0.0403353,0.03508908,0.0024798058,0.0043997397,0.015859576,0.003217614,0.0004959661,0.009622233,0.0011771412,1.501434e-05,2.8187874e-06,1.0587669e-05,7.8973426e-07,7.542987e-07
2.7759493e-06,1.0626833e-06,2.0125772e-05,1.0711247e-05,0.0015047167,0.044488594,0.08709588,0.28799987,0.23430789,0.28406534,0.04199699,0.0046251877,0.00016158502,3.8546923e-06,0.00096435763,0.00017790326,0.012300168,0.0002720769,6.7624444e-07,1.7215847e-07,2.0725497e-09,1.8333671e-09,5.4642108e-08
4.925987e-05,1.8108702e-05,5.9654034e-05,1.745604e-05,1.3844255e-05,0.00013116011,7.849994e-05,0.009520804,0.010227782,0.07925034,0.07920121,0.09357595,0.03331423,0.0011421517,0.06234056,0.018465871,0.00622718,0.5434609,0.002716048,0.05965067,7.0976944e-06,0.00037732313,0.00015388227
1.2253209e-05,5.8519854e-06,1.9240693e-05,5.61726e-05,0.0037745086,0.010142681,0.02653668,0.13587874,0.12648495,0.12665403,0.05689716,0.235431,0.17625065,0.007325922,0.038026452,0.0049390625,0.026929308,0.024300516,0.00015466202,0.00014571747,6.4545316e-06,1.9468416e-06,2.5961972e-05
1.5586784e-05,6.650672e-06,8.707085e-05,2.3332486e-05,0.0008388288,0.033590086,0.032614842,0.18960091,0.3095649,0.3011905,0.051273033,0.020753037,0.00084354065,5.737397e-05,0.020172779,0.0017828274,0.03415811,0.0034134397,9.266518e-06,3.1804423e-06,6.537098e-08,1.18220065e-07,4.607772e-07
1.6037221e-07,4.4363966e-07,2.6770233e-06,1.0678082e-05,0.00023453492,0.0036601918,0.0036548758,0.04942494,0.01851025,0.034588642,0.014417008,0.21999753,0.53916216,0.041781813,0.0009734765,0.055942617,0.016309677,0.0012940032,2.6951109e-06,3.5205474e-07,3.12049e-05,5.9405668e-08,4.1187715e-09
1.4842457e-06,3.1726415e-06,2.8849612e-05,0.00023951143,0.0069261426,0.02950723,0.55567044,0.27104765,0.04936891,0.05479461,0.015347477,0.0030581073,0.0019987973,0.0010855537,0.0001324432,0.007312245,0.0033902628,7.796842e-05,7.3696447e-06,6.7253626e-07,9.576149e-07,2.2193113e-08,1.683367e-07
5.6776266e-06,2.041785e-06,7.848141e-05,1.8794482e-05,0.0016678127,0.050258804,0.04207422,0.31593177,0.28921402,0.23662895,0.026414117,0.0071833497,0.00023510645,7.113181e-06,0.013831773,4.5765624e-05,0.015722245,0.0006788435,7.5800295e-07,2.5861004e-07,9.968973e-10,8.0083735e-09,1.41456065e-08
3.0448902e-05,6.8476543e-06,0.0001358644,6.296049e-05,0.002069042,0.007810542,0.024183277,0.37105235,0.2198469,0.15023138,0.076434806,0.011063923,0.012248007,0.00033599336,0.11613619,0.00010418773,0.0059364326,0.0022997565,5.1441357e-06,5.3763133e-06,3.280528e-08,3.917408e-07,1.5373567e-07
0.006389686,0.1355569,0.5446815,0.18262097,0.07924729,0.022073606,0.012934488,0.004740197,0.007612925,0.0007189511,0.0013657855,0.00035841318,0.00012294103,0.00014260554,0.00051137473,3.272063e-05,0.0007548985,7.404071e-05,4.5477078e-05,8.657835e-06,6.681912e-07,3.273644e-06,2.7088108e-06
2.484311e-06,7.0825615e-07,8.19863e-06,2.078252e-05,0.0009099078,0.008148193,0.17027947,0.2609075,0.20913386,0.21637873,0.0944104,0.0041733095,0.00061300804,0.0006344534,0.00041356075,0.02675873,0.0070845955,0.00011806229,1.7300929e-06,9.1006257e-07,1.0572277e-06,3.9263184e-09,3.0578522e-07
2.4955963e-07,6.6315264e-09,3.095683e-07,9.0111506e-08,4.413982e-07,2.2954769e-06,1.4241398e-05,0.00080225605,0.0060629467,0.005032857,0.03313961,0.2881195,0.0028073506,0.36192378,0.043305483,0.11712095,0.0028207896,0.100897506,0.03747903,4.2666925e-05,0.0003813583,4.6198933e-05,1.1055011e-07
1.6086303e-06,5.4147193e-07,5.9305635e-06,4.615883e-06,0.0004828612,0.015232121,0.017552152,0.14101978,0.20118308,0.49477795,0.101609446,0.0203072,0.00024920685,6.354086e-07,0.0003082713,0.00014996745,0.00660959,0.0005023788,1.4858243e-06,5.8049585e-07,1.2924887e-09,4.358777e-09,4.892538e-07
5.7081543e-06,1.8417486e-05,0.00011022822,0.0013219788,0.071629785,0.1473867,0.42586753,0.25164095,0.027990287,0.034741342,0.038251597,0.0003151209,0.00018992164,2.1202279e-05,5.7528447e-05,1.8279354e-05,0.0001682651,0.00026201902,2.5540132e-06,2.0486708e-07,5.1281113e-09,8.119242e-09,3.62918e-07
3.8964376e-05,1.4023149e-05,0.0001843739,0.00011425627,0.002806353,0.008516925,0.05094369,0.3753563,0.17624007,0.09987345,0.08984725,0.0092068035,0.029040929,0.0037718944,0.14299059,0.0010177701,0.005584049,0.004411585,2.2288721e-05,1.39339645e-05,3.9439504e-07,3.3982012e-06,7.462238e-07
5.560579e-06,3.9906204e-06,7.4395466e-05,1.7877765e-05,0.00087666145,0.027974429,0.03686554,0.19287106,0.4074752,0.2980723,0.021677684,0.0089405,7.803727e-05,2.2596072e-07,0.0010614389,2.3116487e-05,0.002765534,0.0012158994,4.0403856e-07,1.2085904e-07,2.103635e-10,1.8015709e-09,2.4535584e-08
1.6498499e-06,5.7254297e-06,8.803213e-05,0.00018396985,0.0077927927,0.013459841,0.03898289,0.2922979,0.15992214,0.043298863,0.030708415,0.0113481255,0.30555043,0.07580718,0.017147763,0.0019442461,0.0007432405,0.0007159553,5.9049006e-07,1.1416319e-07,1.0725541e-07,4.5065757e-08,2.7836973e-09
1.2365173e-06,3.2311316e-05,0.0005058109,0.004946532,0.11214516,0.47218668,0.26352146,0.080196306,0.021343246,0.02456251,0.0021571734,0.012907207,0.0017140892,0.0014070416,7.4556505e-05,8.5880085e-05,0.002188515,2.1854717e-05,1.4757233e-06,1.601735e-07,8.119958e-07,8.154997e-09,1.1654698e-08
1.6270229e-05,3.0493822e-05,0.0003211703,0.0013197971,0.010993596,0.016336154,0.043561745,0.10901082,0.13720916,0.11259249,0.1337716,0.04180465,0.18124773,0.17559698,0.006907699,0.009801149,0.017619299,0.0011686049,1.2885192e-05,3.0709798e-06,0.0006743279,1.5693281e-07,9.859963e-08
1.7163018e-05,0.0002183538,0.002075808,0.0113531435,0.10929643,0.2876763,0.46614787,0.07463835,0.017337123,0.01756217,0.00255527,0.0059184614,0.0005364012,0.0016497205,0.0003075288,0.00030265676,0.0023436882,4.7178208e-05,1.2988877e-05,1.2978617e-06,1.6997352e-06,1.1753231e-07,2.1207994e-07
8.281666e-06,5.072625e-06,9.647412e-05,6.485459e-07,0.000109839086,5.9351413e-07,5.0292674e-06,2.7384063e-05,0.00013371083,1.214821e-05,0.00030641552,0.0011507849,0.00038071765,3.431395e-05,0.27963543,0.0013314077,0.707506,1.26487985e-05,0.006436057,0.0027448188,6.6016645e-09,6.226117e-05,7.5208135e-08
4.2271615e-05,2.1841812e-05,9.158533e-05,3.4317716e-05,5.5615565e-05,0.00055212167,0.0011204629,0.055149347,0.23894984,0.24379693,0.058150705,0.04526769,0.0049420698,0.00020722538,0.020209335,0.0039483635,0.0018367567,0.32385316,0.00024349171,0.0014153568,7.2872024e-07,9.647146e-05,1.4339655e-05
2.2637005e-05,9.170375e-05,0.0012786408,0.004548379,0.08694814,0.07973514,0.28738242,0.19768207,0.12287856,0.054154314,0.06341603,0.0040021753,0.016545635,0.07029887,0.0025201559,0.0014123922,0.0063864477,0.00067506026,3.094544e-06,9.1037316e-07,1.7013906e-05,9.346762e-08,8.753149e-08
3.639863e-06,5.895038e-05,0.0005556524,0.0037515622,0.074893475,0.39810944,0.26488957,0.112025805,0.039363496,0.04868337,0.0042823087,0.03839351,0.0038799369,0.0052350466,0.00021466042,0.0006617078,0.004915967,6.931441e-05,5.474858e-06,1.0439876e-06,5.980899e-06,4.5343647e-08,7.2252135e-08
1.6925276e-05,0.0007652276,0.009235862,0.05764269,0.2804988,0.46323746,0.15877303,0.016715711,0.006465898,0.003131359,0.0007411438,0.0019033693,0.00013468956,0.0003040149,0.000111565765,1.8911984e-05,0.00029205446,7.162916e-06,3.564481e-06,2.4594635e-07,9.762519e-08,3.196719e-08,5.2830337e-08
9.517779e-06,2.753497e-06,2.5612564e-05,1.4887196e-05,0.0004248894,0.011921342,0.03375407,0.14030686,0.34440935,0.29434866,0.0805932,0.022127463,0.0011413386,0.0005369423,0.0131236985,0.02773231,0.026352802,0.0031416686,2.3988536e-05,5.423548e-06,8.767724e-07,1.6382818e-07,2.208378e-06
1.4436316e-05,3.1571758e-06,1.7548926e-05,9.598171e-06,6.143629e-05,0.0025818374,0.0027869737,0.056007575,0.31265438,0.2872789,0.13844876,0.08973422,0.0033833089,0.0010097044,0.03045474,0.03546795,0.011067358,0.028622879,0.00015762029,0.0002083022,3.4105058e-06,7.137014e-06,1.8768305e-05
2.3998498e-06,3.2982805e-06,3.433133e-05,2.080641e-05,0.0018262428,0.009317391,0.037072226,0.07107408,0.04226075,0.044978164,0.019475324,0.11758963,0.22762197,0.0909408,0.0073421584,0.01782871,0.30368114,0.007990959,0.0005699359,3.4916e-05,0.00031987156,1.1806563e-05,3.0919894e-06
3.0509053e-05,0.00038708095,0.014285492,0.02111755,0.2437576,0.4131853,0.1261314,0.0503769,0.03821825,0.02210562,0.0038396064,0.038293526,0.0067367847,0.006693675,0.003753451,0.00021994209,0.010610262,0.00018573018,6.4358326e-05,2.1775356e-06,3.4357433e-06,8.559144e-07,4.744874e-07
8.414443e-06,3.0733215e-06,1.5226693e-05,4.1254607e-05,0.00091166206,0.0022577124,0.21652503,0.10510727,0.07609984,0.1388736,0.057447426,0.0073530213,0.006115741,0.0020478212,0.0021086663,0.37568197,0.0089221075,0.00030303522,0.0001565313,9.585396e-06,2.9896253e-06,3.750279e-07,7.5921935e-06
0.00026973282,0.003504921,0.07424646,0.09031879,0.26070145,0.21199988,0.11119769,0.08295422,0.111682974,0.016749395,0.017778862,0.0032685471,0.004805904,0.0034570873,0.0023789871,0.0001849081,0.0041981945,0.00028407178,1.3728962e-05,1.5295642e-06,1.265702e-06,9.979477e-07,3.848778e-07
8.155422e-07,9.381096e-07,4.9600967e-06,1.9142246e-05,0.0013243575,0.012423495,0.08907121,0.19164957,0.06168429,0.074275725,0.021172695,0.07788692,0.05009777,0.009633472,0.00040380142,0.015849877,0.37012082,0.02397811,8.042871e-05,2.861556e-05,0.0002886147,1.6671779e-06,2.6599437e-06
5.374695e-07,2.5806077e-07,1.1726097e-06,5.4433065e-07,1.0723168e-05,0.0001870159,0.0013352577,0.012442701,0.015126065,0.016573811,0.035474382,0.07557511,0.46940264,0.06759049,0.029373372,0.16556293,0.048236385,0.06294058,5.9430015e-05,5.343649e-06,8.244874e-05,1.8536686e-05,2.6992484e-07
8.805849e-06,0.00029682633,0.0059986766,0.042990632,0.24635549,0.50603944,0.16875342,0.019325169,0.005040736,0.002597951,0.00074084505,0.0012496569,0.000103880084,0.00020899145,0.00010729377,6.8888103e-06,0.00016655317,6.265266e-06,2.3628222e-06,8.122298e-08,3.07212e-08,1.7058008e-08,2.4298854e-08
5.7062466e-06,4.664284e-05,0.0012121359,0.004340457,0.046199746,0.2110768,0.18436342,0.22425373,0.18254934,0.029658714,0.058841597,0.004527668,0.017399998,0.030529255,0.0006707879,0.0007473488,0.0031015025,0.00046876018,5.330202e-06,2.2652719e-07,3.9917236e-07,4.6258103e-07,2.149437e-08
2.5324953e-05,2.8989272e-05,0.00020532803,0.00016516804,0.0027653794,0.0071999417,0.085359685,0.16217898,0.108786106,0.04705893,0.07299098,0.011630957,0.06897019,0.30652785,0.043739114,0.03904398,0.009915269,0.033119574,0.00018856836,2.6018446e-05,3.2634915e-05,3.7532227e-05,3.4479347e-06
2.5787556e-06,3.6800515e-07,1.9004199e-06,1.2997282e-07,9.71271e-07,1.2897054e-06,7.4866166e-06,0.00019502945,0.00025308333,0.0004903176,0.003775632,0.0077408794,0.10916952,0.06280864,0.49568945,0.13577658,0.046842296,0.10449814,0.02952028,0.0016645489,9.5237265e-06,0.0015477078,3.7691345e-06
1.0553192e-06,1.036302e-06,6.023999e-06,5.0056267e-05,0.0019570542,0.008382765,0.22060023,0.28570205,0.13464457,0.15774973,0.03660464,0.012540812,0.008013998,0.002131512,0.0001780443,0.11748922,0.013778746,0.00015145841,1.053162e-05,2.5410682e-06,3.3715507e-06,3.0408252e-08,5.47904e-07
9.2034577e-07,4.8137068e-08,1.4373492e-06,8.11968e-08,9.053599e-06,1.8138366e-05,0.0012145861,0.005012421,0.0071306005,0.003300665,0.037242126,0.011606446,0.09229276,0.33266538,0.019673591,0.057640996,0.09218581,0.0020081517,0.33741173,0.00015761728,5.86136e-05,0.00036594257,2.8229829e-06
2.770789e-07,7.374934e-08,3.6237296e-07,2.4231898e-07,6.776068e-06,7.844766e-05,0.0029136934,0.008742302,0.050937604,0.014828886,0.051125307,0.049952045,0.05765746,0.071513936,0.007881616,0.5093294,0.07834191,0.082523316,0.013371086,2.6054542e-05,0.00024344855,0.00052106695,4.6469772e-06
6.136615e-08,7.571947e-09,5.9057697e-08,6.7285534e-08,2.069464e-06,4.1072435e-05,0.0052847434,0.0068439865,0.044501524,0.017559526,0.19986422,0.043498315,0.08341117,0.21781813,0.008110311,0.17858376,0.0027772244,0.14177775,0.04175635,3.5644641e-06,2.0275568e-06,0.008163855,1.7366568e-07
2.0111524e-06,1.7557709e-07,1.2178357e-06,9.003888e-07,3.1307e-06,6.984031e-05,0.00038698755,0.0076866667,0.06429345,0.0432168,0.054119542,0.025341377,0.0012122656,0.024065297,0.031635933,0.73855263,0.0012792128,0.0068019,0.0010287669,0.00018189829,9.509338e-05,7.004058e-06,1.7887194e-05
0.0003355205,0.027951859,0.21505776,0.44703147,0.2037615,0.07713767,0.022806354,0.0018524459,0.0025057676,0.00040193176,0.00018585427,0.00052314455,4.3432603e-05,6.472772e-05,0.00014985213,1.0288225e-05,0.00016455895,2.4493604e-06,1.2242214e-05,6.978853e-07,7.260607e-08,1.5588596e-07,2.6627433e-07
4.46237e-05,6.2054955e-06,2.5172916e-05,2.601248e-06,1.408321e-06,0.0001038724,6.992977e-05,0.03332364,0.2991738,0.36849773,0.13847898,0.08767007,0.052933887,4.3713957e-09,0.00017719765,0.0014761867,9.467907e-05,0.017917914,7.3495144e-08,9.81164e-07,8.7869725e-11,2.4562102e-11,1.0315757e-06
6.411588e-06,1.5738096e-06,1.933071e-05,2.538749e-06,3.9665476e-05,0.003717818,0.0010006143,0.071701206,0.11162905,0.28419754,0.1385183,0.21211933,0.005892514,9.002312e-06,0.044299547,0.00022988736,0.11605511,0.010554369,7.751657e-07,5.2353707e-06,2.3553708e-08,5.5575732e-08,5.1715304e-08
2.6998749e-05,6.9711477e-06,3.9126142e-05,1.6641889e-05,4.8037247e-05,0.0010989661,0.001801159,0.04704346,0.17700411,0.24494489,0.11467844,0.08866461,0.005732822,0.0038519038,0.07588963,0.094045356,0.008226415,0.13586341,0.0003495896,0.0005837074,8.021478e-06,4.57901e-05,2.9919394e-05
9.4448136e-05,2.9330942e-05,0.00020032242,0.00029497454,0.01003476,0.014354207,0.058456928,0.32229382,0.18696442,0.23467296,0.13501354,0.0079700295,0.004406999,0.00022765789,0.012574754,0.00011261083,0.0046253228,0.007526869,9.902413e-05,3.4418958e-05,2.7316716e-07,2.3690038e-06,9.979397e-06
1.765346e-05,3.8328166e-05,0.0004762754,0.002378389,0.023608517,0.031475127,0.093243405,0.15082419,0.15754531,0.12733561,0.13393113,0.022910705,0.110379964,0.10967849,0.0047326535,0.005121127,0.024823839,0.0010593752,1.0480886e-05,2.546042e-06,0.00040663077,1.3046758e-07,9.872773e-08
0.0022994077,0.12962312,0.45766467,0.2886737,0.08812181,0.022412026,0.008009019,0.0009911123,0.0011410571,0.0002123756,0.00014368002,0.0002596692,2.6406784e-05,5.1897296e-05,0.00015201041,1.7092352e-05,0.00015220988,5.179719e-06,3.7139373e-05,3.6001986e-06,2.2422925e-07,8.530484e-07,1.633444e-06
2.8939257e-05,0.0030689132,0.038612865,0.21980584,0.36613786,0.2693933,0.08596703,0.0073683886,0.006139019,0.0013493991,0.0004177043,0.0011979847,0.00011224436,0.0001462128,6.827294e-05,1.0337265e-05,0.0001716056,1.7694271e-06,2.024574e-06,1.4360701e-07,4.38382e-08,1.6054956e-08,2.4710612e-08
2.8853005e-05,7.403527e-05,0.0003362513,0.0034132947,0.009350323,0.007468621,0.019549215,0.08721583,0.08975071,0.098982275,0.060574453,0.120096,0.21225184,0.25263697,0.0030360338,0.031903945,0.002236946,6.84465e-05,1.00133375e-05,4.467999e-06,0.0010114043,3.5749988e-08,2.6123793e-08
6.129407e-07,1.2301307e-06,9.766488e-06,4.883663e-05,0.003091717,0.056068417,0.061760757,0.19036622,0.16701627,0.13607125,0.025149995,0.20262417,0.08644415,0.009163154,0.00068356475,0.036083136,0.02503615,0.00037105204,2.8364368e-06,1.2543499e-06,5.422056e-06,2.2202235e-08,8.311396e-08
7.61519e-07,1.6789278e-07,1.1592414e-06,6.5907244e-07,1.7741646e-06,1.6331696e-05,0.0001492625,0.004543272,0.0202354,0.016912501,0.0374013,0.027985763,0.0031855043,0.07609828,0.035842244,0.49391308,0.00061023596,0.2825908,0.00034248005,9.225535e-06,0.00015249907,6.348937e-06,1.0196802e-06
1.1423463e-05,1.4328862e-05,0.00015816625,0.00039974335,0.028420867,0.029080521,0.28854105,0.43779257,0.100404225,0.04213766,0.047050964,0.0014067551,0.0056630797,0.00481787,0.009493608,0.00018953631,0.0012477686,0.0031507146,1.5412963e-05,2.3594655e-06,1.6279039e-07,7.561239e-07,4.997692e-07
5.956362e-05,0.0035169125,0.049325548,0.1905715,0.3633999,0.25601658,0.10676763,0.0114670675,0.010725461,0.0029387397,0.0007385578,0.0028319983,0.00027014315,0.00039185476,0.00024377288,2.9668288e-05,0.0006877711,7.363522e-06,8.910781e-06,6.5080195e-07,2.7695162e-07,9.438399e-08,1.2669784e-07
2.2286044e-06,1.4239887e-07,3.0526146e-06,6.531036e-07,7.913751e-06,9.569773e-07,3.346872e-06,2.3770715e-05,5.54751e-05,0.0012354145,0.011939503,0.000593667,0.00010760069,0.000620721,0.045821283,0.0047085104,0.010709363,3.1107447e-06,0.742157,0.18197913,2.2503902e-05,3.4812996e-07,4.2801385e-06
0.00013645712,0.0071997237,0.10199633,0.27101403,0.32868534,0.20132992,0.06743569,0.0074079176,0.008500687,0.0018135583,0.0005915791,0.0022732501,0.00021688403,0.00029283768,0.00041177985,2.450024e-05,0.0006424115,8.316412e-06,1.7151357e-05,9.132952e-07,2.2509049e-07,2.0029206e-07,2.7045294e-07
1.22917145e-05,2.345284e-06,1.5934156e-05,9.3589115e-06,4.589113e-05,0.0012623372,0.0035364148,0.0587642,0.27637112,0.21717477,0.12015351,0.03672471,0.0038976078,0.008692634,0.111776486,0.08752335,0.0061079855,0.06757343,0.00020490821,0.00012146032,5.193859e-06,1.538492e-05,8.724763e-06
1.3532051e-06,3.1852343e-07,1.3888326e-06,1.103016e-06,6.7277165e-06,0.000107021515,0.003948397,0.0065367687,0.031709038,0.012268527,0.12487054,0.027813489,0.030660724,0.28824803,0.011213936,0.29980013,0.0046872324,0.14540786,0.007991933,2.7426562e-05,2.7033793e-05,0.004668634,2.397496e-06
5.293113e-07,6.720851e-06,5.3964814e-05,0.0018881289,0.03901304,0.2891421,0.5257039,0.10330772,0.012697072,0.02405103,0.0031506019,0.000599891,4.4643486e-05,3.7542817e-05,6.408837e-06,0.00016682093,0.00012840077,1.3741133e-06,1.125433e-07,1.5302392e-08,7.335015e-09,1.205136e-10,2.8431246e-09
0.00029734013,0.027159287,0.17339852,0.46061024,0.21864685,0.08592387,0.027625125,0.0021735672,0.0026507992,0.0004172469,0.00020221421,0.0005083114,4.656177e-05,7.484203e-05,0.0001158292,1.2681044e-05,0.00012448293,2.186221e-06,8.910851e-06,6.47324e-07,7.5370735e-08,1.2265899e-07,2.1051076e-07
0.0005424652,0.041069087,0.26757714,0.42990133,0.17755489,0.06070757,0.017287843,0.0016420085,0.0022077663,0.00035447755,0.00017993333,0.00049180124,4.4694134e-05,6.9132715e-05,0.00017183313,1.2230075e-05,0.00016275662,3.2804232e-06,1.77801e-05,1.0749874e-06,1.0464749e-07,2.784828e-07,4.645655e-07
1.2891109e-06,8.8164285e-07,3.295807e-05,2.3202412e-05,0.0050181784,0.120075025,0.26024818,0.3917864,0.11007208,0.098572426,0.011716425,0.00032681166,1.4992766e-05,5.742362e-07,0.0004123125,4.4310505e-06,0.0016648966,2.888898e-05,4.1021302e-08,5.5220064e-09,2.3442664e-11,6.214026e-11,7.010207e-10
7.3242363e-06,1.8637968e-06,1.8590597e-05,1.3942915e-05,0.00013839504,0.0014519482,0.0188086,0.078274705,0.35102904,0.14391918,0.06828636,0.012924653,0.0013322554,0.013522682,0.13661452,0.12594296,0.0027455809,0.04465509,0.0002796941,2.157047e-05,2.8674956e-06,3.551331e-06,4.668724e-06
8.569635e-05,0.0022735293,0.07191826,0.118809894,0.34837002,0.3162209,0.08772037,0.016662862,0.018538596,0.0049968776,0.0013307786,0.006976987,0.0008381964,0.0009326648,0.0019623884,3.9582475e-05,0.0022426764,3.2513704e-05,4.4581175e-05,1.214533e-06,5.034567e-07,5.3550076e-07,4.2385926e-07
6.045792e-06,1.7950722e-06,1.8625104e-05,9.908714e-06,0.00041422446,0.019838598,0.0195333,0.153608,0.35484675,0.3217978,0.08259937,0.02055521,0.0007732852,4.5815326e-05,0.006859139,0.00095468777,0.016211031,0.0019077846,1.2103786e-05,5.461507e-06,5.268252e-08,1.0994555e-07,9.516924e-07
4.5188022e-05,8.479779e-05,0.0030916038,0.0014964017,0.059759937,0.089372166,0.22308192,0.08969126,0.037089724,0.0514905,0.013991079,0.11432857,0.037993617,0.11247994,0.085965455,0.0020304478,0.069703154,0.004243581,0.003946645,2.5698051e-05,5.775658e-05,2.3860197e-05,6.6685084e-06
3.3273096e-05,4.7909645e-05,0.001164452,0.0007671555,0.028001677,0.09790318,0.28447902,0.35424164,0.09289694,0.061944224,0.017516894,0.0016225773,0.00061596493,0.0013437676,0.05296733,0.00053795445,0.0026189755,0.0012898372,6.1453493e-06,7.1507674e-07,5.2373462e-08,1.28574e-07,1.07216344e-07
9.1021707e-07,5.5370666e-08,1.0597703e-06,3.4370612e-07,6.444158e-07,6.640509e-06,0.00013661032,0.002570938,0.032291256,0.006985194,0.02948922,0.03281075,0.0010120239,0.24328364,0.0096641695,0.30315092,0.00068338297,0.33285105,0.004458361,9.618861e-05,2.0514913e-06,0.00050403463,5.195418e-07
0.0013334214,0.00044730632,0.001498087,0.00091380364,0.0005152113,0.00092494034,0.0013522425,0.023077218,0.026940716,0.09011022,0.12144597,0.07962904,0.29699603,0.026767548,0.058888167,0.016795676,0.0044224537,0.053198863,0.044354513,0.08680046,6.7423e-05,0.062041447,0.001479247
3.5248518e-06,3.0826832e-06,3.3108387e-05,1.7156726e-05,0.00017958641,0.00068164617,0.0017721872,0.019216618,0.04180056,0.04141252,0.10845137,0.04303309,0.107378505,0.23333885,0.16577211,0.050784115,0.0058923513,0.18001209,5.3840817e-05,2.4956641e-06,0.00015830151,2.5798379e-06,2.8260934e-07
1.2893898e-05,3.2795178e-06,2.5106492e-05,1.418855e-05,0.00026481904,0.005649958,0.023276802,0.09591591,0.29312855,0.27760965,0.10632923,0.045104187,0.0018142138,0.0011444252,0.014267941,0.10796897,0.023947177,0.003423025,7.091732e-05,1.5871748e-05,4.599662e-06,4.1870558e-07,7.810221e-06
9.738319e-07,4.122204e-06,9.052984e-05,0.00038280158,0.023942446,0.11165282,0.19863105,0.27118966,0.0535648,0.12060362,0.0074574063,0.0775091,0.031537913,0.013753591,0.00064459094,0.0020447357,0.086403996,0.00049493957,2.1527301e-05,2.601389e-06,6.6554065e-05,1.1209747e-07,1.0120557e-07
2.6110743e-06,3.2105952e-06,3.8743812e-05,0.00013678482,0.009714692,0.050763454,0.2756941,0.35294852,0.13710529,0.08805899,0.06391051,0.0023850452,0.0020385834,0.0039486424,0.0008411062,0.007497281,0.0047988407,0.00011264834,2.0541096e-07,1.7204385e-07,4.874643e-07,1.6787616e-09,1.4151273e-08
4.7425337e-06,1.7331998e-06,2.885192e-05,2.8819222e-05,0.0016737701,0.019493718,0.1574127,0.27302414,0.2613622,0.22319247,0.050396416,0.0035924986,0.00018959033,7.364722e-05,0.0013483346,0.003781866,0.0040018936,0.00038714302,4.418298e-06,5.6832766e-07,4.6990614e-08,1.05893525e-08,3.9800574e-07
1.5593511e-06,3.1991185e-05,0.0003976721,0.003562397,0.07990497,0.49116373,0.24931173,0.09127488,0.025495494,0.030031651,0.0029263976,0.018335044,0.00235619,0.0022168558,0.00010092211,0.00018156505,0.002659557,4.3417524e-05,2.1548515e-06,2.6786208e-07,1.4823939e-06,1.599135e-08,2.634899e-08
1.8807631e-06,1.4280689e-06,2.2700196e-05,1.7692491e-05,0.0033000633,0.114154816,0.24116878,0.3942768,0.1091444,0.10950677,0.0188295,0.00077102456,4.942453e-05,2.6350233e-06,0.00017709244,0.00010569419,0.008442467,2.6820548e-05,2.667933e-08,1.2103647e-08,2.9265404e-10,7.693612e-11,1.5092988e-09
4.219402e-06,3.2028086e-06,1.5462481e-05,6.135591e-05,0.008187434,0.010116486,0.24039286,0.22343366,0.133832,0.10249119,0.07452366,0.021526905,0.048484933,0.005582255,0.0015283818,0.0041623637,0.054947395,0.070398346,0.00022742948,3.5317265e-05,1.2930505e-05,7.037425e-06,2.5108378e-05
2.8318556e-05,5.7132274e-05,0.0009900172,0.0011108685,0.028426811,0.042951267,0.15875241,0.18573022,0.13958894,0.084638886,0.10274247,0.007238407,0.019940818,0.1164018,0.07781947,0.003881258,0.011191917,0.018456623,3.3439024e-05,3.8104436e-06,1.2651103e-05,1.731261e-06,7.592219e-07
3.555644e-05,8.0340205e-06,3.5774123e-05,1.7502703e-05,0.00028589962,0.0015514762,0.015806437,0.04120391,0.07790931,0.064249605,0.15688646,0.07906461,0.16031116,0.06605091,0.09307935,0.08302493,0.0792963,0.07612828,0.002680322,0.00077753165,0.00012635849,0.0013181013,0.00015222623
0.00061646925,0.043735884,0.2815477,0.42100278,0.17338274,0.0579081,0.016138319,0.0016802178,0.0023197632,0.0003724739,0.00019356229,0.0005533464,5.203242e-05,7.621659e-05,0.00019410205,1.399522e-05,0.00018525745,3.877499e-06,2.0773916e-05,1.3172951e-06,1.2996723e-07,3.5450864e-07,5.6345567e-07
0.0017177641,0.031614665,0.19208916,0.084108636,0.037421115,0.39102283,0.24031393,0.015965084,0.0033970706,0.0018129478,0.0005000976,1.4743393e-05,3.4398946e-07,1.04319426e-07,1.4410532e-05,4.7855724e-07,5.35491e-06,8.5758256e-07,3.778792e-07,5.501068e-09,4.2893994e-11,1.8732431e-10,4.600191e-09
3.0373476e-06,7.9309245e-07,3.6048834e-06,1.3278557e-06,9.201452e-06,0.00013286575,0.0010991165,0.0040498166,0.015353229,0.008263816,0.05462879,0.046842206,0.025635544,0.15297382,0.016919022,0.4100506,0.042525217,0.20401138,0.013542674,0.00018925284,0.0003255331,0.003424814,1.4260241e-05
0.011031372,0.2745589,0.5446717,0.13785353,0.02235827,0.0051273583,0.002636635,0.00050149567,0.00050267816,0.00012456153,0.0001366174,0.00012430664,1.696385e-05,3.7113066e-05,0.00010042045,2.3584069e-05,0.0001185561,6.7693004e-06,5.0818824e-05,1.1520251e-05,4.833035e-07,2.011584e-06,4.2974525e-06
3.3578249e-06,3.1170466e-06,0.00019228022,4.787902e-05,0.0007244649,0.004902961,0.0026968797,0.018573372,0.029493203,0.05005217,0.0704667,0.24783364,0.33009553,0.031638164,0.0792989,0.0035262255,0.082654886,0.047362696,0.00030012845,1.9224162e-06,0.00012712572,4.305082e-06,1.12226566e-07
2.1710504e-07,4.4220803e-07,1.5535536e-05,2.500883e-05,0.0014795829,0.024612011,0.0884316,0.1780194,0.08204003,0.06968695,0.14556396,0.015013581,0.14819409,0.18407343,0.0016781957,0.006830373,0.035521083,0.018781008,2.5971069e-05,3.7184276e-07,4.874721e-06,2.2279203e-06,1.8988038e-08
1.4201785e-05,3.4821252e-05,0.00022771895,0.0029178937,0.0131840035,0.013922038,0.044319388,0.13381734,0.11261817,0.14384435,0.1047664,0.06458274,0.15975448,0.18012455,0.0022465873,0.015505916,0.0065506673,0.00011717825,8.154529e-06,3.0706074e-06,0.0014402408,2.599413e-08,2.4136346e-08
1.206583e-07,3.406678e-08,2.1394038e-07,1.9502544e-07,8.013222e-06,8.020689e-05,0.0010152695,0.009169442,0.009823729,0.05382916,0.0084131695,0.12557766,0.044625983,0.0186572,0.007683742,0.13626102,0.56104296,0.003743614,0.010993947,0.00025286825,0.008814134,4.749656e-06,2.4708593e-06
0.00018015255,0.011851847,0.11562652,0.34375313,0.2941259,0.16611701,0.054329205,0.0049080537,0.0054350263,0.0010610569,0.00039145938,0.0013266279,0.00011949869,0.00019354913,0.00024512946,1.990272e-05,0.00029677685,5.0585777e-06,1.2731304e-05,7.9298684e-07,1.4849282e-07,1.6996265e-07,2.5127048e-07
1.2059099e-06,3.8543195e-07,4.1838102e-06,4.3902237e-06,0.00068341487,0.020549875,0.04403021,0.20270322,0.1510197,0.44973817,0.1063414,0.009260707,0.00020126792,1.8281236e-06,0.00012856153,0.00043052188,0.014760072,0.00013987627,5.537531e-07,2.1327696e-07,2.3672784e-09,8.8823926e-10,2.050865e-07
4.3067605e-05,6.5766086e-05,0.0005974189,0.0013072944,0.015791096,0.020642044,0.0951021,0.11530525,0.1403236,0.09418653,0.14730676,0.014892443,0.044495583,0.2561893,0.020366956,0.011274759,0.015824683,0.0058435374,3.633999e-05,9.382536e-06,0.00039423542,9.859458e-07,9.293637e-07
8.1742855e-06,3.6061222e-06,2.424029e-05,1.1158208e-05,0.00062855735,0.022386184,0.020349048,0.11366195,0.19712031,0.4374519,0.11127259,0.050797813,0.0007676783,2.6125538e-06,0.00069025456,0.0005729628,0.042367015,0.0018753806,3.5691369e-06,2.7502356e-06,2.3056584e-08,2.6431984e-08,2.1728408e-06
1.497076e-06,3.5185516e-07,2.131495e-06,1.4843891e-06,5.6312852e-05,0.00029499747,0.0011937206,0.008030948,0.024634607,0.04589415,0.014787467,0.22609636,0.13273366,0.07561537,0.018996257,0.1007819,0.31752384,0.0062646684,0.024301972,0.0022660345,0.00039367503,1.8596682e-05,0.00011002571
0.0015893492,0.10599761,0.48244205,0.28419003,0.092641726,0.023344789,0.0070817545,0.0008104066,0.0010145348,0.0001691081,0.00011062212,0.00022701813,2.0221874e-05,3.8453654e-05,0.00014351217,1.0281074e-05,0.00013046361,3.6488889e-06,3.0610918e-05,2.1273756e-06,1.264379e-07,5.560106e-07,1.0297376e-06
3.5988253e-06,8.439379e-05,0.001125126,0.008250916,0.12069071,0.5415087,0.22977456,0.053703845,0.016046792,0.014289954,0.0019418106,0.008775025,0.0009537735,0.0013177905,0.00011638159,7.887098e-05,0.0013030734,3.1207725e-05,2.695897e-06,2.4489472e-07,5.4600815e-07,2.5258938e-08,3.795687e-08
5.977882e-07,5.65995e-07,1.8266082e-06,2.6729656e-06,3.9023183e-05,0.0006755832,0.0023488654,0.023711078,0.011029532,0.031413905,0.014947668,0.26419675,0.13030647,0.034937467,0.0057961587,0.29178724,0.17592266,0.0102857975,0.00037426187,3.1038086e-05,0.002185498,4.630873e-06,7.14105e-07
2.4096089e-05,0.0001882229,0.0033791962,0.012200432,0.21111034,0.16169469,0.35693863,0.14562765,0.05785048,0.018632926,0.021720769,0.00060721673,0.0010404375,0.006062883,0.0006661436,9.47621e-05,0.0019583239,0.00020005615,1.6830099e-06,2.6951102e-07,7.4626723e-07,5.0076004e-08,6.082379e-08
1.1631418e-05,5.794083e-06,0.00016896287,6.526561e-05,0.0031354167,0.05034928,0.08772837,0.34609753,0.21217434,0.17417812,0.033768207,0.0046133287,0.0006978047,0.000252123,0.077758774,0.0004265181,0.006710504,0.001849223,7.674274e-06,9.474777e-07,1.3627176e-08,1.0121552e-07,7.140647e-08
9.667877e-08,2.4804145e-08,5.407895e-08,2.921149e-08,2.363056e-07,3.6973229e-06,9.244371e-06,0.00037907265,0.0009844594,0.0032221097,0.0029235822,0.0727426,0.57646936,0.07379358,0.038005926,0.22300905,0.006835618,0.0012374866,0.00031263861,2.7680146e-05,4.230091e-05,9.387113e-07,2.1897507e-07
0.00011635339,1.7511053e-05,3.4886052e-05,5.2082378e-05,8.7853856e-05,0.00013207458,4.0915344e-05,0.0011460605,0.0026648166,0.025077764,0.05506865,0.02216104,0.04451348,0.010521846,0.0071178307,0.0053894804,0.00143379,0.019603811,0.23249811,0.24485365,2.4837482e-05,0.00017001624,0.32727313
4.5646215e-10,1.0434094e-11,1.2978347e-09,7.5095534e-11,1.4305136e-08,8.6390956e-10,2.2715936e-08,1.2276039e-06,2.4204442e-07,2.759109e-05,2.3183098e-05,0.00017832938,1.2704992e-06,1.2655478e-05,0.007456333,9.448678e-06,0.0003989818,4.007065e-08,0.99092203,0.00096391636,4.7921667e-06,2.4759088e-09,9.1733376e-10
6.523436e-06,1.1147232e-06,3.2653172e-06,7.87592e-06,7.702112e-05,0.00054414175,0.00074185396,0.012196395,0.03860716,0.27205682,0.49057347,0.054166835,0.00426765,0.0012658851,0.0010295749,0.11690274,0.0027343286,0.00013691324,0.0018301957,0.0010488916,2.8778315e-06,9.0512515e-07,0.0017975782
4.1186624e-05,8.88104e-06,0.00012464594,0.00017087425,0.0057800533,0.012043639,0.044345282,0.32652107,0.1529469,0.30943403,0.1311202,0.004097488,0.002002305,7.738329e-05,0.0076723397,1.99897e-05,0.0012486713,0.0022934244,4.2249965e-05,7.231495e-06,2.1582636e-08,6.1531335e-07,1.5370978e-06
1.3999047e-05,0.00032048492,0.0053040707,0.03444581,0.22533348,0.4406536,0.2537608,0.026869994,0.005908271,0.003861118,0.00095880264,0.0016487667,0.00012538047,0.00029799694,0.00018446124,1.6186947e-05,0.00027846007,1.23628715e-05,5.617925e-06,1.9877366e-07,7.76259e-08,4.239488e-08,6.1195514e-08
6.190754e-06,6.9783533e-07,6.782472e-06,6.180498e-07,2.5527717e-05,5.538113e-05,0.0014732367,0.0068416414,0.013993631,0.009345669,0.042540822,0.00808128,0.023563905,0.09727769,0.048041467,0.38681036,0.2606187,0.0010504738,0.09723641,0.0026280913,0.00010707487,0.00023402073,6.0335627e-05
3.7124397e-07,2.1326753e-06,2.0594185e-05,0.0002565382,0.011149298,0.0990716,0.36420423,0.3398785,0.06390816,0.0765377,0.0097538605,0.015032786,0.005659047,0.0018956815,6.5036285e-05,0.0022873648,0.010189871,8.070781e-05,2.0670775e-06,4.636795e-07,3.8954954e-06,8.655463e-09,3.119855e-08
1.1519149e-05,5.5758187e-06,5.7380832e-05,4.323285e-05,0.0012849167,0.01266647,0.074452646,0.18845299,0.21894494,0.21570103,0.106673695,0.012265617,0.005056961,0.0136735905,0.036449276,0.08955012,0.021631991,0.0030550724,1.0215703e-05,3.967532e-06,7.851804e-06,1.2501783e-07,7.982091e-07
6.088867e-05,0.00014669418,0.0014797145,0.0038915472,0.058387052,0.063799396,0.34176043,0.16821828,0.12273595,0.069719896,0.07296298,0.0036198043,0.006649001,0.0643509,0.0057890504,0.0030191443,0.011189788,0.0021292511,1.8984641e-05,5.4102097e-06,6.416887e-05,6.6558613e-07,1.0390485e-06
4.6928624e-05,0.0007217509,0.025287,0.037861954,0.29637665,0.38269645,0.115759574,0.04056445,0.033291455,0.01663143,0.003100762,0.025677774,0.004308872,0.004040388,0.003567742,0.0001652376,0.009696453,0.0001254136,7.262309e-05,2.569847e-06,3.0991446e-06,8.50687e-07,5.785044e-07
6.1692376e-08,5.3614473e-09,3.875025e-08,2.171501e-07,2.1695885e-07,1.5830567e-07,1.8642556e-06,0.00032025555,0.00026000934,0.0062083956,0.005227091,0.58611923,0.0049674315,0.20309648,0.04163631,0.060197253,2.9250214e-05,1.4818247e-06,0.006010346,0.0002467068,0.08567708,1.293011e-09,3.5793977e-09
1.084126e-05,0.00015941157,0.0017394893,0.011015409,0.1120639,0.46127212,0.33276698,0.05488977,0.010428186,0.0090143755,0.0021705774,0.0026835152,0.00027462543,0.00058814907,0.00020047832,9.5423595e-05,0.0005915752,2.879454e-05,5.7502093e-06,3.124443e-07,1.9058255e-07,4.507218e-08,1.0189083e-07
0.00012600436,0.012090365,0.11965285,0.41477287,0.27001318,0.13223362,0.04171747,0.0033596875,0.0039522005,0.0006382687,0.00025946947,0.0007330139,6.952493e-05,8.944128e-05,0.0001111657,1.0585127e-05,0.0001621876,1.9529884e-06,5.5844207e-06,3.4852536e-07,5.5023218e-08,5.93001e-08,9.477748e-08
3.5881952e-05,0.0008334021,0.0103074815,0.03705261,0.24819237,0.3929783,0.18218626,0.04316083,0.028971044,0.019224979,0.0024742202,0.023568453,0.0022165128,0.0038803397,0.0007070786,0.0002737682,0.0038529714,5.149597e-05,2.3834064e-05,2.9377004e-06,4.5884285e-06,2.8305135e-07,3.0857308e-07
2.6469797e-06,1.3273964e-06,1.5681107e-05,2.427788e-05,0.00222487,0.039733656,0.23571385,0.32808277,0.14527892,0.17862175,0.05094187,0.0028076498,0.00022387097,6.475793e-05,0.00025969118,0.004382063,0.011548819,7.107135e-05,2.6836437e-07,1.4183138e-07,2.9083168e-08,7.383082e-10,4.2274856e-08
2.5899488e-05,0.0023702267,0.027408756,0.17479782,0.3575613,0.29607502,0.12379546,0.009269618,0.005403171,0.0015267241,0.000447049,0.00087992696,6.662532e-05,0.00013370425,5.9165457e-05,9.949744e-06,0.00016511169,2.1138435e-06,2.1578987e-06,1.6720355e-07,5.085574e-08,1.5204346e-08,3.1210384e-08
5.9076006e-05,1.4014882e-06,3.046522e-05,8.010958e-06,6.7031287e-06,6.118505e-05,3.691622e-05,0.03286981,0.037487824,0.61055714,0.22370525,0.054817375,0.0075951265,1.6767509e-06,0.0013957025,3.969431e-06,0.0001072653,0.031171197,7.640808e-06,7.288717e-05,1.5642888e-08,2.5465764e-07,3.1323739e-06
9.562584e-07,6.2789377e-07,1.2550177e-05,2.566749e-05,0.0045987694,0.07014336,0.35351217,0.35487512,0.08185755,0.10733011,0.02573768,0.00035527907,2.8897235e-05,3.833283e-06,7.431073e-05,0.000111263675,0.0013072311,2.4546616e-05,7.681879e-08,1.3500305e-08,5.852057e-10,9.347777e-11,6.083579e-09
9.677015e-05,0.009995421,0.08706537,0.3806446,0.29751247,0.15833375,0.05713646,0.0036780324,0.0036823296,0.0006458316,0.0002572689,0.00059684674,4.8269834e-05,8.095526e-05,8.235192e-05,9.627947e-06,0.00012746973,1.6189992e-06,4.160118e-06,2.855459e-07,4.5448196e-08,3.8160422e-08,7.1683985e-08
1.235885e-05,2.1352183e-05,0.00045409205,0.0011058088,0.035614543,0.03488805,0.3114534,0.43346697,0.106775224,0.024805931,0.02990343,0.0004588081,0.0028289354,0.0048669996,0.0126949055,6.504385e-05,0.00021046904,0.00036930895,3.8777816e-06,2.7396953e-07,1.1984279e-08,1.8741186e-07,3.6215873e-08
2.9464903e-05,0.00031103456,0.007020095,0.024770865,0.09054544,0.29444513,0.18911335,0.14811517,0.16533355,0.014703707,0.045598116,0.0020622814,0.0048384946,0.010009005,0.0006311414,0.0003431214,0.001908159,0.00021034194,9.844801e-06,4.0153745e-07,3.0801863e-07,8.8325146e-07,6.648993e-08
8.52303e-05,0.0030684446,0.06950839,0.16265656,0.3493671,0.28580946,0.08997205,0.013480504,0.01421488,0.0035100987,0.0010149303,0.0041446784,0.0004692495,0.0006298078,0.0008378878,2.991722e-05,0.0011589988,1.7805456e-05,2.2276483e-05,8.5189185e-07,3.202947e-07,2.700567e-07,2.7560432e-07
8.090724e-06,2.9039902e-06,2.7719941e-05,1.0995348e-05,0.00053289736,0.02376783,0.027517783,0.1526019,0.2940853,0.32656097,0.078868575,0.032966234,0.0009503809,4.0471947e-05,0.0044421456,0.002928153,0.052810114,0.0018635029,8.503056e-06,4.016295e-06,1.344611e-07,6.603676e-08,1.3502273e-06
5.441945e-05,8.260026e-06,1.658921e-05,3.591571e-06,1.4731016e-05,0.00043312702,0.00039843735,0.0628956,0.09577469,0.24865955,0.39064538,0.109231144,0.052697588,2.418047e-07,0.00026458642,0.001813316,0.0042202575,0.032848645,9.552779e-07,5.958894e-06,9.4673895e-09,1.2642666e-09,1.2853277e-05
1.115122e-05,5.3266735e-06,8.2016355e-05,4.343789e-05,0.0013367581,0.020413654,0.06371857,0.21723308,0.23654325,0.19396158,0.085041545,0.0075479792,0.002352307,0.0039809486,0.13502671,0.011542314,0.01270716,0.008421478,2.4635712e-05,4.5033003e-06,6.422655e-07,3.9980043e-07,6.371434e-07
8.998892e-06,3.681672e-05,0.00075528823,0.0016433368,0.1002907,0.17461805,0.3277978,0.27361092,0.059051227,0.029176572,0.020798309,0.00070467667,0.0015790694,0.004921142,0.0030744453,0.00026094756,0.0014717261,0.00019924382,3.8437014e-07,9.752585e-08,1.4056397e-07,1.0088333e-08,1.44562735e-08
9.038722e-06,0.0005720644,0.008432094,0.06997569,0.30144843,0.44980434,0.15152974,0.011798705,0.0035502033,0.0015856238,0.0004411207,0.00058442703,3.8994902e-05,8.572676e-05,4.0670006e-05,4.9368814e-06,9.477655e-05,2.076459e-06,1.2163504e-06,6.125835e-08,1.5721344e-08,6.3087118e-09,1.4122984e-08
0.00018503025,0.0018017936,0.05369662,0.05263998,0.2395466,0.23955819,0.1357367,0.098016165,0.1160241,0.0211746,0.020128047,0.0031194093,0.0041179815,0.0043765986,0.003619427,0.00015650888,0.0056104474,0.000471343,1.6360176e-05,1.4089204e-06,1.2650371e-06,1.063089e-06,4.3212597e-07
5.535973e-06,1.9655902e-06,1.4087075e-05,7.761896e-06,0.0005474904,0.021774868,0.022532823,0.12423832,0.15984033,0.4213019,0.12995885,0.048348885,0.00086592935,7.3894216e-06,0.0006074351,0.0012742565,0.06770805,0.00095452974,4.1509606e-06,2.9794865e-06,5.0321074e-08,2.3513481e-08,2.4199364e-06
5.8904293e-06,3.7698297e-05,0.00068406004,0.0032845002,0.07429051,0.1435793,0.33866775,0.28279403,0.08264168,0.020113662,0.032626815,0.00095991086,0.002860331,0.014537099,0.00036647115,0.0001661907,0.0016287466,0.00074644166,7.79476e-06,3.9334128e-07,3.595643e-07,2.9252837e-07,6.116485e-08
1.085193e-06,3.7507775e-07,3.2839537e-06,1.1602812e-05,0.00055690284,0.00577327,0.11258437,0.2137712,0.26306722,0.19791298,0.1215408,0.00917246,0.0020122125,0.0024217567,0.00057562045,0.05715908,0.013234158,0.0001906692,1.8002564e-06,1.4902818e-06,7.4351033e-06,5.110581e-09,2.788144e-07
1.3299662e-06,3.9935188e-07,2.939635e-06,8.118388e-06,6.7985064e-05,0.00046683315,0.009157183,0.0415075,0.11448426,0.09118753,0.19552667,0.02326542,0.016202286,0.17270441,0.012612513,0.31056923,0.006150871,0.0024670141,3.3258228e-05,6.486818e-06,0.0035772899,8.413769e-08,3.8998783e-07
2.271241e-05,9.546722e-06,4.6784247e-05,0.0001981754,0.015753785,0.00931254,0.101431616,0.3133123,0.12400804,0.22897542,0.18018971,0.0064532906,0.0076212334,0.00032254867,0.0044494104,0.00019347577,0.0014587052,0.005935183,0.0002650282,1.9628582e-05,1.3534714e-07,2.4346657e-06,1.8259734e-05
1.1697388e-05,3.4936646e-05,0.0004570784,0.0014994513,0.061590925,0.09192944,0.3740874,0.25204185,0.07959407,0.047976863,0.04989021,0.0014523489,0.0038430805,0.027971769,0.0022125833,0.0015080862,0.003430001,0.00046325,1.251979e-06,4.582229e-07,3.20873e-06,3.0627785e-08,6.472312e-08
5.8364267e-06,4.5350353e-06,0.00012147784,0.00013723102,0.009024643,0.082545474,0.36647415,0.31089017,0.11054357,0.08491236,0.02725795,0.0008589733,0.00019708174,0.00024351262,0.0032532755,0.00050317566,0.0026375605,0.00038635245,2.2275046e-06,2.617222e-07,3.199416e-08,1.4405226e-08,9.925597e-08
0.00044448432,3.124845e-05,4.271821e-05,7.2086436e-06,4.1591056e-07,2.2318773e-06,9.6755375e-06,0.0020922816,0.004575104,0.057516694,0.019196944,0.047183525,0.71477765,2.450539e-06,0.02982744,0.1100115,0.00077562185,0.013320696,0.00010580403,7.459452e-05,4.8889238e-08,1.37614915e-08,1.793261e-06
3.4628258e-05,3.9376096e-06,2.5782861e-05,4.254777e-05,0.0009768705,0.0010240072,0.00070515467,0.07059976,0.073202014,0.26248452,0.17010413,0.038837016,0.012829276,3.8657035e-05,0.0005892288,0.00020492032,0.0013538647,0.35495928,0.0003108437,0.0007132927,1.2965475e-07,4.723066e-07,0.01095976
6.474795e-07,2.7459325e-08,9.5348764e-07,2.1963471e-07,1.5280722e-06,1.9207664e-07,1.2700488e-06,2.0825142e-05,2.2156091e-05,0.00081725663,0.002342852,0.0020418589,4.5973295e-05,0.0013706286,0.04323112,0.0016159444,0.0006383974,1.795812e-06,0.9277912,0.019876426,0.00017808416,6.200768e-08,5.82823e-07
8.362993e-06,0.00014209477,0.0028958663,0.017646654,0.1779959,0.41991204,0.3029302,0.05013299,0.011358268,0.008934803,0.0016094239,0.0036812054,0.00045335921,0.00085408636,0.00024915396,3.639783e-05,0.0011200323,3.1731735e-05,6.549781e-06,2.902131e-07,3.6499983e-07,5.4528904e-08,6.555536e-08
2.9939767e-05,0.00067369814,0.017040106,0.040906206,0.29429266,0.40454304,0.12549052,0.03767124,0.030109346,0.014841696,0.0024819272,0.019714143,0.0030863804,0.0029823545,0.001168549,0.00013177481,0.004751423,5.7372767e-05,2.402738e-05,1.316409e-06,1.8062378e-06,2.7761254e-07,2.1598517e-07
6.470295e-05,0.003735653,0.053756718,0.19366941,0.3560596,0.2770779,0.08530146,0.011045075,0.011095786,0.0025599948,0.0007601187,0.0031599964,0.0003801096,0.00047386135,0.00027830637,2.885246e-05,0.0005349139,8.16902e-06,8.376398e-06,5.3098876e-07,2.0138557e-07,1.0914792e-07,1.2250665e-07
7.780912e-08,4.991568e-09,2.5341984e-07,9.116557e-08,5.7837747e-07,7.621663e-07,3.3915255e-06,0.00032057354,0.00022858559,0.0050721862,0.008073284,0.30780742,0.0045735105,0.038734272,0.17718472,0.0089037055,0.0014529722,0.00026151518,0.26328102,4.809179e-05,0.1840528,1.4176914e-07,3.328802e-08
3.406059e-07,2.9154194e-07,1.9392903e-06,1.6108191e-06,5.2773652e-05,0.0010492207,0.014141191,0.030525833,0.032506615,0.027542105,0.052257434,0.038869917,0.12567365,0.15005212,0.005142179,0.14815782,0.20052144,0.17261887,0.00051621924,1.0091296e-05,0.00030123972,5.62151e-05,8.9553896e-07
8.876295e-05,8.036523e-06,4.7633646e-05,2.322112e-05,3.9877137e-05,0.00037544616,0.0023958238,0.020262094,0.038972512,0.06528568,0.37686786,0.03492123,0.094943725,0.1624973,0.033332262,0.02449229,0.0027616122,0.054005623,0.004142993,0.002963977,1.1444336e-05,0.08138055,0.00018011288
2.0350685e-06,3.406584e-06,9.3731825e-05,0.00018081117,0.018516185,0.14986357,0.40433308,0.33467656,0.04316754,0.03128536,0.015974505,0.00018730167,9.40611e-05,0.000118768716,0.0003298596,0.000112009875,0.0010214798,3.962899e-05,8.946533e-08,2.2228349e-08,6.061994e-09,5.632943e-10,3.7407246e-09
9.056975e-07,4.602517e-08,4.1704524e-07,7.491524e-07,1.1391888e-06,1.6852055e-06,1.059919e-05,0.00042088615,0.0008811924,0.016872503,0.018747484,0.12717247,0.0053807525,0.29396605,0.19676143,0.09305245,0.00042796368,6.957979e-05,0.19034691,0.0030095791,0.05287336,1.7011745e-07,1.6692853e-06
2.5551337e-06,2.9484714e-05,0.00027509904,0.0025715325,0.047355544,0.19158445,0.5202667,0.15302639,0.027399106,0.039247,0.0034496645,0.0076014455,0.0010946728,0.0018147933,0.00011429325,0.0005392517,0.0035833104,3.7174796e-05,3.5758035e-06,6.413252e-07,3.1041025e-06,2.0670841e-08,4.8015792e-08
1.2038134e-06,3.7589766e-07,2.0760011e-05,2.3321115e-06,5.8454563e-05,0.00013675186,0.005716768,0.002389963,0.0024019375,0.0013655087,0.0031526054,0.008087427,0.0017986025,0.020516312,0.053134,0.00019190984,7.4589894e-05,0.0009824916,0.8992405,7.0920732e-06,1.47938195e-08,0.00072033383,1.0156881e-07
0.0013875191,0.00023040612,0.0004075492,0.0004894293,0.0012551867,0.0021790552,0.0017359643,0.048622172,0.052328773,0.30284566,0.16068546,0.08935595,0.13410695,0.0006313305,0.0108204,0.0060673365,0.0041805413,0.14334571,0.009106142,0.011694286,3.4870816e-05,5.0854986e-05,0.018438404
0.00012051404,1.4612541e-05,0.00012301512,0.00011807111,0.0010589223,0.0021602495,0.0021551042,0.087889396,0.08947633,0.45499292,0.22211109,0.03988841,0.012099692,0.00019829029,0.0066046044,0.00010138645,0.0020296727,0.07594446,0.0007461491,0.001432294,2.4353117e-06,2.5338226e-05,0.00070714485
3.3675875e-07,3.2637007e-07,4.35545e-06,2.7628425e-06,5.3034088e-05,0.0012977966,0.011760737,0.022804866,0.03804657,0.025373928,0.15433732,0.03109265,0.16041705,0.2798039,0.011441292,0.077566236,0.020124983,0.16502962,0.00066502456,2.435927e-06,3.4095592e-05,0.00014043676,2.6731223e-07
0.00030825488,0.0019336115,0.053405,0.02907872,0.19440427,0.24743679,0.15004559,0.11857844,0.112814836,0.027553616,0.022290537,0.0052092206,0.0046247714,0.008748971,0.0143822,0.00029275552,0.006760779,0.002062393,5.83943e-05,3.4066825e-06,1.7727131e-06,4.2950523e-06,1.352478e-06
0.0006219277,0.000100365236,0.00034303113,0.00032094738,0.00095833733,0.0012961314,0.0007687095,0.014094474,0.021301161,0.115610406,0.17874528,0.05729459,0.06284819,0.01595962,0.030646946,0.004689935,0.0075525464,0.08594583,0.13270773,0.19799905,0.00015772556,0.000716167,0.0693209
1.1139915e-05,2.603872e-06,4.3462358e-05,8.850384e-06,3.4507495e-05,0.0011021815,0.00045931694,0.06260329,0.19418514,0.440504,0.09973842,0.09694472,0.0019400743,7.2095935e-07,0.0018801343,5.8394482e-05,0.002204181,0.09824208,2.97783e-06,3.280342e-05,1.0081254e-08,3.4512792e-07,6.378325e-07
8.971418e-05,0.0030669493,0.059289213,0.15365328,0.35503212,0.27894163,0.10663881,0.015275632,0.014670383,0.004235984,0.0010985552,0.004401373,0.00047036915,0.0007107322,0.00078513176,3.9849318e-05,0.0015508028,2.1273227e-05,2.573543e-05,1.2392427e-06,5.6942866e-07,2.963887e-07,3.5749872e-07
3.9590714e-07,6.0385094e-07,3.7263483e-06,8.933348e-05,0.0033701279,0.011712664,0.27570015,0.31197184,0.1161736,0.20163895,0.01595109,0.00624172,0.00090745214,0.0004206305,2.072836e-05,0.05334873,0.002436498,9.887772e-06,8.341483e-07,4.831687e-07,5.388194e-07,7.833128e-10,5.290186e-08
4.6887044e-06,2.9144094e-05,0.00067603623,0.0023249497,0.037295334,0.16189222,0.20722866,0.25687194,0.15963852,0.03560821,0.06266439,0.004587634,0.01840045,0.04512411,0.000708567,0.0010055777,0.0049551404,0.00097505946,7.4864643e-06,3.8934184e-07,8.826103e-07,5.8914526e-07,3.5039992e-08
0.09514907,0.40873376,0.38969395,0.09216361,0.008015617,0.0017676351,0.0018805974,0.0007493456,0.0005058346,0.00022524133,0.00037850658,0.00011740548,2.8942128e-05,5.7723537e-05,0.00010927917,7.949835e-05,0.00015755887,1.8197987e-05,8.943193e-05,5.7401412e-05,1.8950676e-06,6.4935825e-06,1.3098371e-05
8.456337e-06,3.4302152e-06,2.0926602e-05,8.265029e-05,0.0079553705,0.010154535,0.028527325,0.26868767,0.08449623,0.36681306,0.21758068,0.006820119,0.0021195423,1.0946508e-05,0.00076543225,1.6286234e-05,0.00086134596,0.0050182627,3.901689e-05,6.5012955e-06,1.0585315e-08,1.04418426e-07,1.2094132e-05
0.00016728636,0.0030325162,0.08862199,0.09390083,0.35356885,0.29668173,0.0759223,0.019761618,0.024008723,0.00802304,0.001919285,0.01724249,0.0021111746,0.0019427354,0.0054957643,0.00011463017,0.00722521,8.725936e-05,0.00016208424,4.681795e-06,2.219275e-06,2.0561183e-06,1.5142645e-06
3.6017955e-05,0.0022518386,0.026783582,0.13837864,0.34551367,0.33992314,0.12489283,0.010736369,0.006519468,0.0020291465,0.0005734316,0.0015799431,0.000113594426,0.00024159071,0.00012655767,1.5985295e-05,0.0002740414,4.9848445e-06,4.7014432e-06,3.1774096e-07,9.640278e-08,4.5209717e-08,7.3640464e-08
1.9022822e-05,6.1528317e-06,2.5675508e-05,9.440493e-06,0.0002514371,0.010719841,0.006030139,0.076638184,0.12193821,0.3079801,0.20769605,0.13475317,0.0038646364,1.0218449e-05,0.0010368117,0.001621862,0.1198324,0.0075020455,1.443391e-05,3.1472722e-05,2.898532e-07,1.6735581e-07,1.8194616e-05
1.4386483e-05,2.8214952e-05,0.00064741116,0.0007607162,0.016983014,0.035705753,0.099233076,0.14001113,0.15787147,0.09833808,0.1437575,0.018045062,0.085150205,0.12342173,0.028087663,0.002925938,0.03449141,0.0144497175,2.3305602e-05,2.296314e-06,5.0626997e-05,1.0132136e-06,2.6896592e-07
2.3264347e-05,5.3614704e-06,1.5301808e-05,1.1187965e-05,3.538203e-05,0.0010988609,0.00046376084,0.023026688,0.11697163,0.18329537,0.29873157,0.16248213,0.010528437,0.0015584441,0.026786935,0.09016389,0.0043113343,0.031950407,0.0050947424,0.041944936,1.0227975e-05,0.00013989327,0.0013502743
6.8874087e-06,2.932343e-06,3.2218955e-05,1.6799195e-05,0.0011369804,0.026137548,0.06470956,0.20229173,0.26861146,0.34552583,0.062752426,0.013080144,0.00032099086,6.9173466e-06,0.00116075,0.00086543895,0.012609262,0.0007272643,3.3697286e-06,8.754245e-07,1.2918799e-08,1.18183845e-08,5.825759e-07
3.1166446e-06,3.2563842e-06,1.2315663e-05,0.00010493692,0.009475417,0.014561032,0.23552588,0.30377904,0.13407917,0.13427745,0.07392402,0.019539312,0.022805538,0.001191388,0.00019389475,0.0067581804,0.030066727,0.013501918,0.00011322002,3.1155138e-05,1.5745425e-05,9.077082e-07,3.6385787e-05
1.0997364e-06,3.3686904e-06,9.302525e-05,0.00018707337,0.024879692,0.32180023,0.36871958,0.24450167,0.02080754,0.012548749,0.005956212,5.1233103e-05,1.5327276e-05,7.2021617e-06,0.00011029432,7.5364787e-06,0.00030566772,4.440391e-06,1.0264474e-08,2.0268776e-09,1.1768085e-10,3.2293022e-11,1.5135847e-10
6.239715e-05,0.00025627384,0.006231598,0.006722547,0.10401371,0.12022996,0.22356184,0.19542979,0.15506773,0.05495313,0.04901437,0.005026202,0.012974953,0.03740625,0.014864203,0.0007815571,0.009678213,0.0036972705,1.7953624e-05,2.174046e-06,5.9373388e-06,1.3789509e-06,5.422383e-07
6.2296285e-06,4.0389423e-05,0.0002595451,0.0015602176,0.026229411,0.14834237,0.12100394,0.28131258,0.10169963,0.061948337,0.038153205,0.03161459,0.12610836,0.03912107,0.000898137,0.007842817,0.012658411,0.0011777225,9.419323e-06,1.5804986e-06,1.1691185e-05,2.6889637e-07,6.2239685e-08
0.00021445271,8.6705215e-05,0.00015451177,0.00046157767,0.00034714778,0.0007273755,0.00048504485,0.009530477,0.021810675,0.08262202,0.08777284,0.16068096,0.41949904,0.0047072275,0.01242909,0.029005464,0.00093997293,0.014086099,0.05538317,0.05919628,4.97589e-05,0.0057876343,0.034022417
1.8187299e-07,2.8348902e-07,2.192204e-06,0.00011826212,0.0050685885,0.053322412,0.40990838,0.26951978,0.067175925,0.15873,0.023276726,0.0014128074,0.0001834041,1.8697372e-05,8.4247695e-06,0.010656816,0.0005932854,3.6540443e-06,1.0988315e-07,1.98811e-08,2.931534e-09,5.835897e-11,1.3202028e-08
3.0721207e-05,3.6984045e-05,0.0005877765,0.0003156139,0.01472828,0.14463356,0.35563484,0.29891118,0.109988555,0.059687268,0.008921243,0.00089957507,6.475217e-05,2.5792742e-05,0.0023022026,0.00015889834,0.0028755805,0.00019540598,1.494307e-06,1.768933e-07,5.857691e-09,8.954787e-09,4.3181018e-08
2.7026358e-06,1.9086959e-07,1.5821554e-06,7.815337e-07,5.7934517e-06,3.719917e-05,8.263747e-05,0.0014309644,0.011287149,0.0335452,0.14521955,0.020385388,0.0016912238,0.013647302,0.070196874,0.24013536,0.0049830093,0.00016362141,0.39964342,0.0568792,0.00010961465,5.8160193e-05,0.00049302116
0.00016213223,7.7413635e-05,0.00022189705,0.00018666485,8.255631e-05,0.0003278689,0.0010428703,0.013800337,0.02987607,0.05186473,0.07210093,0.05100805,0.13710754,0.04040478,0.011801619,0.014317162,0.0006489632,0.034043647,0.022597495,0.02264277,6.3994044e-06,0.49539155,0.00028650276
0.0022064846,0.00041702765,0.000766735,0.0009983558,0.0026876202,0.0034834647,0.0028585473,0.036325082,0.03524242,0.19598919,0.16640842,0.054472506,0.12259352,0.005703089,0.024578737,0.024819696,0.012342543,0.09555416,0.10096199,0.037723508,0.00014802782,0.00015440579,0.07356446
0.0020464545,0.040565386,0.1567148,0.56885576,0.07980423,0.07508452,0.033194624,0.015803019,0.02160649,0.0009986171,0.0042557507,0.00014847452,0.00019209716,0.00041608236,0.0001774775,3.8509355e-05,6.8194626e-05,1.3086102e-05,1.3754014e-05,1.3253059e-06,6.9579144e-08,9.538732e-07,3.3927876e-07
2.5182842e-07,5.0566115e-07,6.0898437e-06,1.3275843e-05,0.0014540913,0.00944304,0.027924543,0.12761168,0.046218485,0.097337514,0.009414082,0.16740951,0.20295458,0.029581761,0.0010275044,0.014007832,0.2637011,0.0013382212,5.231604e-05,8.652301e-06,0.00049450627,3.2476797e-07,1.9781645e-07
6.751701e-05,2.2922486e-05,0.00025477834,0.00031307098,0.0035337857,0.005588489,0.16315202,0.25552112,0.17505518,0.12574443,0.12501234,0.0045311055,0.011084294,0.026654059,0.0841322,0.007314312,0.0009673574,0.009704855,0.0011911666,2.8662289e-05,1.0012272e-06,0.00011594763,9.424717e-06
4.1090274e-07,3.072093e-08,1.0461754e-06,3.8229004e-07,1.8940538e-06,1.8131324e-05,0.000122862,0.0019300345,0.011774072,0.008481411,0.042097148,0.18379384,0.0047847806,0.20379533,0.027196743,0.051317427,0.0022155438,0.4534572,0.0088622505,1.0029076e-05,6.6448054e-05,7.2794224e-05,1.9288954e-07
6.5442855e-06,3.6215828e-05,0.0011516444,0.0022851573,0.025000056,0.16410787,0.18229884,0.20030996,0.19841246,0.032601103,0.10233087,0.0065671904,0.022934757,0.050571688,0.0015406118,0.001455685,0.0069142403,0.0014509415,2.0386797e-05,5.1588853e-07,9.316197e-07,2.193274e-06,5.5500013e-08
3.236333e-05,0.00013658749,0.002930705,0.005746684,0.14581698,0.26471224,0.3910388,0.14845407,0.022785697,0.0100089265,0.0063972906,0.000165582,8.5572305e-05,0.0003627424,0.0008452436,2.625936e-05,0.0003879866,6.5271684e-05,8.3379916e-07,8.655281e-08,2.1602595e-08,1.1679003e-08,2.0595772e-08
1.591597e-07,3.4501547e-08,2.0321066e-07,1.6586781e-06,3.7949387e-06,1.8624503e-05,0.000387177,0.0043264264,0.0047203274,0.041276574,0.033867475,0.044514295,0.012123306,0.063379005,0.0034067237,0.048335988,0.0010457039,5.3322583e-05,0.00023642319,1.1113183e-05,0.7422917,1.0480375e-08,4.928206e-08
4.444539e-08,3.8674013e-08,6.3543007e-07,9.100714e-06,0.009740904,0.044548538,0.10487849,0.4251658,0.042138584,0.21240944,0.16031304,0.00046237896,0.000106439584,8.6283876e-08,1.0709497e-05,3.3589689e-07,0.000108035165,0.000107351865,4.123326e-08,4.1299666e-09,1.530838e-12,9.179634e-12,1.00746425e-08
7.729876e-06,7.675807e-07,4.7704752e-06,3.2691362e-06,1.7552253e-05,0.00034898933,0.0012076758,0.017514542,0.11461019,0.112706535,0.110924974,0.05125196,0.0018353862,0.0088200085,0.029872585,0.54187083,0.002985753,0.0033953742,0.0019448751,0.0005340135,4.7225683e-05,1.0013264e-05,8.501426e-05
2.093335e-06,1.226946e-06,1.2923903e-05,2.1636282e-05,0.00019353964,0.0010269979,0.0061125755,0.023552543,0.061321296,0.07215067,0.27207482,0.033915255,0.06714875,0.2369463,0.07796437,0.046296876,0.012628253,0.08618135,0.00012488972,5.383509e-06,0.0023162765,1.5750678e-06,4.514892e-07
3.3483589e-06,8.6115335e-07,5.3924946e-06,4.805934e-05,0.0021774864,0.0014576832,0.0027334518,0.0659993,0.078798,0.47042546,0.31391063,0.03819489,0.011755147,2.846569e-05,8.860709e-05,0.0050200303,0.0002315642,0.0035347363,0.00012289577,3.574121e-05,1.3635127e-08,1.183505e-07,0.0054281354
1.8398443e-05,0.00086595124,0.021166526,0.08925143,0.34038442,0.39735147,0.11317893,0.01674644,0.01206657,0.0034803578,0.00091713096,0.0029956773,0.0003679757,0.00048506833,0.00019925788,1.4150663e-05,0.0004979481,8.140167e-06,3.842419e-06,1.6655676e-07,9.239045e-08,3.6979923e-08,3.7405414e-08
2.7209753e-05,1.0058935e-05,6.600671e-05,2.7153788e-05,0.00012859992,0.0030867495,0.0032301927,0.07778259,0.31681138,0.3695325,0.084047884,0.056103162,0.0024453471,0.00013076192,0.023899062,0.0032367392,0.0054735504,0.053655297,0.000102589685,0.00018702997,3.930671e-07,9.320879e-06,6.358391e-06
2.2127627e-07,4.5941775e-07,5.888836e-06,0.00029784173,0.008479889,0.040594988,0.670012,0.18939702,0.020969477,0.05696671,0.0122651225,0.00022463285,3.932409e-05,3.91699e-06,4.796927e-06,0.00067653024,5.9667276e-05,1.3023075e-06,1.3382869e-07,5.5276215e-09,4.917379e-10,4.3874748e-11,6.482617e-09
2.8757828e-05,7.573363e-05,0.001654707,0.0013754952,0.03101038,0.039290205,0.09847214,0.19003816,0.16512576,0.08270502,0.0877059,0.013214496,0.062315237,0.13933899,0.06250913,0.0035217868,0.010646956,0.010937838,1.7044902e-05,2.1650042e-06,1.2512212e-05,1.2565168e-06,2.9943763e-07
1.0472069e-06,4.1820945e-06,3.4559842e-05,0.00015208086,0.008039211,0.051948752,0.11740524,0.2345635,0.10596539,0.1419658,0.010376179,0.18594135,0.043445867,0.0182497,0.0004944468,0.016657945,0.06425992,0.0003806243,2.0791638e-05,8.0706905e-06,8.48913e-05,1.7525169e-07,2.0862524e-07
5.7247746e-07,1.3680385e-07,9.258489e-07,2.0355772e-06,4.3481403e-05,0.0002158664,0.0019712169,0.02032781,0.026693722,0.14968424,0.01660061,0.3671089,0.045009695,0.05200761,0.009693939,0.10849773,0.17531101,0.001135317,0.016849888,0.0018973678,0.0069370535,2.4025228e-06,8.527852e-06
2.4290541e-06,2.4852412e-05,0.00027005727,0.0037527075,0.053797875,0.40981248,0.4222002,0.085274056,0.008265774,0.012122086,0.003381714,0.0006477555,7.851203e-05,6.8875204e-05,4.2410447e-05,7.93857e-05,0.0001711126,6.904109e-06,7.268651e-07,3.7195637e-08,1.1447468e-08,1.7648358e-09,1.7109626e-08
1.506442e-07,3.1877406e-08,1.7223364e-07,8.313696e-07,3.3854954e-05,4.157227e-05,0.0036593198,0.04513457,0.09573211,0.19048409,0.03170962,0.019580955,0.023424424,0.0059788357,0.00029020742,0.57271016,0.010796175,9.9083045e-06,0.00030231941,7.7494464e-05,3.103892e-05,2.570206e-08,2.1247854e-06
1.0748881e-06,1.2648524e-06,6.1813316e-06,1.243596e-05,0.00016859296,0.0022850253,0.0051958025,0.04121624,0.013375584,0.04834822,0.023373231,0.22047043,0.10646033,0.028281234,0.00414317,0.19336274,0.30092287,0.0064196847,0.00066710176,3.7721584e-05,0.0052468693,3.6780195e-06,5.183429e-07
5.038968e-06,2.8176855e-06,3.006245e-05,0.00016442956,0.014373983,0.016980473,0.14527814,0.43787774,0.0906805,0.1869107,0.10419051,0.00090604776,0.0006997203,1.9831901e-05,0.0011774614,4.5555594e-06,0.00014040779,0.0005401242,1.687274e-05,3.5101442e-07,6.494594e-10,3.8269608e-08,2.3481506e-07
1.45661015e-05,0.00014070845,0.0027078623,0.0088766245,0.14790463,0.2927236,0.25380307,0.10618028,0.043401297,0.053251754,0.0045253467,0.046239864,0.006472718,0.00915153,0.0014620665,0.0006507887,0.022232667,0.00018847258,4.6044064e-05,4.4631156e-06,2.0982849e-05,3.5747937e-07,3.350473e-07
2.7913159e-06,3.9592715e-07,1.7895829e-06,7.712224e-06,1.6814503e-05,5.2253716e-05,0.00035585533,0.004232658,0.013663566,0.06738411,0.026334248,0.1746493,0.008657561,0.19728146,0.008355912,0.49467877,0.00043698587,1.6264989e-05,0.0007870262,0.00040396067,0.002677377,5.262516e-08,3.1074915e-06
4.2330958e-05,1.2634814e-05,3.1094107e-05,7.2720923e-06,4.173909e-06,2.4875832e-05,1.3750453e-05,0.0040389746,0.004292927,0.10471587,0.06767714,0.12865378,0.09694104,0.00013528012,0.071912445,0.01032141,0.0045423997,0.41791612,0.0039528543,0.084631525,1.1630675e-06,7.8376615e-05,5.2518644e-05
9.9839526e-05,4.401603e-06,0.00012470483,2.3587432e-05,9.514239e-06,0.00011803877,0.00018850817,0.063548684,0.04213703,0.35739797,0.41213515,0.04488745,0.015465864,4.89458e-05,0.035270937,4.794617e-05,0.0004963286,0.027785368,3.132513e-05,0.00016941669,6.8774455e-08,7.872956e-06,1.0038611e-06
5.034674e-07,4.402105e-07,4.4292055e-06,3.337303e-06,0.00010577963,0.0012282634,0.014753168,0.050715517,0.049987994,0.030159414,0.09242121,0.024841864,0.21628135,0.3597962,0.010188908,0.0716013,0.01657718,0.061240263,5.272908e-05,1.7625844e-06,2.2469349e-05,1.5740638e-05,1.1684167e-07
6.781278e-05,0.0025092051,0.053113986,0.13591452,0.35505605,0.31623888,0.09279246,0.014804258,0.015679272,0.003928896,0.0010907559,0.0055060815,0.00065951666,0.0008139327,0.00071368716,3.620671e-05,0.0010373081,1.7794235e-05,1.7796765e-05,7.5579305e-07,3.0845356e-07,2.4740353e-07,2.1084554e-07
7.459438e-05,7.4800932e-06,6.203691e-05,4.56095e-05,0.0007814402,0.0009301149,0.0008229786,0.057958614,0.060983174,0.18225718,0.09284247,0.040883657,0.010092228,0.00026083578,0.008505113,9.785181e-05,0.0065193526,0.5307392,0.0011028138,0.0025990908,1.0217872e-06,4.249653e-06,0.0024289507
0.00012222391,0.011622586,0.10847343,0.395305,0.28421777,0.14542022,0.04457626,0.0036925205,0.0042489828,0.0006848149,0.00028062818,0.0008693264,8.3215076e-05,0.00010775355,0.000117347925,1.2286299e-05,0.00015747097,2.1067906e-06,5.5272267e-06,3.615741e-07,5.8046435e-08,6.27092e-08,9.2080874e-08
5.1846884e-05,0.0027143736,0.050119963,0.17519365,0.3550122,0.30116975,0.08678974,0.010940286,0.010680142,0.0023464232,0.000727947,0.0027264983,0.00030792574,0.00042508444,0.00029723614,1.8234907e-05,0.00046270463,7.721779e-06,7.6220995e-06,3.475587e-07,1.1932119e-07,8.8914845e-08,9.292124e-08
0.00024309401,1.8853794e-05,0.00016434795,5.8128684e-05,8.1306716e-05,0.00038162153,0.0004423891,0.026690636,0.0309876,0.14839141,0.255564,0.11559427,0.11590183,0.005596325,0.19651283,0.0015743653,0.004598895,0.077847905,0.0027582608,0.016111111,1.3803311e-05,0.00022013528,0.0002469116
0.00011065902,2.5389378e-05,4.1514726e-05,1.3373714e-05,8.448929e-06,0.00014371036,0.00010198455,0.013888708,0.026457276,0.13952991,0.22663788,0.2132132,0.15229294,6.1613814e-06,0.005039447,0.0073092952,0.0037713428,0.21089612,7.2853254e-05,0.0003923433,6.6363566e-07,2.678703e-07,4.6504578e-05
4.1087278e-05,1.3492284e-05,4.7735775e-05,1.3619051e-05,8.0118225e-05,0.0031702456,0.0008750273,0.03174715,0.059805084,0.24582708,0.22375977,0.26515806,0.009728853,3.778069e-05,0.009295942,0.001970026,0.06024183,0.0875532,8.010798e-05,0.00050659437,1.8002977e-06,3.0316307e-06,4.234329e-05
0.00011208846,2.7231808e-05,0.00016402004,4.5629273e-05,0.0006632294,0.0037130374,0.030815056,0.049403794,0.06582205,0.10196074,0.10741026,0.09765064,0.22063658,0.052496728,0.17373873,0.02636854,0.037448037,0.021301936,0.008105596,0.0009892876,2.0821864e-05,0.0010354489,7.0624024e-05
3.715111e-05,7.729886e-05,0.00092419476,0.0020422358,0.02043737,0.027705042,0.07087415,0.1189712,0.16491336,0.10376556,0.1232958,0.03280978,0.12444355,0.16015965,0.013745771,0.007737411,0.024400847,0.0033289925,2.445664e-05,5.5469054e-06,0.00029961002,6.765032e-07,3.6477803e-07
0.00013375099,0.0110184355,0.114162125,0.3783962,0.28462234,0.15209006,0.048162743,0.0041139238,0.004628229,0.00081346586,0.00031581183,0.0009428543,8.856523e-05,0.00012451524,0.00015372442,1.3041962e-05,0.00020912761,2.9120845e-06,7.4044515e-06,4.4987706e-07,7.8624254e-08,8.545145e-08,1.3057543e-07
7.5941857e-06,2.1075123e-06,6.222441e-06,4.5115917e-06,3.4562112e-05,0.0016467564,0.0002501473,0.02333837,0.044242248,0.24434021,0.37007388,0.2772632,0.0071889632,2.462575e-05,0.0015734597,0.0060677403,0.0046352614,0.014983368,0.00018224012,0.0027266957,4.490783e-07,2.7107953e-06,0.0014046773
0.00022788341,0.0014866195,0.029282717,0.038504343,0.17634515,0.1796581,0.13786165,0.114073776,0.17032883,0.04251624,0.038989525,0.010749891,0.01940944,0.011054964,0.0057308357,0.00079335563,0.02195195,0.0009765954,3.540872e-05,5.1265138e-06,1.4782753e-05,1.9341937e-06,9.047057e-07
1.2731198e-06,7.2618986e-06,6.312115e-05,0.0004377049,0.011622718,0.0403891,0.05158866,0.103069626,0.051638335,0.14295141,0.0056275204,0.48462716,0.049518827,0.029070461,0.00055712025,0.009724995,0.01882544,7.316206e-05,1.2670425e-05,5.8325736e-06,0.00018754501,4.265961e-08,3.1409957e-08
3.9462007e-05,1.5802672e-05,7.666539e-05,0.00016351276,0.013458825,0.0175842,0.038620364,0.27775228,0.13616633,0.30619535,0.1661591,0.01239586,0.0029226504,4.3451368e-05,0.003137854,4.7019865e-05,0.004783575,0.020302825,7.213389e-05,3.1471638e-05,9.4851885e-08,4.939934e-07,3.0691568e-05
4.163503e-05,0.002606023,0.04077973,0.17142291,0.36719954,0.2795347,0.10808771,0.012156925,0.010640653,0.0028815088,0.00073851226,0.002495188,0.00026217115,0.0003603389,0.0001871472,2.2723652e-05,0.00056979625,6.3045613e-06,5.796469e-06,3.9847532e-07,1.8913619e-07,5.8158097e-08,7.7738235e-08
1.6757756e-06,7.5980336e-07,3.0909628e-06,1.81091e-05,0.0007090388,0.0072019636,0.05103417,0.11520806,0.12953009,0.24431114,0.044799577,0.019384127,0.0035691662,0.00054578594,0.00049293635,0.3633183,0.019734956,0.00012657227,6.399684e-06,2.0684386e-06,4.295502e-07,1.3278858e-08,1.5244277e-06
6.205615e-06,2.8131908e-05,0.00070937705,0.0012200619,0.015629297,0.14568876,0.13411444,0.19010784,0.18180566,0.04434959,0.11682092,0.016258474,0.052223917,0.072883666,0.0021131686,0.004188782,0.018571638,0.003234759,3.6559977e-05,1.1367136e-06,3.4240804e-06,4.068958e-06,9.912261e-08
8.412083e-06,0.0004025782,0.006352581,0.048529048,0.28133684,0.4163662,0.21535301,0.02001058,0.0058022817,0.0033230416,0.00066805596,0.001215587,8.883308e-05,0.00019455477,6.334153e-05,1.0560427e-05,0.00026738437,4.8952074e-06,2.023246e-06,1.1927679e-07,6.104211e-08,1.2581119e-08,2.3430726e-08
8.431216e-05,0.00080249464,0.040195543,0.030279415,0.2770037,0.3576347,0.104719825,0.039218374,0.038143504,0.017278505,0.0040227016,0.045166824,0.0068239425,0.008035829,0.01667105,0.00020733126,0.013063638,0.0003292441,0.0003037411,5.12384e-06,4.283799e-06,4.1574294e-06,1.7317608e-06
6.755207e-06,1.7410862e-06,6.771267e-06,3.646558e-05,0.00051946775,0.0015916275,0.022646205,0.057691358,0.03400155,0.2730013,0.045211192,0.004486327,0.00074630417,0.00013429101,0.0002505602,0.55596215,0.003630887,4.4506796e-05,1.9926018e-05,2.9283246e-06,9.14642e-08,2.3532484e-08,7.54989e-06
2.7922752e-06,4.423325e-07,1.4860299e-06,5.910807e-06,0.00015024675,0.001899641,0.0062875114,0.05551017,0.0549166,0.48107192,0.14773053,0.019373143,0.0040929127,5.0025657e-05,0.00035087435,0.21671852,0.011578822,0.00020131675,2.444027e-05,5.696046e-06,3.660983e-08,3.5307732e-08,2.6960322e-05
2.709853e-07,1.560263e-07,1.0728148e-06,2.0584446e-06,0.00013420075,0.00045282178,0.01836123,0.1238689,0.078581244,0.11809271,0.019073784,0.063090265,0.21164,0.02391414,0.0011546195,0.17736141,0.16277067,0.00029655913,0.00047014985,4.987654e-05,0.00068216305,4.7280963e-07,1.21193e-06
1.216725e-06,9.8515775e-06,8.56231e-05,0.0005879713,0.021993304,0.22433126,0.2314076,0.21334365,0.07656373,0.101146184,0.009588591,0.07779164,0.013716609,0.008423555,0.0002225911,0.0032023117,0.017383778,0.00017764485,5.3641024e-06,1.6094625e-06,1.5763884e-05,4.1207187e-08,7.4431505e-08
2.6506914e-09,2.7499315e-11,4.9071245e-09,5.17908e-10,1.6725236e-08,6.9654966e-09,4.9750945e-08,3.661778e-06,4.1808885e-06,0.000102207945,0.00024916042,0.0026362312,1.402028e-05,0.0016059523,0.014890469,0.0001818677,0.00016899021,1.2958461e-06,0.97996473,0.00010560917,7.141664e-05,1.9753584e-08,2.0346362e-09
2.1879384e-06,1.8022482e-06,2.9489998e-05,2.1411935e-05,0.004023347,0.102411576,0.28295594,0.29013592,0.13664933,0.1639981,0.016727798,0.00073747645,1.8872879e-05,2.906471e-07,0.00011876018,1.6508428e-05,0.0021127868,3.8326038e-05,6.203515e-08,8.2459595e-09,5.723865e-11,6.7481444e-11,3.3207062e-09
2.5664078e-06,1.1397863e-06,5.962902e-06,4.0867928e-07,1.1695835e-05,4.9021482e-06,3.0043077e-05,0.00021512888,0.00040718136,0.00027167503,0.0019311736,0.022010276,0.009803432,0.004005562,0.24208581,0.090587154,0.2565152,0.14381783,0.022434225,0.005935321,1.3062349e-07,0.19991842,4.815091e-06
4.1839077e-05,1.9938645e-05,4.1913918e-05,0.00022060706,0.00013495551,0.00031063697,0.0003832479,0.015600779,0.059463065,0.14994672,0.08833,0.21902382,0.39110494,0.0012363363,0.0043347385,0.010802899,8.656898e-05,0.008512282,0.019626055,0.014563414,2.9452165e-06,0.0038857532,0.012326482
7.621777e-07,3.4365296e-06,4.1893618e-05,0.0007944775,0.01965227,0.12343678,0.6435293,0.16013594,0.017171118,0.02535748,0.007901596,0.0009688197,0.000257242,8.768781e-05,3.172664e-05,0.00032168147,0.00029543895,1.1235798e-05,1.0325618e-06,4.3909598e-08,1.5562813e-08,1.5785648e-09,2.182827e-08
1.1827551e-06,2.606215e-06,4.7241065e-05,0.0002723708,0.023136508,0.091416255,0.4135273,0.33255467,0.049285304,0.039081506,0.04504382,0.00038413313,0.0007191319,0.002276479,0.0002304671,0.0004216526,0.001519744,7.939522e-05,8.2093365e-08,3.80142e-08,1.3140193e-07,7.8678963e-10,5.081022e-09
0.00049108255,6.5534834e-05,0.00029283247,0.0001951094,0.00071516517,0.0009085657,0.0006291107,0.010517391,0.020468293,0.074277274,0.12522082,0.060779765,0.05872043,0.031611867,0.06313609,0.0052198814,0.012517492,0.093998834,0.16549507,0.23164017,0.00014775053,0.0005128559,0.042438563
1.3255714e-06,4.4880107e-05,0.00050432596,0.0050971606,0.095814385,0.66484934,0.15691844,0.043719493,0.011666889,0.011705082,0.001587029,0.0060540326,0.0008031277,0.00067900756,4.39961e-05,5.2392257e-05,0.0004466642,1.1696583e-05,5.9169633e-07,5.8559838e-08,1.3477353e-07,4.395474e-09,8.6103205e-09
2.2579323e-07,4.7061032e-08,4.1154627e-07,1.3531033e-07,9.074769e-07,1.40003e-05,0.00028082915,0.0009609813,0.0033919432,0.0014998661,0.030292826,0.026674422,0.012929314,0.2973173,0.0026216928,0.033429902,0.0027304264,0.3028221,0.011180828,2.7050472e-05,1.814888e-07,0.27382436,1.5883568e-07
4.3948108e-07,8.3892724e-07,1.9056311e-05,3.5531903e-05,0.0021088829,0.024447046,0.12590082,0.20221466,0.08417138,0.06806245,0.108419046,0.011081179,0.09499619,0.20068048,0.0013496168,0.009128183,0.044908453,0.022433858,2.7901386e-05,8.929976e-07,1.0851696e-05,2.2676325e-06,4.7369223e-08
1.4216215e-06,1.5194137e-06,2.7281054e-05,2.8561957e-05,0.0054339524,0.12822624,0.38463652,0.27881664,0.08454784,0.10454926,0.012446879,0.0002963619,9.139281e-06,2.512757e-07,6.757163e-05,9.762647e-06,0.0008844969,1.6209167e-05,4.2547956e-08,3.6288998e-09,3.069336e-11,3.015032e-11,1.5438464e-09
1.3786606e-05,5.2567243e-06,2.4997433e-05,8.772611e-05,0.007772474,0.007997926,0.015184332,0.20918824,0.09658026,0.3512619,0.26300538,0.020094378,0.005535232,2.078048e-05,0.0007947276,8.026069e-05,0.0018099708,0.020203754,0.000118362404,4.2722462e-05,5.953622e-08,3.5761371e-07,0.00017715037
6.563057e-06,1.7662856e-05,0.0002783448,0.0009257209,0.042299513,0.06953085,0.38555396,0.2273519,0.09271616,0.05256584,0.073529474,0.0012512354,0.004872065,0.03908808,0.0023864345,0.0009773856,0.0056275963,0.0010131489,1.8190814e-06,5.119292e-07,5.509272e-06,4.5116867e-08,7.308511e-08
0.00026567816,2.9083647e-05,0.00014215519,6.8016685e-05,4.530214e-05,0.00017460684,0.00010555085,0.006807691,0.009072958,0.09405488,0.26564208,0.10778348,0.11613434,0.006823165,0.040173825,0.0018998092,0.0019401223,0.087358944,0.032263707,0.22341959,2.2226339e-05,0.0012830576,0.004489737
5.81056e-05,0.002201032,0.06043738,0.14777905,0.352809,0.30506897,0.09075917,0.014703752,0.014732986,0.0036654018,0.0010557978,0.0037912766,0.00047431898,0.0005691613,0.0007260991,2.3404336e-05,0.0011123639,1.5275704e-05,1.631832e-05,5.462823e-07,2.3359914e-07,1.8024134e-07,1.7115467e-07
2.871174e-05,0.001581377,0.02609946,0.114486784,0.35812205,0.34563684,0.118824445,0.01498547,0.01141323,0.003414519,0.00082797767,0.0030353349,0.00032180504,0.00046777437,0.00018156634,2.2528e-05,0.0005368591,7.7339555e-06,4.9093815e-06,3.1748914e-07,1.6635249e-07,5.1093178e-08,6.298969e-08
2.2635772e-05,2.6520896e-05,0.00026964,0.00047194574,0.009939251,0.021344464,0.14368288,0.148214,0.15185669,0.11169705,0.14959244,0.006492282,0.014033339,0.16361725,0.035175495,0.017937034,0.014063732,0.0114347,3.315005e-05,7.1803197e-06,8.582075e-05,9.361183e-07,1.5407642e-06
0.00011125628,3.587364e-05,0.0002150821,0.00030781247,0.011880937,0.0137259485,0.061606094,0.25310937,0.16714054,0.22470315,0.15770778,0.023704479,0.014579602,0.0013117704,0.041360676,0.00050017005,0.0095020775,0.017904328,0.00038310565,0.00014184079,1.7817612e-06,1.4289349e-05,5.2027262e-05
0.0018508612,0.11542071,0.43052393,0.31669778,0.097903796,0.025470724,0.008952836,0.0010054128,0.0011741801,0.00021175291,0.000137422,0.00024756775,2.4151328e-05,4.8231563e-05,0.00013778446,1.5012141e-05,0.00013826306,4.2456913e-06,3.0538613e-05,2.73658e-06,1.7394984e-07,6.2412283e-07,1.2311228e-06
2.804785e-05,0.0006120573,0.012970863,0.037483834,0.27566943,0.41740915,0.15761305,0.03521359,0.024915107,0.012236697,0.0020567563,0.014827726,0.0017340103,0.0027157806,0.0008692036,0.00010526409,0.003458223,5.5652185e-05,2.2250992e-05,1.3414907e-06,1.5421801e-06,2.683493e-07,2.3131963e-07
2.3418617e-07,2.9470371e-08,5.4153804e-07,4.632981e-08,3.4831016e-06,2.0768848e-05,7.582171e-05,0.0008756087,0.0012623324,0.0016888137,0.011021721,0.06524739,0.010022444,0.050150763,0.0514735,0.092440195,0.45274094,0.08235495,0.17808087,0.0002359571,8.288373e-05,0.0022190865,1.6211249e-06
5.5169003e-05,4.249303e-06,5.1958326e-05,5.8137648e-05,0.00025527182,0.0010655215,0.001548849,0.051888753,0.060125396,0.52326006,0.2922518,0.034687564,0.016210975,0.0006070374,0.0078475205,8.581917e-05,0.00041095383,0.007948289,0.0005526698,0.0008505633,5.6807403e-07,9.430517e-05,0.00013852475
1.9584198e-07,1.7573141e-08,7.4576815e-07,1.5161136e-08,6.446215e-06,1.2435144e-06,8.292219e-06,7.6440585e-05,4.608258e-05,0.00012648664,0.00048762574,0.0032851708,0.000312299,0.00083250663,0.11372996,0.0032860166,0.43015367,0.00063063396,0.44348052,0.0034510063,2.1071908e-06,8.1811064e-05,6.553429e-07
1.8912189e-07,4.502607e-08,4.8926375e-07,1.988497e-07,7.0594615e-07,9.449483e-06,4.7282483e-05,0.0010651889,0.0046992,0.003808683,0.014916931,0.012209791,0.0034555758,0.050532,0.004216924,0.013984217,0.00029534733,0.8906075,0.000113586175,1.4911524e-06,4.805353e-06,3.030237e-05,5.5707304e-08
1.3759262e-06,2.7770483e-07,3.1475868e-06,4.8581473e-06,0.00017455487,0.0021572758,0.038520347,0.12186035,0.47454843,0.1922881,0.11201515,0.006661575,0.0007656136,0.00086516805,0.0033835862,0.041434646,0.004214993,0.0010740326,2.082299e-05,3.1466086e-06,1.0491132e-06,7.09574e-08,1.4262223e-06
2.4350563e-06,1.1861338e-06,1.4111577e-05,1.8691451e-05,0.0011417022,0.017186914,0.09899261,0.22903919,0.26203755,0.19897489,0.12744707,0.00609786,0.0038316874,0.002664976,0.0075417054,0.012848059,0.030655112,0.0014996382,1.7796165e-06,1.1607473e-06,1.4208719e-06,2.1958341e-08,2.4065457e-07
1.17946865e-05,7.02485e-06,5.4592874e-05,0.00023278243,0.014990322,0.008835995,0.24933158,0.356733,0.1271556,0.123704515,0.0983881,0.0027694567,0.0062165014,0.0012065492,0.004027054,0.0004261929,0.00071866275,0.004950868,0.00022393034,6.018744e-06,1.1292863e-07,3.1853897e-06,6.228262e-06
1.1478849e-05,2.40018e-06,2.3626904e-05,1.18617645e-05,4.7487756e-05,0.00040224064,0.0040194113,0.049929548,0.16393264,0.115092255,0.060236532,0.014585014,0.0022577527,0.031699248,0.21072857,0.1097484,0.0013741358,0.23527345,0.0005211992,5.4562137e-05,2.2506529e-06,4.1694126e-05,4.285105e-06
0.00017267588,0.006834085,0.08033703,0.22851497,0.32232553,0.255461,0.08288458,0.008545077,0.008298415,0.0018753142,0.0006416547,0.0023527632,0.00020553572,0.0004886384,0.0005513532,2.7382603e-05,0.00044531317,1.3770979e-05,2.2716484e-05,1.1265691e-06,2.6228e-07,3.4765014e-07,4.6228223e-07
2.1743177e-05,1.1696543e-05,9.061765e-05,3.2252843e-05,0.00014872018,0.0012549291,0.007892759,0.09708102,0.50213826,0.17568079,0.06982423,0.061515313,0.0022263494,0.00010762744,0.018891675,0.038276378,0.0014530275,0.022740465,0.00035061067,0.00023137635,2.8044687e-07,5.9769045e-06,2.3883942e-05
2.9574212e-06,3.9783777e-06,5.499633e-05,5.121086e-05,0.0046693054,0.017985811,0.13086015,0.16087319,0.061829273,0.057236664,0.022100579,0.07153286,0.15876637,0.06693257,0.0061520226,0.010448165,0.22527486,0.004479091,0.0005870523,1.7920542e-05,0.00013180824,7.2110183e-06,2.017365e-06
2.4465357e-06,1.3459507e-06,1.6396069e-05,3.526489e-05,0.002265258,0.0041454495,0.300573,0.20576245,0.19991845,0.07937645,0.09230023,0.004960736,0.023456154,0.02816781,0.004332232,0.010290059,0.00849484,0.03548605,0.00038329355,9.0981e-06,3.7712716e-06,1.6960506e-05,2.2757554e-06
0.0009909312,0.040539138,0.6054666,0.1450017,0.1482009,0.045926984,0.008148566,0.0011102583,0.0017362556,0.00029418422,0.00016553,0.0007412515,4.7159716e-05,7.781688e-05,0.0009591807,8.132953e-06,0.00046426564,1.0366514e-05,0.00010617334,1.9803488e-06,1.1886229e-07,1.3976295e-06,1.0790468e-06
0.00012534879,4.1043957e-05,9.358905e-05,0.00018534697,0.00092678616,0.0014900713,0.0035734011,0.0135944355,0.041692436,0.06130017,0.13628389,0.1707539,0.1413787,0.016391374,0.017191622,0.13118982,0.01749956,0.02138884,0.16355121,0.024529917,0.0001340274,0.0046234243,0.03206113
3.902205e-07,6.278787e-08,3.539899e-07,2.5421645e-07,7.8847725e-06,7.6661374e-05,0.0037156602,0.010013467,0.077200204,0.020953188,0.08122141,0.06620858,0.066093914,0.056167193,0.0063335,0.5006514,0.03409781,0.0310287,0.044562347,3.4421508e-05,6.149848e-05,0.001560798,1.0241733e-05
5.246829e-07,4.2050033e-07,2.2708957e-06,1.614308e-05,0.00072258385,0.004312444,0.031527776,0.15155783,0.20457138,0.13611753,0.114081696,0.0801739,0.058551185,0.058897387,0.0029861457,0.15049684,0.0057579875,0.00018501189,3.487484e-07,5.1302595e-07,4.005007e-05,1.2847734e-09,6.8458053e-09
1.5625118e-06,2.3149712e-06,0.0001215845,2.3560026e-05,0.0036107549,0.014258186,0.012137007,0.029978272,0.012830889,0.037857864,0.014051086,0.21254322,0.27762696,0.12373739,0.04211174,0.0025033352,0.20080677,0.013932552,0.0017693308,6.2693894e-06,7.634271e-05,1.22808515e-05,7.571705e-07
1.6285692e-06,3.4080847e-07,9.264912e-07,1.7330872e-06,2.063595e-06,5.0477984e-06,1.450486e-05,0.00097454514,0.0010521646,0.00645878,0.0071944585,0.16978338,0.025114138,0.15705855,0.09988868,0.50753886,0.0008677295,9.164888e-05,0.019598672,0.002065102,0.0022861585,3.7250368e-07,4.7575796e-07
1.4910728e-05,3.38624e-06,1.1560443e-05,8.863445e-06,0.00010740845,0.00045627615,0.00065857364,0.012790767,0.024916606,0.03701258,0.017561888,0.18852569,0.42005637,0.01942694,0.24697927,0.014334621,0.008101246,0.008412267,0.0003072858,0.00028750682,7.81494e-06,4.1041476e-06,1.4067279e-05
0.0018423351,0.075512566,0.71232396,0.11285855,0.07629326,0.015358935,0.0034191355,0.0004488064,0.00074048573,0.00010930349,8.841811e-05,0.00026926905,1.7527294e-05,2.9819053e-05,0.00037466592,5.0298063e-06,0.00022771071,5.485178e-06,7.0551854e-05,2.0949624e-06,9.165581e-08,1.0369896e-06,9.5303017e-07
0.00018135355,0.0051864553,0.12598085,0.18182695,0.33414978,0.24835722,0.07066099,0.0097378595,0.01199651,0.0028013512,0.0008215224,0.0040778583,0.00035706902,0.000565172,0.0018392113,2.7897988e-05,0.0013431893,2.430006e-05,6.110975e-05,1.5860626e-06,3.683943e-07,7.35197e-07,6.943659e-07
3.422448e-05,1.5862938e-06,1.0873193e-05,2.3449056e-05,0.00014776371,0.00010598772,4.888984e-05,0.0010821666,0.0067530465,0.027472956,0.041379,0.012321007,0.03274065,0.2737699,0.0065464247,0.01625542,0.002975063,0.008967945,0.23552145,0.04910198,4.861866e-06,8.579481e-06,0.28472683
0.00020496441,2.7299397e-05,4.8527865e-05,2.8413371e-05,2.0988464e-05,0.00037944067,0.00013788772,0.01095323,0.012026988,0.1769245,0.3216257,0.07218194,0.2713786,0.0002377409,0.009859801,0.0626346,0.010114383,0.04484985,0.0031645398,0.0015557727,2.4141184e-06,4.6533418e-07,0.0016418842
2.9854189e-06,2.648812e-06,1.8162282e-05,5.4069915e-05,0.0005634795,0.0015741652,0.008686196,0.035462305,0.057330195,0.06266742,0.16279484,0.03988855,0.15059756,0.4182601,0.01926153,0.03118119,0.006213861,0.0033047579,1.4178062e-05,2.7178505e-06,0.0021188334,1.118055e-07,8.089008e-08
9.828208e-07,1.2816907e-06,2.8883416e-05,3.2252738e-05,0.0039899964,0.0192753,0.0694908,0.15160823,0.039902706,0.072117455,0.016272938,0.07083557,0.17880699,0.05656763,0.0039738934,0.005150873,0.30634522,0.0051570213,0.00024660645,7.99779e-06,0.00018474874,1.9054003e-06,6.811333e-07
2.6472242e-05,1.8490318e-05,0.00013848925,8.458709e-05,0.0005113938,0.0026593066,0.063946314,0.092990525,0.08903021,0.040795453,0.14822902,0.008006988,0.028841002,0.27505603,0.10899977,0.093689255,0.0014591545,0.04336014,0.0016218295,2.3190063e-05,5.728978e-06,0.00050342875,3.1644277e-06
1.417654e-05,2.9077279e-05,0.00074743456,0.0010163995,0.029545259,0.05383416,0.22549896,0.2087159,0.13245451,0.076391675,0.1032358,0.004829532,0.012793237,0.07529178,0.053983483,0.0013518187,0.006877478,0.013354765,2.8150267e-05,1.4738197e-06,3.3474362e-06,1.255813e-06,3.007686e-07
5.828761e-07,2.1844905e-06,1.7424492e-05,0.0003152351,0.008817907,0.043110143,0.5671017,0.26432443,0.04004096,0.059957627,0.008853354,0.0020630818,0.0005942307,0.00040449636,2.83026e-05,0.0029046042,0.0014456244,1.649161e-05,9.472552e-07,1.9805317e-07,4.846437e-07,1.8089804e-09,2.4688331e-08
0.0013284875,0.00025433954,0.0004236325,0.0006955638,0.0015816869,0.0021163323,0.001205971,0.016786642,0.02067191,0.13708511,0.15065338,0.053047795,0.12459577,0.0061391625,0.018931206,0.028471636,0.008574387,0.058918778,0.1524616,0.06092651,0.0001346359,0.00016441179,0.15483116
1.88623e-05,2.6420691e-06,1.3157953e-05,5.7225707e-06,1.6065609e-05,1.0472291e-05,1.0082311e-05,0.00012104987,0.00044163055,0.0018349262,0.0064652846,0.002350564,0.033801027,0.10544574,0.10356419,0.027345834,0.006430511,0.0029256716,0.6348282,0.07159459,2.1791502e-05,4.533832e-05,0.0027066597
0.00014575556,0.001229104,0.033577465,0.043056432,0.20257151,0.21911085,0.13966857,0.10761197,0.15103474,0.031471338,0.030665688,0.006095072,0.010369225,0.0062902337,0.003642076,0.00032492517,0.012561406,0.00054854766,1.7849448e-05,1.935387e-06,3.8788976e-06,9.655009e-07,4.0048278e-07
3.865419e-06,1.0836417e-06,1.3082131e-05,9.20399e-06,0.00057884824,0.015291685,0.045796614,0.18488543,0.3058306,0.31596854,0.082805745,0.015501726,0.000618235,7.860208e-05,0.002434482,0.0058518206,0.023531228,0.00078994734,6.3504954e-06,1.8080349e-06,1.3711237e-07,2.4575906e-08,9.682126e-07
2.485619e-05,2.2103128e-05,0.00015425724,0.00055620883,0.03896614,0.04410801,0.2372699,0.42620623,0.1230658,0.057780888,0.059150476,0.0016874385,0.001897886,0.000277865,0.0050456896,5.015355e-05,0.0016486101,0.0020728828,1.0844946e-05,2.747699e-06,4.10575e-08,1.6303714e-07,7.926621e-07
1.0726818e-05,3.926412e-06,2.0047617e-05,5.4575976e-06,0.00016486344,0.0112471655,0.005957266,0.059455864,0.15222089,0.23522149,0.10035628,0.18672533,0.009105199,0.0006574048,0.034752205,0.013389954,0.18426417,0.0063788337,1.7267927e-05,3.7169575e-05,3.3546926e-06,5.5355514e-07,4.5237475e-06
2.912307e-06,7.1912785e-07,3.6518898e-06,4.997765e-07,5.2068226e-06,2.6205153e-06,3.5516384e-06,7.1335875e-05,0.00015819237,0.0004879956,0.00223415,0.003919199,0.021011727,0.007264127,0.5323352,0.08417657,0.11786291,0.1298984,0.056729387,0.03527266,7.876277e-07,0.008407317,0.00015085252
3.6627236e-05,0.001187903,0.02207381,0.07290251,0.32034492,0.3993356,0.1271752,0.021615162,0.01719591,0.005836286,0.0013344493,0.007112123,0.00081978977,0.0012535022,0.0005036356,4.8063932e-05,0.00118646,2.4183786e-05,1.2261651e-05,6.989667e-07,4.5201992e-07,1.6993009e-07,1.534113e-07
3.4699687e-07,2.9477327e-08,4.4965154e-07,2.1932162e-07,6.3947266e-07,1.9157405e-06,1.0085279e-05,0.00074511353,0.0016328644,0.010503817,0.025783243,0.26935458,0.0063270517,0.2311164,0.1676114,0.13780025,0.0010674378,0.004667048,0.07484244,9.471225e-05,0.068438545,1.0903991e-06,3.321365e-07
5.5594377e-05,2.2647186e-05,0.00010502587,1.980221e-05,0.000279746,0.008341717,0.0062932386,0.07345358,0.14612907,0.30107442,0.14573014,0.1568792,0.0065857833,1.5790305e-05,0.0062766606,0.001971969,0.123568036,0.023149371,1.5322408e-05,2.7438871e-05,5.082595e-07,3.095813e-07,4.6735418e-06
2.0455465e-05,2.8175635e-05,0.00065777224,0.0003192782,0.017848918,0.049866054,0.13780193,0.36668074,0.11924961,0.095440194,0.03300805,0.00435674,0.0061906152,0.008466352,0.15060773,0.001800062,0.0061442466,0.001509894,2.2754557e-06,6.5214533e-07,1.6212728e-07,7.4122866e-08,3.6806544e-08
2.1660355e-05,5.8157482e-05,0.001697084,0.0025663907,0.10378087,0.20004082,0.41908926,0.19492747,0.03871498,0.020855235,0.010769306,0.0003755332,0.00020212511,0.0010146566,0.004847495,5.9934733e-05,0.00069504004,0.00028082167,2.825626e-06,1.778766e-07,3.458518e-08,4.162454e-08,4.8925678e-08
1.46369e-05,3.543096e-06,3.1974803e-05,4.2302454e-05,0.0048745763,0.010400983,0.015151132,0.24420905,0.12203485,0.4037564,0.16131681,0.011016845,0.0015126872,9.003293e-06,0.0020897642,8.838362e-06,0.0040874314,0.019396726,2.0182764e-05,1.3558237e-05,1.3322606e-08,8.4939586e-08,8.49904e-06
2.8595648e-06,6.9710823e-06,4.730328e-05,0.000177171,0.00470517,0.056522373,0.08792828,0.22970648,0.061906148,0.07925567,0.041483086,0.05978188,0.10869638,0.045726337,0.00095340115,0.028698789,0.18560489,0.008457266,5.6175966e-05,1.0545421e-05,0.00027085724,1.5695326e-06,3.6964093e-07
0.0001168223,0.00076110504,0.025548223,0.020764438,0.13346848,0.20731524,0.10898968,0.12173988,0.19354126,0.04562626,0.04428249,0.017722553,0.03487628,0.012718881,0.008912081,0.00070063805,0.021525526,0.0013514668,2.782618e-05,2.259748e-06,6.364985e-06,1.851797e-06,4.075897e-07
1.9242304e-06,3.947451e-06,0.00015274996,8.56183e-05,0.0013871356,0.022370832,0.08674627,0.10325996,0.101271465,0.039071452,0.24541102,0.024057472,0.107261956,0.21348712,0.019436408,0.009164603,0.0046816454,0.021510301,0.0005290078,9.376009e-07,1.0869891e-06,0.00010693264,9.169157e-08
0.008753564,0.22308776,0.6252192,0.10876982,0.025591386,0.0048206374,0.0021106573,0.00042372744,0.00046005205,9.796553e-05,0.00010850966,0.00013356606,1.4657664e-05,3.706598e-05,0.00013123784,1.54611e-05,0.00013761534,7.176049e-06,6.3163236e-05,1.01065225e-05,4.2233856e-07,2.212322e-06,3.972973e-06
1.8910214e-06,2.6192859e-06,1.5998867e-05,3.680643e-05,0.0010552806,0.012618606,0.053234868,0.10949214,0.030998755,0.0540621,0.022552313,0.035436798,0.058187407,0.029888272,0.0011291973,0.03223228,0.5351751,0.022569602,0.00018775612,2.9330653e-05,0.0010851516,6.0536463e-06,1.6939242e-06
1.403561e-05,2.5045304e-06,9.524547e-05,2.5746105e-05,3.108284e-05,0.00027557786,0.0063434974,0.08895289,0.2499041,0.079617135,0.036606714,0.016967583,0.0023313358,0.07578124,0.038192447,0.0023281872,7.275613e-05,0.37130833,0.009374827,0.00014331157,3.618128e-09,0.021631202,1.732398e-07
6.5818705e-05,1.8183937e-05,5.2232546e-05,1.1145731e-05,5.8014717e-05,0.0017346112,0.0010416933,0.030419914,0.049876176,0.16767724,0.1631472,0.27930647,0.047757342,0.00033277785,0.065925635,0.01887235,0.114191666,0.058906246,0.00020599393,0.00037122428,7.105424e-06,1.5246188e-06,1.9450443e-05
5.7176414e-05,0.0010277381,0.021658843,0.054889165,0.29623464,0.3728714,0.16930433,0.031973384,0.021614363,0.009358749,0.0019583195,0.01069836,0.0011415441,0.002634159,0.001452225,9.0692854e-05,0.0029147014,7.332361e-05,4.199408e-05,2.0562468e-06,1.6166175e-06,6.1358594e-07,5.331003e-07
6.2017876e-05,4.1214254e-05,0.00010124604,0.000271339,0.009594063,0.01727039,0.0794042,0.1802691,0.11274594,0.14387561,0.07128547,0.09971295,0.106404595,0.020785054,0.019953052,0.019949565,0.05517497,0.060874708,0.00115993,0.0006693534,0.00014891097,2.0809046e-05,0.00022549921
4.905459e-06,3.0888311e-06,3.5221925e-05,9.785614e-05,0.0041806693,0.02590665,0.29467273,0.29162255,0.15473273,0.12363571,0.0773793,0.0024050223,0.0010216866,0.002720263,0.00079571083,0.013125562,0.0074444986,0.00021257348,1.0630047e-06,6.9603664e-07,1.3358494e-06,8.101238e-09,1.390159e-07
2.7102114e-06,3.7739275e-07,4.0066175e-06,1.2490017e-06,4.1725234e-05,0.00015706563,0.025942884,0.016817536,0.045869123,0.014227781,0.10458541,0.026576322,0.2525501,0.15930726,0.021733915,0.03593431,0.008396618,0.007624816,0.27919307,8.419457e-05,9.602169e-06,0.0009332453,6.726467e-06
9.72945e-06,5.183149e-06,4.624036e-05,8.095566e-06,0.00022734782,0.00904263,0.007893647,0.11708055,0.37412754,0.36056298,0.072269775,0.043197326,0.0006670505,1.6248123e-07,0.00036648923,7.9812715e-05,0.008547621,0.0058667087,3.2786446e-07,5.821091e-07,1.5633419e-09,3.212821e-09,2.0255472e-07
1.2663378e-05,4.707329e-06,0.00017321773,5.9564896e-05,0.000507098,0.0029988913,0.021498179,0.15548751,0.08558256,0.09495365,0.08503249,0.0061739394,0.007653446,0.037077338,0.4011095,0.0044226795,0.00055459864,0.096356176,0.00029371216,4.316542e-06,1.07636176e-07,4.3536613e-05,1.7521134e-07
9.615577e-05,0.0007698016,0.011093647,0.03321227,0.1951071,0.15412997,0.21458527,0.12872389,0.14272676,0.03950596,0.038250636,0.0045956504,0.010952104,0.012788644,0.0019552954,0.0005487965,0.010498852,0.00043586953,1.0183156e-05,1.8505806e-06,1.0646006e-05,3.9169825e-07,2.7883107e-07
8.6149535e-05,0.00429922,0.077114284,0.2290349,0.3391908,0.24488568,0.081769414,0.008722232,0.008903822,0.0019754386,0.0006343784,0.0019305471,0.00018879333,0.0003016211,0.00037453603,1.6803991e-05,0.00055016653,7.940445e-06,1.2324656e-05,5.293991e-07,1.4753185e-07,1.3040342e-07,1.7207114e-07
1.6730503e-06,6.776044e-07,1.8577875e-05,9.761389e-06,0.00093853474,0.0033787747,0.17603798,0.111553945,0.05564908,0.039817188,0.055747714,0.02603734,0.3261679,0.115253836,0.021666477,0.010330014,0.040681724,0.00721233,0.009422609,1.07462465e-05,4.142145e-05,1.9741468e-05,1.9566153e-06
1.1433185e-05,0.00029423117,0.00427445,0.018619914,0.19954257,0.46913272,0.15056406,0.050834216,0.033282023,0.022693943,0.0027622187,0.0354489,0.0043148436,0.0042165993,0.00043050793,0.00024740104,0.0032755581,4.203029e-05,9.117668e-06,9.399655e-07,2.1470562e-06,9.0996174e-08,8.249092e-08
7.668912e-05,3.845664e-05,0.0002540732,3.262892e-05,8.2325096e-05,0.00011096662,0.0011500204,0.01212215,0.018375583,0.01817414,0.016532859,0.05300274,0.009694811,0.040721975,0.07019423,0.55868024,0.004090527,0.19140667,0.004707559,0.0003112336,7.283333e-05,0.00013568428,3.1517124e-05
2.5423592e-06,3.9420394e-07,2.7403814e-06,5.585102e-06,0.00010162209,0.000943581,0.019663919,0.07520814,0.20541653,0.28138256,0.13905482,0.033868015,0.0016536735,0.0036053252,0.0017565516,0.23122634,0.0057807486,0.00017118083,6.930415e-05,2.1256565e-05,5.7454166e-05,7.987412e-08,7.65878e-06
4.4244374e-05,4.177266e-06,5.9973543e-05,4.1445077e-05,0.0006171036,0.0025060156,0.0026500488,0.10558285,0.10710727,0.5066213,0.18404749,0.042146068,0.006554632,8.186692e-05,0.00999041,2.6891186e-05,0.0039738887,0.027563112,9.362246e-05,0.00024351006,3.3354817e-07,4.202255e-06,3.9530616e-05
4.813847e-05,0.00027489138,0.0046415115,0.0134486975,0.12324894,0.12001669,0.20747526,0.1622669,0.17474464,0.059034154,0.054886095,0.007145376,0.025513904,0.027377991,0.002772016,0.00094621023,0.015375195,0.0007545381,7.593512e-06,1.4721776e-06,1.9300036e-05,2.794556e-07,1.7201201e-07
1.840523e-05,2.6194404e-05,0.000580578,0.0004121194,0.024400972,0.16428787,0.3468637,0.32467633,0.07164305,0.045292832,0.012217043,0.00059502374,0.0002262356,0.00026957574,0.005080098,0.0002622734,0.002945654,0.00020092119,8.7624903e-07,1.8505003e-07,1.7347713e-08,1.1282302e-08,2.5813529e-08
0.000440404,0.00043145524,0.003076312,0.0005788422,0.0031354208,0.008335233,0.048908573,0.19380023,0.19991522,0.1377719,0.030615581,0.031877145,0.005439859,0.0050772973,0.17355318,0.07533337,0.010201455,0.07098586,0.00042557545,6.323033e-05,4.4069848e-06,1.8568473e-05,1.0850755e-05
4.6993828e-06,1.6196582e-06,1.0843647e-05,5.4841366e-06,0.00016672665,0.0058832304,0.01475821,0.089054964,0.2950149,0.22594675,0.12150908,0.049599517,0.0062522944,0.0035572678,0.032236136,0.08532516,0.06416085,0.006478916,1.2999912e-05,9.5696405e-06,8.602732e-06,2.1343989e-07,2.0066404e-06
1.05252944e-07,4.1617395e-07,2.9370672e-06,0.000100668156,0.005526929,0.042452764,0.28769514,0.3705926,0.104316235,0.14705285,0.010052738,0.016420435,0.0026726814,0.00060707086,1.2729477e-05,0.008572411,0.003906481,1.32893065e-05,4.0938664e-07,2.439994e-07,8.473883e-07,5.9979727e-10,1.0145364e-08
4.7743206e-06,2.4109393e-06,2.868972e-05,5.177153e-05,0.002598158,0.024171757,0.24098788,0.29947525,0.18084797,0.14641103,0.06457744,0.003986763,0.0008622206,0.0012128117,0.00092190556,0.022927778,0.010784467,0.00014496088,7.2614375e-07,5.899083e-07,5.6917133e-07,4.435015e-09,9.785072e-08
4.2039224e-05,2.1732343e-05,0.00042100312,7.573103e-05,0.0026520612,0.042161275,0.06249882,0.3459689,0.25970474,0.19337828,0.02533505,0.009169837,0.00067819474,6.598194e-05,0.03729157,0.0006699452,0.017482666,0.0023775473,3.3670772e-06,1.0906111e-06,1.6730382e-08,6.9653574e-08,7.101342e-08
1.4871401e-05,3.46017e-06,9.696072e-06,7.1735103e-06,2.2065497e-05,0.0001854061,0.0025659727,0.006288148,0.028706977,0.019912736,0.13020504,0.045916863,0.04282511,0.18567552,0.00980787,0.15897116,0.006412094,0.09529453,0.026986051,0.0012041506,2.6480213e-05,0.23883148,0.00012707719
1.7616904e-06,1.3035852e-07,9.937266e-07,2.923768e-06,3.366424e-06,3.377106e-06,3.3428158e-05,0.0009291131,0.0012101445,0.024371304,0.022147378,0.27717596,0.0061414964,0.29025945,0.08420516,0.089884095,0.00027481286,2.0920723e-05,0.054656614,0.0020912923,0.14658526,8.509684e-08,8.820704e-07
2.2824738e-06,5.5967007e-06,0.00019328237,0.0002674406,0.022984497,0.12070544,0.13235322,0.17111358,0.051247314,0.095960334,0.015146098,0.111694366,0.114756614,0.051708233,0.004422739,0.0018279612,0.101594396,0.0038651435,0.00011443053,3.4297564e-06,3.159551e-05,1.5627576e-06,4.523755e-07
2.7713624e-05,5.238181e-06,4.0562758e-05,3.2393384e-06,0.00014028605,4.2405627e-05,0.0005610829,0.0014940995,0.002360976,0.0023768172,0.018786902,0.0012031783,0.0023498903,0.005257131,0.07140404,0.0826003,0.7277821,0.00025831544,0.06851655,0.014589738,7.647713e-06,8.2551596e-05,0.000109290326
8.489904e-06,7.330706e-06,0.00018526695,0.00011454541,0.008047906,0.10415498,0.29493627,0.37814015,0.10938788,0.08392007,0.013160883,0.00073906017,0.00010036208,5.0689217e-05,0.0034910683,0.0002075383,0.0031173679,0.00022895136,9.661156e-07,1.404305e-07,5.4422884e-09,6.18229e-09,2.7253774e-08
4.825559e-05,6.786791e-06,3.665334e-05,1.0582166e-05,1.6158036e-05,1.3868086e-05,1.9072764e-05,0.00051382097,0.00076575816,0.004661685,0.02111253,0.014232294,0.118824266,0.038765,0.2921217,0.025081674,0.011337379,0.07363985,0.22345313,0.17033143,1.6558415e-05,0.003238231,0.001753291
4.344534e-05,2.5370651e-05,0.00033281182,0.00016544848,0.005803089,0.055979405,0.18967889,0.28620067,0.1871125,0.18762173,0.034626987,0.006391628,0.0007863166,0.00077588856,0.017590405,0.0070992224,0.01810768,0.0016392857,1.4495341e-05,3.2274365e-06,3.96011e-07,2.0006773e-07,9.4340396e-07
9.0349585e-07,4.3882355e-06,3.102579e-05,0.0006404051,0.013372889,0.06080951,0.5903719,0.21896176,0.03672884,0.065690435,0.007062882,0.0020114745,0.00029402866,0.00033446812,2.326647e-05,0.0027427115,0.0009092228,8.653049e-06,7.019448e-07,2.0382984e-07,3.363064e-07,1.291698e-09,2.1524666e-08
4.464922e-08,1.9740808e-08,3.613572e-07,2.0503099e-07,3.5758076e-05,0.00015072225,0.0018561692,0.02547867,0.005397839,0.024489556,0.005769694,0.039786126,0.32156992,0.04511753,0.004166306,0.009327652,0.50770503,0.0012967155,0.0018278842,1.8766372e-05,0.006004103,8.3857003e-07,1.5469735e-07
0.00021197196,0.015729155,0.13494301,0.3901281,0.26914033,0.13475142,0.044158753,0.003810023,0.004369394,0.00079093216,0.00031589932,0.0009697974,8.850583e-05,0.0001413294,0.00019150326,1.7295823e-05,0.00022614989,3.8231988e-06,1.1304173e-05,7.5312255e-07,1.2105293e-07,1.5426397e-07,2.3843842e-07
2.5693473e-06,9.547343e-07,6.8672207e-06,4.37542e-06,0.00031447585,0.012215227,0.010803803,0.10372311,0.15576401,0.5133195,0.14855072,0.035725262,0.0005738446,5.042279e-07,0.00012402356,0.0003587851,0.017540745,0.0009679533,8.852894e-07,8.6476024e-07,2.9763552e-09,3.455017e-09,1.5002945e-06
8.825886e-06,4.658075e-06,7.816911e-05,2.6782012e-05,0.002589777,0.06843375,0.13205704,0.34938797,0.21035534,0.18158849,0.02283855,0.003682689,0.00023304505,1.7011967e-05,0.0033303765,0.0003701433,0.024645517,0.00035090448,6.337679e-07,2.2696479e-07,5.049095e-09,4.786089e-09,3.0150805e-08
0.0076802312,0.023014626,0.06903102,0.03407288,0.10350256,0.24256186,0.29448214,0.091915585,0.062245823,0.037353612,0.009669759,0.0078966655,0.00074037985,0.000309677,0.00707043,0.0013640234,0.005855415,0.0011022437,9.674787e-05,2.139069e-05,1.6656934e-06,4.4314615e-06,6.8252475e-06
5.186888e-06,1.0018021e-05,8.140036e-05,8.95623e-05,0.0018444431,0.021241123,0.048269875,0.108705856,0.058826834,0.053747147,0.06376209,0.062272068,0.16443186,0.21896027,0.0050753644,0.06190227,0.09930473,0.03106136,0.00019724453,1.7469856e-05,0.00016991142,2.2607286e-05,1.2619123e-06
0.00028426124,0.0143250795,0.18683141,0.3442126,0.26407287,0.13585083,0.04100565,0.004232708,0.005309266,0.0010268094,0.00038539243,0.001212639,9.962077e-05,0.00016746114,0.0004707855,1.5650823e-05,0.00046038532,7.641071e-06,2.6747517e-05,1.1593189e-06,1.810385e-07,3.2368604e-07,4.901493e-07
1.4488474e-05,4.261952e-06,9.366178e-05,3.130797e-05,0.00021397615,0.0013509742,0.0087484745,0.10967294,0.09462532,0.117180064,0.074959986,0.006925763,0.0061721737,0.028489469,0.4327061,0.014948335,0.001218549,0.10246534,0.00014444803,1.0635009e-05,4.167107e-07,2.287434e-05,4.7463357e-07
4.5713755e-08,3.832341e-08,8.0944794e-08,8.251013e-08,2.3196195e-07,5.9011777e-06,1.05577965e-05,0.00064741424,0.00049943494,0.0024143069,0.0037084601,0.29384905,0.08946683,0.013328272,0.00882642,0.5813161,0.0040808297,0.00091222714,0.00021092367,2.1215064e-06,0.0007203082,3.654376e-07,6.1295062e-09
2.8393451e-05,7.0152028e-06,2.7596514e-05,1.1609079e-05,0.00017809852,0.0010221857,0.009327002,0.02210809,0.057316255,0.04635674,0.114887044,0.09286733,0.13730204,0.059104234,0.072427824,0.121872194,0.1651573,0.090249784,0.005764207,0.0013457345,0.00027228275,0.002076723,0.00029034144
5.362308e-05,0.00032713878,0.014207007,0.00773193,0.15523891,0.22402555,0.07086662,0.06340537,0.047714293,0.049182564,0.0073862174,0.17296632,0.032788962,0.022284547,0.03124574,0.0012052285,0.09742429,0.001185913,0.0006843847,1.6684848e-05,4.993361e-05,6.2211543e-06,2.617744e-06
2.3496355e-07,7.948605e-06,8.571601e-05,0.0018836979,0.05993111,0.58088535,0.26142046,0.057532184,0.012571662,0.015992692,0.0014489533,0.0068454677,0.00059731345,0.00020750647,1.3743338e-05,4.458825e-05,0.00052563933,5.418777e-06,2.6714488e-07,2.2055161e-08,4.2694943e-08,1.0675472e-09,2.6129414e-09
1.1751391e-06,3.7402103e-07,3.5111489e-06,8.898346e-06,7.291986e-05,0.00061717274,0.013389421,0.052990478,0.17057706,0.10227714,0.22465491,0.012564296,0.008094843,0.108467884,0.014774073,0.27859297,0.0060316827,0.00526797,4.926336e-05,6.0307434e-06,0.0015570567,1.5664487e-07,7.311539e-07
0.0011487416,0.00021237101,0.0007973006,0.0007394662,0.0016794907,0.003242627,0.0028054598,0.04242158,0.05268333,0.25031042,0.27685714,0.07057023,0.07953771,0.0069164517,0.029724624,0.004475053,0.0051967725,0.07606178,0.03237147,0.05001786,0.00015287948,0.0012618382,0.0108154025
7.934211e-05,0.00018385272,0.0036145775,0.0035386193,0.0528033,0.08634462,0.21057582,0.15183513,0.1485075,0.08045569,0.07757022,0.011643911,0.016775196,0.062380794,0.04504442,0.0023448656,0.026286934,0.019857466,0.000110655754,9.084304e-06,2.8907354e-05,6.3035163e-06,2.7950355e-06
7.836642e-07,2.4125668e-06,2.3938434e-05,0.00049572083,0.012275076,0.07197287,0.6232931,0.20942235,0.026245255,0.042377,0.010667509,0.0009994654,0.00028511888,0.00010569357,2.9682538e-05,0.0013108839,0.0004794934,1.2610086e-05,9.252614e-07,7.138579e-08,3.2734487e-08,1.3374145e-09,3.192129e-08
1.10449955e-05,1.8727928e-06,5.198649e-05,7.27127e-07,4.370614e-05,2.3501066e-06,2.0298492e-05,0.00016211165,0.0009808121,0.00032608092,0.002332293,0.0015625918,0.00045405678,0.0008331319,0.08284315,0.016677408,0.8070531,0.00012316021,0.029895656,0.056573037,7.2046625e-08,5.1048268e-05,2.5076744e-07
3.9811086e-05,0.0007930102,0.013241767,0.04937336,0.24941035,0.4844397,0.1496653,0.023115192,0.013152659,0.005196017,0.0014747997,0.006444677,0.00062859885,0.0014305479,0.0007826364,4.4287364e-05,0.00071064226,3.7817103e-05,1.7227067e-05,7.0353184e-07,3.2532853e-07,2.7181363e-07,2.4443463e-07
6.5927206e-06,5.119718e-06,0.0001454238,6.159364e-05,0.006576316,0.118311904,0.2071252,0.41453728,0.13244317,0.094465695,0.013331653,0.0010216198,0.00011714375,2.5519932e-05,0.004909636,9.4349445e-05,0.006641685,0.00017954291,3.9054635e-07,8.911762e-08,1.6014055e-09,2.9211875e-09,8.039133e-09
7.3196375e-06,5.0418534e-05,0.000695413,0.0040411223,0.13586041,0.21918325,0.44256878,0.15788074,0.016867531,0.010168804,0.011173629,0.00012063502,0.00012478566,0.0007198354,0.00010504628,4.6413905e-05,0.00035812447,2.7458733e-05,2.0289924e-07,4.517827e-08,6.223076e-08,2.8048868e-09,8.826848e-09
1.4657423e-06,9.803505e-08,7.65931e-07,9.481931e-08,1.4137257e-07,7.2981976e-08,3.0633018e-07,5.3800937e-05,6.424629e-05,0.0001295376,0.0011701882,0.0020211115,0.3124266,0.044381484,0.5688602,0.025105372,0.0014601687,0.004524975,0.034356292,0.005420541,1.2115571e-06,1.724319e-05,4.1066496e-06
7.780035e-06,3.5000141e-06,4.099855e-05,0.0001326212,0.0086784605,0.0064233746,0.26729217,0.3150497,0.14202082,0.11147974,0.109797105,0.0037481557,0.0133976545,0.004451828,0.0061501353,0.0010218835,0.0012377208,0.008692243,0.0003518701,8.144873e-06,2.5421423e-07,8.943704e-06,4.892984e-06
5.3547563e-05,1.1032306e-05,8.62616e-05,9.3086914e-05,0.0049539045,0.009468956,0.01659607,0.21361712,0.1553457,0.36405557,0.15234007,0.027685741,0.0052618445,9.3090726e-05,0.012862795,5.5666907e-05,0.009961895,0.027245654,9.9219855e-05,8.278145e-05,2.4232276e-07,1.5007678e-06,2.8200206e-05
4.0242896e-05,0.0030158325,0.039572563,0.18910305,0.3679222,0.27141795,0.1013197,0.011146743,0.009816465,0.0025583722,0.0006567979,0.0022956089,0.0002424274,0.0003260421,0.00013383235,2.251258e-05,0.00040047948,4.4380276e-06,4.1744806e-06,3.4245645e-07,1.6010372e-07,4.142275e-08,5.8344067e-08
1.0849628e-06,3.5538956e-06,5.614126e-05,0.00016273558,0.011254153,0.06370943,0.12833512,0.23994188,0.06547313,0.12791948,0.010847047,0.12116298,0.06000823,0.026094982,0.0010418004,0.005355195,0.13740177,0.001038814,3.8725262e-05,5.9537447e-06,0.00014731211,2.94166e-07,2.3261393e-07
0.0002279837,0.0019247478,0.06814061,0.052743424,0.23081148,0.2493599,0.12167678,0.085667424,0.11838639,0.022033334,0.020940425,0.0044230605,0.0047471593,0.003693953,0.0048625637,0.00015949697,0.009562507,0.00060555746,2.7355269e-05,1.9122579e-06,1.715656e-06,1.5632969e-06,6.0090883e-07
1.1640154e-05,1.4876537e-06,1.0456141e-05,6.6588514e-06,6.2240933e-06,8.5100255e-05,0.0008633502,0.032905024,0.18295445,0.09830789,0.080205075,0.022754038,0.0036938963,0.044365227,0.03173634,0.056963976,0.0005350974,0.4410201,0.0010424147,0.0009853072,1.156698e-06,0.001538631,6.482083e-06
3.932064e-05,8.863725e-06,9.0074616e-05,1.7699385e-05,5.519963e-05,0.0014752736,0.00074655225,0.056955826,0.09831165,0.33077407,0.21060956,0.15891363,0.0069241943,1.2340122e-05,0.014722079,0.0005767896,0.014043946,0.10561068,1.3994584e-05,9.407682e-05,2.0092538e-07,2.158224e-06,1.8549777e-06
2.0439582e-07,7.268231e-08,6.640221e-07,9.011609e-07,9.133188e-05,0.00025304267,0.034638774,0.17948295,0.08260684,0.10895985,0.031485755,0.019479804,0.23281868,0.018544521,0.0011151592,0.16746385,0.12163256,0.00028232447,0.00074529863,2.198019e-05,0.00037400026,4.232051e-07,9.521942e-07
1.1607824e-06,3.353591e-07,2.3203352e-06,3.2654327e-06,0.00011646996,0.0021188338,0.020725098,0.073314235,0.2482935,0.1682876,0.091853775,0.05942229,0.007170592,0.005970939,0.0043883687,0.29704913,0.02097743,0.000279483,2.7427823e-06,2.787447e-06,1.936716e-05,8.695939e-09,3.003801e-07
8.674686e-05,0.00256098,0.07327325,0.11935639,0.3401634,0.32288098,0.076644294,0.017811203,0.022489907,0.0057084006,0.0015532743,0.010622939,0.0015462067,0.0012079879,0.0018255413,6.0196086e-05,0.0021347108,3.3169206e-05,3.7729285e-05,1.2691348e-06,5.4230316e-07,5.790939e-07,3.6133653e-07
1.8351514e-06,4.4355284e-06,3.223995e-05,0.00040190015,0.045432676,0.058890015,0.42329904,0.33592975,0.03751803,0.04806952,0.04719345,0.0005993017,0.0008039732,0.00012398088,6.48291e-05,6.450342e-05,0.00053893967,0.0010262352,4.2424326e-06,3.4856137e-07,3.576584e-08,2.5785058e-08,6.000288e-07
1.4423541e-06,6.3423073e-07,3.6128436e-06,9.917632e-06,7.514379e-05,0.00039327724,0.004023351,0.023640437,0.055018075,0.068770394,0.18689494,0.057633925,0.07164338,0.33851945,0.019924467,0.14747187,0.007086671,0.0037357574,4.6707522e-05,7.554801e-06,0.015098613,1.4273806e-07,2.4653468e-07
1.868452e-06,2.573267e-07,1.4110685e-05,3.7065981e-06,3.8240887e-05,0.00028115208,0.00070535904,0.0039063613,0.012173113,0.01320463,0.039091732,0.13693082,0.0071026343,0.10069917,0.053373072,0.0080937445,0.0066450583,0.6077413,0.009869324,1.1719384e-05,1.3924575e-05,9.8249926e-05,4.586863e-07
1.5599793e-06,2.502581e-07,2.4830383e-06,2.8490024e-07,6.218804e-06,1.0787318e-05,4.035082e-05,0.00046313432,0.00034887408,0.0019305125,0.0041891905,0.030382024,0.003096695,0.021266581,0.17238294,0.051001143,0.06505232,0.0053850585,0.641734,0.0020758936,0.0005264976,9.6408265e-05,6.822123e-06
3.4453242e-05,0.004189346,0.047803424,0.2746673,0.35401976,0.23363657,0.07247676,0.0057353084,0.004903651,0.00095435174,0.0003319505,0.00086998945,8.260128e-05,0.000105223306,5.7430087e-05,8.437624e-06,0.00012021017,1.2669582e-06,1.8051019e-06,1.2584341e-07,3.1131385e-08,1.3849926e-08,2.2467233e-08
2.189988e-05,7.065186e-06,2.5096486e-05,1.3157277e-05,8.866872e-05,0.0031968374,0.0014894097,0.043885488,0.14032602,0.29200107,0.23007244,0.21471211,0.005645465,0.00012473649,0.008553722,0.010476036,0.012456181,0.03495509,0.00027204308,0.001488988,2.5630095e-06,1.0426582e-05,0.00017551519
0.00010901626,3.7017944e-05,8.709731e-05,3.9877807e-05,7.783622e-05,0.002206685,0.00046506393,0.013770981,0.021839557,0.1696758,0.35859117,0.1557355,0.051259764,0.0006510596,0.030025527,0.09607761,0.020372385,0.04721868,0.0074661854,0.021487413,2.6162807e-05,2.6986276e-05,0.0027526682
5.5786018e-06,2.1960461e-06,3.407155e-05,5.227264e-06,0.00045826053,0.032040883,0.016639873,0.17096117,0.2192305,0.2556523,0.050711975,0.03419585,0.00092344865,4.8236243e-06,0.0061099245,0.00015220129,0.2117112,0.00115955,3.7387312e-07,5.7974177e-07,6.594977e-09,5.783562e-09,2.7792384e-08
3.9678558e-05,0.00028455854,0.0043278253,0.016265377,0.16725296,0.11907992,0.29287705,0.16741633,0.11546256,0.03770815,0.041931447,0.0022083558,0.0073733875,0.019920392,0.0011415846,0.0004375371,0.0058910893,0.0003699489,3.1775721e-06,7.476679e-07,7.6735905e-06,1.1025484e-07,1.04267e-07
5.6418976e-06,2.0960942e-06,1.8561203e-05,8.412033e-06,0.0006350221,0.028693864,0.041226532,0.15452413,0.19861235,0.30586734,0.07567445,0.034553986,0.0011368333,5.665673e-05,0.002174203,0.003999261,0.15207838,0.0007255593,3.566107e-06,2.2009322e-06,1.7568483e-07,2.1378863e-08,7.834893e-07
3.7490106e-06,1.2708152e-05,0.0001440578,0.00041844902,0.016669026,0.05921441,0.16883902,0.35445485,0.10914199,0.059534647,0.046022568,0.008770985,0.054484863,0.09925032,0.0017568085,0.003554775,0.011272161,0.006432608,1.3001307e-05,1.7532258e-06,6.165901e-06,8.4946373e-07,1.4584161e-07
2.2218576e-06,1.2652817e-05,0.00022073725,0.0010205725,0.04018113,0.10900096,0.23062819,0.3600625,0.11116675,0.038824588,0.040711038,0.0031842017,0.01690979,0.04273675,0.00059824245,0.0005406771,0.0028704877,0.0013234002,4.11217e-06,2.8668242e-07,5.497155e-07,1.9608972e-07,2.6709088e-08
6.1120763e-06,8.9737796e-07,2.8896884e-06,2.6151663e-06,6.598462e-05,0.00024911447,0.008927685,0.020553326,0.045954715,0.059342377,0.0833446,0.012673906,0.036801886,0.0074390783,0.004277933,0.687919,0.029458787,0.0005754299,0.0021529023,0.00015797128,1.05553945e-05,7.458019e-06,7.476011e-05
3.5460083e-08,4.2688324e-09,2.0525786e-07,2.6442423e-08,1.7481459e-06,2.8345053e-06,1.3528771e-05,0.00042993095,0.00011259218,0.0017538865,0.0013446296,0.044872727,0.0017228419,0.0018950538,0.07064923,0.004473291,0.06267607,0.00025974968,0.8084137,0.00016105306,0.0012142342,2.4724293e-06,1.3948357e-07
1.941809e-05,3.513611e-05,0.0011028751,0.0011860897,0.049426384,0.09114497,0.3429055,0.18369178,0.04002483,0.069499396,0.010920078,0.04237946,0.023065077,0.04575127,0.013300257,0.002050922,0.081116624,0.0016461951,0.000647141,1.2137586e-05,6.865867e-05,3.7550317e-06,2.1008207e-06
5.9176555e-06,2.16266e-06,2.2472037e-05,4.248991e-06,0.0002215079,0.00063121255,0.0058430904,0.017844059,0.019925032,0.015299822,0.03497428,0.065904394,0.18797906,0.32921657,0.027102407,0.05743013,0.21201138,0.016735794,0.007426849,0.0002453828,0.0010858977,7.6562945e-05,1.1703835e-05
1.1850888e-06,8.786158e-06,9.580946e-05,0.0013932752,0.028880702,0.2647493,0.49924976,0.15184435,0.018491877,0.025686447,0.006221831,0.0017304973,0.00035332775,0.0002756631,5.215647e-05,0.00031488785,0.0006301894,1.8688435e-05,1.0408233e-06,8.488672e-08,7.591091e-08,3.038261e-09,2.4624084e-08
1.817098e-05,0.00020929944,0.011177218,0.026399536,0.0845755,0.37060106,0.18408237,0.10969444,0.15015244,0.00976846,0.043782327,0.0013956351,0.0022059937,0.003734402,0.00068304746,0.000101241865,0.0012941742,0.000112513015,1.1213781e-05,1.2980023e-07,6.360354e-08,6.909121e-07,2.931411e-08
1.2181721e-05,3.0277519e-05,0.00074817194,0.0009295282,0.05121886,0.2617821,0.415749,0.21339764,0.030494528,0.016581735,0.006867406,0.0001722548,5.530222e-05,8.411634e-05,0.0012009279,3.0118723e-05,0.0005907539,5.4700373e-05,3.9776964e-07,4.61034e-08,3.968103e-09,3.0487703e-09,7.489056e-09
2.3271046e-05,0.001004187,0.01069942,0.07042402,0.2958012,0.40835926,0.18721385,0.016164487,0.0052100024,0.0026211443,0.0006481934,0.0011760218,7.3816205e-05,0.00021313563,0.00010971156,1.6974182e-05,0.00023023204,6.302918e-06,4.3026703e-06,2.8333838e-07,7.9794745e-08,3.3669494e-08,6.855874e-08
1.5807855e-08,6.9886213e-10,8.26014e-08,5.885032e-10,1.4561382e-06,2.9956645e-08,4.100385e-07,1.1303936e-05,2.6038576e-06,1.1185567e-05,0.00010805198,0.00094693864,1.900618e-05,0.00010006526,0.12549818,0.00018547509,0.24855621,2.134855e-05,0.62236196,0.0021739518,1.0292771e-07,1.6488361e-06,5.0305125e-09
0.00086654583,0.06536757,0.32395437,0.40039378,0.1473664,0.04365442,0.014297067,0.001333553,0.0016205318,0.00027497503,0.00015075631,0.000317065,2.914441e-05,5.5050943e-05,0.00014120984,1.2889067e-05,0.0001375176,3.310603e-06,2.1184393e-05,1.4717664e-06,1.2075638e-07,3.3502997e-07,6.515862e-07
2.948334e-06,8.894231e-07,7.893049e-06,1.8465535e-06,4.1946158e-05,0.00015732518,0.0009557332,0.0065538622,0.006302877,0.02102798,0.014015555,0.059256554,0.017771473,0.03100618,0.06049838,0.1400653,0.29926318,0.01044149,0.32627136,0.002203838,0.0038811248,0.00019036855,8.1937185e-05
0.00020231448,0.011828246,0.13546124,0.34724757,0.28119957,0.16020331,0.05130844,0.0045108534,0.0048855958,0.0009505101,0.0003595246,0.0009929084,8.3488754e-05,0.00016495759,0.00029109692,1.3560529e-05,0.0002748293,5.4940547e-06,1.5127936e-05,7.198073e-07,1.1784726e-07,1.8672347e-07,2.9369954e-07
3.0212362e-07,2.5152525e-08,2.0155005e-07,7.490032e-08,2.0335953e-07,1.2056178e-06,6.058311e-06,0.0005301583,0.001944078,0.0037462635,0.021281008,0.12190416,0.0093253,0.1760592,0.13288644,0.23496188,0.003236983,0.28263074,0.010480986,0.000109363355,0.000853507,4.1613137e-05,2.3901836e-07
5.0168177e-07,2.7119562e-05,0.00014602175,0.004769724,0.11548601,0.3903888,0.40257484,0.05443955,0.01153108,0.01697814,0.00092616933,0.0022603539,0.00011335586,0.00016330057,6.149099e-06,5.3366075e-05,0.00013459519,7.099611e-07,1.0873732e-07,3.1082305e-08,6.222817e-08,1.8490535e-10,7.818943e-10
7.254113e-07,2.48866e-07,1.5487916e-06,7.809535e-06,0.00067528104,0.0005857512,0.05172807,0.1666813,0.2768045,0.18952838,0.054382004,0.06134669,0.07603811,0.0011605193,0.00020296789,0.06779349,0.05150595,0.00069677026,0.0006704607,4.7851066e-05,0.00011250589,4.849658e-07,2.8605895e-05
1.2492093e-06,3.5620494e-07,2.9110017e-06,1.3012188e-06,4.2427673e-06,4.187952e-05,0.00034291152,0.0051331273,0.021969361,0.015604989,0.029130787,0.015974866,0.0023494638,0.06615172,0.032168046,0.1477282,0.00064393174,0.6623249,0.00037105626,9.443454e-06,2.041771e-05,2.3615805e-05,1.2615513e-06
1.5894553e-05,8.6660075e-06,2.6467502e-05,0.00013799706,0.01843416,0.012616558,0.061278246,0.22543801,0.14356631,0.20493689,0.18574265,0.052741293,0.032359865,0.00068505504,0.0042791846,0.0009492028,0.01615038,0.039687734,0.00039657453,0.00019519505,3.0514484e-06,3.6848623e-06,0.0003468726
0.00081551925,0.06330898,0.2922543,0.43442667,0.14951387,0.04161909,0.013858466,0.0013446293,0.0017161362,0.00027241834,0.00015432094,0.0003434984,3.2902382e-05,5.666699e-05,0.00011984762,1.4088241e-05,0.0001260361,2.9218347e-06,1.7264847e-05,1.3795664e-06,1.1554736e-07,2.883571e-07,5.2613217e-07
9.052788e-05,0.002009448,0.06674216,0.09472405,0.34534097,0.3299272,0.085839085,0.020945484,0.023509583,0.007165232,0.0017912874,0.0116105275,0.0016138825,0.0014432325,0.0029857256,6.847813e-05,0.004069693,5.30787e-05,6.598372e-05,1.894406e-06,1.016325e-06,8.4125344e-07,6.0326136e-07
4.8557926e-05,4.7217658e-05,0.0002216267,0.00045519348,0.026193151,0.028443556,0.21160097,0.3723939,0.12592089,0.075484544,0.06857019,0.008238595,0.018342298,0.008520399,0.019900145,0.0014731435,0.009333862,0.02463206,0.000110924324,4.4559976e-05,4.0389887e-06,6.4644373e-06,1.3690281e-05
3.6684278e-07,2.2275427e-07,2.79257e-06,2.2200904e-05,0.002242585,0.02647377,0.33260986,0.36637715,0.0853104,0.14025685,0.043610156,0.00046549563,3.162639e-05,1.2650634e-05,8.115368e-06,0.0017681934,0.00080436526,3.0758345e-06,2.2962839e-08,1.347387e-08,2.7395348e-09,1.6562184e-11,3.6064254e-09
1.2005174e-05,2.4366916e-05,0.0004990525,0.00035898862,0.029743692,0.16139351,0.26354736,0.35590518,0.09701719,0.057208218,0.016420532,0.00127184,0.00092538085,0.0008522224,0.009641669,0.00050337525,0.004491847,0.00018312619,3.306885e-07,1.3240016e-07,2.2315696e-08,6.674926e-09,9.069306e-09
2.7940007e-06,3.3784916e-06,0.00013524428,8.405217e-05,0.0116869,0.14928207,0.26125655,0.4248076,0.077946745,0.055158097,0.012248093,0.00038254584,0.00016586066,6.0874554e-05,0.0037277516,5.726936e-05,0.0029078778,8.6140404e-05,9.788854e-08,2.741766e-08,1.0797424e-09,8.710746e-10,1.9106459e-09
2.3404998e-06,3.7735836e-07,2.535133e-06,1.2240861e-05,3.3728164e-05,0.00012907952,0.003463219,0.018643908,0.034520827,0.20285827,0.10192519,0.13463293,0.008102646,0.13271843,0.0070748786,0.29059088,0.0019030046,8.04728e-05,0.0007800097,0.00013209064,0.06239132,9.376197e-08,1.5057184e-06
0.00540696,0.13392463,0.38128597,0.31684363,0.09988716,0.0233541,0.019114317,0.0059415903,0.009659672,0.0009381808,0.0017134371,0.0003731501,0.00016126328,0.00017594857,0.0003282453,4.7219943e-05,0.00073931867,5.352191e-05,3.6652666e-05,9.049377e-06,1.0373394e-06,2.3564285e-06,2.6175237e-06
1.3754804e-05,8.0087575e-06,7.073897e-05,0.00014638276,0.003123608,0.011535215,0.14912409,0.19384208,0.20724994,0.14708924,0.1083229,0.0080396645,0.0059132595,0.039454833,0.00577344,0.110761344,0.008766175,0.00072325434,5.7828565e-06,2.8358884e-06,3.2966745e-05,5.0845717e-08,4.382901e-07
8.927852e-07,2.1177357e-05,0.00024638698,0.0026809536,0.07408007,0.465577,0.19855213,0.1124815,0.037547693,0.04452497,0.003667432,0.046977155,0.0065050265,0.0033990704,8.714562e-05,0.00031459745,0.003300914,3.2189622e-05,1.4351108e-06,2.3730294e-07,2.0430173e-06,8.010365e-09,1.0747652e-08
7.603447e-05,0.0063465172,0.07427824,0.29591444,0.33286548,0.21439798,0.058705393,0.006407182,0.0068721515,0.0012152934,0.00045805442,0.0016521078,0.0001943017,0.00021926714,0.00015096023,1.7075148e-05,0.00022068527,3.3465346e-06,4.953419e-06,3.151942e-07,7.751825e-08,6.12751e-08,7.357852e-08
0.00012559727,2.2530487e-05,2.2826374e-05,9.942381e-06,2.1013855e-06,9.063643e-05,3.359768e-05,0.004492976,0.0068734135,0.16446641,0.11981917,0.099429674,0.39453232,1.6312769e-06,0.005959218,0.19419831,0.0010273177,0.008550825,8.269062e-05,0.00017519532,1.319539e-07,1.8043592e-08,8.339896e-05
0.00035901304,0.023224622,0.19108903,0.40176627,0.23847876,0.10250713,0.032152023,0.0031710542,0.004205297,0.0007479418,0.0003126106,0.0011044705,9.9218516e-05,0.00014065792,0.00027738186,2.0598598e-05,0.00031634726,5.2593114e-06,2.0055644e-05,1.3086718e-06,1.8698746e-07,3.0347067e-07,4.6098012e-07
8.8909026e-08,1.7096234e-07,1.8263185e-06,0.00012293534,0.0056874277,0.08573541,0.4885453,0.24960376,0.030768378,0.11839129,0.019427847,0.00025927977,2.0118581e-05,9.740049e-07,2.4849562e-06,0.00133252,9.9436795e-05,7.033689e-07,1.661745e-08,1.5297351e-09,6.2021194e-11,3.8531344e-12,1.8450965e-09
0.4057262,0.34480068,0.22368027,0.018250255,0.0021546495,0.0003105081,0.0011536836,0.0007184723,0.0008261072,0.0001858488,0.00091697345,0.00011143353,8.24629e-05,6.877672e-05,0.00015786296,9.834706e-05,0.00036526204,9.5876e-05,0.00010913418,0.00015460585,4.0131126e-06,1.5403608e-05,1.3226907e-05
5.1156592e-05,2.2080898e-05,0.00015020651,4.19069e-05,0.00012810297,0.0016998317,0.0023920245,0.07567232,0.24641971,0.32333,0.085173555,0.074937895,0.0046026623,0.00013308442,0.029658103,0.0059331115,0.006428521,0.14291592,9.0861395e-05,0.00019866688,5.9433694e-07,1.3589357e-05,6.102382e-06
2.3257617e-06,2.6253238e-06,1.8193736e-05,5.628542e-05,0.0018711658,0.0062704594,0.024840916,0.13775113,0.14431663,0.10358867,0.06348129,0.07487327,0.08733289,0.10472706,0.014565129,0.23309456,0.0030343735,0.00016091608,4.5471086e-07,5.004462e-07,1.1174881e-05,2.145537e-09,4.665486e-09
3.410332e-07,5.1852915e-08,6.015654e-07,1.850417e-07,4.2398656e-07,3.812031e-06,3.3622855e-05,0.001118552,0.006205979,0.0032378745,0.010270957,0.012814044,0.0011967786,0.05045295,0.0034111242,0.03950316,0.00023993551,0.8711779,0.00022045539,7.964869e-06,1.597646e-06,0.00010154695,1.3277194e-07
1.0811536e-07,5.0815892e-08,6.8301824e-07,1.9211473e-07,6.3373445e-06,0.000106255466,0.00022845445,0.0032510143,0.0030450833,0.007960995,0.022374643,0.20953044,0.093741074,0.03494884,0.028729979,0.1279274,0.3498648,0.10507743,0.0114233475,1.20093655e-05,0.0017010752,6.931625e-05,3.9270944e-07
0.0001783831,0.0011616813,0.013570871,0.043243583,0.17718779,0.1238897,0.16885032,0.12777948,0.1670412,0.053997006,0.047562767,0.011368599,0.022904979,0.015165245,0.0034551227,0.0013762553,0.020704221,0.0004820061,2.8848921e-05,5.906155e-06,4.4692486e-05,7.888251e-07,5.856754e-07
0.00025875174,0.0001177171,0.00093821116,0.0012317296,0.01230881,0.014981548,0.14519593,0.34581566,0.20349279,0.16081162,0.060650434,0.0052572344,0.0038794428,0.002489635,0.033191424,0.0011424678,0.0012584344,0.0061136414,0.0007728297,3.7566297e-05,7.597499e-07,3.5149533e-05,1.8217503e-05
7.5236164e-07,2.5117559e-05,0.00019286192,0.003611042,0.08919385,0.39055473,0.31291252,0.10318285,0.02864546,0.041680895,0.002239311,0.022871438,0.0017502687,0.0014434892,3.3033855e-05,0.00021951782,0.0014325031,7.994864e-06,7.1722354e-07,1.8841807e-07,1.4150113e-06,2.5237996e-09,5.2187277e-09
1.9869012e-06,7.792769e-06,0.00014872974,0.00032096653,0.0078413775,0.088288285,0.095473275,0.20664418,0.13212222,0.06408767,0.09122427,0.028532129,0.12505886,0.117722295,0.0014720216,0.008904498,0.026941488,0.0051792264,1.9009412e-05,9.724741e-07,6.752575e-06,2.0026125e-06,5.2441713e-08
3.5577142e-07,3.3173433e-07,8.850086e-06,3.7804733e-05,0.0067610727,0.083309144,0.47323707,0.32539955,0.041569352,0.047358423,0.021588098,0.000115071576,2.317165e-05,6.8059326e-06,3.1240746e-05,5.6824683e-05,0.00048798596,8.8232855e-06,1.8333e-08,4.6257695e-09,4.091166e-10,3.136152e-11,1.2341945e-09
5.8973214e-06,2.5877127e-06,2.5433183e-05,9.353535e-06,0.00066591485,0.029954087,0.027337592,0.15645726,0.2620099,0.39258438,0.0710789,0.026243923,0.00041123797,1.6527518e-06,0.000997279,0.00023314495,0.03087717,0.0011014349,1.6437074e-06,9.1667573e-07,6.4688317e-09,9.567664e-09,3.238924e-07
4.3527842e-07,1.3903202e-08,9.383606e-07,2.1321678e-07,1.1395103e-06,5.2641453e-06,5.0357186e-05,0.001723319,0.011871076,0.00805498,0.03711533,0.28217697,0.0020000595,0.346762,0.04595455,0.15749836,0.00241749,0.06304171,0.041045934,3.2911517e-05,0.00021719241,2.944733e-05,2.2208792e-07
0.00035145192,6.7885536e-05,0.00044110877,0.0002653217,0.0015318688,0.0043385727,0.013486043,0.09629686,0.10574084,0.18607552,0.23339084,0.054835867,0.06338543,0.01989917,0.1538335,0.00955662,0.012859547,0.03564593,0.0035167253,0.0031335952,4.860999e-05,0.0008071807,0.000491533
9.70651e-06,0.00014986341,0.00291402,0.011354578,0.16680658,0.33926907,0.15808715,0.0904139,0.05258621,0.057614896,0.0049946187,0.075185604,0.014481263,0.00853792,0.0010233007,0.0007605777,0.015674116,0.00010156957,1.9717141e-05,1.9724976e-06,1.3083105e-05,1.4430115e-07,1.1844887e-07
5.500828e-05,1.4491166e-05,5.3898246e-05,1.6578753e-05,0.00011865629,0.003451892,0.003498714,0.031213736,0.06670663,0.223209,0.15952846,0.23417816,0.0154169705,0.002095414,0.04198224,0.13687192,0.061192907,0.018907188,0.000756343,0.0005571498,4.46073e-05,6.332256e-06,0.00012369754
0.0008112125,3.3542714e-05,4.548528e-05,4.5161796e-05,2.271636e-05,0.00012349122,6.7207955e-05,0.007968229,0.007985348,0.3816994,0.15134387,0.0717753,0.27040097,0.00016541782,0.01105389,0.0048837955,0.0010038564,0.06426066,0.014268384,0.007283443,3.9851707e-06,2.887268e-06,0.0047516627
0.0004893024,0.012557787,0.1427734,0.27276474,0.28250986,0.11497997,0.08231245,0.034016185,0.043184754,0.004385867,0.0061462643,0.0007364806,0.00065364275,0.0006844568,0.0005010048,5.1725427e-05,0.0011835413,5.849655e-05,7.702169e-06,1.1743759e-06,4.3994982e-07,4.1913623e-07,2.974656e-07
7.247265e-07,7.366027e-07,2.6233742e-05,2.8413791e-05,0.0062604817,0.15294829,0.28575075,0.41303957,0.06863121,0.054064546,0.01606803,0.0002548744,5.81128e-05,9.6112035e-06,0.00038904443,3.9153114e-05,0.0024046393,2.5500654e-05,2.6961054e-08,8.663663e-09,2.9775704e-10,9.863377e-11,7.452745e-10
9.734122e-07,2.8677303e-07,2.3316964e-06,3.3401825e-06,0.00035227955,0.014418736,0.02604423,0.14555292,0.15315591,0.42880967,0.14009908,0.03226972,0.00057085,1.2933212e-05,0.00018227259,0.003464358,0.054911915,0.00014533757,1.1088466e-06,9.4764755e-07,3.0417898e-08,2.8448028e-09,7.3229234e-07
2.1285782e-06,4.920871e-07,2.0602772e-06,2.932039e-06,8.9414556e-05,0.00030699067,0.016911736,0.030210257,0.20055702,0.05565569,0.10446788,0.07857999,0.13231926,0.021413624,0.0047513735,0.18314144,0.106486745,0.0564458,0.007748405,0.00016733594,0.00016429511,0.00050403894,7.1062655e-05
9.558171e-05,0.002998499,0.062260665,0.1532228,0.34172556,0.30324757,0.09795031,0.013746356,0.013450684,0.003383627,0.00096578675,0.0039327624,0.00041061593,0.0007572302,0.0008819368,2.8783423e-05,0.0008938501,2.0780595e-05,2.4650448e-05,9.138441e-07,3.205081e-07,3.3635953e-07,3.4542506e-07
4.8025086e-05,1.0074154e-05,1.7829832e-05,3.478254e-05,0.00012664322,0.0002801088,0.0005207956,0.0036290726,0.02061164,0.046391133,0.16208737,0.16499378,0.18204035,0.027186945,0.012938329,0.048568156,0.009970678,0.0575164,0.11924448,0.06092656,3.133743e-05,0.007456331,0.075369224
0.00018293703,0.007539252,0.14050646,0.25091058,0.3167651,0.20267087,0.056648012,0.0073950277,0.009536169,0.0019837678,0.00065395475,0.002744601,0.0002606564,0.0003325533,0.0008602962,2.413338e-05,0.00093687966,1.3125258e-05,3.331432e-05,1.2366197e-06,2.751664e-07,3.9686284e-07,4.537151e-07
0.00021553237,0.0066613536,0.072277114,0.5006964,0.10147287,0.20115344,0.055196997,0.0190254,0.03439546,0.0013057971,0.006541607,0.00021551293,0.00024115665,0.0002896362,9.745477e-05,3.387138e-05,0.00016792363,6.7132687e-06,5.1038746e-06,3.0702464e-07,3.08262e-08,2.2166391e-07,5.624417e-08
8.84963e-07,2.6652623e-07,2.2179922e-06,1.29675e-06,3.4988705e-05,0.00041271083,0.007838115,0.044203386,0.06151934,0.041556418,0.13733761,0.0329139,0.4142098,0.096403055,0.03366357,0.06527837,0.016888957,0.047616675,4.4398148e-05,3.9994707e-06,8.021419e-06,6.175746e-05,2.0652314e-07
5.820947e-06,2.198933e-06,6.9093854e-05,2.2820444e-05,0.0016753132,0.053581014,0.062445838,0.3262574,0.28747913,0.2182792,0.025956566,0.0040774224,0.00015889874,9.177499e-06,0.00906948,8.1002385e-05,0.010150485,0.00067753845,1.3162323e-06,2.8507628e-07,1.4781439e-09,8.957163e-09,2.5215554e-08
2.6826015e-07,1.1169051e-07,6.3493695e-07,1.36024155e-05,0.00058846164,0.0016070602,0.080350526,0.15986103,0.13546641,0.22840954,0.03771546,0.004990912,0.0020701496,0.00021410198,3.0236097e-05,0.3461901,0.002475047,1.3503847e-05,1.926822e-06,4.3680257e-07,1.02871944e-07,1.0760323e-09,3.3280932e-07
6.849866e-05,0.00041009457,0.025696231,0.018228218,0.16975795,0.2720135,0.17568061,0.1262037,0.123260714,0.030783264,0.027905906,0.0035800042,0.003878736,0.005358318,0.007807962,9.883721e-05,0.0082004955,0.0010454769,1.8917603e-05,7.08566e-07,7.7237013e-07,8.379722e-07,2.5217443e-07
2.0266866e-06,2.3378185e-07,1.4166415e-06,1.132099e-06,1.7877993e-06,1.1399574e-05,7.834898e-05,0.0014956312,0.0036355918,0.030222269,0.024830204,0.055867307,0.002772043,0.069256514,0.046218887,0.7363998,0.0005425371,0.0003443552,0.019480519,0.0002965859,0.008531648,8.3008393e-07,8.929514e-06
1.5766667e-05,1.719561e-06,1.3734984e-05,2.4775618e-06,6.676059e-06,1.7551907e-05,9.341152e-05,0.0016512978,0.0116077075,0.008141095,0.043792248,0.0240632,0.003731029,0.051258497,0.06079234,0.12851588,0.036075726,0.32134295,0.032312006,0.24120575,1.6168117e-06,0.03534769,9.660986e-06
4.5625857e-05,0.0025377315,0.05084336,0.18661067,0.3532603,0.28776568,0.09385804,0.0099937515,0.00921007,0.0021366968,0.00066333276,0.0018664572,0.0001920324,0.0002911229,0.00024114392,1.3222975e-05,0.00045741245,6.1367587e-06,6.6686343e-06,2.867527e-07,9.676515e-08,6.4095616e-08,8.009461e-08
3.0569574e-06,2.0841132e-06,7.809893e-06,0.000105834704,0.019079003,0.015019923,0.07226099,0.27833188,0.0999256,0.25698286,0.22314008,0.015127982,0.0092756385,6.409675e-05,0.00022816886,0.00057599175,0.0026098518,0.007037832,7.148688e-05,1.5494825e-05,8.7966214e-08,1.4382232e-07,0.0001340745
3.598212e-05,0.0015498555,0.041501366,0.13119853,0.36167908,0.32514757,0.10351701,0.013792887,0.012454411,0.0032451358,0.00088669785,0.003007707,0.00033065706,0.00044619341,0.0003845472,1.6279066e-05,0.00078664284,9.914968e-06,8.918618e-06,3.1711227e-07,1.3403762e-07,8.550097e-08,8.582072e-08
7.798957e-06,0.0006063804,0.010395863,0.07753864,0.32169473,0.44296205,0.12576927,0.012129274,0.00510587,0.0018755808,0.0004987236,0.0010135571,8.469422e-05,0.00013329025,4.2481264e-05,5.7711977e-06,0.00013277541,2.078547e-06,1.0059634e-06,5.6104124e-08,2.2283055e-08,6.073633e-09,1.0566322e-08
1.31574325e-05,6.2614045e-06,6.0966722e-05,3.701442e-05,0.0021740575,0.03533056,0.16291676,0.27281952,0.21091823,0.24056192,0.044147257,0.0070722504,0.00038205253,4.8524744e-05,0.0014441761,0.003496997,0.018108375,0.00045771466,2.9601808e-06,7.482604e-07,6.294734e-08,1.2741976e-08,4.1083092e-07
1.9525578e-06,5.830681e-07,3.7564891e-06,5.5843025e-06,6.738219e-05,0.00048032348,0.007997844,0.034659926,0.12620677,0.09671458,0.12022561,0.021898132,0.01018568,0.08014187,0.024176724,0.46705726,0.006526325,0.0031888178,2.1194743e-05,5.8666824e-06,0.0004329746,9.653125e-08,6.8773926e-07
4.648776e-06,1.000138e-05,8.3936735e-05,0.0002481441,0.010668284,0.052770253,0.25117525,0.299769,0.08209947,0.06283787,0.0397172,0.0131894015,0.031478077,0.046868633,0.0010068212,0.0056492197,0.080261245,0.022033168,6.405484e-05,1.1456189e-05,4.9218375e-05,3.4837121e-06,1.2159472e-06
9.11349e-06,1.786187e-05,0.00027352286,0.00057331676,0.025106765,0.043281574,0.22965084,0.21398316,0.13400725,0.08004957,0.116187565,0.0031760146,0.015139287,0.10827817,0.014333323,0.0031265502,0.009047108,0.0037401104,4.7031876e-06,1.1917599e-06,1.2682958e-05,1.3468454e-07,1.4329385e-07
6.654785e-05,2.207407e-05,0.000116447154,5.6758174e-05,0.0006100225,0.0021672836,0.014992554,0.07344274,0.072198704,0.067668855,0.07617389,0.059583467,0.18517831,0.04175653,0.32409456,0.038759116,0.01827694,0.023931297,0.00048074074,0.00024071746,3.306841e-05,0.00012023534,2.9133273e-05
2.0770858e-06,1.1233412e-06,2.1749715e-05,2.4401235e-05,0.0032894537,0.056906544,0.297795,0.36295623,0.12104207,0.121478446,0.0296094,0.0007795568,9.735385e-05,2.4746976e-05,0.00032638968,0.00054545916,0.0050278907,7.1894734e-05,1.713305e-07,5.200865e-08,5.2715405e-09,4.9319415e-10,1.5106854e-08
4.3346213e-06,4.694636e-06,3.2813263e-05,0.00015092999,0.016905926,0.019349791,0.3831141,0.31397262,0.08655679,0.074128605,0.06149692,0.0034637179,0.010543543,0.0032076507,0.0007620604,0.0009076875,0.008118633,0.017194044,7.001558e-05,7.1527465e-06,1.7690938e-06,1.4447821e-06,4.7523763e-06
1.4070176e-06,2.8386808e-06,3.2244836e-05,0.00026594356,0.007996951,0.044433482,0.61610734,0.21052118,0.043622084,0.045422755,0.019601615,0.003466602,0.0025942386,0.0006930996,0.00018121097,0.0030497487,0.0018969551,9.964355e-05,9.955413e-06,4.1158665e-07,2.2992798e-07,2.8393089e-08,1.7795607e-07
1.3550239e-05,3.392346e-05,0.00044706243,0.00045384068,0.005385785,0.029678624,0.106966205,0.14427036,0.12662318,0.038512178,0.09925709,0.011848665,0.07152166,0.31789348,0.009419382,0.016123068,0.007871813,0.013496512,0.00013571547,5.555796e-06,9.949728e-06,3.1819127e-05,6.198059e-07
9.4494744e-08,1.8834228e-08,2.5969715e-07,9.639561e-08,3.412978e-07,2.428502e-06,6.716413e-06,0.0007395548,0.0013977838,0.005257271,0.020432817,0.6411852,0.042210497,0.08811726,0.051760428,0.07019707,0.0028085266,0.06496447,0.0024241833,3.1250936e-06,0.008489181,2.5844713e-06,2.9213174e-08
2.445473e-05,0.0013955828,0.023221448,0.10268197,0.36604553,0.34517005,0.11270158,0.018613687,0.01571012,0.005374892,0.0010233426,0.0056147967,0.0006715982,0.00064099353,0.00018989938,3.8603972e-05,0.0008687066,7.340534e-06,4.670312e-06,3.836954e-07,2.8312195e-07,4.2370576e-08,4.8014943e-08
0.00010292608,7.6183574e-06,4.942643e-05,1.327605e-05,5.82856e-06,1.4547373e-05,2.2490365e-05,0.0032513177,0.0033063726,0.037163492,0.17044048,0.091977626,0.21175653,0.009501458,0.11009445,0.0018521007,0.001477859,0.17202432,0.014293218,0.16885263,4.1335334e-06,0.0031167632,0.00067113066
6.6578223e-06,1.8231545e-06,1.4418138e-05,9.262337e-06,0.00022900141,0.009967164,0.011433052,0.12130317,0.41235474,0.31140065,0.08346497,0.026997132,0.0008570249,6.470363e-05,0.008206563,0.0014829197,0.008761781,0.0034029891,2.5370491e-05,1.4239319e-05,8.228827e-08,3.2718953e-07,2.0019233e-06
2.2043496e-07,1.2818866e-08,2.646341e-06,8.5554353e-07,0.00011550936,0.0023954203,0.003172266,0.36702728,0.2425126,0.32443523,0.051037256,0.002584843,0.00018047134,5.2220308e-08,0.0059595653,1.143915e-08,0.0005239016,5.1774292e-05,1.1893467e-09,2.5489166e-09,8.845742e-14,8.433433e-12,1.0230491e-11
1.1491668e-06,1.299639e-05,0.00014337461,0.0029054717,0.048980832,0.3927886,0.4435968,0.08800992,0.0074421084,0.012531377,0.0029526239,0.0003842015,3.9696577e-05,3.2994216e-05,1.5013919e-05,5.9159513e-05,0.00010077192,2.6700768e-06,2.346565e-07,1.4637204e-08,4.559249e-09,3.574999e-10,5.4231517e-09
3.0495664e-06,0.0004499364,0.009084586,0.083587825,0.37226927,0.41364908,0.10049111,0.010378741,0.0063556368,0.0017699405,0.00038204584,0.0012371105,0.00011930857,9.350144e-05,1.6212869e-05,3.7678276e-06,0.000108046384,5.708258e-07,2.620521e-07,1.5881092e-08,8.261314e-09,1.0200851e-09,1.5111636e-09
8.106185e-05,3.322377e-05,0.00026336967,0.0004087227,0.011837293,0.012406234,0.1595921,0.3485267,0.18179117,0.12637721,0.09939794,0.0048978603,0.007566249,0.0032822145,0.032214426,0.0008266605,0.0024572315,0.007747774,0.00023996964,2.9711242e-05,7.6360806e-07,1.2015354e-05,1.0146351e-05
6.6319306e-05,0.0013175297,0.029720608,0.14607388,0.13805279,0.34490964,0.11896911,0.07520919,0.11364656,0.0052193436,0.022002583,0.00066191796,0.0014360966,0.001991378,0.00026391965,8.2409395e-05,0.00034711987,2.5085745e-05,3.9797087e-06,1.5507749e-07,4.004275e-08,2.6571206e-07,2.9887733e-08
7.115971e-06,1.5266032e-05,9.019263e-05,0.0005719134,0.012496141,0.16381125,0.3961944,0.20854706,0.068563975,0.1003901,0.024450678,0.0056976085,0.00077106024,0.00033978737,0.00056538865,0.013287261,0.0041100313,8.679848e-05,2.9565551e-06,6.0671084e-07,1.2622944e-07,1.2755836e-08,2.8516294e-07
0.00029562434,0.021780694,0.18345854,0.42599127,0.2287814,0.10238626,0.029201599,0.0026913437,0.003342424,0.0005416847,0.00025043936,0.00071323133,6.6541324e-05,0.00010552124,0.00019293855,1.2517993e-05,0.00017061575,3.484259e-06,1.26119985e-05,7.140619e-07,9.088422e-08,1.8728505e-07,2.810554e-07
2.277161e-05,2.9098122e-05,0.00019853277,0.00017714845,0.0034969186,0.009153975,0.07849611,0.16977571,0.106582314,0.050955746,0.061516535,0.01806882,0.11078303,0.27649572,0.041196737,0.034722876,0.012487244,0.02563984,0.00012446845,2.135204e-05,3.0332725e-05,2.2255519e-05,2.4449027e-06
1.3900255e-05,8.168913e-06,7.7234945e-05,0.00016453894,0.004951284,0.014240127,0.02604428,0.24063756,0.16615713,0.38720754,0.14895564,0.0044959798,0.0014201874,3.4695865e-06,0.0004215166,2.3588665e-05,0.0002549123,0.004890604,1.921322e-05,2.4937854e-06,5.6167107e-09,4.0546826e-08,1.0638594e-05
8.995889e-09,1.6280736e-10,5.4689933e-09,6.9191803e-09,3.1812146e-08,7.760848e-08,1.6710162e-06,0.00011859217,0.00018887589,0.012722456,0.0049071647,0.016730582,0.000568432,0.01615549,0.052051783,0.00832298,0.00023452002,1.5508247e-06,0.45821366,0.00036514158,0.42941698,9.569866e-09,4.0175532e-08
1.1079027e-06,6.702e-06,5.7703026e-05,0.0014134729,0.08052839,0.092634186,0.4797309,0.24255465,0.035466585,0.03149843,0.028145649,0.0006336169,0.0009705738,0.005492942,3.0794497e-05,0.0002852271,0.0005381869,1.0022205e-05,3.744067e-08,3.0550027e-08,8.6437154e-07,2.0471293e-10,5.925396e-10
5.134339e-06,1.8627524e-06,4.6322466e-06,2.6857883e-06,1.0044593e-05,9.32107e-05,4.960596e-05,0.0014067198,0.009524463,0.018133966,0.10691412,0.020074682,0.005849408,0.0051334994,0.030775044,0.1147382,0.006234859,0.004348422,0.062030967,0.6130989,6.744445e-06,0.00045982067,0.0011029193
1.0801701e-05,3.848126e-05,0.00020509103,0.0012538428,0.037095837,0.1234096,0.41328093,0.23963897,0.067118466,0.04263712,0.028108409,0.004871202,0.0059515117,0.0064349803,0.00021645906,0.0012260656,0.02420544,0.00423129,3.986441e-05,7.4382933e-06,1.5953408e-05,9.460572e-07,1.3091733e-06
3.2398003e-07,2.518268e-08,7.125454e-08,1.5527634e-07,2.8359566e-06,2.6139776e-05,0.00056611944,0.0052046394,0.056475114,0.04541517,0.107165635,0.0314163,0.3007401,0.004177836,0.0006066909,0.43960556,0.005109405,0.00040433585,0.0025499575,0.00018682244,5.1578974e-07,9.658308e-06,0.0003365624
0.00018390924,0.008035914,0.12494021,0.24932994,0.32430303,0.20613123,0.056991328,0.008474863,0.011318848,0.00240635,0.00077705755,0.004225681,0.00045774266,0.00044903767,0.00079647556,4.0823837e-05,0.0010895898,1.4057415e-05,3.106348e-05,1.5387857e-06,3.9240402e-07,4.2236982e-07,4.485405e-07
0.00053162733,1.9380494e-05,6.5156215e-05,3.1210762e-05,2.6754777e-05,0.00011952742,0.00012627886,0.03826534,0.063955,0.38026425,0.16560225,0.11748945,0.10561372,7.0030555e-06,0.0024453546,0.00019586808,0.00047727782,0.12415533,8.28933e-05,0.000371779,3.5416238e-07,2.579787e-07,0.00015392962
1.470772e-05,1.4637468e-06,1.0665801e-05,3.3289964e-06,2.8925224e-06,1.8635043e-05,0.00034487102,0.006233182,0.08734058,0.01823709,0.042467132,0.027035397,0.0022619567,0.13971576,0.012708664,0.08002036,0.0012945312,0.5195096,0.007730136,0.015550422,4.5679226e-07,0.03949353,4.6179416e-06
2.2082771e-05,2.4154526e-05,0.00048272504,0.00048145084,0.019744271,0.080918096,0.2991112,0.31297266,0.10866132,0.09581282,0.04061108,0.0018960116,0.0013469191,0.0056891497,0.02175001,0.0026655125,0.006176998,0.001625219,6.0901957e-06,1.2257159e-06,5.3906024e-07,1.286802e-07,3.0703717e-07
2.6960722e-06,1.6322466e-06,4.155092e-05,1.2838099e-05,0.002435673,0.10458924,0.124544635,0.41268364,0.16625997,0.13536666,0.020788794,0.0020555677,0.00018803409,8.094379e-06,0.0023668273,9.11903e-05,0.028434668,0.00012813178,8.4812896e-08,4.9410293e-08,6.7538436e-10,5.6211863e-10,2.4026985e-09
0.00040436574,0.0055045397,0.059803456,0.102086335,0.35710466,0.14281157,0.0919719,0.040809255,0.039258502,0.028626485,0.0034278452,0.093336225,0.0055465195,0.007114666,0.007040857,0.0012096085,0.013243759,8.09229e-05,0.0004952895,7.032025e-05,4.6980553e-05,2.9994565e-06,2.9444727e-06
1.50968635e-05,2.5902452e-06,3.9531704e-05,1.8718118e-05,5.0134e-05,0.00040717746,0.0052301423,0.083021045,0.1635727,0.13823827,0.0730328,0.009085247,0.0030854708,0.046009786,0.13674316,0.017101446,0.00033747248,0.32241586,0.0010874843,6.504071e-05,1.7786722e-07,0.00043957346,1.1925854e-06
3.0189624e-06,8.5248564e-07,1.0542591e-05,8.27589e-06,0.0006816803,0.016606566,0.038824126,0.19458476,0.28219345,0.34533826,0.093223184,0.012874915,0.00044930703,1.7686965e-05,0.0015099427,0.0012668278,0.011779172,0.00062015484,5.0822487e-06,1.3690444e-06,2.1926144e-08,1.7677495e-08,7.8813457e-07
7.1207086e-07,6.351578e-08,6.0656527e-07,3.0273952e-07,3.8897647e-06,3.1129575e-06,2.1550257e-05,0.00039508712,0.00049903296,0.008420515,0.0045935293,0.028221631,0.0016018512,0.028350396,0.12818635,0.023455428,0.011492413,0.00014919435,0.7410209,0.022344146,0.0012274564,2.7162318e-06,9.1336415e-06
7.06505e-05,2.659285e-06,2.7259825e-06,1.2851274e-06,2.1175752e-07,1.6861013e-05,5.8715696e-06,0.0014935696,0.0014223524,0.13884155,0.08789123,0.021762837,0.27471706,8.0977756e-08,0.0008546987,0.4725759,0.00016055132,0.00014905464,8.923836e-06,7.4941263e-06,2.4126547e-09,6.1703774e-11,1.4414055e-05
8.9056375e-05,9.603542e-06,1.378056e-05,3.4610193e-06,3.327665e-06,6.999641e-05,6.833146e-05,0.01810046,0.028819801,0.16360694,0.32775512,0.15916714,0.19261436,1.4841248e-06,0.0023278005,0.003303812,0.0038118302,0.1001289,2.0475993e-05,6.198216e-05,6.35852e-08,1.0021473e-08,2.2192038e-05
3.470325e-06,1.1789037e-06,1.486411e-05,1.186726e-05,0.0011680964,0.029793369,0.10397021,0.26279703,0.20264897,0.27644306,0.06741772,0.008999026,0.0004973176,4.7013644e-05,0.0009316647,0.0032072605,0.041758757,0.00028713595,1.2241078e-06,5.028536e-07,5.260884e-08,3.9490846e-09,2.0500795e-07
7.4780015e-05,2.5881956e-05,3.7515536e-05,1.4768797e-05,3.183605e-05,0.0009549057,0.00051552913,0.02743569,0.03725344,0.21406043,0.43997735,0.13343534,0.08569619,4.201078e-06,0.0011727649,0.023811629,0.006795196,0.028342512,2.3857792e-05,0.00011218276,2.9128597e-07,6.0802876e-08,0.00022370629
3.7453887e-05,1.2927421e-05,4.2449763e-05,1.3148467e-05,0.00014792696,0.0036355082,0.0066839913,0.043033805,0.09318991,0.21733603,0.08049266,0.24202606,0.028367192,0.0014675759,0.031463113,0.115728654,0.12944119,0.006723321,7.3024574e-05,5.653427e-05,1.7501261e-05,4.9336353e-07,9.478418e-06
2.9086345e-05,0.0001546904,0.003951467,0.00818022,0.19365211,0.17278889,0.33782804,0.16987024,0.05975607,0.022331586,0.018386548,0.00062169036,0.0009831219,0.006764376,0.0024875882,0.00010790143,0.0017050748,0.0003974959,2.9180235e-06,3.2508592e-07,4.2959658e-07,9.7865275e-08,9.669541e-08
0.0014396784,0.011658983,0.18080555,0.102951534,0.23018856,0.17196281,0.07272658,0.047233023,0.091029145,0.016912408,0.017126242,0.012165603,0.007055457,0.002675314,0.008439945,0.00048184567,0.02386728,0.0010190997,0.00021125747,1.9527763e-05,1.2741712e-05,1.237603e-05,5.060841e-06
1.1007326e-05,0.00038601557,0.007803082,0.03709828,0.2753677,0.4488037,0.16450785,0.029991522,0.016354013,0.008331034,0.0013836413,0.0066254977,0.0007183317,0.0009956133,0.00021607986,3.945621e-05,0.0013439326,1.7140768e-05,5.1333377e-06,3.549357e-07,4.162703e-07,4.4706262e-08,5.0295863e-08
2.2364995e-07,2.498951e-07,5.010525e-06,2.7140775e-06,7.391188e-05,0.002331757,0.009847893,0.023039956,0.030983401,0.030183695,0.15037473,0.04939653,0.26917487,0.18371385,0.011297552,0.046174698,0.04798889,0.14458214,0.0006816731,1.796152e-06,3.1486055e-05,0.00011281624,1.8077283e-07
1.2423202e-06,4.625352e-07,8.117569e-07,7.421814e-07,3.966578e-06,5.1267372e-05,0.00016193636,0.0021676123,0.0036775125,0.012615562,0.008263453,0.1452562,0.24677816,0.067300744,0.052473962,0.44017062,0.015902685,0.003509565,0.0009874296,9.741742e-05,0.00057177426,4.383991e-06,2.4182523e-06
8.212243e-05,0.00036491986,0.009944823,0.012249371,0.13288262,0.17430663,0.23623446,0.14389114,0.14375682,0.04952175,0.041288853,0.004679015,0.007890903,0.015899364,0.0076002646,0.00041740108,0.016789481,0.0021634677,2.4324752e-05,2.5814502e-06,7.5764297e-06,1.3741814e-06,7.31178e-07
6.9087326e-07,5.476125e-07,1.5617661e-05,3.1583553e-05,0.0053844056,0.08377942,0.36774126,0.3718281,0.08126202,0.059990786,0.027436504,0.00027757054,8.2414714e-05,2.3620025e-05,0.00019147508,0.00013381931,0.0017859488,3.413502e-05,4.246132e-08,1.4987272e-08,1.6818331e-09,1.5267118e-10,2.7546612e-09
9.400074e-06,0.00028238763,0.0032633657,0.022193173,0.18670371,0.5197023,0.21114641,0.03339102,0.009647543,0.00726561,0.0012910918,0.0034023249,0.00030768666,0.0006581143,0.00010471716,4.6246383e-05,0.00056575856,1.5495885e-05,2.988533e-06,2.850056e-07,2.9949737e-07,2.83535e-08,5.2298788e-08
3.381255e-05,0.0009185491,0.019881701,0.05960627,0.320446,0.37947074,0.14254098,0.028564937,0.021547271,0.009272205,0.0017030864,0.009735884,0.0012105969,0.0016668926,0.0006903587,7.104349e-05,0.0025840588,3.5199144e-05,1.796792e-05,1.0511259e-06,1.0425641e-06,2.0324177e-07,1.9332676e-07
7.125674e-07,1.0866805e-06,1.1032003e-05,1.48872905e-05,0.00055732863,0.010315561,0.039537232,0.084838234,0.040646624,0.05445568,0.060562026,0.03647019,0.14143689,0.11127875,0.0024601636,0.03992025,0.32091388,0.05610679,0.00017890407,6.5717854e-06,0.00027662353,1.0053148e-05,4.6385597e-07
4.655062e-06,1.3157389e-05,0.00014217585,0.0006573677,0.013912116,0.11775597,0.54065555,0.17693329,0.048839875,0.050859056,0.021534773,0.010997227,0.0060153473,0.0028382218,0.0010864447,0.0029055215,0.0044324235,0.00038063966,3.2892764e-05,1.4616713e-06,9.572062e-07,2.258075e-07,5.820207e-07
0.00010601364,8.978793e-06,9.387429e-06,4.9935534e-06,9.310535e-07,1.675512e-05,7.5408107e-06,0.0010765421,0.0009514668,0.11489743,0.088656716,0.045973677,0.60869694,1.6574579e-05,0.033241052,0.08585448,0.0018753592,0.011896001,0.005052682,0.001576769,7.1208603e-07,1.5932942e-07,7.8906036e-05
1.4923571e-05,6.2401796e-06,7.488519e-05,1.8732084e-05,0.00050281367,0.017393952,0.013176179,0.12689507,0.32219616,0.3791076,0.060980685,0.039795797,0.00086268893,1.3836985e-05,0.011094738,0.0006638951,0.020999929,0.0061838385,1.0535793e-05,6.5865697e-06,3.660336e-08,1.6355577e-07,7.1617706e-07
1.797038e-06,2.4054732e-06,1.9239003e-05,4.101664e-05,0.0022763435,0.010914163,0.17622401,0.28105313,0.10396232,0.095070444,0.028275713,0.036020678,0.06654942,0.02516598,0.001762455,0.048875224,0.121921025,0.001603879,0.00014438099,1.5566646e-05,9.814083e-05,1.1025312e-06,1.5187169e-06
1.094678e-05,0.00010205277,0.002171728,0.004411393,0.09575821,0.41633523,0.16826142,0.090048045,0.051939346,0.0415027,0.006903884,0.074279405,0.016606959,0.01815836,0.002180624,0.00066407234,0.01008019,0.0005452515,3.1205982e-05,2.046713e-06,5.7833818e-06,7.266223e-07,4.0564296e-07
0.00015091736,8.104227e-05,0.00020190293,0.0006139283,0.028558329,0.016573384,0.077746205,0.20819238,0.14689915,0.19736242,0.17132336,0.037855044,0.022454942,0.0017724818,0.012528413,0.0019903763,0.017815148,0.054571506,0.0017036033,0.0006813464,1.3585837e-05,3.14839e-05,0.0008790611
0.00031265884,0.012393391,0.24802433,0.26142344,0.27454707,0.15384553,0.031639222,0.0041907923,0.006876425,0.0012459082,0.00045947163,0.0024240513,0.00019701084,0.00023607684,0.0012769023,1.8632245e-05,0.000816912,1.2416012e-05,5.6675297e-05,1.5020361e-06,2.0058052e-07,7.5891006e-07,6.7898117e-07
8.03889e-06,2.141635e-06,8.769505e-06,3.119395e-05,0.0014147881,0.0038742388,0.012957484,0.05832909,0.10898408,0.17081876,0.053136658,0.29069474,0.1249004,0.014721549,0.004208263,0.030301914,0.098847635,0.020268345,0.00419475,0.0011762783,5.7898782e-05,8.945864e-06,0.0010540718
6.628584e-06,9.758168e-07,6.883467e-06,7.2055254e-06,5.512677e-05,0.0010932524,0.0071177636,0.07527709,0.5043889,0.19181524,0.09731622,0.017459856,0.001751718,0.0040254714,0.047543734,0.028389147,0.0018245357,0.021571552,0.00026262115,6.950577e-05,8.7328124e-07,9.853549e-06,5.739242e-06
0.004403757,0.19633591,0.4464787,0.27589327,0.054800756,0.01341848,0.0061615114,0.00085610826,0.00081854896,0.0001813671,0.00014858243,0.00017215953,2.273142e-05,4.3644635e-05,9.819875e-05,2.25292e-05,0.000102708065,4.4061912e-06,2.8639619e-05,5.104792e-06,2.6421998e-07,8.2808987e-07,1.80917e-06
2.7640837e-05,0.00027253796,0.013092618,0.020249367,0.23945671,0.40853864,0.1702973,0.05335452,0.03204439,0.016092284,0.0035050777,0.023408616,0.0039482135,0.0059502027,0.004630051,9.151585e-05,0.0047873156,0.00017510128,7.400169e-05,1.2381103e-06,1.3435023e-06,9.4855807e-07,3.9100343e-07
8.921432e-05,1.2014164e-05,0.00026128822,8.9842804e-05,0.0006728354,0.0036257205,0.012316649,0.27232197,0.20181338,0.21999644,0.13375877,0.012611241,0.01317764,0.00090048416,0.12074181,0.0003682575,0.003424468,0.0037587546,2.5151912e-05,2.2831122e-05,1.4348124e-07,1.0253587e-05,8.713312e-07
0.00014354466,0.00061485573,0.080022104,0.0057455404,0.1534015,0.2397114,0.079478666,0.020368952,0.013593844,0.006577815,0.003091416,0.0594421,0.003305588,0.009495772,0.30096865,5.134566e-05,0.006055408,0.000993817,0.016888268,3.7199463e-06,3.6365662e-07,4.4357977e-05,1.0334195e-06
3.1502775e-06,0.00015193789,0.0022070936,0.018979268,0.19348827,0.5855645,0.15702486,0.024582505,0.0079224,0.005210682,0.0008915173,0.002964023,0.00027026513,0.00036464274,4.5624158e-05,1.7563547e-05,0.00030493,5.71366e-06,9.3726624e-07,7.2224324e-08,7.111477e-08,6.5322054e-09,1.0375115e-08
0.011382298,0.26528016,0.56407255,0.12670529,0.02299201,0.0050810697,0.0026046715,0.00051465165,0.00052821037,0.00012753777,0.00014269094,0.00013664184,1.7892306e-05,4.1613675e-05,0.000118283206,2.3979732e-05,0.00013864879,8.1970165e-06,6.1907354e-05,1.3444844e-05,5.8135174e-07,2.5126815e-06,5.1499974e-06
1.5578593e-05,0.0009911843,0.012582443,0.07417315,0.3167777,0.44729576,0.11870319,0.014436333,0.008007699,0.0029080785,0.00068009243,0.0024917824,0.0002285,0.0003292401,9.416353e-05,1.8339586e-05,0.00025973734,4.4946128e-06,2.2525496e-06,1.7016121e-07,7.9567585e-08,2.0310575e-08,2.7999924e-08
1.3462492e-06,1.3695874e-06,3.090426e-05,5.924556e-05,0.006959984,0.08112345,0.33647734,0.37174773,0.09530701,0.065649234,0.03672556,0.00058124785,0.0002895675,0.00023319552,0.0004708108,0.0007077119,0.003555653,7.843524e-05,9.193663e-08,4.787949e-08,1.9591491e-08,6.370706e-10,7.1280275e-09
3.381338e-05,1.510363e-05,0.0002095287,0.00023839505,0.00910766,0.014354934,0.15527728,0.43383843,0.15648058,0.08358087,0.082300395,0.0027347133,0.00793411,0.0035454864,0.04553553,0.0003597218,0.0016568882,0.0027441157,4.1578358e-05,6.795246e-06,1.4752037e-07,2.916913e-06,8.9369405e-07
9.282028e-07,2.5780153e-07,9.736758e-06,3.7997959e-06,0.00010375055,0.0005605804,0.0018353974,0.10407214,0.08050963,0.045942266,0.0284276,0.021605304,0.3134789,0.0012731815,0.39987049,0.00034519512,0.0015035052,0.0004568177,1.7661989e-07,2.7592176e-07,4.640135e-09,3.5835694e-08,1.6410585e-09
2.8161746e-06,2.6250646e-07,1.3072681e-06,1.0652653e-06,2.019815e-06,1.5029147e-05,3.151277e-05,0.00072630134,0.004106085,0.018903993,0.033789203,0.039269492,0.007647913,0.1077227,0.3157432,0.3784581,0.0025325967,0.0040242723,0.0801977,0.0054946877,0.0012702002,9.275302e-06,5.0208077e-05
9.190015e-06,3.697426e-06,3.6670037e-05,2.5567093e-05,0.0003324217,0.0031407601,0.021903202,0.0882138,0.17573595,0.15027343,0.114080384,0.0146519225,0.0050536245,0.033935625,0.16574396,0.19035527,0.011230042,0.025180485,5.8766553e-05,1.0669564e-05,2.0660837e-05,1.0153155e-06,2.9003559e-06
1.1449175e-05,6.7363e-06,5.6600424e-05,1.8004816e-05,0.00091051566,0.026489103,0.040913757,0.16800503,0.32561514,0.34418276,0.051551968,0.02174142,0.00044091532,2.1210033e-06,0.0013898318,0.00038337833,0.01680638,0.0014717026,1.9123495e-06,8.984885e-07,7.2155104e-09,1.3273634e-08,3.1613635e-07
3.804266e-05,9.093124e-06,3.8174476e-05,1.7596292e-05,3.0527262e-05,0.00029164943,0.0002693775,0.008753039,0.034470424,0.06378638,0.122101866,0.046209365,0.011417047,0.02567335,0.12537932,0.24068125,0.010978696,0.11038959,0.033455916,0.16467841,3.0327508e-05,0.0008517946,0.0004487568
3.7616195e-05,0.0013598695,0.021525066,0.07333844,0.32101482,0.3948947,0.12107603,0.023149692,0.020079557,0.0073043713,0.0014760393,0.01002208,0.0012237775,0.0015174941,0.00046201513,7.578474e-05,0.0014061778,2.3020473e-05,1.1645066e-05,8.5958857e-07,6.6724925e-07,1.55944e-07,1.4511839e-07
5.193188e-06,3.456655e-06,8.8192675e-05,2.7839167e-05,0.0033687358,0.087026946,0.12780342,0.40968373,0.15821242,0.1460624,0.027166225,0.0027962793,0.00059307046,0.000100356,0.011642184,0.00048859796,0.024512017,0.0004181564,5.091157e-07,2.3088128e-07,9.378182e-09,5.7845995e-09,1.5422332e-08
1.1754013e-06,2.1685685e-07,6.659308e-07,5.731229e-07,6.660893e-06,4.416596e-05,5.3852866e-05,0.0018613911,0.00517638,0.008336704,0.005227011,0.104963005,0.73909354,0.046910226,0.05985259,0.023718432,0.0028841572,0.0015886619,0.00016083047,0.00011151647,3.8882854e-06,5.157676e-07,3.8296976e-06
3.3853375e-05,1.3930851e-05,7.2370065e-05,2.2335995e-05,0.0005743485,0.018226467,0.02095916,0.100373946,0.1660312,0.3219357,0.13024166,0.08941712,0.0036126678,5.9620677e-05,0.0042111403,0.0062650642,0.13285023,0.0050366684,2.9197905e-05,2.2375925e-05,1.0065687e-06,3.5372048e-07,9.552062e-06
1.898738e-07,8.358164e-08,4.781838e-07,2.831912e-06,0.00014076516,0.00029957443,0.012122664,0.1124574,0.12960063,0.23000693,0.019181104,0.06740999,0.052622516,0.009850741,0.0003287361,0.33424857,0.03142003,3.839055e-05,0.00011851393,3.9580988e-05,0.0001093861,3.451451e-08,8.277015e-07
5.0860933e-07,4.6291836e-07,4.563558e-06,6.3144376e-05,0.0037457827,0.09660238,0.25596303,0.26571003,0.12927555,0.1485401,0.07445715,0.011028839,0.0050504096,7.3088755e-05,0.00023919009,0.003602875,0.0055515454,9.021978e-05,9.013954e-07,1.334431e-07,1.1581564e-08,1.8194963e-09,8.765161e-08
5.360511e-06,8.508579e-07,4.6871505e-06,4.3865708e-07,5.104052e-06,7.237936e-06,2.030851e-05,0.00026823435,0.00047508164,0.0011111009,0.005562959,0.006022446,0.0436726,0.050273396,0.3290492,0.072807066,0.1293227,0.2780212,0.054628264,0.011507226,6.8690456e-06,0.01713856,8.903514e-05
9.313537e-07,3.6994652e-07,4.8793863e-06,1.183818e-05,0.0013092101,0.026640575,0.1808151,0.31600326,0.17075817,0.20513424,0.07940793,0.0032962335,0.0002812094,4.931297e-05,0.00016792948,0.0038369726,0.012218986,6.248665e-05,2.00775e-07,1.1844098e-07,2.6357029e-08,4.2188397e-10,4.0408423e-08
1.0910239e-05,1.6389084e-05,0.00022788388,0.00025890686,0.003821678,0.012274258,0.17181073,0.17564294,0.112242214,0.03706166,0.09674465,0.004679728,0.029322201,0.3037338,0.022886384,0.013477225,0.0019644452,0.013577334,0.00020697166,4.7133262e-06,2.6310381e-06,3.1747837e-05,6.08418e-07
2.8179707e-05,6.6030098e-06,3.3647822e-05,8.6049826e-05,0.004991725,0.00501729,0.014871407,0.13324381,0.10688319,0.36139667,0.22752038,0.08186146,0.027427588,0.0003820075,0.010583601,0.0001863058,0.0046398942,0.019595198,0.0006338733,0.0003054717,8.056342e-07,9.622609e-06,0.00029519506
0.00018041133,0.006429358,0.12847075,0.2024867,0.33793098,0.22952941,0.058791786,0.00947198,0.013029487,0.0029479275,0.00090837036,0.0054887817,0.00057313504,0.0005396329,0.001392209,4.3707205e-05,0.001712456,2.0129093e-05,4.9365153e-05,1.8330518e-06,4.865449e-07,6.2470616e-07,5.7849593e-07
3.889508e-07,1.1012503e-06,1.3781806e-05,0.00023116516,0.00869597,0.062388603,0.6059897,0.23534246,0.030651288,0.038102478,0.013978662,0.0015618695,0.0011234618,0.00021006241,3.7411563e-05,0.00079751114,0.00084006134,3.2372318e-05,1.5026189e-06,7.241352e-08,6.411268e-08,2.621935e-09,2.9069666e-08
1.3618183e-05,0.00014454927,0.0009286671,0.008065763,0.06107044,0.27537706,0.12410033,0.23616111,0.107454196,0.042363312,0.034464292,0.020401554,0.06400051,0.01475019,0.00048602602,0.0041336035,0.0058370074,0.00023766642,5.830096e-06,8.3751337e-07,3.2786318e-06,1.2509457e-07,3.170116e-08
1.9939584e-05,0.00060081424,0.010151643,0.055289917,0.2536307,0.5057458,0.14231049,0.018149892,0.006936493,0.002947378,0.00090752135,0.0021955494,0.00019213729,0.00040765523,0.00023091034,1.41672745e-05,0.00025225952,1.1260344e-05,5.032307e-06,2.0491778e-07,7.438622e-08,5.3035905e-08,6.632568e-08
0.011213617,0.2466714,0.61112106,0.10297058,0.020571876,0.0039847945,0.0019146058,0.00040080835,0.0004272177,9.479789e-05,0.000114940995,0.00011788251,1.3772828e-05,3.4870667e-05,0.000114378396,1.681442e-05,0.00012983335,7.2041266e-06,6.057687e-05,1.179758e-05,4.6462597e-07,2.3372502e-06,4.3523596e-06
1.9741996e-07,1.3179933e-07,6.867253e-07,2.0919828e-05,0.0008160629,0.0022628852,0.04604716,0.13133556,0.13533853,0.3003349,0.016306764,0.010049134,0.0007856585,0.00029809246,2.3858245e-05,0.35480878,0.0015657137,3.3120307e-06,8.223229e-07,6.6188267e-07,1.0094232e-07,2.958052e-10,1.2857345e-07
3.5592768e-06,1.0692311e-06,4.595639e-06,1.5831941e-06,1.5732447e-05,0.00024649667,0.0006983346,0.012349178,0.03163277,0.053963467,0.032419756,0.1896855,0.06404088,0.01259695,0.25052437,0.32910636,0.015914612,0.0067010727,2.7988459e-05,1.7900045e-05,4.7120095e-05,1.6997777e-07,5.1376736e-07
3.0291376e-06,1.7982065e-06,1.6275115e-05,1.485011e-05,0.002427725,0.062369797,0.17572507,0.32019117,0.14484987,0.24276206,0.037246685,0.0022481924,8.736379e-05,1.7596494e-06,0.00011841499,0.00020359294,0.0116585735,7.357695e-05,1.1936689e-07,3.9128984e-08,8.1251056e-10,2.521668e-10,1.8189398e-08
3.5520302e-06,9.30386e-07,7.905462e-06,5.629583e-06,3.510934e-05,0.00039802707,0.0026687514,0.031489648,0.10314286,0.08346597,0.12946165,0.01515468,0.010921714,0.07938029,0.24084432,0.12045695,0.0030256563,0.17941178,8.75046e-05,1.28445145e-05,1.594123e-05,7.038381e-06,1.3014543e-06
2.231889e-06,1.4210406e-06,2.227102e-05,2.6792952e-05,0.0037221787,0.07137055,0.30899706,0.36355907,0.10676402,0.111907154,0.026595682,0.00076998194,7.490229e-05,1.48173285e-05,0.00019222207,0.00050660217,0.005429999,4.283021e-05,9.487903e-08,3.372714e-08,2.8366165e-09,2.542381e-10,8.102483e-09
4.6095094e-05,2.7069033e-05,6.571495e-05,2.0852753e-05,7.427982e-05,0.00232893,0.0017560091,0.052272275,0.12347188,0.29428172,0.32376269,0.13377571,0.025351446,2.8611175e-06,0.0010737145,0.016952071,0.005645665,0.018976703,1.253037e-05,3.9626557e-05,1.1428185e-07,6.460984e-08,6.201992e-05
7.2001176e-06,2.817037e-06,4.895183e-05,4.039364e-05,0.0015901885,0.021358896,0.12655656,0.23499584,0.32463738,0.20142195,0.053404905,0.004715079,0.00046839667,0.00054061686,0.01726112,0.005055867,0.005123598,0.002741539,2.5384254e-05,2.2178822e-06,1.3477296e-07,1.5638533e-07,7.644006e-07
7.344536e-07,5.493191e-07,2.6211749e-06,7.1456016e-06,0.00018128128,0.0021807407,0.016619138,0.06853045,0.024469845,0.07639206,0.012176271,0.12328163,0.05165831,0.014930107,0.0015398508,0.065412134,0.53088063,0.0059773936,0.0006536691,0.000104180544,0.004995933,3.2133444e-06,2.013711e-06
5.7509256e-05,0.003214706,0.057147603,0.1858847,0.35476786,0.28865132,0.07665149,0.011658514,0.0127925305,0.00272284,0.0008332021,0.00364763,0.0005140122,0.0005013696,0.0003336464,2.751756e-05,0.0005767161,8.116949e-06,7.962064e-06,4.1746603e-07,1.6071773e-07,1.0491107e-07,9.801672e-08
7.9017655e-06,4.208638e-05,0.0017483251,0.0025698626,0.09056609,0.26048577,0.12899867,0.13072436,0.056944996,0.08077652,0.008354081,0.10780699,0.034085166,0.023416203,0.0044163223,0.0010130994,0.06716118,0.00077240745,7.5559736e-05,3.5020025e-06,2.993864e-05,6.3710075e-07,3.559301e-07
6.313157e-05,1.3325569e-05,6.7511406e-05,0.00011600084,0.005519936,0.006627573,0.009250599,0.15676743,0.11615511,0.358426,0.2045297,0.048733227,0.011226045,0.00018534441,0.0069336765,0.00014709386,0.007763807,0.065637514,0.0006500499,0.00059840694,1.234142e-06,6.0575762e-06,0.00058128394
4.2190622e-05,2.0219552e-05,0.00012182797,0.00028088444,0.018141465,0.0142135555,0.15823238,0.34502575,0.15847385,0.13096018,0.11606781,0.007227401,0.01123059,0.0023123033,0.018949628,0.0005968051,0.004733946,0.013143423,0.00016568002,3.678058e-05,9.869058e-07,5.66637e-06,1.6651496e-05
3.5573586e-07,2.7007072e-08,9.076408e-08,2.1882042e-07,4.041185e-07,3.8047817e-06,6.4636956e-06,0.00033776189,0.0041950527,0.010797491,0.011138126,0.110938884,0.06915291,0.3985437,0.0689249,0.32404727,0.0004867193,9.9626646e-05,0.0008591062,0.00027579852,0.00018755686,4.668055e-08,3.716956e-06
0.0035840312,0.08319095,0.36409387,0.31672192,0.13795464,0.03738484,0.025754884,0.0093648555,0.015321605,0.0014165132,0.002476314,0.0005720734,0.00028098645,0.0002700981,0.00047409412,5.5692308e-05,0.0009685111,6.9522495e-05,3.3024553e-05,6.515639e-06,9.267585e-07,2.2475742e-06,1.8748782e-06
0.004048444,0.09198298,0.8441956,0.029148016,0.025944063,0.0029427058,0.0007666812,0.00012806567,0.00023017707,2.7125663e-05,3.5703037e-05,9.1020775e-05,3.5907556e-06,1.063717e-05,0.00021623712,1.546499e-06,0.00014943237,3.7064947e-06,7.051513e-05,2.199251e-06,3.8074557e-08,1.0626925e-06,3.7402617e-07
0.00011754001,3.2389817e-05,6.462873e-05,3.0705687e-05,5.175217e-05,0.0007758026,0.00025706735,0.0052132336,0.0058061476,0.11120218,0.29228505,0.044072147,0.06476102,0.00035346445,0.020671021,0.42301536,0.010401167,0.0021310314,0.010429784,0.005236945,1.43373e-05,3.4656846e-06,0.0030736935
4.4363514e-07,4.7941434e-08,1.2701049e-06,1.1548857e-07,1.0857366e-05,6.166373e-06,2.3142618e-05,0.00024116405,0.0004495919,0.0017038304,0.0019660508,0.007977285,0.001957511,0.0030316343,0.07476841,0.019321477,0.28216347,0.00089995464,0.5915483,0.013749964,2.2882143e-05,0.00010262608,5.374522e-05
1.274466e-06,3.823498e-06,0.00011134169,0.00017167292,0.0055301483,0.04859061,0.12618881,0.19884437,0.13448031,0.051921003,0.12138237,0.011608665,0.07423258,0.20099014,0.0019665107,0.0047757947,0.012204636,0.0069652335,2.4578196e-05,6.226707e-07,2.4241433e-06,3.0449182e-06,3.9219078e-08
9.692709e-06,3.032321e-08,1.8218965e-07,5.765163e-09,9.2056696e-11,4.3650914e-09,1.9706679e-08,0.0012784338,0.0032911946,0.13637279,0.10168879,0.2649477,0.46437636,1.1416002e-10,0.00017718675,1.3091392e-05,3.7399454e-06,0.027840536,6.508037e-09,1.5113952e-07,1.5366586e-12,5.4520516e-13,3.43397e-10
1.9007208e-05,1.0447063e-05,0.00018566703,0.00012800943,0.0050296104,0.049133502,0.20557888,0.32375982,0.18537569,0.15824217,0.0379575,0.0030356233,0.0006076549,0.0009545774,0.013944636,0.005141435,0.009581242,0.0013058959,6.4993606e-06,1.4239971e-06,2.3233211e-07,8.082994e-08,3.9309626e-07
2.522937e-06,7.620179e-06,2.248753e-05,0.00033890503,0.015354107,0.07896132,0.28632212,0.34364292,0.06611476,0.10611133,0.01989303,0.04237723,0.0129477335,0.0037550128,0.00012852065,0.0050722267,0.01769991,0.0011594464,2.1622249e-05,1.788318e-05,4.8360722e-05,1.2555405e-07,7.5043897e-07
8.412191e-05,0.0008110972,0.009027904,0.02780936,0.27685413,0.19794361,0.31056944,0.12027253,0.033501476,0.009696456,0.009272797,0.00034291015,0.00032950862,0.001989645,0.0005252393,7.4992015e-05,0.0007834697,0.00010836898,2.0200416e-06,3.7679345e-07,3.771594e-07,7.0963814e-08,1.2425305e-07
2.5205663e-06,1.0935416e-06,6.448891e-06,2.1694177e-05,0.00072308304,0.0017825108,0.17336361,0.15932573,0.10366766,0.13254581,0.05356816,0.007883542,0.011099259,0.0034442125,0.00082707225,0.33746365,0.013923974,0.00025374495,8.013572e-05,7.272664e-06,5.7847687e-06,1.7655465e-07,2.8220309e-06
6.188595e-06,4.9075834e-07,6.0017624e-06,1.3909255e-06,1.9797696e-06,9.073763e-06,0.00020191753,0.0035598848,0.042024035,0.007960589,0.024506455,0.02336892,0.0013913548,0.17764683,0.008140588,0.08951607,0.0009649686,0.60355854,0.004482388,0.0015943497,3.264787e-07,0.011056769,9.333229e-07
8.1177815e-05,0.00069760595,0.020195078,0.029152414,0.2508721,0.2055662,0.21550587,0.145234,0.08358654,0.020280128,0.015511306,0.0010264505,0.0017183729,0.0053023132,0.0030451354,8.3923056e-05,0.0017633835,0.00037112643,5.4443663e-06,4.9376627e-07,4.2191235e-07,3.2163098e-07,1.5971465e-07
9.5284195e-05,0.0031444177,0.039953634,0.04922484,0.042028885,0.61413133,0.24023674,0.008948089,0.0011945921,0.0008124186,0.00021929403,4.563703e-06,9.679324e-08,5.994476e-08,4.033646e-06,1.2934825e-07,1.4241267e-06,1.3268087e-07,1.0800826e-07,7.3839074e-10,4.2887595e-12,2.7132588e-11,7.840902e-10
7.780865e-06,1.0569009e-06,7.5459193e-06,6.0477237e-06,2.1455031e-05,0.0002795406,0.0042348863,0.04360938,0.34667727,0.110561244,0.07763653,0.022459893,0.0016899414,0.023371922,0.08032048,0.22563183,0.0009187531,0.0610622,0.0012763533,0.00015530521,4.2051824e-06,5.2065e-05,1.4355995e-05
1.0301494e-05,2.2376107e-06,1.7739325e-05,9.937774e-06,2.5175284e-05,0.00018949054,0.0048414534,0.054425616,0.5737105,0.12636861,0.043022554,0.020601457,0.0010185635,0.0073269214,0.04596939,0.06459899,0.00034587027,0.054586526,0.0024006746,0.00039779447,4.822173e-07,0.000118585805,1.1098468e-05
1.8348783e-07,1.541776e-06,1.4178841e-05,0.00029856147,0.012654072,0.13143636,0.41056964,0.3016725,0.048069164,0.07207635,0.0070759873,0.00821529,0.0020931372,0.0009105033,2.1829283e-05,0.0010028104,0.0038598701,2.5975476e-05,4.5186394e-07,1.3982948e-07,1.4955823e-06,1.2536338e-09,7.146427e-09
3.2588653e-06,2.0920725e-06,1.4673238e-05,2.5864794e-05,0.001170626,0.0042139804,0.20345217,0.18951972,0.121963136,0.0840811,0.060166903,0.026304146,0.09024789,0.022404825,0.002982143,0.1274258,0.0636284,0.0018454932,0.00048091996,2.2032224e-05,3.6884787e-05,3.038477e-06,4.9660825e-06
1.3621373e-05,5.264605e-06,3.0087163e-05,8.525484e-06,0.00027030354,0.015977653,0.011170014,0.08127817,0.17360586,0.27779442,0.09430464,0.1164082,0.004725097,0.00035966068,0.018724423,0.012975375,0.1871093,0.005193253,1.762851e-05,2.178471e-05,2.3051837e-06,3.5719782e-07,3.9916704e-06
4.8423367e-06,4.0475215e-06,8.394899e-05,8.077122e-05,0.0071682036,0.09497081,0.3741032,0.33903357,0.08663708,0.078760594,0.015617117,0.00046837455,5.2026924e-05,2.0853036e-05,0.0005549454,0.00019671193,0.002166125,7.628058e-05,4.034344e-07,6.063893e-08,4.01796e-09,1.2942499e-09,1.8929871e-08
0.00021258216,0.0058245016,0.16756019,0.16823862,0.33274573,0.23493391,0.051300947,0.009178756,0.012904016,0.003130666,0.00094076403,0.0060044182,0.0005819804,0.00053704105,0.0029116746,3.8756458e-05,0.00282138,2.947289e-05,9.960362e-05,2.377576e-06,5.805047e-07,1.0813241e-06,8.8801517e-07
1.9556473e-05,7.646719e-06,5.1746436e-05,1.2933365e-05,0.00031242444,0.016794572,0.011447193,0.090423934,0.18525273,0.29454666,0.10220048,0.09049211,0.0053046313,0.0005987444,0.04747174,0.017567536,0.12801607,0.009425857,2.4873001e-05,2.2920836e-05,2.2554648e-06,6.140559e-07,2.7516403e-06
7.0881225e-07,5.1038637e-07,2.8924237e-06,1.1704323e-05,0.00030258336,0.0011305027,0.011725994,0.06863951,0.09974424,0.19097276,0.014452615,0.22944057,0.037506223,0.040014096,0.0014247878,0.2711731,0.032542095,0.0001031392,0.00015170583,9.715745e-05,0.00056217087,1.3198525e-07,8.4538607e-07
5.590176e-05,1.190644e-05,2.3515453e-05,5.3734234e-06,6.350828e-06,1.6662618e-05,7.5483e-06,0.001133534,0.0016539894,0.06965423,0.050346177,0.04212271,0.13494772,0.00021347043,0.23787022,0.048514236,0.01781964,0.062444128,0.034737762,0.29831114,1.1494025e-06,3.473384e-05,6.795368e-05
9.6724925e-08,6.9993206e-08,4.8297846e-07,1.2945577e-06,0.0002048533,0.001714564,0.029985623,0.06685714,0.03775037,0.033718824,0.01316094,0.049179837,0.06155015,0.0050519137,0.00034373548,0.008288955,0.64991677,0.042153344,3.4392775e-05,7.453275e-06,7.67497e-05,1.501527e-06,8.85542e-07
1.644883e-05,0.00015788287,0.008903336,0.008279584,0.17050679,0.37183297,0.08818309,0.07531658,0.055733137,0.040860847,0.0069945687,0.09627413,0.030361567,0.013556336,0.007461452,0.00044873048,0.024597092,0.00043175597,7.4923155e-05,1.8912915e-06,5.5768687e-06,1.0524153e-06,3.2965164e-07
2.2521905e-05,7.492971e-06,9.8199125e-05,1.7007203e-05,8.367983e-05,0.00207742,0.0025158355,0.13628997,0.11680313,0.23950753,0.11324653,0.053973358,0.01084555,0.00072467077,0.25249526,0.008183939,0.017640797,0.04543369,1.3566723e-05,1.6525171e-05,3.2568786e-07,2.792825e-06,2.4969614e-07
2.1640639e-05,4.771996e-06,1.906668e-05,1.0826363e-05,3.9453796e-05,0.0010124567,0.0013596213,0.04458448,0.24690807,0.25527108,0.17319448,0.10992554,0.0057988768,0.0018825434,0.02689928,0.063752465,0.0037723668,0.06032033,0.0010440144,0.0039786478,7.942894e-06,6.840411e-05,0.00012363665
1.9948006e-05,3.650648e-05,0.0016638177,0.0007762159,0.04304573,0.07250153,0.19944365,0.41113508,0.09379084,0.053017855,0.018220995,0.0014899018,0.002528168,0.003765485,0.09635603,0.00022178883,0.0014428709,0.0005425446,9.036362e-07,1.1659194e-07,1.4112356e-08,3.2249698e-08,8.2338625e-09
6.4532687e-06,6.508462e-06,4.026771e-05,8.85141e-05,0.008906714,0.01833171,0.13449736,0.37065345,0.12104818,0.09245634,0.057670217,0.02118317,0.071940474,0.01596741,0.01472372,0.0025638784,0.021915747,0.04793662,3.6964873e-05,1.4744473e-05,5.2167043e-06,2.7313656e-06,3.5668832e-06
1.5467293e-05,1.0449777e-05,0.00014044765,0.0001706592,0.0009918024,0.0034881015,0.008933627,0.03532842,0.05168796,0.10769552,0.18336889,0.09611499,0.14305022,0.1783027,0.09770616,0.026763914,0.03337308,0.02239404,0.0005822015,2.208588e-05,0.009854393,3.3980505e-06,1.4797617e-06
5.067567e-08,6.164897e-08,5.5091107e-07,5.3990527e-05,0.0029678233,0.012390566,0.28940228,0.28386372,0.10370993,0.26039377,0.014533379,0.0012253152,7.260586e-05,1.2764173e-05,1.5996605e-06,0.031191127,0.0001800947,3.901001e-07,3.106019e-08,1.1454291e-08,1.1850114e-09,4.2111883e-12,3.8082293e-09
6.2039334e-08,1.2261456e-09,8.5134154e-08,1.5760072e-08,1.4922213e-07,2.5527768e-07,1.9444028e-06,8.498567e-05,0.00019881454,0.0020085839,0.004057904,0.018128434,0.00017323441,0.033243343,0.053237557,0.010344033,0.00048222105,3.5965197e-05,0.8759332,0.00030365292,0.0017649952,3.8243257e-07,1.3381711e-07
1.5938906e-06,6.113968e-07,3.0838114e-06,2.3380662e-06,9.566477e-05,0.000589171,0.0073785824,0.01674075,0.034929022,0.029195357,0.019423518,0.06243969,0.052680124,0.013784506,0.0058987965,0.069185644,0.6472059,0.036648974,0.0028560567,0.00021758556,0.00060204713,7.523171e-05,4.5839522e-05
5.9056092e-05,0.00068230304,0.009438445,0.032245196,0.26068667,0.16144425,0.24489258,0.13634032,0.08959656,0.021819009,0.02254158,0.0016935758,0.004541981,0.0101910485,0.00095570664,0.00025638344,0.0024349957,0.00017502216,2.4941369e-06,5.0744046e-07,2.1367507e-06,1.03832505e-07,8.802567e-08
2.0207848e-05,7.388178e-05,0.0040783347,0.004587648,0.089872554,0.15675509,0.29398742,0.1960327,0.11962197,0.047748547,0.04487148,0.0029462932,0.0039349487,0.013628073,0.013000774,0.00014822502,0.005670243,0.003003431,1.607508e-05,5.1629223e-07,7.346541e-07,6.9419343e-07,1.6394492e-07
3.7385616e-06,1.568802e-07,2.4687863e-06,2.1051644e-06,5.1878806e-06,2.264801e-06,1.8715784e-05,0.00026001595,0.0005235031,0.013088641,0.01785688,0.01574163,0.00062176783,0.0227126,0.11323547,0.018646784,0.00084191037,1.0398709e-05,0.7529856,0.04022529,0.003202553,4.6287343e-07,1.1840877e-05
3.75153e-05,0.0035162866,0.03882446,0.20650752,0.37538674,0.26553884,0.08815909,0.008558124,0.0080762105,0.0019291334,0.0005053407,0.002139284,0.00019831784,0.00023367193,9.6496646e-05,1.9468194e-05,0.00026751636,2.4775784e-06,3.0477115e-06,2.6281376e-07,9.02959e-08,2.7052389e-08,3.6845286e-08
4.6866004e-05,1.573209e-05,0.00016893174,1.564573e-05,0.00022670247,0.00012745903,0.000994783,0.0020344954,0.008110861,0.0022972506,0.014304013,0.09686597,0.012311521,0.018575106,0.16720036,0.15752389,0.14567517,0.0055343066,0.31356782,0.010336378,5.9822e-06,0.044022866,3.7919417e-05
0.00044351572,0.025660412,0.27031025,0.37031075,0.21401964,0.08820772,0.022419399,0.0024086353,0.003544394,0.00058838207,0.00026108502,0.00088355853,7.328775e-05,0.00011061056,0.00038661814,1.2815952e-05,0.00032209593,5.6875165e-06,2.8808106e-05,1.2344867e-06,1.3511644e-07,4.0159065e-07,5.621938e-07
0.00011946892,0.0016632595,0.082460135,0.06596619,0.32111564,0.34661898,0.08493946,0.022302158,0.025945744,0.008310266,0.0021101066,0.01734905,0.002234141,0.0025213915,0.009910894,7.7143544e-05,0.0060349153,0.00011566014,0.00019700178,3.10932e-06,1.4306386e-06,2.4828798e-06,1.297424e-06
3.3896665e-06,5.21965e-06,4.5438777e-05,7.96053e-05,0.0029801982,0.02084778,0.14949667,0.18067579,0.07654479,0.06355141,0.0528005,0.019162681,0.063671604,0.14274566,0.002011209,0.024017623,0.1550669,0.045984138,0.00014005932,1.580875e-05,0.00014072406,1.1437954e-05,1.3004574e-06
4.735321e-06,1.3601849e-06,6.4890296e-06,5.5844584e-06,7.203381e-05,0.00045089124,0.028791161,0.03280582,0.12995848,0.04808704,0.1749211,0.028914055,0.066524655,0.115722455,0.023824656,0.24179073,0.016320234,0.085119516,0.0048187366,5.364913e-05,4.336245e-05,0.0017508256,1.24441585e-05
0.00052321365,0.026875114,0.346622,0.30788374,0.20555048,0.085329324,0.018650612,0.0021244402,0.003398477,0.0005623212,0.00024538927,0.0009670051,7.491112e-05,0.00011249557,0.000622472,1.1416696e-05,0.00039029127,7.067268e-06,4.63346e-05,1.4115783e-06,1.3134108e-07,6.345806e-07,7.376021e-07
9.5789044e-05,7.191259e-06,0.00013326023,5.7806075e-05,0.00023547582,0.0015299999,0.0020111036,0.10158392,0.11022829,0.3782893,0.25599802,0.051751733,0.015307835,0.00030163347,0.059006877,8.246664e-05,0.0041344166,0.018756384,8.7385175e-05,0.00036780012,6.287405e-07,1.7341938e-05,1.529045e-05
2.8301307e-07,4.6658033e-07,2.276028e-06,7.207415e-06,8.236461e-05,0.0014704893,0.001547364,0.024610117,0.010396643,0.0321702,0.020073675,0.38049856,0.2074646,0.023090467,0.0019517171,0.22032249,0.07340543,0.0016773281,7.481054e-05,3.5563278e-06,0.0011495852,3.3294913e-07,2.0186521e-08
8.168574e-06,3.0046747e-06,6.547319e-05,2.3932922e-05,0.00033481474,0.007616774,0.015013655,0.16778731,0.4392922,0.30622178,0.024817914,0.010722536,0.00028781377,1.9376535e-05,0.019620009,0.0002834881,0.0016730363,0.006178704,2.4120216e-05,5.224393e-06,7.2744477e-09,3.5691417e-07,2.777438e-07
1.6770388e-06,7.0054267e-07,3.6480164e-06,1.3307785e-05,0.0004974217,0.0029831103,0.07120305,0.119717345,0.13709979,0.15381667,0.055501807,0.023301773,0.023079919,0.0029367548,0.00092964777,0.37773937,0.030656882,0.00046331913,3.7497244e-05,7.1222466e-06,5.5689566e-06,1.4912285e-07,3.4389343e-06
1.0452403e-05,0.00026502763,0.00466464,0.027196359,0.26100683,0.28212288,0.27294096,0.06408013,0.028389191,0.03156583,0.002286935,0.01507312,0.0018386433,0.0018826836,0.00035328526,0.00016845217,0.0061170845,1.9930856e-05,1.1016768e-05,1.4672613e-06,4.9172395e-06,4.5814396e-08,6.016093e-08
0.000117023155,3.6110476e-05,0.0005608766,0.00019651122,0.0035760095,0.010707513,0.048984304,0.46673065,0.26135314,0.096787356,0.042134628,0.0030261527,0.0023172696,0.00020380697,0.05839341,8.3920946e-05,0.0033345842,0.0014482584,5.205835e-06,2.8008722e-06,1.96661e-08,3.3135154e-07,1.07880055e-07
2.8871443e-07,7.54018e-07,6.5358427e-06,7.9272206e-05,0.004214283,0.021606287,0.32681662,0.42689177,0.079795346,0.09283817,0.011983253,0.009523608,0.0057582455,0.0016062317,5.4892247e-05,0.00830706,0.010440617,6.833209e-05,2.6943103e-06,7.075161e-07,4.908569e-06,7.238592e-09,4.250022e-08
1.7623439e-06,1.6579428e-05,0.00026162525,0.0019105952,0.059368946,0.19733903,0.18441136,0.17668459,0.057830647,0.11980837,0.005580576,0.13263017,0.021619525,0.011393455,0.0004508966,0.0014680059,0.029074408,9.4549214e-05,1.0982376e-05,2.0162831e-06,4.1817602e-05,3.811654e-08,3.5300346e-08
0.00010461331,1.39362355e-05,3.820789e-05,7.4905634e-05,0.00025376212,0.000227368,0.000115835035,0.0012593378,0.0043230355,0.018339194,0.0445941,0.015254753,0.029404651,0.021650894,0.005431016,0.016822053,0.0038008331,0.010299542,0.31379464,0.075559385,3.2223554e-05,0.000117100586,0.43848866
2.9995016e-07,8.174841e-07,8.707937e-06,7.1470866e-05,0.0044982326,0.026589049,0.31774408,0.4278822,0.07139641,0.08650026,0.011849913,0.011993022,0.012072517,0.0030489597,0.00010829336,0.005247967,0.020816287,0.00015402611,4.7705826e-06,8.462747e-07,1.1878777e-05,1.7233718e-08,5.013713e-08
2.1711878e-06,7.855176e-06,6.737628e-05,0.00025293045,0.009907236,0.07647447,0.11683451,0.31042415,0.08403664,0.07674013,0.041114226,0.035671532,0.12994651,0.063954964,0.0011421527,0.009743087,0.037443638,0.0061934767,1.5082534e-05,2.6060616e-06,2.4594441e-05,5.6726066e-07,1.195059e-07
1.3043235e-09,4.1825654e-11,2.195433e-09,1.5667016e-10,2.2040856e-08,4.4308885e-09,6.1697556e-08,2.5162067e-06,9.923315e-07,6.728188e-05,5.9451126e-05,0.00064300146,9.190884e-06,0.0001475513,0.029826703,0.00021058267,0.0018198456,4.131956e-06,0.96658885,0.0006080655,1.15619505e-05,6.791134e-08,1.1148988e-08
0.0100551685,0.23211104,0.6260541,0.10100552,0.02290395,0.0043729884,0.0019497315,0.0003962599,0.00042896828,9.173098e-05,0.0001076127,0.00012023179,1.3451619e-05,3.559068e-05,0.00012431374,1.4478074e-05,0.00012833794,7.1906625e-06,6.244882e-05,1.030976e-05,4.130674e-07,2.250838e-06,3.9491492e-06
1.284066e-05,0.00010984838,0.0014494429,0.006244066,0.054729637,0.20980804,0.16872764,0.24158074,0.16255341,0.035141293,0.04832981,0.0062475954,0.026596794,0.031333435,0.00077149505,0.0015888378,0.004166854,0.0005978131,7.621767e-06,6.659585e-07,1.49133e-06,5.595656e-07,5.705174e-08
1.4425871e-06,1.8976938e-06,2.0270234e-05,4.0296683e-05,0.0055475095,0.1259806,0.33600438,0.36154872,0.086685054,0.06345142,0.016541623,0.00060417363,5.726499e-05,1.0062044e-05,6.0120376e-05,0.0005189781,0.0029188455,7.3634233e-06,1.17745005e-08,8.490307e-09,5.3144333e-10,3.3606416e-11,6.4892364e-10
0.01941851,0.31457892,0.4911451,0.13010055,0.026320484,0.0059370664,0.00557253,0.0018797176,0.0029024328,0.00032478405,0.0007218941,0.00016498206,5.6995505e-05,7.273218e-05,0.00023110957,3.3805292e-05,0.00041090965,5.105216e-05,4.5483528e-05,2.0339803e-05,1.0369239e-06,4.428956e-06,5.124408e-06
1.3038087e-05,0.00016147963,0.0044058426,0.019471718,0.08395159,0.33425826,0.17683247,0.14793958,0.15824723,0.014212821,0.045109633,0.0019882093,0.004433689,0.0062288614,0.00032797054,0.00023395027,0.0020563458,0.00012213779,4.527232e-06,1.7161481e-07,1.7250763e-07,2.8425646e-07,2.0410756e-08
1.8987974e-06,6.408988e-07,4.3257514e-06,3.674906e-06,2.0544008e-05,0.0002054159,0.0018765819,0.014441496,0.06779378,0.045539185,0.079530016,0.019181844,0.003947061,0.07570095,0.08411658,0.5453616,0.0023622264,0.05950454,0.00017203338,9.102361e-06,0.00022242665,1.7747719e-06,2.2271372e-06
1.270544e-05,0.00046567273,0.007857535,0.041005384,0.27979732,0.4162368,0.19544314,0.028793588,0.013890694,0.0076265857,0.0012340824,0.0050247163,0.00043794847,0.0008057767,0.00018290889,3.783649e-05,0.0011261443,1.50050855e-05,5.3231265e-06,4.251791e-07,4.3026608e-07,4.6081045e-08,6.012922e-08
4.5697656e-05,0.0019685756,0.027678063,0.1292725,0.32339334,0.35895675,0.13467093,0.01219072,0.006459071,0.0021873387,0.0006534815,0.0015686399,0.00011396843,0.00029501965,0.00021934183,1.4821898e-05,0.00029562024,7.8120365e-06,7.649637e-06,3.67873e-07,1.035835e-07,7.942227e-08,1.18922046e-07
3.0071783e-06,1.9600168e-06,7.460931e-06,4.1032737e-05,0.0002779213,0.0015659351,0.006595908,0.052845407,0.024182394,0.11923827,0.016112383,0.5062448,0.05085731,0.054018766,0.0034148297,0.13801463,0.02090155,0.0006186356,0.0007722172,0.000463027,0.0038198368,9.748829e-07,1.7757334e-06
0.032738812,0.35828465,0.48216286,0.10663425,0.012680888,0.003061047,0.002218299,0.000600845,0.0005427308,0.00016964518,0.00023655391,0.00013403711,2.6523976e-05,5.2016727e-05,0.000117548945,4.8224698e-05,0.00015251215,1.4226701e-05,7.719834e-05,3.1397023e-05,1.2601387e-06,4.841356e-06,9.547812e-06
3.5907873e-05,0.00013271978,0.0017112816,0.0032394677,0.035060983,0.06488754,0.27362716,0.22644967,0.15580733,0.029075839,0.054711442,0.0030480577,0.015878448,0.123412795,0.0070059076,0.0019123051,0.0016788612,0.0022587173,5.4160304e-05,2.6823607e-06,1.2107621e-06,7.060545e-06,4.5870706e-07
8.647088e-06,3.6035221e-06,6.557222e-05,2.2160666e-05,0.0010498329,0.034142412,0.03898117,0.21271423,0.34217158,0.30136538,0.03471083,0.011096269,0.00027543597,1.3229483e-05,0.010168434,0.00032915748,0.011097026,0.0017779327,5.479659e-06,1.3806118e-06,7.879253e-09,4.377761e-08,2.0629886e-07
9.928904e-06,3.8651374e-06,0.00020887486,7.377722e-05,0.0036002318,0.05000651,0.08483305,0.41072613,0.20309319,0.17554405,0.020793933,0.00268727,0.00027257318,5.6041812e-05,0.044885658,5.367591e-05,0.0022950633,0.0008520183,3.8296425e-06,3.1072523e-07,1.1627275e-09,4.377866e-08,1.6789718e-08
0.00015020596,6.2788684e-05,9.512244e-05,4.472254e-05,2.3650135e-05,0.00045295677,0.00017008313,0.011105229,0.019452482,0.15753768,0.18534589,0.19788605,0.16518328,4.13077e-05,0.016055526,0.041971866,0.0058661425,0.19462465,0.00058099907,0.0030248857,4.5326224e-06,3.189515e-06,0.00031677532
2.3615637e-05,3.8681123e-05,0.0006011091,0.0006199341,0.027678117,0.16056515,0.39082482,0.30234548,0.06163993,0.036882587,0.013459431,0.00048286203,0.00019217681,0.00032670225,0.0014300653,0.00049700926,0.002283683,0.0001075706,6.954777e-07,1.941836e-07,4.206204e-08,9.178537e-09,3.2218114e-08
6.0201187e-06,3.6224599e-06,4.812447e-05,1.9479476e-05,0.0019665002,0.05334082,0.10597077,0.26123074,0.26478145,0.26655242,0.02884826,0.005302331,0.00012794544,1.7236088e-06,0.0010021668,0.00012239261,0.010335123,0.00033937284,5.3938805e-07,1.4733047e-07,1.2580744e-09,2.0114632e-09,4.174112e-08
0.0002759276,0.0054199584,0.1743252,0.12008926,0.32824966,0.2578441,0.04834917,0.011985857,0.01944982,0.004701266,0.001376279,0.014196605,0.0016031186,0.0014633281,0.006675859,7.383074e-05,0.0036509214,7.235518e-05,0.0001875446,4.034993e-06,9.432673e-07,3.3825381e-06,1.6291624e-06
1.111171e-07,6.431437e-08,2.9749754e-07,1.9326251e-07,9.322261e-06,0.00014966601,0.001385797,0.008628601,0.007900946,0.013224324,0.008548477,0.05385369,0.04772864,0.01342788,0.0031153462,0.12144859,0.6929862,0.025444781,0.00069031434,2.1027885e-05,0.0014238263,1.08761415e-05,1.1303094e-06
0.00031755952,5.8578546e-05,0.0002762525,0.00022639138,0.0026319553,0.0041077975,0.007167915,0.05971691,0.083222784,0.20399098,0.21784061,0.11728645,0.06788909,0.013147512,0.0902598,0.003710544,0.02275713,0.06803377,0.013401294,0.019303244,7.571831e-05,0.00045475565,0.004123017
0.0019825152,0.11944951,0.5283703,0.24227913,0.08048429,0.018980397,0.005854402,0.0007445501,0.0009251629,0.00015819508,0.00011015354,0.00023164581,2.0199708e-05,3.9048038e-05,0.0001609223,1.1299414e-05,0.00015033275,4.4540084e-06,3.8299426e-05,2.8261225e-06,1.6171188e-07,7.5981694e-07,1.3609165e-06
0.0003990209,0.00017024078,0.000416602,0.00072562916,0.016134772,0.010326873,0.032159563,0.14690784,0.13738991,0.23065683,0.18942629,0.059162352,0.033808034,0.0026336587,0.021184543,0.0038934848,0.019697836,0.08067967,0.007084885,0.003308793,4.7227968e-05,0.00015508347,0.0036308873
4.0999857e-06,0.00020521908,0.0037691933,0.028951876,0.20608331,0.6271783,0.106548235,0.016415687,0.0053903405,0.002595842,0.0006881288,0.0015962577,0.00018364798,0.00020998235,5.6364144e-05,7.132917e-06,0.00011212202,3.4526693e-06,7.2028837e-07,3.5088775e-08,1.880156e-08,5.240409e-09,7.4170625e-09
3.3551974e-06,2.4092599e-06,7.3534844e-05,3.8934802e-05,0.0048154835,0.093921766,0.19008127,0.42295024,0.13369316,0.11443169,0.02424477,0.0011383332,0.0002762923,8.0773774e-05,0.0052780067,0.00025662902,0.008466825,0.00024590697,4.312008e-07,1.2399931e-07,5.4886553e-09,3.1844822e-09,1.2847545e-08
0.0006113087,0.0003542751,0.0011714237,0.0006775592,0.0041171256,0.0070473826,0.059244074,0.08840266,0.090797536,0.07716824,0.08744133,0.041537587,0.05030987,0.093123645,0.1700112,0.11543257,0.026255464,0.0691806,0.011519682,0.0020635705,0.00041783915,0.002162131,0.00095296896
2.13855e-06,8.2249876e-08,6.041162e-06,4.639508e-07,4.0053255e-06,8.716788e-06,8.876619e-05,0.0016220292,0.013684748,0.0038517758,0.01854047,0.1842359,0.0013867517,0.44424665,0.029788027,0.16175628,0.0062733707,0.07317405,0.06097739,0.00015462123,1.0355312e-05,0.00018696337,3.5090181e-07
1.5919699e-06,6.906305e-06,8.442006e-05,0.00043189919,0.016249714,0.05334075,0.07735074,0.14206359,0.051669274,0.1713616,0.0063319895,0.32832178,0.049342252,0.0272305,0.001033125,0.0069483714,0.06765462,0.00019813917,3.316133e-05,9.491245e-06,0.00033590404,1.04549144e-07,8.0273296e-08
1.1822614e-06,5.5015397e-07,7.1938575e-06,6.8209656e-06,0.0006025064,0.0029433642,0.15839267,0.114376396,0.07497618,0.045208197,0.063178845,0.020748297,0.38950837,0.05121549,0.0051684906,0.019137181,0.0471798,0.005587519,0.001705688,1.0050056e-05,3.464514e-05,8.513914e-06,1.9960985e-06
1.7787415e-06,6.077288e-07,7.955749e-06,2.6405502e-05,0.0017572058,0.014960191,0.2477032,0.3009897,0.14940004,0.19614625,0.078274235,0.0015530864,0.00021531738,0.0001105614,0.00015248352,0.0053287777,0.0033095672,6.1420156e-05,7.563769e-07,2.743803e-07,9.360853e-08,1.1864967e-09,1.2336943e-07
0.0025250246,0.13893531,0.49171472,0.25929403,0.07812522,0.019503571,0.007116042,0.00085539336,0.00097077887,0.0001830947,0.0001305365,0.00022291743,2.0992471e-05,4.433477e-05,0.00014374031,1.5230606e-05,0.00014852166,4.8530496e-06,3.9201117e-05,3.6390009e-06,2.050843e-07,8.464558e-07,1.689959e-06
0.00020787567,0.012309157,0.14503312,0.34348604,0.2856446,0.15260476,0.045194976,0.004854096,0.00624089,0.00114495,0.00042737092,0.0016623567,0.00015933873,0.00019890179,0.0003505029,2.0785414e-05,0.00043495366,6.2284266e-06,1.741609e-05,9.590046e-07,1.6906208e-07,2.2635263e-07,3.0490986e-07
7.359215e-08,5.4108884e-08,5.5136604e-07,1.4402648e-06,0.00017469679,0.00071355485,0.03519618,0.24673395,0.055629447,0.12668158,0.013758926,0.032031003,0.23518945,0.01285465,0.0005078426,0.03603793,0.20322946,0.00023454793,0.00014842635,1.0363459e-05,0.00086562126,1.0993427e-07,1.5648102e-07
0.1912746,0.35807648,0.3983594,0.042861644,0.005405644,0.00075875595,0.0009716416,0.0003995889,0.00044711484,0.00015980453,0.00037732182,0.000117662574,2.4631448e-05,4.9290225e-05,0.00011943802,5.806778e-05,0.00025624872,2.3963265e-05,0.00014257962,8.7940585e-05,2.4649482e-06,1.1510842e-05,1.4206066e-05
3.284543e-06,3.9556767e-07,1.5998735e-06,2.1075998e-06,3.307649e-05,0.0006186233,0.0035660083,0.03805598,0.22080868,0.21219653,0.18111551,0.07333482,0.0018863202,0.0026546095,0.005430334,0.25270382,0.0060499613,0.0010068403,0.00034689793,0.0001045023,2.619227e-05,1.2090169e-06,5.2689094e-05
1.5296442e-06,1.3437135e-05,0.00013643995,0.0011308498,0.035576217,0.16377579,0.19780435,0.19259152,0.06065764,0.13263977,0.0057572694,0.15181185,0.018837852,0.012322616,0.0003155698,0.0026117058,0.023835402,0.0001081008,9.654953e-06,2.8723175e-06,5.9430302e-05,4.294406e-08,4.9801443e-08
1.13448664e-07,8.2138324e-10,1.7113175e-07,8.807271e-09,2.454053e-07,3.030293e-07,4.2752918e-06,0.00015974959,0.0007106983,0.00065415615,0.0050138123,0.029810699,0.0001642112,0.08394647,0.022950726,0.027672134,0.0057573835,0.00019450136,0.8225346,0.0004063693,2.8533736e-06,1.6493166e-05,2.291458e-08
1.0859384e-05,1.0815468e-05,9.8418466e-05,0.0004205866,0.03241489,0.023528423,0.36492327,0.36129922,0.08744037,0.06271242,0.054894328,0.001108963,0.0028691848,0.0014198908,0.0017364057,0.00018927184,0.0009870416,0.003886181,4.3756598e-05,2.6819812e-06,1.6299967e-07,7.3451815e-07,2.1532944e-06
3.9100913e-05,5.021688e-06,3.9957107e-05,0.00015612318,0.00052669854,0.0010022098,0.0059170714,0.114063896,0.11751589,0.4790982,0.22891323,0.020953992,0.020506198,0.0005207507,0.0032895512,0.0003387893,0.00011063498,0.0045593935,0.0018308167,0.00033623827,2.8260646e-07,0.00014817197,0.0001278097
2.0143814e-06,7.0942167e-07,7.9571455e-06,1.1864743e-05,0.0013023516,0.024286719,0.14850818,0.31100443,0.15773657,0.26647553,0.07002956,0.0038821148,0.00020530052,2.1141936e-05,0.00019589359,0.0026172455,0.013628705,8.299242e-05,4.2311723e-07,1.5850803e-07,1.6364108e-08,7.1151424e-10,8.528594e-08
8.202771e-06,8.428971e-05,0.0014787064,0.007958733,0.08162255,0.24717487,0.21343061,0.23400596,0.12727092,0.02234315,0.038171425,0.0022783328,0.0070780506,0.013878294,0.00032555906,0.00034492335,0.0022550903,0.00028528538,4.1031444e-06,2.7497953e-07,4.5192454e-07,1.9411726e-07,2.8662953e-08
4.6246238e-05,3.4225624e-05,0.00011358766,0.0003297323,0.021042498,0.01377758,0.17043146,0.26383808,0.13980787,0.13898511,0.11124719,0.019593336,0.027443793,0.0051742615,0.00581776,0.005702944,0.022475773,0.052592315,0.0009825052,0.00025138474,2.286143e-05,2.3224193e-05,0.0002662579
0.0008068181,0.058418967,0.365499,0.37711376,0.14140849,0.04144463,0.011311481,0.0011707612,0.0016192582,0.00025675737,0.00014141353,0.0003569794,3.124186e-05,5.182614e-05,0.00017793156,1.001981e-05,0.00015132096,3.323036e-06,2.3627837e-05,1.308021e-06,1.0246707e-07,3.7099738e-07,6.3026744e-07
5.2617648e-05,0.001276388,0.013294973,0.10813871,0.18575497,0.3610414,0.13155939,0.09490452,0.07607843,0.0066023413,0.015671631,0.0008058339,0.0019342374,0.0022910112,0.00014466894,0.00010107633,0.0003207228,2.3602259e-05,3.0227664e-06,2.60088e-07,9.450022e-08,8.4183405e-08,3.2707778e-08
0.00011704815,2.9115963e-06,9.576629e-06,1.1518772e-05,8.734702e-06,1.41628725e-05,5.9591393e-06,0.0005296175,0.0012075963,0.034976114,0.055141773,0.007366589,0.05243896,0.0061890758,0.009906571,0.0030802796,0.0009901471,0.030464813,0.6864848,0.07258525,2.799852e-06,4.6402392e-06,0.038461063
6.7713813e-06,3.1725707e-05,0.0022826232,0.0016982447,0.08471761,0.26466903,0.08804107,0.110013634,0.051501386,0.0715465,0.010995347,0.13544355,0.066103265,0.031426467,0.011543516,0.0007956333,0.06752291,0.0015087045,0.00013397208,2.2795764e-06,1.41048595e-05,1.3332395e-06,3.7137724e-07
0.0078166155,0.106740974,0.6849558,0.07198369,0.09802657,0.015822135,0.005437819,0.0013823409,0.0017670261,0.00040101184,0.00033208387,0.001095579,9.112901e-05,0.0002545425,0.0018116386,4.820828e-05,0.0013379299,7.247792e-05,0.0005567416,3.3602337e-05,2.0443752e-06,1.7937182e-05,1.2217824e-05
3.1957108e-05,1.9408262e-06,1.3915221e-05,2.7017209e-06,1.5760006e-06,1.4143773e-06,4.5952606e-06,0.00060495513,0.00058134325,0.0050807963,0.02477378,0.028173316,0.25423688,0.021707077,0.41569737,0.006245363,0.0025829454,0.12650831,0.035516758,0.076048985,2.4227725e-06,0.002028175,0.00015349437
3.150681e-05,0.00031227493,0.0068526254,0.021784967,0.07877781,0.30592546,0.1739826,0.14459094,0.17410883,0.01641419,0.051997416,0.0030225723,0.0066183107,0.011290838,0.0007818336,0.0005075443,0.002716889,0.000267485,1.3515574e-05,5.2990396e-07,4.423521e-07,1.2701727e-06,8.3288e-08
9.370363e-05,2.077044e-05,5.4056196e-05,0.00020671774,0.0016501673,0.001484946,0.009165135,0.061200183,0.10271804,0.23031986,0.33107486,0.09879395,0.097208306,0.0048818737,0.0088463,0.0065680197,0.0020292904,0.01667644,0.016843544,0.0044022296,1.3643845e-05,0.0010491827,0.004698776
2.0440852e-05,0.00014015746,0.0044390867,0.009510849,0.05120876,0.27432588,0.20201814,0.15203395,0.17396066,0.020514991,0.07478117,0.0040788376,0.007817377,0.016893093,0.0013376895,0.0006828628,0.005543372,0.00065786834,3.0552754e-05,7.0271494e-07,7.271362e-07,2.6346897e-06,1.2262211e-07
0.00014478562,0.00043480485,0.018748898,0.007761335,0.08501064,0.17957327,0.10604926,0.111685246,0.14321336,0.067051284,0.054661475,0.030600611,0.028111476,0.015651876,0.03957871,0.0010239502,0.10160456,0.008842776,0.00020155932,8.452279e-06,3.2274424e-05,7.1257773e-06,2.2795389e-06
3.4336e-05,0.00037984317,0.007718539,0.023349695,0.20958675,0.3646484,0.28668445,0.05323231,0.019381914,0.012368443,0.0024165837,0.010625235,0.0011695107,0.0033035118,0.0015541017,0.00012349508,0.0032549717,0.00011692028,4.6327685e-05,1.8319336e-06,1.7200858e-06,6.1352966e-07,4.8222023e-07
1.0675141e-06,3.224986e-07,2.7471187e-06,7.163103e-07,2.5576883e-05,0.000113098846,0.0008365054,0.006539482,0.009438317,0.025309486,0.012987936,0.05432515,0.032698058,0.02262031,0.031373307,0.13045022,0.4613663,0.010526967,0.19685543,0.0016529451,0.002623879,0.00017218727,7.994587e-05
8.477393e-06,0.00033580823,0.0037938766,0.03931143,0.21843198,0.54222244,0.1779576,0.013500494,0.0021269838,0.0014669416,0.00048375755,0.00023636434,1.5716701e-05,3.3171666e-05,2.9480456e-05,4.035032e-06,3.904334e-05,1.6127688e-06,7.9269824e-07,3.364515e-08,4.459127e-09,2.843545e-09,1.0498921e-08
1.0994062e-05,7.99416e-05,0.0026593902,0.005010305,0.12461539,0.39000353,0.21026997,0.09368369,0.04495444,0.033602886,0.0066455374,0.048075214,0.0129403705,0.01562857,0.003341793,0.0002722667,0.007668901,0.00048033166,5.1423154e-05,1.3688798e-06,2.4808305e-06,8.798298e-07,3.1436076e-07
1.7420694e-05,2.6050782e-06,9.310808e-06,8.82209e-06,2.5473237e-05,1.4249902e-05,9.307256e-06,8.825327e-05,0.000435493,0.0043252767,0.01239962,0.0036455335,0.036209486,0.017252201,0.02519847,0.039794434,0.00924576,0.0032649788,0.7021391,0.086154275,7.111717e-06,6.4904925e-05,0.059687965
0.00026813033,0.015364109,0.18586536,0.36204883,0.25891706,0.12893891,0.035174303,0.0039870534,0.005537292,0.00095418864,0.00037763466,0.001416831,0.00013245197,0.00016887828,0.00039070222,1.7866298e-05,0.00041125197,6.2857916e-06,2.1043494e-05,1.0462819e-06,1.5860559e-07,2.8432848e-07,3.7671794e-07
0.00017405262,0.00515386,0.1354652,0.17273818,0.33423492,0.25101835,0.059996065,0.010771641,0.014563134,0.003352878,0.0010085803,0.0059027253,0.0006330055,0.0006436034,0.0021520483,3.9603612e-05,0.002055423,2.771745e-05,6.512362e-05,1.852079e-06,5.1088773e-07,8.2425703e-07,6.8402153e-07
6.7573725e-05,8.149751e-05,0.0005547017,0.0007659082,0.023746505,0.025975721,0.20995556,0.4134428,0.13623187,0.04987952,0.05325231,0.0039831847,0.015660105,0.016322665,0.037687052,0.0015964428,0.0034023135,0.007319968,4.9214315e-05,1.5948213e-05,1.915512e-06,4.5684205e-06,2.6736457e-06
2.3674781e-07,9.566991e-08,1.3865509e-06,3.9154193e-06,0.00089997175,0.015126213,0.06324312,0.21812879,0.108455084,0.49958086,0.091184124,0.0024465786,4.487345e-05,1.6578967e-07,1.4619439e-05,0.0001261315,0.00072222576,2.1477177e-05,1.10994804e-07,1.7116754e-08,4.327021e-11,4.975908e-11,4.670269e-08
8.5520566e-07,3.0457926e-07,2.4757644e-06,2.7487608e-06,1.631286e-05,0.00018010953,0.0017007424,0.00931492,0.037853207,0.027623842,0.09183095,0.012580744,0.006772035,0.102300666,0.055897646,0.057449132,0.0014067703,0.5947959,0.00021861354,4.3777154e-06,3.8398106e-05,8.7084845e-06,5.963543e-07
6.6207525e-07,5.410889e-07,3.4168238e-06,1.527193e-05,0.0007546222,0.001562129,0.116887406,0.29448983,0.12346639,0.18439159,0.024669232,0.022181716,0.021968108,0.007478932,0.000365082,0.16934612,0.03216097,0.00011215521,6.423274e-05,1.2167009e-05,6.876226e-05,6.916934e-08,5.9105054e-07
5.853688e-06,4.5561856e-07,2.1852368e-06,2.385059e-06,4.3882633e-06,2.65629e-05,2.45917e-05,0.0008927869,0.0044875434,0.022117931,0.025883846,0.06043224,0.05583998,0.3287658,0.13139224,0.34436506,0.0018307586,0.0004588673,0.019973036,0.0031494505,0.00027382755,7.62784e-07,6.9459835e-05
7.6230215e-08,3.4553263e-08,9.561006e-07,3.666302e-07,8.806484e-05,0.00041095563,0.0031528615,0.024735844,0.005343206,0.021066904,0.0077747637,0.031625517,0.2856483,0.06156768,0.006044166,0.0053130384,0.53979164,0.0038847632,0.0020822692,9.1329475e-06,0.0014576702,1.5629578e-06,2.2090997e-07
3.9147412e-06,4.2701598e-07,1.5433413e-06,9.676237e-07,1.6759692e-05,7.9756326e-05,8.0053214e-05,0.0013653766,0.009080712,0.018278984,0.017282179,0.13837439,0.4150177,0.24831803,0.055168472,0.027103825,0.028334849,0.011766798,0.016643807,0.010841299,3.9864663e-06,2.0751386e-05,0.002215399
3.600316e-06,7.050966e-06,3.8514205e-05,7.7131444e-05,0.001548253,0.014390961,0.027507508,0.12903145,0.050193448,0.063551776,0.033304833,0.11978644,0.28411114,0.110084966,0.004601485,0.07447851,0.074108124,0.012864016,5.5348548e-05,1.2546663e-05,0.0002395692,2.8123004e-06,4.9961346e-07
8.987305e-06,2.7040413e-05,0.00041418654,0.0006871765,0.025966618,0.090727136,0.16680428,0.1754868,0.062042974,0.105937265,0.011238725,0.13582774,0.03440248,0.047737274,0.0041587446,0.0060966304,0.13033713,0.0016870777,0.00017633162,2.1742839e-05,0.00021023629,2.0107716e-06,1.4736171e-06
4.7335725e-05,2.0026642e-05,7.155528e-05,2.4152918e-05,0.00027995932,0.0078315055,0.0065135066,0.0592875,0.12224769,0.28287488,0.22178781,0.1898792,0.008131747,5.7365498e-05,0.0047406564,0.010541341,0.067903616,0.017469391,8.613429e-05,0.00013858834,2.2141094e-06,1.2427445e-06,6.259893e-05
2.7937458e-06,6.805536e-06,7.6218865e-05,0.00024819624,0.010218788,0.06707128,0.4549267,0.23669738,0.07062747,0.058394648,0.024852056,0.019878691,0.023299502,0.009687065,0.0012654706,0.0050246036,0.016598046,0.0010551816,5.9885035e-05,2.6154412e-06,5.3117496e-06,5.826919e-07,6.847074e-07
0.00024928464,0.00020724963,0.0019601362,0.0003597552,0.0023934338,0.010034818,0.041380752,0.23233283,0.17074002,0.15935107,0.03052962,0.022023754,0.004450515,0.0035191146,0.22578862,0.039087567,0.010034445,0.045358703,0.0001618992,2.488781e-05,1.6151179e-06,6.961321e-06,2.9302876e-06
7.480459e-05,0.001838766,0.010437512,0.12839803,0.15171203,0.40810278,0.09823809,0.08623175,0.07307933,0.010823195,0.015457325,0.0037863138,0.008184077,0.0018797923,0.00014319696,0.00058135093,0.0010078312,1.9011472e-05,3.8943494e-06,5.317361e-07,3.3912335e-07,5.354618e-08,2.477763e-08
6.785104e-06,2.184162e-06,5.441847e-05,4.752127e-06,0.00019919597,0.009826008,0.008471141,0.25890183,0.23465684,0.1994936,0.057493206,0.039889514,0.004439787,2.2106344e-05,0.101832494,0.00029649187,0.08284029,0.0015688393,1.7262933e-07,2.734154e-07,3.46112e-09,3.5753498e-09,1.6144959e-09
0.00012472531,1.0914009e-05,1.7516348e-05,2.5833754e-06,9.878004e-07,2.039976e-05,3.3095443e-05,0.013700592,0.03756815,0.15499848,0.15508476,0.1571153,0.43973815,1.6742258e-07,0.0010138443,0.0047067273,0.00056287466,0.03528859,1.8346078e-06,7.372846e-06,9.788896e-09,5.9776e-10,2.8820266e-06
0.0070094536,0.21250777,0.6230307,0.12019789,0.027900858,0.005487148,0.0022895834,0.000420779,0.00046199435,9.421049e-05,9.874736e-05,0.00012594162,1.32494115e-05,3.2223914e-05,0.00011920228,1.3336986e-05,0.00012443899,5.9572735e-06,5.351207e-05,7.729123e-06,3.2434895e-07,1.6737799e-06,3.2183482e-06
5.360815e-06,4.691737e-06,8.5085514e-05,8.846101e-05,0.0070166206,0.07259157,0.3380499,0.37152225,0.10079542,0.07612672,0.025080618,0.00075505883,0.00022810677,0.0002632188,0.0007076925,0.0019147929,0.0046871314,7.695249e-05,2.1762091e-07,1.1451379e-07,3.1815652e-08,1.7740726e-09,1.6000385e-08
8.818341e-05,0.002389528,0.0541741,0.12084029,0.34502476,0.31339523,0.10876415,0.019631762,0.01830688,0.0053142444,0.0014010544,0.0058274674,0.00073083513,0.0012076411,0.0011368392,4.6784615e-05,0.0016511141,3.5945734e-05,3.0283638e-05,1.2972868e-06,7.0952086e-07,4.4343557e-07,4.5238124e-07
6.600412e-08,6.973449e-09,8.8117226e-08,5.371529e-08,2.8985714e-06,4.4844483e-06,7.25591e-05,0.0018216773,0.003188783,0.046757694,0.0065014088,0.11263577,0.0126402,0.034303654,0.07224319,0.054595873,0.12840344,0.0003601413,0.5136783,0.008300908,0.0044823964,1.8876154e-06,4.5933425e-06
2.2723027e-05,0.0020926609,0.02737336,0.15868309,0.36708644,0.32488406,0.09910186,0.009535309,0.0068731876,0.0017344542,0.0004940149,0.001507947,0.00013738546,0.00018877788,7.243296e-05,1.1527665e-05,0.00019609612,2.3525981e-06,2.0188886e-06,1.4389396e-07,5.0670163e-08,1.6393534e-08,2.4425779e-08
0.00019259646,6.314309e-05,9.831279e-05,2.7271179e-05,1.1978446e-05,0.00017820457,0.00017852215,0.017379425,0.036666013,0.13794225,0.15391587,0.18363678,0.2965028,9.327079e-06,0.007834696,0.031929128,0.003183464,0.12982856,8.4612824e-05,0.0002915227,9.300411e-07,2.6943204e-07,4.42907e-05
3.5251998e-07,6.269574e-07,3.2413952e-06,5.857777e-06,9.284141e-05,0.0013813035,0.0022839976,0.029614445,0.014545932,0.023919785,0.017782882,0.16273895,0.55195683,0.07692659,0.004100629,0.090634435,0.01921444,0.0047211093,9.677563e-06,1.0271658e-06,6.4625994e-05,4.2414453e-07,2.054354e-08
1.671718e-05,6.108889e-06,3.8459948e-05,1.4397729e-05,0.00030997934,0.015269044,0.012065152,0.094369106,0.28721097,0.34111115,0.107921526,0.073207356,0.0018606442,9.5298274e-05,0.010313043,0.0064722598,0.04308572,0.006570343,3.3220156e-05,2.3005572e-05,5.3299016e-07,4.6099845e-07,5.5968417e-06
3.4385325e-06,2.3343396e-06,1.2840902e-05,3.2746546e-05,0.002727659,0.004874113,0.22654618,0.21046235,0.15190546,0.08955511,0.06444754,0.018276121,0.043783102,0.009854216,0.0008864579,0.022794485,0.11986455,0.033298332,0.00049765373,5.006322e-05,9.30293e-05,8.333269e-06,2.378632e-05
0.00028238227,5.5588218e-05,0.00015005271,0.00042784578,0.00092467066,0.001507733,0.001856357,0.031013338,0.054052062,0.21812743,0.32958972,0.09470963,0.156551,0.0060392157,0.007457538,0.0044910307,0.00082000764,0.018317832,0.027456695,0.028903164,2.7728332e-05,0.0021873899,0.015051672
1.8706187e-05,1.34432175e-05,0.00068407366,0.00016552127,0.002437478,0.013128568,0.102917455,0.372777,0.26606566,0.16252013,0.006401928,0.0030647602,8.890778e-05,6.794074e-05,0.063164435,0.00012905452,0.00024575513,0.0059924657,0.00011468188,1.1635018e-06,1.0977707e-09,8.481027e-07,8.948139e-08
2.2543538e-06,1.0286674e-06,2.5023666e-05,2.1813586e-05,0.0026733752,0.049338013,0.19667019,0.3738824,0.17123754,0.16165474,0.034781873,0.0013051413,0.00016188427,3.386887e-05,0.0011836672,0.00048171266,0.0063269413,0.00021773101,5.835814e-07,1.2970128e-07,7.3017414e-09,2.0170823e-09,3.8555e-08
0.00038809987,3.9325463e-05,0.00035873317,0.00017655923,3.6813497e-05,0.00022024258,0.00034946797,0.038594183,0.035526324,0.37996578,0.29189423,0.039661385,0.14066762,0.003503381,0.009597688,0.00041336642,0.0001311893,0.03461565,0.0018418708,0.01280562,9.4936775e-07,0.009142051,6.946531e-05
3.948253e-05,3.6967936e-05,0.0013381522,0.000481744,0.011355058,0.04163372,0.19712758,0.37370372,0.13532957,0.08704232,0.01057337,0.0023189797,0.00022444727,0.000534716,0.13261916,0.00038376733,0.0009864385,0.004221499,4.7410904e-05,1.0786015e-06,9.208802e-09,6.104761e-07,1.3637525e-07
3.5352812e-07,5.658152e-07,2.2734562e-06,2.7796164e-06,2.1713351e-05,0.00048241447,0.00067010033,0.009080187,0.006417578,0.013960251,0.019148467,0.26643384,0.34421977,0.047950603,0.005635604,0.24632539,0.03181976,0.007356732,7.793073e-05,2.7691965e-06,0.00038898076,1.8561213e-06,5.092997e-08
1.4765513e-06,8.699002e-07,2.2419386e-05,1.0664936e-05,0.0014972402,0.051939193,0.0957129,0.28159314,0.2684404,0.2731217,0.022818768,0.002245131,2.721912e-05,1.7444623e-07,0.0004402489,1.0722443e-05,0.0019684783,0.00014912289,1.7158781e-07,2.233082e-08,4.275716e-11,2.4082475e-10,6.5399837e-09
2.4143765e-07,1.1011738e-08,4.0387565e-07,1.612891e-07,6.16093e-07,7.926963e-06,0.00011908222,0.0017500339,0.017851308,0.007034675,0.04824689,0.1193545,0.0022997642,0.28123274,0.01657004,0.09036877,0.0012691321,0.40099043,0.012737348,1.273082e-05,1.16922765e-05,0.0001414369,1.2536985e-07
1.2836158e-06,1.4963879e-05,0.00016449424,0.003201213,0.05153809,0.4262012,0.4176135,0.07985421,0.0067983563,0.011229292,0.002785306,0.00037035797,3.6137844e-05,2.9176312e-05,1.6434433e-05,5.0899725e-05,9.221154e-05,2.5569725e-06,2.4625686e-07,1.4103313e-08,3.6722758e-09,3.879123e-10,5.6203096e-09
1.8449058e-05,0.001179252,0.0144093465,0.08658957,0.3443666,0.36245388,0.1608407,0.01495287,0.00815079,0.0032983331,0.0006504047,0.0021669276,0.0001464675,0.00029066644,8.959875e-05,1.9091816e-05,0.00036869873,4.670043e-06,3.1666152e-06,2.7117505e-07,1.2357016e-07,2.4887042e-08,4.153321e-08
5.154128e-07,5.9048734e-08,1.1451542e-06,9.139997e-08,5.444885e-06,6.654806e-06,2.8234212e-05,0.0002572828,0.00021534725,0.0011254812,0.0021284996,0.014022291,0.0011223482,0.008531526,0.07871056,0.0150893275,0.08765991,0.0018758154,0.78715223,0.0018646538,0.000113218426,8.500728e-05,4.3938503e-06
6.281868e-05,0.0012667198,0.037031803,0.059455752,0.3192273,0.3702597,0.10090956,0.031403,0.03045883,0.012274511,0.0025677385,0.020336006,0.0034177632,0.0028653145,0.0025487866,0.00013653247,0.0056392374,7.976608e-05,5.345088e-05,2.211886e-06,1.9433585e-06,7.3973047e-07,5.134583e-07
0.0007794025,0.06314922,0.280225,0.43320197,0.15700613,0.045685526,0.01581285,0.0013648644,0.0016751742,0.00027329134,0.00015188912,0.00032097325,2.9017227e-05,5.5037042e-05,0.00011468386,1.40206175e-05,0.00011926518,2.7175856e-06,1.6763559e-05,1.3144493e-06,1.0611241e-07,2.6001894e-07,4.923012e-07
6.998641e-05,2.30691e-05,0.000197493,7.764565e-06,0.000103603605,3.3192046e-05,7.713637e-05,0.0008689295,0.0037856728,0.0041265176,0.008097038,0.007092732,0.0052629057,0.00074245484,0.30369353,0.18349269,0.35990414,0.00079618575,0.03354434,0.088042356,1.5159133e-06,2.7368284e-05,9.380407e-06
1.5718162e-05,5.6467975e-06,1.5937423e-05,1.1506346e-05,9.200824e-05,0.00040691678,0.0009037009,0.0144225415,0.02286891,0.03004241,0.013986358,0.14220032,0.42447546,0.016281089,0.28752238,0.032660034,0.0067641716,0.0070096017,0.00016173848,0.00012907523,1.5058973e-05,4.53864e-06,4.9462556e-06
6.5965614e-05,2.3185188e-05,0.00023947713,0.00013682862,0.0026358317,0.0068946397,0.044395655,0.28285927,0.16144504,0.10091402,0.08693273,0.017079486,0.046679746,0.007370991,0.22409256,0.0027511872,0.0075900317,0.007779498,6.112539e-05,3.717625e-05,1.6143499e-06,1.1259478e-05,2.6793284e-06
0.06003927,0.39562598,0.46811438,0.05820478,0.009100358,0.0019812118,0.002414249,0.0010192274,0.0015449706,0.00020557048,0.0005793209,0.00015364813,5.4272703e-05,6.159471e-05,0.0002135657,4.3217016e-05,0.00043579016,7.0115704e-05,6.855977e-05,4.8912763e-05,1.8138494e-06,9.799006e-06,9.411918e-06
3.6798592e-05,0.0033246726,0.03414134,0.1876369,0.3751959,0.27700388,0.09833423,0.010037732,0.008488319,0.0022013716,0.000552787,0.002184634,0.00020207753,0.00026904308,9.3961506e-05,2.2768067e-05,0.00026721845,2.7993115e-06,3.0433716e-06,3.0021278e-07,1.1722488e-07,2.7324141e-08,4.049561e-08
0.00020980678,0.0038936737,0.06551294,0.1262459,0.30686635,0.1849568,0.12581864,0.07216712,0.082271144,0.010754444,0.012563632,0.0014152824,0.0020139797,0.0020480563,0.00096515205,9.6879696e-05,0.0020699545,0.00012149727,6.6166244e-06,8.883917e-07,6.565049e-07,3.8604384e-07,2.1655674e-07
3.4065153e-05,0.002607135,0.03971632,0.19265269,0.3502003,0.30666828,0.08952471,0.008313035,0.006389635,0.0014529566,0.00049072725,0.0013073181,0.00012083228,0.00019165843,0.0001143404,9.556009e-06,0.00019983469,3.1552786e-06,3.2619769e-06,1.6989915e-07,4.8157652e-08,2.9587127e-08,4.180133e-08
3.4023964e-05,0.0007002058,0.014949857,0.049441062,0.29036,0.37394828,0.19984937,0.0326923,0.016701799,0.008141873,0.0015945428,0.0064440006,0.0006507614,0.0015269795,0.0007908667,5.571382e-05,0.0020482645,4.4909877e-05,2.2772396e-05,1.066789e-06,8.689466e-07,2.644558e-07,2.5860945e-07
3.102561e-06,1.6629505e-06,1.7021113e-05,1.85881e-05,0.002524476,0.04940015,0.20807336,0.32045186,0.14085804,0.22384803,0.042646684,0.0020843868,0.0001031586,5.491903e-06,0.00018379085,0.00047782646,0.0092195915,8.239822e-05,2.660348e-07,7.810764e-08,2.8178977e-09,5.0783167e-10,3.8707405e-08
4.3730924e-07,2.1286425e-07,4.1905028e-06,4.195309e-06,0.0016725445,0.07057572,0.144192,0.37206563,0.13033052,0.24087536,0.033885844,0.00082617864,2.6269969e-05,1.9475598e-07,4.2282158e-05,1.7026674e-05,0.0054575326,2.3837143e-05,1.5810153e-08,4.6249578e-09,2.6219476e-11,1.4030902e-11,1.4821863e-09
0.00011343916,3.4417244e-05,0.00017419709,0.0001863938,0.004849288,0.007752406,0.01053128,0.2078923,0.19895822,0.29708707,0.16811366,0.015740788,0.005505944,3.0105148e-05,0.0015259668,0.00011737852,0.002891194,0.07810188,9.0351925e-05,8.0898615e-05,2.8698628e-07,6.7111006e-07,0.00022184062
4.396841e-06,0.000102046164,0.0018663416,0.01112558,0.1770549,0.4249052,0.18886603,0.07694942,0.036341798,0.03324497,0.0029592298,0.032420382,0.0048192604,0.0035601887,0.00028940567,0.0002122185,0.0052332166,3.6044417e-05,5.720257e-06,6.0369433e-07,2.8706095e-06,3.361983e-08,3.4659262e-08
1.2204312e-06,5.157705e-07,3.2818477e-06,1.5087396e-06,2.6610454e-05,0.0002113682,0.000883297,0.00930831,0.005437683,0.018383114,0.01727855,0.15282199,0.042765465,0.03921123,0.038300656,0.24531293,0.35822764,0.027072202,0.032336406,0.00018469933,0.012176014,5.0707786e-05,4.6147047e-06
6.281398e-05,0.0008687816,0.019550687,0.03150694,0.2754369,0.31877452,0.11773606,0.053251863,0.04415692,0.031925857,0.0041413726,0.062415723,0.008779188,0.008157476,0.0043780007,0.0005557886,0.017998789,0.000160611,0.00011810083,7.722013e-06,1.3895714e-05,1.167729e-06,9.0747113e-07
2.4047026e-06,2.0737307e-06,5.5499066e-05,6.0729944e-05,0.0069380947,0.087891124,0.3529657,0.3705012,0.08902597,0.06578376,0.02198196,0.0004381725,0.00012998957,9.2331036e-05,0.0007757085,0.00035761896,0.0029122478,8.5118976e-05,1.8256812e-07,5.6852393e-08,8.605131e-09,1.0931602e-09,1.0422739e-08
9.3948694e-07,1.4828595e-07,1.4955883e-06,1.7931174e-07,6.680451e-06,2.9910825e-05,0.00012563964,0.0011214346,0.0017991128,0.004267642,0.010259313,0.044175733,0.01192162,0.038855832,0.095378116,0.15729514,0.31298727,0.038263474,0.28093615,0.0011019015,0.0005330496,0.0009242264,1.5029871e-05
0.00021101856,0.021447707,0.15280245,0.47027704,0.22510836,0.09217944,0.03202187,0.002147977,0.0025154655,0.0004019281,0.00018046274,0.00040005503,3.2764503e-05,5.628924e-05,8.813793e-05,9.369103e-06,0.00011080072,1.5515463e-06,6.512275e-06,4.4450343e-07,5.200373e-08,6.969169e-08,1.3974774e-07
3.1623513e-05,1.3963884e-05,0.00010768686,2.5262068e-05,0.0003784886,0.013771612,0.010886996,0.10022823,0.2433541,0.37282372,0.089788504,0.07438395,0.002828736,0.000109379966,0.027656829,0.0061460994,0.042306453,0.015093546,3.524865e-05,2.5260575e-05,5.144932e-07,9.0436663e-07,2.9990165e-06
1.6385293e-06,4.4577023e-06,4.2310774e-05,0.0003456242,0.009539091,0.055321313,0.5659378,0.24287468,0.045352854,0.05034117,0.015520163,0.003785611,0.0022730783,0.0012138562,0.0001731839,0.003929987,0.0032238094,0.00011008469,7.672112e-06,5.90475e-07,7.7726554e-07,2.872644e-08,1.7125659e-07
6.397719e-05,2.0748595e-05,0.00010870636,0.00017998443,0.005126115,0.0044576176,0.093960166,0.18520795,0.1791016,0.16820695,0.17431125,0.02658566,0.046496708,0.012280262,0.03954748,0.012417745,0.012268198,0.03640163,0.002534512,0.0003174143,1.5829215e-05,0.00016944259,0.00022002422
0.0007195233,0.05700496,0.3027259,0.42198068,0.1530139,0.046233747,0.014162553,0.0013231024,0.0017027656,0.00027148763,0.00014758568,0.00033621243,3.112873e-05,5.370157e-05,0.00013250817,1.150752e-05,0.00012612368,2.882727e-06,1.7625127e-05,1.167574e-06,9.710794e-08,2.7735382e-07,5.0334205e-07
4.3434993e-06,2.7590811e-05,0.00066571747,0.0015734339,0.01945263,0.12250769,0.11978019,0.22685415,0.21341802,0.043724015,0.08093936,0.010938431,0.071255066,0.07832752,0.0015612033,0.0028945357,0.0048096017,0.0012569193,7.2569746e-06,3.1146013e-07,8.3863415e-07,1.1240609e-06,2.282622e-08
6.104845e-05,0.0026191839,0.04275484,0.13235597,0.35770753,0.32264388,0.09494042,0.016046155,0.016127676,0.0043502394,0.0011180183,0.0060518146,0.0008086349,0.000910676,0.00046374946,4.907299e-05,0.000961683,1.5577178e-05,1.2305206e-05,7.6482576e-07,3.8378275e-07,1.7951582e-07,1.6731694e-07
0.00044455982,9.973795e-06,3.0478019e-05,1.34708735e-05,9.09722e-06,5.166391e-05,6.390913e-05,0.03403657,0.051851224,0.4081254,0.17233397,0.0965866,0.12875539,2.508226e-06,0.0015434282,0.00015195581,0.00034837212,0.10534123,4.8331953e-05,0.00017665527,8.891569e-08,4.0078625e-08,7.507577e-05
0.00015458414,6.927098e-05,0.00015075269,3.9800572e-05,0.00024817482,0.0038191227,0.004557522,0.06535809,0.10580672,0.23297589,0.27618605,0.16717666,0.033450305,3.2730597e-05,0.0038556603,0.013854932,0.049636908,0.042387627,5.6178087e-05,0.000109861256,1.4840912e-06,4.8887557e-07,7.12051e-05
1.6063688e-05,2.342601e-06,1.2103916e-05,3.729456e-05,0.0010260295,0.0010364512,0.0007723804,0.07788998,0.075726315,0.39973396,0.2151078,0.08554527,0.019111859,2.9268595e-05,0.0005455142,0.00013308082,0.0007025428,0.113613054,0.00031071884,0.0009099642,2.0716159e-07,1.290518e-06,0.0077364915
2.4186243e-06,3.579073e-06,2.999812e-05,0.00023631188,0.04226494,0.04988004,0.29796502,0.4557017,0.053549957,0.04510559,0.049140498,0.00078233593,0.0014989816,0.000292297,0.0004753459,3.9813967e-05,0.0009785859,0.0020487967,2.9229795e-06,5.389999e-07,3.0658164e-08,3.636319e-08,3.0771508e-07
0.00016598962,0.0016386667,0.044163644,0.06050814,0.22242244,0.22439407,0.12122748,0.094407484,0.14229147,0.026363377,0.027048694,0.0060625914,0.009636108,0.004061403,0.0029893778,0.00026505167,0.01196609,0.0003647611,1.7148799e-05,1.7364642e-06,3.0701567e-06,8.217337e-07,3.3175658e-07
3.799846e-06,2.4364651e-06,2.6411648e-05,0.00011443062,0.0045482544,0.025907528,0.3784738,0.30652595,0.10111357,0.12044217,0.051824212,0.0010726086,0.00020452907,0.0004269349,0.00012995447,0.006754801,0.0023892827,3.8253504e-05,4.759422e-07,3.041629e-07,2.5725157e-07,1.6871532e-09,6.80551e-08
2.179792e-06,1.3539207e-06,2.6180976e-05,6.306628e-05,0.0051044375,0.04799914,0.41195694,0.31644022,0.0925903,0.08630014,0.035511702,0.0004817084,0.000110534136,9.4148345e-05,0.00021711615,0.00080523593,0.0022292193,6.589723e-05,2.6623715e-07,8.456406e-08,2.3586777e-08,9.462428e-10,2.8545065e-08
4.128197e-05,1.0935963e-05,3.4369048e-05,1.2227437e-05,0.00017136378,0.003918613,0.0045661656,0.09719248,0.11716152,0.33483747,0.30575687,0.0789389,0.010661898,3.2565713e-06,0.00040066597,0.0033721526,0.03214694,0.010738221,4.943121e-06,1.0521848e-05,5.8442442e-08,2.2666962e-08,1.918948e-05
1.3086665e-05,1.7356633e-07,5.877248e-07,6.910767e-07,7.673143e-07,3.1275866e-07,1.8030771e-07,2.7247638e-06,9.486248e-06,0.0010365495,0.003312528,0.0001051327,0.004831741,0.00042288267,0.0025295333,0.0050071673,0.0006775008,2.5945996e-05,0.97699964,0.0042705154,2.5886675e-07,9.753447e-08,0.0007524772
0.00022986543,0.0007357703,0.0131081585,0.010614817,0.09386294,0.12607276,0.15818036,0.14265825,0.16753635,0.07244896,0.05927389,0.016849235,0.026190573,0.040339805,0.025425645,0.0021499663,0.036142904,0.007991576,0.0001079592,1.3761267e-05,5.5077624e-05,7.3010083e-06,4.012196e-06
6.356995e-06,2.1110209e-05,0.00014068608,0.00047643168,0.021236327,0.06368946,0.15633407,0.3652767,0.10439804,0.0727257,0.038319513,0.019181192,0.07967642,0.048181064,0.0035429213,0.00439747,0.013230171,0.009133093,1.9932308e-05,3.84112e-06,8.044568e-06,1.0215783e-06,4.394675e-07
1.7728094e-05,7.699481e-06,9.457612e-05,7.710264e-05,0.0012393378,0.0035016953,0.11257973,0.22492376,0.12996337,0.06809546,0.15859875,0.0048402715,0.043904126,0.12076824,0.10049896,0.016243836,0.0019300457,0.0124804005,0.00017317846,1.0409114e-05,1.4702831e-06,4.8738475e-05,1.1788925e-06
0.0001657958,0.012872638,0.13991041,0.3930531,0.26733842,0.13560131,0.03993992,0.003725631,0.004647327,0.0007723416,0.00031291845,0.0009915333,9.636871e-05,0.00012132107,0.00018680262,1.3109711e-05,0.0002377223,3.2455096e-06,9.2460195e-06,5.2158094e-07,8.2740826e-08,1.120931e-07,1.6185075e-07
0.00016657381,0.009599411,0.103619255,0.29555357,0.32322758,0.1841063,0.061736945,0.00702805,0.008312149,0.0017695674,0.00057855586,0.0026861127,0.00026297558,0.00032392604,0.0003623341,3.5659552e-05,0.00060327083,7.875094e-06,1.7751941e-05,1.2355214e-06,3.068331e-07,2.3375647e-07,3.1170427e-07
1.4056406e-05,0.00058087864,0.009105109,0.045205615,0.26166683,0.5140404,0.12340918,0.020869702,0.012103449,0.004742563,0.0010684702,0.005117195,0.0005484567,0.0007954642,0.00018751062,2.9971017e-05,0.0004991736,1.1828037e-05,3.6844822e-06,2.3398793e-07,1.5757746e-07,4.122836e-08,4.5499966e-08
6.4258704e-05,0.0013211765,0.02431433,0.06982071,0.29529738,0.38987666,0.15575343,0.025690114,0.01706033,0.0065596057,0.0015989293,0.0073173684,0.0007400241,0.0018280871,0.0010873538,6.346466e-05,0.0015210179,5.1273444e-05,3.10248e-05,1.5005237e-06,8.9702615e-07,4.96414e-07,4.7575503e-07
9.0626585e-08,1.6392297e-06,1.1228692e-05,0.000761436,0.03123627,0.2621445,0.54797894,0.108089864,0.014989941,0.03137303,0.0024454123,0.00067798,3.634566e-05,2.586697e-05,1.7202456e-06,0.00014246495,8.298589e-05,3.8684914e-07,2.0430953e-08,5.204056e-09,3.4433467e-09,1.2562446e-11,3.4825254e-10
2.0493496e-07,3.9677452e-08,2.9948293e-07,7.6421196e-07,4.0954246e-06,7.047875e-05,0.0014792853,0.016321914,0.08591323,0.05719968,0.13785893,0.019333497,0.0060949945,0.08223075,0.012665322,0.5633829,0.0031652034,0.0038962474,0.00012833391,5.0725544e-06,0.01024821,1.2757532e-07,3.981237e-07
7.714934e-06,1.4462772e-05,0.0002606562,0.00038860578,0.025508,0.19497503,0.39766315,0.28856337,0.047571264,0.029891461,0.012459551,0.00028717585,9.7446944e-05,0.0001212572,0.00052192603,0.00019892695,0.001428567,4.1144456e-05,2.0782086e-07,5.4675315e-08,9.9771125e-09,1.7055583e-09,8.062486e-09
9.238823e-06,3.595288e-06,5.629246e-05,4.3374588e-05,0.0017689121,0.024872279,0.12870392,0.24733634,0.29256165,0.22221318,0.05006183,0.005040034,0.00041926547,0.00044227947,0.00891949,0.0076856785,0.008208694,0.0016381933,1.2736586e-05,1.928233e-06,2.1075174e-07,7.6858214e-08,8.1927624e-07
2.2700508e-06,5.3724307e-07,5.988892e-06,4.940424e-06,0.0003987051,0.008931078,0.02247303,0.1646783,0.22832303,0.40370458,0.13708732,0.022893162,0.000433842,8.217492e-06,0.00072274805,0.0017608193,0.008066868,0.0004946006,5.945563e-06,2.0137293e-06,1.8917325e-08,1.7215946e-08,1.9652962e-06
3.7331845e-06,5.9872326e-07,4.605135e-06,5.8542673e-06,0.00015300138,0.00038754396,0.131083,0.0675521,0.097725816,0.08725747,0.14903429,0.010706046,0.035239797,0.00556379,0.0037672508,0.40251818,0.0055120015,0.00042865795,0.0030152223,2.1015423e-05,2.8148452e-06,4.5605348e-06,1.27300245e-05
0.00016285917,7.802782e-06,3.363784e-05,5.6210905e-05,0.00018581169,0.00013389686,6.689262e-05,0.001825653,0.0050389846,0.04315771,0.07819391,0.008208086,0.029870095,0.012683643,0.0028585552,0.008039089,0.0016828459,0.021126825,0.21829161,0.034669474,3.919525e-06,9.396276e-06,0.5336931
3.726474e-05,0.00043385816,0.0066734874,0.032944407,0.121978775,0.30688682,0.21026349,0.1427406,0.11804915,0.012505224,0.034650177,0.0013964288,0.0025789393,0.005902675,0.00032139508,0.00024692228,0.0022050347,0.00017372705,9.887593e-06,6.541688e-07,5.278814e-07,4.9301747e-07,9.835265e-08
4.485721e-06,8.4242816e-07,5.409817e-06,3.964805e-06,6.786359e-05,0.0014137898,0.0058089895,0.07045573,0.42336372,0.23003332,0.12953082,0.063267455,0.0012539175,0.00047896113,0.008291902,0.056825757,0.004576267,0.004420119,0.00012200544,5.445587e-05,1.2708596e-06,1.2047092e-06,1.7717226e-05
0.00012500318,0.0042839837,0.06968393,0.17268783,0.34914628,0.26716223,0.09783639,0.013180312,0.013551508,0.0035635917,0.0009941959,0.0044561066,0.00044155354,0.0007596335,0.0008118246,4.351536e-05,0.0012172707,2.1798685e-05,2.996145e-05,1.5304979e-06,5.622097e-07,4.107816e-07,4.791773e-07
3.5769563e-06,5.2183923e-06,0.0003029338,0.00010658029,0.010458772,0.020740995,0.01998953,0.049318668,0.0143489605,0.052410215,0.00798196,0.14498578,0.076367885,0.042735513,0.042669386,0.0019928908,0.5100069,0.00306306,0.0021662365,1.5300073e-05,0.0003244852,3.9916163e-06,1.1389458e-06
5.9687046e-08,3.7242814e-06,0.00011018073,0.0038475073,0.10849065,0.7024056,0.16855925,0.014529973,0.00085954426,0.000907581,0.0002167721,5.5818615e-05,4.281131e-06,3.2282715e-06,9.346396e-07,1.2873345e-07,4.687696e-06,8.914249e-08,7.0965567e-09,1.871897e-10,4.321484e-11,5.3640543e-12,2.4316162e-11
1.6154332e-05,5.5345925e-05,0.00045924605,0.0010170693,0.015376832,0.077507846,0.1307412,0.2300601,0.12282863,0.060762588,0.055871073,0.02051559,0.09502174,0.14677234,0.003514214,0.0138779525,0.018761031,0.0067528393,5.1048413e-05,6.7242577e-06,2.4731795e-05,5.206461e-06,5.6346687e-07
1.2701869e-08,1.0769782e-08,7.0485065e-08,3.0268794e-08,6.555188e-07,3.0507026e-05,7.5243755e-05,0.002297647,0.0021773947,0.004585891,0.015883284,0.1326628,0.55532086,0.03250412,0.005015296,0.16719009,0.038082056,0.04405115,3.293953e-05,2.8153642e-07,8.6764405e-05,2.8208106e-06,5.0874798e-09
2.5625839e-06,1.1213463e-05,0.00026433167,0.0007638849,0.069393925,0.2478333,0.3405205,0.26912636,0.03550953,0.019824365,0.0140480315,0.00026926587,0.00035360287,0.00056860404,0.00068624894,5.8262875e-05,0.00072260154,4.325536e-05,6.4371456e-08,1.6616996e-08,1.044156e-08,8.085169e-10,1.9971864e-09
1.1663136e-06,2.5032026e-07,2.2363076e-06,3.2841292e-06,4.1354753e-05,0.00056265714,0.012239263,0.047796395,0.26200074,0.11440523,0.12830345,0.012064419,0.0025473675,0.026559208,0.011977048,0.37267286,0.005137848,0.0035064872,4.0099185e-05,7.3323886e-06,0.00012923176,1.898077e-07,1.8447911e-06
1.8096369e-05,1.075479e-05,0.00023002522,5.2070864e-05,0.0029941192,0.006168208,0.1005142,0.05203238,0.031776857,0.027411992,0.03763449,0.06993215,0.112299725,0.3088683,0.09596843,0.012601035,0.101952225,0.0103270365,0.028846571,7.903927e-05,0.00016325113,0.00010698635,1.210688e-05
1.23964155e-05,2.5759598e-06,2.2487588e-05,7.5557527e-06,0.00010060732,0.00013077083,0.00044183712,0.002170795,0.0033618214,0.017178813,0.011337577,0.02111705,0.008855894,0.016168017,0.04414056,0.03485309,0.08657304,0.0018524039,0.72826666,0.021741133,0.0006288561,0.00020139308,0.0008346716
1.3739254e-06,3.9676422e-08,2.3060345e-06,2.0326331e-07,1.6895865e-06,3.4234122e-06,2.6912125e-05,0.0006959991,0.0038720157,0.003308457,0.016057888,0.048253454,0.0005802764,0.23269075,0.059323676,0.23916325,0.005823032,0.0030944534,0.38548887,0.0015267832,4.688534e-05,3.7197147e-05,1.0596096e-06
8.192014e-06,4.9847313e-06,3.6688758e-05,0.0001335914,0.019780433,0.01893415,0.1569542,0.41123298,0.1372818,0.11286571,0.10409071,0.0055889394,0.010376162,0.00091420877,0.009102322,0.00013328585,0.0039003543,0.008625487,2.446617e-05,7.9660185e-06,1.5616368e-07,5.682899e-07,2.5725917e-06
7.8353435e-07,4.463137e-07,2.5893476e-05,4.4872054e-06,0.0008455435,0.0029192583,0.007015089,0.02145027,0.006262742,0.022599764,0.014013589,0.08246853,0.24679758,0.14852212,0.04888858,0.0025640961,0.37255117,0.01432076,0.00846809,9.763754e-06,0.00025534723,1.5127026e-05,9.2107354e-07
3.0648969e-06,5.890278e-07,6.043327e-06,6.841231e-06,0.0002253196,0.0034970208,0.03332087,0.12011153,0.34840655,0.25828746,0.11620357,0.01930158,0.0010853228,0.0010944502,0.003491376,0.081208505,0.012904567,0.0008129022,2.048391e-05,5.3497884e-06,3.567172e-06,6.797093e-08,2.9606952e-06
9.770515e-06,7.2850235e-06,5.3995514e-05,3.424451e-05,0.0003894692,0.0019556477,0.041684072,0.0788009,0.082864374,0.034795705,0.12124021,0.011200932,0.061507784,0.35083053,0.0606074,0.101452716,0.004487392,0.04750227,0.00041574537,1.3775561e-05,1.5240159e-05,0.00012877864,1.6645195e-06
0.00058928836,2.6789347e-05,8.883058e-05,8.95071e-05,0.000118077,0.00016941306,0.00011093878,0.008319878,0.014233114,0.120723344,0.13263798,0.034338027,0.10790777,0.008642353,0.03546711,0.00454288,0.0059178644,0.26557386,0.17108223,0.05910267,1.594488e-05,1.7421806e-05,0.030284772
1.6510126e-05,9.2153816e-05,0.0027166111,0.0031385892,0.09513113,0.31235904,0.1576432,0.090693034,0.05704785,0.0496639,0.00865171,0.124057986,0.030423513,0.03610318,0.0074342606,0.0008788604,0.022665948,0.0011356521,0.00012939477,4.7012672e-06,9.329236e-06,2.6988614e-06,8.255071e-07
3.2638072e-05,4.900649e-05,0.0005544672,0.00032698782,0.005855023,0.007864222,0.022364493,0.10376798,0.08671164,0.073112905,0.07487404,0.02302681,0.096447475,0.21373984,0.24439873,0.022104256,0.008127017,0.016576346,2.264517e-05,4.4911885e-06,3.7277016e-05,1.2549945e-06,4.227545e-07
6.663139e-05,3.2067106e-05,9.788784e-05,3.31285e-05,4.719978e-05,0.0005340121,0.00064423645,0.019854708,0.04836333,0.1110651,0.087666556,0.08367884,0.02383049,0.0034578664,0.06822468,0.3964475,0.007155583,0.13189521,0.0042466824,0.012309688,2.3307057e-05,0.00011318223,0.00021208578
0.00010868458,0.0033073702,0.05667639,0.13020389,0.3723456,0.26671773,0.1002329,0.020930422,0.021244822,0.0077210544,0.0015424871,0.011342136,0.0012484628,0.0012653708,0.001232202,0.00010634698,0.0036887566,3.2204774e-05,4.7173005e-05,3.1411575e-06,1.9041623e-06,4.920636e-07,5.406761e-07
1.6678068e-05,7.0983056e-06,3.2220993e-05,1.2235029e-05,0.0002587556,0.00963599,0.004923817,0.06789413,0.17370108,0.34312356,0.15394062,0.17984642,0.0028224208,4.4084554e-06,0.0012371669,0.00093533006,0.04962149,0.01193463,1.0012946e-05,2.8706278e-05,1.6276658e-07,2.0763397e-07,1.2926772e-05
7.8936195e-05,2.4375897e-05,8.764839e-05,2.6742648e-05,0.0001329701,0.0002488688,0.00047176937,0.0024952316,0.004629928,0.008048298,0.03428928,0.033108346,0.047268186,0.057151746,0.12548088,0.13708788,0.09311965,0.21508805,0.10477533,0.036183648,6.720947e-05,0.09887771,0.001257278
1.1381052e-05,1.3409862e-05,0.00029548228,0.00057005044,0.0077024624,0.022821179,0.05367795,0.095662236,0.105749734,0.15172867,0.16782933,0.04133887,0.13445117,0.06087054,0.02928986,0.004469066,0.113711946,0.008899419,7.969463e-05,4.851291e-06,0.00082162564,7.7141937e-07,3.5901917e-07
0.00057318044,7.922156e-06,5.3009053e-06,5.733417e-06,6.060811e-07,4.3516484e-06,3.963136e-06,0.00059248524,0.0005751229,0.1601381,0.050241344,0.021729399,0.6924946,3.919163e-05,0.021720596,0.019491991,0.00035001148,0.0027417447,0.027962225,0.001050008,3.398653e-07,9.162715e-08,0.00027172867
8.001838e-05,2.9521796e-05,8.653857e-05,0.0007271225,0.0071162083,0.0027096265,0.0077439942,0.05739287,0.10394404,0.32933444,0.07488361,0.20188522,0.028410027,0.054097958,0.0018735674,0.10464989,0.0038149543,0.0013545103,0.00592377,0.011072411,7.7232005e-05,4.144461e-06,0.002788272
1.3976196e-05,4.681064e-06,4.5201803e-05,1.8568287e-05,0.00033301426,0.011750533,0.016179541,0.113176845,0.38074994,0.31090623,0.07152834,0.033766143,0.0011299265,0.00022063177,0.02649707,0.009082173,0.016081871,0.008453873,4.332327e-05,1.4695548e-05,3.1597799e-07,5.3615383e-07,2.6406276e-06
1.1118211e-06,2.3085532e-07,1.7231803e-06,8.1784265e-06,0.00040637556,0.0032257093,0.026655452,0.13618551,0.11675569,0.49449632,0.17002852,0.016266814,0.0005243001,7.450808e-05,7.744483e-05,0.031238332,0.0040084273,3.504785e-05,4.7626427e-06,2.5934248e-06,1.8648261e-07,3.575772e-09,2.8165057e-06
2.28327e-07,5.1130432e-06,4.577792e-05,0.0012923084,0.042375226,0.34821743,0.44617587,0.11032022,0.015878735,0.02869215,0.0023733368,0.0032824827,0.00038536178,0.00023541466,9.258975e-06,0.00010448245,0.0006012544,5.0201384e-06,1.7074893e-07,2.8420887e-08,1.1950608e-07,4.1607415e-10,2.2407842e-09
3.52288e-06,0.00023524168,0.0024002315,0.026063737,0.21368991,0.6126819,0.12811744,0.011732421,0.0024593645,0.0016674848,0.0004025474,0.00039711915,3.0684016e-05,5.025002e-05,1.6204445e-05,5.141775e-06,4.5302477e-05,1.0715903e-06,3.4412415e-07,2.3638577e-08,6.329363e-09,1.3125461e-09,3.9842725e-09
5.4138565e-07,1.7052467e-06,1.7019316e-05,0.00043050948,0.012005516,0.11902965,0.5494742,0.22292653,0.029614754,0.049780887,0.013414264,0.0012410232,0.00032641127,8.621348e-05,2.7161801e-05,0.0010633863,0.00054595014,1.3695818e-05,5.283092e-07,4.7470756e-08,1.9104268e-08,7.5533557e-10,2.142803e-08
1.5285817e-05,0.0004981415,0.006633629,0.035903357,0.25660104,0.3976086,0.22939089,0.03521475,0.015661638,0.010786229,0.0014826767,0.006711498,0.00055193616,0.001124435,0.00020932846,7.088463e-05,0.0015075912,1.9097037e-05,7.1205613e-06,7.8547555e-07,1.0003192e-06,6.4160474e-08,8.96738e-08
4.8691054e-06,1.9077258e-06,1.2367211e-05,4.759201e-05,0.0027501176,0.0035887267,0.0065454314,0.15235509,0.09953819,0.44194096,0.25555357,0.02100467,0.0053414,4.880226e-06,0.00021309638,8.4246094e-05,0.000323381,0.010430717,4.359889e-05,1.3799727e-05,1.275281e-08,9.281606e-08,0.00020119322
2.712011e-06,1.9328484e-06,2.3693628e-05,1.9010642e-05,0.00017377772,0.00090156123,0.0027054742,0.01778571,0.046030715,0.054192763,0.17248304,0.052033614,0.084082715,0.21912399,0.10430299,0.04071034,0.010315708,0.19418994,0.00016674724,4.7518856e-06,0.0007444092,3.929047e-06,4.78424e-07
9.635183e-06,1.529094e-06,3.0549436e-05,7.3527444e-06,2.4597733e-05,0.0009528168,0.00033331822,0.06551783,0.16316693,0.5146379,0.10411754,0.06541585,0.0015604779,1.5002481e-06,0.0027485231,3.631328e-05,0.0017716263,0.079598434,4.1639196e-06,6.1318504e-05,9.046709e-09,1.2340445e-06,5.0435034e-07
4.0044233e-07,1.7768588e-07,1.297912e-06,1.0528534e-05,0.0007381262,0.0022906342,0.19979322,0.2584713,0.14810362,0.15017453,0.069952875,0.007985759,0.024963366,0.0015717796,0.00015879772,0.12415242,0.011415769,0.00018823717,2.3329432e-05,1.5662229e-06,1.5237297e-06,3.437391e-08,6.6832195e-07
6.939507e-06,4.5842935e-06,7.698664e-05,7.198762e-05,0.00047699947,0.0021341008,0.0039020737,0.024362087,0.03842333,0.09226813,0.15161994,0.14382982,0.21074685,0.144051,0.09784912,0.02098346,0.033403672,0.028093316,0.00052093953,1.2364651e-05,0.007158767,2.8215125e-06,6.859872e-07
7.496805e-06,2.8626057e-06,2.3431483e-05,6.380734e-06,5.9869148e-05,0.00094815064,0.0018296877,0.050835032,0.07173663,0.10694105,0.07816129,0.06519153,0.020025041,0.0052379984,0.4661672,0.0787514,0.018310929,0.035726175,2.0012636e-05,1.2232556e-05,4.1254007e-06,1.0513427e-06,3.7521758e-07
0.0005529971,0.047895603,0.202033,0.47647265,0.18671879,0.059073713,0.022131464,0.0018139271,0.0020743927,0.00034185106,0.0001802383,0.0003784293,3.6502715e-05,6.61016e-05,9.585009e-05,1.6651786e-05,0.00010275714,2.3038851e-06,1.115705e-05,1.0778206e-06,1.0494149e-07,1.6162798e-07,3.1937736e-07
0.26707006,0.41609132,0.2746834,0.03200004,0.0033168502,0.0006362227,0.0016465181,0.0009851289,0.0010591901,0.00023614668,0.0009306963,0.00013566272,8.734553e-05,8.6007436e-05,0.00017254053,0.000104620296,0.00036432067,0.000100515295,0.00010836408,0.0001448994,4.610296e-06,1.7621975e-05,1.7951894e-05
1.6614472e-06,5.7700832e-05,0.0005716999,0.0072468305,0.13462004,0.40996248,0.22391538,0.087598056,0.03564041,0.04230193,0.0025175002,0.046121407,0.0041780374,0.002751215,8.0798825e-05,0.00030116068,0.002119284,1.0335633e-05,1.6317266e-06,3.5187747e-07,2.0697541e-06,6.3225265e-09,8.326973e-09
7.416879e-05,7.4318364e-06,9.81954e-05,2.6720558e-05,5.648618e-05,0.0004880944,0.00091863057,0.03819165,0.035438336,0.10334883,0.1834595,0.08437218,0.17172094,0.015214622,0.3338376,0.004975914,0.0036285538,0.022395864,0.00026021287,0.000997105,3.5040355e-06,0.00046077336,2.4678446e-05
4.1619384e-07,9.0913545e-08,1.8695577e-06,5.7267334e-07,4.4132357e-05,5.989735e-05,0.00076321,0.014862626,0.0046395524,0.031774104,0.011409918,0.10631552,0.17661768,0.17824286,0.049098834,0.031478703,0.29466307,0.0010664129,0.06565475,0.0004951204,0.03280575,3.6846739e-06,1.1966309e-06
2.1271783e-06,4.36308e-06,5.7598016e-05,5.0254173e-05,0.0009924918,0.015914619,0.025932195,0.07472469,0.057623185,0.04604113,0.09471035,0.068216935,0.27054128,0.19914834,0.005833094,0.040448472,0.07032311,0.0292071,0.00013573085,4.454764e-06,7.074084e-05,1.7489027e-05,2.9036383e-07
6.445584e-05,2.1989767e-05,0.00018711605,8.3667e-05,0.0014020789,0.001981898,0.1367895,0.10630233,0.074302085,0.07293397,0.051721334,0.02628545,0.012073012,0.06066241,0.037628543,0.34915936,0.059810247,0.0014022847,0.0065929373,0.0002697303,0.0002505963,2.3292498e-05,5.1739094e-05
1.4535424e-05,3.0801704e-05,0.0002340423,0.0006634057,0.015971703,0.16445252,0.4011592,0.1957103,0.07478098,0.08825522,0.02459841,0.010380227,0.0021262087,0.0011992647,0.0027052627,0.010352067,0.007034673,0.00031707485,1.1090085e-05,1.6563059e-06,4.7972503e-07,8.695612e-08,7.777073e-07
1.9191393e-05,0.0001544837,0.00256353,0.009544811,0.05859451,0.2746313,0.18128347,0.18526217,0.15821983,0.026628958,0.059381776,0.005077373,0.011970042,0.017625665,0.00064946164,0.0011145613,0.0067302706,0.0005308982,1.4173524e-05,8.954243e-07,1.5434982e-06,1.0174064e-06,9.346263e-08
6.8286636e-06,0.0001332355,0.0014623536,0.009056933,0.11925987,0.4719248,0.27499816,0.06391983,0.020368472,0.01952043,0.0024800512,0.011230437,0.0011122713,0.0021082466,0.00018350447,0.00017552318,0.002006459,4.5093817e-05,5.2231003e-06,6.203824e-07,1.4608947e-06,5.3413103e-08,8.4221874e-08
7.1431976e-05,1.0535213e-05,0.00020116317,0.00013682077,0.0020580909,0.006708884,0.019833984,0.26219368,0.20341702,0.323295,0.12814118,0.011226661,0.00463968,0.00020260613,0.03195285,6.0146704e-05,0.0027388632,0.0030599104,2.9222088e-05,1.7979099e-05,6.564177e-08,2.468695e-06,1.6913083e-06
1.18854125e-07,1.03335346e-07,1.1132441e-06,6.128379e-07,1.8716557e-05,0.0005974965,0.0019567965,0.01254671,0.012095063,0.019198956,0.047723234,0.090337634,0.28664824,0.0815541,0.00730721,0.10454074,0.1876064,0.1469792,0.00047016083,3.6563401e-06,0.00038233868,3.1137748e-05,2.2016657e-07
0.019288246,0.300352,0.5481177,0.10778566,0.016724622,0.0035792636,0.0022030508,0.0005051059,0.0005154009,0.00013200587,0.00017614274,0.00013210044,1.9184561e-05,4.4424e-05,0.00012003566,3.160768e-05,0.00015600753,1.0483479e-05,7.396163e-05,2.124153e-05,8.571226e-07,3.650765e-06,7.243282e-06
0.30694598,0.33599132,0.32140172,0.028397407,0.0038050916,0.00045049298,0.00077187474,0.0003424197,0.0004159844,0.00014582108,0.00043207585,9.957932e-05,2.493817e-05,4.4450317e-05,0.00010840596,6.034045e-05,0.00026045853,2.5848216e-05,0.00014385341,0.0001047525,2.5897357e-06,1.1853072e-05,1.2689196e-05
0.001013148,0.02451948,0.09942162,0.38487875,0.2565083,0.07847046,0.074434094,0.030894473,0.034119364,0.004645168,0.00552171,0.0013676402,0.0015329237,0.0011664921,0.00038596985,0.00017146971,0.0008964347,3.795667e-05,9.54242e-06,2.8002376e-06,1.3851426e-06,4.1815738e-07,4.2022094e-07
1.0807458e-05,1.1621767e-05,4.2604166e-05,0.00020604739,0.026595656,0.034611847,0.19010031,0.32294607,0.11002556,0.115622535,0.07914928,0.021455212,0.025904184,0.0029861943,0.0039343312,0.0012354723,0.021867357,0.043103505,0.000104607774,4.8137084e-05,3.9587026e-06,2.1513283e-06,3.2519656e-05
4.958064e-06,7.174568e-07,6.005256e-06,2.1445712e-06,2.69259e-06,3.0527794e-05,0.00024608182,0.009087519,0.035075188,0.027397098,0.0381018,0.024760356,0.0028936353,0.038381886,0.032981914,0.2317956,0.0011071619,0.5564211,0.0008196136,0.00049462647,5.778582e-06,0.0003765247,7.0270057e-06
1.6850793e-06,4.3646646e-06,7.510069e-05,0.00019785066,0.013356716,0.0990598,0.2819716,0.26855198,0.069363505,0.0734635,0.019694554,0.039988816,0.057181776,0.024089605,0.0013396888,0.002617472,0.046867117,0.002109927,4.5100758e-05,2.2018276e-06,1.6726206e-05,5.6617654e-07,3.3018895e-07
1.5259264e-05,8.935061e-06,5.56891e-05,3.7532005e-05,0.0006618579,0.0021994358,0.022257863,0.11181923,0.08720619,0.05504311,0.062071368,0.03656063,0.28672913,0.117792815,0.13827388,0.0449625,0.012614664,0.021559767,7.218343e-05,2.0783356e-05,1.6213531e-05,1.9217778e-05,1.7476797e-06
3.743099e-06,2.818485e-06,1.6381053e-05,1.4448455e-05,0.0007822029,0.003103363,0.057681624,0.11292206,0.10236387,0.07381149,0.05543577,0.058626205,0.15821621,0.07091245,0.016547896,0.050907142,0.1085583,0.1298389,0.00012512041,2.3175484e-05,5.95684e-05,4.1874388e-05,5.3855915e-06
6.3775747e-07,8.084052e-07,7.295505e-06,7.9692705e-05,0.003695321,0.017924413,0.46488428,0.30552122,0.07462076,0.079081856,0.028911617,0.0037228176,0.00442875,0.0007420566,8.9465495e-05,0.012075951,0.0041120816,9.425211e-05,5.629336e-06,4.742318e-07,5.2897724e-07,1.2978451e-08,1.5439191e-07
0.00025904004,0.010368266,0.24646124,0.25053537,0.27599755,0.16634865,0.03096404,0.004424965,0.0075054145,0.0013019228,0.0004864056,0.0026126113,0.00022429937,0.00023552001,0.0013600987,1.6974098e-05,0.00083161186,1.1782352e-05,5.1657626e-05,1.2191479e-06,1.6526444e-07,6.81724e-07,5.3521165e-07
5.4754383e-07,3.039118e-07,4.4607496e-06,2.6088594e-06,0.0006135626,0.045311607,0.05801399,0.22068948,0.18491879,0.4403102,0.04449875,0.0023736833,2.5390143e-05,1.1626764e-08,1.7243912e-05,5.39549e-06,0.0031421054,7.1892886e-05,1.0188292e-08,3.372538e-09,4.771234e-12,8.578603e-12,2.3883924e-09
1.8638157e-05,7.2820367e-06,6.455291e-05,0.000121321,0.009579652,0.019173617,0.040067665,0.33765957,0.118102126,0.32676363,0.13454297,0.004320421,0.00092017464,1.05930885e-05,0.0016860147,8.439742e-06,0.001583159,0.0053470787,1.6338556e-05,4.006135e-06,8.233945e-09,7.128227e-08,2.6983448e-06
2.1820375e-05,5.0394865e-06,1.1202535e-05,4.395638e-05,0.00040115314,0.00055967586,0.00444596,0.017295234,0.093073815,0.08299171,0.18351364,0.25449857,0.16983493,0.005666252,0.0035449092,0.10548472,0.0057402095,0.01518487,0.040061247,0.0026710473,1.9194022e-05,0.0012627342,0.013668062
0.000104548766,1.8554672e-05,2.0258922e-05,1.3696856e-05,8.951737e-06,0.00013346162,2.2410857e-05,0.0012142782,0.0012772062,0.107480094,0.15744302,0.037884258,0.2720381,0.00014956937,0.054692708,0.2997329,0.009288989,0.007235683,0.030690026,0.018879289,5.7009606e-06,1.7442984e-06,0.0016645665
1.8319432e-06,3.5922064e-06,3.7950835e-05,4.0320396e-05,0.0010161272,0.008390596,0.023011936,0.096678615,0.05833572,0.045222033,0.051675875,0.04880611,0.30882606,0.27708223,0.006796775,0.038790412,0.019693857,0.015530837,2.6505832e-05,2.4169844e-06,2.6075966e-05,3.986522e-06,1.1552658e-07
2.1604435e-05,4.4478043e-06,2.9669269e-05,1.5337178e-05,9.319709e-05,0.00014072676,0.0005787641,0.0031466368,0.003286492,0.028722499,0.015883686,0.050252516,0.007018441,0.04295722,0.10715238,0.059619747,0.042436585,0.0018094549,0.6083445,0.020840527,0.0073932046,6.544795e-05,0.00018696878
5.6371214e-06,9.897883e-06,2.6827449e-05,7.0135284e-05,0.0005740805,0.0028726563,0.0045962343,0.042371914,0.02413029,0.02774838,0.013043396,0.14903821,0.5388127,0.07806716,0.011334852,0.099358805,0.0060858983,0.0017492619,2.058602e-05,6.473423e-06,7.607786e-05,4.6311695e-07,1.5544624e-07
0.0028555214,0.07404311,0.27481753,0.39394623,0.15295428,0.038508754,0.030674636,0.010363714,0.0157131,0.0014818092,0.0024379794,0.00047668832,0.0002700416,0.0002900608,0.00032888152,5.1995838e-05,0.0007095486,4.6591966e-05,2.1341673e-05,4.8739544e-06,7.703997e-07,1.3013789e-06,1.2330223e-06
7.642551e-06,1.6174097e-05,0.00024917774,0.0014494496,0.07970575,0.086239934,0.40271595,0.3340725,0.054636493,0.016833926,0.022086583,0.00020808734,0.00030146097,0.00027051836,0.0008246961,7.4459017e-06,0.00014342465,0.00022817195,2.4085032e-06,1.3601431e-07,4.3168367e-09,2.6478654e-08,4.4282885e-08
2.939347e-05,6.9211683e-06,1.8159584e-05,6.0165876e-06,4.0219984e-06,8.8499415e-05,3.4627068e-05,0.010578608,0.025052056,0.12543811,0.15539697,0.2179252,0.054231443,1.6702714e-06,0.0020466165,0.001293816,0.0013550215,0.4058052,2.1038484e-05,0.0006418496,1.7727535e-07,3.1198394e-07,2.4280844e-05
2.5830432e-05,1.0292701e-05,4.7332433e-05,1.7578794e-05,0.00049549446,0.015381744,0.013786597,0.09118203,0.16031305,0.33688018,0.15946424,0.106016435,0.0031720053,1.5962825e-05,0.0015383862,0.0028336558,0.10334026,0.005426372,1.6331167e-05,2.0413354e-05,3.6592374e-07,2.04183e-07,1.527798e-05
1.3010616e-06,6.734613e-07,8.250779e-06,9.341139e-06,0.0019904042,0.061892625,0.17032261,0.34685835,0.13589996,0.22784403,0.0416176,0.0016933591,7.193888e-05,1.715828e-06,9.852833e-05,0.0001622582,0.011478956,4.8055757e-05,6.685221e-08,2.5127022e-08,5.009927e-10,1.0928831e-10,9.342409e-09
0.00012126107,0.00093866925,0.027994158,0.0367438,0.2066753,0.22967745,0.16269885,0.10612881,0.13437611,0.030721996,0.029599395,0.004595633,0.006577191,0.0055661183,0.003670907,0.0002348052,0.013072763,0.0005815258,1.8793591e-05,1.7489367e-06,3.4107911e-06,8.753023e-07,4.315698e-07
6.03148e-06,4.0674324e-05,0.0015396242,0.005300563,0.06738589,0.13229005,0.36579797,0.23163834,0.119605534,0.015540661,0.038581215,0.0006541343,0.0025551443,0.017543163,0.00078858,9.725862e-05,0.00038373756,0.00024245594,8.445161e-06,1.2707987e-07,4.9616673e-08,3.8545426e-07,2.1031312e-08
1.6506391e-06,7.508413e-07,6.1545825e-06,2.5847787e-05,0.0009810176,0.0063889557,0.12928468,0.20884776,0.23369132,0.16359368,0.14574338,0.010279597,0.0049323523,0.013646552,0.0011330476,0.0664648,0.0144902,0.00044315003,2.6908415e-06,1.882836e-06,4.0245064e-05,1.24633495e-08,2.5191514e-07
4.01587e-06,1.0414866e-05,3.103291e-05,0.00027977576,0.0017061201,0.012165773,0.012162945,0.09111361,0.034554996,0.06809953,0.021409554,0.4510812,0.119386494,0.036332708,0.0012004168,0.13639577,0.0132664675,0.00020239395,4.68026e-05,1.8135739e-05,0.00053167966,1.5218114e-07,5.324412e-08
6.138953e-05,0.00041976984,0.013849081,0.01965628,0.23886503,0.21340044,0.2654247,0.13927412,0.06577521,0.018916693,0.013222735,0.00081918616,0.0008455737,0.0037572186,0.0039643664,5.2726482e-05,0.0012791365,0.00040824903,7.0322553e-06,3.7436408e-07,1.9997927e-07,3.011731e-07,1.4244452e-07
9.490892e-08,1.2446735e-07,1.0995268e-06,1.4795313e-06,7.741651e-05,0.001999277,0.006154594,0.03737379,0.014177147,0.03316136,0.03079533,0.057986066,0.21292356,0.045187443,0.0016172383,0.04845741,0.47018003,0.03926118,7.983498e-05,2.565469e-06,0.00056042644,2.4545825e-06,1.017895e-07
0.00023525316,0.006956524,0.13371171,0.19507524,0.3343411,0.22645198,0.065679036,0.010254598,0.013166358,0.003167681,0.00093822443,0.005137282,0.0004929519,0.00067693193,0.0017642354,4.573371e-05,0.0018010583,2.9463374e-05,6.946517e-05,2.5398665e-06,6.839401e-07,9.436762e-07,9.784404e-07
0.00011982217,0.00057545636,0.010671357,0.007964267,0.14006753,0.22571613,0.20057425,0.06482156,0.048906006,0.033512354,0.008840662,0.12279002,0.018164083,0.0577216,0.039205406,0.0013541088,0.015852539,0.0021107455,0.0009622361,2.2736042e-05,1.8688588e-05,2.1803879e-05,6.6042403e-06
3.5731905e-06,2.9156522e-06,4.4011707e-05,3.861188e-05,0.005228489,0.09089367,0.326629,0.3174041,0.11540865,0.12287302,0.017611478,0.0007165862,3.5846773e-05,2.6721152e-06,0.0002661825,8.5243126e-05,0.002699583,5.6154353e-05,2.0618135e-07,3.0692277e-08,7.0820855e-10,3.7565712e-10,1.1805536e-08
8.645966e-07,2.5701452e-06,8.1462356e-05,0.00017747766,0.0069173817,0.094609536,0.15923631,0.23326387,0.11019398,0.067690425,0.11092514,0.012527193,0.065416545,0.070630014,0.0010559254,0.0041089044,0.055804826,0.007324769,2.415735e-05,5.762839e-07,6.634471e-06,1.3290623e-06,3.6792287e-08
4.2269353e-06,1.3286728e-05,0.00051016535,0.00047050795,0.0059828004,0.057711646,0.15995494,0.1684855,0.16615807,0.035694923,0.17639413,0.010940848,0.04848376,0.1463265,0.008108619,0.0039771753,0.0039992733,0.006623264,0.00013698217,7.5163035e-07,8.252542e-07,2.1739763e-05,8.8405265e-08
2.0416273e-06,2.2779834e-05,9.011378e-05,0.0015630282,0.037435446,0.13917919,0.28535008,0.18679851,0.087034434,0.14442967,0.0067103175,0.09045952,0.0037847008,0.0056158067,0.0001251834,0.0086717615,0.0026999714,1.2580014e-05,2.5690472e-06,2.3276234e-06,9.868311e-06,6.7955237e-09,2.0651596e-08
4.7605645e-06,1.50490205e-05,0.00015515648,0.00045361038,0.013792895,0.065227166,0.2530689,0.28777397,0.073502705,0.12259935,0.011550877,0.052483417,0.016647393,0.024201168,0.0012146198,0.009767325,0.06665178,0.00063345244,5.143288e-05,1.2394331e-05,0.00019156729,4.256797e-07,6.291516e-07
3.2521595e-05,1.2284127e-05,5.765545e-05,1.5383403e-05,0.00041674156,0.012518337,0.011248637,0.09858945,0.19287357,0.34792563,0.132335,0.09479268,0.0029743651,3.9140023e-06,0.0012682596,0.00084452966,0.09604963,0.008025636,4.4519315e-06,7.871367e-06,8.518536e-08,6.291967e-08,3.25966e-06
0.0005234989,0.0036662205,0.02131021,0.102292,0.2049941,0.089496836,0.1459124,0.109548226,0.14833698,0.050679527,0.04357903,0.018337678,0.024410745,0.01547295,0.003417603,0.0028207044,0.014747563,0.00024876502,6.499271e-05,1.9009001e-05,0.00011879527,1.1267301e-06,1.0783227e-06
3.3245502e-07,1.7524428e-07,7.264848e-06,9.575033e-06,0.0031539793,0.06859901,0.24644157,0.39328387,0.10828687,0.15537065,0.02380206,0.00030136178,1.5371927e-05,4.0029897e-07,9.893521e-05,8.119617e-06,0.00059871364,2.1756947e-05,5.3044523e-08,3.4702206e-09,1.8582282e-11,3.138604e-11,1.7768156e-09
7.588847e-05,0.00016743699,0.0026659807,0.0021675448,0.030088121,0.048158124,0.10556315,0.13854891,0.15689549,0.08956484,0.10189811,0.022148918,0.057079308,0.12764671,0.05965449,0.0056095812,0.028778182,0.023114823,8.486919e-05,1.0096986e-05,7.170953e-05,5.7400343e-06,1.9690804e-06
0.0022214593,0.049292374,0.44182533,0.2250511,0.15965472,0.059984405,0.026597138,0.010256997,0.01772737,0.0015267043,0.0025804176,0.0006679942,0.00025538268,0.00024167294,0.00075505517,3.2669624e-05,0.0012068733,8.352551e-05,3.214424e-05,3.22676e-06,4.0933142e-07,1.9900015e-06,1.071349e-06
3.9299055e-05,1.432086e-05,5.301021e-05,1.2370822e-05,0.00015891307,0.00444252,0.0024948288,0.06303691,0.13146086,0.2723117,0.21552576,0.19607092,0.007247482,3.7468267e-06,0.0018598061,0.0009149334,0.05691194,0.047380418,9.670074e-06,3.9051953e-05,1.9435379e-07,1.6241314e-07,1.1211259e-05
2.4629705e-07,4.8729016e-09,5.4265996e-07,7.7558106e-08,1.0071988e-06,1.7138078e-06,7.99444e-06,0.00047013568,0.0018396816,0.0025518648,0.015218138,0.45994085,0.0022625222,0.21769932,0.06519857,0.033353005,0.0062530297,0.019460814,0.17524827,4.936506e-05,0.0004253617,1.746133e-05,4.5752955e-08
0.00035694044,0.012991566,0.22265342,0.26344466,0.2786617,0.16373985,0.040133987,0.004757972,0.0067904373,0.0013557883,0.00045397482,0.0021376023,0.00016375443,0.00028501108,0.0012700963,1.9566605e-05,0.000702439,1.4941054e-05,6.255864e-05,1.7367906e-06,2.408485e-07,8.44046e-07,9.172524e-07
1.682344e-05,0.00014366902,0.0043587377,0.012237465,0.06833445,0.21001835,0.22239156,0.18153325,0.19385631,0.017916692,0.05376172,0.0019249652,0.007363459,0.023353409,0.0012008828,0.00033447816,0.0009683044,0.0002741502,9.769866e-06,2.3965006e-07,1.32868e-07,1.0619393e-06,4.0194294e-08
3.7401019e-06,7.604234e-07,3.207045e-06,7.891305e-06,0.00019973458,0.00062820484,0.06331081,0.06272906,0.0573081,0.1688102,0.08144605,0.0068865307,0.0070782155,0.0009325356,0.001373558,0.5430435,0.005834635,0.00019612531,0.00018832779,7.807257e-06,1.2034106e-06,2.4560333e-07,9.585816e-06
0.018817205,0.19249782,0.7011776,0.048402075,0.029439619,0.0039979145,0.0020722628,0.0006063295,0.000754305,0.00015357598,0.00020343765,0.000307489,2.837312e-05,9.2906164e-05,0.0005150832,2.9287465e-05,0.00055650424,3.3815824e-05,0.00025459347,3.763832e-05,1.5695515e-06,1.131655e-05,9.283685e-06
2.416401e-05,0.0005411593,0.015100332,0.097209334,0.15763704,0.36925358,0.15351366,0.0801269,0.09808001,0.0047806273,0.020737221,0.00042850157,0.0007428675,0.0012495833,0.0001174129,3.6726855e-05,0.00039936448,1.9165722e-05,2.1821775e-06,7.366745e-08,2.4224006e-08,7.953009e-08,1.1540432e-08
4.776966e-06,2.6785274e-05,0.0005451077,0.0016024143,0.056078058,0.24927725,0.31110248,0.16751862,0.045941997,0.053744987,0.0073294556,0.047028925,0.014808162,0.014439523,0.0013225019,0.00094496924,0.027556077,0.00067622587,3.815031e-05,2.1915973e-06,1.0532929e-05,5.004849e-07,3.418307e-07
3.58771e-07,1.6243334e-07,6.66199e-07,2.4166739e-06,1.3400862e-05,9.285184e-05,0.0005403641,0.010359579,0.0034346406,0.05487903,0.0120025445,0.54877603,0.019097349,0.021164399,0.00848353,0.27469343,0.022402978,0.00024784624,0.003927753,0.00025063675,0.019629497,3.453714e-07,1.7098672e-07
1.7808665e-05,6.6218317e-06,2.2812957e-05,9.4489376e-05,0.0025710107,0.006545268,0.018498681,0.098949924,0.09313251,0.18152995,0.049730476,0.25776765,0.14549339,0.036129333,0.009913934,0.043770798,0.039180487,0.012449423,0.002371097,0.001392896,0.00013770431,5.6563204e-06,0.0002881435
4.1037365e-06,2.7013373e-06,2.24986e-05,6.261919e-05,0.0059845974,0.0065548904,0.31751603,0.25826615,0.15131527,0.094386935,0.076813884,0.005629644,0.021834297,0.009021991,0.0020717818,0.004538406,0.012468392,0.033240013,0.00023214254,1.483476e-05,4.8623933e-06,5.942758e-06,8.023898e-06
1.7130732e-07,5.0689028e-08,8.46946e-07,2.0097107e-06,0.00010640706,0.0018465612,0.007463916,0.09843294,0.090534374,0.58599097,0.19741192,0.014724316,0.00018572416,2.071455e-07,2.4103825e-05,0.003038956,0.00021128933,2.328955e-05,5.8701494e-07,1.512549e-07,1.4074505e-10,3.4939607e-10,1.1963758e-06
1.7791939e-07,2.7726642e-07,2.01451e-06,4.104957e-05,0.0023050935,0.024468599,0.1580366,0.3480697,0.1603386,0.1875493,0.02611974,0.0251089,0.0068899845,0.0007941469,3.570341e-05,0.050953355,0.00923373,5.0742463e-05,1.0500044e-06,4.6015614e-07,6.802958e-07,1.9446367e-09,7.6805044e-08
4.0610263e-05,1.3413238e-05,5.8268455e-05,0.00017306035,0.006773433,0.005399297,0.010181349,0.16183677,0.10868292,0.32868007,0.2735825,0.03915815,0.014455903,8.329124e-05,0.0012841489,0.0004883725,0.0020854343,0.044323955,0.0005698485,0.0002597788,4.8952865e-07,2.5059264e-06,0.0018664417
0.00023715923,7.8686586e-05,0.00014593228,0.0005229055,0.0010873091,0.0015848665,0.0021742883,0.024661176,0.052023344,0.13855016,0.21509312,0.14989659,0.2191374,0.0072310553,0.009265969,0.027574258,0.0016180011,0.01781202,0.05932662,0.030345732,5.5657136e-05,0.0036396561,0.03793807
2.7432437e-05,0.0017712256,0.02429035,0.11605236,0.36154717,0.35572743,0.10496176,0.014662062,0.011666715,0.0033280517,0.0007859698,0.0036775677,0.00040456076,0.00049296895,0.00014655443,2.661281e-05,0.00042117585,5.779829e-06,3.7417879e-06,2.9146725e-07,1.4857375e-07,3.8702634e-08,4.6799563e-08
0.00013675251,0.0028552506,0.06842198,0.095975816,0.36067927,0.2900513,0.08402805,0.024432871,0.026639976,0.010065984,0.0020984903,0.018688522,0.0024493942,0.0020015114,0.0034650548,0.0001473526,0.0076683383,7.357758e-05,0.00011024549,4.83985e-06,3.0295269e-06,1.2702653e-06,1.0897534e-06
5.6278213e-06,1.6474972e-06,1.6288306e-05,3.1194715e-05,0.004917102,0.010970619,0.016313817,0.27453667,0.09643968,0.41908762,0.16125725,0.004809122,0.00067065173,1.8591373e-06,0.00038314593,3.5444161e-06,0.0012798543,0.009262427,5.8306723e-06,2.551443e-06,1.3727487e-09,1.1253248e-08,3.4425418e-06
3.7086033e-06,2.7699468e-06,7.303077e-05,4.713845e-05,0.0055347662,0.1050546,0.27300215,0.36439154,0.1273108,0.10735101,0.012859096,0.00061834557,3.6996607e-05,4.3241557e-06,0.0010242098,4.3019874e-05,0.0025503132,9.186102e-05,2.8988856e-07,3.48759e-08,4.88124e-10,7.8585133e-10,8.033039e-09
3.2951077e-06,7.28839e-07,2.2562117e-06,8.024072e-06,0.0002140688,0.0010604318,0.024407722,0.046337508,0.05727678,0.189653,0.06404151,0.009280431,0.0049716607,0.00046072697,0.0007866516,0.5916876,0.009585728,0.0001520476,5.3874122e-05,5.660886e-06,4.4518714e-07,9.4119606e-08,9.697466e-06
2.6166897e-06,1.0967462e-06,9.359294e-06,1.26151035e-05,0.00025942473,0.0026982108,0.026803235,0.094230935,0.24386989,0.14137796,0.2239798,0.009479984,0.012715758,0.059984397,0.070262685,0.07843934,0.0144425025,0.021373652,1.8743354e-05,4.8685392e-06,3.170127e-05,3.6778044e-07,8.410922e-07
0.00012830818,2.2259659e-05,0.00020773875,0.00016336849,0.0021278888,0.0057833786,0.01862961,0.15112798,0.14411342,0.28458598,0.21179534,0.043839093,0.03199297,0.0034402178,0.07733961,0.0012125173,0.008300775,0.013984507,0.00061287376,0.00041808654,4.9085897e-06,9.5590265e-05,7.355996e-05
1.098198e-06,8.025483e-07,2.1719174e-05,1.10164665e-05,0.0027714376,0.13025144,0.18314672,0.43683058,0.118995704,0.09936436,0.01635331,0.0007031676,5.9427584e-05,2.137212e-06,0.00046358522,3.1887903e-05,0.010958361,3.3318534e-05,1.8222737e-08,9.36646e-09,1.1252653e-10,6.8829394e-11,5.576561e-10
4.7199595e-05,5.827468e-06,3.622392e-05,6.7111628e-06,2.2795342e-05,4.5824936e-06,1.0999123e-05,0.00013740601,0.00024754074,0.0013987932,0.0048741056,0.0033674722,0.03734775,0.0061204964,0.54957455,0.019064324,0.04660625,0.009920079,0.2546318,0.06565281,5.500241e-06,0.0007453801,0.00017140587
9.844423e-09,4.2739043e-09,2.3659987e-07,1.2246221e-06,0.0021164096,0.032194834,0.029732835,0.62553257,0.13673088,0.13326983,0.038532354,0.0012537452,0.00010638301,1.0330846e-08,0.0002500292,4.174517e-09,0.00026061965,1.8039782e-05,4.7645162e-11,8.216737e-11,2.0600754e-15,1.7164457e-14,1.2467631e-12
1.1525786e-06,0.00012211483,0.0021760033,0.026238976,0.2425435,0.5932232,0.111669436,0.014818849,0.004858208,0.0023715014,0.00044719427,0.0012139684,0.00012369233,0.000103803,1.17407835e-05,3.875032e-06,7.191478e-05,7.68185e-07,1.4355739e-07,9.351686e-09,7.143786e-09,5.4614707e-10,9.2631675e-10
0.08228915,0.45611987,0.36140338,0.08014199,0.009303144,0.0020147907,0.003108916,0.0014483982,0.0016453711,0.00030285,0.0008374068,0.00019012805,8.4189414e-05,0.000107750675,0.0002045326,9.008936e-05,0.0004146241,8.011552e-05,9.245173e-05,8.593632e-05,3.907139e-06,1.2635816e-05,1.8266179e-05
0.0002940261,8.747692e-05,0.0003689975,0.0003533782,0.0074725123,0.009171108,0.027010607,0.15604684,0.14596874,0.2482475,0.13681999,0.067120954,0.029039443,0.0028714584,0.080857895,0.0016752385,0.023117647,0.059738595,0.0019059806,0.0013157695,1.8600787e-05,7.1343966e-05,0.0004259115
6.4611e-07,5.200406e-07,2.8030804e-06,2.0039229e-06,3.0810297e-05,0.0006121738,0.0027902215,0.01777064,0.015869746,0.022865549,0.04057716,0.09264627,0.140468,0.09022521,0.010316857,0.23982824,0.1988438,0.12383092,0.0009527116,2.1170701e-05,0.0023082152,3.48946e-05,1.4252327e-06
7.6422566e-07,7.1092364e-07,7.525745e-06,3.5085784e-06,7.303449e-05,0.0011866018,0.0014542793,0.0112377945,0.0072448933,0.018619776,0.031104276,0.18338038,0.16888404,0.03476394,0.016959721,0.08487509,0.38952547,0.04631292,0.0026606608,2.1416861e-05,0.0016475223,3.4752124e-05,9.3332477e-07
1.0358327e-05,4.6030823e-06,6.10413e-05,1.6246482e-05,0.00045260042,0.018460507,0.012653402,0.15827073,0.19630587,0.22633302,0.09867985,0.035627294,0.0073524327,0.0010194499,0.18797927,0.0040178057,0.04517303,0.0075660185,8.141021e-06,7.093096e-06,3.9835916e-07,5.345673e-07,3.3702716e-07
3.0516872e-05,8.52004e-06,9.646858e-05,0.000178101,0.00078205863,0.0016883616,0.11400406,0.15993693,0.22753109,0.15533504,0.15342118,0.0074984725,0.012481406,0.042870507,0.06956121,0.02722601,0.00034567012,0.01353397,0.012225779,3.991665e-05,8.2753945e-07,0.0011950028,8.944026e-06
3.2710224e-05,0.00082690525,0.019926792,0.047259357,0.31074744,0.38580313,0.11161781,0.036617804,0.031780455,0.015892752,0.0025246379,0.023597475,0.003790917,0.0027715943,0.0011923299,0.00016129714,0.005381286,4.6984103e-05,2.4395591e-05,1.4782534e-06,1.9827507e-06,2.5398117e-07,1.9626201e-07
3.9320247e-07,1.1516413e-07,5.3405404e-07,2.9841362e-06,9.072219e-05,0.00013134402,0.00468605,0.03780136,0.09463708,0.17032385,0.025893098,0.026052166,0.011147985,0.007460128,0.00033920797,0.61161906,0.009563181,1.6581516e-05,0.0001414226,7.480225e-05,1.494217e-05,3.2753295e-08,2.9811895e-06
1.4256108e-05,0.00012751951,0.001751069,0.008055052,0.07184199,0.2488784,0.18976703,0.22617973,0.13874781,0.027876854,0.042758532,0.0043730373,0.013430796,0.02096137,0.00058909005,0.00081413984,0.0033817985,0.00044105557,8.237327e-06,6.401372e-07,1.0108724e-06,4.6979366e-07,6.5546175e-08
9.623662e-05,9.3377685e-06,3.257511e-05,3.098381e-06,1.6066871e-05,6.4392484e-06,9.076916e-06,0.000114507246,0.00037042896,0.0040969797,0.02599813,0.0028704095,0.015477586,1.7478553e-05,0.16046584,0.57830125,0.19004503,1.03465e-05,0.014953346,0.007100664,6.16439e-07,1.5867167e-07,4.4210915e-06
0.00040636412,0.00012949744,0.00037983395,0.0005341899,0.011523093,0.010151433,0.026064612,0.135383,0.14387698,0.18520397,0.10094423,0.093091555,0.05178835,0.006349268,0.06723794,0.004108903,0.033082712,0.120405935,0.00476856,0.0030247485,3.522432e-05,6.968329e-05,0.0014398418
1.7473854e-05,0.0012531547,0.02236985,0.12418765,0.3527361,0.3583003,0.12007255,0.010436268,0.006356941,0.001859723,0.0005189725,0.0012858635,0.00010206168,0.00017264843,8.276375e-05,7.777037e-06,0.00023425052,3.1056406e-06,2.401197e-06,1.1943175e-07,4.0444817e-08,1.7218415e-08,2.644114e-08
0.00018797968,0.005270902,0.068493016,0.4251825,0.11614729,0.23368293,0.06867711,0.026395094,0.044140894,0.0017264427,0.008715313,0.00024710075,0.0003233133,0.00044359904,0.00013046677,3.8506438e-05,0.00018266485,9.011569e-06,5.2611163e-06,2.9591928e-07,3.3274002e-08,2.573842e-07,5.815161e-08
2.77899e-05,1.3801097e-05,0.0001842721,8.871777e-05,0.0024630749,0.034105316,0.11458985,0.24800937,0.2803897,0.22301997,0.03817826,0.008668158,0.0006672207,0.00052672083,0.024453329,0.009029576,0.012561845,0.0029950903,2.2867545e-05,3.4894904e-06,2.7630782e-07,2.2116878e-07,1.0437598e-06
8.0403574e-08,6.770983e-08,5.2230445e-07,1.4744586e-05,0.0008364677,0.00083824614,0.16343221,0.35452357,0.16116545,0.22778292,0.012819382,0.0061440854,0.0022692871,0.00045146156,1.1537521e-05,0.067747094,0.0019563495,2.3854793e-06,1.989815e-06,5.5287956e-07,1.5617671e-06,3.8430478e-10,3.0650586e-08
0.00056796946,0.008701645,0.13160414,0.16538423,0.27909836,0.16571203,0.0949777,0.048986994,0.07251521,0.009612953,0.011155152,0.0021943229,0.0020147264,0.0015408013,0.0017078633,0.00013106674,0.003861813,0.00020423593,2.242509e-05,2.703846e-06,1.4364524e-06,1.4247383e-06,7.734372e-07
2.4161918e-05,7.116179e-05,0.0013266258,0.0018745345,0.087810926,0.122942485,0.31127506,0.26108447,0.0862006,0.04837864,0.033637743,0.0017768076,0.0041624894,0.020844527,0.013157521,0.0009664081,0.0035428647,0.0009185938,2.52595e-06,5.795822e-07,9.947937e-07,9.837812e-08,1.0838988e-07
2.6778935e-05,0.00023467916,0.010300656,0.015600972,0.23752478,0.33891806,0.19183141,0.06971153,0.03448429,0.027005883,0.004127038,0.028466517,0.0058696265,0.0065546017,0.005866618,0.00022322622,0.022838715,0.0002784484,0.00012539567,2.8427364e-06,6.3011157e-06,9.786102e-07,6.541824e-07
2.3084692e-07,3.7751377e-08,2.388515e-07,1.7282853e-06,2.3123066e-06,7.4990066e-06,0.00012079192,0.0017844852,0.0021776569,0.030320827,0.018940406,0.121419236,0.009878335,0.12077822,0.0053082444,0.05011824,0.00034014988,1.9474628e-05,0.0007013866,3.466752e-05,0.6380457,1.4982302e-08,5.7977626e-08
2.117325e-06,6.148581e-06,0.00011395206,0.00027696122,0.017252417,0.091260836,0.23808281,0.26750943,0.06327802,0.08366934,0.0135550015,0.057422075,0.045286607,0.027351208,0.0015580578,0.0032039427,0.08845087,0.0016119156,5.8307243e-05,3.994187e-06,4.4907658e-05,6.3324694e-07,4.0004483e-07
1.1669717e-05,3.7105442e-06,4.7144276e-05,6.324888e-06,0.00023233064,0.014284159,0.0052661956,0.098408714,0.19812015,0.32751265,0.09109088,0.094331555,0.0015886595,3.5472096e-06,0.007891515,0.00015714085,0.15508464,0.005954746,1.2648785e-06,2.8720206e-06,2.201603e-08,3.475871e-08,1.4575464e-07
9.604778e-06,5.5229997e-05,0.00042803693,0.002190331,0.03450704,0.10767581,0.38215432,0.21265075,0.05907709,0.11157589,0.0068961307,0.04292517,0.0041384245,0.011768026,0.00061347446,0.0056134514,0.017479608,0.00011658922,3.0681756e-05,1.1133962e-05,8.2735096e-05,1.8258275e-07,3.6009655e-07
8.802852e-07,7.1097026e-07,1.8731258e-05,5.821419e-06,0.0009735497,0.0039429455,0.013193669,0.037893556,0.011814832,0.03031948,0.015471844,0.07009881,0.27625784,0.13774416,0.016527249,0.005072295,0.36477646,0.013352031,0.0021824338,1.4096201e-05,0.00032794205,9.462965e-06,1.2094495e-06
4.229948e-06,9.588919e-06,0.00011406998,0.00017712211,0.0069993986,0.016685307,0.07186236,0.2835995,0.13716488,0.056330502,0.046472266,0.01322403,0.1676268,0.1701903,0.014417102,0.006083795,0.0038619991,0.0051655406,7.0766387e-06,1.2479959e-06,2.0036082e-06,7.9166995e-07,6.849297e-08
0.0002874922,0.002476659,0.06992131,0.058206435,0.21813747,0.23705469,0.10723278,0.08179591,0.13484024,0.024549894,0.024662156,0.007828181,0.009212977,0.0044831354,0.005215253,0.00028984045,0.013127222,0.0006340449,3.5252153e-05,2.938558e-06,3.1897744e-06,2.2112208e-06,7.202283e-07
6.6206794e-06,1.589642e-06,6.7701135e-06,2.3986802e-05,0.0010576891,0.0010028201,0.06330877,0.100157626,0.22299284,0.15764768,0.2291576,0.04162692,0.099552065,0.005639357,0.0061506853,0.022279494,0.014667646,0.031331446,0.002993388,0.00013284294,9.831123e-06,0.0001227059,0.0001296482
7.661273e-05,0.0021930123,0.0494673,0.09805312,0.3366134,0.34245306,0.09231818,0.022973342,0.025471369,0.007818822,0.0018831352,0.0128764985,0.0020748652,0.0018342012,0.0013784895,9.340798e-05,0.0023460002,4.1409323e-05,3.0442634e-05,1.4973704e-06,9.449219e-07,5.1291585e-07,3.7313822e-07
1.30789385e-05,0.000113844544,0.0017745895,0.0090575665,0.11967391,0.18223079,0.2983934,0.24690366,0.08640965,0.014460132,0.025600988,0.0008005707,0.0023374371,0.010597369,0.00044756936,0.00010868034,0.0007343423,0.00033421864,7.2181724e-06,3.7736822e-07,2.0627672e-07,2.8098907e-07,7.122929e-08
6.926833e-05,0.0015764895,0.03439654,0.099090025,0.32872114,0.31378713,0.17860128,0.020686828,0.0114076855,0.0043200064,0.001064498,0.0030695016,0.00025166693,0.00070429366,0.0010036917,2.7942662e-05,0.001164542,2.5583668e-05,2.9985711e-05,9.203153e-07,3.6613721e-07,2.9673612e-07,3.4925796e-07
4.3583455e-05,0.0032741334,0.03076896,0.20129661,0.31907773,0.3302999,0.1054571,0.00593637,0.0024005573,0.00068522344,0.000295412,0.0002768285,1.6555356e-05,4.968011e-05,5.6604436e-05,4.542648e-06,5.591777e-05,1.5985629e-06,2.495079e-06,1.220537e-07,1.3193145e-08,1.4155745e-08,4.0014662e-08
2.4106252e-05,0.00031974175,0.010372951,0.040054154,0.1019364,0.39325613,0.18004033,0.099589564,0.11990392,0.009204575,0.0373132,0.0011643367,0.0016413878,0.0021244043,0.00033653007,0.00011992404,0.002495497,9.285182e-05,9.229241e-06,2.2227572e-07,1.5279832e-07,4.054017e-07,3.846296e-08
2.8379709e-05,0.0016320285,0.032552667,0.13874638,0.36259937,0.32138297,0.113486476,0.012792658,0.00997767,0.0027273505,0.0007369713,0.0020959687,0.00022325179,0.00032399516,0.0001744084,1.4349844e-05,0.00049372815,6.2508157e-06,4.6085443e-06,2.34922e-07,1.089112e-07,4.1713296e-08,5.3382195e-08
2.530759e-06,5.6360997e-05,0.0008541215,0.008164437,0.15099847,0.3077544,0.22305691,0.11493599,0.04693211,0.06442105,0.0034081424,0.058472987,0.008061481,0.0043246294,0.0002217086,0.00044215884,0.007858194,2.07406e-05,4.6377895e-06,8.174966e-07,8.143488e-06,1.403571e-08,1.5630693e-08
2.283863e-05,5.0739975e-05,0.0022732697,0.002319936,0.03490898,0.10079143,0.096972816,0.12234491,0.15076524,0.10909864,0.09717395,0.029853433,0.06927501,0.022296617,0.023212915,0.0012901936,0.13149332,0.005723737,5.520435e-05,2.7274486e-06,7.262692e-05,1.0902145e-06,3.6816448e-07
0.00010358509,0.0017753851,0.0316582,0.08005322,0.29943532,0.37700966,0.15101692,0.022546103,0.015724415,0.005380632,0.0015095414,0.0077371886,0.00069197116,0.001974069,0.0019497302,6.0086564e-05,0.0012532732,6.190594e-05,5.4432105e-05,1.9006571e-06,7.8433374e-07,9.042998e-07,8.209218e-07
5.819547e-08,4.3165924e-09,1.8700715e-07,1.0736864e-08,1.0984136e-06,4.0529062e-07,2.9823543e-06,4.7548547e-05,2.0651794e-05,0.00029795145,0.000366381,0.0026768718,9.360646e-05,0.00062923296,0.03130655,0.00078090123,0.013519355,2.3561439e-05,0.9487404,0.001463577,2.6424628e-05,1.9261995e-06,3.1703715e-07
3.5766166e-06,4.705041e-05,0.00039413894,0.0055067283,0.054492183,0.55514693,0.3234742,0.04773557,0.0041982047,0.006924971,0.001786844,0.00015764098,1.2208515e-05,1.0916218e-05,1.8456649e-05,3.6757032e-05,5.189834e-05,1.4913467e-06,1.9594418e-07,1.2617064e-08,1.4714304e-09,3.2786493e-10,5.4069016e-09
2.4037656e-05,1.7920309e-05,0.00017673054,3.0345349e-05,0.0004368372,0.009174322,0.0146241095,0.13234496,0.40653688,0.32648468,0.04450932,0.04517098,0.0008508722,1.3853667e-06,0.0024503658,0.00036548715,0.005176143,0.011618865,2.9826165e-06,2.3400983e-06,9.076119e-09,3.9779806e-08,4.207662e-07
8.274858e-06,6.736365e-05,0.00063373795,0.0044917758,0.03741132,0.30312464,0.12712263,0.20484185,0.11768574,0.045044027,0.055558622,0.021037398,0.04106515,0.009722121,0.00039000055,0.0045944266,0.026757576,0.0004228457,1.11642275e-05,1.1963967e-06,7.874186e-06,2.336941e-07,4.1761258e-08
2.5502088e-05,2.6532005e-06,8.345912e-05,6.5774235e-05,0.0013998295,0.006358888,0.01520735,0.24714789,0.15662418,0.411239,0.1406016,0.0052534575,0.0021041443,4.4621476e-05,0.011381959,7.760656e-06,0.0010672563,0.0013665115,1.2549976e-05,4.840718e-06,6.9880612e-09,3.9345582e-07,4.0306452e-07
3.0698465e-07,2.1348531e-07,2.1438434e-06,1.305817e-06,2.0700372e-05,0.0005528149,0.0085318955,0.010780495,0.026203342,0.019589256,0.15335134,0.03569662,0.09376152,0.2209731,0.016946044,0.12752862,0.013232822,0.26863745,0.0034950858,3.7104166e-06,2.8775383e-05,0.0006619989,4.812856e-07
9.131326e-05,2.111862e-05,5.8589987e-05,1.7129345e-05,1.8255147e-05,0.00038932482,0.00011700426,0.010036497,0.013638038,0.10925401,0.18265854,0.23328792,0.10712272,0.00066626247,0.09216378,0.028767837,0.022865193,0.18937513,0.0021874383,0.007046237,1.4120967e-05,8.890901e-06,0.00019454688
2.6451673e-06,1.023476e-06,1.005594e-05,5.182647e-06,0.00068538095,0.03822658,0.035131164,0.18042383,0.17148812,0.3970244,0.07887464,0.019903114,0.00036628396,1.931048e-06,0.0003288914,0.00027591496,0.076924935,0.00032488257,4.89164e-07,3.3295407e-07,4.3775836e-09,1.963105e-09,1.5110041e-07
8.900183e-06,4.0793107e-06,3.8495367e-05,1.6777878e-05,0.00037920807,0.0047911373,0.017284831,0.10469196,0.15199639,0.16552459,0.11109518,0.030727789,0.012579953,0.016329022,0.2103683,0.13736112,0.026561119,0.010202632,1.901157e-05,6.6849702e-06,1.1876098e-05,2.980902e-07,7.139501e-07
4.1085905e-06,1.009825e-06,5.9718213e-06,4.4010108e-06,2.9747864e-05,0.00026274126,0.0029954386,0.015373969,0.059687637,0.06071492,0.044924106,0.025155129,0.0033557704,0.02934542,0.032620702,0.71871066,0.0033715966,0.0031299107,9.760267e-05,1.651457e-05,0.00018898302,4.7526837e-07,3.2569085e-06
6.4596384e-06,6.7840716e-07,5.2762403e-05,1.3946194e-05,0.0003611122,0.0034190754,0.007613237,0.3801733,0.23524715,0.20234106,0.07794603,0.0050470824,0.0060264426,5.401368e-05,0.08001981,8.371696e-06,0.0013379795,0.00033081253,2.726179e-07,3.3634137e-07,3.511736e-10,4.295105e-08,3.0436922e-09
1.2194782e-05,2.3917144e-06,1.269338e-05,3.064908e-05,0.00036330833,0.0025457314,0.0048261345,0.056349814,0.054755166,0.4926581,0.2961845,0.037124205,0.0019385685,5.953567e-05,0.00017534882,0.049830176,0.0028495668,0.00013786912,3.2945198e-05,2.0787353e-05,9.951116e-08,3.501642e-08,9.020173e-05
2.6510153e-07,3.0184788e-07,4.5717693e-06,2.50311e-06,9.923751e-05,0.0024717113,0.005620604,0.020070136,0.014021094,0.025582757,0.048632,0.069314905,0.18408409,0.047914777,0.008994185,0.04561653,0.43760034,0.08841468,0.0011869684,6.899789e-06,0.0003220098,3.890572e-05,5.4099223e-07
1.7316373e-06,1.2046937e-05,0.00014875236,0.00071769784,0.015771585,0.16911706,0.08822769,0.22140853,0.1196072,0.063918345,0.05271351,0.045730572,0.16184026,0.035488047,0.000684982,0.0073025376,0.016391786,0.0009085084,5.583592e-06,3.9550252e-07,2.9160706e-06,2.2722156e-07,1.1650868e-08
1.8112643e-06,6.841875e-06,0.00020585298,0.0003262593,0.0074787163,0.07876188,0.11498995,0.19899955,0.15896036,0.052821685,0.12796706,0.01615298,0.08392587,0.1310675,0.00190563,0.004972792,0.016226733,0.0051993956,2.2984135e-05,5.917443e-07,2.6367566e-06,2.8478505e-06,3.9160785e-08
1.2165509e-06,1.1529712e-06,4.8738393e-06,7.864399e-06,0.00016709624,0.00074540207,0.0014550186,0.032826133,0.03406346,0.019308662,0.0075934087,0.082163304,0.7223696,0.013230648,0.065743305,0.01829265,0.0013265954,0.00069595466,1.65893e-06,1.3404886e-06,6.785088e-07,2.794311e-08,1.2582245e-08
1.9479623e-07,3.639023e-07,2.9529588e-06,0.00012692055,0.0047250227,0.009305273,0.4536355,0.28538996,0.08193279,0.13739674,0.01037758,0.0015624601,0.0001797284,7.634958e-05,4.9660703e-06,0.014882929,0.00039841005,1.4049762e-06,2.39302e-07,7.8132835e-08,4.5640675e-08,9.959627e-11,1.1681923e-08
0.0027993256,0.15152575,0.5469647,0.21581885,0.06182685,0.014095999,0.0047525354,0.0006397352,0.0007606591,0.00013459931,0.00010380604,0.00019421766,1.7495782e-05,3.5590685e-05,0.00013278768,1.2105194e-05,0.00013413672,4.560367e-06,4.0005492e-05,3.570193e-06,1.7895931e-07,8.9813e-07,1.6535246e-06
1.1973314e-07,5.042002e-09,1.685096e-07,2.375581e-08,2.6941626e-07,9.3213146e-08,6.507243e-07,6.5773784e-05,5.9190104e-05,0.00088543416,0.0026170304,0.058254812,0.00088712206,0.036002446,0.21805736,0.0085066315,0.0015689966,0.0004225504,0.6702208,0.000434825,0.0020152533,5.12168e-07,4.512525e-08
3.2536539e-06,5.4962597e-06,3.558166e-05,0.00030678444,0.0066362047,0.026757529,0.48044252,0.25367615,0.0731267,0.09256288,0.022774316,0.005349288,0.0020887968,0.001220328,0.00021741686,0.02979908,0.004895067,8.9192894e-05,1.0152723e-05,1.5434155e-06,1.2681401e-06,3.462129e-08,4.5437167e-07
7.892598e-06,2.6358343e-06,1.7519513e-05,5.6651247e-06,0.00031974367,0.013926272,0.0124132605,0.14325102,0.23692863,0.4112442,0.1109576,0.035644323,0.00073759694,2.3206063e-07,0.00014705963,0.00012487629,0.032245114,0.0020253793,2.548245e-07,4.3503488e-07,1.6628794e-09,1.6272708e-09,2.9248335e-07
1.6198088e-06,5.2960587e-07,2.0701673e-06,1.6779224e-05,5.7489484e-05,0.000115972136,0.0014506517,0.010584087,0.01748486,0.0684297,0.023619372,0.1853584,0.008287954,0.14857677,0.0024174508,0.53138065,0.00021042163,5.7646475e-06,5.4030123e-05,5.7342466e-05,0.0018879079,5.7860863e-09,1.4570732e-07
0.0028257791,0.060824983,0.47675797,0.21213946,0.14269929,0.051009245,0.022846669,0.009051711,0.015135492,0.0013379891,0.0022782155,0.0006153946,0.00022863797,0.00023255633,0.0007475066,3.3833778e-05,0.0011032143,8.729054e-05,3.6700025e-05,3.9322254e-06,4.3619076e-07,2.3784055e-06,1.3137784e-06
2.1353928e-06,1.4437453e-06,9.367473e-06,6.924228e-05,0.0023637556,0.010179184,0.16137409,0.24146125,0.18352303,0.15611756,0.08445742,0.016526313,0.0038444994,0.013624702,0.0005195702,0.12186247,0.0039979937,4.900226e-05,9.0835755e-07,1.1501971e-06,1.4869342e-05,2.4318516e-09,4.0531905e-08
1.2091117e-06,1.991499e-06,2.4254063e-05,2.8641027e-05,0.0009351909,0.015275473,0.05250603,0.099101394,0.054038893,0.058406644,0.086579934,0.03890266,0.15741026,0.19623119,0.0035521104,0.036249608,0.15152536,0.048901953,0.00018806366,6.2886415e-06,0.0001168219,1.5576697e-05,4.653293e-07
1.7073526e-05,0.00014544981,0.007698343,0.009493909,0.1901441,0.3973411,0.12868227,0.07397507,0.04483196,0.034914944,0.005536085,0.05615709,0.0133876875,0.011082961,0.0056931055,0.00028849315,0.020150011,0.00037240834,7.9769314e-05,1.9675126e-06,4.8878883e-06,9.340949e-07,4.1878775e-07
0.0001823337,3.0007344e-05,0.000120466306,0.00030253633,0.0012587084,0.0018387472,0.005008922,0.069758154,0.08571807,0.31493586,0.35329393,0.055429522,0.063937016,0.0032652912,0.008240281,0.0019206167,0.0010086522,0.016048698,0.0085411025,0.005899071,1.05504405e-05,0.0008306811,0.0024208608
7.4376044e-07,1.6301682e-06,2.2426671e-05,3.0541458e-05,0.0011515452,0.016423782,0.039775133,0.12336684,0.05972062,0.060870383,0.073412485,0.046774015,0.23189427,0.22040913,0.0022924002,0.031379744,0.06862959,0.023755698,3.3898774e-05,2.1677004e-06,4.938945e-05,3.5020075e-06,1.0569037e-07
1.2204105e-05,1.1962031e-05,9.437101e-05,0.0001730689,0.004416166,0.011018806,0.46756625,0.20005552,0.080322884,0.076066636,0.033661865,0.014137905,0.011487523,0.013760545,0.0038388486,0.06279067,0.019385757,0.0008289936,0.0003303664,1.640182e-05,1.6676722e-05,1.922543e-06,4.690863e-06
2.1734375e-06,1.173142e-05,9.760827e-05,0.0014636493,0.025195,0.22676486,0.4981707,0.16688809,0.025847984,0.041295804,0.009306067,0.0021917378,0.0003498348,0.00024587626,7.792533e-05,0.0011889545,0.0008783362,2.1954878e-05,1.456838e-06,1.5683935e-07,8.470455e-08,4.337164e-09,6.131148e-08
0.00033040688,5.1165804e-05,0.00019381782,0.00025822013,0.0007983119,0.0015892142,0.0030000904,0.029051147,0.04683238,0.16192676,0.4338619,0.07449776,0.08966226,0.020959817,0.021968717,0.0052222405,0.0030699878,0.025721878,0.028284192,0.03989752,5.2021085e-05,0.005029014,0.0077411616
5.6168774e-06,3.1960542e-06,9.277014e-05,6.7025016e-05,0.003496766,0.047864802,0.15796658,0.3339681,0.24486358,0.16547991,0.023263013,0.0024798785,0.00017499969,5.740909e-05,0.01738386,0.00016779467,0.0017782124,0.0008740447,1.1825295e-05,4.6378454e-07,3.5705785e-09,4.8775572e-08,7.7629636e-08
3.0043924e-05,6.619415e-06,4.7680067e-05,1.816208e-05,4.442305e-05,0.0012543984,0.00044095382,0.04539886,0.08633272,0.3331445,0.19699833,0.14142095,0.0061103026,2.6600286e-05,0.011796773,0.00054926233,0.007871429,0.16796741,2.9819048e-05,0.0004931655,4.3609094e-07,1.0586011e-05,6.6339635e-06
2.6333619e-06,3.962792e-06,4.371434e-05,6.387211e-05,0.0024861319,0.013219617,0.14364141,0.16073051,0.08643359,0.05096383,0.073189974,0.010982546,0.0614202,0.31029373,0.00418422,0.019224819,0.026763178,0.03620504,0.00010648347,6.0795296e-06,2.0924801e-05,1.2993842e-05,5.1146924e-07
1.5842851e-06,1.1333437e-06,5.88211e-05,5.693427e-05,0.00046998155,0.009702012,0.15292816,0.13749877,0.07187726,0.06447448,0.3376933,0.007536147,0.02128914,0.11154073,0.058468778,0.00439137,0.00012096224,0.016223263,0.00504886,5.609142e-07,1.9528096e-08,0.00061768305,3.6835907e-08
1.4963462e-07,6.4195795e-09,5.1305754e-08,8.175143e-08,1.6142154e-07,5.0378014e-07,2.1850283e-06,0.000118424316,0.0007285492,0.009045496,0.0106476685,0.04204958,0.0075846496,0.31571734,0.3303698,0.058522627,0.00069826655,0.00014030615,0.20441827,0.0041718767,0.015780244,5.3799386e-07,3.1865827e-06
6.5663467e-06,1.19547685e-05,0.0003071144,0.00046024538,0.03153853,0.15025096,0.38619262,0.32165197,0.049959462,0.035834566,0.018887972,0.0003313994,0.00028558407,0.0007774396,0.0014832729,0.00024222425,0.0016309563,0.00014664802,3.872625e-07,8.379548e-08,4.2825736e-08,4.8408175e-09,1.6874086e-08
1.2925949e-05,2.0394111e-06,1.3828388e-05,3.164782e-05,0.0016292908,0.0020613016,0.0017870315,0.11998462,0.09456503,0.4187517,0.20180415,0.03423621,0.00623377,9.81081e-06,0.00040082308,4.3320197e-05,0.001004509,0.11623929,7.612508e-05,0.00011902363,3.663421e-08,1.8287413e-07,0.0009933431
2.40917e-05,0.0001646131,0.0024260678,0.007529816,0.09463941,0.29268795,0.41516116,0.10122919,0.02715567,0.025025845,0.0052099307,0.012214644,0.002244632,0.0068926457,0.0014094561,0.0004545042,0.0052049737,0.00027474726,4.1986386e-05,2.564855e-06,4.840909e-06,6.4577887e-07,6.3670274e-07
4.9823306e-05,1.2773445e-05,5.1325416e-05,1.631989e-05,8.09415e-05,0.002537273,0.0023686776,0.032292828,0.0734702,0.22523962,0.1766764,0.18879677,0.013750127,0.00231827,0.048807826,0.16310212,0.031099824,0.03717881,0.000979008,0.0009770382,4.1413758e-05,1.3986029e-05,0.00013858319
1.6338594e-06,1.0305645e-06,3.012466e-05,3.5893565e-05,0.0052009765,0.076166935,0.31492522,0.3546988,0.111130424,0.11298694,0.022200992,0.00052416755,4.7891892e-05,7.651209e-06,0.00048663665,7.9749014e-05,0.0013893979,8.510022e-05,3.9737293e-07,3.5902374e-08,9.498057e-10,7.475072e-10,1.6828967e-08
0.0012558473,0.080971375,0.4690734,0.29329255,0.11522845,0.029070117,0.0077392687,0.0008955543,0.0012955379,0.00020442465,0.00012343102,0.000339323,2.7473736e-05,4.6758025e-05,0.00020701622,1.0071989e-05,0.00017591285,4.1119038e-06,3.5814297e-05,1.9441345e-06,1.2629887e-07,6.0137285e-07,9.371178e-07
9.1413585e-06,2.504911e-06,1.4083912e-05,3.0294183e-05,0.0010031251,0.011517879,0.04156009,0.16620216,0.11978682,0.45296553,0.1377123,0.02941133,0.00094053487,0.00010368107,0.0002493918,0.022055963,0.016284259,0.00013253982,8.675655e-06,4.4832464e-06,2.0712515e-07,1.4540359e-08,4.9855175e-06
0.005354344,0.20231177,0.58347946,0.15738858,0.0377417,0.008450296,0.0033677171,0.0005403775,0.00059012393,0.000120753975,0.00011067763,0.00015317698,1.599995e-05,3.597943e-05,0.0001252157,1.5172506e-05,0.00013150215,5.968968e-06,4.9996626e-05,6.4896058e-06,3.0271002e-07,1.4403087e-06,2.9432074e-06
0.000117956086,4.713786e-06,3.729621e-05,3.9901646e-05,0.00019356376,0.00021636784,0.000113312155,0.015830794,0.021708079,0.12816803,0.113101505,0.021374589,0.031729467,0.0018122685,0.00334452,0.00096608704,0.0023487895,0.5411074,0.015634766,0.009708477,5.53998e-07,1.2948284e-06,0.09244024
1.1130297e-05,4.046919e-06,1.054994e-05,5.035363e-06,6.440428e-05,0.0024075608,0.0024520797,0.021837685,0.07033024,0.1603366,0.061024375,0.47234908,0.010517619,0.0005102168,0.0069812597,0.074288845,0.11284417,0.003907186,2.3437582e-05,4.5208068e-05,5.8368187e-06,3.733165e-07,4.3002743e-05
2.2691424e-06,4.8875523e-07,1.3364859e-05,7.0779124e-06,4.1990093e-05,0.00029131505,0.0008278163,0.0083277915,0.019068941,0.040208966,0.09417433,0.23847012,0.024175117,0.1259322,0.20361635,0.062123694,0.013425542,0.15534599,0.008510487,2.0498872e-05,0.005402213,1.2216808e-05,1.2589804e-06
3.1180462e-06,4.2096235e-07,1.8886132e-06,4.4931435e-06,9.940554e-06,0.00011007478,0.008977947,0.017717069,0.10187295,0.04830425,0.29628322,0.024478631,0.027280277,0.19668531,0.00910119,0.14358869,0.00021451715,0.030602805,0.040998522,8.4503896e-05,9.014432e-07,0.053674426,4.900195e-06
6.878618e-08,1.0108026e-06,1.0692859e-05,0.00035212663,0.020893581,0.24972925,0.39163616,0.22795591,0.033478394,0.056175154,0.0045104073,0.010118451,0.0019801809,0.00049170404,9.101398e-06,0.0002443635,0.0024003403,1.2458228e-05,1.7081142e-07,4.054903e-08,4.325766e-07,4.1365938e-10,1.7097437e-09
0.00012439593,0.008503015,0.104425065,0.33838224,0.2937933,0.18459876,0.058828462,0.0044747954,0.0043644947,0.0008422682,0.00032714708,0.00075392076,6.0628015e-05,0.00012681547,0.00018647923,8.987947e-06,0.00018679106,3.444504e-06,8.390353e-06,3.751913e-07,6.011854e-08,8.825669e-08,1.4303059e-07
0.0008604873,0.047018036,0.52910936,0.2247855,0.14347887,0.04134224,0.008518143,0.0011006,0.0017825834,0.0002766495,0.00015336619,0.00056470954,4.4062177e-05,5.963113e-05,0.00048741512,8.679321e-06,0.0003438142,6.1480946e-06,5.619141e-05,1.7112089e-06,1.1957715e-07,8.1590787e-07,8.795991e-07
2.965961e-07,1.7462844e-07,1.062419e-06,1.2795162e-05,0.00076989504,0.002428761,0.14541161,0.2706051,0.14811046,0.18355678,0.044872947,0.008679295,0.009946327,0.0010593454,6.7870555e-05,0.17537299,0.009026622,6.7751826e-05,6.961367e-06,1.2063435e-06,1.4181745e-06,8.179321e-09,3.358061e-07
6.3634275e-07,3.8556516e-07,2.5349784e-06,2.6969606e-06,1.6334625e-05,7.0193775e-05,0.00020854812,0.005617389,0.016533926,0.025826877,0.07704964,0.11810325,0.25391677,0.29864553,0.08935748,0.07699079,0.002681354,0.03252559,2.9399354e-05,1.3171152e-06,0.002419087,2.7362603e-07,3.9479986e-08
6.245314e-05,4.941694e-05,0.0004321893,0.00052514253,0.017512845,0.019393966,0.21962823,0.40449187,0.14157219,0.057596523,0.062225506,0.0032387194,0.009842937,0.010509951,0.043158192,0.0010712029,0.0025628519,0.0060325693,6.797415e-05,1.5557056e-05,9.70293e-07,5.8254345e-06,2.9154837e-06
0.0005179839,0.00013897303,0.00051537825,0.0010203809,0.00167854,0.0031045263,0.002788924,0.09297059,0.14792326,0.40505454,0.13830756,0.06871272,0.069620386,0.00020899909,0.005939131,0.0019694802,0.0006452131,0.053547014,0.0014903219,0.0015993074,7.7597015e-06,7.924896e-05,0.0021597622
0.00027383896,8.269287e-05,0.00015246798,0.00032594288,0.0004465145,0.0007082455,0.00032302475,0.004407263,0.009592745,0.04454568,0.089637786,0.078436784,0.20577292,0.0106133595,0.019805526,0.030992355,0.0034474873,0.016439933,0.20122111,0.1681266,0.00010100303,0.0016573722,0.112889394
5.4599343e-07,4.1138742e-07,1.9154359e-06,2.0873376e-06,8.7620654e-05,0.000950343,0.016411602,0.039543983,0.03640795,0.02783218,0.019738758,0.034536496,0.06256037,0.035533458,0.0025417646,0.07954014,0.558284,0.08476586,0.00034830876,2.968702e-05,0.00086134236,1.8271823e-05,2.8760846e-06
5.8223736e-06,2.3796458e-06,2.1382302e-05,7.4027794e-06,0.0004397166,0.021995828,0.01518588,0.12220181,0.24523492,0.43922287,0.086092524,0.034031138,0.00041333717,3.7683935e-07,0.0004380808,8.183591e-05,0.032848496,0.0017744693,6.8042954e-07,7.5056045e-07,2.89846e-09,4.976989e-09,2.557653e-07
3.2942305e-06,0.00016442443,0.0024414163,0.021104025,0.18495545,0.64679784,0.1170078,0.017407812,0.0046738796,0.002892827,0.0006785177,0.0013791682,0.00014433323,0.00018308162,4.0718005e-05,8.6732925e-06,0.00011279891,3.3223578e-06,6.143412e-07,3.6932956e-08,2.080542e-08,4.1193413e-09,6.942621e-09
0.0064856615,0.20887432,0.59249467,0.14361195,0.036028616,0.007437912,0.0030487264,0.0005351398,0.00059552735,0.00012651281,0.00011953983,0.00017863844,1.869484e-05,4.2357533e-05,0.0001436693,1.8304458e-05,0.00015540786,7.2002476e-06,6.233224e-05,8.7822145e-06,4.0387673e-07,1.9792924e-06,3.6630113e-06
3.2865947e-07,7.998702e-07,4.4153253e-06,8.031532e-05,0.00425799,0.054591324,0.12117738,0.25908595,0.18862101,0.20136248,0.019485194,0.07231993,0.008142154,0.0018633044,0.000111104644,0.062554345,0.006303248,3.617783e-05,9.018501e-07,6.799904e-07,8.8282763e-07,2.146636e-09,3.4236162e-08
3.9789655e-05,0.00045914372,0.015878243,0.025335586,0.24784555,0.41249487,0.14624241,0.0474532,0.034201406,0.0172315,0.0034269663,0.0277646,0.004257425,0.006469607,0.0038495378,0.00015763285,0.0066295792,0.00018575444,7.069703e-05,2.167273e-06,2.7138985e-06,1.0882466e-06,6.0843536e-07
2.7146057e-06,1.9082586e-07,3.1984162e-06,6.260114e-07,2.5117495e-06,7.53092e-06,3.1114574e-05,0.0007927214,0.004207683,0.0045089507,0.025094176,0.040755406,0.0019997389,0.16862358,0.12156456,0.4043974,0.011285377,0.05404037,0.15635295,0.0060424213,5.1802097e-05,0.00023001316,4.87174e-06
1.295012e-05,4.3499963e-06,1.3762462e-05,8.2267674e-05,0.0067371726,0.0037081335,0.015173482,0.119858235,0.10341075,0.28977352,0.30178037,0.07735868,0.048724722,0.0002790058,0.0021483034,0.0007613779,0.003788097,0.022746183,0.0015028758,0.00034575738,1.0024255e-06,6.6187295e-06,0.0017823678
2.1558141e-07,1.3367281e-07,2.0863087e-07,4.5210967e-07,9.872083e-07,1.423848e-05,3.860673e-05,0.001508674,0.0012693082,0.006607344,0.003360778,0.21345851,0.14186053,0.05308889,0.015686767,0.560835,0.0012912491,0.00024924942,0.00018169319,1.7300874e-05,0.000529556,1.815914e-07,4.553943e-08
4.3529703e-08,1.1048121e-08,8.958434e-08,1.7315218e-08,1.6463473e-06,1.4333803e-05,0.0001388891,0.0015584859,0.0044640023,0.007136102,0.0054848003,0.0374883,0.04008861,0.010007495,0.009819054,0.12315642,0.7058159,0.017282672,0.036671046,0.00014743752,0.0005422196,0.00017434938,7.932897e-06
8.3142896e-07,9.732541e-07,7.5618877e-06,1.1537487e-05,0.00088788074,0.0068557025,0.054354068,0.17462406,0.07089832,0.07262528,0.036741577,0.05831335,0.16623063,0.07170157,0.003457871,0.025007226,0.18154392,0.076610014,3.4952547e-05,8.62449e-06,7.962894e-05,3.7362481e-06,6.6382944e-07
1.2878307e-07,1.0105971e-08,4.5024532e-07,3.2750968e-08,7.0932942e-06,1.9043271e-05,0.00035882555,0.0034059337,0.0021906958,0.002780704,0.019200616,0.02573333,0.26603585,0.3261282,0.020020021,0.011702973,0.18995138,0.01629173,0.11583622,2.8804656e-05,0.00014716462,0.0001604321,3.771805e-07
0.33299208,0.3819255,0.24954216,0.026025005,0.0029214453,0.00049285084,0.0014818881,0.00091420335,0.000996276,0.00023115595,0.0010095875,0.0001373627,9.514155e-05,8.805821e-05,0.0001820265,0.000116842326,0.00039755556,0.000107794905,0.00012583093,0.00017435293,5.2316527e-06,1.9346331e-05,1.8324356e-05
3.3590836e-06,5.3065418e-05,0.00086664764,0.0050680093,0.10317089,0.44230887,0.23870043,0.0977774,0.032609627,0.034948274,0.0034357957,0.026470967,0.0040476713,0.0041035335,0.00026574198,0.0002626865,0.0058120335,8.507605e-05,5.8325077e-06,6.158426e-07,3.3829053e-06,5.1153467e-08,6.328639e-08
2.0367423e-05,3.2785413e-06,7.142489e-06,8.086911e-06,0.00010262487,0.00053514773,0.01032435,0.021615956,0.043659754,0.11507935,0.16264834,0.023630649,0.03318003,0.0035124125,0.0077138813,0.55984867,0.012347793,0.00095343555,0.0041507916,0.0003279378,2.7394387e-06,2.3247618e-05,0.00030400223
3.2125932e-05,0.00061859284,0.014446242,0.08051169,0.12983169,0.36787352,0.13588887,0.09822253,0.13185376,0.0072905985,0.026929142,0.00090366637,0.0021108924,0.0025974847,0.00021660348,0.00010064245,0.0005363322,3.2504002e-05,2.8132752e-06,1.17667916e-07,5.0026276e-08,1.6666203e-07,1.7374767e-08
0.00011610825,0.007482932,0.07939695,0.29141495,0.31339756,0.22287354,0.07073574,0.005906294,0.0053075464,0.0010834251,0.000420436,0.0011313449,9.528782e-05,0.00019458578,0.00020552514,1.4117165e-05,0.00020943151,4.714847e-06,8.694091e-06,4.832545e-07,9.267671e-08,1.07466064e-07,1.603599e-07
2.3123819e-06,1.3792564e-07,1.0549002e-06,1.1259444e-06,1.9730207e-06,3.3273543e-06,5.1193347e-06,0.00021826077,0.0010779743,0.006711938,0.015943041,0.014541895,0.015287419,0.25522336,0.3150758,0.07450547,0.0014988789,0.00029494823,0.27491036,0.024229677,0.0004174914,1.5178588e-06,4.6956004e-05
1.6796534e-05,2.1661914e-05,0.00014432272,0.0007974813,0.04057054,0.034979947,0.3528081,0.3370431,0.08873961,0.07693321,0.06363951,0.0009109593,0.0008395365,0.00011821699,0.0010297184,4.374767e-05,0.00026446782,0.0010581068,3.815478e-05,1.0463691e-06,1.6312246e-08,2.0683233e-07,1.5551736e-06
6.5830835e-05,2.9254856e-05,0.00011308732,0.00031331752,0.020587519,0.017142728,0.058129292,0.27272013,0.14470038,0.25737795,0.17107825,0.017535122,0.0068447874,0.00020252462,0.0075947423,0.00015195417,0.006348514,0.018714618,0.00020661647,7.52651e-05,4.712814e-07,2.6406365e-06,6.4967775e-05
2.1298736e-06,1.4339607e-06,3.566039e-05,2.5912947e-05,0.004398321,0.1007839,0.25569382,0.38909146,0.115264036,0.11006226,0.018294739,0.0006352852,5.8965135e-05,5.3852073e-06,0.0006414596,5.884963e-05,0.004882053,6.4222804e-05,1.1973712e-07,2.767347e-08,5.4989563e-10,3.6261683e-10,4.4807127e-09
3.9169034e-05,0.0012478784,0.03244126,0.09266624,0.34139302,0.36232832,0.1180849,0.020326449,0.016662573,0.005084306,0.0012653955,0.0050602504,0.00063277414,0.0009353807,0.0006102564,2.9563545e-05,0.0011565047,2.154495e-05,1.3056312e-05,5.291898e-07,3.1246745e-07,1.6333954e-07,1.4415981e-07
6.3671655e-07,2.6673663e-07,1.6402158e-06,6.1080123e-06,1.7817005e-05,0.00010032981,0.00050716946,0.0082973065,0.011022859,0.041770507,0.10683693,0.1429836,0.16779464,0.28463376,0.01741936,0.06960047,0.0034249534,0.001278104,0.00010502618,5.3087733e-06,0.14419308,8.272759e-08,4.7933238e-08
5.3661306e-06,5.7246965e-05,0.00082241255,0.004576887,0.09823919,0.2635311,0.3329723,0.13466042,0.037209813,0.06051678,0.0037897527,0.03748959,0.0045348187,0.005872225,0.00046962884,0.0006383079,0.014483027,9.7094206e-05,1.6346892e-05,2.414252e-06,1.5037764e-05,1.0223362e-07,1.1692014e-07
3.0151386e-07,1.11554506e-07,1.6713806e-06,5.997732e-07,5.4805103e-05,0.00015225222,0.0011928262,0.016058244,0.00659756,0.025377097,0.00946379,0.11561143,0.29640087,0.13592994,0.017079467,0.030737601,0.32608673,0.002470191,0.00703842,0.00012233792,0.009618689,4.2120646e-06,8.0511734e-07
4.586875e-06,1.356293e-06,1.0129815e-05,5.2953446e-06,0.00023967875,0.007783383,0.025373397,0.10868698,0.24185185,0.26400054,0.09773301,0.07096631,0.004591016,0.0012082744,0.0084542725,0.07488196,0.093036994,0.0011508793,8.151894e-06,5.5878486e-06,5.025787e-06,4.6698105e-08,1.2500954e-06
0.0031017961,0.1490371,0.596056,0.1756982,0.057680886,0.01237844,0.003867743,0.0005796026,0.00071687635,0.00012449628,0.000100977195,0.0002099508,1.8224782e-05,3.7836202e-05,0.00016821118,1.1370437e-05,0.00014999128,5.5721075e-06,4.94781e-05,4.0510777e-06,1.9935253e-07,1.1742741e-06,1.8852345e-06
2.5777886e-06,4.881484e-06,1.9996702e-05,0.00013568804,0.00073046435,0.004197395,0.0061586318,0.054769054,0.017494258,0.07442841,0.021234455,0.50154096,0.05341292,0.013378284,0.0026117729,0.20581037,0.038319927,0.00018156346,0.00036919658,5.1855182e-05,0.00514701,2.0165591e-07,5.960221e-08
6.02572e-06,2.2571078e-06,1.7617655e-05,1.3618543e-05,0.00030038817,0.0013210451,0.004931957,0.0788944,0.07766387,0.061226916,0.034927644,0.06300944,0.37958196,0.007882517,0.27263638,0.005271343,0.0074523706,0.004835116,1.0437159e-05,1.1985266e-05,1.0953054e-06,1.1899433e-06,3.4030728e-07
4.0993697e-07,2.0593119e-07,1.2330869e-06,1.25714305e-05,0.0005388461,0.0011360738,0.123862855,0.2221523,0.12613524,0.1915353,0.036446646,0.0051793987,0.004284234,0.0009325888,7.240233e-05,0.28253344,0.0051330877,3.2341188e-05,7.506551e-06,1.4002051e-06,1.4972093e-06,5.573781e-09,3.8591483e-07
9.493233e-06,1.7062239e-05,0.000776531,0.00024418873,0.016346054,0.027701855,0.022286812,0.0462177,0.018821264,0.050477896,0.008775123,0.21413876,0.06881617,0.06602627,0.06176809,0.0027501143,0.38778687,0.0035482876,0.003106158,3.200372e-05,0.00034110487,9.391641e-06,2.7986443e-06
1.2190242e-05,6.8395734e-06,0.00023522812,6.578466e-05,0.0014884949,0.020197272,0.051845014,0.26772517,0.37270746,0.23787127,0.012277964,0.006588164,0.0001308013,1.4288773e-05,0.024071159,0.000124679,0.0013716522,0.0032483544,1.6766653e-05,1.2197166e-06,2.1253082e-09,1.3288265e-07,1.061577e-07
1.5254686e-05,0.00038394926,0.0049680355,0.0249644,0.17974408,0.6223666,0.12210301,0.024902474,0.009916461,0.0046280045,0.0013903857,0.002911147,0.00058156595,0.0005738222,0.00033050627,2.839403e-05,0.00017554245,1.4284768e-05,1.9454953e-06,1.15195746e-07,4.4613298e-08,2.9302125e-08,3.0194816e-08
6.3944976e-06,1.7092607e-06,1.4756651e-05,9.249733e-06,0.00026502775,0.009386564,0.020942641,0.12405712,0.40105778,0.27406293,0.09234358,0.022207938,0.0011509509,0.0005199079,0.014834469,0.015912743,0.018996742,0.0041881884,2.9027087e-05,8.677081e-06,6.2468723e-07,2.7615286e-07,2.6771306e-06
1.2120659e-05,1.8101741e-06,1.43489315e-05,3.9170745e-06,1.3658863e-05,5.0947412e-05,7.758143e-05,0.0010283198,0.004210662,0.010000294,0.047932018,0.013115587,0.0033693183,0.01977745,0.18657638,0.43935588,0.017793935,0.0034898545,0.19549204,0.057456266,3.5572382e-05,6.0082613e-05,0.00013181173
2.0612079e-06,2.610147e-06,2.230529e-05,0.00017313549,0.0048115538,0.015042323,0.5528289,0.24255349,0.058436062,0.075249225,0.024149192,0.0026634245,0.0018473008,0.0007311956,0.00017445248,0.018594781,0.0026371512,6.78408e-05,1.1268908e-05,8.1046886e-07,5.5788786e-07,2.4355872e-08,3.42116e-07
1.8012215e-05,1.5855847e-05,0.0006699528,0.00016981275,0.002201783,0.011089755,0.007993734,0.029747978,0.047000807,0.07251663,0.086801305,0.18038227,0.12326368,0.05204178,0.16858241,0.005964554,0.10459142,0.105457425,0.001158172,1.2723992e-05,0.00030155582,1.692819e-05,1.5227091e-06
3.946598e-06,3.6952886e-05,0.0004096675,0.0036817542,0.09495909,0.22504194,0.29196924,0.27747077,0.054482255,0.018656062,0.021807525,0.0011215612,0.002851605,0.005321601,0.00012878994,0.000109433866,0.0015571715,0.0003872535,2.6328198e-06,2.4768212e-07,3.9117404e-07,5.788203e-08,3.4805264e-08
0.32328263,0.3394493,0.29729185,0.032351453,0.0037285546,0.00051539234,0.0008648018,0.00040974203,0.0004395532,0.00017620946,0.00052047917,0.00010718618,2.98555e-05,5.1974603e-05,0.00010875944,7.656468e-05,0.00025960972,2.8992465e-05,0.00015567399,0.00011939888,3.3034028e-06,1.3248425e-05,1.5554968e-05
6.663821e-05,0.000102399295,0.0012468679,0.0015352111,0.031970456,0.054991987,0.21977383,0.20291276,0.12801702,0.097999275,0.079872556,0.005751229,0.0071069677,0.073485404,0.062300004,0.009534604,0.012039983,0.011205173,5.4067423e-05,9.198796e-06,1.9219791e-05,2.2632532e-06,2.9080568e-06
6.3202083e-06,1.8343649e-06,9.768404e-06,4.5172715e-06,5.9918504e-05,0.00072687736,0.0036381148,0.026980544,0.06849353,0.094406515,0.0491547,0.086042106,0.021627862,0.022924086,0.09509672,0.5113487,0.016471872,0.002886131,2.6868685e-05,1.23485615e-05,7.971139e-05,1.3662407e-07,7.983874e-07
9.860599e-05,1.4056981e-06,7.3683134e-07,1.2929597e-06,7.2401e-08,2.3056514e-06,1.4997552e-06,0.00030381442,0.00016784997,0.07373885,0.040945094,0.0064671463,0.5944409,1.0088874e-06,0.0018579777,0.28143635,0.00013364923,8.442513e-05,0.00028398726,1.3738117e-05,1.3581034e-08,2.1307302e-10,1.926219e-05
0.00013470674,5.3169006e-05,0.00013944918,3.757031e-05,0.00012975145,0.0009807674,0.00061537116,0.012405192,0.016745672,0.09924194,0.15002294,0.20555602,0.056934167,0.0018504576,0.104983084,0.011574292,0.10647894,0.19771524,0.0036984668,0.029137708,2.6866503e-05,0.00022534342,0.0013128392
8.780423e-05,1.9372756e-05,3.080273e-05,9.64653e-06,3.2310074e-06,6.614386e-05,4.2267773e-05,0.009826407,0.028826874,0.14592154,0.15314776,0.23188367,0.23154724,1.7050473e-06,0.0034476556,0.007620333,0.0012601885,0.18590657,3.031341e-05,0.00028910878,1.7903564e-07,8.051058e-08,3.1165466e-05
3.123146e-05,8.839183e-05,0.0016500986,0.0023117103,0.054588456,0.06338039,0.20830189,0.20088553,0.1551714,0.07298607,0.07875621,0.0057285125,0.0230277,0.089283794,0.024101757,0.0019281041,0.011595368,0.0061531127,1.4625303e-05,2.1222409e-06,1.2409067e-05,7.719222e-07,3.8853312e-07
3.9954673e-05,7.5511045e-05,0.0019114147,0.00073980965,0.010395571,0.030324835,0.032267936,0.0852278,0.11314764,0.08556415,0.099811986,0.08312283,0.15765674,0.10361942,0.09715745,0.0064341095,0.04400852,0.04821582,0.00017606802,8.30982e-06,8.1674865e-05,1.1103957e-05,1.3378794e-06
4.1163253e-06,9.0683614e-07,6.0727816e-06,9.221481e-06,0.00026811738,0.0033391991,0.012031445,0.09229634,0.09647164,0.44008842,0.27411294,0.046275336,0.001392434,5.221934e-05,0.00038948547,0.025940461,0.007026204,0.00022485426,2.965247e-05,1.3551133e-05,3.5389718e-07,5.167235e-08,2.700416e-05
1.6218835e-05,8.180268e-06,5.6995097e-05,1.7897704e-05,0.00090301083,0.030620104,0.03839888,0.1632189,0.25931954,0.34292603,0.07148156,0.03193032,0.0008563565,4.557888e-06,0.0014335093,0.00065738166,0.05646778,0.0016777522,2.6621544e-06,1.6720904e-06,2.7847275e-08,2.2855222e-08,6.0562684e-07
5.7570178e-05,4.7005137e-06,9.939261e-05,3.439752e-05,0.0006084492,0.0023892177,0.0040704124,0.19250691,0.20560384,0.39045805,0.13376702,0.020875629,0.0027021049,2.1643777e-05,0.01692884,1.32545965e-05,0.0061090635,0.023703447,1.47869105e-05,2.8610875e-05,3.6697084e-08,4.2818974e-07,2.2171832e-06
3.779648e-07,1.7174919e-07,1.6637717e-06,8.809682e-06,0.0013566308,0.026222367,0.14288984,0.32547143,0.10626993,0.32142627,0.07043061,0.0016946705,4.415078e-05,2.2777658e-06,7.5622092e-06,0.0013112051,0.002855651,6.242581e-06,3.670118e-08,1.7014168e-08,4.4810755e-10,2.1279789e-11,1.1431576e-08
1.5234455e-05,6.0980396e-06,5.061041e-05,1.4050265e-05,0.0004000516,0.017729877,0.010175167,0.10305367,0.2619605,0.3875938,0.08924763,0.07334481,0.0013425498,1.156579e-05,0.0055539045,0.00075657276,0.0423068,0.0064107133,1.1507732e-05,1.2629022e-05,8.770322e-08,2.1205658e-07,1.9495005e-06
7.641111e-07,3.43682e-08,2.9464672e-07,2.0311495e-06,1.8504995e-06,8.5319857e-07,1.2957552e-05,0.00069086393,0.0010330479,0.023404207,0.020204682,0.31806302,0.003582933,0.38163632,0.06466099,0.07661266,8.2190556e-05,2.1977844e-06,0.039720073,0.0058500962,0.06443775,1.1893495e-08,1.9232141e-07
4.3414516e-07,2.0577977e-07,3.3611886e-06,7.085408e-06,0.0018953708,0.03517526,0.18349405,0.33196816,0.1251032,0.27192327,0.047759373,0.00085087196,3.0640753e-05,5.238979e-07,2.825573e-05,8.537123e-05,0.0016535771,2.0962561e-05,6.180468e-08,1.0206691e-08,1.1101605e-10,3.310566e-11,9.0135925e-09
0.00011341411,6.813038e-05,0.0004990116,0.00013467115,0.0016098709,0.016009133,0.047524888,0.17186436,0.19216707,0.24344078,0.061079387,0.0337805,0.0046029347,0.0027639791,0.105832465,0.072881505,0.028126363,0.017364075,0.0001067679,2.1189688e-05,3.3763722e-06,2.0973148e-06,3.9797274e-06
0.00012861489,0.0033390657,0.0659655,0.12004424,0.35030124,0.29529232,0.09263221,0.020609321,0.022573346,0.007162444,0.0017320656,0.011683396,0.001550116,0.0016201911,0.0018182124,0.0001050855,0.0033300803,4.9955965e-05,5.6439934e-05,2.913893e-06,1.5920745e-06,8.695938e-07,7.7415456e-07
3.721974e-08,1.0973862e-08,1.0312828e-07,4.9366577e-08,4.095558e-06,3.4705172e-05,0.00069602707,0.01282447,0.0113053415,0.029172726,0.008467156,0.060983375,0.056632224,0.008799782,0.010339538,0.10655595,0.62356883,0.0031016616,0.05537398,0.00010157685,0.012028946,7.967579e-06,1.3808047e-06
1.7316706e-05,1.6960106e-06,1.7845674e-05,5.3274566e-06,8.979369e-06,0.0001941723,0.0018771982,0.0333857,0.039421957,0.050379794,0.3276727,0.019121332,0.23138835,0.13708815,0.07505279,0.03459773,0.0014001367,0.03853225,0.00021755933,0.00012220323,9.3293096e-07,0.009493507,2.3909377e-06
4.5244824e-06,1.5130898e-06,2.0216305e-05,1.2520201e-05,0.00079243985,0.02242117,0.06860015,0.22522451,0.28852007,0.27339283,0.066732496,0.009753587,0.00075088156,0.00019941905,0.0048425733,0.007609203,0.030064968,0.0010506576,4.30073e-06,1.295952e-06,1.8763527e-07,2.3771529e-08,4.6285422e-07
0.0002385545,0.0065321904,0.19032915,0.17306012,0.31364876,0.23077461,0.045536235,0.008995957,0.0137233315,0.0029963143,0.00094256067,0.0064604552,0.0006815701,0.00061936426,0.0030763946,3.976058e-05,0.0022116203,3.2227024e-05,9.5664254e-05,2.314072e-06,5.1060897e-07,1.3431949e-06,9.2842816e-07
2.4846527e-08,2.9600509e-08,1.2635863e-06,3.1759864e-06,0.0023474179,0.15619805,0.3455735,0.3218646,0.038504463,0.1233379,0.012023446,3.9478906e-05,7.406701e-07,1.9833186e-09,1.3207701e-06,2.4057806e-07,0.00010358444,7.01245e-07,3.1755892e-10,1.3769958e-11,1.7723865e-14,2.574718e-14,8.544533e-12
2.073463e-05,2.402138e-06,4.1343585e-05,5.048457e-06,3.804473e-05,5.3685042e-05,0.00017607088,0.0015229769,0.007187653,0.007409094,0.033419132,0.015469913,0.002244403,0.023071371,0.17295808,0.4363032,0.04446114,0.0016260712,0.21241698,0.041430008,1.7513607e-05,7.9170146e-05,4.5861394e-05
1.440753e-07,1.03222e-07,4.4182633e-07,4.6071747e-07,7.32703e-06,0.00012962884,0.0004189977,0.008696742,0.003183626,0.018655414,0.01312717,0.2865459,0.08541083,0.020077884,0.0092406105,0.34422305,0.19437376,0.007766376,0.0015492667,1.9901476e-05,0.006569025,3.1678587e-06,1.8569773e-07
0.00070730614,0.013415132,0.17659149,0.21301952,0.28465092,0.13197272,0.0798113,0.03552892,0.04631344,0.0051611722,0.006814811,0.0010991867,0.00080379617,0.0009375236,0.0011847233,6.785698e-05,0.001772882,0.00012529192,1.7496022e-05,2.047886e-06,6.493336e-07,1.1309512e-06,6.787458e-07
3.1507324e-07,3.9863316e-08,6.910263e-07,6.824628e-08,4.4821886e-06,3.4234487e-05,0.00017516878,0.0012907836,0.0025658405,0.001991478,0.01934181,0.08779825,0.016352262,0.10709235,0.035146825,0.11770931,0.31261778,0.13564755,0.15448658,0.00015722592,4.163229e-05,0.0075435187,1.8251367e-06
5.969263e-07,1.6518413e-07,1.1269507e-06,1.6844219e-06,6.5394626e-05,0.0003441988,0.041346207,0.042468596,0.22129205,0.056842446,0.13796502,0.03559595,0.13643104,0.048762098,0.005282713,0.12554118,0.055055495,0.09117392,0.0015053506,1.636892e-05,3.809483e-05,0.00026671335,3.573922e-06
2.882614e-06,7.6479955e-06,0.00019758019,0.00025521466,0.005868465,0.059370138,0.12303741,0.1765226,0.13257535,0.054851353,0.1371911,0.016298726,0.07506764,0.17007516,0.0031983093,0.007776093,0.026266454,0.011349526,7.104382e-05,1.7198008e-06,7.5812595e-06,7.837521e-06,1.3669947e-07
5.9783924e-06,3.994129e-06,1.5683785e-05,8.353301e-06,7.944461e-05,0.0005214743,0.0039413692,0.028530955,0.031370427,0.025077954,0.04366393,0.050291557,0.33818454,0.13347024,0.097843945,0.18760462,0.015462937,0.043676354,0.00010965039,1.5549449e-05,9.472452e-05,2.5123663e-05,1.1742763e-06
0.00010985111,4.4596327e-05,0.00029348215,0.0003639232,0.009085885,0.010076073,0.14881691,0.27826774,0.17893474,0.13028674,0.120974556,0.009392437,0.016906416,0.010927692,0.056969546,0.0039020183,0.0053374944,0.018426267,0.00068860955,9.731513e-05,4.552032e-06,5.371772e-05,3.938492e-05
3.0128206e-07,9.669861e-08,5.966528e-07,4.1410604e-07,4.958392e-06,0.00012433286,0.0042451783,0.007050917,0.025731688,0.013561924,0.16102113,0.025658896,0.065545276,0.2459814,0.0099678645,0.20916526,0.0061709075,0.22094817,0.0031008578,5.2149567e-06,1.626548e-05,0.0016979383,4.2874186e-07
8.146264e-06,0.00038747175,0.0071238014,0.044252366,0.26265526,0.52079767,0.1308872,0.018648231,0.007735494,0.0033513797,0.0008160164,0.0023653472,0.00023344437,0.0003581372,9.470641e-05,1.2393253e-05,0.00026473106,6.1458336e-06,1.8406721e-06,1.0093205e-07,5.9805906e-08,1.5468132e-08,2.090811e-08
5.9406637e-05,1.9784533e-05,7.064128e-05,0.00012094632,0.0018531781,0.0057787946,0.0165436,0.05392959,0.06765795,0.13840455,0.05065691,0.18878248,0.106390305,0.04708033,0.019162029,0.07045767,0.17508015,0.02785179,0.022130882,0.005528359,0.00092390925,9.268556e-05,0.0014240716
2.88027e-07,1.2642462e-07,7.749795e-07,4.3131085e-06,0.00020311524,0.00026302645,0.04033665,0.17639928,0.120206095,0.23283538,0.026455993,0.018350327,0.016139267,0.004038923,0.00020210074,0.35183188,0.012574962,2.5272353e-05,7.18811e-05,1.2883061e-05,4.6736557e-05,1.6665807e-08,6.3493127e-07
1.1503328e-05,3.8664275e-06,1.4938691e-05,8.928709e-06,0.00014972115,0.0006154902,0.0055785715,0.012854665,0.054926515,0.032104004,0.05300132,0.092567034,0.06923721,0.03704557,0.018751832,0.28977507,0.21126215,0.04551653,0.07098793,0.0019002969,0.0006685936,0.0023332615,0.0006849359
0.00022531749,0.022996366,0.15741481,0.4681887,0.22243541,0.09364761,0.029525587,0.0020535905,0.0023272957,0.00035730508,0.00017655038,0.0003685983,3.1718075e-05,5.6963258e-05,8.742579e-05,8.399397e-06,8.999073e-05,1.5711045e-06,6.16634e-06,4.0187965e-07,4.3126395e-08,7.17833e-08,1.346693e-07
7.5601356e-06,2.72449e-06,3.768715e-05,3.5868954e-05,0.0015285054,0.019267682,0.13043846,0.24158949,0.2762273,0.22572638,0.06573756,0.005262538,0.0006199598,0.0007786895,0.005723768,0.014658663,0.011174166,0.0011717288,8.082566e-06,1.7981332e-06,5.3055186e-07,5.095607e-08,8.2705736e-07
1.2345357e-05,7.516248e-06,6.572813e-05,1.7260676e-05,0.00056701107,0.01621039,0.020579811,0.13170286,0.3606184,0.37078786,0.052979752,0.031258177,0.00046897255,9.51655e-07,0.0012719083,0.00022323673,0.009522708,0.0037014233,1.962152e-06,1.3201688e-06,5.1543334e-09,1.7430335e-08,4.022066e-07
4.210852e-05,0.0034145883,0.050419584,0.22673833,0.3565398,0.25474614,0.086895026,0.008634943,0.007847567,0.0017591956,0.00054996466,0.0015562096,0.0001708668,0.00021770615,0.00012715653,1.48284125e-05,0.00031804465,3.6474516e-06,3.875157e-06,2.5034532e-07,9.015982e-08,3.8381014e-08,5.385856e-08
1.9118232e-05,0.00026848784,0.0061278483,0.02022357,0.2163335,0.40295598,0.23827927,0.053711303,0.022904605,0.014152507,0.0024175975,0.012374959,0.0016464868,0.0031468405,0.0009885377,0.000109163324,0.0042157974,9.631857e-05,2.4794826e-05,1.1568891e-06,1.643418e-06,3.070952e-07,2.4305442e-07
3.916001e-06,0.00014562155,0.002944304,0.016806444,0.19943915,0.548123,0.14351939,0.039972518,0.019786708,0.0114879105,0.0016780505,0.0117586525,0.0015542589,0.001370331,0.00013547827,4.906567e-05,0.0012062019,1.625692e-05,2.2160887e-06,1.6189045e-07,3.1018692e-07,1.8136516e-08,1.8652866e-08
9.655664e-05,1.6363418e-05,0.00015907617,0.00013196106,0.0029376557,0.0068246545,0.013434626,0.19391401,0.17063957,0.37670964,0.15870138,0.024149906,0.006185863,0.00014677721,0.017475981,8.2046885e-05,0.007576981,0.020553274,0.00012149219,0.00011221038,5.125904e-07,4.3587133e-06,2.506021e-05
5.5890605e-06,2.8168051e-05,0.0014009058,0.0022296722,0.022239886,0.10280314,0.2793891,0.220629,0.18358812,0.02376031,0.09322499,0.0020646383,0.011586895,0.05174547,0.00345233,0.00047200825,0.00057238416,0.00077879254,2.5711295e-05,1.578256e-07,6.760976e-08,2.6024484e-06,2.3230044e-08
6.4743496e-08,3.1835953e-08,6.5161277e-07,1.2827204e-06,0.0010400797,0.0727059,0.10024309,0.35361585,0.08210657,0.34929702,0.038452566,0.0003906188,7.03478e-06,1.0320512e-08,2.6323555e-06,3.8207045e-06,0.002126783,5.9749027e-06,1.1766936e-09,2.9853733e-10,4.1023817e-13,3.9226443e-13,1.9255322e-10
1.2862458e-05,9.184721e-05,0.002111508,0.005707992,0.12078163,0.22538137,0.21820216,0.13167155,0.052148692,0.08384222,0.005869756,0.074905775,0.012215546,0.013949849,0.0025447786,0.0010800399,0.049058333,0.00028145776,7.9035985e-05,7.4121076e-06,5.5282213e-05,4.4552579e-07,3.9829717e-07
4.5175355e-08,7.1953565e-08,4.9361813e-07,1.9844938e-05,0.001599316,0.02071049,0.08098494,0.26009744,0.22881764,0.23806562,0.016737295,0.053120248,0.004746208,0.0004923591,2.0164238e-05,0.090865865,0.0037119524,9.454124e-06,2.275485e-07,1.8576785e-07,1.06790075e-07,1.627113e-10,1.723184e-08
6.877024e-07,5.616757e-07,4.5419583e-06,2.870301e-06,4.594895e-05,0.000773058,0.008667662,0.025231216,0.03705268,0.02010837,0.10436662,0.026083086,0.14859423,0.34173927,0.0129973795,0.13913828,0.014459015,0.12034139,0.00025733715,3.7410439e-06,5.6185094e-05,7.5585616e-05,3.550744e-07
4.1778543e-07,7.0850535e-07,9.673823e-06,9.745884e-06,0.0003664892,0.008067435,0.023087328,0.06745673,0.039898556,0.04743812,0.08560688,0.05706057,0.26466233,0.18987232,0.0032126356,0.04251001,0.12236885,0.04817416,9.826235e-05,2.4706897e-06,8.6190776e-05,9.952825e-06,1.518838e-07
7.768162e-06,1.9406168e-06,1.0995652e-05,3.4031157e-06,1.7625145e-05,5.113222e-05,0.000918709,0.0016983285,0.010970223,0.0028895633,0.027245726,0.05668537,0.009530107,0.11003241,0.015032717,0.09367416,0.012374073,0.07010664,0.0716876,0.0017263201,1.0376878e-06,0.51532674,7.411478e-06
1.2526016e-05,7.110373e-05,0.00048826466,0.0021114587,0.049825624,0.10601017,0.18754655,0.34032366,0.12211289,0.048613753,0.033757906,0.007396062,0.04674503,0.044941224,0.0022738473,0.0019364574,0.0038108116,0.0020072039,1.0309891e-05,1.640751e-06,2.835131e-06,4.94937e-07,1.632154e-07
7.3880693e-07,5.176846e-06,5.1187722e-05,0.00055383315,0.01815673,0.18875565,0.38908678,0.25593045,0.050518874,0.05930421,0.009491772,0.013453459,0.004063305,0.0019032308,9.8236225e-05,0.0014650661,0.007066142,8.989346e-05,2.7953263e-06,4.3761713e-07,2.0690513e-06,1.4932922e-08,4.8087532e-08
2.5664352e-07,8.894826e-06,9.851296e-05,0.0018095684,0.060079064,0.6940263,0.16659647,0.053057827,0.008775419,0.010533057,0.0016487367,0.0025034635,0.0003862585,0.0002292462,1.2267125e-05,2.8065911e-05,0.00020249494,3.9875918e-06,9.4355094e-08,1.0040097e-08,2.6731394e-08,3.476606e-10,1.1867635e-09
4.3213304e-06,2.8576583e-06,4.8439204e-05,4.5431225e-05,0.0045833336,0.06560879,0.29073203,0.3478878,0.12979667,0.11511862,0.032404784,0.0014497759,0.00024061406,0.000119874574,0.00088627037,0.0018488715,0.009093315,0.00012754736,3.4664552e-07,1.5373004e-07,2.503822e-08,2.0656572e-09,3.087806e-08
1.9067942e-08,4.157008e-10,2.4382874e-08,7.4328677e-09,6.082151e-08,6.915076e-08,4.4592e-07,2.7079064e-05,4.897025e-05,0.0012583897,0.002228989,0.012884693,0.000140084,0.017939748,0.05631998,0.0027505865,0.0002089761,1.597368e-05,0.901005,0.00029185737,0.004878999,7.005054e-08,4.542159e-08
0.00011621053,3.6218946e-05,0.00013279972,6.5465254e-05,0.0002026197,0.000992202,0.0044225473,0.009963643,0.028968006,0.026149468,0.10696685,0.050645217,0.03639035,0.16590513,0.050911766,0.27761006,0.041025832,0.08301285,0.07792112,0.006640976,0.0004379815,0.030543912,0.000938767
2.1430719e-07,4.652102e-07,1.2658545e-05,2.0047482e-05,0.0014919316,0.017397227,0.082896106,0.1776635,0.07653005,0.06246685,0.10463302,0.014148352,0.14786755,0.27096763,0.0012979277,0.0073903883,0.0205857,0.014612268,1.2958423e-05,3.8218238e-07,3.3182787e-06,1.4840402e-06,1.5580293e-08
1.8080121e-06,6.108542e-07,3.8574344e-06,1.2757626e-05,0.00053130044,0.0015291212,0.16808484,0.13791846,0.1241148,0.13186644,0.08066087,0.011378926,0.033792287,0.003893587,0.0009896575,0.28777903,0.01684239,0.00043219476,0.00015063587,7.688241e-06,4.514393e-06,3.5344968e-07,3.799804e-06
4.0609553e-05,5.8210342e-05,0.0004130051,0.0016651481,0.068756774,0.06499365,0.34529036,0.3423223,0.08953242,0.03805512,0.041424125,0.0009139503,0.0011087841,0.0006144487,0.0022631849,7.273359e-05,0.0008166843,0.0016330752,2.1085567e-05,2.4742333e-06,9.875229e-08,3.8877795e-07,1.3822364e-06
9.014887e-06,1.1888172e-05,0.00012466653,0.0006692039,0.052042168,0.060862783,0.33214042,0.40389594,0.07602309,0.03241881,0.038159996,0.00046064577,0.00063817797,0.00015684533,0.0014300281,1.3489884e-05,0.0003871476,0.0005523591,2.7808921e-06,3.621183e-07,7.0928396e-09,3.1435423e-08,1.2692166e-07
3.2311236e-05,1.9802332e-05,5.7209738e-05,0.00021492939,0.0007188315,0.0020706917,0.0073808995,0.043702167,0.028054986,0.11802234,0.023506269,0.37565932,0.043421544,0.09912395,0.0131224245,0.20767753,0.019439638,0.0009304146,0.0060274475,0.0038004671,0.0069909813,6.9578978e-06,1.8959468e-05
2.0234081e-06,7.528631e-07,6.336863e-06,4.8546262e-06,0.000588666,0.026808959,0.028006537,0.1575546,0.13715446,0.50323844,0.112034485,0.012772192,0.00024768017,5.8371603e-07,9.259775e-05,0.00020188055,0.020959752,0.00032415512,4.8080557e-07,2.43194e-07,1.3569144e-09,1.0286185e-09,2.84829e-07
2.1329866e-07,2.3120197e-08,5.868822e-07,5.7094724e-08,3.768074e-06,3.166255e-05,0.00015327205,0.0016226755,0.0022483848,0.0025627231,0.020267019,0.12904696,0.016011022,0.11159981,0.04337526,0.1151367,0.26569083,0.077518426,0.21296938,8.432982e-05,9.762462e-05,0.0015782171,1.0494504e-06
8.4104095e-06,4.778311e-06,3.77019e-05,5.995991e-06,0.0002381695,0.010244317,0.009511985,0.16149457,0.16609856,0.19081992,0.050306424,0.09583835,0.021502785,0.00028292392,0.1378081,0.0069799367,0.14660127,0.00221302,1.0123997e-06,1.6093131e-06,1.3374661e-07,1.9161872e-08,2.133942e-08
6.070803e-05,2.0450845e-05,4.8644342e-05,1.5625033e-05,1.0014499e-05,0.00014306561,8.668336e-05,0.011960657,0.026732884,0.10890877,0.1250145,0.19774438,0.06584408,9.217153e-06,0.005954167,0.0046809306,0.0024363832,0.449223,6.867977e-05,0.0009945156,8.262056e-07,1.4981582e-06,4.0252653e-05
1.0520309e-05,1.1153344e-05,0.00014817646,9.126089e-05,0.0014372204,0.003865057,0.008979493,0.045423303,0.06669269,0.06377665,0.117208056,0.031324875,0.116945274,0.26913124,0.17726237,0.019913806,0.010086899,0.0675396,5.278457e-05,4.59211e-06,9.167616e-05,2.814413e-06,4.998157e-07
1.7842933e-05,0.00036089256,0.008580303,0.02652772,0.25766754,0.41623464,0.17170371,0.044298645,0.026996812,0.01656068,0.0023319316,0.017346492,0.0022616247,0.0028598425,0.00081026705,0.000120899844,0.0052350983,6.142362e-05,2.0049569e-05,1.1666388e-06,1.9369807e-06,1.9366804e-07,1.6888967e-07
2.7215148e-05,3.133765e-05,0.0020131436,0.0003009145,0.004658948,0.026604265,0.017648887,0.047739945,0.06351118,0.058905326,0.07786077,0.12678058,0.06836336,0.054381832,0.18242483,0.0028746724,0.0404955,0.22404364,0.0012398938,6.2522527e-06,1.1561894e-05,7.492454e-05,1.0603736e-06
6.3085014e-07,7.2922404e-07,3.6730632e-06,5.087419e-06,0.00012688189,0.002142997,0.008493594,0.04499744,0.016316148,0.036618624,0.024523621,0.086553454,0.12003864,0.04793108,0.0030696753,0.111147285,0.46334586,0.032552656,0.00029241852,2.0995485e-05,0.0018096151,8.054377e-06,8.330939e-07
7.903854e-06,3.5877422e-06,1.0505152e-05,8.0414946e-05,0.010760288,0.0050683343,0.05218872,0.18256623,0.15173094,0.23071271,0.22401896,0.049822226,0.05484333,0.00051365333,0.0011722363,0.0023539069,0.008714853,0.023735344,0.00078985986,0.00015649766,2.2307286e-06,3.9583374e-06,0.00074334996
4.592522e-05,1.730718e-05,0.000104712235,1.4213111e-05,0.00012795557,0.0035567177,0.0028115201,0.07200332,0.14235365,0.27458665,0.160576,0.19688044,0.0088674305,1.0911057e-05,0.014454886,0.0013132524,0.086450696,0.035798024,7.346795e-06,1.7456568e-05,2.1035022e-07,2.1228246e-07,1.1374809e-06
2.399717e-07,5.0384347e-08,5.45156e-07,1.2077543e-07,4.885659e-06,3.6327172e-05,0.0002213114,0.0039734985,0.0034378872,0.010859908,0.012961701,0.106871285,0.020968428,0.038885232,0.05478723,0.23747459,0.35626245,0.025041249,0.12275231,0.00021513214,0.00516611,7.6365184e-05,3.117258e-06
0.00012601774,1.3152988e-05,0.000111045985,6.9238406e-05,0.0009966899,0.0021169481,0.0024314693,0.10911477,0.12411432,0.30212218,0.14045966,0.06903772,0.013624577,0.00030053372,0.0316809,0.00010938581,0.012336426,0.18933704,0.00045337452,0.0011981393,1.6156933e-06,7.6231822e-06,0.00023717423
1.3930012e-06,9.667548e-06,9.381333e-05,0.0018924213,0.03149967,0.28817618,0.5044362,0.13069643,0.013036934,0.023369098,0.0055590733,0.0006189405,7.573205e-05,5.337458e-05,2.5299172e-05,0.00023788436,0.00021223268,5.2673345e-06,3.843048e-07,3.0991117e-08,9.9571045e-09,6.4748357e-10,1.27977895e-08
6.0669017e-06,3.1774848e-06,1.1279233e-05,0.00013931621,0.008410582,0.00434143,0.0411037,0.16240807,0.17063154,0.28527308,0.23139013,0.037544902,0.027723521,0.00034037785,0.00016766075,0.023256756,0.0026983274,0.002990239,0.00041149525,6.446224e-05,7.151568e-07,7.048345e-07,0.0010823918
6.340248e-06,1.7140039e-05,0.00029737578,0.00038556335,0.006990387,0.08557081,0.10318837,0.16029109,0.11157107,0.061781604,0.11249416,0.03192816,0.09353633,0.1219648,0.003765108,0.0150466,0.07723154,0.013737142,0.00014350652,5.33509e-06,3.4411438e-05,1.2685185e-05,4.489412e-07
5.6922016e-07,6.748977e-07,8.133049e-06,7.675566e-06,0.00031495446,0.003025976,0.0326443,0.08331647,0.061535295,0.03864571,0.09100674,0.017964728,0.15811336,0.4041264,0.006207387,0.038579088,0.018866397,0.045565035,4.3598866e-05,1.7353954e-06,1.7418728e-05,8.26126e-06,1.0875347e-07
1.390172e-05,0.00050117524,0.009456446,0.041688103,0.27521506,0.4636011,0.14693692,0.026940297,0.016528701,0.007306965,0.0013706192,0.0071323984,0.00078439474,0.0011046642,0.00024409426,4.2395885e-05,0.0011085442,1.7835137e-05,5.540041e-06,3.7494428e-07,3.6559564e-07,5.7293093e-08,5.99487e-08
1.1728423e-05,2.5432605e-06,1.2649331e-05,7.817681e-06,3.8559356e-05,0.00069091335,0.001367895,0.03386252,0.22974026,0.19884208,0.20022689,0.14456028,0.003909629,0.0004634752,0.011390421,0.16265489,0.0018129168,0.0077752243,0.0007816265,0.0015759945,1.91191e-06,1.3458839e-05,0.0002563314
7.2284097e-06,2.2335473e-06,1.4204625e-05,8.1640965e-06,0.00038569115,0.012395044,0.015108893,0.111916006,0.17642467,0.38777056,0.17810571,0.07337226,0.0012842837,1.7742781e-05,0.0011175878,0.0036126925,0.036885202,0.0015332615,1.568023e-05,1.1851871e-05,1.606949e-07,1.0252989e-07,1.0801167e-05
7.812211e-05,2.1275471e-05,5.6765333e-05,1.8963497e-05,6.445778e-05,0.00029912798,0.00013841751,0.001261094,0.0025245475,0.026973112,0.10715987,0.013424845,0.026031358,0.0027186945,0.15685631,0.3748805,0.03609677,0.0023046904,0.1855886,0.062379908,4.3943648e-05,2.2347465e-05,0.0010562419
2.4786248e-06,9.500289e-06,7.131994e-05,0.0012620876,0.019491889,0.14334537,0.56132036,0.18211138,0.027427517,0.049960226,0.01031892,0.0014878721,0.00020714347,0.0001335451,6.0886243e-05,0.0020846857,0.00068915985,1.4104708e-05,1.2897389e-06,1.481891e-07,4.89641e-08,2.803117e-09,6.4007864e-08
1.42448835e-05,1.0878728e-05,0.00012843739,0.00015213572,0.003982968,0.007385865,0.28044668,0.2105639,0.1552623,0.06778829,0.08990983,0.004757991,0.017364446,0.08969786,0.02481621,0.01485269,0.0031140447,0.029080432,0.0005980089,1.6077565e-05,3.992926e-06,4.90256e-05,3.7299462e-06
2.5122236e-07,3.9777778e-08,1.7148221e-07,5.555722e-07,1.1347694e-05,1.8710558e-05,0.0015440836,0.009986543,0.025547186,0.045835663,0.024638187,0.0030355847,0.0055421228,0.00070783496,0.00014970195,0.8807595,0.0020846163,7.4624036e-06,0.00011327503,1.049373e-05,5.6917366e-07,4.918894e-08,5.981925e-06
2.0226104e-05,1.784509e-06,1.46997245e-05,2.7673912e-06,3.3977078e-05,9.423606e-05,0.006040035,0.008731224,0.04078499,0.013926283,0.13239592,0.013343469,0.017368773,0.07735308,0.04068785,0.24095833,0.020267468,0.0022912447,0.37754992,0.004166404,3.5677572e-06,0.00389784,6.593283e-05
3.5455272e-05,5.9282343e-06,2.1922287e-05,1.2481749e-05,4.244043e-05,0.0005302923,0.0004549199,0.0066198474,0.01417065,0.11185088,0.2792071,0.051782653,0.010510538,0.0042029843,0.029239831,0.4473017,0.006394771,0.0008038076,0.027203305,0.0076324698,5.300877e-05,1.1552663e-05,0.0019114522
8.040289e-06,1.715237e-05,0.00022189948,0.00051837845,0.0141349,0.021621678,0.0807248,0.13869983,0.13244972,0.08538284,0.12991695,0.013303698,0.09423508,0.25638616,0.013815846,0.00536471,0.010103978,0.0030318976,4.345496e-06,1.1165629e-06,5.6821027e-05,1.1494785e-07,6.0912726e-08
5.529931e-07,1.0395904e-05,0.000109481676,0.0012588827,0.041262995,0.706664,0.14776821,0.06386384,0.013880659,0.015548344,0.0033187137,0.0044916584,0.0008557711,0.00036242921,5.094999e-05,9.830229e-05,0.00044053257,1.3884471e-05,2.8306468e-07,2.9415922e-08,3.4923946e-08,1.5853476e-09,6.1035355e-09
2.3438965e-06,4.181471e-07,3.7851037e-06,5.4251865e-07,1.741498e-05,7.0947994e-05,0.00029076834,0.0015468377,0.0055744476,0.003980122,0.01802715,0.0660387,0.021760654,0.063259214,0.04126379,0.19564722,0.23119913,0.08816364,0.22304478,0.0023476584,3.7709746e-05,0.037678953,4.3791908e-05
1.0337249e-06,3.871684e-07,3.922472e-06,3.9870774e-06,2.7565171e-05,0.00027956182,0.0024321307,0.010668362,0.03203215,0.02699984,0.086876936,0.01144554,0.007537143,0.09807112,0.051055573,0.029066464,0.0013094468,0.6418772,0.00027357426,3.9220454e-06,1.9373501e-05,1.4274965e-05,4.7652009e-07
0.00016131492,0.005341245,0.07915216,0.16772445,0.35159335,0.25839034,0.083929956,0.015218929,0.017811203,0.004986176,0.0013013744,0.00882732,0.0010237338,0.0011332844,0.0011533393,9.209764e-05,0.0020790994,3.0536557e-05,4.4650926e-05,2.8083518e-06,1.203637e-06,6.941327e-07,6.89187e-07
9.724199e-07,4.0794334e-06,7.7330704e-05,0.00040107412,0.020651732,0.10349328,0.39714298,0.3063545,0.043416817,0.062398035,0.0074182306,0.015787428,0.010706227,0.006149449,0.00032488973,0.001064956,0.024300419,0.00028248885,1.0123479e-05,8.9723403e-07,1.40028005e-05,5.985169e-08,6.721879e-08
1.8939081e-05,1.17967675e-05,0.00012129273,0.0003754282,0.027490634,0.035782658,0.17345147,0.4613801,0.12849624,0.094654776,0.07016775,0.0012904946,0.0009280173,7.0831244e-05,0.0036537452,1.2481658e-05,0.00096789224,0.0011147832,9.00216e-06,1.258545e-06,6.9962915e-09,6.572636e-08,3.6174265e-07
6.639585e-05,2.9290795e-05,0.00026410574,0.00021339259,0.0054396098,0.009930876,0.11024589,0.3378663,0.16649587,0.095063694,0.10326405,0.007969861,0.02600052,0.013117717,0.106148094,0.0028028588,0.0053229514,0.009577279,0.00012019743,3.656105e-05,2.0528644e-06,1.6985936e-05,5.490251e-06
2.435639e-05,9.969424e-06,4.5705052e-05,1.7925055e-05,0.00048699058,0.0137300715,0.014969895,0.09367838,0.16002747,0.3384012,0.17732465,0.10501156,0.0035177665,1.9397952e-05,0.0014165342,0.004313839,0.08216376,0.0047806394,1.8710578e-05,2.0975865e-05,4.2216436e-07,2.03803e-07,1.9569958e-05
2.1579851e-06,3.7694645e-07,2.0246584e-06,1.1905757e-06,6.318052e-06,0.00012066048,0.0007611206,0.009914192,0.061210513,0.051660016,0.040709697,0.02776981,0.0019243693,0.013253586,0.037451427,0.7424042,0.002283204,0.010242589,0.00017712581,4.1699343e-05,5.5293207e-05,1.8698867e-06,6.5239824e-06
2.9009265e-05,6.3784114e-06,2.4473764e-05,1.3658333e-05,0.00014608722,0.004665511,0.0039389455,0.036977075,0.07197931,0.2739338,0.18185619,0.22610103,0.010247176,0.0027132821,0.01276356,0.09510749,0.07487616,0.0033293688,0.00064190925,0.0003902648,2.5039239e-05,1.7633129e-06,0.00023258204
1.00069055e-05,4.8576194e-06,4.593148e-05,2.7443186e-05,0.0002511111,0.001300689,0.008141266,0.044931978,0.08480701,0.09050973,0.08156208,0.019379068,0.0071560894,0.079104625,0.2262315,0.27211764,0.0057290853,0.078456976,0.00014376911,1.2071739e-05,7.158242e-05,2.3718035e-06,3.120074e-06
4.8876145e-06,2.1793438e-05,0.00028429003,0.001011729,0.029034236,0.10552145,0.45080853,0.242344,0.04574226,0.05890127,0.007579633,0.01781799,0.005712942,0.009506151,0.0007498832,0.0023500477,0.02226003,0.00029223214,3.0588082e-05,3.3985527e-06,2.2099319e-05,2.5478406e-07,3.1830817e-07
3.2064736e-06,1.1863705e-06,1.4429827e-05,1.2405217e-05,0.0010949833,0.026834462,0.12029431,0.27171722,0.2000118,0.25617334,0.06530049,0.0090798335,0.00058620516,9.3919785e-05,0.000893539,0.0072288658,0.04040772,0.0002505346,9.0084814e-07,4.4536012e-07,9.272277e-08,3.2014822e-09,1.6168038e-07
6.419246e-06,8.949408e-06,6.7851564e-05,3.7450147e-05,0.0017832838,0.055898566,0.14773937,0.2350941,0.2563566,0.26577213,0.031765968,0.0035408328,7.578656e-05,1.3748408e-07,6.457582e-05,8.402186e-05,0.0015563114,0.00014750486,1.0768077e-07,2.1589042e-08,1.3086639e-10,1.7704802e-10,3.4568487e-08
1.4418011e-05,0.0003375088,0.008777343,0.029906595,0.27233016,0.41037193,0.15751326,0.046817765,0.028417304,0.017351862,0.0024237793,0.015200808,0.0024942781,0.0024895396,0.0006176972,0.000102435224,0.0047741053,4.3910826e-05,1.2617768e-05,7.866004e-07,1.7369636e-06,1.0327147e-07,9.9044875e-08
7.7949363e-07,2.0845664e-07,1.0908627e-06,4.820671e-07,1.2192449e-05,0.00010819824,0.0007766174,0.006330193,0.008224816,0.034661822,0.014082526,0.11150935,0.057886362,0.046250165,0.027006479,0.25418648,0.39297813,0.011920713,0.027686326,0.0006865261,0.005641386,3.605733e-05,1.3062349e-05
9.3308256e-05,0.009815972,0.08580732,0.37329766,0.29578304,0.17319916,0.053810127,0.0034269148,0.0031889263,0.0005393834,0.00023497929,0.0005092306,4.0961597e-05,7.2385585e-05,7.6816475e-05,7.445212e-06,9.1027505e-05,1.4272588e-06,3.6071428e-06,2.2043682e-07,3.0150186e-08,3.245737e-08,5.8895402e-08
1.07090045e-05,4.104357e-06,2.085456e-05,1.1769024e-05,0.0001401257,0.004176493,0.0026806057,0.07167291,0.25020152,0.37835082,0.11985677,0.14098749,0.0020518615,8.751845e-06,0.0024181055,0.0010434745,0.0073123137,0.018876746,3.2276555e-05,0.000118721895,1.2721878e-07,9.967569e-07,2.2498354e-05
1.9301212e-06,3.4089935e-06,6.3626554e-05,3.9664923e-05,0.00062183006,0.009749045,0.024501918,0.06127238,0.06716834,0.035119753,0.14272572,0.045254737,0.24103114,0.26595914,0.0108394,0.033198122,0.023043312,0.0390927,0.00022888495,3.0926722e-06,1.7610506e-05,6.39655e-05,2.3580564e-07
3.3257336e-05,5.8905807e-06,6.132539e-05,1.814719e-05,0.00034670508,0.00087922753,0.11222681,0.049782407,0.07838286,0.03579006,0.14546007,0.03362395,0.056578636,0.105171524,0.058353007,0.1849467,0.02348962,0.0038968672,0.1102657,0.00029916136,3.0899748e-05,0.00030059257,5.666729e-05
2.9199944e-06,2.8674162e-06,1.15861985e-05,0.00014958758,0.015783964,0.011964011,0.17846753,0.28644308,0.13054396,0.19172688,0.15172334,0.010599295,0.011665563,0.00022264828,0.00013204281,0.0024685403,0.0030211327,0.004908789,8.6900895e-05,9.967603e-06,4.9061885e-07,2.6093696e-07,6.4673186e-05
1.2619315e-06,3.4188594e-07,2.8455347e-06,5.8324026e-06,0.0005384857,0.009585125,0.033436075,0.17527707,0.11991741,0.46440125,0.16385467,0.015306272,0.00037311148,8.924849e-06,8.335015e-05,0.0041337013,0.012980045,9.089769e-05,1.5168717e-06,7.4987764e-07,1.7296045e-08,2.0682334e-09,1.0756231e-06
0.09700032,0.3697109,0.4582917,0.06214908,0.007569111,0.0014444124,0.0014050184,0.00051173026,0.00051427557,0.0001766512,0.00033046346,0.00013505532,2.7124723e-05,5.563944e-05,0.00013501887,5.7765774e-05,0.00023771201,2.2895305e-05,0.00012980776,6.766694e-05,2.2430243e-06,1.0203376e-05,1.5170212e-05
0.00011230966,0.008513723,0.086785816,0.31192255,0.32494816,0.1908872,0.05868021,0.0063675083,0.0070518344,0.0013399454,0.00047673288,0.0019157191,0.00021125055,0.0002539758,0.00019475934,2.4827992e-05,0.0003000143,4.450157e-06,8.020113e-06,5.794511e-07,1.4255637e-07,1.062329e-07,1.3452889e-07
6.0513944e-06,1.4613216e-05,0.00038332498,0.000685105,0.04825275,0.21895194,0.4173731,0.24844563,0.029693339,0.021829642,0.012065396,0.00019036257,0.0001115976,0.00027325255,0.0008282705,5.7805755e-05,0.0007637419,7.364434e-05,3.6436882e-07,4.616324e-08,1.3172064e-08,3.1065137e-09,9.921389e-09
4.1786966e-06,5.3108848e-05,0.000689315,0.006111415,0.078813545,0.5599226,0.28343984,0.050341446,0.0075948704,0.0077324957,0.0027859826,0.001717568,0.00021810007,0.00017161264,0.00016426994,3.6700272e-05,0.00018495311,1.564326e-05,2.2924178e-06,7.09231e-08,1.864378e-08,1.0919593e-08,3.3398056e-08
4.500904e-05,0.0022939085,0.049595844,0.16687953,0.36359105,0.29030654,0.096441224,0.011667546,0.01123565,0.0027646066,0.00078487693,0.0026603942,0.00029108732,0.00036788866,0.00031402402,1.8028866e-05,0.0007256915,8.029498e-06,8.414664e-06,3.7220974e-07,1.4554968e-07,8.09943e-08,9.276632e-08
1.5528975e-06,4.1772655e-06,4.833738e-05,0.00010100234,0.0037279231,0.049848337,0.08444438,0.19937785,0.073740534,0.0745871,0.0562951,0.04505565,0.14481454,0.11246486,0.0013548593,0.023549253,0.115227915,0.0152471475,3.9406623e-05,3.8801913e-06,6.340603e-05,2.6563841e-06,1.8418677e-07
3.555122e-06,6.298937e-05,0.0006322011,0.0042187897,0.07442564,0.53099215,0.24980123,0.07309476,0.022251971,0.022948787,0.003082842,0.012573728,0.0015200649,0.00198383,0.00015699725,0.0002490847,0.0019457173,5.0696908e-05,3.4345553e-06,3.698486e-07,9.880996e-07,3.4115796e-08,6.427495e-08
2.2897937e-06,5.2947875e-05,0.0006363851,0.005693836,0.09628031,0.5232513,0.26439452,0.06480867,0.01579764,0.016732283,0.0021492762,0.006950197,0.0008326721,0.001113524,7.4280535e-05,8.7332504e-05,0.0011140306,2.6112199e-05,1.6496919e-06,1.7276581e-07,5.249521e-07,1.28687185e-08,2.4905326e-08
3.9613355e-05,0.00047622464,0.019412968,0.023123737,0.24237815,0.40485793,0.10862901,0.04937362,0.04417703,0.02237969,0.004336542,0.047529023,0.009375918,0.008154109,0.005539964,0.0002424292,0.009659873,0.00022446111,8.202631e-05,2.4342887e-06,3.3536974e-06,1.3437036e-06,5.8428606e-07
1.4878618e-05,5.936892e-06,2.3457791e-05,0.00013342654,0.008581493,0.0054024537,0.019151393,0.16872561,0.09476771,0.2848329,0.3343497,0.040061276,0.022613246,0.00011938056,0.001136409,0.00068988925,0.0023080558,0.015099262,0.0007458052,0.00014790671,4.397471e-07,2.8224408e-06,0.0010865735
1.9198647e-07,2.5340755e-06,1.27465755e-05,0.00057042675,0.02190767,0.16021852,0.4077761,0.21363463,0.06553319,0.09865811,0.004937157,0.021793785,0.0010811741,0.0006731334,1.3583315e-05,0.0019650008,0.0012175905,3.4574098e-06,2.4781855e-07,1.7759776e-07,6.1098655e-07,3.9671696e-10,2.3874267e-09
2.7553184e-05,8.095741e-06,4.5013734e-05,6.2192485e-06,1.16438105e-05,2.4605957e-05,0.00020110884,0.005190629,0.07897229,0.022382453,0.03627028,0.033465162,0.0038775285,0.031691153,0.035855725,0.09579852,0.010265473,0.2071318,0.020009547,0.39538872,3.0482718e-07,0.023369178,6.9990397e-06
1.30476965e-05,4.5560714e-06,2.616433e-05,1.1165927e-05,0.00031249778,0.009766107,0.01293158,0.10017827,0.22924496,0.3562604,0.1532851,0.09418756,0.0018103526,3.1418942e-05,0.0028879237,0.0053154016,0.029566513,0.004095127,3.1129577e-05,2.6157344e-05,2.9404583e-07,3.2614528e-07,1.3966691e-05
2.4746092e-05,0.00043188917,0.015155283,0.031349633,0.26415485,0.44911727,0.129969,0.037422832,0.028325636,0.012466102,0.0025124394,0.017833566,0.002720804,0.0033132604,0.0016868726,8.0355545e-05,0.0033314563,7.476972e-05,2.6858403e-05,8.65649e-07,9.259855e-07,3.7023258e-07,2.1288871e-07
1.2853196e-05,8.903258e-06,8.510466e-05,0.00011492039,0.002819114,0.010032843,0.08511553,0.16938417,0.17896792,0.16205435,0.12846978,0.010037328,0.013071874,0.09561944,0.03332039,0.095653765,0.01157188,0.003600355,1.2358804e-05,3.7851985e-06,4.265978e-05,1.4540733e-07,5.781762e-07
4.5693233e-07,5.5486686e-07,3.182586e-06,5.3911153e-05,0.0021384119,0.011073857,0.13564822,0.27847162,0.16402774,0.21835622,0.022373999,0.020138495,0.0033833885,0.00094484066,5.775587e-05,0.13568763,0.007602929,3.2159598e-05,2.1057085e-06,1.2573844e-06,1.0540272e-06,3.1607368e-09,1.8052187e-07
3.3371266e-06,2.513772e-07,3.1907618e-06,1.006378e-06,2.170576e-06,1.7040678e-05,7.620274e-05,0.0020677363,0.010345853,0.010065763,0.03154193,0.025994375,0.001549188,0.11921033,0.07093823,0.6409234,0.0030215997,0.048784748,0.032333873,0.0029213184,5.396981e-05,0.00013074772,1.3800001e-05
7.469526e-06,1.439086e-05,0.00018971044,0.00041510866,0.019924805,0.033689838,0.1592753,0.22096911,0.13957149,0.091043256,0.11636073,0.0062522017,0.032131176,0.15027052,0.014286446,0.006035676,0.007436506,0.0021082486,2.1227452e-06,7.864013e-07,1.5035651e-05,5.5346362e-08,5.514394e-08
4.065453e-06,1.153392e-06,1.2173462e-05,5.2839155e-06,1.9207953e-05,0.00013667355,0.0014151641,0.01509227,0.04314076,0.033836287,0.037484348,0.010241209,0.0023060923,0.058126174,0.086091354,0.06410286,0.00061862194,0.6468623,0.00043318185,1.544573e-05,3.401488e-06,5.049861e-05,1.4266565e-06
4.6528608e-06,3.2459707e-07,4.9110463e-06,3.139281e-07,1.9658522e-05,3.0444085e-05,0.0010442216,0.0055571385,0.010420088,0.0049523124,0.046694685,0.0065184045,0.02217655,0.16183193,0.043418583,0.19676086,0.26653388,0.0011169014,0.23008057,0.0022936733,4.656437e-05,0.00047301193,2.0301282e-05
1.6714925e-07,1.4170534e-07,1.0884605e-06,3.87356e-05,0.0019129758,0.0036506164,0.20463257,0.2933111,0.15399337,0.22616978,0.02076179,0.003933033,0.00075242063,0.0001459391,8.73976e-06,0.08958584,0.001097316,3.5035953e-06,5.9754467e-07,1.9378561e-07,8.04703e-08,2.1422686e-10,4.9629058e-08
2.0061481e-05,6.4134356e-06,3.1722524e-05,1.24816925e-05,0.00026374814,0.010307203,0.010357624,0.07849902,0.18987232,0.3237752,0.16156344,0.12978777,0.0031430065,0.00014922512,0.0061978335,0.015478113,0.06395779,0.0064118328,7.463711e-05,6.251819e-05,2.2521288e-06,8.696917e-07,2.4939649e-05
0.0001320825,1.2630914e-05,5.3094467e-05,3.6180667e-05,0.00014341032,4.822279e-05,3.1827934e-05,0.00013662531,0.0005766047,0.005687271,0.02583802,0.0018262726,0.00827624,0.0077190357,0.014098162,0.038006835,0.016063185,0.00042065882,0.81932324,0.053947486,3.640179e-05,1.6547869e-05,0.0075699417
2.8597678e-06,9.989975e-07,4.926771e-06,5.8234587e-06,5.879444e-05,0.0002777624,0.0026210956,0.016694423,0.044941477,0.057370547,0.049927425,0.049532108,0.024515096,0.107308865,0.03769834,0.6037953,0.0034557716,0.0012181667,2.3619226e-05,7.044982e-06,0.00053911615,6.3543546e-08,3.59552e-07
0.0007497307,0.012790112,0.17896007,0.18250884,0.27154565,0.15172249,0.07429763,0.042729527,0.05953989,0.0068772235,0.00918721,0.0018519323,0.0016158271,0.0013929486,0.0016364049,0.000108079126,0.0022825527,0.00017703351,2.1241702e-05,2.4311762e-06,8.5476546e-07,1.6294757e-06,7.529544e-07
4.6222176e-05,7.6260085e-06,9.143302e-05,7.464553e-05,0.00022211266,0.001425857,0.035110634,0.122501336,0.10966632,0.10203812,0.27258012,0.0055251005,0.034099348,0.12605555,0.14406346,0.030367045,0.0004154327,0.012613271,0.00141757,3.8454913e-05,6.6351356e-07,0.0016368794,2.7608828e-06
7.657684e-06,2.8608508e-06,2.2576323e-05,1.6151613e-05,0.00030735275,0.003957576,0.02688921,0.095482044,0.21373563,0.18745969,0.11783796,0.021233812,0.006076163,0.018202271,0.05424785,0.2287181,0.020089703,0.0056594643,1.9763042e-05,7.0178044e-06,2.5496422e-05,2.2790809e-07,1.5391626e-06
7.3125866e-06,0.00011778169,0.0026936084,0.008821704,0.15712635,0.474076,0.1708115,0.066992216,0.035108283,0.027025305,0.0034691414,0.03495911,0.005791066,0.0054592127,0.0007075209,0.00021828801,0.006485733,0.00011343385,1.3012271e-05,8.087817e-07,2.3005705e-06,1.5028839e-07,1.12817766e-07
8.553673e-09,8.9344296e-11,2.7385857e-08,1.2999425e-09,8.275185e-08,1.5712283e-08,8.7052655e-08,5.8544524e-06,4.725002e-06,6.1657185e-05,0.0001997527,0.006085558,2.1910828e-05,0.00091195013,0.020159278,0.00011579027,0.0008209203,2.0636573e-06,0.97151655,7.688472e-05,1.6868149e-05,3.5336928e-08,1.123017e-09
4.1384405e-07,4.5387665e-06,5.5353637e-05,0.0012340995,0.033129238,0.5125394,0.32619306,0.095374465,0.009659956,0.016282398,0.004305441,0.00081947265,0.00010808857,4.3419568e-05,1.7238544e-05,6.457175e-05,0.00016428575,4.3645555e-06,1.5152568e-07,9.7602575e-09,3.8210786e-09,2.651638e-10,3.8531924e-09
8.289698e-06,5.815971e-05,0.00066955684,0.0024417725,0.048632298,0.2709616,0.38936108,0.14643571,0.042512823,0.042584058,0.007325507,0.02276617,0.0046746754,0.008731465,0.000815013,0.0012200766,0.010413514,0.00035456172,2.2542807e-05,2.3367165e-06,8.004128e-06,3.3108898e-07,4.2004638e-07
3.5551807e-06,1.4889558e-06,9.976268e-06,6.6952365e-05,0.0022960093,0.015749054,0.24064717,0.22506647,0.08137084,0.31429303,0.067890145,0.0038360492,0.00064164,4.811052e-05,0.00026712217,0.04401122,0.0037234556,7.1771334e-05,4.861451e-06,4.2901482e-07,2.5463592e-08,4.9101536e-09,6.614629e-07
4.139198e-06,1.3386615e-06,1.2196344e-05,3.6319427e-06,1.349819e-05,5.2365427e-05,0.0002688639,0.005570628,0.014170112,0.015399447,0.0275264,0.09112501,0.007934218,0.1429915,0.050951116,0.23490794,0.0019290989,0.40453294,0.0020922064,2.7690654e-05,0.00045165632,3.1085252e-05,2.9138507e-06
0.0052855094,0.08987826,0.5230928,0.18118794,0.11444599,0.038227014,0.018899105,0.008003315,0.013314349,0.0013215562,0.0022928067,0.0007604534,0.00027616846,0.0002850448,0.0009780943,5.402763e-05,0.0014670696,0.00014449941,6.68635e-05,9.68809e-06,9.953507e-07,5.2293685e-06,3.1602747e-06
2.2223141e-05,2.215214e-06,3.7946415e-05,2.5384512e-05,0.0008046448,0.002395212,0.002635261,0.15550616,0.13390997,0.51074374,0.14531334,0.012520873,0.0013432859,4.5472448e-06,0.0015005687,4.08419e-06,0.0015584826,0.03163189,1.3257812e-05,1.8439714e-05,1.4687919e-08,1.3806769e-07,8.319074e-06
1.3570965e-05,5.6426856e-05,0.00038704224,0.0008836432,0.020201584,0.14163913,0.17887968,0.15710352,0.104171805,0.11739839,0.0162179,0.13473019,0.024283506,0.032327272,0.002538642,0.02325425,0.04474008,0.0010148726,7.000483e-05,1.8532246e-05,6.67326e-05,1.2903444e-06,1.9393615e-06
5.1988053e-07,1.9887145e-07,5.789129e-06,3.2515163e-06,0.0013113725,0.082873195,0.09941303,0.35083675,0.16389321,0.25842437,0.031475917,0.0012481465,2.5448227e-05,8.558577e-08,8.812584e-05,4.8946363e-06,0.0103629315,3.2697302e-05,1.1671949e-08,4.456886e-09,1.0513964e-11,1.2434496e-11,6.6702016e-10
2.1987418e-05,0.0018179793,0.023464633,0.13613786,0.38071918,0.30960622,0.11922651,0.012526555,0.009462109,0.0029983746,0.00061664387,0.0024427588,0.00021898803,0.00028469102,8.314655e-05,1.9512347e-05,0.00034689726,2.9928947e-06,2.4986402e-06,2.2485919e-07,1.1596261e-07,1.8988558e-08,2.8592325e-08
1.2821379e-06,1.8477785e-05,0.0001747204,0.0041078394,0.06055681,0.4269775,0.4217178,0.06671669,0.006466611,0.010608118,0.0021562637,0.0003232394,2.3486302e-05,2.070845e-05,1.0789371e-05,4.8345613e-05,6.96851e-05,1.4348284e-06,1.871486e-07,1.1875865e-08,2.5941733e-09,2.5442146e-10,4.202118e-09
0.00046785278,0.00016379333,0.0004387101,0.0010196659,0.0011755151,0.0026368962,0.010134934,0.07302289,0.11387429,0.21774945,0.23022988,0.06139402,0.12448114,0.023832412,0.023288433,0.02713654,0.0013059198,0.01898503,0.033504866,0.0105898315,5.104824e-05,0.022289924,0.0022269904
1.977171e-05,4.1080752e-06,9.219048e-06,4.6825422e-05,0.00020305093,0.00022387509,9.4182375e-05,0.0032809207,0.013252207,0.057319853,0.09933892,0.15315868,0.1224299,0.0020716293,0.0012608962,0.029972795,0.00040851696,0.006250897,0.029629372,0.01653385,2.975342e-06,0.00010674205,0.46438083
0.00024875192,0.002358865,0.055014707,0.06960372,0.2293041,0.21550559,0.11735483,0.08747508,0.13522634,0.025270306,0.025746057,0.0065467567,0.009071261,0.0040697814,0.003494623,0.0003063032,0.0129339,0.00043513998,2.517392e-05,2.708734e-06,4.0762966e-06,1.3052593e-06,5.5535446e-07
2.345024e-06,5.2252876e-06,0.00020775622,0.0002437802,0.023920706,0.26085585,0.44749984,0.22841597,0.02412309,0.011043927,0.0031983808,4.048642e-05,4.68667e-06,2.1868223e-06,0.00026748423,1.5372825e-06,0.00015918829,7.5593844e-06,3.2013357e-08,1.9426631e-09,3.2559774e-11,5.287352e-11,1.947017e-10
6.785095e-06,2.444846e-06,1.8487704e-05,1.0377261e-05,0.0002184939,0.0075123967,0.009793223,0.1068971,0.42971554,0.31933048,0.068680204,0.03843016,0.0006965057,2.3447936e-05,0.00584242,0.0013283818,0.0069444734,0.0045110164,2.0505635e-05,1.4784437e-05,5.425431e-08,2.8691252e-07,2.318118e-06
1.4299708e-05,2.3307519e-05,0.0010106328,0.00076369557,0.029896008,0.14781137,0.4580946,0.25363526,0.06647268,0.02852873,0.0049376874,0.0003652579,2.9424318e-05,5.9885406e-05,0.007748703,2.2961405e-05,0.000302145,0.00027891216,4.4097883e-06,8.725936e-08,1.1847142e-09,2.0007219e-08,2.0177142e-08
1.24748745e-08,1.6677211e-09,3.0703955e-08,1.3267458e-08,1.4383012e-06,4.924728e-06,0.000121539335,0.0044014286,0.0017510036,0.024453681,0.0038438297,0.072098315,0.017679848,0.0038610331,0.03654066,0.028755303,0.28419596,0.0003412561,0.49485436,0.00034369002,0.026750388,1.0226198e-06,2.730529e-07
4.664461e-06,2.1544595e-06,1.2715502e-05,1.3378832e-05,0.000206524,0.0008957947,0.0073156543,0.039926227,0.07859915,0.09048182,0.07568714,0.04109187,0.03290349,0.12856668,0.07004443,0.42493114,0.0065242406,0.0025580768,1.6370994e-05,5.412159e-06,0.00021260449,7.902684e-08,3.3786273e-07
4.680851e-05,2.6648919e-05,0.00016214508,0.00030345572,0.01809673,0.017356388,0.16747601,0.3692871,0.15378208,0.10172873,0.09714119,0.0074845245,0.013717635,0.003877795,0.027347315,0.00080738903,0.006046754,0.015140269,0.00011427446,3.7406367e-05,1.5028386e-06,5.7294865e-06,1.2141243e-05
1.4085063e-07,7.4082344e-08,4.1997174e-07,3.415974e-07,2.2884893e-05,0.0002553093,0.002930936,0.010936594,0.011316919,0.018397756,0.0051426385,0.044647783,0.033059195,0.0065358123,0.0015395448,0.042447414,0.81189424,0.00900572,0.0008508301,4.524382e-05,0.0009601975,7.509893e-06,2.6036714e-06
3.545491e-07,5.8157525e-08,2.5308486e-07,4.4596132e-07,7.2926127e-06,8.425068e-05,0.012742324,0.014701951,0.12795526,0.033484116,0.23599441,0.026894951,0.07432023,0.11353523,0.0049923663,0.27122983,0.0048496397,0.066951744,0.009222169,1.1221527e-05,7.639758e-06,0.0030126246,1.6291102e-06
2.0640778e-06,5.3541186e-07,3.2194243e-06,2.392035e-06,0.00012104049,0.0041995435,0.0033191582,0.073237576,0.09421701,0.5764217,0.1997336,0.037801716,0.0009333374,2.6777653e-07,3.7891517e-05,0.00076734344,0.008168762,0.0010270693,4.2244437e-07,8.199559e-07,9.16401e-10,1.2828406e-09,4.5531624e-06
5.182895e-07,1.9847319e-05,0.00012444958,0.0027203087,0.07770567,0.57317525,0.24408713,0.061246358,0.014449138,0.018861935,0.0016639446,0.0048161545,0.000408481,0.00031456436,1.5315072e-05,9.885405e-05,0.0002887534,3.0069257e-06,1.7837588e-07,3.4068318e-08,8.690943e-08,5.7577604e-10,1.9781408e-09
0.00020658314,0.0151636535,0.14636251,0.39330438,0.26358384,0.13192075,0.037956342,0.0037831608,0.0047544176,0.00078079174,0.00032685496,0.0011172353,0.00011402061,0.00014931838,0.0002111206,1.6350676e-05,0.0002325846,3.9233087e-06,1.10038945e-05,6.6299725e-07,1.052438e-07,1.5578415e-07,2.1431968e-07
2.2155455e-06,6.882255e-06,0.00033741005,0.00033585416,0.00600093,0.07148452,0.14774169,0.17049651,0.16363904,0.0424218,0.18592514,0.01389224,0.057906084,0.11492381,0.005081815,0.0034650343,0.009649787,0.0065813484,9.527195e-05,5.6182444e-07,1.247223e-06,1.068653e-05,5.6575022e-08
6.891378e-06,2.0891137e-06,2.551295e-05,7.966489e-06,4.149712e-05,0.00031873112,0.0024735795,0.06219998,0.05465539,0.036515787,0.07040965,0.017355645,0.33031246,0.024950579,0.37066862,0.020944575,0.0023079482,0.0067732204,1.0682791e-05,4.2910287e-06,5.846313e-07,1.4294648e-05,1.2572143e-07
8.343173e-05,0.0011322972,0.064126074,0.04250381,0.30791387,0.36585146,0.06696245,0.02786422,0.032082245,0.012653495,0.00299213,0.03651771,0.00584372,0.0033064787,0.013564359,0.00014219739,0.01602823,0.00017481766,0.00024674868,3.7397822e-06,2.7876113e-06,2.6530104e-06,1.0948555e-06
0.22617011,0.3753945,0.33863327,0.049645208,0.005091031,0.00087894103,0.0012339604,0.00058385433,0.00051234965,0.00023529588,0.0005512637,0.00013127744,3.590144e-05,6.501209e-05,0.00012447224,9.443249e-05,0.00026447236,3.2129832e-05,0.00016401873,0.000120139615,3.833575e-06,1.40881975e-05,2.048152e-05
4.3151857e-07,2.0176533e-07,2.162766e-06,6.5694956e-05,0.002185128,0.009919296,0.19290079,0.2755274,0.050424494,0.39420006,0.054108743,0.0007410876,8.2596634e-05,2.293607e-06,1.0467528e-05,0.019656092,0.00016936715,3.1231511e-06,4.436495e-07,1.7524988e-08,2.7694713e-10,6.576716e-11,8.748082e-08
0.0002840842,0.023261128,0.19257925,0.44207144,0.22043845,0.0884835,0.025552994,0.0022658599,0.0031167865,0.0004889354,0.00022264145,0.0007115393,6.3747946e-05,8.190677e-05,0.00016354889,1.2217553e-05,0.00018688978,2.6618522e-06,1.126049e-05,6.8117976e-07,8.003522e-08,1.507159e-07,2.2851704e-07
0.00029736385,6.7273184e-05,0.0004986306,0.00084412686,0.00032940612,0.0013315921,0.0055248328,0.13611907,0.17562672,0.41498378,0.12805673,0.01963382,0.068664305,0.0037839368,0.012004959,0.0014337535,0.00011109776,0.011341653,0.0071273786,0.0030452434,1.3283176e-06,0.009084491,8.8553425e-05
1.0606796e-05,2.8998859e-06,2.3676703e-05,1.1955742e-05,0.00017794671,0.009245689,0.0066875312,0.10040016,0.3753729,0.34005985,0.087084256,0.035451304,0.001452401,0.00016500284,0.020928293,0.0020306637,0.01234034,0.008485468,3.3023265e-05,3.2243395e-05,2.0305596e-07,1.2661272e-06,2.2990491e-06
0.000106101244,1.7894532e-05,0.00027513615,0.00013645443,0.002063222,0.007410356,0.020278666,0.2874078,0.23967877,0.23978943,0.117250614,0.013150354,0.0059771435,0.00022710774,0.0531334,0.00010376451,0.0069793463,0.0059519196,3.067585e-05,2.7466385e-05,1.656355e-07,2.2445317e-06,1.9928848e-06
1.9227926e-05,2.0823702e-05,0.0002517486,0.0004044319,0.0148861315,0.039838843,0.20292129,0.27174982,0.15399186,0.1276783,0.0858186,0.0053741373,0.007695012,0.043570243,0.012221228,0.024238374,0.008326743,0.0009805404,3.6377924e-06,1.6185938e-06,7.1730587e-06,5.9078797e-08,1.9611255e-07
4.568597e-07,2.3398646e-07,1.0577495e-06,1.4235488e-06,2.6626823e-05,0.00032812302,0.0023528587,0.019908572,0.00832354,0.053573295,0.012119319,0.15092205,0.04632886,0.019229924,0.0074066073,0.20110442,0.45095927,0.0064421813,0.0052688126,0.00015973955,0.015534291,6.209592e-06,2.126461e-06
0.0007828813,0.0005515448,0.0014915803,0.0001825669,0.00043016893,0.0027225227,0.009942871,0.13325055,0.1716593,0.18569764,0.1155823,0.12328374,0.049544528,0.0002730754,0.040778957,0.05550027,0.029960444,0.07814181,0.000116820804,8.9893045e-05,4.159878e-06,3.2043852e-06,9.195215e-06
8.773044e-07,1.8579186e-07,1.0322818e-06,2.2137065e-06,0.000103130384,0.0015176197,0.018084444,0.07290409,0.31797603,0.20822217,0.13463008,0.06904129,0.0049937875,0.0034858312,0.0019199555,0.13475186,0.031918667,0.00038254165,1.1992273e-05,1.4706503e-05,3.459872e-05,4.3208512e-08,2.920037e-06
0.0008078559,0.00015528194,0.00064016954,0.00090231595,0.00091836625,0.0025878684,0.0050895307,0.068284705,0.079558946,0.30438605,0.309078,0.042270485,0.098456636,0.009956318,0.019264437,0.004485293,0.00089426496,0.020161688,0.012155793,0.012045339,3.5384637e-05,0.006451872,0.0014134106
0.00020491953,1.674588e-05,9.939378e-05,7.686359e-05,0.00015785109,0.00047279586,0.00016743112,0.023751687,0.02505947,0.35534132,0.26869416,0.09666364,0.048263438,0.00040336698,0.0065911687,0.00023513485,0.0008528719,0.13281758,0.0041766586,0.028838655,5.6745343e-06,5.6540477e-05,0.007052657
5.084864e-05,0.00025837313,0.0056240493,0.009392616,0.20155933,0.25611869,0.3379049,0.14498265,0.028188707,0.008533557,0.0048492067,0.00018997546,0.000109143824,0.000329147,0.0015459041,1.6257814e-05,0.0002946746,5.1170933e-05,6.2143755e-07,6.598442e-08,9.2134895e-09,1.0450133e-08,1.0385059e-08
5.1039697e-06,6.3111173e-07,4.1650874e-06,2.6101764e-06,3.252157e-05,3.201871e-05,8.535896e-05,0.0006929474,0.0048493193,0.012935909,0.0144070275,0.017724436,0.027750641,0.1203633,0.036371913,0.050099455,0.06579924,0.0022218851,0.5697652,0.07055708,5.965362e-05,5.1956384e-05,0.0061875833
1.091196e-05,9.96639e-06,0.00012344636,0.00014034176,0.005364132,0.008990017,0.13015433,0.4119184,0.13892446,0.06283492,0.07806056,0.0033427242,0.0454401,0.05960274,0.04381659,0.0025640556,0.002196722,0.006481155,1.7468255e-05,3.3165668e-06,7.691458e-07,2.563548e-06,3.614539e-07
2.1501426e-05,3.760591e-05,8.891362e-05,0.0019055142,0.010971905,0.0035225097,0.07512482,0.10218823,0.0640365,0.17803442,0.04770266,0.1306916,0.010113802,0.23656175,0.0015367864,0.13586,0.0003235789,5.187609e-06,1.7733764e-05,4.33456e-05,0.0012116478,7.65049e-09,2.6844337e-08
1.8578343e-05,0.00045018346,0.010261573,0.03520663,0.28208327,0.4015292,0.16124849,0.041937903,0.026219578,0.015499435,0.0021744699,0.014116349,0.0019794402,0.0023181837,0.0006046167,0.00010388745,0.00418942,4.1325697e-05,1.4455613e-05,9.837524e-07,1.7877072e-06,1.2727371e-07,1.2695344e-07
1.3170048e-05,4.1682284e-05,0.0005046997,0.0009910774,0.028780026,0.08914655,0.39902008,0.21764825,0.06085546,0.061749533,0.011645569,0.036564652,0.011626778,0.024670282,0.0028923019,0.005915091,0.0468718,0.00085437717,0.00015089709,1.2456636e-05,4.1739488e-05,1.8827486e-06,1.6174281e-06
1.9841451e-05,4.076856e-06,1.3900925e-05,1.33559e-05,0.00023709168,0.00091008353,0.0015208725,0.009705275,0.02781839,0.054049455,0.026632752,0.23644501,0.25433764,0.12653941,0.060829744,0.07909914,0.08161152,0.01210633,0.021388011,0.005762543,0.00016783587,3.6309255e-05,0.0007513898
7.1985123e-06,4.843673e-06,5.9769893e-05,7.1029564e-05,0.0014936561,0.0072373655,0.06186512,0.1082121,0.14505175,0.109502204,0.16352089,0.006956387,0.010043778,0.07994305,0.19964221,0.017773,0.007103131,0.081373535,0.00011763717,7.1139616e-06,1.0198145e-05,2.7606154e-06,1.2334303e-06
1.1593131e-05,4.378255e-06,2.3327511e-05,8.212987e-06,0.00026804762,0.016043901,0.010402477,0.08031806,0.20657262,0.3050378,0.106938735,0.119635,0.0027599726,0.00016000558,0.008631382,0.009025874,0.12964855,0.004452166,2.155618e-05,2.6573409e-05,1.3724939e-06,4.2518036e-07,8.0155905e-06
1.8319011e-05,0.0008974062,0.012320155,0.06162582,0.30849093,0.425074,0.13018273,0.024833584,0.017292947,0.007040125,0.0012566325,0.0078913355,0.00091282575,0.0010881592,0.00018248941,5.7928206e-05,0.0008185545,1.0893236e-05,4.244904e-06,4.1448212e-07,4.1569427e-07,4.1418e-08,4.9521628e-08
7.891997e-06,2.9299165e-06,1.9730924e-05,1.2095251e-05,0.00051818864,0.011836311,0.02155573,0.11866543,0.1738193,0.407442,0.17933492,0.05651202,0.001236838,1.0186758e-05,0.0007082917,0.0035648514,0.023415042,0.0013135021,1.0201885e-05,6.1273186e-06,8.082679e-08,5.2194654e-08,8.345122e-06
3.251066e-05,1.4567286e-05,0.00013310144,4.1069856e-05,0.001274037,0.0024405597,0.04267128,0.06383042,0.054322954,0.045022853,0.043373253,0.06721344,0.056895033,0.19986135,0.037441075,0.14775766,0.22362179,0.0053148144,0.0072347783,0.00041649712,0.0009961776,5.085665e-05,3.989227e-05
8.242747e-05,2.3748236e-05,0.00017813861,0.00023581939,0.009763523,0.014409612,0.044625364,0.2797354,0.18063895,0.2528892,0.14065027,0.019786159,0.0075199506,0.0003307583,0.028608646,0.00013843528,0.008208763,0.0119936755,0.00010770693,5.4121476e-05,3.5437043e-07,3.1645836e-06,1.5858874e-05
5.427543e-05,7.963654e-06,3.1918902e-05,5.107265e-05,0.00029889602,0.00086911523,0.018991547,0.044216584,0.12885661,0.111104265,0.30130312,0.049538665,0.08638385,0.070801355,0.02636662,0.088535555,0.006471004,0.033956338,0.018961439,0.0009815876,3.4506145e-05,0.0118182795,0.0003654573
0.0003579127,3.5012166e-05,0.00022150751,0.00017358025,0.00038950983,0.0010942863,0.0008113492,0.06553687,0.09271977,0.46123073,0.19193323,0.05814966,0.029068273,7.44962e-05,0.0046345075,0.00017877188,0.0009851555,0.09021771,0.00040548586,0.0013144711,2.633888e-06,1.3196547e-05,0.00045199145
3.9720703e-06,5.2986425e-06,5.583328e-05,0.0001297509,0.0050996975,0.015083478,0.42727047,0.29277128,0.073619656,0.06829906,0.02188715,0.012413479,0.016842097,0.013571707,0.0016901629,0.020810714,0.02958208,0.0006919392,0.00014053147,7.3339093e-06,2.2135127e-05,8.132282e-07,1.2759136e-06
3.3146316e-05,5.672408e-06,1.8933342e-05,1.4070118e-05,2.926787e-05,0.000264963,0.0025977944,0.008603548,0.03160405,0.025799181,0.18364343,0.032101728,0.045503423,0.2363409,0.013963489,0.11611201,0.0062615937,0.10815836,0.014977821,0.0019969908,3.3942328e-05,0.17180373,0.00013200572
0.0011064229,0.018708307,0.28461412,0.19072586,0.23377149,0.13218167,0.052475955,0.0240656,0.042588763,0.0045317197,0.00635708,0.001953284,0.0010039496,0.0006871879,0.0017939303,7.122179e-05,0.0031466915,0.00016973104,3.9531184e-05,3.2440817e-06,8.140076e-07,2.4196554e-06,1.0202078e-06
1.589605e-06,5.787853e-05,0.00034925083,0.005197895,0.09938138,0.5871038,0.22846656,0.046350576,0.012519728,0.014188738,0.0014817003,0.003819324,0.0002925265,0.00035571543,2.8454451e-05,0.00010384806,0.0002962715,4.1353765e-06,4.4344773e-07,7.512211e-08,1.0536001e-07,1.9191828e-09,5.924446e-09
2.1791428e-05,5.548505e-05,0.0016643356,0.002269052,0.08759578,0.20749193,0.43417603,0.19914553,0.034979254,0.018740164,0.008670687,0.00028588795,0.00011657332,0.00047506925,0.0034994453,4.5119352e-05,0.00056478963,0.00020077299,2.0649215e-06,1.3378133e-07,1.9165364e-08,2.520297e-08,3.5769435e-08
4.1272626e-05,7.548061e-06,1.9116302e-05,5.2397776e-05,0.00086733367,0.0009863097,0.0027254336,0.014427196,0.066622525,0.096010424,0.11487208,0.20623775,0.14441493,0.01321455,0.00545975,0.09169938,0.03654626,0.019701596,0.10090532,0.0136881685,5.840758e-05,0.00018017828,0.07126215
1.6732225e-05,5.5912435e-05,0.0020145415,0.0008873968,0.042555485,0.11299872,0.07978317,0.07068166,0.046956874,0.060303934,0.014458841,0.25452426,0.096925266,0.10819775,0.04151288,0.0021772939,0.060252327,0.004722194,0.0009137209,1.2130421e-05,3.343279e-05,1.3277201e-05,2.1652907e-06
2.0430462e-06,1.2790665e-06,8.739699e-06,4.532631e-06,0.0002299474,0.00922421,0.017377462,0.14195563,0.21203849,0.514373,0.09143271,0.010260124,0.00035259002,5.0841834e-08,2.420193e-05,0.0002337827,0.0021158317,0.00036501614,6.0702256e-08,5.1262194e-08,9.1860644e-11,1.18061e-10,1.931319e-07
1.1071021e-05,1.0867776e-05,0.00020295606,8.713599e-05,0.0011866926,0.0051714177,0.011879002,0.042127308,0.05932257,0.062164377,0.12036741,0.030502638,0.049110524,0.16468845,0.16278154,0.014922551,0.008598689,0.2665325,0.00027453067,6.590564e-06,3.0829302e-05,1.9347555e-05,9.59468e-07
0.0010508489,0.00021140494,0.000872865,0.0007980158,0.0018580719,0.003889447,0.0046193586,0.061889198,0.07356737,0.28293765,0.2874544,0.061825454,0.06546989,0.0055007944,0.029356234,0.004076469,0.0047417628,0.065258764,0.015688919,0.02318406,0.00010703718,0.0013378635,0.0043041417
4.7735895e-05,0.0009959087,0.023546873,0.08117104,0.3049444,0.3735809,0.17693406,0.019778788,0.009481027,0.003487672,0.0010120107,0.0027360239,0.0002215726,0.0006220451,0.00081415084,1.7773245e-05,0.0005650023,2.1489433e-05,2.0418718e-05,4.550749e-07,1.5227741e-07,2.0182928e-07,1.9702009e-07
5.932553e-07,2.8972286e-06,2.2043781e-05,0.0003611055,0.010784238,0.07859788,0.44427526,0.29582274,0.060705423,0.08117289,0.010362358,0.007381317,0.0016502859,0.00090908015,4.4946333e-05,0.0040194015,0.0038510652,3.3333563e-05,1.4145438e-06,3.9797345e-07,1.3422193e-06,4.082329e-09,3.5047407e-08
8.488335e-06,4.30412e-06,8.269382e-05,1.2138007e-05,0.0010103014,0.043891072,0.036789935,0.32147327,0.2273729,0.19810022,0.037430555,0.0159747,0.0014351187,3.3837387e-05,0.024420772,0.00042788952,0.090557374,0.0009736413,3.8788315e-07,3.878924e-07,7.99861e-09,7.2834423e-09,1.0258965e-08
2.265798e-05,2.7872822e-05,0.00026371368,0.0006132676,0.027451148,0.027166758,0.41297287,0.29492438,0.103197396,0.05088629,0.043832485,0.0020386379,0.0060143494,0.010699263,0.003526896,0.0010542206,0.0035541595,0.011587272,0.00014095614,1.1540338e-05,2.0102814e-06,5.9977697e-06,5.80516e-06
0.001338057,0.096073575,0.39553252,0.35385147,0.11126236,0.029235372,0.009694332,0.0009412692,0.0011714821,0.00019782802,0.00012114703,0.00023864422,2.1272197e-05,4.0987165e-05,0.00011817161,1.1966239e-05,0.00012029428,2.9652292e-06,2.3238323e-05,1.7760461e-06,1.10431436e-07,3.9205523e-07,7.587834e-07
0.0005481736,9.222533e-05,0.00010407523,9.9478384e-05,5.3515072e-05,9.909292e-05,3.5131005e-05,0.0018244368,0.0028317561,0.08042306,0.030573817,0.13983108,0.5261065,0.00031239653,0.07095603,0.04291348,0.0027350166,0.009410411,0.04312902,0.042020094,1.6783519e-05,0.00016242506,0.0057220887
4.3870963e-07,1.993242e-07,2.1211224e-06,1.1542241e-05,0.0016155568,0.025320008,0.19739397,0.325637,0.11854333,0.25174752,0.072634496,0.0016780429,6.0982566e-05,6.7782894e-06,1.7238299e-05,0.0021304197,0.0031911484,9.059841e-06,6.661337e-08,2.9283159e-08,2.054213e-09,4.6258643e-11,1.5132184e-08
1.5692396e-05,5.063309e-06,3.370031e-05,1.4338937e-05,0.00028672186,0.006572563,0.022521745,0.089120604,0.24408795,0.26824224,0.087914854,0.05785256,0.0031869747,0.0019041079,0.022479484,0.14579798,0.04457096,0.005321719,4.4064338e-05,1.3273647e-05,7.4640066e-06,4.2877042e-07,5.4592892e-06
4.246571e-06,2.8004856e-06,6.309903e-06,6.476575e-06,4.4997003e-05,0.00024823225,0.0005668527,0.010942644,0.013338029,0.013216014,0.006700987,0.08687072,0.6268342,0.02568223,0.12614039,0.084572524,0.0026014124,0.002158773,3.2315224e-05,1.7942752e-05,1.0915331e-05,7.26157e-07,3.2064108e-07
1.6176749e-06,0.00013434191,0.0009524729,0.0176716,0.24606279,0.43266612,0.24368069,0.03294869,0.010715536,0.010005078,0.0007539174,0.0036223875,0.0002526605,0.00032556604,1.3915385e-05,3.6204183e-05,0.0001551171,8.691228e-07,2.6215358e-07,5.6449586e-08,9.743452e-08,6.4047856e-10,1.5142017e-09
0.00016374893,0.0024738335,0.06763643,0.09784183,0.2823922,0.22564599,0.1205661,0.07020123,0.094440475,0.012948642,0.014419003,0.0019538119,0.0023148484,0.0017683806,0.0014858084,7.655876e-05,0.0035051405,0.0001548702,9.147164e-06,7.542496e-07,5.676275e-07,4.4979237e-07,1.9681593e-07
6.384685e-05,0.00033443054,0.022556823,0.008069768,0.16996987,0.24924797,0.08106627,0.052911304,0.04255812,0.03346199,0.0076581268,0.13888547,0.026796674,0.025257612,0.06956351,0.0006355698,0.06797667,0.0016101899,0.0013267988,1.1931216e-05,2.1091155e-05,1.25512615e-05,3.3891397e-06
5.3908556e-05,0.0023471052,0.044854216,0.14391744,0.36698624,0.28972366,0.108592875,0.015931822,0.014864303,0.004368799,0.0010426247,0.0044124485,0.00051254,0.00062081165,0.00043323473,3.63206e-05,0.0012736836,1.3594959e-05,1.2884602e-05,7.5125945e-07,4.1318108e-07,1.3638981e-07,1.5740781e-07
2.9542352e-06,3.241384e-05,0.000411647,0.0043299147,0.064055495,0.39885187,0.43094552,0.07751296,0.008523738,0.010170063,0.0031623503,0.0012259453,0.00019004453,0.00018338594,8.484488e-05,5.9197624e-05,0.00023975654,1.5823358e-05,1.9580007e-06,6.814731e-08,3.138322e-08,7.0324986e-09,2.9212403e-08
0.0001398265,0.0022397737,0.03880917,0.08720197,0.31033686,0.19152944,0.16362426,0.08232386,0.08482299,0.01397134,0.014976464,0.0013937147,0.0019338031,0.0025419712,0.00095164834,9.895034e-05,0.002948533,0.00014668904,6.440796e-06,8.5348455e-07,9.686615e-07,3.0540286e-07,2.0445081e-07
1.534045e-05,4.659853e-06,3.5715097e-05,6.0325356e-06,0.00022307136,0.0118392855,0.010046629,0.124803185,0.19153321,0.27439845,0.07896597,0.06343934,0.002492448,4.858501e-06,0.0039618425,0.000379402,0.23454948,0.003298259,9.966919e-07,1.6564146e-06,2.6415993e-08,1.3024242e-08,1.2051989e-07
9.26789e-05,0.00070541265,0.01418363,0.027252017,0.1991349,0.28420278,0.41243887,0.033330955,0.0103718955,0.0055117044,0.0016180306,0.003880517,0.00031790434,0.001236176,0.005069479,4.584596e-05,0.0003529521,7.854544e-05,0.00017270747,1.3094508e-06,1.848737e-07,9.653278e-07,6.2102214e-07
0.00019540107,0.006980768,0.15040141,0.23162642,0.31383827,0.2150621,0.05686227,0.0072812377,0.009564689,0.0019850752,0.0006402187,0.0027884976,0.00024147409,0.00035690758,0.001179921,2.0776662e-05,0.000913233,1.5410866e-05,4.335947e-05,1.2513128e-06,2.476906e-07,5.1777084e-07,5.3881564e-07
3.6808447e-07,2.7666692e-08,6.84928e-07,1.9670189e-07,9.3096554e-07,1.2420827e-06,6.114526e-06,0.000456401,0.00050785416,0.0055157947,0.012413178,0.32330826,0.004841008,0.110791735,0.21600208,0.04247698,0.0017837315,0.001733268,0.23243529,0.00013814712,0.047585547,1.0098744e-06,1.8529963e-07
8.295545e-06,1.6144551e-05,0.0003229782,0.00065245124,0.0387444,0.10025499,0.35923448,0.27281556,0.077349484,0.06286569,0.054591253,0.0011527434,0.0026367223,0.014252502,0.008737222,0.0008568344,0.004291776,0.0012126216,2.429171e-06,4.4982528e-07,8.7680473e-07,5.3867204e-08,1.038887e-07
1.4063543e-05,0.00084465,0.01052206,0.08438928,0.31357023,0.4139672,0.16012165,0.010706302,0.0032617806,0.0014165164,0.00040395113,0.0005216478,2.9759181e-05,7.7731886e-05,4.898432e-05,5.6956783e-06,9.448928e-05,2.1729747e-06,1.7692984e-06,8.908796e-08,1.6538909e-08,9.125626e-09,2.2043416e-08
5.6165895e-06,0.00016412251,0.0021758704,0.016575454,0.1652323,0.55566186,0.21163897,0.030462788,0.007447287,0.0056659216,0.0010881219,0.00274183,0.000227994,0.0003762608,8.488408e-05,2.656141e-05,0.0004099642,1.1644895e-05,2.2466968e-06,1.3862535e-07,1.02165735e-07,1.8202877e-08,3.1121402e-08
0.0004494275,0.016852943,0.35474324,0.23052607,0.23379643,0.124764904,0.024823567,0.0033850821,0.005116401,0.0009508951,0.00036114187,0.00158227,0.00012324289,0.00019351262,0.0015020143,1.3297416e-05,0.000712126,1.5003019e-05,8.448182e-05,1.6589852e-06,1.8797786e-07,1.0795819e-06,1.0110233e-06
3.1933112e-05,3.6753117e-06,8.386914e-05,3.6850986e-05,0.00096781267,0.0035583524,0.0065989085,0.23324907,0.21635191,0.41315576,0.10802245,0.005761283,0.0006529043,3.2046644e-06,0.002406197,2.9339667e-06,0.001531684,0.0075739985,3.4231223e-06,3.1490922e-06,4.3393915e-09,4.913568e-08,5.7236235e-07
8.449579e-06,7.833841e-06,6.036336e-05,0.00034910403,0.03787979,0.026517285,0.29875904,0.39937642,0.08327316,0.07214145,0.07264335,0.001207003,0.0023174777,0.00043973763,0.0015947482,7.095496e-05,0.0007785286,0.0025505798,2.1240354e-05,1.7932928e-06,4.934681e-08,2.5162973e-07,1.3349313e-06
0.0036084647,0.17341895,0.53108525,0.21628378,0.0553466,0.0129361525,0.005019776,0.0006955136,0.00076303136,0.00015056261,0.00012051455,0.00018333501,1.8737257e-05,3.8904036e-05,0.00012486009,1.5729944e-05,0.00013525983,5.1244892e-06,4.1347506e-05,4.680572e-06,2.3870155e-07,1.0504031e-06,2.116222e-06
4.549295e-05,8.558819e-06,8.494153e-05,0.000107650434,0.00015664824,0.0010564962,0.035821766,0.077664755,0.10664309,0.09384502,0.26999092,0.010521654,0.025857972,0.22130989,0.06298714,0.035389103,0.00017455079,0.019759258,0.017356604,9.85769e-05,5.5048986e-07,0.021115083,4.3548102e-06
4.530394e-06,3.7536396e-05,0.0007520245,0.003467822,0.04317488,0.25534064,0.17133729,0.23629823,0.14362493,0.035020355,0.058926273,0.006089817,0.018107414,0.018593527,0.00038227654,0.0009875494,0.0073496373,0.00049839955,5.27282e-06,3.268576e-07,1.0202564e-06,2.5667632e-07,2.2166493e-08
1.40921975e-05,3.6715478e-06,3.7251775e-05,1.7740122e-05,0.00015540696,0.0010942689,0.018575665,0.1062952,0.102237895,0.0582884,0.19055347,0.013180428,0.15953565,0.115782484,0.16643475,0.045003016,0.0037283357,0.018758915,0.00012997746,1.58242e-05,3.1397346e-06,0.00015349434,9.458423e-07
0.00011152745,0.009832701,0.09941339,0.37108678,0.2934869,0.1628178,0.052895114,0.003910827,0.004178821,0.00073186005,0.00028843957,0.00076980656,6.552322e-05,0.000104088744,0.00012272736,1.0364867e-05,0.00016475946,2.2782535e-06,5.808566e-06,3.425755e-07,5.4931757e-08,5.99754e-08,9.7445174e-08
1.6657854e-05,0.0009558957,0.015650334,0.07751592,0.33482486,0.4066821,0.121616915,0.018618783,0.01285812,0.0043877517,0.0009318354,0.0041816463,0.00047277845,0.0005675279,0.0001405276,2.6070924e-05,0.00054130575,7.2941893e-06,3.1744082e-06,2.3402765e-07,1.6321628e-07,3.052574e-08,3.629366e-08
2.3717955e-06,6.026697e-07,3.285935e-06,1.5439603e-06,6.3646685e-06,6.639307e-05,0.0004439892,0.0064552347,0.026179979,0.02709668,0.026486535,0.023149522,0.0025799954,0.026757795,0.07075747,0.74306107,0.0015227229,0.045140292,0.00019071696,1.9644647e-05,7.1320515e-05,3.0651895e-06,3.4480636e-06
4.4944656e-07,1.255994e-07,6.8848885e-07,1.3722498e-06,6.986124e-05,0.00015414869,0.0217273,0.07723263,0.08592592,0.08726708,0.040191986,0.011328477,0.049122643,0.0063970746,0.00061289483,0.5932373,0.026267586,0.0001380306,0.0002727104,1.7957685e-05,3.055646e-05,2.2098821e-07,2.9919772e-06
1.1300907e-05,4.4525586e-06,3.4235476e-05,1.073325e-05,0.00015494702,0.0019435037,0.0059237857,0.066989146,0.09157956,0.1345049,0.07573667,0.060829826,0.019494668,0.009947163,0.28961986,0.20356588,0.026765771,0.012835383,2.6049744e-05,9.77404e-06,1.1491882e-05,3.9129654e-07,5.4528374e-07
4.4690267e-05,0.00043014766,0.015487034,0.021298943,0.22918989,0.39495036,0.1441862,0.05741348,0.04102342,0.023270676,0.0044825966,0.036168333,0.006633715,0.00988465,0.005138582,0.0002454216,0.0097490335,0.0002998132,9.2062204e-05,3.0921624e-06,5.422217e-06,1.4905822e-06,8.755513e-07
9.1629744e-07,7.2264095e-07,7.428932e-06,4.3980035e-05,0.0059330007,0.015218937,0.029781003,0.25465617,0.08402878,0.431887,0.17394087,0.0027638157,0.0005653424,4.8785336e-07,3.559276e-05,9.925e-06,8.4179585e-05,0.0010363113,2.2441916e-06,1.7327692e-07,1.05004325e-10,1.2537094e-09,3.0876122e-06
6.578657e-05,1.1063752e-05,2.4096877e-05,1.361245e-05,2.4314559e-05,0.0002885979,3.299494e-05,0.0015442738,0.0037736245,0.069150984,0.22950727,0.038031217,0.082069494,0.0071898275,0.055229906,0.07875923,0.02664942,0.031739384,0.20194468,0.15334034,2.6185115e-05,1.6023487e-05,0.020567719
6.1914335e-07,4.8011415e-08,6.8952625e-07,3.2614926e-07,5.748277e-07,9.093205e-06,0.00012071054,0.0026590924,0.026005719,0.008985954,0.037185278,0.035637505,0.0017720893,0.19200175,0.010344666,0.21316749,0.0006048088,0.46904048,0.002221703,3.2198117e-05,1.2806867e-05,0.00019576977,5.852034e-07
1.5155724e-07,1.35957425e-05,1.8945055e-05,0.009153938,0.35649925,0.17430449,0.2394465,0.17034289,0.022882378,0.022081083,0.0007442272,0.0022693342,6.190094e-05,9.2683316e-05,2.069827e-06,0.0020862815,2.54674e-07,2.2293653e-10,1.8965542e-10,8.0207074e-10,1.1916937e-11,2.926986e-15,8.029017e-14
2.585774e-06,4.2403408e-07,4.2175725e-06,1.6936439e-06,7.4132e-07,5.934829e-06,0.0004554642,0.012986233,0.6078187,0.02864762,0.020563863,0.016684262,0.0012834792,0.036021132,0.0032860874,0.002742971,2.5302154e-05,0.11866236,0.016400907,0.008851028,5.8646843e-10,0.1255549,8.316365e-08
1.3865008e-06,5.690866e-07,4.9697887e-06,2.3989553e-06,3.606058e-05,0.00029517565,0.0036129118,0.03936939,0.044449393,0.026602425,0.07181876,0.026388835,0.5443901,0.08964795,0.08005601,0.050446525,0.005238669,0.017602209,1.5970776e-05,2.105939e-06,3.0289307e-06,1.511359e-05,7.3012366e-08
0.0034718884,0.16905312,0.50300866,0.23810238,0.062213544,0.0154562825,0.006107297,0.0008162768,0.0008680355,0.00017426563,0.00013505184,0.00019304849,2.1164542e-05,4.3973556e-05,0.00012987091,1.7086935e-05,0.00013454971,5.446681e-06,4.0048042e-05,4.5960974e-06,2.5047876e-07,1.0285888e-06,2.1152869e-06
3.2860513e-05,7.1673853e-06,2.2954342e-05,0.00012620796,0.0037697945,0.0017657318,0.0026374531,0.037127852,0.08184407,0.23235579,0.21559554,0.115667984,0.08105991,0.0037663954,0.0013509272,0.02553839,0.0032666542,0.022724008,0.013145525,0.0045385323,3.1046693e-06,1.4730689e-05,0.15363848
5.145288e-06,3.5196604e-06,4.005999e-05,0.00012574966,0.0003895127,0.0010354777,0.0019700183,0.026498532,0.022517847,0.08216424,0.08663903,0.2738118,0.30137816,0.101577036,0.023355525,0.028558895,0.013936362,0.0007663267,0.00022144958,9.521607e-06,0.034995545,1.8651454e-07,8.766656e-08
9.452313e-07,6.2803124e-08,1.2833145e-06,7.208353e-07,1.2614923e-06,1.3073865e-05,0.0005638777,0.0049436125,0.075453416,0.00818217,0.037827868,0.029423747,0.00104936,0.21658726,0.009568023,0.02887596,0.00017770902,0.57351315,0.010670532,7.104514e-05,7.8043406e-08,0.0030747666,1.08244514e-07
1.2156875e-06,7.047037e-06,8.015221e-05,0.0005255716,0.02039437,0.10656231,0.32139638,0.29851097,0.06098624,0.09724705,0.0064046653,0.04081551,0.0089641465,0.007223255,0.00023483862,0.0025372964,0.027924983,0.00013712623,9.34352e-06,2.3903322e-06,3.507259e-05,4.9662212e-08,7.1744196e-08
2.1373494e-06,3.318382e-06,6.9154325e-05,7.8773926e-05,0.0016540881,0.012226981,0.13245901,0.12104964,0.106703706,0.038036298,0.15574753,0.007870314,0.045901507,0.32136238,0.011234194,0.014729768,0.0035484643,0.026981648,0.0002963064,2.048721e-06,3.0612143e-06,3.9433286e-05,2.1970293e-07
1.858269e-05,0.001070971,0.014488434,0.094340235,0.315296,0.4212384,0.13412826,0.011211282,0.0045623984,0.0017420077,0.0005078615,0.0009452846,6.438192e-05,0.00014588676,7.956713e-05,8.398054e-06,0.00014589539,3.4546956e-06,2.5596673e-06,1.3751223e-07,3.5382914e-08,1.8378346e-08,3.4384417e-08
1.2249838e-07,1.756256e-08,2.2798073e-07,6.480476e-08,1.0714176e-06,2.5717225e-06,1.415338e-05,0.0005656398,0.00018232505,0.0044668214,0.0038710407,0.14736794,0.0037961823,0.008687945,0.20538676,0.062297095,0.03462871,0.00071358023,0.5209597,0.00047688076,0.006578645,2.270037e-06,3.0401796e-07
1.9587189e-07,2.2948594e-08,3.9943993e-07,2.8951867e-08,4.554125e-06,6.6583543e-06,9.983366e-05,0.0016819041,0.0019432594,0.0026807785,0.007768476,0.017609881,0.12567988,0.21335027,0.06788901,0.031490576,0.47122306,0.009322747,0.04824748,0.00057407864,0.00031983457,0.00010595644,1.238976e-06
2.6578216e-05,1.1606602e-05,4.0676172e-05,0.00019864453,0.0154678635,0.006267564,0.075143844,0.25080588,0.12298727,0.25250053,0.22329356,0.015898464,0.016569145,0.00045727193,0.003315983,0.0007585664,0.0025909354,0.012627115,0.00079679274,7.3010095e-05,6.5228227e-07,6.966641e-06,0.00016108723
0.008552933,0.18412733,0.42085215,0.25681105,0.08044139,0.017532347,0.014590559,0.005312039,0.0076988307,0.00081683806,0.0014747982,0.00033788747,0.00015716611,0.00018892337,0.00035089845,5.1780706e-05,0.00057860964,6.423988e-05,4.0389088e-05,1.2067266e-05,1.0962383e-06,3.2598446e-06,3.3672231e-06
5.772456e-06,3.2531032e-06,5.276495e-05,3.512849e-05,0.0034825015,0.06391834,0.23010097,0.35647845,0.14902873,0.15648954,0.026529372,0.0017155276,0.00015356192,3.0616684e-05,0.0012223098,0.00068216363,0.009887523,0.00018266992,6.3071076e-07,1.6170534e-07,9.555335e-09,2.5650082e-09,4.1334648e-08
7.0795863e-06,4.4302433e-05,0.0011880003,0.0030225988,0.031660337,0.1817212,0.17622463,0.21235187,0.19582123,0.033248726,0.082555614,0.0061980574,0.022831216,0.043677874,0.0010879587,0.0013983373,0.005918441,0.0010281157,1.1683402e-05,4.536545e-07,8.976818e-07,1.2918041e-06,4.4844683e-08
3.9932792e-07,1.1156558e-07,1.7949279e-06,3.751462e-06,0.0008313606,0.012672676,0.04384712,0.21025534,0.149851,0.46419218,0.11134813,0.0050791856,0.000105859974,4.7295083e-07,7.1567396e-05,0.00014481034,0.0015254561,6.803572e-05,4.7719783e-07,6.861247e-08,1.8384223e-10,3.7930192e-10,1.2465105e-07
1.2246433e-07,9.607579e-08,1.8445531e-06,9.865977e-06,0.003082092,0.066198334,0.3473705,0.38717332,0.054187246,0.11408469,0.027155437,0.0001507328,8.046065e-06,3.8156313e-07,4.3210284e-06,5.22936e-05,0.0005183622,2.27919e-06,3.5663852e-09,8.999845e-10,2.0651423e-11,1.5983459e-12,3.7976336e-10
7.499566e-07,1.6584384e-08,7.7124037e-07,1.3711023e-07,7.320267e-07,3.3711174e-06,4.0839663e-05,0.0010622127,0.006506653,0.005705267,0.024268432,0.03959107,0.00046023913,0.23848435,0.05018681,0.3518012,0.002178266,0.0017028583,0.27695054,0.00093934056,8.353018e-05,3.1052325e-05,1.5276124e-06
5.432447e-07,1.18799186e-07,9.97065e-07,1.2326476e-06,0.00017890468,0.008131051,0.0057160007,0.098699704,0.08971784,0.53506494,0.20373422,0.040132053,0.00043434784,6.820694e-07,5.999664e-05,0.00042188284,0.01747479,0.00022730707,7.9243466e-07,9.384762e-07,1.8974895e-09,1.8052454e-09,1.6163016e-06
0.00018663071,5.2391995e-05,6.291718e-05,2.1013406e-05,2.0881158e-05,0.00035471757,0.00028539554,0.019673662,0.03271814,0.160075,0.28041118,0.18393068,0.19006534,1.0356578e-05,0.005535796,0.018239887,0.00770074,0.10019079,9.517259e-05,0.00026233974,9.148696e-07,1.8861655e-07,0.00010586573
1.4576607e-06,6.3831576e-05,0.00065016747,0.009395489,0.158595,0.40618655,0.3287099,0.056493565,0.013796466,0.017819623,0.0012454444,0.005310287,0.00041870133,0.000571253,2.6030119e-05,4.994655e-05,0.00066089595,4.1783414e-06,6.81825e-07,1.2324944e-07,3.9453326e-07,2.3592446e-09,5.110291e-09
7.583353e-06,5.196108e-05,0.0018293641,0.0046296236,0.04015188,0.23414846,0.20004572,0.18306495,0.1844978,0.024588272,0.08076725,0.0043503875,0.01117074,0.023552854,0.00091823755,0.00067040394,0.0049057263,0.00063338445,1.3428137e-05,3.3030548e-07,4.7610013e-07,1.1632121e-06,4.036663e-08
2.2619335e-07,5.820113e-09,3.8516725e-07,1.1103654e-07,6.8099786e-07,2.8428162e-06,1.4965688e-05,0.0008515795,0.004710609,0.0055487445,0.030102385,0.4545393,0.0035378053,0.2740322,0.054080475,0.061680157,0.0030450912,0.0570529,0.049769104,2.412125e-05,0.0009861264,2.0114234e-05,8.250984e-08
7.88998e-06,1.4991439e-05,0.0004959259,0.0005782852,0.033366766,0.19781628,0.4550019,0.24476598,0.035583273,0.02186736,0.007904851,0.00018904102,4.6561247e-05,7.153707e-05,0.0016405081,3.134497e-05,0.0005235888,9.325922e-05,6.901166e-07,5.090263e-08,3.581678e-09,4.365223e-09,1.2246002e-08
6.0605176e-05,3.315529e-05,0.00024771978,5.489139e-05,0.00035385462,0.005088009,0.011612391,0.105380006,0.25719377,0.30379778,0.070614845,0.06476538,0.004395512,0.0005390066,0.070828766,0.03722979,0.017514594,0.05010894,0.00012329397,4.7655638e-05,1.2912418e-06,3.925326e-06,4.8618804e-06
1.425306e-05,2.6594557e-06,1.0502803e-05,7.261708e-06,1.2421429e-05,0.0001833588,0.00032880338,0.010502236,0.10689698,0.080533504,0.1764121,0.046659537,0.0066996543,0.021186415,0.039192054,0.19613518,0.0029722096,0.03747519,0.029312983,0.24354377,6.6292173e-06,0.0016526004,0.0002597317
3.612073e-06,1.3005726e-05,0.0005850448,0.00114435,0.021299286,0.16376188,0.262643,0.20465131,0.13498946,0.037032247,0.10259317,0.005097477,0.013998878,0.03297789,0.0014404857,0.001106733,0.014300155,0.0023121315,4.5437842e-05,5.874936e-07,1.5238993e-06,2.25178e-06,7.1103244e-08
5.955704e-06,5.14997e-05,0.0010064798,0.005017095,0.071862005,0.21777545,0.2385901,0.24825805,0.12232419,0.023734322,0.040097516,0.0023612373,0.0070150644,0.018366797,0.0003717893,0.00032865442,0.0024276748,0.00040021446,4.89518e-06,2.7574137e-07,4.2515038e-07,2.2647843e-07,2.9590334e-08
1.0125837e-06,3.2185136e-07,4.8993916e-06,1.6610536e-05,0.0016075474,0.015220196,0.23886655,0.2965495,0.16580285,0.18976425,0.084834725,0.0012884354,0.0002566653,6.701405e-05,0.00016185964,0.0023448216,0.0031217407,9.003392e-05,6.3499016e-07,1.7991077e-07,4.3801034e-08,9.290302e-10,9.366909e-08
3.471809e-07,2.6121327e-07,1.2520302e-06,3.8977814e-06,2.232559e-05,7.6175354e-05,0.00029069517,0.0064011035,0.014150846,0.022598617,0.038475484,0.124966845,0.36522338,0.33045548,0.016611364,0.077090785,0.0009891631,0.0006784258,2.7236965e-06,5.238297e-07,0.0019602783,8.754302e-09,4.635101e-09
7.962477e-05,1.2888563e-05,8.3477484e-05,3.4573488e-05,0.0003872186,0.0014538524,0.0023274918,0.061178472,0.08788672,0.15109235,0.08363401,0.114320815,0.10071884,0.0029438797,0.35036692,0.0015743981,0.014486707,0.026623983,0.00024520356,0.00051036605,4.6414893e-06,1.2830434e-05,2.0834053e-05
1.3648047e-07,2.68813e-07,2.8899658e-06,4.53931e-06,0.00022694333,0.005504118,0.010969591,0.0641895,0.026322214,0.045827013,0.04495128,0.092682496,0.3578537,0.08661257,0.0013962113,0.049831636,0.1894628,0.023997946,2.4823143e-05,1.2645376e-06,0.00013648823,1.5507025e-06,4.0355637e-08
4.639837e-06,2.0878322e-05,0.0010271992,0.0013034855,0.015583288,0.13506317,0.20540997,0.17371969,0.18799213,0.031034993,0.14131293,0.008274158,0.025812237,0.06114245,0.0036871855,0.0014852593,0.0049107345,0.002145968,6.2447776e-05,4.1373312e-07,4.883371e-07,6.2640643e-06,5.191789e-08
5.2572555e-06,4.2534257e-06,1.9048917e-05,0.00023847146,0.015890777,0.010730057,0.09489285,0.23112963,0.13797519,0.24823967,0.23433506,0.012639598,0.0067547266,0.00010147296,0.00011114241,0.0038976169,0.0010628018,0.0016618678,0.00010652874,1.16023475e-05,1.17949064e-07,2.14642e-07,0.00019204245
3.6984417e-05,8.999749e-05,0.0021172396,0.0008632622,0.032075398,0.073104,0.09762118,0.0645202,0.043336876,0.055398766,0.01721229,0.21892868,0.083458126,0.16866772,0.07013769,0.0034963924,0.058198728,0.008375799,0.0022134823,3.3771143e-05,7.014e-05,3.6391102e-05,6.953442e-06
4.292859e-06,3.7282605e-06,0.00010807598,6.430327e-05,0.0069236713,0.10001699,0.23447956,0.4061641,0.11507364,0.09771596,0.02400449,0.0009861484,0.00036107813,0.00018855106,0.0062271394,0.00038760714,0.00703596,0.00025407996,4.3947762e-07,1.3059304e-07,1.0930552e-08,4.023596e-09,1.4542018e-08
2.2892816e-06,8.67332e-07,1.3904734e-05,1.6903858e-05,0.0015501701,0.017284518,0.13448161,0.26507923,0.22065131,0.28929204,0.06355831,0.0041640773,0.000112294205,7.5606445e-06,0.00039017346,0.001147765,0.00209998,0.00014425181,2.1752821e-06,2.4198903e-07,5.238361e-09,2.870604e-09,3.0574415e-07
1.8820559e-06,3.860739e-07,2.9039948e-06,8.633995e-07,3.3014667e-06,4.87644e-05,0.0003368574,0.011076875,0.017006714,0.01778047,0.07928718,0.02730254,0.55096763,0.04395121,0.14669712,0.069340125,0.0029791433,0.033089396,2.1978642e-05,8.000305e-06,1.9983088e-06,9.451801e-05,1.5467562e-07
6.612755e-06,1.3521613e-05,0.0001991175,0.0007688317,0.019315744,0.032358352,0.1707865,0.16845453,0.14424016,0.097712606,0.159161,0.006732931,0.04273574,0.12830487,0.0045682294,0.0023264228,0.0194538,0.0027737026,4.7466056e-06,1.0604349e-06,8.134173e-05,9.918573e-08,7.572095e-08
2.3298126e-05,5.412004e-05,0.00066086435,0.0012300783,0.030771358,0.036834497,0.13779163,0.16349284,0.14693816,0.08085745,0.10616041,0.00987986,0.04394638,0.20315059,0.01849718,0.005912463,0.010240467,0.0035000206,8.960565e-06,2.3862033e-06,4.647219e-05,3.0253327e-07,2.14651e-07
1.0064849e-05,0.00068291306,0.008302191,0.06274241,0.31215736,0.43874845,0.15178691,0.0146554895,0.0058070174,0.0026802483,0.0005712165,0.0013262853,9.57507e-05,0.00018429256,4.8685313e-05,1.1767473e-05,0.00018439954,2.9270723e-06,1.4486701e-06,1.1781935e-07,5.0831307e-08,9.156657e-09,1.823883e-08
0.00011216544,0.0022015302,0.09999049,0.09576558,0.33107835,0.33209872,0.072541304,0.016441554,0.021004256,0.005559629,0.0014997275,0.010491722,0.001246773,0.0012934089,0.005106344,4.5040895e-05,0.0033603949,5.461968e-05,0.000103875864,1.8057674e-06,6.2097297e-07,1.3077674e-06,7.443444e-07
1.550349e-06,1.3634116e-07,5.301567e-07,1.1491226e-06,1.5110573e-05,0.00019129254,0.0009669121,0.023758622,0.13207945,0.20344514,0.26026446,0.07450476,0.0022661032,0.0016892799,0.0018484489,0.29565272,0.0018433534,0.00013583613,0.0008549925,0.00026530874,1.6603157e-05,1.0112501e-06,0.00019720792
1.7669878e-08,4.2187294e-09,5.8034182e-08,2.0568535e-08,1.3880772e-06,2.6643305e-05,0.00018037934,0.003464291,0.0036295988,0.008198448,0.016265113,0.10750636,0.06740874,0.030594517,0.017641265,0.15924618,0.49594867,0.069916695,0.017549293,8.646582e-06,0.0023745438,3.894405e-05,1.8250202e-07
0.00010688748,5.5544395e-05,0.00016465558,4.1069412e-05,5.5977685e-05,0.00023301259,0.00018369989,0.008674378,0.01479414,0.07142258,0.062414475,0.058221515,0.056148287,0.0036007466,0.17772783,0.24076924,0.016728096,0.17586142,0.0166465,0.095663056,1.6088505e-05,0.00027773535,0.00019299635
2.1453863e-07,8.828712e-08,5.2356427e-07,2.4332553e-06,7.4698684e-05,0.00020010595,0.0017460043,0.02679962,0.078950875,0.12641853,0.011307658,0.26126754,0.048356187,0.087931536,0.0018495165,0.3359275,0.018354816,4.007349e-05,0.00031978622,0.00024333785,0.00020792265,6.301683e-08,9.091249e-07
0.0010807868,0.05030492,0.48673132,0.22924143,0.16928041,0.0462623,0.010502192,0.0013750828,0.0022394282,0.0003876168,0.00019837594,0.00092374475,7.051921e-05,9.69089e-05,0.00068128493,1.5480588e-05,0.00050934893,9.4261095e-06,8.360542e-05,2.9033286e-06,2.2310547e-07,1.3299127e-06,1.4015727e-06
9.66809e-06,3.238471e-05,0.00084946526,0.0015574815,0.08745694,0.20599116,0.38342518,0.24401289,0.038133163,0.020722432,0.012802831,0.0003010394,0.00036395903,0.0011750769,0.0020953238,7.6246644e-05,0.00086670404,0.00012754841,3.9418293e-07,6.271426e-08,3.072587e-08,7.032279e-09,1.0798166e-08
1.4449396e-06,6.9653623e-07,6.303537e-06,5.9051245e-06,4.056959e-05,0.00030128253,0.0020234592,0.012090015,0.0353062,0.03198402,0.082420304,0.015488759,0.008093073,0.10508793,0.078945555,0.059793465,0.0020323468,0.5660932,0.00021012421,4.9413034e-06,6.282781e-05,6.674053e-06,8.256149e-07
3.5321361e-06,3.0646832e-05,0.0002660017,0.0011301694,0.03301079,0.323455,0.1953424,0.14425172,0.06925354,0.08230462,0.01008807,0.09223037,0.016915107,0.012527301,0.0005568023,0.0034845914,0.014812295,0.00031186367,1.0765624e-05,2.2935744e-06,1.1764392e-05,1.451764e-07,2.0967336e-07
4.030401e-07,5.3351716e-08,6.54711e-07,1.089699e-07,4.3624786e-06,6.7315777e-06,4.19946e-05,0.00044769747,0.00055759243,0.005107339,0.0029693544,0.014556146,0.003770023,0.011699215,0.068510234,0.024744147,0.08630418,0.0012995767,0.7744052,0.004862756,0.00065095164,3.916878e-05,2.2100074e-05
0.005711967,0.0017900771,0.002801439,0.0017316169,0.0016522092,0.0025516846,0.00698626,0.051250983,0.054371234,0.13598534,0.1055227,0.06350415,0.17803584,0.0105796205,0.14877987,0.0561136,0.017595649,0.09404494,0.04207692,0.014812152,0.0006134942,0.00047395402,0.0030143207
8.959328e-06,6.765087e-06,5.9566526e-05,0.00013775576,0.0006781585,0.0019528682,0.007201213,0.0348759,0.0465526,0.086956605,0.19511166,0.07146898,0.16321397,0.29087248,0.033777904,0.03213476,0.014306975,0.005301768,0.00015191101,1.200823e-05,0.015216153,6.7138586e-07,4.1129584e-07
8.04065e-06,1.08044305e-05,0.00011984875,7.603357e-05,0.0010090006,0.0021098221,0.003435957,0.03238793,0.044973876,0.049098745,0.06272227,0.05768747,0.33230358,0.26975,0.09954572,0.017757468,0.0075552985,0.019297482,1.9209669e-05,2.208795e-06,0.00012833241,7.8016484e-07,1.2663271e-07
5.8889558e-08,1.629612e-08,8.4224204e-08,7.318237e-08,4.876769e-06,5.6746827e-05,0.003878554,0.0119968755,0.07067868,0.017290082,0.047224663,0.03672797,0.14146909,0.04525963,0.0029493065,0.3042327,0.19220431,0.12291614,0.0026965616,7.980175e-06,0.00026310905,0.00014145463,1.0637706e-06
5.874286e-06,2.5304153e-06,2.6365293e-05,1.725877e-05,0.00025944907,0.0022503769,0.01276787,0.075678125,0.13790908,0.12468562,0.12620413,0.014884826,0.009974484,0.044920832,0.28765652,0.12177936,0.010328466,0.030586677,3.6543894e-05,7.5837024e-06,1.6088232e-05,8.3337824e-07,1.0780705e-06
2.8562488e-07,1.2231528e-06,1.1619304e-05,0.00024719659,0.0094158575,0.042084824,0.6004117,0.26022944,0.032326005,0.043517493,0.0067671146,0.0016724779,0.00067153136,0.00025141847,1.7812281e-05,0.0011543493,0.0012064434,1.214121e-05,6.8397065e-07,9.058957e-08,2.5671608e-07,1.1411334e-09,1.2149926e-08
8.361533e-06,1.004783e-05,0.00010684722,0.00012750746,0.0030718944,0.0060701673,0.028063044,0.083086334,0.10361148,0.07988608,0.14164309,0.016325392,0.07917112,0.33206025,0.08477842,0.019485274,0.009299531,0.013077847,1.295398e-05,2.7303442e-06,0.000101086844,3.473939e-07,2.0599295e-07
7.717727e-07,1.7059505e-05,0.00034296428,0.006726629,0.057023186,0.59952706,0.31409448,0.019532157,0.0009104448,0.0014286602,0.00038248667,9.19471e-06,5.2566514e-07,3.5470424e-07,1.8735404e-06,4.8477096e-07,1.6154426e-06,7.7234e-08,2.0261934e-08,2.3958627e-10,6.410517e-12,6.3422405e-12,1.5980202e-10
0.0003497502,0.028156405,0.2036207,0.44605848,0.20916961,0.08169116,0.024502072,0.002089473,0.002698955,0.00043131708,0.00020668951,0.0005574391,5.0718776e-05,7.8081175e-05,0.0001542956,1.1985332e-05,0.00015671099,2.8127604e-06,1.2161948e-05,7.536355e-07,8.504718e-08,1.7510028e-07,2.8807716e-07
3.636877e-05,1.647852e-05,5.638839e-05,0.00012317284,0.0049933316,0.0034331598,0.1083486,0.123646885,0.1812551,0.13709301,0.13531433,0.05587027,0.07275105,0.010151977,0.008936062,0.0383343,0.04738025,0.064494394,0.006170483,0.00055538607,7.616608e-05,0.00020705676,0.0007557483
2.0735986e-05,0.00019883485,0.0075249714,0.01161064,0.20405947,0.38942027,0.1565382,0.06770507,0.040088434,0.029592542,0.004486378,0.048311688,0.008666714,0.009693009,0.004343605,0.00028466026,0.017069759,0.000296824,7.927325e-05,2.4336605e-06,5.0919e-06,9.153527e-07,4.858028e-07
4.2204334e-08,1.8380114e-09,8.767956e-08,3.7589903e-08,2.3158742e-07,2.3806332e-07,1.5144158e-06,0.00014766649,0.0001075934,0.0041080327,0.0056453864,0.111993134,0.001456658,0.03508702,0.17183822,0.0057051196,0.0004955207,5.5272e-05,0.48137018,0.0001146095,0.1818734,4.9458606e-08,3.1815723e-08
6.097861e-08,2.4225724e-08,2.3063268e-07,7.362119e-08,2.314604e-06,6.81824e-05,0.0003366313,0.0033291322,0.0050111827,0.0068360544,0.032143097,0.099385716,0.10351563,0.0628454,0.012264046,0.19466041,0.17335488,0.30177468,0.0038126342,6.292316e-06,0.0004890927,0.00016393955,3.1791268e-07
5.411431e-06,5.663711e-06,0.00010097547,8.067829e-05,0.006163513,0.022703592,0.269688,0.1602483,0.062114216,0.05650733,0.032902524,0.053357206,0.15072377,0.08081212,0.013279845,0.007177806,0.07657343,0.006067594,0.0014118375,1.2849889e-05,4.8367405e-05,1.234526e-05,2.5952722e-06
1.2081087e-05,0.00037450495,0.010243724,0.034418616,0.2665225,0.47790837,0.12326882,0.033377413,0.023892831,0.0102619175,0.0019616873,0.011709962,0.0020223083,0.0018347453,0.0004186104,5.4797005e-05,0.0016839058,2.639512e-05,5.9345566e-06,3.0163412e-07,4.1584676e-07,6.961131e-08,5.1478562e-08
5.248082e-05,0.00042178427,0.005591279,0.026488936,0.18225163,0.18344341,0.31894767,0.17385116,0.073919706,0.008727279,0.018711952,0.0005221924,0.0009586679,0.0047618877,0.0007428152,6.178664e-05,0.00032951005,0.0002002229,1.4048124e-05,6.9699985e-07,1.2925973e-07,5.5145847e-07,1.9734225e-07
3.3300443e-05,1.4907843e-05,8.4803236e-05,0.00011527879,0.0063122762,0.0115078995,0.049135253,0.23903595,0.1576945,0.1434849,0.09069025,0.061804343,0.08663215,0.0052849096,0.10139811,0.0019303005,0.019302769,0.025274763,0.0001318453,0.00010300768,4.1961134e-06,7.524741e-06,1.6798962e-05
2.6210952e-07,4.095905e-08,3.4753293e-07,6.066538e-06,0.00021730008,0.00064953155,0.0031080674,0.04304026,0.06360664,0.6687135,0.15834011,0.013673682,0.00025730405,4.3284224e-05,8.4429485e-06,0.048069116,0.0002529979,2.573064e-06,3.0660035e-06,2.5892905e-06,1.1297185e-08,4.740719e-10,4.739788e-06
0.00018383573,0.00554868,0.10337498,0.18262047,0.3432001,0.24516062,0.07872952,0.012230193,0.014307615,0.0036406682,0.0010432759,0.005316672,0.00053793355,0.00077895867,0.0014270761,4.881928e-05,0.0017646052,2.8994893e-05,5.2586205e-05,2.2034026e-06,7.218993e-07,7.106863e-07,7.867473e-07
7.7486206e-08,4.54934e-08,4.3101895e-07,4.2075183e-07,2.0967678e-05,0.00045365118,0.012307443,0.021303726,0.042568825,0.026788002,0.0893689,0.027968785,0.16515125,0.10179899,0.0084515745,0.14021713,0.113129355,0.2477909,0.0024431804,3.3294382e-06,0.00012193253,0.000110634406,3.447885e-07
0.00042346882,0.024808688,0.30623224,0.354742,0.20281097,0.08426978,0.018459307,0.00215503,0.0034707768,0.0005362314,0.00024582946,0.0008849991,7.573676e-05,9.90296e-05,0.00042489925,1.0809561e-05,0.00031403365,5.2412333e-06,2.8828354e-05,1.0528956e-06,1.065735e-07,4.123961e-07,4.925414e-07
1.0003292e-06,5.9099545e-08,4.121348e-07,7.390146e-07,2.15616e-06,2.4786938e-05,0.00017363507,0.003038667,0.031606086,0.10771464,0.08366609,0.09924047,0.0042476915,0.1494441,0.057664685,0.42090324,0.002357705,0.00025863928,0.021644365,0.0011089074,0.016877158,1.2137413e-06,2.355745e-05
0.0011025305,0.022797573,0.18874335,0.27932957,0.24778312,0.102426276,0.06487362,0.030064987,0.044769518,0.0048144595,0.0068602967,0.0014225944,0.001139125,0.00091826124,0.0008678159,0.00011145405,0.0018436587,0.00010429628,2.051359e-05,3.4967593e-06,1.2010692e-06,1.4136972e-06,9.1373226e-07
0.0005107335,8.199738e-05,0.00066574576,0.00085321494,0.0013551908,0.0034735606,0.008581342,0.1339888,0.15481402,0.4471141,0.17619483,0.020669496,0.017811364,0.00075769034,0.012560713,0.0006900001,0.0007124042,0.017105179,0.0011089575,0.000538276,3.7167138e-06,0.00028399233,0.00012463082
0.00016618926,0.018434543,0.122931235,0.44259867,0.25516984,0.11748811,0.03634055,0.0027822775,0.0027209665,0.0004305139,0.00020632894,0.00044463354,4.618266e-05,7.164052e-05,7.561293e-05,9.684845e-06,7.681004e-05,1.4303467e-06,4.25104e-06,3.2297714e-07,4.300776e-08,4.637909e-08,8.497487e-08
2.894587e-08,5.3971605e-10,2.6217085e-08,6.954247e-09,9.9194125e-08,6.1549197e-09,5.1498155e-08,1.2194018e-06,3.8852427e-06,0.00013622391,0.00075641973,0.00014723111,7.6281995e-06,0.00042156462,0.037985582,0.00038607433,0.00044222505,4.9743863e-07,0.9143419,0.0453589,1.0310132e-05,1.1832371e-08,7.9031075e-08
8.9596135e-05,4.2084626e-05,0.0002308764,0.0002453348,0.007847339,0.009455732,0.106454834,0.24116245,0.15893045,0.12624061,0.1202402,0.02565398,0.044357937,0.016294548,0.08097486,0.0069545456,0.01621166,0.037522197,0.0006982949,0.000230237,1.6342752e-05,6.4861975e-05,8.1020975e-05
9.283478e-06,6.142202e-05,0.0007243964,0.0031364628,0.033393025,0.23565046,0.14955825,0.22370577,0.13756643,0.046935726,0.06616176,0.014005366,0.038004056,0.026060605,0.0006556639,0.0038495688,0.019410023,0.001088036,1.52457305e-05,1.4075227e-06,6.20567e-06,7.547332e-07,8.129591e-08
0.002062194,0.12871885,0.51664937,0.25316736,0.073194526,0.017706761,0.006251794,0.00068874186,0.0008000743,0.00014590082,0.00010313547,0.00017158838,1.459368e-05,3.0848303e-05,0.00011862818,1.0497928e-05,0.00012602711,3.340273e-06,3.1370808e-05,2.508541e-06,1.3172361e-07,5.580884e-07,1.1986147e-06
1.729881e-07,1.3393145e-07,1.225856e-06,6.119196e-05,0.002842596,0.013853476,0.3226836,0.2891472,0.077270284,0.23218256,0.03532274,0.00086278905,0.00013437257,9.13869e-06,6.1332853e-06,0.025307432,0.00031238748,2.4191481e-06,1.3998147e-07,1.7495621e-08,1.2346241e-09,3.4439715e-11,2.6087596e-08
1.4045156e-06,2.9469012e-07,2.8041186e-06,2.34878e-07,8.124068e-06,8.547012e-06,0.00012954131,0.0004977914,0.001985055,0.00072505255,0.008186783,0.055513903,0.008496436,0.022307869,0.06291899,0.11165549,0.12710132,0.100386225,0.10371794,0.003325231,1.5885034e-07,0.3930291,1.6949418e-06
2.8514655e-06,2.9716596e-06,3.554066e-05,5.2634656e-05,0.006361847,0.11558299,0.38663962,0.33818442,0.064640194,0.07165276,0.014658311,0.000277227,1.9826079e-05,2.2585534e-06,6.30122e-05,8.673974e-05,0.0017210649,1.5625197e-05,4.44539e-08,1.0505161e-08,3.953751e-10,8.1573304e-11,2.6974083e-09
5.064435e-06,7.589024e-07,4.792515e-06,1.2754525e-06,3.886312e-06,5.498273e-06,5.629632e-06,8.610857e-05,0.0003359013,0.0020192221,0.010496217,0.0033732264,0.00827334,0.010829883,0.40951163,0.06569149,0.030299207,0.006750765,0.31186968,0.14029646,1.0385285e-05,4.9980983e-05,7.964896e-05
2.586782e-06,5.5959896e-05,0.0008248613,0.0085428925,0.11648667,0.5287698,0.2863669,0.043346178,0.0062667425,0.006024688,0.0013101582,0.0013610997,0.0001471271,0.00019090479,4.6031313e-05,1.7886983e-05,0.00022929534,8.949101e-06,1.048087e-06,4.9297682e-08,3.7398696e-08,5.664632e-09,1.35028895e-08
5.2089604e-06,4.0334402e-05,0.0010193964,0.004089258,0.057923432,0.15208347,0.24374032,0.2640089,0.15872191,0.02481088,0.04531131,0.0019807627,0.009505452,0.034076974,0.0006427915,0.00034083767,0.0012636939,0.00043008575,4.259611e-06,1.7835049e-07,1.9878779e-07,3.1992604e-07,2.120324e-08
3.343345e-05,0.002015553,0.028380826,0.11688676,0.3448967,0.38881958,0.07410246,0.01590994,0.015598442,0.0034707051,0.00094967266,0.006189328,0.0013666669,0.00081486703,0.00024868306,3.7793583e-05,0.0002690598,6.293412e-06,2.9043204e-06,1.892376e-07,8.065318e-08,4.3153904e-08,2.974039e-08
2.59492e-05,0.0007027783,0.010250427,0.042890526,0.2829929,0.35634658,0.13141625,0.04814355,0.040915772,0.026155544,0.0030590594,0.041061733,0.005863169,0.0046815285,0.00073198805,0.0003629345,0.004345748,3.1371448e-05,1.5559479e-05,1.8800782e-06,4.5882057e-06,1.2097412e-07,1.0844897e-07
2.0191152e-05,4.473643e-05,0.0007405438,0.0018156907,0.0606364,0.15568282,0.45094618,0.23663925,0.037427753,0.029080322,0.021203972,0.0004186949,0.00031291196,0.0019576477,0.0009052309,0.00041233297,0.0015646494,0.00018838746,1.5565705e-06,3.0816733e-07,3.343275e-07,2.4060196e-08,1.0208807e-07
3.8541886e-05,1.9062085e-05,9.090752e-05,1.36675635e-05,7.149745e-05,3.26175e-05,0.00059256656,0.0016684829,0.00658543,0.0018712755,0.009379221,0.053346533,0.013443738,0.024030179,0.081015,0.049445804,0.04284296,0.04977314,0.06826549,0.010777595,4.6596784e-07,0.5866902,5.635398e-06
1.3204448e-05,4.8037742e-05,0.0008688153,0.0019891127,0.0852497,0.25206926,0.3954109,0.20857646,0.026696358,0.01600432,0.0106699085,0.00021038289,0.00015979754,0.0005442728,0.000638215,7.7218676e-05,0.00070970174,6.382773e-05,4.0054712e-07,7.081777e-08,3.438307e-08,5.2651075e-09,1.3861447e-08
5.721635e-06,4.410867e-06,6.951286e-05,4.2569587e-05,0.00053702696,0.0024957587,0.009985803,0.03544539,0.053105753,0.056562636,0.1176795,0.01575917,0.019472988,0.12505418,0.13759746,0.01902713,0.0050099813,0.4018947,0.00021045587,5.1821953e-06,2.2247117e-05,1.15959765e-05,7.9582264e-07
6.2741356e-06,6.831674e-05,0.0004132596,0.0030940468,0.044662245,0.5363798,0.28266984,0.07906549,0.019837152,0.023532242,0.0048742522,0.002913829,0.0003531599,0.0003651097,0.00019819866,0.000737779,0.000803718,2.3340473e-05,1.6166155e-06,2.0819637e-07,9.447361e-08,1.0036712e-08,6.700205e-08
2.126926e-05,1.9659954e-05,4.890854e-05,0.0001624994,0.0044953935,0.011875742,0.022239788,0.1524764,0.10663423,0.071666166,0.033125922,0.13667002,0.34156632,0.031181583,0.043082952,0.03491933,0.006012031,0.0037226328,3.999527e-05,3.0397676e-05,7.2284306e-06,3.9052944e-07,1.0340824e-06
0.00010540676,0.004007644,0.08322983,0.17336956,0.3426165,0.27649066,0.0741142,0.013699012,0.01684591,0.0039326004,0.001154436,0.0063605467,0.00084775145,0.00076397386,0.0009882526,4.817909e-05,0.0013766881,2.0187459e-05,2.6339656e-05,1.1485986e-06,4.3602742e-07,3.8414717e-07,3.2473898e-07
1.4950368e-05,0.0006587551,0.010092303,0.052559897,0.31154478,0.39549065,0.14896336,0.031423207,0.021291688,0.01120147,0.0015104213,0.010995672,0.0012296683,0.0012552501,0.00021214307,7.8440564e-05,0.001458986,1.1742615e-05,5.1363136e-06,5.556394e-07,8.0326373e-07,3.896252e-08,4.7342667e-08
5.7829784e-08,6.517547e-08,1.2882899e-06,6.6187226e-07,2.5805317e-05,0.001046172,0.0026516332,0.013500167,0.014429927,0.021770062,0.08084703,0.068662666,0.41989917,0.08402291,0.0063948226,0.04443212,0.107490875,0.13445967,0.00027211264,8.3500936e-07,5.832892e-05,3.3541735e-05,6.4011616e-08
6.1865944e-06,2.0119705e-06,2.5266363e-05,2.8997325e-05,0.0016038903,0.01850947,0.15796587,0.25881135,0.21498337,0.23505485,0.073938854,0.0061485018,0.00057926995,0.00037719597,0.0015560961,0.015165574,0.014843555,0.00039388234,3.6219308e-06,1.1567865e-06,4.3994856e-07,1.4292243e-08,5.979598e-07
1.1101449e-05,0.00058027677,0.007617708,0.049801502,0.28218308,0.46003088,0.16059901,0.02112497,0.0089343,0.004373687,0.00088031334,0.0027144875,0.00023006467,0.00042922897,8.404628e-05,2.243838e-05,0.00037367208,6.6361067e-06,2.2556908e-06,2.0008083e-07,1.4329274e-07,1.9592138e-08,3.081529e-08
1.19395145e-05,0.00025427557,0.0050588557,0.021052372,0.20996848,0.47314247,0.1983593,0.043583483,0.019623052,0.011332049,0.0019654855,0.009772271,0.001169207,0.0019915074,0.00041013895,7.098348e-05,0.0021753595,4.762716e-05,9.5173145e-06,5.732344e-07,8.2433337e-07,1.1155171e-07,1.0787502e-07
0.00029119317,0.0029330216,0.05137717,0.07241157,0.23688383,0.19477701,0.12996794,0.09365508,0.13543172,0.0247875,0.024994174,0.005375171,0.008465377,0.0055775978,0.0030624305,0.00037699426,0.009130833,0.00046990908,2.1762033e-05,3.0817298e-06,4.5241895e-06,1.4052305e-06,6.623623e-07
3.3328786e-05,1.1824146e-05,9.186528e-05,2.786382e-05,0.00015453328,0.0024839977,0.006768033,0.074550055,0.23667973,0.26834175,0.07888331,0.052272566,0.0032400899,0.002248816,0.09593824,0.10135624,0.010455202,0.06613507,0.0002298783,7.968845e-05,2.6877951e-06,7.0164533e-06,8.246103e-06
7.7031885e-08,1.9709303e-08,1.6293319e-07,6.474251e-08,2.4372746e-06,5.5780172e-05,0.0008560785,0.0038207057,0.011522934,0.0076825176,0.042742934,0.0790116,0.06975833,0.11692172,0.012552668,0.27351493,0.103724785,0.26504427,0.011947426,8.713047e-06,0.000198646,0.00063254946,5.664432e-07
9.258851e-06,3.6784547e-06,4.6443543e-05,2.6378077e-05,0.0013841371,0.028289184,0.10867984,0.25667444,0.2726882,0.24938537,0.045064352,0.008451367,0.00045950228,9.56945e-05,0.0036935094,0.0048439754,0.019320106,0.000877996,4.886401e-06,1.0820353e-06,9.198334e-08,2.5097613e-08,4.7217858e-07
2.5848927e-05,1.4704486e-05,0.00021286416,5.3270825e-05,0.0006881835,0.009267078,0.019083405,0.14480312,0.42555016,0.2869259,0.030303758,0.026567478,0.0006797512,4.8626003e-05,0.033933785,0.0017681316,0.0047150017,0.015293819,4.9865186e-05,1.3211925e-05,5.4303396e-08,8.394715e-07,1.2144154e-06
0.0007519987,0.056485947,0.29394707,0.42054206,0.16050167,0.0476582,0.0155155435,0.0014338657,0.0018584315,0.00031066514,0.00016378623,0.00039252656,3.5229066e-05,6.2068444e-05,0.00014798391,1.4364578e-05,0.00015266644,3.3174952e-06,2.00635e-05,1.4391829e-06,1.2832376e-07,3.2211156e-07,5.982701e-07
3.4828427e-05,1.2719903e-05,5.7691323e-05,2.3974213e-05,0.00011965087,0.0039121737,0.0019297693,0.051374916,0.17508192,0.3604775,0.14683516,0.13947584,0.005495653,0.00020960206,0.02205141,0.0064846943,0.017528206,0.06818718,0.00012730145,0.0005361674,2.3681023e-06,1.4778088e-05,2.6487427e-05
9.3852003e-07,3.0335076e-07,4.9002283e-06,3.302016e-06,0.0007099207,0.03948159,0.038823623,0.22201133,0.1977346,0.35701966,0.08655145,0.010303603,0.00031941882,2.1543053e-06,0.00040061577,0.0001398687,0.046308547,0.0001837472,2.8420845e-07,1.887853e-07,1.9967406e-09,8.048472e-10,5.4353258e-08
8.049408e-06,3.5128255e-06,6.105755e-05,4.0744493e-05,0.0023115214,0.03660814,0.14812571,0.3102177,0.22675058,0.20312624,0.04426697,0.0034006427,0.00047294673,0.00031681315,0.0069865217,0.004167812,0.012207969,0.00092216535,3.6337478e-06,8.8104173e-07,1.07727764e-07,2.737819e-08,2.4129676e-07
0.00016606014,0.00323657,0.100305736,0.09608446,0.344222,0.30400184,0.06675285,0.017497523,0.024729889,0.0069992994,0.0018365615,0.019190174,0.0024061573,0.0020139697,0.00549792,0.00010322706,0.004733032,7.671711e-05,0.0001376372,3.6491952e-06,1.310207e-06,2.2681459e-06,1.1808186e-06
3.6615165e-05,0.0018473639,0.030719528,0.119632326,0.35860837,0.34483695,0.10485221,0.015392085,0.013325176,0.003685388,0.00092994364,0.0040748464,0.0004947242,0.00062818005,0.00025341247,2.9441546e-05,0.000636495,9.7818875e-06,6.3739303e-06,3.9850596e-07,2.0854196e-07,7.702893e-08,8.131889e-08
2.0759686e-05,0.0010732822,0.01922388,0.08505377,0.35019118,0.37338513,0.1237894,0.019211467,0.014737458,0.0051207063,0.0010215163,0.0049180514,0.00056147005,0.0006432118,0.0001934367,3.0877993e-05,0.0008101882,8.877863e-06,4.637416e-06,3.302382e-07,2.388211e-07,4.401278e-08,4.894188e-08
0.00042694472,0.005629506,0.0872586,0.1176151,0.287058,0.18471467,0.12091359,0.06852715,0.08609315,0.013301387,0.014142296,0.0023197155,0.0025230453,0.002585591,0.0020689995,0.00016575334,0.0043359096,0.00029348655,2.0514599e-05,2.6786324e-06,1.832573e-06,1.3426072e-06,7.862197e-07
1.6686316e-05,2.4449131e-05,0.00022299273,0.0009449494,0.010629708,0.037796505,0.7235305,0.12899674,0.025660066,0.048514683,0.013665389,0.0018836593,0.0003454764,0.00024022235,0.0009577755,0.0057826154,0.0006838385,6.781672e-05,3.403781e-05,8.6530116e-07,1.0969807e-07,7.034858e-08,9.3982203e-07
4.7351443e-07,2.4880103e-07,7.737243e-06,9.66522e-06,0.0032955962,0.06931041,0.2225072,0.35428298,0.1213315,0.19908597,0.028464057,0.00053836213,1.9091089e-05,2.955459e-07,9.0642985e-05,1.0582619e-05,0.0010197872,2.5352898e-05,6.708208e-08,5.3352815e-09,2.2250628e-11,3.8610982e-11,3.1081273e-09
3.3183358e-06,5.00753e-07,5.838932e-06,4.199332e-06,0.00012858912,8.938806e-05,0.001160613,0.011764271,0.016596137,0.119336195,0.021777747,0.088042304,0.019711439,0.019067481,0.027407862,0.036714967,0.123468935,0.00040438,0.48400286,0.027768001,0.0023112108,1.7218788e-05,0.0002166073
2.0479945e-05,2.7132657e-05,0.0004632893,0.00069285306,0.010496447,0.025114756,0.07850417,0.103718184,0.12845121,0.12705283,0.17125465,0.02580938,0.08421513,0.1180254,0.036670383,0.005721334,0.06532293,0.017986352,7.529393e-05,7.1820436e-06,0.00036818246,1.6668531e-06,7.387563e-07
1.1043682e-05,2.097149e-06,5.482882e-06,5.1210777e-06,8.738827e-05,0.00041004978,0.000674709,0.0064959875,0.017310575,0.031408276,0.018176561,0.20465861,0.4468365,0.10319333,0.073104836,0.054988287,0.028777828,0.008420466,0.0035643755,0.0016307984,4.6413505e-05,1.0643521e-05,0.00018067355
1.5005771e-05,1.7991577e-05,0.0002598147,0.00034527018,0.012297217,0.034003757,0.175339,0.24433686,0.13866737,0.12043036,0.10835413,0.0041523934,0.008360763,0.061324943,0.06388784,0.009179298,0.0108515695,0.00815297,1.3383804e-05,2.657734e-06,6.5331174e-06,3.5596696e-07,5.206417e-07
1.1913706e-06,2.9416851e-06,2.5453199e-05,0.00012302514,0.0068489364,0.06186462,0.18342143,0.34582633,0.06766265,0.072367825,0.0348771,0.021666162,0.046122093,0.024835842,0.00036322785,0.0050761066,0.11726948,0.011563063,1.9223256e-05,4.3768077e-06,5.8100934e-05,5.4403097e-07,2.5619582e-07
8.242831e-05,0.007277422,0.07678384,0.31977987,0.32308528,0.19778249,0.061388493,0.005383797,0.0053525837,0.0009912242,0.00037473324,0.0011234663,0.00010843172,0.00015414623,0.00012486613,1.3428887e-05,0.00018539879,2.740437e-06,4.8959123e-06,3.2178357e-07,6.836697e-08,5.464092e-08,7.80584e-08
0.002778403,0.0011207454,0.0260966,0.003141671,0.0024838564,0.001532717,0.03169458,0.10033792,0.33281368,0.081211396,0.047970336,0.023924006,0.02082511,0.07496497,0.08721399,0.009577269,0.0015434844,0.052636404,0.027676351,0.0012048706,4.2139646e-07,0.069244824,6.3789703e-06
4.6144043e-05,2.114434e-05,7.895041e-05,2.7214264e-05,0.00012658414,0.0030082609,0.0022812425,0.047080055,0.16121036,0.3170052,0.14606,0.16649212,0.007852416,0.0002244463,0.023034988,0.015218462,0.019152153,0.090194054,0.0002010883,0.00062691735,3.5153766e-06,1.3448469e-05,4.125232e-05
2.1772046e-05,0.000102796745,0.0016961837,0.0056614615,0.14160699,0.1924082,0.43461764,0.15915613,0.030464077,0.015513763,0.014353375,0.00029286792,0.00025348953,0.0020452584,0.0005710691,9.985928e-05,0.0009822537,0.00015065279,1.5459443e-06,2.4257727e-07,3.0038169e-07,3.2252064e-08,7.660117e-08
0.00056560914,0.005141874,0.120919555,0.08610058,0.25490782,0.21467067,0.10138737,0.060697775,0.09184686,0.016657665,0.016496103,0.0048731486,0.0036590195,0.002272754,0.005149538,0.00019417502,0.013737121,0.000645891,6.295097e-05,4.9246573e-06,3.58232e-06,3.444939e-06,1.6094342e-06
3.195509e-05,7.7391036e-05,0.002187054,0.0024418554,0.09305696,0.18377525,0.3880097,0.23093909,0.05053728,0.025325391,0.010418245,0.000523909,0.00029773146,0.001120461,0.009905252,8.536167e-05,0.0009215527,0.0003425228,2.6514556e-06,2.2067194e-07,2.995792e-08,4.9361837e-08,4.519755e-08
0.00015793035,6.409332e-05,0.0001233532,4.9731516e-05,6.1170584e-05,0.00081919506,0.0002801993,0.0050122268,0.006975175,0.07848116,0.13590495,0.058724236,0.10192133,0.0016551937,0.11121511,0.40672845,0.018891856,0.019587686,0.031446684,0.020365354,5.312778e-05,2.7566324e-05,0.0014542657
1.1025423e-05,3.2236512e-05,0.0016681951,0.0012301602,0.031095829,0.07150812,0.11133343,0.19463527,0.1882695,0.083939016,0.102357864,0.018100688,0.07214466,0.06836313,0.028265797,0.0009558276,0.017848017,0.008219631,1.4376805e-05,7.2126426e-07,5.3980516e-06,1.0023584e-06,1.1183582e-07
1.105423e-05,2.3105793e-05,0.00041332922,0.00034192862,0.016942186,0.022727368,0.067384906,0.22299641,0.13157868,0.0897582,0.0699815,0.011195441,0.070919126,0.14208733,0.13842966,0.0065353103,0.005461438,0.003205665,2.8866614e-06,6.5721605e-07,3.6524384e-06,1.1143871e-07,3.91938e-08
1.3615943e-07,8.269675e-09,1.5988257e-07,1.4103533e-07,2.9942154e-07,5.784967e-06,6.750684e-05,0.0022601513,0.023519268,0.016581204,0.08027141,0.11204718,0.0037985968,0.22496748,0.027075455,0.33330405,0.00086978317,0.1701439,0.0044317055,9.449919e-06,0.0006288142,1.7287397e-05,2.3855694e-07
4.7426594e-05,2.4982479e-05,5.766025e-05,5.2166914e-05,0.00015019251,0.00024433696,0.00040941482,0.0020926285,0.008064801,0.01395181,0.027620371,0.14781323,0.112956256,0.012224684,0.0486562,0.39727056,0.020820064,0.025015656,0.1162382,0.028869024,3.46938e-05,0.032736097,0.004649527
2.5898091e-06,9.278568e-06,0.00019748355,0.00045658564,0.024367856,0.10796223,0.105806395,0.1582528,0.056075063,0.123799786,0.008844075,0.19432724,0.053047325,0.034066122,0.0021436617,0.0036032216,0.12567265,0.0011696045,6.351281e-05,7.3269075e-06,0.00012427285,5.0481276e-07,3.232133e-07
0.00238335,0.049982395,0.4136597,0.2320291,0.16988772,0.062634,0.029067839,0.011719636,0.020017358,0.0018083097,0.0029705924,0.0008107018,0.00033405895,0.00031459768,0.00085842225,4.3762895e-05,0.0013336673,9.99622e-05,3.6458678e-05,4.009015e-06,5.579611e-07,2.4320123e-06,1.3225259e-06
3.0007386e-06,8.672874e-07,6.5213517e-06,1.170339e-05,0.00028537563,0.002703189,0.05293579,0.112227716,0.22669493,0.16955535,0.09022436,0.020438833,0.0028871023,0.008990349,0.0022358082,0.30097368,0.009584782,0.00020423681,4.66538e-06,3.1807635e-06,2.8148028e-05,1.2908674e-08,4.3991278e-07
4.5352328e-05,2.2182885e-05,6.5639586e-05,0.00011961778,0.0073813777,0.007141836,0.061553113,0.11914355,0.12681039,0.16101423,0.09866397,0.1067151,0.081887744,0.00889714,0.02156893,0.011910532,0.07636446,0.10601428,0.0025682414,0.0010434458,7.9935766e-05,8.781839e-05,0.00090114557
0.00033906545,0.00012073776,0.0006228196,0.0006777145,0.0049114153,0.0051085013,0.07797107,0.16009997,0.1974461,0.15856029,0.123610266,0.022241792,0.023909971,0.029514942,0.10409328,0.036110144,0.0070576966,0.039755344,0.0057976926,0.0006989888,4.4224158e-05,0.00087854464,0.00042938086
8.4341247e-07,2.4048765e-07,2.5720658e-06,7.914982e-06,0.0007915081,0.010507511,0.109457895,0.2633175,0.1609497,0.31804255,0.115369976,0.0054981858,0.0002584193,3.1948224e-05,8.995565e-05,0.0069068028,0.00872429,4.1131978e-05,5.652687e-07,2.631013e-07,3.6818548e-08,5.865704e-10,1.5650546e-07
2.3108526e-06,1.0224836e-06,1.8405855e-05,9.205566e-06,0.001612874,0.054878507,0.091940336,0.28558204,0.22042304,0.29238525,0.036826547,0.0037176656,9.526107e-05,9.517898e-07,0.0005202718,5.1859664e-05,0.011764329,0.00016978958,2.507272e-07,7.286245e-08,4.52847e-10,5.711446e-10,1.82991e-08
0.0034656979,0.15363498,0.61387044,0.15956189,0.05255458,0.011121075,0.0036736594,0.0005597245,0.00066982454,0.00012098901,0.000101184436,0.00019724946,1.6776488e-05,3.687452e-05,0.0001733729,1.1713061e-05,0.0001610791,5.9063123e-06,5.459563e-05,4.6817822e-06,2.3088712e-07,1.2871391e-06,2.1904748e-06
2.892024e-06,1.5598272e-07,3.3649512e-06,6.1823283e-07,4.9919636e-06,7.0139895e-06,2.6352616e-05,0.00029925955,0.0018560861,0.0025056396,0.023352932,0.009404657,0.0008014373,0.0420084,0.13400786,0.12827587,0.0345868,0.002802455,0.5677251,0.052120585,1.5968022e-05,0.00018361221,7.930991e-06
6.2149384e-06,3.147021e-05,0.00041079358,0.0016309965,0.03507444,0.15541646,0.55088127,0.16506904,0.030265821,0.03246113,0.00756809,0.007562744,0.0025753991,0.004076336,0.0006612853,0.0010328013,0.0050400454,0.00020628545,2.5000765e-05,1.3130068e-06,2.5206543e-06,2.131992e-07,3.1660068e-07
1.0850846e-05,3.0211257e-05,0.0003913731,0.0009884671,0.024483517,0.05680614,0.29004607,0.2778171,0.11679516,0.03754232,0.051365625,0.0032708056,0.016340816,0.10778232,0.0022181792,0.0021552665,0.006026738,0.0058793197,3.9095525e-05,3.0506205e-06,3.6749393e-06,3.4756413e-06,4.121084e-07
7.674264e-05,0.00023562477,0.0033667018,0.00562565,0.07449375,0.07786374,0.20706123,0.16974297,0.1663611,0.07131086,0.07304545,0.0086559905,0.027104342,0.07912028,0.012281943,0.002426736,0.017200416,0.003956585,2.180883e-05,4.5525453e-06,4.1561343e-05,1.1969316e-06,7.8665994e-07
7.093922e-05,0.0042969156,0.072376184,0.2385409,0.34688973,0.23741284,0.077603996,0.008239318,0.008821324,0.0018594895,0.0006002672,0.0020067198,0.00020712317,0.00026643858,0.00027109368,1.7281816e-05,0.000504046,5.8948444e-06,8.755544e-06,4.3491582e-07,1.2545264e-07,9.069045e-08,1.1545958e-07
5.1809725e-06,0.00013452725,0.0026453873,0.017533818,0.20697357,0.4077538,0.28059182,0.04839577,0.0144424215,0.011689096,0.0015377442,0.0048581334,0.0006049124,0.00090159616,0.00014783505,4.1123327e-05,0.0017181464,2.0443049e-05,3.8085834e-06,2.6826328e-07,5.341528e-07,2.5110307e-08,3.2120983e-08
1.1872483e-07,1.7689974e-08,1.15102885e-07,4.7249645e-07,5.1627416e-07,1.2271742e-06,1.0026087e-05,0.00061449717,0.00048962346,0.010394061,0.008053165,0.3870025,0.011654167,0.17014872,0.016697897,0.06372423,8.3109466e-05,9.296593e-06,0.0016149812,3.9919203e-05,0.3294613,6.68545e-09,1.44837555e-08
1.8267926e-07,1.6392622e-07,1.2141791e-06,1.3221296e-06,4.8572285e-05,0.000955731,0.015361246,0.04031627,0.043457113,0.032856263,0.074446455,0.03174797,0.16491184,0.21447322,0.003920899,0.11507388,0.1026662,0.15946165,0.00014032697,3.5547444e-06,0.0001337384,2.1986521e-05,2.5429833e-07
9.022117e-05,2.536054e-05,4.8237416e-05,1.6959204e-05,3.6025642e-06,4.9224804e-05,3.5094676e-05,0.0073036393,0.013917134,0.1112381,0.09266859,0.17529342,0.24851227,1.0092962e-05,0.013304016,0.01761264,0.0014136377,0.31655365,0.00020793313,0.0016599755,6.304095e-07,1.1097732e-06,3.449372e-05
2.2253013e-05,1.107915e-05,9.125692e-05,0.00029077605,0.02213948,0.018338414,0.18499668,0.4047448,0.12492788,0.11656306,0.10648677,0.002796534,0.0041140956,0.00062249595,0.00880537,9.3104034e-05,0.0013752702,0.0035112977,5.9327336e-05,6.561394e-06,7.5094285e-08,9.799865e-07,2.491712e-06
9.729974e-07,3.5021746e-06,3.6166086e-05,0.0010034975,0.017464316,0.16062294,0.5897922,0.16923505,0.015730146,0.036248226,0.008730365,0.00041427292,5.3552973e-05,1.7025277e-05,1.9918825e-05,0.00047111564,0.00015221874,4.2587717e-06,2.918989e-07,1.932187e-08,2.5784492e-09,2.9022637e-10,1.4101445e-08
2.3823643e-06,2.2479696e-07,2.4952253e-06,8.7507823e-07,1.291556e-06,1.8260063e-05,0.00015426359,0.00476097,0.029237662,0.015802797,0.0314542,0.022462536,0.0013686105,0.075767726,0.025665708,0.621237,0.0009804547,0.16771679,0.0027184645,0.00047236952,9.7384955e-06,0.0001589026,6.3400976e-06
1.8811434e-07,3.453061e-08,1.7670123e-07,4.8385095e-07,6.72431e-07,3.1984212e-06,2.2321006e-05,0.00085565954,0.0013883096,0.014948863,0.018027198,0.20440888,0.019736536,0.22199053,0.029529123,0.12684928,0.0003413249,0.0002034917,0.0018519122,2.5481282e-05,0.35981625,5.9768674e-08,8.953092e-08
6.7656765e-05,1.2295094e-05,4.8505717e-05,1.9288189e-05,8.6618784e-05,0.0004110368,0.000853728,0.010860527,0.017915465,0.034864403,0.047019813,0.09680648,0.35169128,0.033507895,0.3346647,0.03330411,0.013104719,0.020378448,0.00216378,0.0019591795,4.9588045e-05,0.00012421029,8.634695e-05
1.3770355e-05,3.8814924e-06,2.4074903e-05,1.1476958e-05,0.00022625114,0.0079454165,0.015186706,0.09392197,0.2642704,0.31082803,0.13164349,0.07112336,0.0023698607,0.00043831914,0.010372622,0.044516735,0.042167205,0.004845171,5.6120574e-05,2.2926648e-05,2.802536e-06,4.369608e-07,8.985786e-06
1.0048045e-06,4.5319683e-07,2.525777e-06,2.7689775e-06,2.720186e-05,0.00011955312,0.00068334624,0.012505561,0.031039052,0.044544656,0.057535406,0.08224714,0.13045612,0.18792647,0.15597573,0.28703645,0.003172848,0.0061803274,1.0717864e-05,2.522556e-06,0.0005299684,5.2402434e-08,6.7774735e-08
1.0357869e-05,7.954235e-06,0.00024386779,0.00013155429,0.0017429219,0.009389679,0.014520907,0.038062707,0.06004475,0.10552778,0.14232545,0.07832344,0.0872379,0.0834089,0.1565572,0.008877133,0.07948167,0.13282727,0.00070467405,1.2722476e-05,0.0005492494,1.0126964e-05,1.7168381e-06
1.0179179e-07,3.283472e-08,1.1339343e-07,1.7900626e-07,3.0546437e-07,1.924308e-06,1.124961e-05,0.0008153035,0.0016498342,0.008373877,0.016245738,0.2784072,0.061049033,0.22787286,0.044801794,0.28291258,0.00042850393,0.0012686012,0.0003746546,5.4776833e-06,0.07578053,8.5322554e-08,3.2102136e-08
1.0522429e-06,3.5311996e-07,1.8947001e-06,3.2491423e-06,6.193012e-05,0.00067434093,0.00691508,0.026527373,0.09231252,0.08063841,0.035114426,0.074496925,0.0107702,0.020157808,0.0055355364,0.6414908,0.005132636,0.000111133595,3.123314e-06,3.088322e-06,4.7896527e-05,7.766658e-09,1.6058739e-07
8.5441803e-07,7.3380775e-06,7.168218e-05,0.0007001686,0.021222634,0.3996966,0.28011674,0.16864525,0.041947763,0.050818942,0.010524789,0.0149951205,0.0040374123,0.0017839312,0.000115108036,0.00096868735,0.0042436947,0.000100236386,1.8650625e-06,2.6752969e-07,8.538642e-07,1.23796875e-08,4.7861977e-08
0.000144642,0.0037177037,0.09649876,0.1246109,0.34711322,0.29180786,0.06864445,0.016006283,0.02182139,0.005737268,0.0015602303,0.013116898,0.0016914365,0.0013590673,0.0028315403,8.221455e-05,0.003132133,4.5289024e-05,7.344183e-05,2.4587628e-06,9.045162e-07,1.1363757e-06,7.267853e-07
3.671056e-07,2.9786926e-07,3.0038575e-06,2.252701e-06,4.504032e-05,0.00092457107,0.017531957,0.021321049,0.042051036,0.026556144,0.15168674,0.025066061,0.10277474,0.25698298,0.013274423,0.11563488,0.01657996,0.2077515,0.0015202413,3.6402666e-06,3.610614e-05,0.00025256161,4.7774415e-07
0.00037843946,0.006565533,0.07128744,0.16099755,0.31131262,0.1472214,0.12725297,0.063478984,0.07609931,0.011505568,0.0130102355,0.0018751503,0.0023549856,0.0021744557,0.0009552292,0.00016685012,0.0032017785,0.00014423359,1.1936569e-05,2.1960454e-06,2.0277007e-06,6.29192e-07,4.795317e-07
1.1553847e-06,7.0226423e-07,7.999458e-06,4.662244e-06,0.000104665305,0.00075221085,0.009736255,0.06097393,0.06107396,0.03254996,0.0929646,0.020259142,0.36789894,0.23849659,0.039162878,0.04985024,0.0043287557,0.02179972,1.84635e-05,1.1825719e-06,4.1176777e-06,9.890407e-06,5.1530982e-08
4.244673e-06,2.3887744e-06,3.4623718e-05,3.610182e-05,0.0025906842,0.033561528,0.21740068,0.34095094,0.17825255,0.14332652,0.047933675,0.0035383163,0.00080002827,0.0006552103,0.0013736169,0.014535347,0.014844412,0.00015819252,3.8931273e-07,3.0668275e-07,1.6830201e-07,2.805441e-09,4.3731614e-08
1.2802227e-06,2.4005137e-06,1.9004492e-05,6.04547e-05,0.006999579,0.03322362,0.13236867,0.37462938,0.08601584,0.092187956,0.040046852,0.030558662,0.09376025,0.02611574,0.0024882723,0.0035191914,0.044700243,0.033272833,1.6012027e-05,3.983208e-06,8.3090545e-06,9.4031117e-07,4.5768493e-07
2.5217138e-05,7.620137e-06,4.1611573e-05,4.5344426e-05,0.001129803,0.0022161412,0.06125043,0.09816865,0.17326944,0.11826594,0.1536056,0.052962374,0.08843424,0.030541427,0.036972918,0.058407143,0.050380647,0.06916559,0.003911658,0.00040858367,7.9304315e-05,0.00051063835,0.0001996312
3.0463321e-05,1.0684031e-05,6.780042e-05,2.8170638e-05,0.00014792502,0.0026354485,0.005416684,0.06991052,0.35883927,0.30349094,0.08099474,0.062380362,0.0023664574,0.0005750541,0.0388238,0.02211898,0.006064862,0.045567904,0.0002759632,0.0002236255,1.1313091e-06,1.2027498e-05,1.7186618e-05
1.337297e-05,0.0005415028,0.018715763,0.07248513,0.3284312,0.43121862,0.107802086,0.01778938,0.01343404,0.0034377289,0.00090167404,0.0035311193,0.00041978914,0.00054680876,0.00028048852,9.029381e-06,0.0004308357,7.536736e-06,3.6951378e-06,1.0308562e-07,4.680871e-08,3.313251e-08,2.3449338e-08
1.1154683e-06,1.03328e-06,4.5046738e-05,9.182758e-06,0.0016403213,0.006355616,0.012680188,0.02990227,0.010173799,0.0321447,0.017832182,0.1147261,0.31937227,0.17520171,0.039898165,0.0027335861,0.21513464,0.018773016,0.0032295762,8.139897e-06,0.00012095403,1.541952e-05,8.868744e-07
2.1261963e-06,4.5681877e-06,3.8809896e-05,0.0003586183,0.008104171,0.036979306,0.5918605,0.22695674,0.045952994,0.05829274,0.016585648,0.0028161763,0.0013266354,0.00068982254,0.00013523037,0.007476257,0.0023469313,6.473565e-05,6.606468e-06,5.8429316e-07,5.2007675e-07,1.9412314e-08,2.1456931e-07
1.2048544e-06,1.7336025e-06,1.0179615e-05,1.3513892e-05,0.0004763915,0.005691687,0.023008544,0.09464018,0.040625572,0.05519008,0.029326767,0.11424048,0.20653328,0.08636635,0.0044323276,0.07886517,0.21741277,0.042777356,8.263433e-05,1.5051785e-05,0.00028059699,7.2608054e-06,9.106782e-07
8.923546e-06,2.0951745e-06,8.290971e-06,1.7210454e-06,3.0121308e-05,0.0015570343,0.0006324406,0.03823395,0.07313516,0.21311209,0.1275701,0.3456872,0.0050671347,2.0353698e-06,0.0035129224,0.00030734547,0.15333268,0.037780937,1.6902411e-06,1.408304e-05,2.7846138e-08,2.5504944e-08,1.961017e-06
1.9393951e-06,2.0537848e-06,4.30191e-05,6.4515785e-05,0.008462101,0.12778842,0.42120382,0.31919274,0.054636505,0.054646138,0.012550563,0.00019005233,1.9329778e-05,4.2068086e-06,0.00013064353,4.57181e-05,0.0009981833,1.9869522e-05,7.857517e-08,1.11731255e-08,4.6305795e-10,1.4628379e-10,3.0155574e-09
1.6878079e-05,3.908782e-05,0.0015056854,0.0013458857,0.039491463,0.066914864,0.19085388,0.30641115,0.11925951,0.06506933,0.066529036,0.003334748,0.009256389,0.043134168,0.07815116,0.0006184096,0.0022280205,0.0058253417,1.3358463e-05,5.694299e-07,3.373368e-07,6.886121e-07,9.660944e-08
1.36524e-05,7.01464e-05,0.0006755474,0.0039698277,0.05569516,0.050306726,0.15027292,0.13994215,0.054235354,0.18616815,0.0064439056,0.27008823,0.014901416,0.028330961,0.002008658,0.007350467,0.028549869,6.250569e-05,0.000116655734,4.9971517e-05,0.0007472648,1.9527012e-07,2.4039852e-07
0.00012486168,0.0081888195,0.10199166,0.31312737,0.31352532,0.19047214,0.05449834,0.006120901,0.007292437,0.0012821802,0.0004724725,0.0018233086,0.00020170536,0.0002488046,0.00026520423,1.9401874e-05,0.00032881915,5.378871e-06,9.970955e-06,5.536491e-07,1.208139e-07,1.3222376e-07,1.598003e-07
1.652369e-05,0.00013397969,0.0076495786,0.009906195,0.042898208,0.26458073,0.22049728,0.14672217,0.18541266,0.015941944,0.079215735,0.00250411,0.0063867928,0.013827922,0.0026580987,0.00026821106,0.0009885037,0.00035163126,3.62004e-05,1.8727381e-07,6.514589e-08,3.3124809e-06,3.867128e-08
1.2298516e-05,2.7489907e-05,0.0007572677,0.00065249746,0.046292,0.1412037,0.2867931,0.3486762,0.08348864,0.048810486,0.016924258,0.0010864674,0.0012614547,0.001808978,0.019265862,0.00024523275,0.002388761,0.00030458023,5.330201e-07,1.356983e-07,2.5833844e-08,1.3486274e-08,1.0953499e-08
2.2463882e-05,1.7469922e-06,6.740733e-06,2.4968214e-05,0.000106712236,6.249424e-05,0.00013500289,0.0024966644,0.013157206,0.16571005,0.29888287,0.029861754,0.0055015506,0.1243861,0.009122631,0.13328268,0.0022121666,3.0595926e-05,0.14170234,0.072698645,0.0001877285,7.3959603e-07,0.00040609375
2.8135048e-07,1.03602e-07,4.711788e-07,3.0406172e-06,0.00026126945,0.0067230538,0.010065662,0.077509336,0.20098281,0.31008798,0.04620965,0.08768264,0.0068589626,0.00023701477,0.0003012575,0.2282621,0.024742406,6.982611e-05,9.023811e-07,5.8150863e-07,1.3439632e-08,9.569939e-10,5.948436e-07
2.6510227e-06,4.846161e-07,1.9153583e-06,1.5828576e-06,3.5058038e-06,2.9028e-05,0.0009827771,0.0020109303,0.022459961,0.007723667,0.04911927,0.04803316,0.014797364,0.12199127,0.003952462,0.076639816,0.00092741195,0.041698642,0.056230944,0.0006408967,1.0618335e-06,0.55273706,1.4135938e-05
2.1777898e-06,4.2485688e-05,0.0003569027,0.004188978,0.07563018,0.26952854,0.44747597,0.11846266,0.02482564,0.04145439,0.0024840187,0.010196128,0.00096490816,0.0016127655,6.57577e-05,0.00029411385,0.0023912382,1.7081178e-05,1.9807665e-06,5.2112915e-07,3.5501146e-06,9.149423e-09,2.1510717e-08
6.920191e-07,3.1936366e-07,1.8998801e-06,1.993534e-05,0.00070390635,0.001229284,0.13856444,0.1897192,0.12066106,0.1870264,0.03762312,0.0042102174,0.0026447386,0.00062927866,8.169334e-05,0.31331244,0.0035351454,2.5690708e-05,8.022683e-06,1.2893626e-06,6.734583e-07,5.931149e-09,5.665001e-07
5.1867002e-05,0.0025819049,0.031165045,0.14363293,0.3339346,0.33187097,0.13279523,0.011502949,0.006876972,0.00224877,0.00064087554,0.0017021358,0.00011936198,0.00030309477,0.00019785119,1.9078474e-05,0.00034011077,7.5238136e-06,7.846041e-06,4.831775e-07,1.4260922e-07,8.501596e-08,1.368426e-07
1.1829417e-05,1.07946435e-05,3.4274468e-05,0.00032934773,0.023897573,0.017194686,0.13796617,0.27102274,0.13457313,0.19969757,0.15777342,0.019526938,0.016486865,0.0004771187,0.00038773703,0.0043059424,0.005909099,0.009693167,0.00029581637,6.369371e-05,1.87402e-06,1.2986765e-06,0.00033888553
1.9790118e-06,1.4588185e-06,8.590723e-06,4.1583346e-05,0.0014974045,0.0069411974,0.21974307,0.22375765,0.13190822,0.14283532,0.05179111,0.014080714,0.01611055,0.0036511342,0.00058533327,0.16436914,0.02218956,0.00043945445,3.3813696e-05,5.1126854e-06,5.896316e-06,1.4142407e-07,1.6702785e-06
0.0011148666,0.000838862,0.003048665,0.0028531274,0.026054874,0.02646321,0.15973765,0.35130468,0.21640654,0.08289473,0.04892692,0.005674636,0.006353733,0.005122777,0.04452361,0.0024820927,0.005393315,0.0102590835,0.00035614555,0.000120335964,6.3353596e-06,3.3779932e-05,2.9961859e-05
0.0034229774,0.0752463,0.37296158,0.2829186,0.15610883,0.043969486,0.029727347,0.011134697,0.017189994,0.0016445371,0.0026474565,0.00059668213,0.00028722212,0.0003247494,0.0006090161,5.661999e-05,0.0010180767,8.9526e-05,3.4791497e-05,6.1658056e-06,9.030969e-07,2.450105e-06,1.9483782e-06
8.122333e-06,0.000105679464,0.0025171456,0.012622345,0.16161972,0.4544637,0.27381763,0.056097236,0.01507597,0.010718053,0.002263686,0.006248554,0.0009511334,0.0015517552,0.00043429353,4.6455723e-05,0.0013902078,5.7625395e-05,9.770701e-06,3.223158e-07,3.7681386e-07,9.492683e-08,8.3810356e-08
1.3581253e-05,3.02226e-06,1.58395e-05,5.030579e-06,1.28761685e-05,0.00020111293,0.0005392272,0.01139247,0.033823688,0.06250148,0.04711365,0.0466211,0.0052187415,0.010851149,0.060555674,0.65847534,0.0035306232,0.056847904,0.0013941154,0.0007721874,3.4577184e-05,2.7843864e-05,4.8730264e-05
2.7082299e-06,2.2361422e-05,0.00022114493,0.00244741,0.039242037,0.33712378,0.4483031,0.12234601,0.017682478,0.022469543,0.005782204,0.00234865,0.00040011952,0.00036241763,0.00010698909,0.0003529445,0.0007569632,2.6588192e-05,2.2209238e-06,1.590413e-07,1.0563522e-07,9.128842e-09,5.6040097e-08
0.00012333199,0.0018717968,0.0816883,0.065696545,0.3252883,0.34223673,0.07183918,0.022200383,0.029171582,0.009398233,0.0023599179,0.025146594,0.0035176475,0.0028367466,0.008971946,0.000113494745,0.007228649,0.00011850071,0.0001826969,3.7230675e-06,1.7470996e-06,2.7135225e-06,1.2355248e-06
1.0705932e-05,3.4566767e-06,2.7224103e-05,1.2449028e-05,0.0003762134,0.008961403,0.031945746,0.11166157,0.24467815,0.26677185,0.09142121,0.04353577,0.003426557,0.0027299777,0.019771125,0.11555722,0.056108423,0.002960676,2.0952642e-05,8.64774e-06,7.872985e-06,1.9348073e-07,2.622501e-06
4.445947e-06,3.645184e-07,1.3439079e-06,2.6190266e-06,1.5824018e-05,0.00014240618,0.00028293827,0.0056074806,0.067595474,0.16259874,0.19575931,0.09047271,0.00820901,0.13010482,0.033663217,0.22246704,0.01007888,0.00027006952,0.049690284,0.019244738,0.0005431513,1.131283e-05,0.0032338246
7.553426e-05,0.0022552505,0.049874287,0.12259743,0.3465778,0.32413942,0.10671952,0.017039027,0.016072756,0.0044532954,0.0011890875,0.005249964,0.0005930661,0.0009791752,0.0008902246,3.670655e-05,0.0012062406,2.5669842e-05,2.3511264e-05,9.560953e-07,4.3177528e-07,3.3054e-07,3.1353449e-07
1.4705188e-06,2.1848027e-06,6.2969084e-05,9.121269e-05,0.010002731,0.028206494,0.13364437,0.2215926,0.040390503,0.09149988,0.011708447,0.05584564,0.08731813,0.03433371,0.0039959685,0.0037330426,0.27518132,0.001954738,0.00025874263,7.3309598e-06,0.00016695334,1.0247468e-06,5.0257415e-07
7.2010744e-07,1.5017289e-06,4.041313e-05,0.00018271693,0.019548401,0.121953286,0.5138932,0.28768352,0.021020591,0.020969318,0.014161993,5.9429753e-05,3.0072817e-05,4.6960733e-05,3.7997946e-05,4.307863e-05,0.00031483822,1.2004675e-05,2.8248166e-08,6.222057e-09,2.8673575e-09,9.81036e-11,1.4143803e-09
0.00039391947,0.0034201671,0.06447948,0.08224691,0.24150637,0.1938258,0.12225675,0.08060657,0.12227698,0.02498979,0.024136804,0.0066024805,0.0073905047,0.003785533,0.0041474104,0.00036101433,0.016970795,0.00054279657,4.391893e-05,5.19988e-06,7.701243e-06,2.03075e-06,1.1607382e-06
1.2832455e-05,7.4499526e-06,3.097842e-05,0.00020027846,0.019023115,0.009545553,0.101965055,0.28418562,0.1084591,0.21998526,0.22869903,0.009151721,0.00861585,0.00019563323,0.001166416,0.0004157487,0.0014600223,0.0064982744,0.0002876719,2.025381e-05,1.8958717e-07,1.3839503e-06,7.2586496e-05
7.3417694e-05,0.00034821956,0.005248899,0.011476073,0.133452,0.11428357,0.2672938,0.16096555,0.14402263,0.048659313,0.047338102,0.004184409,0.011261095,0.034095544,0.0042813835,0.0009089483,0.010733895,0.0013437172,1.1102801e-05,2.3389305e-06,1.4930723e-05,5.9376583e-07,4.508447e-07
1.0417622e-05,2.6991984e-06,1.2678856e-05,8.665141e-06,0.00019921576,0.00065589126,0.0039203023,0.012688151,0.03352549,0.04340459,0.030082608,0.08325281,0.081505485,0.02350252,0.015850445,0.10770867,0.46385828,0.020395786,0.07318454,0.0040304353,0.0008534218,0.00027450197,0.0010723337
1.4087983e-06,4.552137e-05,0.00041870814,0.008030993,0.11788349,0.47285923,0.34981328,0.03856456,0.0045616594,0.006355226,0.00092372624,0.00037479802,2.642758e-05,4.110741e-05,8.364573e-06,1.7527775e-05,7.247967e-05,1.205693e-06,1.8971335e-07,1.7869633e-08,7.80199e-09,3.9682693e-10,2.879634e-09
0.00017890694,0.0015984908,0.012359079,0.052500468,0.16842256,0.1041996,0.15225299,0.15250641,0.17740485,0.046880256,0.040557284,0.012167684,0.041068994,0.027098028,0.0019703766,0.002187215,0.006341973,0.0002655456,8.896941e-06,3.0294864e-06,2.6803044e-05,3.2366952e-07,2.1540527e-07
2.3738157e-05,0.0018724834,0.027304543,0.15209368,0.36319986,0.31637087,0.117927566,0.010047734,0.006728037,0.0019097017,0.00051669125,0.0013540294,0.000110208224,0.00018583075,8.3946004e-05,1.0799731e-05,0.0002542013,3.0428246e-06,2.6963176e-06,1.71237e-07,6.145894e-08,2.0815092e-08,3.4162785e-08
9.190211e-06,1.4119819e-05,0.00034460437,0.00062759005,0.031528436,0.10503688,0.42019862,0.2624938,0.06864796,0.05605511,0.037607297,0.000731279,0.0008120809,0.0043726442,0.00700498,0.00055160525,0.0028684007,0.0010909208,3.5089072e-06,4.1193522e-07,3.4962255e-07,5.678358e-08,1.3401514e-07
1.0333134e-06,4.460873e-06,0.00012472867,0.0006454257,0.037508585,0.105808824,0.35218436,0.3377649,0.07257915,0.027864205,0.039632577,0.0011698076,0.0043656323,0.016708937,0.00023810288,0.00014151326,0.0022084273,0.001044188,4.7084586e-06,1.6170014e-07,1.8732268e-07,1.3078504e-07,1.652681e-08
3.11713e-05,3.2986736e-06,2.4524545e-05,4.0416116e-06,6.95407e-06,5.258141e-06,1.8656954e-05,0.0007660088,0.00065848546,0.0024931452,0.01510365,0.011493842,0.10120227,0.031023635,0.34088692,0.016712753,0.01905988,0.35100457,0.026847497,0.04554278,3.0979395e-06,0.037022416,8.515013e-05
2.2432453e-06,6.7860833e-07,5.09766e-06,2.2107863e-05,0.0031885945,0.0042871353,0.0058637806,0.15746139,0.07860074,0.48916897,0.22976619,0.013751549,0.0024738722,2.1746719e-06,9.8586104e-05,2.7741744e-05,0.00046082918,0.014693372,1.3369564e-05,5.9612235e-06,1.4262204e-09,1.2343669e-08,0.00010558332
4.98172e-06,7.5696784e-07,3.3351594e-06,9.788412e-07,1.4578712e-06,1.2850261e-05,2.5194931e-05,0.0016345308,0.003188264,0.0120374765,0.023679413,0.08857992,0.06882607,0.018170359,0.48174813,0.22730815,0.0033606365,0.06928862,0.0012344187,0.00084052014,3.8418162e-05,8.137348e-06,7.3466385e-06
4.578537e-05,0.0007158074,0.025985265,0.07719853,0.10643371,0.39334637,0.13268748,0.08318086,0.135034,0.006756732,0.03196984,0.0010763863,0.0018213397,0.0023693456,0.0004965841,9.247577e-05,0.0007282719,5.2561012e-05,7.8259345e-06,1.548975e-07,4.638495e-08,5.967525e-07,3.501153e-08
4.78831e-06,5.709543e-06,3.214899e-05,0.00020189179,0.035419438,0.055534277,0.21845819,0.44532156,0.08860061,0.066001855,0.07160495,0.003547382,0.004924078,0.00034419383,0.0025608246,8.156737e-05,0.0029164446,0.0044321474,4.8670327e-06,2.279347e-06,6.1044865e-08,6.6697304e-08,6.9993393e-07
0.0015776571,0.023019813,0.4217518,0.0844634,0.28292492,0.120145015,0.022115333,0.0052641607,0.007026988,0.0021840897,0.00080740213,0.009269558,0.0006356663,0.0012242907,0.011323577,8.723928e-05,0.0048669856,0.00018474174,0.0010782197,1.7334527e-05,1.950919e-06,2.0972278e-05,8.85117e-06
1.7533677e-05,5.737421e-05,0.00059057516,0.0017910192,0.031997543,0.062445514,0.39598915,0.24862972,0.051872376,0.10171869,0.00805779,0.031993147,0.0049925037,0.01650534,0.0016216852,0.007169866,0.034070864,0.00021331565,0.00010195328,2.2200396e-05,0.00014027122,5.830852e-07,1.0014211e-06
