6.1128653e-06,1.6696924e-06,4.798556e-06,5.057566e-06,3.4685536e-06,0.0013499506,0.00017437739,0.009436239,0.001343812,0.0018724216,0.053428665,0.11609286,0.08996575,0.0064504608,0.16227196,0.08916087,0.009689882,0.00025647238,0.023550916,0.0019411963,0.4194448,0.013348793,0.00019948606
0.00037874858,0.0009159197,0.009619708,0.1562631,0.10301075,0.3121644,0.14039195,0.1307794,0.03877116,0.01244146,0.006538495,0.06202461,0.02541331,0.00054530485,6.134779e-05,0.00040145422,0.0001266602,1.1267223e-05,0.00013361906,1.1945262e-06,2.472613e-06,2.17441e-06,1.4901137e-06
7.485757e-05,0.0008444844,0.015872013,0.16563345,0.36864588,0.3958208,0.036854845,0.0075606443,0.0047299284,0.002518901,0.00045548804,6.2370724e-05,0.0008378331,1.0481806e-05,5.745375e-06,9.930867e-06,4.160285e-05,1.6348096e-05,4.200581e-06,2.1717387e-08,1.11771115e-07,1.9728171e-08,5.3206357e-08
1.2903155e-05,1.4649885e-05,0.0003826883,0.0038193997,0.046828795,0.153582,0.13271995,0.107361816,0.09929388,0.21185313,0.008575048,0.051467046,0.14284039,0.024258582,0.00041373126,0.004338232,0.00054247613,9.0635285e-06,0.011670102,1.3135454e-05,2.1651756e-06,7.524868e-07,8.936475e-08
2.7386555e-08,7.4508016e-08,2.7013518e-06,0.00015119031,0.0032295792,0.25781918,0.34119925,0.17547242,0.084053606,0.13257733,0.00059578574,0.00015594705,0.0031094553,0.00040829016,0.0008952068,3.4025037e-05,1.8401997e-05,0.00026511354,1.2444435e-05,1.9343553e-09,3.1858217e-08,9.164733e-11,1.2766235e-08
0.012880864,0.1364878,0.2982138,0.29482335,0.14767025,0.06250165,0.013406989,0.013780378,0.005724343,0.0013203148,0.008046453,0.0009264409,0.0011629075,0.00014388147,6.790819e-05,0.00058093574,0.0020546052,8.4947926e-05,6.019903e-05,1.5619138e-05,1.3858339e-05,2.0343472e-05,1.2151489e-05
8.9580067e-07,2.731178e-07,2.479913e-06,2.1913234e-05,7.376059e-05,0.0067327158,0.0029176536,0.06050706,0.025795942,0.034440186,0.08154102,0.5152031,0.07471798,0.03462425,0.11675197,0.013548726,0.01006032,0.019248337,0.003292027,3.477312e-05,8.8281886e-05,3.727167e-06,0.00039253556
5.5647376e-07,9.917228e-07,5.62251e-05,0.0037899825,0.017224768,0.06716883,0.5188579,0.18390039,0.13304885,0.029289782,0.0076861824,0.016166719,0.022256926,0.00016811138,1.0189764e-06,0.0002307587,0.00012231809,1.0721915e-06,2.8641154e-05,6.722319e-10,5.807164e-09,4.329845e-10,1.3803601e-08
5.8586575e-06,9.939171e-07,2.4435167e-06,2.8927945e-05,0.0003118544,0.01256811,0.021519398,0.4912234,0.17903599,0.09946685,0.11752757,0.03867103,0.0025257342,0.00024657804,0.00072669,0.026969237,0.0015417582,0.00034876112,6.419824e-05,5.217095e-07,1.8260265e-06,3.1451968e-05,0.0071809576
1.0075232e-06,1.7913965e-06,2.021317e-05,0.0002661154,0.0005099568,0.004259573,0.009578196,0.029667199,0.10103078,0.032408655,0.47897834,0.087727815,0.065736756,0.032648094,0.026722234,0.07392199,0.05047498,0.0029249548,0.0026623497,0.00043884848,9.596015e-06,5.6903596e-06,4.9655064e-06
0.00022128296,0.0034967216,0.032421425,0.075628586,0.14118707,0.15453415,0.12582399,0.07818007,0.082072206,0.01356481,0.2183006,0.004477299,0.01507,0.0006039259,0.00019443757,0.003390856,0.050564803,7.1766655e-05,0.00017402397,1.3135229e-05,4.998053e-06,3.1198726e-06,6.920271e-07
2.646083e-07,3.2717858e-07,2.0250654e-06,4.4047206e-06,4.9742525e-06,0.00013706853,0.00012016702,0.0032439916,0.0017118789,0.006021212,0.3584401,0.036261797,0.04891282,0.1491853,0.004830787,0.25473708,0.04459742,0.005272963,0.00385815,0.082153164,0.00048034318,2.3372035e-05,3.974659e-07
6.5056476e-08,1.3272621e-07,3.643534e-06,0.0004084641,0.01563593,0.092485875,0.35375914,0.41701066,0.07017312,0.027565815,0.00029758827,0.008356466,0.008673635,0.0021404335,4.595256e-07,0.003231351,2.563995e-05,5.2191258e-08,0.00023144684,2.4488895e-09,1.4814313e-08,1.0382089e-10,1.7506088e-10
3.271516e-07,7.504185e-08,2.6227838e-06,0.00020347288,0.0023343535,0.00785238,0.13452041,0.13198794,0.1648277,0.045436367,0.21157579,0.23375727,0.046285927,0.0067439782,6.0585196e-05,0.0053573223,0.0023235104,1.873562e-05,0.0067096534,3.299136e-08,8.4296266e-07,2.303558e-09,6.4627255e-07
3.097916e-06,4.916592e-07,3.882564e-06,2.4908783e-05,0.0027202673,0.005919863,0.22185011,0.26848832,0.15908855,0.22377174,0.10560007,0.0075445017,0.0018869516,0.00059632806,9.714348e-05,0.0015947474,0.0006717638,2.0898564e-05,0.00011370341,4.661679e-09,2.737088e-07,1.7134288e-07,2.2391303e-06
2.6063124e-05,7.525141e-05,0.0045193564,0.010151246,0.05392166,0.07444978,0.18206207,0.15538593,0.08285703,0.15664075,0.14216492,0.006550451,0.1190183,0.0006440042,0.0007628472,0.007057432,0.0032937487,1.7623153e-05,0.000366776,3.054909e-05,3.0914987e-06,8.056769e-07,3.8131626e-07
6.418756e-06,2.2488233e-05,0.0008921105,0.015232846,0.0327089,0.14447965,0.23582578,0.14910157,0.10514372,0.04572501,0.035029016,0.16920935,0.058229644,0.0062814374,0.00019787825,0.0013083371,0.00025315193,5.148337e-06,0.0003457696,9.748945e-07,5.7772485e-07,2.4343166e-07,5.1702912e-08
6.828748e-07,4.1585753e-09,1.6223645e-07,3.8448675e-08,2.7519936e-06,1.6268443e-06,0.008325763,0.012800134,0.099167965,0.092919625,0.75350654,0.030664193,0.0014815718,0.00023191355,2.0670238e-06,7.197431e-05,0.00082050747,1.6449745e-08,2.4585734e-06,1.0356256e-12,1.1452568e-10,8.296779e-09,3.2328262e-09
1.4227601e-07,1.9223646e-06,0.00021207912,0.0054487833,0.040820926,0.21448128,0.4191631,0.19792397,0.08464194,0.029369462,0.003923939,0.00028257965,0.0035015324,3.8506994e-05,6.177813e-05,3.987198e-05,8.1684906e-05,2.9435703e-06,3.646309e-06,5.489012e-10,5.899938e-09,9.7221495e-11,1.5685518e-09
0.00021459037,0.0029088133,0.03205053,0.1840407,0.19031909,0.38409233,0.09802074,0.04789378,0.02213622,0.011173589,0.009669303,0.00082127086,0.012708108,0.00020154614,0.00015515485,0.00070880126,0.002678723,0.00012808292,7.299266e-05,1.7983879e-06,2.4270864e-06,7.910903e-07,6.4192517e-07
1.402162e-07,4.9009856e-07,3.676255e-06,5.30636e-05,0.00010100912,0.009596015,0.018385114,0.02316037,0.14786136,0.0853527,0.061364073,0.5039821,0.074947864,0.015482742,0.0031644884,0.00029598674,0.05563638,0.0005580204,5.105267e-05,4.027041e-09,1.505755e-08,1.0004801e-06,2.3286495e-06
3.63591e-06,2.6232507e-07,2.2211698e-06,1.0082356e-06,4.0306757e-05,0.00012753998,0.0056112916,0.016232092,0.12493426,0.086267635,0.23223636,0.003309308,0.042813435,0.026293727,0.00012380675,0.09766707,0.0070739216,6.339888e-06,0.35720983,5.747732e-08,3.989298e-05,2.8973382e-06,3.1433726e-06
4.557132e-06,8.863353e-06,0.00070574036,0.0033334892,0.02475412,0.069342606,0.15343499,0.12825811,0.05040511,0.26817262,0.0452775,0.0037226186,0.24208878,0.00083705457,0.00067665,0.004890747,0.003159844,5.944652e-06,0.0008928769,2.6151707e-05,1.3415037e-06,1.6422807e-07,8.712949e-08
0.007106018,0.078909025,0.18897416,0.3196605,0.21301699,0.115681715,0.021841424,0.021632805,0.010182791,0.0023267763,0.0098025715,0.0014636032,0.0029200085,0.0003604794,7.544621e-05,0.0013662162,0.004390326,0.00012354706,9.7392665e-05,2.6074456e-05,1.539363e-05,1.9546771e-05,7.1739987e-06
0.00070969504,0.008792067,0.06329269,0.15969844,0.20486434,0.17043763,0.10062677,0.08592448,0.04893584,0.014836496,0.084352575,0.00537879,0.024306351,0.00095837394,0.00040447793,0.0048899166,0.02113191,0.00017626665,0.00023512877,2.8031769e-05,1.042296e-05,7.764797e-06,1.6159685e-06
0.0027930732,0.048939284,0.19080128,0.30616993,0.19580445,0.15065005,0.031571534,0.03150337,0.012337947,0.0030188027,0.015636487,0.0010605032,0.002129446,0.00015972619,2.546894e-05,0.0010757439,0.006215626,3.6280777e-05,5.019565e-05,9.52185e-06,4.3543887e-06,5.2689916e-06,1.6660263e-06
1.5249105e-06,9.627452e-08,3.6834905e-07,2.58861e-08,1.0879882e-08,1.8243784e-07,1.5084391e-06,0.00012414485,0.00027005715,2.3754728e-05,0.00031982633,0.000750756,0.014849483,0.0014396448,0.9039392,0.04873852,3.853117e-06,0.00018158394,0.0051701255,6.738144e-11,3.2462435e-08,0.02418536,3.136068e-08
1.7528613e-06,2.9487394e-06,3.0201194e-05,0.00051809615,0.0010620034,0.00771114,0.016195497,0.04627628,0.35748774,0.033129115,0.2743586,0.059623428,0.051385004,0.025907135,0.040106174,0.02749551,0.032971196,0.01993867,0.005739598,6.709223e-06,1.8323673e-06,1.7050677e-05,3.4332403e-05
0.7336858,0.17773637,0.08631565,0.0007527891,0.00013640872,9.385325e-05,0.00015968738,0.00019623515,7.401117e-05,5.5864966e-05,0.00021289647,4.8045895e-05,7.0180235e-05,4.1596955e-05,0.00010835687,3.841927e-05,1.4768533e-05,0.0001693115,3.9741408e-05,3.549879e-07,8.6229693e-07,4.193024e-05,6.8290274e-06
1.245714e-06,1.2161546e-05,0.0012857465,0.07199307,0.06663248,0.25078937,0.3953908,0.080836214,0.08318871,0.029633582,0.008466754,0.0012010889,0.010395515,2.2431943e-06,4.764404e-07,6.708744e-05,0.00010088822,2.0106933e-07,2.4141543e-06,4.3673343e-10,4.7712785e-09,6.4983785e-10,1.3837735e-08
0.044784073,0.23686753,0.39479393,0.19863378,0.06867457,0.025831608,0.008350342,0.008337655,0.003067728,0.00088815927,0.0056490838,0.0008816186,0.0007688382,0.00020871902,0.00010154865,0.0006996094,0.001110637,0.00015092248,6.870524e-05,3.6153528e-05,2.2740745e-05,5.0606894e-05,2.1480973e-05
5.664791e-08,9.935573e-08,3.8375656e-06,0.00020248524,0.0009214766,0.021885203,0.07363641,0.3785985,0.18064818,0.08057745,0.07110917,0.019000156,0.061543435,0.04277938,0.06647929,0.0010219035,0.00070287805,0.0006840368,0.00020587469,2.492823e-08,1.585509e-07,4.733252e-09,2.6660308e-08
0.14099318,0.16105235,0.33844396,0.083114825,0.036111068,0.04353931,0.041890744,0.0834802,0.015125733,0.0072384453,0.01667587,0.012613104,0.007984791,0.002089705,0.0004360209,0.006952944,0.0005866298,0.0002888611,0.00081970723,0.00019422572,9.903415e-05,0.00021777386,5.1513252e-05
1.4797233e-07,6.358556e-08,1.4099764e-06,0.0001385835,0.00035814292,0.0047439313,0.028176118,0.054284047,0.031456124,0.01726505,0.09199425,0.57198316,0.0908696,0.10340768,0.003668984,0.00014465756,0.0012806476,1.3970686e-05,0.00021321117,7.261256e-08,5.3265104e-08,2.433817e-08,9.1363415e-09
0.0005483223,0.008831006,0.044839524,0.20884752,0.20417063,0.320503,0.08204619,0.05224947,0.025641898,0.008058457,0.014420699,0.0015937628,0.013959042,0.0004557769,8.496999e-05,0.0020474128,0.01140997,0.0001535304,0.00012112359,9.572928e-06,4.237482e-06,3.1726404e-06,7.1690357e-07
6.2133527e-06,1.6480255e-06,2.4670302e-05,0.0002442209,0.0060216673,0.019109454,0.18519083,0.17550659,0.18269527,0.1258523,0.018367654,0.012208772,0.02197955,0.0009649221,9.47505e-07,0.24080119,0.0019022037,6.4338906e-06,0.009104882,1.0182179e-07,3.8792277e-06,1.5547357e-08,6.654934e-06
9.964826e-06,4.7128116e-05,0.00018145498,0.0002561846,0.00089114904,0.006094896,0.004820836,0.023569152,0.030874,0.10612065,0.115141496,0.010305205,0.043954626,0.021800216,0.0004994907,0.28641847,0.13364841,0.000113172915,0.0017775376,0.21336861,6.566784e-05,4.0061932e-05,1.6148763e-06
2.347071e-06,1.8243237e-06,4.3635704e-05,0.0005752203,0.01580637,0.06220704,0.36052045,0.12064377,0.21162659,0.1957197,0.009425565,0.010044321,0.009373439,0.00017853906,1.2823693e-06,0.0021004376,0.0014818055,9.918842e-06,0.00023624326,5.9010272e-09,9.9747126e-08,7.7927895e-09,1.356277e-06
0.1602153,0.39864695,0.31562528,0.077369675,0.022086436,0.008429035,0.004546599,0.0037456201,0.0018752019,0.00068493176,0.0028456706,0.0007307565,0.0006821248,0.00034403137,0.00023513034,0.0007050131,0.0004963565,0.00036457716,0.000107139604,5.9923135e-05,3.708979e-05,0.00012879455,3.833713e-05
2.8017042e-05,3.820278e-06,1.8553275e-05,7.743765e-06,0.00015990883,0.00059260824,0.015614969,0.039797436,0.13407375,0.12629741,0.20443007,0.011551996,0.1125469,0.08779351,0.0055457973,0.05541322,0.0110175265,0.00017545605,0.19468911,6.585119e-07,0.00012822391,9.013608e-05,2.322548e-05
1.5193133e-06,1.8500369e-06,1.3724983e-05,0.00040499552,0.003820951,0.06452484,0.17830676,0.18674077,0.10990457,0.07290214,0.009440178,0.3640668,0.0066588605,0.0009716478,0.00027156284,0.00047486633,0.0014664805,7.955677e-06,1.8305187e-05,1.9617174e-08,1.2288758e-07,1.5198444e-07,9.780084e-07
0.006485332,0.08728104,0.24220674,0.33807757,0.19182199,0.0868356,0.014678537,0.016291445,0.0051344526,0.0015152943,0.0058319825,0.0006613378,0.001303461,0.000114980285,3.2957643e-05,0.00050570344,0.0011059608,5.2790572e-05,3.7835885e-05,8.288534e-06,6.770546e-06,6.611272e-06,3.2886921e-06
3.8863885e-09,7.595289e-09,6.1198585e-07,2.0634394e-05,0.0034151713,0.023532275,0.46195966,0.35887212,0.101628944,0.037496783,0.0044077723,0.00012731538,0.0066823578,0.0003271649,1.784602e-07,0.0014747905,1.4937324e-05,1.5911073e-07,3.9102793e-05,1.8674376e-11,4.4156723e-09,5.1216247e-13,2.6489613e-10
6.0513787e-05,0.001662367,0.034095287,0.15246767,0.15019473,0.5794788,0.056170713,0.012631879,0.0074122045,0.0023076485,0.0019307522,7.972812e-05,0.0006831586,5.6824642e-06,2.950299e-06,4.0062754e-05,0.0007669056,5.2357505e-06,3.4788193e-06,4.5033214e-08,1.2272508e-07,3.5515253e-08,5.2155023e-08
3.273694e-07,9.613955e-08,4.6443807e-07,2.3405087e-06,6.0897757e-05,0.0010425624,0.005625804,0.014143014,0.03479752,0.09542209,0.035077743,0.046400376,0.17977293,0.27819118,0.05092473,0.008334326,0.20738359,0.00017447691,0.042596906,2.9609845e-07,4.701871e-05,1.0529355e-06,3.2492682e-07
4.5094166e-06,3.520638e-05,0.0023455839,0.18455246,0.10229836,0.39250323,0.16191809,0.13205032,0.015377523,0.0047661997,0.00048217314,0.00084367004,0.0026904102,3.018289e-06,7.480795e-08,0.000118180425,2.801077e-06,4.9629374e-08,8.097753e-06,1.6626033e-09,7.367369e-09,2.0179989e-09,3.5967445e-09
0.0642896,0.19376759,0.18776073,0.28135732,0.13727053,0.056689873,0.017026393,0.015018075,0.0062599843,0.0017748962,0.010046298,0.0047937683,0.008618408,0.004828348,0.0013388142,0.0039527086,0.0021801405,0.0018149585,0.00039938305,0.0002746543,0.00015667953,0.00027954593,0.00010130713
3.598564e-07,3.1854297e-06,0.00019488006,0.00368945,0.01909773,0.4513891,0.39547765,0.054959986,0.051914945,0.019203288,0.0017347371,9.2177026e-05,0.0016100138,1.9325482e-05,5.7136287e-05,7.325607e-05,0.00047133348,7.2883854e-06,4.1141693e-06,2.6866105e-09,2.832523e-08,8.9048696e-10,2.2638993e-08
2.3680195e-06,4.3531975e-07,4.617877e-06,3.7391055e-05,0.0054682917,0.007930799,0.31290928,0.30610383,0.17783888,0.11118794,0.06336999,0.0027186777,0.0068463185,0.000873334,3.6260824e-06,0.0028878485,0.0008155139,4.822672e-06,0.0009957459,3.0995222e-09,3.143371e-07,3.7728274e-08,5.2109876e-08
6.4263304e-06,3.1236507e-06,5.1805484e-05,0.006109198,0.11388815,0.34544635,0.25118902,0.20388976,0.061326154,0.014307862,0.0016169897,0.00028439172,0.0017051799,1.4653938e-05,3.0317183e-06,1.0052755e-05,2.130032e-05,8.444094e-06,0.000118069416,1.2586918e-09,1.2670267e-08,1.3545383e-08,2.2447052e-08
1.912026e-06,4.048944e-06,4.6677098e-05,0.004424154,0.10398823,0.19460101,0.13797666,0.16475852,0.006722695,0.1641122,0.0007343706,2.1382077e-05,0.2180925,0.0002706027,4.906767e-07,8.917534e-05,3.5782636e-05,2.6846396e-06,0.0041160467,7.906085e-07,3.8382115e-08,8.134491e-09,2.7548286e-09
2.331103e-06,1.3807882e-07,1.5587113e-06,4.1091293e-06,0.00038938384,0.0007913658,0.08242424,0.11928222,0.15009287,0.1816312,0.44971666,0.0038299293,0.0013975884,0.0011896179,4.407669e-05,0.008844556,0.0001617776,1.1005215e-05,0.00017670635,1.6268963e-09,2.2641437e-07,3.3177574e-07,8.112414e-06
2.3152008e-06,9.642868e-07,2.3202769e-05,0.0001391431,0.0011195159,0.0081458865,0.02103067,0.062641524,0.026829358,0.11488363,0.19699806,0.049244788,0.3522238,0.08125834,0.038731057,0.019293647,0.022481287,0.00085851486,0.0035524778,0.0005313759,6.7753804e-06,2.9533749e-06,7.0513613e-07
8.727424e-08,1.4751586e-07,1.5513209e-06,4.547997e-05,6.683082e-05,0.0021672794,0.0072174855,0.028398613,0.09895758,0.0415534,0.24138401,0.3271588,0.05477633,0.06674191,0.09248617,0.00041535957,0.034731835,0.0033961332,0.0004966784,1.7107073e-08,6.898037e-08,1.208632e-06,2.9664836e-06
0.0014648063,0.0073272367,0.25085542,0.11362143,0.19109015,0.0809843,0.11731973,0.12750638,0.021126118,0.023998983,0.053514924,0.0011926044,0.00826645,3.7587455e-05,5.4857417e-05,0.0011973863,0.00037128973,8.082485e-06,4.9922768e-05,6.72055e-06,2.6525047e-06,1.4726558e-06,1.5659543e-06
1.4562806e-07,2.0844766e-07,4.113387e-06,0.00054591004,0.0019762807,0.044098195,0.21553493,0.26867,0.0786727,0.021491526,0.011871533,0.27295426,0.0360265,0.04713756,0.000107385094,0.00058861455,0.00022090504,1.456116e-06,9.7712415e-05,2.4161713e-08,4.5332254e-08,4.2241792e-09,4.939509e-09
4.55784e-07,1.2018407e-07,1.74355e-06,4.6856938e-05,0.00032706428,0.01931552,0.019219592,0.15153855,0.04051464,0.056934524,0.049579676,0.57851774,0.039620418,0.008279205,0.017154703,0.0029762378,0.012173539,0.001907527,0.001843322,1.5335647e-06,2.3224231e-06,2.3085413e-07,4.4459317e-05
1.3258661e-05,0.00017647003,0.003978944,0.031135686,0.043466385,0.30213523,0.32304347,0.11313438,0.090618014,0.024180125,0.03617747,0.0009744351,0.015193037,0.00025105645,7.578114e-05,0.001522857,0.01375604,7.70584e-05,8.755242e-05,1.556802e-06,9.91122e-07,1.6245518e-07,8.350888e-08
2.6307449e-05,2.0664602e-06,1.5077892e-05,2.1009058e-05,0.0015370456,0.00060735026,0.041353203,0.03716599,0.27522844,0.19056492,0.16590868,0.009971652,0.008989381,0.002833009,3.403474e-06,0.25142774,0.0038319554,2.8700892e-05,0.010218026,4.159855e-08,4.433649e-06,9.318052e-07,0.00026061604
4.9508066e-07,1.2565825e-07,1.381211e-06,1.8418994e-05,7.22779e-05,0.01088456,0.0055421405,0.10457907,0.02425011,0.03806387,0.06923899,0.5992746,0.048455436,0.008915674,0.04768845,0.021166058,0.017887728,0.0019674974,0.0017075334,3.8540267e-05,4.8193906e-05,8.2186943e-07,0.00019810897
1.6760841e-06,1.7272448e-06,6.695321e-06,7.183397e-05,0.000813416,0.007868913,0.08548074,0.13478352,0.24151467,0.19298388,0.050644178,0.12032773,0.04538559,0.023273554,0.001956196,0.027013209,0.06647409,3.489598e-05,0.0013570199,2.1758042e-07,2.2220902e-06,7.611835e-07,3.2622606e-06
6.944205e-08,5.252542e-07,2.3268774e-05,0.0017864471,0.0017959388,0.1965659,0.48650736,0.17307544,0.060818754,0.004288749,0.005512924,0.035710253,0.027812067,0.0048590316,7.093902e-08,0.0011365034,0.00010185263,8.6380986e-08,4.7431345e-06,1.2381372e-10,6.896482e-10,3.863016e-10,2.3298434e-09
4.2151958e-05,7.788369e-05,0.0016566218,0.05312287,0.16477479,0.35020804,0.15927824,0.07114938,0.05422606,0.092353135,0.0035299934,0.0013960868,0.04294231,0.000523562,4.5587825e-05,0.00067640014,0.00017675999,1.3323922e-05,0.0038044783,8.715483e-07,5.8001245e-07,6.8641583e-07,1.7047796e-07
2.2705804e-05,6.461777e-05,0.0043612574,0.012597275,0.05963716,0.08311639,0.19331665,0.15985912,0.09482398,0.12147631,0.13910602,0.0071046427,0.11641912,0.0004768787,0.00068277214,0.0042148135,0.0024239144,1.6400938e-05,0.00026641274,1.0924755e-05,1.755259e-06,5.622002e-07,2.9817966e-07
1.563516e-05,8.739767e-05,0.0035098821,0.13465288,0.12943181,0.3740158,0.17672539,0.116684705,0.028144998,0.020626796,0.001255896,0.0027414763,0.0117951995,4.3872235e-05,2.1255717e-06,0.00017089731,1.2043379e-05,4.2166974e-07,8.266324e-05,3.5846302e-08,7.23318e-08,2.8221057e-08,1.9924014e-08
8.7084246e-08,9.262806e-08,2.9142461e-06,0.0001808823,0.00027643787,0.0029285012,0.01757136,0.03971208,0.042540114,0.02198718,0.44714656,0.26972958,0.077778935,0.062997036,0.015517825,0.0001582944,0.00080343423,0.00032445043,0.00034401755,5.2009902e-08,5.1674697e-08,8.969142e-08,3.278866e-08
0.028885586,0.050685745,0.28223217,0.09588391,0.05634349,0.08603959,0.079715006,0.17931189,0.029841028,0.013244074,0.041575443,0.028152307,0.0160961,0.0022626144,0.00033343723,0.007527462,0.0006709843,0.00014736956,0.0007466563,0.00014965162,6.0054164e-05,7.769549e-05,1.7766712e-05
1.5609954e-08,8.2489834e-08,6.4668766e-06,0.0005050338,0.0093967235,0.06064352,0.28771996,0.48483178,0.113401115,0.029539749,0.0058750533,0.0010655115,0.006330904,0.00044834643,3.5797966e-05,0.00012833103,5.651379e-05,2.948489e-06,1.21961275e-05,2.8762645e-10,7.601505e-09,1.6969193e-11,1.1927062e-09
2.6403518e-07,4.1214184e-06,0.000517452,0.013075534,0.05528694,0.54854083,0.32333076,0.025809735,0.013578606,0.018988838,0.0002996255,1.3480712e-05,0.0005149858,2.0500784e-06,1.77408e-06,4.259423e-06,2.7267884e-05,2.166529e-06,1.3044594e-06,3.0869263e-10,3.0363925e-09,6.3924574e-11,1.1139115e-09
2.8961707e-05,4.5496905e-05,0.0014449857,0.074898064,0.32982358,0.34776267,0.1226437,0.09791367,0.016517079,0.0065234373,0.00073955645,0.00013578578,0.0014719989,2.7048247e-06,2.742544e-07,1.1759706e-05,1.7434708e-06,6.9392286e-07,3.3805267e-05,1.6672437e-09,9.125158e-09,7.3558453e-09,6.8639783e-09
1.0144898e-06,1.2040504e-05,0.00062282814,0.008205291,0.03393911,0.3322151,0.4194965,0.10298785,0.0695224,0.019774975,0.007154553,0.00029578977,0.00472099,5.8260594e-05,0.00012748082,0.00014617003,0.0006955217,1.4015464e-05,1.0094989e-05,1.2227203e-08,6.469874e-08,2.8629548e-09,1.7856088e-08
1.0692686e-05,1.7074843e-05,0.00011697646,0.00029328212,0.0012189349,0.003281346,0.008125978,0.026192049,0.030003589,0.045638394,0.32595575,0.026781134,0.08557928,0.09228099,0.0077967504,0.2868591,0.040270068,0.0027264985,0.003922354,0.012824171,4.5406294e-05,5.666414e-05,3.5844446e-06
5.335493e-06,1.3458841e-05,0.0012222645,0.008712338,0.045230854,0.13095663,0.18120116,0.14058688,0.03631303,0.2622273,0.013620552,0.0008169088,0.17517453,0.00016690767,0.000126675,0.0019737412,0.0009611182,2.1800804e-06,0.0006815611,5.8630685e-06,5.566104e-07,7.510766e-08,7.556243e-08
7.028058e-07,2.289078e-07,3.7771156e-07,1.5486896e-06,7.9087863e-07,0.00015676656,4.079275e-05,0.0037655781,0.00071430625,0.00051466847,0.0072932052,0.0144506525,0.045318276,0.0046415036,0.79114807,0.09102227,0.026000893,0.00081155676,0.0055583133,4.775537e-05,0.007345799,0.0004912427,0.0006746409
5.866425e-07,3.522953e-07,1.4024236e-05,0.00040860387,0.034432862,0.10914891,0.57732946,0.08841838,0.15447271,0.028557077,0.0014512038,0.0055406103,0.00010327848,2.4920146e-06,1.641688e-07,0.000101191494,1.7550536e-05,1.0560073e-07,4.3395673e-07,7.2916076e-11,1.6487341e-09,7.5823364e-10,3.0056995e-08
1.2669207e-06,9.572627e-07,5.006212e-06,3.8133538e-05,0.0017631197,0.0089193275,0.16849543,0.17997402,0.19963053,0.1538605,0.026603466,0.017931905,0.037198152,0.025580795,0.00010023751,0.16863187,0.0068256003,7.622955e-06,0.0044272197,1.8726438e-07,4.3308223e-06,9.110883e-08,2.2702142e-07
3.669002e-08,1.8909727e-08,4.188376e-07,2.2280225e-05,5.6074263e-05,0.0008333865,0.005834689,0.019462582,0.0250764,0.041202273,0.40804002,0.22927803,0.0718141,0.035535876,0.14767648,0.00019467722,0.014076061,0.0005133875,0.00038285487,1.566145e-07,6.2476744e-08,1.2210045e-07,4.625923e-08
6.925435e-06,6.1926457e-06,1.4850938e-05,3.2768752e-05,3.8980044e-05,0.003017209,0.00092521997,0.019618725,0.005681023,0.0015096321,0.12696125,0.11823295,0.050626248,0.045293845,0.007015619,0.5880319,0.0011928133,0.009861881,0.009661404,0.004281782,0.003695824,0.0042891754,3.7630787e-06
2.4133412e-06,6.966575e-05,0.005749459,0.059582118,0.08789767,0.5329837,0.24862097,0.036464807,0.015855666,0.009910099,0.0016385354,3.847539e-05,0.001013592,2.765266e-06,2.3941973e-06,1.432241e-05,0.00014894249,2.2349896e-06,2.073104e-06,2.449774e-09,1.1788771e-08,7.2883816e-10,3.2445997e-09
1.4628917e-05,0.000102843245,0.0044769826,0.038408138,0.071057305,0.24647823,0.26863164,0.12093241,0.09066027,0.079859875,0.021374758,0.022871206,0.030723134,0.00089620624,4.5706143e-05,0.002874629,0.00018416082,3.403108e-06,0.00040207856,1.321521e-06,6.914137e-07,3.2184707e-07,8.11603e-08
3.3706105e-09,1.622587e-10,6.7841643e-09,9.993577e-10,3.0159967e-08,2.439687e-07,0.0007428283,0.001126836,0.03233706,0.18020877,0.17721012,0.0022117787,0.03674939,0.0019347154,1.3331257e-07,0.0006262091,0.56679285,1.17577885e-08,5.9010632e-05,2.886177e-13,2.7920316e-10,3.0544217e-10,2.6568373e-10
1.3106675e-06,4.2259384e-08,2.6932378e-07,4.3199591e-07,9.679513e-05,0.00013811825,0.014474866,0.041646853,0.443896,0.040956266,0.31089532,0.004408529,0.06634982,0.0133818835,7.8825923e-07,0.01886834,0.00043806972,1.3020848e-06,0.04444329,3.3036135e-10,1.5098528e-06,9.819774e-08,2.0232774e-08
1.1492212e-05,1.5144676e-06,7.463448e-06,2.1780492e-05,0.00019999039,0.0014529042,0.0022269525,0.009594058,0.018294426,0.104499035,0.029962309,0.026612481,0.051038403,0.023155026,0.0037502495,0.036582563,0.015576584,0.00043647274,0.673714,1.3468444e-05,0.002034658,5.840271e-06,0.00080833375
0.12614377,0.3853374,0.2797099,0.1304424,0.036939282,0.013964512,0.00711254,0.006117532,0.0024500857,0.0010045342,0.003917909,0.0014253317,0.0012815318,0.0008271493,0.00028851576,0.0013890056,0.0006878963,0.00043256424,0.00015753882,0.00012587172,5.9028487e-05,0.00014709096,3.8616363e-05
0.019894108,0.14815453,0.29991996,0.29399225,0.1437767,0.05404003,0.011277174,0.012537095,0.0043981364,0.0012080079,0.005969254,0.0009922833,0.0011022248,0.00021579815,7.063269e-05,0.0007555019,0.0014330592,0.000116539944,6.0426402e-05,2.9103523e-05,1.9011164e-05,2.545538e-05,1.2715478e-05
1.1396558e-07,3.362528e-08,3.005498e-07,4.980331e-06,7.3232936e-06,0.00050672726,0.00059843704,0.011229092,0.008831161,0.006004508,0.114882454,0.21087015,0.063285105,0.11671172,0.31962565,0.01669393,0.03118139,0.09839146,0.0011330042,1.425702e-05,4.5032343e-06,5.400759e-06,1.8330957e-05
1.0058698e-06,1.0792685e-06,3.7284794e-05,0.00063233025,0.012000273,0.04037451,0.5034612,0.10490099,0.2189153,0.097212434,0.0063837827,0.0049584247,0.0085975835,0.00011434493,1.7667485e-07,0.0017238448,0.0005775737,2.4253452e-06,0.000105259656,6.9286693e-10,1.6647673e-08,1.1430767e-09,1.904853e-07
6.8951206e-10,4.7048688e-11,1.4985405e-08,3.9168288e-08,0.00061565515,0.0002885201,0.82292795,0.03169547,0.07734074,0.06697663,0.00014678882,5.287439e-06,1.4362055e-06,2.3750096e-07,5.464516e-14,1.312156e-06,1.45064964e-08,6.0332496e-11,2.8306222e-09,8.791008e-19,2.0718783e-14,9.604276e-17,1.8590084e-15
1.2477626e-06,6.670263e-07,2.2752702e-05,0.00078420463,0.013334162,0.08856414,0.2995822,0.17887217,0.17405652,0.16384211,0.023886608,0.033978835,0.01653115,0.00038134633,6.5659024e-06,0.003578262,0.0016054545,1.1865343e-05,0.00095677597,2.9692451e-08,5.3071955e-07,3.482559e-09,2.4058277e-06
0.00012264024,0.00037573156,0.0044575655,0.019081295,0.018915026,0.12289982,0.10081401,0.11206175,0.06923972,0.025579503,0.1352221,0.24059816,0.12894139,0.016497362,0.000680302,0.0024931005,0.0011904306,0.000113489514,0.0006923876,9.0868825e-06,3.9368592e-06,9.907349e-06,1.2945195e-06
2.8196844e-08,4.6445393e-08,9.624209e-07,3.836097e-05,0.00043283906,0.138641,0.26543146,0.2091858,0.18041818,0.16463704,0.015069561,0.00040921874,0.022421042,0.0014756643,0.00017665188,0.0010737319,0.00025109033,0.00022228944,0.00011377963,2.3845331e-08,1.0790792e-06,6.4118477e-10,1.6516303e-07
2.5729558e-09,2.1068698e-09,1.9603682e-07,8.265066e-06,0.0045538484,0.15982495,0.31747448,0.020023905,0.15499203,0.3429848,8.089409e-05,1.7079437e-05,2.2603546e-05,6.6268426e-06,4.0369237e-06,1.1592549e-06,7.526687e-07,4.2642805e-06,1.1349279e-07,7.095829e-13,1.11579954e-10,9.130187e-13,1.9255118e-09
1.3896661e-05,1.633224e-05,0.00028405926,0.010125558,0.04338842,0.16761544,0.15091005,0.14854898,0.06952853,0.04477542,0.0039763055,0.21716727,0.12098365,0.019249855,0.00023652537,0.0008936979,0.00040363104,4.501756e-06,0.0018748433,1.7821243e-06,7.1084395e-07,3.880155e-07,9.8082104e-08
1.745546e-06,8.1945075e-07,2.1689628e-05,0.0013772813,0.0034028355,0.021064721,0.083579056,0.13476421,0.18385908,0.05607377,0.17380849,0.2274561,0.09489135,0.0037655788,0.004235941,0.0009689343,0.008437118,0.0015394131,0.0007405402,4.0817273e-08,1.9581775e-07,1.33325e-07,1.1044917e-05
2.0802975e-06,8.382727e-08,1.4963999e-06,1.5752225e-06,0.00040504345,0.0003885079,0.060102597,0.042536777,0.3100226,0.10744739,0.40288317,0.0011147493,0.0076899813,0.010808905,8.138408e-07,0.045301802,0.0001342264,5.708134e-06,0.011150703,6.1836936e-10,1.4197994e-06,4.5422446e-08,3.4088154e-07
1.6397249e-07,1.5604357e-07,1.2651698e-05,0.0013519884,0.0012626487,0.007370359,0.053171493,0.07192618,0.1455738,0.024693687,0.55024654,0.074788325,0.049112625,0.0019703212,0.01504304,0.0005113908,0.0026032154,0.00021208916,0.00014889734,4.3231882e-08,6.8256e-08,3.212341e-08,2.4868174e-07
3.0728975e-07,4.0424615e-07,1.3318185e-05,0.0010854783,0.038533553,0.32243645,0.4193442,0.15477046,0.036194485,0.016111186,0.0004977442,0.010651161,0.00034103167,8.895053e-06,1.8456457e-06,3.4308273e-06,4.874812e-06,2.8357823e-07,8.2245435e-07,5.738158e-11,8.496659e-10,3.6551273e-10,3.4872831e-09
0.00037611608,0.000947186,0.015398456,0.018711176,0.0804401,0.11909183,0.11329618,0.1729128,0.08267502,0.17500216,0.058747344,0.036340952,0.060491398,0.008406851,0.0004604468,0.050737135,0.0012627745,4.144444e-05,0.0042993743,0.0003182203,2.6476195e-05,1.5063584e-05,1.508153e-06
5.80233e-09,1.399942e-08,2.0138223e-06,0.00016055256,0.016460497,0.5873046,0.2541246,0.012128387,0.030136798,0.099627435,2.8409186e-05,4.0218238e-06,1.9201125e-05,7.4086716e-07,2.357422e-07,3.4946925e-07,8.228055e-07,1.2259216e-06,1.3068555e-07,1.2257811e-12,1.0080876e-10,6.5767574e-13,5.2820515e-10
1.227646e-06,1.043404e-06,3.410845e-05,0.00045180172,0.011367888,0.039300226,0.33595794,0.08867087,0.2716807,0.22652276,0.011289503,0.0036975716,0.005715246,6.0846476e-05,4.0949345e-07,0.0030508938,0.0020330632,5.6711665e-06,0.00015645375,1.1725226e-09,3.3831025e-08,2.9133795e-09,1.7872383e-06
0.008743492,0.08626937,0.21554105,0.29440042,0.1972078,0.09362274,0.025372319,0.02921938,0.012325175,0.003161499,0.01731875,0.0025218772,0.0038925672,0.0005911749,0.00012497437,0.002572599,0.006683877,0.00015625045,0.00014866855,5.406627e-05,2.6219297e-05,3.4532553e-05,1.1175967e-05
3.2429463e-05,2.729193e-06,7.373708e-06,1.4968407e-05,0.0003008814,0.0016648077,0.16611703,0.3403915,0.060859524,0.05411869,0.065530285,0.28446564,0.019636886,0.0010828787,0.00013623842,1.2640945e-05,0.005613758,8.133964e-07,1.0509235e-05,8.977579e-10,2.208912e-08,4.2974395e-07,2.9194366e-08
7.068784e-06,3.2542087e-07,3.6714112e-06,1.5094574e-05,0.0018045452,0.0018003647,0.20961893,0.22258098,0.17057464,0.10650871,0.2696237,0.015398345,0.0012452715,0.0002764188,1.9400808e-05,0.00027589247,0.00021010151,2.7606222e-06,3.3409025e-05,6.4404787e-10,4.680181e-08,1.2176729e-07,2.627e-07
2.3181703e-05,0.00058171403,0.021526007,0.15168272,0.18182954,0.5566043,0.06496075,0.011625914,0.0065304535,0.0030064874,0.00088771514,4.2812808e-05,0.00051163975,2.3685893e-06,1.8253307e-06,1.50179485e-05,0.00016277462,2.9126147e-06,1.7603121e-06,7.917809e-09,3.8307252e-08,6.4522396e-09,2.2011518e-08
3.0613555e-05,1.8269546e-06,2.4183676e-06,7.035801e-06,0.00013523085,0.0013959255,0.008717466,0.1755909,0.095009856,0.067231834,0.36552766,0.105759196,0.024447955,0.0028453802,0.00021003831,0.11565298,0.000401877,3.842489e-05,0.029108683,1.0201823e-06,0.00058997894,7.5882956e-05,0.007217875
0.19365484,0.4163427,0.29407653,0.060316656,0.01493241,0.0063062557,0.0037212924,0.0029167407,0.0014416494,0.00052890606,0.0023042897,0.00066340814,0.00054138695,0.0003711742,0.00021554796,0.00061974116,0.0003670044,0.00033146582,0.00010091932,5.5211913e-05,3.0455605e-05,0.00013026867,3.114114e-05
3.182956e-09,4.5438338e-09,4.7500328e-07,2.0931391e-05,0.0008274646,0.17581041,0.3458271,0.07507986,0.25335443,0.1481393,0.00045307627,4.1426963e-05,0.00027842566,1.7716327e-05,7.188756e-05,4.703844e-05,2.117465e-05,8.093477e-06,1.1296888e-06,1.736503e-11,1.4305281e-09,8.607995e-12,2.3902127e-08
1.4151783e-06,7.5166867e-07,2.446962e-05,0.00077034906,0.012990316,0.058059543,0.36519557,0.20083976,0.18770397,0.10701587,0.02085455,0.01371351,0.01428659,0.00020525027,5.113217e-07,0.016257897,0.0010006215,2.5364272e-06,0.0010744319,1.1530076e-08,3.854093e-07,1.6003094e-09,1.6392061e-06
2.2368154e-07,1.2686297e-07,7.2433846e-07,3.588207e-06,3.418242e-05,0.00045187547,0.0025523687,0.006705278,0.019335406,0.05535919,0.039990418,0.061494444,0.15377946,0.49851954,0.03235967,0.0015670314,0.107186265,0.0013386329,0.019313494,6.247282e-08,4.3348464e-06,2.8172299e-06,8.4865974e-07
3.6128808e-06,8.034974e-06,0.0002468345,0.013287455,0.039055247,0.15323682,0.33555618,0.12590863,0.1672088,0.09074588,0.022253906,0.01736242,0.03255778,0.00011073655,1.2279724e-05,0.0005684505,0.0017954544,1.2576181e-05,6.78307e-05,8.550472e-09,6.686705e-08,1.4555502e-08,9.539415e-07
3.1062514e-06,9.7796665e-06,0.0003287116,0.010483035,0.0072607035,0.12110208,0.19981682,0.15006198,0.053251743,0.005243407,0.014263477,0.33421543,0.0959445,0.007779351,1.1831502e-05,0.00016813421,3.9633534e-05,7.250486e-07,1.5517135e-05,2.2897312e-08,2.1973309e-08,1.86866e-08,2.9430225e-09
2.3774368e-05,3.5757625e-05,0.0023408737,0.0056375344,0.04751138,0.061049983,0.16708295,0.17530933,0.060536385,0.14901593,0.092664324,0.011747594,0.21490607,0.0017789528,0.0014352457,0.005579826,0.0026698487,1.3637246e-05,0.0006199709,3.698093e-05,2.923066e-06,5.220815e-07,2.5433206e-07
0.57353413,0.28378034,0.13365956,0.004092895,0.0008185688,0.0005437258,0.00067688,0.00062741473,0.00025534246,0.00013983536,0.0005506812,0.0001838897,0.00014693216,0.00016110708,0.00020924266,0.00014336049,4.709204e-05,0.00022672088,7.567473e-05,5.4039997e-06,5.6107665e-06,0.00010101274,1.4451181e-05
1.2063045e-06,8.394349e-07,2.3202123e-05,0.00021662809,0.0097608,0.03797635,0.2682745,0.07284675,0.23177789,0.3584921,0.00946946,0.00269019,0.003367725,3.9103194e-05,2.8614915e-07,0.0029369364,0.001965963,5.240048e-06,0.00015223204,1.3232178e-09,4.374351e-08,2.8117224e-09,2.6514022e-06
2.1895677e-05,4.8692713e-05,0.00073876855,0.017770734,0.038169105,0.23410438,0.19230932,0.11399417,0.097676605,0.10878352,0.014316434,0.09798378,0.06651888,0.008767236,0.0012627231,0.002854891,0.0023203415,4.5653316e-05,0.0023010583,4.9751657e-06,2.4943092e-06,2.9744242e-06,1.3504742e-06
3.5677647e-07,1.3141606e-07,3.1987963e-06,7.399169e-05,0.00014106325,0.0041019777,0.008582112,0.05196657,0.039124534,0.027568411,0.16335219,0.24056035,0.07182307,0.056611657,0.27220023,0.019290198,0.036317762,0.0070420285,0.0012132848,1.6973594e-05,1.4322721e-06,1.8881091e-06,6.547075e-06
6.5217694e-07,1.5720072e-07,2.349229e-06,7.6235756e-06,1.6193741e-06,0.002467038,0.0006138757,0.017762423,0.0025110508,0.0012245455,0.33927748,0.26692978,0.10486598,0.018680038,0.005668828,0.22124209,0.0004536788,0.004321926,0.0037728841,0.00019436068,0.0097353365,0.00026443828,1.8481386e-06
1.522303e-05,1.3389945e-05,6.468878e-05,0.0003585015,0.0027002103,0.0070044775,0.0064990195,0.0063751508,0.011176681,0.04238967,0.010044699,0.0047767577,0.08045634,0.3928849,0.00029084325,0.26836526,0.014310848,0.00027564284,0.14799209,0.0039169258,1.1154202e-05,7.730185e-05,1.5264985e-07
2.0488965e-06,2.734411e-07,1.9768981e-06,1.1970795e-06,3.0190144e-05,0.00011800345,0.024167808,0.034573898,0.1824715,0.37042835,0.22217935,0.07160391,0.033201236,0.0033551902,0.00019332732,0.00057585724,0.056935243,4.412926e-06,0.00015413214,1.6692178e-09,1.2387977e-07,1.4297478e-06,5.073953e-07
0.00041709552,0.0060186037,0.02972629,0.098647945,0.16777216,0.525168,0.071031205,0.022241827,0.03337663,0.0037785002,0.010198615,0.0008103064,0.0052201273,0.00016264376,6.4814645e-05,0.0013644013,0.023838002,7.7114266e-05,7.2975796e-05,3.793124e-06,3.7931636e-06,3.3461022e-06,1.7988743e-06
0.0648633,0.28506696,0.39013088,0.16421168,0.050333146,0.018629406,0.007288491,0.0069529577,0.0026468006,0.00086959434,0.0048160884,0.00088433275,0.0007685408,0.00024563595,0.00013080196,0.000806671,0.0009095679,0.00019450395,7.96336e-05,4.701247e-05,2.9364768e-05,6.9182184e-05,2.5432508e-05
5.0670625e-08,3.790546e-07,2.8926937e-05,0.0011718837,0.013942132,0.07841359,0.31310192,0.40130532,0.12764461,0.042943917,0.012390326,0.0008546764,0.00755256,0.00028500875,5.2588042e-05,0.00014899895,0.00013812628,5.0956783e-06,1.9818082e-05,2.783612e-09,2.8261116e-08,6.3569594e-11,1.6254017e-09
1.7691666e-05,0.00029993136,0.009315948,0.04386762,0.08287731,0.43604195,0.26491442,0.06499228,0.053839575,0.009285819,0.023444397,0.00047680255,0.0053307177,5.2619824e-05,5.171246e-05,0.0003878204,0.004764943,1.6787139e-05,2.1045911e-05,1.7133176e-07,3.412464e-07,6.4731225e-08,8.066848e-08
8.2624325e-07,1.317386e-06,1.739559e-05,0.0011833244,0.0011443198,0.044927232,0.12151056,0.119996406,0.050176315,0.0111748725,0.019837009,0.39276716,0.14788263,0.08874956,0.000116934534,0.00022436831,0.0002088617,9.356997e-06,7.1435185e-05,2.755731e-08,3.9721524e-08,3.584108e-08,1.7776019e-08
2.2587912e-05,8.787424e-05,0.002964174,0.10128557,0.11395285,0.367179,0.17584339,0.10099984,0.053505775,0.04701379,0.0022764995,0.0055364333,0.02747869,0.00025131236,1.4314737e-05,0.0009066515,7.74122e-05,1.5700498e-06,0.0006010518,4.1907282e-07,4.3996891e-07,1.7501806e-07,1.0655059e-07
9.710106e-06,1.0594286e-05,0.0001909812,0.010257578,0.089250706,0.2706069,0.20942032,0.16333994,0.082452945,0.080731936,0.0013369529,0.017882057,0.062231302,0.0049286555,9.3416405e-05,0.0005705744,0.0003031117,5.600202e-06,0.006375273,5.7661117e-07,5.687592e-07,2.0717715e-07,8.793734e-08
1.24475855e-05,7.9711435e-06,0.00010771486,0.00839397,0.11974179,0.26460788,0.23412035,0.13700673,0.088739485,0.0732061,0.003019469,0.004411662,0.047592703,0.0018630658,0.000118637814,0.00022353131,0.0011565749,1.8309245e-05,0.015650725,1.8960691e-07,1.9719457e-07,3.552957e-07,1.1872076e-07
3.0207252e-07,1.9059199e-07,6.95567e-06,0.00019483536,0.0034629717,0.03821555,0.04787438,0.06025793,0.017016202,0.37084582,0.0046302,0.00089640333,0.43551415,0.0026016305,0.00040017942,0.0021418498,0.0059386026,9.19348e-06,0.0099646095,2.7510052e-05,4.1222438e-07,5.0209966e-08,3.9857778e-08
1.3710847e-07,2.7692586e-08,4.1073645e-07,4.822521e-06,0.00044566445,0.0013238835,0.03021742,0.059089508,0.061960746,0.045492467,0.0012943528,0.00019223851,0.0037108487,9.46126e-05,3.0066774e-09,0.7928313,5.149211e-05,5.247788e-08,0.0032893438,1.7291865e-09,5.443263e-07,5.03454e-11,2.9263768e-08
1.3233285e-06,8.987179e-07,1.5582659e-06,2.8584575e-06,2.549153e-06,5.6162622e-05,5.3313077e-05,0.0013195776,0.0006784924,9.406303e-05,0.02291625,0.0055976966,0.0062391874,0.0188131,0.008470123,0.91823626,0.00012764457,0.004258462,0.0046616406,4.095889e-05,0.00010324321,0.008324055,6.8010974e-07
6.3498746e-06,8.866788e-06,4.1036776e-05,0.00025064425,0.0006975067,0.005490872,0.007689996,0.038807977,0.25509736,0.022512604,0.21109505,0.06611083,0.05148675,0.04845295,0.022541484,0.124176756,0.09281892,0.039907586,0.012506006,3.0083162e-05,2.7267733e-06,0.00015268219,0.00011488727
5.339658e-08,4.2841634e-07,7.7614815e-05,0.0022516013,0.056919977,0.6608642,0.2190954,0.012350653,0.018171944,0.030072387,8.6140826e-05,7.5610105e-06,9.155295e-05,7.476376e-07,1.0080435e-06,1.006612e-06,7.1627524e-06,4.8186206e-07,1.9847222e-07,1.3363301e-11,3.7933132e-10,5.6936274e-12,5.788316e-10
3.5581816e-06,3.7479592e-06,2.0681635e-05,0.00028700946,0.003748632,0.036375977,0.26103678,0.19242573,0.16370417,0.116040416,0.013143324,0.18792337,0.016661745,0.0042719385,0.00015246416,0.0020713,0.0020306834,1.162896e-05,8.491576e-05,7.2614384e-08,5.6192187e-07,3.3399624e-07,9.179095e-07
1.8113903e-06,5.101544e-07,2.8608051e-06,5.1491e-06,0.00016889008,0.00047147006,0.03472635,0.06688352,0.18312839,0.36067823,0.25652385,0.014825444,0.013955371,0.002749397,0.0001521794,0.036534328,0.026831917,7.0557144e-06,0.0023450246,2.44528e-08,1.0408221e-06,7.003594e-07,6.460772e-06
1.9649853e-08,1.9503409e-08,5.21537e-07,6.6094275e-05,0.013554252,0.31643263,0.4260536,0.07593963,0.022906318,0.14251335,0.00013688275,1.7684075e-05,0.0009719326,0.0003230099,5.683252e-07,3.5690957e-06,2.367488e-07,0.0010358213,4.3837143e-05,7.120459e-11,2.1410827e-08,8.3210045e-12,2.0458382e-09
9.2478075e-07,1.1282829e-06,1.47199835e-05,9.927839e-05,0.0017524782,0.020398598,0.4252822,0.121042535,0.21258028,0.10109409,0.009475384,0.017842358,0.008011341,0.001531199,1.525052e-06,0.079556674,0.0012367739,1.0309564e-06,7.704281e-05,1.1954799e-08,1.7391385e-07,3.120394e-08,2.6323744e-07
2.3483406e-07,7.1488745e-07,6.077227e-06,7.3673335e-05,0.00032900323,0.0261755,0.14946622,0.04428253,0.44486997,0.16018122,0.021704612,0.07612223,0.030535478,0.0033697414,1.2201532e-05,0.01232314,0.030497404,7.1132495e-06,3.8620237e-05,1.4879974e-09,1.4745131e-08,6.871095e-08,4.2106203e-06
0.14938757,0.37955332,0.3255018,0.09049978,0.024216767,0.009879724,0.0054290523,0.004278178,0.0020446114,0.00073892693,0.0035307829,0.00097475713,0.0007887176,0.0004886291,0.00025476766,0.00097487617,0.000637271,0.0003681315,0.00012926816,8.315671e-05,4.4251046e-05,0.00015540393,4.0282892e-05
2.8524119e-06,2.389925e-06,6.0372517e-05,0.0007146869,0.0021520727,0.021999434,0.052153174,0.11528387,0.067157365,0.11019858,0.14451186,0.038368672,0.26690307,0.019808525,0.031645495,0.07084316,0.055425867,0.00040268825,0.0021613664,0.00019556265,4.0762466e-06,2.926143e-06,1.9392708e-06
0.0032132613,0.057704464,0.23551324,0.36185616,0.20361951,0.10168681,0.013041955,0.010884234,0.004573335,0.0010359124,0.0045613567,0.00039485472,0.0010046489,3.4091216e-05,2.3733342e-05,0.00018695247,0.00061886426,2.3707893e-05,1.4872628e-05,1.69341e-06,2.8420602e-06,1.8242031e-06,1.6890777e-06
0.0005465743,0.011253095,0.121933445,0.27883133,0.30153027,0.25605676,0.01546294,0.0065753316,0.004208624,0.001067158,0.0015160324,0.00013604999,0.00056060957,8.5605325e-06,6.4818137e-06,4.1911982e-05,0.00025190634,8.272194e-06,3.6877216e-06,1.337078e-07,4.4900844e-07,1.5990706e-07,2.496271e-07
1.7522424e-07,2.8264713e-08,5.6288104e-07,6.4281437e-07,8.543149e-05,0.00013273116,0.049784206,0.069153674,0.19167903,0.27758795,0.31598267,0.0049912226,0.006629983,0.00078472536,3.088151e-07,0.07312102,0.0095129935,8.617584e-08,0.0005525507,2.6489086e-10,3.1486014e-08,5.5199285e-09,3.1294306e-08
2.1757682e-09,2.3892812e-09,2.5330144e-07,1.6759104e-05,0.000631761,0.18410824,0.37411937,0.07059585,0.1917509,0.17805716,0.0003900267,2.4880566e-05,0.00021342776,1.493417e-05,2.0576455e-05,3.7490652e-05,8.229174e-06,8.741984e-06,1.3959427e-06,1.5027117e-11,1.4973858e-09,4.30963e-12,1.6587588e-08
1.2964649e-06,3.217145e-07,3.989423e-06,3.3319513e-05,0.0043893848,0.0068691755,0.337711,0.31588805,0.17689425,0.10583499,0.03510835,0.004229531,0.0051724752,0.0005798327,9.510919e-07,0.005917696,0.00079151616,8.8886185e-07,0.0005728357,1.5896235e-09,1.3312376e-07,1.2538321e-08,1.6813301e-08
4.476855e-07,9.154301e-08,2.4814117e-06,0.00016831388,0.036468744,0.069628775,0.51602995,0.333889,0.030301325,0.009108339,0.0007768473,0.0035450307,7.6748955e-05,2.176945e-06,9.112647e-08,5.377659e-07,8.694408e-07,4.8828426e-08,2.2769703e-07,2.4676932e-12,8.406744e-11,4.4730053e-11,2.2802091e-10
8.107704e-08,2.8528368e-07,1.246752e-05,0.0003054262,0.004446498,0.14618142,0.6276012,0.11833418,0.07347887,0.018662354,0.0006157132,0.001468538,0.0010477451,2.6347918e-05,3.2250353e-09,0.0077824355,3.485845e-05,1.2754265e-08,1.6347108e-06,7.4303994e-11,1.0959265e-09,1.0221272e-10,5.499894e-09
4.4244925e-07,3.2615324e-07,1.3710954e-06,0.00010930597,0.0015516463,0.09481826,0.12093263,0.21961708,0.06657332,0.073657274,0.0062125586,0.0007209703,0.120257884,0.065450035,0.0010241725,0.0011953077,5.2522006e-05,0.22647484,0.0013433971,1.6222202e-07,6.2474924e-06,3.3783206e-08,2.4347023e-07
6.676455e-06,8.881059e-06,7.839006e-05,0.0029837878,0.0058071017,0.11549336,0.2006557,0.19691743,0.063758425,0.01573697,0.004105926,0.29295915,0.06701568,0.03280536,3.2557145e-05,0.0011659012,0.0003262058,3.967501e-06,0.00013774702,2.3592854e-07,3.4807576e-07,1.3137765e-07,5.3918818e-08
6.246433e-07,2.4292163e-07,1.473756e-06,2.0777377e-05,0.00060197327,0.01193561,0.086795494,0.20970815,0.1260698,0.17271757,0.05920409,0.11699942,0.058054354,0.040300824,0.015278625,0.00025752658,0.10074837,0.00010713168,0.0011974567,4.6720725e-08,2.5284052e-07,2.090093e-07,5.696444e-08
2.5174295e-05,5.196446e-06,4.55772e-05,2.7910217e-05,0.00049626187,0.00041431678,0.010976592,0.0066646254,0.19282433,0.22236668,0.09189319,0.0031920862,0.018633394,0.0017114906,2.4082634e-05,0.08184789,0.35111612,0.00074925047,0.014984979,2.2317879e-08,7.4472115e-07,1.6706394e-06,0.0019984806
8.288461e-08,7.9331113e-07,5.9074264e-05,0.005695582,0.0016286252,0.19235887,0.32132828,0.19962166,0.04083154,0.001650566,0.0149644455,0.13229524,0.0821092,0.007381499,2.1473426e-07,5.9480724e-05,1.34042575e-05,4.4503114e-08,1.4179493e-06,6.6666526e-11,1.6543894e-10,1.489454e-10,8.328779e-11
0.0035081976,0.05982586,0.2067887,0.31645843,0.20801051,0.12599692,0.024652418,0.023454878,0.0096976375,0.0023901844,0.011457373,0.0010414673,0.0024636465,0.00015412564,5.4861972e-05,0.0007704702,0.0031461245,5.2664127e-05,5.0288756e-05,8.798415e-06,6.879885e-06,6.5310983e-06,3.0132449e-06
8.0092315e-07,1.1747432e-07,2.0480627e-06,3.700751e-06,0.00048470646,0.00057852076,0.057008985,0.07619449,0.19180454,0.10702568,0.24411923,0.0011400557,0.0041660285,0.0005027433,5.6899074e-07,0.31331632,0.00076897943,7.6448316e-07,0.0028808087,2.136297e-09,4.3060902e-07,1.7494251e-08,4.6701172e-07
6.8945126e-05,0.0007733297,0.0047661215,0.31892145,0.13262649,0.40119612,0.07974412,0.029358592,0.011269808,0.0071653584,0.0013258468,0.0002046985,0.010760879,0.0004409255,1.1811893e-05,0.00018988039,0.00040862954,0.00061585236,0.00014913038,7.9405385e-07,7.004574e-07,3.2727806e-07,1.3016522e-07
0.0007816669,0.007887321,0.029338751,0.2610048,0.22160909,0.18900551,0.07418186,0.06463971,0.02762947,0.021276772,0.012582479,0.0037437214,0.06424081,0.0056086965,0.00034622423,0.0064116246,0.0074553057,0.0010023706,0.0011631307,6.242094e-05,1.377989e-05,1.2796915e-05,1.6706542e-06
4.1431485e-06,5.8902725e-07,9.287239e-06,2.522592e-06,7.512651e-05,0.00013260372,0.019058269,0.016681187,0.14618213,0.400218,0.27462652,0.0057666767,0.033541925,0.023073923,0.00019256299,0.04733939,0.023961928,4.1501386e-05,0.009066848,2.3416314e-08,1.786123e-06,2.6964842e-06,2.037189e-05
1.7676323e-06,7.391508e-06,0.0005267042,0.023443798,0.042903002,0.33832225,0.26530284,0.14334396,0.09308947,0.04622872,0.011437241,0.003209889,0.031397127,2.0159492e-05,1.4261586e-05,0.00019444272,0.0005350738,1.6181244e-06,2.0159703e-05,8.7467e-09,3.618519e-08,5.46324e-09,6.066049e-08
0.16866833,0.39835158,0.30470082,0.08096299,0.0200388,0.008413025,0.00477357,0.0037356378,0.0017379287,0.00062810996,0.0031496712,0.0009748126,0.0007359247,0.00057604053,0.00024802712,0.00095829664,0.0005363482,0.00036302384,0.00012883029,8.407326e-05,3.8703343e-05,0.0001599217,3.551415e-05
0.00018509357,0.0004683881,0.006988137,0.13666402,0.15846819,0.34294558,0.1474717,0.085290596,0.053323284,0.033989202,0.006430053,0.007894412,0.018242663,0.00028421305,5.216046e-05,0.0006040351,0.00017873054,1.771238e-05,0.000495279,1.1661053e-06,1.9454792e-06,2.074595e-06,1.3403038e-06
2.2412114e-06,4.4849435e-06,7.246012e-05,0.0022372,0.0022259664,0.015806569,0.02934286,0.07704983,0.21896134,0.031923376,0.39660975,0.058755293,0.0661244,0.004793231,0.023130499,0.020082831,0.050042544,0.0017876738,0.0010027008,2.756774e-06,1.1664324e-06,3.7015836e-06,3.7144433e-05
0.0014103575,0.0339359,0.22801168,0.339862,0.14348207,0.19262066,0.024060529,0.016680975,0.0075218426,0.0011900857,0.008563023,0.00047742113,0.0013229828,2.356601e-05,9.301264e-06,0.00011159373,0.0006961956,9.899624e-06,7.5330913e-06,2.2850938e-07,5.7002586e-07,7.776809e-07,8.28823e-07
5.4521493e-05,0.0006800453,0.013951248,0.077850774,0.21178399,0.6147381,0.053403307,0.009807873,0.010928062,0.00416149,0.001101489,0.0001396601,0.00090905477,1.3176522e-05,1.7961389e-05,3.796976e-05,0.0004035909,1.273771e-05,4.341635e-06,4.4627424e-08,2.6621544e-07,4.5983057e-08,1.8897136e-07
3.9164224e-08,5.639476e-08,1.3488489e-07,8.2823306e-07,4.5868146e-07,5.3237954e-06,2.7995256e-06,0.00016324366,0.0010172495,0.0002766747,0.002252115,0.0016851532,0.05613233,0.19712093,0.5750254,0.010227783,0.010034446,0.10264291,0.04249935,1.1943052e-07,1.0026844e-05,0.00074565044,0.00015706358
5.126309e-07,9.935245e-08,6.553523e-07,5.7508246e-06,3.624996e-05,0.00053866935,0.001885293,0.008192812,0.0074544647,0.016719097,0.3997792,0.08274731,0.06292944,0.060845323,0.027037086,0.0006342962,0.32596308,0.004315174,0.00091064925,6.221787e-07,2.8705628e-07,3.6315062e-06,2.6465145e-07
5.439496e-07,1.3446318e-06,8.384583e-06,7.061763e-05,0.00023171485,0.0069682635,0.011354446,0.0410093,0.1972832,0.067730874,0.20967071,0.16406938,0.037380923,0.0477034,0.043676905,0.009393616,0.15010768,0.010875706,0.0024247156,3.2729284e-07,3.6358782e-07,2.3674413e-05,1.393847e-05
0.006691775,0.0942154,0.2518898,0.31733304,0.18024164,0.07665634,0.0213215,0.019794378,0.0084199235,0.0019530716,0.014227075,0.0013754823,0.002156995,0.00017483618,8.715076e-05,0.00071320066,0.0025778825,6.9725465e-05,5.882475e-05,1.276563e-05,1.11539575e-05,1.1989661e-05,6.0626594e-06
2.767424e-07,9.913892e-07,1.96242e-05,0.0007653743,0.0072650947,0.17716509,0.4254071,0.25269148,0.07242688,0.03097021,0.0018488086,0.0193579,0.004834937,0.0011970794,3.779694e-06,0.0058465847,0.00015593976,6.040991e-07,4.20881e-05,8.016709e-09,5.609456e-08,4.6818966e-09,5.8710846e-08
3.990519e-06,2.0049896e-07,1.0710021e-06,7.989603e-06,0.0010439261,0.0015369814,0.16277416,0.28209952,0.1621316,0.04577543,0.3326431,0.004142788,0.005793392,0.0016271966,1.3464536e-05,0.00010660975,0.00011965795,9.575233e-06,0.00016914093,1.6437705e-10,5.5742962e-08,1.700829e-07,4.78165e-08
1.2353432e-07,7.586176e-08,4.2501792e-08,1.1630514e-05,7.087018e-05,0.29840478,0.0005874123,0.0191555,0.050791815,0.00016809763,0.0032538115,0.05260254,0.5435832,0.02320826,4.0625653e-07,7.096909e-06,3.765698e-06,0.0067986213,0.0013380054,3.7407838e-07,1.2637283e-05,8.781563e-07,1.6965464e-10
1.25792885e-05,7.866883e-06,4.0920862e-05,0.00016257043,0.00070943614,0.0027615328,0.0056483555,0.0126381265,0.039023705,0.03941245,0.3615468,0.21127722,0.117314056,0.10467203,0.01974653,0.0035178245,0.03346267,0.040152803,0.0077259606,3.3809006e-06,1.6873764e-06,0.00015144338,1.0056388e-05
4.2732074e-07,1.543183e-07,6.1923726e-07,4.80693e-05,0.00045836062,0.016182704,0.009156357,0.014529484,0.031179203,0.03602644,0.003913,0.00094037707,0.075550765,0.024940846,0.00087661674,0.029773507,0.094157055,0.0005738712,0.6616038,7.0450595e-05,1.5751197e-05,1.9806293e-06,9.7596505e-08
4.0371383e-06,1.6291979e-07,2.628259e-06,4.1949443e-05,0.014110215,0.006885094,0.28090122,0.20448351,0.42291525,0.040647164,0.02467837,0.0052097635,7.5482145e-05,8.94687e-06,5.8322286e-07,2.6338657e-05,7.50807e-06,3.761037e-07,1.3809988e-06,2.2479046e-11,1.7573325e-09,2.8371092e-09,1.9178334e-08
5.736608e-07,5.9523795e-06,0.00028760548,0.0047328537,0.015673993,0.4002798,0.45794764,0.057143666,0.043768257,0.013905487,0.0025347264,9.425095e-05,0.0026703519,2.8576327e-05,3.4958965e-05,0.00011029377,0.0007576333,1.5865113e-05,7.522432e-06,1.1603715e-08,4.9166808e-08,2.1136854e-09,1.3939153e-08
1.8625848e-06,7.304735e-07,1.6878637e-05,0.00019775645,0.01155246,0.04868389,0.36226788,0.07870734,0.3778817,0.073795095,0.0058528744,0.040185668,0.00028784727,1.0096636e-05,1.7542962e-06,0.0003558739,0.00019941082,2.2754875e-07,3.1289838e-07,3.522632e-10,5.6865628e-09,7.798449e-09,3.496941e-07
8.859242e-06,3.8968747e-06,4.2033265e-05,0.0005824343,0.010703778,0.045855265,0.04067039,0.02992238,0.07012927,0.2841974,0.0118986545,0.010741153,0.13647893,0.07071757,0.004200918,0.007510978,0.014533081,0.00029138592,0.2614401,5.9043054e-05,4.873478e-06,7.0587184e-06,4.9176225e-07
3.2677872e-06,3.4434343e-05,0.0009253739,0.011935425,0.02285917,0.3446017,0.41051573,0.08943063,0.072773,0.019570978,0.011359997,0.00040729748,0.0096092755,0.0001375805,7.407507e-05,0.0007273679,0.0049259537,6.630877e-05,4.1520103e-05,2.9378518e-07,4.3229733e-07,3.8633083e-08,6.767255e-08
0.0016786311,0.0365306,0.15403698,0.35306644,0.20684697,0.18946505,0.021969276,0.017665345,0.007174481,0.001701307,0.005768149,0.0004325468,0.0013559315,5.4700056e-05,1.535371e-05,0.0003052867,0.0018784954,2.6032689e-05,2.1133184e-05,2.336578e-06,2.157156e-06,1.8435406e-06,9.340898e-07
2.766893e-05,4.5569286e-06,2.7774864e-05,2.7373348e-05,0.00043991132,0.00038502735,0.007568664,0.010067477,0.20271723,0.13972576,0.17193308,0.0027533583,0.01623934,0.001729469,3.0704185e-05,0.20371075,0.1622413,0.0005227719,0.053908203,3.689141e-08,2.6226824e-06,3.1681664e-06,0.025933715
8.822015e-07,1.6104893e-07,1.3946952e-06,4.738783e-06,3.185326e-05,0.00074510934,0.0013207002,0.010066242,0.0024942146,0.014146331,0.18049142,0.06958908,0.18732089,0.3628028,0.05821071,0.011231024,0.09024731,0.008269886,0.0027929442,0.00021058548,1.1359589e-05,8.789085e-06,1.6545823e-06
0.0009912007,0.01596848,0.062099323,0.29826894,0.20240854,0.25975227,0.054146003,0.042711634,0.021388166,0.006220889,0.012029037,0.0014418792,0.0071877535,0.00044986137,2.8845545e-05,0.0018988231,0.012753231,0.00010493341,0.00012471896,1.48004865e-05,4.394967e-06,5.3292624e-06,9.894426e-07
6.314714e-06,1.7790462e-05,0.00029866546,0.011480638,0.027731743,0.16937706,0.19462262,0.120312266,0.20590472,0.13101049,0.036777895,0.04104059,0.05527394,0.00023440196,0.00017212378,0.00034020122,0.0052442206,9.979532e-05,5.093955e-05,1.4992311e-08,7.975166e-08,9.097682e-08,3.377977e-06
1.3613839e-06,1.328403e-07,1.819998e-06,3.276229e-05,0.0062399223,0.010974285,0.32900563,0.2750285,0.22846481,0.09769157,0.049792293,0.0014824269,0.000613081,0.00013526142,3.726659e-06,0.00038691965,6.107904e-05,1.0409416e-05,7.371185e-05,3.705929e-10,5.3893547e-08,2.0302263e-08,2.351837e-07
7.8808864e-07,8.8816574e-07,1.3577239e-05,0.00029580435,0.018191235,0.054359492,0.43643138,0.28881037,0.10572312,0.07638094,0.0034847145,0.0026614447,0.002580999,0.00042702456,3.6150198e-06,0.010087605,0.00017288682,2.4316405e-06,0.0003714008,6.972795e-09,2.315207e-07,7.983408e-09,1.0097023e-07
1.6968627e-07,9.8805435e-09,1.4500064e-07,7.490716e-09,2.6441e-08,4.5129373e-06,1.1943715e-05,0.00024100006,0.0023315276,0.0004921665,0.0005988832,0.0040468685,0.013193064,0.009481213,0.001569683,0.009211939,0.00075591466,3.1375743e-07,0.9570126,1.3616269e-08,0.00092077535,0.00012727077,1.8993227e-08
4.570362e-05,0.00019074812,0.009843906,0.013380231,0.053347226,0.0445759,0.12365142,0.1287465,0.065412395,0.12639205,0.36082554,0.0076244306,0.049441747,0.0004312526,0.00038652844,0.010952543,0.004430331,1.2082798e-05,0.00021283944,8.952859e-05,5.439344e-06,1.1600863e-06,4.312947e-07
0.0006911437,0.0014888161,0.02096667,0.025190646,0.13090858,0.14196083,0.109259985,0.16050445,0.070386924,0.19272687,0.026742479,0.013344833,0.05443491,0.0062359176,0.00027588793,0.037537895,0.0007972107,3.1592717e-05,0.00625904,0.00021675207,2.4278366e-05,1.2565217e-05,1.73724e-06
1.0089976e-06,1.0381994e-07,6.578433e-07,1.6369395e-05,0.0016181194,0.012078788,0.21749969,0.31451294,0.29364488,0.09300026,0.06250771,0.00086455594,0.0016219356,0.00086741435,8.172643e-06,0.0013206737,1.9939445e-05,0.00014970696,0.00026565327,9.596016e-10,2.8722496e-07,6.077245e-08,1.0717558e-06
8.848506e-06,6.141378e-05,0.0042336867,0.048006296,0.05660566,0.23578632,0.24230568,0.09951019,0.15396841,0.067425326,0.05854941,0.0028538022,0.027274966,2.8737979e-05,6.829655e-05,0.0012883774,0.0019714157,6.884543e-06,4.5264253e-05,2.7820087e-07,3.046721e-07,1.2857076e-07,3.429934e-07
0.00032416612,0.00047816784,0.007759232,0.018275863,0.07836629,0.15974271,0.1364479,0.1602289,0.092394695,0.12574641,0.030206418,0.06130647,0.09804033,0.011288273,0.00061674486,0.013293694,0.0008569705,4.85399e-05,0.0044477773,9.540169e-05,1.9948224e-05,1.3209487e-05,1.8424711e-06
3.6154356e-07,6.327732e-07,8.354658e-06,0.0001226571,0.0041360673,0.087986104,0.3395517,0.17934671,0.18007599,0.17478248,0.0050854995,0.02150988,0.0018615356,0.0002306222,2.071242e-05,0.004564855,0.0006895609,2.2713034e-06,2.3008455e-05,3.983481e-09,6.4138014e-08,1.7351972e-08,9.666941e-07
6.303651e-08,1.83879e-08,2.8775792e-08,1.6847115e-07,1.7026774e-07,0.0015897802,5.958754e-06,0.0013847235,6.947239e-05,3.336216e-05,0.0017378031,0.96483976,0.021866893,0.0001889531,2.1659458e-05,0.00013148448,6.573556e-05,4.4377457e-06,0.000112385846,0.0003074362,0.007576877,6.299148e-05,9.3891845e-09
0.009868211,0.114847824,0.27033266,0.3253294,0.16587794,0.06064974,0.015948774,0.016151462,0.0057416186,0.0014823053,0.008687997,0.0010502292,0.0015356484,0.00015584321,7.1953764e-05,0.00064288575,0.0014568185,7.162193e-05,5.0999704e-05,1.459865e-05,1.2033698e-05,1.2761945e-05,6.7142614e-06
5.8619034e-06,4.5838574e-06,2.191504e-05,0.0003467943,0.0017680892,0.017584875,0.037103977,0.054506604,0.053258054,0.053584546,0.09310932,0.55825675,0.08801819,0.022586353,0.0106390435,0.00017745826,0.008232477,0.000551112,0.0002364768,3.492731e-07,4.77997e-07,5.120245e-06,1.6114716e-06
8.309883e-06,8.629198e-05,0.0021899613,0.014867754,0.07402509,0.6684523,0.16101368,0.028011948,0.034068868,0.010748319,0.0024435255,0.00023272043,0.0024826222,4.1902298e-05,0.0001282833,0.00011703017,0.0010509352,2.2659244e-05,7.368386e-06,3.74827e-08,2.225132e-07,2.219472e-08,1.4848325e-07
2.0838292e-05,0.0002606495,0.0019068153,0.024567362,0.03681167,0.49859157,0.204379,0.036657583,0.1000105,0.0072250245,0.01292313,0.0006974704,0.0094548585,0.0002569412,3.110753e-05,0.0028478373,0.06317733,9.57866e-05,7.945874e-05,3.049467e-06,1.1414822e-06,5.1400116e-07,2.6623798e-07
9.721829e-07,7.8975216e-07,4.3083488e-05,0.0024227693,0.026767608,0.10825387,0.2629741,0.25627255,0.06810735,0.08561559,0.008189674,0.050368436,0.12336615,0.0029612407,0.00010031871,0.0020797816,0.0011804168,1.2003023e-06,0.001293485,3.0902726e-07,2.63401e-07,5.954923e-09,3.5857415e-08
3.628023e-08,4.984789e-08,1.6782537e-06,0.00010087396,0.0021315808,0.021672172,0.13460103,0.5869999,0.10236092,0.05637233,0.017728856,0.010234715,0.040194787,0.024879528,0.0015124235,0.0008418856,0.00013699167,3.1228945e-05,0.00019894428,1.5293459e-08,1.198195e-07,2.630873e-10,2.4810465e-09
3.5132136e-05,0.00051132316,0.008408053,0.030950531,0.14349525,0.695235,0.061630175,0.01474729,0.031489428,0.0077819205,0.0018862983,0.0007900965,0.0020757467,4.3583976e-05,5.808496e-05,6.2997366e-05,0.0007855488,9.862466e-06,3.0281244e-06,1.6180273e-08,1.1103408e-07,5.4910636e-08,4.1518095e-07
1.575715e-06,5.4855246e-07,4.5826914e-06,4.0431758e-05,0.0035994065,0.010585499,0.23690939,0.28201243,0.18421502,0.212112,0.052343953,0.0045842016,0.0019323434,0.00040050008,4.6504632e-05,0.01001927,0.00092246704,1.3318313e-05,0.0002536014,7.914333e-09,3.8046286e-07,7.118697e-08,2.5002182e-06
0.000607033,0.010386625,0.10237517,0.2650015,0.21798071,0.21687089,0.07073152,0.046031088,0.023691658,0.0071106274,0.023869043,0.0015126179,0.008179263,0.00017320573,9.0597e-05,0.0009800105,0.004284441,5.2430525e-05,6.1838735e-05,4.1159333e-06,3.1203174e-06,1.802534e-06,7.2891424e-07
1.2206246e-05,7.920461e-07,5.229194e-06,1.28601805e-05,0.0021851144,0.0023642147,0.12594081,0.13137628,0.37399128,0.22398704,0.09008391,0.010011766,0.011089289,0.0035579077,1.5890313e-06,0.020728154,0.00022528783,2.8142385e-05,0.0043820944,1.645475e-08,3.6430433e-06,2.3401138e-07,1.2209902e-05
0.00019487244,0.002227796,0.012089961,0.19259892,0.12212148,0.3030372,0.13445489,0.082463406,0.039573755,0.028082374,0.01082716,0.0018633904,0.050678868,0.0025100487,0.000133875,0.004510872,0.010904507,0.00090697856,0.00078569585,2.274857e-05,6.5999952e-06,3.8589505e-06,6.9447236e-07
6.919006e-08,1.4914895e-07,6.46556e-06,0.00020949975,0.009987314,0.3952735,0.27361184,0.057163607,0.13327312,0.12895408,0.00041857996,0.00013244481,0.0005182746,5.746085e-05,0.00029635857,1.9820289e-05,2.6163483e-05,4.9646816e-05,1.5834054e-06,2.7188163e-10,8.3741485e-09,1.3713375e-10,4.1973657e-08
0.00013874048,0.00025549083,0.0043197363,0.053738464,0.27518958,0.26227537,0.1228636,0.09951444,0.03806884,0.08885431,0.0028881233,0.0008480603,0.04434258,0.00050951523,2.0679692e-05,0.0010816606,7.197988e-05,6.269362e-06,0.005008779,1.9599306e-06,9.3951553e-07,7.2043116e-07,1.8155625e-07
2.5733864e-06,1.1180344e-06,7.56729e-06,8.452346e-06,5.4114906e-05,0.0005731588,0.0022359048,0.012910089,0.030077469,0.029376732,0.015887538,0.0039293705,0.095407344,0.10767759,0.0967325,0.15745507,0.009240201,0.0003345824,0.43715107,1.1219533e-06,0.0007377677,3.8970666e-05,0.00015974179
9.624122e-07,2.8027938e-07,1.0743637e-05,0.000986821,0.00385251,0.026108151,0.12932129,0.16937597,0.1419209,0.056422032,0.0918777,0.29691905,0.069257624,0.0050501055,0.0012126906,0.0018968595,0.0041006566,0.00016231555,0.0015203501,9.4925724e-08,4.1648192e-07,2.4392897e-08,2.4419082e-06
2.608625e-07,3.49442e-07,2.5841455e-06,6.304676e-05,0.0004865325,0.019331044,0.058954474,0.15582186,0.14644358,0.1441529,0.04166437,0.37810332,0.012525439,0.005329018,0.021330006,0.00045144974,0.015129868,0.00015717401,5.089688e-05,1.944803e-08,8.06273e-08,2.4795764e-07,1.449067e-06
6.670454e-06,3.2158714e-06,1.6339394e-05,4.9742626e-05,0.00036271405,0.0016266896,0.0032515055,0.010868183,0.012241445,0.039865676,0.36870313,0.084417716,0.109401315,0.2580701,0.011330494,0.033274792,0.040242646,0.0131733585,0.01231694,0.0006818686,3.0224826e-05,6.3765074e-05,1.4357463e-06
0.0052421247,0.010116969,0.05600825,0.09420243,0.1860789,0.16254906,0.1287243,0.18664627,0.0391955,0.03726714,0.019493934,0.026844386,0.038867813,0.0027137247,0.00031347308,0.0038832412,0.00031747704,5.9767477e-05,0.0013620729,5.12443e-05,2.4915456e-05,2.8201292e-05,8.76726e-06
5.5910107e-08,4.0145093e-07,4.4539414e-05,0.0012429578,0.03284317,0.5144503,0.33083013,0.033633024,0.032669995,0.053740602,0.00020758115,2.0648416e-05,0.0002843349,5.757211e-06,7.3464494e-06,3.163045e-06,1.2596522e-05,2.4619283e-06,8.440979e-07,5.5181654e-11,1.5420574e-09,1.4843784e-11,1.4238868e-09
3.379957e-08,3.5815198e-08,1.15941035e-07,2.5368567e-07,8.2017635e-08,6.7018063e-06,3.902e-06,0.00044068202,0.00020031679,6.0428938e-05,0.02011286,0.0051536947,0.024893504,0.025347482,0.03148282,0.8730429,0.0058500962,0.0041636485,0.00717307,0.00020774596,0.00031911623,0.0015397929,7.247345e-07
5.741457e-07,7.170384e-07,2.807264e-05,0.0010569985,0.030261502,0.29934058,0.37259153,0.10429978,0.06995507,0.11680799,0.002295567,0.0015457936,0.001680845,1.9584884e-06,4.592653e-07,2.9980738e-05,9.6466625e-05,6.8505034e-07,5.386252e-06,5.215597e-10,3.4364493e-09,1.3513556e-09,9.208539e-08
2.2992287e-08,3.0910957e-08,4.0643798e-07,5.857322e-06,2.112977e-05,7.6982215e-05,0.00038065485,0.0024623,0.013023893,0.015667472,0.22836527,0.021952808,0.06268123,0.42836276,0.10964108,0.0011329805,0.005670429,0.093251936,0.017296802,2.804969e-07,8.7585386e-07,4.568914e-06,2.3081627e-07
2.3011225e-06,3.6145336e-06,2.6942815e-05,0.0007689393,0.0015339268,0.045186095,0.15242049,0.13932599,0.12357192,0.040844288,0.023974942,0.2911358,0.08532424,0.09025456,0.00035252117,0.0025336514,0.0024373732,4.2344334e-05,0.0002581771,1.7560973e-07,5.2749454e-07,4.5857504e-07,7.200788e-07
1.3739566e-07,5.394672e-08,2.3942232e-06,6.2774496e-05,0.0032348263,0.027389312,0.2552567,0.2372612,0.16719332,0.22579204,0.03896344,0.02130024,0.016642394,0.0013478821,1.4054243e-06,0.0017670235,0.00030220047,2.8923585e-06,0.003478333,1.01421485e-08,1.2764039e-06,9.29384e-11,5.7028345e-08
7.3801734e-09,9.735496e-09,2.4155265e-06,0.0010871618,0.10218026,0.35280895,0.42251,0.08356118,0.03249706,0.0053056017,3.953176e-05,4.101675e-06,2.1150815e-06,1.2428392e-09,2.0480069e-11,1.5111208e-06,3.666402e-08,1.1579764e-09,3.1757615e-08,8.541423e-15,9.443166e-13,1.0638414e-13,6.5572326e-12
1.577012e-05,9.4245275e-05,0.0003041625,0.022783918,0.011776126,0.10932738,0.11270519,0.12057975,0.061807446,0.081493095,0.010834779,0.0055959336,0.3136715,0.075694166,0.00024149832,0.02419809,0.017486988,0.019817894,0.011170801,0.00037659676,1.9046485e-05,5.2077844e-06,3.5631976e-07
6.0786933e-06,2.233721e-07,2.6801877e-06,4.6201812e-06,0.0007561591,0.00057733903,0.17920823,0.10005299,0.14223401,0.12352157,0.43932074,0.0071476586,0.0030276766,0.0032608209,1.1696524e-05,0.00056118827,0.00012541116,7.1747913e-06,0.00017310874,4.830193e-10,1.09172056e-07,2.2546091e-07,2.706181e-07
0.00019243074,0.00045444825,0.021369167,0.018861683,0.102674,0.05778114,0.16614914,0.17817323,0.0583084,0.088081144,0.21678852,0.012052372,0.068160474,0.0008339461,0.0008330927,0.006740011,0.0021516215,2.6570347e-05,0.00030200448,5.6114517e-05,7.331828e-06,2.1614594e-06,1.0200065e-06
7.065405e-07,9.0572655e-07,5.9165613e-05,0.0023574827,0.03237499,0.21105692,0.21131472,0.25990665,0.05461354,0.11202363,0.0037518507,0.0068554226,0.10363659,0.000594388,7.0361624e-05,0.0003204658,0.0006202595,1.6920923e-06,0.00044008324,6.801979e-08,5.9360513e-08,3.9826826e-09,2.5076881e-08
5.574302e-06,1.2274847e-06,4.126425e-06,8.2724755e-06,8.486078e-05,0.0013935363,0.017647095,0.055156473,0.079630926,0.11691663,0.20731251,0.08036004,0.11038627,0.043235954,0.056296147,0.0012051486,0.22750169,0.0008413032,0.0019721845,6.442616e-08,1.7366563e-06,3.5814188e-05,2.3951072e-06
3.822161e-06,1.7524922e-05,0.00018301986,0.0031167532,0.0050233915,0.080879964,0.16183361,0.28049067,0.14263229,0.09680225,0.04592198,0.005832071,0.11344229,0.011592911,0.002657176,0.025963878,0.019793106,0.0025769947,0.0011671039,5.4733304e-05,1.3286323e-05,8.3737666e-07,3.5284762e-07
0.00079555134,0.014792428,0.1580715,0.35315746,0.20641088,0.14415468,0.047047723,0.029618725,0.014377276,0.0030654042,0.02161342,0.0010469742,0.0040219976,5.9568072e-05,4.747338e-05,0.00036364738,0.0013098661,1.952012e-05,2.104524e-05,1.2935134e-06,1.9259953e-06,9.773025e-07,6.608567e-07
2.8135973e-06,1.3131835e-06,1.8881776e-05,0.0005458875,0.035061087,0.05044481,0.4762967,0.31713137,0.082326636,0.028468274,0.0037418234,0.0037879385,0.0013239343,9.057989e-05,6.644286e-07,0.00062299665,5.5315275e-05,1.1609025e-06,7.758327e-05,1.674109e-09,5.6429702e-08,9.568766e-09,3.4795878e-08
1.3045188e-06,4.5305565e-06,0.00050238776,0.026427222,0.06666191,0.2802412,0.3702551,0.15626635,0.048082404,0.024357665,0.002929072,0.0016543261,0.022384744,1.0329357e-05,7.1438666e-07,0.00013747957,6.844776e-05,1.642154e-07,1.4601472e-05,1.9886708e-09,1.1430093e-08,6.0371724e-10,6.899907e-09
4.5198226e-06,7.1488917e-06,8.779649e-05,0.0041497634,0.020613788,0.20383982,0.2755283,0.2617787,0.05464856,0.024382854,0.0019069448,0.13160355,0.017927818,0.0029811892,3.1219417e-05,0.0002646685,0.00013474221,2.9027258e-06,0.00010533238,5.6147407e-08,1.7737992e-07,5.2383275e-08,4.6170225e-08
0.00868098,0.09618678,0.24298425,0.3027687,0.17529348,0.08834781,0.021163326,0.025248356,0.009361638,0.0021723462,0.015321564,0.0017638324,0.0022455228,0.000352821,7.361985e-05,0.0017730502,0.0060080783,8.724757e-05,8.6836844e-05,3.51323e-05,1.4939645e-05,2.2493785e-05,7.2556454e-06
1.5185768e-10,3.690057e-11,7.474387e-09,3.5924064e-08,2.7546788e-05,5.732632e-05,0.035663277,0.06453611,0.17516187,0.008342538,0.003229019,3.5758835e-06,1.6366212e-05,1.1581267e-07,3.9820432e-14,0.7129609,4.0761745e-07,3.6537973e-12,9.1804327e-07,4.0763932e-16,1.7477626e-12,4.02072e-15,9.799124e-13
3.168957e-06,3.153473e-06,3.446045e-05,0.0017260676,0.026019512,0.17621931,0.29407582,0.28225234,0.09119071,0.05030864,0.004757013,0.06583213,0.005896449,0.00051651424,0.00017005354,0.000161765,0.0006962191,1.1358606e-05,0.00012467643,1.7719753e-08,1.2832685e-07,1.10980544e-07,3.8544613e-07
0.00020996646,0.0010406962,0.024563389,0.2759578,0.17401154,0.3006029,0.09270765,0.08574485,0.022906868,0.011605053,0.002937006,0.0014842186,0.005787515,2.090305e-05,3.3827696e-06,0.00031990572,1.8782493e-05,2.0968207e-06,7.444123e-05,1.7147528e-07,3.6761463e-07,2.8934042e-07,2.2559311e-07
1.7737643e-06,1.33156855e-05,0.0035689382,0.07901373,0.11835477,0.20431334,0.3910184,0.10084901,0.042116363,0.032286055,0.00616258,0.0005342182,0.021632535,2.7503586e-06,8.333152e-07,9.152125e-05,3.2195105e-05,7.071199e-08,7.537251e-06,4.284972e-09,9.250624e-09,6.3449984e-10,2.3860016e-09
0.0043639797,0.061528485,0.18634458,0.33465555,0.20756604,0.12495469,0.023396634,0.02447319,0.010238408,0.0025678636,0.010217534,0.0012089781,0.0029346012,0.00024882593,5.2119358e-05,0.0012499959,0.00381927,7.2563176e-05,6.7890425e-05,1.6179534e-05,8.909321e-06,1.0153361e-05,3.5652256e-06
1.9829372e-07,2.456019e-07,2.7442559e-06,0.00013556967,0.0016915523,0.015074237,0.16240239,0.29324847,0.086573705,0.06000421,0.060670484,0.06440303,0.050786722,0.18354152,0.0004961856,0.016497042,0.0009101093,1.8636112e-05,0.0035387834,1.6994186e-07,3.835659e-06,1.262014e-08,8.3179245e-08
3.651785e-06,2.254716e-06,7.5747603e-06,0.00010066544,0.0009410316,0.0104789715,0.060675576,0.08456562,0.106289536,0.112525076,0.03543728,0.5602791,0.015895948,0.0019044845,0.0033634251,0.00012514068,0.0073412135,4.7553433e-05,8.324556e-06,1.5660362e-08,1.4665443e-07,1.8075353e-06,5.589072e-06
2.2508116e-06,1.850873e-05,0.0015730881,0.010085625,0.013973702,0.01318009,0.065730035,0.056116287,0.06917215,0.0139834555,0.7354121,0.005699495,0.013193383,7.990995e-05,0.0001311694,0.00053380505,0.0010864245,5.289097e-06,2.2730632e-05,2.5628515e-07,1.2021344e-07,6.600095e-08,4.405988e-08
2.8772706e-06,2.0247593e-07,1.4645741e-06,2.5864176e-06,5.170276e-05,0.00016725787,0.0018625067,0.0025822122,0.017550481,0.105305485,0.015095651,0.0015957636,0.02639281,0.009608563,1.6731632e-05,0.12720443,0.006378235,7.82459e-06,0.6859571,3.0426847e-07,0.00020587415,1.303175e-07,9.815545e-06
8.711163e-08,2.7074096e-09,2.618854e-07,2.3164506e-07,0.00039717034,4.3549506e-05,0.08652182,0.019183068,0.67318034,0.18232588,0.03508611,0.0009635696,3.9040766e-05,1.1659587e-06,1.939923e-10,0.0019832484,0.00027408017,4.0001398e-09,4.1017233e-07,2.776713e-14,8.5191194e-12,1.8194394e-11,1.0764347e-08
2.581819e-05,9.833092e-05,0.00987058,0.022181045,0.08477024,0.06734869,0.2079691,0.15045865,0.07865029,0.08435521,0.22423063,0.008449824,0.05692306,0.0001988955,0.00019991843,0.0029547424,0.0012035131,4.830504e-06,9.913395e-05,5.865907e-06,1.2013438e-06,2.3758552e-07,1.2468902e-07
0.0002019112,0.0005686147,0.023458889,0.015831485,0.10394088,0.06201528,0.15722017,0.18076141,0.046658203,0.16976607,0.1483135,0.006353423,0.06581501,0.00090419676,0.00053440616,0.0139403995,0.0028815786,2.327479e-05,0.0005506572,0.00023845708,1.745206e-05,3.1625577e-06,1.540596e-06
0.008314145,0.10585278,0.27343494,0.32925507,0.16423269,0.075035684,0.012859706,0.014942119,0.0047541587,0.0012695959,0.00619652,0.00065754616,0.0009242543,0.000101655125,3.232712e-05,0.0005198132,0.0015066174,4.6640456e-05,3.426853e-05,9.552197e-06,6.710633e-06,8.633914e-06,4.525424e-06
5.2248896e-07,8.045799e-08,5.1785713e-07,3.2680641e-06,4.2848304e-05,0.00097383856,0.0026309683,0.0137217,0.010177782,0.028769419,0.20258278,0.07490229,0.09039382,0.10936175,0.032753844,0.0011565485,0.4280289,0.0014200347,0.003074573,1.1249333e-06,8.894899e-07,2.3435857e-06,1.02790914e-07
2.3860972e-07,6.433084e-08,9.669114e-07,5.8864084e-06,6.734281e-05,0.003762774,0.006119937,0.032925554,0.006938032,0.07249923,0.08939354,0.032167066,0.418538,0.14428633,0.04305974,0.021190278,0.11943534,0.0009322605,0.007074555,0.0015909272,9.738497e-06,1.652865e-06,4.9255465e-07
4.624703e-06,2.497473e-06,7.466227e-05,0.0011274802,0.008411158,0.058596656,0.08747146,0.23612635,0.06414181,0.11280607,0.07464504,0.060127977,0.25479668,0.016476357,0.015845168,0.0018992337,0.00600565,0.0002683031,0.0011668801,3.93269e-06,8.338103e-07,4.4321612e-07,6.669395e-07
0.00051649613,0.009893191,0.08400075,0.21007323,0.20738056,0.33250484,0.06944256,0.035182685,0.020277472,0.0052282577,0.013566326,0.0008397171,0.005060133,0.000109006876,4.662342e-05,0.00063122855,0.005150567,4.5880937e-05,4.3847966e-05,2.394996e-06,2.2341387e-06,1.3487177e-06,6.030624e-07
2.5798313e-06,3.1849281e-06,5.2001647e-05,0.000574982,0.022433067,0.090148985,0.23707305,0.05832547,0.15276429,0.41638637,0.008526569,0.0067196544,0.003230516,1.882217e-05,1.5635102e-06,0.0004958007,0.0032112235,5.7190496e-06,2.2773436e-05,3.3580647e-09,2.9487953e-08,1.8253175e-08,3.3230135e-06
1.7643379e-05,0.00011177593,0.00036066488,0.004679437,0.0032377974,0.05865612,0.04129441,0.047586706,0.13234635,0.017476596,0.13563357,0.06578142,0.11220912,0.048186336,0.00023161482,0.094857186,0.22889964,0.0043159514,0.0013515122,0.0026713638,6.9415466e-05,2.4402283e-05,8.706923e-07
2.1717477e-07,5.6010755e-08,5.531734e-07,2.149645e-06,1.3414861e-05,0.0011367062,0.0013336145,0.017473476,0.0030351232,0.02094404,0.2147581,0.06149609,0.24965507,0.15094027,0.06564699,0.02690508,0.17719866,0.0025050216,0.0033722273,0.003531172,4.741462e-05,3.776391e-06,7.3002246e-07
1.2161603e-06,2.6287466e-07,2.0740288e-06,2.5479445e-05,0.00027720444,0.03727116,0.02799815,0.32689685,0.04790395,0.0619034,0.09332257,0.23696975,0.10302666,0.01379924,0.0159926,0.01298486,0.011121447,0.009329746,0.0010924764,1.518745e-05,5.450639e-06,3.221553e-06,5.7078243e-05
2.895115e-07,3.3260424e-06,0.00037629524,0.0103970505,0.17233483,0.713751,0.08444278,0.0043798625,0.006690695,0.00752249,4.7798432e-05,4.5731686e-06,4.4761207e-05,2.749727e-07,1.8082542e-07,3.608813e-07,2.939749e-06,3.4892858e-07,9.083129e-08,1.3814157e-11,3.4453876e-10,1.3134704e-11,5.0394594e-10
0.54938394,0.277627,0.1436303,0.008381251,0.0018477885,0.0026715733,0.0040182993,0.005252517,0.0013540832,0.00056134316,0.0017321439,0.0009953091,0.0008833437,0.0003961355,0.00016186714,0.000481995,8.4743544e-05,0.00019193,0.00014673853,1.2119849e-05,1.3717619e-05,0.00014801683,2.3916515e-05
3.91855e-06,2.166095e-05,0.0006646484,0.015642561,0.034160692,0.209647,0.285797,0.16494116,0.102822475,0.05860007,0.021723364,0.06098447,0.034382783,0.004972224,0.00018037242,0.0040682396,0.0005523184,5.5703817e-06,0.000826271,1.4426049e-06,1.3172549e-06,2.1604069e-07,1.5686733e-07
2.2455683e-07,2.0267798e-07,1.9363973e-05,0.00096442085,0.03468486,0.16378981,0.16975598,0.14321324,0.041679207,0.3092154,0.00059574976,0.001192762,0.1263527,0.0007840095,8.700553e-06,0.00059327745,0.00026957708,1.9865246e-07,0.006880094,1.6861988e-07,8.071096e-08,7.0833667e-10,2.4537439e-09
1.1723302e-07,1.8380053e-08,6.128961e-07,5.6735457e-06,3.9517807e-05,0.0008462787,0.0019496336,0.01691526,0.005219828,0.034155592,0.18156007,0.2510262,0.15051098,0.15965763,0.17173396,0.0024516184,0.019904127,0.0018281539,0.0021106577,8.005329e-05,3.193583e-06,3.783491e-07,3.7963076e-07
1.8746612e-06,1.5378321e-06,6.5489235e-06,4.816102e-06,2.0035137e-05,0.00013813518,0.00016758799,0.0035813774,0.021687722,0.0027057072,0.011056525,0.004802631,0.016971083,0.12398796,0.025402755,0.43007895,0.0051079295,0.05341577,0.2929467,1.6945395e-06,5.316175e-06,0.007886976,2.0401616e-05
5.43969e-06,9.956286e-07,1.6369406e-05,0.00020189854,0.0042550657,0.020959912,0.14006317,0.18929343,0.16312008,0.16265959,0.05094064,0.101868056,0.05552719,0.011387089,3.7492286e-05,0.055205636,0.0035201772,7.327016e-05,0.04083808,6.011797e-07,1.5540958e-05,4.242814e-08,1.0183926e-05
1.0351989e-07,6.368625e-08,5.890884e-07,2.9194564e-06,0.00020584691,0.0007599471,0.024292137,0.02471281,0.042110436,0.016838005,0.0067900177,0.00024124447,0.0032188608,0.0008447284,4.428416e-07,0.87794775,0.00019608042,2.2195474e-07,0.0018369906,6.649709e-09,7.291621e-07,1.7173966e-09,4.016933e-08
3.5551835e-08,7.2861134e-08,7.3823674e-07,2.0694875e-05,3.2483764e-05,0.0057388954,0.0067345425,0.062046017,0.06147404,0.034898628,0.010853407,0.0031634641,0.022128252,0.009291799,0.7683333,0.010937338,0.0009888238,0.003315746,4.04454e-05,4.6922693e-08,1.6975396e-07,1.0116288e-07,9.078198e-07
8.0135e-06,4.3557313e-07,7.0216465e-06,5.256072e-06,0.00088976655,0.0005588885,0.038361363,0.019339623,0.2925422,0.38924855,0.06980609,0.0023917125,0.009167283,0.004299644,7.230578e-07,0.14369333,0.0018916323,1.8791261e-05,0.027725704,8.570382e-09,4.2189004e-06,7.724393e-08,3.972673e-05
1.0110726e-06,1.2406188e-06,6.2445564e-05,0.0072082123,0.1336853,0.3397102,0.3356289,0.15518634,0.020286696,0.007350026,0.00025616688,0.00031441404,0.00029766874,1.4846634e-06,1.1375653e-07,3.951016e-06,1.1258279e-06,1.8428338e-07,4.5328825e-06,5.5922208e-11,9.1315666e-10,2.772399e-10,1.2066204e-09
1.2925341e-07,2.6794649e-09,2.3109295e-07,1.3229137e-06,0.0005683613,0.00014245584,0.3114026,0.23552349,0.40721598,0.019451734,0.017651496,0.007988488,5.732441e-06,2.4522736e-08,1.2501317e-11,4.5731107e-05,2.181224e-06,9.779474e-12,1.5743712e-09,2.7228658e-16,6.632001e-14,2.670979e-13,1.0165781e-12
0.0011218447,0.03155106,0.23456353,0.36995292,0.17653583,0.14303508,0.016320357,0.014125708,0.0049036467,0.001150521,0.005056093,0.00022887553,0.00069345534,1.2643726e-05,6.829977e-06,0.0001349081,0.0005889499,8.478128e-06,6.9683065e-06,4.6327534e-07,8.117627e-07,4.9245006e-07,4.2185002e-07
1.5455475e-05,1.10367155e-05,7.218812e-05,0.0008067895,0.008305572,0.031985216,0.051268563,0.08496846,0.24105982,0.26869518,0.112555034,0.111951545,0.023201782,0.00053856237,0.0011069109,0.0034388665,0.054426983,0.0036589948,0.00046912715,1.156896e-07,5.915367e-07,3.1208488e-06,0.0014600366
1.01202986e-07,2.959592e-07,9.862838e-06,0.00039540092,0.0036545563,0.028302262,0.107153155,0.3568228,0.18789597,0.052550536,0.16333188,0.01964958,0.046725195,0.027772786,0.003385443,0.00090574275,0.0010200023,0.0002031072,0.00022091213,5.5337267e-08,4.427917e-07,4.1827386e-09,1.890588e-08
1.947941e-07,4.792307e-07,3.6326082e-06,8.540434e-05,0.00021548063,0.029111832,0.040980108,0.2627328,0.08587105,0.13575198,0.023692854,0.006493442,0.15625004,0.073729485,0.13530083,0.030691689,0.0015116446,0.016923307,0.0006435742,4.8179395e-06,4.681242e-06,2.3301776e-07,4.2643663e-07
1.4399282e-07,4.992266e-07,6.560805e-06,0.00014844263,0.0018690779,0.22419976,0.20269041,0.12671569,0.15116681,0.15538722,0.0045263562,0.12740275,0.002812315,0.00036799922,0.00018779043,0.00037210085,0.0021354274,5.544408e-06,4.0812597e-06,1.8244629e-09,1.322755e-08,2.2052866e-08,9.1733506e-07
4.3205364e-07,5.522331e-07,6.4375316e-05,0.006567209,0.0293707,0.09100028,0.48466003,0.21535474,0.07107191,0.024198117,0.007533544,0.025981583,0.043363348,0.0002604524,6.227013e-06,0.00036747576,0.00013775362,1.6314328e-07,6.1075756e-05,7.1450295e-09,1.7645036e-08,3.998284e-10,2.4603943e-09
6.1347905e-06,9.894924e-07,5.9558834e-06,2.2248327e-05,0.0001316629,0.0006324769,0.0012243837,0.0051254258,0.01731427,0.072256975,0.04176659,0.036748778,0.06937402,0.062920414,0.014220805,0.016404483,0.035137776,0.0016157449,0.62356836,4.6627338e-06,0.0006333606,1.0696031e-05,0.0008737605
1.5957508e-05,0.00024618825,0.006406935,0.077208176,0.13420999,0.5788057,0.1427179,0.028844,0.015104766,0.011036799,0.0016432698,0.00012044768,0.0032032446,3.1310487e-05,2.3451075e-05,5.043187e-05,0.0002849177,3.4521676e-05,1.1764399e-05,4.5241272e-08,1.5522181e-07,1.7911187e-08,4.6652637e-08
1.3076398e-05,9.0767935e-05,0.0012518946,0.090477906,0.25394437,0.5785855,0.05604125,0.010746495,0.0053196675,0.0027227385,0.00020945635,2.268783e-05,0.00046504018,1.3753767e-05,1.2145721e-06,2.2994977e-06,5.2846526e-06,8.3753344e-05,2.8453753e-06,3.1848535e-09,2.0580154e-08,4.3148556e-09,1.2272084e-08
3.7721948e-05,0.00051764207,0.010479439,0.10212364,0.2141934,0.585307,0.061624575,0.010327982,0.008738402,0.0044140643,0.0008430643,9.385712e-05,0.001037791,1.4416191e-05,1.0891754e-05,2.2829629e-05,0.00018872418,1.9603212e-05,4.715772e-06,3.179766e-08,1.6391252e-07,2.5960219e-08,7.8873235e-08
2.4240993e-05,9.205413e-05,0.002727704,0.05894831,0.10123052,0.32873726,0.20530316,0.104566224,0.06438281,0.07294308,0.0038474535,0.0109376395,0.04320111,0.0007510688,3.9993793e-05,0.0012110453,0.00012467471,3.1642476e-06,0.00092621235,1.0312218e-06,7.79847e-07,3.40975e-07,1.385425e-07
2.9021757e-07,1.6878471e-06,6.009275e-05,0.0017959931,0.010888964,0.1952793,0.3255144,0.28347757,0.08382687,0.07972579,0.0033123353,0.00051714707,0.013332336,0.00050186174,0.0010096327,0.00031261065,0.0002634589,0.00012899193,5.0427232e-05,3.7194283e-08,1.5791531e-07,1.5179022e-09,2.5002278e-08
0.00044629278,0.0011724086,0.014948987,0.101712406,0.27463347,0.24261951,0.10547745,0.09140678,0.041973256,0.08163737,0.0062045753,0.0011640062,0.030842904,0.0005137293,4.0393723e-05,0.0021147758,0.000114204755,1.965009e-05,0.002944617,5.9975355e-06,2.9047942e-06,3.4321076e-06,9.355019e-07
1.2193216e-07,2.4334483e-08,1.7098359e-06,0.00028467918,0.0006876788,0.0056937523,0.027589884,0.07934189,0.03728512,0.02274052,0.1650781,0.5900505,0.050804116,0.0065846583,0.00631399,0.0014679178,0.0050147255,2.4540095e-05,0.0010348693,3.76525e-07,4.6310538e-07,7.466294e-09,3.4420782e-07
2.055358e-06,7.3767114e-06,5.8865608e-05,0.0037140097,0.0043895175,0.3843852,0.31859556,0.085513115,0.11979253,0.017205384,0.0077059125,0.0012524722,0.035376903,0.0030027027,0.00037734793,0.00897584,0.004297467,0.00517686,0.00016407871,3.1922236e-06,2.499519e-06,4.2933144e-07,6.610729e-07
0.00010776073,0.0015561709,0.033718295,0.1383668,0.23975725,0.35347727,0.12184915,0.044174917,0.031144276,0.0066714487,0.020051105,0.0011679425,0.006322258,6.995827e-05,0.0001283325,0.00022296092,0.0011797624,1.7033159e-05,1.6150943e-05,1.8354953e-07,5.9455755e-07,1.7308354e-07,2.8865216e-07
0.00568784,0.067490906,0.22293562,0.27428833,0.19652067,0.08395942,0.03496032,0.03968411,0.014929381,0.004464675,0.0348934,0.003659016,0.005735228,0.0005989347,0.00018012608,0.0027523292,0.0068942006,0.000117115414,0.0001479915,4.791078e-05,2.3285827e-05,2.1956355e-05,7.2863977e-06
1.5341662e-05,1.2639966e-05,0.00013638027,0.0018204799,0.005147073,0.02400046,0.042686976,0.06078096,0.051298786,0.047327675,0.19899072,0.33321512,0.16363727,0.054689452,0.009838046,0.0014485258,0.0024009156,0.0006452841,0.0018892932,7.024929e-06,2.4740004e-06,7.926926e-06,1.1375688e-06
3.2077203e-06,2.7143295e-05,0.00047585726,0.033847418,0.12867197,0.731543,0.08203968,0.010258404,0.0065967306,0.005661601,0.00019297683,2.4902933e-05,0.00054673664,1.6684777e-05,3.001523e-06,2.6112475e-06,9.37077e-06,7.658152e-05,2.1245535e-06,2.0777393e-09,1.7727777e-08,1.7408207e-09,9.375797e-09
0.11032017,0.335375,0.31722388,0.14608175,0.043087814,0.01598134,0.007878337,0.0066879657,0.00282319,0.0010636009,0.0052893893,0.0017565247,0.0013637145,0.0009097074,0.0002910543,0.0017992714,0.0010195035,0.00043575163,0.0001752712,0.00014823329,6.389951e-05,0.00017956713,4.5135323e-05
1.6566819e-08,9.1285495e-09,1.3599691e-07,2.1887449e-07,3.189544e-07,8.408136e-06,1.9792287e-05,0.00036415114,0.0007357788,0.0012408965,0.0034689454,0.0060991696,0.044665787,0.20348866,0.48145488,0.01792066,0.010980059,0.0027438372,0.22658475,1.6507709e-08,2.6547692e-05,0.00019640518,6.162665e-07
1.5355678e-05,3.074538e-06,3.404133e-05,0.00023327656,0.004679752,0.016839938,0.13209096,0.16142057,0.17700209,0.1789956,0.040080182,0.058681384,0.049066626,0.008356431,3.7125374e-05,0.12716067,0.0065272134,0.00011099974,0.038605332,8.1232764e-07,1.7775445e-05,1.972765e-07,4.0592397e-05
2.5315073e-06,8.549488e-06,0.00066053064,0.018137392,0.043837372,0.22070634,0.27780765,0.16759273,0.109810896,0.064477935,0.021976821,0.0045115557,0.0685728,9.343312e-05,9.443729e-05,0.00061349577,0.0010038532,5.7253606e-06,8.5581385e-05,8.667391e-08,1.452185e-07,2.2677593e-08,1.1528325e-07
6.5750804e-08,1.1810863e-08,8.0522284e-07,0.00010870391,0.00022594517,0.0019997607,0.014804146,0.05217258,0.062008042,0.023661617,0.30297455,0.41731694,0.051257823,0.016858201,0.05361661,0.00013501558,0.0013684019,0.0009837729,0.00050668354,2.9449978e-08,7.2902196e-08,1.28637305e-08,2.1626424e-07
9.838534e-07,1.7932225e-05,0.00057249615,0.014299552,0.012295246,0.5175237,0.20815927,0.12706749,0.05937173,0.017937388,0.008304337,0.023446154,0.0086137345,0.0009811643,2.354783e-05,0.0008875682,0.00045512713,1.202972e-06,4.106485e-05,3.5793516e-08,7.652644e-08,4.6399652e-08,1.1015289e-07
0.05781769,0.25644276,0.33501667,0.21423541,0.0723461,0.025676051,0.009790251,0.009867968,0.0036141123,0.0012549222,0.006282458,0.0017414812,0.0014205683,0.00062842376,0.00018074525,0.0016769887,0.0013403478,0.00026977275,0.0001239444,0.000103322476,4.7325186e-05,9.340071e-05,2.9304168e-05
2.938175e-07,2.2390174e-09,2.51355e-07,1.012709e-07,3.8209523e-06,2.4230749e-06,0.014035818,0.020837855,0.4605678,0.12199993,0.30970567,0.069431104,8.417463e-05,6.9680874e-07,1.7454466e-08,0.00047251862,0.0028574648,1.2001153e-10,1.11492735e-08,1.0889535e-14,3.8792488e-13,6.853589e-11,9.994883e-10
0.063978076,0.25690955,0.38420925,0.18083364,0.060068633,0.023421764,0.00785005,0.007584721,0.0028993753,0.00086672517,0.0058319014,0.0012241636,0.0008935999,0.00037542806,0.000147221,0.0010231587,0.001335357,0.00022545313,9.641137e-05,6.906499e-05,3.5196346e-05,8.89023e-05,3.2435404e-05
0.091030695,0.119676135,0.36337593,0.0829445,0.043324742,0.05347319,0.04963003,0.101395406,0.01987442,0.009948902,0.026361516,0.015071225,0.009506522,0.0022920135,0.0004385661,0.009006119,0.0007907832,0.00027598426,0.0009965634,0.000250655,0.00010820564,0.00018458819,4.3322332e-05
8.015637e-07,1.422048e-06,5.4940356e-05,0.0016752227,0.020913118,0.10804726,0.3013879,0.062855706,0.14970478,0.33459273,0.011460194,0.0033852356,0.0036857359,1.0200686e-05,5.4561065e-07,0.00059226697,0.001602086,2.2113845e-06,2.6505795e-05,9.334395e-10,1.4667913e-08,2.0763842e-09,1.1074371e-06
1.3032957e-06,6.3276804e-07,3.379398e-05,0.0014534318,0.008397699,0.05379273,0.1370598,0.26325053,0.07986179,0.08703928,0.05146976,0.11077551,0.18927541,0.008584678,0.0043628057,0.0011404417,0.0026389123,3.2187203e-05,0.0008281535,6.8713973e-07,3.3555332e-07,4.3888765e-08,1.3781039e-07
0.0031169243,0.04029156,0.15000191,0.36332864,0.2997194,0.11721241,0.011769468,0.007857044,0.002747239,0.0008216636,0.0016866479,0.00022482601,0.00082171184,4.2067863e-05,1.2829033e-05,7.635348e-05,0.00021545762,3.589806e-05,1.28918755e-05,1.3362677e-06,1.8962677e-06,9.610833e-07,8.08373e-07
0.0011370219,0.026741106,0.1489881,0.2699481,0.2082655,0.22319227,0.04337358,0.0315971,0.015824182,0.00342103,0.016520884,0.0008535296,0.0026235685,9.838574e-05,2.4372242e-05,0.00074053503,0.006575378,2.801469e-05,3.788552e-05,3.8687135e-06,2.5034576e-06,2.259956e-06,8.3240695e-07
6.1315966e-08,1.5607907e-07,3.0281299e-06,0.00010717387,0.00071970705,0.11744913,0.21207815,0.2754664,0.20375964,0.114248835,0.0098090675,0.0015131318,0.040385753,0.009243491,0.010719274,0.0022641406,0.00037014397,0.0017259293,0.00013596514,7.562174e-08,6.8092226e-07,5.942831e-09,1.1339681e-07
0.00072423334,0.021304198,0.16437033,0.27217716,0.20611636,0.23859634,0.036251556,0.020335307,0.013535571,0.0017611077,0.01963994,0.0005227759,0.001410796,3.318971e-05,1.6403606e-05,0.00017979303,0.0029972326,1.048424e-05,1.441513e-05,4.698988e-07,9.207949e-07,7.94595e-07,6.567308e-07
1.6499373e-08,2.88949e-08,4.8400793e-06,0.00031833872,0.038648423,0.21563773,0.5514574,0.022440905,0.037619326,0.13364501,0.00018185907,2.8795637e-05,1.5444388e-05,4.571044e-09,3.5531536e-10,5.0919283e-07,1.3258921e-06,4.062129e-09,2.900495e-08,1.1948685e-13,3.193223e-12,8.402465e-13,1.5433746e-10
8.5074944e-08,2.870621e-08,1.1288192e-06,6.323455e-05,0.031448275,0.08956429,0.5222419,0.14549702,0.08220215,0.12818927,0.00064101024,0.0001223086,2.8264925e-05,1.9559616e-07,6.1968555e-09,1.6929842e-07,3.5412384e-07,1.8413485e-07,1.422687e-07,1.0096336e-12,1.9807716e-11,8.006858e-12,6.536323e-10
2.690839e-08,3.0567875e-09,1.3377124e-07,1.2341026e-05,2.903901e-05,0.0002711,0.0018855146,0.008897988,0.015715715,0.016738364,0.15963605,0.5751277,0.04813965,0.068070464,0.09547996,0.00017880328,0.0041726585,0.0018292838,0.0038137494,6.132384e-08,5.193036e-07,2.7434558e-08,8.5787383e-07
1.2257722e-06,2.115639e-06,3.530194e-05,0.002552637,0.004333763,0.09914919,0.1314722,0.13762356,0.072159395,0.03298172,0.016989786,0.45340005,0.038004264,0.009494609,0.0009831442,0.00015773984,0.0005597347,1.3248558e-05,8.5954576e-05,7.1848454e-08,9.779424e-08,1.0563879e-07,1.084331e-07
2.527459e-07,6.048803e-08,1.3082152e-06,4.5681692e-05,0.00059559394,0.02588172,0.02659903,0.19147949,0.035748523,0.16159536,0.026344769,0.35545605,0.101075605,0.027698096,0.01662339,0.0044582263,0.017736698,0.00017319604,0.008463153,1.4787259e-05,6.198988e-06,6.675433e-08,2.7139415e-06
3.9857423e-07,2.408824e-07,7.831802e-06,0.00047854305,0.0019264669,0.06914223,0.08646306,0.28097227,0.08676154,0.10391064,0.05285306,0.19704618,0.08703709,0.0031819418,0.0064351833,0.004997082,0.017715698,0.00019532711,0.0008702961,1.1145708e-06,8.5050016e-07,6.898357e-08,2.9530356e-06
2.5374833e-08,5.9473916e-08,1.2304838e-06,3.412905e-05,0.0005608277,0.07030377,0.1816137,0.2604448,0.26392692,0.13044798,0.026245661,0.0010771416,0.04808535,0.011128812,0.0029815992,0.0018604904,0.00053043145,0.00051306555,0.00024319442,8.399376e-09,5.742979e-07,1.5155929e-09,2.7232633e-07
4.8112684e-06,8.199337e-06,8.866201e-05,0.0040510255,0.016300093,0.23214225,0.19556662,0.15897408,0.06887992,0.0371746,0.006033856,0.26949385,0.009359832,0.00082955416,0.00030637282,0.00015602142,0.0005771818,1.2080392e-05,3.9902967e-05,4.4750035e-08,1.61888e-07,2.3016295e-07,6.107212e-07
0.0017272453,0.026638228,0.09269037,0.17047757,0.24218796,0.1924086,0.062089577,0.0403977,0.039613146,0.005397615,0.0647608,0.003632099,0.008452984,0.00067568204,0.0001613481,0.0027592287,0.04553193,0.000111536145,0.00022790399,2.574829e-05,1.2315639e-05,1.63369e-05,4.0322025e-06
0.00019004299,0.0028666367,0.02802843,0.35635802,0.24631512,0.24723473,0.05460938,0.029034654,0.010318083,0.008973487,0.002469828,0.0003149463,0.0119364355,0.00021705723,2.6459958e-05,0.00033098288,0.0005013106,9.537562e-05,0.00017610901,1.2382288e-06,1.0029797e-06,5.1327146e-07,1.6926994e-07
0.013571668,0.03824138,0.25326318,0.10283448,0.04303115,0.11183403,0.08630398,0.19264804,0.03164223,0.0085024815,0.053688876,0.03605588,0.02157346,0.0019357214,0.00017941474,0.0035686584,0.0006057546,9.21861e-05,0.0003351068,3.439235e-05,1.6367654e-05,3.428572e-05,7.340859e-06
2.6379507e-07,2.025721e-06,0.00018972119,0.003859498,0.045093626,0.6193415,0.24031512,0.025203295,0.033062633,0.03194823,0.00042926494,3.7241607e-05,0.00041771456,4.4638155e-06,1.1734125e-05,1.1665426e-05,6.874825e-05,2.1454787e-06,1.1282946e-06,2.9574834e-10,5.9836576e-09,1.4072482e-10,9.577719e-09
1.2878763e-06,7.4196328e-06,0.0004098757,0.058114424,0.086434215,0.45685083,0.24702813,0.115854904,0.020772325,0.010305183,0.00039751208,0.0011909513,0.002575478,7.123451e-06,3.9238247e-07,3.0964442e-05,3.9728443e-06,1.2437721e-07,1.4911266e-05,8.8113655e-10,4.612108e-09,1.3627387e-09,2.7496907e-09
1.1897165e-06,1.7773054e-06,0.00010870234,0.0062128287,0.028752908,0.16061872,0.3040745,0.25829417,0.096014656,0.04710097,0.011502997,0.019623104,0.06642748,0.0003541025,4.592973e-05,0.0002883501,0.00048080424,2.7755254e-06,9.396895e-05,1.7278587e-08,5.2822784e-08,3.983238e-09,3.496561e-08
7.367855e-07,2.4819462e-06,1.9972547e-05,0.002087656,0.03926109,0.6587212,0.16665542,0.0668832,0.02481588,0.0347225,0.0003724493,9.2451075e-05,0.002494498,0.00047582595,7.4252675e-05,4.561259e-06,3.780642e-06,0.0033026142,9.41424e-06,2.1897615e-09,3.927086e-08,1.153659e-09,2.7909794e-08
3.1889556e-06,2.0441406e-07,4.3089735e-06,3.4430227e-06,0.000528606,0.00017629376,0.024667231,0.014747801,0.30881685,0.21465576,0.112747215,0.0016653953,0.0038791161,0.0008042991,1.5139479e-07,0.30684978,0.0036993083,4.5286392e-06,0.0067043942,1.2382989e-09,3.8131708e-07,3.1820743e-08,4.1767136e-05
6.7175864e-07,3.2886621e-06,0.00018099428,0.005904522,0.011948301,0.21926267,0.28299788,0.11066228,0.1730418,0.14273281,0.03160988,0.0054346,0.010358836,1.3846273e-05,2.6396368e-05,0.0016933839,0.0040890398,5.5558744e-06,3.187373e-05,2.0766544e-08,7.738884e-08,1.3080395e-08,1.3127947e-06
1.0646146e-07,2.0692948e-08,3.264659e-07,1.684342e-07,2.1390147e-06,4.4269138e-05,0.0005237647,0.00075930613,0.006193516,0.015362987,0.0059470176,0.0032342593,0.07126142,0.13705057,0.0037448842,0.025415484,0.02980271,5.1541724e-06,0.70027095,7.8981245e-08,0.0003790809,1.5285798e-06,2.3793022e-07
0.1403947,0.37946656,0.37529647,0.06373871,0.017791448,0.007124368,0.0040371977,0.0035178475,0.0018071837,0.000641195,0.0029505235,0.00059588405,0.0005649715,0.00022719504,0.00019576296,0.0005324529,0.0005043788,0.00031426124,9.216575e-05,3.5119658e-05,2.6465526e-05,0.00010998317,3.521514e-05
5.3240496e-05,1.616252e-05,7.806831e-05,0.00010198119,0.0007887,0.0008193165,0.008927565,0.008147152,0.16135965,0.13821302,0.13184136,0.005897482,0.059670627,0.005679566,0.00022998151,0.05971441,0.29493386,0.009395576,0.10118967,1.0455997e-07,4.1684198e-06,9.089052e-06,0.012929206
9.076399e-08,2.3405987e-07,6.489883e-06,0.00013256424,0.000695633,0.0228624,0.46070167,0.1622373,0.15318398,0.014112508,0.016463531,0.015398876,0.03294297,0.011734237,8.970801e-08,0.10848556,0.0009621173,2.1997748e-07,7.9497026e-05,6.9767325e-10,8.706934e-09,1.1529309e-09,1.497101e-08
5.709298e-06,4.1220872e-05,0.004815039,0.08007516,0.06333337,0.099543855,0.3003711,0.11184852,0.13061307,0.027890347,0.13473152,0.006791715,0.038852252,3.275713e-05,5.804455e-05,0.00045079668,0.0005280807,1.9448635e-06,1.5326654e-05,5.446037e-08,9.1077226e-08,3.0092053e-08,5.2422298e-08
8.4154993e-07,4.7778303e-07,1.6691869e-05,0.00020435269,0.012739418,0.030734515,0.62563807,0.123561084,0.16417469,0.034034967,0.0021225836,0.003320705,0.000278354,1.2194574e-05,2.3347823e-08,0.003126863,3.2095013e-05,6.5915536e-08,2.0028492e-06,1.6411915e-10,4.6410356e-09,1.0660861e-09,2.1178547e-08
1.909616e-05,1.40398215e-05,0.00011322515,0.0005110373,0.0046864427,0.017457189,0.02906901,0.0541023,0.050208967,0.138164,0.18704854,0.14889292,0.18119796,0.12997146,0.013292965,0.016716443,0.012954401,0.0012767853,0.0139954705,0.00026502446,1.8490568e-05,2.2525466e-05,1.6599142e-06
5.113808e-07,1.0105631e-06,4.3600034e-05,0.004113103,0.07095393,0.27923483,0.25319389,0.19209282,0.07013627,0.07408373,0.00026441138,0.004814263,0.04415544,0.0019950464,3.051436e-06,0.0012171511,4.1414656e-05,1.1613425e-07,0.0036553121,4.310681e-08,4.7867847e-08,1.4763778e-09,7.5451756e-10
3.170868e-05,0.00011597183,0.0055347257,0.023181807,0.05880468,0.15407012,0.18651886,0.1487107,0.100290924,0.14184003,0.06435545,0.0037237143,0.100295566,0.00025644837,0.00040287955,0.0069524073,0.0044739493,2.680063e-05,0.0003927042,1.5181613e-05,2.766307e-06,1.4702592e-06,1.1423299e-06
0.55093324,0.30047166,0.13887541,0.0046094176,0.00093570707,0.00059652945,0.0007017321,0.00065220887,0.0002639492,0.00013881335,0.0005564987,0.00018550611,0.00014474006,0.00015742386,0.00019122075,0.00014032728,4.6407036e-05,0.0002117712,6.93862e-05,5.7094717e-06,5.538461e-06,9.346652e-05,1.3327716e-05
8.424123e-05,0.00014885713,0.002588062,0.0068621794,0.059243143,0.11834167,0.0926836,0.09691725,0.08118803,0.33385947,0.020573398,0.015794426,0.098989315,0.01401399,0.00045484342,0.039269906,0.0012671464,2.708453e-05,0.017480465,0.0001926057,1.2764662e-05,6.9510684e-06,5.513474e-07
0.4725214,0.35002804,0.16183232,0.007875037,0.0016748175,0.001018605,0.0010711852,0.00092757744,0.00040786518,0.00020451727,0.000776918,0.00026619242,0.00020628613,0.00021132009,0.0002221985,0.00019472519,7.3527284e-05,0.00025881862,8.067271e-05,1.0780977e-05,9.24273e-06,0.00011035457,1.7592658e-05
1.2026744e-06,2.4366063e-06,1.0248991e-05,0.00018363833,0.00056220527,0.006381712,0.0103899585,0.08564395,0.34682676,0.037766483,0.24428168,0.06687306,0.030166678,0.0061803902,0.028869707,0.03199243,0.08632933,0.014240625,0.0021980202,5.0553496e-07,7.0805083e-07,1.212738e-05,0.0010861276
0.0006736142,0.021367967,0.20155807,0.36304626,0.19388317,0.17915177,0.01695011,0.01131625,0.004976168,0.0009941999,0.0047253417,0.00018156855,0.00057910866,7.5261914e-06,5.2629093e-06,7.2422e-05,0.00050165475,4.8262023e-06,3.7176037e-06,1.7093443e-07,3.7302658e-07,2.0766136e-07,2.2644355e-07
0.00025287218,0.0034811818,0.022009993,0.2658421,0.19351189,0.39151776,0.062450416,0.026984219,0.013127067,0.0060015717,0.0035831144,0.0004796326,0.008531045,0.00023231804,4.768641e-05,0.00036076648,0.0012551224,0.00024412658,8.156397e-05,1.6918283e-06,2.2185536e-06,9.360501e-07,6.0311686e-07
4.6084799e-07,4.178275e-07,1.7268068e-06,7.892553e-06,4.462856e-05,0.0023401931,0.008209788,0.13173364,0.25642404,0.22447008,0.075574584,0.01179459,0.009636245,0.0031472605,0.04260923,0.10991849,0.12286741,0.0005707739,0.00016391216,1.5102339e-08,3.0418215e-07,1.2737176e-05,0.00047159343
0.0011518567,0.011062139,0.026181823,0.50345117,0.2983757,0.11180828,0.02086838,0.013904914,0.0036067395,0.0017789797,0.0010556618,0.00022069254,0.005463261,0.00044473176,9.877386e-06,0.00013735729,0.00010596844,0.00025412216,0.000112767,2.699377e-06,1.398766e-06,1.1608215e-06,3.1215302e-07
0.05460348,0.17229319,0.08962665,0.29555526,0.16096024,0.08458355,0.029133545,0.041537013,0.0068225735,0.0031210307,0.009848523,0.004889475,0.025198096,0.011433133,0.0018685661,0.0016049838,0.0007856693,0.00540209,0.00040834182,0.00010748441,8.54919e-05,8.8901914e-05,4.2653166e-05
4.2209192e-07,2.2519191e-07,2.1445614e-06,4.4311637e-06,1.3849798e-05,0.00019040794,0.0001592947,0.0009001168,0.00259189,0.013572849,0.023231715,0.01617139,0.11908695,0.40222636,0.14111292,0.0051171323,0.067726254,0.0039402666,0.20234078,2.756764e-06,0.0014927734,7.4275675e-05,4.0845294e-05
6.1042724e-06,3.6896965e-06,9.315341e-05,0.004590766,0.101613715,0.36099374,0.29948103,0.15975003,0.055770066,0.01007711,0.0013166518,0.0059487615,0.0003240629,6.7709916e-06,3.92165e-06,8.247305e-06,9.358523e-06,1.1236381e-06,1.6024231e-06,5.578287e-10,6.8609696e-09,4.9146056e-09,4.185354e-08
4.4797726e-08,5.6207234e-09,1.215569e-07,6.5599934e-06,1.7926612e-05,0.0008041191,0.0015792444,0.028742397,0.0059624533,0.015288079,0.051830206,0.45984262,0.038717706,0.016244505,0.2690435,0.0028293119,0.107219,0.00025136882,0.0016063987,3.5326568e-06,2.8706577e-06,7.958459e-08,8.035088e-06
1.00528126e-07,2.1201178e-07,2.9736799e-05,0.0019299148,0.061982047,0.33826962,0.4584446,0.046188224,0.030063637,0.06261729,0.00033444585,4.3632168e-05,9.356702e-05,1.497344e-08,2.1338769e-09,1.0682671e-06,1.7300542e-06,1.5766433e-08,1.3683785e-07,1.5780842e-12,2.1487248e-11,6.7159954e-12,3.7793907e-10
4.441823e-05,0.000116638366,0.0072669345,0.017168239,0.0888082,0.11663513,0.20057407,0.16765845,0.05479187,0.15330514,0.044313945,0.002810859,0.13954146,0.00033859274,0.00036169292,0.004014945,0.0017802505,9.070617e-06,0.00043802737,1.8289335e-05,2.5977297e-06,6.2315195e-07,5.646086e-07
1.4802295e-07,4.0803013e-08,7.951723e-07,1.555332e-05,0.0025314458,0.06209554,0.31159213,0.13422285,0.07437124,0.40603015,0.0038347817,0.003979705,0.0010375757,5.8879607e-05,5.419207e-07,8.968398e-05,3.477533e-05,1.2956181e-05,9.058068e-05,1.8717352e-09,5.7107236e-08,1.5116831e-09,5.47409e-07
0.78352505,0.16837032,0.045026787,0.00061999157,0.00010297611,0.00016882355,0.000513041,0.00057552056,0.00016666476,8.117194e-05,0.00024267529,0.000108457956,0.00015355839,6.533972e-05,6.309468e-05,4.987184e-05,8.718603e-06,7.358346e-05,3.536723e-05,3.3251698e-07,1.1541017e-06,4.3413416e-05,4.177443e-06
0.0014665314,0.027231995,0.1304897,0.40737435,0.23159951,0.16425236,0.015941804,0.012155221,0.0039087087,0.0011919588,0.0025255845,0.00022402064,0.0010159235,3.2763837e-05,8.366008e-06,0.00011532397,0.00042414595,2.3985283e-05,1.4074344e-05,9.775962e-07,1.2647042e-06,8.655704e-07,5.0900474e-07
3.211617e-06,9.2899097e-07,8.451081e-06,0.00013864624,0.0011068932,0.015982537,0.026149029,0.12572245,0.099421374,0.0901981,0.13005225,0.41517386,0.04187687,0.005318499,0.010136461,0.0041951574,0.018286474,0.011896266,0.0037046203,5.9099614e-07,2.7369638e-06,1.0816619e-06,0.0006235185
4.5304727e-08,4.7111413e-09,1.613103e-07,3.590224e-06,2.4003391e-05,0.0010473324,0.0021068929,0.026942028,0.0075459653,0.04014426,0.06432331,0.38071668,0.06835483,0.06980592,0.31742445,0.0006554507,0.01735318,0.001029572,0.0025162767,3.5521957e-06,1.644971e-06,8.030528e-08,8.255492e-07
2.2184622e-06,2.0627724e-06,9.083125e-06,0.000121346915,0.0013688292,0.014268237,0.0952577,0.2135045,0.17331257,0.1853493,0.052445807,0.11663364,0.04917125,0.046075482,0.019098882,0.009406421,0.021644123,0.0002359191,0.0020825972,5.560805e-07,4.801664e-06,9.708007e-07,3.6685428e-06
0.04724585,0.2414813,0.34231177,0.22822793,0.0848105,0.02741512,0.008019993,0.008223056,0.0028326563,0.00089591683,0.0044018007,0.00093692035,0.0008905727,0.0002608809,0.000100345576,0.0007531379,0.000817419,0.00017629322,6.667496e-05,4.387249e-05,2.7055801e-05,4.264138e-05,1.8296401e-05
0.07545499,0.3063619,0.45093846,0.10182435,0.031356912,0.012298063,0.0055199284,0.005254622,0.0023124637,0.00073287886,0.00451055,0.0006570232,0.00063160755,0.00017924256,0.00013568587,0.00056001154,0.00082674966,0.00020862976,8.043608e-05,2.8273795e-05,2.1697879e-05,7.5561766e-05,2.9987397e-05
0.0008101234,0.0019534149,0.028345425,0.02238735,0.08745318,0.1043594,0.09985242,0.19830893,0.07074685,0.14775784,0.07625624,0.032098692,0.04436469,0.0077379,0.00037790465,0.07120681,0.0014092979,4.848836e-05,0.0038513825,0.0006097382,4.2187166e-05,1.969271e-05,2.0942148e-06
1.9262877e-06,4.4351665e-07,2.104398e-05,0.00034841787,0.19885072,0.061999284,0.2927173,0.049069144,0.38044944,0.01488997,0.0008708087,0.00077458104,4.1683875e-06,5.2718832e-08,1.649501e-08,1.5721453e-06,1.0404453e-06,7.896222e-09,2.2935838e-09,2.6797274e-13,1.5907308e-11,1.5004767e-11,8.412635e-10
6.5416106e-07,2.9069208e-06,2.9476507e-06,0.0043314896,0.0030002508,0.11681229,0.019063978,0.020116933,0.0032923163,0.00092263246,0.00048145608,0.0008785231,0.046064537,0.0660703,5.5707267e-07,1.0182869e-05,1.5733026e-06,0.71866655,0.00027935542,3.516789e-07,1.8644619e-07,3.0365673e-08,3.2203953e-09
9.9417324e-05,1.2907889e-05,2.1428204e-05,9.336342e-06,2.2440701e-05,0.00012568732,0.003910904,0.04738757,0.124514274,0.047305584,0.1693553,0.054622315,0.21872252,0.07987187,0.21663068,0.019685116,0.0010908579,0.00035531685,0.007858412,4.9435638e-08,4.4861717e-06,0.008354131,3.937587e-05
0.05625878,0.28278807,0.26994306,0.23731796,0.08933655,0.025396422,0.010022633,0.009393762,0.0032906542,0.001286085,0.00514932,0.0021987834,0.002060149,0.0012557843,0.00017478115,0.0023770586,0.0009859913,0.00033306357,0.00014189645,0.00014126537,4.1940653e-05,8.629192e-05,1.9730229e-05
3.6994575e-07,6.54348e-07,5.1040806e-06,0.00021026743,0.0012799124,0.027351879,0.0637332,0.17520927,0.14872898,0.27067983,0.035637278,0.044573296,0.035261974,0.022439979,0.12665911,0.0128247,0.028685942,0.0002568437,0.006452581,3.785391e-06,3.8058213e-06,3.134513e-07,9.2117045e-07
2.3669281e-06,5.623829e-07,7.9099445e-06,0.000114607305,0.002223713,0.0356782,0.06466674,0.14988804,0.12865862,0.19500726,0.0844922,0.29558194,0.021089328,0.0015150673,0.0006231876,0.0074648093,0.008966411,0.00076934276,0.0029071155,4.250769e-07,4.2310867e-06,1.8433522e-07,0.00033776736
0.02959128,0.050976638,0.24916053,0.085093476,0.05050965,0.085578434,0.082291044,0.18304187,0.033313848,0.014823848,0.06103642,0.037121598,0.02022714,0.0038990153,0.0005223002,0.00997088,0.0011085846,0.00023259633,0.0010404317,0.00024040602,7.447133e-05,0.00012282842,2.2730868e-05
0.002303467,0.04286146,0.21282773,0.31024647,0.22802433,0.16698238,0.014347094,0.009612124,0.00550451,0.00100937,0.003959817,0.00032973604,0.0007068655,2.5979478e-05,1.5955276e-05,0.00014839048,0.0010591118,1.7543256e-05,1.2064929e-05,9.757325e-07,1.8650343e-06,1.3867307e-06,1.4179612e-06
0.00018840848,0.00026808612,0.0036212446,0.011106265,0.11881017,0.15398024,0.12111431,0.13701129,0.067534775,0.20935763,0.0100433575,0.011410801,0.10646176,0.013000649,0.00020026715,0.018272255,0.00063001685,1.4496883e-05,0.01688386,7.769571e-05,7.828712e-06,4.2369047e-06,3.641778e-07
4.6860376e-07,2.017326e-07,1.299394e-06,1.7178969e-05,0.0002581789,0.00910473,0.06732398,0.36685398,0.16748028,0.17511626,0.110249594,0.025318164,0.005568015,0.0015981272,0.023490937,0.010039094,0.037189808,0.0002527358,0.00012880082,2.3413504e-08,3.8288258e-07,5.2080327e-07,7.3386736e-06
7.793222e-07,1.330555e-05,0.0010541137,0.008013057,0.08220576,0.71182925,0.13892028,0.016245833,0.02991964,0.010375699,0.00082810613,6.117548e-05,0.00037446426,3.028358e-06,6.079502e-06,1.1813838e-05,0.00013621674,7.5389266e-07,5.796094e-07,3.0170863e-10,5.1725313e-09,3.0197922e-10,9.893895e-09
3.911629e-06,4.5965758e-06,0.000122060286,0.0010015226,0.007148429,0.043119155,0.07273651,0.117968455,0.047504544,0.21395381,0.037338153,0.0046031373,0.4082321,0.006150439,0.003101127,0.019862844,0.014517389,0.00010852933,0.002378902,0.00013969999,2.6353405e-06,1.3199311e-06,6.181439e-07
1.3067591e-05,8.8005e-06,6.0507886e-05,0.0016725247,0.012683806,0.06394254,0.09095867,0.12795211,0.11448291,0.14152673,0.016489232,0.22395588,0.108533524,0.057462532,0.009304731,0.0019637668,0.018328467,9.137677e-05,0.010556472,4.516486e-06,2.638773e-06,3.4395289e-06,1.7377371e-06
1.667041e-05,9.971378e-05,0.007874284,0.071409285,0.07987884,0.29268706,0.22294228,0.116513304,0.08110984,0.063018985,0.02474014,0.0015707631,0.035861842,1.8822706e-05,3.2231146e-05,0.0010906657,0.0010738773,4.030686e-06,5.61452e-05,4.270373e-07,3.7515827e-07,1.320933e-07,3.0346266e-07
6.4350315e-06,1.5188231e-06,1.3422377e-05,6.128307e-05,0.0049196384,0.040760458,0.18049696,0.17069992,0.17922124,0.34781617,0.02313662,0.030108945,0.01374595,0.0015319054,4.0019037e-05,0.0038700234,0.0017855001,0.00018452594,0.0015504013,1.7061701e-07,2.8173495e-06,2.2569262e-07,4.5928635e-05
2.851087e-05,7.587152e-05,0.0030127326,0.0071933493,0.037361797,0.07627126,0.14493045,0.14530435,0.054275043,0.27015442,0.061812855,0.0025017075,0.17579912,0.00085727015,0.0006651713,0.013510967,0.005094187,2.4389708e-05,0.0010022087,0.00011624892,5.775004e-06,1.6144575e-06,7.305509e-07
1.1435448e-06,7.0768374e-07,2.0344161e-05,0.0012355709,0.004343713,0.060671065,0.11217648,0.2591506,0.13155524,0.07529561,0.07532673,0.14811294,0.114430495,0.003042596,0.003948297,0.0011667549,0.008735962,0.0003354462,0.00044738656,1.037367e-07,2.5628796e-07,7.3854935e-08,2.4837877e-06
2.6556003e-07,1.1280163e-06,3.713423e-05,0.00045541069,0.037450507,0.19534263,0.23032413,0.012284673,0.09331985,0.42889544,0.0008508983,0.00075962575,0.00016333039,3.001726e-07,1.536101e-07,9.232798e-06,0.0001048788,2.1718472e-07,2.3765112e-07,2.5251256e-11,3.7702083e-10,3.3941536e-10,5.7049537e-08
7.841919e-07,1.9247824e-07,1.4850293e-07,6.86503e-07,6.941648e-07,0.00066791923,1.2820239e-05,0.0028264737,0.0003558382,1.7102482e-05,0.008314217,0.97450405,0.0042369314,0.0012411721,6.6287845e-05,0.00016626364,2.2089187e-06,3.2117314e-05,6.28127e-05,3.8655203e-06,2.493504e-05,0.007462182,2.230935e-07
0.00018308872,0.0028136198,0.05784628,0.23248775,0.29054502,0.30632874,0.06270005,0.022501973,0.012659736,0.0036782136,0.0045874547,0.00038654325,0.0027970793,2.3543977e-05,3.39607e-05,8.544545e-05,0.00032143827,1.02903205e-05,8.950675e-06,1.03824185e-07,3.786332e-07,1.0495931e-07,2.1945314e-07
0.027727567,0.18768744,0.26812956,0.28114313,0.13779506,0.039882466,0.014196611,0.015813725,0.005458106,0.0020412672,0.008085871,0.0026355747,0.0026948599,0.0010913921,0.00014135704,0.0030375666,0.0018291783,0.00022831926,0.00014225583,0.00012728367,3.6182933e-05,6.0357503e-05,1.4810453e-05
9.678733e-07,3.9035942e-07,2.7034588e-05,0.00071579625,0.0044296677,0.02479224,0.085720755,0.17149058,0.05937726,0.10617666,0.13047326,0.11082817,0.26865166,0.014817222,0.015825715,0.0018082706,0.0037535152,4.2701908e-05,0.0010631831,4.2280576e-06,5.591821e-07,8.478421e-08,8.86826e-08
0.00013355934,1.9282257e-05,9.506445e-05,3.9129944e-05,0.00010892138,7.205635e-05,0.0022217638,0.0033772714,0.07452868,0.20469677,0.14411281,0.02217842,0.12384032,0.10490215,0.01932519,0.040523306,0.17604683,0.014891054,0.062430058,4.4702668e-07,2.8417651e-05,0.0011205146,0.0053079873
7.8543065e-09,1.5419635e-08,1.18789885e-07,1.5348025e-06,1.9366598e-06,2.320456e-05,3.8458904e-05,0.0012150167,0.019312987,0.002797622,0.045351446,0.0110180145,0.04746267,0.35875246,0.2732237,0.008471424,0.07051547,0.13648783,0.025276968,2.5457712e-08,2.2192069e-07,4.357537e-05,5.360462e-06
9.297595e-06,5.6197914e-05,0.003142503,0.18979672,0.12841591,0.39889455,0.14833881,0.09811724,0.018234208,0.009269146,0.00072047807,0.00080976525,0.0040897643,5.595338e-06,3.472103e-07,7.114082e-05,4.4039816e-06,1.660214e-07,2.368837e-05,5.0559428e-09,1.7886315e-08,7.225801e-09,8.014236e-09
2.3593047e-07,7.110213e-06,0.0011159373,0.023670929,0.07655654,0.3688704,0.34747475,0.11166697,0.054052208,0.009385061,0.0052453135,0.00018129376,0.0016664675,7.48662e-06,2.6273565e-06,2.0514248e-05,7.5044874e-05,3.5041006e-07,7.349147e-07,1.05886244e-10,1.976116e-09,7.508559e-11,1.3168994e-09
1.8675891e-07,1.02526215e-07,5.3784385e-07,4.067877e-05,0.00073691574,0.09779797,0.16644476,0.13038594,0.051015608,0.118835665,0.007666417,0.00066885416,0.07975265,0.09107944,0.00030582433,0.0005315555,8.335037e-06,0.2539517,0.00077072706,1.0753317e-07,5.987327e-06,8.426337e-09,1.3970839e-07
4.149247e-07,1.15047825e-07,2.914254e-06,8.0666025e-05,0.00020510217,0.007061882,0.009750015,0.0701041,0.02045687,0.034763314,0.103771575,0.36827075,0.105531216,0.034000233,0.1805472,0.011467426,0.051187657,0.0011966134,0.0015695263,1.892996e-05,2.711518e-06,6.769292e-07,1.0032737e-05
5.700634e-08,4.0597646e-07,3.7340757e-05,0.0012365,0.016692149,0.36396435,0.41787177,0.080396436,0.06350935,0.054341238,0.00075948355,6.646313e-05,0.0009390829,1.6828246e-05,6.923315e-05,2.0921192e-05,7.1820614e-05,4.5748693e-06,1.9338709e-06,2.5682714e-10,5.5712266e-09,5.719472e-11,5.5567937e-09
8.0060744e-08,7.39497e-07,6.303142e-05,0.00208172,0.020892303,0.26058328,0.4441303,0.15401739,0.058201242,0.055820625,0.0010760282,0.00010141772,0.002775183,4.0822906e-05,0.00010165797,3.6451027e-05,6.2931416e-05,9.384496e-06,5.411878e-06,9.900437e-10,9.5904955e-09,7.7036e-11,2.876641e-09
5.9167705e-05,0.00065281347,0.008616555,0.04240778,0.12191975,0.47080746,0.17813204,0.06357058,0.057183303,0.01499391,0.020452369,0.0012200471,0.013428352,0.00028480537,0.0005176198,0.0008951168,0.004687618,0.00011192647,5.5544017e-05,8.2434775e-07,1.5581612e-06,3.807544e-07,4.0013376e-07
2.248509e-06,1.8754298e-07,2.7046126e-06,2.9570808e-06,0.00032717423,0.0003262899,0.01853708,0.016524898,0.13327764,0.24150525,0.027004622,0.0006501488,0.008773268,0.0011797828,1.8125634e-07,0.5138603,0.0015851551,2.5282015e-06,0.036426526,7.3198954e-09,3.7637271e-06,1.1451678e-08,7.3081324e-06
6.9311577e-06,5.065597e-06,4.3808268e-05,0.00019162532,0.0008696323,0.0019919707,0.0057150275,0.014054047,0.030320141,0.040981095,0.53655267,0.10449176,0.06859073,0.12208455,0.012452722,0.012282767,0.011736382,0.022517312,0.014978004,6.9158625e-05,7.4701215e-06,5.566796e-05,1.4918018e-06
2.2209557e-07,9.481903e-07,0.00021951938,0.041794166,0.13587305,0.4425597,0.22069196,0.14493622,0.012333273,0.0013172249,9.632838e-05,6.0085673e-05,8.6744054e-05,1.8114527e-08,1.07467896e-10,3.0290063e-05,1.3874136e-07,8.756736e-10,1.04028786e-07,1.2535055e-12,2.9560465e-11,4.8420152e-12,4.3359715e-11
0.7570692,0.16572924,0.07505672,0.0007205155,0.00012268724,8.858381e-05,0.00015558543,0.00018511817,6.645202e-05,5.0801915e-05,0.00019448157,4.9061542e-05,6.301333e-05,4.4656557e-05,0.00011427206,3.83133e-05,1.2352014e-05,0.00014923156,3.9055147e-05,4.0905945e-07,9.1229253e-07,4.333404e-05,6.0468483e-06
3.668676e-06,2.7311769e-08,2.00035e-07,7.954415e-08,1.4083089e-06,1.1585958e-06,0.0015583498,0.0086823,0.054993454,0.018408835,0.8593523,0.048576284,0.0046294318,0.0030942198,0.00027974066,0.00030224762,7.6139615e-05,1.6431287e-07,3.641427e-05,5.309546e-12,1.1222647e-09,3.4577997e-06,1.8575065e-07
0.0197044,0.19327357,0.4165677,0.22562625,0.06922293,0.031412866,0.0133361295,0.0129070645,0.0040561045,0.0010660776,0.009370942,0.0008686235,0.0013737684,8.11327e-05,5.553661e-05,0.00029650994,0.00064221316,7.2567105e-05,3.719318e-05,4.0168093e-06,5.624242e-06,1.2150473e-05,6.6514745e-06
5.1205683e-07,7.739298e-06,0.0006762546,0.011962787,0.058322042,0.33664724,0.35039642,0.13557054,0.0772335,0.01952737,0.005631377,0.00034077457,0.003315467,3.317771e-05,5.904602e-05,5.620837e-05,0.0002122598,3.5995129e-06,3.662272e-06,1.1956294e-09,1.477437e-08,4.5726434e-10,7.366372e-09
9.616697e-07,2.2747606e-06,0.0001318229,0.00530354,0.034525577,0.3603041,0.21530063,0.20612071,0.052567482,0.07687106,0.0055027613,0.0025686654,0.039945938,4.2962492e-05,2.1028136e-05,0.00016377082,0.0005552821,2.6249163e-06,6.8710135e-05,1.6857575e-08,3.1818757e-08,4.9018123e-09,6.8235884e-08
1.3384112e-06,1.6291492e-07,2.86733e-06,5.6510985e-06,0.000553374,0.00059191504,0.10511379,0.10833541,0.17914757,0.22111659,0.3456532,0.009710528,0.002263137,0.0002749146,1.8490693e-06,0.025501452,0.0015518797,5.682809e-07,0.0001731028,1.2970649e-09,7.7160074e-08,3.9182332e-08,5.055537e-07
1.4419045e-06,2.0670682e-06,7.754568e-05,0.001321686,0.0023718944,0.012380195,0.044509787,0.07303917,0.07978797,0.05123992,0.5130049,0.0515061,0.10819295,0.004490851,0.016105982,0.01695758,0.02425143,0.00012167357,0.0005904365,4.2659743e-05,2.3108068e-06,6.585636e-07,8.3699945e-07
2.3935561e-07,4.385009e-07,2.5665265e-06,2.630967e-05,2.752052e-05,0.011385929,0.012544851,0.087602645,0.034456007,0.06411638,0.16864212,0.01563724,0.415844,0.05601726,0.01782075,0.096977584,0.001411334,0.014947197,0.0021391038,9.942867e-05,0.00029843155,1.6385872e-06,1.022359e-06
3.0853253e-06,3.6237573e-06,9.7096105e-05,0.0014083005,0.023733102,0.08072118,0.47190538,0.11735105,0.1618318,0.119760334,0.0050801686,0.0061798794,0.009534255,0.00010401286,2.7666556e-07,0.0015105982,0.00067612337,3.439852e-06,9.5948344e-05,3.1932659e-09,4.6805276e-08,4.1506163e-09,3.385658e-07
6.622214e-07,4.6681785e-07,6.009597e-06,7.877578e-05,0.0066665662,0.015786193,0.29741228,0.2600676,0.17339197,0.06427026,0.00558832,0.0010589726,0.004683059,0.00061414595,2.9437058e-07,0.16892141,0.00020854356,5.446589e-07,0.0012434446,5.2827462e-09,3.756865e-07,2.9596863e-09,1.9273644e-08
3.3130303e-07,8.83998e-09,5.9399616e-07,4.259333e-07,0.000113693626,5.519793e-05,0.063307896,0.038196243,0.2772056,0.2647036,0.34470215,0.007406465,0.00032685485,7.0378395e-05,2.1345089e-07,0.0034405398,0.0004621637,4.1171738e-08,7.5434145e-06,9.35751e-12,7.7083046e-10,2.4283648e-09,5.1638267e-08
1.1632112e-06,5.236832e-07,1.733974e-05,0.0001681099,0.007897998,0.019755602,0.56741077,0.1686407,0.18613368,0.032468654,0.00381317,0.007826341,0.00039387628,1.4571242e-05,2.2508612e-08,0.0054004714,5.518015e-05,4.0654182e-08,1.81887e-06,1.7710008e-10,4.1860586e-09,1.4660629e-09,1.7256866e-08
0.005944813,0.08787784,0.25260663,0.34242418,0.18796536,0.077968255,0.014108969,0.014880746,0.0049799522,0.0013549215,0.006268509,0.0006454566,0.0013582193,8.4986306e-05,4.1256837e-05,0.00041514667,0.0009722848,4.629836e-05,3.3795164e-05,6.3311177e-06,6.712102e-06,5.759888e-06,3.5926882e-06
3.9399306e-09,1.9117552e-10,1.6937747e-08,5.001634e-09,1.4058186e-07,2.1278873e-07,0.00012799422,0.00019847848,0.0560152,0.09600914,0.14755015,4.4189648e-05,0.0059340233,3.4418936e-05,1.0877123e-09,0.22734912,0.46469802,1.5058086e-07,0.0020366192,1.8558829e-14,1.6987935e-11,2.3605845e-11,2.1473895e-06
2.273491e-05,1.535938e-06,1.275926e-05,8.083777e-06,0.0007334536,0.0006699528,0.038676653,0.027159037,0.20531455,0.42325202,0.09064569,0.007961259,0.043922063,0.03261694,1.0874801e-05,0.075508706,0.0035597826,4.565599e-05,0.049836624,8.3754394e-08,2.4537843e-05,9.3940884e-07,1.6128448e-05
7.010281e-08,6.556273e-08,7.002788e-07,0.00016258485,0.025256615,0.24705629,0.23690592,0.43212646,0.009046091,0.037741758,0.00024157373,1.1421124e-05,0.011247714,1.2806712e-05,5.385128e-08,4.951524e-07,1.4812211e-06,4.1589838e-06,0.00018379536,1.00379954e-10,4.020812e-10,2.7508279e-11,2.7449173e-10
6.922125e-09,2.1302661e-08,1.1857136e-06,8.375333e-05,0.00440831,0.027764536,0.24290712,0.58762,0.075262316,0.03517086,0.009396008,0.0015111074,0.013660516,0.0017540407,4.2832144e-06,0.00034190703,4.047826e-05,7.556027e-07,7.268798e-05,1.7404767e-09,5.1807373e-08,4.190634e-12,1.7922343e-10
2.015978e-05,0.00042492026,0.011672261,0.046610672,0.10374146,0.5408684,0.19416653,0.03845341,0.037634887,0.005777419,0.013703083,0.00028371465,0.0027245402,2.6590793e-05,2.8745142e-05,0.000199997,0.0036411586,9.524976e-06,1.211148e-05,7.759111e-08,2.33014e-07,4.8089145e-08,9.3352774e-08
1.619319e-06,1.8642895e-07,3.4854452e-06,7.128399e-05,0.023113696,0.019943187,0.45085257,0.25998273,0.18262438,0.050201498,0.010618795,0.0023085156,0.00017765736,2.1753496e-05,7.2660197e-07,5.0479026e-05,1.6917098e-05,1.2720657e-06,9.147648e-06,9.44944e-11,7.530927e-09,3.1803093e-09,2.6765127e-08
2.971569e-05,0.00019489307,0.0068038325,0.12025878,0.098441996,0.33656368,0.21303809,0.11510218,0.04710045,0.022017576,0.0048504425,0.013857826,0.020775633,0.00020076893,9.9738245e-06,0.0006102642,4.9076778e-05,1.2108926e-06,9.2842805e-05,2.2023957e-07,3.0974633e-07,1.4682203e-07,7.7427934e-08
0.00095134677,0.0035497453,0.083898164,0.092455775,0.07601677,0.16155742,0.13680176,0.21996269,0.057433117,0.019586569,0.05972949,0.054291528,0.027813843,0.0011529458,9.0643705e-05,0.004092794,0.00030970125,1.99123e-05,0.0002603186,1.3694573e-05,6.2931836e-06,4.526028e-06,9.877024e-07
9.0597666e-08,2.2155034e-07,5.7459897e-06,0.00041610494,0.019449348,0.12219361,0.40896198,0.30406085,0.07056539,0.06787155,0.00079141365,0.00061999046,0.0009966305,6.249231e-05,1.0019381e-06,0.0038004618,5.9499976e-05,6.916067e-07,0.00014286146,9.221298e-10,2.725023e-08,4.632234e-10,2.32643e-08
1.8707383e-06,8.781678e-06,0.00039826316,0.015282677,0.040687725,0.3263437,0.2792369,0.08309087,0.118829876,0.10156407,0.013197859,0.0047931937,0.01482863,9.785764e-06,8.775248e-06,0.0002705729,0.001434064,2.1686442e-06,9.834132e-06,4.4451984e-09,2.3517138e-08,8.465031e-09,3.466358e-07
0.03074933,0.19810537,0.35138494,0.2525417,0.0935515,0.033693142,0.010885854,0.0111778295,0.003930996,0.0011204385,0.0075897626,0.0011458566,0.0010764798,0.00024222021,0.000110443456,0.0008872324,0.0014484831,0.00015040718,7.4835254e-05,4.017962e-05,2.5812818e-05,4.6009525e-05,2.1162292e-05
3.057836e-07,7.1397346e-07,7.232244e-05,0.0050399364,0.029268345,0.31720755,0.27060723,0.1722926,0.052531097,0.114130266,0.0031165744,0.001343404,0.033631425,3.246122e-05,8.424487e-06,0.0002168884,0.0003648036,1.1969424e-06,0.0001344108,1.3423374e-08,3.178484e-08,9.745844e-10,2.2600817e-08
0.570426,0.30731216,0.1142398,0.0040235072,0.00067758653,0.0004610553,0.0005806662,0.0005630353,0.00017857773,8.745867e-05,0.00044476343,0.00016648322,0.00011020179,0.00015796354,0.0001555012,0.00010798891,2.5984431e-05,0.00013999801,5.0944764e-05,4.3694904e-06,3.6465067e-06,7.579261e-05,6.550011e-06
2.263214e-05,3.0270974e-05,0.00037109666,0.00558151,0.057539377,0.3004833,0.20368882,0.20239505,0.084621795,0.093017295,0.01298826,0.015328512,0.02192218,8.533278e-05,7.2605624e-05,0.00036385204,0.0013754896,3.1783213e-05,7.3992334e-05,1.3400086e-07,2.987138e-07,3.1294783e-07,6.182411e-06
1.33987905e-05,7.551317e-06,7.341634e-05,9.7107004e-05,0.0012976662,0.00242879,0.055616874,0.02577222,0.3134908,0.17412727,0.031330746,0.0047648735,0.023108669,0.00029336233,1.311833e-06,0.057284437,0.3090055,7.9017256e-05,0.0011438613,3.655088e-09,6.02465e-08,1.06789216e-07,6.292894e-05
2.8441315e-07,2.8105887e-07,5.8551595e-06,0.00016746174,0.000115350915,0.0020344916,0.005657885,0.013529204,0.02664019,0.013428889,0.36791942,0.23313197,0.22703893,0.091878705,0.013760093,0.000102960425,0.002427638,0.0015891389,0.00057035714,2.5644876e-08,2.5687614e-08,6.3648105e-07,1.5344608e-07
0.00011130187,0.00020045841,0.0029437495,0.01895749,0.036269136,0.13227199,0.103065334,0.16045676,0.13310616,0.07923658,0.11226288,0.025802834,0.14379169,0.0026552614,0.0042470186,0.026509155,0.016345192,0.0005141599,0.0011468444,4.316788e-05,1.3048513e-05,2.257972e-05,2.7184416e-05
3.6423607e-08,1.9911873e-08,3.1121309e-07,3.7311806e-06,0.00015192144,0.008169943,0.04911758,0.12531805,0.062293533,0.21391153,0.06477389,0.0018205094,0.3751979,0.08098318,0.002312808,0.010399085,0.00055136706,0.00014714575,0.0048402776,3.0527126e-08,7.030409e-06,1.4102884e-09,9.75655e-08
0.00052072905,6.151099e-05,0.00012476502,0.00058641133,0.0058144205,0.016890552,0.19980241,0.35885036,0.032489013,0.02359775,0.030540904,0.31299844,0.01547644,0.000861753,0.0008342975,1.1495519e-05,0.0005113197,1.3558164e-05,1.0521764e-05,2.3647422e-08,1.4614989e-07,2.2277072e-06,8.84676e-07
6.6672436e-07,3.9880764e-08,5.016627e-07,3.9891606e-06,0.0026643896,0.0033253345,0.23879872,0.12608105,0.31870148,0.29617986,0.011452657,0.0022939274,0.0002722479,0.00010261724,5.905366e-08,8.699889e-05,7.875215e-06,5.155347e-06,2.2170914e-05,7.179739e-11,1.3528796e-08,2.5779217e-09,2.0058637e-07
2.4569408e-05,1.1615676e-05,9.63544e-05,0.0019262704,0.020573633,0.13906403,0.27460232,0.17932543,0.113383,0.024288286,0.0049344576,0.23920627,0.0021942325,0.00012208614,5.3842614e-05,5.4757464e-05,0.00013403356,2.512131e-06,1.6563905e-06,9.789364e-09,6.284165e-08,9.928907e-08,4.510059e-07
2.6310624e-06,9.225629e-06,0.00058733544,0.016509077,0.05270175,0.41780955,0.209909,0.15604395,0.054515544,0.049835924,0.0062829778,0.002033403,0.033141993,1.9655738e-05,1.4021958e-05,0.00015242328,0.0003971206,1.8265345e-06,3.2416072e-05,1.741527e-08,3.9290033e-08,8.511827e-09,7.228976e-08
0.26287296,0.40664577,0.29383323,0.02025109,0.0047757556,0.0024907552,0.0020668444,0.0017155099,0.0009784417,0.00044831628,0.0015582981,0.0003790359,0.00039951212,0.00018948324,0.00023931827,0.0002895402,0.00021281732,0.0003816835,9.735017e-05,1.528834e-05,1.6063997e-05,0.000110607994,3.2321157e-05
4.7240744e-07,2.7078718e-08,5.2574956e-07,3.137571e-07,5.0084298e-05,4.3000313e-05,0.033821832,0.041318722,0.12072492,0.20206034,0.5770872,0.009766527,0.005237831,0.0009056778,1.4632329e-06,0.002976784,0.005842295,2.088252e-07,0.00016171756,1.6264849e-10,1.7948876e-08,2.2723592e-08,4.2148358e-08
7.0104556e-07,9.62456e-07,0.00011016096,0.00236932,0.0037015525,0.0062598893,0.046150528,0.05965722,0.04698578,0.014574346,0.72791827,0.040850256,0.0459024,0.00082175294,0.0031529425,0.00048590606,0.0010013931,1.4391525e-05,4.1792293e-05,2.5055022e-07,8.0456516e-08,3.6538285e-08,2.3619975e-08
0.003431745,0.041811477,0.09748981,0.30940837,0.21038254,0.1638165,0.035472035,0.03228104,0.022375004,0.004135389,0.022489546,0.004297902,0.005443544,0.0012594134,4.7668666e-05,0.0058314293,0.039597735,0.00011709148,0.00018102997,8.881109e-05,1.1198123e-05,2.7208596e-05,3.586467e-06
1.871809e-05,8.039043e-06,5.8545185e-05,0.0005707068,0.0051248046,0.011369788,0.05535917,0.068341084,0.3034864,0.15220067,0.21292275,0.04216491,0.038711853,0.0012868947,0.00026673774,0.022363612,0.07157146,0.0028442258,0.007977203,1.401646e-07,2.2601237e-06,1.2783041e-06,0.0033487258
0.001173784,0.0035121643,0.055245772,0.0516315,0.123279855,0.15726936,0.12382467,0.20226373,0.06700781,0.09337757,0.040433437,0.02047004,0.034692023,0.0026146888,0.00025670155,0.020522118,0.0005611783,3.2999706e-05,0.001678092,0.000115114846,2.1054253e-05,1.39378735e-05,2.3654748e-06
2.1651005e-07,7.985378e-07,2.439017e-05,0.0019844933,0.007718911,0.13872604,0.4310489,0.32782918,0.040486265,0.00680674,0.0015500851,0.024995502,0.009604925,0.0025340286,3.3317352e-07,0.0066213678,3.7244874e-05,8.6051145e-08,3.0455138e-05,5.448718e-09,2.2868445e-08,9.400414e-10,3.1264535e-09
1.446303e-06,1.9736595e-08,7.8300457e-07,1.3000592e-06,0.0003135165,9.261089e-05,0.10042858,0.08773143,0.1999686,0.08023865,0.51276857,0.017667102,0.00025699683,3.2679578e-05,2.8053913e-07,0.00039084966,0.00010260041,3.145632e-08,3.9078345e-06,6.2462375e-12,6.471546e-10,3.6977732e-09,1.467407e-08
3.2004625e-06,4.9198684e-07,1.0283359e-05,0.00039155994,0.06411771,0.05725189,0.40499085,0.25206143,0.19638214,0.018910024,0.0032497083,0.0025004025,9.796821e-05,4.06744e-06,3.8174787e-07,2.0322757e-05,5.389865e-06,4.76515e-07,1.7832108e-06,7.296246e-11,2.6959786e-09,1.591937e-09,1.6580962e-08
2.2193647e-07,1.2747631e-07,4.2712823e-06,0.00020212836,0.0025354258,0.10236576,0.10084343,0.32454827,0.04664881,0.2267381,0.015034041,0.01999341,0.14413396,0.003024087,0.0032244436,0.0011905717,0.008187884,5.8935573e-05,0.0012647585,9.087019e-07,1.562613e-07,3.5670375e-08,2.5856838e-07
3.7533264e-06,5.8171943e-05,0.003231165,0.028002284,0.08237942,0.42593294,0.31652376,0.07377493,0.043391243,0.015815431,0.0061084153,0.00022844085,0.0038413543,2.8092318e-05,5.9498718e-05,8.944363e-05,0.00051454175,9.354007e-06,7.65204e-06,1.3794672e-08,6.853875e-08,4.570621e-09,2.2270003e-08
9.126479e-06,3.6814542e-06,1.0936338e-05,3.4080516e-05,8.600702e-05,0.0026464262,0.00081435713,0.018041415,0.021333955,0.03618385,0.0802643,0.051842898,0.19920197,0.06889345,0.36949345,0.019826656,0.025732974,0.018201005,0.06835818,6.2291365e-05,0.007835779,0.0002492365,0.01087386
5.987778e-06,2.816867e-08,9.31722e-07,1.2194564e-06,0.00010313193,2.9198178e-05,0.045396,0.038711086,0.4346079,0.09646254,0.25342417,0.1309862,6.405275e-05,5.3995645e-06,2.1692272e-06,2.927117e-05,0.00017063587,6.452409e-09,1.8415628e-08,4.408855e-13,1.5984346e-11,1.6627323e-09,9.342222e-09
2.573272e-06,2.4786027e-06,3.6948248e-05,0.0009411844,0.0041608647,0.011032677,0.123203546,0.055151764,0.48603797,0.07882201,0.12326133,0.027160874,0.06162354,0.0012936974,3.304908e-05,0.002486518,0.023066482,0.0007318545,0.0009215242,2.4259414e-09,3.172546e-08,5.425043e-08,2.9039373e-05
0.00024665962,0.0043836487,0.027998485,0.24034368,0.17675164,0.3947691,0.07815392,0.03580218,0.01588934,0.0062927906,0.005515672,0.00058051234,0.008852171,0.00020368572,3.0431846e-05,0.0006103938,0.0033846605,0.00011436112,7.16234e-05,2.3243456e-06,1.5972571e-06,9.014791e-07,2.8727948e-07
4.229347e-06,3.3524998e-07,4.7736025e-06,7.389549e-05,0.011688908,0.012437718,0.3077064,0.19336946,0.36095387,0.07057127,0.019267686,0.023570392,0.00020931078,2.4605688e-05,5.612606e-06,6.774897e-05,4.1562726e-05,7.244148e-07,1.3717643e-06,1.8687062e-10,6.839308e-09,1.2163487e-08,1.1770423e-07
8.1890454e-07,8.192138e-07,3.1171148e-06,2.5536926e-06,1.2561728e-06,0.00019941489,2.942001e-05,0.002975839,0.0014836899,0.00047975284,0.051825784,0.044981252,0.12839462,0.023865009,0.17302217,0.3486221,0.026570914,0.0005795119,0.0825597,0.002650599,0.07693056,0.03479274,2.8368653e-05
1.0561823e-05,0.000117513744,0.0036455984,0.030234365,0.06266477,0.38887495,0.3193185,0.09684389,0.051681373,0.022416225,0.01104891,0.0004662709,0.010054525,0.000119021366,0.00018808636,0.00041579854,0.0018124894,5.2742675e-05,3.36792e-05,1.8603569e-07,4.197524e-07,4.4706173e-08,9.623795e-08
0.008857458,0.07406988,0.10930913,0.325826,0.20860457,0.06184056,0.029177435,0.03552251,0.014985301,0.0069402335,0.022740621,0.015546823,0.021699194,0.016446343,0.00026995956,0.032025926,0.013685677,0.00064659864,0.0007850557,0.00081753277,5.3066935e-05,0.0001409044,9.248654e-06
5.634621e-05,0.001299922,0.026559006,0.08755646,0.19876786,0.57160175,0.07423818,0.014440679,0.01574553,0.00309554,0.0040978673,0.00020345052,0.0011633866,1.1369765e-05,1.9543742e-05,6.2448606e-05,0.0010705453,5.3446643e-06,4.2595125e-06,4.1316785e-08,1.8172939e-07,4.432551e-08,1.1042151e-07
8.479842e-08,5.5020216e-10,5.2242388e-08,2.8290582e-08,1.430678e-05,2.4004576e-06,0.01872925,0.016462749,0.12087032,0.035391275,0.8041516,0.0036122294,0.00018307999,3.064225e-05,4.1850883e-09,0.0004914307,5.7198205e-05,1.1211263e-09,3.168906e-06,6.175631e-14,2.4603358e-11,1.2667725e-10,4.887359e-10
0.00022521,0.0025841505,0.012551976,0.10653278,0.10796337,0.43078378,0.14294061,0.066760086,0.046005473,0.011241209,0.014823251,0.00173846,0.024855765,0.00090365496,0.00014879851,0.004073323,0.0251058,0.0005017615,0.00023573248,1.3028016e-05,6.620398e-06,3.8396834e-06,1.306855e-06
6.151568e-06,2.6570392e-06,1.299544e-05,1.3674794e-05,7.296712e-05,0.000149648,0.0013222427,0.0008157373,0.029571755,0.049237084,0.016213804,0.004592781,0.11700343,0.02819698,0.0031265386,0.002415012,0.06099835,0.65730035,0.0286124,2.0415225e-08,1.1317893e-06,1.5288017e-05,0.00031898828
3.6426187e-07,2.091358e-06,0.00010392879,0.0035692565,0.069200054,0.66167474,0.17915413,0.025996936,0.02119455,0.038322873,0.00015556217,3.2023207e-05,0.0005208556,1.6573447e-05,1.709648e-05,3.0268448e-06,8.91784e-06,2.5253541e-05,1.7997677e-06,4.336073e-10,7.3130146e-09,1.3827658e-10,5.918917e-09
2.0306024e-05,9.663753e-05,0.009777872,0.0980009,0.15401967,0.23343693,0.25651848,0.12691334,0.037210714,0.03332729,0.008602888,0.0011034526,0.040576186,1.2608106e-05,6.155046e-06,0.00023036244,0.00011765689,5.777519e-07,2.7762402e-05,7.203172e-08,9.962585e-08,2.0115026e-08,5.9028558e-08
2.3793899e-07,3.4917477e-07,4.377764e-06,0.00022273515,0.0013343345,0.029747203,0.18734649,0.36235243,0.13409506,0.074633405,0.023619246,0.11293028,0.02523309,0.041857913,0.0014600407,0.0035891745,0.0011804003,2.3381355e-05,0.0003691128,6.742305e-08,4.1807132e-07,3.0463365e-08,1.7298184e-07
5.594784e-08,1.9553263e-09,1.9037765e-08,1.6576363e-08,1.2944982e-06,8.09496e-06,0.00023424804,0.0018255023,0.040427756,0.010780905,0.028848113,0.00027477962,0.017315498,0.002186669,7.20393e-07,0.108141184,0.0012079955,2.6906555e-08,0.78873205,1.1771403e-09,1.5068265e-05,1.5562195e-08,1.9403922e-08
1.1200791e-06,4.493181e-07,1.242626e-06,5.03445e-06,8.585427e-06,0.0012795116,0.00024787037,0.011419121,0.0038867244,0.007053879,0.04445583,0.062032085,0.15950733,0.007961833,0.21118897,0.028701162,0.14439839,0.00011536853,0.015438575,0.0014842369,0.29971316,4.1969895e-05,0.0010575212
0.37430626,0.38522378,0.21180297,0.015304689,0.0034453273,0.0019749766,0.0018173087,0.0014084241,0.00071772625,0.00033194732,0.001256866,0.0004083703,0.00031093895,0.00029243866,0.00026996483,0.00031490333,0.00014605945,0.0003443578,0.000105989835,2.3328728e-05,1.766241e-05,0.00014845439,2.7300226e-05
2.7029544e-06,1.5440568e-05,0.00057234924,0.008559251,0.026581326,0.19788975,0.15852024,0.060712263,0.1000184,0.3852491,0.006852338,0.0022904428,0.035010397,0.0010048773,0.00014588886,0.008974374,0.0010342874,7.718101e-06,0.006553404,4.3127234e-06,8.361783e-07,3.0759725e-07,8.399127e-08
7.3801765e-09,1.8918186e-08,1.2429861e-06,4.940011e-05,0.003130072,0.13597664,0.32721558,0.23171493,0.10988529,0.18870838,0.0008018602,0.0001256537,0.0019923423,0.00016269994,0.00014787738,4.617252e-05,1.5767526e-05,1.7005923e-05,9.064767e-06,1.7218486e-10,8.260189e-09,8.825879e-12,5.764397e-09
7.1551845e-08,8.692828e-08,1.1453614e-06,7.302438e-05,0.0010668992,0.006357342,0.11480965,0.19547111,0.069583185,0.013102498,0.026541023,0.027349316,0.026012963,0.03463656,7.3042725e-06,0.4820738,0.0009923181,2.2963812e-07,0.001920737,3.892949e-08,5.8085396e-07,1.5568231e-09,2.0721961e-08
2.2577076e-06,4.3317363e-05,0.0025488532,0.020042133,0.062771454,0.41917017,0.34294155,0.07136032,0.056059103,0.009831901,0.010946785,0.0002479765,0.0029593154,2.1914353e-05,3.481189e-05,0.000102265934,0.00090564234,4.76002e-06,5.4313778e-06,8.58416e-09,4.5818027e-08,3.5280294e-09,1.4994232e-08
2.4053877e-05,3.506838e-05,0.0008104604,0.026300862,0.16081782,0.42252445,0.2512716,0.11322076,0.016998231,0.0021320435,0.00052252953,0.0049479064,0.00038380825,2.1290698e-06,1.7234441e-07,6.12109e-06,1.538464e-06,1.1029094e-07,3.4316315e-07,3.3894154e-10,2.6716627e-09,1.8475171e-09,5.405746e-09
1.9960665e-07,1.3446275e-07,1.5837859e-05,0.0014590555,0.0033924915,0.012946057,0.10352683,0.13631503,0.08251289,0.039904457,0.3552,0.16823137,0.089011714,0.0021209877,0.0020993794,0.0010677193,0.0019437326,4.5915876e-06,0.0002468855,4.339832e-07,1.8396977e-07,5.344421e-09,1.6403614e-08
7.048353e-08,6.820545e-07,6.845347e-05,0.0022912472,0.017254489,0.12368783,0.34780705,0.32923648,0.12832537,0.03224599,0.012324025,0.0007109765,0.0055466252,0.00013573379,6.964321e-05,0.00010734166,0.00017354955,5.1088323e-06,9.2520295e-06,1.2913202e-09,1.602187e-08,1.0339793e-10,2.5266287e-09
0.0039633485,0.07421283,0.2385762,0.3412631,0.17759667,0.11428679,0.01628063,0.015989136,0.0058091865,0.0012940785,0.006884478,0.00049360027,0.0008590983,5.559977e-05,2.0917529e-05,0.0003419692,0.0020108386,2.5517045e-05,2.2801982e-05,3.845204e-06,3.3885137e-06,3.7530829e-06,2.2030456e-06
8.5916344e-07,4.240159e-07,1.6867903e-06,9.025367e-06,0.00011942498,0.0023847441,0.010316717,0.044218693,0.050008424,0.12176464,0.0874895,0.076782495,0.13777131,0.13821732,0.16359952,0.0029589725,0.15210336,0.0022377917,0.009997548,4.036238e-07,1.1318468e-05,4.2445554e-06,1.5729302e-06
9.297083e-08,3.6574474e-07,9.82453e-06,0.00073913205,0.002478869,0.24285984,0.45717102,0.124352984,0.07335141,0.088535786,0.0023282121,0.00018367326,0.007051711,0.0002852807,3.75794e-05,0.00013303693,0.00017659203,0.0002568348,4.751106e-05,4.5764313e-08,2.472769e-07,6.358552e-10,1.7758639e-08
1.5757754e-06,3.047007e-06,3.4508037e-05,0.0016766422,0.004623516,0.07206341,0.13009067,0.28619468,0.10925979,0.09291641,0.038585912,0.17755906,0.03930297,0.030359216,0.010662983,0.0027096188,0.0029122313,7.268229e-05,0.00096790754,9.864845e-07,1.242117e-06,3.3226175e-07,6.5836343e-07
4.8855723e-06,1.7627992e-06,1.0720461e-05,5.7884725e-05,0.0013643194,0.004611519,0.1742441,0.09662836,0.24163577,0.3467102,0.04876214,0.071717665,0.004421179,0.000723487,5.3024323e-05,0.005631407,0.0033688003,5.1872116e-06,4.2666303e-05,1.9735e-08,3.6169965e-07,4.6130978e-07,4.138821e-06
2.8524839e-05,0.00050568115,0.014924145,0.0525634,0.24803953,0.6269959,0.037813254,0.005396719,0.009435799,0.00295996,0.000734087,7.333596e-05,0.000293357,2.6604675e-06,5.2468586e-06,1.2518672e-05,0.000213093,1.7182234e-06,8.848689e-07,5.3297358e-09,4.7839297e-08,8.485889e-09,6.0554754e-08
3.27867e-08,1.2317999e-07,8.514132e-06,0.00035079874,0.009973489,0.3769035,0.3670279,0.08391184,0.058596525,0.1019824,0.0002968659,5.218498e-05,0.0007265694,3.609261e-05,8.3870225e-05,1.0112045e-05,1.5605141e-05,2.0930516e-05,2.6410312e-06,2.4030924e-10,6.447372e-09,2.9037227e-11,5.861627e-09
3.8917893e-08,6.269745e-08,4.3988584e-07,2.366115e-06,5.9511935e-06,8.3163315e-05,5.1263e-05,0.0011224507,0.0025767575,0.006234811,0.042327106,0.020154875,0.17856415,0.45290858,0.2131642,0.002778647,0.040415645,0.010974626,0.02827756,7.483928e-06,0.0003203733,1.3904708e-05,1.5543912e-05
3.3335138e-05,4.5202643e-05,0.00047243628,0.0016199712,0.01483637,0.04293784,0.051482517,0.03185529,0.07306865,0.35617197,0.03672492,0.0137467105,0.13809623,0.05695648,0.002292426,0.105204254,0.011068021,0.00035722493,0.062136184,0.0008399579,1.8881165e-05,3.4220237e-05,8.8785583e-07
0.00695851,0.09361569,0.24847241,0.31055838,0.19079077,0.08133507,0.021157952,0.019417634,0.007969406,0.0019963405,0.011266318,0.001224554,0.0019846687,0.0001772997,7.512435e-05,0.0006494428,0.0021833992,6.998567e-05,5.8202266e-05,1.2126733e-05,1.0505046e-05,1.0803715e-05,5.3823646e-06
0.0012457363,0.026023112,0.19612159,0.38848135,0.19709244,0.14061786,0.019922355,0.012916977,0.006455495,0.0012291359,0.0074268477,0.00041184897,0.0012283514,1.94095e-05,1.6436694e-05,0.00013809593,0.00062973116,1.1580904e-05,8.493352e-06,5.1511415e-07,1.1601679e-06,7.079274e-07,7.380021e-07
3.3181145e-06,5.0669104e-07,9.95713e-06,0.0002305739,0.03788718,0.03999833,0.46910053,0.19194612,0.2154142,0.03322097,0.0048785014,0.0070958803,0.00014442176,1.1578179e-05,1.0336172e-06,4.2011816e-05,1.2496224e-05,5.4545666e-07,1.7862301e-06,1.7158275e-10,5.0500883e-09,3.4383612e-09,3.6928725e-08
1.1837745e-06,4.965803e-07,5.7934635e-06,0.00045525163,0.010637164,0.15084119,0.25479212,0.32871014,0.14453802,0.07860412,0.011638616,0.012198704,0.003190439,0.00029436313,0.0004224086,0.00017933651,0.0032864227,6.587919e-05,0.00013783023,5.4660623e-09,4.437328e-08,8.220911e-08,3.2816197e-07
3.6084555e-06,3.5554026e-06,5.162423e-05,0.0025150503,0.0064008976,0.069856636,0.102452286,0.111023955,0.056034587,0.031146383,0.019309958,0.5016029,0.07298139,0.024000786,0.0014113092,0.00022583273,0.0006851751,1.6835289e-05,0.00027618167,3.680421e-07,2.554364e-07,2.767579e-07,1.3289365e-07
2.096811e-05,1.257437e-05,0.00012651116,0.00055139896,0.008044133,0.026762731,0.036605112,0.052523717,0.046292022,0.15045305,0.069550835,0.12723953,0.23367383,0.19583467,0.003251886,0.0192022,0.008769805,0.00021839378,0.020623835,0.00022369267,7.97116e-06,1.0707114e-05,3.9803228e-07
9.3586783e-07,1.2950212e-06,1.2409159e-05,0.0001514772,0.0064146365,0.035607096,0.32850868,0.29565823,0.14282714,0.12327297,0.007985369,0.0071747303,0.0065794904,0.0021118668,1.9600773e-05,0.04248033,0.0006048367,4.6575014e-06,0.0005829517,3.652477e-08,8.302383e-07,2.761903e-08,3.5252503e-07
8.531144e-07,2.1456509e-07,4.840476e-07,3.5715502e-07,9.726292e-07,0.00022880998,0.00010464965,0.004696305,0.005010476,0.0008473244,0.0037209792,0.007375965,0.04663041,0.004169986,0.060941033,0.30264625,0.0061317696,1.4470788e-05,0.4847087,1.1224972e-05,0.07242526,0.0003319958,1.5722752e-06
1.4535913e-06,8.666097e-06,0.00051446806,0.011042172,0.014073315,0.21744306,0.24044298,0.11345048,0.17385375,0.14550512,0.043457963,0.0030963183,0.024536274,3.402256e-05,6.43196e-05,0.005196367,0.007162286,7.92899e-06,0.00010652907,1.3126192e-06,4.755969e-07,8.183632e-08,6.0731577e-07
4.6887126e-07,1.818122e-08,8.0754046e-07,2.1796545e-06,0.0004557164,0.00035221886,0.07666844,0.03097607,0.6771344,0.1649447,0.03550882,0.012883545,6.0766735e-05,6.2491613e-06,3.4407216e-07,0.0008003459,0.00020457689,2.7658668e-08,2.2439008e-07,5.0296373e-12,2.6607935e-10,1.6033208e-09,1.1030987e-07
2.5677326e-07,1.4459827e-07,3.276295e-06,3.826064e-05,5.6073266e-05,0.00037000238,0.0020515542,0.008770097,0.01043364,0.013235702,0.6194132,0.060146015,0.06211977,0.06758927,0.05743526,0.036698196,0.057586826,0.0027215583,0.0008509219,0.00047501927,2.448682e-06,2.1536916e-06,3.864635e-07
1.6423267e-09,3.290976e-09,6.4994384e-07,1.3362851e-05,0.0024735816,0.096831664,0.21333474,0.04025018,0.29874748,0.34792608,0.00027155882,1.7884797e-05,9.62596e-05,2.5705604e-06,4.3586692e-06,1.6153792e-05,1.2637211e-05,5.689145e-07,2.7758716e-07,5.5001213e-13,1.18016e-10,7.7015304e-13,6.3968493e-09
1.9217649e-05,2.9793133e-05,0.00070758286,0.005250367,0.053338166,0.15905651,0.10901037,0.08315691,0.08126505,0.33367398,0.0065701287,0.009573221,0.11896605,0.008755644,0.00023232377,0.010149058,0.00059497514,7.966644e-06,0.019613432,2.5621e-05,2.3873395e-06,1.1055502e-06,1.0322885e-07
0.03170055,0.2020347,0.32208848,0.25860676,0.11085125,0.035668403,0.011004848,0.0109239025,0.0041910214,0.0012576464,0.006453794,0.0011116031,0.0013331925,0.00024523606,0.00013385565,0.0008336491,0.0011583661,0.00018743238,8.35202e-05,3.7552312e-05,3.0478468e-05,4.2361637e-05,2.1436732e-05
0.0010137047,0.0056240964,0.22030166,0.119146354,0.17698495,0.078081995,0.14397652,0.13196956,0.024386868,0.01796364,0.06866633,0.001780779,0.008937551,3.1331965e-05,5.065254e-05,0.0007560588,0.00028319855,6.5516783e-06,3.2764485e-05,2.5636784e-06,1.2937847e-06,7.976023e-07,7.6792645e-07
2.1923286e-07,3.7251656e-08,2.4802142e-07,5.585692e-06,0.0007241205,0.0033663828,0.039718416,0.099941686,0.2823027,0.041559014,0.033829246,0.000117849726,0.009604205,0.00032393553,2.2625895e-07,0.4503084,6.160565e-05,3.3547328e-06,0.03812633,3.2282355e-09,6.3043335e-06,1.98166e-09,1.7965523e-07
1.6388182e-06,1.5776291e-07,4.020153e-06,4.992218e-06,0.001311845,0.0010577772,0.07942729,0.028346665,0.49654317,0.30956706,0.02668079,0.0010838059,0.0015174595,0.00017090546,7.880202e-08,0.05216125,0.0012430886,3.5392225e-06,0.0008670439,4.998887e-10,1.118681e-07,7.0236337e-09,7.2772373e-06
2.631505e-05,3.5741872e-05,0.0006947584,0.010650859,0.092245705,0.22421096,0.11644686,0.07221819,0.06595488,0.2562518,0.002913822,0.0019180096,0.11305107,0.0034171504,9.3556184e-05,0.0041477312,0.00036461127,9.811549e-06,0.03533676,8.741848e-06,1.5072161e-06,1.0208611e-06,1.130341e-07
8.119426e-07,3.2649905e-06,5.6764093e-05,0.0021420121,0.011497681,0.4522013,0.3133998,0.10124338,0.047577966,0.014486128,0.000905635,0.052657958,0.0033584975,0.00015004832,1.986072e-06,0.00024014946,7.303648e-05,4.078244e-07,3.129498e-06,2.7419385e-09,1.5375816e-08,8.0788745e-09,4.975563e-08
7.8647744e-08,1.5929784e-08,4.5979178e-07,1.3224272e-05,0.0003456443,0.00069301337,0.060535986,0.056145225,0.13405558,0.031186547,0.49911413,0.015894309,0.054181524,0.00480934,2.819107e-07,0.09476624,0.0049217613,8.196566e-07,0.04333532,6.929918e-10,2.680014e-07,1.546613e-10,2.30822e-07
0.009947993,0.10872623,0.25205606,0.3267318,0.17644443,0.07861919,0.013877164,0.015502768,0.0054272,0.0014340465,0.006371539,0.00084310723,0.0012470279,0.00016963777,4.3783293e-05,0.0006914831,0.0017018571,7.32536e-05,4.7771424e-05,1.555911e-05,9.829446e-06,1.25522365e-05,5.7364678e-06
3.609258e-06,1.9128442e-05,0.0043347073,0.054700065,0.12697427,0.14665349,0.4230141,0.122391865,0.046995178,0.02805067,0.010985167,0.0016472624,0.034027904,1.0673889e-05,3.1314685e-06,0.00013734533,4.127545e-05,9.226862e-08,9.980118e-06,1.1845812e-08,1.5530036e-08,1.5747115e-09,2.8102964e-09
1.6604015e-05,0.000113241425,0.010209699,0.11122158,0.100535296,0.20526673,0.261319,0.09767344,0.09377567,0.036645327,0.040438134,0.0028604243,0.038628362,2.0618047e-05,3.1391613e-05,0.0005945642,0.00062095287,2.307671e-06,2.604462e-05,1.3672854e-07,2.2011623e-07,7.14467e-08,1.6602573e-07
8.2857605e-06,2.291155e-06,1.661633e-05,6.5841436e-05,0.0025297562,0.03345993,0.04535052,0.27462325,0.021501787,0.113328725,0.050593615,0.066906705,0.27036497,0.088831894,0.015456416,0.0005302508,0.012431985,0.0019511459,0.002035827,4.682053e-06,1.1952307e-06,1.7731202e-06,2.5193863e-06
4.7109843e-06,1.1930155e-05,0.0014234681,0.012514016,0.060641542,0.14477623,0.28085124,0.14076006,0.0685848,0.11796934,0.027214833,0.003212058,0.13977285,0.00017043392,0.00015229912,0.00097511284,0.00076488085,2.4553453e-06,0.00019648254,9.692393e-07,2.683502e-07,3.9132455e-08,4.477919e-08
9.2347153e-07,8.9308804e-07,2.3426705e-05,0.00093309005,0.007841572,0.15247728,0.13163309,0.37737373,0.069003314,0.10111794,0.023780368,0.041580208,0.084954955,0.0011770446,0.0011715308,0.0007717366,0.005826632,7.268763e-05,0.00025851085,1.4910714e-07,1.5065126e-07,4.5663498e-08,7.21554e-07
0.016799413,0.14382291,0.30539626,0.29904398,0.13898598,0.051328853,0.012503329,0.013920747,0.0047630733,0.0013157685,0.007180932,0.0010130053,0.0011709507,0.00018831261,7.094664e-05,0.0007597253,0.001499601,0.0001013629,5.8921083e-05,2.4439481e-05,1.7051618e-05,2.293686e-05,1.1528341e-05
0.0041147955,0.06684698,0.2628131,0.33068562,0.18166462,0.07956071,0.02184354,0.025736922,0.0070999954,0.0022114858,0.011778337,0.0009863785,0.0020273018,0.00011438508,4.3103417e-05,0.00079348986,0.0015861725,3.3629152e-05,3.844223e-05,8.034679e-06,5.707675e-06,5.029177e-06,2.2617144e-06
0.024127396,0.16820791,0.3125455,0.2848556,0.12780929,0.042826597,0.011135351,0.012562039,0.004022068,0.0012199363,0.0056132246,0.0011504185,0.001141191,0.00029155303,6.6285116e-05,0.0010011599,0.0011506769,0.0001159113,6.0835286e-05,4.0425406e-05,1.7959277e-05,2.8437675e-05,1.0243705e-05
0.007991636,0.09536982,0.25966495,0.31385058,0.1732491,0.068993926,0.022538086,0.021877456,0.008917453,0.0023456975,0.016280403,0.0017579785,0.0028417245,0.00024031065,0.00012288964,0.0010561065,0.0026360424,0.00010572312,8.9060144e-05,2.1132428e-05,1.9607849e-05,2.0038351e-05,1.0343821e-05
8.923463e-07,3.3419644e-07,5.8680694e-06,6.6689754e-05,0.0062391716,0.06948756,0.2953051,0.11116445,0.13149151,0.36893955,0.0071884505,0.005910378,0.0026418064,4.6210906e-05,6.7406734e-07,0.000997265,0.00035725627,5.439554e-06,0.00014845791,4.7792694e-09,1.3570053e-07,5.696182e-09,2.8333861e-06
6.910948e-07,4.3450842e-07,1.4584513e-05,0.0010375913,0.011804408,0.13137998,0.17664085,0.2986128,0.08772091,0.13870683,0.012831026,0.062356677,0.067791216,0.0018350275,0.00019445266,0.0035139145,0.003764733,1.43709085e-05,0.0017775684,4.2949944e-07,8.717572e-07,9.468486e-09,6.2717965e-07
0.00013388116,0.0038819108,0.066683106,0.23183377,0.16929759,0.42334792,0.056070093,0.021750646,0.013784971,0.0019256074,0.008282674,0.00047497594,0.0019954913,1.7481781e-05,6.552273e-06,5.598295e-05,0.00044992042,3.6470913e-06,3.403612e-06,2.7495604e-08,1.1284813e-07,8.464623e-08,1.4528013e-07
0.0148178,0.12269484,0.23053902,0.30834258,0.18533742,0.065802775,0.018514339,0.021217844,0.007975416,0.002378219,0.0100316005,0.002248305,0.0035962353,0.0007624201,0.00014126985,0.0023814621,0.0027263737,0.00020145057,0.00013582349,7.216902e-05,3.104422e-05,3.959499e-05,1.2045263e-05
0.21147546,0.42186922,0.2883753,0.047667265,0.01199674,0.0052490556,0.00334814,0.0026280314,0.0014109034,0.000537777,0.0021433819,0.00059779134,0.000516829,0.0003330723,0.00024041174,0.00054722757,0.00034273343,0.00036564827,0.000104182356,4.80307e-05,2.9500747e-05,0.000138116,3.5091318e-05
3.7291054e-05,9.653248e-05,0.0073610577,0.022106914,0.0924491,0.107441895,0.23607671,0.16850433,0.07377387,0.07902083,0.07027176,0.0064977617,0.1319418,0.00030843486,0.00041097164,0.0022317246,0.0012734466,7.4211744e-06,0.0001821457,4.3040013e-06,1.0659695e-06,3.4845877e-07,2.7185345e-07
2.2127174e-06,1.786552e-06,7.4271076e-05,0.0035762975,0.005656044,0.03892813,0.094196595,0.19094959,0.1317557,0.057110135,0.18120074,0.10496751,0.16251919,0.0048301285,0.018165026,0.00078250165,0.0046383715,0.0003615369,0.00028284764,2.0314631e-07,1.9082086e-07,2.3489146e-07,8.171306e-07
0.00016959854,0.0004537526,0.008824427,0.1715881,0.22975907,0.3080089,0.122135244,0.08833528,0.027832696,0.024662169,0.0029698259,0.0017301263,0.01283211,7.497071e-05,9.215967e-06,0.00024131565,2.8534045e-05,4.611692e-06,0.0003385309,2.8556585e-07,5.146307e-07,4.130318e-07,2.689485e-07
0.06532076,0.10674419,0.33186302,0.09340419,0.06604817,0.064789325,0.053005368,0.11371285,0.021747489,0.013112978,0.027388636,0.014433298,0.0099339625,0.0026186137,0.000497738,0.012295316,0.00090544386,0.0002741683,0.0011482827,0.00039394823,0.00012721577,0.0001837188,5.1330677e-05
3.3101307e-07,2.772322e-07,2.2549282e-06,5.578465e-05,0.0035488298,0.0111765,0.081078656,0.12744313,0.11778409,0.03981787,0.0046070623,0.0004677219,0.0062104748,0.00079926307,1.6537512e-06,0.6010496,0.00031604458,1.145343e-06,0.00563724,3.0254864e-08,1.9507054e-06,3.2628171e-09,1.0337058e-07
3.8244034e-06,1.2173597e-06,6.596731e-06,7.2899515e-05,0.00036744468,0.0057874434,0.008264424,0.08093043,0.074317284,0.0481684,0.15156704,0.39504817,0.040239844,0.010831887,0.05868432,0.006363678,0.019474497,0.09226439,0.004378535,1.2779861e-06,5.1096094e-06,8.136232e-06,0.003213125
6.303632e-06,1.5740034e-06,1.52408375e-05,0.00011138813,0.0062794075,0.010096865,0.44729024,0.2156382,0.1505459,0.10119751,0.03095967,0.033519298,0.0020611484,0.0002984189,3.212391e-06,0.0015419985,0.00039465315,1.3156169e-06,3.72841e-05,4.2191357e-09,1.1114805e-07,6.8411175e-08,1.7234395e-07
0.0002546033,0.0021593207,0.0049475064,0.24234146,0.11346519,0.27352357,0.112279385,0.07258087,0.041087672,0.018123267,0.008563861,0.0029779645,0.07601883,0.0098452335,0.00011316172,0.0061981427,0.009883012,0.0041929316,0.0013651601,5.6920224e-05,9.854024e-06,1.088888e-05,1.1635857e-06
7.542632e-07,6.077565e-07,5.849928e-05,0.008681886,0.010092007,0.03495323,0.27555004,0.1724612,0.12697019,0.01887631,0.111867525,0.14846364,0.0896111,0.0013017247,0.0001623607,0.00032837715,0.000535893,6.6558387e-06,7.79396e-05,8.808539e-09,2.654219e-08,3.8161874e-09,3.7469203e-08
5.0179456e-06,9.4949655e-06,0.00015441717,0.008574464,0.03377011,0.20982477,0.28764805,0.2560069,0.058638636,0.019629396,0.0011500902,0.087029785,0.030694975,0.005101157,1.4372866e-05,0.0013094766,0.00011761748,1.2509537e-06,0.000319408,1.7741993e-07,2.9226362e-07,3.6149768e-08,2.6701521e-08
3.3648564e-07,8.826209e-07,1.3101822e-05,0.0006970599,0.002385174,0.123615064,0.32225642,0.2089952,0.105522625,0.032553777,0.0073798383,0.16239406,0.020369027,0.0118316915,3.6159217e-05,0.0014994078,0.00040071853,2.8255884e-06,4.6384346e-05,1.45740815e-08,5.5078804e-08,2.0256739e-08,8.0602135e-08
6.256474e-07,1.0431698e-06,2.1813814e-05,0.0030960501,0.004466108,0.08792381,0.16271174,0.20768967,0.06218006,0.0151760485,0.010096177,0.38715193,0.036416948,0.021459803,0.00018057223,0.0008494231,0.00045513912,1.6236542e-06,0.000121099416,1.0522308e-07,1.0580257e-07,2.3536794e-08,3.074459e-08
3.204706e-06,1.0905195e-07,1.2625787e-06,6.717153e-07,6.89955e-05,4.9765877e-05,0.025613166,0.037437797,0.094901174,0.12953687,0.6852076,0.01865005,0.004580398,0.001284044,1.9412453e-05,0.00091279275,0.0016265812,9.946509e-07,0.00010450997,4.9447363e-10,3.24106e-08,2.707497e-07,2.8543192e-07
2.6251769e-06,4.2446645e-06,0.00012895445,0.014282362,0.09578636,0.3933793,0.29815605,0.11541761,0.045588013,0.030961437,0.0008776599,0.0010247887,0.0040373104,3.332522e-05,5.8549113e-06,3.874142e-05,3.943363e-05,2.265687e-06,0.00023358296,4.0640553e-09,1.976339e-08,1.0910632e-08,2.211386e-08
2.9292173e-07,4.4846115e-07,1.564032e-05,5.3540953e-05,0.019479653,0.023576507,0.2523563,0.010756537,0.21695085,0.4748504,0.0009285935,0.00024237756,5.7825968e-05,6.5175676e-08,1.0317812e-09,4.5660945e-05,0.00068522873,2.7615334e-08,5.514538e-08,7.067654e-13,2.9754588e-11,3.4753873e-11,3.354988e-08
1.9272808e-05,5.2923297e-06,6.9552465e-05,0.0011608502,0.041244037,0.08911092,0.3894819,0.17540388,0.22982019,0.03953534,0.007317471,0.025839685,0.0005943595,4.982451e-05,1.216373e-05,0.00024123659,8.395175e-05,2.9915673e-06,6.1273827e-06,6.786913e-09,8.767742e-08,7.9206174e-08,7.863271e-07
2.4663677e-07,2.385702e-08,4.7568602e-07,2.0581506e-07,8.059873e-06,2.145613e-05,0.021763932,0.027951311,0.13890408,0.35025123,0.28104198,0.028867338,0.019308543,0.0013850543,1.2122858e-06,0.0027433576,0.12768893,1.1264213e-07,6.2451116e-05,7.807974e-11,7.480573e-09,1.7792887e-08,2.0127901e-08
8.8543764e-08,5.846918e-08,1.5976493e-06,0.00023018682,0.00072115206,0.013330995,0.075513594,0.09453698,0.03962505,0.011190117,0.022766009,0.60050124,0.06621628,0.07482311,0.00017261239,0.00013660977,0.00015366159,9.949724e-07,7.969243e-05,2.1904626e-08,1.4210233e-08,2.658869e-09,7.705599e-10
0.0055686217,0.0624881,0.16062516,0.3349468,0.20578302,0.13012223,0.026357975,0.02707978,0.012824383,0.0028535167,0.013492622,0.002038783,0.0028693592,0.00051714346,4.140938e-05,0.0023704486,0.009762858,8.651132e-05,9.930214e-05,3.928298e-05,9.999353e-06,1.8903767e-05,3.8143617e-06
1.044327e-07,1.1215817e-07,4.089039e-06,0.0001776906,0.00394943,0.22584268,0.26319137,0.16081564,0.070856825,0.25395143,0.006271296,0.010814653,0.0031736072,1.2666885e-05,9.538124e-06,0.0002664693,0.00063089165,8.760859e-06,2.2047576e-05,6.0632073e-09,1.7361883e-08,3.88397e-09,6.8651246e-07
0.19498885,0.42105082,0.2884804,0.059690952,0.014524313,0.006278789,0.0038420744,0.0030409023,0.0015042294,0.00056744553,0.0023771771,0.0006896407,0.0005807179,0.0003913069,0.0002339866,0.00065090845,0.00038495983,0.00035347234,0.00010693925,5.8373436e-05,3.2864413e-05,0.00013760978,3.3317516e-05
9.753308e-09,5.4181584e-09,7.520865e-08,3.0061278e-06,2.526009e-06,5.2350737e-05,0.00011420982,0.001934607,0.007643271,0.003829868,0.05593078,0.048729733,0.039455295,0.14488782,0.57397157,0.0014397237,0.0050256327,0.11507513,0.0018977222,8.380156e-07,1.226637e-06,1.0825291e-06,3.5294393e-06
0.23255657,0.41026267,0.28891873,0.039478175,0.010003726,0.0046598394,0.0034451077,0.0025909857,0.0015049845,0.0006224622,0.0022634794,0.00064601074,0.00057549763,0.0003477513,0.0003142206,0.0005712288,0.0003646739,0.00044612418,0.00013141832,4.785518e-05,3.5241e-05,0.00016864922,4.4699147e-05
0.013533069,0.03154263,0.20511594,0.0929714,0.13926597,0.11683388,0.07623169,0.16014414,0.039230905,0.037253786,0.035581976,0.011968141,0.015988544,0.0021275172,0.00040664128,0.018865082,0.0007903758,0.00015071315,0.0014621472,0.00034056074,8.2067694e-05,8.825023e-05,2.4601424e-05
8.0341295e-07,3.5745128e-07,6.521441e-06,1.1688346e-05,0.0007267079,0.0026102434,0.1752313,0.09140453,0.17870812,0.207507,0.060288314,0.0031081715,0.0036778315,0.00082727696,1.7849262e-06,0.27408183,0.0013951341,1.1790961e-06,0.00041018808,6.0566934e-09,2.8689e-07,2.5515588e-08,7.209169e-07
0.09866169,0.33548796,0.36858058,0.12421375,0.0369226,0.013818188,0.0059655467,0.005280977,0.0022554558,0.00075075176,0.0039217817,0.0008525625,0.0007191096,0.00030530186,0.0001659781,0.0007890578,0.0007467387,0.00025605553,9.0100395e-05,5.6835575e-05,3.3448512e-05,9.441323e-05,3.102913e-05
0.00025958286,0.0007883624,0.0057074344,0.056907378,0.048068885,0.5193015,0.16989623,0.087064505,0.024817513,0.00277818,0.002158769,0.07523521,0.006752974,7.723774e-05,5.8622268e-06,9.596464e-05,8.051777e-05,1.1223415e-06,2.138998e-06,4.6444715e-08,1.1698491e-07,1.856329e-07,2.7113592e-07
2.5684562e-06,4.5155667e-07,2.5772845e-06,3.0169249e-05,7.6420016e-05,0.00074207573,0.0008545851,0.011004246,0.015702143,0.033696324,0.08099609,0.16718483,0.11339916,0.057209123,0.2515474,0.018511763,0.08759543,0.005162697,0.15147267,9.708647e-06,0.0005152724,1.2596628e-05,0.0042716893
1.6253736e-06,2.7412946e-06,5.172636e-05,0.0038757222,0.0309286,0.38395953,0.2762394,0.16738857,0.050994042,0.020156339,0.0017278491,0.062470146,0.0020381366,6.570316e-05,2.5557369e-05,1.963446e-05,4.712259e-05,1.6947888e-06,5.805928e-06,1.8706408e-09,1.30713955e-08,1.0308933e-08,5.072193e-08
3.1334575e-06,5.4840933e-07,3.2410553e-06,1.7583483e-05,0.0010044267,0.00259506,0.1341469,0.11427164,0.21929717,0.4141203,0.060019266,0.049943175,0.001893563,0.00047611498,0.00022447962,0.0006862679,0.0012710859,8.398484e-06,1.444101e-05,3.1779084e-09,1.0767333e-07,3.058891e-07,2.8482934e-06
4.1529483e-06,5.1823067e-06,0.00013816051,0.0022388047,0.037474282,0.15497816,0.102526635,0.067919664,0.08261311,0.34705094,0.0033998669,0.012742168,0.12386849,0.016601216,0.00020234469,0.005359472,0.0005490929,3.9910337e-06,0.042311955,1.0692771e-05,1.3561389e-06,2.5159792e-07,3.031083e-08
4.795572e-07,3.8272626e-07,3.067407e-05,0.0033664631,0.013822336,0.03927133,0.482156,0.18373546,0.1312355,0.025253544,0.026206804,0.058467645,0.034851518,0.0005734118,6.5410036e-06,0.00064283045,0.00024857707,1.7082049e-06,0.00012870446,3.6232684e-09,2.595655e-08,6.4999794e-10,2.9884184e-08
1.6139994e-06,3.4094396e-07,3.1603106e-06,7.467113e-05,0.002510748,0.035256397,0.060858145,0.24626392,0.07547413,0.23573108,0.0112965815,0.09667278,0.10999628,0.023567341,0.00054479524,0.039941072,0.012858239,4.225103e-05,0.04885277,9.541592e-06,3.8450267e-05,8.7329646e-08,5.607822e-06
2.5591951e-05,5.798657e-06,4.346607e-06,1.2869154e-05,1.0619205e-05,5.9172027e-05,0.00013842336,0.0035366137,0.004375725,0.0038134446,0.020685831,0.0045780167,0.011216506,0.0033478942,0.045814738,0.06594383,0.004766383,0.000822363,0.032553326,3.7468021e-06,0.00045162253,0.0044711954,0.7933619
0.004284858,0.07956886,0.28800526,0.35503414,0.16290255,0.079873845,0.010058853,0.010262736,0.0036301704,0.0007773031,0.003997421,0.00030830546,0.0005422645,2.3255077e-05,1.2989845e-05,0.00015398023,0.00052567426,1.8093153e-05,1.22896745e-05,1.5192919e-06,2.0929967e-06,1.9518961e-06,1.5648727e-06
0.00024229937,0.0003249135,0.0032394743,0.013202859,0.123730205,0.14621238,0.083989605,0.090600125,0.05777763,0.24570791,0.008381944,0.0032620202,0.120035544,0.01516175,0.00017569851,0.04062476,0.0010038945,3.3103366e-05,0.046092067,0.00018070085,1.1611545e-05,8.9262685e-06,5.363934e-07
2.8996126e-05,0.00010564509,0.0041311327,0.016517969,0.09877497,0.12784608,0.12780307,0.17403544,0.015571699,0.34699658,0.0066902745,0.00013145318,0.07810935,0.000105971834,2.0643029e-05,0.0019188067,0.00022070803,2.3251e-06,0.00097531517,1.220917e-05,1.0187061e-06,1.7293833e-07,1.7100669e-07
1.837012e-05,1.3049255e-05,0.00010723859,0.0025446925,0.009958638,0.058226027,0.08144255,0.111694895,0.05584466,0.03340565,0.017437946,0.4388147,0.11370535,0.07162439,0.0017163396,0.00077494327,0.0013603279,5.0825387e-05,0.0012509067,3.6592496e-06,2.2315405e-06,1.9040509e-06,7.073142e-07
4.6726822e-07,2.1506414e-06,5.0929237e-05,0.0010884426,0.0048529706,0.05004138,0.1554058,0.37470552,0.16223778,0.104326785,0.07012812,0.006514269,0.053608134,0.0057694702,0.00081328163,0.0048325686,0.0050331117,0.0001579675,0.00042343113,4.012838e-06,3.3670467e-06,1.7014111e-08,3.2824342e-08
2.6932312e-06,7.9213027e-07,8.432766e-06,0.00010538732,0.0061779665,0.018750304,0.3959755,0.1647161,0.20125958,0.13472766,0.014833434,0.061433297,0.0010777893,0.00017354234,1.4905649e-05,0.0004541797,0.00027894796,1.8067141e-06,7.217634e-06,2.4987865e-09,4.984331e-08,4.9444584e-08,3.9249207e-07
0.003769827,0.06148918,0.23333131,0.31895187,0.19495161,0.09290232,0.027611975,0.028287295,0.009806735,0.0027561537,0.017475912,0.0014209448,0.003133605,0.00017363393,7.332077e-05,0.0009742066,0.0027618993,4.695958e-05,5.3312597e-05,1.07361075e-05,7.668368e-06,6.656824e-06,2.9193802e-06
1.0908864e-05,1.8782937e-05,0.0010210732,0.0048690387,0.05420661,0.09285481,0.13524531,0.16310701,0.024363745,0.2904501,0.009023534,0.0009525086,0.21896246,0.0005331707,0.00015729692,0.0018618042,0.00071638956,2.9308662e-06,0.0016282848,1.3102502e-05,8.5908437e-07,1.2954337e-07,1.0572073e-07
1.3372297e-06,7.4099202e-09,2.7955696e-07,8.012799e-07,0.0003383822,4.9323873e-05,0.13766308,0.08313972,0.5447615,0.04919391,0.1072939,0.077526,1.0427797e-05,2.987991e-07,1.6006084e-08,6.4556402e-06,1.4584517e-05,2.6160366e-10,2.1316728e-09,7.220349e-15,5.7072635e-13,1.9374056e-11,9.1019615e-11
0.011310865,0.08983321,0.17255084,0.34581965,0.19329989,0.0850973,0.023071611,0.022515293,0.011444838,0.0024220601,0.015680501,0.00468583,0.004692285,0.0017363649,9.817223e-05,0.005401783,0.00970003,0.00021315459,0.00018185505,0.00014388107,2.5243005e-05,6.597682e-05,9.419345e-06
5.1602267e-08,3.0012057e-10,3.5912915e-08,5.46908e-09,1.9964725e-07,1.4172524e-07,0.0015900033,0.0027162207,0.12320845,0.17492008,0.67863923,0.010016968,0.001251737,0.00010045814,2.5653043e-07,0.0004545021,0.0070994226,3.6339902e-09,2.319515e-06,6.053981e-14,1.4595682e-11,1.2380783e-09,5.0832565e-09
3.45703e-05,0.000263182,0.0055944207,0.07099202,0.5278002,0.35908127,0.027286673,0.004256496,0.0029239017,0.0015153675,0.000117801435,1.2523076e-05,0.00010917068,2.0643488e-06,5.624095e-07,8.2261e-07,2.8739994e-06,5.541348e-06,5.6141334e-07,9.2237523e-10,8.584444e-09,1.4220619e-09,6.377483e-09
6.259042e-07,7.412614e-07,6.733408e-05,0.002588528,0.086071365,0.22826964,0.17938204,0.1730245,0.024089197,0.18716289,0.00041929208,0.00029510088,0.11617583,0.00015910916,2.6459377e-06,0.00011755155,6.7559464e-05,1.1712028e-07,0.0021058302,4.3458538e-08,1.7442858e-08,7.5815376e-10,1.3836485e-09
1.0647776e-05,1.2376244e-05,0.00035005482,0.004154388,0.03516986,0.15384854,0.13092759,0.23945543,0.04283737,0.122252814,0.01704995,0.0039754896,0.24349192,0.0008296899,0.0006052643,0.0015513964,0.0027220615,3.4556848e-05,0.0007150972,3.6329398e-06,6.283947e-07,3.2127167e-07,8.9477e-07
5.69237e-07,2.2324969e-06,9.954177e-05,0.0034488423,0.01228337,0.3141399,0.26104307,0.1268035,0.1083916,0.14095856,0.012965843,0.0060521,0.010576256,1.4816885e-05,3.877149e-05,0.0007706402,0.002382543,7.3284577e-06,1.99394e-05,1.8775408e-08,4.4840146e-08,1.7422206e-08,4.928883e-07
2.1857039e-05,4.4468135e-05,0.0025754147,0.013122611,0.06813085,0.13078131,0.20821774,0.17795643,0.07828661,0.09138227,0.04676687,0.0074350582,0.17106855,0.0005450136,0.00057958654,0.0015120623,0.0012595335,1.5342575e-05,0.000294302,2.6325138e-06,9.1706704e-07,3.2298513e-07,3.0969156e-07
8.18985e-07,1.2901619e-06,7.976554e-05,0.0031993636,0.022044707,0.25303438,0.19606283,0.19215487,0.03954756,0.16227461,0.0062664514,0.0012947867,0.121331125,0.00011247387,8.760167e-05,0.00058039435,0.0014814283,5.2324763e-06,0.00043973335,3.3604664e-07,9.185655e-08,1.9425448e-08,1.1718061e-07
4.18886e-07,2.4552099e-08,7.51329e-07,5.1870154e-07,6.914785e-05,5.021626e-05,0.02215738,0.029595697,0.13168335,0.19039051,0.58588505,0.0029611664,0.001329682,0.00026111063,9.0306884e-07,0.033805884,0.0015438878,2.1031799e-07,0.00026341766,2.1316326e-10,2.0919288e-08,1.9030125e-08,6.576165e-07
0.061521713,0.073405474,0.20926979,0.08293394,0.09312182,0.08190771,0.08467354,0.15513301,0.03226179,0.022654984,0.025530031,0.027395915,0.021191053,0.0057884995,0.0005528863,0.018859917,0.00076249015,0.00020163794,0.0020512245,0.00044110866,0.00015054073,0.00015991247,3.104355e-05
2.6388548e-07,1.0746022e-07,2.0302377e-06,0.00010689085,0.00038108078,0.027719883,0.02239039,0.15369906,0.03492937,0.046430014,0.05060602,0.55878425,0.049539093,0.0032426836,0.012264523,0.009382869,0.029127335,0.0002980886,0.0010661379,3.3048743e-06,2.3165644e-06,1.3794256e-07,2.4265892e-05
7.7857165e-10,1.1423054e-09,2.2267102e-07,2.1110178e-05,0.0034447766,0.08224949,0.39362124,0.018251287,0.030293789,0.47181922,0.00026706108,1.284559e-05,5.895493e-06,2.2916955e-09,2.1190168e-11,8.043204e-06,4.861651e-06,5.782963e-10,4.648927e-08,3.099952e-14,3.4797404e-12,7.35509e-14,5.4748234e-10
2.794805e-05,0.0005799485,0.021422887,0.14377764,0.30512884,0.4330963,0.06686007,0.014628223,0.0093494905,0.0025776152,0.0014767617,0.00014507286,0.000846136,3.596654e-06,4.861328e-06,1.2027726e-05,6.0735176e-05,9.834683e-07,8.339164e-07,3.1203198e-09,1.9031079e-08,3.8214476e-09,1.5802135e-08
6.435145e-09,5.735517e-08,1.18865455e-05,0.00035848457,0.010219786,0.30532753,0.28548628,0.07320007,0.2300788,0.09378083,0.0009247519,7.1086564e-05,0.00041312998,5.0556323e-06,7.3566525e-06,1.9554138e-05,9.428242e-05,7.0242635e-07,3.603732e-07,2.2862528e-12,1.9370175e-10,5.283009e-12,6.098847e-09
3.349759e-07,8.223654e-08,1.2024722e-06,1.3292787e-06,8.240796e-05,0.00025379448,0.052263834,0.06901498,0.18891412,0.32890168,0.19618613,0.010266811,0.020068685,0.0033697693,1.0214264e-06,0.097013496,0.032767635,2.1623195e-07,0.0008922921,1.5769769e-09,1.0932289e-07,1.5387995e-08,4.865667e-08
7.922574e-08,2.7984355e-09,2.2644986e-07,7.2260065e-08,4.600949e-05,8.7387425e-06,0.026926506,0.018910334,0.4709285,0.30007753,0.123776674,0.0011983991,0.00037440888,1.0602961e-05,2.4083874e-10,0.056023773,0.0017063529,3.6677479e-09,1.1747797e-05,8.899173e-14,2.7093607e-11,2.8600402e-11,8.603543e-09
9.4827345e-07,5.014417e-07,2.318771e-06,7.467431e-06,1.589366e-05,0.001025005,0.00036027897,0.0077073546,0.0037768488,0.013473816,0.05928744,0.06908036,0.1740914,0.18118091,0.36887816,0.02984351,0.015796026,0.05878174,0.0151697965,0.00012477754,0.0011676429,0.0001100978,0.000117663796
4.9969486e-07,9.3182376e-07,4.1541184e-06,4.6416008e-06,5.511617e-06,0.00035697746,0.00012896687,0.004427208,0.0014663604,0.0033358582,0.17429699,0.0578879,0.13019861,0.068514735,0.0152524365,0.38749593,0.04086161,0.0018055844,0.009729027,0.08913326,0.014853712,0.00023618923,2.9258692e-06
4.7327435e-06,9.4520107e-07,1.0124762e-05,0.00013741596,0.0013398646,0.015125505,0.024217686,0.096879914,0.09959135,0.12010141,0.17002232,0.36437175,0.052197937,0.007931131,0.0039348337,0.007347164,0.010561424,0.0035212839,0.021979459,2.439651e-06,3.3470384e-05,5.08202e-07,0.0006872908
4.0925247e-08,1.523227e-08,1.1289154e-06,0.0003577624,0.000752503,0.002332717,0.0675057,0.0561159,0.10094862,0.008628054,0.47704655,0.24210149,0.03899501,0.002798481,0.00026740268,0.00039344913,0.0013603554,2.5550098e-05,0.00036908485,1.2901663e-09,1.39155105e-08,9.46325e-10,2.1853425e-07
3.3204108e-06,7.2861226e-06,4.2620468e-05,0.00020673093,0.0014789021,0.010420897,0.018813062,0.04834589,0.0635435,0.22589943,0.23593244,0.08588516,0.09632142,0.119710274,0.024781136,0.029129155,0.016598271,0.002468204,0.018884776,0.0013795232,0.00013477329,1.1346609e-05,1.8114761e-06
3.1224206e-06,6.3553415e-07,1.7285795e-06,1.8157933e-05,1.757383e-05,0.00023826635,0.0002113192,0.005613552,0.006958802,0.0076121585,0.044183705,0.03291896,0.084927075,0.018453825,0.38009283,0.03978483,0.16740543,0.0013336234,0.14243425,8.936322e-06,0.0020646888,6.729481e-05,0.06564923
5.762256e-07,4.7753605e-07,2.1247804e-05,0.0003337727,0.0027848738,0.03304345,0.046430912,0.07051088,0.025470864,0.35927382,0.016106412,0.0034577367,0.40547258,0.0036128934,0.0019299485,0.0097893495,0.015485253,1.5041207e-05,0.006108587,0.00014902523,1.9342424e-06,1.7051462e-07,1.7676015e-07
0.007947381,0.11396032,0.29480535,0.31054303,0.15077083,0.06891943,0.015144468,0.016491499,0.005643359,0.0013502443,0.009752954,0.00077871775,0.0009653148,9.7770055e-05,3.8891205e-05,0.0004965493,0.0021800557,4.335203e-05,3.8782757e-05,8.976091e-06,7.0974224e-06,1.0118921e-05,5.555101e-06
5.0101914e-07,5.500906e-06,0.00057344075,0.0067187985,0.11696384,0.6440163,0.16536237,0.019548828,0.025292626,0.020576293,0.00040295493,5.366014e-05,0.00041987005,3.7301513e-06,1.03576685e-05,5.755396e-06,4.350896e-05,1.0544197e-06,5.4007444e-07,2.1020334e-10,3.3273495e-09,1.0830334e-10,4.5259503e-09
0.0012761096,0.01812597,0.06475797,0.47431585,0.2270633,0.1666807,0.021420239,0.014347395,0.0046793516,0.0016491148,0.0023464565,0.00027924398,0.0021754678,0.000110997,7.877764e-06,0.00018588162,0.0004656144,6.877529e-05,3.8256516e-05,2.0143939e-06,1.4690178e-06,1.4872005e-06,4.5683765e-07
0.00016522392,0.0011616593,0.025224602,0.31826293,0.105188,0.33070728,0.09220487,0.09073248,0.019300668,0.0045024706,0.0025518937,0.0044313073,0.0052571706,1.8261246e-05,1.5503493e-06,0.00025180113,1.9310635e-05,9.4277044e-07,1.6960055e-05,8.7867434e-08,2.3036786e-07,1.5910283e-07,1.3862024e-07
6.2649704e-08,5.33701e-07,5.625535e-05,0.0017930873,0.02689281,0.32888794,0.36730167,0.11976778,0.099392965,0.052983448,0.0013111089,0.00014268734,0.0012535884,2.2117127e-05,6.7014495e-05,2.9903786e-05,9.2022085e-05,3.080492e-06,1.931239e-06,1.3212324e-10,3.8215764e-09,4.4744545e-11,5.618731e-09
0.0010504848,0.01765533,0.07653848,0.30241185,0.21718754,0.20729907,0.05482455,0.051106706,0.02151123,0.0098754205,0.014264705,0.0018296293,0.0111160325,0.0006837047,5.1084513e-05,0.0029180038,0.009339888,0.00011694566,0.00018543955,2.146373e-05,5.4559873e-06,5.9385375e-06,1.060562e-06
5.2386383e-07,3.5067197e-07,7.5229955e-06,5.3259733e-05,0.00026995188,0.0053790146,0.011070794,0.045081034,0.020778488,0.12725815,0.1794874,0.061284095,0.28755268,0.06159637,0.0462562,0.061058957,0.08345191,0.00028456937,0.0044115363,0.0046991827,1.5309954e-05,1.956563e-06,7.817513e-07
2.6675872e-08,4.893995e-08,2.8144832e-06,0.0002641009,0.09044986,0.5610627,0.23398055,0.014167533,0.032580182,0.06742767,3.202441e-05,8.087115e-06,1.6349217e-05,2.1440965e-06,1.8223636e-07,8.441964e-08,1.4370909e-07,5.3310478e-06,7.387315e-08,6.498887e-13,8.663287e-11,1.3869913e-12,3.1686992e-10
6.7105276e-08,1.9852443e-08,4.0196713e-07,5.240433e-06,1.2721198e-05,0.00158951,0.0019162257,0.028647702,0.007890374,0.02029315,0.13596064,0.29807097,0.08101609,0.060418908,0.27502802,0.015249252,0.0695799,0.0027480987,0.0013436341,0.00021325251,1.213223e-05,5.913202e-07,3.0912688e-06
0.0039173504,0.059330877,0.21945895,0.29435113,0.21877672,0.15106039,0.018086448,0.01372132,0.007793582,0.001450975,0.007081853,0.00064770156,0.0012276395,6.7339926e-05,3.835878e-05,0.00035260624,0.0025449526,4.0281244e-05,3.298145e-05,3.5385196e-06,5.4565608e-06,5.256067e-06,4.2899014e-06
3.7226908e-08,1.3289413e-07,6.172011e-06,0.0005822835,0.012120205,0.40935686,0.36275762,0.08442973,0.021258807,0.1078935,0.00011748022,2.2532766e-05,0.0011951927,6.9690344e-05,7.8175935e-06,4.6297964e-06,2.3138068e-06,0.00016191357,1.30043145e-05,6.243394e-10,1.279504e-08,2.05707e-11,2.0641822e-09
1.529707e-06,2.3716439e-06,0.0002624606,0.002545268,0.024469528,0.06856553,0.18246303,0.13252057,0.058564004,0.2343945,0.039663147,0.007542355,0.24214037,0.0009760834,0.00048420587,0.0026210456,0.0018068932,1.9083227e-06,0.00096625905,8.115079e-06,7.018774e-07,3.0911362e-08,2.505225e-08
1.9727772e-06,3.6803292e-06,4.8618378e-05,0.0004950957,0.021382716,0.07686632,0.13102032,0.02674103,0.14108625,0.5847899,0.006802072,0.0059432643,0.0011670503,6.792338e-06,2.3840075e-06,0.00019888188,0.0034221301,6.7721708e-06,6.3720786e-06,1.2349898e-09,1.3483573e-08,2.4832703e-08,8.395277e-06
8.7681184e-07,2.3988414e-06,9.436263e-05,0.0011476252,0.013820245,0.057333615,0.6131201,0.111411855,0.119943686,0.07651973,0.0013487014,0.00067320245,0.0030453892,4.296067e-06,1.2541059e-09,0.001271405,0.00025899796,6.6299165e-08,3.4787163e-06,3.7628647e-11,7.505654e-10,9.35923e-11,1.4050418e-08
0.009747773,0.110545695,0.27247897,0.3298433,0.17881785,0.06776147,0.0095305955,0.01088155,0.0034483317,0.00095801067,0.0036204802,0.0004620594,0.0008477816,7.559164e-05,2.9241535e-05,0.00029130018,0.0005590743,5.0942243e-05,2.7858834e-05,6.5318404e-06,6.3066404e-06,5.6160497e-06,3.6016834e-06
0.0067068306,0.08206347,0.2011357,0.3511891,0.21626365,0.090525664,0.016152896,0.017223718,0.005767575,0.0017855454,0.0057642865,0.0008700141,0.002118429,0.0002130237,4.5626253e-05,0.00071500975,0.0012866899,8.161802e-05,5.6128523e-05,1.3942864e-05,8.877926e-06,8.678119e-06,3.5891076e-06
6.2887525e-06,5.199921e-05,0.0007266314,0.005917503,0.023875197,0.4971344,0.25193244,0.04429607,0.12828572,0.008880068,0.009266954,0.0007237944,0.010979077,0.0003764889,0.00027085777,0.0030362632,0.014021881,0.00014334444,7.287547e-05,5.30882e-07,8.1741274e-07,2.8440465e-07,4.1026198e-07
0.010351992,0.030507399,0.15561302,0.08494094,0.16693787,0.105469175,0.04442892,0.042559374,0.06268666,0.0043995567,0.11928889,0.021116462,0.01227574,0.015287957,0.0005846592,0.017406791,0.09661253,0.0012043772,0.0076932306,0.00022048283,3.358975e-05,0.00036434148,1.602585e-05
2.133173e-07,1.467182e-06,8.928492e-05,0.0042621032,0.045755595,0.46554282,0.3256986,0.07915952,0.019519785,0.05805558,0.00019463417,2.9967998e-05,0.0015843587,3.020376e-05,8.196061e-06,1.1531743e-05,1.1251404e-05,3.2254342e-05,1.2652369e-05,1.4963684e-09,1.6171956e-08,8.971337e-11,3.3561793e-09
2.2131042e-06,4.0629006e-06,0.00020429392,0.0152989905,0.012468626,0.055435102,0.15928787,0.15418221,0.21521316,0.042249326,0.17094359,0.053542126,0.11518545,0.0007548218,0.0016075997,0.0007610859,0.0026535338,9.2571245e-05,0.000112488444,3.6225032e-08,1.1539606e-07,6.983657e-08,7.518069e-07
1.5011098e-05,7.0437836e-06,6.745823e-05,0.0001421002,0.007305761,0.008762554,0.09856539,0.0368956,0.42498258,0.32872272,0.020284444,0.004888612,0.004013169,7.798309e-05,2.4417998e-06,0.00976992,0.055201486,3.6885605e-05,0.00018834106,1.0110602e-08,1.3085608e-07,1.592466e-07,7.01634e-05
1.0431884e-06,6.185179e-07,1.3097379e-05,4.6174497e-05,0.00078504684,0.0056737512,0.014055083,0.033052694,0.009117914,0.16098632,0.038680352,0.010531088,0.5849051,0.06401656,0.008309175,0.026404588,0.032323614,6.0325212e-05,0.008438214,0.0025902335,7.672826e-06,1.1751856e-06,1.7166059e-07
0.0022795808,0.026411671,0.10440183,0.18451154,0.21705359,0.11548676,0.059237834,0.072681166,0.038734652,0.013882369,0.0815592,0.008593825,0.016420241,0.0019842668,0.0002682499,0.013441027,0.042188104,0.00021515606,0.00042709173,0.00015618515,2.9643325e-05,3.0763098e-05,5.246979e-06
0.0050763953,0.06388429,0.18248992,0.40047526,0.21041363,0.10199113,0.012992708,0.012437484,0.0036992952,0.0011147794,0.0030842088,0.00039081136,0.0009448756,8.609049e-05,1.3294208e-05,0.00025000074,0.0005734281,4.6104e-05,2.4187279e-05,4.4781664e-06,3.0849517e-06,3.22959e-06,1.3134181e-06
4.1817356e-07,1.3244663e-06,2.849304e-05,0.0014720083,0.018524598,0.24502096,0.42967936,0.21142913,0.049247734,0.026250558,0.00084605534,0.013798776,0.0026017153,0.00018633383,2.1164608e-06,0.0008327172,5.6909477e-05,5.1743626e-07,2.0148424e-05,3.0275509e-09,2.6750437e-08,3.7057488e-09,2.9467943e-08
0.09173404,0.33673617,0.31893918,0.16093776,0.047853526,0.016422538,0.006947381,0.006458566,0.002252684,0.0008483521,0.0043513835,0.0015189748,0.0010821817,0.0007726727,0.00016651876,0.0015210122,0.0007797454,0.00027455614,0.00011527121,0.000116034615,3.791294e-05,0.00010994626,2.3580204e-05
2.568899e-05,0.00013178067,0.008441177,0.019936796,0.05767107,0.07444379,0.17736094,0.13782568,0.08757195,0.14694433,0.21381785,0.0040124743,0.060688842,0.00020609562,0.00027360878,0.007017409,0.0034212552,8.8249e-06,0.00017398733,2.3395845e-05,2.1070343e-06,6.1406735e-07,2.711032e-07
0.00022475274,0.000108736975,0.00032939287,0.005530233,0.008991554,0.08306999,0.23277836,0.19021639,0.032083485,0.010778214,0.0041802353,0.4145178,0.016232103,0.0007522963,2.8591316e-05,3.39934e-05,0.00012918194,2.7535218e-06,1.104613e-05,6.116084e-08,1.5792983e-07,4.510133e-07,1.8095972e-07
0.014369637,0.12377093,0.2703043,0.29927725,0.16975443,0.057064585,0.017451035,0.02097319,0.006799964,0.002158,0.009422978,0.0017711308,0.0024104565,0.00043103012,0.000108703396,0.0016173815,0.001965407,0.0001378736,0.00010019833,4.6786336e-05,2.5194797e-05,2.8669301e-05,1.0853211e-05
9.723546e-05,5.282885e-07,1.1738962e-06,1.0504971e-06,1.2880641e-05,1.4847358e-05,0.022662723,0.18563867,0.054773856,0.012516642,0.40554965,0.31802282,0.0006108457,6.9581206e-06,4.451577e-05,5.0375616e-07,4.512168e-05,6.150791e-09,1.9545606e-08,1.7754831e-13,8.831551e-12,5.0317666e-09,1.4282084e-10
3.0383927e-07,9.711009e-08,2.7900014e-06,3.8660437e-05,0.0014819786,0.016621066,0.024078393,0.068632744,0.01553692,0.32022172,0.009864369,0.017288148,0.43725792,0.044044044,0.006769342,0.0025881275,0.013820398,2.6067215e-05,0.021667544,5.796219e-05,1.2137413e-06,9.264525e-08,8.3128434e-08
7.231053e-05,0.00017438394,0.004381784,0.1217518,0.34610114,0.2855803,0.1074038,0.086876236,0.017886665,0.02020705,0.0012491727,0.0002112338,0.0076978863,2.347671e-05,1.590021e-06,7.557099e-05,6.071741e-06,1.2958649e-06,0.00029807823,3.7604778e-08,6.6751326e-08,4.9817235e-08,2.5740082e-08
0.037527293,0.21677528,0.28040075,0.2769522,0.1334221,0.031052493,0.0077763917,0.0074381894,0.0022465242,0.00084320933,0.00254524,0.00070758624,0.00090328505,0.00023320621,6.0468035e-05,0.00048693872,0.00034388472,0.00016184965,5.0796098e-05,2.8487806e-05,1.751042e-05,1.7404202e-05,8.895048e-06
4.6712457e-06,3.078178e-05,0.00094847387,0.01584728,0.218541,0.6807019,0.06105332,0.0057709464,0.009816269,0.006840849,0.00020388179,3.267891e-05,0.00016763312,5.227358e-06,4.0685513e-06,2.695385e-06,2.0166959e-05,7.5068706e-06,6.807427e-07,1.0129911e-09,1.4839985e-08,1.454049e-09,1.926854e-08
0.00054180634,0.011069727,0.11188023,0.28273606,0.26865894,0.27395433,0.024819901,0.01085215,0.00729,0.0017398957,0.0038598308,0.00030872034,0.0013987663,2.0124575e-05,2.2769733e-05,0.00010695566,0.00071778224,1.2534986e-05,7.481078e-06,3.151397e-07,8.8075154e-07,3.3852368e-07,4.9845346e-07
3.9614082e-07,2.3471486e-07,2.1490368e-05,0.0029900516,0.00705094,0.03325057,0.25992715,0.20583208,0.14553808,0.030830776,0.07223447,0.15635256,0.082586594,0.0023897975,0.00027813241,0.00018600546,0.00040522908,9.4367315e-06,0.00011592345,7.2103226e-09,2.1486995e-08,2.2019118e-09,1.657175e-08
1.6871328e-06,2.7312504e-07,2.4859926e-07,9.95334e-06,9.463516e-05,0.09786981,0.003447832,0.1300427,0.029636389,0.015812378,0.015088864,0.22846195,0.45567912,0.0032802776,3.9031496e-05,0.00031429116,0.00015992112,0.0008296167,0.004493687,5.1990228e-05,0.01468322,1.5807907e-06,5.392658e-07
3.2136275e-06,3.1822726e-06,3.9184884e-05,0.0014929493,0.012409924,0.09966786,0.14961325,0.19643663,0.08586387,0.073665366,0.008510904,0.26983595,0.06458269,0.03445128,0.001190375,0.00034940065,0.00081608404,2.2319231e-05,0.0010443948,4.623589e-07,4.011248e-07,1.8688863e-07,1.1443007e-07
5.74864e-07,1.1853642e-06,4.815667e-05,0.002210599,0.00899034,0.33307758,0.20136999,0.2305818,0.06319226,0.121367194,0.00989758,0.0043244315,0.021739664,2.8306904e-05,6.187214e-05,0.0007553959,0.0022806958,1.0366661e-05,6.1445244e-05,6.80211e-08,5.1753354e-08,2.4755723e-08,3.5398244e-07
4.776857e-06,9.4835076e-07,3.2201503e-06,1.6761223e-05,0.0002768498,0.0038911782,0.023390474,0.09036437,0.04779184,0.054365303,0.3554675,0.024204765,0.08592111,0.094191015,0.059862632,0.002504474,0.15090737,0.0033439863,0.0034709638,5.1469806e-07,4.388012e-06,1.4880952e-05,7.061741e-07
9.000436e-07,8.538578e-06,0.00023513472,0.019772269,0.033928726,0.67591375,0.21081702,0.029516982,0.01349081,0.013673538,0.0003372236,3.2986638e-05,0.0020197162,3.6969046e-05,9.08913e-06,1.4192396e-05,5.1037186e-05,0.0001321294,8.92953e-06,7.0987025e-09,3.4048597e-08,1.5654363e-09,9.249892e-09
1.6631859e-08,1.2666052e-09,4.2519975e-08,1.28251925e-08,8.027734e-08,5.556527e-07,0.00031000897,0.0006865641,0.041790873,0.122106485,0.15376708,0.004143782,0.025226142,0.0019399746,4.044949e-06,0.00239583,0.64723885,1.813102e-07,0.00038944584,7.5275905e-12,2.9788754e-09,1.9873788e-08,1.1038482e-07
1.613767e-06,1.3709689e-06,2.485009e-05,0.0018595286,0.056930616,0.248928,0.3412817,0.19877751,0.08244377,0.059239827,0.001447568,0.0015339424,0.005267843,0.0002588413,3.6009318e-05,0.00014123038,0.0002964144,1.4018171e-05,0.0015151897,9.8477555e-09,7.4248355e-08,2.7080693e-08,6.694201e-08
2.0830912e-06,2.7404524e-06,3.373974e-05,0.0013917665,0.0070478274,0.10444157,0.26247865,0.27519462,0.07365338,0.025884045,0.003497311,0.17987151,0.036807854,0.02843706,3.766073e-05,0.0008441039,0.00018046232,4.1749386e-06,0.00018907743,9.962316e-08,2.3659021e-07,3.536597e-08,2.2467164e-08
3.237553e-06,3.893604e-05,0.000812213,0.097873256,0.2020114,0.5961622,0.07810139,0.015122937,0.0040494394,0.004805216,9.335239e-05,9.12095e-06,0.00082562177,1.20987e-05,4.9882374e-07,1.6241386e-06,3.2717887e-06,6.546355e-05,8.677049e-06,1.5142668e-09,1.0012365e-08,7.971807e-10,2.0947344e-09
1.625362e-06,4.992024e-07,7.66965e-06,5.1347793e-05,0.00277006,0.0094908085,0.2575997,0.08464969,0.39469796,0.1839742,0.01758469,0.044189047,0.0008204051,6.59037e-05,3.0977164e-06,0.0033205233,0.0007678538,5.3596864e-07,3.4507107e-06,1.2445401e-09,2.301169e-08,3.5244586e-08,8.8023114e-07
6.106968e-07,1.8917883e-06,4.8516707e-05,0.003449932,0.033012856,0.44167683,0.3375053,0.106900126,0.045617417,0.022339609,0.0007444548,0.007573835,0.00094629655,2.2236369e-05,5.5954415e-06,8.364297e-05,5.8368372e-05,1.036917e-06,1.1331704e-05,1.571678e-09,1.4257527e-08,6.0001786e-09,6.8704765e-08
1.5458447e-06,1.1621361e-06,6.4670617e-06,1.8317078e-05,0.000525503,0.0030963933,0.10026757,0.08394376,0.20169264,0.31264845,0.07444365,0.020107633,0.05121187,0.03460236,0.00079635106,0.0898221,0.020013554,4.0194733e-05,0.0067506838,1.4041913e-07,5.937521e-06,6.374366e-07,3.069475e-06
0.0070319497,0.091872126,0.22530107,0.31726253,0.20400672,0.08938761,0.019426124,0.017313685,0.008353371,0.0019269296,0.010862268,0.0012879355,0.0022380196,0.00018950293,0.000103172155,0.00069149846,0.0025501247,8.4156476e-05,6.3522646e-05,1.3784614e-05,1.3553634e-05,1.3045174e-05,7.338169e-06
2.7534309e-06,3.2295573e-06,7.4061674e-05,0.002500235,0.038589735,0.17143974,0.13719724,0.097015485,0.10380931,0.21610829,0.0027274536,0.034988042,0.1331781,0.027419731,0.0003119603,0.003074088,0.0007691804,3.8245803e-06,0.03078287,3.70784e-06,8.3579255e-07,1.4075702e-07,2.888597e-08
0.0012114176,0.023020178,0.14694567,0.36977404,0.25939652,0.16095811,0.016855251,0.011332209,0.0042487145,0.0013854661,0.0026337982,0.00025231935,0.0014506504,2.8985198e-05,1.5232042e-05,0.00010323568,0.00035126333,2.1338657e-05,1.2364516e-05,7.2611545e-07,1.3403717e-06,6.0547956e-07,5.5838996e-07
0.00043328424,0.0027721557,0.012274701,0.06355024,0.116656065,0.23977676,0.11871095,0.10220697,0.08027652,0.022353427,0.063999325,0.008393141,0.09096519,0.005975751,0.0032083227,0.025970988,0.039782077,0.0018431429,0.0007328423,6.172278e-05,2.887632e-05,2.2007387e-05,5.520432e-06
0.009109298,0.018610433,0.16628626,0.08165138,0.084307745,0.11357131,0.10409497,0.22511695,0.046126686,0.026090823,0.051355977,0.034985624,0.022838188,0.0024606856,0.00032577623,0.0110527715,0.00063504593,0.00010083674,0.0010009487,0.00017055818,5.239334e-05,4.5521298e-05,9.8148985e-06
3.2719453e-07,6.9798865e-08,3.000003e-06,3.6967114e-05,0.0003142377,0.0039573144,0.0123933,0.051974222,0.014368862,0.09369719,0.1794424,0.12680355,0.31013635,0.08736054,0.088003576,0.0046219695,0.023920815,0.00023585894,0.0026416685,8.6043874e-05,1.2961125e-06,2.7051962e-07,1.2167045e-07
0.011159531,0.12207502,0.3020785,0.2488603,0.14366569,0.06347097,0.02459614,0.024328286,0.011088619,0.0021507086,0.031523194,0.0028307613,0.0028419204,0.0005214505,0.00015099935,0.0015302066,0.0066812946,0.00015768554,0.0001612989,3.7604095e-05,2.5587236e-05,4.629831e-05,1.7951093e-05
7.8659957e-07,5.612547e-07,6.5819795e-06,0.00016715241,0.00051758124,0.017929507,0.025473474,0.1446723,0.16985823,0.062046245,0.1289315,0.31403267,0.031589672,0.004884404,0.0496208,0.008779233,0.0277874,0.013058417,0.0005442568,5.3812875e-07,4.729679e-07,2.569843e-06,9.566642e-05
5.0285953e-06,2.5014435e-06,1.7099466e-05,0.00060443906,0.008816752,0.061631184,0.19923945,0.304874,0.07796234,0.035539854,0.010945114,0.2926147,0.0060671656,0.0005515308,0.00015415334,7.757851e-05,0.0008684766,5.1642837e-06,2.2712902e-05,1.1338572e-08,9.2542955e-08,1.8548765e-07,4.130207e-07
2.10697e-08,9.2963255e-08,8.2155975e-06,0.00032954974,0.0030456288,0.2913419,0.48950306,0.0798276,0.095269576,0.038551666,0.00079909206,6.2786865e-05,0.0009408645,2.6416254e-05,0.00010108505,5.627143e-05,0.00012419595,9.677174e-06,2.3703674e-06,4.029958e-10,7.105699e-09,8.604843e-11,1.0662197e-08
1.0408019e-06,2.6885966e-06,3.7348247e-05,0.00027415698,0.00064013584,0.022866024,0.028757444,0.07257542,0.070835225,0.23824388,0.10398588,0.026105389,0.1295203,0.007098003,0.005654443,0.1594129,0.12274389,0.000100865465,0.0030752833,0.008037206,2.7607872e-05,2.4131218e-06,2.4061615e-06
1.6433984e-07,5.3967864e-07,2.9881268e-05,0.0011144751,0.019451402,0.31938058,0.29006147,0.0448451,0.07961969,0.23927575,0.002698221,0.0017362003,0.0013999381,1.2303165e-06,8.1444443e-07,5.0340488e-05,0.00033117877,6.295568e-07,2.2938955e-06,2.9630845e-10,2.0269526e-09,9.047336e-10,8.559975e-08
0.0017348469,0.028947003,0.12155256,0.22910342,0.2792312,0.23080298,0.03986992,0.022306165,0.016683185,0.0032866944,0.014680579,0.0014056342,0.0043255184,0.00017914461,0.00012564653,0.000640345,0.004991061,6.1899766e-05,5.4670025e-05,4.736698e-06,6.1291707e-06,4.3702266e-06,2.2984805e-06
0.019610783,0.15576798,0.24305068,0.30427817,0.1733201,0.04997795,0.014797282,0.01594334,0.00559189,0.0019379249,0.006646763,0.0018033609,0.0026768076,0.0007046771,0.00011549162,0.0019126168,0.0014014791,0.00020314594,0.00011525834,6.993616e-05,2.7156131e-05,3.5658362e-05,1.1519615e-05
0.15244105,0.38211274,0.36951053,0.05853329,0.0151631115,0.006406392,0.003946209,0.0033420748,0.0017242059,0.00062672514,0.0028867156,0.0006177582,0.000557716,0.00024695648,0.00020971271,0.0005490877,0.00048278127,0.00032704708,9.685571e-05,3.7078113e-05,2.7251906e-05,0.00011916024,3.554427e-05
2.5466578e-08,4.7213025e-08,8.8463446e-07,2.864698e-05,0.0008073035,0.05143273,0.1293455,0.39035356,0.10856497,0.18381917,0.01996266,0.0029634729,0.08047822,0.027985979,0.0024555696,0.0009338927,0.00014224526,0.00027805511,0.00044598206,4.032991e-08,1.0170126e-06,5.1470245e-10,2.472367e-08
1.3927896e-06,1.9116959e-07,3.3245306e-06,2.083938e-05,0.0041089943,0.004540818,0.39454058,0.14627527,0.22508603,0.17251316,0.03905892,0.012001566,0.0004637744,9.073061e-05,1.7318691e-06,0.001113803,0.0001654227,7.6352194e-07,1.2472644e-05,3.743606e-10,2.1434527e-08,1.3296415e-08,1.4110879e-07
2.889637e-05,8.228022e-06,5.5527904e-05,0.0009774518,0.020597108,0.06660875,0.16794036,0.17689303,0.11190997,0.12046464,0.08346222,0.08415658,0.085958116,0.04373218,0.0063195014,0.00056033133,0.023518521,0.00087599916,0.0059210993,1.3054464e-06,1.2098844e-06,7.439562e-06,1.5670856e-06
3.1345396e-06,5.2624813e-07,4.0137083e-06,0.00017020466,0.014467157,0.058785465,0.27204114,0.4789735,0.09849098,0.0496447,0.021204425,0.0020082102,0.0028182787,0.00038487997,7.111179e-05,7.4325144e-05,0.00049132487,0.000109338434,0.0002568847,2.8375255e-09,1.5017292e-07,8.207815e-08,1.778697e-07
0.0005586491,0.0002228162,0.00049652054,0.0036096538,0.02136935,0.05948124,0.14685652,0.25391304,0.02609337,0.020176783,0.01549696,0.31848463,0.11568955,0.015270757,0.000666036,8.814548e-05,0.0011597554,2.6042413e-05,0.00033089018,1.1039273e-06,1.0788548e-06,6.166327e-06,1.0004483e-06
1.2561947e-06,2.1927467e-06,3.440733e-05,0.0017406226,0.010910396,0.16191764,0.3067124,0.29472044,0.0623853,0.026967622,0.0017569199,0.10853348,0.017707737,0.006010356,2.0289546e-05,0.00039546913,9.1087924e-05,1.9520035e-06,9.031497e-05,2.7488179e-08,9.351182e-08,1.3504779e-08,1.2700438e-08
2.7532563e-08,8.363965e-09,4.121628e-07,2.9191506e-07,2.5013342e-05,9.78693e-05,0.013953213,0.013080825,0.060256038,0.036143832,0.027612006,0.0001013976,0.0006099589,7.916609e-05,7.139166e-09,0.8474027,0.00045373398,1.5841742e-08,0.00018328577,4.1182637e-11,6.2139116e-09,2.994951e-10,6.8129324e-08
1.0473786e-06,3.3995775e-06,3.2484364e-05,0.0021539847,0.0012882114,0.103159,0.090621136,0.061751142,0.050311945,0.017297268,0.016641458,0.5337268,0.103198335,0.018728826,0.00040174532,0.00011690429,0.00051767734,1.4113478e-05,3.412491e-05,3.5608444e-08,4.9093046e-08,1.4782223e-07,1.2986466e-07
0.034573548,0.20554604,0.307589,0.26877758,0.11906937,0.034423236,0.008876229,0.009251273,0.002911944,0.00094609,0.0039339843,0.0009759122,0.0010029264,0.00029528385,7.378289e-05,0.000766739,0.0006883933,0.00014335927,5.6911562e-05,4.0182906e-05,2.0267551e-05,2.6946418e-05,1.1032136e-05
1.1265306e-05,0.00029798524,0.009990884,0.042686354,0.1404669,0.58383906,0.15349716,0.026983365,0.02836041,0.0048298254,0.0064735715,0.00020158499,0.0015202416,1.1762953e-05,2.2609534e-05,4.5478315e-05,0.000754508,3.64045e-06,3.2548862e-06,1.1530491e-08,5.663925e-08,8.85459e-09,2.6430381e-08
1.476414e-07,1.067003e-07,4.2814554e-06,3.1262633e-05,0.009230806,0.032376185,0.4235328,0.055684157,0.11504447,0.3623705,0.00088538567,0.00028906786,0.0003473437,4.550068e-06,1.12379706e-08,0.00012982418,6.093506e-05,2.2295568e-07,7.985245e-06,3.186719e-11,1.5167976e-09,9.0319176e-11,1.3914147e-08
7.008133e-07,5.7750117e-07,3.5606994e-05,0.004447705,0.18037987,0.31862038,0.31560585,0.14815189,0.026096297,0.0062615606,0.00021848507,6.0214355e-05,0.000114625574,4.264339e-07,2.6559656e-08,1.9494664e-06,4.645617e-07,1.8135145e-07,3.1560387e-06,1.2081853e-11,3.078815e-10,9.544185e-11,4.844275e-10
3.4040073e-05,0.00035583225,0.0032733271,0.061614282,0.057713456,0.43204215,0.22568443,0.095932916,0.04639401,0.021188866,0.009233095,0.0008330828,0.033956043,0.0008132073,0.00018374312,0.0022870146,0.007605823,0.00066152797,0.0001866089,3.6147576e-06,2.1085136e-06,5.638745e-07,2.7974306e-07
2.0566975e-05,6.780396e-05,0.007969654,0.023759961,0.1226698,0.12384099,0.2728957,0.17298628,0.048846282,0.11324777,0.027423253,0.0021339757,0.082144655,0.00011345484,7.627389e-05,0.0012674631,0.00039403737,1.3381596e-06,0.00013809507,2.0529533e-06,4.344401e-07,6.777748e-08,6.196734e-08
1.2355629e-07,7.971841e-10,6.455161e-08,1.954649e-07,9.5355295e-05,3.9764374e-05,0.033073124,0.024052491,0.6951869,0.12700395,0.11772888,0.0024967785,9.354141e-06,4.4075737e-06,1.310076e-07,0.00029786755,1.0462342e-05,8.835481e-09,8.3415614e-08,1.1082422e-13,2.4578168e-11,4.049537e-10,5.2071872e-08
0.0020743802,0.032148838,0.12510747,0.23413277,0.22385882,0.16186656,0.051368404,0.05179144,0.027842414,0.0067587453,0.042346828,0.0031332036,0.0069656335,0.00059322984,9.163276e-05,0.003975416,0.025635537,8.958489e-05,0.00015623735,3.7331225e-05,1.0508277e-05,1.2321572e-05,2.6050968e-06
1.7552949e-06,1.7584927e-05,0.0010140096,0.014469161,0.04885318,0.1577114,0.30154857,0.26058492,0.1280704,0.03448073,0.036400568,0.0017084775,0.013434405,0.0002540048,0.00021573248,0.00040364757,0.00077912025,1.9758314e-05,3.237588e-05,4.7785576e-08,1.7303927e-07,5.6199947e-09,1.8616642e-08
5.0803055e-06,1.02179765e-05,0.00076241954,0.010664001,0.06556313,0.2318803,0.21802072,0.19084507,0.04951488,0.082788244,0.009954193,0.0031200808,0.13541062,0.00021770717,0.000111930996,0.00037758035,0.0005566422,3.8182225e-06,0.00019281442,2.6221332e-07,1.428716e-07,2.983167e-08,8.195072e-08
4.216605e-07,4.5816233e-07,1.4250118e-05,0.0016735997,0.07296976,0.27160645,0.38982838,0.15922277,0.051633038,0.049231738,0.00044279709,0.00016447327,0.0023268748,5.3950804e-05,1.8727934e-06,7.315481e-05,2.4320825e-05,3.8518474e-06,0.0007278797,1.2731872e-09,1.7638373e-08,1.6380913e-09,7.3626474e-09
1.1229488e-06,4.0659015e-06,0.00037033364,0.0133045,0.062872685,0.5152711,0.26500243,0.06438234,0.030888021,0.044063117,0.0014035328,0.00026392296,0.0021249917,3.7620492e-07,1.7768461e-07,1.4616927e-05,3.0347492e-05,1.9743516e-07,2.0906248e-06,2.849957e-10,1.7786312e-09,6.0943334e-10,1.111334e-08
7.0100145e-06,1.3123322e-07,2.344941e-06,4.918999e-06,0.0003153648,0.00025398796,0.040545274,0.050502006,0.4565867,0.28013852,0.13456354,0.035848416,0.00028575966,6.434877e-05,0.00014056913,0.00030848285,0.00042994713,4.975167e-07,5.6760024e-07,1.2334482e-10,3.3153105e-09,8.6444395e-08,1.5634386e-06
1.0263393e-06,4.937799e-07,1.1273149e-05,9.998926e-05,0.009181499,0.04300161,0.29720885,0.0724703,0.17744984,0.38946056,0.0055910735,0.0018057297,0.001452493,1.663672e-05,1.3498381e-07,0.001565931,0.0006128748,1.8345346e-06,6.665582e-05,1.1390683e-09,3.6319936e-08,2.4200468e-09,1.1999224e-06
2.4773968e-08,7.519279e-08,4.6784403e-06,0.00020585013,0.002058885,0.1378042,0.2213813,0.22238007,0.32289526,0.08166528,0.003287763,0.00049881934,0.0039276904,0.00024214813,0.00298884,0.00028759887,0.00030998472,5.3217187e-05,8.137982e-06,4.053744e-10,1.499588e-08,2.8826114e-10,1.157116e-07
0.00044214746,0.009470422,0.07079385,0.22551455,0.25177324,0.38390943,0.03118695,0.0111928005,0.0076594916,0.0018931135,0.0029644063,0.0002768836,0.0014145548,2.7886063e-05,1.5666848e-05,0.00012437408,0.0013053125,2.1124977e-05,1.134345e-05,4.8834323e-07,1.042433e-06,4.5929056e-07,4.4807e-07
5.7961767e-08,1.5163486e-07,1.0144764e-05,0.00018578021,0.013622169,0.07214158,0.32428962,0.02330594,0.07516948,0.48970664,0.0009966381,0.00018558605,0.00020687179,3.179287e-07,3.6353742e-09,5.1270425e-05,0.00012693522,4.308692e-08,7.863417e-07,6.1413023e-12,1.9831034e-10,2.6378585e-11,1.5686638e-08
4.6350372e-08,3.5201765e-08,6.938385e-07,3.196089e-06,0.00016373934,0.007253795,0.0578925,0.03857347,0.4246677,0.41767853,0.0066997376,0.00037479738,0.01918798,0.014452828,0.008054454,0.00395982,0.00015658136,0.00075396174,0.00012491451,7.3659756e-10,7.03095e-08,3.7184142e-09,1.1493626e-06
5.792218e-07,5.830239e-06,0.0002330194,0.015359816,0.044937048,0.77252465,0.1432645,0.008788624,0.007973452,0.006451306,0.00013499601,9.965279e-06,0.00026885772,4.1791723e-06,1.024747e-06,2.7238777e-06,2.4477473e-05,1.3913752e-05,1.1024979e-06,7.2166384e-10,6.268062e-09,3.664909e-10,2.984739e-09
3.6539512e-07,7.237625e-07,3.593955e-05,0.0024355378,0.009655178,0.24912892,0.2520324,0.21400507,0.09051125,0.124556445,0.017104138,0.015000515,0.020173902,3.522305e-05,4.9210666e-05,0.0011571214,0.0040629655,7.5421963e-06,4.684948e-05,2.4466246e-08,5.832766e-08,8.480343e-09,6.1365853e-07
0.00663009,0.08589493,0.21152067,0.3316252,0.2224965,0.095869265,0.0144372545,0.013520011,0.0058275484,0.00148395,0.0057955133,0.000828614,0.0017957091,0.00014091966,6.607285e-05,0.0005007104,0.0014071742,7.7186676e-05,4.7394056e-05,9.94038e-06,1.1023153e-05,8.40369e-06,5.8836645e-06
0.00010743543,0.001768809,0.034599993,0.18047248,0.32624584,0.4159446,0.027267566,0.0058253533,0.004882868,0.0016004115,0.00064857886,7.06685e-05,0.0004145257,4.7644526e-06,3.7852774e-06,1.6524726e-05,0.00011736469,6.0595667e-06,2.024927e-06,2.4831794e-08,1.3595967e-07,3.1086046e-08,7.973319e-08
1.5547338e-06,7.826786e-07,1.9643633e-06,3.6811693e-06,3.9000106e-06,0.0024440475,0.00034813577,0.01953261,0.004448796,0.0014473792,0.039855074,0.060524836,0.09464471,0.0055874716,0.05779127,0.42367476,0.004683525,0.00046228647,0.04263026,0.0021127558,0.23883201,0.0009635263,4.597448e-06
1.8568997e-08,5.763148e-09,5.0183942e-08,2.9893245e-06,1.9707071e-05,0.0021251298,0.010441927,0.03741924,0.027608033,0.031494487,0.072298184,0.011485205,0.0048171007,0.0018551397,0.032284684,0.0007508306,0.76716155,0.000100841185,0.00013475126,8.935881e-09,1.1667755e-08,5.0988323e-08,2.706725e-08
2.2926736e-07,9.314005e-08,3.3210645e-06,0.00010618608,0.032404453,0.056261703,0.5108161,0.059814185,0.12883358,0.20996794,0.0013831095,0.0003666489,3.2088807e-05,1.4052814e-07,8.829342e-09,3.0526066e-06,6.879667e-06,7.787763e-08,1.589643e-07,4.2255925e-12,9.031855e-11,7.627375e-11,1.021876e-08
2.286125e-06,6.7294104e-07,9.005261e-06,0.00027224555,0.017714389,0.07441701,0.36419,0.29053167,0.13245736,0.055347927,0.006894439,0.057164527,0.00075219787,8.0871774e-05,3.591659e-05,3.381009e-05,8.85291e-05,2.9087457e-06,3.97913e-06,9.215788e-10,1.7392468e-08,1.9271178e-08,1.8178967e-07
4.5888643e-07,1.5522025e-07,2.2544418e-06,2.651382e-05,0.009192322,0.030696956,0.26607874,0.0662535,0.19337502,0.4282231,0.0032726242,0.0026381314,0.00015877433,7.658573e-06,6.5401355e-07,1.6685306e-05,5.0150076e-05,3.4363352e-06,2.4301637e-06,2.0992875e-10,2.7622065e-09,3.196201e-09,4.6109517e-07
7.615815e-06,1.5370255e-06,1.2722457e-05,8.607049e-06,1.5650769e-05,5.0827206e-05,0.00032235507,0.0003436782,0.008525573,0.028633852,0.010123432,0.0031364812,0.12384987,0.12620652,0.05152607,0.008723177,0.026443798,0.5127767,0.09870766,7.663544e-08,1.5929512e-05,0.0003231976,0.0002446402
6.2458817e-06,3.2741846e-07,6.826893e-06,1.8715413e-06,0.00015455841,6.0627794e-05,0.011601287,0.008370039,0.18307337,0.4625852,0.20939593,0.0043332577,0.014951135,0.007303521,1.4082005e-06,0.07239644,0.017862802,1.4229579e-05,0.007870317,2.290137e-09,4.487982e-07,1.2610856e-07,1.00448515e-05
1.9558577e-07,1.9823959e-07,1.619207e-05,0.001245974,0.011493675,0.029440273,0.6252512,0.1531455,0.11679759,0.022463106,0.00984269,0.015407857,0.013726231,0.00019852162,3.2454895e-07,0.00079379417,0.00010162463,3.7775584e-07,7.4685464e-05,5.2398225e-10,1.011111e-08,1.0649448e-10,1.1358885e-08
3.7971945e-06,8.088987e-06,0.0001200659,0.008133508,0.0441749,0.2969997,0.33579695,0.22235712,0.03827256,0.015275037,0.0011023975,0.03214715,0.0052214894,0.00021592467,7.707501e-06,9.015439e-05,3.9892882e-05,1.3999586e-06,3.2056938e-05,8.880323e-09,5.8208073e-08,1.8631335e-08,3.6975386e-08
0.00030437944,0.001565069,0.08800198,0.10340424,0.19087954,0.11176314,0.21149732,0.14283054,0.036886647,0.03291234,0.0524684,0.0024799795,0.023628829,4.605032e-05,6.2513325e-05,0.0009022413,0.0003148199,4.3014898e-06,4.413463e-05,1.7061539e-06,1.0030076e-06,4.209882e-07,4.65292e-07
5.129865e-07,5.7668675e-08,9.470442e-07,3.1868144e-06,0.00014751268,0.00035777056,0.016652912,0.021107316,0.053213287,0.07917936,0.0135981785,0.0011996924,0.013045551,0.0017176828,9.389249e-08,0.7470584,0.0012880232,5.9309065e-07,0.05142625,8.88866e-09,2.4228475e-06,1.3208183e-09,2.2477589e-07
0.09582866,0.3362538,0.32230276,0.15615566,0.04924743,0.01612135,0.006682571,0.0058864043,0.0022595483,0.0008889757,0.0035038027,0.0010540113,0.0009288603,0.0004602303,0.00016568488,0.0010332563,0.0005945718,0.0002886691,0.00010523551,8.2884515e-05,4.069373e-05,8.756212e-05,2.7265452e-05
0.36940774,0.3596792,0.24771163,0.012018013,0.0026403163,0.0015032301,0.0015210158,0.0012018445,0.00065568066,0.00033007035,0.0011836789,0.00032683808,0.0002879797,0.00021036206,0.00025420263,0.00026218998,0.00015089796,0.00036486555,0.000106739375,1.3234216e-05,1.338548e-05,0.00012802455,2.8878027e-05
5.109677e-08,6.0945865e-10,4.638583e-08,5.7642745e-07,0.0013187178,0.00033100878,0.12496442,0.031640533,0.7783884,0.053565744,0.008979068,0.0008009771,1.5303646e-06,4.580523e-07,4.5477693e-09,7.913299e-06,5.5576766e-07,3.4723144e-09,1.2106883e-08,1.16128785e-14,4.252269e-12,1.0443501e-11,6.520591e-10
0.004226952,0.06429626,0.17748778,0.3046395,0.19824103,0.15858406,0.026757063,0.023614515,0.012446009,0.0020935547,0.013108961,0.0010579682,0.0018267626,0.00019794666,3.2977976e-05,0.0010484944,0.010200428,4.8036705e-05,6.0466115e-05,1.3729238e-05,5.7395846e-06,8.907447e-06,2.9347602e-06
0.0011235861,0.0033606763,0.03674645,0.097913764,0.13382216,0.2314405,0.12867868,0.1267676,0.0682783,0.07266899,0.023064615,0.019593894,0.044971533,0.0017878126,0.0002809012,0.0073273997,0.00050058914,5.442123e-05,0.0015254858,4.2354204e-05,1.922528e-05,2.4901221e-05,6.0830507e-06
8.1429596e-07,5.777533e-07,1.14135e-05,0.00037682554,0.029654227,0.06310364,0.50808084,0.25050232,0.09310704,0.048336815,0.0028765076,0.0016793414,0.000708422,4.1664764e-05,7.330771e-07,0.0013849891,5.871545e-05,1.1864252e-06,7.3830764e-05,9.2006036e-10,3.904146e-08,4.0001296e-09,7.544862e-08
4.2396167e-07,8.350379e-08,7.7500073e-07,6.016586e-07,1.0193505e-05,6.169059e-05,0.005847595,0.008006148,0.092259206,0.20500697,0.22564353,0.0077725872,0.089259446,0.03861923,0.00010725883,0.037783816,0.2458286,2.486619e-06,0.043786284,9.703107e-09,1.8860368e-06,3.7426616e-07,7.6426426e-07
7.7666283e-07,1.7750679e-06,0.00012053443,0.010803838,0.019232107,0.061904464,0.4103423,0.1316936,0.21565887,0.043673057,0.051563162,0.019016892,0.03467833,0.00012495859,1.0232966e-05,0.0003718652,0.0007486116,7.6199717e-06,4.6798512e-05,1.0733264e-09,1.4104256e-08,2.3473894e-09,2.544888e-07
3.4053826e-06,1.5180915e-06,1.5628155e-05,0.00021428232,0.0159427,0.026343735,0.4330995,0.28301558,0.1282057,0.08529357,0.013693049,0.00680515,0.0033804337,0.0006030814,7.1779596e-06,0.0026633341,0.0003990986,5.4410693e-06,0.00030702885,9.426188e-09,3.7257962e-07,4.5819533e-08,1.916698e-07
4.1639078e-07,1.6456643e-06,0.00028515863,0.007363595,0.009022048,0.011789715,0.10292744,0.07483665,0.070462644,0.013465947,0.65661657,0.020506488,0.031398445,0.00010882012,0.00019059842,0.00042325008,0.0005861765,1.2614835e-06,1.2996661e-05,7.444829e-08,4.6109314e-08,6.244218e-09,6.3358394e-09
3.478756e-07,2.369087e-06,0.00012491025,0.004574547,0.033033136,0.6739997,0.23059188,0.017825173,0.019546615,0.01944034,0.00025147246,2.3887214e-05,0.0004970144,9.119514e-06,1.203908e-05,7.5996677e-06,4.583667e-05,1.232787e-05,1.5875717e-06,8.942878e-10,1.0936086e-08,3.110221e-10,8.389884e-09
3.185671e-07,2.1696808e-07,2.5710553e-06,0.00013192212,0.008278948,0.02124658,0.16110714,0.32652694,0.23430513,0.04501138,0.0048026727,0.0005690769,0.0038332096,9.833936e-05,1.7008416e-07,0.19128297,0.00035641418,2.8069135e-07,0.002445576,2.3049613e-09,1.5403515e-07,1.4351138e-09,2.4101771e-08
2.3499412e-07,2.7333618e-07,1.4860538e-05,0.00038964735,0.011057267,0.041732214,0.62623227,0.16323523,0.10112411,0.04696664,0.0013415829,0.0018741067,0.004279753,4.465793e-05,7.61537e-09,0.0016284625,4.4346543e-05,1.0851317e-07,3.424839e-05,1.5517718e-10,4.7821485e-09,4.8003296e-11,3.9942556e-09
0.40285555,0.27839667,0.21228701,0.034438103,0.011204631,0.010451203,0.011840351,0.019446407,0.0036705765,0.0017505254,0.004119475,0.0030514847,0.001958964,0.0010061663,0.00027183088,0.0020364418,0.00019195312,0.00025460887,0.00037045922,7.478466e-05,5.3342308e-05,0.00022991805,3.9477283e-05
4.80405e-07,1.2483857e-06,2.0978237e-05,0.0012521195,0.008262005,0.266311,0.2604686,0.19346353,0.07056102,0.048224613,0.0025891676,0.14370456,0.004162842,0.00035829,0.00012462998,0.00012844724,0.00034687208,3.618261e-06,1.5787795e-05,5.00651e-09,2.7217132e-08,2.0406086e-08,1.487354e-07
5.5763826e-07,3.0282777e-07,1.3804786e-06,8.876889e-06,3.295913e-05,0.00088758074,0.0010515843,0.012427342,0.011563307,0.029090997,0.23813769,0.10124757,0.09900397,0.17407376,0.1783512,0.04245646,0.07797501,0.023960447,0.009503191,0.00011212354,8.590445e-05,2.6592741e-05,1.2923728e-06
1.403269e-06,2.6364003e-07,3.432154e-06,6.814813e-05,0.007554805,0.014079093,0.25148678,0.29077163,0.2922045,0.09653518,0.040137887,0.001303287,0.00060643663,5.6665845e-05,1.5421688e-06,0.0049361945,0.000110225395,3.7508828e-06,0.0001378593,9.812502e-10,9.086989e-08,1.8919838e-08,7.3136056e-07
2.4156293e-06,8.742188e-06,0.00047951186,0.0070804744,0.21921927,0.41812027,0.24424,0.017458983,0.04447665,0.047962256,0.00069886865,0.0001706753,7.106139e-05,2.6393264e-08,1.7119188e-08,2.1663332e-06,8.45321e-06,3.7126455e-08,5.9252983e-08,1.14359034e-11,1.0753211e-10,1.12631224e-10,5.842747e-09
1.7966495e-07,2.1313288e-07,1.2261707e-05,0.00043548807,0.014026243,0.069426075,0.5322658,0.21021338,0.1036499,0.058781642,0.0014975073,0.003408036,0.00571095,8.555957e-05,1.2916453e-07,0.00039068796,4.6557085e-05,2.85595e-07,4.9084818e-05,4.4474815e-10,7.564472e-09,9.098002e-11,5.184681e-09
8.0095646e-07,3.711933e-08,7.730894e-07,2.6878542e-05,0.021326143,0.00831609,0.36489725,0.35859275,0.22448103,0.01283742,0.00903467,0.00044306397,3.6432626e-05,1.1892225e-06,6.7711463e-09,3.7278942e-06,6.45433e-07,7.3012146e-08,9.689726e-07,4.844245e-13,1.2978234e-10,7.396778e-11,2.5636665e-10
4.3470223e-07,1.8901305e-06,0.0005828698,0.029817319,0.056673404,0.09231787,0.6040363,0.12342061,0.054200847,0.010182119,0.0079860985,0.004241706,0.016467676,7.983767e-06,3.7268032e-07,4.7660636e-05,1.2353276e-05,1.6363753e-08,2.4956958e-06,4.2749304e-10,1.7324947e-09,6.8615724e-11,1.9380819e-10
0.0001269881,0.003669471,0.0669526,0.17124031,0.16961268,0.40750426,0.09616906,0.032788258,0.0221771,0.0043101385,0.018360043,0.00035340284,0.0022487026,2.3039252e-05,1.2710205e-05,0.00021394395,0.004214645,8.579585e-06,1.3033116e-05,2.9062994e-07,4.43821e-07,1.69352e-07,1.3968564e-07
7.347687e-05,0.00019344293,0.0055712922,0.023087913,0.040745374,0.12312768,0.15637277,0.1611071,0.087240666,0.040132783,0.07760309,0.2062991,0.067972556,0.0060410216,0.00030737228,0.0032578574,0.00038947578,1.926566e-05,0.00044486948,7.74794e-06,2.8567274e-06,2.0531506e-06,2.7248154e-07
0.00038867551,0.0048156665,0.032018274,0.12995847,0.2227727,0.51696396,0.047703385,0.01605349,0.014424957,0.0037711281,0.0036629366,0.0005064901,0.0034615654,0.00010177163,6.618302e-05,0.0003806651,0.0028235356,8.339616e-05,3.467416e-05,1.4032863e-06,3.5768885e-06,1.3968771e-06,1.62516e-06
5.0159756e-09,3.7154732e-10,4.6329176e-09,4.183974e-10,1.0082916e-10,8.9899345e-08,1.7552604e-09,5.3293015e-06,4.491627e-06,7.728341e-09,0.00023803151,0.013840472,3.0412002e-05,3.856169e-05,0.00044465647,0.0019007585,3.3337625e-07,4.7325393e-08,0.002250714,1.6481765e-08,4.4438235e-07,0.9812455,1.5998602e-09
3.2135617e-06,2.6615774e-07,2.2073432e-06,5.641574e-06,0.0009291486,0.0012067091,0.18308921,0.18774876,0.17189112,0.104988985,0.32694444,0.004933241,0.011509822,0.0031593973,1.0764161e-05,0.0016967033,0.0009511404,7.796896e-06,0.000920932,1.4316361e-09,2.8248465e-07,1.3246597e-07,7.9183344e-08
9.133507e-05,0.00036776066,0.010475666,0.07427313,0.08148074,0.25019488,0.19765213,0.1506617,0.07514059,0.032883182,0.016801143,0.05948115,0.046705283,0.0014014704,6.5108485e-05,0.0018937371,0.00014819363,5.840304e-06,0.00027191555,2.251543e-06,1.5578233e-06,9.982048e-07,2.5395312e-07
4.882287e-05,0.00073780015,0.017650219,0.07197509,0.17134054,0.46598044,0.16041644,0.04595034,0.035881463,0.008398837,0.014095216,0.0005880879,0.004954249,5.666188e-05,0.00011851671,0.00020647183,0.0015658782,1.9064142e-05,1.4984237e-05,1.3253313e-07,4.2138387e-07,8.574177e-08,1.7203155e-07
0.0016906139,0.028915001,0.17364073,0.31501397,0.2570157,0.18389502,0.016368126,0.010023345,0.005792899,0.0013690063,0.0036037946,0.00036733155,0.0012351291,3.3439555e-05,2.4636614e-05,0.00016339078,0.0008020688,2.5012081e-05,1.452816e-05,1.0628193e-06,2.4158173e-06,1.2347464e-06,1.4579883e-06
1.400489e-06,1.1366909e-06,9.842059e-06,0.00019127801,0.013283095,0.0475934,0.33089617,0.34305775,0.11380198,0.116547726,0.008544829,0.018863754,0.0042592697,0.0011334793,0.00014159373,0.0008158273,0.00063293875,1.8938745e-05,0.00020489533,1.3332614e-08,2.498203e-07,4.9595098e-08,3.1865895e-07
1.3421868e-06,5.2218996e-07,3.5758655e-06,1.4976454e-05,0.0011410743,0.0039462405,0.1273674,0.16454895,0.21827303,0.15497926,0.0818445,0.0033911003,0.017343078,0.0052404962,0.00010157406,0.20729204,0.0043171067,1.2500271e-05,0.010174624,7.770333e-08,5.774984e-06,9.9859776e-08,7.0129624e-07
8.823421e-07,2.3892405e-06,4.2845102e-05,0.0010845835,0.0043829535,0.0632821,0.13163005,0.42537963,0.13216731,0.108462475,0.024424607,0.006871374,0.06479248,0.013435137,0.015590398,0.0051808134,0.001991331,0.0007972252,0.00047688256,1.998918e-06,2.368094e-06,4.8526502e-08,1.335316e-07
0.0018884635,0.026651613,0.11044971,0.26673013,0.22898264,0.17679714,0.051405013,0.049762934,0.024491241,0.007373952,0.024324909,0.0027524612,0.009398831,0.0006690254,0.00010199979,0.003689579,0.014158325,0.00012897905,0.00018544329,3.1898275e-05,1.0906275e-05,1.21125095e-05,2.6424316e-06
4.382295e-08,7.862723e-08,2.2589209e-06,0.00011423597,0.0036345012,0.26536113,0.31098154,0.13671768,0.112515934,0.1655197,0.00063930167,0.00019088972,0.0020198894,0.0006505001,0.0009671385,3.2759475e-05,1.0733016e-05,0.00063120166,1.0369238e-05,1.4328269e-09,3.6148748e-08,1.786667e-10,3.5960493e-08
0.003389628,0.00732308,0.086318456,0.06511573,0.11257668,0.13991393,0.12538251,0.23308161,0.056230087,0.04546645,0.0388604,0.037035763,0.031236066,0.002851376,0.00027499406,0.0130650895,0.00045090867,4.6033798e-05,0.001197611,0.00012527846,3.3606153e-05,2.061303e-05,4.113075e-06
3.9214374e-06,1.268732e-05,0.0007281659,0.024440939,0.020861449,0.1371188,0.19208217,0.15710624,0.19462085,0.058872603,0.11824207,0.013993153,0.06824328,0.00015738669,0.0006132795,0.0043239156,0.008437729,2.9923178e-05,0.000108705455,3.7477207e-07,4.6839048e-07,1.8729875e-07,1.7243774e-06
2.8569389e-08,3.637327e-09,3.6478707e-07,6.3747655e-05,0.00031486226,0.0022947297,0.020481877,0.059983104,0.02871695,0.021109238,0.12441779,0.69634753,0.031626903,0.010465749,0.002132428,0.00036330862,0.00091550924,8.194855e-06,0.00075729046,1.4870967e-07,1.6661018e-07,8.497247e-10,1.4479034e-08
0.00011305494,0.0026353158,0.05513772,0.30463156,0.30342007,0.30249968,0.021533804,0.005337713,0.0028444123,0.0009713655,0.0005011322,3.299203e-05,0.0002819494,2.0489663e-06,7.8138504e-07,9.036998e-06,4.2159074e-05,3.5614203e-06,1.5102021e-06,1.2444746e-08,5.2867296e-08,1.4306313e-08,2.2664615e-08
4.0635605e-05,0.00018810996,0.02033478,0.041915752,0.13337755,0.11429829,0.25422013,0.1539931,0.060852095,0.09080946,0.071637794,0.002756499,0.05270591,7.983861e-05,8.1925624e-05,0.0019760644,0.00064208324,2.4145345e-06,8.333394e-05,3.1038855e-06,8.182856e-07,1.6730598e-07,1.4985802e-07
2.1693322e-06,2.5695992e-06,8.152689e-05,0.0022032098,0.018156705,0.16372637,0.1476628,0.33194044,0.06640256,0.09050284,0.019263636,0.024568971,0.12989464,0.0016545921,0.00093809987,0.00044684295,0.0022518176,3.2377302e-05,0.0002671176,2.0300574e-07,1.6681845e-07,4.868445e-08,2.2712659e-07
5.941219e-08,8.25747e-09,1.5448903e-07,1.8181785e-06,9.831942e-06,8.317507e-05,0.00024098097,0.00082207465,0.003641242,0.017493615,0.02752016,0.090832986,0.104969375,0.5768297,0.05841555,0.0008742077,0.033621743,0.005541352,0.07908707,1.063412e-07,1.15375815e-05,1.092085e-06,2.1655333e-06
3.4878983e-08,1.8167471e-07,1.283669e-05,0.00052237266,0.007429055,0.25858548,0.4072542,0.15853293,0.0894964,0.074252166,0.0010508358,0.0001384905,0.0021872744,7.133349e-05,0.00032129698,4.49696e-05,7.725857e-05,1.7978038e-05,4.85907e-06,6.2095246e-10,1.1900159e-08,7.1350065e-11,8.9204955e-09
1.064605e-06,1.4448696e-06,8.4547655e-06,0.0001539916,9.0549314e-05,0.028460983,0.018181851,0.06917569,0.027825333,0.032584343,0.28785917,0.053909767,0.36370662,0.05251906,0.001657256,0.026179146,0.0012529939,0.03326975,0.0020346956,0.00036926748,0.00075328315,4.081967e-06,1.1931816e-06
3.4321627e-07,8.958421e-08,7.560388e-07,1.8123177e-05,0.00017527834,0.042559505,0.026977383,0.29823986,0.03757369,0.12177567,0.06064446,0.060692266,0.252967,0.007934988,0.009655758,0.030829526,0.045568492,0.0017169066,0.0025157463,0.00013894595,6.527549e-06,1.113018e-06,7.5951166e-06
2.1502906e-07,2.2921269e-07,7.670414e-07,4.4402525e-05,0.00016804293,0.08681321,0.0024421206,0.09095663,0.009473586,0.17241935,0.02476391,0.032436565,0.3406139,0.0026556614,2.883599e-05,0.0011310767,0.003591662,0.00022356673,0.004539109,0.22603866,0.0016573525,7.960216e-07,3.602141e-07
1.292331e-06,1.0252343e-06,5.258371e-06,5.5460525e-05,0.0014907025,0.014862849,0.09698286,0.18341877,0.124607645,0.25033852,0.042203464,0.03502927,0.08216453,0.12127918,0.009220218,0.020355094,0.006375849,0.00022615219,0.011349047,1.1964789e-06,3.0473702e-05,3.383509e-07,8.3644636e-07
0.058752045,0.254274,0.3946486,0.1815045,0.05583001,0.022421911,0.008577658,0.008268814,0.0029962582,0.0009613168,0.006271626,0.0012353527,0.0008827569,0.0003436928,0.00014386284,0.0010665327,0.0012986445,0.00021013436,9.6203854e-05,6.516342e-05,3.555431e-05,8.5694104e-05,2.9700166e-05
9.343996e-08,5.674321e-12,2.633005e-10,3.1626886e-09,5.1152783e-05,2.1458363e-06,0.108459584,0.13976222,0.656123,0.0015554086,0.09234283,0.0017035722,2.2189786e-08,2.6566656e-09,2.7927305e-12,4.046463e-11,2.6496538e-11,3.353737e-13,7.730617e-13,8.5975426e-23,5.6826403e-19,4.2482236e-16,1.06127736e-16
3.9241316e-10,1.7355137e-10,6.0990217e-09,1.5131084e-08,1.3929588e-06,7.273796e-06,0.0011701494,0.0017005411,0.0055105127,0.0018309706,0.0012037163,8.882362e-06,0.00017375627,1.282765e-05,6.091227e-11,0.9883128,3.0617197e-05,7.697565e-11,3.6445854e-05,2.597294e-12,5.1336363e-10,1.3046919e-12,7.4524296e-11
2.2100928e-06,7.888479e-07,3.732462e-06,1.3535762e-05,0.00052261783,0.002812353,0.08617753,0.14932099,0.22048186,0.2002964,0.12202639,0.019833852,0.039871413,0.013745314,0.0015452784,0.050675884,0.08412943,2.7043154e-05,0.008504707,1.6285287e-07,6.3466196e-06,6.65317e-07,1.4500115e-06
9.01828e-08,7.210469e-08,3.0603928e-06,3.2622218e-05,0.009935609,0.038702253,0.4413328,0.04535754,0.089653976,0.37362456,0.0008112708,0.0002393137,0.00020842897,2.213959e-06,9.36653e-09,5.349362e-05,3.856865e-05,1.5456241e-07,3.985563e-06,1.6883491e-11,7.6779055e-10,5.461526e-11,9.7740775e-09
0.000113590424,0.00037669888,0.010594707,0.029254723,0.05550585,0.14443661,0.1591464,0.16928309,0.09747412,0.0670651,0.08824633,0.10665229,0.056778535,0.004666345,0.00033364538,0.0084627895,0.0006972839,2.5417101e-05,0.00085132977,2.4416871e-05,5.9578288e-06,4.2396064e-06,5.8849463e-07
0.21196651,0.41949308,0.2892358,0.047324505,0.012518203,0.005388327,0.0034790048,0.0027306825,0.0015251521,0.000590893,0.0022379386,0.0006220324,0.0005665676,0.00033329334,0.0002680227,0.0005695111,0.00036678498,0.0004017947,0.00011304427,4.9365703e-05,3.2582655e-05,0.00014695057,3.989009e-05
0.0074355905,0.10951477,0.2898664,0.32577655,0.15353963,0.068788156,0.013532344,0.014264491,0.005031735,0.001183367,0.0075264038,0.00065472507,0.00089662056,7.321839e-05,3.3944958e-05,0.00036304735,0.0014265027,3.8674523e-05,3.0348627e-05,6.308399e-06,5.558543e-06,7.245802e-06,4.3712257e-06
0.00020151376,0.00087905145,0.016954163,0.037243992,0.021520374,0.15362948,0.13395119,0.16529396,0.067379735,0.011368011,0.12096947,0.17713869,0.08463388,0.0063246577,0.00011802816,0.0017578716,0.00043933,2.5373263e-05,0.00016453232,2.5299219e-06,1.3751825e-06,2.481244e-06,3.2795418e-07
8.368643e-09,7.205864e-08,9.66561e-06,0.0008186397,0.011791494,0.056840528,0.34983203,0.45346963,0.098513916,0.017970411,0.005926874,0.0006801156,0.0039235638,0.00013361659,7.010956e-06,5.1734736e-05,2.6079711e-05,5.98424e-07,4.0101513e-06,8.28775e-11,2.0478612e-09,4.1003615e-12,1.6254784e-10
3.3069662e-07,1.5807971e-07,1.1582971e-06,2.4129302e-05,0.00044531535,0.012441487,0.075754404,0.17465131,0.11537938,0.17396384,0.07895498,0.17657182,0.046464734,0.023364954,0.032210525,0.00013620107,0.08905447,0.0001250092,0.0004555367,2.4658569e-08,1.0099055e-07,1.3413697e-07,6.92315e-08
1.05407e-06,3.954431e-06,0.00038599435,0.019608254,0.055578154,0.36757362,0.3197224,0.1257449,0.05605534,0.038515672,0.0032901515,0.0011305636,0.012188012,5.8263176e-06,6.5629575e-07,8.784629e-05,9.65123e-05,2.8306883e-07,1.0822961e-05,1.103073e-09,9.658134e-09,6.5951977e-10,1.23527775e-08
0.009673975,0.10650589,0.24221663,0.30736825,0.17869526,0.092515305,0.01776525,0.017942565,0.0077753225,0.0016233833,0.009662111,0.0011909273,0.0015913976,0.00022905877,6.8457164e-05,0.00095016626,0.004000969,8.832055e-05,7.146491e-05,2.1533322e-05,1.4122947e-05,2.0388816e-05,9.241603e-06
2.6248836e-06,2.8563904e-06,2.1331738e-05,1.52225875e-05,5.2291507e-05,0.0003145499,0.0006872104,0.0037797117,0.01292682,0.020536734,0.015061516,0.008886915,0.10310992,0.30960342,0.05732334,0.030734994,0.0045020576,0.13136742,0.30016914,5.6054813e-07,1.8027138e-05,0.00086008984,2.3272409e-05
0.016835067,0.13357307,0.27795014,0.29985002,0.1501581,0.063910484,0.014757108,0.016883502,0.0064786184,0.0015936263,0.0095568895,0.0015625315,0.001719271,0.00036168314,9.3203715e-05,0.001351811,0.0030209788,0.00013757708,8.6808424e-05,4.4529486e-05,2.2806751e-05,3.7562302e-05,1.4607293e-05
1.0355345e-06,5.559435e-07,3.3550489e-06,4.0644307e-05,0.0031874059,0.01408544,0.1251034,0.17602658,0.20136374,0.15121269,0.021579854,0.0049607805,0.03923665,0.021175627,0.00021158314,0.20962362,0.004739022,1.5642483e-05,0.027410047,5.1995363e-07,2.158817e-05,5.453052e-08,1.7617009e-07
5.489803e-07,1.0054719e-07,1.2067463e-06,1.38007645e-05,0.00032419307,0.027498737,0.020961678,0.14314081,0.018421082,0.21875247,0.034431692,0.09879532,0.30758703,0.05009873,0.022124922,0.0054655075,0.028926067,0.0008755421,0.022334311,0.00017302734,6.735497e-05,3.924972e-07,5.4999773e-06
3.7002837e-06,4.9061833e-05,0.0027182596,0.018158952,0.15418763,0.7489154,0.053648815,0.0051011085,0.011153773,0.0054867375,0.0003134926,3.1691172e-05,0.00013113298,9.940854e-07,2.05441e-06,5.0921667e-06,9.113112e-05,6.3968866e-07,3.1267194e-07,5.7504473e-10,8.502068e-09,8.0406626e-10,1.7643748e-08
0.06314089,0.28174984,0.3955989,0.1602595,0.051628537,0.01902333,0.0076920213,0.0072827805,0.0029693777,0.0009864821,0.005177035,0.0009045974,0.00087941583,0.00024126403,0.00015222741,0.0008431088,0.0009805355,0.0002158281,8.995578e-05,4.6263907e-05,3.25624e-05,7.597109e-05,2.9629296e-05
0.08501488,0.313763,0.35389718,0.15632525,0.046717793,0.017117662,0.0073008053,0.0066196457,0.0026579103,0.000937617,0.004598635,0.0010690534,0.0009118053,0.00037286364,0.00018448093,0.0010056021,0.00088058785,0.0002780222,0.00010347239,7.123017e-05,4.199155e-05,9.7489436e-05,3.2987406e-05
1.836936e-07,2.2816171e-07,1.3310498e-05,0.0011727703,0.08825972,0.16490024,0.4891546,0.21158843,0.034196902,0.0102702165,0.00016298155,9.0307985e-05,0.00012236452,9.487609e-07,3.5758307e-09,6.245723e-05,5.3970837e-07,5.97023e-08,3.6522345e-06,1.0171008e-11,5.929681e-10,3.5797785e-11,4.968583e-10
9.0569006e-07,2.8516854e-07,2.7418073e-06,0.00016825844,0.0050131283,0.10165028,0.24652222,0.3276366,0.11871083,0.12441536,0.02583262,0.0016962793,0.017276805,0.0046691215,0.0012160556,0.0008744056,0.01380341,0.0010884224,0.009421267,6.57642e-08,5.4297914e-07,2.1761178e-07,1.794593e-07
0.0067574517,0.0764313,0.1884994,0.36214092,0.20580241,0.09671075,0.019219749,0.02035898,0.0071693663,0.0021100962,0.0071289735,0.001145304,0.0023124702,0.00032857235,3.618019e-05,0.0012535257,0.0023959256,8.479458e-05,6.80998e-05,2.1928914e-05,8.154743e-06,1.2172254e-05,3.368422e-06
7.609702e-07,4.5133953e-07,4.327522e-06,8.407057e-05,0.009030625,0.029218234,0.19528091,0.22907226,0.22053397,0.10152999,0.009262529,0.00048516775,0.011031152,0.0011520861,3.9378683e-06,0.17931105,0.0003872382,8.7321605e-06,0.013597811,3.2584456e-08,4.3958053e-06,6.7727592e-09,1.5808735e-07
9.717645e-05,0.00086973363,0.003363279,0.203297,0.11061046,0.4490051,0.10564363,0.052489534,0.024431407,0.010176402,0.0036732347,0.0006787463,0.028758278,0.0017233287,9.304559e-05,0.00082710746,0.0012001946,0.0027984553,0.00025586964,3.4351847e-06,2.7210622e-06,1.1560886e-06,5.7168785e-07
5.4415914e-06,6.5994955e-06,0.00014280547,0.014412048,0.12513216,0.3219666,0.26251397,0.17684697,0.046188075,0.03371252,0.0007736016,0.003309289,0.013706474,0.00022725157,7.843877e-06,7.064163e-05,5.180169e-05,1.4532909e-06,0.0009244316,1.7462375e-08,4.651684e-08,2.431969e-08,1.6454742e-08
2.1464116e-06,6.840353e-07,9.546286e-07,7.3371193e-06,4.4152468e-05,0.0026555695,0.004451236,0.08033497,0.029578937,0.009556816,0.20735136,0.019785292,0.14357057,0.17873038,0.10047798,0.14312047,0.06238508,0.0073135984,0.01046336,9.016741e-06,7.4560994e-05,8.506448e-05,5.1332427e-07
6.4586166e-05,4.0824266e-06,2.1644428e-05,1.1391158e-05,0.0003705004,0.0005216243,0.011190971,0.010360907,0.092043415,0.25281715,0.07980508,0.017317569,0.07019099,0.11091408,0.00016102716,0.07482975,0.006198129,0.0001282242,0.27249932,1.1951975e-06,0.00039546698,2.0789255e-05,0.00013213554
2.6329988e-06,1.0188348e-06,9.6288595e-06,0.00022435123,0.0026536055,0.015948871,0.02865838,0.054394983,0.049867466,0.08893706,0.021496763,0.30711523,0.20435746,0.1866505,0.008025926,0.0012297186,0.021791695,2.1238704e-05,0.008608513,3.4551088e-06,4.365482e-07,9.706014e-07,1.08609804e-07
2.2195804e-06,1.3616944e-06,7.2675284e-06,9.674453e-05,0.0044156727,0.024033768,0.2080739,0.29454303,0.14634322,0.17633928,0.023468258,0.11040257,0.006561547,0.0020459187,0.0010274567,0.00048903434,0.002021811,4.5015186e-05,7.981762e-05,2.2133806e-08,2.9884973e-07,2.409588e-07,1.5063875e-06
3.810375e-05,0.00055406935,0.0088896295,0.04193318,0.071225315,0.32940376,0.23930605,0.0849318,0.09833344,0.015197289,0.05949646,0.0012727386,0.012018524,0.00024650563,8.2604325e-05,0.0020788007,0.03482344,5.9814214e-05,0.00010328928,2.5901802e-06,1.7496492e-06,5.0570236e-07,2.539138e-07
2.1995502e-06,1.567377e-05,0.000463567,0.03308076,0.0251346,0.3968784,0.2568272,0.18337509,0.03259267,0.0063283416,0.0018461029,0.04822995,0.014289209,0.00060941384,3.4793197e-06,0.00027097872,3.6004025e-05,3.513502e-07,1.595715e-05,1.2417601e-08,3.391886e-08,1.2000343e-08,1.2005631e-08
9.0764115e-07,3.0876927e-07,7.696622e-06,0.00053777656,0.036168624,0.22933649,0.34312958,0.25238878,0.09723848,0.03685386,0.0021065879,0.0018393982,0.00031077894,1.7325958e-05,1.1981646e-05,8.462635e-06,2.6298318e-05,9.639108e-06,6.955102e-06,2.5196745e-10,4.7130704e-09,5.049245e-09,4.4163045e-08
5.037361e-05,0.0010445053,0.030390492,0.11798398,0.1571983,0.45979917,0.14311197,0.041167174,0.026347661,0.005707011,0.012141519,0.00031881031,0.002936758,2.1316411e-05,2.7866558e-05,0.00015450381,0.0015792382,9.005713e-06,9.881762e-06,9.774966e-08,2.56601e-07,5.7400694e-08,9.3031296e-08
1.5287333e-06,4.578956e-06,0.00010350066,0.0035455148,0.0217235,0.36664665,0.43484306,0.11257182,0.03392517,0.00792658,0.0005466161,0.016477047,0.001398358,2.6417507e-05,1.3779506e-07,0.00023893057,1.9248879e-05,1.08587955e-07,1.1419968e-06,8.9891483e-10,6.2434204e-09,2.7734353e-09,1.4040063e-08
2.3407927e-06,4.1562885e-06,0.00018685855,0.009022569,0.017143283,0.2029629,0.19793966,0.22352102,0.103705406,0.081255496,0.045290273,0.026997373,0.0772219,0.00021163875,0.0002823977,0.004145777,0.009873015,2.5941254e-05,0.00020457785,3.6811846e-07,5.7824695e-07,8.943956e-08,2.409638e-06
1.3601535e-05,1.6252705e-05,0.00030794737,0.007483446,0.068379074,0.20576629,0.12668364,0.07458794,0.08847419,0.21785872,0.0027934264,0.009638649,0.14497316,0.008805054,0.00025202698,0.0037765275,0.0007777628,8.860518e-06,0.03939252,8.248758e-06,1.5563415e-06,8.835992e-07,1.3655148e-07
5.71471e-07,6.94174e-08,1.9459803e-06,8.0443744e-05,0.00073282665,0.005785618,0.021097913,0.07168443,0.03347695,0.047250908,0.073044986,0.6492058,0.048169065,0.023124846,0.0013625427,0.00444651,0.004393062,9.7490505e-05,0.016028522,2.0156683e-06,1.0147917e-05,2.4999492e-08,3.3222325e-06
0.09021929,0.32365772,0.34473348,0.15300024,0.04459079,0.016464125,0.0072831716,0.006539596,0.0026413829,0.00094371784,0.0046311244,0.0011140518,0.000954813,0.00041463735,0.00020006306,0.001057997,0.00088730553,0.00029651326,0.00010848207,7.775789e-05,4.404786e-05,0.00010517753,3.4568424e-05
0.040497407,0.012010497,0.042001147,0.0072526745,0.8621607,0.015146066,0.013434478,0.005025484,0.0021374128,0.00030571816,2.5837624e-05,2.5012241e-06,1.4775112e-07,5.3477756e-09,1.5249968e-09,1.6728788e-10,5.294015e-10,2.4191515e-08,2.081844e-10,2.2101792e-15,8.69149e-14,1.0834187e-12,4.2115907e-13
6.634648e-07,1.03396296e-07,1.2826177e-06,9.938576e-06,8.803147e-05,0.0069649336,0.0073532113,0.08743523,0.015056138,0.072950035,0.08435966,0.26115757,0.13693315,0.07491153,0.19031473,0.004823519,0.045429245,0.0049572363,0.0071770353,2.799704e-05,2.587205e-05,1.6436485e-06,2.1248325e-05
0.46372536,0.32461715,0.19793087,0.0066075027,0.0013899136,0.00086655497,0.0009552207,0.0008304441,0.00041713673,0.00023155748,0.0008006478,0.00023045685,0.00020688439,0.00015758669,0.00021653713,0.00018255184,9.067394e-05,0.00030847944,9.0120826e-05,6.979019e-06,8.136083e-06,0.00010722943,2.2009617e-05
2.3092867e-05,2.7897744e-05,0.0002254433,0.00034077594,0.00388075,0.010559636,0.011711033,0.028699799,0.0207982,0.13385579,0.07764219,0.06948224,0.11435742,0.18230492,0.001015856,0.29628652,0.014513441,0.000100684185,0.025727436,0.00839121,3.6246085e-05,1.9138526e-05,2.608714e-07
1.7294207e-06,5.667654e-06,0.00039053799,0.002258121,0.0098103,0.051854666,0.11074328,0.096849576,0.04948407,0.45620543,0.061515857,0.0020897982,0.14188725,0.00052152365,0.00036251513,0.008771656,0.006188388,4.7381495e-06,0.0009806923,7.227796e-05,1.7322928e-06,1.2669295e-07,6.262408e-08
0.00015333216,0.00070291257,0.016389295,0.03851962,0.035010576,0.14644721,0.13490757,0.16950512,0.075406104,0.019679174,0.15149435,0.14337012,0.058988176,0.0044561476,0.00017113579,0.003750347,0.0007007781,2.8651693e-05,0.00030484147,7.651144e-06,3.0892525e-06,3.3315298e-06,4.9614255e-07
9.101526e-08,4.6636973e-08,1.8484526e-06,0.0001750286,0.00017744738,0.0023113317,0.008550945,0.038654618,0.07899132,0.017835328,0.45446748,0.17513815,0.036261104,0.009975239,0.16170035,0.0018787645,0.0112385545,0.0020562136,0.0005817646,9.367082e-07,5.939543e-07,1.5632392e-07,2.730148e-06
0.024372468,0.16483681,0.3074032,0.2813098,0.1295006,0.04582474,0.0125910295,0.013236964,0.004976357,0.0014128059,0.007975252,0.0013532476,0.00149644,0.00030079996,0.00012934975,0.0010590471,0.0018049608,0.00017725049,9.117467e-05,4.6711844e-05,3.28474e-05,4.5108096e-05,2.3016408e-05
4.0220837e-07,2.4733748e-07,5.555366e-06,7.279394e-05,0.007237588,0.03294495,0.47671375,0.13504621,0.19964898,0.13495506,0.005196225,0.0045365654,0.00036474943,3.4304812e-05,1.0297241e-06,0.0031041957,0.00012728329,4.655201e-07,9.416583e-06,5.8755306e-10,1.712774e-08,4.0985144e-09,2.5313943e-07
0.00013995185,0.00023596986,0.0037166227,0.030872498,0.051068578,0.18327554,0.15824118,0.14273849,0.0698695,0.041762218,0.019112255,0.19506301,0.091981076,0.008830292,0.00047784718,0.0014449474,0.00039133627,3.3713633e-05,0.00072788855,7.351332e-06,4.410953e-06,4.362916e-06,9.551406e-07
5.0268477e-06,9.219799e-07,8.961795e-06,4.4470406e-05,0.0022302994,0.004109853,0.18491375,0.16258435,0.25956115,0.2455373,0.099901244,0.028183492,0.0015638751,0.0002208663,1.38814385e-05,0.009974368,0.0010908205,2.3132466e-06,4.9762e-05,7.6747515e-09,1.8764074e-07,1.8738751e-07,2.9312478e-06
6.302987e-08,2.7631675e-08,9.556951e-07,0.00011500816,0.00020937821,0.0009992177,0.00520844,0.021361448,0.048179585,0.0106616,0.6122863,0.22410446,0.029508125,0.008048229,0.03356377,0.00023714169,0.0037683013,0.0008615468,0.0008831662,8.9124036e-08,5.106002e-07,2.6436023e-08,2.5333943e-06
0.18232372,0.41953033,0.29446357,0.06552288,0.01658959,0.0067743245,0.0038533928,0.0031072495,0.001501923,0.0005527108,0.002335891,0.0006595416,0.00056278164,0.0003517005,0.00020768294,0.000622338,0.00037851324,0.00032694638,9.596534e-05,5.5638346e-05,3.0988198e-05,0.00012147109,3.0802163e-05
0.00012093312,0.0026106203,0.054863825,0.19103132,0.20747559,0.42394602,0.07197867,0.022248698,0.013133607,0.0038918573,0.0055304533,0.00023489598,0.0018944881,1.6928954e-05,1.7646256e-05,9.57915e-05,0.0008888497,1.0639197e-05,8.3289215e-06,1.2562487e-07,3.4929792e-07,9.3148195e-08,1.5201886e-07
6.8376795e-07,3.5199173e-07,2.1456477e-05,0.0010619169,0.0010588694,0.0057764556,0.02556069,0.058607906,0.054564018,0.019684795,0.5878882,0.11303207,0.07053025,0.0059928913,0.048870347,0.0013574698,0.0052657593,0.0004111292,0.0003125991,8.308264e-07,3.447204e-07,2.5537193e-07,6.981257e-07
0.00015159664,0.0008732796,0.02305459,0.11892411,0.13225095,0.29907006,0.16594243,0.11043541,0.054692812,0.05793548,0.008865454,0.0052050636,0.020159764,0.00019171674,2.322501e-05,0.0017920883,8.173504e-05,5.601884e-06,0.00033974714,1.8557897e-06,1.6286684e-06,1.0260193e-06,4.543304e-07
8.1878557e-07,6.8637615e-07,1.2357405e-05,0.0009276185,0.06712323,0.14774583,0.29181036,0.27182913,0.12125803,0.07523591,0.00071551313,0.0005221849,0.010056713,0.0005563694,9.86646e-07,0.006492117,9.431941e-05,2.2186075e-06,0.0056153233,1.30258755e-08,3.3044338e-07,2.7305695e-09,1.0112937e-08
1.2662e-09,2.839179e-10,3.5753423e-08,1.8290128e-05,4.996279e-05,0.00019324334,0.006977471,0.012668093,0.024121275,0.0035330823,0.60597676,0.32592,0.013255012,0.005133611,0.0015592392,2.4685985e-05,0.00036853517,1.2353008e-05,0.00018835829,5.943815e-10,7.654917e-09,6.888094e-11,3.797504e-09
2.8566104e-05,2.3149635e-06,1.2435826e-05,1.4823574e-05,0.00036014486,0.00031315733,0.0055392813,0.009773018,0.10977513,0.15144277,0.14795347,0.0032843282,0.01893839,0.0037697442,1.4713141e-05,0.29599082,0.018804582,8.8617846e-05,0.22533622,1.3943504e-07,3.0905354e-05,2.3819493e-06,0.008524068
2.4391622e-05,1.9049607e-05,3.1945987e-05,3.8793725e-05,0.00018719879,0.00339906,0.0013532239,0.019020202,0.06657457,0.00406777,0.13325548,0.029331142,0.04472849,0.057553086,0.0029891683,0.54493964,0.010100819,0.016290879,0.051158644,0.01002668,0.00014369507,0.0047516967,1.4348615e-05
3.555343e-07,1.8473922e-07,1.2096474e-06,3.7815564e-06,7.435108e-05,0.0014765636,0.017043853,0.04724222,0.24594954,0.6099202,0.033106208,0.0033698587,0.0020582979,0.000483127,0.0015767303,0.030409204,0.007080952,3.9264203e-05,4.162329e-05,1.6372311e-09,7.281699e-08,4.125403e-07,0.00012190778
3.6247087e-07,1.80431e-07,7.4504496e-06,8.391794e-05,0.010466525,0.04498277,0.39359543,0.123631984,0.14435253,0.27861774,0.0015973188,0.00032200204,0.0008923572,7.241284e-06,8.7424095e-09,0.0013359163,6.6941204e-05,2.66403e-07,3.9029674e-05,1.4244064e-10,9.8155475e-09,1.4441824e-10,4.1625135e-08
0.00016892608,0.002819902,0.04121543,0.29505646,0.2894296,0.33473966,0.024358641,0.0059552584,0.003621047,0.001254284,0.0006728348,5.868569e-05,0.0004995365,7.707761e-06,2.1121982e-06,1.9155537e-05,0.00010223153,1.3830466e-05,4.2836577e-06,5.3976443e-08,1.9268508e-07,6.2586714e-08,7.78836e-08
3.852866e-09,3.0808025e-09,2.5336735e-08,1.8503151e-07,9.368046e-08,7.439545e-05,0.000117885334,0.006795096,0.0028037524,0.0029069777,0.009580484,0.00055928336,0.029000739,0.005572499,0.66391635,0.27671123,0.00026946765,0.0014944636,0.00019259995,7.185841e-08,3.1004934e-06,4.476223e-07,8.4502716e-07
4.898977e-07,7.2888492e-06,0.0005614691,0.008520879,0.032279167,0.39621556,0.44299787,0.059313595,0.040776856,0.014125059,0.002946508,8.509935e-05,0.0017115956,1.096825e-05,1.6146116e-05,4.9301165e-05,0.00037523417,3.4975617e-06,3.3828287e-06,2.3797415e-09,1.8586164e-08,5.612118e-10,6.890293e-09
2.888333e-06,4.8395214e-06,6.107086e-05,0.003383088,0.014146699,0.17014894,0.21792382,0.252195,0.07011111,0.03713156,0.0038171734,0.19254227,0.026799422,0.010528586,0.00017049229,0.00046013566,0.00031926786,7.668865e-06,0.0002453392,1.508164e-07,3.1442553e-07,8.478546e-08,9.976735e-08
0.00049525587,0.0011153809,0.012503534,0.08711808,0.10174114,0.25518715,0.14319994,0.11306005,0.075089365,0.061633687,0.019017447,0.04596927,0.07317977,0.0033933858,0.00045070148,0.0042890203,0.00080770155,5.8980633e-05,0.0016287398,2.3006069e-05,1.3495723e-05,1.9859026e-05,5.0355534e-06
0.0039391736,0.045803457,0.12837201,0.2895511,0.2280406,0.15372719,0.037901923,0.037316486,0.020422718,0.0045969086,0.019468568,0.0028518056,0.0063939565,0.0008153463,8.720609e-05,0.0039175455,0.016382389,0.00014299629,0.00017642771,5.069678e-05,1.5121001e-05,2.1944872e-05,4.4508306e-06
4.6418055e-08,1.09310044e-07,4.472337e-06,9.9663994e-05,9.025022e-05,0.0018185162,0.0064365435,0.019541236,0.027440757,0.009433461,0.59953576,0.11196877,0.12452156,0.09509312,0.002259839,7.663353e-05,0.0005485897,0.0006636249,0.00046690708,4.9900826e-09,5.4107154e-09,8.644275e-08,1.327768e-08
5.472499e-05,0.0006612026,0.014510371,0.11943336,0.27967936,0.5116873,0.050143283,0.009558071,0.008192435,0.0041051162,0.0007381296,9.755375e-05,0.00094116013,1.18055295e-05,1.1202062e-05,2.0974723e-05,0.00013321816,1.5774842e-05,4.590955e-06,2.8876583e-08,1.7168918e-07,2.9295878e-08,1.1017288e-07
0.026143732,0.18435302,0.35874274,0.25742,0.09730004,0.036761634,0.010797394,0.011629022,0.0037785724,0.0010315162,0.0073665264,0.0010146392,0.0009009709,0.00020214052,7.807153e-05,0.00075961195,0.0014503234,0.00011025,5.938428e-05,3.1625073e-05,1.8821536e-05,3.4591965e-05,1.5324013e-05
0.002667029,0.035282806,0.12879552,0.22389649,0.27108818,0.21357997,0.039993506,0.02529071,0.019498115,0.0038799087,0.017653214,0.0020169283,0.0060334713,0.00034640645,0.00019514587,0.0012992001,0.00819791,0.00012702242,0.00011315221,1.2585135e-05,1.4545245e-05,1.2289007e-05,5.883225e-06
1.6339887e-06,5.7780794e-06,8.285178e-05,0.003714036,0.012978444,0.4340757,0.26975247,0.124747574,0.04502933,0.013334944,0.0012726175,0.08894228,0.005423205,0.00026339223,5.782539e-06,0.00026079436,0.00010165948,8.1552037e-07,6.503883e-06,8.1141796e-09,3.915181e-08,2.064612e-08,8.6950514e-08
0.0049167383,0.07377308,0.24695896,0.3251545,0.21395603,0.10780024,0.009811556,0.0082917595,0.003924793,0.0007776116,0.0028602656,0.00030499694,0.0005310292,3.248495e-05,1.7486485e-05,0.00014395766,0.0006992891,2.2505314e-05,1.384826e-05,1.8523731e-06,2.6414596e-06,2.2519516e-06,2.0809e-06
1.2545977e-08,2.7421201e-10,2.535972e-08,1.3451937e-08,1.9053268e-05,4.615057e-06,0.017947605,0.019423163,0.518661,0.21677497,0.10587169,0.00024429924,0.0005799268,2.6750116e-05,1.3550053e-11,0.12028357,0.000103947146,1.0067059e-09,5.9308855e-05,1.41985245e-14,6.095597e-11,2.1511063e-12,4.60027e-10
7.0706665e-07,1.321825e-06,5.3685737e-05,0.0048875688,0.07954285,0.39788252,0.37632376,0.096296854,0.032835953,0.010391956,0.0003408887,0.0011919964,0.00021963257,2.3901034e-06,3.9404657e-07,1.8733259e-05,5.9339036e-06,2.9965736e-07,2.6313364e-06,1.647025e-10,2.5148275e-09,8.873843e-10,1.0410834e-08
0.023519816,0.17617509,0.3558703,0.26038566,0.10818708,0.039784152,0.010081478,0.010727345,0.003967096,0.0010204663,0.0062940707,0.00080943113,0.0008540553,0.0001448109,6.957243e-05,0.0005829508,0.0012892701,0.000101568156,5.6010278e-05,2.122404e-05,1.6324904e-05,2.7515629e-05,1.4725189e-05
3.8574092e-07,1.87082e-06,0.0002817595,0.016599353,0.070965305,0.3934665,0.316117,0.14429075,0.023570487,0.028541379,0.00061428174,0.00016310022,0.005362173,9.223875e-07,4.0603556e-08,1.50303895e-05,6.4481983e-06,3.174942e-08,3.225337e-06,8.25614e-11,8.3969953e-10,4.350124e-11,5.729651e-10
0.00032385183,0.0012979868,0.05966634,0.051558305,0.20360017,0.10977191,0.19908394,0.17341878,0.034064125,0.081093594,0.04354415,0.0015330333,0.037529476,0.00011686154,0.0001393887,0.002480042,0.0005902855,8.401302e-06,0.00016130786,1.2451406e-05,3.2268463e-06,1.1109519e-06,1.2367093e-06
0.0074669025,0.09008733,0.22302029,0.34274766,0.19538899,0.08959427,0.015573237,0.017181527,0.0058144424,0.001618113,0.0063272016,0.00084529753,0.001554752,0.00018933303,3.7380025e-05,0.0007517002,0.0016530649,6.629784e-05,4.7084268e-05,1.411988e-05,7.812998e-06,9.509575e-06,3.6476092e-06
1.5809493e-06,9.7978e-07,1.1214464e-05,8.8386274e-05,0.0069846027,0.017911745,0.40599316,0.21611376,0.15406655,0.15648544,0.014969204,0.004215839,0.0029401814,0.0007631868,7.01897e-06,0.018643608,0.0004461746,4.916723e-06,0.0003515825,1.142726e-08,4.6619883e-07,3.234614e-08,3.9110276e-07
3.783785e-06,1.800819e-08,8.300237e-07,8.7313686e-07,6.197228e-05,1.6686821e-05,0.038060337,0.03345297,0.45548615,0.08932395,0.25398627,0.12924764,5.3386317e-05,2.8038637e-06,6.927426e-07,4.728453e-05,0.0002543148,2.2532287e-09,1.2803474e-08,1.9424191e-13,6.85181e-12,7.618849e-10,5.3256586e-09
1.0973454e-06,1.3896705e-06,2.165513e-05,0.0013462364,0.048473034,0.19197878,0.26176912,0.23313335,0.11629679,0.11462915,0.0009344215,0.0030023486,0.017200982,0.0023893055,4.2874017e-05,0.0018553679,0.0004090398,6.5537897e-06,0.0065079033,7.193084e-08,4.4326487e-07,1.6218129e-08,3.2592215e-08
8.772911e-06,5.3945016e-05,0.001947688,0.101224646,0.08932584,0.36853957,0.22448719,0.14690107,0.030093139,0.011382833,0.0011825312,0.010723306,0.013804015,9.8057666e-05,2.0490816e-06,0.00017759218,1.2428136e-05,2.5305206e-07,3.4973807e-05,2.1411044e-08,4.4590116e-08,1.5197942e-08,1.0457662e-08
0.000898636,0.018158138,0.1687284,0.3082123,0.2853042,0.1959551,0.011094066,0.0057424847,0.003152807,0.0007452879,0.0013238635,0.00010765326,0.00032680586,6.66791e-06,3.7896423e-06,3.8511545e-05,0.00019021911,6.9061693e-06,3.2006196e-06,1.446493e-07,4.293492e-07,1.931889e-07,2.7838362e-07
0.0013918938,0.0033641139,0.04366719,0.04621903,0.14865586,0.1632388,0.12751192,0.18800187,0.06423533,0.10592639,0.027294416,0.016705746,0.03998511,0.0031686006,0.0002532488,0.017025128,0.00046985675,3.5249843e-05,0.0026959162,0.00011029038,2.5963462e-05,1.4908382e-05,3.223407e-06
1.4628968e-06,7.681925e-07,7.45412e-06,4.389268e-05,0.001614617,0.00726897,0.19337653,0.14688265,0.2534267,0.27740303,0.04758051,0.014706654,0.0022667851,0.0002920813,8.9618425e-06,0.053296577,0.0017258825,2.0000596e-06,9.0653935e-05,1.0325562e-08,2.3894503e-07,8.932626e-08,3.5301518e-06
1.6269034e-05,0.00011591675,0.011993787,0.16309753,0.11629507,0.36050057,0.17054902,0.098234534,0.025884477,0.034722693,0.00567477,0.00026829448,0.012360416,1.7916489e-06,1.8426784e-06,0.00016596742,0.00010372028,5.3786897e-07,1.2656399e-05,3.2714393e-08,4.6427804e-08,1.5198351e-08,5.865281e-08
3.0312225e-07,1.2303807e-06,2.4470992e-05,0.0022832588,0.008250036,0.1630391,0.2674253,0.35618877,0.086529896,0.050153386,0.0050796624,0.040913276,0.0123509355,0.005119598,0.00018538047,0.001817577,0.00037685037,3.5936307e-06,0.00025703202,5.0651785e-08,1.8671722e-07,1.1166051e-08,6.1400996e-08
2.6892621e-06,3.898193e-06,6.314555e-05,0.002599538,0.00898282,0.08743656,0.17158474,0.19994038,0.09372548,0.05928973,0.024830705,0.26407117,0.05623356,0.027623089,0.001974093,0.0004978271,0.00054747064,3.7583803e-05,0.0005540675,5.243839e-07,5.591143e-07,2.2061191e-07,1.6423418e-07
8.9680945e-08,9.390079e-08,4.7177664e-06,0.00016578697,0.011621981,0.17663617,0.3874552,0.07364358,0.060063314,0.28745046,0.0013246986,0.00076381775,0.0007600211,2.820852e-06,6.862882e-08,4.054884e-05,5.673949e-05,3.7399718e-07,9.52221e-06,1.1499639e-10,2.3299853e-09,1.5077808e-10,3.2542978e-08
2.9411678e-05,0.00013346523,0.0033220402,0.10039569,0.08235294,0.3365746,0.20889427,0.1256669,0.04826291,0.01821002,0.0039664856,0.039130695,0.031860285,0.00054611784,2.2901926e-05,0.00044236725,7.383644e-05,1.7144663e-06,0.000112365204,2.5204497e-07,3.5000784e-07,2.0107043e-07,1.03186416e-07
2.9654896e-06,4.716746e-06,0.000121779165,0.010825573,0.07857287,0.3757165,0.2686772,0.10755382,0.06923318,0.07267631,0.0008752464,0.00075607985,0.011097947,0.00019852741,2.1644084e-05,0.00026695238,0.00015456113,7.329348e-06,0.0032365534,4.3750216e-08,1.2365248e-07,4.665526e-08,7.5382374e-08
6.8621855e-05,2.946049e-07,6.5512654e-07,4.9434857e-07,5.844238e-06,6.1361916e-06,0.010302324,0.1284128,0.04871623,0.010465749,0.6445991,0.15649214,0.00068140455,1.381934e-05,0.00020773373,7.3188716e-07,2.584707e-05,1.0291883e-08,3.0648685e-08,1.8228238e-13,9.171199e-12,1.328692e-08,2.8630415e-10
5.06101e-07,4.872864e-08,1.3883703e-06,2.3752134e-06,0.0011462284,0.00039575153,0.044348437,0.009902554,0.61827105,0.30024645,0.01819275,0.0012766655,8.6439184e-05,3.6746512e-06,5.4176898e-08,0.0013518435,0.004764742,4.2630174e-07,1.7463924e-06,6.352297e-12,3.967898e-10,2.008825e-09,6.84022e-06
1.0512001e-05,7.842812e-06,4.086388e-05,7.7243036e-05,0.00033923532,0.002233009,0.0048661036,0.01228182,0.03498628,0.06688136,0.14812627,0.11048851,0.25823876,0.15114067,0.03453544,0.0030539318,0.028294438,0.1156426,0.028493656,6.56794e-07,1.4268159e-06,0.00023882551,2.0550588e-05
7.886174e-05,0.0016912991,0.028849188,0.24783756,0.22785532,0.44590428,0.034163073,0.006701158,0.0040727938,0.001444725,0.00069755514,4.9025708e-05,0.0004706764,5.5266123e-06,1.4317569e-06,1.711773e-05,0.00014752096,9.67474e-06,3.0422864e-06,3.2332167e-08,1.0576134e-07,3.130491e-08,3.6877612e-08
0.0030098835,0.042814042,0.155072,0.26188552,0.22183934,0.15498306,0.042116474,0.040708657,0.020495428,0.004819716,0.02707209,0.0024352241,0.0055832635,0.00045523944,9.426489e-05,0.0025601066,0.013767268,9.625546e-05,0.00013430472,2.7927807e-05,1.2102738e-05,1.3962898e-05,3.828703e-06
0.008363733,0.10313249,0.2524053,0.32598233,0.17855716,0.0723879,0.017288797,0.01798592,0.006559234,0.0017106155,0.009511452,0.0011300737,0.0017942046,0.00017715208,7.533448e-05,0.00076969696,0.0019895718,7.389153e-05,5.663419e-05,1.5996251e-05,1.2562526e-05,1.3155662e-05,6.75923e-06
1.9537338e-06,9.4822286e-07,9.7140255e-06,8.718286e-05,0.00030177284,0.0009399636,0.0034207136,0.008955008,0.019571206,0.023951475,0.55029505,0.14580068,0.08929449,0.099622756,0.01967581,0.0025441237,0.015146025,0.015719915,0.0046377797,6.067622e-06,1.1564741e-06,1.5335889e-05,8.35547e-07
7.6422566e-07,2.9371506e-07,9.103859e-06,0.0001387652,0.0005553676,0.010450241,0.02245513,0.08836185,0.032977622,0.10571803,0.15022615,0.11770709,0.23944202,0.054202992,0.10304865,0.025079371,0.045522045,0.0005787977,0.0033440103,0.00017448489,4.4816557e-06,1.1157787e-06,1.6359473e-06
1.1527806e-06,9.154216e-08,5.8736157e-07,4.528003e-06,6.78356e-05,0.00046400697,0.0018462433,0.007761841,0.013964348,0.050474353,0.011184011,0.0044415565,0.023047283,0.0035521912,2.9222343e-05,0.32664347,0.0055265515,1.2504499e-06,0.5499575,2.1747485e-06,0.0010199809,3.2510165e-08,9.711215e-06
1.8355909e-06,1.0111284e-05,0.00041106233,0.047898665,0.08055697,0.4638057,0.24275912,0.13372873,0.019224266,0.006538551,0.00045061903,0.0026291057,0.0019364699,7.5598027e-06,3.749996e-07,3.0017884e-05,4.327048e-06,1.3020093e-07,6.292294e-06,7.8723084e-10,5.3322435e-09,1.7408011e-09,4.078248e-09
1.9509945e-07,2.5530184e-07,3.2800842e-06,0.000100524754,0.00012466287,0.0036264937,0.012102022,0.02273103,0.061192624,0.034473438,0.20419174,0.36933026,0.16760863,0.10002745,0.016932102,9.2602626e-05,0.005249487,0.0018008483,0.0004114226,1.8462952e-08,3.6163257e-08,5.734773e-07,2.9846643e-07
2.894493e-05,0.00044628375,0.00790742,0.04264393,0.113997936,0.69910365,0.0937031,0.015992738,0.016495857,0.004537438,0.0020560157,0.00015485224,0.0014609537,1.9883184e-05,2.3207433e-05,8.8791116e-05,0.0013168398,1.4988904e-05,6.4911455e-06,6.820318e-08,2.6687198e-07,4.9393424e-08,1.2877582e-07
5.8135516e-08,8.211129e-08,1.75047e-07,0.00034245473,0.00067734823,0.070356235,0.019714354,0.017121686,0.004945369,0.0016267741,0.00024374282,0.00010579908,0.016656663,0.0073135337,3.0330622e-07,2.6676532e-06,3.2561303e-07,0.8607502,0.00014202188,1.1443743e-08,1.6256719e-07,1.1714513e-09,1.3039503e-09
2.5581408e-05,1.1694315e-06,1.3171007e-05,1.8637103e-05,0.003654157,0.0006622981,0.14747538,0.05281709,0.4388515,0.23636329,0.09309804,0.022242378,0.0009852763,0.0005368684,6.578733e-06,0.0018659211,0.0012944483,1.444542e-05,4.8487105e-05,2.4881588e-09,6.950879e-08,4.3545867e-07,2.4788464e-05
3.2204446e-06,3.5346918e-07,6.8598256e-06,9.337266e-06,0.0014378113,0.0013380988,0.06388135,0.03190652,0.43729997,0.2891409,0.026505806,0.0012693917,0.003116991,0.00024716332,1.12818235e-07,0.13880707,0.0023995882,5.951088e-06,0.0026070245,1.6639302e-09,3.5514816e-07,1.2006214e-08,1.6107077e-05
2.561508e-07,9.833315e-08,2.7416982e-06,3.395059e-05,0.000525431,0.009494078,0.018696472,0.056595802,0.014412213,0.21602531,0.023505028,0.011332114,0.5344062,0.037800316,0.0130338725,0.01024719,0.044293415,6.6776374e-05,0.009311085,0.00021588481,1.3764868e-06,2.6787194e-07,1.3881143e-07
0.00069753133,0.0010398709,0.010623629,0.03103117,0.19712499,0.19159365,0.13863267,0.15144517,0.058076285,0.11640289,0.0102188755,0.009107012,0.06688074,0.0040031853,0.0001651392,0.0054478687,0.0003188989,2.6549651e-05,0.007108352,3.4133565e-05,1.1596284e-05,8.248837e-06,1.6335572e-06
7.8858175e-05,1.1544531e-05,6.816573e-05,7.893989e-05,0.0017164113,0.002256431,0.026107222,0.024159098,0.21520483,0.26133677,0.080135494,0.0072808377,0.029053094,0.0050526736,5.4310916e-05,0.17964514,0.03459246,0.0008018627,0.12844291,5.261811e-07,3.593315e-05,3.6280674e-06,0.0038829148
4.0433886e-08,9.2222e-10,8.567793e-08,2.0598746e-07,0.00023796351,9.4161056e-05,0.17163236,0.11075628,0.35219863,0.062836185,0.2976871,0.0005501212,0.00038572963,2.3436101e-05,5.93043e-10,0.003553779,1.598557e-05,4.271213e-09,2.7948436e-05,1.1407332e-13,2.8475852e-10,2.6314303e-11,1.0986987e-10
0.008074266,0.088855855,0.19920756,0.34167546,0.20215996,0.10577855,0.016476156,0.016455317,0.00668773,0.0015012994,0.006616763,0.00096686423,0.001588661,0.00022461601,4.331953e-05,0.0007784469,0.0027216875,8.5780535e-05,5.7376197e-05,1.6913677e-05,9.39732e-06,1.2992031e-05,5.0374056e-06
2.2745919e-08,1.4958414e-07,1.886625e-05,0.0005170721,0.011000579,0.42433727,0.36805373,0.044492986,0.10337695,0.047043104,0.00054900354,5.976648e-05,0.0004027445,7.2218922e-06,4.329996e-05,1.4296675e-05,8.040158e-05,1.9283511e-06,6.49601e-07,4.720951e-11,1.6526944e-09,2.7902453e-11,5.084544e-09
2.8037235e-05,0.00016036963,0.017226601,0.0564505,0.12317275,0.16012575,0.26734343,0.13714576,0.060222067,0.08572869,0.04038263,0.0014786333,0.048663065,3.6795776e-05,4.8878686e-05,0.0011991062,0.00052067876,2.2917252e-06,6.221489e-05,1.1367746e-06,4.1999377e-07,1.2068534e-07,1.3026407e-07
0.70694935,0.19002439,0.10068562,0.0007513919,0.00013706555,9.39928e-05,0.00016185502,0.00020089735,8.117962e-05,6.24925e-05,0.00023024759,4.5461013e-05,8.259621e-05,3.773245e-05,0.0001057942,3.752714e-05,1.7824601e-05,0.00020604451,4.0655963e-05,2.5786613e-07,7.6488806e-07,3.9248076e-05,7.552098e-06
6.479014e-08,3.7077694e-08,1.8382486e-06,2.6295273e-05,0.008453965,0.027157223,0.41252214,0.03331332,0.11471058,0.40212533,0.0013248697,0.0001707422,6.406229e-05,2.505872e-07,1.7385415e-09,8.4792046e-05,4.3449025e-05,3.6569272e-08,1.0117955e-06,4.0363767e-12,2.667213e-10,2.5938333e-11,1.6494855e-08
0.012302632,0.08962587,0.18103838,0.31254777,0.19470173,0.086991094,0.026353093,0.026041152,0.014281439,0.0029744918,0.019910052,0.005482079,0.0059495545,0.0019968157,0.0001576729,0.006414779,0.012384567,0.00028468616,0.00025295373,0.00016941888,3.8142418e-05,8.727548e-05,1.4313027e-05
0.0052401684,0.07498084,0.23429674,0.33145413,0.21061213,0.10391213,0.013020593,0.011598254,0.005383799,0.0012231144,0.0049116514,0.0005672461,0.0011339806,6.818745e-05,3.9562634e-05,0.00031263675,0.0011476221,4.6906225e-05,2.9943438e-05,4.484913e-06,6.3688963e-06,5.178493e-06,4.2802894e-06
2.2678631e-07,3.2981372e-08,1.3596089e-06,1.6279342e-06,0.00021664037,0.0003708739,0.10402746,0.047872547,0.30676073,0.39041036,0.101564184,0.0051880335,0.0008687405,0.00014386089,4.2023908e-07,0.040938914,0.0016034332,1.3879811e-07,3.0072715e-05,1.4222863e-10,7.789511e-09,5.2407736e-09,2.7925216e-07
1.2691046e-05,2.3994975e-05,0.00073184096,0.004218117,0.044389464,0.14253503,0.115320876,0.08133398,0.08816951,0.3786344,0.011012234,0.012609854,0.08797231,0.008178686,0.00024968595,0.011216646,0.0005468512,7.743025e-06,0.012807005,2.5892401e-05,2.3316854e-06,8.0562296e-07,7.919542e-08
6.102669e-06,9.237998e-07,3.7170564e-06,5.0627177e-06,8.87904e-05,0.0006378038,0.009650829,0.07111651,0.10066471,0.059586957,0.1651366,0.0035852115,0.025747629,0.009125279,0.0020179946,0.42469496,0.0029687076,4.6572804e-05,0.12473862,2.4645973e-07,7.83911e-05,1.1100393e-05,8.722263e-05
2.79037e-06,5.052945e-07,7.2002313e-06,0.00014725013,0.021019842,0.03681496,0.40770546,0.25225535,0.18316631,0.080294974,0.0109389275,0.0070279106,0.00037587155,6.147748e-05,1.1659787e-05,8.961982e-05,6.2068124e-05,4.8995876e-06,1.2547214e-05,8.422274e-10,3.02795e-08,1.9960234e-08,2.488721e-07
3.5076505e-07,1.1767712e-06,4.934495e-05,0.0015168255,0.015858,0.36792383,0.24660636,0.068302795,0.089952074,0.19729711,0.0049520684,0.0037240442,0.0026616484,2.982948e-06,5.4281495e-06,0.0001810791,0.0009583132,2.0507346e-06,4.2269107e-06,2.153588e-09,7.8466815e-09,5.578391e-09,2.943272e-07
5.6110966e-06,3.1628395e-05,0.0015087036,0.10570734,0.08268221,0.4853697,0.18148361,0.12394811,0.01301651,0.0022119244,0.00038715795,0.002182528,0.001418011,2.2908673e-06,3.6304435e-08,4.1441657e-05,2.0002767e-06,3.5741177e-08,1.1269223e-06,5.0046534e-10,3.3300256e-09,1.2859126e-09,2.254184e-09
6.479715e-05,0.00012970294,0.0028824096,0.022551537,0.10663468,0.23979113,0.14889751,0.121101305,0.07851538,0.16713996,0.0065403874,0.0101309735,0.08394224,0.002646332,0.000115048475,0.0036198315,0.000271264,8.080182e-06,0.0050047096,8.659912e-06,2.3910318e-06,1.4035869e-06,2.5174816e-07
3.051732e-05,0.00020167776,0.016764276,0.08728888,0.09384555,0.114338435,0.25438696,0.11299829,0.09242423,0.03201975,0.15365289,0.0061887302,0.034534343,4.182444e-05,7.491279e-05,0.00067684555,0.00050147803,3.877256e-06,2.5658119e-05,3.0124008e-07,3.0863268e-07,1.4644603e-07,1.5616537e-07
1.4895426e-05,6.9749603e-07,3.7822065e-06,8.757596e-06,0.0011816235,0.0018533629,0.07202286,0.11449265,0.3470945,0.24428022,0.15788805,0.019635275,0.009930758,0.006402795,4.1451594e-06,0.019427327,0.00012034664,5.8276582e-05,0.0054805633,2.7814718e-08,9.366766e-06,8.1688603e-07,8.891916e-05
2.1565505e-08,1.622816e-07,3.1876658e-05,0.000837127,0.028988443,0.49116534,0.29976973,0.033009876,0.067786664,0.07791468,0.00028572037,2.0914855e-05,0.00015277919,1.3995492e-06,2.2313454e-06,6.4732217e-06,2.6004718e-05,2.9867485e-07,2.595234e-07,7.2727154e-12,3.9652964e-10,4.9483547e-12,1.9765543e-09
8.39298e-05,3.0235657e-05,0.0003748992,0.010828099,0.15197276,0.27628842,0.21999396,0.28653997,0.038283285,0.0060055777,0.0024648153,0.0062314705,0.00085420575,1.6776967e-05,4.9065916e-06,8.780342e-06,8.208426e-06,2.592817e-06,6.9721896e-06,4.3679615e-09,3.6452153e-08,3.120131e-08,8.8531145e-08
3.3185907e-07,2.5667055e-07,8.523492e-07,1.2915621e-06,1.8546119e-06,0.00015325558,0.00012420889,0.0083435895,0.0041172053,0.0010837103,0.0044466075,0.002261043,0.024929333,0.009165017,0.63006073,0.27011198,0.002570878,0.00029688384,0.040453758,2.5117558e-06,0.0015673082,0.00022630782,8.114433e-05
2.7255988e-05,1.7249625e-06,3.6986341e-06,6.369177e-06,0.00021553275,0.0011373848,0.008327886,0.028120948,0.10202721,0.13121936,0.042524815,0.020514032,0.065712295,0.02684122,7.6615885e-05,0.1490108,0.001296689,3.5869813e-05,0.42151907,1.6201172e-06,0.0012657245,7.1727113e-06,0.00010669574
4.907242e-05,6.845813e-06,2.9330326e-05,5.6920766e-05,0.0063042515,0.003400267,0.07813168,0.038325366,0.5103046,0.3063609,0.025281526,0.02335017,0.0015476468,0.00083525205,0.00015283222,0.0007518121,0.004502346,0.0003405479,5.754446e-05,3.1783536e-08,3.1762826e-07,2.8592135e-06,0.00020798086
0.14618252,0.18115772,0.488225,0.03707898,0.03950226,0.013375011,0.02910251,0.041888583,0.0040006298,0.0060027963,0.007814069,0.00089071423,0.003316936,9.1479174e-05,8.971391e-05,0.0008938891,0.00013635297,5.0538103e-05,0.00014393918,1.7012153e-05,8.919399e-06,1.724254e-05,1.3266743e-05
9.840944e-07,6.8422423e-06,0.00023821167,0.003367273,0.013955287,0.088338144,0.23192258,0.25195524,0.2200641,0.04136581,0.109591655,0.004501191,0.023885628,0.0016361441,0.000833228,0.0021571692,0.0059682303,9.86731e-05,0.000112194204,5.2118037e-07,7.710439e-07,2.7783363e-08,4.5201777e-08
4.311197e-07,1.7100726e-07,2.947773e-06,0.0001160307,0.00697925,0.1575299,0.1750015,0.40211502,0.056687567,0.14114426,0.0034601528,0.01076932,0.042790867,0.00085238105,5.243187e-05,0.00044418327,0.00080722704,2.2468494e-05,0.0012231653,7.144194e-08,2.1324597e-07,7.32672e-09,4.378199e-07
7.911415e-06,6.2498375e-06,1.8586234e-05,6.18505e-05,0.00025047245,0.0033726073,0.0030938087,0.009489498,0.009066712,0.016645646,0.09044905,0.025477558,0.07899906,0.36117983,0.00268652,0.2921953,0.025896154,0.00465001,0.049358603,0.026387567,0.00043470497,0.0002715008,8.035446e-07
2.7114182e-05,8.351659e-05,0.005237341,0.012121573,0.07261107,0.10403933,0.19833454,0.17048824,0.04297945,0.23037836,0.033465702,0.0014474659,0.123048395,0.0002964266,0.00023239358,0.0035433709,0.001177143,6.352805e-06,0.00046243964,1.7616043e-05,1.5723261e-06,3.525563e-07,2.3245418e-07
0.00010576372,0.0002613057,0.006309495,0.19520463,0.23748054,0.3123579,0.11309316,0.10047046,0.019034535,0.008030776,0.001547692,0.001380851,0.0045802775,1.5232663e-05,1.6207409e-06,6.4271815e-05,6.7328697e-06,1.1551671e-06,5.332199e-05,2.7998949e-08,9.278546e-08,6.993162e-08,5.5387822e-08
6.384341e-06,8.689122e-06,9.234843e-05,0.0020913875,0.003138459,0.029352557,0.04508392,0.05911659,0.070117876,0.045947097,0.16703096,0.3912122,0.11970204,0.049243353,0.011734759,0.0012601119,0.0032379855,0.00046999438,0.0011424028,2.776538e-06,1.4437962e-06,5.2286027e-06,1.467431e-06
3.2604905e-10,1.3206084e-09,8.6888764e-07,3.0293817e-05,0.012825162,0.085385494,0.50123715,0.006501615,0.036097888,0.3578735,4.3153086e-05,2.1569342e-06,1.1668991e-06,1.2106263e-10,5.2421094e-13,5.534713e-07,9.5012643e-07,1.7176227e-11,3.8124956e-10,1.1675333e-16,1.8207581e-14,1.6187603e-15,3.434813e-12
4.288671e-06,2.8941845e-06,1.3559877e-05,4.2788273e-05,0.0013256985,0.013804685,0.094787255,0.20557767,0.14537844,0.2798155,0.07413119,0.023770815,0.04863227,0.038164273,0.030667514,0.028051503,0.0076358104,0.0012928386,0.0068559223,1.0363025e-06,2.79816e-05,3.0529557e-06,1.3017146e-05
7.5962494e-06,7.4642585e-06,0.00012478906,0.0012325016,0.017384466,0.07712326,0.07801224,0.061562046,0.097408876,0.34240893,0.021081476,0.045667674,0.1547974,0.05043905,0.0032408517,0.0075449385,0.0030562524,6.257249e-05,0.038778704,5.1352763e-05,5.2081095e-06,2.1100623e-06,2.4693733e-07
5.537704e-08,5.10082e-09,1.663852e-07,2.0175003e-06,0.002953937,0.0036385627,0.12164591,0.019049192,0.44586745,0.40327004,0.0028084083,0.0007415563,3.5434514e-06,2.0134742e-07,2.1170194e-08,6.4318674e-06,1.2301492e-05,4.3654037e-08,2.073722e-08,4.820818e-13,2.5792394e-11,1.5197783e-10,1.828906e-07
0.0018704488,0.0445761,0.22725348,0.36618346,0.18304083,0.12567297,0.017824546,0.017797034,0.0054951487,0.0014995903,0.0060870266,0.00035610105,0.0010171946,3.37277e-05,1.2739941e-05,0.00027849598,0.0009658378,1.5616033e-05,1.42804465e-05,1.6051091e-06,1.6781773e-06,1.3323966e-06,7.489014e-07
2.5035238e-06,3.5846293e-07,3.8056187e-06,1.43633115e-05,0.0025833012,0.0034381773,0.27028653,0.21006018,0.18560494,0.15284112,0.15650974,0.002367209,0.007140285,0.001728262,6.890028e-06,0.005433218,0.0007263148,9.995861e-06,0.0012420516,3.438734e-09,5.8084544e-07,5.5633965e-08,1.19106566e-07
7.238536e-08,4.7908435e-07,5.633318e-05,0.0029411076,0.11545085,0.7740969,0.08708981,0.0028852518,0.008532478,0.008906344,2.7503684e-05,2.2417141e-06,8.261742e-06,8.9886285e-08,3.7048686e-08,1.746284e-07,1.9285276e-06,1.5344601e-07,2.4587328e-08,1.7181161e-12,8.9119476e-11,3.4732924e-12,3.1755945e-10
1.8010127e-05,2.5420644e-05,0.000651931,0.009755611,0.073433384,0.21421565,0.15706924,0.13767126,0.086741276,0.13011228,0.0045463187,0.04070933,0.12723738,0.009521045,0.00015037833,0.002348025,0.00027151426,3.840814e-06,0.0055115735,4.856809e-06,1.1514434e-06,4.3762748e-07,7.021117e-08
2.2212462e-06,1.6542634e-05,0.00053492485,0.006826685,0.025980072,0.10639134,0.21561082,0.23586386,0.19863501,0.029339787,0.14095342,0.0060610184,0.022940807,0.0016144945,0.0012625809,0.001768294,0.005991137,9.9125406e-05,0.00010653409,3.069103e-07,8.543754e-07,5.960939e-08,1.366839e-07
2.671462e-07,3.0360965e-07,1.0705621e-05,0.000795547,0.00085582427,0.005649944,0.025257125,0.059326902,0.1997285,0.027200518,0.5074488,0.06703161,0.040127598,0.004282146,0.04944638,0.0016401531,0.00830469,0.0023419682,0.0005454818,1.8813728e-07,2.4971226e-07,2.6817438e-07,4.8183106e-06
1.7965822e-06,2.0839534e-05,0.0014699806,0.023879832,0.27425078,0.62658733,0.058037575,0.004481773,0.006354281,0.004717287,9.404278e-05,1.113704e-05,8.380508e-05,6.222242e-07,5.202488e-07,9.118434e-07,6.565366e-06,7.158472e-07,1.8583721e-07,1.0142008e-10,1.6987755e-09,1.1473675e-10,2.2379187e-09
1.4546874e-08,2.9877864e-08,8.791175e-07,2.0607946e-05,0.00035523137,0.095144756,0.2545425,0.20094006,0.282729,0.13376345,0.008511542,0.0003793712,0.016804941,0.0035439495,0.0015304787,0.0010672456,0.00018934553,0.00039153805,8.4841784e-05,2.6751394e-09,1.4713093e-07,6.407098e-10,1.1176064e-07
1.2955055e-05,1.7269198e-05,0.0003703624,0.0030829029,0.0056653908,0.014323738,0.038080487,0.06420164,0.1040346,0.04376794,0.5161909,0.04237277,0.09758594,0.009202062,0.022241548,0.020417258,0.015860397,0.0012508915,0.0012502485,5.2157317e-05,4.4890758e-06,9.827473e-06,4.216851e-06
8.475291e-09,9.067391e-09,1.7304143e-06,0.00017657135,0.018166732,0.16028056,0.5949333,0.08349894,0.028791228,0.11388976,0.00018581693,1.6215165e-05,5.5356177e-05,2.638028e-08,1.2986369e-10,2.5673835e-06,8.2809044e-07,6.936951e-09,3.7567222e-07,2.463591e-13,1.6407223e-11,5.4463915e-13,8.726155e-11
0.0009797944,0.013577524,0.05844558,0.16052426,0.20786834,0.36703053,0.06670956,0.032970887,0.032394253,0.0050907107,0.01770095,0.0015779824,0.008109497,0.00033972054,0.000100547506,0.0021204832,0.02417771,0.00012774798,0.00012438952,1.15387e-05,7.79178e-06,7.6175584e-06,2.5880486e-06
4.652719e-07,1.6254971e-06,1.1608672e-05,0.000365008,0.0002442356,0.02686549,0.035244484,0.023908427,0.07366416,0.03182639,0.03259339,0.6128438,0.13527234,0.01786207,0.0013574138,0.00012194434,0.00769636,9.308958e-05,2.6341948e-05,1.2133576e-08,2.5609292e-08,5.0107076e-07,8.411844e-07
4.1921613e-08,1.9937507e-09,7.30326e-08,1.2831006e-08,5.423066e-07,1.5199738e-06,0.0011607053,0.0023467564,0.065534875,0.18365939,0.5651982,0.0017007622,0.03880853,0.009666003,1.1955741e-06,0.010450029,0.11454747,1.0584016e-07,0.006923757,4.2842088e-11,3.8859998e-08,1.3956644e-08,3.0642326e-08
3.2175313e-07,2.2242123e-08,5.7176345e-07,2.9266357e-07,3.1982523e-05,3.5928788e-05,0.012382736,0.013899032,0.12828416,0.43029928,0.028947119,0.0006150798,0.013620165,0.00082454516,1.1749671e-08,0.36148044,0.0062886733,1.7072934e-07,0.0032893068,9.3861204e-11,4.560315e-08,3.9576556e-10,3.9101266e-08
3.9949936e-07,1.9770843e-07,1.2194922e-05,0.00055842596,0.0045849504,0.03678144,0.095555276,0.16448136,0.06345972,0.17499085,0.05218237,0.08962805,0.28539827,0.009881368,0.007401537,0.0040974487,0.008304549,1.0900363e-05,0.002663939,5.852963e-06,8.208326e-07,3.5103962e-08,9.873e-08
0.0066041974,0.0801618,0.23266393,0.32547855,0.19014794,0.086973995,0.021323306,0.02480583,0.008621919,0.0025683476,0.011519292,0.001454386,0.002779466,0.00027797354,7.362875e-05,0.0014315005,0.0028934665,8.2728024e-05,7.9264995e-05,2.3930123e-05,1.3805963e-05,1.486958e-05,5.8394435e-06
7.075889e-06,3.1610705e-06,4.09704e-05,4.7626727e-05,0.0026033856,0.0029176509,0.051945668,0.018873338,0.45275176,0.26719564,0.028303947,0.0016778115,0.005333061,9.563853e-05,1.0061235e-06,0.028445594,0.13885844,6.142819e-05,0.00067818846,1.5487e-09,5.1043585e-08,4.751999e-08,0.00015847752
0.02496092,0.18310656,0.3572157,0.2572721,0.098150656,0.035436425,0.012096818,0.012697169,0.0041892026,0.0011755326,0.008541325,0.0011156088,0.0010864375,0.00021025035,9.555412e-05,0.0008451373,0.0015000431,0.00012513569,6.989102e-05,3.2628996e-05,2.1990636e-05,3.768368e-05,1.7267761e-05
0.0059764483,0.08683131,0.26137373,0.3351728,0.1805926,0.077120975,0.016011486,0.018185759,0.0053891395,0.0016013525,0.0075212284,0.0007418011,0.0014338723,0.00010445207,4.0208724e-05,0.0005546698,0.0012415795,4.4295666e-05,3.7505037e-05,8.004063e-06,6.824133e-06,6.5584813e-06,3.4512389e-06
2.8794145e-06,3.3096924e-07,5.1800353e-06,5.7114557e-06,0.00024374803,0.0004084774,0.01883865,0.016507326,0.1385978,0.22761282,0.051026583,0.0019217759,0.034030214,0.0038136623,1.075015e-06,0.35779798,0.01467183,1.518744e-05,0.13448738,1.2302172e-08,3.2631713e-06,2.4498618e-08,8.0299005e-06
3.8442707e-07,6.158819e-09,3.7699013e-07,1.3931873e-07,1.4757165e-05,8.262726e-06,0.028364757,0.023540406,0.19477539,0.2329857,0.4872548,0.02870839,0.0007078236,7.349921e-05,2.3926918e-07,0.000808326,0.002754125,9.576336e-09,2.4859935e-06,3.235995e-12,1.7834682e-10,2.496669e-09,8.9499075e-09
1.3801485e-07,3.1602866e-08,9.752893e-07,5.95576e-07,4.785127e-05,0.00013418276,0.027209613,0.028860463,0.123595215,0.14990042,0.13947612,0.0008405588,0.003940621,0.00067340967,1.1929073e-07,0.5207877,0.0037601725,9.34511e-08,0.0007715347,3.5970962e-10,3.9267967e-08,3.924907e-09,1.4837394e-07
7.313233e-08,4.7022976e-08,4.3774196e-07,5.3049307e-06,0.0009683689,0.013269779,0.089598835,0.17985201,0.056604184,0.19089475,0.019339463,0.0011307114,0.34818223,0.04642923,1.1524581e-05,0.0411768,0.00023041667,1.1182423e-05,0.012279058,4.717884e-08,1.5580434e-05,1.6263929e-10,4.6723003e-09
0.00012996173,0.0002375367,0.005628009,0.021275593,0.046489716,0.13327022,0.14549813,0.16609421,0.08909688,0.047605883,0.05351577,0.19564906,0.08105751,0.008721557,0.0004256754,0.0039892844,0.00044075452,2.8942062e-05,0.0008192868,1.5682223e-05,5.7643224e-06,3.9733577e-06,5.6494105e-07
0.023207953,0.16902688,0.32828933,0.27854526,0.11726349,0.042651344,0.011325831,0.0122484965,0.004208261,0.0011531778,0.0071012108,0.0010620564,0.0010704893,0.000214071,8.425866e-05,0.0007896666,0.0014747648,0.000119709905,6.3520485e-05,3.1896365e-05,2.074048e-05,3.2161617e-05,1.5428104e-05
6.268359e-07,3.5521786e-08,7.0559713e-07,7.1089994e-07,6.2593455e-05,7.583002e-05,0.013756389,0.034469884,0.11449277,0.09228262,0.61156666,0.0009802087,0.0013420525,0.00054757565,2.3515374e-06,0.12810078,0.0003447858,8.380668e-07,0.0019664797,5.2996846e-10,1.4804499e-07,5.7435283e-08,5.922373e-06
0.002465595,0.005390115,0.060767405,0.048619065,0.080035314,0.12765415,0.11453205,0.23190126,0.06790887,0.055079762,0.07154168,0.061769962,0.042734075,0.005458852,0.0005907481,0.020308513,0.0010408963,0.00010229787,0.0017474843,0.00025317227,5.077444e-05,4.2125215e-05,5.8033556e-06
1.0773121e-05,0.00011945698,0.002787229,0.015857728,0.042826377,0.06554685,0.11245204,0.098085165,0.12310253,0.010682377,0.477984,0.008567162,0.021703687,0.001269683,0.00064693595,0.0016791013,0.016486123,6.7073925e-05,0.00012293093,9.700962e-07,1.1624556e-06,4.7832367e-07,1.882311e-07
1.2038306e-06,1.1663788e-06,2.2988594e-05,0.00018006902,0.016110683,0.039637562,0.23867378,0.034404982,0.18030241,0.4806127,0.0051289457,0.001664997,0.00071620534,3.1980717e-06,1.0676822e-07,0.0004827793,0.0020466163,9.3779994e-07,7.430238e-06,3.4731953e-10,6.167457e-09,3.1522047e-09,1.2497031e-06
0.006982421,0.09670668,0.23657605,0.3268174,0.18512927,0.09618889,0.015698375,0.0159579,0.0061611147,0.0013908176,0.007195154,0.0007721954,0.0011642446,0.000121680314,4.0645235e-05,0.0005383574,0.0024369555,5.0605722e-05,4.0297946e-05,1.0090447e-05,7.381604e-06,8.800634e-06,4.6627483e-06
1.5420989e-08,3.737676e-08,1.916216e-06,5.796996e-05,0.0041358527,0.08184921,0.2447595,0.30734697,0.21240063,0.14057158,0.0020454456,0.00045741242,0.0051929634,0.0006959352,0.00027346105,0.000118958436,4.530681e-05,2.7564829e-05,1.9233572e-05,1.3696509e-10,8.603659e-09,2.7075325e-11,1.1005381e-08
3.9626208e-05,0.00010011272,0.0050554913,0.0073680147,0.0525603,0.065366656,0.160837,0.16284247,0.06312242,0.22124323,0.11143206,0.0058779726,0.12841122,0.001107863,0.00080436654,0.009813981,0.0032777833,2.0867608e-05,0.0006197684,9.1038724e-05,6.006548e-06,1.2770105e-06,5.024029e-07
0.0007658125,0.015786266,0.11805845,0.31989938,0.24376917,0.2677938,0.01694202,0.008110857,0.00459676,0.00094032293,0.001934511,0.00015954032,0.00049307616,1.2569682e-05,4.7523586e-06,7.16657e-05,0.0006410379,1.1768304e-05,6.4823676e-06,3.321779e-07,6.550513e-07,3.8477313e-07,3.7109677e-07
0.0021976014,0.028583836,0.07683787,0.41041023,0.25494444,0.14040956,0.029540252,0.02473273,0.009209008,0.0035764573,0.0055710943,0.0011797994,0.00806609,0.0007161727,4.3905547e-05,0.0013063847,0.0023111305,0.00018005849,0.00015192747,1.7051674e-05,5.88473e-06,7.0060933e-06,1.4063032e-06
2.8901556e-07,2.1645481e-07,2.3327968e-06,2.1615366e-05,0.00082845945,0.017713932,0.03207988,0.036866203,0.5798834,0.300341,0.0042424323,0.0007734543,0.0021258262,0.0014435456,0.021075247,0.0017771041,0.0003935058,0.0004112363,6.432176e-06,1.6612761e-09,7.269403e-08,2.3339629e-08,1.3714296e-05
1.175249e-08,4.467298e-09,2.0215657e-07,6.436696e-07,0.0005902137,0.007012522,0.1990929,0.023765357,0.33031264,0.4322165,0.0030410152,2.6001497e-05,0.0020779616,0.0005585948,3.255639e-06,0.0012432362,1.5716756e-05,9.138114e-06,3.3969995e-05,7.2073094e-12,6.5002776e-09,1.8831619e-11,1.0267998e-07
2.193113e-07,8.8355915e-07,1.21001385e-05,0.00039017343,0.0017631423,0.08327594,0.16973716,0.27666607,0.24815997,0.07272629,0.046713956,0.004619149,0.059603803,0.0140020205,0.008667482,0.007878084,0.0041235057,0.0013275963,0.00032839776,6.465077e-07,3.0118304e-06,5.01482e-08,3.207861e-07
1.2486745e-06,1.7963079e-05,0.0012330741,0.015458695,0.057999562,0.29056737,0.3705345,0.13732946,0.08742409,0.01911749,0.01357986,0.0005362601,0.005410403,5.72536e-05,0.00010449796,0.00011358149,0.00049809896,8.101383e-06,8.460174e-06,6.9821398e-09,4.4649507e-08,2.060078e-09,1.2542528e-08
1.783972e-06,2.2628235e-06,1.1725159e-05,2.5405156e-05,6.2341285e-05,0.00021655096,0.00040409577,0.0023977598,0.010013695,0.009427348,0.11976324,0.018091898,0.034879383,0.48149917,0.01186855,0.06681085,0.0049964525,0.11209924,0.12670177,0.00015912604,6.08355e-05,0.0005044754,2.0515972e-06
2.8674647e-06,8.9928875e-07,2.66552e-05,0.0011740639,0.13603102,0.12087974,0.45053837,0.14733218,0.1300349,0.010648292,0.001160484,0.0020985464,5.8923786e-05,1.2700159e-06,1.2838784e-07,9.367193e-06,1.9433733e-06,1.5014726e-07,3.142371e-07,3.4532866e-11,9.2291297e-10,4.8317794e-10,6.418162e-09
2.9253487e-08,8.590714e-09,2.0385333e-08,1.6536562e-08,9.623597e-10,8.463704e-06,3.4659973e-07,0.00059897406,8.0107726e-05,4.757217e-06,0.002490382,0.023383234,0.012660643,0.00031055658,0.37574753,0.19602275,0.0024620276,4.7559556e-06,0.014914722,1.9785173e-05,0.040553708,0.3307321,5.1232746e-06
8.2081965e-07,2.3886791e-08,1.3455549e-07,1.5267483e-06,0.0007523988,0.0017678236,0.104446925,0.27664626,0.37380382,0.16964749,0.05925809,0.010296877,0.0020188708,0.00073394855,3.7133525e-08,0.00040692755,1.7744436e-06,7.208992e-06,0.00020829168,1.7502552e-10,2.094389e-07,8.0429965e-09,5.495534e-07
4.5498356e-07,5.0153476e-06,0.0004633133,0.015397849,0.09892972,0.7468127,0.114492334,0.007187556,0.007748301,0.008745675,8.842321e-05,6.7903025e-06,0.00010646281,6.2133506e-07,3.7925963e-07,1.3157879e-06,1.1429436e-05,1.1800543e-06,3.745963e-07,9.374517e-11,1.5632736e-09,6.332092e-11,1.7085768e-09
7.7634934e-07,1.0408373e-05,0.00062871986,0.051554777,0.05620739,0.40742853,0.2947654,0.143592,0.024721637,0.01270938,0.0006481219,0.0027706048,0.0047966307,3.1859887e-05,7.2433517e-07,0.00011009616,7.665012e-06,1.0775567e-07,1.5125934e-05,2.050751e-09,8.465211e-09,1.4520715e-09,2.5740141e-09
3.561067e-05,7.3400406e-06,5.8587222e-05,8.370603e-05,0.0023729536,0.003497958,0.043338392,0.031468235,0.30089805,0.28232783,0.07500841,0.0068922797,0.030927198,0.0035219027,3.6116304e-05,0.100524694,0.038297623,0.00084297924,0.07869242,1.7927816e-07,1.0261321e-05,1.0513546e-06,0.0011561841
4.7027657e-05,0.0011274982,0.040886663,0.19163047,0.23498714,0.3753587,0.09804484,0.028513558,0.016472569,0.003592888,0.006827871,0.0002462307,0.0018764811,8.436245e-06,1.30447215e-05,4.7993766e-05,0.00031208587,2.9678915e-06,3.3061363e-06,2.0358568e-08,8.629199e-08,1.783751e-08,4.495881e-08
1.4421772e-06,3.8168218e-07,1.5457084e-06,1.6541015e-06,1.0522441e-05,0.002238737,0.00044161422,0.010466912,0.0014363774,0.011314627,0.024445072,0.10728727,0.24680585,0.010759589,0.026149102,0.06645409,0.08295287,0.00013368587,0.021238964,0.016869139,0.37096617,1.5748972e-05,8.6485015e-06
2.5475651e-06,8.9905325e-06,0.0008434053,0.010307498,0.027077688,0.15581675,0.22234751,0.13056388,0.062572345,0.2201966,0.024830118,0.0011603931,0.13773912,0.00012168258,0.0001781328,0.0028061748,0.0030416835,5.3005565e-06,0.00037582958,3.7329087e-06,4.2342762e-07,8.2419035e-08,9.385435e-08
2.1006945e-06,1.0695635e-06,4.2949436e-05,0.0025081793,0.22038326,0.22612962,0.35738572,0.1128775,0.07210789,0.007328092,0.0005304577,0.0006580615,3.9370243e-05,4.482005e-07,5.9568535e-08,4.0154655e-06,8.896504e-07,1.0586559e-07,2.19212e-07,1.6532886e-11,4.603543e-10,2.1211254e-10,2.970096e-09
1.432832e-07,5.6233613e-08,1.7422836e-06,1.2639889e-05,0.0061427373,0.011646062,0.2206514,0.01969274,0.21399713,0.52484906,0.0022848474,0.00043060238,5.597436e-05,6.130988e-07,1.0904815e-08,8.0656835e-05,0.00015252922,1.2883473e-07,7.9356016e-07,7.921956e-12,3.982251e-10,1.8675972e-10,1.4523539e-07
7.3474985e-06,3.885755e-05,0.00161204,0.04750044,0.08487777,0.33958036,0.24754618,0.09742092,0.059597693,0.077877596,0.0030764956,0.007731879,0.031256083,0.0004498189,2.528427e-05,0.0008033927,8.183733e-05,1.5719909e-06,0.0005137532,3.0757266e-07,2.5543818e-07,9.693731e-08,4.1150408e-08
1.486952e-06,6.9436524e-08,8.4192936e-07,7.0324904e-07,2.125094e-05,3.2801167e-05,0.0011804914,0.0025113649,0.032746147,0.13907686,0.057518378,0.00059246575,0.017306414,0.002755877,9.4773316e-07,0.35357577,0.007936574,1.9618485e-06,0.38470507,1.0431746e-08,9.429311e-06,3.4521207e-08,2.4997782e-05
0.0053401534,0.07504601,0.21595907,0.36122295,0.19481109,0.09856105,0.0155765405,0.017228276,0.0052443924,0.0015156559,0.005498055,0.00062154065,0.0012291551,0.00012538876,2.0647565e-05,0.0005703192,0.0013367423,4.1515923e-05,3.191638e-05,8.167706e-06,4.22398e-06,5.2454343e-06,1.8923695e-06
0.003908628,0.07045606,0.23130113,0.3381965,0.19452837,0.10885854,0.016864795,0.01637245,0.0062963665,0.0015233769,0.007438631,0.0006282791,0.0013117847,7.470956e-05,3.362514e-05,0.00039813915,0.0017270388,3.5753314e-05,2.9042743e-05,4.6724836e-06,4.899262e-06,4.431791e-06,2.7775843e-06
3.7544763e-05,5.792724e-05,0.0009694933,0.016272806,0.06449709,0.21912454,0.17920037,0.11207808,0.08987984,0.11632427,0.008387112,0.06621993,0.10652398,0.012031481,0.00055723405,0.0021569647,0.00072944775,3.0433774e-05,0.0049065705,7.857331e-06,3.840538e-06,2.51258e-06,6.9402324e-07
3.8580897e-06,2.7293586e-06,6.138367e-05,0.0014661624,0.020629765,0.09330118,0.3037032,0.16575609,0.18534127,0.14410315,0.020023596,0.035241693,0.023977509,0.00048256264,9.140694e-06,0.0027537632,0.0026025986,2.5648575e-05,0.0005109141,2.9907635e-08,3.2536047e-07,2.004888e-08,3.4290026e-06
0.1966706,0.41012165,0.3070741,0.051721122,0.013901395,0.0058273785,0.0036735553,0.0028986328,0.0016012542,0.0006062809,0.0024005417,0.0006308991,0.0005648816,0.0003152425,0.0002532851,0.0005847168,0.00039606824,0.00038506775,0.000110052846,4.8968337e-05,3.2243228e-05,0.00014268841,3.9390186e-05
0.0022081903,0.036264498,0.15357277,0.27176777,0.22849564,0.1926893,0.037879433,0.029270902,0.015906848,0.0037050864,0.015065584,0.0013495358,0.004161206,0.00021715008,6.684068e-05,0.0010634776,0.0061331363,7.558289e-05,7.987949e-05,9.748805e-06,7.643676e-06,6.9491007e-06,2.8086197e-06
1.9161787e-07,1.10645644e-07,6.138793e-07,2.6727569e-06,5.5040045e-06,0.00078149606,0.0003434907,0.010858047,0.0029634847,0.008760913,0.16183835,0.14194882,0.17184295,0.13400693,0.2140645,0.0576997,0.07040471,0.019645348,0.0030179499,0.0012629209,0.00052851794,1.2572769e-05,1.01967025e-05
9.1114394e-08,8.752292e-09,6.222772e-08,4.3839597e-07,1.7552848e-05,4.1529544e-05,0.00081119826,0.0029058203,0.010842565,0.011048268,0.003130947,5.6525492e-05,0.0012513341,2.4604502e-05,1.0770803e-08,0.95565385,0.000122060825,3.427932e-08,0.014088913,3.6117187e-09,2.9014766e-06,4.201509e-10,1.3526255e-06
5.0720143e-07,5.4288716e-07,1.6120335e-06,1.955217e-06,1.1971463e-06,7.3445204e-05,2.3881195e-05,0.0017332111,0.0011325304,0.00021322438,0.043126192,0.014799397,0.068650745,0.034685966,0.049401958,0.72243625,0.006873001,0.0038570587,0.035843726,0.0009566613,0.0027670958,0.01341179,8.085975e-06
5.1404817e-07,1.1429389e-07,7.943213e-07,7.829009e-06,0.00020263366,0.004718672,0.010462217,0.035830162,0.044009723,0.14986658,0.059765283,0.027299605,0.111322485,0.13822562,0.04998996,0.0035581824,0.33290413,0.00035165792,0.031474255,5.6799613e-06,3.0367898e-06,8.3899135e-07,6.2216465e-08
4.9406515e-07,2.6125986e-07,2.225373e-06,0.000211888,0.0019253619,0.10343338,0.16800003,0.32411325,0.15994322,0.13371103,0.019948702,0.0023710458,0.012878287,0.002393297,0.002896583,0.00844319,0.05155178,0.0009394456,0.0072346875,2.3384236e-07,6.057825e-07,3.7859766e-07,6.8547587e-07
3.6705646e-07,1.163734e-06,1.8249022e-05,0.0021095395,0.022328174,0.13369241,0.28010765,0.3056224,0.10772016,0.07120325,0.0026120285,0.02141598,0.02443383,0.008038236,8.756516e-05,0.016701756,0.00084451376,1.4858348e-06,0.0030603115,2.1803447e-07,6.3076527e-07,6.272817e-09,3.5459117e-08
1.0047223e-07,1.09633866e-07,7.774035e-06,0.00065409124,0.0166117,0.34746793,0.37223637,0.13235418,0.03734348,0.09051618,0.0010895295,0.00031518133,0.0013634323,7.9834876e-07,1.1901347e-07,1.0384432e-05,2.1542975e-05,3.830048e-07,6.7242104e-06,1.2449075e-10,9.692748e-10,1.3799228e-10,9.989833e-09
1.7405498e-06,4.911001e-07,3.2442324e-06,6.2659434e-05,0.00433563,0.04064257,0.17238562,0.3345102,0.15487352,0.13955402,0.038640484,0.0052400003,0.03817606,0.014150329,0.0025634654,0.0025157207,0.038546037,0.00027817278,0.01351671,1.4508642e-07,2.8174743e-06,2.1558766e-07,1.3960172e-07
0.009540924,0.10210042,0.24103524,0.3190953,0.22441998,0.07091668,0.011006463,0.010357514,0.0038516312,0.0011367422,0.0035749045,0.00055521063,0.0013504215,0.00010480737,5.415532e-05,0.0002774035,0.00048072758,7.798277e-05,3.633508e-05,7.225903e-06,9.4298475e-06,5.8316423e-06,4.6800774e-06
1.0971245e-06,3.438591e-08,2.362925e-07,1.8847597e-05,0.0033646738,0.013530989,0.14032257,0.56861705,0.23644716,0.014335735,0.022467647,0.00048261904,0.00029205484,8.212304e-05,1.4073271e-06,1.5951821e-06,4.9392827e-07,2.940733e-05,4.1689295e-06,6.502289e-12,1.3606467e-09,7.7948155e-09,9.03375e-09
5.0241506e-06,2.6353553e-05,0.00040482992,0.006803591,0.016984386,0.19980347,0.27142385,0.24605504,0.111355,0.07897879,0.01569539,0.0018884711,0.04047375,0.0024318038,0.0010611527,0.002457403,0.002963935,0.00082751364,0.00035329076,3.0354063e-06,3.503945e-06,1.296861e-07,2.8939434e-07
1.1319307e-07,1.6398747e-07,1.0545333e-05,0.0011467283,0.0109101515,0.40001324,0.2801195,0.14936018,0.028053176,0.121643275,0.0017060239,0.00028900165,0.0065883766,2.5458571e-06,1.3909906e-06,3.3820226e-05,8.853538e-05,1.3550195e-06,3.1825264e-05,1.7497624e-09,3.2623595e-09,5.339885e-10,1.7223567e-08
0.10525786,0.44799075,0.22757736,0.14299731,0.043249324,0.012767348,0.0058554546,0.0049206708,0.0014349278,0.0006509203,0.002144346,0.0011465735,0.001190116,0.00087387534,0.00013274577,0.000982109,0.00026122958,0.00029625758,9.6143885e-05,7.5107506e-05,2.6293652e-05,6.011529e-05,1.3190687e-05
8.768689e-06,1.0499247e-06,6.882964e-06,2.2464483e-05,0.0018685497,0.014114054,0.08952853,0.11829235,0.16453867,0.51609194,0.051271472,0.024766376,0.006402112,0.0035161283,7.5559e-05,0.004976913,0.00036905063,0.00078031333,0.0029052992,3.8726034e-07,1.4213726e-05,9.847311e-07,0.00044789864
7.752461e-07,2.209704e-07,9.172011e-07,4.1348867e-05,0.00035662227,0.12399545,0.03712872,0.46024472,0.039456192,0.14848366,0.039728392,0.026443502,0.11201393,0.0014326356,0.0002286054,0.0047252206,0.00073772145,0.003729442,0.0011105826,0.00010346847,2.119662e-05,7.821644e-07,1.5875383e-05
5.7581286e-08,3.7702873e-07,2.9733921e-05,0.0037800043,0.0078023295,0.107710406,0.451961,0.2770319,0.054538537,0.005836468,0.01246474,0.059608836,0.014906295,0.003784943,1.6854814e-06,0.0005022423,2.3571589e-05,7.348047e-08,1.6740332e-05,2.162444e-09,5.8548584e-09,3.4343373e-10,4.7934734e-10
2.4941932e-05,0.00014357199,0.0009101486,0.006399948,0.009492406,0.04604263,0.080388986,0.16615312,0.08832945,0.10777719,0.08143631,0.017983627,0.1800749,0.037609804,0.0016242429,0.094350725,0.07381728,0.002378963,0.004173331,0.00083325047,4.685872e-05,7.635699e-06,6.0051354e-07
2.754635e-07,1.4650936e-07,5.4659586e-06,0.00024009164,0.00031248105,0.0011383912,0.005173048,0.015684312,0.06400571,0.02104285,0.52221173,0.11379659,0.06868076,0.0146477185,0.14541881,7.305871e-05,0.0017930344,0.025051706,0.00072225626,1.499353e-08,2.8649419e-08,4.3713843e-07,1.0474312e-06
7.637743e-07,3.2963726e-07,1.67851e-05,0.0016703301,0.003940189,0.011053815,0.16180672,0.09913807,0.19968688,0.02458693,0.19993141,0.2150552,0.0759467,0.0040591303,0.00013799602,0.0006723718,0.0016186393,0.00014355981,0.00053325464,4.894182e-09,3.6170352e-08,9.871295e-09,9.437077e-07
0.18510471,0.49117437,0.22293465,0.0669941,0.014325629,0.0059622135,0.003489875,0.0028782135,0.000986595,0.0004028968,0.0018367993,0.0008534944,0.00062994275,0.0006993709,0.00017527286,0.0007805801,0.00020820937,0.00025810697,9.2825285e-05,6.5462904e-05,2.3686536e-05,0.00010792914,1.5177348e-05
0.011123754,0.10363736,0.19998278,0.3675489,0.20216896,0.07192728,0.0138589665,0.014096263,0.004682938,0.0014677608,0.004442179,0.00092350115,0.0017601768,0.00031206428,4.071275e-05,0.0007608606,0.0010320691,0.00012098726,6.2375126e-05,2.2362894e-05,1.0221153e-05,1.3132872e-05,4.394738e-06
4.6666755e-06,3.5104345e-06,2.1547088e-05,0.00010859709,0.0011270529,0.0022395824,0.015936583,0.021014296,0.4920156,0.16904555,0.12648062,0.0035661855,0.012261032,0.00058468344,0.00019261267,0.0070212586,0.12459009,0.007661326,0.0031555535,4.1626476e-09,1.8716898e-07,1.0604189e-06,0.012968432
1.0317214e-06,1.8114571e-07,2.994772e-06,2.6107468e-06,1.5269281e-05,0.00010633081,0.01734505,0.005621226,0.34223253,0.44473818,0.030088084,0.04355474,0.010191868,0.00037691812,3.1203206e-05,0.0030672608,0.10261387,3.0512651e-06,4.735502e-06,2.7693411e-10,8.039369e-09,1.3254255e-07,2.7136418e-06
7.817635e-06,1.2817223e-05,0.00039243785,0.0061779725,0.020375539,0.08871626,0.15992731,0.14383219,0.09057611,0.03496231,0.045101423,0.31087646,0.07544188,0.021132626,0.00035329544,0.0012770542,0.00027717103,1.3151992e-05,0.00054300163,1.6564909e-06,1.0393228e-06,3.772976e-07,7.2541376e-08
3.0744666e-06,2.64007e-05,0.0006468301,0.012683608,0.020102717,0.2858863,0.40184647,0.13876387,0.06858047,0.042472597,0.007462755,0.0004800122,0.01716592,0.00035769897,0.00019036912,0.0007847363,0.002232129,0.00022498975,8.788441e-05,5.296563e-07,5.844707e-07,3.869411e-08,6.407628e-08
6.279853e-07,2.1818929e-07,3.8159164e-06,6.9463065e-05,0.0045458367,0.09794728,0.09009261,0.32180244,0.03515463,0.22302799,0.0058298265,0.017576687,0.18025127,0.012275316,0.0011161612,0.00043323654,0.004010944,6.398865e-05,0.0057961983,9.145004e-07,3.597731e-07,4.240908e-08,2.7319504e-07
2.114243e-06,1.9554336e-06,4.5785237e-05,0.0014507163,0.020650875,0.11338214,0.04832891,0.02278814,0.049892478,0.33839217,0.00086988346,0.00062425045,0.08900104,0.004750458,7.307625e-05,0.0071671596,0.0006852951,4.0287873e-06,0.30187744,1.0888895e-05,9.029566e-07,2.0182185e-07,2.0614648e-08
1.6944338e-07,1.4983326e-06,0.00013458187,0.0028325599,0.04105203,0.747633,0.16825376,0.008725661,0.017524814,0.013500829,0.00016097636,1.2742508e-05,0.00012752361,1.4660545e-06,2.5263068e-06,2.3291016e-06,3.211263e-05,1.2166554e-06,2.847399e-07,1.0302721e-10,1.961374e-09,5.5891763e-11,2.4090823e-09
1.3235259e-05,1.0685206e-06,8.681997e-06,1.6103766e-05,0.0023602457,0.00099769,0.06610633,0.04315534,0.52674276,0.27702573,0.06314056,0.012883061,0.0007991994,0.00029031528,2.886565e-05,0.0037874132,0.0022513985,3.5956684e-05,5.9736398e-05,7.5898985e-09,1.5655561e-07,1.3782225e-06,0.00029474834
4.1320322e-06,1.2560579e-06,5.7863203e-06,3.6966165e-05,0.0001210594,0.00027986686,0.0005068575,0.002296743,0.017228559,0.02091696,0.054886412,0.027329255,0.116907425,0.21215416,0.11659973,0.0040991767,0.024994567,0.19753775,0.20182322,6.756579e-07,6.421291e-05,9.1260146e-05,0.0021139737
0.001655262,0.004151496,0.058032442,0.044039436,0.09938348,0.13492855,0.116278015,0.21846357,0.06952326,0.084169805,0.06157146,0.03236161,0.038165137,0.004217844,0.00038607622,0.029381273,0.0009345705,5.76418e-05,0.0019788744,0.00025333336,3.8040995e-05,2.5244497e-05,3.5652652e-06
6.341053e-07,7.5018806e-07,9.5971245e-06,0.00021045547,0.01536996,0.05739065,0.41278043,0.2762852,0.10768893,0.11436326,0.004722594,0.0058034766,0.0021008137,0.00037216741,2.602452e-05,0.0023410884,0.00032796038,5.9755275e-06,0.00019962221,5.9582366e-09,1.6772451e-07,1.3202446e-08,2.3674816e-07
1.1457032e-06,4.807205e-06,0.00023077328,0.006468025,0.066284955,0.35146013,0.33994812,0.051154267,0.06424068,0.11329809,0.0022545052,0.0012662159,0.003188234,2.0858051e-06,2.3992308e-07,4.7020683e-05,0.00014744212,3.0328943e-07,2.934732e-06,3.5600722e-10,3.095891e-09,9.583015e-10,3.639985e-08
9.663309e-08,7.7388414e-08,6.637262e-07,1.0288628e-05,0.00030301555,0.0012948096,0.027259035,0.04352182,0.027395593,0.008612568,0.009787892,0.0018168375,0.009051246,0.007965585,1.1204318e-06,0.8600068,0.00034089346,2.1823611e-07,0.0026301676,2.4635197e-08,1.2176877e-06,1.9702115e-09,3.0237956e-08
1.9688017e-08,5.4754516e-09,2.8265545e-08,3.906419e-08,6.3967884e-09,2.4422027e-06,4.8878996e-07,7.69621e-05,9.275427e-05,6.928455e-05,0.00053168257,0.0011044163,0.008869644,0.0016808208,0.7806926,0.006762335,0.048203215,2.736935e-06,0.13493165,4.781584e-07,0.015341883,0.0010798249,0.00055672554
0.0029501633,0.050837416,0.20409486,0.3263178,0.21155387,0.12879434,0.023729937,0.022313377,0.00929093,0.0024313955,0.010590929,0.0009663636,0.0027289272,0.00013064092,5.8358575e-05,0.0007027634,0.0023847818,5.2757532e-05,4.7847272e-05,7.0766273e-06,6.9913945e-06,5.5970904e-06,2.9408284e-06
2.0674443e-07,9.792271e-08,1.1647484e-06,3.8083643e-05,0.00016617018,0.0020973603,0.010728363,0.028455175,0.030076955,0.040168382,0.28636682,0.3978599,0.10772092,0.048116393,0.035653695,4.91177e-05,0.011547155,0.00061711547,0.00033634852,4.0400053e-08,4.8580308e-08,3.79347e-07,1.08075334e-07
1.995077e-06,4.831136e-07,6.650529e-06,1.2276019e-05,0.0003119497,0.0008018586,0.11188562,0.07113372,0.26803133,0.35507077,0.107120894,0.042997945,0.004862491,0.00056493253,3.6388133e-06,0.026394088,0.010737977,6.3994946e-07,5.9737577e-05,3.440367e-09,6.896442e-08,9.628934e-08,8.5146087e-07
2.3130362e-06,6.7745873e-06,0.00017220693,0.011508751,0.052022297,0.26138484,0.3285427,0.24630754,0.038915653,0.018164137,0.00047539244,0.020945486,0.01998848,0.0010093254,2.528783e-06,0.0003830485,1.819488e-05,2.9047504e-07,0.00014987869,2.5871865e-08,5.2372773e-08,5.077476e-09,3.551824e-09
1.3502536e-05,2.4121107e-05,0.0008528045,0.063204475,0.16713879,0.41070148,0.1562311,0.07863924,0.041974608,0.05443765,0.0009677282,0.00045677816,0.02255526,9.74968e-05,5.812366e-06,0.00023710032,4.298396e-05,2.0868638e-06,0.0024167355,9.682377e-08,1.3712958e-07,6.796867e-08,3.6556784e-08
2.7834503e-07,2.2722386e-07,8.631258e-06,2.9212848e-05,0.0062751216,0.01338955,0.23317362,0.028308759,0.24821489,0.46594027,0.002062775,0.00019495172,0.00028480985,1.319364e-06,3.0551506e-09,0.00094948837,0.0011614164,1.7349055e-07,4.25982e-06,1.2372812e-11,7.943476e-10,1.2319057e-10,1.5782597e-07
2.8701765e-05,0.000117737276,0.004949602,0.031805053,0.05270566,0.110513724,0.14845635,0.119249366,0.16817148,0.078467615,0.19603653,0.009069062,0.06795742,0.00030011465,0.00072286645,0.0054624937,0.005703768,4.5235887e-05,0.00022706977,5.1348393e-06,1.9367808e-06,1.6385767e-06,1.4463975e-06
0.000552659,0.001111117,0.018687323,0.020588942,0.08268977,0.11884342,0.12511472,0.21886905,0.07655454,0.1169267,0.05635067,0.061151665,0.05965127,0.008613633,0.00039209428,0.029959654,0.0007943719,3.2343967e-05,0.002856743,0.00022380224,2.3890218e-05,1.0471568e-05,1.1401407e-06
7.9001086e-07,4.7551396e-07,1.40180955e-05,0.00012558581,0.0039147073,0.017644498,0.02877204,0.04163033,0.011007837,0.36367184,0.005738024,0.001796006,0.48611048,0.010138079,0.00072211155,0.0045916797,0.0058727837,5.9163294e-06,0.018029474,0.00021141164,1.7343025e-06,1.1758723e-07,3.889252e-08
0.4010861,0.3869945,0.18852395,0.012648612,0.0026845387,0.0015534784,0.0014911899,0.0012015032,0.00055117236,0.0002568138,0.0010035067,0.00034324545,0.0002590073,0.00026681463,0.00023480965,0.00025466562,0.000101487974,0.00028284983,8.7568835e-05,1.7922048e-05,1.3040955e-05,0.00012328778,1.9937092e-05
1.8762299e-05,5.1141786e-05,0.0012319095,0.012419372,0.027632035,0.18012823,0.1505881,0.166871,0.14878689,0.10466219,0.06684155,0.012717982,0.10377723,0.0009112993,0.0016414842,0.011508061,0.009581439,0.00014724943,0.0004659211,9.253036e-06,2.5514353e-06,3.029234e-06,3.3700217e-06
1.7496723e-06,7.689529e-07,6.676925e-07,5.6954286e-05,0.0014750505,0.06326514,0.01568133,0.046054076,0.14090152,0.01128125,0.003663288,0.00083329465,0.5068693,0.044418547,1.5175842e-05,0.00040096184,0.0014023901,0.0012089094,0.1624328,5.0062914e-07,3.6113175e-05,2.3263777e-07,5.869119e-09
3.2706342e-07,1.8506191e-07,3.8767157e-06,5.55422e-06,9.3073664e-05,0.0008633887,0.08808472,0.031922057,0.28988132,0.23134135,0.063084975,0.0077039045,0.027039455,0.0054766047,1.0696032e-06,0.22373338,0.030406546,1.5447594e-06,0.00035620018,1.7098022e-09,5.18257e-08,2.148348e-08,3.5983635e-07
0.001436673,0.024056178,0.1015253,0.34939036,0.25784835,0.21047758,0.022848386,0.014684337,0.006855953,0.0020406363,0.0039930465,0.0005054273,0.0025813915,9.339538e-05,2.8748176e-05,0.00026098508,0.0012657604,6.325803e-05,3.4779456e-05,2.8193358e-06,3.2633895e-06,2.1286578e-06,1.2869389e-06
1.7421113e-06,4.857476e-06,0.00010374945,0.004067102,0.020794127,0.15224361,0.20382445,0.11310861,0.22171879,0.19743036,0.025140699,0.029196406,0.027513228,0.000112587826,0.00013353855,0.00022377838,0.0042966474,5.6230005e-05,2.7767574e-05,5.2212763e-09,2.998317e-08,3.0342797e-08,1.7089778e-06
7.158023e-06,2.5347668e-05,0.00037478883,0.022166152,0.02912477,0.33191013,0.21701108,0.16548812,0.05355932,0.022441678,0.0036039292,0.12638932,0.024396209,0.0024681818,8.1832564e-05,0.0005102692,0.00029931136,5.061288e-06,0.0001363532,1.8781235e-07,4.2788372e-07,2.0707212e-07,2.5582895e-07
1.6174502e-07,1.5747021e-07,8.595201e-07,0.00014564983,0.0010911962,0.22408906,0.1417602,0.16065088,0.0403538,0.21849915,0.009999417,0.001000549,0.17173535,0.0126347095,1.752835e-05,0.00034513426,3.9169994e-05,0.015090947,0.0025175533,9.0419985e-07,2.7624368e-05,1.7437995e-09,4.827431e-08
1.5919478e-06,2.4774657e-08,8.224294e-07,4.4755266e-06,0.0018701325,0.0004685743,0.2616812,0.17189056,0.355316,0.051472213,0.14079466,0.016345376,6.629572e-05,4.3481423e-06,6.193473e-08,6.654745e-05,1.6600934e-05,1.32494415e-08,4.6129625e-07,1.2807966e-12,1.36794e-10,5.391261e-10,2.0265305e-09
7.609518e-07,2.597159e-07,3.2341948e-06,0.00023604112,0.015324956,0.07611295,0.0687776,0.06156477,0.07275018,0.076228365,0.0006239159,0.00042800995,0.05901366,0.010460029,3.2885506e-05,0.0013981087,0.0048523434,1.376488e-05,0.552177,4.4979728e-07,7.314116e-07,4.1759215e-08,4.725993e-09
0.0013842707,0.004153034,0.06839195,0.06638817,0.08768517,0.156001,0.12596089,0.20558766,0.070812166,0.045651313,0.06751517,0.048646998,0.03536833,0.0025980733,0.00029227743,0.011701844,0.000702865,5.3788368e-05,0.0009777597,8.008607e-05,2.4600598e-05,1.9023468e-05,3.5797805e-06
0.009964294,0.108318724,0.25168675,0.33284533,0.17677383,0.077243306,0.012862674,0.014392868,0.00487496,0.0012936281,0.0055723796,0.0007460826,0.001101032,0.00014888667,3.7261125e-05,0.00059655134,0.0013962599,6.6690016e-05,4.0997173e-05,1.3500865e-05,8.475984e-06,1.0659172e-05,4.854507e-06
5.9262476e-07,2.5237202e-06,2.6377716e-05,0.013149584,0.009797615,0.5943092,0.26191512,0.062687,0.018747913,0.021340778,0.0004350112,0.000107984146,0.0063168393,0.0004526758,4.4602266e-06,2.3015524e-05,2.5728545e-05,0.010552154,0.000105173414,7.733859e-08,1.7833727e-07,3.751715e-09,2.0356454e-08
0.0008193612,0.012466907,0.10230358,0.20253569,0.22191915,0.17007577,0.0793848,0.052483484,0.03713793,0.007440499,0.08648134,0.0032993928,0.010052067,0.00031758193,0.00019958708,0.0015568136,0.011330484,7.164997e-05,0.00010180077,8.218152e-06,7.310924e-06,4.6611585e-06,2.025303e-06
0.00014241313,2.2803155e-05,3.9650193e-05,0.00014042616,0.0016226212,0.008963725,0.12799661,0.15590295,0.03181618,0.041154608,0.0910055,0.4084778,0.11019602,0.008873175,0.0029361942,2.3750094e-05,0.010580572,4.5062625e-05,4.855727e-05,3.7469746e-08,2.277746e-07,9.663966e-06,1.4389252e-06
4.204827e-07,6.737999e-07,4.749017e-06,0.00011159601,0.0010058931,0.04105126,0.08866121,0.21273759,0.16110359,0.1712222,0.023998832,0.26666203,0.0092950575,0.0038045442,0.011316778,0.0007481378,0.00807574,0.00014214149,5.500591e-05,2.7919256e-08,1.2317672e-07,2.5865293e-07,2.193446e-06
1.9093574e-07,3.4902087e-08,1.3838121e-06,2.731396e-06,0.0006317595,0.0010295286,0.07305365,0.03721583,0.41100383,0.2515815,0.008854414,0.00013901757,0.0011634361,2.2769093e-05,2.0046929e-09,0.21411799,0.0006205413,1.9488495e-07,0.00056076096,3.822812e-11,2.0408901e-08,1.2141736e-10,4.4053664e-07
0.00034192132,0.0010650608,0.02720311,0.04648805,0.08032221,0.17075878,0.15168338,0.19288172,0.08570573,0.06538279,0.05835826,0.05971233,0.045768373,0.0028796082,0.00023880292,0.009807744,0.000484395,2.3598512e-05,0.0008418136,3.5723668e-05,9.433054e-06,6.182857e-06,9.909104e-07
1.8278319e-05,3.7997903e-05,0.0007114925,0.04018482,0.092645176,0.35070807,0.2554858,0.20660031,0.025874933,0.008882327,0.001017189,0.011499899,0.006161819,7.4665666e-05,2.5073043e-06,4.762515e-05,1.1105302e-05,8.639615e-07,3.4990455e-05,1.2069675e-08,5.0202143e-08,2.3403855e-08,2.636757e-08
0.00028627706,2.4079636e-05,6.529464e-05,0.0007296735,0.016579365,0.042646598,0.13285103,0.7092616,0.02236894,0.008741706,0.017782852,0.044379212,0.0038756065,0.00022426942,0.0001022785,2.1302708e-06,6.448632e-05,7.1614572e-06,6.953863e-06,3.5996586e-09,3.5172672e-08,2.4247328e-07,1.219866e-07
2.924652e-07,3.4669515e-07,2.561259e-06,0.00012108937,0.0022655863,0.016956275,0.15014349,0.28910396,0.16197297,0.08045335,0.016253043,0.03814553,0.023177162,0.019303616,0.00032664274,0.19363092,0.005412304,2.901343e-06,0.0027256208,2.2649606e-07,1.8489905e-06,1.7206517e-08,1.7505762e-07
4.1083837e-08,6.590142e-07,0.0001010406,0.0025827435,0.015883679,0.2639628,0.50682235,0.10751738,0.080785744,0.016573641,0.0040535186,0.00010307925,0.0013349042,1.1472587e-05,1.0138591e-05,3.4264245e-05,0.00021976611,1.1613287e-06,1.6616159e-06,1.6101599e-10,3.3543084e-09,3.5558095e-11,1.907378e-09
2.4720825e-06,9.189422e-06,0.00014160995,0.007871679,0.014020789,0.39774764,0.23394722,0.1501106,0.03988123,0.012787466,0.0017902262,0.12758371,0.012841555,0.00097354164,1.7473836e-05,0.00017043174,8.391056e-05,1.6003489e-06,1.7460692e-05,1.9391813e-08,6.6078236e-08,3.3778182e-08,6.082804e-08
1.017239e-05,3.928008e-06,2.9824361e-05,0.0008366221,0.022671698,0.055669796,0.3957235,0.3982132,0.06492195,0.020965328,0.0044269697,0.03283948,0.0031746384,0.00019969638,2.4082158e-06,0.00014931193,0.00012300233,9.4560863e-07,3.7316488e-05,4.6648716e-09,5.989274e-08,3.6445634e-08,3.6079545e-08
6.1878977e-06,8.448006e-07,4.095848e-06,1.8769684e-05,0.00013944483,0.0045503965,0.002622811,0.024160676,0.014080487,0.082586855,0.03521764,0.097326495,0.16284305,0.025237668,0.015607798,0.07091563,0.042537805,0.0001968249,0.38441822,0.00023465509,0.036919303,4.577282e-06,0.00036973067
8.4124304e-07,1.2049412e-06,1.0286039e-05,0.00021269989,0.00016670003,0.004945112,0.010248763,0.012279847,0.040405933,0.020407353,0.16778737,0.44591594,0.23674543,0.036772612,0.009155025,0.00013653695,0.013644744,0.0009328351,0.00022734219,3.7952397e-08,4.1357865e-08,2.5003728e-06,8.790042e-07
7.402926e-06,0.00010097687,0.0033946407,0.0441805,0.050364822,0.31578106,0.33817017,0.12852022,0.053545836,0.03985693,0.009207855,0.00045574538,0.013776126,0.00014940003,5.7187295e-05,0.0004999664,0.00177303,7.8591904e-05,7.8586054e-05,3.955446e-07,4.499581e-07,3.8696204e-08,4.6661224e-08
2.9831892e-07,9.6342845e-08,2.5317215e-06,1.3634968e-06,2.3074583e-05,0.0009743902,0.010901257,0.009298744,0.018546782,0.10146821,0.04300626,0.0009924368,0.22054733,0.2659895,0.017090466,0.29526246,0.00028009817,0.0026183298,0.012983335,4.1529827e-08,1.0503576e-05,6.75325e-07,1.7997816e-06
1.4761919e-06,1.3861074e-06,4.3348962e-05,0.0034973419,0.09981793,0.2985503,0.37916198,0.17998114,0.025395947,0.011559635,0.00046040004,0.0009816651,0.00052163197,6.6484317e-06,6.6339754e-07,4.6235496e-06,3.4832617e-06,6.582337e-07,9.725749e-06,1.7238132e-10,2.6920577e-09,9.058014e-10,3.7806136e-09
9.560749e-07,1.1061272e-07,9.271263e-07,1.5680024e-06,9.0480835e-06,3.640665e-05,0.00016353621,0.0002576675,0.0038129233,0.022471033,0.013375395,0.0026252088,0.028642925,0.060180653,0.0010979507,0.005473665,0.029990109,0.00014037841,0.83148783,8.668614e-08,0.00015789102,2.2945287e-06,7.137456e-05
8.7585744e-05,6.801343e-05,0.00038713642,0.008954315,0.04503372,0.18701522,0.2029249,0.24447717,0.0740933,0.034245007,0.0076550487,0.16846906,0.021753032,0.0028540557,0.00042197393,0.00029369912,0.0007824794,4.8717597e-05,0.0004258793,8.198409e-07,2.7590977e-06,2.6923162e-06,3.3883118e-06
3.6045842e-07,2.9894525e-06,0.00021335213,0.0027465406,0.05972165,0.76981235,0.12397522,0.008010589,0.021244407,0.0138443755,0.00021113675,2.3917479e-05,0.00013092623,2.2590311e-06,4.5984007e-06,3.1657316e-06,5.046862e-05,1.3312684e-06,3.080055e-07,1.7923385e-10,3.4975496e-09,1.3625642e-10,5.8943557e-09
4.5920324e-06,3.1162304e-05,0.0001962025,0.0027537118,0.0057283873,0.13324217,0.18343222,0.109016836,0.25642118,0.035492603,0.08956128,0.0050199907,0.07592467,0.0085383095,0.00051559374,0.026121194,0.065638,0.0016106035,0.0006706348,6.5769076e-05,1.28555785e-05,1.6107563e-06,4.2810998e-07
0.033306938,0.19713488,0.33696595,0.2522216,0.103867374,0.036103312,0.011066347,0.011058195,0.0042059766,0.001233045,0.0070940726,0.0012231524,0.0012473722,0.0002860326,0.00013479298,0.00095143635,0.0014600918,0.00019186249,8.949931e-05,4.7325702e-05,3.3038945e-05,5.2255487e-05,2.537795e-05
9.1915615e-07,5.158445e-08,1.5268956e-06,6.3768257e-06,0.0017599663,0.0014732153,0.1710954,0.07317091,0.4913067,0.2109181,0.04035763,0.0085275,0.00013194348,2.58518e-05,7.947687e-07,0.0011217772,9.87852e-05,2.3444214e-07,2.2033748e-06,5.0740388e-11,3.1499925e-09,5.0690523e-09,1.8164847e-07
4.3999366e-06,3.7293735e-06,4.5820027e-05,0.0015210048,0.029475031,0.099835776,0.4907528,0.24953994,0.06571593,0.022619866,0.0026291485,0.034963813,0.0022065581,0.00013730869,2.4025037e-06,0.00045045107,7.607047e-05,9.5114393e-07,1.8946203e-05,5.93924e-09,6.097683e-08,2.5258181e-08,8.3905306e-08
0.06953737,0.06298231,0.073940404,0.13325049,0.28927538,0.11904442,0.060882874,0.09690973,0.039777644,0.014427011,0.010670518,0.01566338,0.00907383,0.0005680698,0.0016383495,0.0010285842,0.00095425104,0.00025203198,6.8087575e-05,4.6722794e-06,1.0772424e-05,1.2821076e-05,2.6964715e-05
1.7083054e-05,1.660875e-05,0.000575133,0.004145885,0.017447684,0.048875794,0.10102942,0.1530694,0.09044804,0.0855855,0.2012174,0.036474343,0.22894825,0.0063188924,0.010544893,0.0067052906,0.0072323848,0.00024576514,0.001072577,2.2552988e-05,3.5441515e-06,2.0834236e-06,1.5222752e-06
0.030192576,0.18005534,0.29941815,0.2817395,0.13432318,0.04277523,0.009223304,0.009633262,0.0031624117,0.0008826726,0.0043703048,0.0009827312,0.0009977402,0.00028162973,7.038451e-05,0.0006956773,0.000914877,0.00013390806,5.462821e-05,3.697327e-05,1.8358443e-05,2.6107944e-05,1.1014661e-05
1.39093e-06,7.8751333e-07,7.406634e-06,0.00025128742,0.024050869,0.09434123,0.19096243,0.26802665,0.16589148,0.13271503,0.0026133535,0.0038019866,0.04983455,0.014407477,9.92137e-05,0.002954677,0.0053099794,1.4817315e-05,0.044713855,1.6232421e-07,1.2759706e-06,3.7266375e-08,1.5749057e-08
6.626639e-08,1.2449945e-08,1.2266844e-06,5.3672273e-05,6.461868e-05,0.00027286407,0.0023265055,0.009906582,0.009170479,0.0068179043,0.6507124,0.10881268,0.03362007,0.013260575,0.16107084,0.00025115765,0.0023813702,0.001111041,0.00016550571,2.5411322e-07,5.7597074e-08,6.388659e-08,8.7153055e-08
4.388809e-07,4.975077e-08,1.1473556e-06,4.0005747e-05,0.00023232926,0.0023993985,0.005417369,0.037045136,0.016524378,0.033352118,0.07883255,0.70426744,0.05212282,0.027607583,0.011572383,0.0033455284,0.008864976,0.0002774859,0.01805478,4.07929e-06,2.1316262e-05,9.0243155e-08,1.6555083e-05
0.003467249,0.029260838,0.067287244,0.19771048,0.18914013,0.13103631,0.054062866,0.044767413,0.043035,0.0077917017,0.0541518,0.0137053095,0.025364256,0.0069279205,0.00033876827,0.030557103,0.09954433,0.0005761667,0.00072222884,0.00040049845,4.4915578e-05,9.923183e-05,8.195124e-06
4.596058e-05,0.0013100945,0.031240784,0.09209501,0.11813533,0.1742177,0.1342271,0.08401321,0.08902146,0.012652954,0.2429515,0.0018390028,0.006306576,0.00011668545,1.7617003e-05,0.0008338804,0.010911563,1.3690258e-05,4.64248e-05,1.219485e-06,1.7071069e-06,2.1455772e-07,2.5811042e-07
2.2293452e-06,3.2974053e-06,5.3275828e-05,0.0018075195,0.011918673,0.13406506,0.18074368,0.15234928,0.12889488,0.22416437,0.016410971,0.08284529,0.04635337,0.01039403,0.0042202533,0.0007785382,0.0030036354,8.169922e-05,0.001908292,5.665349e-07,3.8556587e-07,3.9726137e-07,2.9079902e-07
3.8944152e-05,4.2537126e-06,4.0899267e-05,2.8248563e-05,0.0025938242,0.0027110272,0.06727384,0.036803305,0.2866291,0.46153525,0.045721207,0.0073821065,0.014520545,0.006896045,1.5875657e-05,0.042472653,0.006200823,0.00031213314,0.01863713,1.2553275e-07,1.1229379e-05,8.132355e-07,0.0001705819
9.7572134e-05,0.00012955396,0.0017020121,0.009488037,0.07273299,0.16510552,0.1011733,0.07207159,0.080696195,0.301086,0.008668275,0.00547474,0.11701952,0.0089733675,0.00038729858,0.015323582,0.0010372528,4.9378355e-05,0.038681675,8.0299855e-05,1.1277822e-05,9.64382e-06,9.2957333e-07
1.5703849e-07,1.2793996e-06,0.00013672169,0.0045064725,0.06910373,0.7628499,0.13003315,0.0065994854,0.011414312,0.015192914,6.9966925e-05,6.670337e-06,7.317479e-05,7.165866e-07,6.459057e-07,8.641748e-07,8.788955e-06,8.97749e-07,2.094021e-07,3.5563438e-11,8.152334e-10,2.2082345e-11,1.2427553e-09
3.865918e-06,6.3352326e-07,2.152933e-06,7.9944294e-07,6.521889e-07,2.0209343e-05,1.5392709e-05,0.0015885403,0.0018278328,3.2276646e-05,0.004986106,0.029086793,0.007999131,0.028007358,0.05543413,0.3284378,1.0880353e-05,0.00015482244,0.052704424,3.853875e-07,2.450135e-05,0.48966008,1.2337917e-06
0.0003674859,0.0060825436,0.07520375,0.31805304,0.30920845,0.2354787,0.030233366,0.013185408,0.005462065,0.0025354507,0.0017480918,0.00017786503,0.0019782213,2.1903452e-05,1.3393691e-05,5.091214e-05,0.00016499893,2.0118874e-05,1.3092239e-05,2.027315e-07,5.43506e-07,1.6614582e-07,2.2368967e-07
2.5871498e-06,4.09919e-06,8.365535e-05,0.0057238867,0.0706207,0.21022615,0.38537416,0.26969948,0.03696532,0.014419116,0.00063499983,0.003298317,0.0024779858,6.4447115e-05,4.507418e-07,0.00033986126,1.14877075e-05,6.1373237e-07,5.264195e-05,2.8630376e-09,3.3496267e-08,4.1748978e-09,1.22390595e-08
0.00016950158,0.001003627,0.018888507,0.25729045,0.1287598,0.3527046,0.10657885,0.087506235,0.023763765,0.0075315377,0.0031409801,0.005635365,0.006668551,3.326359e-05,4.0617947e-06,0.00025577054,2.922546e-05,1.8502881e-06,3.3077107e-05,1.439961e-07,3.8686179e-07,2.691418e-07,2.3653665e-07
1.528269e-08,2.2098086e-09,7.909634e-08,5.914725e-07,5.440371e-06,2.1590015e-05,0.00047652642,0.00049756444,0.006140797,0.021320637,0.06676831,0.016679456,0.17884566,0.6306,0.0018543116,0.00037919547,0.014812728,0.01231743,0.049279325,4.893796e-10,1.8630774e-07,6.200592e-08,1.0434097e-07
1.7580992e-07,2.26462e-07,1.5965248e-05,0.0013224066,0.017296623,0.36742613,0.29016832,0.13899809,0.043811202,0.13036056,0.0020040458,0.00076373416,0.0075930357,6.7938154e-06,7.4547216e-07,6.7403766e-05,0.000104373496,1.3501165e-06,5.87896e-05,1.932274e-09,1.1411854e-08,5.4245497e-10,3.58412e-08
1.0113213e-06,7.0795045e-07,2.0040738e-05,9.667229e-05,0.0077092303,0.022035994,0.25495115,0.05917363,0.27477264,0.36786252,0.00503581,0.0009175328,0.0017045799,1.702192e-05,4.3669477e-08,0.0036249466,0.0020074383,1.7310192e-06,6.6257635e-05,3.0260444e-10,1.32872175e-08,1.2883614e-09,1.0173916e-06
0.0070096934,0.102231115,0.245704,0.33080935,0.18266694,0.08584945,0.014369692,0.0138122905,0.005573003,0.0012234531,0.0066895797,0.00070130586,0.0010462374,9.381788e-05,4.070965e-05,0.00037508048,0.0017013947,4.4525957e-05,3.3367935e-05,7.3378383e-06,6.411056e-06,7.0312362e-06,4.2089623e-06
4.9983228e-06,5.229131e-05,0.001743052,0.015451417,0.03916575,0.26062372,0.37427413,0.13391046,0.09980482,0.024404267,0.030958593,0.00092201686,0.013073594,0.0002262951,0.00022499009,0.00088565797,0.0041762595,5.0529634e-05,4.628108e-05,2.7864266e-07,4.8018666e-07,4.7525244e-08,6.811638e-08
0.0019862875,0.0046248576,0.05085269,0.040377993,0.14352067,0.14138556,0.111696735,0.18245444,0.06350032,0.12352459,0.035262164,0.015389641,0.04023852,0.0047839307,0.0003506171,0.03515779,0.0008003445,5.9936832e-05,0.0036752159,0.000283871,4.264559e-05,2.6531827e-05,4.6741056e-06
3.3975307e-06,7.1798837e-07,2.5713525e-06,1.1304255e-05,0.0004854526,0.0063066813,0.037064016,0.08519474,0.1492092,0.059260048,0.054654248,0.0042269067,0.1529336,0.030017167,0.0026691,0.111624405,0.049328417,7.229823e-05,0.2564179,1.7816402e-06,0.00051416823,1.2115795e-06,6.3659644e-07
2.1509757e-07,3.6617585e-08,8.182122e-07,9.4626233e-07,0.00010764166,0.0001626443,0.040200163,0.060179573,0.1717908,0.17189322,0.19881602,0.0024233651,0.0075906473,0.00073382905,8.431411e-08,0.3401007,0.004959855,5.4066984e-08,0.0010392983,3.8782583e-10,5.9015083e-08,3.1512535e-09,2.2284114e-08
3.833715e-07,1.1703645e-06,1.3207978e-05,0.0006952572,0.001533971,0.27322295,0.34157106,0.14997149,0.13679361,0.049328826,0.008011051,0.00084562664,0.02708049,0.0025170909,0.0006817675,0.0038206582,0.0011713622,0.0025938684,0.00014289212,7.8757296e-07,2.0997823e-06,4.805839e-08,3.4691257e-07
1.0014624e-07,3.3087758e-07,8.032615e-06,0.0006768719,0.003140218,0.08380351,0.3673599,0.37489846,0.07230955,0.018689262,0.0056350087,0.049378216,0.011727267,0.009475343,1.2134592e-05,0.0027028646,0.00011994964,7.001874e-07,6.220662e-05,8.651157e-09,4.2970978e-08,2.1890747e-09,1.1534893e-08
0.008349277,0.083763845,0.22276676,0.30384392,0.20151612,0.07826797,0.02503222,0.0316457,0.010588439,0.0034633363,0.015397577,0.0025802888,0.0041468027,0.0006728518,0.00010664124,0.0031122605,0.0043806043,0.000119787095,0.00013273925,6.0507304e-05,2.0668014e-05,2.515243e-05,6.570032e-06
1.6216903e-07,6.8577657e-07,9.494834e-05,0.004609684,0.0665052,0.52081066,0.31230837,0.020948714,0.027824566,0.04634165,0.0003814271,6.484721e-05,0.00010236886,1.4719284e-08,7.593679e-09,1.5480722e-06,5.079788e-06,2.1378842e-08,8.711074e-08,4.6148666e-12,4.184331e-11,2.0802035e-11,1.0149681e-09
5.265803e-06,5.9743334e-06,0.00010700996,0.002399923,0.008590866,0.050320588,0.10959722,0.1531746,0.081012994,0.045356113,0.08752577,0.32071474,0.07980324,0.054961566,0.0019693982,0.0022554782,0.000786197,5.609234e-05,0.0013479949,4.9923997e-06,2.9577295e-06,7.481878e-07,2.4759498e-07
3.6066343e-05,3.2869986e-05,7.8765916e-05,0.0008454138,0.005230011,0.015114701,0.014026313,0.014276496,0.014652421,0.030065453,0.021847486,0.006829346,0.09452622,0.6652496,0.00031530805,0.033172123,0.0040376596,0.007716544,0.070012085,0.0017793027,2.9821338e-05,0.0001252564,6.7424764e-07
1.6709976e-07,3.7947494e-08,4.426633e-07,4.061973e-06,8.598458e-06,0.00022072489,0.00030462982,0.0041142115,0.0044034272,0.0067870948,0.0777011,0.08805817,0.052677628,0.19377294,0.2853629,0.00218226,0.009803809,0.27182025,0.002755497,2.1250673e-06,1.4573527e-06,9.125626e-06,9.274295e-06
0.0095882295,0.12722419,0.31096438,0.31791592,0.13976796,0.05605505,0.011596158,0.012354582,0.004262829,0.0009781042,0.006393384,0.00058933476,0.0007756794,6.624369e-05,3.3219007e-05,0.00031173325,0.001031376,3.9854443e-05,2.8040462e-05,6.142414e-06,5.5157366e-06,7.4702825e-06,4.6061273e-06
3.5738663e-06,4.7838734e-07,4.8110523e-06,7.2574576e-06,0.00055629795,0.00090699893,0.07546459,0.09744981,0.14690104,0.1846001,0.41530728,0.003419078,0.00744268,0.0022965013,3.477429e-05,0.060825035,0.0016500845,1.1688757e-05,0.0031117313,1.9365931e-08,1.7092216e-06,3.4017015e-07,4.1731914e-06
1.4558068e-06,1.4340287e-07,2.330703e-06,1.5018371e-06,9.188912e-05,0.00012319376,0.02650918,0.023606947,0.14326622,0.49471667,0.2814949,0.00699112,0.004011889,0.0013743741,3.7739424e-05,0.012011685,0.005402903,3.6064569e-06,0.00034693212,2.8837412e-09,1.439474e-07,2.891742e-07,4.8576576e-06
9.366602e-08,8.369315e-08,2.0281714e-06,8.671272e-06,0.00033003915,0.0018167968,0.082611606,0.063187726,0.06363944,0.02249572,0.0045608887,0.00052343984,0.000944948,8.677414e-05,7.818708e-09,0.7596271,0.00011277832,1.7495553e-08,5.182509e-05,3.4290942e-10,1.7820014e-08,4.1671525e-10,1.3104414e-08
0.00040977367,0.0017364285,0.037495293,0.115099974,0.102712356,0.25239155,0.1527004,0.14806312,0.062244993,0.034641918,0.022302557,0.031263903,0.03460284,0.0007760969,8.621345e-05,0.0029667253,0.00019636645,1.0088889e-05,0.00028507572,6.6279936e-06,3.7443517e-06,3.1456989e-06,8.0045254e-07
1.2131198e-06,2.0265236e-06,2.0451358e-05,0.00019968988,0.0035342409,0.03690677,0.32999507,0.21435215,0.13957429,0.06575485,0.0078020417,0.009867214,0.009566892,0.0028510238,4.4489593e-06,0.1784411,0.000794225,2.0228297e-06,0.00032892975,5.6254486e-08,6.8801e-07,3.50376e-08,5.9684777e-07
5.481245e-06,3.5609923e-05,0.0038005353,0.07929166,0.08662258,0.29262665,0.27576435,0.112392046,0.06443561,0.033236925,0.012378332,0.0014042992,0.03748151,1.143666e-05,1.4133519e-05,0.0002015624,0.00027938173,9.006497e-07,1.6939515e-05,2.6746719e-08,4.7619878e-08,1.2159633e-08,3.8760533e-08
7.885058e-06,6.684738e-05,0.010485913,0.13405417,0.11570418,0.22214384,0.28382328,0.09641835,0.057608094,0.033440918,0.017916225,0.0009392797,0.026922341,4.8232214e-06,4.5129623e-06,0.00027306392,0.00017401594,4.1261353e-07,1.1744769e-05,3.731759e-08,5.5475507e-08,9.66567e-09,2.781639e-08
4.1128715e-08,2.5335476e-08,3.628861e-07,4.407517e-06,0.00048705022,0.041550286,0.16377828,0.15188016,0.116204545,0.3963495,0.014516127,0.00038125447,0.087326966,0.023997996,0.00041700137,0.0019325743,4.7639467e-05,0.0003585522,0.0007655334,6.065791e-09,1.5979707e-06,2.9990338e-10,1.07168205e-07
8.389673e-06,1.0777784e-05,2.3018078e-05,4.5590226e-05,0.000111944806,0.00073974807,0.0009203128,0.004002961,0.01287493,0.003392453,0.08264675,0.0130525995,0.019336741,0.13002208,0.0009993456,0.6748134,0.01443121,0.0065756612,0.005723337,0.029849745,2.7086899e-05,0.00038964517,2.2709232e-06
9.510594e-05,0.00094889925,0.0039878166,0.1634716,0.09971944,0.56554824,0.09887507,0.028392207,0.019995496,0.004315423,0.0026309078,0.00039443615,0.008344136,0.0003880894,2.3828627e-05,0.00041821404,0.0017794576,0.0005979626,6.978302e-05,1.4951268e-06,1.3858053e-06,6.9665913e-07,3.6527004e-07
8.190937e-08,1.1193421e-07,1.7112857e-06,3.6089663e-05,0.00028811986,0.022210129,0.045212235,0.293375,0.07829502,0.18643896,0.0199226,0.0072398135,0.11780738,0.100435205,0.12111908,0.0035148652,0.00056255027,0.0028570392,0.0006821858,3.7200658e-07,1.3979873e-06,1.4918626e-08,7.930756e-08
1.437582e-07,2.0501052e-06,0.00029923534,0.006676016,0.12358094,0.6984751,0.14245717,0.0070438106,0.007860461,0.013472644,5.803692e-05,4.3979544e-06,6.5345455e-05,4.4557555e-07,2.5295785e-07,3.126703e-07,3.1547577e-06,3.9963274e-07,1.3379129e-07,1.1416205e-11,2.6494423e-10,6.2080436e-12,2.3783536e-10
0.0002089815,0.0008639997,0.029914632,0.024480563,0.14135145,0.08716469,0.1388838,0.2069286,0.025431992,0.24630979,0.03875906,0.00073486665,0.047763597,0.00029580365,0.000115236544,0.009307904,0.0008310169,8.969698e-06,0.00051730545,0.00011773239,7.4852346e-06,1.514942e-06,9.977487e-07
2.6542568e-05,5.945857e-05,0.0017342749,0.09881107,0.16844764,0.3772143,0.1800206,0.1388814,0.021057952,0.0076918965,0.00092154264,0.0016441472,0.0033920873,1.2452298e-05,8.450241e-07,4.3087726e-05,5.1045286e-06,6.216051e-07,3.491877e-05,7.356717e-09,3.502992e-08,1.8604393e-08,2.168169e-08
0.0016943992,0.023568045,0.14806844,0.27451545,0.31620002,0.20453185,0.014219197,0.0071815965,0.0049076476,0.0011929246,0.002082154,0.00027354667,0.00082089705,2.9263414e-05,1.915236e-05,0.000108220185,0.00054287177,2.659704e-05,1.2236021e-05,8.3402426e-07,2.2167592e-06,1.082466e-06,1.3517167e-06
1.441204e-07,1.2174573e-07,9.80044e-07,2.8656902e-07,2.8467048e-07,5.978883e-06,2.4824676e-06,0.00023326703,0.00036203396,2.4559306e-05,0.01613246,0.008727207,0.006484199,0.05392025,0.0023230484,0.77065164,0.0006357827,0.0009658815,0.1285934,0.00030849222,5.356261e-05,0.010573893,8.056038e-08
0.133204,0.37238076,0.34280106,0.094080366,0.027871815,0.010365979,0.005051554,0.0043083844,0.0020492773,0.0007139353,0.0032243328,0.00076112,0.0006960107,0.00031217156,0.00020524241,0.00072459126,0.0005873884,0.00031927245,9.948958e-05,5.735622e-05,3.6065987e-05,0.00011377422,3.605883e-05
4.567833e-07,1.1631029e-07,1.4139985e-06,1.8013203e-05,5.578355e-05,0.0023628543,0.0030636732,0.03644823,0.02495724,0.014978056,0.12492874,0.32029554,0.056152675,0.095587,0.21758077,0.010936697,0.018913126,0.072247945,0.0014287337,7.783492e-06,1.8257989e-06,6.199514e-06,2.7180713e-05
0.022088362,0.16006641,0.28858152,0.2950306,0.1532447,0.04879404,0.00948914,0.0102960225,0.0035904173,0.0010064548,0.0042152763,0.00077937375,0.0010250108,0.00017598165,6.58396e-05,0.0005349612,0.0007804228,0.000119504024,4.9933125e-05,2.2096008e-05,1.6790307e-05,1.7385353e-05,9.796446e-06
2.0376106e-08,6.859463e-09,1.2708253e-07,4.2398856e-06,3.558521e-05,0.00045402438,0.0035275551,0.014263609,0.018304408,0.043679997,0.14049378,0.20661774,0.097622395,0.42290175,0.028889092,0.00035738578,0.018450623,0.00029723955,0.004099522,4.893281e-08,8.05344e-07,4.415815e-08,2.3531703e-08
9.2661794e-05,0.0028164308,0.049599156,0.11740166,0.18125896,0.5543045,0.053441145,0.014304582,0.0150459185,0.0020207877,0.0064673987,0.00021392126,0.0010241044,1.2697735e-05,9.953107e-06,8.0361526e-05,0.0018945897,4.498105e-06,6.1817163e-06,5.114506e-08,2.0782173e-07,9.744785e-08,2.1578984e-07
1.4704074e-06,1.7189788e-06,9.894682e-06,0.0004533612,0.0024295251,0.3314021,0.12641397,0.30571154,0.11757033,0.0884262,0.011487862,0.0062012738,0.0029594726,2.485403e-05,1.4190248e-05,0.0052214614,0.0015956755,3.8968014e-05,2.7174006e-05,8.7405033e-07,2.0169233e-07,6.588762e-07,7.2051344e-06
2.549886e-07,4.3509072e-08,2.7470585e-07,4.5256993e-06,6.258968e-05,0.0016037654,0.008755189,0.023717219,0.021585645,0.03277761,0.11106503,0.015126303,0.023541171,0.020173496,0.03913981,0.0005127448,0.70043725,0.0002680892,0.0012281659,9.6929085e-08,1.4678277e-07,5.307936e-07,5.9187965e-08
3.1664834e-07,5.885764e-07,2.6423324e-05,0.0009552488,0.014607949,0.09907681,0.28301468,0.059996,0.15095095,0.37358508,0.009455437,0.0039423336,0.002879319,9.454108e-06,1.2648902e-06,0.00030368762,0.0011733625,2.4409665e-06,1.7957624e-05,5.808065e-10,9.20493e-09,1.1638004e-09,6.2451824e-07
0.12397755,0.37160188,0.36669898,0.085529625,0.02316155,0.009326416,0.00516485,0.004384969,0.0020443348,0.00073587475,0.003525178,0.00074070063,0.0006880817,0.00028797946,0.00020479593,0.0006828221,0.0006185499,0.0003025627,9.776232e-05,4.809014e-05,3.207477e-05,0.00011106632,3.433866e-05
0.0073860176,0.07564476,0.17334121,0.34427604,0.21169129,0.0985942,0.023538958,0.025372203,0.010406225,0.002747555,0.011502111,0.002214769,0.003758126,0.00071214896,6.707662e-05,0.0028088368,0.0055940757,0.00012922034,0.00011767116,5.257007e-05,1.4530177e-05,2.4975485e-05,5.5004416e-06
3.8670883e-06,1.0295539e-05,0.00031610485,0.013502705,0.036904715,0.24601455,0.23136123,0.18277079,0.12927999,0.07179918,0.021860516,0.015992997,0.04761829,0.00012096822,5.9663318e-05,0.00038807746,0.0019266574,1.3435204e-05,5.5269604e-05,2.0968145e-08,9.8924396e-08,2.5619658e-08,5.4294907e-07
1.5518835e-07,1.080407e-06,4.2988944e-05,0.0017117677,0.01784289,0.64559966,0.24438459,0.044965427,0.026190884,0.01040988,0.00025639826,0.008176796,0.00037428795,4.680326e-06,2.5821507e-07,2.061513e-05,1.731887e-05,4.52669e-08,2.1558078e-07,9.02928e-11,7.962634e-10,3.8059964e-10,7.0485746e-09
1.6423142e-05,6.256884e-05,0.0014228845,0.058314934,0.044213846,0.32862034,0.26484197,0.21065444,0.029261727,0.0056106867,0.0010355448,0.037151277,0.018049387,0.00035894781,1.6001743e-06,0.00034133115,1.893733e-05,4.1596323e-07,2.2565699e-05,3.530899e-08,8.257287e-08,2.5316442e-08,1.5427238e-08
3.7944932e-07,1.400003e-06,6.759502e-05,0.009273878,0.0603993,0.27071467,0.36852983,0.2581783,0.020634733,0.008942011,0.00018746166,0.001053825,0.0018405179,1.4082284e-05,4.9640285e-08,0.00014926282,1.6479399e-06,4.354283e-08,1.1036931e-05,2.5409833e-10,2.7494835e-09,1.6124081e-10,5.282689e-10
2.5181582e-06,4.828521e-06,3.8701528e-05,0.0009354733,0.0015675818,0.04151142,0.059318516,0.05167675,0.06901051,0.04899032,0.042659402,0.5887608,0.06881978,0.019348169,0.00419396,0.00024554212,0.0025557815,0.00020928873,0.00014761492,1.8947688e-07,2.580601e-07,1.525503e-06,1.0874398e-06
0.31919432,0.26977953,0.29525062,0.034810472,0.010019072,0.013234185,0.012918272,0.021694496,0.004621855,0.0019838437,0.005894995,0.0032084952,0.0023955526,0.00089475483,0.00030455596,0.0022973234,0.00031380047,0.00034493225,0.00039634516,7.782276e-05,5.4587894e-05,0.00025451652,5.5651537e-05
6.08938e-06,1.0425756e-05,0.00010311099,0.0061615296,0.0067161364,0.12869883,0.098901115,0.08071805,0.031739283,0.011962842,0.0061558774,0.59664583,0.029346041,0.0021124412,0.00018848212,9.228048e-05,0.00041236653,4.05422e-06,2.4552444e-05,8.342569e-08,1.3788798e-07,2.3585005e-07,2.4588647e-07
3.0519383e-05,0.00068576244,0.025230838,0.099594645,0.13644136,0.2562726,0.2109322,0.08425676,0.065452285,0.008986756,0.100439705,0.0011266195,0.006519785,5.2852793e-05,4.5866607e-05,0.0003527694,0.0035525032,9.070565e-06,1.6407044e-05,1.7769383e-07,3.6900397e-07,7.781102e-08,7.1619596e-08
0.012425872,0.13071717,0.2997414,0.3147596,0.14078687,0.049301255,0.014857312,0.016013712,0.0053015104,0.0013632509,0.009458976,0.0011162363,0.0014692827,0.00016828338,8.035237e-05,0.0007595414,0.0014828173,8.01894e-05,5.5866556e-05,1.8975761e-05,1.4798901e-05,1.7687556e-05,8.9822815e-06
2.9182152e-06,5.2001496e-09,7.5223326e-08,1.1893021e-07,6.79303e-06,2.483395e-06,0.005877701,0.025966113,0.070838995,0.017931994,0.84437543,0.034885272,7.129821e-05,1.3054233e-05,1.23042255e-05,7.5079993e-06,7.930549e-06,3.830746e-09,4.5977135e-08,1.2450494e-13,1.0522242e-11,7.2652377e-09,8.419853e-09
0.04963053,0.22559448,0.35801533,0.21919012,0.07741365,0.029493123,0.010545295,0.010062529,0.0039182613,0.001210937,0.0076047773,0.0016002521,0.001338831,0.00047765198,0.00018766265,0.001363803,0.0017088231,0.00026536032,0.000120444245,8.263313e-05,4.675433e-05,9.313634e-05,3.557771e-05
2.2613946e-08,1.5398717e-07,3.2225933e-05,0.00062748214,0.080765165,0.64786595,0.14655721,0.0062469994,0.038214505,0.07961173,5.2732492e-05,6.5817276e-06,1.2966267e-05,1.1989445e-07,7.5374714e-08,6.003614e-07,5.4028196e-06,4.0959897e-08,1.9462416e-08,4.8861517e-13,3.5762407e-11,9.867097e-13,6.97889e-10
0.8412394,0.12998746,0.027425129,0.00029727252,4.4302597e-05,6.259793e-05,0.00021372351,0.00025240827,6.471645e-05,3.0669697e-05,0.00010194025,4.736021e-05,5.902978e-05,3.2251486e-05,4.1940497e-05,1.8760817e-05,2.7967621e-06,3.673543e-05,1.692148e-05,1.0154953e-07,3.92491e-07,2.2586008e-05,1.5518939e-06
1.4186548e-06,1.3234917e-07,1.197166e-06,3.7312536e-06,0.000545167,0.0009585656,0.19130743,0.22503911,0.14445764,0.15550943,0.2610116,0.01283017,0.004668227,0.0007109233,7.3361316e-06,0.0006799449,0.0021287263,1.2143323e-06,0.00013794587,4.7713034e-10,4.704644e-08,4.8630763e-08,4.079572e-08
1.4386887e-06,7.762584e-06,0.00024387671,0.014955483,0.007346989,0.23592268,0.26232898,0.18301155,0.04025106,0.0031986125,0.00771555,0.1778103,0.06166381,0.0052672303,2.0349958e-06,0.00022938124,3.4353103e-05,2.3596989e-07,8.630123e-06,6.2093406e-09,9.1252845e-09,5.5808145e-09,2.5295865e-09
2.8815991e-08,3.4015033e-09,1.5239888e-08,1.6877233e-07,2.0795899e-06,0.000104343126,0.0005574275,0.0039435113,0.0038339356,0.0037381984,0.043543715,0.005132362,0.007293646,0.005301698,0.018686796,0.00023041696,0.9073619,5.727726e-05,0.00021219597,5.4615987e-09,3.1986318e-08,1.5603679e-07,7.4410815e-09
4.307007e-07,2.0630704e-07,1.9942004e-06,9.929771e-06,2.4941883e-05,0.00054984033,0.0015092604,0.009389176,0.004613798,0.009080453,0.31411126,0.031282082,0.12646775,0.17910066,0.031234652,0.13357869,0.14836462,0.00618314,0.0016406624,0.002832917,9.2808705e-06,1.3254697e-05,9.04087e-07
0.0028175844,0.0073302225,0.08270417,0.057109114,0.06606694,0.11939723,0.1067312,0.22344562,0.064876415,0.034770414,0.10969338,0.06766091,0.034930024,0.0044801254,0.0005371946,0.014304856,0.0014143971,0.00013491239,0.0013181738,0.0001766958,4.4927758e-05,4.8005753e-05,7.520536e-06
8.938925e-07,3.2800713e-07,5.2926616e-06,0.0001510552,0.015838567,0.1253568,0.3101739,0.39282602,0.06252195,0.086233854,0.0028501113,0.0017432837,0.0021958405,2.1101427e-05,1.2783017e-06,1.5560849e-05,3.385335e-05,5.16214e-06,2.4984474e-05,1.1744982e-09,9.222896e-09,2.1083806e-09,9.9058326e-08
5.111288e-05,0.0013727609,0.030168355,0.08906288,0.15732111,0.4001381,0.15324344,0.04869249,0.050389633,0.0056748106,0.052609473,0.00066972536,0.0041892203,5.122346e-05,3.526511e-05,0.00027232282,0.0060264627,1.0810493e-05,1.990016e-05,1.8695626e-07,4.706907e-07,1.4155441e-07,1.6166283e-07
1.3168811e-05,3.77253e-05,0.002970962,0.0088011995,0.042332437,0.05416135,0.16068384,0.1374241,0.08774831,0.11554112,0.2726472,0.011210727,0.09574999,0.00056567317,0.0006791179,0.005885579,0.003266728,1.158177e-05,0.0002473042,1.9023531e-05,2.285125e-06,4.0267633e-07,2.0225335e-07
5.4697915e-07,3.2786782e-06,0.00020200401,0.024076145,0.07043718,0.50986654,0.25717384,0.107406326,0.019297615,0.01018088,0.00027091708,0.00040200795,0.00061735284,1.9036145e-06,9.515902e-08,5.332054e-05,3.9272236e-06,1.1105861e-07,6.045735e-06,2.740828e-10,3.0173632e-09,5.562271e-10,3.9792214e-09
1.7854126e-06,3.0663304e-07,5.520061e-06,3.5026576e-05,0.005412765,0.0060368953,0.41458228,0.17511864,0.21072283,0.13578495,0.04052257,0.007987503,0.0006687315,0.000103766164,1.0271425e-06,0.0028147867,0.00016991534,7.813351e-07,2.9736764e-05,7.04014e-10,3.9100335e-08,1.4794011e-08,1.5226006e-07
3.649296e-06,2.9795851e-06,5.9281447e-06,2.774379e-05,0.0001042364,0.0010350846,0.0028456387,0.009660328,0.009869947,0.006074825,0.39161977,0.015090153,0.05152259,0.23272704,0.0066497684,0.21456125,0.02065919,0.030698247,0.005800944,0.00058038346,2.9978972e-05,0.00042961305,6.7886094e-07
1.8070717e-05,3.3402673e-06,3.452538e-05,0.0001755994,0.0041402946,0.01644421,0.112204984,0.1345922,0.19632247,0.24758753,0.052213155,0.081110656,0.05189647,0.0131841935,0.00016524733,0.038751177,0.008723192,0.00056450185,0.041763823,9.2956896e-07,1.6749764e-05,5.081624e-07,8.6160064e-05
0.0010455814,0.013972372,0.049995154,0.11882683,0.15590273,0.15134865,0.06285854,0.056560013,0.05803525,0.009043182,0.10617963,0.0063205585,0.016325075,0.0013313305,0.0002886391,0.014744317,0.17651635,0.00016940066,0.00038709838,9.602268e-05,2.082163e-05,2.6693031e-05,5.790329e-06
1.7717385e-06,1.5556053e-06,8.556826e-06,3.0126404e-05,0.00040177465,0.0033035849,0.10576118,0.063622706,0.25487575,0.38062507,0.055980578,0.037994206,0.02710683,0.007512403,0.00014265219,0.0410631,0.020913906,1.8353134e-05,0.00062885514,5.332022e-08,1.1150029e-06,6.1173375e-07,5.248341e-06
7.440399e-06,2.0808272e-07,5.766584e-06,1.5180431e-06,0.000105365,1.8098153e-05,0.01463663,0.008622984,0.18282874,0.26286057,0.46231043,0.022085011,0.0022236593,0.0012656171,1.7204013e-06,0.018398367,0.024446769,2.4136095e-06,0.00016744371,1.7810695e-10,9.682353e-09,1.538464e-07,1.1005607e-05
0.024031924,0.052814282,0.31770438,0.11354103,0.08389452,0.08549952,0.06523925,0.16273549,0.023323108,0.013360236,0.026620435,0.01288855,0.009178683,0.001028198,0.00021958299,0.006660247,0.00041552028,8.368511e-05,0.0005507921,0.00011417179,3.896703e-05,4.2881027e-05,1.4520797e-05
1.3651308e-07,8.989352e-07,5.6935107e-05,0.005204403,0.039479908,0.26522502,0.4095333,0.25125995,0.016880646,0.010861326,0.00014442376,0.00029733547,0.0008518862,6.823764e-06,1.0400051e-08,0.00019209446,9.963999e-07,2.3389765e-08,3.889699e-06,6.754243e-11,1.2424549e-09,3.4791354e-11,2.6358857e-10
2.4148432e-07,4.7998293e-07,7.017e-06,7.071452e-05,0.0019314822,0.036456652,0.30319646,0.17988749,0.1967563,0.086613774,0.007955933,0.0042944285,0.003667474,0.0003533825,1.7606994e-06,0.17759794,0.0011068946,6.0053793e-07,0.0001000109,4.7133697e-09,8.5620364e-08,6.611841e-09,8.4697984e-07
2.6668135e-07,8.227594e-08,1.2434942e-06,4.3411383e-05,0.0005780065,0.05539068,0.04506328,0.25590432,0.050463513,0.1654341,0.024687812,0.35609016,0.03126305,0.0022951583,0.0015840943,0.004078696,0.00497771,0.00026048222,0.0018612897,2.6595078e-06,4.0946393e-06,4.5125134e-08,1.5827525e-05
0.004351848,0.06276165,0.1903983,0.3753399,0.23077227,0.1001921,0.012854735,0.012553282,0.0037334263,0.0011663504,0.0032875233,0.0004055646,0.0012844638,7.516614e-05,2.173146e-05,0.0002289745,0.0004916713,4.440889e-05,2.4930665e-05,3.6501149e-06,3.822392e-06,2.6574025e-06,1.5570748e-06
6.405202e-06,6.495229e-07,2.5645022e-06,1.536197e-05,0.00010292969,0.0006502243,0.0016485798,0.011394197,0.01736392,0.05076635,0.04957151,0.00810347,0.025433887,0.0017580031,0.00019382799,0.21760945,0.019515019,1.2379504e-05,0.5910214,3.6699223e-06,0.0016391393,8.848983e-07,0.0031862252
0.018193742,0.1359034,0.26538324,0.31428143,0.15733731,0.05976078,0.013535465,0.014881576,0.00537258,0.0014287434,0.006964977,0.0014046718,0.0016446318,0.0003931454,7.128655e-05,0.001245869,0.0018906072,0.00012948565,7.369112e-05,4.5192435e-05,1.8198512e-05,3.0387964e-05,9.572636e-06
0.03864834,0.07059329,0.5829532,0.05237062,0.092231974,0.020481275,0.03957476,0.05811379,0.0060171336,0.008590528,0.023683893,0.0009015116,0.0030296864,0.00014225362,0.0001299396,0.001865587,0.00034392957,4.853247e-05,0.00013817745,8.4489955e-05,1.9587642e-05,2.1760818e-05,1.5748015e-05
7.067937e-08,1.7765379e-08,8.545777e-07,0.00012765231,0.0019521308,0.00833876,0.068380855,0.16244744,0.04799659,0.060238082,0.04741427,0.513104,0.061373178,0.0086473115,8.440765e-05,0.009325533,0.0031166652,6.753957e-07,0.0074462392,1.6349619e-06,3.599423e-06,3.9831796e-10,2.5288925e-08
2.767028e-07,1.4522344e-07,4.1679377e-06,0.00019050797,0.03770217,0.05103001,0.48996004,0.29839295,0.0845483,0.034785736,0.0011942715,0.00014189501,0.00072938,2.94889e-05,4.560977e-08,0.0011236328,1.1092866e-05,5.997604e-07,0.00015529181,9.382918e-11,1.5543536e-08,2.90676e-10,3.0631098e-09
7.1147386e-09,1.9937723e-08,2.163877e-06,9.0237794e-05,0.0024354996,0.2097717,0.36362666,0.11780846,0.17230657,0.13230973,0.0006917832,7.617112e-05,0.00063609134,2.769427e-05,0.00012484203,4.2116302e-05,4.075265e-05,7.574493e-06,1.8737655e-06,4.7947233e-11,2.726878e-09,1.45172e-11,1.5375502e-08
0.000115684765,0.00023104023,0.0035234098,0.016778978,0.111478,0.15713331,0.07652899,0.083790876,0.05640657,0.32087606,0.007170763,0.0016759874,0.089348204,0.0056242375,0.00010785886,0.03855135,0.0006810243,1.5232492e-05,0.029862553,9.064429e-05,5.070493e-06,3.874989e-06,2.7365874e-07
1.1639856e-07,4.5841023e-08,1.8702787e-07,4.8024904e-06,2.3098848e-05,0.00076970283,0.0047713015,0.012708655,0.038167845,0.025902286,0.1694188,0.4463099,0.00858496,0.00104364,0.004608742,3.6004287e-05,0.2876204,2.6486168e-05,2.0845544e-06,4.528272e-10,3.2111682e-09,4.833622e-07,4.817984e-07
1.2521105e-07,2.8000377e-08,3.5418404e-07,1.9464143e-07,7.0166703e-07,2.7037155e-05,8.555423e-05,0.0005047139,0.0027024152,0.0026377162,0.0015761928,0.0025181593,0.035036758,0.033375736,0.038254023,0.031449776,0.018603224,9.503659e-06,0.831083,2.2842424e-07,0.0021131767,1.9802417e-05,1.5304274e-06
0.0061371154,0.08818769,0.24837157,0.34308732,0.17807537,0.09000833,0.014095403,0.016002072,0.0050230604,0.0013683991,0.0059331246,0.00058977754,0.0010065368,9.552778e-05,2.532002e-05,0.00049352465,0.0014070534,4.0526695e-05,3.0774623e-05,7.3703172e-06,5.1083766e-06,6.080312e-06,2.9338742e-06
7.38093e-08,2.087359e-07,8.570108e-06,0.00017002937,0.012609083,0.11730361,0.20514008,0.014502154,0.07613012,0.57182163,0.0012515326,0.00067616795,0.00015707535,3.4310094e-07,7.847298e-08,2.5056052e-05,0.00020336271,1.7571425e-07,5.1722424e-07,2.4393852e-11,4.3265702e-10,2.2921771e-10,9.7636715e-08
0.004684323,0.06748877,0.22013381,0.3459228,0.18276063,0.11215811,0.01984011,0.022180658,0.0076763914,0.0021192492,0.008727677,0.0008211466,0.0015347647,0.00014417656,2.4481267e-05,0.0008971078,0.0027729368,4.383529e-05,4.3216645e-05,1.0580204e-05,5.3571252e-06,7.2870243e-06,2.5804788e-06
0.0012745038,0.033828165,0.22784206,0.3531863,0.20733982,0.14752336,0.012048985,0.008639344,0.0036845175,0.0007804204,0.0027929987,0.00016220483,0.00045560522,9.310372e-06,5.439695e-06,6.7997134e-05,0.0003455301,7.294488e-06,4.566128e-06,2.7151722e-07,5.880768e-07,3.3255915e-07,3.7438835e-07
6.6341154e-06,2.2443255e-06,2.4214572e-05,0.00069668674,0.018939575,0.108418845,0.31347227,0.25752226,0.12267277,0.04144014,0.0062304963,0.12889801,0.0013380019,0.00012968025,6.335321e-05,3.835113e-05,9.8822355e-05,3.717698e-06,3.510379e-06,3.402702e-09,3.808551e-08,5.1551613e-08,3.0577525e-07
8.571964e-07,1.0206094e-06,1.3463894e-05,0.00085111475,0.003451311,0.061728895,0.13416621,0.21871845,0.089366555,0.052488253,0.016857589,0.36338136,0.035155546,0.020126069,0.002172603,0.0002515659,0.0010503744,1.9764804e-05,0.00019855904,8.816702e-08,1.4232104e-07,7.2703294e-08,1.0701184e-07
8.77976e-06,4.5502708e-05,0.0025132291,0.03842024,0.059749067,0.38182887,0.2049573,0.11855244,0.08178449,0.059357595,0.015850252,0.0024226028,0.032671094,2.415589e-05,4.6920177e-05,0.0005951815,0.0011242279,5.7603675e-06,4.1508996e-05,1.4143089e-07,1.9670671e-07,8.180366e-08,3.1102292e-07
3.686838e-06,1.3772432e-05,0.0005405772,0.023177754,0.07320898,0.31047076,0.2620938,0.11849891,0.06678059,0.083071604,0.0022600438,0.014977426,0.041936826,0.0012853539,3.6988633e-05,0.00070478546,8.4006526e-05,1.4645186e-06,0.00085217296,2.480927e-07,1.8965197e-07,5.3177516e-08,2.1966773e-08
5.661521e-07,7.010343e-08,2.528947e-06,0.00018105157,0.0008090432,0.005345009,0.02328717,0.07094286,0.033130884,0.024905412,0.07938855,0.67529756,0.054766227,0.020208,0.004333277,0.0012155281,0.0031206743,0.00019300319,0.0028695508,4.5538692e-07,9.083031e-07,3.4125566e-08,1.5883353e-06
5.453636e-07,1.3867041e-06,4.0923795e-05,0.0036769856,0.04621076,0.33502507,0.42006096,0.14231154,0.031516485,0.013250256,0.00044103968,0.006603289,0.0007964357,1.6049986e-05,9.820131e-07,3.2665557e-05,1.0521722e-05,2.891558e-07,3.7910831e-06,3.7642792e-10,4.4500585e-09,1.2703849e-09,8.938483e-09
8.892867e-07,3.073555e-06,0.00020578786,0.008329872,0.027320908,0.50615466,0.22499345,0.09765499,0.051607803,0.06959046,0.0046042805,0.0014562428,0.0074942326,2.931003e-06,2.871789e-06,0.00013152174,0.0004338653,1.1065473e-06,1.0919355e-05,4.7540833e-09,1.5694903e-08,4.839276e-09,9.567537e-08
1.9528551e-07,1.5758584e-06,0.00012964463,0.006118804,0.03928759,0.62374616,0.26465574,0.02299246,0.01447146,0.027986,0.00014093381,1.237973e-05,0.00041984938,4.3928535e-06,2.9109685e-06,3.9532238e-06,1.5550688e-05,8.307696e-06,2.046236e-06,3.6208445e-10,4.6224495e-09,7.925576e-11,2.8960003e-09
7.5514718e-06,7.995235e-06,0.0003319955,0.0031652916,0.035964776,0.112843536,0.1198841,0.20972417,0.037353493,0.1309902,0.014900184,0.0052675833,0.3222802,0.0018391775,0.0008863778,0.0012189422,0.002299315,1.5104002e-05,0.0010154583,3.566389e-06,4.7216417e-07,1.657275e-07,2.549453e-07
1.083623e-07,3.11976e-08,6.200353e-07,1.606576e-05,7.999472e-05,0.0007460913,0.00406781,0.018036239,0.013473909,0.034687106,0.33055657,0.31242967,0.12998965,0.09803165,0.04219412,0.00027351684,0.0140299555,0.00041124405,0.0009747978,4.964362e-07,1.7909082e-07,1.8811205e-07,3.8619792e-08
0.004539787,0.07197344,0.21819447,0.285102,0.1955067,0.1096697,0.029876562,0.029910622,0.013295764,0.0028376419,0.024702033,0.0017439214,0.002702117,0.00024878685,7.025461e-05,0.0012738055,0.0081672035,6.0337155e-05,7.976271e-05,1.7714392e-05,1.0538106e-05,1.1985814e-05,4.8786505e-06
1.970921e-07,5.9878285e-09,1.1983187e-07,9.9406655e-08,1.6818491e-06,5.409055e-06,0.00016830736,0.000219528,0.0059944,0.04639509,0.026941627,0.00048327103,0.019369142,0.0096076885,2.0613288e-06,0.052409098,0.013526883,9.359795e-07,0.82486004,3.1245029e-09,1.2106221e-05,1.2275568e-08,2.31371e-06
1.1215446e-06,4.450874e-07,3.9914066e-06,6.182127e-05,0.006709778,0.023006352,0.23541166,0.2575964,0.24099037,0.1185651,0.023012122,0.0006271244,0.01170219,0.0012722792,1.1015238e-05,0.06610147,0.00059708994,2.496938e-05,0.014299409,2.7984242e-08,4.976305e-06,1.9043815e-08,3.0397456e-07
1.4727668e-10,1.0532799e-10,1.0285149e-08,3.5133132e-07,4.3853644e-05,0.00019100799,0.0194393,0.05824829,0.0332342,0.0037057805,0.00013545748,7.467734e-07,5.1882915e-05,1.44754475e-08,9.199647e-16,0.88494766,6.5895614e-07,8.155907e-13,8.7035147e-07,9.716839e-16,1.8857444e-12,1.6300032e-16,2.1287455e-12
1.2765433e-06,1.6298667e-05,0.0013186306,0.018517338,0.2615083,0.6552872,0.04974417,0.0032536536,0.0060732486,0.0041417065,7.985807e-05,8.016018e-06,4.27679e-05,2.8764285e-07,2.5490405e-07,5.860219e-07,6.066848e-06,2.95216e-07,7.991219e-08,4.0653442e-11,8.4793766e-10,5.7762017e-11,1.3894239e-09
0.001574791,0.049726333,0.259805,0.28585488,0.17373565,0.09982647,0.032019977,0.033952404,0.011383511,0.0024372544,0.042528894,0.00084233383,0.0012076669,5.448878e-05,1.1753072e-05,0.0004635214,0.0045354865,1.116645e-05,2.174445e-05,2.6143691e-06,1.8073181e-06,1.4601031e-06,8.6655393e-07
4.6031343e-07,5.0135475e-07,1.4981577e-05,0.000414025,0.0168935,0.2258734,0.28909796,0.2105454,0.08573204,0.15467076,0.0034212684,0.0053634043,0.007372064,5.9460075e-05,3.7038953e-06,0.00015808834,0.00031691932,3.796239e-06,5.8097863e-05,3.3040646e-09,2.4550129e-08,2.1444464e-09,1.6134145e-07
0.0016772972,0.0060391217,0.20044795,0.070411235,0.23143025,0.07595223,0.14857543,0.15656275,0.018706018,0.036449537,0.036145262,0.0012265337,0.014152391,7.663547e-05,7.494372e-05,0.0017012306,0.00025626252,7.0820724e-06,8.807118e-05,1.3097361e-05,3.7529794e-06,1.2894263e-06,1.6650777e-06
4.4878826e-07,2.6834446e-06,0.0001703445,0.0026393274,0.1116234,0.41192958,0.26499206,0.08051771,0.06521798,0.060546085,0.00061435206,0.00019840997,0.0013826502,5.220842e-05,5.2767544e-05,1.9097473e-05,3.225975e-05,5.408681e-06,3.2320154e-06,4.6350332e-10,8.399467e-09,1.6609641e-10,6.630637e-09
0.046165753,0.23991463,0.33829927,0.22952408,0.085843265,0.027704393,0.008961739,0.009121223,0.003326887,0.0010898933,0.0051890584,0.0010842484,0.0010949951,0.00028098532,0.00013303295,0.0008867828,0.0009307853,0.00020906501,8.343573e-05,4.8343543e-05,3.363138e-05,5.1787603e-05,2.2718446e-05
5.433294e-06,4.3511227e-06,0.00015767246,0.0042931307,0.015590942,0.09248919,0.13014147,0.2656489,0.07692792,0.067703515,0.052610096,0.059444655,0.21948478,0.0043312223,0.0037469359,0.0017983643,0.004953085,6.6942e-05,0.0005985274,1.2245991e-06,6.563564e-07,2.2360298e-07,8.2716355e-07
2.3578382e-08,1.4913383e-09,9.083374e-08,1.3703777e-06,0.020477911,0.0047123414,0.5751687,0.034633137,0.14831576,0.21636733,0.0002892385,3.3348104e-05,6.286612e-07,4.3778662e-08,3.9966076e-11,3.9027572e-09,2.2055616e-08,6.3726104e-09,1.7819795e-09,2.0033275e-16,6.8680196e-14,2.5684189e-14,2.347078e-12
3.4220253e-07,8.2009205e-07,3.7764332e-06,2.6594647e-05,6.142334e-05,0.0005572054,0.001424294,0.009802463,0.052895088,0.02001125,0.12171946,0.018443216,0.04614098,0.34292588,0.07168529,0.10703091,0.024764156,0.15731926,0.025019256,4.232215e-05,1.3338939e-05,0.00010796709,4.750855e-06
1.4676661e-05,0.00030215684,0.01315138,0.14784679,0.054903906,0.45056057,0.17060527,0.108730905,0.025202433,0.006733447,0.006039116,0.008560154,0.0069749053,5.259936e-05,1.373585e-06,0.00027345892,3.842105e-05,3.4476358e-07,7.975438e-06,2.509949e-08,5.4569288e-08,2.971284e-08,2.0893197e-08
4.5904793e-07,8.2363066e-08,4.2115045e-07,2.196625e-07,4.656361e-07,3.4298413e-05,3.4189532e-05,0.0023898345,0.0024465006,0.0007198326,0.0016857238,0.00093940645,0.012361892,0.0024001342,0.044198133,0.07655169,0.0012577411,3.988728e-06,0.8510193,6.443642e-07,0.0037080776,0.00017875704,6.827035e-05
5.955377e-05,0.0003262089,0.008132025,0.06322088,0.09953539,0.45809415,0.15903695,0.079266146,0.05462906,0.05215534,0.011797101,0.001943444,0.010099416,1.2263226e-05,1.698654e-05,0.0006977777,0.00093907944,7.223273e-06,2.8427708e-05,2.5330272e-07,3.867713e-07,4.0185876e-07,1.5839696e-06
1.6995642e-08,5.6630016e-09,1.11382946e-07,1.2745936e-06,0.00013292766,0.024086418,0.09465154,0.078883804,0.048530813,0.2854432,0.19125135,0.00022558328,0.2561834,0.004314727,3.3492315e-06,0.007896363,0.0001511825,4.6210494e-06,0.008181554,6.684315e-09,5.7677327e-05,5.038464e-11,6.441145e-08
0.019054092,0.13477166,0.28091097,0.2839571,0.14543751,0.05732342,0.017560566,0.020978525,0.008184771,0.002104149,0.015466039,0.0028426326,0.002802883,0.00075255195,0.00015608779,0.002640375,0.0044941474,0.0001967021,0.00014834096,9.475206e-05,3.8276135e-05,6.5081345e-05,1.9362378e-05
1.6677633e-06,2.4881446e-08,1.0856338e-06,5.599076e-07,0.0002619537,1.9341662e-05,0.084392376,0.04008288,0.41836366,0.19000712,0.24259154,0.021244664,0.00028327355,3.283263e-05,8.23837e-09,0.0021432764,0.00057098677,1.6005428e-08,2.750553e-06,4.5376216e-13,5.995725e-11,6.811177e-10,1.7424302e-08
2.693e-06,6.8879774e-07,1.6750217e-06,1.4942574e-06,1.3109866e-05,0.00055051874,0.0008630817,0.008408702,0.017340908,0.006287775,0.007691856,0.0067836316,0.099516585,0.0156025,0.035553034,0.15915932,0.019330345,3.2999054e-05,0.61216694,4.5270635e-06,0.010629044,5.574438e-05,2.823968e-06
7.021365e-06,1.4112954e-05,0.00028337853,0.022239912,0.082836844,0.32827407,0.27945492,0.16609702,0.04874289,0.036185954,0.0013879883,0.01591464,0.017472688,0.0005157954,2.4327554e-05,9.392171e-05,6.842275e-05,2.543205e-06,0.00038335065,4.727432e-08,1.0541755e-07,5.1744905e-08,4.415554e-08
2.940669e-07,6.1552976e-07,2.0781117e-05,0.00094076555,0.016294071,0.12051437,0.51556486,0.28486034,0.037870716,0.014435403,0.00040741384,0.0019510747,0.0014606339,7.9071404e-05,2.5382118e-08,0.005579952,7.974846e-06,5.030805e-08,1.1563632e-05,5.9265326e-10,8.299059e-09,3.0979083e-10,2.4088564e-09
0.01265665,0.06865564,0.2167314,0.14868487,0.17334905,0.09519771,0.044073984,0.043243073,0.030803159,0.0058077765,0.09369348,0.012642457,0.01082417,0.004994266,0.0007582093,0.0069378614,0.028030908,0.0008957722,0.0015522306,0.00015283353,6.669223e-05,0.00021126911,3.6428177e-05
1.766413e-06,5.8965543e-07,2.2628176e-06,6.660048e-05,0.003967827,0.059501998,0.090825796,0.16002572,0.17388076,0.07071259,0.011852019,0.0013611494,0.14203301,0.021685967,0.0002619488,0.0067249094,0.024921393,0.00020477957,0.23193714,7.854215e-07,3.0876727e-05,1.6140187e-07,4.1079616e-08
9.2731193e-07,6.937606e-07,8.539121e-06,0.00029581715,0.017570434,0.06846839,0.32969335,0.31549275,0.14329505,0.10440523,0.0064166924,0.0011026872,0.0029778224,0.00027471286,1.6186472e-05,0.007440361,0.0006432535,1.6769567e-05,0.0018792589,1.2931905e-08,5.4953836e-07,1.7904414e-08,4.2839375e-07
3.9342957e-08,2.0578907e-08,2.951876e-07,1.2841988e-05,1.2278453e-05,0.00011509777,0.00033509627,0.0038376187,0.020687787,0.0043784063,0.07951168,0.052764826,0.026772266,0.066228375,0.48547596,0.0015270315,0.0037934391,0.25261346,0.0019219713,2.992699e-07,2.9002862e-07,2.3351495e-06,8.555873e-06
4.086778e-06,1.7741574e-09,1.5789265e-08,3.551914e-08,6.8794875e-06,1.5151523e-06,0.006150282,0.04371801,0.11734903,0.010725081,0.80199164,0.020015078,6.4002174e-06,3.551633e-06,2.8000624e-05,1.4209404e-07,1.9365372e-07,4.713511e-10,3.4399972e-10,6.2668956e-16,7.0288054e-14,3.3263278e-10,2.0500572e-10
3.9134434e-07,8.025913e-09,5.1071163e-07,1.8418348e-07,4.3344876e-06,6.4973683e-06,0.01680424,0.01369468,0.35524112,0.37006614,0.17438154,0.049255572,0.0010401059,2.7664038e-05,3.4642133e-07,0.0012039396,0.018272491,9.1054e-09,3.0990762e-07,1.1529726e-12,3.7378784e-11,1.5095208e-09,1.3806305e-08
7.7420106e-07,1.879932e-06,2.778777e-05,0.0007114242,0.012686891,0.1521833,0.45265687,0.22310118,0.07791582,0.04954795,0.0018927794,0.0212977,0.0038470014,0.00057865854,5.594298e-06,0.003331422,0.00016692166,1.3109718e-06,4.4529403e-05,1.0686959e-08,9.53138e-08,1.3328069e-08,1.2156259e-07
2.511475e-06,1.8057072e-08,6.9438323e-07,7.054447e-07,5.477367e-05,2.1637132e-05,0.022157902,0.030353576,0.287118,0.17585558,0.44018435,0.04346017,0.00015827289,2.4293457e-05,7.699522e-06,0.0002281427,0.00037116298,3.0854807e-08,3.5928196e-07,6.1212597e-12,2.0355521e-10,1.3034431e-08,1.4537625e-07
8.3920554e-07,8.947952e-07,5.0160666e-06,6.5786255e-05,0.00023354946,0.0069921943,0.09553705,0.03961792,0.27719933,0.19458885,0.022515677,0.3060559,0.02418421,0.0015635994,5.0680577e-05,0.0033856598,0.027976546,2.830974e-06,2.0460759e-05,5.450855e-09,6.191966e-08,3.0227474e-07,2.6931748e-06
3.7297443e-05,0.00014895613,0.0051051425,0.10308095,0.15716858,0.3545999,0.16300678,0.0862915,0.0413656,0.06326028,0.0026328464,0.0014577947,0.02067982,0.00010238889,9.367134e-06,0.00045134695,3.6044414e-05,2.2127874e-06,0.00056231726,2.8608233e-07,3.113457e-07,1.7315338e-07,7.9897916e-08
0.05017689,0.06474751,0.19068559,0.06782543,0.065969184,0.07567173,0.07045402,0.1552085,0.038845595,0.025874468,0.06508475,0.041568004,0.026807822,0.012535335,0.0012961864,0.038140457,0.002974945,0.00061821495,0.0032915634,0.0013980714,0.00026515927,0.0004913851,6.918316e-05
0.0015017033,0.03217347,0.16531806,0.2909808,0.20534259,0.21169072,0.033604074,0.024022257,0.012384159,0.0026219997,0.012130717,0.00072368287,0.0020527719,7.815797e-05,2.5471842e-05,0.0005657559,0.004707152,3.1693326e-05,3.4144625e-05,3.4234502e-06,3.0768197e-06,2.743162e-06,1.3443552e-06
5.054264e-07,4.069512e-07,7.4009827e-06,2.3809444e-05,0.00026070536,0.0041303886,0.009268587,0.029651629,0.009899588,0.17488615,0.07681119,0.015960837,0.4500903,0.07759919,0.013609129,0.05191056,0.06489399,0.00010540503,0.007520712,0.0133508,1.6694794e-05,1.8761361e-06,2.237919e-07
2.653461e-08,5.4917075e-09,3.386407e-07,5.862777e-05,4.7565867e-05,0.0005518253,0.0038216715,0.02151807,0.022661459,0.008396273,0.3133791,0.23830125,0.038970824,0.008214315,0.33605126,0.00015270145,0.0065353126,0.0011667428,0.0001713607,2.371349e-08,3.4451237e-08,2.9146848e-08,1.119847e-06
0.00026859547,0.00069757155,0.011463307,0.025686372,0.11065138,0.17719968,0.11168445,0.112140015,0.07893792,0.24997061,0.01930306,0.0072292136,0.061559495,0.003667187,0.0002576641,0.021065222,0.0007205579,3.543966e-05,0.007353785,8.298831e-05,1.30746275e-05,1.09117655e-05,1.4871003e-06
2.1335744e-07,1.2905369e-06,6.978331e-05,0.0102239195,0.051027548,0.3767077,0.33414805,0.19046319,0.02198135,0.013122496,0.00022960902,0.0006347695,0.0012525844,8.001606e-06,1.17357835e-07,0.000115222865,3.5471307e-06,8.285427e-08,1.0479077e-05,2.3028365e-10,3.0455782e-09,2.0209744e-10,1.5589032e-09
0.00021130287,0.0037821452,0.05747457,0.18921164,0.30155903,0.3989347,0.02892039,0.008079056,0.006648591,0.0020797683,0.0016212697,0.00016900584,0.00087162026,1.1015878e-05,1.2965996e-05,4.1076768e-05,0.0003582687,9.008107e-06,3.7707878e-06,9.149587e-08,3.7422976e-07,9.973869e-08,2.1047211e-07
0.003495627,0.051699728,0.16789854,0.3069118,0.21164879,0.16125874,0.029297369,0.02599747,0.013447372,0.0027987706,0.012709983,0.0012852013,0.0031311135,0.00023275994,5.8091286e-05,0.0012288745,0.0067106853,7.4713564e-05,7.6900935e-05,1.4357911e-05,8.97958e-06,1.0269712e-05,3.8411945e-06
8.3476625e-06,1.2787993e-05,0.00028918526,0.001993494,0.0072179516,0.04116382,0.076368354,0.11899472,0.09288394,0.15522122,0.10362817,0.011918511,0.2722032,0.007845291,0.006733355,0.06977514,0.031161083,0.00022359808,0.002058419,0.0002867575,5.923965e-06,4.8335146e-06,1.9127087e-06
1.3863567e-07,1.1815822e-06,0.000104445455,0.0039792527,0.06462582,0.5440317,0.28191605,0.040495876,0.016946325,0.047180608,0.00012455763,1.4750206e-05,0.0005474173,8.412417e-06,4.1455983e-06,3.1100542e-06,6.082331e-06,7.638736e-06,2.504133e-06,2.18172e-10,3.285751e-09,2.8233433e-11,1.2412402e-09
1.9000436e-07,6.358388e-09,3.689497e-07,6.09408e-08,9.230153e-07,1.6836995e-06,0.003686406,0.0026311683,0.18438053,0.50871533,0.17369653,0.012034187,0.012086628,0.00072377594,6.3305774e-06,0.0014407936,0.100582935,4.7332486e-07,1.155741e-05,5.5594114e-12,6.4281586e-10,2.169234e-08,1.06840055e-07
1.7355179e-06,2.8118498e-07,5.1539823e-06,3.1771076e-05,0.007416071,0.006623907,0.46858254,0.20648989,0.14619707,0.115550525,0.042931285,0.0026278805,0.0014195915,0.00025004582,9.107649e-07,0.0015680498,0.00016312502,1.724844e-06,0.00013824172,6.1548167e-10,7.705035e-08,1.1233593e-08,4.4963393e-08
2.6414696e-07,1.4078269e-06,4.4807282e-05,0.0015003844,0.0067678406,0.24818695,0.37669244,0.20845035,0.08169119,0.05913035,0.0024872052,0.00039724776,0.011169101,0.00044626446,0.0020014544,0.00035837674,0.00040670636,0.00023411593,3.3352004e-05,3.7881804e-08,1.5772439e-07,2.944581e-09,4.4935465e-08
2.2521255e-05,0.00033545645,0.01406144,0.10167491,0.1918492,0.39079782,0.18517418,0.06413655,0.025248934,0.014890634,0.0048658606,0.00032611532,0.0061209723,4.177191e-05,6.35536e-05,9.409522e-05,0.00026069154,1.8268942e-05,1.6754102e-05,5.161308e-08,1.5725412e-07,1.9919577e-08,4.1781128e-08
2.0045427e-06,2.5503782e-06,3.3767163e-05,0.00045894383,0.016307108,0.094596565,0.15363489,0.07502643,0.15421958,0.4508289,0.014126886,0.029580394,0.005989439,6.421138e-05,2.6009342e-05,0.0003455651,0.004663779,4.4731707e-05,3.8159607e-05,8.323274e-09,4.9486502e-08,5.137368e-08,9.975893e-06
0.03427825,0.1951437,0.2811461,0.2790192,0.12227508,0.03763356,0.012492057,0.013119914,0.004939866,0.0016100357,0.007635246,0.0025021036,0.0021479838,0.0009463689,0.00013797116,0.0025355855,0.0018042561,0.00024500923,0.00013041077,0.00012620309,3.7607402e-05,7.52711e-05,1.826184e-05
1.0621171e-06,1.0837681e-06,4.2108564e-05,0.003352245,0.006618986,0.03802883,0.13634673,0.11966267,0.26177642,0.08170847,0.20748423,0.073163584,0.0575929,0.0005524074,0.0010404706,0.0019134955,0.009981233,0.00033363854,0.00038407202,2.4656062e-08,1.9927263e-07,4.6310692e-08,1.5033873e-05
1.8402843e-06,5.8336474e-07,3.1390268e-06,0.000108060594,0.005606014,0.07620492,0.15740924,0.22672626,0.19001254,0.11525502,0.017081425,0.001211428,0.05530338,0.0070602205,0.00019528571,0.027702987,0.0032459202,0.0003979809,0.11638785,8.261047e-07,8.456202e-05,9.1137736e-08,4.489132e-07
0.28687224,0.4025987,0.28227428,0.015571178,0.0035786156,0.0018932385,0.001601078,0.0013778976,0.000760624,0.00034959268,0.0012334137,0.0002938294,0.00031381776,0.0001524518,0.00019967499,0.0002214823,0.00015801395,0.00032981526,8.177732e-05,1.0233123e-05,1.1231623e-05,9.095971e-05,2.5765085e-05
0.00015227428,0.0034170677,0.03857739,0.37663475,0.21905938,0.2956663,0.03824704,0.015987603,0.0051464625,0.003016522,0.0014966591,0.0001002802,0.0021354451,2.6646978e-05,3.7604016e-06,6.2391104e-05,0.00022736486,2.2074713e-05,2.0050093e-05,1.917813e-07,2.7659152e-07,1.2275629e-07,5.9503833e-08
2.903666e-06,8.0033874e-07,9.958462e-06,6.6543624e-05,0.002301156,0.0069753686,0.11603589,0.12936525,0.122217864,0.09901051,0.0069069196,0.005062232,0.016781013,0.0011106428,5.0311166e-07,0.4844473,0.0014867232,1.5617237e-06,0.008213053,7.2103816e-08,2.516986e-06,9.641699e-09,1.1736169e-06
0.0006538115,0.0052446956,0.0050236867,0.43355048,0.29849994,0.11904134,0.035765,0.021859465,0.006085154,0.0032279259,0.0015208635,0.0013333455,0.04218514,0.02116244,1.1855639e-05,0.0005650518,0.00020513241,0.0031732058,0.0008676452,1.8345743e-05,1.4069799e-06,3.827268e-06,2.109531e-07
0.00041847953,0.011375474,0.14482859,0.31827638,0.21735251,0.24338299,0.029797077,0.01539528,0.008064343,0.0018352107,0.0068000713,0.00026440178,0.0011562471,1.3268465e-05,1.0685513e-05,0.0001126536,0.0009008018,7.671966e-06,6.572352e-06,2.3407136e-07,5.1564035e-07,2.3786676e-07,2.7588973e-07
0.47254714,0.32876137,0.18323463,0.007505243,0.0016318492,0.0009930049,0.0010711767,0.0009111026,0.0004563374,0.0002456603,0.0008513557,0.00026077495,0.00022256744,0.00018941637,0.0002395441,0.00020662068,9.494598e-05,0.00031795917,9.562935e-05,9.594866e-06,9.98049e-06,0.00012035618,2.367532e-05
0.0026290687,0.04745991,0.22342451,0.36032194,0.19536164,0.11537506,0.019047055,0.014944787,0.007083574,0.0015245151,0.009008533,0.00063654507,0.0015960302,4.7884994e-05,3.57096e-05,0.00027706748,0.001167222,2.7996406e-05,2.0854528e-05,2.1031435e-06,3.525204e-06,2.471644e-06,2.027065e-06
5.827617e-07,4.4004873e-06,0.00016834056,0.017300079,0.040869344,0.395382,0.30020887,0.20083022,0.025205899,0.01147056,0.00043174328,0.003974416,0.0039013184,5.4650143e-05,6.2356673e-07,0.00017291319,9.738646e-06,1.4422575e-07,1.4235093e-05,1.4654279e-09,1.0355948e-08,1.1435077e-09,3.3315202e-09
6.470312e-07,8.809573e-07,4.3339027e-05,0.0020793441,0.027690751,0.1722515,0.37386245,0.23866484,0.09574822,0.06274314,0.0030003455,0.0055238586,0.017299369,0.00010574463,1.322365e-06,0.0006892126,0.00018321862,8.2265603e-07,0.00011092959,4.9942126e-09,4.3269743e-08,7.651411e-10,3.594393e-08
3.812837e-09,4.512604e-09,1.0675545e-06,0.00018214766,0.0034292364,0.008897137,0.73791456,0.17813887,0.043127246,0.0051979655,0.0041578133,0.009841361,0.007928063,0.00012403235,1.6335685e-09,0.0010404858,4.3290793e-06,1.0557919e-09,1.577043e-05,1.292477e-11,3.9511328e-10,1.4342248e-13,6.849568e-12
1.9547808e-07,1.3851957e-07,1.3143899e-06,2.0612035e-05,9.1908885e-05,0.001270835,0.011624308,0.029727513,0.054187134,0.057703566,0.102718376,0.12880982,0.09678082,0.42756203,0.02982281,0.0019305862,0.0520861,0.0005819017,0.0050762114,6.0589905e-08,1.704344e-06,6.473182e-07,1.376765e-06
1.8495751e-06,1.164343e-06,9.471022e-06,0.00039915048,0.004241599,0.04956402,0.114764825,0.18822318,0.1469989,0.19584349,0.023688655,0.12905394,0.051561423,0.019874876,0.016172025,0.00089956936,0.054039948,8.3080056e-05,0.0045771375,3.9059043e-07,4.328161e-07,4.5493297e-07,3.8450844e-07
4.0646346e-06,2.6575233e-07,3.7149232e-06,4.72363e-05,0.0102954665,0.008169524,0.37367994,0.23827174,0.25653258,0.06540121,0.031454,0.015729226,0.00025864434,3.445394e-05,2.2707181e-06,7.0267735e-05,4.1063413e-05,6.656503e-07,3.657315e-06,1.325567e-10,7.3139383e-09,1.0025515e-08,4.5290207e-08
4.0131185e-06,1.1878683e-06,6.985873e-06,5.9043336e-06,0.000117270785,0.00059707003,0.012526021,0.016645746,0.07257344,0.11592241,0.06745129,0.006304455,0.13247178,0.10502893,0.0036272577,0.09085114,0.022710497,6.601643e-05,0.35289544,6.179989e-07,0.00017661595,7.811646e-06,8.1631315e-06
0.0037046464,0.057044555,0.2050888,0.2967473,0.21372128,0.12005762,0.02968349,0.02771837,0.012620194,0.0032381134,0.018600794,0.0017108283,0.0039628856,0.00024118561,0.00010777676,0.0011098294,0.0044458746,7.6376054e-05,7.952752e-05,1.3852389e-05,1.14974255e-05,1.0302188e-05,4.8764855e-06
8.4708114e-07,1.8621333e-06,4.0284445e-05,0.0028845663,0.031707272,0.17060511,0.35533717,0.34571695,0.05342037,0.021321291,0.00057702686,0.0054220203,0.0060826363,0.00054790115,6.3549663e-07,0.0061518312,3.3233828e-05,3.4148817e-07,0.00014849266,1.0867851e-08,8.541137e-08,2.5486702e-09,1.0027967e-08
2.4983029e-08,1.5778674e-08,2.0914972e-06,0.00036975896,0.0020215309,0.0062090443,0.26456827,0.11900578,0.22646995,0.017233169,0.238621,0.094012305,0.029091451,0.0017676005,1.3743812e-05,0.00015231619,0.0003094829,8.683545e-06,0.00014384622,1.1402482e-10,2.967712e-09,9.543171e-11,1.1965424e-08
3.949163e-06,1.7688094e-06,1.3695931e-05,5.7025794e-05,0.0014469387,0.0052476292,0.2371042,0.092536174,0.21896957,0.33724988,0.039739415,0.046754736,0.006157286,0.0012196682,2.5446274e-05,0.010138819,0.0032564197,5.491677e-06,6.879693e-05,2.1186155e-08,4.3448847e-07,3.210192e-07,2.2806573e-06
4.8079137e-08,2.2729493e-07,5.689e-06,0.0002231388,0.0017375267,0.09399145,0.25255504,0.25225583,0.27600044,0.061649308,0.024406329,0.0017444894,0.025110155,0.004529228,0.0023599442,0.0015079016,0.0014707827,0.0003407214,0.00011120382,2.2354314e-08,4.2647324e-07,3.5458148e-09,1.17982054e-07
1.3480935e-09,9.52077e-09,2.3761615e-06,0.00012837857,0.022097364,0.119105324,0.5928678,0.14867336,0.03402877,0.08260186,0.00020640917,7.716912e-06,0.00026644877,3.1116851e-06,8.297103e-09,9.042132e-06,1.1099341e-06,2.5551708e-08,8.8270247e-07,7.2947746e-13,1.3348189e-10,2.4338418e-14,1.1236995e-11
1.6856669e-07,3.2589696e-08,5.721609e-07,2.0975574e-06,1.1874171e-05,0.00016030835,0.00024366658,0.0015275346,0.0041692997,0.02211285,0.043866515,0.041552223,0.1003922,0.20302166,0.024619848,0.003824387,0.1703422,0.00013201757,0.38252226,1.1823948e-06,0.0014766318,1.5083493e-06,1.8939492e-05
2.630508e-07,1.2646937e-06,3.4959714e-05,0.0019837085,0.01409653,0.33744246,0.38592362,0.1800336,0.043857194,0.020637883,0.000732503,0.011399104,0.00269515,0.0002081977,1.5925383e-06,0.00088231266,5.4599557e-05,3.1486056e-07,1.4632914e-05,2.5507305e-09,1.8224462e-08,2.2950415e-09,2.3106793e-08
1.1511106e-06,1.3291193e-06,6.831041e-05,0.0018169734,0.028833441,0.20489384,0.14787212,0.2317578,0.035479624,0.15926947,0.004707116,0.002398685,0.17993519,0.0005357621,0.00016422689,0.00033383738,0.0011028423,4.3904447e-06,0.0008234349,3.1098594e-07,9.0478935e-08,1.6558342e-08,6.724285e-08
7.1627146e-06,1.8336312e-06,2.6262636e-05,0.0005278701,0.006359629,0.024633344,0.13049571,0.18550229,0.17507668,0.108497486,0.09183603,0.026213016,0.027367793,0.00044584635,2.2054078e-06,0.20404366,0.006790507,1.1029395e-05,0.012062084,1.4283405e-07,5.4304405e-06,2.065797e-08,9.3992516e-05
0.018454155,0.12658165,0.25897846,0.28797606,0.15454169,0.061442267,0.019131226,0.022636848,0.009828011,0.002463698,0.017676733,0.003924578,0.00347488,0.0011280557,0.0001549208,0.0041506034,0.0067649325,0.00021511136,0.00018424004,0.00014557551,4.136585e-05,8.592392e-05,1.9051577e-05
5.525461e-08,6.038353e-07,0.000101521226,0.0061038113,0.046516363,0.69582945,0.21578436,0.010183696,0.008524757,0.016813189,5.2349977e-05,2.7316653e-06,7.973319e-05,3.392013e-07,1.6776859e-07,6.93891e-07,5.292472e-06,7.2255295e-07,2.6917508e-07,1.8009724e-11,3.5842462e-10,6.019767e-12,3.1989558e-10
0.00010286407,0.00070728024,0.04183892,0.0721539,0.09443408,0.07652807,0.16817622,0.121075906,0.06449586,0.022768278,0.30928755,0.0065584183,0.020071944,5.9285165e-05,9.6592325e-05,0.0009033768,0.0006956472,8.199174e-06,3.4913195e-05,1.0900509e-06,7.549554e-07,4.7250663e-07,3.3074855e-07
0.0002311097,0.004223368,0.069328845,0.29767835,0.33982384,0.2536585,0.021375714,0.0073697506,0.0034216999,0.0013148728,0.0007805289,7.0412054e-05,0.00062782184,5.284788e-06,3.1375603e-06,1.6930588e-05,6.011386e-05,6.3460293e-06,3.0953865e-06,3.8294253e-08,1.3843523e-07,3.824571e-08,6.617291e-08
0.45728356,0.35231352,0.17370892,0.008567872,0.001791908,0.0010893226,0.0011394972,0.00095019146,0.00042874255,0.00021060123,0.0008222281,0.00027481004,0.00020565036,0.00021495321,0.00021904524,0.0002055486,7.9982674e-05,0.0002592212,8.1492864e-05,1.1624671e-05,9.666867e-06,0.00011384918,1.7845543e-05
1.47077985e-08,6.225931e-08,5.494879e-06,0.0001745807,0.0031568268,0.1606716,0.23875204,0.13440605,0.3768583,0.08088482,0.0021725511,0.0002562201,0.0017327273,7.813869e-05,0.00046115703,0.00011013848,0.0002596798,1.6609642e-05,2.994694e-06,5.3714734e-11,3.1710377e-09,9.473302e-11,6.1188125e-08
2.624567e-07,3.8133908e-07,5.259863e-06,0.00022123203,0.0008275841,0.017153786,0.2189667,0.17227139,0.1250049,0.026327511,0.03161916,0.14948261,0.06582214,0.17230293,2.2664424e-05,0.017778462,0.001787206,2.9580153e-06,0.00040257396,3.2247506e-08,1.7199334e-07,2.2557133e-08,3.9538666e-08
2.7483252e-06,1.8103683e-06,3.7537455e-05,0.00075485447,0.019350573,0.12813725,0.50123477,0.10541288,0.1578674,0.030611835,0.002618191,0.0531897,0.0005541928,1.8591e-05,1.4753012e-06,0.0001381345,6.69936e-05,3.081469e-07,6.2212183e-07,7.3722867e-10,8.285522e-09,7.70073e-09,9.95057e-08
7.293427e-07,4.0258507e-07,2.429001e-06,7.579741e-05,0.0022209443,0.02455584,0.057458676,0.15614799,0.17227931,0.18228632,0.011619842,0.020830814,0.0873342,0.05056962,0.007996597,0.035874296,0.117798485,3.3628643e-05,0.07289619,3.7021382e-06,1.3899375e-05,1.15628126e-07,1.2728717e-07
1.6263713e-06,4.5647e-06,0.00010604044,0.005881733,0.03338022,0.4223166,0.34946862,0.12424027,0.031562027,0.009177452,0.00062307355,0.021659227,0.0014628599,2.9860717e-05,9.930379e-07,6.2736e-05,1.9581083e-05,2.958618e-07,2.216914e-06,1.3075945e-09,1.0102037e-08,4.4537156e-09,2.1626883e-08
3.3884855e-06,1.2688281e-08,3.3647927e-07,1.177044e-06,0.00041193946,0.00013080407,0.096582346,0.09310241,0.42051297,0.069998786,0.3009336,0.018247731,3.9797153e-05,1.52097355e-05,2.0146042e-06,1.0907842e-05,6.4184524e-06,3.6141692e-08,1.1660228e-07,7.041606e-13,7.9662374e-11,2.5499753e-09,1.0273833e-08
1.7536152e-06,8.2463436e-07,9.759077e-06,0.0009779226,0.01898412,0.2128946,0.2965976,0.19359702,0.13205035,0.10131977,0.0049520717,0.00076074305,0.013499386,0.0011088937,0.00017740345,0.00074172596,0.0050386214,0.00019724335,0.017089393,6.969803e-08,2.9530293e-07,1.7561634e-07,2.2774218e-07
4.242446e-06,7.2022112e-06,0.0002478125,0.006500175,0.0074189478,0.049844857,0.08710893,0.13087724,0.23737639,0.0651347,0.23370762,0.039355278,0.1046501,0.0024366232,0.0121970875,0.009418129,0.012500717,0.0006282477,0.0005761341,2.1130306e-06,1.0754935e-06,1.644163e-06,4.707483e-06
0.007464158,0.094228625,0.2694728,0.31511694,0.17259802,0.06917834,0.020257646,0.023077589,0.0072004865,0.0020434188,0.012274609,0.0013305469,0.0020604806,0.00020336601,7.009132e-05,0.0010347945,0.002220759,6.268432e-05,5.838677e-05,1.7927907e-05,1.1233986e-05,1.1883812e-05,5.1427496e-06
0.0002612025,0.0046512634,0.04136071,0.14468358,0.15876612,0.37298748,0.1213779,0.060812224,0.03499501,0.010089739,0.022558944,0.0012383747,0.010027547,0.00022073025,5.8914557e-05,0.0014259282,0.014317574,7.34679e-05,8.46585e-05,4.454602e-06,2.3690204e-06,1.4227204e-06,3.9219958e-07
1.4970414e-06,7.095626e-07,1.4526056e-05,5.8310558e-05,0.0052564885,0.015192052,0.15841545,0.04406036,0.30251542,0.45225605,0.009797012,0.0015049222,0.0018190475,2.9080176e-05,2.1324648e-07,0.004474322,0.0044266223,7.71587e-06,0.00016143164,8.201141e-10,3.7597403e-08,4.7301096e-09,8.70395e-06
6.9431474e-07,1.127154e-06,4.690023e-05,0.0018708637,0.026515746,0.20876639,0.3150427,0.15553012,0.1208193,0.14617889,0.006569821,0.007137017,0.010432758,4.867959e-05,3.6608253e-06,0.000315619,0.0006648875,2.933401e-06,5.1716757e-05,3.5323366e-09,2.9032014e-08,2.087514e-09,1.9619078e-07
7.3823627e-09,1.2692044e-08,2.9927082e-07,2.4764067e-05,4.2390115e-05,0.0010526899,0.030151673,0.047596805,0.0874442,0.011295698,0.240178,0.10110023,0.06767578,0.40048742,0.00075908756,0.0021025676,0.009330608,1.5868605e-05,0.00074185233,9.154835e-10,2.4886006e-08,5.3770406e-09,7.665283e-08
0.23544393,0.21870853,0.33440456,0.055882055,0.019075861,0.024657164,0.024619743,0.044566922,0.008752795,0.0038587379,0.010458864,0.0067598135,0.004576094,0.0015195842,0.0003717812,0.004420059,0.00046638283,0.00033794716,0.0005999742,0.0001327993,7.904662e-05,0.0002535854,5.3833497e-05
0.29658982,0.56082416,0.12166597,0.013835659,0.0021163141,0.0012516441,0.00087489653,0.0009178662,0.00021025249,8.076907e-05,0.00048220652,0.00027339617,0.00017399328,0.0002665317,8.5107364e-05,0.00014575235,2.30617e-05,8.926774e-05,3.0751205e-05,8.443663e-06,3.4378202e-06,4.82903e-05,2.3842672e-06
5.7172288e-06,5.081428e-07,3.8248895e-06,4.3948285e-06,8.917573e-05,0.00015908502,0.014234324,0.02672875,0.15967554,0.63425255,0.13055818,0.012668451,0.007201383,0.0019744288,0.004939545,0.0039082416,0.0034657393,3.2513577e-05,4.0748935e-05,4.4048667e-09,1.3375701e-07,6.156195e-06,5.0582355e-05
1.0058326e-06,1.3745349e-06,2.740433e-06,6.986378e-06,5.991344e-06,0.00051306223,8.9187415e-05,0.007425955,0.0037368455,0.0020437615,0.04205758,0.018388331,0.23510881,0.042987563,0.42995167,0.09673248,0.054913893,0.0020122756,0.026862614,0.0007776021,0.034003682,0.0018615316,0.0005150563
4.591397e-06,1.0336793e-05,0.00092730694,0.005216317,0.031651296,0.08995502,0.17895122,0.13089237,0.052990213,0.25290334,0.03739447,0.0027092295,0.20847233,0.00045690459,0.00040505108,0.0038538317,0.0024881426,4.2088054e-06,0.0006988227,1.38240885e-05,9.726733e-07,1.2382651e-07,8.1916326e-08
1.0965783e-10,3.9636067e-14,2.8234103e-11,1.6418552e-12,9.613363e-10,1.9329462e-10,0.0010535008,0.004584916,0.05869062,0.01437125,0.9153428,0.005902991,1.28197935e-05,1.8905283e-08,4.3728764e-14,3.0869699e-06,3.79621e-05,3.705352e-16,3.517633e-11,4.5427514e-23,1.6220403e-19,8.846591e-17,1.8289362e-17
4.4479075e-06,4.8223687e-06,6.606371e-05,0.0044885427,0.053366683,0.26635885,0.30651486,0.24623512,0.056825068,0.03332973,0.0021996072,0.024263328,0.005707278,0.00030394248,4.409623e-05,4.013365e-05,0.00011299663,6.154301e-06,0.000128096,1.0542241e-08,6.086442e-08,3.9776097e-08,8.318689e-08
7.4379286e-06,7.828776e-05,0.0035145227,0.05619417,0.05756569,0.32358384,0.23965082,0.066690564,0.14435905,0.06756299,0.024914121,0.0028273223,0.011505899,1.2867444e-05,1.860888e-05,0.00038836297,0.0011069648,5.031022e-06,1.2828199e-05,1.8910624e-08,8.4775145e-08,5.09305e-08,5.2641224e-07
0.0015718439,0.0044887033,0.04160655,0.26024142,0.1761109,0.26065308,0.086494304,0.11164608,0.022677159,0.008341681,0.0059721903,0.010057036,0.009371349,0.00011751787,2.0849819e-05,0.00047110594,4.7412235e-05,9.210734e-06,9.441564e-05,1.3030477e-06,2.1088356e-06,2.279049e-06,1.5317266e-06
2.9659526e-08,7.227974e-08,2.7606409e-06,0.00014349731,0.003183978,0.29616344,0.36183777,0.12787764,0.090977065,0.11606895,0.00052099617,0.00012741376,0.0019079861,0.00027436283,0.0006401228,2.9788327e-05,1.7754983e-05,0.00021851345,7.879973e-06,1.208664e-09,2.4749673e-08,9.9389136e-11,1.7261982e-08
3.5441356e-06,1.0478902e-06,2.3396726e-06,4.243021e-06,3.6343416e-05,0.0017916524,0.0035465772,0.03910176,0.037701365,0.016061334,0.043125894,0.031544823,0.20233998,0.05911878,0.22541751,0.13121462,0.12551571,0.00051193323,0.08218725,3.062932e-06,0.0006815551,8.7242704e-05,1.4083165e-06
0.00015233188,0.0004934224,0.011271412,0.0772088,0.19391873,0.2638453,0.15404442,0.12980212,0.04498019,0.08273692,0.0051819994,0.0035051913,0.03021364,0.00033852324,2.2892755e-05,0.0012130871,5.6540222e-05,3.8585977e-06,0.0010069062,1.8081245e-06,1.0483941e-06,6.173962e-07,2.2612323e-07
0.0032881096,0.0027525804,0.02275387,0.0076620644,0.9322918,0.019779861,0.008607185,0.0013433831,0.0012769772,0.000230281,1.298011e-05,8.1739506e-07,1.09513515e-07,3.2884568e-09,6.8113487e-10,3.8554324e-10,1.2456982e-09,1.7293166e-08,2.0873808e-10,7.1385955e-15,3.1606746e-13,8.068833e-13,1.1323043e-12
6.2463955e-06,2.2628512e-06,6.48187e-06,0.00014005788,0.002489774,0.06593356,0.07659286,0.24307746,0.12561283,0.07290327,0.04909798,0.0049348883,0.16342016,0.04479835,0.0061781867,0.030136304,0.020604528,0.006051839,0.087727405,1.3420669e-05,0.00026462504,3.921264e-06,3.6515708e-06
6.4665132e-06,1.6664942e-06,1.5779945e-06,0.00013900158,0.0026603125,0.08574893,0.08813932,0.43399325,0.20307016,0.024597535,0.05094397,0.0011120439,0.07192369,0.013526813,0.00012873016,0.00051888474,0.00033101728,0.019154629,0.0039916756,8.417299e-08,7.318092e-06,2.287796e-06,6.4457856e-07
7.1547994e-08,1.4464187e-06,0.00025845345,0.004744018,0.03495902,0.5482782,0.35819444,0.020509074,0.020273142,0.012069375,0.00044004997,1.20349105e-05,0.00021315609,7.572128e-07,1.2886644e-06,3.0000144e-06,4.189934e-05,2.827585e-07,2.6650824e-07,4.3558025e-11,7.6643253e-10,1.2862742e-11,4.3979628e-10
1.7447012e-07,5.005821e-07,1.0705142e-05,0.0005099314,0.002975506,0.2026225,0.28256658,0.29054785,0.08507273,0.107677914,0.0022598838,0.00060986175,0.018678943,0.0018437513,0.002636993,0.00050952745,0.0001602451,0.001203324,0.00011243351,9.568548e-08,5.0895994e-07,2.7439446e-09,9.24727e-08
3.6023346e-07,3.406448e-07,2.6797827e-06,2.3383125e-05,0.0005024018,0.0028179018,0.051297773,0.05392047,0.06145555,0.020636225,0.010301457,0.0027639417,0.008866773,0.0046574664,3.76095e-06,0.7805273,0.00081255275,8.5411847e-07,0.001407334,4.86363e-08,1.2144982e-06,1.6001575e-08,2.0634727e-07
2.4235e-06,2.3960422e-06,7.2723866e-05,0.0050914376,0.10247,0.38064834,0.33046222,0.13492247,0.033525895,0.009511187,0.0006090881,0.0023078837,0.00035346817,5.0572935e-06,1.3963203e-06,5.757951e-06,4.800952e-06,7.1405526e-07,2.736985e-06,2.7222063e-10,3.558204e-09,1.6658591e-09,1.1243794e-08
0.01922148,0.12791312,0.22361207,0.33013207,0.15908854,0.060296346,0.016681004,0.017937718,0.008307021,0.0019010472,0.01373576,0.0047159437,0.0033737367,0.00172071,0.00010405839,0.0047430326,0.0058214,0.00021565799,0.00016156775,0.0001862958,2.9264927e-05,8.96663e-05,1.2487357e-05
1.0794e-06,9.227413e-07,6.8638105e-06,6.029204e-05,0.0016688153,0.008658555,0.1253696,0.11322227,0.10679868,0.043011904,0.011088042,0.0061117583,0.018142479,0.010765501,6.839816e-06,0.5520587,0.000973488,2.2355603e-06,0.0020488848,1.3315388e-07,2.7524673e-06,3.400792e-08,1.888694e-07
5.500651e-08,2.1305593e-07,7.583048e-06,0.00034110836,0.001281101,0.04257245,0.10985196,0.31048128,0.30677935,0.058436528,0.039829455,0.006321466,0.03529857,0.010817622,0.07249512,0.0022238984,0.0022895897,0.00086668966,0.000105598454,1.731844e-08,1.4619997e-07,1.1769717e-08,1.7241754e-07
6.351258e-08,1.8826016e-09,1.1966384e-07,1.1822625e-08,3.2135128e-07,6.6201324e-07,0.0006027967,0.0013415164,0.075834684,0.19491957,0.542619,0.0016246898,0.04354606,0.025543438,6.213244e-06,0.007969106,0.08513023,4.8882833e-07,0.020860756,4.7272797e-11,7.289792e-08,6.968929e-08,1.13018984e-07
8.760631e-07,2.5950383e-06,0.00025961822,0.015784997,0.018069746,0.088045,0.29008907,0.153107,0.17603125,0.05825433,0.13335948,0.017548116,0.044456977,9.795118e-05,0.00013136526,0.0015057022,0.0031593393,5.156673e-06,9.0833564e-05,1.1396377e-07,2.5859282e-07,9.754073e-09,2.0336206e-07
0.0008392012,0.014545962,0.083188,0.20766559,0.22632217,0.17673907,0.07976867,0.07642048,0.03472807,0.014874305,0.041542493,0.0037505017,0.015278362,0.0009174369,0.00011321495,0.0055857575,0.017363315,0.000103225044,0.00020829117,3.2645978e-05,6.574972e-06,5.8873966e-06,8.482035e-07
6.121799e-07,3.8492277e-07,2.9162554e-06,2.1649264e-05,0.0010782108,0.004914999,0.19718698,0.1760884,0.21750091,0.12369821,0.016668474,0.020432483,0.03706083,0.015581161,3.8709045e-06,0.17790234,0.009973389,4.5310196e-07,0.0018830154,2.5236956e-08,6.422545e-07,1.4830184e-08,1.5743227e-08
5.5514765e-06,8.7623675e-07,6.763705e-06,1.146617e-05,0.0010007268,0.0026866037,0.12523004,0.12590964,0.190514,0.18299977,0.23349711,0.0026010133,0.022837033,0.012577406,0.00013322908,0.08032092,0.001599764,5.693094e-05,0.017992053,9.6056574e-08,1.5947006e-05,5.825184e-07,2.534334e-06
6.350451e-07,2.0515113e-06,0.00010514522,0.011595065,0.08371106,0.31504938,0.3029348,0.22232133,0.027949171,0.02313959,0.00014124865,0.0014403763,0.011152412,0.000108073305,2.1345478e-07,0.00017307945,3.4321047e-06,4.0740733e-08,0.00017294136,2.4560318e-09,7.2080986e-09,3.681591e-10,2.7915906e-10
7.994283e-07,2.3882733e-06,0.00022186442,0.019969381,0.037883773,0.12542129,0.43880114,0.1611672,0.11982875,0.034152158,0.02071244,0.0081232935,0.032858606,4.1992662e-05,7.897233e-06,0.00036848075,0.0004081245,1.0124879e-06,2.93539e-05,4.3499857e-09,3.0977162e-08,1.4048216e-09,4.1543835e-08
0.00013473605,0.00012001021,0.0012015146,0.0058976165,0.026736919,0.07110553,0.0915683,0.10939233,0.0667945,0.07397381,0.062743455,0.2542472,0.17456613,0.046858814,0.003064549,0.005726013,0.0021712638,0.00021674013,0.0033832267,5.978545e-05,1.2202729e-05,2.3030403e-05,2.3513603e-06
1.1170841e-08,6.57592e-08,1.3369321e-05,0.00022000544,0.012663973,0.51493883,0.23937164,0.0152137615,0.12927678,0.08793318,0.00021647853,1.9677922e-05,6.36983e-05,8.761082e-07,2.4138665e-06,7.277978e-06,5.76753e-05,2.487833e-07,9.491503e-08,2.5632567e-12,2.0626913e-10,6.4422695e-12,6.1094285e-09
2.1570334e-06,2.1063343e-06,1.01027335e-05,4.4302546e-05,0.00014010079,0.000672213,0.0011515303,0.007297815,0.020529201,0.023433892,0.1396317,0.031817976,0.061642963,0.24627644,0.05205142,0.02550265,0.0067704837,0.35152113,0.031206178,3.294365e-05,2.8498012e-05,0.0002245024,9.682118e-06
3.618652e-07,1.1694655e-07,4.1836915e-06,0.00031693428,0.000799731,0.022976868,0.03724088,0.15906578,0.08797795,0.05659804,0.12299867,0.3770257,0.07948153,0.0072676092,0.029301701,0.0023472828,0.014505702,0.00091485307,0.0011686457,5.491527e-07,8.0272736e-07,8.5144144e-08,6.0422494e-06
0.00084792986,0.0027816978,0.058325864,0.1257106,0.0936407,0.21072042,0.14803693,0.17531781,0.05666499,0.01911771,0.023358291,0.04635197,0.03462792,0.0009033951,7.6652716e-05,0.0030543632,0.00018919665,1.2354791e-05,0.00024271412,8.197119e-06,5.1803013e-06,4.0472974e-06,1.1252024e-06
5.7753477e-06,8.742715e-06,0.00016520474,0.0041523105,0.035329796,0.13062003,0.04965683,0.032265943,0.03773451,0.41995823,0.001386096,0.00025210652,0.10625624,0.0038710397,3.5267632e-05,0.017272992,0.0004540428,5.115138e-06,0.16054673,2.1564718e-05,9.167246e-07,4.809351e-07,2.2935225e-08
1.8826472e-06,2.4928183e-06,1.3630662e-05,8.0618294e-05,0.00024006536,0.0034765415,0.007964803,0.017398663,0.08066599,0.07296559,0.15392275,0.37323645,0.11364797,0.061171625,0.026307639,0.0009442418,0.07241617,0.013863747,0.0016311666,1.4675857e-07,3.5447852e-07,3.2589916e-05,1.4876053e-05
0.008649941,0.11235552,0.2894179,0.28269142,0.15532456,0.06945695,0.021248793,0.021817239,0.008757476,0.0019905025,0.019298762,0.0016127268,0.0019134489,0.00022916432,7.9381716e-05,0.0009456892,0.003982864,8.280103e-05,8.0931786e-05,1.9065754e-05,1.4405015e-05,2.076208e-05,9.681201e-06
1.8845703e-05,3.9412425e-06,3.8716676e-06,2.8286002e-05,5.6534223e-05,0.011130122,0.0013471667,0.06792394,0.009355656,0.0015460213,0.16479103,0.6341934,0.041649666,0.025015337,0.0021824248,0.010438565,6.8329224e-05,0.0047027934,0.0012723715,0.00015305333,0.00030918507,0.023743805,6.569672e-05
0.057671785,0.2574503,0.33556092,0.21579257,0.076477095,0.025382593,0.008557245,0.008501964,0.0029384498,0.001006196,0.0049160854,0.0013286221,0.0011185106,0.00046503783,0.00013561835,0.0011847059,0.000990517,0.0002248152,9.360197e-05,7.6905344e-05,3.6351114e-05,6.710491e-05,2.3059969e-05
0.0042076022,0.04638462,0.095814876,0.44766763,0.2501382,0.10041549,0.020301871,0.01640246,0.005623718,0.0020180347,0.0036145377,0.0008323329,0.0037999996,0.0005555229,2.3428636e-05,0.0008403379,0.0011001315,0.00014309959,8.749939e-05,1.5773901e-05,4.783703e-06,6.733954e-06,1.3416629e-06
6.537976e-06,1.49099305e-05,0.0005983551,0.010342223,0.027256757,0.22382824,0.16936874,0.2097528,0.08221617,0.10220912,0.02866014,0.006449394,0.12892936,0.00029882538,0.0006550439,0.0034136355,0.0056921793,2.9143663e-05,0.00027460896,1.9268193e-06,5.7478877e-07,3.5116437e-07,9.605232e-07
3.876651e-07,7.068543e-08,9.4343824e-07,2.4632593e-05,0.00027978222,0.012476627,0.009257838,0.106560566,0.014035179,0.095737696,0.030462159,0.4712626,0.1261229,0.031302568,0.0300686,0.009611001,0.04728042,0.0001652377,0.0151789235,0.00010533098,5.3469328e-05,1.8350569e-07,1.2870412e-05
0.0642235,0.28203136,0.3138458,0.2112809,0.07591492,0.022694616,0.008239531,0.007837884,0.002694327,0.0010261256,0.00419683,0.0014111442,0.0012156848,0.0006137089,0.00013413017,0.0013293605,0.00075595797,0.00024326908,0.000100462064,8.962539e-05,3.4991597e-05,6.64942e-05,1.9381316e-05
4.6186727e-07,7.270527e-08,1.6795062e-06,2.8417353e-06,0.00029111415,0.0005097114,0.035508335,0.027138473,0.15365194,0.14278845,0.008996683,0.00026873263,0.00420173,0.00018702255,9.592041e-09,0.61968815,0.0010379426,4.2996479e-07,0.005725497,4.6911575e-10,2.259254e-07,5.16433e-10,4.7672984e-07
2.8620739e-06,7.099398e-06,0.0003127351,0.0023221811,0.0049111606,0.0060579595,0.027528066,0.039949555,0.054367904,0.020819781,0.78453076,0.017036054,0.031042658,0.0010901946,0.002576282,0.0031341643,0.0041083368,5.9032845e-05,0.00013487968,7.1104423e-06,6.113527e-07,4.827241e-07,1.6626588e-07
2.099191e-07,2.3685299e-08,3.872656e-07,2.667696e-05,0.013225217,0.026506495,0.42697614,0.34990776,0.14298105,0.03207803,0.0075191353,9.867233e-05,0.0005403682,3.478356e-05,8.1378055e-08,1.0433546e-05,6.339065e-06,6.048957e-06,8.2147315e-05,6.2144465e-12,5.0741806e-09,4.624112e-10,1.0969061e-09
1.10261e-08,2.6648847e-08,1.2684118e-06,5.090588e-05,0.0027983116,0.10050019,0.2703893,0.33134478,0.12278514,0.16380496,0.0015508237,0.0003133763,0.005238867,0.00063068076,0.00040596645,0.000102725964,2.5284111e-05,3.3728757e-05,2.3597988e-05,6.1147815e-10,2.0187942e-08,2.106141e-11,7.111237e-09
0.002112066,0.036366936,0.09326283,0.20595805,0.21685627,0.24315783,0.043086007,0.024377992,0.031964045,0.0030021432,0.028807625,0.0017808715,0.0032418384,0.000355721,4.063875e-05,0.0016950369,0.06369416,5.9062193e-05,0.00013977401,1.9137564e-05,6.2958707e-06,1.2353926e-05,3.3306026e-06
1.8420167e-05,1.866284e-05,0.00022202641,0.0022541028,0.030265147,0.11857525,0.41536468,0.2514035,0.08996879,0.0636705,0.002957914,0.008496492,0.014078053,9.929673e-05,4.91743e-07,0.0019280436,0.0006029729,1.7490873e-06,7.344088e-05,2.4322375e-08,1.06382174e-07,2.2834685e-08,3.2063818e-07
1.9391095e-07,2.119731e-06,0.00015857759,0.0032788608,0.01753048,0.37043238,0.48703074,0.056253005,0.044425543,0.017367925,0.0017100748,6.538014e-05,0.0013865794,1.3666769e-05,2.2380722e-05,4.021448e-05,0.00027387327,4.7682215e-06,3.2225028e-06,1.4071473e-09,1.4313206e-08,2.9739392e-10,6.3497754e-09
0.00011772956,0.0022745454,0.023002602,0.05826504,0.12798043,0.20941852,0.14178836,0.06720552,0.09513075,0.010254124,0.18570632,0.0026191487,0.010881259,0.00036083974,0.000107771186,0.0020638462,0.06264014,4.3880496e-05,0.00012939278,4.9328987e-06,2.803426e-06,1.6387272e-06,4.5367017e-07
3.1595584e-05,5.8834057e-06,3.441831e-05,4.2103326e-05,0.0017121697,0.0027361857,0.036321957,0.041367035,0.32668713,0.3339808,0.116614245,0.012528037,0.0075551467,0.0017932137,0.00016319277,0.05097559,0.023329569,0.001634176,0.01035584,1.4491899e-07,7.591724e-06,6.614197e-06,0.032117423
2.3559035e-07,2.8052482e-06,0.00021253148,0.004462907,0.017292766,0.41354954,0.46551973,0.04660419,0.032928966,0.016572345,0.0012234047,4.4223354e-05,0.0012571076,9.157993e-06,1.4279607e-05,3.307571e-05,0.000264976,4.8520615e-06,2.8191919e-06,1.8009206e-09,1.3283824e-08,3.3632586e-10,5.066032e-09
8.415575e-06,5.0079485e-05,0.005375835,0.07055037,0.0710355,0.121081226,0.289306,0.11610665,0.12938109,0.039296653,0.10212904,0.005729313,0.048180502,4.404428e-05,7.575802e-05,0.00077493244,0.00084076694,2.9536939e-06,3.0421766e-05,1.6245363e-07,1.927603e-07,6.111027e-08,9.683025e-08
7.663552e-08,6.283238e-08,1.6247027e-07,1.2145766e-06,7.569644e-07,3.4249333e-05,3.386178e-05,0.0020434952,0.0033448613,0.0005874785,0.05107663,0.013661025,0.055594176,0.13302238,0.08874,0.45920277,0.04287347,0.14402537,0.0054436354,0.00010666209,2.208281e-05,0.00017918955,6.37049e-06
0.43820122,0.37571916,0.16750403,0.009810692,0.0020225034,0.0012164486,0.0012442506,0.0010399609,0.00045370523,0.00023314098,0.00084105664,0.0002933213,0.00021990525,0.0002214745,0.0002179574,0.00020337234,7.737031e-05,0.0002562288,7.737658e-05,1.3269183e-05,1.0529372e-05,0.000106363485,1.6671098e-05
9.5431344e-05,0.00051077455,0.03724326,0.09021827,0.15333705,0.13772841,0.23573153,0.13901404,0.05510386,0.046440504,0.056752924,0.002811513,0.043256827,4.970809e-05,7.523363e-05,0.0010672918,0.00050881424,3.4498166e-06,4.8612066e-05,1.2870178e-06,6.6926043e-07,2.8104256e-07,2.82223e-07
8.553252e-06,4.7822596e-05,0.0006087329,0.019502,0.01576046,0.5987251,0.18951228,0.08335432,0.023612877,0.0029898118,0.0011468396,0.05777037,0.0065449984,6.770895e-05,5.5263854e-07,0.0002568549,8.924311e-05,1.6969844e-07,1.2193958e-06,6.506701e-09,1.710006e-08,2.2435671e-08,6.43717e-08
0.5862032,0.2747993,0.11487529,0.007912279,0.0018451895,0.0020722838,0.0030346303,0.0041225473,0.00096516253,0.00039271908,0.0011913019,0.00073098077,0.0005630623,0.00030440677,0.00013195761,0.00038164033,5.4261065e-05,0.00014104132,0.000115468836,1.0978753e-05,1.2333166e-05,0.00012135111,1.858275e-05
0.00030270786,0.0014373736,0.07666422,0.052554708,0.16311869,0.08733676,0.17476001,0.17322625,0.038737338,0.09279578,0.107697815,0.0019543348,0.023304269,0.000113665046,0.0001222283,0.0047404068,0.0009641956,8.871529e-06,0.00012668771,2.7019953e-05,4.3281966e-06,1.3520842e-06,9.563222e-07
7.176296e-07,2.4059182e-07,1.8159864e-06,4.725092e-05,0.00036983128,0.007939365,0.024123374,0.051448047,0.059889067,0.10613394,0.09800298,0.06862831,0.050299995,0.029359061,0.08215866,0.0012117175,0.41724417,0.00033491326,0.0028042742,5.4525117e-07,3.300965e-07,1.1179552e-06,3.1550223e-07
0.0015219515,0.03173865,0.14555188,0.29524812,0.21538159,0.2411399,0.027969055,0.016736548,0.0097517725,0.0019087219,0.0072285454,0.00051296107,0.0014983915,5.7780202e-05,2.1848267e-05,0.00034385512,0.0033221305,3.1469786e-05,2.6098875e-05,2.3406562e-06,2.7165556e-06,2.2937602e-06,1.374326e-06
0.0023356334,0.034626033,0.1800296,0.34168062,0.27281404,0.14046127,0.012083054,0.008019963,0.0035409078,0.0009359531,0.0020049314,0.0002313807,0.0007362522,2.6731796e-05,1.2583351e-05,9.23247e-05,0.00032756134,2.4740817e-05,1.1565979e-05,9.358001e-07,1.8471094e-06,9.927217e-07,1.0278674e-06
4.3122964e-06,9.692023e-06,0.00028790924,0.0085658375,0.009354422,0.039742418,0.07711392,0.101135395,0.2504908,0.050979927,0.31485853,0.04845829,0.079811834,0.0016950954,0.007928758,0.0016168267,0.0070497035,0.0006357596,0.00025522723,1.6675075e-07,2.5988672e-07,8.098277e-07,4.1011335e-06
0.6127764,0.25538403,0.12653898,0.002121699,0.0004103911,0.0002802863,0.00040163484,0.00040797016,0.0001761118,0.0001208635,0.00040352356,0.00010625728,0.00013091462,8.188303e-05,0.00015756853,8.280701e-05,3.6801077e-05,0.00023797902,6.0221726e-05,1.5236641e-06,2.757145e-06,6.65486e-05,1.2867833e-05
2.4837242e-05,5.172775e-05,0.0031634718,0.02246331,0.11743509,0.22533064,0.21749318,0.17642578,0.0414066,0.06958369,0.010089766,0.0022929548,0.11290244,0.00014240124,7.112295e-05,0.0004885913,0.00041476334,3.961253e-06,0.00021428017,6.330718e-07,4.2137543e-07,9.346942e-08,2.6698586e-07
1.7356216e-06,5.2161687e-07,7.52628e-06,0.0002143086,0.02654027,0.03946114,0.4194673,0.31848153,0.12495786,0.056926467,0.010240931,0.0008407463,0.0015912621,0.0001226026,1.8503898e-06,0.0006084816,0.00013996425,6.6272014e-06,0.00038868966,1.3401762e-09,1.1034329e-07,1.1856607e-08,6.11664e-08
2.7722757e-07,1.6626255e-07,3.8747166e-06,0.00047448976,0.065686956,0.14390172,0.27092293,0.29860583,0.14662802,0.05850138,0.00045370203,9.5808704e-05,0.006571035,0.00011718639,7.1919054e-08,0.0037335698,2.6565314e-05,9.699964e-07,0.004275361,8.9813806e-10,7.837361e-08,3.1012665e-10,1.465332e-09
1.7168935e-06,3.8622257e-08,1.095427e-06,5.217148e-07,4.1856372e-05,2.3614391e-05,0.025451787,0.024081767,0.13487026,0.2494453,0.5371462,0.02358457,0.0016093501,0.0003430519,5.6089366e-06,0.0009420671,0.0024343394,2.0193391e-07,1.6395194e-05,9.613023e-11,4.472539e-09,4.937959e-08,1.6678283e-07
7.578542e-05,0.00012233217,0.001568133,0.059446216,0.09088976,0.3865171,0.19160938,0.17848472,0.0236563,0.004807398,0.0020676479,0.055590563,0.005041035,5.9682465e-05,7.0173764e-06,2.9757522e-05,1.8061559e-05,1.2412253e-06,7.5940357e-06,2.0105139e-08,7.440984e-08,7.0173826e-08,8.6269026e-08
3.4485438e-06,6.083008e-07,1.0036682e-05,0.0002465059,0.030827232,0.036657505,0.48432854,0.25760496,0.14776273,0.02743244,0.0058277766,0.008936248,0.0002548897,1.6816088e-05,1.081633e-06,6.3143525e-05,2.1348174e-05,5.5732784e-07,4.013362e-06,3.0815145e-10,8.519869e-09,5.35416e-09,3.597701e-08
0.018855352,0.13670844,0.20365924,0.2981325,0.19062716,0.05481793,0.021354383,0.024006197,0.00958709,0.0035278648,0.013004684,0.0049160677,0.0065443725,0.0026151452,0.00025249904,0.0064521027,0.0038526831,0.0004049823,0.0003031769,0.00022090839,5.4102944e-05,8.536471e-05,1.7695394e-05
8.91206e-08,2.2447637e-08,1.2140687e-06,8.4041254e-05,0.00010860255,0.0024291566,0.0070929006,0.041051894,0.030917153,0.01970446,0.2691017,0.27046415,0.049546737,0.01890871,0.27394775,0.0022053714,0.0128047,0.0010856274,0.0005411259,2.5253821e-06,6.741784e-07,1.3664696e-07,1.3505838e-06
1.5749929e-05,3.7466018e-06,4.0041465e-05,0.00021970594,0.005275812,0.014542877,0.11343757,0.089509234,0.3250633,0.23739912,0.06469904,0.027909419,0.030851373,0.0028427683,3.4223747e-05,0.051310558,0.0125287315,0.0003859734,0.023728797,1.8162474e-07,6.4480264e-06,2.5333844e-07,0.0001951187
0.19826016,0.4229628,0.28537762,0.0587693,0.01424474,0.006128198,0.0036413162,0.0028886858,0.0014172405,0.00051949674,0.0022633392,0.00067360076,0.0005548107,0.00039419954,0.0002225358,0.0006283352,0.0003598897,0.0003383665,0.00010320825,5.636909e-05,3.0566807e-05,0.00013400297,3.1180538e-05
2.7036947e-06,1.4978542e-06,1.36901435e-05,8.59418e-05,0.00889778,0.041287407,0.157637,0.0739243,0.19405223,0.4814457,0.01256893,0.02448161,0.0026417137,0.00010910597,1.9585761e-05,0.00039549707,0.002290655,6.65692e-05,5.601173e-05,1.0900612e-08,9.151933e-08,9.4352096e-08,2.1860478e-05
0.00015515463,0.0045035644,0.10279041,0.3631944,0.27089712,0.21800281,0.02353941,0.010076012,0.003822915,0.001021874,0.0013784672,7.049622e-05,0.0004706703,2.05691e-06,1.794216e-06,1.3129513e-05,5.71826e-05,1.4711391e-06,1.0063267e-06,1.2226065e-08,4.269978e-08,1.3495335e-08,2.4381166e-08
4.7815524e-07,1.1978354e-06,3.5189976e-05,0.0038110327,0.054027587,0.21258321,0.38352734,0.2740745,0.040942106,0.024654005,0.00031902597,0.001427071,0.0034229786,0.00011136237,4.663595e-07,0.00092481653,1.1072078e-05,3.1388495e-07,0.0001262332,2.3507372e-09,2.7930673e-08,8.1200413e-10,4.373474e-09
1.9104371e-05,5.3112485e-06,3.6478323e-05,0.00023702097,0.0012501264,0.014383435,0.015029197,0.11834535,0.033096798,0.041849572,0.09379671,0.3180507,0.09855191,0.07628534,0.121159434,0.004927691,0.027132044,0.031372562,0.004109022,1.8809784e-05,1.1158221e-05,2.5294752e-05,0.00030695705
6.4396554e-06,2.420395e-06,2.352119e-06,1.47551455e-05,5.0695307e-05,0.0004935751,0.0017200524,0.0113821365,0.0066544213,0.002008037,0.544176,0.02223781,0.043677524,0.28164276,0.005119842,0.056933213,0.011716664,0.010072932,0.0011478402,9.346885e-06,3.9769784e-06,0.0009268498,3.297696e-07
3.9443097e-05,0.00044034218,0.005933544,0.021511443,0.06858339,0.12097545,0.14405304,0.08078657,0.14704378,0.013327608,0.31045815,0.0054000653,0.022165965,0.0010714718,0.0004621685,0.0036515938,0.05373023,0.00011161489,0.00024352748,4.909735e-06,3.4065156e-06,1.7795148e-06,4.795285e-07
7.376811e-08,2.9788634e-07,7.926612e-06,0.0013445382,0.0057582348,0.40107477,0.37316617,0.10652115,0.023316905,0.08395527,0.000273187,4.8106573e-05,0.003507742,0.00015488252,1.1013967e-05,1.9028905e-05,1.2230222e-05,0.00077944767,4.896299e-05,1.0763225e-08,7.475692e-08,1.5984435e-10,6.3415095e-09
1.0213078e-06,2.9008188e-06,5.5746048e-05,0.0031276292,0.026889144,0.42904115,0.31025606,0.12393187,0.05337492,0.032555133,0.0011644609,0.01756592,0.0017093171,7.714856e-05,2.448249e-05,9.511805e-05,0.00010306442,3.176464e-06,2.1550613e-05,5.263422e-09,3.52773e-08,1.837052e-08,1.4135419e-07
0.22769877,0.4078058,0.2940293,0.041521203,0.010882948,0.004884277,0.0032635261,0.0024580318,0.0014023031,0.0005436052,0.0021493658,0.00060011033,0.0005028687,0.00033203198,0.00026551072,0.0005424845,0.00033929295,0.0003915936,0.000116543786,4.6519166e-05,3.070021e-05,0.0001543019,3.8868e-05
0.026418827,0.16818121,0.32138437,0.27139303,0.11577802,0.04440303,0.013024377,0.014746728,0.0052996143,0.0014547729,0.009686353,0.0017392176,0.0016272404,0.00044038915,0.0001307775,0.0014894487,0.0023443515,0.00017956673,0.00010118794,6.43831e-05,3.318981e-05,5.8001482e-05,2.1891356e-05
7.9632804e-07,5.9950303e-06,7.3786876e-05,0.0019115586,0.005988482,0.21535727,0.3820493,0.102874614,0.20777155,0.028238378,0.022779616,0.00076237676,0.018140616,0.00090570404,0.00016959567,0.0028762813,0.00973543,0.00023585389,0.00012041903,9.014428e-07,1.3038542e-06,5.200963e-08,1.5263609e-07
0.79773873,0.14545278,0.055060558,0.00057989254,8.888798e-05,7.5109034e-05,0.0001364034,0.00015883532,4.806254e-05,3.196612e-05,0.00014117207,4.741542e-05,4.6346646e-05,4.8979742e-05,0.00012210122,3.4635716e-05,6.8512923e-06,0.00010063571,3.3587956e-05,4.2493136e-07,8.16313e-07,4.2221967e-05,3.5441408e-06
6.5039524e-07,5.425887e-07,3.1987936e-06,2.4054667e-05,0.00046054574,0.0113244075,0.06780613,0.2756283,0.17028694,0.21319972,0.07359395,0.021625977,0.018656034,0.009512695,0.05322251,0.05228645,0.029569102,0.00033036084,0.0024532848,2.4444168e-07,4.4491867e-06,4.2263056e-07,1.0017059e-05
2.8213519e-05,0.00042750893,0.00905654,0.036159284,0.09943842,0.23733574,0.22786023,0.089626886,0.11211869,0.012395163,0.14221524,0.002287262,0.013525056,0.0003056038,0.0002287422,0.0012185776,0.015648538,4.473072e-05,7.689611e-05,8.519948e-07,1.2556698e-06,3.635278e-07,2.4635506e-07
1.6496706e-06,1.253483e-06,3.2207076e-06,6.5608447e-06,5.9975896e-06,0.00046447862,0.000100304664,0.004667693,0.002463495,0.00012084544,0.060523897,0.13575593,0.012421732,0.026162133,0.0014058856,0.72373354,0.0007265557,0.0019766535,0.004620185,0.0015738598,0.0002215539,0.023042295,2.6883075e-07
9.4687614e-08,2.502679e-07,2.7402146e-05,0.0017440519,0.040479716,0.42288718,0.39129287,0.049889553,0.028134502,0.0645984,0.0004483209,9.536018e-05,0.00039426645,1.155451e-07,3.206797e-08,1.953585e-06,5.372224e-06,8.480356e-08,5.94653e-07,1.2824606e-11,1.11224696e-10,2.9663126e-11,1.1443149e-09
1.8995533e-07,1.1357315e-08,1.455641e-07,2.7011813e-06,0.002041531,0.0059088953,0.1856054,0.19194686,0.31511855,0.2867144,0.0099294875,0.000491853,0.0009881693,7.111872e-05,3.881017e-09,0.0008944806,3.4768568e-06,1.899962e-06,0.00028063904,4.6351582e-11,6.9039004e-08,1.7982114e-10,5.3810005e-08
3.348193e-07,6.175372e-07,1.3407272e-05,0.0004451007,0.012214655,0.21653217,0.47116026,0.11986461,0.09184275,0.043016184,0.0012241367,0.042494375,0.0009310632,5.3190583e-05,2.6653918e-06,0.00013486196,6.706187e-05,4.2651837e-07,2.0771738e-06,6.093007e-10,7.2373125e-09,3.4973002e-09,5.7882183e-08
8.637127e-05,0.00070128776,0.057252884,0.1408541,0.1689831,0.17804839,0.20061319,0.11249206,0.04114941,0.042341266,0.035760105,0.0009449465,0.019698048,1.2370326e-05,1.8571529e-05,0.00070822786,0.00030842773,1.6615079e-06,2.4299856e-05,6.02082e-07,3.6711427e-07,1.3737342e-07,1.9764329e-07
5.785353e-07,1.0164298e-06,2.5482579e-05,0.00061279867,0.018686559,0.25396165,0.24402091,0.10260611,0.10863857,0.24957672,0.005746404,0.010671497,0.004525528,2.1211581e-05,1.47564015e-05,9.247646e-05,0.0007739972,1.0607474e-05,1.2565469e-05,3.1321215e-09,1.3430635e-08,8.242571e-09,4.812928e-07
0.11607807,0.36857095,0.3264099,0.12204404,0.03382411,0.012281804,0.0056736073,0.004883906,0.0019922506,0.0007346564,0.0033096434,0.00086464017,0.0007493441,0.00038029728,0.00017630703,0.00084024266,0.00058398035,0.00027825733,9.344513e-05,6.851395e-05,3.5922018e-05,9.7508346e-05,2.858776e-05
0.0016988766,0.009645133,0.26751077,0.14940152,0.16803758,0.08917585,0.12498299,0.108892925,0.02008161,0.014123902,0.036818232,0.0012545657,0.007672031,2.0687841e-05,2.8219545e-05,0.0004355597,0.0001805201,7.296284e-06,2.7810378e-05,1.1825198e-06,9.2030473e-07,8.0889487e-07,1.0198198e-06
4.7180215e-06,5.3792036e-07,1.0157723e-05,2.5960915e-06,0.00011546363,6.0195114e-05,0.004280509,0.0017123439,0.1783925,0.3016312,0.09962693,0.0010567292,0.013553994,0.0023650096,6.403837e-06,0.024086965,0.36286366,0.000603802,0.0092149535,5.580083e-10,6.121706e-08,1.9830809e-07,0.00041104818
0.00023377842,0.0040536923,0.030787088,0.15235505,0.14411585,0.2626139,0.13251296,0.09982374,0.04838348,0.028768294,0.030522078,0.0027490796,0.02635412,0.0010321189,0.000100975805,0.006203483,0.028864821,0.00016797047,0.00032398253,2.4965904e-05,4.94039e-06,3.0861472e-06,4.4654018e-07
0.23426634,0.53802925,0.14382893,0.049947392,0.0123393275,0.0057438156,0.00355981,0.0035914308,0.0009949929,0.00047014916,0.0016070699,0.0010270425,0.001235125,0.0010997416,0.00044835274,0.0006208186,0.00016959,0.000610837,0.00015070302,6.402332e-05,3.372817e-05,0.00013829893,2.3211272e-05
1.2735333e-07,7.037543e-09,1.5442649e-07,1.9154061e-07,2.3913904e-06,8.413874e-06,0.00013770028,0.00011081964,0.0046528727,0.035826735,0.028122576,0.0021859894,0.06785906,0.15138303,8.932428e-05,0.0042877723,0.03745919,8.007031e-05,0.6677836,2.1777231e-09,8.589196e-06,6.7568244e-08,1.3245638e-06
0.00044777515,0.001438647,0.059343033,0.03914232,0.18798459,0.091630764,0.1902599,0.17614222,0.03873606,0.09197946,0.06855747,0.0027741164,0.045027085,0.0002705654,0.0002777975,0.0046012173,0.0010693693,1.5676342e-05,0.00025253158,3.7865455e-05,7.2316016e-06,2.3071414e-06,1.997059e-06
8.406014e-06,9.739599e-07,7.535677e-06,3.235633e-05,0.0024366595,0.013577598,0.09676517,0.09656385,0.24038924,0.42102286,0.034568015,0.009383845,0.008995592,0.0009005407,5.4838747e-06,0.064087614,0.00071506714,5.6366483e-05,0.010291845,2.0976042e-07,2.0136096e-05,1.2138031e-07,0.00017056354
0.00021216703,0.00066238333,0.01978095,0.02009603,0.11507001,0.08903699,0.1635585,0.18975379,0.039338563,0.20721632,0.054196354,0.0017286133,0.0854972,0.0005904138,0.00036323484,0.0102189025,0.0018084908,2.441444e-05,0.0007028938,0.00012800269,1.04563405e-05,3.3438705e-06,1.969549e-06
0.0007709907,0.0013685771,0.01036443,0.014929725,0.08797249,0.08811171,0.0831457,0.10216358,0.0658588,0.1841327,0.040905245,0.019135758,0.09060093,0.029352251,0.0007317715,0.15756018,0.0033978967,0.0001566996,0.017891161,0.0013108053,5.898885e-05,7.5709606e-05,3.9515885e-06
0.00018366314,0.0027305183,0.027417198,0.2872989,0.25291225,0.37086353,0.03693101,0.010195672,0.005645402,0.002356554,0.0012238899,0.00013479129,0.0016614491,3.352857e-05,8.154703e-06,5.621006e-05,0.00028007664,5.140221e-05,1.4654421e-05,2.2387216e-07,5.464055e-07,1.9157073e-07,1.8997916e-07
2.0433654e-07,5.4374993e-08,1.1067713e-06,2.269775e-05,5.4577795e-05,0.003372026,0.0038703077,0.04617508,0.03211503,0.02400434,0.09317767,0.41372693,0.0430648,0.040637538,0.26106197,0.0035321717,0.009285493,0.024309918,0.0015505174,3.8894314e-06,3.2931607e-06,9.710235e-07,2.9418485e-05
0.00025910154,0.0033893506,0.056172494,0.16811024,0.4911281,0.25807896,0.014242416,0.0038240503,0.0031450917,0.0009875207,0.00040079217,5.187237e-05,0.00016269254,2.3137122e-06,1.8862714e-06,7.553185e-06,3.1713207e-05,2.8782729e-06,8.474843e-07,1.2609174e-08,7.0832954e-08,2.089962e-08,6.440188e-08
1.412477e-05,0.00030602358,0.011460713,0.14706703,0.18687618,0.45395043,0.13546273,0.037822872,0.012430213,0.010545502,0.0011952913,7.395304e-05,0.0026293288,1.332071e-05,5.4025663e-06,2.5702775e-05,9.536425e-05,1.3600302e-05,1.2122111e-05,1.8270557e-08,6.117836e-08,6.508469e-09,1.2383597e-08
1.66695e-05,2.2759716e-06,1.1616463e-05,6.6100424e-06,2.6239113e-05,0.00010675478,0.00026540554,0.0007866617,0.007591617,0.018726775,0.03369604,0.003472907,0.036178585,0.050766993,0.016374992,0.008364424,0.040581614,0.0015665627,0.7565256,5.623247e-07,0.0010812355,0.00022800623,0.023621913
0.03402036,0.19467343,0.32775006,0.25843343,0.1044044,0.037456367,0.0112722255,0.012288931,0.0041934783,0.0012777561,0.007279687,0.0015452683,0.0014190528,0.00044165374,0.00012475999,0.0013369791,0.0016320951,0.00018385654,9.0950634e-05,6.7240064e-05,3.196299e-05,5.5658336e-05,2.0407893e-05
0.015066051,0.11897603,0.22878197,0.3324857,0.1759275,0.06570038,0.016699683,0.018005902,0.0069196057,0.0018821431,0.008817524,0.0020541705,0.0026502863,0.0007004865,8.0745376e-05,0.0021475859,0.002711433,0.0001559323,0.00010329806,6.8306195e-05,2.0108451e-05,3.6618658e-05,8.525699e-06
4.84428e-06,1.3465564e-05,0.00038369792,0.012594575,0.045020536,0.33498868,0.21956423,0.19393595,0.079142235,0.049137063,0.010865227,0.010749735,0.0424376,7.274176e-05,2.7635235e-05,0.0001742424,0.00085404597,4.317616e-06,2.8831293e-05,1.6155555e-08,5.982634e-08,1.8772003e-08,2.2101884e-07
2.9576975e-07,7.649945e-08,2.9905577e-06,0.000135646,0.035599515,0.072054416,0.40507752,0.08053216,0.33526045,0.06874565,0.0015561325,0.0009831225,2.2102457e-05,1.2171189e-06,2.631913e-07,2.1671423e-05,6.001185e-06,2.9218626e-07,3.6801032e-07,1.16185195e-11,6.698675e-10,3.7382716e-10,3.1358862e-08
5.9549456e-07,2.0154785e-07,2.0482792e-06,5.9216636e-05,0.0010526372,0.015591964,0.014928597,0.016385179,0.043629356,0.17118733,0.0041970685,0.002000518,0.06027632,0.03236868,0.003355726,0.008930725,0.047832455,0.00011459603,0.57805514,2.7172233e-05,3.6869446e-06,7.130271e-07,5.179984e-08
1.8698442e-07,8.0884615e-07,2.1294361e-05,0.00066192937,0.0035007347,0.26569805,0.3702112,0.1432127,0.16659737,0.032932073,0.0036003734,0.0005071683,0.0085004335,0.0005477556,0.001956127,0.00089793454,0.000910409,0.00021325241,2.9871138e-05,2.924733e-08,1.7634311e-07,6.50522e-09,1.16191536e-07
1.378018e-07,2.1946364e-07,3.0210879e-06,4.974251e-05,0.00014247927,0.0042076893,0.059208285,0.04683793,0.14199457,0.03732979,0.09226512,0.104717486,0.113668896,0.3845164,0.00026090888,0.0033466832,0.010316393,0.00016052928,0.00097290153,6.189439e-09,9.5660305e-08,1.18298765e-07,5.629656e-07
1.4229027e-05,9.511859e-05,0.00045477535,0.0111308135,0.010229189,0.1975669,0.19607882,0.10097721,0.19224179,0.025999475,0.04719947,0.0069005834,0.08849203,0.008890175,0.00020814521,0.025359677,0.084225506,0.0031042027,0.0006842774,0.00013069467,1.3071169e-05,3.2094044e-06,6.1777604e-07
6.1756744e-08,1.733127e-08,3.113237e-07,1.8166818e-05,0.00028452952,0.000649402,0.015259916,0.031858187,0.043224018,0.016532835,0.77266407,0.044427205,0.036633298,0.005761951,2.5085828e-05,0.0026475857,0.006833742,5.532794e-06,0.023170328,8.346716e-09,1.8183865e-06,6.8581735e-10,1.987819e-06
7.3237e-06,1.775148e-05,0.0011055169,0.02138258,0.031727858,0.08292328,0.19801301,0.1759256,0.13446404,0.049519114,0.15222953,0.024163777,0.12367923,0.0006049194,0.0012735929,0.0010948527,0.0017156955,2.686866e-05,0.00012433021,4.2012553e-07,3.3507055e-07,1.8477039e-07,2.483793e-07
2.2510676e-05,0.00018608752,0.0023602035,0.023893075,0.058763478,0.4122735,0.24062917,0.10693188,0.071698606,0.029774517,0.015694499,0.0013167354,0.026558017,0.00071439,0.0016640103,0.0019458083,0.0051388256,0.0003357358,9.5297975e-05,1.1358716e-06,1.7797655e-06,3.157801e-07,4.5542208e-07
2.5546783e-06,4.2066313e-07,3.980767e-06,8.717876e-06,0.00047847896,0.0008282401,0.101923294,0.068732806,0.19262065,0.4586734,0.1373072,0.028597647,0.0027582834,0.0005657686,2.899738e-05,0.0045243325,0.0028856802,2.7769831e-06,5.4579927e-05,4.3137462e-09,1.3921178e-07,1.9979639e-07,1.9499723e-06
2.2629732e-07,1.8826172e-06,0.0001348134,0.0052195303,0.03626129,0.46536183,0.35669068,0.06466544,0.0225398,0.04704885,0.00033381055,3.3268658e-05,0.0016040015,2.084711e-05,1.6292513e-05,1.3685827e-05,2.5857331e-05,2.1037002e-05,6.856602e-06,1.5262516e-09,1.355296e-08,1.3809609e-10,3.9293218e-09
0.00014371745,1.9304405e-05,5.7081816e-05,0.00069840025,0.011701531,0.036844864,0.1760398,0.60197806,0.025910975,0.013593359,0.013949362,0.10957248,0.008486086,0.00062947115,9.9841964e-05,6.114084e-06,0.00024391805,5.4042403e-06,1.9622172e-05,9.260169e-09,6.623264e-08,3.896166e-07,1.5226034e-07
0.003269214,0.018629493,0.3299186,0.09102569,0.12874457,0.04856542,0.093935035,0.110206135,0.019302946,0.009102336,0.13847789,0.0023454097,0.00505145,6.0899176e-05,9.651969e-05,0.000639166,0.0005258499,3.3607095e-05,5.8409205e-05,3.541189e-06,2.0047312e-06,3.1693164e-06,2.6027355e-06
1.3301411e-07,1.298791e-07,3.09346e-06,3.4372697e-05,0.00063942483,0.0070264298,0.25487596,0.14084287,0.068851754,0.014642312,0.0013453048,0.0021685143,0.005178205,0.0006847265,1.9767457e-09,0.5035998,7.617266e-05,6.2510197e-09,3.0784497e-05,5.1002674e-10,1.2434744e-08,1.4699672e-10,5.966492e-10
4.1762723e-06,5.7724168e-09,1.4520472e-07,1.2966397e-07,1.0888979e-05,2.0616123e-06,0.018695857,0.045410447,0.15165403,0.02281415,0.63863164,0.12271693,3.1973097e-05,1.0635797e-06,2.92012e-07,2.882506e-06,2.3348068e-05,2.094725e-10,3.7109216e-09,5.224824e-15,2.958102e-13,1.13591005e-10,8.0309086e-11
0.36483744,0.40330535,0.20436852,0.015473746,0.003359955,0.0018381516,0.0016135368,0.0012964476,0.0006015955,0.00026595214,0.0010595702,0.00034825646,0.00026660212,0.00025843756,0.00021177433,0.00026441086,0.0001090034,0.00027083507,8.201897e-05,2.0133855e-05,1.34946e-05,0.000115410854,1.9305015e-05
2.8314896e-06,9.380501e-06,0.0001980271,0.012905807,0.032408535,0.4821925,0.26521876,0.13681795,0.020904826,0.0058189863,0.000651621,0.04004653,0.0027611032,3.3778997e-05,1.7271777e-06,1.5348958e-05,1.05024665e-05,2.4833048e-07,1.58894e-06,1.2178206e-09,6.97314e-09,3.891039e-09,8.405663e-09
0.0024888485,0.04067723,0.14388384,0.38156724,0.27242014,0.12838498,0.013042019,0.009686144,0.0030699463,0.0009280515,0.0021080838,0.00025903498,0.00096349936,4.577274e-05,1.1986135e-05,0.000101891856,0.0003124338,3.049023e-05,1.3537262e-05,1.4414663e-06,1.7123093e-06,9.982098e-07,6.7652496e-07
4.1410136e-08,6.631624e-08,8.375779e-07,4.1839634e-05,8.530631e-05,0.00041677768,0.001556035,0.010254482,0.058232076,0.012421373,0.5881077,0.06389402,0.050938,0.060114045,0.12468452,0.0009793713,0.017674724,0.008262137,0.002324472,2.213671e-06,3.38666e-06,4.843527e-07,6.0261746e-06
0.005001632,0.086752966,0.26724172,0.34412813,0.16894755,0.08293985,0.01428959,0.013815719,0.0053570587,0.0012088261,0.0071357386,0.00056652975,0.0009659268,5.3602704e-05,2.8953684e-05,0.0002937082,0.0012011097,3.1934367e-05,2.402775e-05,3.776681e-06,4.2623074e-06,4.4685466e-06,3.0008016e-06
3.0595777e-06,1.6779243e-08,3.8121914e-07,3.798865e-07,5.4500582e-05,1.7622968e-05,0.044944763,0.060797304,0.15391175,0.08436933,0.5745248,0.08092488,0.00025437356,2.3842758e-05,2.4750907e-06,2.0249663e-05,0.00014995014,1.0228324e-08,2.8447246e-07,1.3499612e-12,6.714715e-11,3.827145e-09,3.4099958e-09
7.832905e-07,1.0832762e-06,0.00015960536,0.0066427593,0.012588835,0.026651563,0.19323307,0.14963931,0.112307616,0.031267066,0.31828955,0.061120186,0.08555556,0.0007076754,0.00077035517,0.0004034161,0.000599143,5.0637636e-06,5.7113346e-05,8.436511e-08,6.214574e-08,1.0046442e-08,1.0846893e-08
2.7166243e-06,1.1715855e-06,9.382535e-06,4.5666573e-05,0.0031888408,0.0077314656,0.28016153,0.20292088,0.18592077,0.21339038,0.056288693,0.0061495476,0.00640577,0.0017530689,2.4640838e-05,0.03358066,0.0014913775,1.011802e-05,0.0009209563,2.9158938e-08,1.3080629e-06,1.13168376e-07,8.7679433e-07
7.5954097e-07,1.4239818e-06,3.992614e-05,0.0013040346,0.012685233,0.3940184,0.23452622,0.15109277,0.065892756,0.12700967,0.004866216,0.003096146,0.00461355,1.2478254e-05,1.6896556e-05,0.0002526721,0.0005408711,1.1279195e-05,1.8266852e-05,2.039608e-08,2.6731046e-08,2.3334763e-08,3.7879911e-07
9.596886e-06,5.4409327e-07,5.4080647e-06,1.003708e-05,0.001411791,0.0019588086,0.0650469,0.04811251,0.3072803,0.3550295,0.056662083,0.0040154047,0.008426222,0.0024736137,1.102703e-06,0.12955372,0.00039215983,2.2719241e-05,0.019509545,3.657612e-08,1.5568952e-05,1.0618915e-07,6.233576e-05
1.3410416e-07,3.404526e-08,1.7735172e-07,0.00018291695,0.023475928,0.2337466,0.14281388,0.52102476,0.072955444,0.003750024,0.00047621812,5.6898957e-06,0.0014372468,4.88709e-06,8.480777e-09,1.6381436e-07,3.8750773e-07,1.5757105e-05,0.000109626715,1.1455027e-12,2.5338032e-10,7.5729076e-11,3.1695032e-11
2.9573664e-07,5.3150217e-07,1.5094138e-05,0.0018251617,0.04984302,0.233221,0.44034433,0.1965278,0.044768285,0.030295724,0.0005440065,0.0012652633,0.0011202985,2.9792373e-05,1.5211529e-06,0.000110007415,2.6072075e-05,1.0053717e-06,6.0811624e-05,5.525596e-10,9.389182e-09,1.1111753e-09,1.0303663e-08
9.100432e-07,3.093009e-08,3.3100127e-07,3.2857452e-07,4.38895e-05,5.4478045e-05,0.0045603057,0.007694481,0.13213387,0.22301081,0.062263306,0.0013591441,0.03689718,0.006816497,1.447609e-07,0.38824624,0.001426858,3.9336365e-07,0.1354808,2.1750737e-09,9.7302145e-06,1.0592545e-08,3.1982708e-07
1.234074e-06,4.91002e-07,7.1429295e-06,0.0014219605,0.1013372,0.27900624,0.27052814,0.26967606,0.055488102,0.015727416,0.0006383751,8.8443936e-05,0.005050479,4.2348216e-05,8.389131e-07,4.75185e-06,2.312983e-05,4.980124e-06,0.0009526886,2.5049565e-10,2.987237e-09,2.4541142e-09,1.0529296e-09
1.2244847e-06,4.4625148e-07,2.6306956e-05,0.0004951935,0.0009405829,0.0034354583,0.018782053,0.04593816,0.026428623,0.021007014,0.5888275,0.10412277,0.102931485,0.011432168,0.06548537,0.0024570466,0.0070880055,0.00025601996,0.00033602488,7.2150247e-06,6.4824405e-07,3.58501e-07,3.222759e-07
1.0461675e-07,1.640655e-08,7.4698124e-07,5.8955655e-05,0.044445805,0.030885532,0.5382497,0.22424108,0.14353435,0.017432969,0.0010408524,8.0068276e-05,2.1219725e-05,6.183309e-07,3.0620138e-09,5.9007825e-06,4.450002e-07,1.0208558e-07,1.6068519e-06,5.098357e-13,1.2866759e-10,1.6444937e-11,2.7290672e-10
2.9808652e-06,2.9304506e-06,5.881375e-06,3.7467973e-05,0.0001107218,0.0049146446,0.001966123,0.013895036,0.009127581,0.007106258,0.071527585,0.036606282,0.12944086,0.38589785,0.0013950425,0.2516865,0.0109547665,0.007917097,0.035568047,0.030782375,0.00074797,0.00030558606,3.8048464e-07
1.9348315e-06,2.4561072e-05,0.0018184289,0.022836372,0.28908902,0.6237686,0.04829619,0.0036284619,0.006247703,0.00411746,9.6451084e-05,1.0256129e-05,5.515627e-05,3.7838993e-07,3.35923e-07,8.0173254e-07,7.384846e-06,3.8050982e-07,1.10885246e-07,6.9421156e-11,1.2727758e-09,9.793127e-11,2.0777902e-09
0.004415899,0.06672044,0.2177233,0.31473216,0.19967227,0.13598303,0.019148733,0.016609088,0.0085027255,0.0016930777,0.008473519,0.00077892607,0.001417073,9.2566246e-05,4.3693184e-05,0.0005238497,0.003349827,4.9569215e-05,4.341427e-05,6.3713746e-06,7.5760363e-06,7.717169e-06,5.2280207e-06
3.8867717e-07,1.2335836e-07,7.975883e-07,5.0411295e-06,1.12448215e-05,0.0004947875,0.00044555665,0.0072450866,0.0053628497,0.0070296233,0.0865781,0.07756216,0.09324824,0.22934493,0.1657085,0.01781494,0.010742399,0.29446226,0.0038420686,2.6917516e-05,1.9431089e-05,2.9784946e-05,2.4733972e-05
0.0053222543,0.059990775,0.1721613,0.29093683,0.22212552,0.11943776,0.032232266,0.03593171,0.01596113,0.0041302475,0.01921582,0.0027826964,0.0055976505,0.0007200093,0.00011209091,0.0032961362,0.0096662175,0.00013092894,0.0001527689,5.0204882e-05,1.7684384e-05,2.2628468e-05,5.3643776e-06
0.12662618,0.35853213,0.3849782,0.0786508,0.021771938,0.009000085,0.0051559666,0.00438435,0.0021860662,0.0007834202,0.0037856188,0.0007860433,0.00071538903,0.0002956446,0.00023262788,0.0007163079,0.0006843753,0.0003450509,0.000113001486,4.9128572e-05,3.562711e-05,0.00013075795,4.134323e-05
9.358139e-05,1.8454482e-05,3.0526222e-05,1.634328e-05,3.6813293e-05,0.00029499084,0.0024360127,0.0401144,0.04740189,0.009663611,0.070399456,0.04526535,0.12035261,0.22870375,0.27239233,0.09294712,0.00022831207,0.0022500502,0.021584606,6.076337e-07,2.5306015e-05,0.04570761,3.6313206e-05
1.6901153e-06,5.343053e-07,1.6732765e-05,0.001878722,0.0017489658,0.00728427,0.049760666,0.06628273,0.08680504,0.018553602,0.28138453,0.3462692,0.12073546,0.0067108683,0.0032778196,0.00062682055,0.0074624466,0.0006547432,0.00053860946,3.2295734e-08,9.334249e-08,1.3129277e-07,6.348322e-06
1.5697715e-06,7.911099e-07,2.3208295e-05,0.0012765274,0.01172492,0.05725638,0.31804284,0.26817623,0.11597763,0.054731026,0.017418731,0.10183792,0.045583215,0.002399747,2.823225e-05,0.003190473,0.0013766751,9.072643e-06,0.00094405847,6.085022e-08,2.933059e-07,6.91573e-09,4.081017e-07
0.70970786,0.2220508,0.060540825,0.0022991376,0.0004125414,0.00052562373,0.0011279379,0.0013633057,0.00032183962,0.00013650679,0.00045567795,0.0002680525,0.00021608618,0.0001400754,8.27564e-05,0.00011779567,1.7404118e-05,7.9880396e-05,5.524796e-05,2.1503547e-06,3.6759245e-06,6.744481e-05,7.262612e-06
0.008232152,0.11413653,0.26725864,0.31209204,0.16917959,0.07432982,0.01600174,0.015496069,0.0066319345,0.0014364031,0.009967528,0.00095810724,0.001352302,0.00012340094,6.1069455e-05,0.00048556592,0.0021082752,6.23603e-05,4.8452766e-05,9.757498e-06,9.251924e-06,1.20292925e-05,6.9577263e-06
0.004644866,0.011700886,0.15140657,0.095428616,0.10891028,0.1376853,0.109028086,0.2172346,0.04538887,0.028294358,0.03566331,0.024161734,0.020028682,0.0012763847,0.0001752115,0.007848776,0.00032081606,3.9025108e-05,0.00064952526,6.709917e-05,2.42961e-05,1.8136649e-05,4.5926126e-06
0.0050455295,0.08549702,0.2673635,0.34957495,0.17768674,0.079011664,0.011733484,0.012203063,0.0039973226,0.0009861083,0.004687478,0.0004096839,0.00080688094,4.256824e-05,2.164369e-05,0.00022536614,0.0006495722,2.7149523e-05,1.8924127e-05,2.8924107e-06,3.428323e-06,3.0176466e-06,2.0992884e-06
0.0008739006,0.015084802,0.07796052,0.36083728,0.24231014,0.25527847,0.023131335,0.011778269,0.005814148,0.001461209,0.0026024769,0.0002839301,0.0014172381,4.5488123e-05,1.07228925e-05,0.00013210588,0.0009162824,3.831434e-05,1.9247864e-05,1.1177251e-06,1.4252294e-06,9.573383e-07,5.653891e-07
2.2638728e-06,1.9709275e-06,3.878748e-05,0.0011284109,0.028308002,0.21328643,0.45570606,0.12952611,0.10169826,0.0271091,0.0017459177,0.040651396,0.00065233564,2.8622962e-05,3.5055825e-06,6.7616835e-05,4.2988482e-05,6.690694e-07,1.4093673e-06,1.0999263e-09,1.25493935e-08,8.755978e-09,9.574032e-08
6.518521e-08,7.223345e-08,5.789245e-06,0.00014381959,0.018190784,0.072765395,0.745548,0.06691253,0.06984941,0.02535714,0.00032260097,0.00064146344,5.2293068e-05,1.409483e-06,4.2485873e-09,0.00020493567,3.883492e-06,1.30762405e-08,3.648048e-07,7.1074917e-12,2.6962826e-10,3.580259e-11,1.7581133e-09
3.2166645e-06,4.5753063e-07,6.1762635e-06,2.3112809e-05,0.015352487,0.0034748644,0.23398802,0.025769688,0.4635756,0.25039983,0.004905705,0.0021928342,6.611699e-05,2.6196026e-06,7.042847e-08,3.1312215e-05,0.00020701825,4.523124e-07,3.1024717e-07,1.7456064e-11,5.7357996e-10,1.7426075e-09,1.7847168e-07
0.00049855106,0.011879115,0.090992376,0.17095166,0.20629288,0.24725671,0.0853487,0.04606736,0.038923074,0.006203404,0.066484615,0.0015863987,0.0056387573,0.00016749301,5.3617856e-05,0.0010786501,0.02046282,3.2699256e-05,7.046549e-05,4.4429803e-06,3.1725547e-06,2.1722396e-06,8.3406e-07
1.170823e-06,3.6202226e-07,7.434532e-06,8.291084e-05,0.00027654495,0.004013256,0.007978967,0.049683712,0.037314735,0.033026397,0.21981429,0.15652058,0.09912938,0.10963485,0.23426136,0.006483917,0.014463283,0.025228048,0.002049852,1.7636507e-05,1.4841438e-06,5.001897e-06,4.855607e-06
0.0046118307,0.04221928,0.119287156,0.19717774,0.2246117,0.14083503,0.048130184,0.043318298,0.035733968,0.006435753,0.054137513,0.0071633426,0.012115988,0.002075368,0.00028722614,0.008600346,0.052221004,0.0003071621,0.00047485423,0.00014241617,3.866707e-05,6.373298e-05,1.1415423e-05
8.3969354e-07,3.4358588e-06,0.00010784738,0.014116193,0.06072592,0.3787746,0.333203,0.16894177,0.025942734,0.011899504,0.00042931634,0.0036398964,0.002120391,2.2791817e-05,8.4907566e-07,4.8907248e-05,7.689894e-06,2.60053e-07,1.41004875e-05,9.1410807e-10,7.5156095e-09,1.6134204e-09,5.2585833e-09
7.938688e-08,2.0375134e-08,2.4840372e-07,3.6110885e-06,6.8488785e-06,0.0005601341,0.00043714308,0.008224488,0.0045298343,0.011471984,0.0568039,0.23751521,0.0692987,0.10855986,0.45943394,0.002765183,0.016842317,0.021160679,0.0023361738,1.3414839e-05,2.1061074e-05,1.5820137e-06,1.3566614e-05
0.050163485,0.24279833,0.40963525,0.18122841,0.064033546,0.02392623,0.007542282,0.0076609594,0.002891751,0.0008461019,0.0052440804,0.0008541355,0.00071132084,0.00020404809,0.00010364962,0.0007008377,0.0010814102,0.0001598443,7.1941635e-05,3.8076385e-05,2.3993596e-05,5.6054498e-05,2.4231644e-05
4.122215e-06,1.3545289e-06,8.86069e-06,4.729306e-05,0.0026607092,0.0054072854,0.28821084,0.20540977,0.16758701,0.21908022,0.07386139,0.01915304,0.006690093,0.0014515534,2.0373825e-05,0.007640091,0.0024121862,5.530561e-06,0.00034679778,1.8266416e-08,6.516944e-07,1.8408305e-07,5.8127864e-07
2.1507526e-07,1.7294536e-06,0.00013457263,0.005102709,0.043842778,0.66551554,0.22946616,0.016993998,0.015856685,0.022520864,0.00016125187,1.4408163e-05,0.00034948855,4.368236e-06,5.3250556e-06,3.333326e-06,1.9702717e-05,5.8817377e-06,1.0524939e-06,2.9900976e-10,4.1541135e-09,8.894826e-11,2.957096e-09
1.0519798e-06,4.625554e-07,8.150569e-06,0.00023324217,0.0048685633,0.10269107,0.12991247,0.30403015,0.08738072,0.14650148,0.022810634,0.15443422,0.037425198,0.0019158524,0.0003288618,0.0019947807,0.004336912,0.00013585649,0.0009831805,2.1945901e-07,7.339675e-07,3.7970306e-08,6.1294677e-06
0.11673802,0.3644018,0.34933847,0.10681733,0.030475626,0.011365054,0.0055673053,0.0048438255,0.0021475782,0.0007679551,0.0035082463,0.0007985127,0.00072427763,0.0003062256,0.00019142494,0.0007683287,0.0006240928,0.00029239818,9.581781e-05,5.6519042e-05,3.5549157e-05,0.000103185885,3.2495147e-05
1.4260777e-05,4.1793734e-05,0.0052735456,0.017544884,0.094894044,0.10007135,0.28457883,0.17478806,0.06493235,0.10313333,0.0516087,0.004660701,0.0958394,0.00019101854,0.00013494983,0.0016141019,0.00054626784,1.5599991e-06,0.0001280863,2.1780027e-06,4.2973105e-07,6.444408e-08,4.411383e-08
0.0064841583,0.084737435,0.23592871,0.3145792,0.19209734,0.0853572,0.022663493,0.023656417,0.009130607,0.0024563156,0.013717525,0.0015475235,0.0028762764,0.0002530358,0.000101802514,0.0011449901,0.003053033,8.407366e-05,7.576287e-05,1.9977797e-05,1.4457819e-05,1.4199167e-05,6.4816e-06
1.0191259e-06,1.1275584e-08,7.6269043e-07,1.7967398e-07,0.00015698929,9.308642e-06,0.09638374,0.027159851,0.3904007,0.27679425,0.18687622,0.020905185,0.00012660424,1.48344525e-05,3.7620445e-09,0.00043589386,0.0007340947,4.6884456e-09,3.0989472e-07,3.2171453e-14,3.812728e-12,1.02024396e-10,2.0843458e-09
1.34513775e-05,9.624948e-07,7.001681e-06,1.7421025e-05,0.00031830498,0.00051848404,0.07074622,0.06062047,0.28900248,0.25026876,0.08644224,0.2353075,0.0022754546,0.0001842338,7.2460076e-05,0.0004980756,0.0037011455,8.820471e-07,3.1620416e-06,1.7155581e-09,2.3611287e-08,2.6221483e-07,1.0325904e-06
6.0471066e-08,3.4013177e-09,1.6508939e-07,6.55488e-07,0.00063094293,0.0003234477,0.072550274,0.026247691,0.6597408,0.20718567,0.026185313,0.00041557735,5.3712094e-05,1.987921e-06,1.8798911e-09,0.0065362914,0.00012141769,4.2514582e-08,5.1434413e-06,1.4088739e-12,3.416641e-10,1.5666499e-10,8.322845e-07
6.921654e-08,5.0994197e-07,0.000106811334,0.006571313,0.04701374,0.44629157,0.34376967,0.030625936,0.035322353,0.089065626,0.0006449262,0.000104773695,0.00046231365,4.8254165e-08,1.01562625e-08,4.798292e-06,1.528238e-05,1.7271377e-08,2.2839491e-07,5.672937e-12,7.780952e-11,1.35351496e-11,8.525911e-10
0.0024152035,0.0060111876,0.07850439,0.04515674,0.09331413,0.11450921,0.10198126,0.23765817,0.0622457,0.070388235,0.0812377,0.033544257,0.02981973,0.004207011,0.00037850335,0.03523874,0.001194794,6.622613e-05,0.0016755867,0.0003768228,4.335837e-05,2.930793e-05,3.749877e-06
9.358956e-06,3.4892033e-05,0.00043971287,0.0153442575,0.02739287,0.49447355,0.18651317,0.10434759,0.038762327,0.014267467,0.0026688688,0.10776076,0.007338151,0.00024511418,3.526675e-05,0.00015426302,0.00019492807,2.8222748e-06,1.3920608e-05,4.7127152e-08,1.7162186e-07,1.2880955e-07,4.063283e-07
2.0727148e-06,6.23318e-06,0.00016550768,0.016738817,0.057184566,0.46405634,0.2760829,0.119396016,0.03997007,0.016852649,0.00092599995,0.006196413,0.0022481189,2.8802177e-05,5.8368482e-06,6.762457e-05,4.1376723e-05,1.1869693e-06,2.9343848e-05,4.1888812e-09,2.6221967e-08,1.2302277e-08,4.781949e-08
3.0409597e-06,1.174772e-07,2.666738e-06,5.8808196e-06,0.00037286078,0.00035131507,0.09468624,0.037122373,0.5212765,0.19482747,0.045385983,0.104498275,0.00028952828,2.5195457e-05,4.113716e-06,0.00028338647,0.0008647011,8.137719e-08,2.1485432e-07,3.2132026e-11,7.6704865e-10,1.1321751e-08,1.3620551e-07
1.1508413e-05,4.123277e-06,7.774493e-06,7.652334e-06,2.4791918e-06,8.275077e-06,1.8285164e-05,0.00021695468,0.0046019717,0.0048796725,0.014481248,0.002777465,0.042499583,0.0902841,0.2683801,0.041329622,0.02850644,0.035155643,0.24861524,1.40263e-07,8.372832e-05,0.035606537,0.18252148
0.0010647865,0.001619733,0.01530997,0.030000066,0.09917476,0.16058964,0.13067956,0.1548767,0.086170174,0.10624149,0.032005742,0.05142439,0.09587967,0.011151878,0.00087350997,0.015940618,0.0012400531,0.000111506095,0.0053592753,0.00018488291,4.689602e-05,4.7471305e-05,7.274479e-06
1.5007974e-05,4.78826e-05,0.0030506314,0.07104733,0.056657184,0.15490997,0.2264039,0.15178382,0.092041776,0.028949477,0.07750647,0.01240735,0.118345134,0.00012408198,0.00025926693,0.0026207904,0.003745287,5.974168e-06,7.641903e-05,5.685673e-07,5.8206433e-07,1.788713e-07,9.4448103e-07
5.462681e-07,3.1432816e-07,1.2323611e-05,0.0006177689,0.0144839315,0.10354129,0.21298857,0.2865383,0.083489776,0.15998204,0.006127312,0.045148928,0.07497047,0.004671798,0.00010527285,0.002730259,0.0013198804,4.568659e-06,0.0032653555,4.1310412e-07,8.068124e-07,4.3571857e-09,1.0248805e-07
0.027062122,0.18010634,0.3429765,0.26357734,0.10407853,0.03846167,0.0116783725,0.012913959,0.0041783946,0.0012046498,0.007960594,0.0012770988,0.0011436022,0.00028345353,9.705038e-05,0.0010161432,0.0016471219,0.00013593958,7.25708e-05,4.439182e-05,2.4439018e-05,4.222869e-05,1.75274e-05
0.020478103,0.14559922,0.3025613,0.27429226,0.13264202,0.05479119,0.016366143,0.017901469,0.007557666,0.0018231926,0.014273014,0.0022566775,0.0022798267,0.0005540935,0.00017156653,0.0019171116,0.0039807092,0.00020535657,0.00014092814,7.169924e-05,4.04032e-05,6.966237e-05,2.636262e-05
0.0010725572,0.022851627,0.18686457,0.3532137,0.2177897,0.14764933,0.028314186,0.018734517,0.008481534,0.001980246,0.009381035,0.0005249237,0.0020408535,3.536852e-05,2.7626298e-05,0.0002008667,0.0008012955,1.7570661e-05,1.4598884e-05,8.8030606e-07,1.502376e-06,7.949824e-07,6.314159e-07
0.00093909,0.014716797,0.0939939,0.3534533,0.29851905,0.19971256,0.01854816,0.009701523,0.004335609,0.0015057911,0.0020086097,0.00024911034,0.0017515012,4.0349463e-05,1.6911712e-05,9.4220595e-05,0.0003578382,3.5980254e-05,1.6126023e-05,7.965306e-07,1.4674547e-06,6.705125e-07,5.681591e-07
5.611025e-07,1.3512774e-05,0.0014190109,0.0089898845,0.089125104,0.7945528,0.08047655,0.006036058,0.013338718,0.005628342,0.00027627894,1.3375e-05,7.517453e-05,3.3595865e-07,4.6243812e-07,2.6860791e-06,5.090348e-05,1.2457492e-07,1.2073755e-07,4.7677633e-11,9.318537e-10,6.114321e-11,2.4087239e-09
9.546646e-07,1.1047721e-06,1.3461062e-05,0.00026950045,0.0016947362,0.02696863,0.057043217,0.09044737,0.13181002,0.35804814,0.05810094,0.045427624,0.071282126,0.035737284,0.08952787,0.0065117446,0.01582429,0.00049174816,0.010785604,9.110677e-06,2.8568018e-06,1.0638745e-06,5.684624e-07
5.4358483e-05,0.0001589866,0.0026268142,0.11116947,0.07490137,0.42703143,0.1652185,0.14447238,0.025358628,0.0050185574,0.0018250542,0.033664152,0.008269319,7.124351e-05,3.8335747e-06,0.0001100362,2.863379e-05,1.118171e-06,1.5684725e-05,4.3409482e-08,1.4432769e-07,1.0729757e-07,1.1639736e-07
2.7523502e-06,1.3060619e-06,1.6310765e-05,0.0010251022,0.028579112,0.18732257,0.28512836,0.2825522,0.12267733,0.070715025,0.006777089,0.007711404,0.0048826993,0.00039305777,0.0002403492,0.00012361998,0.0013379605,5.530515e-05,0.00045799132,1.1081876e-08,8.550489e-08,9.827446e-08,2.6558766e-07
6.983681e-07,2.3076034e-07,3.040185e-06,7.115529e-05,0.007139936,0.0322866,0.34745127,0.28462785,0.16222803,0.14797221,0.013980157,0.0012320497,0.0007934359,0.00013649835,1.2235726e-05,0.0016606384,0.00019924164,1.8173598e-05,0.00018566473,2.1248099e-09,1.3574164e-07,1.6860978e-08,7.435387e-07
1.926842e-08,1.9016786e-08,3.462791e-07,7.786475e-05,0.0020959254,0.34739834,0.398381,0.06372886,0.039029423,0.13998099,0.0002343955,4.6196823e-05,0.0012487242,0.0010446623,1.16986475e-05,7.802386e-06,4.7321672e-07,0.0066951066,1.8157189e-05,6.7564726e-10,3.55464e-08,7.1069685e-11,1.1672651e-08
2.0630709e-05,4.57654e-06,3.107121e-05,2.7192e-05,0.0010757532,0.00077900593,0.013762677,0.008530186,0.4522103,0.28410068,0.036307644,0.0052915923,0.002571757,0.00058191316,0.00013210057,0.007656256,0.17703655,0.0012058361,0.00039322465,5.1072644e-09,1.5099651e-07,3.2225416e-06,0.008277656
0.00087762583,0.005009444,0.13868447,0.1122009,0.20965052,0.13861975,0.13318251,0.12636039,0.029807914,0.04791632,0.039176844,0.00097543513,0.014921367,4.8702637e-05,6.454156e-05,0.0018425816,0.0005358762,1.0899618e-05,9.7881355e-05,7.872067e-06,3.366628e-06,2.284523e-06,2.4788094e-06
9.695949e-07,2.1926506e-07,9.681055e-07,1.7408649e-05,0.0004043421,0.008699965,0.07914854,0.52774775,0.12004949,0.06138742,0.1615607,0.0035378109,0.0076508634,0.0018784094,0.0019471605,0.01282868,0.01192924,0.0002741602,0.0009300232,3.0797707e-08,1.4226036e-06,4.992161e-07,3.94942e-06
0.0099849915,0.104070306,0.21642834,0.3253654,0.20250523,0.08756824,0.015613465,0.01612429,0.006657668,0.001683056,0.007148004,0.0011661514,0.0019947644,0.00027353197,7.5632175e-05,0.00089103356,0.0021956256,0.000117077754,7.201617e-05,2.31744e-05,1.6076061e-05,1.7583372e-05,8.352297e-06
0.00062083406,0.0049346834,0.010127863,0.068790026,0.059245165,0.11063305,0.04559089,0.031593926,0.06714812,0.006347539,0.053989284,0.026549442,0.031669434,0.018882565,0.0001163737,0.049504504,0.4117173,0.0008046777,0.0008328016,0.0007983688,2.2901228e-05,7.802604e-05,2.3240814e-06
1.9866218e-07,2.547625e-05,0.007005245,0.049615726,0.30880907,0.52294767,0.09431907,0.009382344,0.0036736862,0.004134533,8.041469e-05,5.4367365e-07,5.6362496e-06,6.3758225e-09,4.0168938e-10,2.78399e-08,2.4693932e-07,6.6828116e-09,4.9395754e-09,9.9794664e-14,3.0088156e-12,1.4468892e-13,1.975327e-12
3.760677e-05,0.000104581864,0.0053932955,0.031823277,0.08075724,0.15283033,0.21285692,0.1709651,0.09230696,0.06279783,0.05998088,0.008658264,0.11807495,0.00031582313,0.00043695315,0.0012868741,0.0011918565,1.7592383e-05,0.00016045562,1.3918253e-06,8.736975e-07,4.7111413e-07,4.8062094e-07
1.0214418e-08,1.3918853e-09,1.7506468e-07,1.2675654e-05,5.203003e-05,0.00043751113,0.0029996964,0.021158414,0.009331058,0.01647327,0.38764316,0.49091,0.034781296,0.011213207,0.022421766,0.00029991544,0.001992897,1.6892533e-05,0.0002543813,1.3897147e-06,2.3344418e-07,2.7055398e-09,8.027288e-09
4.0579885e-06,3.556764e-05,0.0017883048,0.118939474,0.07602379,0.3824186,0.22713022,0.15278338,0.022218466,0.006672879,0.0007551253,0.004274581,0.006745446,2.585521e-05,3.949889e-07,0.00016476316,6.436558e-06,9.512589e-08,1.2576932e-05,4.913761e-09,1.5405089e-08,3.9416213e-09,4.255735e-09
7.8286513e-07,1.0533578e-06,1.0367387e-05,0.00037829767,0.0033812842,0.062998116,0.107926294,0.18246421,0.16347441,0.32573828,0.018138891,0.037755713,0.036743034,0.015243543,0.025876053,0.0020635147,0.012820476,0.00018505358,0.0047983183,7.6075986e-07,8.281338e-07,2.6058362e-07,4.1585108e-07
3.5234762e-06,1.3117021e-05,6.2631305e-05,0.0042967796,0.0067751915,0.21994403,0.18006758,0.20727219,0.06848169,0.050995927,0.005993607,0.0020058872,0.13828093,0.027651595,0.003310412,0.0048032263,0.0007885205,0.078261726,0.0009771868,6.1148803e-06,6.669932e-06,5.360226e-07,9.045377e-07
1.463253e-06,5.085828e-07,3.6249205e-06,3.214485e-05,0.00020844834,0.012044328,0.013452571,0.16209757,0.08153102,0.0541723,0.08265162,0.43342176,0.030045858,0.012750699,0.049790982,0.00800751,0.009903909,0.048483267,0.0009134068,1.6477014e-06,2.1589049e-06,6.9821353e-06,0.0004761346
1.271401e-06,3.2644303e-07,8.4237956e-07,5.465253e-06,1.5169102e-05,0.000275382,0.00077393785,0.01161456,0.015847815,0.007861552,0.3660612,0.03524365,0.06287813,0.085663565,0.25014886,0.056039,0.053004913,0.05163524,0.0025779912,1.0792853e-06,5.6971317e-06,0.00034131392,3.1000422e-06
1.0558226e-07,3.3602998e-07,4.3310814e-05,0.0031703436,0.025737192,0.13822299,0.5619335,0.118580006,0.07941741,0.06678429,0.002066604,0.00069130835,0.0031950504,3.6830977e-06,4.0003403e-08,0.000114688555,3.2361026e-05,7.8971496e-08,6.6073894e-06,7.6678885e-11,1.8729158e-09,2.893984e-11,3.72842e-09
6.0122486e-05,0.00040401937,0.0009515191,0.023650018,0.013882578,0.07707887,0.07385231,0.06157923,0.09664868,0.019396342,0.05392555,0.039226126,0.18725333,0.08920305,0.00023868262,0.099350356,0.15059584,0.009120749,0.0019644378,0.0015336007,4.056871e-05,4.2743875e-05,1.2800992e-06
4.0523793e-07,4.2055214e-07,3.3140627e-06,0.00011587316,0.0024635857,0.051323168,0.15805481,0.35224512,0.16987132,0.16108589,0.016781326,0.06482435,0.006598779,0.001344829,0.0040400065,0.000828997,0.010211559,6.2231935e-05,0.00014310812,1.7038015e-08,1.1467843e-07,6.737895e-08,6.606958e-07
6.968777e-07,2.3105628e-07,6.606062e-06,0.00016241094,0.0033379178,0.05607915,0.061951943,0.2484908,0.04158707,0.2253948,0.017724534,0.08203945,0.21224281,0.026861165,0.008297989,0.0016703353,0.009149773,7.239515e-05,0.0049251704,3.5152116e-06,7.7977404e-07,8.058156e-08,3.4502386e-07
1.350044e-05,3.5685682e-06,3.0842286e-05,1.5180301e-05,0.0002483129,0.00022648196,0.0060442262,0.0027640741,0.13954195,0.15701164,0.030588198,0.0027288734,0.006132536,0.00037089622,2.40642e-05,0.013138345,0.63884705,0.00048362042,0.00096456025,4.7624535e-09,8.3821895e-08,8.852517e-07,0.00082116306
4.300858e-05,0.000557139,0.0146129085,0.086410716,0.16146317,0.30151027,0.21548606,0.121013805,0.04437087,0.02919115,0.011562166,0.00079906057,0.011619492,0.00019665662,9.304971e-05,0.00029206058,0.0006085832,7.916375e-05,8.930472e-05,4.0771732e-07,7.480326e-07,9.384897e-08,9.8427186e-08
2.7168588e-05,2.5006044e-05,0.00031402707,0.006324481,0.021955084,0.10489167,0.12641719,0.14394873,0.04427527,0.01996431,0.005081401,0.39361987,0.10805986,0.023869846,0.0001810976,0.0003911249,0.00020854097,5.8754285e-06,0.00043702705,1.2213903e-06,5.932609e-07,4.785022e-07,8.302784e-08
3.5723551e-06,5.429741e-07,2.550037e-06,3.764974e-06,0.00014114466,0.0004821008,0.04809542,0.09706615,0.14968196,0.3052066,0.33179888,0.034062956,0.013607306,0.00258516,0.0005364168,0.0011991223,0.015257595,1.3738724e-05,0.00025079335,7.179407e-09,3.0032695e-07,1.9369875e-06,2.042455e-06
0.0109783895,0.08775493,0.20165959,0.26573005,0.19144534,0.10654874,0.02799387,0.027285263,0.017049192,0.0027540592,0.026092371,0.0041439133,0.004495413,0.00110808,0.00016225288,0.004294225,0.019821957,0.00021288826,0.00023891561,0.00010511641,3.571147e-05,7.2193594e-05,1.7597182e-05
5.866724e-07,5.9073066e-08,1.269432e-06,2.192608e-06,0.00022456406,0.00026073697,0.058239304,0.07400795,0.18739034,0.26748094,0.37665212,0.009232934,0.0010539072,0.000111575864,1.6937734e-06,0.023839649,0.0014331224,2.3438169e-07,6.601857e-05,4.185298e-10,2.1046384e-08,2.2779192e-08,7.0201236e-07
8.872382e-06,1.3975377e-06,8.349533e-06,1.6193202e-05,6.41721e-05,0.0008698705,0.0007487476,0.0035309133,0.0077166823,0.04581365,0.022832712,0.0253302,0.08225027,0.050716966,0.039194934,0.026122054,0.062025428,0.0006023202,0.6186256,2.1559814e-05,0.012139541,5.6044217e-05,0.0013035581
6.1662395e-05,0.00016703435,0.002480134,0.004105608,0.028609315,0.057919573,0.06751036,0.07808638,0.08045167,0.36422926,0.07062547,0.022016294,0.06618756,0.017561767,0.00085322565,0.12156132,0.0040468876,7.023448e-05,0.012697048,0.0007209043,2.161447e-05,1.5855041e-05,8.0672186e-07
2.4613924e-05,5.5801587e-07,9.062265e-06,2.510431e-06,9.605933e-06,4.7170884e-06,0.002636421,0.0025727658,0.082346156,0.29913053,0.39066026,0.05953318,0.021882562,0.003531136,0.00034516587,0.008135268,0.12894095,4.9624334e-05,0.00014594321,2.939265e-10,2.3352147e-08,3.506332e-06,3.5417626e-05
1.0525887e-05,1.5494881e-05,4.709518e-05,0.00063082407,0.0017226309,0.03472133,0.025634605,0.15700102,0.15614918,0.08869738,0.14579453,0.09763546,0.018272465,0.0001935661,0.0018652922,0.01895653,0.2482715,0.00022027383,5.1991246e-05,1.4232388e-07,3.0270743e-07,1.1243391e-05,0.0040966184
1.9630254e-06,5.7015995e-07,4.747567e-06,6.569301e-05,0.0072317393,0.01957742,0.2916043,0.37756902,0.14258707,0.11341565,0.03491576,0.004481612,0.0041795033,0.00090013765,0.000100421916,0.0012653058,0.0015065502,3.5567722e-05,0.0005560307,8.713997e-09,4.605554e-07,7.739565e-08,3.875869e-07
2.2261455e-07,4.2527697e-07,4.015449e-06,9.3057846e-05,0.0014572309,0.082380906,0.17122336,0.15456384,0.21379173,0.2547022,0.009009815,0.104656756,0.0024379927,0.00020065457,0.00017867371,0.0014605415,0.0038264582,4.2536717e-06,4.887489e-06,1.9816295e-09,2.2242407e-08,3.1188474e-08,2.9526914e-06
6.959326e-06,0.00018169123,0.008950811,0.05171824,0.0885601,0.66635793,0.1400689,0.020831004,0.015303112,0.0037099617,0.0027362872,6.209101e-05,0.00066512614,2.9113003e-06,4.0365007e-06,4.0622144e-05,0.00079640566,1.6622834e-06,2.0016805e-06,6.2481136e-09,3.034016e-08,4.338695e-09,2.2149122e-08
0.00064593926,0.010786377,0.123166375,0.2620295,0.35143432,0.22273389,0.015123314,0.0060203155,0.0045903437,0.0010786778,0.0015347135,0.00015315664,0.00049263827,5.752709e-06,7.052939e-06,3.3547396e-05,0.0001565301,4.700704e-06,2.1099352e-06,6.861434e-08,2.4349873e-07,1.158463e-07,2.568996e-07
3.8253784e-08,3.8202037e-07,8.2213286e-05,0.002678872,0.06693222,0.6630519,0.21475682,0.010746302,0.01383736,0.027791241,5.6074696e-05,3.9638626e-06,5.7680663e-05,3.4680434e-07,2.6556026e-07,5.0383903e-07,3.5166472e-06,2.5373836e-07,1.3241485e-07,4.7487435e-12,1.5501672e-10,2.1050728e-12,2.2481955e-10
0.0016018766,0.028098566,0.118052766,0.26114094,0.24357003,0.27557424,0.028759139,0.015399245,0.011268434,0.0020038225,0.0066844258,0.00064565265,0.0020282571,8.457723e-05,3.887606e-05,0.00045086158,0.00450434,4.5487835e-05,3.5415185e-05,3.3240892e-06,4.244085e-06,3.3766714e-06,2.1149158e-06
1.5692462e-08,8.97382e-10,5.0861807e-08,1.0182758e-06,0.004687879,0.0019454794,0.32851404,0.034885485,0.34552673,0.28284082,0.0014570446,0.00013854032,1.3771846e-06,5.582035e-08,1.2431421e-10,7.787344e-07,7.171882e-07,5.244569e-09,9.009584e-09,7.900731e-15,1.5412822e-12,1.2589563e-12,6.3595207e-10
6.472199e-06,2.9938662e-06,3.945925e-05,0.00056759553,0.009436713,0.043098,0.04922103,0.05877768,0.067240275,0.20262106,0.019615194,0.116484076,0.23201546,0.15152931,0.00501739,0.0032602446,0.0070581073,5.294905e-05,0.03392942,2.2765591e-05,1.8103592e-06,1.8973975e-06,1.7637558e-07
1.8717035e-08,7.681277e-10,5.6491345e-08,1.2261599e-07,0.00015644936,9.888361e-05,0.09309721,0.08443578,0.47176647,0.06708201,0.19674696,0.00013557666,0.0014405459,6.7619454e-05,3.130197e-10,0.08455622,3.27107e-05,5.751389e-09,0.00038338246,3.7794502e-13,2.4192541e-09,1.4021492e-11,1.0218744e-10
9.321264e-09,3.027201e-08,2.677073e-06,0.00019486414,0.0039822804,0.26679707,0.47646162,0.09156621,0.042641513,0.11727154,0.0002628176,2.7524036e-05,0.0007159776,2.325998e-05,1.27136345e-05,9.7878265e-06,9.805315e-06,1.6333539e-05,3.9147963e-06,1.7944723e-10,4.8733173e-09,7.207164e-12,2.3090942e-09
5.0333943e-05,3.879311e-05,0.00049405755,0.002736522,0.017821522,0.050988507,0.07489275,0.10431083,0.06305121,0.07913449,0.07663508,0.27522346,0.18241945,0.058505148,0.0029407619,0.0051660347,0.002012827,0.00013158812,0.0033852933,4.5218392e-05,6.4071573e-06,9.0195435e-06,7.725452e-07
4.2539983e-07,3.9376616e-07,2.9965277e-06,6.880213e-05,0.002006207,0.016644241,0.2284665,0.26494184,0.1736095,0.07863102,0.0088394135,0.054016866,0.0409012,0.051531103,1.42517465e-05,0.07634412,0.0028974083,1.170128e-06,0.001081948,6.673426e-08,5.421001e-07,1.3988807e-08,1.5936946e-08
0.10742961,0.35575095,0.4063059,0.0789292,0.022743264,0.008993594,0.0049169557,0.0044789887,0.0022159675,0.000772997,0.003806652,0.0006622136,0.00071856566,0.00021668809,0.00019890552,0.0005870288,0.000669751,0.0003064705,9.728773e-05,3.2350305e-05,2.733334e-05,0.00010220569,3.7152822e-05
0.78935474,0.16756503,0.04043308,0.0005772369,9.365044e-05,0.00014363753,0.00043274605,0.0005074838,0.00013435188,6.4769934e-05,0.00020324018,9.357134e-05,0.00011784411,5.3722328e-05,5.307326e-05,3.925394e-05,6.70558e-06,5.6608584e-05,2.839247e-05,2.770909e-07,9.2283756e-07,3.6324494e-05,3.2837938e-06
0.0001412273,0.0030913716,0.045653842,0.10405494,0.16911854,0.18820523,0.12077664,0.06309306,0.06491291,0.006898994,0.20579682,0.0023086627,0.007724928,0.00018776974,8.382655e-05,0.00079129625,0.01707142,2.3734665e-05,6.010981e-05,1.5117284e-06,1.789313e-06,8.7406386e-07,4.5441078e-07
1.2958794e-06,1.1331511e-07,1.1528473e-06,1.68049e-05,0.00019909996,0.0006386038,0.005467848,0.017405855,0.027201725,0.0519608,0.046696402,0.03412774,0.05048883,0.019996027,2.2860853e-05,0.25546595,0.011662652,5.753231e-06,0.47857648,5.012912e-07,5.633563e-05,2.848482e-08,7.223714e-06
5.364393e-07,2.1678788e-06,1.37742345e-05,0.00015147614,0.00023916156,0.008100943,0.015674306,0.055699073,0.11317127,0.03410925,0.1095622,0.011658496,0.09707374,0.06273872,0.04168841,0.41817683,0.020544838,0.009892372,0.001455355,3.0793075e-05,1.0197986e-05,5.5059245e-06,6.108745e-07
8.116159e-06,7.336234e-06,0.00027598123,0.0013040802,0.009210502,0.02816904,0.075736,0.113414556,0.054817304,0.13333534,0.1444319,0.018904686,0.37459016,0.010277326,0.010630187,0.01279653,0.0104725,0.00011026081,0.0013871419,0.000115643066,3.4800796e-06,1.3980992e-06,4.4436015e-07
1.3545657e-06,3.046221e-06,1.5559206e-05,0.000524707,0.004046652,0.3076739,0.15579441,0.19353186,0.13567433,0.0751279,0.010686173,0.0023644678,0.03299463,0.03107293,0.018432058,0.0019597276,0.00019458515,0.029830268,6.864533e-05,2.2210295e-07,9.700514e-07,2.1635793e-07,1.4123414e-06
2.0871992e-07,1.1297517e-06,7.894064e-05,0.0013315881,0.100197,0.41128552,0.26039138,0.09250691,0.050325643,0.08230983,0.00027998447,0.00011175687,0.0010632562,5.3188873e-05,3.577637e-05,8.083089e-06,1.0550301e-05,6.041139e-06,3.2128585e-06,2.3361982e-10,4.612675e-09,4.1305858e-11,2.2242777e-09
0.00031170942,0.0012688905,0.053116843,0.05016913,0.15168732,0.0991246,0.18235856,0.15752181,0.05410353,0.0855955,0.11572139,0.0033177766,0.038561273,0.00019406163,0.00027415119,0.0048078126,0.0016091965,1.9778663e-05,0.00020000177,2.6160295e-05,5.7122425e-06,2.8519119e-06,1.8845457e-06
0.00012681486,0.002108256,0.036470782,0.13080342,0.23435071,0.4826284,0.069577836,0.018038409,0.014028453,0.004419714,0.003917447,0.0002907298,0.0021468375,2.7703176e-05,3.9075006e-05,0.0001019021,0.00089551293,1.7393802e-05,9.506235e-06,1.4418565e-07,5.2574495e-07,1.2372494e-07,2.6096103e-07
3.3714143e-06,8.68875e-07,8.493552e-06,9.476394e-05,0.0016713772,0.0043490264,0.042526882,0.061463907,0.075619586,0.03927387,0.008882165,0.0029855026,0.008177465,0.00015669476,3.9121232e-07,0.7490194,0.0020185465,1.2911183e-06,0.0037316328,7.000671e-08,1.962074e-06,1.6916859e-08,1.2789742e-05
6.415485e-07,2.579049e-07,8.5934735e-06,8.578559e-05,0.0004024077,0.0042655407,0.013383122,0.04930227,0.025610799,0.07318768,0.34408304,0.1154138,0.20308316,0.057986725,0.070222124,0.0157267,0.023974974,0.0006892356,0.0022081204,0.00035810124,5.247207e-06,1.2357414e-06,5.256771e-07
0.5679808,0.2697609,0.1530135,0.0040278677,0.00082934066,0.00054275885,0.00068437547,0.00063671015,0.0002853342,0.000165911,0.0006118193,0.00018349057,0.00016493462,0.00015354739,0.00022335656,0.00015224297,6.119857e-05,0.00029000867,9.214966e-05,4.8078264e-06,5.9780527e-06,0.000109220244,1.9673736e-05
0.8286803,0.12775715,0.04237103,0.00037664964,5.1985775e-05,4.7172936e-05,9.246006e-05,0.000112618414,3.0890125e-05,2.070304e-05,9.51043e-05,3.3863198e-05,3.3643282e-05,3.61724e-05,0.00010140806,2.2798424e-05,3.848467e-06,7.434918e-05,2.3984958e-05,2.2177e-07,4.815015e-07,3.104615e-05,2.0660843e-06
0.046773266,0.088741,0.36603114,0.08414129,0.030572664,0.067757696,0.06642786,0.13647796,0.021663986,0.0071213944,0.03939035,0.022801448,0.014996452,0.0018101305,0.00022386161,0.0038351684,0.0005360731,0.00014646466,0.00040506313,4.4113815e-05,2.3456416e-05,6.6538196e-05,1.2593976e-05
1.7950562e-06,7.098854e-06,0.00033734782,0.01972157,0.038881056,0.21500717,0.31679764,0.11214514,0.1496604,0.09117727,0.021959644,0.007617303,0.024876768,2.7777476e-05,1.4861294e-05,0.00035276794,0.0013847257,4.5974084e-06,2.465604e-05,5.6010454e-09,4.0654832e-08,7.4343465e-09,3.8534947e-07
1.4778134e-06,5.138395e-07,2.3730506e-06,8.800715e-06,0.00032975752,0.003340762,0.056245178,0.085338175,0.12122713,0.19097626,0.07051161,0.03794211,0.10778663,0.089774,0.015249279,0.010417001,0.19548084,0.00012390538,0.015227695,3.192462e-07,1.4515544e-05,1.280193e-06,4.6399975e-07
2.4765333e-07,3.1410757e-06,0.00031045527,0.009403463,0.04258089,0.41950893,0.41207245,0.057307895,0.021052733,0.03573998,0.0004800505,2.593007e-05,0.0014425736,9.009848e-06,5.446207e-06,1.1309248e-05,3.3149157e-05,7.5000344e-06,4.810328e-06,1.141274e-09,7.842032e-09,1.1353592e-10,1.5090785e-09
6.115953e-07,1.6692967e-07,1.1166194e-05,0.0011229735,0.0041284813,0.022313336,0.1129864,0.17376877,0.07568749,0.036430035,0.091877796,0.37298647,0.094739355,0.008895989,0.0012899012,0.001148115,0.0017834366,1.9932031e-05,0.0008088436,2.4127604e-07,3.248443e-07,1.1231924e-08,1.230287e-07
1.543381e-07,8.29761e-08,1.4525967e-06,9.3480056e-05,0.00011466618,0.0035962511,0.0051255077,0.057581473,0.0062170452,0.011471132,0.06114476,0.27417228,0.08394478,0.0038081128,0.062296063,0.028771894,0.40079403,3.2622782e-05,0.000781364,3.3879423e-05,3.1849167e-06,1.8912675e-07,1.5660331e-05
5.418838e-08,3.6448614e-07,3.98902e-05,0.0018699612,0.016944146,0.4777703,0.39862025,0.034844935,0.024419218,0.04481902,0.00020841417,1.5066087e-05,0.00040625542,4.8720526e-06,5.727655e-06,5.6399094e-06,1.9465957e-05,4.89767e-06,1.5186185e-06,1.8238651e-10,3.1679308e-09,2.8303138e-11,2.1188957e-09
0.029968424,0.19068146,0.27199194,0.28631374,0.12868895,0.038909636,0.013022765,0.014110218,0.005162669,0.0017471454,0.007931381,0.0026657358,0.0022742555,0.0010343058,0.000121556724,0.0028550038,0.0019233151,0.0002201679,0.00012900057,0.00013102329,3.3712975e-05,6.8416106e-05,1.514889e-05
2.5075806e-07,2.2434195e-08,1.0011515e-06,1.5209407e-05,0.010222192,0.004419831,0.3250679,0.064666435,0.5574991,0.032620095,0.0034486642,0.0019950913,9.073e-06,2.9899283e-07,3.264005e-09,3.1642405e-05,3.2126586e-06,5.819095e-09,2.6296558e-08,2.4869204e-13,2.8332512e-11,2.3523359e-11,9.841568e-10
2.1076504e-07,1.4395245e-07,5.89324e-06,5.6259727e-05,0.0142891295,0.026075663,0.44481313,0.033196617,0.1357416,0.34393597,0.0013126561,0.0002573912,0.00011522498,4.6425322e-07,2.717532e-09,0.00010139547,9.72005e-05,6.512251e-08,1.0704462e-06,9.496255e-12,4.2264506e-10,8.454223e-11,2.0269317e-08
5.077265e-06,5.916925e-07,4.954308e-06,3.3786433e-05,0.0012841666,0.0360894,0.05563694,0.23475975,0.08961078,0.34931514,0.07522858,0.12629956,0.0147992615,0.0014035834,0.00020316857,0.00989853,0.00075038575,0.00054441456,0.0028932395,2.1366106e-06,4.5972774e-05,5.488998e-07,0.00119008
4.158234e-07,1.3780668e-08,5.164061e-07,1.449418e-07,4.1461667e-06,4.1009425e-06,0.002643945,0.004391152,0.15238726,0.35897675,0.44404677,0.004141,0.004883401,0.0016859263,2.0120047e-05,0.011168347,0.015262128,1.0684224e-06,0.00037737348,9.7866444e-11,1.32865035e-08,2.2074171e-07,5.1349907e-06
2.9718208e-06,3.7351845e-06,0.00030597814,0.0058813184,0.024089929,0.07049795,0.21435837,0.1977488,0.09243433,0.07053311,0.079506174,0.027113145,0.2120492,0.0013420295,0.001414942,0.0011305958,0.0013313076,8.283614e-06,0.00024659335,8.523671e-07,2.619442e-07,5.4301903e-08,5.566677e-08
2.115705e-06,1.0607918e-06,1.1169634e-05,0.00014612553,0.00091355457,0.01549241,0.02121346,0.11494823,0.112914525,0.077665485,0.1195465,0.27895862,0.059068576,0.026858859,0.10186543,0.0011508733,0.009230652,0.058733117,0.0012488432,6.0110125e-07,4.773081e-07,3.8217086e-06,2.5488522e-05
1.0378713e-05,2.5221823e-05,0.0011913406,0.03594086,0.02685478,0.08425329,0.20147984,0.17145653,0.115961276,0.030833013,0.14595214,0.050622012,0.13261867,0.0006214292,0.0008373648,0.00036326997,0.0008936035,2.765232e-05,5.680358e-05,7.242683e-08,1.1591647e-07,1.0610224e-07,2.2208332e-07
0.18920828,0.2032032,0.3771236,0.058079015,0.018738385,0.0281145,0.028042234,0.051705953,0.009442178,0.004024464,0.012637688,0.007449077,0.005202856,0.0012723461,0.0003166176,0.0038081717,0.00043579846,0.00028910252,0.00052457035,9.211158e-05,5.7816927e-05,0.00019006107,4.1985397e-05
5.0952303e-07,2.782261e-06,0.00052690593,0.024518026,0.10012679,0.5032404,0.26518196,0.05509713,0.01963293,0.030186577,0.00060841,6.168005e-05,0.00080602115,4.606488e-08,9.394882e-09,4.264817e-06,5.190978e-06,2.1707526e-08,3.8962605e-07,1.6798455e-11,1.6626776e-10,3.6861018e-11,7.261003e-10
3.390949e-08,2.8584599e-10,4.3770882e-08,1.6176289e-08,1.0618776e-05,2.2394177e-06,0.022193233,0.016048845,0.16732444,0.07546652,0.7149778,0.0025489235,0.00017264856,2.6355241e-05,2.685112e-09,0.0010758939,0.00014943797,8.352461e-10,2.962788e-06,3.9295688e-14,1.3955693e-11,4.94576e-11,3.717476e-10
2.7047224e-06,6.28984e-07,6.133051e-06,1.8956134e-05,0.000696632,0.0016042552,0.12136225,0.07706155,0.26303297,0.3985629,0.085186884,0.036550365,0.0026212567,0.00039877085,1.7939572e-05,0.009728214,0.0031036292,1.9296222e-06,3.9011888e-05,5.9332814e-09,1.3282127e-07,1.8029289e-07,2.576305e-06
5.9766006e-07,1.0542703e-06,2.8779497e-05,0.0007595451,0.016716033,0.18390794,0.58197206,0.09635843,0.077694304,0.026673123,0.0010353157,0.013660816,0.0006435288,2.2367925e-05,2.8931345e-07,0.00047715212,4.6525223e-05,1.6270249e-07,1.8742567e-06,5.814612e-10,6.8723107e-09,2.793312e-09,4.6672426e-08
0.0013441513,0.0037118155,0.050173283,0.038317267,0.11176255,0.1360601,0.10620435,0.17926386,0.07238254,0.13168368,0.057577215,0.017916027,0.03691884,0.004269092,0.00038336526,0.04719944,0.0012229823,6.805834e-05,0.0031100302,0.00035368762,4.320137e-05,3.0027028e-05,4.4769954e-06
6.061487e-06,3.8118957e-05,0.005873662,0.077329606,0.123285554,0.3211586,0.2182353,0.12553582,0.01907998,0.08300477,0.0037195545,8.812312e-05,0.022454526,2.4024534e-06,1.4798152e-06,0.00011135696,4.0766077e-05,2.0815021e-07,3.40438e-05,3.207779e-08,2.8412733e-08,4.9307296e-09,1.5504943e-08
1.4509588e-06,4.304493e-06,7.076024e-05,0.0045151724,0.011990398,0.13909993,0.20900527,0.26150697,0.09808701,0.065569706,0.015749216,0.1292229,0.03895426,0.018317854,0.0014525055,0.0038752249,0.0014760201,1.060812e-05,0.0010883698,8.3364637e-07,9.1096626e-07,1.18149295e-07,2.1460383e-07
1.761109e-05,9.2173395e-05,0.004048139,0.020027058,0.025441563,0.028286094,0.074877135,0.078937,0.0848989,0.018346222,0.6245729,0.012883594,0.024439083,0.0002982799,0.0004319355,0.0007761827,0.0014975844,4.22828e-05,8.4407075e-05,4.5546315e-07,4.0842795e-07,5.8190216e-07,4.828363e-07
6.0544928e-05,0.00014902966,0.00402158,0.048397988,0.18774845,0.29703864,0.12151306,0.09179645,0.049043417,0.14724803,0.0028565382,0.0007038411,0.042169034,0.00035709146,1.8114817e-05,0.0017576842,7.4448035e-05,4.4137964e-06,0.0050382926,1.973861e-06,7.909638e-07,4.4476573e-07,1.09147855e-07
2.3064163e-06,3.7777945e-06,0.00013042655,0.0013780132,0.0038886017,0.01899373,0.07163311,0.095322624,0.10372862,0.10229966,0.36956903,0.027911875,0.14607018,0.0050434144,0.010926417,0.022456778,0.01957336,0.00013896463,0.00084075506,8.407826e-05,2.7476044e-06,1.0404244e-06,4.7541334e-07
0.01674042,0.12626897,0.2323949,0.3270168,0.1763506,0.06716026,0.014923772,0.015563521,0.0060669286,0.0015951842,0.007432765,0.0016403912,0.002279201,0.00053110876,9.1381306e-05,0.0014288749,0.002128778,0.00017379617,9.30169e-05,5.253871e-05,2.2525272e-05,3.368563e-05,1.0564896e-05
0.000100772006,0.00064967846,0.006381679,0.11085588,0.21498619,0.41082567,0.11324415,0.068978064,0.024116704,0.021000048,0.003838596,0.0008541247,0.021509709,0.0007364865,0.0004583036,0.00028724637,0.00046357486,0.00055006664,0.00015966648,8.248454e-07,1.7905917e-06,3.2003243e-07,5.240407e-07
4.544346e-06,2.6782027e-06,6.842106e-05,0.003315468,0.10950074,0.25917616,0.39266455,0.15989079,0.059073813,0.01080562,0.0010366427,0.004191792,0.00023823699,5.790073e-06,1.2712711e-06,1.42389945e-05,6.7293417e-06,7.001409e-07,1.7487181e-06,4.221182e-10,6.292918e-09,3.2370129e-09,3.077889e-08
1.4948756e-05,7.137845e-05,0.0018684646,0.0050694873,0.01606525,0.046757683,0.08645936,0.10620814,0.06808073,0.366582,0.1311069,0.002751101,0.10456353,0.0009575753,0.0005323448,0.042304777,0.019061243,2.2081435e-05,0.0009412059,0.0005705263,8.327396e-06,2.230286e-06,7.3414304e-07
2.041036e-06,2.3115929e-06,0.00011131953,0.0010365545,0.015481038,0.05296543,0.075099744,0.09049576,0.019065762,0.35904363,0.0063462625,0.00087596045,0.36896643,0.0014330291,0.00027344347,0.0023106597,0.001898283,3.6188392e-06,0.004563043,2.4910432e-05,6.3101965e-07,8.336958e-08,4.4552397e-08
8.206191e-06,0.00011077049,0.0033082452,0.02875406,0.060971133,0.31426454,0.20155106,0.11746641,0.14012447,0.0135680605,0.08581597,0.0047076447,0.021424415,0.0009193203,0.0008086706,0.0007733723,0.0052901665,7.338126e-05,5.8985603e-05,8.0789725e-08,4.5783204e-07,1.715353e-07,4.0256919e-07
1.882099e-06,1.8304816e-05,0.00044870868,0.0075914534,0.038479514,0.6040518,0.22685258,0.045736782,0.046147257,0.022914262,0.0020831658,0.00023069773,0.004176231,8.2496e-05,0.00040107325,0.000112788024,0.00061166805,5.2325948e-05,6.656274e-06,2.4306818e-08,1.2100209e-07,7.336093e-09,5.6000736e-08
2.581903e-06,3.9591254e-07,6.065098e-06,1.4493507e-05,0.0005213097,0.00090668426,0.12638763,0.07803257,0.33422464,0.29813632,0.08890539,0.059576813,0.0017846789,0.00017435227,3.408369e-06,0.00788463,0.0034239192,3.40594e-07,1.3046936e-05,1.4021754e-09,2.5430113e-08,6.413134e-08,6.500974e-07
0.007869033,0.01898981,0.1250204,0.06202467,0.049497016,0.112773016,0.09279682,0.19881275,0.054630727,0.019147635,0.13908155,0.064414605,0.034008224,0.006074653,0.0006141634,0.010296673,0.0018903066,0.00030195105,0.0014234777,0.00015593067,5.1683797e-05,0.000108033295,1.68749e-05
1.5384192e-08,1.4913374e-08,1.619738e-06,0.00038849405,0.06088889,0.22414795,0.5555392,0.10996791,0.03314798,0.01582525,6.130017e-05,8.576646e-06,1.7415901e-05,9.915854e-08,1.5151483e-09,3.532321e-06,1.8056555e-07,6.346213e-08,1.581007e-06,4.947629e-13,4.1208117e-11,2.4844495e-12,6.785458e-11
0.0001187849,0.00013644672,0.0021668635,0.01090534,0.07253815,0.17003302,0.12966031,0.13018,0.09525346,0.15317169,0.013463428,0.04834808,0.13912629,0.016634472,0.00056398887,0.007352486,0.0008314577,3.1940595e-05,0.009418332,4.7207475e-05,1.0642707e-05,6.67545e-06,9.5297446e-07
0.16132091,0.1927662,0.32629827,0.08257915,0.04599416,0.036724046,0.0328177,0.06432085,0.011557394,0.0071804123,0.011905454,0.007547933,0.005518019,0.0020801048,0.00034829965,0.0088170655,0.00046614822,0.00022889861,0.0008994969,0.00027555137,0.000107356405,0.00020207178,4.4511722e-05
5.205358e-07,3.9824307e-08,1.4039946e-06,1.4030147e-06,0.00011521535,0.000115525574,0.057846416,0.048443332,0.2856217,0.3179324,0.25021514,0.015889382,0.0010952146,0.00010126114,4.5887293e-07,0.019052848,0.003545338,6.201482e-08,2.2166274e-05,1.1455309e-10,4.1767665e-09,9.568138e-09,1.7604384e-07
1.1525943e-06,5.3192724e-07,2.6049977e-06,9.40152e-06,2.603685e-05,0.00020848411,0.0005615468,0.0035572362,0.005100555,0.0064481604,0.5329861,0.043644138,0.03786398,0.15306401,0.014883076,0.061090544,0.025280656,0.108589776,0.0064167054,8.0679754e-05,1.2655196e-05,0.0001712518,7.3842614e-07
0.0258906,0.17435911,0.24505046,0.3154097,0.16447249,0.040722523,0.01076433,0.01017861,0.0033125163,0.0011864557,0.0037376718,0.0010570916,0.0015167127,0.00039636856,7.602043e-05,0.0008646602,0.0006425573,0.00019216748,7.369551e-05,4.2393734e-05,2.0598454e-05,2.3144936e-05,1.0056497e-05
4.6849254e-05,0.00014944226,0.013741754,0.032666802,0.17508385,0.1464036,0.23628026,0.18046458,0.032288585,0.10436693,0.014727492,0.0009789977,0.061459154,6.54959e-05,4.3563734e-05,0.0008485986,0.00021325234,1.4698611e-06,0.00016675799,1.7819989e-06,5.4654765e-07,9.2909325e-08,1.5063223e-07
7.084691e-09,6.0575345e-09,2.5660523e-07,1.3415661e-05,0.0018795532,0.13877924,0.38269895,0.07021054,0.10798998,0.29677373,0.00034721335,4.702521e-05,0.00051902805,0.0004273698,5.453303e-05,1.1677403e-05,9.2707825e-07,0.00024122505,5.3175236e-06,6.995564e-11,7.628127e-09,1.3590442e-11,8.933777e-09
0.39339837,0.47393313,0.11218767,0.011718739,0.0023753832,0.0013581157,0.0010526128,0.001240708,0.00031502914,0.00014747247,0.00063178426,0.00030308124,0.00027584768,0.00028953687,0.00021739778,0.00015785932,3.5421148e-05,0.0002007203,5.8328853e-05,1.1718523e-05,6.9107973e-06,7.7083794e-05,7.0789074e-06
0.00093176914,0.004864447,0.2177534,0.089466885,0.20188485,0.08240103,0.12497247,0.14809366,0.01994077,0.04412592,0.053460944,0.0007782421,0.008532106,3.857568e-05,4.5771892e-05,0.0022724357,0.000349352,6.0077923e-06,6.1203435e-05,1.4190279e-05,3.4382751e-06,1.231481e-06,1.3361253e-06
3.8197064e-05,0.00049403176,0.011494149,0.07827258,0.09398203,0.42283767,0.23650467,0.07565451,0.0384311,0.017362336,0.010743525,0.00048689876,0.010037671,0.00010937304,8.3311104e-05,0.0005110077,0.0028340125,7.043171e-05,5.0615436e-05,5.510268e-07,9.081284e-07,1.5536378e-07,1.9551317e-07
1.226145e-06,1.7501432e-06,4.9802933e-05,0.0011266095,0.001479958,0.0035690567,0.014252853,0.029558968,0.12544565,0.019919058,0.67604995,0.03729808,0.03798238,0.0061991075,0.032650728,0.0024616732,0.008573132,0.0025802262,0.000793561,1.3810237e-06,4.1964637e-07,2.1309595e-06,2.3007658e-06
7.57802e-07,2.6450393e-06,8.563797e-05,0.0046524424,0.014254975,0.09054796,0.23491067,0.08565598,0.3239264,0.16168511,0.0368464,0.018753579,0.025724424,0.000108144566,0.00010317219,0.0001932185,0.0024431387,7.123618e-05,3.2874203e-05,1.6186765e-09,1.7840875e-08,1.1724436e-08,1.1717785e-06
1.5404848e-07,2.7386997e-07,1.8838145e-05,0.0013312811,0.014893483,0.44574693,0.28720063,0.106056385,0.039036527,0.10031908,0.0018595747,0.00067197543,0.0027173175,1.401497e-06,1.1170373e-06,2.8052138e-05,0.000109016895,9.810916e-07,6.9489224e-06,7.3371015e-10,2.2725652e-09,6.690045e-10,2.438759e-08
4.1732896e-08,1.4330551e-09,5.7373047e-08,8.746319e-06,0.0044956612,0.010975894,0.17139117,0.106652014,0.6595552,0.04436356,0.0023573816,0.00019484134,2.1423557e-06,4.998188e-07,5.4437635e-08,2.4147967e-06,1.7558746e-07,1.0636986e-07,3.0180697e-08,1.2474796e-13,2.0379342e-11,5.8146106e-11,2.8945972e-09
7.654326e-09,7.060139e-08,1.2234934e-05,0.00067175546,0.010114183,0.1482044,0.47721103,0.21671395,0.09729966,0.046188917,0.0021109206,9.7845266e-05,0.0012519,2.0738897e-05,1.2149484e-05,3.179177e-05,5.5161872e-05,1.1046676e-06,2.1782264e-06,4.0881392e-11,1.658708e-09,3.945804e-12,1.0467848e-09
4.6592615e-07,1.0219024e-07,1.8056119e-06,9.812865e-06,0.006558518,0.0067806547,0.17824271,0.023455953,0.30304438,0.47674116,0.0037445026,0.0011942257,6.0007304e-05,3.5574903e-06,8.100994e-08,4.409471e-05,0.00011559829,7.825763e-07,1.1144779e-06,2.8232049e-11,1.1097206e-09,1.4855991e-09,5.05275e-07
7.2373637e-06,5.0910114e-07,3.6345064e-06,1.2309022e-05,0.002137453,0.004605252,0.119738616,0.111995414,0.30245173,0.3790177,0.05579585,0.008635203,0.0042014755,0.002246639,3.6290585e-06,0.0071669864,9.695137e-05,8.623469e-05,0.0017404684,2.7287653e-08,4.1682065e-06,2.4376814e-07,5.228962e-05
0.0040904623,0.07091355,0.24029426,0.33327085,0.19039747,0.095431946,0.021146614,0.018218087,0.0077906237,0.0017867851,0.011540712,0.000906162,0.0017521629,9.061789e-05,4.9060378e-05,0.00042315028,0.0018021761,4.1931526e-05,3.4534063e-05,5.0453214e-06,5.6403646e-06,5.1187317e-06,3.0401236e-06
0.011314195,0.08396119,0.1868546,0.2786872,0.19648513,0.10172674,0.028924264,0.028630318,0.01700707,0.002970276,0.02493737,0.005254782,0.0055859825,0.0016588677,0.00016574656,0.005964061,0.019088201,0.00024999699,0.0002587729,0.00014263952,3.6400244e-05,8.14453e-05,1.4731314e-05
8.337604e-08,5.1682445e-08,2.5128775e-06,1.1613978e-05,0.008244317,0.009136424,0.30632976,0.01403272,0.209597,0.4511942,0.0010098211,0.00011847431,4.1357573e-05,1.3831955e-07,4.356786e-10,8.046735e-05,0.00020089778,2.0821819e-08,2.1609483e-07,5.346821e-13,4.734064e-11,1.4304096e-11,1.2364882e-08
1.1431857e-06,7.850499e-07,2.7528084e-05,0.0021283755,0.10662993,0.21394841,0.4327853,0.19314633,0.03893057,0.0112076,0.000458408,0.00047283474,0.00023612197,3.297055e-06,1.8768834e-07,1.1897974e-05,3.0561189e-06,5.3191116e-07,7.718744e-06,1.0220191e-10,2.414553e-09,6.496153e-10,4.421358e-09
4.172351e-08,4.255479e-08,8.9714723e-07,1.86717e-05,0.00096387224,0.053786784,0.15697666,0.21080321,0.27865872,0.26969197,0.004864702,0.00050934433,0.014649324,0.004256326,0.0031591936,0.0012122148,6.6138426e-05,0.00027333698,0.00010807944,2.2870956e-09,1.5921145e-07,4.295277e-10,3.4926737e-07
5.4427755e-07,9.576742e-07,1.0616275e-05,0.0008189071,0.013146051,0.10151973,0.1734967,0.17313303,0.16229519,0.23572786,0.0034674394,0.01592262,0.054237213,0.017730346,0.0010590185,0.011735209,0.0044468483,9.307968e-06,0.031239009,1.2597131e-06,2.087436e-06,2.6258206e-08,5.6183737e-08
4.944399e-06,1.2846257e-06,2.235483e-05,0.0002034081,0.006458866,0.024727978,0.21777849,0.17760073,0.22674932,0.19248837,0.025391534,0.020589234,0.024863718,0.0019650774,4.250882e-06,0.06794015,0.002040087,2.2271288e-05,0.01113616,1.09088994e-07,4.4118124e-06,1.8951726e-08,7.1934323e-06
2.2117607e-07,6.5872604e-07,2.8915934e-05,0.0017263596,0.021409184,0.1978848,0.53766227,0.19858675,0.028847367,0.009870362,0.00027750322,0.0015471334,0.0007657271,1.7023003e-05,9.290163e-09,0.0013686016,4.714269e-06,2.2219602e-08,2.3682394e-06,1.5415146e-10,2.1208797e-09,1.4794826e-10,1.4909507e-09
1.7531338e-06,3.2642635e-07,3.4203333e-06,2.2860638e-06,3.9336305e-06,2.8175697e-05,8.349958e-05,0.00012645233,0.0023454514,0.011457099,0.0074096993,0.0039389576,0.05908806,0.2404437,0.075838126,0.0099424105,0.034751613,0.0093275495,0.54456335,1.1472737e-07,0.00021546523,0.00024830428,0.00018022138
7.305051e-09,5.9693406e-08,2.2393453e-05,0.0030535974,0.007484479,0.07110153,0.41921154,0.36494532,0.10524529,0.012349587,0.006265232,2.6807536e-05,0.00060629717,3.9434185e-09,6.783903e-14,0.009654954,3.285355e-05,1.0508007e-11,2.2812626e-08,4.96673e-15,2.8940774e-13,1.22317775e-14,2.521578e-10
0.00034619356,0.0139795495,0.20290053,0.39305416,0.17353727,0.15238315,0.027365852,0.01693367,0.0065722624,0.0010878902,0.010573018,0.00019862095,0.0006212034,4.856485e-06,2.748505e-06,5.594593e-05,0.00037812066,2.1571288e-06,2.4360997e-06,6.6757316e-08,1.5109039e-07,8.059344e-08,7.984548e-08
0.6851044,0.22572061,0.08041967,0.002078138,0.00038674727,0.000637295,0.0013757434,0.0015929618,0.00045774988,0.00020366277,0.0006304875,0.0002954972,0.0003603248,0.00015445589,9.961311e-05,0.00015282482,2.8177777e-05,0.00012632234,7.409341e-05,2.025067e-06,4.1737744e-06,8.3913365e-05,1.1073951e-05
2.1428094e-05,1.2589744e-05,0.00011343723,0.0011254506,0.015640931,0.04979474,0.13945173,0.123409085,0.23897976,0.23115559,0.054121736,0.074237086,0.037714094,0.0012951184,0.000139386,0.004930518,0.025332531,0.0009066527,0.0014621904,1.5926207e-07,1.0455849e-06,6.8045813e-07,0.00015408758
8.789245e-07,3.0849623e-07,1.0157867e-05,0.00019501653,0.00075368385,0.016655575,0.031994782,0.13812509,0.05058988,0.098981604,0.14328006,0.105508275,0.20964354,0.045847815,0.12244833,0.005248003,0.028150067,0.0014080937,0.0011476633,8.983842e-06,5.963537e-07,6.8702496e-07,9.656356e-07
9.567103e-06,5.921706e-06,8.628601e-05,0.00034575842,0.001488942,0.0049677663,0.012624372,0.04291734,0.033129457,0.043852802,0.43769094,0.0597278,0.14937186,0.09171863,0.030761465,0.0606038,0.021719396,0.0048656007,0.0031142663,0.00095336174,1.6203308e-05,2.5260415e-05,3.2856008e-06
1.6431495e-07,1.4065222e-07,8.471016e-07,2.7997177e-05,0.0009932754,0.0032980463,0.019299867,0.0458808,0.033150606,0.013048375,0.0023438754,0.002508909,0.010501661,0.006305902,3.3831204e-06,0.8547061,0.00073455786,2.0499702e-07,0.007191182,2.5407545e-07,3.8947987e-06,2.7930689e-09,1.8011244e-08
1.3142646e-07,2.9928614e-08,2.776194e-07,3.5974244e-05,0.0045742034,0.1596087,0.23879345,0.46630293,0.035313196,0.083841726,0.0016916831,0.00042443757,0.008960571,5.1952324e-05,4.816429e-07,1.2440501e-05,1.6542399e-05,3.1303287e-05,0.0003398045,1.7186123e-09,2.5966647e-08,5.4566024e-10,4.8261242e-08
0.003734199,0.046500813,0.1466336,0.2164666,0.21773978,0.12678958,0.046068225,0.048981342,0.028633762,0.0065080193,0.05692425,0.0048479354,0.00751264,0.0010508738,0.0001446028,0.0057847113,0.0351434,0.00014328524,0.00025690437,7.9550206e-05,2.1233669e-05,2.8564553e-05,6.1212595e-06
1.33120865e-08,3.3590165e-08,1.1407899e-06,3.6654674e-05,0.00066001975,0.081513666,0.18745048,0.26695752,0.29812717,0.11938071,0.010408253,0.00090400985,0.02290663,0.0067665773,0.0035662542,0.0006129,0.0002139273,0.00040080395,9.3061775e-05,1.4335104e-09,7.723104e-08,4.4144008e-10,7.1776384e-08
0.00012205099,0.0006810461,0.044699732,0.09041229,0.16442062,0.13232443,0.23084757,0.13043156,0.05585454,0.04688807,0.06801757,0.0028331303,0.030872842,4.7183614e-05,5.966206e-05,0.000988863,0.00044088898,4.719214e-06,5.040092e-05,1.2864582e-06,8.8923923e-07,3.564093e-07,3.6954964e-07
2.4755202e-05,2.640003e-06,4.2318006e-06,1.5487427e-06,2.4853616e-06,2.5260864e-05,0.00011030715,0.0063579986,0.012112745,0.00045382784,0.02328682,0.037724037,0.031998273,0.07973981,0.26679128,0.17625663,2.480329e-05,0.0001416007,0.011085186,4.249883e-08,2.290898e-06,0.35384557,7.850656e-06
4.2813463e-05,4.3775246e-05,0.00025394376,0.0030464025,0.02071996,0.060111027,0.08307101,0.08106337,0.22212492,0.25587192,0.07180267,0.09188878,0.043167975,0.00082915975,0.00056670705,0.0021534134,0.05969171,0.0025922426,0.0004932184,2.08015e-07,8.068641e-07,3.33579e-06,0.00046063133
0.0033996329,0.06658176,0.2486941,0.3530093,0.17429042,0.11076669,0.014201299,0.014446887,0.005011492,0.0012211221,0.0056289965,0.00039288768,0.00077289506,3.9863102e-05,1.6038339e-05,0.00027613103,0.0011993693,2.2766053e-05,1.8424595e-05,2.5361003e-06,2.831872e-06,2.7315182e-06,1.7930382e-06
0.022566898,0.048011146,0.5215916,0.05899,0.1257492,0.030589698,0.055188388,0.081145085,0.007987146,0.013290154,0.02674794,0.000961619,0.004598967,0.00012757363,0.00011444966,0.0017797328,0.00029997595,3.4873032e-05,0.00013050869,5.7400634e-05,1.4397286e-05,1.2590477e-05,1.0628535e-05
8.3852e-06,2.623313e-06,2.4041225e-05,0.0008799989,0.029737845,0.13026991,0.24763761,0.42087975,0.083366066,0.042779393,0.008914818,0.030805707,0.0036295804,0.00036268868,0.00016991177,3.5896417e-05,0.00039572507,2.7984273e-05,7.153883e-05,8.753616e-09,1.0468384e-07,1.3427973e-07,3.4294797e-07
1.6062307e-07,8.296963e-07,3.6370267e-05,0.0006252932,0.003912356,0.49295962,0.35044125,0.031266574,0.107386276,0.009971478,0.0010816881,6.854176e-05,0.00090644805,3.092795e-05,2.4889849e-05,0.00028574752,0.0009809156,1.4236119e-05,6.4307565e-06,3.7888617e-09,2.5449214e-08,2.8104972e-09,6.0248425e-08
0.01734697,0.032778487,0.21146443,0.08613164,0.09563887,0.102424696,0.08449256,0.19725263,0.03844763,0.027188497,0.042678975,0.023380546,0.018668247,0.002727226,0.00045318177,0.01619609,0.0007915522,0.0001435122,0.0012883854,0.000322416,8.50542e-05,7.8533274e-05,1.9920164e-05
1.679026e-05,6.4756336e-05,0.0017098493,0.05918927,0.096073605,0.34527227,0.22505853,0.14810269,0.045418274,0.026352275,0.0018540928,0.019899081,0.029892145,0.000531594,1.1946976e-05,0.00032430934,3.5770812e-05,1.0906564e-06,0.00019117087,1.5059922e-07,2.143529e-07,7.65298e-08,3.8351796e-08
0.0014109872,0.017691854,0.04988562,0.3301188,0.2098521,0.260561,0.045221765,0.02879928,0.019159487,0.0035469611,0.009793072,0.0016464522,0.0052101784,0.0005219155,2.079148e-05,0.0015508721,0.014718962,0.00014027198,0.00011823569,1.7448958e-05,4.691976e-06,7.85923e-06,1.3829065e-06
3.0252565e-06,5.0056365e-06,5.6075365e-05,0.0013665798,0.001389083,0.024172898,0.038205266,0.045663483,0.055646725,0.02973901,0.1306285,0.4122725,0.1892749,0.06261133,0.006096867,0.0003514219,0.0015311763,0.00043034815,0.00055267446,3.9297467e-07,2.9826788e-07,1.8884672e-06,5.782477e-07
3.1552397e-06,3.8033344e-05,0.0014783585,0.019927206,0.038577415,0.41040406,0.37311307,0.08217335,0.038442437,0.02442248,0.003912819,0.00017886059,0.0062774243,5.811894e-05,6.252235e-05,0.00015513475,0.0007130852,4.167894e-05,2.0635465e-05,5.7340607e-08,1.4604977e-07,9.265051e-09,2.9994098e-08
5.5341395e-08,2.507426e-08,7.278282e-07,1.3618541e-06,8.6118096e-05,0.00028662727,0.032309398,0.036284264,0.064451545,0.036310434,0.0186145,0.0003878104,0.00086992903,7.648859e-05,6.497813e-09,0.8098979,0.00032185938,1.0585242e-08,0.000100906516,1.12535946e-10,1.103268e-08,3.6255338e-10,1.2428672e-08
2.3596482e-05,0.00023084925,0.0027639475,0.016110193,0.08687726,0.6595525,0.1255882,0.02873273,0.053085636,0.011346329,0.004668465,0.00073530414,0.006007705,0.00017877851,0.0004827071,0.00046246158,0.003049924,7.924757e-05,2.2119391e-05,2.5482896e-07,9.982259e-07,1.8476736e-07,5.8592303e-07
5.3161216e-06,2.6127243e-05,0.0002773897,0.006574388,0.008899993,0.15059038,0.24409173,0.25791892,0.11468736,0.08081152,0.01838718,0.002612444,0.08645879,0.006047246,0.0014109667,0.009266172,0.007815694,0.0033066636,0.00078641623,1.8083132e-05,6.3641783e-06,5.020572e-07,2.9516647e-07
1.3351136e-06,4.012507e-06,0.0006555735,0.023009669,0.05918489,0.13452002,0.47256425,0.13796574,0.08071286,0.029659193,0.013002496,0.0055869278,0.042871337,4.721065e-05,8.545105e-06,0.00011030303,7.661467e-05,3.0219712e-07,1.8647555e-05,5.8459935e-09,1.5624472e-08,1.2471054e-09,3.4757142e-09
0.0033505282,0.0065570613,0.06614811,0.041471004,0.102949105,0.118521236,0.11077015,0.22413075,0.06343144,0.075097114,0.061069902,0.038292624,0.040246114,0.0063818656,0.00049066596,0.036761656,0.0011033275,8.9064626e-05,0.0025384568,0.00048502535,6.7275105e-05,4.1648476e-05,5.885737e-06
2.4959198e-07,1.04198335e-07,2.4786123e-06,0.00012191987,0.0029383304,0.14198835,0.19032331,0.27472278,0.073983,0.2242777,0.012842143,0.05967629,0.015640501,0.00022217832,3.6727415e-05,0.0014374668,0.0012712958,2.7974203e-05,0.00048339725,8.890449e-08,4.42154e-07,6.1703416e-09,3.2814207e-06
0.00608961,0.07501778,0.2136375,0.31519613,0.20659137,0.09450576,0.024506886,0.02676911,0.009983903,0.0028870099,0.013364749,0.0018279409,0.003781376,0.0003811817,0.00010575245,0.0016323793,0.0034788225,9.1924376e-05,8.903322e-05,2.7528095e-05,1.4744794e-05,1.43551515e-05,5.0967674e-06
3.4792603e-05,0.00025710795,0.023137601,0.2026367,0.16025952,0.2845505,0.16693112,0.09133089,0.024809077,0.027036497,0.006658389,0.00034767383,0.01178951,2.2261545e-06,1.7579155e-06,0.00013126298,7.454551e-05,5.53102e-07,1.0120447e-05,3.2342232e-08,5.8841113e-08,1.9044666e-08,6.5286635e-08
0.00093923794,0.011009793,0.05557583,0.43140534,0.27373844,0.19765119,0.016475568,0.007442356,0.0030096502,0.0007529409,0.0010487699,0.00011574417,0.00055301696,2.742038e-05,2.8523248e-06,3.5790483e-05,0.00017144276,3.3605407e-05,9.384675e-06,4.3263427e-07,5.5862233e-07,3.8422084e-07,2.1398333e-07
0.005733557,0.055261504,0.24829409,0.27264127,0.31226057,0.08839951,0.0071188337,0.0047655273,0.0027693682,0.0007429602,0.0012525228,0.00016215221,0.00032061143,1.7439737e-05,1.2509357e-05,6.620107e-05,0.00014752937,2.1895727e-05,7.1600602e-06,7.399024e-07,1.5998178e-06,1.0601443e-06,1.3380499e-06
0.0013113817,0.006450878,0.10425706,0.049196843,0.16871874,0.07942479,0.111377746,0.18544285,0.034667008,0.13571034,0.082023546,0.0013162544,0.017845472,0.00036714372,0.00015501947,0.018619843,0.0023195061,2.9886101e-05,0.00033405106,0.00039659144,1.977045e-05,9.956367e-06,5.2588753e-06
0.0040063774,0.071889214,0.22784044,0.3544958,0.18225819,0.11283132,0.015174297,0.015530886,0.0053800894,0.0013058813,0.0058380235,0.0004764163,0.0009366984,6.317148e-05,1.9895597e-05,0.0003607198,0.0015273101,2.8841363e-05,2.3248002e-05,4.1530193e-06,3.4272853e-06,3.630355e-06,1.970814e-06
0.0003289293,0.008177714,0.054504454,0.10161473,0.19218835,0.21800314,0.10083071,0.04823967,0.06358198,0.0067251977,0.13833107,0.0021365674,0.0057089017,0.00027175687,5.1524843e-05,0.0012947083,0.05786087,3.081784e-05,0.00010807504,5.1531747e-06,2.7623075e-06,2.2688278e-06,6.5288225e-07
9.18177e-05,0.0002918943,0.0035581342,0.004340515,0.02893963,0.048114624,0.045655537,0.081681795,0.054473884,0.34639302,0.055981837,0.013427331,0.044744413,0.017106067,0.00036365725,0.23767477,0.0044848565,4.325228e-05,0.011142643,0.0014499326,2.2938344e-05,1.6803526e-05,7.08331e-07
0.0005304251,0.006638508,0.057011116,0.32019478,0.37519217,0.20482601,0.02049531,0.0077445772,0.0033097581,0.0014957163,0.00094745663,0.00012178597,0.0013011593,2.648938e-05,9.120891e-06,2.8201051e-05,8.135294e-05,3.338874e-05,1.1417729e-05,2.2039247e-07,5.824261e-07,1.8578386e-07,2.1320793e-07
4.3005875e-06,2.227809e-06,4.4253547e-06,1.3117597e-05,3.155014e-05,0.00080399326,0.0006238314,0.00949865,0.011068676,0.0022337555,0.114243954,0.023032509,0.04628201,0.090001665,0.0092542805,0.5521909,0.0029558886,0.1283248,0.0074483487,0.00060533016,5.8034573e-05,0.0012859941,3.179644e-05
9.134238e-06,7.65693e-05,0.0027173755,0.01817079,0.53176117,0.40051818,0.033114817,0.0030019402,0.0067234533,0.0037050564,0.00011938342,2.612528e-05,4.664269e-05,5.532632e-07,6.4442634e-07,8.221473e-07,6.79054e-06,4.362799e-07,7.369971e-08,1.2728663e-10,1.8857302e-09,2.5071023e-10,5.764334e-09
3.0593108e-06,6.511124e-08,9.578389e-07,1.2644143e-05,0.005966127,0.0024254366,0.2770702,0.3667494,0.25274682,0.021803403,0.06884895,0.004268675,8.847384e-05,5.7660336e-06,1.7741218e-07,5.0439703e-06,3.734673e-06,1.0964426e-07,9.4368716e-07,1.8775296e-12,2.93097e-10,8.998626e-10,1.355047e-09
0.00016765192,0.001159694,0.026657248,0.029775335,0.07170809,0.046048526,0.090971775,0.110856414,0.07151371,0.04611231,0.479537,0.004442686,0.012312663,0.00019060669,0.00016346836,0.0044398187,0.0037334592,2.2592478e-05,0.00015244464,2.7617416e-05,3.2410026e-06,2.7193746e-06,9.946968e-07
3.46453e-07,1.220851e-07,3.3070933e-06,3.2789845e-05,0.003612343,0.013614541,0.23508792,0.214914,0.21147321,0.19796623,0.0025161428,0.00029223642,0.002965162,3.499153e-05,1.2090718e-09,0.11699333,7.1037466e-05,9.968259e-08,0.00042217248,2.579128e-10,6.310768e-08,4.396524e-11,4.1669406e-08
1.9926127e-07,6.0706256e-08,1.0440206e-06,1.1646764e-05,0.000234764,0.008800633,0.013064212,0.04422281,0.010322462,0.1687887,0.022678047,0.010715283,0.56707287,0.055082813,0.010287059,0.010462244,0.062461816,0.00020596359,0.0149245085,0.00065811054,3.9033544e-06,5.426503e-07,2.6682775e-07
2.608056e-07,8.078232e-08,1.744019e-06,1.529322e-06,1.7921675e-05,9.7852724e-05,0.018697381,0.011686893,0.17872915,0.28342384,0.18354319,0.0077906745,0.039199125,0.008179501,4.9696223e-06,0.08001709,0.18743287,2.8592785e-06,0.0011717252,1.4133122e-09,6.8306825e-08,6.7761555e-08,1.2559015e-06
6.416226e-07,4.623753e-07,8.228605e-06,6.3169085e-05,0.002349071,0.012995865,0.30529046,0.1465019,0.2628447,0.12797599,0.018608466,0.007592681,0.0015210587,0.000101441874,6.0267564e-07,0.11334093,0.00076657976,3.1541722e-07,3.653998e-05,2.685282e-09,5.99403e-08,1.3366442e-08,7.792645e-07
1.2720893e-06,1.4180034e-06,1.4562027e-05,0.0008501067,0.00700214,0.06881958,0.19230029,0.3032126,0.10461281,0.044906132,0.0062799063,0.197413,0.035462473,0.035140295,0.00022520547,0.0022732674,0.0009643468,5.3987615e-06,0.00051451917,1.86917e-07,3.8179172e-07,4.021776e-08,4.8513083e-08
1.6542318e-06,1.3404326e-06,6.76022e-06,0.00016746751,0.00088816346,0.011846417,0.040799722,0.057910528,0.06566816,0.056059755,0.052712157,0.63142514,0.040910717,0.013255228,0.01042166,0.00012060967,0.017600425,0.00010404068,9.7235956e-05,8.332843e-08,2.064008e-07,1.1757835e-06,1.3410081e-06
2.9704186e-08,1.8238332e-08,8.297068e-07,2.4248626e-05,0.0018467673,0.0061358134,0.27804545,0.29898748,0.079928495,0.03093536,0.0011418887,0.00032027104,0.0044492297,3.7396e-05,6.925534e-11,0.29793417,1.4506567e-05,1.7577904e-09,0.00019802613,4.4679482e-11,7.146812e-09,8.045528e-13,2.1839439e-10
1.3851134e-06,3.7219147e-07,3.4024868e-06,2.3727478e-05,0.00038361832,0.0052517806,0.044927634,0.03389134,0.4437678,0.41391346,0.012208127,0.037424646,0.0010537846,9.569663e-05,0.00034245488,0.00068247213,0.0060135527,2.6788227e-06,4.8873466e-07,5.1872867e-10,1.1591667e-08,1.5519451e-07,1.136592e-05
5.9567947e-06,1.2233954e-05,7.672892e-05,0.00017077201,0.0010045533,0.0044106445,0.008934292,0.030121744,0.026902104,0.07706784,0.26496476,0.024143796,0.12521242,0.07712889,0.0070681893,0.27108845,0.045243803,0.00097579183,0.0035672411,0.031797536,6.4721e-05,3.507426e-05,2.4674043e-06
3.3776914e-06,2.1662203e-05,0.0023101536,0.0071313656,0.02173313,0.015072445,0.06355745,0.067637995,0.05007235,0.022688895,0.7231003,0.010266229,0.014663966,7.973561e-05,4.6365705e-05,0.0009679764,0.0006230319,1.6667291e-06,2.0056343e-05,1.3529984e-06,3.4447947e-07,3.652493e-08,2.269321e-08
9.1075e-06,1.9932468e-05,0.0013048555,0.0038570336,0.02498327,0.054434218,0.13761549,0.13036543,0.0502402,0.27318972,0.076899454,0.00507003,0.22159961,0.0011714062,0.0008970017,0.0118194185,0.0054460587,8.220003e-06,0.00097037683,9.534788e-05,3.2540102e-06,4.2324834e-07,1.7641074e-07
2.651927e-07,9.594531e-07,0.0001500323,0.014635916,0.01208659,0.04739191,0.53390265,0.17027448,0.11369298,0.010512115,0.037486926,0.024467349,0.03517941,0.00012724614,1.9696054e-06,4.260411e-05,4.204388e-05,4.419109e-07,4.101887e-06,1.1681972e-10,8.849916e-10,1.5849089e-10,1.3749829e-09
1.335672e-07,7.2452275e-07,7.181821e-05,0.00086399977,0.018399933,0.693928,0.20357606,0.011821009,0.05122209,0.019476507,0.00031136518,3.1434236e-05,0.00013890694,2.8602653e-06,6.66058e-06,1.3901766e-05,0.00013279328,1.3290615e-06,4.3782222e-07,1.5262648e-10,3.6138368e-09,1.73095e-10,1.5328744e-08
0.23949736,0.42084637,0.27615932,0.038536347,0.008952145,0.0042140502,0.0029797854,0.002241778,0.0011919545,0.00047164256,0.0018938438,0.00055184664,0.00044302724,0.00032860128,0.0002360042,0.0004889551,0.00028010865,0.00034465836,0.000102823135,4.2575924e-05,2.6427773e-05,0.00013935154,3.1093474e-05
5.7552814e-08,1.9486814e-08,2.552796e-07,4.72912e-06,1.719685e-05,0.00018318884,0.0008708352,0.0040159016,0.009534353,0.017184498,0.46763548,0.2098693,0.10137499,0.08095188,0.051533166,7.0781694e-05,0.04719327,0.008173102,0.0013857133,1.1563759e-08,2.360947e-08,1.0550524e-06,1.6848124e-07
6.048195e-07,3.4376937e-06,0.00013933028,0.0033655735,0.02679965,0.51040614,0.29628548,0.06191796,0.0553318,0.041440893,0.0010791466,0.00016023136,0.002299247,6.5787164e-05,0.00036767343,7.0381706e-05,0.00022127536,3.8248218e-05,7.0056085e-06,5.754597e-09,6.4824974e-08,1.7681164e-09,6.1282414e-08
1.2289408e-06,7.689983e-08,2.3295545e-06,8.176589e-06,0.00079954864,0.0006514577,0.15613738,0.07845328,0.5395974,0.124477044,0.052091327,0.045709837,0.00020585861,9.97013e-06,2.9782316e-07,0.0014708966,0.00038333397,2.4813946e-08,5.6413944e-07,2.5153667e-11,7.590779e-10,3.5350751e-09,6.094287e-08
1.4922052e-06,6.786815e-06,5.9708676e-05,0.0017473937,0.0007352538,0.09103847,0.06734749,0.03778288,0.052224193,0.018929983,0.02698704,0.39837122,0.26177248,0.04064656,0.00044459003,0.0001693477,0.001603716,6.284664e-05,6.759656e-05,3.969681e-08,5.166944e-08,4.392815e-07,3.921056e-07
0.20912756,0.21675837,0.3030967,0.073443845,0.035936277,0.030193577,0.028835034,0.054147862,0.0098041445,0.005745704,0.009706641,0.007007655,0.004918807,0.001970701,0.00035288776,0.006894999,0.00040802517,0.00024675168,0.0008124345,0.00022106415,9.936244e-05,0.00022514495,4.64901e-05
2.734965e-06,1.4759201e-05,0.00025783977,0.01469939,0.009190765,0.27909362,0.1995241,0.1689462,0.054749336,0.0111686755,0.012585154,0.19361265,0.044447802,0.010603405,5.4497843e-05,0.0006950205,0.00029083222,3.0374345e-06,5.9748836e-05,8.282762e-08,1.3313533e-07,1.2369735e-07,1.16027834e-07
9.440486e-06,1.1936146e-05,0.00038905555,0.0020008718,0.010693728,0.04502813,0.09277908,0.12478669,0.08192529,0.16139251,0.13063504,0.012988533,0.28321016,0.0061942656,0.006625871,0.024728177,0.014497928,0.00015904279,0.001793332,0.00014139738,5.6812437e-06,2.706752e-06,1.1351655e-06
0.00075727695,0.013357442,0.07413606,0.25251147,0.20622844,0.24624392,0.06863427,0.05705696,0.025965666,0.009736299,0.018705232,0.0017759835,0.009849787,0.00044685154,5.2752926e-05,0.0023440593,0.011932576,9.638493e-05,0.00014476098,1.3983307e-05,4.7332783e-06,4.2624883e-06,8.944977e-07
2.4583364e-06,1.8533851e-07,2.392593e-06,7.036529e-06,0.0017922592,0.0038943936,0.11641912,0.055616762,0.34234276,0.42460153,0.020088619,0.0015726724,0.003104905,0.0007009062,2.3536634e-07,0.02659807,0.000114964605,1.0667046e-05,0.0031229933,4.5924375e-09,1.919756e-06,9.961862e-09,5.1063353e-06
3.8242665e-06,8.3095365e-06,0.00061641505,0.00627802,0.023007985,0.06731486,0.18336433,0.14430793,0.10429704,0.10584362,0.1326555,0.01122742,0.209807,0.00083073735,0.0017746625,0.0037379314,0.004588049,1.5721671e-05,0.00031423706,5.3360823e-06,7.249701e-07,1.8762796e-07,1.3499341e-07
6.483863e-07,2.7421836e-06,4.1854382e-05,0.0021215677,0.0120594995,0.54094017,0.24887861,0.09110881,0.05167321,0.043496363,0.0010137178,0.00024063529,0.0054185297,0.00056665874,0.0009073555,9.12032e-05,8.2248334e-05,0.0013371732,1.8662255e-05,2.6744084e-08,1.8609629e-07,5.2516875e-09,9.643451e-08
7.313584e-07,6.5821814e-06,0.000549953,0.008217782,0.11372027,0.69256514,0.13621259,0.012877264,0.017141528,0.018077947,0.00024203541,3.1853117e-05,0.00030743793,3.195149e-06,6.762725e-06,4.1996077e-06,3.2174266e-05,1.8765729e-06,6.4233404e-07,3.2111985e-10,4.891399e-09,1.7606794e-10,6.3942664e-09
1.1450794e-05,1.0998293e-06,7.723648e-06,1.6455006e-05,0.0005542367,0.0014816585,0.017811643,0.024906475,0.09907574,0.2151213,0.031613093,0.002828562,0.017319124,0.0022700245,7.5097714e-06,0.39709875,0.0032072428,2.3690893e-05,0.18637347,4.3964752e-07,0.00010857841,1.8265938e-07,0.00016156356
5.868943e-07,2.9933204e-07,3.989252e-06,0.0009774159,0.034508184,0.26752543,0.293559,0.17851697,0.13548832,0.051138602,0.0009253873,0.00012893754,0.012281334,0.00020932619,3.902621e-06,0.0005450766,0.0006189852,2.3584978e-05,0.023544494,1.0048782e-08,1.10273014e-07,1.4139518e-08,2.3147967e-08
5.8781154e-08,7.856068e-09,2.1998632e-07,2.29614e-07,5.998955e-05,7.699748e-05,0.02239775,0.029447481,0.13343121,0.0799141,0.11784492,0.0003480832,0.0053589577,0.0005780434,2.4102672e-08,0.60680836,0.0009990201,2.8359723e-08,0.0027344709,1.3935075e-10,6.958196e-08,5.378728e-10,5.2533204e-09
3.827415e-06,5.807124e-06,0.0003439935,0.006319233,0.02605827,0.15289158,0.16078945,0.18082793,0.06803815,0.11731811,0.028005108,0.006697214,0.24190886,0.00076403824,0.00091705006,0.0029613073,0.0055145225,1.9672883e-05,0.0006114448,3.0756605e-06,6.660311e-07,1.7009897e-07,5.000183e-07
6.648828e-08,4.5166324e-08,7.440411e-07,0.00030292835,0.012228899,0.21933639,0.100336134,0.11159751,0.015552458,0.3044946,0.00020414082,3.3493026e-05,0.20434049,0.00028630014,4.6421906e-07,4.046115e-05,7.185907e-05,4.656763e-06,0.03116808,1.7301463e-07,6.39192e-08,6.5007444e-10,1.54945e-09
3.337001e-09,3.3329746e-09,5.8317088e-08,4.543035e-06,1.203932e-05,0.00012837374,0.00088965835,0.005134878,0.009439404,0.009227118,0.12266015,0.05807155,0.058683164,0.6321583,0.092674956,0.000283258,0.007309955,0.0007508744,0.0025710398,1.4010229e-08,5.366116e-07,5.1565856e-08,7.416806e-08
2.4351039e-06,8.957995e-06,0.00033188646,0.042507708,0.08773535,0.43669552,0.2454966,0.1510293,0.021224707,0.007917004,0.00057188695,0.0039848885,0.0024555034,1.04079e-05,7.9482993e-07,1.3603542e-05,4.636925e-06,1.7601603e-07,8.6100235e-06,8.437806e-10,4.799519e-09,1.9394364e-09,3.6329004e-09
1.3892628e-07,1.5286695e-08,5.773357e-07,1.7816718e-06,0.0015128,0.00076433265,0.07655911,0.015829526,0.62577534,0.26835462,0.0089994585,0.00041093334,4.22081e-05,7.917635e-07,4.148265e-09,0.001124766,0.0006216867,6.79313e-08,1.0483782e-06,1.7501928e-12,1.6755447e-10,2.0195089e-10,7.651009e-07
6.107976e-06,6.5032174e-05,0.0019607337,0.04895427,0.22383979,0.63619626,0.06854211,0.007846762,0.0065184054,0.0052642017,0.00023484146,3.1870462e-05,0.0004906256,7.4892523e-06,4.352478e-06,2.9768094e-06,1.8026487e-05,1.4686742e-05,1.4157121e-06,2.2065076e-09,1.8708652e-08,1.7466504e-09,1.0746406e-08
1.603013e-06,1.0336531e-06,6.423625e-06,1.4220169e-05,0.00043164572,0.0021747027,0.12361069,0.0748297,0.20383532,0.41651088,0.074671276,0.019101838,0.02138183,0.006952683,9.9031706e-05,0.04246544,0.012925141,1.310632e-05,0.0009694771,4.085983e-08,1.1901451e-06,3.7076796e-07,2.302857e-06
7.1275394e-07,7.5649086e-07,2.7061915e-05,0.0038734218,0.07028793,0.34503815,0.36444074,0.136488,0.05535337,0.022886511,0.00047569396,0.0001760558,0.0007538292,7.115991e-06,9.0321737e-07,4.6111905e-05,1.930317e-05,2.0553866e-06,0.00012221895,5.346032e-10,7.398009e-09,2.0604864e-09,1.3052565e-08
0.15253964,0.39821327,0.3094452,0.08910411,0.021997308,0.0090496,0.0051680147,0.0040763835,0.0018278641,0.00069049315,0.0032370063,0.000935236,0.0007449013,0.0005031596,0.00022967726,0.0009417997,0.00055259105,0.00033368738,0.00011759195,8.0264115e-05,3.9171286e-05,0.00013986313,3.319181e-05
1.4365729e-06,1.8134665e-06,1.2371952e-05,0.00021788866,0.0020177087,0.05956759,0.17174315,0.059897892,0.26457864,0.16391855,0.0075711757,0.260707,0.005332237,0.00033239118,7.651281e-05,0.0005729504,0.0034414437,3.4569296e-06,2.6915923e-06,4.966576e-09,4.247573e-08,1.367263e-07,2.9527152e-06
0.32686988,0.40869373,0.22927871,0.019722749,0.004636504,0.0024371142,0.001994792,0.0015507692,0.0008057355,0.00035569677,0.0013174387,0.00040783326,0.00032810553,0.00026656402,0.00023602552,0.00032158179,0.0001590618,0.0003223806,9.541087e-05,2.601936e-05,1.832462e-05,0.00012963211,2.590013e-05
2.7723822e-06,8.344468e-07,8.201609e-06,7.431062e-06,0.0001573769,0.00018068436,0.0032878958,0.0015514053,0.1546276,0.08753048,0.017218169,0.0011777957,0.0011434845,2.3155208e-05,4.6380687e-06,0.0050921114,0.7266975,5.6080487e-05,4.083095e-05,1.4473853e-10,3.3314254e-09,1.2399421e-07,0.0011915376
7.184956e-09,6.0471668e-09,3.3200855e-08,1.0848257e-06,1.6060965e-06,0.000105273764,0.0009901982,0.013194318,0.046255745,0.036668852,0.063122466,0.026433546,0.00072601566,1.8402025e-05,0.0006144304,0.0019841965,0.8098722,3.2737117e-07,2.0749637e-06,3.6458107e-11,9.813812e-10,2.5102654e-08,9.185988e-06
3.815255e-05,3.111661e-05,0.00011119106,0.00034853627,0.0026473943,0.007071075,0.012941021,0.014695058,0.02708031,0.062384572,0.10374139,0.029154785,0.1352938,0.3357518,0.0042257137,0.16376278,0.040445533,0.0039881663,0.05260915,0.0033535832,4.81072e-05,0.00027413547,2.628843e-06
6.151759e-07,8.6271015e-08,1.6702394e-07,2.7466545e-05,0.0010524761,0.13974488,0.050220717,0.31457114,0.06619984,0.22685233,0.010222859,0.0070760483,0.16354705,0.00075997383,1.2216063e-05,0.00081108767,0.00034542847,0.00050912844,0.017910058,6.1723827e-06,0.0001276472,3.0549593e-08,2.6119865e-06
4.7647026e-07,1.542824e-05,0.0020316453,0.02169798,0.043229666,0.42655167,0.40189922,0.050825074,0.03861271,0.007453012,0.006342045,5.6949615e-05,0.0008208088,2.347388e-06,1.4384397e-06,2.999306e-05,0.00042762424,5.5671774e-07,1.2331114e-06,8.2582985e-10,5.9252003e-09,2.2604939e-10,1.7710776e-09
0.0155636,0.13907352,0.29351127,0.30918476,0.15704535,0.05451074,0.00927326,0.01052021,0.0035431546,0.0009749075,0.0039640013,0.00059771177,0.00086125795,0.0001085501,4.3423268e-05,0.000397704,0.0006737484,7.654789e-05,3.6713023e-05,1.23155605e-05,1.0407044e-05,1.0455022e-05,6.3765187e-06
0.111493155,0.38764355,0.2893497,0.13710855,0.03776926,0.013211952,0.00604735,0.0053566196,0.001828601,0.0007059304,0.0035069336,0.0013768257,0.0010078867,0.00084202044,0.00016721664,0.0013641369,0.0005546619,0.00028197726,0.000110180576,0.000109154375,3.4530047e-05,0.00010901123,2.0759117e-05
6.9922494e-09,2.8092101e-08,2.996078e-06,0.00015270266,0.0035508124,0.23026729,0.4783222,0.12010383,0.07175795,0.09438945,0.000522024,4.5495537e-05,0.00076988473,2.4127912e-05,4.2439886e-05,1.6765933e-05,2.3024948e-05,6.879485e-06,2.194343e-06,1.0364916e-10,3.3576197e-09,7.509752e-12,2.8307123e-09
8.7426895e-07,4.8463664e-07,1.1235738e-05,0.00050381356,0.0025767263,0.022579264,0.059727956,0.09051423,0.039572503,0.02332683,0.031832986,0.5588779,0.10601021,0.06274155,0.00088788476,0.00017770757,0.0003300121,7.713414e-06,0.00031973363,2.6934993e-07,1.00263684e-07,5.1853064e-08,7.896456e-09
2.0840985e-06,4.0322243e-06,0.00012634257,0.0049878703,0.033394262,0.28690037,0.22675827,0.24590328,0.07834123,0.06038014,0.009070581,0.012151079,0.040393922,0.00013996688,2.7135888e-05,0.00028851576,0.0010578382,4.9673845e-06,6.785127e-05,1.6959232e-08,6.429897e-08,1.05830615e-08,1.8692154e-07
5.598305e-07,1.3344849e-08,1.9627586e-07,1.4132065e-06,0.0016886912,0.0008559413,0.26262727,0.15692222,0.41311967,0.14564705,0.01631968,0.0026256253,0.00011465667,5.159752e-05,8.418096e-09,1.8408633e-05,2.0133468e-06,7.0086276e-07,4.2055376e-06,2.487199e-12,8.7823787e-10,4.5789236e-10,1.0681979e-08
2.9416507e-05,1.7421778e-06,1.38262785e-05,1.3044635e-05,0.0012257403,0.0011161324,0.04189371,0.032597676,0.26164123,0.32894757,0.13810736,0.008978096,0.011950117,0.010620773,1.6046628e-05,0.118932225,0.0015035934,0.000107512176,0.041408066,1.4821242e-07,4.191352e-05,2.041182e-06,0.0008519692
5.410939e-07,7.1738145e-07,3.167985e-05,0.0015512658,0.005496024,0.12013171,0.16490045,0.31365317,0.110237524,0.11243318,0.040874213,0.031207805,0.08552754,0.00096133444,0.0029616707,0.0015943537,0.008128693,8.477693e-05,0.00022240361,2.5867908e-07,1.5539665e-07,5.73179e-08,4.776244e-07
1.0008318e-06,9.304491e-08,3.312153e-06,9.903324e-06,0.0018967738,0.0016211886,0.3321176,0.12403258,0.31960264,0.14921245,0.057520296,0.008155936,0.0004120398,5.4288692e-05,1.5466331e-07,0.0051848385,0.00016420601,1.367806e-07,1.0511624e-05,9.533561e-11,6.7697847e-09,3.993796e-09,5.054612e-08
0.00015494978,0.0039189104,0.08624329,0.3018047,0.29891348,0.26887694,0.023796653,0.008857882,0.0042983177,0.0011380992,0.0013155491,8.1988015e-05,0.0004950089,2.6491787e-06,2.8707075e-06,1.495571e-05,8.066127e-05,1.8823757e-06,1.1406869e-06,1.4935177e-08,5.7444023e-08,1.723066e-08,3.780984e-08
0.35081288,0.38663772,0.22979964,0.017661966,0.0039137923,0.0022371882,0.0020628574,0.0015381188,0.00082413,0.00036994327,0.0014408043,0.0004586047,0.00034963948,0.0003225604,0.00028896125,0.000364716,0.00018507203,0.00037387948,0.000116879244,2.7129754e-05,2.0430958e-05,0.00016173873,3.1358864e-05
2.2328985e-08,2.6375983e-07,3.529133e-05,0.0020916723,0.013467088,0.11559093,0.34934875,0.35145435,0.13268025,0.019599458,0.009996232,0.0007896181,0.0046060504,0.00013528891,2.4279283e-05,7.293924e-05,0.00010212792,2.0521243e-06,3.4187415e-06,9.7929415e-11,2.8747629e-09,3.152889e-11,1.499388e-09
0.0006522055,0.012921434,0.07808533,0.35080072,0.23514326,0.2401355,0.03484924,0.023247983,0.008859839,0.0036549878,0.004803894,0.0004650154,0.004516604,0.00010321457,2.5765774e-05,0.00033428514,0.001294586,5.4668002e-05,4.563799e-05,2.0145221e-06,1.9999736e-06,1.1913404e-06,5.2952754e-07
3.2073356e-07,1.4731705e-07,6.0527304e-07,4.0994114e-06,3.4152563e-05,0.0006252305,0.0021559994,0.011491911,0.023528844,0.054345846,0.059527084,0.07833347,0.14676283,0.17315018,0.15126799,0.0018637227,0.2831566,0.0021679394,0.0115712155,1.1251873e-07,5.373959e-06,4.835989e-06,1.5039973e-06
2.0721407e-06,9.622593e-07,1.7112012e-05,0.00026393565,0.007414697,0.05594295,0.1876969,0.107267104,0.15838648,0.3976466,0.040675238,0.023585217,0.0062851068,6.8909016e-05,3.6828712e-06,0.008642686,0.0056035747,2.1682066e-05,0.00039184358,1.6065643e-08,3.7462107e-07,2.2888477e-08,8.286543e-05
1.4128027e-07,7.954787e-08,7.67292e-06,0.0008479133,0.0007546619,0.0031184764,0.028905777,0.04164415,0.070251994,0.013504224,0.6080978,0.14491749,0.06587921,0.0037132904,0.017236745,6.1328574e-05,0.0007114228,0.00026993427,7.7568286e-05,5.7897616e-09,1.0023636e-08,1.7079554e-08,6.413441e-08
4.5670394e-08,2.4319847e-08,2.5028618e-07,6.087833e-06,8.743419e-06,0.00057719636,0.00040708904,0.011667702,0.0069303974,0.011577248,0.098527685,0.3280348,0.09049031,0.034335025,0.30126476,0.006768935,0.10616282,0.0006885386,0.002048012,0.00015801287,0.00032024735,4.3942768e-07,2.5600883e-05
1.3545925e-06,2.3782502e-06,0.00021230112,0.013696921,0.017191725,0.08763885,0.2651103,0.1996456,0.12643358,0.052932836,0.086325146,0.02476137,0.117909,0.00035975533,0.00065946317,0.0023101398,0.004655867,6.8571285e-06,0.00014584578,2.6153404e-07,2.2157407e-07,2.6685507e-08,1.921503e-07
1.1459919e-06,3.7764014e-06,2.1442956e-05,0.00020472873,0.00025544665,0.024380818,0.016895507,0.06717084,0.043638658,0.056962825,0.3336834,0.06320667,0.29464227,0.0582199,0.00038123687,0.016855003,0.013418105,0.0045826198,0.002403391,0.0023692471,0.00070091203,1.7407524e-06,2.5022206e-07
0.8127855,0.14913529,0.035983365,0.00043477587,6.9748276e-05,0.0001059704,0.0003398062,0.0003911524,0.00010690752,5.21874e-05,0.00016525727,7.342988e-05,9.813829e-05,4.763641e-05,5.4144675e-05,3.2177493e-05,5.256419e-06,5.561798e-05,2.6259073e-05,1.9830803e-07,7.2956414e-07,3.371227e-05,2.7795709e-06
0.00013089532,0.0024228133,0.04449893,0.15497069,0.1574863,0.4506192,0.10376079,0.03761806,0.022695603,0.0053083384,0.011806196,0.00045137762,0.0041179145,3.8720304e-05,4.1211297e-05,0.00036797603,0.0036262504,1.8679202e-05,1.8314611e-05,4.741677e-07,7.63435e-07,2.5465664e-07,2.5611698e-07
1.7957963e-07,5.017257e-08,6.169016e-07,3.9100646e-06,0.0006455799,0.02533225,0.19122978,0.070933625,0.14014004,0.41870478,0.024451276,0.00030495718,0.07637287,0.039384693,0.00019236555,0.009722112,2.9802439e-05,0.0007542272,0.0017916355,6.2838477e-09,4.475521e-06,1.9429875e-09,7.726398e-07
0.0008377578,0.0037118362,0.17606388,0.07840568,0.21791753,0.079704955,0.15733536,0.15315907,0.022122208,0.039787814,0.0537928,0.0013627635,0.013489677,5.735451e-05,6.7590314e-05,0.0017804044,0.00032074336,5.3028543e-06,6.271892e-05,9.937468e-06,2.7898493e-06,8.8553276e-07,9.770202e-07
0.013250869,0.13001265,0.27432665,0.32248944,0.17021833,0.056294803,0.0101886075,0.010590173,0.003997166,0.001050357,0.004411125,0.00066226744,0.0011215131,0.00010609263,5.849115e-05,0.00038409786,0.00067455677,8.2251034e-05,4.0861956e-05,1.0893243e-05,1.1780517e-05,1.0056558e-05,6.993297e-06
1.5032604e-08,1.5160682e-08,4.1739543e-07,6.0621564e-06,5.860933e-05,0.00075338857,0.011793074,0.014076789,0.02264658,0.013791314,0.07972025,0.025515832,0.048885904,0.77860916,0.00042225514,0.00056396285,0.0010910098,0.00025867124,0.001806546,2.4915048e-09,1.3203051e-07,1.5866604e-08,1.9628999e-08
2.286924e-07,3.0080778e-07,2.2609425e-05,0.0013666285,0.06612319,0.29917255,0.45634595,0.08627701,0.037355416,0.052541453,0.00056839146,8.249388e-05,0.00014011246,4.6851547e-08,9.066213e-09,1.2508106e-06,1.977139e-06,5.9944504e-08,3.0608817e-07,6.2333715e-12,5.9102584e-11,2.6064241e-11,1.2401873e-09
2.123602e-06,2.2315896e-06,4.240275e-05,0.0006076327,0.016935794,0.09448602,0.24494676,0.078289986,0.14856198,0.38651067,0.013233379,0.007763314,0.00400509,2.3543787e-05,1.3008619e-06,0.0013127119,0.0032144352,5.3424624e-06,4.958216e-05,4.227648e-09,5.127472e-08,1.39224445e-08,5.6499375e-06
1.0008009e-06,1.9279023e-06,5.419794e-05,0.0042483243,0.06354881,0.23358057,0.43278334,0.21335165,0.033835422,0.014980688,0.00048985664,0.0017458899,0.001033974,2.0929967e-05,2.1534056e-07,0.00029712994,7.948834e-06,3.6762708e-07,1.7676259e-05,7.739422e-10,1.2704373e-08,1.5747067e-09,1.1560162e-08
0.002225046,0.04463513,0.17883012,0.3763359,0.21104592,0.13909683,0.017220285,0.016314497,0.0052474546,0.0014809379,0.0046212184,0.00039461063,0.0012711508,5.4315293e-05,1.5480922e-05,0.00026073604,0.0008967278,2.6634392e-05,1.9641533e-05,2.3291611e-06,2.3115049e-06,1.7724628e-06,9.3571896e-07
5.823113e-06,7.3706024e-06,0.00016528713,0.0022854127,0.008077837,0.039143093,0.08543197,0.117928915,0.070804365,0.03340645,0.1583975,0.35044068,0.09214467,0.037637156,0.0014228565,0.001467579,0.00051161926,5.9842878e-05,0.000656448,2.7996173e-06,1.4195147e-06,7.779575e-07,1.2238796e-07
0.00044704933,0.007275081,0.042909615,0.106091574,0.18750192,0.40981463,0.094173424,0.03596801,0.043837525,0.0060147657,0.027508242,0.0012939835,0.0078228,0.00025274337,9.550855e-05,0.001588005,0.027200287,8.32478e-05,0.000106090214,5.292504e-06,4.8601128e-06,3.6680665e-06,1.6842005e-06
2.9300267e-07,1.0195286e-06,1.4410212e-05,0.00029252234,0.0009836362,0.023594812,0.057197414,0.23518409,0.17738855,0.09949673,0.13316351,0.0149699915,0.11621876,0.066541485,0.046871718,0.01729031,0.006565865,0.0033866717,0.00082961237,4.052561e-06,4.1477274e-06,2.5159073e-07,1.9010706e-07
2.533177e-07,5.5208125e-07,8.145801e-06,0.0002178003,0.003055671,0.04646112,0.3996178,0.31515145,0.11415453,0.0406192,0.0060472814,0.020926552,0.01147722,0.007614139,7.21762e-06,0.034162562,0.00029778734,1.152855e-06,0.00017931304,2.1492612e-08,1.9687599e-07,7.011904e-09,6.1703254e-08
0.24869399,0.440284,0.24613234,0.039897844,0.008797198,0.004236165,0.0030145235,0.002361335,0.0011354986,0.00045577477,0.0018015095,0.0005913771,0.00048074187,0.00039523843,0.00024590146,0.00052475417,0.00025084126,0.0003481726,0.00010496263,4.856722e-05,2.773787e-05,0.00014304653,2.8489834e-05
9.275742e-05,0.00051544065,0.0061645596,0.010820546,0.039997444,0.025671007,0.049395103,0.058097858,0.1095198,0.027200127,0.6279898,0.010017855,0.014854778,0.0014613708,0.000566548,0.005277133,0.011148106,0.00019787211,0.0009684322,2.5428939e-05,3.6306024e-06,1.1324073e-05,3.0439055e-06
5.891257e-08,4.9129124e-08,6.7419332e-06,0.00082525157,0.0065224306,0.018313989,0.63694805,0.14716598,0.11518722,0.017729202,0.014331645,0.027285283,0.015040225,0.00031261452,6.157687e-07,0.00024156529,4.4688306e-05,2.3250387e-07,4.4235152e-05,2.3017595e-10,3.3536571e-09,2.873033e-11,1.4419032e-09
6.6495853e-09,1.7930713e-08,1.7747135e-06,8.176058e-05,0.002789525,0.29727975,0.43869513,0.066544876,0.102870375,0.090924755,0.0002817972,4.0463845e-05,0.00035228414,2.1721582e-05,7.6829085e-05,1.1763091e-05,1.5339943e-05,1.0751855e-05,1.0661668e-06,5.2103825e-11,1.9797308e-09,1.005947e-11,5.0373434e-09
0.0007235891,0.004728743,0.009798815,0.05608648,0.054213367,0.083325095,0.05542683,0.042867806,0.07616677,0.010360379,0.06856611,0.026405578,0.07487518,0.02832398,0.0005287062,0.10704923,0.29577613,0.0020968697,0.0015400872,0.0009461979,5.3396718e-05,0.00013526497,5.383258e-06
2.7525263e-07,3.5891752e-08,4.4981456e-07,9.983695e-05,0.025214007,0.07322889,0.2722648,0.5091369,0.10498616,0.012036631,0.0025352603,5.1194227e-05,0.00038777184,7.268125e-06,5.5608048e-08,1.593217e-06,2.8765505e-06,5.0152435e-06,4.0984414e-05,3.7763247e-12,1.3602349e-09,3.0412603e-10,4.79519e-10
4.265418e-05,0.00089214346,0.024856346,0.20658337,0.37152553,0.28433836,0.07352439,0.02667541,0.007225871,0.0025559035,0.0007144683,0.00012490005,0.00091366074,4.6399887e-06,1.7046516e-06,7.429928e-06,1.0969095e-05,1.1044508e-06,1.1705957e-06,2.1894366e-09,1.2262907e-08,2.5006823e-09,5.339517e-09
8.8819974e-07,5.9796054e-07,5.9998124e-06,0.00012386582,0.008259946,0.03794494,0.23399688,0.34601796,0.17581561,0.13941555,0.01298068,0.0033073723,0.010155308,0.0019811215,0.00024724458,0.020438654,0.004123261,3.1394557e-05,0.005150325,6.042096e-08,1.9286872e-06,3.9704926e-08,3.9552265e-07
1.7511886e-06,5.084259e-07,1.8265278e-06,6.0098946e-06,2.0693906e-05,0.0003273874,0.002266665,0.027212486,0.08847322,0.06141226,0.07332049,0.034705963,0.06517076,0.021352107,0.37710297,0.013960907,0.2253744,0.00068072975,0.008473409,5.5544277e-08,4.5669353e-06,9.209074e-05,3.869483e-05
2.3756088e-07,1.1609264e-06,4.9473238e-05,0.0025477563,0.023002215,0.67330337,0.22665684,0.022385325,0.024617292,0.026585206,0.00022817157,3.0926247e-05,0.000487132,1.4587058e-05,2.1005724e-05,8.394188e-06,3.0627394e-05,2.8530669e-05,1.6885276e-06,7.9234963e-10,1.1644025e-08,2.887891e-10,1.2536303e-08
0.00014281858,0.0001328794,0.00089424616,0.0020783606,0.023042794,0.04085893,0.046605855,0.05399758,0.049989317,0.15279476,0.048615836,0.0515032,0.19422595,0.16430648,0.0014863741,0.11853068,0.008223134,0.00027701873,0.04069909,0.0014904379,3.789093e-05,6.4838925e-05,1.5784999e-06
1.6378717e-05,0.00024322678,0.02215909,0.26803395,0.13808203,0.32918298,0.14486164,0.04837998,0.023206545,0.01633003,0.005381739,0.00024611567,0.0037634661,5.4845486e-07,3.9431453e-07,5.0362465e-05,5.944667e-05,2.0958669e-07,1.8114924e-06,3.9864654e-09,1.37516585e-08,5.0230886e-09,2.4082537e-08
0.83072066,0.122671254,0.045431092,0.00035881466,5.0893697e-05,4.4298038e-05,8.7143824e-05,0.00010583595,3.2417698e-05,2.2328984e-05,9.8634984e-05,3.1259362e-05,3.527264e-05,3.3157074e-05,0.00010160337,2.312072e-05,4.4623653e-06,8.670976e-05,2.5862137e-05,1.9135511e-07,4.672776e-07,3.202487e-05,2.5400348e-06
8.578015e-05,0.000112626374,0.0014326868,0.03143195,0.10155065,0.25396934,0.18905295,0.13819043,0.07280823,0.07524319,0.006045572,0.040580552,0.07989233,0.0050501446,0.0003080536,0.0007112791,0.00042887946,3.1020612e-05,0.0030641148,3.5859068e-06,3.004401e-06,2.6738467e-06,9.206034e-07
8.5178885e-07,1.5018006e-06,1.6055697e-05,0.00081776443,0.0020506764,0.06266699,0.23655446,0.2120433,0.09730224,0.026686504,0.011484016,0.22419776,0.056589823,0.06738032,6.998884e-05,0.001537915,0.0004567244,6.665532e-06,0.00013614442,5.4537903e-08,1.4993942e-07,4.7869072e-08,5.31499e-08
1.1810183e-05,1.8156285e-07,2.9179223e-06,1.8031881e-06,1.7772549e-06,4.3222503e-06,0.0035555307,0.007750407,0.23481458,0.509047,0.13286383,0.058940254,0.014474019,0.00013608609,0.026411248,0.00032485815,0.011655404,2.4334533e-06,1.7713586e-07,4.249793e-12,3.1699066e-10,4.0646455e-07,1.0583041e-06
2.4598878e-08,2.9168892e-09,1.18607424e-07,3.361999e-08,7.3659317e-07,3.8984435e-06,0.00049033825,0.00062901346,0.0057320385,0.0139804175,0.019524677,2.0635849e-05,0.020764802,0.003531787,5.5448177e-06,0.92068106,0.0018041384,4.5898392e-07,0.012829152,3.274145e-10,2.8883446e-07,4.180467e-09,8.072468e-07
6.060567e-07,1.975665e-09,1.282104e-07,6.63816e-08,1.2962488e-05,2.554913e-06,0.019163229,0.022524271,0.11319667,0.045023542,0.7751858,0.02457754,0.00014616131,2.0941105e-05,1.06962304e-07,5.6994064e-05,8.816349e-05,1.5303256e-09,3.3125787e-07,1.1335036e-13,1.1148889e-11,5.6809035e-10,8.5210544e-10
2.4362664e-05,5.0102528e-05,0.0012726682,0.01809279,0.08121702,0.25501925,0.1603993,0.11165151,0.082420275,0.1618852,0.004859824,0.015055415,0.09648937,0.0034683768,0.00012614335,0.0027231146,0.00028395306,5.234678e-06,0.004948888,5.0661392e-06,1.3488971e-06,6.552631e-07,1.2704791e-07
8.9287874e-05,7.661599e-05,0.0010582246,0.004288929,0.048580926,0.10588947,0.103636056,0.126284,0.087485485,0.15910396,0.019362936,0.08752485,0.17845736,0.04708815,0.00088826363,0.013902614,0.0014112871,3.7712824e-05,0.014709116,0.00010420071,1.2567208e-05,7.361288e-06,6.52127e-07
4.773933e-07,1.1362922e-07,1.5328422e-06,1.3891851e-05,0.001868763,0.009856393,0.15089399,0.0920537,0.29525718,0.424931,0.012020741,0.011939595,0.00031078004,0.00012783325,8.222479e-05,0.00041088683,0.00022161241,5.294727e-06,2.4969243e-06,4.432736e-10,1.6144385e-08,2.3703953e-08,1.443792e-06
5.0837043e-06,8.728494e-07,9.591164e-06,6.213399e-05,0.0041128993,0.006337066,0.38897187,0.1459595,0.21399748,0.15020363,0.030396774,0.057192285,0.0011835715,0.00019009311,4.8474544e-06,0.0009810973,0.0003797159,1.0938769e-06,9.913093e-06,2.2642526e-09,5.2540145e-08,6.1052e-08,2.561356e-07
2.6984703e-06,1.0691804e-06,2.2567483e-05,3.456915e-05,0.0023829162,0.0037612473,0.12217862,0.05869724,0.46004662,0.24768035,0.008472727,0.0006753743,0.0035124507,4.2773067e-05,1.3302901e-08,0.08541628,0.006769061,1.3578002e-06,0.0003006178,2.877573e-10,2.4445018e-08,2.266713e-09,1.3722447e-06
1.8951742e-07,7.278503e-07,1.8542041e-05,0.0004205685,0.009174449,0.34727758,0.40398476,0.053143095,0.11390439,0.04545312,0.0009207821,0.024652433,0.00062034535,1.2607498e-05,3.764715e-07,0.00023854803,0.00017693876,8.9951556e-08,3.2237878e-07,1.7067649e-10,1.7110813e-09,1.3145215e-09,7.966691e-08
1.8106398e-06,3.7905724e-07,7.079902e-06,1.9021718e-05,0.0028104556,0.0038859465,0.3254228,0.17026697,0.18632214,0.19202271,0.085084625,0.0032853968,0.0028704314,0.00052963546,1.4124009e-06,0.02659304,0.0005079833,1.9273075e-06,0.00036572342,2.523763e-09,2.4852804e-07,2.569215e-08,2.2062355e-07
1.1614253e-07,2.371333e-07,2.7269461e-06,6.0266055e-05,3.540511e-05,0.0015741369,0.0033663032,0.0064606518,0.04987393,0.014248076,0.3039759,0.33081013,0.1620792,0.04987545,0.010441878,0.00018603358,0.06514988,0.0015151809,0.00034162815,7.975598e-09,8.940564e-09,1.9617062e-06,8.587576e-07
1.2219371e-07,7.867284e-08,4.916413e-06,0.0002470551,0.055160347,0.1561949,0.57687575,0.066374466,0.11010203,0.033565693,0.00045063515,0.000990605,2.2848546e-05,6.0365767e-07,8.1557474e-08,7.1660115e-06,2.520706e-06,7.8998916e-08,1.6121834e-07,5.094243e-12,2.1108819e-10,6.6832956e-11,4.1934145e-09
6.787621e-05,2.049861e-05,6.291373e-05,0.0008761492,0.008274312,0.039197102,0.17239574,0.2734475,0.058250774,0.033294246,0.018113213,0.37590808,0.016152928,0.002141023,0.00054786593,5.216652e-05,0.0011309444,2.3089842e-05,3.9318966e-05,9.4865214e-08,5.48769e-07,1.9048647e-06,1.7179452e-06
0.010203333,0.09427321,0.20364873,0.30544534,0.20223151,0.09494132,0.022531193,0.024094902,0.011049855,0.0024977005,0.013304434,0.0023602298,0.0039001685,0.0006672242,0.0001355128,0.0024179067,0.0058505232,0.00017779347,0.00013806472,5.6718596e-05,2.6141175e-05,3.687179e-05,1.131663e-05
9.3090995e-07,1.1324198e-06,6.9792013e-06,6.8267706e-05,0.00015751169,0.012753188,0.010836924,0.090398334,0.09215727,0.04296112,0.11289172,0.09198453,0.060295735,0.01657609,0.014759852,0.3911442,0.055150848,0.004919906,0.0018671677,0.0010172193,1.6121407e-05,1.1649582e-05,2.3242583e-05
2.7620794e-07,2.0158328e-08,2.45172e-07,5.3447557e-06,0.00013178692,0.0007669979,0.00402011,0.021679929,0.016391207,0.0558655,0.016836623,0.03786568,0.051699005,0.019062905,2.3371087e-05,0.25454468,0.008555158,4.3761773e-07,0.51217234,2.4454025e-06,0.00037557603,3.1482779e-09,3.7670432e-07
6.6360974e-07,1.1822025e-06,1.5964468e-05,0.00062993163,0.021780416,0.106014825,0.37626204,0.3111186,0.09335744,0.071979605,0.0021525424,0.009283291,0.003891782,0.0006565422,2.1150918e-05,0.002329434,0.0002578329,3.34916e-06,0.00024314926,1.1394127e-08,1.6327537e-07,1.0794309e-08,8.945455e-08
0.019826246,0.1472639,0.22117266,0.33329022,0.16638334,0.05112667,0.0153224375,0.01621235,0.006149037,0.0018418077,0.008186613,0.0026476115,0.003204007,0.0012289601,0.00011170122,0.0031139595,0.0023504838,0.00022683895,0.00013424308,0.00011644131,2.6913525e-05,5.2828316e-05,1.0773796e-05
3.3093375e-08,3.2376562e-08,7.3789183e-06,0.0005561583,0.20435087,0.20227294,0.48013645,0.034396403,0.07061107,0.0075615277,7.1443705e-05,3.366764e-05,9.933544e-07,2.0269462e-09,3.527089e-11,9.95834e-07,7.32804e-08,4.0146264e-10,1.9845405e-09,6.96874e-15,7.388511e-13,1.5900914e-13,1.4577938e-11
2.529941e-05,8.359983e-06,1.3093268e-05,2.0471072e-05,7.843863e-05,0.00082579,0.0036230197,0.054560937,0.06114897,0.032612123,0.12457345,0.024657404,0.09014873,0.10890082,0.32085535,0.14102595,0.002744947,0.013274283,0.013860574,1.5417131e-06,4.585393e-05,0.006908646,8.5956766e-05
4.393175e-07,1.9243603e-07,9.285971e-06,0.00024389484,0.00040086888,0.0018479712,0.008478246,0.027110713,0.0346415,0.018303428,0.66370475,0.0944719,0.043441165,0.013144139,0.08516435,0.0021008025,0.0050079618,0.0014326837,0.00048975047,4.3904047e-06,6.0493556e-07,4.87685e-07,4.935433e-07
0.027092643,0.04805907,0.25239924,0.10374986,0.10332518,0.097334936,0.07411135,0.17267957,0.029806487,0.021283254,0.026135694,0.016022855,0.013483265,0.0017286125,0.0003367705,0.010437441,0.00048034254,0.00012720142,0.0010350741,0.00019709233,7.532411e-05,7.449499e-05,2.4219582e-05
7.1999904e-07,6.5954237e-07,2.5295433e-06,4.707044e-06,1.2774929e-05,0.0019847522,0.00055317476,0.020068478,0.0035977773,0.009652155,0.21284851,0.11135342,0.2473117,0.06430213,0.057023574,0.17384511,0.049093597,0.0072409096,0.0037201692,0.030850315,0.006471091,4.6631518e-05,1.5105091e-05
2.108737e-07,7.897574e-08,1.1754728e-06,9.3745104e-05,0.00053217047,0.03264905,0.020375721,0.168981,0.029359065,0.17802536,0.021451535,0.27892172,0.14258511,0.0059255604,0.008777258,0.024503967,0.074757345,3.829885e-05,0.012873082,0.000117941476,2.233758e-05,7.131068e-08,8.138555e-06
1.008771e-05,1.7881088e-05,0.0007790422,0.003041538,0.02032656,0.060136355,0.117023565,0.118565075,0.04319974,0.25806877,0.039981186,0.0027716304,0.31417868,0.001576262,0.0011676399,0.011115931,0.006389554,2.2294435e-05,0.001529951,9.396401e-05,3.1130244e-06,8.018701e-07,3.598381e-07
2.0410744e-07,2.7242262e-08,1.524582e-06,0.00012229804,0.0003974486,0.0063979602,0.023147129,0.12030028,0.033295598,0.038895197,0.09630919,0.50687146,0.08976488,0.031640742,0.046534237,0.0005221306,0.0047751926,0.00019263555,0.00083097734,3.673762e-07,2.1550416e-07,3.1879456e-08,2.492467e-07
1.1835659e-06,9.472266e-07,1.855789e-05,0.00048069697,0.011936043,0.16202042,0.1880184,0.31561264,0.09349185,0.1445674,0.011456855,0.039626013,0.029260553,0.00072333723,9.13414e-05,0.0005681135,0.0017766372,4.309628e-05,0.00030458832,4.7127042e-08,1.7848241e-07,1.6351365e-08,1.0869975e-06
2.7716132e-07,6.547083e-08,1.1213275e-06,1.1799437e-05,0.0002134829,0.013422341,0.009411579,0.07157293,0.013506043,0.26573667,0.03128173,0.12178239,0.29238835,0.05782799,0.0249775,0.0072204135,0.04645594,0.00016334355,0.04250221,0.0014007047,0.00012137179,2.3780683e-07,1.5347294e-06
0.00053220603,0.014301367,0.15986386,0.364686,0.22611953,0.19578852,0.018623328,0.010435679,0.004569008,0.001103042,0.0027719897,0.00015175002,0.00069476856,7.683745e-06,5.4345637e-06,5.323027e-05,0.0002819607,6.008215e-06,3.863305e-06,1.379366e-07,3.4258812e-07,1.4157823e-07,1.7457137e-07
2.031114e-06,1.5594804e-06,2.2686792e-05,0.00081511267,0.0018277237,0.025263483,0.03764619,0.1607705,0.15478645,0.06507517,0.18497875,0.20616472,0.07819086,0.004276501,0.037388522,0.0030216344,0.031455494,0.0077188904,0.00053441426,2.5055985e-07,3.592056e-07,1.421446e-06,5.7205198e-05
5.013517e-08,1.5403624e-07,4.5936126e-06,0.00016341578,0.0010112828,0.24989325,0.33824745,0.129079,0.22667547,0.042890858,0.002577635,0.00033469193,0.0053792247,0.0004866294,0.0015894644,0.0009918893,0.0004188893,0.00023729548,1.8547515e-05,7.841076e-09,7.9935816e-08,2.952734e-09,1.2149692e-07
6.0936765e-07,1.2764698e-07,1.3315718e-06,1.5059036e-05,9.923629e-05,0.010409864,0.008743412,0.1301349,0.021352757,0.036002893,0.06235321,0.59050125,0.04160664,0.01184979,0.054195605,0.008690685,0.018515585,0.0040657013,0.001265013,8.416892e-06,8.224943e-06,1.3723424e-06,0.00017834823
0.05664391,0.2739318,0.39224273,0.17250691,0.058919314,0.019906687,0.0071065314,0.0072751874,0.0027551635,0.00090262375,0.004334233,0.0007094951,0.00073259376,0.00016818862,0.00010756099,0.0006350691,0.0007540402,0.00017250032,6.854894e-05,3.1659594e-05,2.398102e-05,5.0173476e-05,2.1114347e-05
2.218664e-06,1.8927481e-06,2.1141415e-05,0.0012811837,0.018312251,0.16324043,0.2497987,0.25605524,0.1388414,0.10031743,0.007833814,0.048551578,0.0099576395,0.0010412806,0.0007362817,0.00026386304,0.0032276972,3.2645003e-05,0.00048252946,2.8191293e-08,1.2784513e-07,1.5567487e-07,4.3967708e-07
3.5171386e-06,1.3342432e-07,2.3886305e-06,2.1679325e-05,0.008062442,0.003982196,0.37377444,0.22153702,0.2785334,0.05136618,0.056234874,0.0062437947,0.00016055735,2.142136e-05,5.182528e-07,3.6104117e-05,1.534589e-05,3.7536827e-07,3.5397143e-06,2.540215e-11,2.5448972e-09,3.6401584e-09,1.1097839e-08
0.0082046455,0.10900037,0.26586986,0.3334531,0.1656401,0.07440055,0.012712721,0.014235794,0.004852109,0.0011859852,0.0064085387,0.0007019978,0.0009433836,9.971184e-05,3.7808393e-05,0.00048420712,0.0016618529,4.4956123e-05,3.2726275e-05,9.57078e-06,6.8433337e-06,8.444807e-06,4.7573167e-06
0.00040399245,0.008074342,0.0600483,0.2937955,0.20785967,0.35411,0.03912675,0.017026747,0.008622744,0.0028150969,0.0035648488,0.00030013954,0.0024450452,4.6847883e-05,1.3897953e-05,0.00018643607,0.0014910527,4.1127096e-05,2.4350506e-05,8.729496e-07,1.2001581e-06,6.58428e-07,4.0992512e-07
0.00041640303,0.011374561,0.14328034,0.27217785,0.2011553,0.20320591,0.065152176,0.03738,0.02062066,0.0041898694,0.03339942,0.0008138358,0.00305497,4.657717e-05,2.324036e-05,0.00039623154,0.0032763057,1.3514625e-05,1.9791596e-05,9.643956e-07,1.1246083e-06,5.694554e-07,3.4133046e-07
1.6077985e-06,6.162231e-07,1.4298766e-05,3.9838407e-05,0.0049321833,0.012696214,0.19705664,0.06825817,0.337311,0.35663345,0.005696824,0.0008873313,0.001994096,3.8004182e-05,5.903717e-08,0.012531527,0.0016996005,2.2685206e-06,0.00020449277,8.404961e-10,5.1989836e-08,2.7301974e-09,1.6613259e-06
2.2033498e-06,5.35474e-06,0.00057688256,0.009403652,0.07672379,0.1916463,0.18958786,0.15188485,0.019670874,0.2405121,0.0022782055,0.00015328272,0.11637235,4.9090482e-05,1.1555754e-05,0.00029446583,0.00012184219,3.64654e-07,0.00070456247,3.360978e-07,5.483052e-08,6.600417e-09,1.00038795e-08
4.619565e-08,5.8438e-08,5.967721e-06,9.1920854e-05,0.014202564,0.07986973,0.6589461,0.04200639,0.16148448,0.042001303,0.00040873434,0.00068507786,2.6887405e-05,3.0027982e-07,7.7564466e-10,0.00025831672,1.209021e-05,3.0413134e-09,3.7093205e-08,1.1047439e-12,4.845634e-11,1.1435823e-11,2.209606e-09
0.0009814783,0.013660352,0.048677176,0.14473093,0.20169957,0.35162356,0.07274268,0.03393592,0.042826314,0.005571565,0.023119632,0.001975317,0.009225425,0.00050747656,9.614764e-05,0.0028183854,0.04544933,0.00014795667,0.0001723672,1.7906805e-05,8.328185e-06,9.678716e-06,2.4849035e-06
2.5882338e-09,3.9771006e-08,8.055116e-06,0.0005796358,0.0060832333,0.096192874,0.43102717,0.3207732,0.11619513,0.019589763,0.00737133,0.00017856024,0.0018171452,4.203347e-05,2.3977657e-06,5.0511986e-05,8.644257e-05,3.800965e-07,2.099532e-06,9.812095e-12,6.668671e-10,1.8163988e-12,6.58432e-10
3.7694105e-07,1.1328556e-07,4.6710206e-06,0.00010840917,0.0013344879,0.022942584,0.041469514,0.13820374,0.034889672,0.23052548,0.044740673,0.08614862,0.29899395,0.04363357,0.034711517,0.00311715,0.013787205,9.761306e-05,0.005272815,1.651836e-05,1.0506584e-06,1.1520252e-07,2.0136679e-07
2.695372e-06,2.8682948e-06,8.5296364e-05,0.00054885785,0.002660484,0.014242773,0.04261088,0.07801924,0.047021907,0.13254991,0.23976225,0.032586973,0.30620775,0.012932931,0.017810889,0.039276235,0.031074354,9.900337e-05,0.0019277778,0.0005671966,7.5792377e-06,1.5472286e-06,5.896244e-07
3.009327e-05,6.3996663e-06,9.448825e-06,2.3543473e-05,7.354652e-05,0.014083299,0.0025946398,0.057805408,0.0063951854,0.012217584,0.12668285,0.24329606,0.27534693,0.026638044,0.0391257,0.06579531,0.003951429,0.003759127,0.014324839,0.0031660472,0.1021738,0.0021962372,0.0003044534
2.09466e-05,0.00014071401,0.01145737,0.15676682,0.118996166,0.24393094,0.24709013,0.09095128,0.059754156,0.022839518,0.01672507,0.0022764017,0.028680379,1.20749955e-05,9.219814e-06,0.00016166625,0.00017462442,1.0288942e-06,1.1292355e-05,2.5749342e-08,7.0081796e-08,2.4688102e-08,6.0208485e-08
9.154069e-07,1.3836879e-05,0.0010269234,0.014056484,0.052016273,0.42241633,0.3921429,0.059636503,0.03669932,0.017070487,0.0025984484,9.413501e-05,0.0018899878,1.216125e-05,1.8311612e-05,4.0989733e-05,0.0002574647,4.5198985e-06,3.9791803e-06,2.86487e-09,2.3096325e-08,7.49107e-10,9.164261e-09
1.0170704e-06,4.1606436e-05,0.0058753937,0.06395032,0.21818456,0.5396853,0.13839462,0.018188767,0.010489126,0.0042938325,0.0006292479,1.7563274e-05,0.0002325388,3.7850515e-07,3.1250525e-07,1.879744e-06,1.3257986e-05,9.013155e-08,1.2094222e-07,4.181008e-11,5.303884e-10,3.1172474e-11,3.4542666e-10
4.285702e-06,1.3011758e-05,0.00020406231,0.012592663,0.030136032,0.3798742,0.27197975,0.17863789,0.039431997,0.012116217,0.001304627,0.06553111,0.007564249,0.0002846122,9.370301e-06,0.00021467937,7.925597e-05,1.1827533e-06,2.0533598e-05,1.909538e-08,9.166796e-08,3.6642348e-08,8.139133e-08
2.5169575e-07,2.1575953e-07,2.5238335e-06,3.8107857e-05,0.00015191421,0.001021644,0.0039102617,0.017083392,0.03724331,0.05539183,0.3086675,0.08780456,0.083114974,0.17987168,0.16643913,0.0008215361,0.0058772303,0.04517966,0.0073716454,6.871815e-07,2.2126837e-06,4.536627e-06,1.1831316e-06
8.455875e-06,1.4960222e-06,8.399968e-06,3.08303e-05,0.00024712045,0.007120142,0.006011416,0.05372891,0.018964835,0.08702847,0.059919264,0.28432286,0.14055084,0.09754249,0.13533938,0.015937146,0.027346445,0.017439079,0.04707663,4.030673e-05,0.00033259258,2.6472095e-05,0.00097645196
1.1719202e-06,3.576267e-06,0.0004964592,0.0064585903,0.028680049,0.08750109,0.25810814,0.12190542,0.09359172,0.2030045,0.073627606,0.0052648312,0.116329744,0.00021688583,0.00016769157,0.0023495555,0.0019674029,1.378194e-06,0.00032088454,2.821056e-06,4.5051954e-07,1.6806315e-08,2.059039e-08
1.9832202e-08,4.1095515e-08,1.6644073e-06,0.0001080863,0.0028670668,0.2404439,0.36066124,0.15385622,0.06556548,0.1727655,0.00049493805,9.433643e-05,0.0024904057,0.00027280598,0.00014760498,2.9701889e-05,1.0607212e-05,0.00017328974,1.7031962e-05,1.3034333e-09,3.2078127e-08,4.08644e-11,1.1253418e-08
1.7241912e-06,4.921539e-06,0.00026716132,0.0071018175,0.09131258,0.4410759,0.2899561,0.057843078,0.043837838,0.064966165,0.0014621018,0.0005901473,0.0015296531,5.692604e-07,2.84721e-07,1.127032e-05,3.692387e-05,2.7753566e-07,1.4352084e-06,2.52598e-10,1.5182874e-09,8.1966733e-10,2.0875529e-08
3.953879e-07,2.062394e-06,0.00024940207,0.010431481,0.083202876,0.4449216,0.31791732,0.04550204,0.032165576,0.06356291,0.0008578865,0.00021038445,0.00094703253,1.3832499e-07,2.114754e-08,9.218438e-06,1.9026182e-05,3.8670294e-08,5.38022e-07,2.683395e-11,2.8333666e-10,7.42386e-11,2.632932e-09
1.619018e-05,2.7209891e-05,0.00027852593,0.004996813,0.009457129,0.046272542,0.051765263,0.092326015,0.22562033,0.081738465,0.21191859,0.11583402,0.10609376,0.0057133464,0.020868339,0.002880913,0.018606983,0.004869705,0.00067574513,7.903761e-07,8.439707e-07,7.294467e-06,3.1175416e-05
8.3102674e-07,1.8744439e-07,4.589394e-06,2.3857501e-05,0.004970932,0.0077896155,0.38691363,0.061833605,0.3474129,0.17544876,0.0072252653,0.0065720696,0.00023488107,3.7565485e-05,3.907094e-07,0.0014155539,0.00011205651,3.6583188e-07,2.7880556e-06,1.9384479e-10,8.324616e-09,3.780906e-09,1.4483254e-07
9.99668e-07,7.650743e-07,3.0601338e-06,5.564673e-06,2.306704e-05,0.0017957092,0.001189985,0.019676507,0.0048385304,0.00890692,0.31575668,0.046115413,0.18075982,0.1110797,0.015387899,0.21838254,0.027691156,0.014210799,0.0031169457,0.030406665,0.00058083376,6.455099e-05,5.887266e-06
1.6462116e-06,2.823892e-06,2.9190069e-05,0.00066159636,0.001490207,0.043722503,0.35628253,0.1565478,0.11643648,0.017260851,0.009504433,0.104490995,0.04557714,0.013351854,8.056554e-07,0.13219622,0.0023213346,3.0105832e-07,0.00012099634,4.192778e-08,1.551771e-07,4.2605837e-08,8.8381675e-08
4.178049e-07,8.143957e-09,3.249114e-07,1.7144814e-07,2.616839e-05,1.085419e-05,0.024620479,0.025762811,0.11145626,0.1134025,0.70764846,0.014047584,0.00090408936,0.000107801665,2.5503635e-07,0.00088567776,0.0011159516,1.7826961e-08,1.0153183e-05,7.315964e-12,6.182265e-10,4.0949604e-09,1.0289665e-08
1.0182845e-05,9.552551e-06,0.00020785161,0.0028380174,0.03655949,0.12805618,0.14929102,0.1438164,0.091254205,0.091323875,0.0091513675,0.18213023,0.11321146,0.04631911,0.0003393824,0.0014232337,0.00032871237,1.0848579e-05,0.0037130404,3.7604411e-06,1.6475282e-06,3.8226966e-07,6.981647e-08
0.0020045883,0.031455982,0.122061126,0.24436612,0.22087827,0.2051551,0.0467105,0.03881514,0.025618093,0.00513038,0.02691419,0.0020444382,0.0054307086,0.00038089827,6.966396e-05,0.0023446954,0.020344911,9.067724e-05,0.00013795255,2.1767768e-05,9.884748e-06,1.1407577e-05,3.451299e-06
5.912571e-05,3.1807896e-05,0.00021012884,0.0010357748,0.019175041,0.034756888,0.026202818,0.027138855,0.035553057,0.106730394,0.011566469,0.01158168,0.19139735,0.24558786,0.00047563988,0.06413879,0.0074651306,0.00014482933,0.21596928,0.0007374953,1.5587588e-05,2.5646581e-05,3.260719e-07
4.2860347e-06,3.7559134e-06,0.00014066763,0.002353202,0.0047713146,0.028541703,0.072770745,0.13087752,0.11798688,0.07489424,0.27531224,0.053553533,0.16958591,0.009436707,0.033910487,0.010247031,0.014052693,0.00061997055,0.0009182769,1.3854002e-05,1.6805368e-06,1.6823809e-06,1.5714121e-06
2.413185e-07,3.3366962e-07,1.0602225e-05,0.0003281162,0.0084232725,0.122448914,0.2309772,0.07165104,0.09963608,0.44172826,0.009576347,0.011122211,0.0023564142,1.1257824e-05,2.9681169e-06,0.00037793958,0.0013217687,4.567019e-06,2.0535786e-05,1.7421297e-09,1.7693191e-08,3.0808553e-09,1.8745261e-06
8.886593e-07,1.906401e-07,2.850914e-06,5.7049083e-06,0.00011582292,0.0003524235,0.062516,0.07498006,0.2753015,0.30072755,0.16144845,0.048346784,0.0056697167,0.0004037356,1.0536005e-06,0.04696738,0.02308429,1.3789189e-07,7.50026e-05,1.2125624e-09,2.94721e-08,3.6551235e-08,3.6085305e-07
1.0445466e-07,2.7236101e-08,5.987578e-07,9.928483e-06,2.7282467e-05,0.0014468814,0.0027382874,0.027374366,0.017128225,0.021439053,0.14304352,0.2240678,0.06563834,0.113429874,0.3374569,0.0042839237,0.014143536,0.026490504,0.0012630087,1.1711672e-05,1.7702615e-06,1.1288669e-06,3.1935685e-06
3.4034952e-06,1.3551655e-06,2.4662222e-05,3.3733315e-05,0.002406143,0.003545401,0.09003241,0.030946614,0.49362025,0.28984225,0.015883423,0.0010170278,0.004528267,8.315225e-05,1.6645633e-07,0.042168044,0.025186673,1.2108399e-05,0.0006486433,8.477443e-10,5.2670742e-08,1.1331169e-08,1.6266227e-05
4.3028876e-07,4.5354486e-06,0.00045755066,0.0076430673,0.18632111,0.7098142,0.0742404,0.004055826,0.008539022,0.008796555,6.492194e-05,7.959664e-06,4.7718877e-05,3.96093e-07,4.0434537e-07,4.672371e-07,5.037299e-06,3.242784e-07,8.218003e-08,2.0302617e-11,5.080013e-10,2.2148353e-11,1.0216094e-09
1.8753536e-07,1.3865467e-07,3.413505e-06,7.881376e-05,0.007722251,0.121869035,0.27271554,0.057375487,0.17732625,0.35697588,0.0027946476,0.0028237177,0.00012367047,1.336958e-06,7.816247e-07,6.582518e-05,0.0001191557,1.7535694e-06,9.480299e-07,2.691686e-10,1.8559513e-09,4.936335e-09,1.1691176e-06
5.6015822e-05,0.000107837994,0.0025568854,0.0046581775,0.0283717,0.049982913,0.1060559,0.13687675,0.07229577,0.18202719,0.15003431,0.008721095,0.20177701,0.004350644,0.0030916445,0.035884317,0.010914274,0.00013887013,0.0016458103,0.0004261339,1.6264807e-05,8.117786e-06,2.4122508e-06
5.947348e-07,7.0663094e-07,6.264853e-05,0.0021920886,0.014933584,0.096219264,0.18993336,0.17722458,0.07446675,0.1644172,0.02467548,0.013275298,0.23476605,0.0013516644,0.0011129781,0.0015720568,0.002986115,4.997594e-06,0.00080302655,1.1507046e-06,2.3880645e-07,1.6644584e-08,4.207112e-08
0.0015837941,0.033384804,0.18549255,0.3025119,0.20934175,0.17775153,0.030908002,0.024492903,0.011470043,0.0027213597,0.012878983,0.0008166715,0.002496773,8.249147e-05,3.616859e-05,0.00059111917,0.003360639,3.3145374e-05,3.4005836e-05,3.5307116e-06,3.5811856e-06,2.782407e-06,1.5205037e-06
4.735642e-06,5.7602483e-07,1.0237492e-06,1.722221e-05,0.00025726843,0.004355559,0.051444296,0.40074012,0.17010425,0.043912727,0.30853277,0.004917902,0.0068214224,0.0025798895,0.0003784188,0.0051539782,0.0002710377,0.00022974839,0.00025804774,1.2258679e-08,9.669737e-07,5.5014416e-06,1.2553739e-05
2.7744109e-06,8.8003634e-07,7.270368e-06,3.364661e-05,0.002111856,0.006736614,0.20211019,0.16914453,0.18931377,0.33665553,0.065695025,0.009036255,0.002100329,0.0005727451,4.1320338e-05,0.015203547,0.001068219,9.571047e-06,0.0001503951,1.4250927e-08,4.986057e-07,1.6331641e-07,4.9145706e-06
1.5504836e-05,5.119193e-06,2.0042624e-05,1.684203e-05,8.880473e-05,0.0004587017,0.009419672,0.02756651,0.19287378,0.44309795,0.0942841,0.019959668,0.0899169,0.024858488,0.03361563,0.033104338,0.023419043,0.0010192229,0.0057373517,1.4705802e-07,7.924906e-06,0.00020742127,0.00030685705
1.049424e-06,7.6145548e-06,0.0004764031,0.0063159065,0.1147018,0.7085836,0.11644821,0.011426675,0.020886876,0.020487469,0.00026722567,4.326472e-05,0.0002882999,4.9986256e-06,1.0126143e-05,5.028787e-06,4.1751166e-05,2.9256832e-06,7.6663576e-07,4.813517e-10,8.1174285e-09,3.4884115e-10,1.4020068e-08
4.3173299e-07,4.7371526e-07,1.8254996e-05,0.00095064595,0.015494124,0.27423498,0.19394204,0.28135124,0.03946147,0.12644854,0.0047538104,0.0028052751,0.058964133,0.00012682969,5.959683e-05,0.00019574883,0.00091908075,7.889241e-06,0.0002652026,4.317262e-08,3.5899724e-08,7.2907382e-09,1.2423834e-07
7.22321e-08,4.808466e-08,6.215018e-07,1.30009985e-05,0.00014726022,0.06607299,0.13226287,0.18431824,0.3413701,0.17823334,0.014134104,0.000779251,0.03295524,0.017722737,0.013414388,0.014758828,0.00013345463,0.003430806,0.0002479509,1.9771807e-08,9.807891e-07,1.7137792e-08,3.716556e-06
2.4510126e-07,4.3324466e-08,4.6333412e-07,5.957126e-06,0.00022438337,0.03311798,0.15735202,0.060316082,0.048502937,0.19695722,0.061668143,0.0012717617,0.15644167,0.254884,0.00027068023,0.0035770484,1.3321911e-05,0.022808332,0.002562601,7.1231256e-08,2.4584198e-05,1.655408e-08,4.562043e-07
1.7916527e-06,5.996822e-07,2.5066026e-06,8.274325e-06,7.956555e-05,0.0008634927,0.013855695,0.106757164,0.1680343,0.44612578,0.1681429,0.019632993,0.009180422,0.002609282,0.033558607,0.0138493115,0.016698346,0.00032392715,9.12556e-05,1.3459896e-08,4.0050867e-07,1.5730688e-05,0.00016769592
9.544956e-06,2.8085373e-05,0.0011292815,0.017105913,0.054417383,0.17572194,0.24248356,0.1562362,0.10292024,0.04917237,0.016933616,0.11464131,0.061431102,0.0051979367,9.217767e-05,0.0017554539,0.00014581766,2.7964365e-06,0.0005732233,1.1710399e-06,6.8599525e-07,1.7664686e-07,3.744923e-08
7.9428196e-07,2.072283e-05,0.002727786,0.05037111,0.18742189,0.37624538,0.2799455,0.06592125,0.025674865,0.009401016,0.0012552441,6.218121e-05,0.000919556,2.6499229e-06,1.1662124e-06,8.891698e-06,1.9149444e-05,2.6880554e-07,6.100574e-07,1.2469452e-10,1.6445563e-09,6.691701e-11,7.227292e-10
5.5863993e-06,1.8261591e-06,5.519474e-06,1.2272447e-05,4.30075e-05,0.008322354,0.0017213216,0.051027782,0.009341041,0.022671653,0.12119538,0.11368126,0.31234783,0.015860826,0.11194611,0.08945146,0.022664133,0.0027144623,0.012683724,0.004566833,0.099119395,0.000117213785,0.00049906416
6.443956e-07,2.6906557e-07,2.7737497e-06,7.932154e-05,0.0015958563,0.016702395,0.010774188,0.008947471,0.02447112,0.12504148,0.000982164,0.0005910427,0.03828736,0.01906176,0.00039483813,0.004512972,0.0048917704,5.127018e-05,0.74357533,3.1876392e-05,3.6254396e-06,4.505502e-07,3.0488295e-08
0.01368399,0.109505795,0.2300056,0.28816232,0.18308197,0.0779076,0.022069108,0.024488598,0.011429885,0.0026409337,0.017805558,0.0032171088,0.004189823,0.00087665557,0.00021723584,0.0031725692,0.006881733,0.0002459834,0.00019281071,9.0712565e-05,4.5101857e-05,6.6843626e-05,2.20932e-05
3.862518e-06,6.5228065e-05,0.0024880734,0.029560145,0.046255853,0.6476529,0.22073434,0.026311493,0.016175315,0.0071026566,0.0014458975,5.2695552e-05,0.0014544637,9.358216e-06,5.9149047e-06,4.54557e-05,0.0006205499,1.064497e-05,4.9948103e-06,1.7186386e-08,5.2961326e-08,5.468908e-09,1.4091801e-08
2.3202165e-07,6.0620073e-07,4.63317e-05,0.0013500806,0.04479179,0.22664239,0.45208436,0.053409457,0.054783206,0.16517583,0.0007922445,0.00026497894,0.0006030505,5.426678e-07,1.2686661e-08,2.2504359e-05,3.093287e-05,6.651901e-08,1.3468366e-06,2.2584913e-11,4.1456769e-10,6.1753644e-11,4.2898676e-09
8.288788e-07,7.1858983e-07,2.6028109e-05,0.0012689607,0.0156411,0.12270878,0.29516956,0.2958036,0.124097414,0.07564003,0.008131838,0.028135624,0.031167468,0.0006571717,1.7785804e-05,0.00066206965,0.0005745249,6.141599e-06,0.00029016304,1.7152553e-08,9.6634366e-08,2.7536446e-09,1.187053e-07
2.8216718e-06,4.916258e-07,4.3749064e-06,1.695058e-05,0.00080671743,0.0016333746,0.12908699,0.08199354,0.2682839,0.3923316,0.07319307,0.04589632,0.0016893969,0.0002918032,2.814991e-05,0.0029901927,0.0017288374,1.9752322e-06,1.7244134e-05,3.2192142e-09,8.254839e-08,1.6254363e-07,1.9822387e-06
7.269315e-07,6.129175e-07,3.3449594e-06,5.1050898e-05,0.001294024,0.013340655,0.14243805,0.266114,0.19326502,0.20368649,0.029297689,0.068477996,0.033776056,0.027945308,0.0046408554,0.0053495234,0.009039079,6.18484e-05,0.0012157755,1.2540603e-07,1.3232972e-06,1.3136436e-07,3.2501615e-07
9.0994234e-07,1.1167534e-06,5.5213936e-06,3.499146e-05,0.00030052956,0.0052906424,0.07290066,0.056255326,0.3249354,0.3636809,0.043172233,0.055253215,0.018406883,0.0036991849,0.0001967066,0.026756583,0.02884728,1.8482779e-05,0.00022658838,1.9632967e-08,3.3751394e-07,4.8340365e-07,1.5985248e-05
4.8117627e-06,2.8845518e-06,2.4472763e-05,0.000794556,0.01237398,0.069056116,0.16766587,0.20501682,0.091234796,0.09129653,0.01431301,0.28590995,0.04329852,0.0137746725,0.001863143,9.3278504e-05,0.002611085,3.9613427e-05,0.00062492286,1.13613375e-07,1.9355616e-07,4.0188658e-07,2.4600783e-07
1.3456941e-05,0.0001559288,0.0022904929,0.029596243,0.065430194,0.67809075,0.14877194,0.030906444,0.026548756,0.009554718,0.0022712522,0.00020556257,0.0043736678,7.763146e-05,8.289716e-05,0.0001842326,0.0013592696,7.135578e-05,1.45166605e-05,1.238336e-07,3.9123685e-07,5.666548e-08,1.5856212e-07
6.5841584e-07,1.8161475e-06,2.6629032e-05,0.00092090433,0.0091137225,0.20361473,0.4088038,0.19300526,0.0795507,0.03438813,0.0019041961,0.061024643,0.005187822,0.0006632244,7.361257e-06,0.001565591,0.00019942287,1.0040965e-06,2.031489e-05,9.120082e-09,5.6072242e-08,1.4123736e-08,9.8379736e-08
1.4001482e-05,4.0641828e-07,7.781695e-06,0.00019447439,0.07682301,0.015736826,0.1772297,0.21163285,0.5003176,0.010275818,0.005996526,0.0017624426,6.9973867e-06,2.9281503e-07,2.3799225e-07,6.478388e-07,3.4189696e-07,4.3823743e-08,1.0373257e-08,6.8410593e-13,3.794685e-11,1.2009445e-10,1.426944e-09
0.0016087892,0.032015648,0.13351989,0.2633064,0.21412115,0.22426996,0.042572405,0.03173104,0.018620225,0.0034799862,0.01790143,0.0011100831,0.00301886,0.00016493368,3.3318487e-05,0.0010423185,0.011362405,4.264768e-05,6.0765346e-05,7.801543e-06,4.0218233e-06,4.4550143e-06,1.4495542e-06
1.3024582e-07,3.33648e-08,1.6433297e-06,0.00017193131,0.00029226093,0.0040239072,0.014642762,0.0644541,0.08571009,0.030644337,0.3113433,0.33014593,0.04927858,0.012854988,0.08950559,0.0005133146,0.003710812,0.0018458305,0.00085840723,1.9921863e-07,3.6960515e-07,4.667631e-08,1.4579282e-06
0.024048904,0.18577611,0.35749996,0.2580161,0.10678485,0.0347086,0.009462784,0.010386159,0.003629246,0.001006595,0.005464723,0.00068504614,0.0008501156,0.00010765819,6.617055e-05,0.0004823845,0.0008180216,9.652701e-05,4.8270475e-05,1.5161597e-05,1.3937061e-05,2.0757112e-05,1.1881107e-05
1.8487216e-06,1.2914633e-07,1.8986349e-06,7.726321e-06,0.0010183788,0.0011882234,0.13963704,0.14690186,0.18975337,0.10863779,0.40047202,0.0027830931,0.0021394347,0.0005165115,3.6526085e-06,0.0064080865,0.00019066797,3.8863504e-06,0.00033365597,6.512819e-10,1.5326155e-07,5.632421e-08,5.279881e-07
2.1833273e-06,1.066922e-06,3.0716128e-05,0.00017202614,0.0026192993,0.011647538,0.029326428,0.059971657,0.016531976,0.1584381,0.03532756,0.012805595,0.5968265,0.03248952,0.00910807,0.011951291,0.017421618,4.9204406e-05,0.004976856,0.0002989296,3.0515123e-06,6.754375e-07,2.0941927e-07
1.5765406e-07,1.5950545e-07,1.165864e-06,0.00010045374,0.0011730816,0.19999668,0.2126266,0.19151357,0.0669513,0.14319454,0.0034319889,0.00060309184,0.0390535,0.027833154,0.00079986843,0.0004165777,1.1969637e-05,0.11195341,0.00033599033,1.2439665e-07,2.3008588e-06,7.2877016e-09,2.3585206e-07
3.501938e-07,4.6333054e-07,1.9243449e-05,0.00077533314,0.017728157,0.37409073,0.30507624,0.06672263,0.08538741,0.14545631,0.0023945537,0.0016512321,0.0004358937,3.6996445e-07,4.850395e-07,6.7638495e-05,0.00019116826,4.5020954e-07,1.0771463e-06,4.401662e-10,1.8094118e-09,2.3622597e-09,2.4964123e-07
2.4767468e-07,2.5705603e-07,4.220731e-06,5.1575604e-05,0.0033185808,0.046787705,0.3476924,0.09211536,0.25433308,0.22800726,0.00458889,0.020532291,0.0006278675,5.749494e-05,4.8389034e-06,0.0014600396,0.00041337975,7.34695e-07,3.1320706e-06,5.62385e-10,1.1504698e-08,7.1990702e-09,5.7669297e-07
0.73577523,0.18776874,0.073544376,0.0010730462,0.00019216561,0.00014253284,0.0002223939,0.00025921722,8.5147185e-05,5.7537916e-05,0.00022837344,7.328661e-05,6.923737e-05,6.563783e-05,0.00013790392,5.3816137e-05,1.3609511e-05,0.00013309832,4.2414067e-05,9.702871e-07,1.5253642e-06,5.337921e-05,6.308564e-06
0.017016629,0.14836773,0.30442923,0.2912261,0.13433065,0.04901251,0.015321716,0.015672727,0.005750657,0.0015071402,0.010530761,0.001423102,0.0016822987,0.0002649438,0.00012029,0.001001732,0.002022301,0.00012974505,8.297275e-05,3.331615e-05,2.4582103e-05,3.33119e-05,1.5633355e-05
9.5776995e-06,3.4815806e-05,0.0013471858,0.10419408,0.12790914,0.41214257,0.19780466,0.109152555,0.025705708,0.0138392,0.00085375976,0.0015649277,0.00528109,1.8860244e-05,1.2972133e-06,7.059712e-05,9.040085e-06,5.945304e-07,6.032401e-05,9.864463e-09,3.8369052e-08,1.5939266e-08,2.1016849e-08
6.214589e-06,8.711333e-05,0.00530128,0.088709116,0.30638856,0.48615983,0.083558805,0.015815161,0.00740357,0.005759163,0.00025749498,2.576802e-05,0.0004980738,1.9591548e-06,1.27507e-06,5.873746e-06,1.661452e-05,2.3625448e-06,1.759078e-06,1.1791664e-09,1.018691e-08,8.0706103e-10,7.3135897e-09
0.007099258,0.08740448,0.23765504,0.32653108,0.17803536,0.0961359,0.01872193,0.02152753,0.007524034,0.0019355237,0.0098885335,0.0010405969,0.0015300423,0.00019418143,3.7375856e-05,0.0010459716,0.0035371957,5.881932e-05,5.4928267e-05,1.7053755e-05,8.358225e-06,1.22976e-05,4.491864e-06
1.1719525e-05,3.7292557e-05,0.0021685034,0.013785326,0.035828322,0.066213556,0.1575596,0.13145584,0.13188986,0.08414694,0.2561753,0.011512413,0.097394116,0.00048528673,0.00095977786,0.005168493,0.0049269595,2.5838968e-05,0.00024419988,7.7800705e-06,1.723813e-06,6.4307386e-07,4.6638107e-07
4.2212287e-05,0.0006356995,0.019522436,0.092140086,0.18940224,0.4600675,0.14895381,0.04145741,0.026745113,0.008921049,0.007085785,0.00036372198,0.003708358,3.4851008e-05,6.860531e-05,0.00012130797,0.0007031537,1.4739558e-05,1.1463808e-05,6.938545e-08,2.7824913e-07,4.441981e-08,1.415995e-07
3.5063927e-05,0.0007640384,0.024687635,0.116978675,0.20317012,0.5419973,0.07895413,0.01544564,0.010767134,0.0038187513,0.0019757713,0.00010341274,0.00093286164,6.251461e-06,8.48369e-06,2.8969414e-05,0.0003182352,4.4534418e-06,2.8609868e-06,1.7597424e-08,8.3467086e-08,1.400377e-08,4.5103693e-08
0.0016414361,0.025840472,0.1181738,0.2990371,0.24541986,0.16289204,0.045337543,0.04223793,0.017292462,0.006747683,0.015668543,0.0019088228,0.009281905,0.00050382805,9.13761e-05,0.002230591,0.005423886,9.9033095e-05,0.00013919883,1.762022e-05,6.8755767e-06,6.4755422e-06,1.5393953e-06
2.2176947e-07,1.3882254e-07,2.8432196e-06,2.882396e-05,0.005575042,0.040558603,0.22772579,0.033447817,0.12481378,0.56185675,0.0034707675,0.0019853315,0.00021892675,3.1073669e-06,2.0865028e-07,9.932187e-05,0.00020546689,1.1876834e-06,4.6697533e-06,1.6997306e-10,4.0973314e-09,1.6482e-09,1.087949e-06
5.758922e-07,1.5393525e-05,0.0012885493,0.013199638,0.04907199,0.39394766,0.3326772,0.097263604,0.08417239,0.008139484,0.016023127,0.0003302479,0.0029991884,3.163741e-05,1.915167e-05,7.252111e-05,0.0007411455,2.44314e-06,3.9789197e-06,1.1736446e-09,1.6908615e-08,1.0143147e-09,9.877317e-09
5.8254413e-06,1.132361e-06,2.2367658e-06,7.910282e-07,2.7602225e-06,0.000177951,0.0003793955,0.013545671,0.021709504,0.0029053122,0.008591429,0.009171475,0.068152666,0.015271974,0.029370774,0.11515644,0.0022735558,3.164039e-05,0.7091422,8.5601044e-07,0.0019346622,0.0021663844,5.3818394e-06
2.774397e-06,4.459559e-07,4.3193054e-06,1.8980982e-05,0.002306492,0.003949017,0.24459572,0.18078546,0.15971677,0.28040522,0.11522336,0.0073960763,0.0015806493,0.0005149717,3.48031e-05,0.0027983913,0.0005492842,9.263234e-06,0.00010611446,4.003982e-09,2.3838724e-07,1.1325213e-07,1.5589576e-06
0.0010310676,0.02138192,0.13419762,0.32657668,0.2216328,0.19115667,0.03809231,0.03240623,0.011920954,0.004315388,0.009569473,0.00073998416,0.0038978087,0.00011971269,2.7622787e-05,0.00065650616,0.0021795365,3.9993247e-05,4.864298e-05,3.6530905e-06,2.621187e-06,1.9991855e-06,7.250154e-07
5.604741e-06,9.225977e-06,0.00012574594,0.0070648324,0.014848309,0.17528799,0.16923064,0.15180807,0.048409563,0.023047782,0.004566735,0.35508597,0.043242548,0.006552944,0.00018684904,0.00015244518,0.00024689172,5.9081117e-06,0.000121346005,1.5374303e-07,2.0506883e-07,1.4057191e-07,9.9040996e-08
2.2156286e-08,1.4553392e-07,1.3737296e-05,0.0005767587,0.008218946,0.19306724,0.38267145,0.20995338,0.14872295,0.051285118,0.0023774288,0.00025083486,0.0023875488,8.8827e-05,0.00018916212,5.4806886e-05,0.00012776702,9.485142e-06,4.3076157e-06,1.6455656e-10,5.542575e-09,4.2967283e-11,7.1654322e-09
1.5546726e-06,8.9949066e-07,3.8633975e-06,1.528161e-05,0.00029849017,0.003016719,0.02088193,0.043153364,0.058551814,0.16651094,0.0538582,0.06633542,0.15037742,0.32958108,0.03218339,0.005491433,0.048928104,0.00094218005,0.019838294,5.7856346e-07,2.392607e-05,3.2929593e-06,1.8600944e-06
3.2090034e-06,1.3529016e-05,0.00052304653,0.024547836,0.05352229,0.24190629,0.3082682,0.17477469,0.06729263,0.027099371,0.0037339139,0.060334366,0.03520523,0.0019329668,2.1888416e-05,0.0005837126,5.504443e-05,7.8605973e-07,0.00018069643,1.1833618e-07,1.1970917e-07,2.8795263e-08,1.1785028e-08
1.4456874e-06,3.4556086e-07,2.236764e-06,4.2960328e-05,0.0016308724,0.020347862,0.08847897,0.1551671,0.10306594,0.13716838,0.0747897,0.011729785,0.057112426,0.044077046,0.0117113255,0.0010449605,0.27522734,0.00038576953,0.018013522,2.7131688e-07,8.8540634e-07,7.908156e-07,1.0079515e-07
8.4587086e-08,4.7928683e-08,5.693206e-07,2.9562523e-06,1.0882547e-05,0.006139736,0.014986276,0.062429592,0.027282974,0.11307448,0.13229397,0.0027984113,0.4525418,0.080521606,0.04325836,0.05720843,0.00023787218,0.004116043,0.0029816371,1.3562774e-06,0.00011184622,2.1515655e-07,7.9843596e-07
2.8294918e-08,1.3228802e-07,1.616463e-05,0.0004192242,0.0065034833,0.42269605,0.38307595,0.04127486,0.10332103,0.041512825,0.00058981584,4.561729e-05,0.0003577155,7.868611e-06,2.6544965e-05,3.0354417e-05,0.000118905824,2.453923e-06,9.871468e-07,8.6256696e-11,2.8553673e-09,6.0709195e-11,1.3839855e-08
1.8757066e-06,8.0861463e-07,7.045242e-06,2.1586875e-05,0.0012421026,0.004128425,0.23094659,0.13115972,0.17373298,0.34525943,0.06735048,0.01052282,0.004975198,0.0015298338,2.9923853e-05,0.02670426,0.0020313193,7.98997e-06,0.00034492832,1.848577e-08,6.8556045e-07,1.4344933e-07,1.801738e-06
5.2981995e-05,2.0875448e-05,9.025041e-06,3.9195595e-05,2.7426366e-05,0.00013574726,0.00015375682,0.0058786813,0.009180737,0.002261364,0.017928256,0.0076843933,0.03671645,0.023277862,0.2910276,0.17111234,0.008189079,0.033574805,0.03256525,5.377917e-06,0.00027807773,0.07166588,0.28821483
1.9877752e-06,3.1410482e-06,3.072205e-05,0.0018986616,0.0021019313,0.07104997,0.1121279,0.10492138,0.056960527,0.020043295,0.014405709,0.48575175,0.096824415,0.032812815,0.00043552407,0.00016028147,0.00037821036,1.57142e-05,7.5664975e-05,8.905728e-08,1.2642535e-07,1.4914244e-07,8.801351e-08
0.022144606,0.035388153,0.20289555,0.094328515,0.09292746,0.10294381,0.09414613,0.19978477,0.03671135,0.02271141,0.030966561,0.028296929,0.019954445,0.0026485103,0.00035689987,0.01167848,0.00051387376,0.00010919682,0.001139512,0.00020014505,7.2666306e-05,6.453322e-05,1.6487662e-05
1.5310178e-06,3.3460395e-07,3.1646102e-06,4.2061383e-05,0.0034908557,0.03846915,0.094237946,0.20697081,0.10757598,0.34369826,0.0040895795,0.01479862,0.08132066,0.015090891,3.102068e-05,0.029663835,0.0017331933,1.8478886e-05,0.058723684,2.135617e-06,3.7008966e-05,1.9969436e-08,7.8325564e-07
1.5760182e-06,1.8708736e-06,1.6925445e-05,0.00084447407,0.005422683,0.06758024,0.14673333,0.25935936,0.10667291,0.061266128,0.010835607,0.28458497,0.031899173,0.020225286,0.0014204212,0.0007398052,0.0020259628,1.7258595e-05,0.0003512568,1.7073654e-07,3.3424988e-07,1.11671554e-07,1.8615005e-07
0.00040842578,0.0073635033,0.090905696,0.20896131,0.18903564,0.24100032,0.09918792,0.05644668,0.03455394,0.008561524,0.044441447,0.0016411518,0.007856846,0.00016064319,7.228778e-05,0.0010823223,0.0082029225,4.4116376e-05,6.441609e-05,3.7474822e-06,2.998569e-06,1.523218e-06,6.4252947e-07
6.2979097e-06,2.4008211e-06,2.0442587e-05,1.34980855e-05,2.592096e-05,6.0366856e-05,8.4995525e-05,0.0007880843,0.0028203453,0.00046881905,0.05736669,0.020032076,0.0047414815,0.27134305,0.0008425318,0.4830418,0.00214689,0.011821521,0.14101884,0.0006204331,1.7978431e-05,0.0027152903,2.8488157e-07
3.1509e-07,6.4648425e-06,0.0010761701,0.019424396,0.16871712,0.6536238,0.124812566,0.01238,0.008907843,0.010795231,0.00012716379,7.5973135e-06,0.000112000664,2.691417e-07,2.2020672e-07,1.2312239e-06,7.28237e-06,1.5335216e-07,1.4157487e-07,2.0456284e-11,3.7330233e-10,1.2216124e-11,4.813104e-10
4.591763e-06,5.4235647e-05,0.0021468215,0.025058636,0.11848365,0.62628794,0.164201,0.026049044,0.018459177,0.0160827,0.000992578,9.5630465e-05,0.0018422453,2.256682e-05,4.3148568e-05,2.2187945e-05,0.00013228593,1.6934147e-05,4.572859e-06,8.739055e-09,5.6943644e-08,3.4538246e-09,2.7499459e-08
2.6972382e-08,4.6998515e-08,2.7198632e-06,6.593227e-05,0.015647322,0.24170293,0.29085538,0.041650496,0.12496395,0.28465596,0.00017580681,4.694725e-05,0.0001727522,2.0345877e-05,1.8787865e-05,5.8821142e-06,4.4547405e-06,9.223898e-06,9.86739e-07,2.1010608e-11,1.6556576e-09,1.0107876e-11,7.545565e-09
5.7454527e-06,1.7830762e-06,7.159352e-06,8.6837055e-05,0.0010645249,0.007961276,0.03149191,0.056750953,0.03499856,0.044398375,0.12410966,0.4535608,0.13677563,0.045393165,0.011501007,9.59886e-05,0.05117329,0.00023146548,0.0003870996,1.9201288e-07,2.5585595e-07,3.775618e-06,5.759263e-07
0.32659006,0.25297594,0.24141848,0.05031423,0.019179318,0.018740868,0.020907633,0.03427787,0.0064816168,0.0033641336,0.0072716903,0.0060003083,0.0040175477,0.0019979693,0.0004202902,0.004065489,0.00035559214,0.000334905,0.00066316884,0.00015738592,9.168175e-05,0.0003155778,5.82449e-05
2.9619937e-07,5.4922687e-08,2.2454515e-06,4.4357153e-06,0.0017039402,0.0011307148,0.111680225,0.037424393,0.5500172,0.26990852,0.008763398,0.00028278388,0.0002805547,4.5064444e-06,1.2022615e-09,0.017911447,0.0008643429,1.1179785e-07,2.062741e-05,7.410387e-12,1.3870607e-09,1.5611028e-10,2.1374314e-07
4.881277e-06,2.395136e-05,0.00058672717,0.010724855,0.036405172,0.23249371,0.18608102,0.2782766,0.12556961,0.05440938,0.021538034,0.004326293,0.028652154,0.0016940971,0.01686172,0.00083254994,0.0011892711,0.0002621094,6.705752e-05,1.1962649e-07,4.538771e-07,5.0318615e-08,2.2056881e-07
4.8560914e-08,4.909305e-08,3.7630723e-06,6.586512e-05,0.008879223,0.034879472,0.69016325,0.13711987,0.09814747,0.026354836,0.00040033335,0.00014878565,8.2981096e-05,2.7268354e-06,5.0824417e-10,0.0037463382,3.4204886e-06,7.23834e-09,1.482262e-06,4.403015e-12,3.9821083e-10,1.2086734e-11,8.4032814e-10
0.0056474926,0.09143212,0.24611913,0.30716532,0.18001574,0.09944321,0.02024508,0.019710911,0.008473611,0.0017249363,0.012917743,0.0009525448,0.0013998124,0.00012185818,4.7544578e-05,0.0005879065,0.0038654832,4.815257e-05,4.9703558e-05,9.007472e-06,7.701554e-06,9.758467e-06,5.2257324e-06
1.6897216e-05,0.00020596913,0.007846565,0.047512505,0.31305638,0.57667613,0.03714698,0.0049142507,0.008407219,0.0035911978,0.00035187366,4.2040905e-05,0.000159017,1.5503176e-06,1.9960862e-06,5.952186e-06,6.1585335e-05,1.3377758e-06,5.117283e-07,1.6958495e-09,1.9666281e-08,2.8109177e-09,3.2048785e-08
7.0390374e-06,7.0720847e-07,2.6295734e-06,1.9092744e-05,0.002859315,0.01051413,0.15195681,0.24756192,0.22435907,0.29726997,0.037097067,0.008717917,0.010296147,0.003088456,5.6949084e-06,0.0031334595,0.000101055244,0.00014212915,0.0028411953,5.4511858e-08,7.0140222e-06,2.4351615e-07,1.8855306e-05
2.3053922e-06,7.7732224e-08,1.0935819e-06,2.3112348e-06,0.00088818476,0.0013136738,0.0809992,0.05397308,0.3483842,0.39092174,0.10918938,0.0057932446,0.001189538,0.00067657814,7.2439934e-07,0.005952726,7.006244e-05,1.644015e-05,0.0005207952,2.3762479e-09,7.149595e-07,6.2284364e-08,0.00010389068
0.0039066984,0.00870271,0.092283964,0.04983349,0.09169353,0.111456946,0.10186685,0.2377049,0.05909199,0.05903422,0.0773507,0.037296075,0.029933501,0.004590038,0.00046899988,0.031123506,0.001259603,9.500961e-05,0.0017718379,0.00042629847,5.9668855e-05,4.3294454e-05,6.121988e-06
5.6317083e-07,9.241097e-07,0.00010504813,0.014840122,0.25205687,0.3582922,0.22238429,0.13815871,0.01129123,0.0026701663,9.913683e-05,3.6051148e-05,6.3291285e-05,5.8438793e-08,2.046813e-09,9.243336e-07,5.6315386e-08,1.245245e-08,3.5981384e-07,1.8013694e-12,4.5806026e-11,1.1986402e-11,4.8108705e-11
1.0018408e-06,1.3873486e-07,1.3620489e-06,2.5113377e-05,0.0030808973,0.008082088,0.26265314,0.3556989,0.17737636,0.09256819,0.09410125,0.0012149944,0.0022730406,0.00028435647,8.548797e-06,0.001793082,0.00036501768,1.5218383e-05,0.0004567893,9.641139e-10,1.7875685e-07,2.5948552e-08,2.2707461e-07
8.6826395e-07,8.2452505e-07,2.300164e-05,0.006438182,0.15581436,0.4177379,0.23662907,0.14087868,0.030334715,0.009817267,0.00025137723,1.1189723e-05,0.0018143974,2.8581248e-06,7.3873906e-08,2.8401837e-06,1.6308061e-06,1.2182809e-06,0.00023959605,6.736871e-11,8.1110474e-10,4.596516e-10,3.2763467e-10
3.8989783e-06,1.2217313e-05,2.775607e-05,7.955702e-05,0.0002499245,0.004687187,0.003411697,0.021480808,0.08945841,0.019734329,0.17191868,0.0347669,0.058850676,0.059799246,0.003631717,0.36816967,0.10463698,0.0047704685,0.008363685,0.045719024,0.00011824821,9.380521e-05,1.51231725e-05
2.2457632e-06,3.2591388e-06,3.8413047e-05,0.002518853,0.0033897343,0.08371173,0.13564175,0.14141637,0.05756099,0.017851729,0.012060932,0.43306252,0.07731377,0.03451097,0.00028022425,0.00023360777,0.00029007593,9.41812e-06,0.00010300963,1.2309201e-07,1.5820241e-07,1.12888806e-07,6.192914e-08
1.1255246e-06,2.1366138e-06,9.04506e-05,0.0046242434,0.031859882,0.19385624,0.33008102,0.17177619,0.13407627,0.09176095,0.009740898,0.010289316,0.020662574,8.467925e-05,8.412013e-06,0.00030037886,0.0007239879,4.138412e-06,5.691242e-05,4.982149e-09,3.687881e-08,3.3544656e-09,1.5790465e-07
3.5395797e-07,1.6765888e-07,7.4581176e-06,0.0004890081,0.0006024674,0.0076367194,0.018507063,0.06927744,0.082708545,0.02830058,0.42028028,0.21535085,0.059832275,0.009122815,0.07185326,0.0029988622,0.011065035,0.0011294163,0.00083116983,1.8120567e-06,1.0977093e-06,2.404754e-07,3.0454753e-06
3.0469874e-07,7.562825e-08,5.731842e-07,3.7703474e-05,0.0003066307,0.07518632,0.021815034,0.15125848,0.028669897,0.39666796,0.014575349,0.03074205,0.23325318,0.0017743547,0.00050657056,0.0062682396,0.0113008665,9.7467244e-05,0.026409116,0.000688765,0.00043719387,6.108521e-08,3.849533e-06
8.293503e-07,3.299486e-08,1.095997e-06,3.0760925e-06,0.00038642873,0.00034820355,0.04714106,0.02578164,0.7234503,0.15125893,0.038406804,0.011878027,6.8313144e-05,6.4171836e-06,1.1424913e-06,0.00094889826,0.00031810885,5.089003e-08,2.2789717e-07,1.1409619e-11,4.509471e-10,4.347758e-09,4.3181674e-07
2.941083e-05,0.0007155538,0.024224535,0.116410114,0.1814607,0.4886597,0.11514165,0.032082256,0.02375645,0.0040362435,0.010123636,0.00034408647,0.0021132152,1.1699613e-05,1.910484e-05,8.456618e-05,0.00077995006,3.1105992e-06,3.8248654e-06,2.0589392e-08,1.05089796e-07,2.2842734e-08,8.24227e-08
0.03104175,0.19377138,0.33544528,0.25950322,0.1011428,0.03529688,0.0119483005,0.012321709,0.0042978227,0.0013075713,0.007826822,0.0013836419,0.0013313683,0.00031213445,0.0001309739,0.001064878,0.0014561604,0.00017665818,8.7910004e-05,4.9782066e-05,3.1557578e-05,4.9828617e-05,2.1601414e-05
3.1501227e-06,4.932852e-06,0.00020575212,0.00083818706,0.00849812,0.029445387,0.059248094,0.07518507,0.018763563,0.49696428,0.018317446,0.0013133339,0.26983392,0.0023722101,0.00053034653,0.010661094,0.0039247703,6.684053e-06,0.0035875698,0.00029256058,3.2432015e-06,2.8677258e-07,8.616882e-08
1.366574e-07,1.5785666e-08,3.8635514e-07,3.0433923e-05,0.00038473317,0.0019803043,0.017427431,0.06508803,0.018982567,0.02490742,0.018264538,0.7238809,0.04453886,0.039476164,0.00055967673,0.019787028,0.01016088,4.0960254e-06,0.014522455,1.1487866e-06,2.5772529e-06,5.9872445e-09,2.2133084e-07
0.007146649,0.06299427,0.13435324,0.30068597,0.19952837,0.09173966,0.033506073,0.036925275,0.02051616,0.005322144,0.03120188,0.011444662,0.009799971,0.005309931,0.00013441347,0.019176297,0.02904312,0.0002631516,0.00037419595,0.0004013643,3.273722e-05,9.294216e-05,7.5472103e-06
0.795299,0.14392869,0.05922844,0.0004965781,7.826427e-05,5.9975086e-05,0.00011137576,0.00013605486,4.6009234e-05,3.417939e-05,0.00013682595,3.67465e-05,4.7202655e-05,3.590746e-05,0.000102256105,2.8347116e-05,7.54196e-06,0.000115154864,3.0828454e-05,2.537275e-07,6.077257e-07,3.5769823e-05,4.0224245e-06
4.8043717e-08,7.104993e-08,5.170768e-06,0.00018641457,0.06178427,0.44510096,0.2259799,0.01228938,0.10683075,0.14766788,0.000113875765,2.1335554e-05,1.2161873e-05,1.4600101e-06,8.8302204e-07,9.610053e-07,3.192814e-06,1.1689441e-06,5.37786e-08,2.1713647e-12,2.115435e-10,9.577476e-12,5.260118e-09
0.048799373,0.2371611,0.38803655,0.20170614,0.062097907,0.024710461,0.009826902,0.009623387,0.0034121382,0.0010803378,0.0074564917,0.0013788402,0.0010174186,0.00036234665,0.00014336863,0.0011880373,0.0014962915,0.00019660429,9.7454074e-05,6.569561e-05,3.51294e-05,8.032324e-05,2.7686792e-05
2.9837105e-07,1.3256263e-08,1.4905248e-07,1.3493968e-06,0.002238541,0.0038753825,0.2628938,0.18448733,0.29664493,0.23467563,0.011892356,0.0010634138,0.0013785531,0.00064529054,5.3047735e-09,4.473526e-05,1.7495948e-06,4.470432e-06,0.00015202563,8.977152e-12,2.96885e-08,2.1664195e-10,4.584799e-09
5.3387134e-07,2.4430105e-07,1.9522988e-06,1.917232e-05,0.0018432585,0.0055106953,0.084928885,0.11750193,0.20440602,0.06604543,0.0226394,0.0006412881,0.011893205,0.0014399326,7.5529165e-06,0.4630166,0.001213096,3.6641336e-06,0.018881848,4.4417444e-08,5.0339386e-06,1.2719185e-08,1.5583078e-07
2.3681384e-06,1.2437297e-06,2.7573054e-05,0.00013681341,0.0084233675,0.028924769,0.33839065,0.13867202,0.23097485,0.23401219,0.0034563835,0.0020105916,0.004913156,0.00011255134,7.5969794e-08,0.009000125,0.00067100296,1.982369e-06,0.0002678997,2.1332827e-09,7.925499e-08,2.4390379e-09,3.3820055e-07
1.7087736e-05,4.6103465e-05,0.0006797603,0.03120087,0.023791427,0.2822988,0.18543755,0.14608377,0.03745323,0.009999104,0.0032972565,0.23544236,0.041917257,0.0020095457,3.5581037e-05,0.00015734375,8.6816755e-05,2.6038929e-06,4.298992e-05,1.309093e-07,2.2178263e-07,1.4972399e-07,7.7163975e-08
7.3368915e-07,3.9115386e-07,1.2105624e-05,0.0004571258,0.00049920275,0.005603384,0.01674754,0.062200133,0.098110355,0.03139992,0.30849507,0.13086057,0.069446236,0.02035258,0.22076863,0.008472192,0.020026207,0.0056943162,0.00084201834,4.0418845e-06,7.21959e-07,2.0035434e-06,4.575248e-06
0.00019404272,1.2343055e-05,3.1167427e-05,0.000118818585,0.00094236707,0.0029729872,0.13102837,0.17472342,0.05868434,0.02880012,0.028115954,0.5676955,0.0056778486,0.00023632286,0.00012652577,1.3959315e-05,0.00062230846,1.0013403e-06,1.9882207e-06,2.2977689e-09,2.1512927e-08,4.2146485e-07,1.05099154e-07
1.329351e-07,2.9774816e-07,3.167816e-06,0.00028014035,0.002825631,0.02595325,0.21074212,0.43456134,0.08959491,0.041302286,0.03321162,0.045135975,0.026873,0.043323964,0.00024050477,0.04292715,0.0009913592,3.435639e-06,0.0020276064,1.731872e-07,1.8572065e-06,5.833379e-09,9.6923415e-08
1.5570162e-05,1.1437185e-06,9.885376e-06,1.3147325e-05,0.0022397547,0.0032690412,0.09997071,0.061218027,0.27971527,0.43066022,0.042494677,0.0052587725,0.016721208,0.009108931,3.4155905e-06,0.033351872,0.00044597482,6.7962676e-05,0.01539889,5.9324666e-08,1.895005e-05,2.2589187e-07,1.630692e-05
6.884961e-07,3.2174682e-08,1.0393095e-06,6.597635e-07,0.00020308264,7.633665e-05,0.015740361,0.010016278,0.2966707,0.26286137,0.08122926,0.0004913973,0.0037073055,0.0005561656,1.2179265e-08,0.31872332,0.0016319022,8.2220083e-07,0.008085317,9.739546e-11,1.173052e-07,1.934268e-09,3.7555585e-06
9.46758e-05,0.00030859455,0.007687507,0.19535919,0.1633586,0.3105954,0.1348896,0.14984502,0.017469732,0.008069876,0.0012282749,0.0028883973,0.008011237,2.323919e-05,1.0403655e-06,0.000120195735,6.1987685e-06,4.6260345e-07,4.2524345e-05,3.543947e-08,8.4599634e-08,5.1617942e-08,3.1454753e-08
4.2921856e-06,1.5508929e-06,7.997567e-06,6.9380076e-05,0.0006050186,0.0021902763,0.0050692405,0.03021927,0.110983014,0.08815025,0.41062182,0.050509125,0.10387647,0.026716137,0.02231839,0.0038779983,0.033352982,0.017818838,0.08947656,1.1287582e-06,0.00010260724,3.714039e-06,0.004023948
2.1309828e-07,5.5998737e-07,5.6781842e-05,0.0039486666,0.031691868,0.19623752,0.41615015,0.21763398,0.07319198,0.042405535,0.0019573676,0.0019794926,0.0145572275,2.607374e-05,1.0583436e-06,8.6780616e-05,5.1819075e-05,2.12632e-07,2.2717839e-05,6.3198713e-10,4.991829e-09,1.1753189e-10,2.3529954e-09
0.00014735796,0.0010248849,0.0068463334,0.02123901,0.005587117,0.2548401,0.08358666,0.0696391,0.04864961,0.010971651,0.050939143,0.13569076,0.27042904,0.035057846,0.00022681484,0.0014435801,0.0030170036,0.00016817385,0.0004759367,1.7609194e-06,1.4895201e-06,1.1615898e-05,5.0074927e-06
0.0022038717,0.0376402,0.13841932,0.26620874,0.21708143,0.20678212,0.039645787,0.030794097,0.0192897,0.0034601146,0.018691398,0.0013872313,0.0034913074,0.00022953779,4.926261e-05,0.0013421581,0.013108796,6.170819e-05,8.399991e-05,1.238511e-05,6.508394e-06,7.738948e-06,2.5990325e-06
2.8171986e-05,0.00021404338,0.0019146733,0.027716849,0.05400924,0.5087646,0.19962758,0.08317222,0.0577799,0.024598986,0.008263209,0.0009358054,0.024196666,0.00081273954,0.0012777471,0.0017418192,0.004185247,0.00064566074,0.00010919352,1.3985576e-06,2.718442e-06,4.833502e-07,9.983179e-07
4.0557416e-07,1.2073403e-07,4.254827e-06,0.0004634005,0.00075360714,0.0037658194,0.019525327,0.04799258,0.08567729,0.020852532,0.42808914,0.3049715,0.056125358,0.0051629944,0.017225388,0.00062569923,0.00569747,0.0019324069,0.0011218133,4.435558e-08,2.4390732e-07,7.020626e-08,1.25493725e-05
8.732085e-07,4.4109555e-07,6.569156e-06,0.0002971971,0.005107185,0.0399379,0.022627296,0.013780712,0.04060741,0.15510501,0.0006457635,0.0006348482,0.04327588,0.008184356,0.00025573114,0.0047988496,0.0036850981,1.5430373e-05,0.66102225,9.479651e-06,1.5893537e-06,2.1778393e-07,3.7534118e-08
3.458432e-07,3.2277015e-07,1.6002125e-06,1.2773376e-05,0.00028176798,0.001385241,0.024209145,0.044869635,0.075577445,0.03860368,0.019275116,0.0031942672,0.0068098214,0.0017639922,3.1529496e-05,0.7771217,0.0043639415,1.3589171e-06,0.0024929182,5.803879e-08,1.5874991e-06,3.781673e-08,1.6987062e-06
0.0021222606,0.041685343,0.1956827,0.31970078,0.2204843,0.14456396,0.026419843,0.019242978,0.009797146,0.0020850864,0.012506514,0.00086093816,0.0021642374,7.5751756e-05,4.8586975e-05,0.00035455223,0.0021368864,3.071455e-05,2.6991398e-05,2.6536607e-06,3.4830055e-06,2.636812e-06,1.6771355e-06
4.8801226e-06,5.601952e-07,5.673732e-06,3.8774473e-05,0.0038017659,0.006573713,0.20760778,0.13523579,0.31171504,0.2644467,0.046289753,0.022164807,0.00069376506,0.00020634015,5.658691e-05,0.00082245143,0.00031630436,5.8540086e-06,1.1130367e-05,2.4606437e-09,8.522773e-08,1.2685943e-07,2.109458e-06
2.5128574e-07,5.3284873e-07,4.5543534e-06,9.281737e-05,0.00024458457,0.02185452,0.023826497,0.13700779,0.07813522,0.082976155,0.01839471,0.005848478,0.07381657,0.042825934,0.4894436,0.010848791,0.001143922,0.01329365,0.00023877506,5.693585e-07,1.122831e-06,2.2536085e-07,7.0866264e-07
5.3713234e-06,4.1760954e-06,8.362115e-05,0.001458136,0.019949593,0.07615699,0.3375077,0.14547388,0.1976567,0.1621135,0.018675074,0.0135279065,0.0143378535,0.00014797437,1.466279e-06,0.008947895,0.0035503893,9.430041e-06,0.0003860646,1.9369248e-08,2.6672328e-07,1.9797548e-08,5.898384e-06
6.784683e-06,8.813989e-07,6.96959e-06,6.008709e-05,0.0011805944,0.018567141,0.026742037,0.13192421,0.07044524,0.24123538,0.04419259,0.15618876,0.08245007,0.01956646,0.0010549276,0.07247973,0.008336353,0.0002037724,0.12447783,3.100251e-05,0.00067481986,4.567729e-07,0.0001739046
6.0862243e-07,2.0706633e-08,7.865148e-07,9.3947847e-07,0.0008741521,0.00016705297,0.1243815,0.03961468,0.50542593,0.2720457,0.051323544,0.0016773855,0.00048166967,0.00013653944,6.926414e-09,0.003696696,0.00011702006,2.9065185e-07,5.535264e-05,7.466009e-12,3.1460514e-09,7.0282297e-10,6.564758e-08
1.045242e-06,6.523574e-06,0.000119126,0.005712655,0.017518494,0.6102155,0.25728977,0.049464494,0.0334354,0.020570599,0.00086553564,0.0001136897,0.0037823922,0.00016673097,0.00014527493,7.709683e-05,0.00016413962,0.00033754169,1.3868096e-05,2.7273463e-08,1.3348307e-07,6.1137917e-09,5.5639244e-08
5.4639313e-06,5.788079e-07,3.1023942e-06,1.00366615e-05,0.00027281203,0.0028299463,0.009715009,0.025017323,0.03984025,0.21990135,0.017527044,0.008686874,0.046532705,0.013746052,0.00016802269,0.11181059,0.0036561664,4.208476e-05,0.4983982,7.790728e-06,0.0017962176,2.878541e-07,3.214919e-05
0.052834235,0.077443756,0.28089285,0.08635013,0.08404919,0.07532447,0.06198165,0.13835242,0.029046299,0.020891437,0.031046787,0.017538833,0.013668367,0.0038502347,0.0005184254,0.022380581,0.0009666813,0.00022433473,0.001690663,0.0005934842,0.00015342921,0.00016533496,3.637003e-05
0.00010313489,0.0019002561,0.037453152,0.1402179,0.24845734,0.43309027,0.079423435,0.023062333,0.019417796,0.004007126,0.008706216,0.0005754844,0.0026360978,2.8085937e-05,3.9999748e-05,0.0001019623,0.0007617672,8.98986e-06,7.859124e-06,7.510041e-08,3.3531563e-07,1.02257694e-07,2.648915e-07
1.2703983e-05,2.2554272e-05,0.0008252492,0.0641667,0.21346149,0.39602107,0.17440014,0.08601531,0.028934097,0.025997661,0.000919256,0.00031166046,0.0083600655,2.5661111e-05,1.9253746e-06,5.6404475e-05,1.3581946e-05,1.3553137e-06,0.0004529682,1.3478312e-08,3.8099227e-08,2.2685956e-08,1.7664169e-08
5.2795053e-06,1.5112252e-06,7.839292e-06,8.9997455e-05,0.0006600563,0.010836243,0.014204538,0.14806342,0.089902505,0.09215957,0.22425339,0.3129366,0.023476401,0.0012322658,0.0048135384,0.027764281,0.025392376,0.0031180799,0.0026638107,9.1453074e-07,9.146751e-06,2.9131852e-06,0.018405298
8.4978456e-05,0.0005739064,0.006431025,0.058552448,0.08242048,0.19918321,0.17240554,0.19049746,0.07405859,0.07815895,0.023816202,0.0033220225,0.089276336,0.0042213243,0.0013558769,0.0062908405,0.0071119317,0.00094604795,0.0012614923,2.0389054e-05,8.311065e-06,1.8833977e-06,6.9678606e-07
8.153396e-07,9.173441e-09,2.7586123e-07,3.6615954e-06,0.004366953,0.00069333357,0.106587425,0.040930253,0.81303525,0.023520568,0.008680305,0.0021779756,1.5824247e-06,2.1205099e-07,4.2366626e-08,9.097974e-07,4.312651e-07,4.024401e-09,2.0042934e-09,2.0434451e-14,3.206129e-12,1.8584882e-11,4.3725112e-10
1.14770055e-05,5.2304326e-06,7.061354e-05,0.0011722611,0.030000884,0.092803,0.06652634,0.053296175,0.07281517,0.22677949,0.004396156,0.018042078,0.18292215,0.06540176,0.0008207548,0.0039124237,0.0027960914,3.2695443e-05,0.1781674,2.2812956e-05,2.7912458e-06,2.040081e-06,1.571858e-07
1.8025838e-05,1.816433e-06,1.9349454e-05,1.767722e-05,0.0026682403,0.002677376,0.0932738,0.050966896,0.31211525,0.44534466,0.040166147,0.0058119963,0.008829011,0.0037570472,7.1177433e-06,0.025551636,0.0019643183,0.00011094773,0.006649492,4.56764e-08,4.4460853e-06,3.399953e-07,4.4323453e-05
0.00024259996,0.0035717099,0.0392404,0.39470616,0.30379692,0.2312758,0.01747682,0.005615917,0.0021870635,0.00086304615,0.0004968826,3.6539073e-05,0.00041807623,7.383746e-06,1.0357827e-06,1.0092231e-05,3.5010737e-05,1.4046822e-05,4.269783e-06,4.717249e-08,1.2758686e-07,5.2142383e-08,4.0813138e-08
2.8074354e-07,3.3478946e-06,0.00028452597,0.0046950197,0.037103545,0.51084393,0.35534608,0.036444865,0.035128456,0.018119367,0.0010022409,5.2492083e-05,0.00077989645,6.893676e-06,1.9419756e-05,1.7591736e-05,0.00014807987,2.4005312e-06,1.5132123e-06,5.9938887e-10,8.392949e-09,1.9812021e-10,5.8280136e-09
6.1321526e-07,8.37204e-07,1.4543668e-05,0.00028608862,0.0045681642,0.033191826,0.4158782,0.2634488,0.09638887,0.025625238,0.0018844963,0.00664215,0.0049029165,0.00066778524,7.1361804e-08,0.14631104,0.00012142417,6.969542e-08,6.671738e-05,5.253864e-09,6.5051985e-08,2.3463145e-09,1.1385648e-08
1.4218475e-06,3.0622557e-06,0.00015821215,0.0058625997,0.045049377,0.48702884,0.24075083,0.12052355,0.03887106,0.05306178,0.0026148213,0.00083893293,0.005098545,2.1064025e-06,2.0388675e-06,2.9466015e-05,9.516165e-05,1.0417529e-06,7.0552924e-06,1.9464221e-09,6.069847e-09,2.9136336e-09,4.940837e-08
0.16726509,0.38078797,0.35299274,0.060347613,0.015261259,0.006651822,0.00417553,0.0033425526,0.0017767728,0.00064637064,0.0029800883,0.0007256907,0.00058181986,0.0003132382,0.00024135604,0.00066431024,0.0005049217,0.00035782054,0.000113864335,5.013192e-05,3.336918e-05,0.00014590676,3.9763163e-05
1.991417e-05,3.7622272e-07,1.8115993e-06,1.0244364e-06,6.531411e-05,2.9933854e-05,0.0064558387,0.011864381,0.12314952,0.041287217,0.65678775,0.10468071,0.007079065,0.02914086,9.136834e-06,0.013991602,0.00035093626,3.5522676e-06,0.005018248,2.5795635e-09,8.931493e-07,1.0840216e-05,5.1123367e-05
3.5015032e-07,1.8044757e-06,4.1549993e-05,0.0013429979,0.01104701,0.5032812,0.30624247,0.076470286,0.053952217,0.021998307,0.00076056994,0.02295981,0.0014078337,5.3568227e-05,9.4471824e-07,0.00033019696,0.00010686089,2.324306e-07,1.6887743e-06,1.0431295e-09,7.074816e-09,4.0482604e-09,8.0122426e-08
1.1979665e-06,9.2011805e-07,3.777927e-06,7.025778e-05,0.00067636755,0.009515285,0.06984337,0.14154604,0.1433749,0.12747431,0.050155085,0.38164455,0.01471029,0.0027323887,0.0041285036,0.0006700296,0.05336814,2.5650417e-05,5.6060722e-05,2.6934075e-08,1.9957712e-07,4.80158e-07,2.223735e-06
1.8549873e-06,1.3218164e-06,5.4243726e-05,0.0049551865,0.0040848623,0.021569641,0.11671966,0.12074127,0.12720212,0.021794258,0.17149657,0.23417363,0.16882443,0.005283978,0.0012050765,0.00018366419,0.0014296055,0.00014591365,0.00013229062,1.11731815e-08,2.8177164e-08,3.787441e-08,3.492625e-07
0.0004824873,0.014561862,0.1341468,0.2502123,0.20620352,0.30659592,0.037602067,0.01746783,0.0131744305,0.001626222,0.013874632,0.00042503892,0.0013298709,2.4519133e-05,1.3266774e-05,0.00012256503,0.0021159637,8.502387e-06,1.0305132e-05,2.2853537e-07,6.020692e-07,4.768495e-07,4.7666487e-07
0.0028185197,0.0073700356,0.10380182,0.059524037,0.13008359,0.13869564,0.1011714,0.20518412,0.056599397,0.076705925,0.047323372,0.015271572,0.023314849,0.002327117,0.00024787142,0.026967997,0.000661794,4.6751305e-05,0.0015932757,0.00022869789,3.699719e-05,2.091107e-05,4.2426127e-06
0.0020507073,0.021067007,0.039551176,0.37449697,0.24622613,0.1486887,0.044755235,0.035465382,0.01830064,0.0060068127,0.011197981,0.004550518,0.023500264,0.0052417014,9.798135e-05,0.0065926905,0.010883075,0.0006867428,0.00050159893,9.871942e-05,1.2042808e-05,2.5804864e-05,2.125175e-06
0.007276276,0.088934295,0.21551412,0.31712165,0.19227114,0.10984817,0.020055708,0.020307561,0.008513753,0.0018189449,0.009545107,0.0011192661,0.0017769311,0.0002305113,5.0787556e-05,0.0010009327,0.0044303653,7.300551e-05,6.4187894e-05,1.8306271e-05,9.825937e-06,1.3920503e-05,5.2594155e-06
1.9412737e-06,2.7563226e-05,0.0018593455,0.044934716,0.24676223,0.6196294,0.07147663,0.0057782913,0.005211988,0.0040722527,9.497426e-05,8.128674e-06,0.00013242908,6.9272267e-07,3.5595448e-07,1.070408e-06,6.2035565e-06,1.386707e-06,3.9495524e-07,1.6406385e-10,2.2773676e-09,1.5189121e-10,1.6929997e-09
0.0034591118,0.010122606,0.13723375,0.09068953,0.117684774,0.15323426,0.10255958,0.19130659,0.053086165,0.041151084,0.043876346,0.01938981,0.02118157,0.0013635319,0.00022880071,0.011750715,0.00052419154,5.1175593e-05,0.00094211235,9.845176e-05,3.3560176e-05,2.5594667e-05,6.691761e-06
3.9325556e-07,1.8812442e-07,5.99807e-06,1.4822985e-05,0.00041049495,0.002271521,0.29179534,0.07901338,0.3221444,0.15339407,0.022268634,0.011956826,0.0026356927,0.00020081978,6.98327e-08,0.111326195,0.0025460334,6.716174e-08,1.49452e-05,3.416137e-10,7.6322735e-09,4.2522967e-09,7.181625e-08
5.39985e-06,4.3912845e-05,0.0009620079,0.07873988,0.37703952,0.48916194,0.04139885,0.007793153,0.002818598,0.0017892653,5.7149347e-05,4.944998e-06,0.00016580682,2.0794603e-06,1.1761793e-07,2.801273e-07,5.45979e-07,1.564168e-05,8.561903e-07,1.9164834e-10,1.9374413e-09,2.4217195e-10,8.846883e-10
0.014959355,0.12768032,0.2364068,0.33768526,0.18265387,0.060071502,0.01240152,0.013101298,0.0043528643,0.0013110753,0.004566614,0.0009766173,0.0014623137,0.00029979346,4.7309368e-05,0.00080748205,0.0009791676,0.00011688083,5.821222e-05,2.7440214e-05,1.2325811e-05,1.6225153e-05,5.733664e-06
4.0002598e-07,1.3726354e-07,1.3565176e-06,2.4006837e-05,7.498235e-05,0.0005588935,0.0023988564,0.007798887,0.013581961,0.017939229,0.45793155,0.24842425,0.10498587,0.05924803,0.03533274,0.00021188252,0.04658423,0.004077622,0.0008220872,1.4159575e-07,9.8036566e-08,2.3908397e-06,4.6654625e-07
3.3773072e-06,1.09895145e-05,0.00042796382,0.025722118,0.08160458,0.3550187,0.2340013,0.10247457,0.06482396,0.09169177,0.0010794492,0.0044364748,0.035186544,0.0006739246,2.1928416e-05,0.00084219454,8.753876e-05,1.240163e-06,0.0018908381,2.0327424e-07,1.9506865e-07,4.071499e-08,2.551531e-08
0.0020073596,0.031359404,0.20061207,0.30430356,0.27580923,0.16080585,0.010878823,0.0066013,0.0037364545,0.0008539402,0.0018789651,0.0001887935,0.00047016054,1.6120444e-05,9.278494e-06,8.3925115e-05,0.00035743922,1.5600068e-05,8.07215e-06,5.3779775e-07,1.3536077e-06,7.8177806e-07,9.920163e-07
0.00044566166,0.008510369,0.10394195,0.29252833,0.22027618,0.30269164,0.03533492,0.016099807,0.009259163,0.002592275,0.0048630154,0.00031781098,0.0017159706,2.3743993e-05,1.7926632e-05,0.00016681684,0.0011800337,1.8717346e-05,1.3166297e-05,4.727387e-07,1.0798066e-06,4.4772688e-07,6.114042e-07
0.026389644,0.17685382,0.1782036,0.38178736,0.1791818,0.035749912,0.008489881,0.006855261,0.0016176372,0.00063681725,0.0015431701,0.0005419933,0.0011083209,0.00032412732,2.955535e-05,0.00029035806,0.00015942234,0.00016336069,3.849623e-05,1.7966342e-05,7.1658037e-06,7.388421e-06,2.976385e-06
6.7747266e-07,1.6057537e-07,5.202635e-06,1.35774335e-05,0.003625685,0.0027425992,0.1965069,0.06536648,0.45566773,0.26227632,0.0048034857,0.0003956624,0.00033463328,3.5425674e-06,1.5212615e-09,0.007762857,0.00048507145,1.0593443e-07,9.333581e-06,1.5340807e-11,1.692293e-09,2.2714457e-10,6.294018e-08
1.9018526e-07,6.243004e-07,6.531983e-05,0.0039006353,0.037180528,0.4505867,0.32671508,0.0537591,0.040298644,0.08470582,0.0011230407,0.00031850208,0.0012927747,3.3758613e-07,7.375145e-08,1.3352714e-05,3.7437363e-05,1.1509144e-07,1.6711716e-06,6.991645e-11,6.4964556e-10,1.4353506e-10,6.829664e-09
0.26677936,0.41079,0.27243316,0.029152023,0.0071079107,0.0034150134,0.0025239477,0.0018828225,0.0010715974,0.0004309698,0.0016798346,0.0004816834,0.00039707875,0.00028003665,0.000244684,0.00040607958,0.00024186756,0.0003527847,0.00010319756,3.3235327e-05,2.3280949e-05,0.00013716499,3.223282e-05
2.2282773e-06,3.3496897e-07,1.4682098e-06,3.72358e-05,0.004038814,0.08114806,0.10792714,0.25727558,0.09133725,0.3080763,0.004041282,0.0050773625,0.09636648,0.0069581103,2.4375346e-05,0.002224361,0.0007768464,0.00017079328,0.034482192,8.213282e-07,3.1728145e-05,3.9420144e-08,1.2413104e-06
6.983466e-05,0.00043096414,0.032868065,0.05550845,0.107792065,0.09823497,0.18709636,0.1456885,0.07108919,0.07813713,0.18752982,0.002952493,0.028186226,6.4786356e-05,9.475629e-05,0.0028956267,0.0012747254,5.6192343e-06,7.202548e-05,6.189599e-06,1.3884248e-06,5.101698e-07,3.1160158e-07
2.2172188e-07,5.434834e-08,1.864076e-06,0.00010482939,0.0032163057,0.021340925,0.14056636,0.2542092,0.077322304,0.11600042,0.013982796,0.259304,0.064262874,0.028051142,6.295659e-05,0.008643216,0.0011190261,4.1178055e-06,0.0118040135,7.196187e-07,2.6617452e-06,1.2263517e-09,4.159623e-08
0.02163324,0.16507043,0.33480808,0.2782626,0.11733234,0.04264919,0.011192842,0.01218301,0.0042324415,0.0011492522,0.006939826,0.0009576421,0.0010075595,0.00017728693,7.4730044e-05,0.0007021393,0.0013712135,0.000109527944,5.9732112e-05,2.5748495e-05,1.8570863e-05,2.8305794e-05,1.4325566e-05
0.0025653644,0.052794036,0.22760707,0.33070162,0.19387344,0.12389862,0.022324197,0.019795043,0.008227504,0.0018857497,0.011128691,0.00073014176,0.0016672796,6.819498e-05,3.4737503e-05,0.00043093157,0.002199229,2.9160663e-05,2.6674357e-05,3.4408436e-06,3.7428701e-06,3.2111486e-06,1.9480465e-06
4.7673987e-07,2.0040007e-07,9.529566e-07,2.1599959e-05,0.00014495506,0.0041715116,0.017203385,0.06311079,0.056173578,0.06454256,0.09613446,0.13298298,0.04163601,0.017262366,0.07695821,0.000350656,0.4286842,0.00019239077,0.00042723955,7.85046e-08,2.9414093e-07,5.569807e-07,5.0252737e-07
3.505729e-08,5.503643e-08,1.2895972e-06,6.1310835e-05,0.0005507025,0.14952789,0.26039308,0.27012724,0.15809515,0.13242352,0.0035044278,0.0005631352,0.01608475,0.0028153674,0.0035557537,0.0009993511,9.238064e-05,0.0011423648,6.170579e-05,2.1065603e-08,2.9538958e-07,1.2373931e-09,1.2371748e-07
1.0717401e-06,1.5038418e-06,1.3427265e-05,0.0004347218,0.0031278052,0.06172874,0.26983353,0.28026545,0.103379086,0.03730343,0.0051296605,0.1701215,0.035720978,0.030030623,2.398019e-05,0.0022213452,0.0005264465,2.5727516e-06,0.00013387774,5.677816e-08,1.799155e-07,3.4989416e-08,2.3532984e-08
0.00021717814,0.0043635145,0.043398734,0.30596593,0.2783816,0.30520198,0.03638851,0.013379338,0.0052324487,0.0027050884,0.0017233108,0.00017978722,0.002429699,3.5626617e-05,1.1172502e-05,6.2528634e-05,0.00027818518,3.0219891e-05,1.4126787e-05,2.702976e-07,4.8599634e-07,1.5674507e-07,1.2489325e-07
3.055766e-08,5.6263856e-09,4.94608e-07,1.745305e-05,0.040358882,0.015720638,0.5113044,0.026171517,0.19490317,0.21087384,0.00058014784,6.8078894e-05,7.330714e-07,2.1972684e-09,6.595769e-11,1.6545015e-07,5.26252e-07,8.7036145e-10,9.2267866e-10,2.9981553e-15,2.9359544e-13,2.9867943e-13,1.465447e-10
1.6317482e-07,3.493536e-08,9.0809084e-07,3.7611383e-07,6.8166537e-06,2.3956618e-05,0.0035153232,0.006606433,0.11301547,0.17982131,0.25927082,0.0008552111,0.020189114,0.0077327644,8.515382e-06,0.33116588,0.055495128,2.1345274e-06,0.022272531,8.2125146e-10,1.2763306e-07,8.767533e-08,1.6920234e-05
3.0101992e-06,1.3735353e-06,4.7469584e-06,2.5347827e-05,0.0004611257,0.011763203,0.016628716,0.080394715,0.0574655,0.11476542,0.09051404,0.03210631,0.2182281,0.15314616,0.08230474,0.041931733,0.04785458,0.0038052942,0.048108347,9.88704e-05,0.00037883606,8.41947e-06,1.3692716e-06
2.706627e-05,0.0033744238,0.18070947,0.08743032,0.0073547163,0.5111209,0.06890626,0.04788855,0.04366518,0.001631414,0.028584274,0.0005143175,0.017325748,6.230632e-05,1.2710385e-07,2.5508913e-05,0.0013743335,4.5305105e-06,4.923395e-07,1.5615903e-11,1.8849826e-10,4.820926e-09,2.501241e-08
6.44463e-07,1.1467356e-07,1.222805e-07,8.123172e-06,0.00013757189,0.051817622,0.0051106405,0.07582265,0.3000371,0.0023947745,0.012431646,0.0121735465,0.5058985,0.016763829,3.6155047e-06,0.0001449316,2.0468779e-05,0.0011677066,0.015926303,3.0543514e-08,0.0001398343,2.7427396e-07,2.963276e-09
3.7931116e-08,5.8161707e-09,4.06878e-07,6.268972e-05,0.0008290316,0.0034776893,0.039962035,0.08249825,0.026010623,0.02828443,0.041850664,0.71928024,0.039451174,0.012393788,0.00015692794,0.0018549107,0.0010153577,9.0934805e-07,0.0028698766,4.160076e-07,5.1102217e-07,3.4119108e-10,8.400306e-09
0.26757908,0.42151937,0.26125464,0.028677505,0.00742344,0.0034219231,0.0024791628,0.0019100867,0.0010813718,0.0004527526,0.0015899222,0.00045354088,0.00040670013,0.00024842072,0.00023936125,0.00037694786,0.00022293162,0.00035456358,9.825399e-05,3.0782798e-05,2.2760956e-05,0.00012496341,3.1578315e-05
1.4374647e-06,5.8931016e-07,6.264807e-06,3.9369108e-05,0.0022140767,0.013173885,0.04970867,0.046111368,0.27488098,0.56183547,0.029642195,0.011185604,0.0011742567,4.4754823e-05,1.8172843e-05,0.0027831406,0.00617059,0.00010076464,7.643978e-05,2.8455271e-09,7.110326e-08,1.3424756e-07,0.0008317675
4.703771e-05,7.5134434e-05,0.0015296052,0.005784245,0.015652422,0.046143588,0.07835135,0.12215653,0.064985774,0.035402216,0.23867941,0.27763188,0.088047355,0.018683698,0.0010289566,0.0038969575,0.00090401503,7.780736e-05,0.00089900626,1.5053898e-05,3.2447106e-06,4.435552e-06,3.1758086e-07
2.0556827e-06,1.6918362e-06,1.351154e-06,6.682316e-05,0.00054428924,0.044769995,0.008700646,0.041222926,0.061488103,0.0069428156,0.01893976,0.005808759,0.47841877,0.24636848,0.0002498982,0.003532429,0.0012695472,0.032086127,0.04925967,5.3353553e-05,0.00026323498,9.0322565e-06,1.1539845e-07
1.0221624e-05,0.00012891919,0.0034491024,0.020706948,0.057750516,0.42280352,0.31097767,0.06896147,0.07058112,0.010960651,0.019805208,0.0005504443,0.0069946116,0.00010312807,0.0001059976,0.00055902026,0.0054873126,3.1673946e-05,3.1706408e-05,1.7920476e-07,4.4211447e-07,7.127987e-08,1.2214805e-07
5.709459e-07,6.148355e-07,3.6882484e-05,0.0013232346,0.01721692,0.14236738,0.13080274,0.1354806,0.026403144,0.275435,0.0040526595,0.00067267095,0.26209694,0.00042337712,0.00012705389,0.00049257145,0.0012506047,3.9035267e-06,0.0018119601,1.0287479e-06,9.2914505e-08,1.6247803e-08,3.0657574e-08
0.0019424536,0.03304293,0.20445003,0.3216435,0.26090172,0.15110652,0.011490912,0.0073208027,0.003798473,0.00089443073,0.0021278951,0.00020402705,0.0006037868,1.6667653e-05,1.095054e-05,8.375242e-05,0.00033496015,1.5099529e-05,7.676613e-06,5.4997776e-07,1.3106373e-06,6.64402e-07,8.561655e-07
3.041564e-07,1.3640492e-07,1.8920626e-06,2.6548154e-05,3.4692548e-05,0.00017787004,0.0005533128,0.004530993,0.013819697,0.008291141,0.27498773,0.060368154,0.053145915,0.2522683,0.13293813,0.018857291,0.014090347,0.16113023,0.004724247,3.4950514e-05,1.8423799e-06,1.347195e-05,2.7715278e-06
5.9742944e-09,1.0665393e-08,2.7453737e-07,2.251787e-06,4.240852e-05,0.002103429,0.0089811105,0.04737019,0.015392661,0.10293755,0.23308922,0.011209501,0.24748828,0.31321627,0.0056090164,0.0031661007,0.0053005344,0.0001518703,0.0038837905,1.4176228e-06,5.4084034e-05,8.172327e-09,1.1257855e-08
3.1514344e-07,2.6406335e-07,6.808498e-06,0.00019448822,0.009206019,0.17044736,0.30803823,0.10771459,0.084057555,0.3048971,0.0055461954,0.0072497157,0.002023214,9.29844e-06,1.1543872e-06,0.00017045841,0.00041457042,2.5138597e-06,1.9231533e-05,1.8216992e-09,1.5064161e-08,3.6749532e-09,9.460821e-07
0.40140682,0.275887,0.2285513,0.026227174,0.0065614283,0.009893495,0.012877265,0.018840266,0.0039943997,0.001666178,0.004390141,0.0034078816,0.0026154139,0.00084570877,0.00024888082,0.0014842566,0.0001982374,0.00025890622,0.00032308436,3.7550708e-05,3.3816188e-05,0.00021235106,3.8320624e-05
3.0427827e-06,4.2087545e-06,6.345942e-05,0.0034980476,0.046590913,0.2521939,0.40263784,0.2008626,0.0482015,0.017692894,0.0013020079,0.024892032,0.0018481989,7.557354e-05,6.122545e-06,7.456731e-05,3.7944086e-05,1.4715396e-06,1.35785e-05,3.6048042e-09,3.3698363e-08,1.4801603e-08,6.5296895e-08
4.0125757e-05,0.00014534713,0.011372967,0.023011684,0.10449452,0.11430817,0.22962874,0.17238683,0.053490493,0.14870824,0.048633873,0.002115539,0.08722087,0.0001799624,0.00018814251,0.0028218445,0.0010196109,4.8917727e-06,0.00021730611,8.916846e-06,1.2912778e-06,3.283547e-07,2.3686798e-07
6.3323887e-07,2.7724317e-07,5.1668394e-06,0.00032198217,0.018003456,0.09768474,0.3830316,0.22853798,0.18892759,0.07885161,0.00303349,0.00061924465,0.00026113508,1.2877708e-05,1.0918736e-06,0.0005934029,5.0597984e-05,3.967849e-06,5.8922218e-05,5.1214993e-10,2.6725186e-08,5.3864455e-09,2.3276256e-07
1.4915048e-07,5.8177045e-07,4.329024e-05,0.0024134137,0.04189577,0.55776733,0.32289103,0.042438425,0.023284521,0.007904816,0.00014604218,0.0011275255,6.7163346e-05,4.1409797e-07,1.5789249e-08,1.601675e-05,3.454173e-06,1.3606408e-08,9.067207e-08,1.3900762e-11,2.3499744e-10,7.1707494e-11,1.8494878e-09
2.4562316e-06,2.2093639e-06,5.675011e-06,1.6687645e-05,4.35267e-05,0.00086020585,0.0014299629,0.019040607,0.011208227,0.010448063,0.10510625,0.017599676,0.062088255,0.10744573,0.20804845,0.35113922,0.0023845448,0.09033427,0.012002262,4.0937077e-05,0.0001974657,0.00054407056,1.1265966e-05
1.4145134e-07,5.7693267e-08,1.498388e-06,5.1326133e-06,0.0005155179,0.002618177,0.09245253,0.08487571,0.23089881,0.10833166,0.033149708,0.0004913108,0.0005034684,2.9443594e-05,2.1312917e-07,0.4456446,0.00038167817,1.8241381e-07,9.8243734e-05,4.5739212e-10,3.0169133e-08,2.6063716e-09,1.897302e-06
2.8834245e-06,6.428401e-08,1.6321579e-06,1.111057e-06,3.4552046e-05,3.0677405e-05,0.030302154,0.030909566,0.24488327,0.29634935,0.2790349,0.1113658,0.0013456087,8.757659e-05,6.7728856e-06,0.00053321465,0.005109124,6.996688e-08,1.5312701e-06,4.4433575e-11,1.0817055e-09,2.9168428e-08,1.0084671e-07
0.0002407746,0.0073249456,0.07524366,0.16963051,0.22700457,0.42807093,0.04973093,0.015117527,0.013082998,0.0021296975,0.008014866,0.00025699494,0.0010741071,1.6848298e-05,1.03462535e-05,0.00010650026,0.0029254006,7.943354e-06,9.286279e-06,1.9354505e-07,4.368932e-07,2.4181023e-07,2.3574958e-07
6.8183406e-05,0.00023920102,0.013221872,0.017808314,0.086258315,0.09069291,0.18068357,0.17904387,0.04749409,0.22475499,0.06792535,0.0020306788,0.078925565,0.00033194225,0.0002488977,0.007975634,0.001796242,9.195888e-06,0.000428482,5.653002e-05,4.554336e-06,9.840974e-07,5.615802e-07
3.3920746e-06,2.5878442e-06,1.2054564e-05,4.176027e-05,0.00020865597,0.001939503,0.0031727033,0.016064277,0.016240176,0.0557398,0.33151492,0.07827757,0.10110434,0.24401616,0.027656216,0.053997602,0.023858974,0.028086204,0.016703669,0.0011381381,0.00015011006,6.916484e-05,2.018635e-06
4.3859977e-06,6.8832255e-06,0.00029746938,0.029946359,0.18431725,0.41702142,0.22481263,0.10234252,0.02607611,0.012759762,0.0005473387,0.00017202436,0.0016157612,4.399903e-06,4.6885182e-07,1.2530176e-05,3.8937324e-06,7.1700913e-07,5.7951383e-05,8.4498547e-10,5.7277965e-09,2.881216e-09,4.8759197e-09
8.038767e-06,8.780723e-07,3.940881e-06,3.4451816e-05,0.0023998802,0.0076960986,0.22688568,0.4388464,0.11394817,0.08920605,0.06180858,0.05344198,0.0039509195,0.00045950175,0.00011907178,4.8001057e-05,0.0011105392,5.635245e-06,2.5770192e-05,1.5167396e-09,6.435345e-08,1.8343347e-07,1.9280432e-07
6.3921348e-06,8.172253e-07,3.89982e-06,3.0190215e-06,5.0314346e-05,0.0007382069,0.00424714,0.016637295,0.042240832,0.022548152,0.037104186,0.0023526622,0.04433729,0.034655653,0.0018921379,0.1448272,0.0010884675,5.4302785e-05,0.64539564,1.1088337e-06,0.0017820155,1.9958672e-05,1.3339578e-05
3.7495858e-05,0.00015730936,0.0031758538,0.007753006,0.028362043,0.057848178,0.087205775,0.120496795,0.043945413,0.44580257,0.05512777,0.0011099644,0.108146206,0.00087130914,0.0002711556,0.030535933,0.007051316,2.4109497e-05,0.001416355,0.0006442964,1.2391537e-05,3.4901107e-06,1.2213493e-06
5.0630282e-05,0.00039518657,0.03871515,0.11905922,0.15418793,0.17930932,0.23046042,0.11192686,0.05012559,0.051624585,0.038437452,0.0010939434,0.02350282,1.3583658e-05,1.7189672e-05,0.0007330365,0.0003167876,1.5986232e-06,2.7663846e-05,5.084725e-07,3.4951339e-07,1.0548337e-07,1.606418e-07
4.2266387e-07,1.219764e-06,3.211951e-05,0.0030296615,0.029954966,0.37528142,0.31948712,0.13510016,0.0667601,0.064358085,0.0008214413,0.0020676008,0.002183498,6.400778e-05,2.4250608e-05,0.00034020026,0.00025822478,4.0607765e-06,0.0002313152,5.7803433e-09,3.415674e-08,9.928695e-09,8.92552e-08
9.1852417e-07,1.3712372e-06,4.6964702e-05,0.0027496112,0.0034383992,0.04706138,0.10964623,0.10565935,0.048311587,0.009774828,0.033554465,0.5136397,0.10566837,0.01998577,0.00018077184,0.00013588833,0.00010022471,2.3625526e-06,4.166369e-05,5.145203e-08,3.130632e-08,2.6475693e-08,4.0604498e-09
2.3229916e-06,1.25079e-06,2.4435123e-05,0.00027138757,0.0066514495,0.01685951,0.33108476,0.10083424,0.34704682,0.12669203,0.019440288,0.013290551,0.024429394,0.001018167,1.0512136e-06,0.008779685,0.0022383563,2.407814e-05,0.0013090296,3.196937e-09,1.0005007e-07,5.827012e-09,1.1231776e-06
1.3731496e-06,2.7154572e-06,0.00015007913,0.001646717,0.0046681324,0.014409383,0.062570974,0.08029396,0.07429599,0.07037419,0.530689,0.028120229,0.107724585,0.0017094626,0.004716855,0.007497376,0.010761758,2.2300761e-05,0.00031173666,3.1458894e-05,1.4168353e-06,2.1978502e-07,1.3319682e-07
9.6044905e-06,1.7671764e-05,0.0008120477,0.0022711575,0.021277854,0.04687592,0.08751309,0.114406295,0.024057679,0.4601911,0.022861965,0.001552611,0.20202385,0.0013563964,0.00037864954,0.009401641,0.0022993966,5.962085e-06,0.0024700896,0.0002115556,4.887734e-06,4.148125e-07,1.7652528e-07
2.0302008e-07,1.2031846e-07,4.962848e-06,0.00017507278,0.027200093,0.18065675,0.3848231,0.051969007,0.16368806,0.1896426,0.0012696898,0.0005271571,2.8238963e-05,1.2701389e-07,6.662758e-08,4.333663e-06,1.0123939e-05,1.9616972e-07,9.426241e-08,1.1843127e-11,1.436807e-10,3.6174622e-10,4.7620578e-08
1.4962083e-05,7.6657416e-05,0.00095654925,0.022625607,0.059753936,0.34310862,0.18952036,0.1891317,0.055442657,0.06523222,0.006271056,0.001293789,0.057199538,0.0028242501,0.0026623518,0.0009519812,0.001042866,0.0015056054,0.00038220428,1.1024181e-06,1.4776201e-06,1.643127e-07,2.427416e-07
6.1651866e-07,2.1102812e-06,6.0420625e-05,0.0069694733,0.054266486,0.27523705,0.3631714,0.24097092,0.033276953,0.018511383,0.00031404934,0.0026419202,0.004130155,9.5763426e-05,6.8372293e-07,0.00027975877,8.693035e-06,2.3875054e-07,6.190391e-05,2.1385524e-09,1.7369082e-08,1.0597146e-09,3.2426126e-09
8.8879506e-07,2.3480285e-07,4.9342975e-06,0.00047572528,0.030157741,0.1884475,0.33480474,0.24356471,0.16493101,0.034263983,0.0021343748,0.0009874334,0.00016805972,8.9437335e-06,4.707868e-06,1.32866335e-05,1.8229806e-05,7.788241e-06,5.6462313e-06,1.7076476e-10,4.7455906e-09,6.2902923e-09,6.318626e-08
1.00064504e-07,6.994644e-09,2.0660754e-07,1.4303074e-05,0.00022585774,0.0011099654,0.010561805,0.03958876,0.018428627,0.035653915,0.03789095,0.6550939,0.055251136,0.057015557,0.0004575873,0.02238463,0.010155319,4.2068004e-06,0.056151584,9.56693e-07,1.04827905e-05,3.3805958e-09,1.4353932e-07
1.0788252e-05,4.6831694e-05,0.0019000828,0.014887182,0.05777385,0.20115033,0.21713479,0.11309552,0.10512662,0.19328149,0.017907096,0.018255467,0.04939909,0.0023915484,0.00011853092,0.0054030875,0.0002840891,4.960436e-06,0.0018226745,4.4679423e-06,1.100346e-06,4.296415e-07,7.18103e-08
4.989507e-05,0.0001103998,0.0024575451,0.032405324,0.061352074,0.20921192,0.18440065,0.1454572,0.08012764,0.03789319,0.01187923,0.14379884,0.081760354,0.0062970645,0.00016933426,0.0016915437,0.00023675895,8.049838e-06,0.00068631937,3.472261e-06,1.87211e-06,1.0174605e-06,2.4520983e-07
0.0019025374,0.03626213,0.20424938,0.32320398,0.23182051,0.16665304,0.014169754,0.009327344,0.0053801867,0.0010735389,0.003784956,0.0003238681,0.0008067637,2.3828043e-05,1.6548562e-05,0.00014005545,0.0008292217,1.6879814e-05,1.0616361e-05,8.1900265e-07,1.717852e-06,1.0825145e-06,1.2233633e-06
0.0065546874,0.0692883,0.14588341,0.3971839,0.23145771,0.0859449,0.02022713,0.019520212,0.00663174,0.00249728,0.0055592875,0.0012725366,0.0036601354,0.00065410114,3.7558377e-05,0.001588768,0.0017488428,0.0001327885,0.0001012955,3.1589163e-05,8.388891e-06,1.2886288e-05,2.6228238e-06
2.7527054e-07,1.796475e-07,9.373467e-07,6.4191663e-06,5.0387906e-05,0.0031855188,0.012912154,0.18279514,0.08196764,0.042746346,0.0445674,0.0035577808,0.007012852,0.0032000702,0.064170554,0.5463665,0.005696427,0.0004048761,0.0012766401,2.3381052e-07,6.6625007e-06,1.708264e-06,7.3303345e-05
3.854601e-07,3.933454e-07,2.7124145e-06,1.2346946e-05,3.1488977e-05,0.0017765485,0.0021525235,0.020724963,0.013840472,0.021316199,0.23441777,0.046499263,0.11790369,0.07649834,0.019362304,0.28024593,0.13806532,0.0031426577,0.0023089661,0.021642879,4.2119187e-05,1.1211252e-05,1.5140603e-06
1.007555e-06,2.0740522e-07,1.3073595e-06,1.0691228e-06,1.644296e-05,0.00010077223,0.01106038,0.017743519,0.157116,0.32718828,0.16010004,0.04080418,0.05084309,0.008068198,0.00044609414,0.0017946417,0.22348207,6.367009e-06,0.0012228022,4.7870476e-09,3.8885182e-07,2.0379412e-06,1.0197342e-06
1.0706188e-08,4.6542027e-08,1.6318637e-06,8.7559056e-05,0.0008128595,0.018064646,0.08973643,0.2871448,0.24596766,0.053240445,0.17427228,0.009665611,0.05900021,0.04924873,0.008610486,0.0009846702,0.0025307857,0.00039073275,0.00024023221,6.258219e-09,1.9071405e-07,2.0647732e-09,3.906388e-08
0.11985379,0.34919438,0.31586996,0.13111532,0.035301372,0.014061934,0.007889382,0.006659391,0.0027476521,0.0010170832,0.0062044077,0.0023043521,0.0014263035,0.0012924937,0.00031924018,0.0024196291,0.0011507677,0.00044718556,0.00021023174,0.00017803111,6.258038e-05,0.0002323093,4.2237447e-05
5.3528715e-06,2.4818557e-05,0.0011539105,0.10317224,0.12311988,0.4097473,0.20056117,0.12194595,0.019863019,0.011243705,0.00059973943,0.0021171153,0.00633813,1.8601755e-05,7.2356585e-07,4.9030034e-05,5.1767597e-06,1.7336441e-07,3.3960623e-05,4.398026e-09,1.4404241e-08,5.251513e-09,5.2646714e-09
1.4704535e-06,4.791196e-07,6.883184e-06,0.00020895862,0.0052589844,0.045441374,0.060082227,0.054181963,0.10152534,0.35263944,0.011010575,0.0099139195,0.09591087,0.048030168,0.0063629895,0.0023517883,0.034523066,0.00013654908,0.17240775,3.7341867e-06,7.3832933e-07,7.37309e-07,7.5511025e-08
4.479575e-06,4.62419e-05,0.0022175463,0.02891824,0.08021685,0.2426532,0.28469667,0.19772044,0.09591998,0.025157321,0.025074352,0.0018121217,0.013727862,0.00021249884,0.0005296882,0.00030096824,0.0007444292,2.4036035e-05,2.2863453e-05,3.4551917e-08,1.5970336e-07,1.3901659e-08,4.89031e-08
7.9060875e-08,2.6933762e-08,4.817178e-07,1.55762e-05,2.4358784e-05,0.00070163194,0.000978924,0.011536178,0.022006173,0.016369857,0.086198755,0.21263939,0.049044993,0.07380494,0.46664104,0.0011119756,0.0042569144,0.051765725,0.0028774552,2.2798497e-06,5.4426846e-06,8.33174e-07,1.6986305e-05
0.0006665291,0.00012291541,0.00020927568,0.00026309624,0.007069509,0.00869277,0.127048,0.20521346,0.19934192,0.25644356,0.04548926,0.09832179,0.026260674,0.004778352,0.0025881731,0.000872978,0.01469187,0.0012692226,0.00049310323,1.1641858e-06,3.2454234e-06,2.4239469e-05,0.00013487275
5.7076682e-05,6.503596e-05,0.00093014474,0.007403539,0.019530056,0.077294596,0.096092194,0.11282888,0.062377434,0.0383519,0.058676697,0.3633711,0.13316481,0.024811478,0.0015025074,0.0017624117,0.00072121795,7.895956e-05,0.00096032064,9.989037e-06,3.95636e-06,4.939125e-06,6.9950215e-07
7.500918e-06,6.3407106e-06,0.00015297918,0.0026613323,0.013152065,0.07250711,0.120199464,0.13725723,0.04822563,0.021258507,0.011881467,0.44435903,0.10135995,0.026148986,0.0001485378,0.00030349428,0.00010563639,4.0878663e-06,0.00025975402,4.904371e-07,2.2150806e-07,1.1456059e-07,1.1148874e-08
1.7681492e-07,8.059726e-08,9.757036e-07,2.573496e-05,9.8199744e-05,0.024624443,0.015596924,0.1695432,0.027448785,0.15480445,0.050390474,0.1072587,0.18363154,0.009330814,0.024792515,0.06324439,0.16272503,0.00033754896,0.0049939137,0.0011208631,2.5409803e-05,4.5926726e-07,5.4130887e-06
1.0382666e-06,1.346539e-06,1.42890185e-05,0.00073329295,0.014089629,0.1104603,0.18739621,0.2854477,0.13990146,0.13708092,0.0035381266,0.046405658,0.044107676,0.022235416,0.00063106976,0.0019279325,0.001943476,8.964688e-06,0.0040745907,2.7695543e-07,5.963196e-07,3.7922874e-08,4.496059e-08
5.728217e-07,7.163683e-06,0.00050238444,0.008067168,0.0374438,0.74685687,0.17615092,0.010463899,0.012861294,0.006950996,0.00031665448,1.6095046e-05,0.00023189968,1.748867e-06,1.9798974e-06,6.840147e-06,0.0001171177,1.8494667e-06,7.29576e-07,6.5206107e-10,6.603281e-09,3.4421554e-10,5.0763616e-09
5.5340265e-06,9.869826e-06,0.00025370688,0.007372591,0.034355428,0.16105689,0.23029217,0.16591619,0.08010357,0.0428292,0.0070504067,0.1851228,0.0699691,0.014182579,0.00013407411,0.0006098304,0.00012918016,3.971215e-06,0.00060180924,5.579294e-07,3.8224712e-07,1.105195e-07,2.8480178e-08
7.9869693e-07,9.584496e-06,0.00095668907,0.0075544086,0.7513183,0.22094782,0.017041584,0.00052621413,0.0009865918,0.0006528926,4.5147067e-06,1.9880609e-07,3.6992057e-07,2.4793616e-09,2.6110056e-10,1.7067905e-09,1.275697e-08,6.4951373e-09,4.734833e-10,1.9938297e-14,1.2625071e-12,1.164456e-13,2.6255456e-12
0.06135357,0.2694016,0.37018675,0.18658051,0.060213912,0.021791507,0.00822481,0.007894103,0.003010603,0.0010086953,0.0053062895,0.0010783501,0.0009447141,0.0003076507,0.00015434614,0.0009730847,0.0010443408,0.00022817747,9.362371e-05,5.9180384e-05,3.7590442e-05,7.723208e-05,2.932017e-05
8.9990687e-07,4.9271154e-07,5.8554847e-06,0.00019209148,0.0018769449,0.09604071,0.075960405,0.40408435,0.06131651,0.095670044,0.035837155,0.17921488,0.03671284,0.0008686656,0.0015256004,0.002485371,0.0076247896,0.00032106639,0.00024211971,4.4303394e-07,4.1803844e-07,2.591188e-07,1.8064358e-05
0.0010860427,0.016536918,0.08497811,0.23156272,0.21208236,0.23996857,0.0664755,0.056421053,0.028552193,0.008831803,0.0238577,0.0022147181,0.00963586,0.00050331716,7.2596886e-05,0.0024260813,0.014464261,0.00012559521,0.00017061159,1.7931365e-05,7.5681455e-06,6.878939e-06,1.5937819e-06
8.6999165e-07,5.1910945e-07,6.8487793e-06,8.8702895e-05,0.0002849165,0.00095774926,0.0037502656,0.0112701,0.026431868,0.03107562,0.5347172,0.13428098,0.07837249,0.096801735,0.045963667,0.0013192609,0.0073114224,0.021422626,0.0059311795,2.087348e-06,1.1409419e-06,8.071805e-06,7.9033e-07
1.196993e-07,2.8723502e-08,7.2329397e-07,7.1134286e-06,3.0215917e-05,0.001336809,0.0025645993,0.022901341,0.007927038,0.036586765,0.20740001,0.20045008,0.14148596,0.14864992,0.18782866,0.0066033546,0.029924268,0.0036211323,0.0024094572,0.00026355268,7.283126e-06,8.1247e-07,8.0413093e-07
1.7153319e-06,1.0081912e-05,0.00018379587,0.010200716,0.017079007,0.39735082,0.31501368,0.15097795,0.039216377,0.050433185,0.0015059795,0.00025730225,0.015259531,0.0005244815,0.00015542498,0.0002479852,0.0002819881,0.0011518365,0.00014726122,2.5289782e-07,5.3179673e-07,1.3115744e-08,6.939102e-08
0.0009023224,0.022717899,0.1788986,0.31416872,0.20524903,0.1715933,0.03921304,0.03116369,0.012011746,0.0032753057,0.014828382,0.0007053816,0.0024985159,5.8589354e-05,2.2361848e-05,0.00046763147,0.0021806653,1.7833589e-05,2.1964242e-05,1.8516066e-06,1.5814871e-06,1.0736748e-06,4.939542e-07
0.000107783744,0.00054532074,0.029269012,0.17228551,0.19443911,0.26377174,0.15604049,0.116850704,0.022890285,0.0263703,0.0060252985,0.0003977211,0.010803573,2.9681025e-06,1.9009809e-06,0.00012302262,5.8991274e-05,1.0711216e-06,1.484946e-05,4.6770257e-08,1.0528327e-07,3.746623e-08,1.381554e-07
7.128956e-07,8.1730684e-07,4.6924546e-05,0.0037706224,0.018969115,0.05586068,0.459064,0.16580419,0.17429066,0.043508362,0.022129318,0.027809126,0.027195543,0.00026072434,5.668367e-06,0.0006800769,0.0004677411,4.047416e-06,0.00013149861,3.2705478e-09,3.729617e-08,1.3353254e-09,1.2981654e-07
5.4660948e-08,6.997045e-08,9.484284e-07,9.550438e-06,0.0002418511,0.026034558,0.050045136,0.058479823,0.3581408,0.48202512,0.0059119584,0.009596948,0.00040315263,2.56644e-05,3.894463e-05,0.0018667269,0.00716939,8.4829975e-07,6.4771393e-07,6.6949286e-11,1.3651176e-09,6.8100614e-09,7.853938e-06
0.01308562,0.11389067,0.22349976,0.32631275,0.19133328,0.07801394,0.01527367,0.016006524,0.006283065,0.0016032713,0.007243389,0.0013595729,0.0020663752,0.00038484123,7.725991e-05,0.00110716,0.0021549452,0.00014146694,7.8359386e-05,3.4366596e-05,1.776883e-05,2.3540144e-05,8.431099e-06
5.8141165e-07,6.904013e-07,6.453898e-06,0.00013283185,0.00056775135,0.025415797,0.02747326,0.079927504,0.037798632,0.3584913,0.019636832,0.0037946175,0.3511583,0.010213795,0.0011126584,0.042230517,0.027679129,0.0002799566,0.009890505,0.0041777277,8.6706e-06,1.9170243e-06,5.5400443e-07
0.058642525,0.27317703,0.32856548,0.21394578,0.07197187,0.023325836,0.008236075,0.008245889,0.0027380926,0.0009880422,0.004528363,0.0013256577,0.0010993379,0.0005053074,0.000121639445,0.0012479789,0.0008520409,0.00020547095,8.789103e-05,7.736447e-05,3.2014108e-05,6.165128e-05,1.8645474e-05
5.6883923e-08,6.6069695e-08,8.166859e-07,3.0085861e-05,0.0001300992,0.0024753334,0.016357474,0.088858314,0.07976492,0.07819313,0.13341337,0.13202783,0.046074286,0.10921359,0.28646323,0.0019846777,0.023106849,0.00062314473,0.0012803598,7.6533944e-08,9.4531816e-07,1.7910993e-07,1.1219028e-06
0.054013338,0.08200971,0.3196021,0.09550118,0.05227216,0.07113793,0.067178234,0.14216824,0.02439472,0.011974263,0.031783264,0.02163051,0.0130798565,0.002403298,0.00040466385,0.0082950555,0.0006850502,0.00019412882,0.0008467162,0.00019955187,7.96116e-05,0.0001181093,2.8284623e-05
2.6632054e-06,2.3014371e-07,2.0059801e-06,9.919148e-06,0.0031909377,0.0041180835,0.23184718,0.16234492,0.30297706,0.26632923,0.021804405,0.0025687874,0.0025876127,0.0006180649,1.4654796e-07,0.0011630029,5.259368e-05,8.2128e-06,0.0003743778,8.154562e-10,2.013811e-07,9.251354e-09,3.2242414e-07
0.04835498,0.28522694,0.38680422,0.17449012,0.061349366,0.01986328,0.006875512,0.0071037253,0.0026576933,0.0008443759,0.0038311372,0.0005335175,0.0007402345,0.0001027722,8.2978855e-05,0.00040426065,0.00049046736,0.0001280213,4.8034184e-05,1.4535234e-05,1.3721319e-05,2.7424e-05,1.259461e-05
2.0254632e-08,3.4550762e-08,3.5768844e-07,1.8010807e-06,9.518979e-06,5.7103796e-05,0.00017355035,0.0011416294,0.004795691,0.0074224826,0.023551704,0.0065043285,0.07118414,0.74780166,0.04088206,0.0009056234,0.0046432703,0.042644147,0.048269123,1.3460516e-08,7.034794e-07,1.0450535e-05,6.087386e-07
1.9555316e-06,9.389779e-07,2.2032338e-05,0.0012497113,0.0061036637,0.063341506,0.110539615,0.26460376,0.09130356,0.06930223,0.057289544,0.21740381,0.09727139,0.003629262,0.0014885565,0.003300317,0.011914717,0.00015184694,0.0010742918,2.9814527e-07,7.2630246e-07,9.012017e-08,6.193361e-06
0.00014701391,0.00064244523,0.028564272,0.04146813,0.09552832,0.07939217,0.14437307,0.13550991,0.08084556,0.074866444,0.2658718,0.0056791594,0.036866106,0.0002258083,0.0003399201,0.006048453,0.0033783868,2.3331007e-05,0.0001948599,2.6313011e-05,4.5121515e-06,2.6885252e-06,1.3053075e-06
0.20949358,0.39624402,0.31728497,0.04746309,0.01199858,0.005229024,0.0031319363,0.0023776966,0.0012536291,0.0004339135,0.0021159865,0.00058046746,0.00042011042,0.00031165042,0.00019870583,0.0005180285,0.00032058763,0.0002991644,9.695113e-05,4.249776e-05,2.4212439e-05,0.00013179143,2.9496126e-05
1.9395861e-08,6.7513874e-08,1.0110716e-05,0.0002883489,0.02188177,0.51784766,0.24536213,0.014637562,0.08413372,0.11561754,0.00013520029,1.5868616e-05,4.6566143e-05,9.287555e-07,2.1399862e-06,3.3227996e-06,1.6369575e-05,4.76338e-07,1.2615695e-07,4.701237e-12,3.2722944e-10,6.1171194e-12,4.6409108e-09
7.6155305e-07,1.6712069e-07,4.5813238e-07,6.0891307e-07,1.3889904e-07,0.0006784504,1.5881435e-05,0.0054551964,0.0006587592,0.0001073408,0.04981703,0.6899884,0.03461668,0.00046125357,0.017203873,0.019952126,0.0022977402,1.4598994e-05,0.004713173,0.0020042537,0.06435316,0.107655644,4.3187397e-06
8.231137e-06,1.0960274e-05,0.00024983537,0.0069291946,0.08907634,0.40980387,0.3432825,0.092054,0.039572097,0.0061721765,0.0007084797,0.011687616,0.00041334698,5.2047567e-06,7.272863e-07,1.6172875e-05,8.442445e-06,2.772604e-07,4.2876553e-07,6.273311e-10,6.130729e-09,3.6796e-09,2.5535156e-08
5.6035155e-08,3.2032055e-08,3.7883498e-07,6.8051855e-07,3.6877423e-06,4.330919e-05,0.0007043102,0.00082876836,0.007842544,0.019213365,0.011670508,0.0063055293,0.10909773,0.69328654,0.004215157,0.003552979,0.06326576,0.00016635517,0.079796255,7.3757302e-09,3.6140364e-06,1.4769416e-06,9.651167e-07
3.6546957e-05,0.0007980618,0.024962468,0.18168446,0.23802277,0.4927776,0.044704385,0.008142877,0.0054827286,0.0021726105,0.0006288519,4.2879696e-05,0.0004210906,2.3884163e-06,1.6773995e-06,1.245717e-05,0.00010083425,3.5855337e-06,1.6904492e-06,8.889565e-09,4.820562e-08,9.129147e-09,2.8025406e-08
1.8374003e-05,0.00011896923,0.016947104,0.09314671,0.15111963,0.20112498,0.2644835,0.12644756,0.04048762,0.05474559,0.015170433,0.00069980934,0.03491436,1.0259975e-05,9.577021e-06,0.0003855114,0.00014216086,5.65053e-07,2.691809e-05,1.6536264e-07,1.1604396e-07,2.4281675e-08,4.6272373e-08
0.0016099975,0.025185127,0.2049668,0.4012081,0.16537844,0.0800358,0.049416143,0.03623349,0.0102896085,0.0020761013,0.017542453,0.0018399844,0.0034614278,7.326347e-05,3.2652377e-05,0.0002761099,0.00033943614,1.3534375e-05,1.7552438e-05,1.0380159e-06,1.4823825e-06,1.0126937e-06,4.5616954e-07
0.0020352802,0.033315822,0.13536724,0.20325908,0.2438081,0.15761773,0.059931606,0.041932434,0.029005714,0.0051302966,0.06148539,0.0034360837,0.006760496,0.00046445226,0.00015769711,0.0015055459,0.014514182,8.879887e-05,0.00014480176,1.4654659e-05,1.0569256e-05,1.0674576e-05,3.3097915e-06
0.00012530127,0.00033368944,0.0053886627,0.15953189,0.13367003,0.3558706,0.14470895,0.110326216,0.041553065,0.016107406,0.004067019,0.014053709,0.013591418,0.00016003741,2.2971868e-05,0.00025524566,7.38955e-05,6.0349403e-06,0.00015156878,3.167207e-07,7.7638214e-07,6.404723e-07,5.838745e-07
3.1721323e-05,6.9045536e-06,8.994627e-06,8.856791e-06,7.2772737e-06,0.0013390599,0.00027743488,0.011364102,0.0033887231,0.00089516956,0.0414706,0.503573,0.04419857,0.014380532,0.053972017,0.043336485,0.0007284697,0.00019279288,0.019134294,8.350883e-05,0.013150102,0.24833268,0.00011873424
5.9976574e-05,0.0002172741,0.004975774,0.18724638,0.13104457,0.36496022,0.14369068,0.12184272,0.022662466,0.0072816606,0.0017164913,0.00697813,0.0071550813,3.2544354e-05,2.299301e-06,9.0095185e-05,1.2407095e-05,8.987044e-07,2.9981065e-05,3.3266733e-08,1.06907095e-07,6.991615e-08,6.388922e-08
2.6287155e-06,8.7018145e-07,1.27668245e-05,0.00050775224,0.015776725,0.060509928,0.057642497,0.03568925,0.0638941,0.21319388,0.004274457,0.0060863276,0.12368175,0.04448226,0.0010259225,0.0019830593,0.011265679,4.2218948e-05,0.3599217,4.857191e-06,4.3075295e-07,8.3335306e-07,4.5727276e-08
1.4094906e-05,0.0001168954,0.004141779,0.03243376,0.26678652,0.53888345,0.09434915,0.022196278,0.024600174,0.012928758,0.0011384566,0.00039070478,0.0017511634,2.6890018e-05,7.6020115e-05,2.991562e-05,0.00012620844,6.614761e-06,2.9405103e-06,7.851062e-09,6.1623254e-08,7.0612836e-09,7.770476e-08
3.9991796e-06,2.128248e-05,0.0008701497,0.038206365,0.026472056,0.16024557,0.3215285,0.1323572,0.16151103,0.03747784,0.03750163,0.02084696,0.062107585,0.00017068318,1.8939469e-05,0.00010670223,0.0005245615,1.2889827e-05,1.5946911e-05,1.4532584e-09,1.1395128e-08,1.0260082e-08,1.4737823e-07
0.010871187,0.10411832,0.24432316,0.30991057,0.18075846,0.07123506,0.02008127,0.024221791,0.008377562,0.0023676138,0.012336561,0.0019703472,0.0028982079,0.00048731297,0.000101002435,0.0021020335,0.0035120482,0.0001190477,0.000102073616,4.933576e-05,2.0925008e-05,2.73613e-05,8.768279e-06
0.0023601707,0.045849457,0.17286421,0.26026544,0.22516601,0.16997412,0.037879087,0.028275158,0.016497718,0.002986264,0.02370141,0.0014238347,0.0029633623,0.00017449705,6.0371254e-05,0.00083790696,0.008583955,4.8470178e-05,6.523656e-05,7.6612305e-06,6.4163914e-06,6.3690522e-06,2.8743038e-06
3.497673e-07,4.4037395e-07,5.8403893e-06,1.5801237e-05,8.7163535e-05,0.0016506893,0.002912305,0.01979913,0.0064181066,0.07822813,0.22655912,0.044613082,0.19974558,0.062246874,0.01459597,0.11038993,0.12988994,0.00013328531,0.0027621181,0.09989231,5.118903e-05,2.4204567e-06,2.4918768e-07
2.6118064e-06,4.2252295e-06,4.330878e-05,0.001885689,0.014488646,0.19646275,0.2411058,0.2250214,0.07988729,0.049228303,0.0044243424,0.17771298,0.0074238405,0.0010015956,0.00027597553,0.00025847997,0.00068892963,1.2126912e-05,7.0690985e-05,3.4725204e-08,1.8235912e-07,1.413887e-07,6.2613447e-07
0.0010018495,0.022726294,0.15871862,0.30563837,0.2576948,0.21591558,0.017030086,0.009133086,0.005553286,0.0012172292,0.003369991,0.0002685209,0.0009039103,1.8453835e-05,1.4302458e-05,9.871698e-05,0.0006742971,1.2566816e-05,7.464974e-06,4.2996894e-07,1.0195438e-06,4.987584e-07,6.029828e-07
0.00037144742,0.008603017,0.0875998,0.28989545,0.2169335,0.32166016,0.038397282,0.017019238,0.0087336935,0.0027404767,0.004425401,0.00028902572,0.0019247049,2.8189903e-05,1.4680622e-05,0.00015066004,0.0011767948,2.0556543e-05,1.3911495e-05,5.00793e-07,8.405362e-07,3.7825785e-07,3.252947e-07
0.00417652,0.009071441,0.09632592,0.066222735,0.087156236,0.12806495,0.11432387,0.23756073,0.057881165,0.039381858,0.0561097,0.048462685,0.033541575,0.0036288379,0.00042634373,0.015288601,0.0007437712,8.493797e-05,0.001259258,0.00019617367,4.7746184e-05,3.8388447e-05,6.504255e-06
4.408304e-06,9.524565e-07,4.3098507e-06,3.6312646e-05,0.0032387818,0.0099527715,0.23524673,0.36351803,0.13661416,0.14298908,0.063324586,0.031705424,0.0077139004,0.0021049243,0.00027265656,0.00025353552,0.0028288246,2.9548815e-05,0.00016016819,8.119512e-09,2.9182758e-07,2.5325468e-07,3.5114553e-07
2.6314416e-07,1.2424883e-07,9.0792236e-07,4.558379e-06,2.25596e-05,0.0026396688,0.0021637643,0.031535085,0.0066442224,0.029009191,0.16627121,0.05532162,0.2721934,0.06804391,0.035796486,0.1068831,0.19712257,0.0014199235,0.003465642,0.021359779,9.50413e-05,5.162523e-06,1.7934448e-06
2.1267456e-06,1.1396771e-06,1.2916987e-05,0.00045319262,0.019517992,0.09289174,0.34169522,0.32696596,0.09859633,0.057538163,0.0070723984,0.052860953,0.001817622,0.00017488962,6.014452e-05,7.883419e-05,0.00023554583,6.150363e-06,1.8353821e-05,3.1587895e-09,4.5331124e-08,4.074589e-08,2.8796154e-07
3.6565566e-06,2.8570363e-07,1.9841675e-06,7.037172e-05,0.010763363,0.017637277,0.24483463,0.52787584,0.13706611,0.0269845,0.032203153,0.0012300629,0.0010896144,8.811814e-05,5.465901e-06,1.6206859e-05,6.418182e-05,1.3225684e-05,5.1883115e-05,1.6365706e-10,2.174886e-08,2.5527049e-08,2.9828264e-08
0.11372649,0.34809265,0.3656773,0.10603704,0.031168696,0.012355341,0.0059892875,0.0049834135,0.0023574126,0.00080327835,0.0041271914,0.0009231782,0.000795304,0.00036224377,0.00022075739,0.000873963,0.0008036354,0.00031732817,0.00011180327,6.628914e-05,4.0614825e-05,0.0001265796,4.016807e-05
1.5014317e-06,4.084891e-07,3.1801803e-06,7.540754e-06,0.00058807037,0.0011942579,0.08515708,0.10246838,0.19050029,0.17310967,0.17473872,0.0033641448,0.015491999,0.0033870542,1.1896228e-05,0.23755309,0.005189544,3.1288464e-06,0.0072270366,2.8450811e-08,2.2778195e-06,9.351607e-08,5.896211e-07
7.604992e-08,1.0253819e-07,2.1757419e-06,4.5143577e-05,0.002927238,0.01639371,0.20908807,0.21495566,0.11742784,0.041599777,0.0019577811,0.00012787564,0.0010122672,7.892801e-05,2.1498051e-08,0.39410546,3.247405e-05,8.3949985e-08,0.00024526598,5.001875e-10,5.426104e-08,1.3798526e-10,1.5826352e-08
1.7126706e-06,2.155369e-06,3.103434e-05,0.0021628838,0.038700003,0.220722,0.34596622,0.24924374,0.07271375,0.045883648,0.0019104538,0.017123526,0.004566062,0.0003305361,4.979956e-05,0.00013109636,0.00025147994,5.6439735e-06,0.0002040533,8.467571e-09,6.658178e-08,2.733772e-08,8.72599e-08
0.012332308,0.09397381,0.19217463,0.2816811,0.19491506,0.07266846,0.0285724,0.036708668,0.015551636,0.0052347356,0.025640195,0.007118749,0.008543938,0.0027066409,0.00026186285,0.009995451,0.010752602,0.0003390926,0.00038409902,0.00026787442,6.0249822e-05,9.85173e-05,1.7941471e-05
0.0043926123,0.07294475,0.23760396,0.3305643,0.19202663,0.09697336,0.020000527,0.020008486,0.007522038,0.0019322727,0.010274838,0.0008911975,0.0018943527,0.00011367021,5.2400334e-05,0.00060605875,0.0020863132,4.638032e-05,4.1312767e-05,7.56458e-06,6.943311e-06,6.492884e-06,3.5379796e-06
0.0034299272,0.060844723,0.21810067,0.30326256,0.19498661,0.12658556,0.027619336,0.02615,0.0109594595,0.0025473635,0.016316205,0.0011394806,0.0021819123,0.00014302059,4.7328092e-05,0.0008196218,0.0047434173,4.5226854e-05,5.2137868e-05,8.8834295e-06,6.629831e-06,6.787105e-06,3.1863835e-06
0.009487087,0.019722726,0.15485784,0.08702791,0.11013435,0.12866244,0.10040793,0.20536363,0.046174154,0.032645922,0.037985127,0.026593259,0.023775356,0.0024103674,0.0003771308,0.0121356305,0.0005718459,0.00010459389,0.0012391402,0.00018808444,6.4300766e-05,5.6513218e-05,1.4712663e-05
3.066493e-07,1.2379141e-06,3.263898e-05,0.0025188976,0.10949093,0.72544014,0.116797395,0.013873705,0.014489161,0.017104115,7.6224314e-05,1.6606193e-05,0.00011669834,6.916393e-06,2.3179412e-06,3.9262397e-07,9.731717e-07,3.0989853e-05,3.2800335e-07,4.7739625e-11,1.3040776e-09,5.927778e-11,2.8114107e-09
1.05302185e-07,9.161088e-08,5.937042e-06,0.0006295676,0.06986851,0.20582497,0.52362823,0.130951,0.050266366,0.018531578,0.00017725426,5.0803163e-05,4.1033312e-05,4.8617926e-07,1.15688605e-08,1.9271874e-05,9.3572214e-07,1.9127354e-07,3.696384e-06,8.034594e-12,4.1923354e-10,4.084118e-11,1.0947032e-09
1.6312868e-06,1.5777775e-06,6.675709e-06,8.380233e-05,0.00026625852,0.0066048177,0.005871264,0.066742636,0.17175874,0.0250893,0.12242871,0.18986809,0.054383524,0.045181364,0.06594724,0.08700699,0.019423285,0.13397737,0.005049796,1.7841185e-05,5.859958e-06,3.5290694e-05,0.00024792616
5.5032786e-05,9.7868906e-05,0.0017614483,0.005797298,0.04528157,0.114565186,0.098356195,0.078095436,0.08848984,0.35847974,0.024387445,0.019283986,0.10288338,0.014419,0.00075146666,0.029493842,0.0016515602,4.45897e-05,0.01594584,0.0001395968,1.0470069e-05,8.58815e-06,6.4074277e-07
2.2997492e-07,8.433906e-08,4.4516905e-06,0.0006513306,0.0017705086,0.0060265823,0.07788938,0.080765195,0.16019525,0.022118812,0.3468755,0.24804264,0.048117552,0.0031055694,0.0007577913,0.00056188466,0.0021445446,0.00018262045,0.00078834273,7.0675577e-09,7.7261056e-08,6.617749e-09,1.6066117e-06
4.1946987e-06,7.691121e-06,0.00019502205,0.0133043025,0.06860737,0.30478913,0.23048922,0.1273249,0.07849404,0.09436306,0.0014612809,0.018599886,0.05483133,0.003338307,9.445254e-05,0.00062370993,0.00022602455,3.4929662e-06,0.0032418,3.5962626e-07,2.8391182e-07,9.728971e-08,5.1937548e-08
5.019098e-06,4.5459183e-05,0.004486806,0.069264814,0.06834719,0.29408517,0.27735338,0.086860046,0.105514966,0.051154785,0.024521574,0.0012953447,0.01609394,7.3483784e-06,1.4031429e-05,0.00034880455,0.00058469246,1.7540532e-06,1.4648754e-05,3.5959715e-08,7.5870226e-08,2.1591585e-08,8.2243396e-08
0.015110126,0.1456989,0.30453524,0.30672434,0.13718817,0.04898859,0.012132342,0.012707473,0.0045512915,0.0011686337,0.007011234,0.00087826466,0.0011328406,0.00013811573,6.786007e-05,0.0005616818,0.0012125929,8.4926265e-05,4.992643e-05,1.6405185e-05,1.39198455e-05,1.7354914e-05,9.73088e-06
2.5450918e-05,3.5980806e-06,2.483612e-06,2.5688572e-05,0.0026888577,0.009844841,0.076434135,0.8378847,0.025074149,0.018510703,0.008277638,0.0030033546,0.016222494,0.0017954212,8.544027e-06,1.9851716e-06,2.1888776e-05,6.441603e-05,0.000109454624,5.622574e-10,3.4295812e-08,5.6010332e-08,1.2531346e-08
2.6306288e-06,4.8215503e-07,3.4038967e-06,7.38068e-06,0.0005319876,0.0009445163,0.10565399,0.12590604,0.15598653,0.29190713,0.27725995,0.013652406,0.007965734,0.0017102613,3.0580606e-05,0.011598104,0.0061736144,4.945844e-06,0.00065844605,1.2085995e-08,5.442367e-07,2.626842e-07,1.03754e-06
0.00022077218,0.0007506243,0.014310889,0.19274099,0.15900849,0.324436,0.124803945,0.07865965,0.04377254,0.0329255,0.005602547,0.003541364,0.017481014,0.00014904006,2.482522e-05,0.00094634545,9.898235e-05,1.0515771e-05,0.0005096251,1.3882928e-06,2.0960017e-06,1.7930636e-06,1.1029565e-06
0.013136113,0.024910964,0.13227238,0.06546513,0.1309838,0.104534715,0.08251595,0.17263752,0.050771214,0.05448102,0.051439747,0.02177906,0.027350929,0.006914117,0.0007231786,0.053546738,0.0017694079,0.0002559641,0.0030956557,0.0010734416,0.00014485756,0.00017116363,2.6848877e-05
1.0567003e-05,2.1003514e-05,0.00068363524,0.05694989,0.17045411,0.3914902,0.18698794,0.10912079,0.032352574,0.033612452,0.0007188317,0.0010144468,0.01561402,8.11458e-05,3.227626e-06,0.0001089263,2.0171856e-05,9.707147e-07,0.0007548977,3.2448256e-08,7.012728e-08,2.819191e-08,1.857187e-08
3.4687114e-06,7.649695e-07,4.753336e-06,5.591901e-06,5.97304e-05,0.00022469052,0.015888864,0.019860344,0.1718264,0.5966334,0.09313606,0.042947013,0.020688046,0.002381619,0.0009631911,0.002592562,0.03259607,2.5936237e-05,0.00013864959,9.4666905e-09,3.1760834e-07,4.6503865e-06,1.7931376e-05
4.6531695e-06,8.452086e-06,0.00029249463,0.0021464822,0.03228225,0.120595455,0.07612104,0.05951497,0.058039386,0.51140934,0.0044919895,0.0042338492,0.07888335,0.0076788007,8.679129e-05,0.013574541,0.00036057696,2.1512726e-06,0.030245999,2.5998208e-05,1.1458167e-06,2.096181e-07,1.4722274e-08
3.3923711e-06,8.865093e-06,0.0002854894,0.012984944,0.046936173,0.20471549,0.28808495,0.20063227,0.06332812,0.021153485,0.0022753691,0.10719187,0.047143012,0.004357732,1.3943317e-05,0.0006152159,4.1547813e-05,4.901541e-07,0.00022737954,1.389387e-07,1.02016635e-07,1.71547e-08,4.7111723e-09
1.9123552e-06,1.5912586e-06,6.146593e-06,3.3296335e-05,0.00030956336,0.008930369,0.009570108,0.040850654,0.041424874,0.13568556,0.08784804,0.03517659,0.15956326,0.19785988,0.049688693,0.1033126,0.056795537,0.004792865,0.06358299,0.0038746519,0.00067253783,1.703128e-05,1.2728053e-06
0.00015877318,1.4761588e-05,3.418671e-05,5.0294493e-05,0.00040276544,0.012931354,0.010359376,0.07221828,0.039610732,0.10594923,0.24407989,0.20280522,0.08243701,0.05233901,0.013307939,0.052986518,0.0020529511,0.0023112157,0.059328414,0.00013198897,0.03200512,0.0018571664,0.01262775
4.2633434e-05,0.00041949376,0.007585221,0.038533017,0.07225335,0.23849644,0.24917886,0.12393049,0.1035614,0.021867575,0.08900248,0.0027068285,0.026370062,0.000605355,0.00047760276,0.003960994,0.020712866,0.00013672729,0.00015037591,4.1803505e-06,2.9064065e-06,8.4569314e-07,3.784158e-07
0.16917984,0.18274997,0.3170305,0.0803817,0.041633047,0.03848633,0.03613171,0.070042744,0.013257124,0.0076758494,0.013225989,0.009649156,0.006521499,0.0023112393,0.00040827203,0.008874219,0.0005291841,0.00026802754,0.00096818747,0.00027674364,0.000119061886,0.00022861386,5.1010964e-05
3.9562158e-07,1.0392648e-06,1.636365e-05,0.0010966781,0.003306627,0.21235354,0.21412766,0.15223502,0.06712572,0.027001187,0.0031565132,0.3073905,0.010312787,0.0015026367,6.3368214e-05,0.000108785716,0.00018994635,2.1460264e-06,8.990353e-06,5.0397095e-09,1.7574287e-08,1.5637662e-08,4.9530172e-08
1.6795324e-06,9.897652e-07,2.1647149e-05,0.0012093966,0.004086214,0.046602756,0.08705959,0.19666527,0.100151606,0.074665755,0.12324516,0.24316692,0.083793715,0.0016888251,0.0029966559,0.0046732053,0.028750796,0.00048799193,0.0006958614,2.067913e-07,5.843387e-07,1.8023658e-07,3.4994602e-05
2.8275153e-06,7.4374606e-07,5.1188604e-06,9.138554e-05,0.0037627132,0.06504483,0.12872952,0.5409388,0.056475036,0.09556816,0.019027801,0.055648103,0.02945562,0.0011780814,0.0004135926,0.00062636484,0.0022919734,0.00024628793,0.00046925357,3.020604e-07,7.82037e-07,2.9838566e-07,2.2494693e-05
1.3534219e-07,4.3153528e-07,1.0987e-05,0.000342365,0.0075317607,0.27430552,0.4221741,0.12163439,0.088264845,0.058569178,0.0009758583,0.024512378,0.001124,8.4168576e-05,3.4950608e-06,0.00035259954,0.00010910229,4.324804e-07,4.1288295e-06,6.7422273e-10,7.7032185e-09,2.4410918e-09,6.847886e-08
6.56122e-07,3.2719907e-07,9.490505e-06,0.00020994752,0.02419545,0.040013958,0.59111476,0.19754258,0.102842614,0.038935408,0.0022230058,0.001278107,0.00030444944,1.8822842e-05,1.0830241e-07,0.0012732213,1.9043195e-05,2.9836798e-07,1.7723853e-05,2.636426e-10,1.2242024e-08,1.4502585e-09,2.6279842e-08
0.25932288,0.4362719,0.24332063,0.03759579,0.008373656,0.0039829654,0.0027869307,0.002181793,0.0010330159,0.00039728027,0.0016968463,0.00056525524,0.00044679386,0.00039881613,0.0002350409,0.0004978773,0.00022124282,0.00033166856,0.000102566286,4.486031e-05,2.454537e-05,0.00014138658,2.6217645e-05
2.4248612e-07,1.3652429e-07,9.5009534e-07,2.0495518e-06,6.750707e-06,0.00011945141,0.00030038215,0.003415374,0.0060843807,0.007792588,0.0069590453,0.009210533,0.0733519,0.13316797,0.6150709,0.026514309,0.01392617,0.0014521246,0.102300346,3.8259037e-07,0.00022521325,9.036086e-05,8.435784e-06
4.106533e-06,4.4953536e-05,0.0013518936,0.034745652,0.10792956,0.700333,0.120044,0.01388649,0.011048878,0.009130759,0.00038841707,4.3623764e-05,0.00091693585,1.4566536e-05,1.0121478e-05,1.01620035e-05,6.76395e-05,2.5619176e-05,3.515839e-06,5.9565393e-09,4.3065864e-08,3.1462246e-09,2.1293383e-08
1.097232e-05,3.9920087e-05,0.002882391,0.041279778,0.086404055,0.35258466,0.20905943,0.14382605,0.046792474,0.054532357,0.00871941,0.0011656311,0.05186127,2.2497086e-05,2.6150561e-05,0.0003294303,0.00040062916,2.6255505e-06,5.9773552e-05,1.2990631e-07,1.3722321e-07,4.0828176e-08,1.5338927e-07
0.00021314518,0.00043326447,0.007970594,0.03851352,0.0838044,0.21574058,0.16763316,0.15566804,0.083296336,0.06718426,0.018507961,0.072837695,0.0776512,0.004952737,0.00028836477,0.0035844105,0.0003560057,2.3651208e-05,0.0013126684,1.554917e-05,6.6480875e-06,4.8045667e-06,9.98384e-07
0.011008067,0.11482499,0.2726447,0.3132043,0.15973143,0.071718104,0.015533685,0.018162163,0.006128053,0.0016338218,0.008950827,0.0011191989,0.0013770807,0.00021479804,5.452667e-05,0.0009646253,0.0025334633,7.754674e-05,5.841518e-05,2.2535927e-05,1.22747915e-05,1.787362e-05,7.4752456e-06
0.00047413458,0.012280525,0.08320112,0.27129608,0.18979914,0.37557086,0.033731967,0.014488299,0.0089004375,0.0017426499,0.0042354763,0.00024557838,0.0010309363,2.1787673e-05,6.385291e-06,0.00016400585,0.0027801204,1.5798367e-05,1.2413485e-05,6.0627264e-07,7.2498807e-07,5.449924e-07,3.3901014e-07
7.355009e-07,9.368577e-07,1.8230518e-05,0.00048332376,0.00032003567,0.0056129424,0.012844519,0.023350481,0.030812025,0.014027539,0.3160043,0.2685446,0.24113904,0.07772289,0.0065094642,0.00017776775,0.0014189978,0.0005354567,0.00047575252,7.022239e-08,4.8432085e-08,6.9367593e-07,1.4224831e-07
3.2806938e-07,1.7558347e-07,7.710948e-06,0.0002683879,0.0012027577,0.023213804,0.0480932,0.13150282,0.04384923,0.1825708,0.07223388,0.06634562,0.31300306,0.014244463,0.036957122,0.016896335,0.04628755,5.6980756e-05,0.0032188038,4.478668e-05,1.5548351e-06,1.7174457e-07,4.3292525e-07
4.2705983e-07,3.1312375e-09,1.394874e-07,5.003391e-08,8.9483665e-06,3.0420033e-06,0.016903091,0.019361055,0.08358426,0.06675978,0.7915595,0.020739956,0.0005713867,8.586676e-05,2.9919167e-07,7.874499e-05,0.0003415982,5.639932e-09,1.8578979e-06,7.0889296e-13,7.269029e-11,2.1341866e-09,1.4662552e-09
4.7232365e-07,9.470852e-07,6.170158e-05,0.0025298079,0.03682963,0.27508318,0.3568835,0.124044515,0.07548176,0.12030331,0.0024045818,0.0013219481,0.004703491,9.323251e-06,2.428964e-07,0.00017954463,0.00014052358,4.4539436e-07,2.1017064e-05,7.461815e-10,1.0327729e-08,4.3213852e-10,3.6967812e-08
2.2488999e-07,1.8360108e-06,0.00019757236,0.004604122,0.17088869,0.7068368,0.08882413,0.0043852637,0.01086632,0.013295739,5.2876705e-05,6.9655916e-06,3.4105276e-05,3.1509327e-07,2.7922906e-07,4.3334293e-07,3.9314327e-06,2.8834617e-07,6.716264e-08,9.6800745e-12,3.049351e-10,1.1622759e-11,9.315712e-10
1.4071576e-06,3.9118757e-07,2.1098888e-06,7.730353e-06,0.00017371505,0.0029046596,0.03609677,0.08904043,0.10559022,0.15015563,0.11049309,0.031404447,0.07433732,0.043341026,0.093870185,0.0055236993,0.24999478,0.00046851652,0.0065814806,2.337744e-07,8.232285e-06,2.8077109e-06,1.0958996e-06
8.002859e-07,7.313175e-07,1.20198865e-05,0.00048945396,0.0006341587,0.009154265,0.027101431,0.043560266,0.043099623,0.023572667,0.1791278,0.414474,0.18387364,0.06493595,0.008131195,0.00013183591,0.0011271728,0.00028477344,0.0002875655,9.117244e-08,9.356544e-08,3.57197e-07,1.0503035e-07
1.582106e-06,2.593968e-07,5.7400475e-06,0.00017029159,0.0017645741,0.005958719,0.07020389,0.07103016,0.121137306,0.06691173,0.117246546,0.41793627,0.08162051,0.025908709,0.0004843914,0.0033293546,0.0036604202,0.00053218106,0.012092239,1.2786084e-07,1.1173966e-06,4.781667e-08,3.779758e-06
1.2354583e-06,7.481158e-07,6.045023e-06,3.7473368e-05,0.0025636256,0.010558268,0.3211506,0.18137647,0.15471232,0.27554002,0.02363435,0.019361638,0.003923701,0.0014625331,4.457782e-05,0.0045142043,0.0009679064,8.589187e-06,0.00013467416,1.0759663e-08,3.3812384e-07,7.142763e-08,5.587675e-07
3.1727095e-07,3.659289e-07,6.6912094e-06,0.0006959934,0.002018222,0.0423409,0.15005478,0.17850214,0.061780725,0.018203804,0.013314276,0.41762397,0.062390517,0.052451964,0.00016765733,0.0001937238,0.00015506492,2.8177853e-06,9.596555e-05,3.5329634e-08,3.9484988e-08,9.979561e-09,4.9591886e-09
5.4143748e-05,5.1775256e-05,0.00046860529,0.0015870639,0.019458894,0.04097882,0.042147893,0.033225767,0.052517757,0.25789422,0.024602879,0.01199727,0.1638031,0.10659381,0.0011504411,0.12620117,0.007921323,0.00022604498,0.10784343,0.0012144042,2.3316758e-05,3.715607e-05,7.2938184e-07
2.0100549e-07,1.0959288e-07,2.6534815e-06,0.00018815625,0.00024967015,0.0034576436,0.017262246,0.03085741,0.027165648,0.015988778,0.22345059,0.45066383,0.15600829,0.06144874,0.011242591,6.5397704e-05,0.0016896985,0.000101277,0.00015690316,3.4511842e-08,3.059896e-08,8.815935e-08,2.7071716e-08
6.3648355e-07,1.7029464e-06,2.5779811e-05,0.0024331396,0.0018248069,0.079864524,0.16291493,0.1784176,0.06469747,0.013899151,0.03018124,0.31383651,0.07287769,0.07701578,0.00017825379,0.0011073853,0.00059894915,7.741758e-06,0.00011638897,5.1714494e-08,9.774998e-08,5.8249178e-08,1.211074e-07
1.6981701e-07,3.0145802e-06,0.00047517824,0.0094322385,0.08083423,0.38732815,0.39240396,0.06778943,0.034051426,0.025908273,0.00078621024,4.0229683e-05,0.00089832605,4.7458084e-06,5.290672e-06,9.076968e-06,2.8009123e-05,9.4824514e-07,1.1022433e-06,1.3311323e-10,1.9506154e-09,3.2123703e-11,8.8487234e-10
0.012419745,0.0973437,0.22068164,0.28111675,0.18746176,0.07222637,0.02645188,0.034113497,0.013241033,0.0041211154,0.02311095,0.005017684,0.005841201,0.001545683,0.00019983614,0.0059534167,0.008365188,0.0002385295,0.00025802417,0.0001612755,4.548594e-05,7.033527e-05,1.4848478e-05
2.2696037e-07,8.189444e-08,2.1392373e-06,3.1960335e-05,0.00053863623,0.012820891,0.020007376,0.06523693,0.016018678,0.2492934,0.02117598,0.012483981,0.49763745,0.030879611,0.011254927,0.009855,0.040849697,8.10711e-05,0.011578216,0.00025119688,2.0121936e-06,2.6825532e-07,2.4142255e-07
0.012756058,0.030189842,0.22811192,0.10246491,0.075987026,0.109086014,0.08769068,0.19499908,0.035985056,0.017387656,0.046316124,0.028958883,0.018023232,0.0019176212,0.00031940427,0.007984757,0.0006973397,0.00011620439,0.000748132,0.00013997463,4.916679e-05,5.682838e-05,1.4062616e-05
1.717548e-07,7.100633e-08,5.0145886e-06,0.0004345323,0.0063776853,0.03280444,0.184849,0.22057986,0.07849634,0.11029829,0.026890812,0.2161556,0.10657707,0.010492056,0.00038509563,0.0020398542,0.001337262,1.8153202e-06,0.0022740858,5.476481e-07,3.8696538e-07,1.9843636e-09,1.2480404e-08
1.0993523e-06,4.107743e-06,7.259613e-05,0.0048212158,0.011671202,0.405114,0.26773095,0.14558862,0.03459455,0.008969403,0.0009600421,0.112738065,0.0073234756,0.00026669592,4.3281275e-06,9.096653e-05,4.3798584e-05,4.0253903e-07,4.5068714e-06,3.7406434e-09,1.5755516e-08,7.2925577e-09,1.5524865e-08
1.5508409e-06,7.383768e-06,0.0010499612,0.05568306,0.053016916,0.12561317,0.40011677,0.13397242,0.11804414,0.026982645,0.044313096,0.005726788,0.034503043,2.1711729e-05,1.2341123e-05,0.00042622662,0.00049025734,7.204883e-07,1.7733564e-05,1.31038655e-08,4.9042562e-08,3.472775e-09,3.475122e-08
7.0853577e-07,1.6911574e-07,3.4470488e-06,0.00012450937,0.0012816255,0.03412639,0.040778767,0.19703661,0.05024352,0.07918781,0.035620425,0.47855556,0.052093748,0.009599379,0.0033780697,0.003934942,0.00981043,0.0003114084,0.0038961337,1.600317e-06,3.0086662e-06,6.9572884e-08,1.1641782e-05
8.0096415e-06,1.2699177e-06,5.8059427e-06,4.058251e-05,0.0024527332,0.0086868405,0.17524374,0.34975806,0.14455266,0.107445724,0.1829404,0.005747736,0.012326865,0.0035751015,0.0004231752,0.0019210367,0.003684604,0.00013225638,0.001048756,2.9804998e-08,2.0785287e-06,8.4989534e-07,1.7029912e-06
0.00035590664,0.014430323,0.20315826,0.3341521,0.22230498,0.156666,0.03364066,0.022895575,0.0053248988,0.0021947273,0.004087691,0.00012873905,0.00049463025,6.449939e-06,1.5257034e-06,3.965498e-05,0.000109721725,3.8416656e-06,3.915158e-06,6.049918e-08,1.2093601e-07,5.5422692e-08,3.5603442e-08
1.046577e-05,6.1359235e-05,0.0005229932,0.010531075,0.012454,0.1357439,0.19968952,0.24789816,0.10634472,0.10444716,0.024115702,0.003789685,0.116146766,0.010711197,0.000641005,0.010387723,0.010957407,0.0038089883,0.0016656034,5.9602342e-05,1.1875388e-05,9.1977694e-07,2.4882374e-07
5.8399604e-07,3.6595918e-06,0.00014767106,0.0061724884,0.03755547,0.68927884,0.19746916,0.022048352,0.025085619,0.020891393,0.00037287487,4.4270113e-05,0.000756444,1.3201415e-05,2.9273762e-05,1.8665334e-05,9.034143e-05,1.971845e-05,1.9619924e-06,1.9016126e-09,2.1590605e-08,8.754256e-10,2.5603262e-08
2.4602398e-06,2.2662755e-06,0.0001230165,0.004302564,0.0056585753,0.02837206,0.084757246,0.13660927,0.08251179,0.041668847,0.31920913,0.084648296,0.17496343,0.0034607023,0.014388116,0.0055247014,0.013246857,8.316848e-05,0.00046143003,3.724791e-06,9.714622e-07,3.4582607e-07,1.0340402e-06
1.3317336e-08,2.7865874e-09,9.5050495e-08,1.7367549e-07,2.9874445e-06,1.4854092e-05,0.002485822,0.008423278,0.09982472,0.059094857,0.12331905,0.001280006,0.0009232717,1.7352402e-05,1.7383233e-08,0.68148303,0.023057967,3.5002938e-09,7.173717e-05,1.39282925e-11,6.514049e-10,8.0331053e-10,8.197676e-07
3.6831636e-06,6.238537e-06,0.00020802676,0.015004654,0.12469208,0.40194747,0.30216163,0.11807601,0.028755257,0.0064923353,0.00048115983,0.0017299377,0.00040990618,3.3112374e-06,4.2391963e-07,1.9870913e-05,4.4490735e-06,3.5841563e-07,3.2564587e-06,5.089371e-10,6.1188503e-09,2.6794063e-09,1.4927947e-08
8.7323957e-07,1.1172463e-06,5.1516272e-05,0.0052742683,0.0866347,0.3345397,0.14939977,0.06629995,0.056903582,0.18762766,0.0003019364,0.00039234426,0.0705485,0.0008391263,7.802653e-06,0.0006129047,7.787187e-05,6.1012435e-07,0.040485557,1.3176077e-07,5.5966023e-08,9.6665165e-09,1.822691e-09
0.00059206923,0.0063719433,0.025249977,0.052325238,0.18481228,0.29520297,0.08805908,0.03921177,0.09827112,0.0072362884,0.07333301,0.00524337,0.019073285,0.0016929285,0.00045857887,0.0057039578,0.09614227,0.00030436853,0.00065240945,1.7698963e-05,1.3163493e-05,2.6146598e-05,6.0729126e-06
0.016199661,0.14023538,0.29544732,0.30280113,0.14306259,0.049670864,0.014645944,0.016160924,0.005362527,0.0015167479,0.008760418,0.0012894514,0.0015667812,0.00024951663,9.606384e-05,0.0009984436,0.0016585931,0.00011506259,7.1435505e-05,3.154205e-05,2.1239497e-05,2.6215122e-05,1.219784e-05
2.4537576e-05,6.1875944e-05,0.0027570364,0.00852469,0.08763857,0.09625223,0.13378298,0.18113169,0.01801433,0.3382845,0.007580213,0.0003603462,0.12148199,0.00028093474,5.4912132e-05,0.0021159684,0.00030509155,2.0539671e-06,0.0013287293,1.6001035e-05,1.0433478e-06,1.4967752e-07,1.1999363e-07
2.6270684e-06,1.2280941e-05,0.0004624542,0.033376783,0.07379019,0.33709446,0.29075575,0.20819424,0.026169138,0.013425114,0.00039569914,0.0053717173,0.010590198,0.00011109268,6.762916e-07,0.00019016062,6.439765e-06,1.217207e-07,5.0816314e-05,7.649522e-09,2.2072607e-08,2.8153473e-09,2.672797e-09
3.7989773e-07,1.4426453e-06,8.711232e-06,4.4030054e-05,0.00012677434,0.010694622,0.031215668,0.03273283,0.2995242,0.18915217,0.04302449,0.1215114,0.09681541,0.053812314,0.0023174656,0.0024465213,0.11399272,0.0022489317,0.0003053052,8.730796e-09,1.039639e-07,2.9444673e-06,2.1531141e-05
1.517135e-08,2.7047607e-08,1.7342674e-06,4.1664956e-05,0.0012695926,0.015523146,0.23725595,0.29688108,0.34628078,0.061570887,0.021257209,0.0002418129,0.01114326,0.00036003982,1.0114856e-05,0.0073433914,0.0007492568,3.3790625e-06,6.6510474e-05,2.63167e-11,4.4949786e-09,3.9016453e-11,1.8568988e-07
1.2560973e-05,1.4701232e-06,3.339932e-06,2.7701859e-05,0.0002966617,0.047072858,0.014799145,0.13796444,0.029159531,0.17564878,0.068657845,0.111730166,0.28043646,0.013262925,0.0011136284,0.010537911,0.0015677337,0.0016418619,0.033593964,0.0005182185,0.07183474,6.6762373e-06,0.000111307345
4.1247502e-05,0.00083652383,0.0147641385,0.056427605,0.15791997,0.6649558,0.07228542,0.01129414,0.013916763,0.0031071017,0.0021194583,0.0001461159,0.0009166632,1.1628847e-05,1.5212084e-05,6.063204e-05,0.0011699505,7.0467163e-06,4.135958e-06,4.7569237e-08,1.9585676e-07,4.4102393e-08,1.0578585e-07
2.0622869e-08,4.7928115e-08,3.2693397e-06,0.00013410283,0.0031297207,0.32352245,0.38369298,0.07442464,0.13094951,0.08252872,0.00045902262,8.7769906e-05,0.00065403956,4.9344497e-05,0.00025497572,3.7735615e-05,4.0645067e-05,2.8766888e-05,2.2010793e-06,2.3443703e-10,6.71683e-09,6.705636e-11,2.4562587e-08
0.0045016357,0.060863923,0.2086478,0.3253367,0.24904568,0.11784004,0.012442323,0.009626006,0.004637531,0.0011183812,0.0032984994,0.00043327553,0.0010365166,5.9537782e-05,3.240423e-05,0.0002183198,0.0007787191,4.3488875e-05,2.432895e-05,3.1317336e-06,5.060702e-06,3.415619e-06,3.2497678e-06
6.21703e-07,1.0983787e-06,2.5700878e-05,0.00049701583,0.024043223,0.2353452,0.26024216,0.04527787,0.12260321,0.30334863,0.0033672522,0.004076903,0.00067118095,2.0389093e-06,2.1934006e-06,6.979177e-05,0.00042055923,2.3028902e-06,2.2121305e-06,7.6282436e-10,4.762186e-09,6.8837576e-09,8.1534955e-07
2.5296668e-08,1.0002613e-07,6.001726e-06,0.00027366262,0.0058037764,0.23720226,0.3648282,0.18951333,0.08228198,0.116239704,0.0006705093,0.00012849699,0.002435651,0.00011943766,0.00037880472,3.948911e-05,3.403002e-05,3.718095e-05,7.326134e-06,8.0759105e-10,1.526518e-08,4.672666e-11,8.145374e-09
1.1518643e-05,7.876103e-06,8.8804874e-05,0.0009463694,0.07958601,0.18128346,0.29751843,0.26012978,0.0772012,0.09438408,0.0030543394,0.0037273385,0.0019814197,1.5934978e-05,4.7871863e-06,6.2013214e-06,4.2675696e-05,4.725475e-06,4.9752466e-06,1.4042947e-09,6.8525314e-09,5.5961813e-09,1.10214486e-07
0.234597,0.2143709,0.3051924,0.06465959,0.023936775,0.028461462,0.028444504,0.05442874,0.0098591205,0.004611328,0.009917634,0.007842379,0.005158127,0.001630455,0.0003767897,0.0045834477,0.00042086738,0.00031837643,0.0006600164,0.00013642301,8.399001e-05,0.0002537205,5.593409e-05
3.1483116e-05,0.0007370097,0.019306216,0.23223154,0.21550858,0.4637036,0.05077224,0.009435744,0.004548111,0.0023774588,0.0005635858,3.3743258e-05,0.00064575975,3.9192078e-06,1.2295191e-06,1.16034835e-05,7.764996e-05,7.250528e-06,3.2006562e-06,1.2677366e-08,4.7319954e-08,9.426196e-09,1.5203383e-08
2.5285328e-06,1.1178728e-06,4.241027e-06,1.5075834e-05,0.00033779477,0.0023507196,0.057170857,0.092850596,0.17049234,0.29384488,0.09605909,0.09396567,0.038349476,0.014790218,0.0058060116,0.0026259206,0.13026863,0.00010070594,0.0009574115,7.717302e-08,1.6447218e-06,2.1659516e-06,2.818271e-06
1.2930327e-06,1.6130934e-05,0.0012448911,0.017818958,0.16100745,0.6648699,0.12101209,0.010949486,0.010422517,0.012115648,0.00019668975,2.1545246e-05,0.0002936705,2.58564e-06,2.6568025e-06,2.5180332e-06,1.8904855e-05,2.1377873e-06,7.8560316e-07,3.524548e-10,4.5164277e-09,2.0393928e-10,3.749281e-09
0.008541871,0.0775652,0.1510942,0.3217171,0.21828756,0.08149331,0.029098013,0.03369907,0.01493483,0.004995947,0.019055728,0.0058221035,0.009498501,0.0028709276,0.00017295721,0.010124042,0.010067482,0.00030012935,0.00034131433,0.00020811304,3.5648416e-05,6.600161e-05,1.0011466e-05
1.9994613e-06,2.824165e-06,1.9121919e-05,0.00061892683,0.0038407657,0.0570323,0.18370047,0.27148846,0.14029634,0.0763024,0.014313795,0.19178942,0.030271772,0.022108288,0.00055755844,0.004520658,0.0028075695,1.9049023e-05,0.0003064401,2.2833353e-07,8.262303e-07,2.2052913e-07,6.043988e-07
1.0519426e-07,1.0756079e-07,8.515874e-07,1.42661465e-05,5.2207186e-05,0.00085721584,0.0030220593,0.028070742,0.04048899,0.029964164,0.055103492,0.019695658,0.117689274,0.36512876,0.18488848,0.033948686,0.06203689,0.00022154964,0.058679745,3.1704934e-07,0.0001031773,1.1309559e-06,3.214282e-05
0.0039599524,0.060801957,0.18740653,0.36950368,0.22349422,0.11053457,0.015119692,0.014898129,0.00490504,0.0013945594,0.0044884826,0.00053785363,0.0015309041,9.4084884e-05,2.6956051e-05,0.0003426156,0.00086868985,4.711888e-05,3.0078272e-05,4.8787806e-06,4.5705456e-06,3.496164e-06,1.9043222e-06
9.241682e-05,0.0009518033,0.004477753,0.058332324,0.05284528,0.37890193,0.18450142,0.06879873,0.09587823,0.014156852,0.02140686,0.002489844,0.026007196,0.0012704812,7.941567e-05,0.0074582426,0.081502974,0.0004911476,0.0003179217,2.8211998e-05,6.615319e-06,3.3286826e-06,9.638436e-07
1.116748e-06,4.272787e-06,0.00028706255,0.04172648,0.09856325,0.6072135,0.164141,0.064024,0.018639147,0.0039231577,0.00034103013,0.0007750248,0.00034556098,5.831222e-07,1.4846567e-07,9.64906e-06,3.7389482e-06,7.040665e-08,1.2811346e-06,1.2235378e-10,1.1481939e-09,5.5390287e-10,2.7834473e-09
0.008756196,0.01859606,0.13223965,0.059371687,0.09190305,0.10376263,0.09041891,0.21610993,0.052857045,0.046629902,0.076700844,0.032979667,0.02620573,0.005182983,0.0006576113,0.03264883,0.0018677177,0.00019183554,0.002069541,0.00063785113,9.632556e-05,9.993946e-05,1.6087257e-05
1.4997929e-07,1.5768066e-07,6.1979435e-06,0.00019307663,0.014789531,0.18588789,0.4206158,0.05562742,0.08078796,0.23940061,0.0014056002,0.00093963556,0.0002858537,6.682833e-07,1.235528e-07,1.4196925e-05,4.272998e-05,4.7681962e-07,1.8369022e-06,9.6140686e-11,9.2989455e-10,4.0394066e-10,6.2921195e-08
0.0004197686,0.0010614714,0.018660849,0.05804334,0.09726119,0.21753782,0.15298721,0.14924031,0.085920356,0.07005712,0.024485752,0.04606054,0.06550287,0.0032547223,0.00028160785,0.0072624036,0.0004784821,2.8683571e-05,0.0014015898,3.0749336e-05,1.1445194e-05,9.623831e-06,2.0607058e-06
3.8897844e-07,1.0662493e-07,1.5935208e-06,4.197906e-05,0.00011845215,0.005689501,0.0075795357,0.08047878,0.039921314,0.02656976,0.10332675,0.5449826,0.038321666,0.009841466,0.108925544,0.0038217995,0.01979691,0.00920845,0.0012409708,1.132258e-06,1.4617893e-06,7.5697466e-07,0.00012910055
5.7113884e-05,0.001101318,0.026647648,0.09145555,0.3157947,0.52708095,0.025046969,0.0041969665,0.0058691017,0.0018037481,0.00054757745,5.092625e-05,0.00018827419,1.8785753e-06,2.3627822e-06,1.012449e-05,0.0001424244,1.574089e-06,7.355316e-07,6.7594272e-09,5.589877e-08,1.1403754e-08,5.6356747e-08
0.0017760628,0.0047559254,0.06867096,0.080841005,0.047603283,0.14415663,0.12754133,0.22382882,0.056475196,0.014221828,0.065659896,0.11137303,0.04604062,0.0029032999,0.00019272638,0.003154673,0.00045292577,4.1819316e-05,0.00027446853,1.632049e-05,7.6325205e-06,9.920841e-06,1.6376827e-06
0.0049515227,0.08329224,0.24934344,0.34090504,0.1799426,0.09992631,0.013319137,0.013333171,0.005127874,0.0011321822,0.0055882963,0.00049072324,0.00080551964,5.4102857e-05,2.3778179e-05,0.00029446805,0.0013996678,3.0796495e-05,2.3771943e-05,3.9142747e-06,4.2420143e-06,4.341592e-06,2.9380772e-06
3.339315e-06,6.906722e-06,0.0002511783,0.02588348,0.09932896,0.3988358,0.20572466,0.07682152,0.061852552,0.097311124,0.00084486575,0.0011373666,0.026880663,0.000286824,2.4262234e-05,0.00034044308,0.00013000832,2.6544926e-06,0.0043330714,9.945725e-08,1.0791782e-07,4.9960196e-08,3.2572284e-08
4.9855707e-06,4.5976674e-05,0.008563434,0.11903303,0.086731315,0.3141485,0.23597868,0.09708988,0.043605942,0.06676016,0.011004562,0.00029317747,0.016210502,2.0126438e-06,1.9696804e-06,0.00031954306,0.00018897532,3.7328928e-07,1.687902e-05,4.493546e-08,5.5012205e-08,7.875037e-09,3.2174995e-08
1.08820466e-07,9.320329e-09,1.9856829e-07,2.654782e-07,3.4784493e-06,2.2961904e-05,0.00016455652,0.00016482196,0.002982197,0.0281515,0.017182857,0.003917085,0.035387374,0.1954859,0.00030527066,0.0031775066,0.025711121,4.8533693e-05,0.68722767,1.3937535e-08,6.558384e-05,1.6729246e-07,8.5741055e-07
9.150807e-08,2.7005452e-08,9.920956e-07,5.1483994e-06,0.004707276,0.0045550703,0.14536826,0.011855106,0.3718781,0.4589647,0.002138674,0.00022029421,1.6450276e-05,1.2065907e-07,1.7437053e-09,7.244254e-05,0.00021704749,2.3144677e-08,9.2782344e-08,4.9815946e-13,3.6904275e-11,4.817882e-11,1.0941861e-07
8.699882e-08,3.828227e-08,6.1219043e-07,5.656496e-06,4.790912e-05,0.0006200153,0.021230137,0.016239816,0.03729572,0.034083616,0.061897464,0.05459034,0.11470023,0.6320448,8.908543e-05,0.0055372356,0.018314479,2.5258929e-05,0.0032772212,8.106563e-09,3.0712846e-07,3.687431e-08,3.945893e-08
0.0008118195,0.0027796987,0.090176396,0.036142603,0.23489638,0.07984618,0.15952031,0.19401003,0.022023998,0.10542651,0.0404288,0.001234436,0.02621867,0.00023487674,0.00013529578,0.0052658794,0.0004799205,9.670596e-06,0.00027715997,6.877196e-05,8.732582e-06,1.913461e-06,1.9524457e-06
2.4112842e-07,2.081062e-06,0.00021391868,0.012706982,0.04514138,0.26090482,0.46699947,0.052326728,0.07610739,0.07991362,0.002390027,0.00049089134,0.002715124,8.556012e-07,5.4452087e-08,2.9799476e-05,5.5486755e-05,8.070761e-08,1.0778629e-06,4.2814276e-11,6.976925e-10,8.130706e-11,5.703523e-09
0.07180814,0.31685203,0.17677008,0.24296656,0.091480866,0.02787124,0.014058578,0.0130851315,0.0041727573,0.001896016,0.007230978,0.0056841336,0.008419442,0.0075177355,0.0007001605,0.0052165487,0.0013886937,0.0015945925,0.000489976,0.00039085446,0.000122004516,0.00023544545,4.8009184e-05
6.901491e-05,0.0005825475,0.0034134556,0.027817322,0.079162486,0.6828123,0.09304202,0.030037321,0.048941515,0.0071060606,0.005529587,0.000980384,0.011000737,0.00053223054,0.0004084362,0.0017350719,0.0064331363,0.00032580274,6.22442e-05,1.630721e-06,3.4972402e-06,1.3656482e-06,1.7888134e-06
