1.4798109e-06,5.0750774e-08,2.6917763e-07,3.1344913e-05,3.9337607e-07,0.0008625328,0.0051432885,0.012944628,0.009511875,0.0721292,0.10040381,0.19413303,0.057604272,0.089825325,0.13679177,0.11051121,4.105774e-06,0.09042592,0.061537024,2.5018755e-08,0.058138423
6.0886816e-07,5.9417725e-06,4.0297917e-05,0.004048401,0.071665145,0.42094585,0.27327517,0.110182896,0.03870801,0.06292512,0.0073001985,0.006071802,0.0040242122,0.0005749958,5.5347424e-05,7.6331824e-05,9.67848e-05,1.4775289e-09,2.7672206e-06,7.130929e-08,1.2687178e-08
8.563466e-05,0.00019807609,0.036231466,0.3324103,0.388484,0.17230761,0.030528951,0.016892783,0.0088532325,0.004140248,0.007905286,4.871844e-05,0.0017189892,3.902046e-05,2.8695333e-06,3.4243658e-05,8.386365e-05,1.5989805e-07,3.3614073e-05,1.3353348e-07,7.8743096e-07
1.7320316e-07,3.4825698e-06,0.00027709352,0.010219881,0.025472263,0.04355843,0.14458126,0.096187495,0.12693492,0.30654147,0.025797592,0.05805485,0.12191689,0.035299078,1.5923131e-05,0.0015502251,0.00021171248,1.0311897e-08,0.0033744941,2.5936154e-06,8.147186e-08
8.733163e-07,3.1893017e-06,5.275428e-06,0.03559128,0.0010045245,0.22639634,0.132096,0.17436022,0.078020684,0.11385814,0.06094451,0.010217817,0.0044999374,0.0007984741,0.15552154,0.0054411096,0.0011739228,1.7142043e-05,4.4650642e-05,2.3731307e-07,4.137486e-06
0.0016380732,0.008494461,0.21820669,0.495599,0.19370306,0.05991169,0.008850051,0.0050932486,0.0042518545,0.00047278006,0.0029575862,2.3117625e-05,0.00066629326,1.1228006e-05,3.5184473e-07,4.9301187e-05,5.9071557e-05,4.0394728e-08,7.736179e-06,5.2735254e-07,3.7731793e-06
8.5265856e-07,1.1124854e-07,3.671011e-07,0.00021923317,1.5143941e-06,0.00047839212,0.02345462,0.034063183,0.043131817,0.095679775,0.15222956,0.3725285,0.054749,0.021280587,0.049184915,0.05624275,0.00052826124,0.03906089,0.056877438,6.7297276e-07,0.00028754078
4.2110505e-06,1.35646105e-05,1.6123035e-05,0.031257056,0.003469203,0.04360747,0.16527475,0.18651894,0.18310444,0.13074856,0.15532213,0.007713732,0.020232325,0.021277316,0.00029891092,0.020420857,0.030517634,9.967764e-07,0.00020044183,1.7565749e-07,1.1779625e-06
3.074169e-06,3.523532e-07,5.052823e-07,0.0021101048,3.4532133e-07,0.0008487677,0.009460462,0.011322456,0.45971614,0.26862663,0.019228911,0.016506916,0.009948314,0.014331909,0.06112085,0.063693315,0.009919107,0.029349698,0.017901715,5.038077e-08,0.00591033
1.8633428e-07,6.859811e-08,2.6912448e-07,0.0005614022,0.00020924976,0.0046994737,0.18391868,0.022665832,0.14553978,0.13040985,0.38879982,0.06882422,0.0029787566,0.0026729642,0.00054059946,2.2615943e-05,0.047575105,3.9281804e-06,0.0005691504,8.035658e-06,1.9078897e-08
8.566213e-06,0.00010483235,0.02874517,0.23099776,0.3864276,0.14664222,0.09153707,0.042566825,0.03919644,0.002705643,0.0050986004,0.00027197317,0.024290564,4.13883e-05,1.207068e-07,0.0006113484,0.0007512095,4.3620587e-09,2.032984e-06,3.9581786e-07,1.8854917e-07
2.5945244e-09,1.08255495e-10,3.4295225e-10,9.5666024e-08,7.7243705e-08,6.9534394e-07,0.0027881202,3.95734e-05,0.00022926326,0.001213182,0.7725003,0.042219598,0.00915595,0.009164171,9.733142e-06,0.14560774,0.005360744,0.011706603,8.16686e-08,4.0927184e-06,5.5680186e-08
1.9188402e-08,3.18012e-07,1.3682895e-06,0.00016560966,0.0034871679,0.0054535605,0.10687576,0.12606668,0.28099632,0.11864978,0.046902783,0.21512513,0.013133987,0.07887919,0.00038130797,0.0026249723,0.0009802537,1.9709056e-07,0.00027350386,2.1211756e-06,6.55064e-09
1.0108744e-06,8.785477e-07,2.1070582e-06,0.00219673,3.955566e-05,0.0022904417,0.05111561,0.07444037,0.15228848,0.21434805,0.11103661,0.16103971,0.05813221,0.014180946,0.0010666496,0.030953778,0.00044294388,0.00028269575,0.12613522,4.3060524e-07,5.6320946e-06
2.0076693e-06,1.6603988e-06,3.2850228e-06,0.00012922157,0.00074196584,0.011981513,0.11493116,0.21246606,0.37968966,0.059952002,0.12080608,0.049498733,0.0008328147,0.0027343729,0.00022430505,0.043850318,0.001704842,0.00041545994,3.2721084e-05,1.1441766e-06,6.664796e-07
7.060692e-07,1.648976e-05,0.0011448925,0.019169694,0.24115305,0.18297608,0.17005695,0.09076459,0.02166091,0.073364735,0.14143732,0.0109425085,0.04722781,3.105622e-05,1.3381167e-06,7.1494255e-06,4.165892e-05,1.4570088e-09,2.8461184e-06,1.9943117e-07,5.354521e-09
9.0295956e-08,4.379088e-06,0.00015487587,0.0028794687,0.012519861,0.1364183,0.17083848,0.05793851,0.05456494,0.10786846,0.02792009,0.31370535,0.11441815,0.00065904495,7.0534747e-06,6.1976556e-05,1.5673042e-05,2.857909e-10,6.7983815e-06,1.8517425e-05,1.8603694e-09
9.702186e-08,8.517925e-08,1.07843555e-07,1.708593e-08,5.763354e-07,3.9049114e-06,0.0044164676,0.0072253724,0.06441891,0.036933746,0.75923437,0.12492369,0.0020196678,4.8393107e-05,0.0003512653,0.000117972726,1.2100584e-05,0.00029291015,2.3605617e-07,3.4189544e-08,1.9844917e-08
2.0365771e-06,3.170552e-05,0.0014287937,0.027681872,0.29801288,0.18289469,0.14684545,0.10310831,0.09122739,0.01310386,0.10404385,0.0027431177,0.028018683,3.0217343e-05,5.81841e-05,0.0005378572,0.0002247168,3.825449e-08,5.7931375e-06,3.618871e-07,2.3381995e-07
4.026636e-05,0.00013133574,0.059817318,0.16501492,0.40197343,0.16566281,0.07398263,0.047607206,0.029423878,0.0131672975,0.016128063,0.00020675789,0.025949407,0.00011849713,9.805231e-06,0.000430437,0.00027852063,3.9252458e-07,5.39478e-05,6.6668116e-07,2.4617655e-06
4.5646254e-07,1.1722084e-06,2.3017569e-07,2.5378242e-05,6.10075e-07,0.00026920624,0.0025645886,0.007704305,0.22682914,0.20359628,0.015472451,0.001356162,0.35174844,0.006156415,0.18062808,0.0014421203,0.001448337,1.2464612e-05,0.0007426865,5.455353e-07,8.9255525e-07
4.6033475e-07,1.2002234e-06,8.0922814e-07,9.880691e-07,4.019948e-06,0.00036777242,0.008266453,0.031589422,0.28158897,0.05311803,0.1138151,0.013644512,0.03402471,0.010908094,0.003113565,0.0028585193,0.00013816688,0.44558883,0.0009008492,5.972191e-07,6.89379e-05
2.1943671e-07,3.6471122e-06,0.00045215432,0.008466252,0.092374384,0.12718697,0.14656419,0.09594145,0.01593055,0.18266962,0.1783213,0.00837966,0.1435285,9.510669e-05,7.3437286e-06,1.9289248e-05,5.141396e-05,2.8599343e-09,7.793918e-06,1.8992277e-07,4.5458455e-09
0.00025111204,0.00041234543,0.21971402,0.34422392,0.30186373,0.08346493,0.020646414,0.013646634,0.008941793,0.0017600479,0.0033536477,1.7908496e-05,0.0014544843,3.721188e-05,2.8834938e-07,0.00010569324,8.487541e-05,6.195743e-08,1.8711773e-05,1.347531e-07,2.0647976e-06
3.328127e-05,0.00016369358,0.05880412,0.2176301,0.39709356,0.10096615,0.077749036,0.055453412,0.04150716,0.008586927,0.010296135,0.000229222,0.028895902,0.00021589837,1.0925556e-06,0.0015822314,0.0007658034,7.208351e-08,2.3483928e-05,6.8806213e-07,1.9749507e-06
4.6569286e-05,0.00013091904,0.16735049,0.4387172,0.2881651,0.070760414,0.015812503,0.009505621,0.0067977295,0.00068020716,0.0014335932,6.7188466e-06,0.00052396796,6.829328e-06,8.841832e-09,2.9835423e-05,3.0662784e-05,1.7159546e-09,1.6149316e-06,1.6954305e-08,1.3772603e-07
6.586231e-07,2.3990174e-07,1.2407867e-06,5.586115e-08,2.1117422e-08,9.413279e-08,7.196119e-06,1.8856774e-05,0.003554451,0.00976669,0.0024119425,0.007481229,0.011349333,8.025609e-06,0.9559271,0.0070004845,3.120877e-07,0.0022918356,2.971172e-06,3.1202443e-08,0.00017718363
1.5895482e-06,1.2758342e-06,1.0185602e-06,0.008220772,3.6987916e-05,0.019859416,0.10536953,0.008825739,0.6317995,0.092622004,0.03849489,0.00031454602,0.010880075,0.020162672,0.00033950858,1.6609409e-05,0.024687685,4.431499e-07,0.038365386,1.4527242e-07,1.1812816e-07
0.6238197,0.25644433,0.10896102,0.0041028755,0.0013940188,0.0007046706,0.00044822722,0.00039320727,0.00020695168,0.00014782895,0.0022926577,7.440796e-05,0.0001546068,6.382588e-05,0.00025645812,0.0003445649,5.6525994e-05,2.09071e-05,4.688194e-05,3.492084e-05,3.1406922e-05
1.3144952e-06,4.2559436e-06,1.5091422e-05,0.076225616,0.011729803,0.20820177,0.32056952,0.07396844,0.22098212,0.06357498,0.018146273,0.00013992636,0.00072657,3.209289e-05,5.027433e-07,5.6723375e-06,0.005674446,6.440448e-10,1.5934116e-06,4.928184e-10,8.608666e-09
0.025199583,0.06798121,0.4014606,0.36119446,0.09570427,0.030238258,0.0060287523,0.004177498,0.002937372,0.00038349832,0.0038098053,4.570975e-05,0.00041893695,4.3391967e-05,1.7437868e-06,0.00020447686,0.00011525562,6.2488186e-07,2.6461206e-05,3.9676806e-06,2.4060506e-05
9.974269e-07,1.3586362e-05,1.8034176e-05,0.0093209855,0.002385039,0.014260125,0.037666574,0.29248893,0.09670456,0.0915773,0.2446175,0.03252614,0.042026382,0.0008153065,0.12846471,0.006090367,0.0009320141,2.1865776e-06,8.360306e-05,3.3345398e-06,2.36487e-06
0.057415422,0.2183308,0.26900864,0.23195158,0.084185004,0.026789814,0.028518595,0.014221546,0.0080338465,0.0014679627,0.053866647,0.0026207925,0.0008680719,0.0005192845,1.689141e-05,0.0017767069,0.00017385295,1.4970005e-06,0.00013537281,6.128317e-05,3.643885e-05
5.4406474e-10,1.3488025e-08,2.4926946e-08,9.027934e-07,1.4119425e-05,0.0001898788,0.0046868525,0.015762659,0.03149489,0.015981777,0.5257643,0.34847707,0.010438187,0.0055525075,0.04036805,0.00012374157,0.0011277602,6.6991475e-08,1.6687142e-06,1.553842e-05,2.9624778e-10
2.2955963e-05,7.0260314e-05,0.025012057,0.21499285,0.3518104,0.11497769,0.0911145,0.069105625,0.04708657,0.013746691,0.007867456,0.00027374743,0.056988508,0.0005216513,1.5063498e-06,0.0040908665,0.00229399,1.8193619e-07,2.0100835e-05,6.2176525e-07,1.7729885e-06
6.51643e-07,4.6111077e-07,1.9599927e-06,0.0061800675,0.00024798757,0.0034838018,0.033905443,0.059672702,0.089782216,0.04793587,0.018647306,0.0017810513,0.0025095374,0.0023315346,1.8738401e-05,0.73204184,0.0006260918,2.0483449e-06,0.0008303284,8.975413e-08,2.7729763e-07
8.342793e-09,7.479415e-09,5.7523728e-08,2.6342954e-05,0.0003414452,0.0004501068,0.030533208,0.002779473,0.019903984,0.06950724,0.5561306,0.3090347,0.0004625844,0.0002667958,2.361644e-05,3.382426e-06,0.010382268,8.350399e-06,8.073395e-06,0.00013778087,1.5789785e-10
2.280294e-05,1.2919602e-05,4.300275e-05,0.07715312,0.0014610774,0.019686405,0.13621016,0.109353304,0.18711786,0.15386659,0.065258004,0.0055063157,0.004743649,0.0032913361,3.3874112e-05,0.22415358,0.011174811,1.2111566e-05,0.0008908874,6.764979e-07,7.526728e-06
0.18333961,0.28509617,0.3034884,0.15947852,0.039897658,0.014358263,0.004208339,0.0027813045,0.0015646131,0.00030686834,0.0042124502,7.638382e-05,0.0003113948,0.0001359782,1.3409058e-05,0.0003426483,0.00019052181,6.6530556e-06,7.862511e-05,2.5635592e-05,8.648375e-05
4.120253e-07,1.0010988e-06,7.9652125e-07,7.501946e-07,2.8567129e-06,0.00017328409,0.0037045903,0.018508691,0.14427115,0.043763146,0.024789711,0.00914862,0.041457873,0.005615535,0.0046220752,0.003289021,0.00022298191,0.6999529,0.00035703092,8.034861e-07,0.0001167843
1.4649731e-06,3.631765e-06,6.240787e-06,0.0006141291,0.0036034773,0.063325495,0.2418029,0.25327528,0.1787454,0.07678497,0.06632162,0.027839154,0.0019039882,0.004159164,0.0023077982,0.07674403,0.0025387693,8.8046645e-06,1.1403867e-05,1.680161e-06,5.897627e-07
0.00031284124,0.00046860022,0.2626765,0.39043877,0.2631885,0.055428162,0.013674108,0.0065628896,0.00418223,0.0005828532,0.0021271417,6.526423e-06,0.00028320914,1.1175242e-05,4.0757108e-08,2.2721806e-05,2.3370681e-05,1.6943781e-08,9.590586e-06,3.8051805e-08,7.742063e-07
2.0225981e-07,9.4908773e-07,1.788059e-06,0.011753355,0.0011829513,0.019004086,0.06999269,0.38552105,0.22610117,0.031666912,0.19148293,0.009159749,0.00082985515,0.00050553854,0.00029555158,0.0522155,0.0002634269,5.916073e-07,2.1260463e-05,1.1585561e-08,3.6030798e-07
1.1360953e-05,7.4887816e-05,0.051597096,0.26847935,0.4239026,0.18083854,0.044974968,0.013505762,0.009816983,0.0015580792,0.00236341,2.7162821e-05,0.0027996588,1.8471086e-06,1.0887465e-07,1.2543615e-05,3.4252476e-05,2.8325493e-09,1.3801537e-06,3.4469487e-08,6.31659e-08
1.577429e-07,1.5206024e-07,1.2066802e-07,6.70205e-07,1.4278887e-06,0.00024249617,0.008269935,0.030661374,0.047399774,0.040882334,0.058654975,0.042993113,0.21657494,0.009742791,0.019498982,0.01904424,0.4880284,0.017506097,0.00047820693,1.3825439e-05,5.9815557e-06
1.7415945e-07,8.5302827e-07,3.906949e-05,0.0202434,0.27386826,0.24857622,0.34258386,0.07886522,0.027140535,0.0065491456,0.001814451,0.00021298502,8.4772604e-05,1.2417437e-05,8.4924965e-09,2.697312e-06,5.591834e-06,4.863502e-12,3.3577888e-07,1.4608469e-10,2.1446186e-10
0.023467282,0.028814968,0.19830598,0.26977888,0.25296745,0.097725146,0.026782563,0.02501567,0.019017063,0.010587379,0.017004402,0.00083788583,0.01407401,0.0036367169,0.00056654954,0.0062250923,0.0025588255,0.00028451966,0.0011573855,0.000110655,0.0010815752
3.6509834e-07,2.6288762e-06,2.6277521e-05,0.030757874,0.01566322,0.6615499,0.16583651,0.061319515,0.044743948,0.00969629,0.00770768,0.00024449104,0.0018105396,6.1823357e-06,0.00034912152,4.8316826e-05,0.00023589749,9.860636e-09,1.0872541e-06,6.431558e-09,2.8999054e-08
1.9055536e-06,1.9066371e-06,2.6683786e-06,0.00018535252,0.006952587,0.0068280892,0.10697767,0.37907252,0.37067503,0.008140216,0.07373732,0.01956356,9.844007e-05,0.014796411,1.5595815e-05,0.011987437,0.0008463414,1.2946017e-05,0.00010367154,2.3775516e-07,1.5442875e-08
2.428594e-06,2.2750824e-06,2.577373e-05,0.005703225,0.2009901,0.24533488,0.29153985,0.20372055,0.039341047,0.005661614,0.005818526,0.0011447861,1.4292641e-05,0.00051689835,8.57533e-07,7.203042e-05,0.00010164837,2.2747763e-08,9.1714855e-06,8.406508e-09,1.2634639e-09
4.166482e-06,1.8999348e-06,0.0017827959,0.009642535,0.022642266,0.19085613,0.07795322,0.17209664,0.034891807,0.37046352,0.07685206,2.2349042e-05,0.00032861164,0.005412976,4.365876e-05,3.5830202e-05,0.00011999287,7.7182136e-07,0.03684882,8.0660705e-09,2.5482898e-08
1.76497e-07,1.2332762e-07,1.853729e-07,6.9850107e-06,6.1043925e-06,0.0013051404,0.012978672,0.050877474,0.74580365,0.09611951,0.069347724,0.0135750305,0.000774328,0.0021498213,0.00028013976,0.0039037406,0.00023498533,0.002604769,2.7943372e-05,8.475917e-08,3.4935726e-06
1.02856944e-07,4.9569957e-07,5.5439345e-06,7.340175e-05,0.0011928936,0.0034534938,0.07124765,0.025761994,0.019387731,0.08581025,0.19734849,0.05645949,0.49871916,0.014218389,0.023375504,0.00037113705,0.0025080151,9.135104e-06,4.099876e-05,1.5986423e-05,7.149883e-08
9.6190014e-08,1.2434553e-07,2.572086e-08,6.1488145e-06,2.486039e-07,0.00096724014,0.009639858,0.057888847,0.31091875,0.057605635,0.058423437,0.0023076579,0.3594988,0.017960556,0.02457013,0.0023550235,0.09754954,8.750299e-05,0.00021346571,5.0091016e-06,1.9986146e-06
8.256476e-05,0.001299177,0.03408078,0.44178903,0.28456786,0.08534747,0.04981824,0.05680781,0.0065293615,0.0060931076,0.03260129,0.000185961,0.0007824015,1.8030138e-06,6.1481465e-08,2.0594048e-06,9.565169e-06,4.7251053e-10,1.319873e-06,3.1465454e-08,4.3919975e-08
8.459417e-08,1.4625715e-06,1.7032726e-06,9.987493e-05,0.0009468706,0.013456997,0.1070354,0.30441725,0.09532149,0.11710875,0.13202333,0.12919381,0.048135657,0.010320754,0.0338069,0.0068837455,0.0011942053,1.3077678e-06,2.9243205e-05,2.1095979e-05,6.463904e-08
2.3558998e-06,1.1933382e-06,3.635603e-06,0.0037280696,3.5171648e-05,0.003802295,0.06048721,0.07326504,0.14833951,0.15255758,0.13498399,0.23385575,0.038722727,0.016894683,0.013816905,0.07583562,0.002321338,0.002889802,0.03841661,2.622443e-06,3.793591e-05
1.0501903e-06,5.3530775e-06,0.0020723077,0.08177512,0.13959819,0.12756693,0.26290593,0.06580523,0.04852587,0.010589162,0.0052677584,0.0026642818,0.24802597,0.0001147814,1.3030576e-06,0.0015188504,0.0035585146,1.09538945e-07,2.442427e-06,7.971678e-07,8.351136e-08
2.6707712e-06,9.68395e-07,1.6009085e-06,0.00078859023,2.2761516e-05,0.00218506,0.021284187,0.051831044,0.5383643,0.13023745,0.17242426,0.015163723,0.001270012,0.0014664727,1.0752969e-05,0.061975673,0.00094444066,0.00019226866,0.001830036,6.875752e-08,3.6984031e-06
1.9621953e-07,3.082964e-08,8.071809e-08,0.00015062152,9.016514e-07,0.00049202103,0.026529586,0.03882466,0.0337371,0.07279676,0.16621982,0.52900773,0.040478062,0.010186685,0.029030044,0.024705132,0.0004553261,0.010188164,0.017152622,2.8984988e-07,4.4169275e-05
8.215095e-07,2.3812484e-06,3.598394e-06,9.985835e-05,0.0006339213,0.003939585,0.08674469,0.15273815,0.25371176,0.0580093,0.13716076,0.026980959,0.009838418,0.017269544,0.019153653,0.22337277,0.009560505,0.0006245672,0.00014226654,1.0802282e-05,1.7095116e-06
2.85396e-07,2.6409787e-06,1.2074682e-07,0.00050992443,8.132441e-05,0.0110026365,0.13598675,0.29126936,0.2586878,0.12582512,0.029196093,0.0007790717,0.009884607,0.09674959,0.018179921,0.015728684,0.006097255,3.258034e-08,1.8756542e-05,7.5992315e-09,2.765785e-08
4.3960945e-06,2.0254825e-05,0.0026021332,0.17517014,0.2791378,0.2221527,0.15099145,0.05870659,0.026050348,0.070761934,0.0059445645,0.002037879,0.0052529504,0.0006523803,3.3719848e-06,7.481806e-05,7.6182114e-05,7.833511e-09,0.00035980123,2.3338539e-07,9.059381e-08
7.843256e-07,2.11272e-05,0.0012167224,0.019273564,0.26311162,0.19656701,0.18992001,0.072988816,0.027642297,0.05361408,0.109385,0.011321719,0.054846115,3.196672e-05,1.1980051e-06,6.361195e-06,4.92397e-05,1.2724044e-09,2.2449808e-06,1.867989e-07,6.5090933e-09
6.9293617e-07,5.782451e-06,0.000542745,0.057762098,0.34085295,0.2171447,0.2582553,0.05739965,0.029625446,0.027456043,0.0051749693,0.0025264695,0.0030712404,0.0001398022,1.9391322e-07,1.8624089e-05,1.3769338e-05,1.2470816e-10,9.521311e-06,9.907117e-09,7.9447116e-09
4.2043635e-09,6.494656e-08,7.846239e-08,2.7353635e-06,8.4321084e-07,0.0002902507,0.013872822,0.0031091492,0.023059197,0.0031441536,0.4472553,0.43603015,0.0044931443,0.0011058627,0.0005110339,2.6333584e-05,2.5445708e-05,2.2091616e-07,4.9046434e-07,0.06707275,2.2222975e-10
0.0058902334,0.06152304,0.17404646,0.41058564,0.09830611,0.042400975,0.05860741,0.03225745,0.017886743,0.0042889216,0.079484075,0.008986183,0.0033361758,0.00051811,6.2181934e-06,0.0016721851,7.864767e-05,1.7244399e-07,8.598667e-05,3.0466275e-05,8.737246e-06
3.7568572e-07,4.974301e-06,1.2480384e-05,0.021678023,0.007740583,0.06822053,0.08939273,0.4826869,0.13260874,0.021412587,0.16123088,0.0061868853,0.00471215,0.00018469004,0.0023965067,0.0011557344,0.00036752885,6.5726425e-08,7.5331945e-06,3.6343927e-08,1.7007753e-07
2.2863103e-06,1.4438108e-05,0.004518511,0.09644913,0.2653179,0.38374683,0.1572641,0.037963383,0.025625756,0.009740045,0.008340921,0.00047930237,0.010386411,6.604029e-06,3.0103986e-06,4.5925757e-05,9.2379705e-05,6.8151834e-08,2.8159377e-06,1.1005082e-07,5.899321e-08
2.8156385e-06,3.263903e-06,0.00023681662,0.034407016,0.50633746,0.19010086,0.16812235,0.084833056,0.011349023,0.0024580357,0.001986876,0.00010763692,9.428442e-06,3.431789e-05,8.659523e-09,3.5920434e-06,5.196721e-06,7.889392e-11,2.204692e-06,4.1341008e-10,5.231079e-10
2.089422e-06,2.5527377e-05,0.0020777234,0.036724303,0.24439965,0.29642454,0.17825368,0.07427177,0.075109,0.013179227,0.024922825,0.0015949035,0.052123897,1.7635546e-05,4.164427e-05,0.00043383442,0.00039237953,6.63069e-08,4.597125e-06,4.78662e-07,2.3683333e-07
1.2570959e-07,6.128282e-07,2.7627564e-06,6.77684e-05,0.0019541802,0.001587524,0.0818463,0.020861354,0.035848204,0.025685867,0.49768123,0.31408903,0.012429222,0.002875194,0.0004089393,7.098127e-05,0.0043918765,2.134456e-05,7.287381e-06,0.00017027927,1.9176204e-08
7.8962836e-07,6.489378e-06,0.0018923995,0.052606784,0.14028603,0.1675737,0.13903654,0.14009216,0.013521099,0.16855411,0.12701468,0.0009818219,0.048336167,4.4304365e-05,2.8981165e-06,9.88862e-06,2.8323064e-05,1.6131777e-09,1.1823645e-05,3.9372942e-08,6.9800854e-09
1.2430335e-06,1.5785172e-07,9.250364e-07,1.7374176e-05,1.3192836e-06,0.0002824221,0.003677745,0.006962813,0.012360179,0.09397238,0.04225482,0.07056109,0.11047578,0.023534076,0.046581656,0.08299614,6.279145e-05,0.07876963,0.42573985,1.3040221e-07,0.0017475095
3.4835847e-07,2.0988989e-07,6.320012e-07,0.0006160368,0.0122214155,0.071106054,0.5259064,0.1698778,0.18664989,0.010746469,0.014657956,0.007439839,4.3729524e-06,3.2151078e-05,9.914393e-08,0.0006368892,0.00010330848,4.97377e-09,5.7859875e-08,6.906907e-10,6.0757893e-10
1.6612163e-06,3.953681e-06,7.567117e-06,0.00015366444,0.0014354758,0.0049268636,0.10963481,0.20444371,0.30974242,0.047942426,0.092171304,0.024020504,0.009685825,0.023035824,0.0069945566,0.15453105,0.00988871,0.00076517684,0.00059589476,1.6587666e-05,1.959543e-06
2.87946e-10,3.6322545e-09,3.6631873e-09,1.0488724e-07,1.2516838e-07,1.9338764e-05,0.011716692,0.00048348753,0.011042592,0.0036070317,0.1008235,0.49447453,0.0035945028,0.00033970395,0.0008340375,8.429498e-05,0.0006041681,6.2960653e-06,6.9949365e-08,0.37236953,1.8715575e-10
6.3747485e-10,1.29949775e-11,2.2700407e-10,2.9351853e-07,1.285284e-08,2.7403617e-05,0.00034257415,0.0005481189,0.00034862425,0.0016892519,0.0019719177,0.0007206701,0.0013866463,0.006092792,0.0034436095,0.981968,5.627387e-06,0.0014176383,4.9030564e-07,8.306272e-09,3.6384445e-05
4.3108794e-06,3.0815972e-05,0.03847339,0.21047713,0.41956115,0.18331411,0.09609509,0.02028675,0.01606852,0.0027441771,0.0047355643,0.000132112,0.007991173,3.8164962e-06,1.1515329e-07,2.2823457e-05,5.7104397e-05,5.8205964e-09,1.7280236e-06,6.7856455e-08,4.1891752e-08
3.050541e-07,1.1129905e-05,0.0014963078,0.05232915,0.15857652,0.29487565,0.21640162,0.051483713,0.05429719,0.0786458,0.015393835,0.041590635,0.034760535,0.000101968355,2.2236078e-07,1.6189424e-05,8.100978e-06,4.4613202e-11,1.0470267e-05,6.0240325e-07,2.1941982e-09
4.013031e-09,8.193188e-09,3.9643413e-09,6.4557787e-10,1.9409905e-08,3.3871964e-07,0.00054508355,0.0017432239,0.015294472,0.008375194,0.88458836,0.057530966,0.025883948,9.139371e-05,0.0028205179,8.428276e-05,0.00208962,0.00095103146,1.5121294e-06,1.0048313e-08,2.0908308e-09
4.155445e-08,6.1464235e-08,5.8170273e-09,1.25012e-07,2.9250677e-06,0.0010774073,0.009712035,0.121364824,0.82346785,0.0027597148,0.030768089,0.008473265,0.0001802228,0.0007266901,5.38118e-07,5.83038e-05,2.175191e-05,0.0013238927,6.216229e-05,2.0900177e-09,2.9505363e-09
6.7817507e-07,1.9894738e-07,9.282151e-07,7.5881275e-05,2.9663252e-06,0.00055481156,0.0039814706,0.0043721264,0.021795524,0.06200999,0.012333615,0.014598149,0.020812688,0.0064464244,0.0022252447,0.007308024,2.2361153e-05,0.002673048,0.8407451,1.17097315e-07,4.0766266e-05
0.10448588,0.086018644,0.50414646,0.17890444,0.07769536,0.023966208,0.008781366,0.0051304875,0.002822647,0.00050754665,0.005803938,5.9070673e-05,0.00033903142,0.0003101006,5.864159e-06,0.0005932837,0.00020589151,5.526053e-06,0.00013042687,9.781221e-06,7.805245e-05
0.0015651819,0.0021243377,0.32447037,0.379912,0.2209462,0.04814036,0.010433502,0.00566594,0.0035911724,0.0004902074,0.00224976,9.425262e-06,0.00028057976,2.0853542e-05,1.4428785e-07,4.2396347e-05,3.836124e-05,6.762881e-08,1.6048605e-05,1.5387042e-07,2.9126513e-06
1.3096261e-06,3.722793e-07,7.87304e-07,0.0001882216,5.334773e-06,0.00030055302,0.021335289,0.04197172,0.047150366,0.07569979,0.10459149,0.2738936,0.08945699,0.052211013,0.096171744,0.07317216,0.0072261016,0.07489063,0.041579705,4.892896e-06,0.00014786882
1.9339623e-05,1.2606792e-05,2.58605e-05,0.047613304,0.0011327933,0.017127082,0.15856747,0.12195189,0.22924687,0.14429723,0.065761015,0.004784214,0.007645627,0.004441321,2.882406e-05,0.17276554,0.023199711,9.775575e-06,0.0013627457,4.0542866e-07,6.429862e-06
1.1893343e-08,2.0708373e-09,1.1116383e-09,1.3205681e-05,0.00014940006,0.00034225875,0.12789442,0.17955156,0.67510545,0.0019230488,0.014094539,0.000922541,4.650257e-09,8.1828446e-08,2.0970145e-13,2.7642227e-06,6.935646e-07,4.3174648e-11,3.372434e-10,6.3239886e-14,1.217157e-13
1.6143943e-06,8.308272e-07,3.3214963e-06,0.023074629,0.00021152236,0.017040284,0.12398872,0.14072877,0.18687902,0.22379762,0.10461895,0.063792825,0.0074151848,0.0017779921,9.87851e-05,0.10286731,0.0023462959,1.9845964e-05,0.0013348701,2.435289e-07,1.3825553e-06
6.4761036e-07,4.085452e-05,0.00039430775,0.0042113494,0.002093921,0.035967723,0.09181842,0.021721443,0.124004826,0.012971276,0.07296661,0.60586613,0.026531791,0.0009993687,5.460246e-06,7.016724e-05,1.7687241e-06,2.5788403e-09,1.8975858e-06,0.00033200983,1.1513616e-09
1.946476e-09,1.4305026e-09,2.004789e-09,0.01920639,1.0559345e-06,0.030987928,0.46507603,0.09265134,0.053999405,0.10069295,0.014713114,0.039214622,0.0004992897,0.00034590068,0.17239393,0.009969888,0.0002204136,2.4022278e-05,2.1890824e-06,1.4070897e-09,1.5930544e-06
5.095263e-07,1.0560249e-06,7.5284436e-07,0.014703287,0.00022829845,0.18781488,0.1020862,0.12791917,0.41157535,0.062037736,0.059514947,0.001733119,0.00016598281,0.0006973016,0.024526013,0.0058197672,0.0011649035,2.3484681e-06,7.497846e-06,7.05623e-09,8.9552407e-07
1.0962564e-08,4.4277732e-07,6.1558057e-06,0.0002874993,0.008328682,0.015734747,0.07757431,0.05808225,0.100448616,0.17767677,0.0772585,0.3768814,0.063405275,0.043489937,0.00035899476,0.00026133796,0.00017372557,4.9416107e-09,3.0636787e-05,7.5197806e-07,2.6286677e-09
8.07918e-06,9.126232e-06,4.338626e-06,0.011441275,8.596327e-05,0.0051619597,0.09766275,0.12592681,0.29918855,0.07822238,0.10161835,0.08701877,0.0326025,0.075299405,0.008607117,0.017930131,0.049235884,0.0004972675,0.009459607,1.4325949e-06,1.831004e-05
6.811749e-08,8.457864e-08,4.672979e-08,2.0877999e-06,4.854966e-06,0.0018222859,0.011394296,0.058708277,0.79496247,0.02953729,0.08496157,0.011603294,0.0002615394,0.002561675,1.5099228e-05,0.00055302767,3.604962e-05,0.0034989745,7.6317774e-05,1.3818728e-08,6.7708197e-07
2.8643976e-06,8.124067e-06,1.1388698e-05,0.015974501,0.0013536473,0.017510049,0.18390559,0.08382978,0.3870919,0.042056873,0.19816907,0.02378044,0.028495802,0.0037263145,0.0006136733,7.335261e-05,0.012987395,5.4244475e-07,0.0004072363,1.2320597e-06,1.9153244e-07
1.0939594e-06,3.8762046e-06,9.932333e-06,0.0011628948,0.0501811,0.21118692,0.35677972,0.2275113,0.08701231,0.023995675,0.015569741,0.023690837,0.0003009228,0.00059155107,5.6729412e-05,0.001750568,0.00019264332,7.66425e-08,1.8579564e-06,2.10439e-07,2.6542262e-08
1.4160313e-05,0.00017706242,0.009219553,0.10032453,0.08122805,0.08794897,0.24255277,0.17275117,0.122554116,0.06126389,0.049504094,0.028555134,0.015530173,0.004653645,1.5850655e-06,0.023385005,0.00013025271,7.483472e-09,0.00019219781,1.3341387e-05,2.910752e-07
5.699347e-08,2.1070827e-07,2.79571e-07,0.015534487,0.00093689456,0.6635865,0.12782812,0.077375226,0.09550653,0.009315978,0.0094000725,0.00013609728,1.0398062e-05,1.0761773e-05,0.000109780034,5.314907e-05,0.00019539859,1.6345105e-08,1.0233584e-07,9.4539314e-11,2.6531621e-09
2.5336449e-05,9.205151e-06,1.9595882e-05,0.06520915,0.0005042848,0.0155058615,0.121831454,0.08258181,0.28012657,0.21401994,0.07634602,0.006705343,0.004409686,0.0017709364,2.019599e-05,0.1018908,0.027664315,1.8712684e-05,0.0013313626,3.23473e-07,9.061549e-06
0.00030414702,0.0005462622,0.25086784,0.3621474,0.2716271,0.07034187,0.018261474,0.012035232,0.008098726,0.0012572283,0.0032434969,1.5504093e-05,0.0010213802,3.475686e-05,1.5626436e-07,0.000106465995,7.377378e-05,3.80088e-08,1.5161343e-05,1.2446345e-07,1.9403612e-06
1.9287232e-07,2.7208722e-07,5.152953e-07,5.0342e-07,0.00032914887,0.00011087462,0.017834304,0.041214556,0.097134486,0.0044536875,0.39711168,0.37643236,0.00032861787,0.0013896169,0.002551036,0.0006523975,0.06044646,8.306767e-06,4.4019637e-07,5.476488e-07,1.150297e-09
2.8823033e-06,1.1675238e-06,1.9145682e-06,4.227338e-05,0.0015283102,0.003922827,0.109056115,0.24495982,0.23556454,0.019843373,0.21923898,0.1573099,9.750013e-05,0.0008815887,9.023073e-06,0.007082147,0.00042859514,2.5154874e-05,3.5320243e-06,2.1166149e-07,2.2110493e-08
8.283971e-06,5.0503884e-05,0.020793762,0.27402115,0.4384834,0.20050302,0.04221082,0.009987359,0.007954186,0.0013924312,0.0034610955,2.028291e-05,0.0010847524,1.3520347e-06,1.3624121e-07,3.7139548e-06,2.2254124e-05,2.3428903e-09,1.4775882e-06,1.2605967e-08,2.9551465e-08
1.03252276e-07,3.4638983e-08,4.533533e-08,4.603769e-05,1.4968573e-07,0.0008758638,0.007904469,0.0108254375,0.22878283,0.10254261,0.23789679,0.20611665,0.0034473224,0.0640954,0.018273551,0.004292153,2.7831748e-06,0.08914502,0.021560406,4.498808e-09,0.004192375
0.23772368,0.3175024,0.2844309,0.11061093,0.028600395,0.010254003,0.0033007956,0.0021074133,0.0010508711,0.00019406652,0.00327007,5.3736418e-05,0.00017001129,0.00012351875,1.0253516e-05,0.0003052504,0.00013806202,5.685028e-06,6.0643128e-05,2.0343283e-05,6.707201e-05
8.179556e-09,2.0836096e-08,5.660628e-09,0.0068249,2.9524363e-06,0.037760116,0.03489821,0.040050797,0.06325596,0.018939039,0.005274266,0.00017271476,9.713103e-05,0.00015218146,0.79204476,0.00036228454,0.0001623717,8.311872e-08,2.001074e-06,1.47859e-10,1.3263107e-07
1.0567255e-06,5.4088196e-07,2.618361e-06,0.02773563,0.00024706213,0.014212626,0.11486335,0.1388261,0.2331135,0.19953173,0.08517486,0.017138796,0.003908375,0.0010293951,1.208851e-05,0.16128623,0.0023251534,3.6228369e-06,0.0005866766,6.5874e-08,4.662516e-07
1.8748592e-06,1.979891e-06,2.2745069e-06,4.5038455e-06,4.751514e-06,0.0001745375,0.0065514925,0.015231347,0.07594715,0.14906117,0.10145789,0.08213895,0.28007203,0.01900383,0.07021848,0.039010983,0.026899042,0.13339533,0.0005507172,2.6024396e-05,0.00024569887
7.973523e-06,8.668129e-06,1.5218686e-05,0.0860138,0.001726883,0.063374564,0.18381134,0.11223058,0.19187397,0.123223245,0.124988586,0.0025943988,0.0030678483,0.002095476,4.2912543e-05,0.003524637,0.10133926,7.124326e-07,5.896594e-05,4.2593317e-08,9.5140285e-07
1.2976096e-08,7.670002e-07,5.6590684e-06,0.00019287902,0.0017394709,0.009889235,0.027369827,0.037504006,0.07341292,0.09078396,0.47354525,0.14113155,0.13271429,0.0066297743,0.004803126,0.0002692781,6.2406557e-06,2.4348587e-10,1.3332667e-06,3.651531e-07,8.0313833e-10
6.1495047e-07,1.2490463e-05,0.0009872434,0.008045737,0.077677116,0.07681018,0.17059316,0.10206658,0.019417325,0.06656262,0.15474762,0.0100326445,0.31252423,0.00036801636,1.378479e-05,7.144682e-05,6.06647e-05,4.0771955e-09,8.319983e-06,2.348916e-07,2.7597801e-08
0.3818691,0.4982303,0.10007237,0.010210082,0.0034267625,0.0017510031,0.0008732464,0.0006190853,0.00028041305,7.6529584e-05,0.0017596015,7.496617e-05,9.425777e-05,6.0733953e-05,6.110561e-05,0.00027245923,8.93589e-05,1.6511947e-05,4.352991e-05,6.508145e-05,5.3437623e-05
1.621069e-05,4.6814025e-06,1.2699562e-05,0.084698744,0.0003563751,0.014467972,0.10372207,0.06861855,0.29602396,0.27123266,0.06319014,0.0049930303,0.0015062073,0.00068844925,6.157233e-06,0.07746894,0.012524005,9.818197e-06,0.00045551828,1.2528179e-07,3.630731e-06
2.339757e-07,1.8354186e-06,5.9807394e-06,0.002161588,0.010541922,0.31621826,0.2582245,0.17993808,0.042033378,0.17075004,0.008190419,0.0031904138,0.005088826,0.001511419,0.000716631,5.871136e-05,0.0013383982,1.1144985e-08,2.8452083e-05,9.096316e-07,1.2377196e-08
1.4869152e-06,1.973707e-06,2.8041277e-06,0.0039341534,0.00016593497,0.012155073,0.18312332,0.10824266,0.1120081,0.09945272,0.15409753,0.10101598,0.045014273,0.024284033,0.06604218,0.0018041926,0.08793193,6.7577515e-05,0.0006476395,4.4599524e-06,2.0209263e-06
9.273032e-13,3.2658086e-15,1.6371431e-13,2.8927894e-07,3.3207895e-11,5.0580104e-07,4.7800862e-05,2.4894991e-05,3.3820215e-06,0.0010466224,0.0017626613,0.0016859901,3.1304386e-05,0.00075549993,0.0006700868,0.9834805,1.0629578e-08,0.01047303,5.7732517e-09,2.874405e-13,1.754189e-05
1.5534474e-07,1.2663496e-07,8.638777e-06,0.00045717377,0.0011839675,0.004011733,0.0243177,0.017806526,0.048803445,0.23647197,0.009354966,0.0013310511,0.00429276,0.5363441,0.00015304046,0.07522669,0.011036262,2.4935143e-06,0.029184086,1.2634871e-05,4.515233e-07
1.4395687e-06,2.8843249e-06,2.8330778e-06,4.8598906e-07,7.617171e-06,2.4918738e-05,0.0068005314,0.010699397,0.08232559,0.06326064,0.19589263,0.45804918,0.0782877,0.0005900437,0.039573945,0.0017195692,0.0044819973,0.058242854,2.2280312e-05,9.194452e-06,4.32865e-06
1.1882006e-05,8.686444e-05,0.013945984,0.08948371,0.33556464,0.3666113,0.08862489,0.03212586,0.029051071,0.005450251,0.0052468334,0.0001249357,0.03301496,1.2213018e-05,7.06753e-06,0.0002638787,0.0003680618,3.7868997e-08,4.8792594e-06,2.9960972e-07,4.7588617e-07
0.04731523,0.093995735,0.42934746,0.30629203,0.080041654,0.02542806,0.0058410936,0.003892228,0.0024391587,0.00037229017,0.004150696,4.602414e-05,0.00034273666,6.472864e-05,2.5743898e-06,0.0002304811,0.00011806036,1.1731757e-06,3.9114457e-05,5.5061646e-06,3.3971464e-05
7.33763e-07,7.5150233e-06,0.00050237786,0.04485708,0.109373726,0.15938751,0.27137178,0.20030144,0.08458453,0.017877365,0.06752883,0.017297467,0.026189199,3.1072894e-05,3.8665825e-05,0.00042508912,0.00022006125,1.467568e-07,4.934031e-06,4.0530824e-07,1.13796844e-07
3.8007158e-06,4.6932957e-05,0.014973758,0.087707594,0.3606597,0.3034151,0.12149638,0.030887803,0.033304326,0.0033389367,0.0073069283,0.00030174258,0.03614839,7.628464e-06,8.788305e-07,0.00014104918,0.00025674194,7.671394e-09,1.9190645e-06,2.7321968e-07,9.435863e-08
1.9522972e-08,3.5241578e-07,2.3167559e-07,2.1837612e-05,0.00016642001,0.0020667254,0.01983331,0.065068945,0.04070379,0.048261095,0.26439738,0.039283793,0.016155627,0.018158684,0.48416764,0.0013094041,0.00039889145,1.2624737e-07,4.267769e-06,1.452045e-06,7.852102e-09
5.839356e-07,3.8209723e-06,0.00027834642,0.039604604,0.2814488,0.256532,0.27271074,0.06973203,0.036850758,0.034861293,0.0039210934,0.0015770663,0.0022901099,0.00013100104,4.064637e-07,1.4230088e-05,3.0226049e-05,2.1097063e-10,1.2810029e-05,1.2362825e-08,5.452682e-09
3.2895645e-07,2.339451e-06,3.189204e-05,0.005909222,0.07258593,0.050869934,0.16010012,0.13676181,0.16443868,0.14123425,0.027021533,0.016361045,0.0049025957,0.21723235,0.00010881985,0.0008828588,0.00077344343,9.323811e-08,0.00078242726,2.9179856e-07,2.0587953e-08
1.945481e-06,5.5123355e-06,0.00010919344,0.014570551,0.20305079,0.11032122,0.17540526,0.18292513,0.108463764,0.060522255,0.023774056,0.0042163567,0.0006682963,0.11318331,3.0424402e-05,0.0005352824,0.00088209275,1.6823437e-07,0.001334243,1.724606e-07,1.3815419e-08
5.9581865e-08,1.315513e-07,4.73475e-06,0.00020355516,0.000661585,0.01225951,0.035778373,0.04459708,0.013528635,0.6063625,0.071532354,0.0014608046,0.15387763,0.0076715206,0.049224555,0.0001423658,0.0016071281,6.3845982e-06,0.0010802288,8.8923105e-07,1.5657863e-08
1.4893764e-07,1.5296827e-07,6.464469e-07,0.002756835,0.00031811235,0.00497991,0.041664917,0.12517124,0.2686363,0.074070774,0.012714863,0.0010434373,0.002497044,0.0017108062,5.7959087e-06,0.4618913,0.00014801013,7.274029e-07,0.002388996,2.5932108e-08,2.8192234e-08
3.7979193e-09,8.540797e-11,3.4325482e-09,1.322675e-07,2.2117192e-08,2.7688209e-06,0.00030133646,0.00026616777,0.00088037684,0.010747978,0.007751201,0.0025531657,0.021497076,0.000638246,0.0035299992,0.9438101,9.7742295e-06,0.007964169,3.8944046e-07,6.8136664e-08,4.7058573e-05
3.1645613e-06,3.213737e-06,1.4724073e-06,0.011151826,1.5862513e-05,0.013766561,0.03941625,0.004998812,0.26275346,0.15391885,0.018576257,0.00013414327,0.020842532,0.05810296,0.0056350827,7.1107395e-05,0.029426493,1.3230837e-06,0.38118008,1.1633286e-07,4.5107103e-07
9.3025494e-07,6.017309e-06,4.9172555e-05,0.03217394,0.043211598,0.6689235,0.11843915,0.070012584,0.042671047,0.008377388,0.015055904,0.00013218161,0.0005767858,7.1867566e-06,6.2636595e-05,5.0410137e-05,0.00024887486,8.526954e-09,6.2046695e-07,3.7780516e-09,3.1116976e-08
2.3335708e-06,6.1592095e-06,1.0056248e-05,0.0004165062,0.005026471,0.023131747,0.16963823,0.20363839,0.18567242,0.057118606,0.104237415,0.045169163,0.002720266,0.008881263,0.0027901412,0.18936914,0.0021052456,3.7251564e-05,2.3548642e-05,4.740185e-06,9.138134e-07
1.8153977e-06,2.7957187e-06,6.840284e-06,1.4288418e-05,7.149512e-05,0.0008527466,0.034460943,0.054291844,0.38873896,0.14840364,0.22282271,0.04393943,0.01606444,0.0033663572,0.0029144203,0.06482981,0.0016758868,0.017323582,0.00020072644,4.604524e-06,1.2673791e-05
4.18108e-07,8.2382303e-07,5.6762856e-06,0.013441459,0.0017720563,0.605991,0.07250563,0.10484149,0.09932424,0.042273473,0.041579794,0.010278407,9.7819466e-05,0.002330042,0.00020567862,0.0039852266,0.0001655677,0.0011538884,4.7139612e-05,3.9357307e-08,1.8695933e-07
2.539133e-06,3.899842e-06,5.533867e-06,0.00049658184,0.0014576775,0.007864102,0.09455786,0.09309175,0.17536364,0.03887789,0.052093197,0.02084354,0.0009910548,0.0013551249,0.00024101598,0.5118409,0.00089010195,8.063725e-06,1.4031835e-05,7.301686e-07,8.893285e-07
2.014684e-06,2.203516e-06,3.2768497e-07,0.00014777621,8.093789e-06,0.0013532164,0.03212351,0.07285538,0.5823684,0.19422983,0.010768716,0.003214995,0.01397151,0.0059839096,0.006095182,0.06432359,0.012391702,4.6032943e-05,0.00011016705,6.508697e-08,3.3436268e-06
0.14301161,0.15106909,0.4290461,0.1836855,0.057910312,0.018651918,0.0056182826,0.0035588425,0.0018362807,0.00032944986,0.0042325566,4.6310575e-05,0.0002369971,0.0001458714,6.003751e-06,0.0003163714,0.00014746856,3.8401e-06,7.507456e-05,9.75821e-06,6.2406485e-05
8.345987e-07,3.306056e-06,4.6897094e-05,0.0036963995,0.015101995,0.08954347,0.13557863,0.053266812,0.06702625,0.36136907,0.17288533,0.029466733,0.0670184,0.0010635097,0.0006620164,5.516403e-05,0.0031472703,6.45563e-07,6.390059e-05,3.2864903e-06,6.564377e-08
0.0003578691,0.0015185855,0.15132417,0.47365102,0.28032467,0.062753804,0.015251207,0.0064273556,0.00424509,0.0005879708,0.0028923168,1.8365503e-05,0.0005818652,6.7614537e-06,1.609805e-07,1.8446934e-05,3.177799e-05,1.7366455e-08,7.344404e-06,1.307925e-07,1.0965911e-06
9.988123e-05,0.0004919506,0.059785724,0.4160193,0.37962022,0.10495604,0.020927798,0.007784523,0.0055427672,0.0009658487,0.002954185,1.7191458e-05,0.0007823333,4.4809617e-06,2.9645676e-07,1.0358046e-05,3.1924876e-05,1.159571e-08,4.7127105e-06,6.403372e-08,3.6045617e-07
1.2326209e-06,1.809309e-06,2.8293678e-06,6.2671716e-06,0.00018695614,0.0004256602,0.052348197,0.075284965,0.2107654,0.055072334,0.514205,0.054833356,0.0034602627,0.0009606874,0.00048069356,0.029220369,0.0022787543,0.0004341719,2.9104964e-05,1.6244996e-06,3.4284244e-07
3.8910652e-09,8.85531e-09,2.7513694e-09,0.010909836,2.0784307e-06,0.06739912,0.059630625,0.04514592,0.07229057,0.023645964,0.00558676,0.0003345214,5.5981676e-05,0.00016048881,0.71427476,0.00043994255,0.00012155321,1.9649805e-07,1.5074398e-06,8.307243e-11,1.3490283e-07
1.2072654e-06,1.6175054e-06,2.9813189e-06,0.00016112055,0.011454173,0.0045439494,0.13486318,0.33507937,0.35177153,0.0094381925,0.08677822,0.023550866,0.00014306743,0.026121447,3.5751495e-05,0.014610374,0.0013717919,4.1692842e-06,6.664986e-05,2.4038977e-07,1.0974512e-08
1.856313e-06,4.6998343e-06,1.2079921e-05,0.00035137447,0.105605856,0.03874867,0.27348888,0.306742,0.07335076,0.009744437,0.077602945,0.1102513,0.0001757578,0.0020840073,2.4001258e-05,0.0016925473,0.00011705436,7.082731e-08,1.4508151e-06,2.2296041e-07,8.746569e-09
3.8667852e-07,4.988797e-07,5.293103e-07,0.0016572976,0.0024862443,0.046037532,0.35531253,0.13809915,0.38396227,0.029660853,0.017479498,0.0023865246,4.2465497e-05,0.00018636076,1.1806201e-06,0.021313379,0.0013727568,1.9862002e-08,5.776761e-07,1.7226406e-09,1.4166495e-08
6.688093e-07,7.046843e-07,3.931028e-06,0.00073224475,0.00045287603,0.039290626,0.021236442,0.044834707,0.02839702,0.16608897,0.044274077,0.014569083,0.0074438653,0.15099025,0.070625566,0.036684647,0.0027605668,0.36956376,0.0020357813,1.2028744e-06,1.3060409e-05
8.9850765e-08,1.2106532e-06,1.2260318e-06,0.00021914524,0.010692081,0.03150471,0.15073286,0.26047158,0.18139178,0.06953749,0.1155066,0.074972376,0.0056465324,0.077146724,0.008683913,0.0124960635,0.0009872654,1.7210651e-07,7.627725e-06,5.142357e-07,1.1987472e-08
5.6779292e-09,2.9780711e-08,2.7854938e-08,7.7936744e-07,8.338351e-06,0.00014454011,0.005181028,0.019117191,0.056244276,0.01127145,0.07118189,0.044501107,0.00547061,0.008502329,0.04208619,0.00044316295,0.7357409,5.5974026e-05,4.0677525e-05,9.414428e-06,9.918543e-09
3.930282e-05,1.3930731e-05,1.0964513e-05,0.001380563,4.1824747e-05,0.0019698574,0.028777495,0.043196354,0.43687946,0.19328003,0.05240124,0.012597,0.02109201,0.007903739,0.00062015594,0.07832481,0.069584966,0.0036107248,0.04818706,8.6998426e-07,8.763061e-05
2.3002091e-09,1.14540164e-07,1.8535802e-08,4.195307e-05,1.0247964e-05,0.00032992524,0.0031461774,0.0080593545,0.011255543,0.03725783,0.16120037,0.0004246179,0.023725357,0.06252865,0.6919631,5.3020452e-05,1.931023e-06,6.2353738e-12,1.757995e-06,3.8435384e-09,3.4373598e-11
0.00016414758,0.0005518196,0.19376373,0.3963141,0.28843617,0.07543141,0.019903358,0.011360566,0.008310031,0.0011928884,0.0030330084,2.1115375e-05,0.001342409,1.8794539e-05,1.130935e-07,8.408103e-05,6.330985e-05,1.7273708e-08,7.567552e-06,1.2399622e-07,1.1350922e-06
6.2789707e-07,4.5973744e-07,5.662476e-07,6.625095e-05,0.0002091512,0.0037934673,0.055060744,0.16535836,0.5130675,0.026775822,0.16430642,0.021591092,0.00016547304,0.0007982052,4.020065e-06,0.048421342,0.00031676644,4.0145886e-05,2.3526998e-05,5.275499e-08,7.704408e-08
2.2154712e-05,1.2910929e-05,0.03766454,0.1820276,0.27592355,0.29729268,0.08017812,0.0417676,0.019078828,0.034421004,0.009325253,8.530084e-05,0.020914434,0.00052635034,8.323594e-06,0.00033503113,0.00029137224,4.0216614e-06,0.00011972762,1.0679513e-07,1.0659015e-06
8.3061364e-05,7.347679e-05,0.09344643,0.22890945,0.3281451,0.112955436,0.06599051,0.05813952,0.04037123,0.024194015,0.019382572,0.00011912586,0.022920696,0.0019479832,6.0089055e-06,0.0021837316,0.00076862663,1.3677105e-06,0.00035497374,5.411781e-07,6.0990983e-06
1.1269949e-06,1.6629908e-06,1.9876609e-06,2.8414695e-06,2.738176e-06,0.00017257394,0.0063802544,0.015517413,0.43140814,0.30445814,0.07165993,0.010219355,0.036124635,0.011597892,0.0078057935,0.006364442,0.00011285298,0.09744242,0.00052414567,5.146205e-07,0.000201135
3.5552346e-06,1.00332745e-05,5.981651e-05,0.09076097,0.015943987,0.24059162,0.27030003,0.09873102,0.14179175,0.07803623,0.048371673,0.0012042148,0.003860235,0.00014332688,1.1797524e-05,7.528819e-05,0.010097148,2.4127903e-08,7.1865265e-06,2.4943281e-08,1.02438555e-07
0.20387788,0.22776395,0.3666972,0.13165614,0.041374076,0.014214591,0.004592757,0.0029279902,0.0014711812,0.0002639074,0.0039166715,5.4869553e-05,0.00020880757,0.00018519431,9.271114e-06,0.0004513832,0.00015714973,6.1727487e-06,7.59738e-05,1.6644392e-05,7.825521e-05
1.2929809e-06,7.2936236e-06,0.00018410171,0.015274691,0.18201824,0.3864193,0.26990697,0.07132791,0.030711036,0.035304476,0.0037428457,0.002661787,0.0021757437,0.00014379888,6.3704388e-06,2.5973659e-05,7.891e-05,2.0498472e-09,9.165762e-06,7.841237e-08,1.6256758e-08
9.440921e-07,1.9676195e-06,1.5097359e-06,0.017534558,0.00028643964,0.072876,0.2556321,0.04173465,0.46789652,0.09063994,0.03065972,0.00017049533,0.0042533386,0.003947109,0.0001629935,3.675145e-06,0.013564669,9.053306e-09,0.00063326565,5.6633294e-09,1.610341e-08
0.00036061494,0.008195141,0.038046952,0.464711,0.36245146,0.0793686,0.012270146,0.0035279063,0.02020841,0.00065719284,0.009116805,1.6334496e-05,0.0010175633,7.192091e-06,1.033216e-06,1.8227522e-05,2.1809414e-05,1.0231149e-09,3.1516433e-06,7.79066e-08,3.9281173e-07
1.5099222e-05,9.512681e-05,0.004098762,0.11116293,0.27057612,0.49116898,0.05890226,0.025749387,0.020486092,0.0050053117,0.009383932,5.7468773e-05,0.0030444616,1.1047207e-05,2.0674752e-05,4.2181084e-05,0.00017382331,3.2570973e-08,5.9654344e-06,6.015141e-08,3.1375714e-07
9.687486e-06,8.94078e-07,7.785492e-07,0.00012036472,3.4073264e-07,5.169698e-05,0.0011965102,0.003516335,0.011395578,0.017984878,0.0060670287,0.03125439,0.024958711,0.104747444,0.095851384,0.032966793,0.00023597552,0.508115,0.15547705,8.673986e-07,0.006048352
9.0765384e-10,3.5048495e-09,4.2987063e-09,6.4853296e-08,3.020848e-07,6.0737416e-06,0.0009491553,0.00043767368,0.009558851,0.0028486787,0.3493966,0.067737624,0.008736952,0.0020268315,0.004367024,0.0005855685,0.5531664,0.00011387989,4.3971522e-07,6.785898e-05,6.4115317e-09
2.1303542e-08,3.304684e-08,9.259552e-09,1.0013821e-05,1.519843e-07,0.005973574,0.013102145,0.01055661,0.630294,0.11514003,0.048309777,0.00018782659,0.04780934,0.014987855,0.00835454,0.00049068785,0.10340271,2.3904956e-06,0.001368247,9.873249e-06,1.543718e-07
0.0006457368,0.0040894793,0.2179728,0.45449018,0.22398819,0.064712286,0.013575921,0.0076999804,0.006460982,0.0007137523,0.0041557923,3.9321403e-05,0.0012424939,1.8278513e-05,2.544559e-07,0.00011374456,6.926043e-05,2.928282e-08,7.745221e-06,4.8761996e-07,3.3109714e-06
4.292458e-07,1.2381907e-06,1.1853779e-06,0.0013421073,0.0013871219,0.06944727,0.32332313,0.26905617,0.22689918,0.059953947,0.015449093,0.004163311,0.0007978184,0.0020190869,0.00020293926,0.02242618,0.0035210007,3.6216028e-07,8.136078e-06,1.0544392e-07,1.4485036e-07
3.2613532e-06,2.9241805e-06,2.0073462e-06,7.901381e-06,0.0002456461,0.0023374432,0.04339014,0.25549,0.35254312,0.016577454,0.19955304,0.11670294,0.0012156973,0.00419018,0.0001632568,0.0015401422,0.0010998296,0.004847517,8.55214e-05,1.7133298e-06,3.0108254e-07
4.970279e-12,3.4788396e-12,1.631806e-12,3.053645e-07,3.297974e-08,0.73350805,0.016962763,5.241975e-05,0.013427674,0.00015423898,5.3475657e-07,0.071409434,1.7505021e-08,0.0015091016,7.18428e-09,1.8586339e-07,4.8996895e-10,0.16297491,2.658432e-07,2.301135e-13,1.1140449e-10
2.1788056e-08,1.18445314e-07,1.8999104e-07,1.5364866e-06,2.567767e-06,1.3954394e-05,0.0039389483,0.0007892564,0.054459732,0.011262858,0.26834592,0.63844967,0.004280578,0.00041490362,0.0116466805,0.00018100285,0.0007485775,0.003063905,3.136584e-07,0.0023992558,1.5833637e-08
1.8909537e-07,2.0768421e-07,8.591278e-07,0.00025831995,0.0014778349,0.11491201,0.09173599,0.045784913,0.20487717,0.19872642,0.0028138787,0.0030748132,0.0005713218,0.037624676,0.0073998766,0.00071339705,0.06480967,0.0027502517,0.22246255,5.53903e-06,9.1983345e-08
1.3420307e-06,2.4650657e-07,5.967203e-07,0.00015400391,0.0077085793,0.012489536,0.29976302,0.29947227,0.2405801,0.00867904,0.07759283,0.052833036,2.342647e-06,6.4068656e-05,3.3551327e-08,0.00060595555,5.2814845e-05,6.5014646e-08,8.823577e-08,1.7370603e-09,2.9700709e-10
5.4214894e-07,4.003086e-06,0.00023477909,0.029277118,0.051627126,0.27498147,0.41013736,0.07697714,0.051197864,0.017923076,0.0069452683,0.004648746,0.0745249,1.2165957e-05,4.63902e-05,0.0006446289,0.0008151756,2.477839e-07,1.4733104e-06,4.4279005e-07,9.049942e-08
9.272049e-07,3.552054e-07,5.995198e-07,0.00037697252,0.004014792,0.04311065,0.40857938,0.19525415,0.26817265,0.030554064,0.028429372,0.017984884,1.7004497e-05,6.5663575e-05,7.459906e-07,0.0028518434,0.0005857498,3.540368e-08,1.3429784e-07,2.386192e-09,3.782303e-09
5.098634e-07,1.2345716e-06,1.3400043e-05,0.0008473997,0.004571389,0.023395075,0.049813345,0.0702568,0.11556192,0.32244578,0.016890567,0.01084978,0.021964442,0.18226752,0.028810585,0.0020188515,0.058029655,3.831048e-05,0.09213089,9.221918e-05,3.5243255e-07
6.384794e-07,3.6456859e-06,0.0005014368,0.036046837,0.06420118,0.18595992,0.35671976,0.071463384,0.03879301,0.015276362,0.0065934816,0.005066999,0.21703048,2.5595049e-05,1.752466e-05,0.0008500732,0.0014464515,4.067031e-07,1.8473903e-06,8.3945656e-07,9.0114455e-08
7.6849356e-05,0.00022430943,0.16897045,0.3901938,0.31481504,0.08335565,0.019843975,0.010644765,0.007395386,0.0011766767,0.0021321336,1.2138977e-05,0.0010613583,9.819556e-06,5.2375594e-08,4.0665225e-05,4.222116e-05,7.909614e-09,4.333638e-06,4.5721208e-08,3.942112e-07
7.535698e-06,2.3521854e-06,2.8846857e-06,0.0010731665,6.5604286e-06,0.0014776902,0.018099831,0.018494101,0.5348926,0.21955442,0.060475305,0.012738194,0.010800339,0.005492066,0.00069331005,0.021386841,0.0061047985,0.0043716533,0.084215224,1.2803444e-07,0.00011097415
1.0402534e-08,1.938215e-08,2.564854e-08,1.6300032e-06,8.029058e-06,6.626647e-05,0.0015131674,0.0056655346,0.008645971,0.008488619,0.03880411,0.027852267,0.025468612,0.104270086,0.05083364,0.00076506747,0.7272287,0.0001690383,0.0002178213,1.2302726e-06,5.9087554e-08
1.8430967e-05,2.6126998e-05,0.0680741,0.35544413,0.3550349,0.12234238,0.044916987,0.025868969,0.0150382705,0.0044997423,0.0030379023,2.5031475e-05,0.005280785,6.5865424e-05,1.1548926e-07,0.00014876504,0.00017071994,2.1905675e-08,6.4077117e-06,3.2791995e-08,2.2416316e-07
1.5506484e-05,2.2826947e-05,1.2142056e-05,0.045148894,0.0010560092,0.07313915,0.15584028,0.10578516,0.12976347,0.15372995,0.046853714,0.0015701874,0.0046889298,0.008658191,0.0011314781,0.000635727,0.2717365,1.1441689e-06,0.0002091103,4.2029903e-08,1.5659933e-06
1.1107878e-06,5.954063e-07,7.1062834e-07,0.00023081897,0.0012804922,0.027339123,0.17501009,0.26142076,0.42379293,0.021806378,0.05211218,0.031356536,3.186968e-05,0.0008194395,3.984639e-06,0.0043542166,0.00040617917,2.4639503e-05,7.882215e-06,4.6356647e-08,1.65169e-08
1.8891246e-06,2.9220603e-06,6.514059e-06,0.0018617371,0.0079401685,0.043574467,0.2252322,0.23596759,0.3060146,0.026392229,0.036546726,0.020112323,0.00039463033,0.0045748334,4.898066e-05,0.09036578,0.0009046666,7.5189887e-06,4.933145e-05,6.017471e-07,2.2155162e-07
6.531528e-07,1.6171076e-07,3.817486e-08,9.3145964e-08,4.5004576e-08,0.0007220579,0.0064681103,0.029445313,0.02317695,0.02519665,0.029180551,0.2002381,0.48063707,0.008447744,0.06701356,0.12096162,3.867585e-05,0.008301073,5.8154863e-05,5.245165e-08,0.0001133568
4.965561e-07,1.7570874e-05,0.0014631612,0.027341492,0.2899861,0.13995157,0.1259524,0.11496344,0.017745037,0.055365663,0.20835002,0.009657702,0.009174873,1.0170832e-05,1.6890282e-07,2.5490813e-06,1.6033073e-05,3.106594e-10,1.470379e-06,1.0075977e-07,1.2015523e-09
8.4271094e-05,0.00041749637,0.044701498,0.23898295,0.19937983,0.08852782,0.13277248,0.12811169,0.073507994,0.028394774,0.05377315,0.0011864754,0.0013084554,0.0018857281,9.799531e-07,0.0056587895,9.194271e-05,1.365385e-08,0.0012111805,1.0296318e-06,1.4255678e-06
1.413969e-07,1.0549768e-07,5.8639447e-08,3.0316252e-05,2.7720604e-05,0.022409966,0.041285407,0.11198392,0.72506505,0.041859683,0.040953,0.009428723,7.2373026e-05,0.0024892767,0.0001296306,0.0019241684,0.00042031208,0.0018867285,3.3123408e-05,2.98532e-08,3.349916e-07
1.1971786e-06,8.049501e-06,0.000111089634,0.044305407,0.08539902,0.18835945,0.2313176,0.04497715,0.2999416,0.077424504,0.026136508,0.00052476884,0.0011083655,1.7283135e-05,2.5179952e-07,5.506341e-07,0.00035708613,3.8541895e-10,1.0035235e-05,9.410617e-09,3.8727466e-09
6.170592e-06,8.4296e-05,0.004685346,0.070051506,0.11715468,0.09265858,0.22325794,0.11442978,0.09318273,0.109482236,0.04282945,0.044359688,0.077257484,0.007700973,1.0126967e-05,0.001966056,0.00013923539,1.9364313e-08,0.0007372804,5.897478e-06,4.777164e-07
4.2024874e-07,4.3364506e-07,5.332273e-07,0.0004972157,0.00033212738,0.03958999,0.23692372,0.18409032,0.35859057,0.13495497,0.016877292,0.0048263553,0.00044226,0.0009848481,0.0001500785,0.018071998,0.003659134,1.6339831e-06,5.8498276e-06,3.443117e-08,1.6782916e-07
3.2336144e-11,2.1144502e-13,8.7141134e-13,4.2209194e-08,1.03622604e-10,0.00031942924,0.00039102125,1.9556648e-05,0.00011737268,4.3372762e-05,2.9615758e-05,0.9953713,6.658483e-05,0.0029865222,8.319223e-07,0.00028366683,2.8449174e-10,0.0003706557,2.612942e-08,1.0221074e-12,7.265174e-08
0.0011936878,0.0038858491,0.2889331,0.43515506,0.19064566,0.051108956,0.012361664,0.006756662,0.0050684004,0.0006423289,0.0033580668,2.5895139e-05,0.00065116206,2.4936835e-05,1.8699637e-07,0.000106134015,6.4908316e-05,5.391168e-08,1.2542603e-05,4.2106538e-07,4.3018767e-06
7.115426e-08,5.9577474e-07,8.5309216e-07,9.566493e-06,0.00011491736,0.0025348514,0.02979872,0.043314822,0.05446537,0.04121439,0.26265556,0.11522657,0.013559946,0.0023322736,0.42343932,0.0012191365,0.009841466,3.085817e-05,4.1964886e-06,0.0002364008,8.399827e-08
5.7339485e-06,4.0557177e-05,0.0007260868,0.04115534,0.13584995,0.5743201,0.09130233,0.055521592,0.054928236,0.012609673,0.02229903,0.00019423122,0.009866411,2.7195945e-05,0.00040546697,0.00024793393,0.00049122295,4.3675314e-08,8.297901e-06,1.2220575e-07,4.2173713e-07
1.8954634e-07,9.417314e-07,4.7851725e-05,0.018350223,0.0255379,0.10309035,0.3465093,0.03701754,0.051494732,0.00767434,0.0026615497,0.0062726797,0.38662112,3.0434805e-05,7.5179996e-06,0.0022467913,0.012434257,2.6335988e-07,4.41867e-07,1.5567329e-06,2.3173781e-08
2.8573155e-08,4.2135318e-07,4.0328823e-06,0.0012724075,0.002413667,0.010953784,0.07096814,0.09237868,0.051982988,0.33418393,0.09434928,0.009473232,0.28615507,0.043304496,0.0007300518,0.001097879,0.00065654214,7.2112805e-08,7.5229174e-05,7.0929836e-08,7.2391004e-09
5.9006686e-07,7.280328e-06,2.2404573e-05,0.0073610903,0.007235361,0.016870229,0.038203385,0.35807773,0.07602674,0.05966162,0.329187,0.05014317,0.032735825,0.0014870237,0.017531369,0.0047946307,0.0005694082,1.8909152e-06,8.0718215e-05,1.6640798e-06,8.1273055e-07
4.426072e-05,0.0003367973,0.00032997795,0.09191835,0.049487054,0.25376445,0.09245118,0.13504246,0.20952016,0.05785342,0.08210317,0.00011164192,0.008142198,0.0011853818,0.016674751,0.00040485652,0.00057738286,1.1387105e-08,5.159415e-05,4.6711662e-08,8.453104e-07
1.2195591e-06,1.0320338e-06,2.0406326e-06,0.00032655368,0.0007788705,0.023238609,0.15015963,0.207163,0.3983284,0.05762466,0.07887098,0.02407677,0.00043349055,0.0020102798,0.000114130766,0.054880112,0.0018809511,8.46979e-05,2.3800814e-05,3.9116043e-07,3.6056628e-07
4.5742618e-05,0.00018975328,0.13048118,0.26433435,0.40333477,0.0952448,0.045453053,0.026181864,0.017239,0.0034900005,0.0069906097,6.90053e-05,0.0066057183,3.9130402e-05,3.9842666e-07,0.00016895274,0.000114315066,3.0475295e-08,1.6174083e-05,1.9533084e-07,9.761943e-07
4.804978e-06,2.4007907e-06,3.4093266e-06,0.00042898598,4.3018368e-05,0.004128446,0.02844279,0.06812424,0.537723,0.110693745,0.16405757,0.035030253,0.0052810907,0.004317278,7.181015e-05,0.03232046,0.00042708722,0.0010521204,0.007840114,3.5813818e-07,6.9445277e-06
1.4747672e-05,1.38504965e-05,0.03698559,0.17830168,0.31628093,0.17508823,0.11087726,0.05962951,0.03043189,0.028783496,0.011230137,0.00013570582,0.04985675,0.0006624294,4.530378e-06,0.0009748495,0.0006575354,7.599893e-07,6.897006e-05,1.9601559e-07,9.885111e-07
7.9191295e-07,2.382449e-06,1.5283371e-06,0.01592057,0.00063408224,0.36970845,0.087880164,0.15075622,0.14146028,0.04862576,0.05327155,0.00092406315,0.0004955832,0.0006971902,0.12447428,0.0027584692,0.002376659,9.870998e-07,1.0294452e-05,1.7287254e-08,6.328896e-07
3.2740118e-05,6.201392e-05,0.016332386,0.5308107,0.2292838,0.084328234,0.06945899,0.037936553,0.013227199,0.008429571,0.008993137,9.7399185e-05,0.00014983637,0.0003341209,6.9856334e-08,4.7599806e-05,1.3417105e-05,1.287935e-09,0.00046210768,1.7215035e-08,8.668742e-08
1.8808207e-07,1.1801684e-07,2.1209489e-07,7.522598e-06,3.873389e-07,0.0011481559,0.010983704,0.06582779,0.38687938,0.21011783,0.027359297,0.0020729678,0.03797351,0.04999987,0.034954704,0.10393302,0.0019292273,0.062064108,0.0016083749,7.6863024e-08,0.003139538
3.904788e-06,4.4730036e-06,6.871873e-06,0.010867643,0.00025766087,0.006703403,0.109510966,0.10956944,0.20253421,0.14384982,0.12771124,0.10110997,0.036841612,0.03478655,0.0032832937,0.0940124,0.0071852813,0.00018822399,0.011561844,2.443463e-06,8.801439e-06
2.6180524e-07,1.1444021e-06,4.7702775e-07,8.655735e-05,3.1734533e-05,0.013059793,0.08644541,0.17591336,0.31099758,0.15057497,0.048058707,0.0063352864,0.037746184,0.008103198,0.07240816,0.010052307,0.079991214,0.00011376457,6.904745e-05,8.847882e-06,2.0268526e-06
1.5535947e-09,3.3685614e-09,1.0790134e-08,1.9142466e-07,1.2394024e-06,3.3883185e-05,0.011049662,0.00061411865,0.013240544,0.019521713,0.70330435,0.10881793,0.0410135,0.04837788,0.0015024365,0.0058986265,0.045709014,0.00015258265,2.076242e-06,0.0007601944,2.2231658e-08
0.000518283,0.003957557,0.046885084,0.1768511,0.2860483,0.07194387,0.13991866,0.06531636,0.056699906,0.015501394,0.09944803,0.021444786,0.008069768,0.004422517,1.1140085e-05,0.0022475056,0.00027176813,2.2600305e-07,0.0004223244,1.6477143e-05,4.933921e-06
7.670977e-07,4.3329633e-06,1.7211973e-05,0.031186616,0.013774963,0.6271752,0.14043263,0.10071913,0.055088926,0.012186933,0.0174292,0.000246272,0.00070778327,1.673682e-05,0.00044920202,8.918012e-05,0.00047372034,1.952364e-08,1.1657353e-06,4.483193e-09,5.2260525e-08
2.5851924e-07,3.3474719e-09,3.6158596e-08,1.9775352e-06,1.1255632e-07,1.1812825e-05,0.00034721295,0.0006588312,0.00024085419,0.008929877,0.030461958,0.008561456,0.048977986,0.0037798316,0.0056412104,0.88340974,0.00011552222,0.005762376,0.0014216112,6.692666e-08,0.0016771774
6.7971896e-06,4.4383787e-06,3.3236425e-05,0.16686697,0.007190357,0.106063075,0.3308192,0.145146,0.11361779,0.07625058,0.048555624,0.000998705,0.0001535631,0.00015724433,2.1361602e-06,0.0010251453,0.0031047827,9.492464e-08,4.209754e-06,9.172879e-09,9.382142e-08
1.9521162e-09,1.0735139e-09,7.2642714e-10,8.007047e-08,1.6054372e-08,3.3733197e-06,0.018955927,5.2830343e-05,0.05856816,0.01761452,0.095033154,0.1599588,0.00483022,0.0046640914,0.00013680609,0.00091092323,9.19044e-05,0.32887557,1.5571497e-07,0.31030345,3.98824e-08
9.1765503e-07,4.393991e-06,2.4344035e-06,0.00028222642,0.0005741652,0.011069813,0.12182867,0.18666871,0.18058881,0.08574489,0.07899924,0.014346764,0.014291299,0.021463072,0.027569538,0.25076556,0.0056927297,3.6167934e-05,6.577076e-05,3.3214114e-06,1.4946095e-06
2.2010883e-07,1.8638006e-07,3.3457258e-07,0.0015912772,1.7780763e-05,0.006262609,0.06515551,0.059832063,0.11149034,0.16691056,0.040973485,0.5171521,0.014182848,0.0021697246,0.00013472453,0.0015552366,6.504331e-05,9.5617215e-05,0.012409579,7.145861e-08,6.686593e-07
1.3427469e-08,7.97476e-09,1.0275516e-07,0.0016350972,0.041426156,0.09774428,0.71380806,0.071150914,0.07324752,0.00065453904,0.00031977097,1.2783209e-05,7.057838e-09,5.054683e-08,2.8660865e-12,7.5067454e-08,5.988362e-07,5.6388813e-13,7.7334983e-10,5.4328263e-14,9.4771406e-14
9.381882e-07,5.3772595e-07,0.00049755216,0.058255147,0.062076725,0.07171927,0.18836753,0.057818476,0.040731203,0.124908574,0.009138242,0.0025577839,0.33090007,0.040449437,1.6754171e-05,0.006881166,0.0055294833,4.7374473e-05,0.000102915095,3.1327758e-07,4.96236e-07
8.0646294e-07,5.1280875e-07,5.7242e-07,4.3274285e-06,5.016796e-05,0.001362718,0.034187756,0.14426534,0.4685061,0.048792526,0.22455898,0.0716796,0.0006767107,0.0017867913,4.8180264e-05,0.0019006642,0.0002015566,0.0019494492,2.6596073e-05,2.3101182e-07,4.1382708e-07
5.9284152e-06,0.0001356923,0.0058293785,0.04320569,0.2630647,0.12361246,0.18064524,0.14475556,0.021946263,0.032032497,0.13656764,0.007134572,0.040906217,7.234814e-05,2.0156035e-06,3.6047117e-05,4.3208052e-05,3.0386977e-09,4.1916855e-06,3.0888737e-07,4.3794337e-08
1.945607e-07,1.6558934e-06,2.2062897e-05,0.0044461554,0.0072329957,0.027310796,0.1083609,0.11241519,0.05121803,0.34555638,0.10221919,0.007454571,0.20877232,0.022060387,0.000652286,0.0013192274,0.0008661657,1.7790431e-07,9.113761e-05,1.6293716e-07,3.4337848e-08
1.777245e-07,3.2262568e-07,2.2435736e-07,3.265738e-07,1.6689471e-06,2.0560976e-05,0.0023786433,0.004600919,0.04267189,0.022802182,0.06944254,0.23448603,0.1219184,0.00055041135,0.056074165,0.0037033663,0.38430846,0.057011638,1.4121801e-05,1.0788371e-05,3.1054687e-06
2.5475984e-07,6.5194087e-07,5.4628967e-05,0.0060612806,0.008964547,0.020023517,0.13142093,0.055251196,0.023825567,0.038959164,0.011242002,0.011280289,0.66350913,0.0007453153,0.00013456326,0.021650016,0.006845183,1.6213195e-05,1.1320761e-05,3.6006904e-06,6.7005294e-07
6.283936e-05,0.0005005007,0.08690072,0.3206365,0.44385934,0.08568841,0.031495284,0.012187107,0.008450374,0.0011565166,0.006662565,4.5536723e-05,0.0022686953,8.348154e-06,2.1583301e-07,3.2232838e-05,3.7945607e-05,8.403968e-09,6.2715344e-06,9.704939e-08,5.3416176e-07
1.7147958e-06,1.6830758e-06,5.2694845e-06,0.0013645629,0.053327046,0.04091668,0.29705533,0.32637843,0.19311224,0.007097873,0.050782535,0.015617598,4.441693e-05,0.004575888,2.26372e-06,0.009538423,0.00016987386,1.2242785e-07,8.0455175e-06,3.7579195e-08,4.691179e-09
8.3767037e-07,4.595361e-06,0.00010076059,0.093425736,0.04236212,0.21642473,0.32126552,0.14132732,0.060012456,0.0688598,0.046690818,0.00064746424,0.007718134,0.00018658345,2.0767527e-06,0.00013839209,0.0008292329,2.2717346e-09,3.4546706e-06,5.3001066e-09,1.6577571e-08
2.954056e-07,2.5315564e-06,5.8817295e-06,0.0009563913,0.038848586,0.076754,0.23690052,0.26474717,0.15949166,0.06681036,0.046783146,0.058237407,0.0033381367,0.038845427,0.0011220678,0.006465675,0.00067141745,1.9589616e-07,1.8335526e-05,7.7106046e-07,2.460567e-08
0.00028588058,0.0007409961,0.23116557,0.41265485,0.2548817,0.06250799,0.014730025,0.010567363,0.008088558,0.0008406217,0.0024913745,1.4586187e-05,0.00077048026,2.4611012e-05,5.731344e-08,0.00015079099,7.751924e-05,1.443819e-08,5.6835274e-06,1.276234e-07,1.1871492e-06
2.449063e-08,1.5620403e-08,9.870699e-09,3.915935e-05,0.00017878592,0.00045527198,0.08029393,0.074485935,0.727999,0.00357429,0.10444924,0.0035066213,4.0190844e-07,3.6242202e-06,3.9432896e-10,0.005005623,8.079016e-06,2.3226694e-09,1.8277607e-08,2.3815916e-11,2.4089206e-11
1.3795254e-06,3.099687e-06,7.5352323e-06,0.0013815918,0.027059779,0.17351882,0.28965223,0.2801137,0.13623387,0.025443045,0.02899626,0.021925805,0.00042041964,0.005568437,0.00023115773,0.008246397,0.0011809648,1.0199345e-06,1.38439045e-05,5.7370715e-07,4.8423836e-08
2.998281e-06,1.552178e-05,0.0013788196,0.09575876,0.42597374,0.24862947,0.16554129,0.040687565,0.01317521,0.0058641117,0.0022851212,0.0003168286,0.000348299,1.0670579e-05,3.2091943e-08,2.6053372e-06,6.159582e-06,4.28761e-11,2.7671845e-06,3.1923308e-09,4.995415e-09
4.4790872e-07,7.3549686e-06,0.0013122546,0.14750597,0.37911466,0.19544159,0.18168457,0.038737293,0.02019143,0.016516691,0.013704132,0.00018773916,0.005580131,2.1909552e-06,1.5745304e-08,6.6556674e-07,1.2451351e-05,1.9879579e-11,4.183697e-07,1.1308554e-09,1.1116045e-09
0.00015377821,0.00028393013,0.22469969,0.35616642,0.29337195,0.078095585,0.020390142,0.012489597,0.008502334,0.0014765757,0.0030079957,1.4651608e-05,0.0011579521,2.7748054e-05,1.00647945e-07,8.472842e-05,6.381441e-05,2.5058677e-08,1.1816734e-05,7.618905e-08,1.0550767e-06
2.0900258e-07,5.675019e-07,1.2976795e-07,8.8955e-05,3.2883578e-05,0.0069777393,0.057493336,0.5202336,0.24270199,0.03647261,0.025102952,0.005073956,0.031823628,0.020941323,0.003156756,0.009826853,0.03961185,3.496882e-05,0.00042096764,3.540963e-06,1.2385976e-06
1.035729e-06,4.946345e-06,3.2309836e-06,3.43731e-05,0.00031327628,0.005107867,0.06814665,0.084877685,0.20489196,0.1980529,0.08053208,0.07683444,0.011796791,0.0043360633,0.22039418,0.037061453,0.0071972865,0.00038444754,1.24063845e-05,1.4745161e-05,2.2359761e-06
1.9477315e-07,6.073615e-06,0.00026379526,0.020093597,0.070035875,0.03971119,0.045332525,0.0074121174,0.20996553,0.016274678,0.5826088,0.006375419,0.0018767433,2.8546076e-05,3.284738e-08,2.1133496e-07,1.148235e-05,1.4359848e-11,3.1301493e-06,7.619821e-08,6.266181e-11
2.1377002e-07,8.7651095e-08,2.460445e-07,1.4217045e-05,1.8092225e-06,0.00036357058,0.0027677452,0.0033063865,0.019663973,0.036512047,0.0060933665,0.0054759923,0.030500123,0.0038298995,0.00043947005,0.0016954574,8.6147065e-06,0.00077882706,0.88854426,2.5142747e-08,3.6314761e-06
2.0177765e-06,2.0623327e-07,1.2036399e-07,0.0003851341,1.8193377e-05,0.00031846543,0.045832124,0.17300645,0.60065323,0.040889937,0.12846795,0.0054742857,5.7967527e-06,5.751302e-06,4.706279e-09,0.00023303162,0.0047062687,2.6623488e-07,7.42353e-07,1.9524309e-10,5.816657e-09
6.571978e-07,2.697227e-05,0.002311548,0.04142297,0.3443745,0.1697668,0.16113931,0.09340514,0.019556798,0.033934064,0.10768607,0.0060643586,0.020285996,8.5837655e-06,1.2203982e-07,2.350082e-06,1.2783129e-05,1.2373223e-10,9.332651e-07,4.440269e-08,1.9118762e-09
4.374665e-06,4.6367342e-05,0.0056409175,0.0740932,0.22388537,0.12885791,0.11575295,0.20400438,0.012148159,0.07736969,0.14327851,0.0010488674,0.013783716,3.5501067e-05,1.5996785e-06,1.4765861e-05,2.5082318e-05,1.9616881e-09,8.4741305e-06,7.291195e-08,2.1882514e-08
0.00040617224,0.00092738203,0.25847062,0.43952662,0.22740036,0.051722333,0.010354642,0.0052452306,0.0035203549,0.00038846667,0.0017338743,5.992609e-06,0.00024323628,6.7174233e-06,3.1157242e-08,2.0972127e-05,2.1730293e-05,8.776579e-09,4.561485e-06,4.5410722e-08,6.8854604e-07
2.6062413e-10,7.1088224e-10,7.776556e-10,2.6734286e-08,8.569212e-08,3.7526195e-06,0.00040602588,0.0003195897,0.004572429,0.0014742677,0.119955815,0.011961469,0.003972523,0.004810344,0.00061347004,0.00052168604,0.85137534,9.413495e-06,9.670474e-07,2.8660459e-06,1.963614e-09
3.536246e-08,2.3534742e-08,5.460449e-08,8.326151e-06,1.8283547e-05,0.000496157,0.012544438,0.030719677,0.013577726,0.052909803,0.04130094,0.026660668,0.15614913,0.07711372,0.41795775,0.0019968841,0.16542827,0.0017715793,0.0013402732,6.0044385e-06,2.0514109e-07
7.3210975e-07,6.1096807e-06,4.715537e-05,0.002412609,0.008370804,0.047900762,0.106796205,0.07872267,0.05978259,0.22236365,0.1536381,0.02346876,0.2603015,0.019675326,0.013226086,0.00071876345,0.0024984877,1.3956678e-06,6.631569e-05,1.6295224e-06,3.4170296e-07
3.0661547e-05,0.0001427483,0.082491964,0.23949347,0.41775176,0.12623164,0.0580093,0.032535978,0.021134997,0.0046703056,0.0056401948,8.3089355e-05,0.011289644,3.6088222e-05,4.7599576e-07,0.00024208245,0.00020461659,2.8031772e-08,1.0017591e-05,2.1833135e-07,7.1116125e-07
5.400451e-05,2.6390977e-05,5.9866885e-05,0.1590078,0.0027338548,0.047865298,0.20793015,0.11491056,0.18009225,0.1411517,0.067648135,0.0024234648,0.0012276457,0.0014981802,2.3542072e-05,0.020993026,0.05224239,4.0427744e-06,0.0001024188,1.8561836e-07,5.048863e-06
1.3583491e-09,1.6957695e-09,5.9058154e-09,0.00012749582,5.3412845e-05,0.0002599723,0.028676113,0.0014105599,0.003791128,0.004705802,0.002988678,0.13122638,0.60955775,0.0013283595,4.506627e-05,0.16712755,0.04850549,0.0001929329,4.3744986e-08,3.3066049e-06,2.6146598e-08
2.4656467e-08,6.310481e-09,1.5264588e-08,1.4252702e-06,2.25836e-06,7.895185e-05,0.0058304234,0.015497497,0.0049251514,0.023401776,0.051948234,0.08125028,0.15458602,0.015525748,0.03025247,0.012359473,0.60196215,0.0020822298,0.00029099188,4.310318e-06,5.9135186e-07
3.1631114e-06,8.836306e-07,3.35712e-06,0.0011055585,1.837498e-05,0.0015990849,0.026864855,0.037843723,0.08843485,0.09562161,0.12332394,0.13940817,0.04308143,0.035825893,0.08284029,0.22575913,0.0042394106,0.051428165,0.042250693,5.3799204e-06,0.0003419963
1.8838745e-06,8.678998e-06,0.00021158361,0.05718361,0.1067643,0.67262846,0.09642983,0.03642411,0.020232404,0.0038886855,0.0059314235,3.0069958e-05,0.000172895,2.2617708e-06,3.119104e-06,7.637445e-06,7.854364e-05,3.955762e-09,4.093642e-07,2.2273645e-09,1.1912069e-08
0.5328594,0.27487358,0.15492518,0.018005688,0.005108544,0.0018844879,0.0017128712,0.0012091524,0.000703382,0.00019141973,0.0069327406,0.00060705945,0.00017071169,0.00011137943,5.5646742e-05,0.00037460405,9.409559e-05,1.1196705e-05,2.2759039e-05,0.00011778786,2.8345783e-05
8.5357485e-08,9.624932e-07,6.5319464e-06,0.0041300207,0.028318662,0.19315408,0.2751986,0.29506204,0.08589596,0.10801137,0.006481086,0.0009862315,0.0018917368,0.00061921135,3.5715054e-06,8.163704e-06,0.00021241265,2.4974792e-10,1.923311e-05,5.649242e-08,1.4490525e-09
2.300748e-08,1.282278e-07,1.2197463e-05,0.0013210103,0.0021415383,0.014187775,0.0598134,0.13136855,0.06440105,0.5087053,0.082097806,0.0012888348,0.09466241,0.035700668,0.000218868,0.00018166889,0.00022049922,4.097774e-08,0.003678162,1.9381412e-08,2.4274418e-09
1.3256529e-08,4.0381405e-08,1.0535851e-07,7.519774e-06,4.3221553e-05,0.000281255,0.013341876,0.027530206,0.033983305,0.04894268,0.115245715,0.09840769,0.17192045,0.1433159,0.23236923,0.0007478524,0.113426894,8.126559e-05,0.00034424133,1.0482493e-05,4.195903e-08
3.5962632e-08,7.5416e-09,5.4702337e-08,2.6400958e-06,2.4843496e-08,3.3815504e-05,0.00033367562,0.00030022874,0.46069464,0.486772,0.0007055672,0.00018746813,0.031406406,0.00064422784,0.0006303327,0.011488278,0.0012801577,0.004533624,0.0009126431,2.7569655e-07,7.3847106e-05
1.2577883e-06,9.601346e-07,3.7879004e-06,0.0026918899,0.00014444631,0.004488242,0.03824972,0.05091451,0.1199167,0.14102773,0.036012918,0.013280941,0.020547587,0.01402257,0.0003583618,0.52246886,0.00060835696,8.6183274e-05,0.035171013,4.6821876e-07,3.4678408e-06
1.3267504e-06,2.2768365e-06,3.6718234e-06,0.00032672644,0.00038044006,0.00747441,0.053338572,0.12253811,0.38514036,0.052902814,0.059980735,0.0073990733,0.003484391,0.003616622,0.00018120163,0.30117798,0.0010428965,0.00024055551,0.00076236913,1.1181729e-06,4.377519e-06
4.1368384e-08,1.326165e-07,5.5944845e-08,0.00027332798,3.4581362e-06,0.00083501,0.0017686993,0.007931494,0.005635716,0.011955852,0.010459986,0.00046582287,0.00054955255,0.000582205,0.957772,0.0013701518,0.0003724334,4.980376e-06,1.769056e-05,4.010961e-08,1.2428449e-06
1.0734542e-06,6.847703e-07,1.1211768e-06,0.0005165203,1.1998573e-05,0.0033416597,0.023944125,0.024453958,0.57473934,0.19129479,0.118993536,0.023739457,0.0030375496,0.002286544,3.2649645e-05,0.014958188,9.902734e-05,0.0006037415,0.01793336,4.7880526e-08,1.0621595e-05
8.924806e-07,1.352556e-06,1.3165445e-05,0.005078419,0.21952125,0.1931125,0.35395667,0.17689691,0.039957147,0.004394048,0.0052218493,0.0015561496,1.6555001e-05,0.0001736873,1.2160021e-07,7.5331285e-05,2.2689113e-05,8.9873986e-10,1.2696253e-06,1.9653887e-09,6.052088e-10
4.2316177e-08,6.299584e-09,5.1803153e-09,1.8594056e-06,0.0008478065,0.00015952159,0.10022275,0.35179836,0.22162098,0.00065592054,0.31025556,0.01441049,9.376476e-09,1.0236937e-07,1.2496648e-11,2.4698977e-05,1.8500522e-06,5.230246e-12,1.4694463e-11,7.8517656e-13,6.159862e-14
6.168502e-05,0.00028411043,0.12421522,0.50739944,0.29271117,0.05497625,0.0123719,0.003749231,0.002543156,0.00026962702,0.0012516517,4.1026924e-06,0.00015146112,8.0782104e-07,7.1525705e-09,2.112143e-06,6.8256004e-06,6.9396505e-10,1.1677093e-06,8.580728e-09,6.558816e-08
4.8384223e-05,2.1057946e-05,1.2295788e-05,0.023768377,0.00010314685,0.011135354,0.092717335,0.055869542,0.15051514,0.18879755,0.030507857,0.0074556544,0.0049284203,0.009283916,0.0008865392,0.010230937,0.411516,0.00021599619,0.0019471664,2.8940894e-07,3.905068e-05
1.081314e-06,1.1568353e-05,5.118679e-05,0.028551254,0.009449533,0.048734456,0.09190614,0.45683447,0.11650281,0.0331317,0.14916953,0.018933931,0.036743026,0.00030014498,0.0072054584,0.0018373007,0.0006035119,4.4350807e-07,3.0769257e-05,8.9668964e-07,7.694482e-07
4.3373726e-07,7.353323e-07,2.5240327e-06,0.0025751877,0.00032322662,0.008073786,0.041249104,0.08825757,0.027261937,0.26607224,0.11584153,0.05020801,0.08511288,0.0032547663,0.21109048,0.09144466,0.007608971,0.0014918981,9.7976976e-05,7.876414e-06,2.4196297e-05
6.562808e-08,2.0587954e-07,4.0660193e-08,0.0001475543,2.5288453e-05,0.12071814,0.23294231,0.13525857,0.26143703,0.23380564,0.0026197138,0.00015997404,0.0012021298,0.0020084404,0.0021477921,0.00033303493,0.007183486,4.2752514e-08,1.0572786e-05,4.1062087e-09,2.5077457e-08
6.437459e-08,1.436386e-06,1.1502243e-05,0.004964365,0.007842667,0.036225826,0.14676298,0.11982677,0.073469914,0.16913287,0.15304609,0.014980331,0.26534843,0.006428816,0.00015883749,0.0010754839,0.0007061315,1.3414214e-08,1.7382932e-05,4.788382e-08,1.4804659e-08
1.5355772e-06,4.5223663e-07,2.3534076e-06,8.9582325e-05,3.6107251e-06,0.0003458599,0.0036198676,0.003359645,0.015677989,0.0664829,0.012886637,0.017814634,0.016758526,0.007968909,0.0039144433,0.007646068,2.9535002e-05,0.005490284,0.8377981,2.5000375e-07,0.00010869066
1.8507726e-05,6.81285e-05,0.031213526,0.13087559,0.3522172,0.2381136,0.100651026,0.048397884,0.029278256,0.018301284,0.016593663,0.00028529647,0.033201363,7.614591e-05,1.2882505e-05,0.00036887813,0.0002906119,4.2976833e-07,3.3954933e-05,5.7847865e-07,1.2175219e-06
2.099809e-05,3.2132913e-05,0.005689824,0.16520375,0.14373073,0.6050234,0.036575038,0.018159993,0.0069005224,0.012794195,0.0045650746,4.290777e-05,0.0010187622,6.781816e-05,1.4211949e-05,3.5325716e-05,9.718349e-05,1.6631185e-06,2.6246338e-05,4.3942958e-08,2.6321132e-07
2.8790982e-05,0.000120776436,0.018475438,0.1610786,0.35378784,0.32721087,0.061648723,0.030308861,0.018796438,0.008804384,0.010253776,0.000107818174,0.009036534,2.7692691e-05,1.4567119e-05,9.9125486e-05,0.00018030028,1.7891907e-07,1.8203047e-05,2.6329587e-07,7.8352735e-07
7.863742e-07,7.937365e-06,0.0005734522,0.045677304,0.24501537,0.25693434,0.24777602,0.065393075,0.041268393,0.07129468,0.006938561,0.006252602,0.012401402,0.00034610566,1.6698407e-06,3.578683e-05,4.4756118e-05,7.276875e-10,3.761643e-05,8.696855e-08,2.0209448e-08
1.5876931e-06,9.302104e-06,0.00018742973,0.034503322,0.028481372,0.31083405,0.1863721,0.18382591,0.056915324,0.08158855,0.056545604,0.01137328,0.044196945,0.0001725834,0.0018082431,0.00222554,0.0009267842,4.9602563e-06,2.5043357e-05,8.2394354e-07,1.1901914e-06
4.3258344e-05,0.00010643861,0.022372173,0.50091726,0.24046539,0.10085371,0.07102153,0.036661636,0.010606956,0.008466003,0.0074432907,0.00019668866,0.00045038285,0.00012985658,1.9546488e-07,4.3120242e-05,1.593901e-05,2.4540248e-09,0.00020593176,5.5584366e-08,1.8555195e-07
3.1653744e-07,6.269928e-07,1.226463e-06,0.0034147517,0.0001561838,0.0043588164,0.101442724,0.15994409,0.108212,0.107653715,0.12577811,0.28424665,0.06048912,0.025364581,0.004089137,0.0062200166,0.0075039924,1.6890821e-05,0.0011052553,1.4571013e-06,3.8978573e-07
9.04293e-08,8.556842e-08,5.4365523e-07,0.006450337,0.00032958738,0.04310617,0.4557515,0.07763655,0.023405192,0.14237611,0.014611202,0.05429416,0.109033056,0.00015633198,0.009893674,0.05753154,0.0051685735,0.00024937183,2.4067394e-06,8.140834e-07,2.724536e-06
1.7913782e-05,0.0002761801,0.012117754,0.078287564,0.52924603,0.19726178,0.061664652,0.029059349,0.03423387,0.0039932975,0.039265186,0.00024753946,0.013978079,1.8880639e-05,1.0572953e-05,0.00017738757,0.00013505403,1.6617614e-08,7.852215e-06,2.390593e-07,7.725573e-07
0.0002829622,0.0009556717,0.24028584,0.38992834,0.25421238,0.06470426,0.020170355,0.012253461,0.010106762,0.0011917527,0.0041420166,2.93036e-05,0.0014142815,3.8853996e-05,1.461527e-07,0.00018096293,8.789307e-05,2.7209555e-08,1.2187932e-05,2.3257293e-07,2.351804e-06
1.3244859e-08,2.7423883e-07,9.1776064e-07,1.413556e-05,2.4615525e-05,0.0015558678,0.027190406,0.008665029,0.024902647,0.010968414,0.0935977,0.8167102,0.010674337,0.00082156237,0.0006432955,7.106264e-05,5.315493e-05,1.4436218e-07,6.608793e-07,0.004105625,1.1674371e-09
1.5332485e-05,2.9343479e-05,0.0024537547,0.07561483,0.0898388,0.6409328,0.07508103,0.03734697,0.015092807,0.04213361,0.008866721,0.00025992346,0.011050709,0.00014336873,0.00022560885,0.0004174666,0.00044876113,8.138844e-06,3.7839814e-05,3.1284858e-07,1.915849e-06
0.05162642,0.037901327,0.5500248,0.20573243,0.1024078,0.027991878,0.009062881,0.0056464006,0.0030604415,0.00051130453,0.0048041567,3.5250665e-05,0.00029397162,0.0002099371,2.8317938e-06,0.0003866608,0.0001472111,2.5938389e-06,0.00010223101,3.6617241e-06,4.5750676e-05
1.1868635e-07,1.5711896e-08,5.3776233e-08,1.6309369e-07,2.331254e-08,4.209372e-06,0.00026992595,0.00046500305,0.0016764794,0.0208563,0.0202437,0.0068096006,0.028658476,0.00075348787,0.005470335,0.91316223,0.00011313758,0.001377637,5.9341055e-06,3.3399897e-07,0.00013272741
1.0914376e-06,8.976465e-07,2.875319e-06,0.0018036935,0.00017158627,0.0022558763,0.021830581,0.032434747,0.06499129,0.056516115,0.018838903,0.004210589,0.008033728,0.015700316,0.0002902848,0.7637542,0.0008681056,3.3951554e-05,0.008259096,4.6077244e-07,1.6766631e-06
2.617912e-06,8.792359e-06,9.359038e-05,0.07360519,0.030710945,0.23312402,0.25915927,0.09807932,0.15633515,0.09972054,0.0375386,0.0014989533,0.0055072964,8.3666564e-05,4.9406244e-06,2.147043e-05,0.004495608,1.802129e-08,9.951994e-06,3.069755e-08,5.1148945e-08
8.6442225e-07,2.1001665e-06,1.0117847e-06,0.0016100765,3.1885684e-05,0.0011466604,0.06310536,0.11788776,0.13387407,0.055264395,0.08000844,0.35019442,0.044889137,0.087308496,0.047241524,0.0025919417,0.0066492227,0.0005051343,0.0076818126,2.7053015e-06,2.9803534e-06
1.7347702e-08,2.4552915e-07,3.012047e-07,0.0011057854,0.0012083641,0.32553124,0.30056128,0.12165253,0.12245626,0.10857987,0.0144553585,3.7643982e-05,0.0004703071,0.0038801804,4.2844185e-06,1.1538023e-06,3.9919127e-05,2.2873645e-12,1.5261037e-05,5.622775e-09,7.417825e-11
0.013545758,0.010985454,0.5597127,0.23392476,0.12515128,0.03250426,0.009242841,0.005975905,0.0036621555,0.0005264012,0.0039331913,1.9807148e-05,0.0002702428,0.00010866052,6.523179e-07,0.0002712978,9.068932e-05,6.7353966e-07,5.417037e-05,1.0343965e-06,1.810679e-05
7.196585e-08,8.419356e-09,7.2613164e-09,1.8910978e-07,5.714972e-06,2.3346287e-05,0.016843388,0.079053484,0.17953563,0.024247134,0.6433073,0.056079578,6.7611277e-06,5.144701e-07,6.1985105e-08,0.00056510227,0.000331702,1.5383383e-08,9.563768e-10,4.2862037e-11,2.319734e-11
0.029581882,0.044696424,0.4574376,0.30536997,0.109373264,0.032916274,0.0069011757,0.005088327,0.0032551826,0.0004973331,0.003806275,4.0269442e-05,0.0004238293,8.135574e-05,2.2430884e-06,0.00030289538,0.00014418924,1.1914715e-06,4.3409218e-05,3.7811621e-06,3.3154603e-05
0.028236376,0.13206838,0.27608305,0.30507097,0.09353204,0.0323675,0.035258412,0.019761784,0.009741931,0.0020320693,0.059912167,0.0022368766,0.0009539534,0.00044758315,9.102582e-06,0.0019729706,0.00011943008,5.852261e-07,0.00013903051,3.197442e-05,2.3813232e-05
6.266374e-06,2.796371e-06,7.2802973e-06,0.11237399,0.00046118398,0.027803129,0.17012228,0.07595583,0.27865124,0.21082006,0.082108416,0.0031104342,0.0007621135,0.0002686687,4.201996e-06,0.0038207783,0.03368646,8.455951e-07,3.3391334e-05,1.4249365e-08,6.494405e-07
2.3362426e-07,2.2202933e-06,1.093946e-05,0.0025167225,0.0029533599,0.027300019,0.096437015,0.102568015,0.072896846,0.272343,0.12595128,0.024101874,0.23245355,0.030685982,0.004989484,0.0014089812,0.0033000254,6.0949736e-07,7.9238e-05,5.153799e-07,1.12343514e-07
0.0005034618,0.00077923277,0.22142342,0.35595316,0.30541864,0.074074596,0.018835489,0.010347567,0.0064304,0.0014905221,0.003577891,2.3406796e-05,0.00091729447,4.0986914e-05,4.4022846e-07,7.9278696e-05,6.901161e-05,1.7417874e-07,3.1319247e-05,2.3513402e-07,3.4464495e-06
2.9123648e-05,0.00013592355,0.11699962,0.40047237,0.34008238,0.08823307,0.024769152,0.013963152,0.010324743,0.0011638704,0.001976177,1.9076944e-05,0.0017038245,9.212058e-06,2.3077522e-08,5.5791923e-05,6.0353537e-05,2.4475009e-09,1.8867363e-06,4.3503224e-08,1.6880598e-07
2.676067e-07,4.3992733e-07,7.4762335e-07,0.017706096,8.227897e-05,0.02169211,0.15600011,0.16813393,0.060163688,0.19928364,0.052311026,0.044234056,0.015799861,0.0005948918,0.22611557,0.036294296,0.0014755212,6.099777e-05,3.4212768e-05,4.4187755e-07,1.5767564e-05
4.8158647e-05,0.0020863628,0.05494546,0.34479237,0.44796687,0.11699592,0.014217697,0.00422556,0.009214847,0.00029360258,0.0041621877,2.2772587e-05,0.0010031365,1.0221735e-06,4.3913666e-08,1.1237569e-05,1.2029621e-05,3.1961278e-10,5.5631347e-07,5.522914e-08,9.5953226e-08
3.2366512e-07,1.406768e-07,1.5105212e-06,0.044128686,0.002848226,0.061374046,0.6929701,0.051914595,0.10667199,0.036646124,0.0031899929,4.5693538e-05,1.2204259e-06,3.32136e-07,1.4096594e-09,1.4927281e-06,0.00020551358,2.0006725e-10,2.2958247e-08,6.2068298e-12,2.834421e-10
1.6370052e-05,4.1034245e-06,2.2976707e-05,0.06595331,0.0052479072,0.04013552,0.46138927,0.17215039,0.15852961,0.0723911,0.02134476,0.001802894,1.4350331e-05,3.9358907e-05,1.00437155e-07,0.00024841577,0.00070690166,2.1255998e-07,2.4473986e-06,5.7635656e-09,3.7017365e-08
4.803757e-07,5.202418e-07,5.9598034e-07,0.00027858376,6.5284476e-06,0.00024627827,0.017649535,0.040136993,0.08671914,0.0978558,0.03781642,0.3250035,0.06377995,0.13534069,0.027398907,0.006935944,0.00073838927,0.0035030283,0.15658003,1.3319549e-06,7.370687e-06
1.07660775e-07,1.986077e-06,3.1571658e-06,0.00022889648,0.0008358922,0.107032456,0.21540016,0.17216432,0.05201895,0.23758006,0.098028444,0.05422532,0.029617056,0.004131299,0.027201591,0.00052653014,0.00095740694,1.0077631e-07,9.365924e-06,3.691511e-05,2.630856e-08
3.4223544e-07,2.970434e-07,8.125925e-07,0.001150211,5.2975887e-05,0.0041525853,0.043665472,0.13818854,0.10426374,0.2094561,0.08438765,0.1489153,0.10584848,0.08223887,0.036298607,0.022198739,0.003243736,0.00064849225,0.015285485,2.4764254e-06,1.1097907e-06
1.3536747e-06,1.1593268e-06,3.956393e-06,0.011138676,0.00021436722,0.017411185,0.14474098,0.1300766,0.12144096,0.18250033,0.13256381,0.20438743,0.024776867,0.0055105193,0.0037872596,0.0060208146,0.014789917,5.0821905e-05,0.0005797497,1.7020486e-06,1.5062213e-06
3.0755543e-09,3.2296024e-09,2.001935e-09,0.0014702606,1.6926965e-07,0.0012176781,0.008188809,0.01808085,0.014313036,0.018382877,0.00390394,0.00042078277,0.0002138842,0.00026743353,0.9319143,0.0015678427,4.527067e-05,1.4948064e-06,9.629071e-06,3.5744738e-10,1.8035295e-06
3.3929925e-07,1.8463547e-06,1.9532736e-06,0.000653279,0.0041150865,0.32702747,0.3339087,0.17649135,0.048243657,0.08945768,0.0085998755,0.0035246871,0.0011009523,0.0013869795,0.0033769312,0.00041565218,0.0016892798,6.649029e-08,3.8491025e-06,3.6140645e-07,2.6288005e-08
3.6812115e-05,0.00039902458,0.040880978,0.26734987,0.4009492,0.13736682,0.05777896,0.035363503,0.033937242,0.0024265721,0.005168639,0.00021094178,0.016317809,5.7881345e-05,2.890455e-07,0.000985227,0.0007650443,1.4189308e-08,3.6191368e-06,7.284087e-07,7.721359e-07
4.998758e-05,5.042083e-05,0.17992193,0.2797304,0.33357236,0.10970774,0.03899188,0.022590192,0.014538984,0.00674334,0.01057497,3.2365613e-05,0.003034165,0.00014844246,4.7656238e-07,0.00012287326,7.8182806e-05,1.5030663e-07,0.000110308334,6.349997e-08,7.95182e-07
0.0024063478,0.05629552,0.14832656,0.4598032,0.062827945,0.042471386,0.05805662,0.022846865,0.02553773,0.0044109686,0.06858296,0.03483987,0.012654063,0.0002996492,4.4244207e-06,0.0005739496,1.4615767e-05,3.56425e-08,1.5235071e-05,3.0780324e-05,1.2979667e-06
5.238413e-07,3.0010003e-06,1.1174328e-05,0.026918406,0.012704752,0.70008945,0.11395256,0.07637055,0.04934855,0.007470573,0.0119746,6.763236e-05,0.00036533267,9.101444e-06,0.00022905342,2.9348012e-05,0.00045490262,3.886645e-09,4.8362557e-07,1.1795297e-09,1.6856818e-08
2.8664542e-07,1.8254425e-06,4.4774173e-05,0.012256369,0.17727593,0.25875202,0.38836205,0.09486838,0.041747995,0.02100583,0.0028568346,0.002085023,0.0006105447,7.97029e-05,3.9982152e-07,2.2246057e-05,2.711483e-05,3.454965e-10,2.6036653e-06,7.773423e-09,2.5572107e-09
1.4953439e-06,8.356666e-06,3.7214286e-05,0.030687055,0.0115088755,0.09554317,0.19229563,0.18353711,0.10685039,0.17006424,0.13815753,0.007422632,0.046868782,0.0070854877,0.00031996524,0.0033069553,0.0062562306,1.8521001e-07,4.828966e-05,1.8078579e-07,2.6483647e-07
5.4725424e-06,1.3873731e-05,7.681809e-05,0.014451019,0.014778642,0.6732707,0.0527657,0.065347165,0.030435855,0.060761947,0.071808085,0.0014192542,0.0012639263,0.0037255771,0.0058244686,0.0025777258,0.0012337334,0.000122892,0.000115504714,3.1778188e-07,1.3096239e-06
1.0061024e-06,4.2956313e-07,5.948318e-07,0.00051538023,9.822354e-06,0.0015887436,0.017319191,0.029349886,0.6173988,0.14956206,0.15358506,0.008913992,0.000668725,0.0005576616,3.589718e-06,0.01866067,0.00038391098,8.5973894e-05,0.0013923252,1.45985375e-08,2.1976389e-06
5.821347e-08,1.2333103e-07,2.0442344e-07,0.009490383,0.00031419934,0.0758244,0.42385858,0.06916101,0.3778547,0.03677858,0.004218469,0.00010687678,0.00013170525,2.6795618e-05,7.980971e-07,3.900257e-07,0.002230035,6.6091443e-10,2.6622806e-06,4.6347044e-11,5.94736e-10
2.0929754e-06,7.4160783e-07,8.2509507e-07,1.6161958e-06,1.1854761e-06,0.00095558254,0.011337722,0.04161274,0.042402957,0.10057298,0.05850221,0.037332717,0.41748527,0.04209661,0.033317283,0.11853385,0.0011555026,0.09156875,0.0025463763,1.1921628e-06,0.00057189725
0.15439199,0.4193228,0.23989947,0.1378726,0.027302554,0.01088454,0.0026468826,0.0017860442,0.0011539176,0.00021166063,0.0035227137,7.884512e-05,0.0002902992,7.465568e-05,1.3719586e-05,0.00025820365,0.0001362167,5.051401e-06,5.108326e-05,2.8757171e-05,6.803632e-05
1.1411695e-05,4.12215e-06,2.817098e-06,0.00087789714,9.779921e-06,0.0011307637,0.02584735,0.03322138,0.32104826,0.15526934,0.02635478,0.024223844,0.03604639,0.024152638,0.0027892464,0.04039546,0.013474605,0.008656315,0.28638262,4.7545103e-07,0.00010048505
4.244649e-07,1.4368079e-06,6.236969e-07,0.00020445947,0.000118490265,0.001469385,0.039711438,0.0716259,0.152143,0.02946288,0.03290619,0.0047784904,0.0050372435,0.0045594717,0.0011848761,0.6549436,0.0017936616,3.262968e-06,5.4593205e-05,1.1383588e-07,5.265977e-07
8.56465e-07,1.8349878e-05,0.00045961665,0.057501875,0.1888477,0.215872,0.19297448,0.02826414,0.19132999,0.050782382,0.061946116,0.0013224877,0.010499551,3.5464927e-05,4.8692795e-07,1.1778675e-06,0.0001397675,8.5009735e-11,3.5574692e-06,1.4244178e-08,3.0874079e-09
7.0682415e-07,3.774196e-07,6.912445e-07,0.0008258569,0.008817855,0.026227316,0.36145252,0.19835538,0.3500449,0.0093399,0.03182463,0.008976079,4.4380763e-06,5.020406e-05,4.8633567e-08,0.0039406647,0.00013834168,9.84565e-09,8.967675e-08,1.0283254e-09,1.1668577e-09
2.2540142e-08,1.387278e-07,6.1452766e-07,1.6977749e-05,4.657929e-05,0.0014114889,0.06771491,0.014122165,0.043825205,0.14451483,0.1075722,0.39093518,0.10075286,0.07714171,0.009726824,0.004679024,0.009215025,9.766995e-06,0.00012272371,0.028191727,5.6970592e-08
1.6813132e-08,3.6036548e-07,2.512817e-05,0.0049461056,0.025459027,0.01789049,0.15130962,0.09088984,0.22681277,0.25135434,0.03438726,0.029009558,0.014129283,0.15033923,3.2659846e-06,0.00048114784,0.000114057635,1.856636e-09,0.0028484582,5.613192e-08,3.9075876e-09
1.1645659e-06,1.541903e-05,0.0008182805,0.033685185,0.28343064,0.25700292,0.18259518,0.057087887,0.0588773,0.07330866,0.04384295,0.0019957463,0.00719211,1.7779414e-05,8.547671e-07,1.6821085e-06,0.00012193936,1.7504601e-09,4.151558e-06,5.7927817e-08,6.748165e-09
0.37446234,0.5058263,0.09994555,0.010345076,0.0034072655,0.0017289014,0.00084021845,0.000599864,0.00027457505,7.316054e-05,0.0017015479,7.2323164e-05,9.05578e-05,5.732784e-05,5.6479927e-05,0.00026415384,8.4664636e-05,1.5486838e-05,4.0750394e-05,6.2415296e-05,5.1044004e-05
2.6882185e-06,2.1122123e-05,0.0035416973,0.08300147,0.08580778,0.12230502,0.17563361,0.1670438,0.100288086,0.18848519,0.031110551,0.007302147,0.021943972,0.0060345638,4.203583e-06,0.004793749,0.00012541338,8.535651e-09,0.0025526278,1.9822455e-06,3.3969027e-07
0.3366501,0.5283156,0.108113386,0.014637261,0.004696376,0.002396312,0.0010747983,0.00076662976,0.00036340998,8.832201e-05,0.0019565255,8.470483e-05,0.00011200836,7.521176e-05,5.4503827e-05,0.0002976945,0.00011139296,1.7211047e-05,5.0374736e-05,7.265185e-05,6.559655e-05
1.3123256e-06,7.0184865e-07,1.0346495e-07,0.003562459,9.656054e-07,0.0044755554,0.05038932,0.029502774,0.59582067,0.098451175,0.00516265,0.00048062933,0.11126232,0.03059047,0.0034611635,8.995464e-05,0.03212963,4.1576914e-06,0.03461326,6.550152e-09,8.15161e-07
5.972267e-05,0.00064012693,0.101720475,0.48574892,0.31458208,0.0718674,0.014261669,0.0046516056,0.0036689162,0.00035136426,0.001993151,1.0363377e-05,0.00042572958,1.0206411e-06,1.8832173e-08,5.2743053e-06,1.1023493e-05,8.62117e-10,9.956299e-07,2.6756421e-08,1.17086564e-07
5.3813386e-05,8.167532e-05,0.061542775,0.19103757,0.3430283,0.2242998,0.06468768,0.043889932,0.02243675,0.018256394,0.01183883,0.0001093705,0.017854808,0.00017622013,1.4202886e-05,0.00033290862,0.00027161674,1.182453e-06,8.325153e-05,4.0390552e-07,2.5449976e-06
1.8708622e-08,1.2289438e-08,9.5927915e-09,2.8401748e-06,1.619609e-08,0.00026123552,0.0023465804,0.00785006,0.6691486,0.25327715,0.0009995571,0.00014985651,0.0420555,0.0013950358,0.0066270516,0.007147301,0.0083203055,0.00030163693,8.662763e-05,6.4561116e-09,3.056022e-05
0.00025049737,9.395699e-05,0.21820879,0.3037628,0.31360498,0.115300275,0.020859132,0.012316128,0.006958468,0.0031792382,0.0045479806,9.495285e-06,0.00042684496,0.00021632737,2.531919e-07,4.9449427e-05,3.7839523e-05,4.274816e-07,0.0001761582,3.3240063e-08,8.726548e-07
0.04320144,0.042857934,0.1768631,0.20926528,0.2752501,0.08158954,0.03203411,0.02973208,0.018660972,0.009456671,0.04141741,0.0020764824,0.008031135,0.0141834235,0.00082052214,0.0056071654,0.004167635,0.0005735842,0.003167499,0.00024398285,0.0007999333
1.6673363e-05,1.4399494e-06,7.0634887e-06,0.0001083156,2.8090212e-06,0.0005579392,0.0030850347,0.0055497484,0.0053949524,0.07958888,0.022494676,0.026292125,0.032294933,0.15845561,0.0804576,0.051225666,9.195576e-06,0.073509164,0.43864334,5.7377605e-07,0.02230434
5.584442e-07,9.3887303e-07,2.9848936e-06,0.0007687343,0.062311564,0.2618955,0.4196927,0.1876251,0.047138266,0.007355559,0.0073993416,0.005427072,2.1623178e-05,0.00013704391,2.3634957e-06,0.0001356094,8.4799656e-05,5.640993e-09,2.485672e-07,5.7326894e-09,1.0709578e-09
1.0276154e-07,1.3027072e-07,2.4588616e-07,0.00023419266,2.5542502e-05,0.00064533786,0.01977906,0.07423869,0.11047242,0.123782754,0.0823073,0.15475745,0.05818604,0.24230805,0.095239714,0.014561114,0.0043964987,0.000683024,0.018380072,1.4886588e-06,7.5320924e-07
5.2684857e-07,3.6115e-07,5.1209263e-06,0.057421174,0.011645404,0.11660141,0.65030515,0.077773124,0.06572329,0.017011166,0.0033826318,2.9655306e-05,2.0147884e-06,5.087357e-07,2.0413014e-09,1.0207102e-06,9.740595e-05,9.853006e-11,2.5078581e-08,9.465622e-12,2.1447552e-10
2.433896e-06,2.5216781e-05,0.0031580182,0.07381525,0.22332399,0.20524478,0.15444656,0.1190184,0.016659927,0.074795045,0.08195259,0.0013442104,0.04611556,3.9987826e-05,2.5335319e-06,1.0978368e-05,3.8075515e-05,1.7625484e-09,6.386914e-06,6.4749635e-08,2.1804091e-08
4.0796613e-06,1.5165567e-06,5.501535e-06,0.024075998,0.0001025158,0.022111567,0.06357522,0.079477966,0.28747037,0.31305355,0.058252476,0.03957639,0.0018732463,0.0019115165,0.00018533759,0.10477688,0.0008230984,0.0002862036,0.0024289289,3.1390582e-07,7.2746698e-06
0.7926062,0.08488093,0.11295784,0.0019794642,0.0010341965,0.00024344561,0.00037334205,0.00036358388,0.00025922735,0.00010571462,0.004207264,0.00037697362,9.648053e-05,4.0651194e-05,0.00015618635,0.0002184652,2.7427155e-05,1.1265111e-05,6.8625845e-06,4.865784e-05,5.8268997e-06
0.00012303812,0.00018703444,0.19777262,0.36775744,0.3255431,0.073448196,0.017850744,0.008327729,0.005172013,0.0009923244,0.0022700902,7.955116e-06,0.00048179278,1.0600304e-05,5.999325e-08,1.894924e-05,2.6091535e-05,1.859887e-08,9.731098e-06,2.9738773e-08,4.485428e-07
1.1127003e-05,5.2930154e-06,1.029268e-05,0.006021365,4.7535625e-05,0.0042234804,0.063437924,0.054186337,0.22921363,0.18051314,0.08762408,0.12983076,0.03082539,0.016686106,0.007894135,0.08986791,0.0041624177,0.005862507,0.08941359,3.5763821e-06,0.000159371
1.0821596e-07,1.9602967e-07,2.7303898e-07,9.153448e-05,3.1033993e-05,0.00053989125,0.014721723,0.06596172,0.089472115,0.09847607,0.044086386,0.10558088,0.07616376,0.27187648,0.19921635,0.0044826968,0.01300202,0.0010540036,0.015237634,4.3639266e-06,7.3084067e-07
8.4606904e-07,2.4983972e-06,2.3327632e-06,0.0001229722,0.00016723508,0.0052908733,0.06476178,0.20570782,0.4001395,0.07280967,0.06238649,0.014268948,0.027551338,0.01660508,0.019355157,0.08871836,0.019457836,0.0022595143,0.00037191928,1.3912553e-05,5.8526653e-06
0.015971674,0.02007118,0.47214904,0.3044709,0.130334,0.034754574,0.008460815,0.005272799,0.0033079197,0.0005206739,0.003912984,2.6990847e-05,0.00032571526,6.8477755e-05,9.062256e-07,0.00019282251,9.4647316e-05,6.370319e-07,4.2376636e-05,1.5744845e-06,1.925982e-05
0.07404681,0.31052992,0.30316556,0.2390601,0.044410676,0.016938176,0.0032153793,0.0020963398,0.0017228543,0.00022415542,0.003752882,6.554049e-05,0.00034399563,4.2091855e-05,6.2523513e-06,0.0001910562,0.000102782535,1.4948096e-06,3.201935e-05,1.3442027e-05,3.8464095e-05
4.3985223e-05,0.00036483436,0.025694225,0.19025664,0.12303452,0.08208098,0.17714101,0.17781791,0.096079215,0.04130902,0.05450422,0.0046725874,0.0037102818,0.0026440504,1.0369729e-06,0.020206055,9.779862e-05,7.083804e-09,0.0003373068,3.724921e-06,5.8862105e-07
7.672415e-08,1.5581897e-08,4.2308592e-08,9.642239e-05,0.013187317,0.032979015,0.71380925,0.14914303,0.085723706,0.0025410398,0.0018435366,0.0006673333,3.9059852e-08,2.1570871e-07,1.02278755e-10,1.3738589e-06,7.54882e-06,6.796772e-12,4.3929033e-10,6.493518e-13,9.0091346e-13
1.2615264e-09,2.850505e-10,2.441058e-08,0.00010642168,4.4426746e-05,0.0061341724,0.014384727,0.00011397015,0.00048073754,0.005285129,0.00010239696,0.0045715077,0.00016521265,0.46833405,5.3850215e-07,4.780137e-05,1.6098766e-06,0.5002233,4.0404657e-06,2.8863345e-10,1.1910117e-08
2.6861616e-07,4.863217e-07,5.9585386e-07,1.275533e-07,1.4059074e-07,7.82954e-06,0.00065652694,0.0037496446,0.15611447,0.11380618,0.021684397,0.023924462,0.2733469,0.002452739,0.12507796,0.0015263862,1.6564105e-05,0.2769026,2.9808934e-05,1.931013e-07,0.0007017631
0.010898634,0.00545001,0.5946219,0.18983325,0.14077899,0.03207487,0.010720346,0.0064100674,0.003883563,0.00054966164,0.0038634746,1.4439435e-05,0.00021071608,0.00019768249,4.2773368e-07,0.00032628686,7.807068e-05,7.4080543e-07,7.237041e-05,5.719682e-07,1.3890733e-05
3.4708364e-08,7.97674e-08,2.0456913e-08,9.173133e-05,4.6905967e-05,0.03236449,0.0888958,0.17273948,0.06136816,0.055535994,0.009523789,0.0013266349,0.0023393498,0.0045062806,0.022671562,0.00033415464,0.54789495,1.6280411e-06,0.00035118434,7.664106e-06,3.2878454e-08
3.0065971e-06,1.2019332e-06,3.5005962e-06,0.005648668,2.5221343e-05,0.0052157356,0.06111878,0.052471403,0.22404642,0.20958342,0.13973023,0.17502894,0.019914487,0.005191119,0.003671429,0.062273614,0.0010564432,0.0017555133,0.033204813,7.4473166e-07,5.5381195e-05
0.006198531,0.07791578,0.13986543,0.40207797,0.07600898,0.03825254,0.07164218,0.040947825,0.03064065,0.004349446,0.07819504,0.025031172,0.003991276,0.0008082369,7.768839e-06,0.0038138141,9.367333e-05,2.7322594e-07,5.6027468e-05,9.702066e-05,6.3150346e-06
0.00020933589,0.0020516268,0.09591956,0.4637993,0.31807998,0.091427624,0.013842016,0.0058250185,0.004986547,0.00053295906,0.0024845635,1.6089918e-05,0.00077933347,2.7624642e-06,1.8574407e-07,1.3114949e-05,2.6687858e-05,5.4651923e-09,2.651058e-06,1.11857496e-07,5.5458753e-07
4.8952195e-05,0.0002011269,0.02399951,0.13947669,0.1870595,0.07823294,0.15050226,0.15099518,0.14132755,0.039728835,0.061966985,0.0012041103,0.00079180754,0.010860117,9.831454e-07,0.008786898,0.000193959,1.9767265e-08,0.004620733,6.198468e-07,1.1558406e-06
2.1204043e-07,4.1047645e-07,3.08974e-07,5.467268e-05,1.2870487e-05,0.006125658,0.047627907,0.10634823,0.587187,0.111929834,0.02967758,0.0052532544,0.01137911,0.005314089,0.020864854,0.023716604,0.042791616,0.0016184651,8.961288e-05,1.4350557e-06,6.295935e-06
1.856277e-06,2.2119764e-05,0.00013982746,0.052520663,0.10509218,0.48477626,0.11900166,0.060997304,0.14750548,0.0067118118,0.021179663,3.9889535e-05,0.0016560486,1.0232518e-05,6.86058e-05,3.277302e-05,0.00024232027,6.167282e-10,1.2499818e-06,2.8744394e-09,4.0461803e-08
4.9191334e-07,3.2727908e-06,9.696427e-05,0.0017788688,0.018525457,0.08245552,0.10477339,0.05768835,0.02257717,0.335152,0.1502686,0.013294314,0.21002309,0.0010749028,0.0013807232,8.91305e-05,0.00076013646,1.0277257e-06,5.34666e-05,3.0566246e-06,5.885621e-08
2.68484e-07,1.7916209e-06,4.0278196e-06,0.00046437353,0.008529085,0.038929332,0.085004374,0.18496385,0.18203247,0.11184644,0.04321611,0.035570435,0.011377676,0.24350424,0.03613889,0.0041473084,0.013862933,7.1191207e-06,0.00038953038,9.605732e-06,7.369951e-08
1.0204266e-06,8.984651e-06,0.00029279382,0.06247826,0.17562613,0.31221172,0.23614119,0.05061012,0.09914434,0.04963651,0.011964891,0.0003185622,0.0014081646,5.1144434e-06,1.367849e-07,4.745316e-07,0.00014983946,2.399756e-10,1.8433835e-06,3.855211e-09,3.306404e-09
9.279078e-06,3.8963626e-06,1.3692731e-05,0.009018977,0.00024901645,0.0047292705,0.027454488,0.0430414,0.11736837,0.08650781,0.036649268,0.007926234,0.0041097593,0.008454738,0.00030283243,0.64569354,0.0027124113,0.00016124404,0.005578414,1.482287e-06,1.381818e-05
1.0401578e-06,1.12884445e-05,0.0011686555,0.024026811,0.18500555,0.18898946,0.13018438,0.11391153,0.015384616,0.15549448,0.14944826,0.0035135404,0.032741036,4.2415944e-05,4.800898e-06,1.1269126e-05,5.245563e-05,6.007148e-09,8.211249e-06,1.8807802e-07,9.581012e-09
9.322005e-06,1.1010247e-05,1.5437477e-05,0.026408622,0.00070723065,0.02249435,0.13687158,0.13294943,0.19975981,0.10542836,0.18822637,0.043679036,0.02612576,0.029233765,0.004454435,0.033284985,0.048882507,5.075709e-05,0.0013957043,2.187463e-06,9.323491e-06
4.9912273e-06,2.427575e-06,2.8089767e-06,0.023959836,0.0008394522,0.07051582,0.5728753,0.054444537,0.13150823,0.12977572,0.0036292514,8.757559e-05,7.344459e-05,2.9853121e-05,1.0868877e-06,9.820781e-06,0.01223566,1.1056347e-08,4.1434955e-06,1.4956539e-10,3.441541e-08
1.9305133e-07,2.0431297e-09,9.915406e-09,3.1763957e-05,2.185797e-08,0.0030624892,0.0034121946,0.00560487,0.0051002684,0.017456658,0.029520778,0.3942889,0.004101465,0.17053837,0.04994977,0.11250885,6.1694735e-08,0.09999272,0.00016878858,2.4835428e-10,0.10426183
3.0098412e-05,0.00021468221,0.013309012,0.16967641,0.49548808,0.1982942,0.05194042,0.024661506,0.01635325,0.0033745922,0.022761991,9.2084025e-05,0.0036203656,1.7161143e-05,3.7304271e-06,5.023902e-05,0.00010366059,1.5258086e-08,7.965663e-06,7.4076134e-08,4.1442152e-07
0.0027204175,0.0015629351,0.5572299,0.2125985,0.161811,0.035460066,0.011692143,0.0070977593,0.005156727,0.00058538344,0.00341802,8.2178385e-06,0.00020057557,0.00011238428,9.5767895e-08,0.00025170067,5.225672e-05,1.6855174e-07,3.66873e-05,1.5671395e-07,4.9557616e-06
3.8735113e-08,6.9886534e-07,1.0737409e-05,0.0002851723,0.0024982288,0.008672102,0.052149534,0.029567828,0.020153001,0.071723014,0.13193008,0.028885446,0.64672416,0.004877814,0.0020363764,0.0001285213,0.0003427846,1.1165521e-07,1.34772345e-05,7.8256596e-07,1.4370274e-08
2.4160496e-05,2.3153038e-05,2.264214e-05,4.8810292e-05,5.1518236e-06,0.00016223971,0.0044902596,0.008218157,0.03759116,0.09210477,0.120235145,0.054173,0.077394605,0.04102665,0.10732395,0.0027511776,0.000841833,0.4164059,0.036128387,1.1228609e-06,0.0010277479
8.129315e-09,1.586465e-09,9.936502e-10,1.0438158e-06,1.8813415e-09,0.00013003289,0.0012271864,0.0035503344,0.38724682,0.072398566,0.024323829,0.00016786842,0.3517828,0.05183588,0.0017831172,0.011030707,0.09278661,0.00020130222,0.001518681,1.9693846e-06,1.3270667e-05
4.5999462e-07,2.4579474e-06,0.00019001808,0.038797308,0.340659,0.24663761,0.2757665,0.060833864,0.024224177,0.009799116,0.0022704394,0.00046746674,0.00031873505,2.0190999e-05,2.6373645e-08,4.036606e-06,7.1630525e-06,2.177933e-11,1.5009564e-06,1.0281737e-09,1.2014539e-09
1.0792778e-06,1.9982595e-05,0.0003874734,0.046616428,0.319905,0.23616971,0.1170641,0.056762706,0.15505798,0.0042483048,0.060514066,8.653289e-05,0.00297901,7.815847e-06,6.866738e-06,3.410493e-05,0.00013791106,1.8985823e-10,9.2751895e-07,4.588015e-09,1.7364366e-08
2.007335e-08,6.528245e-09,3.158855e-08,0.00022876528,5.8285095e-06,0.004115288,0.015009965,0.008278786,0.0036451889,0.07892424,0.025327843,0.043028202,0.0013659399,0.020732397,0.025698613,0.18144356,6.778275e-05,0.5920479,4.407125e-05,3.6916735e-08,3.5460707e-05
7.98312e-07,1.1894724e-06,1.9876115e-06,0.004587216,0.00020837842,0.016136762,0.10181038,0.14310402,0.10390589,0.1352044,0.19734076,0.06833524,0.048216645,0.06324731,0.032390516,0.007001959,0.077975884,3.131684e-05,0.0004967715,1.6601589e-06,9.95472e-07
4.865646e-07,3.7681918e-06,1.1546239e-05,0.03300154,0.007926855,0.52797717,0.15777375,0.1507934,0.07318498,0.018333333,0.02487233,0.0006851444,0.0015665503,2.698686e-05,0.0031875945,0.00017600093,0.0004761068,3.127357e-08,2.3644268e-06,8.912745e-09,9.2018816e-08
1.7378786e-06,1.5601207e-05,0.00045597064,0.038850475,0.08958551,0.31178755,0.19854224,0.15030883,0.071569026,0.04009824,0.059433244,0.0066189924,0.030914223,5.418688e-05,0.00030833305,0.0010002347,0.00044342838,5.845319e-07,1.06595935e-05,5.0096367e-07,4.828373e-07
1.29000555e-05,0.00013848275,0.009994134,0.047381874,0.2857977,0.1881082,0.11203759,0.07257621,0.07990492,0.019138038,0.026053157,0.001335848,0.15249188,0.0001322666,4.984585e-05,0.0035022625,0.0013153583,2.9029664e-07,2.2815326e-05,3.1931581e-06,3.1200873e-06
1.1546001e-06,6.874919e-07,1.5512844e-06,0.00052026456,2.6383417e-05,0.0039885715,0.027462048,0.03561952,0.45354035,0.2397754,0.08171749,0.012059132,0.01246097,0.0024091941,5.5034194e-05,0.07622536,0.000106608866,0.00026800024,0.05375794,6.7946196e-08,4.2832007e-06
1.42801e-10,1.1166014e-09,3.8634596e-10,2.2394627e-08,4.110565e-08,6.721964e-07,0.016589176,2.8575514e-05,0.0047095045,0.00048782016,0.011713229,0.93393004,0.00012632312,0.00016945528,5.297538e-07,1.5525913e-05,1.1306854e-05,0.00019809233,4.4053222e-10,0.03201974,7.771493e-12
5.210736e-08,9.9573015e-08,1.9030394e-06,0.0065594413,0.20102607,0.20251755,0.46962157,0.09134559,0.02737783,0.0006738518,0.00085172645,2.2096086e-05,3.0906543e-07,5.724629e-07,3.8377777e-11,5.554531e-07,8.166042e-07,1.3213046e-13,4.34309e-09,6.621852e-13,2.0658672e-12
0.62474793,0.26683456,0.09831755,0.0036632468,0.0014060937,0.00065139594,0.00046007344,0.00039161212,0.0002003625,0.00011724137,0.002216188,7.8125e-05,0.00012866416,5.5106415e-05,0.00021293409,0.00032320578,5.993885e-05,2.1313643e-05,4.05678e-05,4.142948e-05,3.240148e-05
9.718535e-09,1.7520296e-08,1.4325473e-08,4.220249e-09,2.1367132e-08,1.7685685e-06,0.0011950841,0.006549908,0.3516602,0.0852655,0.35560986,0.15814623,0.019578334,0.0004930221,0.0066090142,5.8407422e-05,2.1638266e-06,0.014828334,8.3204134e-07,6.2077374e-09,1.18876e-06
0.016041184,0.1708752,0.24450983,0.4351332,0.08752966,0.02770944,0.005168628,0.0027983177,0.0030202442,0.0002746509,0.0059922063,6.2439176e-05,0.0006820995,1.9806554e-05,2.300217e-06,9.0903064e-05,5.6963527e-05,1.5519707e-07,1.3871383e-05,4.3122695e-06,1.4551357e-05
1.8127519e-06,2.558169e-05,0.00057890016,0.033654813,0.22423762,0.29798135,0.13302249,0.09940425,0.09813819,0.008929296,0.09199831,0.00056586135,0.010842384,2.1852902e-05,8.5630294e-05,0.0002247942,0.00028333464,6.124707e-09,3.310569e-06,5.7557514e-08,1.1955403e-07
3.4634718e-06,7.7947e-06,0.00012703304,0.12369631,0.020818986,0.18414854,0.24359614,0.14826377,0.077026024,0.13166685,0.058702063,0.0013018235,0.0062612533,0.0005581408,2.7335664e-05,0.0005263636,0.0032450284,1.00370386e-07,2.2787544e-05,6.788414e-08,1.3478196e-07
1.8737501e-06,1.1656613e-06,1.9886972e-06,6.6661e-05,0.0007348094,0.0028028497,0.083798215,0.1427301,0.29095566,0.03290469,0.30402443,0.08361818,0.00021278833,0.00061482505,1.2561451e-05,0.056949414,0.00054159254,2.2237406e-05,5.6832473e-06,1.8858678e-07,7.416644e-08
4.2089417e-07,1.832072e-06,3.9589344e-05,0.0036334058,0.02139713,0.04286426,0.13847129,0.042840414,0.13962662,0.16228683,0.38199344,0.04661095,0.017874302,0.000285032,2.366557e-05,8.346985e-06,0.0020021219,5.095052e-08,3.853685e-05,1.7316389e-06,9.656798e-09
2.0030093e-09,1.92238e-10,9.150876e-10,9.8799224e-05,1.99743e-07,0.00013885992,0.010403298,0.0067503504,0.00077551766,0.07998177,0.044599116,0.10550313,0.0079602115,0.0009553897,0.042264286,0.68857837,0.00020380043,0.011753967,2.7293809e-06,3.801169e-08,3.0149367e-05
1.2869161e-05,9.8666e-06,2.9882742e-05,0.09529399,0.003204489,0.033384256,0.24314107,0.16135019,0.20229165,0.10530233,0.057646394,0.0017914254,0.00200321,0.002416212,8.104458e-06,0.078761965,0.013216735,9.284255e-07,0.00013319677,8.7736026e-08,1.135519e-06
1.0182885e-06,2.0706311e-06,4.1722838e-06,0.0008184008,0.013255262,0.013578291,0.19707659,0.2555483,0.36314952,0.013636172,0.04102537,0.0130699165,0.00031646364,0.0135752,2.4882918e-05,0.074245825,0.00055488874,2.80081e-06,0.00011450421,3.2507245e-07,4.217747e-08
6.4050903e-07,2.5488262e-07,4.1587478e-07,4.7822846e-06,2.9352817e-05,0.0003337406,0.029829098,0.06258031,0.26030964,0.0969547,0.47567335,0.068022,0.00027135195,8.4959414e-05,1.2321053e-05,0.0055606756,0.00030621834,2.439636e-05,1.749453e-06,3.2594155e-08,7.0722955e-08
9.1855685e-07,5.8227766e-07,8.225077e-07,0.0005487583,0.011474155,0.021058602,0.31817344,0.24166699,0.32101434,0.0075557446,0.053901654,0.01703517,6.355565e-06,8.151758e-05,1.0726658e-07,0.007336852,0.00014393614,1.15341345e-08,8.7597286e-08,2.3762476e-09,1.5581584e-09
0.0004834878,0.0012285734,0.22584385,0.4430626,0.24678087,0.054148585,0.013994553,0.0063901423,0.004290134,0.00058139424,0.0026812279,1.2820323e-05,0.00041967147,1.1349754e-05,9.9386774e-08,2.7403728e-05,3.1270203e-05,2.324308e-08,1.0332106e-05,1.08005416e-07,1.4449214e-06
2.984168e-08,1.3275141e-08,8.928535e-09,6.4714965e-07,5.9080946e-08,1.03434e-05,0.0020290513,0.010871738,0.25986874,0.074466,0.5930289,0.0056272442,0.044612207,0.0011342391,0.00023170284,0.0055195405,0.00057757826,0.00012730653,0.0018945972,1.3833679e-10,8.2498126e-08
8.658647e-06,4.683569e-06,8.425818e-06,9.3286435e-05,4.4116485e-05,0.002188296,0.02790425,0.031975083,0.28241444,0.14137259,0.19307432,0.058529135,0.083486296,0.011755501,0.0009187148,0.0099076135,0.00022499695,0.009888623,0.14617413,1.0973101e-06,2.5715668e-05
3.7864224e-06,2.6104983e-06,7.2310635e-05,0.0011789785,0.003668326,0.049179576,0.051922265,0.16876177,0.06769723,0.26471826,0.05263578,0.0007625325,0.0051059364,0.153405,0.008012173,0.00097633706,0.00625448,9.7302094e-05,0.16554448,7.331969e-07,1.7258922e-07
2.8947025e-07,2.8360746e-06,7.302901e-05,0.026551891,0.017246377,0.038505994,0.13855237,0.42825842,0.07024644,0.03667246,0.1180531,0.10713506,0.016841955,0.00015766342,7.895823e-05,0.0014536988,0.00015016334,9.669773e-07,1.7640896e-05,4.5352658e-07,2.2253292e-07
2.940099e-06,4.6603578e-05,0.008725475,0.06968252,0.45280546,0.33276683,0.07942579,0.014940347,0.026879035,0.0014266586,0.005784929,7.497356e-05,0.0073497193,1.5086664e-06,5.7233467e-07,2.3091907e-05,6.263433e-05,1.0017355e-09,7.3522455e-07,5.1217878e-08,3.1364326e-08
2.6797288e-06,1.0506275e-06,2.748118e-06,0.0005708087,0.018551923,0.029798087,0.32281297,0.28107983,0.23471084,0.010236267,0.061748695,0.03685362,1.2097361e-05,0.00043999022,4.725755e-07,0.0030416013,0.00013474292,4.848992e-07,1.0925027e-06,2.2467741e-08,3.233589e-09
5.6458657e-07,1.0624102e-05,0.0006484946,0.03364264,0.2572121,0.28901404,0.25127104,0.051102046,0.04189107,0.0461062,0.0077060005,0.007333897,0.013939779,8.8199835e-05,4.3030158e-07,1.2584253e-05,1.497086e-05,6.985842e-11,5.257647e-06,4.3012577e-08,5.5500395e-09
2.407858e-05,0.0015498656,0.027487276,0.21410054,0.090844825,0.14380169,0.1801748,0.045842234,0.03815102,0.011535948,0.05229829,0.15236856,0.041435957,0.00016474153,3.0711445e-07,0.0001916484,8.549205e-06,6.3621297e-10,7.394953e-06,1.2220527e-05,5.052292e-08
2.428008e-07,3.927217e-07,8.2967637e-07,0.0027225658,0.003089212,0.11013477,0.4094232,0.21716459,0.21476987,0.031078553,0.0054349094,0.0027245178,6.5593566e-05,0.00035051108,8.30641e-06,0.001675191,0.0013480552,2.5574687e-07,8.46231e-06,2.409774e-08,1.5059227e-08
3.1619727e-06,5.1116867e-06,1.1282842e-05,0.08080386,0.0032521219,0.16038598,0.30493152,0.078633785,0.21032853,0.09200187,0.035621136,0.00046362542,0.0010018129,0.00016260608,1.1027743e-05,5.543873e-05,0.032320958,1.9092035e-08,6.1150067e-06,3.0165266e-09,8.331221e-08
0.01112189,0.026195047,0.40949363,0.37116003,0.124098524,0.036233738,0.007821041,0.005036548,0.0035753709,0.00047388743,0.0039117103,3.632482e-05,0.00046868995,4.239728e-05,8.842564e-07,0.00018090515,0.00010468,3.443362e-07,2.5500512e-05,1.953184e-06,1.6878052e-05
1.3077255e-06,3.3313113e-06,9.3704984e-05,0.06776929,0.0133798085,0.1090922,0.17860255,0.14813612,0.073249504,0.31810966,0.067847915,0.0035103683,0.016913975,0.00039641617,3.088975e-05,0.0004881225,0.002313049,2.0492077e-07,6.133069e-05,1.6818298e-07,6.160365e-08
0.41543472,0.4911088,0.08117823,0.0060777445,0.0023130097,0.0011183785,0.0006113612,0.00042760905,0.0001584886,3.48659e-05,0.0010966754,4.1467505e-05,3.3911863e-05,3.579488e-05,2.9419927e-05,0.00016492898,4.611521e-05,7.3549677e-06,2.1249733e-05,3.4502187e-05,2.5303822e-05
8.928747e-06,7.815604e-06,2.6918136e-05,0.06960074,0.009484289,0.20783445,0.35881016,0.14885414,0.067154005,0.07570924,0.0454527,0.001008558,0.0005291652,0.00087803166,3.779125e-05,0.0006475576,0.013946846,1.7508583e-07,8.272197e-06,1.8073456e-08,1.9665539e-07
1.999566e-05,9.167235e-06,4.6565333e-06,0.003056576,0.00018744233,0.0034624345,0.0690347,0.10427077,0.18454875,0.090110086,0.030718854,0.0041284165,0.008723428,0.008874072,0.00014685057,0.21713431,0.27369016,6.0575687e-05,0.0018116737,2.3607447e-07,6.8004883e-06
3.837741e-09,5.1468916e-08,3.8385117e-08,1.5699334e-06,1.0377942e-06,2.4534529e-05,0.0007586231,0.0011326884,0.0071770223,0.0024156207,0.7990368,0.017829193,0.0052495347,0.0024345655,0.16387393,3.8047903e-05,1.2565511e-05,2.5203649e-08,7.119695e-07,1.3447774e-05,1.8470869e-10
4.4108147e-06,2.0946713e-05,8.563575e-05,0.03850859,0.025289023,0.41965666,0.18877241,0.057377525,0.09038781,0.1430615,0.0259294,0.000578613,0.0058964207,0.00048226144,0.00018237243,1.0941678e-05,0.003723038,9.064331e-09,3.2242602e-05,4.0179195e-08,8.13761e-08
2.2569779e-07,4.2281425e-07,1.0016927e-06,0.009048734,3.4009907e-05,0.004886377,0.019795494,0.10281385,0.098564014,0.12773821,0.21936393,0.03901982,0.0038505413,0.005698981,0.31868103,0.048983064,0.00019549188,0.00038851297,0.0008932973,1.1362628e-07,4.281244e-05
1.5898439e-06,4.566573e-06,4.734336e-06,1.8503672e-05,0.0074726846,0.0047472827,0.05029465,0.09132063,0.08043246,0.011234289,0.28391504,0.4451896,0.0007192084,0.0044204365,0.013816226,0.0017004152,0.004699386,4.5179527e-06,7.7275513e-07,2.8758718e-06,1.6968517e-08
6.7552883e-06,2.6424639e-06,2.9441335e-06,0.0045145922,7.034602e-05,0.006669635,0.05427371,0.10153855,0.5202214,0.17180836,0.09953151,0.033080004,0.00017172816,0.00062718365,3.6319989e-06,0.006210345,0.0008599602,0.00010953445,0.00029508787,9.261375e-08,1.9810534e-06
1.2976338e-06,2.3809214e-06,2.8677437e-06,0.00035001835,0.024324574,0.121905565,0.31238535,0.34750786,0.094724946,0.020407982,0.03409654,0.038829487,0.000107533735,0.0007167005,4.4725566e-05,0.0042222245,0.0003693706,6.749807e-08,4.4318804e-07,5.394066e-08,1.2029201e-08
2.8821773e-06,9.292078e-06,0.000108496504,0.08312218,0.029790996,0.3174288,0.29104784,0.107402444,0.06668226,0.06901679,0.028719395,0.00064816757,0.0034237741,0.000116325406,8.266145e-06,5.2029398e-05,0.0024150687,1.2081885e-08,4.8580305e-06,1.6576463e-08,5.6733114e-08
0.23262331,0.53971916,0.15952684,0.0446822,0.009778519,0.0052304617,0.0017995631,0.0012246192,0.000724796,0.0001809831,0.0031875942,0.00011149971,0.00031097486,9.3128016e-05,5.0103386e-05,0.00034559256,0.00015605261,1.5393822e-05,6.27025e-05,8.1084814e-05,9.545565e-05
1.3986879e-06,2.0184502e-06,2.9966402e-06,1.639917e-06,5.2586933e-05,0.00016345349,0.030207109,0.04891297,0.14769407,0.057289135,0.59955734,0.10014338,0.006757782,0.0005966628,0.00077351544,0.0047195847,0.0007455647,0.0023578708,1.806909e-05,2.3749317e-06,5.164575e-07
1.01318335e-07,4.9832383e-06,0.00012248926,0.002264073,0.026844336,0.02008037,0.060816437,0.014362705,0.054453928,0.013485591,0.65802383,0.077020735,0.07215076,0.00031059995,8.481836e-06,1.374319e-05,3.4872835e-05,7.3709455e-10,1.1124347e-06,8.4419185e-07,1.2560326e-09
3.0730476e-05,4.7383157e-05,0.05016852,0.3958287,0.3721576,0.09674675,0.032252584,0.027025085,0.01529055,0.0030807445,0.0023744283,2.1522841e-05,0.004250678,9.48065e-05,7.7438195e-08,0.0003309211,0.00029475597,1.839764e-08,3.8020262e-06,3.9275367e-08,3.1921468e-07
1.217711e-05,4.7172866e-06,4.3345594e-06,0.008250777,3.691318e-05,0.0039521325,0.07092313,0.061531756,0.40610316,0.17384435,0.07492537,0.042349458,0.019714575,0.011431917,0.0009481224,0.069640115,0.019122824,0.00095370645,0.0362011,5.4765314e-07,4.8753845e-05
9.469597e-05,0.0012196222,0.04088153,0.25698075,0.14468868,0.080513425,0.16924891,0.123279616,0.07043462,0.023321016,0.0635546,0.011527474,0.0064445557,0.0011476625,1.0798789e-06,0.006419613,7.5213844e-05,1.0705017e-08,0.00015892398,7.1252234e-06,8.564276e-07
3.2241746e-07,2.3354419e-06,2.775668e-06,0.002051619,0.008976376,0.07116603,0.29414937,0.29225567,0.18001229,0.042888246,0.027887585,0.014994553,0.0022719924,0.003950809,0.00020712499,0.058553237,0.0006207779,8.545021e-08,8.512739e-06,2.0969104e-07,6.9921306e-08
6.2722575e-07,1.5131228e-07,1.7434695e-07,5.447803e-06,0.0001901353,0.00038842496,0.051447302,0.142657,0.18748046,0.012741413,0.45179665,0.1520657,9.497649e-06,3.4212753e-05,1.728169e-07,0.0011229153,5.8776037e-05,7.4853057e-07,1.2328483e-07,5.314861e-09,8.8423685e-10
1.1919776e-06,4.5194065e-07,1.6981113e-06,0.00074456877,0.0472063,0.055134416,0.38716865,0.3043587,0.15828389,0.0047040363,0.02939301,0.0123814875,2.3652938e-06,0.00010194659,4.3754135e-08,0.0004778941,3.925342e-05,1.0114475e-08,1.4735411e-07,1.2971293e-09,2.908786e-10
7.7655926e-07,1.5381609e-06,6.124023e-06,0.0015692346,0.0004819295,0.009702082,0.061414484,0.097573645,0.05696147,0.32583046,0.09462738,0.033075146,0.13346562,0.07464581,0.091222614,0.009221947,0.008071251,0.00017149822,0.001947686,8.206345e-06,1.1238324e-06
5.470422e-06,5.6286368e-05,0.008836144,0.054336194,0.44120985,0.23768891,0.113812596,0.040386863,0.041709352,0.006634113,0.024912393,0.00046253935,0.029514408,1.3617079e-05,8.64396e-06,0.0002162811,0.00018955406,3.0601267e-08,6.0764464e-06,3.4917448e-07,2.977081e-07
1.5762627e-06,9.092131e-08,4.1172243e-07,0.00011567962,4.9085264e-07,0.00024193172,0.008111943,0.01247523,0.020434914,0.10335634,0.113726795,0.08321887,0.024217743,0.044831343,0.16000634,0.14893022,4.94254e-05,0.1598781,0.10710564,1.8179867e-07,0.013296712
6.4848007e-07,7.365041e-08,1.05375456e-07,1.296005e-06,2.9282997e-05,0.00012910705,0.04262145,0.10077174,0.23798285,0.06781117,0.34095454,0.20871907,4.6596375e-05,3.388234e-06,1.2231854e-06,0.00047776732,0.00044913663,4.3440423e-07,2.56907e-08,1.9699686e-09,8.8243374e-10
1.2394646e-05,6.0340694e-06,9.09274e-07,0.004043957,1.1630396e-05,0.0013587667,0.051198583,0.13163039,0.38566318,0.0920275,0.025790269,0.032000236,0.03849674,0.07205476,0.0025067127,0.00506137,0.124346584,0.000936788,0.032836497,1.7704072e-07,1.644622e-05
2.1911228e-05,4.2936368e-05,0.034032494,0.2149567,0.35520187,0.14188312,0.09130644,0.05775183,0.03410106,0.016858736,0.007536257,0.00016038565,0.04318139,0.00034224204,1.899657e-06,0.001563375,0.0010300993,2.5194956e-07,2.5401741e-05,3.0305767e-07,1.3329567e-06
2.6672542e-06,1.056557e-06,2.3742716e-06,0.0002372011,0.010423575,0.021279428,0.29694837,0.26330242,0.1937201,0.019669335,0.08457921,0.10413221,3.3184624e-05,0.00025484004,1.832948e-06,0.005144806,0.0002664389,5.1675187e-07,3.8977245e-07,4.1925112e-08,7.1465682e-09
2.9972293e-07,1.0762204e-09,1.9098783e-08,7.928526e-06,2.360752e-08,2.4927655e-05,0.0003168528,0.0014514113,0.00037432602,0.008559976,0.04148354,0.0038301349,0.0106644165,0.022920089,0.022799343,0.77676123,2.0702093e-06,0.009617923,0.0046636327,4.439954e-09,0.09652185
6.430671e-06,4.2486776e-05,0.009723248,0.064430445,0.3071781,0.24642712,0.14812924,0.06239717,0.04419986,0.01816146,0.020617938,0.0007157494,0.07680568,4.6230194e-05,2.6484748e-05,0.0005936924,0.000481749,2.2424622e-07,1.521605e-05,8.068704e-07,6.598472e-07
0.0003628306,0.00015553384,0.1413859,0.33539644,0.34207484,0.06247488,0.033794615,0.035105173,0.027450819,0.0041567646,0.008317672,2.573379e-05,0.0023173227,0.0027704162,2.6291866e-07,0.0035655638,0.0005503696,3.6386905e-07,8.956571e-05,1.5740129e-07,4.7927606e-06
1.247514e-05,0.00028806223,0.016921664,0.100792296,0.52738434,0.24797256,0.05198702,0.013736388,0.023236211,0.0015391717,0.0091526,9.3827504e-05,0.006757723,3.500336e-06,1.1297634e-06,6.283483e-05,5.605406e-05,3.2421557e-09,1.7470305e-06,1.4086513e-07,2.0056402e-07
3.2518003e-08,1.325318e-08,8.977339e-09,1.2560102e-07,3.058063e-06,2.7287948e-05,0.012821272,0.05562274,0.14539438,0.008933972,0.7274734,0.04955667,8.12625e-06,1.1509662e-05,1.01929885e-07,0.0001384684,7.3863157e-06,1.3926938e-06,5.7213434e-08,4.5709236e-10,2.1842113e-10
9.126083e-06,1.9276466e-05,0.009911453,0.07780492,0.23881888,0.20509697,0.15134996,0.072638206,0.036444873,0.028639864,0.0089206,0.0003442621,0.16629387,0.00021988178,2.2711929e-05,0.0018580289,0.0015798714,9.0047325e-07,2.4322277e-05,6.4584236e-07,1.3259738e-06
2.9371326e-05,1.4980818e-05,3.4721186e-06,0.00039429226,3.3732933e-06,0.0005237743,0.009575924,0.019731188,0.10271731,0.091237895,0.0048875385,0.054281775,0.06582499,0.0823374,0.036515072,0.0051174527,0.009017087,0.20630294,0.31111813,1.2234025e-06,0.00036484093
3.3970118e-06,1.2913692e-05,8.920369e-05,0.032151416,0.03967005,0.69397223,0.073880605,0.07525153,0.028998418,0.019168114,0.034443274,0.0003805861,0.0007512604,0.000101802725,0.00036662247,0.00031851893,0.00043348907,4.0723788e-07,5.912195e-06,4.0142673e-08,1.7623556e-07
2.4246133e-06,1.8106919e-05,0.0012759172,0.1428888,0.2237774,0.27543035,0.23123926,0.06228965,0.019038208,0.01689697,0.016438058,0.000209305,0.010422906,1.7848923e-05,2.8603398e-07,3.7802986e-06,4.9785598e-05,1.2303113e-10,8.6825884e-07,2.8666722e-09,1.08921085e-08
5.761535e-07,2.6497248e-06,1.0220804e-06,0.00022005635,0.00014959973,0.013165236,0.098776504,0.3697084,0.2775663,0.06805408,0.048229273,0.008170163,0.037263077,0.013492652,0.011305383,0.026112113,0.027502313,6.524324e-05,0.00020112631,1.1641514e-05,2.5488716e-06
8.669059e-08,1.6942047e-07,3.9189494e-08,1.7966067e-07,1.4825442e-06,0.0012575305,0.015604035,0.05495704,0.60935193,0.019587997,0.07624972,0.028375803,0.037953343,0.003717106,0.00024807578,0.00037577742,4.5648052e-05,0.1505693,0.0017039238,4.621722e-08,7.018856e-07
2.6499137e-08,7.5807227e-10,2.1195152e-09,1.097068e-05,2.899263e-08,0.00018161486,0.008016923,0.026371304,0.008665912,0.056404594,0.22154394,0.4625582,0.03575914,0.027203703,0.05357547,0.06314219,1.14191525e-05,0.018958794,0.016878864,4.602067e-09,0.0007169258
0.29950914,0.52186847,0.13111435,0.029323664,0.008071218,0.003799774,0.0015554451,0.0010136322,0.0004965531,0.00011227778,0.0021906768,8.11005e-05,0.00013082025,8.750577e-05,3.4317e-05,0.0002754136,0.00013246322,1.3573873e-05,5.6412468e-05,6.0263144e-05,7.295709e-05
1.3985358e-07,1.3520815e-06,0.00015726255,0.031978153,0.16440569,0.24175695,0.19361898,0.085417695,0.079705834,0.18382692,0.0061159814,0.0065484196,0.0061225495,0.00013362402,9.566295e-07,1.12340595e-05,6.2367144e-05,4.808907e-10,0.00013520829,6.081449e-07,2.350435e-09
3.9606894e-07,1.540827e-06,1.3908453e-06,0.044932388,0.00067663786,0.19050838,0.11631506,0.305072,0.15372479,0.04250152,0.08246493,0.005434574,0.0010037379,0.000388908,0.053195,0.003085017,0.00067991216,8.4655466e-07,1.2238945e-05,2.1647214e-08,7.032039e-07
2.5186935e-07,1.1681516e-06,1.1688192e-06,0.00037743567,0.00043648598,0.0044082263,0.07228874,0.20816903,0.19969471,0.042524397,0.04901272,0.012719456,0.0113164205,0.012735121,0.0012602059,0.3829676,0.0016658158,1.8033092e-05,0.00040000895,2.021039e-06,1.0316533e-06
2.1971362e-06,3.830984e-05,0.005283951,0.04575177,0.4630499,0.28251144,0.10383588,0.02404118,0.043724794,0.0023889344,0.014447682,0.0002572196,0.0144973,3.4592153e-06,1.7499617e-06,6.339459e-05,9.951458e-05,2.2498479e-09,1.1567521e-06,1.1480409e-07,4.798822e-08
2.3125854e-07,8.252783e-07,2.2643517e-06,0.00079329463,0.13322425,0.30783015,0.3007866,0.21930848,0.027323524,0.0030833813,0.005208466,0.0022959001,1.6192464e-05,6.7609086e-05,2.8557272e-07,4.370102e-05,1.4757249e-05,5.5802998e-11,3.9551676e-08,4.5745951e-10,1.7407475e-10
1.7473259e-07,1.5085554e-06,2.652087e-05,0.0022774222,0.0077176415,0.019459663,0.13340436,0.057795525,0.060184296,0.08422919,0.25344214,0.15730429,0.22196105,0.0008694213,7.237942e-05,6.704506e-05,0.0011626998,5.1697178e-08,2.23715e-05,2.1759108e-06,1.2428095e-08
8.055378e-07,1.029638e-05,0.00035114225,0.038995452,0.1217042,0.22745721,0.21377513,0.19005856,0.1057743,0.013748254,0.07060831,0.003602001,0.01328679,2.2687138e-05,7.520242e-05,0.00029475344,0.00023151134,2.6159082e-08,3.1411864e-06,1.1978392e-07,9.098056e-08
0.00017359754,0.0008239225,0.18134372,0.48534933,0.24401267,0.064929694,0.011117173,0.0057237176,0.0040718936,0.00041725422,0.0015554264,8.186178e-06,0.00042161706,3.6604006e-06,2.4044422e-08,2.1773752e-05,2.4163024e-05,2.9547103e-09,1.8248976e-06,4.5353065e-08,3.5985911e-07
4.5215415e-07,6.866352e-07,6.6343813e-07,2.5712293e-06,6.9222347e-06,0.00027167852,0.0109959645,0.032531656,0.10436469,0.07798177,0.08149498,0.06506112,0.24437597,0.007402758,0.054011684,0.020089423,0.19742577,0.10362074,0.00029931605,3.288673e-05,2.8364168e-05
2.1049289e-08,4.4477787e-08,6.588356e-07,0.012055797,0.00038055322,0.09370956,0.5340724,0.051842447,0.0208841,0.05358446,0.0048941416,0.21662152,0.01049635,2.3056242e-05,0.00021979689,0.0008147764,0.00035378046,4.5948767e-05,4.6627284e-07,8.709341e-08,7.4619514e-08
6.6789234e-08,4.670279e-07,1.462402e-07,0.00026243753,0.00035626514,0.16158453,0.21780068,0.4101651,0.060273275,0.08105567,0.013904942,0.001383068,0.0034864796,0.00811743,0.005024281,0.00019891067,0.036327984,7.160056e-08,5.637936e-05,1.7299119e-06,1.4709601e-08
3.1550833e-06,2.1355181e-06,4.524196e-06,0.00021367171,0.0009818602,0.008423945,0.109443486,0.1469771,0.26095083,0.085054524,0.110170655,0.059472557,0.0007779096,0.0012179054,0.00016173508,0.21442656,0.0016727262,3.4184817e-05,9.311641e-06,5.96996e-07,6.391798e-07
1.5030235e-05,0.00018649163,0.0029859613,0.10738206,0.3391629,0.42037123,0.06418411,0.016659243,0.03680474,0.0025584442,0.00801003,2.6326637e-05,0.0015172532,3.836189e-06,7.2014827e-06,1.9019306e-05,0.00010415435,2.6856377e-09,1.8087328e-06,2.5233817e-08,1.437088e-07
7.099173e-07,2.8237978e-06,3.953356e-06,0.033643797,0.002423457,0.55334634,0.10971241,0.15116565,0.07033691,0.030221598,0.032290734,0.001232284,0.00078235747,0.0001250324,0.013093248,0.0007519895,0.0008607139,3.5362353e-07,5.3558583e-06,1.605956e-08,2.7185882e-07
2.4626893e-06,7.061482e-08,3.2354822e-07,4.611384e-05,5.7374655e-07,0.00011092206,0.0042325566,0.0148205515,0.006967809,0.06023792,0.09753823,0.08195374,0.11033909,0.16160432,0.05085303,0.2365471,9.400986e-05,0.080052465,0.086428046,6.296436e-07,0.008170045
1.2002258e-07,5.633444e-07,2.5034473e-05,0.0012648081,0.0017667754,0.03009597,0.109842665,0.038017318,0.040274624,0.50067544,0.010531257,0.115664504,0.13794664,0.005356066,0.0006540765,0.0041872812,0.0013709409,2.9687016e-07,0.0011125542,0.0012130162,8.548751e-08
0.0005080153,0.0020856094,0.22494058,0.44136465,0.2323845,0.0626078,0.015279224,0.008822199,0.0066877096,0.0008234276,0.0031998167,2.8393395e-05,0.0010508368,2.1088106e-05,1.69359e-07,0.00011189844,7.2545736e-05,2.998552e-08,8.485756e-06,3.100987e-07,2.6375083e-06
9.578416e-05,0.00095782336,0.05823206,0.39731452,0.41154754,0.09195632,0.020779174,0.006781455,0.006315055,0.0006414701,0.004431151,2.1332446e-05,0.00088482944,2.922613e-06,1.6279787e-07,9.275671e-06,2.5820187e-05,3.6037808e-09,2.8197078e-06,5.5120655e-08,3.2849402e-07
1.4139991e-06,6.400938e-07,1.8284587e-06,0.00052990444,0.02713143,0.043131065,0.3941974,0.27674243,0.18145594,0.008755307,0.038257,0.02806197,7.6939305e-06,0.00014096273,1.9392353e-07,0.0014931989,9.13781e-05,4.088722e-08,2.0352802e-07,5.3037756e-09,1.2423953e-09
7.011251e-07,1.7335052e-06,3.1458349e-06,0.0006790527,0.005052458,0.1798664,0.31034458,0.2615551,0.14458255,0.053743914,0.020608898,0.008736777,0.0005299348,0.0031115718,0.0021976857,0.0031980867,0.0057417597,1.1778169e-05,3.264776e-05,1.1826619e-06,9.175245e-08
4.3845535e-08,9.85672e-07,3.381429e-06,0.00011469294,0.0013772108,0.035302855,0.10405662,0.11714176,0.059839655,0.21116005,0.11691186,0.27186996,0.05254638,0.006170074,0.022267219,0.0005724107,0.00062916346,1.00425275e-07,8.222348e-06,2.7436487e-05,1.3219595e-08
3.170592e-08,2.469553e-07,1.657035e-06,2.8061017e-05,0.00013588878,0.0010405327,0.07994022,0.009519286,0.06230533,0.03641353,0.07923848,0.17106162,0.017080143,0.5032813,2.4751434e-05,0.03512565,0.004604744,7.862472e-07,2.3073691e-05,0.00017462015,1.9148773e-08
2.01703e-06,3.44334e-06,6.913519e-06,0.0009804067,0.0020595351,0.02310758,0.14557646,0.21222523,0.26161164,0.04780004,0.05141576,0.01799056,0.001670641,0.0045231087,0.00037243887,0.22849694,0.0020310467,4.5542798e-05,7.727213e-05,2.017834e-06,1.4574167e-06
2.51838e-07,2.8552378e-08,7.154216e-08,3.6943497e-06,8.615459e-07,0.009998766,0.024438154,0.13263373,0.05069175,0.031021575,0.014233023,0.08769714,0.052109227,0.06484657,0.041031674,0.40969026,0.00011028015,0.08010757,0.00034916468,1.2296404e-07,0.0010361486
1.3846909e-07,2.0409423e-07,3.0207777e-06,0.009083491,0.0075273397,0.07524199,0.25653425,0.046859752,0.3912611,0.16566524,0.04449769,0.0019211979,0.00028765577,1.9044768e-05,5.450486e-07,2.3086692e-07,0.0010788012,4.026682e-09,1.8368455e-05,7.471882e-09,7.3000717e-10
1.278048e-06,1.4238952e-07,2.3591828e-07,3.3743272e-05,0.00010095067,0.0016733388,0.07924798,0.11807097,0.5067959,0.102228686,0.1335805,0.05260092,5.281102e-05,2.8245766e-05,1.1780894e-06,0.0042243097,0.0013574018,1.088759e-06,3.8596153e-07,3.5356837e-09,1.6928432e-08
4.161735e-09,6.42236e-08,1.2505677e-07,5.105047e-06,5.535532e-05,8.1508e-05,0.017150955,0.0035410698,0.016731115,0.001208496,0.3991163,0.55294645,0.0046091266,0.00300329,3.2213084e-05,4.3229662e-05,0.0013992013,6.852079e-07,1.2203665e-07,7.561976e-05,3.942858e-10
7.352467e-08,2.1817762e-07,9.42449e-08,0.011086085,8.323579e-05,0.09461578,0.117391765,0.18446472,0.5062503,0.03244897,0.04500466,0.0002589297,9.076892e-05,0.00015808383,0.0056196707,0.0012421492,0.0012834579,2.1585665e-08,9.577275e-07,1.8385761e-10,4.3201826e-08
9.373437e-07,9.973239e-06,0.0017388581,0.06370615,0.07018851,0.106755815,0.18479891,0.13623561,0.109289676,0.24358094,0.026665099,0.010959789,0.03149616,0.008081218,3.6309702e-06,0.0023997442,0.00010913677,5.6662124e-09,0.003978449,1.237603e-06,1.726399e-07
0.011758648,0.024642969,0.3757144,0.3778751,0.14448014,0.039373465,0.0098105455,0.0058317697,0.003920174,0.00065466564,0.0048084306,4.948332e-05,0.00064897037,6.217535e-05,1.6712858e-06,0.00017075303,0.00012384825,6.629371e-07,4.4648e-05,2.7144415e-06,2.4690782e-05
8.809448e-05,0.002067827,0.036083546,0.4400813,0.28205776,0.08522111,0.057605445,0.04845104,0.00756635,0.00465329,0.034632232,0.0003102206,0.0011674289,1.9900351e-06,5.8648286e-08,2.1964331e-06,9.130395e-06,3.3247832e-10,8.9730247e-07,3.6543717e-08,4.09424e-08
2.5636117e-08,3.7198518e-08,9.357554e-09,5.2306386e-05,4.162449e-05,0.03734807,0.039928082,0.12384683,0.78123003,0.00809287,0.0054415073,0.0027599433,9.108298e-06,0.00034146258,4.943393e-07,0.0007193995,8.368467e-05,5.542624e-05,4.902903e-05,1.231872e-09,4.67067e-09
7.805088e-06,3.2776938e-06,5.621778e-06,0.0038769674,7.1498114e-05,0.004098056,0.035401464,0.040284853,0.46929613,0.25766698,0.1215149,0.010157844,0.0012013824,0.0007992338,1.13737215e-05,0.051428743,0.0017604873,0.00012743329,0.0022770322,1.4598591e-07,8.742219e-06
5.329445e-06,2.0220587e-05,0.005913008,0.3393365,0.15468821,0.13884304,0.12991321,0.07834275,0.046666056,0.08150557,0.013699503,0.0006684399,0.0024633694,0.0025339113,1.046902e-06,0.00024385173,6.294289e-05,5.6821654e-09,0.0050927307,1.2147372e-07,1.8051387e-07
2.9957434e-07,8.06014e-07,9.4706644e-07,0.000842598,0.004525138,0.17191744,0.46522743,0.19166453,0.11649256,0.034118515,0.008640682,0.0031709315,0.00013009144,0.00038520058,3.079755e-05,0.0021150915,0.0007362297,1.3591313e-08,6.0675353e-07,9.838704e-09,1.1756447e-08
9.171478e-08,7.217763e-08,1.4874234e-07,0.00025960233,5.016147e-06,0.0005719103,0.015600272,0.034433607,0.16772933,0.1893236,0.09628473,0.052111987,0.04598368,0.009183497,0.00019965513,0.024014588,4.3211898e-05,5.936137e-05,0.36419457,8.738588e-09,1.0349213e-06
0.00045506808,0.0007360929,0.27861285,0.38602442,0.24952006,0.05683233,0.012885129,0.007060281,0.0046006427,0.00062473305,0.0021624353,8.120361e-06,0.0003737796,1.570285e-05,6.324927e-08,4.2185467e-05,3.4983157e-05,2.4635218e-08,9.798164e-06,6.7890156e-08,1.2563016e-06
6.1571046e-07,1.8840623e-05,0.002435056,0.094643295,0.28938386,0.17415345,0.21149951,0.05183258,0.02071162,0.02023261,0.039077666,0.0015244675,0.09445114,1.5315361e-05,1.3553745e-07,5.5721844e-06,1.3442693e-05,5.5260074e-11,8.184391e-07,8.648835e-09,5.6176623e-09
1.2560604e-06,1.4783342e-05,0.00031960092,0.07332083,0.15161549,0.35201448,0.23047101,0.038520776,0.094706155,0.040011954,0.014725936,0.00033158908,0.0036908113,1.1788746e-05,2.924222e-07,9.272621e-07,0.00024068511,1.2711548e-10,1.6409509e-06,3.8619574e-09,5.132536e-09
1.352873e-06,4.5939923e-06,9.805257e-06,0.00014492344,0.0014771451,0.0017777189,0.013226466,0.033421986,0.05912134,0.046413507,0.11178664,0.048446093,0.039651938,0.4520176,0.1397839,0.0035375932,0.047837175,0.0002684607,0.0010597048,1.0856348e-05,1.1924122e-06
5.201084e-07,8.823139e-06,0.0009954401,0.027674103,0.19582693,0.21510981,0.1999489,0.071039304,0.025410296,0.07937028,0.06829854,0.003347291,0.11283452,4.6230205e-05,2.2534743e-06,9.481458e-06,7.352052e-05,1.2353139e-09,3.5958462e-06,6.48177e-08,7.3262307e-09
8.71137e-06,1.2208873e-05,4.4578886e-05,0.04511234,0.0038365761,0.059276804,0.14060237,0.14991595,0.124061525,0.17741342,0.19298363,0.0145078935,0.024465732,0.014657976,0.0019798242,0.021152342,0.029671917,9.512162e-06,0.00028209205,1.4725526e-06,3.136473e-06
0.0017897433,0.0033917925,0.3411834,0.39934534,0.18716173,0.044590827,0.009942892,0.005409667,0.003689014,0.0004534973,0.0025873084,1.2330692e-05,0.00030845273,1.8791161e-05,1.3289126e-07,5.489589e-05,4.3429045e-05,5.564247e-08,1.3134456e-05,2.2477678e-07,3.3948425e-06
0.0002211652,0.00056718086,0.27787068,0.40594435,0.23436074,0.051837727,0.014352162,0.0065479395,0.004813638,0.0005491837,0.0025015133,8.79178e-06,0.00035047275,1.0668554e-05,2.3099776e-08,3.4208628e-05,2.281136e-05,7.763206e-09,6.0696407e-06,4.2693323e-08,6.601473e-07
0.0017494713,0.0014982721,0.45165333,0.29274797,0.19107689,0.039693028,0.009677085,0.005431966,0.0035230173,0.00042488932,0.0022250742,6.163447e-06,0.00015769331,2.71489e-05,5.9713e-08,6.11362e-05,2.787551e-05,6.082602e-08,1.6426144e-05,8.408468e-08,2.279056e-06
0.00077313784,0.0030441459,0.21787992,0.44518855,0.23707345,0.062178943,0.014905898,0.007684129,0.0053870124,0.00068362046,0.004126088,2.6471802e-05,0.0009005057,1.7451963e-05,3.346997e-07,5.517323e-05,5.8539692e-05,4.0128565e-08,1.2789092e-05,3.1196402e-07,3.489757e-06
5.1299007e-06,1.5434664e-06,6.569082e-06,0.11016123,0.00032397138,0.020008918,0.08967668,0.09063124,0.2952308,0.24933052,0.043596823,0.006221123,0.0004324097,0.00053412654,6.621532e-06,0.09155379,0.0020864995,9.119789e-06,0.00018207314,8.072429e-08,7.526811e-07
1.2209122e-06,1.4165532e-06,1.0977265e-05,0.021979412,0.0011477172,0.027161062,0.09475631,0.22838636,0.11197664,0.28209853,0.12321528,0.0222727,0.027993899,0.008424055,0.00059437496,0.04287049,0.0063524535,6.3677303e-06,0.00074967614,6.976433e-07,3.9703275e-07
4.1547763e-05,0.00089213764,0.007908284,0.20023571,0.50240743,0.15120992,0.030622808,0.010215234,0.06373961,0.0022220516,0.027603436,2.3898065e-05,0.0027804188,1.3436753e-05,6.6944917e-06,2.8803597e-05,4.5333047e-05,3.885597e-10,3.0172023e-06,1.9445679e-08,1.5490923e-07
0.0008421285,0.0008730705,0.3457005,0.30075726,0.24555233,0.058199707,0.018583197,0.0124053825,0.009598249,0.0014933939,0.0044623134,2.1384281e-05,0.0008994859,0.00013193775,2.7098883e-07,0.00031401758,0.00011128316,2.0207054e-07,4.7347097e-05,2.7843663e-07,6.3030625e-06
0.24041128,0.43332434,0.20623027,0.08401766,0.018882856,0.007540813,0.0025939215,0.0016539308,0.00090777053,0.00018078387,0.0031462393,7.940154e-05,0.00020465883,0.00011607046,1.914415e-05,0.00033435933,0.00015848673,9.042771e-06,6.33872e-05,4.1323372e-05,8.421716e-05
1.6720884e-06,3.89035e-05,0.0025090766,0.040314086,0.24101475,0.20434253,0.19182697,0.07568844,0.023855882,0.035529766,0.06822122,0.0045710853,0.11196833,5.1816027e-05,2.025312e-06,1.4604932e-05,4.5980414e-05,1.0046661e-09,2.699529e-06,9.6608865e-08,2.5518318e-08
3.086288e-06,1.5592626e-05,1.7890578e-05,0.016575465,0.0033041846,0.09491202,0.15416166,0.116591655,0.16493064,0.1275737,0.183604,0.012106778,0.05326418,0.020457156,0.029726239,0.0004162329,0.02214244,4.539685e-07,0.0001952594,5.3254337e-07,7.6664963e-07
5.107004e-06,1.8822833e-05,0.0017170589,0.1043436,0.4053359,0.22906293,0.16230437,0.05514661,0.01833585,0.017178569,0.004293546,0.0010268821,0.0010187427,0.00014420085,4.0654405e-07,2.0499834e-05,2.2782078e-05,7.5382817e-10,2.406499e-05,2.5022949e-08,2.9101411e-08
0.019235691,0.09267395,0.23940343,0.3149662,0.115347944,0.039313965,0.04699115,0.02951023,0.016185565,0.0031442929,0.07384429,0.0034032734,0.001291376,0.00066772336,1.0611437e-05,0.003616513,0.00016243938,6.483323e-07,0.00016478277,4.351489e-05,2.2361726e-05
6.3912637e-07,1.0343085e-06,1.5472664e-06,0.0016564552,0.0017018673,0.03060021,0.1248141,0.26081777,0.44393265,0.024672557,0.016606152,0.0052667954,0.0003767138,0.0048120967,3.092412e-05,0.08270465,0.0016591509,1.7242337e-05,0.00032694786,2.4065173e-07,2.2152273e-07
1.31327215e-05,5.2327214e-06,6.7939345e-06,0.0033473466,1.8267598e-05,0.0022131999,0.043963403,0.04224146,0.22423398,0.13656805,0.0646657,0.17106757,0.035706885,0.026780898,0.023427622,0.05094961,0.0055314475,0.028529823,0.14034851,4.1772873e-06,0.00037693453
2.8671147e-06,2.3391963e-06,4.523446e-06,0.00029719726,0.015816621,0.015960826,0.22029713,0.25840607,0.20928606,0.014108526,0.1457258,0.087064415,7.7124976e-05,0.0016961541,9.558416e-06,0.03086247,0.00037877206,1.1625139e-06,2.1787785e-06,1.7339792e-07,1.9466789e-08
1.4582256e-05,7.708523e-06,0.012813151,0.1293904,0.256819,0.20112397,0.116130576,0.0649015,0.027357722,0.058608856,0.010683666,0.00017631218,0.11616256,0.002170627,2.43616e-05,0.0021895613,0.0013042206,8.791555e-06,0.00011035659,2.1118402e-07,1.877834e-06
4.902563e-07,3.966415e-06,1.8395843e-06,0.010206148,0.0010151882,0.028131701,0.1070867,0.2179472,0.15998282,0.093406714,0.2086027,0.018292002,0.051576734,0.06467981,0.009025021,0.0009880309,0.028955761,1.7448413e-07,9.678688e-05,6.670057e-08,1.5307161e-07
7.026254e-08,1.0640094e-06,4.737293e-06,0.001221645,0.047096252,0.057227388,0.23002945,0.21198067,0.17804971,0.09134446,0.04719336,0.05145808,0.0055573173,0.076080136,0.00019508284,0.0022505766,0.0002858943,1.9022089e-08,2.3989178e-05,1.1000489e-07,5.446761e-09
1.0312827e-06,5.54577e-06,2.361767e-06,0.0006407391,0.0007680676,0.030321728,0.22251852,0.25511345,0.19546983,0.10082143,0.043214284,0.0093159,0.010131712,0.008342186,0.010314099,0.10876061,0.0042145536,4.919168e-06,3.5802885e-05,2.14668e-06,1.0888944e-06
5.3402097e-08,1.3024182e-06,1.4716674e-06,0.00026429843,0.0022059102,0.06843877,0.16573693,0.33319962,0.0711636,0.1787406,0.05466301,0.05643375,0.0360768,0.010422458,0.019236581,0.0024926132,0.0009067428,7.4610455e-08,1.1666838e-05,3.6841243e-06,2.2152278e-08
1.1225317e-06,1.0412459e-06,1.7112695e-06,1.1220822e-06,2.5221689e-05,0.00016312301,0.021542914,0.048255235,0.20986052,0.07638124,0.50452644,0.1251825,0.0053678835,0.00074318465,0.000553445,0.0029783244,0.00021749703,0.0041827606,1.2986926e-05,1.0740997e-06,6.8519586e-07
1.029204e-06,2.251176e-06,3.0495716e-05,0.009432296,0.14915156,0.25839642,0.3772847,0.13749248,0.04474378,0.017215356,0.0038599607,0.0017601319,0.00013271862,0.00030274305,1.9387e-06,6.340609e-05,0.00011868331,8.475137e-09,1.0038119e-05,2.0821503e-08,3.5637093e-09
2.3667315e-06,1.3580791e-07,2.493943e-07,0.014869719,0.00026184865,0.009036597,0.5533557,0.0921601,0.24842775,0.06360881,0.0037292992,3.4294302e-05,8.785372e-07,1.1039025e-06,2.3283256e-10,6.342399e-06,0.014504647,6.9115275e-10,9.7990196e-08,1.1326194e-12,7.908418e-10
6.513685e-07,3.1773027e-07,8.448255e-07,0.0005002033,0.0148916645,0.07509356,0.45901412,0.2531986,0.1521315,0.010417492,0.021804426,0.0114579275,7.26373e-06,0.00013198525,2.5164778e-07,0.0011536642,0.00019538577,2.0632175e-08,1.5301949e-07,1.6563616e-09,8.79053e-10
2.8962125e-07,3.4054204e-07,4.7246849e-07,2.1653848e-07,1.4439686e-05,2.4685996e-05,0.016606163,0.028938,0.10086071,0.039938513,0.65444744,0.14291047,0.0053365384,0.00026737433,0.0015767339,0.003702794,0.0047733313,0.000597373,3.4346651e-06,6.792409e-07,3.803057e-08
5.711337e-10,1.9765677e-08,6.576217e-08,1.9734807e-06,4.6306483e-05,0.00029901406,0.005278778,0.015210033,0.036161784,0.018776713,0.3880811,0.5137495,0.012284333,0.0041427957,0.0056965123,0.000107741704,0.0001586231,8.060734e-09,1.2950576e-06,3.447162e-06,1.3978997e-10
8.289115e-05,0.00010036202,0.15873931,0.38992837,0.32521543,0.079776905,0.019092489,0.014135841,0.008417578,0.0013139817,0.0020924574,8.088048e-06,0.00091116416,3.052811e-05,3.5215546e-08,8.358095e-05,6.526416e-05,1.1417537e-08,5.273554e-06,2.6558675e-08,3.7874293e-07
2.7224453e-06,1.3221705e-06,4.7219687e-06,0.05691748,0.00014209373,0.063408725,0.24327269,0.06611648,0.18388806,0.27295962,0.06542092,0.029922493,0.0020922031,0.0004092848,0.00031797876,0.001882227,0.013141306,1.2922898e-05,8.550859e-05,9.375893e-08,1.1682545e-06
0.2423134,0.33459798,0.27329388,0.10252428,0.026472965,0.009757016,0.0032853063,0.0020640015,0.0010467556,0.00019616504,0.0034129426,5.9635106e-05,0.00017825399,0.00013404252,1.1771172e-05,0.00033569793,0.00014693667,6.4782425e-06,6.461746e-05,2.4073792e-05,7.3835865e-05
1.3521452e-06,2.8582835e-07,4.0514905e-07,0.000116202486,1.9151719e-06,0.000106658306,0.01807975,0.037667222,0.03179332,0.05334,0.090807624,0.38168558,0.09233713,0.06558527,0.061193816,0.028035626,0.0037487808,0.09057524,0.044716477,5.1951447e-06,0.00020210372
0.24419604,0.4348676,0.19862306,0.08417174,0.019964715,0.007839958,0.002773567,0.0017712014,0.0009573211,0.0002029754,0.003442793,8.9992165e-05,0.00024005167,0.00012015817,2.2945738e-05,0.00031570636,0.00017707267,1.0176421e-05,7.486999e-05,4.523408e-05,9.2823684e-05
0.0014470622,0.00725234,0.14203717,0.37439597,0.18742128,0.06349837,0.07286728,0.055623647,0.022324841,0.00750381,0.0592136,0.0021504415,0.0018481847,0.00042337537,2.6708162e-06,0.001669211,8.434592e-05,7.6076994e-08,0.00022459342,6.22195e-06,5.600527e-06
2.1165408e-06,2.0398045e-06,3.9332735e-06,0.00022046629,0.0003912072,0.004548501,0.064249635,0.09323055,0.32841882,0.07728337,0.12097829,0.020844085,0.0010157919,0.0010744679,8.502108e-05,0.28638193,0.001150373,7.700193e-05,4.02589e-05,5.145093e-07,1.5805798e-06
0.095993474,0.15934412,0.4039823,0.24047393,0.06243322,0.021314466,0.0051278486,0.0035177069,0.002106514,0.00035605018,0.0042655366,5.5478587e-05,0.00032613368,0.000101921294,5.6022454e-06,0.00031855542,0.00015093398,2.9171645e-06,5.5792687e-05,1.0873679e-05,5.6595574e-05
3.198427e-07,2.3166788e-06,1.0142193e-06,0.00082846684,0.014253126,0.43543273,0.25178307,0.20224635,0.030915746,0.05410568,0.007852744,0.0009918528,0.00028583716,0.0006866699,0.00042685188,8.8198794e-05,9.890663e-05,1.1194716e-10,1.455861e-07,1.9109667e-09,6.972458e-10
8.819731e-07,2.6715742e-07,1.2426799e-06,0.00012121743,2.7288413e-06,0.00030730752,0.005724825,0.0071831043,0.031598072,0.07506637,0.022785505,0.04869947,0.026883557,0.011581186,0.0066229384,0.012737057,7.9637466e-05,0.006198947,0.74434453,3.2580888e-07,6.0821996e-05
5.483074e-07,2.676089e-06,5.077656e-06,0.0009792089,0.019084636,0.33853227,0.33133274,0.195369,0.058395036,0.03803945,0.008248885,0.0078103207,0.00053436996,0.0005466492,0.00027278753,0.00048211793,0.00036229176,3.289609e-08,1.697862e-06,1.7606675e-07,1.8754534e-08
3.3712724e-06,2.9588455e-06,6.8458553e-06,7.092579e-05,0.0003473429,0.0038849474,0.0636724,0.10378876,0.30371538,0.24164572,0.1057698,0.082328856,0.0029859324,0.0014609562,0.0014256114,0.08656488,0.0017192942,0.00057664845,2.2398111e-05,3.222504e-06,3.7539533e-06
1.9782871e-07,2.3803068e-06,0.0003673406,0.027169717,0.031878687,0.062562354,0.1449578,0.105772085,0.11058659,0.41087347,0.017411087,0.010776525,0.036218863,0.020531412,7.666473e-06,0.0010157352,0.00016683961,7.023295e-09,0.019700337,8.4634655e-07,8.366375e-08
1.7900579e-06,4.465014e-06,7.118583e-06,0.022553233,0.0013904127,0.022903217,0.15693599,0.19272764,0.19792882,0.11529313,0.16427524,0.018187813,0.031202914,0.020203818,0.0002959239,0.036191326,0.01948683,1.5077308e-06,0.00040783186,2.5392052e-07,7.596385e-07
3.302143e-07,3.184811e-07,8.322276e-07,0.00047257938,0.00016796507,0.0032525656,0.021064186,0.097570345,0.14263058,0.14484014,0.025109433,0.014080782,0.06507401,0.30349576,0.02255574,0.11756851,0.0028985697,0.00022645529,0.038989045,1.5869994e-06,3.0924176e-07
2.4261342e-06,6.3316173e-07,1.7488093e-06,0.00013269464,7.387841e-07,0.00033265917,0.0051543433,0.0059082313,0.093013525,0.13930418,0.074895166,0.030621802,0.014416092,0.044797577,0.063143514,0.019926999,0.00012093651,0.2693955,0.23195669,1.341605e-07,0.006874386
0.00046804608,0.0022054254,0.16457893,0.5611012,0.20737348,0.04802618,0.008664587,0.0033236267,0.002309956,0.00022502706,0.0015189261,6.697104e-06,0.00017592373,1.8326806e-06,2.8074913e-08,5.4293596e-06,1.1979641e-05,3.4626242e-09,2.2591705e-06,4.8494854e-08,4.1963295e-07
5.919475e-05,0.000106492545,0.038555294,0.23531635,0.21799275,0.11277183,0.10426322,0.13463473,0.08110727,0.02863861,0.03184891,0.00015419762,0.00026864398,0.002910842,5.680171e-07,0.0018206524,9.772645e-05,1.4980348e-08,0.009451627,1.2627481e-07,8.77011e-07
1.0335531e-05,1.9075258e-05,0.017642051,0.24299686,0.168122,0.15170301,0.07099395,0.15705468,0.007427166,0.08361665,0.09921934,3.2302065e-05,0.0010477229,3.2351643e-05,9.2944595e-07,8.399299e-06,9.362949e-06,2.7557787e-09,6.375068e-05,7.4738145e-09,2.0223496e-08
7.280446e-08,1.0151163e-06,2.2672882e-06,0.0001596773,0.004195552,0.034396183,0.08531801,0.16715653,0.1205984,0.18319267,0.097761706,0.13392815,0.026378378,0.09566851,0.04632891,0.00151836,0.0033526055,6.557772e-07,3.54696e-05,6.9164507e-06,2.4452115e-08
1.5532488e-07,7.367638e-07,7.799035e-05,0.013326391,0.011097225,0.03590645,0.28895432,0.102139786,0.039568484,0.027123291,0.013902433,0.09840913,0.36302212,0.00023137305,3.3088894e-05,0.0036858257,0.0025060317,3.6717047e-06,6.6341822e-06,4.671155e-06,1.2735205e-07
3.955526e-06,2.899765e-06,6.0734315e-06,0.00047191913,0.0058969394,0.025966298,0.22600311,0.23048073,0.23519248,0.049188774,0.088228725,0.08492232,0.00028041477,0.00096656167,4.6374258e-05,0.05157472,0.0007596654,4.3003383e-06,3.1735542e-06,3.8323853e-07,1.5126729e-07
0.00022179165,0.00086292275,0.22867294,0.41264713,0.25438884,0.06268253,0.018276026,0.0093834335,0.007405969,0.00089102157,0.0033892414,2.2459575e-05,0.0009881175,1.9161253e-05,7.652147e-08,8.862752e-05,5.073618e-05,1.4516617e-08,7.5618286e-06,1.3559738e-07,1.3294634e-06
2.7317353e-06,1.3361095e-05,0.0033221643,0.03564128,0.056716803,0.090508506,0.1324157,0.16814284,0.015389432,0.16622281,0.23428442,0.00084475364,0.09507456,0.0010428814,3.7162674e-05,0.00012567535,8.05489e-05,1.4794834e-08,0.0001341892,9.301706e-08,8.211577e-08
5.1492583e-07,6.395055e-08,8.3821895e-08,1.2672315e-06,0.00015590694,0.0001228585,0.050259244,0.1411037,0.1447159,0.010502704,0.5114838,0.14147173,3.3463418e-06,7.6942666e-07,4.1584617e-08,0.00011457047,6.359905e-05,8.641702e-09,1.3999917e-09,5.161306e-10,4.2864916e-11
0.00026706874,0.00021988817,0.15822622,0.35288364,0.345115,0.075299904,0.022675669,0.022592822,0.013327161,0.002481982,0.0038257216,1.938811e-05,0.001988173,0.00023120148,2.0594277e-07,0.0005844106,0.0002379747,1.1940601e-07,2.0708052e-05,1.2944871e-07,2.6138603e-06
1.4144261e-08,1.257736e-08,1.7262808e-08,3.9095576e-09,4.7622894e-08,8.942719e-07,0.0014512775,0.0025192765,0.08064264,0.04615838,0.8315175,0.03591395,0.0012593187,2.4281944e-05,0.00025765484,8.364589e-05,4.812029e-06,0.00016613965,1.12012614e-07,1.7725074e-09,8.4636955e-09
6.163712e-05,0.00013000407,0.0071629584,0.27721235,0.3582898,0.28736785,0.036083512,0.021961467,0.006790624,0.0018778496,0.0028806094,1.800148e-05,9.5477175e-05,1.44684445e-05,3.8820022e-07,5.6657354e-06,4.2237392e-05,2.9501482e-08,5.0213494e-06,1.2777656e-08,6.202094e-08
3.3647643e-07,1.2317237e-06,0.0003585719,0.016250338,0.02246339,0.036707066,0.12887833,0.18432248,0.05397569,0.31172365,0.20592518,0.00053090416,0.018909873,0.017608002,1.2487633e-05,0.00013648153,9.685325e-05,5.5056835e-09,0.002099162,8.1423845e-09,7.02441e-09
3.1237548e-06,1.5207226e-05,0.00026503127,0.01534018,0.029534405,0.21515906,0.1588791,0.1121228,0.0328343,0.23731676,0.06907023,0.0032022595,0.11897861,0.003377269,0.0018474589,0.0003301543,0.0016575415,6.7048876e-07,6.493892e-05,6.540107e-07,3.300518e-07
1.0782384e-06,1.8492466e-06,5.6254357e-06,0.03409011,0.0017111299,0.12562771,0.38609764,0.062923364,0.28542167,0.07977965,0.013965538,0.00068053993,0.0007440175,6.619776e-05,9.5270925e-06,9.917546e-06,0.008854009,2.1646887e-08,1.03931825e-05,3.336479e-09,3.3221042e-08
1.4596842e-06,2.27306e-05,0.0011132888,0.034012344,0.16415869,0.25473922,0.20749529,0.06419149,0.032625005,0.047934983,0.04914455,0.0032620584,0.14099261,0.00012045033,9.485796e-06,2.114599e-05,0.00015024246,3.6272647e-09,4.7527074e-06,1.1060476e-07,4.271267e-08
1.0678939e-06,3.2198495e-06,0.000110832654,0.037559904,0.015904779,0.18729381,0.15045129,0.09882546,0.038215585,0.41300642,0.040465713,0.0011547927,0.014904276,0.00034207935,0.00010698113,6.6877015e-05,0.0015406739,1.8841611e-07,4.593669e-05,1.1342435e-07,3.9532974e-08
4.540896e-07,3.6057563e-07,7.640291e-07,5.1329207e-06,2.0587388e-05,0.0004473774,0.022794923,0.049099967,0.3138834,0.10899326,0.4558478,0.031098686,0.0009710578,0.0004064126,5.626371e-05,0.01576953,0.00026781595,0.00032235417,1.3253786e-05,9.898645e-08,5.6535055e-07
0.024685048,0.05403262,0.30822232,0.21787661,0.1792106,0.03358934,0.05095831,0.02553806,0.018709686,0.0018609067,0.07833402,0.0010122304,0.00032241418,0.0014163095,5.742044e-06,0.0035088013,0.00026854582,6.31079e-07,0.0004157376,1.3209012e-05,1.884292e-05
3.6031636e-07,2.5367626e-07,4.951974e-07,0.0042621573,2.362857e-05,0.006377908,0.09922193,0.112845756,0.112726316,0.10291638,0.12379118,0.39562792,0.017926533,0.004681841,0.005346157,0.006043111,0.0073366663,8.994711e-05,0.0007797905,4.922499e-07,1.1231301e-06
2.6562346e-09,1.0818518e-09,5.422637e-09,0.012110358,2.9872655e-05,0.026286812,0.42526257,0.060428828,0.3806264,0.093570076,0.001516875,7.683564e-05,1.6217629e-07,1.047835e-07,3.3371642e-10,2.651861e-07,9.076283e-05,7.3792736e-11,6.864433e-09,4.6604295e-14,1.0121455e-11
1.9136327e-05,0.000278335,0.0066034906,0.09582195,0.5293161,0.20861904,0.06592778,0.02431531,0.02701723,0.0030581993,0.03448094,0.00012717216,0.0042302683,1.0086587e-05,4.765771e-06,7.4009135e-05,9.244924e-05,4.953172e-09,3.3085091e-06,5.927948e-08,3.5350755e-07
8.6355826e-08,7.072542e-07,2.291356e-07,0.013498767,0.0002841455,0.12349924,0.17745534,0.24243799,0.37842482,0.024455344,0.025427269,3.4648867e-05,0.0004635114,0.00019577246,0.012706651,8.722911e-05,0.0010268387,5.827534e-10,1.441408e-06,6.806502e-11,1.20047705e-08
8.478025e-07,1.2745861e-06,1.9645881e-06,4.6581936e-06,0.00018851792,0.0003384669,0.059278335,0.08576161,0.23388489,0.048702646,0.44823635,0.06618874,0.0054429537,0.0017792274,0.0014339766,0.039992135,0.008302084,0.00041952563,3.947159e-05,2.0791288e-06,2.2819142e-07
7.7919594e-07,2.7729115e-07,1.3103603e-07,3.0211544e-05,1.1132249e-05,0.000104937404,0.019453483,0.083430946,0.3609676,0.03684769,0.48512277,0.00960993,4.48376e-05,1.806546e-05,5.3344795e-08,0.0034991933,0.0008550611,1.1172042e-06,1.6973545e-06,1.132384e-09,7.615067e-09
1.0118641e-05,1.0058963e-06,4.937634e-06,0.0001088207,7.861916e-06,0.00053669885,0.0065254294,0.011783745,0.014402275,0.10647877,0.04472372,0.06083569,0.10766666,0.03661001,0.044299956,0.16088714,0.00020926469,0.10234242,0.29850334,1.5248377e-06,0.004060576
7.055883e-08,3.9040343e-10,3.817449e-09,1.4945092e-06,8.2300524e-08,2.1958134e-05,0.00068590784,0.00097209756,0.00021165129,0.005761012,0.06591158,0.030160397,0.08953936,0.004288777,0.001879746,0.79836726,0.00015112582,0.0018352135,0.000112035996,8.4138534e-08,0.000100050056
1.3681529e-06,5.1698123e-07,1.5292442e-06,0.0014390018,8.075155e-06,0.0022127193,0.042082902,0.04355106,0.12227069,0.17783089,0.13324788,0.27264106,0.038974117,0.008265049,0.008302428,0.030178102,0.00038977468,0.0042655678,0.1142641,5.5676924e-07,7.261745e-05
3.9376636e-07,7.8641403e-07,2.735558e-07,0.0016056211,7.778917e-06,0.0006927619,0.055176087,0.14848763,0.20907797,0.04163093,0.09723751,0.3281509,0.0555722,0.035394933,0.0059037227,0.0024195935,0.0026306906,0.00014892424,0.015859792,1.7361454e-07,1.3195805e-06
3.8393906e-09,4.930242e-09,5.1328146e-09,4.7330846e-06,1.6903313e-06,0.001017098,0.048615664,0.006064291,0.016800988,0.12157162,0.013012702,0.03061376,0.0067664124,0.022929216,0.6304735,0.0015762934,0.033156402,5.0232753e-05,0.00061215484,0.06673315,1.005045e-07
5.1202056e-07,1.0513072e-07,5.601485e-07,6.3253254e-05,7.300609e-07,0.00018710014,0.004403379,0.0050142203,0.02466108,0.07166231,0.037731946,0.05373895,0.021399166,0.009577568,0.012445118,0.011531337,3.535809e-05,0.0114464555,0.7359484,8.9601194e-08,0.0001525166
8.351368e-08,2.3609229e-07,9.794124e-06,0.00075466366,0.0022255054,0.027570222,0.037776433,0.030946491,0.010266881,0.7783157,0.060129665,0.0020041463,0.046004906,0.0009192669,0.002126191,2.3052296e-05,0.00075711246,7.280044e-07,0.00016845657,4.7144732e-07,5.49872e-09
0.00059189234,0.0032213272,0.22155625,0.51967573,0.18466932,0.052652508,0.0077256756,0.004140305,0.0032173067,0.00028395973,0.0018941999,9.667754e-06,0.00030636022,4.0634877e-06,4.116891e-08,2.2992635e-05,2.509144e-05,5.511171e-09,2.3600048e-06,1.0461154e-07,8.365336e-07
2.9529783e-06,2.5411307e-05,0.00020525735,0.034257695,0.09771607,0.52340007,0.11555947,0.09290609,0.06793377,0.011157263,0.053027827,0.00024479185,0.0027526414,2.9236358e-05,0.00020640253,0.00018918184,0.00038325624,1.1407339e-08,2.3896166e-06,2.1392271e-08,1.6926788e-07
9.038111e-05,6.732958e-05,0.19657196,0.32316062,0.33028415,0.10596652,0.020786185,0.010952997,0.0063027176,0.0021332516,0.002841414,7.755891e-06,0.00072397996,2.8359047e-05,1.1023951e-07,2.9540026e-05,3.118591e-05,5.3478214e-08,2.1083944e-05,2.2658813e-08,4.2397022e-07
7.235955e-07,6.2791964e-06,0.00017045398,0.020511003,0.27861512,0.32899448,0.28568617,0.046234377,0.02719548,0.009321205,0.0022727305,0.00045912847,0.00050960545,1.1756597e-05,5.780823e-08,1.8139859e-06,9.056507e-06,8.524392e-12,5.1763175e-07,1.456958e-09,1.0992705e-09
5.619247e-07,4.937075e-06,9.246147e-06,0.028998408,0.007148814,0.33857277,0.13750651,0.26484457,0.13596804,0.017825615,0.06135598,0.00053141726,0.0016037351,7.0002054e-05,0.0045302627,0.00025935777,0.0007670913,1.218359e-08,2.5432942e-06,5.6892646e-09,9.201864e-08
2.7615748e-05,3.4968987e-05,0.11444716,0.3581492,0.33314988,0.103465386,0.038863048,0.024272284,0.01585805,0.0038525197,0.004023793,2.2055296e-05,0.0034507362,8.534241e-05,8.915488e-08,0.00015912444,0.00012578725,2.1476984e-08,1.2586927e-05,3.5281133e-08,3.212275e-07
5.5619363e-08,6.7737616e-08,4.2717403e-07,8.047913e-05,0.00027769996,0.0037889187,0.06194971,0.033878956,0.022908276,0.41989774,0.19335578,0.055615544,0.118720025,0.013332431,0.06657875,0.00012456415,0.00910855,2.8397531e-05,0.00033825767,1.5333613e-05,1.9014493e-08
4.898678e-07,9.809609e-07,2.7353396e-06,0.009581786,0.007793867,0.6637527,0.12495413,0.09087464,0.0725727,0.007623698,0.022093957,0.00040488516,7.3719984e-06,4.5249577e-05,9.63885e-06,0.00015505115,0.00012571522,1.3198263e-07,2.6078808e-07,1.060851e-09,3.3804823e-09
6.537994e-08,1.9167064e-08,3.2035974e-08,5.4577446e-05,2.608969e-06,0.000327386,0.03346251,0.0754179,0.023748219,0.054139957,0.091104254,0.50175303,0.09691685,0.037770316,0.056349166,0.0059552435,0.0150592895,0.0036755838,0.004258749,2.945138e-06,1.2770539e-06
0.0002630032,0.002519778,0.09655212,0.42944127,0.33613962,0.10202353,0.014967074,0.0068833833,0.0063013136,0.0006527587,0.0030464304,1.9790868e-05,0.0011203933,4.384559e-06,3.9877474e-07,2.0926818e-05,3.8793525e-05,9.54321e-09,3.87654e-06,1.716562e-07,9.19462e-07
6.3046696e-07,1.6761398e-06,3.417364e-05,0.034235485,0.0059250453,0.6415918,0.11206983,0.07438637,0.023437837,0.077643566,0.020415163,0.0063499,0.0021318458,0.00019219716,0.0005821962,0.00073442736,0.00019023246,5.781067e-05,1.9258308e-05,8.187169e-08,4.853294e-07
5.1603887e-08,9.382507e-07,0.00019299157,0.0036478238,0.028622052,0.05483911,0.10871878,0.06804625,0.012044187,0.15570588,0.12655126,0.0060427464,0.43531471,0.00019172946,1.0530015e-05,1.9508641e-05,4.2768464e-05,1.336884e-09,8.646543e-06,7.178087e-08,2.2091873e-09
1.0559763e-05,3.2137896e-06,3.2395671e-06,0.04484085,0.00033006343,0.035674468,0.36050195,0.06777458,0.16293097,0.22710483,0.01456038,0.00061197457,0.00015258491,0.00014865238,2.2343327e-06,0.00017554079,0.08515988,3.3143945e-07,1.3391607e-05,9.98909e-10,2.6770076e-07
4.7892495e-06,4.0866757e-06,6.128839e-06,0.061350472,0.0025623017,0.03315247,0.37460718,0.19479011,0.21839081,0.050035473,0.03308554,0.0002865314,0.00028348155,0.00039452006,3.4777614e-07,0.008030701,0.02300794,2.234571e-08,7.027794e-06,1.3595606e-09,7.845268e-08
0.0007914319,0.0012287473,0.25039253,0.42908543,0.25026923,0.046505865,0.011035879,0.0050527668,0.003057631,0.00041399268,0.0019119356,7.2704456e-06,0.00018867312,1.0504946e-05,6.603478e-08,1.5600493e-05,2.0306867e-05,2.8695132e-08,1.0884648e-05,6.84378e-08,1.1594799e-06
0.0003565499,0.00040947285,0.2806793,0.3378412,0.27674377,0.06444292,0.017725794,0.010041465,0.0064926576,0.0011994592,0.0032286784,1.2275184e-05,0.0006366633,3.888899e-05,1.2190802e-07,7.1793846e-05,5.2039813e-05,6.4656e-08,2.4905714e-05,8.6315396e-08,1.8826687e-06
1.2169567e-06,8.325643e-06,0.000120798904,0.017879263,0.035750378,0.23464258,0.2811419,0.10779811,0.14211415,0.026358606,0.011362099,0.002379905,0.12983441,4.1761738e-05,0.00075430406,0.005324492,0.0044791545,3.057741e-07,5.8217765e-06,1.7537918e-06,6.4633315e-07
0.0002735266,0.0028077213,0.0019097083,0.16018452,0.21746188,0.02265725,0.10992403,0.05546317,0.28040552,0.004100036,0.010589758,0.025023168,0.01881148,0.0062008644,1.0050502e-06,0.059748884,0.024337102,4.282921e-05,1.7404291e-06,5.4146672e-05,1.6187932e-06
2.2869035e-06,7.5258063e-06,0.0004922089,0.065959245,0.066943,0.59453607,0.10871096,0.076713935,0.022898525,0.03254837,0.026710032,0.00091432844,0.0030752162,5.0283146e-05,5.2548592e-05,0.0001685924,0.00019934308,1.4288725e-06,1.5835776e-05,7.0531115e-08,1.753621e-07
5.189094e-06,1.5157952e-05,1.1445445e-05,0.06309786,0.0021629434,0.09978955,0.1859696,0.11110949,0.284396,0.07666114,0.07421077,0.0015493974,0.016570432,0.0057405806,0.0010814004,0.000107301355,0.07736487,9.412485e-08,0.0001564166,4.926917e-08,2.6313919e-07
0.00011396728,2.3139863e-05,3.1427295e-05,0.040937044,0.0006724099,0.013916131,0.13203084,0.11699239,0.2115268,0.16729717,0.04069413,0.0034517546,0.0013310245,0.001366165,1.4162134e-05,0.04122175,0.22797523,2.5501933e-05,0.00036835184,2.6980118e-07,1.0284785e-05
4.71327e-08,1.9055332e-07,6.4205396e-06,7.3878786e-05,0.0009279251,0.0021143407,0.05261489,0.037913386,0.019804284,0.13859959,0.15466847,0.013509297,0.5257911,0.04187422,0.007857235,0.0005115451,0.0035711604,1.24184e-06,0.0001589271,1.755437e-06,2.8193542e-08
5.5173437e-05,0.00013292138,0.1368566,0.33075473,0.35413116,0.08567127,0.03520427,0.02713107,0.017950222,0.002884828,0.0045596445,3.2476328e-05,0.004096655,7.320503e-05,1.4868361e-07,0.0002664373,0.00018519547,1.8233148e-08,1.3016206e-05,1.12969154e-07,8.292622e-07
0.0002460104,0.0002446245,0.2648006,0.35562983,0.28719366,0.06327951,0.014095024,0.007145039,0.004399608,0.00075670093,0.0018466747,5.241494e-06,0.0002831526,1.5311924e-05,3.664978e-08,2.4244559e-05,2.3077602e-05,2.3374529e-08,1.1010889e-05,2.5586447e-08,6.2213155e-07
5.868608e-07,1.4144578e-06,2.8599904e-06,0.002036029,0.009085618,0.13963568,0.39718044,0.22775638,0.1605452,0.02862388,0.014418757,0.0094302995,0.00023649835,0.00078020315,2.7424021e-05,0.00953704,0.0006981747,1.271682e-07,3.2407813e-06,7.3699475e-08,4.0594692e-08
0.036433056,0.023073934,0.61386687,0.18507996,0.09571998,0.025709044,0.007935898,0.0047844937,0.0025547582,0.0003602185,0.003694522,1.804409e-05,0.00015705521,0.00014869601,8.653186e-07,0.0002978297,8.2577004e-05,1.0881198e-06,5.8308608e-05,1.3733627e-06,2.1446775e-05
3.7327518e-07,1.3994229e-05,0.0009707142,0.022346228,0.30523828,0.1424504,0.12352711,0.07456173,0.025912602,0.05317159,0.227772,0.015061266,0.008940712,7.715247e-06,1.1971086e-07,1.5739079e-06,2.2036264e-05,3.7699632e-10,1.4323203e-06,1.4436317e-07,8.377345e-10
2.948072e-07,2.1809785e-06,2.0342181e-06,0.00017661303,0.041264504,0.039862327,0.18881819,0.28142536,0.102073126,0.022176571,0.18144093,0.11318876,0.0007317367,0.024791738,0.0015246099,0.002098426,0.00042188165,1.8477747e-08,5.7392424e-07,9.27997e-08,2.3812294e-09
0.0009512811,0.0010695617,0.3887756,0.31254894,0.21712437,0.04650468,0.014421586,0.008094364,0.00574418,0.00076675706,0.003357679,1.2011679e-05,0.00038893818,4.8856058e-05,1.0418614e-07,0.000111474954,4.9153055e-05,7.990362e-08,2.6795406e-05,1.3877073e-07,3.4413447e-06
3.1368592e-07,9.704941e-08,7.624095e-08,8.880408e-09,1.7237753e-05,2.2850156e-06,0.0028504073,0.016839173,0.015326585,0.0020122267,0.41266957,0.55021954,9.6487765e-06,6.837686e-07,5.26125e-06,2.7607575e-05,1.9200985e-05,6.210895e-08,2.9201747e-10,4.4160298e-09,7.532626e-12
1.5637285e-08,5.777314e-08,6.845779e-07,2.833145e-05,0.00017676204,0.0017826175,0.024899734,0.043004747,0.040249176,0.19721347,0.06201348,0.009884586,0.35825992,0.15298338,0.100816265,0.00040038786,0.0060129073,1.1376417e-05,0.0022610582,1.0341936e-06,1.4942078e-08
2.1741711e-05,3.3923123e-05,0.0061385203,0.35831177,0.378307,0.10709793,0.08751109,0.043126646,0.009093706,0.00482815,0.005185787,0.00010692117,6.510603e-05,9.7998185e-05,2.1471623e-08,1.2349622e-05,6.8652216e-06,3.5505296e-10,5.44519e-05,5.1805364e-09,1.5207029e-08
0.005701054,0.003806272,0.42973238,0.2974748,0.20103739,0.03930828,0.010467356,0.005554098,0.0032094924,0.00047500007,0.0028551612,1.0267362e-05,0.00016133269,5.756594e-05,2.2699312e-07,6.260671e-05,4.0418538e-05,2.7286313e-07,4.035953e-05,2.2521202e-07,5.3797467e-06
5.740981e-06,1.8200553e-05,0.00016076253,0.03575616,0.050170742,0.7948842,0.05905767,0.031394012,0.016007617,0.006243418,0.0056245127,4.5409117e-05,0.00029807503,1.4773484e-05,8.828707e-05,2.6421762e-05,0.00020201519,4.578257e-08,1.8772275e-06,1.0367519e-08,7.233269e-08
7.179662e-05,0.00064464594,0.052059136,0.24607293,0.49042875,0.13663618,0.035067517,0.014376336,0.011875571,0.001856991,0.00713075,6.4539454e-05,0.0035729331,1.0356066e-05,1.2315496e-06,5.508645e-05,6.5697306e-05,2.4009289e-08,8.330949e-06,2.0987909e-07,9.636997e-07
8.379854e-07,6.150776e-06,4.0650852e-06,0.008536341,0.0011547762,0.019242272,0.11384621,0.19897088,0.16627772,0.108759075,0.19237913,0.045288723,0.07003237,0.049650203,0.008836918,0.0023427312,0.014474233,9.951513e-07,0.00019549066,3.678926e-07,4.5832147e-07
1.0214435e-10,5.7545496e-12,4.2533893e-12,8.7202515e-08,3.2399364e-10,0.0014112729,0.00068513176,0.0001420851,0.00030629183,0.000102125276,2.3113298e-05,0.993334,8.1858154e-05,0.00014471514,3.997424e-06,6.9257744e-06,2.3439937e-09,0.003756157,2.1708036e-06,3.5580308e-12,6.084315e-08
7.9566554e-08,9.978802e-07,2.8631944e-06,0.00016035493,0.0032497884,0.020896751,0.083336815,0.1649997,0.14244394,0.1858544,0.06291812,0.19938222,0.03234116,0.07275534,0.025674814,0.001638549,0.004207941,1.9485853e-06,0.000110340516,2.3780094e-05,3.7033022e-08
2.2274119e-06,3.1216032e-06,2.2749417e-05,0.055059846,0.0044521005,0.19010542,0.25690752,0.07249885,0.15029794,0.21136619,0.04055915,0.0032131088,0.0023583265,0.00014467553,7.110022e-05,6.733086e-05,0.012847214,3.6387104e-07,2.2506003e-05,6.303936e-08,1.4268228e-07
1.1180567e-08,2.6571895e-08,2.0212363e-08,2.2576073e-07,1.7095937e-06,4.3264892e-05,0.0012487805,0.006535758,0.014833752,0.0030035055,0.01921509,0.0098146945,0.011107118,0.0019778316,0.014842696,0.00081662,0.9149349,0.0015845129,3.655189e-05,2.7991503e-06,7.985353e-08
2.1388407e-06,5.2725113e-06,0.0010596896,0.049007133,0.054743905,0.49075875,0.19152603,0.059556972,0.017872179,0.080576696,0.009360724,0.001327234,0.042943306,9.040373e-05,9.48222e-05,0.0006414024,0.00040450774,1.17989175e-05,1.6156964e-05,2.476852e-07,5.7806864e-07
1.18048415e-08,2.1688047e-08,1.9136385e-08,5.8966454e-09,3.9634767e-08,7.1168853e-07,0.000512502,0.0012906799,0.012896249,0.02000108,0.881184,0.04425238,0.025970627,0.00022991758,0.009924728,0.00028270422,0.00025428156,0.0031961668,3.817633e-06,1.5242604e-08,5.6497743e-08
2.3723348e-06,3.7091777e-06,1.5544723e-05,0.005083767,0.057123408,0.1475614,0.30950305,0.28368652,0.14942558,0.021373108,0.011201859,0.0053275297,0.0001760886,0.006421823,2.3642953e-05,0.001970999,0.0009360204,9.922304e-07,0.000162269,2.4524107e-07,1.9427e-08
2.0011873e-07,2.1975527e-06,3.3632384e-06,0.00032827002,0.010353942,0.03234679,0.16805974,0.29245654,0.18530002,0.08322997,0.07144659,0.0776734,0.009813196,0.047779202,0.006243766,0.013816994,0.0011167877,9.059391e-07,2.5589867e-05,2.5564073e-06,4.717169e-08
2.0855094e-05,1.6349863e-05,0.050126232,0.2933597,0.25949535,0.30408007,0.03971558,0.018431237,0.008760421,0.016702034,0.0072811744,3.9238308e-05,0.0016465947,0.00012986262,1.1502298e-06,3.329896e-05,4.7628328e-05,1.0851777e-06,0.00011193507,4.056945e-08,2.2299454e-07
2.8248508e-06,9.988959e-07,1.6708698e-06,0.0004158301,0.0014863067,0.015039477,0.1984441,0.17986313,0.37582588,0.06464034,0.075140804,0.042416565,0.00012399977,0.00027143667,7.980044e-06,0.044711407,0.0016044513,1.3775747e-06,1.2703964e-06,4.191722e-08,8.479471e-08
8.0101806e-08,1.7830132e-07,3.0095424e-07,0.00084066554,0.0044082985,0.207792,0.5389434,0.16707228,0.057567388,0.020475062,0.0018206954,0.00046053098,3.2849915e-05,8.623303e-05,6.7897613e-06,4.0990635e-05,0.0004517904,2.1569049e-09,4.4940606e-07,1.5349163e-09,8.1234586e-10
3.0075291e-06,5.8752403e-06,1.13553e-05,5.194263e-05,0.000120264864,0.0019573271,0.039905924,0.0728373,0.39528877,0.17025979,0.11075776,0.024015544,0.03857336,0.010984975,0.006868319,0.10199916,0.0028580835,0.022059862,0.0013687816,1.0681242e-05,6.194614e-05
0.0006336292,0.0034779175,0.19211125,0.4107402,0.26958987,0.07730504,0.018118532,0.010857868,0.008445514,0.0011608541,0.004957686,5.714038e-05,0.0022038112,3.1968317e-05,7.0062686e-07,0.00017911347,0.0001088582,7.110465e-08,1.3771171e-05,7.825067e-07,5.374304e-06
4.3966658e-08,8.2638087e-07,3.034776e-05,0.0029197072,0.010477879,0.019457106,0.08643274,0.07967612,0.13155717,0.38948798,0.019297631,0.053509083,0.076876186,0.11973477,9.082696e-05,0.0008813885,0.00052155467,4.103446e-08,0.009045907,2.6426894e-06,3.6199868e-08
0.00017160484,0.00041310154,0.15815066,0.36354586,0.35561544,0.07606904,0.022560835,0.010713098,0.006336502,0.00136564,0.0039904783,2.3179318e-05,0.00092914357,1.7820026e-05,2.714098e-07,3.392186e-05,4.3528664e-05,4.7673964e-08,1.855957e-05,1.106708e-07,1.1475956e-06
2.7978995e-05,0.000114907394,0.00945264,0.05188143,0.21209747,0.113415234,0.09984474,0.1027013,0.07521335,0.04251063,0.02776105,0.0012348549,0.24654672,0.0010540042,0.00019150219,0.011910983,0.0038980234,3.9032648e-06,0.00011776766,6.629673e-06,1.4925744e-05
0.0010468595,0.011103072,0.114534386,0.34154037,0.14050823,0.062847994,0.10865324,0.06807218,0.03284572,0.00934175,0.09001199,0.010586678,0.0053008795,0.0008193928,3.2567343e-06,0.0025413807,8.6338245e-05,5.6377832e-08,0.00013765454,1.4580183e-05,3.987746e-06
1.6566588e-08,1.1764293e-07,1.0188465e-06,1.9539573e-05,0.00033528314,0.0005835573,0.040119644,0.020917129,0.026570076,0.04820463,0.27795422,0.19327419,0.341929,0.038028266,0.0064388625,0.0004281915,0.0051625306,1.567705e-06,2.2142294e-05,1.0074815e-05,1.0690584e-08
0.0014755548,0.013709065,0.23483452,0.4774558,0.18647963,0.0556638,0.009840962,0.006645812,0.007278248,0.0005063979,0.004457615,5.659015e-05,0.0012290773,2.4055242e-05,4.5734532e-07,0.00022743832,0.00010140218,4.5416876e-08,7.2070534e-06,1.2236442e-06,5.1335046e-06
8.536924e-06,5.8604464e-06,2.6957578e-06,0.0092456285,2.090289e-05,0.0054873037,0.14858298,0.08577346,0.33466437,0.084373236,0.0662227,0.06591172,0.041326497,0.02065361,0.061998542,0.0034851527,0.06539374,0.000935874,0.0058748424,1.2720773e-06,3.111624e-05
1.2707344e-06,3.554115e-06,7.5029593e-06,0.0004690938,0.037778676,0.0667661,0.22225618,0.30547786,0.12426836,0.027969815,0.09407056,0.08007447,0.0007131792,0.021720428,0.00097238907,0.016340828,0.001099824,1.2266468e-06,7.6185775e-06,1.0201372e-06,3.964323e-08
9.7261136e-08,7.072003e-07,1.3147409e-06,0.039126866,0.0005788166,0.39583164,0.31855357,0.115978554,0.06455591,0.035273515,0.008183398,0.0019098788,0.0016680651,2.91662e-05,0.017641874,0.00036052117,0.00030364934,1.2596301e-07,2.1304318e-06,8.9378105e-09,1.4091067e-07
2.731092e-08,7.415156e-09,6.6817485e-08,0.00018619085,0.00015684719,0.003797392,0.05775975,0.008418023,0.021644387,0.70519346,0.0763513,0.122599535,0.00086556125,0.00019592479,0.00026084346,1.5501322e-06,0.0024875097,3.461718e-06,7.702621e-05,1.0928886e-06,8.0567064e-10
3.0349197e-06,2.7710423e-06,8.524324e-06,0.07922565,0.0014148762,0.1065785,0.3548589,0.05598613,0.24197185,0.11938333,0.025931222,0.00084640627,0.00037480978,5.195291e-05,6.061651e-06,6.999407e-05,0.013280261,6.125481e-08,5.5627065e-06,3.0942129e-09,1.1746995e-07
0.00010261941,0.001142837,0.0786815,0.22692415,0.4190523,0.14038663,0.047380578,0.027893865,0.02898111,0.0035529875,0.009712327,0.00024513077,0.014847455,6.2767205e-05,1.7069689e-06,0.00072150177,0.0002939016,5.9318555e-08,1.1950871e-05,1.2943625e-06,3.3105578e-06
0.0014730175,0.0010052342,0.44523677,0.25882408,0.2128283,0.04623094,0.014655333,0.008489651,0.0060218303,0.0008634526,0.0036296824,1.1237139e-05,0.00035298534,9.986463e-05,1.4730017e-07,0.00016674593,5.8803093e-05,1.8421217e-07,4.6635403e-05,1.610799e-07,4.882771e-06
0.17283992,0.41658214,0.2413672,0.12499449,0.024481812,0.009830729,0.0025962533,0.0017270803,0.0010454477,0.00019275074,0.0033889404,7.109314e-05,0.00024913278,7.837052e-05,1.2839288e-05,0.0002596679,0.00013252936,5.1337097e-06,5.0324114e-05,2.7165019e-05,6.706801e-05
3.238218e-07,1.2219227e-06,2.495953e-06,0.03279895,0.00024442308,0.0336353,0.0948542,0.28795326,0.07946297,0.14239186,0.11233143,0.07587653,0.00843346,0.001021795,0.11862714,0.011753663,0.00046940256,4.549328e-05,8.660451e-05,3.818181e-07,9.142607e-06
3.5002633e-06,1.7838595e-06,3.7929615e-06,0.00028361168,0.003015897,0.010977214,0.18544264,0.1973619,0.29992568,0.040719874,0.13231449,0.09715753,0.00014506785,0.000514528,9.209776e-06,0.031573635,0.00054035836,5.946431e-06,3.0798412e-06,1.8985871e-07,8.014024e-08
4.7061326e-07,1.9564654e-06,6.1945634e-06,0.00015551707,0.0039144466,0.016394667,0.045976393,0.10710436,0.13742173,0.07892082,0.06469286,0.038313657,0.0091355555,0.34020883,0.091128126,0.0029086906,0.062558405,0.00013774022,0.0009928871,2.6540654e-05,1.790756e-07
4.7737853e-06,4.717161e-06,8.937372e-06,0.0007578842,0.01856595,0.0525578,0.21144736,0.3715094,0.22808214,0.017954541,0.04249768,0.021915136,0.00018754447,0.02150259,0.00012305322,0.010557091,0.0020691776,6.1962906e-05,0.00019117647,1.0341033e-06,7.389208e-08
8.9663587e-07,5.3940043e-06,2.0528145e-05,0.00011369443,0.012051485,0.005310688,0.035767898,0.029033285,0.14479558,0.015423415,0.30164912,0.33173636,0.0019727938,0.11196712,0.0013639104,0.000564566,0.008199051,4.5765816e-07,2.0802336e-05,2.912132e-06,1.370947e-08
2.4178746e-07,2.635422e-06,4.922115e-06,0.0004910532,0.01518037,0.046541594,0.19583006,0.2963915,0.16664009,0.08751597,0.054501895,0.08675316,0.008597684,0.026873399,0.0035783886,0.010278188,0.00079160865,6.297129e-07,2.3606555e-05,2.8912698e-06,5.0672803e-08
4.8734313e-07,3.7769303e-07,5.842125e-07,5.2946423e-05,3.9971586e-05,0.0013703319,0.028237056,0.0549591,0.43694744,0.098569706,0.1865803,0.0069801235,0.0006188822,0.00040897325,1.8882842e-05,0.18454248,0.0006088912,3.0741212e-05,3.1895335e-05,2.4254247e-08,8.106154e-07
2.410491e-08,3.4992004e-07,1.03210134e-07,2.78817e-05,2.9148883e-05,0.0043951133,0.016972136,0.01662175,0.013558672,0.05184795,0.0691456,0.0020041638,0.0059948997,0.005967856,0.81311625,0.00021777909,9.6699354e-05,5.2017692e-09,3.1195889e-06,4.877959e-07,3.6858006e-09
0.0047370596,0.0037440006,0.48144808,0.27224395,0.17469944,0.039224464,0.010094814,0.005960057,0.0037489457,0.00054276845,0.0030383188,1.1955913e-05,0.00022784523,6.0420003e-05,2.2209625e-07,0.00012207843,5.2978834e-05,2.5686776e-07,3.4946144e-05,3.0496852e-07,7.0031133e-06
6.2633885e-06,0.00023246458,0.013978275,0.07343071,0.53194344,0.2377047,0.054766424,0.015168397,0.044369478,0.0014658918,0.013398715,0.00026628617,0.013080417,5.0450035e-06,6.9274364e-07,0.00012392482,5.744071e-05,1.5285119e-09,9.584629e-07,2.5914295e-07,1.0389098e-07
4.056075e-05,2.1224776e-05,6.740577e-05,0.14325543,0.0029680142,0.022180555,0.18511432,0.106911786,0.25571224,0.17020272,0.04058695,0.0027560627,0.0009829509,0.0005000325,4.546959e-06,0.06456982,0.0039404747,4.0654945e-06,0.00017721773,3.4153808e-07,3.286798e-06
8.704758e-07,6.6772515e-07,8.971751e-06,0.0057013705,0.23809421,0.16081463,0.37390572,0.178552,0.037018433,0.0021324109,0.0032749178,0.00041803287,1.8187316e-06,4.8632508e-05,6.597917e-09,1.8402694e-05,8.421455e-06,2.3845156e-10,4.5265503e-07,1.9021862e-10,8.359205e-11
4.4442227e-06,9.634098e-06,0.0043741623,0.056575373,0.15735357,0.13043848,0.17447138,0.07809583,0.041853823,0.042179253,0.009582423,0.0008467414,0.2954829,0.00059836876,2.6457274e-05,0.005032784,0.0030401908,2.1380122e-06,2.9614865e-05,1.0459675e-06,1.3502766e-06
1.5222472e-06,2.6463846e-05,0.0042194896,0.07134628,0.20531379,0.15279597,0.1726136,0.13542275,0.015904818,0.061270416,0.110415824,0.001786808,0.06879286,4.621851e-05,9.608103e-07,1.7736882e-05,1.9281171e-05,5.4372223e-10,5.1042243e-06,4.1087425e-08,1.57128e-08
4.4842317e-08,3.7285566e-09,5.0468922e-09,2.0333991e-06,1.4899412e-06,0.00021528387,0.022238202,0.08017206,0.65118974,0.11997389,0.07443838,0.051328912,1.6699629e-05,1.8197097e-05,6.981556e-07,0.0002473853,0.00015412431,2.7561837e-06,1.537547e-07,1.804597e-10,4.867436e-09
3.5415684e-05,0.00013700893,0.08547814,0.38656816,0.35472625,0.08747045,0.034095004,0.02422573,0.017702084,0.0022245906,0.0029215307,3.602091e-05,0.003824418,4.4697434e-05,6.111212e-08,0.00028336234,0.00022256855,7.787353e-09,3.9596466e-06,1.0024064e-07,4.2267737e-07
3.02998e-06,3.597235e-05,0.0061432132,0.045182496,0.4112299,0.16264737,0.14773479,0.06388764,0.056960072,0.009151459,0.046124876,0.0014643192,0.048870094,2.6217978e-05,1.114771e-05,0.00029942958,0.00021965374,3.9629153e-08,7.5435005e-06,5.1032896e-07,2.2079581e-07
1.1176327e-06,9.93349e-06,0.0003160975,0.032184992,0.06395692,0.22109883,0.21053681,0.10063647,0.033622652,0.11304743,0.06065815,0.0025510183,0.16018316,0.00064144545,4.9173566e-05,0.00010428785,0.00039135906,1.2638966e-08,9.931454e-06,7.330994e-08,5.338608e-08
2.0769887e-06,2.998818e-06,2.0802507e-05,0.011225936,0.073539995,0.14542106,0.3471878,0.26988223,0.12375051,0.018810153,0.005619699,0.0017154594,8.126085e-05,0.0016387138,1.6964485e-06,0.0006414851,0.00027633444,2.0856041e-07,0.00018152784,5.043832e-08,7.461111e-09
1.2390361e-06,1.9783547e-06,2.355568e-05,0.06610018,0.02175898,0.26441523,0.4658255,0.089980856,0.056323726,0.028044557,0.006884133,7.952021e-05,5.8950925e-05,3.709631e-06,1.0623837e-07,2.4743185e-06,0.00049495185,6.168392e-10,2.7022327e-07,2.2977915e-10,2.7451768e-09
8.377988e-07,1.3700344e-07,2.1914772e-07,6.5490494e-06,1.6581322e-05,0.00046558183,0.035013378,0.07633997,0.43149766,0.28039783,0.07071058,0.099929355,0.00027077485,6.550309e-05,3.4182256e-05,0.004196988,0.0010319279,2.08288e-05,1.0812101e-06,1.6160994e-08,8.741019e-08
1.1065745e-05,3.3427525e-06,1.34960865e-05,0.14536758,0.00059551647,0.01767464,0.13178408,0.079129525,0.28835866,0.22785175,0.03930041,0.0028115534,0.00039203514,0.0003176012,1.9680494e-06,0.062815934,0.003472494,3.2826968e-06,9.406555e-05,5.890619e-08,9.195753e-07
5.794685e-08,2.5802353e-07,8.16951e-08,0.006373854,2.6140839e-05,0.027054658,0.030923449,0.103648365,0.05699386,0.01884672,0.015852408,0.00029100923,0.0005662021,0.00033203902,0.7380901,0.00057387067,0.0004193953,7.273434e-08,7.3144606e-06,2.0930342e-09,2.1061798e-07
6.230392e-05,0.00032347412,0.07826686,0.2490634,0.42999816,0.14966841,0.041574124,0.0213021,0.0149274375,0.003063608,0.0047001936,6.284817e-05,0.0067318054,1.61802e-05,1.1221445e-06,0.0001165828,0.000110925954,4.012729e-08,9.108483e-06,2.6245706e-07,1.0761754e-06
6.2053305e-06,2.0051034e-06,7.955654e-06,0.1512001,0.0007381391,0.025033373,0.23532069,0.052924726,0.2819067,0.21146287,0.030154686,0.00054156076,7.608286e-05,2.700974e-05,1.2228315e-07,0.00063466275,0.009958369,9.602144e-08,4.5113798e-06,1.5674553e-09,1.3762335e-07
2.8208913e-06,2.9885925e-06,2.4584172e-06,0.004250257,3.0613082e-05,0.0047268784,0.020042013,0.06658715,0.36900273,0.19727923,0.09078624,0.007462985,0.0027713184,0.011218583,0.15277937,0.070442975,0.0015734726,0.00028933072,0.00067700265,2.0655199e-07,7.135344e-05
8.711086e-07,2.8947895e-06,0.00029578074,0.04139383,0.03886019,0.7193227,0.13466905,0.024346385,0.011378076,0.021775045,0.0024211463,0.000268525,0.0050321706,7.4263176e-06,2.524937e-05,6.0602328e-05,0.00013772027,4.6051792e-07,1.7059903e-06,2.3535213e-08,6.2688784e-08
2.4261044e-06,2.1697656e-06,1.2046021e-05,0.062488858,0.0014460547,0.09983958,0.23588812,0.099600755,0.20778197,0.15724307,0.09333269,0.012658693,0.0042691077,0.00031641067,7.649986e-05,0.00051513733,0.02448862,8.0572187e-07,3.6535446e-05,9.035734e-08,3.0203853e-07
0.0005410899,0.001313621,0.20120741,0.38350677,0.29429874,0.07506461,0.019204501,0.010858472,0.007062277,0.0013358964,0.004040526,2.9903818e-05,0.0013028793,3.2448523e-05,6.96501e-07,8.768716e-05,8.334118e-05,1.1857302e-07,2.4468987e-05,3.546756e-07,4.097149e-06
4.205482e-05,0.0001718125,0.02042847,0.33656904,0.3788497,0.2098097,0.02807153,0.01124896,0.007942086,0.0017660874,0.0040695462,2.0563744e-05,0.0009414503,5.7376114e-06,8.96557e-07,8.728637e-06,4.8331738e-05,1.39448435e-08,4.945366e-06,3.4068677e-08,1.8327816e-07
2.0423034e-09,7.4022476e-11,5.264624e-10,2.4109183e-06,5.7101023e-08,0.0019015915,0.006572185,0.023459844,0.0062922863,0.0046423925,0.003617677,0.006697389,0.0008752658,0.02292694,0.016444748,0.8883301,2.5394977e-05,0.017937358,9.852192e-06,3.2038152e-09,0.00026448574
7.21398e-08,2.3238138e-07,1.8616966e-07,1.4774526e-05,2.5548552e-05,0.0032400594,0.03880753,0.06965223,0.076002516,0.05052563,0.051739365,0.008544458,0.016990447,0.008102458,0.47646075,0.0043048146,0.194197,0.00095779035,0.00030703438,0.00012630835,7.40316e-07
7.4934946e-06,1.2861225e-06,6.5171457e-06,0.054073412,0.0020307547,0.027610334,0.53411734,0.10698873,0.18737894,0.068426214,0.016851682,0.0008231239,7.5312505e-06,1.1843103e-05,2.5276934e-08,0.00012416017,0.0015399215,3.7351757e-08,6.900227e-07,6.687403e-10,1.8866738e-08
2.7555939e-06,3.2772457e-06,8.627701e-06,0.00056129805,0.020947685,0.07721322,0.30397472,0.27272764,0.14561303,0.030044671,0.058127332,0.07525325,0.00022105056,0.001564128,7.8860605e-05,0.0131646665,0.00048853393,1.8726256e-06,2.8360387e-06,4.4027104e-07,6.3766215e-08
0.00010345675,1.892719e-05,4.3727916e-05,0.09206043,0.0006537745,0.018994166,0.18718539,0.08323375,0.24983063,0.28948402,0.037901886,0.009138902,0.00043439437,0.0004764342,1.2603059e-05,0.0076420577,0.022569573,5.0423772e-05,0.00015185094,3.2309828e-07,1.3213195e-05
6.8521476e-05,3.2532538e-05,3.3444103e-05,0.00019230248,6.555582e-06,0.00036740777,0.0023010264,0.0042866543,0.010203014,0.059288524,0.010767923,0.016232004,0.029595824,0.1264497,0.13133064,0.0068683047,0.0002044979,0.45535973,0.13963649,1.3903528e-06,0.006773558
3.1860745e-06,2.2758993e-06,3.1503882e-06,4.8012753e-05,1.8364379e-05,0.0004926453,0.013516614,0.023530822,0.2862132,0.09070814,0.5404916,0.016811661,0.008189712,0.0027074032,7.6648685e-05,0.010702583,0.00043870258,0.0013119961,0.004726692,1.8429292e-07,6.3708635e-06
2.3694593e-06,3.4570346e-06,8.43816e-06,0.024475675,0.0010590013,0.014877949,0.1650769,0.17907429,0.21426472,0.12412457,0.1051197,0.015502364,0.021921186,0.0066168807,6.389263e-05,0.118388414,0.008361778,3.221868e-06,0.0010537023,2.87462e-07,1.2235447e-06
8.119683e-07,2.7628373e-06,8.066631e-06,0.0020769814,0.07843181,0.22099148,0.31526235,0.24074276,0.089349344,0.018747313,0.015662337,0.013669624,0.00035188836,0.0023036296,3.0641302e-05,0.0021276593,0.00023662235,2.784517e-08,3.7989378e-06,9.009222e-08,1.209054e-08
2.2550843e-05,0.0004546917,0.015926592,0.27966553,0.3269054,0.14678203,0.10346807,0.062398273,0.011992223,0.009832911,0.036073696,0.00061285053,0.0058366284,6.109536e-06,1.6633578e-07,3.6895624e-06,1.7218259e-05,4.134723e-10,1.3665384e-06,3.432402e-08,4.2780776e-08
4.1776497e-07,3.9999745e-07,9.261912e-07,0.00020709455,5.9903567e-05,0.0022248016,0.029138358,0.038231052,0.19831568,0.19494559,0.03019767,0.009561596,0.087662935,0.010126134,0.0002532008,0.14171383,0.00017399713,0.00011718622,0.257068,1.1930966e-07,1.1623113e-06
0.032679003,0.023070812,0.53546745,0.2437777,0.116963506,0.02766692,0.00864694,0.0047085127,0.0025257713,0.0003624313,0.0035791928,1.7777775e-05,0.00015470608,9.367045e-05,8.8404875e-07,0.00013748248,7.0561815e-05,8.2527134e-07,5.8130256e-05,1.0870606e-06,1.6683465e-05
0.27571943,0.53749794,0.13933773,0.030006029,0.007342145,0.0037884463,0.0014419714,0.00095671305,0.00048595417,0.0001226175,0.002317836,8.315266e-05,0.00017198635,7.885915e-05,4.1000218e-05,0.00027685877,0.00012532479,1.3646258e-05,5.535813e-05,6.32533e-05,7.373335e-05
2.5329504e-07,1.6048466e-08,2.653536e-08,2.3527205e-05,0.00013512207,0.002225097,0.15206346,0.1725726,0.5084844,0.036826212,0.07711549,0.05035064,1.2498452e-06,5.200036e-06,1.1884108e-08,0.00011814387,7.8398e-05,6.078582e-08,2.6739807e-08,1.1663177e-10,2.1539152e-10
6.653552e-05,0.00027346375,0.09603331,0.44796118,0.3251741,0.08180966,0.019673316,0.014335947,0.010078718,0.0010151365,0.001755421,1.8354016e-05,0.0015380819,1.5176392e-05,3.0874933e-08,0.00012922219,0.00012021238,4.3476382e-09,1.6797076e-06,6.9827074e-08,3.1213133e-07
1.4169687e-05,0.0001821781,0.009524692,0.14687303,0.22974728,0.20884015,0.17524986,0.065551914,0.032606054,0.04506081,0.019644616,0.021498138,0.044373725,0.00048976584,5.2060996e-06,0.0001714225,5.7107216e-05,7.86436e-09,0.00010727295,2.2697873e-06,3.0271474e-07
1.149863e-06,1.0348753e-06,2.862076e-06,0.0021763542,0.015726969,0.07557775,0.35423362,0.21807359,0.27415743,0.014192058,0.02396948,0.011737685,3.0358467e-05,0.0006614122,1.5659224e-06,0.0091705825,0.00028206664,3.3130237e-07,3.6589263e-06,2.8635714e-08,9.158742e-09
6.01301e-07,1.2839026e-06,1.0703923e-06,5.9160396e-07,5.4133666e-06,8.850311e-05,0.011502385,0.019937886,0.107122615,0.075981274,0.509335,0.06123169,0.09709227,0.0050651627,0.010795796,0.005655609,0.004076996,0.09148483,0.0006146724,1.5570495e-06,4.7824847e-06
2.8000684e-06,3.2178773e-06,1.8620273e-06,0.029935308,0.00021504423,0.018572105,0.17251827,0.12712501,0.3375404,0.0820648,0.06945923,0.0038241388,0.009532519,0.0047501735,0.00014272002,0.0004978702,0.1436494,7.217526e-07,0.000164002,1.3397756e-08,3.726143e-07
2.6944763e-06,3.1739821e-06,7.4504023e-06,0.0007361461,0.017949786,0.025319709,0.21861228,0.28367907,0.27526996,0.015002586,0.07085001,0.03310747,0.00022166273,0.009231598,4.2874923e-05,0.049168333,0.0007493888,6.5333284e-06,3.864785e-05,5.564748e-07,6.6457446e-08
1.12429525e-07,4.9153095e-06,0.00026760012,0.010678854,0.110120095,0.06307935,0.120126806,0.018849462,0.1298781,0.024181904,0.4598051,0.027325254,0.035575926,5.2377745e-05,2.8302438e-07,1.5373049e-06,5.0777682e-05,6.061911e-11,1.3627966e-06,1.3448792e-07,2.9689945e-10
1.0108621e-06,4.3789e-06,5.080797e-05,0.030392338,0.018043006,0.77797276,0.09460819,0.036715742,0.018694552,0.014913376,0.0057118298,0.00023119102,0.0018568884,1.4062479e-05,0.00039861933,9.4366595e-05,0.00029396272,1.4406288e-07,2.6343962e-06,1.703152e-08,1.07240446e-07
4.4677424e-07,7.145331e-07,2.2567724e-06,0.0021244204,0.019728838,0.025072144,0.2258185,0.32527307,0.32984507,0.0074799927,0.029177083,0.0030650496,5.2113293e-05,0.012308175,1.9834386e-06,0.019704897,0.0002471289,1.6286802e-07,9.792755e-05,2.0506587e-08,2.8409965e-09
3.46446e-06,4.118698e-06,1.8225814e-05,0.04582701,0.002656067,0.01671171,0.20345,0.17243154,0.19004649,0.102732375,0.049433324,0.001970613,0.004577182,0.0018513482,5.333159e-06,0.20623288,0.0018394828,4.3734047e-07,0.00020788991,7.593824e-08,4.4087733e-07
0.30684483,0.37816435,0.19539545,0.05911052,0.027192554,0.0068826787,0.0055574737,0.0032353974,0.0014658871,0.00022778165,0.014402258,0.00039189722,0.00011326092,0.00019888398,1.6038342e-05,0.0005138717,0.00014350234,4.1640365e-06,5.3912467e-05,5.1443043e-05,3.3870834e-05
2.4634724e-07,1.1756201e-06,1.0407127e-06,0.0006494513,0.0017704566,0.21692127,0.372254,0.22785813,0.08179208,0.079387836,0.008186095,0.0030871346,0.0010035983,0.0014889045,0.0015575826,0.0010620854,0.0029734517,1.2196084e-07,5.066061e-06,2.2704313e-07,3.7584414e-08
1.6872747e-08,7.246352e-09,2.2827738e-08,5.5445594e-07,9.261088e-07,0.00030536493,0.008951435,0.014975332,0.011543302,0.030330904,0.13537498,0.0332065,0.31849694,0.02808051,0.041889384,0.29706708,0.07756149,0.0020693224,4.450194e-05,9.7424076e-05,4.05067e-06
3.8348486e-07,1.611485e-07,2.2097967e-07,0.0004658269,0.0012791733,0.038868885,0.23068234,0.23589069,0.43875578,0.015684562,0.025570491,0.009805829,5.184932e-06,0.00022161948,3.2216377e-07,0.0025010759,0.00026526692,9.4446693e-07,1.2893498e-06,2.7637899e-09,1.6176055e-09
7.288374e-07,3.4870223e-07,1.3860732e-06,0.009475105,0.007550363,0.15922259,0.72895086,0.048350006,0.032663453,0.012983501,0.00063119584,4.9761466e-06,1.6619638e-06,4.00455e-07,4.434247e-09,8.661008e-08,0.000163322,1.6589287e-11,2.3211472e-08,1.626038e-12,1.3788416e-10
6.588959e-06,1.01786345e-05,4.9439965e-05,0.04129638,0.004438147,0.021097206,0.1602834,0.17054911,0.14474408,0.15718064,0.07348955,0.0060668075,0.018001236,0.005253812,6.422435e-05,0.19436024,0.0023412446,2.871629e-06,0.00076232926,7.489199e-07,1.7326175e-06
9.3274497e-07,2.1201802e-07,4.23355e-07,0.0002623786,0.01948677,0.010328795,0.22376832,0.46596113,0.21444587,0.0023734164,0.05336875,0.009863602,2.0495649e-07,3.802969e-05,1.2549307e-09,9.366208e-05,7.422254e-06,4.388417e-09,6.482453e-08,1.4052297e-10,1.6225502e-11
1.8160472e-07,6.082301e-06,0.0003417127,0.04099486,0.14234257,0.171906,0.27992624,0.05600426,0.04974146,0.028786043,0.065140545,0.002428201,0.16222681,6.334301e-05,6.914009e-07,1.8592538e-05,7.140454e-05,6.47188e-11,1.016371e-06,4.594509e-09,4.1682795e-09
8.171717e-06,9.418887e-05,0.06705559,0.28448805,0.43696174,0.14591084,0.038615808,0.011619357,0.009260171,0.0008323177,0.0026916247,2.89833e-05,0.0023925425,1.3286611e-06,2.232762e-08,1.0464771e-05,2.8052731e-05,5.830763e-10,6.1721454e-07,2.7341976e-08,3.3014455e-08
2.9433414e-07,1.9931225e-05,0.00051596545,0.0049940078,0.004786855,0.049037598,0.15462795,0.028887726,0.030225424,0.010484754,0.020100946,0.64235175,0.0534545,0.00029931145,5.401854e-07,0.00013650468,5.1496577e-06,2.9655248e-10,1.8044292e-06,6.8966874e-05,1.9976778e-09
3.79648e-05,0.00016502815,0.010522597,0.1262309,0.28107902,0.45124322,0.053781122,0.029955285,0.021112777,0.008082121,0.008625743,7.839251e-05,0.008553422,2.885118e-05,5.369562e-05,0.0001362747,0.00029321524,2.0270669e-07,1.8693889e-05,2.5850218e-07,1.2755585e-06
1.3399314e-07,1.6370053e-10,1.3461182e-08,1.2937145e-05,1.390746e-09,2.4348221e-06,6.711357e-06,1.7508632e-05,2.0381674e-05,0.0004643316,0.001187152,2.2464703e-05,3.5771533e-05,0.015893186,0.0036364114,0.31802094,3.148366e-09,0.00026755026,0.00028936518,1.9798916e-11,0.6601227
3.108415e-06,2.3450775e-06,1.797058e-06,1.6002927e-05,0.000426549,0.0027006434,0.05213219,0.26559773,0.44325623,0.015412362,0.16136229,0.046666786,0.00069596164,0.0043128384,5.6219204e-05,0.004233198,0.0016461938,0.00136951,0.00010709633,8.6627404e-07,1.2654274e-07
9.645969e-07,3.7570346e-05,0.0019862966,0.038007777,0.1462473,0.2321058,0.2384653,0.05186904,0.042550843,0.06342147,0.017313711,0.0656476,0.10202502,0.00024898312,1.6727407e-06,4.515606e-05,1.4317245e-05,2.3547483e-10,1.0503089e-05,6.884124e-07,1.329791e-08
1.177325e-05,0.00016178211,0.013328099,0.068937436,0.49894294,0.23129377,0.07338296,0.029191462,0.03456339,0.0043824646,0.02509612,0.00025909996,0.020078178,1.3862849e-05,8.415888e-06,0.00019654408,0.00014438672,2.0651752e-08,6.470482e-06,3.4225255e-07,5.4837415e-07
0.00014697797,0.00061171246,0.07021768,0.40661436,0.37190044,0.10747624,0.021755641,0.009251255,0.0061623715,0.0011041128,0.0036180725,2.0493191e-05,0.0010429746,7.65138e-06,5.447481e-07,1.6034946e-05,4.5067893e-05,2.1362684e-08,7.6044807e-06,9.806976e-08,6.3795716e-07
2.7516944e-06,5.344406e-06,1.2281699e-05,0.00071571406,0.0056599365,0.038236678,0.18705502,0.2893764,0.24536397,0.046213344,0.06601876,0.030354938,0.0019712672,0.009961181,0.0013166895,0.074394524,0.0031605067,8.616588e-05,8.798937e-05,5.4920347e-06,1.029332e-06
2.2415418e-06,3.8772755e-06,6.1509536e-06,0.00011667736,0.0003570012,0.0064887926,0.06272883,0.1597734,0.5010995,0.05529182,0.08048688,0.017646551,0.008503367,0.008613351,0.0015320437,0.08575652,0.0046099396,0.0056040585,0.0013636296,8.1884045e-06,7.1246923e-06
1.6857688e-06,1.0288209e-05,0.00023406735,0.015916042,0.025933666,0.10307757,0.11916584,0.22226076,0.070893034,0.11170016,0.11267508,0.022288932,0.17778529,0.0009587901,0.0060156058,0.008896785,0.0020749366,1.876699e-05,8.328016e-05,6.2476115e-06,3.2795872e-06
5.1681942e-05,9.9484445e-05,0.1480552,0.3109195,0.3509571,0.101397045,0.035891283,0.024918705,0.015375653,0.00339229,0.0044764397,2.8617684e-05,0.0040603667,5.6226832e-05,1.9798009e-07,0.00017105228,0.00013355885,2.8914634e-08,1.4764568e-05,8.702259e-08,7.339987e-07
9.69943e-07,2.3279954e-06,2.2547745e-06,0.01803087,0.0005149659,0.20779783,0.07533528,0.14325629,0.11220291,0.081650965,0.09742594,0.0038884257,0.0010763465,0.0026533743,0.24334133,0.010620269,0.0021081779,2.7511063e-05,6.0158774e-05,1.01859385e-07,3.744922e-06
0.0004952114,0.004576163,0.09057691,0.28038937,0.17441192,0.06449401,0.13480134,0.080867514,0.049494766,0.011435579,0.09240348,0.007069118,0.003429145,0.0013224221,2.0049808e-06,0.0038606278,9.3228e-05,3.3115263e-08,0.00026743216,6.7592778e-06,2.9242685e-06
1.3875394e-06,4.0470004e-06,1.6203943e-05,0.042993627,0.010136462,0.14255607,0.2938499,0.06990834,0.33939007,0.06691485,0.024933476,0.00041222718,0.0020444973,0.00010825633,3.2421024e-06,4.3710374e-06,0.0067075375,3.7315813e-09,1.5403364e-05,5.9222223e-09,1.5567782e-08
1.3369221e-07,5.024652e-07,9.985464e-07,0.0009053816,0.00017258733,0.0024347445,0.07740787,0.12255992,0.07810577,0.14997509,0.065978386,0.29824245,0.14369838,0.047398996,0.0059704687,0.0029990266,0.0021023517,1.7358623e-05,0.0020269058,2.5169857e-06,1.4143596e-07
4.3494605e-05,0.00010702923,0.06325879,0.5115581,0.3285086,0.07187012,0.015070557,0.0049293865,0.0025578781,0.00046161353,0.0014629364,4.7553367e-06,0.0001535161,1.5458827e-06,1.8587125e-08,1.507836e-06,7.742576e-06,2.44323e-09,2.3454752e-06,6.9941435e-09,4.436855e-08
1.598759e-06,3.825363e-05,0.005035399,0.12848766,0.355677,0.1733762,0.121571586,0.09387227,0.013473184,0.031798605,0.06397642,0.0010019413,0.011671556,5.609323e-06,1.0053734e-07,2.1412213e-06,9.209933e-06,1.09681965e-10,1.2405789e-06,1.4157144e-08,4.3488524e-09
2.0253945e-06,1.0476116e-05,5.0881357e-05,0.012661622,0.011280285,0.09099897,0.15373592,0.14456642,0.08318366,0.25670442,0.13009371,0.0101090465,0.07846808,0.016813334,0.0023797175,0.0027612594,0.0061005303,9.5002054e-07,7.757186e-05,6.596554e-07,4.9767385e-07
1.7502224e-06,1.5006952e-06,2.1980504e-06,4.4428205e-05,5.2037603e-06,0.00022714127,0.0041794656,0.010047611,0.024821188,0.13865253,0.021824602,0.15715902,0.11012391,0.08635488,0.054277938,0.006942405,0.00057277846,0.011386733,0.37325174,1.8906356e-06,0.000121135774
4.716065e-07,3.1322622e-06,6.2852214e-06,0.040011223,0.0028814592,0.39495367,0.16329366,0.22327356,0.082217574,0.032944005,0.035499845,0.0023257919,0.0021970805,7.975878e-05,0.019187044,0.0005486352,0.0005703089,1.7943903e-07,6.017974e-06,2.4480428e-08,2.8500526e-07
4.181136e-10,2.5444308e-11,1.474313e-10,5.944557e-05,9.644934e-08,0.00018305078,0.015757747,0.0031824112,0.00045641817,0.04992965,0.025023704,0.24465488,0.0060879383,0.0018554133,0.01347675,0.5368597,7.960176e-05,0.102380194,6.1613156e-07,8.169815e-09,1.2376855e-05
6.234254e-08,8.815445e-09,2.1342954e-08,6.6054185e-05,1.7520493e-06,0.00063073,0.022772748,0.050955396,0.022768425,0.061642546,0.1848885,0.37594607,0.07164513,0.018581884,0.10919626,0.056261633,0.005176081,0.01545583,0.004002545,6.1729827e-07,7.652819e-06
2.2776307e-11,6.912068e-13,6.4652586e-13,4.3661274e-07,3.4371397e-09,0.0005408414,0.005020384,0.00016811273,0.0003570931,0.020528635,0.0001881366,0.93822783,3.978522e-05,0.00015147984,6.6227025e-05,1.8725859e-06,3.6042272e-06,0.034700777,4.740167e-06,3.158285e-10,2.7081723e-10
1.2828777e-06,2.9121898e-06,2.8731167e-06,6.774555e-05,6.661681e-05,0.0037968266,0.04067457,0.19751155,0.422427,0.09189454,0.040101178,0.013846049,0.057338957,0.028597368,0.02017319,0.03604808,0.027627928,0.01668355,0.0030722134,2.82221e-05,3.7335903e-05
0.022305805,0.030084383,0.48943976,0.3002351,0.108499326,0.030612689,0.0068843584,0.0045947903,0.0028215677,0.00040069877,0.0034518738,2.4255101e-05,0.00026727215,5.5584263e-05,9.651504e-07,0.00017948366,8.860546e-05,5.507218e-07,3.25092e-05,1.7105376e-06,1.875927e-05
5.2579624e-10,1.0717602e-11,3.6424275e-12,2.0370563e-09,1.3401892e-06,2.73342e-06,0.048914958,0.47354493,0.08869637,0.00034263148,0.12822793,0.26026908,1.0034575e-10,3.0080998e-09,2.8212796e-14,1.9209876e-09,5.124481e-09,3.0002739e-12,3.3749568e-13,6.8824206e-16,2.3269762e-17
1.6211645e-07,3.5990578e-07,5.3551906e-07,2.5390607e-05,0.00017475798,0.0006061526,0.054452,0.041397233,0.19851822,0.032721333,0.2025578,0.0067994236,0.002200334,0.0006550879,0.000101672034,0.45930004,0.00043293255,1.03400025e-05,4.6065285e-05,9.4387445e-08,1.2176564e-07
1.5709986e-06,2.6288888e-06,4.133082e-06,2.8209603e-05,0.00036697785,0.002648031,0.06754104,0.17130469,0.4061726,0.040390044,0.1203842,0.035826527,0.016531896,0.02052247,0.010374331,0.062594205,0.033403955,0.010965892,0.00091901387,1.5520944e-05,2.0938949e-06
3.922613e-05,1.804463e-05,6.506517e-05,0.18233815,0.0025762026,0.023758482,0.1790775,0.09458336,0.24433905,0.18512149,0.03936788,0.0026218789,0.00070619496,0.0003404491,3.5256544e-06,0.04122859,0.0036854672,3.8213943e-06,0.0001224817,2.5453048e-07,2.8517986e-06
4.3139633e-07,2.733313e-05,0.000978549,0.011520385,0.010426689,0.084755205,0.18608052,0.035137754,0.033078834,0.016163694,0.019346423,0.55334,0.04873852,0.00020482035,3.192782e-07,0.00012860411,5.9138315e-06,2.0662953e-10,3.2831474e-06,6.2703126e-05,2.1613087e-09
0.23328228,0.43785504,0.2019237,0.08835028,0.020145565,0.008069481,0.0027389792,0.0017603193,0.0009943675,0.0002083455,0.0034342683,9.234001e-05,0.00025052496,0.00012268932,2.3160705e-05,0.00034570237,0.00017733127,1.0502748e-05,7.239733e-05,4.7985654e-05,9.470375e-05
0.00073394785,0.004217852,0.218494,0.521028,0.18402126,0.052657742,0.008213444,0.0042683217,0.0033944538,0.00032122922,0.0021965404,1.3260648e-05,0.0003737371,5.113259e-06,6.395671e-08,2.7687054e-05,2.8824514e-05,8.711772e-09,3.1188629e-06,1.6198643e-07,1.2076347e-06
1.0327721e-05,0.0007000319,0.007974528,0.064955235,0.022823526,0.07465173,0.116306566,0.027700372,0.15711616,0.023975007,0.18213472,0.18626705,0.1329483,0.002210369,6.685556e-06,0.00018874407,2.0701586e-06,6.208323e-10,6.0966336e-06,2.2518136e-05,9.805595e-09
5.0481657e-07,9.654645e-06,0.00012087013,0.02397215,0.059811752,0.08108374,0.14723738,0.3125389,0.12365454,0.01991005,0.2100828,0.007661146,0.012737802,6.657946e-05,0.00015348943,0.000762076,0.00019065604,2.6460818e-08,5.7247885e-06,8.22379e-08,1.03087075e-07
9.328743e-09,6.884166e-08,6.3188196e-08,1.6368567e-06,1.501724e-05,0.0003032202,0.011678891,0.03171962,0.07482268,0.022252938,0.15316747,0.08308476,0.011752875,0.0056505096,0.121346705,0.00086288346,0.4831711,8.6119595e-05,3.129599e-05,5.2110787e-05,2.4540256e-08
1.8793068e-06,5.0150757e-06,6.267969e-05,0.13284068,0.018900596,0.18967888,0.31432682,0.12741399,0.094659545,0.07503697,0.041965578,0.00057964126,0.0016550438,8.9560366e-05,1.7362026e-06,0.00013170009,0.0026456884,9.849694e-09,3.9555734e-06,6.7081e-09,3.517402e-08
0.00044606093,0.0015044009,0.21665761,0.42983037,0.24935079,0.06929832,0.013394552,0.008665146,0.006441678,0.0007819891,0.0024729131,1.7718721e-05,0.00093994616,1.7595457e-05,1.5724869e-07,9.7307806e-05,7.4525924e-05,2.4610975e-08,6.7959627e-06,2.0885977e-07,1.8901677e-06
2.6916855e-06,9.148537e-07,5.9613694e-06,1.42552535e-05,1.4007055e-06,5.6101875e-05,0.00066746795,0.0013912625,0.20682895,0.5571676,0.004536374,0.004060423,0.11724129,0.0026588214,0.012508719,0.035835277,0.0003889352,0.05409689,0.0009122005,5.1073466e-06,0.0016194456
0.0009721514,0.0015945563,0.31708956,0.3672192,0.22686861,0.055864017,0.012520431,0.008009695,0.005589021,0.000742507,0.0027338332,1.3700559e-05,0.0005452849,3.3611137e-05,1.6505221e-07,0.000114201226,7.006325e-05,6.560736e-08,1.5679138e-05,2.0692849e-07,3.43109e-06
1.7607493e-06,3.6707459e-06,3.898455e-06,0.00018032335,0.0008293419,0.01343342,0.067288585,0.2613885,0.46973634,0.03237333,0.024051644,0.009160519,0.010371668,0.033628378,0.003316219,0.051669322,0.012366159,0.0020070735,0.008171973,1.5060855e-05,2.772868e-06
2.0082861e-07,7.854877e-08,2.3474297e-07,8.314713e-05,1.5346915e-05,0.0022253718,0.018953733,0.12504476,0.07023265,0.11233486,0.041810665,0.1101468,0.16725144,0.11097345,0.13262996,0.01029328,0.0041645453,0.0064379475,0.08739814,1.4984294e-06,1.9459865e-06
2.683917e-06,1.9929481e-05,0.00019900661,0.05222533,0.100577086,0.6724155,0.09187741,0.02867137,0.044243205,0.003496819,0.005709005,1.4819941e-05,0.0004017095,2.376175e-06,9.314749e-06,8.394381e-06,0.00012545014,7.538696e-10,4.6488051e-07,1.8563177e-09,2.213386e-08
0.047142535,0.110433,0.3915974,0.32356885,0.08261874,0.026208894,0.005963302,0.003926375,0.002594766,0.0004023237,0.0045227287,5.9737038e-05,0.0004508593,6.4457054e-05,3.865782e-06,0.00021533007,0.00013323213,1.3954079e-06,4.4418164e-05,7.6135234e-06,4.0196337e-05
0.06348766,0.080889985,0.47278425,0.25417143,0.083122425,0.025693068,0.006709258,0.0044329506,0.0025609247,0.00044924885,0.00462199,4.5431498e-05,0.0003399417,0.00011518809,3.3020406e-06,0.00030949534,0.00014387284,2.1862797e-06,6.3320076e-05,6.0249063e-06,4.8103437e-05
3.3702727e-07,2.8747442e-07,2.2631377e-06,0.004814518,0.07018444,0.08699604,0.52958727,0.18767272,0.11208443,0.0029079656,0.0050153914,0.0005855148,1.3088435e-06,3.375648e-05,2.209459e-09,0.00010378915,9.737177e-06,2.7158556e-10,2.3542324e-07,9.447819e-11,6.635868e-11
2.5411273e-06,4.29399e-06,7.638312e-06,0.000490554,0.0037083756,0.059860025,0.095636494,0.21417914,0.2799863,0.084152244,0.030117197,0.010251304,0.0029317664,0.098190576,0.020858957,0.009973676,0.07390263,0.0031761262,0.01253907,3.0173022e-05,9.4996653e-07
0.00018759341,0.00018440811,0.27174285,0.34052414,0.28007787,0.068864875,0.01678277,0.010491943,0.0067903665,0.0011266994,0.0025151249,7.4125887e-06,0.0005418986,3.535512e-05,4.331157e-08,6.923424e-05,4.362757e-05,2.6049008e-08,1.2928609e-05,3.475055e-08,7.7092943e-07
7.649399e-07,1.1831734e-06,1.2765842e-06,0.001238752,0.001687749,0.03733139,0.12226592,0.2811077,0.48091102,0.022951005,0.012853416,0.004862236,0.00020109277,0.004865761,2.0169373e-05,0.027764782,0.001412633,3.3842476e-05,0.0004888953,2.1014954e-07,1.3019171e-07
2.9107841e-05,2.4426157e-05,0.011166575,0.096447244,0.19879407,0.2712138,0.1012485,0.07148284,0.02899927,0.09006167,0.017958697,0.0003183978,0.10655853,0.0012920963,0.00018883076,0.0026921434,0.0012817,3.1170104e-05,0.00020331492,7.574426e-07,6.8958207e-06
6.7185397e-07,2.6714908e-06,5.4551743e-05,0.013931067,0.2537354,0.09654439,0.2431232,0.16045053,0.10317567,0.051326446,0.0223039,0.005507235,0.00065657875,0.048428174,5.909945e-06,0.0003910745,0.0001802433,1.1967751e-08,0.00018223931,3.8799076e-08,4.5836996e-09
1.0668522e-07,4.254874e-08,8.0691436e-08,1.4496097e-06,3.831427e-06,0.00094356126,0.010080093,0.06915731,0.026070353,0.023873933,0.05672521,0.045761492,0.30255473,0.015357976,0.06405172,0.20004433,0.16755444,0.01749216,0.00030512243,5.4735365e-06,1.6617743e-05
3.5498686e-06,1.6584133e-06,2.9572593e-06,3.8081937e-05,1.047493e-05,0.0014422246,0.013945093,0.017241463,0.14380975,0.09757615,0.11682591,0.08731222,0.106533304,0.023454182,0.0030033155,0.0033029665,4.8008085e-05,0.035986774,0.34939522,3.5095874e-07,6.641956e-05
9.1185265e-10,1.833543e-08,7.312465e-08,4.601555e-06,0.00010746235,0.00044616414,0.009341795,0.0138502205,0.08572947,0.047556717,0.09552652,0.53767705,0.013265504,0.18686791,0.0025675783,0.00016806198,0.006816394,6.389418e-08,6.836073e-05,6.049864e-06,5.87489e-10
2.63596e-06,5.5112873e-06,1.1517727e-05,0.0002595356,0.0018731167,0.020519745,0.14884157,0.2103218,0.2528446,0.09831946,0.09879739,0.037931707,0.004933758,0.008126624,0.0066589843,0.105322264,0.004724594,0.00043241476,5.928346e-05,1.0559739e-05,2.8960296e-06
1.9589925e-06,1.2610622e-05,0.005916475,0.09137153,0.22217014,0.2612297,0.21252716,0.048190963,0.035792172,0.0052899816,0.004959884,0.00074902386,0.11050274,1.9275374e-05,1.238449e-06,0.0003054374,0.0009575079,2.6704797e-08,1.6695218e-06,4.106068e-07,6.30538e-08
1.1668706e-07,1.8929281e-06,4.592419e-06,0.0020210124,0.017069064,0.24713519,0.31499955,0.21883523,0.07532412,0.10727949,0.0081273625,0.003984372,0.0040134066,0.0008069711,7.197508e-05,0.00013145091,0.00019217384,6.4871536e-10,1.9229722e-06,3.951184e-08,5.0290807e-09
1.2286368e-06,1.4769084e-06,4.6526848e-06,0.00081606087,0.019549498,0.19426581,0.41923755,0.21418566,0.09854118,0.024345107,0.014296797,0.012274551,9.32446e-05,0.0007183929,5.9461345e-05,0.0009845193,0.00061873195,1.2277794e-06,4.621278e-06,1.5753989e-07,1.7773695e-08
8.812887e-06,0.00010596056,0.030284015,0.13866709,0.5169802,0.19054876,0.067881495,0.01900582,0.017979652,0.0019920187,0.008665429,9.568339e-05,0.007674949,4.0012783e-06,4.364121e-07,3.9872622e-05,6.2998704e-05,4.381089e-09,2.6055145e-06,1.00488855e-07,1.3837725e-07
3.7014496e-07,9.3498494e-07,1.3096635e-06,0.0009886096,0.025896631,0.1552069,0.40470862,0.25884104,0.120733194,0.009477657,0.014595367,0.006493639,3.101621e-05,0.00018824314,1.3527183e-06,0.0026511424,0.00018375198,2.7790472e-09,1.7057928e-07,2.863886e-09,2.480085e-09
1.2134739e-06,1.4149923e-06,9.034597e-06,0.077126816,0.0032134259,0.13004506,0.26740867,0.115472406,0.21671592,0.10656526,0.060312614,0.0019303496,0.0017195775,0.00012700481,8.661723e-06,5.364542e-05,0.019280873,3.7371528e-08,8.021425e-06,7.2780484e-09,3.4784033e-08
8.5798695e-07,7.483699e-06,0.00060965784,0.066232845,0.11561946,0.11336914,0.16547911,0.09091717,0.07389792,0.29848877,0.016299313,0.008117013,0.028648794,0.018204631,1.4898491e-05,0.0003717721,0.00018973488,1.6607798e-08,0.0035307351,5.6269226e-07,1.01824405e-07
6.646777e-07,5.422733e-07,1.4591101e-06,0.001529949,5.1922285e-05,0.0028916087,0.046257135,0.08647214,0.15141612,0.22070362,0.07440117,0.11112708,0.077173494,0.0547417,0.0033112615,0.07571229,0.0010394265,0.00039753594,0.092766576,8.95316e-07,3.41797e-06
0.077633806,0.10042375,0.46640986,0.23544201,0.07513959,0.024516335,0.0065438906,0.004464957,0.0026282773,0.00046658173,0.0050086407,5.489051e-05,0.00037538624,0.00014676189,4.5719257e-06,0.00042079092,0.00017125049,3.1483755e-06,7.348448e-05,8.719663e-06,6.330222e-05
0.001058598,0.00028036386,0.00029622522,0.009308168,0.78529245,0.009813283,0.10462042,0.08615962,0.0029991376,7.446931e-06,0.00016400476,1.9881125e-07,7.423615e-10,3.8273093e-10,8.584316e-15,1.0164016e-10,3.9707075e-08,5.6361704e-14,1.9472589e-10,7.8502966e-14,1.2274678e-13
2.3156642e-06,1.0736863e-06,3.51667e-06,0.00027676998,4.804851e-05,0.001496006,0.017066112,0.04131668,0.08317891,0.15430908,0.042467047,0.07501339,0.10174386,0.10938615,0.06747193,0.037879277,0.003889262,0.018123457,0.24627575,5.8751216e-06,4.547155e-05
0.3192016,0.5249366,0.12332265,0.018860798,0.0051845196,0.0028193546,0.0011611321,0.000802499,0.00038766427,0.00011384017,0.0021967327,8.451191e-05,0.00016293096,7.631746e-05,5.920703e-05,0.000295558,0.00011648858,1.6914717e-05,5.676307e-05,7.350839e-05,7.0410606e-05
3.9830002e-08,1.7592434e-07,2.4471412e-06,5.1436e-05,0.00013975141,0.000764517,0.04959613,0.00703823,0.026250988,0.010316512,0.013684352,0.0075062844,0.0010437433,0.3637766,5.440278e-07,0.51930076,0.00050923874,3.490939e-08,5.66267e-06,1.2576321e-05,6.3048464e-09
5.032608e-08,3.1644794e-07,3.6874186e-05,0.0020593451,0.026882542,0.030230466,0.057291497,0.038153265,0.012748739,0.38163313,0.41741154,0.022372402,0.0110320095,2.8068911e-05,2.6942464e-06,3.2944713e-06,0.00010178706,7.624879e-09,1.1477601e-05,5.237725e-07,3.9462458e-10
1.4966942e-06,0.00014679247,0.0029234611,0.02742057,0.014691404,0.11546081,0.18097866,0.030817438,0.08049044,0.016267192,0.06774239,0.41405514,0.048508104,0.00038430205,3.7713806e-07,5.070251e-05,1.53787e-06,1.1582785e-10,2.2695997e-06,5.6877823e-05,1.0551261e-09
6.240405e-07,6.639032e-07,6.7464697e-07,0.0026580798,5.559448e-05,0.004199699,0.23143868,0.15028884,0.16528788,0.046517894,0.12416759,0.19937982,0.03246968,0.008542238,0.0069953427,0.00027461973,0.027117519,1.7173868e-05,0.0005847692,2.3304472e-06,3.7195557e-07
0.0040080864,0.00710061,0.35260436,0.3773848,0.18353693,0.04857173,0.010798645,0.0064883404,0.0042753005,0.00066539296,0.0036808816,2.5152196e-05,0.0005641056,4.466357e-05,6.3823126e-07,0.00011709855,9.0389454e-05,2.474277e-07,3.078134e-05,8.23452e-07,1.1062308e-05
9.4398325e-07,4.970203e-07,1.2244336e-06,0.0008683893,0.0022408296,0.040508926,0.3228451,0.15868019,0.3523821,0.052579775,0.035573065,0.017708706,5.7209803e-05,0.000271574,4.175645e-06,0.015490708,0.000784399,7.4654434e-07,1.4715148e-06,2.0963308e-08,3.405362e-08
4.6425708e-07,1.2577395e-05,0.00028496204,0.0037435372,0.030950464,0.113979645,0.17775396,0.06876838,0.05539964,0.13023902,0.03260375,0.19917127,0.18465868,0.0020476347,8.453286e-05,0.00022472496,5.4475084e-05,5.2306746e-09,1.6737276e-05,5.4885354e-06,2.8939901e-08
1.90819e-06,7.079451e-07,1.5448985e-06,0.00024039153,0.0015956688,0.011458278,0.16935635,0.22062883,0.32197702,0.037567385,0.12119955,0.06326809,0.000103616956,0.00061785156,6.0299826e-06,0.051094968,0.00087581197,3.7861837e-06,2.1341484e-06,5.4378866e-08,4.1096673e-08
1.2056441e-07,1.4978863e-07,5.306294e-08,0.0009265336,3.266131e-06,0.0007573731,0.08299061,0.31819043,0.14493664,0.025028486,0.088340744,0.21741953,0.07237934,0.02908077,0.009628712,0.00022395722,0.00876133,2.274967e-05,0.0013089061,1.3159733e-07,2.6901003e-07
0.22718963,0.3049234,0.29590878,0.11929702,0.030513385,0.010872792,0.0034495583,0.0021676118,0.001105551,0.00020350228,0.0034254438,5.3351883e-05,0.00017799248,0.000119973534,9.331281e-06,0.00029510233,0.00013757827,5.240488e-06,6.0652757e-05,1.9121e-05,6.496134e-05
1.9427744e-05,0.00015497932,0.04039755,0.20799951,0.5030848,0.15531455,0.04959696,0.016980695,0.013092314,0.0020746244,0.006764015,5.7489262e-05,0.0043690884,5.3308117e-06,5.2801016e-07,3.0102796e-05,5.314627e-05,8.981773e-09,4.509199e-06,8.502048e-08,2.3519411e-07
1.2811239e-06,6.77407e-06,1.4532185e-05,0.01540099,0.0042303614,0.070306644,0.15041561,0.08194852,0.1851642,0.08501911,0.29316905,0.014545656,0.06868439,0.007902981,0.0028026698,7.659431e-05,0.020181825,8.98962e-08,0.00012817755,4.5895945e-07,1.08579975e-07
3.0725737e-06,4.4651213e-05,0.0064690122,0.20973259,0.33642367,0.21656156,0.14270659,0.036279224,0.017076928,0.019268695,0.0068830834,0.0028029985,0.0056793024,3.5647496e-05,1.3109678e-07,1.01429705e-05,7.0070946e-06,1.4774684e-10,1.5623415e-05,5.3776056e-08,1.960072e-08
1.0596249e-06,2.2417312e-06,1.2619321e-05,0.008794886,0.04221181,0.049074706,0.22454491,0.36728856,0.24065584,0.021410935,0.01120777,0.0013382402,0.0001465446,0.02683095,2.4874212e-06,0.0043932595,0.00040057022,3.896455e-07,0.0016821083,6.15699e-08,7.53558e-09
9.68436e-08,2.0347753e-07,1.2367882e-07,0.0003083318,4.023639e-06,0.00023891007,0.02828227,0.07707755,0.049550187,0.02231447,0.06815996,0.67970383,0.04348868,0.021888014,0.002294417,0.00042625496,0.000462445,4.308988e-05,0.00575647,3.7643383e-07,2.5577648e-07
8.015015e-07,3.3548048e-07,6.821504e-07,0.00048155658,3.5904914e-06,0.0018067035,0.016561655,0.01499747,0.504551,0.1898281,0.14005978,0.023601945,0.0054389383,0.0046198317,0.00027699472,0.019815736,0.00017160713,0.001586582,0.07615071,3.1163804e-08,4.595588e-05
3.4997544e-08,3.0748062e-10,1.8642399e-09,1.0712537e-05,9.118808e-08,6.6230217e-07,0.0005083564,8.511881e-06,0.0014781132,0.0022650734,0.13157028,0.0010342863,0.00063992874,0.005088179,8.559158e-06,0.29359764,0.0013182423,0.56215835,0.00019070554,6.9728117e-07,0.00012155792
6.749708e-08,6.9861045e-08,4.532361e-08,4.63921e-06,1.13331026e-07,0.00028781898,0.00444288,0.010678094,0.6623639,0.29710934,0.0018320825,0.00047531593,0.0109860385,0.0013401386,0.0030943812,0.005094413,0.001593539,0.00063936296,3.468085e-05,1.5841014e-08,2.3181765e-05
4.288822e-06,2.0306195e-06,1.1418354e-05,0.15321316,0.0015866833,0.019653814,0.18686834,0.12075156,0.30531582,0.1388834,0.024562946,0.0010189484,0.0002101025,0.00017483797,3.0162667e-07,0.04711198,0.00059346965,2.5946088e-07,3.6488513e-05,1.34086156e-08,1.0211838e-07
4.4089327e-05,9.515724e-05,0.04375524,0.43801373,0.3408289,0.14085698,0.0204569,0.0080673685,0.0042315507,0.0012026977,0.002008303,8.039538e-06,0.00040010634,4.1101516e-06,1.8030505e-07,3.514419e-06,1.8450239e-05,1.1893689e-08,4.6319906e-06,1.5290336e-08,8.4260456e-08
3.3807444e-09,6.1199595e-10,1.9843007e-09,5.6241515e-05,3.968575e-08,4.07031e-05,0.000718325,0.003293735,0.0012095505,0.036325652,0.030021511,0.0026655297,0.0008355913,0.0012489876,0.77199686,0.14979006,0.0001180453,0.0015766871,3.7066886e-05,3.4557845e-09,6.5436456e-05
8.542166e-07,8.557802e-06,0.0009868629,0.04646294,0.2177695,0.44167793,0.18631893,0.03941266,0.04517363,0.005210652,0.00814853,0.000441023,0.008220589,2.6270127e-06,5.215881e-06,3.837547e-05,0.000120121076,7.551913e-09,9.261564e-07,4.9315997e-08,2.388986e-08
4.370905e-07,3.6489105e-06,6.4860983e-06,0.00092168764,0.013800899,0.10468427,0.22063652,0.31618303,0.1319896,0.09700393,0.03143862,0.041432265,0.008327619,0.019653391,0.0047929115,0.0073740273,0.001713029,8.3519325e-07,3.2501826e-05,4.1285116e-06,1.0348092e-07
2.2477493e-06,2.7698896e-05,0.0008419336,0.020018637,0.11673991,0.31318673,0.20274581,0.07370288,0.04479893,0.12916656,0.012736439,0.024789408,0.06002651,0.0008940687,4.64699e-05,0.00012367168,0.00010960906,6.2661982e-09,4.0874365e-05,1.5694424e-06,8.4117104e-08
7.4288735e-05,0.00013431108,0.116085485,0.34465763,0.35583535,0.09571249,0.03315803,0.026040137,0.016208088,0.0033497654,0.003850847,2.9980802e-05,0.004206631,8.851163e-05,1.9865729e-07,0.0003318275,0.000223038,3.7797513e-08,1.2149749e-05,1.1394533e-07,1.0971239e-06
8.942979e-09,1.7819573e-07,2.728089e-07,2.4927507e-05,1.9056134e-06,5.0328686e-05,0.0016126627,0.000561019,0.030620683,0.0029196928,0.9184668,0.022325842,0.0032740275,0.019101841,0.0008462341,2.2875573e-05,3.8862478e-07,1.369514e-08,2.638214e-06,0.00016752646,2.7904382e-11
2.6427238e-05,9.972555e-05,0.008449219,0.1989791,0.32441816,0.36274338,0.047687203,0.025311206,0.014473288,0.005468245,0.00996088,5.4134744e-05,0.002117384,2.0333933e-05,8.33473e-06,3.090326e-05,0.00014042997,6.1249374e-08,1.1260349e-05,6.281809e-08,3.3092883e-07
0.0062030763,0.01439945,0.4049561,0.38479963,0.13257924,0.03753487,0.007433811,0.00475786,0.0033990345,0.00039297534,0.002958419,2.1273727e-05,0.00032364414,2.518831e-05,3.0794885e-07,0.00012221315,7.030162e-05,1.252328e-07,1.3890249e-05,7.834758e-07,7.834388e-06
0.00013899159,0.00086205686,0.088456854,0.22075276,0.43174532,0.14170878,0.0420598,0.02684853,0.021564715,0.0037937702,0.00919122,0.00013112708,0.012106501,4.983852e-05,3.9327447e-06,0.00035128003,0.0002092088,1.1030684e-07,2.0085663e-05,9.158597e-07,4.0972695e-06
3.164182e-07,1.0773019e-06,1.2481318e-06,0.00089511124,0.006505422,0.21489577,0.41924527,0.2135363,0.096507,0.030696873,0.009748862,0.004211174,0.00019383115,0.0006135598,6.1624465e-05,0.002177477,0.00070820714,1.621504e-08,7.87575e-07,1.9934268e-08,1.2899135e-08
0.0006858506,0.004106939,0.15179773,0.51459384,0.23683587,0.069391206,0.010246877,0.0049675987,0.0039273463,0.0005055935,0.002235513,1.78664e-05,0.0006142566,5.665e-06,2.3162438e-07,2.4038889e-05,3.710278e-05,1.857327e-08,4.724378e-06,2.4375865e-07,1.5243913e-06
4.2529617e-08,3.1978615e-08,9.409615e-09,3.3391595e-06,1.919256e-06,7.906232e-05,0.010527484,0.038033087,0.6091876,0.026836265,0.309728,0.004278998,3.3188742e-05,1.8435885e-05,1.66617e-08,0.0012516709,1.5742244e-05,1.1368645e-06,3.977371e-06,1.6710473e-10,1.4635453e-09
1.3342542e-07,2.124158e-07,8.592648e-07,0.0011434422,0.025409067,0.20293413,0.5918181,0.11967161,0.049874328,0.0062748543,0.0020041175,0.0007619987,6.6812318e-06,1.8843008e-05,1.5505069e-07,2.483565e-05,5.6562487e-05,5.8380367e-10,1.0904476e-07,4.2643777e-10,2.236539e-10
0.006099583,0.01899116,0.32039988,0.45146734,0.14421158,0.04055721,0.0071596354,0.0041513448,0.00308096,0.00036684697,0.0029478008,2.2837437e-05,0.0003819082,1.6377982e-05,4.3887349e-07,6.1192666e-05,6.381128e-05,1.0688227e-07,1.2184717e-05,8.8181326e-07,7.013616e-06
1.1662604e-06,4.920208e-06,0.00020894916,0.13709581,0.09021987,0.1752704,0.33423707,0.16030471,0.033157554,0.03866896,0.027959358,0.00025094856,0.0023833532,6.445236e-05,2.1555095e-07,5.5480134e-05,0.0001149506,5.5433025e-10,1.8413268e-06,1.5853477e-09,6.07661e-09
2.276262e-05,0.00021435662,0.017392565,0.2513545,0.28361902,0.13091622,0.09309993,0.12028579,0.009996599,0.02672277,0.059679184,0.0003888742,0.0062523712,1.5352818e-05,6.904332e-07,1.050096e-05,2.2598666e-05,2.1067605e-09,5.8255223e-06,6.086671e-08,7.542948e-08
0.00029969946,0.00041213352,0.28037778,0.35908094,0.26269242,0.06268903,0.015482921,0.008985567,0.0059375986,0.00092371,0.002452989,9.223077e-06,0.00051076757,2.533135e-05,5.9610755e-08,6.325778e-05,4.283453e-05,2.9085477e-08,1.2451147e-05,6.10053e-08,1.1907529e-06
2.746301e-06,3.0327258e-06,6.744059e-06,0.00087402924,0.0030984576,0.019833805,0.15857863,0.20671825,0.31008297,0.038980696,0.07437887,0.03090186,0.0006519458,0.0032347506,8.6479275e-05,0.15134442,0.0011494021,3.0457008e-05,4.0890533e-05,9.753616e-07,5.4604294e-07
4.0548798e-07,4.045206e-08,5.2284197e-08,1.0138702e-06,2.6462441e-05,0.00010703307,0.040565144,0.118638024,0.22906582,0.04312841,0.41554397,0.15205875,2.0508902e-05,1.8901135e-06,2.730391e-07,0.0004020176,0.00044011575,1.08698515e-07,9.42244e-09,5.283834e-10,2.4901148e-10
1.4712073e-06,4.5160027e-06,1.5745407e-05,0.0043151923,0.023703115,0.051334742,0.19339389,0.2737175,0.2807075,0.057787422,0.012256521,0.007975476,0.0020082307,0.077205464,0.00021949766,0.008318404,0.0028501966,8.998635e-06,0.0041734134,2.59086e-06,1.11621624e-07
1.8052144e-07,3.4120385e-06,0.00012522041,0.011567269,0.17577773,0.22347279,0.3436523,0.08430755,0.050846994,0.06595035,0.011053915,0.016799757,0.015880601,0.00046311322,1.7836496e-06,7.1219714e-05,2.0785523e-05,1.9409657e-10,4.9933515e-06,2.674495e-08,6.7582495e-09
0.00014153676,0.0005296219,0.07289031,0.5287164,0.30474618,0.070871994,0.013081199,0.0042728214,0.002769664,0.0003629327,0.0013905835,5.9103822e-06,0.00020137399,1.5104517e-06,5.1257867e-08,2.4852793e-06,1.3057773e-05,3.4813086e-09,2.1733172e-06,2.2605498e-08,1.4219299e-07
0.00014924331,0.0008930647,0.05997134,0.31201923,0.21449913,0.07941528,0.12519024,0.082989454,0.04523393,0.018418342,0.053443916,0.0020834217,0.0022908046,0.0009582255,1.203985e-06,0.0017956621,6.589679e-05,1.6299598e-08,0.0005784576,1.3876271e-06,1.727213e-06
1.7959992e-06,1.0499675e-06,2.2224801e-06,0.00041073,0.0007869299,0.011806947,0.12757169,0.15452193,0.345599,0.0694364,0.08835626,0.029461075,0.0003628956,0.00093430857,4.6882462e-05,0.16916475,0.001513116,1.3213581e-05,8.260257e-06,1.8395187e-07,3.6877717e-07
1.6186665e-06,1.4418862e-05,0.0007183725,0.11974167,0.26832873,0.32056862,0.19887209,0.044653114,0.026049672,0.014538809,0.0058251135,7.767766e-05,0.000579302,1.1803068e-06,2.3743802e-08,2.9473864e-07,2.8931752e-05,5.5374014e-11,3.970505e-07,8.2962337e-10,2.0641913e-09
6.5115835e-08,5.061184e-07,2.749968e-07,0.000535919,0.0010409332,0.14669304,0.25516725,0.44459322,0.07755806,0.057134476,0.0059092147,0.0012600682,0.0011408018,0.0023617684,0.00030186525,0.00019844972,0.006087446,2.6052083e-08,1.6483822e-05,1.7964318e-07,8.159682e-09
1.5241982e-07,2.0774783e-06,4.194212e-06,0.0004127782,0.0013790381,0.09222664,0.18744087,0.23745582,0.055557687,0.26657307,0.04295048,0.051297642,0.036824726,0.0083779385,0.016349511,0.00056238443,0.0024652062,3.749758e-07,4.6572422e-05,7.2768984e-05,5.8371707e-08
5.000026e-06,2.3223558e-06,1.7664595e-05,0.22978197,0.0012712966,0.035507772,0.16591609,0.0997105,0.19115879,0.21508096,0.046986524,0.002687962,0.00031193113,0.00015072292,2.2973886e-06,0.009172736,0.0022109488,9.19005e-07,2.3354698e-05,3.2376658e-08,2.4777654e-07
2.9232376e-07,6.552134e-06,0.0001691337,0.008310259,0.09457956,0.2955207,0.2841778,0.08027636,0.052107316,0.11170196,0.012325451,0.02151231,0.038735297,0.00045163077,1.2112504e-05,6.7842724e-05,3.896898e-05,4.3282677e-10,6.2345784e-06,1.740115e-07,1.0042552e-08
8.735506e-07,1.4970433e-06,1.7206436e-05,0.010420884,0.09986002,0.22681503,0.40464932,0.1765819,0.06045717,0.017300697,0.0026089572,0.0007208575,8.353456e-05,0.00022170349,1.167534e-06,4.548878e-05,0.00019117689,1.3089272e-08,2.2453069e-05,1.1819737e-08,2.4008124e-09
1.303049e-07,3.6287382e-08,4.888816e-08,2.6281881e-09,1.9697168e-06,8.092696e-07,0.0016834671,0.008201877,0.012660392,0.0023679922,0.31833795,0.65668476,2.9253448e-05,5.026268e-07,1.1818661e-05,1.10534365e-05,7.63204e-06,2.947147e-07,6.7431427e-10,4.4297774e-09,2.209177e-11
1.4361548e-05,9.083211e-07,7.758132e-07,0.0043259854,1.2418789e-05,0.0013079639,0.06906375,0.06717259,0.50459504,0.16390684,0.018921966,0.0019895537,6.183228e-05,3.6222427e-05,3.0334957e-07,0.00029355378,0.16825241,7.919561e-06,3.5277237e-05,1.297371e-09,3.9551867e-07
5.2505845e-07,1.3332785e-06,2.1814642e-06,7.892279e-06,7.202846e-06,2.7755217e-05,0.0019094155,0.0017081727,0.090921886,0.0784668,0.16157517,0.20425776,0.026449773,0.0008196215,0.42754546,0.0014169558,0.0011677372,0.0036294207,1.7615237e-05,6.649373e-05,7.921155e-07
2.604087e-05,6.8322566e-05,0.075087965,0.3397109,0.3781936,0.15179719,0.03069597,0.011735183,0.006742222,0.0021394535,0.0023466062,1.4309079e-05,0.0013947717,4.65547e-06,1.9756322e-07,1.0672181e-05,2.747816e-05,1.5396433e-08,4.3739765e-06,2.8585205e-08,1.2687713e-07
7.234023e-05,0.00023084586,0.14149734,0.35792303,0.3417921,0.0890447,0.027758338,0.019675154,0.013567081,0.0019859653,0.0032525826,2.7018503e-05,0.0028422596,3.1521475e-05,1.1277583e-07,0.00016627356,0.00012552286,1.3798561e-08,6.9594894e-06,1.1626643e-07,7.6502533e-07
0.0006450532,0.0019940909,0.25683492,0.42448166,0.2254131,0.058222402,0.014060816,0.007797132,0.005666244,0.00075568975,0.003151698,2.137324e-05,0.0007673332,2.2209884e-05,1.6648877e-07,9.0025045e-05,6.1504965e-05,3.749527e-08,1.1406804e-05,2.5490434e-07,2.8791696e-06
2.1881873e-10,3.2566807e-09,1.8559475e-09,5.281431e-08,8.683725e-08,8.4519013e-07,0.0041783485,5.9983962e-05,0.0056361468,0.00048013218,0.037342686,0.947888,0.0002651518,0.0002473493,4.51256e-06,2.022287e-05,5.0337145e-05,4.6361038e-05,1.0156495e-09,0.003779712,1.9289544e-11
3.4453757e-07,8.779326e-07,4.9535756e-06,0.0011069817,0.0009418839,0.020712629,0.09934408,0.06564417,0.04772101,0.3487682,0.14485312,0.03848146,0.170646,0.018567292,0.030863544,0.00047990237,0.011527364,1.23485315e-05,0.0003188252,4.8884376e-06,1.6009992e-07
3.8194695e-08,1.828743e-08,4.5959077e-08,1.3839476e-05,9.0685324e-07,0.00043045054,0.0026203482,0.0057985387,0.021109538,0.031160312,0.0034654154,0.009539791,0.026572399,0.0034901877,0.00039662968,0.0012397467,6.27625e-06,0.00028664208,0.8938682,8.498721e-09,7.276409e-07
2.1934372e-07,1.2791822e-06,1.1122991e-05,0.0044821464,0.11619818,0.28996348,0.42001757,0.11160405,0.039756678,0.013633582,0.0024382467,0.0015475665,0.00022525215,6.0077982e-05,6.2232766e-07,2.5753212e-05,3.3549688e-05,2.9059252e-10,6.276048e-07,3.9979704e-09,1.3996772e-09
8.1200774e-08,5.6950273e-07,2.893168e-07,5.729727e-06,3.3283318e-06,9.5297306e-05,0.0040448513,0.010737905,0.034134742,0.015960408,0.37716565,0.031401645,0.036197577,0.0024771148,0.48602417,0.0008622644,0.00082481053,1.1298066e-05,1.6385842e-05,3.5706442e-05,1.15695656e-07
8.584424e-06,6.760497e-05,0.0059732143,0.07475258,0.30793813,0.44403285,0.08214451,0.027828028,0.031169288,0.005433391,0.007838713,0.000101906924,0.012380991,8.057033e-06,1.6198721e-05,0.00010620247,0.00019443993,2.648197e-08,4.87065e-06,1.4389302e-07,2.8753433e-07
1.2415467e-10,4.9811304e-11,9.411064e-10,5.175244e-06,1.7655618e-06,0.0021396119,0.0027643808,2.9606521e-05,7.487055e-05,0.001401595,9.361733e-06,0.0021641664,6.521696e-06,0.0035053794,9.789875e-07,4.93148e-06,2.0351116e-07,0.98789084,6.0265023e-07,6.380132e-11,3.7746024e-09
6.0191112e-05,1.2827007e-05,1.1714684e-05,0.0019804263,9.5437514e-05,0.0020113294,0.06126088,0.1264516,0.45836732,0.13308977,0.12745047,0.041587584,0.000954864,0.001010568,2.1829754e-05,0.0056450916,0.03910903,0.0004263063,0.00044051817,4.4108083e-07,1.1723793e-05
3.1386642e-06,1.1810807e-06,1.9835236e-06,0.005231951,5.4342952e-05,0.0047127116,0.033989836,0.053036716,0.4853113,0.24455021,0.072300136,0.0054308455,0.0006248239,0.0003910201,2.351336e-06,0.09227559,0.0012816458,2.562694e-05,0.00077305036,3.4511146e-08,1.4455951e-06
2.1085048e-08,5.9331065e-08,4.974907e-07,2.0503046e-05,0.00013379296,0.0016480878,0.029653722,0.024942745,0.017378766,0.14894275,0.059458297,0.0105031375,0.3996799,0.047047023,0.2526091,0.00037087826,0.007081489,2.7252887e-05,0.0004979168,4.102573e-06,2.5529754e-08
0.0001049249,0.00030805456,0.0334235,0.30581284,0.27180654,0.09166173,0.12177531,0.07236915,0.042108685,0.019968506,0.033463016,0.00078946236,0.0010131926,0.002927446,1.2866742e-06,0.0005233647,9.9266734e-05,2.0831212e-08,0.0018421619,3.081769e-07,1.2411265e-06
5.4644215e-06,2.0406571e-06,5.5429673e-06,0.0022765894,3.9603394e-05,0.0035925596,0.025600463,0.02473694,0.31976953,0.23054223,0.069162905,0.012312945,0.011114952,0.007024779,0.00026584003,0.21708544,0.001311787,0.00093521224,0.07416295,3.625485e-07,5.1837524e-05
1.6517879e-07,9.831317e-08,4.1003677e-08,3.9401157e-06,9.440879e-05,0.0004488632,0.04268035,0.20640463,0.43267712,0.0053825765,0.28119296,0.030558856,4.16871e-06,5.5296663e-05,2.3034694e-08,0.00047662386,1.8380304e-05,9.9779e-07,5.0916265e-07,1.1530502e-09,2.5298733e-10
0.00030154173,0.0004980951,0.22717836,0.36141124,0.28950423,0.078353964,0.017624026,0.011931782,0.007775325,0.001411064,0.002640972,1.4829853e-05,0.0011064209,3.5266225e-05,1.752547e-07,0.000117192525,8.038563e-05,4.9523464e-08,1.3055138e-05,1.241837e-07,1.8845683e-06
4.2475526e-07,3.5878418e-06,4.951816e-06,0.03131136,0.0032022945,0.43107495,0.15210973,0.17325316,0.14113908,0.023541234,0.02173824,0.0002710789,0.0014191191,4.5286735e-05,0.020219145,0.00017163933,0.00049134874,1.0681706e-08,3.268596e-06,4.409626e-09,1.0283274e-07
1.3316358e-06,3.3414628e-05,0.0034215762,0.10829263,0.40676174,0.19965236,0.12425092,0.06266091,0.018370017,0.029105242,0.038491543,0.000866519,0.008070813,4.687617e-06,8.324136e-08,1.3226673e-06,1.3826257e-05,1.2183761e-10,1.0126233e-06,1.2026655e-08,3.7526853e-09
0.6216908,0.25274613,0.11417961,0.004596022,0.0012971126,0.0007508475,0.00045400814,0.00042017366,0.00021273067,0.00018083048,0.002303552,6.989171e-05,0.00018302436,7.743297e-05,0.00031227394,0.00033749157,5.492988e-05,1.9591696e-05,5.7090372e-05,2.7934813e-05,2.8519347e-05
5.900841e-06,1.109155e-06,3.9887623e-06,0.14745705,0.00044381633,0.013311732,0.18997483,0.06167224,0.39245808,0.1659926,0.023889191,0.001048712,2.2533273e-05,1.700826e-05,4.8443958e-08,0.0016443427,0.0020528983,1.9020064e-07,3.626033e-06,1.9347022e-09,7.156317e-08
0.0003091845,0.00030380278,0.17024145,0.33555886,0.34081522,0.077091426,0.024677213,0.024853403,0.014818588,0.0028963902,0.004526618,2.5727402e-05,0.0026730043,0.00023453154,3.7761836e-07,0.00066616305,0.00027460954,1.5706865e-07,2.9117735e-05,2.1738883e-07,4.001133e-06
0.0004717892,0.0017261618,0.1459421,0.46341732,0.28520146,0.07239565,0.014935154,0.00710603,0.00460299,0.0006847969,0.0027160856,1.7647655e-05,0.00069894455,8.564063e-06,3.3311463e-07,2.17196e-05,4.2695094e-05,2.974216e-08,8.97015e-06,1.7666244e-07,1.466619e-06
2.249301e-06,1.4346832e-06,2.5934123e-06,4.852131e-05,0.00010074916,0.0013929118,0.04081293,0.059911583,0.37495437,0.18739416,0.22901623,0.031323142,0.0011290438,0.0003727497,0.000105354186,0.07216702,0.0011577555,8.6380365e-05,1.9050987e-05,2.4438586e-07,1.5058954e-06
4.2012738e-07,5.8077712e-06,0.0010222034,0.053654768,0.054662157,0.120990634,0.17983705,0.12708455,0.07953706,0.2685722,0.019900052,0.022727095,0.06481409,0.0037415598,3.0961842e-06,0.0018336895,7.382282e-05,2.3971831e-09,0.001537575,2.0792506e-06,7.532655e-08
1.5922166e-07,2.7947257e-07,2.6177065e-07,3.7264679e-06,2.5492038e-06,0.0012053003,0.010495656,0.053055625,0.6796624,0.07094622,0.049977142,0.0071232314,0.007346278,0.011117617,0.0024814233,0.009932819,0.00042770948,0.0957969,0.00036607467,2.0717559e-07,5.8452366e-05
2.4427798e-06,1.2911003e-06,3.8743187e-06,0.0005433471,0.012023737,0.049454983,0.34203157,0.2522661,0.21320415,0.021552473,0.05418062,0.045981348,6.0119837e-05,0.0008969016,6.630925e-06,0.007352178,0.00043344425,2.3165699e-06,2.3513905e-06,8.8260904e-08,1.8965642e-08
1.6386736e-06,2.0770897e-06,4.040345e-06,0.03768383,0.00095031736,0.12001126,0.4181718,0.050491173,0.2605246,0.08992094,0.010391171,0.00038858864,0.00039187717,5.4492513e-05,1.3253265e-05,1.6339493e-05,0.010974548,2.2106581e-08,7.932005e-06,1.3184785e-09,5.243465e-08
1.0972117e-07,5.832933e-07,4.263651e-06,0.0029998736,0.13740928,0.32939437,0.38245907,0.109520145,0.030802308,0.0047544856,0.0021321245,0.00044395062,3.8571794e-05,2.1173608e-05,6.5456234e-08,9.615069e-06,1.0014599e-05,9.563426e-12,5.2908074e-08,1.6792862e-10,1.5729222e-10
3.8780786e-06,3.9028797e-05,0.0051140627,0.17663585,0.17418219,0.1317928,0.18997262,0.09396205,0.06371593,0.108236186,0.02456113,0.006737017,0.020186668,0.0032315415,1.9592626e-06,0.00043770857,5.5682798e-05,4.4607917e-09,0.001133016,4.6722627e-07,2.440369e-07
1.2652171e-06,4.4384127e-05,0.0014864211,0.08085214,0.34050557,0.2377621,0.15839685,0.025266035,0.07568728,0.029127624,0.042087324,0.0009418531,0.0077935806,1.5938533e-05,1.7860286e-07,6.77722e-07,2.935677e-05,2.976097e-11,1.3872863e-06,8.8387475e-09,1.7955052e-09
5.587441e-07,3.9749565e-07,4.7844213e-07,0.00017154225,3.3924834e-06,0.0029096052,0.017447067,0.017469173,0.5701585,0.10213763,0.12988617,0.12186947,0.0025262977,0.007984813,0.0002541733,0.0023388746,3.154304e-05,0.008800382,0.015946059,4.4187708e-08,6.38121e-05
1.6810836e-07,1.0118671e-06,1.2278203e-06,0.024939418,0.0030276016,0.45860574,0.17078714,0.14880635,0.16392727,0.010180518,0.018565914,6.0022085e-05,0.00012363427,1.2383139e-05,0.0002136775,3.8318452e-05,0.0007093442,8.1530077e-10,1.8299556e-07,1.2380168e-10,6.2850365e-09
1.296698e-06,1.6852316e-06,7.5068415e-06,0.0013201223,0.2134109,0.19623946,0.25453293,0.2788827,0.03548999,0.0031402009,0.012199391,0.0040752464,1.3093862e-05,0.0005067945,5.826572e-07,0.00013815954,3.9352173e-05,1.7334921e-09,5.671189e-07,3.1752105e-09,5.344094e-10
1.1339109e-08,5.6768207e-10,4.193019e-09,1.4908021e-06,1.2420435e-08,0.00024770934,0.0022316433,0.014692706,0.029297898,0.03493848,0.011401647,0.00035742283,0.0047946954,0.01750996,0.030697463,0.84409094,0.0005420308,0.003696253,0.00015654584,4.2445008e-09,0.0053429753
5.8408614e-07,2.285873e-07,2.536541e-07,1.8599956e-05,1.7839624e-06,0.0024777304,0.015798358,0.024928955,0.15087101,0.06271138,0.042800616,0.25475994,0.069266625,0.01915154,0.0029478222,0.0012230922,5.62529e-06,0.040730935,0.31224462,4.367385e-08,6.0285813e-05
0.00027712985,6.2233565e-05,6.28766e-05,0.0070602,0.00016947217,0.0037027355,0.06863255,0.06737537,0.29744714,0.20094799,0.023376089,0.01656512,0.0027214657,0.0022541352,0.00021769677,0.008783354,0.29468563,0.0025516185,0.0029639911,2.2230167e-06,0.00014100804
0.10398907,0.14601369,0.27856228,0.27345994,0.09860964,0.026330847,0.027741745,0.020451073,0.0021858902,0.0011316778,0.020580625,0.000119935714,0.0004097106,5.6105542e-05,6.2982185e-06,9.429488e-05,0.00021299405,4.0092962e-07,2.0900072e-05,5.4189854e-06,1.7456685e-05
6.392722e-07,6.383417e-06,0.0004248211,0.024207251,0.054371495,0.09373095,0.26457754,0.13383605,0.08793837,0.01462388,0.022895452,0.023545958,0.27522358,5.9667927e-05,3.2178734e-05,0.0024798969,0.0020370195,2.742075e-07,3.7420389e-06,4.7629956e-06,1.5201664e-07
2.6378489e-06,2.5760455e-06,1.2526448e-05,0.012728676,0.0015458204,0.017135944,0.058949094,0.20376767,0.11637868,0.17493397,0.070436016,0.004962538,0.014878056,0.069003254,0.0030740027,0.24500118,0.0044187144,2.8978275e-05,0.00273761,1.4710826e-06,5.345991e-07
2.2550104e-08,1.248641e-08,3.1122315e-08,5.775029e-06,1.4598058e-05,0.0017968871,0.032117847,0.016976452,0.023836326,0.08831982,0.047027692,0.013988934,0.0451873,0.43348387,0.07014436,0.0685351,0.15253335,0.0022880626,0.0036295953,0.000112040885,1.9062012e-06
1.7656196e-06,2.0750276e-05,0.0027225595,0.041747104,0.17792073,0.14959753,0.14650229,0.16482387,0.015477241,0.10688991,0.1464731,0.0025959106,0.045091603,6.022339e-05,2.8372533e-06,2.698141e-05,3.54482e-05,2.9018963e-09,9.966124e-06,1.2851312e-07,1.9303874e-08
2.1659462e-06,6.32761e-06,0.00031095804,0.036361806,0.39981285,0.26395187,0.2000629,0.06851123,0.018231241,0.008768213,0.0029583995,0.0006909052,0.0002163568,8.531772e-05,1.4108059e-07,1.0896886e-05,1.4994583e-05,1.8325153e-10,3.429897e-06,4.081263e-09,4.6849866e-09
2.4372204e-08,2.6474743e-07,4.0371555e-07,4.0379677e-05,2.6019045e-05,0.016498558,0.05712754,0.021928888,0.028469782,0.05147101,0.73675543,0.054564144,0.01714407,0.0049656136,0.009921433,5.0976298e-05,0.00029226198,1.9417062e-08,1.1013952e-05,0.00073215144,1.9497959e-09
1.3344852e-07,3.080409e-08,2.1924816e-07,0.042065643,0.0005744423,0.018320026,0.549578,0.03106028,0.29601517,0.058945343,0.0030625064,1.0972247e-05,2.7789568e-07,5.787986e-08,4.0741067e-11,8.3931565e-07,0.00036595823,2.6022066e-11,8.96563e-09,1.8913767e-13,6.2511614e-11
7.356334e-07,1.2649103e-06,1.4938637e-06,3.8084647e-05,2.2033548e-05,0.0037074916,0.028102089,0.114386424,0.57064307,0.10719332,0.02871032,0.0079556545,0.032202758,0.013813602,0.0123824505,0.0359816,0.01881361,0.025307177,0.00069227116,4.693388e-06,3.9849343e-05
1.2700193e-07,8.9064054e-07,2.4197438e-05,0.0014459743,0.0039745662,0.024643889,0.061266173,0.05992803,0.067359716,0.5021626,0.012201835,0.061260503,0.1618418,0.027368452,0.0015785446,0.0014133705,0.0021928663,3.3970883e-07,0.011210208,0.00012577833,1.13013016e-07
1.7253353e-06,1.1836198e-07,1.03840065e-07,0.0046338188,6.9057783e-06,0.0037576712,0.24220295,0.040999174,0.4304549,0.27007288,0.0021132205,0.0011128549,6.9787907e-06,9.817075e-06,2.5708144e-07,2.665607e-05,0.0045935926,8.172486e-07,5.4665475e-06,6.297405e-11,5.7027545e-08
9.3207345e-05,0.00028111428,0.20123048,0.4393861,0.27167317,0.060870867,0.0140365,0.0058508706,0.0040309103,0.00049208227,0.001716126,5.896185e-06,0.00029956579,3.7792954e-06,1.2609773e-08,1.2004107e-05,1.4380605e-05,2.6436562e-09,2.7323279e-06,1.7484345e-08,2.0730339e-07
3.1000548e-06,2.799315e-06,3.2083317e-06,9.1646456e-05,0.0013448172,0.006980624,0.08347269,0.29115495,0.43403,0.017417932,0.10701348,0.03417313,0.0004789938,0.0053771436,3.8540817e-05,0.016686473,0.0012393126,0.0003473331,0.00014286135,8.606571e-07,1.5947604e-07
1.2190206e-07,4.5377502e-07,2.105071e-06,0.017672615,0.009259616,0.82220256,0.10257307,0.023206996,0.02201218,0.0019151059,0.0010987752,4.3353825e-06,4.6781493e-06,4.3004198e-07,1.8531003e-06,7.738704e-07,4.427555e-05,2.512534e-10,1.5485373e-08,1.752596e-11,2.5398394e-10
2.8247808e-07,7.0416163e-06,0.00055419304,0.019223735,0.060659178,0.054760166,0.19590831,0.098070934,0.13618924,0.19910713,0.042502046,0.061979048,0.09325811,0.035467826,6.3441703e-06,0.0008909378,0.00010530597,4.039934e-09,0.0013094114,7.5940375e-07,6.83449e-08
1.5962578e-06,1.8690936e-05,0.0009093126,0.039097745,0.17320828,0.25947943,0.14928477,0.13816397,0.11659758,0.012413289,0.060313478,0.001799919,0.047580384,4.1996936e-05,0.0001422546,0.00043528638,0.00050489197,2.8210536e-08,6.612482e-06,3.5043803e-07,1.793577e-07
1.4761387e-06,2.2648776e-06,1.2649766e-06,0.009527917,0.00010503089,0.012340482,0.22966439,0.09888918,0.4485145,0.045768593,0.07675103,0.011387762,0.03218058,0.008865143,0.0017991321,6.659547e-05,0.022881377,1.2988756e-06,0.0012514275,2.7865417e-07,2.3050957e-07
5.8547e-06,2.4657176e-05,0.00074087875,0.094311774,0.18610804,0.5709929,0.081132196,0.035677757,0.018960007,0.0037519871,0.007876824,3.2585176e-05,0.00027824653,4.5917614e-06,2.933055e-06,1.1067891e-05,8.6771244e-05,5.771639e-09,9.198871e-07,5.4097744e-09,3.139065e-08
1.1962734e-08,1.0413604e-08,9.405647e-09,0.0040573855,7.6203327e-07,0.0035469201,0.03181637,0.03198327,0.030547146,0.057393927,0.007491525,0.001263738,0.000606366,0.00038334058,0.822368,0.00839534,0.00011160549,5.7099164e-06,1.9518315e-05,1.6507918e-09,8.900092e-06
1.3446611e-06,1.3168188e-05,0.00016617878,0.009630588,0.040695403,0.08010911,0.11123477,0.035140265,0.17623347,0.120788224,0.37776408,0.016231993,0.029917883,0.0009723111,0.00015867651,1.4684433e-05,0.0008711335,3.055734e-08,5.529072e-05,1.3666208e-06,3.1300548e-08
6.040464e-07,3.554309e-07,6.7175247e-06,0.24946381,0.0040794383,0.049019594,0.37134,0.11565837,0.14252026,0.059289873,0.008375569,0.0001096425,4.4381286e-06,2.4201915e-06,1.8564863e-09,6.66866e-05,6.1854735e-05,1.5260732e-09,3.1832408e-07,6.383775e-11,6.274829e-10
2.7885299e-05,0.00012521315,0.03750736,0.16454442,0.38518834,0.19955435,0.0833037,0.04744466,0.029911311,0.007337674,0.006569083,0.00015586476,0.037077837,5.376252e-05,2.8682625e-06,0.00061184244,0.00057063164,8.0884966e-08,1.1500623e-05,4.7395733e-07,1.1068097e-06
9.506937e-09,9.395429e-08,6.8159767e-09,3.1830696e-06,3.3496713e-07,0.00012979383,0.0012798798,0.0030292587,0.005541111,0.011013842,0.0077245757,0.00029200412,0.0045147575,0.0021751234,0.96401626,0.00013559859,0.00014052071,2.0634454e-08,3.6922352e-06,3.028874e-08,6.8201516e-09
4.6615742e-08,1.00822895e-07,7.773623e-08,1.9208759e-08,2.1167222e-07,5.705769e-06,0.0016177838,0.0032553824,0.020995451,0.01605511,0.9078754,0.011849336,0.025965054,0.00079208653,0.0022188902,0.00029729755,3.495454e-05,0.009008089,2.8723827e-05,3.1065042e-08,3.3114785e-07
7.5496916e-07,6.0582533e-07,6.006832e-07,8.8603665e-06,4.935821e-05,0.0005134412,0.040539574,0.06389032,0.34808743,0.14577089,0.18077251,0.010381922,0.120291956,0.003874562,0.00022653579,0.07561932,0.0015373811,0.00014957458,0.008284048,1.9281137e-07,1.2283814e-07
4.7661988e-08,3.842423e-07,5.1447046e-06,0.00052137906,0.0010425696,0.0087725,0.05787184,0.050481122,0.025180412,0.19384676,0.070824675,0.0239316,0.55306894,0.010123881,0.0028441597,0.00028525287,0.0010912025,4.4993044e-07,0.00010682543,8.5364377e-07,1.8378488e-08
0.0002893058,0.0004878522,0.2737441,0.37196866,0.25863558,0.05997127,0.016126782,0.0086140055,0.005814832,0.0008456779,0.00284534,1.0212771e-05,0.00052187906,2.0667268e-05,6.6638734e-08,5.074326e-05,3.897655e-05,2.281432e-08,1.2777475e-05,6.4035135e-08,1.1802539e-06
2.3599501e-05,4.005597e-06,2.973589e-06,0.017231533,4.838274e-05,0.003926257,0.049205117,0.0560076,0.3468919,0.22848266,0.024898652,0.0018731582,0.00088862807,0.00043328106,3.3247431e-06,0.013484558,0.25603524,1.79908e-05,0.0005366217,1.9777264e-08,4.50425e-06
0.0070736227,0.01809248,0.3895178,0.39983433,0.1295452,0.036077935,0.007638806,0.0046205767,0.003259376,0.00038822976,0.0033405714,2.500496e-05,0.00035645746,2.5547402e-05,4.1024572e-07,0.00010611496,7.1038136e-05,1.4359892e-07,1.6221535e-05,9.678623e-07,9.1577585e-06
0.0003517521,0.00077238114,0.26459455,0.41662887,0.23783912,0.052693095,0.013306909,0.0062513137,0.004288977,0.0005274211,0.00233614,8.570255e-06,0.0003278088,1.0488115e-05,4.1798845e-08,2.8520666e-05,2.5212668e-05,1.3717232e-08,7.7531095e-06,5.6695857e-08,9.331539e-07
1.4636848e-06,8.9577503e-07,2.4764697e-06,0.00026577045,3.093871e-05,0.001392835,0.019666493,0.019444164,0.13603833,0.22762257,0.06426687,0.010809777,0.0517689,0.0071641337,0.0004229361,0.0720917,0.00017187379,0.0005101058,0.3883161,1.5000272e-07,1.1475251e-05
3.0304597e-07,2.0902944e-07,2.3751147e-07,4.379897e-07,1.20815785e-05,4.877665e-05,0.013013663,0.026517186,0.10522376,0.057420727,0.7132386,0.0823464,0.0003350962,2.9277839e-05,2.2506014e-05,0.001647195,0.00012788766,1.5328023e-05,2.8226202e-07,3.0090607e-08,1.199582e-08
8.8629974e-07,1.0168544e-06,2.2274626e-06,2.2788236e-05,6.251838e-05,0.00077698426,0.028603386,0.045762666,0.28978187,0.097043425,0.40579897,0.012931585,0.002317705,0.0007217916,8.521983e-05,0.11539219,0.00043498934,0.00019731987,6.0869777e-05,1.8999975e-07,1.4600299e-06
7.968574e-07,1.5916848e-06,9.147598e-06,0.006778852,0.0010376694,0.022063628,0.04666443,0.24847095,0.16663036,0.12982652,0.17663164,0.073777765,0.00967973,0.014781867,0.0055189757,0.0911673,0.0004215181,0.0014826932,0.005043671,9.697324e-07,9.949168e-06
6.339618e-07,2.9018327e-05,0.00079345726,0.008008818,0.015995957,0.06037551,0.18426883,0.045727186,0.038749408,0.03100192,0.029266758,0.4507225,0.13354062,0.0011106884,3.2745832e-06,0.0003403854,2.3614804e-05,1.4639178e-09,1.1886019e-05,2.9533061e-05,1.3731642e-08
0.0042656926,0.008606957,0.38228416,0.38165614,0.15785992,0.042898644,0.008950056,0.005414752,0.003787816,0.0004916283,0.0031393277,2.046397e-05,0.00038704684,2.9328188e-05,3.2198886e-07,0.000109186716,7.195531e-05,1.3742554e-07,1.8078224e-05,6.346541e-07,7.73369e-06
4.925954e-08,4.1682778e-08,5.7718243e-08,2.8318393e-06,2.4635965e-06,0.0006415913,0.008661136,0.038814075,0.70583636,0.078547426,0.15318988,0.008788318,0.00034763975,0.0010928495,4.667269e-05,0.0032275359,7.7501136e-05,0.0006997005,2.2775972e-05,1.080105e-08,1.1245259e-06
0.0001509196,0.0023990844,0.032392964,0.16435555,0.09688128,0.072907634,0.22423644,0.12418895,0.08923888,0.020588227,0.075542115,0.06865206,0.016116371,0.0026089544,3.0936583e-06,0.009465512,0.00012340922,3.8349707e-08,9.5039126e-05,5.230655e-05,1.1791645e-06
3.3026556e-06,0.000115903174,0.008384124,0.043299634,0.3852209,0.20255461,0.076890014,0.0383405,0.12065824,0.0026869809,0.04061604,0.0011555799,0.078934774,4.0568946e-05,2.603212e-06,0.0007090738,0.00038295586,2.6870697e-09,2.6697123e-06,1.4060898e-06,1.3142375e-07
3.2957938e-05,7.1626105e-06,1.7567494e-05,0.13601863,0.0010724906,0.025238458,0.255454,0.09004445,0.25579163,0.15932004,0.03686507,0.0011527651,0.00016197251,0.00014108463,7.7773836e-07,0.0041490695,0.0345118,8.3112894e-07,1.837488e-05,1.3292998e-08,8.783563e-07
0.00033430787,0.0012503568,0.20808995,0.4460915,0.24718386,0.06663175,0.013058781,0.0077969306,0.0057500754,0.00067601993,0.0022169708,1.5259513e-05,0.00076140894,1.2259457e-05,8.593813e-08,6.948311e-05,5.476365e-05,1.4065573e-08,4.8263964e-06,1.4144202e-07,1.2028513e-06
5.7806943e-07,2.0406167e-06,1.0893101e-06,0.018156799,0.00028785886,0.047578175,0.07061516,0.36545205,0.26694456,0.042714324,0.11406406,0.002552129,0.0013563726,0.0015682,0.057518516,0.009605478,0.0015559492,7.5214916e-07,2.4932073e-05,1.9152843e-08,1.0522552e-06
1.0367845e-06,1.6264878e-05,0.001336862,0.019538699,0.173357,0.14963941,0.15595797,0.13955268,0.01782967,0.10839611,0.17161807,0.006765751,0.055840973,6.9165e-05,3.7977206e-06,2.1523656e-05,4.795696e-05,3.3882008e-09,6.7420897e-06,2.2370138e-07,1.1686734e-08
6.7056775e-05,0.00025881504,0.08788812,0.44604996,0.34542537,0.091757245,0.016375914,0.006017555,0.0038247756,0.00063719787,0.0012443166,6.21124e-06,0.00042226547,1.6778947e-06,7.1745006e-08,4.7634217e-06,1.64393e-05,3.8296437e-09,2.1439305e-06,2.3442551e-08,1.3125101e-07
0.00013152917,0.000103769395,0.17301042,0.2977751,0.3328184,0.104327805,0.03397291,0.025300428,0.015641218,0.0055637807,0.0065197716,2.8635517e-05,0.003906458,0.00025800406,5.5395526e-07,0.0003804845,0.00019047808,2.390224e-07,6.764572e-05,1.2313892e-07,2.2688112e-06
1.1594876e-06,1.4468238e-06,7.429429e-07,0.0034326417,5.779924e-05,0.036645576,0.05056118,0.1428047,0.42274573,0.11864069,0.08178677,0.0024617712,0.00059444114,0.0038735655,0.11322086,0.018255848,0.004873027,7.757726e-06,3.1640095e-05,2.2794557e-08,2.6335517e-06
2.2294554e-07,2.000517e-07,1.9515568e-07,0.0024377531,1.838306e-05,0.0080155125,0.028500896,0.06220196,0.6608918,0.053943194,0.13458161,0.004100446,9.041266e-05,0.0016023511,0.0010837511,0.042046443,0.00043507825,1.8684199e-05,2.865945e-05,4.1529544e-09,2.4666306e-06
1.4767222e-07,4.6311604e-07,9.474798e-07,0.028243853,0.00021346779,0.052103598,0.30656525,0.2852133,0.06872471,0.08723615,0.037882708,0.05435996,0.018907348,0.00020777373,0.050239824,0.008762456,0.0013179235,6.83394e-06,1.1148619e-05,3.9221544e-07,1.7898162e-06
2.6698117e-06,4.040238e-05,0.0032598965,0.03319334,0.43121716,0.22180408,0.11891255,0.049686212,0.06545378,0.005800962,0.0441238,0.00077015813,0.025306338,1.3147467e-05,1.595164e-05,0.0002141064,0.00018158658,1.247016e-08,3.4954826e-06,2.4064835e-07,1.5032643e-07
2.6177074e-10,1.9620151e-11,6.582757e-11,1.5721326e-08,3.758129e-09,4.6777984e-07,0.0021282048,1.2139716e-05,0.0047948533,0.008845804,0.015780663,0.008090085,0.002904575,0.0026162777,5.393292e-05,0.005202035,2.308957e-05,0.94926435,3.82215e-08,0.00028334037,1.380699e-07
5.0375627e-07,2.653584e-07,1.006332e-06,0.00065965124,0.057894368,0.0833805,0.45646346,0.27264816,0.10855817,0.0030787417,0.012272157,0.0048850705,1.0761815e-06,2.530752e-05,1.1594822e-08,0.00011199508,1.9586765e-05,7.6393336e-10,3.1749327e-08,2.1067938e-10,7.809521e-11
2.7627746e-07,1.8894377e-09,2.196956e-08,1.8640345e-06,5.4808105e-09,4.8312806e-05,0.0003033101,0.0017945807,0.00035873102,0.016608765,0.03964245,0.020863911,0.016009796,0.06372463,0.15354763,0.2870809,1.8388872e-07,0.00988084,0.007830236,5.5349525e-10,0.38230357
2.0927718e-08,1.5590294e-08,6.7995507e-09,4.037316e-05,3.7744533e-07,0.0048190807,0.009003786,0.025046436,0.7853362,0.038110435,0.03710908,0.097247936,6.1856095e-05,0.0013544083,5.0364165e-06,0.00015759816,2.6674359e-06,0.0014436714,0.00026019698,5.476099e-10,7.406926e-07
7.5054356e-07,3.0403628e-06,0.00013347312,0.05581784,0.06565355,0.75277805,0.083950594,0.021025999,0.014386256,0.0035096114,0.0025219943,2.0891275e-05,0.00013100778,1.0256758e-06,2.0503296e-06,2.3253958e-06,6.124666e-05,3.7464045e-09,2.663415e-07,7.905037e-10,4.2109103e-09
1.7350126e-07,2.512838e-06,5.579722e-05,0.011242115,0.16739726,0.24513361,0.3296639,0.11776077,0.08115507,0.03807558,0.004109367,0.0031192964,0.002186638,5.6282377e-05,2.8582153e-07,1.0344388e-05,2.8422812e-05,1.0623011e-10,2.5578236e-06,1.6648219e-08,1.9063873e-09
8.559023e-06,3.468717e-06,8.446489e-06,0.0026249674,5.246558e-05,0.0036556006,0.02897103,0.02404966,0.26399904,0.24958417,0.05662166,0.015062064,0.016945347,0.007993061,0.00050507,0.15776017,0.001530591,0.0014551061,0.16908851,6.77149e-07,8.029274e-05
1.14618315e-05,0.00019748244,0.018551607,0.1357863,0.5806207,0.15634148,0.0557535,0.015383446,0.016042989,0.0017186486,0.014953168,9.987406e-05,0.004459664,3.698138e-06,5.8306597e-07,2.955249e-05,4.3041615e-05,3.1210432e-09,2.5668685e-06,6.039471e-08,1.708927e-07
9.9592214e-08,4.428987e-09,1.912216e-08,1.6361511e-06,3.6041214e-07,0.0010777817,0.0050714063,0.021816975,0.0043063844,0.02128184,0.01528202,0.55975264,0.32042032,0.007776571,0.00781642,0.02426458,0.0005973169,0.0014744614,0.009049682,8.030815e-08,9.395361e-06
3.6402503e-07,3.4448685e-06,0.0003041446,0.011333261,0.1548066,0.14066818,0.13451889,0.061490193,0.032389723,0.25324473,0.1794985,0.009246781,0.022304688,3.3728225e-05,3.2411951e-06,4.7154836e-06,0.00013901123,1.1457521e-08,9.437414e-06,3.311427e-07,3.0223173e-09
2.8966866e-07,1.7250137e-07,8.6276276e-07,0.0007711985,0.074156985,0.12303666,0.5270223,0.20016153,0.0668658,0.002103702,0.0046519954,0.0011914879,4.9062027e-07,8.844781e-06,3.3454233e-09,1.7868568e-05,9.804632e-06,1.4097269e-10,1.555506e-08,4.5555323e-11,2.3430556e-11
1.8132007e-05,2.3724097e-06,5.082708e-06,0.07960542,0.00022983224,0.009850391,0.17146517,0.063356645,0.39053988,0.23945884,0.027204355,0.0017786848,5.057356e-05,3.6111178e-05,2.1466103e-07,0.0012365768,0.015146288,1.3026738e-06,1.3696562e-05,5.4039266e-09,4.507539e-07
4.9063084e-07,7.3712886e-06,0.00067492865,0.04117862,0.22738758,0.2469705,0.244025,0.06916904,0.047919486,0.08140275,0.0074188192,0.012147848,0.021393912,0.00021588976,1.0951751e-06,2.9487039e-05,2.824195e-05,4.527567e-10,2.8766197e-05,1.7450925e-07,1.2448223e-08
3.4523242e-07,1.4949912e-07,4.4632958e-07,3.7686114e-05,2.9007028e-06,0.00065128907,0.0090884585,0.008091533,0.15401815,0.14581113,0.13045101,0.016877417,0.029414926,0.0059167207,0.0003836253,0.007732277,1.7387229e-05,0.0013891628,0.49010703,1.6141747e-08,8.376397e-06
0.00017730844,0.0002510345,0.2764066,0.3672564,0.26235998,0.061776668,0.014695143,0.008297575,0.0055682943,0.0007785595,0.0019512775,6.326885e-06,0.00037460434,1.7662105e-05,2.223656e-08,4.5171626e-05,2.9852605e-05,1.20412516e-08,6.904677e-06,2.8579008e-08,5.526115e-07
0.00022833886,0.0009084313,0.18531565,0.4464938,0.26678532,0.06831942,0.015120198,0.0075838203,0.005347915,0.00068682636,0.0023654124,1.4765341e-05,0.00073939015,8.44917e-06,8.6592266e-08,3.801534e-05,3.816635e-05,1.0659652e-08,4.9545783e-06,9.753989e-08,8.8147397e-07
6.9889114e-07,6.782958e-06,9.7501725e-05,0.009774602,0.073922604,0.2231774,0.22122094,0.111783616,0.06738698,0.22792584,0.013536041,0.020115865,0.02446432,0.005428748,0.00021780039,0.00025885657,0.0005435674,3.7776758e-08,0.0001361857,1.5135504e-06,7.239761e-08
9.96237e-06,5.838006e-06,2.1343116e-05,0.073676504,0.0011298398,0.022292143,0.13406411,0.12232354,0.17967533,0.13128945,0.09257091,0.007049277,0.0049976087,0.004754309,5.0893603e-05,0.21288821,0.0126260985,8.095372e-06,0.0005627835,4.0378393e-07,3.2960927e-06
0.21772987,0.40199307,0.22918122,0.10726774,0.023995828,0.009248507,0.0029164704,0.0019019843,0.0010543286,0.00021344934,0.0033941835,7.8232115e-05,0.00024235886,0.00010957858,1.7143147e-05,0.00030149193,0.0001631639,7.800389e-06,6.5611195e-05,3.5152956e-05,8.280233e-05
8.285103e-05,0.0002618784,0.14769253,0.32114637,0.36577615,0.09749422,0.02936774,0.017654873,0.011244178,0.0021404182,0.00399763,2.798737e-05,0.002924789,1.945125e-05,2.947905e-07,7.806015e-05,7.9365826e-05,2.4458144e-08,1.0148009e-05,1.2300151e-07,8.736862e-07
4.5520258e-07,4.493631e-08,1.6951702e-07,1.3643841e-05,2.2602185e-06,0.0002454667,0.008827578,0.033584367,0.011261361,0.071323924,0.082610995,0.18938506,0.3393937,0.030714784,0.03965263,0.11495194,0.0035568762,0.029058486,0.045261253,7.4459496e-07,0.00015424432
9.435903e-08,5.2760676e-08,1.1761305e-07,0.0006227498,1.1606747e-05,0.0053502736,0.02457626,0.05846091,0.53817487,0.139337,0.029340832,0.0057507097,0.00407821,0.001006783,1.22393085e-05,0.18068582,4.437506e-05,1.81209e-05,0.012528757,5.275009e-09,2.2774437e-07
2.8796887e-07,1.5362572e-09,3.167904e-08,4.9645105e-06,5.2200427e-08,8.30308e-06,0.00019594551,0.0005778599,0.00022640337,0.0046934066,0.019509204,0.0017268605,0.012803582,0.0052970364,0.0050628786,0.91896343,1.086304e-05,0.011189133,0.0028755607,1.5158713e-08,0.016854119
1.067878e-09,1.9810251e-09,2.7108924e-09,1.965948e-07,1.0559539e-06,5.7242563e-05,0.00096709473,0.002794954,0.016883926,0.011426121,0.009279786,0.0038535788,0.0035532264,0.03304215,0.0048161424,0.0002507581,0.9125432,1.3099098e-05,0.00051202724,5.4369043e-06,1.0372388e-08
2.3817651e-07,3.7199896e-07,3.4362503e-07,0.0005344684,0.00066624,0.18336654,0.25152162,0.15893672,0.16056937,0.099139296,0.010195406,0.002302989,0.00041231603,0.003391141,0.010497455,0.00089744997,0.11703621,6.444733e-05,0.0004659027,1.442351e-06,7.710206e-08
3.3528906e-07,1.6225299e-06,3.4778222e-06,0.003484072,0.008780161,0.09907819,0.22128059,0.37756577,0.16644904,0.094310954,0.0069847885,0.008877819,0.0034382406,0.004155628,0.00023809241,0.0018129603,0.0033188672,5.396143e-07,0.00021721648,1.5903281e-06,5.315704e-08
2.2002298e-06,1.7955954e-06,3.0650248e-05,0.21163997,0.0053152773,0.09875121,0.287919,0.1376597,0.09084141,0.13182685,0.033585563,0.00082767906,0.00013028977,5.3384883e-05,1.5878961e-06,0.0003749319,0.0010338902,9.474245e-08,4.4813382e-06,6.3587318e-09,2.7808152e-08
7.489625e-07,1.7520762e-06,2.2479883e-06,7.9278856e-05,0.0011641602,0.009112327,0.03508112,0.15392445,0.28774115,0.03599561,0.02440091,0.010449796,0.004639438,0.25770563,0.012335276,0.007727597,0.14763574,0.0011472096,0.010843625,1.169545e-05,2.6441472e-07
0.0012960958,0.0021880243,0.21861161,0.41046205,0.27541366,0.05762443,0.015899876,0.008369481,0.004719188,0.0009172504,0.0037441417,2.6074013e-05,0.00054173364,3.7081656e-05,5.262676e-07,4.7819205e-05,5.8914284e-05,1.9376891e-07,3.672914e-05,3.7299748e-07,4.6229893e-06
1.4150121e-06,7.5898566e-07,7.3628973e-07,3.0333105e-05,0.0004587448,0.01627308,0.078688264,0.27118188,0.40975657,0.029087296,0.085696116,0.104011744,6.0368093e-05,0.00291059,3.6586964e-05,0.00078674866,0.00019753128,0.00080210523,1.887725e-05,1.7933316e-07,9.4801706e-08
1.8219652e-06,6.2170907e-06,0.0006225656,0.032695655,0.04402641,0.29610345,0.23435542,0.1319005,0.035391215,0.08422983,0.021845013,0.0053530084,0.10988519,0.00019561444,0.0003785572,0.0019812481,0.0009853828,1.2529846e-05,2.836337e-05,1.0119394e-06,9.957396e-07
1.2818678e-06,1.5760418e-06,3.0383828e-05,0.06061211,0.0036826753,0.12423692,0.14955565,0.085108966,0.06523588,0.46694958,0.037379906,0.0030986448,0.0015215889,0.00011958799,5.7132245e-05,0.00019319389,0.0021860902,1.0608779e-06,2.7589856e-05,9.377697e-08,6.736803e-08
0.07296068,0.03658912,0.60063666,0.1532162,0.09132101,0.023490334,0.009467847,0.004608303,0.0024061475,0.00029943572,0.004069855,2.3688277e-05,0.000116299605,0.00027564645,1.2946854e-06,0.0003142429,8.363312e-05,1.8994398e-06,9.102251e-05,1.8762207e-06,2.4852674e-05
4.566565e-06,1.7687652e-06,4.37969e-06,0.0021578243,1.6033431e-05,0.0050469507,0.029593088,0.021447325,0.34168825,0.24568179,0.10020618,0.09945041,0.009903483,0.0105980635,0.0044955425,0.024495758,0.00029294135,0.012807146,0.0916029,6.4327594e-07,0.00050489476
1.2569398e-08,4.1486625e-10,9.712465e-10,3.492404e-05,1.6413632e-07,0.0007946136,0.019945953,0.014927852,0.008145146,0.039884035,0.11599286,0.7201443,0.00947651,0.0030053048,0.014963989,0.032729458,0.00029532416,0.019200375,0.00045230528,2.1864983e-08,6.803953e-06
6.9958105e-08,2.0365223e-06,3.1435698e-06,0.0017770685,0.0053303465,0.09413703,0.22329976,0.37385848,0.1458617,0.10451337,0.029739812,0.004166036,0.010592655,0.006381558,2.7068234e-05,0.00011590516,0.00018479308,3.9018766e-10,8.884152e-06,2.408936e-07,2.6616471e-09
1.4248672e-06,2.2534987e-06,0.0010576678,0.038140547,0.075359106,0.03618642,0.13582867,0.093155324,0.05593597,0.047664393,0.013042781,0.0017585173,0.45896843,0.009046402,1.6189657e-05,0.021614663,0.012152055,2.217339e-06,6.4743435e-05,1.4071794e-06,8.1682504e-07
1.7298984e-07,1.0695569e-06,8.792924e-08,0.00024299616,2.570924e-06,0.000102222744,0.0009079329,0.0030293525,0.004217459,0.0057040127,0.013791448,0.00042641038,0.004516234,0.06447379,0.90100616,3.0098578e-05,0.00018554988,4.8172126e-07,0.0013619163,3.843689e-08,4.4554074e-08
1.4183531e-06,2.1673468e-06,4.5836265e-07,0.0040273704,2.2128957e-05,0.0015441097,0.06569792,0.16743302,0.3005784,0.050206233,0.0709385,0.074603595,0.041135103,0.17296965,0.004005259,0.006663802,0.032835703,0.00010240615,0.007230392,1.843716e-07,2.1602318e-06
0.272313,0.21160209,0.38292593,0.08043607,0.032381296,0.009862501,0.0039138235,0.0019856377,0.00087674137,0.00011920685,0.0028951291,2.692494e-05,5.6513225e-05,0.00016826468,3.2703742e-06,0.00027349233,7.034345e-05,2.8607801e-06,4.712019e-05,6.3745615e-06,3.3502747e-05
0.00048989564,0.00035782,0.31390464,0.3143876,0.27782232,0.060783863,0.014749489,0.008368021,0.005196375,0.00093901093,0.0024875205,7.175354e-06,0.00035002714,4.015579e-05,8.495903e-08,5.4622233e-05,3.562661e-05,7.360322e-08,2.4093852e-05,5.3369146e-08,1.5475022e-06
1.3916933e-05,2.3002624e-06,4.7015453e-07,0.0027458158,1.3424133e-06,0.0007743843,0.030009538,0.0421649,0.6063625,0.17237893,0.009662428,0.013876563,0.019644722,0.012234476,0.0050138272,0.0015733794,0.051599655,0.0044827866,0.02740224,3.4540808e-08,5.5761993e-05
1.8370534e-06,1.0441571e-06,6.000254e-07,5.7058187e-06,3.5684113e-06,9.797328e-05,0.011007311,0.030294929,0.45327348,0.38462126,0.03192126,0.050958373,0.007780403,0.0003040823,0.0014369675,0.02326069,0.004292258,0.0007188042,1.7953547e-05,7.6982616e-08,1.4073896e-06
6.984805e-08,2.8571803e-06,5.2392636e-05,0.0010421602,0.0072616083,0.073141314,0.12920764,0.07424113,0.045564312,0.17227472,0.03214861,0.27729043,0.18475622,0.0026889383,9.18946e-05,0.00016727427,4.0021732e-05,2.2518707e-09,1.5890013e-05,1.2487057e-05,6.522893e-09
1.0801632e-06,4.001015e-06,0.0010735625,0.03389409,0.06830146,0.12773888,0.27101505,0.08078416,0.0331034,0.03648282,0.010596548,0.0042062625,0.3284782,0.00015657848,3.2979115e-05,0.0023257672,0.001791277,2.8634706e-06,9.3242215e-06,1.265152e-06,3.8709865e-07
2.2947967e-07,6.738366e-07,1.9077631e-06,0.00020801881,0.0005532974,0.0025813917,0.01868884,0.07100003,0.0423775,0.13255182,0.040117122,0.005669009,0.05065743,0.5657605,0.054628257,0.0074014845,0.00471107,8.250392e-05,0.0030067833,2.0197476e-06,1.2036787e-07
1.0425423e-06,3.749691e-06,0.0017089633,0.30397785,0.10094396,0.15040442,0.12219678,0.079530165,0.05320861,0.15141417,0.006925404,0.00039348533,0.0020279146,0.002176854,8.4697564e-07,0.00014980845,6.143567e-05,4.6209307e-09,0.0248744,8.577833e-08,3.377357e-08
1.2395196e-06,8.942262e-06,0.00012218235,0.029735172,0.054230634,0.70409906,0.11669586,0.03850925,0.038696088,0.008281868,0.006921333,0.000109599416,0.0021579594,5.2845958e-06,0.00013895301,6.869311e-05,0.00021627815,1.1534161e-08,1.4260513e-06,1.4907878e-08,6.9519054e-08
0.00015808697,4.6675726e-05,6.8526875e-05,0.003880185,8.073884e-05,0.00205474,0.038621757,0.04889282,0.48637575,0.19528939,0.056200985,0.03315433,0.00527531,0.0042545446,0.0010494699,0.012731872,0.09268351,0.010498524,0.008224684,3.9861907e-06,0.00045414304
2.4160652e-06,7.6531376e-07,6.922789e-07,0.000113844966,7.403619e-07,0.00017617861,0.004687933,0.007800858,0.040731028,0.048080757,0.011601505,0.093651064,0.031880427,0.038155243,0.028218051,0.0066458466,0.00022289305,0.08493582,0.60281825,3.89258e-07,0.00027531272
0.00010252669,0.0013092582,0.03759959,0.22307807,0.13095914,0.07676191,0.18363518,0.1396134,0.07962748,0.02589242,0.06630054,0.015159025,0.008072252,0.0017115001,1.5491803e-06,0.009912157,9.52512e-05,1.4060321e-08,0.00015612475,1.1631126e-05,9.3244466e-07
1.4382274e-06,2.267797e-06,4.7403173e-06,0.0010675748,0.003356249,0.05643928,0.23045649,0.26104504,0.2895788,0.0452002,0.037899677,0.017984785,0.000671092,0.0030812921,0.00025543311,0.050484415,0.00241198,1.936686e-05,3.848887e-05,9.3333387e-07,4.0609453e-07
4.9847863e-06,6.3242614e-06,3.123542e-05,0.120845184,0.009417711,0.16199607,0.36537,0.11784239,0.10761555,0.0694283,0.03843199,0.00039725023,0.00028311726,9.957544e-05,1.4355965e-06,0.00024090639,0.007985241,1.9506373e-08,2.6227276e-06,3.1999203e-09,8.102125e-08
4.414549e-07,1.1007356e-06,1.3181243e-06,0.0002973469,0.00024939765,0.005091913,0.04791505,0.12221688,0.254055,0.033084814,0.03210927,0.0045164023,0.005515351,0.0063069663,0.00031175776,0.48637584,0.0012625402,5.958178e-05,0.0006258643,6.270056e-07,2.5578763e-06
6.3231226e-07,4.3433513e-08,2.431097e-07,1.0190941e-05,5.008969e-08,8.477016e-05,0.0010008619,0.0018788474,0.0020218804,0.044181474,0.039706167,0.01767624,0.010055899,0.2925268,0.2906363,0.014673255,3.342679e-07,0.052412234,0.15769851,5.199974e-09,0.075435236
0.00016078101,0.00047095126,0.1843404,0.3725947,0.31930363,0.076020665,0.022020347,0.011336398,0.0074349935,0.0012583632,0.0036911333,2.0797512e-05,0.0012181159,1.6115566e-05,1.9451821e-07,4.870742e-05,5.099336e-05,2.4628612e-08,1.1460126e-05,1.1099635e-07,1.1247362e-06
3.8011754e-09,3.8059078e-08,4.666405e-08,4.965669e-07,2.2946901e-06,2.7063741e-05,0.0029560255,0.003049255,0.025003545,0.0058757244,0.6675091,0.24720107,0.005510281,0.0008378805,0.02679845,0.00023158308,0.014420223,2.4738614e-05,3.75597e-07,0.00055182603,4.1672803e-09
3.1045442e-06,2.3265293e-06,3.767247e-06,7.1581446e-05,0.0007117218,0.0024044013,0.065264724,0.10604701,0.22253953,0.059652954,0.27286002,0.085752554,0.00070185395,0.0005659382,8.471196e-05,0.18192238,0.0013856861,1.9983492e-05,5.118011e-06,3.924143e-07,2.6119147e-07
3.8040664e-08,7.758612e-07,1.03696775e-05,0.0019753017,0.06731334,0.045757294,0.256425,0.15244795,0.17251018,0.12438966,0.048783325,0.0639977,0.009627207,0.05592918,2.6823278e-05,0.00069738075,8.142029e-05,2.7861964e-09,2.7009613e-05,4.175058e-08,3.0493643e-09
2.17471e-06,4.129532e-06,0.0006175698,0.13507405,0.37547094,0.17287953,0.19555321,0.07198997,0.024774933,0.019750439,0.003176166,0.00024275965,0.00016302629,0.00021154367,9.2853256e-08,1.4591912e-05,1.7948325e-05,5.1764815e-10,5.6985016e-05,4.184232e-09,3.6892212e-09
1.4571753e-05,2.424303e-06,4.3195496e-06,0.08391478,0.00030743895,0.009641656,0.1731315,0.06721699,0.43825155,0.17734502,0.02574008,0.000615949,5.6477445e-05,2.9792787e-05,7.229705e-08,0.0027049559,0.021012124,3.3973848e-07,9.6700705e-06,2.1774198e-09,2.497632e-07
1.7255678e-06,1.956773e-05,0.00044462318,0.03739661,0.15100078,0.21282342,0.19635917,0.037101243,0.20017733,0.082323544,0.07399776,0.0022808285,0.005763837,5.0926174e-05,1.430932e-06,1.5230232e-06,0.00024330716,8.296171e-10,1.2244052e-05,7.267219e-08,7.600811e-09
5.0323702e-05,0.00058476836,0.020161321,0.12158679,0.10481527,0.06194851,0.21997425,0.16421694,0.14272892,0.034392294,0.06755068,0.01459238,0.0059072077,0.006617488,1.2803729e-06,0.034460094,0.00015265934,1.1993971e-08,0.0002490027,9.099709e-06,7.0551357e-07
1.2743988e-07,3.3834982e-07,4.9727092e-05,0.0005576518,0.002385443,0.013873635,0.06341882,0.09959956,0.030700015,0.40164146,0.17582473,0.0014244145,0.1833208,0.020528486,0.0029599965,0.00026196477,0.00087914534,3.6914554e-07,0.0025731698,1.774253e-07,2.3305962e-08
0.3139886,0.5347204,0.11655353,0.02037443,0.0060910177,0.002957177,0.0012562054,0.00084684324,0.00039456316,8.687276e-05,0.0018903628,7.282725e-05,9.8288896e-05,7.702338e-05,3.485004e-05,0.00026607641,0.00011003415,1.31414545e-05,4.7256905e-05,5.8219972e-05,6.231252e-05
3.4382815e-06,1.838533e-05,0.00016687824,0.032222666,0.047703262,0.29620075,0.21664591,0.050770074,0.18427461,0.12899369,0.03345022,0.0018191319,0.0057924003,0.00013037818,2.5360241e-05,9.433455e-06,0.0017421771,1.9880066e-08,3.0995718e-05,1.3688326e-07,8.145333e-08
9.481018e-08,1.4951056e-07,3.703451e-07,2.6343503e-05,0.00013751948,0.26555717,0.081557095,0.057188395,0.4818383,0.010320971,0.0003444663,0.0019926922,6.5321874e-06,0.01952216,7.867852e-07,2.496218e-05,0.00029928834,0.00033657387,0.08084611,1.0264237e-08,3.1164806e-09
2.2147872e-06,2.3844825e-06,4.3225396e-06,4.971047e-05,0.00011640951,0.0008223732,0.030220242,0.042418618,0.23393512,0.12206916,0.18043776,0.01560611,0.007751843,0.0011355169,0.0008967204,0.36263394,0.0016369745,0.00016680094,9.037279e-05,4.3964738e-07,2.983837e-06
0.00013535244,0.0002557385,0.15048726,0.29295486,0.3708863,0.113119885,0.030194538,0.018941978,0.01119958,0.0033220423,0.0050780633,3.3628683e-05,0.0031230252,3.8680584e-05,1.0623165e-06,9.965541e-05,9.772045e-05,1.3778471e-07,2.8370254e-05,1.9475692e-07,1.9485399e-06
3.026437e-05,3.2418342e-05,2.5902043e-05,0.061362058,0.0011019009,0.06489957,0.18145868,0.078569345,0.19781683,0.14444765,0.06207817,0.0035632066,0.0063330256,0.0043467567,0.0009228061,0.0013491865,0.19128972,5.12007e-06,0.00036231952,1.5897406e-07,4.850697e-06
2.0209897e-07,1.4299052e-06,1.7848263e-06,0.0012755916,0.008938818,0.2906308,0.3268446,0.23172267,0.053928822,0.075458296,0.005344307,0.002212347,0.0012802538,0.0010294218,0.00023930243,0.00012033679,0.0009676902,5.3034097e-09,3.2254525e-06,7.656764e-08,7.630474e-09
2.994827e-10,1.8558381e-10,8.7793306e-10,0.000112549955,1.0435876e-06,0.0034392362,0.0219731,0.0013124765,0.0014151332,0.03149756,0.001538616,0.33333048,0.0001605915,0.000675996,0.00040648162,0.00078129844,8.321305e-06,0.60334617,8.051594e-07,4.1439807e-09,1.3021062e-07
8.1059306e-07,1.5317757e-07,2.0781033e-07,1.6237314e-05,0.0013091713,0.0011084398,0.12403211,0.22368924,0.21673438,0.0062382095,0.289689,0.13665487,1.6944358e-06,1.5504203e-05,1.79964e-08,0.00048133184,2.8589764e-05,3.502294e-08,2.1599842e-08,1.2710243e-09,1.3009915e-10
9.616377e-08,1.528276e-07,3.1905106e-06,0.00027181453,0.0018851967,0.0077943644,0.020292511,0.03530539,0.15849188,0.034942735,0.0042301835,0.00040872375,0.00010519822,0.24613844,1.9429302e-05,0.000321212,0.009049043,1.243081e-06,0.48073918,7.286266e-08,3.8675507e-09
2.0250574e-05,0.00076694065,0.019644953,0.18645506,0.114699446,0.13893037,0.20501558,0.06572271,0.04102991,0.022652294,0.04568564,0.1074566,0.051004134,0.00036632057,9.718931e-07,0.0004794417,2.6375534e-05,2.1169697e-09,2.9237513e-05,1.3638811e-05,1.1907399e-07
0.00047903674,0.0007180423,0.28747606,0.37913615,0.24951701,0.055625305,0.012637521,0.0068226513,0.004420669,0.00060249027,0.0021164764,7.630134e-06,0.00033964773,1.5961334e-05,5.8146398e-08,4.0802293e-05,3.3057364e-05,2.6057032e-08,1.0056623e-05,6.368629e-08,1.238646e-06
9.452627e-08,9.0330865e-08,7.755429e-06,0.017529335,0.0025548874,0.33947313,0.31737688,0.018122839,0.009249473,0.23663795,0.0036883368,0.029792888,0.019912219,0.00031130496,0.00014791533,0.0005258432,0.0002818939,0.0043816045,5.3323174e-06,4.7464386e-08,1.8132394e-07
4.7394562e-05,0.0004501916,0.09504908,0.25278392,0.44841897,0.11089367,0.040032096,0.020437093,0.015466733,0.0017409299,0.0077309576,7.645873e-05,0.0066543147,1.5189063e-05,3.5927505e-07,0.00011089112,8.5225394e-05,1.00371205e-08,5.6850176e-06,2.2113615e-07,7.094811e-07
3.3565716e-08,1.2727462e-07,1.5156613e-07,5.512184e-07,5.7804617e-05,0.00012857083,0.003677903,0.006938248,0.04222582,0.0049295593,0.35516343,0.32740775,0.0009284326,0.0015987789,0.069224715,0.00026915173,0.18742849,1.7702125e-05,4.4129067e-07,2.3705811e-06,4.086377e-09
1.7939946e-07,6.2272244e-07,2.0114638e-07,0.00012110031,3.925147e-05,0.03693025,0.12825993,0.20262814,0.28419346,0.15316173,0.02279623,0.0022182942,0.013448291,0.0073206834,0.035433397,0.0051318514,0.10825212,1.5409729e-05,4.657548e-05,1.6102633e-06,6.6882177e-07
1.9230881e-06,9.918012e-07,1.926462e-06,0.0044805724,6.606525e-05,0.003992798,0.036675382,0.03806366,0.44202438,0.25971895,0.06691967,0.0033975078,0.0011042061,0.00030367984,2.659207e-06,0.14136939,0.00060245756,1.3397263e-05,0.0012588794,2.7219826e-08,1.4918178e-06
3.8000503e-06,0.00017667402,0.0059214844,0.070250764,0.053273812,0.11898597,0.24750105,0.060954172,0.04839943,0.024335109,0.033537712,0.27413753,0.061491057,0.00042231646,5.746329e-07,0.00055183633,1.9506782e-05,8.2328727e-10,1.5807564e-05,2.1314634e-05,2.9718215e-08
4.2682845e-07,1.8711892e-06,1.4568383e-05,0.0039417744,0.20252006,0.2179214,0.3001061,0.18470982,0.053261016,0.018696563,0.010486698,0.005784012,0.00031751874,0.001965053,3.6213428e-06,0.00020847609,5.811492e-05,1.2908729e-09,2.8714576e-06,1.0483504e-08,2.169116e-09
5.7837706e-06,8.3207615e-06,2.2379218e-05,0.00012753587,0.08541568,0.016691612,0.11138006,0.24910219,0.07536603,0.009552955,0.22024469,0.21229024,0.000261616,0.016544944,0.0005163176,0.0009377016,0.0015264766,1.0292212e-06,3.5080975e-06,8.264631e-07,1.06271365e-08
5.6461613e-07,2.303929e-06,2.8471604e-06,0.0005395243,0.00093785767,0.012493337,0.111275494,0.32493728,0.26965377,0.05159317,0.040806793,0.014147848,0.012246659,0.01606501,0.0056325067,0.13268687,0.006391356,8.140721e-05,0.0004923099,1.13274955e-05,1.7635448e-06
2.1936556e-07,3.272038e-06,5.8711088e-05,0.038318522,0.082520135,0.43481344,0.20673393,0.07328952,0.14586528,0.0049120733,0.011446859,0.00024245352,0.00165245,2.8449467e-06,1.5592448e-05,1.7639146e-05,0.00010671827,4.9951504e-10,3.1710488e-07,3.920726e-09,5.749638e-09
2.903482e-07,2.1667568e-06,1.8658029e-06,0.0009932921,0.006984201,0.27852574,0.32678246,0.23781028,0.06899385,0.061262276,0.009369151,0.004462591,0.0010716801,0.0014216669,0.00055635197,0.0009892134,0.00077110104,1.433233e-08,1.7044006e-06,9.70472e-08,1.8716358e-08
7.599178e-07,1.3988107e-06,3.976679e-06,0.00046922825,0.08920384,0.027395304,0.26725534,0.33456337,0.1322489,0.0073985346,0.08186812,0.030152233,9.426031e-05,0.02518646,1.564294e-05,0.003903648,0.00023402607,4.1495188e-08,4.897443e-06,4.1063092e-08,2.1313606e-09
1.1814978e-07,2.8937372e-08,9.027441e-08,2.5485115e-05,1.3291459e-06,0.0009074103,0.00807099,0.021986863,0.039354146,0.0633629,0.015837472,0.083701774,0.076721296,0.012265573,0.006874688,0.0052744807,3.6570553e-05,0.0038771874,0.66169465,5.3254436e-08,6.9351577e-06
6.2750036e-09,6.978466e-08,2.5637403e-08,1.4400263e-06,8.9757395e-07,3.0860258e-05,0.00055991375,0.0009560446,0.0043294043,0.0032978114,0.1356215,0.0034703277,0.003279273,0.00072373764,0.84765387,4.6137982e-05,2.5067759e-05,4.49333e-08,1.4519351e-06,2.0810032e-06,1.0544869e-09
3.1373038e-06,1.0212019e-05,0.017820688,0.12782326,0.259614,0.18774036,0.20567396,0.058938492,0.034453522,0.019485233,0.008733112,0.00075188203,0.077994406,0.000114916,2.001659e-06,0.00037411714,0.00045314612,2.1862581e-07,1.2858579e-05,3.0393568e-07,2.1050882e-07
2.3154194e-06,5.668879e-07,1.3909453e-06,0.0013426583,2.0057903e-06,0.0006038817,0.0022859664,0.012889391,0.051289745,0.22850303,0.023326114,0.0026684373,0.0017658796,0.07118775,0.35276473,0.21787927,8.057087e-05,0.014022783,0.005644437,5.588967e-08,0.013739062
1.6059214e-06,2.4203102e-06,1.5676322e-05,0.0037721507,0.1814565,0.17147815,0.34512442,0.2195339,0.055048086,0.007206241,0.010280407,0.0048171235,4.4749217e-05,0.0007784915,1.0014114e-06,0.00037199538,6.302393e-05,8.868874e-09,4.0431887e-06,1.4261798e-08,2.5285112e-09
2.7627343e-07,7.059381e-08,3.044737e-07,1.2535228e-05,4.029181e-07,0.00014549254,0.0012651762,0.0013605396,0.008669945,0.045664534,0.011802804,0.009146163,0.0153784435,0.01685472,0.0031958062,0.0015903724,2.150954e-06,0.0053486624,0.8794979,9.6132595e-09,6.362527e-05
1.5164301e-06,3.7061009e-06,8.880272e-06,0.0013519733,0.067777224,0.19380583,0.24461251,0.29390922,0.104017384,0.02056701,0.032814,0.020336932,0.00043278368,0.015191465,0.00022190795,0.0040228334,0.00091337133,2.4147965e-07,1.0920807e-05,2.8281525e-07,2.2178924e-08
2.1662381e-06,1.803186e-05,0.00011484732,0.032655567,0.047985177,0.67936116,0.104192115,0.051230427,0.05997826,0.0102892965,0.01112203,9.6681084e-05,0.002080996,1.0519537e-05,0.0004672537,9.273207e-05,0.0003003027,9.9226884e-09,2.288911e-06,1.7180255e-08,1.3203554e-07
1.6495536e-08,4.6159577e-08,1.6521729e-07,0.00088592427,0.00040930745,0.0025143821,0.1074556,0.012411332,0.02257302,0.009301711,0.0052586775,0.1548832,0.55275065,0.0003049067,8.945772e-05,0.08409935,0.047017153,3.070734e-05,2.3937673e-07,1.40007905e-05,8.533205e-08
0.009524737,0.01801517,0.38935173,0.36740962,0.14942305,0.04147557,0.009253372,0.0058839517,0.003946418,0.00061594404,0.0040975288,3.6885336e-05,0.0005683029,5.4546435e-05,1.1599963e-06,0.00016911005,0.000115194314,4.759907e-07,3.6108355e-05,1.8478124e-06,1.9234185e-05
1.5367381e-06,2.6909072e-07,4.7561903e-07,0.000114836956,0.00046186152,0.0054959864,0.14828885,0.15893552,0.4462203,0.063126326,0.108463235,0.061310105,3.5740028e-05,8.821269e-05,8.934491e-07,0.006836373,0.00061747053,1.2927644e-06,6.435537e-07,8.2380165e-09,1.8303002e-08
1.1384635e-06,1.7803599e-06,4.056722e-06,0.0010949726,0.051296983,0.078223735,0.3205408,0.32161343,0.13824601,0.009209638,0.041055012,0.024865074,8.323778e-05,0.0023429266,6.7388883e-06,0.011207595,0.00020482,5.3762108e-08,1.9748027e-06,4.7173828e-08,7.1932282e-09
0.0011204878,0.0015998549,0.0011937931,0.014298562,0.28523707,0.093573935,0.101336695,0.29172182,0.03625874,0.0020767057,0.16325882,0.0033718518,0.0001573069,0.0024951396,4.776712e-05,0.0013914064,0.0008529516,2.6402486e-07,6.0242637e-06,5.4191696e-07,2.7213147e-07
1.0368384e-06,1.4948501e-05,0.00027353497,0.013302408,0.06610386,0.25808263,0.19273633,0.061991386,0.059506763,0.098503456,0.09416013,0.0086347805,0.14492853,0.0005868826,0.00013515618,3.5713587e-05,0.0009886036,2.51619e-08,1.33792555e-05,3.5366858e-07,6.761267e-08
0.0036535794,0.0034899255,0.4159188,0.30318874,0.19937935,0.047778297,0.01067475,0.0069139623,0.0044712494,0.0007162819,0.0030497073,1.6697095e-05,0.0004021115,6.556563e-05,3.739941e-07,0.00015807738,7.7413315e-05,3.2170098e-07,3.5623354e-05,4.4951642e-07,8.738282e-06
7.575634e-08,2.2008466e-07,8.6310143e-07,9.1360904e-05,0.0014652959,0.0028858948,0.020773351,0.05942841,0.23973764,0.03634606,0.008954437,0.004159094,0.0008870509,0.5763556,0.00031834884,0.0011554356,0.0255086,6.0554926e-06,0.021925746,4.7850085e-07,7.658602e-09
1.8225066e-08,2.6826095e-07,4.985103e-07,3.304532e-05,0.00018294236,0.0003378352,0.0072257607,0.009947149,0.015797673,0.010172226,0.6417045,0.06646756,0.040854882,0.023626111,0.18314426,5.5326243e-05,0.00043784946,1.10202066e-07,1.01124015e-05,1.8456508e-06,5.4758638e-09
4.2769534e-07,3.0298682e-07,7.957246e-07,0.00085093285,2.2058619e-05,0.0017330205,0.03313183,0.075960144,0.14474107,0.17980352,0.081406355,0.15414503,0.0740153,0.07070824,0.0068932828,0.05142644,0.0011010178,0.00080828555,0.12324734,7.7319504e-07,3.816827e-06
4.55207e-05,0.00011016415,0.015669044,0.22087061,0.36143094,0.079268984,0.07399305,0.078851305,0.055955544,0.012303378,0.007951131,0.00032566057,0.06700991,0.002197766,2.1027552e-06,0.016138196,0.007848052,4.434057e-07,2.299126e-05,1.227151e-06,3.9798388e-06
6.2616965e-07,1.0564307e-05,0.006951602,0.14604867,0.61550325,0.17674333,0.03874511,0.004529447,0.0089826975,0.00035963458,0.0017840884,6.615749e-06,0.00032489828,8.616105e-08,2.9378e-09,1.12004784e-07,9.236902e-06,1.3479853e-11,8.170715e-08,7.671343e-10,3.9505188e-10
2.3346713e-07,1.8162345e-06,4.4960293e-06,0.00062343915,0.0017904851,0.10817302,0.18422334,0.1665655,0.06145722,0.33168742,0.025184905,0.025331452,0.025111966,0.0065401625,0.048438765,0.0006400784,0.0138509795,2.8040179e-06,0.0002124152,0.00015944158,1.2399866e-07
1.34935135e-05,6.013961e-06,1.494753e-05,0.0027776826,0.00010046945,0.0046542576,0.032038763,0.042883754,0.35899416,0.2369809,0.10980769,0.016270583,0.008098925,0.005663034,0.00012999278,0.14947467,0.0015756985,0.00093483203,0.029534595,9.2535873e-07,4.458696e-05
7.2584426e-06,2.565275e-05,0.005247437,0.28435954,0.16821337,0.16330054,0.13067874,0.07664804,0.036404405,0.11072043,0.011079045,0.0011073842,0.0064965417,0.0021956644,4.310602e-06,0.00020356913,0.000103508435,1.5176699e-08,0.0032037944,3.6879237e-07,2.7039076e-07
8.463207e-07,4.0437585e-06,4.6018886e-05,0.036010284,0.035511076,0.7711463,0.08744171,0.03498299,0.023845727,0.005858886,0.0046640383,4.594942e-05,0.00025469664,3.3258293e-06,2.7023143e-05,1.2447044e-05,0.00014424999,6.633041e-09,4.0089793e-07,1.5559102e-09,1.4623513e-08
3.5900322e-07,7.3792754e-09,3.2799218e-07,9.080595e-07,4.89941e-08,2.5348863e-06,0.00010918164,0.00011179683,0.0023001728,0.023565732,0.0026597856,0.0004987612,0.0034666844,0.00038903227,0.043805856,0.909396,3.216863e-07,0.0039054467,5.047395e-06,2.2157204e-08,0.009782057
9.676898e-05,0.00020628008,0.07734246,0.39937544,0.38002026,0.092976734,0.02423347,0.011343764,0.005941173,0.0016343836,0.005815302,2.6007687e-05,0.0008948431,1.8656116e-05,3.713705e-07,1.6891856e-05,3.6455836e-05,4.054165e-08,2.0124457e-05,6.3097204e-08,4.9622315e-07
7.7532974e-07,1.3009268e-06,7.0142505e-06,0.0044472017,0.12391519,0.12578319,0.35561264,0.26122242,0.09831986,0.008295046,0.015019493,0.0039886553,5.4062668e-05,0.001768498,6.869984e-07,0.001492154,6.73396e-05,4.10344e-09,4.4957264e-06,6.8801533e-09,1.6006685e-09
8.588415e-07,7.9022575e-06,0.00022060644,0.01883803,0.24347065,0.34922504,0.28413537,0.0515133,0.032382544,0.014805257,0.0029357397,0.0011945353,0.0012250473,2.4474393e-05,2.3628506e-07,4.6118344e-06,1.4513643e-05,4.3107202e-11,1.2246115e-06,6.8401143e-09,2.9952951e-09
2.5398945e-06,2.5917611e-06,1.5918115e-06,5.456829e-05,1.9338502e-06,0.00011554079,0.0024915824,0.008023544,0.022099147,0.07685185,0.018194513,0.19238669,0.15968528,0.159334,0.074396566,0.0032290923,0.00015751587,0.017116208,0.26575804,6.7672823e-07,9.6523996e-05
9.3750685e-07,1.0743927e-06,2.7204882e-05,0.15927134,0.004437345,0.100559905,0.20632565,0.16838835,0.10064451,0.22541642,0.031894963,0.001278549,0.0004250157,6.0167193e-05,2.2440197e-06,0.00028016506,0.00097587757,1.3653157e-07,1.0147115e-05,1.1267832e-08,2.0049109e-08
2.5819218e-05,7.5627286e-06,1.5232977e-05,0.09330231,0.00048307318,0.013538648,0.13020563,0.07920032,0.32918078,0.24476197,0.044416822,0.002333798,0.0007274687,0.00034440105,1.9198224e-06,0.042926412,0.01832821,4.6107057e-06,0.00019227907,6.451899e-08,2.6333666e-06
0.0005599869,0.0030037567,0.20749061,0.46818322,0.22570564,0.066242725,0.011772722,0.0069833174,0.005606931,0.0006283194,0.0027157962,2.5158744e-05,0.0009047415,1.3034982e-05,1.4394749e-07,9.2275746e-05,6.4128864e-05,2.0716154e-08,5.0995604e-06,3.2424404e-07,2.063175e-06
1.9802942e-06,1.7419869e-05,0.0030281257,0.04221279,0.16661978,0.1842225,0.23392047,0.08162096,0.060996115,0.013882551,0.014450086,0.0025082962,0.19421495,4.0540046e-05,1.4180755e-05,0.0011032573,0.0011387377,1.4419517e-07,5.438598e-06,1.4408939e-06,2.6210415e-07
0.00024492788,0.0012048958,0.069093764,0.26466697,0.2136775,0.07897096,0.120991305,0.10319744,0.056965444,0.018058583,0.06217412,0.0017247297,0.001599554,0.001332515,1.6016368e-06,0.0053118803,0.00010864856,2.8592886e-08,0.00067009416,2.5388176e-06,2.4922924e-06
8.0912156e-07,8.9813835e-07,6.2453927e-07,8.2938e-06,7.0060305e-05,0.008643188,0.030753132,0.18378946,0.518823,0.019945588,0.01919362,0.01796834,0.03315794,0.03622358,0.004865061,0.0071125883,0.066353075,0.030531768,0.022551835,5.5296905e-06,1.5663511e-06
6.7273066e-07,9.258228e-07,9.96296e-07,1.20458335e-05,0.00028599196,0.00068987784,0.064250395,0.123252936,0.3255317,0.02864246,0.35949495,0.030745713,0.0011545031,0.0012378647,5.351501e-05,0.0634262,0.0011334433,5.9766902e-05,2.5656173e-05,2.8763296e-07,6.10866e-08
3.7313292e-08,3.73454e-08,1.00434114e-07,0.01292341,4.8793812e-05,0.042933572,0.5150505,0.10263173,0.029189335,0.12552969,0.017028246,0.08532851,0.0164169,0.00019462813,0.02570906,0.02524331,0.001658405,0.0001082729,2.8777465e-06,1.6271125e-07,2.5021473e-06
4.2566546e-07,3.1860918e-06,1.3396862e-06,0.00080126687,0.0009883004,0.041371938,0.2293048,0.41552398,0.1681284,0.065655656,0.025279036,0.008013794,0.0072571468,0.0073321224,0.001817649,0.024302129,0.004183596,9.2706233e-07,3.2363565e-05,1.6464566e-06,3.3218237e-07
0.00027373494,0.0003782995,0.30010566,0.3338784,0.2573001,0.060954664,0.019168735,0.01246139,0.009695285,0.001280999,0.0034808714,1.319688e-05,0.000686872,6.197402e-05,6.4065766e-08,0.0001720931,6.734546e-05,3.355409e-08,1.8520677e-05,8.5576225e-08,1.6352785e-06
3.709529e-07,4.0110643e-07,3.2995326e-06,0.02194552,0.008853994,0.19741909,0.6136622,0.05619508,0.07537189,0.024979565,0.0013457929,2.0473173e-05,6.635481e-06,3.6879905e-07,1.3633397e-08,1.8720044e-07,0.00019503647,7.036696e-11,6.351063e-08,1.41699e-11,3.5374784e-10
1.2383401e-07,2.0071711e-06,7.409354e-06,0.0007628094,0.0024787725,0.08145313,0.13869455,0.1905226,0.049078606,0.34561375,0.04108866,0.060361844,0.06756208,0.017123137,0.0037217245,0.00031334488,0.0010619739,5.3877574e-08,0.00011466146,3.883305e-05,3.1853165e-08
2.765429e-08,1.5209707e-08,1.5876805e-07,8.043142e-06,3.6327507e-05,0.0004286754,0.013890913,0.0017871334,0.010061306,0.040034175,0.025917344,0.0036250907,0.007034673,0.8565627,0.0005595521,0.026318962,0.012793431,0.00022189361,0.000694702,2.4177907e-05,7.3540434e-07
2.1880417e-06,3.096269e-06,3.0397887e-06,0.00036904955,4.0690935e-05,0.00043942043,0.012404635,0.028762264,0.054208204,0.05419201,0.049503826,0.093546554,0.037510764,0.27116612,0.33296984,0.013274519,0.017149981,0.01649957,0.017900513,1.0434881e-05,4.3263713e-05
0.0016090482,0.009692865,0.24380659,0.5283807,0.15412197,0.045194667,0.0071627963,0.0037274933,0.0030643386,0.00029306454,0.0024990067,1.7152372e-05,0.0003516449,6.1849496e-06,1.0560992e-07,3.3146167e-05,3.268875e-05,1.6018847e-08,4.1395915e-06,3.1644976e-07,2.105909e-06
7.625757e-07,8.86814e-07,1.502014e-06,2.313847e-05,5.9076403e-05,0.002872709,0.031803723,0.10350781,0.57702905,0.079823986,0.14952801,0.019347293,0.0021455449,0.002566582,0.0002117724,0.026890444,0.00070345943,0.003345247,0.00013510749,5.7079e-07,3.3222257e-06
1.3826473e-06,1.6887094e-06,2.5105223e-06,5.595275e-06,1.18159305e-05,0.00032807668,0.013649767,0.025159875,0.4725629,0.30571392,0.11512337,0.02434929,0.01350948,0.0024208997,0.001982058,0.013053698,0.0003070694,0.011657955,0.00012839245,9.739241e-07,2.917568e-05
6.515962e-07,1.0601374e-06,1.3334753e-06,0.00043695467,0.0019025272,0.004276612,0.11696525,0.0836636,0.2356994,0.017204968,0.06118392,0.016527973,0.00018417946,0.000659702,1.0894627e-05,0.4610127,0.00026363716,7.4244076e-07,3.731616e-06,7.837464e-08,6.344872e-08
5.4374973e-06,0.00025875831,0.008452077,0.10454141,0.11453926,0.1841759,0.21848929,0.048750725,0.041466765,0.02517635,0.03170062,0.15105768,0.07103558,0.00018114754,8.485818e-07,0.00013726072,1.434895e-05,7.329118e-10,1.0430575e-05,6.154022e-06,3.7261046e-08
1.349157e-06,1.9310453e-06,2.9379653e-06,0.0008662631,0.0011585681,0.017661566,0.13965385,0.1454927,0.23338784,0.046780813,0.037067678,0.011514009,0.0008353011,0.0024160075,0.00012831655,0.36141992,0.0015812072,7.1738964e-06,2.1452008e-05,3.3414048e-07,7.890259e-07
1.6564007e-06,2.10694e-05,0.000593129,0.06491536,0.16821966,0.3731321,0.23656616,0.038817886,0.05428965,0.030708285,0.019652434,0.0008284832,0.011990937,1.7256996e-05,9.70938e-07,4.5267952e-06,0.00023890416,5.432671e-10,1.5265737e-06,1.5071102e-08,1.705462e-08
6.099928e-07,1.1398889e-05,0.0008131881,0.096742146,0.35645884,0.2580456,0.18563361,0.032081056,0.03635847,0.019305589,0.011366634,0.00022469928,0.0029254274,2.151939e-06,2.3568226e-08,3.5312632e-07,2.9729215e-05,2.8608931e-11,4.506074e-07,1.429201e-09,1.3192988e-09
1.77118e-07,2.0330084e-07,4.036994e-07,0.015222315,2.1445896e-05,0.0163345,0.036959812,0.10619397,0.15545532,0.13735595,0.14223695,0.026999304,0.0010447282,0.00941072,0.29442453,0.05689829,0.00021880229,0.00081399956,0.00035260574,4.780478e-08,5.5925902e-05
5.969569e-09,6.259214e-10,9.420779e-10,6.222994e-07,2.7364976e-07,3.5892285e-07,0.0012420112,1.415514e-05,0.00074776995,0.00057729613,0.08468202,0.004681797,0.0006065506,0.0017404294,2.4221774e-05,0.0036789838,0.04576081,0.85622925,3.087463e-06,9.776499e-06,5.5332254e-07
1.0177775e-05,1.3513201e-05,0.004079478,0.06433477,0.16037326,0.3074369,0.14538348,0.05957416,0.023753446,0.05870883,0.00834571,0.00037349574,0.1630327,0.0002710368,0.000109139786,0.0025543917,0.0016039413,9.20145e-06,2.9323186e-05,5.38125e-07,2.524096e-06
6.2756436e-07,2.8775275e-06,6.3146213e-06,0.0026829748,0.000581667,0.008407969,0.026531994,0.11221445,0.04352761,0.2158322,0.19070683,0.06336093,0.035832524,0.003792902,0.274448,0.017625459,0.003980283,0.00023178967,0.00021350328,9.509703e-06,9.564775e-06
2.5005377e-06,1.7760229e-05,0.0007818396,0.06938461,0.20021643,0.5378107,0.110432856,0.03738492,0.027122997,0.005424776,0.010159361,9.256085e-05,0.0010478126,3.058331e-06,4.6187743e-06,1.7816039e-05,9.418028e-05,8.281708e-09,1.1330586e-06,1.128427e-08,3.968731e-08
1.7936554e-05,7.452404e-05,0.020726973,0.16469279,0.22460736,0.11037389,0.068945244,0.20343173,0.008590761,0.0652423,0.13138568,0.000117792944,0.0017129589,2.0514059e-05,8.220826e-07,2.1475045e-05,1.7053184e-05,3.1672835e-09,2.0083122e-05,3.4447044e-08,4.4446363e-08
6.54039e-07,1.6190509e-06,3.6672944e-05,0.0100241415,0.32150826,0.24716817,0.2792211,0.10643413,0.024763186,0.0069503123,0.0029754152,0.0006956817,6.359867e-05,0.00012446436,1.10267784e-07,1.5344875e-05,1.5984031e-05,1.3456161e-10,1.1841638e-06,1.3542707e-09,7.201565e-10
0.00020441053,0.0006949338,0.05749588,0.42059985,0.34841213,0.13199177,0.02003017,0.00929165,0.0060869968,0.00121393,0.0030034198,1.849472e-05,0.0008683413,9.325031e-06,9.733692e-07,1.4530369e-05,5.3580592e-05,3.6232198e-08,8.768732e-06,1.081079e-07,7.2889605e-07
3.914034e-08,1.09805345e-10,1.6946311e-09,1.7686846e-06,2.7106651e-08,2.0773021e-07,6.2941705e-05,6.9455727e-06,2.3059714e-05,0.0008980354,0.03889884,0.0003621247,0.001305311,0.00067580485,4.5660676e-05,0.9543851,5.8895234e-06,0.0032240783,7.134287e-06,2.1304194e-08,9.695411e-05
0.14101723,0.22598448,0.34533617,0.20414965,0.050451912,0.017697118,0.0046108644,0.0031389869,0.0018039297,0.00033599648,0.0043113725,6.536731e-05,0.00032616462,0.00011734627,9.466345e-06,0.00030676322,0.00017458235,4.5111447e-06,6.844284e-05,1.743899e-05,7.223919e-05
2.712432e-06,1.6992122e-06,1.962775e-06,0.0015885968,2.2570504e-05,0.0013346145,0.052244537,0.070084296,0.116020136,0.055353735,0.11457259,0.22796413,0.037572768,0.08412578,0.16215421,0.027437074,0.02506565,0.014477318,0.009909284,1.020109e-05,5.621815e-05
0.0032093246,0.0041546538,0.34526432,0.36427918,0.21130407,0.04643592,0.011096146,0.0061650206,0.0038085254,0.00062936364,0.0030521336,1.7399621e-05,0.00037266998,4.0278366e-05,3.716935e-07,7.409978e-05,5.7853234e-05,2.170647e-07,3.1143652e-05,4.137069e-07,6.9287526e-06
2.5961267e-08,7.5879164e-08,6.057847e-08,7.0766185e-07,8.7407005e-07,7.61974e-05,0.006725834,0.014560599,0.034633834,0.02250156,0.2111318,0.051951792,0.049665492,0.008037618,0.02944084,0.0032828634,0.56725264,0.0005049991,5.1577215e-05,0.0001802003,4.812319e-07
9.366805e-06,0.000308137,0.008025114,0.13864985,0.55058765,0.22551069,0.031615958,0.0052314005,0.031760003,0.000728647,0.006272169,1.3063542e-05,0.0012546785,1.0322631e-06,4.4782988e-07,7.334869e-06,2.3773388e-05,1.3249071e-10,6.674784e-07,1.4146415e-08,3.2347266e-08
2.22506e-07,5.815975e-08,7.669367e-08,0.0065568583,1.0450023e-05,0.20410782,0.3693869,0.007410432,0.1720383,0.19559228,0.0045341174,0.0003537347,0.0003571342,0.00024488935,0.00112049,4.015182e-05,0.03790972,3.4972808e-07,0.00033588323,1.4006843e-09,6.526174e-08
6.498167e-09,2.4989681e-08,2.3644281e-08,1.1942217e-06,1.2096149e-05,0.00026713058,0.004029686,0.019038325,0.045249663,0.011055189,0.031247454,0.01331655,0.007609222,0.027900496,0.083032854,0.00066857436,0.7562099,0.00012305944,0.0002301688,8.293717e-06,1.8037746e-08
1.034055e-05,4.588863e-06,1.09170605e-05,0.088707104,0.0003979506,0.029633056,0.16906443,0.07612475,0.2686131,0.20499107,0.10480778,0.010798623,0.0025479137,0.00052777666,3.2148622e-05,0.0065535507,0.03701856,4.567234e-06,0.00014937471,8.687774e-08,2.3310224e-06
0.14756218,0.326332,0.2962396,0.16767402,0.03510359,0.013801304,0.0036180748,0.0024663447,0.0015576455,0.0002706196,0.0041382653,8.061456e-05,0.0003269556,0.00011070199,1.1987212e-05,0.00036855665,0.00016628961,5.387901e-06,6.0023463e-05,2.6027377e-05,7.9829704e-05
0.00018352142,0.00019243135,0.21089883,0.35017762,0.3108946,0.07438097,0.020413205,0.016005691,0.010326266,0.0017114293,0.0032179093,1.3385935e-05,0.0011787692,8.200614e-05,9.030156e-08,0.00020422891,0.00010125132,4.3305846e-08,1.6385688e-05,7.237261e-08,1.2619137e-06
7.3229603e-06,1.2860237e-05,3.0396392e-05,0.09414718,0.0056164335,0.13963704,0.20557073,0.12721832,0.14853266,0.10670896,0.10718083,0.0020155513,0.004083978,0.0015179606,8.386672e-05,0.0009966475,0.056608967,2.4241584e-07,2.9404213e-05,5.6822632e-08,5.5865684e-07
5.6009686e-08,1.7635553e-07,1.4925237e-07,0.00040436638,0.0021711795,0.20294529,0.5915213,0.11299809,0.060667925,0.027864333,0.0010620905,0.00015949964,2.409727e-05,3.6298625e-05,5.5336836e-06,2.020924e-05,0.00011930259,1.5086696e-10,8.423226e-08,2.1590833e-10,4.4138904e-10
9.788122e-08,1.2635638e-06,7.7896075e-06,0.0026774774,0.11954659,0.19664557,0.31917205,0.21121109,0.07370054,0.040609933,0.018750953,0.01140307,0.0023689575,0.0034751454,1.2042686e-05,0.00035966333,5.6152017e-05,3.776649e-10,1.5594956e-06,7.783908e-09,2.076963e-09
2.6626566e-07,1.0531163e-06,1.1176435e-05,0.008151632,0.16398361,0.12874338,0.40682805,0.17449407,0.08753435,0.016836217,0.008534582,0.0032051774,0.00024951508,0.00096465356,4.930164e-07,0.0004282727,2.8121623e-05,7.544603e-10,5.3481094e-06,4.9828777e-09,1.4745859e-09
1.469986e-07,1.2319915e-06,6.5621174e-07,6.58809e-05,7.052361e-05,0.027494969,0.06906043,0.05377553,0.050254088,0.12273057,0.24142353,0.008059278,0.01673607,0.006689228,0.40140632,0.0005603092,0.0016374191,2.5817542e-07,1.6742106e-05,1.6728443e-05,4.9132122e-08
0.18316752,0.42316544,0.21910231,0.10652728,0.023409229,0.009949207,0.0076049934,0.004516406,0.0020842254,0.0004988835,0.017378397,0.0009913164,0.00035172026,0.00017487223,2.2418146e-05,0.0007721863,0.000106649706,3.3128883e-06,4.9746835e-05,8.480213e-05,3.9051283e-05
1.3286257e-07,2.3008085e-06,2.6875744e-06,0.00039136005,0.0053861537,0.19713178,0.17812818,0.18370095,0.0585659,0.2274699,0.061703432,0.024472978,0.011290276,0.006449415,0.043753948,0.00090283575,0.00064299174,2.362428e-08,3.4278714e-06,1.3067572e-06,2.0107798e-08
4.593663e-06,0.000112407666,0.03331311,0.1406803,0.5425509,0.17647392,0.060193684,0.013413679,0.01710898,0.00093447324,0.008341716,0.00010586536,0.006700635,2.0488565e-06,5.6245444e-08,2.397037e-05,3.8810133e-05,5.354998e-10,7.174078e-07,6.739188e-08,3.8373695e-08
0.002405728,0.0077231224,0.3310788,0.43300074,0.15847248,0.043144673,0.009986245,0.0055029294,0.0039868313,0.00048535815,0.0035137138,2.487448e-05,0.00047733463,2.2844966e-05,2.262781e-07,9.317649e-05,6.141733e-05,6.790396e-08,1.3241376e-05,5.553061e-07,5.6476706e-06
5.401894e-08,1.2118895e-08,2.6960484e-08,2.050107e-08,5.27138e-07,4.813038e-06,0.005955357,0.01728272,0.09471177,0.04456882,0.3929033,0.44427258,0.00018137263,7.791335e-06,3.1606196e-05,5.161836e-05,1.4053655e-05,1.3572618e-05,2.3644882e-08,3.6838368e-09,1.9219184e-09
0.015569323,0.02190167,0.4597711,0.30515257,0.13342668,0.038226806,0.009013752,0.006399417,0.0042557856,0.0006724069,0.0043346854,4.1381783e-05,0.00056374003,9.609557e-05,1.7771748e-06,0.00033220102,0.00015255895,9.968363e-07,5.2958803e-05,2.8572874e-06,3.1326403e-05
1.07266025e-07,3.6854226e-07,6.3334386e-07,0.016127966,0.0048714485,0.4982817,0.22920562,0.089325786,0.14872098,0.006148476,0.0070479917,1.3767676e-05,8.7233375e-06,2.1814353e-06,3.9502384e-06,9.783789e-06,0.0002305443,1.1255333e-10,1.6202844e-08,9.96735e-12,6.1821975e-10
0.8439474,0.06956576,0.08121974,0.0007608101,0.0005533874,0.00010036507,0.00019970356,0.00020503433,0.00013186627,4.8494654e-05,0.002701662,0.0002306633,4.434652e-05,1.5350657e-05,9.0877365e-05,0.0001323097,1.3527633e-05,6.2016293e-06,2.5835034e-06,2.764948e-05,2.2295076e-06
3.9217734e-06,3.120773e-06,4.840227e-06,1.9352769e-05,0.001487169,0.0013485019,0.059552684,0.20851617,0.28181916,0.019952463,0.27694055,0.12835091,0.0009406791,0.004956506,0.0003529258,0.009660422,0.0057531553,0.00030444452,3.038306e-05,2.5228167e-06,1.06425965e-07
2.8493726e-08,1.0457404e-06,1.1824133e-06,0.00045244914,0.0015897271,0.03298713,0.08107112,0.10272345,0.07152354,0.290124,0.21180652,0.010537475,0.06667463,0.02400406,0.105822645,0.00061597687,6.1814775e-05,3.048171e-10,3.1021139e-06,1.02855175e-07,1.8413141e-09
3.1955875e-11,9.8707584e-11,4.9469307e-11,2.2904383e-09,8.7980165e-09,8.550499e-07,4.6728772e-05,0.00023598397,0.0008183576,0.00023275118,0.004666002,0.0013860095,0.00054947357,0.00019080027,0.0009481366,3.121226e-05,0.9908874,5.5368964e-06,6.246087e-07,1.1150246e-07,2.5511107e-10
3.812802e-08,5.358234e-08,1.2356247e-07,6.7219294e-06,3.493787e-05,0.00016263954,0.01625333,0.01066263,0.010479139,0.026158193,0.24027056,0.05636822,0.115348,0.04164325,0.27246806,0.0021006223,0.20707235,0.00087589095,5.2379037e-05,4.264449e-05,2.2220085e-07
4.9760856e-05,0.0017060064,0.017824728,0.1266866,0.046714954,0.10064889,0.22068822,0.06958417,0.057303164,0.011733487,0.044937093,0.27016172,0.029866919,0.0006842158,1.3285515e-06,0.0012555541,3.072175e-05,8.651754e-09,1.7735894e-05,0.00010455934,1.5200928e-07
2.5244235e-05,1.3879955e-05,7.01406e-05,0.07150715,0.012320857,0.04895559,0.17642201,0.31595257,0.14236766,0.06412235,0.09253332,0.0042419997,0.00079872325,0.00979411,4.5961442e-05,0.05761353,0.003019299,2.965308e-06,0.00019194958,3.2367717e-07,3.7448223e-07
3.946683e-06,0.00013502715,0.016324492,0.10107051,0.5619571,0.2368898,0.044862386,0.008454467,0.019322338,0.0006102101,0.0066746087,5.26506e-05,0.0036026903,9.965188e-07,8.506278e-08,1.2801639e-05,2.548915e-05,2.1880851e-10,3.9617385e-07,3.7539746e-08,2.2139137e-08
3.1501625e-07,9.042573e-06,0.0007352131,0.01567735,0.2692751,0.16386147,0.17323288,0.07597293,0.027984004,0.06642394,0.16071294,0.011845172,0.034208428,2.0522639e-05,5.0752953e-07,2.5909505e-06,3.5621615e-05,4.9985616e-10,1.8607642e-06,1.1034135e-07,1.5426341e-09
6.801532e-08,1.700611e-07,1.1618586e-06,0.0027900513,0.054262765,0.1969239,0.56075853,0.12729388,0.05056356,0.0067161126,0.0005355413,0.00011884748,8.021321e-06,3.899758e-06,1.6983847e-08,1.3311325e-06,2.2126193e-05,2.2209885e-11,1.07709766e-07,6.561678e-11,7.1295116e-11
2.6956884e-06,1.297052e-06,2.6290274e-06,0.00037966808,0.0041948967,0.013538335,0.21521328,0.21199484,0.3272691,0.025656264,0.10892778,0.06528753,5.906121e-05,0.00046123227,2.3953119e-06,0.026635246,0.00036953008,2.162942e-06,1.939592e-06,6.9982676e-08,2.681113e-08
1.0452959e-08,4.0563024e-09,2.3359958e-08,4.4063222e-07,1.6421574e-06,9.881613e-05,0.009192543,0.0026894857,0.0056258887,0.026344473,0.2625428,0.07267963,0.27883708,0.016040152,0.020107599,0.28123572,0.017604234,0.0069230576,5.5008977e-06,6.911793e-05,1.8370255e-06
5.283393e-06,3.3081808e-06,1.257743e-05,0.0026958275,0.00022731027,0.003992129,0.029428314,0.031887434,0.10381241,0.12772854,0.031264473,0.01006776,0.017502213,0.021093948,0.0008534633,0.563194,0.0012197993,0.0003172743,0.054675356,1.6532538e-06,1.6954975e-05
2.308067e-05,0.00017519397,0.046713058,0.25143695,0.4076991,0.13920538,0.06167714,0.037370246,0.027723284,0.0031369869,0.0051620165,0.00012088978,0.018343138,4.6530327e-05,3.286474e-07,0.0006302495,0.00053096475,1.0192353e-08,4.5081347e-06,3.5617194e-07,5.0194774e-07
3.6306758e-06,5.2566306e-06,1.1521396e-05,9.704066e-05,0.00024885827,0.0023089529,0.046738178,0.057562348,0.2520073,0.14748773,0.11419052,0.02397042,0.011070815,0.003337633,0.0031022362,0.33452287,0.001763164,0.0013732797,0.00017827697,4.155586e-06,1.5766123e-05
6.7937463e-06,2.9759974e-06,3.4192392e-06,3.9400813e-05,5.7662887e-06,0.00015306243,0.011395737,0.040600706,0.34144008,0.08874702,0.46773744,0.03382188,0.0023104255,0.0011303334,0.00012964942,0.0015131029,0.009053301,0.001545738,0.0003572803,8.9338734e-08,5.886471e-06
0.007236994,0.06483157,0.19486637,0.41122928,0.10352686,0.040572297,0.04800333,0.02829007,0.01592694,0.0030159892,0.07376639,0.004847175,0.0014666131,0.00032498137,3.3589474e-06,0.001923478,6.845084e-05,1.2441868e-07,6.986411e-05,2.2234562e-05,7.5548214e-06
2.360299e-07,7.0222e-07,4.3580403e-06,0.007163509,0.06031592,0.14424798,0.5327318,0.14630158,0.09624586,0.009414126,0.002591092,0.0007618657,3.3971333e-05,4.3896103e-05,4.854948e-08,0.00010414011,3.82092e-05,4.9235027e-10,7.2864276e-07,9.45532e-10,8.9858687e-10
5.7813213e-07,5.620035e-07,6.1135125e-07,0.0006937653,0.00027570495,0.01806376,0.16319558,0.14460522,0.43591094,0.09313647,0.027321808,0.0044124657,0.00044215706,0.0011972903,7.584447e-05,0.10711074,0.0035440638,2.008771e-06,1.0049489e-05,3.497383e-08,3.600017e-07
3.0397163e-07,1.1587325e-07,3.1617157e-07,0.0010648664,8.342138e-06,0.0037324543,0.053080987,0.06914911,0.08712525,0.12559614,0.10317796,0.49259362,0.025250452,0.005812871,0.007369379,0.0144284265,0.00058768434,0.0012557189,0.009760648,4.7632105e-07,4.88546e-06
0.00036374506,0.0004905173,0.2482959,0.36435318,0.2879451,0.06347645,0.016764605,0.008494132,0.00528772,0.0009785095,0.0029239124,1.2031443e-05,0.0004859724,2.481447e-05,1.1990616e-07,4.1997384e-05,3.8917537e-05,5.704607e-08,2.0753247e-05,8.230529e-08,1.5248822e-06
9.641451e-08,2.9345598e-08,9.128229e-08,0.00016385176,1.0423438e-06,0.0015665643,0.014873039,0.019469827,0.14943616,0.13343577,0.08315754,0.115457445,0.023314977,0.0046560788,0.0014898456,0.009072382,1.8114706e-05,0.0014346801,0.44244096,9.538358e-09,1.1561536e-05
0.00090720487,0.0008802597,0.36545354,0.31096673,0.23636658,0.053991497,0.013162077,0.008314808,0.0057569183,0.0007994187,0.0027208026,1.0171677e-05,0.00041648065,4.919914e-05,1.1108571e-07,0.00012218958,5.7682722e-05,8.819069e-08,2.1132035e-05,1.2512976e-07,3.01098e-06
0.006673542,0.02634217,0.23496963,0.4106732,0.16846345,0.040042415,0.024549594,0.04029133,0.0031482328,0.0029328754,0.04141918,9.764846e-05,0.0003095956,8.700166e-06,1.3394932e-06,2.7150933e-05,3.5449135e-05,5.238524e-08,1.1444762e-05,7.868297e-07,2.1963674e-06
5.3911748e-08,1.203896e-07,2.8456583e-07,0.00051527016,8.0316444e-05,0.0026829438,0.05337426,0.13021305,0.07729214,0.25788215,0.018098261,0.24007384,0.17579018,0.027495412,0.0021845906,0.0024421646,0.0006658258,1.8179226e-05,0.01119003,9.6856e-07,3.518927e-08
1.3862539e-06,1.6427921e-06,5.07386e-06,0.003327625,0.032177415,0.042220663,0.30086955,0.32366797,0.24978323,0.008363595,0.0238242,0.0045499774,3.32142e-05,0.002724097,6.3487545e-07,0.008269559,0.0001391328,2.3566123e-07,4.0723702e-05,2.7139485e-08,4.3361474e-09
8.953736e-08,3.5983416e-07,1.5343952e-07,0.027847793,0.00010712669,0.23127024,0.11873256,0.18973474,0.1490155,0.03153319,0.026262669,0.0006473262,0.0003678786,0.0001858421,0.22308552,0.0005752792,0.00062983047,7.638156e-08,3.66887e-06,1.2247178e-09,1.4992341e-07
1.9828502e-05,5.8414083e-05,0.028085375,0.32947326,0.18867412,0.12104582,0.09644775,0.120557114,0.052887294,0.033232994,0.024210095,0.00018841855,0.00044876503,0.00076427823,2.255109e-07,0.0012336468,3.449269e-05,2.9099263e-09,0.0026376203,7.9524064e-08,3.712363e-07
1.7440327e-08,1.1513876e-07,8.829814e-08,7.053461e-07,4.544679e-06,6.2101484e-05,0.0029764855,0.0048986906,0.035922997,0.014969599,0.13113259,0.07704367,0.0044044154,0.00026787905,0.7190967,0.00076685613,0.008366729,7.614888e-05,1.0399674e-06,8.426834e-06,7.395048e-08
1.0738345e-06,2.3826685e-07,4.5972627e-07,1.8576648e-06,6.778806e-07,0.00089363114,0.010086002,0.06636642,0.04372066,0.10481417,0.036346294,0.01941026,0.23149826,0.062084932,0.047951017,0.20645094,0.00030218068,0.16450119,0.0025270712,3.4529896e-07,0.0030422676
0.0002546405,0.00050213106,0.25444597,0.41627875,0.24857613,0.05586079,0.011823171,0.005896891,0.003868677,0.00047160234,0.0017024225,5.395414e-06,0.00025929487,7.2624634e-06,2.3634993e-08,2.1016218e-05,2.054246e-05,7.747424e-09,4.8055217e-06,2.984166e-08,5.130575e-07
1.9977876e-06,7.675152e-07,1.5019897e-06,0.044248696,0.00023080935,0.035672605,0.38019955,0.041682903,0.2726636,0.20135537,0.010359584,0.00034669891,6.736675e-05,2.5429536e-05,6.686187e-07,4.002043e-05,0.013099114,4.171855e-08,3.216126e-06,1.9274839e-10,4.673254e-08
0.00011021032,0.00018612533,0.24431756,0.40019938,0.26732987,0.06194157,0.012807722,0.0065992735,0.0041959034,0.00053551106,0.0014896524,3.6404433e-06,0.00024188083,6.0829943e-06,1.0698169e-08,1.540715e-05,1.6566577e-05,3.5150263e-09,3.4148843e-06,1.1815104e-08,2.1534291e-07
0.00012373028,0.00071049377,0.11791997,0.5220129,0.27814746,0.05996262,0.012068751,0.004083931,0.0028668833,0.00032076825,0.0015132331,7.0770425e-06,0.00024380069,1.2766583e-06,2.2509559e-08,4.206635e-06,1.1058681e-05,1.8100766e-09,1.6452569e-06,2.579941e-08,1.7199532e-07
2.0875743e-06,2.826622e-06,5.9011895e-06,0.0004934079,0.023610422,0.096384786,0.31300706,0.30583996,0.11974273,0.025464043,0.044487625,0.060537808,0.00017042218,0.0012311946,6.0567687e-05,0.0085333185,0.00042350555,5.64967e-07,1.5493146e-06,2.1799666e-07,3.307995e-08
2.0848755e-07,2.6349378e-06,3.0439248e-06,0.00020192044,0.001365006,0.045663718,0.15873808,0.3218693,0.09179436,0.14982459,0.056648854,0.047165256,0.036887202,0.011687161,0.069235824,0.0038259341,0.00498241,4.4294798e-06,4.022235e-05,5.96293e-05,1.6241333e-07
2.3972682e-06,1.058142e-05,0.00010997612,0.05532163,0.047119915,0.34255928,0.27586418,0.060681194,0.13185084,0.07100961,0.012249865,0.00041393933,0.0016670296,2.2548047e-05,1.6390145e-06,3.086534e-06,0.001108112,1.9483433e-09,4.121716e-06,7.255257e-09,1.920078e-08
3.519285e-07,6.155037e-06,0.00032968266,0.022657333,0.11794442,0.18721175,0.26214063,0.08313212,0.059772078,0.17349017,0.009525602,0.032947827,0.049370877,0.0011888548,6.8939853e-06,0.0001304934,5.850088e-05,2.5232134e-09,8.557293e-05,6.3671166e-07,2.9440237e-08
4.820878e-07,8.55437e-07,9.5063376e-07,0.0022169978,0.000111709924,0.0022849473,0.045514233,0.100130975,0.134103,0.118348196,0.0773393,0.06208227,0.033316564,0.32182494,0.006464715,0.084690705,0.0061894967,8.305425e-05,0.0052947137,8.6163175e-07,1.0505651e-06
4.303626e-07,1.1142878e-06,3.2330186e-06,0.0017210682,0.032939844,0.22184695,0.45800424,0.17661335,0.0814481,0.013082915,0.007330965,0.005935429,6.874795e-05,0.00020120826,3.5313517e-06,0.000640938,0.00015716691,9.693692e-09,7.1417315e-07,1.4513483e-08,4.477103e-09
1.1150905e-06,1.8647416e-06,1.4251179e-05,0.07426888,0.009296019,0.20312154,0.37270305,0.09793336,0.14590794,0.07784059,0.015577073,0.0003293817,0.00021153055,1.35732525e-05,8.8046284e-07,6.300301e-06,0.0027711613,4.6800057e-09,1.4347024e-06,1.1073729e-09,9.829009e-09
7.0777565e-07,2.4745295e-06,7.193817e-05,0.042988073,0.030019183,0.77600265,0.087492704,0.0331097,0.014473868,0.010057282,0.004902009,0.00017177025,0.0005300449,5.7017155e-06,2.4208026e-05,2.0504334e-05,0.00012597578,9.536518e-08,1.0766569e-06,4.938842e-09,2.0818101e-08
5.239227e-07,5.0154867e-06,0.00017696564,0.0035228103,0.017083485,0.04044687,0.097907804,0.0715339,0.02608216,0.15001623,0.12607178,0.0068862275,0.45207974,0.006679187,0.00089160056,0.00021685644,0.00035225382,1.5237497e-07,4.6013436e-05,3.357902e-07,9.844919e-08
1.9514744e-10,3.229545e-09,4.353676e-09,1.0389978e-07,4.977867e-07,7.126879e-06,0.0025878015,0.0006079985,0.016813494,0.0029107034,0.63731503,0.29135337,0.00524506,0.017354237,0.00055119017,0.00027200574,0.024423024,8.212149e-07,1.7090854e-07,0.0005573164,1.3899794e-10
0.0001555276,0.0008954957,0.17591383,0.45638865,0.26030913,0.071793474,0.014434238,0.00888146,0.0071373866,0.000646332,0.0023199173,1.6813648e-05,0.0009732837,8.763997e-06,4.3620915e-08,7.0737835e-05,5.172527e-05,4.566733e-09,2.470512e-06,1.05501776e-07,6.047256e-07
4.0280298e-08,1.5118859e-08,4.0424066e-08,2.0863272e-06,2.2395203e-07,0.000130331,0.0018198077,0.002530182,0.026345998,0.045705266,0.037310343,0.009757442,0.04443107,0.0070602,0.0004991454,0.0008652863,1.5966189e-06,0.00074734207,0.82279205,1.3834255e-09,1.5744761e-06
9.1124e-07,1.3078654e-06,1.0742623e-06,0.0005398005,0.001010166,0.034564514,0.098841146,0.26805168,0.5223035,0.021763444,0.0180392,0.0073517715,0.0002695716,0.0055789463,3.8629067e-05,0.019051349,0.0017562351,0.00017287234,0.0006633463,3.2173855e-07,1.9961469e-07
7.843738e-09,8.263334e-09,4.788715e-08,0.009493352,0.00022112177,0.0015868781,0.18039466,0.10191843,0.5962584,0.014937266,0.014194194,4.683023e-05,1.8930237e-05,8.553506e-06,2.0768491e-10,0.080904625,1.59505e-05,4.879665e-11,7.270265e-07,2.9357929e-12,5.4444282e-11
4.3658533e-06,2.2635682e-05,0.0005179601,0.07796252,0.16836074,0.6037023,0.09081031,0.02886102,0.02111672,0.002933674,0.005391748,2.0807773e-05,0.00021696638,2.050493e-06,2.043547e-06,6.3660223e-06,6.732826e-05,2.0666076e-09,4.3693584e-07,3.031023e-09,1.8562947e-08
3.7629437e-05,0.00052516046,0.1551167,0.5963233,0.1914733,0.046818316,0.0051241037,0.0019448801,0.0017230865,7.658147e-05,0.00076753437,2.031361e-06,6.3268926e-05,1.6990202e-07,4.047208e-10,1.2934423e-06,2.5695047e-06,2.602528e-11,9.6199564e-08,3.0513956e-09,1.3739488e-08
1.2279802e-05,1.02260365e-05,6.867895e-05,0.1435639,0.0049451864,0.043275204,0.15134159,0.16964205,0.13758981,0.13958614,0.09739036,0.0040093698,0.0039505144,0.0034521613,7.810063e-05,0.09625805,0.0046163937,3.256136e-06,0.00020474204,4.417797e-07,1.5920208e-06
0.00023855829,0.0016848012,0.07976009,0.39284515,0.23576993,0.06851079,0.056617223,0.08661588,0.0062355036,0.008386197,0.06171528,0.00014567576,0.0014180415,1.0794024e-05,4.5474664e-07,1.7770202e-05,1.947252e-05,4.201778e-09,8.028249e-06,1.0603565e-07,3.0587597e-07
2.2662489e-06,1.1545524e-05,2.3813644e-05,0.021106897,0.019271173,0.3587762,0.10406305,0.22908035,0.091216885,0.021457694,0.14840308,0.0007426787,0.0011005832,0.0004114054,0.001569501,0.0014553019,0.001302837,5.843692e-08,4.322888e-06,2.4881349e-08,2.9550336e-07
0.018239478,0.024971202,0.45575795,0.31446162,0.1293338,0.033581022,0.009063249,0.005357258,0.0033277217,0.00055363047,0.0044878707,3.4550038e-05,0.00038524155,7.5442345e-05,1.2797841e-06,0.00018607294,0.000104578234,7.871846e-07,5.1696963e-05,2.153167e-06,2.3457387e-05
8.9204036e-07,6.1519213e-06,2.3824283e-05,0.011774272,0.008717506,0.12522358,0.15037452,0.14421053,0.085135706,0.21931286,0.13991521,0.008645638,0.07695119,0.015938628,0.002550959,0.00090606476,0.010272443,2.1755693e-07,3.9490355e-05,2.0334852e-07,2.0080626e-07
9.669795e-07,7.410169e-08,1.7145106e-07,0.0038544298,0.00045526447,0.0033923886,0.41199133,0.20212513,0.34261715,0.029952504,0.0050526587,0.0005095039,8.809676e-08,2.6544328e-07,1.16886665e-11,6.8806645e-07,4.7405436e-05,1.1277488e-09,2.8854881e-08,2.875456e-12,7.315143e-11
1.2273992e-09,2.562919e-10,2.291985e-10,7.6435833e-07,1.4489777e-08,0.00044948605,0.053342897,0.002487062,0.43743768,0.077580504,0.089613274,0.00506884,0.013827649,0.056606628,0.014433495,0.041698046,0.19826001,0.004652123,0.00013130384,0.004408042,2.1518194e-06
5.6690953e-07,1.651953e-05,0.00045655252,0.038227625,0.1431119,0.33469492,0.21748805,0.03700792,0.10401483,0.09801365,0.019264044,0.002055724,0.005581531,6.013539e-05,8.9169475e-08,1.66535e-06,2.5024933e-06,1.0593555e-12,1.7515812e-06,1.8551392e-08,2.1060469e-10
4.975054e-08,1.4469426e-08,2.4690058e-08,3.5484177e-06,8.1297934e-08,0.0013273025,0.00887941,0.069489054,0.25098866,0.10634657,0.040513493,0.0021316635,0.009167026,0.105340675,0.10425456,0.19593287,0.00010549234,0.088667616,0.0008300085,3.3997902e-09,0.016021859
1.9547879e-06,7.252695e-06,4.5349494e-05,0.03828581,0.03480609,0.37362123,0.33071002,0.047040403,0.10945334,0.061541993,0.0037850442,6.154024e-05,0.0002732168,1.0247985e-05,6.211062e-07,4.9724804e-07,0.00035241077,2.1709849e-10,3.0521871e-06,7.792144e-10,4.3145003e-09
3.282648e-10,1.6369618e-10,5.4489835e-10,0.005277118,1.670641e-07,0.015195623,0.10443619,0.05326436,0.089439206,0.098707885,0.055828035,0.5341394,5.8186117e-05,0.00503501,0.0178869,0.015531695,3.6068864e-06,0.0051824376,6.1221886e-06,8.509147e-11,8.07729e-06
0.001189032,0.0016807785,0.3521973,0.33321384,0.2190697,0.05452395,0.014071315,0.010516728,0.0078000193,0.0009745511,0.0035708125,1.897213e-05,0.0006791801,7.157822e-05,2.1112828e-07,0.00028464425,0.00010917279,1.09225844e-07,2.24165e-05,3.2111103e-07,5.4074694e-06
2.014386e-06,4.1284156e-07,2.4339496e-07,2.6096062e-05,1.6479768e-05,8.748213e-05,0.026456319,0.16051804,0.27112502,0.022693114,0.4829532,0.033941418,3.212682e-05,2.3498678e-05,8.1003506e-08,0.0004427058,0.0016790227,1.888859e-06,8.578205e-07,2.375695e-09,8.923009e-09
5.615876e-07,2.3191748e-07,2.0463368e-07,1.1075418e-06,4.1248713e-06,0.0038573106,0.018786052,0.15653396,0.12127883,0.024663223,0.015650509,0.04370739,0.20999432,0.01897512,0.011398454,0.03076727,0.004357049,0.33669868,0.0032878488,8.0369097e-07,3.6912483e-05
5.577025e-07,3.7318086e-06,3.695016e-05,0.007041957,0.14079978,0.19758824,0.29451936,0.14973152,0.08270731,0.08293943,0.01478393,0.016445717,0.0028410514,0.009714903,5.020704e-05,0.00047602964,0.00027440352,2.3500446e-08,4.471575e-05,2.069169e-07,1.8753207e-08
5.062419e-07,1.251468e-06,2.866899e-06,0.002878013,0.032924037,0.07196876,0.4070652,0.22712113,0.1976112,0.01042472,0.020817934,0.00754738,8.7172804e-05,0.0009065765,1.4905439e-06,0.020528423,0.000111046415,1.1793904e-08,2.3004238e-06,1.29752e-08,7.0497324e-09
0.00092085917,0.00899652,0.044735413,0.33748302,0.3390666,0.0716718,0.04037429,0.04366584,0.060625497,0.0032864872,0.010914345,0.0012085757,0.017741352,0.00086478586,4.7388476e-06,0.014288936,0.004097332,1.2238153e-06,1.8255718e-05,1.7640166e-05,1.6538343e-05
2.7462218e-07,4.0705842e-07,6.590974e-07,3.0946085e-05,0.00055735727,0.017336337,0.026823914,0.08562396,0.38965824,0.02766308,0.004821777,0.002416551,0.00054387836,0.16191792,0.00043303578,0.0009848966,0.07307346,0.00034644315,0.20776561,1.1748403e-06,3.7994575e-08
6.046717e-07,7.2085527e-07,9.907149e-07,0.0014892214,0.002820714,0.09073159,0.2744531,0.26553455,0.31472173,0.022282552,0.011549706,0.0054238676,7.0617214e-05,0.0015417248,2.2114229e-05,0.0069235526,0.0023869192,7.1176264e-06,3.847103e-05,8.81315e-08,3.617172e-08
1.1463289e-06,9.617652e-07,1.6447729e-07,0.00065938436,1.8590507e-06,0.00029348722,0.03451598,0.11684171,0.10528824,0.02447674,0.054494217,0.111735746,0.13519809,0.12354724,0.24013016,0.0015890338,0.033078842,0.0040607424,0.014075942,1.4317459e-06,8.860454e-06
7.741263e-09,6.976072e-10,1.24328e-09,1.9190376e-09,1.5178642e-08,6.365421e-07,0.0030438695,0.015001231,0.16918758,0.034257334,0.063475996,0.7149537,6.149512e-05,5.6876013e-07,1.1234094e-05,1.4252329e-06,2.9955368e-06,1.9063049e-06,1.924209e-09,6.419146e-11,1.3364646e-10
3.0016685e-07,1.078594e-07,8.893518e-08,5.111818e-07,6.351542e-06,4.05244e-05,0.013596331,0.03974173,0.21388797,0.11849705,0.5267345,0.08202535,0.0002827295,1.4342527e-05,1.4507799e-05,0.0043733665,0.000779098,5.104021e-06,1.12775744e-07,4.429731e-09,4.709016e-09
1.0198409e-06,1.8916497e-06,3.6462222e-06,0.0015650578,0.0052623637,0.084712185,0.32836512,0.23743606,0.21288288,0.039626148,0.02775334,0.014333376,0.00038034987,0.0015329546,7.4564785e-05,0.04471372,0.001347107,8.9023393e-07,7.0136402e-06,1.8529107e-07,1.551131e-07
4.8843157e-07,1.0669052e-07,1.7281945e-07,1.1774393e-06,6.871969e-06,9.824552e-05,0.021971727,0.050436374,0.27885652,0.17627023,0.28764802,0.18224563,0.00028869312,2.7323716e-05,3.0045398e-05,0.0016940453,0.00040626776,1.7764458e-05,3.459949e-07,1.2657633e-08,2.4944107e-08
1.5096522e-06,3.3689025e-06,2.7788421e-06,7.352295e-05,0.00038337824,0.0029296998,0.057045154,0.06810828,0.15789738,0.09826319,0.10999973,0.04558847,0.005094451,0.0025142008,0.023193413,0.42518038,0.003666591,3.4868775e-05,1.6960734e-05,1.4544834e-06,1.1956041e-06
2.5996846e-06,1.9314104e-05,0.0038460132,0.2528468,0.31314778,0.17690268,0.14684895,0.04932922,0.018609527,0.028418934,0.0055649565,0.0012338813,0.003002458,0.00013015064,2.0031403e-07,2.479157e-05,1.231085e-05,4.372505e-10,5.934713e-05,3.132076e-08,2.9708191e-08
0.008067627,0.03932646,0.1384323,0.22946046,0.14115953,0.0440871,0.10698115,0.07461214,0.058488432,0.0074940016,0.108823694,0.012329384,0.0028127718,0.0048836265,2.0452375e-05,0.022111919,0.00049196655,1.2106004e-06,0.00027275685,0.00012449543,1.852148e-05
5.02266e-05,0.0002317714,0.13590074,0.39620134,0.33869186,0.087154195,0.020839095,0.009991887,0.0067426525,0.0009185639,0.0020772011,1.2570633e-05,0.0011254787,4.5986744e-06,4.6620094e-08,2.2206827e-05,3.284298e-05,3.3425271e-09,2.4214876e-06,3.897763e-08,2.1090146e-07
1.9000096e-08,2.7283637e-08,3.8444938e-07,1.4941385e-05,0.0001882764,0.0013475561,0.044723727,0.021861333,0.012262664,0.25387558,0.14473833,0.020221615,0.3761211,0.026859125,0.08096088,0.000376418,0.016183604,1.4532711e-05,0.00023847501,1.1418556e-05,1.9855724e-08
2.0639816e-07,6.682583e-07,1.2324936e-07,0.0009010547,7.842721e-06,0.0006747124,0.036037143,0.12721165,0.10087055,0.027991734,0.08985561,0.19852802,0.028461866,0.11929516,0.25404367,0.00069170346,0.013451,9.5159805e-05,0.0018809786,5.1776726e-07,6.459161e-07
1.1834591e-05,7.154133e-05,0.014575044,0.30863535,0.18794335,0.1419556,0.13716635,0.08414332,0.03537846,0.05761281,0.019640196,0.0022707435,0.009006972,0.00055872224,1.3875012e-06,0.00038765348,4.2983727e-05,4.733863e-09,0.00059677596,5.5292554e-07,3.69263e-07
1.90664e-07,6.0574234e-07,4.1004896e-06,0.0054495167,0.05830754,0.18125317,0.5112707,0.15151593,0.076197274,0.013233483,0.001781,0.0008082236,5.653446e-05,3.0985833e-05,1.5122215e-07,2.869402e-05,6.099055e-05,6.498973e-10,9.1072684e-07,1.7900279e-09,1.0408987e-09
6.0012047e-05,0.00043768922,0.034471057,0.21838814,0.473847,0.18748583,0.04040617,0.016395278,0.0135228485,0.002708733,0.00801397,6.905316e-05,0.004020801,1.2595235e-05,2.9813968e-06,5.8724603e-05,8.7947985e-05,3.9207176e-08,9.9786275e-06,2.1687651e-07,9.14803e-07
0.000108199296,0.0003021573,0.16909362,0.3592852,0.32693672,0.09027631,0.022829657,0.014535277,0.00978579,0.0016571648,0.0029946542,1.939511e-05,0.0019813732,2.0216941e-05,1.6420354e-07,8.765364e-05,7.764772e-05,1.9410066e-08,7.813319e-06,1.0150304e-07,8.81959e-07
9.2788554e-07,5.8402175e-06,0.00012765305,0.0045821033,0.05990467,0.1247751,0.15671094,0.05595527,0.059464637,0.27733338,0.1906499,0.025694111,0.04336777,0.0002810268,8.8916604e-05,1.9726398e-05,0.0010064777,2.2419354e-07,2.8818586e-05,2.513351e-06,3.100045e-08
3.0762353e-06,1.2722243e-05,0.0004707679,0.055286415,0.10274371,0.56516373,0.11169593,0.07916393,0.026431233,0.021250851,0.034168962,0.00058906345,0.0024847966,3.5109148e-05,6.084499e-05,0.00017095219,0.00025942127,3.0315925e-07,8.010773e-06,5.904335e-08,1.66376e-07
2.1627612e-07,2.1942276e-07,2.4791947e-07,9.6194434e-08,3.8191953e-07,5.743145e-06,0.0033538146,0.0070610307,0.25702003,0.17839135,0.47293735,0.05706393,0.016077522,0.00033011762,0.003925048,0.00083608064,5.5203876e-05,0.0029368706,4.2363085e-06,3.0629927e-08,4.382439e-07
3.3387191e-06,2.7465412e-06,4.492733e-06,0.00029923604,0.007241057,0.011614302,0.17870852,0.267847,0.31057596,0.015367196,0.122482665,0.05812931,0.00011002506,0.0023585712,8.959475e-06,0.024757631,0.00046520148,9.634433e-06,1.3785141e-05,3.04919e-07,3.4693283e-08
1.275329e-06,6.7132705e-06,6.509353e-05,0.032273322,0.010129832,0.31707725,0.20243382,0.18052618,0.053713467,0.10560837,0.03822012,0.00961743,0.037139848,0.00020274043,0.008292698,0.003326275,0.0013340319,6.8853883e-06,2.2222364e-05,7.054867e-07,1.7221632e-06
2.1891834e-05,0.00013984162,0.038310464,0.14018537,0.46827683,0.12743121,0.08208475,0.045838572,0.030162377,0.010128425,0.028688194,0.0004742528,0.027581196,7.713249e-05,5.6317003e-06,0.00037895856,0.00017765742,1.3377385e-07,3.5154888e-05,6.259635e-07,1.3824259e-06
5.6064575e-05,2.570289e-05,4.1155563e-05,0.1288412,0.000952811,0.04032679,0.1657838,0.08094208,0.16680874,0.21645741,0.07691564,0.005946131,0.0021940477,0.002246981,0.00010416614,0.0114959525,0.100593366,2.0329016e-05,0.0002349785,2.6020132e-07,1.232239e-05
0.0027929712,0.0015903955,0.5186439,0.22960424,0.1812634,0.039717823,0.010969202,0.0067925695,0.0045161033,0.00058333686,0.0029757887,7.921451e-06,0.00021231639,8.321001e-05,1.3361135e-07,0.00015583794,4.938288e-05,1.8679673e-07,3.616921e-05,1.5294734e-07,5.0264152e-06
1.597399e-06,1.2457652e-06,5.72631e-07,0.017259391,2.9506868e-05,0.009204374,0.1880329,0.14395656,0.3843965,0.08363177,0.072526366,0.02739239,0.017438605,0.0042221704,0.0012554636,0.00047123365,0.04968277,6.549729e-06,0.00048923644,3.5270112e-08,7.2530185e-07
8.9380586e-07,1.2659495e-06,7.8919925e-07,0.00018997795,0.00080310996,0.08042651,0.08555462,0.14966963,0.5674018,0.043451928,0.0064400355,0.006439842,0.0006710849,0.014621644,0.0008522861,0.003531117,0.013277,0.0053456607,0.02131784,2.3464536e-06,5.823721e-07
0.24641669,0.54609925,0.1536634,0.034861136,0.007504055,0.0041778004,0.0013975494,0.000998731,0.0005927447,0.00015837057,0.0029025578,0.000100534344,0.00027732542,8.391047e-05,5.635804e-05,0.00034874916,0.00012631026,1.4879573e-05,5.5615405e-05,7.927826e-05,8.470436e-05
3.1531683e-05,3.6452097e-05,0.17528291,0.32554224,0.3337118,0.10746,0.029465184,0.012715313,0.008072508,0.0026761843,0.0037233052,1.244711e-05,0.0011787189,2.084439e-05,6.286334e-08,2.6102021e-05,2.9611305e-05,2.3277835e-08,1.4508248e-05,1.751689e-08,1.9302506e-07
6.362866e-07,1.0246533e-06,2.3277084e-06,0.0012892439,0.00082175585,0.0027812077,0.049577452,0.088607654,0.14130977,0.07223702,0.027771262,0.005278014,0.0150579335,0.04123312,0.0004213935,0.549195,0.001432537,8.423967e-06,0.0029734012,6.1040834e-07,2.2961413e-07
0.00013435942,2.3375638e-05,0.081278086,0.27280653,0.3504678,0.17183506,0.048338402,0.01956812,0.01583901,0.009467017,0.006617344,1.7041255e-05,0.0012034727,0.021201117,2.7721848e-07,0.00035851722,0.000109244174,5.1558404e-06,0.00072913646,1.9140938e-08,8.825652e-07
3.207474e-05,0.0002948368,0.06379598,0.34908566,0.4424896,0.09908541,0.025638241,0.008130576,0.0062829363,0.0007283424,0.0033212584,1.823474e-05,0.0010636606,1.8837834e-06,7.320058e-08,8.309067e-06,2.0920912e-05,1.8810593e-09,1.9253946e-06,3.14679e-08,1.2853474e-07
0.3200199,0.5254218,0.12046321,0.019456316,0.005662697,0.0029738639,0.0012594145,0.00087940367,0.00042705183,0.000117236596,0.0022485,9.397515e-05,0.00015844603,8.355063e-05,5.9901788e-05,0.0003081516,0.0001302499,1.8905246e-05,6.088469e-05,7.9397476e-05,7.7179044e-05
0.00021815675,0.0014993872,0.11694152,0.43617937,0.32862842,0.07872496,0.01850524,0.0077696964,0.005689025,0.0006860203,0.0040243473,2.564105e-05,0.0010377913,6.1227906e-06,2.3231746e-07,2.1859994e-05,3.5446625e-05,1.1690721e-08,5.7052234e-06,1.4020821e-07,9.2736013e-07
2.2908515e-07,1.310536e-06,5.7924062e-06,0.0042524207,0.0537072,0.22616377,0.4203977,0.18985555,0.07385978,0.02554549,0.003272749,0.0021906584,0.00040083515,0.00014345645,1.9229474e-06,7.564734e-05,0.00012367587,1.339457e-09,1.7998866e-06,1.2644608e-08,3.8206664e-09
2.584785e-06,3.9869337e-06,3.9769828e-05,0.10293588,0.0072949943,0.050215524,0.1888689,0.231387,0.12793942,0.14775985,0.09515081,0.0024054244,0.007450624,0.0025494609,2.3505185e-05,0.033484496,0.0023756926,3.0830518e-07,0.000111400535,9.092294e-08,2.1461865e-07
8.558511e-08,7.017132e-07,1.8760238e-06,0.0048203827,0.001326971,0.0063230926,0.17370453,0.17371224,0.20453435,0.17974596,0.06188766,0.025098266,0.07679832,0.0062828753,1.6024378e-05,0.08483773,0.00038311494,1.4354394e-07,0.000525585,5.4942404e-08,2.8130483e-08
8.7650284e-07,1.7932913e-06,1.5703363e-06,1.8954854e-05,6.426042e-06,0.0005511183,0.0154376,0.06433757,0.25061488,0.16242185,0.08318231,0.025603928,0.17986664,0.08533845,0.055258784,0.0378612,0.005562579,0.031061366,0.002736423,9.588234e-06,0.00012615451
2.918372e-07,1.5844482e-06,2.8118773e-06,0.00023155684,0.0034102658,0.02253512,0.08899664,0.22389004,0.20370689,0.09630796,0.049332917,0.032301504,0.01461916,0.15705724,0.071193404,0.0067587756,0.028901441,4.351241e-05,0.00067869085,3.0069423e-05,1.3573012e-07
3.0609e-06,1.2565539e-06,2.8484155e-06,0.000181329,0.011368743,0.013536609,0.2457416,0.2706218,0.18560389,0.01322905,0.13041149,0.12391252,2.514477e-05,0.000351693,1.4363644e-06,0.0048105633,0.00019568829,6.664712e-07,5.509071e-07,5.395619e-08,5.911497e-09
1.0279357e-06,1.9687707e-06,2.339949e-06,4.025737e-06,6.836667e-06,0.0005546744,0.009365505,0.03608632,0.19715239,0.098634325,0.048107393,0.00979851,0.05926064,0.017520757,0.008092828,0.014100623,0.00060233404,0.49744534,0.0029771626,1.6726387e-06,0.0002833036
0.00020096693,0.0008853384,0.1748188,0.3769196,0.31632054,0.07773522,0.023090247,0.01294714,0.009144625,0.0013139165,0.0043453407,3.5854202e-05,0.0020340919,2.1942353e-05,3.0391217e-07,9.8851815e-05,7.4614916e-05,2.8232941e-08,1.0484801e-05,2.3623805e-07,1.8200714e-06
6.0747203e-07,1.8854292e-06,6.4324345e-06,0.0050851624,0.05468592,0.09485215,0.33769056,0.25050414,0.18481219,0.024287237,0.018439455,0.009251709,0.0004499186,0.006323104,9.515475e-06,0.013363406,0.00021390115,4.0833804e-08,2.2514312e-05,6.9715355e-08,1.4116699e-08
7.9927156e-07,1.4529347e-06,4.3777717e-07,0.0023536098,1.278515e-05,0.001044801,0.06583924,0.17071943,0.27248886,0.055155355,0.09242307,0.22489032,0.05974874,0.031118564,0.0021739108,0.0019953551,0.002750417,0.00011992973,0.017161084,1.6846761e-07,1.6076388e-06
4.004973e-06,3.3982183e-06,6.592816e-06,0.00024040925,0.0010097441,0.0068916823,0.09367325,0.12814382,0.24847192,0.08107138,0.107644886,0.053898543,0.001169834,0.001417531,0.00022841817,0.27441007,0.0016413501,5.4541317e-05,1.6356824e-05,1.119684e-06,1.157313e-06
6.4587155e-08,2.8212716e-07,3.106351e-07,0.031872746,6.257636e-05,0.050022706,0.2951048,0.24268925,0.10878104,0.07408947,0.024985246,0.010182761,0.0052188057,0.00019767431,0.15355526,0.0027193455,0.0005042111,9.733484e-07,1.1379418e-05,3.4845147e-08,1.0937162e-06
1.2636411e-07,9.150775e-07,8.152435e-06,0.03649508,0.02108195,0.23760583,0.23268357,0.2560186,0.15594138,0.01136482,0.046850655,0.0016118011,8.321323e-05,4.658871e-06,8.0166154e-07,0.0001527296,9.548262e-05,8.128497e-09,2.0618982e-07,9.732671e-10,6.3622543e-09
4.5022028e-07,7.5638e-08,3.494705e-07,1.6142387e-05,4.4938855e-07,0.00024035564,0.002066535,0.003671201,0.0060106996,0.050636847,0.014261111,0.036787976,0.023154408,0.03403024,0.007201104,0.003485652,2.637908e-06,0.0043052873,0.813948,3.6725325e-08,0.00018050199
1.7313671e-07,5.189989e-07,6.1516675e-07,0.001348128,0.0028520387,0.13727687,0.44929245,0.2277548,0.13262612,0.038446836,0.0056462996,0.001705337,0.00017931285,0.00041698443,2.3603452e-05,0.0011558741,0.0012726152,1.5253178e-08,1.3612998e-06,1.1950819e-08,1.0685627e-08
4.3897595e-07,2.2904428e-06,5.4574633e-05,0.0075631416,0.009552408,0.04679478,0.106814295,0.122521386,0.031530544,0.40505022,0.09256926,0.0026596463,0.1580477,0.0140811205,0.0012213966,0.0005693814,0.00084958615,3.0242654e-07,0.00011724485,1.8012962e-07,4.5598487e-08
5.0234195e-07,1.9562083e-07,7.3988014e-07,0.012500822,6.682456e-05,0.008177527,0.07445746,0.11285434,0.25494435,0.17570785,0.086800784,0.017732527,0.0031129806,0.0011475335,1.3400048e-05,0.2500586,0.0016430048,4.7030785e-06,0.00077557523,2.6371037e-08,3.2543193e-07
0.00068038836,0.00070020504,0.325419,0.3176466,0.25779405,0.057620622,0.01507477,0.011761479,0.008006315,0.0010298258,0.0032506273,1.177485e-05,0.00060840324,7.26686e-05,1.2954311e-07,0.0002112365,8.802348e-05,7.3791874e-08,2.0600784e-05,1.3614756e-07,3.0854137e-06
4.2239614e-07,1.8028828e-06,0.00013349652,0.05325755,0.059667107,0.74283373,0.10451665,0.019214217,0.013148551,0.0047156946,0.0021305957,7.511242e-05,0.00025546917,8.541869e-07,1.517146e-06,3.3279744e-06,4.3643166e-05,9.9275725e-09,2.5655416e-07,1.5665275e-09,4.0115307e-09
3.0947724e-06,0.00015409825,0.004138644,0.14884003,0.4129915,0.17952788,0.11346392,0.026252404,0.045749184,0.017564,0.04787734,0.00071245,0.002708056,7.964183e-06,3.4548293e-08,3.187904e-07,8.183592e-06,1.3306711e-11,8.4469156e-07,8.138959e-09,1.0613741e-09
8.791737e-05,0.00021808164,0.06381852,0.46830097,0.35454887,0.0785195,0.018841755,0.007402435,0.0038349438,0.0008242796,0.0031886217,1.3476524e-05,0.00036143934,6.222007e-06,9.942083e-08,5.7539487e-06,1.939352e-05,1.1608368e-08,7.497152e-06,2.87088e-08,1.9739504e-07
0.32607654,0.53396535,0.1110518,0.016473945,0.005011822,0.0025084564,0.0010862999,0.0007581998,0.00034875423,8.1929385e-05,0.0018150352,7.2983006e-05,9.7041695e-05,6.920391e-05,4.1720876e-05,0.00025943713,0.000101863145,1.4071433e-05,4.605005e-05,6.0031954e-05,5.944606e-05
4.416483e-08,2.1614802e-07,4.961212e-08,0.00561198,2.0351019e-05,0.028718308,0.044145253,0.1083614,0.10239247,0.021846788,0.011326039,6.7747256e-05,0.0005335403,0.00042798475,0.67580324,0.00024547102,0.00049255573,1.1075239e-08,6.3807015e-06,3.6075964e-10,7.015031e-08
5.5106887e-07,2.558317e-06,2.3931864e-06,0.00015537959,0.00055089686,0.0027766693,0.0937271,0.15808836,0.18727122,0.0681179,0.16484757,0.02786123,0.02022332,0.020360164,0.025135502,0.22788814,0.0027811136,4.3657794e-05,0.00016068596,4.3691425e-06,1.1936874e-06
9.2554023e-07,8.891484e-07,1.577162e-06,0.00054201484,0.015807634,0.075922675,0.4077579,0.25326234,0.17651163,0.015936276,0.027036382,0.023005411,2.8545686e-05,0.00015590187,1.6932554e-06,0.003731322,0.00029659938,2.4586909e-08,1.9649252e-07,7.970456e-09,5.0336197e-09
1.4582788e-07,4.4354462e-07,5.7211923e-07,6.783182e-05,0.00050978403,0.006395909,0.03761756,0.13634901,0.35301444,0.08856388,0.016416702,0.011283934,0.017513752,0.14134806,0.03171197,0.0054723728,0.12549171,0.00014506049,0.028056236,4.047384e-05,1.5354446e-07
3.192223e-07,9.581379e-07,1.8730415e-06,0.0010244582,0.025718601,0.23630276,0.43255875,0.19679873,0.07957619,0.012679668,0.008776376,0.0053575695,5.9106227e-05,0.00019408485,4.314362e-06,0.0007858083,0.00016005519,3.995717e-09,2.8363885e-07,6.6518258e-09,3.1935474e-09
5.202907e-07,7.2771876e-08,1.3470131e-07,1.6164659e-06,4.6702164e-05,0.00024586407,0.04319529,0.093029276,0.16610466,0.049496964,0.27975163,0.3677015,4.013906e-05,2.0520605e-05,1.6028818e-06,0.00027968572,8.030557e-05,3.3577778e-06,9.050882e-08,8.925116e-09,3.2756728e-09
1.7404242e-06,2.268132e-06,7.867847e-06,0.0028685185,0.021124085,0.1917091,0.28939736,0.24933329,0.18505196,0.03720047,0.008029236,0.00314654,0.0001287447,0.005799088,0.000120800505,0.0008667658,0.004324045,1.4018679e-05,0.00087356224,5.0020304e-07,2.4785695e-08
3.6603901e-06,1.0982747e-05,3.053418e-05,0.03959499,0.0067476006,0.1341982,0.23172228,0.05296467,0.34398472,0.11557912,0.056363124,0.0012819528,0.005886548,0.0008482521,8.983879e-05,1.6276757e-05,0.010510475,4.5745363e-08,0.00016649225,8.1604384e-08,1.0480829e-07
0.00045916752,0.0011865819,0.29380864,0.40669727,0.21407254,0.0525425,0.013834888,0.0075723925,0.0056699296,0.0006480077,0.0028391436,1.4046022e-05,0.00049942243,1.9958094e-05,5.8674438e-08,8.141872e-05,4.354611e-05,1.9801199e-08,8.687827e-06,1.2202068e-07,1.6286111e-06
1.0244552e-05,4.3489898e-05,0.024719622,0.21929865,0.35910547,0.14082296,0.10309737,0.05668597,0.037788775,0.008616967,0.005446019,0.00023752752,0.04162919,0.00013266294,5.197584e-07,0.0011679262,0.0011889511,4.1317428e-08,6.9141497e-06,3.010125e-07,4.3705893e-07
2.2453838e-05,5.0512585e-06,8.7413455e-06,0.06605915,0.00016902067,0.010140995,0.074700005,0.05465993,0.36213875,0.32982686,0.044996154,0.004101715,0.00074319646,0.00035735147,3.6174367e-06,0.034057833,0.017567996,1.5200925e-05,0.00042125306,7.094176e-08,4.7009503e-06
8.242924e-06,7.120932e-06,4.058633e-05,0.13986643,0.003461275,0.049422327,0.17295156,0.14575402,0.17857996,0.14303452,0.121166386,0.005833398,0.0038206223,0.001217034,3.1816013e-05,0.023930695,0.010768995,1.6363733e-06,0.00010197297,2.1079195e-07,1.1932228e-06
2.0544653e-07,6.389971e-07,1.0153904e-07,3.271247e-05,1.1168108e-06,0.00022558145,0.010538323,0.09507615,0.14083421,0.043489385,0.13361806,0.026331468,0.32258493,0.17087273,0.04506434,0.009522576,0.0008772137,0.00021426598,0.0007093586,8.247531e-07,5.922884e-06
0.12162866,0.36108816,0.24508749,0.15660186,0.041979916,0.01491881,0.013540673,0.0072239568,0.003759999,0.00069315825,0.029864885,0.0013567,0.00042064715,0.0002867595,1.8820354e-05,0.0012058031,0.00013288054,2.3090483e-06,7.531208e-05,7.3762356e-05,3.9439994e-05
0.45225033,0.42305514,0.10782156,0.009955587,0.0035929754,0.0012881729,0.0006153669,0.0004042516,0.00010481014,1.1887055e-05,0.0007365518,1.1574466e-05,6.176858e-06,3.2887478e-05,2.9462e-06,7.283176e-05,1.450822e-05,1.2087445e-06,8.753536e-06,5.108109e-06,7.3426204e-06
3.3263234e-07,3.6469822e-07,3.4550345e-07,1.3103487e-06,4.394396e-07,5.8354475e-05,0.0029356987,0.008290195,0.50922155,0.41542667,0.0070427177,0.016363282,0.021390446,0.000803589,0.004737605,0.0026139237,0.00027351838,0.010774425,3.565995e-05,2.1362355e-07,2.939353e-05
1.6459268e-07,1.234434e-09,1.3287524e-08,1.4203386e-05,2.8742878e-08,2.2426571e-05,0.00096155563,0.003359371,0.0016302404,0.016686972,0.07783306,0.0085586095,0.010877011,0.020569112,0.038068786,0.7425786,1.488079e-05,0.036774553,0.006841473,1.1277922e-08,0.03520897
3.2312602e-07,4.7953795e-06,0.00071608054,0.015830072,0.13879314,0.1614658,0.15330169,0.09934991,0.015926193,0.16784611,0.15016262,0.004964766,0.09152107,5.2834443e-05,3.669879e-06,1.0790694e-05,4.3839944e-05,1.937077e-09,6.1906862e-06,1.1346825e-07,3.864237e-09
5.0351776e-12,2.3247934e-12,1.6285604e-13,2.3515768e-13,3.5337852e-10,5.552621e-10,0.00015456838,0.0018276384,0.003814189,0.00040394563,0.9912889,0.0025107127,7.1620123e-09,2.8187927e-10,4.1177308e-11,3.2671046e-08,1.566271e-08,1.2813073e-11,1.5097378e-14,2.2307788e-15,1.2244415e-17
1.5972171e-06,4.61616e-06,1.944963e-05,0.002405094,0.0951372,0.18839484,0.3009357,0.23817758,0.09347133,0.028435217,0.021326285,0.020627318,0.00060940866,0.0077131162,0.00010015072,0.0021179467,0.00050155533,2.0533226e-07,2.0934773e-05,3.9773502e-07,2.8846637e-08
1.050506e-06,4.317425e-06,6.9640278e-06,0.046419505,0.008024699,0.18302263,0.29006386,0.04650989,0.29681537,0.12243343,0.005633323,1.458449e-05,0.00020892055,8.722108e-05,5.582931e-07,3.7121063e-07,0.00073120743,9.0998355e-11,2.2096161e-05,1.372401e-10,1.7342763e-09
1.2703394e-05,8.6108936e-05,0.0022571152,0.05445605,0.3519227,0.2774452,0.20015287,0.054879893,0.023739852,0.016042676,0.008531523,0.0055470695,0.0046865665,0.00014831539,2.067739e-06,3.8223072e-05,4.0385745e-05,1.5707553e-09,1.0366508e-05,1.6821414e-07,1.0512016e-07
5.9657987e-07,1.911872e-06,2.048725e-06,0.033948228,0.000486827,0.24357335,0.121487625,0.14389661,0.081780896,0.0764284,0.040300295,0.0041543026,0.0018730194,0.00067668856,0.2465071,0.0037467054,0.0010936157,7.962784e-06,3.1028383e-05,6.998962e-08,2.715036e-06
1.3324095e-07,6.921467e-08,5.686752e-08,4.253188e-07,1.5250421e-06,0.00046717812,0.0074556298,0.05871807,0.04379768,0.015988844,0.044809297,0.054175463,0.34481922,0.009821634,0.020510403,0.046091173,0.32175395,0.03102572,0.00055620086,2.3015748e-06,5.035825e-06
1.8393963e-05,0.00012553639,0.01750796,0.40515086,0.23426685,0.103719205,0.122994065,0.05258496,0.022700347,0.018607272,0.018280977,0.0011586961,0.0021218,0.00037536974,2.4900913e-07,0.00012306086,1.7639168e-05,1.7453624e-09,0.00024638476,1.08821396e-07,2.1110287e-07
0.0004085231,0.00018479275,0.00047133976,0.022384057,0.81385046,0.024228744,0.08634545,0.048606314,0.003387756,1.389841e-05,0.00011848886,1.5633795e-07,3.1028509e-09,8.618097e-10,5.484759e-14,2.278739e-10,7.886788e-08,1.3107259e-13,4.87355e-10,1.8503951e-13,6.4803544e-13
9.975142e-07,1.4268469e-06,1.1304287e-06,9.737826e-05,0.0005242881,0.074250355,0.06588877,0.16652128,0.41437104,0.053295396,0.019474762,0.0074449633,0.0026662324,0.043799978,0.016147073,0.009563251,0.0696852,0.03285128,0.023405492,7.972716e-06,1.7381285e-06
9.685241e-07,1.6342389e-06,8.571979e-07,6.045946e-05,0.00033973958,0.1588294,0.05643857,0.1517199,0.45085388,0.029403288,0.019459406,0.013929565,0.00045984128,0.025735611,0.00096258364,0.0039441767,0.0042296425,0.08016399,0.0034646746,8.422359e-07,9.704787e-07
8.7459443e-07,1.3909278e-05,0.0014959394,0.04777329,0.33891654,0.3790798,0.1481604,0.023395145,0.046439487,0.0027883137,0.006732595,0.00024916115,0.00486752,1.1232747e-06,1.2849001e-06,2.1024527e-05,6.301018e-05,1.7529362e-09,4.8158347e-07,3.6759207e-08,1.4217421e-08
5.6395436e-07,1.7225747e-06,7.5788594e-06,0.033735964,0.001279952,0.32621104,0.17640807,0.17989147,0.047270864,0.12341498,0.04165993,0.014406047,0.008532894,0.0005432784,0.041516963,0.003999566,0.0010493423,3.7562128e-05,2.9632758e-05,2.134642e-07,2.333241e-06
8.5702567e-07,1.7424134e-06,3.1404234e-06,0.00031229103,0.00041125232,0.0041493108,0.051469937,0.07749656,0.15135819,0.026775127,0.038226284,0.0060026557,0.0029160378,0.0036016963,0.00038524717,0.635683,0.00097015256,5.7200363e-05,0.00017563354,1.0119613e-06,2.6078662e-06
7.131779e-07,1.3338156e-06,5.7383027e-06,0.0015336092,0.09263873,0.25508448,0.40547433,0.18400532,0.044267785,0.0062315664,0.006335319,0.0040337285,2.7407023e-05,0.00015837284,1.1182581e-06,0.00013260852,6.732601e-05,4.086131e-09,5.3388885e-07,6.3850916e-09,1.3226515e-09
0.0006392263,0.00037102937,0.26303992,0.3256071,0.3071101,0.06036584,0.014702684,0.013878504,0.008671766,0.0011876847,0.003143486,9.678118e-06,0.0006596883,0.00014919715,1.1471126e-07,0.00033185876,0.00010829963,1.1457767e-07,2.0952595e-05,9.0070884e-08,2.7264355e-06
1.1511062e-06,2.497652e-06,4.6919936e-06,0.00046888605,0.001236542,0.0065045143,0.07816264,0.11170972,0.16508198,0.022522254,0.04192993,0.009774666,0.0024599934,0.006644048,0.00053424237,0.5515674,0.0011760942,4.6002355e-05,0.00016932015,2.1340254e-06,1.3880436e-06
4.9270085e-07,5.125485e-06,3.5803469e-06,0.014510511,0.0005733277,0.028762545,0.05646386,0.26727554,0.09591059,0.07024868,0.0720436,0.005509628,0.014239307,0.00041991798,0.37065002,0.002627609,0.0007085079,5.400501e-07,4.4951074e-05,2.7006303e-07,1.3724563e-06
7.02149e-08,1.3451074e-07,1.374159e-07,3.5658598e-08,1.15237846e-07,4.8958336e-06,0.00074033864,0.0027115555,0.026701484,0.03493186,0.8492016,0.008708977,0.03388429,0.005226942,0.0138477525,0.00022786838,3.494306e-06,0.02375281,4.999011e-05,1.56897e-08,5.602576e-06
4.5290994e-07,1.0348346e-06,9.513457e-06,0.02946281,0.007508552,0.080215596,0.25663555,0.12713811,0.33133805,0.10719286,0.048432115,0.0053075873,0.0028029114,7.041517e-05,1.5427961e-06,3.917787e-06,0.0038654367,1.892093e-08,1.3540989e-05,1.5620767e-08,7.125361e-09
1.9061252e-05,5.302777e-05,0.05622603,0.36871934,0.34030017,0.08630615,0.05501794,0.04001994,0.032443184,0.0053935233,0.0049904278,7.379307e-05,0.008676698,0.00023244401,8.99576e-08,0.0009814564,0.000537078,1.808745e-08,9.080429e-06,1.1972172e-07,4.7404941e-07
9.45176e-08,2.8569542e-07,4.3022902e-07,1.1670765e-05,0.00055205193,0.00080283644,0.0852164,0.17223714,0.37785316,0.027922329,0.14852865,0.062368073,0.0036837487,0.047834855,0.0054310197,0.011192282,0.05621727,2.5308966e-05,0.000120469624,1.9203735e-06,1.9490104e-08
1.3674793e-06,2.3930668e-06,2.6124562e-06,2.6775084e-05,6.470607e-05,0.004346705,0.029284226,0.102747425,0.63703275,0.066003025,0.07514687,0.017180309,0.007898617,0.007830105,0.0008500065,0.015413119,0.0011639628,0.03405752,0.00092752656,2.4434564e-06,1.7500915e-05
5.3641354e-08,7.646915e-07,5.4379332e-05,0.017208079,0.14316307,0.048396643,0.30727285,0.13010447,0.15409735,0.112872615,0.033268206,0.010797067,0.003965673,0.0383786,5.1565354e-07,0.00025623475,2.3651319e-05,2.6766772e-10,0.00013980472,5.7103504e-09,1.7873357e-09
2.6624946e-06,6.0974303e-06,3.0216277e-05,0.074601166,0.007924718,0.0997456,0.22896461,0.124916576,0.22937538,0.08182008,0.11596353,0.0044470285,0.008410558,0.00034839692,1.4495523e-05,0.0004115314,0.02299657,8.5728225e-08,2.0481266e-05,6.312299e-08,1.5574446e-07
1.5415495e-07,3.3447993e-06,4.0661667e-05,0.00045777936,0.0018444305,0.011889452,0.09171637,0.03440884,0.047604512,0.029339684,0.038866688,0.65923786,0.07374048,0.009259165,6.453893e-05,0.0011002999,0.00021376586,4.7380905e-08,1.49881935e-05,0.00019690968,1.682408e-08
6.28627e-08,4.0361235e-07,1.6378658e-07,0.014672211,0.00031609822,0.31958988,0.24954998,0.11743742,0.27159572,0.017517325,0.005380945,8.4732e-06,0.00010001275,2.498567e-05,0.0032435341,1.4369547e-05,0.0005480785,1.540937e-10,3.0127634e-07,1.430749e-11,3.346603e-09
3.6927894e-08,1.2009262e-08,5.120891e-08,2.947118e-06,7.996636e-07,0.00025685766,0.016653065,0.016130093,0.092470974,0.08188601,0.14084302,0.031230578,0.20909867,0.013774465,0.04565964,0.24113178,0.036212347,0.074284784,6.5918386e-05,0.0002508439,4.719609e-05
1.1972909e-06,1.1701536e-06,2.1171093e-06,0.004833944,5.5319764e-05,0.0043273526,0.101754464,0.10744189,0.14654565,0.08644077,0.14195764,0.32320955,0.033950113,0.013981641,0.011256924,0.011881846,0.007999273,0.0002940246,0.004057435,2.062571e-06,5.6204135e-06
1.2392206e-05,0.00042776292,0.01418723,0.15303092,0.2149144,0.17049737,0.21530576,0.04662745,0.03296305,0.022075653,0.029368967,0.04683075,0.053436127,0.00020241107,1.0318356e-06,8.520487e-05,1.5061471e-05,9.628791e-10,1.7035076e-05,1.3157968e-06,1.0103261e-07
1.6790134e-06,3.9908127e-06,0.007861837,0.490932,0.12910147,0.1503256,0.0791202,0.06438894,0.02533299,0.04092059,0.0063755736,4.3958535e-05,0.00024719487,0.00022498774,4.889137e-08,6.28778e-05,9.932141e-06,4.2794915e-10,0.005046152,6.8639237e-09,2.0278046e-08
5.1928635e-07,1.2739167e-06,8.102436e-07,1.7076969e-05,2.0059613e-06,0.00017052949,0.00442653,0.013122669,0.24930693,0.12964274,0.0468462,0.022599785,0.2205516,0.0028206198,0.2991693,0.0031978,0.0067264796,0.0011590001,0.00022251219,1.0109859e-05,5.4593766e-06
0.00073645974,0.004744675,0.2250161,0.49436054,0.19397156,0.058301494,0.009083921,0.005294019,0.004528696,0.00039665573,0.002844608,1.8142642e-05,0.00059708045,7.829912e-06,1.1247128e-07,4.9302427e-05,4.2930227e-05,1.1883974e-08,3.911386e-06,2.4657595e-07,1.7539675e-06
1.0067097e-06,1.5399506e-08,1.815756e-07,5.858354e-05,1.0781385e-07,0.0001352105,0.0004542931,0.0014533491,0.0012278244,0.011769354,0.030791596,0.005614114,0.0019170784,0.02877274,0.04155969,0.23820257,1.6553512e-06,0.024803272,0.0019664394,6.2004255e-09,0.611271
0.013517325,0.011079419,0.5352507,0.24943125,0.13394888,0.033960007,0.00886054,0.005659788,0.0034347787,0.00051203975,0.003609743,1.8549565e-05,0.00025546487,9.2752955e-05,6.254003e-07,0.00021720302,8.384702e-05,6.3766953e-07,4.910912e-05,9.294935e-07,1.6306238e-05
0.0002010883,0.0001139402,0.22260018,0.3251048,0.3138256,0.08294649,0.021677244,0.015350466,0.009883218,0.0025365904,0.0040373914,1.2264126e-05,0.0012181586,0.00015989068,1.4971835e-07,0.00019590356,9.446245e-05,1.3948366e-07,4.0517938e-05,5.5830164e-08,1.4791152e-06
2.8568795e-06,1.411611e-05,0.00021850005,0.04284692,0.05132839,0.3621473,0.22698137,0.06631106,0.099737406,0.110249005,0.026607702,0.0017185204,0.009744887,9.4092735e-05,2.2467073e-05,1.750592e-05,0.001946029,2.3249383e-08,1.1689047e-05,9.2425296e-08,7.9400536e-08
1.0425568e-07,8.0950095e-08,1.8903722e-07,0.0004879365,2.0227617e-05,0.0033010305,0.028549604,0.15901676,0.11372889,0.16132432,0.073265955,0.1264392,0.09463832,0.13645989,0.058462005,0.020257087,0.002854916,0.000724742,0.020467376,8.950925e-07,4.2696266e-07
0.013004114,0.0077701365,0.57081217,0.21940562,0.13535431,0.031342268,0.009358078,0.00540297,0.003162805,0.00044281073,0.0033485843,1.2971333e-05,0.00017243857,0.000105323365,4.0666382e-07,0.00017667384,6.2736304e-05,5.508866e-07,5.26702e-05,5.3150967e-07,1.1805059e-05
9.336628e-07,6.9823085e-07,1.4859822e-06,0.0010430915,7.287201e-05,0.0027812182,0.029618708,0.040371526,0.26552394,0.19215193,0.04621702,0.003091514,0.007117776,0.0012234057,1.8514498e-05,0.39955676,0.00027740278,2.362185e-05,0.010906146,6.5163356e-08,1.3746602e-06
8.539866e-08,3.365395e-06,5.8408503e-05,0.0010629263,0.01549002,0.012798312,0.060015664,0.011725673,0.06324115,0.006936715,0.57483673,0.24666992,0.0070169866,8.9827656e-05,5.159298e-07,2.8435466e-06,4.4527533e-05,1.8202176e-09,9.407046e-07,5.408747e-06,2.7329902e-10
2.2933004e-06,2.0270409e-06,1.7835017e-06,0.00045577032,0.0076572686,0.030354533,0.13199715,0.49406004,0.28762048,0.0070491494,0.02779309,0.0086446805,1.1339736e-05,0.0031251993,7.7772813e-07,0.0009446311,0.0001794947,1.0875417e-05,8.936293e-05,3.4107728e-08,3.4746677e-09
5.6341975e-07,2.249065e-06,2.6415655e-06,0.042357214,0.00086657767,0.12138682,0.0964022,0.34453845,0.1326591,0.049810614,0.114222534,0.010121674,0.002032893,0.000653507,0.0792816,0.0049679913,0.0006618763,2.0231116e-06,2.7749255e-05,7.2629994e-08,1.605845e-06
1.8813771e-05,0.0001587658,0.02912702,0.3339068,0.38720828,0.15818527,0.040519245,0.023543708,0.01821064,0.0011984329,0.0017294331,5.6121928e-05,0.005557818,1.1627873e-05,5.8643018e-08,0.00017268638,0.00039420245,3.193957e-09,8.507698e-07,1.2249512e-07,1.1785635e-07
3.4321392e-06,5.009039e-06,1.4374705e-05,0.023337474,0.02099503,0.03415124,0.24078545,0.36366534,0.13972741,0.04045839,0.08960489,0.0017039896,0.0014509973,0.02291857,2.2883123e-05,0.018683054,0.0024502221,3.816302e-08,2.2109181e-05,1.7305148e-08,3.5738466e-08
4.1103584e-07,3.5282324e-06,0.0001294509,0.03821095,0.050152585,0.53863424,0.24718125,0.052522905,0.04974901,0.010586347,0.0065507437,0.00072667026,0.005265571,3.9202637e-06,3.8051567e-05,7.176186e-05,0.00017172878,1.8100657e-08,8.6211514e-07,2.5708955e-08,3.1947014e-08
4.153099e-06,7.640223e-05,0.016623557,0.16103731,0.35387433,0.24662532,0.10734481,0.03325855,0.043409895,0.001479799,0.0047243126,0.00036855138,0.030305317,1.1801282e-05,8.551377e-08,0.00024291208,0.00061178085,1.5280269e-09,7.8506616e-07,3.6240334e-07,5.227267e-08
1.1768851e-05,3.5194037e-06,5.0711515e-06,0.0029617522,1.0118696e-05,0.002858862,0.022428269,0.01726281,0.50943685,0.24642757,0.059750725,0.02703811,0.0073597506,0.0071106395,0.0032645238,0.016246818,0.0026266535,0.010849909,0.06373072,3.9593894e-07,0.0006152014
4.915352e-07,4.2630595e-06,0.00029290764,0.038351677,0.07233867,0.43292332,0.32137156,0.05424808,0.04175007,0.0127700325,0.0060499012,0.0018720344,0.017603563,5.06571e-06,2.053525e-05,0.00013042157,0.00026612278,6.9405914e-08,9.901692e-07,9.435973e-08,4.0197655e-08
9.379505e-07,1.4810899e-05,0.0004012047,0.05246051,0.18971,0.2573436,0.23417895,0.037122585,0.13546795,0.046746686,0.03716695,0.0011680879,0.0079891,2.1368332e-05,3.4840468e-07,1.1257049e-06,0.00020287023,1.63815e-10,2.9213436e-06,1.4558051e-08,4.0131622e-09
3.639042e-07,1.2310591e-08,5.412906e-08,1.0466188e-05,3.2085535e-07,1.2812367e-05,0.0015044608,0.0019957412,0.0017756941,0.013075533,0.06653852,0.014460935,0.049045436,0.00900171,0.008844599,0.74182326,0.0015299645,0.08531654,0.0032500494,5.0672486e-07,0.0018129852
0.33340088,0.52670443,0.10893142,0.017841166,0.005567826,0.0026703526,0.0011711286,0.00079078856,0.00035205818,7.814891e-05,0.001750885,6.674633e-05,8.5187196e-05,6.642147e-05,3.2068823e-05,0.00022521669,0.000102002996,1.1748106e-05,4.2748623e-05,5.372669e-05,5.5045173e-05
4.352486e-06,0.00012417499,0.005534698,0.12791145,0.3629908,0.22124892,0.14204411,0.054882247,0.020014618,0.015255196,0.034406144,0.0013608845,0.014188274,8.516116e-06,2.0460685e-07,2.9636515e-06,2.1277574e-05,2.36722e-10,1.0547753e-06,2.9680638e-08,1.6229437e-08
1.04663165e-07,6.5285167e-07,2.1097284e-07,0.00056297163,0.006610679,0.3576896,0.32787558,0.22557619,0.0462421,0.026624637,0.006661277,0.0006739401,8.6642685e-05,0.0005689315,7.725748e-05,0.00031458648,0.0004344559,1.8331602e-10,8.2049986e-08,5.654366e-10,6.048619e-10
0.5791968,0.27567828,0.11765997,0.01213059,0.004762146,0.0015032241,0.001376119,0.0009397011,0.00045973246,0.000106000654,0.0051729544,0.00032756076,8.792215e-05,7.669204e-05,3.2923108e-05,0.0002711891,9.1966125e-05,8.025112e-06,1.6544898e-05,8.086076e-05,2.0741129e-05
7.976982e-06,0.00013948357,0.012834139,0.20604253,0.34064004,0.11248443,0.07532533,0.1327589,0.009224719,0.026215106,0.081608176,0.0004957092,0.0022049446,3.7440736e-06,9.837235e-08,2.9781288e-06,9.549345e-06,3.8995593e-10,2.1122387e-06,2.6147195e-08,1.0942203e-08
5.890982e-08,3.3516625e-07,3.3156832e-07,1.9244519e-05,0.00019747078,0.0040445086,0.03245377,0.09015481,0.08051671,0.05171345,0.059460588,0.022769602,0.021471977,0.057220094,0.46768314,0.0025716464,0.109059565,0.00014314419,0.00042028324,9.920103e-05,9.650918e-08
6.60432e-05,0.0003033452,0.11939239,0.38210848,0.3551977,0.09893888,0.021621829,0.010595389,0.0070706136,0.0010738345,0.002143597,1.4065124e-05,0.0014021719,4.946367e-06,1.10864754e-07,2.477239e-05,3.8257334e-05,6.18581e-09,3.1030095e-06,5.647501e-08,3.170501e-07
0.00028873867,0.00063326414,0.12672248,0.44611913,0.3243248,0.07206393,0.015701573,0.006870249,0.0038789578,0.00071634573,0.0022085856,1.16159335e-05,0.0004015447,8.336824e-06,1.9507182e-07,1.1369447e-05,2.8234377e-05,2.8846287e-08,9.851811e-06,7.539302e-08,6.701372e-07
5.254433e-06,2.034078e-05,1.3657938e-05,0.057502784,0.0014572698,0.086136214,0.1408064,0.030667637,0.2775418,0.29356948,0.082224324,0.00022601859,0.0071210107,0.014158356,0.0022404208,1.1826759e-05,0.0044317986,1.2504353e-08,0.0018652937,2.5260546e-08,6.133424e-08
0.5040093,0.3596869,0.117379315,0.008352106,0.0028719774,0.0014156747,0.0008237418,0.00066509214,0.000355989,0.0001784729,0.002867939,0.00011251615,0.00022012184,8.970125e-05,0.00020485351,0.000416928,0.000107371234,2.9492954e-05,6.517203e-05,7.9385005e-05,6.7949324e-05
2.3605598e-06,1.4205146e-05,0.0005970281,0.074929625,0.10855279,0.24636291,0.219352,0.1392384,0.02692132,0.08032874,0.048512626,0.0007992056,0.053577684,0.00051595626,1.5039653e-05,5.253842e-05,0.00021998234,4.3400217e-09,7.573759e-06,2.4504187e-08,4.2804956e-08
2.1181215e-06,1.8280782e-06,3.7910895e-06,0.0013401727,0.018898033,0.037761997,0.248385,0.33334577,0.29121888,0.009766027,0.03317176,0.011445346,3.7212874e-05,0.004546727,3.117683e-06,0.00966868,0.0003623114,2.3061782e-06,3.887666e-05,8.390262e-08,8.5378735e-09
5.677543e-07,8.897826e-07,8.158702e-06,0.009804112,0.042386252,0.044155095,0.21138556,0.46254387,0.19596477,0.010637216,0.008499897,0.00033346983,2.3645141e-05,0.011301162,1.4166282e-07,0.0014466721,0.000117181,5.43957e-08,0.0013912364,4.6321564e-09,8.9413904e-10
7.158355e-07,5.145512e-07,9.0100417e-07,1.1906149e-06,1.37902025e-05,0.00011766405,0.0183034,0.035470318,0.19029032,0.12396203,0.5275075,0.09794864,0.0017956458,0.00018755329,0.00016691742,0.0037201568,0.00018095816,0.00032832197,3.08402e-06,1.879858e-07,2.1328577e-07
2.8439072e-07,2.1782453e-06,7.649413e-06,0.0013207917,0.11595842,0.35386458,0.26359326,0.18718176,0.040631805,0.017173477,0.010585681,0.008113156,0.00047169472,0.0008397064,2.6244968e-05,0.00016194001,6.683301e-05,9.468708e-10,5.0847507e-07,1.573644e-08,2.5276727e-09
1.8143622e-06,1.0178164e-06,2.7494361e-06,0.0006159467,0.03755871,0.043150306,0.32930636,0.3131931,0.17634898,0.007483507,0.053998895,0.03500565,1.1990778e-05,0.00036732518,4.5614215e-07,0.0028570548,9.5563686e-05,5.707334e-08,4.2142867e-07,1.2256982e-08,1.9278297e-09
0.0010966704,0.0006777807,0.3734466,0.26105064,0.25256652,0.053550668,0.020460531,0.01553857,0.012070116,0.0017378717,0.005753932,1.809866e-05,0.0008508046,0.00034997883,2.954518e-07,0.0005838407,0.00015336934,3.37535e-07,8.5274645e-05,2.4024598e-07,7.837457e-06
6.097349e-07,1.0294561e-06,1.7225718e-06,0.0027834263,0.00015247022,0.0065087494,0.15558966,0.14704742,0.096786216,0.066703856,0.16143566,0.2343747,0.058773566,0.01762822,0.013930423,0.0008744734,0.03698787,2.0911262e-05,0.0003951307,3.4634813e-06,4.8250195e-07
6.5376516e-06,3.0946155e-06,9.660539e-06,0.005151625,0.000120140365,0.0052049267,0.042323038,0.03634907,0.19401358,0.20530735,0.055478476,0.017660258,0.014502424,0.007983489,0.0003280958,0.3569221,0.0014517637,0.00041044492,0.056742486,8.855067e-07,3.0517782e-05
0.24882112,0.34714037,0.2629426,0.096418634,0.02488172,0.00925256,0.0031089769,0.0019735098,0.0009929508,0.00018560122,0.0032464121,5.9715185e-05,0.0001690078,0.00013438915,1.2291939e-05,0.0003467299,0.00014544443,6.7766746e-06,6.225382e-05,2.5403819e-05,7.352213e-05
0.00014482887,4.3142707e-05,9.301825e-05,0.09970957,0.0008172845,0.020553714,0.11778846,0.07362465,0.212546,0.2737003,0.056086402,0.011738937,0.0030547092,0.0037324976,0.00016595435,0.0693987,0.05513743,0.000233914,0.0013473574,2.1681485e-06,8.09337e-05
4.3728895e-05,0.00031226058,0.052356057,0.43054315,0.40685448,0.072144404,0.02203398,0.0061615403,0.004500914,0.000653337,0.0038348793,1.8819372e-05,0.0005184511,2.3687257e-06,4.3622865e-08,5.1286747e-06,1.3849035e-05,2.3791453e-09,2.5449533e-06,2.28077e-08,1.2305398e-07
7.8311496e-07,1.9539907e-06,1.137614e-05,0.009659609,0.07608123,0.13585496,0.40062505,0.21136388,0.13001864,0.021096906,0.007949389,0.0037180053,0.00021788232,0.0013409087,1.6312974e-06,0.0019050705,0.00012948635,2.1069225e-08,2.311017e-05,3.483388e-08,7.639855e-09
2.3090035e-06,4.2564648e-06,2.826766e-06,0.0017754334,0.0003636389,0.00569288,0.030525193,0.051003207,0.04501503,0.06407398,0.044916082,0.00848275,0.0078054583,0.63692355,0.030058721,0.048286777,0.024130942,0.0001510422,0.00078197627,1.5093952e-06,2.502633e-06
1.6127835e-08,8.503166e-09,3.5034194e-08,2.5714627e-07,9.3485875e-07,1.4555586e-05,0.0030990175,0.0012522357,0.0065182745,0.00953966,0.34602717,0.20965622,0.21445061,0.0019565278,0.006784562,0.1201992,0.07595407,0.004533691,1.0977261e-06,1.1145604e-05,7.123122e-07
2.8715838e-06,5.7401616e-05,0.004451271,0.043776657,0.23884508,0.21148719,0.14620169,0.056806553,0.09949364,0.0032982738,0.01516296,0.0016497261,0.17452909,4.9426122e-05,1.9909326e-06,0.0019163091,0.0022646738,1.1185739e-08,2.6193761e-06,2.3821526e-06,1.8178865e-07
9.924643e-08,1.7753301e-07,7.0452616e-06,0.01747329,0.001711114,0.28481036,0.3273467,0.048815794,0.016095208,0.20554261,0.008938157,0.076066606,0.010696786,0.0001860028,0.00036052498,0.00083936204,0.00021748325,0.0008860194,6.309601e-06,1.05960474e-07,2.8150154e-07
1.0197856e-07,3.1200736e-07,3.5327497e-07,0.00067522493,0.002826758,0.24369016,0.48318112,0.17818095,0.0536871,0.033573788,0.002207032,0.0005837956,9.93225e-05,0.0002210997,5.8429294e-05,7.18378e-05,0.00094161264,7.62935e-09,1.1175704e-06,7.259441e-09,2.3962117e-09
0.242953,0.41672018,0.21086964,0.090861,0.021016426,0.007958777,0.0026717081,0.0017511516,0.00091385003,0.00018838148,0.0030702103,7.324402e-05,0.00020382176,0.00010644438,1.8330169e-05,0.0002822517,0.00015466,8.2478755e-06,6.432486e-05,3.5568442e-05,7.876572e-05
0.0032172306,0.004438959,0.41782686,0.32651022,0.17526631,0.045807716,0.010492331,0.006896991,0.004755929,0.0006435649,0.003343128,1.8362995e-05,0.00043880744,5.05261e-05,3.1829785e-07,0.00017181537,8.567936e-05,1.8437377e-07,2.6290882e-05,5.1626125e-07,8.271523e-06
4.236451e-08,1.1236376e-07,8.133877e-07,0.010347177,0.0006468858,0.046074502,0.6134886,0.06931805,0.049050942,0.02136381,0.0060389214,0.11863194,0.05752608,1.9844421e-05,0.00030999313,0.004018548,0.0031583242,3.662439e-06,4.895889e-07,1.0856888e-06,9.5861836e-08
0.6219625,0.29624936,0.07498505,0.002319662,0.001095198,0.00044409695,0.00036857754,0.000299473,0.00013504307,5.1845826e-05,0.001491196,5.8826492e-05,5.860783e-05,2.9957853e-05,0.00010486547,0.00021020962,4.2305728e-05,1.4500452e-05,2.1844515e-05,3.6124937e-05,2.0701864e-05
1.948098e-07,2.6476147e-07,1.5849575e-07,4.915613e-05,7.229918e-06,0.005367017,0.040265106,0.12527429,0.5449646,0.07939934,0.033630263,0.0032758976,0.01696905,0.009118397,0.017863888,0.021939397,0.09960002,0.0019514052,0.0003132244,1.8965161e-06,9.187038e-06
3.970567e-06,7.9817626e-05,0.011856525,0.060719173,0.39635062,0.29409873,0.096526444,0.03134753,0.05042893,0.0024410177,0.012664497,0.00037969672,0.042588282,9.681657e-06,1.1216163e-06,0.00023420563,0.0002673501,3.486425e-09,1.8726051e-06,4.5626152e-07,1.0798041e-07
1.7840817e-11,8.275722e-14,3.3761373e-12,1.2051291e-08,3.3304745e-10,3.2997275e-07,8.219044e-05,1.2033038e-05,6.640444e-05,0.0013225516,0.0037475887,0.00063784595,0.0014319224,0.0028833912,0.00038855252,0.9860173,2.3244641e-07,0.0034074788,4.0408747e-09,4.3287565e-09,2.1662431e-06
2.499705e-06,3.1176985e-06,3.87923e-05,0.10349159,0.015084079,0.18374097,0.45584053,0.0961783,0.08069932,0.051780354,0.011990689,0.00027450523,8.308176e-05,8.334805e-06,3.0813277e-07,1.8490831e-05,0.0007641179,8.129179e-09,8.7876026e-07,1.6920728e-09,1.4360744e-08
4.340497e-07,3.2265746e-07,2.7742672e-07,0.0017631744,2.0314905e-05,0.015876094,0.03579146,0.09793866,0.65508443,0.1321273,0.030145733,0.021437863,0.00027603094,0.00050669664,3.0324177e-06,0.007975518,5.0168466e-05,9.515002e-05,0.00090706145,1.1751272e-08,2.0508199e-07
8.3727105e-07,1.2758788e-06,2.504103e-06,0.00096489553,0.0056933267,0.1045193,0.42118227,0.20037271,0.17973956,0.044034693,0.019670712,0.013397566,0.00016018988,0.00042160662,3.7898793e-05,0.009098636,0.00070042495,1.913007e-07,1.36821e-06,5.8756502e-08,4.8058904e-08
2.9310886e-06,7.326485e-05,0.0047187326,0.18215583,0.4200127,0.19525896,0.105049305,0.040997516,0.015435118,0.012948429,0.020741912,0.00033535177,0.0022575527,1.7081585e-06,2.528675e-08,5.3398185e-07,9.509968e-06,4.7897963e-11,5.6557485e-07,5.359976e-09,3.828221e-09
2.2179282e-05,1.6559745e-05,3.9407056e-05,0.13195986,0.0018947857,0.09232224,0.23978117,0.075925335,0.15994155,0.17611422,0.0732057,0.0045995917,0.0017619958,0.0007467864,0.000107148895,0.002068204,0.03942,3.5221703e-06,6.6107146e-05,1.3520375e-07,3.4390048e-06
0.113478795,0.12607032,0.45917532,0.20146008,0.06267504,0.020107478,0.005811236,0.0035804715,0.0019682604,0.00034318987,0.004330782,4.317734e-05,0.00023776785,0.00013178302,4.015326e-06,0.00031881445,0.00013421262,2.9754428e-06,6.576504e-05,7.6287647e-06,5.293984e-05
0.00012924509,0.0017914246,0.024412924,0.45571458,0.28960764,0.10041474,0.06740859,0.032695968,0.0074238605,0.0039981236,0.015511144,0.00011172713,0.0007607301,1.845415e-06,5.7961746e-08,1.1237202e-06,1.5408503e-05,2.2290922e-10,8.5139084e-07,1.5569247e-08,4.596728e-08
8.468871e-06,3.493596e-06,2.2367287e-06,0.000230477,2.4675264e-06,0.00057278585,0.011899087,0.022412442,0.5654987,0.22977763,0.05033573,0.012875696,0.01567778,0.00907491,0.0014227954,0.004523754,0.011356239,0.021598704,0.04263817,6.254382e-08,8.837383e-05
6.5195886e-06,1.424634e-05,0.02940381,0.32125804,0.32998374,0.11334881,0.0861979,0.0484552,0.033221576,0.009251205,0.005199955,0.00011370804,0.021799792,0.00026286286,1.6123107e-07,0.0007385099,0.00073527294,2.6337624e-08,8.300447e-06,8.3846686e-08,1.9231118e-07
0.36270785,0.40622106,0.15543692,0.036554623,0.017863896,0.0066936244,0.0034581742,0.002635736,0.0010911833,0.00024552594,0.0042834706,0.00021867562,0.00027141205,0.00043882354,9.39164e-05,0.0009280065,0.0003459164,4.6140838e-05,0.00015809863,0.00014321157,0.00016363784
6.9613606e-08,2.9702228e-08,6.90088e-08,1.7392916e-06,1.9133368e-07,6.819452e-05,0.0008494216,0.0015843993,0.007805554,0.04064848,0.016974252,0.01258592,0.06397229,0.022839041,0.002535867,0.0007774434,2.2090028e-06,0.0017027622,0.82764745,2.991388e-09,4.6634414e-06
2.1098736e-05,0.00019732634,0.015458175,0.19507147,0.27934766,0.13247044,0.1022934,0.14630972,0.011232873,0.03333517,0.074963674,0.0005343614,0.008689247,2.3345932e-05,1.143893e-06,1.4846359e-05,2.843638e-05,2.9652631e-09,7.3762335e-06,8.497606e-08,8.593839e-08
1.3245834e-06,5.3418677e-07,1.6166665e-06,0.0045589963,2.9126195e-05,0.012102158,0.039488893,0.051106904,0.39342856,0.25602853,0.072271325,0.035994615,0.003882626,0.0028891542,0.00016637259,0.113532566,0.00024881054,0.0004002403,0.013858913,8.60175e-08,8.600741e-06
1.0096144e-05,6.894865e-05,0.007440988,0.09306081,0.22163816,0.14432146,0.10959934,0.19080156,0.012230429,0.08793707,0.1191423,0.000804125,0.012804564,5.1721177e-05,3.9159863e-06,2.6615502e-05,4.1183408e-05,9.042648e-09,1.6485974e-05,1.4569397e-07,6.908716e-08
3.448317e-05,0.0001488512,0.009322857,0.06913892,0.09845005,0.07408643,0.16375121,0.18855709,0.14193293,0.09148489,0.047597237,0.006381691,0.006983086,0.018427234,7.036979e-06,0.08197749,0.0005480201,9.579038e-08,0.0011564282,1.2156548e-05,1.7201708e-06
6.011823e-05,0.00010792609,0.07375832,0.26542985,0.36596668,0.20373641,0.04070933,0.021913463,0.01143589,0.0062447703,0.0059040994,3.9471834e-05,0.0044698836,3.6694102e-05,2.8496331e-06,6.3335356e-05,9.0910704e-05,2.3075965e-07,2.872527e-05,1.4662368e-07,8.941279e-07
1.4113893e-06,4.841658e-07,9.69944e-07,0.00075326924,7.895706e-06,0.0008465458,0.046662208,0.06345772,0.07322009,0.07776806,0.116691105,0.4464367,0.05383814,0.022362456,0.03676045,0.023603152,0.003065078,0.011182766,0.023291089,3.4099728e-06,4.6953868e-05
0.0001188819,0.00035926315,0.012380578,0.36078438,0.3790201,0.19394691,0.031065516,0.012258306,0.0063042697,0.0007851108,0.0027886645,9.968184e-06,0.0001347657,3.8441513e-06,1.7859709e-07,3.2091623e-06,3.3902445e-05,4.805668e-09,2.0067298e-06,1.3159114e-08,9.314658e-08
1.848636e-05,4.7583497e-05,0.098923765,0.25609648,0.41450575,0.119323134,0.054474566,0.022223111,0.014365926,0.0054317187,0.009450876,6.833235e-05,0.0049126083,2.9803581e-05,3.2049672e-07,5.4287408e-05,5.1967763e-05,4.820519e-08,2.0836176e-05,7.298959e-08,2.8409093e-07
4.3883614e-07,6.24788e-08,1.3579064e-07,4.892533e-05,5.7328407e-08,0.00014555975,0.0024119252,0.0047052014,0.04266405,0.12074067,0.04218136,0.014859586,0.0066429144,0.1587525,0.24465223,0.008592065,4.097487e-06,0.1842455,0.14409153,6.1517396e-09,0.025261162
0.005194575,0.0056674606,0.4756645,0.2878502,0.15868568,0.040766813,0.010072852,0.006628878,0.004537712,0.0006246788,0.003496706,1.9150611e-05,0.0003657598,6.8419424e-05,3.7458727e-07,0.0002229723,8.68305e-05,3.0331154e-07,3.458853e-05,6.5424143e-07,1.0875796e-05
0.0005659738,0.00045812872,0.31846568,0.3104317,0.26938063,0.05996461,0.01589655,0.011574901,0.008043573,0.0011452055,0.0031026744,1.0652116e-05,0.000569495,8.861509e-05,9.836416e-08,0.00019956013,7.6141216e-05,8.854079e-08,2.2912904e-05,9.5657114e-08,2.603452e-06
5.1040197e-06,1.6762175e-05,4.809481e-05,0.055645596,0.017661627,0.22838011,0.20984136,0.17760815,0.093898006,0.102673724,0.08693418,0.0018739753,0.007125156,0.0026633441,0.00018048813,0.0010208823,0.014403814,1.0214451e-07,1.9163808e-05,7.8734715e-08,3.3936655e-07
4.8225953e-08,1.0602305e-08,3.7303533e-08,0.00017793308,0.0012555724,0.057941813,0.68319297,0.08461264,0.15278043,0.0156143,0.0031975415,0.0011310324,5.059237e-07,5.812541e-06,2.014291e-08,2.5870782e-05,6.346596e-05,2.4901974e-09,1.7725574e-08,1.9853943e-11,4.3064642e-11
9.340911e-08,1.3927863e-07,7.853817e-07,7.791808e-05,0.0003987041,0.0067269867,0.017541815,0.023020241,0.09517989,0.15221411,0.0045008343,0.0029442832,0.004630486,0.080405265,0.014870149,0.0011755005,0.17139143,9.797902e-05,0.42477328,4.999456e-05,1.6120742e-07
3.7482295e-07,1.7059358e-06,3.1461097e-06,0.037116498,0.0007291467,0.22014736,0.28263006,0.1838083,0.08085978,0.076151446,0.017147284,0.004379399,0.009163739,0.00013786535,0.08396327,0.0026280282,0.001118293,1.3305927e-06,1.16155725e-05,9.691356e-08,1.2604959e-06
1.8594795e-06,3.3302172e-06,8.1049086e-07,5.0199273e-05,3.9890106e-06,0.00026882885,0.01117907,0.048457544,0.31022292,0.10315802,0.044266086,0.014722391,0.29328004,0.08468522,0.055182703,0.028485967,0.0026755868,0.0020082402,0.0013162689,1.2973908e-06,2.9599247e-05
2.0126553e-08,3.8273853e-08,6.598888e-07,0.0016309416,0.001066639,0.003897113,0.108668864,0.0110583175,0.013207044,0.01331384,0.0032823225,0.035850927,0.7247102,0.0005380912,3.9536e-05,0.048264153,0.03443946,2.8404535e-05,4.0505032e-07,3.0016838e-06,7.503783e-08
2.525768e-08,2.0878018e-08,1.546615e-08,0.00017568133,3.9611598e-07,0.00038165835,0.02282806,0.088991605,0.11383948,0.066686206,0.15072156,0.4462628,0.06296487,0.016562486,0.0013322157,0.0008643331,6.182618e-05,6.396919e-05,0.028262146,5.0533093e-09,6.135739e-07
1.431676e-06,2.049486e-05,0.00023180449,0.03701389,0.06635226,0.27051076,0.18570252,0.05088314,0.15433088,0.07584665,0.09677029,0.0038001034,0.056700338,0.0004010868,5.125638e-05,1.8657274e-05,0.001351989,3.4916596e-09,1.2277868e-05,8.400475e-08,4.1710003e-08
1.0026599e-05,6.212943e-05,0.004400898,0.033793718,0.1805994,0.20199852,0.124353945,0.09716682,0.064763196,0.049822014,0.034878075,0.001741057,0.19932431,0.00025086835,0.00040220097,0.0045694914,0.001801938,2.041216e-06,5.084095e-05,3.9528622e-06,4.5851207e-06
3.253537e-06,2.6058249e-06,5.5554465e-06,5.5221186e-05,0.0002919179,0.0023514898,0.06364855,0.092073135,0.30485484,0.1545201,0.20039886,0.070680805,0.001958964,0.0009700261,0.00036724674,0.106160924,0.0013269008,0.0003052355,2.094859e-05,1.5120933e-06,1.893402e-06
2.401565e-06,9.6873755e-06,0.0006160038,0.05687479,0.076274,0.5598996,0.13662472,0.07416596,0.027843319,0.034117505,0.022635963,0.0013947247,0.00894583,3.8766168e-05,8.389247e-05,0.00021165541,0.00024798463,1.1617618e-06,1.1598716e-05,1.3881143e-07,2.3731322e-07
1.6567544e-06,3.153336e-06,9.005182e-06,0.00012267569,0.058557514,0.012958815,0.119142786,0.23505421,0.111589365,0.01329718,0.22195299,0.1540523,0.0003016734,0.06913198,0.000531651,0.0009353546,0.0023516957,5.3118345e-07,5.146328e-06,3.45798e-07,4.719377e-09
0.00033040575,0.009514289,0.04826778,0.5257036,0.23494379,0.067172885,0.035794325,0.022433002,0.010002059,0.0045861513,0.04033221,0.00023077281,0.00067189796,5.375621e-06,1.031785e-07,1.8624588e-06,7.98603e-06,2.6707994e-10,1.4648052e-06,5.9001707e-08,2.9639416e-08
9.5969554e-08,5.5757727e-07,4.7572325e-07,0.00015033067,0.0054363674,0.0040813624,0.31169257,0.16369358,0.25671405,0.01448238,0.092227,0.019736383,0.00054786494,0.0057248618,6.26742e-05,0.12513982,0.00030659122,7.419008e-08,3.0361057e-06,4.0107793e-08,5.5410676e-09
5.790604e-08,7.170199e-09,9.221745e-09,2.0456758e-08,5.7267885e-06,4.466054e-06,0.008665987,0.04366628,0.029446224,0.004674914,0.7027695,0.2107386,1.7116422e-06,2.211609e-07,3.6734516e-08,1.7192044e-05,9.000563e-06,7.995869e-09,1.8675947e-10,1.1750746e-10,2.713059e-12
0.30374599,0.53449047,0.12250343,0.024133716,0.006697577,0.0031876822,0.0012925026,0.0008385151,0.00039865132,8.536507e-05,0.0018527005,6.6767534e-05,9.5548916e-05,7.225016e-05,2.7624843e-05,0.0002447659,0.00010409829,1.09334205e-05,4.3462423e-05,5.086882e-05,5.7032456e-05
2.8304757e-07,2.1847256e-06,4.142498e-06,0.0010106474,0.049916003,0.3258775,0.31328112,0.2090054,0.058743402,0.02164525,0.010939664,0.007862359,0.00046490863,0.0005395069,6.4329826e-05,0.0005439077,9.884703e-05,2.39394e-09,4.6930688e-07,3.036621e-08,5.54297e-09
0.00031219196,0.0005259357,0.23104247,0.3471484,0.29452857,0.0773657,0.021202052,0.012373973,0.008332004,0.0018579201,0.0036648172,2.4675734e-05,0.0013276899,5.005333e-05,2.7133316e-07,0.00013149339,8.353618e-05,1.0690631e-07,2.5147929e-05,1.9579417e-07,2.80495e-06
1.4292706e-07,1.6587252e-08,1.1537308e-08,0.00032902596,1.8287212e-06,0.00056160835,0.12452774,0.093389675,0.14516126,0.03427291,0.2139874,0.18866266,0.073713474,0.082070574,0.0054543107,0.0006601677,0.033395465,6.7548775e-05,0.0037406597,2.5913262e-06,9.376305e-07
0.00047385436,0.0028072088,0.18513125,0.514565,0.2149649,0.060110997,0.010135573,0.004833876,0.0037133337,0.00038963216,0.0023394658,1.4105103e-05,0.0004627142,4.6486907e-06,7.491356e-08,2.1910464e-05,2.692033e-05,7.6656335e-09,3.399664e-06,1.2923957e-07,1.0151219e-06
6.1314694e-07,2.6946725e-07,4.3219586e-07,2.689712e-07,2.3322782e-05,3.620446e-05,0.013244734,0.026020791,0.0647701,0.03612514,0.5415521,0.3174881,0.00021222093,1.6458747e-05,3.9063412e-05,0.00038812964,7.2901945e-05,8.926789e-06,7.925693e-08,7.2782704e-08,6.121893e-09
2.2557785e-07,6.8067675e-06,0.00019709844,0.0068986746,0.05156227,0.071697064,0.14524026,0.03456765,0.08406527,0.03929473,0.2825301,0.03266461,0.25060028,0.0003792578,2.5421343e-05,2.6847192e-05,0.00023866832,2.4529925e-09,4.395751e-06,3.305963e-07,9.710679e-09
2.9964776e-06,3.50317e-06,7.5377216e-06,0.00040459185,0.0016653697,0.011341412,0.11002675,0.20100966,0.33446193,0.04140107,0.102718964,0.03184986,0.001269163,0.004665699,0.00020730514,0.15701455,0.0016772136,0.00017092362,9.840755e-05,2.0512264e-06,1.0423857e-06
2.6081157e-06,3.327281e-06,1.137386e-05,0.044875067,0.0019241225,0.1923043,0.4005952,0.057986874,0.1339313,0.13941604,0.016450783,0.0014957311,0.0006936938,9.59604e-05,6.5839566e-05,4.534608e-05,0.010085162,2.6034823e-07,1.6830616e-05,1.47762e-08,1.7588059e-07
7.374042e-07,4.0681792e-07,7.0074447e-07,0.0009844761,1.1517223e-05,0.0070063155,0.028842814,0.03333951,0.5791503,0.19914123,0.07890098,0.033614513,0.002278041,0.0020301335,4.0824623e-05,0.02034113,8.209544e-05,0.0005102653,0.013717971,3.289142e-08,6.0037764e-06
1.3000841e-06,1.1739302e-06,5.6006734e-06,0.0030329234,0.037405107,0.14111294,0.1077851,0.6365899,0.068682894,0.0012682771,0.003014161,7.051274e-05,7.824541e-08,0.0008149904,1.3168783e-09,7.4401287e-06,1.0176426e-05,7.128627e-08,0.00019738969,8.756265e-11,1.6814319e-11
7.879114e-07,1.4060553e-06,5.4431302e-06,0.0044570863,0.032809418,0.16436957,0.44614285,0.1971377,0.1241988,0.017342616,0.0067861993,0.0047412775,8.944346e-05,0.0004654373,3.3774834e-06,0.0011371023,0.00030275478,8.2303956e-08,8.526721e-06,4.0254182e-08,8.718472e-09
2.5885163e-07,1.4058494e-07,1.0439359e-07,3.1799075e-06,2.4790074e-06,0.0013698732,0.01944254,0.035408653,0.45227835,0.0886164,0.06890856,0.052102633,0.1378365,0.0036051052,0.00014383082,0.00099314,1.3844553e-05,0.00347841,0.13579555,1.872847e-08,4.1186922e-07
4.4075246e-06,4.526057e-06,0.00013181078,0.018032918,0.24801402,0.077147886,0.16512053,0.3266665,0.08448115,0.011496111,0.018142559,0.00050512044,1.6812943e-05,0.047347393,4.9036805e-07,0.00024903822,0.00030011084,6.9822114e-08,0.0023386145,1.1084906e-08,1.6212821e-09
4.813325e-08,1.4165516e-06,1.7567183e-05,0.0004019004,0.005354019,0.01104741,0.04267058,0.023359058,0.029346796,0.02862047,0.48963082,0.064852186,0.29903713,0.0029077637,0.00246539,6.3237785e-05,0.00021939838,1.7597808e-08,3.6202457e-06,1.1639197e-06,9.307522e-09
7.023403e-07,2.6724697e-07,8.011528e-07,0.0012755535,0.027385125,0.031949233,0.3560887,0.30341235,0.2547209,0.00378718,0.018145101,0.003044934,4.5905009e-07,3.6387068e-05,2.2219455e-09,0.00013845268,1.36720755e-05,6.6466246e-09,1.7805968e-07,2.0668613e-10,5.877065e-11
9.170352e-09,2.6250504e-09,6.054091e-09,5.2156174e-06,5.5819073e-06,0.0031354036,0.03924308,0.009382577,0.012195012,0.036341097,0.012103092,0.034180265,0.017337527,0.5485569,0.016760524,0.24571535,0.0033345288,0.021455672,0.0002364987,7.866887e-06,3.7946775e-06
4.7356766e-06,2.2616365e-05,0.00052160304,0.08189965,0.17444827,0.5916682,0.09185373,0.030437361,0.02057012,0.0027447823,0.005560382,1.8903456e-05,0.0001733512,2.1719134e-06,1.5340835e-06,5.6275753e-06,6.652798e-05,1.833612e-09,4.1676756e-07,2.5271025e-09,1.6398886e-08
0.00020868027,0.0011165084,0.13001412,0.44653994,0.3024192,0.087758884,0.01545111,0.0073600714,0.0052440856,0.00065655925,0.0023033996,1.3309234e-05,0.0008490215,4.695503e-06,1.9105185e-07,1.9750583e-05,3.564937e-05,9.161948e-09,3.9957185e-06,9.94602e-08,6.964349e-07
7.124609e-06,1.4445259e-06,4.2730967e-06,0.00020464498,1.575646e-05,0.0004886216,0.012516917,0.022327205,0.031221094,0.09782687,0.06285835,0.08851219,0.11042561,0.05762338,0.068502024,0.1800481,0.0038609246,0.1503273,0.11214595,6.268502e-06,0.0010759312
0.00013943491,0.000268246,0.1660215,0.35311705,0.32511595,0.08048136,0.027833486,0.021941664,0.015189316,0.0025124077,0.0040490343,2.9854975e-05,0.0026520856,9.126131e-05,1.7487845e-07,0.0003544668,0.00018493841,4.315965e-08,1.5822536e-05,1.6862286e-07,1.8013062e-06
0.13675259,0.29038593,0.3115419,0.1911515,0.04153047,0.015181666,0.0038560573,0.0026040054,0.0015714014,0.00027833055,0.0040775687,6.997509e-05,0.00032582055,9.103072e-05,1.012152e-05,0.00026456156,0.00015622366,4.0710697e-06,5.9414164e-05,1.9706911e-05,6.772568e-05
2.1613869e-06,1.4425788e-06,4.546001e-06,1.2570869e-06,7.524291e-07,3.783473e-05,0.0011795901,0.0049240184,0.12865244,0.20618978,0.015985874,0.01128457,0.17085479,0.0052308436,0.17888658,0.021964174,3.9774408e-05,0.23974773,0.00010205411,5.773234e-07,0.014909208
4.8729316e-07,1.4003542e-06,1.4666315e-07,0.0011492796,1.8448476e-05,0.00104296,0.022922643,0.066242605,0.07404247,0.03331817,0.04318838,0.0264582,0.015186532,0.6332446,0.04991139,0.0027430735,0.028940253,3.187681e-05,0.0015562542,1.2920508e-07,6.712005e-07
2.4731169e-06,4.504278e-06,1.1424458e-05,0.013844078,0.0015441203,0.011954119,0.09677983,0.1288344,0.13388564,0.14232351,0.08759115,0.013861282,0.031490464,0.048311625,0.0006500127,0.28249824,0.005123228,9.749348e-06,0.0012776947,1.0298793e-06,1.4036779e-06
0.77569807,0.13842186,0.076110266,0.002814604,0.0014993508,0.00037773274,0.0005118113,0.00040330546,0.0002234921,5.94615e-05,0.0031843935,0.00025785458,5.030009e-05,3.562979e-05,4.9610073e-05,0.0001781763,4.5184486e-05,7.717764e-06,6.453355e-06,5.69319e-05,7.719155e-06
0.0009570184,0.0078511955,0.19445811,0.4947496,0.20914802,0.066126026,0.010070818,0.0057981843,0.005387338,0.0005316133,0.0037081367,3.3629705e-05,0.001029838,1.1032219e-05,3.127511e-07,7.044481e-05,5.9168775e-05,2.6259025e-08,5.765282e-06,5.71893e-07,3.1123293e-06
0.0005129991,0.0059343963,0.10192763,0.39091283,0.15330863,0.063213386,0.10291209,0.058393102,0.026584197,0.00837088,0.07499514,0.0071060313,0.004056946,0.0004310332,1.2844775e-06,0.0011790104,4.556312e-05,1.8367137e-08,0.00010758199,5.1541497e-06,2.0697594e-06
0.0004695355,0.001546003,0.20950912,0.4922453,0.2238931,0.050104585,0.011349597,0.004848578,0.0032940013,0.0003878082,0.0020090616,9.740773e-06,0.0002856114,5.5314463e-06,4.8630184e-08,1.581895e-05,2.0618738e-05,9.961584e-09,4.969936e-06,7.607254e-08,8.5376684e-07
8.040756e-05,0.0001503316,0.1347034,0.31116435,0.37243733,0.12235735,0.027315514,0.014885489,0.008834062,0.0025463246,0.0032207905,1.831302e-05,0.0021516774,1.689422e-05,4.4870302e-07,4.4610795e-05,5.8952282e-05,5.3516338e-08,1.2881747e-05,7.8529006e-08,7.0988733e-07
6.939858e-07,8.4166544e-07,1.8043401e-06,0.0006544719,0.015573993,0.11419263,0.44515002,0.23457533,0.13432384,0.01748017,0.018855471,0.016169583,3.842134e-05,0.00020756423,3.6416425e-06,0.002492529,0.0002785607,3.3085165e-08,3.23253e-07,1.1823776e-08,5.770477e-09
3.8572824e-07,3.0215267e-07,7.424627e-07,0.0012683205,0.010503012,0.049240123,0.46595612,0.13595621,0.30520505,0.011757589,0.013866118,0.004883418,4.3547407e-06,2.5779329e-05,5.1751172e-08,0.0012429259,8.931433e-05,5.1051736e-09,9.032289e-08,7.685521e-10,1.0864817e-09
9.002554e-05,6.60214e-06,1.2307396e-05,0.013489795,0.00085660693,0.007387423,0.27086258,0.20243298,0.33708686,0.09699301,0.026985817,0.0031792512,3.9344475e-05,3.8118338e-05,1.225945e-07,0.00044491346,0.0400851,1.4055346e-06,7.4788795e-06,8.128228e-09,3.2145084e-07
1.5923806e-05,0.0001672799,0.0801714,0.30810753,0.40444428,0.13004065,0.037131693,0.017375384,0.01434888,0.0010401272,0.0030039968,4.5503602e-05,0.0039655822,5.225635e-06,3.274516e-08,5.6295594e-05,7.8908015e-05,1.1725317e-09,1.1035185e-06,7.7346705e-08,1.02734276e-07
1.4181072e-06,3.8516587e-06,5.481493e-06,0.0008421357,0.0004528821,0.0071202195,0.08208431,0.050449073,0.060453076,0.09946467,0.17334846,0.054018483,0.0367813,0.05594124,0.36132142,0.0016331307,0.015462863,9.768562e-05,0.0005009717,1.4596503e-05,2.7713024e-06
9.336132e-05,0.00034814538,0.05375175,0.28232244,0.39071155,0.10361856,0.051798332,0.048718877,0.03262179,0.0056591416,0.0062276777,0.00014040318,0.020346101,0.00023821785,1.1924775e-06,0.0021541445,0.0012277095,1.0997048e-07,1.6074897e-05,8.590723e-07,3.5372027e-06
4.5353318e-07,1.616639e-06,8.071564e-06,0.0040131854,0.07919656,0.25622064,0.42563716,0.15375893,0.058660932,0.014842477,0.0041012526,0.0029455733,0.00017574636,0.0001823615,2.0903692e-06,0.00015412357,9.715253e-05,3.1865248e-09,1.7227737e-06,1.4284201e-08,3.6327037e-09
1.374576e-06,4.168801e-07,1.2144898e-06,0.0001315168,8.507756e-06,0.00050524494,0.017442128,0.037444882,0.047804616,0.1311761,0.061839435,0.17562768,0.10986169,0.06266523,0.050760433,0.03409952,0.001877493,0.030011274,0.23866265,2.9456608e-06,7.569666e-05
0.027640903,0.066349424,0.39390242,0.3670587,0.09882191,0.02962387,0.005673463,0.0038351486,0.002596142,0.00035477002,0.0034156495,3.7710655e-05,0.00035849045,3.704745e-05,1.6498957e-06,0.00014405574,9.863505e-05,5.6172155e-07,2.5449328e-05,3.3102074e-06,2.071454e-05
3.6048186e-06,4.138151e-06,8.730024e-06,0.00020822602,0.0057690856,0.008657667,0.13607949,0.2186908,0.27269483,0.025359843,0.16317163,0.06787393,0.0007036856,0.006574714,0.00024653776,0.092111535,0.0017467937,5.710167e-05,3.5390913e-05,2.0616055e-06,2.3633797e-07
1.5589146e-06,7.142894e-06,0.00013911726,0.036075715,0.044646934,0.73494244,0.09381914,0.04368915,0.02082729,0.013775037,0.009132051,0.00026414072,0.0022026026,1.2769094e-05,0.00012912524,8.714615e-05,0.00024560373,1.3870306e-07,2.7762449e-06,2.365284e-08,9.55729e-08
4.7018834e-06,2.495297e-06,9.945945e-06,0.02204046,0.00036388615,0.012064667,0.06498862,0.09282268,0.12242047,0.11306952,0.093541406,0.021280868,0.00982845,0.011333555,0.0007921322,0.4276338,0.005652771,6.439139e-05,0.0020779455,1.3794053e-06,5.8197156e-06
0.12588812,0.19796872,0.377475,0.21193096,0.052502304,0.01837689,0.004865722,0.0032331469,0.0018734544,0.00033157459,0.004463941,5.8640024e-05,0.0003021135,0.00011293571,6.9475923e-06,0.00030845872,0.00015661003,3.5991907e-06,6.296906e-05,1.37558e-05,6.419522e-05
6.815222e-07,1.8929539e-05,0.0022627106,0.031771977,0.18937927,0.14507382,0.19503032,0.114435755,0.019026559,0.053893406,0.12637985,0.005531723,0.11710457,4.732554e-05,8.804374e-07,1.816714e-05,2.100763e-05,3.7125256e-10,2.9804846e-06,6.540083e-08,8.388584e-09
0.00040362935,0.0012392567,0.23746713,0.40244463,0.25233796,0.06488841,0.01772548,0.009985636,0.0074484716,0.0010205861,0.0036680303,2.5072353e-05,0.0011204585,2.797973e-05,1.973238e-07,0.000110070556,7.09216e-05,3.7840813e-08,1.31475335e-05,2.3550757e-07,2.6686569e-06
1.6765805e-06,2.4786914e-07,1.5402394e-07,1.1755345e-05,9.020419e-06,5.3004922e-05,0.024741603,0.1614199,0.24962308,0.02423912,0.50938916,0.027269002,2.7418904e-05,1.0916997e-05,5.580394e-08,0.00017575172,0.0030266375,1.1876474e-06,3.5760888e-07,8.992142e-10,3.5042163e-09
5.7233165e-06,2.0547348e-06,3.3981103e-06,2.2692546e-05,0.00045102907,0.0014718716,0.0556295,0.10470339,0.21656397,0.12395651,0.21183506,0.23644182,0.00073445466,0.00023489117,0.00019030612,0.045627452,0.0020958092,2.7750799e-05,1.7417731e-06,4.219692e-07,1.92808e-07
1.9675267e-06,4.1330034e-07,4.3366447e-07,0.0029083819,1.1371474e-05,0.0016064482,0.035087004,0.052267868,0.6470901,0.15971942,0.087199226,0.0092498865,6.0799903e-05,7.52382e-05,6.208274e-07,0.0016088899,0.0030331162,1.35264245e-05,6.4761596e-05,4.0663197e-09,6.0821645e-07
1.1404434e-06,2.3334862e-06,2.0398042e-05,0.083994254,0.013506149,0.21106279,0.44376594,0.063735045,0.12904672,0.04328479,0.010331284,0.00014649186,8.258521e-05,2.6815057e-06,6.5453534e-08,5.2531786e-06,0.0010117915,9.836548e-10,3.2431913e-07,3.419208e-10,5.714141e-09
0.00020869065,0.0026147403,0.04755859,0.23956823,0.105978414,0.07074205,0.17691942,0.14319366,0.08308598,0.017384917,0.07043349,0.0146923,0.004154069,0.0018931895,1.0533664e-06,0.021362862,0.00010327137,1.551485e-08,8.506015e-05,1.899396e-05,9.999568e-07
1.7628635e-07,8.7287174e-07,6.5377316e-07,0.0006382301,0.0042043924,0.35603783,0.40583217,0.14388967,0.035537787,0.049457192,0.0026319313,0.0006070418,0.00023860885,0.00030899106,0.00019829541,4.646348e-05,0.00036908255,1.1631853e-09,5.8983386e-07,8.777928e-09,2.508939e-09
2.3541273e-07,6.9091294e-07,2.1855758e-06,0.0020191418,0.028070286,0.2796144,0.4626576,0.15801476,0.0468789,0.01913594,0.0021881007,0.0009815111,9.341983e-05,8.691325e-05,4.7947383e-06,2.982712e-05,0.00022034047,1.918561e-09,9.3724753e-07,6.122054e-09,1.5606629e-09
4.5848865e-06,8.1036865e-07,1.1367605e-06,2.389062e-05,0.00014421825,0.0010955947,0.06307275,0.11217339,0.3699465,0.17352459,0.15231913,0.114520885,0.00033879906,4.3061307e-05,2.5590907e-05,0.010242878,0.0025155663,5.790408e-06,7.91623e-07,4.2733433e-08,6.6178565e-08
7.3213084e-07,1.8221884e-07,1.7495626e-07,9.330672e-06,1.369522e-08,1.7463972e-05,0.00024504843,0.00089349475,0.008744725,0.03862366,0.0026788702,0.003125047,0.0048821927,0.10895436,0.1440936,0.0016331283,1.7515664e-05,0.64205486,0.032326877,2.6650917e-09,0.011698795
1.8398403e-05,0.00016632458,0.007790493,0.09499713,0.17673238,0.10684022,0.18826808,0.108493015,0.08148854,0.099176675,0.04410315,0.025807181,0.054309595,0.009052045,2.0759395e-05,0.0014918704,0.00021575602,5.9265805e-08,0.0010212458,5.7369034e-06,1.2335863e-06
1.0229983e-06,7.787508e-06,8.0107675e-05,0.060530074,0.040847067,0.41997027,0.21470417,0.057943348,0.09759232,0.057322126,0.03556837,0.0005201173,0.0120489765,0.00012234664,9.267531e-06,7.3864444e-06,0.0027223143,4.8106374e-10,2.9390187e-06,4.9069153e-09,1.3022911e-08
3.761866e-07,1.1007647e-06,6.706856e-06,0.0049476395,0.0013450354,0.013450567,0.06858536,0.20098783,0.08508669,0.36182383,0.06885532,0.008741054,0.09291133,0.058793273,0.001897307,0.027965523,0.0028537635,5.110771e-06,0.0017413414,7.8586226e-07,1.1990758e-07
0.004546048,0.007255706,0.43871894,0.33856243,0.14897066,0.039647996,0.008769464,0.005518369,0.0038495292,0.000474207,0.0030855767,1.7272743e-05,0.000317121,3.4487894e-05,2.5905504e-07,0.00013578498,6.854251e-05,1.4432796e-07,1.9433197e-05,5.4057864e-07,7.4876284e-06
0.002209606,0.0048990496,0.33002853,0.38041663,0.19390383,0.055628855,0.012107885,0.008560125,0.006261067,0.00084909576,0.003770083,2.9735853e-05,0.000882,5.4363478e-05,5.4482854e-07,0.00023298209,0.00013175154,1.690545e-07,2.309972e-05,8.187242e-07,9.760564e-06
9.266981e-05,0.00052740925,0.10913811,0.3740102,0.3886681,0.077184945,0.026173351,0.010499845,0.006729167,0.0009844007,0.0045311423,2.984962e-05,0.0013569866,7.3240803e-06,1.680651e-07,2.4640773e-05,3.431714e-05,1.0836904e-08,6.6814014e-06,8.9231975e-08,5.641313e-07
0.00018522439,0.00035982064,0.14326355,0.32207182,0.37215397,0.10285339,0.0260389,0.0145446565,0.008414115,0.002571635,0.0053740023,3.4674864e-05,0.0019155556,3.8607133e-05,1.1055375e-06,6.6625e-05,7.574381e-05,1.5851921e-07,3.418576e-05,2.0913565e-07,2.052204e-06
1.4529128e-06,1.7457292e-05,0.00017670696,0.06742792,0.1868795,0.48662364,0.109215476,0.026837599,0.114253715,0.0025454625,0.005548702,7.742195e-06,0.00037072253,9.853653e-07,1.8232023e-06,3.318369e-06,8.752586e-05,6.857878e-11,2.7167434e-07,6.441844e-10,5.948401e-09
5.5545115e-08,1.3401808e-07,1.2069965e-07,6.179872e-05,6.408523e-05,0.013029493,0.075304285,0.07453847,0.043201517,0.17969789,0.027374288,0.011569314,0.013304807,0.0081662685,0.33686206,0.0006972689,0.21382141,1.0214274e-05,0.0013071846,0.0009891483,1.3362578e-07
2.0376349e-07,1.3177778e-06,4.7188328e-06,0.0017757193,0.08804503,0.4045977,0.30126593,0.14379153,0.037241768,0.015058734,0.005170517,0.002365044,0.00026012646,0.00028228384,6.8782674e-06,6.657901e-05,6.5582804e-05,3.1432643e-10,3.2652798e-07,4.155835e-09,1.3663539e-09
1.6377732e-06,3.129233e-06,8.202412e-06,0.0014387213,0.024388025,0.19233088,0.28628522,0.28496793,0.14149924,0.02823018,0.017429776,0.0111792935,0.0003332065,0.0061665787,0.0003583271,0.002890205,0.0024218273,5.242269e-06,6.1461964e-05,8.7171395e-07,4.890905e-08
5.073968e-07,4.064524e-07,5.5726e-07,0.0005460933,0.0009749548,0.06703988,0.25215712,0.22040012,0.37989372,0.038320675,0.022194011,0.009649578,6.1774546e-05,0.0008163628,2.4275056e-05,0.0063712117,0.0015224512,1.5058675e-05,1.11436275e-05,4.6225956e-08,3.751315e-08
4.297188e-08,3.1720276e-08,1.1390459e-07,0.013184524,2.8248876e-05,0.1636413,0.25652504,0.067893624,0.050545063,0.22761466,0.04130998,0.024906611,0.00044224304,0.0072016427,0.09800846,0.041494,0.00026884014,0.0068981503,2.877265e-05,1.1048443e-08,8.672366e-06
2.998821e-05,5.558329e-06,2.3194727e-06,0.0017009517,2.6245498e-06,0.00076318765,0.020787705,0.02153111,0.49700278,0.22291055,0.0033712282,0.0042713624,0.0029238637,0.0018537475,0.00041775065,0.001620227,0.20870416,0.0035566164,0.0084642405,5.668e-08,7.994698e-05
3.2324402e-05,0.00038312795,0.013888703,0.29558074,0.35274324,0.1516938,0.07602371,0.059078135,0.010938882,0.012933863,0.025111977,0.00025643714,0.0013079223,3.54973e-06,1.4613708e-07,1.8135813e-06,1.9353043e-05,7.4545753e-10,2.226985e-06,3.0379564e-08,3.894026e-08
5.931008e-07,8.9670164e-07,1.0311664e-06,6.011868e-05,7.803967e-05,0.010763814,0.03934242,0.1451149,0.587322,0.05885673,0.06334986,0.014405252,0.0040136343,0.01006343,0.007964371,0.028054819,0.01260483,0.01761328,0.0003807378,3.0887106e-06,6.0993907e-06
0.0005507239,0.00088071806,0.25058883,0.3592408,0.27447084,0.071970224,0.017687907,0.011115809,0.0073145656,0.001370676,0.0034332927,2.0101177e-05,0.0010800775,4.3823013e-05,3.7228128e-07,0.00011583049,8.5793115e-05,1.10580984e-07,2.5519746e-05,2.3074634e-07,3.8034807e-06
1.3534963e-06,2.1165245e-06,0.0002325603,0.035750866,0.08033202,0.036452413,0.11209961,0.053334534,0.036487788,0.015743414,0.0038720039,0.0010695845,0.5372281,0.003441855,5.9796444e-06,0.03620825,0.04772981,1.7474947e-06,4.7010694e-06,8.997983e-07,3.7764303e-07
3.6993305e-07,4.9296145e-06,0.0036603333,0.39154676,0.5403958,0.042992886,0.016671551,0.002240452,0.0022488388,5.2403233e-05,0.00018377896,1.5622149e-07,1.6750525e-06,6.4961464e-10,8.772457e-13,1.0390201e-09,7.2068424e-08,8.6370743e-14,3.1689549e-09,2.991833e-12,8.080352e-12
2.056182e-06,3.705912e-05,0.0008195594,0.04340687,0.16734469,0.35221243,0.21003433,0.053387407,0.04886016,0.033846434,0.034239486,0.0018581038,0.053601827,8.877879e-05,8.659443e-06,1.1776301e-05,0.00023692187,1.6396523e-09,3.385761e-06,5.267024e-08,3.9426826e-08
3.7309245e-09,2.1787217e-08,9.8345e-08,1.3736816e-05,5.1805182e-05,0.00033647835,0.027584266,0.019560246,0.018064361,0.02745829,0.14268826,0.5514076,0.20087579,0.0062915063,0.004134916,7.7033e-05,0.001418922,4.3973782e-07,2.2428701e-05,1.3735859e-05,1.9024464e-09
1.421325e-07,1.9377055e-06,5.75083e-05,0.011581036,0.18950388,0.2609787,0.37068558,0.08767235,0.0433249,0.026327189,0.0048793424,0.0026346527,0.0022322454,8.291658e-05,2.6671535e-07,2.0341124e-05,1.568893e-05,4.52789e-11,1.3216891e-06,3.8025125e-09,1.7819164e-09
2.787713e-07,8.67632e-07,6.580082e-07,0.00022910011,0.00042256128,0.048804455,0.13734843,0.23484866,0.10808546,0.124958634,0.020957697,0.0048250076,0.009787171,0.01261661,0.07485533,0.0016506191,0.21987109,2.3798117e-05,0.00066437817,4.8963742e-05,2.3242819e-07
2.522289e-06,3.0547797e-06,7.7661636e-05,0.012331873,0.006306956,0.15071137,0.11715279,0.09353634,0.024220003,0.3539934,0.050888345,0.006658745,0.12405728,0.0049385387,0.022087302,0.025869375,0.003835616,0.003126898,0.00017984552,1.7060655e-06,2.0343778e-05
3.785991e-05,1.01604155e-05,2.1380123e-05,0.0026375651,3.0117037e-05,0.0016931224,0.03272018,0.02444957,0.11381405,0.13417982,0.059479754,0.12712954,0.027868167,0.023881657,0.061309125,0.11356297,0.0050874134,0.16259728,0.10673095,1.7247503e-05,0.0027420884
8.083437e-08,4.206096e-08,1.4214501e-07,5.849644e-07,1.0304308e-06,2.6871936e-05,0.0026394895,0.004741083,0.018999705,0.05091057,0.08662163,0.14273748,0.41533992,0.0008632482,0.04659785,0.10493206,0.017377237,0.10816031,9.69599e-06,7.296797e-06,3.3683846e-05
1.773279e-06,2.396884e-06,1.959477e-05,0.10956193,0.0043294174,0.0574095,0.2271278,0.13664402,0.2400541,0.13660738,0.0766566,0.0032752699,0.001511308,0.00011033551,1.280974e-06,0.0014496614,0.005222756,9.640088e-08,1.4710501e-05,1.7532347e-08,9.73588e-08
1.03035696e-07,9.95224e-08,9.694246e-06,0.0046325647,0.006696619,0.006836155,0.06693436,0.01491832,0.011161138,0.022802457,0.003607372,0.003399969,0.79123765,0.0054882662,2.4367404e-05,0.04216847,0.020052113,2.5873176e-05,3.5950284e-06,6.49868e-07,2.5353413e-07
5.065111e-07,1.7754214e-06,1.6732898e-06,0.00035676843,0.0005021625,0.044603784,0.16397302,0.29019526,0.28623176,0.09661335,0.035544734,0.007643042,0.0057440167,0.0072232573,0.01456383,0.016028717,0.03063708,5.5667e-05,7.430712e-05,4.352295e-06,9.388526e-07
1.6713263e-07,8.5346755e-07,3.2982603e-06,0.0006247721,0.00067277456,0.0050836187,0.037529185,0.08379494,0.049018674,0.2777026,0.07012453,0.011642714,0.15565827,0.2653709,0.03213624,0.005784647,0.003927361,1.8018103e-05,0.00090486044,1.4847325e-06,1.2849796e-07
6.604103e-05,2.285013e-05,6.7745423e-06,0.0012848604,2.1016907e-05,0.0009759524,0.023129737,0.04147155,0.21918593,0.09811248,0.012314379,0.006945479,0.007617201,0.0031273859,0.00042746094,0.0106066195,0.56441474,0.0025181188,0.007701873,4.5410636e-07,4.902256e-05
2.5255227e-05,8.4087726e-05,0.0702832,0.1821708,0.42391872,0.12040562,0.08003459,0.045071762,0.027637962,0.01010306,0.018446365,0.00020806158,0.021045605,9.611861e-05,2.7797037e-06,0.00025090866,0.0001658171,1.7748677e-07,4.76187e-05,3.476129e-07,1.1088957e-06
7.91263e-09,3.0448706e-07,2.491469e-06,6.898525e-05,0.0035992789,0.004887735,0.04043284,0.031084144,0.08043874,0.059174627,0.14428896,0.58048385,0.02175228,0.03316631,0.0003363221,0.00014956467,0.00012707536,3.8299923e-09,6.0009866e-06,5.1356744e-07,8.2984997e-10
1.8086943e-06,3.6280799e-06,4.477065e-06,2.529771e-06,3.587667e-05,0.0001947514,0.01876639,0.030770354,0.2575209,0.09269635,0.13537095,0.22831233,0.05252398,0.0017618114,0.020340698,0.007234074,0.006138308,0.14822398,6.608794e-05,1.8133203e-05,1.2596707e-05
0.00026428016,0.00074293365,0.11141004,0.38001943,0.34819603,0.080426246,0.025681334,0.024602834,0.01656297,0.0024105164,0.0038867476,4.8466914e-05,0.0042908015,0.00011626884,4.1098e-07,0.0008613653,0.00046416975,7.60444e-08,1.1168895e-05,4.88035e-07,3.4971233e-06
1.3881072e-06,8.5230744e-07,1.7581408e-06,3.46464e-05,0.00021565775,0.001672651,0.056993697,0.08586686,0.27175388,0.07061264,0.38378832,0.067993335,0.0003986917,0.00034708958,4.0679915e-05,0.05957429,0.0006475879,4.9791808e-05,5.7598913e-06,2.1821327e-07,2.4246185e-07
9.697735e-07,2.0373203e-07,8.890541e-07,3.0417392e-05,1.5000477e-06,0.00038188347,0.002544272,0.0027509655,0.010111997,0.051908217,0.010230258,0.015145058,0.01948004,0.010849149,0.0054073306,0.005059131,8.504089e-06,0.007690194,0.85823256,7.871907e-08,0.00016648936
3.4224763e-07,4.572603e-06,0.00036177388,0.012662362,0.013893419,0.10264782,0.23273584,0.10653328,0.08952221,0.20711783,0.019294553,0.14590943,0.0555204,0.0035730854,3.84355e-06,0.00978096,0.00019345543,4.83609e-09,0.00015107113,9.369513e-05,2.8596364e-08
7.72267e-06,5.8790033e-06,3.3970916e-06,4.5529437e-06,1.9068555e-06,2.002533e-05,0.005797717,0.022658633,0.2201842,0.124544986,0.3787665,0.1798512,0.029493766,0.0012575673,0.007933517,0.00084448647,0.011456352,0.016960703,0.00020184326,1.4286898e-07,4.9095015e-06
9.671121e-06,9.140433e-06,7.10179e-07,0.011765336,6.76695e-06,0.023453306,0.09526278,0.03778345,0.077934794,0.4829496,0.0044122017,0.00019131198,0.0042576864,0.018279703,0.044235125,0.00016246947,0.19429536,6.814046e-07,0.0049891677,2.7808618e-09,6.9150565e-07
3.3437686e-06,3.863702e-06,7.650452e-06,0.0003992262,0.005030271,0.021895269,0.14794469,0.30213377,0.32597587,0.024744712,0.071301326,0.033940103,0.0008082341,0.015107899,0.00038991266,0.046756018,0.0031548354,0.00020801985,0.00019176841,2.8260524e-06,3.8615272e-07
1.0800465e-07,1.9003515e-07,9.425743e-08,0.00018510447,4.1386113e-05,0.037414093,0.19490963,0.15501836,0.39359763,0.19354689,0.007068945,0.0012919501,0.0010910566,0.0012485433,0.0011908475,0.0042161667,0.009172237,8.4358044e-07,5.7946236e-06,1.082874e-08,1.2326099e-07
1.3423228e-06,2.3834642e-05,0.0037321611,0.08157852,0.463241,0.3449033,0.07063033,0.009381697,0.0205868,0.0008767849,0.003512418,2.723414e-05,0.0014716721,3.3555636e-07,1.8926832e-07,2.8394759e-06,2.9292738e-05,1.971495e-10,2.806549e-07,7.1451796e-09,6.0395418e-09
0.00014379888,0.0009914911,0.021303916,0.35430387,0.40681598,0.15774705,0.031639356,0.009821032,0.009812178,0.00096329924,0.0057235593,2.1257236e-05,0.00063952716,4.5159845e-06,6.1601605e-07,1.0120502e-05,5.5239547e-05,5.485207e-09,2.7972064e-06,4.8083262e-08,3.2717548e-07
6.422661e-07,3.9936094e-06,5.428862e-05,0.037572682,0.054611534,0.66191316,0.13599423,0.05683924,0.037782703,0.0054973024,0.009256302,7.510529e-05,0.00024689545,2.498777e-06,8.072161e-06,1.371226e-05,0.00012740617,3.1410492e-09,2.5460363e-07,1.324096e-09,9.831073e-09
8.782239e-05,0.0004732831,0.09260305,0.30082455,0.40405217,0.1359526,0.029879672,0.015583757,0.011208068,0.001863238,0.0034428318,3.3795317e-05,0.0038290804,1.0499567e-05,6.941342e-07,6.8622336e-05,7.871109e-05,2.267462e-08,6.4113806e-06,1.800958e-07,8.9665525e-07
3.56391e-06,3.087705e-07,4.5211362e-07,0.008758135,9.331142e-05,0.0037151943,0.20629598,0.12661812,0.50583655,0.1177572,0.025199387,0.004251543,2.9410942e-06,5.9646422e-06,7.835922e-09,4.3283282e-05,0.0014165695,2.3192497e-07,1.1604957e-06,3.1845904e-10,1.8436324e-08
1.5353052e-08,1.5382724e-07,1.6512739e-06,7.003078e-05,0.0005222279,0.0025683504,0.028559456,0.03404899,0.11652408,0.18300492,0.035103478,0.21399717,0.068217225,0.30613187,0.0015400391,0.0011551456,0.0066387653,3.8834332e-07,0.0018627953,5.319685e-05,2.2329358e-08
1.0035509e-07,1.0939113e-07,2.9842823e-08,3.2415928e-06,5.081834e-05,0.00072913594,0.03377511,0.1497524,0.6695106,0.0065451576,0.12844849,0.010004064,1.8622726e-05,0.00013056141,6.126154e-08,0.0009936284,2.6669919e-05,5.6485073e-06,5.643876e-06,1.8746313e-09,8.250994e-10
6.573795e-08,2.8809185e-07,9.924445e-07,0.04125307,0.0006424678,0.5650149,0.22083613,0.0982176,0.031997833,0.027655266,0.0068366025,0.0047849864,0.0004719037,2.2179687e-05,0.0019302842,0.0001977596,0.00013579683,6.121864e-07,1.1785615e-06,4.614437e-09,6.237302e-08
5.6604556e-08,1.414392e-06,1.42297185e-05,0.00019882199,0.00040492826,0.0038184167,0.098511405,0.019142313,0.04572876,0.0142415725,0.029325034,0.7416043,0.027437218,0.017150097,1.1253779e-05,0.0018690323,0.00023016868,4.5335103e-08,5.8208047e-06,0.0003050868,5.5118803e-09
1.6726577e-07,1.0330691e-06,1.2946497e-06,4.6835612e-05,0.0011294873,0.0027244042,0.11729215,0.2197484,0.2763415,0.061318453,0.14163156,0.07348263,0.010452203,0.03379163,0.02035527,0.027107887,0.01440064,3.523708e-05,0.00012822426,1.0895814e-05,1.2200321e-07
0.111421935,0.41409126,0.24934377,0.16647519,0.032844998,0.013390569,0.0030679244,0.0020121715,0.0015521923,0.0002544489,0.004311127,0.00010651424,0.0004411736,7.3268464e-05,1.584028e-05,0.00028600486,0.00014774858,4.492344e-06,5.4029464e-05,3.1962565e-05,7.333278e-05
0.8095264,0.08336359,0.09922346,0.001554286,0.0008773521,0.00019797745,0.0003202667,0.000304905,0.00020748295,7.9925994e-05,0.0035551896,0.0003125513,7.256803e-05,2.8714092e-05,0.00011513427,0.00017708377,2.2794009e-05,8.808237e-06,4.9398186e-06,4.2104984e-05,4.4607546e-06
8.7271055e-06,0.0002944821,0.045750313,0.18578824,0.50305927,0.19036539,0.036707465,0.010722794,0.016077558,0.0005419626,0.0063896906,6.2031904e-05,0.0041767387,1.8318967e-06,3.467664e-08,2.3476492e-05,2.9384237e-05,2.8559524e-10,4.9298717e-07,6.9530856e-08,4.515463e-08
1.1067956e-07,8.4018e-08,2.615343e-07,7.44566e-05,1.2558382e-05,0.00063039723,0.011622611,0.022570204,0.10122592,0.16214556,0.018679833,0.019680517,0.08488817,0.031379793,0.0010126849,0.04472031,0.00011320343,0.00020523003,0.5010373,7.373509e-08,7.715328e-07
1.4380227e-07,3.102715e-07,4.9407265e-07,0.000549593,0.0002556325,0.0015234869,0.03389261,0.02969002,0.02775173,0.050776444,0.043930687,0.09045343,0.2874855,0.00066280237,0.008695722,0.4038743,0.020277342,0.00012256915,5.5266455e-06,4.7804257e-05,3.864378e-06
2.0390053e-07,4.0252994e-06,0.00015276272,0.0009844924,0.028345061,0.039709955,0.12866615,0.045038275,0.023711894,0.06907461,0.19756445,0.04434872,0.42106903,0.0008853307,0.0001494972,9.153286e-05,0.00019397688,4.6794987e-08,8.198487e-06,1.7065495e-06,2.4232047e-08
1.0471246e-06,1.3501908e-06,1.9417769e-06,0.0015342165,9.304584e-05,0.013396492,0.013028161,0.020722322,0.018057924,0.074420385,0.031515405,0.0015185144,0.0031743033,0.0031086274,0.79954153,0.017267143,0.0022306629,0.00022529134,0.00012709189,4.633648e-07,3.414029e-05
3.603264e-06,2.1459051e-05,6.916868e-05,0.019961925,0.051428966,0.32911494,0.100354835,0.20372176,0.07364691,0.028753752,0.18264215,0.0018612565,0.0024162154,0.0005705693,0.0011869676,0.0033626899,0.00087169604,2.6163764e-07,1.0139508e-05,1.4426091e-07,5.68222e-07
7.719586e-06,0.00014813918,0.0072561284,0.13370071,0.36259475,0.17720364,0.11402448,0.09666668,0.016392011,0.025715403,0.058233522,0.0013148685,0.006703533,9.155494e-06,3.0129468e-07,3.6242857e-06,2.3016468e-05,7.5644147e-10,2.2651193e-06,5.6042513e-08,2.0610203e-08
2.768837e-05,0.00023734865,0.02519554,0.13479897,0.48415685,0.22383632,0.058493797,0.024484333,0.021282613,0.004193674,0.01300643,0.00012662119,0.009891887,1.4760359e-05,5.631133e-06,0.000112879425,0.00012355868,4.0762018e-08,9.874381e-06,2.822497e-07,8.162074e-07
4.69473e-07,4.1303818e-07,1.5057532e-06,0.0064062234,0.00049695245,0.003637224,0.041263063,0.07505758,0.10342864,0.0272355,0.020682009,0.0012848494,0.0015377246,0.0047475817,2.1544918e-05,0.7132789,0.00063652534,5.6428064e-07,0.00028260192,5.574287e-08,7.2808156e-08
6.542379e-08,2.0894502e-07,1.911728e-06,7.3156276e-05,0.00072329957,0.002989337,0.08251986,0.027014572,0.02586234,0.09875054,0.30843434,0.15932117,0.2689953,0.0081236595,0.013392201,0.0001756433,0.0035339636,7.900893e-06,4.0229028e-05,4.0220286e-05,2.728838e-08
0.38150758,0.4789953,0.11452631,0.013219969,0.004111199,0.0021286637,0.0010081793,0.0007351331,0.0003558647,0.00011650662,0.002180265,9.508676e-05,0.00015223496,8.116844e-05,9.1163754e-05,0.0003464001,0.00011184998,2.2983319e-05,6.196625e-05,7.973663e-05,7.237684e-05
0.67010957,0.25928634,0.06555954,0.0014059292,0.00078457384,0.00028255692,0.00028501864,0.00023638894,0.00010493563,4.0527077e-05,0.0014010512,5.3139698e-05,4.5770423e-05,2.3008428e-05,9.8496435e-05,0.00018129557,3.206677e-05,1.1525787e-05,1.5057197e-05,2.920108e-05,1.3926438e-05
0.014396126,0.15863061,0.2189127,0.40016955,0.051850263,0.024826959,0.030885438,0.015928805,0.011362362,0.002489281,0.05490852,0.010470574,0.003929902,0.00029081514,9.003441e-06,0.0008312283,3.0219664e-05,2.0686407e-07,2.7934788e-05,4.238633e-05,7.0923074e-06
3.3795952e-06,4.5025076e-06,9.533291e-06,0.0799881,0.0019473709,0.09681024,0.24627447,0.08709241,0.26365903,0.09319516,0.0674847,0.0013126717,0.0022663353,0.00033292978,1.9877785e-05,0.00019326237,0.05939004,7.59075e-08,1.5750662e-05,8.792011e-09,1.6501748e-07
1.2462188e-07,3.1590963e-07,2.1484917e-07,1.4543073e-06,1.0270679e-05,0.00025173163,0.009562354,0.03993926,0.12938136,0.01770606,0.05059534,0.02999374,0.031807344,0.0096955495,0.025377523,0.0034729657,0.64010924,0.011462258,0.0006212259,1.1046217e-05,5.872756e-07
2.4092442e-06,1.3890501e-05,0.005838802,0.09187635,0.2089461,0.2913948,0.22616178,0.059939794,0.03222298,0.027142588,0.014759549,0.0018496204,0.03941143,3.2382242e-05,7.992696e-06,0.0002047607,0.00018452607,6.431367e-07,9.032466e-06,4.0724066e-07,1.7946779e-07
4.3942987e-07,2.2246754e-06,3.5265284e-06,0.0057586585,0.00091735105,0.015396087,0.10444393,0.19368756,0.12850212,0.173624,0.1335316,0.03880403,0.10067339,0.08082709,0.0037620442,0.00814157,0.011611551,1.9402962e-06,0.00031004284,5.495451e-07,2.660452e-07
7.622111e-08,2.599695e-07,5.304369e-07,0.0015906258,0.00025621062,0.012988056,0.056308888,0.13747531,0.07774957,0.16418514,0.25616816,0.046209965,0.08004219,0.07527208,0.05017843,0.0020560499,0.0394021,1.5681846e-06,0.00011428253,3.9808899e-07,6.0135875e-08
2.8185417e-07,1.2755875e-06,1.6985141e-05,0.03365682,0.011409714,0.7416626,0.1325068,0.04338785,0.020667946,0.010688511,0.004669994,0.00045414947,0.0006165289,5.249511e-06,8.582776e-05,3.7106704e-05,0.00013164092,6.321325e-08,6.6781433e-07,3.8467913e-09,2.1555806e-08
0.002298195,0.0012384006,0.53500235,0.22269604,0.17543289,0.03736191,0.010691771,0.0067066615,0.004644844,0.00053835474,0.0028947159,6.169439e-06,0.00017089471,8.008757e-05,7.761106e-08,0.00016192583,4.131978e-05,1.2615685e-07,2.951246e-05,1.017803e-07,3.6413926e-06
4.3787978e-07,7.3331094e-08,1.5576647e-07,0.00014458326,0.0042220512,0.007275564,0.33951095,0.19173864,0.39234343,0.0064787217,0.045799635,0.012268672,4.5517965e-07,3.3891513e-06,1.7990768e-09,0.00017267383,4.0585066e-05,1.676022e-09,6.0378675e-09,6.8427715e-11,5.0556295e-11
1.236015e-05,2.7111075e-06,8.312288e-06,0.13059524,0.0014706402,0.01645189,0.29456893,0.09738479,0.34493983,0.08660232,0.022923348,0.0005655739,2.1871492e-05,2.0190144e-05,3.1460498e-08,0.0013891903,0.0030401824,6.047745e-08,2.5021407e-06,1.6462174e-09,6.388879e-08
2.9758075e-07,9.4896514e-08,1.536042e-07,0.001156839,2.128817e-06,0.004932242,0.035872284,0.039856758,0.33426112,0.16694275,0.10086925,0.26861927,0.0076649627,0.0038477546,0.0032638062,0.01620242,0.00015791062,0.0042763655,0.012043382,4.519751e-08,3.0208106e-05
1.4864908e-07,1.9189822e-07,1.8297615e-07,2.6183443e-07,1.7916177e-07,1.9749397e-05,0.0026035763,0.007903686,0.5053624,0.2841891,0.13081308,0.016392238,0.019491632,0.0028738875,0.006992885,0.000991383,2.744784e-05,0.02227264,4.6897007e-05,2.8473393e-08,1.84046e-05
1.390318e-07,4.0764526e-06,0.00015769903,0.0037814325,0.03384144,0.07916874,0.113702595,0.033706546,0.024960326,0.048984706,0.09215394,0.01352355,0.5553482,0.00040852284,5.1058854e-05,4.5274828e-05,0.00015747872,4.6352593e-09,3.9872807e-06,1.8414785e-07,1.3764567e-08
7.38072e-05,9.4127114e-05,3.816249e-05,0.012535024,0.00031084396,0.01411733,0.09961263,0.0660906,0.15076552,0.10157838,0.056775417,0.036353055,0.025344022,0.10965553,0.21599495,0.009075035,0.076592624,0.0035979422,0.021190178,1.8564519e-05,0.00018630878
1.1933787e-06,1.6554783e-05,4.354589e-05,0.028544636,0.014783356,0.1598836,0.094526246,0.07886711,0.12492667,0.17524394,0.22099704,0.0024005945,0.079532534,0.010692937,0.0073731807,5.3301363e-05,0.0020719073,4.5117705e-09,4.1536485e-05,4.749312e-08,5.6068156e-08
0.08985985,0.3496196,0.2471449,0.19540223,0.039453022,0.016421782,0.014918492,0.008035927,0.0038628508,0.00089201244,0.030280996,0.0019603567,0.0006772741,0.00021994741,1.6660075e-05,0.000982611,9.039963e-05,1.4714353e-06,5.7935158e-05,6.932608e-05,3.2313685e-05
9.2841816e-07,1.911489e-06,3.544739e-05,0.08203826,0.046613958,0.26142427,0.4682118,0.09146,0.03397855,0.011511563,0.0045759385,2.9216959e-05,2.7292741e-05,1.0710495e-06,6.148261e-09,9.288469e-07,8.8758155e-05,5.4801906e-11,7.548984e-08,4.0374648e-11,6.0781585e-10
3.7184254e-08,2.3217265e-08,2.1743023e-08,1.0848105e-07,2.220672e-06,2.0111322e-05,0.008521962,0.023253921,0.09885094,0.01639121,0.8202193,0.032408867,3.6915215e-05,1.2791034e-05,8.8788636e-07,0.00026431258,1.25002125e-05,3.7622e-06,1.1545513e-07,1.5905193e-09,1.1678065e-09
2.7563394e-06,1.55546e-06,3.0254541e-06,0.00012443503,0.00042223846,0.0041588163,0.078878775,0.12262315,0.31202415,0.09959523,0.14486094,0.060370866,0.0006983752,0.0006503423,9.007766e-05,0.17378464,0.0016577294,4.326423e-05,8.6595655e-06,3.8048384e-07,6.1355786e-07
5.13005e-07,6.112174e-07,1.2259892e-06,0.0009807596,0.010275625,0.08990584,0.46126866,0.19196841,0.19397129,0.018362887,0.018202618,0.009914697,2.8199285e-05,0.00014452465,1.2117938e-06,0.004656994,0.00031559842,2.1036293e-08,2.8891694e-07,4.8950297e-09,5.945703e-09
5.2900097e-05,0.00046651973,0.035132024,0.29672685,0.15838313,0.09918801,0.14558229,0.121281706,0.049874645,0.03268053,0.04584653,0.004920375,0.0061334562,0.00066734094,1.1879819e-06,0.0027412167,5.880124e-05,7.3566895e-09,0.00025871437,3.1443353e-06,6.2631506e-07
2.0378038e-06,1.1096504e-05,0.0043570953,0.36782533,0.27358228,0.15094586,0.09469794,0.06536918,0.007213637,0.018606383,0.016171824,3.646038e-05,0.0011705527,2.9002774e-06,3.0986474e-08,7.815616e-07,5.052297e-06,7.355224e-11,1.4700036e-06,1.0376173e-09,2.503819e-09
6.545921e-08,6.51312e-07,6.3237593e-07,0.0007669996,0.0023312971,0.17865355,0.23182942,0.4250275,0.05806421,0.08425158,0.0077063856,0.0015613202,0.0025012898,0.0032043129,0.0003697328,9.031549e-05,0.0036124957,9.48913e-09,2.786707e-05,3.7021982e-07,5.6189613e-09
1.4592388e-06,3.4634155e-05,0.0005040388,0.094430424,0.073278114,0.08475575,0.04388876,0.011716976,0.24131902,0.10097283,0.34367844,0.00059851474,0.004208628,0.00053335546,3.6086758e-06,7.2605263e-07,3.123774e-05,5.2135057e-11,4.3479256e-05,1.8382948e-08,8.315716e-10
9.407445e-06,2.3634824e-05,0.012539093,0.60773313,0.18001662,0.0816212,0.06415618,0.029229572,0.009859065,0.009093005,0.005101438,6.827488e-05,0.00019555868,9.2879505e-05,3.01192e-08,1.9632116e-05,5.4352736e-06,3.233633e-10,0.00023583388,7.288819e-09,3.0443505e-08
1.3583528e-07,7.1774883e-07,1.5990083e-05,0.0005302898,0.010181463,0.011964627,0.07346919,0.019017428,0.050582457,0.08812321,0.5157859,0.21774353,0.01171141,0.000113783935,1.5134415e-05,7.12275e-06,0.0007101944,1.5365401e-07,1.0565927e-05,1.6663073e-05,2.741309e-09
0.0008662168,0.000813014,0.32135507,0.30831307,0.26381743,0.06294605,0.016624607,0.0113349315,0.0076654707,0.0013713659,0.0035918416,1.6781523e-05,0.0008400755,9.3427705e-05,3.0505674e-07,0.00020644344,0.00010017329,2.0725359e-07,3.7930076e-05,2.2870888e-07,5.3570107e-06
9.731373e-05,0.00021457976,0.029904911,0.17669386,0.33916,0.18115886,0.04928481,0.0569357,0.035054497,0.04111414,0.06144976,0.0005447138,0.024369987,0.0016156108,0.0001674059,0.00097633735,0.00059288746,6.357415e-06,0.00064798555,2.0538166e-06,8.200426e-06
5.316097e-07,5.804524e-07,2.0229004e-06,0.00094898336,0.060565643,0.16200355,0.45944688,0.22954433,0.06863038,0.0050276634,0.008949678,0.0045489687,6.8411264e-06,9.415493e-05,2.2299355e-07,0.00017763437,5.1729563e-05,2.8473992e-09,1.5585313e-07,1.5095564e-09,4.0973128e-10
1.8267221e-07,1.8193431e-06,0.00016377766,0.0068816626,0.107589535,0.068947315,0.06888212,0.05394349,0.019294187,0.19027981,0.46435368,0.014253242,0.0053228005,1.1965187e-05,8.395185e-07,1.6106101e-06,6.5587614e-05,3.8324246e-09,5.998221e-06,3.3122558e-07,5.997453e-10
5.022885e-07,2.0630841e-06,0.00046994982,0.00545551,0.014545011,0.038202465,0.098805025,0.12559588,0.018076587,0.28734818,0.2213125,0.0013510807,0.18497363,0.0029262658,0.00023656638,0.00017263215,0.00020553863,5.0138087e-08,0.0003203644,1.4116932e-07,3.8217543e-08
4.7245594e-06,8.94922e-05,0.0011300889,0.046599027,0.2409244,0.17930245,0.07001621,0.07141908,0.20255226,0.010770755,0.14628674,0.00023746159,0.029480945,0.00011111318,0.0004389271,0.00036916908,0.00025549412,1.8527002e-09,1.1275262e-05,9.011284e-08,1.9068466e-07
6.7489236e-06,6.291213e-05,0.0012672492,0.029514924,0.11762996,0.30825406,0.12956789,0.10425918,0.088312395,0.057588268,0.04169914,0.0025595012,0.11170243,0.00015307116,0.0015039336,0.00419741,0.0016851252,1.2971136e-06,2.7832764e-05,3.1268983e-06,3.4996563e-06
3.3800088e-06,1.3864374e-06,2.1821395e-06,8.5209846e-05,0.0006954608,0.0029011397,0.08347049,0.14339574,0.27990055,0.05765468,0.23975618,0.106939755,0.00026279368,0.00024964826,1.6151762e-05,0.08326058,0.0013967972,5.880449e-06,1.8789489e-06,1.05713305e-07,1.0230453e-07
0.00035290542,0.011292736,0.047899395,0.23238088,0.04968138,0.07900107,0.16442113,0.05143067,0.06548385,0.008325,0.059736174,0.20181271,0.02621644,0.0007691905,3.2250966e-06,0.0009839209,1.8376337e-05,3.6310908e-08,1.6910935e-05,0.00017361197,3.2046208e-07
1.2950915e-07,9.89472e-08,7.717927e-07,0.0034454847,0.03701192,0.11069548,0.6077813,0.12038477,0.11585955,0.003293061,0.00129313,0.00021311588,3.711995e-07,4.0684563e-06,1.0553295e-09,6.897452e-06,9.725612e-06,4.848221e-10,1.3433265e-07,3.284626e-11,2.1998459e-11
1.8929818e-06,2.2719478e-05,0.001510901,0.040846225,0.10245613,0.09124757,0.18010893,0.10664698,0.096522935,0.21903688,0.03425441,0.025850555,0.074462846,0.02387893,2.2176044e-05,0.00091169984,0.00021197947,2.1809894e-08,0.0020042444,1.6939217e-06,3.321677e-07
0.09269746,0.20441903,0.32918143,0.19204733,0.08126645,0.020762218,0.01902462,0.010404343,0.005438698,0.00069309253,0.04116287,0.0005782321,0.00019240628,0.00038338383,7.0043593e-06,0.0014042407,0.00015396012,1.154268e-06,0.00013406566,2.2066664e-05,2.6007807e-05
1.3969418e-06,7.211409e-07,1.0968279e-06,1.5676962e-05,0.00013981268,0.00063803175,0.03802941,0.07233866,0.21914479,0.067639306,0.48874152,0.07425116,0.00033667314,0.00012222832,1.980669e-05,0.037846517,0.00071875093,1.2486873e-05,1.8151018e-06,8.3601364e-08,8.449282e-08
1.4081294e-09,8.4984386e-10,3.2492706e-09,4.903378e-08,1.1956807e-07,3.8741778e-06,0.007889373,0.00014976296,0.0062722727,0.0127461925,0.61174536,0.2218627,0.08935117,0.0036555903,0.00044842673,0.027146347,0.0061110687,0.012474014,7.360954e-08,0.0001435316,5.4622724e-08
0.0024755711,0.0015159165,0.4179619,0.27755916,0.22855707,0.045588665,0.011612322,0.0066145044,0.0039867046,0.0006467257,0.0029923988,9.642072e-06,0.00023523935,7.096797e-05,1.9112468e-07,7.976838e-05,4.2740452e-05,2.475546e-07,4.5471123e-05,1.5971519e-07,4.6320906e-06
7.259558e-06,5.3180665e-05,0.011476879,0.22292796,0.20890824,0.14419171,0.12844561,0.12889472,0.010025977,0.047384646,0.077985525,0.00029839278,0.019311104,4.4799617e-05,1.0611628e-06,1.4548203e-05,1.7609389e-05,1.0733741e-09,1.0724063e-05,2.4360272e-08,4.421588e-08
4.730732e-07,8.4289786e-07,8.404593e-07,0.020243555,0.00012782519,0.10552924,0.08109595,0.12556781,0.22219406,0.113213375,0.11764018,0.009935457,0.0004979968,0.00676526,0.16548887,0.030541355,0.0008714145,0.00018028838,9.298944e-05,5.730727e-08,1.2233085e-05
0.42645368,0.4601474,0.09374305,0.00794198,0.0043822043,0.0016958456,0.0011111731,0.0008428364,0.00037550137,7.9491394e-05,0.0021026637,0.000126365,8.9711466e-05,9.4076895e-05,7.6286415e-05,0.0004026498,0.00011290735,2.2603122e-05,4.5607863e-05,9.6757576e-05,5.7117686e-05
4.0289968e-05,0.00047197656,0.03390298,0.42952588,0.29568568,0.07164683,0.036754612,0.074798934,0.00475789,0.008702373,0.04331059,7.298047e-05,0.0003198648,1.1289345e-06,3.286676e-08,1.4273152e-06,4.8372603e-06,2.7156882e-10,1.7054841e-06,1.203599e-08,1.823521e-08
9.646999e-06,3.5028883e-05,0.027149705,0.12997553,0.34580562,0.25500348,0.11675218,0.04390081,0.024957372,0.011738083,0.012174609,0.00021264963,0.03184142,3.414712e-05,5.4741945e-06,0.000168672,0.00021960426,1.4405933e-07,1.5157608e-05,2.86073e-07,3.7290675e-07
8.132251e-07,3.295271e-06,8.25539e-06,0.009130606,0.00092246017,0.010031878,0.032230407,0.0058630663,0.21917239,0.054490622,0.6509557,0.0008517193,0.0041873567,0.008730101,0.00031232732,4.6451805e-06,0.00083565345,1.2446812e-08,0.0022682718,4.4123422e-07,9.141121e-09
1.37927755e-05,1.2179072e-05,5.5410515e-06,0.036741227,0.0001950163,0.025246657,0.22336736,0.06253702,0.35415232,0.13571453,0.029732253,0.0022186297,0.009526242,0.004415501,0.00070024224,0.00030033436,0.11439888,2.816788e-06,0.00071786286,3.740588e-08,1.4893499e-06
2.613211e-06,3.1731388e-06,2.8801289e-05,0.10095533,0.0050743474,0.1590102,0.2893951,0.086512655,0.12951037,0.1833248,0.037937213,0.0023602173,0.00073995173,7.228287e-05,1.5855741e-05,0.00013154245,0.004916264,2.793282e-07,8.868693e-06,2.8138304e-08,1.2241293e-07
2.0919408e-08,3.2441159e-09,5.301981e-09,4.6189525e-05,5.4928627e-05,0.035747547,0.30343196,0.13017344,0.4572033,0.06586459,0.0040545193,0.00330806,7.196459e-07,2.0116895e-05,4.5962912e-07,4.0351122e-05,5.3421187e-05,2.2534104e-07,7.9729254e-08,2.7917769e-11,2.5580563e-10
1.2405995e-07,1.7752416e-06,7.3550573e-06,0.034151457,0.009255906,0.30998805,0.21823773,0.25725213,0.12558535,0.012239406,0.029906174,0.0014952499,0.0011487489,1.1627899e-05,0.00045232975,8.529083e-05,0.00018048269,6.0107355e-09,7.180591e-07,3.2106695e-09,2.0930964e-08
2.9243907e-05,2.969626e-06,4.9349005e-06,0.040442456,0.0001511191,0.007906901,0.17100106,0.080517456,0.3793354,0.26707152,0.026194843,0.0041257516,6.7678935e-05,6.9182875e-05,5.0761884e-07,0.0010450713,0.021996887,5.600695e-06,3.0434849e-05,1.0737143e-08,9.778322e-07
1.5984069e-06,9.1329844e-07,1.7598329e-06,0.0011463236,1.3644709e-05,0.006866794,0.028286345,0.028313557,0.5331127,0.19080482,0.10092248,0.07312776,0.0024233442,0.004711413,0.00020436206,0.011823341,0.00016530698,0.002929072,0.015098755,1.2675594e-07,4.5608842e-05
0.00031851916,0.0020307116,0.18456112,0.45238614,0.2579189,0.06883935,0.0152334245,0.007659072,0.0058189384,0.00066525594,0.0034148842,2.6664397e-05,0.0010147145,9.660779e-06,1.3995208e-07,5.282195e-05,4.28568e-05,1.29686e-08,5.139165e-06,2.0503052e-07,1.4809945e-06
0.00024902154,0.0004623466,0.10180672,0.36440048,0.36042893,0.076884985,0.028773893,0.031248922,0.020473383,0.0033219818,0.004486427,5.190062e-05,0.0050091017,0.00026324953,4.377741e-07,0.0014704481,0.00064673374,1.268709e-07,1.624498e-05,4.4711825e-07,4.2520833e-06
8.547194e-06,9.0908986e-07,1.9330157e-06,0.050403655,0.00037504468,0.0066740327,0.24897477,0.0792868,0.4717912,0.11340463,0.017334085,0.00034756114,7.5508397e-06,4.9824635e-06,5.1970024e-09,0.00023317721,0.011149913,3.8791327e-08,1.1236922e-06,1.8492165e-10,2.6942482e-08
9.715911e-07,9.038622e-07,5.337466e-06,0.0034098476,0.10686953,0.13739763,0.425154,0.2328491,0.078165166,0.0046086735,0.008531672,0.0025170112,6.826775e-06,0.00020392021,7.665344e-08,0.00024352274,3.4771605e-05,3.275361e-09,9.3608685e-07,1.6492687e-09,4.769612e-10
3.2263569e-07,4.64087e-07,3.7130962e-07,0.01110878,5.757536e-05,0.03345195,0.044869125,0.15281247,0.31689337,0.05673568,0.18101557,0.0057312767,0.0005928633,0.0054541887,0.14997265,0.039589103,0.0016273039,2.2097438e-05,6.1200924e-05,2.3691392e-08,3.6116585e-06
3.4262547e-07,1.255413e-06,3.6532253e-06,0.0012946251,0.0054468345,0.04524157,0.15106843,0.22935191,0.21744065,0.24746948,0.00800549,0.015369712,0.010921469,0.02809916,0.0047830497,0.002937683,0.020701813,1.2009256e-05,0.011810726,4.0069204e-05,1.5449821e-07
1.6010844e-06,1.1155092e-06,4.503896e-06,0.004233076,0.00018277287,0.0043628104,0.033988517,0.040219564,0.09687668,0.105862714,0.0296752,0.006534627,0.007622145,0.00462437,0.00011227637,0.65500104,0.00060061575,3.1619933e-05,0.010061491,3.5265904e-07,2.797165e-06
3.4185842e-07,8.7082503e-07,2.021979e-06,0.002759275,0.032006204,0.10754265,0.4598823,0.19779763,0.16987889,0.007880796,0.013474027,0.003920881,3.0414194e-05,0.00019808991,3.5448497e-07,0.004544911,7.986645e-05,2.472861e-09,4.795371e-07,2.6761218e-09,2.492608e-09
4.636628e-06,1.2588496e-06,2.9876342e-06,1.7882452e-05,8.849295e-07,0.00020234362,0.0014337404,0.002723339,0.0063165226,0.06273175,0.02281826,0.01555829,0.041968998,0.27275783,0.06764703,0.004013875,6.794123e-06,0.17196515,0.32643065,6.49802e-08,0.0033976964
2.0705357e-08,2.612405e-08,6.187884e-08,0.035178777,0.0005742843,0.028107185,0.40292436,0.104710005,0.37851802,0.017923733,0.025381554,5.3253993e-06,3.8080445e-06,1.617834e-06,2.1055079e-10,6.6950546e-05,0.006604194,1.5248867e-12,7.655615e-09,3.487941e-14,3.2903378e-11
2.39853e-05,0.0005186181,0.07565666,0.5178104,0.3243109,0.062402043,0.011439575,0.00289305,0.0028381434,0.00018078624,0.0016879147,6.4278374e-06,0.0002259398,2.3779768e-07,2.2389401e-09,1.405163e-06,3.667508e-06,7.558672e-11,2.3164667e-07,7.183162e-09,2.1792726e-08
0.7365626,0.121433236,0.12561488,0.0054471674,0.0020356635,0.0006173038,0.0007013779,0.0005574033,0.00044757058,0.00015861863,0.005099556,0.00050045975,0.00014801556,7.3853065e-05,0.00013718699,0.00027749638,5.3154203e-05,1.7197106e-05,1.4546663e-05,8.778561e-05,1.4948301e-05
3.9032366e-05,1.8006423e-05,3.2296568e-05,0.04787597,0.00076657615,0.017421296,0.11561694,0.09549782,0.1813516,0.14488931,0.07089113,0.008865301,0.007485744,0.017016621,0.0002375102,0.22184896,0.06752927,7.700613e-05,0.0025147544,1.2019145e-06,2.3685798e-05
9.54883e-07,3.3704232e-06,1.6506983e-05,0.0009047323,0.0019006724,0.014588564,0.09756912,0.060589112,0.060359064,0.192826,0.23372096,0.06520639,0.15857577,0.02441429,0.08206666,0.0015138084,0.005551869,1.8679406e-05,0.00015810957,1.4419411e-05,8.9712637e-07
3.9328793e-07,3.0635504e-06,2.3923765e-05,0.00023032344,0.0057684905,0.00596499,0.09481721,0.038626213,0.045100335,0.04484417,0.4807351,0.15172136,0.116906725,0.008413235,0.004419073,0.00030244043,0.0020563675,7.886324e-06,1.536624e-05,4.3239073e-05,1.1449294e-07
2.575288e-07,9.668697e-07,1.4404407e-06,0.0007999706,0.0029018475,0.011634729,0.090362854,0.25106284,0.41014096,0.030615438,0.016933322,0.0061135013,0.0031026395,0.052952714,0.00030611246,0.118485875,0.0022791116,1.0716628e-05,0.0022933502,1.1330737e-06,1.4100047e-07
2.5228758e-06,1.6766722e-06,4.675456e-06,0.002189077,0.00033952796,0.041234322,0.048609503,0.16459253,0.24418823,0.2187002,0.03752706,0.017094444,0.011251591,0.06953687,0.017149484,0.093185775,0.0024574143,0.0026230707,0.02930775,3.0497176e-06,1.3002441e-06
6.5588836e-05,0.0002531195,0.10408941,0.38832504,0.34854576,0.08296367,0.028324855,0.022691807,0.016044697,0.0018041085,0.0030824225,3.129565e-05,0.0032268304,4.164391e-05,8.517019e-08,0.0002950157,0.0002093487,9.6862935e-09,4.5464103e-06,1.3898223e-07,6.871573e-07
2.5729356e-08,5.3755663e-08,2.714557e-08,0.0036886728,1.6854023e-06,0.0027483036,0.011116547,0.035727378,0.028969795,0.028464396,0.005589132,0.0005538938,0.00061061064,0.00038478093,0.88054854,0.0014841362,7.740318e-05,1.5320597e-06,3.0347239e-05,2.542978e-09,2.6929727e-06
3.3470849e-06,8.0221245e-05,0.0039176773,0.1466862,0.38072854,0.22104229,0.1346441,0.047547627,0.020174015,0.015539697,0.024260983,0.00054021034,0.0048107854,4.461122e-06,7.57813e-08,9.234703e-07,1.7971346e-05,9.3843676e-11,8.540711e-07,9.477519e-09,7.0117294e-09
6.842147e-07,1.219744e-07,1.0583851e-06,1.1418797e-06,1.7765347e-08,1.0262433e-05,0.00011477306,0.0008551873,0.1729917,0.50569963,0.0017373372,0.0008243981,0.039381973,0.0033590693,0.13357653,0.024349825,4.1813423e-06,0.022949493,0.00021448608,4.9728897e-09,0.09392812
3.4945308e-05,2.1502998e-05,1.2553596e-05,0.025370492,0.00029778417,0.019619564,0.09096017,0.07198779,0.08582295,0.13895462,0.031066261,0.0031098037,0.0028607126,0.01150526,0.0003807396,0.0075598652,0.5098546,2.9198567e-05,0.0005416035,1.2522436e-07,9.428717e-06
0.00015588234,0.00052529376,0.1676089,0.503127,0.25237378,0.056573387,0.01061735,0.004311142,0.0029054065,0.00031544687,0.0012648682,4.3307423e-06,0.00019567675,1.960376e-06,1.6745021e-08,5.719655e-06,1.1731428e-05,2.1561393e-09,1.9588476e-06,1.9033097e-08,1.9348954e-07
0.003698018,0.014478104,0.19726355,0.42859873,0.18198472,0.04511202,0.031210508,0.046977635,0.0037386536,0.003527035,0.04281228,9.405412e-05,0.00042097917,9.927725e-06,1.0853317e-06,2.5516465e-05,3.367011e-05,3.427977e-08,1.1224564e-05,5.2497427e-07,1.6957016e-06
3.760107e-06,5.2732107e-06,1.6227892e-05,0.0010299972,0.06414365,0.10847683,0.25866982,0.31946194,0.11652637,0.01880781,0.04885125,0.039016135,0.0003290374,0.01592273,0.0002027014,0.007488395,0.0010152624,2.5467548e-06,2.935184e-05,8.173374e-07,4.9765077e-08
1.6591358e-08,8.337684e-08,1.8648998e-07,0.013900065,0.00014331292,0.5083199,0.3746406,0.031029234,0.0522039,0.0120894285,0.0011290525,8.335487e-05,0.00037844232,6.4617598e-06,0.0058361203,5.0849343e-05,0.00018836034,3.9411385e-09,6.205405e-07,5.2044635e-10,1.4604476e-08
0.0029519508,0.01938281,0.15952085,0.32703552,0.15461366,0.055363297,0.08385286,0.057499107,0.030058406,0.0066696643,0.090663284,0.004887093,0.0022985386,0.0008949013,4.5213583e-06,0.0039396468,0.00012831461,1.3534529e-07,0.0002099331,1.7268716e-05,8.236279e-06
2.7020306e-07,4.015329e-06,0.00013513112,0.0121838525,0.15592624,0.18811642,0.30743665,0.09609765,0.062290724,0.11754652,0.013735898,0.023910193,0.020465275,0.0019398949,5.929978e-06,0.0001410246,4.4540375e-05,1.1459702e-09,1.9662548e-05,7.913363e-08,1.530936e-08
2.0956533e-05,2.6774433e-05,0.041233804,0.3007614,0.38121927,0.15425347,0.05388846,0.031217143,0.01572315,0.006853425,0.003003901,3.2798027e-05,0.011081965,9.078827e-05,4.136418e-07,0.00025867636,0.00032637306,6.345563e-08,6.7819337e-06,5.0739235e-08,3.521138e-07
2.7578752e-08,3.062395e-07,5.206032e-07,2.874435e-05,1.971193e-05,0.0030173697,0.013480607,0.008533762,0.025118252,0.026020149,0.84420335,0.029591884,0.01393006,0.0031727077,0.03268479,6.6215835e-05,3.880175e-05,1.6702872e-08,4.358832e-06,8.839904e-05,1.2270712e-09
3.0312842e-06,1.6723054e-05,0.005814369,0.06589345,0.19539167,0.2586669,0.22259595,0.069360614,0.036490474,0.027456513,0.012824472,0.0013180472,0.102964275,5.129836e-05,2.0827327e-05,0.00058056,0.000538408,5.972631e-07,1.0695988e-05,7.2230534e-07,3.7426278e-07
6.759014e-07,9.179845e-07,1.148191e-06,0.00011741072,0.00070610177,0.0019854438,0.07597093,0.07822263,0.27757373,0.02666707,0.16827376,0.021886729,0.00030409417,0.000502692,1.1915053e-05,0.34742194,0.0003418201,3.9278784e-06,6.874301e-06,8.265658e-08,7.6436244e-08
1.5078945e-05,0.00014379458,0.0020507774,0.040513985,0.16908585,0.3954531,0.08933172,0.071345925,0.09925655,0.029714415,0.041830525,0.0008142188,0.05579294,0.0001217793,0.0015452366,0.0018524793,0.0010953576,3.3746946e-07,3.0548104e-05,1.6155476e-06,3.7614154e-06
5.9802323e-07,1.2797677e-06,0.00017744585,0.010416358,0.019480024,0.03248781,0.13058038,0.061643165,0.025623294,0.053568374,0.011386265,0.0048627974,0.6256727,0.0011348332,0.00013034393,0.017356033,0.005431933,2.174169e-05,2.1034759e-05,2.4460192e-06,1.1651717e-06
7.708083e-07,1.1005078e-05,0.00029955796,0.051044617,0.08492608,0.24824822,0.2866602,0.07236736,0.061336257,0.05288053,0.060379837,0.002602662,0.07851038,0.00014496829,5.5897644e-06,4.6581034e-05,0.00053168583,1.4100643e-09,3.661769e-06,2.5389282e-08,2.7708177e-08
0.0003711689,0.0026173485,0.06728391,0.21543248,0.16034576,0.06567037,0.15641819,0.12903945,0.07726714,0.0179176,0.081582755,0.0053367657,0.0029693537,0.002692495,2.5271718e-06,0.014506295,0.00016548249,4.2061505e-08,0.0003686782,9.293634e-06,2.8567952e-06
9.2847137e-07,4.8443667e-07,1.7254099e-06,0.013202587,8.533046e-05,0.020434001,0.09249926,0.13686132,0.17060259,0.24835825,0.09113268,0.15544952,0.0073923175,0.002852207,0.000917063,0.05669868,0.0017111992,0.0001291237,0.001668725,3.4412957e-07,1.6153388e-06
0.00029191977,0.0006361164,0.24648829,0.35726178,0.26782218,0.0696434,0.022893783,0.014790989,0.011799649,0.0018337755,0.0043864413,3.075838e-05,0.0016288004,7.378172e-05,2.0035903e-07,0.00027368095,0.000118949334,6.1615744e-08,2.2041218e-05,2.605664e-07,3.1238294e-06
3.197093e-06,2.3605393e-05,0.0010157337,0.15074566,0.25699157,0.30808416,0.20159547,0.04612597,0.01888634,0.009857587,0.0058438694,6.248466e-05,0.000733932,1.8626066e-06,2.81102e-08,4.388327e-07,2.7741498e-05,4.7321508e-11,3.582625e-07,7.8659684e-10,3.6669867e-09
0.00011588674,0.00012496256,0.14860243,0.34493646,0.35635343,0.113127716,0.018227484,0.009169453,0.0050460338,0.0016497362,0.0019212039,7.756512e-06,0.00064269436,1.3634618e-05,1.876554e-07,1.8596596e-05,2.9926485e-05,5.3865385e-08,1.1898769e-05,3.331605e-08,4.3700402e-07
0.0014342017,0.0037262389,0.08485913,0.5545796,0.27560344,0.058907088,0.011039945,0.004916075,0.0026536188,0.00029297516,0.0017942667,1.0653382e-05,0.00014203587,4.997875e-06,1.6410044e-07,4.1107005e-06,2.5176292e-05,2.0335067e-08,5.5291052e-06,1.1211317e-07,6.0843274e-07
2.2516066e-05,0.0002104092,0.014894998,0.17791414,0.3347642,0.10224585,0.045361817,0.16474293,0.007594862,0.041165717,0.11002482,0.00029617592,0.00072702125,4.7290578e-06,2.8211025e-07,7.032239e-06,1.6835054e-05,2.7377323e-09,5.5366067e-06,7.165618e-08,2.6424011e-08
0.00017505062,0.00051467464,0.20579225,0.4452155,0.25831473,0.063734435,0.012715859,0.006451562,0.004391639,0.0005431084,0.0016855797,7.201075e-06,0.0004010965,5.8777155e-06,2.7921262e-08,2.3242914e-05,2.4327814e-05,5.3183467e-09,3.3458862e-06,3.6767457e-08,4.3314e-07
6.0425523e-06,0.00014498323,0.031522397,0.28137985,0.37703487,0.20389456,0.051155664,0.019214379,0.026270168,0.00061788555,0.0027465415,0.00012458897,0.00561256,4.2652946e-06,1.1587512e-08,7.379914e-05,0.00019689646,3.2368905e-10,3.2693964e-07,1.350545e-07,2.609902e-08
9.584517e-07,8.0978e-06,0.0008968835,0.0363137,0.02674672,0.09742029,0.22942202,0.15394431,0.14551343,0.18565562,0.02013645,0.021991875,0.011241066,0.007172268,1.0262661e-06,0.063111365,0.00023730847,3.835081e-09,0.00017022186,1.632291e-05,4.7921535e-08
0.0002126123,0.00030724867,0.11950619,0.37212348,0.35817632,0.10124182,0.022334373,0.011959903,0.005956477,0.0021807605,0.0048820176,2.7019967e-05,0.0009245914,4.0850202e-05,7.7583e-07,3.3079545e-05,4.9341856e-05,1.5938677e-07,4.160873e-05,1.3095854e-07,1.259234e-06
1.060426e-06,3.0926195e-08,2.706843e-07,3.434416e-05,1.1784844e-06,1.9776286e-05,0.0008826205,0.00096471625,0.0014823745,0.0065611866,0.02014074,0.0031170526,0.013538989,0.0045646415,0.004149221,0.8490613,0.0008289361,0.088777155,0.0025196592,4.3478065e-07,0.0033542903
1.7004333e-05,5.9871694e-05,0.00035402205,0.044841617,0.17278382,0.5973197,0.10364494,0.04793933,0.023480901,0.0025580483,0.006767861,3.6997208e-05,7.084835e-05,8.30719e-06,2.6335006e-06,1.2748915e-05,0.000100796875,3.4470848e-09,4.323061e-07,4.321486e-09,3.2765534e-08
2.2827141e-06,4.6738234e-07,8.1933865e-07,3.97941e-05,0.007428862,0.0027255584,0.14207448,0.33967823,0.14610124,0.0041922447,0.22829202,0.12903962,1.8000429e-06,9.453249e-05,4.708129e-08,0.00030367562,2.4219766e-05,8.5281506e-08,1.0048914e-07,4.326605e-09,1.7139934e-10
1.4208138e-06,8.058548e-05,0.0023654308,0.048727587,0.28169888,0.10362762,0.0972512,0.03981085,0.047692284,0.013675559,0.3520563,0.011965607,0.0010289681,5.8968135e-06,1.3625326e-08,4.9111463e-07,9.899217e-06,1.2885923e-10,1.2611623e-06,1.8409722e-07,3.53256e-10
6.796532e-07,4.5666502e-07,1.8815357e-06,0.041180044,0.0005373642,0.009806356,0.10528737,0.12792554,0.4175081,0.11610284,0.016939813,0.00084447593,0.00030868416,0.00022056812,2.1642379e-07,0.16300207,0.0002332795,1.7609699e-07,9.99912e-05,5.938118e-09,3.142166e-08
1.6403135e-08,1.6123684e-08,6.1943176e-08,8.035169e-06,1.9884126e-05,0.0007461599,0.008566334,0.021699395,0.008654256,0.059891157,0.019902274,0.0049013575,0.0749593,0.057277538,0.7203495,0.0005204402,0.020925164,0.000397172,0.0011799474,1.9404654e-06,4.143024e-08
1.1752105e-06,1.198114e-06,3.003399e-06,8.316989e-06,1.8354778e-05,0.00017149553,0.013404053,0.020490428,0.2304116,0.1337494,0.48261148,0.020796746,0.023920301,0.0018572494,0.0026335395,0.067406915,0.00071432727,0.0015937635,0.00020191952,3.7097547e-07,4.4058356e-06
1.5751676e-06,9.968187e-07,1.7271725e-06,0.00089775183,0.0017644021,0.016156983,0.17540146,0.15611416,0.37095964,0.03898338,0.07117721,0.024195788,0.00012203859,0.00047397593,8.168306e-06,0.1427606,0.0009762189,1.3078989e-06,2.4723292e-06,5.1432128e-08,1.0933955e-07
1.855548e-07,1.8003147e-06,2.654845e-06,0.00029667444,0.0049211113,0.025593571,0.14415762,0.34225985,0.19089575,0.083061,0.054846566,0.056294248,0.014385373,0.053031564,0.010902737,0.01646172,0.0027878864,3.8677163e-06,8.829821e-05,7.399078e-06,8.4530505e-08
1.2952438e-07,1.3365625e-06,1.0081131e-06,3.512792e-05,0.00041244025,0.010890519,0.06974548,0.13264044,0.09836881,0.0705551,0.10412417,0.029896107,0.013766863,0.01488608,0.43236315,0.008284304,0.0139563875,3.3999542e-05,1.36660265e-05,2.4787381e-05,1.8594444e-07
8.162605e-08,1.6578191e-07,7.705697e-07,0.0060640336,0.0008751153,0.0045870678,0.12775873,0.18621294,0.2335628,0.072771005,0.022761466,0.000992649,0.005159324,0.0018083713,1.2691784e-06,0.33695793,0.00012801262,4.0200955e-08,0.00035819944,7.0308595e-09,7.654201e-09
6.359759e-07,2.8617276e-07,1.3644423e-07,2.534224e-05,6.9734633e-06,0.0019221439,0.03948326,0.04956265,0.39976808,0.49329373,0.0027854901,0.0046193064,0.00063679315,0.00026435414,0.000439254,0.00432065,0.002855203,9.015903e-06,6.489602e-06,6.649573e-09,2.5379072e-07
1.2367984e-07,2.2771427e-07,1.8124252e-06,7.911084e-05,0.0018344807,0.002545721,0.07576479,0.02235091,0.022939589,0.14642593,0.5534247,0.13346617,0.028129855,0.0032194646,0.0026865846,6.589993e-05,0.0068950956,3.393616e-05,3.59951e-05,9.955148e-05,2.1199805e-08
1.4048616e-07,8.021182e-06,0.0007962937,0.029323377,0.3253413,0.09758322,0.12086841,0.039126784,0.047361873,0.026647337,0.30482996,0.0054774527,0.0026237066,3.718621e-06,6.0541083e-09,1.06475916e-07,7.681199e-06,8.775358e-12,5.9635175e-07,1.3398107e-08,5.125345e-11
2.507507e-07,4.6518003e-06,0.0005624879,0.010641809,0.113690086,0.13749358,0.14223921,0.11176071,0.015646946,0.16263314,0.2096552,0.008856908,0.08668198,6.4771026e-05,3.7912866e-06,1.6160604e-05,4.185746e-05,1.6056616e-09,6.3569655e-06,1.8113678e-07,3.4117411e-09
8.1244434e-07,6.6238335e-06,2.4784242e-06,0.026157731,0.0012046963,0.036292423,0.096954614,0.22485313,0.19912994,0.102406025,0.17293316,0.0023102479,0.05273512,0.05846833,0.008250131,0.00019759136,0.017994246,1.106508e-08,0.00010269751,7.3984268e-09,5.6587954e-08
1.8715711e-07,1.0700624e-06,1.9190952e-06,0.02220163,0.0021607971,0.7124259,0.121441156,0.045372147,0.07875888,0.010532144,0.0031899128,1.437715e-05,0.0002499852,7.4425525e-06,0.0033560086,1.3170461e-05,0.00027254468,6.476569e-10,6.70176e-07,2.504046e-10,1.0228528e-08
0.26676875,0.43574387,0.19775452,0.068968154,0.016184004,0.0063382373,0.002318339,0.0014233545,0.00072046026,0.00014122085,0.0027380649,6.3578664e-05,0.00014431952,0.00010209016,1.546042e-05,0.00028046966,0.00013109688,7.3612946e-06,5.4857755e-05,3.293932e-05,6.883973e-05
1.3327348e-09,7.8198035e-09,8.907275e-09,8.116546e-08,1.4529874e-07,4.964132e-07,0.00027526618,0.00011366849,0.011822274,0.0016457599,0.6516094,0.3238965,0.0017739153,0.00045248214,0.0032481365,0.00010568719,0.0048635276,0.00010189838,2.221752e-08,9.074056e-05,6.486849e-10
1.4069722e-06,6.48983e-06,1.8122922e-05,0.031183444,0.007793603,0.65117246,0.09091288,0.110837646,0.04517113,0.024409706,0.023968898,0.0004384566,0.0020932872,7.717679e-05,0.0105445925,0.00030954825,0.0010533442,1.4302843e-07,7.307067e-06,2.5180183e-08,3.000821e-07
2.1360283e-06,4.826704e-07,6.760706e-07,5.630533e-05,0.00074186473,0.0024700612,0.11441022,0.16970672,0.3356686,0.035731114,0.23902352,0.091800205,3.9224848e-05,3.5147248e-05,8.4916405e-07,0.009601556,0.0007107625,3.6317863e-07,1.8179368e-07,9.553082e-09,7.734846e-09
2.924867e-09,5.0057906e-08,3.5231271e-09,4.654204e-06,4.654908e-07,0.0001776852,0.0007369361,0.0010236015,0.0014924451,0.009372599,0.0076302974,4.2462074e-05,0.0010998625,0.0040789335,0.9743192,1.2753804e-05,5.7620314e-06,1.04082624e-10,2.1442431e-06,5.6434666e-09,1.387974e-10
0.12486534,0.24257405,0.3117922,0.16214754,0.07346198,0.017637894,0.015943192,0.008426843,0.00432848,0.0005451883,0.035779193,0.00052795606,0.00016388485,0.00037565653,8.173186e-06,0.0010740521,0.0001655446,1.565025e-06,0.00012791416,2.5174153e-05,2.8168826e-05
9.334012e-08,1.2815133e-06,5.2089894e-07,0.0007813354,0.0012309435,0.2194436,0.2867417,0.21403499,0.065196946,0.18226464,0.014316823,0.00045750255,0.0027805665,0.010819171,0.0012168759,6.250674e-05,0.0006421598,5.335846e-10,8.2127335e-06,4.256571e-08,2.6001874e-09
7.43261e-07,6.499618e-06,0.00018894901,0.005165767,0.069538794,0.15742622,0.16143508,0.06305329,0.042329654,0.2432839,0.15420316,0.016695162,0.085677885,0.0003003853,8.18491e-05,2.2386086e-05,0.000568299,1.0845859e-07,2.0583006e-05,1.3220223e-06,2.7224901e-08
2.0617152e-05,3.737117e-05,0.09792125,0.33138213,0.35436276,0.111601524,0.046432417,0.027398804,0.017053055,0.0041286424,0.004019542,3.264119e-05,0.0052332454,6.2904226e-05,1.1203525e-07,0.0001548949,0.00014881004,1.8225526e-08,8.940838e-06,4.909867e-08,2.8911126e-07
1.920168e-06,1.0474458e-06,2.0818475e-06,0.0030999123,3.6294095e-05,0.011054011,0.039235678,0.045918256,0.48152906,0.2670408,0.06885996,0.026948756,0.002633674,0.0017560985,4.5251298e-05,0.039439727,0.00015865525,0.00033375973,0.011898005,9.243002e-08,6.9443645e-06
3.7567239e-07,7.4888317e-06,0.000346457,0.006047953,0.13925038,0.13918768,0.21121542,0.049100928,0.045231894,0.0837787,0.16448031,0.033267614,0.12778902,9.538459e-05,6.904992e-06,1.3145792e-05,0.0001746979,7.091517e-09,4.723616e-06,8.733062e-07,7.1396977e-09
2.5076654e-06,6.582517e-06,2.621439e-05,0.024285492,0.0036681069,0.49518785,0.10899095,0.09803452,0.03850443,0.11285791,0.035537396,0.00243791,0.007598599,0.00078444445,0.0664401,0.0034862617,0.0020551828,3.156407e-05,5.9226273e-05,3.210111e-07,4.3907685e-06
2.9024104e-06,1.7518503e-05,0.0001508109,0.03751934,0.07417506,0.6575021,0.09235372,0.067437515,0.037738487,0.009385672,0.021922706,0.00013055082,0.0011104929,1.8114273e-05,0.00011654174,8.192428e-05,0.00033462694,1.7620517e-08,1.7674577e-06,1.2437136e-08,9.6800534e-08
1.2432705e-06,5.516596e-07,1.7544749e-06,0.0011218915,2.1750113e-05,0.005683628,0.02654347,0.030581363,0.2984598,0.2573334,0.059601013,0.022514386,0.018080926,0.0057103564,0.00034558983,0.08204434,0.0001098555,0.0006364522,0.19119352,9.763665e-08,1.4526817e-05
1.1290662e-06,1.3747597e-06,9.1148e-06,0.008484106,0.03772008,0.15206224,0.24426857,0.36603823,0.168375,0.014538849,0.0043949075,0.0003777605,1.0376364e-05,0.0022780267,4.735228e-07,0.0003171917,0.00023501932,5.293705e-07,0.0008869731,8.216293e-09,1.285633e-09
6.962866e-07,1.0668622e-06,1.1115194e-06,9.1978445e-06,0.00011753215,0.0012854422,0.049824484,0.092887186,0.4442321,0.047108438,0.31065845,0.014570188,0.003206714,0.0011335044,6.676896e-05,0.03367236,0.0006424462,0.00039611006,0.00018560559,3.5626553e-07,2.2831827e-07
1.4612391e-06,7.3009865e-06,0.00021753763,0.04325488,0.045043908,0.30043378,0.22228542,0.08761851,0.062408928,0.1581616,0.045127843,0.0020447222,0.031390347,0.00021795109,3.2419954e-05,3.514169e-05,0.0017013388,2.739779e-08,1.670441e-05,9.0824805e-08,5.196416e-08
3.052804e-08,2.269469e-08,1.2941397e-06,0.00011690207,0.0002405779,0.04118885,0.037075806,0.0393285,0.073493525,0.58504105,0.007619208,0.00030793776,0.0005925817,0.012606145,0.00052585267,1.63947e-05,0.00043094592,2.336811e-05,0.20139106,1.4376757e-08,1.7224415e-09
3.007854e-08,2.6484795e-08,6.0147207e-09,3.0066037e-06,1.13576725e-07,0.0003051229,0.009631449,0.1749389,0.06924755,0.026008317,0.097171776,0.008108371,0.24685578,0.2927665,0.019379966,0.0063000782,0.04873288,0.00018058445,0.00035333127,9.959272e-06,6.1755604e-06
2.9469905e-07,2.4889234e-06,3.4445242e-05,0.00587013,0.15878613,0.26734424,0.35146463,0.1138955,0.04809621,0.036693234,0.0063644084,0.009290397,0.0015649665,0.0004399328,4.217183e-06,0.00010150149,4.4006203e-05,1.1613482e-09,3.2168512e-06,2.6780643e-08,5.9319967e-09
9.049358e-06,7.1192153e-07,7.521397e-07,0.011149222,2.891539e-05,0.0022127954,0.081883825,0.075454235,0.5796035,0.17693579,0.032778803,0.0020222922,2.929211e-05,2.1613176e-05,8.69049e-08,0.0005268413,0.037326846,1.9284732e-06,1.337008e-05,1.0918543e-09,1.8691554e-07
4.044028e-05,0.00014663502,0.01772374,0.14427023,0.31890145,0.338104,0.06607873,0.039264556,0.023571856,0.020743016,0.015520595,0.00024728655,0.014585533,9.463001e-05,4.903005e-05,0.00029850265,0.000305809,1.0630247e-06,4.9830425e-05,7.7025044e-07,2.3277946e-06
4.762603e-06,7.5264657e-06,1.9148976e-05,7.787709e-05,0.00031053158,0.0023707335,0.053044874,0.07068391,0.3123474,0.16890301,0.153177,0.03249231,0.014560288,0.0041582203,0.0031853004,0.17879641,0.0017976143,0.0037527361,0.0002809955,8.229724e-06,2.1079004e-05
3.5148136e-07,3.843502e-07,2.7685644e-06,0.0042576324,0.054224797,0.18197769,0.5207857,0.16250499,0.06742637,0.006234398,0.0019791203,0.00045853163,5.7739553e-06,4.165264e-05,9.386204e-08,2.6571188e-05,7.15221e-05,3.9370387e-09,1.6682568e-06,9.231805e-10,2.7486413e-10
0.17066033,0.1749152,0.42750922,0.14947024,0.04698128,0.015548802,0.005082007,0.003032814,0.0015237982,0.0002638675,0.0040258113,4.1665593e-05,0.00018095714,0.00015026654,5.1545003e-06,0.000345783,0.00012589325,3.678426e-06,6.596766e-05,9.661048e-06,5.758583e-05
1.3127687e-06,1.2782207e-06,8.6189436e-07,0.00022987401,0.00024147739,0.026028529,0.20453991,0.1674716,0.2940152,0.24917065,0.015079177,0.009294337,0.00080797984,0.0012648167,0.00080845924,0.026112013,0.0049238983,2.2267363e-06,6.0203015e-06,4.9893632e-08,3.1259026e-07
0.2865582,0.51930875,0.13877288,0.03565679,0.009132022,0.004159815,0.0016241458,0.0010253612,0.00052041106,0.00011453487,0.0022365637,7.641639e-05,0.00013575229,8.197766e-05,2.7452636e-05,0.00025462246,0.0001290823,1.1258227e-05,5.2210293e-05,5.370835e-05,6.804682e-05
4.766848e-06,7.978938e-07,1.4514838e-07,0.00033475246,5.808605e-07,0.00016712415,0.009502498,0.009736026,0.05724132,0.036620926,0.00077369856,0.00021380723,0.00021018494,0.00011261413,6.0130533e-06,0.00014425328,0.88470626,2.3268338e-05,0.00020013552,1.1533345e-09,7.72801e-07
1.4425073e-07,4.1099327e-07,3.839422e-07,1.0964676e-05,3.54837e-05,0.00055156683,0.026124418,0.029395934,0.14043643,0.07624681,0.2857304,0.051445283,0.005175365,0.0017406011,0.18943971,0.18620664,0.007301647,0.00014894434,6.838133e-06,1.3756319e-06,6.8365773e-07
3.3314887e-08,6.786651e-08,4.327986e-07,1.5087157e-05,6.6971246e-05,0.0011329445,0.030263558,0.010620057,0.032845717,0.27231917,0.09113024,0.05321424,0.09867064,0.20148748,0.09021412,0.010625382,0.10007554,0.00015203495,0.0018627694,0.0053030704,5.0171536e-07
8.732704e-09,1.270392e-09,2.5949778e-09,1.1380904e-05,2.5937038e-07,0.0078003528,0.017631967,0.015649125,0.03867447,0.026510801,0.0037237096,0.86201423,0.005794502,0.0021640242,0.001361849,0.0002915425,1.1752748e-05,0.012397317,0.0059625413,6.0955037e-09,1.3432584e-07
2.6297377e-07,6.835402e-06,0.0022874877,0.08152843,0.46581072,0.32274196,0.09298368,0.007093518,0.02355581,0.0005057897,0.0020478906,9.105078e-05,0.0013287421,1.5455022e-07,1.5396244e-08,9.466906e-07,1.6665617e-05,4.5973392e-11,4.3983636e-08,5.575948e-09,4.6525003e-10
0.0017329386,0.0026183818,0.297473,0.4113471,0.22252306,0.043114066,0.010207907,0.0049629975,0.0030760823,0.00042662417,0.0021984251,9.87198e-06,0.00021917032,1.6310749e-05,1.2365068e-07,2.734187e-05,2.900463e-05,6.001242e-08,1.49679845e-05,1.4595867e-07,2.4818949e-06
0.07953909,0.053000305,0.5960225,0.15569721,0.0745275,0.021826705,0.0073878733,0.0043086875,0.0022158588,0.00031475388,0.004075464,2.619041e-05,0.00015421772,0.00022421197,1.6468623e-06,0.0004678357,0.00010338926,2.121679e-06,6.746435e-05,3.1614218e-06,3.3834294e-05
1.0686973e-07,6.6911474e-07,1.1633655e-06,0.048330843,0.00068267214,0.4279469,0.23342903,0.16332372,0.067815155,0.028759567,0.014335655,0.0030821208,0.000749881,3.6328205e-05,0.010994512,0.0002807498,0.00022867501,1.627469e-07,2.0606883e-06,5.673982e-09,1.1163298e-07
7.2089257e-10,2.8533089e-08,1.587422e-07,3.5714015e-06,3.6924546e-05,0.0002494491,0.0075886673,0.006061157,0.026118983,0.009097075,0.10456111,0.83060914,0.00869646,0.006668495,0.00010101471,7.641792e-05,0.000114372895,4.329458e-09,9.917434e-07,1.5997533e-05,1.0321894e-10
5.212569e-06,1.1989646e-05,6.428526e-05,0.093815096,0.015023095,0.12309736,0.20184067,0.2031849,0.11047206,0.11368283,0.11062163,0.0026097768,0.007664378,0.0037969474,0.00010238602,0.005448384,0.008517527,2.8706992e-07,4.056385e-05,1.288102e-07,4.5215705e-07
5.0535027e-06,1.5748461e-06,9.3932584e-07,0.00075222965,5.7064728e-05,0.0021381448,0.058859717,0.16573077,0.520688,0.0704971,0.123421505,0.056459337,4.1534247e-05,0.00025530372,3.2855726e-07,0.00068901014,0.00033640864,2.945528e-05,3.624081e-05,2.142393e-08,1.9080615e-07
2.1152794e-06,1.2262151e-06,2.278715e-06,0.0005946394,7.875191e-06,0.002889647,0.021890119,0.014418381,0.43631124,0.18366617,0.15277842,0.06998639,0.006037108,0.011135771,0.0009619007,0.006666963,8.219302e-05,0.009182487,0.08313999,1.5738584e-07,0.00024484936
7.405938e-06,1.1738985e-05,5.0583625e-05,0.027580334,0.0034451736,0.07991038,0.19956106,0.10615547,0.15245767,0.18505758,0.13202496,0.03123444,0.038330175,0.00298641,0.00218291,0.0019904862,0.03673387,8.4023095e-06,0.00026575563,3.166935e-06,2.1092635e-06
1.8399146e-06,6.0417057e-07,8.3830395e-07,0.00014182157,0.0014130767,0.0044802916,0.16297346,0.18679227,0.3787924,0.02284357,0.16322841,0.06614881,2.2714117e-05,9.928701e-05,3.687326e-07,0.012787723,0.0002713146,6.77934e-07,5.087942e-07,1.2434058e-08,8.340066e-09
4.1762152e-05,0.0003363611,0.03474693,0.34548882,0.464793,0.104159884,0.028274471,0.008260956,0.006708074,0.00097101147,0.0052448804,2.8056742e-05,0.0009056957,3.3854692e-06,1.5699608e-07,8.718339e-06,2.4687697e-05,3.862127e-09,2.9875578e-06,3.4845538e-08,1.8151297e-07
0.2896054,0.5195911,0.13895917,0.032361537,0.008594787,0.0040906495,0.0016689331,0.0010735776,0.0005374032,0.00012157191,0.0023667524,8.569338e-05,0.00014522705,9.76029e-05,3.5435394e-05,0.00030939863,0.0001401111,1.4058174e-05,6.0136503e-05,6.251204e-05,7.8888355e-05
3.0995176e-07,5.7833568e-06,1.3778433e-05,0.02355968,0.013218583,0.11914778,0.12341089,0.40452525,0.2013736,0.013185456,0.09448555,0.0009659081,0.004187725,8.2373976e-05,0.0012722197,0.00021688448,0.00034503752,4.6146704e-09,3.0369265e-06,6.4733747e-09,4.752466e-08
6.841307e-05,0.0001153605,0.17558092,0.2846891,0.35218048,0.10706726,0.033769317,0.020321881,0.012831087,0.0038691727,0.00599607,3.1172014e-05,0.0032209863,4.5704113e-05,3.9857292e-07,0.00010094148,8.227893e-05,7.274692e-08,2.826564e-05,9.497484e-08,1.0283022e-06
2.9587758e-07,4.554279e-07,3.5919416e-07,1.3213605e-06,2.3263033e-06,0.000120282,0.006668429,0.017749958,0.067695506,0.07921304,0.097764,0.090132594,0.24783775,0.007283363,0.059798736,0.020546813,0.20654792,0.09837429,0.00021601541,1.8567693e-05,2.8071081e-05
2.7500823e-06,5.8698e-07,1.6031192e-06,0.049291246,5.2283714e-05,0.014300227,0.094846755,0.072577976,0.3329767,0.29053915,0.089712866,0.017909009,0.0010057101,0.00042768245,1.6234457e-05,0.029173944,0.0069158813,1.3755644e-05,0.00023438329,2.8454517e-08,1.1851882e-06
2.3602747e-07,1.9926151e-06,3.5414354e-07,0.0016738086,4.936172e-05,0.0012864451,0.012931347,0.024834057,0.03369907,0.026915807,0.1903497,0.0054697488,0.028137743,0.075085916,0.5981724,5.239391e-05,0.0009076339,1.1423474e-07,0.0004316716,1.2925125e-07,3.4212587e-08
1.257717e-08,1.7070022e-09,2.166947e-09,1.270591e-05,1.06666945e-07,7.588721e-05,0.01500434,0.037054177,0.007867124,0.021747148,0.067809224,0.78594035,0.035476215,0.011765367,0.0082455,0.0020947705,0.0006506993,0.00128353,0.0049705086,1.3289089e-07,2.141411e-06
2.0535635e-06,9.12356e-06,9.378755e-05,0.04966413,0.02911821,0.16803978,0.23988512,0.089902505,0.1814968,0.1022542,0.09311268,0.0069913883,0.030694261,0.00026241757,1.8487346e-05,6.789945e-05,0.008363695,3.2734178e-08,2.3273044e-05,1.5102478e-07,7.491013e-08
1.4069797e-10,8.099741e-11,1.5433092e-10,1.8339972e-05,7.012377e-07,5.8248752e-05,0.0062863845,0.00037923304,0.00028955963,0.004642308,0.002355827,0.8734181,0.058608636,0.0007053647,6.963675e-05,0.050322026,0.00056457944,0.0022805557,1.43081e-08,4.496103e-07,3.6160344e-08
0.8171125,0.07779992,0.09786624,0.0013202622,0.0007821399,0.00016684996,0.00028261106,0.00028086943,0.00018880883,7.448441e-05,0.0033668207,0.0002941254,6.726097e-05,2.6424892e-05,0.00012265971,0.00017311984,2.0211955e-05,8.626128e-06,4.5552533e-06,3.7708793e-05,3.8809135e-06
1.621453e-05,0.00011967006,0.05584211,0.18192288,0.46729234,0.16746122,0.06313242,0.024278946,0.018550185,0.0029713942,0.0071004312,9.5994605e-05,0.011013894,9.9568015e-06,5.23694e-07,8.800773e-05,9.85028e-05,1.0866569e-08,4.8854376e-06,1.6623076e-07,2.9059615e-07
9.811955e-08,9.34178e-08,2.0986397e-07,0.0052541825,1.158736e-05,0.016194236,0.027065162,0.06760119,0.21434219,0.10837348,0.25811723,0.036788583,0.00038606473,0.032600943,0.07403311,0.15485048,0.00012522562,0.003868824,0.00033485758,2.596797e-08,5.2234274e-05
6.0033275e-05,0.0007343967,0.04163327,0.36777383,0.27536058,0.07975132,0.0582294,0.09619743,0.0068098046,0.010109408,0.061708085,0.00020150737,0.0014052752,4.359538e-06,1.4400936e-07,6.70779e-06,1.11656755e-05,8.944832e-10,3.1458362e-06,4.309212e-08,6.642362e-08
0.0021704847,0.0043877997,0.24894086,0.44773084,0.2231917,0.048259806,0.011901901,0.0057998695,0.0035359913,0.0005516519,0.0029767915,2.0433341e-05,0.00040036291,2.1639411e-05,3.2304212e-07,3.5845045e-05,4.7650694e-05,1.12448504e-07,2.098524e-05,3.722066e-07,4.5219035e-06
9.3917197e-07,1.2108505e-06,4.147543e-07,1.6913247e-05,8.759106e-07,0.00020535286,0.00365722,0.038544554,0.12614106,0.0700163,0.026152113,0.007632791,0.32422897,0.36507156,0.02029296,0.01072828,0.000799699,0.0039443616,0.0024682784,1.1144373e-06,9.4993906e-05
1.5903271e-06,9.00549e-07,1.1156162e-05,0.062184166,0.014992754,0.12558936,0.58722705,0.11840391,0.0643983,0.020625364,0.006303392,8.6840504e-05,4.4256544e-06,2.801233e-06,1.4821682e-08,5.1449406e-06,0.00016274863,8.2464674e-10,9.465268e-08,7.3556404e-11,8.701254e-10
2.2761053e-05,8.573787e-06,2.6407839e-05,0.17803924,0.0011126103,0.029736321,0.16241348,0.08705607,0.22883156,0.17472143,0.07801623,0.0032114338,0.0009811015,0.00085353584,9.912805e-06,0.03288819,0.021979863,3.3563558e-06,8.52998e-05,9.9579246e-08,2.563191e-06
4.861533e-07,7.800467e-07,3.2784708e-06,0.0035753865,0.053262495,0.14966576,0.48130357,0.19090202,0.103018686,0.007445928,0.007394764,0.002544843,1.6934993e-05,0.00017887414,1.8676664e-07,0.00061883224,6.639309e-05,3.4832486e-09,8.561518e-07,2.3189504e-09,1.0364718e-09
0.00013444784,0.00026839456,0.21614331,0.38520762,0.2912166,0.069930345,0.018065082,0.008978259,0.0059802854,0.0009858286,0.0023802514,1.0016058e-05,0.000610535,1.2996424e-05,4.550975e-08,3.4425553e-05,3.3022632e-05,1.3276187e-08,7.8989015e-06,4.129461e-08,5.710045e-07
3.1128216e-08,9.998399e-07,8.723649e-06,0.00014345722,0.00041884521,0.01652758,0.057293516,0.033511486,0.027260887,0.040793628,0.07446127,0.66217184,0.08437869,0.002479895,0.00013262754,0.00012212827,2.1842689e-05,3.3925862e-09,5.2194273e-06,0.0002672655,1.8016822e-09
1.4068899e-05,9.985447e-05,0.028602678,0.121900015,0.3944554,0.27264172,0.08379074,0.034012225,0.025925819,0.0040946538,0.0060423804,0.00012320344,0.027799362,1.3726908e-05,1.9602587e-06,0.00019700888,0.00027976342,2.10528e-08,4.7583594e-06,2.648584e-07,3.747926e-07
2.7498353e-07,1.3984676e-06,4.137303e-06,0.0018067183,0.0013131757,0.0056207445,0.06451995,0.09821791,0.0534412,0.06914771,0.06148873,0.1517721,0.32135138,0.000590773,0.005081999,0.15311186,0.012422845,3.3164637e-05,1.11143145e-05,5.9553164e-05,3.1938725e-06
1.4593214e-06,4.209663e-06,4.713376e-06,0.0009304191,0.00091293047,0.013369685,0.12634125,0.15978698,0.18212791,0.058494627,0.036668334,0.010866778,0.004788266,0.0050232736,0.001278047,0.39737216,0.0019213792,2.0507036e-05,8.175628e-05,2.335597e-06,2.953355e-06
0.29235017,0.41440848,0.20244808,0.060502734,0.015831484,0.0062012533,0.0023911826,0.0014377495,0.00068362826,0.00012930439,0.0027281,5.787335e-05,0.00011607828,0.000118734926,1.3797441e-05,0.00029841647,0.00012558585,7.026554e-06,5.475238e-05,2.9703016e-05,6.586327e-05
1.1817135e-06,4.062652e-05,0.00052668893,0.030935353,0.0580876,0.017382568,0.03628445,0.006259127,0.27507877,0.007952637,0.5554206,0.011100374,0.00063546235,0.00024210554,1.921645e-07,9.564434e-07,1.3073038e-05,1.7637486e-09,3.6589838e-05,1.6619455e-06,3.4098432e-10
1.5399884e-06,4.1360704e-06,6.1354117e-06,0.016399255,0.001030212,0.011325825,0.17435504,0.1769304,0.2279154,0.12868305,0.11136611,0.040847544,0.044642013,0.012911993,0.00022886426,0.046899572,0.005173561,3.5865814e-06,0.0012745039,4.3027262e-07,8.4762763e-07
2.1668116e-07,1.0252571e-06,6.5958255e-07,0.04263195,0.000247354,0.26504293,0.1616758,0.1413429,0.09431137,0.052931927,0.017079424,0.0017094141,0.0010292606,0.00015363451,0.22024351,0.0010747074,0.00051383366,5.232318e-07,8.7949375e-06,1.1958781e-08,7.417598e-07
5.3258605e-06,9.084183e-06,0.0010532049,0.03409533,0.10563054,0.047360178,0.08388416,0.07247989,0.044943213,0.0251192,0.0075809206,0.00069521175,0.5157477,0.0034358334,3.5963123e-05,0.039764676,0.018125318,3.946506e-06,2.5397769e-05,1.9461422e-06,2.920781e-06
2.1965038e-06,1.5583731e-06,3.0920949e-06,0.001305784,0.033447795,0.050359353,0.16353573,0.59704244,0.13223556,0.0030693803,0.014810174,0.0016171157,1.8358885e-06,0.0022170462,8.026306e-08,0.00024975406,5.838168e-05,3.1928678e-07,4.2342737e-05,3.3894285e-09,3.0210598e-10
7.092115e-05,0.00041067257,0.015888864,0.22585754,0.52020013,0.110454686,0.059632365,0.025376149,0.013260778,0.0028858471,0.024171682,0.00014503735,0.0014741187,3.2289176e-05,8.065634e-07,6.692457e-05,6.179909e-05,1.57122e-08,8.758724e-06,7.365077e-08,5.5479615e-07
1.4254946e-06,2.638778e-06,4.225076e-06,0.0006887646,0.0016917018,0.031672023,0.12700778,0.31828696,0.36160418,0.035800654,0.03324225,0.009620961,0.002097192,0.015452752,0.0014510748,0.051074255,0.0090911435,0.00037897905,0.0008251165,4.7430694e-06,1.2157475e-06
4.637748e-07,7.494599e-07,9.267543e-07,1.4066802e-06,1.3716017e-06,6.456308e-05,0.0024821192,0.007218817,0.07235784,0.11831995,0.024384007,0.018837815,0.13073806,0.003099399,0.04045644,0.024861477,0.0008762271,0.5551892,0.00020470913,1.1458106e-06,0.0009032754
6.627293e-07,2.352721e-06,1.0018539e-05,0.026100896,0.004625682,0.8033961,0.0787475,0.03946879,0.019216279,0.018088885,0.0065536327,0.0002682621,0.00071706466,2.8254455e-05,0.0022328158,0.00013505334,0.0004044264,2.7417374e-07,2.9841328e-06,1.0109897e-08,1.2865544e-07
7.7661406e-07,3.0304666e-06,7.733547e-05,0.0009095953,0.002940022,0.0067529385,0.07021039,0.047351424,0.10314242,0.08319584,0.031851668,0.019041615,0.00980525,0.5084265,2.9591356e-05,0.11119001,0.004092832,5.8244694e-07,0.0009444401,3.3350858e-05,3.666674e-07
1.3071885e-06,1.4757995e-05,0.00033813203,0.09775003,0.22242628,0.34582365,0.2313926,0.028887028,0.054594547,0.013911151,0.004463945,4.9680057e-05,0.0003143728,6.888866e-07,8.8016545e-09,9.2150024e-08,3.157736e-05,8.131993e-12,2.3903246e-07,2.4744598e-10,7.446988e-10
0.6740394,0.24660677,0.07345496,0.0017529714,0.0008594468,0.00033733112,0.00030520363,0.00026338367,0.00012126844,5.6396133e-05,0.0015773816,5.837643e-05,6.236336e-05,2.9260218e-05,0.00013525427,0.0002203385,3.7822407e-05,1.4274878e-05,2.0535976e-05,2.9977424e-05,1.7277875e-05
1.0371986e-06,8.370044e-06,0.00012446454,0.011447911,0.14118186,0.21488674,0.2302813,0.11840692,0.07059707,0.15015772,0.018326607,0.019409822,0.010680049,0.013452957,0.00013877226,0.0003364293,0.0004361706,4.377205e-08,0.00012513294,6.123628e-07,6.1383766e-08
5.06888e-07,4.3183177e-06,3.1363472e-06,0.0002785066,0.0018102112,0.019206211,0.17294306,0.26095647,0.16254818,0.08549348,0.098496884,0.02643259,0.015996207,0.019792499,0.032756098,0.100834996,0.0023972017,7.3972283e-06,3.6423353e-05,5.142719e-06,4.7115455e-07
1.09516044e-07,7.846152e-08,4.9700347e-08,3.4089624e-08,3.2168284e-08,1.3915518e-06,0.0018159847,0.0066185286,0.32890716,0.29428732,0.016460828,0.34027836,0.0061737993,9.320736e-06,0.00465992,0.00018917977,0.000312885,0.00028475196,2.4346554e-07,4.3000767e-09,2.7739153e-08
1.0180427e-07,8.876436e-08,4.4613162e-07,2.2855687e-05,3.5728078e-06,0.000104659186,0.003164928,0.01156948,0.063584186,0.05492299,0.81369644,0.008277724,0.0041565076,0.0013478892,0.004034444,0.034007903,0.000105135965,0.00043560503,0.00056144164,1.20783135e-08,3.586449e-06
6.468629e-08,1.9560906e-08,2.0573605e-08,6.5832026e-08,3.4104025e-06,1.2015579e-05,0.009601781,0.03561199,0.06818715,0.012312169,0.75530624,0.11881632,2.1644715e-05,5.652384e-06,5.098832e-07,0.000104055056,1.5910147e-05,1.0106169e-06,1.6325615e-08,1.1851163e-09,2.2209481e-10
8.4767527e-07,1.32820705e-05,0.0012865313,0.07900733,0.13547263,0.14257173,0.20029776,0.08265049,0.06034859,0.1987678,0.016963635,0.018277172,0.059813134,0.0035976127,4.288771e-06,0.00025615454,5.8571957e-05,2.8280036e-09,0.00061175507,5.600355e-07,8.137794e-08
1.514342e-06,1.4207658e-05,0.00096429134,0.010842123,0.03794672,0.032102015,0.1412359,0.123985425,0.23656489,0.13917989,0.055173874,0.031295925,0.031785615,0.14689334,1.833178e-05,0.006628958,0.0008377184,4.9197187e-08,0.004524916,3.894436e-06,3.77769e-07
6.4632377e-07,3.6653927e-07,6.10535e-07,8.528644e-05,4.2018448e-05,0.0052730897,0.05553881,0.08008326,0.47233152,0.34313288,0.01577894,0.008787604,0.0009609991,0.00072828407,0.0005524569,0.014800139,0.001824301,6.715682e-05,9.996525e-06,1.1671917e-07,1.5148402e-06
3.7983061e-06,2.1862904e-06,3.87864e-06,0.0002568784,0.005462471,0.012836494,0.19781728,0.2306773,0.23326194,0.032026768,0.12736775,0.11989597,0.00012710982,0.00053023174,9.332581e-06,0.039129645,0.0005871678,2.1020217e-06,1.4986468e-06,1.5948198e-07,4.9883102e-08
8.292607e-06,2.7565036e-06,3.9295983e-06,0.024350071,0.00043370004,0.0063292687,0.119799405,0.13532741,0.40485403,0.09975704,0.03547633,0.0014667456,0.00040981852,0.0004029921,5.5517916e-07,0.16156387,0.00972518,8.4582723e-07,8.7348024e-05,1.7314926e-08,3.8039585e-07
1.2660676e-07,1.3752029e-07,1.121783e-07,0.00036277063,0.00072760344,0.08470935,0.5669844,0.12189413,0.16835664,0.051835068,0.0032278202,0.00062413944,2.1645774e-05,7.197341e-05,3.972735e-06,0.00041426034,0.0007656658,2.8093357e-09,1.4759684e-07,2.5605248e-10,1.8612261e-09
2.8289382e-06,2.3121338e-06,4.0138857e-06,0.00027618493,0.0020854403,0.007874878,0.1225543,0.19463429,0.37267762,0.028471572,0.13733049,0.051797763,0.00026533104,0.001594922,1.3682795e-05,0.07977182,0.0005943725,2.711455e-05,2.0503006e-05,3.695158e-07,1.4254515e-07
6.706743e-09,6.05546e-08,1.2886817e-08,2.9612404e-06,1.6813053e-07,2.0414813e-05,0.0003962674,0.0005507058,0.009078916,0.007038935,0.2754325,0.0009868393,0.011603516,0.0031718991,0.6916341,4.175224e-05,1.5494556e-05,1.8334001e-08,2.387116e-05,1.548158e-06,4.1482962e-10
1.7538048e-07,1.139464e-07,4.7753485e-07,0.0005270181,0.009510693,0.0909601,0.6367318,0.114625335,0.12558325,0.01230277,0.0058323597,0.0037224523,3.692577e-06,1.6142085e-05,9.878596e-08,0.00012038038,6.310456e-05,3.90617e-09,5.0202853e-08,4.943645e-10,3.8236667e-10
1.1388655e-06,3.0413307e-06,5.131226e-06,0.00016478325,0.026828911,0.027652975,0.15830609,0.28363022,0.12068679,0.028174646,0.14777926,0.13766457,0.0008905053,0.054144684,0.0030935102,0.009012019,0.0019521775,2.343509e-06,6.0363705e-06,1.1402543e-06,2.9012668e-08
0.0004068096,0.0007315695,0.21666893,0.34091684,0.29821315,0.07734389,0.023426794,0.018894987,0.013050173,0.0024071361,0.004500542,3.683923e-05,0.002556468,0.00012423936,4.8609974e-07,0.00047626972,0.0002107369,1.3917311e-07,2.8209839e-05,4.1896945e-07,5.4347765e-06
1.5966967e-07,1.4567311e-08,1.9359675e-08,0.0002834451,3.2347762e-06,0.00085916783,0.1954357,0.027872527,0.048652563,0.070522524,0.1893074,0.2729058,0.01548284,0.0076431073,0.019183887,0.009061863,0.14018466,0.0017327156,0.00085930014,4.8283778e-06,4.2420693e-06
1.1662103e-08,1.2883584e-08,2.1111783e-08,9.644689e-06,2.4467663e-06,0.00046692794,0.0050847996,0.023583919,0.077301405,0.087950476,0.003333272,0.028231146,0.09237066,0.017286003,0.0013561805,0.0011949615,6.6486195e-05,0.00018854513,0.66157305,3.3979997e-08,8.92753e-08
1.4841603e-06,3.488444e-06,7.0290043e-06,0.0018532962,0.007512507,0.07506333,0.24164522,0.28347972,0.25016108,0.038964115,0.027769987,0.018310795,0.00093907723,0.005192873,0.00027502768,0.046881557,0.0018716746,7.1944164e-06,5.8745132e-05,1.4660778e-06,3.2413752e-07
0.0011792362,0.00072170043,0.3698519,0.28027967,0.25177246,0.05277647,0.015629802,0.01216296,0.0090830885,0.0011942415,0.003953071,1.2778593e-05,0.0005651995,0.0002021852,1.4909529e-07,0.00046089184,0.00010957063,2.1012895e-07,3.9067647e-05,1.6427688e-07,5.1409384e-06
1.9991141e-08,8.145549e-09,4.467935e-08,0.0003430697,0.028047262,0.052009884,0.7469191,0.07968591,0.0911717,0.0008952478,0.0008553442,7.0791364e-05,8.899435e-09,6.229755e-08,6.08989e-12,3.360632e-07,1.2841368e-06,5.0889696e-13,1.4694071e-10,8.834032e-14,1.3924018e-13
1.0253569e-06,6.435886e-07,2.5028928e-06,3.237903e-06,2.0476252e-06,8.939673e-05,0.0027840745,0.008536929,0.10702407,0.2234623,0.017583618,0.01627169,0.14491525,0.0026316326,0.06492321,0.10169754,0.0004939493,0.30424353,0.000108639506,1.0336139e-06,0.005223676
2.2858617e-07,1.168233e-06,7.4551276e-06,0.0008231042,0.0021461362,0.007023621,0.065955386,0.024489392,0.07565851,0.051251322,0.6507873,0.08520405,0.028634498,0.0036957741,0.0018457851,3.852398e-05,0.0023898776,3.0713844e-07,3.9341456e-05,8.178467e-06,2.9094805e-08
0.0052284445,0.023426045,0.20601523,0.3579308,0.1772693,0.048694603,0.059334725,0.032529157,0.016212232,0.0036045008,0.06482772,0.0018268977,0.0010476713,0.00047309962,3.3501397e-06,0.00122878,0.000103883685,1.5323005e-07,0.00022552861,7.710801e-06,1.0104435e-05
2.4579722e-07,8.959783e-09,4.656387e-08,8.156627e-06,8.42967e-07,0.00026699455,0.0063131745,0.02596274,0.0046779374,0.039021417,0.08965422,0.23694704,0.35169235,0.018166758,0.024205714,0.17124541,0.0008223623,0.017219022,0.013625831,2.0520251e-07,0.00016950154
2.8810012e-08,2.024634e-08,4.066165e-08,0.00037584626,9.272205e-06,0.0053948048,0.05781104,0.08848327,0.04268011,0.24183775,0.038590033,0.48953843,0.018344758,0.005357196,0.007954958,0.0005743509,0.0017183602,0.0001222385,0.0012070427,4.1597482e-07,2.7774783e-08
5.698841e-07,6.593032e-06,0.000581065,0.009152428,0.09686575,0.14698936,0.14129227,0.097249925,0.017026413,0.19855632,0.16052492,0.006934034,0.12451098,0.0001493184,2.5114543e-05,3.4008215e-05,8.703558e-05,1.527696e-08,1.3485246e-05,3.9927312e-07,1.6410022e-08
1.5724703e-07,9.0781236e-07,1.1293575e-06,0.00067427097,0.00029110315,0.0029779396,0.03943882,0.09927374,0.079298615,0.16542444,0.11169817,0.058638547,0.05674277,0.2966187,0.07783824,0.0044049514,0.006148242,1.1713312e-05,0.000516175,1.1555883e-06,2.2976786e-07
1.082678e-05,8.64708e-06,4.1194256e-05,0.06851927,0.0022742134,0.027738594,0.11515867,0.15278335,0.13425668,0.13678366,0.115085915,0.008728472,0.00912449,0.012019313,0.00037548778,0.20760962,0.008867802,1.4318484e-05,0.0005947559,1.1418757e-06,3.645669e-06
4.2115705e-08,1.9494347e-08,4.2919908e-08,2.2957202e-05,9.699448e-06,0.0021442752,0.021787196,0.11635395,0.0423477,0.18282048,0.030443693,0.11554069,0.13804747,0.0891063,0.22032967,0.0011569181,0.010487944,0.0018941473,0.027504614,2.0383334e-06,1.2180958e-07
6.8227055e-05,0.00034748393,0.10204812,0.43258506,0.35961625,0.06993297,0.020066153,0.0069826264,0.0045042145,0.0006487786,0.0025746636,1.3876788e-05,0.000578253,2.861317e-06,5.3221065e-08,8.2451315e-06,1.8534623e-05,4.2257216e-09,3.410494e-06,3.521981e-08,2.124095e-07
1.0496525e-05,9.508447e-06,3.4979155e-06,0.015875313,7.487722e-05,0.013978284,0.14310217,0.10473391,0.24104635,0.07965183,0.07097132,0.018388223,0.020648202,0.037733447,0.024117408,0.0023884082,0.22525246,7.9987374e-05,0.0019250633,4.0820882e-07,8.826778e-06
8.879168e-08,2.0128311e-07,1.9492867e-07,0.017518122,3.337791e-05,0.049969807,0.19680597,0.09466645,0.06377943,0.09143667,0.011763667,0.0029334475,0.0030799108,0.00022426218,0.46050233,0.0064242613,0.0008414473,2.8684308e-06,1.4377281e-05,2.3183313e-08,3.0467936e-06
2.1288367e-06,6.065958e-07,2.4968886e-06,0.001080149,1.2881197e-05,0.0017693413,0.031670216,0.044475924,0.111358814,0.1300638,0.12542777,0.19343404,0.045519456,0.02396962,0.038564246,0.10844938,0.0015727613,0.018591698,0.123896174,2.2403553e-06,0.00013629092
0.037536882,0.088608764,0.37945977,0.35932165,0.091622256,0.026708381,0.005851166,0.0035960448,0.0023484505,0.00035095375,0.0038763832,4.3072294e-05,0.00035216578,3.9995928e-05,2.0571133e-06,0.00012482272,9.5861826e-05,7.25634e-07,3.1431537e-05,4.3565537e-06,2.4833987e-05
9.0519694e-07,2.6977323e-06,5.1137704e-06,0.0012429457,0.011202511,0.18932885,0.26479265,0.299331,0.13997242,0.04791483,0.01835046,0.012057028,0.0008547155,0.006042077,0.0013415627,0.003731971,0.0037864489,3.0017413e-06,3.7385234e-05,1.3614376e-06,7.563964e-08
2.0386376e-06,4.5487067e-07,8.951918e-07,9.913096e-05,0.006043796,0.0068127965,0.22615118,0.2962394,0.23136643,0.008995089,0.13024178,0.09272432,4.4327785e-06,0.00012900699,8.351959e-08,0.0011283128,6.0408514e-05,2.2472916e-07,2.1469506e-07,6.0360943e-09,6.6521605e-10
0.0005717279,0.0020918685,0.24336773,0.46226966,0.21084501,0.056300372,0.010721783,0.0060367277,0.0044313353,0.00050049514,0.0022256388,1.3995277e-05,0.0005013637,1.124329e-05,7.406393e-08,5.9433176e-05,4.4909946e-05,1.570165e-08,5.081163e-06,1.6213747e-07,1.4553652e-06
4.0771498e-05,9.165018e-05,0.109965324,0.27558693,0.39334816,0.14120463,0.037557676,0.019270483,0.011218377,0.0035767432,0.004182834,2.7155063e-05,0.0037867983,1.6996284e-05,5.398004e-07,4.8251546e-05,6.3911146e-05,4.4223313e-08,1.2231146e-05,7.686827e-08,4.83091e-07
2.1169672e-05,0.00020351843,0.11573151,0.36687174,0.38426661,0.08583433,0.025642404,0.009542188,0.007080846,0.00074075436,0.0026833552,1.9709698e-05,0.001320526,2.4083956e-06,1.7527901e-08,1.5378237e-05,2.2306976e-05,9.004431e-10,1.1253335e-06,2.9689073e-08,9.1774666e-08
2.3313378e-05,8.791201e-06,1.9248519e-05,0.0635513,0.00064275187,0.011888981,0.11001015,0.08155654,0.3074134,0.2004049,0.045371365,0.0034491206,0.0011805815,0.0006116249,4.7233684e-06,0.16695742,0.006462514,9.123375e-06,0.00043036716,2.1661327e-07,3.6019408e-06
1.3487002e-06,6.380656e-06,0.003378921,0.10032877,0.071073666,0.12608933,0.12894607,0.1610798,0.01351337,0.1936629,0.1635566,0.00030230393,0.037488222,0.0003484506,5.562824e-06,4.643662e-05,2.740945e-05,2.8918985e-09,0.00014442738,1.8424965e-08,2.0958419e-08
1.1923625e-07,4.2712465e-08,8.1792464e-08,0.0004813296,0.0026915933,0.02552123,0.50589925,0.09446769,0.35209104,0.011238523,0.0064605447,0.0009046012,5.380581e-07,2.6724774e-06,2.2740765e-09,0.00012129018,0.0001194643,2.6503602e-10,7.619153e-09,1.1144065e-11,7.263822e-11
1.6626198e-05,8.125113e-05,0.01586928,0.14962722,0.34743574,0.1889237,0.10634852,0.05962356,0.039775934,0.008519312,0.005531237,0.00026853575,0.07430076,0.000102250735,2.5525082e-06,0.0017428313,0.0018216695,8.665943e-08,7.3841875e-06,6.592762e-07,8.764195e-07
3.5997267e-08,7.729818e-07,9.211517e-07,0.019500375,0.0024639808,0.12543085,0.18084133,0.37506407,0.25633654,0.009463359,0.029055737,0.00037339536,0.0008630225,2.8677461e-05,0.00041167904,2.8437089e-05,0.00013638256,4.3388332e-10,4.8300654e-07,2.268529e-10,3.894577e-09
6.3052426e-08,3.418873e-07,1.9910233e-06,0.00015776117,0.00036848677,0.0038019593,0.041181713,0.052919522,0.034703422,0.23228055,0.070632905,0.022598252,0.39437816,0.07674719,0.06610625,0.00086960505,0.0027246703,1.1940148e-05,0.00051249,2.6957714e-06,6.0562314e-08
1.197403e-07,1.2294918e-06,4.8422455e-05,0.00093510066,0.02460398,0.043655902,0.10595645,0.042870395,0.025976028,0.17718899,0.33637807,0.06667146,0.17482758,0.0003624513,0.00010531235,2.0504338e-05,0.00038215227,7.476582e-08,1.2296402e-05,3.4479453e-06,5.713476e-09
1.4567522e-06,6.849871e-08,3.0442084e-07,2.2976983e-05,1.062531e-06,0.00178986,0.008145578,0.019463064,0.01609249,0.06119701,0.061292805,0.37613735,0.14765002,0.0405397,0.059484966,0.059448846,1.2905328e-05,0.073176995,0.071042046,5.2220514e-08,0.00450048
1.8496812e-06,2.3692157e-05,0.00031396234,0.07003246,0.12347902,0.44676614,0.21889852,0.03837515,0.050504416,0.02680404,0.016212704,0.00029401947,0.0080041615,2.5803678e-05,1.1991515e-06,2.9324165e-06,0.00025888236,1.349482e-10,1.0404061e-06,3.1453469e-09,1.1839617e-08
1.5970987e-06,1.4752848e-05,0.0014663541,0.049393736,0.25891787,0.427318,0.15343083,0.042477697,0.039860927,0.00561255,0.013100438,0.00033375496,0.007866029,4.0397795e-06,7.042793e-06,4.690002e-05,0.00014572847,1.0933069e-08,1.6948335e-06,5.5682268e-08,4.4188113e-08
3.1649868e-06,8.716225e-05,0.006699965,0.09787153,0.62179285,0.15641987,0.07125902,0.0120692095,0.018251305,0.0012069665,0.012314452,7.965474e-05,0.001912456,8.3973765e-07,1.449036e-07,1.0729603e-05,2.0191084e-05,4.6312068e-10,5.1426315e-07,1.5284614e-08,2.7927102e-08
3.846963e-07,1.6046112e-06,3.093152e-06,0.0015229008,0.02994322,0.2863622,0.33852053,0.22048654,0.08128337,0.022230094,0.01062207,0.006428432,0.00025461623,0.00085754716,3.9466435e-05,0.0011078689,0.0003348928,9.4751185e-09,1.1362501e-06,3.3058672e-08,7.6660465e-09
8.197154e-08,7.363061e-08,1.5924473e-07,2.4612839e-06,1.1200405e-06,9.5691204e-05,0.031228097,0.0043125725,0.16107984,0.08105147,0.2718687,0.164354,0.09124526,0.0062200003,0.0146978535,0.01121212,0.007824968,0.13585939,1.1614696e-05,0.018929223,5.3567005e-06
3.9861734e-06,1.6733984e-06,7.254658e-06,0.00046117112,4.6605688e-05,0.0019351958,0.011841483,0.01991713,0.09042154,0.12092294,0.025579587,0.028062737,0.04522886,0.076397106,0.017816467,0.09244933,0.0010911888,0.00978018,0.45796233,2.8573113e-06,7.028188e-05
1.3566404e-07,1.9357794e-06,0.00030798983,0.012122286,0.15578456,0.10577701,0.13074847,0.0661912,0.02530938,0.236074,0.22477378,0.009951537,0.032852173,2.8701184e-05,9.496874e-07,3.0404085e-06,6.558298e-05,1.8995867e-09,7.054184e-06,1.4162364e-07,7.952939e-10
2.8225458e-07,8.926271e-07,1.6447262e-06,0.04840762,0.00048286072,0.3830946,0.16744485,0.16161205,0.071301624,0.071878575,0.03670322,0.009981721,0.0012110497,0.00039226824,0.044387802,0.0025797135,0.00049006654,1.2894083e-05,1.50298365e-05,3.7548155e-08,1.2212664e-06
4.219236e-06,4.6549635e-06,3.007232e-05,0.061400782,0.02211423,0.24309768,0.47439712,0.110309474,0.05098584,0.025805078,0.010495082,0.00014334652,6.510667e-05,1.8024155e-05,3.6280366e-07,1.6289898e-05,0.0011122135,2.5405822e-09,4.774011e-07,7.3989037e-10,1.2347523e-08
1.5889068e-06,2.454403e-06,2.3699886e-05,0.088027894,0.018149126,0.21436822,0.47961235,0.097022675,0.06369244,0.026550932,0.011629589,9.911315e-05,5.6146633e-05,6.112759e-06,6.212332e-08,1.1499788e-05,0.0007458415,6.531244e-10,2.476442e-07,2.097937e-10,4.7574464e-09
1.0927447e-05,3.8685634e-05,1.109991e-05,0.03590678,0.00077638694,0.08460183,0.110518955,0.049491636,0.092335954,0.40574306,0.047814883,0.00048522314,0.008815813,0.044018846,0.1026043,7.066687e-05,0.014173233,1.4995592e-07,0.002581129,6.7989056e-08,3.388794e-07
1.6393817e-06,4.2616404e-07,6.8457865e-07,0.00041334328,0.0012364122,0.013344574,0.24739332,0.15962711,0.44116595,0.051119216,0.050159175,0.025919676,3.1058968e-05,0.000105698964,6.006726e-07,0.0086361645,0.00084374746,4.5304535e-07,6.119277e-07,6.4617836e-09,1.7786752e-08
2.2140874e-07,8.307211e-09,5.15318e-08,8.722034e-06,1.5952864e-06,0.0001674,0.0054623876,0.014483639,0.0030970064,0.024701063,0.110043615,0.12994054,0.29073656,0.012564575,0.021335319,0.3579477,0.005225945,0.021985574,0.0021776378,5.392718e-07,0.00011992415
1.2207826e-07,9.798609e-07,4.662747e-07,0.00015310169,0.0023369254,0.0082489345,0.17948179,0.16777098,0.1644816,0.026585482,0.13219607,0.02094628,0.002337787,0.018085461,0.0038707275,0.27211657,0.0013815798,3.0676307e-07,4.647646e-06,1.5510514e-07,2.3653902e-08
3.6094016e-07,2.5136097e-07,3.0314342e-07,5.883295e-07,2.0509913e-05,6.330778e-05,0.016474003,0.035346106,0.080532424,0.02787293,0.7524355,0.08534416,0.00024935507,6.0717248e-05,1.4936568e-05,0.0014620624,9.41036e-05,2.7789845e-05,5.3920434e-07,5.4394537e-08,1.1592537e-08
3.0807694e-08,7.736021e-07,1.593773e-05,0.0005676525,0.005882579,0.008745018,0.06661536,0.055605292,0.12861936,0.21365193,0.04935214,0.2285796,0.08942313,0.15111467,0.0001916804,0.00050311117,0.00046651962,3.3291464e-08,0.00066257105,2.5176544e-06,1.5922954e-08
4.35842e-05,0.00013246603,0.12308382,0.32330427,0.3776196,0.10806722,0.029718325,0.018854138,0.011225093,0.0019410173,0.002801062,1.9470768e-05,0.00302289,1.4355613e-05,1.2893973e-07,6.621718e-05,8.086658e-05,9.136811e-09,5.0313897e-06,6.488681e-08,3.467162e-07
2.5892311e-06,2.652145e-06,0.00026166273,0.002111889,0.008544419,0.009551495,0.04399517,0.07054255,0.17586388,0.09371678,0.02786131,0.0007944725,0.0006728187,0.4515986,3.2236e-05,0.019549185,0.0120384665,6.994502e-07,0.08285722,1.3937197e-06,5.2926987e-07
1.9041133e-06,1.1860202e-05,0.00011366423,0.010792143,0.03036556,0.1534649,0.19115706,0.06076817,0.15256318,0.15662318,0.16484135,0.020572629,0.05344555,0.0009379904,0.00031367576,5.6722067e-05,0.003922121,1.6025015e-07,4.631039e-05,1.7174478e-06,1.3286585e-07
4.189138e-06,1.4960439e-06,4.1808285e-06,0.08021779,0.00015368107,0.034093447,0.18646377,0.064488485,0.24415842,0.2656842,0.08555944,0.013617102,0.0010564108,0.000301882,3.5283803e-05,0.003137671,0.02095763,4.740433e-06,5.9142752e-05,3.2815542e-08,1.0129559e-06
9.795272e-07,1.3687293e-06,1.7169625e-06,2.09862e-05,0.00080019183,0.0009522144,0.06860884,0.075720556,0.1806213,0.03255662,0.39612544,0.10348949,0.0006709995,0.00072534947,0.00023252735,0.13800019,0.0014593321,9.656888e-06,1.8874507e-06,3.229731e-07,5.853418e-08
1.358329e-06,6.690436e-07,1.2770424e-06,0.0004953516,3.1167558e-05,0.00093899795,0.052186403,0.07446891,0.06649656,0.08895803,0.12363808,0.2674691,0.081767395,0.07667666,0.10186715,0.023771087,0.017085655,0.012315579,0.011795862,1.527048e-05,1.9450385e-05
3.132733e-05,8.64142e-06,9.759252e-06,0.021462353,0.00018433122,0.0065465434,0.061735023,0.08043786,0.38233697,0.22716667,0.050862517,0.0033600521,0.0022429333,0.000966055,8.558349e-06,0.102879435,0.058277648,2.8547724e-05,0.0014449212,1.5561263e-07,9.726861e-06
2.8097788e-06,1.4562971e-05,0.00017221564,0.044413306,0.09520915,0.66978234,0.10191405,0.045333788,0.029088378,0.0046973787,0.008903393,4.1305273e-05,0.000273484,4.401028e-06,1.0515224e-05,1.7250584e-05,0.000121138786,3.7708068e-09,5.020596e-07,3.5547243e-09,2.5554456e-08
1.4598746e-06,5.892642e-07,5.204335e-07,0.017851032,3.8236245e-05,0.03185773,0.42737994,0.02856079,0.26442143,0.21919821,0.002369108,0.0004144165,7.311458e-05,4.7893816e-05,1.7313185e-05,4.1974e-05,0.0077113044,2.4797862e-07,1.45954e-05,2.560044e-10,1.3302486e-07
1.2422906e-06,1.7102486e-05,0.00075568195,0.010066446,0.14876704,0.17999238,0.16127801,0.0843939,0.024312763,0.12812506,0.1630234,0.012748743,0.08618792,0.0001432341,2.2005077e-05,2.4405486e-05,0.00013014924,2.4146734e-08,9.719679e-06,7.943915e-07,2.8488076e-08
1.8241956e-07,1.6224307e-06,5.8418194e-05,0.0030448267,0.00881112,0.045286864,0.09678178,0.05435802,0.023735398,0.1673057,0.07475943,0.012608871,0.51090777,0.0012768151,0.00023174746,0.00012803552,0.0006689921,7.737895e-08,3.3902852e-05,4.6653824e-07,2.1352394e-08
7.0998256e-05,0.00033153864,0.14263524,0.38212726,0.3449971,0.08353283,0.022964595,0.010800608,0.007153666,0.0010367985,0.0029164243,1.8295608e-05,0.0013362663,6.948622e-06,9.349251e-08,2.9309553e-05,3.7305104e-05,6.6655663e-09,4.29058e-06,6.441549e-08,3.951241e-07
1.08839394e-07,1.3358166e-07,1.6976728e-07,6.351246e-06,4.7302096e-06,0.0020636024,0.010729302,0.062443532,0.74539286,0.05463719,0.055172805,0.0149460435,0.0017304979,0.0066391896,0.0028141965,0.008353264,0.00079329737,0.034201443,5.493813e-05,2.2389713e-07,1.6073367e-05
1.2639176e-06,8.603614e-07,1.8042008e-06,0.0001999504,0.00044262706,0.011642544,0.118087456,0.17158805,0.41181943,0.09423758,0.08232536,0.025942689,0.00056550105,0.0014963879,0.00010153898,0.07966163,0.0017970531,7.075298e-05,1.6605718e-05,3.008166e-07,5.6263275e-07
6.4902736e-07,9.647873e-07,1.159588e-06,1.7511343e-06,6.2151196e-07,6.7495894e-05,0.001945948,0.007184132,0.28680083,0.2964456,0.009064698,0.0072630215,0.12646507,0.005829441,0.024243245,0.007811838,0.00022130778,0.22535601,0.00029498557,3.7649613e-07,0.0010008957
2.3399732e-06,1.1507738e-05,4.935571e-05,0.028844232,0.032337207,0.71783525,0.08630661,0.06951588,0.03941049,0.009094629,0.015303652,7.7805315e-05,0.0004935828,2.1982258e-05,0.00022962554,6.449789e-05,0.00040020794,1.2379892e-08,1.1706715e-06,5.6962355e-09,7.145583e-08
3.182914e-06,5.7329125e-06,7.42666e-05,0.057675328,0.0065625985,0.085973084,0.13453898,0.17016353,0.06377079,0.3400128,0.1029468,0.0030919036,0.018539598,0.005168472,0.00070610153,0.005399794,0.0051766285,3.0062488e-06,0.00018652505,5.0383113e-07,3.486104e-07
8.838785e-10,2.200349e-10,2.576328e-10,0.00023901566,1.19754535e-08,0.00026357948,0.0014476647,0.0031584448,0.0058458378,0.0093155075,0.0023833576,6.9433445e-05,3.1498283e-05,0.000843635,0.9709439,0.005399053,3.1463576e-05,1.1253283e-05,8.7731305e-06,2.7531614e-11,7.640525e-06
2.1921305e-09,1.9210089e-10,1.4827776e-09,0.00013714374,1.4031414e-07,0.00068972673,0.005238759,0.0039321766,0.0019652317,0.037480466,0.027464276,0.018365791,0.00012947831,0.021633323,0.017882833,0.77577394,2.860227e-06,0.0889813,1.1211417e-05,4.1401102e-10,0.00031140435
3.2041464e-07,4.926502e-07,7.470411e-07,4.10423e-06,9.9304e-07,0.00021834676,0.004789935,0.011415666,0.48682296,0.35456648,0.007887927,0.007969628,0.049901277,0.0017650266,0.017250102,0.015247809,0.0010889798,0.040749293,9.304678e-05,5.753011e-07,0.00022633193
1.5312428e-07,7.1960976e-06,0.00038210937,0.0102520045,0.05637264,0.13760076,0.21978058,0.06275268,0.04738194,0.12584019,0.015003966,0.14033103,0.18330285,0.00084936834,3.9164934e-06,9.716289e-05,1.8590696e-05,3.2324582e-10,2.1460417e-05,1.3948288e-06,7.587105e-09
2.6637763e-06,4.482387e-05,0.0022946321,0.049967077,0.52075565,0.18938212,0.10632253,0.035605825,0.033346735,0.0038105038,0.053771522,0.00023092363,0.004326246,5.520478e-06,2.0228565e-06,5.9111284e-05,7.063543e-05,2.1567834e-09,1.4172003e-06,2.4387834e-08,5.8458646e-08
8.688721e-07,2.903187e-08,1.4023647e-07,3.2885797e-05,6.688522e-07,0.00048513216,0.0072391457,0.018325355,0.00866211,0.06941585,0.1419312,0.25474295,0.096490175,0.028662654,0.065097466,0.19010471,3.083442e-05,0.05714743,0.0562078,7.515156e-08,0.0054224795
6.508485e-08,7.6741664e-08,1.0881419e-06,9.8610886e-05,0.0003711213,0.0066233543,0.010896031,0.00925319,0.045072187,0.07335362,0.0013191253,0.0006491148,0.0008258564,0.026986288,0.0010057907,0.00037149029,0.02063856,2.25227e-05,0.8025048,7.066929e-06,5.7367323e-08
0.00074909104,0.001478341,0.25715196,0.34830523,0.2663774,0.070003316,0.019769847,0.015408868,0.011224282,0.0018104991,0.0047394945,4.00909e-05,0.0021353632,0.00010907289,7.105703e-07,0.00045234748,0.00020358259,1.826586e-07,3.124341e-05,6.774155e-07,8.388529e-06
2.0455873e-06,1.1378694e-05,0.0056041745,0.09339012,0.21591924,0.3680834,0.19907703,0.035553362,0.02444335,0.0103054335,0.0040920433,0.00047453612,0.042634394,1.0059413e-05,3.1940758e-06,0.0001192755,0.00027459906,8.960544e-08,2.0136333e-06,1.8756626e-07,7.568236e-08
3.654692e-06,3.1331924e-06,2.5885773e-05,0.1833192,0.007754176,0.078478694,0.40111947,0.12801677,0.12059801,0.05213157,0.026365906,0.0002722657,7.5606644e-05,3.296568e-05,9.963754e-08,0.00039666292,0.0014044261,8.71083e-09,1.5488758e-06,1.0043403e-09,2.5133996e-08
5.410268e-06,7.707485e-06,3.676944e-05,0.045476686,0.0037142974,0.027240945,0.1321673,0.1804918,0.14216642,0.15848939,0.116144,0.009056087,0.021490501,0.013832241,0.00028428942,0.142414,0.00639093,5.0512995e-06,0.0005833338,9.1150207e-07,1.8548556e-06
3.2653224e-06,1.7791062e-06,3.532255e-06,0.000109887216,0.0004721913,0.004335179,0.084699206,0.123854995,0.3187424,0.12492891,0.14002988,0.07972577,0.0007868331,0.00065785146,0.00013594882,0.11984569,0.0015982103,5.916105e-05,8.106723e-06,5.410311e-07,7.3041537e-07
1.3575852e-06,4.7768913e-06,6.033358e-06,0.0001262432,0.00041934065,0.0047519784,0.09365111,0.20963949,0.31449652,0.090976626,0.09042749,0.029699577,0.032066725,0.018740054,0.040132247,0.051718317,0.019263996,0.0031257893,0.0006770064,6.8517e-05,6.836685e-06
2.1288254e-06,2.6122295e-06,2.920635e-06,0.00010442438,5.8106623e-05,0.001891593,0.03376322,0.054071587,0.36251056,0.18786676,0.045931354,0.011973368,0.010609679,0.002785924,0.0031499097,0.28169507,0.0026735165,0.00074726314,0.00014135688,1.0856792e-06,1.7594815e-05
1.1060017e-07,8.557468e-07,2.0677194e-06,9.286714e-05,0.0031483062,0.013526319,0.070735365,0.13641568,0.18856458,0.107337624,0.09946098,0.15303315,0.013199468,0.13280436,0.06363125,0.0019361094,0.015989874,8.247004e-06,9.404557e-05,1.8703524e-05,3.6043854e-08
8.428997e-06,4.1407864e-05,0.0028559524,0.053882904,0.16824123,0.45472616,0.12649538,0.059032816,0.037811443,0.029200787,0.014239871,0.0004858833,0.05113177,5.7672427e-05,0.00018725521,0.0007879496,0.0007932671,6.8300045e-07,1.7360782e-05,5.9883934e-07,1.2164307e-06
1.0117061e-06,2.5360318e-06,4.1582653e-06,0.001447811,0.0052449997,0.096927084,0.3239259,0.24991113,0.18470556,0.044441946,0.028676355,0.013989168,0.0006278469,0.0018416283,0.00021040833,0.046568543,0.0014662285,6.9473026e-07,6.4897094e-06,2.8747627e-07,1.9517695e-07
5.5176923e-07,8.507242e-08,3.1786834e-07,9.2006856e-05,0.027968936,0.015216522,0.44212073,0.3533244,0.11577854,0.0029607024,0.02663309,0.015877081,1.8303008e-07,2.9123084e-06,1.16561e-09,1.6155524e-05,7.832853e-06,3.8589945e-10,3.0797251e-09,4.373137e-11,6.9085857e-12
3.1455023e-05,0.00014198964,0.08674154,0.390412,0.35816106,0.09796934,0.02884545,0.018210486,0.012708883,0.0015866738,0.0021081734,2.55708e-05,0.0028195202,1.5119282e-05,4.4715232e-08,0.00010462264,0.00011557887,4.321639e-09,2.199021e-06,6.429293e-08,2.392059e-07
9.846468e-07,1.1601223e-06,1.3443108e-06,0.0019375419,2.8489434e-05,0.0016827838,0.09727958,0.10955748,0.11580349,0.05388277,0.10758558,0.41711152,0.04481714,0.019434333,0.015207216,0.0030467806,0.0073264367,0.00045968214,0.004828525,3.028954e-06,4.175403e-06
0.0076217144,0.02261764,0.30002856,0.47226718,0.14499457,0.035112873,0.0074080136,0.0036483796,0.002591154,0.0003134757,0.0029575531,2.2645063e-05,0.00029887108,1.3130653e-05,4.0119528e-07,3.541377e-05,4.778578e-05,1.04033106e-07,1.3358843e-05,7.9802277e-07,6.2952677e-06
5.803671e-07,3.441947e-07,3.0609925e-07,4.5398538e-05,0.00018641555,0.0058386605,0.064956,0.21404769,0.5098448,0.025326308,0.13517377,0.03607488,6.749026e-05,0.0008117769,3.852235e-06,0.0072535807,0.00026365236,9.1316506e-05,1.3153671e-05,3.8933717e-08,4.104963e-08
5.0309815e-08,4.8436056e-07,2.1022064e-05,0.00016695967,0.002231428,0.00451789,0.04985425,0.030763179,0.017824724,0.08034383,0.14845093,0.013045996,0.63879347,0.011144263,0.0021266094,0.000179486,0.0004852758,2.2203278e-07,4.9201677e-05,7.033868e-07,1.8560902e-08
1.2905102e-07,8.607841e-08,3.7803702e-07,0.00393329,4.679933e-05,0.038243607,0.081307985,0.051406547,0.026845787,0.2546322,0.082514934,0.037387628,0.0031301242,0.023871763,0.18477254,0.1311818,0.0006355262,0.07989006,0.00015873843,1.4355304e-07,3.9979954e-05
8.0141064e-07,5.8653364e-07,1.2538495e-06,0.030536612,0.0005173209,0.09992282,0.56384623,0.04494242,0.16156684,0.08878887,0.005468525,0.0001917223,4.2738026e-05,1.472197e-05,2.7975607e-06,9.487041e-06,0.004145177,1.06987965e-08,1.069694e-06,1.3928267e-10,1.4392053e-08
8.489704e-07,4.930766e-07,7.8159513e-07,0.00040880547,0.00038001218,0.026778307,0.22089544,0.1266717,0.41299394,0.15848535,0.021042878,0.00867807,0.00023088678,0.00042857692,5.5602766e-05,0.021080667,0.0018625349,1.6444432e-06,3.3096323e-06,2.9114013e-08,1.6507776e-07
0.5763258,0.3289648,0.085123986,0.0035416,0.0015532685,0.0006594441,0.0004884,0.00039680896,0.00019386853,7.692947e-05,0.0018757635,7.9561854e-05,9.4524396e-05,4.005706e-05,0.00012522568,0.00026476406,6.107198e-05,1.9505262e-05,2.9581668e-05,5.348228e-05,3.1519627e-05
0.0035795637,0.011431283,0.3313147,0.41970447,0.15929699,0.046992555,0.010392341,0.0065664747,0.0048067085,0.00063635985,0.0041375626,3.9293387e-05,0.000751266,3.9279264e-05,5.8887997e-07,0.00017128928,0.00010683953,1.6418205e-07,1.9925703e-05,1.2509869e-06,1.1065687e-05
4.8872e-07,1.6708428e-06,4.6998848e-05,0.013755277,0.22726825,0.26735416,0.35446194,0.08849873,0.03231172,0.013037985,0.0022463119,0.0007130154,0.00019259953,7.0853544e-05,2.2288891e-07,1.2565656e-05,2.5176016e-05,2.2845945e-10,2.1103554e-06,2.9218974e-09,1.5719581e-09
7.834063e-06,2.8423156e-05,0.0030890761,0.20956884,0.3727861,0.29011214,0.06246031,0.03366927,0.0127769895,0.0028925615,0.012178751,2.9805622e-05,0.00032917352,7.0951032e-06,3.9707737e-07,9.691791e-06,5.114607e-05,5.2015396e-09,2.3577616e-06,5.2985194e-09,2.830663e-08
0.00018331259,0.00036864166,0.24992703,0.40875587,0.25239834,0.061280727,0.012500791,0.0072068167,0.0047126473,0.0005636219,0.0017003304,5.394422e-06,0.00032835733,8.681841e-06,2.1082574e-08,2.9195027e-05,2.571719e-05,5.9392673e-09,3.969972e-06,2.7363447e-08,4.3579558e-07
6.804415e-07,1.0222866e-05,0.00045524532,0.018740345,0.21393214,0.18560687,0.21552174,0.050541136,0.105922095,0.07225018,0.11523026,0.0068176435,0.014724389,4.039645e-05,1.1450065e-06,2.0327407e-06,0.0001973712,1.5513204e-09,5.9672116e-06,1.4512518e-07,4.2977524e-09
1.18216585e-05,0.00012017692,0.01008911,0.08490585,0.4693427,0.25824842,0.07419551,0.030847335,0.026925543,0.0051922575,0.02836308,0.00018132888,0.011296324,1.44405885e-05,9.579352e-06,0.00010562364,0.00014269988,2.258237e-08,7.6231136e-06,1.7272095e-07,4.0290593e-07
1.3709239e-05,0.00014682354,0.024313979,0.15178533,0.5152866,0.20026864,0.05802532,0.017719027,0.015894813,0.0023981433,0.008629352,8.136733e-05,0.005329807,4.719086e-06,9.726949e-07,3.7040372e-05,6.0148614e-05,9.161723e-09,3.8316316e-06,9.975957e-08,2.2314087e-07
7.4911615e-05,0.0001333563,0.17806618,0.31241515,0.32777068,0.09009212,0.03582169,0.024757676,0.017357621,0.003630669,0.005645415,3.5143403e-05,0.0036638014,9.682198e-05,2.098338e-07,0.00026189175,0.00014884371,4.59388e-08,2.643752e-05,1.2179706e-07,1.2234976e-06
8.923234e-06,1.6925695e-06,3.6088798e-06,0.09316954,0.00011709487,0.014173934,0.14146681,0.052573606,0.30467838,0.34435305,0.031193728,0.0049083135,0.00013486815,0.00011692057,2.3910816e-06,0.0032130368,0.009847108,5.7867683e-06,3.0195493e-05,1.4151269e-08,1.016736e-06
1.0637151e-06,1.9582816e-05,0.000533412,0.053744223,0.3415786,0.28449875,0.08214606,0.02691825,0.18044047,0.0026405242,0.024078231,4.9651913e-05,0.003214451,5.2821706e-06,3.9725564e-06,1.6654863e-05,0.00010993091,7.2429146e-11,8.78474e-07,7.4273094e-09,8.167641e-09
3.3614867e-07,1.4875609e-07,1.4559409e-07,2.4457506e-07,4.0282714e-07,0.00033730522,0.0041635036,0.032539625,0.038250413,0.02967938,0.022201024,0.029135102,0.16568373,0.0066533107,0.04003286,0.022437233,0.00012280914,0.6079285,0.00026145767,8.813767e-08,0.00057242013
2.1026585e-06,1.6402657e-06,3.4934546e-06,0.00013376534,0.0006145318,0.008766521,0.10489166,0.18487835,0.39409012,0.077537335,0.12192324,0.049048655,0.0008125412,0.0017877356,0.00013830532,0.053749442,0.0013262813,0.00026343024,2.9094235e-05,9.411943e-07,8.089404e-07
5.052306e-05,9.735269e-05,0.20261107,0.33748055,0.3280608,0.07927487,0.025557857,0.012449296,0.00833757,0.001590681,0.0032973466,1.2823236e-05,0.0010864994,1.4452422e-05,4.6659817e-08,3.3468117e-05,3.5617384e-05,1.0146351e-08,8.850712e-06,2.8636695e-08,3.1044002e-07
1.1103096e-07,2.0010261e-06,6.0288994e-06,0.00049416354,0.010920743,0.12262421,0.16342707,0.21406507,0.085193515,0.21464513,0.049055062,0.09743151,0.021587841,0.010989258,0.007938671,0.0010242324,0.000583032,6.283206e-08,9.488064e-06,2.7713543e-06,2.2952426e-08
2.7540165e-07,2.5171241e-06,2.9174046e-06,0.03533605,0.0017495775,0.23090315,0.15471475,0.32969284,0.15187877,0.024453953,0.041200507,0.0009322789,0.0016929202,9.82069e-05,0.026571635,0.00028671924,0.0004780527,2.4220245e-08,4.740968e-06,5.7344627e-09,1.266313e-07
1.2854579e-06,2.6114776e-06,2.7949068e-06,8.759797e-06,2.1796763e-05,0.0005863021,0.018930543,0.058866344,0.22017762,0.11610435,0.056245163,0.036486972,0.15693764,0.019376587,0.03998161,0.020781156,0.027205775,0.22644092,0.0017275026,2.7863864e-05,8.639584e-05
1.0577989e-07,3.929722e-06,0.000117185205,0.005223106,0.05531262,0.17018646,0.27096707,0.09258378,0.06631841,0.15031274,0.014903547,0.0777828,0.09502454,0.0010676521,1.3086075e-05,0.00013675384,3.343648e-05,7.058923e-10,1.2187541e-05,5.935879e-07,8.5544745e-09
5.7749507e-08,1.6519772e-07,2.4473385e-07,1.0610896e-05,0.00016599493,0.001581369,0.008442035,0.037817385,0.13499336,0.027789725,0.017801374,0.011092788,0.004084139,0.2559765,0.019607458,0.0011701718,0.47443584,0.00015293635,0.0048720534,5.8090486e-06,3.465187e-08
6.7452026e-09,4.6210016e-10,3.2091405e-09,0.00011768882,1.00835074e-07,9.204481e-05,0.0020752659,0.0034721121,0.0008270242,0.06824386,0.030798225,0.0072191358,0.0009974295,0.0024465485,0.10339574,0.7740587,3.0275012e-05,0.005851126,2.3784354e-05,3.396874e-09,0.00035097348
6.239637e-08,3.7202705e-07,3.2332443e-07,0.025606705,0.00035563658,0.5624464,0.16551584,0.09769552,0.091083474,0.018545613,0.007116162,7.994585e-05,0.00027958583,2.5781583e-05,0.030843971,4.1238163e-05,0.00036212284,2.751831e-09,1.1378135e-06,2.3587035e-10,1.6248249e-08
2.8494242e-06,3.8241665e-06,8.465728e-06,0.00017414009,0.00044801572,0.006008103,0.07262902,0.121453024,0.35087997,0.115876056,0.11213544,0.02807023,0.0032704687,0.002394083,0.00054104754,0.18387356,0.001577578,0.00055608887,8.994475e-05,3.0240658e-06,5.0563267e-06
8.547443e-06,1.6384364e-06,2.1788799e-06,0.0001559281,4.5945194e-07,9.874804e-05,0.0013975365,0.0024324846,0.021660801,0.0430857,0.0050335173,0.01221554,0.0076150396,0.029120842,0.09793634,0.026740221,0.0005145078,0.66985613,0.062452875,3.3153034e-07,0.019670663
7.8903334e-08,1.2339875e-06,1.1925479e-06,7.050085e-05,0.0007541899,0.018585814,0.068026304,0.13253953,0.06627171,0.12440853,0.18299668,0.048581377,0.020803843,0.01485603,0.31832185,0.0027386143,0.0010291412,3.7555688e-07,6.1540477e-06,6.7923966e-06,3.3336637e-08
0.004928529,0.024255116,0.19994725,0.31508884,0.18018435,0.04659913,0.07099868,0.0370723,0.022668496,0.004095003,0.08670809,0.0027196088,0.001244346,0.0009164852,4.032787e-06,0.0021312588,0.00013351926,1.6816534e-07,0.00028381587,1.0305478e-05,1.0676311e-05
3.2531534e-07,3.615282e-07,6.7943296e-07,0.00025520625,0.00020050646,0.0043593235,0.022640565,0.12093768,0.19051237,0.16388342,0.014578396,0.012356026,0.0800346,0.23567578,0.022228567,0.0444217,0.0025488776,0.00029382395,0.08506974,1.8909765e-06,2.1556605e-07
3.3383142e-07,3.012373e-06,3.6752201e-06,0.00035130055,0.0036647383,0.047675923,0.16042566,0.3619258,0.15528862,0.08955367,0.050516374,0.035247866,0.017877353,0.027929833,0.028233461,0.0155544905,0.0056509534,9.045194e-06,6.938363e-05,1.8261428e-05,2.2318576e-07
2.1819757e-05,0.000117062205,0.103019565,0.2742048,0.42447537,0.10573835,0.04541671,0.021207232,0.01343008,0.0022860619,0.0048058233,4.4103777e-05,0.005090395,1.1075383e-05,1.4376126e-07,5.6052122e-05,7.018453e-05,6.499766e-09,4.8955385e-06,8.442782e-08,2.383633e-07
6.2223317e-12,1.3902791e-12,7.9648565e-13,1.3918593e-10,1.9794764e-10,1.1117086e-09,0.00020339871,5.3794256e-08,0.00012850261,0.000106104926,0.0031678155,0.018078603,2.2629556e-05,1.5505688e-05,3.6454736e-08,1.8710229e-05,4.2844718e-07,0.97824734,4.899966e-12,1.0761875e-05,2.6397424e-11
1.6458063e-06,1.2003446e-05,0.00045342435,0.07126037,0.24607672,0.4653394,0.13567334,0.03920789,0.027372763,0.0027499201,0.011454777,3.2591986e-05,0.0002894381,1.188137e-06,5.219561e-07,6.1096653e-06,6.7626446e-05,8.276379e-10,2.7426182e-07,1.8144392e-09,7.519021e-09
1.4451553e-05,8.496639e-05,0.00624426,0.06974658,0.29641837,0.35378623,0.09537481,0.057088755,0.038315963,0.020841496,0.03341317,0.0005701668,0.026979614,6.6201945e-05,0.000109716275,0.0004916383,0.0004239521,3.8826877e-07,2.7120608e-05,7.7799524e-07,1.3485902e-06
6.958862e-07,1.6670309e-06,2.0777998e-06,0.013776091,0.0022620512,0.32054988,0.10824942,0.17888036,0.24151847,0.024916984,0.10199784,0.0014891168,9.493268e-05,0.00029008175,0.000702592,0.0040406613,0.001224845,3.768167e-07,1.7926997e-06,7.1171087e-09,9.222761e-08
4.0463988e-09,3.6950645e-08,4.7729294e-08,1.0227012e-06,3.047574e-05,0.0002621553,0.0060633887,0.011021515,0.05905429,0.012738434,0.34041363,0.20566878,0.0039002495,0.011252435,0.12063809,0.00030385834,0.22862649,7.89582e-06,3.8411854e-06,1.3393766e-05,3.3385992e-09
0.22372621,0.32845584,0.24263062,0.092698984,0.049282633,0.011353812,0.0110677015,0.005830317,0.003362199,0.00043948533,0.0281298,0.0007648061,0.00019060021,0.00048008302,2.0082447e-05,0.0011090005,0.00023601965,4.664651e-06,0.000110269655,6.471643e-05,4.215357e-05
6.161344e-06,1.1856785e-06,1.081415e-06,0.015528925,0.00012181797,0.003041827,0.081969306,0.10029953,0.6465417,0.098790444,0.043269403,0.0016230078,2.4418581e-05,2.1090844e-05,1.5836669e-08,0.0049434355,0.0038091175,3.2198363e-07,7.0619476e-06,1.216325e-09,5.351215e-08
4.272012e-06,4.5209723e-05,0.0002753593,0.017570376,0.05942664,0.17277476,0.069479115,0.21101254,0.10027379,0.04749564,0.2501416,0.0038313454,0.048643198,0.0006969558,0.01445737,0.0024717867,0.0013492227,4.232484e-07,4.692208e-05,1.5394901e-06,1.9855925e-06
3.3518808e-07,2.349155e-07,4.7434918e-07,0.0017748842,0.006286624,0.02259681,0.35906348,0.119669154,0.46084416,0.008826387,0.01615988,0.0024039913,2.1334083e-06,1.9159921e-05,1.0108067e-08,0.0022863948,6.581548e-05,3.6890138e-09,8.545018e-08,3.1213016e-10,6.863633e-10
0.00031047966,0.0022267322,0.17789479,0.48739618,0.23606743,0.07132668,0.010452615,0.005958738,0.0048406487,0.00043588676,0.002313655,1.4686184e-05,0.00068022986,4.960363e-06,6.8231856e-08,3.731718e-05,3.5653527e-05,5.5560236e-09,2.3889793e-06,1.3104771e-07,7.978053e-07
5.637351e-06,2.533526e-05,0.00041048607,0.07174235,0.13430418,0.65137523,0.08784852,0.025601836,0.021698425,0.0023991063,0.004324,1.0482818e-05,0.00015688405,2.1810833e-06,2.3322946e-06,4.051315e-06,8.8580084e-05,1.1005086e-09,3.8260973e-07,1.7386932e-09,1.6277413e-08
6.2159725e-06,2.8364504e-06,6.5746553e-06,0.00085175404,4.9998718e-05,0.008298744,0.034820963,0.051978916,0.45579353,0.1466462,0.107031815,0.069509774,0.014027329,0.014423445,0.0007838476,0.043437272,0.00038775452,0.006093633,0.045798227,9.173319e-07,5.0304818e-05
1.311641e-07,6.1463716e-08,6.380667e-08,0.00040688954,4.923082e-07,0.0021308197,0.012076183,0.0134004215,0.70198834,0.15748216,0.0600842,0.04451047,0.00036163043,0.002430054,0.0002137529,0.00095879566,3.121102e-05,0.0016297118,0.0022536751,2.349904e-09,4.0898765e-05
0.00036664982,0.0040903757,0.05827715,0.24222499,0.11462322,0.06547511,0.16851819,0.13420945,0.076117955,0.016017525,0.0790998,0.015526574,0.004633847,0.0021307801,1.9038608e-06,0.018422743,0.00012764834,3.307233e-08,0.00010863304,2.569487e-05,1.7725164e-06
4.487945e-07,6.144212e-07,1.42157505e-05,0.008233193,0.3769572,0.16921638,0.2773364,0.14413156,0.020715373,0.001149707,0.0020740428,0.00015200184,1.5668907e-06,1.1706668e-05,9.731044e-10,3.577012e-06,1.9391928e-06,8.546592e-12,1.1261359e-07,3.463229e-11,3.3128722e-11
1.9748543e-06,1.7811095e-06,2.0703008e-06,0.00024795943,0.0013180188,0.021639757,0.103996895,0.28366533,0.44214615,0.020433217,0.075864285,0.029285023,0.00022564153,0.003890385,3.9294137e-05,0.015690958,0.0011781453,0.00026628253,0.00010619509,4.6956987e-07,1.5148414e-07
2.7331782e-06,1.9651175e-06,0.00016189378,0.057233665,0.37628818,0.17033914,0.17763597,0.18864258,0.023232182,0.0035014655,0.0026990634,3.990757e-05,1.9530462e-06,0.00015234394,3.9557975e-09,8.1071885e-06,7.96565e-06,8.6199214e-10,5.086349e-05,2.306603e-10,1.404367e-10
4.815994e-09,1.3153588e-10,1.1936296e-10,7.1689196e-06,9.1719855e-08,4.7095586e-05,0.021726819,0.0003728377,0.017386021,0.0047756284,0.038917333,0.009603277,0.00052461674,0.0018295202,8.173929e-05,0.00040963545,0.90363663,0.00026549277,0.000412322,3.6682645e-06,8.723305e-08
7.047386e-08,1.4013991e-06,1.808521e-06,0.00011536514,0.0018297111,0.03462601,0.10286251,0.20089142,0.09081137,0.16969301,0.15163401,0.0849339,0.028690523,0.019691246,0.11037312,0.0029076808,0.00092345424,2.3717566e-07,7.591435e-06,5.5845253e-06,2.732593e-08
8.610014e-06,9.7814855e-06,4.3350825e-05,0.12207654,0.004339755,0.06274994,0.18380736,0.14818528,0.17972976,0.1234054,0.13338129,0.004903806,0.0047706035,0.0015303087,4.2651307e-05,0.0106155565,0.020321844,1.0274999e-06,7.5844066e-05,1.7870366e-07,1.1625747e-06
1.127848e-06,1.4666251e-06,2.3284465e-06,0.008919098,0.00025993292,0.019459547,0.22619307,0.18490562,0.19308026,0.07727831,0.11352181,0.086939886,0.034095578,0.0051103733,0.0022314896,0.00019652059,0.047559235,3.5972178e-06,0.00023984344,6.61182e-07,2.532452e-07
1.8586365e-09,2.4062075e-10,3.388536e-10,1.3400262e-05,1.31931e-07,0.0019405518,0.01768809,0.010179417,0.010716978,0.10665851,0.0036234404,0.8395773,0.0019868726,0.0015722959,0.0017643768,4.2657884e-05,8.049025e-05,0.0033936661,0.00076178054,1.2720142e-08,6.8142922e-09
6.671263e-07,5.6110014e-08,8.773613e-08,2.6396923e-05,5.9021655e-05,0.0018474794,0.09180007,0.12581283,0.54893595,0.105775155,0.08328668,0.038251195,2.7099479e-05,2.2194628e-05,5.466993e-07,0.0027363803,0.0014174219,5.524656e-07,2.1941138e-07,9.0741836e-10,7.040118e-09
5.194487e-06,0.00012722152,0.0050828364,0.06827179,0.5695909,0.22474982,0.05658465,0.014577144,0.034599207,0.0014622271,0.021068271,6.223373e-05,0.0037318545,2.5962097e-06,1.7299863e-06,2.3281364e-05,5.7815138e-05,6.312686e-10,1.0915903e-06,2.412684e-08,6.790134e-08
0.008177194,0.013461542,0.4422031,0.33477017,0.13936868,0.03768294,0.009335276,0.0057374598,0.0038907118,0.00055985624,0.003975168,2.8832908e-05,0.0004267912,5.431089e-05,6.71947e-07,0.00018241329,9.3462375e-05,3.591997e-07,3.446424e-05,1.2700704e-06,1.5312298e-05
2.4335182e-07,9.689385e-07,0.00024836021,0.004929466,0.020980336,0.04713373,0.08279277,0.12240624,0.012161473,0.46873447,0.18645468,0.0012971865,0.052236527,0.00033954947,4.6411016e-05,6.851676e-05,9.195281e-05,1.356139e-08,7.693599e-05,1.4360701e-07,9.055017e-09
8.575106e-09,4.3120174e-08,5.8527498e-08,3.759325e-05,4.7969603e-05,0.00030434277,0.008669154,0.048058037,0.116298996,0.11309352,0.03300981,0.06411991,0.075417675,0.48008326,0.046083618,0.00612786,0.0025237617,2.1131327e-05,0.006102674,5.067358e-07,1.61215e-08
0.000107287626,8.88436e-05,0.08563121,0.38667738,0.3640529,0.06930634,0.028762985,0.032044314,0.02060343,0.0034129054,0.0042400537,2.2872151e-05,0.0029242854,0.00049299625,1.1543441e-07,0.001211376,0.00040418998,6.9673874e-08,1.50759315e-05,7.66689e-08,1.3171067e-06
0.65854,0.24527924,0.088376515,0.002530494,0.0010685464,0.00046022324,0.00036430324,0.00031687442,0.00015962031,9.143306e-05,0.0019621104,6.9621645e-05,0.000100309684,4.1719977e-05,0.00019656622,0.00028943666,4.741553e-05,1.8050347e-05,2.9604582e-05,3.399871e-05,2.3951257e-05
6.2588775e-08,1.5286336e-07,1.402051e-07,0.0063875937,0.00050657906,0.5051644,0.21434227,0.09064306,0.16161846,0.012127924,0.008718762,6.951504e-05,5.037732e-06,1.4848973e-05,9.240319e-05,3.94661e-05,0.00026919344,5.417069e-09,6.49712e-08,2.943415e-11,1.5672379e-09
0.017788563,0.026254032,0.49527058,0.30175737,0.10777201,0.031199789,0.0072157066,0.004856041,0.0031047526,0.00041751048,0.003628735,2.5809131e-05,0.00029569387,5.6418794e-05,8.217636e-07,0.00021321999,9.173399e-05,4.7255926e-07,3.1076997e-05,1.6747996e-06,1.815681e-05
7.706966e-07,9.018773e-07,1.8804724e-07,0.000104678984,1.1662865e-05,0.007828163,0.02389286,0.09793487,0.7594794,0.047933582,0.018466288,0.040772785,0.000376243,0.0009644778,2.0273708e-06,0.00034055067,1.4176734e-05,0.0005453206,0.0013308054,1.824793e-08,2.2352768e-07
1.074495e-06,1.7677893e-06,1.8475932e-06,0.00033497068,0.0011230765,0.01607273,0.06906311,0.23558986,0.55176187,0.018253315,0.02484859,0.0070766862,0.0013058084,0.011897538,0.00011326902,0.058099367,0.0020508836,0.00028868788,0.0021138398,1.164857e-06,5.4638673e-07
9.193425e-06,6.433168e-06,1.8675857e-05,0.041676503,0.0019659437,0.011641417,0.14147003,0.12543786,0.19961317,0.08847198,0.03243742,0.0021166697,0.0019002443,0.0022152225,8.083751e-06,0.3481764,0.0025172299,1.7153634e-06,0.00031462085,1.942417e-07,1.0815186e-06
1.160647e-07,2.536553e-06,8.187069e-06,0.00088026066,0.020090086,0.1981688,0.20712273,0.1964616,0.07090821,0.19222103,0.045653995,0.04076299,0.020840915,0.0043339785,0.0018453404,0.00054705905,0.00014842724,4.6761452e-09,3.3371687e-06,3.633283e-07,1.205317e-08
3.4268248e-06,9.381279e-06,1.277712e-05,0.015290046,0.0014601911,0.05041958,0.22040844,0.06867905,0.23931482,0.10703202,0.18236674,0.01308739,0.030493993,0.008740346,0.012633254,0.00016019262,0.049330115,1.558968e-06,0.0005542422,1.7727207e-06,6.110663e-07
1.7667168e-06,2.0867858e-06,2.1055369e-06,5.842849e-06,0.0040599015,0.0012565736,0.052115746,0.10935661,0.07349523,0.010329895,0.33300906,0.40855634,0.0002191501,0.000828931,0.0012137122,0.003973755,0.0015707619,1.7956808e-06,2.5562068e-07,4.4612085e-07,6.1300214e-09
2.9974707e-08,1.4585851e-07,2.6495456e-08,0.0001034899,6.9970694e-05,0.020802898,0.11868991,0.61980325,0.14995585,0.027545242,0.010844605,0.0015386106,0.0031293551,0.006543334,0.00074149005,0.0011567058,0.03902044,3.737305e-07,5.392282e-05,3.6194058e-07,3.3581735e-08
4.270842e-06,2.3308824e-06,4.028672e-06,0.0007696892,4.7101585e-05,0.0065966863,0.0323054,0.057322383,0.5065045,0.1809656,0.088178426,0.028016932,0.010983313,0.0056787115,0.00013347033,0.04472931,0.00024295063,0.0010776639,0.03642636,3.6099468e-07,1.0521317e-05
1.4521474e-07,8.260612e-08,9.456677e-08,0.00013443401,2.7410438e-06,0.0010809944,0.012552886,0.019941065,0.7089514,0.119324826,0.12192118,0.0064071384,0.00043385546,0.0002898031,1.1709618e-06,0.007785728,4.3989614e-05,4.0083993e-05,0.0010878941,1.7990309e-09,4.61764e-07
1.9365418e-06,6.830821e-06,0.0003851788,0.059242327,0.44885826,0.18336484,0.20133379,0.06868917,0.02057321,0.010879931,0.0052806274,0.00083586527,0.0003088674,0.00020873437,6.1675735e-08,1.6029155e-05,9.88979e-06,7.29131e-11,4.3832224e-06,2.1496682e-09,3.966089e-09
1.3714085e-06,1.610802e-07,3.0700755e-07,0.00027281625,5.1303346e-07,0.00031601815,0.017580798,0.03652038,0.086831056,0.11001875,0.13031137,0.22441328,0.05429645,0.044634834,0.11374208,0.018995093,0.00016071265,0.035269983,0.12578632,1.7320667e-07,0.00084748794
1.498186e-06,7.5033636e-06,9.502973e-05,0.054242186,0.02056791,0.08418018,0.23623009,0.18090466,0.0833281,0.17756318,0.10282193,0.00544993,0.04723739,0.0016681252,4.7116984e-05,0.004030122,0.0015574103,1.1567134e-07,6.719045e-05,1.8904856e-07,1.7283438e-07
5.492869e-07,1.1151504e-05,8.82218e-06,0.0035829532,0.00045573962,0.017037252,0.022335859,0.0070071733,0.054668862,0.53769946,0.17479692,0.00022443543,0.01994878,0.101000674,0.06105313,3.234997e-05,3.987222e-06,5.3514092e-11,0.00013187998,5.0334467e-08,4.1288511e-10
4.750525e-05,0.00019348436,0.10540566,0.35926846,0.36599103,0.10235769,0.02817067,0.018509937,0.012476008,0.0017591775,0.0024884064,2.47014e-05,0.0030704911,1.6208134e-05,9.04371e-08,0.00010908356,0.00010730669,7.465502e-09,3.5535445e-06,8.547947e-08,4.0265647e-07
1.1587116e-05,4.5241002e-05,0.0013598688,0.045521304,0.08902169,0.48238924,0.101665065,0.08615615,0.041647743,0.05807208,0.031826615,0.00082673697,0.055701334,0.0002494376,0.0017950892,0.001868717,0.0017776809,3.7269372e-06,5.5832585e-05,1.2120452e-06,3.5485648e-06
6.374885e-07,8.538791e-07,2.4096022e-07,0.002070867,4.965819e-06,0.0011400614,0.07566148,0.17149486,0.24889551,0.03515333,0.099801086,0.21473534,0.058398232,0.05205824,0.016201837,0.0019291734,0.016018819,0.00029601404,0.006135725,2.3368078e-07,2.5089196e-06
9.791014e-07,1.9109184e-06,5.0281145e-05,0.011804558,0.022390889,0.07930446,0.13549447,0.08365721,0.14766791,0.24590574,0.0053099445,0.0014091918,0.0022154457,0.029875966,0.00013669848,0.00066077284,0.0040497384,3.6432853e-06,0.23005824,1.9948047e-06,6.9227795e-08
7.994689e-07,1.5166075e-06,2.9568437e-06,0.00022684781,0.00033529502,0.005099763,0.056366157,0.12344917,0.24607,0.034049105,0.07329029,0.009412991,0.003563646,0.0044572433,0.000618955,0.44065693,0.0019892685,0.00020671077,0.00019824794,1.4677108e-06,2.5961951e-06
0.000152638,0.0014066218,0.13798301,0.3739986,0.34714645,0.08649622,0.022933582,0.011951406,0.009221781,0.0010726516,0.004911025,5.1482417e-05,0.0025052952,1.3011008e-05,2.5073516e-07,9.174084e-05,5.7300607e-05,1.3903817e-08,5.306006e-06,2.7817075e-07,1.35411e-06
1.8881265e-06,6.7815404e-07,1.7610823e-06,0.00015211088,0.0007742647,0.01252776,0.16479091,0.18823536,0.36079854,0.10535313,0.08157334,0.056932975,0.0002522585,0.0006673176,3.4286415e-05,0.026821593,0.001055461,2.1909074e-05,4.1087137e-06,1.3327131e-07,1.6258414e-07
6.198935e-07,2.3020023e-06,2.3989553e-06,0.0015198449,0.0002105861,0.008487628,0.010529883,0.03906395,0.019893771,0.08160104,0.06730823,0.0049258075,0.00886052,0.002854687,0.74399084,0.0077326023,0.0028244588,6.769373e-05,0.00011384083,1.6727646e-06,7.704696e-06
1.0339747e-05,5.9005697e-06,2.1872092e-05,0.099964805,0.0014294164,0.023652868,0.14933336,0.12259964,0.21176085,0.12223433,0.07553906,0.0034890426,0.0023127722,0.0023699687,1.4597727e-05,0.17413907,0.010880386,2.6786147e-06,0.00023713442,1.5715536e-07,1.7853447e-06
5.386251e-07,2.4657606e-07,7.532524e-07,0.0008456241,2.193593e-05,0.005738969,0.030856717,0.08172705,0.23672503,0.1559172,0.05411329,0.07195332,0.04630535,0.025375593,0.004263957,0.10056931,0.0003620651,0.0011226318,0.1840959,2.4522743e-07,4.2729343e-06
3.296069e-06,1.4085804e-06,7.70123e-07,0.0003953511,3.523598e-05,0.0008547006,0.03302266,0.093512855,0.55258006,0.08928844,0.20700765,0.018781368,0.00012399611,0.00016806202,4.78878e-07,0.0035163152,0.000629217,1.8937186e-05,5.8939422e-05,1.9753202e-08,2.5655044e-07
1.7035841e-06,4.99799e-06,7.196368e-05,0.02876621,0.010336077,0.5862425,0.15548041,0.075494386,0.02295758,0.084089175,0.011783733,0.0016214853,0.016999844,0.00011855745,0.003515761,0.0015253806,0.0009648866,8.938971e-06,1.4912606e-05,2.1146407e-07,1.321042e-06
4.1360929e-07,1.4765325e-07,4.0582327e-07,4.5449924e-05,3.257567e-06,0.0011305142,0.0055593476,0.008518242,0.022639733,0.056600787,0.007923529,0.02536001,0.034553375,0.006096009,0.0021382715,0.0021224907,1.3175971e-05,0.0018636114,0.8254192,7.662649e-08,1.19070855e-05
0.016293468,0.046597928,0.30059284,0.2814937,0.14981852,0.037499983,0.047264088,0.029334173,0.015745308,0.0022431344,0.06726147,0.0008995761,0.00044090225,0.00067832624,4.1840913e-06,0.0033778965,0.00014922721,3.1727345e-07,0.00027777618,1.1096136e-05,1.607954e-05
1.4927816e-05,0.00024101441,0.0060707107,0.07987231,0.5076418,0.24987362,0.056905653,0.021884695,0.039701987,0.002735412,0.029226786,8.102992e-05,0.005544148,9.326205e-06,1.00525e-05,5.9551625e-05,0.0001231189,3.7754746e-09,3.4446434e-06,5.7782884e-08,3.0709649e-07
2.2441668e-06,3.787915e-06,0.0003782661,0.0706983,0.41620108,0.18556991,0.20784916,0.08001313,0.022853075,0.012615377,0.0031863544,0.00030849356,9.385624e-05,0.00017326948,8.502756e-08,1.4091391e-05,1.6662614e-05,5.176335e-10,2.2785065e-05,3.5411967e-09,2.6264693e-09
1.816109e-06,5.9249817e-07,7.063285e-07,0.0028365573,3.5944868e-06,0.0021280583,0.045985468,0.051170345,0.29762724,0.1528508,0.14323002,0.20129605,0.025623143,0.007625348,0.014883447,0.026467217,0.0028936015,0.005143064,0.020130776,3.038359e-07,0.00010183398
2.2807308e-05,4.656694e-05,0.038509674,0.107742175,0.29190472,0.11542916,0.108030364,0.09188183,0.058619782,0.045594726,0.03788788,0.00050749653,0.09816693,0.0015851168,3.2094948e-05,0.0026951614,0.0009986626,1.9455163e-06,0.00033699992,1.2898602e-06,4.577463e-06
5.5493217e-07,3.6242902e-08,7.7064435e-08,2.0260833e-05,0.0010377495,0.0027206868,0.26136124,0.23357873,0.32156736,0.015401058,0.08153626,0.08266845,8.618646e-07,2.0993093e-06,5.943602e-09,5.7121037e-05,4.742496e-05,8.424231e-09,5.214378e-09,1.2567818e-10,5.1007466e-11
1.4900297e-07,8.008088e-07,3.1977732e-05,0.0010573842,0.0063011176,0.010252139,0.03764604,0.058453284,0.17220028,0.16822188,0.020624375,0.009399774,0.010422463,0.43441674,0.00028295154,0.00097219937,0.005938571,4.2535217e-07,0.06377549,1.8881215e-06,8.190761e-08
2.597715e-05,1.2796201e-05,3.108346e-05,0.0029736857,0.0001920909,0.005086952,0.037030447,0.048851263,0.31608328,0.22981417,0.13810486,0.020291334,0.0109068155,0.0063212146,0.00021190873,0.15213846,0.0018903501,0.0012596614,0.028711626,2.330095e-06,5.97575e-05
7.4538504e-05,8.8252746e-05,0.12081379,0.40612122,0.35244,0.092418134,0.015732456,0.006524669,0.0030468258,0.00091415626,0.0015874007,5.1008983e-06,0.00020347699,6.3993634e-06,4.777072e-08,4.216692e-06,1.1217157e-05,1.5168064e-08,7.880771e-06,1.1133106e-08,1.17062875e-07
1.1253584e-06,1.0622351e-05,0.00021909029,0.033899866,0.100393884,0.5448936,0.15651125,0.066877574,0.06673789,0.008491257,0.016479237,0.00027005188,0.0047919364,7.0557344e-06,8.7047825e-05,8.597153e-05,0.00024084595,8.496457e-09,1.5824681e-06,2.4322162e-08,6.012128e-08
3.5704778e-07,1.3645491e-06,1.9036238e-06,0.0007708184,0.016308917,0.019463174,0.3216446,0.20525865,0.22783656,0.017265938,0.05898581,0.022173336,0.00042942134,0.0064391014,4.2753858e-05,0.10309723,0.0002744246,1.01096596e-07,5.3634985e-06,8.570273e-08,1.3983837e-08
4.6309883e-06,6.7066994e-06,6.0381884e-05,0.08147435,0.018716393,0.27812874,0.3710001,0.10788554,0.06673221,0.053969778,0.018925598,0.00043713907,0.0004211114,4.7610414e-05,5.5532128e-06,4.029373e-05,0.002141373,2.278119e-08,2.4482947e-06,8.285179e-09,5.1499388e-08
0.18665795,0.3058356,0.30329877,0.14845236,0.032907777,0.0116864685,0.003382045,0.0022089372,0.0011487707,0.00020966725,0.0033740846,5.099688e-05,0.00020271978,8.787512e-05,8.575575e-06,0.00022648039,0.00012993351,3.7947266e-06,5.3111216e-05,1.6416538e-05,5.7602218e-05
2.3660579e-07,2.5870955e-07,2.2101625e-07,4.296327e-06,5.0725095e-07,0.00011646501,0.0038739676,0.010916651,0.2732436,0.032929752,0.549555,0.078873046,0.0025687506,0.020779833,0.0005534125,0.00022586559,1.2157247e-05,0.024746735,0.0015062006,1.3143368e-08,9.295296e-05
6.1180494e-08,1.1867808e-07,9.3569064e-08,0.00037510012,0.00096972735,0.11983281,0.5967598,0.13811007,0.1096358,0.030826515,0.0022003367,0.00032220402,2.8393772e-05,0.00010895641,6.122597e-06,0.0001927325,0.00063095015,1.2727771e-09,1.5947006e-07,3.0210356e-10,1.1686901e-09
6.723884e-07,2.8751908e-06,3.947085e-06,0.00012192776,0.0015005613,0.013399583,0.12500459,0.18580027,0.2132692,0.07776125,0.1518825,0.040176924,0.006629582,0.01628831,0.043378927,0.1154031,0.009149128,0.00018496363,2.926163e-05,1.1568183e-05,8.1765813e-07
1.9962897e-07,1.2704975e-06,9.2229236e-08,0.001159771,2.8281098e-05,0.001985765,0.016041009,0.050726257,0.029592738,0.03224624,0.048866056,0.005073959,0.0114934975,0.38156134,0.4104431,0.00024401427,0.010301368,6.6616843e-07,0.00023424161,3.118416e-08,8.602992e-08
4.1382715e-05,0.002042633,0.034194686,0.27091363,0.5177272,0.13244565,0.01684296,0.0041586584,0.014753253,0.0003609146,0.0053015584,2.351343e-05,0.0011660809,1.3373467e-06,1.0647741e-07,1.2446941e-05,1.3105207e-05,3.177423e-10,7.1994884e-07,5.1553286e-08,9.918977e-08
0.00027915687,0.0018243418,0.095738076,0.3770678,0.1754198,0.07026958,0.09464007,0.0800931,0.033963025,0.01012635,0.055058643,0.0014290882,0.0011494873,0.0003521585,5.311096e-07,0.0023392942,4.2025094e-05,7.742316e-09,0.0002045833,1.6251736e-06,1.2493445e-06
7.195839e-05,5.811008e-05,0.038930144,0.2811438,0.3591905,0.101430446,0.05930203,0.055449963,0.035192158,0.018003322,0.009088807,0.00010633442,0.03225373,0.0026440627,2.5488966e-06,0.0050092856,0.002041798,1.0922679e-06,7.488671e-05,3.8068978e-07,4.609742e-06
0.00022155094,0.0005699933,0.20279035,0.40234652,0.28088742,0.07258604,0.016503872,0.011397323,0.007999534,0.001053257,0.002354915,1.5089172e-05,0.0010480287,2.233969e-05,8.241889e-08,0.00011807533,7.8188e-05,1.6931665e-08,6.080597e-06,1.1636746e-07,1.1331913e-06
6.469034e-06,2.3698312e-05,0.003029854,0.20211129,0.2748961,0.4200589,0.056746498,0.022192994,0.011819312,0.003412767,0.005247382,2.5945597e-05,0.00036943966,3.7596974e-06,7.362376e-07,5.4352263e-06,4.7474594e-05,9.186765e-09,1.9549598e-06,6.7177717e-09,3.0298565e-08
0.00012722939,0.0016574624,0.060586985,0.44716018,0.16278842,0.0792489,0.10501884,0.05761549,0.0210005,0.0117157865,0.040341705,0.005603975,0.0064645642,0.00018153396,7.0886995e-07,0.00038860488,2.6048912e-05,4.833948e-09,7.0188944e-05,2.214396e-06,6.1561616e-07
2.8490226e-06,2.3932903e-06,2.8756897e-06,0.00017246848,0.00089438923,0.0032583128,0.08345502,0.10848368,0.26426652,0.058611613,0.16190223,0.040679283,0.00055997074,0.00031108197,4.2942327e-05,0.27579424,0.0015536975,2.9601679e-06,3.1041914e-06,1.4321353e-07,1.7657175e-07
3.2225886e-05,3.8924474e-05,0.017862603,0.35440466,0.30113608,0.27403122,0.027988428,0.014150529,0.0042127715,0.0030378168,0.002928531,1.3485617e-05,9.701092e-05,2.3966222e-05,1.5703633e-07,4.8650745e-06,1.7638347e-05,1.0885352e-07,1.902929e-05,8.652621e-09,3.915443e-08
0.00079529174,0.0006027205,0.36337227,0.3049926,0.2494134,0.05194643,0.013153926,0.0073735877,0.00471762,0.00072295597,0.0024451022,7.357558e-06,0.00028739724,4.102777e-05,7.84915e-08,6.639748e-05,3.6122936e-05,8.094926e-08,2.3442019e-05,7.1385855e-08,2.0924072e-06
8.4828716e-10,1.0925186e-08,1.0674811e-08,1.5638633e-07,7.0255663e-07,5.1843035e-06,0.00087550946,0.0005903403,0.013876915,0.0019026193,0.7132285,0.24479616,0.0023848664,0.0011363182,0.010957488,9.196903e-05,0.009903407,1.1709926e-05,7.1871156e-08,0.00023803549,5.7238253e-10
6.057382e-07,3.9235047e-06,0.00020243725,0.041973058,0.19365498,0.188162,0.31611767,0.09362279,0.06196045,0.089069515,0.0051070815,0.004191565,0.004960423,0.00070962275,1.8980647e-06,6.602843e-05,8.4015286e-05,2.8469433e-09,0.00011180538,8.688825e-08,1.6007483e-08
0.00020148703,0.0006177391,0.06564708,0.53617847,0.29471585,0.080310315,0.012767076,0.0047248593,0.0028540795,0.00037798384,0.0013885848,5.634919e-06,0.00018708514,2.0712594e-06,8.575713e-08,2.4239807e-06,1.6216909e-05,5.124786e-09,2.759056e-06,2.433347e-08,1.6925492e-07
2.9843506e-05,0.00014243354,0.034672808,0.31837022,0.43196413,0.15712199,0.03139134,0.011164421,0.0077696876,0.0013951308,0.0045233546,1.8899176e-05,0.0013817361,4.029031e-06,3.919317e-07,8.444225e-06,3.6871956e-05,6.539821e-09,4.084478e-06,2.8458611e-08,1.3907402e-07
0.0070461626,0.0033342426,0.531527,0.21918026,0.17447929,0.03823642,0.011257648,0.006297491,0.0039636027,0.0006115003,0.0033366603,1.289073e-05,0.00020359037,0.00016735522,2.612937e-07,0.00020893084,6.322618e-05,6.232257e-07,6.3555475e-05,3.5297953e-07,8.969936e-06
8.095549e-06,1.988893e-06,2.4096955e-06,0.020537447,0.0007399017,0.004659216,0.17158395,0.16578427,0.5379236,0.047397807,0.040327307,0.001282491,1.8484176e-05,3.1738247e-05,1.3408125e-08,0.007678946,0.002019295,6.569249e-08,2.9719722e-06,1.370594e-09,2.272297e-08
1.4754759e-06,1.9920492e-06,2.5211959e-05,0.120897904,0.010606982,0.16258882,0.43908048,0.0917658,0.096624054,0.05836492,0.018288627,0.0002686179,9.849572e-05,1.0221644e-05,2.236898e-07,2.8629687e-05,0.0013468524,4.965042e-09,7.326942e-07,9.0835345e-10,1.0799115e-08
0.2555104,0.50266147,0.16190714,0.05449751,0.012342592,0.0054467255,0.0019461185,0.0012221815,0.0006659719,0.00014473178,0.002662064,8.218006e-05,0.00017814871,9.17762e-05,2.5321053e-05,0.000280381,0.00014119878,1.0455778e-05,5.6819626e-05,5.1210303e-05,7.5558004e-05
5.9403425e-07,3.7490648e-07,6.490158e-07,0.00010558313,9.138526e-05,0.0122168865,0.029085627,0.1439376,0.23143868,0.083551146,0.013930673,0.022554172,0.067164384,0.123031095,0.034969542,0.012246276,0.0025227324,0.002027547,0.22112295,1.6362253e-06,3.895987e-07
1.0535526e-06,4.424897e-05,0.0031820012,0.081788585,0.44710705,0.16988917,0.10536055,0.067765675,0.018678328,0.026293237,0.07529115,0.0019494008,0.002638372,2.2918712e-06,2.20049e-08,5.067337e-07,7.619583e-06,5.957382e-11,6.632884e-07,1.7202701e-08,1.0353889e-09
2.516002e-07,5.225099e-07,1.4387033e-06,0.0009098385,0.00027987754,0.0034762446,0.04106147,0.119172096,0.13677618,0.29385722,0.02413252,0.03826066,0.12156591,0.13775815,0.005315553,0.04633256,0.0013505439,5.794909e-05,0.029689085,1.7110364e-06,2.536785e-07
0.00366039,0.007931813,0.3501562,0.41486162,0.16238509,0.041002754,0.008430587,0.0047162496,0.0032395457,0.00039624685,0.0027518657,1.5667652e-05,0.00030410782,1.8634086e-05,2.2869203e-07,5.861449e-05,5.1164847e-05,8.102483e-08,1.3616045e-05,4.1844044e-07,5.102074e-06
0.00014695812,0.00087645435,0.16667107,0.44076338,0.28524774,0.072300665,0.01631431,0.007714009,0.0056455657,0.0006524667,0.002670688,1.7898397e-05,0.0009006127,6.32964e-06,7.016558e-08,3.4310713e-05,3.3307613e-05,5.9003145e-09,3.38767e-06,8.8938656e-08,6.235584e-07
3.028386e-08,2.3350246e-07,1.8369221e-07,6.3349826e-06,6.6520064e-05,0.001324363,0.029399749,0.10794859,0.12613054,0.02730003,0.1295782,0.040801175,0.01669095,0.02337759,0.34649226,0.005281625,0.1451979,0.00029537588,8.000065e-05,2.820303e-05,8.080225e-08
7.380383e-08,9.882357e-08,1.476587e-07,0.01713376,1.829281e-05,0.03050475,0.11248458,0.09668295,0.050449967,0.107738234,0.028746787,0.009010725,0.0018239574,0.0008151263,0.52924836,0.014640607,0.0006263128,4.1441857e-05,2.5375406e-05,2.3585274e-08,8.432185e-06
2.4937034e-07,2.1555916e-06,2.579268e-06,0.00012742904,0.004174139,0.012736505,0.17021978,0.25082672,0.18767619,0.071296625,0.14076819,0.0722322,0.007927128,0.02758758,0.019882023,0.031728834,0.0027813942,4.847181e-06,2.0385009e-05,4.929894e-06,8.550388e-08
8.249275e-05,0.00017197827,0.14297488,0.2575525,0.36521763,0.116630144,0.045677714,0.029590141,0.019490996,0.0067470176,0.007986027,7.8857585e-05,0.007152578,0.00010973547,1.0775254e-06,0.00031036715,0.00017805949,1.9548894e-07,4.487402e-05,2.9225487e-07,2.4597434e-06
7.20491e-07,3.76556e-08,1.8061263e-07,0.0059220386,0.00047234155,0.0067663514,0.6472018,0.07943233,0.22325224,0.034037694,0.0025169323,0.00011458404,1.3448617e-07,1.6174751e-07,6.580126e-11,9.496578e-07,0.00028159822,3.560169e-10,1.5590784e-08,1.1464719e-12,1.0753368e-10
4.0667666e-07,4.3210073e-07,5.849234e-07,3.4453212e-06,6.435471e-07,0.00011527996,0.0037588049,0.01142839,0.5134109,0.23381482,0.15699774,0.0036636244,0.02689463,0.017769037,0.0068751946,0.008900307,8.090787e-05,0.0151940975,0.0009946795,3.870045e-08,9.6030366e-05
3.0524325e-07,2.1104094e-07,2.4154605e-07,9.007025e-06,3.1364267e-05,0.0048400564,0.027717438,0.13187419,0.09350439,0.05165616,0.028057644,0.01646978,0.07030611,0.057871226,0.13079044,0.036159396,0.32481173,0.016632365,0.009207071,5.139211e-05,9.469576e-06
1.92575e-05,0.00021763403,1.7447715e-05,0.75863624,0.0001456407,0.0037118231,0.0017048798,0.0039194613,0.043981772,0.07551551,0.025399016,9.078075e-09,0.0011320686,0.084116325,0.00052894355,1.261127e-06,5.8465014e-07,2.0683174e-14,0.0009522383,1.7651157e-13,3.7548133e-12
2.996467e-10,4.3001155e-10,9.657832e-11,8.490023e-07,1.9345825e-07,0.48676103,0.021402426,0.002566286,0.12101123,0.00026850737,7.759011e-06,0.18607959,8.284301e-07,0.0015911988,2.0776113e-07,1.8132267e-06,1.1426066e-08,0.18030576,2.3073123e-06,9.903085e-12,7.993356e-09
3.3898843e-08,1.9523964e-07,4.2294283e-07,0.0003841345,0.00016294217,0.0019103304,0.046406526,0.10437544,0.08895408,0.24274346,0.031173402,0.12215402,0.25974214,0.08734239,0.0052616,0.0045364266,0.0011253223,6.7646524e-06,0.0037194064,9.601366e-07,2.9938285e-08
0.25150642,0.5058844,0.15933226,0.056164607,0.013106413,0.005791302,0.0020692544,0.0013106464,0.0007366599,0.00016617092,0.0028459337,9.3549796e-05,0.00021547212,9.262671e-05,2.909186e-05,0.00028236368,0.00015777146,1.183498e-05,6.114567e-05,5.9215094e-05,8.286527e-05
6.688673e-06,1.0271979e-06,8.324931e-07,0.013466121,5.0966623e-06,0.0037703877,0.062013827,0.026971864,0.47899112,0.35722786,0.015266505,0.0065768072,0.0010637986,0.0007373592,0.00012970655,0.0021158447,0.030952523,0.00011219814,0.0005806185,1.1468917e-08,9.711704e-06
1.1915039e-07,7.428455e-06,3.2096694e-05,0.0006013235,0.00015350273,0.0037258288,0.112418436,0.008675751,0.031102778,0.001255616,0.009488649,0.8282029,0.0027275102,0.0008072676,1.2386717e-07,0.00019070195,3.4203745e-06,4.218363e-09,1.6437677e-07,0.00060630677,3.035614e-10
9.0929575e-08,5.846795e-08,1.2794493e-07,5.6685112e-05,4.530754e-05,0.20895307,0.1432701,0.017787261,0.16887034,0.025765385,0.001988708,0.122679755,0.0010014015,0.22384587,0.00037055882,0.008015105,0.00057732145,0.0739977,0.0027718754,5.744516e-07,2.7495132e-06
2.4211045e-06,2.5185866e-05,0.0034277972,0.04438525,0.2716855,0.3579569,0.16243225,0.0447561,0.052095145,0.0063139983,0.009662242,0.0004400827,0.046192087,9.480517e-06,1.001517e-05,0.0002147014,0.00038774265,1.9437893e-08,2.6326495e-06,2.8191502e-07,1.1808926e-07
2.3095068e-07,1.0275057e-06,6.6352215e-05,0.0028892045,0.0041974266,0.04144823,0.06884882,0.087476104,0.014744449,0.40729883,0.08687659,0.0016013013,0.27701563,0.0033680901,0.0031887388,0.00014818713,0.0005765558,5.8867494e-07,0.0002533461,3.3104092e-07,3.206844e-08
0.00024801889,0.00082615146,0.09210864,0.5106675,0.30129394,0.069046795,0.014269926,0.005377888,0.0033059644,0.00048357967,0.0019941432,1.0274328e-05,0.00033054268,3.6210686e-06,1.2417398e-07,5.7251495e-06,2.195574e-05,1.0718496e-08,4.76233e-06,5.684633e-08,3.81735e-07
8.637212e-08,2.2474633e-07,1.3017919e-07,3.663571e-05,1.5387015e-05,0.00010417231,0.010331399,0.008425783,0.010286956,0.0063925255,0.14710146,0.023405707,0.008133408,0.03529058,0.7390334,0.00024743506,0.010947175,6.5274595e-05,0.00017224943,9.900186e-06,2.018265e-07
1.3371605e-08,1.6243126e-08,2.9349566e-08,0.00027946886,2.6478306e-06,0.00023807977,0.006941335,0.010226027,0.0022398387,0.037681527,0.028240576,0.8257154,0.018159062,0.00060198264,0.0019644776,0.067025974,0.00036201428,0.0003092438,3.28143e-06,2.4794608e-06,6.5929867e-06
8.144102e-06,2.7560068e-06,1.2353686e-05,0.19440538,0.00063313753,0.03851109,0.1566158,0.08965417,0.19027705,0.2233668,0.07926109,0.005444069,0.00040229244,0.00037777933,1.2465238e-05,0.012944589,0.008033419,3.7442637e-06,3.281416e-05,5.6238452e-08,9.465934e-07
0.2791043,0.3832102,0.21109718,0.06301907,0.022641996,0.00828241,0.0070942272,0.0039050083,0.0018345991,0.0004425623,0.016648555,0.001054192,0.00037543374,0.000229657,3.233675e-05,0.0006543261,0.00016311262,5.360103e-06,5.234956e-05,0.00010564064,4.745689e-05
9.658143e-07,1.8440332e-06,4.895481e-06,0.0014531708,0.048067875,0.17199638,0.37627557,0.25454763,0.09968214,0.011974804,0.017906783,0.014188084,8.917256e-05,0.00087094755,8.078023e-06,0.0026951276,0.00023482686,4.24195e-08,1.5924692e-06,3.861352e-08,8.240713e-09
2.007029e-06,3.305239e-05,0.0038834303,0.06465848,0.2587564,0.17335458,0.15091752,0.13390508,0.01580992,0.05929499,0.1045969,0.0023483767,0.032375805,2.3725761e-05,8.352335e-07,1.1131457e-05,2.3754514e-05,9.1930064e-10,3.999143e-06,7.223681e-08,1.3358721e-08
4.1382936e-08,2.080428e-08,3.5337738e-08,0.00051827484,0.0012467467,0.114789225,0.5396177,0.15171294,0.17896844,0.009629133,0.0026363742,0.0005961212,6.541296e-07,2.4977033e-05,6.704531e-08,5.156134e-05,0.0002074563,1.3392014e-08,1.593995e-07,6.3418076e-11,6.3177456e-11
2.9577143e-08,4.6362874e-08,1.2077899e-07,0.0004668934,0.0074851844,0.1471694,0.7037366,0.07799484,0.05494619,0.006930988,0.0010171776,0.00020417488,1.819925e-06,4.0129125e-06,3.329281e-08,9.012363e-06,3.358596e-05,2.7659796e-11,9.580669e-09,1.5997089e-11,4.0208857e-11
6.746064e-08,1.22541595e-08,1.0773274e-07,2.5289953e-06,8.275788e-07,0.00020063261,0.004018094,0.024269259,0.017290799,0.034811683,0.021706501,0.008355497,0.08622086,0.0053095045,0.032409135,0.73322994,0.0022551806,0.02941111,5.7841185e-05,1.0506268e-06,0.00044944268
2.8723233e-07,1.07122176e-07,1.533796e-07,0.00032191287,0.000108462715,0.008587483,0.10379278,0.10209488,0.6131412,0.07742267,0.05324904,0.0069929557,5.127365e-05,0.00025139647,4.123568e-06,0.032773513,0.0012028104,2.1690712e-06,2.7404046e-06,4.4461412e-09,6.123139e-08
1.0743888e-06,4.4065587e-07,5.7868294e-07,1.5701396e-06,2.9932284e-05,0.00013071903,0.02063014,0.045982633,0.17543542,0.12483161,0.4543071,0.1705718,0.0006082208,5.1646435e-05,7.828789e-05,0.0066926056,0.0006188193,2.6840285e-05,5.027392e-07,6.9356275e-08,4.0910212e-08
1.3790628e-05,0.0003196243,0.04170691,0.22516675,0.47935945,0.20132534,0.028912589,0.00778417,0.010265864,0.0005658388,0.0027562915,2.362618e-05,0.0017655757,9.1445423e-07,5.5405373e-08,1.12204725e-05,2.134016e-05,4.787542e-10,5.374466e-07,3.7352077e-08,5.502802e-08
2.2938702e-06,2.4939092e-05,0.0041856854,0.07926932,0.23839392,0.15218501,0.10965969,0.17307821,0.011607704,0.0857693,0.13279675,0.0010369723,0.011936947,1.8215944e-05,8.432611e-07,8.141214e-06,1.970712e-05,1.1842525e-09,6.2590025e-06,5.0553897e-08,9.924594e-09
1.2155321e-08,6.3994943e-09,2.3843219e-08,5.7089903e-07,1.770376e-06,0.0002643872,0.018506754,0.004387879,0.012238164,0.049996518,0.30488837,0.052389327,0.25094637,0.07632728,0.02373917,0.17991313,0.02301417,0.0028952032,2.1761682e-05,0.00046733898,1.7772916e-06
1.1775589e-06,1.7897077e-06,6.875384e-05,0.017800424,0.33597195,0.20954697,0.29014137,0.11260274,0.024925265,0.0058537237,0.0025641269,0.00037750264,2.4932642e-05,8.652423e-05,5.298153e-08,1.284989e-05,1.6197422e-05,4.3907317e-10,3.657897e-06,1.429672e-09,6.983764e-10
3.163223e-06,3.710692e-06,7.4287736e-06,4.042174e-05,0.008945619,0.004881741,0.1067133,0.21402177,0.1658054,0.020069182,0.23880395,0.21489866,0.0006780468,0.009210109,0.001339508,0.010643755,0.00386527,5.5572735e-05,1.0147269e-05,3.1686882e-06,7.876517e-08
5.121764e-07,4.951267e-07,3.1704673e-07,7.979227e-06,3.4559434e-06,0.0045433934,0.018010877,0.10485066,0.43860325,0.0684096,0.028361257,0.008746759,0.007045161,0.05162477,0.0102100605,0.018794682,0.00018991355,0.23853019,0.001223309,1.2370202e-07,0.000843201
7.196508e-07,4.762391e-06,0.00082014344,0.026736645,0.16485867,0.15255132,0.07516222,0.10274044,0.011216254,0.27047512,0.18892302,0.0011857182,0.005256948,1.4534637e-05,2.2255474e-06,3.2132778e-06,3.6447527e-05,5.184241e-09,1.1529039e-05,8.406652e-08,2.750637e-09
1.3965063e-06,3.0314945e-05,0.0025973802,0.14895159,0.44669735,0.19006184,0.11949658,0.039075386,0.0186847,0.015672943,0.016963184,0.00020435704,0.0015515242,1.3644216e-06,1.4216954e-08,2.4752742e-07,9.400056e-06,2.4344315e-11,4.737464e-07,2.1019504e-09,1.473422e-09
8.143647e-08,1.87205e-07,3.3796093e-07,0.0014641038,0.0044251108,0.2138014,0.4862463,0.19640608,0.06484501,0.029198378,0.0017646935,0.00034428123,4.2980704e-05,0.000108690954,1.2527736e-05,2.4664352e-05,0.0013125337,8.310385e-09,2.6792939e-06,3.7430485e-09,9.619529e-10
2.810476e-09,2.2831085e-07,1.8994679e-06,2.7546825e-05,0.00021273963,0.0023919577,0.013874706,0.013189579,0.031189557,0.019770857,0.31329915,0.5579023,0.046164427,0.0014428563,0.00041059175,0.0001109376,4.4948115e-06,3.89401e-10,3.4989256e-07,5.865997e-06,1.5895867e-10
8.200969e-06,6.868922e-06,9.262311e-06,0.0073734047,0.00033874167,0.0055027343,0.078863315,0.06321897,0.20053041,0.15018836,0.044484463,0.010492192,0.018376352,0.014012049,0.00019037072,0.3733712,0.0065980144,9.936113e-05,0.026322177,8.8215575e-07,1.265228e-05
4.934886e-08,6.095349e-07,2.171468e-05,0.00062633806,0.016715521,0.016520064,0.07676376,0.020837348,0.03522632,0.04943579,0.5305994,0.23339061,0.019585297,5.2961655e-05,2.491649e-06,3.4269915e-06,0.00020992197,9.865969e-09,3.0088977e-06,5.303168e-06,4.919431e-10
8.8892773e-07,3.903952e-06,0.0013427736,0.022273477,0.054706663,0.092729576,0.10259138,0.17490262,0.01105046,0.28917587,0.21977632,0.0005897004,0.030512473,0.00018684623,1.4604575e-05,3.8450384e-05,4.1909923e-05,5.608819e-09,6.197235e-05,5.8084286e-08,1.3753874e-08
7.0565085e-07,2.186223e-07,3.6114366e-07,0.008138182,0.00014495871,0.038213577,0.6908129,0.033244144,0.12973332,0.09711773,0.0011474891,0.0001044478,8.624004e-06,5.055533e-06,4.811597e-07,3.5976816e-06,0.0013233395,1.076344e-08,9.0766315e-07,2.4525243e-11,7.5790085e-09
2.608088e-05,7.088203e-05,0.01134939,0.059205912,0.176201,0.11519081,0.08109386,0.10931612,0.073744394,0.10763726,0.09399173,0.0016620853,0.15463492,0.0055402787,0.00071184064,0.00651222,0.002036041,2.2027498e-05,0.0010331812,5.8858272e-06,1.4041725e-05
6.091566e-07,2.1596725e-06,1.3996631e-05,0.007679938,0.10755142,0.15447128,0.38476416,0.1942689,0.1055232,0.026847554,0.009204871,0.0059768623,0.00046817947,0.0019371748,3.7328748e-06,0.0011587383,0.000110434106,1.1653057e-08,1.6787024e-05,4.332561e-08,8.104017e-09
3.708458e-07,2.4440385e-07,7.3714017e-07,0.00055141695,0.007185827,0.17641884,0.51850456,0.15927555,0.10678864,0.018920355,0.0077511775,0.0038124009,1.1632551e-05,0.00016191858,5.884428e-06,0.00023495384,0.00037426184,2.9972782e-07,9.7982e-07,7.430123e-09,1.8861548e-09
2.5572366e-08,5.3488538e-08,1.05133346e-07,3.9471193e-05,1.6417676e-05,0.00034861753,0.011712843,0.049033698,0.15718333,0.19895005,0.021988006,0.15256286,0.120060526,0.1293331,0.02104661,0.003732735,0.0013731134,0.00022010192,0.13239762,6.4943873e-07,1.519344e-07
3.2287798e-07,9.798257e-06,0.0014492127,0.06547618,0.099792756,0.22909439,0.21573468,0.06696335,0.045852598,0.111427136,0.014585766,0.076952375,0.072257735,0.0002436119,5.980819e-07,9.164211e-05,1.7062492e-05,2.0831752e-10,4.8857244e-05,1.960904e-06,8.4567535e-09
2.3958134e-07,7.961609e-06,0.00028637363,0.0070804046,0.06116376,0.14473645,0.21225776,0.07169919,0.054974776,0.15460393,0.021220746,0.096444346,0.17332724,0.001971551,2.4313198e-05,0.00014119194,3.9568076e-05,1.1430455e-09,1.9315987e-05,9.297723e-07,1.6608716e-08
0.0001770724,0.0012826773,0.089149304,0.44516134,0.3394667,0.09182859,0.016683213,0.0066573466,0.0052779084,0.0006468778,0.0027939696,1.7230786e-05,0.00080670015,3.518452e-06,2.3300048e-07,1.2712068e-05,3.0098494e-05,8.0943225e-09,3.8082055e-06,9.915438e-08,5.5256004e-07
0.00021676841,0.00013079667,0.28263536,0.32194367,0.28593522,0.06719268,0.017266933,0.011620236,0.0077525014,0.0013726461,0.0031609358,6.8288155e-06,0.00051875145,7.525683e-05,5.002948e-08,9.954606e-05,4.66036e-05,5.1428067e-08,2.4185147e-05,2.9156736e-08,9.079524e-07
2.7753831e-08,1.2991545e-08,8.824738e-09,1.9776737e-05,2.42486e-07,0.0055155917,0.03211709,0.056687225,0.5246257,0.106979504,0.018180713,0.0007606592,0.006267174,0.007861899,0.045570575,0.039827827,0.15440333,0.0009732164,0.00017397961,6.8444336e-08,3.5354093e-05
3.3107682e-08,2.3694946e-09,3.4758798e-09,7.1980135e-06,1.4738963e-06,5.0711984e-05,0.020085765,0.0067625805,0.004695906,0.026154213,0.225003,0.3003896,0.04263049,0.012873502,0.014565514,0.012680972,0.31601325,0.017875245,0.00018771956,2.185747e-05,9.691182e-07
8.578391e-07,2.0157115e-06,1.5199103e-06,3.9028123e-07,3.6764804e-06,2.6519348e-05,0.0050035003,0.009092977,0.07348185,0.06007514,0.22513945,0.305251,0.121060446,0.0011404378,0.045038417,0.001975455,0.009716122,0.14291592,6.177829e-05,5.590118e-06,6.904757e-06
1.613076e-07,1.3123317e-06,9.3921483e-07,0.015087654,0.00010605778,0.010327703,0.07289042,0.3598709,0.116539806,0.07424681,0.084296994,0.0109151015,0.013934712,0.0006826684,0.23811519,0.0026171925,0.00030157968,6.5158224e-07,6.2619285e-05,9.607741e-08,1.3666995e-06
0.067463614,0.045695964,0.58690375,0.16721858,0.08488787,0.024437098,0.008476416,0.0055465857,0.0028084102,0.00044115656,0.0046999063,3.3544187e-05,0.00024383885,0.00026870973,2.7438962e-06,0.00057589565,0.00014545191,2.9079438e-06,9.394116e-05,4.182103e-06,4.9399154e-05
3.2024042e-07,2.7936726e-06,0.00013326322,0.02344164,0.25348958,0.22134206,0.31810337,0.08261132,0.043740153,0.041850362,0.0068191485,0.005444123,0.002547538,0.00039877338,5.71978e-07,4.6934947e-05,2.027348e-05,2.4607516e-10,7.710276e-06,1.1053177e-08,5.122666e-09
8.101046e-08,2.030153e-07,1.0279689e-06,6.212215e-05,0.00043406468,0.0037586542,0.020028096,0.0398589,0.1321184,0.18263985,0.016784968,0.016055172,0.015466352,0.2569614,0.041410774,0.0017111035,0.22097175,4.841378e-05,0.051610842,7.765781e-05,1.3449562e-07
4.0405816e-06,5.31377e-05,0.0022927877,0.026961874,0.33084857,0.18317503,0.09705602,0.08406017,0.07961812,0.012682908,0.13670541,0.0014921254,0.04378526,6.716665e-05,0.00012719155,0.0007214404,0.00033671726,4.5535444e-08,1.0972227e-05,4.4971628e-07,5.514171e-07
1.5341484e-06,4.02856e-07,7.808912e-07,0.00028300408,4.1194658e-06,0.00037722813,0.027780728,0.046443515,0.048954874,0.075540945,0.088700786,0.44390813,0.07511009,0.03515717,0.03725067,0.019714653,0.0015253638,0.02842804,0.07071677,3.0566885e-06,9.8208904e-05
0.0005926673,0.000430747,0.00043227023,0.0028300623,0.0057987524,0.008380591,0.10396719,0.16019306,0.10623425,0.09290577,0.09841203,0.07772716,0.020319853,0.039985787,0.014143833,0.095430724,0.1660948,0.0038677661,0.002060025,6.743834e-05,0.00012523743
9.508838e-08,3.458691e-06,4.1389212e-05,0.00044302773,0.0017067526,0.018465994,0.07073075,0.030434629,0.033705175,0.025575342,0.051417634,0.68604565,0.07913863,0.0018787639,4.991697e-05,0.00025046302,2.4632223e-05,5.1297633e-09,3.3087804e-06,8.439832e-05,4.0371786e-09
9.404405e-09,4.152845e-07,4.2845786e-06,6.2436666e-05,0.00095182675,0.0015545733,0.02488156,0.012704835,0.049072582,0.012278218,0.08844828,0.7782695,0.01804079,0.013504236,1.5612724e-05,0.00015754225,4.7080433e-05,1.7408018e-09,3.5452447e-06,2.5335562e-06,5.3147686e-10
8.704889e-09,1.063936e-09,1.4439739e-09,2.3110384e-05,4.472594e-07,0.0005223465,0.028664863,0.019567225,0.00725529,0.065943,0.037620198,0.80391085,0.01056993,0.0041413563,0.017004734,0.00048453064,0.0028530848,0.0010561974,0.00038235064,4.419163e-07,6.229324e-08
2.6218333e-07,1.7554388e-06,3.820186e-06,0.00045054004,0.0044681714,0.018324945,0.10894993,0.24799486,0.25893986,0.11785533,0.024406962,0.03956345,0.016802248,0.13321365,0.010794992,0.0077372873,0.008728775,1.4048299e-05,0.0017240001,2.4984116e-05,1.2452644e-07
5.6210183e-07,3.368384e-06,0.0001732223,0.037534278,0.07105803,0.72823364,0.114608705,0.017574025,0.023596458,0.0040305764,0.0019382836,4.9968203e-05,0.0010979014,1.018639e-06,7.2063153e-06,8.524349e-06,8.37602e-05,3.1108622e-09,3.9475435e-07,4.2160107e-09,9.397351e-09
3.2991988e-08,1.2779781e-06,2.08839e-05,0.0006659908,0.009942905,0.03318399,0.11774651,0.07113977,0.07057767,0.19473046,0.03720855,0.33339137,0.12119137,0.0095541505,0.00019015123,0.00033414218,8.627365e-05,6.2050436e-09,3.1634558e-05,2.9190087e-06,8.959804e-09
6.449305e-06,1.1566734e-05,0.0003189789,0.074295044,0.53903985,0.2539023,0.09619625,0.0261542,0.009503382,0.00018696063,0.00038247913,7.5685995e-07,4.3182604e-07,3.1121644e-08,8.0828504e-11,1.3601538e-08,1.2878575e-06,4.8209587e-12,7.721358e-09,6.691808e-12,4.4070345e-11
0.03331786,0.05101188,0.45594245,0.3068151,0.10255695,0.029729623,0.00730687,0.004708983,0.0028780675,0.00047163496,0.004332407,4.0865114e-05,0.00037888257,7.696527e-05,2.0600803e-06,0.00022312446,0.00012152424,1.1112834e-06,4.8070026e-05,3.7310565e-06,3.1960888e-05
7.88047e-06,4.4296876e-06,1.0582367e-05,0.03745885,0.00022717538,0.031549167,0.14403678,0.09584264,0.17563298,0.17793396,0.16896878,0.040701803,0.00820552,0.011900513,0.0046676896,0.049446184,0.052521832,0.00016170405,0.000707381,9.5336816e-07,1.3240239e-05
2.900269e-05,5.6423156e-05,0.11745968,0.28561217,0.37280953,0.121721745,0.04512267,0.027584039,0.015218975,0.003996288,0.004411205,3.0912062e-05,0.0056686522,4.018189e-05,2.3906725e-07,0.000111199144,0.00011554414,2.5413033e-08,1.107833e-05,6.497279e-08,4.0112397e-07
1.314205e-09,8.446541e-09,6.217454e-09,1.6308245e-07,1.9210823e-07,4.6775403e-06,0.010153856,0.00023651453,0.017880546,0.0026824044,0.11895733,0.69564635,0.0021505812,0.0003979486,0.00030855977,5.1303326e-05,0.00027018937,0.000751661,3.949954e-08,0.15050758,5.541382e-10
7.998271e-08,6.466607e-08,1.0409829e-07,2.8450548e-05,2.06874e-05,0.0004567403,0.03044916,0.057081614,0.026866062,0.06347283,0.085383125,0.13007985,0.17580414,0.08841808,0.21232592,0.0024118293,0.12322476,0.0020704493,0.0018860198,1.959077e-05,4.2088664e-07
1.675014e-06,3.5626038e-06,0.000598979,0.04088362,0.03129531,0.44161293,0.18657346,0.088760175,0.020433007,0.119950235,0.015724428,0.0030437754,0.049070384,0.00023859435,0.00023975741,0.0010194359,0.0004677509,4.4206456e-05,3.757493e-05,3.7321792e-07,8.0862156e-07
4.2392185e-05,0.00019775084,0.16922273,0.39809728,0.3131908,0.07423525,0.022510398,0.010134298,0.0077270414,0.0009839011,0.0025218138,1.6217013e-05,0.0010440409,7.2405683e-06,2.1547875e-08,3.4440814e-05,3.1342694e-05,2.926831e-09,2.8053812e-06,3.6820726e-08,2.2525293e-07
8.493989e-06,2.6924401e-05,0.00092565385,0.1508917,0.20742357,0.29954273,0.23405558,0.07808783,0.013776537,0.009229133,0.005629599,3.8860864e-05,0.0003114858,4.3822242e-06,4.846939e-08,8.3785187e-07,4.626652e-05,1.0257785e-10,4.099463e-07,5.494087e-10,6.4623817e-09
4.575674e-06,4.85939e-06,1.0670536e-05,0.04007672,0.0009798515,0.024736656,0.16832496,0.16493681,0.23063819,0.11040638,0.1520681,0.017587962,0.015999667,0.005368622,0.000113670336,0.037882444,0.0302986,4.103619e-06,0.0005549439,3.1211474e-07,1.9409542e-06
1.5875518e-08,1.7782993e-08,2.3680082e-09,2.6320125e-05,4.1094106e-07,0.0056972452,0.053466845,0.0368167,0.6518806,0.2472842,0.00041684558,4.3640488e-05,0.0005417268,0.0003099573,0.00029731804,0.00032135684,0.00289278,6.899694e-08,3.918672e-06,4.720259e-11,2.0790186e-08
0.0006461359,0.0007690485,0.28643018,0.32932103,0.2702689,0.06834423,0.017644418,0.012051647,0.008007785,0.0015189582,0.0035151534,1.9220575e-05,0.0010551522,7.621114e-05,3.220056e-07,0.00019187774,0.00010360613,1.5837878e-07,3.1136427e-05,2.3731526e-07,4.6385685e-06
2.8810986e-08,4.679507e-09,1.2511885e-08,2.7531136e-05,1.4039582e-05,0.0013887162,0.03153703,0.010345441,0.00538434,0.6427057,0.05804528,0.06659776,0.009428736,0.0058572693,0.15114406,0.00016675984,0.01548311,0.0013426553,0.00052675273,4.783163e-06,2.1035953e-08
0.015031344,0.010727823,0.5935698,0.21551338,0.11449131,0.02942538,0.008275983,0.0052217604,0.0031374365,0.0004187697,0.0035154934,1.4778952e-05,0.0001834412,9.982821e-05,4.0726374e-07,0.00024380704,7.0747905e-05,5.43701e-07,4.345317e-05,7.301728e-07,1.376746e-05
1.3042428e-07,1.7473799e-07,7.168553e-08,1.4662936e-05,1.7005774e-06,0.0016767395,0.032264158,0.18806939,0.23448162,0.06789271,0.075068764,0.007208906,0.101813376,0.032199584,0.04007708,0.018589213,0.19905052,0.0010553448,0.0005040519,1.9726056e-05,1.2093225e-05
0.016753273,0.118436486,0.21972056,0.33487636,0.09585522,0.035668433,0.045498893,0.024992723,0.015228764,0.0028179442,0.07916135,0.005806476,0.0017135582,0.000620699,9.645036e-06,0.0025375735,0.00011979318,4.822003e-07,0.00011608748,4.8297945e-05,1.73925e-05
1.0814382e-05,5.421843e-06,5.929738e-06,0.002449499,0.00023415795,0.006318516,0.047306012,0.17339066,0.48880196,0.11348155,0.086784,0.018560005,0.001040371,0.001644646,8.15724e-06,0.05803825,0.0007263819,8.8086344e-05,0.0011042074,3.134696e-07,1.0599766e-06
0.046615485,0.21009682,0.31194308,0.32398266,0.06742059,0.023226416,0.004976916,0.0028423679,0.002391086,0.00033032236,0.005163284,8.4011706e-05,0.0005186709,4.1922147e-05,4.605391e-06,0.00016778921,0.00011035422,1.0966985e-06,3.34801e-05,1.1621948e-05,3.7351885e-05
1.9983172e-06,5.873154e-07,2.5497613e-06,1.7292949e-05,1.0212989e-06,0.00011740995,0.001528357,0.0028790827,0.1873871,0.41772324,0.042512707,0.007882456,0.19862953,0.017841145,0.014911446,0.0698047,0.00079467264,0.03584625,0.0010498862,3.552884e-05,0.0010330781
5.1222146e-06,5.051134e-06,1.2695206e-05,0.027623605,0.00089714903,0.020672666,0.101321906,0.1335997,0.14878103,0.11378861,0.18586737,0.023833608,0.020050464,0.031995684,0.0011927807,0.1655688,0.023869209,2.0110894e-05,0.00088942616,1.1550275e-06,3.912747e-06
1.8755421e-06,6.755906e-05,0.0027681324,0.05452311,0.38010353,0.19845471,0.14671384,0.06399247,0.031240366,0.02730474,0.084811814,0.0042121517,0.0057741683,8.503057e-06,1.263367e-07,1.2124004e-06,2.020232e-05,2.537729e-10,1.3972368e-06,6.903811e-08,2.932599e-09
0.23720177,0.37009817,0.24779005,0.10398528,0.023682395,0.008503121,0.0025801028,0.0017334931,0.0008506471,0.00015717586,0.0026330503,4.9275666e-05,0.00014790717,8.88768e-05,1.0687275e-05,0.00023709184,0.000119162716,5.041888e-06,4.8594695e-05,2.0600908e-05,5.7582612e-05
8.9065544e-08,4.3024104e-07,2.469618e-07,0.015316102,0.00062830374,0.48326096,0.19760717,0.10713748,0.17042287,0.013206448,0.010812515,4.3578948e-05,3.8105107e-05,1.5641795e-05,0.0008052271,4.1959494e-05,0.00066268176,1.5141387e-09,1.2843307e-07,5.3112733e-11,4.593645e-09
6.3920524e-08,1.6290647e-10,2.3711944e-09,1.1046762e-05,5.2446745e-09,0.00019612028,0.0011078271,0.0025307825,0.0005722064,0.011441788,0.05419189,0.100001104,0.0067985253,0.085310526,0.031449918,0.6257976,1.2318793e-07,0.012780797,0.00012883339,2.201805e-10,0.06768079
2.3413281e-07,5.340532e-07,9.054355e-07,0.00048565504,0.0408324,0.24860394,0.44280273,0.2019399,0.050821908,0.0059631267,0.00519519,0.003146743,1.0358181e-05,4.238886e-05,4.7400206e-07,9.8812954e-05,5.4695465e-05,4.1722897e-10,3.7119563e-08,6.543009e-10,3.2148298e-10
2.164148e-06,1.8568721e-06,2.7217702e-06,7.4176705e-06,1.3863075e-06,0.00016215276,0.0026782665,0.0114622265,0.06153532,0.1278743,0.088332444,0.010391528,0.17747962,0.24367647,0.105950415,0.027459364,0.0002495356,0.13554333,0.0046502985,8.3321083e-07,0.0025383024
1.2201384e-05,5.6655335e-05,0.016630601,0.3465669,0.38769013,0.19722167,0.031011328,0.009101562,0.0066402885,0.0012747755,0.003166334,1.25821825e-05,0.0005869604,1.69567e-06,1.5443851e-07,2.5881684e-06,2.1693233e-05,2.7164215e-09,1.8389285e-06,8.304018e-09,3.172321e-08
1.714589e-06,2.7596296e-05,0.0042091473,0.20485015,0.37570643,0.18112755,0.12503344,0.051185098,0.013067582,0.017070657,0.021745428,0.00023960091,0.0057217814,3.1142417e-06,4.3919098e-08,1.073076e-06,8.902736e-06,5.3895773e-11,7.431696e-07,3.5949916e-09,4.2432693e-09
0.0006527087,0.0059447964,0.20756109,0.46545693,0.22322646,0.05272997,0.019356113,0.0077057937,0.0063980888,0.00069504196,0.008529835,9.411153e-05,0.0014731513,2.2365644e-05,2.2007643e-07,9.465266e-05,4.239213e-05,2.8298787e-08,1.1611578e-05,5.663294e-07,4.1175163e-06
7.3872776e-05,0.0008811494,0.081451006,0.3161173,0.37828815,0.1133683,0.039587513,0.025700899,0.027179968,0.001852678,0.006051941,0.00016021631,0.00827603,4.1872358e-05,2.16951e-07,0.0006446882,0.00031805196,1.2223873e-08,4.2567926e-06,7.399497e-07,1.1745341e-06
6.734262e-07,3.7658222e-06,4.2988402e-05,0.006574686,0.13585404,0.39716965,0.3051671,0.08962379,0.031676833,0.026676847,0.0035574478,0.0024147427,0.00096060755,0.0001636294,6.178808e-06,2.643541e-05,7.800871e-05,1.0547678e-09,2.516061e-06,2.5541091e-08,6.4633436e-09
9.1767015e-06,5.600055e-07,1.9583058e-06,3.1836265e-05,8.5719944e-07,0.0016026597,0.0050918018,0.010338372,0.009046002,0.043499555,0.04764315,0.20914449,0.07151089,0.11287434,0.18935028,0.03327916,2.5682345e-06,0.10613363,0.034032866,7.9686664e-08,0.12640584
4.4168655e-07,3.0465476e-06,5.7376077e-05,0.0089532565,0.1972856,0.34879398,0.2963865,0.09155932,0.03117027,0.018743778,0.003663852,0.0023499737,0.00085797894,0.00012419818,1.0062748e-06,2.2910071e-05,2.5327936e-05,1.8304709e-10,1.2194496e-06,6.1529652e-09,3.4431895e-09
7.895658e-08,2.873364e-07,6.3989182e-06,0.00025661188,0.0019647467,0.0059207194,0.019871134,0.03398116,0.1295564,0.1634107,0.013468031,0.007288779,0.0077102375,0.4523016,0.0015816337,0.0010360421,0.03363782,3.323358e-06,0.12799796,6.2368426e-06,6.6401164e-08
8.241514e-06,5.3448955e-05,0.00027047802,0.030402798,0.10788141,0.49553987,0.081404194,0.112054914,0.05531271,0.016040547,0.09567358,0.00037923854,0.0031633307,0.00019221212,0.0005826246,0.00042836572,0.0006058274,3.936453e-08,5.700803e-06,6.5050095e-08,4.7086152e-07
6.107148e-06,1.8609797e-05,3.865157e-06,0.058950808,0.0008114572,0.07800571,0.1365752,0.1665376,0.125785,0.26597935,0.042504814,0.0002702894,0.008706185,0.04107897,0.005751569,6.8846304e-05,0.0686834,1.8657323e-08,0.00026211017,3.2670675e-09,1.0358187e-07
0.00048140256,0.000753895,0.3125412,0.34616688,0.23964813,0.058332104,0.01683827,0.011012515,0.008607539,0.0011170662,0.0034193017,1.6506721e-05,0.00071221974,5.6957717e-05,1.037002e-07,0.00019773825,7.7057986e-05,5.1250012e-08,1.8210041e-05,1.581728e-07,2.6827554e-06
8.851413e-05,0.000749453,0.12757339,0.38666788,0.3400431,0.09545648,0.02049011,0.012377974,0.010074605,0.0009398457,0.0031114633,3.141828e-05,0.0022296368,9.285934e-06,8.1186435e-08,8.868759e-05,6.498357e-05,4.827345e-09,2.4212509e-06,1.4758741e-07,5.56987e-07
7.4361015e-09,8.736838e-09,7.51269e-08,7.900181e-06,0.00011655747,0.0003595563,0.05010391,0.013226523,0.0133673195,0.13788024,0.41675943,0.2225541,0.09771717,0.019613067,0.005186049,0.00026406895,0.022730527,7.843308e-06,3.305836e-05,7.255123e-05,3.1732663e-09
5.576722e-07,1.9478691e-06,2.4877038e-06,0.00094864867,0.0052159014,0.19601282,0.3325196,0.26665878,0.11077571,0.051862676,0.01645274,0.008077785,0.00077865,0.0027482498,0.00090020295,0.0044503487,0.0025849484,5.0474154e-07,6.992892e-06,3.8228768e-07,6.214602e-08
0.00012082882,0.0008891364,0.09085437,0.36834636,0.3921642,0.10065723,0.02327308,0.009830793,0.007351273,0.0010571573,0.0037175952,3.0356945e-05,0.0016223262,6.2385216e-06,3.531573e-07,2.9611816e-05,4.2799744e-05,1.3341395e-08,5.3729636e-06,1.44228e-07,7.548874e-07
4.313335e-05,0.00016634725,0.10729859,0.30181637,0.41400632,0.10581384,0.034775313,0.016334744,0.010204763,0.0022397197,0.0041685486,3.0992796e-05,0.0029882228,1.0798969e-05,3.000157e-07,4.0180246e-05,5.3126514e-05,1.9033212e-08,8.136811e-06,8.7254605e-08,4.4213613e-07
0.00041755493,0.0058356444,0.06412451,0.25131357,0.1326484,0.06715527,0.16216804,0.10193035,0.062868744,0.01480365,0.09200106,0.027173927,0.009616693,0.0017426318,3.416666e-06,0.0059231627,0.00011386764,4.683815e-08,0.0001307666,2.6414478e-05,2.284898e-06
3.1284742e-06,4.8951224e-06,9.627744e-06,7.676335e-05,0.005174038,0.0075670197,0.1303464,0.2588488,0.24705441,0.03159614,0.16074586,0.08918467,0.002302635,0.023633946,0.004325071,0.028227257,0.010342856,0.0004612641,8.5420375e-05,9.455529e-06,3.9387106e-07
3.115985e-08,4.1583768e-09,7.4247106e-09,9.982113e-06,2.035121e-06,0.00032624957,0.016860308,0.047660235,0.00959636,0.047027927,0.118092865,0.2682076,0.19355369,0.03901019,0.16648094,0.012994856,0.06766368,0.010388125,0.002121905,1.9261029e-06,1.0494833e-06
2.4329454e-06,3.7473376e-06,1.0274438e-05,0.0007961433,0.023465527,0.090846784,0.30109975,0.28258717,0.14323367,0.02569437,0.05777473,0.051301144,0.00035370403,0.0037726106,0.00015912416,0.018093875,0.0007936069,2.9035994e-06,7.5876756e-06,7.509112e-07,8.618996e-08
5.445214e-06,3.0259498e-06,5.055474e-06,0.00029943127,0.020051425,0.020600999,0.1644442,0.47001317,0.19055104,0.0069473907,0.08317003,0.03441896,2.6237574e-05,0.00658055,6.055753e-06,0.0024596497,0.00038363948,7.487456e-06,2.6054975e-05,1.4113995e-07,6.598213e-09
0.11672301,0.19604094,0.37268618,0.2221865,0.055868495,0.019867232,0.004951166,0.003493691,0.0020759772,0.0003653662,0.004476712,6.705888e-05,0.00036465033,0.00012332144,8.859892e-06,0.00035880084,0.00017970512,4.250779e-06,6.841907e-05,1.6039949e-05,7.362266e-05
2.2141046e-06,3.063041e-06,5.320009e-06,6.789697e-05,0.0004447017,0.003832384,0.063973166,0.14438927,0.4217943,0.0475169,0.16581102,0.023814054,0.0038823949,0.004263316,0.00032243773,0.11611963,0.002034803,0.0013881736,0.00033075185,2.7078383e-06,1.5635296e-06
4.130898e-07,4.5065545e-07,7.7174747e-07,0.0028755695,0.0017178542,0.03295661,0.23391967,0.15580878,0.480015,0.033296347,0.016262824,0.0047425483,5.0519655e-05,0.00038642727,1.2881652e-06,0.03730241,0.00065507134,5.0797246e-07,6.9529974e-06,1.19380426e-08,3.855618e-08
1.6040547e-06,3.5998314e-06,1.0609645e-05,0.00238585,0.03995414,0.1628041,0.3021986,0.26578492,0.14842887,0.027706075,0.019363726,0.017956268,0.00048122814,0.005762195,0.00011739747,0.006062559,0.0009445958,8.061002e-07,3.220251e-05,6.0829075e-07,4.5852893e-08
0.00038827074,0.00033933422,0.28399888,0.2983669,0.2909723,0.06411082,0.022063227,0.018429691,0.01239611,0.0019976986,0.0049800524,1.6981958e-05,0.0012365206,0.00017617998,2.167097e-07,0.0003442719,0.00013219814,1.1669682e-07,4.6601333e-05,1.4311237e-07,3.5391533e-06
0.00026785227,0.0010029719,0.20799848,0.43116724,0.25990364,0.065159544,0.016013253,0.008064954,0.005879595,0.000751836,0.002849734,1.754203e-05,0.00080798805,1.2209811e-05,1.0033836e-07,5.1480773e-05,4.3370306e-05,1.4877573e-08,6.8314703e-06,1.2222475e-07,1.2338941e-06
0.00012897128,0.0006331574,0.17469546,0.44463706,0.2734621,0.07297401,0.015516141,0.008235738,0.0059999987,0.0006570626,0.0021336633,1.3348781e-05,0.00082740025,6.7502106e-06,4.241285e-08,3.8746737e-05,3.7108995e-05,4.461023e-09,2.7283152e-06,6.606802e-08,4.84861e-07
0.0009412426,0.007201867,0.10803775,0.32401612,0.18358983,0.06643014,0.10805567,0.06448401,0.03172042,0.010338718,0.08086585,0.006588906,0.0044892225,0.00093386165,4.1284443e-06,0.0019272713,0.00010438044,8.105232e-08,0.000255712,9.518437e-06,5.3555714e-06
2.110666e-06,5.7980774e-06,2.4709401e-05,0.013364034,0.014982495,0.83114374,0.05190638,0.042646945,0.017568367,0.0120832585,0.015013105,0.00024483594,0.00012491873,0.00010739972,0.00036716674,0.00016627256,0.00024477596,8.532368e-07,2.7617152e-06,1.694608e-08,5.9106917e-08
1.3067026e-07,8.160845e-08,4.6051713e-07,0.002017836,0.024463601,0.10182898,0.6141626,0.12459356,0.12689655,0.003736789,0.0019270364,0.00033486052,3.6726485e-07,6.231418e-06,1.6858299e-09,1.3746465e-05,1.705115e-05,5.474644e-10,7.07129e-08,3.3626345e-11,2.5216789e-11
3.0395292e-06,5.14848e-07,3.7924156e-07,0.0021505416,2.9429996e-06,0.0016490315,0.07662372,0.06287391,0.299897,0.09586125,0.06667877,0.058650453,0.14451768,0.039225657,0.047222562,0.012738676,0.06823649,0.0048271916,0.01876745,9.913796e-07,7.178432e-05
8.2014674e-07,8.981083e-06,0.0009714637,0.031658355,0.04365731,0.1377807,0.16834253,0.10358047,0.059463676,0.25726196,0.018023841,0.047225613,0.12591513,0.0031471928,1.2951459e-05,0.0019776116,0.00015103874,9.046332e-09,0.0008085007,1.1652251e-05,1.233222e-07
7.657788e-07,1.1299671e-06,4.5586322e-07,0.0024267952,1.0295736e-05,0.001374858,0.078684226,0.15221542,0.25368863,0.050279375,0.10719681,0.24771175,0.052506793,0.028025763,0.004993704,0.0033165233,0.0056003905,0.00024300002,0.011720361,2.5695795e-07,2.7577623e-06
4.275203e-07,4.1524922e-06,6.6953435e-05,0.01126657,0.08206001,0.13779664,0.2451026,0.12481693,0.099382095,0.22709,0.014285545,0.025996542,0.015479591,0.0152910855,9.556198e-05,0.00051587354,0.00043587547,5.3832796e-08,0.00031250966,9.360931e-07,5.2469243e-08
1.3161035e-06,9.751779e-06,0.00015161035,0.05771627,0.10936571,0.21983628,0.2368143,0.04538131,0.2506143,0.0608948,0.017297737,0.00047337954,0.001131244,8.865035e-06,1.4343718e-07,5.803336e-07,0.00029792034,3.0393504e-10,4.484302e-06,6.437524e-09,4.135486e-09
0.0029998815,0.009207909,0.30919838,0.44838014,0.16343246,0.04418855,0.009459403,0.0051575764,0.0036687497,0.0004649612,0.003188479,2.3723842e-05,0.00045675837,1.9776997e-05,2.901485e-07,7.129955e-05,6.173988e-05,8.192081e-08,1.3256253e-05,6.210767e-07,5.918197e-06
0.00013300224,7.2838426e-05,5.405464e-05,4.7610425e-05,0.0004967481,0.0017612902,0.018882701,0.27551335,0.09145332,0.014894984,0.14176774,0.08545895,0.074514546,0.02401523,0.01031803,0.010118055,0.2430554,0.0031432593,0.004275719,2.1546464e-05,1.5616322e-06
3.5804696e-06,4.3089935e-06,8.774994e-06,3.9665447e-05,0.0006218505,0.0025921536,0.06878685,0.13509804,0.3103381,0.06197535,0.26935312,0.06600356,0.0035428205,0.0031400032,0.0007961303,0.07317127,0.0027588631,0.0016889469,6.972373e-05,5.448398e-06,1.3869206e-06
1.7180156e-06,7.5265602e-06,0.00054037524,0.043758098,0.32059944,0.30589682,0.22820815,0.05615545,0.024381185,0.016389513,0.00241618,0.00070916285,0.00085205724,4.6665802e-05,3.4352445e-07,7.4125574e-06,2.2233016e-05,2.6165445e-10,7.670384e-06,1.1549301e-08,7.785324e-09
0.0015875377,0.0069234995,0.11725963,0.24957524,0.19581614,0.06522712,0.10694311,0.093873754,0.050201334,0.012167249,0.08147347,0.0032192543,0.0021870632,0.0020103548,5.9194913e-06,0.010818078,0.00024051307,1.8969683e-07,0.0004461411,1.5800038e-05,8.578346e-06
1.2105152e-06,3.4323039e-06,0.0002616198,0.0764498,0.3614274,0.15521875,0.22840671,0.09302722,0.038857102,0.036830723,0.006422215,0.0009794341,0.00040077942,0.0015655515,2.6234133e-07,5.1059727e-05,2.8803577e-05,7.554486e-10,6.7925575e-05,7.195508e-09,4.0070125e-09
1.8622529e-06,3.0688252e-06,3.4136567e-06,3.6804279e-06,9.525923e-06,0.0001337298,0.010714661,0.016307581,0.31705013,0.33141202,0.06893482,0.09679969,0.06272064,0.0019321699,0.018806107,0.014921793,0.0008448221,0.05925008,0.000106119514,3.5865064e-06,4.045366e-05
4.2912043e-07,3.6273066e-06,0.0014235734,0.06197625,0.04528796,0.10787401,0.15538314,0.1893159,0.14708298,0.23422796,0.02567565,0.0034317037,0.0062854267,0.006984024,6.537729e-07,0.007347673,7.44379e-05,1.2004311e-09,0.007624194,3.8752276e-07,7.11276e-08
1.1340706e-08,6.5321126e-07,1.6626074e-05,0.00089615927,0.019030621,0.025090437,0.15351522,0.067846455,0.10099718,0.16669706,0.05676549,0.2907706,0.1033637,0.014648298,3.1370786e-05,0.00028111812,2.9673096e-05,6.785909e-10,1.9115483e-05,2.1920522e-07,2.271427e-09
4.1963517e-08,1.9018843e-08,3.5395782e-08,1.09493385e-05,1.1524446e-05,0.004175142,0.060953613,0.030796558,0.03879878,0.12560049,0.02576453,0.03382723,0.037497226,0.16948868,0.29492313,0.098108366,0.066733554,0.010128228,0.0026904324,0.00048461184,6.826302e-06
7.8402456e-07,1.07528884e-07,3.024997e-07,0.00010031606,4.8740475e-07,0.000879882,0.008421487,0.01111003,0.047089614,0.12541625,0.13404627,0.13751157,0.011980412,0.10223592,0.120303646,0.03446296,4.5038014e-06,0.15834934,0.060421307,3.8367006e-08,0.04766474
4.769339e-06,3.425018e-05,0.009146955,0.058092736,0.23373888,0.17273426,0.1723388,0.07636453,0.055043608,0.012707941,0.01355588,0.0009733637,0.19181032,8.784756e-05,8.038636e-06,0.0017612198,0.0015839849,1.1311422e-07,1.0473776e-05,1.4224167e-06,5.899986e-07
0.07863446,0.18604329,0.32237005,0.20731543,0.09253641,0.022973958,0.022574306,0.011963362,0.006261903,0.0008689622,0.04511408,0.0007780562,0.00027617154,0.00045214104,8.836841e-06,0.0014348627,0.00017549233,1.2279288e-06,0.00016241318,2.5537953e-05,2.907281e-05
6.030233e-07,5.294637e-06,3.5952387e-06,0.000561612,0.002234988,0.11303419,0.2822026,0.26557282,0.11387361,0.13343957,0.033475485,0.012614203,0.006228739,0.004190549,0.017641632,0.013039162,0.0018686119,7.234085e-07,9.3068875e-06,2.4445253e-06,2.704338e-07
5.5399464e-06,4.275072e-06,5.70155e-06,0.024366912,0.00019965463,0.014038888,0.12600155,0.1206041,0.22987793,0.091557756,0.19972262,0.05786319,0.018471729,0.016976392,0.0025688442,0.05015648,0.045840874,6.994355e-05,0.0016581819,9.002023e-07,8.628934e-06
1.0478633e-05,7.939729e-06,2.3182974e-05,0.007101812,0.00082893687,0.007218459,0.038660515,0.072012044,0.082008906,0.0593038,0.059826896,0.012620988,0.007214079,0.09360603,0.006828693,0.5409515,0.008096883,0.0003285379,0.003334414,5.5311707e-06,1.0368809e-05
2.857311e-07,5.0047606e-07,5.8641126e-07,0.0006942286,0.000958906,0.08665714,0.43468398,0.18777543,0.19678375,0.07479139,0.008576201,0.0030588564,0.00021178591,0.00048013713,7.4743875e-05,0.0036823521,0.0015677959,1.148357e-07,1.789797e-06,1.9525448e-08,3.6080383e-08
1.013678e-06,6.7841404e-07,1.8323748e-06,0.0015832807,0.015843302,0.0450686,0.38388458,0.1994925,0.29524946,0.011338914,0.02908294,0.012344433,1.0914884e-05,0.00021304263,2.296202e-07,0.005767166,0.000116358824,6.767227e-08,6.7948497e-07,7.085161e-09,3.334521e-09
0.2968591,0.4292349,0.1879886,0.057103783,0.015038456,0.005877846,0.0022599814,0.0013931887,0.0006596296,0.00012603407,0.0025427735,6.1488805e-05,0.0001162524,0.00011958663,1.610515e-05,0.00030850212,0.00012846694,8.118206e-06,5.529838e-05,3.3668868e-05,6.818976e-05
8.2149666e-07,1.6042783e-07,8.5783785e-07,3.3554527e-06,6.6766063e-07,0.00019381498,0.00434024,0.022149852,0.04081574,0.15699801,0.025453733,0.0057049035,0.11663745,0.02315289,0.041202243,0.4817072,0.0003518202,0.070421465,0.00045320374,9.623191e-07,0.010410696
9.399446e-06,3.3197273e-05,0.0028946397,0.08242435,0.1518917,0.5800186,0.08168401,0.03921204,0.020439154,0.018934319,0.012262834,0.00021367715,0.0093905665,3.744499e-05,7.621393e-05,0.00015816024,0.00030280944,5.3914914e-07,1.5731146e-05,1.7646715e-07,5.302805e-07
2.630567e-06,1.5348023e-05,0.00041255518,0.073447496,0.106700785,0.4055399,0.24874902,0.06573055,0.039689012,0.037794445,0.0155971795,0.0004329609,0.005509782,2.6671922e-05,1.9800532e-06,6.398301e-06,0.00034112122,1.522504e-09,2.1486633e-06,1.0831197e-08,2.432297e-08
2.0546345e-06,4.7429745e-05,0.002149805,0.03810649,0.11905839,0.13212352,0.22238104,0.06810437,0.05503813,0.088506475,0.025430849,0.09921661,0.14755046,0.0018343574,9.007424e-06,0.0002833104,5.768229e-05,4.6311945e-09,9.6881144e-05,2.9441558e-06,1.11544445e-07
0.00046984444,0.0009336882,0.29207924,0.40042838,0.22606595,0.05388788,0.011648716,0.006764334,0.0046566175,0.0005269883,0.0020762156,8.09577e-06,0.0003450554,1.3904763e-05,4.5955613e-08,5.0851377e-05,3.6118876e-05,1.6191493e-08,6.696655e-06,7.185429e-08,1.1475938e-06
2.2395467e-05,9.750039e-05,0.08894126,0.36770484,0.37095776,0.124499224,0.025740609,0.0107403565,0.0072329696,0.0011150696,0.0014288055,1.142086e-05,0.0014606973,2.501746e-06,4.532942e-08,1.2645163e-05,3.04371e-05,2.440119e-09,1.3585862e-06,2.282978e-08,7.92394e-08
7.181279e-09,1.4045392e-07,2.0759526e-07,8.744828e-06,4.3156024e-06,0.00013636099,0.002133647,0.0018259669,0.016516047,0.0048462367,0.9034995,0.042978663,0.0065997057,0.0030162048,0.01835225,3.9802173e-05,3.4529858e-06,7.527093e-09,6.491514e-07,3.8104587e-05,1.2317787e-10
1.866292e-07,5.944722e-07,5.7623593e-06,0.00091143727,0.0011980091,0.014759277,0.08704624,0.05912395,0.038341705,0.33652616,0.1286819,0.05986645,0.25536767,0.006722357,0.007322064,0.00024031123,0.0036886062,3.6442661e-06,0.0001889457,4.683679e-06,4.799859e-08
1.4290352e-07,1.0504296e-07,1.2367352e-07,6.630817e-08,3.3833228e-06,1.1352632e-05,0.008814227,0.016799968,0.05227511,0.02388258,0.7760286,0.12147386,0.00035318892,3.0931576e-05,3.4108005e-05,0.00022089566,2.8470353e-05,4.2694777e-05,1.8254852e-07,3.5607883e-08,6.173517e-09
2.7230712e-06,2.8701413e-06,3.182787e-05,0.20523117,0.0051340037,0.0672117,0.23128766,0.14681141,0.14634432,0.12842022,0.06093065,0.0013165872,0.00072094856,0.00019710022,1.9313816e-06,0.003232317,0.0031095783,1.0386763e-07,1.2814387e-05,1.410472e-08,9.6034555e-08
9.3260115e-07,3.826382e-06,2.5478714e-05,0.028830204,0.0364537,0.722502,0.113639615,0.05374176,0.03337334,0.004169928,0.0070317197,2.6475383e-05,5.2118532e-05,3.5338169e-06,7.643301e-06,1.1292856e-05,0.00012628386,1.7189227e-09,1.470236e-07,5.6122057e-10,5.551164e-09
2.791492e-07,5.834165e-07,5.145192e-07,2.4140559e-06,1.24008e-05,0.00036038447,0.013615798,0.051179,0.1599372,0.04543518,0.07382677,0.051240854,0.10090969,0.007357037,0.05418428,0.009020211,0.33064514,0.10178147,0.00046615006,1.8150595e-05,6.5220925e-06
9.4857056e-09,1.2815184e-07,2.2597752e-07,3.3574274e-06,1.43374e-05,0.0004578158,0.005323182,0.009470187,0.016905466,0.011020106,0.7635949,0.12027082,0.011512743,0.0011164659,0.059990466,0.00014102909,0.00010208706,1.0575063e-07,8.4029807e-07,7.5659256e-05,1.629444e-09
2.4526405e-06,2.36587e-06,3.7007392e-06,0.001761817,6.972993e-05,0.0016539149,0.04114873,0.04738693,0.16151549,0.20102917,0.043972567,0.07801706,0.050425816,0.080846384,0.0031309694,0.090795524,0.0011770934,0.0010552475,0.19598678,1.574594e-06,1.6750144e-05
4.507548e-06,7.1554714e-06,1.6165352e-05,0.0003369761,0.0013657258,0.010488474,0.11273724,0.1490372,0.2782711,0.10271256,0.1058964,0.037906308,0.0038202223,0.0038247881,0.0014465551,0.18945009,0.0021092624,0.00046492257,9.068153e-05,8.236243e-06,5.469719e-06
1.4517057e-08,3.190139e-07,7.471166e-07,2.3034385e-05,0.00047055192,0.0045574415,0.03635203,0.09533436,0.072263815,0.08302108,0.285062,0.3573036,0.031812564,0.006529755,0.025881214,0.00088795094,0.00048167308,1.7442285e-07,6.6931034e-06,1.0979949e-05,5.8768097e-09
4.4599705e-07,1.2590853e-06,0.00010623159,0.0030143172,0.006215972,0.02441446,0.07614273,0.070904866,0.08686125,0.5287803,0.014772935,0.01185574,0.041789405,0.084038734,0.00017129979,0.029414259,0.003122971,4.1358751e-07,0.018353812,3.8060105e-05,5.4050736e-07
8.5574936e-10,1.7049839e-08,3.405998e-08,5.8217927e-07,4.668456e-06,7.6864824e-05,0.0019027921,0.0037599423,0.012431997,0.0050167525,0.78069997,0.16236733,0.0049869106,0.0012067663,0.027290817,6.4206986e-05,0.00016193333,3.9456797e-08,2.5644476e-07,2.8095363e-05,1.8968789e-10
1.622196e-07,2.3846114e-06,3.3570555e-07,0.00032935158,0.0002973736,0.041337673,0.1911944,0.31853825,0.10705205,0.114561655,0.05673414,0.004426896,0.019588375,0.04619095,0.08666469,0.006635607,0.0064268443,1.2941356e-07,1.7915947e-05,6.661173e-07,7.515691e-08
2.1379165e-06,2.518321e-05,0.001547184,0.03821399,0.3607012,0.27964234,0.15951495,0.05587803,0.044587977,0.006812369,0.04464501,0.000638922,0.0075207953,7.247599e-06,8.397722e-06,0.00010718559,0.00014451251,1.3081688e-08,2.3385376e-06,8.6512486e-08,7.8899674e-08
0.0004277136,0.000493018,0.2847775,0.31948468,0.27665725,0.062469788,0.020454956,0.01623487,0.011528882,0.0016319781,0.0041752607,1.7573188e-05,0.0010386388,0.00012265577,1.5817338e-07,0.00033030508,0.00012159366,8.0777355e-08,2.9640294e-05,1.6372061e-07,3.3483664e-06
2.6568566e-08,3.988863e-08,2.2710469e-07,2.6548041e-05,5.8460108e-05,0.0017216367,0.016497493,0.028560352,0.0111492565,0.14172636,0.028858688,0.004472392,0.114499025,0.05095206,0.59297764,0.00037239664,0.006876805,9.52755e-05,0.0011528754,2.490757e-06,2.995097e-08
0.0016077686,0.024391426,0.111344025,0.4273724,0.103410065,0.05655177,0.08356833,0.050717954,0.02761968,0.0072304825,0.076284096,0.020712873,0.0069482797,0.00047114905,3.909919e-06,0.0016128963,6.013424e-05,6.9655655e-08,5.7682802e-05,3.1665528e-05,3.3147498e-06
2.0823144e-08,2.469973e-07,1.6846734e-06,0.0003195065,0.00047987167,0.0032151316,0.044255182,0.06196556,0.0422015,0.25231838,0.048906736,0.042079344,0.46441463,0.03419092,0.0035724859,0.000896874,0.0007496615,9.813399e-07,0.00043050837,7.26532e-07,1.5559952e-08
3.8605117e-07,2.919465e-06,3.405657e-06,0.0011051238,0.01699055,0.23566757,0.3079575,0.27009013,0.08837404,0.04284209,0.01907401,0.010560477,0.0010720895,0.0015705404,0.00052365125,0.0037980953,0.00036582624,1.9202915e-08,1.4350001e-06,1.3557282e-07,2.5918286e-08
1.0900609e-06,5.1452175e-06,5.6831454e-05,0.07285886,0.042278036,0.17351909,0.26351416,0.08820829,0.25073242,0.061925642,0.039411098,0.00095458893,0.0039148727,3.272388e-05,4.649875e-07,5.9257472e-06,0.0025762771,1.5933842e-09,4.43845e-06,6.4042385e-09,9.38364e-09
1.5964667e-06,1.1263462e-06,3.3936017e-06,0.0069399565,0.00014069652,0.007213884,0.06733514,0.1142675,0.15762499,0.15231991,0.107468136,0.075133234,0.027820636,0.028584572,0.0032608188,0.2399482,0.0035121338,0.0002097578,0.008207837,1.5600975e-06,4.8842753e-06
2.7283193e-06,2.731058e-06,3.71004e-06,8.545307e-05,0.0010977788,0.011162372,0.08554188,0.29965875,0.3917147,0.023713617,0.09741067,0.03859298,0.0012955953,0.014492865,0.000495994,0.028203612,0.0042785723,0.0019808142,0.00026186972,2.7936321e-06,5.419599e-07
3.0612697e-05,9.4492236e-05,0.20337017,0.4686167,0.26181707,0.045147706,0.012942782,0.0039374903,0.0026688217,0.00025642017,0.001025549,2.4456792e-06,8.2853956e-05,8.9015623e-07,7.1849876e-10,1.9875686e-06,3.2199948e-06,2.9342773e-10,7.339438e-07,2.168613e-09,2.6020244e-08
6.9280003e-07,1.0028651e-06,0.00030753418,0.022179252,0.035687916,0.029824462,0.14303115,0.062976,0.03482712,0.051035862,0.008251651,0.0036375865,0.5770467,0.0055728266,2.6554359e-05,0.016151236,0.009395387,9.910081e-06,3.5108027e-05,1.4432145e-06,6.2139753e-07
1.1456399e-06,4.68378e-06,3.16655e-05,0.026183471,0.013269667,0.804231,0.067666814,0.04197633,0.018891703,0.015497264,0.009051436,0.00019652193,0.0012456826,2.295247e-05,0.0011536645,0.000120941055,0.00045170635,1.4388597e-07,3.1001118e-06,1.5713194e-08,1.3101153e-07
1.2530203e-06,8.232117e-06,5.9269663e-05,0.026064258,0.020765215,0.19618359,0.1932077,0.08442953,0.16747043,0.10054651,0.12680677,0.0079723885,0.06443637,0.0010092205,0.00015522633,5.2839747e-05,0.010804588,2.1954937e-08,2.6446307e-05,1.6846242e-07,6.6181556e-08
1.9811611e-07,1.3446255e-07,2.2738445e-07,8.582337e-06,2.1348675e-05,0.00021875504,0.015567527,0.027434252,0.1732432,0.050306182,0.3470251,0.011924028,0.000485261,9.574713e-05,5.0372255e-05,0.37260354,0.0010078041,5.837438e-06,1.7836932e-06,9.717314e-09,7.6939266e-08
2.4218278e-07,4.6350485e-07,2.1487872e-06,0.001432073,0.071236365,0.25597113,0.49438146,0.1310572,0.03845597,0.0040879226,0.002467457,0.0008259764,6.658401e-06,2.4235793e-05,8.898062e-08,2.2249433e-05,2.8246825e-05,2.6511518e-10,9.567791e-08,3.9001194e-10,1.8556769e-10
4.6022703e-07,3.3094818e-06,0.0008199323,0.1381227,0.08639261,0.1066471,0.1678477,0.1151553,0.13455944,0.17762265,0.018092237,0.0015139788,0.0022337174,0.01502488,6.546937e-07,0.00040763148,9.041225e-05,3.0312635e-09,0.03546525,5.810853e-08,3.7591214e-08
1.3350642e-05,0.00030885747,0.0065064165,0.0512231,0.3306504,0.20896974,0.08319138,0.043121506,0.14569864,0.0045853225,0.015452241,0.0015934634,0.102258995,0.00012342786,1.0592425e-05,0.004039034,0.0022415647,6.6236794e-08,6.0550587e-06,4.791627e-06,1.0222016e-06
0.0021466925,0.0041292347,0.3731967,0.3711275,0.17781557,0.044826172,0.011211145,0.00639074,0.0045045917,0.0005968277,0.0033708035,1.9139785e-05,0.00043063264,3.3445096e-05,2.0845998e-07,0.00011119324,6.336911e-05,9.9673585e-08,1.9701636e-05,4.0122438e-07,5.7883326e-06
1.2798174e-05,3.135151e-05,0.016137684,0.097712606,0.1059973,0.11525073,0.11005478,0.20248091,0.013534137,0.123608954,0.20645116,0.00015220171,0.0079519,0.0003047938,5.834534e-06,9.844326e-05,3.641413e-05,9.370031e-09,0.00017779066,3.8134807e-08,1.1722243e-07
1.0123722e-07,1.2514566e-06,3.1687985e-05,0.009250494,0.17081627,0.12467259,0.34968728,0.14293605,0.08866455,0.07495412,0.016706092,0.0132058775,0.004127957,0.0046633016,1.7287931e-06,0.00023944554,2.7005093e-05,3.8852463e-10,1.422143e-05,9.976531e-09,2.8966873e-09
3.6312034e-07,3.4568058e-07,4.307309e-08,8.674285e-06,5.043608e-08,0.000103262406,0.0011628859,0.008896047,0.3451049,0.17069869,0.000828412,0.0003193106,0.44806942,0.010819654,0.0082733985,0.002106752,0.002500488,9.953071e-05,0.0010003569,2.7479159e-08,7.3923306e-06
8.382271e-08,2.504074e-07,7.370274e-08,0.005844617,2.4535224e-05,0.0066639837,0.040916875,0.32803422,0.43600005,0.03214104,0.115300015,0.0015523097,0.0007698753,0.001416183,0.012828213,0.01748334,0.001008317,2.3740358e-07,1.553844e-05,7.826268e-10,2.388142e-07
2.103963e-08,1.573746e-09,2.9571636e-09,9.84722e-06,7.8664094e-08,0.0014773833,0.0068811127,0.008869284,0.010002669,0.015035215,0.011385265,0.91042256,0.010875225,0.003976706,0.002291192,0.0018619597,1.1633269e-06,0.011972815,0.004917843,1.4687069e-09,1.9698226e-05
1.1310437e-05,0.00016446334,0.013030049,0.08324212,0.45025635,0.33049533,0.060061235,0.01737844,0.026869161,0.0023881788,0.0066426843,8.8247754e-05,0.009186248,4.114296e-06,2.8796992e-06,8.3924715e-05,9.2545415e-05,7.455041e-09,2.365126e-06,1.652593e-07,2.3966237e-07
1.6161236e-07,5.509405e-07,2.7759356e-07,0.02220102,0.00010647839,0.18819673,0.08719941,0.10490871,0.07522303,0.03702833,0.015364886,0.0007330554,0.0005907714,0.00022121321,0.46668932,0.0008778911,0.00064871635,4.125484e-07,8.400827e-06,5.6297758e-09,5.672475e-07
0.0004607856,0.001235738,0.14033334,0.43790647,0.31081253,0.07574352,0.016257271,0.007994995,0.004861335,0.0008742165,0.0026940298,1.8144026e-05,0.0007086849,1.20594705e-05,4.810034e-07,2.3784503e-05,4.7738176e-05,5.588543e-08,1.305754e-05,1.8098591e-07,1.6110944e-06
3.4588525e-06,1.9203042e-06,2.6738803e-06,0.032218985,0.0003959427,0.070428826,0.5127685,0.04307912,0.16695379,0.15267114,0.007061088,0.00034481357,0.00013684496,6.69473e-05,8.512027e-06,3.5288944e-05,0.013814988,7.4750055e-08,6.9433263e-06,6.2110544e-10,1.0033636e-07
7.030658e-07,3.6027106e-06,6.941545e-06,0.041615985,0.0027638553,0.34983087,0.13702644,0.24623682,0.07845999,0.048166033,0.053795483,0.0050729043,0.0026787287,0.00019844968,0.03188445,0.0015072217,0.0007372045,9.579411e-07,1.2555186e-05,6.858391e-08,7.1085697e-07
0.00011128233,0.00010139359,0.00025920814,0.03000335,0.071237825,0.117376044,0.24884766,0.36493692,0.069008626,0.02829746,0.050709303,0.0036066154,0.0010040504,0.004801465,7.230872e-05,0.003337424,0.00625495,6.6541594e-07,3.19522e-05,4.348827e-07,1.0011574e-06
0.10847212,0.2860701,0.26516458,0.17359644,0.06877081,0.02028416,0.020021264,0.009908145,0.0050787036,0.00092135236,0.0375617,0.0016093544,0.0005328047,0.0004122433,2.0339316e-05,0.0011541016,0.00019517411,2.529103e-06,0.000112599424,6.752297e-05,4.3981803e-05
1.855811e-05,4.4238335e-05,0.07854403,0.34565228,0.38545573,0.13467069,0.03152754,0.011161607,0.0064976737,0.0021283466,0.0031425285,1.5337397e-05,0.0011024871,5.143699e-06,1.04665304e-07,7.9479805e-06,2.0330965e-05,1.26451125e-08,5.2537903e-06,1.9295145e-08,8.2265636e-08
1.1539424e-06,2.9123878e-06,3.9679285e-06,1.2949815e-05,0.00013884125,0.00091638113,0.05776985,0.08338786,0.33395997,0.08590617,0.15432067,0.09076661,0.028647136,0.009656988,0.05506509,0.03708312,0.038077693,0.02400853,0.0002370667,3.2188607e-05,4.7905046e-06
4.513623e-06,2.5432133e-05,0.000860027,0.06986265,0.17806669,0.5658192,0.09167376,0.043827936,0.025078401,0.0068605044,0.016224988,9.987535e-05,0.001361917,8.963374e-06,1.5613286e-05,3.5186626e-05,0.00017183175,1.8395937e-08,2.4693254e-06,1.9432168e-08,8.507266e-08
0.00022928492,0.00017016922,0.22936542,0.31681827,0.31524065,0.07130104,0.023042208,0.020703869,0.013391628,0.0024335876,0.0049620667,1.5810569e-05,0.0015577842,0.00021179923,1.7944275e-07,0.0003699393,0.00014117129,1.0289889e-07,4.2743246e-05,9.183991e-08,2.1800622e-06
9.2224565e-07,4.115824e-06,4.7419085e-06,0.0006000792,0.002082498,0.030022584,0.17347248,0.27695012,0.19663323,0.062460463,0.06396995,0.018105946,0.007183676,0.015180281,0.008377621,0.13994688,0.0049149273,2.832637e-05,5.3821157e-05,6.2213926e-06,1.0900524e-06
1.262821e-08,6.5624595e-09,2.3115008e-09,5.507791e-06,5.6611253e-08,0.0013023863,0.022575624,0.22591354,0.34183022,0.054321576,0.053435493,0.0020260226,0.07451924,0.09758604,0.03175667,0.017300192,0.07660971,0.00042317426,0.00037539285,1.1236975e-07,1.8983994e-05
0.00027364588,0.00042961253,0.23864238,0.36240995,0.28904948,0.069053985,0.018613743,0.009865087,0.006441878,0.0012030659,0.0031164112,1.4182433e-05,0.00073366455,2.640808e-05,1.349436e-07,5.7057998e-05,4.9216018e-05,4.8671936e-08,1.8494435e-05,9.117742e-08,1.5296854e-06
1.0691762e-06,2.1978676e-06,0.0009245394,0.047630236,0.094494216,0.1792786,0.26446423,0.052777585,0.026627028,0.02284424,0.0044730324,0.0011612889,0.30102307,9.864942e-05,1.4245054e-05,0.0013684505,0.0028122095,1.0207843e-06,3.4329205e-06,4.7023323e-07,1.4559632e-07
1.66e-07,8.27583e-07,1.0461616e-05,0.004998357,0.1252052,0.3521469,0.39291662,0.08281646,0.031264693,0.008799117,0.0011423539,0.0005756833,9.021508e-05,9.630249e-06,2.054157e-07,3.6175343e-06,1.9255513e-05,6.438292e-11,2.501804e-07,1.4172014e-09,4.972729e-10
0.0006926855,0.007115081,0.06692659,0.26908252,0.1083552,0.06992454,0.15914865,0.11880482,0.06724096,0.014041038,0.0746057,0.022366943,0.0057551977,0.001961197,3.815815e-06,0.013649761,0.00015787446,9.306543e-08,0.00010966713,5.47467e-05,2.929135e-06
4.0377513e-06,1.5000243e-06,7.768627e-06,0.12393443,0.0011914854,0.061917894,0.3906731,0.07461433,0.15112567,0.16171928,0.028874407,0.0013134589,5.1822546e-05,4.2858373e-05,1.0125298e-06,0.0003657534,0.0041583143,2.0849012e-07,2.5414902e-06,2.8097398e-09,1.0178125e-07
4.4881135e-06,9.6614174e-05,0.0054597114,0.10281487,0.17971693,0.18465133,0.2068184,0.064824626,0.040316604,0.060381275,0.021564273,0.044779636,0.087614626,0.00066392485,3.5990543e-06,0.00016499318,3.917756e-05,2.705236e-09,8.296588e-05,1.8322088e-06,1.2987826e-07
2.0175598e-06,1.1252826e-06,1.6064726e-06,0.0025701367,1.2800669e-05,0.0017816991,0.056433164,0.07105282,0.15535413,0.08211001,0.1277614,0.35561046,0.040381577,0.020766508,0.031026827,0.02330075,0.005101473,0.004422066,0.022268001,2.1794895e-06,3.928433e-05
2.0046551e-05,0.00016346709,0.0043819724,0.19073999,0.3294926,0.3929959,0.048764896,0.011022609,0.017155232,0.0014353027,0.0032639843,1.093454e-05,0.00049205765,1.7018943e-06,1.1758507e-06,4.5804272e-06,5.2446914e-05,1.8893405e-09,1.0884512e-06,1.0882425e-08,6.103809e-08
0.00012559307,0.005137884,0.03256461,0.15156619,0.049798954,0.07037099,0.16131078,0.042493723,0.071377404,0.008542908,0.08250334,0.27877933,0.043818932,0.00068586366,2.1738192e-06,0.0008353475,1.5048828e-05,9.828277e-09,1.00023535e-05,6.066147e-05,2.1488715e-07
0.00030373546,0.001305291,0.1767908,0.49567854,0.24018452,0.063240804,0.010917384,0.005259926,0.0036929264,0.00042329254,0.0017412178,9.188318e-06,0.00040353584,4.0564405e-06,5.448858e-08,1.6932718e-05,2.4187017e-05,5.840519e-09,2.9803657e-06,6.833708e-08,6.059988e-07
1.1731333e-06,3.7070722e-06,0.0002052027,0.05466482,0.2202054,0.2105228,0.30598727,0.08839002,0.05181172,0.061125766,0.0035873326,0.0014849447,0.0011567479,0.00053969,2.0475559e-06,4.906497e-05,0.00011410112,7.0890587e-09,0.00014810433,6.468233e-08,1.32797195e-08
2.5346796e-07,2.897508e-06,0.00034018265,0.10451498,0.37876382,0.21548285,0.17629397,0.05009039,0.039996523,0.026932683,0.0072877724,5.8131383e-05,0.0002233836,3.5717315e-07,2.2582445e-09,3.9794486e-08,1.1511952e-05,1.0073684e-11,3.0351595e-07,1.6927565e-10,1.3050329e-10
4.5634116e-07,1.3835202e-07,3.367629e-07,6.6962352e-06,5.8457397e-07,0.00021754573,0.001403545,0.001936492,0.004819876,0.04012221,0.009868541,0.015624836,0.04035857,0.039710402,0.0046313587,0.0008326831,1.3021515e-06,0.0041220468,0.83629507,1.3455211e-08,4.7313388e-05
3.7287157e-06,2.0313499e-07,3.432265e-07,0.016600193,5.267916e-05,0.003965132,0.2291278,0.06301038,0.48614815,0.17352086,0.009832162,0.0004929289,4.1825597e-06,3.6818774e-06,6.094825e-09,5.7610898e-05,0.01717869,6.895131e-08,1.1514189e-06,4.665472e-11,1.5386057e-08
6.479199e-07,1.6486904e-06,1.9153213e-06,1.2097137e-05,2.845083e-05,0.00019312295,0.020913227,0.03979024,0.19435875,0.13475326,0.27430916,0.06717598,0.10057282,0.04584075,0.0771088,0.033209924,0.00696019,0.0031697631,0.0015840384,7.83535e-06,7.359423e-06
0.000117426025,0.0004999703,0.064993486,0.23612212,0.23882316,0.08382498,0.06779528,0.15832168,0.008659004,0.023686035,0.11525449,0.00013061678,0.0016520409,2.8064343e-05,1.0551086e-06,4.434383e-05,2.3663308e-05,7.052199e-09,2.2236532e-05,9.0904926e-08,2.2566445e-07
1.9269908e-06,3.2070404e-06,1.1333182e-05,0.09752804,0.0044155056,0.12663503,0.3141637,0.07567276,0.23718235,0.09999253,0.03182868,0.00032311367,0.00037295496,3.96146e-05,6.484336e-07,4.9742648e-05,0.011776569,6.805786e-09,2.2691927e-06,9.401075e-10,3.491413e-08
0.03249268,0.015836926,0.4649593,0.19498959,0.1897174,0.0449953,0.019038351,0.012490256,0.0072235516,0.0018885992,0.010048457,0.00011001749,0.0010560153,0.0021111418,1.2990053e-05,0.001814927,0.00048424458,1.753857e-05,0.00057048164,9.557606e-06,0.00013268896
1.8404817e-05,9.715122e-05,0.0011685814,0.038327802,0.08041802,0.44019276,0.109669976,0.08665734,0.07121395,0.059451703,0.022532795,0.0008456223,0.07671169,0.00021746008,0.004494363,0.0046618646,0.0032513107,2.6558184e-06,5.561427e-05,2.5092224e-06,8.430407e-06
