[I 2025-05-11 02:52:29,178] A new study created in memory with name: FTTransformer_Boston_outer1
/home/mburu/anaconda3/envs/TabSurvey/lib/python3.8/site-packages/torch/nn/modules/loss.py:535: UserWarning: Using a target size (torch.Size([128])) that is different to the input size (torch.Size([128, 1])). This will likely lead to incorrect results due to broadcasting. Please ensure they have the same size.
  return F.mse_loss(input, target, reduction=self.reduction)
/home/mburu/Master_Thesis/master-thesis-da/DNN_Trial/models/rtdl_models.py:479: UserWarning: To copy construct from a tensor, it is recommended to use sourceTensor.clone().detach() or sourceTensor.clone().detach().requires_grad_(True), rather than torch.tensor(sourceTensor).
  X = torch.tensor(X, dtype=torch.float32).to(self.device)
/home/mburu/anaconda3/envs/TabSurvey/lib/python3.8/site-packages/torch/nn/modules/loss.py:535: UserWarning: Using a target size (torch.Size([41])) that is different to the input size (torch.Size([41, 1])). This will likely lead to incorrect results due to broadcasting. Please ensure they have the same size.
  return F.mse_loss(input, target, reduction=self.reduction)
/home/mburu/anaconda3/envs/TabSurvey/lib/python3.8/site-packages/torch/nn/modules/loss.py:535: UserWarning: Using a target size (torch.Size([33])) that is different to the input size (torch.Size([33, 1])). This will likely lead to incorrect results due to broadcasting. Please ensure they have the same size.
  return F.mse_loss(input, target, reduction=self.reduction)
/home/mburu/anaconda3/envs/TabSurvey/lib/python3.8/site-packages/torch/nn/modules/loss.py:535: UserWarning: Using a target size (torch.Size([128])) that is different to the input size (torch.Size([128, 1])). This will likely lead to incorrect results due to broadcasting. Please ensure they have the same size.
  return F.mse_loss(input, target, reduction=self.reduction)
/home/mburu/Master_Thesis/master-thesis-da/DNN_Trial/models/rtdl_models.py:479: UserWarning: To copy construct from a tensor, it is recommended to use sourceTensor.clone().detach() or sourceTensor.clone().detach().requires_grad_(True), rather than torch.tensor(sourceTensor).
  X = torch.tensor(X, dtype=torch.float32).to(self.device)
/home/mburu/anaconda3/envs/TabSurvey/lib/python3.8/site-packages/torch/nn/modules/loss.py:535: UserWarning: Using a target size (torch.Size([41])) that is different to the input size (torch.Size([41, 1])). This will likely lead to incorrect results due to broadcasting. Please ensure they have the same size.
  return F.mse_loss(input, target, reduction=self.reduction)
/home/mburu/anaconda3/envs/TabSurvey/lib/python3.8/site-packages/torch/nn/modules/loss.py:535: UserWarning: Using a target size (torch.Size([33])) that is different to the input size (torch.Size([33, 1])). This will likely lead to incorrect results due to broadcasting. Please ensure they have the same size.
  return F.mse_loss(input, target, reduction=self.reduction)
/home/mburu/anaconda3/envs/TabSurvey/lib/python3.8/site-packages/torch/nn/modules/loss.py:535: UserWarning: Using a target size (torch.Size([128])) that is different to the input size (torch.Size([128, 1])). This will likely lead to incorrect results due to broadcasting. Please ensure they have the same size.
  return F.mse_loss(input, target, reduction=self.reduction)
/home/mburu/Master_Thesis/master-thesis-da/DNN_Trial/models/rtdl_models.py:479: UserWarning: To copy construct from a tensor, it is recommended to use sourceTensor.clone().detach() or sourceTensor.clone().detach().requires_grad_(True), rather than torch.tensor(sourceTensor).
  X = torch.tensor(X, dtype=torch.float32).to(self.device)
/home/mburu/anaconda3/envs/TabSurvey/lib/python3.8/site-packages/torch/nn/modules/loss.py:535: UserWarning: Using a target size (torch.Size([40])) that is different to the input size (torch.Size([40, 1])). This will likely lead to incorrect results due to broadcasting. Please ensure they have the same size.
  return F.mse_loss(input, target, reduction=self.reduction)
/home/mburu/anaconda3/envs/TabSurvey/lib/python3.8/site-packages/torch/nn/modules/loss.py:535: UserWarning: Using a target size (torch.Size([34])) that is different to the input size (torch.Size([34, 1])). This will likely lead to incorrect results due to broadcasting. Please ensure they have the same size.
  return F.mse_loss(input, target, reduction=self.reduction)
/home/mburu/anaconda3/envs/TabSurvey/lib/python3.8/site-packages/torch/nn/modules/loss.py:535: UserWarning: Using a target size (torch.Size([128])) that is different to the input size (torch.Size([128, 1])). This will likely lead to incorrect results due to broadcasting. Please ensure they have the same size.
  return F.mse_loss(input, target, reduction=self.reduction)
/home/mburu/Master_Thesis/master-thesis-da/DNN_Trial/models/rtdl_models.py:479: UserWarning: To copy construct from a tensor, it is recommended to use sourceTensor.clone().detach() or sourceTensor.clone().detach().requires_grad_(True), rather than torch.tensor(sourceTensor).
  X = torch.tensor(X, dtype=torch.float32).to(self.device)
/home/mburu/anaconda3/envs/TabSurvey/lib/python3.8/site-packages/torch/nn/modules/loss.py:535: UserWarning: Using a target size (torch.Size([40])) that is different to the input size (torch.Size([40, 1])). This will likely lead to incorrect results due to broadcasting. Please ensure they have the same size.
  return F.mse_loss(input, target, reduction=self.reduction)
/home/mburu/anaconda3/envs/TabSurvey/lib/python3.8/site-packages/torch/nn/modules/loss.py:535: UserWarning: Using a target size (torch.Size([34])) that is different to the input size (torch.Size([34, 1])). This will likely lead to incorrect results due to broadcasting. Please ensure they have the same size.
  return F.mse_loss(input, target, reduction=self.reduction)
/home/mburu/anaconda3/envs/TabSurvey/lib/python3.8/site-packages/torch/nn/modules/loss.py:535: UserWarning: Using a target size (torch.Size([128])) that is different to the input size (torch.Size([128, 1])). This will likely lead to incorrect results due to broadcasting. Please ensure they have the same size.
  return F.mse_loss(input, target, reduction=self.reduction)
/home/mburu/Master_Thesis/master-thesis-da/DNN_Trial/models/rtdl_models.py:479: UserWarning: To copy construct from a tensor, it is recommended to use sourceTensor.clone().detach() or sourceTensor.clone().detach().requires_grad_(True), rather than torch.tensor(sourceTensor).
  X = torch.tensor(X, dtype=torch.float32).to(self.device)
/home/mburu/anaconda3/envs/TabSurvey/lib/python3.8/site-packages/torch/nn/modules/loss.py:535: UserWarning: Using a target size (torch.Size([40])) that is different to the input size (torch.Size([40, 1])). This will likely lead to incorrect results due to broadcasting. Please ensure they have the same size.
  return F.mse_loss(input, target, reduction=self.reduction)
/home/mburu/anaconda3/envs/TabSurvey/lib/python3.8/site-packages/torch/nn/modules/loss.py:535: UserWarning: Using a target size (torch.Size([34])) that is different to the input size (torch.Size([34, 1])). This will likely lead to incorrect results due to broadcasting. Please ensure they have the same size.
  return F.mse_loss(input, target, reduction=self.reduction)
[I 2025-05-11 02:52:30,757] Trial 0 finished with value: 371.33446686183254 and parameters: {'learning_rate': 0.0006348408488760114, 'weight_decay': 1.928418638462911e-05}. Best is trial 0 with value: 371.33446686183254.
/home/mburu/anaconda3/envs/TabSurvey/lib/python3.8/site-packages/torch/nn/modules/loss.py:535: UserWarning: Using a target size (torch.Size([128])) that is different to the input size (torch.Size([128, 1])). This will likely lead to incorrect results due to broadcasting. Please ensure they have the same size.
  return F.mse_loss(input, target, reduction=self.reduction)
/home/mburu/Master_Thesis/master-thesis-da/DNN_Trial/models/rtdl_models.py:479: UserWarning: To copy construct from a tensor, it is recommended to use sourceTensor.clone().detach() or sourceTensor.clone().detach().requires_grad_(True), rather than torch.tensor(sourceTensor).
  X = torch.tensor(X, dtype=torch.float32).to(self.device)
/home/mburu/anaconda3/envs/TabSurvey/lib/python3.8/site-packages/torch/nn/modules/loss.py:535: UserWarning: Using a target size (torch.Size([41])) that is different to the input size (torch.Size([41, 1])). This will likely lead to incorrect results due to broadcasting. Please ensure they have the same size.
  return F.mse_loss(input, target, reduction=self.reduction)
/home/mburu/anaconda3/envs/TabSurvey/lib/python3.8/site-packages/torch/nn/modules/loss.py:535: UserWarning: Using a target size (torch.Size([33])) that is different to the input size (torch.Size([33, 1])). This will likely lead to incorrect results due to broadcasting. Please ensure they have the same size.
  return F.mse_loss(input, target, reduction=self.reduction)
/home/mburu/anaconda3/envs/TabSurvey/lib/python3.8/site-packages/torch/nn/modules/loss.py:535: UserWarning: Using a target size (torch.Size([128])) that is different to the input size (torch.Size([128, 1])). This will likely lead to incorrect results due to broadcasting. Please ensure they have the same size.
  return F.mse_loss(input, target, reduction=self.reduction)
/home/mburu/Master_Thesis/master-thesis-da/DNN_Trial/models/rtdl_models.py:479: UserWarning: To copy construct from a tensor, it is recommended to use sourceTensor.clone().detach() or sourceTensor.clone().detach().requires_grad_(True), rather than torch.tensor(sourceTensor).
  X = torch.tensor(X, dtype=torch.float32).to(self.device)
/home/mburu/anaconda3/envs/TabSurvey/lib/python3.8/site-packages/torch/nn/modules/loss.py:535: UserWarning: Using a target size (torch.Size([41])) that is different to the input size (torch.Size([41, 1])). This will likely lead to incorrect results due to broadcasting. Please ensure they have the same size.
  return F.mse_loss(input, target, reduction=self.reduction)
/home/mburu/anaconda3/envs/TabSurvey/lib/python3.8/site-packages/torch/nn/modules/loss.py:535: UserWarning: Using a target size (torch.Size([33])) that is different to the input size (torch.Size([33, 1])). This will likely lead to incorrect results due to broadcasting. Please ensure they have the same size.
  return F.mse_loss(input, target, reduction=self.reduction)
/home/mburu/anaconda3/envs/TabSurvey/lib/python3.8/site-packages/torch/nn/modules/loss.py:535: UserWarning: Using a target size (torch.Size([128])) that is different to the input size (torch.Size([128, 1])). This will likely lead to incorrect results due to broadcasting. Please ensure they have the same size.
  return F.mse_loss(input, target, reduction=self.reduction)
/home/mburu/Master_Thesis/master-thesis-da/DNN_Trial/models/rtdl_models.py:479: UserWarning: To copy construct from a tensor, it is recommended to use sourceTensor.clone().detach() or sourceTensor.clone().detach().requires_grad_(True), rather than torch.tensor(sourceTensor).
  X = torch.tensor(X, dtype=torch.float32).to(self.device)
/home/mburu/anaconda3/envs/TabSurvey/lib/python3.8/site-packages/torch/nn/modules/loss.py:535: UserWarning: Using a target size (torch.Size([40])) that is different to the input size (torch.Size([40, 1])). This will likely lead to incorrect results due to broadcasting. Please ensure they have the same size.
  return F.mse_loss(input, target, reduction=self.reduction)
/home/mburu/anaconda3/envs/TabSurvey/lib/python3.8/site-packages/torch/nn/modules/loss.py:535: UserWarning: Using a target size (torch.Size([34])) that is different to the input size (torch.Size([34, 1])). This will likely lead to incorrect results due to broadcasting. Please ensure they have the same size.
  return F.mse_loss(input, target, reduction=self.reduction)
/home/mburu/anaconda3/envs/TabSurvey/lib/python3.8/site-packages/torch/nn/modules/loss.py:535: UserWarning: Using a target size (torch.Size([128])) that is different to the input size (torch.Size([128, 1])). This will likely lead to incorrect results due to broadcasting. Please ensure they have the same size.
  return F.mse_loss(input, target, reduction=self.reduction)
/home/mburu/Master_Thesis/master-thesis-da/DNN_Trial/models/rtdl_models.py:479: UserWarning: To copy construct from a tensor, it is recommended to use sourceTensor.clone().detach() or sourceTensor.clone().detach().requires_grad_(True), rather than torch.tensor(sourceTensor).
  X = torch.tensor(X, dtype=torch.float32).to(self.device)
/home/mburu/anaconda3/envs/TabSurvey/lib/python3.8/site-packages/torch/nn/modules/loss.py:535: UserWarning: Using a target size (torch.Size([40])) that is different to the input size (torch.Size([40, 1])). This will likely lead to incorrect results due to broadcasting. Please ensure they have the same size.
  return F.mse_loss(input, target, reduction=self.reduction)
/home/mburu/anaconda3/envs/TabSurvey/lib/python3.8/site-packages/torch/nn/modules/loss.py:535: UserWarning: Using a target size (torch.Size([34])) that is different to the input size (torch.Size([34, 1])). This will likely lead to incorrect results due to broadcasting. Please ensure they have the same size.
  return F.mse_loss(input, target, reduction=self.reduction)
/home/mburu/anaconda3/envs/TabSurvey/lib/python3.8/site-packages/torch/nn/modules/loss.py:535: UserWarning: Using a target size (torch.Size([128])) that is different to the input size (torch.Size([128, 1])). This will likely lead to incorrect results due to broadcasting. Please ensure they have the same size.
  return F.mse_loss(input, target, reduction=self.reduction)
/home/mburu/Master_Thesis/master-thesis-da/DNN_Trial/models/rtdl_models.py:479: UserWarning: To copy construct from a tensor, it is recommended to use sourceTensor.clone().detach() or sourceTensor.clone().detach().requires_grad_(True), rather than torch.tensor(sourceTensor).
  X = torch.tensor(X, dtype=torch.float32).to(self.device)
/home/mburu/anaconda3/envs/TabSurvey/lib/python3.8/site-packages/torch/nn/modules/loss.py:535: UserWarning: Using a target size (torch.Size([40])) that is different to the input size (torch.Size([40, 1])). This will likely lead to incorrect results due to broadcasting. Please ensure they have the same size.
  return F.mse_loss(input, target, reduction=self.reduction)
/home/mburu/anaconda3/envs/TabSurvey/lib/python3.8/site-packages/torch/nn/modules/loss.py:535: UserWarning: Using a target size (torch.Size([34])) that is different to the input size (torch.Size([34, 1])). This will likely lead to incorrect results due to broadcasting. Please ensure they have the same size.
  return F.mse_loss(input, target, reduction=self.reduction)
[I 2025-05-11 02:52:31,043] Trial 1 finished with value: 400.8808745391478 and parameters: {'learning_rate': 0.00015766564980473764, 'weight_decay': 0.00011541467110080671}. Best is trial 0 with value: 371.33446686183254.
/home/mburu/anaconda3/envs/TabSurvey/lib/python3.8/site-packages/torch/nn/modules/loss.py:535: UserWarning: Using a target size (torch.Size([128])) that is different to the input size (torch.Size([128, 1])). This will likely lead to incorrect results due to broadcasting. Please ensure they have the same size.
  return F.mse_loss(input, target, reduction=self.reduction)
/home/mburu/Master_Thesis/master-thesis-da/DNN_Trial/models/rtdl_models.py:479: UserWarning: To copy construct from a tensor, it is recommended to use sourceTensor.clone().detach() or sourceTensor.clone().detach().requires_grad_(True), rather than torch.tensor(sourceTensor).
  X = torch.tensor(X, dtype=torch.float32).to(self.device)
/home/mburu/anaconda3/envs/TabSurvey/lib/python3.8/site-packages/torch/nn/modules/loss.py:535: UserWarning: Using a target size (torch.Size([41])) that is different to the input size (torch.Size([41, 1])). This will likely lead to incorrect results due to broadcasting. Please ensure they have the same size.
  return F.mse_loss(input, target, reduction=self.reduction)
/home/mburu/anaconda3/envs/TabSurvey/lib/python3.8/site-packages/torch/nn/modules/loss.py:535: UserWarning: Using a target size (torch.Size([33])) that is different to the input size (torch.Size([33, 1])). This will likely lead to incorrect results due to broadcasting. Please ensure they have the same size.
  return F.mse_loss(input, target, reduction=self.reduction)
/home/mburu/anaconda3/envs/TabSurvey/lib/python3.8/site-packages/torch/nn/modules/loss.py:535: UserWarning: Using a target size (torch.Size([128])) that is different to the input size (torch.Size([128, 1])). This will likely lead to incorrect results due to broadcasting. Please ensure they have the same size.
  return F.mse_loss(input, target, reduction=self.reduction)
/home/mburu/Master_Thesis/master-thesis-da/DNN_Trial/models/rtdl_models.py:479: UserWarning: To copy construct from a tensor, it is recommended to use sourceTensor.clone().detach() or sourceTensor.clone().detach().requires_grad_(True), rather than torch.tensor(sourceTensor).
  X = torch.tensor(X, dtype=torch.float32).to(self.device)
/home/mburu/anaconda3/envs/TabSurvey/lib/python3.8/site-packages/torch/nn/modules/loss.py:535: UserWarning: Using a target size (torch.Size([41])) that is different to the input size (torch.Size([41, 1])). This will likely lead to incorrect results due to broadcasting. Please ensure they have the same size.
  return F.mse_loss(input, target, reduction=self.reduction)
/home/mburu/anaconda3/envs/TabSurvey/lib/python3.8/site-packages/torch/nn/modules/loss.py:535: UserWarning: Using a target size (torch.Size([33])) that is different to the input size (torch.Size([33, 1])). This will likely lead to incorrect results due to broadcasting. Please ensure they have the same size.
  return F.mse_loss(input, target, reduction=self.reduction)
/home/mburu/anaconda3/envs/TabSurvey/lib/python3.8/site-packages/torch/nn/modules/loss.py:535: UserWarning: Using a target size (torch.Size([128])) that is different to the input size (torch.Size([128, 1])). This will likely lead to incorrect results due to broadcasting. Please ensure they have the same size.
  return F.mse_loss(input, target, reduction=self.reduction)
/home/mburu/Master_Thesis/master-thesis-da/DNN_Trial/models/rtdl_models.py:479: UserWarning: To copy construct from a tensor, it is recommended to use sourceTensor.clone().detach() or sourceTensor.clone().detach().requires_grad_(True), rather than torch.tensor(sourceTensor).
  X = torch.tensor(X, dtype=torch.float32).to(self.device)
/home/mburu/anaconda3/envs/TabSurvey/lib/python3.8/site-packages/torch/nn/modules/loss.py:535: UserWarning: Using a target size (torch.Size([40])) that is different to the input size (torch.Size([40, 1])). This will likely lead to incorrect results due to broadcasting. Please ensure they have the same size.
  return F.mse_loss(input, target, reduction=self.reduction)
/home/mburu/anaconda3/envs/TabSurvey/lib/python3.8/site-packages/torch/nn/modules/loss.py:535: UserWarning: Using a target size (torch.Size([34])) that is different to the input size (torch.Size([34, 1])). This will likely lead to incorrect results due to broadcasting. Please ensure they have the same size.
  return F.mse_loss(input, target, reduction=self.reduction)
/home/mburu/anaconda3/envs/TabSurvey/lib/python3.8/site-packages/torch/nn/modules/loss.py:535: UserWarning: Using a target size (torch.Size([128])) that is different to the input size (torch.Size([128, 1])). This will likely lead to incorrect results due to broadcasting. Please ensure they have the same size.
  return F.mse_loss(input, target, reduction=self.reduction)
/home/mburu/Master_Thesis/master-thesis-da/DNN_Trial/models/rtdl_models.py:479: UserWarning: To copy construct from a tensor, it is recommended to use sourceTensor.clone().detach() or sourceTensor.clone().detach().requires_grad_(True), rather than torch.tensor(sourceTensor).
  X = torch.tensor(X, dtype=torch.float32).to(self.device)
/home/mburu/anaconda3/envs/TabSurvey/lib/python3.8/site-packages/torch/nn/modules/loss.py:535: UserWarning: Using a target size (torch.Size([40])) that is different to the input size (torch.Size([40, 1])). This will likely lead to incorrect results due to broadcasting. Please ensure they have the same size.
  return F.mse_loss(input, target, reduction=self.reduction)
/home/mburu/anaconda3/envs/TabSurvey/lib/python3.8/site-packages/torch/nn/modules/loss.py:535: UserWarning: Using a target size (torch.Size([34])) that is different to the input size (torch.Size([34, 1])). This will likely lead to incorrect results due to broadcasting. Please ensure they have the same size.
  return F.mse_loss(input, target, reduction=self.reduction)
/home/mburu/anaconda3/envs/TabSurvey/lib/python3.8/site-packages/torch/nn/modules/loss.py:535: UserWarning: Using a target size (torch.Size([128])) that is different to the input size (torch.Size([128, 1])). This will likely lead to incorrect results due to broadcasting. Please ensure they have the same size.
  return F.mse_loss(input, target, reduction=self.reduction)
/home/mburu/Master_Thesis/master-thesis-da/DNN_Trial/models/rtdl_models.py:479: UserWarning: To copy construct from a tensor, it is recommended to use sourceTensor.clone().detach() or sourceTensor.clone().detach().requires_grad_(True), rather than torch.tensor(sourceTensor).
  X = torch.tensor(X, dtype=torch.float32).to(self.device)
/home/mburu/anaconda3/envs/TabSurvey/lib/python3.8/site-packages/torch/nn/modules/loss.py:535: UserWarning: Using a target size (torch.Size([40])) that is different to the input size (torch.Size([40, 1])). This will likely lead to incorrect results due to broadcasting. Please ensure they have the same size.
  return F.mse_loss(input, target, reduction=self.reduction)
/home/mburu/anaconda3/envs/TabSurvey/lib/python3.8/site-packages/torch/nn/modules/loss.py:535: UserWarning: Using a target size (torch.Size([34])) that is different to the input size (torch.Size([34, 1])). This will likely lead to incorrect results due to broadcasting. Please ensure they have the same size.
  return F.mse_loss(input, target, reduction=self.reduction)
[I 2025-05-11 02:52:31,323] Trial 2 finished with value: 402.4671825171288 and parameters: {'learning_rate': 0.0001794146407385209, 'weight_decay': 7.2062507468862e-06}. Best is trial 0 with value: 371.33446686183254.
/home/mburu/anaconda3/envs/TabSurvey/lib/python3.8/site-packages/torch/nn/modules/loss.py:535: UserWarning: Using a target size (torch.Size([128])) that is different to the input size (torch.Size([128, 1])). This will likely lead to incorrect results due to broadcasting. Please ensure they have the same size.
  return F.mse_loss(input, target, reduction=self.reduction)
/home/mburu/Master_Thesis/master-thesis-da/DNN_Trial/models/rtdl_models.py:479: UserWarning: To copy construct from a tensor, it is recommended to use sourceTensor.clone().detach() or sourceTensor.clone().detach().requires_grad_(True), rather than torch.tensor(sourceTensor).
  X = torch.tensor(X, dtype=torch.float32).to(self.device)
/home/mburu/anaconda3/envs/TabSurvey/lib/python3.8/site-packages/torch/nn/modules/loss.py:535: UserWarning: Using a target size (torch.Size([41])) that is different to the input size (torch.Size([41, 1])). This will likely lead to incorrect results due to broadcasting. Please ensure they have the same size.
  return F.mse_loss(input, target, reduction=self.reduction)
/home/mburu/anaconda3/envs/TabSurvey/lib/python3.8/site-packages/torch/nn/modules/loss.py:535: UserWarning: Using a target size (torch.Size([33])) that is different to the input size (torch.Size([33, 1])). This will likely lead to incorrect results due to broadcasting. Please ensure they have the same size.
  return F.mse_loss(input, target, reduction=self.reduction)
/home/mburu/anaconda3/envs/TabSurvey/lib/python3.8/site-packages/torch/nn/modules/loss.py:535: UserWarning: Using a target size (torch.Size([128])) that is different to the input size (torch.Size([128, 1])). This will likely lead to incorrect results due to broadcasting. Please ensure they have the same size.
  return F.mse_loss(input, target, reduction=self.reduction)
/home/mburu/Master_Thesis/master-thesis-da/DNN_Trial/models/rtdl_models.py:479: UserWarning: To copy construct from a tensor, it is recommended to use sourceTensor.clone().detach() or sourceTensor.clone().detach().requires_grad_(True), rather than torch.tensor(sourceTensor).
  X = torch.tensor(X, dtype=torch.float32).to(self.device)
/home/mburu/anaconda3/envs/TabSurvey/lib/python3.8/site-packages/torch/nn/modules/loss.py:535: UserWarning: Using a target size (torch.Size([41])) that is different to the input size (torch.Size([41, 1])). This will likely lead to incorrect results due to broadcasting. Please ensure they have the same size.
  return F.mse_loss(input, target, reduction=self.reduction)
/home/mburu/anaconda3/envs/TabSurvey/lib/python3.8/site-packages/torch/nn/modules/loss.py:535: UserWarning: Using a target size (torch.Size([33])) that is different to the input size (torch.Size([33, 1])). This will likely lead to incorrect results due to broadcasting. Please ensure they have the same size.
  return F.mse_loss(input, target, reduction=self.reduction)
/home/mburu/anaconda3/envs/TabSurvey/lib/python3.8/site-packages/torch/nn/modules/loss.py:535: UserWarning: Using a target size (torch.Size([128])) that is different to the input size (torch.Size([128, 1])). This will likely lead to incorrect results due to broadcasting. Please ensure they have the same size.
  return F.mse_loss(input, target, reduction=self.reduction)
/home/mburu/Master_Thesis/master-thesis-da/DNN_Trial/models/rtdl_models.py:479: UserWarning: To copy construct from a tensor, it is recommended to use sourceTensor.clone().detach() or sourceTensor.clone().detach().requires_grad_(True), rather than torch.tensor(sourceTensor).
  X = torch.tensor(X, dtype=torch.float32).to(self.device)
/home/mburu/anaconda3/envs/TabSurvey/lib/python3.8/site-packages/torch/nn/modules/loss.py:535: UserWarning: Using a target size (torch.Size([40])) that is different to the input size (torch.Size([40, 1])). This will likely lead to incorrect results due to broadcasting. Please ensure they have the same size.
  return F.mse_loss(input, target, reduction=self.reduction)
/home/mburu/anaconda3/envs/TabSurvey/lib/python3.8/site-packages/torch/nn/modules/loss.py:535: UserWarning: Using a target size (torch.Size([34])) that is different to the input size (torch.Size([34, 1])). This will likely lead to incorrect results due to broadcasting. Please ensure they have the same size.
  return F.mse_loss(input, target, reduction=self.reduction)
/home/mburu/anaconda3/envs/TabSurvey/lib/python3.8/site-packages/torch/nn/modules/loss.py:535: UserWarning: Using a target size (torch.Size([128])) that is different to the input size (torch.Size([128, 1])). This will likely lead to incorrect results due to broadcasting. Please ensure they have the same size.
  return F.mse_loss(input, target, reduction=self.reduction)
/home/mburu/Master_Thesis/master-thesis-da/DNN_Trial/models/rtdl_models.py:479: UserWarning: To copy construct from a tensor, it is recommended to use sourceTensor.clone().detach() or sourceTensor.clone().detach().requires_grad_(True), rather than torch.tensor(sourceTensor).
  X = torch.tensor(X, dtype=torch.float32).to(self.device)
/home/mburu/anaconda3/envs/TabSurvey/lib/python3.8/site-packages/torch/nn/modules/loss.py:535: UserWarning: Using a target size (torch.Size([40])) that is different to the input size (torch.Size([40, 1])). This will likely lead to incorrect results due to broadcasting. Please ensure they have the same size.
  return F.mse_loss(input, target, reduction=self.reduction)
/home/mburu/anaconda3/envs/TabSurvey/lib/python3.8/site-packages/torch/nn/modules/loss.py:535: UserWarning: Using a target size (torch.Size([34])) that is different to the input size (torch.Size([34, 1])). This will likely lead to incorrect results due to broadcasting. Please ensure they have the same size.
  return F.mse_loss(input, target, reduction=self.reduction)
/home/mburu/anaconda3/envs/TabSurvey/lib/python3.8/site-packages/torch/nn/modules/loss.py:535: UserWarning: Using a target size (torch.Size([128])) that is different to the input size (torch.Size([128, 1])). This will likely lead to incorrect results due to broadcasting. Please ensure they have the same size.
  return F.mse_loss(input, target, reduction=self.reduction)
/home/mburu/Master_Thesis/master-thesis-da/DNN_Trial/models/rtdl_models.py:479: UserWarning: To copy construct from a tensor, it is recommended to use sourceTensor.clone().detach() or sourceTensor.clone().detach().requires_grad_(True), rather than torch.tensor(sourceTensor).
  X = torch.tensor(X, dtype=torch.float32).to(self.device)
/home/mburu/anaconda3/envs/TabSurvey/lib/python3.8/site-packages/torch/nn/modules/loss.py:535: UserWarning: Using a target size (torch.Size([40])) that is different to the input size (torch.Size([40, 1])). This will likely lead to incorrect results due to broadcasting. Please ensure they have the same size.
  return F.mse_loss(input, target, reduction=self.reduction)
/home/mburu/anaconda3/envs/TabSurvey/lib/python3.8/site-packages/torch/nn/modules/loss.py:535: UserWarning: Using a target size (torch.Size([34])) that is different to the input size (torch.Size([34, 1])). This will likely lead to incorrect results due to broadcasting. Please ensure they have the same size.
  return F.mse_loss(input, target, reduction=self.reduction)
[I 2025-05-11 02:52:31,584] Trial 3 finished with value: 480.00006192451866 and parameters: {'learning_rate': 4.610221202696378e-05, 'weight_decay': 0.0009375483252500196}. Best is trial 0 with value: 371.33446686183254.
/home/mburu/anaconda3/envs/TabSurvey/lib/python3.8/site-packages/torch/nn/modules/loss.py:535: UserWarning: Using a target size (torch.Size([128])) that is different to the input size (torch.Size([128, 1])). This will likely lead to incorrect results due to broadcasting. Please ensure they have the same size.
  return F.mse_loss(input, target, reduction=self.reduction)
/home/mburu/Master_Thesis/master-thesis-da/DNN_Trial/models/rtdl_models.py:479: UserWarning: To copy construct from a tensor, it is recommended to use sourceTensor.clone().detach() or sourceTensor.clone().detach().requires_grad_(True), rather than torch.tensor(sourceTensor).
  X = torch.tensor(X, dtype=torch.float32).to(self.device)
/home/mburu/anaconda3/envs/TabSurvey/lib/python3.8/site-packages/torch/nn/modules/loss.py:535: UserWarning: Using a target size (torch.Size([41])) that is different to the input size (torch.Size([41, 1])). This will likely lead to incorrect results due to broadcasting. Please ensure they have the same size.
  return F.mse_loss(input, target, reduction=self.reduction)
/home/mburu/anaconda3/envs/TabSurvey/lib/python3.8/site-packages/torch/nn/modules/loss.py:535: UserWarning: Using a target size (torch.Size([33])) that is different to the input size (torch.Size([33, 1])). This will likely lead to incorrect results due to broadcasting. Please ensure they have the same size.
  return F.mse_loss(input, target, reduction=self.reduction)
/home/mburu/anaconda3/envs/TabSurvey/lib/python3.8/site-packages/torch/nn/modules/loss.py:535: UserWarning: Using a target size (torch.Size([128])) that is different to the input size (torch.Size([128, 1])). This will likely lead to incorrect results due to broadcasting. Please ensure they have the same size.
  return F.mse_loss(input, target, reduction=self.reduction)
/home/mburu/Master_Thesis/master-thesis-da/DNN_Trial/models/rtdl_models.py:479: UserWarning: To copy construct from a tensor, it is recommended to use sourceTensor.clone().detach() or sourceTensor.clone().detach().requires_grad_(True), rather than torch.tensor(sourceTensor).
  X = torch.tensor(X, dtype=torch.float32).to(self.device)
/home/mburu/anaconda3/envs/TabSurvey/lib/python3.8/site-packages/torch/nn/modules/loss.py:535: UserWarning: Using a target size (torch.Size([41])) that is different to the input size (torch.Size([41, 1])). This will likely lead to incorrect results due to broadcasting. Please ensure they have the same size.
  return F.mse_loss(input, target, reduction=self.reduction)
/home/mburu/anaconda3/envs/TabSurvey/lib/python3.8/site-packages/torch/nn/modules/loss.py:535: UserWarning: Using a target size (torch.Size([33])) that is different to the input size (torch.Size([33, 1])). This will likely lead to incorrect results due to broadcasting. Please ensure they have the same size.
  return F.mse_loss(input, target, reduction=self.reduction)
/home/mburu/anaconda3/envs/TabSurvey/lib/python3.8/site-packages/torch/nn/modules/loss.py:535: UserWarning: Using a target size (torch.Size([128])) that is different to the input size (torch.Size([128, 1])). This will likely lead to incorrect results due to broadcasting. Please ensure they have the same size.
  return F.mse_loss(input, target, reduction=self.reduction)
/home/mburu/Master_Thesis/master-thesis-da/DNN_Trial/models/rtdl_models.py:479: UserWarning: To copy construct from a tensor, it is recommended to use sourceTensor.clone().detach() or sourceTensor.clone().detach().requires_grad_(True), rather than torch.tensor(sourceTensor).
  X = torch.tensor(X, dtype=torch.float32).to(self.device)
/home/mburu/anaconda3/envs/TabSurvey/lib/python3.8/site-packages/torch/nn/modules/loss.py:535: UserWarning: Using a target size (torch.Size([40])) that is different to the input size (torch.Size([40, 1])). This will likely lead to incorrect results due to broadcasting. Please ensure they have the same size.
  return F.mse_loss(input, target, reduction=self.reduction)
/home/mburu/anaconda3/envs/TabSurvey/lib/python3.8/site-packages/torch/nn/modules/loss.py:535: UserWarning: Using a target size (torch.Size([34])) that is different to the input size (torch.Size([34, 1])). This will likely lead to incorrect results due to broadcasting. Please ensure they have the same size.
  return F.mse_loss(input, target, reduction=self.reduction)
/home/mburu/anaconda3/envs/TabSurvey/lib/python3.8/site-packages/torch/nn/modules/loss.py:535: UserWarning: Using a target size (torch.Size([128])) that is different to the input size (torch.Size([128, 1])). This will likely lead to incorrect results due to broadcasting. Please ensure they have the same size.
  return F.mse_loss(input, target, reduction=self.reduction)
/home/mburu/Master_Thesis/master-thesis-da/DNN_Trial/models/rtdl_models.py:479: UserWarning: To copy construct from a tensor, it is recommended to use sourceTensor.clone().detach() or sourceTensor.clone().detach().requires_grad_(True), rather than torch.tensor(sourceTensor).
  X = torch.tensor(X, dtype=torch.float32).to(self.device)
/home/mburu/anaconda3/envs/TabSurvey/lib/python3.8/site-packages/torch/nn/modules/loss.py:535: UserWarning: Using a target size (torch.Size([40])) that is different to the input size (torch.Size([40, 1])). This will likely lead to incorrect results due to broadcasting. Please ensure they have the same size.
  return F.mse_loss(input, target, reduction=self.reduction)
/home/mburu/anaconda3/envs/TabSurvey/lib/python3.8/site-packages/torch/nn/modules/loss.py:535: UserWarning: Using a target size (torch.Size([34])) that is different to the input size (torch.Size([34, 1])). This will likely lead to incorrect results due to broadcasting. Please ensure they have the same size.
  return F.mse_loss(input, target, reduction=self.reduction)
/home/mburu/anaconda3/envs/TabSurvey/lib/python3.8/site-packages/torch/nn/modules/loss.py:535: UserWarning: Using a target size (torch.Size([128])) that is different to the input size (torch.Size([128, 1])). This will likely lead to incorrect results due to broadcasting. Please ensure they have the same size.
  return F.mse_loss(input, target, reduction=self.reduction)
/home/mburu/Master_Thesis/master-thesis-da/DNN_Trial/models/rtdl_models.py:479: UserWarning: To copy construct from a tensor, it is recommended to use sourceTensor.clone().detach() or sourceTensor.clone().detach().requires_grad_(True), rather than torch.tensor(sourceTensor).
  X = torch.tensor(X, dtype=torch.float32).to(self.device)
/home/mburu/anaconda3/envs/TabSurvey/lib/python3.8/site-packages/torch/nn/modules/loss.py:535: UserWarning: Using a target size (torch.Size([40])) that is different to the input size (torch.Size([40, 1])). This will likely lead to incorrect results due to broadcasting. Please ensure they have the same size.
  return F.mse_loss(input, target, reduction=self.reduction)
/home/mburu/anaconda3/envs/TabSurvey/lib/python3.8/site-packages/torch/nn/modules/loss.py:535: UserWarning: Using a target size (torch.Size([34])) that is different to the input size (torch.Size([34, 1])). This will likely lead to incorrect results due to broadcasting. Please ensure they have the same size.
  return F.mse_loss(input, target, reduction=self.reduction)
[I 2025-05-11 02:52:31,851] Trial 4 finished with value: 395.31577338367396 and parameters: {'learning_rate': 0.00025758893619991116, 'weight_decay': 0.0007528138326385128}. Best is trial 0 with value: 371.33446686183254.
/home/mburu/anaconda3/envs/TabSurvey/lib/python3.8/site-packages/torch/nn/modules/loss.py:535: UserWarning: Using a target size (torch.Size([128])) that is different to the input size (torch.Size([128, 1])). This will likely lead to incorrect results due to broadcasting. Please ensure they have the same size.
  return F.mse_loss(input, target, reduction=self.reduction)
/home/mburu/Master_Thesis/master-thesis-da/DNN_Trial/models/rtdl_models.py:479: UserWarning: To copy construct from a tensor, it is recommended to use sourceTensor.clone().detach() or sourceTensor.clone().detach().requires_grad_(True), rather than torch.tensor(sourceTensor).
  X = torch.tensor(X, dtype=torch.float32).to(self.device)
/home/mburu/anaconda3/envs/TabSurvey/lib/python3.8/site-packages/torch/nn/modules/loss.py:535: UserWarning: Using a target size (torch.Size([51])) that is different to the input size (torch.Size([51, 1])). This will likely lead to incorrect results due to broadcasting. Please ensure they have the same size.
  return F.mse_loss(input, target, reduction=self.reduction)
/home/mburu/anaconda3/envs/TabSurvey/lib/python3.8/site-packages/torch/nn/modules/loss.py:535: UserWarning: Using a target size (torch.Size([74])) that is different to the input size (torch.Size([74, 1])). This will likely lead to incorrect results due to broadcasting. Please ensure they have the same size.
  return F.mse_loss(input, target, reduction=self.reduction)
[I 2025-05-11 02:52:31,912] A new study created in memory with name: FTTransformer_Boston_outer2
/home/mburu/anaconda3/envs/TabSurvey/lib/python3.8/site-packages/torch/nn/modules/loss.py:535: UserWarning: Using a target size (torch.Size([128])) that is different to the input size (torch.Size([128, 1])). This will likely lead to incorrect results due to broadcasting. Please ensure they have the same size.
  return F.mse_loss(input, target, reduction=self.reduction)
/home/mburu/Master_Thesis/master-thesis-da/DNN_Trial/models/rtdl_models.py:479: UserWarning: To copy construct from a tensor, it is recommended to use sourceTensor.clone().detach() or sourceTensor.clone().detach().requires_grad_(True), rather than torch.tensor(sourceTensor).
  X = torch.tensor(X, dtype=torch.float32).to(self.device)
/home/mburu/anaconda3/envs/TabSurvey/lib/python3.8/site-packages/torch/nn/modules/loss.py:535: UserWarning: Using a target size (torch.Size([41])) that is different to the input size (torch.Size([41, 1])). This will likely lead to incorrect results due to broadcasting. Please ensure they have the same size.
  return F.mse_loss(input, target, reduction=self.reduction)
/home/mburu/anaconda3/envs/TabSurvey/lib/python3.8/site-packages/torch/nn/modules/loss.py:535: UserWarning: Using a target size (torch.Size([33])) that is different to the input size (torch.Size([33, 1])). This will likely lead to incorrect results due to broadcasting. Please ensure they have the same size.
  return F.mse_loss(input, target, reduction=self.reduction)
/home/mburu/anaconda3/envs/TabSurvey/lib/python3.8/site-packages/torch/nn/modules/loss.py:535: UserWarning: Using a target size (torch.Size([128])) that is different to the input size (torch.Size([128, 1])). This will likely lead to incorrect results due to broadcasting. Please ensure they have the same size.
  return F.mse_loss(input, target, reduction=self.reduction)
/home/mburu/Master_Thesis/master-thesis-da/DNN_Trial/models/rtdl_models.py:479: UserWarning: To copy construct from a tensor, it is recommended to use sourceTensor.clone().detach() or sourceTensor.clone().detach().requires_grad_(True), rather than torch.tensor(sourceTensor).
  X = torch.tensor(X, dtype=torch.float32).to(self.device)
/home/mburu/anaconda3/envs/TabSurvey/lib/python3.8/site-packages/torch/nn/modules/loss.py:535: UserWarning: Using a target size (torch.Size([41])) that is different to the input size (torch.Size([41, 1])). This will likely lead to incorrect results due to broadcasting. Please ensure they have the same size.
  return F.mse_loss(input, target, reduction=self.reduction)
/home/mburu/anaconda3/envs/TabSurvey/lib/python3.8/site-packages/torch/nn/modules/loss.py:535: UserWarning: Using a target size (torch.Size([33])) that is different to the input size (torch.Size([33, 1])). This will likely lead to incorrect results due to broadcasting. Please ensure they have the same size.
  return F.mse_loss(input, target, reduction=self.reduction)
/home/mburu/anaconda3/envs/TabSurvey/lib/python3.8/site-packages/torch/nn/modules/loss.py:535: UserWarning: Using a target size (torch.Size([128])) that is different to the input size (torch.Size([128, 1])). This will likely lead to incorrect results due to broadcasting. Please ensure they have the same size.
  return F.mse_loss(input, target, reduction=self.reduction)
/home/mburu/Master_Thesis/master-thesis-da/DNN_Trial/models/rtdl_models.py:479: UserWarning: To copy construct from a tensor, it is recommended to use sourceTensor.clone().detach() or sourceTensor.clone().detach().requires_grad_(True), rather than torch.tensor(sourceTensor).
  X = torch.tensor(X, dtype=torch.float32).to(self.device)
/home/mburu/anaconda3/envs/TabSurvey/lib/python3.8/site-packages/torch/nn/modules/loss.py:535: UserWarning: Using a target size (torch.Size([40])) that is different to the input size (torch.Size([40, 1])). This will likely lead to incorrect results due to broadcasting. Please ensure they have the same size.
  return F.mse_loss(input, target, reduction=self.reduction)
/home/mburu/anaconda3/envs/TabSurvey/lib/python3.8/site-packages/torch/nn/modules/loss.py:535: UserWarning: Using a target size (torch.Size([34])) that is different to the input size (torch.Size([34, 1])). This will likely lead to incorrect results due to broadcasting. Please ensure they have the same size.
  return F.mse_loss(input, target, reduction=self.reduction)
/home/mburu/anaconda3/envs/TabSurvey/lib/python3.8/site-packages/torch/nn/modules/loss.py:535: UserWarning: Using a target size (torch.Size([128])) that is different to the input size (torch.Size([128, 1])). This will likely lead to incorrect results due to broadcasting. Please ensure they have the same size.
  return F.mse_loss(input, target, reduction=self.reduction)
/home/mburu/Master_Thesis/master-thesis-da/DNN_Trial/models/rtdl_models.py:479: UserWarning: To copy construct from a tensor, it is recommended to use sourceTensor.clone().detach() or sourceTensor.clone().detach().requires_grad_(True), rather than torch.tensor(sourceTensor).
  X = torch.tensor(X, dtype=torch.float32).to(self.device)
/home/mburu/anaconda3/envs/TabSurvey/lib/python3.8/site-packages/torch/nn/modules/loss.py:535: UserWarning: Using a target size (torch.Size([40])) that is different to the input size (torch.Size([40, 1])). This will likely lead to incorrect results due to broadcasting. Please ensure they have the same size.
  return F.mse_loss(input, target, reduction=self.reduction)
/home/mburu/anaconda3/envs/TabSurvey/lib/python3.8/site-packages/torch/nn/modules/loss.py:535: UserWarning: Using a target size (torch.Size([34])) that is different to the input size (torch.Size([34, 1])). This will likely lead to incorrect results due to broadcasting. Please ensure they have the same size.
  return F.mse_loss(input, target, reduction=self.reduction)
/home/mburu/anaconda3/envs/TabSurvey/lib/python3.8/site-packages/torch/nn/modules/loss.py:535: UserWarning: Using a target size (torch.Size([128])) that is different to the input size (torch.Size([128, 1])). This will likely lead to incorrect results due to broadcasting. Please ensure they have the same size.
  return F.mse_loss(input, target, reduction=self.reduction)
/home/mburu/Master_Thesis/master-thesis-da/DNN_Trial/models/rtdl_models.py:479: UserWarning: To copy construct from a tensor, it is recommended to use sourceTensor.clone().detach() or sourceTensor.clone().detach().requires_grad_(True), rather than torch.tensor(sourceTensor).
  X = torch.tensor(X, dtype=torch.float32).to(self.device)
/home/mburu/anaconda3/envs/TabSurvey/lib/python3.8/site-packages/torch/nn/modules/loss.py:535: UserWarning: Using a target size (torch.Size([40])) that is different to the input size (torch.Size([40, 1])). This will likely lead to incorrect results due to broadcasting. Please ensure they have the same size.
  return F.mse_loss(input, target, reduction=self.reduction)
/home/mburu/anaconda3/envs/TabSurvey/lib/python3.8/site-packages/torch/nn/modules/loss.py:535: UserWarning: Using a target size (torch.Size([34])) that is different to the input size (torch.Size([34, 1])). This will likely lead to incorrect results due to broadcasting. Please ensure they have the same size.
  return F.mse_loss(input, target, reduction=self.reduction)
[I 2025-05-11 02:52:32,180] Trial 0 finished with value: 435.71076486843475 and parameters: {'learning_rate': 0.00019828743029285894, 'weight_decay': 0.0014235240096872113}. Best is trial 0 with value: 435.71076486843475.
/home/mburu/anaconda3/envs/TabSurvey/lib/python3.8/site-packages/torch/nn/modules/loss.py:535: UserWarning: Using a target size (torch.Size([128])) that is different to the input size (torch.Size([128, 1])). This will likely lead to incorrect results due to broadcasting. Please ensure they have the same size.
  return F.mse_loss(input, target, reduction=self.reduction)
/home/mburu/Master_Thesis/master-thesis-da/DNN_Trial/models/rtdl_models.py:479: UserWarning: To copy construct from a tensor, it is recommended to use sourceTensor.clone().detach() or sourceTensor.clone().detach().requires_grad_(True), rather than torch.tensor(sourceTensor).
  X = torch.tensor(X, dtype=torch.float32).to(self.device)
/home/mburu/anaconda3/envs/TabSurvey/lib/python3.8/site-packages/torch/nn/modules/loss.py:535: UserWarning: Using a target size (torch.Size([41])) that is different to the input size (torch.Size([41, 1])). This will likely lead to incorrect results due to broadcasting. Please ensure they have the same size.
  return F.mse_loss(input, target, reduction=self.reduction)
/home/mburu/anaconda3/envs/TabSurvey/lib/python3.8/site-packages/torch/nn/modules/loss.py:535: UserWarning: Using a target size (torch.Size([33])) that is different to the input size (torch.Size([33, 1])). This will likely lead to incorrect results due to broadcasting. Please ensure they have the same size.
  return F.mse_loss(input, target, reduction=self.reduction)
/home/mburu/anaconda3/envs/TabSurvey/lib/python3.8/site-packages/torch/nn/modules/loss.py:535: UserWarning: Using a target size (torch.Size([128])) that is different to the input size (torch.Size([128, 1])). This will likely lead to incorrect results due to broadcasting. Please ensure they have the same size.
  return F.mse_loss(input, target, reduction=self.reduction)
/home/mburu/Master_Thesis/master-thesis-da/DNN_Trial/models/rtdl_models.py:479: UserWarning: To copy construct from a tensor, it is recommended to use sourceTensor.clone().detach() or sourceTensor.clone().detach().requires_grad_(True), rather than torch.tensor(sourceTensor).
  X = torch.tensor(X, dtype=torch.float32).to(self.device)
/home/mburu/anaconda3/envs/TabSurvey/lib/python3.8/site-packages/torch/nn/modules/loss.py:535: UserWarning: Using a target size (torch.Size([41])) that is different to the input size (torch.Size([41, 1])). This will likely lead to incorrect results due to broadcasting. Please ensure they have the same size.
  return F.mse_loss(input, target, reduction=self.reduction)
/home/mburu/anaconda3/envs/TabSurvey/lib/python3.8/site-packages/torch/nn/modules/loss.py:535: UserWarning: Using a target size (torch.Size([33])) that is different to the input size (torch.Size([33, 1])). This will likely lead to incorrect results due to broadcasting. Please ensure they have the same size.
  return F.mse_loss(input, target, reduction=self.reduction)
/home/mburu/anaconda3/envs/TabSurvey/lib/python3.8/site-packages/torch/nn/modules/loss.py:535: UserWarning: Using a target size (torch.Size([128])) that is different to the input size (torch.Size([128, 1])). This will likely lead to incorrect results due to broadcasting. Please ensure they have the same size.
  return F.mse_loss(input, target, reduction=self.reduction)
/home/mburu/Master_Thesis/master-thesis-da/DNN_Trial/models/rtdl_models.py:479: UserWarning: To copy construct from a tensor, it is recommended to use sourceTensor.clone().detach() or sourceTensor.clone().detach().requires_grad_(True), rather than torch.tensor(sourceTensor).
  X = torch.tensor(X, dtype=torch.float32).to(self.device)
/home/mburu/anaconda3/envs/TabSurvey/lib/python3.8/site-packages/torch/nn/modules/loss.py:535: UserWarning: Using a target size (torch.Size([40])) that is different to the input size (torch.Size([40, 1])). This will likely lead to incorrect results due to broadcasting. Please ensure they have the same size.
  return F.mse_loss(input, target, reduction=self.reduction)
/home/mburu/anaconda3/envs/TabSurvey/lib/python3.8/site-packages/torch/nn/modules/loss.py:535: UserWarning: Using a target size (torch.Size([34])) that is different to the input size (torch.Size([34, 1])). This will likely lead to incorrect results due to broadcasting. Please ensure they have the same size.
  return F.mse_loss(input, target, reduction=self.reduction)
/home/mburu/anaconda3/envs/TabSurvey/lib/python3.8/site-packages/torch/nn/modules/loss.py:535: UserWarning: Using a target size (torch.Size([128])) that is different to the input size (torch.Size([128, 1])). This will likely lead to incorrect results due to broadcasting. Please ensure they have the same size.
  return F.mse_loss(input, target, reduction=self.reduction)
/home/mburu/Master_Thesis/master-thesis-da/DNN_Trial/models/rtdl_models.py:479: UserWarning: To copy construct from a tensor, it is recommended to use sourceTensor.clone().detach() or sourceTensor.clone().detach().requires_grad_(True), rather than torch.tensor(sourceTensor).
  X = torch.tensor(X, dtype=torch.float32).to(self.device)
/home/mburu/anaconda3/envs/TabSurvey/lib/python3.8/site-packages/torch/nn/modules/loss.py:535: UserWarning: Using a target size (torch.Size([40])) that is different to the input size (torch.Size([40, 1])). This will likely lead to incorrect results due to broadcasting. Please ensure they have the same size.
  return F.mse_loss(input, target, reduction=self.reduction)
/home/mburu/anaconda3/envs/TabSurvey/lib/python3.8/site-packages/torch/nn/modules/loss.py:535: UserWarning: Using a target size (torch.Size([34])) that is different to the input size (torch.Size([34, 1])). This will likely lead to incorrect results due to broadcasting. Please ensure they have the same size.
  return F.mse_loss(input, target, reduction=self.reduction)
/home/mburu/anaconda3/envs/TabSurvey/lib/python3.8/site-packages/torch/nn/modules/loss.py:535: UserWarning: Using a target size (torch.Size([128])) that is different to the input size (torch.Size([128, 1])). This will likely lead to incorrect results due to broadcasting. Please ensure they have the same size.
  return F.mse_loss(input, target, reduction=self.reduction)
/home/mburu/Master_Thesis/master-thesis-da/DNN_Trial/models/rtdl_models.py:479: UserWarning: To copy construct from a tensor, it is recommended to use sourceTensor.clone().detach() or sourceTensor.clone().detach().requires_grad_(True), rather than torch.tensor(sourceTensor).
  X = torch.tensor(X, dtype=torch.float32).to(self.device)
/home/mburu/anaconda3/envs/TabSurvey/lib/python3.8/site-packages/torch/nn/modules/loss.py:535: UserWarning: Using a target size (torch.Size([40])) that is different to the input size (torch.Size([40, 1])). This will likely lead to incorrect results due to broadcasting. Please ensure they have the same size.
  return F.mse_loss(input, target, reduction=self.reduction)
/home/mburu/anaconda3/envs/TabSurvey/lib/python3.8/site-packages/torch/nn/modules/loss.py:535: UserWarning: Using a target size (torch.Size([34])) that is different to the input size (torch.Size([34, 1])). This will likely lead to incorrect results due to broadcasting. Please ensure they have the same size.
  return F.mse_loss(input, target, reduction=self.reduction)
[I 2025-05-11 02:52:32,454] Trial 1 finished with value: 350.3949603312634 and parameters: {'learning_rate': 0.005061178067038583, 'weight_decay': 1.7706731414861454e-06}. Best is trial 1 with value: 350.3949603312634.
/home/mburu/anaconda3/envs/TabSurvey/lib/python3.8/site-packages/torch/nn/modules/loss.py:535: UserWarning: Using a target size (torch.Size([128])) that is different to the input size (torch.Size([128, 1])). This will likely lead to incorrect results due to broadcasting. Please ensure they have the same size.
  return F.mse_loss(input, target, reduction=self.reduction)
/home/mburu/Master_Thesis/master-thesis-da/DNN_Trial/models/rtdl_models.py:479: UserWarning: To copy construct from a tensor, it is recommended to use sourceTensor.clone().detach() or sourceTensor.clone().detach().requires_grad_(True), rather than torch.tensor(sourceTensor).
  X = torch.tensor(X, dtype=torch.float32).to(self.device)
/home/mburu/anaconda3/envs/TabSurvey/lib/python3.8/site-packages/torch/nn/modules/loss.py:535: UserWarning: Using a target size (torch.Size([41])) that is different to the input size (torch.Size([41, 1])). This will likely lead to incorrect results due to broadcasting. Please ensure they have the same size.
  return F.mse_loss(input, target, reduction=self.reduction)
/home/mburu/anaconda3/envs/TabSurvey/lib/python3.8/site-packages/torch/nn/modules/loss.py:535: UserWarning: Using a target size (torch.Size([33])) that is different to the input size (torch.Size([33, 1])). This will likely lead to incorrect results due to broadcasting. Please ensure they have the same size.
  return F.mse_loss(input, target, reduction=self.reduction)
/home/mburu/anaconda3/envs/TabSurvey/lib/python3.8/site-packages/torch/nn/modules/loss.py:535: UserWarning: Using a target size (torch.Size([128])) that is different to the input size (torch.Size([128, 1])). This will likely lead to incorrect results due to broadcasting. Please ensure they have the same size.
  return F.mse_loss(input, target, reduction=self.reduction)
/home/mburu/Master_Thesis/master-thesis-da/DNN_Trial/models/rtdl_models.py:479: UserWarning: To copy construct from a tensor, it is recommended to use sourceTensor.clone().detach() or sourceTensor.clone().detach().requires_grad_(True), rather than torch.tensor(sourceTensor).
  X = torch.tensor(X, dtype=torch.float32).to(self.device)
/home/mburu/anaconda3/envs/TabSurvey/lib/python3.8/site-packages/torch/nn/modules/loss.py:535: UserWarning: Using a target size (torch.Size([41])) that is different to the input size (torch.Size([41, 1])). This will likely lead to incorrect results due to broadcasting. Please ensure they have the same size.
  return F.mse_loss(input, target, reduction=self.reduction)
/home/mburu/anaconda3/envs/TabSurvey/lib/python3.8/site-packages/torch/nn/modules/loss.py:535: UserWarning: Using a target size (torch.Size([33])) that is different to the input size (torch.Size([33, 1])). This will likely lead to incorrect results due to broadcasting. Please ensure they have the same size.
  return F.mse_loss(input, target, reduction=self.reduction)
/home/mburu/anaconda3/envs/TabSurvey/lib/python3.8/site-packages/torch/nn/modules/loss.py:535: UserWarning: Using a target size (torch.Size([128])) that is different to the input size (torch.Size([128, 1])). This will likely lead to incorrect results due to broadcasting. Please ensure they have the same size.
  return F.mse_loss(input, target, reduction=self.reduction)
/home/mburu/Master_Thesis/master-thesis-da/DNN_Trial/models/rtdl_models.py:479: UserWarning: To copy construct from a tensor, it is recommended to use sourceTensor.clone().detach() or sourceTensor.clone().detach().requires_grad_(True), rather than torch.tensor(sourceTensor).
  X = torch.tensor(X, dtype=torch.float32).to(self.device)
/home/mburu/anaconda3/envs/TabSurvey/lib/python3.8/site-packages/torch/nn/modules/loss.py:535: UserWarning: Using a target size (torch.Size([40])) that is different to the input size (torch.Size([40, 1])). This will likely lead to incorrect results due to broadcasting. Please ensure they have the same size.
  return F.mse_loss(input, target, reduction=self.reduction)
/home/mburu/anaconda3/envs/TabSurvey/lib/python3.8/site-packages/torch/nn/modules/loss.py:535: UserWarning: Using a target size (torch.Size([34])) that is different to the input size (torch.Size([34, 1])). This will likely lead to incorrect results due to broadcasting. Please ensure they have the same size.
  return F.mse_loss(input, target, reduction=self.reduction)
/home/mburu/anaconda3/envs/TabSurvey/lib/python3.8/site-packages/torch/nn/modules/loss.py:535: UserWarning: Using a target size (torch.Size([128])) that is different to the input size (torch.Size([128, 1])). This will likely lead to incorrect results due to broadcasting. Please ensure they have the same size.
  return F.mse_loss(input, target, reduction=self.reduction)
/home/mburu/Master_Thesis/master-thesis-da/DNN_Trial/models/rtdl_models.py:479: UserWarning: To copy construct from a tensor, it is recommended to use sourceTensor.clone().detach() or sourceTensor.clone().detach().requires_grad_(True), rather than torch.tensor(sourceTensor).
  X = torch.tensor(X, dtype=torch.float32).to(self.device)
/home/mburu/anaconda3/envs/TabSurvey/lib/python3.8/site-packages/torch/nn/modules/loss.py:535: UserWarning: Using a target size (torch.Size([40])) that is different to the input size (torch.Size([40, 1])). This will likely lead to incorrect results due to broadcasting. Please ensure they have the same size.
  return F.mse_loss(input, target, reduction=self.reduction)
/home/mburu/anaconda3/envs/TabSurvey/lib/python3.8/site-packages/torch/nn/modules/loss.py:535: UserWarning: Using a target size (torch.Size([34])) that is different to the input size (torch.Size([34, 1])). This will likely lead to incorrect results due to broadcasting. Please ensure they have the same size.
  return F.mse_loss(input, target, reduction=self.reduction)
/home/mburu/anaconda3/envs/TabSurvey/lib/python3.8/site-packages/torch/nn/modules/loss.py:535: UserWarning: Using a target size (torch.Size([128])) that is different to the input size (torch.Size([128, 1])). This will likely lead to incorrect results due to broadcasting. Please ensure they have the same size.
  return F.mse_loss(input, target, reduction=self.reduction)
/home/mburu/Master_Thesis/master-thesis-da/DNN_Trial/models/rtdl_models.py:479: UserWarning: To copy construct from a tensor, it is recommended to use sourceTensor.clone().detach() or sourceTensor.clone().detach().requires_grad_(True), rather than torch.tensor(sourceTensor).
  X = torch.tensor(X, dtype=torch.float32).to(self.device)
/home/mburu/anaconda3/envs/TabSurvey/lib/python3.8/site-packages/torch/nn/modules/loss.py:535: UserWarning: Using a target size (torch.Size([40])) that is different to the input size (torch.Size([40, 1])). This will likely lead to incorrect results due to broadcasting. Please ensure they have the same size.
  return F.mse_loss(input, target, reduction=self.reduction)
/home/mburu/anaconda3/envs/TabSurvey/lib/python3.8/site-packages/torch/nn/modules/loss.py:535: UserWarning: Using a target size (torch.Size([34])) that is different to the input size (torch.Size([34, 1])). This will likely lead to incorrect results due to broadcasting. Please ensure they have the same size.
  return F.mse_loss(input, target, reduction=self.reduction)
[I 2025-05-11 02:52:32,732] Trial 2 finished with value: 501.6364910293254 and parameters: {'learning_rate': 3.651186631918942e-05, 'weight_decay': 0.0006801320336846114}. Best is trial 1 with value: 350.3949603312634.
/home/mburu/anaconda3/envs/TabSurvey/lib/python3.8/site-packages/torch/nn/modules/loss.py:535: UserWarning: Using a target size (torch.Size([128])) that is different to the input size (torch.Size([128, 1])). This will likely lead to incorrect results due to broadcasting. Please ensure they have the same size.
  return F.mse_loss(input, target, reduction=self.reduction)
/home/mburu/Master_Thesis/master-thesis-da/DNN_Trial/models/rtdl_models.py:479: UserWarning: To copy construct from a tensor, it is recommended to use sourceTensor.clone().detach() or sourceTensor.clone().detach().requires_grad_(True), rather than torch.tensor(sourceTensor).
  X = torch.tensor(X, dtype=torch.float32).to(self.device)
/home/mburu/anaconda3/envs/TabSurvey/lib/python3.8/site-packages/torch/nn/modules/loss.py:535: UserWarning: Using a target size (torch.Size([41])) that is different to the input size (torch.Size([41, 1])). This will likely lead to incorrect results due to broadcasting. Please ensure they have the same size.
  return F.mse_loss(input, target, reduction=self.reduction)
/home/mburu/anaconda3/envs/TabSurvey/lib/python3.8/site-packages/torch/nn/modules/loss.py:535: UserWarning: Using a target size (torch.Size([33])) that is different to the input size (torch.Size([33, 1])). This will likely lead to incorrect results due to broadcasting. Please ensure they have the same size.
  return F.mse_loss(input, target, reduction=self.reduction)
/home/mburu/anaconda3/envs/TabSurvey/lib/python3.8/site-packages/torch/nn/modules/loss.py:535: UserWarning: Using a target size (torch.Size([128])) that is different to the input size (torch.Size([128, 1])). This will likely lead to incorrect results due to broadcasting. Please ensure they have the same size.
  return F.mse_loss(input, target, reduction=self.reduction)
/home/mburu/Master_Thesis/master-thesis-da/DNN_Trial/models/rtdl_models.py:479: UserWarning: To copy construct from a tensor, it is recommended to use sourceTensor.clone().detach() or sourceTensor.clone().detach().requires_grad_(True), rather than torch.tensor(sourceTensor).
  X = torch.tensor(X, dtype=torch.float32).to(self.device)
/home/mburu/anaconda3/envs/TabSurvey/lib/python3.8/site-packages/torch/nn/modules/loss.py:535: UserWarning: Using a target size (torch.Size([41])) that is different to the input size (torch.Size([41, 1])). This will likely lead to incorrect results due to broadcasting. Please ensure they have the same size.
  return F.mse_loss(input, target, reduction=self.reduction)
/home/mburu/anaconda3/envs/TabSurvey/lib/python3.8/site-packages/torch/nn/modules/loss.py:535: UserWarning: Using a target size (torch.Size([33])) that is different to the input size (torch.Size([33, 1])). This will likely lead to incorrect results due to broadcasting. Please ensure they have the same size.
  return F.mse_loss(input, target, reduction=self.reduction)
/home/mburu/anaconda3/envs/TabSurvey/lib/python3.8/site-packages/torch/nn/modules/loss.py:535: UserWarning: Using a target size (torch.Size([128])) that is different to the input size (torch.Size([128, 1])). This will likely lead to incorrect results due to broadcasting. Please ensure they have the same size.
  return F.mse_loss(input, target, reduction=self.reduction)
/home/mburu/Master_Thesis/master-thesis-da/DNN_Trial/models/rtdl_models.py:479: UserWarning: To copy construct from a tensor, it is recommended to use sourceTensor.clone().detach() or sourceTensor.clone().detach().requires_grad_(True), rather than torch.tensor(sourceTensor).
  X = torch.tensor(X, dtype=torch.float32).to(self.device)
/home/mburu/anaconda3/envs/TabSurvey/lib/python3.8/site-packages/torch/nn/modules/loss.py:535: UserWarning: Using a target size (torch.Size([40])) that is different to the input size (torch.Size([40, 1])). This will likely lead to incorrect results due to broadcasting. Please ensure they have the same size.
  return F.mse_loss(input, target, reduction=self.reduction)
/home/mburu/anaconda3/envs/TabSurvey/lib/python3.8/site-packages/torch/nn/modules/loss.py:535: UserWarning: Using a target size (torch.Size([34])) that is different to the input size (torch.Size([34, 1])). This will likely lead to incorrect results due to broadcasting. Please ensure they have the same size.
  return F.mse_loss(input, target, reduction=self.reduction)
/home/mburu/anaconda3/envs/TabSurvey/lib/python3.8/site-packages/torch/nn/modules/loss.py:535: UserWarning: Using a target size (torch.Size([128])) that is different to the input size (torch.Size([128, 1])). This will likely lead to incorrect results due to broadcasting. Please ensure they have the same size.
  return F.mse_loss(input, target, reduction=self.reduction)
/home/mburu/Master_Thesis/master-thesis-da/DNN_Trial/models/rtdl_models.py:479: UserWarning: To copy construct from a tensor, it is recommended to use sourceTensor.clone().detach() or sourceTensor.clone().detach().requires_grad_(True), rather than torch.tensor(sourceTensor).
  X = torch.tensor(X, dtype=torch.float32).to(self.device)
/home/mburu/anaconda3/envs/TabSurvey/lib/python3.8/site-packages/torch/nn/modules/loss.py:535: UserWarning: Using a target size (torch.Size([40])) that is different to the input size (torch.Size([40, 1])). This will likely lead to incorrect results due to broadcasting. Please ensure they have the same size.
  return F.mse_loss(input, target, reduction=self.reduction)
/home/mburu/anaconda3/envs/TabSurvey/lib/python3.8/site-packages/torch/nn/modules/loss.py:535: UserWarning: Using a target size (torch.Size([34])) that is different to the input size (torch.Size([34, 1])). This will likely lead to incorrect results due to broadcasting. Please ensure they have the same size.
  return F.mse_loss(input, target, reduction=self.reduction)
/home/mburu/anaconda3/envs/TabSurvey/lib/python3.8/site-packages/torch/nn/modules/loss.py:535: UserWarning: Using a target size (torch.Size([128])) that is different to the input size (torch.Size([128, 1])). This will likely lead to incorrect results due to broadcasting. Please ensure they have the same size.
  return F.mse_loss(input, target, reduction=self.reduction)
/home/mburu/Master_Thesis/master-thesis-da/DNN_Trial/models/rtdl_models.py:479: UserWarning: To copy construct from a tensor, it is recommended to use sourceTensor.clone().detach() or sourceTensor.clone().detach().requires_grad_(True), rather than torch.tensor(sourceTensor).
  X = torch.tensor(X, dtype=torch.float32).to(self.device)
/home/mburu/anaconda3/envs/TabSurvey/lib/python3.8/site-packages/torch/nn/modules/loss.py:535: UserWarning: Using a target size (torch.Size([40])) that is different to the input size (torch.Size([40, 1])). This will likely lead to incorrect results due to broadcasting. Please ensure they have the same size.
  return F.mse_loss(input, target, reduction=self.reduction)
/home/mburu/anaconda3/envs/TabSurvey/lib/python3.8/site-packages/torch/nn/modules/loss.py:535: UserWarning: Using a target size (torch.Size([34])) that is different to the input size (torch.Size([34, 1])). This will likely lead to incorrect results due to broadcasting. Please ensure they have the same size.
  return F.mse_loss(input, target, reduction=self.reduction)
[I 2025-05-11 02:52:32,993] Trial 3 finished with value: 502.34732981224823 and parameters: {'learning_rate': 5.189599370034141e-05, 'weight_decay': 6.257433708680721e-05}. Best is trial 1 with value: 350.3949603312634.
/home/mburu/anaconda3/envs/TabSurvey/lib/python3.8/site-packages/torch/nn/modules/loss.py:535: UserWarning: Using a target size (torch.Size([128])) that is different to the input size (torch.Size([128, 1])). This will likely lead to incorrect results due to broadcasting. Please ensure they have the same size.
  return F.mse_loss(input, target, reduction=self.reduction)
/home/mburu/Master_Thesis/master-thesis-da/DNN_Trial/models/rtdl_models.py:479: UserWarning: To copy construct from a tensor, it is recommended to use sourceTensor.clone().detach() or sourceTensor.clone().detach().requires_grad_(True), rather than torch.tensor(sourceTensor).
  X = torch.tensor(X, dtype=torch.float32).to(self.device)
/home/mburu/anaconda3/envs/TabSurvey/lib/python3.8/site-packages/torch/nn/modules/loss.py:535: UserWarning: Using a target size (torch.Size([41])) that is different to the input size (torch.Size([41, 1])). This will likely lead to incorrect results due to broadcasting. Please ensure they have the same size.
  return F.mse_loss(input, target, reduction=self.reduction)
/home/mburu/anaconda3/envs/TabSurvey/lib/python3.8/site-packages/torch/nn/modules/loss.py:535: UserWarning: Using a target size (torch.Size([33])) that is different to the input size (torch.Size([33, 1])). This will likely lead to incorrect results due to broadcasting. Please ensure they have the same size.
  return F.mse_loss(input, target, reduction=self.reduction)
/home/mburu/anaconda3/envs/TabSurvey/lib/python3.8/site-packages/torch/nn/modules/loss.py:535: UserWarning: Using a target size (torch.Size([128])) that is different to the input size (torch.Size([128, 1])). This will likely lead to incorrect results due to broadcasting. Please ensure they have the same size.
  return F.mse_loss(input, target, reduction=self.reduction)
/home/mburu/Master_Thesis/master-thesis-da/DNN_Trial/models/rtdl_models.py:479: UserWarning: To copy construct from a tensor, it is recommended to use sourceTensor.clone().detach() or sourceTensor.clone().detach().requires_grad_(True), rather than torch.tensor(sourceTensor).
  X = torch.tensor(X, dtype=torch.float32).to(self.device)
/home/mburu/anaconda3/envs/TabSurvey/lib/python3.8/site-packages/torch/nn/modules/loss.py:535: UserWarning: Using a target size (torch.Size([41])) that is different to the input size (torch.Size([41, 1])). This will likely lead to incorrect results due to broadcasting. Please ensure they have the same size.
  return F.mse_loss(input, target, reduction=self.reduction)
/home/mburu/anaconda3/envs/TabSurvey/lib/python3.8/site-packages/torch/nn/modules/loss.py:535: UserWarning: Using a target size (torch.Size([33])) that is different to the input size (torch.Size([33, 1])). This will likely lead to incorrect results due to broadcasting. Please ensure they have the same size.
  return F.mse_loss(input, target, reduction=self.reduction)
/home/mburu/anaconda3/envs/TabSurvey/lib/python3.8/site-packages/torch/nn/modules/loss.py:535: UserWarning: Using a target size (torch.Size([128])) that is different to the input size (torch.Size([128, 1])). This will likely lead to incorrect results due to broadcasting. Please ensure they have the same size.
  return F.mse_loss(input, target, reduction=self.reduction)
/home/mburu/Master_Thesis/master-thesis-da/DNN_Trial/models/rtdl_models.py:479: UserWarning: To copy construct from a tensor, it is recommended to use sourceTensor.clone().detach() or sourceTensor.clone().detach().requires_grad_(True), rather than torch.tensor(sourceTensor).
  X = torch.tensor(X, dtype=torch.float32).to(self.device)
/home/mburu/anaconda3/envs/TabSurvey/lib/python3.8/site-packages/torch/nn/modules/loss.py:535: UserWarning: Using a target size (torch.Size([40])) that is different to the input size (torch.Size([40, 1])). This will likely lead to incorrect results due to broadcasting. Please ensure they have the same size.
  return F.mse_loss(input, target, reduction=self.reduction)
/home/mburu/anaconda3/envs/TabSurvey/lib/python3.8/site-packages/torch/nn/modules/loss.py:535: UserWarning: Using a target size (torch.Size([34])) that is different to the input size (torch.Size([34, 1])). This will likely lead to incorrect results due to broadcasting. Please ensure they have the same size.
  return F.mse_loss(input, target, reduction=self.reduction)
/home/mburu/anaconda3/envs/TabSurvey/lib/python3.8/site-packages/torch/nn/modules/loss.py:535: UserWarning: Using a target size (torch.Size([128])) that is different to the input size (torch.Size([128, 1])). This will likely lead to incorrect results due to broadcasting. Please ensure they have the same size.
  return F.mse_loss(input, target, reduction=self.reduction)
/home/mburu/Master_Thesis/master-thesis-da/DNN_Trial/models/rtdl_models.py:479: UserWarning: To copy construct from a tensor, it is recommended to use sourceTensor.clone().detach() or sourceTensor.clone().detach().requires_grad_(True), rather than torch.tensor(sourceTensor).
  X = torch.tensor(X, dtype=torch.float32).to(self.device)
/home/mburu/anaconda3/envs/TabSurvey/lib/python3.8/site-packages/torch/nn/modules/loss.py:535: UserWarning: Using a target size (torch.Size([40])) that is different to the input size (torch.Size([40, 1])). This will likely lead to incorrect results due to broadcasting. Please ensure they have the same size.
  return F.mse_loss(input, target, reduction=self.reduction)
/home/mburu/anaconda3/envs/TabSurvey/lib/python3.8/site-packages/torch/nn/modules/loss.py:535: UserWarning: Using a target size (torch.Size([34])) that is different to the input size (torch.Size([34, 1])). This will likely lead to incorrect results due to broadcasting. Please ensure they have the same size.
  return F.mse_loss(input, target, reduction=self.reduction)
/home/mburu/anaconda3/envs/TabSurvey/lib/python3.8/site-packages/torch/nn/modules/loss.py:535: UserWarning: Using a target size (torch.Size([128])) that is different to the input size (torch.Size([128, 1])). This will likely lead to incorrect results due to broadcasting. Please ensure they have the same size.
  return F.mse_loss(input, target, reduction=self.reduction)
/home/mburu/Master_Thesis/master-thesis-da/DNN_Trial/models/rtdl_models.py:479: UserWarning: To copy construct from a tensor, it is recommended to use sourceTensor.clone().detach() or sourceTensor.clone().detach().requires_grad_(True), rather than torch.tensor(sourceTensor).
  X = torch.tensor(X, dtype=torch.float32).to(self.device)
/home/mburu/anaconda3/envs/TabSurvey/lib/python3.8/site-packages/torch/nn/modules/loss.py:535: UserWarning: Using a target size (torch.Size([40])) that is different to the input size (torch.Size([40, 1])). This will likely lead to incorrect results due to broadcasting. Please ensure they have the same size.
  return F.mse_loss(input, target, reduction=self.reduction)
/home/mburu/anaconda3/envs/TabSurvey/lib/python3.8/site-packages/torch/nn/modules/loss.py:535: UserWarning: Using a target size (torch.Size([34])) that is different to the input size (torch.Size([34, 1])). This will likely lead to incorrect results due to broadcasting. Please ensure they have the same size.
  return F.mse_loss(input, target, reduction=self.reduction)
[I 2025-05-11 02:52:33,276] Trial 4 finished with value: 534.6826391869552 and parameters: {'learning_rate': 2.3084156106284367e-05, 'weight_decay': 1.9866501197252946e-05}. Best is trial 1 with value: 350.3949603312634.
/home/mburu/anaconda3/envs/TabSurvey/lib/python3.8/site-packages/torch/nn/modules/loss.py:535: UserWarning: Using a target size (torch.Size([128])) that is different to the input size (torch.Size([128, 1])). This will likely lead to incorrect results due to broadcasting. Please ensure they have the same size.
  return F.mse_loss(input, target, reduction=self.reduction)
/home/mburu/Master_Thesis/master-thesis-da/DNN_Trial/models/rtdl_models.py:479: UserWarning: To copy construct from a tensor, it is recommended to use sourceTensor.clone().detach() or sourceTensor.clone().detach().requires_grad_(True), rather than torch.tensor(sourceTensor).
  X = torch.tensor(X, dtype=torch.float32).to(self.device)
/home/mburu/anaconda3/envs/TabSurvey/lib/python3.8/site-packages/torch/nn/modules/loss.py:535: UserWarning: Using a target size (torch.Size([51])) that is different to the input size (torch.Size([51, 1])). This will likely lead to incorrect results due to broadcasting. Please ensure they have the same size.
  return F.mse_loss(input, target, reduction=self.reduction)
/home/mburu/anaconda3/envs/TabSurvey/lib/python3.8/site-packages/torch/nn/modules/loss.py:535: UserWarning: Using a target size (torch.Size([74])) that is different to the input size (torch.Size([74, 1])). This will likely lead to incorrect results due to broadcasting. Please ensure they have the same size.
  return F.mse_loss(input, target, reduction=self.reduction)
[I 2025-05-11 02:52:33,333] A new study created in memory with name: FTTransformer_Boston_outer3
/home/mburu/anaconda3/envs/TabSurvey/lib/python3.8/site-packages/torch/nn/modules/loss.py:535: UserWarning: Using a target size (torch.Size([128])) that is different to the input size (torch.Size([128, 1])). This will likely lead to incorrect results due to broadcasting. Please ensure they have the same size.
  return F.mse_loss(input, target, reduction=self.reduction)
/home/mburu/Master_Thesis/master-thesis-da/DNN_Trial/models/rtdl_models.py:479: UserWarning: To copy construct from a tensor, it is recommended to use sourceTensor.clone().detach() or sourceTensor.clone().detach().requires_grad_(True), rather than torch.tensor(sourceTensor).
  X = torch.tensor(X, dtype=torch.float32).to(self.device)
/home/mburu/anaconda3/envs/TabSurvey/lib/python3.8/site-packages/torch/nn/modules/loss.py:535: UserWarning: Using a target size (torch.Size([41])) that is different to the input size (torch.Size([41, 1])). This will likely lead to incorrect results due to broadcasting. Please ensure they have the same size.
  return F.mse_loss(input, target, reduction=self.reduction)
/home/mburu/anaconda3/envs/TabSurvey/lib/python3.8/site-packages/torch/nn/modules/loss.py:535: UserWarning: Using a target size (torch.Size([33])) that is different to the input size (torch.Size([33, 1])). This will likely lead to incorrect results due to broadcasting. Please ensure they have the same size.
  return F.mse_loss(input, target, reduction=self.reduction)
/home/mburu/anaconda3/envs/TabSurvey/lib/python3.8/site-packages/torch/nn/modules/loss.py:535: UserWarning: Using a target size (torch.Size([128])) that is different to the input size (torch.Size([128, 1])). This will likely lead to incorrect results due to broadcasting. Please ensure they have the same size.
  return F.mse_loss(input, target, reduction=self.reduction)
/home/mburu/Master_Thesis/master-thesis-da/DNN_Trial/models/rtdl_models.py:479: UserWarning: To copy construct from a tensor, it is recommended to use sourceTensor.clone().detach() or sourceTensor.clone().detach().requires_grad_(True), rather than torch.tensor(sourceTensor).
  X = torch.tensor(X, dtype=torch.float32).to(self.device)
/home/mburu/anaconda3/envs/TabSurvey/lib/python3.8/site-packages/torch/nn/modules/loss.py:535: UserWarning: Using a target size (torch.Size([41])) that is different to the input size (torch.Size([41, 1])). This will likely lead to incorrect results due to broadcasting. Please ensure they have the same size.
  return F.mse_loss(input, target, reduction=self.reduction)
/home/mburu/anaconda3/envs/TabSurvey/lib/python3.8/site-packages/torch/nn/modules/loss.py:535: UserWarning: Using a target size (torch.Size([33])) that is different to the input size (torch.Size([33, 1])). This will likely lead to incorrect results due to broadcasting. Please ensure they have the same size.
  return F.mse_loss(input, target, reduction=self.reduction)
/home/mburu/anaconda3/envs/TabSurvey/lib/python3.8/site-packages/torch/nn/modules/loss.py:535: UserWarning: Using a target size (torch.Size([128])) that is different to the input size (torch.Size([128, 1])). This will likely lead to incorrect results due to broadcasting. Please ensure they have the same size.
  return F.mse_loss(input, target, reduction=self.reduction)
/home/mburu/Master_Thesis/master-thesis-da/DNN_Trial/models/rtdl_models.py:479: UserWarning: To copy construct from a tensor, it is recommended to use sourceTensor.clone().detach() or sourceTensor.clone().detach().requires_grad_(True), rather than torch.tensor(sourceTensor).
  X = torch.tensor(X, dtype=torch.float32).to(self.device)
/home/mburu/anaconda3/envs/TabSurvey/lib/python3.8/site-packages/torch/nn/modules/loss.py:535: UserWarning: Using a target size (torch.Size([40])) that is different to the input size (torch.Size([40, 1])). This will likely lead to incorrect results due to broadcasting. Please ensure they have the same size.
  return F.mse_loss(input, target, reduction=self.reduction)
/home/mburu/anaconda3/envs/TabSurvey/lib/python3.8/site-packages/torch/nn/modules/loss.py:535: UserWarning: Using a target size (torch.Size([34])) that is different to the input size (torch.Size([34, 1])). This will likely lead to incorrect results due to broadcasting. Please ensure they have the same size.
  return F.mse_loss(input, target, reduction=self.reduction)
/home/mburu/anaconda3/envs/TabSurvey/lib/python3.8/site-packages/torch/nn/modules/loss.py:535: UserWarning: Using a target size (torch.Size([128])) that is different to the input size (torch.Size([128, 1])). This will likely lead to incorrect results due to broadcasting. Please ensure they have the same size.
  return F.mse_loss(input, target, reduction=self.reduction)
/home/mburu/Master_Thesis/master-thesis-da/DNN_Trial/models/rtdl_models.py:479: UserWarning: To copy construct from a tensor, it is recommended to use sourceTensor.clone().detach() or sourceTensor.clone().detach().requires_grad_(True), rather than torch.tensor(sourceTensor).
  X = torch.tensor(X, dtype=torch.float32).to(self.device)
/home/mburu/anaconda3/envs/TabSurvey/lib/python3.8/site-packages/torch/nn/modules/loss.py:535: UserWarning: Using a target size (torch.Size([40])) that is different to the input size (torch.Size([40, 1])). This will likely lead to incorrect results due to broadcasting. Please ensure they have the same size.
  return F.mse_loss(input, target, reduction=self.reduction)
/home/mburu/anaconda3/envs/TabSurvey/lib/python3.8/site-packages/torch/nn/modules/loss.py:535: UserWarning: Using a target size (torch.Size([34])) that is different to the input size (torch.Size([34, 1])). This will likely lead to incorrect results due to broadcasting. Please ensure they have the same size.
  return F.mse_loss(input, target, reduction=self.reduction)
/home/mburu/anaconda3/envs/TabSurvey/lib/python3.8/site-packages/torch/nn/modules/loss.py:535: UserWarning: Using a target size (torch.Size([128])) that is different to the input size (torch.Size([128, 1])). This will likely lead to incorrect results due to broadcasting. Please ensure they have the same size.
  return F.mse_loss(input, target, reduction=self.reduction)
/home/mburu/Master_Thesis/master-thesis-da/DNN_Trial/models/rtdl_models.py:479: UserWarning: To copy construct from a tensor, it is recommended to use sourceTensor.clone().detach() or sourceTensor.clone().detach().requires_grad_(True), rather than torch.tensor(sourceTensor).
  X = torch.tensor(X, dtype=torch.float32).to(self.device)
/home/mburu/anaconda3/envs/TabSurvey/lib/python3.8/site-packages/torch/nn/modules/loss.py:535: UserWarning: Using a target size (torch.Size([40])) that is different to the input size (torch.Size([40, 1])). This will likely lead to incorrect results due to broadcasting. Please ensure they have the same size.
  return F.mse_loss(input, target, reduction=self.reduction)
/home/mburu/anaconda3/envs/TabSurvey/lib/python3.8/site-packages/torch/nn/modules/loss.py:535: UserWarning: Using a target size (torch.Size([34])) that is different to the input size (torch.Size([34, 1])). This will likely lead to incorrect results due to broadcasting. Please ensure they have the same size.
  return F.mse_loss(input, target, reduction=self.reduction)
[I 2025-05-11 02:52:33,621] Trial 0 finished with value: 357.8204759083075 and parameters: {'learning_rate': 0.0030053561760024147, 'weight_decay': 0.003226519852374338}. Best is trial 0 with value: 357.8204759083075.
/home/mburu/anaconda3/envs/TabSurvey/lib/python3.8/site-packages/torch/nn/modules/loss.py:535: UserWarning: Using a target size (torch.Size([128])) that is different to the input size (torch.Size([128, 1])). This will likely lead to incorrect results due to broadcasting. Please ensure they have the same size.
  return F.mse_loss(input, target, reduction=self.reduction)
/home/mburu/Master_Thesis/master-thesis-da/DNN_Trial/models/rtdl_models.py:479: UserWarning: To copy construct from a tensor, it is recommended to use sourceTensor.clone().detach() or sourceTensor.clone().detach().requires_grad_(True), rather than torch.tensor(sourceTensor).
  X = torch.tensor(X, dtype=torch.float32).to(self.device)
/home/mburu/anaconda3/envs/TabSurvey/lib/python3.8/site-packages/torch/nn/modules/loss.py:535: UserWarning: Using a target size (torch.Size([41])) that is different to the input size (torch.Size([41, 1])). This will likely lead to incorrect results due to broadcasting. Please ensure they have the same size.
  return F.mse_loss(input, target, reduction=self.reduction)
/home/mburu/anaconda3/envs/TabSurvey/lib/python3.8/site-packages/torch/nn/modules/loss.py:535: UserWarning: Using a target size (torch.Size([33])) that is different to the input size (torch.Size([33, 1])). This will likely lead to incorrect results due to broadcasting. Please ensure they have the same size.
  return F.mse_loss(input, target, reduction=self.reduction)
/home/mburu/anaconda3/envs/TabSurvey/lib/python3.8/site-packages/torch/nn/modules/loss.py:535: UserWarning: Using a target size (torch.Size([128])) that is different to the input size (torch.Size([128, 1])). This will likely lead to incorrect results due to broadcasting. Please ensure they have the same size.
  return F.mse_loss(input, target, reduction=self.reduction)
/home/mburu/Master_Thesis/master-thesis-da/DNN_Trial/models/rtdl_models.py:479: UserWarning: To copy construct from a tensor, it is recommended to use sourceTensor.clone().detach() or sourceTensor.clone().detach().requires_grad_(True), rather than torch.tensor(sourceTensor).
  X = torch.tensor(X, dtype=torch.float32).to(self.device)
/home/mburu/anaconda3/envs/TabSurvey/lib/python3.8/site-packages/torch/nn/modules/loss.py:535: UserWarning: Using a target size (torch.Size([41])) that is different to the input size (torch.Size([41, 1])). This will likely lead to incorrect results due to broadcasting. Please ensure they have the same size.
  return F.mse_loss(input, target, reduction=self.reduction)
/home/mburu/anaconda3/envs/TabSurvey/lib/python3.8/site-packages/torch/nn/modules/loss.py:535: UserWarning: Using a target size (torch.Size([33])) that is different to the input size (torch.Size([33, 1])). This will likely lead to incorrect results due to broadcasting. Please ensure they have the same size.
  return F.mse_loss(input, target, reduction=self.reduction)
/home/mburu/anaconda3/envs/TabSurvey/lib/python3.8/site-packages/torch/nn/modules/loss.py:535: UserWarning: Using a target size (torch.Size([128])) that is different to the input size (torch.Size([128, 1])). This will likely lead to incorrect results due to broadcasting. Please ensure they have the same size.
  return F.mse_loss(input, target, reduction=self.reduction)
/home/mburu/Master_Thesis/master-thesis-da/DNN_Trial/models/rtdl_models.py:479: UserWarning: To copy construct from a tensor, it is recommended to use sourceTensor.clone().detach() or sourceTensor.clone().detach().requires_grad_(True), rather than torch.tensor(sourceTensor).
  X = torch.tensor(X, dtype=torch.float32).to(self.device)
/home/mburu/anaconda3/envs/TabSurvey/lib/python3.8/site-packages/torch/nn/modules/loss.py:535: UserWarning: Using a target size (torch.Size([40])) that is different to the input size (torch.Size([40, 1])). This will likely lead to incorrect results due to broadcasting. Please ensure they have the same size.
  return F.mse_loss(input, target, reduction=self.reduction)
/home/mburu/anaconda3/envs/TabSurvey/lib/python3.8/site-packages/torch/nn/modules/loss.py:535: UserWarning: Using a target size (torch.Size([34])) that is different to the input size (torch.Size([34, 1])). This will likely lead to incorrect results due to broadcasting. Please ensure they have the same size.
  return F.mse_loss(input, target, reduction=self.reduction)
/home/mburu/anaconda3/envs/TabSurvey/lib/python3.8/site-packages/torch/nn/modules/loss.py:535: UserWarning: Using a target size (torch.Size([128])) that is different to the input size (torch.Size([128, 1])). This will likely lead to incorrect results due to broadcasting. Please ensure they have the same size.
  return F.mse_loss(input, target, reduction=self.reduction)
/home/mburu/Master_Thesis/master-thesis-da/DNN_Trial/models/rtdl_models.py:479: UserWarning: To copy construct from a tensor, it is recommended to use sourceTensor.clone().detach() or sourceTensor.clone().detach().requires_grad_(True), rather than torch.tensor(sourceTensor).
  X = torch.tensor(X, dtype=torch.float32).to(self.device)
/home/mburu/anaconda3/envs/TabSurvey/lib/python3.8/site-packages/torch/nn/modules/loss.py:535: UserWarning: Using a target size (torch.Size([40])) that is different to the input size (torch.Size([40, 1])). This will likely lead to incorrect results due to broadcasting. Please ensure they have the same size.
  return F.mse_loss(input, target, reduction=self.reduction)
/home/mburu/anaconda3/envs/TabSurvey/lib/python3.8/site-packages/torch/nn/modules/loss.py:535: UserWarning: Using a target size (torch.Size([34])) that is different to the input size (torch.Size([34, 1])). This will likely lead to incorrect results due to broadcasting. Please ensure they have the same size.
  return F.mse_loss(input, target, reduction=self.reduction)
/home/mburu/anaconda3/envs/TabSurvey/lib/python3.8/site-packages/torch/nn/modules/loss.py:535: UserWarning: Using a target size (torch.Size([128])) that is different to the input size (torch.Size([128, 1])). This will likely lead to incorrect results due to broadcasting. Please ensure they have the same size.
  return F.mse_loss(input, target, reduction=self.reduction)
/home/mburu/Master_Thesis/master-thesis-da/DNN_Trial/models/rtdl_models.py:479: UserWarning: To copy construct from a tensor, it is recommended to use sourceTensor.clone().detach() or sourceTensor.clone().detach().requires_grad_(True), rather than torch.tensor(sourceTensor).
  X = torch.tensor(X, dtype=torch.float32).to(self.device)
/home/mburu/anaconda3/envs/TabSurvey/lib/python3.8/site-packages/torch/nn/modules/loss.py:535: UserWarning: Using a target size (torch.Size([40])) that is different to the input size (torch.Size([40, 1])). This will likely lead to incorrect results due to broadcasting. Please ensure they have the same size.
  return F.mse_loss(input, target, reduction=self.reduction)
/home/mburu/anaconda3/envs/TabSurvey/lib/python3.8/site-packages/torch/nn/modules/loss.py:535: UserWarning: Using a target size (torch.Size([34])) that is different to the input size (torch.Size([34, 1])). This will likely lead to incorrect results due to broadcasting. Please ensure they have the same size.
  return F.mse_loss(input, target, reduction=self.reduction)
[I 2025-05-11 02:52:33,909] Trial 1 finished with value: 506.65966106079884 and parameters: {'learning_rate': 3.4638109766359206e-05, 'weight_decay': 0.00022902936513907848}. Best is trial 0 with value: 357.8204759083075.
/home/mburu/anaconda3/envs/TabSurvey/lib/python3.8/site-packages/torch/nn/modules/loss.py:535: UserWarning: Using a target size (torch.Size([128])) that is different to the input size (torch.Size([128, 1])). This will likely lead to incorrect results due to broadcasting. Please ensure they have the same size.
  return F.mse_loss(input, target, reduction=self.reduction)
/home/mburu/Master_Thesis/master-thesis-da/DNN_Trial/models/rtdl_models.py:479: UserWarning: To copy construct from a tensor, it is recommended to use sourceTensor.clone().detach() or sourceTensor.clone().detach().requires_grad_(True), rather than torch.tensor(sourceTensor).
  X = torch.tensor(X, dtype=torch.float32).to(self.device)
/home/mburu/anaconda3/envs/TabSurvey/lib/python3.8/site-packages/torch/nn/modules/loss.py:535: UserWarning: Using a target size (torch.Size([41])) that is different to the input size (torch.Size([41, 1])). This will likely lead to incorrect results due to broadcasting. Please ensure they have the same size.
  return F.mse_loss(input, target, reduction=self.reduction)
/home/mburu/anaconda3/envs/TabSurvey/lib/python3.8/site-packages/torch/nn/modules/loss.py:535: UserWarning: Using a target size (torch.Size([33])) that is different to the input size (torch.Size([33, 1])). This will likely lead to incorrect results due to broadcasting. Please ensure they have the same size.
  return F.mse_loss(input, target, reduction=self.reduction)
/home/mburu/anaconda3/envs/TabSurvey/lib/python3.8/site-packages/torch/nn/modules/loss.py:535: UserWarning: Using a target size (torch.Size([128])) that is different to the input size (torch.Size([128, 1])). This will likely lead to incorrect results due to broadcasting. Please ensure they have the same size.
  return F.mse_loss(input, target, reduction=self.reduction)
/home/mburu/Master_Thesis/master-thesis-da/DNN_Trial/models/rtdl_models.py:479: UserWarning: To copy construct from a tensor, it is recommended to use sourceTensor.clone().detach() or sourceTensor.clone().detach().requires_grad_(True), rather than torch.tensor(sourceTensor).
  X = torch.tensor(X, dtype=torch.float32).to(self.device)
/home/mburu/anaconda3/envs/TabSurvey/lib/python3.8/site-packages/torch/nn/modules/loss.py:535: UserWarning: Using a target size (torch.Size([41])) that is different to the input size (torch.Size([41, 1])). This will likely lead to incorrect results due to broadcasting. Please ensure they have the same size.
  return F.mse_loss(input, target, reduction=self.reduction)
/home/mburu/anaconda3/envs/TabSurvey/lib/python3.8/site-packages/torch/nn/modules/loss.py:535: UserWarning: Using a target size (torch.Size([33])) that is different to the input size (torch.Size([33, 1])). This will likely lead to incorrect results due to broadcasting. Please ensure they have the same size.
  return F.mse_loss(input, target, reduction=self.reduction)
/home/mburu/anaconda3/envs/TabSurvey/lib/python3.8/site-packages/torch/nn/modules/loss.py:535: UserWarning: Using a target size (torch.Size([128])) that is different to the input size (torch.Size([128, 1])). This will likely lead to incorrect results due to broadcasting. Please ensure they have the same size.
  return F.mse_loss(input, target, reduction=self.reduction)
/home/mburu/Master_Thesis/master-thesis-da/DNN_Trial/models/rtdl_models.py:479: UserWarning: To copy construct from a tensor, it is recommended to use sourceTensor.clone().detach() or sourceTensor.clone().detach().requires_grad_(True), rather than torch.tensor(sourceTensor).
  X = torch.tensor(X, dtype=torch.float32).to(self.device)
/home/mburu/anaconda3/envs/TabSurvey/lib/python3.8/site-packages/torch/nn/modules/loss.py:535: UserWarning: Using a target size (torch.Size([40])) that is different to the input size (torch.Size([40, 1])). This will likely lead to incorrect results due to broadcasting. Please ensure they have the same size.
  return F.mse_loss(input, target, reduction=self.reduction)
/home/mburu/anaconda3/envs/TabSurvey/lib/python3.8/site-packages/torch/nn/modules/loss.py:535: UserWarning: Using a target size (torch.Size([34])) that is different to the input size (torch.Size([34, 1])). This will likely lead to incorrect results due to broadcasting. Please ensure they have the same size.
  return F.mse_loss(input, target, reduction=self.reduction)
/home/mburu/anaconda3/envs/TabSurvey/lib/python3.8/site-packages/torch/nn/modules/loss.py:535: UserWarning: Using a target size (torch.Size([128])) that is different to the input size (torch.Size([128, 1])). This will likely lead to incorrect results due to broadcasting. Please ensure they have the same size.
  return F.mse_loss(input, target, reduction=self.reduction)
/home/mburu/Master_Thesis/master-thesis-da/DNN_Trial/models/rtdl_models.py:479: UserWarning: To copy construct from a tensor, it is recommended to use sourceTensor.clone().detach() or sourceTensor.clone().detach().requires_grad_(True), rather than torch.tensor(sourceTensor).
  X = torch.tensor(X, dtype=torch.float32).to(self.device)
/home/mburu/anaconda3/envs/TabSurvey/lib/python3.8/site-packages/torch/nn/modules/loss.py:535: UserWarning: Using a target size (torch.Size([40])) that is different to the input size (torch.Size([40, 1])). This will likely lead to incorrect results due to broadcasting. Please ensure they have the same size.
  return F.mse_loss(input, target, reduction=self.reduction)
/home/mburu/anaconda3/envs/TabSurvey/lib/python3.8/site-packages/torch/nn/modules/loss.py:535: UserWarning: Using a target size (torch.Size([34])) that is different to the input size (torch.Size([34, 1])). This will likely lead to incorrect results due to broadcasting. Please ensure they have the same size.
  return F.mse_loss(input, target, reduction=self.reduction)
/home/mburu/anaconda3/envs/TabSurvey/lib/python3.8/site-packages/torch/nn/modules/loss.py:535: UserWarning: Using a target size (torch.Size([128])) that is different to the input size (torch.Size([128, 1])). This will likely lead to incorrect results due to broadcasting. Please ensure they have the same size.
  return F.mse_loss(input, target, reduction=self.reduction)
/home/mburu/Master_Thesis/master-thesis-da/DNN_Trial/models/rtdl_models.py:479: UserWarning: To copy construct from a tensor, it is recommended to use sourceTensor.clone().detach() or sourceTensor.clone().detach().requires_grad_(True), rather than torch.tensor(sourceTensor).
  X = torch.tensor(X, dtype=torch.float32).to(self.device)
/home/mburu/anaconda3/envs/TabSurvey/lib/python3.8/site-packages/torch/nn/modules/loss.py:535: UserWarning: Using a target size (torch.Size([40])) that is different to the input size (torch.Size([40, 1])). This will likely lead to incorrect results due to broadcasting. Please ensure they have the same size.
  return F.mse_loss(input, target, reduction=self.reduction)
/home/mburu/anaconda3/envs/TabSurvey/lib/python3.8/site-packages/torch/nn/modules/loss.py:535: UserWarning: Using a target size (torch.Size([34])) that is different to the input size (torch.Size([34, 1])). This will likely lead to incorrect results due to broadcasting. Please ensure they have the same size.
  return F.mse_loss(input, target, reduction=self.reduction)
[I 2025-05-11 02:52:34,208] Trial 2 finished with value: 464.45198784285503 and parameters: {'learning_rate': 0.00010603917029822575, 'weight_decay': 4.321457554529949e-05}. Best is trial 0 with value: 357.8204759083075.
/home/mburu/anaconda3/envs/TabSurvey/lib/python3.8/site-packages/torch/nn/modules/loss.py:535: UserWarning: Using a target size (torch.Size([128])) that is different to the input size (torch.Size([128, 1])). This will likely lead to incorrect results due to broadcasting. Please ensure they have the same size.
  return F.mse_loss(input, target, reduction=self.reduction)
/home/mburu/Master_Thesis/master-thesis-da/DNN_Trial/models/rtdl_models.py:479: UserWarning: To copy construct from a tensor, it is recommended to use sourceTensor.clone().detach() or sourceTensor.clone().detach().requires_grad_(True), rather than torch.tensor(sourceTensor).
  X = torch.tensor(X, dtype=torch.float32).to(self.device)
/home/mburu/anaconda3/envs/TabSurvey/lib/python3.8/site-packages/torch/nn/modules/loss.py:535: UserWarning: Using a target size (torch.Size([41])) that is different to the input size (torch.Size([41, 1])). This will likely lead to incorrect results due to broadcasting. Please ensure they have the same size.
  return F.mse_loss(input, target, reduction=self.reduction)
/home/mburu/anaconda3/envs/TabSurvey/lib/python3.8/site-packages/torch/nn/modules/loss.py:535: UserWarning: Using a target size (torch.Size([33])) that is different to the input size (torch.Size([33, 1])). This will likely lead to incorrect results due to broadcasting. Please ensure they have the same size.
  return F.mse_loss(input, target, reduction=self.reduction)
/home/mburu/anaconda3/envs/TabSurvey/lib/python3.8/site-packages/torch/nn/modules/loss.py:535: UserWarning: Using a target size (torch.Size([128])) that is different to the input size (torch.Size([128, 1])). This will likely lead to incorrect results due to broadcasting. Please ensure they have the same size.
  return F.mse_loss(input, target, reduction=self.reduction)
/home/mburu/Master_Thesis/master-thesis-da/DNN_Trial/models/rtdl_models.py:479: UserWarning: To copy construct from a tensor, it is recommended to use sourceTensor.clone().detach() or sourceTensor.clone().detach().requires_grad_(True), rather than torch.tensor(sourceTensor).
  X = torch.tensor(X, dtype=torch.float32).to(self.device)
/home/mburu/anaconda3/envs/TabSurvey/lib/python3.8/site-packages/torch/nn/modules/loss.py:535: UserWarning: Using a target size (torch.Size([41])) that is different to the input size (torch.Size([41, 1])). This will likely lead to incorrect results due to broadcasting. Please ensure they have the same size.
  return F.mse_loss(input, target, reduction=self.reduction)
/home/mburu/anaconda3/envs/TabSurvey/lib/python3.8/site-packages/torch/nn/modules/loss.py:535: UserWarning: Using a target size (torch.Size([33])) that is different to the input size (torch.Size([33, 1])). This will likely lead to incorrect results due to broadcasting. Please ensure they have the same size.
  return F.mse_loss(input, target, reduction=self.reduction)
/home/mburu/anaconda3/envs/TabSurvey/lib/python3.8/site-packages/torch/nn/modules/loss.py:535: UserWarning: Using a target size (torch.Size([128])) that is different to the input size (torch.Size([128, 1])). This will likely lead to incorrect results due to broadcasting. Please ensure they have the same size.
  return F.mse_loss(input, target, reduction=self.reduction)
/home/mburu/Master_Thesis/master-thesis-da/DNN_Trial/models/rtdl_models.py:479: UserWarning: To copy construct from a tensor, it is recommended to use sourceTensor.clone().detach() or sourceTensor.clone().detach().requires_grad_(True), rather than torch.tensor(sourceTensor).
  X = torch.tensor(X, dtype=torch.float32).to(self.device)
/home/mburu/anaconda3/envs/TabSurvey/lib/python3.8/site-packages/torch/nn/modules/loss.py:535: UserWarning: Using a target size (torch.Size([40])) that is different to the input size (torch.Size([40, 1])). This will likely lead to incorrect results due to broadcasting. Please ensure they have the same size.
  return F.mse_loss(input, target, reduction=self.reduction)
/home/mburu/anaconda3/envs/TabSurvey/lib/python3.8/site-packages/torch/nn/modules/loss.py:535: UserWarning: Using a target size (torch.Size([34])) that is different to the input size (torch.Size([34, 1])). This will likely lead to incorrect results due to broadcasting. Please ensure they have the same size.
  return F.mse_loss(input, target, reduction=self.reduction)
/home/mburu/anaconda3/envs/TabSurvey/lib/python3.8/site-packages/torch/nn/modules/loss.py:535: UserWarning: Using a target size (torch.Size([128])) that is different to the input size (torch.Size([128, 1])). This will likely lead to incorrect results due to broadcasting. Please ensure they have the same size.
  return F.mse_loss(input, target, reduction=self.reduction)
/home/mburu/Master_Thesis/master-thesis-da/DNN_Trial/models/rtdl_models.py:479: UserWarning: To copy construct from a tensor, it is recommended to use sourceTensor.clone().detach() or sourceTensor.clone().detach().requires_grad_(True), rather than torch.tensor(sourceTensor).
  X = torch.tensor(X, dtype=torch.float32).to(self.device)
/home/mburu/anaconda3/envs/TabSurvey/lib/python3.8/site-packages/torch/nn/modules/loss.py:535: UserWarning: Using a target size (torch.Size([40])) that is different to the input size (torch.Size([40, 1])). This will likely lead to incorrect results due to broadcasting. Please ensure they have the same size.
  return F.mse_loss(input, target, reduction=self.reduction)
/home/mburu/anaconda3/envs/TabSurvey/lib/python3.8/site-packages/torch/nn/modules/loss.py:535: UserWarning: Using a target size (torch.Size([34])) that is different to the input size (torch.Size([34, 1])). This will likely lead to incorrect results due to broadcasting. Please ensure they have the same size.
  return F.mse_loss(input, target, reduction=self.reduction)
/home/mburu/anaconda3/envs/TabSurvey/lib/python3.8/site-packages/torch/nn/modules/loss.py:535: UserWarning: Using a target size (torch.Size([128])) that is different to the input size (torch.Size([128, 1])). This will likely lead to incorrect results due to broadcasting. Please ensure they have the same size.
  return F.mse_loss(input, target, reduction=self.reduction)
/home/mburu/Master_Thesis/master-thesis-da/DNN_Trial/models/rtdl_models.py:479: UserWarning: To copy construct from a tensor, it is recommended to use sourceTensor.clone().detach() or sourceTensor.clone().detach().requires_grad_(True), rather than torch.tensor(sourceTensor).
  X = torch.tensor(X, dtype=torch.float32).to(self.device)
/home/mburu/anaconda3/envs/TabSurvey/lib/python3.8/site-packages/torch/nn/modules/loss.py:535: UserWarning: Using a target size (torch.Size([40])) that is different to the input size (torch.Size([40, 1])). This will likely lead to incorrect results due to broadcasting. Please ensure they have the same size.
  return F.mse_loss(input, target, reduction=self.reduction)
/home/mburu/anaconda3/envs/TabSurvey/lib/python3.8/site-packages/torch/nn/modules/loss.py:535: UserWarning: Using a target size (torch.Size([34])) that is different to the input size (torch.Size([34, 1])). This will likely lead to incorrect results due to broadcasting. Please ensure they have the same size.
  return F.mse_loss(input, target, reduction=self.reduction)
[I 2025-05-11 02:52:34,511] Trial 3 finished with value: 371.7003272512437 and parameters: {'learning_rate': 0.0017746462693478404, 'weight_decay': 0.001085852939321469}. Best is trial 0 with value: 357.8204759083075.
/home/mburu/anaconda3/envs/TabSurvey/lib/python3.8/site-packages/torch/nn/modules/loss.py:535: UserWarning: Using a target size (torch.Size([128])) that is different to the input size (torch.Size([128, 1])). This will likely lead to incorrect results due to broadcasting. Please ensure they have the same size.
  return F.mse_loss(input, target, reduction=self.reduction)
/home/mburu/Master_Thesis/master-thesis-da/DNN_Trial/models/rtdl_models.py:479: UserWarning: To copy construct from a tensor, it is recommended to use sourceTensor.clone().detach() or sourceTensor.clone().detach().requires_grad_(True), rather than torch.tensor(sourceTensor).
  X = torch.tensor(X, dtype=torch.float32).to(self.device)
/home/mburu/anaconda3/envs/TabSurvey/lib/python3.8/site-packages/torch/nn/modules/loss.py:535: UserWarning: Using a target size (torch.Size([41])) that is different to the input size (torch.Size([41, 1])). This will likely lead to incorrect results due to broadcasting. Please ensure they have the same size.
  return F.mse_loss(input, target, reduction=self.reduction)
/home/mburu/anaconda3/envs/TabSurvey/lib/python3.8/site-packages/torch/nn/modules/loss.py:535: UserWarning: Using a target size (torch.Size([33])) that is different to the input size (torch.Size([33, 1])). This will likely lead to incorrect results due to broadcasting. Please ensure they have the same size.
  return F.mse_loss(input, target, reduction=self.reduction)
/home/mburu/anaconda3/envs/TabSurvey/lib/python3.8/site-packages/torch/nn/modules/loss.py:535: UserWarning: Using a target size (torch.Size([128])) that is different to the input size (torch.Size([128, 1])). This will likely lead to incorrect results due to broadcasting. Please ensure they have the same size.
  return F.mse_loss(input, target, reduction=self.reduction)
/home/mburu/Master_Thesis/master-thesis-da/DNN_Trial/models/rtdl_models.py:479: UserWarning: To copy construct from a tensor, it is recommended to use sourceTensor.clone().detach() or sourceTensor.clone().detach().requires_grad_(True), rather than torch.tensor(sourceTensor).
  X = torch.tensor(X, dtype=torch.float32).to(self.device)
/home/mburu/anaconda3/envs/TabSurvey/lib/python3.8/site-packages/torch/nn/modules/loss.py:535: UserWarning: Using a target size (torch.Size([41])) that is different to the input size (torch.Size([41, 1])). This will likely lead to incorrect results due to broadcasting. Please ensure they have the same size.
  return F.mse_loss(input, target, reduction=self.reduction)
/home/mburu/anaconda3/envs/TabSurvey/lib/python3.8/site-packages/torch/nn/modules/loss.py:535: UserWarning: Using a target size (torch.Size([33])) that is different to the input size (torch.Size([33, 1])). This will likely lead to incorrect results due to broadcasting. Please ensure they have the same size.
  return F.mse_loss(input, target, reduction=self.reduction)
/home/mburu/anaconda3/envs/TabSurvey/lib/python3.8/site-packages/torch/nn/modules/loss.py:535: UserWarning: Using a target size (torch.Size([128])) that is different to the input size (torch.Size([128, 1])). This will likely lead to incorrect results due to broadcasting. Please ensure they have the same size.
  return F.mse_loss(input, target, reduction=self.reduction)
/home/mburu/Master_Thesis/master-thesis-da/DNN_Trial/models/rtdl_models.py:479: UserWarning: To copy construct from a tensor, it is recommended to use sourceTensor.clone().detach() or sourceTensor.clone().detach().requires_grad_(True), rather than torch.tensor(sourceTensor).
  X = torch.tensor(X, dtype=torch.float32).to(self.device)
/home/mburu/anaconda3/envs/TabSurvey/lib/python3.8/site-packages/torch/nn/modules/loss.py:535: UserWarning: Using a target size (torch.Size([40])) that is different to the input size (torch.Size([40, 1])). This will likely lead to incorrect results due to broadcasting. Please ensure they have the same size.
  return F.mse_loss(input, target, reduction=self.reduction)
/home/mburu/anaconda3/envs/TabSurvey/lib/python3.8/site-packages/torch/nn/modules/loss.py:535: UserWarning: Using a target size (torch.Size([34])) that is different to the input size (torch.Size([34, 1])). This will likely lead to incorrect results due to broadcasting. Please ensure they have the same size.
  return F.mse_loss(input, target, reduction=self.reduction)
/home/mburu/anaconda3/envs/TabSurvey/lib/python3.8/site-packages/torch/nn/modules/loss.py:535: UserWarning: Using a target size (torch.Size([128])) that is different to the input size (torch.Size([128, 1])). This will likely lead to incorrect results due to broadcasting. Please ensure they have the same size.
  return F.mse_loss(input, target, reduction=self.reduction)
/home/mburu/Master_Thesis/master-thesis-da/DNN_Trial/models/rtdl_models.py:479: UserWarning: To copy construct from a tensor, it is recommended to use sourceTensor.clone().detach() or sourceTensor.clone().detach().requires_grad_(True), rather than torch.tensor(sourceTensor).
  X = torch.tensor(X, dtype=torch.float32).to(self.device)
/home/mburu/anaconda3/envs/TabSurvey/lib/python3.8/site-packages/torch/nn/modules/loss.py:535: UserWarning: Using a target size (torch.Size([40])) that is different to the input size (torch.Size([40, 1])). This will likely lead to incorrect results due to broadcasting. Please ensure they have the same size.
  return F.mse_loss(input, target, reduction=self.reduction)
/home/mburu/anaconda3/envs/TabSurvey/lib/python3.8/site-packages/torch/nn/modules/loss.py:535: UserWarning: Using a target size (torch.Size([34])) that is different to the input size (torch.Size([34, 1])). This will likely lead to incorrect results due to broadcasting. Please ensure they have the same size.
  return F.mse_loss(input, target, reduction=self.reduction)
/home/mburu/anaconda3/envs/TabSurvey/lib/python3.8/site-packages/torch/nn/modules/loss.py:535: UserWarning: Using a target size (torch.Size([128])) that is different to the input size (torch.Size([128, 1])). This will likely lead to incorrect results due to broadcasting. Please ensure they have the same size.
  return F.mse_loss(input, target, reduction=self.reduction)
/home/mburu/Master_Thesis/master-thesis-da/DNN_Trial/models/rtdl_models.py:479: UserWarning: To copy construct from a tensor, it is recommended to use sourceTensor.clone().detach() or sourceTensor.clone().detach().requires_grad_(True), rather than torch.tensor(sourceTensor).
  X = torch.tensor(X, dtype=torch.float32).to(self.device)
/home/mburu/anaconda3/envs/TabSurvey/lib/python3.8/site-packages/torch/nn/modules/loss.py:535: UserWarning: Using a target size (torch.Size([40])) that is different to the input size (torch.Size([40, 1])). This will likely lead to incorrect results due to broadcasting. Please ensure they have the same size.
  return F.mse_loss(input, target, reduction=self.reduction)
/home/mburu/anaconda3/envs/TabSurvey/lib/python3.8/site-packages/torch/nn/modules/loss.py:535: UserWarning: Using a target size (torch.Size([34])) that is different to the input size (torch.Size([34, 1])). This will likely lead to incorrect results due to broadcasting. Please ensure they have the same size.
  return F.mse_loss(input, target, reduction=self.reduction)
[I 2025-05-11 02:52:34,808] Trial 4 finished with value: 493.27543205238374 and parameters: {'learning_rate': 3.438343326458034e-05, 'weight_decay': 0.004218138739259152}. Best is trial 0 with value: 357.8204759083075.
/home/mburu/anaconda3/envs/TabSurvey/lib/python3.8/site-packages/torch/nn/modules/loss.py:535: UserWarning: Using a target size (torch.Size([128])) that is different to the input size (torch.Size([128, 1])). This will likely lead to incorrect results due to broadcasting. Please ensure they have the same size.
  return F.mse_loss(input, target, reduction=self.reduction)
/home/mburu/Master_Thesis/master-thesis-da/DNN_Trial/models/rtdl_models.py:479: UserWarning: To copy construct from a tensor, it is recommended to use sourceTensor.clone().detach() or sourceTensor.clone().detach().requires_grad_(True), rather than torch.tensor(sourceTensor).
  X = torch.tensor(X, dtype=torch.float32).to(self.device)
/home/mburu/anaconda3/envs/TabSurvey/lib/python3.8/site-packages/torch/nn/modules/loss.py:535: UserWarning: Using a target size (torch.Size([51])) that is different to the input size (torch.Size([51, 1])). This will likely lead to incorrect results due to broadcasting. Please ensure they have the same size.
  return F.mse_loss(input, target, reduction=self.reduction)
/home/mburu/anaconda3/envs/TabSurvey/lib/python3.8/site-packages/torch/nn/modules/loss.py:535: UserWarning: Using a target size (torch.Size([74])) that is different to the input size (torch.Size([74, 1])). This will likely lead to incorrect results due to broadcasting. Please ensure they have the same size.
  return F.mse_loss(input, target, reduction=self.reduction)
[I 2025-05-11 02:52:34,890] A new study created in memory with name: FTTransformer_Boston_outer4
/home/mburu/anaconda3/envs/TabSurvey/lib/python3.8/site-packages/torch/nn/modules/loss.py:535: UserWarning: Using a target size (torch.Size([128])) that is different to the input size (torch.Size([128, 1])). This will likely lead to incorrect results due to broadcasting. Please ensure they have the same size.
  return F.mse_loss(input, target, reduction=self.reduction)
/home/mburu/Master_Thesis/master-thesis-da/DNN_Trial/models/rtdl_models.py:479: UserWarning: To copy construct from a tensor, it is recommended to use sourceTensor.clone().detach() or sourceTensor.clone().detach().requires_grad_(True), rather than torch.tensor(sourceTensor).
  X = torch.tensor(X, dtype=torch.float32).to(self.device)
/home/mburu/anaconda3/envs/TabSurvey/lib/python3.8/site-packages/torch/nn/modules/loss.py:535: UserWarning: Using a target size (torch.Size([41])) that is different to the input size (torch.Size([41, 1])). This will likely lead to incorrect results due to broadcasting. Please ensure they have the same size.
  return F.mse_loss(input, target, reduction=self.reduction)
/home/mburu/anaconda3/envs/TabSurvey/lib/python3.8/site-packages/torch/nn/modules/loss.py:535: UserWarning: Using a target size (torch.Size([34])) that is different to the input size (torch.Size([34, 1])). This will likely lead to incorrect results due to broadcasting. Please ensure they have the same size.
  return F.mse_loss(input, target, reduction=self.reduction)
/home/mburu/anaconda3/envs/TabSurvey/lib/python3.8/site-packages/torch/nn/modules/loss.py:535: UserWarning: Using a target size (torch.Size([128])) that is different to the input size (torch.Size([128, 1])). This will likely lead to incorrect results due to broadcasting. Please ensure they have the same size.
  return F.mse_loss(input, target, reduction=self.reduction)
/home/mburu/Master_Thesis/master-thesis-da/DNN_Trial/models/rtdl_models.py:479: UserWarning: To copy construct from a tensor, it is recommended to use sourceTensor.clone().detach() or sourceTensor.clone().detach().requires_grad_(True), rather than torch.tensor(sourceTensor).
  X = torch.tensor(X, dtype=torch.float32).to(self.device)
/home/mburu/anaconda3/envs/TabSurvey/lib/python3.8/site-packages/torch/nn/modules/loss.py:535: UserWarning: Using a target size (torch.Size([41])) that is different to the input size (torch.Size([41, 1])). This will likely lead to incorrect results due to broadcasting. Please ensure they have the same size.
  return F.mse_loss(input, target, reduction=self.reduction)
/home/mburu/anaconda3/envs/TabSurvey/lib/python3.8/site-packages/torch/nn/modules/loss.py:535: UserWarning: Using a target size (torch.Size([34])) that is different to the input size (torch.Size([34, 1])). This will likely lead to incorrect results due to broadcasting. Please ensure they have the same size.
  return F.mse_loss(input, target, reduction=self.reduction)
/home/mburu/anaconda3/envs/TabSurvey/lib/python3.8/site-packages/torch/nn/modules/loss.py:535: UserWarning: Using a target size (torch.Size([128])) that is different to the input size (torch.Size([128, 1])). This will likely lead to incorrect results due to broadcasting. Please ensure they have the same size.
  return F.mse_loss(input, target, reduction=self.reduction)
/home/mburu/Master_Thesis/master-thesis-da/DNN_Trial/models/rtdl_models.py:479: UserWarning: To copy construct from a tensor, it is recommended to use sourceTensor.clone().detach() or sourceTensor.clone().detach().requires_grad_(True), rather than torch.tensor(sourceTensor).
  X = torch.tensor(X, dtype=torch.float32).to(self.device)
/home/mburu/anaconda3/envs/TabSurvey/lib/python3.8/site-packages/torch/nn/modules/loss.py:535: UserWarning: Using a target size (torch.Size([41])) that is different to the input size (torch.Size([41, 1])). This will likely lead to incorrect results due to broadcasting. Please ensure they have the same size.
  return F.mse_loss(input, target, reduction=self.reduction)
/home/mburu/anaconda3/envs/TabSurvey/lib/python3.8/site-packages/torch/nn/modules/loss.py:535: UserWarning: Using a target size (torch.Size([34])) that is different to the input size (torch.Size([34, 1])). This will likely lead to incorrect results due to broadcasting. Please ensure they have the same size.
  return F.mse_loss(input, target, reduction=self.reduction)
/home/mburu/anaconda3/envs/TabSurvey/lib/python3.8/site-packages/torch/nn/modules/loss.py:535: UserWarning: Using a target size (torch.Size([128])) that is different to the input size (torch.Size([128, 1])). This will likely lead to incorrect results due to broadcasting. Please ensure they have the same size.
  return F.mse_loss(input, target, reduction=self.reduction)
/home/mburu/Master_Thesis/master-thesis-da/DNN_Trial/models/rtdl_models.py:479: UserWarning: To copy construct from a tensor, it is recommended to use sourceTensor.clone().detach() or sourceTensor.clone().detach().requires_grad_(True), rather than torch.tensor(sourceTensor).
  X = torch.tensor(X, dtype=torch.float32).to(self.device)
/home/mburu/anaconda3/envs/TabSurvey/lib/python3.8/site-packages/torch/nn/modules/loss.py:535: UserWarning: Using a target size (torch.Size([40])) that is different to the input size (torch.Size([40, 1])). This will likely lead to incorrect results due to broadcasting. Please ensure they have the same size.
  return F.mse_loss(input, target, reduction=self.reduction)
/home/mburu/anaconda3/envs/TabSurvey/lib/python3.8/site-packages/torch/nn/modules/loss.py:535: UserWarning: Using a target size (torch.Size([35])) that is different to the input size (torch.Size([35, 1])). This will likely lead to incorrect results due to broadcasting. Please ensure they have the same size.
  return F.mse_loss(input, target, reduction=self.reduction)
/home/mburu/anaconda3/envs/TabSurvey/lib/python3.8/site-packages/torch/nn/modules/loss.py:535: UserWarning: Using a target size (torch.Size([128])) that is different to the input size (torch.Size([128, 1])). This will likely lead to incorrect results due to broadcasting. Please ensure they have the same size.
  return F.mse_loss(input, target, reduction=self.reduction)
/home/mburu/Master_Thesis/master-thesis-da/DNN_Trial/models/rtdl_models.py:479: UserWarning: To copy construct from a tensor, it is recommended to use sourceTensor.clone().detach() or sourceTensor.clone().detach().requires_grad_(True), rather than torch.tensor(sourceTensor).
  X = torch.tensor(X, dtype=torch.float32).to(self.device)
/home/mburu/anaconda3/envs/TabSurvey/lib/python3.8/site-packages/torch/nn/modules/loss.py:535: UserWarning: Using a target size (torch.Size([40])) that is different to the input size (torch.Size([40, 1])). This will likely lead to incorrect results due to broadcasting. Please ensure they have the same size.
  return F.mse_loss(input, target, reduction=self.reduction)
/home/mburu/anaconda3/envs/TabSurvey/lib/python3.8/site-packages/torch/nn/modules/loss.py:535: UserWarning: Using a target size (torch.Size([35])) that is different to the input size (torch.Size([35, 1])). This will likely lead to incorrect results due to broadcasting. Please ensure they have the same size.
  return F.mse_loss(input, target, reduction=self.reduction)
[I 2025-05-11 02:52:35,197] Trial 0 finished with value: 511.04570848329075 and parameters: {'learning_rate': 3.0452246343902128e-05, 'weight_decay': 0.00824142623524123}. Best is trial 0 with value: 511.04570848329075.
/home/mburu/anaconda3/envs/TabSurvey/lib/python3.8/site-packages/torch/nn/modules/loss.py:535: UserWarning: Using a target size (torch.Size([128])) that is different to the input size (torch.Size([128, 1])). This will likely lead to incorrect results due to broadcasting. Please ensure they have the same size.
  return F.mse_loss(input, target, reduction=self.reduction)
/home/mburu/Master_Thesis/master-thesis-da/DNN_Trial/models/rtdl_models.py:479: UserWarning: To copy construct from a tensor, it is recommended to use sourceTensor.clone().detach() or sourceTensor.clone().detach().requires_grad_(True), rather than torch.tensor(sourceTensor).
  X = torch.tensor(X, dtype=torch.float32).to(self.device)
/home/mburu/anaconda3/envs/TabSurvey/lib/python3.8/site-packages/torch/nn/modules/loss.py:535: UserWarning: Using a target size (torch.Size([41])) that is different to the input size (torch.Size([41, 1])). This will likely lead to incorrect results due to broadcasting. Please ensure they have the same size.
  return F.mse_loss(input, target, reduction=self.reduction)
/home/mburu/anaconda3/envs/TabSurvey/lib/python3.8/site-packages/torch/nn/modules/loss.py:535: UserWarning: Using a target size (torch.Size([34])) that is different to the input size (torch.Size([34, 1])). This will likely lead to incorrect results due to broadcasting. Please ensure they have the same size.
  return F.mse_loss(input, target, reduction=self.reduction)
/home/mburu/anaconda3/envs/TabSurvey/lib/python3.8/site-packages/torch/nn/modules/loss.py:535: UserWarning: Using a target size (torch.Size([128])) that is different to the input size (torch.Size([128, 1])). This will likely lead to incorrect results due to broadcasting. Please ensure they have the same size.
  return F.mse_loss(input, target, reduction=self.reduction)
/home/mburu/Master_Thesis/master-thesis-da/DNN_Trial/models/rtdl_models.py:479: UserWarning: To copy construct from a tensor, it is recommended to use sourceTensor.clone().detach() or sourceTensor.clone().detach().requires_grad_(True), rather than torch.tensor(sourceTensor).
  X = torch.tensor(X, dtype=torch.float32).to(self.device)
/home/mburu/anaconda3/envs/TabSurvey/lib/python3.8/site-packages/torch/nn/modules/loss.py:535: UserWarning: Using a target size (torch.Size([41])) that is different to the input size (torch.Size([41, 1])). This will likely lead to incorrect results due to broadcasting. Please ensure they have the same size.
  return F.mse_loss(input, target, reduction=self.reduction)
/home/mburu/anaconda3/envs/TabSurvey/lib/python3.8/site-packages/torch/nn/modules/loss.py:535: UserWarning: Using a target size (torch.Size([34])) that is different to the input size (torch.Size([34, 1])). This will likely lead to incorrect results due to broadcasting. Please ensure they have the same size.
  return F.mse_loss(input, target, reduction=self.reduction)
/home/mburu/anaconda3/envs/TabSurvey/lib/python3.8/site-packages/torch/nn/modules/loss.py:535: UserWarning: Using a target size (torch.Size([128])) that is different to the input size (torch.Size([128, 1])). This will likely lead to incorrect results due to broadcasting. Please ensure they have the same size.
  return F.mse_loss(input, target, reduction=self.reduction)
/home/mburu/Master_Thesis/master-thesis-da/DNN_Trial/models/rtdl_models.py:479: UserWarning: To copy construct from a tensor, it is recommended to use sourceTensor.clone().detach() or sourceTensor.clone().detach().requires_grad_(True), rather than torch.tensor(sourceTensor).
  X = torch.tensor(X, dtype=torch.float32).to(self.device)
/home/mburu/anaconda3/envs/TabSurvey/lib/python3.8/site-packages/torch/nn/modules/loss.py:535: UserWarning: Using a target size (torch.Size([41])) that is different to the input size (torch.Size([41, 1])). This will likely lead to incorrect results due to broadcasting. Please ensure they have the same size.
  return F.mse_loss(input, target, reduction=self.reduction)
/home/mburu/anaconda3/envs/TabSurvey/lib/python3.8/site-packages/torch/nn/modules/loss.py:535: UserWarning: Using a target size (torch.Size([34])) that is different to the input size (torch.Size([34, 1])). This will likely lead to incorrect results due to broadcasting. Please ensure they have the same size.
  return F.mse_loss(input, target, reduction=self.reduction)
/home/mburu/anaconda3/envs/TabSurvey/lib/python3.8/site-packages/torch/nn/modules/loss.py:535: UserWarning: Using a target size (torch.Size([128])) that is different to the input size (torch.Size([128, 1])). This will likely lead to incorrect results due to broadcasting. Please ensure they have the same size.
  return F.mse_loss(input, target, reduction=self.reduction)
/home/mburu/Master_Thesis/master-thesis-da/DNN_Trial/models/rtdl_models.py:479: UserWarning: To copy construct from a tensor, it is recommended to use sourceTensor.clone().detach() or sourceTensor.clone().detach().requires_grad_(True), rather than torch.tensor(sourceTensor).
  X = torch.tensor(X, dtype=torch.float32).to(self.device)
/home/mburu/anaconda3/envs/TabSurvey/lib/python3.8/site-packages/torch/nn/modules/loss.py:535: UserWarning: Using a target size (torch.Size([40])) that is different to the input size (torch.Size([40, 1])). This will likely lead to incorrect results due to broadcasting. Please ensure they have the same size.
  return F.mse_loss(input, target, reduction=self.reduction)
/home/mburu/anaconda3/envs/TabSurvey/lib/python3.8/site-packages/torch/nn/modules/loss.py:535: UserWarning: Using a target size (torch.Size([35])) that is different to the input size (torch.Size([35, 1])). This will likely lead to incorrect results due to broadcasting. Please ensure they have the same size.
  return F.mse_loss(input, target, reduction=self.reduction)
/home/mburu/anaconda3/envs/TabSurvey/lib/python3.8/site-packages/torch/nn/modules/loss.py:535: UserWarning: Using a target size (torch.Size([128])) that is different to the input size (torch.Size([128, 1])). This will likely lead to incorrect results due to broadcasting. Please ensure they have the same size.
  return F.mse_loss(input, target, reduction=self.reduction)
/home/mburu/Master_Thesis/master-thesis-da/DNN_Trial/models/rtdl_models.py:479: UserWarning: To copy construct from a tensor, it is recommended to use sourceTensor.clone().detach() or sourceTensor.clone().detach().requires_grad_(True), rather than torch.tensor(sourceTensor).
  X = torch.tensor(X, dtype=torch.float32).to(self.device)
/home/mburu/anaconda3/envs/TabSurvey/lib/python3.8/site-packages/torch/nn/modules/loss.py:535: UserWarning: Using a target size (torch.Size([40])) that is different to the input size (torch.Size([40, 1])). This will likely lead to incorrect results due to broadcasting. Please ensure they have the same size.
  return F.mse_loss(input, target, reduction=self.reduction)
/home/mburu/anaconda3/envs/TabSurvey/lib/python3.8/site-packages/torch/nn/modules/loss.py:535: UserWarning: Using a target size (torch.Size([35])) that is different to the input size (torch.Size([35, 1])). This will likely lead to incorrect results due to broadcasting. Please ensure they have the same size.
  return F.mse_loss(input, target, reduction=self.reduction)
[I 2025-05-11 02:52:35,516] Trial 1 finished with value: 420.2561337735407 and parameters: {'learning_rate': 0.00031451566096899673, 'weight_decay': 1.5458018792355855e-05}. Best is trial 1 with value: 420.2561337735407.
/home/mburu/anaconda3/envs/TabSurvey/lib/python3.8/site-packages/torch/nn/modules/loss.py:535: UserWarning: Using a target size (torch.Size([128])) that is different to the input size (torch.Size([128, 1])). This will likely lead to incorrect results due to broadcasting. Please ensure they have the same size.
  return F.mse_loss(input, target, reduction=self.reduction)
/home/mburu/Master_Thesis/master-thesis-da/DNN_Trial/models/rtdl_models.py:479: UserWarning: To copy construct from a tensor, it is recommended to use sourceTensor.clone().detach() or sourceTensor.clone().detach().requires_grad_(True), rather than torch.tensor(sourceTensor).
  X = torch.tensor(X, dtype=torch.float32).to(self.device)
/home/mburu/anaconda3/envs/TabSurvey/lib/python3.8/site-packages/torch/nn/modules/loss.py:535: UserWarning: Using a target size (torch.Size([41])) that is different to the input size (torch.Size([41, 1])). This will likely lead to incorrect results due to broadcasting. Please ensure they have the same size.
  return F.mse_loss(input, target, reduction=self.reduction)
/home/mburu/anaconda3/envs/TabSurvey/lib/python3.8/site-packages/torch/nn/modules/loss.py:535: UserWarning: Using a target size (torch.Size([34])) that is different to the input size (torch.Size([34, 1])). This will likely lead to incorrect results due to broadcasting. Please ensure they have the same size.
  return F.mse_loss(input, target, reduction=self.reduction)
/home/mburu/anaconda3/envs/TabSurvey/lib/python3.8/site-packages/torch/nn/modules/loss.py:535: UserWarning: Using a target size (torch.Size([128])) that is different to the input size (torch.Size([128, 1])). This will likely lead to incorrect results due to broadcasting. Please ensure they have the same size.
  return F.mse_loss(input, target, reduction=self.reduction)
/home/mburu/Master_Thesis/master-thesis-da/DNN_Trial/models/rtdl_models.py:479: UserWarning: To copy construct from a tensor, it is recommended to use sourceTensor.clone().detach() or sourceTensor.clone().detach().requires_grad_(True), rather than torch.tensor(sourceTensor).
  X = torch.tensor(X, dtype=torch.float32).to(self.device)
/home/mburu/anaconda3/envs/TabSurvey/lib/python3.8/site-packages/torch/nn/modules/loss.py:535: UserWarning: Using a target size (torch.Size([41])) that is different to the input size (torch.Size([41, 1])). This will likely lead to incorrect results due to broadcasting. Please ensure they have the same size.
  return F.mse_loss(input, target, reduction=self.reduction)
/home/mburu/anaconda3/envs/TabSurvey/lib/python3.8/site-packages/torch/nn/modules/loss.py:535: UserWarning: Using a target size (torch.Size([34])) that is different to the input size (torch.Size([34, 1])). This will likely lead to incorrect results due to broadcasting. Please ensure they have the same size.
  return F.mse_loss(input, target, reduction=self.reduction)
/home/mburu/anaconda3/envs/TabSurvey/lib/python3.8/site-packages/torch/nn/modules/loss.py:535: UserWarning: Using a target size (torch.Size([128])) that is different to the input size (torch.Size([128, 1])). This will likely lead to incorrect results due to broadcasting. Please ensure they have the same size.
  return F.mse_loss(input, target, reduction=self.reduction)
/home/mburu/Master_Thesis/master-thesis-da/DNN_Trial/models/rtdl_models.py:479: UserWarning: To copy construct from a tensor, it is recommended to use sourceTensor.clone().detach() or sourceTensor.clone().detach().requires_grad_(True), rather than torch.tensor(sourceTensor).
  X = torch.tensor(X, dtype=torch.float32).to(self.device)
/home/mburu/anaconda3/envs/TabSurvey/lib/python3.8/site-packages/torch/nn/modules/loss.py:535: UserWarning: Using a target size (torch.Size([41])) that is different to the input size (torch.Size([41, 1])). This will likely lead to incorrect results due to broadcasting. Please ensure they have the same size.
  return F.mse_loss(input, target, reduction=self.reduction)
/home/mburu/anaconda3/envs/TabSurvey/lib/python3.8/site-packages/torch/nn/modules/loss.py:535: UserWarning: Using a target size (torch.Size([34])) that is different to the input size (torch.Size([34, 1])). This will likely lead to incorrect results due to broadcasting. Please ensure they have the same size.
  return F.mse_loss(input, target, reduction=self.reduction)
/home/mburu/anaconda3/envs/TabSurvey/lib/python3.8/site-packages/torch/nn/modules/loss.py:535: UserWarning: Using a target size (torch.Size([128])) that is different to the input size (torch.Size([128, 1])). This will likely lead to incorrect results due to broadcasting. Please ensure they have the same size.
  return F.mse_loss(input, target, reduction=self.reduction)
/home/mburu/Master_Thesis/master-thesis-da/DNN_Trial/models/rtdl_models.py:479: UserWarning: To copy construct from a tensor, it is recommended to use sourceTensor.clone().detach() or sourceTensor.clone().detach().requires_grad_(True), rather than torch.tensor(sourceTensor).
  X = torch.tensor(X, dtype=torch.float32).to(self.device)
/home/mburu/anaconda3/envs/TabSurvey/lib/python3.8/site-packages/torch/nn/modules/loss.py:535: UserWarning: Using a target size (torch.Size([40])) that is different to the input size (torch.Size([40, 1])). This will likely lead to incorrect results due to broadcasting. Please ensure they have the same size.
  return F.mse_loss(input, target, reduction=self.reduction)
/home/mburu/anaconda3/envs/TabSurvey/lib/python3.8/site-packages/torch/nn/modules/loss.py:535: UserWarning: Using a target size (torch.Size([35])) that is different to the input size (torch.Size([35, 1])). This will likely lead to incorrect results due to broadcasting. Please ensure they have the same size.
  return F.mse_loss(input, target, reduction=self.reduction)
/home/mburu/anaconda3/envs/TabSurvey/lib/python3.8/site-packages/torch/nn/modules/loss.py:535: UserWarning: Using a target size (torch.Size([128])) that is different to the input size (torch.Size([128, 1])). This will likely lead to incorrect results due to broadcasting. Please ensure they have the same size.
  return F.mse_loss(input, target, reduction=self.reduction)
/home/mburu/Master_Thesis/master-thesis-da/DNN_Trial/models/rtdl_models.py:479: UserWarning: To copy construct from a tensor, it is recommended to use sourceTensor.clone().detach() or sourceTensor.clone().detach().requires_grad_(True), rather than torch.tensor(sourceTensor).
  X = torch.tensor(X, dtype=torch.float32).to(self.device)
/home/mburu/anaconda3/envs/TabSurvey/lib/python3.8/site-packages/torch/nn/modules/loss.py:535: UserWarning: Using a target size (torch.Size([40])) that is different to the input size (torch.Size([40, 1])). This will likely lead to incorrect results due to broadcasting. Please ensure they have the same size.
  return F.mse_loss(input, target, reduction=self.reduction)
/home/mburu/anaconda3/envs/TabSurvey/lib/python3.8/site-packages/torch/nn/modules/loss.py:535: UserWarning: Using a target size (torch.Size([35])) that is different to the input size (torch.Size([35, 1])). This will likely lead to incorrect results due to broadcasting. Please ensure they have the same size.
  return F.mse_loss(input, target, reduction=self.reduction)
[I 2025-05-11 02:52:35,859] Trial 2 finished with value: 345.46885896863125 and parameters: {'learning_rate': 0.005961637956043898, 'weight_decay': 8.92702675678448e-05}. Best is trial 2 with value: 345.46885896863125.
/home/mburu/anaconda3/envs/TabSurvey/lib/python3.8/site-packages/torch/nn/modules/loss.py:535: UserWarning: Using a target size (torch.Size([128])) that is different to the input size (torch.Size([128, 1])). This will likely lead to incorrect results due to broadcasting. Please ensure they have the same size.
  return F.mse_loss(input, target, reduction=self.reduction)
/home/mburu/Master_Thesis/master-thesis-da/DNN_Trial/models/rtdl_models.py:479: UserWarning: To copy construct from a tensor, it is recommended to use sourceTensor.clone().detach() or sourceTensor.clone().detach().requires_grad_(True), rather than torch.tensor(sourceTensor).
  X = torch.tensor(X, dtype=torch.float32).to(self.device)
/home/mburu/anaconda3/envs/TabSurvey/lib/python3.8/site-packages/torch/nn/modules/loss.py:535: UserWarning: Using a target size (torch.Size([41])) that is different to the input size (torch.Size([41, 1])). This will likely lead to incorrect results due to broadcasting. Please ensure they have the same size.
  return F.mse_loss(input, target, reduction=self.reduction)
/home/mburu/anaconda3/envs/TabSurvey/lib/python3.8/site-packages/torch/nn/modules/loss.py:535: UserWarning: Using a target size (torch.Size([34])) that is different to the input size (torch.Size([34, 1])). This will likely lead to incorrect results due to broadcasting. Please ensure they have the same size.
  return F.mse_loss(input, target, reduction=self.reduction)
/home/mburu/anaconda3/envs/TabSurvey/lib/python3.8/site-packages/torch/nn/modules/loss.py:535: UserWarning: Using a target size (torch.Size([128])) that is different to the input size (torch.Size([128, 1])). This will likely lead to incorrect results due to broadcasting. Please ensure they have the same size.
  return F.mse_loss(input, target, reduction=self.reduction)
/home/mburu/Master_Thesis/master-thesis-da/DNN_Trial/models/rtdl_models.py:479: UserWarning: To copy construct from a tensor, it is recommended to use sourceTensor.clone().detach() or sourceTensor.clone().detach().requires_grad_(True), rather than torch.tensor(sourceTensor).
  X = torch.tensor(X, dtype=torch.float32).to(self.device)
/home/mburu/anaconda3/envs/TabSurvey/lib/python3.8/site-packages/torch/nn/modules/loss.py:535: UserWarning: Using a target size (torch.Size([41])) that is different to the input size (torch.Size([41, 1])). This will likely lead to incorrect results due to broadcasting. Please ensure they have the same size.
  return F.mse_loss(input, target, reduction=self.reduction)
/home/mburu/anaconda3/envs/TabSurvey/lib/python3.8/site-packages/torch/nn/modules/loss.py:535: UserWarning: Using a target size (torch.Size([34])) that is different to the input size (torch.Size([34, 1])). This will likely lead to incorrect results due to broadcasting. Please ensure they have the same size.
  return F.mse_loss(input, target, reduction=self.reduction)
/home/mburu/anaconda3/envs/TabSurvey/lib/python3.8/site-packages/torch/nn/modules/loss.py:535: UserWarning: Using a target size (torch.Size([128])) that is different to the input size (torch.Size([128, 1])). This will likely lead to incorrect results due to broadcasting. Please ensure they have the same size.
  return F.mse_loss(input, target, reduction=self.reduction)
/home/mburu/Master_Thesis/master-thesis-da/DNN_Trial/models/rtdl_models.py:479: UserWarning: To copy construct from a tensor, it is recommended to use sourceTensor.clone().detach() or sourceTensor.clone().detach().requires_grad_(True), rather than torch.tensor(sourceTensor).
  X = torch.tensor(X, dtype=torch.float32).to(self.device)
/home/mburu/anaconda3/envs/TabSurvey/lib/python3.8/site-packages/torch/nn/modules/loss.py:535: UserWarning: Using a target size (torch.Size([41])) that is different to the input size (torch.Size([41, 1])). This will likely lead to incorrect results due to broadcasting. Please ensure they have the same size.
  return F.mse_loss(input, target, reduction=self.reduction)
/home/mburu/anaconda3/envs/TabSurvey/lib/python3.8/site-packages/torch/nn/modules/loss.py:535: UserWarning: Using a target size (torch.Size([34])) that is different to the input size (torch.Size([34, 1])). This will likely lead to incorrect results due to broadcasting. Please ensure they have the same size.
  return F.mse_loss(input, target, reduction=self.reduction)
/home/mburu/anaconda3/envs/TabSurvey/lib/python3.8/site-packages/torch/nn/modules/loss.py:535: UserWarning: Using a target size (torch.Size([128])) that is different to the input size (torch.Size([128, 1])). This will likely lead to incorrect results due to broadcasting. Please ensure they have the same size.
  return F.mse_loss(input, target, reduction=self.reduction)
/home/mburu/Master_Thesis/master-thesis-da/DNN_Trial/models/rtdl_models.py:479: UserWarning: To copy construct from a tensor, it is recommended to use sourceTensor.clone().detach() or sourceTensor.clone().detach().requires_grad_(True), rather than torch.tensor(sourceTensor).
  X = torch.tensor(X, dtype=torch.float32).to(self.device)
/home/mburu/anaconda3/envs/TabSurvey/lib/python3.8/site-packages/torch/nn/modules/loss.py:535: UserWarning: Using a target size (torch.Size([40])) that is different to the input size (torch.Size([40, 1])). This will likely lead to incorrect results due to broadcasting. Please ensure they have the same size.
  return F.mse_loss(input, target, reduction=self.reduction)
/home/mburu/anaconda3/envs/TabSurvey/lib/python3.8/site-packages/torch/nn/modules/loss.py:535: UserWarning: Using a target size (torch.Size([35])) that is different to the input size (torch.Size([35, 1])). This will likely lead to incorrect results due to broadcasting. Please ensure they have the same size.
  return F.mse_loss(input, target, reduction=self.reduction)
/home/mburu/anaconda3/envs/TabSurvey/lib/python3.8/site-packages/torch/nn/modules/loss.py:535: UserWarning: Using a target size (torch.Size([128])) that is different to the input size (torch.Size([128, 1])). This will likely lead to incorrect results due to broadcasting. Please ensure they have the same size.
  return F.mse_loss(input, target, reduction=self.reduction)
/home/mburu/Master_Thesis/master-thesis-da/DNN_Trial/models/rtdl_models.py:479: UserWarning: To copy construct from a tensor, it is recommended to use sourceTensor.clone().detach() or sourceTensor.clone().detach().requires_grad_(True), rather than torch.tensor(sourceTensor).
  X = torch.tensor(X, dtype=torch.float32).to(self.device)
/home/mburu/anaconda3/envs/TabSurvey/lib/python3.8/site-packages/torch/nn/modules/loss.py:535: UserWarning: Using a target size (torch.Size([40])) that is different to the input size (torch.Size([40, 1])). This will likely lead to incorrect results due to broadcasting. Please ensure they have the same size.
  return F.mse_loss(input, target, reduction=self.reduction)
/home/mburu/anaconda3/envs/TabSurvey/lib/python3.8/site-packages/torch/nn/modules/loss.py:535: UserWarning: Using a target size (torch.Size([35])) that is different to the input size (torch.Size([35, 1])). This will likely lead to incorrect results due to broadcasting. Please ensure they have the same size.
  return F.mse_loss(input, target, reduction=self.reduction)
[I 2025-05-11 02:52:36,210] Trial 3 finished with value: 354.99302405628777 and parameters: {'learning_rate': 0.003863750865094055, 'weight_decay': 0.004158735408059727}. Best is trial 2 with value: 345.46885896863125.
/home/mburu/anaconda3/envs/TabSurvey/lib/python3.8/site-packages/torch/nn/modules/loss.py:535: UserWarning: Using a target size (torch.Size([128])) that is different to the input size (torch.Size([128, 1])). This will likely lead to incorrect results due to broadcasting. Please ensure they have the same size.
  return F.mse_loss(input, target, reduction=self.reduction)
/home/mburu/Master_Thesis/master-thesis-da/DNN_Trial/models/rtdl_models.py:479: UserWarning: To copy construct from a tensor, it is recommended to use sourceTensor.clone().detach() or sourceTensor.clone().detach().requires_grad_(True), rather than torch.tensor(sourceTensor).
  X = torch.tensor(X, dtype=torch.float32).to(self.device)
/home/mburu/anaconda3/envs/TabSurvey/lib/python3.8/site-packages/torch/nn/modules/loss.py:535: UserWarning: Using a target size (torch.Size([41])) that is different to the input size (torch.Size([41, 1])). This will likely lead to incorrect results due to broadcasting. Please ensure they have the same size.
  return F.mse_loss(input, target, reduction=self.reduction)
/home/mburu/anaconda3/envs/TabSurvey/lib/python3.8/site-packages/torch/nn/modules/loss.py:535: UserWarning: Using a target size (torch.Size([34])) that is different to the input size (torch.Size([34, 1])). This will likely lead to incorrect results due to broadcasting. Please ensure they have the same size.
  return F.mse_loss(input, target, reduction=self.reduction)
/home/mburu/anaconda3/envs/TabSurvey/lib/python3.8/site-packages/torch/nn/modules/loss.py:535: UserWarning: Using a target size (torch.Size([128])) that is different to the input size (torch.Size([128, 1])). This will likely lead to incorrect results due to broadcasting. Please ensure they have the same size.
  return F.mse_loss(input, target, reduction=self.reduction)
/home/mburu/Master_Thesis/master-thesis-da/DNN_Trial/models/rtdl_models.py:479: UserWarning: To copy construct from a tensor, it is recommended to use sourceTensor.clone().detach() or sourceTensor.clone().detach().requires_grad_(True), rather than torch.tensor(sourceTensor).
  X = torch.tensor(X, dtype=torch.float32).to(self.device)
/home/mburu/anaconda3/envs/TabSurvey/lib/python3.8/site-packages/torch/nn/modules/loss.py:535: UserWarning: Using a target size (torch.Size([41])) that is different to the input size (torch.Size([41, 1])). This will likely lead to incorrect results due to broadcasting. Please ensure they have the same size.
  return F.mse_loss(input, target, reduction=self.reduction)
/home/mburu/anaconda3/envs/TabSurvey/lib/python3.8/site-packages/torch/nn/modules/loss.py:535: UserWarning: Using a target size (torch.Size([34])) that is different to the input size (torch.Size([34, 1])). This will likely lead to incorrect results due to broadcasting. Please ensure they have the same size.
  return F.mse_loss(input, target, reduction=self.reduction)
/home/mburu/anaconda3/envs/TabSurvey/lib/python3.8/site-packages/torch/nn/modules/loss.py:535: UserWarning: Using a target size (torch.Size([128])) that is different to the input size (torch.Size([128, 1])). This will likely lead to incorrect results due to broadcasting. Please ensure they have the same size.
  return F.mse_loss(input, target, reduction=self.reduction)
/home/mburu/Master_Thesis/master-thesis-da/DNN_Trial/models/rtdl_models.py:479: UserWarning: To copy construct from a tensor, it is recommended to use sourceTensor.clone().detach() or sourceTensor.clone().detach().requires_grad_(True), rather than torch.tensor(sourceTensor).
  X = torch.tensor(X, dtype=torch.float32).to(self.device)
/home/mburu/anaconda3/envs/TabSurvey/lib/python3.8/site-packages/torch/nn/modules/loss.py:535: UserWarning: Using a target size (torch.Size([41])) that is different to the input size (torch.Size([41, 1])). This will likely lead to incorrect results due to broadcasting. Please ensure they have the same size.
  return F.mse_loss(input, target, reduction=self.reduction)
/home/mburu/anaconda3/envs/TabSurvey/lib/python3.8/site-packages/torch/nn/modules/loss.py:535: UserWarning: Using a target size (torch.Size([34])) that is different to the input size (torch.Size([34, 1])). This will likely lead to incorrect results due to broadcasting. Please ensure they have the same size.
  return F.mse_loss(input, target, reduction=self.reduction)
/home/mburu/anaconda3/envs/TabSurvey/lib/python3.8/site-packages/torch/nn/modules/loss.py:535: UserWarning: Using a target size (torch.Size([128])) that is different to the input size (torch.Size([128, 1])). This will likely lead to incorrect results due to broadcasting. Please ensure they have the same size.
  return F.mse_loss(input, target, reduction=self.reduction)
/home/mburu/Master_Thesis/master-thesis-da/DNN_Trial/models/rtdl_models.py:479: UserWarning: To copy construct from a tensor, it is recommended to use sourceTensor.clone().detach() or sourceTensor.clone().detach().requires_grad_(True), rather than torch.tensor(sourceTensor).
  X = torch.tensor(X, dtype=torch.float32).to(self.device)
/home/mburu/anaconda3/envs/TabSurvey/lib/python3.8/site-packages/torch/nn/modules/loss.py:535: UserWarning: Using a target size (torch.Size([40])) that is different to the input size (torch.Size([40, 1])). This will likely lead to incorrect results due to broadcasting. Please ensure they have the same size.
  return F.mse_loss(input, target, reduction=self.reduction)
/home/mburu/anaconda3/envs/TabSurvey/lib/python3.8/site-packages/torch/nn/modules/loss.py:535: UserWarning: Using a target size (torch.Size([35])) that is different to the input size (torch.Size([35, 1])). This will likely lead to incorrect results due to broadcasting. Please ensure they have the same size.
  return F.mse_loss(input, target, reduction=self.reduction)
/home/mburu/anaconda3/envs/TabSurvey/lib/python3.8/site-packages/torch/nn/modules/loss.py:535: UserWarning: Using a target size (torch.Size([128])) that is different to the input size (torch.Size([128, 1])). This will likely lead to incorrect results due to broadcasting. Please ensure they have the same size.
  return F.mse_loss(input, target, reduction=self.reduction)
/home/mburu/Master_Thesis/master-thesis-da/DNN_Trial/models/rtdl_models.py:479: UserWarning: To copy construct from a tensor, it is recommended to use sourceTensor.clone().detach() or sourceTensor.clone().detach().requires_grad_(True), rather than torch.tensor(sourceTensor).
  X = torch.tensor(X, dtype=torch.float32).to(self.device)
/home/mburu/anaconda3/envs/TabSurvey/lib/python3.8/site-packages/torch/nn/modules/loss.py:535: UserWarning: Using a target size (torch.Size([40])) that is different to the input size (torch.Size([40, 1])). This will likely lead to incorrect results due to broadcasting. Please ensure they have the same size.
  return F.mse_loss(input, target, reduction=self.reduction)
/home/mburu/anaconda3/envs/TabSurvey/lib/python3.8/site-packages/torch/nn/modules/loss.py:535: UserWarning: Using a target size (torch.Size([35])) that is different to the input size (torch.Size([35, 1])). This will likely lead to incorrect results due to broadcasting. Please ensure they have the same size.
  return F.mse_loss(input, target, reduction=self.reduction)
[I 2025-05-11 02:52:36,554] Trial 4 finished with value: 503.59411804618105 and parameters: {'learning_rate': 1.2323195759800938e-05, 'weight_decay': 2.8395261794113157e-06}. Best is trial 2 with value: 345.46885896863125.
/home/mburu/anaconda3/envs/TabSurvey/lib/python3.8/site-packages/torch/nn/modules/loss.py:535: UserWarning: Using a target size (torch.Size([128])) that is different to the input size (torch.Size([128, 1])). This will likely lead to incorrect results due to broadcasting. Please ensure they have the same size.
  return F.mse_loss(input, target, reduction=self.reduction)
/home/mburu/Master_Thesis/master-thesis-da/DNN_Trial/models/rtdl_models.py:479: UserWarning: To copy construct from a tensor, it is recommended to use sourceTensor.clone().detach() or sourceTensor.clone().detach().requires_grad_(True), rather than torch.tensor(sourceTensor).
  X = torch.tensor(X, dtype=torch.float32).to(self.device)
/home/mburu/anaconda3/envs/TabSurvey/lib/python3.8/site-packages/torch/nn/modules/loss.py:535: UserWarning: Using a target size (torch.Size([50])) that is different to the input size (torch.Size([50, 1])). This will likely lead to incorrect results due to broadcasting. Please ensure they have the same size.
  return F.mse_loss(input, target, reduction=self.reduction)
/home/mburu/anaconda3/envs/TabSurvey/lib/python3.8/site-packages/torch/nn/modules/loss.py:535: UserWarning: Using a target size (torch.Size([75])) that is different to the input size (torch.Size([75, 1])). This will likely lead to incorrect results due to broadcasting. Please ensure they have the same size.
  return F.mse_loss(input, target, reduction=self.reduction)
[I 2025-05-11 02:52:36,643] A new study created in memory with name: FTTransformer_Boston_outer5
/home/mburu/anaconda3/envs/TabSurvey/lib/python3.8/site-packages/torch/nn/modules/loss.py:535: UserWarning: Using a target size (torch.Size([128])) that is different to the input size (torch.Size([128, 1])). This will likely lead to incorrect results due to broadcasting. Please ensure they have the same size.
  return F.mse_loss(input, target, reduction=self.reduction)
/home/mburu/Master_Thesis/master-thesis-da/DNN_Trial/models/rtdl_models.py:479: UserWarning: To copy construct from a tensor, it is recommended to use sourceTensor.clone().detach() or sourceTensor.clone().detach().requires_grad_(True), rather than torch.tensor(sourceTensor).
  X = torch.tensor(X, dtype=torch.float32).to(self.device)
/home/mburu/anaconda3/envs/TabSurvey/lib/python3.8/site-packages/torch/nn/modules/loss.py:535: UserWarning: Using a target size (torch.Size([41])) that is different to the input size (torch.Size([41, 1])). This will likely lead to incorrect results due to broadcasting. Please ensure they have the same size.
  return F.mse_loss(input, target, reduction=self.reduction)
/home/mburu/anaconda3/envs/TabSurvey/lib/python3.8/site-packages/torch/nn/modules/loss.py:535: UserWarning: Using a target size (torch.Size([34])) that is different to the input size (torch.Size([34, 1])). This will likely lead to incorrect results due to broadcasting. Please ensure they have the same size.
  return F.mse_loss(input, target, reduction=self.reduction)
/home/mburu/anaconda3/envs/TabSurvey/lib/python3.8/site-packages/torch/nn/modules/loss.py:535: UserWarning: Using a target size (torch.Size([128])) that is different to the input size (torch.Size([128, 1])). This will likely lead to incorrect results due to broadcasting. Please ensure they have the same size.
  return F.mse_loss(input, target, reduction=self.reduction)
/home/mburu/Master_Thesis/master-thesis-da/DNN_Trial/models/rtdl_models.py:479: UserWarning: To copy construct from a tensor, it is recommended to use sourceTensor.clone().detach() or sourceTensor.clone().detach().requires_grad_(True), rather than torch.tensor(sourceTensor).
  X = torch.tensor(X, dtype=torch.float32).to(self.device)
/home/mburu/anaconda3/envs/TabSurvey/lib/python3.8/site-packages/torch/nn/modules/loss.py:535: UserWarning: Using a target size (torch.Size([41])) that is different to the input size (torch.Size([41, 1])). This will likely lead to incorrect results due to broadcasting. Please ensure they have the same size.
  return F.mse_loss(input, target, reduction=self.reduction)
/home/mburu/anaconda3/envs/TabSurvey/lib/python3.8/site-packages/torch/nn/modules/loss.py:535: UserWarning: Using a target size (torch.Size([34])) that is different to the input size (torch.Size([34, 1])). This will likely lead to incorrect results due to broadcasting. Please ensure they have the same size.
  return F.mse_loss(input, target, reduction=self.reduction)
/home/mburu/anaconda3/envs/TabSurvey/lib/python3.8/site-packages/torch/nn/modules/loss.py:535: UserWarning: Using a target size (torch.Size([128])) that is different to the input size (torch.Size([128, 1])). This will likely lead to incorrect results due to broadcasting. Please ensure they have the same size.
  return F.mse_loss(input, target, reduction=self.reduction)
/home/mburu/Master_Thesis/master-thesis-da/DNN_Trial/models/rtdl_models.py:479: UserWarning: To copy construct from a tensor, it is recommended to use sourceTensor.clone().detach() or sourceTensor.clone().detach().requires_grad_(True), rather than torch.tensor(sourceTensor).
  X = torch.tensor(X, dtype=torch.float32).to(self.device)
/home/mburu/anaconda3/envs/TabSurvey/lib/python3.8/site-packages/torch/nn/modules/loss.py:535: UserWarning: Using a target size (torch.Size([41])) that is different to the input size (torch.Size([41, 1])). This will likely lead to incorrect results due to broadcasting. Please ensure they have the same size.
  return F.mse_loss(input, target, reduction=self.reduction)
/home/mburu/anaconda3/envs/TabSurvey/lib/python3.8/site-packages/torch/nn/modules/loss.py:535: UserWarning: Using a target size (torch.Size([34])) that is different to the input size (torch.Size([34, 1])). This will likely lead to incorrect results due to broadcasting. Please ensure they have the same size.
  return F.mse_loss(input, target, reduction=self.reduction)
/home/mburu/anaconda3/envs/TabSurvey/lib/python3.8/site-packages/torch/nn/modules/loss.py:535: UserWarning: Using a target size (torch.Size([128])) that is different to the input size (torch.Size([128, 1])). This will likely lead to incorrect results due to broadcasting. Please ensure they have the same size.
  return F.mse_loss(input, target, reduction=self.reduction)
/home/mburu/Master_Thesis/master-thesis-da/DNN_Trial/models/rtdl_models.py:479: UserWarning: To copy construct from a tensor, it is recommended to use sourceTensor.clone().detach() or sourceTensor.clone().detach().requires_grad_(True), rather than torch.tensor(sourceTensor).
  X = torch.tensor(X, dtype=torch.float32).to(self.device)
/home/mburu/anaconda3/envs/TabSurvey/lib/python3.8/site-packages/torch/nn/modules/loss.py:535: UserWarning: Using a target size (torch.Size([40])) that is different to the input size (torch.Size([40, 1])). This will likely lead to incorrect results due to broadcasting. Please ensure they have the same size.
  return F.mse_loss(input, target, reduction=self.reduction)
/home/mburu/anaconda3/envs/TabSurvey/lib/python3.8/site-packages/torch/nn/modules/loss.py:535: UserWarning: Using a target size (torch.Size([35])) that is different to the input size (torch.Size([35, 1])). This will likely lead to incorrect results due to broadcasting. Please ensure they have the same size.
  return F.mse_loss(input, target, reduction=self.reduction)
/home/mburu/anaconda3/envs/TabSurvey/lib/python3.8/site-packages/torch/nn/modules/loss.py:535: UserWarning: Using a target size (torch.Size([128])) that is different to the input size (torch.Size([128, 1])). This will likely lead to incorrect results due to broadcasting. Please ensure they have the same size.
  return F.mse_loss(input, target, reduction=self.reduction)
/home/mburu/Master_Thesis/master-thesis-da/DNN_Trial/models/rtdl_models.py:479: UserWarning: To copy construct from a tensor, it is recommended to use sourceTensor.clone().detach() or sourceTensor.clone().detach().requires_grad_(True), rather than torch.tensor(sourceTensor).
  X = torch.tensor(X, dtype=torch.float32).to(self.device)
/home/mburu/anaconda3/envs/TabSurvey/lib/python3.8/site-packages/torch/nn/modules/loss.py:535: UserWarning: Using a target size (torch.Size([40])) that is different to the input size (torch.Size([40, 1])). This will likely lead to incorrect results due to broadcasting. Please ensure they have the same size.
  return F.mse_loss(input, target, reduction=self.reduction)
/home/mburu/anaconda3/envs/TabSurvey/lib/python3.8/site-packages/torch/nn/modules/loss.py:535: UserWarning: Using a target size (torch.Size([35])) that is different to the input size (torch.Size([35, 1])). This will likely lead to incorrect results due to broadcasting. Please ensure they have the same size.
  return F.mse_loss(input, target, reduction=self.reduction)
[I 2025-05-11 02:52:36,980] Trial 0 finished with value: 421.3377181084976 and parameters: {'learning_rate': 0.00030629207011120054, 'weight_decay': 0.0006593354766072893}. Best is trial 0 with value: 421.3377181084976.
/home/mburu/anaconda3/envs/TabSurvey/lib/python3.8/site-packages/torch/nn/modules/loss.py:535: UserWarning: Using a target size (torch.Size([128])) that is different to the input size (torch.Size([128, 1])). This will likely lead to incorrect results due to broadcasting. Please ensure they have the same size.
  return F.mse_loss(input, target, reduction=self.reduction)
/home/mburu/Master_Thesis/master-thesis-da/DNN_Trial/models/rtdl_models.py:479: UserWarning: To copy construct from a tensor, it is recommended to use sourceTensor.clone().detach() or sourceTensor.clone().detach().requires_grad_(True), rather than torch.tensor(sourceTensor).
  X = torch.tensor(X, dtype=torch.float32).to(self.device)
/home/mburu/anaconda3/envs/TabSurvey/lib/python3.8/site-packages/torch/nn/modules/loss.py:535: UserWarning: Using a target size (torch.Size([41])) that is different to the input size (torch.Size([41, 1])). This will likely lead to incorrect results due to broadcasting. Please ensure they have the same size.
  return F.mse_loss(input, target, reduction=self.reduction)
/home/mburu/anaconda3/envs/TabSurvey/lib/python3.8/site-packages/torch/nn/modules/loss.py:535: UserWarning: Using a target size (torch.Size([34])) that is different to the input size (torch.Size([34, 1])). This will likely lead to incorrect results due to broadcasting. Please ensure they have the same size.
  return F.mse_loss(input, target, reduction=self.reduction)
/home/mburu/anaconda3/envs/TabSurvey/lib/python3.8/site-packages/torch/nn/modules/loss.py:535: UserWarning: Using a target size (torch.Size([128])) that is different to the input size (torch.Size([128, 1])). This will likely lead to incorrect results due to broadcasting. Please ensure they have the same size.
  return F.mse_loss(input, target, reduction=self.reduction)
/home/mburu/Master_Thesis/master-thesis-da/DNN_Trial/models/rtdl_models.py:479: UserWarning: To copy construct from a tensor, it is recommended to use sourceTensor.clone().detach() or sourceTensor.clone().detach().requires_grad_(True), rather than torch.tensor(sourceTensor).
  X = torch.tensor(X, dtype=torch.float32).to(self.device)
/home/mburu/anaconda3/envs/TabSurvey/lib/python3.8/site-packages/torch/nn/modules/loss.py:535: UserWarning: Using a target size (torch.Size([41])) that is different to the input size (torch.Size([41, 1])). This will likely lead to incorrect results due to broadcasting. Please ensure they have the same size.
  return F.mse_loss(input, target, reduction=self.reduction)
/home/mburu/anaconda3/envs/TabSurvey/lib/python3.8/site-packages/torch/nn/modules/loss.py:535: UserWarning: Using a target size (torch.Size([34])) that is different to the input size (torch.Size([34, 1])). This will likely lead to incorrect results due to broadcasting. Please ensure they have the same size.
  return F.mse_loss(input, target, reduction=self.reduction)
/home/mburu/anaconda3/envs/TabSurvey/lib/python3.8/site-packages/torch/nn/modules/loss.py:535: UserWarning: Using a target size (torch.Size([128])) that is different to the input size (torch.Size([128, 1])). This will likely lead to incorrect results due to broadcasting. Please ensure they have the same size.
  return F.mse_loss(input, target, reduction=self.reduction)
/home/mburu/Master_Thesis/master-thesis-da/DNN_Trial/models/rtdl_models.py:479: UserWarning: To copy construct from a tensor, it is recommended to use sourceTensor.clone().detach() or sourceTensor.clone().detach().requires_grad_(True), rather than torch.tensor(sourceTensor).
  X = torch.tensor(X, dtype=torch.float32).to(self.device)
/home/mburu/anaconda3/envs/TabSurvey/lib/python3.8/site-packages/torch/nn/modules/loss.py:535: UserWarning: Using a target size (torch.Size([41])) that is different to the input size (torch.Size([41, 1])). This will likely lead to incorrect results due to broadcasting. Please ensure they have the same size.
  return F.mse_loss(input, target, reduction=self.reduction)
/home/mburu/anaconda3/envs/TabSurvey/lib/python3.8/site-packages/torch/nn/modules/loss.py:535: UserWarning: Using a target size (torch.Size([34])) that is different to the input size (torch.Size([34, 1])). This will likely lead to incorrect results due to broadcasting. Please ensure they have the same size.
  return F.mse_loss(input, target, reduction=self.reduction)
/home/mburu/anaconda3/envs/TabSurvey/lib/python3.8/site-packages/torch/nn/modules/loss.py:535: UserWarning: Using a target size (torch.Size([128])) that is different to the input size (torch.Size([128, 1])). This will likely lead to incorrect results due to broadcasting. Please ensure they have the same size.
  return F.mse_loss(input, target, reduction=self.reduction)
/home/mburu/Master_Thesis/master-thesis-da/DNN_Trial/models/rtdl_models.py:479: UserWarning: To copy construct from a tensor, it is recommended to use sourceTensor.clone().detach() or sourceTensor.clone().detach().requires_grad_(True), rather than torch.tensor(sourceTensor).
  X = torch.tensor(X, dtype=torch.float32).to(self.device)
/home/mburu/anaconda3/envs/TabSurvey/lib/python3.8/site-packages/torch/nn/modules/loss.py:535: UserWarning: Using a target size (torch.Size([40])) that is different to the input size (torch.Size([40, 1])). This will likely lead to incorrect results due to broadcasting. Please ensure they have the same size.
  return F.mse_loss(input, target, reduction=self.reduction)
/home/mburu/anaconda3/envs/TabSurvey/lib/python3.8/site-packages/torch/nn/modules/loss.py:535: UserWarning: Using a target size (torch.Size([35])) that is different to the input size (torch.Size([35, 1])). This will likely lead to incorrect results due to broadcasting. Please ensure they have the same size.
  return F.mse_loss(input, target, reduction=self.reduction)
/home/mburu/anaconda3/envs/TabSurvey/lib/python3.8/site-packages/torch/nn/modules/loss.py:535: UserWarning: Using a target size (torch.Size([128])) that is different to the input size (torch.Size([128, 1])). This will likely lead to incorrect results due to broadcasting. Please ensure they have the same size.
  return F.mse_loss(input, target, reduction=self.reduction)
/home/mburu/Master_Thesis/master-thesis-da/DNN_Trial/models/rtdl_models.py:479: UserWarning: To copy construct from a tensor, it is recommended to use sourceTensor.clone().detach() or sourceTensor.clone().detach().requires_grad_(True), rather than torch.tensor(sourceTensor).
  X = torch.tensor(X, dtype=torch.float32).to(self.device)
/home/mburu/anaconda3/envs/TabSurvey/lib/python3.8/site-packages/torch/nn/modules/loss.py:535: UserWarning: Using a target size (torch.Size([40])) that is different to the input size (torch.Size([40, 1])). This will likely lead to incorrect results due to broadcasting. Please ensure they have the same size.
  return F.mse_loss(input, target, reduction=self.reduction)
/home/mburu/anaconda3/envs/TabSurvey/lib/python3.8/site-packages/torch/nn/modules/loss.py:535: UserWarning: Using a target size (torch.Size([35])) that is different to the input size (torch.Size([35, 1])). This will likely lead to incorrect results due to broadcasting. Please ensure they have the same size.
  return F.mse_loss(input, target, reduction=self.reduction)
[I 2025-05-11 02:52:37,495] Trial 1 finished with value: 349.8670395108109 and parameters: {'learning_rate': 0.008294463793214489, 'weight_decay': 5.0640220534358295e-05}. Best is trial 1 with value: 349.8670395108109.
/home/mburu/anaconda3/envs/TabSurvey/lib/python3.8/site-packages/torch/nn/modules/loss.py:535: UserWarning: Using a target size (torch.Size([128])) that is different to the input size (torch.Size([128, 1])). This will likely lead to incorrect results due to broadcasting. Please ensure they have the same size.
  return F.mse_loss(input, target, reduction=self.reduction)
/home/mburu/Master_Thesis/master-thesis-da/DNN_Trial/models/rtdl_models.py:479: UserWarning: To copy construct from a tensor, it is recommended to use sourceTensor.clone().detach() or sourceTensor.clone().detach().requires_grad_(True), rather than torch.tensor(sourceTensor).
  X = torch.tensor(X, dtype=torch.float32).to(self.device)
/home/mburu/anaconda3/envs/TabSurvey/lib/python3.8/site-packages/torch/nn/modules/loss.py:535: UserWarning: Using a target size (torch.Size([41])) that is different to the input size (torch.Size([41, 1])). This will likely lead to incorrect results due to broadcasting. Please ensure they have the same size.
  return F.mse_loss(input, target, reduction=self.reduction)
/home/mburu/anaconda3/envs/TabSurvey/lib/python3.8/site-packages/torch/nn/modules/loss.py:535: UserWarning: Using a target size (torch.Size([34])) that is different to the input size (torch.Size([34, 1])). This will likely lead to incorrect results due to broadcasting. Please ensure they have the same size.
  return F.mse_loss(input, target, reduction=self.reduction)
/home/mburu/anaconda3/envs/TabSurvey/lib/python3.8/site-packages/torch/nn/modules/loss.py:535: UserWarning: Using a target size (torch.Size([128])) that is different to the input size (torch.Size([128, 1])). This will likely lead to incorrect results due to broadcasting. Please ensure they have the same size.
  return F.mse_loss(input, target, reduction=self.reduction)
/home/mburu/Master_Thesis/master-thesis-da/DNN_Trial/models/rtdl_models.py:479: UserWarning: To copy construct from a tensor, it is recommended to use sourceTensor.clone().detach() or sourceTensor.clone().detach().requires_grad_(True), rather than torch.tensor(sourceTensor).
  X = torch.tensor(X, dtype=torch.float32).to(self.device)
/home/mburu/anaconda3/envs/TabSurvey/lib/python3.8/site-packages/torch/nn/modules/loss.py:535: UserWarning: Using a target size (torch.Size([41])) that is different to the input size (torch.Size([41, 1])). This will likely lead to incorrect results due to broadcasting. Please ensure they have the same size.
  return F.mse_loss(input, target, reduction=self.reduction)
/home/mburu/anaconda3/envs/TabSurvey/lib/python3.8/site-packages/torch/nn/modules/loss.py:535: UserWarning: Using a target size (torch.Size([34])) that is different to the input size (torch.Size([34, 1])). This will likely lead to incorrect results due to broadcasting. Please ensure they have the same size.
  return F.mse_loss(input, target, reduction=self.reduction)
/home/mburu/anaconda3/envs/TabSurvey/lib/python3.8/site-packages/torch/nn/modules/loss.py:535: UserWarning: Using a target size (torch.Size([128])) that is different to the input size (torch.Size([128, 1])). This will likely lead to incorrect results due to broadcasting. Please ensure they have the same size.
  return F.mse_loss(input, target, reduction=self.reduction)
/home/mburu/Master_Thesis/master-thesis-da/DNN_Trial/models/rtdl_models.py:479: UserWarning: To copy construct from a tensor, it is recommended to use sourceTensor.clone().detach() or sourceTensor.clone().detach().requires_grad_(True), rather than torch.tensor(sourceTensor).
  X = torch.tensor(X, dtype=torch.float32).to(self.device)
/home/mburu/anaconda3/envs/TabSurvey/lib/python3.8/site-packages/torch/nn/modules/loss.py:535: UserWarning: Using a target size (torch.Size([41])) that is different to the input size (torch.Size([41, 1])). This will likely lead to incorrect results due to broadcasting. Please ensure they have the same size.
  return F.mse_loss(input, target, reduction=self.reduction)
/home/mburu/anaconda3/envs/TabSurvey/lib/python3.8/site-packages/torch/nn/modules/loss.py:535: UserWarning: Using a target size (torch.Size([34])) that is different to the input size (torch.Size([34, 1])). This will likely lead to incorrect results due to broadcasting. Please ensure they have the same size.
  return F.mse_loss(input, target, reduction=self.reduction)
/home/mburu/anaconda3/envs/TabSurvey/lib/python3.8/site-packages/torch/nn/modules/loss.py:535: UserWarning: Using a target size (torch.Size([128])) that is different to the input size (torch.Size([128, 1])). This will likely lead to incorrect results due to broadcasting. Please ensure they have the same size.
  return F.mse_loss(input, target, reduction=self.reduction)
/home/mburu/Master_Thesis/master-thesis-da/DNN_Trial/models/rtdl_models.py:479: UserWarning: To copy construct from a tensor, it is recommended to use sourceTensor.clone().detach() or sourceTensor.clone().detach().requires_grad_(True), rather than torch.tensor(sourceTensor).
  X = torch.tensor(X, dtype=torch.float32).to(self.device)
/home/mburu/anaconda3/envs/TabSurvey/lib/python3.8/site-packages/torch/nn/modules/loss.py:535: UserWarning: Using a target size (torch.Size([40])) that is different to the input size (torch.Size([40, 1])). This will likely lead to incorrect results due to broadcasting. Please ensure they have the same size.
  return F.mse_loss(input, target, reduction=self.reduction)
/home/mburu/anaconda3/envs/TabSurvey/lib/python3.8/site-packages/torch/nn/modules/loss.py:535: UserWarning: Using a target size (torch.Size([35])) that is different to the input size (torch.Size([35, 1])). This will likely lead to incorrect results due to broadcasting. Please ensure they have the same size.
  return F.mse_loss(input, target, reduction=self.reduction)
/home/mburu/anaconda3/envs/TabSurvey/lib/python3.8/site-packages/torch/nn/modules/loss.py:535: UserWarning: Using a target size (torch.Size([128])) that is different to the input size (torch.Size([128, 1])). This will likely lead to incorrect results due to broadcasting. Please ensure they have the same size.
  return F.mse_loss(input, target, reduction=self.reduction)
/home/mburu/Master_Thesis/master-thesis-da/DNN_Trial/models/rtdl_models.py:479: UserWarning: To copy construct from a tensor, it is recommended to use sourceTensor.clone().detach() or sourceTensor.clone().detach().requires_grad_(True), rather than torch.tensor(sourceTensor).
  X = torch.tensor(X, dtype=torch.float32).to(self.device)
/home/mburu/anaconda3/envs/TabSurvey/lib/python3.8/site-packages/torch/nn/modules/loss.py:535: UserWarning: Using a target size (torch.Size([40])) that is different to the input size (torch.Size([40, 1])). This will likely lead to incorrect results due to broadcasting. Please ensure they have the same size.
  return F.mse_loss(input, target, reduction=self.reduction)
/home/mburu/anaconda3/envs/TabSurvey/lib/python3.8/site-packages/torch/nn/modules/loss.py:535: UserWarning: Using a target size (torch.Size([35])) that is different to the input size (torch.Size([35, 1])). This will likely lead to incorrect results due to broadcasting. Please ensure they have the same size.
  return F.mse_loss(input, target, reduction=self.reduction)
[I 2025-05-11 02:52:37,839] Trial 2 finished with value: 502.2135946897498 and parameters: {'learning_rate': 2.8373690079862493e-05, 'weight_decay': 0.0012464287571189957}. Best is trial 1 with value: 349.8670395108109.
/home/mburu/anaconda3/envs/TabSurvey/lib/python3.8/site-packages/torch/nn/modules/loss.py:535: UserWarning: Using a target size (torch.Size([128])) that is different to the input size (torch.Size([128, 1])). This will likely lead to incorrect results due to broadcasting. Please ensure they have the same size.
  return F.mse_loss(input, target, reduction=self.reduction)
/home/mburu/Master_Thesis/master-thesis-da/DNN_Trial/models/rtdl_models.py:479: UserWarning: To copy construct from a tensor, it is recommended to use sourceTensor.clone().detach() or sourceTensor.clone().detach().requires_grad_(True), rather than torch.tensor(sourceTensor).
  X = torch.tensor(X, dtype=torch.float32).to(self.device)
/home/mburu/anaconda3/envs/TabSurvey/lib/python3.8/site-packages/torch/nn/modules/loss.py:535: UserWarning: Using a target size (torch.Size([41])) that is different to the input size (torch.Size([41, 1])). This will likely lead to incorrect results due to broadcasting. Please ensure they have the same size.
  return F.mse_loss(input, target, reduction=self.reduction)
/home/mburu/anaconda3/envs/TabSurvey/lib/python3.8/site-packages/torch/nn/modules/loss.py:535: UserWarning: Using a target size (torch.Size([34])) that is different to the input size (torch.Size([34, 1])). This will likely lead to incorrect results due to broadcasting. Please ensure they have the same size.
  return F.mse_loss(input, target, reduction=self.reduction)
/home/mburu/anaconda3/envs/TabSurvey/lib/python3.8/site-packages/torch/nn/modules/loss.py:535: UserWarning: Using a target size (torch.Size([128])) that is different to the input size (torch.Size([128, 1])). This will likely lead to incorrect results due to broadcasting. Please ensure they have the same size.
  return F.mse_loss(input, target, reduction=self.reduction)
/home/mburu/Master_Thesis/master-thesis-da/DNN_Trial/models/rtdl_models.py:479: UserWarning: To copy construct from a tensor, it is recommended to use sourceTensor.clone().detach() or sourceTensor.clone().detach().requires_grad_(True), rather than torch.tensor(sourceTensor).
  X = torch.tensor(X, dtype=torch.float32).to(self.device)
/home/mburu/anaconda3/envs/TabSurvey/lib/python3.8/site-packages/torch/nn/modules/loss.py:535: UserWarning: Using a target size (torch.Size([41])) that is different to the input size (torch.Size([41, 1])). This will likely lead to incorrect results due to broadcasting. Please ensure they have the same size.
  return F.mse_loss(input, target, reduction=self.reduction)
/home/mburu/anaconda3/envs/TabSurvey/lib/python3.8/site-packages/torch/nn/modules/loss.py:535: UserWarning: Using a target size (torch.Size([34])) that is different to the input size (torch.Size([34, 1])). This will likely lead to incorrect results due to broadcasting. Please ensure they have the same size.
  return F.mse_loss(input, target, reduction=self.reduction)
/home/mburu/anaconda3/envs/TabSurvey/lib/python3.8/site-packages/torch/nn/modules/loss.py:535: UserWarning: Using a target size (torch.Size([128])) that is different to the input size (torch.Size([128, 1])). This will likely lead to incorrect results due to broadcasting. Please ensure they have the same size.
  return F.mse_loss(input, target, reduction=self.reduction)
/home/mburu/Master_Thesis/master-thesis-da/DNN_Trial/models/rtdl_models.py:479: UserWarning: To copy construct from a tensor, it is recommended to use sourceTensor.clone().detach() or sourceTensor.clone().detach().requires_grad_(True), rather than torch.tensor(sourceTensor).
  X = torch.tensor(X, dtype=torch.float32).to(self.device)
/home/mburu/anaconda3/envs/TabSurvey/lib/python3.8/site-packages/torch/nn/modules/loss.py:535: UserWarning: Using a target size (torch.Size([41])) that is different to the input size (torch.Size([41, 1])). This will likely lead to incorrect results due to broadcasting. Please ensure they have the same size.
  return F.mse_loss(input, target, reduction=self.reduction)
/home/mburu/anaconda3/envs/TabSurvey/lib/python3.8/site-packages/torch/nn/modules/loss.py:535: UserWarning: Using a target size (torch.Size([34])) that is different to the input size (torch.Size([34, 1])). This will likely lead to incorrect results due to broadcasting. Please ensure they have the same size.
  return F.mse_loss(input, target, reduction=self.reduction)
/home/mburu/anaconda3/envs/TabSurvey/lib/python3.8/site-packages/torch/nn/modules/loss.py:535: UserWarning: Using a target size (torch.Size([128])) that is different to the input size (torch.Size([128, 1])). This will likely lead to incorrect results due to broadcasting. Please ensure they have the same size.
  return F.mse_loss(input, target, reduction=self.reduction)
/home/mburu/Master_Thesis/master-thesis-da/DNN_Trial/models/rtdl_models.py:479: UserWarning: To copy construct from a tensor, it is recommended to use sourceTensor.clone().detach() or sourceTensor.clone().detach().requires_grad_(True), rather than torch.tensor(sourceTensor).
  X = torch.tensor(X, dtype=torch.float32).to(self.device)
/home/mburu/anaconda3/envs/TabSurvey/lib/python3.8/site-packages/torch/nn/modules/loss.py:535: UserWarning: Using a target size (torch.Size([40])) that is different to the input size (torch.Size([40, 1])). This will likely lead to incorrect results due to broadcasting. Please ensure they have the same size.
  return F.mse_loss(input, target, reduction=self.reduction)
/home/mburu/anaconda3/envs/TabSurvey/lib/python3.8/site-packages/torch/nn/modules/loss.py:535: UserWarning: Using a target size (torch.Size([35])) that is different to the input size (torch.Size([35, 1])). This will likely lead to incorrect results due to broadcasting. Please ensure they have the same size.
  return F.mse_loss(input, target, reduction=self.reduction)
/home/mburu/anaconda3/envs/TabSurvey/lib/python3.8/site-packages/torch/nn/modules/loss.py:535: UserWarning: Using a target size (torch.Size([128])) that is different to the input size (torch.Size([128, 1])). This will likely lead to incorrect results due to broadcasting. Please ensure they have the same size.
  return F.mse_loss(input, target, reduction=self.reduction)
/home/mburu/Master_Thesis/master-thesis-da/DNN_Trial/models/rtdl_models.py:479: UserWarning: To copy construct from a tensor, it is recommended to use sourceTensor.clone().detach() or sourceTensor.clone().detach().requires_grad_(True), rather than torch.tensor(sourceTensor).
  X = torch.tensor(X, dtype=torch.float32).to(self.device)
/home/mburu/anaconda3/envs/TabSurvey/lib/python3.8/site-packages/torch/nn/modules/loss.py:535: UserWarning: Using a target size (torch.Size([40])) that is different to the input size (torch.Size([40, 1])). This will likely lead to incorrect results due to broadcasting. Please ensure they have the same size.
  return F.mse_loss(input, target, reduction=self.reduction)
/home/mburu/anaconda3/envs/TabSurvey/lib/python3.8/site-packages/torch/nn/modules/loss.py:535: UserWarning: Using a target size (torch.Size([35])) that is different to the input size (torch.Size([35, 1])). This will likely lead to incorrect results due to broadcasting. Please ensure they have the same size.
  return F.mse_loss(input, target, reduction=self.reduction)
[I 2025-05-11 02:52:38,176] Trial 3 finished with value: 407.68751387132147 and parameters: {'learning_rate': 0.0005430087814787715, 'weight_decay': 0.002201446403217309}. Best is trial 1 with value: 349.8670395108109.
/home/mburu/anaconda3/envs/TabSurvey/lib/python3.8/site-packages/torch/nn/modules/loss.py:535: UserWarning: Using a target size (torch.Size([128])) that is different to the input size (torch.Size([128, 1])). This will likely lead to incorrect results due to broadcasting. Please ensure they have the same size.
  return F.mse_loss(input, target, reduction=self.reduction)
/home/mburu/Master_Thesis/master-thesis-da/DNN_Trial/models/rtdl_models.py:479: UserWarning: To copy construct from a tensor, it is recommended to use sourceTensor.clone().detach() or sourceTensor.clone().detach().requires_grad_(True), rather than torch.tensor(sourceTensor).
  X = torch.tensor(X, dtype=torch.float32).to(self.device)
/home/mburu/anaconda3/envs/TabSurvey/lib/python3.8/site-packages/torch/nn/modules/loss.py:535: UserWarning: Using a target size (torch.Size([41])) that is different to the input size (torch.Size([41, 1])). This will likely lead to incorrect results due to broadcasting. Please ensure they have the same size.
  return F.mse_loss(input, target, reduction=self.reduction)
/home/mburu/anaconda3/envs/TabSurvey/lib/python3.8/site-packages/torch/nn/modules/loss.py:535: UserWarning: Using a target size (torch.Size([34])) that is different to the input size (torch.Size([34, 1])). This will likely lead to incorrect results due to broadcasting. Please ensure they have the same size.
  return F.mse_loss(input, target, reduction=self.reduction)
/home/mburu/anaconda3/envs/TabSurvey/lib/python3.8/site-packages/torch/nn/modules/loss.py:535: UserWarning: Using a target size (torch.Size([128])) that is different to the input size (torch.Size([128, 1])). This will likely lead to incorrect results due to broadcasting. Please ensure they have the same size.
  return F.mse_loss(input, target, reduction=self.reduction)
/home/mburu/Master_Thesis/master-thesis-da/DNN_Trial/models/rtdl_models.py:479: UserWarning: To copy construct from a tensor, it is recommended to use sourceTensor.clone().detach() or sourceTensor.clone().detach().requires_grad_(True), rather than torch.tensor(sourceTensor).
  X = torch.tensor(X, dtype=torch.float32).to(self.device)
/home/mburu/anaconda3/envs/TabSurvey/lib/python3.8/site-packages/torch/nn/modules/loss.py:535: UserWarning: Using a target size (torch.Size([41])) that is different to the input size (torch.Size([41, 1])). This will likely lead to incorrect results due to broadcasting. Please ensure they have the same size.
  return F.mse_loss(input, target, reduction=self.reduction)
/home/mburu/anaconda3/envs/TabSurvey/lib/python3.8/site-packages/torch/nn/modules/loss.py:535: UserWarning: Using a target size (torch.Size([34])) that is different to the input size (torch.Size([34, 1])). This will likely lead to incorrect results due to broadcasting. Please ensure they have the same size.
  return F.mse_loss(input, target, reduction=self.reduction)
/home/mburu/anaconda3/envs/TabSurvey/lib/python3.8/site-packages/torch/nn/modules/loss.py:535: UserWarning: Using a target size (torch.Size([128])) that is different to the input size (torch.Size([128, 1])). This will likely lead to incorrect results due to broadcasting. Please ensure they have the same size.
  return F.mse_loss(input, target, reduction=self.reduction)
/home/mburu/Master_Thesis/master-thesis-da/DNN_Trial/models/rtdl_models.py:479: UserWarning: To copy construct from a tensor, it is recommended to use sourceTensor.clone().detach() or sourceTensor.clone().detach().requires_grad_(True), rather than torch.tensor(sourceTensor).
  X = torch.tensor(X, dtype=torch.float32).to(self.device)
/home/mburu/anaconda3/envs/TabSurvey/lib/python3.8/site-packages/torch/nn/modules/loss.py:535: UserWarning: Using a target size (torch.Size([41])) that is different to the input size (torch.Size([41, 1])). This will likely lead to incorrect results due to broadcasting. Please ensure they have the same size.
  return F.mse_loss(input, target, reduction=self.reduction)
/home/mburu/anaconda3/envs/TabSurvey/lib/python3.8/site-packages/torch/nn/modules/loss.py:535: UserWarning: Using a target size (torch.Size([34])) that is different to the input size (torch.Size([34, 1])). This will likely lead to incorrect results due to broadcasting. Please ensure they have the same size.
  return F.mse_loss(input, target, reduction=self.reduction)
/home/mburu/anaconda3/envs/TabSurvey/lib/python3.8/site-packages/torch/nn/modules/loss.py:535: UserWarning: Using a target size (torch.Size([128])) that is different to the input size (torch.Size([128, 1])). This will likely lead to incorrect results due to broadcasting. Please ensure they have the same size.
  return F.mse_loss(input, target, reduction=self.reduction)
/home/mburu/Master_Thesis/master-thesis-da/DNN_Trial/models/rtdl_models.py:479: UserWarning: To copy construct from a tensor, it is recommended to use sourceTensor.clone().detach() or sourceTensor.clone().detach().requires_grad_(True), rather than torch.tensor(sourceTensor).
  X = torch.tensor(X, dtype=torch.float32).to(self.device)
/home/mburu/anaconda3/envs/TabSurvey/lib/python3.8/site-packages/torch/nn/modules/loss.py:535: UserWarning: Using a target size (torch.Size([40])) that is different to the input size (torch.Size([40, 1])). This will likely lead to incorrect results due to broadcasting. Please ensure they have the same size.
  return F.mse_loss(input, target, reduction=self.reduction)
/home/mburu/anaconda3/envs/TabSurvey/lib/python3.8/site-packages/torch/nn/modules/loss.py:535: UserWarning: Using a target size (torch.Size([35])) that is different to the input size (torch.Size([35, 1])). This will likely lead to incorrect results due to broadcasting. Please ensure they have the same size.
  return F.mse_loss(input, target, reduction=self.reduction)
/home/mburu/anaconda3/envs/TabSurvey/lib/python3.8/site-packages/torch/nn/modules/loss.py:535: UserWarning: Using a target size (torch.Size([128])) that is different to the input size (torch.Size([128, 1])). This will likely lead to incorrect results due to broadcasting. Please ensure they have the same size.
  return F.mse_loss(input, target, reduction=self.reduction)
/home/mburu/Master_Thesis/master-thesis-da/DNN_Trial/models/rtdl_models.py:479: UserWarning: To copy construct from a tensor, it is recommended to use sourceTensor.clone().detach() or sourceTensor.clone().detach().requires_grad_(True), rather than torch.tensor(sourceTensor).
  X = torch.tensor(X, dtype=torch.float32).to(self.device)
/home/mburu/anaconda3/envs/TabSurvey/lib/python3.8/site-packages/torch/nn/modules/loss.py:535: UserWarning: Using a target size (torch.Size([40])) that is different to the input size (torch.Size([40, 1])). This will likely lead to incorrect results due to broadcasting. Please ensure they have the same size.
  return F.mse_loss(input, target, reduction=self.reduction)
/home/mburu/anaconda3/envs/TabSurvey/lib/python3.8/site-packages/torch/nn/modules/loss.py:535: UserWarning: Using a target size (torch.Size([35])) that is different to the input size (torch.Size([35, 1])). This will likely lead to incorrect results due to broadcasting. Please ensure they have the same size.
  return F.mse_loss(input, target, reduction=self.reduction)
[I 2025-05-11 02:52:38,466] Trial 4 finished with value: 371.3274649305195 and parameters: {'learning_rate': 0.0039524506801444075, 'weight_decay': 0.0003732969282152894}. Best is trial 1 with value: 349.8670395108109.
/home/mburu/anaconda3/envs/TabSurvey/lib/python3.8/site-packages/torch/nn/modules/loss.py:535: UserWarning: Using a target size (torch.Size([128])) that is different to the input size (torch.Size([128, 1])). This will likely lead to incorrect results due to broadcasting. Please ensure they have the same size.
  return F.mse_loss(input, target, reduction=self.reduction)
/home/mburu/Master_Thesis/master-thesis-da/DNN_Trial/models/rtdl_models.py:479: UserWarning: To copy construct from a tensor, it is recommended to use sourceTensor.clone().detach() or sourceTensor.clone().detach().requires_grad_(True), rather than torch.tensor(sourceTensor).
  X = torch.tensor(X, dtype=torch.float32).to(self.device)
/home/mburu/anaconda3/envs/TabSurvey/lib/python3.8/site-packages/torch/nn/modules/loss.py:535: UserWarning: Using a target size (torch.Size([50])) that is different to the input size (torch.Size([50, 1])). This will likely lead to incorrect results due to broadcasting. Please ensure they have the same size.
  return F.mse_loss(input, target, reduction=self.reduction)
/home/mburu/anaconda3/envs/TabSurvey/lib/python3.8/site-packages/torch/nn/modules/loss.py:535: UserWarning: Using a target size (torch.Size([75])) that is different to the input size (torch.Size([75, 1])). This will likely lead to incorrect results due to broadcasting. Please ensure they have the same size.
  return F.mse_loss(input, target, reduction=self.reduction)
[I 2025-05-11 02:52:42,631] A new study created in memory with name: FTTransformer_Socmob_outer1
/home/mburu/anaconda3/envs/TabSurvey/lib/python3.8/site-packages/torch/nn/modules/loss.py:535: UserWarning: Using a target size (torch.Size([128])) that is different to the input size (torch.Size([128, 1])). This will likely lead to incorrect results due to broadcasting. Please ensure they have the same size.
  return F.mse_loss(input, target, reduction=self.reduction)
/home/mburu/Master_Thesis/master-thesis-da/DNN_Trial/models/rtdl_models.py:479: UserWarning: To copy construct from a tensor, it is recommended to use sourceTensor.clone().detach() or sourceTensor.clone().detach().requires_grad_(True), rather than torch.tensor(sourceTensor).
  X = torch.tensor(X, dtype=torch.float32).to(self.device)
/home/mburu/anaconda3/envs/TabSurvey/lib/python3.8/site-packages/torch/nn/modules/loss.py:535: UserWarning: Using a target size (torch.Size([93])) that is different to the input size (torch.Size([93, 1])). This will likely lead to incorrect results due to broadcasting. Please ensure they have the same size.
  return F.mse_loss(input, target, reduction=self.reduction)
/home/mburu/anaconda3/envs/TabSurvey/lib/python3.8/site-packages/torch/nn/modules/loss.py:535: UserWarning: Using a target size (torch.Size([113])) that is different to the input size (torch.Size([113, 1])). This will likely lead to incorrect results due to broadcasting. Please ensure they have the same size.
  return F.mse_loss(input, target, reduction=self.reduction)
/home/mburu/anaconda3/envs/TabSurvey/lib/python3.8/site-packages/torch/nn/modules/loss.py:535: UserWarning: Using a target size (torch.Size([128])) that is different to the input size (torch.Size([128, 1])). This will likely lead to incorrect results due to broadcasting. Please ensure they have the same size.
  return F.mse_loss(input, target, reduction=self.reduction)
/home/mburu/Master_Thesis/master-thesis-da/DNN_Trial/models/rtdl_models.py:479: UserWarning: To copy construct from a tensor, it is recommended to use sourceTensor.clone().detach() or sourceTensor.clone().detach().requires_grad_(True), rather than torch.tensor(sourceTensor).
  X = torch.tensor(X, dtype=torch.float32).to(self.device)
/home/mburu/anaconda3/envs/TabSurvey/lib/python3.8/site-packages/torch/nn/modules/loss.py:535: UserWarning: Using a target size (torch.Size([93])) that is different to the input size (torch.Size([93, 1])). This will likely lead to incorrect results due to broadcasting. Please ensure they have the same size.
  return F.mse_loss(input, target, reduction=self.reduction)
/home/mburu/anaconda3/envs/TabSurvey/lib/python3.8/site-packages/torch/nn/modules/loss.py:535: UserWarning: Using a target size (torch.Size([113])) that is different to the input size (torch.Size([113, 1])). This will likely lead to incorrect results due to broadcasting. Please ensure they have the same size.
  return F.mse_loss(input, target, reduction=self.reduction)
/home/mburu/anaconda3/envs/TabSurvey/lib/python3.8/site-packages/torch/nn/modules/loss.py:535: UserWarning: Using a target size (torch.Size([128])) that is different to the input size (torch.Size([128, 1])). This will likely lead to incorrect results due to broadcasting. Please ensure they have the same size.
  return F.mse_loss(input, target, reduction=self.reduction)
/home/mburu/Master_Thesis/master-thesis-da/DNN_Trial/models/rtdl_models.py:479: UserWarning: To copy construct from a tensor, it is recommended to use sourceTensor.clone().detach() or sourceTensor.clone().detach().requires_grad_(True), rather than torch.tensor(sourceTensor).
  X = torch.tensor(X, dtype=torch.float32).to(self.device)
/home/mburu/anaconda3/envs/TabSurvey/lib/python3.8/site-packages/torch/nn/modules/loss.py:535: UserWarning: Using a target size (torch.Size([92])) that is different to the input size (torch.Size([92, 1])). This will likely lead to incorrect results due to broadcasting. Please ensure they have the same size.
  return F.mse_loss(input, target, reduction=self.reduction)
/home/mburu/anaconda3/envs/TabSurvey/lib/python3.8/site-packages/torch/nn/modules/loss.py:535: UserWarning: Using a target size (torch.Size([114])) that is different to the input size (torch.Size([114, 1])). This will likely lead to incorrect results due to broadcasting. Please ensure they have the same size.
  return F.mse_loss(input, target, reduction=self.reduction)
/home/mburu/anaconda3/envs/TabSurvey/lib/python3.8/site-packages/torch/nn/modules/loss.py:535: UserWarning: Using a target size (torch.Size([128])) that is different to the input size (torch.Size([128, 1])). This will likely lead to incorrect results due to broadcasting. Please ensure they have the same size.
  return F.mse_loss(input, target, reduction=self.reduction)
/home/mburu/Master_Thesis/master-thesis-da/DNN_Trial/models/rtdl_models.py:479: UserWarning: To copy construct from a tensor, it is recommended to use sourceTensor.clone().detach() or sourceTensor.clone().detach().requires_grad_(True), rather than torch.tensor(sourceTensor).
  X = torch.tensor(X, dtype=torch.float32).to(self.device)
/home/mburu/anaconda3/envs/TabSurvey/lib/python3.8/site-packages/torch/nn/modules/loss.py:535: UserWarning: Using a target size (torch.Size([92])) that is different to the input size (torch.Size([92, 1])). This will likely lead to incorrect results due to broadcasting. Please ensure they have the same size.
  return F.mse_loss(input, target, reduction=self.reduction)
/home/mburu/anaconda3/envs/TabSurvey/lib/python3.8/site-packages/torch/nn/modules/loss.py:535: UserWarning: Using a target size (torch.Size([114])) that is different to the input size (torch.Size([114, 1])). This will likely lead to incorrect results due to broadcasting. Please ensure they have the same size.
  return F.mse_loss(input, target, reduction=self.reduction)
/home/mburu/anaconda3/envs/TabSurvey/lib/python3.8/site-packages/torch/nn/modules/loss.py:535: UserWarning: Using a target size (torch.Size([128])) that is different to the input size (torch.Size([128, 1])). This will likely lead to incorrect results due to broadcasting. Please ensure they have the same size.
  return F.mse_loss(input, target, reduction=self.reduction)
/home/mburu/Master_Thesis/master-thesis-da/DNN_Trial/models/rtdl_models.py:479: UserWarning: To copy construct from a tensor, it is recommended to use sourceTensor.clone().detach() or sourceTensor.clone().detach().requires_grad_(True), rather than torch.tensor(sourceTensor).
  X = torch.tensor(X, dtype=torch.float32).to(self.device)
/home/mburu/anaconda3/envs/TabSurvey/lib/python3.8/site-packages/torch/nn/modules/loss.py:535: UserWarning: Using a target size (torch.Size([92])) that is different to the input size (torch.Size([92, 1])). This will likely lead to incorrect results due to broadcasting. Please ensure they have the same size.
  return F.mse_loss(input, target, reduction=self.reduction)
/home/mburu/anaconda3/envs/TabSurvey/lib/python3.8/site-packages/torch/nn/modules/loss.py:535: UserWarning: Using a target size (torch.Size([114])) that is different to the input size (torch.Size([114, 1])). This will likely lead to incorrect results due to broadcasting. Please ensure they have the same size.
  return F.mse_loss(input, target, reduction=self.reduction)
[I 2025-05-11 02:52:44,530] Trial 0 finished with value: 1537.2780554599403 and parameters: {'learning_rate': 0.0001963141155810923, 'weight_decay': 0.0007151629878148332}. Best is trial 0 with value: 1537.2780554599403.
/home/mburu/anaconda3/envs/TabSurvey/lib/python3.8/site-packages/torch/nn/modules/loss.py:535: UserWarning: Using a target size (torch.Size([128])) that is different to the input size (torch.Size([128, 1])). This will likely lead to incorrect results due to broadcasting. Please ensure they have the same size.
  return F.mse_loss(input, target, reduction=self.reduction)
/home/mburu/Master_Thesis/master-thesis-da/DNN_Trial/models/rtdl_models.py:479: UserWarning: To copy construct from a tensor, it is recommended to use sourceTensor.clone().detach() or sourceTensor.clone().detach().requires_grad_(True), rather than torch.tensor(sourceTensor).
  X = torch.tensor(X, dtype=torch.float32).to(self.device)
/home/mburu/anaconda3/envs/TabSurvey/lib/python3.8/site-packages/torch/nn/modules/loss.py:535: UserWarning: Using a target size (torch.Size([93])) that is different to the input size (torch.Size([93, 1])). This will likely lead to incorrect results due to broadcasting. Please ensure they have the same size.
  return F.mse_loss(input, target, reduction=self.reduction)
/home/mburu/anaconda3/envs/TabSurvey/lib/python3.8/site-packages/torch/nn/modules/loss.py:535: UserWarning: Using a target size (torch.Size([113])) that is different to the input size (torch.Size([113, 1])). This will likely lead to incorrect results due to broadcasting. Please ensure they have the same size.
  return F.mse_loss(input, target, reduction=self.reduction)
/home/mburu/anaconda3/envs/TabSurvey/lib/python3.8/site-packages/torch/nn/modules/loss.py:535: UserWarning: Using a target size (torch.Size([128])) that is different to the input size (torch.Size([128, 1])). This will likely lead to incorrect results due to broadcasting. Please ensure they have the same size.
  return F.mse_loss(input, target, reduction=self.reduction)
/home/mburu/Master_Thesis/master-thesis-da/DNN_Trial/models/rtdl_models.py:479: UserWarning: To copy construct from a tensor, it is recommended to use sourceTensor.clone().detach() or sourceTensor.clone().detach().requires_grad_(True), rather than torch.tensor(sourceTensor).
  X = torch.tensor(X, dtype=torch.float32).to(self.device)
/home/mburu/anaconda3/envs/TabSurvey/lib/python3.8/site-packages/torch/nn/modules/loss.py:535: UserWarning: Using a target size (torch.Size([93])) that is different to the input size (torch.Size([93, 1])). This will likely lead to incorrect results due to broadcasting. Please ensure they have the same size.
  return F.mse_loss(input, target, reduction=self.reduction)
/home/mburu/anaconda3/envs/TabSurvey/lib/python3.8/site-packages/torch/nn/modules/loss.py:535: UserWarning: Using a target size (torch.Size([113])) that is different to the input size (torch.Size([113, 1])). This will likely lead to incorrect results due to broadcasting. Please ensure they have the same size.
  return F.mse_loss(input, target, reduction=self.reduction)
/home/mburu/anaconda3/envs/TabSurvey/lib/python3.8/site-packages/torch/nn/modules/loss.py:535: UserWarning: Using a target size (torch.Size([128])) that is different to the input size (torch.Size([128, 1])). This will likely lead to incorrect results due to broadcasting. Please ensure they have the same size.
  return F.mse_loss(input, target, reduction=self.reduction)
/home/mburu/Master_Thesis/master-thesis-da/DNN_Trial/models/rtdl_models.py:479: UserWarning: To copy construct from a tensor, it is recommended to use sourceTensor.clone().detach() or sourceTensor.clone().detach().requires_grad_(True), rather than torch.tensor(sourceTensor).
  X = torch.tensor(X, dtype=torch.float32).to(self.device)
/home/mburu/anaconda3/envs/TabSurvey/lib/python3.8/site-packages/torch/nn/modules/loss.py:535: UserWarning: Using a target size (torch.Size([92])) that is different to the input size (torch.Size([92, 1])). This will likely lead to incorrect results due to broadcasting. Please ensure they have the same size.
  return F.mse_loss(input, target, reduction=self.reduction)
/home/mburu/anaconda3/envs/TabSurvey/lib/python3.8/site-packages/torch/nn/modules/loss.py:535: UserWarning: Using a target size (torch.Size([114])) that is different to the input size (torch.Size([114, 1])). This will likely lead to incorrect results due to broadcasting. Please ensure they have the same size.
  return F.mse_loss(input, target, reduction=self.reduction)
/home/mburu/anaconda3/envs/TabSurvey/lib/python3.8/site-packages/torch/nn/modules/loss.py:535: UserWarning: Using a target size (torch.Size([128])) that is different to the input size (torch.Size([128, 1])). This will likely lead to incorrect results due to broadcasting. Please ensure they have the same size.
  return F.mse_loss(input, target, reduction=self.reduction)
/home/mburu/Master_Thesis/master-thesis-da/DNN_Trial/models/rtdl_models.py:479: UserWarning: To copy construct from a tensor, it is recommended to use sourceTensor.clone().detach() or sourceTensor.clone().detach().requires_grad_(True), rather than torch.tensor(sourceTensor).
  X = torch.tensor(X, dtype=torch.float32).to(self.device)
/home/mburu/anaconda3/envs/TabSurvey/lib/python3.8/site-packages/torch/nn/modules/loss.py:535: UserWarning: Using a target size (torch.Size([92])) that is different to the input size (torch.Size([92, 1])). This will likely lead to incorrect results due to broadcasting. Please ensure they have the same size.
  return F.mse_loss(input, target, reduction=self.reduction)
/home/mburu/anaconda3/envs/TabSurvey/lib/python3.8/site-packages/torch/nn/modules/loss.py:535: UserWarning: Using a target size (torch.Size([114])) that is different to the input size (torch.Size([114, 1])). This will likely lead to incorrect results due to broadcasting. Please ensure they have the same size.
  return F.mse_loss(input, target, reduction=self.reduction)
/home/mburu/anaconda3/envs/TabSurvey/lib/python3.8/site-packages/torch/nn/modules/loss.py:535: UserWarning: Using a target size (torch.Size([128])) that is different to the input size (torch.Size([128, 1])). This will likely lead to incorrect results due to broadcasting. Please ensure they have the same size.
  return F.mse_loss(input, target, reduction=self.reduction)
/home/mburu/Master_Thesis/master-thesis-da/DNN_Trial/models/rtdl_models.py:479: UserWarning: To copy construct from a tensor, it is recommended to use sourceTensor.clone().detach() or sourceTensor.clone().detach().requires_grad_(True), rather than torch.tensor(sourceTensor).
  X = torch.tensor(X, dtype=torch.float32).to(self.device)
/home/mburu/anaconda3/envs/TabSurvey/lib/python3.8/site-packages/torch/nn/modules/loss.py:535: UserWarning: Using a target size (torch.Size([92])) that is different to the input size (torch.Size([92, 1])). This will likely lead to incorrect results due to broadcasting. Please ensure they have the same size.
  return F.mse_loss(input, target, reduction=self.reduction)
/home/mburu/anaconda3/envs/TabSurvey/lib/python3.8/site-packages/torch/nn/modules/loss.py:535: UserWarning: Using a target size (torch.Size([114])) that is different to the input size (torch.Size([114, 1])). This will likely lead to incorrect results due to broadcasting. Please ensure they have the same size.
  return F.mse_loss(input, target, reduction=self.reduction)
[I 2025-05-11 02:52:45,054] Trial 1 finished with value: 1562.1715378052181 and parameters: {'learning_rate': 8.33615998086735e-05, 'weight_decay': 2.3779523454601446e-05}. Best is trial 0 with value: 1537.2780554599403.
/home/mburu/anaconda3/envs/TabSurvey/lib/python3.8/site-packages/torch/nn/modules/loss.py:535: UserWarning: Using a target size (torch.Size([128])) that is different to the input size (torch.Size([128, 1])). This will likely lead to incorrect results due to broadcasting. Please ensure they have the same size.
  return F.mse_loss(input, target, reduction=self.reduction)
/home/mburu/Master_Thesis/master-thesis-da/DNN_Trial/models/rtdl_models.py:479: UserWarning: To copy construct from a tensor, it is recommended to use sourceTensor.clone().detach() or sourceTensor.clone().detach().requires_grad_(True), rather than torch.tensor(sourceTensor).
  X = torch.tensor(X, dtype=torch.float32).to(self.device)
/home/mburu/anaconda3/envs/TabSurvey/lib/python3.8/site-packages/torch/nn/modules/loss.py:535: UserWarning: Using a target size (torch.Size([93])) that is different to the input size (torch.Size([93, 1])). This will likely lead to incorrect results due to broadcasting. Please ensure they have the same size.
  return F.mse_loss(input, target, reduction=self.reduction)
/home/mburu/anaconda3/envs/TabSurvey/lib/python3.8/site-packages/torch/nn/modules/loss.py:535: UserWarning: Using a target size (torch.Size([113])) that is different to the input size (torch.Size([113, 1])). This will likely lead to incorrect results due to broadcasting. Please ensure they have the same size.
  return F.mse_loss(input, target, reduction=self.reduction)
/home/mburu/anaconda3/envs/TabSurvey/lib/python3.8/site-packages/torch/nn/modules/loss.py:535: UserWarning: Using a target size (torch.Size([128])) that is different to the input size (torch.Size([128, 1])). This will likely lead to incorrect results due to broadcasting. Please ensure they have the same size.
  return F.mse_loss(input, target, reduction=self.reduction)
/home/mburu/Master_Thesis/master-thesis-da/DNN_Trial/models/rtdl_models.py:479: UserWarning: To copy construct from a tensor, it is recommended to use sourceTensor.clone().detach() or sourceTensor.clone().detach().requires_grad_(True), rather than torch.tensor(sourceTensor).
  X = torch.tensor(X, dtype=torch.float32).to(self.device)
/home/mburu/anaconda3/envs/TabSurvey/lib/python3.8/site-packages/torch/nn/modules/loss.py:535: UserWarning: Using a target size (torch.Size([93])) that is different to the input size (torch.Size([93, 1])). This will likely lead to incorrect results due to broadcasting. Please ensure they have the same size.
  return F.mse_loss(input, target, reduction=self.reduction)
/home/mburu/anaconda3/envs/TabSurvey/lib/python3.8/site-packages/torch/nn/modules/loss.py:535: UserWarning: Using a target size (torch.Size([113])) that is different to the input size (torch.Size([113, 1])). This will likely lead to incorrect results due to broadcasting. Please ensure they have the same size.
  return F.mse_loss(input, target, reduction=self.reduction)
/home/mburu/anaconda3/envs/TabSurvey/lib/python3.8/site-packages/torch/nn/modules/loss.py:535: UserWarning: Using a target size (torch.Size([128])) that is different to the input size (torch.Size([128, 1])). This will likely lead to incorrect results due to broadcasting. Please ensure they have the same size.
  return F.mse_loss(input, target, reduction=self.reduction)
/home/mburu/Master_Thesis/master-thesis-da/DNN_Trial/models/rtdl_models.py:479: UserWarning: To copy construct from a tensor, it is recommended to use sourceTensor.clone().detach() or sourceTensor.clone().detach().requires_grad_(True), rather than torch.tensor(sourceTensor).
  X = torch.tensor(X, dtype=torch.float32).to(self.device)
/home/mburu/anaconda3/envs/TabSurvey/lib/python3.8/site-packages/torch/nn/modules/loss.py:535: UserWarning: Using a target size (torch.Size([92])) that is different to the input size (torch.Size([92, 1])). This will likely lead to incorrect results due to broadcasting. Please ensure they have the same size.
  return F.mse_loss(input, target, reduction=self.reduction)
/home/mburu/anaconda3/envs/TabSurvey/lib/python3.8/site-packages/torch/nn/modules/loss.py:535: UserWarning: Using a target size (torch.Size([114])) that is different to the input size (torch.Size([114, 1])). This will likely lead to incorrect results due to broadcasting. Please ensure they have the same size.
  return F.mse_loss(input, target, reduction=self.reduction)
/home/mburu/anaconda3/envs/TabSurvey/lib/python3.8/site-packages/torch/nn/modules/loss.py:535: UserWarning: Using a target size (torch.Size([128])) that is different to the input size (torch.Size([128, 1])). This will likely lead to incorrect results due to broadcasting. Please ensure they have the same size.
  return F.mse_loss(input, target, reduction=self.reduction)
/home/mburu/Master_Thesis/master-thesis-da/DNN_Trial/models/rtdl_models.py:479: UserWarning: To copy construct from a tensor, it is recommended to use sourceTensor.clone().detach() or sourceTensor.clone().detach().requires_grad_(True), rather than torch.tensor(sourceTensor).
  X = torch.tensor(X, dtype=torch.float32).to(self.device)
/home/mburu/anaconda3/envs/TabSurvey/lib/python3.8/site-packages/torch/nn/modules/loss.py:535: UserWarning: Using a target size (torch.Size([92])) that is different to the input size (torch.Size([92, 1])). This will likely lead to incorrect results due to broadcasting. Please ensure they have the same size.
  return F.mse_loss(input, target, reduction=self.reduction)
/home/mburu/anaconda3/envs/TabSurvey/lib/python3.8/site-packages/torch/nn/modules/loss.py:535: UserWarning: Using a target size (torch.Size([114])) that is different to the input size (torch.Size([114, 1])). This will likely lead to incorrect results due to broadcasting. Please ensure they have the same size.
  return F.mse_loss(input, target, reduction=self.reduction)
/home/mburu/anaconda3/envs/TabSurvey/lib/python3.8/site-packages/torch/nn/modules/loss.py:535: UserWarning: Using a target size (torch.Size([128])) that is different to the input size (torch.Size([128, 1])). This will likely lead to incorrect results due to broadcasting. Please ensure they have the same size.
  return F.mse_loss(input, target, reduction=self.reduction)
/home/mburu/Master_Thesis/master-thesis-da/DNN_Trial/models/rtdl_models.py:479: UserWarning: To copy construct from a tensor, it is recommended to use sourceTensor.clone().detach() or sourceTensor.clone().detach().requires_grad_(True), rather than torch.tensor(sourceTensor).
  X = torch.tensor(X, dtype=torch.float32).to(self.device)
/home/mburu/anaconda3/envs/TabSurvey/lib/python3.8/site-packages/torch/nn/modules/loss.py:535: UserWarning: Using a target size (torch.Size([92])) that is different to the input size (torch.Size([92, 1])). This will likely lead to incorrect results due to broadcasting. Please ensure they have the same size.
  return F.mse_loss(input, target, reduction=self.reduction)
/home/mburu/anaconda3/envs/TabSurvey/lib/python3.8/site-packages/torch/nn/modules/loss.py:535: UserWarning: Using a target size (torch.Size([114])) that is different to the input size (torch.Size([114, 1])). This will likely lead to incorrect results due to broadcasting. Please ensure they have the same size.
  return F.mse_loss(input, target, reduction=self.reduction)
[I 2025-05-11 02:52:45,597] Trial 2 finished with value: 1541.9977435627661 and parameters: {'learning_rate': 0.00013847369000151227, 'weight_decay': 1.781931335112775e-05}. Best is trial 0 with value: 1537.2780554599403.
/home/mburu/anaconda3/envs/TabSurvey/lib/python3.8/site-packages/torch/nn/modules/loss.py:535: UserWarning: Using a target size (torch.Size([128])) that is different to the input size (torch.Size([128, 1])). This will likely lead to incorrect results due to broadcasting. Please ensure they have the same size.
  return F.mse_loss(input, target, reduction=self.reduction)
/home/mburu/Master_Thesis/master-thesis-da/DNN_Trial/models/rtdl_models.py:479: UserWarning: To copy construct from a tensor, it is recommended to use sourceTensor.clone().detach() or sourceTensor.clone().detach().requires_grad_(True), rather than torch.tensor(sourceTensor).
  X = torch.tensor(X, dtype=torch.float32).to(self.device)
/home/mburu/anaconda3/envs/TabSurvey/lib/python3.8/site-packages/torch/nn/modules/loss.py:535: UserWarning: Using a target size (torch.Size([93])) that is different to the input size (torch.Size([93, 1])). This will likely lead to incorrect results due to broadcasting. Please ensure they have the same size.
  return F.mse_loss(input, target, reduction=self.reduction)
/home/mburu/anaconda3/envs/TabSurvey/lib/python3.8/site-packages/torch/nn/modules/loss.py:535: UserWarning: Using a target size (torch.Size([113])) that is different to the input size (torch.Size([113, 1])). This will likely lead to incorrect results due to broadcasting. Please ensure they have the same size.
  return F.mse_loss(input, target, reduction=self.reduction)
/home/mburu/anaconda3/envs/TabSurvey/lib/python3.8/site-packages/torch/nn/modules/loss.py:535: UserWarning: Using a target size (torch.Size([128])) that is different to the input size (torch.Size([128, 1])). This will likely lead to incorrect results due to broadcasting. Please ensure they have the same size.
  return F.mse_loss(input, target, reduction=self.reduction)
/home/mburu/Master_Thesis/master-thesis-da/DNN_Trial/models/rtdl_models.py:479: UserWarning: To copy construct from a tensor, it is recommended to use sourceTensor.clone().detach() or sourceTensor.clone().detach().requires_grad_(True), rather than torch.tensor(sourceTensor).
  X = torch.tensor(X, dtype=torch.float32).to(self.device)
/home/mburu/anaconda3/envs/TabSurvey/lib/python3.8/site-packages/torch/nn/modules/loss.py:535: UserWarning: Using a target size (torch.Size([93])) that is different to the input size (torch.Size([93, 1])). This will likely lead to incorrect results due to broadcasting. Please ensure they have the same size.
  return F.mse_loss(input, target, reduction=self.reduction)
/home/mburu/anaconda3/envs/TabSurvey/lib/python3.8/site-packages/torch/nn/modules/loss.py:535: UserWarning: Using a target size (torch.Size([113])) that is different to the input size (torch.Size([113, 1])). This will likely lead to incorrect results due to broadcasting. Please ensure they have the same size.
  return F.mse_loss(input, target, reduction=self.reduction)
/home/mburu/anaconda3/envs/TabSurvey/lib/python3.8/site-packages/torch/nn/modules/loss.py:535: UserWarning: Using a target size (torch.Size([128])) that is different to the input size (torch.Size([128, 1])). This will likely lead to incorrect results due to broadcasting. Please ensure they have the same size.
  return F.mse_loss(input, target, reduction=self.reduction)
/home/mburu/Master_Thesis/master-thesis-da/DNN_Trial/models/rtdl_models.py:479: UserWarning: To copy construct from a tensor, it is recommended to use sourceTensor.clone().detach() or sourceTensor.clone().detach().requires_grad_(True), rather than torch.tensor(sourceTensor).
  X = torch.tensor(X, dtype=torch.float32).to(self.device)
/home/mburu/anaconda3/envs/TabSurvey/lib/python3.8/site-packages/torch/nn/modules/loss.py:535: UserWarning: Using a target size (torch.Size([92])) that is different to the input size (torch.Size([92, 1])). This will likely lead to incorrect results due to broadcasting. Please ensure they have the same size.
  return F.mse_loss(input, target, reduction=self.reduction)
/home/mburu/anaconda3/envs/TabSurvey/lib/python3.8/site-packages/torch/nn/modules/loss.py:535: UserWarning: Using a target size (torch.Size([114])) that is different to the input size (torch.Size([114, 1])). This will likely lead to incorrect results due to broadcasting. Please ensure they have the same size.
  return F.mse_loss(input, target, reduction=self.reduction)
/home/mburu/anaconda3/envs/TabSurvey/lib/python3.8/site-packages/torch/nn/modules/loss.py:535: UserWarning: Using a target size (torch.Size([128])) that is different to the input size (torch.Size([128, 1])). This will likely lead to incorrect results due to broadcasting. Please ensure they have the same size.
  return F.mse_loss(input, target, reduction=self.reduction)
/home/mburu/Master_Thesis/master-thesis-da/DNN_Trial/models/rtdl_models.py:479: UserWarning: To copy construct from a tensor, it is recommended to use sourceTensor.clone().detach() or sourceTensor.clone().detach().requires_grad_(True), rather than torch.tensor(sourceTensor).
  X = torch.tensor(X, dtype=torch.float32).to(self.device)
/home/mburu/anaconda3/envs/TabSurvey/lib/python3.8/site-packages/torch/nn/modules/loss.py:535: UserWarning: Using a target size (torch.Size([92])) that is different to the input size (torch.Size([92, 1])). This will likely lead to incorrect results due to broadcasting. Please ensure they have the same size.
  return F.mse_loss(input, target, reduction=self.reduction)
/home/mburu/anaconda3/envs/TabSurvey/lib/python3.8/site-packages/torch/nn/modules/loss.py:535: UserWarning: Using a target size (torch.Size([114])) that is different to the input size (torch.Size([114, 1])). This will likely lead to incorrect results due to broadcasting. Please ensure they have the same size.
  return F.mse_loss(input, target, reduction=self.reduction)
/home/mburu/anaconda3/envs/TabSurvey/lib/python3.8/site-packages/torch/nn/modules/loss.py:535: UserWarning: Using a target size (torch.Size([128])) that is different to the input size (torch.Size([128, 1])). This will likely lead to incorrect results due to broadcasting. Please ensure they have the same size.
  return F.mse_loss(input, target, reduction=self.reduction)
/home/mburu/Master_Thesis/master-thesis-da/DNN_Trial/models/rtdl_models.py:479: UserWarning: To copy construct from a tensor, it is recommended to use sourceTensor.clone().detach() or sourceTensor.clone().detach().requires_grad_(True), rather than torch.tensor(sourceTensor).
  X = torch.tensor(X, dtype=torch.float32).to(self.device)
/home/mburu/anaconda3/envs/TabSurvey/lib/python3.8/site-packages/torch/nn/modules/loss.py:535: UserWarning: Using a target size (torch.Size([92])) that is different to the input size (torch.Size([92, 1])). This will likely lead to incorrect results due to broadcasting. Please ensure they have the same size.
  return F.mse_loss(input, target, reduction=self.reduction)
/home/mburu/anaconda3/envs/TabSurvey/lib/python3.8/site-packages/torch/nn/modules/loss.py:535: UserWarning: Using a target size (torch.Size([114])) that is different to the input size (torch.Size([114, 1])). This will likely lead to incorrect results due to broadcasting. Please ensure they have the same size.
  return F.mse_loss(input, target, reduction=self.reduction)
[I 2025-05-11 02:52:46,119] Trial 3 finished with value: 1496.9390961328431 and parameters: {'learning_rate': 0.002918874542485569, 'weight_decay': 1.3597871322659874e-06}. Best is trial 3 with value: 1496.9390961328431.
/home/mburu/anaconda3/envs/TabSurvey/lib/python3.8/site-packages/torch/nn/modules/loss.py:535: UserWarning: Using a target size (torch.Size([128])) that is different to the input size (torch.Size([128, 1])). This will likely lead to incorrect results due to broadcasting. Please ensure they have the same size.
  return F.mse_loss(input, target, reduction=self.reduction)
/home/mburu/Master_Thesis/master-thesis-da/DNN_Trial/models/rtdl_models.py:479: UserWarning: To copy construct from a tensor, it is recommended to use sourceTensor.clone().detach() or sourceTensor.clone().detach().requires_grad_(True), rather than torch.tensor(sourceTensor).
  X = torch.tensor(X, dtype=torch.float32).to(self.device)
/home/mburu/anaconda3/envs/TabSurvey/lib/python3.8/site-packages/torch/nn/modules/loss.py:535: UserWarning: Using a target size (torch.Size([93])) that is different to the input size (torch.Size([93, 1])). This will likely lead to incorrect results due to broadcasting. Please ensure they have the same size.
  return F.mse_loss(input, target, reduction=self.reduction)
/home/mburu/anaconda3/envs/TabSurvey/lib/python3.8/site-packages/torch/nn/modules/loss.py:535: UserWarning: Using a target size (torch.Size([113])) that is different to the input size (torch.Size([113, 1])). This will likely lead to incorrect results due to broadcasting. Please ensure they have the same size.
  return F.mse_loss(input, target, reduction=self.reduction)
/home/mburu/anaconda3/envs/TabSurvey/lib/python3.8/site-packages/torch/nn/modules/loss.py:535: UserWarning: Using a target size (torch.Size([128])) that is different to the input size (torch.Size([128, 1])). This will likely lead to incorrect results due to broadcasting. Please ensure they have the same size.
  return F.mse_loss(input, target, reduction=self.reduction)
/home/mburu/Master_Thesis/master-thesis-da/DNN_Trial/models/rtdl_models.py:479: UserWarning: To copy construct from a tensor, it is recommended to use sourceTensor.clone().detach() or sourceTensor.clone().detach().requires_grad_(True), rather than torch.tensor(sourceTensor).
  X = torch.tensor(X, dtype=torch.float32).to(self.device)
/home/mburu/anaconda3/envs/TabSurvey/lib/python3.8/site-packages/torch/nn/modules/loss.py:535: UserWarning: Using a target size (torch.Size([93])) that is different to the input size (torch.Size([93, 1])). This will likely lead to incorrect results due to broadcasting. Please ensure they have the same size.
  return F.mse_loss(input, target, reduction=self.reduction)
/home/mburu/anaconda3/envs/TabSurvey/lib/python3.8/site-packages/torch/nn/modules/loss.py:535: UserWarning: Using a target size (torch.Size([113])) that is different to the input size (torch.Size([113, 1])). This will likely lead to incorrect results due to broadcasting. Please ensure they have the same size.
  return F.mse_loss(input, target, reduction=self.reduction)
/home/mburu/anaconda3/envs/TabSurvey/lib/python3.8/site-packages/torch/nn/modules/loss.py:535: UserWarning: Using a target size (torch.Size([128])) that is different to the input size (torch.Size([128, 1])). This will likely lead to incorrect results due to broadcasting. Please ensure they have the same size.
  return F.mse_loss(input, target, reduction=self.reduction)
/home/mburu/Master_Thesis/master-thesis-da/DNN_Trial/models/rtdl_models.py:479: UserWarning: To copy construct from a tensor, it is recommended to use sourceTensor.clone().detach() or sourceTensor.clone().detach().requires_grad_(True), rather than torch.tensor(sourceTensor).
  X = torch.tensor(X, dtype=torch.float32).to(self.device)
/home/mburu/anaconda3/envs/TabSurvey/lib/python3.8/site-packages/torch/nn/modules/loss.py:535: UserWarning: Using a target size (torch.Size([92])) that is different to the input size (torch.Size([92, 1])). This will likely lead to incorrect results due to broadcasting. Please ensure they have the same size.
  return F.mse_loss(input, target, reduction=self.reduction)
/home/mburu/anaconda3/envs/TabSurvey/lib/python3.8/site-packages/torch/nn/modules/loss.py:535: UserWarning: Using a target size (torch.Size([114])) that is different to the input size (torch.Size([114, 1])). This will likely lead to incorrect results due to broadcasting. Please ensure they have the same size.
  return F.mse_loss(input, target, reduction=self.reduction)
/home/mburu/anaconda3/envs/TabSurvey/lib/python3.8/site-packages/torch/nn/modules/loss.py:535: UserWarning: Using a target size (torch.Size([128])) that is different to the input size (torch.Size([128, 1])). This will likely lead to incorrect results due to broadcasting. Please ensure they have the same size.
  return F.mse_loss(input, target, reduction=self.reduction)
/home/mburu/Master_Thesis/master-thesis-da/DNN_Trial/models/rtdl_models.py:479: UserWarning: To copy construct from a tensor, it is recommended to use sourceTensor.clone().detach() or sourceTensor.clone().detach().requires_grad_(True), rather than torch.tensor(sourceTensor).
  X = torch.tensor(X, dtype=torch.float32).to(self.device)
/home/mburu/anaconda3/envs/TabSurvey/lib/python3.8/site-packages/torch/nn/modules/loss.py:535: UserWarning: Using a target size (torch.Size([92])) that is different to the input size (torch.Size([92, 1])). This will likely lead to incorrect results due to broadcasting. Please ensure they have the same size.
  return F.mse_loss(input, target, reduction=self.reduction)
/home/mburu/anaconda3/envs/TabSurvey/lib/python3.8/site-packages/torch/nn/modules/loss.py:535: UserWarning: Using a target size (torch.Size([114])) that is different to the input size (torch.Size([114, 1])). This will likely lead to incorrect results due to broadcasting. Please ensure they have the same size.
  return F.mse_loss(input, target, reduction=self.reduction)
/home/mburu/anaconda3/envs/TabSurvey/lib/python3.8/site-packages/torch/nn/modules/loss.py:535: UserWarning: Using a target size (torch.Size([128])) that is different to the input size (torch.Size([128, 1])). This will likely lead to incorrect results due to broadcasting. Please ensure they have the same size.
  return F.mse_loss(input, target, reduction=self.reduction)
/home/mburu/Master_Thesis/master-thesis-da/DNN_Trial/models/rtdl_models.py:479: UserWarning: To copy construct from a tensor, it is recommended to use sourceTensor.clone().detach() or sourceTensor.clone().detach().requires_grad_(True), rather than torch.tensor(sourceTensor).
  X = torch.tensor(X, dtype=torch.float32).to(self.device)
/home/mburu/anaconda3/envs/TabSurvey/lib/python3.8/site-packages/torch/nn/modules/loss.py:535: UserWarning: Using a target size (torch.Size([92])) that is different to the input size (torch.Size([92, 1])). This will likely lead to incorrect results due to broadcasting. Please ensure they have the same size.
  return F.mse_loss(input, target, reduction=self.reduction)
/home/mburu/anaconda3/envs/TabSurvey/lib/python3.8/site-packages/torch/nn/modules/loss.py:535: UserWarning: Using a target size (torch.Size([114])) that is different to the input size (torch.Size([114, 1])). This will likely lead to incorrect results due to broadcasting. Please ensure they have the same size.
  return F.mse_loss(input, target, reduction=self.reduction)
[I 2025-05-11 02:52:46,646] Trial 4 finished with value: 1477.250035125891 and parameters: {'learning_rate': 0.006488280220892668, 'weight_decay': 0.0011184786227650188}. Best is trial 4 with value: 1477.250035125891.
/home/mburu/anaconda3/envs/TabSurvey/lib/python3.8/site-packages/torch/nn/modules/loss.py:535: UserWarning: Using a target size (torch.Size([128])) that is different to the input size (torch.Size([128, 1])). This will likely lead to incorrect results due to broadcasting. Please ensure they have the same size.
  return F.mse_loss(input, target, reduction=self.reduction)
/home/mburu/Master_Thesis/master-thesis-da/DNN_Trial/models/rtdl_models.py:479: UserWarning: To copy construct from a tensor, it is recommended to use sourceTensor.clone().detach() or sourceTensor.clone().detach().requires_grad_(True), rather than torch.tensor(sourceTensor).
  X = torch.tensor(X, dtype=torch.float32).to(self.device)
/home/mburu/anaconda3/envs/TabSurvey/lib/python3.8/site-packages/torch/nn/modules/loss.py:535: UserWarning: Using a target size (torch.Size([116])) that is different to the input size (torch.Size([116, 1])). This will likely lead to incorrect results due to broadcasting. Please ensure they have the same size.
  return F.mse_loss(input, target, reduction=self.reduction)
/home/mburu/anaconda3/envs/TabSurvey/lib/python3.8/site-packages/torch/nn/modules/loss.py:535: UserWarning: Using a target size (torch.Size([78])) that is different to the input size (torch.Size([78, 1])). This will likely lead to incorrect results due to broadcasting. Please ensure they have the same size.
  return F.mse_loss(input, target, reduction=self.reduction)
[I 2025-05-11 02:52:46,774] A new study created in memory with name: FTTransformer_Socmob_outer2
/home/mburu/anaconda3/envs/TabSurvey/lib/python3.8/site-packages/torch/nn/modules/loss.py:535: UserWarning: Using a target size (torch.Size([128])) that is different to the input size (torch.Size([128, 1])). This will likely lead to incorrect results due to broadcasting. Please ensure they have the same size.
  return F.mse_loss(input, target, reduction=self.reduction)
/home/mburu/Master_Thesis/master-thesis-da/DNN_Trial/models/rtdl_models.py:479: UserWarning: To copy construct from a tensor, it is recommended to use sourceTensor.clone().detach() or sourceTensor.clone().detach().requires_grad_(True), rather than torch.tensor(sourceTensor).
  X = torch.tensor(X, dtype=torch.float32).to(self.device)
/home/mburu/anaconda3/envs/TabSurvey/lib/python3.8/site-packages/torch/nn/modules/loss.py:535: UserWarning: Using a target size (torch.Size([93])) that is different to the input size (torch.Size([93, 1])). This will likely lead to incorrect results due to broadcasting. Please ensure they have the same size.
  return F.mse_loss(input, target, reduction=self.reduction)
/home/mburu/anaconda3/envs/TabSurvey/lib/python3.8/site-packages/torch/nn/modules/loss.py:535: UserWarning: Using a target size (torch.Size([113])) that is different to the input size (torch.Size([113, 1])). This will likely lead to incorrect results due to broadcasting. Please ensure they have the same size.
  return F.mse_loss(input, target, reduction=self.reduction)
/home/mburu/anaconda3/envs/TabSurvey/lib/python3.8/site-packages/torch/nn/modules/loss.py:535: UserWarning: Using a target size (torch.Size([128])) that is different to the input size (torch.Size([128, 1])). This will likely lead to incorrect results due to broadcasting. Please ensure they have the same size.
  return F.mse_loss(input, target, reduction=self.reduction)
/home/mburu/Master_Thesis/master-thesis-da/DNN_Trial/models/rtdl_models.py:479: UserWarning: To copy construct from a tensor, it is recommended to use sourceTensor.clone().detach() or sourceTensor.clone().detach().requires_grad_(True), rather than torch.tensor(sourceTensor).
  X = torch.tensor(X, dtype=torch.float32).to(self.device)
/home/mburu/anaconda3/envs/TabSurvey/lib/python3.8/site-packages/torch/nn/modules/loss.py:535: UserWarning: Using a target size (torch.Size([93])) that is different to the input size (torch.Size([93, 1])). This will likely lead to incorrect results due to broadcasting. Please ensure they have the same size.
  return F.mse_loss(input, target, reduction=self.reduction)
/home/mburu/anaconda3/envs/TabSurvey/lib/python3.8/site-packages/torch/nn/modules/loss.py:535: UserWarning: Using a target size (torch.Size([113])) that is different to the input size (torch.Size([113, 1])). This will likely lead to incorrect results due to broadcasting. Please ensure they have the same size.
  return F.mse_loss(input, target, reduction=self.reduction)
/home/mburu/anaconda3/envs/TabSurvey/lib/python3.8/site-packages/torch/nn/modules/loss.py:535: UserWarning: Using a target size (torch.Size([128])) that is different to the input size (torch.Size([128, 1])). This will likely lead to incorrect results due to broadcasting. Please ensure they have the same size.
  return F.mse_loss(input, target, reduction=self.reduction)
/home/mburu/Master_Thesis/master-thesis-da/DNN_Trial/models/rtdl_models.py:479: UserWarning: To copy construct from a tensor, it is recommended to use sourceTensor.clone().detach() or sourceTensor.clone().detach().requires_grad_(True), rather than torch.tensor(sourceTensor).
  X = torch.tensor(X, dtype=torch.float32).to(self.device)
/home/mburu/anaconda3/envs/TabSurvey/lib/python3.8/site-packages/torch/nn/modules/loss.py:535: UserWarning: Using a target size (torch.Size([92])) that is different to the input size (torch.Size([92, 1])). This will likely lead to incorrect results due to broadcasting. Please ensure they have the same size.
  return F.mse_loss(input, target, reduction=self.reduction)
/home/mburu/anaconda3/envs/TabSurvey/lib/python3.8/site-packages/torch/nn/modules/loss.py:535: UserWarning: Using a target size (torch.Size([114])) that is different to the input size (torch.Size([114, 1])). This will likely lead to incorrect results due to broadcasting. Please ensure they have the same size.
  return F.mse_loss(input, target, reduction=self.reduction)
/home/mburu/anaconda3/envs/TabSurvey/lib/python3.8/site-packages/torch/nn/modules/loss.py:535: UserWarning: Using a target size (torch.Size([128])) that is different to the input size (torch.Size([128, 1])). This will likely lead to incorrect results due to broadcasting. Please ensure they have the same size.
  return F.mse_loss(input, target, reduction=self.reduction)
/home/mburu/Master_Thesis/master-thesis-da/DNN_Trial/models/rtdl_models.py:479: UserWarning: To copy construct from a tensor, it is recommended to use sourceTensor.clone().detach() or sourceTensor.clone().detach().requires_grad_(True), rather than torch.tensor(sourceTensor).
  X = torch.tensor(X, dtype=torch.float32).to(self.device)
/home/mburu/anaconda3/envs/TabSurvey/lib/python3.8/site-packages/torch/nn/modules/loss.py:535: UserWarning: Using a target size (torch.Size([92])) that is different to the input size (torch.Size([92, 1])). This will likely lead to incorrect results due to broadcasting. Please ensure they have the same size.
  return F.mse_loss(input, target, reduction=self.reduction)
/home/mburu/anaconda3/envs/TabSurvey/lib/python3.8/site-packages/torch/nn/modules/loss.py:535: UserWarning: Using a target size (torch.Size([114])) that is different to the input size (torch.Size([114, 1])). This will likely lead to incorrect results due to broadcasting. Please ensure they have the same size.
  return F.mse_loss(input, target, reduction=self.reduction)
/home/mburu/anaconda3/envs/TabSurvey/lib/python3.8/site-packages/torch/nn/modules/loss.py:535: UserWarning: Using a target size (torch.Size([128])) that is different to the input size (torch.Size([128, 1])). This will likely lead to incorrect results due to broadcasting. Please ensure they have the same size.
  return F.mse_loss(input, target, reduction=self.reduction)
/home/mburu/Master_Thesis/master-thesis-da/DNN_Trial/models/rtdl_models.py:479: UserWarning: To copy construct from a tensor, it is recommended to use sourceTensor.clone().detach() or sourceTensor.clone().detach().requires_grad_(True), rather than torch.tensor(sourceTensor).
  X = torch.tensor(X, dtype=torch.float32).to(self.device)
/home/mburu/anaconda3/envs/TabSurvey/lib/python3.8/site-packages/torch/nn/modules/loss.py:535: UserWarning: Using a target size (torch.Size([92])) that is different to the input size (torch.Size([92, 1])). This will likely lead to incorrect results due to broadcasting. Please ensure they have the same size.
  return F.mse_loss(input, target, reduction=self.reduction)
/home/mburu/anaconda3/envs/TabSurvey/lib/python3.8/site-packages/torch/nn/modules/loss.py:535: UserWarning: Using a target size (torch.Size([114])) that is different to the input size (torch.Size([114, 1])). This will likely lead to incorrect results due to broadcasting. Please ensure they have the same size.
  return F.mse_loss(input, target, reduction=self.reduction)
[I 2025-05-11 02:52:47,332] Trial 0 finished with value: 1455.9923702078681 and parameters: {'learning_rate': 0.009782313685262278, 'weight_decay': 2.1400291514915097e-06}. Best is trial 0 with value: 1455.9923702078681.
/home/mburu/anaconda3/envs/TabSurvey/lib/python3.8/site-packages/torch/nn/modules/loss.py:535: UserWarning: Using a target size (torch.Size([128])) that is different to the input size (torch.Size([128, 1])). This will likely lead to incorrect results due to broadcasting. Please ensure they have the same size.
  return F.mse_loss(input, target, reduction=self.reduction)
/home/mburu/Master_Thesis/master-thesis-da/DNN_Trial/models/rtdl_models.py:479: UserWarning: To copy construct from a tensor, it is recommended to use sourceTensor.clone().detach() or sourceTensor.clone().detach().requires_grad_(True), rather than torch.tensor(sourceTensor).
  X = torch.tensor(X, dtype=torch.float32).to(self.device)
/home/mburu/anaconda3/envs/TabSurvey/lib/python3.8/site-packages/torch/nn/modules/loss.py:535: UserWarning: Using a target size (torch.Size([93])) that is different to the input size (torch.Size([93, 1])). This will likely lead to incorrect results due to broadcasting. Please ensure they have the same size.
  return F.mse_loss(input, target, reduction=self.reduction)
/home/mburu/anaconda3/envs/TabSurvey/lib/python3.8/site-packages/torch/nn/modules/loss.py:535: UserWarning: Using a target size (torch.Size([113])) that is different to the input size (torch.Size([113, 1])). This will likely lead to incorrect results due to broadcasting. Please ensure they have the same size.
  return F.mse_loss(input, target, reduction=self.reduction)
/home/mburu/anaconda3/envs/TabSurvey/lib/python3.8/site-packages/torch/nn/modules/loss.py:535: UserWarning: Using a target size (torch.Size([128])) that is different to the input size (torch.Size([128, 1])). This will likely lead to incorrect results due to broadcasting. Please ensure they have the same size.
  return F.mse_loss(input, target, reduction=self.reduction)
/home/mburu/Master_Thesis/master-thesis-da/DNN_Trial/models/rtdl_models.py:479: UserWarning: To copy construct from a tensor, it is recommended to use sourceTensor.clone().detach() or sourceTensor.clone().detach().requires_grad_(True), rather than torch.tensor(sourceTensor).
  X = torch.tensor(X, dtype=torch.float32).to(self.device)
/home/mburu/anaconda3/envs/TabSurvey/lib/python3.8/site-packages/torch/nn/modules/loss.py:535: UserWarning: Using a target size (torch.Size([93])) that is different to the input size (torch.Size([93, 1])). This will likely lead to incorrect results due to broadcasting. Please ensure they have the same size.
  return F.mse_loss(input, target, reduction=self.reduction)
/home/mburu/anaconda3/envs/TabSurvey/lib/python3.8/site-packages/torch/nn/modules/loss.py:535: UserWarning: Using a target size (torch.Size([113])) that is different to the input size (torch.Size([113, 1])). This will likely lead to incorrect results due to broadcasting. Please ensure they have the same size.
  return F.mse_loss(input, target, reduction=self.reduction)
/home/mburu/anaconda3/envs/TabSurvey/lib/python3.8/site-packages/torch/nn/modules/loss.py:535: UserWarning: Using a target size (torch.Size([128])) that is different to the input size (torch.Size([128, 1])). This will likely lead to incorrect results due to broadcasting. Please ensure they have the same size.
  return F.mse_loss(input, target, reduction=self.reduction)
/home/mburu/Master_Thesis/master-thesis-da/DNN_Trial/models/rtdl_models.py:479: UserWarning: To copy construct from a tensor, it is recommended to use sourceTensor.clone().detach() or sourceTensor.clone().detach().requires_grad_(True), rather than torch.tensor(sourceTensor).
  X = torch.tensor(X, dtype=torch.float32).to(self.device)
/home/mburu/anaconda3/envs/TabSurvey/lib/python3.8/site-packages/torch/nn/modules/loss.py:535: UserWarning: Using a target size (torch.Size([92])) that is different to the input size (torch.Size([92, 1])). This will likely lead to incorrect results due to broadcasting. Please ensure they have the same size.
  return F.mse_loss(input, target, reduction=self.reduction)
/home/mburu/anaconda3/envs/TabSurvey/lib/python3.8/site-packages/torch/nn/modules/loss.py:535: UserWarning: Using a target size (torch.Size([114])) that is different to the input size (torch.Size([114, 1])). This will likely lead to incorrect results due to broadcasting. Please ensure they have the same size.
  return F.mse_loss(input, target, reduction=self.reduction)
/home/mburu/anaconda3/envs/TabSurvey/lib/python3.8/site-packages/torch/nn/modules/loss.py:535: UserWarning: Using a target size (torch.Size([128])) that is different to the input size (torch.Size([128, 1])). This will likely lead to incorrect results due to broadcasting. Please ensure they have the same size.
  return F.mse_loss(input, target, reduction=self.reduction)
/home/mburu/Master_Thesis/master-thesis-da/DNN_Trial/models/rtdl_models.py:479: UserWarning: To copy construct from a tensor, it is recommended to use sourceTensor.clone().detach() or sourceTensor.clone().detach().requires_grad_(True), rather than torch.tensor(sourceTensor).
  X = torch.tensor(X, dtype=torch.float32).to(self.device)
/home/mburu/anaconda3/envs/TabSurvey/lib/python3.8/site-packages/torch/nn/modules/loss.py:535: UserWarning: Using a target size (torch.Size([92])) that is different to the input size (torch.Size([92, 1])). This will likely lead to incorrect results due to broadcasting. Please ensure they have the same size.
  return F.mse_loss(input, target, reduction=self.reduction)
/home/mburu/anaconda3/envs/TabSurvey/lib/python3.8/site-packages/torch/nn/modules/loss.py:535: UserWarning: Using a target size (torch.Size([114])) that is different to the input size (torch.Size([114, 1])). This will likely lead to incorrect results due to broadcasting. Please ensure they have the same size.
  return F.mse_loss(input, target, reduction=self.reduction)
/home/mburu/anaconda3/envs/TabSurvey/lib/python3.8/site-packages/torch/nn/modules/loss.py:535: UserWarning: Using a target size (torch.Size([128])) that is different to the input size (torch.Size([128, 1])). This will likely lead to incorrect results due to broadcasting. Please ensure they have the same size.
  return F.mse_loss(input, target, reduction=self.reduction)
/home/mburu/Master_Thesis/master-thesis-da/DNN_Trial/models/rtdl_models.py:479: UserWarning: To copy construct from a tensor, it is recommended to use sourceTensor.clone().detach() or sourceTensor.clone().detach().requires_grad_(True), rather than torch.tensor(sourceTensor).
  X = torch.tensor(X, dtype=torch.float32).to(self.device)
/home/mburu/anaconda3/envs/TabSurvey/lib/python3.8/site-packages/torch/nn/modules/loss.py:535: UserWarning: Using a target size (torch.Size([92])) that is different to the input size (torch.Size([92, 1])). This will likely lead to incorrect results due to broadcasting. Please ensure they have the same size.
  return F.mse_loss(input, target, reduction=self.reduction)
/home/mburu/anaconda3/envs/TabSurvey/lib/python3.8/site-packages/torch/nn/modules/loss.py:535: UserWarning: Using a target size (torch.Size([114])) that is different to the input size (torch.Size([114, 1])). This will likely lead to incorrect results due to broadcasting. Please ensure they have the same size.
  return F.mse_loss(input, target, reduction=self.reduction)
[I 2025-05-11 02:52:47,977] Trial 1 finished with value: 1513.682115199677 and parameters: {'learning_rate': 0.0009849681683504839, 'weight_decay': 0.00043302617037927496}. Best is trial 0 with value: 1455.9923702078681.
/home/mburu/anaconda3/envs/TabSurvey/lib/python3.8/site-packages/torch/nn/modules/loss.py:535: UserWarning: Using a target size (torch.Size([128])) that is different to the input size (torch.Size([128, 1])). This will likely lead to incorrect results due to broadcasting. Please ensure they have the same size.
  return F.mse_loss(input, target, reduction=self.reduction)
/home/mburu/Master_Thesis/master-thesis-da/DNN_Trial/models/rtdl_models.py:479: UserWarning: To copy construct from a tensor, it is recommended to use sourceTensor.clone().detach() or sourceTensor.clone().detach().requires_grad_(True), rather than torch.tensor(sourceTensor).
  X = torch.tensor(X, dtype=torch.float32).to(self.device)
/home/mburu/anaconda3/envs/TabSurvey/lib/python3.8/site-packages/torch/nn/modules/loss.py:535: UserWarning: Using a target size (torch.Size([93])) that is different to the input size (torch.Size([93, 1])). This will likely lead to incorrect results due to broadcasting. Please ensure they have the same size.
  return F.mse_loss(input, target, reduction=self.reduction)
/home/mburu/anaconda3/envs/TabSurvey/lib/python3.8/site-packages/torch/nn/modules/loss.py:535: UserWarning: Using a target size (torch.Size([113])) that is different to the input size (torch.Size([113, 1])). This will likely lead to incorrect results due to broadcasting. Please ensure they have the same size.
  return F.mse_loss(input, target, reduction=self.reduction)
/home/mburu/anaconda3/envs/TabSurvey/lib/python3.8/site-packages/torch/nn/modules/loss.py:535: UserWarning: Using a target size (torch.Size([128])) that is different to the input size (torch.Size([128, 1])). This will likely lead to incorrect results due to broadcasting. Please ensure they have the same size.
  return F.mse_loss(input, target, reduction=self.reduction)
/home/mburu/Master_Thesis/master-thesis-da/DNN_Trial/models/rtdl_models.py:479: UserWarning: To copy construct from a tensor, it is recommended to use sourceTensor.clone().detach() or sourceTensor.clone().detach().requires_grad_(True), rather than torch.tensor(sourceTensor).
  X = torch.tensor(X, dtype=torch.float32).to(self.device)
/home/mburu/anaconda3/envs/TabSurvey/lib/python3.8/site-packages/torch/nn/modules/loss.py:535: UserWarning: Using a target size (torch.Size([93])) that is different to the input size (torch.Size([93, 1])). This will likely lead to incorrect results due to broadcasting. Please ensure they have the same size.
  return F.mse_loss(input, target, reduction=self.reduction)
/home/mburu/anaconda3/envs/TabSurvey/lib/python3.8/site-packages/torch/nn/modules/loss.py:535: UserWarning: Using a target size (torch.Size([113])) that is different to the input size (torch.Size([113, 1])). This will likely lead to incorrect results due to broadcasting. Please ensure they have the same size.
  return F.mse_loss(input, target, reduction=self.reduction)
/home/mburu/anaconda3/envs/TabSurvey/lib/python3.8/site-packages/torch/nn/modules/loss.py:535: UserWarning: Using a target size (torch.Size([128])) that is different to the input size (torch.Size([128, 1])). This will likely lead to incorrect results due to broadcasting. Please ensure they have the same size.
  return F.mse_loss(input, target, reduction=self.reduction)
/home/mburu/Master_Thesis/master-thesis-da/DNN_Trial/models/rtdl_models.py:479: UserWarning: To copy construct from a tensor, it is recommended to use sourceTensor.clone().detach() or sourceTensor.clone().detach().requires_grad_(True), rather than torch.tensor(sourceTensor).
  X = torch.tensor(X, dtype=torch.float32).to(self.device)
/home/mburu/anaconda3/envs/TabSurvey/lib/python3.8/site-packages/torch/nn/modules/loss.py:535: UserWarning: Using a target size (torch.Size([92])) that is different to the input size (torch.Size([92, 1])). This will likely lead to incorrect results due to broadcasting. Please ensure they have the same size.
  return F.mse_loss(input, target, reduction=self.reduction)
/home/mburu/anaconda3/envs/TabSurvey/lib/python3.8/site-packages/torch/nn/modules/loss.py:535: UserWarning: Using a target size (torch.Size([114])) that is different to the input size (torch.Size([114, 1])). This will likely lead to incorrect results due to broadcasting. Please ensure they have the same size.
  return F.mse_loss(input, target, reduction=self.reduction)
/home/mburu/anaconda3/envs/TabSurvey/lib/python3.8/site-packages/torch/nn/modules/loss.py:535: UserWarning: Using a target size (torch.Size([128])) that is different to the input size (torch.Size([128, 1])). This will likely lead to incorrect results due to broadcasting. Please ensure they have the same size.
  return F.mse_loss(input, target, reduction=self.reduction)
/home/mburu/Master_Thesis/master-thesis-da/DNN_Trial/models/rtdl_models.py:479: UserWarning: To copy construct from a tensor, it is recommended to use sourceTensor.clone().detach() or sourceTensor.clone().detach().requires_grad_(True), rather than torch.tensor(sourceTensor).
  X = torch.tensor(X, dtype=torch.float32).to(self.device)
/home/mburu/anaconda3/envs/TabSurvey/lib/python3.8/site-packages/torch/nn/modules/loss.py:535: UserWarning: Using a target size (torch.Size([92])) that is different to the input size (torch.Size([92, 1])). This will likely lead to incorrect results due to broadcasting. Please ensure they have the same size.
  return F.mse_loss(input, target, reduction=self.reduction)
/home/mburu/anaconda3/envs/TabSurvey/lib/python3.8/site-packages/torch/nn/modules/loss.py:535: UserWarning: Using a target size (torch.Size([114])) that is different to the input size (torch.Size([114, 1])). This will likely lead to incorrect results due to broadcasting. Please ensure they have the same size.
  return F.mse_loss(input, target, reduction=self.reduction)
/home/mburu/anaconda3/envs/TabSurvey/lib/python3.8/site-packages/torch/nn/modules/loss.py:535: UserWarning: Using a target size (torch.Size([128])) that is different to the input size (torch.Size([128, 1])). This will likely lead to incorrect results due to broadcasting. Please ensure they have the same size.
  return F.mse_loss(input, target, reduction=self.reduction)
/home/mburu/Master_Thesis/master-thesis-da/DNN_Trial/models/rtdl_models.py:479: UserWarning: To copy construct from a tensor, it is recommended to use sourceTensor.clone().detach() or sourceTensor.clone().detach().requires_grad_(True), rather than torch.tensor(sourceTensor).
  X = torch.tensor(X, dtype=torch.float32).to(self.device)
/home/mburu/anaconda3/envs/TabSurvey/lib/python3.8/site-packages/torch/nn/modules/loss.py:535: UserWarning: Using a target size (torch.Size([92])) that is different to the input size (torch.Size([92, 1])). This will likely lead to incorrect results due to broadcasting. Please ensure they have the same size.
  return F.mse_loss(input, target, reduction=self.reduction)
/home/mburu/anaconda3/envs/TabSurvey/lib/python3.8/site-packages/torch/nn/modules/loss.py:535: UserWarning: Using a target size (torch.Size([114])) that is different to the input size (torch.Size([114, 1])). This will likely lead to incorrect results due to broadcasting. Please ensure they have the same size.
  return F.mse_loss(input, target, reduction=self.reduction)
[I 2025-05-11 02:52:48,503] Trial 2 finished with value: 1594.6997605446907 and parameters: {'learning_rate': 1.9507080994836978e-05, 'weight_decay': 0.00016526398313982803}. Best is trial 0 with value: 1455.9923702078681.
/home/mburu/anaconda3/envs/TabSurvey/lib/python3.8/site-packages/torch/nn/modules/loss.py:535: UserWarning: Using a target size (torch.Size([128])) that is different to the input size (torch.Size([128, 1])). This will likely lead to incorrect results due to broadcasting. Please ensure they have the same size.
  return F.mse_loss(input, target, reduction=self.reduction)
/home/mburu/Master_Thesis/master-thesis-da/DNN_Trial/models/rtdl_models.py:479: UserWarning: To copy construct from a tensor, it is recommended to use sourceTensor.clone().detach() or sourceTensor.clone().detach().requires_grad_(True), rather than torch.tensor(sourceTensor).
  X = torch.tensor(X, dtype=torch.float32).to(self.device)
/home/mburu/anaconda3/envs/TabSurvey/lib/python3.8/site-packages/torch/nn/modules/loss.py:535: UserWarning: Using a target size (torch.Size([93])) that is different to the input size (torch.Size([93, 1])). This will likely lead to incorrect results due to broadcasting. Please ensure they have the same size.
  return F.mse_loss(input, target, reduction=self.reduction)
/home/mburu/anaconda3/envs/TabSurvey/lib/python3.8/site-packages/torch/nn/modules/loss.py:535: UserWarning: Using a target size (torch.Size([113])) that is different to the input size (torch.Size([113, 1])). This will likely lead to incorrect results due to broadcasting. Please ensure they have the same size.
  return F.mse_loss(input, target, reduction=self.reduction)
/home/mburu/anaconda3/envs/TabSurvey/lib/python3.8/site-packages/torch/nn/modules/loss.py:535: UserWarning: Using a target size (torch.Size([128])) that is different to the input size (torch.Size([128, 1])). This will likely lead to incorrect results due to broadcasting. Please ensure they have the same size.
  return F.mse_loss(input, target, reduction=self.reduction)
/home/mburu/Master_Thesis/master-thesis-da/DNN_Trial/models/rtdl_models.py:479: UserWarning: To copy construct from a tensor, it is recommended to use sourceTensor.clone().detach() or sourceTensor.clone().detach().requires_grad_(True), rather than torch.tensor(sourceTensor).
  X = torch.tensor(X, dtype=torch.float32).to(self.device)
/home/mburu/anaconda3/envs/TabSurvey/lib/python3.8/site-packages/torch/nn/modules/loss.py:535: UserWarning: Using a target size (torch.Size([93])) that is different to the input size (torch.Size([93, 1])). This will likely lead to incorrect results due to broadcasting. Please ensure they have the same size.
  return F.mse_loss(input, target, reduction=self.reduction)
/home/mburu/anaconda3/envs/TabSurvey/lib/python3.8/site-packages/torch/nn/modules/loss.py:535: UserWarning: Using a target size (torch.Size([113])) that is different to the input size (torch.Size([113, 1])). This will likely lead to incorrect results due to broadcasting. Please ensure they have the same size.
  return F.mse_loss(input, target, reduction=self.reduction)
/home/mburu/anaconda3/envs/TabSurvey/lib/python3.8/site-packages/torch/nn/modules/loss.py:535: UserWarning: Using a target size (torch.Size([128])) that is different to the input size (torch.Size([128, 1])). This will likely lead to incorrect results due to broadcasting. Please ensure they have the same size.
  return F.mse_loss(input, target, reduction=self.reduction)
/home/mburu/Master_Thesis/master-thesis-da/DNN_Trial/models/rtdl_models.py:479: UserWarning: To copy construct from a tensor, it is recommended to use sourceTensor.clone().detach() or sourceTensor.clone().detach().requires_grad_(True), rather than torch.tensor(sourceTensor).
  X = torch.tensor(X, dtype=torch.float32).to(self.device)
/home/mburu/anaconda3/envs/TabSurvey/lib/python3.8/site-packages/torch/nn/modules/loss.py:535: UserWarning: Using a target size (torch.Size([92])) that is different to the input size (torch.Size([92, 1])). This will likely lead to incorrect results due to broadcasting. Please ensure they have the same size.
  return F.mse_loss(input, target, reduction=self.reduction)
/home/mburu/anaconda3/envs/TabSurvey/lib/python3.8/site-packages/torch/nn/modules/loss.py:535: UserWarning: Using a target size (torch.Size([114])) that is different to the input size (torch.Size([114, 1])). This will likely lead to incorrect results due to broadcasting. Please ensure they have the same size.
  return F.mse_loss(input, target, reduction=self.reduction)
/home/mburu/anaconda3/envs/TabSurvey/lib/python3.8/site-packages/torch/nn/modules/loss.py:535: UserWarning: Using a target size (torch.Size([128])) that is different to the input size (torch.Size([128, 1])). This will likely lead to incorrect results due to broadcasting. Please ensure they have the same size.
  return F.mse_loss(input, target, reduction=self.reduction)
/home/mburu/Master_Thesis/master-thesis-da/DNN_Trial/models/rtdl_models.py:479: UserWarning: To copy construct from a tensor, it is recommended to use sourceTensor.clone().detach() or sourceTensor.clone().detach().requires_grad_(True), rather than torch.tensor(sourceTensor).
  X = torch.tensor(X, dtype=torch.float32).to(self.device)
/home/mburu/anaconda3/envs/TabSurvey/lib/python3.8/site-packages/torch/nn/modules/loss.py:535: UserWarning: Using a target size (torch.Size([92])) that is different to the input size (torch.Size([92, 1])). This will likely lead to incorrect results due to broadcasting. Please ensure they have the same size.
  return F.mse_loss(input, target, reduction=self.reduction)
/home/mburu/anaconda3/envs/TabSurvey/lib/python3.8/site-packages/torch/nn/modules/loss.py:535: UserWarning: Using a target size (torch.Size([114])) that is different to the input size (torch.Size([114, 1])). This will likely lead to incorrect results due to broadcasting. Please ensure they have the same size.
  return F.mse_loss(input, target, reduction=self.reduction)
/home/mburu/anaconda3/envs/TabSurvey/lib/python3.8/site-packages/torch/nn/modules/loss.py:535: UserWarning: Using a target size (torch.Size([128])) that is different to the input size (torch.Size([128, 1])). This will likely lead to incorrect results due to broadcasting. Please ensure they have the same size.
  return F.mse_loss(input, target, reduction=self.reduction)
/home/mburu/Master_Thesis/master-thesis-da/DNN_Trial/models/rtdl_models.py:479: UserWarning: To copy construct from a tensor, it is recommended to use sourceTensor.clone().detach() or sourceTensor.clone().detach().requires_grad_(True), rather than torch.tensor(sourceTensor).
  X = torch.tensor(X, dtype=torch.float32).to(self.device)
/home/mburu/anaconda3/envs/TabSurvey/lib/python3.8/site-packages/torch/nn/modules/loss.py:535: UserWarning: Using a target size (torch.Size([92])) that is different to the input size (torch.Size([92, 1])). This will likely lead to incorrect results due to broadcasting. Please ensure they have the same size.
  return F.mse_loss(input, target, reduction=self.reduction)
/home/mburu/anaconda3/envs/TabSurvey/lib/python3.8/site-packages/torch/nn/modules/loss.py:535: UserWarning: Using a target size (torch.Size([114])) that is different to the input size (torch.Size([114, 1])). This will likely lead to incorrect results due to broadcasting. Please ensure they have the same size.
  return F.mse_loss(input, target, reduction=self.reduction)
[I 2025-05-11 02:52:49,173] Trial 3 finished with value: 1520.658879307483 and parameters: {'learning_rate': 0.00074804592934646, 'weight_decay': 5.339068479178983e-06}. Best is trial 0 with value: 1455.9923702078681.
/home/mburu/anaconda3/envs/TabSurvey/lib/python3.8/site-packages/torch/nn/modules/loss.py:535: UserWarning: Using a target size (torch.Size([128])) that is different to the input size (torch.Size([128, 1])). This will likely lead to incorrect results due to broadcasting. Please ensure they have the same size.
  return F.mse_loss(input, target, reduction=self.reduction)
/home/mburu/Master_Thesis/master-thesis-da/DNN_Trial/models/rtdl_models.py:479: UserWarning: To copy construct from a tensor, it is recommended to use sourceTensor.clone().detach() or sourceTensor.clone().detach().requires_grad_(True), rather than torch.tensor(sourceTensor).
  X = torch.tensor(X, dtype=torch.float32).to(self.device)
/home/mburu/anaconda3/envs/TabSurvey/lib/python3.8/site-packages/torch/nn/modules/loss.py:535: UserWarning: Using a target size (torch.Size([93])) that is different to the input size (torch.Size([93, 1])). This will likely lead to incorrect results due to broadcasting. Please ensure they have the same size.
  return F.mse_loss(input, target, reduction=self.reduction)
/home/mburu/anaconda3/envs/TabSurvey/lib/python3.8/site-packages/torch/nn/modules/loss.py:535: UserWarning: Using a target size (torch.Size([113])) that is different to the input size (torch.Size([113, 1])). This will likely lead to incorrect results due to broadcasting. Please ensure they have the same size.
  return F.mse_loss(input, target, reduction=self.reduction)
/home/mburu/anaconda3/envs/TabSurvey/lib/python3.8/site-packages/torch/nn/modules/loss.py:535: UserWarning: Using a target size (torch.Size([128])) that is different to the input size (torch.Size([128, 1])). This will likely lead to incorrect results due to broadcasting. Please ensure they have the same size.
  return F.mse_loss(input, target, reduction=self.reduction)
/home/mburu/Master_Thesis/master-thesis-da/DNN_Trial/models/rtdl_models.py:479: UserWarning: To copy construct from a tensor, it is recommended to use sourceTensor.clone().detach() or sourceTensor.clone().detach().requires_grad_(True), rather than torch.tensor(sourceTensor).
  X = torch.tensor(X, dtype=torch.float32).to(self.device)
/home/mburu/anaconda3/envs/TabSurvey/lib/python3.8/site-packages/torch/nn/modules/loss.py:535: UserWarning: Using a target size (torch.Size([93])) that is different to the input size (torch.Size([93, 1])). This will likely lead to incorrect results due to broadcasting. Please ensure they have the same size.
  return F.mse_loss(input, target, reduction=self.reduction)
/home/mburu/anaconda3/envs/TabSurvey/lib/python3.8/site-packages/torch/nn/modules/loss.py:535: UserWarning: Using a target size (torch.Size([113])) that is different to the input size (torch.Size([113, 1])). This will likely lead to incorrect results due to broadcasting. Please ensure they have the same size.
  return F.mse_loss(input, target, reduction=self.reduction)
/home/mburu/anaconda3/envs/TabSurvey/lib/python3.8/site-packages/torch/nn/modules/loss.py:535: UserWarning: Using a target size (torch.Size([128])) that is different to the input size (torch.Size([128, 1])). This will likely lead to incorrect results due to broadcasting. Please ensure they have the same size.
  return F.mse_loss(input, target, reduction=self.reduction)
/home/mburu/Master_Thesis/master-thesis-da/DNN_Trial/models/rtdl_models.py:479: UserWarning: To copy construct from a tensor, it is recommended to use sourceTensor.clone().detach() or sourceTensor.clone().detach().requires_grad_(True), rather than torch.tensor(sourceTensor).
  X = torch.tensor(X, dtype=torch.float32).to(self.device)
/home/mburu/anaconda3/envs/TabSurvey/lib/python3.8/site-packages/torch/nn/modules/loss.py:535: UserWarning: Using a target size (torch.Size([92])) that is different to the input size (torch.Size([92, 1])). This will likely lead to incorrect results due to broadcasting. Please ensure they have the same size.
  return F.mse_loss(input, target, reduction=self.reduction)
/home/mburu/anaconda3/envs/TabSurvey/lib/python3.8/site-packages/torch/nn/modules/loss.py:535: UserWarning: Using a target size (torch.Size([114])) that is different to the input size (torch.Size([114, 1])). This will likely lead to incorrect results due to broadcasting. Please ensure they have the same size.
  return F.mse_loss(input, target, reduction=self.reduction)
/home/mburu/anaconda3/envs/TabSurvey/lib/python3.8/site-packages/torch/nn/modules/loss.py:535: UserWarning: Using a target size (torch.Size([128])) that is different to the input size (torch.Size([128, 1])). This will likely lead to incorrect results due to broadcasting. Please ensure they have the same size.
  return F.mse_loss(input, target, reduction=self.reduction)
/home/mburu/Master_Thesis/master-thesis-da/DNN_Trial/models/rtdl_models.py:479: UserWarning: To copy construct from a tensor, it is recommended to use sourceTensor.clone().detach() or sourceTensor.clone().detach().requires_grad_(True), rather than torch.tensor(sourceTensor).
  X = torch.tensor(X, dtype=torch.float32).to(self.device)
/home/mburu/anaconda3/envs/TabSurvey/lib/python3.8/site-packages/torch/nn/modules/loss.py:535: UserWarning: Using a target size (torch.Size([92])) that is different to the input size (torch.Size([92, 1])). This will likely lead to incorrect results due to broadcasting. Please ensure they have the same size.
  return F.mse_loss(input, target, reduction=self.reduction)
/home/mburu/anaconda3/envs/TabSurvey/lib/python3.8/site-packages/torch/nn/modules/loss.py:535: UserWarning: Using a target size (torch.Size([114])) that is different to the input size (torch.Size([114, 1])). This will likely lead to incorrect results due to broadcasting. Please ensure they have the same size.
  return F.mse_loss(input, target, reduction=self.reduction)
/home/mburu/anaconda3/envs/TabSurvey/lib/python3.8/site-packages/torch/nn/modules/loss.py:535: UserWarning: Using a target size (torch.Size([128])) that is different to the input size (torch.Size([128, 1])). This will likely lead to incorrect results due to broadcasting. Please ensure they have the same size.
  return F.mse_loss(input, target, reduction=self.reduction)
/home/mburu/Master_Thesis/master-thesis-da/DNN_Trial/models/rtdl_models.py:479: UserWarning: To copy construct from a tensor, it is recommended to use sourceTensor.clone().detach() or sourceTensor.clone().detach().requires_grad_(True), rather than torch.tensor(sourceTensor).
  X = torch.tensor(X, dtype=torch.float32).to(self.device)
/home/mburu/anaconda3/envs/TabSurvey/lib/python3.8/site-packages/torch/nn/modules/loss.py:535: UserWarning: Using a target size (torch.Size([92])) that is different to the input size (torch.Size([92, 1])). This will likely lead to incorrect results due to broadcasting. Please ensure they have the same size.
  return F.mse_loss(input, target, reduction=self.reduction)
/home/mburu/anaconda3/envs/TabSurvey/lib/python3.8/site-packages/torch/nn/modules/loss.py:535: UserWarning: Using a target size (torch.Size([114])) that is different to the input size (torch.Size([114, 1])). This will likely lead to incorrect results due to broadcasting. Please ensure they have the same size.
  return F.mse_loss(input, target, reduction=self.reduction)
[I 2025-05-11 02:52:49,811] Trial 4 finished with value: 1477.1306442316068 and parameters: {'learning_rate': 0.006159022595980245, 'weight_decay': 2.3634616729879505e-05}. Best is trial 0 with value: 1455.9923702078681.
/home/mburu/anaconda3/envs/TabSurvey/lib/python3.8/site-packages/torch/nn/modules/loss.py:535: UserWarning: Using a target size (torch.Size([128])) that is different to the input size (torch.Size([128, 1])). This will likely lead to incorrect results due to broadcasting. Please ensure they have the same size.
  return F.mse_loss(input, target, reduction=self.reduction)
/home/mburu/Master_Thesis/master-thesis-da/DNN_Trial/models/rtdl_models.py:479: UserWarning: To copy construct from a tensor, it is recommended to use sourceTensor.clone().detach() or sourceTensor.clone().detach().requires_grad_(True), rather than torch.tensor(sourceTensor).
  X = torch.tensor(X, dtype=torch.float32).to(self.device)
/home/mburu/anaconda3/envs/TabSurvey/lib/python3.8/site-packages/torch/nn/modules/loss.py:535: UserWarning: Using a target size (torch.Size([116])) that is different to the input size (torch.Size([116, 1])). This will likely lead to incorrect results due to broadcasting. Please ensure they have the same size.
  return F.mse_loss(input, target, reduction=self.reduction)
/home/mburu/anaconda3/envs/TabSurvey/lib/python3.8/site-packages/torch/nn/modules/loss.py:535: UserWarning: Using a target size (torch.Size([78])) that is different to the input size (torch.Size([78, 1])). This will likely lead to incorrect results due to broadcasting. Please ensure they have the same size.
  return F.mse_loss(input, target, reduction=self.reduction)
[I 2025-05-11 02:52:49,969] A new study created in memory with name: FTTransformer_Socmob_outer3
/home/mburu/anaconda3/envs/TabSurvey/lib/python3.8/site-packages/torch/nn/modules/loss.py:535: UserWarning: Using a target size (torch.Size([128])) that is different to the input size (torch.Size([128, 1])). This will likely lead to incorrect results due to broadcasting. Please ensure they have the same size.
  return F.mse_loss(input, target, reduction=self.reduction)
/home/mburu/Master_Thesis/master-thesis-da/DNN_Trial/models/rtdl_models.py:479: UserWarning: To copy construct from a tensor, it is recommended to use sourceTensor.clone().detach() or sourceTensor.clone().detach().requires_grad_(True), rather than torch.tensor(sourceTensor).
  X = torch.tensor(X, dtype=torch.float32).to(self.device)
/home/mburu/anaconda3/envs/TabSurvey/lib/python3.8/site-packages/torch/nn/modules/loss.py:535: UserWarning: Using a target size (torch.Size([93])) that is different to the input size (torch.Size([93, 1])). This will likely lead to incorrect results due to broadcasting. Please ensure they have the same size.
  return F.mse_loss(input, target, reduction=self.reduction)
/home/mburu/anaconda3/envs/TabSurvey/lib/python3.8/site-packages/torch/nn/modules/loss.py:535: UserWarning: Using a target size (torch.Size([113])) that is different to the input size (torch.Size([113, 1])). This will likely lead to incorrect results due to broadcasting. Please ensure they have the same size.
  return F.mse_loss(input, target, reduction=self.reduction)
/home/mburu/anaconda3/envs/TabSurvey/lib/python3.8/site-packages/torch/nn/modules/loss.py:535: UserWarning: Using a target size (torch.Size([128])) that is different to the input size (torch.Size([128, 1])). This will likely lead to incorrect results due to broadcasting. Please ensure they have the same size.
  return F.mse_loss(input, target, reduction=self.reduction)
/home/mburu/Master_Thesis/master-thesis-da/DNN_Trial/models/rtdl_models.py:479: UserWarning: To copy construct from a tensor, it is recommended to use sourceTensor.clone().detach() or sourceTensor.clone().detach().requires_grad_(True), rather than torch.tensor(sourceTensor).
  X = torch.tensor(X, dtype=torch.float32).to(self.device)
/home/mburu/anaconda3/envs/TabSurvey/lib/python3.8/site-packages/torch/nn/modules/loss.py:535: UserWarning: Using a target size (torch.Size([93])) that is different to the input size (torch.Size([93, 1])). This will likely lead to incorrect results due to broadcasting. Please ensure they have the same size.
  return F.mse_loss(input, target, reduction=self.reduction)
/home/mburu/anaconda3/envs/TabSurvey/lib/python3.8/site-packages/torch/nn/modules/loss.py:535: UserWarning: Using a target size (torch.Size([113])) that is different to the input size (torch.Size([113, 1])). This will likely lead to incorrect results due to broadcasting. Please ensure they have the same size.
  return F.mse_loss(input, target, reduction=self.reduction)
/home/mburu/anaconda3/envs/TabSurvey/lib/python3.8/site-packages/torch/nn/modules/loss.py:535: UserWarning: Using a target size (torch.Size([128])) that is different to the input size (torch.Size([128, 1])). This will likely lead to incorrect results due to broadcasting. Please ensure they have the same size.
  return F.mse_loss(input, target, reduction=self.reduction)
/home/mburu/Master_Thesis/master-thesis-da/DNN_Trial/models/rtdl_models.py:479: UserWarning: To copy construct from a tensor, it is recommended to use sourceTensor.clone().detach() or sourceTensor.clone().detach().requires_grad_(True), rather than torch.tensor(sourceTensor).
  X = torch.tensor(X, dtype=torch.float32).to(self.device)
/home/mburu/anaconda3/envs/TabSurvey/lib/python3.8/site-packages/torch/nn/modules/loss.py:535: UserWarning: Using a target size (torch.Size([92])) that is different to the input size (torch.Size([92, 1])). This will likely lead to incorrect results due to broadcasting. Please ensure they have the same size.
  return F.mse_loss(input, target, reduction=self.reduction)
/home/mburu/anaconda3/envs/TabSurvey/lib/python3.8/site-packages/torch/nn/modules/loss.py:535: UserWarning: Using a target size (torch.Size([114])) that is different to the input size (torch.Size([114, 1])). This will likely lead to incorrect results due to broadcasting. Please ensure they have the same size.
  return F.mse_loss(input, target, reduction=self.reduction)
/home/mburu/anaconda3/envs/TabSurvey/lib/python3.8/site-packages/torch/nn/modules/loss.py:535: UserWarning: Using a target size (torch.Size([128])) that is different to the input size (torch.Size([128, 1])). This will likely lead to incorrect results due to broadcasting. Please ensure they have the same size.
  return F.mse_loss(input, target, reduction=self.reduction)
/home/mburu/Master_Thesis/master-thesis-da/DNN_Trial/models/rtdl_models.py:479: UserWarning: To copy construct from a tensor, it is recommended to use sourceTensor.clone().detach() or sourceTensor.clone().detach().requires_grad_(True), rather than torch.tensor(sourceTensor).
  X = torch.tensor(X, dtype=torch.float32).to(self.device)
/home/mburu/anaconda3/envs/TabSurvey/lib/python3.8/site-packages/torch/nn/modules/loss.py:535: UserWarning: Using a target size (torch.Size([92])) that is different to the input size (torch.Size([92, 1])). This will likely lead to incorrect results due to broadcasting. Please ensure they have the same size.
  return F.mse_loss(input, target, reduction=self.reduction)
/home/mburu/anaconda3/envs/TabSurvey/lib/python3.8/site-packages/torch/nn/modules/loss.py:535: UserWarning: Using a target size (torch.Size([114])) that is different to the input size (torch.Size([114, 1])). This will likely lead to incorrect results due to broadcasting. Please ensure they have the same size.
  return F.mse_loss(input, target, reduction=self.reduction)
/home/mburu/anaconda3/envs/TabSurvey/lib/python3.8/site-packages/torch/nn/modules/loss.py:535: UserWarning: Using a target size (torch.Size([128])) that is different to the input size (torch.Size([128, 1])). This will likely lead to incorrect results due to broadcasting. Please ensure they have the same size.
  return F.mse_loss(input, target, reduction=self.reduction)
/home/mburu/Master_Thesis/master-thesis-da/DNN_Trial/models/rtdl_models.py:479: UserWarning: To copy construct from a tensor, it is recommended to use sourceTensor.clone().detach() or sourceTensor.clone().detach().requires_grad_(True), rather than torch.tensor(sourceTensor).
  X = torch.tensor(X, dtype=torch.float32).to(self.device)
/home/mburu/anaconda3/envs/TabSurvey/lib/python3.8/site-packages/torch/nn/modules/loss.py:535: UserWarning: Using a target size (torch.Size([92])) that is different to the input size (torch.Size([92, 1])). This will likely lead to incorrect results due to broadcasting. Please ensure they have the same size.
  return F.mse_loss(input, target, reduction=self.reduction)
/home/mburu/anaconda3/envs/TabSurvey/lib/python3.8/site-packages/torch/nn/modules/loss.py:535: UserWarning: Using a target size (torch.Size([114])) that is different to the input size (torch.Size([114, 1])). This will likely lead to incorrect results due to broadcasting. Please ensure they have the same size.
  return F.mse_loss(input, target, reduction=self.reduction)
[I 2025-05-11 02:52:50,618] Trial 0 finished with value: 1710.5957799195792 and parameters: {'learning_rate': 0.0016868712560996102, 'weight_decay': 6.79291565770207e-05}. Best is trial 0 with value: 1710.5957799195792.
/home/mburu/anaconda3/envs/TabSurvey/lib/python3.8/site-packages/torch/nn/modules/loss.py:535: UserWarning: Using a target size (torch.Size([128])) that is different to the input size (torch.Size([128, 1])). This will likely lead to incorrect results due to broadcasting. Please ensure they have the same size.
  return F.mse_loss(input, target, reduction=self.reduction)
/home/mburu/Master_Thesis/master-thesis-da/DNN_Trial/models/rtdl_models.py:479: UserWarning: To copy construct from a tensor, it is recommended to use sourceTensor.clone().detach() or sourceTensor.clone().detach().requires_grad_(True), rather than torch.tensor(sourceTensor).
  X = torch.tensor(X, dtype=torch.float32).to(self.device)
/home/mburu/anaconda3/envs/TabSurvey/lib/python3.8/site-packages/torch/nn/modules/loss.py:535: UserWarning: Using a target size (torch.Size([93])) that is different to the input size (torch.Size([93, 1])). This will likely lead to incorrect results due to broadcasting. Please ensure they have the same size.
  return F.mse_loss(input, target, reduction=self.reduction)
/home/mburu/anaconda3/envs/TabSurvey/lib/python3.8/site-packages/torch/nn/modules/loss.py:535: UserWarning: Using a target size (torch.Size([113])) that is different to the input size (torch.Size([113, 1])). This will likely lead to incorrect results due to broadcasting. Please ensure they have the same size.
  return F.mse_loss(input, target, reduction=self.reduction)
/home/mburu/anaconda3/envs/TabSurvey/lib/python3.8/site-packages/torch/nn/modules/loss.py:535: UserWarning: Using a target size (torch.Size([128])) that is different to the input size (torch.Size([128, 1])). This will likely lead to incorrect results due to broadcasting. Please ensure they have the same size.
  return F.mse_loss(input, target, reduction=self.reduction)
/home/mburu/Master_Thesis/master-thesis-da/DNN_Trial/models/rtdl_models.py:479: UserWarning: To copy construct from a tensor, it is recommended to use sourceTensor.clone().detach() or sourceTensor.clone().detach().requires_grad_(True), rather than torch.tensor(sourceTensor).
  X = torch.tensor(X, dtype=torch.float32).to(self.device)
/home/mburu/anaconda3/envs/TabSurvey/lib/python3.8/site-packages/torch/nn/modules/loss.py:535: UserWarning: Using a target size (torch.Size([93])) that is different to the input size (torch.Size([93, 1])). This will likely lead to incorrect results due to broadcasting. Please ensure they have the same size.
  return F.mse_loss(input, target, reduction=self.reduction)
/home/mburu/anaconda3/envs/TabSurvey/lib/python3.8/site-packages/torch/nn/modules/loss.py:535: UserWarning: Using a target size (torch.Size([113])) that is different to the input size (torch.Size([113, 1])). This will likely lead to incorrect results due to broadcasting. Please ensure they have the same size.
  return F.mse_loss(input, target, reduction=self.reduction)
/home/mburu/anaconda3/envs/TabSurvey/lib/python3.8/site-packages/torch/nn/modules/loss.py:535: UserWarning: Using a target size (torch.Size([128])) that is different to the input size (torch.Size([128, 1])). This will likely lead to incorrect results due to broadcasting. Please ensure they have the same size.
  return F.mse_loss(input, target, reduction=self.reduction)
/home/mburu/Master_Thesis/master-thesis-da/DNN_Trial/models/rtdl_models.py:479: UserWarning: To copy construct from a tensor, it is recommended to use sourceTensor.clone().detach() or sourceTensor.clone().detach().requires_grad_(True), rather than torch.tensor(sourceTensor).
  X = torch.tensor(X, dtype=torch.float32).to(self.device)
/home/mburu/anaconda3/envs/TabSurvey/lib/python3.8/site-packages/torch/nn/modules/loss.py:535: UserWarning: Using a target size (torch.Size([92])) that is different to the input size (torch.Size([92, 1])). This will likely lead to incorrect results due to broadcasting. Please ensure they have the same size.
  return F.mse_loss(input, target, reduction=self.reduction)
/home/mburu/anaconda3/envs/TabSurvey/lib/python3.8/site-packages/torch/nn/modules/loss.py:535: UserWarning: Using a target size (torch.Size([114])) that is different to the input size (torch.Size([114, 1])). This will likely lead to incorrect results due to broadcasting. Please ensure they have the same size.
  return F.mse_loss(input, target, reduction=self.reduction)
/home/mburu/anaconda3/envs/TabSurvey/lib/python3.8/site-packages/torch/nn/modules/loss.py:535: UserWarning: Using a target size (torch.Size([128])) that is different to the input size (torch.Size([128, 1])). This will likely lead to incorrect results due to broadcasting. Please ensure they have the same size.
  return F.mse_loss(input, target, reduction=self.reduction)
/home/mburu/Master_Thesis/master-thesis-da/DNN_Trial/models/rtdl_models.py:479: UserWarning: To copy construct from a tensor, it is recommended to use sourceTensor.clone().detach() or sourceTensor.clone().detach().requires_grad_(True), rather than torch.tensor(sourceTensor).
  X = torch.tensor(X, dtype=torch.float32).to(self.device)
/home/mburu/anaconda3/envs/TabSurvey/lib/python3.8/site-packages/torch/nn/modules/loss.py:535: UserWarning: Using a target size (torch.Size([92])) that is different to the input size (torch.Size([92, 1])). This will likely lead to incorrect results due to broadcasting. Please ensure they have the same size.
  return F.mse_loss(input, target, reduction=self.reduction)
/home/mburu/anaconda3/envs/TabSurvey/lib/python3.8/site-packages/torch/nn/modules/loss.py:535: UserWarning: Using a target size (torch.Size([114])) that is different to the input size (torch.Size([114, 1])). This will likely lead to incorrect results due to broadcasting. Please ensure they have the same size.
  return F.mse_loss(input, target, reduction=self.reduction)
/home/mburu/anaconda3/envs/TabSurvey/lib/python3.8/site-packages/torch/nn/modules/loss.py:535: UserWarning: Using a target size (torch.Size([128])) that is different to the input size (torch.Size([128, 1])). This will likely lead to incorrect results due to broadcasting. Please ensure they have the same size.
  return F.mse_loss(input, target, reduction=self.reduction)
/home/mburu/Master_Thesis/master-thesis-da/DNN_Trial/models/rtdl_models.py:479: UserWarning: To copy construct from a tensor, it is recommended to use sourceTensor.clone().detach() or sourceTensor.clone().detach().requires_grad_(True), rather than torch.tensor(sourceTensor).
  X = torch.tensor(X, dtype=torch.float32).to(self.device)
/home/mburu/anaconda3/envs/TabSurvey/lib/python3.8/site-packages/torch/nn/modules/loss.py:535: UserWarning: Using a target size (torch.Size([92])) that is different to the input size (torch.Size([92, 1])). This will likely lead to incorrect results due to broadcasting. Please ensure they have the same size.
  return F.mse_loss(input, target, reduction=self.reduction)
/home/mburu/anaconda3/envs/TabSurvey/lib/python3.8/site-packages/torch/nn/modules/loss.py:535: UserWarning: Using a target size (torch.Size([114])) that is different to the input size (torch.Size([114, 1])). This will likely lead to incorrect results due to broadcasting. Please ensure they have the same size.
  return F.mse_loss(input, target, reduction=self.reduction)
[I 2025-05-11 02:52:51,276] Trial 1 finished with value: 1686.1033415261288 and parameters: {'learning_rate': 0.005080435550687973, 'weight_decay': 2.921508664365943e-06}. Best is trial 1 with value: 1686.1033415261288.
/home/mburu/anaconda3/envs/TabSurvey/lib/python3.8/site-packages/torch/nn/modules/loss.py:535: UserWarning: Using a target size (torch.Size([128])) that is different to the input size (torch.Size([128, 1])). This will likely lead to incorrect results due to broadcasting. Please ensure they have the same size.
  return F.mse_loss(input, target, reduction=self.reduction)
/home/mburu/Master_Thesis/master-thesis-da/DNN_Trial/models/rtdl_models.py:479: UserWarning: To copy construct from a tensor, it is recommended to use sourceTensor.clone().detach() or sourceTensor.clone().detach().requires_grad_(True), rather than torch.tensor(sourceTensor).
  X = torch.tensor(X, dtype=torch.float32).to(self.device)
/home/mburu/anaconda3/envs/TabSurvey/lib/python3.8/site-packages/torch/nn/modules/loss.py:535: UserWarning: Using a target size (torch.Size([93])) that is different to the input size (torch.Size([93, 1])). This will likely lead to incorrect results due to broadcasting. Please ensure they have the same size.
  return F.mse_loss(input, target, reduction=self.reduction)
/home/mburu/anaconda3/envs/TabSurvey/lib/python3.8/site-packages/torch/nn/modules/loss.py:535: UserWarning: Using a target size (torch.Size([113])) that is different to the input size (torch.Size([113, 1])). This will likely lead to incorrect results due to broadcasting. Please ensure they have the same size.
  return F.mse_loss(input, target, reduction=self.reduction)
/home/mburu/anaconda3/envs/TabSurvey/lib/python3.8/site-packages/torch/nn/modules/loss.py:535: UserWarning: Using a target size (torch.Size([128])) that is different to the input size (torch.Size([128, 1])). This will likely lead to incorrect results due to broadcasting. Please ensure they have the same size.
  return F.mse_loss(input, target, reduction=self.reduction)
/home/mburu/Master_Thesis/master-thesis-da/DNN_Trial/models/rtdl_models.py:479: UserWarning: To copy construct from a tensor, it is recommended to use sourceTensor.clone().detach() or sourceTensor.clone().detach().requires_grad_(True), rather than torch.tensor(sourceTensor).
  X = torch.tensor(X, dtype=torch.float32).to(self.device)
/home/mburu/anaconda3/envs/TabSurvey/lib/python3.8/site-packages/torch/nn/modules/loss.py:535: UserWarning: Using a target size (torch.Size([93])) that is different to the input size (torch.Size([93, 1])). This will likely lead to incorrect results due to broadcasting. Please ensure they have the same size.
  return F.mse_loss(input, target, reduction=self.reduction)
/home/mburu/anaconda3/envs/TabSurvey/lib/python3.8/site-packages/torch/nn/modules/loss.py:535: UserWarning: Using a target size (torch.Size([113])) that is different to the input size (torch.Size([113, 1])). This will likely lead to incorrect results due to broadcasting. Please ensure they have the same size.
  return F.mse_loss(input, target, reduction=self.reduction)
/home/mburu/anaconda3/envs/TabSurvey/lib/python3.8/site-packages/torch/nn/modules/loss.py:535: UserWarning: Using a target size (torch.Size([128])) that is different to the input size (torch.Size([128, 1])). This will likely lead to incorrect results due to broadcasting. Please ensure they have the same size.
  return F.mse_loss(input, target, reduction=self.reduction)
/home/mburu/Master_Thesis/master-thesis-da/DNN_Trial/models/rtdl_models.py:479: UserWarning: To copy construct from a tensor, it is recommended to use sourceTensor.clone().detach() or sourceTensor.clone().detach().requires_grad_(True), rather than torch.tensor(sourceTensor).
  X = torch.tensor(X, dtype=torch.float32).to(self.device)
/home/mburu/anaconda3/envs/TabSurvey/lib/python3.8/site-packages/torch/nn/modules/loss.py:535: UserWarning: Using a target size (torch.Size([92])) that is different to the input size (torch.Size([92, 1])). This will likely lead to incorrect results due to broadcasting. Please ensure they have the same size.
  return F.mse_loss(input, target, reduction=self.reduction)
/home/mburu/anaconda3/envs/TabSurvey/lib/python3.8/site-packages/torch/nn/modules/loss.py:535: UserWarning: Using a target size (torch.Size([114])) that is different to the input size (torch.Size([114, 1])). This will likely lead to incorrect results due to broadcasting. Please ensure they have the same size.
  return F.mse_loss(input, target, reduction=self.reduction)
/home/mburu/anaconda3/envs/TabSurvey/lib/python3.8/site-packages/torch/nn/modules/loss.py:535: UserWarning: Using a target size (torch.Size([128])) that is different to the input size (torch.Size([128, 1])). This will likely lead to incorrect results due to broadcasting. Please ensure they have the same size.
  return F.mse_loss(input, target, reduction=self.reduction)
/home/mburu/Master_Thesis/master-thesis-da/DNN_Trial/models/rtdl_models.py:479: UserWarning: To copy construct from a tensor, it is recommended to use sourceTensor.clone().detach() or sourceTensor.clone().detach().requires_grad_(True), rather than torch.tensor(sourceTensor).
  X = torch.tensor(X, dtype=torch.float32).to(self.device)
/home/mburu/anaconda3/envs/TabSurvey/lib/python3.8/site-packages/torch/nn/modules/loss.py:535: UserWarning: Using a target size (torch.Size([92])) that is different to the input size (torch.Size([92, 1])). This will likely lead to incorrect results due to broadcasting. Please ensure they have the same size.
  return F.mse_loss(input, target, reduction=self.reduction)
/home/mburu/anaconda3/envs/TabSurvey/lib/python3.8/site-packages/torch/nn/modules/loss.py:535: UserWarning: Using a target size (torch.Size([114])) that is different to the input size (torch.Size([114, 1])). This will likely lead to incorrect results due to broadcasting. Please ensure they have the same size.
  return F.mse_loss(input, target, reduction=self.reduction)
/home/mburu/anaconda3/envs/TabSurvey/lib/python3.8/site-packages/torch/nn/modules/loss.py:535: UserWarning: Using a target size (torch.Size([128])) that is different to the input size (torch.Size([128, 1])). This will likely lead to incorrect results due to broadcasting. Please ensure they have the same size.
  return F.mse_loss(input, target, reduction=self.reduction)
/home/mburu/Master_Thesis/master-thesis-da/DNN_Trial/models/rtdl_models.py:479: UserWarning: To copy construct from a tensor, it is recommended to use sourceTensor.clone().detach() or sourceTensor.clone().detach().requires_grad_(True), rather than torch.tensor(sourceTensor).
  X = torch.tensor(X, dtype=torch.float32).to(self.device)
/home/mburu/anaconda3/envs/TabSurvey/lib/python3.8/site-packages/torch/nn/modules/loss.py:535: UserWarning: Using a target size (torch.Size([92])) that is different to the input size (torch.Size([92, 1])). This will likely lead to incorrect results due to broadcasting. Please ensure they have the same size.
  return F.mse_loss(input, target, reduction=self.reduction)
/home/mburu/anaconda3/envs/TabSurvey/lib/python3.8/site-packages/torch/nn/modules/loss.py:535: UserWarning: Using a target size (torch.Size([114])) that is different to the input size (torch.Size([114, 1])). This will likely lead to incorrect results due to broadcasting. Please ensure they have the same size.
  return F.mse_loss(input, target, reduction=self.reduction)
[I 2025-05-11 02:52:51,941] Trial 2 finished with value: 1814.8795010347578 and parameters: {'learning_rate': 1.3319350764965397e-05, 'weight_decay': 0.006219762947746602}. Best is trial 1 with value: 1686.1033415261288.
/home/mburu/anaconda3/envs/TabSurvey/lib/python3.8/site-packages/torch/nn/modules/loss.py:535: UserWarning: Using a target size (torch.Size([128])) that is different to the input size (torch.Size([128, 1])). This will likely lead to incorrect results due to broadcasting. Please ensure they have the same size.
  return F.mse_loss(input, target, reduction=self.reduction)
/home/mburu/Master_Thesis/master-thesis-da/DNN_Trial/models/rtdl_models.py:479: UserWarning: To copy construct from a tensor, it is recommended to use sourceTensor.clone().detach() or sourceTensor.clone().detach().requires_grad_(True), rather than torch.tensor(sourceTensor).
  X = torch.tensor(X, dtype=torch.float32).to(self.device)
/home/mburu/anaconda3/envs/TabSurvey/lib/python3.8/site-packages/torch/nn/modules/loss.py:535: UserWarning: Using a target size (torch.Size([93])) that is different to the input size (torch.Size([93, 1])). This will likely lead to incorrect results due to broadcasting. Please ensure they have the same size.
  return F.mse_loss(input, target, reduction=self.reduction)
/home/mburu/anaconda3/envs/TabSurvey/lib/python3.8/site-packages/torch/nn/modules/loss.py:535: UserWarning: Using a target size (torch.Size([113])) that is different to the input size (torch.Size([113, 1])). This will likely lead to incorrect results due to broadcasting. Please ensure they have the same size.
  return F.mse_loss(input, target, reduction=self.reduction)
/home/mburu/anaconda3/envs/TabSurvey/lib/python3.8/site-packages/torch/nn/modules/loss.py:535: UserWarning: Using a target size (torch.Size([128])) that is different to the input size (torch.Size([128, 1])). This will likely lead to incorrect results due to broadcasting. Please ensure they have the same size.
  return F.mse_loss(input, target, reduction=self.reduction)
/home/mburu/Master_Thesis/master-thesis-da/DNN_Trial/models/rtdl_models.py:479: UserWarning: To copy construct from a tensor, it is recommended to use sourceTensor.clone().detach() or sourceTensor.clone().detach().requires_grad_(True), rather than torch.tensor(sourceTensor).
  X = torch.tensor(X, dtype=torch.float32).to(self.device)
/home/mburu/anaconda3/envs/TabSurvey/lib/python3.8/site-packages/torch/nn/modules/loss.py:535: UserWarning: Using a target size (torch.Size([93])) that is different to the input size (torch.Size([93, 1])). This will likely lead to incorrect results due to broadcasting. Please ensure they have the same size.
  return F.mse_loss(input, target, reduction=self.reduction)
/home/mburu/anaconda3/envs/TabSurvey/lib/python3.8/site-packages/torch/nn/modules/loss.py:535: UserWarning: Using a target size (torch.Size([113])) that is different to the input size (torch.Size([113, 1])). This will likely lead to incorrect results due to broadcasting. Please ensure they have the same size.
  return F.mse_loss(input, target, reduction=self.reduction)
/home/mburu/anaconda3/envs/TabSurvey/lib/python3.8/site-packages/torch/nn/modules/loss.py:535: UserWarning: Using a target size (torch.Size([128])) that is different to the input size (torch.Size([128, 1])). This will likely lead to incorrect results due to broadcasting. Please ensure they have the same size.
  return F.mse_loss(input, target, reduction=self.reduction)
/home/mburu/Master_Thesis/master-thesis-da/DNN_Trial/models/rtdl_models.py:479: UserWarning: To copy construct from a tensor, it is recommended to use sourceTensor.clone().detach() or sourceTensor.clone().detach().requires_grad_(True), rather than torch.tensor(sourceTensor).
  X = torch.tensor(X, dtype=torch.float32).to(self.device)
/home/mburu/anaconda3/envs/TabSurvey/lib/python3.8/site-packages/torch/nn/modules/loss.py:535: UserWarning: Using a target size (torch.Size([92])) that is different to the input size (torch.Size([92, 1])). This will likely lead to incorrect results due to broadcasting. Please ensure they have the same size.
  return F.mse_loss(input, target, reduction=self.reduction)
/home/mburu/anaconda3/envs/TabSurvey/lib/python3.8/site-packages/torch/nn/modules/loss.py:535: UserWarning: Using a target size (torch.Size([114])) that is different to the input size (torch.Size([114, 1])). This will likely lead to incorrect results due to broadcasting. Please ensure they have the same size.
  return F.mse_loss(input, target, reduction=self.reduction)
/home/mburu/anaconda3/envs/TabSurvey/lib/python3.8/site-packages/torch/nn/modules/loss.py:535: UserWarning: Using a target size (torch.Size([128])) that is different to the input size (torch.Size([128, 1])). This will likely lead to incorrect results due to broadcasting. Please ensure they have the same size.
  return F.mse_loss(input, target, reduction=self.reduction)
/home/mburu/Master_Thesis/master-thesis-da/DNN_Trial/models/rtdl_models.py:479: UserWarning: To copy construct from a tensor, it is recommended to use sourceTensor.clone().detach() or sourceTensor.clone().detach().requires_grad_(True), rather than torch.tensor(sourceTensor).
  X = torch.tensor(X, dtype=torch.float32).to(self.device)
/home/mburu/anaconda3/envs/TabSurvey/lib/python3.8/site-packages/torch/nn/modules/loss.py:535: UserWarning: Using a target size (torch.Size([92])) that is different to the input size (torch.Size([92, 1])). This will likely lead to incorrect results due to broadcasting. Please ensure they have the same size.
  return F.mse_loss(input, target, reduction=self.reduction)
/home/mburu/anaconda3/envs/TabSurvey/lib/python3.8/site-packages/torch/nn/modules/loss.py:535: UserWarning: Using a target size (torch.Size([114])) that is different to the input size (torch.Size([114, 1])). This will likely lead to incorrect results due to broadcasting. Please ensure they have the same size.
  return F.mse_loss(input, target, reduction=self.reduction)
/home/mburu/anaconda3/envs/TabSurvey/lib/python3.8/site-packages/torch/nn/modules/loss.py:535: UserWarning: Using a target size (torch.Size([128])) that is different to the input size (torch.Size([128, 1])). This will likely lead to incorrect results due to broadcasting. Please ensure they have the same size.
  return F.mse_loss(input, target, reduction=self.reduction)
/home/mburu/Master_Thesis/master-thesis-da/DNN_Trial/models/rtdl_models.py:479: UserWarning: To copy construct from a tensor, it is recommended to use sourceTensor.clone().detach() or sourceTensor.clone().detach().requires_grad_(True), rather than torch.tensor(sourceTensor).
  X = torch.tensor(X, dtype=torch.float32).to(self.device)
/home/mburu/anaconda3/envs/TabSurvey/lib/python3.8/site-packages/torch/nn/modules/loss.py:535: UserWarning: Using a target size (torch.Size([92])) that is different to the input size (torch.Size([92, 1])). This will likely lead to incorrect results due to broadcasting. Please ensure they have the same size.
  return F.mse_loss(input, target, reduction=self.reduction)
/home/mburu/anaconda3/envs/TabSurvey/lib/python3.8/site-packages/torch/nn/modules/loss.py:535: UserWarning: Using a target size (torch.Size([114])) that is different to the input size (torch.Size([114, 1])). This will likely lead to incorrect results due to broadcasting. Please ensure they have the same size.
  return F.mse_loss(input, target, reduction=self.reduction)
[I 2025-05-11 02:52:52,594] Trial 3 finished with value: 1810.1249034448222 and parameters: {'learning_rate': 1.9961118664943236e-05, 'weight_decay': 9.32103673656516e-06}. Best is trial 1 with value: 1686.1033415261288.
/home/mburu/anaconda3/envs/TabSurvey/lib/python3.8/site-packages/torch/nn/modules/loss.py:535: UserWarning: Using a target size (torch.Size([128])) that is different to the input size (torch.Size([128, 1])). This will likely lead to incorrect results due to broadcasting. Please ensure they have the same size.
  return F.mse_loss(input, target, reduction=self.reduction)
/home/mburu/Master_Thesis/master-thesis-da/DNN_Trial/models/rtdl_models.py:479: UserWarning: To copy construct from a tensor, it is recommended to use sourceTensor.clone().detach() or sourceTensor.clone().detach().requires_grad_(True), rather than torch.tensor(sourceTensor).
  X = torch.tensor(X, dtype=torch.float32).to(self.device)
/home/mburu/anaconda3/envs/TabSurvey/lib/python3.8/site-packages/torch/nn/modules/loss.py:535: UserWarning: Using a target size (torch.Size([93])) that is different to the input size (torch.Size([93, 1])). This will likely lead to incorrect results due to broadcasting. Please ensure they have the same size.
  return F.mse_loss(input, target, reduction=self.reduction)
/home/mburu/anaconda3/envs/TabSurvey/lib/python3.8/site-packages/torch/nn/modules/loss.py:535: UserWarning: Using a target size (torch.Size([113])) that is different to the input size (torch.Size([113, 1])). This will likely lead to incorrect results due to broadcasting. Please ensure they have the same size.
  return F.mse_loss(input, target, reduction=self.reduction)
/home/mburu/anaconda3/envs/TabSurvey/lib/python3.8/site-packages/torch/nn/modules/loss.py:535: UserWarning: Using a target size (torch.Size([128])) that is different to the input size (torch.Size([128, 1])). This will likely lead to incorrect results due to broadcasting. Please ensure they have the same size.
  return F.mse_loss(input, target, reduction=self.reduction)
/home/mburu/Master_Thesis/master-thesis-da/DNN_Trial/models/rtdl_models.py:479: UserWarning: To copy construct from a tensor, it is recommended to use sourceTensor.clone().detach() or sourceTensor.clone().detach().requires_grad_(True), rather than torch.tensor(sourceTensor).
  X = torch.tensor(X, dtype=torch.float32).to(self.device)
/home/mburu/anaconda3/envs/TabSurvey/lib/python3.8/site-packages/torch/nn/modules/loss.py:535: UserWarning: Using a target size (torch.Size([93])) that is different to the input size (torch.Size([93, 1])). This will likely lead to incorrect results due to broadcasting. Please ensure they have the same size.
  return F.mse_loss(input, target, reduction=self.reduction)
/home/mburu/anaconda3/envs/TabSurvey/lib/python3.8/site-packages/torch/nn/modules/loss.py:535: UserWarning: Using a target size (torch.Size([113])) that is different to the input size (torch.Size([113, 1])). This will likely lead to incorrect results due to broadcasting. Please ensure they have the same size.
  return F.mse_loss(input, target, reduction=self.reduction)
/home/mburu/anaconda3/envs/TabSurvey/lib/python3.8/site-packages/torch/nn/modules/loss.py:535: UserWarning: Using a target size (torch.Size([128])) that is different to the input size (torch.Size([128, 1])). This will likely lead to incorrect results due to broadcasting. Please ensure they have the same size.
  return F.mse_loss(input, target, reduction=self.reduction)
/home/mburu/Master_Thesis/master-thesis-da/DNN_Trial/models/rtdl_models.py:479: UserWarning: To copy construct from a tensor, it is recommended to use sourceTensor.clone().detach() or sourceTensor.clone().detach().requires_grad_(True), rather than torch.tensor(sourceTensor).
  X = torch.tensor(X, dtype=torch.float32).to(self.device)
/home/mburu/anaconda3/envs/TabSurvey/lib/python3.8/site-packages/torch/nn/modules/loss.py:535: UserWarning: Using a target size (torch.Size([92])) that is different to the input size (torch.Size([92, 1])). This will likely lead to incorrect results due to broadcasting. Please ensure they have the same size.
  return F.mse_loss(input, target, reduction=self.reduction)
/home/mburu/anaconda3/envs/TabSurvey/lib/python3.8/site-packages/torch/nn/modules/loss.py:535: UserWarning: Using a target size (torch.Size([114])) that is different to the input size (torch.Size([114, 1])). This will likely lead to incorrect results due to broadcasting. Please ensure they have the same size.
  return F.mse_loss(input, target, reduction=self.reduction)
/home/mburu/anaconda3/envs/TabSurvey/lib/python3.8/site-packages/torch/nn/modules/loss.py:535: UserWarning: Using a target size (torch.Size([128])) that is different to the input size (torch.Size([128, 1])). This will likely lead to incorrect results due to broadcasting. Please ensure they have the same size.
  return F.mse_loss(input, target, reduction=self.reduction)
/home/mburu/Master_Thesis/master-thesis-da/DNN_Trial/models/rtdl_models.py:479: UserWarning: To copy construct from a tensor, it is recommended to use sourceTensor.clone().detach() or sourceTensor.clone().detach().requires_grad_(True), rather than torch.tensor(sourceTensor).
  X = torch.tensor(X, dtype=torch.float32).to(self.device)
/home/mburu/anaconda3/envs/TabSurvey/lib/python3.8/site-packages/torch/nn/modules/loss.py:535: UserWarning: Using a target size (torch.Size([92])) that is different to the input size (torch.Size([92, 1])). This will likely lead to incorrect results due to broadcasting. Please ensure they have the same size.
  return F.mse_loss(input, target, reduction=self.reduction)
/home/mburu/anaconda3/envs/TabSurvey/lib/python3.8/site-packages/torch/nn/modules/loss.py:535: UserWarning: Using a target size (torch.Size([114])) that is different to the input size (torch.Size([114, 1])). This will likely lead to incorrect results due to broadcasting. Please ensure they have the same size.
  return F.mse_loss(input, target, reduction=self.reduction)
/home/mburu/anaconda3/envs/TabSurvey/lib/python3.8/site-packages/torch/nn/modules/loss.py:535: UserWarning: Using a target size (torch.Size([128])) that is different to the input size (torch.Size([128, 1])). This will likely lead to incorrect results due to broadcasting. Please ensure they have the same size.
  return F.mse_loss(input, target, reduction=self.reduction)
/home/mburu/Master_Thesis/master-thesis-da/DNN_Trial/models/rtdl_models.py:479: UserWarning: To copy construct from a tensor, it is recommended to use sourceTensor.clone().detach() or sourceTensor.clone().detach().requires_grad_(True), rather than torch.tensor(sourceTensor).
  X = torch.tensor(X, dtype=torch.float32).to(self.device)
/home/mburu/anaconda3/envs/TabSurvey/lib/python3.8/site-packages/torch/nn/modules/loss.py:535: UserWarning: Using a target size (torch.Size([92])) that is different to the input size (torch.Size([92, 1])). This will likely lead to incorrect results due to broadcasting. Please ensure they have the same size.
  return F.mse_loss(input, target, reduction=self.reduction)
/home/mburu/anaconda3/envs/TabSurvey/lib/python3.8/site-packages/torch/nn/modules/loss.py:535: UserWarning: Using a target size (torch.Size([114])) that is different to the input size (torch.Size([114, 1])). This will likely lead to incorrect results due to broadcasting. Please ensure they have the same size.
  return F.mse_loss(input, target, reduction=self.reduction)
[I 2025-05-11 02:52:53,225] Trial 4 finished with value: 1723.503746407351 and parameters: {'learning_rate': 0.000882498635003339, 'weight_decay': 4.309521821316309e-05}. Best is trial 1 with value: 1686.1033415261288.
/home/mburu/anaconda3/envs/TabSurvey/lib/python3.8/site-packages/torch/nn/modules/loss.py:535: UserWarning: Using a target size (torch.Size([128])) that is different to the input size (torch.Size([128, 1])). This will likely lead to incorrect results due to broadcasting. Please ensure they have the same size.
  return F.mse_loss(input, target, reduction=self.reduction)
/home/mburu/Master_Thesis/master-thesis-da/DNN_Trial/models/rtdl_models.py:479: UserWarning: To copy construct from a tensor, it is recommended to use sourceTensor.clone().detach() or sourceTensor.clone().detach().requires_grad_(True), rather than torch.tensor(sourceTensor).
  X = torch.tensor(X, dtype=torch.float32).to(self.device)
/home/mburu/anaconda3/envs/TabSurvey/lib/python3.8/site-packages/torch/nn/modules/loss.py:535: UserWarning: Using a target size (torch.Size([116])) that is different to the input size (torch.Size([116, 1])). This will likely lead to incorrect results due to broadcasting. Please ensure they have the same size.
  return F.mse_loss(input, target, reduction=self.reduction)
/home/mburu/anaconda3/envs/TabSurvey/lib/python3.8/site-packages/torch/nn/modules/loss.py:535: UserWarning: Using a target size (torch.Size([78])) that is different to the input size (torch.Size([78, 1])). This will likely lead to incorrect results due to broadcasting. Please ensure they have the same size.
  return F.mse_loss(input, target, reduction=self.reduction)
[I 2025-05-11 02:52:53,384] A new study created in memory with name: FTTransformer_Socmob_outer4
/home/mburu/anaconda3/envs/TabSurvey/lib/python3.8/site-packages/torch/nn/modules/loss.py:535: UserWarning: Using a target size (torch.Size([128])) that is different to the input size (torch.Size([128, 1])). This will likely lead to incorrect results due to broadcasting. Please ensure they have the same size.
  return F.mse_loss(input, target, reduction=self.reduction)
/home/mburu/Master_Thesis/master-thesis-da/DNN_Trial/models/rtdl_models.py:479: UserWarning: To copy construct from a tensor, it is recommended to use sourceTensor.clone().detach() or sourceTensor.clone().detach().requires_grad_(True), rather than torch.tensor(sourceTensor).
  X = torch.tensor(X, dtype=torch.float32).to(self.device)
/home/mburu/anaconda3/envs/TabSurvey/lib/python3.8/site-packages/torch/nn/modules/loss.py:535: UserWarning: Using a target size (torch.Size([93])) that is different to the input size (torch.Size([93, 1])). This will likely lead to incorrect results due to broadcasting. Please ensure they have the same size.
  return F.mse_loss(input, target, reduction=self.reduction)
/home/mburu/anaconda3/envs/TabSurvey/lib/python3.8/site-packages/torch/nn/modules/loss.py:535: UserWarning: Using a target size (torch.Size([114])) that is different to the input size (torch.Size([114, 1])). This will likely lead to incorrect results due to broadcasting. Please ensure they have the same size.
  return F.mse_loss(input, target, reduction=self.reduction)
/home/mburu/anaconda3/envs/TabSurvey/lib/python3.8/site-packages/torch/nn/modules/loss.py:535: UserWarning: Using a target size (torch.Size([128])) that is different to the input size (torch.Size([128, 1])). This will likely lead to incorrect results due to broadcasting. Please ensure they have the same size.
  return F.mse_loss(input, target, reduction=self.reduction)
/home/mburu/Master_Thesis/master-thesis-da/DNN_Trial/models/rtdl_models.py:479: UserWarning: To copy construct from a tensor, it is recommended to use sourceTensor.clone().detach() or sourceTensor.clone().detach().requires_grad_(True), rather than torch.tensor(sourceTensor).
  X = torch.tensor(X, dtype=torch.float32).to(self.device)
/home/mburu/anaconda3/envs/TabSurvey/lib/python3.8/site-packages/torch/nn/modules/loss.py:535: UserWarning: Using a target size (torch.Size([93])) that is different to the input size (torch.Size([93, 1])). This will likely lead to incorrect results due to broadcasting. Please ensure they have the same size.
  return F.mse_loss(input, target, reduction=self.reduction)
/home/mburu/anaconda3/envs/TabSurvey/lib/python3.8/site-packages/torch/nn/modules/loss.py:535: UserWarning: Using a target size (torch.Size([114])) that is different to the input size (torch.Size([114, 1])). This will likely lead to incorrect results due to broadcasting. Please ensure they have the same size.
  return F.mse_loss(input, target, reduction=self.reduction)
/home/mburu/anaconda3/envs/TabSurvey/lib/python3.8/site-packages/torch/nn/modules/loss.py:535: UserWarning: Using a target size (torch.Size([128])) that is different to the input size (torch.Size([128, 1])). This will likely lead to incorrect results due to broadcasting. Please ensure they have the same size.
  return F.mse_loss(input, target, reduction=self.reduction)
/home/mburu/Master_Thesis/master-thesis-da/DNN_Trial/models/rtdl_models.py:479: UserWarning: To copy construct from a tensor, it is recommended to use sourceTensor.clone().detach() or sourceTensor.clone().detach().requires_grad_(True), rather than torch.tensor(sourceTensor).
  X = torch.tensor(X, dtype=torch.float32).to(self.device)
/home/mburu/anaconda3/envs/TabSurvey/lib/python3.8/site-packages/torch/nn/modules/loss.py:535: UserWarning: Using a target size (torch.Size([93])) that is different to the input size (torch.Size([93, 1])). This will likely lead to incorrect results due to broadcasting. Please ensure they have the same size.
  return F.mse_loss(input, target, reduction=self.reduction)
/home/mburu/anaconda3/envs/TabSurvey/lib/python3.8/site-packages/torch/nn/modules/loss.py:535: UserWarning: Using a target size (torch.Size([114])) that is different to the input size (torch.Size([114, 1])). This will likely lead to incorrect results due to broadcasting. Please ensure they have the same size.
  return F.mse_loss(input, target, reduction=self.reduction)
/home/mburu/anaconda3/envs/TabSurvey/lib/python3.8/site-packages/torch/nn/modules/loss.py:535: UserWarning: Using a target size (torch.Size([128])) that is different to the input size (torch.Size([128, 1])). This will likely lead to incorrect results due to broadcasting. Please ensure they have the same size.
  return F.mse_loss(input, target, reduction=self.reduction)
/home/mburu/Master_Thesis/master-thesis-da/DNN_Trial/models/rtdl_models.py:479: UserWarning: To copy construct from a tensor, it is recommended to use sourceTensor.clone().detach() or sourceTensor.clone().detach().requires_grad_(True), rather than torch.tensor(sourceTensor).
  X = torch.tensor(X, dtype=torch.float32).to(self.device)
/home/mburu/anaconda3/envs/TabSurvey/lib/python3.8/site-packages/torch/nn/modules/loss.py:535: UserWarning: Using a target size (torch.Size([92])) that is different to the input size (torch.Size([92, 1])). This will likely lead to incorrect results due to broadcasting. Please ensure they have the same size.
  return F.mse_loss(input, target, reduction=self.reduction)
/home/mburu/anaconda3/envs/TabSurvey/lib/python3.8/site-packages/torch/nn/modules/loss.py:535: UserWarning: Using a target size (torch.Size([115])) that is different to the input size (torch.Size([115, 1])). This will likely lead to incorrect results due to broadcasting. Please ensure they have the same size.
  return F.mse_loss(input, target, reduction=self.reduction)
/home/mburu/anaconda3/envs/TabSurvey/lib/python3.8/site-packages/torch/nn/modules/loss.py:535: UserWarning: Using a target size (torch.Size([128])) that is different to the input size (torch.Size([128, 1])). This will likely lead to incorrect results due to broadcasting. Please ensure they have the same size.
  return F.mse_loss(input, target, reduction=self.reduction)
/home/mburu/Master_Thesis/master-thesis-da/DNN_Trial/models/rtdl_models.py:479: UserWarning: To copy construct from a tensor, it is recommended to use sourceTensor.clone().detach() or sourceTensor.clone().detach().requires_grad_(True), rather than torch.tensor(sourceTensor).
  X = torch.tensor(X, dtype=torch.float32).to(self.device)
/home/mburu/anaconda3/envs/TabSurvey/lib/python3.8/site-packages/torch/nn/modules/loss.py:535: UserWarning: Using a target size (torch.Size([92])) that is different to the input size (torch.Size([92, 1])). This will likely lead to incorrect results due to broadcasting. Please ensure they have the same size.
  return F.mse_loss(input, target, reduction=self.reduction)
/home/mburu/anaconda3/envs/TabSurvey/lib/python3.8/site-packages/torch/nn/modules/loss.py:535: UserWarning: Using a target size (torch.Size([115])) that is different to the input size (torch.Size([115, 1])). This will likely lead to incorrect results due to broadcasting. Please ensure they have the same size.
  return F.mse_loss(input, target, reduction=self.reduction)
[I 2025-05-11 02:52:54,032] Trial 0 finished with value: 1672.347928752013 and parameters: {'learning_rate': 0.00010658973264162825, 'weight_decay': 7.840024201424603e-06}. Best is trial 0 with value: 1672.347928752013.
/home/mburu/anaconda3/envs/TabSurvey/lib/python3.8/site-packages/torch/nn/modules/loss.py:535: UserWarning: Using a target size (torch.Size([128])) that is different to the input size (torch.Size([128, 1])). This will likely lead to incorrect results due to broadcasting. Please ensure they have the same size.
  return F.mse_loss(input, target, reduction=self.reduction)
/home/mburu/Master_Thesis/master-thesis-da/DNN_Trial/models/rtdl_models.py:479: UserWarning: To copy construct from a tensor, it is recommended to use sourceTensor.clone().detach() or sourceTensor.clone().detach().requires_grad_(True), rather than torch.tensor(sourceTensor).
  X = torch.tensor(X, dtype=torch.float32).to(self.device)
/home/mburu/anaconda3/envs/TabSurvey/lib/python3.8/site-packages/torch/nn/modules/loss.py:535: UserWarning: Using a target size (torch.Size([93])) that is different to the input size (torch.Size([93, 1])). This will likely lead to incorrect results due to broadcasting. Please ensure they have the same size.
  return F.mse_loss(input, target, reduction=self.reduction)
/home/mburu/anaconda3/envs/TabSurvey/lib/python3.8/site-packages/torch/nn/modules/loss.py:535: UserWarning: Using a target size (torch.Size([114])) that is different to the input size (torch.Size([114, 1])). This will likely lead to incorrect results due to broadcasting. Please ensure they have the same size.
  return F.mse_loss(input, target, reduction=self.reduction)
/home/mburu/anaconda3/envs/TabSurvey/lib/python3.8/site-packages/torch/nn/modules/loss.py:535: UserWarning: Using a target size (torch.Size([128])) that is different to the input size (torch.Size([128, 1])). This will likely lead to incorrect results due to broadcasting. Please ensure they have the same size.
  return F.mse_loss(input, target, reduction=self.reduction)
/home/mburu/Master_Thesis/master-thesis-da/DNN_Trial/models/rtdl_models.py:479: UserWarning: To copy construct from a tensor, it is recommended to use sourceTensor.clone().detach() or sourceTensor.clone().detach().requires_grad_(True), rather than torch.tensor(sourceTensor).
  X = torch.tensor(X, dtype=torch.float32).to(self.device)
/home/mburu/anaconda3/envs/TabSurvey/lib/python3.8/site-packages/torch/nn/modules/loss.py:535: UserWarning: Using a target size (torch.Size([93])) that is different to the input size (torch.Size([93, 1])). This will likely lead to incorrect results due to broadcasting. Please ensure they have the same size.
  return F.mse_loss(input, target, reduction=self.reduction)
/home/mburu/anaconda3/envs/TabSurvey/lib/python3.8/site-packages/torch/nn/modules/loss.py:535: UserWarning: Using a target size (torch.Size([114])) that is different to the input size (torch.Size([114, 1])). This will likely lead to incorrect results due to broadcasting. Please ensure they have the same size.
  return F.mse_loss(input, target, reduction=self.reduction)
/home/mburu/anaconda3/envs/TabSurvey/lib/python3.8/site-packages/torch/nn/modules/loss.py:535: UserWarning: Using a target size (torch.Size([128])) that is different to the input size (torch.Size([128, 1])). This will likely lead to incorrect results due to broadcasting. Please ensure they have the same size.
  return F.mse_loss(input, target, reduction=self.reduction)
/home/mburu/Master_Thesis/master-thesis-da/DNN_Trial/models/rtdl_models.py:479: UserWarning: To copy construct from a tensor, it is recommended to use sourceTensor.clone().detach() or sourceTensor.clone().detach().requires_grad_(True), rather than torch.tensor(sourceTensor).
  X = torch.tensor(X, dtype=torch.float32).to(self.device)
/home/mburu/anaconda3/envs/TabSurvey/lib/python3.8/site-packages/torch/nn/modules/loss.py:535: UserWarning: Using a target size (torch.Size([93])) that is different to the input size (torch.Size([93, 1])). This will likely lead to incorrect results due to broadcasting. Please ensure they have the same size.
  return F.mse_loss(input, target, reduction=self.reduction)
/home/mburu/anaconda3/envs/TabSurvey/lib/python3.8/site-packages/torch/nn/modules/loss.py:535: UserWarning: Using a target size (torch.Size([114])) that is different to the input size (torch.Size([114, 1])). This will likely lead to incorrect results due to broadcasting. Please ensure they have the same size.
  return F.mse_loss(input, target, reduction=self.reduction)
/home/mburu/anaconda3/envs/TabSurvey/lib/python3.8/site-packages/torch/nn/modules/loss.py:535: UserWarning: Using a target size (torch.Size([128])) that is different to the input size (torch.Size([128, 1])). This will likely lead to incorrect results due to broadcasting. Please ensure they have the same size.
  return F.mse_loss(input, target, reduction=self.reduction)
/home/mburu/Master_Thesis/master-thesis-da/DNN_Trial/models/rtdl_models.py:479: UserWarning: To copy construct from a tensor, it is recommended to use sourceTensor.clone().detach() or sourceTensor.clone().detach().requires_grad_(True), rather than torch.tensor(sourceTensor).
  X = torch.tensor(X, dtype=torch.float32).to(self.device)
/home/mburu/anaconda3/envs/TabSurvey/lib/python3.8/site-packages/torch/nn/modules/loss.py:535: UserWarning: Using a target size (torch.Size([92])) that is different to the input size (torch.Size([92, 1])). This will likely lead to incorrect results due to broadcasting. Please ensure they have the same size.
  return F.mse_loss(input, target, reduction=self.reduction)
/home/mburu/anaconda3/envs/TabSurvey/lib/python3.8/site-packages/torch/nn/modules/loss.py:535: UserWarning: Using a target size (torch.Size([115])) that is different to the input size (torch.Size([115, 1])). This will likely lead to incorrect results due to broadcasting. Please ensure they have the same size.
  return F.mse_loss(input, target, reduction=self.reduction)
/home/mburu/anaconda3/envs/TabSurvey/lib/python3.8/site-packages/torch/nn/modules/loss.py:535: UserWarning: Using a target size (torch.Size([128])) that is different to the input size (torch.Size([128, 1])). This will likely lead to incorrect results due to broadcasting. Please ensure they have the same size.
  return F.mse_loss(input, target, reduction=self.reduction)
/home/mburu/Master_Thesis/master-thesis-da/DNN_Trial/models/rtdl_models.py:479: UserWarning: To copy construct from a tensor, it is recommended to use sourceTensor.clone().detach() or sourceTensor.clone().detach().requires_grad_(True), rather than torch.tensor(sourceTensor).
  X = torch.tensor(X, dtype=torch.float32).to(self.device)
/home/mburu/anaconda3/envs/TabSurvey/lib/python3.8/site-packages/torch/nn/modules/loss.py:535: UserWarning: Using a target size (torch.Size([92])) that is different to the input size (torch.Size([92, 1])). This will likely lead to incorrect results due to broadcasting. Please ensure they have the same size.
  return F.mse_loss(input, target, reduction=self.reduction)
/home/mburu/anaconda3/envs/TabSurvey/lib/python3.8/site-packages/torch/nn/modules/loss.py:535: UserWarning: Using a target size (torch.Size([115])) that is different to the input size (torch.Size([115, 1])). This will likely lead to incorrect results due to broadcasting. Please ensure they have the same size.
  return F.mse_loss(input, target, reduction=self.reduction)
[I 2025-05-11 02:52:54,678] Trial 1 finished with value: 1629.6460701610235 and parameters: {'learning_rate': 0.000547719596146471, 'weight_decay': 1.394802093940823e-06}. Best is trial 1 with value: 1629.6460701610235.
/home/mburu/anaconda3/envs/TabSurvey/lib/python3.8/site-packages/torch/nn/modules/loss.py:535: UserWarning: Using a target size (torch.Size([128])) that is different to the input size (torch.Size([128, 1])). This will likely lead to incorrect results due to broadcasting. Please ensure they have the same size.
  return F.mse_loss(input, target, reduction=self.reduction)
/home/mburu/Master_Thesis/master-thesis-da/DNN_Trial/models/rtdl_models.py:479: UserWarning: To copy construct from a tensor, it is recommended to use sourceTensor.clone().detach() or sourceTensor.clone().detach().requires_grad_(True), rather than torch.tensor(sourceTensor).
  X = torch.tensor(X, dtype=torch.float32).to(self.device)
/home/mburu/anaconda3/envs/TabSurvey/lib/python3.8/site-packages/torch/nn/modules/loss.py:535: UserWarning: Using a target size (torch.Size([93])) that is different to the input size (torch.Size([93, 1])). This will likely lead to incorrect results due to broadcasting. Please ensure they have the same size.
  return F.mse_loss(input, target, reduction=self.reduction)
/home/mburu/anaconda3/envs/TabSurvey/lib/python3.8/site-packages/torch/nn/modules/loss.py:535: UserWarning: Using a target size (torch.Size([114])) that is different to the input size (torch.Size([114, 1])). This will likely lead to incorrect results due to broadcasting. Please ensure they have the same size.
  return F.mse_loss(input, target, reduction=self.reduction)
/home/mburu/anaconda3/envs/TabSurvey/lib/python3.8/site-packages/torch/nn/modules/loss.py:535: UserWarning: Using a target size (torch.Size([128])) that is different to the input size (torch.Size([128, 1])). This will likely lead to incorrect results due to broadcasting. Please ensure they have the same size.
  return F.mse_loss(input, target, reduction=self.reduction)
/home/mburu/Master_Thesis/master-thesis-da/DNN_Trial/models/rtdl_models.py:479: UserWarning: To copy construct from a tensor, it is recommended to use sourceTensor.clone().detach() or sourceTensor.clone().detach().requires_grad_(True), rather than torch.tensor(sourceTensor).
  X = torch.tensor(X, dtype=torch.float32).to(self.device)
/home/mburu/anaconda3/envs/TabSurvey/lib/python3.8/site-packages/torch/nn/modules/loss.py:535: UserWarning: Using a target size (torch.Size([93])) that is different to the input size (torch.Size([93, 1])). This will likely lead to incorrect results due to broadcasting. Please ensure they have the same size.
  return F.mse_loss(input, target, reduction=self.reduction)
/home/mburu/anaconda3/envs/TabSurvey/lib/python3.8/site-packages/torch/nn/modules/loss.py:535: UserWarning: Using a target size (torch.Size([114])) that is different to the input size (torch.Size([114, 1])). This will likely lead to incorrect results due to broadcasting. Please ensure they have the same size.
  return F.mse_loss(input, target, reduction=self.reduction)
/home/mburu/anaconda3/envs/TabSurvey/lib/python3.8/site-packages/torch/nn/modules/loss.py:535: UserWarning: Using a target size (torch.Size([128])) that is different to the input size (torch.Size([128, 1])). This will likely lead to incorrect results due to broadcasting. Please ensure they have the same size.
  return F.mse_loss(input, target, reduction=self.reduction)
/home/mburu/Master_Thesis/master-thesis-da/DNN_Trial/models/rtdl_models.py:479: UserWarning: To copy construct from a tensor, it is recommended to use sourceTensor.clone().detach() or sourceTensor.clone().detach().requires_grad_(True), rather than torch.tensor(sourceTensor).
  X = torch.tensor(X, dtype=torch.float32).to(self.device)
/home/mburu/anaconda3/envs/TabSurvey/lib/python3.8/site-packages/torch/nn/modules/loss.py:535: UserWarning: Using a target size (torch.Size([93])) that is different to the input size (torch.Size([93, 1])). This will likely lead to incorrect results due to broadcasting. Please ensure they have the same size.
  return F.mse_loss(input, target, reduction=self.reduction)
/home/mburu/anaconda3/envs/TabSurvey/lib/python3.8/site-packages/torch/nn/modules/loss.py:535: UserWarning: Using a target size (torch.Size([114])) that is different to the input size (torch.Size([114, 1])). This will likely lead to incorrect results due to broadcasting. Please ensure they have the same size.
  return F.mse_loss(input, target, reduction=self.reduction)
/home/mburu/anaconda3/envs/TabSurvey/lib/python3.8/site-packages/torch/nn/modules/loss.py:535: UserWarning: Using a target size (torch.Size([128])) that is different to the input size (torch.Size([128, 1])). This will likely lead to incorrect results due to broadcasting. Please ensure they have the same size.
  return F.mse_loss(input, target, reduction=self.reduction)
/home/mburu/Master_Thesis/master-thesis-da/DNN_Trial/models/rtdl_models.py:479: UserWarning: To copy construct from a tensor, it is recommended to use sourceTensor.clone().detach() or sourceTensor.clone().detach().requires_grad_(True), rather than torch.tensor(sourceTensor).
  X = torch.tensor(X, dtype=torch.float32).to(self.device)
/home/mburu/anaconda3/envs/TabSurvey/lib/python3.8/site-packages/torch/nn/modules/loss.py:535: UserWarning: Using a target size (torch.Size([92])) that is different to the input size (torch.Size([92, 1])). This will likely lead to incorrect results due to broadcasting. Please ensure they have the same size.
  return F.mse_loss(input, target, reduction=self.reduction)
/home/mburu/anaconda3/envs/TabSurvey/lib/python3.8/site-packages/torch/nn/modules/loss.py:535: UserWarning: Using a target size (torch.Size([115])) that is different to the input size (torch.Size([115, 1])). This will likely lead to incorrect results due to broadcasting. Please ensure they have the same size.
  return F.mse_loss(input, target, reduction=self.reduction)
/home/mburu/anaconda3/envs/TabSurvey/lib/python3.8/site-packages/torch/nn/modules/loss.py:535: UserWarning: Using a target size (torch.Size([128])) that is different to the input size (torch.Size([128, 1])). This will likely lead to incorrect results due to broadcasting. Please ensure they have the same size.
  return F.mse_loss(input, target, reduction=self.reduction)
/home/mburu/Master_Thesis/master-thesis-da/DNN_Trial/models/rtdl_models.py:479: UserWarning: To copy construct from a tensor, it is recommended to use sourceTensor.clone().detach() or sourceTensor.clone().detach().requires_grad_(True), rather than torch.tensor(sourceTensor).
  X = torch.tensor(X, dtype=torch.float32).to(self.device)
/home/mburu/anaconda3/envs/TabSurvey/lib/python3.8/site-packages/torch/nn/modules/loss.py:535: UserWarning: Using a target size (torch.Size([92])) that is different to the input size (torch.Size([92, 1])). This will likely lead to incorrect results due to broadcasting. Please ensure they have the same size.
  return F.mse_loss(input, target, reduction=self.reduction)
/home/mburu/anaconda3/envs/TabSurvey/lib/python3.8/site-packages/torch/nn/modules/loss.py:535: UserWarning: Using a target size (torch.Size([115])) that is different to the input size (torch.Size([115, 1])). This will likely lead to incorrect results due to broadcasting. Please ensure they have the same size.
  return F.mse_loss(input, target, reduction=self.reduction)
[I 2025-05-11 02:52:55,340] Trial 2 finished with value: 1715.1335437967987 and parameters: {'learning_rate': 3.699877998265013e-05, 'weight_decay': 0.006512868021961855}. Best is trial 1 with value: 1629.6460701610235.
/home/mburu/anaconda3/envs/TabSurvey/lib/python3.8/site-packages/torch/nn/modules/loss.py:535: UserWarning: Using a target size (torch.Size([128])) that is different to the input size (torch.Size([128, 1])). This will likely lead to incorrect results due to broadcasting. Please ensure they have the same size.
  return F.mse_loss(input, target, reduction=self.reduction)
/home/mburu/Master_Thesis/master-thesis-da/DNN_Trial/models/rtdl_models.py:479: UserWarning: To copy construct from a tensor, it is recommended to use sourceTensor.clone().detach() or sourceTensor.clone().detach().requires_grad_(True), rather than torch.tensor(sourceTensor).
  X = torch.tensor(X, dtype=torch.float32).to(self.device)
/home/mburu/anaconda3/envs/TabSurvey/lib/python3.8/site-packages/torch/nn/modules/loss.py:535: UserWarning: Using a target size (torch.Size([93])) that is different to the input size (torch.Size([93, 1])). This will likely lead to incorrect results due to broadcasting. Please ensure they have the same size.
  return F.mse_loss(input, target, reduction=self.reduction)
/home/mburu/anaconda3/envs/TabSurvey/lib/python3.8/site-packages/torch/nn/modules/loss.py:535: UserWarning: Using a target size (torch.Size([114])) that is different to the input size (torch.Size([114, 1])). This will likely lead to incorrect results due to broadcasting. Please ensure they have the same size.
  return F.mse_loss(input, target, reduction=self.reduction)
/home/mburu/anaconda3/envs/TabSurvey/lib/python3.8/site-packages/torch/nn/modules/loss.py:535: UserWarning: Using a target size (torch.Size([128])) that is different to the input size (torch.Size([128, 1])). This will likely lead to incorrect results due to broadcasting. Please ensure they have the same size.
  return F.mse_loss(input, target, reduction=self.reduction)
/home/mburu/Master_Thesis/master-thesis-da/DNN_Trial/models/rtdl_models.py:479: UserWarning: To copy construct from a tensor, it is recommended to use sourceTensor.clone().detach() or sourceTensor.clone().detach().requires_grad_(True), rather than torch.tensor(sourceTensor).
  X = torch.tensor(X, dtype=torch.float32).to(self.device)
/home/mburu/anaconda3/envs/TabSurvey/lib/python3.8/site-packages/torch/nn/modules/loss.py:535: UserWarning: Using a target size (torch.Size([93])) that is different to the input size (torch.Size([93, 1])). This will likely lead to incorrect results due to broadcasting. Please ensure they have the same size.
  return F.mse_loss(input, target, reduction=self.reduction)
/home/mburu/anaconda3/envs/TabSurvey/lib/python3.8/site-packages/torch/nn/modules/loss.py:535: UserWarning: Using a target size (torch.Size([114])) that is different to the input size (torch.Size([114, 1])). This will likely lead to incorrect results due to broadcasting. Please ensure they have the same size.
  return F.mse_loss(input, target, reduction=self.reduction)
/home/mburu/anaconda3/envs/TabSurvey/lib/python3.8/site-packages/torch/nn/modules/loss.py:535: UserWarning: Using a target size (torch.Size([128])) that is different to the input size (torch.Size([128, 1])). This will likely lead to incorrect results due to broadcasting. Please ensure they have the same size.
  return F.mse_loss(input, target, reduction=self.reduction)
/home/mburu/Master_Thesis/master-thesis-da/DNN_Trial/models/rtdl_models.py:479: UserWarning: To copy construct from a tensor, it is recommended to use sourceTensor.clone().detach() or sourceTensor.clone().detach().requires_grad_(True), rather than torch.tensor(sourceTensor).
  X = torch.tensor(X, dtype=torch.float32).to(self.device)
/home/mburu/anaconda3/envs/TabSurvey/lib/python3.8/site-packages/torch/nn/modules/loss.py:535: UserWarning: Using a target size (torch.Size([93])) that is different to the input size (torch.Size([93, 1])). This will likely lead to incorrect results due to broadcasting. Please ensure they have the same size.
  return F.mse_loss(input, target, reduction=self.reduction)
/home/mburu/anaconda3/envs/TabSurvey/lib/python3.8/site-packages/torch/nn/modules/loss.py:535: UserWarning: Using a target size (torch.Size([114])) that is different to the input size (torch.Size([114, 1])). This will likely lead to incorrect results due to broadcasting. Please ensure they have the same size.
  return F.mse_loss(input, target, reduction=self.reduction)
/home/mburu/anaconda3/envs/TabSurvey/lib/python3.8/site-packages/torch/nn/modules/loss.py:535: UserWarning: Using a target size (torch.Size([128])) that is different to the input size (torch.Size([128, 1])). This will likely lead to incorrect results due to broadcasting. Please ensure they have the same size.
  return F.mse_loss(input, target, reduction=self.reduction)
/home/mburu/Master_Thesis/master-thesis-da/DNN_Trial/models/rtdl_models.py:479: UserWarning: To copy construct from a tensor, it is recommended to use sourceTensor.clone().detach() or sourceTensor.clone().detach().requires_grad_(True), rather than torch.tensor(sourceTensor).
  X = torch.tensor(X, dtype=torch.float32).to(self.device)
/home/mburu/anaconda3/envs/TabSurvey/lib/python3.8/site-packages/torch/nn/modules/loss.py:535: UserWarning: Using a target size (torch.Size([92])) that is different to the input size (torch.Size([92, 1])). This will likely lead to incorrect results due to broadcasting. Please ensure they have the same size.
  return F.mse_loss(input, target, reduction=self.reduction)
/home/mburu/anaconda3/envs/TabSurvey/lib/python3.8/site-packages/torch/nn/modules/loss.py:535: UserWarning: Using a target size (torch.Size([115])) that is different to the input size (torch.Size([115, 1])). This will likely lead to incorrect results due to broadcasting. Please ensure they have the same size.
  return F.mse_loss(input, target, reduction=self.reduction)
/home/mburu/anaconda3/envs/TabSurvey/lib/python3.8/site-packages/torch/nn/modules/loss.py:535: UserWarning: Using a target size (torch.Size([128])) that is different to the input size (torch.Size([128, 1])). This will likely lead to incorrect results due to broadcasting. Please ensure they have the same size.
  return F.mse_loss(input, target, reduction=self.reduction)
/home/mburu/Master_Thesis/master-thesis-da/DNN_Trial/models/rtdl_models.py:479: UserWarning: To copy construct from a tensor, it is recommended to use sourceTensor.clone().detach() or sourceTensor.clone().detach().requires_grad_(True), rather than torch.tensor(sourceTensor).
  X = torch.tensor(X, dtype=torch.float32).to(self.device)
/home/mburu/anaconda3/envs/TabSurvey/lib/python3.8/site-packages/torch/nn/modules/loss.py:535: UserWarning: Using a target size (torch.Size([92])) that is different to the input size (torch.Size([92, 1])). This will likely lead to incorrect results due to broadcasting. Please ensure they have the same size.
  return F.mse_loss(input, target, reduction=self.reduction)
/home/mburu/anaconda3/envs/TabSurvey/lib/python3.8/site-packages/torch/nn/modules/loss.py:535: UserWarning: Using a target size (torch.Size([115])) that is different to the input size (torch.Size([115, 1])). This will likely lead to incorrect results due to broadcasting. Please ensure they have the same size.
  return F.mse_loss(input, target, reduction=self.reduction)
[I 2025-05-11 02:52:55,969] Trial 3 finished with value: 1587.0600833172707 and parameters: {'learning_rate': 0.005567330402018387, 'weight_decay': 0.00020066904579140864}. Best is trial 3 with value: 1587.0600833172707.
/home/mburu/anaconda3/envs/TabSurvey/lib/python3.8/site-packages/torch/nn/modules/loss.py:535: UserWarning: Using a target size (torch.Size([128])) that is different to the input size (torch.Size([128, 1])). This will likely lead to incorrect results due to broadcasting. Please ensure they have the same size.
  return F.mse_loss(input, target, reduction=self.reduction)
/home/mburu/Master_Thesis/master-thesis-da/DNN_Trial/models/rtdl_models.py:479: UserWarning: To copy construct from a tensor, it is recommended to use sourceTensor.clone().detach() or sourceTensor.clone().detach().requires_grad_(True), rather than torch.tensor(sourceTensor).
  X = torch.tensor(X, dtype=torch.float32).to(self.device)
/home/mburu/anaconda3/envs/TabSurvey/lib/python3.8/site-packages/torch/nn/modules/loss.py:535: UserWarning: Using a target size (torch.Size([93])) that is different to the input size (torch.Size([93, 1])). This will likely lead to incorrect results due to broadcasting. Please ensure they have the same size.
  return F.mse_loss(input, target, reduction=self.reduction)
/home/mburu/anaconda3/envs/TabSurvey/lib/python3.8/site-packages/torch/nn/modules/loss.py:535: UserWarning: Using a target size (torch.Size([114])) that is different to the input size (torch.Size([114, 1])). This will likely lead to incorrect results due to broadcasting. Please ensure they have the same size.
  return F.mse_loss(input, target, reduction=self.reduction)
/home/mburu/anaconda3/envs/TabSurvey/lib/python3.8/site-packages/torch/nn/modules/loss.py:535: UserWarning: Using a target size (torch.Size([128])) that is different to the input size (torch.Size([128, 1])). This will likely lead to incorrect results due to broadcasting. Please ensure they have the same size.
  return F.mse_loss(input, target, reduction=self.reduction)
/home/mburu/Master_Thesis/master-thesis-da/DNN_Trial/models/rtdl_models.py:479: UserWarning: To copy construct from a tensor, it is recommended to use sourceTensor.clone().detach() or sourceTensor.clone().detach().requires_grad_(True), rather than torch.tensor(sourceTensor).
  X = torch.tensor(X, dtype=torch.float32).to(self.device)
/home/mburu/anaconda3/envs/TabSurvey/lib/python3.8/site-packages/torch/nn/modules/loss.py:535: UserWarning: Using a target size (torch.Size([93])) that is different to the input size (torch.Size([93, 1])). This will likely lead to incorrect results due to broadcasting. Please ensure they have the same size.
  return F.mse_loss(input, target, reduction=self.reduction)
/home/mburu/anaconda3/envs/TabSurvey/lib/python3.8/site-packages/torch/nn/modules/loss.py:535: UserWarning: Using a target size (torch.Size([114])) that is different to the input size (torch.Size([114, 1])). This will likely lead to incorrect results due to broadcasting. Please ensure they have the same size.
  return F.mse_loss(input, target, reduction=self.reduction)
/home/mburu/anaconda3/envs/TabSurvey/lib/python3.8/site-packages/torch/nn/modules/loss.py:535: UserWarning: Using a target size (torch.Size([128])) that is different to the input size (torch.Size([128, 1])). This will likely lead to incorrect results due to broadcasting. Please ensure they have the same size.
  return F.mse_loss(input, target, reduction=self.reduction)
/home/mburu/Master_Thesis/master-thesis-da/DNN_Trial/models/rtdl_models.py:479: UserWarning: To copy construct from a tensor, it is recommended to use sourceTensor.clone().detach() or sourceTensor.clone().detach().requires_grad_(True), rather than torch.tensor(sourceTensor).
  X = torch.tensor(X, dtype=torch.float32).to(self.device)
/home/mburu/anaconda3/envs/TabSurvey/lib/python3.8/site-packages/torch/nn/modules/loss.py:535: UserWarning: Using a target size (torch.Size([93])) that is different to the input size (torch.Size([93, 1])). This will likely lead to incorrect results due to broadcasting. Please ensure they have the same size.
  return F.mse_loss(input, target, reduction=self.reduction)
/home/mburu/anaconda3/envs/TabSurvey/lib/python3.8/site-packages/torch/nn/modules/loss.py:535: UserWarning: Using a target size (torch.Size([114])) that is different to the input size (torch.Size([114, 1])). This will likely lead to incorrect results due to broadcasting. Please ensure they have the same size.
  return F.mse_loss(input, target, reduction=self.reduction)
/home/mburu/anaconda3/envs/TabSurvey/lib/python3.8/site-packages/torch/nn/modules/loss.py:535: UserWarning: Using a target size (torch.Size([128])) that is different to the input size (torch.Size([128, 1])). This will likely lead to incorrect results due to broadcasting. Please ensure they have the same size.
  return F.mse_loss(input, target, reduction=self.reduction)
/home/mburu/Master_Thesis/master-thesis-da/DNN_Trial/models/rtdl_models.py:479: UserWarning: To copy construct from a tensor, it is recommended to use sourceTensor.clone().detach() or sourceTensor.clone().detach().requires_grad_(True), rather than torch.tensor(sourceTensor).
  X = torch.tensor(X, dtype=torch.float32).to(self.device)
/home/mburu/anaconda3/envs/TabSurvey/lib/python3.8/site-packages/torch/nn/modules/loss.py:535: UserWarning: Using a target size (torch.Size([92])) that is different to the input size (torch.Size([92, 1])). This will likely lead to incorrect results due to broadcasting. Please ensure they have the same size.
  return F.mse_loss(input, target, reduction=self.reduction)
/home/mburu/anaconda3/envs/TabSurvey/lib/python3.8/site-packages/torch/nn/modules/loss.py:535: UserWarning: Using a target size (torch.Size([115])) that is different to the input size (torch.Size([115, 1])). This will likely lead to incorrect results due to broadcasting. Please ensure they have the same size.
  return F.mse_loss(input, target, reduction=self.reduction)
/home/mburu/anaconda3/envs/TabSurvey/lib/python3.8/site-packages/torch/nn/modules/loss.py:535: UserWarning: Using a target size (torch.Size([128])) that is different to the input size (torch.Size([128, 1])). This will likely lead to incorrect results due to broadcasting. Please ensure they have the same size.
  return F.mse_loss(input, target, reduction=self.reduction)
/home/mburu/Master_Thesis/master-thesis-da/DNN_Trial/models/rtdl_models.py:479: UserWarning: To copy construct from a tensor, it is recommended to use sourceTensor.clone().detach() or sourceTensor.clone().detach().requires_grad_(True), rather than torch.tensor(sourceTensor).
  X = torch.tensor(X, dtype=torch.float32).to(self.device)
/home/mburu/anaconda3/envs/TabSurvey/lib/python3.8/site-packages/torch/nn/modules/loss.py:535: UserWarning: Using a target size (torch.Size([92])) that is different to the input size (torch.Size([92, 1])). This will likely lead to incorrect results due to broadcasting. Please ensure they have the same size.
  return F.mse_loss(input, target, reduction=self.reduction)
/home/mburu/anaconda3/envs/TabSurvey/lib/python3.8/site-packages/torch/nn/modules/loss.py:535: UserWarning: Using a target size (torch.Size([115])) that is different to the input size (torch.Size([115, 1])). This will likely lead to incorrect results due to broadcasting. Please ensure they have the same size.
  return F.mse_loss(input, target, reduction=self.reduction)
[I 2025-05-11 02:52:56,589] Trial 4 finished with value: 1635.3938696503287 and parameters: {'learning_rate': 0.0002858676102360209, 'weight_decay': 0.0001237385456881243}. Best is trial 3 with value: 1587.0600833172707.
/home/mburu/anaconda3/envs/TabSurvey/lib/python3.8/site-packages/torch/nn/modules/loss.py:535: UserWarning: Using a target size (torch.Size([128])) that is different to the input size (torch.Size([128, 1])). This will likely lead to incorrect results due to broadcasting. Please ensure they have the same size.
  return F.mse_loss(input, target, reduction=self.reduction)
/home/mburu/Master_Thesis/master-thesis-da/DNN_Trial/models/rtdl_models.py:479: UserWarning: To copy construct from a tensor, it is recommended to use sourceTensor.clone().detach() or sourceTensor.clone().detach().requires_grad_(True), rather than torch.tensor(sourceTensor).
  X = torch.tensor(X, dtype=torch.float32).to(self.device)
/home/mburu/anaconda3/envs/TabSurvey/lib/python3.8/site-packages/torch/nn/modules/loss.py:535: UserWarning: Using a target size (torch.Size([115])) that is different to the input size (torch.Size([115, 1])). This will likely lead to incorrect results due to broadcasting. Please ensure they have the same size.
  return F.mse_loss(input, target, reduction=self.reduction)
/home/mburu/anaconda3/envs/TabSurvey/lib/python3.8/site-packages/torch/nn/modules/loss.py:535: UserWarning: Using a target size (torch.Size([79])) that is different to the input size (torch.Size([79, 1])). This will likely lead to incorrect results due to broadcasting. Please ensure they have the same size.
  return F.mse_loss(input, target, reduction=self.reduction)
[I 2025-05-11 02:52:56,747] A new study created in memory with name: FTTransformer_Socmob_outer5
/home/mburu/anaconda3/envs/TabSurvey/lib/python3.8/site-packages/torch/nn/modules/loss.py:535: UserWarning: Using a target size (torch.Size([128])) that is different to the input size (torch.Size([128, 1])). This will likely lead to incorrect results due to broadcasting. Please ensure they have the same size.
  return F.mse_loss(input, target, reduction=self.reduction)
/home/mburu/Master_Thesis/master-thesis-da/DNN_Trial/models/rtdl_models.py:479: UserWarning: To copy construct from a tensor, it is recommended to use sourceTensor.clone().detach() or sourceTensor.clone().detach().requires_grad_(True), rather than torch.tensor(sourceTensor).
  X = torch.tensor(X, dtype=torch.float32).to(self.device)
/home/mburu/anaconda3/envs/TabSurvey/lib/python3.8/site-packages/torch/nn/modules/loss.py:535: UserWarning: Using a target size (torch.Size([93])) that is different to the input size (torch.Size([93, 1])). This will likely lead to incorrect results due to broadcasting. Please ensure they have the same size.
  return F.mse_loss(input, target, reduction=self.reduction)
/home/mburu/anaconda3/envs/TabSurvey/lib/python3.8/site-packages/torch/nn/modules/loss.py:535: UserWarning: Using a target size (torch.Size([114])) that is different to the input size (torch.Size([114, 1])). This will likely lead to incorrect results due to broadcasting. Please ensure they have the same size.
  return F.mse_loss(input, target, reduction=self.reduction)
/home/mburu/anaconda3/envs/TabSurvey/lib/python3.8/site-packages/torch/nn/modules/loss.py:535: UserWarning: Using a target size (torch.Size([128])) that is different to the input size (torch.Size([128, 1])). This will likely lead to incorrect results due to broadcasting. Please ensure they have the same size.
  return F.mse_loss(input, target, reduction=self.reduction)
/home/mburu/Master_Thesis/master-thesis-da/DNN_Trial/models/rtdl_models.py:479: UserWarning: To copy construct from a tensor, it is recommended to use sourceTensor.clone().detach() or sourceTensor.clone().detach().requires_grad_(True), rather than torch.tensor(sourceTensor).
  X = torch.tensor(X, dtype=torch.float32).to(self.device)
/home/mburu/anaconda3/envs/TabSurvey/lib/python3.8/site-packages/torch/nn/modules/loss.py:535: UserWarning: Using a target size (torch.Size([93])) that is different to the input size (torch.Size([93, 1])). This will likely lead to incorrect results due to broadcasting. Please ensure they have the same size.
  return F.mse_loss(input, target, reduction=self.reduction)
/home/mburu/anaconda3/envs/TabSurvey/lib/python3.8/site-packages/torch/nn/modules/loss.py:535: UserWarning: Using a target size (torch.Size([114])) that is different to the input size (torch.Size([114, 1])). This will likely lead to incorrect results due to broadcasting. Please ensure they have the same size.
  return F.mse_loss(input, target, reduction=self.reduction)
/home/mburu/anaconda3/envs/TabSurvey/lib/python3.8/site-packages/torch/nn/modules/loss.py:535: UserWarning: Using a target size (torch.Size([128])) that is different to the input size (torch.Size([128, 1])). This will likely lead to incorrect results due to broadcasting. Please ensure they have the same size.
  return F.mse_loss(input, target, reduction=self.reduction)
/home/mburu/Master_Thesis/master-thesis-da/DNN_Trial/models/rtdl_models.py:479: UserWarning: To copy construct from a tensor, it is recommended to use sourceTensor.clone().detach() or sourceTensor.clone().detach().requires_grad_(True), rather than torch.tensor(sourceTensor).
  X = torch.tensor(X, dtype=torch.float32).to(self.device)
/home/mburu/anaconda3/envs/TabSurvey/lib/python3.8/site-packages/torch/nn/modules/loss.py:535: UserWarning: Using a target size (torch.Size([93])) that is different to the input size (torch.Size([93, 1])). This will likely lead to incorrect results due to broadcasting. Please ensure they have the same size.
  return F.mse_loss(input, target, reduction=self.reduction)
/home/mburu/anaconda3/envs/TabSurvey/lib/python3.8/site-packages/torch/nn/modules/loss.py:535: UserWarning: Using a target size (torch.Size([114])) that is different to the input size (torch.Size([114, 1])). This will likely lead to incorrect results due to broadcasting. Please ensure they have the same size.
  return F.mse_loss(input, target, reduction=self.reduction)
/home/mburu/anaconda3/envs/TabSurvey/lib/python3.8/site-packages/torch/nn/modules/loss.py:535: UserWarning: Using a target size (torch.Size([128])) that is different to the input size (torch.Size([128, 1])). This will likely lead to incorrect results due to broadcasting. Please ensure they have the same size.
  return F.mse_loss(input, target, reduction=self.reduction)
/home/mburu/Master_Thesis/master-thesis-da/DNN_Trial/models/rtdl_models.py:479: UserWarning: To copy construct from a tensor, it is recommended to use sourceTensor.clone().detach() or sourceTensor.clone().detach().requires_grad_(True), rather than torch.tensor(sourceTensor).
  X = torch.tensor(X, dtype=torch.float32).to(self.device)
/home/mburu/anaconda3/envs/TabSurvey/lib/python3.8/site-packages/torch/nn/modules/loss.py:535: UserWarning: Using a target size (torch.Size([92])) that is different to the input size (torch.Size([92, 1])). This will likely lead to incorrect results due to broadcasting. Please ensure they have the same size.
  return F.mse_loss(input, target, reduction=self.reduction)
/home/mburu/anaconda3/envs/TabSurvey/lib/python3.8/site-packages/torch/nn/modules/loss.py:535: UserWarning: Using a target size (torch.Size([115])) that is different to the input size (torch.Size([115, 1])). This will likely lead to incorrect results due to broadcasting. Please ensure they have the same size.
  return F.mse_loss(input, target, reduction=self.reduction)
/home/mburu/anaconda3/envs/TabSurvey/lib/python3.8/site-packages/torch/nn/modules/loss.py:535: UserWarning: Using a target size (torch.Size([128])) that is different to the input size (torch.Size([128, 1])). This will likely lead to incorrect results due to broadcasting. Please ensure they have the same size.
  return F.mse_loss(input, target, reduction=self.reduction)
/home/mburu/Master_Thesis/master-thesis-da/DNN_Trial/models/rtdl_models.py:479: UserWarning: To copy construct from a tensor, it is recommended to use sourceTensor.clone().detach() or sourceTensor.clone().detach().requires_grad_(True), rather than torch.tensor(sourceTensor).
  X = torch.tensor(X, dtype=torch.float32).to(self.device)
/home/mburu/anaconda3/envs/TabSurvey/lib/python3.8/site-packages/torch/nn/modules/loss.py:535: UserWarning: Using a target size (torch.Size([92])) that is different to the input size (torch.Size([92, 1])). This will likely lead to incorrect results due to broadcasting. Please ensure they have the same size.
  return F.mse_loss(input, target, reduction=self.reduction)
/home/mburu/anaconda3/envs/TabSurvey/lib/python3.8/site-packages/torch/nn/modules/loss.py:535: UserWarning: Using a target size (torch.Size([115])) that is different to the input size (torch.Size([115, 1])). This will likely lead to incorrect results due to broadcasting. Please ensure they have the same size.
  return F.mse_loss(input, target, reduction=self.reduction)
[I 2025-05-11 02:52:57,372] Trial 0 finished with value: 1768.581514308714 and parameters: {'learning_rate': 0.0002153782152143435, 'weight_decay': 0.00026790433277129155}. Best is trial 0 with value: 1768.581514308714.
/home/mburu/anaconda3/envs/TabSurvey/lib/python3.8/site-packages/torch/nn/modules/loss.py:535: UserWarning: Using a target size (torch.Size([128])) that is different to the input size (torch.Size([128, 1])). This will likely lead to incorrect results due to broadcasting. Please ensure they have the same size.
  return F.mse_loss(input, target, reduction=self.reduction)
/home/mburu/Master_Thesis/master-thesis-da/DNN_Trial/models/rtdl_models.py:479: UserWarning: To copy construct from a tensor, it is recommended to use sourceTensor.clone().detach() or sourceTensor.clone().detach().requires_grad_(True), rather than torch.tensor(sourceTensor).
  X = torch.tensor(X, dtype=torch.float32).to(self.device)
/home/mburu/anaconda3/envs/TabSurvey/lib/python3.8/site-packages/torch/nn/modules/loss.py:535: UserWarning: Using a target size (torch.Size([93])) that is different to the input size (torch.Size([93, 1])). This will likely lead to incorrect results due to broadcasting. Please ensure they have the same size.
  return F.mse_loss(input, target, reduction=self.reduction)
/home/mburu/anaconda3/envs/TabSurvey/lib/python3.8/site-packages/torch/nn/modules/loss.py:535: UserWarning: Using a target size (torch.Size([114])) that is different to the input size (torch.Size([114, 1])). This will likely lead to incorrect results due to broadcasting. Please ensure they have the same size.
  return F.mse_loss(input, target, reduction=self.reduction)
/home/mburu/anaconda3/envs/TabSurvey/lib/python3.8/site-packages/torch/nn/modules/loss.py:535: UserWarning: Using a target size (torch.Size([128])) that is different to the input size (torch.Size([128, 1])). This will likely lead to incorrect results due to broadcasting. Please ensure they have the same size.
  return F.mse_loss(input, target, reduction=self.reduction)
/home/mburu/Master_Thesis/master-thesis-da/DNN_Trial/models/rtdl_models.py:479: UserWarning: To copy construct from a tensor, it is recommended to use sourceTensor.clone().detach() or sourceTensor.clone().detach().requires_grad_(True), rather than torch.tensor(sourceTensor).
  X = torch.tensor(X, dtype=torch.float32).to(self.device)
/home/mburu/anaconda3/envs/TabSurvey/lib/python3.8/site-packages/torch/nn/modules/loss.py:535: UserWarning: Using a target size (torch.Size([93])) that is different to the input size (torch.Size([93, 1])). This will likely lead to incorrect results due to broadcasting. Please ensure they have the same size.
  return F.mse_loss(input, target, reduction=self.reduction)
/home/mburu/anaconda3/envs/TabSurvey/lib/python3.8/site-packages/torch/nn/modules/loss.py:535: UserWarning: Using a target size (torch.Size([114])) that is different to the input size (torch.Size([114, 1])). This will likely lead to incorrect results due to broadcasting. Please ensure they have the same size.
  return F.mse_loss(input, target, reduction=self.reduction)
/home/mburu/anaconda3/envs/TabSurvey/lib/python3.8/site-packages/torch/nn/modules/loss.py:535: UserWarning: Using a target size (torch.Size([128])) that is different to the input size (torch.Size([128, 1])). This will likely lead to incorrect results due to broadcasting. Please ensure they have the same size.
  return F.mse_loss(input, target, reduction=self.reduction)
/home/mburu/Master_Thesis/master-thesis-da/DNN_Trial/models/rtdl_models.py:479: UserWarning: To copy construct from a tensor, it is recommended to use sourceTensor.clone().detach() or sourceTensor.clone().detach().requires_grad_(True), rather than torch.tensor(sourceTensor).
  X = torch.tensor(X, dtype=torch.float32).to(self.device)
/home/mburu/anaconda3/envs/TabSurvey/lib/python3.8/site-packages/torch/nn/modules/loss.py:535: UserWarning: Using a target size (torch.Size([93])) that is different to the input size (torch.Size([93, 1])). This will likely lead to incorrect results due to broadcasting. Please ensure they have the same size.
  return F.mse_loss(input, target, reduction=self.reduction)
/home/mburu/anaconda3/envs/TabSurvey/lib/python3.8/site-packages/torch/nn/modules/loss.py:535: UserWarning: Using a target size (torch.Size([114])) that is different to the input size (torch.Size([114, 1])). This will likely lead to incorrect results due to broadcasting. Please ensure they have the same size.
  return F.mse_loss(input, target, reduction=self.reduction)
/home/mburu/anaconda3/envs/TabSurvey/lib/python3.8/site-packages/torch/nn/modules/loss.py:535: UserWarning: Using a target size (torch.Size([128])) that is different to the input size (torch.Size([128, 1])). This will likely lead to incorrect results due to broadcasting. Please ensure they have the same size.
  return F.mse_loss(input, target, reduction=self.reduction)
/home/mburu/Master_Thesis/master-thesis-da/DNN_Trial/models/rtdl_models.py:479: UserWarning: To copy construct from a tensor, it is recommended to use sourceTensor.clone().detach() or sourceTensor.clone().detach().requires_grad_(True), rather than torch.tensor(sourceTensor).
  X = torch.tensor(X, dtype=torch.float32).to(self.device)
/home/mburu/anaconda3/envs/TabSurvey/lib/python3.8/site-packages/torch/nn/modules/loss.py:535: UserWarning: Using a target size (torch.Size([92])) that is different to the input size (torch.Size([92, 1])). This will likely lead to incorrect results due to broadcasting. Please ensure they have the same size.
  return F.mse_loss(input, target, reduction=self.reduction)
/home/mburu/anaconda3/envs/TabSurvey/lib/python3.8/site-packages/torch/nn/modules/loss.py:535: UserWarning: Using a target size (torch.Size([115])) that is different to the input size (torch.Size([115, 1])). This will likely lead to incorrect results due to broadcasting. Please ensure they have the same size.
  return F.mse_loss(input, target, reduction=self.reduction)
/home/mburu/anaconda3/envs/TabSurvey/lib/python3.8/site-packages/torch/nn/modules/loss.py:535: UserWarning: Using a target size (torch.Size([128])) that is different to the input size (torch.Size([128, 1])). This will likely lead to incorrect results due to broadcasting. Please ensure they have the same size.
  return F.mse_loss(input, target, reduction=self.reduction)
/home/mburu/Master_Thesis/master-thesis-da/DNN_Trial/models/rtdl_models.py:479: UserWarning: To copy construct from a tensor, it is recommended to use sourceTensor.clone().detach() or sourceTensor.clone().detach().requires_grad_(True), rather than torch.tensor(sourceTensor).
  X = torch.tensor(X, dtype=torch.float32).to(self.device)
/home/mburu/anaconda3/envs/TabSurvey/lib/python3.8/site-packages/torch/nn/modules/loss.py:535: UserWarning: Using a target size (torch.Size([92])) that is different to the input size (torch.Size([92, 1])). This will likely lead to incorrect results due to broadcasting. Please ensure they have the same size.
  return F.mse_loss(input, target, reduction=self.reduction)
/home/mburu/anaconda3/envs/TabSurvey/lib/python3.8/site-packages/torch/nn/modules/loss.py:535: UserWarning: Using a target size (torch.Size([115])) that is different to the input size (torch.Size([115, 1])). This will likely lead to incorrect results due to broadcasting. Please ensure they have the same size.
  return F.mse_loss(input, target, reduction=self.reduction)
[I 2025-05-11 02:52:58,016] Trial 1 finished with value: 1695.4737652178205 and parameters: {'learning_rate': 0.006804897072545761, 'weight_decay': 0.00012982571060549879}. Best is trial 1 with value: 1695.4737652178205.
/home/mburu/anaconda3/envs/TabSurvey/lib/python3.8/site-packages/torch/nn/modules/loss.py:535: UserWarning: Using a target size (torch.Size([128])) that is different to the input size (torch.Size([128, 1])). This will likely lead to incorrect results due to broadcasting. Please ensure they have the same size.
  return F.mse_loss(input, target, reduction=self.reduction)
/home/mburu/Master_Thesis/master-thesis-da/DNN_Trial/models/rtdl_models.py:479: UserWarning: To copy construct from a tensor, it is recommended to use sourceTensor.clone().detach() or sourceTensor.clone().detach().requires_grad_(True), rather than torch.tensor(sourceTensor).
  X = torch.tensor(X, dtype=torch.float32).to(self.device)
/home/mburu/anaconda3/envs/TabSurvey/lib/python3.8/site-packages/torch/nn/modules/loss.py:535: UserWarning: Using a target size (torch.Size([93])) that is different to the input size (torch.Size([93, 1])). This will likely lead to incorrect results due to broadcasting. Please ensure they have the same size.
  return F.mse_loss(input, target, reduction=self.reduction)
/home/mburu/anaconda3/envs/TabSurvey/lib/python3.8/site-packages/torch/nn/modules/loss.py:535: UserWarning: Using a target size (torch.Size([114])) that is different to the input size (torch.Size([114, 1])). This will likely lead to incorrect results due to broadcasting. Please ensure they have the same size.
  return F.mse_loss(input, target, reduction=self.reduction)
/home/mburu/anaconda3/envs/TabSurvey/lib/python3.8/site-packages/torch/nn/modules/loss.py:535: UserWarning: Using a target size (torch.Size([128])) that is different to the input size (torch.Size([128, 1])). This will likely lead to incorrect results due to broadcasting. Please ensure they have the same size.
  return F.mse_loss(input, target, reduction=self.reduction)
/home/mburu/Master_Thesis/master-thesis-da/DNN_Trial/models/rtdl_models.py:479: UserWarning: To copy construct from a tensor, it is recommended to use sourceTensor.clone().detach() or sourceTensor.clone().detach().requires_grad_(True), rather than torch.tensor(sourceTensor).
  X = torch.tensor(X, dtype=torch.float32).to(self.device)
/home/mburu/anaconda3/envs/TabSurvey/lib/python3.8/site-packages/torch/nn/modules/loss.py:535: UserWarning: Using a target size (torch.Size([93])) that is different to the input size (torch.Size([93, 1])). This will likely lead to incorrect results due to broadcasting. Please ensure they have the same size.
  return F.mse_loss(input, target, reduction=self.reduction)
/home/mburu/anaconda3/envs/TabSurvey/lib/python3.8/site-packages/torch/nn/modules/loss.py:535: UserWarning: Using a target size (torch.Size([114])) that is different to the input size (torch.Size([114, 1])). This will likely lead to incorrect results due to broadcasting. Please ensure they have the same size.
  return F.mse_loss(input, target, reduction=self.reduction)
/home/mburu/anaconda3/envs/TabSurvey/lib/python3.8/site-packages/torch/nn/modules/loss.py:535: UserWarning: Using a target size (torch.Size([128])) that is different to the input size (torch.Size([128, 1])). This will likely lead to incorrect results due to broadcasting. Please ensure they have the same size.
  return F.mse_loss(input, target, reduction=self.reduction)
/home/mburu/Master_Thesis/master-thesis-da/DNN_Trial/models/rtdl_models.py:479: UserWarning: To copy construct from a tensor, it is recommended to use sourceTensor.clone().detach() or sourceTensor.clone().detach().requires_grad_(True), rather than torch.tensor(sourceTensor).
  X = torch.tensor(X, dtype=torch.float32).to(self.device)
/home/mburu/anaconda3/envs/TabSurvey/lib/python3.8/site-packages/torch/nn/modules/loss.py:535: UserWarning: Using a target size (torch.Size([93])) that is different to the input size (torch.Size([93, 1])). This will likely lead to incorrect results due to broadcasting. Please ensure they have the same size.
  return F.mse_loss(input, target, reduction=self.reduction)
/home/mburu/anaconda3/envs/TabSurvey/lib/python3.8/site-packages/torch/nn/modules/loss.py:535: UserWarning: Using a target size (torch.Size([114])) that is different to the input size (torch.Size([114, 1])). This will likely lead to incorrect results due to broadcasting. Please ensure they have the same size.
  return F.mse_loss(input, target, reduction=self.reduction)
/home/mburu/anaconda3/envs/TabSurvey/lib/python3.8/site-packages/torch/nn/modules/loss.py:535: UserWarning: Using a target size (torch.Size([128])) that is different to the input size (torch.Size([128, 1])). This will likely lead to incorrect results due to broadcasting. Please ensure they have the same size.
  return F.mse_loss(input, target, reduction=self.reduction)
/home/mburu/Master_Thesis/master-thesis-da/DNN_Trial/models/rtdl_models.py:479: UserWarning: To copy construct from a tensor, it is recommended to use sourceTensor.clone().detach() or sourceTensor.clone().detach().requires_grad_(True), rather than torch.tensor(sourceTensor).
  X = torch.tensor(X, dtype=torch.float32).to(self.device)
/home/mburu/anaconda3/envs/TabSurvey/lib/python3.8/site-packages/torch/nn/modules/loss.py:535: UserWarning: Using a target size (torch.Size([92])) that is different to the input size (torch.Size([92, 1])). This will likely lead to incorrect results due to broadcasting. Please ensure they have the same size.
  return F.mse_loss(input, target, reduction=self.reduction)
/home/mburu/anaconda3/envs/TabSurvey/lib/python3.8/site-packages/torch/nn/modules/loss.py:535: UserWarning: Using a target size (torch.Size([115])) that is different to the input size (torch.Size([115, 1])). This will likely lead to incorrect results due to broadcasting. Please ensure they have the same size.
  return F.mse_loss(input, target, reduction=self.reduction)
/home/mburu/anaconda3/envs/TabSurvey/lib/python3.8/site-packages/torch/nn/modules/loss.py:535: UserWarning: Using a target size (torch.Size([128])) that is different to the input size (torch.Size([128, 1])). This will likely lead to incorrect results due to broadcasting. Please ensure they have the same size.
  return F.mse_loss(input, target, reduction=self.reduction)
/home/mburu/Master_Thesis/master-thesis-da/DNN_Trial/models/rtdl_models.py:479: UserWarning: To copy construct from a tensor, it is recommended to use sourceTensor.clone().detach() or sourceTensor.clone().detach().requires_grad_(True), rather than torch.tensor(sourceTensor).
  X = torch.tensor(X, dtype=torch.float32).to(self.device)
/home/mburu/anaconda3/envs/TabSurvey/lib/python3.8/site-packages/torch/nn/modules/loss.py:535: UserWarning: Using a target size (torch.Size([92])) that is different to the input size (torch.Size([92, 1])). This will likely lead to incorrect results due to broadcasting. Please ensure they have the same size.
  return F.mse_loss(input, target, reduction=self.reduction)
/home/mburu/anaconda3/envs/TabSurvey/lib/python3.8/site-packages/torch/nn/modules/loss.py:535: UserWarning: Using a target size (torch.Size([115])) that is different to the input size (torch.Size([115, 1])). This will likely lead to incorrect results due to broadcasting. Please ensure they have the same size.
  return F.mse_loss(input, target, reduction=self.reduction)
[I 2025-05-11 02:52:58,661] Trial 2 finished with value: 1753.2421046155814 and parameters: {'learning_rate': 0.0005053103889754811, 'weight_decay': 3.6595854207078685e-05}. Best is trial 1 with value: 1695.4737652178205.
/home/mburu/anaconda3/envs/TabSurvey/lib/python3.8/site-packages/torch/nn/modules/loss.py:535: UserWarning: Using a target size (torch.Size([128])) that is different to the input size (torch.Size([128, 1])). This will likely lead to incorrect results due to broadcasting. Please ensure they have the same size.
  return F.mse_loss(input, target, reduction=self.reduction)
/home/mburu/Master_Thesis/master-thesis-da/DNN_Trial/models/rtdl_models.py:479: UserWarning: To copy construct from a tensor, it is recommended to use sourceTensor.clone().detach() or sourceTensor.clone().detach().requires_grad_(True), rather than torch.tensor(sourceTensor).
  X = torch.tensor(X, dtype=torch.float32).to(self.device)
/home/mburu/anaconda3/envs/TabSurvey/lib/python3.8/site-packages/torch/nn/modules/loss.py:535: UserWarning: Using a target size (torch.Size([93])) that is different to the input size (torch.Size([93, 1])). This will likely lead to incorrect results due to broadcasting. Please ensure they have the same size.
  return F.mse_loss(input, target, reduction=self.reduction)
/home/mburu/anaconda3/envs/TabSurvey/lib/python3.8/site-packages/torch/nn/modules/loss.py:535: UserWarning: Using a target size (torch.Size([114])) that is different to the input size (torch.Size([114, 1])). This will likely lead to incorrect results due to broadcasting. Please ensure they have the same size.
  return F.mse_loss(input, target, reduction=self.reduction)
/home/mburu/anaconda3/envs/TabSurvey/lib/python3.8/site-packages/torch/nn/modules/loss.py:535: UserWarning: Using a target size (torch.Size([128])) that is different to the input size (torch.Size([128, 1])). This will likely lead to incorrect results due to broadcasting. Please ensure they have the same size.
  return F.mse_loss(input, target, reduction=self.reduction)
/home/mburu/Master_Thesis/master-thesis-da/DNN_Trial/models/rtdl_models.py:479: UserWarning: To copy construct from a tensor, it is recommended to use sourceTensor.clone().detach() or sourceTensor.clone().detach().requires_grad_(True), rather than torch.tensor(sourceTensor).
  X = torch.tensor(X, dtype=torch.float32).to(self.device)
/home/mburu/anaconda3/envs/TabSurvey/lib/python3.8/site-packages/torch/nn/modules/loss.py:535: UserWarning: Using a target size (torch.Size([93])) that is different to the input size (torch.Size([93, 1])). This will likely lead to incorrect results due to broadcasting. Please ensure they have the same size.
  return F.mse_loss(input, target, reduction=self.reduction)
/home/mburu/anaconda3/envs/TabSurvey/lib/python3.8/site-packages/torch/nn/modules/loss.py:535: UserWarning: Using a target size (torch.Size([114])) that is different to the input size (torch.Size([114, 1])). This will likely lead to incorrect results due to broadcasting. Please ensure they have the same size.
  return F.mse_loss(input, target, reduction=self.reduction)
/home/mburu/anaconda3/envs/TabSurvey/lib/python3.8/site-packages/torch/nn/modules/loss.py:535: UserWarning: Using a target size (torch.Size([128])) that is different to the input size (torch.Size([128, 1])). This will likely lead to incorrect results due to broadcasting. Please ensure they have the same size.
  return F.mse_loss(input, target, reduction=self.reduction)
/home/mburu/Master_Thesis/master-thesis-da/DNN_Trial/models/rtdl_models.py:479: UserWarning: To copy construct from a tensor, it is recommended to use sourceTensor.clone().detach() or sourceTensor.clone().detach().requires_grad_(True), rather than torch.tensor(sourceTensor).
  X = torch.tensor(X, dtype=torch.float32).to(self.device)
/home/mburu/anaconda3/envs/TabSurvey/lib/python3.8/site-packages/torch/nn/modules/loss.py:535: UserWarning: Using a target size (torch.Size([93])) that is different to the input size (torch.Size([93, 1])). This will likely lead to incorrect results due to broadcasting. Please ensure they have the same size.
  return F.mse_loss(input, target, reduction=self.reduction)
/home/mburu/anaconda3/envs/TabSurvey/lib/python3.8/site-packages/torch/nn/modules/loss.py:535: UserWarning: Using a target size (torch.Size([114])) that is different to the input size (torch.Size([114, 1])). This will likely lead to incorrect results due to broadcasting. Please ensure they have the same size.
  return F.mse_loss(input, target, reduction=self.reduction)
/home/mburu/anaconda3/envs/TabSurvey/lib/python3.8/site-packages/torch/nn/modules/loss.py:535: UserWarning: Using a target size (torch.Size([128])) that is different to the input size (torch.Size([128, 1])). This will likely lead to incorrect results due to broadcasting. Please ensure they have the same size.
  return F.mse_loss(input, target, reduction=self.reduction)
/home/mburu/Master_Thesis/master-thesis-da/DNN_Trial/models/rtdl_models.py:479: UserWarning: To copy construct from a tensor, it is recommended to use sourceTensor.clone().detach() or sourceTensor.clone().detach().requires_grad_(True), rather than torch.tensor(sourceTensor).
  X = torch.tensor(X, dtype=torch.float32).to(self.device)
/home/mburu/anaconda3/envs/TabSurvey/lib/python3.8/site-packages/torch/nn/modules/loss.py:535: UserWarning: Using a target size (torch.Size([92])) that is different to the input size (torch.Size([92, 1])). This will likely lead to incorrect results due to broadcasting. Please ensure they have the same size.
  return F.mse_loss(input, target, reduction=self.reduction)
/home/mburu/anaconda3/envs/TabSurvey/lib/python3.8/site-packages/torch/nn/modules/loss.py:535: UserWarning: Using a target size (torch.Size([115])) that is different to the input size (torch.Size([115, 1])). This will likely lead to incorrect results due to broadcasting. Please ensure they have the same size.
  return F.mse_loss(input, target, reduction=self.reduction)
/home/mburu/anaconda3/envs/TabSurvey/lib/python3.8/site-packages/torch/nn/modules/loss.py:535: UserWarning: Using a target size (torch.Size([128])) that is different to the input size (torch.Size([128, 1])). This will likely lead to incorrect results due to broadcasting. Please ensure they have the same size.
  return F.mse_loss(input, target, reduction=self.reduction)
/home/mburu/Master_Thesis/master-thesis-da/DNN_Trial/models/rtdl_models.py:479: UserWarning: To copy construct from a tensor, it is recommended to use sourceTensor.clone().detach() or sourceTensor.clone().detach().requires_grad_(True), rather than torch.tensor(sourceTensor).
  X = torch.tensor(X, dtype=torch.float32).to(self.device)
/home/mburu/anaconda3/envs/TabSurvey/lib/python3.8/site-packages/torch/nn/modules/loss.py:535: UserWarning: Using a target size (torch.Size([92])) that is different to the input size (torch.Size([92, 1])). This will likely lead to incorrect results due to broadcasting. Please ensure they have the same size.
  return F.mse_loss(input, target, reduction=self.reduction)
/home/mburu/anaconda3/envs/TabSurvey/lib/python3.8/site-packages/torch/nn/modules/loss.py:535: UserWarning: Using a target size (torch.Size([115])) that is different to the input size (torch.Size([115, 1])). This will likely lead to incorrect results due to broadcasting. Please ensure they have the same size.
  return F.mse_loss(input, target, reduction=self.reduction)
[I 2025-05-11 02:52:59,456] Trial 3 finished with value: 1714.0636083105833 and parameters: {'learning_rate': 0.0035198291882785108, 'weight_decay': 4.3786879479289536e-05}. Best is trial 1 with value: 1695.4737652178205.
/home/mburu/anaconda3/envs/TabSurvey/lib/python3.8/site-packages/torch/nn/modules/loss.py:535: UserWarning: Using a target size (torch.Size([128])) that is different to the input size (torch.Size([128, 1])). This will likely lead to incorrect results due to broadcasting. Please ensure they have the same size.
  return F.mse_loss(input, target, reduction=self.reduction)
/home/mburu/Master_Thesis/master-thesis-da/DNN_Trial/models/rtdl_models.py:479: UserWarning: To copy construct from a tensor, it is recommended to use sourceTensor.clone().detach() or sourceTensor.clone().detach().requires_grad_(True), rather than torch.tensor(sourceTensor).
  X = torch.tensor(X, dtype=torch.float32).to(self.device)
/home/mburu/anaconda3/envs/TabSurvey/lib/python3.8/site-packages/torch/nn/modules/loss.py:535: UserWarning: Using a target size (torch.Size([93])) that is different to the input size (torch.Size([93, 1])). This will likely lead to incorrect results due to broadcasting. Please ensure they have the same size.
  return F.mse_loss(input, target, reduction=self.reduction)
/home/mburu/anaconda3/envs/TabSurvey/lib/python3.8/site-packages/torch/nn/modules/loss.py:535: UserWarning: Using a target size (torch.Size([114])) that is different to the input size (torch.Size([114, 1])). This will likely lead to incorrect results due to broadcasting. Please ensure they have the same size.
  return F.mse_loss(input, target, reduction=self.reduction)
/home/mburu/anaconda3/envs/TabSurvey/lib/python3.8/site-packages/torch/nn/modules/loss.py:535: UserWarning: Using a target size (torch.Size([128])) that is different to the input size (torch.Size([128, 1])). This will likely lead to incorrect results due to broadcasting. Please ensure they have the same size.
  return F.mse_loss(input, target, reduction=self.reduction)
/home/mburu/Master_Thesis/master-thesis-da/DNN_Trial/models/rtdl_models.py:479: UserWarning: To copy construct from a tensor, it is recommended to use sourceTensor.clone().detach() or sourceTensor.clone().detach().requires_grad_(True), rather than torch.tensor(sourceTensor).
  X = torch.tensor(X, dtype=torch.float32).to(self.device)
/home/mburu/anaconda3/envs/TabSurvey/lib/python3.8/site-packages/torch/nn/modules/loss.py:535: UserWarning: Using a target size (torch.Size([93])) that is different to the input size (torch.Size([93, 1])). This will likely lead to incorrect results due to broadcasting. Please ensure they have the same size.
  return F.mse_loss(input, target, reduction=self.reduction)
/home/mburu/anaconda3/envs/TabSurvey/lib/python3.8/site-packages/torch/nn/modules/loss.py:535: UserWarning: Using a target size (torch.Size([114])) that is different to the input size (torch.Size([114, 1])). This will likely lead to incorrect results due to broadcasting. Please ensure they have the same size.
  return F.mse_loss(input, target, reduction=self.reduction)
/home/mburu/anaconda3/envs/TabSurvey/lib/python3.8/site-packages/torch/nn/modules/loss.py:535: UserWarning: Using a target size (torch.Size([128])) that is different to the input size (torch.Size([128, 1])). This will likely lead to incorrect results due to broadcasting. Please ensure they have the same size.
  return F.mse_loss(input, target, reduction=self.reduction)
/home/mburu/Master_Thesis/master-thesis-da/DNN_Trial/models/rtdl_models.py:479: UserWarning: To copy construct from a tensor, it is recommended to use sourceTensor.clone().detach() or sourceTensor.clone().detach().requires_grad_(True), rather than torch.tensor(sourceTensor).
  X = torch.tensor(X, dtype=torch.float32).to(self.device)
/home/mburu/anaconda3/envs/TabSurvey/lib/python3.8/site-packages/torch/nn/modules/loss.py:535: UserWarning: Using a target size (torch.Size([93])) that is different to the input size (torch.Size([93, 1])). This will likely lead to incorrect results due to broadcasting. Please ensure they have the same size.
  return F.mse_loss(input, target, reduction=self.reduction)
/home/mburu/anaconda3/envs/TabSurvey/lib/python3.8/site-packages/torch/nn/modules/loss.py:535: UserWarning: Using a target size (torch.Size([114])) that is different to the input size (torch.Size([114, 1])). This will likely lead to incorrect results due to broadcasting. Please ensure they have the same size.
  return F.mse_loss(input, target, reduction=self.reduction)
/home/mburu/anaconda3/envs/TabSurvey/lib/python3.8/site-packages/torch/nn/modules/loss.py:535: UserWarning: Using a target size (torch.Size([128])) that is different to the input size (torch.Size([128, 1])). This will likely lead to incorrect results due to broadcasting. Please ensure they have the same size.
  return F.mse_loss(input, target, reduction=self.reduction)
/home/mburu/Master_Thesis/master-thesis-da/DNN_Trial/models/rtdl_models.py:479: UserWarning: To copy construct from a tensor, it is recommended to use sourceTensor.clone().detach() or sourceTensor.clone().detach().requires_grad_(True), rather than torch.tensor(sourceTensor).
  X = torch.tensor(X, dtype=torch.float32).to(self.device)
/home/mburu/anaconda3/envs/TabSurvey/lib/python3.8/site-packages/torch/nn/modules/loss.py:535: UserWarning: Using a target size (torch.Size([92])) that is different to the input size (torch.Size([92, 1])). This will likely lead to incorrect results due to broadcasting. Please ensure they have the same size.
  return F.mse_loss(input, target, reduction=self.reduction)
/home/mburu/anaconda3/envs/TabSurvey/lib/python3.8/site-packages/torch/nn/modules/loss.py:535: UserWarning: Using a target size (torch.Size([115])) that is different to the input size (torch.Size([115, 1])). This will likely lead to incorrect results due to broadcasting. Please ensure they have the same size.
  return F.mse_loss(input, target, reduction=self.reduction)
/home/mburu/anaconda3/envs/TabSurvey/lib/python3.8/site-packages/torch/nn/modules/loss.py:535: UserWarning: Using a target size (torch.Size([128])) that is different to the input size (torch.Size([128, 1])). This will likely lead to incorrect results due to broadcasting. Please ensure they have the same size.
  return F.mse_loss(input, target, reduction=self.reduction)
/home/mburu/Master_Thesis/master-thesis-da/DNN_Trial/models/rtdl_models.py:479: UserWarning: To copy construct from a tensor, it is recommended to use sourceTensor.clone().detach() or sourceTensor.clone().detach().requires_grad_(True), rather than torch.tensor(sourceTensor).
  X = torch.tensor(X, dtype=torch.float32).to(self.device)
/home/mburu/anaconda3/envs/TabSurvey/lib/python3.8/site-packages/torch/nn/modules/loss.py:535: UserWarning: Using a target size (torch.Size([92])) that is different to the input size (torch.Size([92, 1])). This will likely lead to incorrect results due to broadcasting. Please ensure they have the same size.
  return F.mse_loss(input, target, reduction=self.reduction)
/home/mburu/anaconda3/envs/TabSurvey/lib/python3.8/site-packages/torch/nn/modules/loss.py:535: UserWarning: Using a target size (torch.Size([115])) that is different to the input size (torch.Size([115, 1])). This will likely lead to incorrect results due to broadcasting. Please ensure they have the same size.
  return F.mse_loss(input, target, reduction=self.reduction)
[I 2025-05-11 02:53:00,102] Trial 4 finished with value: 1794.059593108749 and parameters: {'learning_rate': 8.920917896372907e-05, 'weight_decay': 4.198823314619038e-06}. Best is trial 1 with value: 1695.4737652178205.
/home/mburu/anaconda3/envs/TabSurvey/lib/python3.8/site-packages/torch/nn/modules/loss.py:535: UserWarning: Using a target size (torch.Size([128])) that is different to the input size (torch.Size([128, 1])). This will likely lead to incorrect results due to broadcasting. Please ensure they have the same size.
  return F.mse_loss(input, target, reduction=self.reduction)
/home/mburu/Master_Thesis/master-thesis-da/DNN_Trial/models/rtdl_models.py:479: UserWarning: To copy construct from a tensor, it is recommended to use sourceTensor.clone().detach() or sourceTensor.clone().detach().requires_grad_(True), rather than torch.tensor(sourceTensor).
  X = torch.tensor(X, dtype=torch.float32).to(self.device)
/home/mburu/anaconda3/envs/TabSurvey/lib/python3.8/site-packages/torch/nn/modules/loss.py:535: UserWarning: Using a target size (torch.Size([115])) that is different to the input size (torch.Size([115, 1])). This will likely lead to incorrect results due to broadcasting. Please ensure they have the same size.
  return F.mse_loss(input, target, reduction=self.reduction)
/home/mburu/anaconda3/envs/TabSurvey/lib/python3.8/site-packages/torch/nn/modules/loss.py:535: UserWarning: Using a target size (torch.Size([79])) that is different to the input size (torch.Size([79, 1])). This will likely lead to incorrect results due to broadcasting. Please ensure they have the same size.
  return F.mse_loss(input, target, reduction=self.reduction)
[I 2025-05-11 02:53:05,142] A new study created in memory with name: FTTransformer_Sensory_outer1
/home/mburu/anaconda3/envs/TabSurvey/lib/python3.8/site-packages/torch/nn/modules/loss.py:535: UserWarning: Using a target size (torch.Size([128])) that is different to the input size (torch.Size([128, 1])). This will likely lead to incorrect results due to broadcasting. Please ensure they have the same size.
  return F.mse_loss(input, target, reduction=self.reduction)
/home/mburu/Master_Thesis/master-thesis-da/DNN_Trial/models/rtdl_models.py:479: UserWarning: To copy construct from a tensor, it is recommended to use sourceTensor.clone().detach() or sourceTensor.clone().detach().requires_grad_(True), rather than torch.tensor(sourceTensor).
  X = torch.tensor(X, dtype=torch.float32).to(self.device)
/home/mburu/anaconda3/envs/TabSurvey/lib/python3.8/site-packages/torch/nn/modules/loss.py:535: UserWarning: Using a target size (torch.Size([46])) that is different to the input size (torch.Size([46, 1])). This will likely lead to incorrect results due to broadcasting. Please ensure they have the same size.
  return F.mse_loss(input, target, reduction=self.reduction)
/home/mburu/anaconda3/envs/TabSurvey/lib/python3.8/site-packages/torch/nn/modules/loss.py:535: UserWarning: Using a target size (torch.Size([56])) that is different to the input size (torch.Size([56, 1])). This will likely lead to incorrect results due to broadcasting. Please ensure they have the same size.
  return F.mse_loss(input, target, reduction=self.reduction)
/home/mburu/anaconda3/envs/TabSurvey/lib/python3.8/site-packages/torch/nn/modules/loss.py:535: UserWarning: Using a target size (torch.Size([128])) that is different to the input size (torch.Size([128, 1])). This will likely lead to incorrect results due to broadcasting. Please ensure they have the same size.
  return F.mse_loss(input, target, reduction=self.reduction)
/home/mburu/Master_Thesis/master-thesis-da/DNN_Trial/models/rtdl_models.py:479: UserWarning: To copy construct from a tensor, it is recommended to use sourceTensor.clone().detach() or sourceTensor.clone().detach().requires_grad_(True), rather than torch.tensor(sourceTensor).
  X = torch.tensor(X, dtype=torch.float32).to(self.device)
/home/mburu/anaconda3/envs/TabSurvey/lib/python3.8/site-packages/torch/nn/modules/loss.py:535: UserWarning: Using a target size (torch.Size([46])) that is different to the input size (torch.Size([46, 1])). This will likely lead to incorrect results due to broadcasting. Please ensure they have the same size.
  return F.mse_loss(input, target, reduction=self.reduction)
/home/mburu/anaconda3/envs/TabSurvey/lib/python3.8/site-packages/torch/nn/modules/loss.py:535: UserWarning: Using a target size (torch.Size([56])) that is different to the input size (torch.Size([56, 1])). This will likely lead to incorrect results due to broadcasting. Please ensure they have the same size.
  return F.mse_loss(input, target, reduction=self.reduction)
/home/mburu/anaconda3/envs/TabSurvey/lib/python3.8/site-packages/torch/nn/modules/loss.py:535: UserWarning: Using a target size (torch.Size([128])) that is different to the input size (torch.Size([128, 1])). This will likely lead to incorrect results due to broadcasting. Please ensure they have the same size.
  return F.mse_loss(input, target, reduction=self.reduction)
/home/mburu/Master_Thesis/master-thesis-da/DNN_Trial/models/rtdl_models.py:479: UserWarning: To copy construct from a tensor, it is recommended to use sourceTensor.clone().detach() or sourceTensor.clone().detach().requires_grad_(True), rather than torch.tensor(sourceTensor).
  X = torch.tensor(X, dtype=torch.float32).to(self.device)
/home/mburu/anaconda3/envs/TabSurvey/lib/python3.8/site-packages/torch/nn/modules/loss.py:535: UserWarning: Using a target size (torch.Size([46])) that is different to the input size (torch.Size([46, 1])). This will likely lead to incorrect results due to broadcasting. Please ensure they have the same size.
  return F.mse_loss(input, target, reduction=self.reduction)
/home/mburu/anaconda3/envs/TabSurvey/lib/python3.8/site-packages/torch/nn/modules/loss.py:535: UserWarning: Using a target size (torch.Size([56])) that is different to the input size (torch.Size([56, 1])). This will likely lead to incorrect results due to broadcasting. Please ensure they have the same size.
  return F.mse_loss(input, target, reduction=self.reduction)
/home/mburu/anaconda3/envs/TabSurvey/lib/python3.8/site-packages/torch/nn/modules/loss.py:535: UserWarning: Using a target size (torch.Size([128])) that is different to the input size (torch.Size([128, 1])). This will likely lead to incorrect results due to broadcasting. Please ensure they have the same size.
  return F.mse_loss(input, target, reduction=self.reduction)
/home/mburu/Master_Thesis/master-thesis-da/DNN_Trial/models/rtdl_models.py:479: UserWarning: To copy construct from a tensor, it is recommended to use sourceTensor.clone().detach() or sourceTensor.clone().detach().requires_grad_(True), rather than torch.tensor(sourceTensor).
  X = torch.tensor(X, dtype=torch.float32).to(self.device)
/home/mburu/anaconda3/envs/TabSurvey/lib/python3.8/site-packages/torch/nn/modules/loss.py:535: UserWarning: Using a target size (torch.Size([46])) that is different to the input size (torch.Size([46, 1])). This will likely lead to incorrect results due to broadcasting. Please ensure they have the same size.
  return F.mse_loss(input, target, reduction=self.reduction)
/home/mburu/anaconda3/envs/TabSurvey/lib/python3.8/site-packages/torch/nn/modules/loss.py:535: UserWarning: Using a target size (torch.Size([56])) that is different to the input size (torch.Size([56, 1])). This will likely lead to incorrect results due to broadcasting. Please ensure they have the same size.
  return F.mse_loss(input, target, reduction=self.reduction)
/home/mburu/anaconda3/envs/TabSurvey/lib/python3.8/site-packages/torch/nn/modules/loss.py:535: UserWarning: Using a target size (torch.Size([128])) that is different to the input size (torch.Size([128, 1])). This will likely lead to incorrect results due to broadcasting. Please ensure they have the same size.
  return F.mse_loss(input, target, reduction=self.reduction)
/home/mburu/Master_Thesis/master-thesis-da/DNN_Trial/models/rtdl_models.py:479: UserWarning: To copy construct from a tensor, it is recommended to use sourceTensor.clone().detach() or sourceTensor.clone().detach().requires_grad_(True), rather than torch.tensor(sourceTensor).
  X = torch.tensor(X, dtype=torch.float32).to(self.device)
/home/mburu/anaconda3/envs/TabSurvey/lib/python3.8/site-packages/torch/nn/modules/loss.py:535: UserWarning: Using a target size (torch.Size([46])) that is different to the input size (torch.Size([46, 1])). This will likely lead to incorrect results due to broadcasting. Please ensure they have the same size.
  return F.mse_loss(input, target, reduction=self.reduction)
/home/mburu/anaconda3/envs/TabSurvey/lib/python3.8/site-packages/torch/nn/modules/loss.py:535: UserWarning: Using a target size (torch.Size([56])) that is different to the input size (torch.Size([56, 1])). This will likely lead to incorrect results due to broadcasting. Please ensure they have the same size.
  return F.mse_loss(input, target, reduction=self.reduction)
[I 2025-05-11 02:53:06,828] Trial 0 finished with value: 129.4649299225809 and parameters: {'learning_rate': 0.0019252522666956863, 'weight_decay': 0.0013663497596180408}. Best is trial 0 with value: 129.4649299225809.
/home/mburu/anaconda3/envs/TabSurvey/lib/python3.8/site-packages/torch/nn/modules/loss.py:535: UserWarning: Using a target size (torch.Size([128])) that is different to the input size (torch.Size([128, 1])). This will likely lead to incorrect results due to broadcasting. Please ensure they have the same size.
  return F.mse_loss(input, target, reduction=self.reduction)
/home/mburu/Master_Thesis/master-thesis-da/DNN_Trial/models/rtdl_models.py:479: UserWarning: To copy construct from a tensor, it is recommended to use sourceTensor.clone().detach() or sourceTensor.clone().detach().requires_grad_(True), rather than torch.tensor(sourceTensor).
  X = torch.tensor(X, dtype=torch.float32).to(self.device)
/home/mburu/anaconda3/envs/TabSurvey/lib/python3.8/site-packages/torch/nn/modules/loss.py:535: UserWarning: Using a target size (torch.Size([46])) that is different to the input size (torch.Size([46, 1])). This will likely lead to incorrect results due to broadcasting. Please ensure they have the same size.
  return F.mse_loss(input, target, reduction=self.reduction)
/home/mburu/anaconda3/envs/TabSurvey/lib/python3.8/site-packages/torch/nn/modules/loss.py:535: UserWarning: Using a target size (torch.Size([56])) that is different to the input size (torch.Size([56, 1])). This will likely lead to incorrect results due to broadcasting. Please ensure they have the same size.
  return F.mse_loss(input, target, reduction=self.reduction)
/home/mburu/anaconda3/envs/TabSurvey/lib/python3.8/site-packages/torch/nn/modules/loss.py:535: UserWarning: Using a target size (torch.Size([128])) that is different to the input size (torch.Size([128, 1])). This will likely lead to incorrect results due to broadcasting. Please ensure they have the same size.
  return F.mse_loss(input, target, reduction=self.reduction)
/home/mburu/Master_Thesis/master-thesis-da/DNN_Trial/models/rtdl_models.py:479: UserWarning: To copy construct from a tensor, it is recommended to use sourceTensor.clone().detach() or sourceTensor.clone().detach().requires_grad_(True), rather than torch.tensor(sourceTensor).
  X = torch.tensor(X, dtype=torch.float32).to(self.device)
/home/mburu/anaconda3/envs/TabSurvey/lib/python3.8/site-packages/torch/nn/modules/loss.py:535: UserWarning: Using a target size (torch.Size([46])) that is different to the input size (torch.Size([46, 1])). This will likely lead to incorrect results due to broadcasting. Please ensure they have the same size.
  return F.mse_loss(input, target, reduction=self.reduction)
/home/mburu/anaconda3/envs/TabSurvey/lib/python3.8/site-packages/torch/nn/modules/loss.py:535: UserWarning: Using a target size (torch.Size([56])) that is different to the input size (torch.Size([56, 1])). This will likely lead to incorrect results due to broadcasting. Please ensure they have the same size.
  return F.mse_loss(input, target, reduction=self.reduction)
/home/mburu/anaconda3/envs/TabSurvey/lib/python3.8/site-packages/torch/nn/modules/loss.py:535: UserWarning: Using a target size (torch.Size([128])) that is different to the input size (torch.Size([128, 1])). This will likely lead to incorrect results due to broadcasting. Please ensure they have the same size.
  return F.mse_loss(input, target, reduction=self.reduction)
/home/mburu/Master_Thesis/master-thesis-da/DNN_Trial/models/rtdl_models.py:479: UserWarning: To copy construct from a tensor, it is recommended to use sourceTensor.clone().detach() or sourceTensor.clone().detach().requires_grad_(True), rather than torch.tensor(sourceTensor).
  X = torch.tensor(X, dtype=torch.float32).to(self.device)
/home/mburu/anaconda3/envs/TabSurvey/lib/python3.8/site-packages/torch/nn/modules/loss.py:535: UserWarning: Using a target size (torch.Size([46])) that is different to the input size (torch.Size([46, 1])). This will likely lead to incorrect results due to broadcasting. Please ensure they have the same size.
  return F.mse_loss(input, target, reduction=self.reduction)
/home/mburu/anaconda3/envs/TabSurvey/lib/python3.8/site-packages/torch/nn/modules/loss.py:535: UserWarning: Using a target size (torch.Size([56])) that is different to the input size (torch.Size([56, 1])). This will likely lead to incorrect results due to broadcasting. Please ensure they have the same size.
  return F.mse_loss(input, target, reduction=self.reduction)
/home/mburu/anaconda3/envs/TabSurvey/lib/python3.8/site-packages/torch/nn/modules/loss.py:535: UserWarning: Using a target size (torch.Size([128])) that is different to the input size (torch.Size([128, 1])). This will likely lead to incorrect results due to broadcasting. Please ensure they have the same size.
  return F.mse_loss(input, target, reduction=self.reduction)
/home/mburu/Master_Thesis/master-thesis-da/DNN_Trial/models/rtdl_models.py:479: UserWarning: To copy construct from a tensor, it is recommended to use sourceTensor.clone().detach() or sourceTensor.clone().detach().requires_grad_(True), rather than torch.tensor(sourceTensor).
  X = torch.tensor(X, dtype=torch.float32).to(self.device)
/home/mburu/anaconda3/envs/TabSurvey/lib/python3.8/site-packages/torch/nn/modules/loss.py:535: UserWarning: Using a target size (torch.Size([46])) that is different to the input size (torch.Size([46, 1])). This will likely lead to incorrect results due to broadcasting. Please ensure they have the same size.
  return F.mse_loss(input, target, reduction=self.reduction)
/home/mburu/anaconda3/envs/TabSurvey/lib/python3.8/site-packages/torch/nn/modules/loss.py:535: UserWarning: Using a target size (torch.Size([56])) that is different to the input size (torch.Size([56, 1])). This will likely lead to incorrect results due to broadcasting. Please ensure they have the same size.
  return F.mse_loss(input, target, reduction=self.reduction)
/home/mburu/anaconda3/envs/TabSurvey/lib/python3.8/site-packages/torch/nn/modules/loss.py:535: UserWarning: Using a target size (torch.Size([128])) that is different to the input size (torch.Size([128, 1])). This will likely lead to incorrect results due to broadcasting. Please ensure they have the same size.
  return F.mse_loss(input, target, reduction=self.reduction)
/home/mburu/Master_Thesis/master-thesis-da/DNN_Trial/models/rtdl_models.py:479: UserWarning: To copy construct from a tensor, it is recommended to use sourceTensor.clone().detach() or sourceTensor.clone().detach().requires_grad_(True), rather than torch.tensor(sourceTensor).
  X = torch.tensor(X, dtype=torch.float32).to(self.device)
/home/mburu/anaconda3/envs/TabSurvey/lib/python3.8/site-packages/torch/nn/modules/loss.py:535: UserWarning: Using a target size (torch.Size([46])) that is different to the input size (torch.Size([46, 1])). This will likely lead to incorrect results due to broadcasting. Please ensure they have the same size.
  return F.mse_loss(input, target, reduction=self.reduction)
/home/mburu/anaconda3/envs/TabSurvey/lib/python3.8/site-packages/torch/nn/modules/loss.py:535: UserWarning: Using a target size (torch.Size([56])) that is different to the input size (torch.Size([56, 1])). This will likely lead to incorrect results due to broadcasting. Please ensure they have the same size.
  return F.mse_loss(input, target, reduction=self.reduction)
[I 2025-05-11 02:53:07,230] Trial 1 finished with value: 144.3511709217641 and parameters: {'learning_rate': 0.0006475238802474371, 'weight_decay': 0.005771188121721078}. Best is trial 0 with value: 129.4649299225809.
/home/mburu/anaconda3/envs/TabSurvey/lib/python3.8/site-packages/torch/nn/modules/loss.py:535: UserWarning: Using a target size (torch.Size([128])) that is different to the input size (torch.Size([128, 1])). This will likely lead to incorrect results due to broadcasting. Please ensure they have the same size.
  return F.mse_loss(input, target, reduction=self.reduction)
/home/mburu/Master_Thesis/master-thesis-da/DNN_Trial/models/rtdl_models.py:479: UserWarning: To copy construct from a tensor, it is recommended to use sourceTensor.clone().detach() or sourceTensor.clone().detach().requires_grad_(True), rather than torch.tensor(sourceTensor).
  X = torch.tensor(X, dtype=torch.float32).to(self.device)
/home/mburu/anaconda3/envs/TabSurvey/lib/python3.8/site-packages/torch/nn/modules/loss.py:535: UserWarning: Using a target size (torch.Size([46])) that is different to the input size (torch.Size([46, 1])). This will likely lead to incorrect results due to broadcasting. Please ensure they have the same size.
  return F.mse_loss(input, target, reduction=self.reduction)
/home/mburu/anaconda3/envs/TabSurvey/lib/python3.8/site-packages/torch/nn/modules/loss.py:535: UserWarning: Using a target size (torch.Size([56])) that is different to the input size (torch.Size([56, 1])). This will likely lead to incorrect results due to broadcasting. Please ensure they have the same size.
  return F.mse_loss(input, target, reduction=self.reduction)
/home/mburu/anaconda3/envs/TabSurvey/lib/python3.8/site-packages/torch/nn/modules/loss.py:535: UserWarning: Using a target size (torch.Size([128])) that is different to the input size (torch.Size([128, 1])). This will likely lead to incorrect results due to broadcasting. Please ensure they have the same size.
  return F.mse_loss(input, target, reduction=self.reduction)
/home/mburu/Master_Thesis/master-thesis-da/DNN_Trial/models/rtdl_models.py:479: UserWarning: To copy construct from a tensor, it is recommended to use sourceTensor.clone().detach() or sourceTensor.clone().detach().requires_grad_(True), rather than torch.tensor(sourceTensor).
  X = torch.tensor(X, dtype=torch.float32).to(self.device)
/home/mburu/anaconda3/envs/TabSurvey/lib/python3.8/site-packages/torch/nn/modules/loss.py:535: UserWarning: Using a target size (torch.Size([46])) that is different to the input size (torch.Size([46, 1])). This will likely lead to incorrect results due to broadcasting. Please ensure they have the same size.
  return F.mse_loss(input, target, reduction=self.reduction)
/home/mburu/anaconda3/envs/TabSurvey/lib/python3.8/site-packages/torch/nn/modules/loss.py:535: UserWarning: Using a target size (torch.Size([56])) that is different to the input size (torch.Size([56, 1])). This will likely lead to incorrect results due to broadcasting. Please ensure they have the same size.
  return F.mse_loss(input, target, reduction=self.reduction)
/home/mburu/anaconda3/envs/TabSurvey/lib/python3.8/site-packages/torch/nn/modules/loss.py:535: UserWarning: Using a target size (torch.Size([128])) that is different to the input size (torch.Size([128, 1])). This will likely lead to incorrect results due to broadcasting. Please ensure they have the same size.
  return F.mse_loss(input, target, reduction=self.reduction)
/home/mburu/Master_Thesis/master-thesis-da/DNN_Trial/models/rtdl_models.py:479: UserWarning: To copy construct from a tensor, it is recommended to use sourceTensor.clone().detach() or sourceTensor.clone().detach().requires_grad_(True), rather than torch.tensor(sourceTensor).
  X = torch.tensor(X, dtype=torch.float32).to(self.device)
/home/mburu/anaconda3/envs/TabSurvey/lib/python3.8/site-packages/torch/nn/modules/loss.py:535: UserWarning: Using a target size (torch.Size([46])) that is different to the input size (torch.Size([46, 1])). This will likely lead to incorrect results due to broadcasting. Please ensure they have the same size.
  return F.mse_loss(input, target, reduction=self.reduction)
/home/mburu/anaconda3/envs/TabSurvey/lib/python3.8/site-packages/torch/nn/modules/loss.py:535: UserWarning: Using a target size (torch.Size([56])) that is different to the input size (torch.Size([56, 1])). This will likely lead to incorrect results due to broadcasting. Please ensure they have the same size.
  return F.mse_loss(input, target, reduction=self.reduction)
/home/mburu/anaconda3/envs/TabSurvey/lib/python3.8/site-packages/torch/nn/modules/loss.py:535: UserWarning: Using a target size (torch.Size([128])) that is different to the input size (torch.Size([128, 1])). This will likely lead to incorrect results due to broadcasting. Please ensure they have the same size.
  return F.mse_loss(input, target, reduction=self.reduction)
/home/mburu/Master_Thesis/master-thesis-da/DNN_Trial/models/rtdl_models.py:479: UserWarning: To copy construct from a tensor, it is recommended to use sourceTensor.clone().detach() or sourceTensor.clone().detach().requires_grad_(True), rather than torch.tensor(sourceTensor).
  X = torch.tensor(X, dtype=torch.float32).to(self.device)
/home/mburu/anaconda3/envs/TabSurvey/lib/python3.8/site-packages/torch/nn/modules/loss.py:535: UserWarning: Using a target size (torch.Size([46])) that is different to the input size (torch.Size([46, 1])). This will likely lead to incorrect results due to broadcasting. Please ensure they have the same size.
  return F.mse_loss(input, target, reduction=self.reduction)
/home/mburu/anaconda3/envs/TabSurvey/lib/python3.8/site-packages/torch/nn/modules/loss.py:535: UserWarning: Using a target size (torch.Size([56])) that is different to the input size (torch.Size([56, 1])). This will likely lead to incorrect results due to broadcasting. Please ensure they have the same size.
  return F.mse_loss(input, target, reduction=self.reduction)
/home/mburu/anaconda3/envs/TabSurvey/lib/python3.8/site-packages/torch/nn/modules/loss.py:535: UserWarning: Using a target size (torch.Size([128])) that is different to the input size (torch.Size([128, 1])). This will likely lead to incorrect results due to broadcasting. Please ensure they have the same size.
  return F.mse_loss(input, target, reduction=self.reduction)
/home/mburu/Master_Thesis/master-thesis-da/DNN_Trial/models/rtdl_models.py:479: UserWarning: To copy construct from a tensor, it is recommended to use sourceTensor.clone().detach() or sourceTensor.clone().detach().requires_grad_(True), rather than torch.tensor(sourceTensor).
  X = torch.tensor(X, dtype=torch.float32).to(self.device)
/home/mburu/anaconda3/envs/TabSurvey/lib/python3.8/site-packages/torch/nn/modules/loss.py:535: UserWarning: Using a target size (torch.Size([46])) that is different to the input size (torch.Size([46, 1])). This will likely lead to incorrect results due to broadcasting. Please ensure they have the same size.
  return F.mse_loss(input, target, reduction=self.reduction)
/home/mburu/anaconda3/envs/TabSurvey/lib/python3.8/site-packages/torch/nn/modules/loss.py:535: UserWarning: Using a target size (torch.Size([56])) that is different to the input size (torch.Size([56, 1])). This will likely lead to incorrect results due to broadcasting. Please ensure they have the same size.
  return F.mse_loss(input, target, reduction=self.reduction)
[I 2025-05-11 02:53:07,624] Trial 2 finished with value: 221.76045782232364 and parameters: {'learning_rate': 3.6681983200254464e-05, 'weight_decay': 9.699926798158414e-06}. Best is trial 0 with value: 129.4649299225809.
/home/mburu/anaconda3/envs/TabSurvey/lib/python3.8/site-packages/torch/nn/modules/loss.py:535: UserWarning: Using a target size (torch.Size([128])) that is different to the input size (torch.Size([128, 1])). This will likely lead to incorrect results due to broadcasting. Please ensure they have the same size.
  return F.mse_loss(input, target, reduction=self.reduction)
/home/mburu/Master_Thesis/master-thesis-da/DNN_Trial/models/rtdl_models.py:479: UserWarning: To copy construct from a tensor, it is recommended to use sourceTensor.clone().detach() or sourceTensor.clone().detach().requires_grad_(True), rather than torch.tensor(sourceTensor).
  X = torch.tensor(X, dtype=torch.float32).to(self.device)
/home/mburu/anaconda3/envs/TabSurvey/lib/python3.8/site-packages/torch/nn/modules/loss.py:535: UserWarning: Using a target size (torch.Size([46])) that is different to the input size (torch.Size([46, 1])). This will likely lead to incorrect results due to broadcasting. Please ensure they have the same size.
  return F.mse_loss(input, target, reduction=self.reduction)
/home/mburu/anaconda3/envs/TabSurvey/lib/python3.8/site-packages/torch/nn/modules/loss.py:535: UserWarning: Using a target size (torch.Size([56])) that is different to the input size (torch.Size([56, 1])). This will likely lead to incorrect results due to broadcasting. Please ensure they have the same size.
  return F.mse_loss(input, target, reduction=self.reduction)
/home/mburu/anaconda3/envs/TabSurvey/lib/python3.8/site-packages/torch/nn/modules/loss.py:535: UserWarning: Using a target size (torch.Size([128])) that is different to the input size (torch.Size([128, 1])). This will likely lead to incorrect results due to broadcasting. Please ensure they have the same size.
  return F.mse_loss(input, target, reduction=self.reduction)
/home/mburu/Master_Thesis/master-thesis-da/DNN_Trial/models/rtdl_models.py:479: UserWarning: To copy construct from a tensor, it is recommended to use sourceTensor.clone().detach() or sourceTensor.clone().detach().requires_grad_(True), rather than torch.tensor(sourceTensor).
  X = torch.tensor(X, dtype=torch.float32).to(self.device)
/home/mburu/anaconda3/envs/TabSurvey/lib/python3.8/site-packages/torch/nn/modules/loss.py:535: UserWarning: Using a target size (torch.Size([46])) that is different to the input size (torch.Size([46, 1])). This will likely lead to incorrect results due to broadcasting. Please ensure they have the same size.
  return F.mse_loss(input, target, reduction=self.reduction)
/home/mburu/anaconda3/envs/TabSurvey/lib/python3.8/site-packages/torch/nn/modules/loss.py:535: UserWarning: Using a target size (torch.Size([56])) that is different to the input size (torch.Size([56, 1])). This will likely lead to incorrect results due to broadcasting. Please ensure they have the same size.
  return F.mse_loss(input, target, reduction=self.reduction)
/home/mburu/anaconda3/envs/TabSurvey/lib/python3.8/site-packages/torch/nn/modules/loss.py:535: UserWarning: Using a target size (torch.Size([128])) that is different to the input size (torch.Size([128, 1])). This will likely lead to incorrect results due to broadcasting. Please ensure they have the same size.
  return F.mse_loss(input, target, reduction=self.reduction)
/home/mburu/Master_Thesis/master-thesis-da/DNN_Trial/models/rtdl_models.py:479: UserWarning: To copy construct from a tensor, it is recommended to use sourceTensor.clone().detach() or sourceTensor.clone().detach().requires_grad_(True), rather than torch.tensor(sourceTensor).
  X = torch.tensor(X, dtype=torch.float32).to(self.device)
/home/mburu/anaconda3/envs/TabSurvey/lib/python3.8/site-packages/torch/nn/modules/loss.py:535: UserWarning: Using a target size (torch.Size([46])) that is different to the input size (torch.Size([46, 1])). This will likely lead to incorrect results due to broadcasting. Please ensure they have the same size.
  return F.mse_loss(input, target, reduction=self.reduction)
/home/mburu/anaconda3/envs/TabSurvey/lib/python3.8/site-packages/torch/nn/modules/loss.py:535: UserWarning: Using a target size (torch.Size([56])) that is different to the input size (torch.Size([56, 1])). This will likely lead to incorrect results due to broadcasting. Please ensure they have the same size.
  return F.mse_loss(input, target, reduction=self.reduction)
/home/mburu/anaconda3/envs/TabSurvey/lib/python3.8/site-packages/torch/nn/modules/loss.py:535: UserWarning: Using a target size (torch.Size([128])) that is different to the input size (torch.Size([128, 1])). This will likely lead to incorrect results due to broadcasting. Please ensure they have the same size.
  return F.mse_loss(input, target, reduction=self.reduction)
/home/mburu/Master_Thesis/master-thesis-da/DNN_Trial/models/rtdl_models.py:479: UserWarning: To copy construct from a tensor, it is recommended to use sourceTensor.clone().detach() or sourceTensor.clone().detach().requires_grad_(True), rather than torch.tensor(sourceTensor).
  X = torch.tensor(X, dtype=torch.float32).to(self.device)
/home/mburu/anaconda3/envs/TabSurvey/lib/python3.8/site-packages/torch/nn/modules/loss.py:535: UserWarning: Using a target size (torch.Size([46])) that is different to the input size (torch.Size([46, 1])). This will likely lead to incorrect results due to broadcasting. Please ensure they have the same size.
  return F.mse_loss(input, target, reduction=self.reduction)
/home/mburu/anaconda3/envs/TabSurvey/lib/python3.8/site-packages/torch/nn/modules/loss.py:535: UserWarning: Using a target size (torch.Size([56])) that is different to the input size (torch.Size([56, 1])). This will likely lead to incorrect results due to broadcasting. Please ensure they have the same size.
  return F.mse_loss(input, target, reduction=self.reduction)
/home/mburu/anaconda3/envs/TabSurvey/lib/python3.8/site-packages/torch/nn/modules/loss.py:535: UserWarning: Using a target size (torch.Size([128])) that is different to the input size (torch.Size([128, 1])). This will likely lead to incorrect results due to broadcasting. Please ensure they have the same size.
  return F.mse_loss(input, target, reduction=self.reduction)
/home/mburu/Master_Thesis/master-thesis-da/DNN_Trial/models/rtdl_models.py:479: UserWarning: To copy construct from a tensor, it is recommended to use sourceTensor.clone().detach() or sourceTensor.clone().detach().requires_grad_(True), rather than torch.tensor(sourceTensor).
  X = torch.tensor(X, dtype=torch.float32).to(self.device)
/home/mburu/anaconda3/envs/TabSurvey/lib/python3.8/site-packages/torch/nn/modules/loss.py:535: UserWarning: Using a target size (torch.Size([46])) that is different to the input size (torch.Size([46, 1])). This will likely lead to incorrect results due to broadcasting. Please ensure they have the same size.
  return F.mse_loss(input, target, reduction=self.reduction)
/home/mburu/anaconda3/envs/TabSurvey/lib/python3.8/site-packages/torch/nn/modules/loss.py:535: UserWarning: Using a target size (torch.Size([56])) that is different to the input size (torch.Size([56, 1])). This will likely lead to incorrect results due to broadcasting. Please ensure they have the same size.
  return F.mse_loss(input, target, reduction=self.reduction)
[I 2025-05-11 02:53:08,024] Trial 3 finished with value: 110.59698627127514 and parameters: {'learning_rate': 0.005782275098134794, 'weight_decay': 5.774836739509759e-05}. Best is trial 3 with value: 110.59698627127514.
/home/mburu/anaconda3/envs/TabSurvey/lib/python3.8/site-packages/torch/nn/modules/loss.py:535: UserWarning: Using a target size (torch.Size([128])) that is different to the input size (torch.Size([128, 1])). This will likely lead to incorrect results due to broadcasting. Please ensure they have the same size.
  return F.mse_loss(input, target, reduction=self.reduction)
/home/mburu/Master_Thesis/master-thesis-da/DNN_Trial/models/rtdl_models.py:479: UserWarning: To copy construct from a tensor, it is recommended to use sourceTensor.clone().detach() or sourceTensor.clone().detach().requires_grad_(True), rather than torch.tensor(sourceTensor).
  X = torch.tensor(X, dtype=torch.float32).to(self.device)
/home/mburu/anaconda3/envs/TabSurvey/lib/python3.8/site-packages/torch/nn/modules/loss.py:535: UserWarning: Using a target size (torch.Size([46])) that is different to the input size (torch.Size([46, 1])). This will likely lead to incorrect results due to broadcasting. Please ensure they have the same size.
  return F.mse_loss(input, target, reduction=self.reduction)
/home/mburu/anaconda3/envs/TabSurvey/lib/python3.8/site-packages/torch/nn/modules/loss.py:535: UserWarning: Using a target size (torch.Size([56])) that is different to the input size (torch.Size([56, 1])). This will likely lead to incorrect results due to broadcasting. Please ensure they have the same size.
  return F.mse_loss(input, target, reduction=self.reduction)
/home/mburu/anaconda3/envs/TabSurvey/lib/python3.8/site-packages/torch/nn/modules/loss.py:535: UserWarning: Using a target size (torch.Size([128])) that is different to the input size (torch.Size([128, 1])). This will likely lead to incorrect results due to broadcasting. Please ensure they have the same size.
  return F.mse_loss(input, target, reduction=self.reduction)
/home/mburu/Master_Thesis/master-thesis-da/DNN_Trial/models/rtdl_models.py:479: UserWarning: To copy construct from a tensor, it is recommended to use sourceTensor.clone().detach() or sourceTensor.clone().detach().requires_grad_(True), rather than torch.tensor(sourceTensor).
  X = torch.tensor(X, dtype=torch.float32).to(self.device)
/home/mburu/anaconda3/envs/TabSurvey/lib/python3.8/site-packages/torch/nn/modules/loss.py:535: UserWarning: Using a target size (torch.Size([46])) that is different to the input size (torch.Size([46, 1])). This will likely lead to incorrect results due to broadcasting. Please ensure they have the same size.
  return F.mse_loss(input, target, reduction=self.reduction)
/home/mburu/anaconda3/envs/TabSurvey/lib/python3.8/site-packages/torch/nn/modules/loss.py:535: UserWarning: Using a target size (torch.Size([56])) that is different to the input size (torch.Size([56, 1])). This will likely lead to incorrect results due to broadcasting. Please ensure they have the same size.
  return F.mse_loss(input, target, reduction=self.reduction)
/home/mburu/anaconda3/envs/TabSurvey/lib/python3.8/site-packages/torch/nn/modules/loss.py:535: UserWarning: Using a target size (torch.Size([128])) that is different to the input size (torch.Size([128, 1])). This will likely lead to incorrect results due to broadcasting. Please ensure they have the same size.
  return F.mse_loss(input, target, reduction=self.reduction)
/home/mburu/Master_Thesis/master-thesis-da/DNN_Trial/models/rtdl_models.py:479: UserWarning: To copy construct from a tensor, it is recommended to use sourceTensor.clone().detach() or sourceTensor.clone().detach().requires_grad_(True), rather than torch.tensor(sourceTensor).
  X = torch.tensor(X, dtype=torch.float32).to(self.device)
/home/mburu/anaconda3/envs/TabSurvey/lib/python3.8/site-packages/torch/nn/modules/loss.py:535: UserWarning: Using a target size (torch.Size([46])) that is different to the input size (torch.Size([46, 1])). This will likely lead to incorrect results due to broadcasting. Please ensure they have the same size.
  return F.mse_loss(input, target, reduction=self.reduction)
/home/mburu/anaconda3/envs/TabSurvey/lib/python3.8/site-packages/torch/nn/modules/loss.py:535: UserWarning: Using a target size (torch.Size([56])) that is different to the input size (torch.Size([56, 1])). This will likely lead to incorrect results due to broadcasting. Please ensure they have the same size.
  return F.mse_loss(input, target, reduction=self.reduction)
/home/mburu/anaconda3/envs/TabSurvey/lib/python3.8/site-packages/torch/nn/modules/loss.py:535: UserWarning: Using a target size (torch.Size([128])) that is different to the input size (torch.Size([128, 1])). This will likely lead to incorrect results due to broadcasting. Please ensure they have the same size.
  return F.mse_loss(input, target, reduction=self.reduction)
/home/mburu/Master_Thesis/master-thesis-da/DNN_Trial/models/rtdl_models.py:479: UserWarning: To copy construct from a tensor, it is recommended to use sourceTensor.clone().detach() or sourceTensor.clone().detach().requires_grad_(True), rather than torch.tensor(sourceTensor).
  X = torch.tensor(X, dtype=torch.float32).to(self.device)
/home/mburu/anaconda3/envs/TabSurvey/lib/python3.8/site-packages/torch/nn/modules/loss.py:535: UserWarning: Using a target size (torch.Size([46])) that is different to the input size (torch.Size([46, 1])). This will likely lead to incorrect results due to broadcasting. Please ensure they have the same size.
  return F.mse_loss(input, target, reduction=self.reduction)
/home/mburu/anaconda3/envs/TabSurvey/lib/python3.8/site-packages/torch/nn/modules/loss.py:535: UserWarning: Using a target size (torch.Size([56])) that is different to the input size (torch.Size([56, 1])). This will likely lead to incorrect results due to broadcasting. Please ensure they have the same size.
  return F.mse_loss(input, target, reduction=self.reduction)
/home/mburu/anaconda3/envs/TabSurvey/lib/python3.8/site-packages/torch/nn/modules/loss.py:535: UserWarning: Using a target size (torch.Size([128])) that is different to the input size (torch.Size([128, 1])). This will likely lead to incorrect results due to broadcasting. Please ensure they have the same size.
  return F.mse_loss(input, target, reduction=self.reduction)
/home/mburu/Master_Thesis/master-thesis-da/DNN_Trial/models/rtdl_models.py:479: UserWarning: To copy construct from a tensor, it is recommended to use sourceTensor.clone().detach() or sourceTensor.clone().detach().requires_grad_(True), rather than torch.tensor(sourceTensor).
  X = torch.tensor(X, dtype=torch.float32).to(self.device)
/home/mburu/anaconda3/envs/TabSurvey/lib/python3.8/site-packages/torch/nn/modules/loss.py:535: UserWarning: Using a target size (torch.Size([46])) that is different to the input size (torch.Size([46, 1])). This will likely lead to incorrect results due to broadcasting. Please ensure they have the same size.
  return F.mse_loss(input, target, reduction=self.reduction)
/home/mburu/anaconda3/envs/TabSurvey/lib/python3.8/site-packages/torch/nn/modules/loss.py:535: UserWarning: Using a target size (torch.Size([56])) that is different to the input size (torch.Size([56, 1])). This will likely lead to incorrect results due to broadcasting. Please ensure they have the same size.
  return F.mse_loss(input, target, reduction=self.reduction)
[I 2025-05-11 02:53:08,425] Trial 4 finished with value: 125.93314877536469 and parameters: {'learning_rate': 0.0023430077021116, 'weight_decay': 0.0024451599140131335}. Best is trial 3 with value: 110.59698627127514.
/home/mburu/anaconda3/envs/TabSurvey/lib/python3.8/site-packages/torch/nn/modules/loss.py:535: UserWarning: Using a target size (torch.Size([128])) that is different to the input size (torch.Size([128, 1])). This will likely lead to incorrect results due to broadcasting. Please ensure they have the same size.
  return F.mse_loss(input, target, reduction=self.reduction)
/home/mburu/Master_Thesis/master-thesis-da/DNN_Trial/models/rtdl_models.py:479: UserWarning: To copy construct from a tensor, it is recommended to use sourceTensor.clone().detach() or sourceTensor.clone().detach().requires_grad_(True), rather than torch.tensor(sourceTensor).
  X = torch.tensor(X, dtype=torch.float32).to(self.device)
/home/mburu/anaconda3/envs/TabSurvey/lib/python3.8/site-packages/torch/nn/modules/loss.py:535: UserWarning: Using a target size (torch.Size([58])) that is different to the input size (torch.Size([58, 1])). This will likely lead to incorrect results due to broadcasting. Please ensure they have the same size.
  return F.mse_loss(input, target, reduction=self.reduction)
/home/mburu/anaconda3/envs/TabSurvey/lib/python3.8/site-packages/torch/nn/modules/loss.py:535: UserWarning: Using a target size (torch.Size([102])) that is different to the input size (torch.Size([102, 1])). This will likely lead to incorrect results due to broadcasting. Please ensure they have the same size.
  return F.mse_loss(input, target, reduction=self.reduction)
[I 2025-05-11 02:53:08,509] A new study created in memory with name: FTTransformer_Sensory_outer2
/home/mburu/anaconda3/envs/TabSurvey/lib/python3.8/site-packages/torch/nn/modules/loss.py:535: UserWarning: Using a target size (torch.Size([128])) that is different to the input size (torch.Size([128, 1])). This will likely lead to incorrect results due to broadcasting. Please ensure they have the same size.
  return F.mse_loss(input, target, reduction=self.reduction)
/home/mburu/Master_Thesis/master-thesis-da/DNN_Trial/models/rtdl_models.py:479: UserWarning: To copy construct from a tensor, it is recommended to use sourceTensor.clone().detach() or sourceTensor.clone().detach().requires_grad_(True), rather than torch.tensor(sourceTensor).
  X = torch.tensor(X, dtype=torch.float32).to(self.device)
/home/mburu/anaconda3/envs/TabSurvey/lib/python3.8/site-packages/torch/nn/modules/loss.py:535: UserWarning: Using a target size (torch.Size([46])) that is different to the input size (torch.Size([46, 1])). This will likely lead to incorrect results due to broadcasting. Please ensure they have the same size.
  return F.mse_loss(input, target, reduction=self.reduction)
/home/mburu/anaconda3/envs/TabSurvey/lib/python3.8/site-packages/torch/nn/modules/loss.py:535: UserWarning: Using a target size (torch.Size([56])) that is different to the input size (torch.Size([56, 1])). This will likely lead to incorrect results due to broadcasting. Please ensure they have the same size.
  return F.mse_loss(input, target, reduction=self.reduction)
/home/mburu/anaconda3/envs/TabSurvey/lib/python3.8/site-packages/torch/nn/modules/loss.py:535: UserWarning: Using a target size (torch.Size([128])) that is different to the input size (torch.Size([128, 1])). This will likely lead to incorrect results due to broadcasting. Please ensure they have the same size.
  return F.mse_loss(input, target, reduction=self.reduction)
/home/mburu/Master_Thesis/master-thesis-da/DNN_Trial/models/rtdl_models.py:479: UserWarning: To copy construct from a tensor, it is recommended to use sourceTensor.clone().detach() or sourceTensor.clone().detach().requires_grad_(True), rather than torch.tensor(sourceTensor).
  X = torch.tensor(X, dtype=torch.float32).to(self.device)
/home/mburu/anaconda3/envs/TabSurvey/lib/python3.8/site-packages/torch/nn/modules/loss.py:535: UserWarning: Using a target size (torch.Size([46])) that is different to the input size (torch.Size([46, 1])). This will likely lead to incorrect results due to broadcasting. Please ensure they have the same size.
  return F.mse_loss(input, target, reduction=self.reduction)
/home/mburu/anaconda3/envs/TabSurvey/lib/python3.8/site-packages/torch/nn/modules/loss.py:535: UserWarning: Using a target size (torch.Size([56])) that is different to the input size (torch.Size([56, 1])). This will likely lead to incorrect results due to broadcasting. Please ensure they have the same size.
  return F.mse_loss(input, target, reduction=self.reduction)
/home/mburu/anaconda3/envs/TabSurvey/lib/python3.8/site-packages/torch/nn/modules/loss.py:535: UserWarning: Using a target size (torch.Size([128])) that is different to the input size (torch.Size([128, 1])). This will likely lead to incorrect results due to broadcasting. Please ensure they have the same size.
  return F.mse_loss(input, target, reduction=self.reduction)
/home/mburu/Master_Thesis/master-thesis-da/DNN_Trial/models/rtdl_models.py:479: UserWarning: To copy construct from a tensor, it is recommended to use sourceTensor.clone().detach() or sourceTensor.clone().detach().requires_grad_(True), rather than torch.tensor(sourceTensor).
  X = torch.tensor(X, dtype=torch.float32).to(self.device)
/home/mburu/anaconda3/envs/TabSurvey/lib/python3.8/site-packages/torch/nn/modules/loss.py:535: UserWarning: Using a target size (torch.Size([46])) that is different to the input size (torch.Size([46, 1])). This will likely lead to incorrect results due to broadcasting. Please ensure they have the same size.
  return F.mse_loss(input, target, reduction=self.reduction)
/home/mburu/anaconda3/envs/TabSurvey/lib/python3.8/site-packages/torch/nn/modules/loss.py:535: UserWarning: Using a target size (torch.Size([56])) that is different to the input size (torch.Size([56, 1])). This will likely lead to incorrect results due to broadcasting. Please ensure they have the same size.
  return F.mse_loss(input, target, reduction=self.reduction)
/home/mburu/anaconda3/envs/TabSurvey/lib/python3.8/site-packages/torch/nn/modules/loss.py:535: UserWarning: Using a target size (torch.Size([128])) that is different to the input size (torch.Size([128, 1])). This will likely lead to incorrect results due to broadcasting. Please ensure they have the same size.
  return F.mse_loss(input, target, reduction=self.reduction)
/home/mburu/Master_Thesis/master-thesis-da/DNN_Trial/models/rtdl_models.py:479: UserWarning: To copy construct from a tensor, it is recommended to use sourceTensor.clone().detach() or sourceTensor.clone().detach().requires_grad_(True), rather than torch.tensor(sourceTensor).
  X = torch.tensor(X, dtype=torch.float32).to(self.device)
/home/mburu/anaconda3/envs/TabSurvey/lib/python3.8/site-packages/torch/nn/modules/loss.py:535: UserWarning: Using a target size (torch.Size([46])) that is different to the input size (torch.Size([46, 1])). This will likely lead to incorrect results due to broadcasting. Please ensure they have the same size.
  return F.mse_loss(input, target, reduction=self.reduction)
/home/mburu/anaconda3/envs/TabSurvey/lib/python3.8/site-packages/torch/nn/modules/loss.py:535: UserWarning: Using a target size (torch.Size([56])) that is different to the input size (torch.Size([56, 1])). This will likely lead to incorrect results due to broadcasting. Please ensure they have the same size.
  return F.mse_loss(input, target, reduction=self.reduction)
/home/mburu/anaconda3/envs/TabSurvey/lib/python3.8/site-packages/torch/nn/modules/loss.py:535: UserWarning: Using a target size (torch.Size([128])) that is different to the input size (torch.Size([128, 1])). This will likely lead to incorrect results due to broadcasting. Please ensure they have the same size.
  return F.mse_loss(input, target, reduction=self.reduction)
/home/mburu/Master_Thesis/master-thesis-da/DNN_Trial/models/rtdl_models.py:479: UserWarning: To copy construct from a tensor, it is recommended to use sourceTensor.clone().detach() or sourceTensor.clone().detach().requires_grad_(True), rather than torch.tensor(sourceTensor).
  X = torch.tensor(X, dtype=torch.float32).to(self.device)
/home/mburu/anaconda3/envs/TabSurvey/lib/python3.8/site-packages/torch/nn/modules/loss.py:535: UserWarning: Using a target size (torch.Size([46])) that is different to the input size (torch.Size([46, 1])). This will likely lead to incorrect results due to broadcasting. Please ensure they have the same size.
  return F.mse_loss(input, target, reduction=self.reduction)
/home/mburu/anaconda3/envs/TabSurvey/lib/python3.8/site-packages/torch/nn/modules/loss.py:535: UserWarning: Using a target size (torch.Size([56])) that is different to the input size (torch.Size([56, 1])). This will likely lead to incorrect results due to broadcasting. Please ensure they have the same size.
  return F.mse_loss(input, target, reduction=self.reduction)
[I 2025-05-11 02:53:08,892] Trial 0 finished with value: 151.32161955491236 and parameters: {'learning_rate': 0.00026897374024338914, 'weight_decay': 0.0013602814437152536}. Best is trial 0 with value: 151.32161955491236.
/home/mburu/anaconda3/envs/TabSurvey/lib/python3.8/site-packages/torch/nn/modules/loss.py:535: UserWarning: Using a target size (torch.Size([128])) that is different to the input size (torch.Size([128, 1])). This will likely lead to incorrect results due to broadcasting. Please ensure they have the same size.
  return F.mse_loss(input, target, reduction=self.reduction)
/home/mburu/Master_Thesis/master-thesis-da/DNN_Trial/models/rtdl_models.py:479: UserWarning: To copy construct from a tensor, it is recommended to use sourceTensor.clone().detach() or sourceTensor.clone().detach().requires_grad_(True), rather than torch.tensor(sourceTensor).
  X = torch.tensor(X, dtype=torch.float32).to(self.device)
/home/mburu/anaconda3/envs/TabSurvey/lib/python3.8/site-packages/torch/nn/modules/loss.py:535: UserWarning: Using a target size (torch.Size([46])) that is different to the input size (torch.Size([46, 1])). This will likely lead to incorrect results due to broadcasting. Please ensure they have the same size.
  return F.mse_loss(input, target, reduction=self.reduction)
/home/mburu/anaconda3/envs/TabSurvey/lib/python3.8/site-packages/torch/nn/modules/loss.py:535: UserWarning: Using a target size (torch.Size([56])) that is different to the input size (torch.Size([56, 1])). This will likely lead to incorrect results due to broadcasting. Please ensure they have the same size.
  return F.mse_loss(input, target, reduction=self.reduction)
/home/mburu/anaconda3/envs/TabSurvey/lib/python3.8/site-packages/torch/nn/modules/loss.py:535: UserWarning: Using a target size (torch.Size([128])) that is different to the input size (torch.Size([128, 1])). This will likely lead to incorrect results due to broadcasting. Please ensure they have the same size.
  return F.mse_loss(input, target, reduction=self.reduction)
/home/mburu/Master_Thesis/master-thesis-da/DNN_Trial/models/rtdl_models.py:479: UserWarning: To copy construct from a tensor, it is recommended to use sourceTensor.clone().detach() or sourceTensor.clone().detach().requires_grad_(True), rather than torch.tensor(sourceTensor).
  X = torch.tensor(X, dtype=torch.float32).to(self.device)
/home/mburu/anaconda3/envs/TabSurvey/lib/python3.8/site-packages/torch/nn/modules/loss.py:535: UserWarning: Using a target size (torch.Size([46])) that is different to the input size (torch.Size([46, 1])). This will likely lead to incorrect results due to broadcasting. Please ensure they have the same size.
  return F.mse_loss(input, target, reduction=self.reduction)
/home/mburu/anaconda3/envs/TabSurvey/lib/python3.8/site-packages/torch/nn/modules/loss.py:535: UserWarning: Using a target size (torch.Size([56])) that is different to the input size (torch.Size([56, 1])). This will likely lead to incorrect results due to broadcasting. Please ensure they have the same size.
  return F.mse_loss(input, target, reduction=self.reduction)
/home/mburu/anaconda3/envs/TabSurvey/lib/python3.8/site-packages/torch/nn/modules/loss.py:535: UserWarning: Using a target size (torch.Size([128])) that is different to the input size (torch.Size([128, 1])). This will likely lead to incorrect results due to broadcasting. Please ensure they have the same size.
  return F.mse_loss(input, target, reduction=self.reduction)
/home/mburu/Master_Thesis/master-thesis-da/DNN_Trial/models/rtdl_models.py:479: UserWarning: To copy construct from a tensor, it is recommended to use sourceTensor.clone().detach() or sourceTensor.clone().detach().requires_grad_(True), rather than torch.tensor(sourceTensor).
  X = torch.tensor(X, dtype=torch.float32).to(self.device)
/home/mburu/anaconda3/envs/TabSurvey/lib/python3.8/site-packages/torch/nn/modules/loss.py:535: UserWarning: Using a target size (torch.Size([46])) that is different to the input size (torch.Size([46, 1])). This will likely lead to incorrect results due to broadcasting. Please ensure they have the same size.
  return F.mse_loss(input, target, reduction=self.reduction)
/home/mburu/anaconda3/envs/TabSurvey/lib/python3.8/site-packages/torch/nn/modules/loss.py:535: UserWarning: Using a target size (torch.Size([56])) that is different to the input size (torch.Size([56, 1])). This will likely lead to incorrect results due to broadcasting. Please ensure they have the same size.
  return F.mse_loss(input, target, reduction=self.reduction)
/home/mburu/anaconda3/envs/TabSurvey/lib/python3.8/site-packages/torch/nn/modules/loss.py:535: UserWarning: Using a target size (torch.Size([128])) that is different to the input size (torch.Size([128, 1])). This will likely lead to incorrect results due to broadcasting. Please ensure they have the same size.
  return F.mse_loss(input, target, reduction=self.reduction)
/home/mburu/Master_Thesis/master-thesis-da/DNN_Trial/models/rtdl_models.py:479: UserWarning: To copy construct from a tensor, it is recommended to use sourceTensor.clone().detach() or sourceTensor.clone().detach().requires_grad_(True), rather than torch.tensor(sourceTensor).
  X = torch.tensor(X, dtype=torch.float32).to(self.device)
/home/mburu/anaconda3/envs/TabSurvey/lib/python3.8/site-packages/torch/nn/modules/loss.py:535: UserWarning: Using a target size (torch.Size([46])) that is different to the input size (torch.Size([46, 1])). This will likely lead to incorrect results due to broadcasting. Please ensure they have the same size.
  return F.mse_loss(input, target, reduction=self.reduction)
/home/mburu/anaconda3/envs/TabSurvey/lib/python3.8/site-packages/torch/nn/modules/loss.py:535: UserWarning: Using a target size (torch.Size([56])) that is different to the input size (torch.Size([56, 1])). This will likely lead to incorrect results due to broadcasting. Please ensure they have the same size.
  return F.mse_loss(input, target, reduction=self.reduction)
/home/mburu/anaconda3/envs/TabSurvey/lib/python3.8/site-packages/torch/nn/modules/loss.py:535: UserWarning: Using a target size (torch.Size([128])) that is different to the input size (torch.Size([128, 1])). This will likely lead to incorrect results due to broadcasting. Please ensure they have the same size.
  return F.mse_loss(input, target, reduction=self.reduction)
/home/mburu/Master_Thesis/master-thesis-da/DNN_Trial/models/rtdl_models.py:479: UserWarning: To copy construct from a tensor, it is recommended to use sourceTensor.clone().detach() or sourceTensor.clone().detach().requires_grad_(True), rather than torch.tensor(sourceTensor).
  X = torch.tensor(X, dtype=torch.float32).to(self.device)
/home/mburu/anaconda3/envs/TabSurvey/lib/python3.8/site-packages/torch/nn/modules/loss.py:535: UserWarning: Using a target size (torch.Size([46])) that is different to the input size (torch.Size([46, 1])). This will likely lead to incorrect results due to broadcasting. Please ensure they have the same size.
  return F.mse_loss(input, target, reduction=self.reduction)
/home/mburu/anaconda3/envs/TabSurvey/lib/python3.8/site-packages/torch/nn/modules/loss.py:535: UserWarning: Using a target size (torch.Size([56])) that is different to the input size (torch.Size([56, 1])). This will likely lead to incorrect results due to broadcasting. Please ensure they have the same size.
  return F.mse_loss(input, target, reduction=self.reduction)
[I 2025-05-11 02:53:09,300] Trial 1 finished with value: 187.34827671237085 and parameters: {'learning_rate': 8.545068054232372e-05, 'weight_decay': 5.8189800341224995e-06}. Best is trial 0 with value: 151.32161955491236.
/home/mburu/anaconda3/envs/TabSurvey/lib/python3.8/site-packages/torch/nn/modules/loss.py:535: UserWarning: Using a target size (torch.Size([128])) that is different to the input size (torch.Size([128, 1])). This will likely lead to incorrect results due to broadcasting. Please ensure they have the same size.
  return F.mse_loss(input, target, reduction=self.reduction)
/home/mburu/Master_Thesis/master-thesis-da/DNN_Trial/models/rtdl_models.py:479: UserWarning: To copy construct from a tensor, it is recommended to use sourceTensor.clone().detach() or sourceTensor.clone().detach().requires_grad_(True), rather than torch.tensor(sourceTensor).
  X = torch.tensor(X, dtype=torch.float32).to(self.device)
/home/mburu/anaconda3/envs/TabSurvey/lib/python3.8/site-packages/torch/nn/modules/loss.py:535: UserWarning: Using a target size (torch.Size([46])) that is different to the input size (torch.Size([46, 1])). This will likely lead to incorrect results due to broadcasting. Please ensure they have the same size.
  return F.mse_loss(input, target, reduction=self.reduction)
/home/mburu/anaconda3/envs/TabSurvey/lib/python3.8/site-packages/torch/nn/modules/loss.py:535: UserWarning: Using a target size (torch.Size([56])) that is different to the input size (torch.Size([56, 1])). This will likely lead to incorrect results due to broadcasting. Please ensure they have the same size.
  return F.mse_loss(input, target, reduction=self.reduction)
/home/mburu/anaconda3/envs/TabSurvey/lib/python3.8/site-packages/torch/nn/modules/loss.py:535: UserWarning: Using a target size (torch.Size([128])) that is different to the input size (torch.Size([128, 1])). This will likely lead to incorrect results due to broadcasting. Please ensure they have the same size.
  return F.mse_loss(input, target, reduction=self.reduction)
/home/mburu/Master_Thesis/master-thesis-da/DNN_Trial/models/rtdl_models.py:479: UserWarning: To copy construct from a tensor, it is recommended to use sourceTensor.clone().detach() or sourceTensor.clone().detach().requires_grad_(True), rather than torch.tensor(sourceTensor).
  X = torch.tensor(X, dtype=torch.float32).to(self.device)
/home/mburu/anaconda3/envs/TabSurvey/lib/python3.8/site-packages/torch/nn/modules/loss.py:535: UserWarning: Using a target size (torch.Size([46])) that is different to the input size (torch.Size([46, 1])). This will likely lead to incorrect results due to broadcasting. Please ensure they have the same size.
  return F.mse_loss(input, target, reduction=self.reduction)
/home/mburu/anaconda3/envs/TabSurvey/lib/python3.8/site-packages/torch/nn/modules/loss.py:535: UserWarning: Using a target size (torch.Size([56])) that is different to the input size (torch.Size([56, 1])). This will likely lead to incorrect results due to broadcasting. Please ensure they have the same size.
  return F.mse_loss(input, target, reduction=self.reduction)
/home/mburu/anaconda3/envs/TabSurvey/lib/python3.8/site-packages/torch/nn/modules/loss.py:535: UserWarning: Using a target size (torch.Size([128])) that is different to the input size (torch.Size([128, 1])). This will likely lead to incorrect results due to broadcasting. Please ensure they have the same size.
  return F.mse_loss(input, target, reduction=self.reduction)
/home/mburu/Master_Thesis/master-thesis-da/DNN_Trial/models/rtdl_models.py:479: UserWarning: To copy construct from a tensor, it is recommended to use sourceTensor.clone().detach() or sourceTensor.clone().detach().requires_grad_(True), rather than torch.tensor(sourceTensor).
  X = torch.tensor(X, dtype=torch.float32).to(self.device)
/home/mburu/anaconda3/envs/TabSurvey/lib/python3.8/site-packages/torch/nn/modules/loss.py:535: UserWarning: Using a target size (torch.Size([46])) that is different to the input size (torch.Size([46, 1])). This will likely lead to incorrect results due to broadcasting. Please ensure they have the same size.
  return F.mse_loss(input, target, reduction=self.reduction)
/home/mburu/anaconda3/envs/TabSurvey/lib/python3.8/site-packages/torch/nn/modules/loss.py:535: UserWarning: Using a target size (torch.Size([56])) that is different to the input size (torch.Size([56, 1])). This will likely lead to incorrect results due to broadcasting. Please ensure they have the same size.
  return F.mse_loss(input, target, reduction=self.reduction)
/home/mburu/anaconda3/envs/TabSurvey/lib/python3.8/site-packages/torch/nn/modules/loss.py:535: UserWarning: Using a target size (torch.Size([128])) that is different to the input size (torch.Size([128, 1])). This will likely lead to incorrect results due to broadcasting. Please ensure they have the same size.
  return F.mse_loss(input, target, reduction=self.reduction)
/home/mburu/Master_Thesis/master-thesis-da/DNN_Trial/models/rtdl_models.py:479: UserWarning: To copy construct from a tensor, it is recommended to use sourceTensor.clone().detach() or sourceTensor.clone().detach().requires_grad_(True), rather than torch.tensor(sourceTensor).
  X = torch.tensor(X, dtype=torch.float32).to(self.device)
/home/mburu/anaconda3/envs/TabSurvey/lib/python3.8/site-packages/torch/nn/modules/loss.py:535: UserWarning: Using a target size (torch.Size([46])) that is different to the input size (torch.Size([46, 1])). This will likely lead to incorrect results due to broadcasting. Please ensure they have the same size.
  return F.mse_loss(input, target, reduction=self.reduction)
/home/mburu/anaconda3/envs/TabSurvey/lib/python3.8/site-packages/torch/nn/modules/loss.py:535: UserWarning: Using a target size (torch.Size([56])) that is different to the input size (torch.Size([56, 1])). This will likely lead to incorrect results due to broadcasting. Please ensure they have the same size.
  return F.mse_loss(input, target, reduction=self.reduction)
/home/mburu/anaconda3/envs/TabSurvey/lib/python3.8/site-packages/torch/nn/modules/loss.py:535: UserWarning: Using a target size (torch.Size([128])) that is different to the input size (torch.Size([128, 1])). This will likely lead to incorrect results due to broadcasting. Please ensure they have the same size.
  return F.mse_loss(input, target, reduction=self.reduction)
/home/mburu/Master_Thesis/master-thesis-da/DNN_Trial/models/rtdl_models.py:479: UserWarning: To copy construct from a tensor, it is recommended to use sourceTensor.clone().detach() or sourceTensor.clone().detach().requires_grad_(True), rather than torch.tensor(sourceTensor).
  X = torch.tensor(X, dtype=torch.float32).to(self.device)
/home/mburu/anaconda3/envs/TabSurvey/lib/python3.8/site-packages/torch/nn/modules/loss.py:535: UserWarning: Using a target size (torch.Size([46])) that is different to the input size (torch.Size([46, 1])). This will likely lead to incorrect results due to broadcasting. Please ensure they have the same size.
  return F.mse_loss(input, target, reduction=self.reduction)
/home/mburu/anaconda3/envs/TabSurvey/lib/python3.8/site-packages/torch/nn/modules/loss.py:535: UserWarning: Using a target size (torch.Size([56])) that is different to the input size (torch.Size([56, 1])). This will likely lead to incorrect results due to broadcasting. Please ensure they have the same size.
  return F.mse_loss(input, target, reduction=self.reduction)
[I 2025-05-11 02:53:09,817] Trial 2 finished with value: 213.9869635494819 and parameters: {'learning_rate': 1.2421222383984896e-05, 'weight_decay': 1.2208290943379529e-05}. Best is trial 0 with value: 151.32161955491236.
/home/mburu/anaconda3/envs/TabSurvey/lib/python3.8/site-packages/torch/nn/modules/loss.py:535: UserWarning: Using a target size (torch.Size([128])) that is different to the input size (torch.Size([128, 1])). This will likely lead to incorrect results due to broadcasting. Please ensure they have the same size.
  return F.mse_loss(input, target, reduction=self.reduction)
/home/mburu/Master_Thesis/master-thesis-da/DNN_Trial/models/rtdl_models.py:479: UserWarning: To copy construct from a tensor, it is recommended to use sourceTensor.clone().detach() or sourceTensor.clone().detach().requires_grad_(True), rather than torch.tensor(sourceTensor).
  X = torch.tensor(X, dtype=torch.float32).to(self.device)
/home/mburu/anaconda3/envs/TabSurvey/lib/python3.8/site-packages/torch/nn/modules/loss.py:535: UserWarning: Using a target size (torch.Size([46])) that is different to the input size (torch.Size([46, 1])). This will likely lead to incorrect results due to broadcasting. Please ensure they have the same size.
  return F.mse_loss(input, target, reduction=self.reduction)
/home/mburu/anaconda3/envs/TabSurvey/lib/python3.8/site-packages/torch/nn/modules/loss.py:535: UserWarning: Using a target size (torch.Size([56])) that is different to the input size (torch.Size([56, 1])). This will likely lead to incorrect results due to broadcasting. Please ensure they have the same size.
  return F.mse_loss(input, target, reduction=self.reduction)
/home/mburu/anaconda3/envs/TabSurvey/lib/python3.8/site-packages/torch/nn/modules/loss.py:535: UserWarning: Using a target size (torch.Size([128])) that is different to the input size (torch.Size([128, 1])). This will likely lead to incorrect results due to broadcasting. Please ensure they have the same size.
  return F.mse_loss(input, target, reduction=self.reduction)
/home/mburu/Master_Thesis/master-thesis-da/DNN_Trial/models/rtdl_models.py:479: UserWarning: To copy construct from a tensor, it is recommended to use sourceTensor.clone().detach() or sourceTensor.clone().detach().requires_grad_(True), rather than torch.tensor(sourceTensor).
  X = torch.tensor(X, dtype=torch.float32).to(self.device)
/home/mburu/anaconda3/envs/TabSurvey/lib/python3.8/site-packages/torch/nn/modules/loss.py:535: UserWarning: Using a target size (torch.Size([46])) that is different to the input size (torch.Size([46, 1])). This will likely lead to incorrect results due to broadcasting. Please ensure they have the same size.
  return F.mse_loss(input, target, reduction=self.reduction)
/home/mburu/anaconda3/envs/TabSurvey/lib/python3.8/site-packages/torch/nn/modules/loss.py:535: UserWarning: Using a target size (torch.Size([56])) that is different to the input size (torch.Size([56, 1])). This will likely lead to incorrect results due to broadcasting. Please ensure they have the same size.
  return F.mse_loss(input, target, reduction=self.reduction)
/home/mburu/anaconda3/envs/TabSurvey/lib/python3.8/site-packages/torch/nn/modules/loss.py:535: UserWarning: Using a target size (torch.Size([128])) that is different to the input size (torch.Size([128, 1])). This will likely lead to incorrect results due to broadcasting. Please ensure they have the same size.
  return F.mse_loss(input, target, reduction=self.reduction)
/home/mburu/Master_Thesis/master-thesis-da/DNN_Trial/models/rtdl_models.py:479: UserWarning: To copy construct from a tensor, it is recommended to use sourceTensor.clone().detach() or sourceTensor.clone().detach().requires_grad_(True), rather than torch.tensor(sourceTensor).
  X = torch.tensor(X, dtype=torch.float32).to(self.device)
/home/mburu/anaconda3/envs/TabSurvey/lib/python3.8/site-packages/torch/nn/modules/loss.py:535: UserWarning: Using a target size (torch.Size([46])) that is different to the input size (torch.Size([46, 1])). This will likely lead to incorrect results due to broadcasting. Please ensure they have the same size.
  return F.mse_loss(input, target, reduction=self.reduction)
/home/mburu/anaconda3/envs/TabSurvey/lib/python3.8/site-packages/torch/nn/modules/loss.py:535: UserWarning: Using a target size (torch.Size([56])) that is different to the input size (torch.Size([56, 1])). This will likely lead to incorrect results due to broadcasting. Please ensure they have the same size.
  return F.mse_loss(input, target, reduction=self.reduction)
/home/mburu/anaconda3/envs/TabSurvey/lib/python3.8/site-packages/torch/nn/modules/loss.py:535: UserWarning: Using a target size (torch.Size([128])) that is different to the input size (torch.Size([128, 1])). This will likely lead to incorrect results due to broadcasting. Please ensure they have the same size.
  return F.mse_loss(input, target, reduction=self.reduction)
/home/mburu/Master_Thesis/master-thesis-da/DNN_Trial/models/rtdl_models.py:479: UserWarning: To copy construct from a tensor, it is recommended to use sourceTensor.clone().detach() or sourceTensor.clone().detach().requires_grad_(True), rather than torch.tensor(sourceTensor).
  X = torch.tensor(X, dtype=torch.float32).to(self.device)
/home/mburu/anaconda3/envs/TabSurvey/lib/python3.8/site-packages/torch/nn/modules/loss.py:535: UserWarning: Using a target size (torch.Size([46])) that is different to the input size (torch.Size([46, 1])). This will likely lead to incorrect results due to broadcasting. Please ensure they have the same size.
  return F.mse_loss(input, target, reduction=self.reduction)
/home/mburu/anaconda3/envs/TabSurvey/lib/python3.8/site-packages/torch/nn/modules/loss.py:535: UserWarning: Using a target size (torch.Size([56])) that is different to the input size (torch.Size([56, 1])). This will likely lead to incorrect results due to broadcasting. Please ensure they have the same size.
  return F.mse_loss(input, target, reduction=self.reduction)
/home/mburu/anaconda3/envs/TabSurvey/lib/python3.8/site-packages/torch/nn/modules/loss.py:535: UserWarning: Using a target size (torch.Size([128])) that is different to the input size (torch.Size([128, 1])). This will likely lead to incorrect results due to broadcasting. Please ensure they have the same size.
  return F.mse_loss(input, target, reduction=self.reduction)
/home/mburu/Master_Thesis/master-thesis-da/DNN_Trial/models/rtdl_models.py:479: UserWarning: To copy construct from a tensor, it is recommended to use sourceTensor.clone().detach() or sourceTensor.clone().detach().requires_grad_(True), rather than torch.tensor(sourceTensor).
  X = torch.tensor(X, dtype=torch.float32).to(self.device)
/home/mburu/anaconda3/envs/TabSurvey/lib/python3.8/site-packages/torch/nn/modules/loss.py:535: UserWarning: Using a target size (torch.Size([46])) that is different to the input size (torch.Size([46, 1])). This will likely lead to incorrect results due to broadcasting. Please ensure they have the same size.
  return F.mse_loss(input, target, reduction=self.reduction)
/home/mburu/anaconda3/envs/TabSurvey/lib/python3.8/site-packages/torch/nn/modules/loss.py:535: UserWarning: Using a target size (torch.Size([56])) that is different to the input size (torch.Size([56, 1])). This will likely lead to incorrect results due to broadcasting. Please ensure they have the same size.
  return F.mse_loss(input, target, reduction=self.reduction)
[I 2025-05-11 02:53:10,232] Trial 3 finished with value: 213.86144055296876 and parameters: {'learning_rate': 1.90321909413905e-05, 'weight_decay': 0.0013640600216322611}. Best is trial 0 with value: 151.32161955491236.
/home/mburu/anaconda3/envs/TabSurvey/lib/python3.8/site-packages/torch/nn/modules/loss.py:535: UserWarning: Using a target size (torch.Size([128])) that is different to the input size (torch.Size([128, 1])). This will likely lead to incorrect results due to broadcasting. Please ensure they have the same size.
  return F.mse_loss(input, target, reduction=self.reduction)
/home/mburu/Master_Thesis/master-thesis-da/DNN_Trial/models/rtdl_models.py:479: UserWarning: To copy construct from a tensor, it is recommended to use sourceTensor.clone().detach() or sourceTensor.clone().detach().requires_grad_(True), rather than torch.tensor(sourceTensor).
  X = torch.tensor(X, dtype=torch.float32).to(self.device)
/home/mburu/anaconda3/envs/TabSurvey/lib/python3.8/site-packages/torch/nn/modules/loss.py:535: UserWarning: Using a target size (torch.Size([46])) that is different to the input size (torch.Size([46, 1])). This will likely lead to incorrect results due to broadcasting. Please ensure they have the same size.
  return F.mse_loss(input, target, reduction=self.reduction)
/home/mburu/anaconda3/envs/TabSurvey/lib/python3.8/site-packages/torch/nn/modules/loss.py:535: UserWarning: Using a target size (torch.Size([56])) that is different to the input size (torch.Size([56, 1])). This will likely lead to incorrect results due to broadcasting. Please ensure they have the same size.
  return F.mse_loss(input, target, reduction=self.reduction)
/home/mburu/anaconda3/envs/TabSurvey/lib/python3.8/site-packages/torch/nn/modules/loss.py:535: UserWarning: Using a target size (torch.Size([128])) that is different to the input size (torch.Size([128, 1])). This will likely lead to incorrect results due to broadcasting. Please ensure they have the same size.
  return F.mse_loss(input, target, reduction=self.reduction)
/home/mburu/Master_Thesis/master-thesis-da/DNN_Trial/models/rtdl_models.py:479: UserWarning: To copy construct from a tensor, it is recommended to use sourceTensor.clone().detach() or sourceTensor.clone().detach().requires_grad_(True), rather than torch.tensor(sourceTensor).
  X = torch.tensor(X, dtype=torch.float32).to(self.device)
/home/mburu/anaconda3/envs/TabSurvey/lib/python3.8/site-packages/torch/nn/modules/loss.py:535: UserWarning: Using a target size (torch.Size([46])) that is different to the input size (torch.Size([46, 1])). This will likely lead to incorrect results due to broadcasting. Please ensure they have the same size.
  return F.mse_loss(input, target, reduction=self.reduction)
/home/mburu/anaconda3/envs/TabSurvey/lib/python3.8/site-packages/torch/nn/modules/loss.py:535: UserWarning: Using a target size (torch.Size([56])) that is different to the input size (torch.Size([56, 1])). This will likely lead to incorrect results due to broadcasting. Please ensure they have the same size.
  return F.mse_loss(input, target, reduction=self.reduction)
/home/mburu/anaconda3/envs/TabSurvey/lib/python3.8/site-packages/torch/nn/modules/loss.py:535: UserWarning: Using a target size (torch.Size([128])) that is different to the input size (torch.Size([128, 1])). This will likely lead to incorrect results due to broadcasting. Please ensure they have the same size.
  return F.mse_loss(input, target, reduction=self.reduction)
/home/mburu/Master_Thesis/master-thesis-da/DNN_Trial/models/rtdl_models.py:479: UserWarning: To copy construct from a tensor, it is recommended to use sourceTensor.clone().detach() or sourceTensor.clone().detach().requires_grad_(True), rather than torch.tensor(sourceTensor).
  X = torch.tensor(X, dtype=torch.float32).to(self.device)
/home/mburu/anaconda3/envs/TabSurvey/lib/python3.8/site-packages/torch/nn/modules/loss.py:535: UserWarning: Using a target size (torch.Size([46])) that is different to the input size (torch.Size([46, 1])). This will likely lead to incorrect results due to broadcasting. Please ensure they have the same size.
  return F.mse_loss(input, target, reduction=self.reduction)
/home/mburu/anaconda3/envs/TabSurvey/lib/python3.8/site-packages/torch/nn/modules/loss.py:535: UserWarning: Using a target size (torch.Size([56])) that is different to the input size (torch.Size([56, 1])). This will likely lead to incorrect results due to broadcasting. Please ensure they have the same size.
  return F.mse_loss(input, target, reduction=self.reduction)
/home/mburu/anaconda3/envs/TabSurvey/lib/python3.8/site-packages/torch/nn/modules/loss.py:535: UserWarning: Using a target size (torch.Size([128])) that is different to the input size (torch.Size([128, 1])). This will likely lead to incorrect results due to broadcasting. Please ensure they have the same size.
  return F.mse_loss(input, target, reduction=self.reduction)
/home/mburu/Master_Thesis/master-thesis-da/DNN_Trial/models/rtdl_models.py:479: UserWarning: To copy construct from a tensor, it is recommended to use sourceTensor.clone().detach() or sourceTensor.clone().detach().requires_grad_(True), rather than torch.tensor(sourceTensor).
  X = torch.tensor(X, dtype=torch.float32).to(self.device)
/home/mburu/anaconda3/envs/TabSurvey/lib/python3.8/site-packages/torch/nn/modules/loss.py:535: UserWarning: Using a target size (torch.Size([46])) that is different to the input size (torch.Size([46, 1])). This will likely lead to incorrect results due to broadcasting. Please ensure they have the same size.
  return F.mse_loss(input, target, reduction=self.reduction)
/home/mburu/anaconda3/envs/TabSurvey/lib/python3.8/site-packages/torch/nn/modules/loss.py:535: UserWarning: Using a target size (torch.Size([56])) that is different to the input size (torch.Size([56, 1])). This will likely lead to incorrect results due to broadcasting. Please ensure they have the same size.
  return F.mse_loss(input, target, reduction=self.reduction)
/home/mburu/anaconda3/envs/TabSurvey/lib/python3.8/site-packages/torch/nn/modules/loss.py:535: UserWarning: Using a target size (torch.Size([128])) that is different to the input size (torch.Size([128, 1])). This will likely lead to incorrect results due to broadcasting. Please ensure they have the same size.
  return F.mse_loss(input, target, reduction=self.reduction)
/home/mburu/Master_Thesis/master-thesis-da/DNN_Trial/models/rtdl_models.py:479: UserWarning: To copy construct from a tensor, it is recommended to use sourceTensor.clone().detach() or sourceTensor.clone().detach().requires_grad_(True), rather than torch.tensor(sourceTensor).
  X = torch.tensor(X, dtype=torch.float32).to(self.device)
/home/mburu/anaconda3/envs/TabSurvey/lib/python3.8/site-packages/torch/nn/modules/loss.py:535: UserWarning: Using a target size (torch.Size([46])) that is different to the input size (torch.Size([46, 1])). This will likely lead to incorrect results due to broadcasting. Please ensure they have the same size.
  return F.mse_loss(input, target, reduction=self.reduction)
/home/mburu/anaconda3/envs/TabSurvey/lib/python3.8/site-packages/torch/nn/modules/loss.py:535: UserWarning: Using a target size (torch.Size([56])) that is different to the input size (torch.Size([56, 1])). This will likely lead to incorrect results due to broadcasting. Please ensure they have the same size.
  return F.mse_loss(input, target, reduction=self.reduction)
[I 2025-05-11 02:53:10,610] Trial 4 finished with value: 157.74541952785074 and parameters: {'learning_rate': 0.00014311758214004494, 'weight_decay': 0.008193017558799393}. Best is trial 0 with value: 151.32161955491236.
/home/mburu/anaconda3/envs/TabSurvey/lib/python3.8/site-packages/torch/nn/modules/loss.py:535: UserWarning: Using a target size (torch.Size([128])) that is different to the input size (torch.Size([128, 1])). This will likely lead to incorrect results due to broadcasting. Please ensure they have the same size.
  return F.mse_loss(input, target, reduction=self.reduction)
/home/mburu/Master_Thesis/master-thesis-da/DNN_Trial/models/rtdl_models.py:479: UserWarning: To copy construct from a tensor, it is recommended to use sourceTensor.clone().detach() or sourceTensor.clone().detach().requires_grad_(True), rather than torch.tensor(sourceTensor).
  X = torch.tensor(X, dtype=torch.float32).to(self.device)
/home/mburu/anaconda3/envs/TabSurvey/lib/python3.8/site-packages/torch/nn/modules/loss.py:535: UserWarning: Using a target size (torch.Size([58])) that is different to the input size (torch.Size([58, 1])). This will likely lead to incorrect results due to broadcasting. Please ensure they have the same size.
  return F.mse_loss(input, target, reduction=self.reduction)
/home/mburu/anaconda3/envs/TabSurvey/lib/python3.8/site-packages/torch/nn/modules/loss.py:535: UserWarning: Using a target size (torch.Size([102])) that is different to the input size (torch.Size([102, 1])). This will likely lead to incorrect results due to broadcasting. Please ensure they have the same size.
  return F.mse_loss(input, target, reduction=self.reduction)
[I 2025-05-11 02:53:10,695] A new study created in memory with name: FTTransformer_Sensory_outer3
/home/mburu/anaconda3/envs/TabSurvey/lib/python3.8/site-packages/torch/nn/modules/loss.py:535: UserWarning: Using a target size (torch.Size([128])) that is different to the input size (torch.Size([128, 1])). This will likely lead to incorrect results due to broadcasting. Please ensure they have the same size.
  return F.mse_loss(input, target, reduction=self.reduction)
/home/mburu/Master_Thesis/master-thesis-da/DNN_Trial/models/rtdl_models.py:479: UserWarning: To copy construct from a tensor, it is recommended to use sourceTensor.clone().detach() or sourceTensor.clone().detach().requires_grad_(True), rather than torch.tensor(sourceTensor).
  X = torch.tensor(X, dtype=torch.float32).to(self.device)
/home/mburu/anaconda3/envs/TabSurvey/lib/python3.8/site-packages/torch/nn/modules/loss.py:535: UserWarning: Using a target size (torch.Size([46])) that is different to the input size (torch.Size([46, 1])). This will likely lead to incorrect results due to broadcasting. Please ensure they have the same size.
  return F.mse_loss(input, target, reduction=self.reduction)
/home/mburu/anaconda3/envs/TabSurvey/lib/python3.8/site-packages/torch/nn/modules/loss.py:535: UserWarning: Using a target size (torch.Size([56])) that is different to the input size (torch.Size([56, 1])). This will likely lead to incorrect results due to broadcasting. Please ensure they have the same size.
  return F.mse_loss(input, target, reduction=self.reduction)
/home/mburu/anaconda3/envs/TabSurvey/lib/python3.8/site-packages/torch/nn/modules/loss.py:535: UserWarning: Using a target size (torch.Size([128])) that is different to the input size (torch.Size([128, 1])). This will likely lead to incorrect results due to broadcasting. Please ensure they have the same size.
  return F.mse_loss(input, target, reduction=self.reduction)
/home/mburu/Master_Thesis/master-thesis-da/DNN_Trial/models/rtdl_models.py:479: UserWarning: To copy construct from a tensor, it is recommended to use sourceTensor.clone().detach() or sourceTensor.clone().detach().requires_grad_(True), rather than torch.tensor(sourceTensor).
  X = torch.tensor(X, dtype=torch.float32).to(self.device)
/home/mburu/anaconda3/envs/TabSurvey/lib/python3.8/site-packages/torch/nn/modules/loss.py:535: UserWarning: Using a target size (torch.Size([46])) that is different to the input size (torch.Size([46, 1])). This will likely lead to incorrect results due to broadcasting. Please ensure they have the same size.
  return F.mse_loss(input, target, reduction=self.reduction)
/home/mburu/anaconda3/envs/TabSurvey/lib/python3.8/site-packages/torch/nn/modules/loss.py:535: UserWarning: Using a target size (torch.Size([56])) that is different to the input size (torch.Size([56, 1])). This will likely lead to incorrect results due to broadcasting. Please ensure they have the same size.
  return F.mse_loss(input, target, reduction=self.reduction)
/home/mburu/anaconda3/envs/TabSurvey/lib/python3.8/site-packages/torch/nn/modules/loss.py:535: UserWarning: Using a target size (torch.Size([128])) that is different to the input size (torch.Size([128, 1])). This will likely lead to incorrect results due to broadcasting. Please ensure they have the same size.
  return F.mse_loss(input, target, reduction=self.reduction)
/home/mburu/Master_Thesis/master-thesis-da/DNN_Trial/models/rtdl_models.py:479: UserWarning: To copy construct from a tensor, it is recommended to use sourceTensor.clone().detach() or sourceTensor.clone().detach().requires_grad_(True), rather than torch.tensor(sourceTensor).
  X = torch.tensor(X, dtype=torch.float32).to(self.device)
/home/mburu/anaconda3/envs/TabSurvey/lib/python3.8/site-packages/torch/nn/modules/loss.py:535: UserWarning: Using a target size (torch.Size([46])) that is different to the input size (torch.Size([46, 1])). This will likely lead to incorrect results due to broadcasting. Please ensure they have the same size.
  return F.mse_loss(input, target, reduction=self.reduction)
/home/mburu/anaconda3/envs/TabSurvey/lib/python3.8/site-packages/torch/nn/modules/loss.py:535: UserWarning: Using a target size (torch.Size([56])) that is different to the input size (torch.Size([56, 1])). This will likely lead to incorrect results due to broadcasting. Please ensure they have the same size.
  return F.mse_loss(input, target, reduction=self.reduction)
/home/mburu/anaconda3/envs/TabSurvey/lib/python3.8/site-packages/torch/nn/modules/loss.py:535: UserWarning: Using a target size (torch.Size([128])) that is different to the input size (torch.Size([128, 1])). This will likely lead to incorrect results due to broadcasting. Please ensure they have the same size.
  return F.mse_loss(input, target, reduction=self.reduction)
/home/mburu/Master_Thesis/master-thesis-da/DNN_Trial/models/rtdl_models.py:479: UserWarning: To copy construct from a tensor, it is recommended to use sourceTensor.clone().detach() or sourceTensor.clone().detach().requires_grad_(True), rather than torch.tensor(sourceTensor).
  X = torch.tensor(X, dtype=torch.float32).to(self.device)
/home/mburu/anaconda3/envs/TabSurvey/lib/python3.8/site-packages/torch/nn/modules/loss.py:535: UserWarning: Using a target size (torch.Size([46])) that is different to the input size (torch.Size([46, 1])). This will likely lead to incorrect results due to broadcasting. Please ensure they have the same size.
  return F.mse_loss(input, target, reduction=self.reduction)
/home/mburu/anaconda3/envs/TabSurvey/lib/python3.8/site-packages/torch/nn/modules/loss.py:535: UserWarning: Using a target size (torch.Size([56])) that is different to the input size (torch.Size([56, 1])). This will likely lead to incorrect results due to broadcasting. Please ensure they have the same size.
  return F.mse_loss(input, target, reduction=self.reduction)
/home/mburu/anaconda3/envs/TabSurvey/lib/python3.8/site-packages/torch/nn/modules/loss.py:535: UserWarning: Using a target size (torch.Size([128])) that is different to the input size (torch.Size([128, 1])). This will likely lead to incorrect results due to broadcasting. Please ensure they have the same size.
  return F.mse_loss(input, target, reduction=self.reduction)
/home/mburu/Master_Thesis/master-thesis-da/DNN_Trial/models/rtdl_models.py:479: UserWarning: To copy construct from a tensor, it is recommended to use sourceTensor.clone().detach() or sourceTensor.clone().detach().requires_grad_(True), rather than torch.tensor(sourceTensor).
  X = torch.tensor(X, dtype=torch.float32).to(self.device)
/home/mburu/anaconda3/envs/TabSurvey/lib/python3.8/site-packages/torch/nn/modules/loss.py:535: UserWarning: Using a target size (torch.Size([46])) that is different to the input size (torch.Size([46, 1])). This will likely lead to incorrect results due to broadcasting. Please ensure they have the same size.
  return F.mse_loss(input, target, reduction=self.reduction)
/home/mburu/anaconda3/envs/TabSurvey/lib/python3.8/site-packages/torch/nn/modules/loss.py:535: UserWarning: Using a target size (torch.Size([56])) that is different to the input size (torch.Size([56, 1])). This will likely lead to incorrect results due to broadcasting. Please ensure they have the same size.
  return F.mse_loss(input, target, reduction=self.reduction)
[I 2025-05-11 02:53:11,093] Trial 0 finished with value: 127.30679609380267 and parameters: {'learning_rate': 0.002815375337816936, 'weight_decay': 0.002087961615089569}. Best is trial 0 with value: 127.30679609380267.
/home/mburu/anaconda3/envs/TabSurvey/lib/python3.8/site-packages/torch/nn/modules/loss.py:535: UserWarning: Using a target size (torch.Size([128])) that is different to the input size (torch.Size([128, 1])). This will likely lead to incorrect results due to broadcasting. Please ensure they have the same size.
  return F.mse_loss(input, target, reduction=self.reduction)
/home/mburu/Master_Thesis/master-thesis-da/DNN_Trial/models/rtdl_models.py:479: UserWarning: To copy construct from a tensor, it is recommended to use sourceTensor.clone().detach() or sourceTensor.clone().detach().requires_grad_(True), rather than torch.tensor(sourceTensor).
  X = torch.tensor(X, dtype=torch.float32).to(self.device)
/home/mburu/anaconda3/envs/TabSurvey/lib/python3.8/site-packages/torch/nn/modules/loss.py:535: UserWarning: Using a target size (torch.Size([46])) that is different to the input size (torch.Size([46, 1])). This will likely lead to incorrect results due to broadcasting. Please ensure they have the same size.
  return F.mse_loss(input, target, reduction=self.reduction)
/home/mburu/anaconda3/envs/TabSurvey/lib/python3.8/site-packages/torch/nn/modules/loss.py:535: UserWarning: Using a target size (torch.Size([56])) that is different to the input size (torch.Size([56, 1])). This will likely lead to incorrect results due to broadcasting. Please ensure they have the same size.
  return F.mse_loss(input, target, reduction=self.reduction)
/home/mburu/anaconda3/envs/TabSurvey/lib/python3.8/site-packages/torch/nn/modules/loss.py:535: UserWarning: Using a target size (torch.Size([128])) that is different to the input size (torch.Size([128, 1])). This will likely lead to incorrect results due to broadcasting. Please ensure they have the same size.
  return F.mse_loss(input, target, reduction=self.reduction)
/home/mburu/Master_Thesis/master-thesis-da/DNN_Trial/models/rtdl_models.py:479: UserWarning: To copy construct from a tensor, it is recommended to use sourceTensor.clone().detach() or sourceTensor.clone().detach().requires_grad_(True), rather than torch.tensor(sourceTensor).
  X = torch.tensor(X, dtype=torch.float32).to(self.device)
/home/mburu/anaconda3/envs/TabSurvey/lib/python3.8/site-packages/torch/nn/modules/loss.py:535: UserWarning: Using a target size (torch.Size([46])) that is different to the input size (torch.Size([46, 1])). This will likely lead to incorrect results due to broadcasting. Please ensure they have the same size.
  return F.mse_loss(input, target, reduction=self.reduction)
/home/mburu/anaconda3/envs/TabSurvey/lib/python3.8/site-packages/torch/nn/modules/loss.py:535: UserWarning: Using a target size (torch.Size([56])) that is different to the input size (torch.Size([56, 1])). This will likely lead to incorrect results due to broadcasting. Please ensure they have the same size.
  return F.mse_loss(input, target, reduction=self.reduction)
/home/mburu/anaconda3/envs/TabSurvey/lib/python3.8/site-packages/torch/nn/modules/loss.py:535: UserWarning: Using a target size (torch.Size([128])) that is different to the input size (torch.Size([128, 1])). This will likely lead to incorrect results due to broadcasting. Please ensure they have the same size.
  return F.mse_loss(input, target, reduction=self.reduction)
/home/mburu/Master_Thesis/master-thesis-da/DNN_Trial/models/rtdl_models.py:479: UserWarning: To copy construct from a tensor, it is recommended to use sourceTensor.clone().detach() or sourceTensor.clone().detach().requires_grad_(True), rather than torch.tensor(sourceTensor).
  X = torch.tensor(X, dtype=torch.float32).to(self.device)
/home/mburu/anaconda3/envs/TabSurvey/lib/python3.8/site-packages/torch/nn/modules/loss.py:535: UserWarning: Using a target size (torch.Size([46])) that is different to the input size (torch.Size([46, 1])). This will likely lead to incorrect results due to broadcasting. Please ensure they have the same size.
  return F.mse_loss(input, target, reduction=self.reduction)
/home/mburu/anaconda3/envs/TabSurvey/lib/python3.8/site-packages/torch/nn/modules/loss.py:535: UserWarning: Using a target size (torch.Size([56])) that is different to the input size (torch.Size([56, 1])). This will likely lead to incorrect results due to broadcasting. Please ensure they have the same size.
  return F.mse_loss(input, target, reduction=self.reduction)
/home/mburu/anaconda3/envs/TabSurvey/lib/python3.8/site-packages/torch/nn/modules/loss.py:535: UserWarning: Using a target size (torch.Size([128])) that is different to the input size (torch.Size([128, 1])). This will likely lead to incorrect results due to broadcasting. Please ensure they have the same size.
  return F.mse_loss(input, target, reduction=self.reduction)
/home/mburu/Master_Thesis/master-thesis-da/DNN_Trial/models/rtdl_models.py:479: UserWarning: To copy construct from a tensor, it is recommended to use sourceTensor.clone().detach() or sourceTensor.clone().detach().requires_grad_(True), rather than torch.tensor(sourceTensor).
  X = torch.tensor(X, dtype=torch.float32).to(self.device)
/home/mburu/anaconda3/envs/TabSurvey/lib/python3.8/site-packages/torch/nn/modules/loss.py:535: UserWarning: Using a target size (torch.Size([46])) that is different to the input size (torch.Size([46, 1])). This will likely lead to incorrect results due to broadcasting. Please ensure they have the same size.
  return F.mse_loss(input, target, reduction=self.reduction)
/home/mburu/anaconda3/envs/TabSurvey/lib/python3.8/site-packages/torch/nn/modules/loss.py:535: UserWarning: Using a target size (torch.Size([56])) that is different to the input size (torch.Size([56, 1])). This will likely lead to incorrect results due to broadcasting. Please ensure they have the same size.
  return F.mse_loss(input, target, reduction=self.reduction)
/home/mburu/anaconda3/envs/TabSurvey/lib/python3.8/site-packages/torch/nn/modules/loss.py:535: UserWarning: Using a target size (torch.Size([128])) that is different to the input size (torch.Size([128, 1])). This will likely lead to incorrect results due to broadcasting. Please ensure they have the same size.
  return F.mse_loss(input, target, reduction=self.reduction)
/home/mburu/Master_Thesis/master-thesis-da/DNN_Trial/models/rtdl_models.py:479: UserWarning: To copy construct from a tensor, it is recommended to use sourceTensor.clone().detach() or sourceTensor.clone().detach().requires_grad_(True), rather than torch.tensor(sourceTensor).
  X = torch.tensor(X, dtype=torch.float32).to(self.device)
/home/mburu/anaconda3/envs/TabSurvey/lib/python3.8/site-packages/torch/nn/modules/loss.py:535: UserWarning: Using a target size (torch.Size([46])) that is different to the input size (torch.Size([46, 1])). This will likely lead to incorrect results due to broadcasting. Please ensure they have the same size.
  return F.mse_loss(input, target, reduction=self.reduction)
/home/mburu/anaconda3/envs/TabSurvey/lib/python3.8/site-packages/torch/nn/modules/loss.py:535: UserWarning: Using a target size (torch.Size([56])) that is different to the input size (torch.Size([56, 1])). This will likely lead to incorrect results due to broadcasting. Please ensure they have the same size.
  return F.mse_loss(input, target, reduction=self.reduction)
[I 2025-05-11 02:53:11,480] Trial 1 finished with value: 139.28210033771734 and parameters: {'learning_rate': 0.0005477244018159268, 'weight_decay': 6.684024380927156e-05}. Best is trial 0 with value: 127.30679609380267.
/home/mburu/anaconda3/envs/TabSurvey/lib/python3.8/site-packages/torch/nn/modules/loss.py:535: UserWarning: Using a target size (torch.Size([128])) that is different to the input size (torch.Size([128, 1])). This will likely lead to incorrect results due to broadcasting. Please ensure they have the same size.
  return F.mse_loss(input, target, reduction=self.reduction)
/home/mburu/Master_Thesis/master-thesis-da/DNN_Trial/models/rtdl_models.py:479: UserWarning: To copy construct from a tensor, it is recommended to use sourceTensor.clone().detach() or sourceTensor.clone().detach().requires_grad_(True), rather than torch.tensor(sourceTensor).
  X = torch.tensor(X, dtype=torch.float32).to(self.device)
/home/mburu/anaconda3/envs/TabSurvey/lib/python3.8/site-packages/torch/nn/modules/loss.py:535: UserWarning: Using a target size (torch.Size([46])) that is different to the input size (torch.Size([46, 1])). This will likely lead to incorrect results due to broadcasting. Please ensure they have the same size.
  return F.mse_loss(input, target, reduction=self.reduction)
/home/mburu/anaconda3/envs/TabSurvey/lib/python3.8/site-packages/torch/nn/modules/loss.py:535: UserWarning: Using a target size (torch.Size([56])) that is different to the input size (torch.Size([56, 1])). This will likely lead to incorrect results due to broadcasting. Please ensure they have the same size.
  return F.mse_loss(input, target, reduction=self.reduction)
/home/mburu/anaconda3/envs/TabSurvey/lib/python3.8/site-packages/torch/nn/modules/loss.py:535: UserWarning: Using a target size (torch.Size([128])) that is different to the input size (torch.Size([128, 1])). This will likely lead to incorrect results due to broadcasting. Please ensure they have the same size.
  return F.mse_loss(input, target, reduction=self.reduction)
/home/mburu/Master_Thesis/master-thesis-da/DNN_Trial/models/rtdl_models.py:479: UserWarning: To copy construct from a tensor, it is recommended to use sourceTensor.clone().detach() or sourceTensor.clone().detach().requires_grad_(True), rather than torch.tensor(sourceTensor).
  X = torch.tensor(X, dtype=torch.float32).to(self.device)
/home/mburu/anaconda3/envs/TabSurvey/lib/python3.8/site-packages/torch/nn/modules/loss.py:535: UserWarning: Using a target size (torch.Size([46])) that is different to the input size (torch.Size([46, 1])). This will likely lead to incorrect results due to broadcasting. Please ensure they have the same size.
  return F.mse_loss(input, target, reduction=self.reduction)
/home/mburu/anaconda3/envs/TabSurvey/lib/python3.8/site-packages/torch/nn/modules/loss.py:535: UserWarning: Using a target size (torch.Size([56])) that is different to the input size (torch.Size([56, 1])). This will likely lead to incorrect results due to broadcasting. Please ensure they have the same size.
  return F.mse_loss(input, target, reduction=self.reduction)
/home/mburu/anaconda3/envs/TabSurvey/lib/python3.8/site-packages/torch/nn/modules/loss.py:535: UserWarning: Using a target size (torch.Size([128])) that is different to the input size (torch.Size([128, 1])). This will likely lead to incorrect results due to broadcasting. Please ensure they have the same size.
  return F.mse_loss(input, target, reduction=self.reduction)
/home/mburu/Master_Thesis/master-thesis-da/DNN_Trial/models/rtdl_models.py:479: UserWarning: To copy construct from a tensor, it is recommended to use sourceTensor.clone().detach() or sourceTensor.clone().detach().requires_grad_(True), rather than torch.tensor(sourceTensor).
  X = torch.tensor(X, dtype=torch.float32).to(self.device)
/home/mburu/anaconda3/envs/TabSurvey/lib/python3.8/site-packages/torch/nn/modules/loss.py:535: UserWarning: Using a target size (torch.Size([46])) that is different to the input size (torch.Size([46, 1])). This will likely lead to incorrect results due to broadcasting. Please ensure they have the same size.
  return F.mse_loss(input, target, reduction=self.reduction)
/home/mburu/anaconda3/envs/TabSurvey/lib/python3.8/site-packages/torch/nn/modules/loss.py:535: UserWarning: Using a target size (torch.Size([56])) that is different to the input size (torch.Size([56, 1])). This will likely lead to incorrect results due to broadcasting. Please ensure they have the same size.
  return F.mse_loss(input, target, reduction=self.reduction)
/home/mburu/anaconda3/envs/TabSurvey/lib/python3.8/site-packages/torch/nn/modules/loss.py:535: UserWarning: Using a target size (torch.Size([128])) that is different to the input size (torch.Size([128, 1])). This will likely lead to incorrect results due to broadcasting. Please ensure they have the same size.
  return F.mse_loss(input, target, reduction=self.reduction)
/home/mburu/Master_Thesis/master-thesis-da/DNN_Trial/models/rtdl_models.py:479: UserWarning: To copy construct from a tensor, it is recommended to use sourceTensor.clone().detach() or sourceTensor.clone().detach().requires_grad_(True), rather than torch.tensor(sourceTensor).
  X = torch.tensor(X, dtype=torch.float32).to(self.device)
/home/mburu/anaconda3/envs/TabSurvey/lib/python3.8/site-packages/torch/nn/modules/loss.py:535: UserWarning: Using a target size (torch.Size([46])) that is different to the input size (torch.Size([46, 1])). This will likely lead to incorrect results due to broadcasting. Please ensure they have the same size.
  return F.mse_loss(input, target, reduction=self.reduction)
/home/mburu/anaconda3/envs/TabSurvey/lib/python3.8/site-packages/torch/nn/modules/loss.py:535: UserWarning: Using a target size (torch.Size([56])) that is different to the input size (torch.Size([56, 1])). This will likely lead to incorrect results due to broadcasting. Please ensure they have the same size.
  return F.mse_loss(input, target, reduction=self.reduction)
/home/mburu/anaconda3/envs/TabSurvey/lib/python3.8/site-packages/torch/nn/modules/loss.py:535: UserWarning: Using a target size (torch.Size([128])) that is different to the input size (torch.Size([128, 1])). This will likely lead to incorrect results due to broadcasting. Please ensure they have the same size.
  return F.mse_loss(input, target, reduction=self.reduction)
/home/mburu/Master_Thesis/master-thesis-da/DNN_Trial/models/rtdl_models.py:479: UserWarning: To copy construct from a tensor, it is recommended to use sourceTensor.clone().detach() or sourceTensor.clone().detach().requires_grad_(True), rather than torch.tensor(sourceTensor).
  X = torch.tensor(X, dtype=torch.float32).to(self.device)
/home/mburu/anaconda3/envs/TabSurvey/lib/python3.8/site-packages/torch/nn/modules/loss.py:535: UserWarning: Using a target size (torch.Size([46])) that is different to the input size (torch.Size([46, 1])). This will likely lead to incorrect results due to broadcasting. Please ensure they have the same size.
  return F.mse_loss(input, target, reduction=self.reduction)
/home/mburu/anaconda3/envs/TabSurvey/lib/python3.8/site-packages/torch/nn/modules/loss.py:535: UserWarning: Using a target size (torch.Size([56])) that is different to the input size (torch.Size([56, 1])). This will likely lead to incorrect results due to broadcasting. Please ensure they have the same size.
  return F.mse_loss(input, target, reduction=self.reduction)
[I 2025-05-11 02:53:11,882] Trial 2 finished with value: 213.71030079879034 and parameters: {'learning_rate': 1.3928720970275154e-05, 'weight_decay': 0.000520369259001175}. Best is trial 0 with value: 127.30679609380267.
/home/mburu/anaconda3/envs/TabSurvey/lib/python3.8/site-packages/torch/nn/modules/loss.py:535: UserWarning: Using a target size (torch.Size([128])) that is different to the input size (torch.Size([128, 1])). This will likely lead to incorrect results due to broadcasting. Please ensure they have the same size.
  return F.mse_loss(input, target, reduction=self.reduction)
/home/mburu/Master_Thesis/master-thesis-da/DNN_Trial/models/rtdl_models.py:479: UserWarning: To copy construct from a tensor, it is recommended to use sourceTensor.clone().detach() or sourceTensor.clone().detach().requires_grad_(True), rather than torch.tensor(sourceTensor).
  X = torch.tensor(X, dtype=torch.float32).to(self.device)
/home/mburu/anaconda3/envs/TabSurvey/lib/python3.8/site-packages/torch/nn/modules/loss.py:535: UserWarning: Using a target size (torch.Size([46])) that is different to the input size (torch.Size([46, 1])). This will likely lead to incorrect results due to broadcasting. Please ensure they have the same size.
  return F.mse_loss(input, target, reduction=self.reduction)
/home/mburu/anaconda3/envs/TabSurvey/lib/python3.8/site-packages/torch/nn/modules/loss.py:535: UserWarning: Using a target size (torch.Size([56])) that is different to the input size (torch.Size([56, 1])). This will likely lead to incorrect results due to broadcasting. Please ensure they have the same size.
  return F.mse_loss(input, target, reduction=self.reduction)
/home/mburu/anaconda3/envs/TabSurvey/lib/python3.8/site-packages/torch/nn/modules/loss.py:535: UserWarning: Using a target size (torch.Size([128])) that is different to the input size (torch.Size([128, 1])). This will likely lead to incorrect results due to broadcasting. Please ensure they have the same size.
  return F.mse_loss(input, target, reduction=self.reduction)
/home/mburu/Master_Thesis/master-thesis-da/DNN_Trial/models/rtdl_models.py:479: UserWarning: To copy construct from a tensor, it is recommended to use sourceTensor.clone().detach() or sourceTensor.clone().detach().requires_grad_(True), rather than torch.tensor(sourceTensor).
  X = torch.tensor(X, dtype=torch.float32).to(self.device)
/home/mburu/anaconda3/envs/TabSurvey/lib/python3.8/site-packages/torch/nn/modules/loss.py:535: UserWarning: Using a target size (torch.Size([46])) that is different to the input size (torch.Size([46, 1])). This will likely lead to incorrect results due to broadcasting. Please ensure they have the same size.
  return F.mse_loss(input, target, reduction=self.reduction)
/home/mburu/anaconda3/envs/TabSurvey/lib/python3.8/site-packages/torch/nn/modules/loss.py:535: UserWarning: Using a target size (torch.Size([56])) that is different to the input size (torch.Size([56, 1])). This will likely lead to incorrect results due to broadcasting. Please ensure they have the same size.
  return F.mse_loss(input, target, reduction=self.reduction)
/home/mburu/anaconda3/envs/TabSurvey/lib/python3.8/site-packages/torch/nn/modules/loss.py:535: UserWarning: Using a target size (torch.Size([128])) that is different to the input size (torch.Size([128, 1])). This will likely lead to incorrect results due to broadcasting. Please ensure they have the same size.
  return F.mse_loss(input, target, reduction=self.reduction)
/home/mburu/Master_Thesis/master-thesis-da/DNN_Trial/models/rtdl_models.py:479: UserWarning: To copy construct from a tensor, it is recommended to use sourceTensor.clone().detach() or sourceTensor.clone().detach().requires_grad_(True), rather than torch.tensor(sourceTensor).
  X = torch.tensor(X, dtype=torch.float32).to(self.device)
/home/mburu/anaconda3/envs/TabSurvey/lib/python3.8/site-packages/torch/nn/modules/loss.py:535: UserWarning: Using a target size (torch.Size([46])) that is different to the input size (torch.Size([46, 1])). This will likely lead to incorrect results due to broadcasting. Please ensure they have the same size.
  return F.mse_loss(input, target, reduction=self.reduction)
/home/mburu/anaconda3/envs/TabSurvey/lib/python3.8/site-packages/torch/nn/modules/loss.py:535: UserWarning: Using a target size (torch.Size([56])) that is different to the input size (torch.Size([56, 1])). This will likely lead to incorrect results due to broadcasting. Please ensure they have the same size.
  return F.mse_loss(input, target, reduction=self.reduction)
/home/mburu/anaconda3/envs/TabSurvey/lib/python3.8/site-packages/torch/nn/modules/loss.py:535: UserWarning: Using a target size (torch.Size([128])) that is different to the input size (torch.Size([128, 1])). This will likely lead to incorrect results due to broadcasting. Please ensure they have the same size.
  return F.mse_loss(input, target, reduction=self.reduction)
/home/mburu/Master_Thesis/master-thesis-da/DNN_Trial/models/rtdl_models.py:479: UserWarning: To copy construct from a tensor, it is recommended to use sourceTensor.clone().detach() or sourceTensor.clone().detach().requires_grad_(True), rather than torch.tensor(sourceTensor).
  X = torch.tensor(X, dtype=torch.float32).to(self.device)
/home/mburu/anaconda3/envs/TabSurvey/lib/python3.8/site-packages/torch/nn/modules/loss.py:535: UserWarning: Using a target size (torch.Size([46])) that is different to the input size (torch.Size([46, 1])). This will likely lead to incorrect results due to broadcasting. Please ensure they have the same size.
  return F.mse_loss(input, target, reduction=self.reduction)
/home/mburu/anaconda3/envs/TabSurvey/lib/python3.8/site-packages/torch/nn/modules/loss.py:535: UserWarning: Using a target size (torch.Size([56])) that is different to the input size (torch.Size([56, 1])). This will likely lead to incorrect results due to broadcasting. Please ensure they have the same size.
  return F.mse_loss(input, target, reduction=self.reduction)
/home/mburu/anaconda3/envs/TabSurvey/lib/python3.8/site-packages/torch/nn/modules/loss.py:535: UserWarning: Using a target size (torch.Size([128])) that is different to the input size (torch.Size([128, 1])). This will likely lead to incorrect results due to broadcasting. Please ensure they have the same size.
  return F.mse_loss(input, target, reduction=self.reduction)
/home/mburu/Master_Thesis/master-thesis-da/DNN_Trial/models/rtdl_models.py:479: UserWarning: To copy construct from a tensor, it is recommended to use sourceTensor.clone().detach() or sourceTensor.clone().detach().requires_grad_(True), rather than torch.tensor(sourceTensor).
  X = torch.tensor(X, dtype=torch.float32).to(self.device)
/home/mburu/anaconda3/envs/TabSurvey/lib/python3.8/site-packages/torch/nn/modules/loss.py:535: UserWarning: Using a target size (torch.Size([46])) that is different to the input size (torch.Size([46, 1])). This will likely lead to incorrect results due to broadcasting. Please ensure they have the same size.
  return F.mse_loss(input, target, reduction=self.reduction)
/home/mburu/anaconda3/envs/TabSurvey/lib/python3.8/site-packages/torch/nn/modules/loss.py:535: UserWarning: Using a target size (torch.Size([56])) that is different to the input size (torch.Size([56, 1])). This will likely lead to incorrect results due to broadcasting. Please ensure they have the same size.
  return F.mse_loss(input, target, reduction=self.reduction)
[I 2025-05-11 02:53:12,274] Trial 3 finished with value: 176.31072480620878 and parameters: {'learning_rate': 0.00012827592857527154, 'weight_decay': 1.2862814161414935e-06}. Best is trial 0 with value: 127.30679609380267.
/home/mburu/anaconda3/envs/TabSurvey/lib/python3.8/site-packages/torch/nn/modules/loss.py:535: UserWarning: Using a target size (torch.Size([128])) that is different to the input size (torch.Size([128, 1])). This will likely lead to incorrect results due to broadcasting. Please ensure they have the same size.
  return F.mse_loss(input, target, reduction=self.reduction)
/home/mburu/Master_Thesis/master-thesis-da/DNN_Trial/models/rtdl_models.py:479: UserWarning: To copy construct from a tensor, it is recommended to use sourceTensor.clone().detach() or sourceTensor.clone().detach().requires_grad_(True), rather than torch.tensor(sourceTensor).
  X = torch.tensor(X, dtype=torch.float32).to(self.device)
/home/mburu/anaconda3/envs/TabSurvey/lib/python3.8/site-packages/torch/nn/modules/loss.py:535: UserWarning: Using a target size (torch.Size([46])) that is different to the input size (torch.Size([46, 1])). This will likely lead to incorrect results due to broadcasting. Please ensure they have the same size.
  return F.mse_loss(input, target, reduction=self.reduction)
/home/mburu/anaconda3/envs/TabSurvey/lib/python3.8/site-packages/torch/nn/modules/loss.py:535: UserWarning: Using a target size (torch.Size([56])) that is different to the input size (torch.Size([56, 1])). This will likely lead to incorrect results due to broadcasting. Please ensure they have the same size.
  return F.mse_loss(input, target, reduction=self.reduction)
/home/mburu/anaconda3/envs/TabSurvey/lib/python3.8/site-packages/torch/nn/modules/loss.py:535: UserWarning: Using a target size (torch.Size([128])) that is different to the input size (torch.Size([128, 1])). This will likely lead to incorrect results due to broadcasting. Please ensure they have the same size.
  return F.mse_loss(input, target, reduction=self.reduction)
/home/mburu/Master_Thesis/master-thesis-da/DNN_Trial/models/rtdl_models.py:479: UserWarning: To copy construct from a tensor, it is recommended to use sourceTensor.clone().detach() or sourceTensor.clone().detach().requires_grad_(True), rather than torch.tensor(sourceTensor).
  X = torch.tensor(X, dtype=torch.float32).to(self.device)
/home/mburu/anaconda3/envs/TabSurvey/lib/python3.8/site-packages/torch/nn/modules/loss.py:535: UserWarning: Using a target size (torch.Size([46])) that is different to the input size (torch.Size([46, 1])). This will likely lead to incorrect results due to broadcasting. Please ensure they have the same size.
  return F.mse_loss(input, target, reduction=self.reduction)
/home/mburu/anaconda3/envs/TabSurvey/lib/python3.8/site-packages/torch/nn/modules/loss.py:535: UserWarning: Using a target size (torch.Size([56])) that is different to the input size (torch.Size([56, 1])). This will likely lead to incorrect results due to broadcasting. Please ensure they have the same size.
  return F.mse_loss(input, target, reduction=self.reduction)
/home/mburu/anaconda3/envs/TabSurvey/lib/python3.8/site-packages/torch/nn/modules/loss.py:535: UserWarning: Using a target size (torch.Size([128])) that is different to the input size (torch.Size([128, 1])). This will likely lead to incorrect results due to broadcasting. Please ensure they have the same size.
  return F.mse_loss(input, target, reduction=self.reduction)
/home/mburu/Master_Thesis/master-thesis-da/DNN_Trial/models/rtdl_models.py:479: UserWarning: To copy construct from a tensor, it is recommended to use sourceTensor.clone().detach() or sourceTensor.clone().detach().requires_grad_(True), rather than torch.tensor(sourceTensor).
  X = torch.tensor(X, dtype=torch.float32).to(self.device)
/home/mburu/anaconda3/envs/TabSurvey/lib/python3.8/site-packages/torch/nn/modules/loss.py:535: UserWarning: Using a target size (torch.Size([46])) that is different to the input size (torch.Size([46, 1])). This will likely lead to incorrect results due to broadcasting. Please ensure they have the same size.
  return F.mse_loss(input, target, reduction=self.reduction)
/home/mburu/anaconda3/envs/TabSurvey/lib/python3.8/site-packages/torch/nn/modules/loss.py:535: UserWarning: Using a target size (torch.Size([56])) that is different to the input size (torch.Size([56, 1])). This will likely lead to incorrect results due to broadcasting. Please ensure they have the same size.
  return F.mse_loss(input, target, reduction=self.reduction)
/home/mburu/anaconda3/envs/TabSurvey/lib/python3.8/site-packages/torch/nn/modules/loss.py:535: UserWarning: Using a target size (torch.Size([128])) that is different to the input size (torch.Size([128, 1])). This will likely lead to incorrect results due to broadcasting. Please ensure they have the same size.
  return F.mse_loss(input, target, reduction=self.reduction)
/home/mburu/Master_Thesis/master-thesis-da/DNN_Trial/models/rtdl_models.py:479: UserWarning: To copy construct from a tensor, it is recommended to use sourceTensor.clone().detach() or sourceTensor.clone().detach().requires_grad_(True), rather than torch.tensor(sourceTensor).
  X = torch.tensor(X, dtype=torch.float32).to(self.device)
/home/mburu/anaconda3/envs/TabSurvey/lib/python3.8/site-packages/torch/nn/modules/loss.py:535: UserWarning: Using a target size (torch.Size([46])) that is different to the input size (torch.Size([46, 1])). This will likely lead to incorrect results due to broadcasting. Please ensure they have the same size.
  return F.mse_loss(input, target, reduction=self.reduction)
/home/mburu/anaconda3/envs/TabSurvey/lib/python3.8/site-packages/torch/nn/modules/loss.py:535: UserWarning: Using a target size (torch.Size([56])) that is different to the input size (torch.Size([56, 1])). This will likely lead to incorrect results due to broadcasting. Please ensure they have the same size.
  return F.mse_loss(input, target, reduction=self.reduction)
/home/mburu/anaconda3/envs/TabSurvey/lib/python3.8/site-packages/torch/nn/modules/loss.py:535: UserWarning: Using a target size (torch.Size([128])) that is different to the input size (torch.Size([128, 1])). This will likely lead to incorrect results due to broadcasting. Please ensure they have the same size.
  return F.mse_loss(input, target, reduction=self.reduction)
/home/mburu/Master_Thesis/master-thesis-da/DNN_Trial/models/rtdl_models.py:479: UserWarning: To copy construct from a tensor, it is recommended to use sourceTensor.clone().detach() or sourceTensor.clone().detach().requires_grad_(True), rather than torch.tensor(sourceTensor).
  X = torch.tensor(X, dtype=torch.float32).to(self.device)
/home/mburu/anaconda3/envs/TabSurvey/lib/python3.8/site-packages/torch/nn/modules/loss.py:535: UserWarning: Using a target size (torch.Size([46])) that is different to the input size (torch.Size([46, 1])). This will likely lead to incorrect results due to broadcasting. Please ensure they have the same size.
  return F.mse_loss(input, target, reduction=self.reduction)
/home/mburu/anaconda3/envs/TabSurvey/lib/python3.8/site-packages/torch/nn/modules/loss.py:535: UserWarning: Using a target size (torch.Size([56])) that is different to the input size (torch.Size([56, 1])). This will likely lead to incorrect results due to broadcasting. Please ensure they have the same size.
  return F.mse_loss(input, target, reduction=self.reduction)
[I 2025-05-11 02:53:12,672] Trial 4 finished with value: 196.97776778929094 and parameters: {'learning_rate': 6.106449721662433e-05, 'weight_decay': 0.0006477908329903761}. Best is trial 0 with value: 127.30679609380267.
/home/mburu/anaconda3/envs/TabSurvey/lib/python3.8/site-packages/torch/nn/modules/loss.py:535: UserWarning: Using a target size (torch.Size([128])) that is different to the input size (torch.Size([128, 1])). This will likely lead to incorrect results due to broadcasting. Please ensure they have the same size.
  return F.mse_loss(input, target, reduction=self.reduction)
/home/mburu/Master_Thesis/master-thesis-da/DNN_Trial/models/rtdl_models.py:479: UserWarning: To copy construct from a tensor, it is recommended to use sourceTensor.clone().detach() or sourceTensor.clone().detach().requires_grad_(True), rather than torch.tensor(sourceTensor).
  X = torch.tensor(X, dtype=torch.float32).to(self.device)
/home/mburu/anaconda3/envs/TabSurvey/lib/python3.8/site-packages/torch/nn/modules/loss.py:535: UserWarning: Using a target size (torch.Size([58])) that is different to the input size (torch.Size([58, 1])). This will likely lead to incorrect results due to broadcasting. Please ensure they have the same size.
  return F.mse_loss(input, target, reduction=self.reduction)
/home/mburu/anaconda3/envs/TabSurvey/lib/python3.8/site-packages/torch/nn/modules/loss.py:535: UserWarning: Using a target size (torch.Size([102])) that is different to the input size (torch.Size([102, 1])). This will likely lead to incorrect results due to broadcasting. Please ensure they have the same size.
  return F.mse_loss(input, target, reduction=self.reduction)
[I 2025-05-11 02:53:12,769] A new study created in memory with name: FTTransformer_Sensory_outer4
/home/mburu/anaconda3/envs/TabSurvey/lib/python3.8/site-packages/torch/nn/modules/loss.py:535: UserWarning: Using a target size (torch.Size([128])) that is different to the input size (torch.Size([128, 1])). This will likely lead to incorrect results due to broadcasting. Please ensure they have the same size.
  return F.mse_loss(input, target, reduction=self.reduction)
/home/mburu/Master_Thesis/master-thesis-da/DNN_Trial/models/rtdl_models.py:479: UserWarning: To copy construct from a tensor, it is recommended to use sourceTensor.clone().detach() or sourceTensor.clone().detach().requires_grad_(True), rather than torch.tensor(sourceTensor).
  X = torch.tensor(X, dtype=torch.float32).to(self.device)
/home/mburu/anaconda3/envs/TabSurvey/lib/python3.8/site-packages/torch/nn/modules/loss.py:535: UserWarning: Using a target size (torch.Size([47])) that is different to the input size (torch.Size([47, 1])). This will likely lead to incorrect results due to broadcasting. Please ensure they have the same size.
  return F.mse_loss(input, target, reduction=self.reduction)
/home/mburu/anaconda3/envs/TabSurvey/lib/python3.8/site-packages/torch/nn/modules/loss.py:535: UserWarning: Using a target size (torch.Size([56])) that is different to the input size (torch.Size([56, 1])). This will likely lead to incorrect results due to broadcasting. Please ensure they have the same size.
  return F.mse_loss(input, target, reduction=self.reduction)
/home/mburu/anaconda3/envs/TabSurvey/lib/python3.8/site-packages/torch/nn/modules/loss.py:535: UserWarning: Using a target size (torch.Size([128])) that is different to the input size (torch.Size([128, 1])). This will likely lead to incorrect results due to broadcasting. Please ensure they have the same size.
  return F.mse_loss(input, target, reduction=self.reduction)
/home/mburu/Master_Thesis/master-thesis-da/DNN_Trial/models/rtdl_models.py:479: UserWarning: To copy construct from a tensor, it is recommended to use sourceTensor.clone().detach() or sourceTensor.clone().detach().requires_grad_(True), rather than torch.tensor(sourceTensor).
  X = torch.tensor(X, dtype=torch.float32).to(self.device)
/home/mburu/anaconda3/envs/TabSurvey/lib/python3.8/site-packages/torch/nn/modules/loss.py:535: UserWarning: Using a target size (torch.Size([46])) that is different to the input size (torch.Size([46, 1])). This will likely lead to incorrect results due to broadcasting. Please ensure they have the same size.
  return F.mse_loss(input, target, reduction=self.reduction)
/home/mburu/anaconda3/envs/TabSurvey/lib/python3.8/site-packages/torch/nn/modules/loss.py:535: UserWarning: Using a target size (torch.Size([57])) that is different to the input size (torch.Size([57, 1])). This will likely lead to incorrect results due to broadcasting. Please ensure they have the same size.
  return F.mse_loss(input, target, reduction=self.reduction)
/home/mburu/anaconda3/envs/TabSurvey/lib/python3.8/site-packages/torch/nn/modules/loss.py:535: UserWarning: Using a target size (torch.Size([128])) that is different to the input size (torch.Size([128, 1])). This will likely lead to incorrect results due to broadcasting. Please ensure they have the same size.
  return F.mse_loss(input, target, reduction=self.reduction)
/home/mburu/Master_Thesis/master-thesis-da/DNN_Trial/models/rtdl_models.py:479: UserWarning: To copy construct from a tensor, it is recommended to use sourceTensor.clone().detach() or sourceTensor.clone().detach().requires_grad_(True), rather than torch.tensor(sourceTensor).
  X = torch.tensor(X, dtype=torch.float32).to(self.device)
/home/mburu/anaconda3/envs/TabSurvey/lib/python3.8/site-packages/torch/nn/modules/loss.py:535: UserWarning: Using a target size (torch.Size([46])) that is different to the input size (torch.Size([46, 1])). This will likely lead to incorrect results due to broadcasting. Please ensure they have the same size.
  return F.mse_loss(input, target, reduction=self.reduction)
/home/mburu/anaconda3/envs/TabSurvey/lib/python3.8/site-packages/torch/nn/modules/loss.py:535: UserWarning: Using a target size (torch.Size([57])) that is different to the input size (torch.Size([57, 1])). This will likely lead to incorrect results due to broadcasting. Please ensure they have the same size.
  return F.mse_loss(input, target, reduction=self.reduction)
/home/mburu/anaconda3/envs/TabSurvey/lib/python3.8/site-packages/torch/nn/modules/loss.py:535: UserWarning: Using a target size (torch.Size([128])) that is different to the input size (torch.Size([128, 1])). This will likely lead to incorrect results due to broadcasting. Please ensure they have the same size.
  return F.mse_loss(input, target, reduction=self.reduction)
/home/mburu/Master_Thesis/master-thesis-da/DNN_Trial/models/rtdl_models.py:479: UserWarning: To copy construct from a tensor, it is recommended to use sourceTensor.clone().detach() or sourceTensor.clone().detach().requires_grad_(True), rather than torch.tensor(sourceTensor).
  X = torch.tensor(X, dtype=torch.float32).to(self.device)
/home/mburu/anaconda3/envs/TabSurvey/lib/python3.8/site-packages/torch/nn/modules/loss.py:535: UserWarning: Using a target size (torch.Size([46])) that is different to the input size (torch.Size([46, 1])). This will likely lead to incorrect results due to broadcasting. Please ensure they have the same size.
  return F.mse_loss(input, target, reduction=self.reduction)
/home/mburu/anaconda3/envs/TabSurvey/lib/python3.8/site-packages/torch/nn/modules/loss.py:535: UserWarning: Using a target size (torch.Size([57])) that is different to the input size (torch.Size([57, 1])). This will likely lead to incorrect results due to broadcasting. Please ensure they have the same size.
  return F.mse_loss(input, target, reduction=self.reduction)
/home/mburu/anaconda3/envs/TabSurvey/lib/python3.8/site-packages/torch/nn/modules/loss.py:535: UserWarning: Using a target size (torch.Size([128])) that is different to the input size (torch.Size([128, 1])). This will likely lead to incorrect results due to broadcasting. Please ensure they have the same size.
  return F.mse_loss(input, target, reduction=self.reduction)
/home/mburu/Master_Thesis/master-thesis-da/DNN_Trial/models/rtdl_models.py:479: UserWarning: To copy construct from a tensor, it is recommended to use sourceTensor.clone().detach() or sourceTensor.clone().detach().requires_grad_(True), rather than torch.tensor(sourceTensor).
  X = torch.tensor(X, dtype=torch.float32).to(self.device)
/home/mburu/anaconda3/envs/TabSurvey/lib/python3.8/site-packages/torch/nn/modules/loss.py:535: UserWarning: Using a target size (torch.Size([46])) that is different to the input size (torch.Size([46, 1])). This will likely lead to incorrect results due to broadcasting. Please ensure they have the same size.
  return F.mse_loss(input, target, reduction=self.reduction)
/home/mburu/anaconda3/envs/TabSurvey/lib/python3.8/site-packages/torch/nn/modules/loss.py:535: UserWarning: Using a target size (torch.Size([57])) that is different to the input size (torch.Size([57, 1])). This will likely lead to incorrect results due to broadcasting. Please ensure they have the same size.
  return F.mse_loss(input, target, reduction=self.reduction)
[I 2025-05-11 02:53:13,154] Trial 0 finished with value: 205.85583971726723 and parameters: {'learning_rate': 1.2336301707185965e-05, 'weight_decay': 0.005064001650768619}. Best is trial 0 with value: 205.85583971726723.
/home/mburu/anaconda3/envs/TabSurvey/lib/python3.8/site-packages/torch/nn/modules/loss.py:535: UserWarning: Using a target size (torch.Size([128])) that is different to the input size (torch.Size([128, 1])). This will likely lead to incorrect results due to broadcasting. Please ensure they have the same size.
  return F.mse_loss(input, target, reduction=self.reduction)
/home/mburu/Master_Thesis/master-thesis-da/DNN_Trial/models/rtdl_models.py:479: UserWarning: To copy construct from a tensor, it is recommended to use sourceTensor.clone().detach() or sourceTensor.clone().detach().requires_grad_(True), rather than torch.tensor(sourceTensor).
  X = torch.tensor(X, dtype=torch.float32).to(self.device)
/home/mburu/anaconda3/envs/TabSurvey/lib/python3.8/site-packages/torch/nn/modules/loss.py:535: UserWarning: Using a target size (torch.Size([47])) that is different to the input size (torch.Size([47, 1])). This will likely lead to incorrect results due to broadcasting. Please ensure they have the same size.
  return F.mse_loss(input, target, reduction=self.reduction)
/home/mburu/anaconda3/envs/TabSurvey/lib/python3.8/site-packages/torch/nn/modules/loss.py:535: UserWarning: Using a target size (torch.Size([56])) that is different to the input size (torch.Size([56, 1])). This will likely lead to incorrect results due to broadcasting. Please ensure they have the same size.
  return F.mse_loss(input, target, reduction=self.reduction)
/home/mburu/anaconda3/envs/TabSurvey/lib/python3.8/site-packages/torch/nn/modules/loss.py:535: UserWarning: Using a target size (torch.Size([128])) that is different to the input size (torch.Size([128, 1])). This will likely lead to incorrect results due to broadcasting. Please ensure they have the same size.
  return F.mse_loss(input, target, reduction=self.reduction)
/home/mburu/Master_Thesis/master-thesis-da/DNN_Trial/models/rtdl_models.py:479: UserWarning: To copy construct from a tensor, it is recommended to use sourceTensor.clone().detach() or sourceTensor.clone().detach().requires_grad_(True), rather than torch.tensor(sourceTensor).
  X = torch.tensor(X, dtype=torch.float32).to(self.device)
/home/mburu/anaconda3/envs/TabSurvey/lib/python3.8/site-packages/torch/nn/modules/loss.py:535: UserWarning: Using a target size (torch.Size([46])) that is different to the input size (torch.Size([46, 1])). This will likely lead to incorrect results due to broadcasting. Please ensure they have the same size.
  return F.mse_loss(input, target, reduction=self.reduction)
/home/mburu/anaconda3/envs/TabSurvey/lib/python3.8/site-packages/torch/nn/modules/loss.py:535: UserWarning: Using a target size (torch.Size([57])) that is different to the input size (torch.Size([57, 1])). This will likely lead to incorrect results due to broadcasting. Please ensure they have the same size.
  return F.mse_loss(input, target, reduction=self.reduction)
/home/mburu/anaconda3/envs/TabSurvey/lib/python3.8/site-packages/torch/nn/modules/loss.py:535: UserWarning: Using a target size (torch.Size([128])) that is different to the input size (torch.Size([128, 1])). This will likely lead to incorrect results due to broadcasting. Please ensure they have the same size.
  return F.mse_loss(input, target, reduction=self.reduction)
/home/mburu/Master_Thesis/master-thesis-da/DNN_Trial/models/rtdl_models.py:479: UserWarning: To copy construct from a tensor, it is recommended to use sourceTensor.clone().detach() or sourceTensor.clone().detach().requires_grad_(True), rather than torch.tensor(sourceTensor).
  X = torch.tensor(X, dtype=torch.float32).to(self.device)
/home/mburu/anaconda3/envs/TabSurvey/lib/python3.8/site-packages/torch/nn/modules/loss.py:535: UserWarning: Using a target size (torch.Size([46])) that is different to the input size (torch.Size([46, 1])). This will likely lead to incorrect results due to broadcasting. Please ensure they have the same size.
  return F.mse_loss(input, target, reduction=self.reduction)
/home/mburu/anaconda3/envs/TabSurvey/lib/python3.8/site-packages/torch/nn/modules/loss.py:535: UserWarning: Using a target size (torch.Size([57])) that is different to the input size (torch.Size([57, 1])). This will likely lead to incorrect results due to broadcasting. Please ensure they have the same size.
  return F.mse_loss(input, target, reduction=self.reduction)
/home/mburu/anaconda3/envs/TabSurvey/lib/python3.8/site-packages/torch/nn/modules/loss.py:535: UserWarning: Using a target size (torch.Size([128])) that is different to the input size (torch.Size([128, 1])). This will likely lead to incorrect results due to broadcasting. Please ensure they have the same size.
  return F.mse_loss(input, target, reduction=self.reduction)
/home/mburu/Master_Thesis/master-thesis-da/DNN_Trial/models/rtdl_models.py:479: UserWarning: To copy construct from a tensor, it is recommended to use sourceTensor.clone().detach() or sourceTensor.clone().detach().requires_grad_(True), rather than torch.tensor(sourceTensor).
  X = torch.tensor(X, dtype=torch.float32).to(self.device)
/home/mburu/anaconda3/envs/TabSurvey/lib/python3.8/site-packages/torch/nn/modules/loss.py:535: UserWarning: Using a target size (torch.Size([46])) that is different to the input size (torch.Size([46, 1])). This will likely lead to incorrect results due to broadcasting. Please ensure they have the same size.
  return F.mse_loss(input, target, reduction=self.reduction)
/home/mburu/anaconda3/envs/TabSurvey/lib/python3.8/site-packages/torch/nn/modules/loss.py:535: UserWarning: Using a target size (torch.Size([57])) that is different to the input size (torch.Size([57, 1])). This will likely lead to incorrect results due to broadcasting. Please ensure they have the same size.
  return F.mse_loss(input, target, reduction=self.reduction)
/home/mburu/anaconda3/envs/TabSurvey/lib/python3.8/site-packages/torch/nn/modules/loss.py:535: UserWarning: Using a target size (torch.Size([128])) that is different to the input size (torch.Size([128, 1])). This will likely lead to incorrect results due to broadcasting. Please ensure they have the same size.
  return F.mse_loss(input, target, reduction=self.reduction)
/home/mburu/Master_Thesis/master-thesis-da/DNN_Trial/models/rtdl_models.py:479: UserWarning: To copy construct from a tensor, it is recommended to use sourceTensor.clone().detach() or sourceTensor.clone().detach().requires_grad_(True), rather than torch.tensor(sourceTensor).
  X = torch.tensor(X, dtype=torch.float32).to(self.device)
/home/mburu/anaconda3/envs/TabSurvey/lib/python3.8/site-packages/torch/nn/modules/loss.py:535: UserWarning: Using a target size (torch.Size([46])) that is different to the input size (torch.Size([46, 1])). This will likely lead to incorrect results due to broadcasting. Please ensure they have the same size.
  return F.mse_loss(input, target, reduction=self.reduction)
/home/mburu/anaconda3/envs/TabSurvey/lib/python3.8/site-packages/torch/nn/modules/loss.py:535: UserWarning: Using a target size (torch.Size([57])) that is different to the input size (torch.Size([57, 1])). This will likely lead to incorrect results due to broadcasting. Please ensure they have the same size.
  return F.mse_loss(input, target, reduction=self.reduction)
[I 2025-05-11 02:53:13,544] Trial 1 finished with value: 212.09454115818966 and parameters: {'learning_rate': 2.317003581366393e-05, 'weight_decay': 2.107442743564857e-06}. Best is trial 0 with value: 205.85583971726723.
/home/mburu/anaconda3/envs/TabSurvey/lib/python3.8/site-packages/torch/nn/modules/loss.py:535: UserWarning: Using a target size (torch.Size([128])) that is different to the input size (torch.Size([128, 1])). This will likely lead to incorrect results due to broadcasting. Please ensure they have the same size.
  return F.mse_loss(input, target, reduction=self.reduction)
/home/mburu/Master_Thesis/master-thesis-da/DNN_Trial/models/rtdl_models.py:479: UserWarning: To copy construct from a tensor, it is recommended to use sourceTensor.clone().detach() or sourceTensor.clone().detach().requires_grad_(True), rather than torch.tensor(sourceTensor).
  X = torch.tensor(X, dtype=torch.float32).to(self.device)
/home/mburu/anaconda3/envs/TabSurvey/lib/python3.8/site-packages/torch/nn/modules/loss.py:535: UserWarning: Using a target size (torch.Size([47])) that is different to the input size (torch.Size([47, 1])). This will likely lead to incorrect results due to broadcasting. Please ensure they have the same size.
  return F.mse_loss(input, target, reduction=self.reduction)
/home/mburu/anaconda3/envs/TabSurvey/lib/python3.8/site-packages/torch/nn/modules/loss.py:535: UserWarning: Using a target size (torch.Size([56])) that is different to the input size (torch.Size([56, 1])). This will likely lead to incorrect results due to broadcasting. Please ensure they have the same size.
  return F.mse_loss(input, target, reduction=self.reduction)
/home/mburu/anaconda3/envs/TabSurvey/lib/python3.8/site-packages/torch/nn/modules/loss.py:535: UserWarning: Using a target size (torch.Size([128])) that is different to the input size (torch.Size([128, 1])). This will likely lead to incorrect results due to broadcasting. Please ensure they have the same size.
  return F.mse_loss(input, target, reduction=self.reduction)
/home/mburu/Master_Thesis/master-thesis-da/DNN_Trial/models/rtdl_models.py:479: UserWarning: To copy construct from a tensor, it is recommended to use sourceTensor.clone().detach() or sourceTensor.clone().detach().requires_grad_(True), rather than torch.tensor(sourceTensor).
  X = torch.tensor(X, dtype=torch.float32).to(self.device)
/home/mburu/anaconda3/envs/TabSurvey/lib/python3.8/site-packages/torch/nn/modules/loss.py:535: UserWarning: Using a target size (torch.Size([46])) that is different to the input size (torch.Size([46, 1])). This will likely lead to incorrect results due to broadcasting. Please ensure they have the same size.
  return F.mse_loss(input, target, reduction=self.reduction)
/home/mburu/anaconda3/envs/TabSurvey/lib/python3.8/site-packages/torch/nn/modules/loss.py:535: UserWarning: Using a target size (torch.Size([57])) that is different to the input size (torch.Size([57, 1])). This will likely lead to incorrect results due to broadcasting. Please ensure they have the same size.
  return F.mse_loss(input, target, reduction=self.reduction)
/home/mburu/anaconda3/envs/TabSurvey/lib/python3.8/site-packages/torch/nn/modules/loss.py:535: UserWarning: Using a target size (torch.Size([128])) that is different to the input size (torch.Size([128, 1])). This will likely lead to incorrect results due to broadcasting. Please ensure they have the same size.
  return F.mse_loss(input, target, reduction=self.reduction)
/home/mburu/Master_Thesis/master-thesis-da/DNN_Trial/models/rtdl_models.py:479: UserWarning: To copy construct from a tensor, it is recommended to use sourceTensor.clone().detach() or sourceTensor.clone().detach().requires_grad_(True), rather than torch.tensor(sourceTensor).
  X = torch.tensor(X, dtype=torch.float32).to(self.device)
/home/mburu/anaconda3/envs/TabSurvey/lib/python3.8/site-packages/torch/nn/modules/loss.py:535: UserWarning: Using a target size (torch.Size([46])) that is different to the input size (torch.Size([46, 1])). This will likely lead to incorrect results due to broadcasting. Please ensure they have the same size.
  return F.mse_loss(input, target, reduction=self.reduction)
/home/mburu/anaconda3/envs/TabSurvey/lib/python3.8/site-packages/torch/nn/modules/loss.py:535: UserWarning: Using a target size (torch.Size([57])) that is different to the input size (torch.Size([57, 1])). This will likely lead to incorrect results due to broadcasting. Please ensure they have the same size.
  return F.mse_loss(input, target, reduction=self.reduction)
/home/mburu/anaconda3/envs/TabSurvey/lib/python3.8/site-packages/torch/nn/modules/loss.py:535: UserWarning: Using a target size (torch.Size([128])) that is different to the input size (torch.Size([128, 1])). This will likely lead to incorrect results due to broadcasting. Please ensure they have the same size.
  return F.mse_loss(input, target, reduction=self.reduction)
/home/mburu/Master_Thesis/master-thesis-da/DNN_Trial/models/rtdl_models.py:479: UserWarning: To copy construct from a tensor, it is recommended to use sourceTensor.clone().detach() or sourceTensor.clone().detach().requires_grad_(True), rather than torch.tensor(sourceTensor).
  X = torch.tensor(X, dtype=torch.float32).to(self.device)
/home/mburu/anaconda3/envs/TabSurvey/lib/python3.8/site-packages/torch/nn/modules/loss.py:535: UserWarning: Using a target size (torch.Size([46])) that is different to the input size (torch.Size([46, 1])). This will likely lead to incorrect results due to broadcasting. Please ensure they have the same size.
  return F.mse_loss(input, target, reduction=self.reduction)
/home/mburu/anaconda3/envs/TabSurvey/lib/python3.8/site-packages/torch/nn/modules/loss.py:535: UserWarning: Using a target size (torch.Size([57])) that is different to the input size (torch.Size([57, 1])). This will likely lead to incorrect results due to broadcasting. Please ensure they have the same size.
  return F.mse_loss(input, target, reduction=self.reduction)
/home/mburu/anaconda3/envs/TabSurvey/lib/python3.8/site-packages/torch/nn/modules/loss.py:535: UserWarning: Using a target size (torch.Size([128])) that is different to the input size (torch.Size([128, 1])). This will likely lead to incorrect results due to broadcasting. Please ensure they have the same size.
  return F.mse_loss(input, target, reduction=self.reduction)
/home/mburu/Master_Thesis/master-thesis-da/DNN_Trial/models/rtdl_models.py:479: UserWarning: To copy construct from a tensor, it is recommended to use sourceTensor.clone().detach() or sourceTensor.clone().detach().requires_grad_(True), rather than torch.tensor(sourceTensor).
  X = torch.tensor(X, dtype=torch.float32).to(self.device)
/home/mburu/anaconda3/envs/TabSurvey/lib/python3.8/site-packages/torch/nn/modules/loss.py:535: UserWarning: Using a target size (torch.Size([46])) that is different to the input size (torch.Size([46, 1])). This will likely lead to incorrect results due to broadcasting. Please ensure they have the same size.
  return F.mse_loss(input, target, reduction=self.reduction)
/home/mburu/anaconda3/envs/TabSurvey/lib/python3.8/site-packages/torch/nn/modules/loss.py:535: UserWarning: Using a target size (torch.Size([57])) that is different to the input size (torch.Size([57, 1])). This will likely lead to incorrect results due to broadcasting. Please ensure they have the same size.
  return F.mse_loss(input, target, reduction=self.reduction)
[I 2025-05-11 02:53:13,936] Trial 2 finished with value: 189.3340480341165 and parameters: {'learning_rate': 9.330353198005426e-05, 'weight_decay': 1.2839380692849483e-06}. Best is trial 2 with value: 189.3340480341165.
/home/mburu/anaconda3/envs/TabSurvey/lib/python3.8/site-packages/torch/nn/modules/loss.py:535: UserWarning: Using a target size (torch.Size([128])) that is different to the input size (torch.Size([128, 1])). This will likely lead to incorrect results due to broadcasting. Please ensure they have the same size.
  return F.mse_loss(input, target, reduction=self.reduction)
/home/mburu/Master_Thesis/master-thesis-da/DNN_Trial/models/rtdl_models.py:479: UserWarning: To copy construct from a tensor, it is recommended to use sourceTensor.clone().detach() or sourceTensor.clone().detach().requires_grad_(True), rather than torch.tensor(sourceTensor).
  X = torch.tensor(X, dtype=torch.float32).to(self.device)
/home/mburu/anaconda3/envs/TabSurvey/lib/python3.8/site-packages/torch/nn/modules/loss.py:535: UserWarning: Using a target size (torch.Size([47])) that is different to the input size (torch.Size([47, 1])). This will likely lead to incorrect results due to broadcasting. Please ensure they have the same size.
  return F.mse_loss(input, target, reduction=self.reduction)
/home/mburu/anaconda3/envs/TabSurvey/lib/python3.8/site-packages/torch/nn/modules/loss.py:535: UserWarning: Using a target size (torch.Size([56])) that is different to the input size (torch.Size([56, 1])). This will likely lead to incorrect results due to broadcasting. Please ensure they have the same size.
  return F.mse_loss(input, target, reduction=self.reduction)
/home/mburu/anaconda3/envs/TabSurvey/lib/python3.8/site-packages/torch/nn/modules/loss.py:535: UserWarning: Using a target size (torch.Size([128])) that is different to the input size (torch.Size([128, 1])). This will likely lead to incorrect results due to broadcasting. Please ensure they have the same size.
  return F.mse_loss(input, target, reduction=self.reduction)
/home/mburu/Master_Thesis/master-thesis-da/DNN_Trial/models/rtdl_models.py:479: UserWarning: To copy construct from a tensor, it is recommended to use sourceTensor.clone().detach() or sourceTensor.clone().detach().requires_grad_(True), rather than torch.tensor(sourceTensor).
  X = torch.tensor(X, dtype=torch.float32).to(self.device)
/home/mburu/anaconda3/envs/TabSurvey/lib/python3.8/site-packages/torch/nn/modules/loss.py:535: UserWarning: Using a target size (torch.Size([46])) that is different to the input size (torch.Size([46, 1])). This will likely lead to incorrect results due to broadcasting. Please ensure they have the same size.
  return F.mse_loss(input, target, reduction=self.reduction)
/home/mburu/anaconda3/envs/TabSurvey/lib/python3.8/site-packages/torch/nn/modules/loss.py:535: UserWarning: Using a target size (torch.Size([57])) that is different to the input size (torch.Size([57, 1])). This will likely lead to incorrect results due to broadcasting. Please ensure they have the same size.
  return F.mse_loss(input, target, reduction=self.reduction)
/home/mburu/anaconda3/envs/TabSurvey/lib/python3.8/site-packages/torch/nn/modules/loss.py:535: UserWarning: Using a target size (torch.Size([128])) that is different to the input size (torch.Size([128, 1])). This will likely lead to incorrect results due to broadcasting. Please ensure they have the same size.
  return F.mse_loss(input, target, reduction=self.reduction)
/home/mburu/Master_Thesis/master-thesis-da/DNN_Trial/models/rtdl_models.py:479: UserWarning: To copy construct from a tensor, it is recommended to use sourceTensor.clone().detach() or sourceTensor.clone().detach().requires_grad_(True), rather than torch.tensor(sourceTensor).
  X = torch.tensor(X, dtype=torch.float32).to(self.device)
/home/mburu/anaconda3/envs/TabSurvey/lib/python3.8/site-packages/torch/nn/modules/loss.py:535: UserWarning: Using a target size (torch.Size([46])) that is different to the input size (torch.Size([46, 1])). This will likely lead to incorrect results due to broadcasting. Please ensure they have the same size.
  return F.mse_loss(input, target, reduction=self.reduction)
/home/mburu/anaconda3/envs/TabSurvey/lib/python3.8/site-packages/torch/nn/modules/loss.py:535: UserWarning: Using a target size (torch.Size([57])) that is different to the input size (torch.Size([57, 1])). This will likely lead to incorrect results due to broadcasting. Please ensure they have the same size.
  return F.mse_loss(input, target, reduction=self.reduction)
/home/mburu/anaconda3/envs/TabSurvey/lib/python3.8/site-packages/torch/nn/modules/loss.py:535: UserWarning: Using a target size (torch.Size([128])) that is different to the input size (torch.Size([128, 1])). This will likely lead to incorrect results due to broadcasting. Please ensure they have the same size.
  return F.mse_loss(input, target, reduction=self.reduction)
/home/mburu/Master_Thesis/master-thesis-da/DNN_Trial/models/rtdl_models.py:479: UserWarning: To copy construct from a tensor, it is recommended to use sourceTensor.clone().detach() or sourceTensor.clone().detach().requires_grad_(True), rather than torch.tensor(sourceTensor).
  X = torch.tensor(X, dtype=torch.float32).to(self.device)
/home/mburu/anaconda3/envs/TabSurvey/lib/python3.8/site-packages/torch/nn/modules/loss.py:535: UserWarning: Using a target size (torch.Size([46])) that is different to the input size (torch.Size([46, 1])). This will likely lead to incorrect results due to broadcasting. Please ensure they have the same size.
  return F.mse_loss(input, target, reduction=self.reduction)
/home/mburu/anaconda3/envs/TabSurvey/lib/python3.8/site-packages/torch/nn/modules/loss.py:535: UserWarning: Using a target size (torch.Size([57])) that is different to the input size (torch.Size([57, 1])). This will likely lead to incorrect results due to broadcasting. Please ensure they have the same size.
  return F.mse_loss(input, target, reduction=self.reduction)
/home/mburu/anaconda3/envs/TabSurvey/lib/python3.8/site-packages/torch/nn/modules/loss.py:535: UserWarning: Using a target size (torch.Size([128])) that is different to the input size (torch.Size([128, 1])). This will likely lead to incorrect results due to broadcasting. Please ensure they have the same size.
  return F.mse_loss(input, target, reduction=self.reduction)
/home/mburu/Master_Thesis/master-thesis-da/DNN_Trial/models/rtdl_models.py:479: UserWarning: To copy construct from a tensor, it is recommended to use sourceTensor.clone().detach() or sourceTensor.clone().detach().requires_grad_(True), rather than torch.tensor(sourceTensor).
  X = torch.tensor(X, dtype=torch.float32).to(self.device)
/home/mburu/anaconda3/envs/TabSurvey/lib/python3.8/site-packages/torch/nn/modules/loss.py:535: UserWarning: Using a target size (torch.Size([46])) that is different to the input size (torch.Size([46, 1])). This will likely lead to incorrect results due to broadcasting. Please ensure they have the same size.
  return F.mse_loss(input, target, reduction=self.reduction)
/home/mburu/anaconda3/envs/TabSurvey/lib/python3.8/site-packages/torch/nn/modules/loss.py:535: UserWarning: Using a target size (torch.Size([57])) that is different to the input size (torch.Size([57, 1])). This will likely lead to incorrect results due to broadcasting. Please ensure they have the same size.
  return F.mse_loss(input, target, reduction=self.reduction)
[I 2025-05-11 02:53:14,328] Trial 3 finished with value: 214.94703957246938 and parameters: {'learning_rate': 4.738504969556871e-05, 'weight_decay': 4.418035481950539e-05}. Best is trial 2 with value: 189.3340480341165.
/home/mburu/anaconda3/envs/TabSurvey/lib/python3.8/site-packages/torch/nn/modules/loss.py:535: UserWarning: Using a target size (torch.Size([128])) that is different to the input size (torch.Size([128, 1])). This will likely lead to incorrect results due to broadcasting. Please ensure they have the same size.
  return F.mse_loss(input, target, reduction=self.reduction)
/home/mburu/Master_Thesis/master-thesis-da/DNN_Trial/models/rtdl_models.py:479: UserWarning: To copy construct from a tensor, it is recommended to use sourceTensor.clone().detach() or sourceTensor.clone().detach().requires_grad_(True), rather than torch.tensor(sourceTensor).
  X = torch.tensor(X, dtype=torch.float32).to(self.device)
/home/mburu/anaconda3/envs/TabSurvey/lib/python3.8/site-packages/torch/nn/modules/loss.py:535: UserWarning: Using a target size (torch.Size([47])) that is different to the input size (torch.Size([47, 1])). This will likely lead to incorrect results due to broadcasting. Please ensure they have the same size.
  return F.mse_loss(input, target, reduction=self.reduction)
/home/mburu/anaconda3/envs/TabSurvey/lib/python3.8/site-packages/torch/nn/modules/loss.py:535: UserWarning: Using a target size (torch.Size([56])) that is different to the input size (torch.Size([56, 1])). This will likely lead to incorrect results due to broadcasting. Please ensure they have the same size.
  return F.mse_loss(input, target, reduction=self.reduction)
/home/mburu/anaconda3/envs/TabSurvey/lib/python3.8/site-packages/torch/nn/modules/loss.py:535: UserWarning: Using a target size (torch.Size([128])) that is different to the input size (torch.Size([128, 1])). This will likely lead to incorrect results due to broadcasting. Please ensure they have the same size.
  return F.mse_loss(input, target, reduction=self.reduction)
/home/mburu/Master_Thesis/master-thesis-da/DNN_Trial/models/rtdl_models.py:479: UserWarning: To copy construct from a tensor, it is recommended to use sourceTensor.clone().detach() or sourceTensor.clone().detach().requires_grad_(True), rather than torch.tensor(sourceTensor).
  X = torch.tensor(X, dtype=torch.float32).to(self.device)
/home/mburu/anaconda3/envs/TabSurvey/lib/python3.8/site-packages/torch/nn/modules/loss.py:535: UserWarning: Using a target size (torch.Size([46])) that is different to the input size (torch.Size([46, 1])). This will likely lead to incorrect results due to broadcasting. Please ensure they have the same size.
  return F.mse_loss(input, target, reduction=self.reduction)
/home/mburu/anaconda3/envs/TabSurvey/lib/python3.8/site-packages/torch/nn/modules/loss.py:535: UserWarning: Using a target size (torch.Size([57])) that is different to the input size (torch.Size([57, 1])). This will likely lead to incorrect results due to broadcasting. Please ensure they have the same size.
  return F.mse_loss(input, target, reduction=self.reduction)
/home/mburu/anaconda3/envs/TabSurvey/lib/python3.8/site-packages/torch/nn/modules/loss.py:535: UserWarning: Using a target size (torch.Size([128])) that is different to the input size (torch.Size([128, 1])). This will likely lead to incorrect results due to broadcasting. Please ensure they have the same size.
  return F.mse_loss(input, target, reduction=self.reduction)
/home/mburu/Master_Thesis/master-thesis-da/DNN_Trial/models/rtdl_models.py:479: UserWarning: To copy construct from a tensor, it is recommended to use sourceTensor.clone().detach() or sourceTensor.clone().detach().requires_grad_(True), rather than torch.tensor(sourceTensor).
  X = torch.tensor(X, dtype=torch.float32).to(self.device)
/home/mburu/anaconda3/envs/TabSurvey/lib/python3.8/site-packages/torch/nn/modules/loss.py:535: UserWarning: Using a target size (torch.Size([46])) that is different to the input size (torch.Size([46, 1])). This will likely lead to incorrect results due to broadcasting. Please ensure they have the same size.
  return F.mse_loss(input, target, reduction=self.reduction)
/home/mburu/anaconda3/envs/TabSurvey/lib/python3.8/site-packages/torch/nn/modules/loss.py:535: UserWarning: Using a target size (torch.Size([57])) that is different to the input size (torch.Size([57, 1])). This will likely lead to incorrect results due to broadcasting. Please ensure they have the same size.
  return F.mse_loss(input, target, reduction=self.reduction)
/home/mburu/anaconda3/envs/TabSurvey/lib/python3.8/site-packages/torch/nn/modules/loss.py:535: UserWarning: Using a target size (torch.Size([128])) that is different to the input size (torch.Size([128, 1])). This will likely lead to incorrect results due to broadcasting. Please ensure they have the same size.
  return F.mse_loss(input, target, reduction=self.reduction)
/home/mburu/Master_Thesis/master-thesis-da/DNN_Trial/models/rtdl_models.py:479: UserWarning: To copy construct from a tensor, it is recommended to use sourceTensor.clone().detach() or sourceTensor.clone().detach().requires_grad_(True), rather than torch.tensor(sourceTensor).
  X = torch.tensor(X, dtype=torch.float32).to(self.device)
/home/mburu/anaconda3/envs/TabSurvey/lib/python3.8/site-packages/torch/nn/modules/loss.py:535: UserWarning: Using a target size (torch.Size([46])) that is different to the input size (torch.Size([46, 1])). This will likely lead to incorrect results due to broadcasting. Please ensure they have the same size.
  return F.mse_loss(input, target, reduction=self.reduction)
/home/mburu/anaconda3/envs/TabSurvey/lib/python3.8/site-packages/torch/nn/modules/loss.py:535: UserWarning: Using a target size (torch.Size([57])) that is different to the input size (torch.Size([57, 1])). This will likely lead to incorrect results due to broadcasting. Please ensure they have the same size.
  return F.mse_loss(input, target, reduction=self.reduction)
/home/mburu/anaconda3/envs/TabSurvey/lib/python3.8/site-packages/torch/nn/modules/loss.py:535: UserWarning: Using a target size (torch.Size([128])) that is different to the input size (torch.Size([128, 1])). This will likely lead to incorrect results due to broadcasting. Please ensure they have the same size.
  return F.mse_loss(input, target, reduction=self.reduction)
/home/mburu/Master_Thesis/master-thesis-da/DNN_Trial/models/rtdl_models.py:479: UserWarning: To copy construct from a tensor, it is recommended to use sourceTensor.clone().detach() or sourceTensor.clone().detach().requires_grad_(True), rather than torch.tensor(sourceTensor).
  X = torch.tensor(X, dtype=torch.float32).to(self.device)
/home/mburu/anaconda3/envs/TabSurvey/lib/python3.8/site-packages/torch/nn/modules/loss.py:535: UserWarning: Using a target size (torch.Size([46])) that is different to the input size (torch.Size([46, 1])). This will likely lead to incorrect results due to broadcasting. Please ensure they have the same size.
  return F.mse_loss(input, target, reduction=self.reduction)
/home/mburu/anaconda3/envs/TabSurvey/lib/python3.8/site-packages/torch/nn/modules/loss.py:535: UserWarning: Using a target size (torch.Size([57])) that is different to the input size (torch.Size([57, 1])). This will likely lead to incorrect results due to broadcasting. Please ensure they have the same size.
  return F.mse_loss(input, target, reduction=self.reduction)
[I 2025-05-11 02:53:14,721] Trial 4 finished with value: 98.40198531314527 and parameters: {'learning_rate': 0.007837909586982108, 'weight_decay': 7.3601111536878155e-06}. Best is trial 4 with value: 98.40198531314527.
/home/mburu/anaconda3/envs/TabSurvey/lib/python3.8/site-packages/torch/nn/modules/loss.py:535: UserWarning: Using a target size (torch.Size([128])) that is different to the input size (torch.Size([128, 1])). This will likely lead to incorrect results due to broadcasting. Please ensure they have the same size.
  return F.mse_loss(input, target, reduction=self.reduction)
/home/mburu/Master_Thesis/master-thesis-da/DNN_Trial/models/rtdl_models.py:479: UserWarning: To copy construct from a tensor, it is recommended to use sourceTensor.clone().detach() or sourceTensor.clone().detach().requires_grad_(True), rather than torch.tensor(sourceTensor).
  X = torch.tensor(X, dtype=torch.float32).to(self.device)
/home/mburu/anaconda3/envs/TabSurvey/lib/python3.8/site-packages/torch/nn/modules/loss.py:535: UserWarning: Using a target size (torch.Size([57])) that is different to the input size (torch.Size([57, 1])). This will likely lead to incorrect results due to broadcasting. Please ensure they have the same size.
  return F.mse_loss(input, target, reduction=self.reduction)
/home/mburu/anaconda3/envs/TabSurvey/lib/python3.8/site-packages/torch/nn/modules/loss.py:535: UserWarning: Using a target size (torch.Size([103])) that is different to the input size (torch.Size([103, 1])). This will likely lead to incorrect results due to broadcasting. Please ensure they have the same size.
  return F.mse_loss(input, target, reduction=self.reduction)
[I 2025-05-11 02:53:14,809] A new study created in memory with name: FTTransformer_Sensory_outer5
/home/mburu/anaconda3/envs/TabSurvey/lib/python3.8/site-packages/torch/nn/modules/loss.py:535: UserWarning: Using a target size (torch.Size([128])) that is different to the input size (torch.Size([128, 1])). This will likely lead to incorrect results due to broadcasting. Please ensure they have the same size.
  return F.mse_loss(input, target, reduction=self.reduction)
/home/mburu/Master_Thesis/master-thesis-da/DNN_Trial/models/rtdl_models.py:479: UserWarning: To copy construct from a tensor, it is recommended to use sourceTensor.clone().detach() or sourceTensor.clone().detach().requires_grad_(True), rather than torch.tensor(sourceTensor).
  X = torch.tensor(X, dtype=torch.float32).to(self.device)
/home/mburu/anaconda3/envs/TabSurvey/lib/python3.8/site-packages/torch/nn/modules/loss.py:535: UserWarning: Using a target size (torch.Size([47])) that is different to the input size (torch.Size([47, 1])). This will likely lead to incorrect results due to broadcasting. Please ensure they have the same size.
  return F.mse_loss(input, target, reduction=self.reduction)
/home/mburu/anaconda3/envs/TabSurvey/lib/python3.8/site-packages/torch/nn/modules/loss.py:535: UserWarning: Using a target size (torch.Size([56])) that is different to the input size (torch.Size([56, 1])). This will likely lead to incorrect results due to broadcasting. Please ensure they have the same size.
  return F.mse_loss(input, target, reduction=self.reduction)
/home/mburu/anaconda3/envs/TabSurvey/lib/python3.8/site-packages/torch/nn/modules/loss.py:535: UserWarning: Using a target size (torch.Size([128])) that is different to the input size (torch.Size([128, 1])). This will likely lead to incorrect results due to broadcasting. Please ensure they have the same size.
  return F.mse_loss(input, target, reduction=self.reduction)
/home/mburu/Master_Thesis/master-thesis-da/DNN_Trial/models/rtdl_models.py:479: UserWarning: To copy construct from a tensor, it is recommended to use sourceTensor.clone().detach() or sourceTensor.clone().detach().requires_grad_(True), rather than torch.tensor(sourceTensor).
  X = torch.tensor(X, dtype=torch.float32).to(self.device)
/home/mburu/anaconda3/envs/TabSurvey/lib/python3.8/site-packages/torch/nn/modules/loss.py:535: UserWarning: Using a target size (torch.Size([46])) that is different to the input size (torch.Size([46, 1])). This will likely lead to incorrect results due to broadcasting. Please ensure they have the same size.
  return F.mse_loss(input, target, reduction=self.reduction)
/home/mburu/anaconda3/envs/TabSurvey/lib/python3.8/site-packages/torch/nn/modules/loss.py:535: UserWarning: Using a target size (torch.Size([57])) that is different to the input size (torch.Size([57, 1])). This will likely lead to incorrect results due to broadcasting. Please ensure they have the same size.
  return F.mse_loss(input, target, reduction=self.reduction)
/home/mburu/anaconda3/envs/TabSurvey/lib/python3.8/site-packages/torch/nn/modules/loss.py:535: UserWarning: Using a target size (torch.Size([128])) that is different to the input size (torch.Size([128, 1])). This will likely lead to incorrect results due to broadcasting. Please ensure they have the same size.
  return F.mse_loss(input, target, reduction=self.reduction)
/home/mburu/Master_Thesis/master-thesis-da/DNN_Trial/models/rtdl_models.py:479: UserWarning: To copy construct from a tensor, it is recommended to use sourceTensor.clone().detach() or sourceTensor.clone().detach().requires_grad_(True), rather than torch.tensor(sourceTensor).
  X = torch.tensor(X, dtype=torch.float32).to(self.device)
/home/mburu/anaconda3/envs/TabSurvey/lib/python3.8/site-packages/torch/nn/modules/loss.py:535: UserWarning: Using a target size (torch.Size([46])) that is different to the input size (torch.Size([46, 1])). This will likely lead to incorrect results due to broadcasting. Please ensure they have the same size.
  return F.mse_loss(input, target, reduction=self.reduction)
/home/mburu/anaconda3/envs/TabSurvey/lib/python3.8/site-packages/torch/nn/modules/loss.py:535: UserWarning: Using a target size (torch.Size([57])) that is different to the input size (torch.Size([57, 1])). This will likely lead to incorrect results due to broadcasting. Please ensure they have the same size.
  return F.mse_loss(input, target, reduction=self.reduction)
/home/mburu/anaconda3/envs/TabSurvey/lib/python3.8/site-packages/torch/nn/modules/loss.py:535: UserWarning: Using a target size (torch.Size([128])) that is different to the input size (torch.Size([128, 1])). This will likely lead to incorrect results due to broadcasting. Please ensure they have the same size.
  return F.mse_loss(input, target, reduction=self.reduction)
/home/mburu/Master_Thesis/master-thesis-da/DNN_Trial/models/rtdl_models.py:479: UserWarning: To copy construct from a tensor, it is recommended to use sourceTensor.clone().detach() or sourceTensor.clone().detach().requires_grad_(True), rather than torch.tensor(sourceTensor).
  X = torch.tensor(X, dtype=torch.float32).to(self.device)
/home/mburu/anaconda3/envs/TabSurvey/lib/python3.8/site-packages/torch/nn/modules/loss.py:535: UserWarning: Using a target size (torch.Size([46])) that is different to the input size (torch.Size([46, 1])). This will likely lead to incorrect results due to broadcasting. Please ensure they have the same size.
  return F.mse_loss(input, target, reduction=self.reduction)
/home/mburu/anaconda3/envs/TabSurvey/lib/python3.8/site-packages/torch/nn/modules/loss.py:535: UserWarning: Using a target size (torch.Size([57])) that is different to the input size (torch.Size([57, 1])). This will likely lead to incorrect results due to broadcasting. Please ensure they have the same size.
  return F.mse_loss(input, target, reduction=self.reduction)
/home/mburu/anaconda3/envs/TabSurvey/lib/python3.8/site-packages/torch/nn/modules/loss.py:535: UserWarning: Using a target size (torch.Size([128])) that is different to the input size (torch.Size([128, 1])). This will likely lead to incorrect results due to broadcasting. Please ensure they have the same size.
  return F.mse_loss(input, target, reduction=self.reduction)
/home/mburu/Master_Thesis/master-thesis-da/DNN_Trial/models/rtdl_models.py:479: UserWarning: To copy construct from a tensor, it is recommended to use sourceTensor.clone().detach() or sourceTensor.clone().detach().requires_grad_(True), rather than torch.tensor(sourceTensor).
  X = torch.tensor(X, dtype=torch.float32).to(self.device)
/home/mburu/anaconda3/envs/TabSurvey/lib/python3.8/site-packages/torch/nn/modules/loss.py:535: UserWarning: Using a target size (torch.Size([46])) that is different to the input size (torch.Size([46, 1])). This will likely lead to incorrect results due to broadcasting. Please ensure they have the same size.
  return F.mse_loss(input, target, reduction=self.reduction)
/home/mburu/anaconda3/envs/TabSurvey/lib/python3.8/site-packages/torch/nn/modules/loss.py:535: UserWarning: Using a target size (torch.Size([57])) that is different to the input size (torch.Size([57, 1])). This will likely lead to incorrect results due to broadcasting. Please ensure they have the same size.
  return F.mse_loss(input, target, reduction=self.reduction)
[I 2025-05-11 02:53:15,199] Trial 0 finished with value: 99.4930871548107 and parameters: {'learning_rate': 0.008884583719530454, 'weight_decay': 1.5044578350603744e-06}. Best is trial 0 with value: 99.4930871548107.
/home/mburu/anaconda3/envs/TabSurvey/lib/python3.8/site-packages/torch/nn/modules/loss.py:535: UserWarning: Using a target size (torch.Size([128])) that is different to the input size (torch.Size([128, 1])). This will likely lead to incorrect results due to broadcasting. Please ensure they have the same size.
  return F.mse_loss(input, target, reduction=self.reduction)
/home/mburu/Master_Thesis/master-thesis-da/DNN_Trial/models/rtdl_models.py:479: UserWarning: To copy construct from a tensor, it is recommended to use sourceTensor.clone().detach() or sourceTensor.clone().detach().requires_grad_(True), rather than torch.tensor(sourceTensor).
  X = torch.tensor(X, dtype=torch.float32).to(self.device)
/home/mburu/anaconda3/envs/TabSurvey/lib/python3.8/site-packages/torch/nn/modules/loss.py:535: UserWarning: Using a target size (torch.Size([47])) that is different to the input size (torch.Size([47, 1])). This will likely lead to incorrect results due to broadcasting. Please ensure they have the same size.
  return F.mse_loss(input, target, reduction=self.reduction)
/home/mburu/anaconda3/envs/TabSurvey/lib/python3.8/site-packages/torch/nn/modules/loss.py:535: UserWarning: Using a target size (torch.Size([56])) that is different to the input size (torch.Size([56, 1])). This will likely lead to incorrect results due to broadcasting. Please ensure they have the same size.
  return F.mse_loss(input, target, reduction=self.reduction)
/home/mburu/anaconda3/envs/TabSurvey/lib/python3.8/site-packages/torch/nn/modules/loss.py:535: UserWarning: Using a target size (torch.Size([128])) that is different to the input size (torch.Size([128, 1])). This will likely lead to incorrect results due to broadcasting. Please ensure they have the same size.
  return F.mse_loss(input, target, reduction=self.reduction)
/home/mburu/Master_Thesis/master-thesis-da/DNN_Trial/models/rtdl_models.py:479: UserWarning: To copy construct from a tensor, it is recommended to use sourceTensor.clone().detach() or sourceTensor.clone().detach().requires_grad_(True), rather than torch.tensor(sourceTensor).
  X = torch.tensor(X, dtype=torch.float32).to(self.device)
/home/mburu/anaconda3/envs/TabSurvey/lib/python3.8/site-packages/torch/nn/modules/loss.py:535: UserWarning: Using a target size (torch.Size([46])) that is different to the input size (torch.Size([46, 1])). This will likely lead to incorrect results due to broadcasting. Please ensure they have the same size.
  return F.mse_loss(input, target, reduction=self.reduction)
/home/mburu/anaconda3/envs/TabSurvey/lib/python3.8/site-packages/torch/nn/modules/loss.py:535: UserWarning: Using a target size (torch.Size([57])) that is different to the input size (torch.Size([57, 1])). This will likely lead to incorrect results due to broadcasting. Please ensure they have the same size.
  return F.mse_loss(input, target, reduction=self.reduction)
/home/mburu/anaconda3/envs/TabSurvey/lib/python3.8/site-packages/torch/nn/modules/loss.py:535: UserWarning: Using a target size (torch.Size([128])) that is different to the input size (torch.Size([128, 1])). This will likely lead to incorrect results due to broadcasting. Please ensure they have the same size.
  return F.mse_loss(input, target, reduction=self.reduction)
/home/mburu/Master_Thesis/master-thesis-da/DNN_Trial/models/rtdl_models.py:479: UserWarning: To copy construct from a tensor, it is recommended to use sourceTensor.clone().detach() or sourceTensor.clone().detach().requires_grad_(True), rather than torch.tensor(sourceTensor).
  X = torch.tensor(X, dtype=torch.float32).to(self.device)
/home/mburu/anaconda3/envs/TabSurvey/lib/python3.8/site-packages/torch/nn/modules/loss.py:535: UserWarning: Using a target size (torch.Size([46])) that is different to the input size (torch.Size([46, 1])). This will likely lead to incorrect results due to broadcasting. Please ensure they have the same size.
  return F.mse_loss(input, target, reduction=self.reduction)
/home/mburu/anaconda3/envs/TabSurvey/lib/python3.8/site-packages/torch/nn/modules/loss.py:535: UserWarning: Using a target size (torch.Size([57])) that is different to the input size (torch.Size([57, 1])). This will likely lead to incorrect results due to broadcasting. Please ensure they have the same size.
  return F.mse_loss(input, target, reduction=self.reduction)
/home/mburu/anaconda3/envs/TabSurvey/lib/python3.8/site-packages/torch/nn/modules/loss.py:535: UserWarning: Using a target size (torch.Size([128])) that is different to the input size (torch.Size([128, 1])). This will likely lead to incorrect results due to broadcasting. Please ensure they have the same size.
  return F.mse_loss(input, target, reduction=self.reduction)
/home/mburu/Master_Thesis/master-thesis-da/DNN_Trial/models/rtdl_models.py:479: UserWarning: To copy construct from a tensor, it is recommended to use sourceTensor.clone().detach() or sourceTensor.clone().detach().requires_grad_(True), rather than torch.tensor(sourceTensor).
  X = torch.tensor(X, dtype=torch.float32).to(self.device)
/home/mburu/anaconda3/envs/TabSurvey/lib/python3.8/site-packages/torch/nn/modules/loss.py:535: UserWarning: Using a target size (torch.Size([46])) that is different to the input size (torch.Size([46, 1])). This will likely lead to incorrect results due to broadcasting. Please ensure they have the same size.
  return F.mse_loss(input, target, reduction=self.reduction)
/home/mburu/anaconda3/envs/TabSurvey/lib/python3.8/site-packages/torch/nn/modules/loss.py:535: UserWarning: Using a target size (torch.Size([57])) that is different to the input size (torch.Size([57, 1])). This will likely lead to incorrect results due to broadcasting. Please ensure they have the same size.
  return F.mse_loss(input, target, reduction=self.reduction)
/home/mburu/anaconda3/envs/TabSurvey/lib/python3.8/site-packages/torch/nn/modules/loss.py:535: UserWarning: Using a target size (torch.Size([128])) that is different to the input size (torch.Size([128, 1])). This will likely lead to incorrect results due to broadcasting. Please ensure they have the same size.
  return F.mse_loss(input, target, reduction=self.reduction)
/home/mburu/Master_Thesis/master-thesis-da/DNN_Trial/models/rtdl_models.py:479: UserWarning: To copy construct from a tensor, it is recommended to use sourceTensor.clone().detach() or sourceTensor.clone().detach().requires_grad_(True), rather than torch.tensor(sourceTensor).
  X = torch.tensor(X, dtype=torch.float32).to(self.device)
/home/mburu/anaconda3/envs/TabSurvey/lib/python3.8/site-packages/torch/nn/modules/loss.py:535: UserWarning: Using a target size (torch.Size([46])) that is different to the input size (torch.Size([46, 1])). This will likely lead to incorrect results due to broadcasting. Please ensure they have the same size.
  return F.mse_loss(input, target, reduction=self.reduction)
/home/mburu/anaconda3/envs/TabSurvey/lib/python3.8/site-packages/torch/nn/modules/loss.py:535: UserWarning: Using a target size (torch.Size([57])) that is different to the input size (torch.Size([57, 1])). This will likely lead to incorrect results due to broadcasting. Please ensure they have the same size.
  return F.mse_loss(input, target, reduction=self.reduction)
[I 2025-05-11 02:53:15,598] Trial 1 finished with value: 120.0417421875514 and parameters: {'learning_rate': 0.0032124745820775596, 'weight_decay': 0.0029439815546212964}. Best is trial 0 with value: 99.4930871548107.
/home/mburu/anaconda3/envs/TabSurvey/lib/python3.8/site-packages/torch/nn/modules/loss.py:535: UserWarning: Using a target size (torch.Size([128])) that is different to the input size (torch.Size([128, 1])). This will likely lead to incorrect results due to broadcasting. Please ensure they have the same size.
  return F.mse_loss(input, target, reduction=self.reduction)
/home/mburu/Master_Thesis/master-thesis-da/DNN_Trial/models/rtdl_models.py:479: UserWarning: To copy construct from a tensor, it is recommended to use sourceTensor.clone().detach() or sourceTensor.clone().detach().requires_grad_(True), rather than torch.tensor(sourceTensor).
  X = torch.tensor(X, dtype=torch.float32).to(self.device)
/home/mburu/anaconda3/envs/TabSurvey/lib/python3.8/site-packages/torch/nn/modules/loss.py:535: UserWarning: Using a target size (torch.Size([47])) that is different to the input size (torch.Size([47, 1])). This will likely lead to incorrect results due to broadcasting. Please ensure they have the same size.
  return F.mse_loss(input, target, reduction=self.reduction)
/home/mburu/anaconda3/envs/TabSurvey/lib/python3.8/site-packages/torch/nn/modules/loss.py:535: UserWarning: Using a target size (torch.Size([56])) that is different to the input size (torch.Size([56, 1])). This will likely lead to incorrect results due to broadcasting. Please ensure they have the same size.
  return F.mse_loss(input, target, reduction=self.reduction)
/home/mburu/anaconda3/envs/TabSurvey/lib/python3.8/site-packages/torch/nn/modules/loss.py:535: UserWarning: Using a target size (torch.Size([128])) that is different to the input size (torch.Size([128, 1])). This will likely lead to incorrect results due to broadcasting. Please ensure they have the same size.
  return F.mse_loss(input, target, reduction=self.reduction)
/home/mburu/Master_Thesis/master-thesis-da/DNN_Trial/models/rtdl_models.py:479: UserWarning: To copy construct from a tensor, it is recommended to use sourceTensor.clone().detach() or sourceTensor.clone().detach().requires_grad_(True), rather than torch.tensor(sourceTensor).
  X = torch.tensor(X, dtype=torch.float32).to(self.device)
/home/mburu/anaconda3/envs/TabSurvey/lib/python3.8/site-packages/torch/nn/modules/loss.py:535: UserWarning: Using a target size (torch.Size([46])) that is different to the input size (torch.Size([46, 1])). This will likely lead to incorrect results due to broadcasting. Please ensure they have the same size.
  return F.mse_loss(input, target, reduction=self.reduction)
/home/mburu/anaconda3/envs/TabSurvey/lib/python3.8/site-packages/torch/nn/modules/loss.py:535: UserWarning: Using a target size (torch.Size([57])) that is different to the input size (torch.Size([57, 1])). This will likely lead to incorrect results due to broadcasting. Please ensure they have the same size.
  return F.mse_loss(input, target, reduction=self.reduction)
/home/mburu/anaconda3/envs/TabSurvey/lib/python3.8/site-packages/torch/nn/modules/loss.py:535: UserWarning: Using a target size (torch.Size([128])) that is different to the input size (torch.Size([128, 1])). This will likely lead to incorrect results due to broadcasting. Please ensure they have the same size.
  return F.mse_loss(input, target, reduction=self.reduction)
/home/mburu/Master_Thesis/master-thesis-da/DNN_Trial/models/rtdl_models.py:479: UserWarning: To copy construct from a tensor, it is recommended to use sourceTensor.clone().detach() or sourceTensor.clone().detach().requires_grad_(True), rather than torch.tensor(sourceTensor).
  X = torch.tensor(X, dtype=torch.float32).to(self.device)
/home/mburu/anaconda3/envs/TabSurvey/lib/python3.8/site-packages/torch/nn/modules/loss.py:535: UserWarning: Using a target size (torch.Size([46])) that is different to the input size (torch.Size([46, 1])). This will likely lead to incorrect results due to broadcasting. Please ensure they have the same size.
  return F.mse_loss(input, target, reduction=self.reduction)
/home/mburu/anaconda3/envs/TabSurvey/lib/python3.8/site-packages/torch/nn/modules/loss.py:535: UserWarning: Using a target size (torch.Size([57])) that is different to the input size (torch.Size([57, 1])). This will likely lead to incorrect results due to broadcasting. Please ensure they have the same size.
  return F.mse_loss(input, target, reduction=self.reduction)
/home/mburu/anaconda3/envs/TabSurvey/lib/python3.8/site-packages/torch/nn/modules/loss.py:535: UserWarning: Using a target size (torch.Size([128])) that is different to the input size (torch.Size([128, 1])). This will likely lead to incorrect results due to broadcasting. Please ensure they have the same size.
  return F.mse_loss(input, target, reduction=self.reduction)
/home/mburu/Master_Thesis/master-thesis-da/DNN_Trial/models/rtdl_models.py:479: UserWarning: To copy construct from a tensor, it is recommended to use sourceTensor.clone().detach() or sourceTensor.clone().detach().requires_grad_(True), rather than torch.tensor(sourceTensor).
  X = torch.tensor(X, dtype=torch.float32).to(self.device)
/home/mburu/anaconda3/envs/TabSurvey/lib/python3.8/site-packages/torch/nn/modules/loss.py:535: UserWarning: Using a target size (torch.Size([46])) that is different to the input size (torch.Size([46, 1])). This will likely lead to incorrect results due to broadcasting. Please ensure they have the same size.
  return F.mse_loss(input, target, reduction=self.reduction)
/home/mburu/anaconda3/envs/TabSurvey/lib/python3.8/site-packages/torch/nn/modules/loss.py:535: UserWarning: Using a target size (torch.Size([57])) that is different to the input size (torch.Size([57, 1])). This will likely lead to incorrect results due to broadcasting. Please ensure they have the same size.
  return F.mse_loss(input, target, reduction=self.reduction)
/home/mburu/anaconda3/envs/TabSurvey/lib/python3.8/site-packages/torch/nn/modules/loss.py:535: UserWarning: Using a target size (torch.Size([128])) that is different to the input size (torch.Size([128, 1])). This will likely lead to incorrect results due to broadcasting. Please ensure they have the same size.
  return F.mse_loss(input, target, reduction=self.reduction)
/home/mburu/Master_Thesis/master-thesis-da/DNN_Trial/models/rtdl_models.py:479: UserWarning: To copy construct from a tensor, it is recommended to use sourceTensor.clone().detach() or sourceTensor.clone().detach().requires_grad_(True), rather than torch.tensor(sourceTensor).
  X = torch.tensor(X, dtype=torch.float32).to(self.device)
/home/mburu/anaconda3/envs/TabSurvey/lib/python3.8/site-packages/torch/nn/modules/loss.py:535: UserWarning: Using a target size (torch.Size([46])) that is different to the input size (torch.Size([46, 1])). This will likely lead to incorrect results due to broadcasting. Please ensure they have the same size.
  return F.mse_loss(input, target, reduction=self.reduction)
/home/mburu/anaconda3/envs/TabSurvey/lib/python3.8/site-packages/torch/nn/modules/loss.py:535: UserWarning: Using a target size (torch.Size([57])) that is different to the input size (torch.Size([57, 1])). This will likely lead to incorrect results due to broadcasting. Please ensure they have the same size.
  return F.mse_loss(input, target, reduction=self.reduction)
[I 2025-05-11 02:53:15,990] Trial 2 finished with value: 126.79221305307415 and parameters: {'learning_rate': 0.0017726985291260037, 'weight_decay': 0.0005495134338189734}. Best is trial 0 with value: 99.4930871548107.
/home/mburu/anaconda3/envs/TabSurvey/lib/python3.8/site-packages/torch/nn/modules/loss.py:535: UserWarning: Using a target size (torch.Size([128])) that is different to the input size (torch.Size([128, 1])). This will likely lead to incorrect results due to broadcasting. Please ensure they have the same size.
  return F.mse_loss(input, target, reduction=self.reduction)
/home/mburu/Master_Thesis/master-thesis-da/DNN_Trial/models/rtdl_models.py:479: UserWarning: To copy construct from a tensor, it is recommended to use sourceTensor.clone().detach() or sourceTensor.clone().detach().requires_grad_(True), rather than torch.tensor(sourceTensor).
  X = torch.tensor(X, dtype=torch.float32).to(self.device)
/home/mburu/anaconda3/envs/TabSurvey/lib/python3.8/site-packages/torch/nn/modules/loss.py:535: UserWarning: Using a target size (torch.Size([47])) that is different to the input size (torch.Size([47, 1])). This will likely lead to incorrect results due to broadcasting. Please ensure they have the same size.
  return F.mse_loss(input, target, reduction=self.reduction)
/home/mburu/anaconda3/envs/TabSurvey/lib/python3.8/site-packages/torch/nn/modules/loss.py:535: UserWarning: Using a target size (torch.Size([56])) that is different to the input size (torch.Size([56, 1])). This will likely lead to incorrect results due to broadcasting. Please ensure they have the same size.
  return F.mse_loss(input, target, reduction=self.reduction)
/home/mburu/anaconda3/envs/TabSurvey/lib/python3.8/site-packages/torch/nn/modules/loss.py:535: UserWarning: Using a target size (torch.Size([128])) that is different to the input size (torch.Size([128, 1])). This will likely lead to incorrect results due to broadcasting. Please ensure they have the same size.
  return F.mse_loss(input, target, reduction=self.reduction)
/home/mburu/Master_Thesis/master-thesis-da/DNN_Trial/models/rtdl_models.py:479: UserWarning: To copy construct from a tensor, it is recommended to use sourceTensor.clone().detach() or sourceTensor.clone().detach().requires_grad_(True), rather than torch.tensor(sourceTensor).
  X = torch.tensor(X, dtype=torch.float32).to(self.device)
/home/mburu/anaconda3/envs/TabSurvey/lib/python3.8/site-packages/torch/nn/modules/loss.py:535: UserWarning: Using a target size (torch.Size([46])) that is different to the input size (torch.Size([46, 1])). This will likely lead to incorrect results due to broadcasting. Please ensure they have the same size.
  return F.mse_loss(input, target, reduction=self.reduction)
/home/mburu/anaconda3/envs/TabSurvey/lib/python3.8/site-packages/torch/nn/modules/loss.py:535: UserWarning: Using a target size (torch.Size([57])) that is different to the input size (torch.Size([57, 1])). This will likely lead to incorrect results due to broadcasting. Please ensure they have the same size.
  return F.mse_loss(input, target, reduction=self.reduction)
/home/mburu/anaconda3/envs/TabSurvey/lib/python3.8/site-packages/torch/nn/modules/loss.py:535: UserWarning: Using a target size (torch.Size([128])) that is different to the input size (torch.Size([128, 1])). This will likely lead to incorrect results due to broadcasting. Please ensure they have the same size.
  return F.mse_loss(input, target, reduction=self.reduction)
/home/mburu/Master_Thesis/master-thesis-da/DNN_Trial/models/rtdl_models.py:479: UserWarning: To copy construct from a tensor, it is recommended to use sourceTensor.clone().detach() or sourceTensor.clone().detach().requires_grad_(True), rather than torch.tensor(sourceTensor).
  X = torch.tensor(X, dtype=torch.float32).to(self.device)
/home/mburu/anaconda3/envs/TabSurvey/lib/python3.8/site-packages/torch/nn/modules/loss.py:535: UserWarning: Using a target size (torch.Size([46])) that is different to the input size (torch.Size([46, 1])). This will likely lead to incorrect results due to broadcasting. Please ensure they have the same size.
  return F.mse_loss(input, target, reduction=self.reduction)
/home/mburu/anaconda3/envs/TabSurvey/lib/python3.8/site-packages/torch/nn/modules/loss.py:535: UserWarning: Using a target size (torch.Size([57])) that is different to the input size (torch.Size([57, 1])). This will likely lead to incorrect results due to broadcasting. Please ensure they have the same size.
  return F.mse_loss(input, target, reduction=self.reduction)
/home/mburu/anaconda3/envs/TabSurvey/lib/python3.8/site-packages/torch/nn/modules/loss.py:535: UserWarning: Using a target size (torch.Size([128])) that is different to the input size (torch.Size([128, 1])). This will likely lead to incorrect results due to broadcasting. Please ensure they have the same size.
  return F.mse_loss(input, target, reduction=self.reduction)
/home/mburu/Master_Thesis/master-thesis-da/DNN_Trial/models/rtdl_models.py:479: UserWarning: To copy construct from a tensor, it is recommended to use sourceTensor.clone().detach() or sourceTensor.clone().detach().requires_grad_(True), rather than torch.tensor(sourceTensor).
  X = torch.tensor(X, dtype=torch.float32).to(self.device)
/home/mburu/anaconda3/envs/TabSurvey/lib/python3.8/site-packages/torch/nn/modules/loss.py:535: UserWarning: Using a target size (torch.Size([46])) that is different to the input size (torch.Size([46, 1])). This will likely lead to incorrect results due to broadcasting. Please ensure they have the same size.
  return F.mse_loss(input, target, reduction=self.reduction)
/home/mburu/anaconda3/envs/TabSurvey/lib/python3.8/site-packages/torch/nn/modules/loss.py:535: UserWarning: Using a target size (torch.Size([57])) that is different to the input size (torch.Size([57, 1])). This will likely lead to incorrect results due to broadcasting. Please ensure they have the same size.
  return F.mse_loss(input, target, reduction=self.reduction)
/home/mburu/anaconda3/envs/TabSurvey/lib/python3.8/site-packages/torch/nn/modules/loss.py:535: UserWarning: Using a target size (torch.Size([128])) that is different to the input size (torch.Size([128, 1])). This will likely lead to incorrect results due to broadcasting. Please ensure they have the same size.
  return F.mse_loss(input, target, reduction=self.reduction)
/home/mburu/Master_Thesis/master-thesis-da/DNN_Trial/models/rtdl_models.py:479: UserWarning: To copy construct from a tensor, it is recommended to use sourceTensor.clone().detach() or sourceTensor.clone().detach().requires_grad_(True), rather than torch.tensor(sourceTensor).
  X = torch.tensor(X, dtype=torch.float32).to(self.device)
/home/mburu/anaconda3/envs/TabSurvey/lib/python3.8/site-packages/torch/nn/modules/loss.py:535: UserWarning: Using a target size (torch.Size([46])) that is different to the input size (torch.Size([46, 1])). This will likely lead to incorrect results due to broadcasting. Please ensure they have the same size.
  return F.mse_loss(input, target, reduction=self.reduction)
/home/mburu/anaconda3/envs/TabSurvey/lib/python3.8/site-packages/torch/nn/modules/loss.py:535: UserWarning: Using a target size (torch.Size([57])) that is different to the input size (torch.Size([57, 1])). This will likely lead to incorrect results due to broadcasting. Please ensure they have the same size.
  return F.mse_loss(input, target, reduction=self.reduction)
[I 2025-05-11 02:53:16,385] Trial 3 finished with value: 152.7034305850111 and parameters: {'learning_rate': 0.0002511437148755446, 'weight_decay': 1.4568270240382301e-05}. Best is trial 0 with value: 99.4930871548107.
/home/mburu/anaconda3/envs/TabSurvey/lib/python3.8/site-packages/torch/nn/modules/loss.py:535: UserWarning: Using a target size (torch.Size([128])) that is different to the input size (torch.Size([128, 1])). This will likely lead to incorrect results due to broadcasting. Please ensure they have the same size.
  return F.mse_loss(input, target, reduction=self.reduction)
/home/mburu/Master_Thesis/master-thesis-da/DNN_Trial/models/rtdl_models.py:479: UserWarning: To copy construct from a tensor, it is recommended to use sourceTensor.clone().detach() or sourceTensor.clone().detach().requires_grad_(True), rather than torch.tensor(sourceTensor).
  X = torch.tensor(X, dtype=torch.float32).to(self.device)
/home/mburu/anaconda3/envs/TabSurvey/lib/python3.8/site-packages/torch/nn/modules/loss.py:535: UserWarning: Using a target size (torch.Size([47])) that is different to the input size (torch.Size([47, 1])). This will likely lead to incorrect results due to broadcasting. Please ensure they have the same size.
  return F.mse_loss(input, target, reduction=self.reduction)
/home/mburu/anaconda3/envs/TabSurvey/lib/python3.8/site-packages/torch/nn/modules/loss.py:535: UserWarning: Using a target size (torch.Size([56])) that is different to the input size (torch.Size([56, 1])). This will likely lead to incorrect results due to broadcasting. Please ensure they have the same size.
  return F.mse_loss(input, target, reduction=self.reduction)
/home/mburu/anaconda3/envs/TabSurvey/lib/python3.8/site-packages/torch/nn/modules/loss.py:535: UserWarning: Using a target size (torch.Size([128])) that is different to the input size (torch.Size([128, 1])). This will likely lead to incorrect results due to broadcasting. Please ensure they have the same size.
  return F.mse_loss(input, target, reduction=self.reduction)
/home/mburu/Master_Thesis/master-thesis-da/DNN_Trial/models/rtdl_models.py:479: UserWarning: To copy construct from a tensor, it is recommended to use sourceTensor.clone().detach() or sourceTensor.clone().detach().requires_grad_(True), rather than torch.tensor(sourceTensor).
  X = torch.tensor(X, dtype=torch.float32).to(self.device)
/home/mburu/anaconda3/envs/TabSurvey/lib/python3.8/site-packages/torch/nn/modules/loss.py:535: UserWarning: Using a target size (torch.Size([46])) that is different to the input size (torch.Size([46, 1])). This will likely lead to incorrect results due to broadcasting. Please ensure they have the same size.
  return F.mse_loss(input, target, reduction=self.reduction)
/home/mburu/anaconda3/envs/TabSurvey/lib/python3.8/site-packages/torch/nn/modules/loss.py:535: UserWarning: Using a target size (torch.Size([57])) that is different to the input size (torch.Size([57, 1])). This will likely lead to incorrect results due to broadcasting. Please ensure they have the same size.
  return F.mse_loss(input, target, reduction=self.reduction)
/home/mburu/anaconda3/envs/TabSurvey/lib/python3.8/site-packages/torch/nn/modules/loss.py:535: UserWarning: Using a target size (torch.Size([128])) that is different to the input size (torch.Size([128, 1])). This will likely lead to incorrect results due to broadcasting. Please ensure they have the same size.
  return F.mse_loss(input, target, reduction=self.reduction)
/home/mburu/Master_Thesis/master-thesis-da/DNN_Trial/models/rtdl_models.py:479: UserWarning: To copy construct from a tensor, it is recommended to use sourceTensor.clone().detach() or sourceTensor.clone().detach().requires_grad_(True), rather than torch.tensor(sourceTensor).
  X = torch.tensor(X, dtype=torch.float32).to(self.device)
/home/mburu/anaconda3/envs/TabSurvey/lib/python3.8/site-packages/torch/nn/modules/loss.py:535: UserWarning: Using a target size (torch.Size([46])) that is different to the input size (torch.Size([46, 1])). This will likely lead to incorrect results due to broadcasting. Please ensure they have the same size.
  return F.mse_loss(input, target, reduction=self.reduction)
/home/mburu/anaconda3/envs/TabSurvey/lib/python3.8/site-packages/torch/nn/modules/loss.py:535: UserWarning: Using a target size (torch.Size([57])) that is different to the input size (torch.Size([57, 1])). This will likely lead to incorrect results due to broadcasting. Please ensure they have the same size.
  return F.mse_loss(input, target, reduction=self.reduction)
/home/mburu/anaconda3/envs/TabSurvey/lib/python3.8/site-packages/torch/nn/modules/loss.py:535: UserWarning: Using a target size (torch.Size([128])) that is different to the input size (torch.Size([128, 1])). This will likely lead to incorrect results due to broadcasting. Please ensure they have the same size.
  return F.mse_loss(input, target, reduction=self.reduction)
/home/mburu/Master_Thesis/master-thesis-da/DNN_Trial/models/rtdl_models.py:479: UserWarning: To copy construct from a tensor, it is recommended to use sourceTensor.clone().detach() or sourceTensor.clone().detach().requires_grad_(True), rather than torch.tensor(sourceTensor).
  X = torch.tensor(X, dtype=torch.float32).to(self.device)
/home/mburu/anaconda3/envs/TabSurvey/lib/python3.8/site-packages/torch/nn/modules/loss.py:535: UserWarning: Using a target size (torch.Size([46])) that is different to the input size (torch.Size([46, 1])). This will likely lead to incorrect results due to broadcasting. Please ensure they have the same size.
  return F.mse_loss(input, target, reduction=self.reduction)
/home/mburu/anaconda3/envs/TabSurvey/lib/python3.8/site-packages/torch/nn/modules/loss.py:535: UserWarning: Using a target size (torch.Size([57])) that is different to the input size (torch.Size([57, 1])). This will likely lead to incorrect results due to broadcasting. Please ensure they have the same size.
  return F.mse_loss(input, target, reduction=self.reduction)
/home/mburu/anaconda3/envs/TabSurvey/lib/python3.8/site-packages/torch/nn/modules/loss.py:535: UserWarning: Using a target size (torch.Size([128])) that is different to the input size (torch.Size([128, 1])). This will likely lead to incorrect results due to broadcasting. Please ensure they have the same size.
  return F.mse_loss(input, target, reduction=self.reduction)
/home/mburu/Master_Thesis/master-thesis-da/DNN_Trial/models/rtdl_models.py:479: UserWarning: To copy construct from a tensor, it is recommended to use sourceTensor.clone().detach() or sourceTensor.clone().detach().requires_grad_(True), rather than torch.tensor(sourceTensor).
  X = torch.tensor(X, dtype=torch.float32).to(self.device)
/home/mburu/anaconda3/envs/TabSurvey/lib/python3.8/site-packages/torch/nn/modules/loss.py:535: UserWarning: Using a target size (torch.Size([46])) that is different to the input size (torch.Size([46, 1])). This will likely lead to incorrect results due to broadcasting. Please ensure they have the same size.
  return F.mse_loss(input, target, reduction=self.reduction)
/home/mburu/anaconda3/envs/TabSurvey/lib/python3.8/site-packages/torch/nn/modules/loss.py:535: UserWarning: Using a target size (torch.Size([57])) that is different to the input size (torch.Size([57, 1])). This will likely lead to incorrect results due to broadcasting. Please ensure they have the same size.
  return F.mse_loss(input, target, reduction=self.reduction)
[I 2025-05-11 02:53:16,769] Trial 4 finished with value: 111.46826783215776 and parameters: {'learning_rate': 0.005853306285930418, 'weight_decay': 0.00019096453167300774}. Best is trial 0 with value: 99.4930871548107.
/home/mburu/anaconda3/envs/TabSurvey/lib/python3.8/site-packages/torch/nn/modules/loss.py:535: UserWarning: Using a target size (torch.Size([128])) that is different to the input size (torch.Size([128, 1])). This will likely lead to incorrect results due to broadcasting. Please ensure they have the same size.
  return F.mse_loss(input, target, reduction=self.reduction)
/home/mburu/Master_Thesis/master-thesis-da/DNN_Trial/models/rtdl_models.py:479: UserWarning: To copy construct from a tensor, it is recommended to use sourceTensor.clone().detach() or sourceTensor.clone().detach().requires_grad_(True), rather than torch.tensor(sourceTensor).
  X = torch.tensor(X, dtype=torch.float32).to(self.device)
/home/mburu/anaconda3/envs/TabSurvey/lib/python3.8/site-packages/torch/nn/modules/loss.py:535: UserWarning: Using a target size (torch.Size([57])) that is different to the input size (torch.Size([57, 1])). This will likely lead to incorrect results due to broadcasting. Please ensure they have the same size.
  return F.mse_loss(input, target, reduction=self.reduction)
/home/mburu/anaconda3/envs/TabSurvey/lib/python3.8/site-packages/torch/nn/modules/loss.py:535: UserWarning: Using a target size (torch.Size([103])) that is different to the input size (torch.Size([103, 1])). This will likely lead to incorrect results due to broadcasting. Please ensure they have the same size.
  return F.mse_loss(input, target, reduction=self.reduction)
[I 2025-05-11 02:53:21,040] A new study created in memory with name: FTTransformer_Moneyball_outer1
/home/mburu/anaconda3/envs/TabSurvey/lib/python3.8/site-packages/torch/nn/modules/loss.py:535: UserWarning: Using a target size (torch.Size([128])) that is different to the input size (torch.Size([128, 1])). This will likely lead to incorrect results due to broadcasting. Please ensure they have the same size.
  return F.mse_loss(input, target, reduction=self.reduction)
/home/mburu/Master_Thesis/master-thesis-da/DNN_Trial/models/rtdl_models.py:479: UserWarning: To copy construct from a tensor, it is recommended to use sourceTensor.clone().detach() or sourceTensor.clone().detach().requires_grad_(True), rather than torch.tensor(sourceTensor).
  X = torch.tensor(X, dtype=torch.float32).to(self.device)
/home/mburu/anaconda3/envs/TabSurvey/lib/python3.8/site-packages/torch/nn/modules/loss.py:535: UserWarning: Using a target size (torch.Size([99])) that is different to the input size (torch.Size([99, 1])). This will likely lead to incorrect results due to broadcasting. Please ensure they have the same size.
  return F.mse_loss(input, target, reduction=self.reduction)
/home/mburu/anaconda3/envs/TabSurvey/lib/python3.8/site-packages/torch/nn/modules/loss.py:535: UserWarning: Using a target size (torch.Size([9])) that is different to the input size (torch.Size([9, 1])). This will likely lead to incorrect results due to broadcasting. Please ensure they have the same size.
  return F.mse_loss(input, target, reduction=self.reduction)
/home/mburu/anaconda3/envs/TabSurvey/lib/python3.8/site-packages/torch/nn/modules/loss.py:535: UserWarning: Using a target size (torch.Size([128])) that is different to the input size (torch.Size([128, 1])). This will likely lead to incorrect results due to broadcasting. Please ensure they have the same size.
  return F.mse_loss(input, target, reduction=self.reduction)
/home/mburu/Master_Thesis/master-thesis-da/DNN_Trial/models/rtdl_models.py:479: UserWarning: To copy construct from a tensor, it is recommended to use sourceTensor.clone().detach() or sourceTensor.clone().detach().requires_grad_(True), rather than torch.tensor(sourceTensor).
  X = torch.tensor(X, dtype=torch.float32).to(self.device)
/home/mburu/anaconda3/envs/TabSurvey/lib/python3.8/site-packages/torch/nn/modules/loss.py:535: UserWarning: Using a target size (torch.Size([99])) that is different to the input size (torch.Size([99, 1])). This will likely lead to incorrect results due to broadcasting. Please ensure they have the same size.
  return F.mse_loss(input, target, reduction=self.reduction)
/home/mburu/anaconda3/envs/TabSurvey/lib/python3.8/site-packages/torch/nn/modules/loss.py:535: UserWarning: Using a target size (torch.Size([9])) that is different to the input size (torch.Size([9, 1])). This will likely lead to incorrect results due to broadcasting. Please ensure they have the same size.
  return F.mse_loss(input, target, reduction=self.reduction)
/home/mburu/anaconda3/envs/TabSurvey/lib/python3.8/site-packages/torch/nn/modules/loss.py:535: UserWarning: Using a target size (torch.Size([128])) that is different to the input size (torch.Size([128, 1])). This will likely lead to incorrect results due to broadcasting. Please ensure they have the same size.
  return F.mse_loss(input, target, reduction=self.reduction)
/home/mburu/Master_Thesis/master-thesis-da/DNN_Trial/models/rtdl_models.py:479: UserWarning: To copy construct from a tensor, it is recommended to use sourceTensor.clone().detach() or sourceTensor.clone().detach().requires_grad_(True), rather than torch.tensor(sourceTensor).
  X = torch.tensor(X, dtype=torch.float32).to(self.device)
/home/mburu/anaconda3/envs/TabSurvey/lib/python3.8/site-packages/torch/nn/modules/loss.py:535: UserWarning: Using a target size (torch.Size([98])) that is different to the input size (torch.Size([98, 1])). This will likely lead to incorrect results due to broadcasting. Please ensure they have the same size.
  return F.mse_loss(input, target, reduction=self.reduction)
/home/mburu/anaconda3/envs/TabSurvey/lib/python3.8/site-packages/torch/nn/modules/loss.py:535: UserWarning: Using a target size (torch.Size([10])) that is different to the input size (torch.Size([10, 1])). This will likely lead to incorrect results due to broadcasting. Please ensure they have the same size.
  return F.mse_loss(input, target, reduction=self.reduction)
/home/mburu/anaconda3/envs/TabSurvey/lib/python3.8/site-packages/torch/nn/modules/loss.py:535: UserWarning: Using a target size (torch.Size([128])) that is different to the input size (torch.Size([128, 1])). This will likely lead to incorrect results due to broadcasting. Please ensure they have the same size.
  return F.mse_loss(input, target, reduction=self.reduction)
/home/mburu/Master_Thesis/master-thesis-da/DNN_Trial/models/rtdl_models.py:479: UserWarning: To copy construct from a tensor, it is recommended to use sourceTensor.clone().detach() or sourceTensor.clone().detach().requires_grad_(True), rather than torch.tensor(sourceTensor).
  X = torch.tensor(X, dtype=torch.float32).to(self.device)
/home/mburu/anaconda3/envs/TabSurvey/lib/python3.8/site-packages/torch/nn/modules/loss.py:535: UserWarning: Using a target size (torch.Size([98])) that is different to the input size (torch.Size([98, 1])). This will likely lead to incorrect results due to broadcasting. Please ensure they have the same size.
  return F.mse_loss(input, target, reduction=self.reduction)
/home/mburu/anaconda3/envs/TabSurvey/lib/python3.8/site-packages/torch/nn/modules/loss.py:535: UserWarning: Using a target size (torch.Size([10])) that is different to the input size (torch.Size([10, 1])). This will likely lead to incorrect results due to broadcasting. Please ensure they have the same size.
  return F.mse_loss(input, target, reduction=self.reduction)
/home/mburu/anaconda3/envs/TabSurvey/lib/python3.8/site-packages/torch/nn/modules/loss.py:535: UserWarning: Using a target size (torch.Size([128])) that is different to the input size (torch.Size([128, 1])). This will likely lead to incorrect results due to broadcasting. Please ensure they have the same size.
  return F.mse_loss(input, target, reduction=self.reduction)
/home/mburu/Master_Thesis/master-thesis-da/DNN_Trial/models/rtdl_models.py:479: UserWarning: To copy construct from a tensor, it is recommended to use sourceTensor.clone().detach() or sourceTensor.clone().detach().requires_grad_(True), rather than torch.tensor(sourceTensor).
  X = torch.tensor(X, dtype=torch.float32).to(self.device)
/home/mburu/anaconda3/envs/TabSurvey/lib/python3.8/site-packages/torch/nn/modules/loss.py:535: UserWarning: Using a target size (torch.Size([98])) that is different to the input size (torch.Size([98, 1])). This will likely lead to incorrect results due to broadcasting. Please ensure they have the same size.
  return F.mse_loss(input, target, reduction=self.reduction)
/home/mburu/anaconda3/envs/TabSurvey/lib/python3.8/site-packages/torch/nn/modules/loss.py:535: UserWarning: Using a target size (torch.Size([10])) that is different to the input size (torch.Size([10, 1])). This will likely lead to incorrect results due to broadcasting. Please ensure they have the same size.
  return F.mse_loss(input, target, reduction=self.reduction)
[I 2025-05-11 02:53:23,032] Trial 0 finished with value: 504256.4159069884 and parameters: {'learning_rate': 2.084928975562723e-05, 'weight_decay': 0.00016781821756041334}. Best is trial 0 with value: 504256.4159069884.
/home/mburu/anaconda3/envs/TabSurvey/lib/python3.8/site-packages/torch/nn/modules/loss.py:535: UserWarning: Using a target size (torch.Size([128])) that is different to the input size (torch.Size([128, 1])). This will likely lead to incorrect results due to broadcasting. Please ensure they have the same size.
  return F.mse_loss(input, target, reduction=self.reduction)
/home/mburu/Master_Thesis/master-thesis-da/DNN_Trial/models/rtdl_models.py:479: UserWarning: To copy construct from a tensor, it is recommended to use sourceTensor.clone().detach() or sourceTensor.clone().detach().requires_grad_(True), rather than torch.tensor(sourceTensor).
  X = torch.tensor(X, dtype=torch.float32).to(self.device)
/home/mburu/anaconda3/envs/TabSurvey/lib/python3.8/site-packages/torch/nn/modules/loss.py:535: UserWarning: Using a target size (torch.Size([99])) that is different to the input size (torch.Size([99, 1])). This will likely lead to incorrect results due to broadcasting. Please ensure they have the same size.
  return F.mse_loss(input, target, reduction=self.reduction)
/home/mburu/anaconda3/envs/TabSurvey/lib/python3.8/site-packages/torch/nn/modules/loss.py:535: UserWarning: Using a target size (torch.Size([9])) that is different to the input size (torch.Size([9, 1])). This will likely lead to incorrect results due to broadcasting. Please ensure they have the same size.
  return F.mse_loss(input, target, reduction=self.reduction)
/home/mburu/anaconda3/envs/TabSurvey/lib/python3.8/site-packages/torch/nn/modules/loss.py:535: UserWarning: Using a target size (torch.Size([128])) that is different to the input size (torch.Size([128, 1])). This will likely lead to incorrect results due to broadcasting. Please ensure they have the same size.
  return F.mse_loss(input, target, reduction=self.reduction)
/home/mburu/Master_Thesis/master-thesis-da/DNN_Trial/models/rtdl_models.py:479: UserWarning: To copy construct from a tensor, it is recommended to use sourceTensor.clone().detach() or sourceTensor.clone().detach().requires_grad_(True), rather than torch.tensor(sourceTensor).
  X = torch.tensor(X, dtype=torch.float32).to(self.device)
/home/mburu/anaconda3/envs/TabSurvey/lib/python3.8/site-packages/torch/nn/modules/loss.py:535: UserWarning: Using a target size (torch.Size([99])) that is different to the input size (torch.Size([99, 1])). This will likely lead to incorrect results due to broadcasting. Please ensure they have the same size.
  return F.mse_loss(input, target, reduction=self.reduction)
/home/mburu/anaconda3/envs/TabSurvey/lib/python3.8/site-packages/torch/nn/modules/loss.py:535: UserWarning: Using a target size (torch.Size([9])) that is different to the input size (torch.Size([9, 1])). This will likely lead to incorrect results due to broadcasting. Please ensure they have the same size.
  return F.mse_loss(input, target, reduction=self.reduction)
/home/mburu/anaconda3/envs/TabSurvey/lib/python3.8/site-packages/torch/nn/modules/loss.py:535: UserWarning: Using a target size (torch.Size([128])) that is different to the input size (torch.Size([128, 1])). This will likely lead to incorrect results due to broadcasting. Please ensure they have the same size.
  return F.mse_loss(input, target, reduction=self.reduction)
/home/mburu/Master_Thesis/master-thesis-da/DNN_Trial/models/rtdl_models.py:479: UserWarning: To copy construct from a tensor, it is recommended to use sourceTensor.clone().detach() or sourceTensor.clone().detach().requires_grad_(True), rather than torch.tensor(sourceTensor).
  X = torch.tensor(X, dtype=torch.float32).to(self.device)
/home/mburu/anaconda3/envs/TabSurvey/lib/python3.8/site-packages/torch/nn/modules/loss.py:535: UserWarning: Using a target size (torch.Size([98])) that is different to the input size (torch.Size([98, 1])). This will likely lead to incorrect results due to broadcasting. Please ensure they have the same size.
  return F.mse_loss(input, target, reduction=self.reduction)
/home/mburu/anaconda3/envs/TabSurvey/lib/python3.8/site-packages/torch/nn/modules/loss.py:535: UserWarning: Using a target size (torch.Size([10])) that is different to the input size (torch.Size([10, 1])). This will likely lead to incorrect results due to broadcasting. Please ensure they have the same size.
  return F.mse_loss(input, target, reduction=self.reduction)
/home/mburu/anaconda3/envs/TabSurvey/lib/python3.8/site-packages/torch/nn/modules/loss.py:535: UserWarning: Using a target size (torch.Size([128])) that is different to the input size (torch.Size([128, 1])). This will likely lead to incorrect results due to broadcasting. Please ensure they have the same size.
  return F.mse_loss(input, target, reduction=self.reduction)
/home/mburu/Master_Thesis/master-thesis-da/DNN_Trial/models/rtdl_models.py:479: UserWarning: To copy construct from a tensor, it is recommended to use sourceTensor.clone().detach() or sourceTensor.clone().detach().requires_grad_(True), rather than torch.tensor(sourceTensor).
  X = torch.tensor(X, dtype=torch.float32).to(self.device)
/home/mburu/anaconda3/envs/TabSurvey/lib/python3.8/site-packages/torch/nn/modules/loss.py:535: UserWarning: Using a target size (torch.Size([98])) that is different to the input size (torch.Size([98, 1])). This will likely lead to incorrect results due to broadcasting. Please ensure they have the same size.
  return F.mse_loss(input, target, reduction=self.reduction)
/home/mburu/anaconda3/envs/TabSurvey/lib/python3.8/site-packages/torch/nn/modules/loss.py:535: UserWarning: Using a target size (torch.Size([10])) that is different to the input size (torch.Size([10, 1])). This will likely lead to incorrect results due to broadcasting. Please ensure they have the same size.
  return F.mse_loss(input, target, reduction=self.reduction)
/home/mburu/anaconda3/envs/TabSurvey/lib/python3.8/site-packages/torch/nn/modules/loss.py:535: UserWarning: Using a target size (torch.Size([128])) that is different to the input size (torch.Size([128, 1])). This will likely lead to incorrect results due to broadcasting. Please ensure they have the same size.
  return F.mse_loss(input, target, reduction=self.reduction)
/home/mburu/Master_Thesis/master-thesis-da/DNN_Trial/models/rtdl_models.py:479: UserWarning: To copy construct from a tensor, it is recommended to use sourceTensor.clone().detach() or sourceTensor.clone().detach().requires_grad_(True), rather than torch.tensor(sourceTensor).
  X = torch.tensor(X, dtype=torch.float32).to(self.device)
/home/mburu/anaconda3/envs/TabSurvey/lib/python3.8/site-packages/torch/nn/modules/loss.py:535: UserWarning: Using a target size (torch.Size([98])) that is different to the input size (torch.Size([98, 1])). This will likely lead to incorrect results due to broadcasting. Please ensure they have the same size.
  return F.mse_loss(input, target, reduction=self.reduction)
/home/mburu/anaconda3/envs/TabSurvey/lib/python3.8/site-packages/torch/nn/modules/loss.py:535: UserWarning: Using a target size (torch.Size([10])) that is different to the input size (torch.Size([10, 1])). This will likely lead to incorrect results due to broadcasting. Please ensure they have the same size.
  return F.mse_loss(input, target, reduction=self.reduction)
[I 2025-05-11 02:53:23,770] Trial 1 finished with value: 495900.59039743093 and parameters: {'learning_rate': 0.007863062027983512, 'weight_decay': 3.220295116100476e-05}. Best is trial 1 with value: 495900.59039743093.
/home/mburu/anaconda3/envs/TabSurvey/lib/python3.8/site-packages/torch/nn/modules/loss.py:535: UserWarning: Using a target size (torch.Size([128])) that is different to the input size (torch.Size([128, 1])). This will likely lead to incorrect results due to broadcasting. Please ensure they have the same size.
  return F.mse_loss(input, target, reduction=self.reduction)
/home/mburu/Master_Thesis/master-thesis-da/DNN_Trial/models/rtdl_models.py:479: UserWarning: To copy construct from a tensor, it is recommended to use sourceTensor.clone().detach() or sourceTensor.clone().detach().requires_grad_(True), rather than torch.tensor(sourceTensor).
  X = torch.tensor(X, dtype=torch.float32).to(self.device)
/home/mburu/anaconda3/envs/TabSurvey/lib/python3.8/site-packages/torch/nn/modules/loss.py:535: UserWarning: Using a target size (torch.Size([99])) that is different to the input size (torch.Size([99, 1])). This will likely lead to incorrect results due to broadcasting. Please ensure they have the same size.
  return F.mse_loss(input, target, reduction=self.reduction)
/home/mburu/anaconda3/envs/TabSurvey/lib/python3.8/site-packages/torch/nn/modules/loss.py:535: UserWarning: Using a target size (torch.Size([9])) that is different to the input size (torch.Size([9, 1])). This will likely lead to incorrect results due to broadcasting. Please ensure they have the same size.
  return F.mse_loss(input, target, reduction=self.reduction)
/home/mburu/anaconda3/envs/TabSurvey/lib/python3.8/site-packages/torch/nn/modules/loss.py:535: UserWarning: Using a target size (torch.Size([128])) that is different to the input size (torch.Size([128, 1])). This will likely lead to incorrect results due to broadcasting. Please ensure they have the same size.
  return F.mse_loss(input, target, reduction=self.reduction)
/home/mburu/Master_Thesis/master-thesis-da/DNN_Trial/models/rtdl_models.py:479: UserWarning: To copy construct from a tensor, it is recommended to use sourceTensor.clone().detach() or sourceTensor.clone().detach().requires_grad_(True), rather than torch.tensor(sourceTensor).
  X = torch.tensor(X, dtype=torch.float32).to(self.device)
/home/mburu/anaconda3/envs/TabSurvey/lib/python3.8/site-packages/torch/nn/modules/loss.py:535: UserWarning: Using a target size (torch.Size([99])) that is different to the input size (torch.Size([99, 1])). This will likely lead to incorrect results due to broadcasting. Please ensure they have the same size.
  return F.mse_loss(input, target, reduction=self.reduction)
/home/mburu/anaconda3/envs/TabSurvey/lib/python3.8/site-packages/torch/nn/modules/loss.py:535: UserWarning: Using a target size (torch.Size([9])) that is different to the input size (torch.Size([9, 1])). This will likely lead to incorrect results due to broadcasting. Please ensure they have the same size.
  return F.mse_loss(input, target, reduction=self.reduction)
/home/mburu/anaconda3/envs/TabSurvey/lib/python3.8/site-packages/torch/nn/modules/loss.py:535: UserWarning: Using a target size (torch.Size([128])) that is different to the input size (torch.Size([128, 1])). This will likely lead to incorrect results due to broadcasting. Please ensure they have the same size.
  return F.mse_loss(input, target, reduction=self.reduction)
/home/mburu/Master_Thesis/master-thesis-da/DNN_Trial/models/rtdl_models.py:479: UserWarning: To copy construct from a tensor, it is recommended to use sourceTensor.clone().detach() or sourceTensor.clone().detach().requires_grad_(True), rather than torch.tensor(sourceTensor).
  X = torch.tensor(X, dtype=torch.float32).to(self.device)
/home/mburu/anaconda3/envs/TabSurvey/lib/python3.8/site-packages/torch/nn/modules/loss.py:535: UserWarning: Using a target size (torch.Size([98])) that is different to the input size (torch.Size([98, 1])). This will likely lead to incorrect results due to broadcasting. Please ensure they have the same size.
  return F.mse_loss(input, target, reduction=self.reduction)
/home/mburu/anaconda3/envs/TabSurvey/lib/python3.8/site-packages/torch/nn/modules/loss.py:535: UserWarning: Using a target size (torch.Size([10])) that is different to the input size (torch.Size([10, 1])). This will likely lead to incorrect results due to broadcasting. Please ensure they have the same size.
  return F.mse_loss(input, target, reduction=self.reduction)
/home/mburu/anaconda3/envs/TabSurvey/lib/python3.8/site-packages/torch/nn/modules/loss.py:535: UserWarning: Using a target size (torch.Size([128])) that is different to the input size (torch.Size([128, 1])). This will likely lead to incorrect results due to broadcasting. Please ensure they have the same size.
  return F.mse_loss(input, target, reduction=self.reduction)
/home/mburu/Master_Thesis/master-thesis-da/DNN_Trial/models/rtdl_models.py:479: UserWarning: To copy construct from a tensor, it is recommended to use sourceTensor.clone().detach() or sourceTensor.clone().detach().requires_grad_(True), rather than torch.tensor(sourceTensor).
  X = torch.tensor(X, dtype=torch.float32).to(self.device)
/home/mburu/anaconda3/envs/TabSurvey/lib/python3.8/site-packages/torch/nn/modules/loss.py:535: UserWarning: Using a target size (torch.Size([98])) that is different to the input size (torch.Size([98, 1])). This will likely lead to incorrect results due to broadcasting. Please ensure they have the same size.
  return F.mse_loss(input, target, reduction=self.reduction)
/home/mburu/anaconda3/envs/TabSurvey/lib/python3.8/site-packages/torch/nn/modules/loss.py:535: UserWarning: Using a target size (torch.Size([10])) that is different to the input size (torch.Size([10, 1])). This will likely lead to incorrect results due to broadcasting. Please ensure they have the same size.
  return F.mse_loss(input, target, reduction=self.reduction)
/home/mburu/anaconda3/envs/TabSurvey/lib/python3.8/site-packages/torch/nn/modules/loss.py:535: UserWarning: Using a target size (torch.Size([128])) that is different to the input size (torch.Size([128, 1])). This will likely lead to incorrect results due to broadcasting. Please ensure they have the same size.
  return F.mse_loss(input, target, reduction=self.reduction)
/home/mburu/Master_Thesis/master-thesis-da/DNN_Trial/models/rtdl_models.py:479: UserWarning: To copy construct from a tensor, it is recommended to use sourceTensor.clone().detach() or sourceTensor.clone().detach().requires_grad_(True), rather than torch.tensor(sourceTensor).
  X = torch.tensor(X, dtype=torch.float32).to(self.device)
/home/mburu/anaconda3/envs/TabSurvey/lib/python3.8/site-packages/torch/nn/modules/loss.py:535: UserWarning: Using a target size (torch.Size([98])) that is different to the input size (torch.Size([98, 1])). This will likely lead to incorrect results due to broadcasting. Please ensure they have the same size.
  return F.mse_loss(input, target, reduction=self.reduction)
/home/mburu/anaconda3/envs/TabSurvey/lib/python3.8/site-packages/torch/nn/modules/loss.py:535: UserWarning: Using a target size (torch.Size([10])) that is different to the input size (torch.Size([10, 1])). This will likely lead to incorrect results due to broadcasting. Please ensure they have the same size.
  return F.mse_loss(input, target, reduction=self.reduction)
[I 2025-05-11 02:53:24,513] Trial 2 finished with value: 503191.1049015567 and parameters: {'learning_rate': 5.6828920572291294e-05, 'weight_decay': 0.002753495392364097}. Best is trial 1 with value: 495900.59039743093.
/home/mburu/anaconda3/envs/TabSurvey/lib/python3.8/site-packages/torch/nn/modules/loss.py:535: UserWarning: Using a target size (torch.Size([128])) that is different to the input size (torch.Size([128, 1])). This will likely lead to incorrect results due to broadcasting. Please ensure they have the same size.
  return F.mse_loss(input, target, reduction=self.reduction)
/home/mburu/Master_Thesis/master-thesis-da/DNN_Trial/models/rtdl_models.py:479: UserWarning: To copy construct from a tensor, it is recommended to use sourceTensor.clone().detach() or sourceTensor.clone().detach().requires_grad_(True), rather than torch.tensor(sourceTensor).
  X = torch.tensor(X, dtype=torch.float32).to(self.device)
/home/mburu/anaconda3/envs/TabSurvey/lib/python3.8/site-packages/torch/nn/modules/loss.py:535: UserWarning: Using a target size (torch.Size([99])) that is different to the input size (torch.Size([99, 1])). This will likely lead to incorrect results due to broadcasting. Please ensure they have the same size.
  return F.mse_loss(input, target, reduction=self.reduction)
/home/mburu/anaconda3/envs/TabSurvey/lib/python3.8/site-packages/torch/nn/modules/loss.py:535: UserWarning: Using a target size (torch.Size([9])) that is different to the input size (torch.Size([9, 1])). This will likely lead to incorrect results due to broadcasting. Please ensure they have the same size.
  return F.mse_loss(input, target, reduction=self.reduction)
/home/mburu/anaconda3/envs/TabSurvey/lib/python3.8/site-packages/torch/nn/modules/loss.py:535: UserWarning: Using a target size (torch.Size([128])) that is different to the input size (torch.Size([128, 1])). This will likely lead to incorrect results due to broadcasting. Please ensure they have the same size.
  return F.mse_loss(input, target, reduction=self.reduction)
/home/mburu/Master_Thesis/master-thesis-da/DNN_Trial/models/rtdl_models.py:479: UserWarning: To copy construct from a tensor, it is recommended to use sourceTensor.clone().detach() or sourceTensor.clone().detach().requires_grad_(True), rather than torch.tensor(sourceTensor).
  X = torch.tensor(X, dtype=torch.float32).to(self.device)
/home/mburu/anaconda3/envs/TabSurvey/lib/python3.8/site-packages/torch/nn/modules/loss.py:535: UserWarning: Using a target size (torch.Size([99])) that is different to the input size (torch.Size([99, 1])). This will likely lead to incorrect results due to broadcasting. Please ensure they have the same size.
  return F.mse_loss(input, target, reduction=self.reduction)
/home/mburu/anaconda3/envs/TabSurvey/lib/python3.8/site-packages/torch/nn/modules/loss.py:535: UserWarning: Using a target size (torch.Size([9])) that is different to the input size (torch.Size([9, 1])). This will likely lead to incorrect results due to broadcasting. Please ensure they have the same size.
  return F.mse_loss(input, target, reduction=self.reduction)
/home/mburu/anaconda3/envs/TabSurvey/lib/python3.8/site-packages/torch/nn/modules/loss.py:535: UserWarning: Using a target size (torch.Size([128])) that is different to the input size (torch.Size([128, 1])). This will likely lead to incorrect results due to broadcasting. Please ensure they have the same size.
  return F.mse_loss(input, target, reduction=self.reduction)
/home/mburu/Master_Thesis/master-thesis-da/DNN_Trial/models/rtdl_models.py:479: UserWarning: To copy construct from a tensor, it is recommended to use sourceTensor.clone().detach() or sourceTensor.clone().detach().requires_grad_(True), rather than torch.tensor(sourceTensor).
  X = torch.tensor(X, dtype=torch.float32).to(self.device)
/home/mburu/anaconda3/envs/TabSurvey/lib/python3.8/site-packages/torch/nn/modules/loss.py:535: UserWarning: Using a target size (torch.Size([98])) that is different to the input size (torch.Size([98, 1])). This will likely lead to incorrect results due to broadcasting. Please ensure they have the same size.
  return F.mse_loss(input, target, reduction=self.reduction)
/home/mburu/anaconda3/envs/TabSurvey/lib/python3.8/site-packages/torch/nn/modules/loss.py:535: UserWarning: Using a target size (torch.Size([10])) that is different to the input size (torch.Size([10, 1])). This will likely lead to incorrect results due to broadcasting. Please ensure they have the same size.
  return F.mse_loss(input, target, reduction=self.reduction)
/home/mburu/anaconda3/envs/TabSurvey/lib/python3.8/site-packages/torch/nn/modules/loss.py:535: UserWarning: Using a target size (torch.Size([128])) that is different to the input size (torch.Size([128, 1])). This will likely lead to incorrect results due to broadcasting. Please ensure they have the same size.
  return F.mse_loss(input, target, reduction=self.reduction)
/home/mburu/Master_Thesis/master-thesis-da/DNN_Trial/models/rtdl_models.py:479: UserWarning: To copy construct from a tensor, it is recommended to use sourceTensor.clone().detach() or sourceTensor.clone().detach().requires_grad_(True), rather than torch.tensor(sourceTensor).
  X = torch.tensor(X, dtype=torch.float32).to(self.device)
/home/mburu/anaconda3/envs/TabSurvey/lib/python3.8/site-packages/torch/nn/modules/loss.py:535: UserWarning: Using a target size (torch.Size([98])) that is different to the input size (torch.Size([98, 1])). This will likely lead to incorrect results due to broadcasting. Please ensure they have the same size.
  return F.mse_loss(input, target, reduction=self.reduction)
/home/mburu/anaconda3/envs/TabSurvey/lib/python3.8/site-packages/torch/nn/modules/loss.py:535: UserWarning: Using a target size (torch.Size([10])) that is different to the input size (torch.Size([10, 1])). This will likely lead to incorrect results due to broadcasting. Please ensure they have the same size.
  return F.mse_loss(input, target, reduction=self.reduction)
/home/mburu/anaconda3/envs/TabSurvey/lib/python3.8/site-packages/torch/nn/modules/loss.py:535: UserWarning: Using a target size (torch.Size([128])) that is different to the input size (torch.Size([128, 1])). This will likely lead to incorrect results due to broadcasting. Please ensure they have the same size.
  return F.mse_loss(input, target, reduction=self.reduction)
/home/mburu/Master_Thesis/master-thesis-da/DNN_Trial/models/rtdl_models.py:479: UserWarning: To copy construct from a tensor, it is recommended to use sourceTensor.clone().detach() or sourceTensor.clone().detach().requires_grad_(True), rather than torch.tensor(sourceTensor).
  X = torch.tensor(X, dtype=torch.float32).to(self.device)
/home/mburu/anaconda3/envs/TabSurvey/lib/python3.8/site-packages/torch/nn/modules/loss.py:535: UserWarning: Using a target size (torch.Size([98])) that is different to the input size (torch.Size([98, 1])). This will likely lead to incorrect results due to broadcasting. Please ensure they have the same size.
  return F.mse_loss(input, target, reduction=self.reduction)
/home/mburu/anaconda3/envs/TabSurvey/lib/python3.8/site-packages/torch/nn/modules/loss.py:535: UserWarning: Using a target size (torch.Size([10])) that is different to the input size (torch.Size([10, 1])). This will likely lead to incorrect results due to broadcasting. Please ensure they have the same size.
  return F.mse_loss(input, target, reduction=self.reduction)
[I 2025-05-11 02:53:25,335] Trial 3 finished with value: 499924.67162482144 and parameters: {'learning_rate': 0.0008397834716311019, 'weight_decay': 0.0038419122916011645}. Best is trial 1 with value: 495900.59039743093.
/home/mburu/anaconda3/envs/TabSurvey/lib/python3.8/site-packages/torch/nn/modules/loss.py:535: UserWarning: Using a target size (torch.Size([128])) that is different to the input size (torch.Size([128, 1])). This will likely lead to incorrect results due to broadcasting. Please ensure they have the same size.
  return F.mse_loss(input, target, reduction=self.reduction)
/home/mburu/Master_Thesis/master-thesis-da/DNN_Trial/models/rtdl_models.py:479: UserWarning: To copy construct from a tensor, it is recommended to use sourceTensor.clone().detach() or sourceTensor.clone().detach().requires_grad_(True), rather than torch.tensor(sourceTensor).
  X = torch.tensor(X, dtype=torch.float32).to(self.device)
/home/mburu/anaconda3/envs/TabSurvey/lib/python3.8/site-packages/torch/nn/modules/loss.py:535: UserWarning: Using a target size (torch.Size([99])) that is different to the input size (torch.Size([99, 1])). This will likely lead to incorrect results due to broadcasting. Please ensure they have the same size.
  return F.mse_loss(input, target, reduction=self.reduction)
/home/mburu/anaconda3/envs/TabSurvey/lib/python3.8/site-packages/torch/nn/modules/loss.py:535: UserWarning: Using a target size (torch.Size([9])) that is different to the input size (torch.Size([9, 1])). This will likely lead to incorrect results due to broadcasting. Please ensure they have the same size.
  return F.mse_loss(input, target, reduction=self.reduction)
/home/mburu/anaconda3/envs/TabSurvey/lib/python3.8/site-packages/torch/nn/modules/loss.py:535: UserWarning: Using a target size (torch.Size([128])) that is different to the input size (torch.Size([128, 1])). This will likely lead to incorrect results due to broadcasting. Please ensure they have the same size.
  return F.mse_loss(input, target, reduction=self.reduction)
/home/mburu/Master_Thesis/master-thesis-da/DNN_Trial/models/rtdl_models.py:479: UserWarning: To copy construct from a tensor, it is recommended to use sourceTensor.clone().detach() or sourceTensor.clone().detach().requires_grad_(True), rather than torch.tensor(sourceTensor).
  X = torch.tensor(X, dtype=torch.float32).to(self.device)
/home/mburu/anaconda3/envs/TabSurvey/lib/python3.8/site-packages/torch/nn/modules/loss.py:535: UserWarning: Using a target size (torch.Size([99])) that is different to the input size (torch.Size([99, 1])). This will likely lead to incorrect results due to broadcasting. Please ensure they have the same size.
  return F.mse_loss(input, target, reduction=self.reduction)
/home/mburu/anaconda3/envs/TabSurvey/lib/python3.8/site-packages/torch/nn/modules/loss.py:535: UserWarning: Using a target size (torch.Size([9])) that is different to the input size (torch.Size([9, 1])). This will likely lead to incorrect results due to broadcasting. Please ensure they have the same size.
  return F.mse_loss(input, target, reduction=self.reduction)
/home/mburu/anaconda3/envs/TabSurvey/lib/python3.8/site-packages/torch/nn/modules/loss.py:535: UserWarning: Using a target size (torch.Size([128])) that is different to the input size (torch.Size([128, 1])). This will likely lead to incorrect results due to broadcasting. Please ensure they have the same size.
  return F.mse_loss(input, target, reduction=self.reduction)
/home/mburu/Master_Thesis/master-thesis-da/DNN_Trial/models/rtdl_models.py:479: UserWarning: To copy construct from a tensor, it is recommended to use sourceTensor.clone().detach() or sourceTensor.clone().detach().requires_grad_(True), rather than torch.tensor(sourceTensor).
  X = torch.tensor(X, dtype=torch.float32).to(self.device)
/home/mburu/anaconda3/envs/TabSurvey/lib/python3.8/site-packages/torch/nn/modules/loss.py:535: UserWarning: Using a target size (torch.Size([98])) that is different to the input size (torch.Size([98, 1])). This will likely lead to incorrect results due to broadcasting. Please ensure they have the same size.
  return F.mse_loss(input, target, reduction=self.reduction)
/home/mburu/anaconda3/envs/TabSurvey/lib/python3.8/site-packages/torch/nn/modules/loss.py:535: UserWarning: Using a target size (torch.Size([10])) that is different to the input size (torch.Size([10, 1])). This will likely lead to incorrect results due to broadcasting. Please ensure they have the same size.
  return F.mse_loss(input, target, reduction=self.reduction)
/home/mburu/anaconda3/envs/TabSurvey/lib/python3.8/site-packages/torch/nn/modules/loss.py:535: UserWarning: Using a target size (torch.Size([128])) that is different to the input size (torch.Size([128, 1])). This will likely lead to incorrect results due to broadcasting. Please ensure they have the same size.
  return F.mse_loss(input, target, reduction=self.reduction)
/home/mburu/Master_Thesis/master-thesis-da/DNN_Trial/models/rtdl_models.py:479: UserWarning: To copy construct from a tensor, it is recommended to use sourceTensor.clone().detach() or sourceTensor.clone().detach().requires_grad_(True), rather than torch.tensor(sourceTensor).
  X = torch.tensor(X, dtype=torch.float32).to(self.device)
/home/mburu/anaconda3/envs/TabSurvey/lib/python3.8/site-packages/torch/nn/modules/loss.py:535: UserWarning: Using a target size (torch.Size([98])) that is different to the input size (torch.Size([98, 1])). This will likely lead to incorrect results due to broadcasting. Please ensure they have the same size.
  return F.mse_loss(input, target, reduction=self.reduction)
/home/mburu/anaconda3/envs/TabSurvey/lib/python3.8/site-packages/torch/nn/modules/loss.py:535: UserWarning: Using a target size (torch.Size([10])) that is different to the input size (torch.Size([10, 1])). This will likely lead to incorrect results due to broadcasting. Please ensure they have the same size.
  return F.mse_loss(input, target, reduction=self.reduction)
/home/mburu/anaconda3/envs/TabSurvey/lib/python3.8/site-packages/torch/nn/modules/loss.py:535: UserWarning: Using a target size (torch.Size([128])) that is different to the input size (torch.Size([128, 1])). This will likely lead to incorrect results due to broadcasting. Please ensure they have the same size.
  return F.mse_loss(input, target, reduction=self.reduction)
/home/mburu/Master_Thesis/master-thesis-da/DNN_Trial/models/rtdl_models.py:479: UserWarning: To copy construct from a tensor, it is recommended to use sourceTensor.clone().detach() or sourceTensor.clone().detach().requires_grad_(True), rather than torch.tensor(sourceTensor).
  X = torch.tensor(X, dtype=torch.float32).to(self.device)
/home/mburu/anaconda3/envs/TabSurvey/lib/python3.8/site-packages/torch/nn/modules/loss.py:535: UserWarning: Using a target size (torch.Size([98])) that is different to the input size (torch.Size([98, 1])). This will likely lead to incorrect results due to broadcasting. Please ensure they have the same size.
  return F.mse_loss(input, target, reduction=self.reduction)
/home/mburu/anaconda3/envs/TabSurvey/lib/python3.8/site-packages/torch/nn/modules/loss.py:535: UserWarning: Using a target size (torch.Size([10])) that is different to the input size (torch.Size([10, 1])). This will likely lead to incorrect results due to broadcasting. Please ensure they have the same size.
  return F.mse_loss(input, target, reduction=self.reduction)
[I 2025-05-11 02:53:26,137] Trial 4 finished with value: 503411.60836016515 and parameters: {'learning_rate': 3.511298814800726e-05, 'weight_decay': 0.0021286060802009643}. Best is trial 1 with value: 495900.59039743093.
/home/mburu/anaconda3/envs/TabSurvey/lib/python3.8/site-packages/torch/nn/modules/loss.py:535: UserWarning: Using a target size (torch.Size([128])) that is different to the input size (torch.Size([128, 1])). This will likely lead to incorrect results due to broadcasting. Please ensure they have the same size.
  return F.mse_loss(input, target, reduction=self.reduction)
/home/mburu/Master_Thesis/master-thesis-da/DNN_Trial/models/rtdl_models.py:479: UserWarning: To copy construct from a tensor, it is recommended to use sourceTensor.clone().detach() or sourceTensor.clone().detach().requires_grad_(True), rather than torch.tensor(sourceTensor).
  X = torch.tensor(X, dtype=torch.float32).to(self.device)
/home/mburu/anaconda3/envs/TabSurvey/lib/python3.8/site-packages/torch/nn/modules/loss.py:535: UserWarning: Using a target size (torch.Size([124])) that is different to the input size (torch.Size([124, 1])). This will likely lead to incorrect results due to broadcasting. Please ensure they have the same size.
  return F.mse_loss(input, target, reduction=self.reduction)
/home/mburu/anaconda3/envs/TabSurvey/lib/python3.8/site-packages/torch/nn/modules/loss.py:535: UserWarning: Using a target size (torch.Size([108])) that is different to the input size (torch.Size([108, 1])). This will likely lead to incorrect results due to broadcasting. Please ensure they have the same size.
  return F.mse_loss(input, target, reduction=self.reduction)
[I 2025-05-11 02:53:26,317] A new study created in memory with name: FTTransformer_Moneyball_outer2
/home/mburu/anaconda3/envs/TabSurvey/lib/python3.8/site-packages/torch/nn/modules/loss.py:535: UserWarning: Using a target size (torch.Size([128])) that is different to the input size (torch.Size([128, 1])). This will likely lead to incorrect results due to broadcasting. Please ensure they have the same size.
  return F.mse_loss(input, target, reduction=self.reduction)
/home/mburu/Master_Thesis/master-thesis-da/DNN_Trial/models/rtdl_models.py:479: UserWarning: To copy construct from a tensor, it is recommended to use sourceTensor.clone().detach() or sourceTensor.clone().detach().requires_grad_(True), rather than torch.tensor(sourceTensor).
  X = torch.tensor(X, dtype=torch.float32).to(self.device)
/home/mburu/anaconda3/envs/TabSurvey/lib/python3.8/site-packages/torch/nn/modules/loss.py:535: UserWarning: Using a target size (torch.Size([99])) that is different to the input size (torch.Size([99, 1])). This will likely lead to incorrect results due to broadcasting. Please ensure they have the same size.
  return F.mse_loss(input, target, reduction=self.reduction)
/home/mburu/anaconda3/envs/TabSurvey/lib/python3.8/site-packages/torch/nn/modules/loss.py:535: UserWarning: Using a target size (torch.Size([10])) that is different to the input size (torch.Size([10, 1])). This will likely lead to incorrect results due to broadcasting. Please ensure they have the same size.
  return F.mse_loss(input, target, reduction=self.reduction)
/home/mburu/anaconda3/envs/TabSurvey/lib/python3.8/site-packages/torch/nn/modules/loss.py:535: UserWarning: Using a target size (torch.Size([128])) that is different to the input size (torch.Size([128, 1])). This will likely lead to incorrect results due to broadcasting. Please ensure they have the same size.
  return F.mse_loss(input, target, reduction=self.reduction)
/home/mburu/Master_Thesis/master-thesis-da/DNN_Trial/models/rtdl_models.py:479: UserWarning: To copy construct from a tensor, it is recommended to use sourceTensor.clone().detach() or sourceTensor.clone().detach().requires_grad_(True), rather than torch.tensor(sourceTensor).
  X = torch.tensor(X, dtype=torch.float32).to(self.device)
/home/mburu/anaconda3/envs/TabSurvey/lib/python3.8/site-packages/torch/nn/modules/loss.py:535: UserWarning: Using a target size (torch.Size([99])) that is different to the input size (torch.Size([99, 1])). This will likely lead to incorrect results due to broadcasting. Please ensure they have the same size.
  return F.mse_loss(input, target, reduction=self.reduction)
/home/mburu/anaconda3/envs/TabSurvey/lib/python3.8/site-packages/torch/nn/modules/loss.py:535: UserWarning: Using a target size (torch.Size([10])) that is different to the input size (torch.Size([10, 1])). This will likely lead to incorrect results due to broadcasting. Please ensure they have the same size.
  return F.mse_loss(input, target, reduction=self.reduction)
/home/mburu/anaconda3/envs/TabSurvey/lib/python3.8/site-packages/torch/nn/modules/loss.py:535: UserWarning: Using a target size (torch.Size([128])) that is different to the input size (torch.Size([128, 1])). This will likely lead to incorrect results due to broadcasting. Please ensure they have the same size.
  return F.mse_loss(input, target, reduction=self.reduction)
/home/mburu/Master_Thesis/master-thesis-da/DNN_Trial/models/rtdl_models.py:479: UserWarning: To copy construct from a tensor, it is recommended to use sourceTensor.clone().detach() or sourceTensor.clone().detach().requires_grad_(True), rather than torch.tensor(sourceTensor).
  X = torch.tensor(X, dtype=torch.float32).to(self.device)
/home/mburu/anaconda3/envs/TabSurvey/lib/python3.8/site-packages/torch/nn/modules/loss.py:535: UserWarning: Using a target size (torch.Size([99])) that is different to the input size (torch.Size([99, 1])). This will likely lead to incorrect results due to broadcasting. Please ensure they have the same size.
  return F.mse_loss(input, target, reduction=self.reduction)
/home/mburu/anaconda3/envs/TabSurvey/lib/python3.8/site-packages/torch/nn/modules/loss.py:535: UserWarning: Using a target size (torch.Size([10])) that is different to the input size (torch.Size([10, 1])). This will likely lead to incorrect results due to broadcasting. Please ensure they have the same size.
  return F.mse_loss(input, target, reduction=self.reduction)
/home/mburu/anaconda3/envs/TabSurvey/lib/python3.8/site-packages/torch/nn/modules/loss.py:535: UserWarning: Using a target size (torch.Size([128])) that is different to the input size (torch.Size([128, 1])). This will likely lead to incorrect results due to broadcasting. Please ensure they have the same size.
  return F.mse_loss(input, target, reduction=self.reduction)
/home/mburu/Master_Thesis/master-thesis-da/DNN_Trial/models/rtdl_models.py:479: UserWarning: To copy construct from a tensor, it is recommended to use sourceTensor.clone().detach() or sourceTensor.clone().detach().requires_grad_(True), rather than torch.tensor(sourceTensor).
  X = torch.tensor(X, dtype=torch.float32).to(self.device)
/home/mburu/anaconda3/envs/TabSurvey/lib/python3.8/site-packages/torch/nn/modules/loss.py:535: UserWarning: Using a target size (torch.Size([98])) that is different to the input size (torch.Size([98, 1])). This will likely lead to incorrect results due to broadcasting. Please ensure they have the same size.
  return F.mse_loss(input, target, reduction=self.reduction)
/home/mburu/anaconda3/envs/TabSurvey/lib/python3.8/site-packages/torch/nn/modules/loss.py:535: UserWarning: Using a target size (torch.Size([11])) that is different to the input size (torch.Size([11, 1])). This will likely lead to incorrect results due to broadcasting. Please ensure they have the same size.
  return F.mse_loss(input, target, reduction=self.reduction)
/home/mburu/anaconda3/envs/TabSurvey/lib/python3.8/site-packages/torch/nn/modules/loss.py:535: UserWarning: Using a target size (torch.Size([128])) that is different to the input size (torch.Size([128, 1])). This will likely lead to incorrect results due to broadcasting. Please ensure they have the same size.
  return F.mse_loss(input, target, reduction=self.reduction)
/home/mburu/Master_Thesis/master-thesis-da/DNN_Trial/models/rtdl_models.py:479: UserWarning: To copy construct from a tensor, it is recommended to use sourceTensor.clone().detach() or sourceTensor.clone().detach().requires_grad_(True), rather than torch.tensor(sourceTensor).
  X = torch.tensor(X, dtype=torch.float32).to(self.device)
/home/mburu/anaconda3/envs/TabSurvey/lib/python3.8/site-packages/torch/nn/modules/loss.py:535: UserWarning: Using a target size (torch.Size([98])) that is different to the input size (torch.Size([98, 1])). This will likely lead to incorrect results due to broadcasting. Please ensure they have the same size.
  return F.mse_loss(input, target, reduction=self.reduction)
/home/mburu/anaconda3/envs/TabSurvey/lib/python3.8/site-packages/torch/nn/modules/loss.py:535: UserWarning: Using a target size (torch.Size([11])) that is different to the input size (torch.Size([11, 1])). This will likely lead to incorrect results due to broadcasting. Please ensure they have the same size.
  return F.mse_loss(input, target, reduction=self.reduction)
[I 2025-05-11 02:53:27,294] Trial 0 finished with value: 506310.2863718391 and parameters: {'learning_rate': 1.7784548795502302e-05, 'weight_decay': 3.67158801987161e-05}. Best is trial 0 with value: 506310.2863718391.
/home/mburu/anaconda3/envs/TabSurvey/lib/python3.8/site-packages/torch/nn/modules/loss.py:535: UserWarning: Using a target size (torch.Size([128])) that is different to the input size (torch.Size([128, 1])). This will likely lead to incorrect results due to broadcasting. Please ensure they have the same size.
  return F.mse_loss(input, target, reduction=self.reduction)
/home/mburu/Master_Thesis/master-thesis-da/DNN_Trial/models/rtdl_models.py:479: UserWarning: To copy construct from a tensor, it is recommended to use sourceTensor.clone().detach() or sourceTensor.clone().detach().requires_grad_(True), rather than torch.tensor(sourceTensor).
  X = torch.tensor(X, dtype=torch.float32).to(self.device)
/home/mburu/anaconda3/envs/TabSurvey/lib/python3.8/site-packages/torch/nn/modules/loss.py:535: UserWarning: Using a target size (torch.Size([99])) that is different to the input size (torch.Size([99, 1])). This will likely lead to incorrect results due to broadcasting. Please ensure they have the same size.
  return F.mse_loss(input, target, reduction=self.reduction)
/home/mburu/anaconda3/envs/TabSurvey/lib/python3.8/site-packages/torch/nn/modules/loss.py:535: UserWarning: Using a target size (torch.Size([10])) that is different to the input size (torch.Size([10, 1])). This will likely lead to incorrect results due to broadcasting. Please ensure they have the same size.
  return F.mse_loss(input, target, reduction=self.reduction)
/home/mburu/anaconda3/envs/TabSurvey/lib/python3.8/site-packages/torch/nn/modules/loss.py:535: UserWarning: Using a target size (torch.Size([128])) that is different to the input size (torch.Size([128, 1])). This will likely lead to incorrect results due to broadcasting. Please ensure they have the same size.
  return F.mse_loss(input, target, reduction=self.reduction)
/home/mburu/Master_Thesis/master-thesis-da/DNN_Trial/models/rtdl_models.py:479: UserWarning: To copy construct from a tensor, it is recommended to use sourceTensor.clone().detach() or sourceTensor.clone().detach().requires_grad_(True), rather than torch.tensor(sourceTensor).
  X = torch.tensor(X, dtype=torch.float32).to(self.device)
/home/mburu/anaconda3/envs/TabSurvey/lib/python3.8/site-packages/torch/nn/modules/loss.py:535: UserWarning: Using a target size (torch.Size([99])) that is different to the input size (torch.Size([99, 1])). This will likely lead to incorrect results due to broadcasting. Please ensure they have the same size.
  return F.mse_loss(input, target, reduction=self.reduction)
/home/mburu/anaconda3/envs/TabSurvey/lib/python3.8/site-packages/torch/nn/modules/loss.py:535: UserWarning: Using a target size (torch.Size([10])) that is different to the input size (torch.Size([10, 1])). This will likely lead to incorrect results due to broadcasting. Please ensure they have the same size.
  return F.mse_loss(input, target, reduction=self.reduction)
/home/mburu/anaconda3/envs/TabSurvey/lib/python3.8/site-packages/torch/nn/modules/loss.py:535: UserWarning: Using a target size (torch.Size([128])) that is different to the input size (torch.Size([128, 1])). This will likely lead to incorrect results due to broadcasting. Please ensure they have the same size.
  return F.mse_loss(input, target, reduction=self.reduction)
/home/mburu/Master_Thesis/master-thesis-da/DNN_Trial/models/rtdl_models.py:479: UserWarning: To copy construct from a tensor, it is recommended to use sourceTensor.clone().detach() or sourceTensor.clone().detach().requires_grad_(True), rather than torch.tensor(sourceTensor).
  X = torch.tensor(X, dtype=torch.float32).to(self.device)
/home/mburu/anaconda3/envs/TabSurvey/lib/python3.8/site-packages/torch/nn/modules/loss.py:535: UserWarning: Using a target size (torch.Size([99])) that is different to the input size (torch.Size([99, 1])). This will likely lead to incorrect results due to broadcasting. Please ensure they have the same size.
  return F.mse_loss(input, target, reduction=self.reduction)
/home/mburu/anaconda3/envs/TabSurvey/lib/python3.8/site-packages/torch/nn/modules/loss.py:535: UserWarning: Using a target size (torch.Size([10])) that is different to the input size (torch.Size([10, 1])). This will likely lead to incorrect results due to broadcasting. Please ensure they have the same size.
  return F.mse_loss(input, target, reduction=self.reduction)
/home/mburu/anaconda3/envs/TabSurvey/lib/python3.8/site-packages/torch/nn/modules/loss.py:535: UserWarning: Using a target size (torch.Size([128])) that is different to the input size (torch.Size([128, 1])). This will likely lead to incorrect results due to broadcasting. Please ensure they have the same size.
  return F.mse_loss(input, target, reduction=self.reduction)
/home/mburu/Master_Thesis/master-thesis-da/DNN_Trial/models/rtdl_models.py:479: UserWarning: To copy construct from a tensor, it is recommended to use sourceTensor.clone().detach() or sourceTensor.clone().detach().requires_grad_(True), rather than torch.tensor(sourceTensor).
  X = torch.tensor(X, dtype=torch.float32).to(self.device)
/home/mburu/anaconda3/envs/TabSurvey/lib/python3.8/site-packages/torch/nn/modules/loss.py:535: UserWarning: Using a target size (torch.Size([98])) that is different to the input size (torch.Size([98, 1])). This will likely lead to incorrect results due to broadcasting. Please ensure they have the same size.
  return F.mse_loss(input, target, reduction=self.reduction)
/home/mburu/anaconda3/envs/TabSurvey/lib/python3.8/site-packages/torch/nn/modules/loss.py:535: UserWarning: Using a target size (torch.Size([11])) that is different to the input size (torch.Size([11, 1])). This will likely lead to incorrect results due to broadcasting. Please ensure they have the same size.
  return F.mse_loss(input, target, reduction=self.reduction)
/home/mburu/anaconda3/envs/TabSurvey/lib/python3.8/site-packages/torch/nn/modules/loss.py:535: UserWarning: Using a target size (torch.Size([128])) that is different to the input size (torch.Size([128, 1])). This will likely lead to incorrect results due to broadcasting. Please ensure they have the same size.
  return F.mse_loss(input, target, reduction=self.reduction)
/home/mburu/Master_Thesis/master-thesis-da/DNN_Trial/models/rtdl_models.py:479: UserWarning: To copy construct from a tensor, it is recommended to use sourceTensor.clone().detach() or sourceTensor.clone().detach().requires_grad_(True), rather than torch.tensor(sourceTensor).
  X = torch.tensor(X, dtype=torch.float32).to(self.device)
/home/mburu/anaconda3/envs/TabSurvey/lib/python3.8/site-packages/torch/nn/modules/loss.py:535: UserWarning: Using a target size (torch.Size([98])) that is different to the input size (torch.Size([98, 1])). This will likely lead to incorrect results due to broadcasting. Please ensure they have the same size.
  return F.mse_loss(input, target, reduction=self.reduction)
/home/mburu/anaconda3/envs/TabSurvey/lib/python3.8/site-packages/torch/nn/modules/loss.py:535: UserWarning: Using a target size (torch.Size([11])) that is different to the input size (torch.Size([11, 1])). This will likely lead to incorrect results due to broadcasting. Please ensure they have the same size.
  return F.mse_loss(input, target, reduction=self.reduction)
[I 2025-05-11 02:53:27,964] Trial 1 finished with value: 506523.3921163104 and parameters: {'learning_rate': 1.2192651823226035e-05, 'weight_decay': 0.0037892945501516017}. Best is trial 0 with value: 506310.2863718391.
/home/mburu/anaconda3/envs/TabSurvey/lib/python3.8/site-packages/torch/nn/modules/loss.py:535: UserWarning: Using a target size (torch.Size([128])) that is different to the input size (torch.Size([128, 1])). This will likely lead to incorrect results due to broadcasting. Please ensure they have the same size.
  return F.mse_loss(input, target, reduction=self.reduction)
/home/mburu/Master_Thesis/master-thesis-da/DNN_Trial/models/rtdl_models.py:479: UserWarning: To copy construct from a tensor, it is recommended to use sourceTensor.clone().detach() or sourceTensor.clone().detach().requires_grad_(True), rather than torch.tensor(sourceTensor).
  X = torch.tensor(X, dtype=torch.float32).to(self.device)
/home/mburu/anaconda3/envs/TabSurvey/lib/python3.8/site-packages/torch/nn/modules/loss.py:535: UserWarning: Using a target size (torch.Size([99])) that is different to the input size (torch.Size([99, 1])). This will likely lead to incorrect results due to broadcasting. Please ensure they have the same size.
  return F.mse_loss(input, target, reduction=self.reduction)
/home/mburu/anaconda3/envs/TabSurvey/lib/python3.8/site-packages/torch/nn/modules/loss.py:535: UserWarning: Using a target size (torch.Size([10])) that is different to the input size (torch.Size([10, 1])). This will likely lead to incorrect results due to broadcasting. Please ensure they have the same size.
  return F.mse_loss(input, target, reduction=self.reduction)
/home/mburu/anaconda3/envs/TabSurvey/lib/python3.8/site-packages/torch/nn/modules/loss.py:535: UserWarning: Using a target size (torch.Size([128])) that is different to the input size (torch.Size([128, 1])). This will likely lead to incorrect results due to broadcasting. Please ensure they have the same size.
  return F.mse_loss(input, target, reduction=self.reduction)
/home/mburu/Master_Thesis/master-thesis-da/DNN_Trial/models/rtdl_models.py:479: UserWarning: To copy construct from a tensor, it is recommended to use sourceTensor.clone().detach() or sourceTensor.clone().detach().requires_grad_(True), rather than torch.tensor(sourceTensor).
  X = torch.tensor(X, dtype=torch.float32).to(self.device)
/home/mburu/anaconda3/envs/TabSurvey/lib/python3.8/site-packages/torch/nn/modules/loss.py:535: UserWarning: Using a target size (torch.Size([99])) that is different to the input size (torch.Size([99, 1])). This will likely lead to incorrect results due to broadcasting. Please ensure they have the same size.
  return F.mse_loss(input, target, reduction=self.reduction)
/home/mburu/anaconda3/envs/TabSurvey/lib/python3.8/site-packages/torch/nn/modules/loss.py:535: UserWarning: Using a target size (torch.Size([10])) that is different to the input size (torch.Size([10, 1])). This will likely lead to incorrect results due to broadcasting. Please ensure they have the same size.
  return F.mse_loss(input, target, reduction=self.reduction)
/home/mburu/anaconda3/envs/TabSurvey/lib/python3.8/site-packages/torch/nn/modules/loss.py:535: UserWarning: Using a target size (torch.Size([128])) that is different to the input size (torch.Size([128, 1])). This will likely lead to incorrect results due to broadcasting. Please ensure they have the same size.
  return F.mse_loss(input, target, reduction=self.reduction)
/home/mburu/Master_Thesis/master-thesis-da/DNN_Trial/models/rtdl_models.py:479: UserWarning: To copy construct from a tensor, it is recommended to use sourceTensor.clone().detach() or sourceTensor.clone().detach().requires_grad_(True), rather than torch.tensor(sourceTensor).
  X = torch.tensor(X, dtype=torch.float32).to(self.device)
/home/mburu/anaconda3/envs/TabSurvey/lib/python3.8/site-packages/torch/nn/modules/loss.py:535: UserWarning: Using a target size (torch.Size([99])) that is different to the input size (torch.Size([99, 1])). This will likely lead to incorrect results due to broadcasting. Please ensure they have the same size.
  return F.mse_loss(input, target, reduction=self.reduction)
/home/mburu/anaconda3/envs/TabSurvey/lib/python3.8/site-packages/torch/nn/modules/loss.py:535: UserWarning: Using a target size (torch.Size([10])) that is different to the input size (torch.Size([10, 1])). This will likely lead to incorrect results due to broadcasting. Please ensure they have the same size.
  return F.mse_loss(input, target, reduction=self.reduction)
/home/mburu/anaconda3/envs/TabSurvey/lib/python3.8/site-packages/torch/nn/modules/loss.py:535: UserWarning: Using a target size (torch.Size([128])) that is different to the input size (torch.Size([128, 1])). This will likely lead to incorrect results due to broadcasting. Please ensure they have the same size.
  return F.mse_loss(input, target, reduction=self.reduction)
/home/mburu/Master_Thesis/master-thesis-da/DNN_Trial/models/rtdl_models.py:479: UserWarning: To copy construct from a tensor, it is recommended to use sourceTensor.clone().detach() or sourceTensor.clone().detach().requires_grad_(True), rather than torch.tensor(sourceTensor).
  X = torch.tensor(X, dtype=torch.float32).to(self.device)
/home/mburu/anaconda3/envs/TabSurvey/lib/python3.8/site-packages/torch/nn/modules/loss.py:535: UserWarning: Using a target size (torch.Size([98])) that is different to the input size (torch.Size([98, 1])). This will likely lead to incorrect results due to broadcasting. Please ensure they have the same size.
  return F.mse_loss(input, target, reduction=self.reduction)
/home/mburu/anaconda3/envs/TabSurvey/lib/python3.8/site-packages/torch/nn/modules/loss.py:535: UserWarning: Using a target size (torch.Size([11])) that is different to the input size (torch.Size([11, 1])). This will likely lead to incorrect results due to broadcasting. Please ensure they have the same size.
  return F.mse_loss(input, target, reduction=self.reduction)
/home/mburu/anaconda3/envs/TabSurvey/lib/python3.8/site-packages/torch/nn/modules/loss.py:535: UserWarning: Using a target size (torch.Size([128])) that is different to the input size (torch.Size([128, 1])). This will likely lead to incorrect results due to broadcasting. Please ensure they have the same size.
  return F.mse_loss(input, target, reduction=self.reduction)
/home/mburu/Master_Thesis/master-thesis-da/DNN_Trial/models/rtdl_models.py:479: UserWarning: To copy construct from a tensor, it is recommended to use sourceTensor.clone().detach() or sourceTensor.clone().detach().requires_grad_(True), rather than torch.tensor(sourceTensor).
  X = torch.tensor(X, dtype=torch.float32).to(self.device)
/home/mburu/anaconda3/envs/TabSurvey/lib/python3.8/site-packages/torch/nn/modules/loss.py:535: UserWarning: Using a target size (torch.Size([98])) that is different to the input size (torch.Size([98, 1])). This will likely lead to incorrect results due to broadcasting. Please ensure they have the same size.
  return F.mse_loss(input, target, reduction=self.reduction)
/home/mburu/anaconda3/envs/TabSurvey/lib/python3.8/site-packages/torch/nn/modules/loss.py:535: UserWarning: Using a target size (torch.Size([11])) that is different to the input size (torch.Size([11, 1])). This will likely lead to incorrect results due to broadcasting. Please ensure they have the same size.
  return F.mse_loss(input, target, reduction=self.reduction)
[I 2025-05-11 02:53:28,641] Trial 2 finished with value: 501685.11381860246 and parameters: {'learning_rate': 0.0005208048788139534, 'weight_decay': 0.0003599182898034725}. Best is trial 2 with value: 501685.11381860246.
/home/mburu/anaconda3/envs/TabSurvey/lib/python3.8/site-packages/torch/nn/modules/loss.py:535: UserWarning: Using a target size (torch.Size([128])) that is different to the input size (torch.Size([128, 1])). This will likely lead to incorrect results due to broadcasting. Please ensure they have the same size.
  return F.mse_loss(input, target, reduction=self.reduction)
/home/mburu/Master_Thesis/master-thesis-da/DNN_Trial/models/rtdl_models.py:479: UserWarning: To copy construct from a tensor, it is recommended to use sourceTensor.clone().detach() or sourceTensor.clone().detach().requires_grad_(True), rather than torch.tensor(sourceTensor).
  X = torch.tensor(X, dtype=torch.float32).to(self.device)
/home/mburu/anaconda3/envs/TabSurvey/lib/python3.8/site-packages/torch/nn/modules/loss.py:535: UserWarning: Using a target size (torch.Size([99])) that is different to the input size (torch.Size([99, 1])). This will likely lead to incorrect results due to broadcasting. Please ensure they have the same size.
  return F.mse_loss(input, target, reduction=self.reduction)
/home/mburu/anaconda3/envs/TabSurvey/lib/python3.8/site-packages/torch/nn/modules/loss.py:535: UserWarning: Using a target size (torch.Size([10])) that is different to the input size (torch.Size([10, 1])). This will likely lead to incorrect results due to broadcasting. Please ensure they have the same size.
  return F.mse_loss(input, target, reduction=self.reduction)
/home/mburu/anaconda3/envs/TabSurvey/lib/python3.8/site-packages/torch/nn/modules/loss.py:535: UserWarning: Using a target size (torch.Size([128])) that is different to the input size (torch.Size([128, 1])). This will likely lead to incorrect results due to broadcasting. Please ensure they have the same size.
  return F.mse_loss(input, target, reduction=self.reduction)
/home/mburu/Master_Thesis/master-thesis-da/DNN_Trial/models/rtdl_models.py:479: UserWarning: To copy construct from a tensor, it is recommended to use sourceTensor.clone().detach() or sourceTensor.clone().detach().requires_grad_(True), rather than torch.tensor(sourceTensor).
  X = torch.tensor(X, dtype=torch.float32).to(self.device)
/home/mburu/anaconda3/envs/TabSurvey/lib/python3.8/site-packages/torch/nn/modules/loss.py:535: UserWarning: Using a target size (torch.Size([99])) that is different to the input size (torch.Size([99, 1])). This will likely lead to incorrect results due to broadcasting. Please ensure they have the same size.
  return F.mse_loss(input, target, reduction=self.reduction)
/home/mburu/anaconda3/envs/TabSurvey/lib/python3.8/site-packages/torch/nn/modules/loss.py:535: UserWarning: Using a target size (torch.Size([10])) that is different to the input size (torch.Size([10, 1])). This will likely lead to incorrect results due to broadcasting. Please ensure they have the same size.
  return F.mse_loss(input, target, reduction=self.reduction)
/home/mburu/anaconda3/envs/TabSurvey/lib/python3.8/site-packages/torch/nn/modules/loss.py:535: UserWarning: Using a target size (torch.Size([128])) that is different to the input size (torch.Size([128, 1])). This will likely lead to incorrect results due to broadcasting. Please ensure they have the same size.
  return F.mse_loss(input, target, reduction=self.reduction)
/home/mburu/Master_Thesis/master-thesis-da/DNN_Trial/models/rtdl_models.py:479: UserWarning: To copy construct from a tensor, it is recommended to use sourceTensor.clone().detach() or sourceTensor.clone().detach().requires_grad_(True), rather than torch.tensor(sourceTensor).
  X = torch.tensor(X, dtype=torch.float32).to(self.device)
/home/mburu/anaconda3/envs/TabSurvey/lib/python3.8/site-packages/torch/nn/modules/loss.py:535: UserWarning: Using a target size (torch.Size([99])) that is different to the input size (torch.Size([99, 1])). This will likely lead to incorrect results due to broadcasting. Please ensure they have the same size.
  return F.mse_loss(input, target, reduction=self.reduction)
/home/mburu/anaconda3/envs/TabSurvey/lib/python3.8/site-packages/torch/nn/modules/loss.py:535: UserWarning: Using a target size (torch.Size([10])) that is different to the input size (torch.Size([10, 1])). This will likely lead to incorrect results due to broadcasting. Please ensure they have the same size.
  return F.mse_loss(input, target, reduction=self.reduction)
/home/mburu/anaconda3/envs/TabSurvey/lib/python3.8/site-packages/torch/nn/modules/loss.py:535: UserWarning: Using a target size (torch.Size([128])) that is different to the input size (torch.Size([128, 1])). This will likely lead to incorrect results due to broadcasting. Please ensure they have the same size.
  return F.mse_loss(input, target, reduction=self.reduction)
/home/mburu/Master_Thesis/master-thesis-da/DNN_Trial/models/rtdl_models.py:479: UserWarning: To copy construct from a tensor, it is recommended to use sourceTensor.clone().detach() or sourceTensor.clone().detach().requires_grad_(True), rather than torch.tensor(sourceTensor).
  X = torch.tensor(X, dtype=torch.float32).to(self.device)
/home/mburu/anaconda3/envs/TabSurvey/lib/python3.8/site-packages/torch/nn/modules/loss.py:535: UserWarning: Using a target size (torch.Size([98])) that is different to the input size (torch.Size([98, 1])). This will likely lead to incorrect results due to broadcasting. Please ensure they have the same size.
  return F.mse_loss(input, target, reduction=self.reduction)
/home/mburu/anaconda3/envs/TabSurvey/lib/python3.8/site-packages/torch/nn/modules/loss.py:535: UserWarning: Using a target size (torch.Size([11])) that is different to the input size (torch.Size([11, 1])). This will likely lead to incorrect results due to broadcasting. Please ensure they have the same size.
  return F.mse_loss(input, target, reduction=self.reduction)
/home/mburu/anaconda3/envs/TabSurvey/lib/python3.8/site-packages/torch/nn/modules/loss.py:535: UserWarning: Using a target size (torch.Size([128])) that is different to the input size (torch.Size([128, 1])). This will likely lead to incorrect results due to broadcasting. Please ensure they have the same size.
  return F.mse_loss(input, target, reduction=self.reduction)
/home/mburu/Master_Thesis/master-thesis-da/DNN_Trial/models/rtdl_models.py:479: UserWarning: To copy construct from a tensor, it is recommended to use sourceTensor.clone().detach() or sourceTensor.clone().detach().requires_grad_(True), rather than torch.tensor(sourceTensor).
  X = torch.tensor(X, dtype=torch.float32).to(self.device)
/home/mburu/anaconda3/envs/TabSurvey/lib/python3.8/site-packages/torch/nn/modules/loss.py:535: UserWarning: Using a target size (torch.Size([98])) that is different to the input size (torch.Size([98, 1])). This will likely lead to incorrect results due to broadcasting. Please ensure they have the same size.
  return F.mse_loss(input, target, reduction=self.reduction)
/home/mburu/anaconda3/envs/TabSurvey/lib/python3.8/site-packages/torch/nn/modules/loss.py:535: UserWarning: Using a target size (torch.Size([11])) that is different to the input size (torch.Size([11, 1])). This will likely lead to incorrect results due to broadcasting. Please ensure they have the same size.
  return F.mse_loss(input, target, reduction=self.reduction)
[I 2025-05-11 02:53:29,295] Trial 3 finished with value: 502105.99335715565 and parameters: {'learning_rate': 0.00024457667726493325, 'weight_decay': 0.004070651772683096}. Best is trial 2 with value: 501685.11381860246.
/home/mburu/anaconda3/envs/TabSurvey/lib/python3.8/site-packages/torch/nn/modules/loss.py:535: UserWarning: Using a target size (torch.Size([128])) that is different to the input size (torch.Size([128, 1])). This will likely lead to incorrect results due to broadcasting. Please ensure they have the same size.
  return F.mse_loss(input, target, reduction=self.reduction)
/home/mburu/Master_Thesis/master-thesis-da/DNN_Trial/models/rtdl_models.py:479: UserWarning: To copy construct from a tensor, it is recommended to use sourceTensor.clone().detach() or sourceTensor.clone().detach().requires_grad_(True), rather than torch.tensor(sourceTensor).
  X = torch.tensor(X, dtype=torch.float32).to(self.device)
/home/mburu/anaconda3/envs/TabSurvey/lib/python3.8/site-packages/torch/nn/modules/loss.py:535: UserWarning: Using a target size (torch.Size([99])) that is different to the input size (torch.Size([99, 1])). This will likely lead to incorrect results due to broadcasting. Please ensure they have the same size.
  return F.mse_loss(input, target, reduction=self.reduction)
/home/mburu/anaconda3/envs/TabSurvey/lib/python3.8/site-packages/torch/nn/modules/loss.py:535: UserWarning: Using a target size (torch.Size([10])) that is different to the input size (torch.Size([10, 1])). This will likely lead to incorrect results due to broadcasting. Please ensure they have the same size.
  return F.mse_loss(input, target, reduction=self.reduction)
/home/mburu/anaconda3/envs/TabSurvey/lib/python3.8/site-packages/torch/nn/modules/loss.py:535: UserWarning: Using a target size (torch.Size([128])) that is different to the input size (torch.Size([128, 1])). This will likely lead to incorrect results due to broadcasting. Please ensure they have the same size.
  return F.mse_loss(input, target, reduction=self.reduction)
/home/mburu/Master_Thesis/master-thesis-da/DNN_Trial/models/rtdl_models.py:479: UserWarning: To copy construct from a tensor, it is recommended to use sourceTensor.clone().detach() or sourceTensor.clone().detach().requires_grad_(True), rather than torch.tensor(sourceTensor).
  X = torch.tensor(X, dtype=torch.float32).to(self.device)
/home/mburu/anaconda3/envs/TabSurvey/lib/python3.8/site-packages/torch/nn/modules/loss.py:535: UserWarning: Using a target size (torch.Size([99])) that is different to the input size (torch.Size([99, 1])). This will likely lead to incorrect results due to broadcasting. Please ensure they have the same size.
  return F.mse_loss(input, target, reduction=self.reduction)
/home/mburu/anaconda3/envs/TabSurvey/lib/python3.8/site-packages/torch/nn/modules/loss.py:535: UserWarning: Using a target size (torch.Size([10])) that is different to the input size (torch.Size([10, 1])). This will likely lead to incorrect results due to broadcasting. Please ensure they have the same size.
  return F.mse_loss(input, target, reduction=self.reduction)
/home/mburu/anaconda3/envs/TabSurvey/lib/python3.8/site-packages/torch/nn/modules/loss.py:535: UserWarning: Using a target size (torch.Size([128])) that is different to the input size (torch.Size([128, 1])). This will likely lead to incorrect results due to broadcasting. Please ensure they have the same size.
  return F.mse_loss(input, target, reduction=self.reduction)
/home/mburu/Master_Thesis/master-thesis-da/DNN_Trial/models/rtdl_models.py:479: UserWarning: To copy construct from a tensor, it is recommended to use sourceTensor.clone().detach() or sourceTensor.clone().detach().requires_grad_(True), rather than torch.tensor(sourceTensor).
  X = torch.tensor(X, dtype=torch.float32).to(self.device)
/home/mburu/anaconda3/envs/TabSurvey/lib/python3.8/site-packages/torch/nn/modules/loss.py:535: UserWarning: Using a target size (torch.Size([99])) that is different to the input size (torch.Size([99, 1])). This will likely lead to incorrect results due to broadcasting. Please ensure they have the same size.
  return F.mse_loss(input, target, reduction=self.reduction)
/home/mburu/anaconda3/envs/TabSurvey/lib/python3.8/site-packages/torch/nn/modules/loss.py:535: UserWarning: Using a target size (torch.Size([10])) that is different to the input size (torch.Size([10, 1])). This will likely lead to incorrect results due to broadcasting. Please ensure they have the same size.
  return F.mse_loss(input, target, reduction=self.reduction)
/home/mburu/anaconda3/envs/TabSurvey/lib/python3.8/site-packages/torch/nn/modules/loss.py:535: UserWarning: Using a target size (torch.Size([128])) that is different to the input size (torch.Size([128, 1])). This will likely lead to incorrect results due to broadcasting. Please ensure they have the same size.
  return F.mse_loss(input, target, reduction=self.reduction)
/home/mburu/Master_Thesis/master-thesis-da/DNN_Trial/models/rtdl_models.py:479: UserWarning: To copy construct from a tensor, it is recommended to use sourceTensor.clone().detach() or sourceTensor.clone().detach().requires_grad_(True), rather than torch.tensor(sourceTensor).
  X = torch.tensor(X, dtype=torch.float32).to(self.device)
/home/mburu/anaconda3/envs/TabSurvey/lib/python3.8/site-packages/torch/nn/modules/loss.py:535: UserWarning: Using a target size (torch.Size([98])) that is different to the input size (torch.Size([98, 1])). This will likely lead to incorrect results due to broadcasting. Please ensure they have the same size.
  return F.mse_loss(input, target, reduction=self.reduction)
/home/mburu/anaconda3/envs/TabSurvey/lib/python3.8/site-packages/torch/nn/modules/loss.py:535: UserWarning: Using a target size (torch.Size([11])) that is different to the input size (torch.Size([11, 1])). This will likely lead to incorrect results due to broadcasting. Please ensure they have the same size.
  return F.mse_loss(input, target, reduction=self.reduction)
/home/mburu/anaconda3/envs/TabSurvey/lib/python3.8/site-packages/torch/nn/modules/loss.py:535: UserWarning: Using a target size (torch.Size([128])) that is different to the input size (torch.Size([128, 1])). This will likely lead to incorrect results due to broadcasting. Please ensure they have the same size.
  return F.mse_loss(input, target, reduction=self.reduction)
/home/mburu/Master_Thesis/master-thesis-da/DNN_Trial/models/rtdl_models.py:479: UserWarning: To copy construct from a tensor, it is recommended to use sourceTensor.clone().detach() or sourceTensor.clone().detach().requires_grad_(True), rather than torch.tensor(sourceTensor).
  X = torch.tensor(X, dtype=torch.float32).to(self.device)
/home/mburu/anaconda3/envs/TabSurvey/lib/python3.8/site-packages/torch/nn/modules/loss.py:535: UserWarning: Using a target size (torch.Size([98])) that is different to the input size (torch.Size([98, 1])). This will likely lead to incorrect results due to broadcasting. Please ensure they have the same size.
  return F.mse_loss(input, target, reduction=self.reduction)
/home/mburu/anaconda3/envs/TabSurvey/lib/python3.8/site-packages/torch/nn/modules/loss.py:535: UserWarning: Using a target size (torch.Size([11])) that is different to the input size (torch.Size([11, 1])). This will likely lead to incorrect results due to broadcasting. Please ensure they have the same size.
  return F.mse_loss(input, target, reduction=self.reduction)
[I 2025-05-11 02:53:29,978] Trial 4 finished with value: 499662.97237803246 and parameters: {'learning_rate': 0.0032805837909024686, 'weight_decay': 1.808051298011867e-05}. Best is trial 4 with value: 499662.97237803246.
/home/mburu/anaconda3/envs/TabSurvey/lib/python3.8/site-packages/torch/nn/modules/loss.py:535: UserWarning: Using a target size (torch.Size([128])) that is different to the input size (torch.Size([128, 1])). This will likely lead to incorrect results due to broadcasting. Please ensure they have the same size.
  return F.mse_loss(input, target, reduction=self.reduction)
/home/mburu/Master_Thesis/master-thesis-da/DNN_Trial/models/rtdl_models.py:479: UserWarning: To copy construct from a tensor, it is recommended to use sourceTensor.clone().detach() or sourceTensor.clone().detach().requires_grad_(True), rather than torch.tensor(sourceTensor).
  X = torch.tensor(X, dtype=torch.float32).to(self.device)
/home/mburu/anaconda3/envs/TabSurvey/lib/python3.8/site-packages/torch/nn/modules/loss.py:535: UserWarning: Using a target size (torch.Size([123])) that is different to the input size (torch.Size([123, 1])). This will likely lead to incorrect results due to broadcasting. Please ensure they have the same size.
  return F.mse_loss(input, target, reduction=self.reduction)
/home/mburu/anaconda3/envs/TabSurvey/lib/python3.8/site-packages/torch/nn/modules/loss.py:535: UserWarning: Using a target size (torch.Size([109])) that is different to the input size (torch.Size([109, 1])). This will likely lead to incorrect results due to broadcasting. Please ensure they have the same size.
  return F.mse_loss(input, target, reduction=self.reduction)
[I 2025-05-11 02:53:30,115] A new study created in memory with name: FTTransformer_Moneyball_outer3
/home/mburu/anaconda3/envs/TabSurvey/lib/python3.8/site-packages/torch/nn/modules/loss.py:535: UserWarning: Using a target size (torch.Size([128])) that is different to the input size (torch.Size([128, 1])). This will likely lead to incorrect results due to broadcasting. Please ensure they have the same size.
  return F.mse_loss(input, target, reduction=self.reduction)
/home/mburu/Master_Thesis/master-thesis-da/DNN_Trial/models/rtdl_models.py:479: UserWarning: To copy construct from a tensor, it is recommended to use sourceTensor.clone().detach() or sourceTensor.clone().detach().requires_grad_(True), rather than torch.tensor(sourceTensor).
  X = torch.tensor(X, dtype=torch.float32).to(self.device)
/home/mburu/anaconda3/envs/TabSurvey/lib/python3.8/site-packages/torch/nn/modules/loss.py:535: UserWarning: Using a target size (torch.Size([99])) that is different to the input size (torch.Size([99, 1])). This will likely lead to incorrect results due to broadcasting. Please ensure they have the same size.
  return F.mse_loss(input, target, reduction=self.reduction)
/home/mburu/anaconda3/envs/TabSurvey/lib/python3.8/site-packages/torch/nn/modules/loss.py:535: UserWarning: Using a target size (torch.Size([10])) that is different to the input size (torch.Size([10, 1])). This will likely lead to incorrect results due to broadcasting. Please ensure they have the same size.
  return F.mse_loss(input, target, reduction=self.reduction)
/home/mburu/anaconda3/envs/TabSurvey/lib/python3.8/site-packages/torch/nn/modules/loss.py:535: UserWarning: Using a target size (torch.Size([128])) that is different to the input size (torch.Size([128, 1])). This will likely lead to incorrect results due to broadcasting. Please ensure they have the same size.
  return F.mse_loss(input, target, reduction=self.reduction)
/home/mburu/Master_Thesis/master-thesis-da/DNN_Trial/models/rtdl_models.py:479: UserWarning: To copy construct from a tensor, it is recommended to use sourceTensor.clone().detach() or sourceTensor.clone().detach().requires_grad_(True), rather than torch.tensor(sourceTensor).
  X = torch.tensor(X, dtype=torch.float32).to(self.device)
/home/mburu/anaconda3/envs/TabSurvey/lib/python3.8/site-packages/torch/nn/modules/loss.py:535: UserWarning: Using a target size (torch.Size([99])) that is different to the input size (torch.Size([99, 1])). This will likely lead to incorrect results due to broadcasting. Please ensure they have the same size.
  return F.mse_loss(input, target, reduction=self.reduction)
/home/mburu/anaconda3/envs/TabSurvey/lib/python3.8/site-packages/torch/nn/modules/loss.py:535: UserWarning: Using a target size (torch.Size([10])) that is different to the input size (torch.Size([10, 1])). This will likely lead to incorrect results due to broadcasting. Please ensure they have the same size.
  return F.mse_loss(input, target, reduction=self.reduction)
/home/mburu/anaconda3/envs/TabSurvey/lib/python3.8/site-packages/torch/nn/modules/loss.py:535: UserWarning: Using a target size (torch.Size([128])) that is different to the input size (torch.Size([128, 1])). This will likely lead to incorrect results due to broadcasting. Please ensure they have the same size.
  return F.mse_loss(input, target, reduction=self.reduction)
/home/mburu/Master_Thesis/master-thesis-da/DNN_Trial/models/rtdl_models.py:479: UserWarning: To copy construct from a tensor, it is recommended to use sourceTensor.clone().detach() or sourceTensor.clone().detach().requires_grad_(True), rather than torch.tensor(sourceTensor).
  X = torch.tensor(X, dtype=torch.float32).to(self.device)
/home/mburu/anaconda3/envs/TabSurvey/lib/python3.8/site-packages/torch/nn/modules/loss.py:535: UserWarning: Using a target size (torch.Size([99])) that is different to the input size (torch.Size([99, 1])). This will likely lead to incorrect results due to broadcasting. Please ensure they have the same size.
  return F.mse_loss(input, target, reduction=self.reduction)
/home/mburu/anaconda3/envs/TabSurvey/lib/python3.8/site-packages/torch/nn/modules/loss.py:535: UserWarning: Using a target size (torch.Size([10])) that is different to the input size (torch.Size([10, 1])). This will likely lead to incorrect results due to broadcasting. Please ensure they have the same size.
  return F.mse_loss(input, target, reduction=self.reduction)
/home/mburu/anaconda3/envs/TabSurvey/lib/python3.8/site-packages/torch/nn/modules/loss.py:535: UserWarning: Using a target size (torch.Size([128])) that is different to the input size (torch.Size([128, 1])). This will likely lead to incorrect results due to broadcasting. Please ensure they have the same size.
  return F.mse_loss(input, target, reduction=self.reduction)
/home/mburu/Master_Thesis/master-thesis-da/DNN_Trial/models/rtdl_models.py:479: UserWarning: To copy construct from a tensor, it is recommended to use sourceTensor.clone().detach() or sourceTensor.clone().detach().requires_grad_(True), rather than torch.tensor(sourceTensor).
  X = torch.tensor(X, dtype=torch.float32).to(self.device)
/home/mburu/anaconda3/envs/TabSurvey/lib/python3.8/site-packages/torch/nn/modules/loss.py:535: UserWarning: Using a target size (torch.Size([98])) that is different to the input size (torch.Size([98, 1])). This will likely lead to incorrect results due to broadcasting. Please ensure they have the same size.
  return F.mse_loss(input, target, reduction=self.reduction)
/home/mburu/anaconda3/envs/TabSurvey/lib/python3.8/site-packages/torch/nn/modules/loss.py:535: UserWarning: Using a target size (torch.Size([11])) that is different to the input size (torch.Size([11, 1])). This will likely lead to incorrect results due to broadcasting. Please ensure they have the same size.
  return F.mse_loss(input, target, reduction=self.reduction)
/home/mburu/anaconda3/envs/TabSurvey/lib/python3.8/site-packages/torch/nn/modules/loss.py:535: UserWarning: Using a target size (torch.Size([128])) that is different to the input size (torch.Size([128, 1])). This will likely lead to incorrect results due to broadcasting. Please ensure they have the same size.
  return F.mse_loss(input, target, reduction=self.reduction)
/home/mburu/Master_Thesis/master-thesis-da/DNN_Trial/models/rtdl_models.py:479: UserWarning: To copy construct from a tensor, it is recommended to use sourceTensor.clone().detach() or sourceTensor.clone().detach().requires_grad_(True), rather than torch.tensor(sourceTensor).
  X = torch.tensor(X, dtype=torch.float32).to(self.device)
/home/mburu/anaconda3/envs/TabSurvey/lib/python3.8/site-packages/torch/nn/modules/loss.py:535: UserWarning: Using a target size (torch.Size([98])) that is different to the input size (torch.Size([98, 1])). This will likely lead to incorrect results due to broadcasting. Please ensure they have the same size.
  return F.mse_loss(input, target, reduction=self.reduction)
/home/mburu/anaconda3/envs/TabSurvey/lib/python3.8/site-packages/torch/nn/modules/loss.py:535: UserWarning: Using a target size (torch.Size([11])) that is different to the input size (torch.Size([11, 1])). This will likely lead to incorrect results due to broadcasting. Please ensure they have the same size.
  return F.mse_loss(input, target, reduction=self.reduction)
[I 2025-05-11 02:53:30,857] Trial 0 finished with value: 505163.3360821282 and parameters: {'learning_rate': 0.0031732800128363567, 'weight_decay': 8.393190631421025e-05}. Best is trial 0 with value: 505163.3360821282.
/home/mburu/anaconda3/envs/TabSurvey/lib/python3.8/site-packages/torch/nn/modules/loss.py:535: UserWarning: Using a target size (torch.Size([128])) that is different to the input size (torch.Size([128, 1])). This will likely lead to incorrect results due to broadcasting. Please ensure they have the same size.
  return F.mse_loss(input, target, reduction=self.reduction)
/home/mburu/Master_Thesis/master-thesis-da/DNN_Trial/models/rtdl_models.py:479: UserWarning: To copy construct from a tensor, it is recommended to use sourceTensor.clone().detach() or sourceTensor.clone().detach().requires_grad_(True), rather than torch.tensor(sourceTensor).
  X = torch.tensor(X, dtype=torch.float32).to(self.device)
/home/mburu/anaconda3/envs/TabSurvey/lib/python3.8/site-packages/torch/nn/modules/loss.py:535: UserWarning: Using a target size (torch.Size([99])) that is different to the input size (torch.Size([99, 1])). This will likely lead to incorrect results due to broadcasting. Please ensure they have the same size.
  return F.mse_loss(input, target, reduction=self.reduction)
/home/mburu/anaconda3/envs/TabSurvey/lib/python3.8/site-packages/torch/nn/modules/loss.py:535: UserWarning: Using a target size (torch.Size([10])) that is different to the input size (torch.Size([10, 1])). This will likely lead to incorrect results due to broadcasting. Please ensure they have the same size.
  return F.mse_loss(input, target, reduction=self.reduction)
/home/mburu/anaconda3/envs/TabSurvey/lib/python3.8/site-packages/torch/nn/modules/loss.py:535: UserWarning: Using a target size (torch.Size([128])) that is different to the input size (torch.Size([128, 1])). This will likely lead to incorrect results due to broadcasting. Please ensure they have the same size.
  return F.mse_loss(input, target, reduction=self.reduction)
/home/mburu/Master_Thesis/master-thesis-da/DNN_Trial/models/rtdl_models.py:479: UserWarning: To copy construct from a tensor, it is recommended to use sourceTensor.clone().detach() or sourceTensor.clone().detach().requires_grad_(True), rather than torch.tensor(sourceTensor).
  X = torch.tensor(X, dtype=torch.float32).to(self.device)
/home/mburu/anaconda3/envs/TabSurvey/lib/python3.8/site-packages/torch/nn/modules/loss.py:535: UserWarning: Using a target size (torch.Size([99])) that is different to the input size (torch.Size([99, 1])). This will likely lead to incorrect results due to broadcasting. Please ensure they have the same size.
  return F.mse_loss(input, target, reduction=self.reduction)
/home/mburu/anaconda3/envs/TabSurvey/lib/python3.8/site-packages/torch/nn/modules/loss.py:535: UserWarning: Using a target size (torch.Size([10])) that is different to the input size (torch.Size([10, 1])). This will likely lead to incorrect results due to broadcasting. Please ensure they have the same size.
  return F.mse_loss(input, target, reduction=self.reduction)
/home/mburu/anaconda3/envs/TabSurvey/lib/python3.8/site-packages/torch/nn/modules/loss.py:535: UserWarning: Using a target size (torch.Size([128])) that is different to the input size (torch.Size([128, 1])). This will likely lead to incorrect results due to broadcasting. Please ensure they have the same size.
  return F.mse_loss(input, target, reduction=self.reduction)
/home/mburu/Master_Thesis/master-thesis-da/DNN_Trial/models/rtdl_models.py:479: UserWarning: To copy construct from a tensor, it is recommended to use sourceTensor.clone().detach() or sourceTensor.clone().detach().requires_grad_(True), rather than torch.tensor(sourceTensor).
  X = torch.tensor(X, dtype=torch.float32).to(self.device)
/home/mburu/anaconda3/envs/TabSurvey/lib/python3.8/site-packages/torch/nn/modules/loss.py:535: UserWarning: Using a target size (torch.Size([99])) that is different to the input size (torch.Size([99, 1])). This will likely lead to incorrect results due to broadcasting. Please ensure they have the same size.
  return F.mse_loss(input, target, reduction=self.reduction)
/home/mburu/anaconda3/envs/TabSurvey/lib/python3.8/site-packages/torch/nn/modules/loss.py:535: UserWarning: Using a target size (torch.Size([10])) that is different to the input size (torch.Size([10, 1])). This will likely lead to incorrect results due to broadcasting. Please ensure they have the same size.
  return F.mse_loss(input, target, reduction=self.reduction)
/home/mburu/anaconda3/envs/TabSurvey/lib/python3.8/site-packages/torch/nn/modules/loss.py:535: UserWarning: Using a target size (torch.Size([128])) that is different to the input size (torch.Size([128, 1])). This will likely lead to incorrect results due to broadcasting. Please ensure they have the same size.
  return F.mse_loss(input, target, reduction=self.reduction)
/home/mburu/Master_Thesis/master-thesis-da/DNN_Trial/models/rtdl_models.py:479: UserWarning: To copy construct from a tensor, it is recommended to use sourceTensor.clone().detach() or sourceTensor.clone().detach().requires_grad_(True), rather than torch.tensor(sourceTensor).
  X = torch.tensor(X, dtype=torch.float32).to(self.device)
/home/mburu/anaconda3/envs/TabSurvey/lib/python3.8/site-packages/torch/nn/modules/loss.py:535: UserWarning: Using a target size (torch.Size([98])) that is different to the input size (torch.Size([98, 1])). This will likely lead to incorrect results due to broadcasting. Please ensure they have the same size.
  return F.mse_loss(input, target, reduction=self.reduction)
/home/mburu/anaconda3/envs/TabSurvey/lib/python3.8/site-packages/torch/nn/modules/loss.py:535: UserWarning: Using a target size (torch.Size([11])) that is different to the input size (torch.Size([11, 1])). This will likely lead to incorrect results due to broadcasting. Please ensure they have the same size.
  return F.mse_loss(input, target, reduction=self.reduction)
/home/mburu/anaconda3/envs/TabSurvey/lib/python3.8/site-packages/torch/nn/modules/loss.py:535: UserWarning: Using a target size (torch.Size([128])) that is different to the input size (torch.Size([128, 1])). This will likely lead to incorrect results due to broadcasting. Please ensure they have the same size.
  return F.mse_loss(input, target, reduction=self.reduction)
/home/mburu/Master_Thesis/master-thesis-da/DNN_Trial/models/rtdl_models.py:479: UserWarning: To copy construct from a tensor, it is recommended to use sourceTensor.clone().detach() or sourceTensor.clone().detach().requires_grad_(True), rather than torch.tensor(sourceTensor).
  X = torch.tensor(X, dtype=torch.float32).to(self.device)
/home/mburu/anaconda3/envs/TabSurvey/lib/python3.8/site-packages/torch/nn/modules/loss.py:535: UserWarning: Using a target size (torch.Size([98])) that is different to the input size (torch.Size([98, 1])). This will likely lead to incorrect results due to broadcasting. Please ensure they have the same size.
  return F.mse_loss(input, target, reduction=self.reduction)
/home/mburu/anaconda3/envs/TabSurvey/lib/python3.8/site-packages/torch/nn/modules/loss.py:535: UserWarning: Using a target size (torch.Size([11])) that is different to the input size (torch.Size([11, 1])). This will likely lead to incorrect results due to broadcasting. Please ensure they have the same size.
  return F.mse_loss(input, target, reduction=self.reduction)
[I 2025-05-11 02:53:31,651] Trial 1 finished with value: 506702.51059133204 and parameters: {'learning_rate': 0.0005311912002582619, 'weight_decay': 8.12298388133511e-06}. Best is trial 0 with value: 505163.3360821282.
/home/mburu/anaconda3/envs/TabSurvey/lib/python3.8/site-packages/torch/nn/modules/loss.py:535: UserWarning: Using a target size (torch.Size([128])) that is different to the input size (torch.Size([128, 1])). This will likely lead to incorrect results due to broadcasting. Please ensure they have the same size.
  return F.mse_loss(input, target, reduction=self.reduction)
/home/mburu/Master_Thesis/master-thesis-da/DNN_Trial/models/rtdl_models.py:479: UserWarning: To copy construct from a tensor, it is recommended to use sourceTensor.clone().detach() or sourceTensor.clone().detach().requires_grad_(True), rather than torch.tensor(sourceTensor).
  X = torch.tensor(X, dtype=torch.float32).to(self.device)
/home/mburu/anaconda3/envs/TabSurvey/lib/python3.8/site-packages/torch/nn/modules/loss.py:535: UserWarning: Using a target size (torch.Size([99])) that is different to the input size (torch.Size([99, 1])). This will likely lead to incorrect results due to broadcasting. Please ensure they have the same size.
  return F.mse_loss(input, target, reduction=self.reduction)
/home/mburu/anaconda3/envs/TabSurvey/lib/python3.8/site-packages/torch/nn/modules/loss.py:535: UserWarning: Using a target size (torch.Size([10])) that is different to the input size (torch.Size([10, 1])). This will likely lead to incorrect results due to broadcasting. Please ensure they have the same size.
  return F.mse_loss(input, target, reduction=self.reduction)
/home/mburu/anaconda3/envs/TabSurvey/lib/python3.8/site-packages/torch/nn/modules/loss.py:535: UserWarning: Using a target size (torch.Size([128])) that is different to the input size (torch.Size([128, 1])). This will likely lead to incorrect results due to broadcasting. Please ensure they have the same size.
  return F.mse_loss(input, target, reduction=self.reduction)
/home/mburu/Master_Thesis/master-thesis-da/DNN_Trial/models/rtdl_models.py:479: UserWarning: To copy construct from a tensor, it is recommended to use sourceTensor.clone().detach() or sourceTensor.clone().detach().requires_grad_(True), rather than torch.tensor(sourceTensor).
  X = torch.tensor(X, dtype=torch.float32).to(self.device)
/home/mburu/anaconda3/envs/TabSurvey/lib/python3.8/site-packages/torch/nn/modules/loss.py:535: UserWarning: Using a target size (torch.Size([99])) that is different to the input size (torch.Size([99, 1])). This will likely lead to incorrect results due to broadcasting. Please ensure they have the same size.
  return F.mse_loss(input, target, reduction=self.reduction)
/home/mburu/anaconda3/envs/TabSurvey/lib/python3.8/site-packages/torch/nn/modules/loss.py:535: UserWarning: Using a target size (torch.Size([10])) that is different to the input size (torch.Size([10, 1])). This will likely lead to incorrect results due to broadcasting. Please ensure they have the same size.
  return F.mse_loss(input, target, reduction=self.reduction)
/home/mburu/anaconda3/envs/TabSurvey/lib/python3.8/site-packages/torch/nn/modules/loss.py:535: UserWarning: Using a target size (torch.Size([128])) that is different to the input size (torch.Size([128, 1])). This will likely lead to incorrect results due to broadcasting. Please ensure they have the same size.
  return F.mse_loss(input, target, reduction=self.reduction)
/home/mburu/Master_Thesis/master-thesis-da/DNN_Trial/models/rtdl_models.py:479: UserWarning: To copy construct from a tensor, it is recommended to use sourceTensor.clone().detach() or sourceTensor.clone().detach().requires_grad_(True), rather than torch.tensor(sourceTensor).
  X = torch.tensor(X, dtype=torch.float32).to(self.device)
/home/mburu/anaconda3/envs/TabSurvey/lib/python3.8/site-packages/torch/nn/modules/loss.py:535: UserWarning: Using a target size (torch.Size([99])) that is different to the input size (torch.Size([99, 1])). This will likely lead to incorrect results due to broadcasting. Please ensure they have the same size.
  return F.mse_loss(input, target, reduction=self.reduction)
/home/mburu/anaconda3/envs/TabSurvey/lib/python3.8/site-packages/torch/nn/modules/loss.py:535: UserWarning: Using a target size (torch.Size([10])) that is different to the input size (torch.Size([10, 1])). This will likely lead to incorrect results due to broadcasting. Please ensure they have the same size.
  return F.mse_loss(input, target, reduction=self.reduction)
/home/mburu/anaconda3/envs/TabSurvey/lib/python3.8/site-packages/torch/nn/modules/loss.py:535: UserWarning: Using a target size (torch.Size([128])) that is different to the input size (torch.Size([128, 1])). This will likely lead to incorrect results due to broadcasting. Please ensure they have the same size.
  return F.mse_loss(input, target, reduction=self.reduction)
/home/mburu/Master_Thesis/master-thesis-da/DNN_Trial/models/rtdl_models.py:479: UserWarning: To copy construct from a tensor, it is recommended to use sourceTensor.clone().detach() or sourceTensor.clone().detach().requires_grad_(True), rather than torch.tensor(sourceTensor).
  X = torch.tensor(X, dtype=torch.float32).to(self.device)
/home/mburu/anaconda3/envs/TabSurvey/lib/python3.8/site-packages/torch/nn/modules/loss.py:535: UserWarning: Using a target size (torch.Size([98])) that is different to the input size (torch.Size([98, 1])). This will likely lead to incorrect results due to broadcasting. Please ensure they have the same size.
  return F.mse_loss(input, target, reduction=self.reduction)
/home/mburu/anaconda3/envs/TabSurvey/lib/python3.8/site-packages/torch/nn/modules/loss.py:535: UserWarning: Using a target size (torch.Size([11])) that is different to the input size (torch.Size([11, 1])). This will likely lead to incorrect results due to broadcasting. Please ensure they have the same size.
  return F.mse_loss(input, target, reduction=self.reduction)
/home/mburu/anaconda3/envs/TabSurvey/lib/python3.8/site-packages/torch/nn/modules/loss.py:535: UserWarning: Using a target size (torch.Size([128])) that is different to the input size (torch.Size([128, 1])). This will likely lead to incorrect results due to broadcasting. Please ensure they have the same size.
  return F.mse_loss(input, target, reduction=self.reduction)
/home/mburu/Master_Thesis/master-thesis-da/DNN_Trial/models/rtdl_models.py:479: UserWarning: To copy construct from a tensor, it is recommended to use sourceTensor.clone().detach() or sourceTensor.clone().detach().requires_grad_(True), rather than torch.tensor(sourceTensor).
  X = torch.tensor(X, dtype=torch.float32).to(self.device)
/home/mburu/anaconda3/envs/TabSurvey/lib/python3.8/site-packages/torch/nn/modules/loss.py:535: UserWarning: Using a target size (torch.Size([98])) that is different to the input size (torch.Size([98, 1])). This will likely lead to incorrect results due to broadcasting. Please ensure they have the same size.
  return F.mse_loss(input, target, reduction=self.reduction)
/home/mburu/anaconda3/envs/TabSurvey/lib/python3.8/site-packages/torch/nn/modules/loss.py:535: UserWarning: Using a target size (torch.Size([11])) that is different to the input size (torch.Size([11, 1])). This will likely lead to incorrect results due to broadcasting. Please ensure they have the same size.
  return F.mse_loss(input, target, reduction=self.reduction)
[I 2025-05-11 02:53:32,462] Trial 2 finished with value: 504913.62850778876 and parameters: {'learning_rate': 0.0044018719737761785, 'weight_decay': 0.008580279681586298}. Best is trial 2 with value: 504913.62850778876.
/home/mburu/anaconda3/envs/TabSurvey/lib/python3.8/site-packages/torch/nn/modules/loss.py:535: UserWarning: Using a target size (torch.Size([128])) that is different to the input size (torch.Size([128, 1])). This will likely lead to incorrect results due to broadcasting. Please ensure they have the same size.
  return F.mse_loss(input, target, reduction=self.reduction)
/home/mburu/Master_Thesis/master-thesis-da/DNN_Trial/models/rtdl_models.py:479: UserWarning: To copy construct from a tensor, it is recommended to use sourceTensor.clone().detach() or sourceTensor.clone().detach().requires_grad_(True), rather than torch.tensor(sourceTensor).
  X = torch.tensor(X, dtype=torch.float32).to(self.device)
/home/mburu/anaconda3/envs/TabSurvey/lib/python3.8/site-packages/torch/nn/modules/loss.py:535: UserWarning: Using a target size (torch.Size([99])) that is different to the input size (torch.Size([99, 1])). This will likely lead to incorrect results due to broadcasting. Please ensure they have the same size.
  return F.mse_loss(input, target, reduction=self.reduction)
/home/mburu/anaconda3/envs/TabSurvey/lib/python3.8/site-packages/torch/nn/modules/loss.py:535: UserWarning: Using a target size (torch.Size([10])) that is different to the input size (torch.Size([10, 1])). This will likely lead to incorrect results due to broadcasting. Please ensure they have the same size.
  return F.mse_loss(input, target, reduction=self.reduction)
/home/mburu/anaconda3/envs/TabSurvey/lib/python3.8/site-packages/torch/nn/modules/loss.py:535: UserWarning: Using a target size (torch.Size([128])) that is different to the input size (torch.Size([128, 1])). This will likely lead to incorrect results due to broadcasting. Please ensure they have the same size.
  return F.mse_loss(input, target, reduction=self.reduction)
/home/mburu/Master_Thesis/master-thesis-da/DNN_Trial/models/rtdl_models.py:479: UserWarning: To copy construct from a tensor, it is recommended to use sourceTensor.clone().detach() or sourceTensor.clone().detach().requires_grad_(True), rather than torch.tensor(sourceTensor).
  X = torch.tensor(X, dtype=torch.float32).to(self.device)
/home/mburu/anaconda3/envs/TabSurvey/lib/python3.8/site-packages/torch/nn/modules/loss.py:535: UserWarning: Using a target size (torch.Size([99])) that is different to the input size (torch.Size([99, 1])). This will likely lead to incorrect results due to broadcasting. Please ensure they have the same size.
  return F.mse_loss(input, target, reduction=self.reduction)
/home/mburu/anaconda3/envs/TabSurvey/lib/python3.8/site-packages/torch/nn/modules/loss.py:535: UserWarning: Using a target size (torch.Size([10])) that is different to the input size (torch.Size([10, 1])). This will likely lead to incorrect results due to broadcasting. Please ensure they have the same size.
  return F.mse_loss(input, target, reduction=self.reduction)
/home/mburu/anaconda3/envs/TabSurvey/lib/python3.8/site-packages/torch/nn/modules/loss.py:535: UserWarning: Using a target size (torch.Size([128])) that is different to the input size (torch.Size([128, 1])). This will likely lead to incorrect results due to broadcasting. Please ensure they have the same size.
  return F.mse_loss(input, target, reduction=self.reduction)
/home/mburu/Master_Thesis/master-thesis-da/DNN_Trial/models/rtdl_models.py:479: UserWarning: To copy construct from a tensor, it is recommended to use sourceTensor.clone().detach() or sourceTensor.clone().detach().requires_grad_(True), rather than torch.tensor(sourceTensor).
  X = torch.tensor(X, dtype=torch.float32).to(self.device)
/home/mburu/anaconda3/envs/TabSurvey/lib/python3.8/site-packages/torch/nn/modules/loss.py:535: UserWarning: Using a target size (torch.Size([99])) that is different to the input size (torch.Size([99, 1])). This will likely lead to incorrect results due to broadcasting. Please ensure they have the same size.
  return F.mse_loss(input, target, reduction=self.reduction)
/home/mburu/anaconda3/envs/TabSurvey/lib/python3.8/site-packages/torch/nn/modules/loss.py:535: UserWarning: Using a target size (torch.Size([10])) that is different to the input size (torch.Size([10, 1])). This will likely lead to incorrect results due to broadcasting. Please ensure they have the same size.
  return F.mse_loss(input, target, reduction=self.reduction)
/home/mburu/anaconda3/envs/TabSurvey/lib/python3.8/site-packages/torch/nn/modules/loss.py:535: UserWarning: Using a target size (torch.Size([128])) that is different to the input size (torch.Size([128, 1])). This will likely lead to incorrect results due to broadcasting. Please ensure they have the same size.
  return F.mse_loss(input, target, reduction=self.reduction)
/home/mburu/Master_Thesis/master-thesis-da/DNN_Trial/models/rtdl_models.py:479: UserWarning: To copy construct from a tensor, it is recommended to use sourceTensor.clone().detach() or sourceTensor.clone().detach().requires_grad_(True), rather than torch.tensor(sourceTensor).
  X = torch.tensor(X, dtype=torch.float32).to(self.device)
/home/mburu/anaconda3/envs/TabSurvey/lib/python3.8/site-packages/torch/nn/modules/loss.py:535: UserWarning: Using a target size (torch.Size([98])) that is different to the input size (torch.Size([98, 1])). This will likely lead to incorrect results due to broadcasting. Please ensure they have the same size.
  return F.mse_loss(input, target, reduction=self.reduction)
/home/mburu/anaconda3/envs/TabSurvey/lib/python3.8/site-packages/torch/nn/modules/loss.py:535: UserWarning: Using a target size (torch.Size([11])) that is different to the input size (torch.Size([11, 1])). This will likely lead to incorrect results due to broadcasting. Please ensure they have the same size.
  return F.mse_loss(input, target, reduction=self.reduction)
/home/mburu/anaconda3/envs/TabSurvey/lib/python3.8/site-packages/torch/nn/modules/loss.py:535: UserWarning: Using a target size (torch.Size([128])) that is different to the input size (torch.Size([128, 1])). This will likely lead to incorrect results due to broadcasting. Please ensure they have the same size.
  return F.mse_loss(input, target, reduction=self.reduction)
/home/mburu/Master_Thesis/master-thesis-da/DNN_Trial/models/rtdl_models.py:479: UserWarning: To copy construct from a tensor, it is recommended to use sourceTensor.clone().detach() or sourceTensor.clone().detach().requires_grad_(True), rather than torch.tensor(sourceTensor).
  X = torch.tensor(X, dtype=torch.float32).to(self.device)
/home/mburu/anaconda3/envs/TabSurvey/lib/python3.8/site-packages/torch/nn/modules/loss.py:535: UserWarning: Using a target size (torch.Size([98])) that is different to the input size (torch.Size([98, 1])). This will likely lead to incorrect results due to broadcasting. Please ensure they have the same size.
  return F.mse_loss(input, target, reduction=self.reduction)
/home/mburu/anaconda3/envs/TabSurvey/lib/python3.8/site-packages/torch/nn/modules/loss.py:535: UserWarning: Using a target size (torch.Size([11])) that is different to the input size (torch.Size([11, 1])). This will likely lead to incorrect results due to broadcasting. Please ensure they have the same size.
  return F.mse_loss(input, target, reduction=self.reduction)
[I 2025-05-11 02:53:33,289] Trial 3 finished with value: 509954.3080996646 and parameters: {'learning_rate': 5.485654119764482e-05, 'weight_decay': 0.0002548943194283175}. Best is trial 2 with value: 504913.62850778876.
/home/mburu/anaconda3/envs/TabSurvey/lib/python3.8/site-packages/torch/nn/modules/loss.py:535: UserWarning: Using a target size (torch.Size([128])) that is different to the input size (torch.Size([128, 1])). This will likely lead to incorrect results due to broadcasting. Please ensure they have the same size.
  return F.mse_loss(input, target, reduction=self.reduction)
/home/mburu/Master_Thesis/master-thesis-da/DNN_Trial/models/rtdl_models.py:479: UserWarning: To copy construct from a tensor, it is recommended to use sourceTensor.clone().detach() or sourceTensor.clone().detach().requires_grad_(True), rather than torch.tensor(sourceTensor).
  X = torch.tensor(X, dtype=torch.float32).to(self.device)
/home/mburu/anaconda3/envs/TabSurvey/lib/python3.8/site-packages/torch/nn/modules/loss.py:535: UserWarning: Using a target size (torch.Size([99])) that is different to the input size (torch.Size([99, 1])). This will likely lead to incorrect results due to broadcasting. Please ensure they have the same size.
  return F.mse_loss(input, target, reduction=self.reduction)
/home/mburu/anaconda3/envs/TabSurvey/lib/python3.8/site-packages/torch/nn/modules/loss.py:535: UserWarning: Using a target size (torch.Size([10])) that is different to the input size (torch.Size([10, 1])). This will likely lead to incorrect results due to broadcasting. Please ensure they have the same size.
  return F.mse_loss(input, target, reduction=self.reduction)
/home/mburu/anaconda3/envs/TabSurvey/lib/python3.8/site-packages/torch/nn/modules/loss.py:535: UserWarning: Using a target size (torch.Size([128])) that is different to the input size (torch.Size([128, 1])). This will likely lead to incorrect results due to broadcasting. Please ensure they have the same size.
  return F.mse_loss(input, target, reduction=self.reduction)
/home/mburu/Master_Thesis/master-thesis-da/DNN_Trial/models/rtdl_models.py:479: UserWarning: To copy construct from a tensor, it is recommended to use sourceTensor.clone().detach() or sourceTensor.clone().detach().requires_grad_(True), rather than torch.tensor(sourceTensor).
  X = torch.tensor(X, dtype=torch.float32).to(self.device)
/home/mburu/anaconda3/envs/TabSurvey/lib/python3.8/site-packages/torch/nn/modules/loss.py:535: UserWarning: Using a target size (torch.Size([99])) that is different to the input size (torch.Size([99, 1])). This will likely lead to incorrect results due to broadcasting. Please ensure they have the same size.
  return F.mse_loss(input, target, reduction=self.reduction)
/home/mburu/anaconda3/envs/TabSurvey/lib/python3.8/site-packages/torch/nn/modules/loss.py:535: UserWarning: Using a target size (torch.Size([10])) that is different to the input size (torch.Size([10, 1])). This will likely lead to incorrect results due to broadcasting. Please ensure they have the same size.
  return F.mse_loss(input, target, reduction=self.reduction)
/home/mburu/anaconda3/envs/TabSurvey/lib/python3.8/site-packages/torch/nn/modules/loss.py:535: UserWarning: Using a target size (torch.Size([128])) that is different to the input size (torch.Size([128, 1])). This will likely lead to incorrect results due to broadcasting. Please ensure they have the same size.
  return F.mse_loss(input, target, reduction=self.reduction)
/home/mburu/Master_Thesis/master-thesis-da/DNN_Trial/models/rtdl_models.py:479: UserWarning: To copy construct from a tensor, it is recommended to use sourceTensor.clone().detach() or sourceTensor.clone().detach().requires_grad_(True), rather than torch.tensor(sourceTensor).
  X = torch.tensor(X, dtype=torch.float32).to(self.device)
/home/mburu/anaconda3/envs/TabSurvey/lib/python3.8/site-packages/torch/nn/modules/loss.py:535: UserWarning: Using a target size (torch.Size([99])) that is different to the input size (torch.Size([99, 1])). This will likely lead to incorrect results due to broadcasting. Please ensure they have the same size.
  return F.mse_loss(input, target, reduction=self.reduction)
/home/mburu/anaconda3/envs/TabSurvey/lib/python3.8/site-packages/torch/nn/modules/loss.py:535: UserWarning: Using a target size (torch.Size([10])) that is different to the input size (torch.Size([10, 1])). This will likely lead to incorrect results due to broadcasting. Please ensure they have the same size.
  return F.mse_loss(input, target, reduction=self.reduction)
/home/mburu/anaconda3/envs/TabSurvey/lib/python3.8/site-packages/torch/nn/modules/loss.py:535: UserWarning: Using a target size (torch.Size([128])) that is different to the input size (torch.Size([128, 1])). This will likely lead to incorrect results due to broadcasting. Please ensure they have the same size.
  return F.mse_loss(input, target, reduction=self.reduction)
/home/mburu/Master_Thesis/master-thesis-da/DNN_Trial/models/rtdl_models.py:479: UserWarning: To copy construct from a tensor, it is recommended to use sourceTensor.clone().detach() or sourceTensor.clone().detach().requires_grad_(True), rather than torch.tensor(sourceTensor).
  X = torch.tensor(X, dtype=torch.float32).to(self.device)
/home/mburu/anaconda3/envs/TabSurvey/lib/python3.8/site-packages/torch/nn/modules/loss.py:535: UserWarning: Using a target size (torch.Size([98])) that is different to the input size (torch.Size([98, 1])). This will likely lead to incorrect results due to broadcasting. Please ensure they have the same size.
  return F.mse_loss(input, target, reduction=self.reduction)
/home/mburu/anaconda3/envs/TabSurvey/lib/python3.8/site-packages/torch/nn/modules/loss.py:535: UserWarning: Using a target size (torch.Size([11])) that is different to the input size (torch.Size([11, 1])). This will likely lead to incorrect results due to broadcasting. Please ensure they have the same size.
  return F.mse_loss(input, target, reduction=self.reduction)
/home/mburu/anaconda3/envs/TabSurvey/lib/python3.8/site-packages/torch/nn/modules/loss.py:535: UserWarning: Using a target size (torch.Size([128])) that is different to the input size (torch.Size([128, 1])). This will likely lead to incorrect results due to broadcasting. Please ensure they have the same size.
  return F.mse_loss(input, target, reduction=self.reduction)
/home/mburu/Master_Thesis/master-thesis-da/DNN_Trial/models/rtdl_models.py:479: UserWarning: To copy construct from a tensor, it is recommended to use sourceTensor.clone().detach() or sourceTensor.clone().detach().requires_grad_(True), rather than torch.tensor(sourceTensor).
  X = torch.tensor(X, dtype=torch.float32).to(self.device)
/home/mburu/anaconda3/envs/TabSurvey/lib/python3.8/site-packages/torch/nn/modules/loss.py:535: UserWarning: Using a target size (torch.Size([98])) that is different to the input size (torch.Size([98, 1])). This will likely lead to incorrect results due to broadcasting. Please ensure they have the same size.
  return F.mse_loss(input, target, reduction=self.reduction)
/home/mburu/anaconda3/envs/TabSurvey/lib/python3.8/site-packages/torch/nn/modules/loss.py:535: UserWarning: Using a target size (torch.Size([11])) that is different to the input size (torch.Size([11, 1])). This will likely lead to incorrect results due to broadcasting. Please ensure they have the same size.
  return F.mse_loss(input, target, reduction=self.reduction)
[I 2025-05-11 02:53:34,086] Trial 4 finished with value: 509811.81512875867 and parameters: {'learning_rate': 5.515113233474842e-05, 'weight_decay': 0.00013632514024951376}. Best is trial 2 with value: 504913.62850778876.
/home/mburu/anaconda3/envs/TabSurvey/lib/python3.8/site-packages/torch/nn/modules/loss.py:535: UserWarning: Using a target size (torch.Size([128])) that is different to the input size (torch.Size([128, 1])). This will likely lead to incorrect results due to broadcasting. Please ensure they have the same size.
  return F.mse_loss(input, target, reduction=self.reduction)
/home/mburu/Master_Thesis/master-thesis-da/DNN_Trial/models/rtdl_models.py:479: UserWarning: To copy construct from a tensor, it is recommended to use sourceTensor.clone().detach() or sourceTensor.clone().detach().requires_grad_(True), rather than torch.tensor(sourceTensor).
  X = torch.tensor(X, dtype=torch.float32).to(self.device)
/home/mburu/anaconda3/envs/TabSurvey/lib/python3.8/site-packages/torch/nn/modules/loss.py:535: UserWarning: Using a target size (torch.Size([123])) that is different to the input size (torch.Size([123, 1])). This will likely lead to incorrect results due to broadcasting. Please ensure they have the same size.
  return F.mse_loss(input, target, reduction=self.reduction)
/home/mburu/anaconda3/envs/TabSurvey/lib/python3.8/site-packages/torch/nn/modules/loss.py:535: UserWarning: Using a target size (torch.Size([109])) that is different to the input size (torch.Size([109, 1])). This will likely lead to incorrect results due to broadcasting. Please ensure they have the same size.
  return F.mse_loss(input, target, reduction=self.reduction)
[I 2025-05-11 02:53:34,247] A new study created in memory with name: FTTransformer_Moneyball_outer4
/home/mburu/anaconda3/envs/TabSurvey/lib/python3.8/site-packages/torch/nn/modules/loss.py:535: UserWarning: Using a target size (torch.Size([128])) that is different to the input size (torch.Size([128, 1])). This will likely lead to incorrect results due to broadcasting. Please ensure they have the same size.
  return F.mse_loss(input, target, reduction=self.reduction)
/home/mburu/Master_Thesis/master-thesis-da/DNN_Trial/models/rtdl_models.py:479: UserWarning: To copy construct from a tensor, it is recommended to use sourceTensor.clone().detach() or sourceTensor.clone().detach().requires_grad_(True), rather than torch.tensor(sourceTensor).
  X = torch.tensor(X, dtype=torch.float32).to(self.device)
/home/mburu/anaconda3/envs/TabSurvey/lib/python3.8/site-packages/torch/nn/modules/loss.py:535: UserWarning: Using a target size (torch.Size([99])) that is different to the input size (torch.Size([99, 1])). This will likely lead to incorrect results due to broadcasting. Please ensure they have the same size.
  return F.mse_loss(input, target, reduction=self.reduction)
/home/mburu/anaconda3/envs/TabSurvey/lib/python3.8/site-packages/torch/nn/modules/loss.py:535: UserWarning: Using a target size (torch.Size([10])) that is different to the input size (torch.Size([10, 1])). This will likely lead to incorrect results due to broadcasting. Please ensure they have the same size.
  return F.mse_loss(input, target, reduction=self.reduction)
/home/mburu/anaconda3/envs/TabSurvey/lib/python3.8/site-packages/torch/nn/modules/loss.py:535: UserWarning: Using a target size (torch.Size([128])) that is different to the input size (torch.Size([128, 1])). This will likely lead to incorrect results due to broadcasting. Please ensure they have the same size.
  return F.mse_loss(input, target, reduction=self.reduction)
/home/mburu/Master_Thesis/master-thesis-da/DNN_Trial/models/rtdl_models.py:479: UserWarning: To copy construct from a tensor, it is recommended to use sourceTensor.clone().detach() or sourceTensor.clone().detach().requires_grad_(True), rather than torch.tensor(sourceTensor).
  X = torch.tensor(X, dtype=torch.float32).to(self.device)
/home/mburu/anaconda3/envs/TabSurvey/lib/python3.8/site-packages/torch/nn/modules/loss.py:535: UserWarning: Using a target size (torch.Size([99])) that is different to the input size (torch.Size([99, 1])). This will likely lead to incorrect results due to broadcasting. Please ensure they have the same size.
  return F.mse_loss(input, target, reduction=self.reduction)
/home/mburu/anaconda3/envs/TabSurvey/lib/python3.8/site-packages/torch/nn/modules/loss.py:535: UserWarning: Using a target size (torch.Size([10])) that is different to the input size (torch.Size([10, 1])). This will likely lead to incorrect results due to broadcasting. Please ensure they have the same size.
  return F.mse_loss(input, target, reduction=self.reduction)
/home/mburu/anaconda3/envs/TabSurvey/lib/python3.8/site-packages/torch/nn/modules/loss.py:535: UserWarning: Using a target size (torch.Size([128])) that is different to the input size (torch.Size([128, 1])). This will likely lead to incorrect results due to broadcasting. Please ensure they have the same size.
  return F.mse_loss(input, target, reduction=self.reduction)
/home/mburu/Master_Thesis/master-thesis-da/DNN_Trial/models/rtdl_models.py:479: UserWarning: To copy construct from a tensor, it is recommended to use sourceTensor.clone().detach() or sourceTensor.clone().detach().requires_grad_(True), rather than torch.tensor(sourceTensor).
  X = torch.tensor(X, dtype=torch.float32).to(self.device)
/home/mburu/anaconda3/envs/TabSurvey/lib/python3.8/site-packages/torch/nn/modules/loss.py:535: UserWarning: Using a target size (torch.Size([99])) that is different to the input size (torch.Size([99, 1])). This will likely lead to incorrect results due to broadcasting. Please ensure they have the same size.
  return F.mse_loss(input, target, reduction=self.reduction)
/home/mburu/anaconda3/envs/TabSurvey/lib/python3.8/site-packages/torch/nn/modules/loss.py:535: UserWarning: Using a target size (torch.Size([10])) that is different to the input size (torch.Size([10, 1])). This will likely lead to incorrect results due to broadcasting. Please ensure they have the same size.
  return F.mse_loss(input, target, reduction=self.reduction)
/home/mburu/anaconda3/envs/TabSurvey/lib/python3.8/site-packages/torch/nn/modules/loss.py:535: UserWarning: Using a target size (torch.Size([128])) that is different to the input size (torch.Size([128, 1])). This will likely lead to incorrect results due to broadcasting. Please ensure they have the same size.
  return F.mse_loss(input, target, reduction=self.reduction)
/home/mburu/Master_Thesis/master-thesis-da/DNN_Trial/models/rtdl_models.py:479: UserWarning: To copy construct from a tensor, it is recommended to use sourceTensor.clone().detach() or sourceTensor.clone().detach().requires_grad_(True), rather than torch.tensor(sourceTensor).
  X = torch.tensor(X, dtype=torch.float32).to(self.device)
/home/mburu/anaconda3/envs/TabSurvey/lib/python3.8/site-packages/torch/nn/modules/loss.py:535: UserWarning: Using a target size (torch.Size([98])) that is different to the input size (torch.Size([98, 1])). This will likely lead to incorrect results due to broadcasting. Please ensure they have the same size.
  return F.mse_loss(input, target, reduction=self.reduction)
/home/mburu/anaconda3/envs/TabSurvey/lib/python3.8/site-packages/torch/nn/modules/loss.py:535: UserWarning: Using a target size (torch.Size([11])) that is different to the input size (torch.Size([11, 1])). This will likely lead to incorrect results due to broadcasting. Please ensure they have the same size.
  return F.mse_loss(input, target, reduction=self.reduction)
/home/mburu/anaconda3/envs/TabSurvey/lib/python3.8/site-packages/torch/nn/modules/loss.py:535: UserWarning: Using a target size (torch.Size([128])) that is different to the input size (torch.Size([128, 1])). This will likely lead to incorrect results due to broadcasting. Please ensure they have the same size.
  return F.mse_loss(input, target, reduction=self.reduction)
/home/mburu/Master_Thesis/master-thesis-da/DNN_Trial/models/rtdl_models.py:479: UserWarning: To copy construct from a tensor, it is recommended to use sourceTensor.clone().detach() or sourceTensor.clone().detach().requires_grad_(True), rather than torch.tensor(sourceTensor).
  X = torch.tensor(X, dtype=torch.float32).to(self.device)
/home/mburu/anaconda3/envs/TabSurvey/lib/python3.8/site-packages/torch/nn/modules/loss.py:535: UserWarning: Using a target size (torch.Size([98])) that is different to the input size (torch.Size([98, 1])). This will likely lead to incorrect results due to broadcasting. Please ensure they have the same size.
  return F.mse_loss(input, target, reduction=self.reduction)
/home/mburu/anaconda3/envs/TabSurvey/lib/python3.8/site-packages/torch/nn/modules/loss.py:535: UserWarning: Using a target size (torch.Size([11])) that is different to the input size (torch.Size([11, 1])). This will likely lead to incorrect results due to broadcasting. Please ensure they have the same size.
  return F.mse_loss(input, target, reduction=self.reduction)
[I 2025-05-11 02:53:35,043] Trial 0 finished with value: 514658.30323917896 and parameters: {'learning_rate': 0.0001275517185188239, 'weight_decay': 0.00028249819939199966}. Best is trial 0 with value: 514658.30323917896.
/home/mburu/anaconda3/envs/TabSurvey/lib/python3.8/site-packages/torch/nn/modules/loss.py:535: UserWarning: Using a target size (torch.Size([128])) that is different to the input size (torch.Size([128, 1])). This will likely lead to incorrect results due to broadcasting. Please ensure they have the same size.
  return F.mse_loss(input, target, reduction=self.reduction)
/home/mburu/Master_Thesis/master-thesis-da/DNN_Trial/models/rtdl_models.py:479: UserWarning: To copy construct from a tensor, it is recommended to use sourceTensor.clone().detach() or sourceTensor.clone().detach().requires_grad_(True), rather than torch.tensor(sourceTensor).
  X = torch.tensor(X, dtype=torch.float32).to(self.device)
/home/mburu/anaconda3/envs/TabSurvey/lib/python3.8/site-packages/torch/nn/modules/loss.py:535: UserWarning: Using a target size (torch.Size([99])) that is different to the input size (torch.Size([99, 1])). This will likely lead to incorrect results due to broadcasting. Please ensure they have the same size.
  return F.mse_loss(input, target, reduction=self.reduction)
/home/mburu/anaconda3/envs/TabSurvey/lib/python3.8/site-packages/torch/nn/modules/loss.py:535: UserWarning: Using a target size (torch.Size([10])) that is different to the input size (torch.Size([10, 1])). This will likely lead to incorrect results due to broadcasting. Please ensure they have the same size.
  return F.mse_loss(input, target, reduction=self.reduction)
/home/mburu/anaconda3/envs/TabSurvey/lib/python3.8/site-packages/torch/nn/modules/loss.py:535: UserWarning: Using a target size (torch.Size([128])) that is different to the input size (torch.Size([128, 1])). This will likely lead to incorrect results due to broadcasting. Please ensure they have the same size.
  return F.mse_loss(input, target, reduction=self.reduction)
/home/mburu/Master_Thesis/master-thesis-da/DNN_Trial/models/rtdl_models.py:479: UserWarning: To copy construct from a tensor, it is recommended to use sourceTensor.clone().detach() or sourceTensor.clone().detach().requires_grad_(True), rather than torch.tensor(sourceTensor).
  X = torch.tensor(X, dtype=torch.float32).to(self.device)
/home/mburu/anaconda3/envs/TabSurvey/lib/python3.8/site-packages/torch/nn/modules/loss.py:535: UserWarning: Using a target size (torch.Size([99])) that is different to the input size (torch.Size([99, 1])). This will likely lead to incorrect results due to broadcasting. Please ensure they have the same size.
  return F.mse_loss(input, target, reduction=self.reduction)
/home/mburu/anaconda3/envs/TabSurvey/lib/python3.8/site-packages/torch/nn/modules/loss.py:535: UserWarning: Using a target size (torch.Size([10])) that is different to the input size (torch.Size([10, 1])). This will likely lead to incorrect results due to broadcasting. Please ensure they have the same size.
  return F.mse_loss(input, target, reduction=self.reduction)
/home/mburu/anaconda3/envs/TabSurvey/lib/python3.8/site-packages/torch/nn/modules/loss.py:535: UserWarning: Using a target size (torch.Size([128])) that is different to the input size (torch.Size([128, 1])). This will likely lead to incorrect results due to broadcasting. Please ensure they have the same size.
  return F.mse_loss(input, target, reduction=self.reduction)
/home/mburu/Master_Thesis/master-thesis-da/DNN_Trial/models/rtdl_models.py:479: UserWarning: To copy construct from a tensor, it is recommended to use sourceTensor.clone().detach() or sourceTensor.clone().detach().requires_grad_(True), rather than torch.tensor(sourceTensor).
  X = torch.tensor(X, dtype=torch.float32).to(self.device)
/home/mburu/anaconda3/envs/TabSurvey/lib/python3.8/site-packages/torch/nn/modules/loss.py:535: UserWarning: Using a target size (torch.Size([99])) that is different to the input size (torch.Size([99, 1])). This will likely lead to incorrect results due to broadcasting. Please ensure they have the same size.
  return F.mse_loss(input, target, reduction=self.reduction)
/home/mburu/anaconda3/envs/TabSurvey/lib/python3.8/site-packages/torch/nn/modules/loss.py:535: UserWarning: Using a target size (torch.Size([10])) that is different to the input size (torch.Size([10, 1])). This will likely lead to incorrect results due to broadcasting. Please ensure they have the same size.
  return F.mse_loss(input, target, reduction=self.reduction)
/home/mburu/anaconda3/envs/TabSurvey/lib/python3.8/site-packages/torch/nn/modules/loss.py:535: UserWarning: Using a target size (torch.Size([128])) that is different to the input size (torch.Size([128, 1])). This will likely lead to incorrect results due to broadcasting. Please ensure they have the same size.
  return F.mse_loss(input, target, reduction=self.reduction)
/home/mburu/Master_Thesis/master-thesis-da/DNN_Trial/models/rtdl_models.py:479: UserWarning: To copy construct from a tensor, it is recommended to use sourceTensor.clone().detach() or sourceTensor.clone().detach().requires_grad_(True), rather than torch.tensor(sourceTensor).
  X = torch.tensor(X, dtype=torch.float32).to(self.device)
/home/mburu/anaconda3/envs/TabSurvey/lib/python3.8/site-packages/torch/nn/modules/loss.py:535: UserWarning: Using a target size (torch.Size([98])) that is different to the input size (torch.Size([98, 1])). This will likely lead to incorrect results due to broadcasting. Please ensure they have the same size.
  return F.mse_loss(input, target, reduction=self.reduction)
/home/mburu/anaconda3/envs/TabSurvey/lib/python3.8/site-packages/torch/nn/modules/loss.py:535: UserWarning: Using a target size (torch.Size([11])) that is different to the input size (torch.Size([11, 1])). This will likely lead to incorrect results due to broadcasting. Please ensure they have the same size.
  return F.mse_loss(input, target, reduction=self.reduction)
/home/mburu/anaconda3/envs/TabSurvey/lib/python3.8/site-packages/torch/nn/modules/loss.py:535: UserWarning: Using a target size (torch.Size([128])) that is different to the input size (torch.Size([128, 1])). This will likely lead to incorrect results due to broadcasting. Please ensure they have the same size.
  return F.mse_loss(input, target, reduction=self.reduction)
/home/mburu/Master_Thesis/master-thesis-da/DNN_Trial/models/rtdl_models.py:479: UserWarning: To copy construct from a tensor, it is recommended to use sourceTensor.clone().detach() or sourceTensor.clone().detach().requires_grad_(True), rather than torch.tensor(sourceTensor).
  X = torch.tensor(X, dtype=torch.float32).to(self.device)
/home/mburu/anaconda3/envs/TabSurvey/lib/python3.8/site-packages/torch/nn/modules/loss.py:535: UserWarning: Using a target size (torch.Size([98])) that is different to the input size (torch.Size([98, 1])). This will likely lead to incorrect results due to broadcasting. Please ensure they have the same size.
  return F.mse_loss(input, target, reduction=self.reduction)
/home/mburu/anaconda3/envs/TabSurvey/lib/python3.8/site-packages/torch/nn/modules/loss.py:535: UserWarning: Using a target size (torch.Size([11])) that is different to the input size (torch.Size([11, 1])). This will likely lead to incorrect results due to broadcasting. Please ensure they have the same size.
  return F.mse_loss(input, target, reduction=self.reduction)
[I 2025-05-11 02:53:35,841] Trial 1 finished with value: 517687.9245214427 and parameters: {'learning_rate': 1.2635813575759356e-05, 'weight_decay': 3.56514188954799e-05}. Best is trial 0 with value: 514658.30323917896.
/home/mburu/anaconda3/envs/TabSurvey/lib/python3.8/site-packages/torch/nn/modules/loss.py:535: UserWarning: Using a target size (torch.Size([128])) that is different to the input size (torch.Size([128, 1])). This will likely lead to incorrect results due to broadcasting. Please ensure they have the same size.
  return F.mse_loss(input, target, reduction=self.reduction)
/home/mburu/Master_Thesis/master-thesis-da/DNN_Trial/models/rtdl_models.py:479: UserWarning: To copy construct from a tensor, it is recommended to use sourceTensor.clone().detach() or sourceTensor.clone().detach().requires_grad_(True), rather than torch.tensor(sourceTensor).
  X = torch.tensor(X, dtype=torch.float32).to(self.device)
/home/mburu/anaconda3/envs/TabSurvey/lib/python3.8/site-packages/torch/nn/modules/loss.py:535: UserWarning: Using a target size (torch.Size([99])) that is different to the input size (torch.Size([99, 1])). This will likely lead to incorrect results due to broadcasting. Please ensure they have the same size.
  return F.mse_loss(input, target, reduction=self.reduction)
/home/mburu/anaconda3/envs/TabSurvey/lib/python3.8/site-packages/torch/nn/modules/loss.py:535: UserWarning: Using a target size (torch.Size([10])) that is different to the input size (torch.Size([10, 1])). This will likely lead to incorrect results due to broadcasting. Please ensure they have the same size.
  return F.mse_loss(input, target, reduction=self.reduction)
/home/mburu/anaconda3/envs/TabSurvey/lib/python3.8/site-packages/torch/nn/modules/loss.py:535: UserWarning: Using a target size (torch.Size([128])) that is different to the input size (torch.Size([128, 1])). This will likely lead to incorrect results due to broadcasting. Please ensure they have the same size.
  return F.mse_loss(input, target, reduction=self.reduction)
/home/mburu/Master_Thesis/master-thesis-da/DNN_Trial/models/rtdl_models.py:479: UserWarning: To copy construct from a tensor, it is recommended to use sourceTensor.clone().detach() or sourceTensor.clone().detach().requires_grad_(True), rather than torch.tensor(sourceTensor).
  X = torch.tensor(X, dtype=torch.float32).to(self.device)
/home/mburu/anaconda3/envs/TabSurvey/lib/python3.8/site-packages/torch/nn/modules/loss.py:535: UserWarning: Using a target size (torch.Size([99])) that is different to the input size (torch.Size([99, 1])). This will likely lead to incorrect results due to broadcasting. Please ensure they have the same size.
  return F.mse_loss(input, target, reduction=self.reduction)
/home/mburu/anaconda3/envs/TabSurvey/lib/python3.8/site-packages/torch/nn/modules/loss.py:535: UserWarning: Using a target size (torch.Size([10])) that is different to the input size (torch.Size([10, 1])). This will likely lead to incorrect results due to broadcasting. Please ensure they have the same size.
  return F.mse_loss(input, target, reduction=self.reduction)
/home/mburu/anaconda3/envs/TabSurvey/lib/python3.8/site-packages/torch/nn/modules/loss.py:535: UserWarning: Using a target size (torch.Size([128])) that is different to the input size (torch.Size([128, 1])). This will likely lead to incorrect results due to broadcasting. Please ensure they have the same size.
  return F.mse_loss(input, target, reduction=self.reduction)
/home/mburu/Master_Thesis/master-thesis-da/DNN_Trial/models/rtdl_models.py:479: UserWarning: To copy construct from a tensor, it is recommended to use sourceTensor.clone().detach() or sourceTensor.clone().detach().requires_grad_(True), rather than torch.tensor(sourceTensor).
  X = torch.tensor(X, dtype=torch.float32).to(self.device)
/home/mburu/anaconda3/envs/TabSurvey/lib/python3.8/site-packages/torch/nn/modules/loss.py:535: UserWarning: Using a target size (torch.Size([99])) that is different to the input size (torch.Size([99, 1])). This will likely lead to incorrect results due to broadcasting. Please ensure they have the same size.
  return F.mse_loss(input, target, reduction=self.reduction)
/home/mburu/anaconda3/envs/TabSurvey/lib/python3.8/site-packages/torch/nn/modules/loss.py:535: UserWarning: Using a target size (torch.Size([10])) that is different to the input size (torch.Size([10, 1])). This will likely lead to incorrect results due to broadcasting. Please ensure they have the same size.
  return F.mse_loss(input, target, reduction=self.reduction)
/home/mburu/anaconda3/envs/TabSurvey/lib/python3.8/site-packages/torch/nn/modules/loss.py:535: UserWarning: Using a target size (torch.Size([128])) that is different to the input size (torch.Size([128, 1])). This will likely lead to incorrect results due to broadcasting. Please ensure they have the same size.
  return F.mse_loss(input, target, reduction=self.reduction)
/home/mburu/Master_Thesis/master-thesis-da/DNN_Trial/models/rtdl_models.py:479: UserWarning: To copy construct from a tensor, it is recommended to use sourceTensor.clone().detach() or sourceTensor.clone().detach().requires_grad_(True), rather than torch.tensor(sourceTensor).
  X = torch.tensor(X, dtype=torch.float32).to(self.device)
/home/mburu/anaconda3/envs/TabSurvey/lib/python3.8/site-packages/torch/nn/modules/loss.py:535: UserWarning: Using a target size (torch.Size([98])) that is different to the input size (torch.Size([98, 1])). This will likely lead to incorrect results due to broadcasting. Please ensure they have the same size.
  return F.mse_loss(input, target, reduction=self.reduction)
/home/mburu/anaconda3/envs/TabSurvey/lib/python3.8/site-packages/torch/nn/modules/loss.py:535: UserWarning: Using a target size (torch.Size([11])) that is different to the input size (torch.Size([11, 1])). This will likely lead to incorrect results due to broadcasting. Please ensure they have the same size.
  return F.mse_loss(input, target, reduction=self.reduction)
/home/mburu/anaconda3/envs/TabSurvey/lib/python3.8/site-packages/torch/nn/modules/loss.py:535: UserWarning: Using a target size (torch.Size([128])) that is different to the input size (torch.Size([128, 1])). This will likely lead to incorrect results due to broadcasting. Please ensure they have the same size.
  return F.mse_loss(input, target, reduction=self.reduction)
/home/mburu/Master_Thesis/master-thesis-da/DNN_Trial/models/rtdl_models.py:479: UserWarning: To copy construct from a tensor, it is recommended to use sourceTensor.clone().detach() or sourceTensor.clone().detach().requires_grad_(True), rather than torch.tensor(sourceTensor).
  X = torch.tensor(X, dtype=torch.float32).to(self.device)
/home/mburu/anaconda3/envs/TabSurvey/lib/python3.8/site-packages/torch/nn/modules/loss.py:535: UserWarning: Using a target size (torch.Size([98])) that is different to the input size (torch.Size([98, 1])). This will likely lead to incorrect results due to broadcasting. Please ensure they have the same size.
  return F.mse_loss(input, target, reduction=self.reduction)
/home/mburu/anaconda3/envs/TabSurvey/lib/python3.8/site-packages/torch/nn/modules/loss.py:535: UserWarning: Using a target size (torch.Size([11])) that is different to the input size (torch.Size([11, 1])). This will likely lead to incorrect results due to broadcasting. Please ensure they have the same size.
  return F.mse_loss(input, target, reduction=self.reduction)
[I 2025-05-11 02:53:36,666] Trial 2 finished with value: 517476.67852757516 and parameters: {'learning_rate': 2.6817333008608618e-05, 'weight_decay': 0.0028368490577635064}. Best is trial 0 with value: 514658.30323917896.
/home/mburu/anaconda3/envs/TabSurvey/lib/python3.8/site-packages/torch/nn/modules/loss.py:535: UserWarning: Using a target size (torch.Size([128])) that is different to the input size (torch.Size([128, 1])). This will likely lead to incorrect results due to broadcasting. Please ensure they have the same size.
  return F.mse_loss(input, target, reduction=self.reduction)
/home/mburu/Master_Thesis/master-thesis-da/DNN_Trial/models/rtdl_models.py:479: UserWarning: To copy construct from a tensor, it is recommended to use sourceTensor.clone().detach() or sourceTensor.clone().detach().requires_grad_(True), rather than torch.tensor(sourceTensor).
  X = torch.tensor(X, dtype=torch.float32).to(self.device)
/home/mburu/anaconda3/envs/TabSurvey/lib/python3.8/site-packages/torch/nn/modules/loss.py:535: UserWarning: Using a target size (torch.Size([99])) that is different to the input size (torch.Size([99, 1])). This will likely lead to incorrect results due to broadcasting. Please ensure they have the same size.
  return F.mse_loss(input, target, reduction=self.reduction)
/home/mburu/anaconda3/envs/TabSurvey/lib/python3.8/site-packages/torch/nn/modules/loss.py:535: UserWarning: Using a target size (torch.Size([10])) that is different to the input size (torch.Size([10, 1])). This will likely lead to incorrect results due to broadcasting. Please ensure they have the same size.
  return F.mse_loss(input, target, reduction=self.reduction)
/home/mburu/anaconda3/envs/TabSurvey/lib/python3.8/site-packages/torch/nn/modules/loss.py:535: UserWarning: Using a target size (torch.Size([128])) that is different to the input size (torch.Size([128, 1])). This will likely lead to incorrect results due to broadcasting. Please ensure they have the same size.
  return F.mse_loss(input, target, reduction=self.reduction)
/home/mburu/Master_Thesis/master-thesis-da/DNN_Trial/models/rtdl_models.py:479: UserWarning: To copy construct from a tensor, it is recommended to use sourceTensor.clone().detach() or sourceTensor.clone().detach().requires_grad_(True), rather than torch.tensor(sourceTensor).
  X = torch.tensor(X, dtype=torch.float32).to(self.device)
/home/mburu/anaconda3/envs/TabSurvey/lib/python3.8/site-packages/torch/nn/modules/loss.py:535: UserWarning: Using a target size (torch.Size([99])) that is different to the input size (torch.Size([99, 1])). This will likely lead to incorrect results due to broadcasting. Please ensure they have the same size.
  return F.mse_loss(input, target, reduction=self.reduction)
/home/mburu/anaconda3/envs/TabSurvey/lib/python3.8/site-packages/torch/nn/modules/loss.py:535: UserWarning: Using a target size (torch.Size([10])) that is different to the input size (torch.Size([10, 1])). This will likely lead to incorrect results due to broadcasting. Please ensure they have the same size.
  return F.mse_loss(input, target, reduction=self.reduction)
/home/mburu/anaconda3/envs/TabSurvey/lib/python3.8/site-packages/torch/nn/modules/loss.py:535: UserWarning: Using a target size (torch.Size([128])) that is different to the input size (torch.Size([128, 1])). This will likely lead to incorrect results due to broadcasting. Please ensure they have the same size.
  return F.mse_loss(input, target, reduction=self.reduction)
/home/mburu/Master_Thesis/master-thesis-da/DNN_Trial/models/rtdl_models.py:479: UserWarning: To copy construct from a tensor, it is recommended to use sourceTensor.clone().detach() or sourceTensor.clone().detach().requires_grad_(True), rather than torch.tensor(sourceTensor).
  X = torch.tensor(X, dtype=torch.float32).to(self.device)
/home/mburu/anaconda3/envs/TabSurvey/lib/python3.8/site-packages/torch/nn/modules/loss.py:535: UserWarning: Using a target size (torch.Size([99])) that is different to the input size (torch.Size([99, 1])). This will likely lead to incorrect results due to broadcasting. Please ensure they have the same size.
  return F.mse_loss(input, target, reduction=self.reduction)
/home/mburu/anaconda3/envs/TabSurvey/lib/python3.8/site-packages/torch/nn/modules/loss.py:535: UserWarning: Using a target size (torch.Size([10])) that is different to the input size (torch.Size([10, 1])). This will likely lead to incorrect results due to broadcasting. Please ensure they have the same size.
  return F.mse_loss(input, target, reduction=self.reduction)
/home/mburu/anaconda3/envs/TabSurvey/lib/python3.8/site-packages/torch/nn/modules/loss.py:535: UserWarning: Using a target size (torch.Size([128])) that is different to the input size (torch.Size([128, 1])). This will likely lead to incorrect results due to broadcasting. Please ensure they have the same size.
  return F.mse_loss(input, target, reduction=self.reduction)
/home/mburu/Master_Thesis/master-thesis-da/DNN_Trial/models/rtdl_models.py:479: UserWarning: To copy construct from a tensor, it is recommended to use sourceTensor.clone().detach() or sourceTensor.clone().detach().requires_grad_(True), rather than torch.tensor(sourceTensor).
  X = torch.tensor(X, dtype=torch.float32).to(self.device)
/home/mburu/anaconda3/envs/TabSurvey/lib/python3.8/site-packages/torch/nn/modules/loss.py:535: UserWarning: Using a target size (torch.Size([98])) that is different to the input size (torch.Size([98, 1])). This will likely lead to incorrect results due to broadcasting. Please ensure they have the same size.
  return F.mse_loss(input, target, reduction=self.reduction)
/home/mburu/anaconda3/envs/TabSurvey/lib/python3.8/site-packages/torch/nn/modules/loss.py:535: UserWarning: Using a target size (torch.Size([11])) that is different to the input size (torch.Size([11, 1])). This will likely lead to incorrect results due to broadcasting. Please ensure they have the same size.
  return F.mse_loss(input, target, reduction=self.reduction)
/home/mburu/anaconda3/envs/TabSurvey/lib/python3.8/site-packages/torch/nn/modules/loss.py:535: UserWarning: Using a target size (torch.Size([128])) that is different to the input size (torch.Size([128, 1])). This will likely lead to incorrect results due to broadcasting. Please ensure they have the same size.
  return F.mse_loss(input, target, reduction=self.reduction)
/home/mburu/Master_Thesis/master-thesis-da/DNN_Trial/models/rtdl_models.py:479: UserWarning: To copy construct from a tensor, it is recommended to use sourceTensor.clone().detach() or sourceTensor.clone().detach().requires_grad_(True), rather than torch.tensor(sourceTensor).
  X = torch.tensor(X, dtype=torch.float32).to(self.device)
/home/mburu/anaconda3/envs/TabSurvey/lib/python3.8/site-packages/torch/nn/modules/loss.py:535: UserWarning: Using a target size (torch.Size([98])) that is different to the input size (torch.Size([98, 1])). This will likely lead to incorrect results due to broadcasting. Please ensure they have the same size.
  return F.mse_loss(input, target, reduction=self.reduction)
/home/mburu/anaconda3/envs/TabSurvey/lib/python3.8/site-packages/torch/nn/modules/loss.py:535: UserWarning: Using a target size (torch.Size([11])) that is different to the input size (torch.Size([11, 1])). This will likely lead to incorrect results due to broadcasting. Please ensure they have the same size.
  return F.mse_loss(input, target, reduction=self.reduction)
[I 2025-05-11 02:53:37,479] Trial 3 finished with value: 511930.2777256024 and parameters: {'learning_rate': 0.0013034594141792986, 'weight_decay': 0.0008776165079323053}. Best is trial 3 with value: 511930.2777256024.
/home/mburu/anaconda3/envs/TabSurvey/lib/python3.8/site-packages/torch/nn/modules/loss.py:535: UserWarning: Using a target size (torch.Size([128])) that is different to the input size (torch.Size([128, 1])). This will likely lead to incorrect results due to broadcasting. Please ensure they have the same size.
  return F.mse_loss(input, target, reduction=self.reduction)
/home/mburu/Master_Thesis/master-thesis-da/DNN_Trial/models/rtdl_models.py:479: UserWarning: To copy construct from a tensor, it is recommended to use sourceTensor.clone().detach() or sourceTensor.clone().detach().requires_grad_(True), rather than torch.tensor(sourceTensor).
  X = torch.tensor(X, dtype=torch.float32).to(self.device)
/home/mburu/anaconda3/envs/TabSurvey/lib/python3.8/site-packages/torch/nn/modules/loss.py:535: UserWarning: Using a target size (torch.Size([99])) that is different to the input size (torch.Size([99, 1])). This will likely lead to incorrect results due to broadcasting. Please ensure they have the same size.
  return F.mse_loss(input, target, reduction=self.reduction)
/home/mburu/anaconda3/envs/TabSurvey/lib/python3.8/site-packages/torch/nn/modules/loss.py:535: UserWarning: Using a target size (torch.Size([10])) that is different to the input size (torch.Size([10, 1])). This will likely lead to incorrect results due to broadcasting. Please ensure they have the same size.
  return F.mse_loss(input, target, reduction=self.reduction)
/home/mburu/anaconda3/envs/TabSurvey/lib/python3.8/site-packages/torch/nn/modules/loss.py:535: UserWarning: Using a target size (torch.Size([128])) that is different to the input size (torch.Size([128, 1])). This will likely lead to incorrect results due to broadcasting. Please ensure they have the same size.
  return F.mse_loss(input, target, reduction=self.reduction)
/home/mburu/Master_Thesis/master-thesis-da/DNN_Trial/models/rtdl_models.py:479: UserWarning: To copy construct from a tensor, it is recommended to use sourceTensor.clone().detach() or sourceTensor.clone().detach().requires_grad_(True), rather than torch.tensor(sourceTensor).
  X = torch.tensor(X, dtype=torch.float32).to(self.device)
/home/mburu/anaconda3/envs/TabSurvey/lib/python3.8/site-packages/torch/nn/modules/loss.py:535: UserWarning: Using a target size (torch.Size([99])) that is different to the input size (torch.Size([99, 1])). This will likely lead to incorrect results due to broadcasting. Please ensure they have the same size.
  return F.mse_loss(input, target, reduction=self.reduction)
/home/mburu/anaconda3/envs/TabSurvey/lib/python3.8/site-packages/torch/nn/modules/loss.py:535: UserWarning: Using a target size (torch.Size([10])) that is different to the input size (torch.Size([10, 1])). This will likely lead to incorrect results due to broadcasting. Please ensure they have the same size.
  return F.mse_loss(input, target, reduction=self.reduction)
/home/mburu/anaconda3/envs/TabSurvey/lib/python3.8/site-packages/torch/nn/modules/loss.py:535: UserWarning: Using a target size (torch.Size([128])) that is different to the input size (torch.Size([128, 1])). This will likely lead to incorrect results due to broadcasting. Please ensure they have the same size.
  return F.mse_loss(input, target, reduction=self.reduction)
/home/mburu/Master_Thesis/master-thesis-da/DNN_Trial/models/rtdl_models.py:479: UserWarning: To copy construct from a tensor, it is recommended to use sourceTensor.clone().detach() or sourceTensor.clone().detach().requires_grad_(True), rather than torch.tensor(sourceTensor).
  X = torch.tensor(X, dtype=torch.float32).to(self.device)
/home/mburu/anaconda3/envs/TabSurvey/lib/python3.8/site-packages/torch/nn/modules/loss.py:535: UserWarning: Using a target size (torch.Size([99])) that is different to the input size (torch.Size([99, 1])). This will likely lead to incorrect results due to broadcasting. Please ensure they have the same size.
  return F.mse_loss(input, target, reduction=self.reduction)
/home/mburu/anaconda3/envs/TabSurvey/lib/python3.8/site-packages/torch/nn/modules/loss.py:535: UserWarning: Using a target size (torch.Size([10])) that is different to the input size (torch.Size([10, 1])). This will likely lead to incorrect results due to broadcasting. Please ensure they have the same size.
  return F.mse_loss(input, target, reduction=self.reduction)
/home/mburu/anaconda3/envs/TabSurvey/lib/python3.8/site-packages/torch/nn/modules/loss.py:535: UserWarning: Using a target size (torch.Size([128])) that is different to the input size (torch.Size([128, 1])). This will likely lead to incorrect results due to broadcasting. Please ensure they have the same size.
  return F.mse_loss(input, target, reduction=self.reduction)
/home/mburu/Master_Thesis/master-thesis-da/DNN_Trial/models/rtdl_models.py:479: UserWarning: To copy construct from a tensor, it is recommended to use sourceTensor.clone().detach() or sourceTensor.clone().detach().requires_grad_(True), rather than torch.tensor(sourceTensor).
  X = torch.tensor(X, dtype=torch.float32).to(self.device)
/home/mburu/anaconda3/envs/TabSurvey/lib/python3.8/site-packages/torch/nn/modules/loss.py:535: UserWarning: Using a target size (torch.Size([98])) that is different to the input size (torch.Size([98, 1])). This will likely lead to incorrect results due to broadcasting. Please ensure they have the same size.
  return F.mse_loss(input, target, reduction=self.reduction)
/home/mburu/anaconda3/envs/TabSurvey/lib/python3.8/site-packages/torch/nn/modules/loss.py:535: UserWarning: Using a target size (torch.Size([11])) that is different to the input size (torch.Size([11, 1])). This will likely lead to incorrect results due to broadcasting. Please ensure they have the same size.
  return F.mse_loss(input, target, reduction=self.reduction)
/home/mburu/anaconda3/envs/TabSurvey/lib/python3.8/site-packages/torch/nn/modules/loss.py:535: UserWarning: Using a target size (torch.Size([128])) that is different to the input size (torch.Size([128, 1])). This will likely lead to incorrect results due to broadcasting. Please ensure they have the same size.
  return F.mse_loss(input, target, reduction=self.reduction)
/home/mburu/Master_Thesis/master-thesis-da/DNN_Trial/models/rtdl_models.py:479: UserWarning: To copy construct from a tensor, it is recommended to use sourceTensor.clone().detach() or sourceTensor.clone().detach().requires_grad_(True), rather than torch.tensor(sourceTensor).
  X = torch.tensor(X, dtype=torch.float32).to(self.device)
/home/mburu/anaconda3/envs/TabSurvey/lib/python3.8/site-packages/torch/nn/modules/loss.py:535: UserWarning: Using a target size (torch.Size([98])) that is different to the input size (torch.Size([98, 1])). This will likely lead to incorrect results due to broadcasting. Please ensure they have the same size.
  return F.mse_loss(input, target, reduction=self.reduction)
/home/mburu/anaconda3/envs/TabSurvey/lib/python3.8/site-packages/torch/nn/modules/loss.py:535: UserWarning: Using a target size (torch.Size([11])) that is different to the input size (torch.Size([11, 1])). This will likely lead to incorrect results due to broadcasting. Please ensure they have the same size.
  return F.mse_loss(input, target, reduction=self.reduction)
[I 2025-05-11 02:53:38,279] Trial 4 finished with value: 507688.1818365374 and parameters: {'learning_rate': 0.008974241215295128, 'weight_decay': 7.459646430671164e-05}. Best is trial 4 with value: 507688.1818365374.
/home/mburu/anaconda3/envs/TabSurvey/lib/python3.8/site-packages/torch/nn/modules/loss.py:535: UserWarning: Using a target size (torch.Size([128])) that is different to the input size (torch.Size([128, 1])). This will likely lead to incorrect results due to broadcasting. Please ensure they have the same size.
  return F.mse_loss(input, target, reduction=self.reduction)
/home/mburu/Master_Thesis/master-thesis-da/DNN_Trial/models/rtdl_models.py:479: UserWarning: To copy construct from a tensor, it is recommended to use sourceTensor.clone().detach() or sourceTensor.clone().detach().requires_grad_(True), rather than torch.tensor(sourceTensor).
  X = torch.tensor(X, dtype=torch.float32).to(self.device)
/home/mburu/anaconda3/envs/TabSurvey/lib/python3.8/site-packages/torch/nn/modules/loss.py:535: UserWarning: Using a target size (torch.Size([123])) that is different to the input size (torch.Size([123, 1])). This will likely lead to incorrect results due to broadcasting. Please ensure they have the same size.
  return F.mse_loss(input, target, reduction=self.reduction)
/home/mburu/anaconda3/envs/TabSurvey/lib/python3.8/site-packages/torch/nn/modules/loss.py:535: UserWarning: Using a target size (torch.Size([109])) that is different to the input size (torch.Size([109, 1])). This will likely lead to incorrect results due to broadcasting. Please ensure they have the same size.
  return F.mse_loss(input, target, reduction=self.reduction)
[I 2025-05-11 02:53:38,457] A new study created in memory with name: FTTransformer_Moneyball_outer5
/home/mburu/anaconda3/envs/TabSurvey/lib/python3.8/site-packages/torch/nn/modules/loss.py:535: UserWarning: Using a target size (torch.Size([128])) that is different to the input size (torch.Size([128, 1])). This will likely lead to incorrect results due to broadcasting. Please ensure they have the same size.
  return F.mse_loss(input, target, reduction=self.reduction)
/home/mburu/Master_Thesis/master-thesis-da/DNN_Trial/models/rtdl_models.py:479: UserWarning: To copy construct from a tensor, it is recommended to use sourceTensor.clone().detach() or sourceTensor.clone().detach().requires_grad_(True), rather than torch.tensor(sourceTensor).
  X = torch.tensor(X, dtype=torch.float32).to(self.device)
/home/mburu/anaconda3/envs/TabSurvey/lib/python3.8/site-packages/torch/nn/modules/loss.py:535: UserWarning: Using a target size (torch.Size([99])) that is different to the input size (torch.Size([99, 1])). This will likely lead to incorrect results due to broadcasting. Please ensure they have the same size.
  return F.mse_loss(input, target, reduction=self.reduction)
/home/mburu/anaconda3/envs/TabSurvey/lib/python3.8/site-packages/torch/nn/modules/loss.py:535: UserWarning: Using a target size (torch.Size([10])) that is different to the input size (torch.Size([10, 1])). This will likely lead to incorrect results due to broadcasting. Please ensure they have the same size.
  return F.mse_loss(input, target, reduction=self.reduction)
/home/mburu/anaconda3/envs/TabSurvey/lib/python3.8/site-packages/torch/nn/modules/loss.py:535: UserWarning: Using a target size (torch.Size([128])) that is different to the input size (torch.Size([128, 1])). This will likely lead to incorrect results due to broadcasting. Please ensure they have the same size.
  return F.mse_loss(input, target, reduction=self.reduction)
/home/mburu/Master_Thesis/master-thesis-da/DNN_Trial/models/rtdl_models.py:479: UserWarning: To copy construct from a tensor, it is recommended to use sourceTensor.clone().detach() or sourceTensor.clone().detach().requires_grad_(True), rather than torch.tensor(sourceTensor).
  X = torch.tensor(X, dtype=torch.float32).to(self.device)
/home/mburu/anaconda3/envs/TabSurvey/lib/python3.8/site-packages/torch/nn/modules/loss.py:535: UserWarning: Using a target size (torch.Size([99])) that is different to the input size (torch.Size([99, 1])). This will likely lead to incorrect results due to broadcasting. Please ensure they have the same size.
  return F.mse_loss(input, target, reduction=self.reduction)
/home/mburu/anaconda3/envs/TabSurvey/lib/python3.8/site-packages/torch/nn/modules/loss.py:535: UserWarning: Using a target size (torch.Size([10])) that is different to the input size (torch.Size([10, 1])). This will likely lead to incorrect results due to broadcasting. Please ensure they have the same size.
  return F.mse_loss(input, target, reduction=self.reduction)
/home/mburu/anaconda3/envs/TabSurvey/lib/python3.8/site-packages/torch/nn/modules/loss.py:535: UserWarning: Using a target size (torch.Size([128])) that is different to the input size (torch.Size([128, 1])). This will likely lead to incorrect results due to broadcasting. Please ensure they have the same size.
  return F.mse_loss(input, target, reduction=self.reduction)
/home/mburu/Master_Thesis/master-thesis-da/DNN_Trial/models/rtdl_models.py:479: UserWarning: To copy construct from a tensor, it is recommended to use sourceTensor.clone().detach() or sourceTensor.clone().detach().requires_grad_(True), rather than torch.tensor(sourceTensor).
  X = torch.tensor(X, dtype=torch.float32).to(self.device)
/home/mburu/anaconda3/envs/TabSurvey/lib/python3.8/site-packages/torch/nn/modules/loss.py:535: UserWarning: Using a target size (torch.Size([99])) that is different to the input size (torch.Size([99, 1])). This will likely lead to incorrect results due to broadcasting. Please ensure they have the same size.
  return F.mse_loss(input, target, reduction=self.reduction)
/home/mburu/anaconda3/envs/TabSurvey/lib/python3.8/site-packages/torch/nn/modules/loss.py:535: UserWarning: Using a target size (torch.Size([10])) that is different to the input size (torch.Size([10, 1])). This will likely lead to incorrect results due to broadcasting. Please ensure they have the same size.
  return F.mse_loss(input, target, reduction=self.reduction)
/home/mburu/anaconda3/envs/TabSurvey/lib/python3.8/site-packages/torch/nn/modules/loss.py:535: UserWarning: Using a target size (torch.Size([128])) that is different to the input size (torch.Size([128, 1])). This will likely lead to incorrect results due to broadcasting. Please ensure they have the same size.
  return F.mse_loss(input, target, reduction=self.reduction)
/home/mburu/Master_Thesis/master-thesis-da/DNN_Trial/models/rtdl_models.py:479: UserWarning: To copy construct from a tensor, it is recommended to use sourceTensor.clone().detach() or sourceTensor.clone().detach().requires_grad_(True), rather than torch.tensor(sourceTensor).
  X = torch.tensor(X, dtype=torch.float32).to(self.device)
/home/mburu/anaconda3/envs/TabSurvey/lib/python3.8/site-packages/torch/nn/modules/loss.py:535: UserWarning: Using a target size (torch.Size([98])) that is different to the input size (torch.Size([98, 1])). This will likely lead to incorrect results due to broadcasting. Please ensure they have the same size.
  return F.mse_loss(input, target, reduction=self.reduction)
/home/mburu/anaconda3/envs/TabSurvey/lib/python3.8/site-packages/torch/nn/modules/loss.py:535: UserWarning: Using a target size (torch.Size([11])) that is different to the input size (torch.Size([11, 1])). This will likely lead to incorrect results due to broadcasting. Please ensure they have the same size.
  return F.mse_loss(input, target, reduction=self.reduction)
/home/mburu/anaconda3/envs/TabSurvey/lib/python3.8/site-packages/torch/nn/modules/loss.py:535: UserWarning: Using a target size (torch.Size([128])) that is different to the input size (torch.Size([128, 1])). This will likely lead to incorrect results due to broadcasting. Please ensure they have the same size.
  return F.mse_loss(input, target, reduction=self.reduction)
/home/mburu/Master_Thesis/master-thesis-da/DNN_Trial/models/rtdl_models.py:479: UserWarning: To copy construct from a tensor, it is recommended to use sourceTensor.clone().detach() or sourceTensor.clone().detach().requires_grad_(True), rather than torch.tensor(sourceTensor).
  X = torch.tensor(X, dtype=torch.float32).to(self.device)
/home/mburu/anaconda3/envs/TabSurvey/lib/python3.8/site-packages/torch/nn/modules/loss.py:535: UserWarning: Using a target size (torch.Size([98])) that is different to the input size (torch.Size([98, 1])). This will likely lead to incorrect results due to broadcasting. Please ensure they have the same size.
  return F.mse_loss(input, target, reduction=self.reduction)
/home/mburu/anaconda3/envs/TabSurvey/lib/python3.8/site-packages/torch/nn/modules/loss.py:535: UserWarning: Using a target size (torch.Size([11])) that is different to the input size (torch.Size([11, 1])). This will likely lead to incorrect results due to broadcasting. Please ensure they have the same size.
  return F.mse_loss(input, target, reduction=self.reduction)
[I 2025-05-11 02:53:39,262] Trial 0 finished with value: 519718.013764616 and parameters: {'learning_rate': 6.722956978482826e-05, 'weight_decay': 2.1353079154800654e-06}. Best is trial 0 with value: 519718.013764616.
/home/mburu/anaconda3/envs/TabSurvey/lib/python3.8/site-packages/torch/nn/modules/loss.py:535: UserWarning: Using a target size (torch.Size([128])) that is different to the input size (torch.Size([128, 1])). This will likely lead to incorrect results due to broadcasting. Please ensure they have the same size.
  return F.mse_loss(input, target, reduction=self.reduction)
/home/mburu/Master_Thesis/master-thesis-da/DNN_Trial/models/rtdl_models.py:479: UserWarning: To copy construct from a tensor, it is recommended to use sourceTensor.clone().detach() or sourceTensor.clone().detach().requires_grad_(True), rather than torch.tensor(sourceTensor).
  X = torch.tensor(X, dtype=torch.float32).to(self.device)
/home/mburu/anaconda3/envs/TabSurvey/lib/python3.8/site-packages/torch/nn/modules/loss.py:535: UserWarning: Using a target size (torch.Size([99])) that is different to the input size (torch.Size([99, 1])). This will likely lead to incorrect results due to broadcasting. Please ensure they have the same size.
  return F.mse_loss(input, target, reduction=self.reduction)
/home/mburu/anaconda3/envs/TabSurvey/lib/python3.8/site-packages/torch/nn/modules/loss.py:535: UserWarning: Using a target size (torch.Size([10])) that is different to the input size (torch.Size([10, 1])). This will likely lead to incorrect results due to broadcasting. Please ensure they have the same size.
  return F.mse_loss(input, target, reduction=self.reduction)
/home/mburu/anaconda3/envs/TabSurvey/lib/python3.8/site-packages/torch/nn/modules/loss.py:535: UserWarning: Using a target size (torch.Size([128])) that is different to the input size (torch.Size([128, 1])). This will likely lead to incorrect results due to broadcasting. Please ensure they have the same size.
  return F.mse_loss(input, target, reduction=self.reduction)
/home/mburu/Master_Thesis/master-thesis-da/DNN_Trial/models/rtdl_models.py:479: UserWarning: To copy construct from a tensor, it is recommended to use sourceTensor.clone().detach() or sourceTensor.clone().detach().requires_grad_(True), rather than torch.tensor(sourceTensor).
  X = torch.tensor(X, dtype=torch.float32).to(self.device)
/home/mburu/anaconda3/envs/TabSurvey/lib/python3.8/site-packages/torch/nn/modules/loss.py:535: UserWarning: Using a target size (torch.Size([99])) that is different to the input size (torch.Size([99, 1])). This will likely lead to incorrect results due to broadcasting. Please ensure they have the same size.
  return F.mse_loss(input, target, reduction=self.reduction)
/home/mburu/anaconda3/envs/TabSurvey/lib/python3.8/site-packages/torch/nn/modules/loss.py:535: UserWarning: Using a target size (torch.Size([10])) that is different to the input size (torch.Size([10, 1])). This will likely lead to incorrect results due to broadcasting. Please ensure they have the same size.
  return F.mse_loss(input, target, reduction=self.reduction)
/home/mburu/anaconda3/envs/TabSurvey/lib/python3.8/site-packages/torch/nn/modules/loss.py:535: UserWarning: Using a target size (torch.Size([128])) that is different to the input size (torch.Size([128, 1])). This will likely lead to incorrect results due to broadcasting. Please ensure they have the same size.
  return F.mse_loss(input, target, reduction=self.reduction)
/home/mburu/Master_Thesis/master-thesis-da/DNN_Trial/models/rtdl_models.py:479: UserWarning: To copy construct from a tensor, it is recommended to use sourceTensor.clone().detach() or sourceTensor.clone().detach().requires_grad_(True), rather than torch.tensor(sourceTensor).
  X = torch.tensor(X, dtype=torch.float32).to(self.device)
/home/mburu/anaconda3/envs/TabSurvey/lib/python3.8/site-packages/torch/nn/modules/loss.py:535: UserWarning: Using a target size (torch.Size([99])) that is different to the input size (torch.Size([99, 1])). This will likely lead to incorrect results due to broadcasting. Please ensure they have the same size.
  return F.mse_loss(input, target, reduction=self.reduction)
/home/mburu/anaconda3/envs/TabSurvey/lib/python3.8/site-packages/torch/nn/modules/loss.py:535: UserWarning: Using a target size (torch.Size([10])) that is different to the input size (torch.Size([10, 1])). This will likely lead to incorrect results due to broadcasting. Please ensure they have the same size.
  return F.mse_loss(input, target, reduction=self.reduction)
/home/mburu/anaconda3/envs/TabSurvey/lib/python3.8/site-packages/torch/nn/modules/loss.py:535: UserWarning: Using a target size (torch.Size([128])) that is different to the input size (torch.Size([128, 1])). This will likely lead to incorrect results due to broadcasting. Please ensure they have the same size.
  return F.mse_loss(input, target, reduction=self.reduction)
/home/mburu/Master_Thesis/master-thesis-da/DNN_Trial/models/rtdl_models.py:479: UserWarning: To copy construct from a tensor, it is recommended to use sourceTensor.clone().detach() or sourceTensor.clone().detach().requires_grad_(True), rather than torch.tensor(sourceTensor).
  X = torch.tensor(X, dtype=torch.float32).to(self.device)
/home/mburu/anaconda3/envs/TabSurvey/lib/python3.8/site-packages/torch/nn/modules/loss.py:535: UserWarning: Using a target size (torch.Size([98])) that is different to the input size (torch.Size([98, 1])). This will likely lead to incorrect results due to broadcasting. Please ensure they have the same size.
  return F.mse_loss(input, target, reduction=self.reduction)
/home/mburu/anaconda3/envs/TabSurvey/lib/python3.8/site-packages/torch/nn/modules/loss.py:535: UserWarning: Using a target size (torch.Size([11])) that is different to the input size (torch.Size([11, 1])). This will likely lead to incorrect results due to broadcasting. Please ensure they have the same size.
  return F.mse_loss(input, target, reduction=self.reduction)
/home/mburu/anaconda3/envs/TabSurvey/lib/python3.8/site-packages/torch/nn/modules/loss.py:535: UserWarning: Using a target size (torch.Size([128])) that is different to the input size (torch.Size([128, 1])). This will likely lead to incorrect results due to broadcasting. Please ensure they have the same size.
  return F.mse_loss(input, target, reduction=self.reduction)
/home/mburu/Master_Thesis/master-thesis-da/DNN_Trial/models/rtdl_models.py:479: UserWarning: To copy construct from a tensor, it is recommended to use sourceTensor.clone().detach() or sourceTensor.clone().detach().requires_grad_(True), rather than torch.tensor(sourceTensor).
  X = torch.tensor(X, dtype=torch.float32).to(self.device)
/home/mburu/anaconda3/envs/TabSurvey/lib/python3.8/site-packages/torch/nn/modules/loss.py:535: UserWarning: Using a target size (torch.Size([98])) that is different to the input size (torch.Size([98, 1])). This will likely lead to incorrect results due to broadcasting. Please ensure they have the same size.
  return F.mse_loss(input, target, reduction=self.reduction)
/home/mburu/anaconda3/envs/TabSurvey/lib/python3.8/site-packages/torch/nn/modules/loss.py:535: UserWarning: Using a target size (torch.Size([11])) that is different to the input size (torch.Size([11, 1])). This will likely lead to incorrect results due to broadcasting. Please ensure they have the same size.
  return F.mse_loss(input, target, reduction=self.reduction)
[I 2025-05-11 02:53:40,058] Trial 1 finished with value: 519663.5899793777 and parameters: {'learning_rate': 7.672764862719744e-05, 'weight_decay': 0.00016802272817711682}. Best is trial 1 with value: 519663.5899793777.
/home/mburu/anaconda3/envs/TabSurvey/lib/python3.8/site-packages/torch/nn/modules/loss.py:535: UserWarning: Using a target size (torch.Size([128])) that is different to the input size (torch.Size([128, 1])). This will likely lead to incorrect results due to broadcasting. Please ensure they have the same size.
  return F.mse_loss(input, target, reduction=self.reduction)
/home/mburu/Master_Thesis/master-thesis-da/DNN_Trial/models/rtdl_models.py:479: UserWarning: To copy construct from a tensor, it is recommended to use sourceTensor.clone().detach() or sourceTensor.clone().detach().requires_grad_(True), rather than torch.tensor(sourceTensor).
  X = torch.tensor(X, dtype=torch.float32).to(self.device)
/home/mburu/anaconda3/envs/TabSurvey/lib/python3.8/site-packages/torch/nn/modules/loss.py:535: UserWarning: Using a target size (torch.Size([99])) that is different to the input size (torch.Size([99, 1])). This will likely lead to incorrect results due to broadcasting. Please ensure they have the same size.
  return F.mse_loss(input, target, reduction=self.reduction)
/home/mburu/anaconda3/envs/TabSurvey/lib/python3.8/site-packages/torch/nn/modules/loss.py:535: UserWarning: Using a target size (torch.Size([10])) that is different to the input size (torch.Size([10, 1])). This will likely lead to incorrect results due to broadcasting. Please ensure they have the same size.
  return F.mse_loss(input, target, reduction=self.reduction)
/home/mburu/anaconda3/envs/TabSurvey/lib/python3.8/site-packages/torch/nn/modules/loss.py:535: UserWarning: Using a target size (torch.Size([128])) that is different to the input size (torch.Size([128, 1])). This will likely lead to incorrect results due to broadcasting. Please ensure they have the same size.
  return F.mse_loss(input, target, reduction=self.reduction)
/home/mburu/Master_Thesis/master-thesis-da/DNN_Trial/models/rtdl_models.py:479: UserWarning: To copy construct from a tensor, it is recommended to use sourceTensor.clone().detach() or sourceTensor.clone().detach().requires_grad_(True), rather than torch.tensor(sourceTensor).
  X = torch.tensor(X, dtype=torch.float32).to(self.device)
/home/mburu/anaconda3/envs/TabSurvey/lib/python3.8/site-packages/torch/nn/modules/loss.py:535: UserWarning: Using a target size (torch.Size([99])) that is different to the input size (torch.Size([99, 1])). This will likely lead to incorrect results due to broadcasting. Please ensure they have the same size.
  return F.mse_loss(input, target, reduction=self.reduction)
/home/mburu/anaconda3/envs/TabSurvey/lib/python3.8/site-packages/torch/nn/modules/loss.py:535: UserWarning: Using a target size (torch.Size([10])) that is different to the input size (torch.Size([10, 1])). This will likely lead to incorrect results due to broadcasting. Please ensure they have the same size.
  return F.mse_loss(input, target, reduction=self.reduction)
/home/mburu/anaconda3/envs/TabSurvey/lib/python3.8/site-packages/torch/nn/modules/loss.py:535: UserWarning: Using a target size (torch.Size([128])) that is different to the input size (torch.Size([128, 1])). This will likely lead to incorrect results due to broadcasting. Please ensure they have the same size.
  return F.mse_loss(input, target, reduction=self.reduction)
/home/mburu/Master_Thesis/master-thesis-da/DNN_Trial/models/rtdl_models.py:479: UserWarning: To copy construct from a tensor, it is recommended to use sourceTensor.clone().detach() or sourceTensor.clone().detach().requires_grad_(True), rather than torch.tensor(sourceTensor).
  X = torch.tensor(X, dtype=torch.float32).to(self.device)
/home/mburu/anaconda3/envs/TabSurvey/lib/python3.8/site-packages/torch/nn/modules/loss.py:535: UserWarning: Using a target size (torch.Size([99])) that is different to the input size (torch.Size([99, 1])). This will likely lead to incorrect results due to broadcasting. Please ensure they have the same size.
  return F.mse_loss(input, target, reduction=self.reduction)
/home/mburu/anaconda3/envs/TabSurvey/lib/python3.8/site-packages/torch/nn/modules/loss.py:535: UserWarning: Using a target size (torch.Size([10])) that is different to the input size (torch.Size([10, 1])). This will likely lead to incorrect results due to broadcasting. Please ensure they have the same size.
  return F.mse_loss(input, target, reduction=self.reduction)
/home/mburu/anaconda3/envs/TabSurvey/lib/python3.8/site-packages/torch/nn/modules/loss.py:535: UserWarning: Using a target size (torch.Size([128])) that is different to the input size (torch.Size([128, 1])). This will likely lead to incorrect results due to broadcasting. Please ensure they have the same size.
  return F.mse_loss(input, target, reduction=self.reduction)
/home/mburu/Master_Thesis/master-thesis-da/DNN_Trial/models/rtdl_models.py:479: UserWarning: To copy construct from a tensor, it is recommended to use sourceTensor.clone().detach() or sourceTensor.clone().detach().requires_grad_(True), rather than torch.tensor(sourceTensor).
  X = torch.tensor(X, dtype=torch.float32).to(self.device)
/home/mburu/anaconda3/envs/TabSurvey/lib/python3.8/site-packages/torch/nn/modules/loss.py:535: UserWarning: Using a target size (torch.Size([98])) that is different to the input size (torch.Size([98, 1])). This will likely lead to incorrect results due to broadcasting. Please ensure they have the same size.
  return F.mse_loss(input, target, reduction=self.reduction)
/home/mburu/anaconda3/envs/TabSurvey/lib/python3.8/site-packages/torch/nn/modules/loss.py:535: UserWarning: Using a target size (torch.Size([11])) that is different to the input size (torch.Size([11, 1])). This will likely lead to incorrect results due to broadcasting. Please ensure they have the same size.
  return F.mse_loss(input, target, reduction=self.reduction)
/home/mburu/anaconda3/envs/TabSurvey/lib/python3.8/site-packages/torch/nn/modules/loss.py:535: UserWarning: Using a target size (torch.Size([128])) that is different to the input size (torch.Size([128, 1])). This will likely lead to incorrect results due to broadcasting. Please ensure they have the same size.
  return F.mse_loss(input, target, reduction=self.reduction)
/home/mburu/Master_Thesis/master-thesis-da/DNN_Trial/models/rtdl_models.py:479: UserWarning: To copy construct from a tensor, it is recommended to use sourceTensor.clone().detach() or sourceTensor.clone().detach().requires_grad_(True), rather than torch.tensor(sourceTensor).
  X = torch.tensor(X, dtype=torch.float32).to(self.device)
/home/mburu/anaconda3/envs/TabSurvey/lib/python3.8/site-packages/torch/nn/modules/loss.py:535: UserWarning: Using a target size (torch.Size([98])) that is different to the input size (torch.Size([98, 1])). This will likely lead to incorrect results due to broadcasting. Please ensure they have the same size.
  return F.mse_loss(input, target, reduction=self.reduction)
/home/mburu/anaconda3/envs/TabSurvey/lib/python3.8/site-packages/torch/nn/modules/loss.py:535: UserWarning: Using a target size (torch.Size([11])) that is different to the input size (torch.Size([11, 1])). This will likely lead to incorrect results due to broadcasting. Please ensure they have the same size.
  return F.mse_loss(input, target, reduction=self.reduction)
[I 2025-05-11 02:53:40,883] Trial 2 finished with value: 519650.58702286315 and parameters: {'learning_rate': 9.694643402259925e-05, 'weight_decay': 5.31624433317556e-06}. Best is trial 2 with value: 519650.58702286315.
/home/mburu/anaconda3/envs/TabSurvey/lib/python3.8/site-packages/torch/nn/modules/loss.py:535: UserWarning: Using a target size (torch.Size([128])) that is different to the input size (torch.Size([128, 1])). This will likely lead to incorrect results due to broadcasting. Please ensure they have the same size.
  return F.mse_loss(input, target, reduction=self.reduction)
/home/mburu/Master_Thesis/master-thesis-da/DNN_Trial/models/rtdl_models.py:479: UserWarning: To copy construct from a tensor, it is recommended to use sourceTensor.clone().detach() or sourceTensor.clone().detach().requires_grad_(True), rather than torch.tensor(sourceTensor).
  X = torch.tensor(X, dtype=torch.float32).to(self.device)
/home/mburu/anaconda3/envs/TabSurvey/lib/python3.8/site-packages/torch/nn/modules/loss.py:535: UserWarning: Using a target size (torch.Size([99])) that is different to the input size (torch.Size([99, 1])). This will likely lead to incorrect results due to broadcasting. Please ensure they have the same size.
  return F.mse_loss(input, target, reduction=self.reduction)
/home/mburu/anaconda3/envs/TabSurvey/lib/python3.8/site-packages/torch/nn/modules/loss.py:535: UserWarning: Using a target size (torch.Size([10])) that is different to the input size (torch.Size([10, 1])). This will likely lead to incorrect results due to broadcasting. Please ensure they have the same size.
  return F.mse_loss(input, target, reduction=self.reduction)
/home/mburu/anaconda3/envs/TabSurvey/lib/python3.8/site-packages/torch/nn/modules/loss.py:535: UserWarning: Using a target size (torch.Size([128])) that is different to the input size (torch.Size([128, 1])). This will likely lead to incorrect results due to broadcasting. Please ensure they have the same size.
  return F.mse_loss(input, target, reduction=self.reduction)
/home/mburu/Master_Thesis/master-thesis-da/DNN_Trial/models/rtdl_models.py:479: UserWarning: To copy construct from a tensor, it is recommended to use sourceTensor.clone().detach() or sourceTensor.clone().detach().requires_grad_(True), rather than torch.tensor(sourceTensor).
  X = torch.tensor(X, dtype=torch.float32).to(self.device)
/home/mburu/anaconda3/envs/TabSurvey/lib/python3.8/site-packages/torch/nn/modules/loss.py:535: UserWarning: Using a target size (torch.Size([99])) that is different to the input size (torch.Size([99, 1])). This will likely lead to incorrect results due to broadcasting. Please ensure they have the same size.
  return F.mse_loss(input, target, reduction=self.reduction)
/home/mburu/anaconda3/envs/TabSurvey/lib/python3.8/site-packages/torch/nn/modules/loss.py:535: UserWarning: Using a target size (torch.Size([10])) that is different to the input size (torch.Size([10, 1])). This will likely lead to incorrect results due to broadcasting. Please ensure they have the same size.
  return F.mse_loss(input, target, reduction=self.reduction)
/home/mburu/anaconda3/envs/TabSurvey/lib/python3.8/site-packages/torch/nn/modules/loss.py:535: UserWarning: Using a target size (torch.Size([128])) that is different to the input size (torch.Size([128, 1])). This will likely lead to incorrect results due to broadcasting. Please ensure they have the same size.
  return F.mse_loss(input, target, reduction=self.reduction)
/home/mburu/Master_Thesis/master-thesis-da/DNN_Trial/models/rtdl_models.py:479: UserWarning: To copy construct from a tensor, it is recommended to use sourceTensor.clone().detach() or sourceTensor.clone().detach().requires_grad_(True), rather than torch.tensor(sourceTensor).
  X = torch.tensor(X, dtype=torch.float32).to(self.device)
/home/mburu/anaconda3/envs/TabSurvey/lib/python3.8/site-packages/torch/nn/modules/loss.py:535: UserWarning: Using a target size (torch.Size([99])) that is different to the input size (torch.Size([99, 1])). This will likely lead to incorrect results due to broadcasting. Please ensure they have the same size.
  return F.mse_loss(input, target, reduction=self.reduction)
/home/mburu/anaconda3/envs/TabSurvey/lib/python3.8/site-packages/torch/nn/modules/loss.py:535: UserWarning: Using a target size (torch.Size([10])) that is different to the input size (torch.Size([10, 1])). This will likely lead to incorrect results due to broadcasting. Please ensure they have the same size.
  return F.mse_loss(input, target, reduction=self.reduction)
/home/mburu/anaconda3/envs/TabSurvey/lib/python3.8/site-packages/torch/nn/modules/loss.py:535: UserWarning: Using a target size (torch.Size([128])) that is different to the input size (torch.Size([128, 1])). This will likely lead to incorrect results due to broadcasting. Please ensure they have the same size.
  return F.mse_loss(input, target, reduction=self.reduction)
/home/mburu/Master_Thesis/master-thesis-da/DNN_Trial/models/rtdl_models.py:479: UserWarning: To copy construct from a tensor, it is recommended to use sourceTensor.clone().detach() or sourceTensor.clone().detach().requires_grad_(True), rather than torch.tensor(sourceTensor).
  X = torch.tensor(X, dtype=torch.float32).to(self.device)
/home/mburu/anaconda3/envs/TabSurvey/lib/python3.8/site-packages/torch/nn/modules/loss.py:535: UserWarning: Using a target size (torch.Size([98])) that is different to the input size (torch.Size([98, 1])). This will likely lead to incorrect results due to broadcasting. Please ensure they have the same size.
  return F.mse_loss(input, target, reduction=self.reduction)
/home/mburu/anaconda3/envs/TabSurvey/lib/python3.8/site-packages/torch/nn/modules/loss.py:535: UserWarning: Using a target size (torch.Size([11])) that is different to the input size (torch.Size([11, 1])). This will likely lead to incorrect results due to broadcasting. Please ensure they have the same size.
  return F.mse_loss(input, target, reduction=self.reduction)
/home/mburu/anaconda3/envs/TabSurvey/lib/python3.8/site-packages/torch/nn/modules/loss.py:535: UserWarning: Using a target size (torch.Size([128])) that is different to the input size (torch.Size([128, 1])). This will likely lead to incorrect results due to broadcasting. Please ensure they have the same size.
  return F.mse_loss(input, target, reduction=self.reduction)
/home/mburu/Master_Thesis/master-thesis-da/DNN_Trial/models/rtdl_models.py:479: UserWarning: To copy construct from a tensor, it is recommended to use sourceTensor.clone().detach() or sourceTensor.clone().detach().requires_grad_(True), rather than torch.tensor(sourceTensor).
  X = torch.tensor(X, dtype=torch.float32).to(self.device)
/home/mburu/anaconda3/envs/TabSurvey/lib/python3.8/site-packages/torch/nn/modules/loss.py:535: UserWarning: Using a target size (torch.Size([98])) that is different to the input size (torch.Size([98, 1])). This will likely lead to incorrect results due to broadcasting. Please ensure they have the same size.
  return F.mse_loss(input, target, reduction=self.reduction)
/home/mburu/anaconda3/envs/TabSurvey/lib/python3.8/site-packages/torch/nn/modules/loss.py:535: UserWarning: Using a target size (torch.Size([11])) that is different to the input size (torch.Size([11, 1])). This will likely lead to incorrect results due to broadcasting. Please ensure they have the same size.
  return F.mse_loss(input, target, reduction=self.reduction)
[I 2025-05-11 02:53:41,559] Trial 3 finished with value: 518472.3427860828 and parameters: {'learning_rate': 0.00016403989308878597, 'weight_decay': 0.0012998242870388256}. Best is trial 3 with value: 518472.3427860828.
/home/mburu/anaconda3/envs/TabSurvey/lib/python3.8/site-packages/torch/nn/modules/loss.py:535: UserWarning: Using a target size (torch.Size([128])) that is different to the input size (torch.Size([128, 1])). This will likely lead to incorrect results due to broadcasting. Please ensure they have the same size.
  return F.mse_loss(input, target, reduction=self.reduction)
/home/mburu/Master_Thesis/master-thesis-da/DNN_Trial/models/rtdl_models.py:479: UserWarning: To copy construct from a tensor, it is recommended to use sourceTensor.clone().detach() or sourceTensor.clone().detach().requires_grad_(True), rather than torch.tensor(sourceTensor).
  X = torch.tensor(X, dtype=torch.float32).to(self.device)
/home/mburu/anaconda3/envs/TabSurvey/lib/python3.8/site-packages/torch/nn/modules/loss.py:535: UserWarning: Using a target size (torch.Size([99])) that is different to the input size (torch.Size([99, 1])). This will likely lead to incorrect results due to broadcasting. Please ensure they have the same size.
  return F.mse_loss(input, target, reduction=self.reduction)
/home/mburu/anaconda3/envs/TabSurvey/lib/python3.8/site-packages/torch/nn/modules/loss.py:535: UserWarning: Using a target size (torch.Size([10])) that is different to the input size (torch.Size([10, 1])). This will likely lead to incorrect results due to broadcasting. Please ensure they have the same size.
  return F.mse_loss(input, target, reduction=self.reduction)
/home/mburu/anaconda3/envs/TabSurvey/lib/python3.8/site-packages/torch/nn/modules/loss.py:535: UserWarning: Using a target size (torch.Size([128])) that is different to the input size (torch.Size([128, 1])). This will likely lead to incorrect results due to broadcasting. Please ensure they have the same size.
  return F.mse_loss(input, target, reduction=self.reduction)
/home/mburu/Master_Thesis/master-thesis-da/DNN_Trial/models/rtdl_models.py:479: UserWarning: To copy construct from a tensor, it is recommended to use sourceTensor.clone().detach() or sourceTensor.clone().detach().requires_grad_(True), rather than torch.tensor(sourceTensor).
  X = torch.tensor(X, dtype=torch.float32).to(self.device)
/home/mburu/anaconda3/envs/TabSurvey/lib/python3.8/site-packages/torch/nn/modules/loss.py:535: UserWarning: Using a target size (torch.Size([99])) that is different to the input size (torch.Size([99, 1])). This will likely lead to incorrect results due to broadcasting. Please ensure they have the same size.
  return F.mse_loss(input, target, reduction=self.reduction)
/home/mburu/anaconda3/envs/TabSurvey/lib/python3.8/site-packages/torch/nn/modules/loss.py:535: UserWarning: Using a target size (torch.Size([10])) that is different to the input size (torch.Size([10, 1])). This will likely lead to incorrect results due to broadcasting. Please ensure they have the same size.
  return F.mse_loss(input, target, reduction=self.reduction)
/home/mburu/anaconda3/envs/TabSurvey/lib/python3.8/site-packages/torch/nn/modules/loss.py:535: UserWarning: Using a target size (torch.Size([128])) that is different to the input size (torch.Size([128, 1])). This will likely lead to incorrect results due to broadcasting. Please ensure they have the same size.
  return F.mse_loss(input, target, reduction=self.reduction)
/home/mburu/Master_Thesis/master-thesis-da/DNN_Trial/models/rtdl_models.py:479: UserWarning: To copy construct from a tensor, it is recommended to use sourceTensor.clone().detach() or sourceTensor.clone().detach().requires_grad_(True), rather than torch.tensor(sourceTensor).
  X = torch.tensor(X, dtype=torch.float32).to(self.device)
/home/mburu/anaconda3/envs/TabSurvey/lib/python3.8/site-packages/torch/nn/modules/loss.py:535: UserWarning: Using a target size (torch.Size([99])) that is different to the input size (torch.Size([99, 1])). This will likely lead to incorrect results due to broadcasting. Please ensure they have the same size.
  return F.mse_loss(input, target, reduction=self.reduction)
/home/mburu/anaconda3/envs/TabSurvey/lib/python3.8/site-packages/torch/nn/modules/loss.py:535: UserWarning: Using a target size (torch.Size([10])) that is different to the input size (torch.Size([10, 1])). This will likely lead to incorrect results due to broadcasting. Please ensure they have the same size.
  return F.mse_loss(input, target, reduction=self.reduction)
/home/mburu/anaconda3/envs/TabSurvey/lib/python3.8/site-packages/torch/nn/modules/loss.py:535: UserWarning: Using a target size (torch.Size([128])) that is different to the input size (torch.Size([128, 1])). This will likely lead to incorrect results due to broadcasting. Please ensure they have the same size.
  return F.mse_loss(input, target, reduction=self.reduction)
/home/mburu/Master_Thesis/master-thesis-da/DNN_Trial/models/rtdl_models.py:479: UserWarning: To copy construct from a tensor, it is recommended to use sourceTensor.clone().detach() or sourceTensor.clone().detach().requires_grad_(True), rather than torch.tensor(sourceTensor).
  X = torch.tensor(X, dtype=torch.float32).to(self.device)
/home/mburu/anaconda3/envs/TabSurvey/lib/python3.8/site-packages/torch/nn/modules/loss.py:535: UserWarning: Using a target size (torch.Size([98])) that is different to the input size (torch.Size([98, 1])). This will likely lead to incorrect results due to broadcasting. Please ensure they have the same size.
  return F.mse_loss(input, target, reduction=self.reduction)
/home/mburu/anaconda3/envs/TabSurvey/lib/python3.8/site-packages/torch/nn/modules/loss.py:535: UserWarning: Using a target size (torch.Size([11])) that is different to the input size (torch.Size([11, 1])). This will likely lead to incorrect results due to broadcasting. Please ensure they have the same size.
  return F.mse_loss(input, target, reduction=self.reduction)
/home/mburu/anaconda3/envs/TabSurvey/lib/python3.8/site-packages/torch/nn/modules/loss.py:535: UserWarning: Using a target size (torch.Size([128])) that is different to the input size (torch.Size([128, 1])). This will likely lead to incorrect results due to broadcasting. Please ensure they have the same size.
  return F.mse_loss(input, target, reduction=self.reduction)
/home/mburu/Master_Thesis/master-thesis-da/DNN_Trial/models/rtdl_models.py:479: UserWarning: To copy construct from a tensor, it is recommended to use sourceTensor.clone().detach() or sourceTensor.clone().detach().requires_grad_(True), rather than torch.tensor(sourceTensor).
  X = torch.tensor(X, dtype=torch.float32).to(self.device)
/home/mburu/anaconda3/envs/TabSurvey/lib/python3.8/site-packages/torch/nn/modules/loss.py:535: UserWarning: Using a target size (torch.Size([98])) that is different to the input size (torch.Size([98, 1])). This will likely lead to incorrect results due to broadcasting. Please ensure they have the same size.
  return F.mse_loss(input, target, reduction=self.reduction)
/home/mburu/anaconda3/envs/TabSurvey/lib/python3.8/site-packages/torch/nn/modules/loss.py:535: UserWarning: Using a target size (torch.Size([11])) that is different to the input size (torch.Size([11, 1])). This will likely lead to incorrect results due to broadcasting. Please ensure they have the same size.
  return F.mse_loss(input, target, reduction=self.reduction)
[I 2025-05-11 02:53:42,221] Trial 4 finished with value: 520715.8100594146 and parameters: {'learning_rate': 4.805341949649739e-05, 'weight_decay': 0.0007619310652851335}. Best is trial 3 with value: 518472.3427860828.
/home/mburu/anaconda3/envs/TabSurvey/lib/python3.8/site-packages/torch/nn/modules/loss.py:535: UserWarning: Using a target size (torch.Size([128])) that is different to the input size (torch.Size([128, 1])). This will likely lead to incorrect results due to broadcasting. Please ensure they have the same size.
  return F.mse_loss(input, target, reduction=self.reduction)
/home/mburu/Master_Thesis/master-thesis-da/DNN_Trial/models/rtdl_models.py:479: UserWarning: To copy construct from a tensor, it is recommended to use sourceTensor.clone().detach() or sourceTensor.clone().detach().requires_grad_(True), rather than torch.tensor(sourceTensor).
  X = torch.tensor(X, dtype=torch.float32).to(self.device)
/home/mburu/anaconda3/envs/TabSurvey/lib/python3.8/site-packages/torch/nn/modules/loss.py:535: UserWarning: Using a target size (torch.Size([123])) that is different to the input size (torch.Size([123, 1])). This will likely lead to incorrect results due to broadcasting. Please ensure they have the same size.
  return F.mse_loss(input, target, reduction=self.reduction)
/home/mburu/anaconda3/envs/TabSurvey/lib/python3.8/site-packages/torch/nn/modules/loss.py:535: UserWarning: Using a target size (torch.Size([109])) that is different to the input size (torch.Size([109, 1])). This will likely lead to incorrect results due to broadcasting. Please ensure they have the same size.
  return F.mse_loss(input, target, reduction=self.reduction)
