2025-06-19 10:07:12.138625
Parameters: {'learning_rate': 0.01, 'max_depth': 10, 'l2_leaf_reg': 1.0, 'iterations': 100, 'od_type': 'Iter', 'od_wait': 20, 'verbose': 100, 'train_dir': 'output/CatBoost/Allstate_Claims/catboost_info', 'cat_features': [0, 1, 2, 3, 4, 5, 6, 7, 8, 9, 10, 11, 12, 13, 14, 15, 16, 17, 18, 19, 20, 21, 22, 23, 24, 25, 26, 27, 28, 29, 30, 31, 32, 33, 34, 35, 36, 37, 38, 39, 40, 41, 42, 43, 44, 45, 46, 47, 48, 49, 50, 51, 52, 53, 54, 55, 56, 57, 58, 59, 60, 61, 62, 63, 64, 65, 66, 67, 68, 69, 70, 71, 72, 73, 74, 75, 76, 77, 78, 79, 80, 81, 82, 83, 84, 85, 86, 87, 88, 89, 90, 91, 92, 93, 94, 95, 96, 97, 98, 99, 100, 101, 102, 103, 104, 105, 106, 107, 108, 109, 110, 111, 112, 113, 114, 115]}

MSE - mean: 5059922.77651
MSE - std: 321003.86170
R2 - mean: 0.39113
R2 - std: 0.01304

Train time: 55.783092
Test time: 0.800973

---------------------------------------
2025-06-19 10:08:26.440289
Parameters: {'learning_rate': 0.01, 'max_depth': 10, 'l2_leaf_reg': 30.0, 'iterations': 100, 'od_type': 'Iter', 'od_wait': 20, 'verbose': 100, 'train_dir': 'output/CatBoost/Allstate_Claims/catboost_info', 'cat_features': [0, 1, 2, 3, 4, 5, 6, 7, 8, 9, 10, 11, 12, 13, 14, 15, 16, 17, 18, 19, 20, 21, 22, 23, 24, 25, 26, 27, 28, 29, 30, 31, 32, 33, 34, 35, 36, 37, 38, 39, 40, 41, 42, 43, 44, 45, 46, 47, 48, 49, 50, 51, 52, 53, 54, 55, 56, 57, 58, 59, 60, 61, 62, 63, 64, 65, 66, 67, 68, 69, 70, 71, 72, 73, 74, 75, 76, 77, 78, 79, 80, 81, 82, 83, 84, 85, 86, 87, 88, 89, 90, 91, 92, 93, 94, 95, 96, 97, 98, 99, 100, 101, 102, 103, 104, 105, 106, 107, 108, 109, 110, 111, 112, 113, 114, 115]}

MSE - mean: 5356479.46364
MSE - std: 337912.31827
R2 - mean: 0.35544
R2 - std: 0.01318

Train time: 53.044745
Test time: 0.692464

---------------------------------------
2025-06-19 10:09:42.310478
Parameters: {'learning_rate': 0.001, 'max_depth': 10, 'l2_leaf_reg': 0.5, 'iterations': 100, 'od_type': 'Iter', 'od_wait': 20, 'verbose': 100, 'train_dir': 'output/CatBoost/Allstate_Claims/catboost_info', 'cat_features': [0, 1, 2, 3, 4, 5, 6, 7, 8, 9, 10, 11, 12, 13, 14, 15, 16, 17, 18, 19, 20, 21, 22, 23, 24, 25, 26, 27, 28, 29, 30, 31, 32, 33, 34, 35, 36, 37, 38, 39, 40, 41, 42, 43, 44, 45, 46, 47, 48, 49, 50, 51, 52, 53, 54, 55, 56, 57, 58, 59, 60, 61, 62, 63, 64, 65, 66, 67, 68, 69, 70, 71, 72, 73, 74, 75, 76, 77, 78, 79, 80, 81, 82, 83, 84, 85, 86, 87, 88, 89, 90, 91, 92, 93, 94, 95, 96, 97, 98, 99, 100, 101, 102, 103, 104, 105, 106, 107, 108, 109, 110, 111, 112, 113, 114, 115]}

MSE - mean: 7667405.52618
MSE - std: 352401.57276
R2 - mean: 0.07672
R2 - std: 0.00290

Train time: 55.666259
Test time: 0.673841

---------------------------------------
2025-06-19 10:11:35.298984
Parameters: {'learning_rate': 0.2, 'max_depth': 12, 'l2_leaf_reg': 5.0, 'iterations': 100, 'od_type': 'Iter', 'od_wait': 20, 'verbose': 100, 'train_dir': 'output/CatBoost/Allstate_Claims/catboost_info', 'cat_features': [0, 1, 2, 3, 4, 5, 6, 7, 8, 9, 10, 11, 12, 13, 14, 15, 16, 17, 18, 19, 20, 21, 22, 23, 24, 25, 26, 27, 28, 29, 30, 31, 32, 33, 34, 35, 36, 37, 38, 39, 40, 41, 42, 43, 44, 45, 46, 47, 48, 49, 50, 51, 52, 53, 54, 55, 56, 57, 58, 59, 60, 61, 62, 63, 64, 65, 66, 67, 68, 69, 70, 71, 72, 73, 74, 75, 76, 77, 78, 79, 80, 81, 82, 83, 84, 85, 86, 87, 88, 89, 90, 91, 92, 93, 94, 95, 96, 97, 98, 99, 100, 101, 102, 103, 104, 105, 106, 107, 108, 109, 110, 111, 112, 113, 114, 115]}

MSE - mean: 3773779.11230
MSE - std: 323002.93619
R2 - mean: 0.54622
R2 - std: 0.02063

Train time: 107.288454
Test time: 0.699086

---------------------------------------
2025-06-19 10:13:21.221852
Parameters: {'learning_rate': 0.2, 'max_depth': 12, 'l2_leaf_reg': 10.0, 'iterations': 100, 'od_type': 'Iter', 'od_wait': 20, 'verbose': 100, 'train_dir': 'output/CatBoost/Allstate_Claims/catboost_info', 'cat_features': [0, 1, 2, 3, 4, 5, 6, 7, 8, 9, 10, 11, 12, 13, 14, 15, 16, 17, 18, 19, 20, 21, 22, 23, 24, 25, 26, 27, 28, 29, 30, 31, 32, 33, 34, 35, 36, 37, 38, 39, 40, 41, 42, 43, 44, 45, 46, 47, 48, 49, 50, 51, 52, 53, 54, 55, 56, 57, 58, 59, 60, 61, 62, 63, 64, 65, 66, 67, 68, 69, 70, 71, 72, 73, 74, 75, 76, 77, 78, 79, 80, 81, 82, 83, 84, 85, 86, 87, 88, 89, 90, 91, 92, 93, 94, 95, 96, 97, 98, 99, 100, 101, 102, 103, 104, 105, 106, 107, 108, 109, 110, 111, 112, 113, 114, 115]}

MSE - mean: 3802355.33618
MSE - std: 307208.72924
R2 - mean: 0.54269
R2 - std: 0.01904

Train time: 97.009741
Test time: 0.700076

---------------------------------------
2025-06-19 10:14:15.772052
Parameters: {'learning_rate': 0.2, 'max_depth': 6, 'l2_leaf_reg': 30.0, 'iterations': 100, 'od_type': 'Iter', 'od_wait': 20, 'verbose': 100, 'train_dir': 'output/CatBoost/Allstate_Claims/catboost_info', 'cat_features': [0, 1, 2, 3, 4, 5, 6, 7, 8, 9, 10, 11, 12, 13, 14, 15, 16, 17, 18, 19, 20, 21, 22, 23, 24, 25, 26, 27, 28, 29, 30, 31, 32, 33, 34, 35, 36, 37, 38, 39, 40, 41, 42, 43, 44, 45, 46, 47, 48, 49, 50, 51, 52, 53, 54, 55, 56, 57, 58, 59, 60, 61, 62, 63, 64, 65, 66, 67, 68, 69, 70, 71, 72, 73, 74, 75, 76, 77, 78, 79, 80, 81, 82, 83, 84, 85, 86, 87, 88, 89, 90, 91, 92, 93, 94, 95, 96, 97, 98, 99, 100, 101, 102, 103, 104, 105, 106, 107, 108, 109, 110, 111, 112, 113, 114, 115]}

MSE - mean: 3910091.86956
MSE - std: 224030.00517
R2 - mean: 0.52928
R2 - std: 0.01243

Train time: 23.202981
Test time: 0.673129

---------------------------------------
2025-06-19 10:15:02.909734
Parameters: {'learning_rate': 0.3, 'max_depth': 2, 'l2_leaf_reg': 0.5, 'iterations': 100, 'od_type': 'Iter', 'od_wait': 20, 'verbose': 100, 'train_dir': 'output/CatBoost/Allstate_Claims/catboost_info', 'cat_features': [0, 1, 2, 3, 4, 5, 6, 7, 8, 9, 10, 11, 12, 13, 14, 15, 16, 17, 18, 19, 20, 21, 22, 23, 24, 25, 26, 27, 28, 29, 30, 31, 32, 33, 34, 35, 36, 37, 38, 39, 40, 41, 42, 43, 44, 45, 46, 47, 48, 49, 50, 51, 52, 53, 54, 55, 56, 57, 58, 59, 60, 61, 62, 63, 64, 65, 66, 67, 68, 69, 70, 71, 72, 73, 74, 75, 76, 77, 78, 79, 80, 81, 82, 83, 84, 85, 86, 87, 88, 89, 90, 91, 92, 93, 94, 95, 96, 97, 98, 99, 100, 101, 102, 103, 104, 105, 106, 107, 108, 109, 110, 111, 112, 113, 114, 115]}

MSE - mean: 3914023.32938
MSE - std: 259406.87881
R2 - mean: 0.52896
R2 - std: 0.01474

Train time: 11.672145
Test time: 0.671826

---------------------------------------
2025-06-19 10:15:57.890418
Parameters: {'learning_rate': 0.2, 'max_depth': 6, 'l2_leaf_reg': 10.0, 'iterations': 100, 'od_type': 'Iter', 'od_wait': 20, 'verbose': 100, 'train_dir': 'output/CatBoost/Allstate_Claims/catboost_info', 'cat_features': [0, 1, 2, 3, 4, 5, 6, 7, 8, 9, 10, 11, 12, 13, 14, 15, 16, 17, 18, 19, 20, 21, 22, 23, 24, 25, 26, 27, 28, 29, 30, 31, 32, 33, 34, 35, 36, 37, 38, 39, 40, 41, 42, 43, 44, 45, 46, 47, 48, 49, 50, 51, 52, 53, 54, 55, 56, 57, 58, 59, 60, 61, 62, 63, 64, 65, 66, 67, 68, 69, 70, 71, 72, 73, 74, 75, 76, 77, 78, 79, 80, 81, 82, 83, 84, 85, 86, 87, 88, 89, 90, 91, 92, 93, 94, 95, 96, 97, 98, 99, 100, 101, 102, 103, 104, 105, 106, 107, 108, 109, 110, 111, 112, 113, 114, 115]}

MSE - mean: 3745463.13110
MSE - std: 264008.35140
R2 - mean: 0.54936
R2 - std: 0.01447

Train time: 23.537876
Test time: 0.702536

---------------------------------------
2025-06-19 10:17:12.444370
Parameters: {'learning_rate': 0.2, 'max_depth': 10, 'l2_leaf_reg': 5.0, 'iterations': 100, 'od_type': 'Iter', 'od_wait': 20, 'verbose': 100, 'train_dir': 'output/CatBoost/Allstate_Claims/catboost_info', 'cat_features': [0, 1, 2, 3, 4, 5, 6, 7, 8, 9, 10, 11, 12, 13, 14, 15, 16, 17, 18, 19, 20, 21, 22, 23, 24, 25, 26, 27, 28, 29, 30, 31, 32, 33, 34, 35, 36, 37, 38, 39, 40, 41, 42, 43, 44, 45, 46, 47, 48, 49, 50, 51, 52, 53, 54, 55, 56, 57, 58, 59, 60, 61, 62, 63, 64, 65, 66, 67, 68, 69, 70, 71, 72, 73, 74, 75, 76, 77, 78, 79, 80, 81, 82, 83, 84, 85, 86, 87, 88, 89, 90, 91, 92, 93, 94, 95, 96, 97, 98, 99, 100, 101, 102, 103, 104, 105, 106, 107, 108, 109, 110, 111, 112, 113, 114, 115]}

MSE - mean: 3676115.71340
MSE - std: 280843.60267
R2 - mean: 0.55778
R2 - std: 0.01700

Train time: 53.766230
Test time: 0.723078

---------------------------------------
2025-06-19 10:30:39.088748
Parameters: {'learning_rate': 0.01, 'max_depth': 10, 'l2_leaf_reg': 1.0, 'iterations': 100, 'od_type': 'Iter', 'od_wait': 20, 'verbose': 100, 'train_dir': 'output/CatBoost/Allstate_Claims/catboost_info', 'cat_features': [0, 1, 2, 3, 4, 5, 6, 7, 8, 9, 10, 11, 12, 13, 14, 15, 16, 17, 18, 19, 20, 21, 22, 23, 24, 25, 26, 27, 28, 29, 30, 31, 32, 33, 34, 35, 36, 37, 38, 39, 40, 41, 42, 43, 44, 45, 46, 47, 48, 49, 50, 51, 52, 53, 54, 55, 56, 57, 58, 59, 60, 61, 62, 63, 64, 65, 66, 67, 68, 69, 70, 71, 72, 73, 74, 75, 76, 77, 78, 79, 80, 81, 82, 83, 84, 85, 86, 87, 88, 89, 90, 91, 92, 93, 94, 95, 96, 97, 98, 99, 100, 101, 102, 103, 104, 105, 106, 107, 108, 109, 110, 111, 112, 113, 114, 115]}

MSE - mean: 5059922.77651
MSE - std: 321003.86170
R2 - mean: 0.39113
R2 - std: 0.01304

Train time: 72.950843
Test time: 1.050592

---------------------------------------
2025-06-19 10:32:32.326457
Parameters: {'learning_rate': 0.01, 'max_depth': 10, 'l2_leaf_reg': 30.0, 'iterations': 100, 'od_type': 'Iter', 'od_wait': 20, 'verbose': 100, 'train_dir': 'output/CatBoost/Allstate_Claims/catboost_info', 'cat_features': [0, 1, 2, 3, 4, 5, 6, 7, 8, 9, 10, 11, 12, 13, 14, 15, 16, 17, 18, 19, 20, 21, 22, 23, 24, 25, 26, 27, 28, 29, 30, 31, 32, 33, 34, 35, 36, 37, 38, 39, 40, 41, 42, 43, 44, 45, 46, 47, 48, 49, 50, 51, 52, 53, 54, 55, 56, 57, 58, 59, 60, 61, 62, 63, 64, 65, 66, 67, 68, 69, 70, 71, 72, 73, 74, 75, 76, 77, 78, 79, 80, 81, 82, 83, 84, 85, 86, 87, 88, 89, 90, 91, 92, 93, 94, 95, 96, 97, 98, 99, 100, 101, 102, 103, 104, 105, 106, 107, 108, 109, 110, 111, 112, 113, 114, 115]}

MSE - mean: 5356479.46364
MSE - std: 337912.31827
R2 - mean: 0.35544
R2 - std: 0.01318

Train time: 70.131772
Test time: 0.899400

---------------------------------------
2025-06-19 10:34:28.848813
Parameters: {'learning_rate': 0.001, 'max_depth': 10, 'l2_leaf_reg': 0.5, 'iterations': 100, 'od_type': 'Iter', 'od_wait': 20, 'verbose': 100, 'train_dir': 'output/CatBoost/Allstate_Claims/catboost_info', 'cat_features': [0, 1, 2, 3, 4, 5, 6, 7, 8, 9, 10, 11, 12, 13, 14, 15, 16, 17, 18, 19, 20, 21, 22, 23, 24, 25, 26, 27, 28, 29, 30, 31, 32, 33, 34, 35, 36, 37, 38, 39, 40, 41, 42, 43, 44, 45, 46, 47, 48, 49, 50, 51, 52, 53, 54, 55, 56, 57, 58, 59, 60, 61, 62, 63, 64, 65, 66, 67, 68, 69, 70, 71, 72, 73, 74, 75, 76, 77, 78, 79, 80, 81, 82, 83, 84, 85, 86, 87, 88, 89, 90, 91, 92, 93, 94, 95, 96, 97, 98, 99, 100, 101, 102, 103, 104, 105, 106, 107, 108, 109, 110, 111, 112, 113, 114, 115]}

MSE - mean: 7667405.52618
MSE - std: 352401.57276
R2 - mean: 0.07672
R2 - std: 0.00290

Train time: 74.033139
Test time: 0.840529

---------------------------------------
2025-06-19 10:37:13.556225
Parameters: {'learning_rate': 0.2, 'max_depth': 12, 'l2_leaf_reg': 5.0, 'iterations': 100, 'od_type': 'Iter', 'od_wait': 20, 'verbose': 100, 'train_dir': 'output/CatBoost/Allstate_Claims/catboost_info', 'cat_features': [0, 1, 2, 3, 4, 5, 6, 7, 8, 9, 10, 11, 12, 13, 14, 15, 16, 17, 18, 19, 20, 21, 22, 23, 24, 25, 26, 27, 28, 29, 30, 31, 32, 33, 34, 35, 36, 37, 38, 39, 40, 41, 42, 43, 44, 45, 46, 47, 48, 49, 50, 51, 52, 53, 54, 55, 56, 57, 58, 59, 60, 61, 62, 63, 64, 65, 66, 67, 68, 69, 70, 71, 72, 73, 74, 75, 76, 77, 78, 79, 80, 81, 82, 83, 84, 85, 86, 87, 88, 89, 90, 91, 92, 93, 94, 95, 96, 97, 98, 99, 100, 101, 102, 103, 104, 105, 106, 107, 108, 109, 110, 111, 112, 113, 114, 115]}

MSE - mean: 3773779.11230
MSE - std: 323002.93619
R2 - mean: 0.54622
R2 - std: 0.02063

Train time: 141.130795
Test time: 0.927070

---------------------------------------
2025-06-19 10:39:47.637134
Parameters: {'learning_rate': 0.2, 'max_depth': 12, 'l2_leaf_reg': 10.0, 'iterations': 100, 'od_type': 'Iter', 'od_wait': 20, 'verbose': 100, 'train_dir': 'output/CatBoost/Allstate_Claims/catboost_info', 'cat_features': [0, 1, 2, 3, 4, 5, 6, 7, 8, 9, 10, 11, 12, 13, 14, 15, 16, 17, 18, 19, 20, 21, 22, 23, 24, 25, 26, 27, 28, 29, 30, 31, 32, 33, 34, 35, 36, 37, 38, 39, 40, 41, 42, 43, 44, 45, 46, 47, 48, 49, 50, 51, 52, 53, 54, 55, 56, 57, 58, 59, 60, 61, 62, 63, 64, 65, 66, 67, 68, 69, 70, 71, 72, 73, 74, 75, 76, 77, 78, 79, 80, 81, 82, 83, 84, 85, 86, 87, 88, 89, 90, 91, 92, 93, 94, 95, 96, 97, 98, 99, 100, 101, 102, 103, 104, 105, 106, 107, 108, 109, 110, 111, 112, 113, 114, 115]}

MSE - mean: 3802355.33618
MSE - std: 307208.72924
R2 - mean: 0.54269
R2 - std: 0.01904

Train time: 127.701181
Test time: 0.887499

---------------------------------------
2025-06-19 10:41:12.751170
Parameters: {'learning_rate': 0.2, 'max_depth': 6, 'l2_leaf_reg': 30.0, 'iterations': 100, 'od_type': 'Iter', 'od_wait': 20, 'verbose': 100, 'train_dir': 'output/CatBoost/Allstate_Claims/catboost_info', 'cat_features': [0, 1, 2, 3, 4, 5, 6, 7, 8, 9, 10, 11, 12, 13, 14, 15, 16, 17, 18, 19, 20, 21, 22, 23, 24, 25, 26, 27, 28, 29, 30, 31, 32, 33, 34, 35, 36, 37, 38, 39, 40, 41, 42, 43, 44, 45, 46, 47, 48, 49, 50, 51, 52, 53, 54, 55, 56, 57, 58, 59, 60, 61, 62, 63, 64, 65, 66, 67, 68, 69, 70, 71, 72, 73, 74, 75, 76, 77, 78, 79, 80, 81, 82, 83, 84, 85, 86, 87, 88, 89, 90, 91, 92, 93, 94, 95, 96, 97, 98, 99, 100, 101, 102, 103, 104, 105, 106, 107, 108, 109, 110, 111, 112, 113, 114, 115]}

MSE - mean: 3910091.86956
MSE - std: 224030.00517
R2 - mean: 0.52928
R2 - std: 0.01243

Train time: 31.010207
Test time: 0.841122

---------------------------------------
2025-06-19 10:42:30.175138
Parameters: {'learning_rate': 0.3, 'max_depth': 2, 'l2_leaf_reg': 0.5, 'iterations': 100, 'od_type': 'Iter', 'od_wait': 20, 'verbose': 100, 'train_dir': 'output/CatBoost/Allstate_Claims/catboost_info', 'cat_features': [0, 1, 2, 3, 4, 5, 6, 7, 8, 9, 10, 11, 12, 13, 14, 15, 16, 17, 18, 19, 20, 21, 22, 23, 24, 25, 26, 27, 28, 29, 30, 31, 32, 33, 34, 35, 36, 37, 38, 39, 40, 41, 42, 43, 44, 45, 46, 47, 48, 49, 50, 51, 52, 53, 54, 55, 56, 57, 58, 59, 60, 61, 62, 63, 64, 65, 66, 67, 68, 69, 70, 71, 72, 73, 74, 75, 76, 77, 78, 79, 80, 81, 82, 83, 84, 85, 86, 87, 88, 89, 90, 91, 92, 93, 94, 95, 96, 97, 98, 99, 100, 101, 102, 103, 104, 105, 106, 107, 108, 109, 110, 111, 112, 113, 114, 115]}

MSE - mean: 3914023.32938
MSE - std: 259406.87881
R2 - mean: 0.52896
R2 - std: 0.01474

Train time: 16.096935
Test time: 0.888153

---------------------------------------
2025-06-19 10:44:00.213522
Parameters: {'learning_rate': 0.2, 'max_depth': 6, 'l2_leaf_reg': 10.0, 'iterations': 100, 'od_type': 'Iter', 'od_wait': 20, 'verbose': 100, 'train_dir': 'output/CatBoost/Allstate_Claims/catboost_info', 'cat_features': [0, 1, 2, 3, 4, 5, 6, 7, 8, 9, 10, 11, 12, 13, 14, 15, 16, 17, 18, 19, 20, 21, 22, 23, 24, 25, 26, 27, 28, 29, 30, 31, 32, 33, 34, 35, 36, 37, 38, 39, 40, 41, 42, 43, 44, 45, 46, 47, 48, 49, 50, 51, 52, 53, 54, 55, 56, 57, 58, 59, 60, 61, 62, 63, 64, 65, 66, 67, 68, 69, 70, 71, 72, 73, 74, 75, 76, 77, 78, 79, 80, 81, 82, 83, 84, 85, 86, 87, 88, 89, 90, 91, 92, 93, 94, 95, 96, 97, 98, 99, 100, 101, 102, 103, 104, 105, 106, 107, 108, 109, 110, 111, 112, 113, 114, 115]}

MSE - mean: 3745463.13110
MSE - std: 264008.35140
R2 - mean: 0.54936
R2 - std: 0.01447

Train time: 32.670252
Test time: 0.897652

---------------------------------------
2025-06-19 10:45:54.039907
Parameters: {'learning_rate': 0.2, 'max_depth': 10, 'l2_leaf_reg': 5.0, 'iterations': 100, 'od_type': 'Iter', 'od_wait': 20, 'verbose': 100, 'train_dir': 'output/CatBoost/Allstate_Claims/catboost_info', 'cat_features': [0, 1, 2, 3, 4, 5, 6, 7, 8, 9, 10, 11, 12, 13, 14, 15, 16, 17, 18, 19, 20, 21, 22, 23, 24, 25, 26, 27, 28, 29, 30, 31, 32, 33, 34, 35, 36, 37, 38, 39, 40, 41, 42, 43, 44, 45, 46, 47, 48, 49, 50, 51, 52, 53, 54, 55, 56, 57, 58, 59, 60, 61, 62, 63, 64, 65, 66, 67, 68, 69, 70, 71, 72, 73, 74, 75, 76, 77, 78, 79, 80, 81, 82, 83, 84, 85, 86, 87, 88, 89, 90, 91, 92, 93, 94, 95, 96, 97, 98, 99, 100, 101, 102, 103, 104, 105, 106, 107, 108, 109, 110, 111, 112, 113, 114, 115]}

MSE - mean: 3676115.71340
MSE - std: 280843.60267
R2 - mean: 0.55778
R2 - std: 0.01700

Train time: 71.677824
Test time: 0.913425

---------------------------------------
2025-06-19 10:48:21.603792
Parameters: {'learning_rate': 0.2, 'max_depth': 12, 'l2_leaf_reg': 30.0, 'iterations': 100, 'od_type': 'Iter', 'od_wait': 20, 'verbose': 100, 'train_dir': 'output/CatBoost/Allstate_Claims/catboost_info', 'cat_features': [0, 1, 2, 3, 4, 5, 6, 7, 8, 9, 10, 11, 12, 13, 14, 15, 16, 17, 18, 19, 20, 21, 22, 23, 24, 25, 26, 27, 28, 29, 30, 31, 32, 33, 34, 35, 36, 37, 38, 39, 40, 41, 42, 43, 44, 45, 46, 47, 48, 49, 50, 51, 52, 53, 54, 55, 56, 57, 58, 59, 60, 61, 62, 63, 64, 65, 66, 67, 68, 69, 70, 71, 72, 73, 74, 75, 76, 77, 78, 79, 80, 81, 82, 83, 84, 85, 86, 87, 88, 89, 90, 91, 92, 93, 94, 95, 96, 97, 98, 99, 100, 101, 102, 103, 104, 105, 106, 107, 108, 109, 110, 111, 112, 113, 114, 115]}

MSE - mean: 3885878.56135
MSE - std: 255889.87671
R2 - mean: 0.53239
R2 - std: 0.01346

Train time: 114.702767
Test time: 0.916045

---------------------------------------
2025-06-19 10:49:51.385885
Parameters: {'learning_rate': 0.2, 'max_depth': 6, 'l2_leaf_reg': 5.0, 'iterations': 100, 'od_type': 'Iter', 'od_wait': 20, 'verbose': 100, 'train_dir': 'output/CatBoost/Allstate_Claims/catboost_info', 'cat_features': [0, 1, 2, 3, 4, 5, 6, 7, 8, 9, 10, 11, 12, 13, 14, 15, 16, 17, 18, 19, 20, 21, 22, 23, 24, 25, 26, 27, 28, 29, 30, 31, 32, 33, 34, 35, 36, 37, 38, 39, 40, 41, 42, 43, 44, 45, 46, 47, 48, 49, 50, 51, 52, 53, 54, 55, 56, 57, 58, 59, 60, 61, 62, 63, 64, 65, 66, 67, 68, 69, 70, 71, 72, 73, 74, 75, 76, 77, 78, 79, 80, 81, 82, 83, 84, 85, 86, 87, 88, 89, 90, 91, 92, 93, 94, 95, 96, 97, 98, 99, 100, 101, 102, 103, 104, 105, 106, 107, 108, 109, 110, 111, 112, 113, 114, 115]}

MSE - mean: 3681970.96642
MSE - std: 277375.31753
R2 - mean: 0.55702
R2 - std: 0.01736

Train time: 33.509862
Test time: 0.860303

---------------------------------------
2025-06-19 10:51:11.410194
Parameters: {'learning_rate': 0.2, 'max_depth': 2, 'l2_leaf_reg': 30.0, 'iterations': 100, 'od_type': 'Iter', 'od_wait': 20, 'verbose': 100, 'train_dir': 'output/CatBoost/Allstate_Claims/catboost_info', 'cat_features': [0, 1, 2, 3, 4, 5, 6, 7, 8, 9, 10, 11, 12, 13, 14, 15, 16, 17, 18, 19, 20, 21, 22, 23, 24, 25, 26, 27, 28, 29, 30, 31, 32, 33, 34, 35, 36, 37, 38, 39, 40, 41, 42, 43, 44, 45, 46, 47, 48, 49, 50, 51, 52, 53, 54, 55, 56, 57, 58, 59, 60, 61, 62, 63, 64, 65, 66, 67, 68, 69, 70, 71, 72, 73, 74, 75, 76, 77, 78, 79, 80, 81, 82, 83, 84, 85, 86, 87, 88, 89, 90, 91, 92, 93, 94, 95, 96, 97, 98, 99, 100, 101, 102, 103, 104, 105, 106, 107, 108, 109, 110, 111, 112, 113, 114, 115]}

MSE - mean: 4152424.35861
MSE - std: 236572.95551
R2 - mean: 0.50016
R2 - std: 0.01000

Train time: 16.600047
Test time: 0.907603

---------------------------------------
2025-06-19 10:53:05.015953
Parameters: {'learning_rate': 0.3, 'max_depth': 10, 'l2_leaf_reg': 10.0, 'iterations': 100, 'od_type': 'Iter', 'od_wait': 20, 'verbose': 100, 'train_dir': 'output/CatBoost/Allstate_Claims/catboost_info', 'cat_features': [0, 1, 2, 3, 4, 5, 6, 7, 8, 9, 10, 11, 12, 13, 14, 15, 16, 17, 18, 19, 20, 21, 22, 23, 24, 25, 26, 27, 28, 29, 30, 31, 32, 33, 34, 35, 36, 37, 38, 39, 40, 41, 42, 43, 44, 45, 46, 47, 48, 49, 50, 51, 52, 53, 54, 55, 56, 57, 58, 59, 60, 61, 62, 63, 64, 65, 66, 67, 68, 69, 70, 71, 72, 73, 74, 75, 76, 77, 78, 79, 80, 81, 82, 83, 84, 85, 86, 87, 88, 89, 90, 91, 92, 93, 94, 95, 96, 97, 98, 99, 100, 101, 102, 103, 104, 105, 106, 107, 108, 109, 110, 111, 112, 113, 114, 115]}

MSE - mean: 3719960.32462
MSE - std: 288168.84763
R2 - mean: 0.55255
R2 - std: 0.01690

Train time: 68.956099
Test time: 0.903194

---------------------------------------
2025-06-19 10:54:34.418913
Parameters: {'learning_rate': 0.2, 'max_depth': 6, 'l2_leaf_reg': 0.5, 'iterations': 100, 'od_type': 'Iter', 'od_wait': 20, 'verbose': 100, 'train_dir': 'output/CatBoost/Allstate_Claims/catboost_info', 'cat_features': [0, 1, 2, 3, 4, 5, 6, 7, 8, 9, 10, 11, 12, 13, 14, 15, 16, 17, 18, 19, 20, 21, 22, 23, 24, 25, 26, 27, 28, 29, 30, 31, 32, 33, 34, 35, 36, 37, 38, 39, 40, 41, 42, 43, 44, 45, 46, 47, 48, 49, 50, 51, 52, 53, 54, 55, 56, 57, 58, 59, 60, 61, 62, 63, 64, 65, 66, 67, 68, 69, 70, 71, 72, 73, 74, 75, 76, 77, 78, 79, 80, 81, 82, 83, 84, 85, 86, 87, 88, 89, 90, 91, 92, 93, 94, 95, 96, 97, 98, 99, 100, 101, 102, 103, 104, 105, 106, 107, 108, 109, 110, 111, 112, 113, 114, 115]}

MSE - mean: 3648220.54491
MSE - std: 254456.56365
R2 - mean: 0.56098
R2 - std: 0.01545

Train time: 33.645163
Test time: 0.876377

---------------------------------------
2025-06-19 10:57:27.501306
Parameters: {'learning_rate': 0.01, 'max_depth': 12, 'l2_leaf_reg': 0.5, 'iterations': 100, 'od_type': 'Iter', 'od_wait': 20, 'verbose': 100, 'train_dir': 'output/CatBoost/Allstate_Claims/catboost_info', 'cat_features': [0, 1, 2, 3, 4, 5, 6, 7, 8, 9, 10, 11, 12, 13, 14, 15, 16, 17, 18, 19, 20, 21, 22, 23, 24, 25, 26, 27, 28, 29, 30, 31, 32, 33, 34, 35, 36, 37, 38, 39, 40, 41, 42, 43, 44, 45, 46, 47, 48, 49, 50, 51, 52, 53, 54, 55, 56, 57, 58, 59, 60, 61, 62, 63, 64, 65, 66, 67, 68, 69, 70, 71, 72, 73, 74, 75, 76, 77, 78, 79, 80, 81, 82, 83, 84, 85, 86, 87, 88, 89, 90, 91, 92, 93, 94, 95, 96, 97, 98, 99, 100, 101, 102, 103, 104, 105, 106, 107, 108, 109, 110, 111, 112, 113, 114, 115]}

MSE - mean: 5054747.67857
MSE - std: 346767.02879
R2 - mean: 0.39188
R2 - std: 0.01576

Train time: 151.298056
Test time: 0.875432

---------------------------------------
2025-06-19 10:59:24.371532
Parameters: {'learning_rate': 0.1, 'max_depth': 10, 'l2_leaf_reg': 1.0, 'iterations': 100, 'od_type': 'Iter', 'od_wait': 20, 'verbose': 100, 'train_dir': 'output/CatBoost/Allstate_Claims/catboost_info', 'cat_features': [0, 1, 2, 3, 4, 5, 6, 7, 8, 9, 10, 11, 12, 13, 14, 15, 16, 17, 18, 19, 20, 21, 22, 23, 24, 25, 26, 27, 28, 29, 30, 31, 32, 33, 34, 35, 36, 37, 38, 39, 40, 41, 42, 43, 44, 45, 46, 47, 48, 49, 50, 51, 52, 53, 54, 55, 56, 57, 58, 59, 60, 61, 62, 63, 64, 65, 66, 67, 68, 69, 70, 71, 72, 73, 74, 75, 76, 77, 78, 79, 80, 81, 82, 83, 84, 85, 86, 87, 88, 89, 90, 91, 92, 93, 94, 95, 96, 97, 98, 99, 100, 101, 102, 103, 104, 105, 106, 107, 108, 109, 110, 111, 112, 113, 114, 115]}

MSE - mean: 3709787.91283
MSE - std: 314653.36392
R2 - mean: 0.55390
R2 - std: 0.01994

Train time: 74.495387
Test time: 0.881847

---------------------------------------
2025-06-19 11:01:21.527400
Parameters: {'learning_rate': 0.001, 'max_depth': 10, 'l2_leaf_reg': 1.0, 'iterations': 100, 'od_type': 'Iter', 'od_wait': 20, 'verbose': 100, 'train_dir': 'output/CatBoost/Allstate_Claims/catboost_info', 'cat_features': [0, 1, 2, 3, 4, 5, 6, 7, 8, 9, 10, 11, 12, 13, 14, 15, 16, 17, 18, 19, 20, 21, 22, 23, 24, 25, 26, 27, 28, 29, 30, 31, 32, 33, 34, 35, 36, 37, 38, 39, 40, 41, 42, 43, 44, 45, 46, 47, 48, 49, 50, 51, 52, 53, 54, 55, 56, 57, 58, 59, 60, 61, 62, 63, 64, 65, 66, 67, 68, 69, 70, 71, 72, 73, 74, 75, 76, 77, 78, 79, 80, 81, 82, 83, 84, 85, 86, 87, 88, 89, 90, 91, 92, 93, 94, 95, 96, 97, 98, 99, 100, 101, 102, 103, 104, 105, 106, 107, 108, 109, 110, 111, 112, 113, 114, 115]}

MSE - mean: 7676647.72286
MSE - std: 354631.83771
R2 - mean: 0.07561
R2 - std: 0.00304

Train time: 75.407059
Test time: 0.862553

---------------------------------------
2025-06-19 11:02:41.052572
Parameters: {'learning_rate': 0.01, 'max_depth': 2, 'l2_leaf_reg': 1.0, 'iterations': 100, 'od_type': 'Iter', 'od_wait': 20, 'verbose': 100, 'train_dir': 'output/CatBoost/Allstate_Claims/catboost_info', 'cat_features': [0, 1, 2, 3, 4, 5, 6, 7, 8, 9, 10, 11, 12, 13, 14, 15, 16, 17, 18, 19, 20, 21, 22, 23, 24, 25, 26, 27, 28, 29, 30, 31, 32, 33, 34, 35, 36, 37, 38, 39, 40, 41, 42, 43, 44, 45, 46, 47, 48, 49, 50, 51, 52, 53, 54, 55, 56, 57, 58, 59, 60, 61, 62, 63, 64, 65, 66, 67, 68, 69, 70, 71, 72, 73, 74, 75, 76, 77, 78, 79, 80, 81, 82, 83, 84, 85, 86, 87, 88, 89, 90, 91, 92, 93, 94, 95, 96, 97, 98, 99, 100, 101, 102, 103, 104, 105, 106, 107, 108, 109, 110, 111, 112, 113, 114, 115]}

MSE - mean: 6024492.57907
MSE - std: 331250.85854
R2 - mean: 0.27482
R2 - std: 0.00883

Train time: 16.399210
Test time: 0.853020

---------------------------------------
2025-06-19 11:04:12.251969
Parameters: {'learning_rate': 0.2, 'max_depth': 6, 'l2_leaf_reg': 1.0, 'iterations': 100, 'od_type': 'Iter', 'od_wait': 20, 'verbose': 100, 'train_dir': 'output/CatBoost/Allstate_Claims/catboost_info', 'cat_features': [0, 1, 2, 3, 4, 5, 6, 7, 8, 9, 10, 11, 12, 13, 14, 15, 16, 17, 18, 19, 20, 21, 22, 23, 24, 25, 26, 27, 28, 29, 30, 31, 32, 33, 34, 35, 36, 37, 38, 39, 40, 41, 42, 43, 44, 45, 46, 47, 48, 49, 50, 51, 52, 53, 54, 55, 56, 57, 58, 59, 60, 61, 62, 63, 64, 65, 66, 67, 68, 69, 70, 71, 72, 73, 74, 75, 76, 77, 78, 79, 80, 81, 82, 83, 84, 85, 86, 87, 88, 89, 90, 91, 92, 93, 94, 95, 96, 97, 98, 99, 100, 101, 102, 103, 104, 105, 106, 107, 108, 109, 110, 111, 112, 113, 114, 115]}

MSE - mean: 3649728.14809
MSE - std: 308115.50217
R2 - mean: 0.56105
R2 - std: 0.02057

Train time: 34.075828
Test time: 0.946234

---------------------------------------
2025-06-19 11:05:31.265917
Parameters: {'learning_rate': 0.1, 'max_depth': 2, 'l2_leaf_reg': 0.5, 'iterations': 100, 'od_type': 'Iter', 'od_wait': 20, 'verbose': 100, 'train_dir': 'output/CatBoost/Allstate_Claims/catboost_info', 'cat_features': [0, 1, 2, 3, 4, 5, 6, 7, 8, 9, 10, 11, 12, 13, 14, 15, 16, 17, 18, 19, 20, 21, 22, 23, 24, 25, 26, 27, 28, 29, 30, 31, 32, 33, 34, 35, 36, 37, 38, 39, 40, 41, 42, 43, 44, 45, 46, 47, 48, 49, 50, 51, 52, 53, 54, 55, 56, 57, 58, 59, 60, 61, 62, 63, 64, 65, 66, 67, 68, 69, 70, 71, 72, 73, 74, 75, 76, 77, 78, 79, 80, 81, 82, 83, 84, 85, 86, 87, 88, 89, 90, 91, 92, 93, 94, 95, 96, 97, 98, 99, 100, 101, 102, 103, 104, 105, 106, 107, 108, 109, 110, 111, 112, 113, 114, 115]}

MSE - mean: 4237914.99171
MSE - std: 268330.50753
R2 - mean: 0.49000
R2 - std: 0.01223

Train time: 16.713339
Test time: 0.865581

---------------------------------------
2025-06-19 11:08:16.443354
Parameters: {'learning_rate': 0.001, 'max_depth': 12, 'l2_leaf_reg': 5.0, 'iterations': 100, 'od_type': 'Iter', 'od_wait': 20, 'verbose': 100, 'train_dir': 'output/CatBoost/Allstate_Claims/catboost_info', 'cat_features': [0, 1, 2, 3, 4, 5, 6, 7, 8, 9, 10, 11, 12, 13, 14, 15, 16, 17, 18, 19, 20, 21, 22, 23, 24, 25, 26, 27, 28, 29, 30, 31, 32, 33, 34, 35, 36, 37, 38, 39, 40, 41, 42, 43, 44, 45, 46, 47, 48, 49, 50, 51, 52, 53, 54, 55, 56, 57, 58, 59, 60, 61, 62, 63, 64, 65, 66, 67, 68, 69, 70, 71, 72, 73, 74, 75, 76, 77, 78, 79, 80, 81, 82, 83, 84, 85, 86, 87, 88, 89, 90, 91, 92, 93, 94, 95, 96, 97, 98, 99, 100, 101, 102, 103, 104, 105, 106, 107, 108, 109, 110, 111, 112, 113, 114, 115]}

MSE - mean: 7717576.09908
MSE - std: 355170.22323
R2 - mean: 0.07068
R2 - std: 0.00286

Train time: 142.222953
Test time: 0.876395

---------------------------------------
2025-06-19 11:10:12.613876
Parameters: {'learning_rate': 0.001, 'max_depth': 10, 'l2_leaf_reg': 10.0, 'iterations': 100, 'od_type': 'Iter', 'od_wait': 20, 'verbose': 100, 'train_dir': 'output/CatBoost/Allstate_Claims/catboost_info', 'cat_features': [0, 1, 2, 3, 4, 5, 6, 7, 8, 9, 10, 11, 12, 13, 14, 15, 16, 17, 18, 19, 20, 21, 22, 23, 24, 25, 26, 27, 28, 29, 30, 31, 32, 33, 34, 35, 36, 37, 38, 39, 40, 41, 42, 43, 44, 45, 46, 47, 48, 49, 50, 51, 52, 53, 54, 55, 56, 57, 58, 59, 60, 61, 62, 63, 64, 65, 66, 67, 68, 69, 70, 71, 72, 73, 74, 75, 76, 77, 78, 79, 80, 81, 82, 83, 84, 85, 86, 87, 88, 89, 90, 91, 92, 93, 94, 95, 96, 97, 98, 99, 100, 101, 102, 103, 104, 105, 106, 107, 108, 109, 110, 111, 112, 113, 114, 115]}

MSE - mean: 7723101.18410
MSE - std: 355896.92832
R2 - mean: 0.07002
R2 - std: 0.00293

Train time: 73.934567
Test time: 0.857793

---------------------------------------
2025-06-19 11:13:04.936465
Parameters: {'learning_rate': 0.001, 'max_depth': 12, 'l2_leaf_reg': 0.5, 'iterations': 100, 'od_type': 'Iter', 'od_wait': 20, 'verbose': 100, 'train_dir': 'output/CatBoost/Allstate_Claims/catboost_info', 'cat_features': [0, 1, 2, 3, 4, 5, 6, 7, 8, 9, 10, 11, 12, 13, 14, 15, 16, 17, 18, 19, 20, 21, 22, 23, 24, 25, 26, 27, 28, 29, 30, 31, 32, 33, 34, 35, 36, 37, 38, 39, 40, 41, 42, 43, 44, 45, 46, 47, 48, 49, 50, 51, 52, 53, 54, 55, 56, 57, 58, 59, 60, 61, 62, 63, 64, 65, 66, 67, 68, 69, 70, 71, 72, 73, 74, 75, 76, 77, 78, 79, 80, 81, 82, 83, 84, 85, 86, 87, 88, 89, 90, 91, 92, 93, 94, 95, 96, 97, 98, 99, 100, 101, 102, 103, 104, 105, 106, 107, 108, 109, 110, 111, 112, 113, 114, 115]}

MSE - mean: 7679249.07254
MSE - std: 360279.44931
R2 - mean: 0.07533
R2 - std: 0.00370

Train time: 151.870009
Test time: 0.911643

---------------------------------------
2025-06-19 11:15:33.005599
Parameters: {'learning_rate': 0.1, 'max_depth': 12, 'l2_leaf_reg': 10.0, 'iterations': 100, 'od_type': 'Iter', 'od_wait': 20, 'verbose': 100, 'train_dir': 'output/CatBoost/Allstate_Claims/catboost_info', 'cat_features': [0, 1, 2, 3, 4, 5, 6, 7, 8, 9, 10, 11, 12, 13, 14, 15, 16, 17, 18, 19, 20, 21, 22, 23, 24, 25, 26, 27, 28, 29, 30, 31, 32, 33, 34, 35, 36, 37, 38, 39, 40, 41, 42, 43, 44, 45, 46, 47, 48, 49, 50, 51, 52, 53, 54, 55, 56, 57, 58, 59, 60, 61, 62, 63, 64, 65, 66, 67, 68, 69, 70, 71, 72, 73, 74, 75, 76, 77, 78, 79, 80, 81, 82, 83, 84, 85, 86, 87, 88, 89, 90, 91, 92, 93, 94, 95, 96, 97, 98, 99, 100, 101, 102, 103, 104, 105, 106, 107, 108, 109, 110, 111, 112, 113, 114, 115]}

MSE - mean: 3914230.24010
MSE - std: 301894.73685
R2 - mean: 0.52919
R2 - std: 0.01790

Train time: 117.478863
Test time: 0.891095

---------------------------------------
2025-06-19 11:17:03.347900
Parameters: {'learning_rate': 0.01, 'max_depth': 6, 'l2_leaf_reg': 5.0, 'iterations': 100, 'od_type': 'Iter', 'od_wait': 20, 'verbose': 100, 'train_dir': 'output/CatBoost/Allstate_Claims/catboost_info', 'cat_features': [0, 1, 2, 3, 4, 5, 6, 7, 8, 9, 10, 11, 12, 13, 14, 15, 16, 17, 18, 19, 20, 21, 22, 23, 24, 25, 26, 27, 28, 29, 30, 31, 32, 33, 34, 35, 36, 37, 38, 39, 40, 41, 42, 43, 44, 45, 46, 47, 48, 49, 50, 51, 52, 53, 54, 55, 56, 57, 58, 59, 60, 61, 62, 63, 64, 65, 66, 67, 68, 69, 70, 71, 72, 73, 74, 75, 76, 77, 78, 79, 80, 81, 82, 83, 84, 85, 86, 87, 88, 89, 90, 91, 92, 93, 94, 95, 96, 97, 98, 99, 100, 101, 102, 103, 104, 105, 106, 107, 108, 109, 110, 111, 112, 113, 114, 115]}

MSE - mean: 5270292.94810
MSE - std: 316383.36577
R2 - mean: 0.36573
R2 - std: 0.01119

Train time: 34.029267
Test time: 0.875159

---------------------------------------
2025-06-19 11:18:22.448495
Parameters: {'learning_rate': 0.1, 'max_depth': 2, 'l2_leaf_reg': 5.0, 'iterations': 100, 'od_type': 'Iter', 'od_wait': 20, 'verbose': 100, 'train_dir': 'output/CatBoost/Allstate_Claims/catboost_info', 'cat_features': [0, 1, 2, 3, 4, 5, 6, 7, 8, 9, 10, 11, 12, 13, 14, 15, 16, 17, 18, 19, 20, 21, 22, 23, 24, 25, 26, 27, 28, 29, 30, 31, 32, 33, 34, 35, 36, 37, 38, 39, 40, 41, 42, 43, 44, 45, 46, 47, 48, 49, 50, 51, 52, 53, 54, 55, 56, 57, 58, 59, 60, 61, 62, 63, 64, 65, 66, 67, 68, 69, 70, 71, 72, 73, 74, 75, 76, 77, 78, 79, 80, 81, 82, 83, 84, 85, 86, 87, 88, 89, 90, 91, 92, 93, 94, 95, 96, 97, 98, 99, 100, 101, 102, 103, 104, 105, 106, 107, 108, 109, 110, 111, 112, 113, 114, 115]}

MSE - mean: 4313622.70208
MSE - std: 255913.04379
R2 - mean: 0.48082
R2 - std: 0.00993

Train time: 16.550897
Test time: 0.839061

---------------------------------------
2025-06-19 11:20:18.853281
Parameters: {'learning_rate': 0.01, 'max_depth': 10, 'l2_leaf_reg': 0.5, 'iterations': 100, 'od_type': 'Iter', 'od_wait': 20, 'verbose': 100, 'train_dir': 'output/CatBoost/Allstate_Claims/catboost_info', 'cat_features': [0, 1, 2, 3, 4, 5, 6, 7, 8, 9, 10, 11, 12, 13, 14, 15, 16, 17, 18, 19, 20, 21, 22, 23, 24, 25, 26, 27, 28, 29, 30, 31, 32, 33, 34, 35, 36, 37, 38, 39, 40, 41, 42, 43, 44, 45, 46, 47, 48, 49, 50, 51, 52, 53, 54, 55, 56, 57, 58, 59, 60, 61, 62, 63, 64, 65, 66, 67, 68, 69, 70, 71, 72, 73, 74, 75, 76, 77, 78, 79, 80, 81, 82, 83, 84, 85, 86, 87, 88, 89, 90, 91, 92, 93, 94, 95, 96, 97, 98, 99, 100, 101, 102, 103, 104, 105, 106, 107, 108, 109, 110, 111, 112, 113, 114, 115]}

MSE - mean: 5024817.23207
MSE - std: 317358.74237
R2 - mean: 0.39534
R2 - std: 0.01294

Train time: 74.962830
Test time: 0.880228

---------------------------------------
2025-06-19 11:22:50.971998
Parameters: {'learning_rate': 0.3, 'max_depth': 12, 'l2_leaf_reg': 30.0, 'iterations': 100, 'od_type': 'Iter', 'od_wait': 20, 'verbose': 100, 'train_dir': 'output/CatBoost/Allstate_Claims/catboost_info', 'cat_features': [0, 1, 2, 3, 4, 5, 6, 7, 8, 9, 10, 11, 12, 13, 14, 15, 16, 17, 18, 19, 20, 21, 22, 23, 24, 25, 26, 27, 28, 29, 30, 31, 32, 33, 34, 35, 36, 37, 38, 39, 40, 41, 42, 43, 44, 45, 46, 47, 48, 49, 50, 51, 52, 53, 54, 55, 56, 57, 58, 59, 60, 61, 62, 63, 64, 65, 66, 67, 68, 69, 70, 71, 72, 73, 74, 75, 76, 77, 78, 79, 80, 81, 82, 83, 84, 85, 86, 87, 88, 89, 90, 91, 92, 93, 94, 95, 96, 97, 98, 99, 100, 101, 102, 103, 104, 105, 106, 107, 108, 109, 110, 111, 112, 113, 114, 115]}

MSE - mean: 3806219.33939
MSE - std: 260999.53550
R2 - mean: 0.54204
R2 - std: 0.01323

Train time: 123.378003
Test time: 0.899049

---------------------------------------
2025-06-19 11:24:41.837887
Parameters: {'learning_rate': 0.001, 'max_depth': 10, 'l2_leaf_reg': 30.0, 'iterations': 100, 'od_type': 'Iter', 'od_wait': 20, 'verbose': 100, 'train_dir': 'output/CatBoost/Allstate_Claims/catboost_info', 'cat_features': [0, 1, 2, 3, 4, 5, 6, 7, 8, 9, 10, 11, 12, 13, 14, 15, 16, 17, 18, 19, 20, 21, 22, 23, 24, 25, 26, 27, 28, 29, 30, 31, 32, 33, 34, 35, 36, 37, 38, 39, 40, 41, 42, 43, 44, 45, 46, 47, 48, 49, 50, 51, 52, 53, 54, 55, 56, 57, 58, 59, 60, 61, 62, 63, 64, 65, 66, 67, 68, 69, 70, 71, 72, 73, 74, 75, 76, 77, 78, 79, 80, 81, 82, 83, 84, 85, 86, 87, 88, 89, 90, 91, 92, 93, 94, 95, 96, 97, 98, 99, 100, 101, 102, 103, 104, 105, 106, 107, 108, 109, 110, 111, 112, 113, 114, 115]}

MSE - mean: 7765943.46219
MSE - std: 355857.61854
R2 - mean: 0.06485
R2 - std: 0.00270

Train time: 68.587938
Test time: 0.829254

---------------------------------------
2025-06-19 11:26:01.170454
Parameters: {'learning_rate': 0.3, 'max_depth': 2, 'l2_leaf_reg': 10.0, 'iterations': 100, 'od_type': 'Iter', 'od_wait': 20, 'verbose': 100, 'train_dir': 'output/CatBoost/Allstate_Claims/catboost_info', 'cat_features': [0, 1, 2, 3, 4, 5, 6, 7, 8, 9, 10, 11, 12, 13, 14, 15, 16, 17, 18, 19, 20, 21, 22, 23, 24, 25, 26, 27, 28, 29, 30, 31, 32, 33, 34, 35, 36, 37, 38, 39, 40, 41, 42, 43, 44, 45, 46, 47, 48, 49, 50, 51, 52, 53, 54, 55, 56, 57, 58, 59, 60, 61, 62, 63, 64, 65, 66, 67, 68, 69, 70, 71, 72, 73, 74, 75, 76, 77, 78, 79, 80, 81, 82, 83, 84, 85, 86, 87, 88, 89, 90, 91, 92, 93, 94, 95, 96, 97, 98, 99, 100, 101, 102, 103, 104, 105, 106, 107, 108, 109, 110, 111, 112, 113, 114, 115]}

MSE - mean: 4002296.96292
MSE - std: 262156.68734
R2 - mean: 0.51843
R2 - std: 0.01097

Train time: 16.649877
Test time: 0.895680

---------------------------------------
2025-06-19 11:27:20.331076
Parameters: {'learning_rate': 0.001, 'max_depth': 2, 'l2_leaf_reg': 10.0, 'iterations': 100, 'od_type': 'Iter', 'od_wait': 20, 'verbose': 100, 'train_dir': 'output/CatBoost/Allstate_Claims/catboost_info', 'cat_features': [0, 1, 2, 3, 4, 5, 6, 7, 8, 9, 10, 11, 12, 13, 14, 15, 16, 17, 18, 19, 20, 21, 22, 23, 24, 25, 26, 27, 28, 29, 30, 31, 32, 33, 34, 35, 36, 37, 38, 39, 40, 41, 42, 43, 44, 45, 46, 47, 48, 49, 50, 51, 52, 53, 54, 55, 56, 57, 58, 59, 60, 61, 62, 63, 64, 65, 66, 67, 68, 69, 70, 71, 72, 73, 74, 75, 76, 77, 78, 79, 80, 81, 82, 83, 84, 85, 86, 87, 88, 89, 90, 91, 92, 93, 94, 95, 96, 97, 98, 99, 100, 101, 102, 103, 104, 105, 106, 107, 108, 109, 110, 111, 112, 113, 114, 115]}

MSE - mean: 7879765.53521
MSE - std: 355343.86967
R2 - mean: 0.05111
R2 - std: 0.00204

Train time: 16.532808
Test time: 0.859528

---------------------------------------
2025-06-19 11:28:38.234334
Parameters: {'learning_rate': 0.001, 'max_depth': 2, 'l2_leaf_reg': 30.0, 'iterations': 100, 'od_type': 'Iter', 'od_wait': 20, 'verbose': 100, 'train_dir': 'output/CatBoost/Allstate_Claims/catboost_info', 'cat_features': [0, 1, 2, 3, 4, 5, 6, 7, 8, 9, 10, 11, 12, 13, 14, 15, 16, 17, 18, 19, 20, 21, 22, 23, 24, 25, 26, 27, 28, 29, 30, 31, 32, 33, 34, 35, 36, 37, 38, 39, 40, 41, 42, 43, 44, 45, 46, 47, 48, 49, 50, 51, 52, 53, 54, 55, 56, 57, 58, 59, 60, 61, 62, 63, 64, 65, 66, 67, 68, 69, 70, 71, 72, 73, 74, 75, 76, 77, 78, 79, 80, 81, 82, 83, 84, 85, 86, 87, 88, 89, 90, 91, 92, 93, 94, 95, 96, 97, 98, 99, 100, 101, 102, 103, 104, 105, 106, 107, 108, 109, 110, 111, 112, 113, 114, 115]}

MSE - mean: 7883013.72823
MSE - std: 355321.10591
R2 - mean: 0.05072
R2 - std: 0.00202

Train time: 16.367439
Test time: 0.838523

---------------------------------------
2025-06-19 11:30:24.271294
Parameters: {'learning_rate': 0.1, 'max_depth': 10, 'l2_leaf_reg': 30.0, 'iterations': 100, 'od_type': 'Iter', 'od_wait': 20, 'verbose': 100, 'train_dir': 'output/CatBoost/Allstate_Claims/catboost_info', 'cat_features': [0, 1, 2, 3, 4, 5, 6, 7, 8, 9, 10, 11, 12, 13, 14, 15, 16, 17, 18, 19, 20, 21, 22, 23, 24, 25, 26, 27, 28, 29, 30, 31, 32, 33, 34, 35, 36, 37, 38, 39, 40, 41, 42, 43, 44, 45, 46, 47, 48, 49, 50, 51, 52, 53, 54, 55, 56, 57, 58, 59, 60, 61, 62, 63, 64, 65, 66, 67, 68, 69, 70, 71, 72, 73, 74, 75, 76, 77, 78, 79, 80, 81, 82, 83, 84, 85, 86, 87, 88, 89, 90, 91, 92, 93, 94, 95, 96, 97, 98, 99, 100, 101, 102, 103, 104, 105, 106, 107, 108, 109, 110, 111, 112, 113, 114, 115]}

MSE - mean: 4019339.40825
MSE - std: 234757.53678
R2 - mean: 0.51614
R2 - std: 0.01286

Train time: 57.838475
Test time: 0.906457

---------------------------------------
2025-06-19 11:31:43.105290
Parameters: {'learning_rate': 0.1, 'max_depth': 2, 'l2_leaf_reg': 10.0, 'iterations': 100, 'od_type': 'Iter', 'od_wait': 20, 'verbose': 100, 'train_dir': 'output/CatBoost/Allstate_Claims/catboost_info', 'cat_features': [0, 1, 2, 3, 4, 5, 6, 7, 8, 9, 10, 11, 12, 13, 14, 15, 16, 17, 18, 19, 20, 21, 22, 23, 24, 25, 26, 27, 28, 29, 30, 31, 32, 33, 34, 35, 36, 37, 38, 39, 40, 41, 42, 43, 44, 45, 46, 47, 48, 49, 50, 51, 52, 53, 54, 55, 56, 57, 58, 59, 60, 61, 62, 63, 64, 65, 66, 67, 68, 69, 70, 71, 72, 73, 74, 75, 76, 77, 78, 79, 80, 81, 82, 83, 84, 85, 86, 87, 88, 89, 90, 91, 92, 93, 94, 95, 96, 97, 98, 99, 100, 101, 102, 103, 104, 105, 106, 107, 108, 109, 110, 111, 112, 113, 114, 115]}

MSE - mean: 4352742.38096
MSE - std: 251116.46584
R2 - mean: 0.47606
R2 - std: 0.01033

Train time: 16.425900
Test time: 0.860922

---------------------------------------
2025-06-19 11:34:22.765354
Parameters: {'learning_rate': 0.1, 'max_depth': 12, 'l2_leaf_reg': 5.0, 'iterations': 100, 'od_type': 'Iter', 'od_wait': 20, 'verbose': 100, 'train_dir': 'output/CatBoost/Allstate_Claims/catboost_info', 'cat_features': [0, 1, 2, 3, 4, 5, 6, 7, 8, 9, 10, 11, 12, 13, 14, 15, 16, 17, 18, 19, 20, 21, 22, 23, 24, 25, 26, 27, 28, 29, 30, 31, 32, 33, 34, 35, 36, 37, 38, 39, 40, 41, 42, 43, 44, 45, 46, 47, 48, 49, 50, 51, 52, 53, 54, 55, 56, 57, 58, 59, 60, 61, 62, 63, 64, 65, 66, 67, 68, 69, 70, 71, 72, 73, 74, 75, 76, 77, 78, 79, 80, 81, 82, 83, 84, 85, 86, 87, 88, 89, 90, 91, 92, 93, 94, 95, 96, 97, 98, 99, 100, 101, 102, 103, 104, 105, 106, 107, 108, 109, 110, 111, 112, 113, 114, 115]}

MSE - mean: 3829267.75484
MSE - std: 306429.97216
R2 - mean: 0.53944
R2 - std: 0.01880

Train time: 134.738947
Test time: 0.887174

---------------------------------------
2025-06-19 11:37:09.579466
Parameters: {'learning_rate': 0.01, 'max_depth': 12, 'l2_leaf_reg': 1.0, 'iterations': 100, 'od_type': 'Iter', 'od_wait': 20, 'verbose': 100, 'train_dir': 'output/CatBoost/Allstate_Claims/catboost_info', 'cat_features': [0, 1, 2, 3, 4, 5, 6, 7, 8, 9, 10, 11, 12, 13, 14, 15, 16, 17, 18, 19, 20, 21, 22, 23, 24, 25, 26, 27, 28, 29, 30, 31, 32, 33, 34, 35, 36, 37, 38, 39, 40, 41, 42, 43, 44, 45, 46, 47, 48, 49, 50, 51, 52, 53, 54, 55, 56, 57, 58, 59, 60, 61, 62, 63, 64, 65, 66, 67, 68, 69, 70, 71, 72, 73, 74, 75, 76, 77, 78, 79, 80, 81, 82, 83, 84, 85, 86, 87, 88, 89, 90, 91, 92, 93, 94, 95, 96, 97, 98, 99, 100, 101, 102, 103, 104, 105, 106, 107, 108, 109, 110, 111, 112, 113, 114, 115]}

MSE - mean: 5100552.42369
MSE - std: 347214.54726
R2 - mean: 0.38636
R2 - std: 0.01561

Train time: 147.201676
Test time: 0.831454

---------------------------------------
2025-06-19 11:38:58.245384
Parameters: {'learning_rate': 0.3, 'max_depth': 10, 'l2_leaf_reg': 0.5, 'iterations': 100, 'od_type': 'Iter', 'od_wait': 20, 'verbose': 100, 'train_dir': 'output/CatBoost/Allstate_Claims/catboost_info', 'cat_features': [0, 1, 2, 3, 4, 5, 6, 7, 8, 9, 10, 11, 12, 13, 14, 15, 16, 17, 18, 19, 20, 21, 22, 23, 24, 25, 26, 27, 28, 29, 30, 31, 32, 33, 34, 35, 36, 37, 38, 39, 40, 41, 42, 43, 44, 45, 46, 47, 48, 49, 50, 51, 52, 53, 54, 55, 56, 57, 58, 59, 60, 61, 62, 63, 64, 65, 66, 67, 68, 69, 70, 71, 72, 73, 74, 75, 76, 77, 78, 79, 80, 81, 82, 83, 84, 85, 86, 87, 88, 89, 90, 91, 92, 93, 94, 95, 96, 97, 98, 99, 100, 101, 102, 103, 104, 105, 106, 107, 108, 109, 110, 111, 112, 113, 114, 115]}

MSE - mean: 3781827.01541
MSE - std: 326634.29435
R2 - mean: 0.54527
R2 - std: 0.02076

Train time: 71.825519
Test time: 0.822017

---------------------------------------
2025-06-19 11:40:08.366600
Parameters: {'learning_rate': 0.3, 'max_depth': 2, 'l2_leaf_reg': 5.0, 'iterations': 100, 'od_type': 'Iter', 'od_wait': 20, 'verbose': 100, 'train_dir': 'output/CatBoost/Allstate_Claims/catboost_info', 'cat_features': [0, 1, 2, 3, 4, 5, 6, 7, 8, 9, 10, 11, 12, 13, 14, 15, 16, 17, 18, 19, 20, 21, 22, 23, 24, 25, 26, 27, 28, 29, 30, 31, 32, 33, 34, 35, 36, 37, 38, 39, 40, 41, 42, 43, 44, 45, 46, 47, 48, 49, 50, 51, 52, 53, 54, 55, 56, 57, 58, 59, 60, 61, 62, 63, 64, 65, 66, 67, 68, 69, 70, 71, 72, 73, 74, 75, 76, 77, 78, 79, 80, 81, 82, 83, 84, 85, 86, 87, 88, 89, 90, 91, 92, 93, 94, 95, 96, 97, 98, 99, 100, 101, 102, 103, 104, 105, 106, 107, 108, 109, 110, 111, 112, 113, 114, 115]}

MSE - mean: 3982196.07741
MSE - std: 260979.21500
R2 - mean: 0.52085
R2 - std: 0.01106

Train time: 15.564809
Test time: 0.777918

---------------------------------------
2025-06-19 11:42:32.070625
Parameters: {'learning_rate': 0.001, 'max_depth': 12, 'l2_leaf_reg': 10.0, 'iterations': 100, 'od_type': 'Iter', 'od_wait': 20, 'verbose': 100, 'train_dir': 'output/CatBoost/Allstate_Claims/catboost_info', 'cat_features': [0, 1, 2, 3, 4, 5, 6, 7, 8, 9, 10, 11, 12, 13, 14, 15, 16, 17, 18, 19, 20, 21, 22, 23, 24, 25, 26, 27, 28, 29, 30, 31, 32, 33, 34, 35, 36, 37, 38, 39, 40, 41, 42, 43, 44, 45, 46, 47, 48, 49, 50, 51, 52, 53, 54, 55, 56, 57, 58, 59, 60, 61, 62, 63, 64, 65, 66, 67, 68, 69, 70, 71, 72, 73, 74, 75, 76, 77, 78, 79, 80, 81, 82, 83, 84, 85, 86, 87, 88, 89, 90, 91, 92, 93, 94, 95, 96, 97, 98, 99, 100, 101, 102, 103, 104, 105, 106, 107, 108, 109, 110, 111, 112, 113, 114, 115]}

MSE - mean: 7726540.84320
MSE - std: 354675.64631
R2 - mean: 0.06959
R2 - std: 0.00277

Train time: 120.611511
Test time: 0.783647

---------------------------------------
2025-06-19 11:44:14.042397
Parameters: {'learning_rate': 0.2, 'max_depth': 10, 'l2_leaf_reg': 10.0, 'iterations': 100, 'od_type': 'Iter', 'od_wait': 20, 'verbose': 100, 'train_dir': 'output/CatBoost/Allstate_Claims/catboost_info', 'cat_features': [0, 1, 2, 3, 4, 5, 6, 7, 8, 9, 10, 11, 12, 13, 14, 15, 16, 17, 18, 19, 20, 21, 22, 23, 24, 25, 26, 27, 28, 29, 30, 31, 32, 33, 34, 35, 36, 37, 38, 39, 40, 41, 42, 43, 44, 45, 46, 47, 48, 49, 50, 51, 52, 53, 54, 55, 56, 57, 58, 59, 60, 61, 62, 63, 64, 65, 66, 67, 68, 69, 70, 71, 72, 73, 74, 75, 76, 77, 78, 79, 80, 81, 82, 83, 84, 85, 86, 87, 88, 89, 90, 91, 92, 93, 94, 95, 96, 97, 98, 99, 100, 101, 102, 103, 104, 105, 106, 107, 108, 109, 110, 111, 112, 113, 114, 115]}

MSE - mean: 3743148.26470
MSE - std: 259107.36241
R2 - mean: 0.54964
R2 - std: 0.01312

Train time: 62.506640
Test time: 0.817107

---------------------------------------
2025-06-19 11:45:35.481743
Parameters: {'learning_rate': 0.001, 'max_depth': 6, 'l2_leaf_reg': 0.5, 'iterations': 100, 'od_type': 'Iter', 'od_wait': 20, 'verbose': 100, 'train_dir': 'output/CatBoost/Allstate_Claims/catboost_info', 'cat_features': [0, 1, 2, 3, 4, 5, 6, 7, 8, 9, 10, 11, 12, 13, 14, 15, 16, 17, 18, 19, 20, 21, 22, 23, 24, 25, 26, 27, 28, 29, 30, 31, 32, 33, 34, 35, 36, 37, 38, 39, 40, 41, 42, 43, 44, 45, 46, 47, 48, 49, 50, 51, 52, 53, 54, 55, 56, 57, 58, 59, 60, 61, 62, 63, 64, 65, 66, 67, 68, 69, 70, 71, 72, 73, 74, 75, 76, 77, 78, 79, 80, 81, 82, 83, 84, 85, 86, 87, 88, 89, 90, 91, 92, 93, 94, 95, 96, 97, 98, 99, 100, 101, 102, 103, 104, 105, 106, 107, 108, 109, 110, 111, 112, 113, 114, 115]}

MSE - mean: 7719239.14871
MSE - std: 344323.45645
R2 - mean: 0.07042
R2 - std: 0.00190

Train time: 31.808459
Test time: 0.771482

---------------------------------------
2025-06-19 11:46:56.282122
Parameters: {'learning_rate': 0.001, 'max_depth': 6, 'l2_leaf_reg': 10.0, 'iterations': 100, 'od_type': 'Iter', 'od_wait': 20, 'verbose': 100, 'train_dir': 'output/CatBoost/Allstate_Claims/catboost_info', 'cat_features': [0, 1, 2, 3, 4, 5, 6, 7, 8, 9, 10, 11, 12, 13, 14, 15, 16, 17, 18, 19, 20, 21, 22, 23, 24, 25, 26, 27, 28, 29, 30, 31, 32, 33, 34, 35, 36, 37, 38, 39, 40, 41, 42, 43, 44, 45, 46, 47, 48, 49, 50, 51, 52, 53, 54, 55, 56, 57, 58, 59, 60, 61, 62, 63, 64, 65, 66, 67, 68, 69, 70, 71, 72, 73, 74, 75, 76, 77, 78, 79, 80, 81, 82, 83, 84, 85, 86, 87, 88, 89, 90, 91, 92, 93, 94, 95, 96, 97, 98, 99, 100, 101, 102, 103, 104, 105, 106, 107, 108, 109, 110, 111, 112, 113, 114, 115]}

MSE - mean: 7735861.34501
MSE - std: 355156.69680
R2 - mean: 0.06847
R2 - std: 0.00275

Train time: 31.562602
Test time: 0.765483

---------------------------------------
2025-06-19 11:48:42.353984
Parameters: {'learning_rate': 0.001, 'max_depth': 10, 'l2_leaf_reg': 5.0, 'iterations': 100, 'od_type': 'Iter', 'od_wait': 20, 'verbose': 100, 'train_dir': 'output/CatBoost/Allstate_Claims/catboost_info', 'cat_features': [0, 1, 2, 3, 4, 5, 6, 7, 8, 9, 10, 11, 12, 13, 14, 15, 16, 17, 18, 19, 20, 21, 22, 23, 24, 25, 26, 27, 28, 29, 30, 31, 32, 33, 34, 35, 36, 37, 38, 39, 40, 41, 42, 43, 44, 45, 46, 47, 48, 49, 50, 51, 52, 53, 54, 55, 56, 57, 58, 59, 60, 61, 62, 63, 64, 65, 66, 67, 68, 69, 70, 71, 72, 73, 74, 75, 76, 77, 78, 79, 80, 81, 82, 83, 84, 85, 86, 87, 88, 89, 90, 91, 92, 93, 94, 95, 96, 97, 98, 99, 100, 101, 102, 103, 104, 105, 106, 107, 108, 109, 110, 111, 112, 113, 114, 115]}

MSE - mean: 7707194.94807
MSE - std: 354800.94931
R2 - mean: 0.07193
R2 - std: 0.00289

Train time: 70.353192
Test time: 0.782292

---------------------------------------
2025-06-19 11:50:03.416682
Parameters: {'learning_rate': 0.001, 'max_depth': 6, 'l2_leaf_reg': 5.0, 'iterations': 100, 'od_type': 'Iter', 'od_wait': 20, 'verbose': 100, 'train_dir': 'output/CatBoost/Allstate_Claims/catboost_info', 'cat_features': [0, 1, 2, 3, 4, 5, 6, 7, 8, 9, 10, 11, 12, 13, 14, 15, 16, 17, 18, 19, 20, 21, 22, 23, 24, 25, 26, 27, 28, 29, 30, 31, 32, 33, 34, 35, 36, 37, 38, 39, 40, 41, 42, 43, 44, 45, 46, 47, 48, 49, 50, 51, 52, 53, 54, 55, 56, 57, 58, 59, 60, 61, 62, 63, 64, 65, 66, 67, 68, 69, 70, 71, 72, 73, 74, 75, 76, 77, 78, 79, 80, 81, 82, 83, 84, 85, 86, 87, 88, 89, 90, 91, 92, 93, 94, 95, 96, 97, 98, 99, 100, 101, 102, 103, 104, 105, 106, 107, 108, 109, 110, 111, 112, 113, 114, 115]}

MSE - mean: 7722426.50372
MSE - std: 353698.43122
R2 - mean: 0.07009
R2 - std: 0.00266

Train time: 31.393495
Test time: 0.753919

---------------------------------------
2025-06-19 11:51:14.697931
Parameters: {'learning_rate': 0.01, 'max_depth': 2, 'l2_leaf_reg': 0.5, 'iterations': 100, 'od_type': 'Iter', 'od_wait': 20, 'verbose': 100, 'train_dir': 'output/CatBoost/Allstate_Claims/catboost_info', 'cat_features': [0, 1, 2, 3, 4, 5, 6, 7, 8, 9, 10, 11, 12, 13, 14, 15, 16, 17, 18, 19, 20, 21, 22, 23, 24, 25, 26, 27, 28, 29, 30, 31, 32, 33, 34, 35, 36, 37, 38, 39, 40, 41, 42, 43, 44, 45, 46, 47, 48, 49, 50, 51, 52, 53, 54, 55, 56, 57, 58, 59, 60, 61, 62, 63, 64, 65, 66, 67, 68, 69, 70, 71, 72, 73, 74, 75, 76, 77, 78, 79, 80, 81, 82, 83, 84, 85, 86, 87, 88, 89, 90, 91, 92, 93, 94, 95, 96, 97, 98, 99, 100, 101, 102, 103, 104, 105, 106, 107, 108, 109, 110, 111, 112, 113, 114, 115]}

MSE - mean: 6023547.37032
MSE - std: 331853.16882
R2 - mean: 0.27494
R2 - std: 0.00890

Train time: 15.426180
Test time: 0.755583

---------------------------------------
2025-06-19 11:53:53.270670
Parameters: {'learning_rate': 0.2, 'max_depth': 12, 'l2_leaf_reg': 0.5, 'iterations': 100, 'od_type': 'Iter', 'od_wait': 20, 'verbose': 100, 'train_dir': 'output/CatBoost/Allstate_Claims/catboost_info', 'cat_features': [0, 1, 2, 3, 4, 5, 6, 7, 8, 9, 10, 11, 12, 13, 14, 15, 16, 17, 18, 19, 20, 21, 22, 23, 24, 25, 26, 27, 28, 29, 30, 31, 32, 33, 34, 35, 36, 37, 38, 39, 40, 41, 42, 43, 44, 45, 46, 47, 48, 49, 50, 51, 52, 53, 54, 55, 56, 57, 58, 59, 60, 61, 62, 63, 64, 65, 66, 67, 68, 69, 70, 71, 72, 73, 74, 75, 76, 77, 78, 79, 80, 81, 82, 83, 84, 85, 86, 87, 88, 89, 90, 91, 92, 93, 94, 95, 96, 97, 98, 99, 100, 101, 102, 103, 104, 105, 106, 107, 108, 109, 110, 111, 112, 113, 114, 115]}

MSE - mean: 3818048.41746
MSE - std: 316556.83125
R2 - mean: 0.54089
R2 - std: 0.01894

Train time: 142.122697
Test time: 0.818941

---------------------------------------
2025-06-19 11:55:14.646504
Parameters: {'learning_rate': 0.3, 'max_depth': 6, 'l2_leaf_reg': 0.5, 'iterations': 100, 'od_type': 'Iter', 'od_wait': 20, 'verbose': 100, 'train_dir': 'output/CatBoost/Allstate_Claims/catboost_info', 'cat_features': [0, 1, 2, 3, 4, 5, 6, 7, 8, 9, 10, 11, 12, 13, 14, 15, 16, 17, 18, 19, 20, 21, 22, 23, 24, 25, 26, 27, 28, 29, 30, 31, 32, 33, 34, 35, 36, 37, 38, 39, 40, 41, 42, 43, 44, 45, 46, 47, 48, 49, 50, 51, 52, 53, 54, 55, 56, 57, 58, 59, 60, 61, 62, 63, 64, 65, 66, 67, 68, 69, 70, 71, 72, 73, 74, 75, 76, 77, 78, 79, 80, 81, 82, 83, 84, 85, 86, 87, 88, 89, 90, 91, 92, 93, 94, 95, 96, 97, 98, 99, 100, 101, 102, 103, 104, 105, 106, 107, 108, 109, 110, 111, 112, 113, 114, 115]}

MSE - mean: 3601989.86428
MSE - std: 220669.91536
R2 - mean: 0.56640
R2 - std: 0.01282

Train time: 31.734931
Test time: 0.821426

---------------------------------------
2025-06-19 11:56:26.145614
Parameters: {'learning_rate': 0.001, 'max_depth': 2, 'l2_leaf_reg': 5.0, 'iterations': 100, 'od_type': 'Iter', 'od_wait': 20, 'verbose': 100, 'train_dir': 'output/CatBoost/Allstate_Claims/catboost_info', 'cat_features': [0, 1, 2, 3, 4, 5, 6, 7, 8, 9, 10, 11, 12, 13, 14, 15, 16, 17, 18, 19, 20, 21, 22, 23, 24, 25, 26, 27, 28, 29, 30, 31, 32, 33, 34, 35, 36, 37, 38, 39, 40, 41, 42, 43, 44, 45, 46, 47, 48, 49, 50, 51, 52, 53, 54, 55, 56, 57, 58, 59, 60, 61, 62, 63, 64, 65, 66, 67, 68, 69, 70, 71, 72, 73, 74, 75, 76, 77, 78, 79, 80, 81, 82, 83, 84, 85, 86, 87, 88, 89, 90, 91, 92, 93, 94, 95, 96, 97, 98, 99, 100, 101, 102, 103, 104, 105, 106, 107, 108, 109, 110, 111, 112, 113, 114, 115]}

MSE - mean: 7878902.89641
MSE - std: 355363.80847
R2 - mean: 0.05122
R2 - std: 0.00204

Train time: 15.321841
Test time: 0.742970

---------------------------------------
2025-06-19 11:58:11.781818
Parameters: {'learning_rate': 0.3, 'max_depth': 10, 'l2_leaf_reg': 1.0, 'iterations': 100, 'od_type': 'Iter', 'od_wait': 20, 'verbose': 100, 'train_dir': 'output/CatBoost/Allstate_Claims/catboost_info', 'cat_features': [0, 1, 2, 3, 4, 5, 6, 7, 8, 9, 10, 11, 12, 13, 14, 15, 16, 17, 18, 19, 20, 21, 22, 23, 24, 25, 26, 27, 28, 29, 30, 31, 32, 33, 34, 35, 36, 37, 38, 39, 40, 41, 42, 43, 44, 45, 46, 47, 48, 49, 50, 51, 52, 53, 54, 55, 56, 57, 58, 59, 60, 61, 62, 63, 64, 65, 66, 67, 68, 69, 70, 71, 72, 73, 74, 75, 76, 77, 78, 79, 80, 81, 82, 83, 84, 85, 86, 87, 88, 89, 90, 91, 92, 93, 94, 95, 96, 97, 98, 99, 100, 101, 102, 103, 104, 105, 106, 107, 108, 109, 110, 111, 112, 113, 114, 115]}

MSE - mean: 3729105.76241
MSE - std: 308869.26451
R2 - mean: 0.55158
R2 - std: 0.01848

Train time: 69.060562
Test time: 0.833411

---------------------------------------
2025-06-19 11:59:30.465264
Parameters: {'learning_rate': 0.01, 'max_depth': 6, 'l2_leaf_reg': 0.5, 'iterations': 100, 'od_type': 'Iter', 'od_wait': 20, 'verbose': 100, 'train_dir': 'output/CatBoost/Allstate_Claims/catboost_info', 'cat_features': [0, 1, 2, 3, 4, 5, 6, 7, 8, 9, 10, 11, 12, 13, 14, 15, 16, 17, 18, 19, 20, 21, 22, 23, 24, 25, 26, 27, 28, 29, 30, 31, 32, 33, 34, 35, 36, 37, 38, 39, 40, 41, 42, 43, 44, 45, 46, 47, 48, 49, 50, 51, 52, 53, 54, 55, 56, 57, 58, 59, 60, 61, 62, 63, 64, 65, 66, 67, 68, 69, 70, 71, 72, 73, 74, 75, 76, 77, 78, 79, 80, 81, 82, 83, 84, 85, 86, 87, 88, 89, 90, 91, 92, 93, 94, 95, 96, 97, 98, 99, 100, 101, 102, 103, 104, 105, 106, 107, 108, 109, 110, 111, 112, 113, 114, 115]}

MSE - mean: 5248279.05114
MSE - std: 305635.33995
R2 - mean: 0.36831
R2 - std: 0.01101

Train time: 31.350265
Test time: 0.751961

---------------------------------------
2025-06-19 12:01:35.074488
Parameters: {'learning_rate': 0.1, 'max_depth': 12, 'l2_leaf_reg': 30.0, 'iterations': 100, 'od_type': 'Iter', 'od_wait': 20, 'verbose': 100, 'train_dir': 'output/CatBoost/Allstate_Claims/catboost_info', 'cat_features': [0, 1, 2, 3, 4, 5, 6, 7, 8, 9, 10, 11, 12, 13, 14, 15, 16, 17, 18, 19, 20, 21, 22, 23, 24, 25, 26, 27, 28, 29, 30, 31, 32, 33, 34, 35, 36, 37, 38, 39, 40, 41, 42, 43, 44, 45, 46, 47, 48, 49, 50, 51, 52, 53, 54, 55, 56, 57, 58, 59, 60, 61, 62, 63, 64, 65, 66, 67, 68, 69, 70, 71, 72, 73, 74, 75, 76, 77, 78, 79, 80, 81, 82, 83, 84, 85, 86, 87, 88, 89, 90, 91, 92, 93, 94, 95, 96, 97, 98, 99, 100, 101, 102, 103, 104, 105, 106, 107, 108, 109, 110, 111, 112, 113, 114, 115]}

MSE - mean: 3988973.72962
MSE - std: 264373.25660
R2 - mean: 0.52000
R2 - std: 0.01361

Train time: 95.680136
Test time: 0.811749

---------------------------------------
2025-06-19 12:04:05.126716
Parameters: {'learning_rate': 0.3, 'max_depth': 12, 'l2_leaf_reg': 5.0, 'iterations': 100, 'od_type': 'Iter', 'od_wait': 20, 'verbose': 100, 'train_dir': 'output/CatBoost/Allstate_Claims/catboost_info', 'cat_features': [0, 1, 2, 3, 4, 5, 6, 7, 8, 9, 10, 11, 12, 13, 14, 15, 16, 17, 18, 19, 20, 21, 22, 23, 24, 25, 26, 27, 28, 29, 30, 31, 32, 33, 34, 35, 36, 37, 38, 39, 40, 41, 42, 43, 44, 45, 46, 47, 48, 49, 50, 51, 52, 53, 54, 55, 56, 57, 58, 59, 60, 61, 62, 63, 64, 65, 66, 67, 68, 69, 70, 71, 72, 73, 74, 75, 76, 77, 78, 79, 80, 81, 82, 83, 84, 85, 86, 87, 88, 89, 90, 91, 92, 93, 94, 95, 96, 97, 98, 99, 100, 101, 102, 103, 104, 105, 106, 107, 108, 109, 110, 111, 112, 113, 114, 115]}

MSE - mean: 3796744.86621
MSE - std: 306255.77968
R2 - mean: 0.54338
R2 - std: 0.01843

Train time: 135.051878
Test time: 0.813382

---------------------------------------
2025-06-19 12:05:12.882590
Parameters: {'learning_rate': 0.001, 'max_depth': 2, 'l2_leaf_reg': 0.5, 'iterations': 100, 'od_type': 'Iter', 'od_wait': 20, 'verbose': 100, 'train_dir': 'output/CatBoost/Allstate_Claims/catboost_info', 'cat_features': [0, 1, 2, 3, 4, 5, 6, 7, 8, 9, 10, 11, 12, 13, 14, 15, 16, 17, 18, 19, 20, 21, 22, 23, 24, 25, 26, 27, 28, 29, 30, 31, 32, 33, 34, 35, 36, 37, 38, 39, 40, 41, 42, 43, 44, 45, 46, 47, 48, 49, 50, 51, 52, 53, 54, 55, 56, 57, 58, 59, 60, 61, 62, 63, 64, 65, 66, 67, 68, 69, 70, 71, 72, 73, 74, 75, 76, 77, 78, 79, 80, 81, 82, 83, 84, 85, 86, 87, 88, 89, 90, 91, 92, 93, 94, 95, 96, 97, 98, 99, 100, 101, 102, 103, 104, 105, 106, 107, 108, 109, 110, 111, 112, 113, 114, 115]}

MSE - mean: 7878169.00971
MSE - std: 355398.28131
R2 - mean: 0.05131
R2 - std: 0.00205

Train time: 15.278151
Test time: 0.723239

---------------------------------------
2025-06-19 12:06:55.594128
Parameters: {'learning_rate': 0.2, 'max_depth': 10, 'l2_leaf_reg': 1.0, 'iterations': 100, 'od_type': 'Iter', 'od_wait': 20, 'verbose': 100, 'train_dir': 'output/CatBoost/Allstate_Claims/catboost_info', 'cat_features': [0, 1, 2, 3, 4, 5, 6, 7, 8, 9, 10, 11, 12, 13, 14, 15, 16, 17, 18, 19, 20, 21, 22, 23, 24, 25, 26, 27, 28, 29, 30, 31, 32, 33, 34, 35, 36, 37, 38, 39, 40, 41, 42, 43, 44, 45, 46, 47, 48, 49, 50, 51, 52, 53, 54, 55, 56, 57, 58, 59, 60, 61, 62, 63, 64, 65, 66, 67, 68, 69, 70, 71, 72, 73, 74, 75, 76, 77, 78, 79, 80, 81, 82, 83, 84, 85, 86, 87, 88, 89, 90, 91, 92, 93, 94, 95, 96, 97, 98, 99, 100, 101, 102, 103, 104, 105, 106, 107, 108, 109, 110, 111, 112, 113, 114, 115]}

MSE - mean: 3697372.73820
MSE - std: 273268.14922
R2 - mean: 0.55524
R2 - std: 0.01468

Train time: 70.555710
Test time: 0.787967

---------------------------------------
2025-06-19 12:08:03.000712
Parameters: {'learning_rate': 0.1, 'max_depth': 2, 'l2_leaf_reg': 1.0, 'iterations': 100, 'od_type': 'Iter', 'od_wait': 20, 'verbose': 100, 'train_dir': 'output/CatBoost/Allstate_Claims/catboost_info', 'cat_features': [0, 1, 2, 3, 4, 5, 6, 7, 8, 9, 10, 11, 12, 13, 14, 15, 16, 17, 18, 19, 20, 21, 22, 23, 24, 25, 26, 27, 28, 29, 30, 31, 32, 33, 34, 35, 36, 37, 38, 39, 40, 41, 42, 43, 44, 45, 46, 47, 48, 49, 50, 51, 52, 53, 54, 55, 56, 57, 58, 59, 60, 61, 62, 63, 64, 65, 66, 67, 68, 69, 70, 71, 72, 73, 74, 75, 76, 77, 78, 79, 80, 81, 82, 83, 84, 85, 86, 87, 88, 89, 90, 91, 92, 93, 94, 95, 96, 97, 98, 99, 100, 101, 102, 103, 104, 105, 106, 107, 108, 109, 110, 111, 112, 113, 114, 115]}

MSE - mean: 4263448.18391
MSE - std: 287562.56932
R2 - mean: 0.48702
R2 - std: 0.01368

Train time: 15.227446
Test time: 0.762961

---------------------------------------
2025-06-19 12:09:43.457136
Parameters: {'learning_rate': 0.1, 'max_depth': 10, 'l2_leaf_reg': 5.0, 'iterations': 100, 'od_type': 'Iter', 'od_wait': 20, 'verbose': 100, 'train_dir': 'output/CatBoost/Allstate_Claims/catboost_info', 'cat_features': [0, 1, 2, 3, 4, 5, 6, 7, 8, 9, 10, 11, 12, 13, 14, 15, 16, 17, 18, 19, 20, 21, 22, 23, 24, 25, 26, 27, 28, 29, 30, 31, 32, 33, 34, 35, 36, 37, 38, 39, 40, 41, 42, 43, 44, 45, 46, 47, 48, 49, 50, 51, 52, 53, 54, 55, 56, 57, 58, 59, 60, 61, 62, 63, 64, 65, 66, 67, 68, 69, 70, 71, 72, 73, 74, 75, 76, 77, 78, 79, 80, 81, 82, 83, 84, 85, 86, 87, 88, 89, 90, 91, 92, 93, 94, 95, 96, 97, 98, 99, 100, 101, 102, 103, 104, 105, 106, 107, 108, 109, 110, 111, 112, 113, 114, 115]}

MSE - mean: 3785380.32196
MSE - std: 280010.48686
R2 - mean: 0.54461
R2 - std: 0.01639

Train time: 64.565687
Test time: 0.807475

---------------------------------------
2025-06-19 12:12:18.461242
Parameters: {'learning_rate': 0.1, 'max_depth': 12, 'l2_leaf_reg': 0.5, 'iterations': 100, 'od_type': 'Iter', 'od_wait': 20, 'verbose': 100, 'train_dir': 'output/CatBoost/Allstate_Claims/catboost_info', 'cat_features': [0, 1, 2, 3, 4, 5, 6, 7, 8, 9, 10, 11, 12, 13, 14, 15, 16, 17, 18, 19, 20, 21, 22, 23, 24, 25, 26, 27, 28, 29, 30, 31, 32, 33, 34, 35, 36, 37, 38, 39, 40, 41, 42, 43, 44, 45, 46, 47, 48, 49, 50, 51, 52, 53, 54, 55, 56, 57, 58, 59, 60, 61, 62, 63, 64, 65, 66, 67, 68, 69, 70, 71, 72, 73, 74, 75, 76, 77, 78, 79, 80, 81, 82, 83, 84, 85, 86, 87, 88, 89, 90, 91, 92, 93, 94, 95, 96, 97, 98, 99, 100, 101, 102, 103, 104, 105, 106, 107, 108, 109, 110, 111, 112, 113, 114, 115]}

MSE - mean: 3803978.42809
MSE - std: 322525.94386
R2 - mean: 0.54261
R2 - std: 0.01987

Train time: 142.134570
Test time: 0.797362

---------------------------------------
2025-06-19 12:14:55.110081
Parameters: {'learning_rate': 0.2, 'max_depth': 12, 'l2_leaf_reg': 1.0, 'iterations': 100, 'od_type': 'Iter', 'od_wait': 20, 'verbose': 100, 'train_dir': 'output/CatBoost/Allstate_Claims/catboost_info', 'cat_features': [0, 1, 2, 3, 4, 5, 6, 7, 8, 9, 10, 11, 12, 13, 14, 15, 16, 17, 18, 19, 20, 21, 22, 23, 24, 25, 26, 27, 28, 29, 30, 31, 32, 33, 34, 35, 36, 37, 38, 39, 40, 41, 42, 43, 44, 45, 46, 47, 48, 49, 50, 51, 52, 53, 54, 55, 56, 57, 58, 59, 60, 61, 62, 63, 64, 65, 66, 67, 68, 69, 70, 71, 72, 73, 74, 75, 76, 77, 78, 79, 80, 81, 82, 83, 84, 85, 86, 87, 88, 89, 90, 91, 92, 93, 94, 95, 96, 97, 98, 99, 100, 101, 102, 103, 104, 105, 106, 107, 108, 109, 110, 111, 112, 113, 114, 115]}

MSE - mean: 3815468.59340
MSE - std: 358880.70795
R2 - mean: 0.54141
R2 - std: 0.02361

Train time: 142.434760
Test time: 0.794499

---------------------------------------
2025-06-19 12:17:31.658105
Parameters: {'learning_rate': 0.001, 'max_depth': 12, 'l2_leaf_reg': 1.0, 'iterations': 100, 'od_type': 'Iter', 'od_wait': 20, 'verbose': 100, 'train_dir': 'output/CatBoost/Allstate_Claims/catboost_info', 'cat_features': [0, 1, 2, 3, 4, 5, 6, 7, 8, 9, 10, 11, 12, 13, 14, 15, 16, 17, 18, 19, 20, 21, 22, 23, 24, 25, 26, 27, 28, 29, 30, 31, 32, 33, 34, 35, 36, 37, 38, 39, 40, 41, 42, 43, 44, 45, 46, 47, 48, 49, 50, 51, 52, 53, 54, 55, 56, 57, 58, 59, 60, 61, 62, 63, 64, 65, 66, 67, 68, 69, 70, 71, 72, 73, 74, 75, 76, 77, 78, 79, 80, 81, 82, 83, 84, 85, 86, 87, 88, 89, 90, 91, 92, 93, 94, 95, 96, 97, 98, 99, 100, 101, 102, 103, 104, 105, 106, 107, 108, 109, 110, 111, 112, 113, 114, 115]}

MSE - mean: 7695834.15986
MSE - std: 361250.32599
R2 - mean: 0.07333
R2 - std: 0.00371

Train time: 143.033300
Test time: 0.791888

---------------------------------------
2025-06-19 12:18:41.022541
Parameters: {'learning_rate': 0.2, 'max_depth': 2, 'l2_leaf_reg': 5.0, 'iterations': 100, 'od_type': 'Iter', 'od_wait': 20, 'verbose': 100, 'train_dir': 'output/CatBoost/Allstate_Claims/catboost_info', 'cat_features': [0, 1, 2, 3, 4, 5, 6, 7, 8, 9, 10, 11, 12, 13, 14, 15, 16, 17, 18, 19, 20, 21, 22, 23, 24, 25, 26, 27, 28, 29, 30, 31, 32, 33, 34, 35, 36, 37, 38, 39, 40, 41, 42, 43, 44, 45, 46, 47, 48, 49, 50, 51, 52, 53, 54, 55, 56, 57, 58, 59, 60, 61, 62, 63, 64, 65, 66, 67, 68, 69, 70, 71, 72, 73, 74, 75, 76, 77, 78, 79, 80, 81, 82, 83, 84, 85, 86, 87, 88, 89, 90, 91, 92, 93, 94, 95, 96, 97, 98, 99, 100, 101, 102, 103, 104, 105, 106, 107, 108, 109, 110, 111, 112, 113, 114, 115]}

MSE - mean: 4051015.67338
MSE - std: 247199.00579
R2 - mean: 0.51247
R2 - std: 0.00950

Train time: 15.306007
Test time: 0.752077

---------------------------------------
2025-06-19 12:20:22.856280
Parameters: {'learning_rate': 0.1, 'max_depth': 10, 'l2_leaf_reg': 0.5, 'iterations': 100, 'od_type': 'Iter', 'od_wait': 20, 'verbose': 100, 'train_dir': 'output/CatBoost/Allstate_Claims/catboost_info', 'cat_features': [0, 1, 2, 3, 4, 5, 6, 7, 8, 9, 10, 11, 12, 13, 14, 15, 16, 17, 18, 19, 20, 21, 22, 23, 24, 25, 26, 27, 28, 29, 30, 31, 32, 33, 34, 35, 36, 37, 38, 39, 40, 41, 42, 43, 44, 45, 46, 47, 48, 49, 50, 51, 52, 53, 54, 55, 56, 57, 58, 59, 60, 61, 62, 63, 64, 65, 66, 67, 68, 69, 70, 71, 72, 73, 74, 75, 76, 77, 78, 79, 80, 81, 82, 83, 84, 85, 86, 87, 88, 89, 90, 91, 92, 93, 94, 95, 96, 97, 98, 99, 100, 101, 102, 103, 104, 105, 106, 107, 108, 109, 110, 111, 112, 113, 114, 115]}

MSE - mean: 3708750.51674
MSE - std: 296826.83242
R2 - mean: 0.55396
R2 - std: 0.01766

Train time: 69.983950
Test time: 0.778204

---------------------------------------
2025-06-19 12:22:57.180928
Parameters: {'learning_rate': 0.1, 'max_depth': 12, 'l2_leaf_reg': 1.0, 'iterations': 100, 'od_type': 'Iter', 'od_wait': 20, 'verbose': 100, 'train_dir': 'output/CatBoost/Allstate_Claims/catboost_info', 'cat_features': [0, 1, 2, 3, 4, 5, 6, 7, 8, 9, 10, 11, 12, 13, 14, 15, 16, 17, 18, 19, 20, 21, 22, 23, 24, 25, 26, 27, 28, 29, 30, 31, 32, 33, 34, 35, 36, 37, 38, 39, 40, 41, 42, 43, 44, 45, 46, 47, 48, 49, 50, 51, 52, 53, 54, 55, 56, 57, 58, 59, 60, 61, 62, 63, 64, 65, 66, 67, 68, 69, 70, 71, 72, 73, 74, 75, 76, 77, 78, 79, 80, 81, 82, 83, 84, 85, 86, 87, 88, 89, 90, 91, 92, 93, 94, 95, 96, 97, 98, 99, 100, 101, 102, 103, 104, 105, 106, 107, 108, 109, 110, 111, 112, 113, 114, 115]}

MSE - mean: 3776565.78595
MSE - std: 320914.52411
R2 - mean: 0.54589
R2 - std: 0.02019

Train time: 142.742586
Test time: 0.795200

---------------------------------------
2025-06-19 12:24:36.983288
Parameters: {'learning_rate': 0.01, 'max_depth': 10, 'l2_leaf_reg': 10.0, 'iterations': 100, 'od_type': 'Iter', 'od_wait': 20, 'verbose': 100, 'train_dir': 'output/CatBoost/Allstate_Claims/catboost_info', 'cat_features': [0, 1, 2, 3, 4, 5, 6, 7, 8, 9, 10, 11, 12, 13, 14, 15, 16, 17, 18, 19, 20, 21, 22, 23, 24, 25, 26, 27, 28, 29, 30, 31, 32, 33, 34, 35, 36, 37, 38, 39, 40, 41, 42, 43, 44, 45, 46, 47, 48, 49, 50, 51, 52, 53, 54, 55, 56, 57, 58, 59, 60, 61, 62, 63, 64, 65, 66, 67, 68, 69, 70, 71, 72, 73, 74, 75, 76, 77, 78, 79, 80, 81, 82, 83, 84, 85, 86, 87, 88, 89, 90, 91, 92, 93, 94, 95, 96, 97, 98, 99, 100, 101, 102, 103, 104, 105, 106, 107, 108, 109, 110, 111, 112, 113, 114, 115]}

MSE - mean: 5215974.17917
MSE - std: 328896.55905
R2 - mean: 0.37235
R2 - std: 0.01266

Train time: 68.630646
Test time: 0.761988

---------------------------------------
2025-06-19 12:25:53.252917
Parameters: {'learning_rate': 0.3, 'max_depth': 6, 'l2_leaf_reg': 5.0, 'iterations': 100, 'od_type': 'Iter', 'od_wait': 20, 'verbose': 100, 'train_dir': 'output/CatBoost/Allstate_Claims/catboost_info', 'cat_features': [0, 1, 2, 3, 4, 5, 6, 7, 8, 9, 10, 11, 12, 13, 14, 15, 16, 17, 18, 19, 20, 21, 22, 23, 24, 25, 26, 27, 28, 29, 30, 31, 32, 33, 34, 35, 36, 37, 38, 39, 40, 41, 42, 43, 44, 45, 46, 47, 48, 49, 50, 51, 52, 53, 54, 55, 56, 57, 58, 59, 60, 61, 62, 63, 64, 65, 66, 67, 68, 69, 70, 71, 72, 73, 74, 75, 76, 77, 78, 79, 80, 81, 82, 83, 84, 85, 86, 87, 88, 89, 90, 91, 92, 93, 94, 95, 96, 97, 98, 99, 100, 101, 102, 103, 104, 105, 106, 107, 108, 109, 110, 111, 112, 113, 114, 115]}

MSE - mean: 3646726.02210
MSE - std: 289545.55488
R2 - mean: 0.56134
R2 - std: 0.01846

Train time: 30.667060
Test time: 0.762137

---------------------------------------
2025-06-19 12:28:20.815550
Parameters: {'learning_rate': 0.3, 'max_depth': 12, 'l2_leaf_reg': 10.0, 'iterations': 100, 'od_type': 'Iter', 'od_wait': 20, 'verbose': 100, 'train_dir': 'output/CatBoost/Allstate_Claims/catboost_info', 'cat_features': [0, 1, 2, 3, 4, 5, 6, 7, 8, 9, 10, 11, 12, 13, 14, 15, 16, 17, 18, 19, 20, 21, 22, 23, 24, 25, 26, 27, 28, 29, 30, 31, 32, 33, 34, 35, 36, 37, 38, 39, 40, 41, 42, 43, 44, 45, 46, 47, 48, 49, 50, 51, 52, 53, 54, 55, 56, 57, 58, 59, 60, 61, 62, 63, 64, 65, 66, 67, 68, 69, 70, 71, 72, 73, 74, 75, 76, 77, 78, 79, 80, 81, 82, 83, 84, 85, 86, 87, 88, 89, 90, 91, 92, 93, 94, 95, 96, 97, 98, 99, 100, 101, 102, 103, 104, 105, 106, 107, 108, 109, 110, 111, 112, 113, 114, 115]}

MSE - mean: 3791540.16448
MSE - std: 318581.55177
R2 - mean: 0.54407
R2 - std: 0.01987

Train time: 129.937912
Test time: 0.796755

---------------------------------------
2025-06-19 12:29:35.825764
Parameters: {'learning_rate': 0.01, 'max_depth': 6, 'l2_leaf_reg': 30.0, 'iterations': 100, 'od_type': 'Iter', 'od_wait': 20, 'verbose': 100, 'train_dir': 'output/CatBoost/Allstate_Claims/catboost_info', 'cat_features': [0, 1, 2, 3, 4, 5, 6, 7, 8, 9, 10, 11, 12, 13, 14, 15, 16, 17, 18, 19, 20, 21, 22, 23, 24, 25, 26, 27, 28, 29, 30, 31, 32, 33, 34, 35, 36, 37, 38, 39, 40, 41, 42, 43, 44, 45, 46, 47, 48, 49, 50, 51, 52, 53, 54, 55, 56, 57, 58, 59, 60, 61, 62, 63, 64, 65, 66, 67, 68, 69, 70, 71, 72, 73, 74, 75, 76, 77, 78, 79, 80, 81, 82, 83, 84, 85, 86, 87, 88, 89, 90, 91, 92, 93, 94, 95, 96, 97, 98, 99, 100, 101, 102, 103, 104, 105, 106, 107, 108, 109, 110, 111, 112, 113, 114, 115]}

MSE - mean: 5396540.74893
MSE - std: 330607.05509
R2 - mean: 0.35057
R2 - std: 0.01198

Train time: 31.246008
Test time: 0.714835

---------------------------------------
2025-06-19 12:30:41.891997
Parameters: {'learning_rate': 0.2, 'max_depth': 2, 'l2_leaf_reg': 1.0, 'iterations': 100, 'od_type': 'Iter', 'od_wait': 20, 'verbose': 100, 'train_dir': 'output/CatBoost/Allstate_Claims/catboost_info', 'cat_features': [0, 1, 2, 3, 4, 5, 6, 7, 8, 9, 10, 11, 12, 13, 14, 15, 16, 17, 18, 19, 20, 21, 22, 23, 24, 25, 26, 27, 28, 29, 30, 31, 32, 33, 34, 35, 36, 37, 38, 39, 40, 41, 42, 43, 44, 45, 46, 47, 48, 49, 50, 51, 52, 53, 54, 55, 56, 57, 58, 59, 60, 61, 62, 63, 64, 65, 66, 67, 68, 69, 70, 71, 72, 73, 74, 75, 76, 77, 78, 79, 80, 81, 82, 83, 84, 85, 86, 87, 88, 89, 90, 91, 92, 93, 94, 95, 96, 97, 98, 99, 100, 101, 102, 103, 104, 105, 106, 107, 108, 109, 110, 111, 112, 113, 114, 115]}

MSE - mean: 4005955.12173
MSE - std: 256606.45581
R2 - mean: 0.51790
R2 - std: 0.01254

Train time: 15.263574
Test time: 0.755439

---------------------------------------
2025-06-19 12:31:45.953011
Parameters: {'learning_rate': 0.01, 'max_depth': 2, 'l2_leaf_reg': 30.0, 'iterations': 100, 'od_type': 'Iter', 'od_wait': 20, 'verbose': 100, 'train_dir': 'output/CatBoost/Allstate_Claims/catboost_info', 'cat_features': [0, 1, 2, 3, 4, 5, 6, 7, 8, 9, 10, 11, 12, 13, 14, 15, 16, 17, 18, 19, 20, 21, 22, 23, 24, 25, 26, 27, 28, 29, 30, 31, 32, 33, 34, 35, 36, 37, 38, 39, 40, 41, 42, 43, 44, 45, 46, 47, 48, 49, 50, 51, 52, 53, 54, 55, 56, 57, 58, 59, 60, 61, 62, 63, 64, 65, 66, 67, 68, 69, 70, 71, 72, 73, 74, 75, 76, 77, 78, 79, 80, 81, 82, 83, 84, 85, 86, 87, 88, 89, 90, 91, 92, 93, 94, 95, 96, 97, 98, 99, 100, 101, 102, 103, 104, 105, 106, 107, 108, 109, 110, 111, 112, 113, 114, 115]}

MSE - mean: 6025635.64784
MSE - std: 340255.10929
R2 - mean: 0.27473
R2 - std: 0.00975

Train time: 14.746241
Test time: 0.714269

---------------------------------------
2025-06-19 12:33:27.451195
Parameters: {'learning_rate': 0.2, 'max_depth': 10, 'l2_leaf_reg': 0.5, 'iterations': 100, 'od_type': 'Iter', 'od_wait': 20, 'verbose': 100, 'train_dir': 'output/CatBoost/Allstate_Claims/catboost_info', 'cat_features': [0, 1, 2, 3, 4, 5, 6, 7, 8, 9, 10, 11, 12, 13, 14, 15, 16, 17, 18, 19, 20, 21, 22, 23, 24, 25, 26, 27, 28, 29, 30, 31, 32, 33, 34, 35, 36, 37, 38, 39, 40, 41, 42, 43, 44, 45, 46, 47, 48, 49, 50, 51, 52, 53, 54, 55, 56, 57, 58, 59, 60, 61, 62, 63, 64, 65, 66, 67, 68, 69, 70, 71, 72, 73, 74, 75, 76, 77, 78, 79, 80, 81, 82, 83, 84, 85, 86, 87, 88, 89, 90, 91, 92, 93, 94, 95, 96, 97, 98, 99, 100, 101, 102, 103, 104, 105, 106, 107, 108, 109, 110, 111, 112, 113, 114, 115]}

MSE - mean: 3722241.37893
MSE - std: 294341.65792
R2 - mean: 0.55230
R2 - std: 0.01776

Train time: 69.439051
Test time: 0.781023

---------------------------------------
2025-06-19 12:34:42.091904
Parameters: {'learning_rate': 0.1, 'max_depth': 6, 'l2_leaf_reg': 30.0, 'iterations': 100, 'od_type': 'Iter', 'od_wait': 20, 'verbose': 100, 'train_dir': 'output/CatBoost/Allstate_Claims/catboost_info', 'cat_features': [0, 1, 2, 3, 4, 5, 6, 7, 8, 9, 10, 11, 12, 13, 14, 15, 16, 17, 18, 19, 20, 21, 22, 23, 24, 25, 26, 27, 28, 29, 30, 31, 32, 33, 34, 35, 36, 37, 38, 39, 40, 41, 42, 43, 44, 45, 46, 47, 48, 49, 50, 51, 52, 53, 54, 55, 56, 57, 58, 59, 60, 61, 62, 63, 64, 65, 66, 67, 68, 69, 70, 71, 72, 73, 74, 75, 76, 77, 78, 79, 80, 81, 82, 83, 84, 85, 86, 87, 88, 89, 90, 91, 92, 93, 94, 95, 96, 97, 98, 99, 100, 101, 102, 103, 104, 105, 106, 107, 108, 109, 110, 111, 112, 113, 114, 115]}

MSE - mean: 4085923.31577
MSE - std: 211790.72847
R2 - mean: 0.50797
R2 - std: 0.01276

Train time: 28.715128
Test time: 0.747015

---------------------------------------
2025-06-19 12:37:13.819477
Parameters: {'learning_rate': 0.3, 'max_depth': 12, 'l2_leaf_reg': 0.5, 'iterations': 100, 'od_type': 'Iter', 'od_wait': 20, 'verbose': 100, 'train_dir': 'output/CatBoost/Allstate_Claims/catboost_info', 'cat_features': [0, 1, 2, 3, 4, 5, 6, 7, 8, 9, 10, 11, 12, 13, 14, 15, 16, 17, 18, 19, 20, 21, 22, 23, 24, 25, 26, 27, 28, 29, 30, 31, 32, 33, 34, 35, 36, 37, 38, 39, 40, 41, 42, 43, 44, 45, 46, 47, 48, 49, 50, 51, 52, 53, 54, 55, 56, 57, 58, 59, 60, 61, 62, 63, 64, 65, 66, 67, 68, 69, 70, 71, 72, 73, 74, 75, 76, 77, 78, 79, 80, 81, 82, 83, 84, 85, 86, 87, 88, 89, 90, 91, 92, 93, 94, 95, 96, 97, 98, 99, 100, 101, 102, 103, 104, 105, 106, 107, 108, 109, 110, 111, 112, 113, 114, 115]}

MSE - mean: 3971384.68684
MSE - std: 334751.15521
R2 - mean: 0.52250
R2 - std: 0.01974

Train time: 138.775580
Test time: 0.784803

---------------------------------------
2025-06-19 12:38:30.672475
Parameters: {'learning_rate': 0.1, 'max_depth': 6, 'l2_leaf_reg': 1.0, 'iterations': 100, 'od_type': 'Iter', 'od_wait': 20, 'verbose': 100, 'train_dir': 'output/CatBoost/Allstate_Claims/catboost_info', 'cat_features': [0, 1, 2, 3, 4, 5, 6, 7, 8, 9, 10, 11, 12, 13, 14, 15, 16, 17, 18, 19, 20, 21, 22, 23, 24, 25, 26, 27, 28, 29, 30, 31, 32, 33, 34, 35, 36, 37, 38, 39, 40, 41, 42, 43, 44, 45, 46, 47, 48, 49, 50, 51, 52, 53, 54, 55, 56, 57, 58, 59, 60, 61, 62, 63, 64, 65, 66, 67, 68, 69, 70, 71, 72, 73, 74, 75, 76, 77, 78, 79, 80, 81, 82, 83, 84, 85, 86, 87, 88, 89, 90, 91, 92, 93, 94, 95, 96, 97, 98, 99, 100, 101, 102, 103, 104, 105, 106, 107, 108, 109, 110, 111, 112, 113, 114, 115]}

MSE - mean: 3733043.09523
MSE - std: 266393.73782
R2 - mean: 0.55084
R2 - std: 0.01549

Train time: 31.142828
Test time: 0.777820

---------------------------------------
2025-06-19 12:39:46.428177
Parameters: {'learning_rate': 0.1, 'max_depth': 6, 'l2_leaf_reg': 5.0, 'iterations': 100, 'od_type': 'Iter', 'od_wait': 20, 'verbose': 100, 'train_dir': 'output/CatBoost/Allstate_Claims/catboost_info', 'cat_features': [0, 1, 2, 3, 4, 5, 6, 7, 8, 9, 10, 11, 12, 13, 14, 15, 16, 17, 18, 19, 20, 21, 22, 23, 24, 25, 26, 27, 28, 29, 30, 31, 32, 33, 34, 35, 36, 37, 38, 39, 40, 41, 42, 43, 44, 45, 46, 47, 48, 49, 50, 51, 52, 53, 54, 55, 56, 57, 58, 59, 60, 61, 62, 63, 64, 65, 66, 67, 68, 69, 70, 71, 72, 73, 74, 75, 76, 77, 78, 79, 80, 81, 82, 83, 84, 85, 86, 87, 88, 89, 90, 91, 92, 93, 94, 95, 96, 97, 98, 99, 100, 101, 102, 103, 104, 105, 106, 107, 108, 109, 110, 111, 112, 113, 114, 115]}

MSE - mean: 3801167.08081
MSE - std: 245133.30797
R2 - mean: 0.54257
R2 - std: 0.01159

Train time: 29.919034
Test time: 0.762228

---------------------------------------
2025-06-19 12:41:03.152136
Parameters: {'learning_rate': 0.3, 'max_depth': 6, 'l2_leaf_reg': 30.0, 'iterations': 100, 'od_type': 'Iter', 'od_wait': 20, 'verbose': 100, 'train_dir': 'output/CatBoost/Allstate_Claims/catboost_info', 'cat_features': [0, 1, 2, 3, 4, 5, 6, 7, 8, 9, 10, 11, 12, 13, 14, 15, 16, 17, 18, 19, 20, 21, 22, 23, 24, 25, 26, 27, 28, 29, 30, 31, 32, 33, 34, 35, 36, 37, 38, 39, 40, 41, 42, 43, 44, 45, 46, 47, 48, 49, 50, 51, 52, 53, 54, 55, 56, 57, 58, 59, 60, 61, 62, 63, 64, 65, 66, 67, 68, 69, 70, 71, 72, 73, 74, 75, 76, 77, 78, 79, 80, 81, 82, 83, 84, 85, 86, 87, 88, 89, 90, 91, 92, 93, 94, 95, 96, 97, 98, 99, 100, 101, 102, 103, 104, 105, 106, 107, 108, 109, 110, 111, 112, 113, 114, 115]}

MSE - mean: 3788140.21123
MSE - std: 224742.35440
R2 - mean: 0.54405
R2 - std: 0.00972

Train time: 30.323220
Test time: 0.780599

---------------------------------------
2025-06-19 12:42:39.799785
Parameters: {'learning_rate': 0.3, 'max_depth': 10, 'l2_leaf_reg': 30.0, 'iterations': 100, 'od_type': 'Iter', 'od_wait': 20, 'verbose': 100, 'train_dir': 'output/CatBoost/Allstate_Claims/catboost_info', 'cat_features': [0, 1, 2, 3, 4, 5, 6, 7, 8, 9, 10, 11, 12, 13, 14, 15, 16, 17, 18, 19, 20, 21, 22, 23, 24, 25, 26, 27, 28, 29, 30, 31, 32, 33, 34, 35, 36, 37, 38, 39, 40, 41, 42, 43, 44, 45, 46, 47, 48, 49, 50, 51, 52, 53, 54, 55, 56, 57, 58, 59, 60, 61, 62, 63, 64, 65, 66, 67, 68, 69, 70, 71, 72, 73, 74, 75, 76, 77, 78, 79, 80, 81, 82, 83, 84, 85, 86, 87, 88, 89, 90, 91, 92, 93, 94, 95, 96, 97, 98, 99, 100, 101, 102, 103, 104, 105, 106, 107, 108, 109, 110, 111, 112, 113, 114, 115]}

MSE - mean: 3797469.86993
MSE - std: 229672.96030
R2 - mean: 0.54295
R2 - std: 0.01037

Train time: 62.050822
Test time: 0.785153

---------------------------------------
2025-06-19 12:43:55.642286
Parameters: {'learning_rate': 0.1, 'max_depth': 6, 'l2_leaf_reg': 10.0, 'iterations': 100, 'od_type': 'Iter', 'od_wait': 20, 'verbose': 100, 'train_dir': 'output/CatBoost/Allstate_Claims/catboost_info', 'cat_features': [0, 1, 2, 3, 4, 5, 6, 7, 8, 9, 10, 11, 12, 13, 14, 15, 16, 17, 18, 19, 20, 21, 22, 23, 24, 25, 26, 27, 28, 29, 30, 31, 32, 33, 34, 35, 36, 37, 38, 39, 40, 41, 42, 43, 44, 45, 46, 47, 48, 49, 50, 51, 52, 53, 54, 55, 56, 57, 58, 59, 60, 61, 62, 63, 64, 65, 66, 67, 68, 69, 70, 71, 72, 73, 74, 75, 76, 77, 78, 79, 80, 81, 82, 83, 84, 85, 86, 87, 88, 89, 90, 91, 92, 93, 94, 95, 96, 97, 98, 99, 100, 101, 102, 103, 104, 105, 106, 107, 108, 109, 110, 111, 112, 113, 114, 115]}

MSE - mean: 3876210.92176
MSE - std: 228949.14630
R2 - mean: 0.53342
R2 - std: 0.01093

Train time: 29.510584
Test time: 0.755168

---------------------------------------
2025-06-19 12:45:00.189029
Parameters: {'learning_rate': 0.001, 'max_depth': 2, 'l2_leaf_reg': 1.0, 'iterations': 100, 'od_type': 'Iter', 'od_wait': 20, 'verbose': 100, 'train_dir': 'output/CatBoost/Allstate_Claims/catboost_info', 'cat_features': [0, 1, 2, 3, 4, 5, 6, 7, 8, 9, 10, 11, 12, 13, 14, 15, 16, 17, 18, 19, 20, 21, 22, 23, 24, 25, 26, 27, 28, 29, 30, 31, 32, 33, 34, 35, 36, 37, 38, 39, 40, 41, 42, 43, 44, 45, 46, 47, 48, 49, 50, 51, 52, 53, 54, 55, 56, 57, 58, 59, 60, 61, 62, 63, 64, 65, 66, 67, 68, 69, 70, 71, 72, 73, 74, 75, 76, 77, 78, 79, 80, 81, 82, 83, 84, 85, 86, 87, 88, 89, 90, 91, 92, 93, 94, 95, 96, 97, 98, 99, 100, 101, 102, 103, 104, 105, 106, 107, 108, 109, 110, 111, 112, 113, 114, 115]}

MSE - mean: 7878258.96776
MSE - std: 355396.76284
R2 - mean: 0.05129
R2 - std: 0.00205

Train time: 14.926257
Test time: 0.727028

---------------------------------------
2025-06-19 12:46:32.289841
Parameters: {'learning_rate': 0.2, 'max_depth': 10, 'l2_leaf_reg': 30.0, 'iterations': 100, 'od_type': 'Iter', 'od_wait': 20, 'verbose': 100, 'train_dir': 'output/CatBoost/Allstate_Claims/catboost_info', 'cat_features': [0, 1, 2, 3, 4, 5, 6, 7, 8, 9, 10, 11, 12, 13, 14, 15, 16, 17, 18, 19, 20, 21, 22, 23, 24, 25, 26, 27, 28, 29, 30, 31, 32, 33, 34, 35, 36, 37, 38, 39, 40, 41, 42, 43, 44, 45, 46, 47, 48, 49, 50, 51, 52, 53, 54, 55, 56, 57, 58, 59, 60, 61, 62, 63, 64, 65, 66, 67, 68, 69, 70, 71, 72, 73, 74, 75, 76, 77, 78, 79, 80, 81, 82, 83, 84, 85, 86, 87, 88, 89, 90, 91, 92, 93, 94, 95, 96, 97, 98, 99, 100, 101, 102, 103, 104, 105, 106, 107, 108, 109, 110, 111, 112, 113, 114, 115]}

MSE - mean: 3866669.31969
MSE - std: 233905.82799
R2 - mean: 0.53461
R2 - std: 0.01126

Train time: 56.801033
Test time: 0.780498

---------------------------------------
2025-06-19 12:47:37.835555
Parameters: {'learning_rate': 0.2, 'max_depth': 2, 'l2_leaf_reg': 10.0, 'iterations': 100, 'od_type': 'Iter', 'od_wait': 20, 'verbose': 100, 'train_dir': 'output/CatBoost/Allstate_Claims/catboost_info', 'cat_features': [0, 1, 2, 3, 4, 5, 6, 7, 8, 9, 10, 11, 12, 13, 14, 15, 16, 17, 18, 19, 20, 21, 22, 23, 24, 25, 26, 27, 28, 29, 30, 31, 32, 33, 34, 35, 36, 37, 38, 39, 40, 41, 42, 43, 44, 45, 46, 47, 48, 49, 50, 51, 52, 53, 54, 55, 56, 57, 58, 59, 60, 61, 62, 63, 64, 65, 66, 67, 68, 69, 70, 71, 72, 73, 74, 75, 76, 77, 78, 79, 80, 81, 82, 83, 84, 85, 86, 87, 88, 89, 90, 91, 92, 93, 94, 95, 96, 97, 98, 99, 100, 101, 102, 103, 104, 105, 106, 107, 108, 109, 110, 111, 112, 113, 114, 115]}

MSE - mean: 4104758.88926
MSE - std: 246607.55744
R2 - mean: 0.50599
R2 - std: 0.00925

Train time: 15.023147
Test time: 0.738521

---------------------------------------
2025-06-19 12:48:52.547090
Parameters: {'learning_rate': 0.3, 'max_depth': 6, 'l2_leaf_reg': 10.0, 'iterations': 100, 'od_type': 'Iter', 'od_wait': 20, 'verbose': 100, 'train_dir': 'output/CatBoost/Allstate_Claims/catboost_info', 'cat_features': [0, 1, 2, 3, 4, 5, 6, 7, 8, 9, 10, 11, 12, 13, 14, 15, 16, 17, 18, 19, 20, 21, 22, 23, 24, 25, 26, 27, 28, 29, 30, 31, 32, 33, 34, 35, 36, 37, 38, 39, 40, 41, 42, 43, 44, 45, 46, 47, 48, 49, 50, 51, 52, 53, 54, 55, 56, 57, 58, 59, 60, 61, 62, 63, 64, 65, 66, 67, 68, 69, 70, 71, 72, 73, 74, 75, 76, 77, 78, 79, 80, 81, 82, 83, 84, 85, 86, 87, 88, 89, 90, 91, 92, 93, 94, 95, 96, 97, 98, 99, 100, 101, 102, 103, 104, 105, 106, 107, 108, 109, 110, 111, 112, 113, 114, 115]}

MSE - mean: 3662619.19411
MSE - std: 262050.15688
R2 - mean: 0.55931
R2 - std: 0.01535

Train time: 29.882711
Test time: 0.746593

---------------------------------------
2025-06-19 12:50:08.616904
Parameters: {'learning_rate': 0.01, 'max_depth': 6, 'l2_leaf_reg': 1.0, 'iterations': 100, 'od_type': 'Iter', 'od_wait': 20, 'verbose': 100, 'train_dir': 'output/CatBoost/Allstate_Claims/catboost_info', 'cat_features': [0, 1, 2, 3, 4, 5, 6, 7, 8, 9, 10, 11, 12, 13, 14, 15, 16, 17, 18, 19, 20, 21, 22, 23, 24, 25, 26, 27, 28, 29, 30, 31, 32, 33, 34, 35, 36, 37, 38, 39, 40, 41, 42, 43, 44, 45, 46, 47, 48, 49, 50, 51, 52, 53, 54, 55, 56, 57, 58, 59, 60, 61, 62, 63, 64, 65, 66, 67, 68, 69, 70, 71, 72, 73, 74, 75, 76, 77, 78, 79, 80, 81, 82, 83, 84, 85, 86, 87, 88, 89, 90, 91, 92, 93, 94, 95, 96, 97, 98, 99, 100, 101, 102, 103, 104, 105, 106, 107, 108, 109, 110, 111, 112, 113, 114, 115]}

MSE - mean: 5262054.78484
MSE - std: 297314.45613
R2 - mean: 0.36662
R2 - std: 0.00959

Train time: 30.890876
Test time: 0.731963

---------------------------------------
2025-06-19 12:51:24.602508
Parameters: {'learning_rate': 0.3, 'max_depth': 6, 'l2_leaf_reg': 1.0, 'iterations': 100, 'od_type': 'Iter', 'od_wait': 20, 'verbose': 100, 'train_dir': 'output/CatBoost/Allstate_Claims/catboost_info', 'cat_features': [0, 1, 2, 3, 4, 5, 6, 7, 8, 9, 10, 11, 12, 13, 14, 15, 16, 17, 18, 19, 20, 21, 22, 23, 24, 25, 26, 27, 28, 29, 30, 31, 32, 33, 34, 35, 36, 37, 38, 39, 40, 41, 42, 43, 44, 45, 46, 47, 48, 49, 50, 51, 52, 53, 54, 55, 56, 57, 58, 59, 60, 61, 62, 63, 64, 65, 66, 67, 68, 69, 70, 71, 72, 73, 74, 75, 76, 77, 78, 79, 80, 81, 82, 83, 84, 85, 86, 87, 88, 89, 90, 91, 92, 93, 94, 95, 96, 97, 98, 99, 100, 101, 102, 103, 104, 105, 106, 107, 108, 109, 110, 111, 112, 113, 114, 115]}

MSE - mean: 3661938.71830
MSE - std: 295474.73120
R2 - mean: 0.55955
R2 - std: 0.01855

Train time: 30.939034
Test time: 0.793744

---------------------------------------
2025-06-19 12:52:39.117515
Parameters: {'learning_rate': 0.001, 'max_depth': 6, 'l2_leaf_reg': 30.0, 'iterations': 100, 'od_type': 'Iter', 'od_wait': 20, 'verbose': 100, 'train_dir': 'output/CatBoost/Allstate_Claims/catboost_info', 'cat_features': [0, 1, 2, 3, 4, 5, 6, 7, 8, 9, 10, 11, 12, 13, 14, 15, 16, 17, 18, 19, 20, 21, 22, 23, 24, 25, 26, 27, 28, 29, 30, 31, 32, 33, 34, 35, 36, 37, 38, 39, 40, 41, 42, 43, 44, 45, 46, 47, 48, 49, 50, 51, 52, 53, 54, 55, 56, 57, 58, 59, 60, 61, 62, 63, 64, 65, 66, 67, 68, 69, 70, 71, 72, 73, 74, 75, 76, 77, 78, 79, 80, 81, 82, 83, 84, 85, 86, 87, 88, 89, 90, 91, 92, 93, 94, 95, 96, 97, 98, 99, 100, 101, 102, 103, 104, 105, 106, 107, 108, 109, 110, 111, 112, 113, 114, 115]}

MSE - mean: 7768985.38375
MSE - std: 355944.08476
R2 - mean: 0.06448
R2 - std: 0.00268

Train time: 31.020838
Test time: 0.727094

---------------------------------------
2025-06-19 12:54:20.418806
Parameters: {'learning_rate': 0.01, 'max_depth': 10, 'l2_leaf_reg': 5.0, 'iterations': 100, 'od_type': 'Iter', 'od_wait': 20, 'verbose': 100, 'train_dir': 'output/CatBoost/Allstate_Claims/catboost_info', 'cat_features': [0, 1, 2, 3, 4, 5, 6, 7, 8, 9, 10, 11, 12, 13, 14, 15, 16, 17, 18, 19, 20, 21, 22, 23, 24, 25, 26, 27, 28, 29, 30, 31, 32, 33, 34, 35, 36, 37, 38, 39, 40, 41, 42, 43, 44, 45, 46, 47, 48, 49, 50, 51, 52, 53, 54, 55, 56, 57, 58, 59, 60, 61, 62, 63, 64, 65, 66, 67, 68, 69, 70, 71, 72, 73, 74, 75, 76, 77, 78, 79, 80, 81, 82, 83, 84, 85, 86, 87, 88, 89, 90, 91, 92, 93, 94, 95, 96, 97, 98, 99, 100, 101, 102, 103, 104, 105, 106, 107, 108, 109, 110, 111, 112, 113, 114, 115]}

MSE - mean: 5155951.86808
MSE - std: 320642.12381
R2 - mean: 0.37954
R2 - std: 0.01238

Train time: 70.304280
Test time: 0.758555

---------------------------------------
2025-06-19 12:56:51.268272
Parameters: {'learning_rate': 0.3, 'max_depth': 12, 'l2_leaf_reg': 1.0, 'iterations': 100, 'od_type': 'Iter', 'od_wait': 20, 'verbose': 100, 'train_dir': 'output/CatBoost/Allstate_Claims/catboost_info', 'cat_features': [0, 1, 2, 3, 4, 5, 6, 7, 8, 9, 10, 11, 12, 13, 14, 15, 16, 17, 18, 19, 20, 21, 22, 23, 24, 25, 26, 27, 28, 29, 30, 31, 32, 33, 34, 35, 36, 37, 38, 39, 40, 41, 42, 43, 44, 45, 46, 47, 48, 49, 50, 51, 52, 53, 54, 55, 56, 57, 58, 59, 60, 61, 62, 63, 64, 65, 66, 67, 68, 69, 70, 71, 72, 73, 74, 75, 76, 77, 78, 79, 80, 81, 82, 83, 84, 85, 86, 87, 88, 89, 90, 91, 92, 93, 94, 95, 96, 97, 98, 99, 100, 101, 102, 103, 104, 105, 106, 107, 108, 109, 110, 111, 112, 113, 114, 115]}

MSE - mean: 3944540.22962
MSE - std: 365450.41999
R2 - mean: 0.52589
R2 - std: 0.02352

Train time: 138.842850
Test time: 0.796869

---------------------------------------
2025-06-19 12:58:08.906778
Parameters: {'learning_rate': 0.01, 'max_depth': 6, 'l2_leaf_reg': 10.0, 'iterations': 100, 'od_type': 'Iter', 'od_wait': 20, 'verbose': 100, 'train_dir': 'output/CatBoost/Allstate_Claims/catboost_info', 'cat_features': [0, 1, 2, 3, 4, 5, 6, 7, 8, 9, 10, 11, 12, 13, 14, 15, 16, 17, 18, 19, 20, 21, 22, 23, 24, 25, 26, 27, 28, 29, 30, 31, 32, 33, 34, 35, 36, 37, 38, 39, 40, 41, 42, 43, 44, 45, 46, 47, 48, 49, 50, 51, 52, 53, 54, 55, 56, 57, 58, 59, 60, 61, 62, 63, 64, 65, 66, 67, 68, 69, 70, 71, 72, 73, 74, 75, 76, 77, 78, 79, 80, 81, 82, 83, 84, 85, 86, 87, 88, 89, 90, 91, 92, 93, 94, 95, 96, 97, 98, 99, 100, 101, 102, 103, 104, 105, 106, 107, 108, 109, 110, 111, 112, 113, 114, 115]}

MSE - mean: 5296907.36782
MSE - std: 326276.09650
R2 - mean: 0.36257
R2 - std: 0.01198

Train time: 31.388593
Test time: 0.764324

---------------------------------------
2025-06-19 12:59:49.010649
Parameters: {'learning_rate': 0.3, 'max_depth': 10, 'l2_leaf_reg': 5.0, 'iterations': 100, 'od_type': 'Iter', 'od_wait': 20, 'verbose': 100, 'train_dir': 'output/CatBoost/Allstate_Claims/catboost_info', 'cat_features': [0, 1, 2, 3, 4, 5, 6, 7, 8, 9, 10, 11, 12, 13, 14, 15, 16, 17, 18, 19, 20, 21, 22, 23, 24, 25, 26, 27, 28, 29, 30, 31, 32, 33, 34, 35, 36, 37, 38, 39, 40, 41, 42, 43, 44, 45, 46, 47, 48, 49, 50, 51, 52, 53, 54, 55, 56, 57, 58, 59, 60, 61, 62, 63, 64, 65, 66, 67, 68, 69, 70, 71, 72, 73, 74, 75, 76, 77, 78, 79, 80, 81, 82, 83, 84, 85, 86, 87, 88, 89, 90, 91, 92, 93, 94, 95, 96, 97, 98, 99, 100, 101, 102, 103, 104, 105, 106, 107, 108, 109, 110, 111, 112, 113, 114, 115]}

MSE - mean: 3702043.43763
MSE - std: 311349.88403
R2 - mean: 0.55480
R2 - std: 0.01979

Train time: 67.711557
Test time: 0.795479

---------------------------------------
2025-06-19 13:00:59.332498
Parameters: {'learning_rate': 0.2, 'max_depth': 2, 'l2_leaf_reg': 0.5, 'iterations': 100, 'od_type': 'Iter', 'od_wait': 20, 'verbose': 100, 'train_dir': 'output/CatBoost/Allstate_Claims/catboost_info', 'cat_features': [0, 1, 2, 3, 4, 5, 6, 7, 8, 9, 10, 11, 12, 13, 14, 15, 16, 17, 18, 19, 20, 21, 22, 23, 24, 25, 26, 27, 28, 29, 30, 31, 32, 33, 34, 35, 36, 37, 38, 39, 40, 41, 42, 43, 44, 45, 46, 47, 48, 49, 50, 51, 52, 53, 54, 55, 56, 57, 58, 59, 60, 61, 62, 63, 64, 65, 66, 67, 68, 69, 70, 71, 72, 73, 74, 75, 76, 77, 78, 79, 80, 81, 82, 83, 84, 85, 86, 87, 88, 89, 90, 91, 92, 93, 94, 95, 96, 97, 98, 99, 100, 101, 102, 103, 104, 105, 106, 107, 108, 109, 110, 111, 112, 113, 114, 115]}

MSE - mean: 4004165.53904
MSE - std: 271198.04355
R2 - mean: 0.51818
R2 - std: 0.01457

Train time: 15.470087
Test time: 0.752914

---------------------------------------
2025-06-19 13:02:10.603956
Parameters: {'learning_rate': 0.1, 'max_depth': 2, 'l2_leaf_reg': 30.0, 'iterations': 100, 'od_type': 'Iter', 'od_wait': 20, 'verbose': 100, 'train_dir': 'output/CatBoost/Allstate_Claims/catboost_info', 'cat_features': [0, 1, 2, 3, 4, 5, 6, 7, 8, 9, 10, 11, 12, 13, 14, 15, 16, 17, 18, 19, 20, 21, 22, 23, 24, 25, 26, 27, 28, 29, 30, 31, 32, 33, 34, 35, 36, 37, 38, 39, 40, 41, 42, 43, 44, 45, 46, 47, 48, 49, 50, 51, 52, 53, 54, 55, 56, 57, 58, 59, 60, 61, 62, 63, 64, 65, 66, 67, 68, 69, 70, 71, 72, 73, 74, 75, 76, 77, 78, 79, 80, 81, 82, 83, 84, 85, 86, 87, 88, 89, 90, 91, 92, 93, 94, 95, 96, 97, 98, 99, 100, 101, 102, 103, 104, 105, 106, 107, 108, 109, 110, 111, 112, 113, 114, 115]}

MSE - mean: 4411146.20530
MSE - std: 234881.30692
R2 - mean: 0.46891
R2 - std: 0.01041

Train time: 15.674091
Test time: 0.771850

---------------------------------------
2025-06-19 13:03:48.149170
Parameters: {'learning_rate': 0.1, 'max_depth': 10, 'l2_leaf_reg': 10.0, 'iterations': 100, 'od_type': 'Iter', 'od_wait': 20, 'verbose': 100, 'train_dir': 'output/CatBoost/Allstate_Claims/catboost_info', 'cat_features': [0, 1, 2, 3, 4, 5, 6, 7, 8, 9, 10, 11, 12, 13, 14, 15, 16, 17, 18, 19, 20, 21, 22, 23, 24, 25, 26, 27, 28, 29, 30, 31, 32, 33, 34, 35, 36, 37, 38, 39, 40, 41, 42, 43, 44, 45, 46, 47, 48, 49, 50, 51, 52, 53, 54, 55, 56, 57, 58, 59, 60, 61, 62, 63, 64, 65, 66, 67, 68, 69, 70, 71, 72, 73, 74, 75, 76, 77, 78, 79, 80, 81, 82, 83, 84, 85, 86, 87, 88, 89, 90, 91, 92, 93, 94, 95, 96, 97, 98, 99, 100, 101, 102, 103, 104, 105, 106, 107, 108, 109, 110, 111, 112, 113, 114, 115]}

MSE - mean: 3858458.16813
MSE - std: 275343.09928
R2 - mean: 0.53578
R2 - std: 0.01537

Train time: 58.278464
Test time: 0.800457

---------------------------------------
2025-06-19 13:06:06.069921
Parameters: {'learning_rate': 0.01, 'max_depth': 12, 'l2_leaf_reg': 30.0, 'iterations': 100, 'od_type': 'Iter', 'od_wait': 20, 'verbose': 100, 'train_dir': 'output/CatBoost/Allstate_Claims/catboost_info', 'cat_features': [0, 1, 2, 3, 4, 5, 6, 7, 8, 9, 10, 11, 12, 13, 14, 15, 16, 17, 18, 19, 20, 21, 22, 23, 24, 25, 26, 27, 28, 29, 30, 31, 32, 33, 34, 35, 36, 37, 38, 39, 40, 41, 42, 43, 44, 45, 46, 47, 48, 49, 50, 51, 52, 53, 54, 55, 56, 57, 58, 59, 60, 61, 62, 63, 64, 65, 66, 67, 68, 69, 70, 71, 72, 73, 74, 75, 76, 77, 78, 79, 80, 81, 82, 83, 84, 85, 86, 87, 88, 89, 90, 91, 92, 93, 94, 95, 96, 97, 98, 99, 100, 101, 102, 103, 104, 105, 106, 107, 108, 109, 110, 111, 112, 113, 114, 115]}

MSE - mean: 5362290.10486
MSE - std: 337403.23618
R2 - mean: 0.35473
R2 - std: 0.01305

Train time: 113.815504
Test time: 0.794621

---------------------------------------
2025-06-19 13:07:15.578671
Parameters: {'learning_rate': 0.3, 'max_depth': 2, 'l2_leaf_reg': 1.0, 'iterations': 100, 'od_type': 'Iter', 'od_wait': 20, 'verbose': 100, 'train_dir': 'output/CatBoost/Allstate_Claims/catboost_info', 'cat_features': [0, 1, 2, 3, 4, 5, 6, 7, 8, 9, 10, 11, 12, 13, 14, 15, 16, 17, 18, 19, 20, 21, 22, 23, 24, 25, 26, 27, 28, 29, 30, 31, 32, 33, 34, 35, 36, 37, 38, 39, 40, 41, 42, 43, 44, 45, 46, 47, 48, 49, 50, 51, 52, 53, 54, 55, 56, 57, 58, 59, 60, 61, 62, 63, 64, 65, 66, 67, 68, 69, 70, 71, 72, 73, 74, 75, 76, 77, 78, 79, 80, 81, 82, 83, 84, 85, 86, 87, 88, 89, 90, 91, 92, 93, 94, 95, 96, 97, 98, 99, 100, 101, 102, 103, 104, 105, 106, 107, 108, 109, 110, 111, 112, 113, 114, 115]}

MSE - mean: 3941245.67331
MSE - std: 282165.91954
R2 - mean: 0.52581
R2 - std: 0.01599

Train time: 15.606973
Test time: 0.752876

---------------------------------------
2025-06-19 13:08:36.368491
Parameters: {'learning_rate': 0.001, 'max_depth': 6, 'l2_leaf_reg': 1.0, 'iterations': 100, 'od_type': 'Iter', 'od_wait': 20, 'verbose': 100, 'train_dir': 'output/CatBoost/Allstate_Claims/catboost_info', 'cat_features': [0, 1, 2, 3, 4, 5, 6, 7, 8, 9, 10, 11, 12, 13, 14, 15, 16, 17, 18, 19, 20, 21, 22, 23, 24, 25, 26, 27, 28, 29, 30, 31, 32, 33, 34, 35, 36, 37, 38, 39, 40, 41, 42, 43, 44, 45, 46, 47, 48, 49, 50, 51, 52, 53, 54, 55, 56, 57, 58, 59, 60, 61, 62, 63, 64, 65, 66, 67, 68, 69, 70, 71, 72, 73, 74, 75, 76, 77, 78, 79, 80, 81, 82, 83, 84, 85, 86, 87, 88, 89, 90, 91, 92, 93, 94, 95, 96, 97, 98, 99, 100, 101, 102, 103, 104, 105, 106, 107, 108, 109, 110, 111, 112, 113, 114, 115]}

MSE - mean: 7716560.99264
MSE - std: 349128.62799
R2 - mean: 0.07077
R2 - std: 0.00236

Train time: 31.906567
Test time: 0.783158

---------------------------------------
2025-06-19 13:10:43.125512
Parameters: {'learning_rate': 0.001, 'max_depth': 12, 'l2_leaf_reg': 30.0, 'iterations': 100, 'od_type': 'Iter', 'od_wait': 20, 'verbose': 100, 'train_dir': 'output/CatBoost/Allstate_Claims/catboost_info', 'cat_features': [0, 1, 2, 3, 4, 5, 6, 7, 8, 9, 10, 11, 12, 13, 14, 15, 16, 17, 18, 19, 20, 21, 22, 23, 24, 25, 26, 27, 28, 29, 30, 31, 32, 33, 34, 35, 36, 37, 38, 39, 40, 41, 42, 43, 44, 45, 46, 47, 48, 49, 50, 51, 52, 53, 54, 55, 56, 57, 58, 59, 60, 61, 62, 63, 64, 65, 66, 67, 68, 69, 70, 71, 72, 73, 74, 75, 76, 77, 78, 79, 80, 81, 82, 83, 84, 85, 86, 87, 88, 89, 90, 91, 92, 93, 94, 95, 96, 97, 98, 99, 100, 101, 102, 103, 104, 105, 106, 107, 108, 109, 110, 111, 112, 113, 114, 115]}

MSE - mean: 7767039.36465
MSE - std: 355673.33608
R2 - mean: 0.06471
R2 - std: 0.00264

Train time: 99.455937
Test time: 0.788898

---------------------------------------
2025-06-19 13:12:02.696007
Parameters: {'learning_rate': 0.1, 'max_depth': 6, 'l2_leaf_reg': 0.5, 'iterations': 100, 'od_type': 'Iter', 'od_wait': 20, 'verbose': 100, 'train_dir': 'output/CatBoost/Allstate_Claims/catboost_info', 'cat_features': [0, 1, 2, 3, 4, 5, 6, 7, 8, 9, 10, 11, 12, 13, 14, 15, 16, 17, 18, 19, 20, 21, 22, 23, 24, 25, 26, 27, 28, 29, 30, 31, 32, 33, 34, 35, 36, 37, 38, 39, 40, 41, 42, 43, 44, 45, 46, 47, 48, 49, 50, 51, 52, 53, 54, 55, 56, 57, 58, 59, 60, 61, 62, 63, 64, 65, 66, 67, 68, 69, 70, 71, 72, 73, 74, 75, 76, 77, 78, 79, 80, 81, 82, 83, 84, 85, 86, 87, 88, 89, 90, 91, 92, 93, 94, 95, 96, 97, 98, 99, 100, 101, 102, 103, 104, 105, 106, 107, 108, 109, 110, 111, 112, 113, 114, 115]}

MSE - mean: 3727475.94863
MSE - std: 278600.07438
R2 - mean: 0.55158
R2 - std: 0.01622

Train time: 31.781709
Test time: 0.764548

---------------------------------------
2025-06-19 13:13:12.751260
Parameters: {'learning_rate': 0.3, 'max_depth': 2, 'l2_leaf_reg': 30.0, 'iterations': 100, 'od_type': 'Iter', 'od_wait': 20, 'verbose': 100, 'train_dir': 'output/CatBoost/Allstate_Claims/catboost_info', 'cat_features': [0, 1, 2, 3, 4, 5, 6, 7, 8, 9, 10, 11, 12, 13, 14, 15, 16, 17, 18, 19, 20, 21, 22, 23, 24, 25, 26, 27, 28, 29, 30, 31, 32, 33, 34, 35, 36, 37, 38, 39, 40, 41, 42, 43, 44, 45, 46, 47, 48, 49, 50, 51, 52, 53, 54, 55, 56, 57, 58, 59, 60, 61, 62, 63, 64, 65, 66, 67, 68, 69, 70, 71, 72, 73, 74, 75, 76, 77, 78, 79, 80, 81, 82, 83, 84, 85, 86, 87, 88, 89, 90, 91, 92, 93, 94, 95, 96, 97, 98, 99, 100, 101, 102, 103, 104, 105, 106, 107, 108, 109, 110, 111, 112, 113, 114, 115]}

MSE - mean: 4060887.52607
MSE - std: 235700.14412
R2 - mean: 0.51121
R2 - std: 0.00933

Train time: 15.487846
Test time: 0.755140

---------------------------------------
2025-06-19 13:15:45.267913
Parameters: {'learning_rate': 0.01, 'max_depth': 12, 'l2_leaf_reg': 10.0, 'iterations': 100, 'od_type': 'Iter', 'od_wait': 20, 'verbose': 100, 'train_dir': 'output/CatBoost/Allstate_Claims/catboost_info', 'cat_features': [0, 1, 2, 3, 4, 5, 6, 7, 8, 9, 10, 11, 12, 13, 14, 15, 16, 17, 18, 19, 20, 21, 22, 23, 24, 25, 26, 27, 28, 29, 30, 31, 32, 33, 34, 35, 36, 37, 38, 39, 40, 41, 42, 43, 44, 45, 46, 47, 48, 49, 50, 51, 52, 53, 54, 55, 56, 57, 58, 59, 60, 61, 62, 63, 64, 65, 66, 67, 68, 69, 70, 71, 72, 73, 74, 75, 76, 77, 78, 79, 80, 81, 82, 83, 84, 85, 86, 87, 88, 89, 90, 91, 92, 93, 94, 95, 96, 97, 98, 99, 100, 101, 102, 103, 104, 105, 106, 107, 108, 109, 110, 111, 112, 113, 114, 115]}

MSE - mean: 5248924.43056
MSE - std: 337089.85026
R2 - mean: 0.36841
R2 - std: 0.01349

Train time: 134.695821
Test time: 0.792022

---------------------------------------
2025-06-19 13:16:54.928342
Parameters: {'learning_rate': 0.01, 'max_depth': 2, 'l2_leaf_reg': 10.0, 'iterations': 100, 'od_type': 'Iter', 'od_wait': 20, 'verbose': 100, 'train_dir': 'output/CatBoost/Allstate_Claims/catboost_info', 'cat_features': [0, 1, 2, 3, 4, 5, 6, 7, 8, 9, 10, 11, 12, 13, 14, 15, 16, 17, 18, 19, 20, 21, 22, 23, 24, 25, 26, 27, 28, 29, 30, 31, 32, 33, 34, 35, 36, 37, 38, 39, 40, 41, 42, 43, 44, 45, 46, 47, 48, 49, 50, 51, 52, 53, 54, 55, 56, 57, 58, 59, 60, 61, 62, 63, 64, 65, 66, 67, 68, 69, 70, 71, 72, 73, 74, 75, 76, 77, 78, 79, 80, 81, 82, 83, 84, 85, 86, 87, 88, 89, 90, 91, 92, 93, 94, 95, 96, 97, 98, 99, 100, 101, 102, 103, 104, 105, 106, 107, 108, 109, 110, 111, 112, 113, 114, 115]}

MSE - mean: 6017855.76974
MSE - std: 339956.24235
R2 - mean: 0.27567
R2 - std: 0.00975

Train time: 15.518964
Test time: 0.754799

---------------------------------------
2025-06-19 13:19:33.897331
Parameters: {'learning_rate': 0.01, 'max_depth': 12, 'l2_leaf_reg': 5.0, 'iterations': 100, 'od_type': 'Iter', 'od_wait': 20, 'verbose': 100, 'train_dir': 'output/CatBoost/Allstate_Claims/catboost_info', 'cat_features': [0, 1, 2, 3, 4, 5, 6, 7, 8, 9, 10, 11, 12, 13, 14, 15, 16, 17, 18, 19, 20, 21, 22, 23, 24, 25, 26, 27, 28, 29, 30, 31, 32, 33, 34, 35, 36, 37, 38, 39, 40, 41, 42, 43, 44, 45, 46, 47, 48, 49, 50, 51, 52, 53, 54, 55, 56, 57, 58, 59, 60, 61, 62, 63, 64, 65, 66, 67, 68, 69, 70, 71, 72, 73, 74, 75, 76, 77, 78, 79, 80, 81, 82, 83, 84, 85, 86, 87, 88, 89, 90, 91, 92, 93, 94, 95, 96, 97, 98, 99, 100, 101, 102, 103, 104, 105, 106, 107, 108, 109, 110, 111, 112, 113, 114, 115]}

MSE - mean: 5220953.76800
MSE - std: 339959.16042
R2 - mean: 0.37180
R2 - std: 0.01397

Train time: 142.560166
Test time: 0.812643

---------------------------------------
2025-06-19 13:20:44.559747
Parameters: {'learning_rate': 0.01, 'max_depth': 2, 'l2_leaf_reg': 5.0, 'iterations': 100, 'od_type': 'Iter', 'od_wait': 20, 'verbose': 100, 'train_dir': 'output/CatBoost/Allstate_Claims/catboost_info', 'cat_features': [0, 1, 2, 3, 4, 5, 6, 7, 8, 9, 10, 11, 12, 13, 14, 15, 16, 17, 18, 19, 20, 21, 22, 23, 24, 25, 26, 27, 28, 29, 30, 31, 32, 33, 34, 35, 36, 37, 38, 39, 40, 41, 42, 43, 44, 45, 46, 47, 48, 49, 50, 51, 52, 53, 54, 55, 56, 57, 58, 59, 60, 61, 62, 63, 64, 65, 66, 67, 68, 69, 70, 71, 72, 73, 74, 75, 76, 77, 78, 79, 80, 81, 82, 83, 84, 85, 86, 87, 88, 89, 90, 91, 92, 93, 94, 95, 96, 97, 98, 99, 100, 101, 102, 103, 104, 105, 106, 107, 108, 109, 110, 111, 112, 113, 114, 115]}

MSE - mean: 6014533.60736
MSE - std: 339703.60484
R2 - mean: 0.27607
R2 - std: 0.00972

Train time: 15.614448
Test time: 0.739363

---------------------------------------
2025-06-19 13:22:50.784888
Parameters: {'learning_rate': 0.01, 'max_depth': 10, 'l2_leaf_reg': 1.0, 'iterations': 100, 'od_type': 'Iter', 'od_wait': 20, 'verbose': 100, 'train_dir': 'output/CatBoost/Allstate_Claims/catboost_info', 'cat_features': [0, 1, 2, 3, 4, 5, 6, 7, 8, 9, 10, 11, 12, 13, 14, 15, 16, 17, 18, 19, 20, 21, 22, 23, 24, 25, 26, 27, 28, 29, 30, 31, 32, 33, 34, 35, 36, 37, 38, 39, 40, 41, 42, 43, 44, 45, 46, 47, 48, 49, 50, 51, 52, 53, 54, 55, 56, 57, 58, 59, 60, 61, 62, 63, 64, 65, 66, 67, 68, 69, 70, 71, 72, 73, 74, 75, 76, 77, 78, 79, 80, 81, 82, 83, 84, 85, 86, 87, 88, 89, 90, 91, 92, 93, 94, 95, 96, 97, 98, 99, 100, 101, 102, 103, 104, 105, 106, 107, 108, 109, 110, 111, 112, 113, 114, 115]}

MSE - mean: 5045306.88539
MSE - std: 507385.90724
R2 - mean: 0.39815
R2 - std: 0.01916

Train time: 71.526713
Test time: 0.750870

---------------------------------------
2025-06-19 13:24:34.376017
Parameters: {'learning_rate': 0.01, 'max_depth': 10, 'l2_leaf_reg': 30.0, 'iterations': 100, 'od_type': 'Iter', 'od_wait': 20, 'verbose': 100, 'train_dir': 'output/CatBoost/Allstate_Claims/catboost_info', 'cat_features': [0, 1, 2, 3, 4, 5, 6, 7, 8, 9, 10, 11, 12, 13, 14, 15, 16, 17, 18, 19, 20, 21, 22, 23, 24, 25, 26, 27, 28, 29, 30, 31, 32, 33, 34, 35, 36, 37, 38, 39, 40, 41, 42, 43, 44, 45, 46, 47, 48, 49, 50, 51, 52, 53, 54, 55, 56, 57, 58, 59, 60, 61, 62, 63, 64, 65, 66, 67, 68, 69, 70, 71, 72, 73, 74, 75, 76, 77, 78, 79, 80, 81, 82, 83, 84, 85, 86, 87, 88, 89, 90, 91, 92, 93, 94, 95, 96, 97, 98, 99, 100, 101, 102, 103, 104, 105, 106, 107, 108, 109, 110, 111, 112, 113, 114, 115]}

MSE - mean: 5370832.36368
MSE - std: 533704.92327
R2 - mean: 0.35930
R2 - std: 0.01891

Train time: 67.712328
Test time: 0.760329

---------------------------------------
2025-06-19 13:26:18.370981
Parameters: {'learning_rate': 0.001, 'max_depth': 10, 'l2_leaf_reg': 0.5, 'iterations': 100, 'od_type': 'Iter', 'od_wait': 20, 'verbose': 100, 'train_dir': 'output/CatBoost/Allstate_Claims/catboost_info', 'cat_features': [0, 1, 2, 3, 4, 5, 6, 7, 8, 9, 10, 11, 12, 13, 14, 15, 16, 17, 18, 19, 20, 21, 22, 23, 24, 25, 26, 27, 28, 29, 30, 31, 32, 33, 34, 35, 36, 37, 38, 39, 40, 41, 42, 43, 44, 45, 46, 47, 48, 49, 50, 51, 52, 53, 54, 55, 56, 57, 58, 59, 60, 61, 62, 63, 64, 65, 66, 67, 68, 69, 70, 71, 72, 73, 74, 75, 76, 77, 78, 79, 80, 81, 82, 83, 84, 85, 86, 87, 88, 89, 90, 91, 92, 93, 94, 95, 96, 97, 98, 99, 100, 101, 102, 103, 104, 105, 106, 107, 108, 109, 110, 111, 112, 113, 114, 115]}

MSE - mean: 7718328.18289
MSE - std: 576525.69991
R2 - mean: 0.07782
R2 - std: 0.00413

Train time: 70.988386
Test time: 0.725416

---------------------------------------
2025-06-19 13:28:51.091740
Parameters: {'learning_rate': 0.2, 'max_depth': 12, 'l2_leaf_reg': 5.0, 'iterations': 100, 'od_type': 'Iter', 'od_wait': 20, 'verbose': 100, 'train_dir': 'output/CatBoost/Allstate_Claims/catboost_info', 'cat_features': [0, 1, 2, 3, 4, 5, 6, 7, 8, 9, 10, 11, 12, 13, 14, 15, 16, 17, 18, 19, 20, 21, 22, 23, 24, 25, 26, 27, 28, 29, 30, 31, 32, 33, 34, 35, 36, 37, 38, 39, 40, 41, 42, 43, 44, 45, 46, 47, 48, 49, 50, 51, 52, 53, 54, 55, 56, 57, 58, 59, 60, 61, 62, 63, 64, 65, 66, 67, 68, 69, 70, 71, 72, 73, 74, 75, 76, 77, 78, 79, 80, 81, 82, 83, 84, 85, 86, 87, 88, 89, 90, 91, 92, 93, 94, 95, 96, 97, 98, 99, 100, 101, 102, 103, 104, 105, 106, 107, 108, 109, 110, 111, 112, 113, 114, 115]}

MSE - mean: 3771837.10432
MSE - std: 467547.19264
R2 - mean: 0.55064
R2 - std: 0.02558

Train time: 135.409426
Test time: 0.791932

---------------------------------------
2025-06-19 13:31:18.210851
Parameters: {'learning_rate': 0.2, 'max_depth': 12, 'l2_leaf_reg': 10.0, 'iterations': 100, 'od_type': 'Iter', 'od_wait': 20, 'verbose': 100, 'train_dir': 'output/CatBoost/Allstate_Claims/catboost_info', 'cat_features': [0, 1, 2, 3, 4, 5, 6, 7, 8, 9, 10, 11, 12, 13, 14, 15, 16, 17, 18, 19, 20, 21, 22, 23, 24, 25, 26, 27, 28, 29, 30, 31, 32, 33, 34, 35, 36, 37, 38, 39, 40, 41, 42, 43, 44, 45, 46, 47, 48, 49, 50, 51, 52, 53, 54, 55, 56, 57, 58, 59, 60, 61, 62, 63, 64, 65, 66, 67, 68, 69, 70, 71, 72, 73, 74, 75, 76, 77, 78, 79, 80, 81, 82, 83, 84, 85, 86, 87, 88, 89, 90, 91, 92, 93, 94, 95, 96, 97, 98, 99, 100, 101, 102, 103, 104, 105, 106, 107, 108, 109, 110, 111, 112, 113, 114, 115]}

MSE - mean: 3777726.17678
MSE - std: 436401.33472
R2 - mean: 0.54967
R2 - std: 0.02282

Train time: 126.339516
Test time: 0.779165

---------------------------------------
2025-06-19 13:32:38.518709
Parameters: {'learning_rate': 0.2, 'max_depth': 6, 'l2_leaf_reg': 30.0, 'iterations': 100, 'od_type': 'Iter', 'od_wait': 20, 'verbose': 100, 'train_dir': 'output/CatBoost/Allstate_Claims/catboost_info', 'cat_features': [0, 1, 2, 3, 4, 5, 6, 7, 8, 9, 10, 11, 12, 13, 14, 15, 16, 17, 18, 19, 20, 21, 22, 23, 24, 25, 26, 27, 28, 29, 30, 31, 32, 33, 34, 35, 36, 37, 38, 39, 40, 41, 42, 43, 44, 45, 46, 47, 48, 49, 50, 51, 52, 53, 54, 55, 56, 57, 58, 59, 60, 61, 62, 63, 64, 65, 66, 67, 68, 69, 70, 71, 72, 73, 74, 75, 76, 77, 78, 79, 80, 81, 82, 83, 84, 85, 86, 87, 88, 89, 90, 91, 92, 93, 94, 95, 96, 97, 98, 99, 100, 101, 102, 103, 104, 105, 106, 107, 108, 109, 110, 111, 112, 113, 114, 115]}

MSE - mean: 3850607.03646
MSE - std: 399035.41977
R2 - mean: 0.54059
R2 - std: 0.01947

Train time: 30.385905
Test time: 0.754918

---------------------------------------
2025-06-19 13:33:47.228424
Parameters: {'learning_rate': 0.3, 'max_depth': 2, 'l2_leaf_reg': 0.5, 'iterations': 100, 'od_type': 'Iter', 'od_wait': 20, 'verbose': 100, 'train_dir': 'output/CatBoost/Allstate_Claims/catboost_info', 'cat_features': [0, 1, 2, 3, 4, 5, 6, 7, 8, 9, 10, 11, 12, 13, 14, 15, 16, 17, 18, 19, 20, 21, 22, 23, 24, 25, 26, 27, 28, 29, 30, 31, 32, 33, 34, 35, 36, 37, 38, 39, 40, 41, 42, 43, 44, 45, 46, 47, 48, 49, 50, 51, 52, 53, 54, 55, 56, 57, 58, 59, 60, 61, 62, 63, 64, 65, 66, 67, 68, 69, 70, 71, 72, 73, 74, 75, 76, 77, 78, 79, 80, 81, 82, 83, 84, 85, 86, 87, 88, 89, 90, 91, 92, 93, 94, 95, 96, 97, 98, 99, 100, 101, 102, 103, 104, 105, 106, 107, 108, 109, 110, 111, 112, 113, 114, 115]}

MSE - mean: 3945737.59661
MSE - std: 414315.07563
R2 - mean: 0.52935
R2 - std: 0.01912

Train time: 15.177344
Test time: 0.735699

---------------------------------------
2025-06-19 13:35:03.530075
Parameters: {'learning_rate': 0.2, 'max_depth': 6, 'l2_leaf_reg': 10.0, 'iterations': 100, 'od_type': 'Iter', 'od_wait': 20, 'verbose': 100, 'train_dir': 'output/CatBoost/Allstate_Claims/catboost_info', 'cat_features': [0, 1, 2, 3, 4, 5, 6, 7, 8, 9, 10, 11, 12, 13, 14, 15, 16, 17, 18, 19, 20, 21, 22, 23, 24, 25, 26, 27, 28, 29, 30, 31, 32, 33, 34, 35, 36, 37, 38, 39, 40, 41, 42, 43, 44, 45, 46, 47, 48, 49, 50, 51, 52, 53, 54, 55, 56, 57, 58, 59, 60, 61, 62, 63, 64, 65, 66, 67, 68, 69, 70, 71, 72, 73, 74, 75, 76, 77, 78, 79, 80, 81, 82, 83, 84, 85, 86, 87, 88, 89, 90, 91, 92, 93, 94, 95, 96, 97, 98, 99, 100, 101, 102, 103, 104, 105, 106, 107, 108, 109, 110, 111, 112, 113, 114, 115]}

MSE - mean: 3731190.85356
MSE - std: 377164.79880
R2 - mean: 0.55480
R2 - std: 0.01724

Train time: 30.449172
Test time: 0.722401

---------------------------------------
2025-06-19 13:36:45.384990
Parameters: {'learning_rate': 0.2, 'max_depth': 10, 'l2_leaf_reg': 5.0, 'iterations': 100, 'od_type': 'Iter', 'od_wait': 20, 'verbose': 100, 'train_dir': 'output/CatBoost/Allstate_Claims/catboost_info', 'cat_features': [0, 1, 2, 3, 4, 5, 6, 7, 8, 9, 10, 11, 12, 13, 14, 15, 16, 17, 18, 19, 20, 21, 22, 23, 24, 25, 26, 27, 28, 29, 30, 31, 32, 33, 34, 35, 36, 37, 38, 39, 40, 41, 42, 43, 44, 45, 46, 47, 48, 49, 50, 51, 52, 53, 54, 55, 56, 57, 58, 59, 60, 61, 62, 63, 64, 65, 66, 67, 68, 69, 70, 71, 72, 73, 74, 75, 76, 77, 78, 79, 80, 81, 82, 83, 84, 85, 86, 87, 88, 89, 90, 91, 92, 93, 94, 95, 96, 97, 98, 99, 100, 101, 102, 103, 104, 105, 106, 107, 108, 109, 110, 111, 112, 113, 114, 115]}

MSE - mean: 3717206.63234
MSE - std: 454389.25657
R2 - mean: 0.55704
R2 - std: 0.02548

Train time: 67.943463
Test time: 0.762682

---------------------------------------
2025-06-19 13:39:03.679853
Parameters: {'learning_rate': 0.2, 'max_depth': 12, 'l2_leaf_reg': 30.0, 'iterations': 100, 'od_type': 'Iter', 'od_wait': 20, 'verbose': 100, 'train_dir': 'output/CatBoost/Allstate_Claims/catboost_info', 'cat_features': [0, 1, 2, 3, 4, 5, 6, 7, 8, 9, 10, 11, 12, 13, 14, 15, 16, 17, 18, 19, 20, 21, 22, 23, 24, 25, 26, 27, 28, 29, 30, 31, 32, 33, 34, 35, 36, 37, 38, 39, 40, 41, 42, 43, 44, 45, 46, 47, 48, 49, 50, 51, 52, 53, 54, 55, 56, 57, 58, 59, 60, 61, 62, 63, 64, 65, 66, 67, 68, 69, 70, 71, 72, 73, 74, 75, 76, 77, 78, 79, 80, 81, 82, 83, 84, 85, 86, 87, 88, 89, 90, 91, 92, 93, 94, 95, 96, 97, 98, 99, 100, 101, 102, 103, 104, 105, 106, 107, 108, 109, 110, 111, 112, 113, 114, 115]}

MSE - mean: 3826137.22965
MSE - std: 369395.39410
R2 - mean: 0.54342
R2 - std: 0.01447

Train time: 115.595370
Test time: 0.769157

---------------------------------------
2025-06-19 13:40:20.596015
Parameters: {'learning_rate': 0.2, 'max_depth': 6, 'l2_leaf_reg': 5.0, 'iterations': 100, 'od_type': 'Iter', 'od_wait': 20, 'verbose': 100, 'train_dir': 'output/CatBoost/Allstate_Claims/catboost_info', 'cat_features': [0, 1, 2, 3, 4, 5, 6, 7, 8, 9, 10, 11, 12, 13, 14, 15, 16, 17, 18, 19, 20, 21, 22, 23, 24, 25, 26, 27, 28, 29, 30, 31, 32, 33, 34, 35, 36, 37, 38, 39, 40, 41, 42, 43, 44, 45, 46, 47, 48, 49, 50, 51, 52, 53, 54, 55, 56, 57, 58, 59, 60, 61, 62, 63, 64, 65, 66, 67, 68, 69, 70, 71, 72, 73, 74, 75, 76, 77, 78, 79, 80, 81, 82, 83, 84, 85, 86, 87, 88, 89, 90, 91, 92, 93, 94, 95, 96, 97, 98, 99, 100, 101, 102, 103, 104, 105, 106, 107, 108, 109, 110, 111, 112, 113, 114, 115]}

MSE - mean: 3696967.75683
MSE - std: 383691.99842
R2 - mean: 0.55894
R2 - std: 0.01862

Train time: 31.229426
Test time: 0.740484

---------------------------------------
2025-06-19 13:41:27.592311
Parameters: {'learning_rate': 0.2, 'max_depth': 2, 'l2_leaf_reg': 30.0, 'iterations': 100, 'od_type': 'Iter', 'od_wait': 20, 'verbose': 100, 'train_dir': 'output/CatBoost/Allstate_Claims/catboost_info', 'cat_features': [0, 1, 2, 3, 4, 5, 6, 7, 8, 9, 10, 11, 12, 13, 14, 15, 16, 17, 18, 19, 20, 21, 22, 23, 24, 25, 26, 27, 28, 29, 30, 31, 32, 33, 34, 35, 36, 37, 38, 39, 40, 41, 42, 43, 44, 45, 46, 47, 48, 49, 50, 51, 52, 53, 54, 55, 56, 57, 58, 59, 60, 61, 62, 63, 64, 65, 66, 67, 68, 69, 70, 71, 72, 73, 74, 75, 76, 77, 78, 79, 80, 81, 82, 83, 84, 85, 86, 87, 88, 89, 90, 91, 92, 93, 94, 95, 96, 97, 98, 99, 100, 101, 102, 103, 104, 105, 106, 107, 108, 109, 110, 111, 112, 113, 114, 115]}

MSE - mean: 4115872.02761
MSE - std: 414185.56739
R2 - mean: 0.50897
R2 - std: 0.01663

Train time: 15.158557
Test time: 0.723173

---------------------------------------
2025-06-19 13:43:06.290935
Parameters: {'learning_rate': 0.3, 'max_depth': 10, 'l2_leaf_reg': 10.0, 'iterations': 100, 'od_type': 'Iter', 'od_wait': 20, 'verbose': 100, 'train_dir': 'output/CatBoost/Allstate_Claims/catboost_info', 'cat_features': [0, 1, 2, 3, 4, 5, 6, 7, 8, 9, 10, 11, 12, 13, 14, 15, 16, 17, 18, 19, 20, 21, 22, 23, 24, 25, 26, 27, 28, 29, 30, 31, 32, 33, 34, 35, 36, 37, 38, 39, 40, 41, 42, 43, 44, 45, 46, 47, 48, 49, 50, 51, 52, 53, 54, 55, 56, 57, 58, 59, 60, 61, 62, 63, 64, 65, 66, 67, 68, 69, 70, 71, 72, 73, 74, 75, 76, 77, 78, 79, 80, 81, 82, 83, 84, 85, 86, 87, 88, 89, 90, 91, 92, 93, 94, 95, 96, 97, 98, 99, 100, 101, 102, 103, 104, 105, 106, 107, 108, 109, 110, 111, 112, 113, 114, 115]}

MSE - mean: 3727382.17022
MSE - std: 414195.44483
R2 - mean: 0.55552
R2 - std: 0.02132

Train time: 64.819070
Test time: 0.774576

---------------------------------------
2025-06-19 13:44:22.221703
Parameters: {'learning_rate': 0.2, 'max_depth': 6, 'l2_leaf_reg': 0.5, 'iterations': 100, 'od_type': 'Iter', 'od_wait': 20, 'verbose': 100, 'train_dir': 'output/CatBoost/Allstate_Claims/catboost_info', 'cat_features': [0, 1, 2, 3, 4, 5, 6, 7, 8, 9, 10, 11, 12, 13, 14, 15, 16, 17, 18, 19, 20, 21, 22, 23, 24, 25, 26, 27, 28, 29, 30, 31, 32, 33, 34, 35, 36, 37, 38, 39, 40, 41, 42, 43, 44, 45, 46, 47, 48, 49, 50, 51, 52, 53, 54, 55, 56, 57, 58, 59, 60, 61, 62, 63, 64, 65, 66, 67, 68, 69, 70, 71, 72, 73, 74, 75, 76, 77, 78, 79, 80, 81, 82, 83, 84, 85, 86, 87, 88, 89, 90, 91, 92, 93, 94, 95, 96, 97, 98, 99, 100, 101, 102, 103, 104, 105, 106, 107, 108, 109, 110, 111, 112, 113, 114, 115]}

MSE - mean: 3665866.58508
MSE - std: 364947.08787
R2 - mean: 0.56249
R2 - std: 0.01815

Train time: 31.151450
Test time: 0.734234

---------------------------------------
2025-06-19 13:46:56.996720
Parameters: {'learning_rate': 0.01, 'max_depth': 12, 'l2_leaf_reg': 0.5, 'iterations': 100, 'od_type': 'Iter', 'od_wait': 20, 'verbose': 100, 'train_dir': 'output/CatBoost/Allstate_Claims/catboost_info', 'cat_features': [0, 1, 2, 3, 4, 5, 6, 7, 8, 9, 10, 11, 12, 13, 14, 15, 16, 17, 18, 19, 20, 21, 22, 23, 24, 25, 26, 27, 28, 29, 30, 31, 32, 33, 34, 35, 36, 37, 38, 39, 40, 41, 42, 43, 44, 45, 46, 47, 48, 49, 50, 51, 52, 53, 54, 55, 56, 57, 58, 59, 60, 61, 62, 63, 64, 65, 66, 67, 68, 69, 70, 71, 72, 73, 74, 75, 76, 77, 78, 79, 80, 81, 82, 83, 84, 85, 86, 87, 88, 89, 90, 91, 92, 93, 94, 95, 96, 97, 98, 99, 100, 101, 102, 103, 104, 105, 106, 107, 108, 109, 110, 111, 112, 113, 114, 115]}

MSE - mean: 5041897.15876
MSE - std: 530228.17141
R2 - mean: 0.39873
R2 - std: 0.02166

Train time: 141.583422
Test time: 0.761413

---------------------------------------
2025-06-19 13:48:41.826916
Parameters: {'learning_rate': 0.1, 'max_depth': 10, 'l2_leaf_reg': 1.0, 'iterations': 100, 'od_type': 'Iter', 'od_wait': 20, 'verbose': 100, 'train_dir': 'output/CatBoost/Allstate_Claims/catboost_info', 'cat_features': [0, 1, 2, 3, 4, 5, 6, 7, 8, 9, 10, 11, 12, 13, 14, 15, 16, 17, 18, 19, 20, 21, 22, 23, 24, 25, 26, 27, 28, 29, 30, 31, 32, 33, 34, 35, 36, 37, 38, 39, 40, 41, 42, 43, 44, 45, 46, 47, 48, 49, 50, 51, 52, 53, 54, 55, 56, 57, 58, 59, 60, 61, 62, 63, 64, 65, 66, 67, 68, 69, 70, 71, 72, 73, 74, 75, 76, 77, 78, 79, 80, 81, 82, 83, 84, 85, 86, 87, 88, 89, 90, 91, 92, 93, 94, 95, 96, 97, 98, 99, 100, 101, 102, 103, 104, 105, 106, 107, 108, 109, 110, 111, 112, 113, 114, 115]}

MSE - mean: 3716712.98748
MSE - std: 440204.32060
R2 - mean: 0.55699
R2 - std: 0.02394

Train time: 71.341742
Test time: 0.757421

---------------------------------------
2025-06-19 13:50:25.338656
Parameters: {'learning_rate': 0.001, 'max_depth': 10, 'l2_leaf_reg': 1.0, 'iterations': 100, 'od_type': 'Iter', 'od_wait': 20, 'verbose': 100, 'train_dir': 'output/CatBoost/Allstate_Claims/catboost_info', 'cat_features': [0, 1, 2, 3, 4, 5, 6, 7, 8, 9, 10, 11, 12, 13, 14, 15, 16, 17, 18, 19, 20, 21, 22, 23, 24, 25, 26, 27, 28, 29, 30, 31, 32, 33, 34, 35, 36, 37, 38, 39, 40, 41, 42, 43, 44, 45, 46, 47, 48, 49, 50, 51, 52, 53, 54, 55, 56, 57, 58, 59, 60, 61, 62, 63, 64, 65, 66, 67, 68, 69, 70, 71, 72, 73, 74, 75, 76, 77, 78, 79, 80, 81, 82, 83, 84, 85, 86, 87, 88, 89, 90, 91, 92, 93, 94, 95, 96, 97, 98, 99, 100, 101, 102, 103, 104, 105, 106, 107, 108, 109, 110, 111, 112, 113, 114, 115]}

MSE - mean: 7727868.33171
MSE - std: 577889.46357
R2 - mean: 0.07668
R2 - std: 0.00425

Train time: 71.053400
Test time: 0.747376

---------------------------------------
2025-06-19 13:51:30.524180
Parameters: {'learning_rate': 0.01, 'max_depth': 2, 'l2_leaf_reg': 1.0, 'iterations': 100, 'od_type': 'Iter', 'od_wait': 20, 'verbose': 100, 'train_dir': 'output/CatBoost/Allstate_Claims/catboost_info', 'cat_features': [0, 1, 2, 3, 4, 5, 6, 7, 8, 9, 10, 11, 12, 13, 14, 15, 16, 17, 18, 19, 20, 21, 22, 23, 24, 25, 26, 27, 28, 29, 30, 31, 32, 33, 34, 35, 36, 37, 38, 39, 40, 41, 42, 43, 44, 45, 46, 47, 48, 49, 50, 51, 52, 53, 54, 55, 56, 57, 58, 59, 60, 61, 62, 63, 64, 65, 66, 67, 68, 69, 70, 71, 72, 73, 74, 75, 76, 77, 78, 79, 80, 81, 82, 83, 84, 85, 86, 87, 88, 89, 90, 91, 92, 93, 94, 95, 96, 97, 98, 99, 100, 101, 102, 103, 104, 105, 106, 107, 108, 109, 110, 111, 112, 113, 114, 115]}

MSE - mean: 6042864.44844
MSE - std: 556617.14415
R2 - mean: 0.27881
R2 - std: 0.01588

Train time: 15.012896
Test time: 0.701712

---------------------------------------
2025-06-19 13:52:46.477466
Parameters: {'learning_rate': 0.2, 'max_depth': 6, 'l2_leaf_reg': 1.0, 'iterations': 100, 'od_type': 'Iter', 'od_wait': 20, 'verbose': 100, 'train_dir': 'output/CatBoost/Allstate_Claims/catboost_info', 'cat_features': [0, 1, 2, 3, 4, 5, 6, 7, 8, 9, 10, 11, 12, 13, 14, 15, 16, 17, 18, 19, 20, 21, 22, 23, 24, 25, 26, 27, 28, 29, 30, 31, 32, 33, 34, 35, 36, 37, 38, 39, 40, 41, 42, 43, 44, 45, 46, 47, 48, 49, 50, 51, 52, 53, 54, 55, 56, 57, 58, 59, 60, 61, 62, 63, 64, 65, 66, 67, 68, 69, 70, 71, 72, 73, 74, 75, 76, 77, 78, 79, 80, 81, 82, 83, 84, 85, 86, 87, 88, 89, 90, 91, 92, 93, 94, 95, 96, 97, 98, 99, 100, 101, 102, 103, 104, 105, 106, 107, 108, 109, 110, 111, 112, 113, 114, 115]}

MSE - mean: 3673687.60285
MSE - std: 383259.36117
R2 - mean: 0.56173
R2 - std: 0.01872

Train time: 31.300074
Test time: 0.752595

---------------------------------------
2025-06-19 13:53:51.839040
Parameters: {'learning_rate': 0.1, 'max_depth': 2, 'l2_leaf_reg': 0.5, 'iterations': 100, 'od_type': 'Iter', 'od_wait': 20, 'verbose': 100, 'train_dir': 'output/CatBoost/Allstate_Claims/catboost_info', 'cat_features': [0, 1, 2, 3, 4, 5, 6, 7, 8, 9, 10, 11, 12, 13, 14, 15, 16, 17, 18, 19, 20, 21, 22, 23, 24, 25, 26, 27, 28, 29, 30, 31, 32, 33, 34, 35, 36, 37, 38, 39, 40, 41, 42, 43, 44, 45, 46, 47, 48, 49, 50, 51, 52, 53, 54, 55, 56, 57, 58, 59, 60, 61, 62, 63, 64, 65, 66, 67, 68, 69, 70, 71, 72, 73, 74, 75, 76, 77, 78, 79, 80, 81, 82, 83, 84, 85, 86, 87, 88, 89, 90, 91, 92, 93, 94, 95, 96, 97, 98, 99, 100, 101, 102, 103, 104, 105, 106, 107, 108, 109, 110, 111, 112, 113, 114, 115]}

MSE - mean: 4277118.29743
MSE - std: 476399.15224
R2 - mean: 0.49008
R2 - std: 0.02227

Train time: 15.086126
Test time: 0.714472

---------------------------------------
2025-06-19 13:56:22.735105
Parameters: {'learning_rate': 0.001, 'max_depth': 12, 'l2_leaf_reg': 5.0, 'iterations': 100, 'od_type': 'Iter', 'od_wait': 20, 'verbose': 100, 'train_dir': 'output/CatBoost/Allstate_Claims/catboost_info', 'cat_features': [0, 1, 2, 3, 4, 5, 6, 7, 8, 9, 10, 11, 12, 13, 14, 15, 16, 17, 18, 19, 20, 21, 22, 23, 24, 25, 26, 27, 28, 29, 30, 31, 32, 33, 34, 35, 36, 37, 38, 39, 40, 41, 42, 43, 44, 45, 46, 47, 48, 49, 50, 51, 52, 53, 54, 55, 56, 57, 58, 59, 60, 61, 62, 63, 64, 65, 66, 67, 68, 69, 70, 71, 72, 73, 74, 75, 76, 77, 78, 79, 80, 81, 82, 83, 84, 85, 86, 87, 88, 89, 90, 91, 92, 93, 94, 95, 96, 97, 98, 99, 100, 101, 102, 103, 104, 105, 106, 107, 108, 109, 110, 111, 112, 113, 114, 115]}

MSE - mean: 7769840.07841
MSE - std: 579104.82860
R2 - mean: 0.07165
R2 - std: 0.00389

Train time: 136.399416
Test time: 0.744907

---------------------------------------
2025-06-19 13:58:03.771504
Parameters: {'learning_rate': 0.001, 'max_depth': 10, 'l2_leaf_reg': 10.0, 'iterations': 100, 'od_type': 'Iter', 'od_wait': 20, 'verbose': 100, 'train_dir': 'output/CatBoost/Allstate_Claims/catboost_info', 'cat_features': [0, 1, 2, 3, 4, 5, 6, 7, 8, 9, 10, 11, 12, 13, 14, 15, 16, 17, 18, 19, 20, 21, 22, 23, 24, 25, 26, 27, 28, 29, 30, 31, 32, 33, 34, 35, 36, 37, 38, 39, 40, 41, 42, 43, 44, 45, 46, 47, 48, 49, 50, 51, 52, 53, 54, 55, 56, 57, 58, 59, 60, 61, 62, 63, 64, 65, 66, 67, 68, 69, 70, 71, 72, 73, 74, 75, 76, 77, 78, 79, 80, 81, 82, 83, 84, 85, 86, 87, 88, 89, 90, 91, 92, 93, 94, 95, 96, 97, 98, 99, 100, 101, 102, 103, 104, 105, 106, 107, 108, 109, 110, 111, 112, 113, 114, 115]}

MSE - mean: 7778460.09125
MSE - std: 577945.83209
R2 - mean: 0.07061
R2 - std: 0.00374

Train time: 69.137951
Test time: 0.713116

---------------------------------------
2025-06-19 14:00:42.685861
Parameters: {'learning_rate': 0.001, 'max_depth': 12, 'l2_leaf_reg': 0.5, 'iterations': 100, 'od_type': 'Iter', 'od_wait': 20, 'verbose': 100, 'train_dir': 'output/CatBoost/Allstate_Claims/catboost_info', 'cat_features': [0, 1, 2, 3, 4, 5, 6, 7, 8, 9, 10, 11, 12, 13, 14, 15, 16, 17, 18, 19, 20, 21, 22, 23, 24, 25, 26, 27, 28, 29, 30, 31, 32, 33, 34, 35, 36, 37, 38, 39, 40, 41, 42, 43, 44, 45, 46, 47, 48, 49, 50, 51, 52, 53, 54, 55, 56, 57, 58, 59, 60, 61, 62, 63, 64, 65, 66, 67, 68, 69, 70, 71, 72, 73, 74, 75, 76, 77, 78, 79, 80, 81, 82, 83, 84, 85, 86, 87, 88, 89, 90, 91, 92, 93, 94, 95, 96, 97, 98, 99, 100, 101, 102, 103, 104, 105, 106, 107, 108, 109, 110, 111, 112, 113, 114, 115]}

MSE - mean: 7730825.98976
MSE - std: 584225.34554
R2 - mean: 0.07638
R2 - std: 0.00492

Train time: 143.263841
Test time: 0.774275

---------------------------------------
2025-06-19 14:03:05.599601
Parameters: {'learning_rate': 0.1, 'max_depth': 12, 'l2_leaf_reg': 10.0, 'iterations': 100, 'od_type': 'Iter', 'od_wait': 20, 'verbose': 100, 'train_dir': 'output/CatBoost/Allstate_Claims/catboost_info', 'cat_features': [0, 1, 2, 3, 4, 5, 6, 7, 8, 9, 10, 11, 12, 13, 14, 15, 16, 17, 18, 19, 20, 21, 22, 23, 24, 25, 26, 27, 28, 29, 30, 31, 32, 33, 34, 35, 36, 37, 38, 39, 40, 41, 42, 43, 44, 45, 46, 47, 48, 49, 50, 51, 52, 53, 54, 55, 56, 57, 58, 59, 60, 61, 62, 63, 64, 65, 66, 67, 68, 69, 70, 71, 72, 73, 74, 75, 76, 77, 78, 79, 80, 81, 82, 83, 84, 85, 86, 87, 88, 89, 90, 91, 92, 93, 94, 95, 96, 97, 98, 99, 100, 101, 102, 103, 104, 105, 106, 107, 108, 109, 110, 111, 112, 113, 114, 115]}

MSE - mean: 3858328.96845
MSE - std: 448743.70136
R2 - mean: 0.54012
R2 - std: 0.02300

Train time: 121.381731
Test time: 0.783981

---------------------------------------
2025-06-19 14:04:27.523924
Parameters: {'learning_rate': 0.01, 'max_depth': 6, 'l2_leaf_reg': 5.0, 'iterations': 100, 'od_type': 'Iter', 'od_wait': 20, 'verbose': 100, 'train_dir': 'output/CatBoost/Allstate_Claims/catboost_info', 'cat_features': [0, 1, 2, 3, 4, 5, 6, 7, 8, 9, 10, 11, 12, 13, 14, 15, 16, 17, 18, 19, 20, 21, 22, 23, 24, 25, 26, 27, 28, 29, 30, 31, 32, 33, 34, 35, 36, 37, 38, 39, 40, 41, 42, 43, 44, 45, 46, 47, 48, 49, 50, 51, 52, 53, 54, 55, 56, 57, 58, 59, 60, 61, 62, 63, 64, 65, 66, 67, 68, 69, 70, 71, 72, 73, 74, 75, 76, 77, 78, 79, 80, 81, 82, 83, 84, 85, 86, 87, 88, 89, 90, 91, 92, 93, 94, 95, 96, 97, 98, 99, 100, 101, 102, 103, 104, 105, 106, 107, 108, 109, 110, 111, 112, 113, 114, 115]}

MSE - mean: 5277489.65200
MSE - std: 520725.47470
R2 - mean: 0.37039
R2 - std: 0.01867

Train time: 31.760035
Test time: 0.748827

---------------------------------------
2025-06-19 14:05:38.763930
Parameters: {'learning_rate': 0.1, 'max_depth': 2, 'l2_leaf_reg': 5.0, 'iterations': 100, 'od_type': 'Iter', 'od_wait': 20, 'verbose': 100, 'train_dir': 'output/CatBoost/Allstate_Claims/catboost_info', 'cat_features': [0, 1, 2, 3, 4, 5, 6, 7, 8, 9, 10, 11, 12, 13, 14, 15, 16, 17, 18, 19, 20, 21, 22, 23, 24, 25, 26, 27, 28, 29, 30, 31, 32, 33, 34, 35, 36, 37, 38, 39, 40, 41, 42, 43, 44, 45, 46, 47, 48, 49, 50, 51, 52, 53, 54, 55, 56, 57, 58, 59, 60, 61, 62, 63, 64, 65, 66, 67, 68, 69, 70, 71, 72, 73, 74, 75, 76, 77, 78, 79, 80, 81, 82, 83, 84, 85, 86, 87, 88, 89, 90, 91, 92, 93, 94, 95, 96, 97, 98, 99, 100, 101, 102, 103, 104, 105, 106, 107, 108, 109, 110, 111, 112, 113, 114, 115]}

MSE - mean: 4281106.74175
MSE - std: 467850.89306
R2 - mean: 0.48953
R2 - std: 0.02125

Train time: 15.525665
Test time: 0.719653

---------------------------------------
2025-06-19 14:07:25.895855
Parameters: {'learning_rate': 0.01, 'max_depth': 10, 'l2_leaf_reg': 0.5, 'iterations': 100, 'od_type': 'Iter', 'od_wait': 20, 'verbose': 100, 'train_dir': 'output/CatBoost/Allstate_Claims/catboost_info', 'cat_features': [0, 1, 2, 3, 4, 5, 6, 7, 8, 9, 10, 11, 12, 13, 14, 15, 16, 17, 18, 19, 20, 21, 22, 23, 24, 25, 26, 27, 28, 29, 30, 31, 32, 33, 34, 35, 36, 37, 38, 39, 40, 41, 42, 43, 44, 45, 46, 47, 48, 49, 50, 51, 52, 53, 54, 55, 56, 57, 58, 59, 60, 61, 62, 63, 64, 65, 66, 67, 68, 69, 70, 71, 72, 73, 74, 75, 76, 77, 78, 79, 80, 81, 82, 83, 84, 85, 86, 87, 88, 89, 90, 91, 92, 93, 94, 95, 96, 97, 98, 99, 100, 101, 102, 103, 104, 105, 106, 107, 108, 109, 110, 111, 112, 113, 114, 115]}

MSE - mean: 5027886.30365
MSE - std: 511987.67419
R2 - mean: 0.40029
R2 - std: 0.01953

Train time: 71.208392
Test time: 0.773677

---------------------------------------
2025-06-19 14:09:50.232022
Parameters: {'learning_rate': 0.3, 'max_depth': 12, 'l2_leaf_reg': 30.0, 'iterations': 100, 'od_type': 'Iter', 'od_wait': 20, 'verbose': 100, 'train_dir': 'output/CatBoost/Allstate_Claims/catboost_info', 'cat_features': [0, 1, 2, 3, 4, 5, 6, 7, 8, 9, 10, 11, 12, 13, 14, 15, 16, 17, 18, 19, 20, 21, 22, 23, 24, 25, 26, 27, 28, 29, 30, 31, 32, 33, 34, 35, 36, 37, 38, 39, 40, 41, 42, 43, 44, 45, 46, 47, 48, 49, 50, 51, 52, 53, 54, 55, 56, 57, 58, 59, 60, 61, 62, 63, 64, 65, 66, 67, 68, 69, 70, 71, 72, 73, 74, 75, 76, 77, 78, 79, 80, 81, 82, 83, 84, 85, 86, 87, 88, 89, 90, 91, 92, 93, 94, 95, 96, 97, 98, 99, 100, 101, 102, 103, 104, 105, 106, 107, 108, 109, 110, 111, 112, 113, 114, 115]}

MSE - mean: 3799035.25314
MSE - std: 392326.86750
R2 - mean: 0.54680
R2 - std: 0.01757

Train time: 123.170398
Test time: 0.784788

---------------------------------------
2025-06-19 14:11:30.334421
Parameters: {'learning_rate': 0.001, 'max_depth': 10, 'l2_leaf_reg': 30.0, 'iterations': 100, 'od_type': 'Iter', 'od_wait': 20, 'verbose': 100, 'train_dir': 'output/CatBoost/Allstate_Claims/catboost_info', 'cat_features': [0, 1, 2, 3, 4, 5, 6, 7, 8, 9, 10, 11, 12, 13, 14, 15, 16, 17, 18, 19, 20, 21, 22, 23, 24, 25, 26, 27, 28, 29, 30, 31, 32, 33, 34, 35, 36, 37, 38, 39, 40, 41, 42, 43, 44, 45, 46, 47, 48, 49, 50, 51, 52, 53, 54, 55, 56, 57, 58, 59, 60, 61, 62, 63, 64, 65, 66, 67, 68, 69, 70, 71, 72, 73, 74, 75, 76, 77, 78, 79, 80, 81, 82, 83, 84, 85, 86, 87, 88, 89, 90, 91, 92, 93, 94, 95, 96, 97, 98, 99, 100, 101, 102, 103, 104, 105, 106, 107, 108, 109, 110, 111, 112, 113, 114, 115]}

MSE - mean: 7822402.83325
MSE - std: 579119.48615
R2 - mean: 0.06534
R2 - std: 0.00348

Train time: 64.271032
Test time: 0.723704

---------------------------------------
2025-06-19 14:12:37.503078
Parameters: {'learning_rate': 0.3, 'max_depth': 2, 'l2_leaf_reg': 10.0, 'iterations': 100, 'od_type': 'Iter', 'od_wait': 20, 'verbose': 100, 'train_dir': 'output/CatBoost/Allstate_Claims/catboost_info', 'cat_features': [0, 1, 2, 3, 4, 5, 6, 7, 8, 9, 10, 11, 12, 13, 14, 15, 16, 17, 18, 19, 20, 21, 22, 23, 24, 25, 26, 27, 28, 29, 30, 31, 32, 33, 34, 35, 36, 37, 38, 39, 40, 41, 42, 43, 44, 45, 46, 47, 48, 49, 50, 51, 52, 53, 54, 55, 56, 57, 58, 59, 60, 61, 62, 63, 64, 65, 66, 67, 68, 69, 70, 71, 72, 73, 74, 75, 76, 77, 78, 79, 80, 81, 82, 83, 84, 85, 86, 87, 88, 89, 90, 91, 92, 93, 94, 95, 96, 97, 98, 99, 100, 101, 102, 103, 104, 105, 106, 107, 108, 109, 110, 111, 112, 113, 114, 115]}

MSE - mean: 4000087.01531
MSE - std: 434421.53126
R2 - mean: 0.52294
R2 - std: 0.02125

Train time: 15.023004
Test time: 0.716229

---------------------------------------
2025-06-19 14:13:48.826308
Parameters: {'learning_rate': 0.001, 'max_depth': 2, 'l2_leaf_reg': 10.0, 'iterations': 100, 'od_type': 'Iter', 'od_wait': 20, 'verbose': 100, 'train_dir': 'output/CatBoost/Allstate_Claims/catboost_info', 'cat_features': [0, 1, 2, 3, 4, 5, 6, 7, 8, 9, 10, 11, 12, 13, 14, 15, 16, 17, 18, 19, 20, 21, 22, 23, 24, 25, 26, 27, 28, 29, 30, 31, 32, 33, 34, 35, 36, 37, 38, 39, 40, 41, 42, 43, 44, 45, 46, 47, 48, 49, 50, 51, 52, 53, 54, 55, 56, 57, 58, 59, 60, 61, 62, 63, 64, 65, 66, 67, 68, 69, 70, 71, 72, 73, 74, 75, 76, 77, 78, 79, 80, 81, 82, 83, 84, 85, 86, 87, 88, 89, 90, 91, 92, 93, 94, 95, 96, 97, 98, 99, 100, 101, 102, 103, 104, 105, 106, 107, 108, 109, 110, 111, 112, 113, 114, 115]}

MSE - mean: 7939525.44402
MSE - std: 585772.67705
R2 - mean: 0.05133
R2 - std: 0.00332

Train time: 15.827629
Test time: 0.747871

---------------------------------------
2025-06-19 14:14:57.408318
Parameters: {'learning_rate': 0.001, 'max_depth': 2, 'l2_leaf_reg': 30.0, 'iterations': 100, 'od_type': 'Iter', 'od_wait': 20, 'verbose': 100, 'train_dir': 'output/CatBoost/Allstate_Claims/catboost_info', 'cat_features': [0, 1, 2, 3, 4, 5, 6, 7, 8, 9, 10, 11, 12, 13, 14, 15, 16, 17, 18, 19, 20, 21, 22, 23, 24, 25, 26, 27, 28, 29, 30, 31, 32, 33, 34, 35, 36, 37, 38, 39, 40, 41, 42, 43, 44, 45, 46, 47, 48, 49, 50, 51, 52, 53, 54, 55, 56, 57, 58, 59, 60, 61, 62, 63, 64, 65, 66, 67, 68, 69, 70, 71, 72, 73, 74, 75, 76, 77, 78, 79, 80, 81, 82, 83, 84, 85, 86, 87, 88, 89, 90, 91, 92, 93, 94, 95, 96, 97, 98, 99, 100, 101, 102, 103, 104, 105, 106, 107, 108, 109, 110, 111, 112, 113, 114, 115]}

MSE - mean: 7942757.18507
MSE - std: 585733.31460
R2 - mean: 0.05094
R2 - std: 0.00328

Train time: 15.257809
Test time: 0.709588

---------------------------------------
2025-06-19 14:16:33.414799
Parameters: {'learning_rate': 0.1, 'max_depth': 10, 'l2_leaf_reg': 30.0, 'iterations': 100, 'od_type': 'Iter', 'od_wait': 20, 'verbose': 100, 'train_dir': 'output/CatBoost/Allstate_Claims/catboost_info', 'cat_features': [0, 1, 2, 3, 4, 5, 6, 7, 8, 9, 10, 11, 12, 13, 14, 15, 16, 17, 18, 19, 20, 21, 22, 23, 24, 25, 26, 27, 28, 29, 30, 31, 32, 33, 34, 35, 36, 37, 38, 39, 40, 41, 42, 43, 44, 45, 46, 47, 48, 49, 50, 51, 52, 53, 54, 55, 56, 57, 58, 59, 60, 61, 62, 63, 64, 65, 66, 67, 68, 69, 70, 71, 72, 73, 74, 75, 76, 77, 78, 79, 80, 81, 82, 83, 84, 85, 86, 87, 88, 89, 90, 91, 92, 93, 94, 95, 96, 97, 98, 99, 100, 101, 102, 103, 104, 105, 106, 107, 108, 109, 110, 111, 112, 113, 114, 115]}

MSE - mean: 3925064.54373
MSE - std: 396619.10304
R2 - mean: 0.53172
R2 - std: 0.01768

Train time: 57.036891
Test time: 0.771657

---------------------------------------
2025-06-19 14:17:44.088953
Parameters: {'learning_rate': 0.1, 'max_depth': 2, 'l2_leaf_reg': 10.0, 'iterations': 100, 'od_type': 'Iter', 'od_wait': 20, 'verbose': 100, 'train_dir': 'output/CatBoost/Allstate_Claims/catboost_info', 'cat_features': [0, 1, 2, 3, 4, 5, 6, 7, 8, 9, 10, 11, 12, 13, 14, 15, 16, 17, 18, 19, 20, 21, 22, 23, 24, 25, 26, 27, 28, 29, 30, 31, 32, 33, 34, 35, 36, 37, 38, 39, 40, 41, 42, 43, 44, 45, 46, 47, 48, 49, 50, 51, 52, 53, 54, 55, 56, 57, 58, 59, 60, 61, 62, 63, 64, 65, 66, 67, 68, 69, 70, 71, 72, 73, 74, 75, 76, 77, 78, 79, 80, 81, 82, 83, 84, 85, 86, 87, 88, 89, 90, 91, 92, 93, 94, 95, 96, 97, 98, 99, 100, 101, 102, 103, 104, 105, 106, 107, 108, 109, 110, 111, 112, 113, 114, 115]}

MSE - mean: 4288625.73382
MSE - std: 468151.07972
R2 - mean: 0.48861
R2 - std: 0.02185

Train time: 15.268402
Test time: 0.724542

---------------------------------------
2025-06-19 14:20:17.686114
Parameters: {'learning_rate': 0.1, 'max_depth': 12, 'l2_leaf_reg': 5.0, 'iterations': 100, 'od_type': 'Iter', 'od_wait': 20, 'verbose': 100, 'train_dir': 'output/CatBoost/Allstate_Claims/catboost_info', 'cat_features': [0, 1, 2, 3, 4, 5, 6, 7, 8, 9, 10, 11, 12, 13, 14, 15, 16, 17, 18, 19, 20, 21, 22, 23, 24, 25, 26, 27, 28, 29, 30, 31, 32, 33, 34, 35, 36, 37, 38, 39, 40, 41, 42, 43, 44, 45, 46, 47, 48, 49, 50, 51, 52, 53, 54, 55, 56, 57, 58, 59, 60, 61, 62, 63, 64, 65, 66, 67, 68, 69, 70, 71, 72, 73, 74, 75, 76, 77, 78, 79, 80, 81, 82, 83, 84, 85, 86, 87, 88, 89, 90, 91, 92, 93, 94, 95, 96, 97, 98, 99, 100, 101, 102, 103, 104, 105, 106, 107, 108, 109, 110, 111, 112, 113, 114, 115]}

MSE - mean: 3811365.12570
MSE - std: 468310.89892
R2 - mean: 0.54588
R2 - std: 0.02573

Train time: 135.192932
Test time: 0.806213

---------------------------------------
2025-06-19 14:22:55.504343
Parameters: {'learning_rate': 0.01, 'max_depth': 12, 'l2_leaf_reg': 1.0, 'iterations': 100, 'od_type': 'Iter', 'od_wait': 20, 'verbose': 100, 'train_dir': 'output/CatBoost/Allstate_Claims/catboost_info', 'cat_features': [0, 1, 2, 3, 4, 5, 6, 7, 8, 9, 10, 11, 12, 13, 14, 15, 16, 17, 18, 19, 20, 21, 22, 23, 24, 25, 26, 27, 28, 29, 30, 31, 32, 33, 34, 35, 36, 37, 38, 39, 40, 41, 42, 43, 44, 45, 46, 47, 48, 49, 50, 51, 52, 53, 54, 55, 56, 57, 58, 59, 60, 61, 62, 63, 64, 65, 66, 67, 68, 69, 70, 71, 72, 73, 74, 75, 76, 77, 78, 79, 80, 81, 82, 83, 84, 85, 86, 87, 88, 89, 90, 91, 92, 93, 94, 95, 96, 97, 98, 99, 100, 101, 102, 103, 104, 105, 106, 107, 108, 109, 110, 111, 112, 113, 114, 115]}

MSE - mean: 5090558.36029
MSE - std: 539402.26771
R2 - mean: 0.39298
R2 - std: 0.02187

Train time: 141.583215
Test time: 0.751062

---------------------------------------
2025-06-19 14:24:40.576917
Parameters: {'learning_rate': 0.3, 'max_depth': 10, 'l2_leaf_reg': 0.5, 'iterations': 100, 'od_type': 'Iter', 'od_wait': 20, 'verbose': 100, 'train_dir': 'output/CatBoost/Allstate_Claims/catboost_info', 'cat_features': [0, 1, 2, 3, 4, 5, 6, 7, 8, 9, 10, 11, 12, 13, 14, 15, 16, 17, 18, 19, 20, 21, 22, 23, 24, 25, 26, 27, 28, 29, 30, 31, 32, 33, 34, 35, 36, 37, 38, 39, 40, 41, 42, 43, 44, 45, 46, 47, 48, 49, 50, 51, 52, 53, 54, 55, 56, 57, 58, 59, 60, 61, 62, 63, 64, 65, 66, 67, 68, 69, 70, 71, 72, 73, 74, 75, 76, 77, 78, 79, 80, 81, 82, 83, 84, 85, 86, 87, 88, 89, 90, 91, 92, 93, 94, 95, 96, 97, 98, 99, 100, 101, 102, 103, 104, 105, 106, 107, 108, 109, 110, 111, 112, 113, 114, 115]}

MSE - mean: 3825566.23589
MSE - std: 501366.49614
R2 - mean: 0.54428
R2 - std: 0.03059

Train time: 71.006276
Test time: 0.781519

---------------------------------------
2025-06-19 14:25:49.472618
Parameters: {'learning_rate': 0.3, 'max_depth': 2, 'l2_leaf_reg': 5.0, 'iterations': 100, 'od_type': 'Iter', 'od_wait': 20, 'verbose': 100, 'train_dir': 'output/CatBoost/Allstate_Claims/catboost_info', 'cat_features': [0, 1, 2, 3, 4, 5, 6, 7, 8, 9, 10, 11, 12, 13, 14, 15, 16, 17, 18, 19, 20, 21, 22, 23, 24, 25, 26, 27, 28, 29, 30, 31, 32, 33, 34, 35, 36, 37, 38, 39, 40, 41, 42, 43, 44, 45, 46, 47, 48, 49, 50, 51, 52, 53, 54, 55, 56, 57, 58, 59, 60, 61, 62, 63, 64, 65, 66, 67, 68, 69, 70, 71, 72, 73, 74, 75, 76, 77, 78, 79, 80, 81, 82, 83, 84, 85, 86, 87, 88, 89, 90, 91, 92, 93, 94, 95, 96, 97, 98, 99, 100, 101, 102, 103, 104, 105, 106, 107, 108, 109, 110, 111, 112, 113, 114, 115]}

MSE - mean: 3973554.16365
MSE - std: 436227.46303
R2 - mean: 0.52618
R2 - std: 0.02104

Train time: 15.250745
Test time: 0.728676

---------------------------------------
2025-06-19 14:28:10.867193
Parameters: {'learning_rate': 0.001, 'max_depth': 12, 'l2_leaf_reg': 10.0, 'iterations': 100, 'od_type': 'Iter', 'od_wait': 20, 'verbose': 100, 'train_dir': 'output/CatBoost/Allstate_Claims/catboost_info', 'cat_features': [0, 1, 2, 3, 4, 5, 6, 7, 8, 9, 10, 11, 12, 13, 14, 15, 16, 17, 18, 19, 20, 21, 22, 23, 24, 25, 26, 27, 28, 29, 30, 31, 32, 33, 34, 35, 36, 37, 38, 39, 40, 41, 42, 43, 44, 45, 46, 47, 48, 49, 50, 51, 52, 53, 54, 55, 56, 57, 58, 59, 60, 61, 62, 63, 64, 65, 66, 67, 68, 69, 70, 71, 72, 73, 74, 75, 76, 77, 78, 79, 80, 81, 82, 83, 84, 85, 86, 87, 88, 89, 90, 91, 92, 93, 94, 95, 96, 97, 98, 99, 100, 101, 102, 103, 104, 105, 106, 107, 108, 109, 110, 111, 112, 113, 114, 115]}

MSE - mean: 7782049.79990
MSE - std: 578273.08666
R2 - mean: 0.07018
R2 - std: 0.00373

Train time: 120.542925
Test time: 0.754317

---------------------------------------
2025-06-19 14:29:51.424475
Parameters: {'learning_rate': 0.2, 'max_depth': 10, 'l2_leaf_reg': 10.0, 'iterations': 100, 'od_type': 'Iter', 'od_wait': 20, 'verbose': 100, 'train_dir': 'output/CatBoost/Allstate_Claims/catboost_info', 'cat_features': [0, 1, 2, 3, 4, 5, 6, 7, 8, 9, 10, 11, 12, 13, 14, 15, 16, 17, 18, 19, 20, 21, 22, 23, 24, 25, 26, 27, 28, 29, 30, 31, 32, 33, 34, 35, 36, 37, 38, 39, 40, 41, 42, 43, 44, 45, 46, 47, 48, 49, 50, 51, 52, 53, 54, 55, 56, 57, 58, 59, 60, 61, 62, 63, 64, 65, 66, 67, 68, 69, 70, 71, 72, 73, 74, 75, 76, 77, 78, 79, 80, 81, 82, 83, 84, 85, 86, 87, 88, 89, 90, 91, 92, 93, 94, 95, 96, 97, 98, 99, 100, 101, 102, 103, 104, 105, 106, 107, 108, 109, 110, 111, 112, 113, 114, 115]}

MSE - mean: 3740279.74576
MSE - std: 432279.88140
R2 - mean: 0.55412
R2 - std: 0.02287

Train time: 63.762158
Test time: 0.752254

---------------------------------------
2025-06-19 14:31:09.028964
Parameters: {'learning_rate': 0.001, 'max_depth': 6, 'l2_leaf_reg': 0.5, 'iterations': 100, 'od_type': 'Iter', 'od_wait': 20, 'verbose': 100, 'train_dir': 'output/CatBoost/Allstate_Claims/catboost_info', 'cat_features': [0, 1, 2, 3, 4, 5, 6, 7, 8, 9, 10, 11, 12, 13, 14, 15, 16, 17, 18, 19, 20, 21, 22, 23, 24, 25, 26, 27, 28, 29, 30, 31, 32, 33, 34, 35, 36, 37, 38, 39, 40, 41, 42, 43, 44, 45, 46, 47, 48, 49, 50, 51, 52, 53, 54, 55, 56, 57, 58, 59, 60, 61, 62, 63, 64, 65, 66, 67, 68, 69, 70, 71, 72, 73, 74, 75, 76, 77, 78, 79, 80, 81, 82, 83, 84, 85, 86, 87, 88, 89, 90, 91, 92, 93, 94, 95, 96, 97, 98, 99, 100, 101, 102, 103, 104, 105, 106, 107, 108, 109, 110, 111, 112, 113, 114, 115]}

MSE - mean: 7767298.16222
MSE - std: 576408.23810
R2 - mean: 0.07194
R2 - std: 0.00377

Train time: 31.186282
Test time: 0.698002

---------------------------------------
2025-06-19 14:32:24.966943
Parameters: {'learning_rate': 0.001, 'max_depth': 6, 'l2_leaf_reg': 10.0, 'iterations': 100, 'od_type': 'Iter', 'od_wait': 20, 'verbose': 100, 'train_dir': 'output/CatBoost/Allstate_Claims/catboost_info', 'cat_features': [0, 1, 2, 3, 4, 5, 6, 7, 8, 9, 10, 11, 12, 13, 14, 15, 16, 17, 18, 19, 20, 21, 22, 23, 24, 25, 26, 27, 28, 29, 30, 31, 32, 33, 34, 35, 36, 37, 38, 39, 40, 41, 42, 43, 44, 45, 46, 47, 48, 49, 50, 51, 52, 53, 54, 55, 56, 57, 58, 59, 60, 61, 62, 63, 64, 65, 66, 67, 68, 69, 70, 71, 72, 73, 74, 75, 76, 77, 78, 79, 80, 81, 82, 83, 84, 85, 86, 87, 88, 89, 90, 91, 92, 93, 94, 95, 96, 97, 98, 99, 100, 101, 102, 103, 104, 105, 106, 107, 108, 109, 110, 111, 112, 113, 114, 115]}

MSE - mean: 7789664.70463
MSE - std: 579556.73356
R2 - mean: 0.06928
R2 - std: 0.00388

Train time: 31.061280
Test time: 0.711880

---------------------------------------
2025-06-19 14:34:11.162209
Parameters: {'learning_rate': 0.001, 'max_depth': 10, 'l2_leaf_reg': 5.0, 'iterations': 100, 'od_type': 'Iter', 'od_wait': 20, 'verbose': 100, 'train_dir': 'output/CatBoost/Allstate_Claims/catboost_info', 'cat_features': [0, 1, 2, 3, 4, 5, 6, 7, 8, 9, 10, 11, 12, 13, 14, 15, 16, 17, 18, 19, 20, 21, 22, 23, 24, 25, 26, 27, 28, 29, 30, 31, 32, 33, 34, 35, 36, 37, 38, 39, 40, 41, 42, 43, 44, 45, 46, 47, 48, 49, 50, 51, 52, 53, 54, 55, 56, 57, 58, 59, 60, 61, 62, 63, 64, 65, 66, 67, 68, 69, 70, 71, 72, 73, 74, 75, 76, 77, 78, 79, 80, 81, 82, 83, 84, 85, 86, 87, 88, 89, 90, 91, 92, 93, 94, 95, 96, 97, 98, 99, 100, 101, 102, 103, 104, 105, 106, 107, 108, 109, 110, 111, 112, 113, 114, 115]}

MSE - mean: 7760168.95799
MSE - std: 576862.79570
R2 - mean: 0.07280
R2 - std: 0.00379

Train time: 70.609993
Test time: 0.764646

---------------------------------------
2025-06-19 14:35:30.579209
Parameters: {'learning_rate': 0.001, 'max_depth': 6, 'l2_leaf_reg': 5.0, 'iterations': 100, 'od_type': 'Iter', 'od_wait': 20, 'verbose': 100, 'train_dir': 'output/CatBoost/Allstate_Claims/catboost_info', 'cat_features': [0, 1, 2, 3, 4, 5, 6, 7, 8, 9, 10, 11, 12, 13, 14, 15, 16, 17, 18, 19, 20, 21, 22, 23, 24, 25, 26, 27, 28, 29, 30, 31, 32, 33, 34, 35, 36, 37, 38, 39, 40, 41, 42, 43, 44, 45, 46, 47, 48, 49, 50, 51, 52, 53, 54, 55, 56, 57, 58, 59, 60, 61, 62, 63, 64, 65, 66, 67, 68, 69, 70, 71, 72, 73, 74, 75, 76, 77, 78, 79, 80, 81, 82, 83, 84, 85, 86, 87, 88, 89, 90, 91, 92, 93, 94, 95, 96, 97, 98, 99, 100, 101, 102, 103, 104, 105, 106, 107, 108, 109, 110, 111, 112, 113, 114, 115]}

MSE - mean: 7776188.55513
MSE - std: 578929.99276
R2 - mean: 0.07089
R2 - std: 0.00394

Train time: 31.111501
Test time: 0.704012

---------------------------------------
2025-06-19 14:36:38.919911
Parameters: {'learning_rate': 0.01, 'max_depth': 2, 'l2_leaf_reg': 0.5, 'iterations': 100, 'od_type': 'Iter', 'od_wait': 20, 'verbose': 100, 'train_dir': 'output/CatBoost/Allstate_Claims/catboost_info', 'cat_features': [0, 1, 2, 3, 4, 5, 6, 7, 8, 9, 10, 11, 12, 13, 14, 15, 16, 17, 18, 19, 20, 21, 22, 23, 24, 25, 26, 27, 28, 29, 30, 31, 32, 33, 34, 35, 36, 37, 38, 39, 40, 41, 42, 43, 44, 45, 46, 47, 48, 49, 50, 51, 52, 53, 54, 55, 56, 57, 58, 59, 60, 61, 62, 63, 64, 65, 66, 67, 68, 69, 70, 71, 72, 73, 74, 75, 76, 77, 78, 79, 80, 81, 82, 83, 84, 85, 86, 87, 88, 89, 90, 91, 92, 93, 94, 95, 96, 97, 98, 99, 100, 101, 102, 103, 104, 105, 106, 107, 108, 109, 110, 111, 112, 113, 114, 115]}

MSE - mean: 6042364.07949
MSE - std: 556183.76148
R2 - mean: 0.27886
R2 - std: 0.01584

Train time: 15.153587
Test time: 0.706910

---------------------------------------
2025-06-19 14:39:14.880534
Parameters: {'learning_rate': 0.2, 'max_depth': 12, 'l2_leaf_reg': 0.5, 'iterations': 100, 'od_type': 'Iter', 'od_wait': 20, 'verbose': 100, 'train_dir': 'output/CatBoost/Allstate_Claims/catboost_info', 'cat_features': [0, 1, 2, 3, 4, 5, 6, 7, 8, 9, 10, 11, 12, 13, 14, 15, 16, 17, 18, 19, 20, 21, 22, 23, 24, 25, 26, 27, 28, 29, 30, 31, 32, 33, 34, 35, 36, 37, 38, 39, 40, 41, 42, 43, 44, 45, 46, 47, 48, 49, 50, 51, 52, 53, 54, 55, 56, 57, 58, 59, 60, 61, 62, 63, 64, 65, 66, 67, 68, 69, 70, 71, 72, 73, 74, 75, 76, 77, 78, 79, 80, 81, 82, 83, 84, 85, 86, 87, 88, 89, 90, 91, 92, 93, 94, 95, 96, 97, 98, 99, 100, 101, 102, 103, 104, 105, 106, 107, 108, 109, 110, 111, 112, 113, 114, 115]}

MSE - mean: 3851536.14964
MSE - std: 486956.79311
R2 - mean: 0.54122
R2 - std: 0.02682

Train time: 141.645031
Test time: 0.778259

---------------------------------------
2025-06-19 14:40:33.912362
Parameters: {'learning_rate': 0.3, 'max_depth': 6, 'l2_leaf_reg': 0.5, 'iterations': 100, 'od_type': 'Iter', 'od_wait': 20, 'verbose': 100, 'train_dir': 'output/CatBoost/Allstate_Claims/catboost_info', 'cat_features': [0, 1, 2, 3, 4, 5, 6, 7, 8, 9, 10, 11, 12, 13, 14, 15, 16, 17, 18, 19, 20, 21, 22, 23, 24, 25, 26, 27, 28, 29, 30, 31, 32, 33, 34, 35, 36, 37, 38, 39, 40, 41, 42, 43, 44, 45, 46, 47, 48, 49, 50, 51, 52, 53, 54, 55, 56, 57, 58, 59, 60, 61, 62, 63, 64, 65, 66, 67, 68, 69, 70, 71, 72, 73, 74, 75, 76, 77, 78, 79, 80, 81, 82, 83, 84, 85, 86, 87, 88, 89, 90, 91, 92, 93, 94, 95, 96, 97, 98, 99, 100, 101, 102, 103, 104, 105, 106, 107, 108, 109, 110, 111, 112, 113, 114, 115]}

MSE - mean: 3694373.06720
MSE - std: 385780.00784
R2 - mean: 0.55921
R2 - std: 0.01985

Train time: 32.291286
Test time: 0.760176

---------------------------------------
2025-06-19 14:41:40.354753
Parameters: {'learning_rate': 0.001, 'max_depth': 2, 'l2_leaf_reg': 5.0, 'iterations': 100, 'od_type': 'Iter', 'od_wait': 20, 'verbose': 100, 'train_dir': 'output/CatBoost/Allstate_Claims/catboost_info', 'cat_features': [0, 1, 2, 3, 4, 5, 6, 7, 8, 9, 10, 11, 12, 13, 14, 15, 16, 17, 18, 19, 20, 21, 22, 23, 24, 25, 26, 27, 28, 29, 30, 31, 32, 33, 34, 35, 36, 37, 38, 39, 40, 41, 42, 43, 44, 45, 46, 47, 48, 49, 50, 51, 52, 53, 54, 55, 56, 57, 58, 59, 60, 61, 62, 63, 64, 65, 66, 67, 68, 69, 70, 71, 72, 73, 74, 75, 76, 77, 78, 79, 80, 81, 82, 83, 84, 85, 86, 87, 88, 89, 90, 91, 92, 93, 94, 95, 96, 97, 98, 99, 100, 101, 102, 103, 104, 105, 106, 107, 108, 109, 110, 111, 112, 113, 114, 115]}

MSE - mean: 7938713.80904
MSE - std: 585785.93719
R2 - mean: 0.05143
R2 - std: 0.00333

Train time: 15.187954
Test time: 0.690759

---------------------------------------
2025-06-19 14:43:24.505980
Parameters: {'learning_rate': 0.3, 'max_depth': 10, 'l2_leaf_reg': 1.0, 'iterations': 100, 'od_type': 'Iter', 'od_wait': 20, 'verbose': 100, 'train_dir': 'output/CatBoost/Allstate_Claims/catboost_info', 'cat_features': [0, 1, 2, 3, 4, 5, 6, 7, 8, 9, 10, 11, 12, 13, 14, 15, 16, 17, 18, 19, 20, 21, 22, 23, 24, 25, 26, 27, 28, 29, 30, 31, 32, 33, 34, 35, 36, 37, 38, 39, 40, 41, 42, 43, 44, 45, 46, 47, 48, 49, 50, 51, 52, 53, 54, 55, 56, 57, 58, 59, 60, 61, 62, 63, 64, 65, 66, 67, 68, 69, 70, 71, 72, 73, 74, 75, 76, 77, 78, 79, 80, 81, 82, 83, 84, 85, 86, 87, 88, 89, 90, 91, 92, 93, 94, 95, 96, 97, 98, 99, 100, 101, 102, 103, 104, 105, 106, 107, 108, 109, 110, 111, 112, 113, 114, 115]}

MSE - mean: 3764108.98447
MSE - std: 411905.57443
R2 - mean: 0.55107
R2 - std: 0.02124

Train time: 68.560466
Test time: 0.773116

---------------------------------------
2025-06-19 14:44:41.076315
Parameters: {'learning_rate': 0.01, 'max_depth': 6, 'l2_leaf_reg': 0.5, 'iterations': 100, 'od_type': 'Iter', 'od_wait': 20, 'verbose': 100, 'train_dir': 'output/CatBoost/Allstate_Claims/catboost_info', 'cat_features': [0, 1, 2, 3, 4, 5, 6, 7, 8, 9, 10, 11, 12, 13, 14, 15, 16, 17, 18, 19, 20, 21, 22, 23, 24, 25, 26, 27, 28, 29, 30, 31, 32, 33, 34, 35, 36, 37, 38, 39, 40, 41, 42, 43, 44, 45, 46, 47, 48, 49, 50, 51, 52, 53, 54, 55, 56, 57, 58, 59, 60, 61, 62, 63, 64, 65, 66, 67, 68, 69, 70, 71, 72, 73, 74, 75, 76, 77, 78, 79, 80, 81, 82, 83, 84, 85, 86, 87, 88, 89, 90, 91, 92, 93, 94, 95, 96, 97, 98, 99, 100, 101, 102, 103, 104, 105, 106, 107, 108, 109, 110, 111, 112, 113, 114, 115]}

MSE - mean: 5284233.81934
MSE - std: 498057.49968
R2 - mean: 0.36942
R2 - std: 0.01585

Train time: 30.978901
Test time: 0.718259

---------------------------------------
2025-06-19 14:46:48.018719
Parameters: {'learning_rate': 0.1, 'max_depth': 12, 'l2_leaf_reg': 30.0, 'iterations': 100, 'od_type': 'Iter', 'od_wait': 20, 'verbose': 100, 'train_dir': 'output/CatBoost/Allstate_Claims/catboost_info', 'cat_features': [0, 1, 2, 3, 4, 5, 6, 7, 8, 9, 10, 11, 12, 13, 14, 15, 16, 17, 18, 19, 20, 21, 22, 23, 24, 25, 26, 27, 28, 29, 30, 31, 32, 33, 34, 35, 36, 37, 38, 39, 40, 41, 42, 43, 44, 45, 46, 47, 48, 49, 50, 51, 52, 53, 54, 55, 56, 57, 58, 59, 60, 61, 62, 63, 64, 65, 66, 67, 68, 69, 70, 71, 72, 73, 74, 75, 76, 77, 78, 79, 80, 81, 82, 83, 84, 85, 86, 87, 88, 89, 90, 91, 92, 93, 94, 95, 96, 97, 98, 99, 100, 101, 102, 103, 104, 105, 106, 107, 108, 109, 110, 111, 112, 113, 114, 115]}

MSE - mean: 3926052.43648
MSE - std: 418830.20683
R2 - mean: 0.53176
R2 - std: 0.01999

Train time: 104.671365
Test time: 0.754867

---------------------------------------
2025-06-19 14:49:17.135772
Parameters: {'learning_rate': 0.3, 'max_depth': 12, 'l2_leaf_reg': 5.0, 'iterations': 100, 'od_type': 'Iter', 'od_wait': 20, 'verbose': 100, 'train_dir': 'output/CatBoost/Allstate_Claims/catboost_info', 'cat_features': [0, 1, 2, 3, 4, 5, 6, 7, 8, 9, 10, 11, 12, 13, 14, 15, 16, 17, 18, 19, 20, 21, 22, 23, 24, 25, 26, 27, 28, 29, 30, 31, 32, 33, 34, 35, 36, 37, 38, 39, 40, 41, 42, 43, 44, 45, 46, 47, 48, 49, 50, 51, 52, 53, 54, 55, 56, 57, 58, 59, 60, 61, 62, 63, 64, 65, 66, 67, 68, 69, 70, 71, 72, 73, 74, 75, 76, 77, 78, 79, 80, 81, 82, 83, 84, 85, 86, 87, 88, 89, 90, 91, 92, 93, 94, 95, 96, 97, 98, 99, 100, 101, 102, 103, 104, 105, 106, 107, 108, 109, 110, 111, 112, 113, 114, 115]}

MSE - mean: 3839636.50444
MSE - std: 472835.83276
R2 - mean: 0.54254
R2 - std: 0.02528

Train time: 132.089701
Test time: 0.749557

---------------------------------------
2025-06-19 14:50:22.645673
Parameters: {'learning_rate': 0.001, 'max_depth': 2, 'l2_leaf_reg': 0.5, 'iterations': 100, 'od_type': 'Iter', 'od_wait': 20, 'verbose': 100, 'train_dir': 'output/CatBoost/Allstate_Claims/catboost_info', 'cat_features': [0, 1, 2, 3, 4, 5, 6, 7, 8, 9, 10, 11, 12, 13, 14, 15, 16, 17, 18, 19, 20, 21, 22, 23, 24, 25, 26, 27, 28, 29, 30, 31, 32, 33, 34, 35, 36, 37, 38, 39, 40, 41, 42, 43, 44, 45, 46, 47, 48, 49, 50, 51, 52, 53, 54, 55, 56, 57, 58, 59, 60, 61, 62, 63, 64, 65, 66, 67, 68, 69, 70, 71, 72, 73, 74, 75, 76, 77, 78, 79, 80, 81, 82, 83, 84, 85, 86, 87, 88, 89, 90, 91, 92, 93, 94, 95, 96, 97, 98, 99, 100, 101, 102, 103, 104, 105, 106, 107, 108, 109, 110, 111, 112, 113, 114, 115]}

MSE - mean: 7937964.21486
MSE - std: 585789.11017
R2 - mean: 0.05152
R2 - std: 0.00333

Train time: 14.864055
Test time: 0.700892

---------------------------------------
2025-06-19 14:52:04.556822
Parameters: {'learning_rate': 0.2, 'max_depth': 10, 'l2_leaf_reg': 1.0, 'iterations': 100, 'od_type': 'Iter', 'od_wait': 20, 'verbose': 100, 'train_dir': 'output/CatBoost/Allstate_Claims/catboost_info', 'cat_features': [0, 1, 2, 3, 4, 5, 6, 7, 8, 9, 10, 11, 12, 13, 14, 15, 16, 17, 18, 19, 20, 21, 22, 23, 24, 25, 26, 27, 28, 29, 30, 31, 32, 33, 34, 35, 36, 37, 38, 39, 40, 41, 42, 43, 44, 45, 46, 47, 48, 49, 50, 51, 52, 53, 54, 55, 56, 57, 58, 59, 60, 61, 62, 63, 64, 65, 66, 67, 68, 69, 70, 71, 72, 73, 74, 75, 76, 77, 78, 79, 80, 81, 82, 83, 84, 85, 86, 87, 88, 89, 90, 91, 92, 93, 94, 95, 96, 97, 98, 99, 100, 101, 102, 103, 104, 105, 106, 107, 108, 109, 110, 111, 112, 113, 114, 115]}

MSE - mean: 3709000.57066
MSE - std: 425328.47942
R2 - mean: 0.55776
R2 - std: 0.02317

Train time: 69.108313
Test time: 0.780912

---------------------------------------
2025-06-19 14:53:08.746621
Parameters: {'learning_rate': 0.1, 'max_depth': 2, 'l2_leaf_reg': 1.0, 'iterations': 100, 'od_type': 'Iter', 'od_wait': 20, 'verbose': 100, 'train_dir': 'output/CatBoost/Allstate_Claims/catboost_info', 'cat_features': [0, 1, 2, 3, 4, 5, 6, 7, 8, 9, 10, 11, 12, 13, 14, 15, 16, 17, 18, 19, 20, 21, 22, 23, 24, 25, 26, 27, 28, 29, 30, 31, 32, 33, 34, 35, 36, 37, 38, 39, 40, 41, 42, 43, 44, 45, 46, 47, 48, 49, 50, 51, 52, 53, 54, 55, 56, 57, 58, 59, 60, 61, 62, 63, 64, 65, 66, 67, 68, 69, 70, 71, 72, 73, 74, 75, 76, 77, 78, 79, 80, 81, 82, 83, 84, 85, 86, 87, 88, 89, 90, 91, 92, 93, 94, 95, 96, 97, 98, 99, 100, 101, 102, 103, 104, 105, 106, 107, 108, 109, 110, 111, 112, 113, 114, 115]}

MSE - mean: 4271165.43166
MSE - std: 469481.62778
R2 - mean: 0.49075
R2 - std: 0.02157

Train time: 14.757856
Test time: 0.715747

---------------------------------------
2025-06-19 14:54:49.003390
Parameters: {'learning_rate': 0.1, 'max_depth': 10, 'l2_leaf_reg': 5.0, 'iterations': 100, 'od_type': 'Iter', 'od_wait': 20, 'verbose': 100, 'train_dir': 'output/CatBoost/Allstate_Claims/catboost_info', 'cat_features': [0, 1, 2, 3, 4, 5, 6, 7, 8, 9, 10, 11, 12, 13, 14, 15, 16, 17, 18, 19, 20, 21, 22, 23, 24, 25, 26, 27, 28, 29, 30, 31, 32, 33, 34, 35, 36, 37, 38, 39, 40, 41, 42, 43, 44, 45, 46, 47, 48, 49, 50, 51, 52, 53, 54, 55, 56, 57, 58, 59, 60, 61, 62, 63, 64, 65, 66, 67, 68, 69, 70, 71, 72, 73, 74, 75, 76, 77, 78, 79, 80, 81, 82, 83, 84, 85, 86, 87, 88, 89, 90, 91, 92, 93, 94, 95, 96, 97, 98, 99, 100, 101, 102, 103, 104, 105, 106, 107, 108, 109, 110, 111, 112, 113, 114, 115]}

MSE - mean: 3748788.60585
MSE - std: 442033.45033
R2 - mean: 0.55316
R2 - std: 0.02381

Train time: 65.035932
Test time: 0.753631

---------------------------------------
2025-06-19 14:57:23.841237
Parameters: {'learning_rate': 0.1, 'max_depth': 12, 'l2_leaf_reg': 0.5, 'iterations': 100, 'od_type': 'Iter', 'od_wait': 20, 'verbose': 100, 'train_dir': 'output/CatBoost/Allstate_Claims/catboost_info', 'cat_features': [0, 1, 2, 3, 4, 5, 6, 7, 8, 9, 10, 11, 12, 13, 14, 15, 16, 17, 18, 19, 20, 21, 22, 23, 24, 25, 26, 27, 28, 29, 30, 31, 32, 33, 34, 35, 36, 37, 38, 39, 40, 41, 42, 43, 44, 45, 46, 47, 48, 49, 50, 51, 52, 53, 54, 55, 56, 57, 58, 59, 60, 61, 62, 63, 64, 65, 66, 67, 68, 69, 70, 71, 72, 73, 74, 75, 76, 77, 78, 79, 80, 81, 82, 83, 84, 85, 86, 87, 88, 89, 90, 91, 92, 93, 94, 95, 96, 97, 98, 99, 100, 101, 102, 103, 104, 105, 106, 107, 108, 109, 110, 111, 112, 113, 114, 115]}

MSE - mean: 3769162.01315
MSE - std: 464225.89100
R2 - mean: 0.55090
R2 - std: 0.02571

Train time: 138.294156
Test time: 0.760683

---------------------------------------
2025-06-19 14:59:55.461743
Parameters: {'learning_rate': 0.2, 'max_depth': 12, 'l2_leaf_reg': 1.0, 'iterations': 100, 'od_type': 'Iter', 'od_wait': 20, 'verbose': 100, 'train_dir': 'output/CatBoost/Allstate_Claims/catboost_info', 'cat_features': [0, 1, 2, 3, 4, 5, 6, 7, 8, 9, 10, 11, 12, 13, 14, 15, 16, 17, 18, 19, 20, 21, 22, 23, 24, 25, 26, 27, 28, 29, 30, 31, 32, 33, 34, 35, 36, 37, 38, 39, 40, 41, 42, 43, 44, 45, 46, 47, 48, 49, 50, 51, 52, 53, 54, 55, 56, 57, 58, 59, 60, 61, 62, 63, 64, 65, 66, 67, 68, 69, 70, 71, 72, 73, 74, 75, 76, 77, 78, 79, 80, 81, 82, 83, 84, 85, 86, 87, 88, 89, 90, 91, 92, 93, 94, 95, 96, 97, 98, 99, 100, 101, 102, 103, 104, 105, 106, 107, 108, 109, 110, 111, 112, 113, 114, 115]}

MSE - mean: 3823360.87006
MSE - std: 440424.99722
R2 - mean: 0.54420
R2 - std: 0.02312

Train time: 137.303042
Test time: 0.777105

---------------------------------------
2025-06-19 15:02:25.518540
Parameters: {'learning_rate': 0.001, 'max_depth': 12, 'l2_leaf_reg': 1.0, 'iterations': 100, 'od_type': 'Iter', 'od_wait': 20, 'verbose': 100, 'train_dir': 'output/CatBoost/Allstate_Claims/catboost_info', 'cat_features': [0, 1, 2, 3, 4, 5, 6, 7, 8, 9, 10, 11, 12, 13, 14, 15, 16, 17, 18, 19, 20, 21, 22, 23, 24, 25, 26, 27, 28, 29, 30, 31, 32, 33, 34, 35, 36, 37, 38, 39, 40, 41, 42, 43, 44, 45, 46, 47, 48, 49, 50, 51, 52, 53, 54, 55, 56, 57, 58, 59, 60, 61, 62, 63, 64, 65, 66, 67, 68, 69, 70, 71, 72, 73, 74, 75, 76, 77, 78, 79, 80, 81, 82, 83, 84, 85, 86, 87, 88, 89, 90, 91, 92, 93, 94, 95, 96, 97, 98, 99, 100, 101, 102, 103, 104, 105, 106, 107, 108, 109, 110, 111, 112, 113, 114, 115]}

MSE - mean: 7748582.83153
MSE - std: 584710.86441
R2 - mean: 0.07425
R2 - std: 0.00479

Train time: 138.602736
Test time: 0.749203

---------------------------------------
2025-06-19 15:03:29.274810
Parameters: {'learning_rate': 0.2, 'max_depth': 2, 'l2_leaf_reg': 5.0, 'iterations': 100, 'od_type': 'Iter', 'od_wait': 20, 'verbose': 100, 'train_dir': 'output/CatBoost/Allstate_Claims/catboost_info', 'cat_features': [0, 1, 2, 3, 4, 5, 6, 7, 8, 9, 10, 11, 12, 13, 14, 15, 16, 17, 18, 19, 20, 21, 22, 23, 24, 25, 26, 27, 28, 29, 30, 31, 32, 33, 34, 35, 36, 37, 38, 39, 40, 41, 42, 43, 44, 45, 46, 47, 48, 49, 50, 51, 52, 53, 54, 55, 56, 57, 58, 59, 60, 61, 62, 63, 64, 65, 66, 67, 68, 69, 70, 71, 72, 73, 74, 75, 76, 77, 78, 79, 80, 81, 82, 83, 84, 85, 86, 87, 88, 89, 90, 91, 92, 93, 94, 95, 96, 97, 98, 99, 100, 101, 102, 103, 104, 105, 106, 107, 108, 109, 110, 111, 112, 113, 114, 115]}

MSE - mean: 4051499.87732
MSE - std: 452253.50931
R2 - mean: 0.51694
R2 - std: 0.02202

Train time: 14.827434
Test time: 0.710607

---------------------------------------
2025-06-19 15:05:04.962244
Parameters: {'learning_rate': 0.1, 'max_depth': 10, 'l2_leaf_reg': 0.5, 'iterations': 100, 'od_type': 'Iter', 'od_wait': 20, 'verbose': 100, 'train_dir': 'output/CatBoost/Allstate_Claims/catboost_info', 'cat_features': [0, 1, 2, 3, 4, 5, 6, 7, 8, 9, 10, 11, 12, 13, 14, 15, 16, 17, 18, 19, 20, 21, 22, 23, 24, 25, 26, 27, 28, 29, 30, 31, 32, 33, 34, 35, 36, 37, 38, 39, 40, 41, 42, 43, 44, 45, 46, 47, 48, 49, 50, 51, 52, 53, 54, 55, 56, 57, 58, 59, 60, 61, 62, 63, 64, 65, 66, 67, 68, 69, 70, 71, 72, 73, 74, 75, 76, 77, 78, 79, 80, 81, 82, 83, 84, 85, 86, 87, 88, 89, 90, 91, 92, 93, 94, 95, 96, 97, 98, 99, 100, 101, 102, 103, 104, 105, 106, 107, 108, 109, 110, 111, 112, 113, 114, 115]}

MSE - mean: 3709384.93264
MSE - std: 436477.16666
R2 - mean: 0.55782
R2 - std: 0.02392

Train time: 67.428852
Test time: 0.726966

---------------------------------------
2025-06-19 15:07:28.753968
Parameters: {'learning_rate': 0.1, 'max_depth': 12, 'l2_leaf_reg': 1.0, 'iterations': 100, 'od_type': 'Iter', 'od_wait': 20, 'verbose': 100, 'train_dir': 'output/CatBoost/Allstate_Claims/catboost_info', 'cat_features': [0, 1, 2, 3, 4, 5, 6, 7, 8, 9, 10, 11, 12, 13, 14, 15, 16, 17, 18, 19, 20, 21, 22, 23, 24, 25, 26, 27, 28, 29, 30, 31, 32, 33, 34, 35, 36, 37, 38, 39, 40, 41, 42, 43, 44, 45, 46, 47, 48, 49, 50, 51, 52, 53, 54, 55, 56, 57, 58, 59, 60, 61, 62, 63, 64, 65, 66, 67, 68, 69, 70, 71, 72, 73, 74, 75, 76, 77, 78, 79, 80, 81, 82, 83, 84, 85, 86, 87, 88, 89, 90, 91, 92, 93, 94, 95, 96, 97, 98, 99, 100, 101, 102, 103, 104, 105, 106, 107, 108, 109, 110, 111, 112, 113, 114, 115]}

MSE - mean: 3774141.45018
MSE - std: 462291.62909
R2 - mean: 0.55025
R2 - std: 0.02605

Train time: 134.403219
Test time: 0.755465

---------------------------------------
2025-06-19 15:09:05.067507
Parameters: {'learning_rate': 0.01, 'max_depth': 10, 'l2_leaf_reg': 10.0, 'iterations': 100, 'od_type': 'Iter', 'od_wait': 20, 'verbose': 100, 'train_dir': 'output/CatBoost/Allstate_Claims/catboost_info', 'cat_features': [0, 1, 2, 3, 4, 5, 6, 7, 8, 9, 10, 11, 12, 13, 14, 15, 16, 17, 18, 19, 20, 21, 22, 23, 24, 25, 26, 27, 28, 29, 30, 31, 32, 33, 34, 35, 36, 37, 38, 39, 40, 41, 42, 43, 44, 45, 46, 47, 48, 49, 50, 51, 52, 53, 54, 55, 56, 57, 58, 59, 60, 61, 62, 63, 64, 65, 66, 67, 68, 69, 70, 71, 72, 73, 74, 75, 76, 77, 78, 79, 80, 81, 82, 83, 84, 85, 86, 87, 88, 89, 90, 91, 92, 93, 94, 95, 96, 97, 98, 99, 100, 101, 102, 103, 104, 105, 106, 107, 108, 109, 110, 111, 112, 113, 114, 115]}

MSE - mean: 5224575.24620
MSE - std: 527158.55773
R2 - mean: 0.37681
R2 - std: 0.01948

Train time: 67.431331
Test time: 0.718978

---------------------------------------
2025-06-19 15:10:14.100991
Parameters: {'learning_rate': 0.3, 'max_depth': 6, 'l2_leaf_reg': 5.0, 'iterations': 100, 'od_type': 'Iter', 'od_wait': 20, 'verbose': 100, 'train_dir': 'output/CatBoost/Allstate_Claims/catboost_info', 'cat_features': [0, 1, 2, 3, 4, 5, 6, 7, 8, 9, 10, 11, 12, 13, 14, 15, 16, 17, 18, 19, 20, 21, 22, 23, 24, 25, 26, 27, 28, 29, 30, 31, 32, 33, 34, 35, 36, 37, 38, 39, 40, 41, 42, 43, 44, 45, 46, 47, 48, 49, 50, 51, 52, 53, 54, 55, 56, 57, 58, 59, 60, 61, 62, 63, 64, 65, 66, 67, 68, 69, 70, 71, 72, 73, 74, 75, 76, 77, 78, 79, 80, 81, 82, 83, 84, 85, 86, 87, 88, 89, 90, 91, 92, 93, 94, 95, 96, 97, 98, 99, 100, 101, 102, 103, 104, 105, 106, 107, 108, 109, 110, 111, 112, 113, 114, 115]}

MSE - mean: 3661166.62251
MSE - std: 361967.31335
R2 - mean: 0.56304
R2 - std: 0.01773

Train time: 28.596114
Test time: 0.711012

---------------------------------------
2025-06-19 15:12:32.918957
Parameters: {'learning_rate': 0.3, 'max_depth': 12, 'l2_leaf_reg': 10.0, 'iterations': 100, 'od_type': 'Iter', 'od_wait': 20, 'verbose': 100, 'train_dir': 'output/CatBoost/Allstate_Claims/catboost_info', 'cat_features': [0, 1, 2, 3, 4, 5, 6, 7, 8, 9, 10, 11, 12, 13, 14, 15, 16, 17, 18, 19, 20, 21, 22, 23, 24, 25, 26, 27, 28, 29, 30, 31, 32, 33, 34, 35, 36, 37, 38, 39, 40, 41, 42, 43, 44, 45, 46, 47, 48, 49, 50, 51, 52, 53, 54, 55, 56, 57, 58, 59, 60, 61, 62, 63, 64, 65, 66, 67, 68, 69, 70, 71, 72, 73, 74, 75, 76, 77, 78, 79, 80, 81, 82, 83, 84, 85, 86, 87, 88, 89, 90, 91, 92, 93, 94, 95, 96, 97, 98, 99, 100, 101, 102, 103, 104, 105, 106, 107, 108, 109, 110, 111, 112, 113, 114, 115]}

MSE - mean: 3769735.69133
MSE - std: 417266.59129
R2 - mean: 0.55046
R2 - std: 0.02184

Train time: 123.484896
Test time: 0.761359

---------------------------------------
2025-06-19 15:13:49.367153
Parameters: {'learning_rate': 0.01, 'max_depth': 6, 'l2_leaf_reg': 30.0, 'iterations': 100, 'od_type': 'Iter', 'od_wait': 20, 'verbose': 100, 'train_dir': 'output/CatBoost/Allstate_Claims/catboost_info', 'cat_features': [0, 1, 2, 3, 4, 5, 6, 7, 8, 9, 10, 11, 12, 13, 14, 15, 16, 17, 18, 19, 20, 21, 22, 23, 24, 25, 26, 27, 28, 29, 30, 31, 32, 33, 34, 35, 36, 37, 38, 39, 40, 41, 42, 43, 44, 45, 46, 47, 48, 49, 50, 51, 52, 53, 54, 55, 56, 57, 58, 59, 60, 61, 62, 63, 64, 65, 66, 67, 68, 69, 70, 71, 72, 73, 74, 75, 76, 77, 78, 79, 80, 81, 82, 83, 84, 85, 86, 87, 88, 89, 90, 91, 92, 93, 94, 95, 96, 97, 98, 99, 100, 101, 102, 103, 104, 105, 106, 107, 108, 109, 110, 111, 112, 113, 114, 115]}

MSE - mean: 5415298.06796
MSE - std: 536834.91423
R2 - mean: 0.35397
R2 - std: 0.01913

Train time: 29.771800
Test time: 0.737875

---------------------------------------
2025-06-19 15:14:47.410065
Parameters: {'learning_rate': 0.2, 'max_depth': 2, 'l2_leaf_reg': 1.0, 'iterations': 100, 'od_type': 'Iter', 'od_wait': 20, 'verbose': 100, 'train_dir': 'output/CatBoost/Allstate_Claims/catboost_info', 'cat_features': [0, 1, 2, 3, 4, 5, 6, 7, 8, 9, 10, 11, 12, 13, 14, 15, 16, 17, 18, 19, 20, 21, 22, 23, 24, 25, 26, 27, 28, 29, 30, 31, 32, 33, 34, 35, 36, 37, 38, 39, 40, 41, 42, 43, 44, 45, 46, 47, 48, 49, 50, 51, 52, 53, 54, 55, 56, 57, 58, 59, 60, 61, 62, 63, 64, 65, 66, 67, 68, 69, 70, 71, 72, 73, 74, 75, 76, 77, 78, 79, 80, 81, 82, 83, 84, 85, 86, 87, 88, 89, 90, 91, 92, 93, 94, 95, 96, 97, 98, 99, 100, 101, 102, 103, 104, 105, 106, 107, 108, 109, 110, 111, 112, 113, 114, 115]}

MSE - mean: 4026714.31773
MSE - std: 424003.12019
R2 - mean: 0.51974
R2 - std: 0.01869

Train time: 13.946093
Test time: 0.705427

---------------------------------------
2025-06-19 15:15:51.827084
Parameters: {'learning_rate': 0.01, 'max_depth': 2, 'l2_leaf_reg': 30.0, 'iterations': 100, 'od_type': 'Iter', 'od_wait': 20, 'verbose': 100, 'train_dir': 'output/CatBoost/Allstate_Claims/catboost_info', 'cat_features': [0, 1, 2, 3, 4, 5, 6, 7, 8, 9, 10, 11, 12, 13, 14, 15, 16, 17, 18, 19, 20, 21, 22, 23, 24, 25, 26, 27, 28, 29, 30, 31, 32, 33, 34, 35, 36, 37, 38, 39, 40, 41, 42, 43, 44, 45, 46, 47, 48, 49, 50, 51, 52, 53, 54, 55, 56, 57, 58, 59, 60, 61, 62, 63, 64, 65, 66, 67, 68, 69, 70, 71, 72, 73, 74, 75, 76, 77, 78, 79, 80, 81, 82, 83, 84, 85, 86, 87, 88, 89, 90, 91, 92, 93, 94, 95, 96, 97, 98, 99, 100, 101, 102, 103, 104, 105, 106, 107, 108, 109, 110, 111, 112, 113, 114, 115]}

MSE - mean: 6058172.68242
MSE - std: 556836.77516
R2 - mean: 0.27697
R2 - std: 0.01578

Train time: 14.297905
Test time: 0.684535

---------------------------------------
2025-06-19 15:17:29.815063
Parameters: {'learning_rate': 0.2, 'max_depth': 10, 'l2_leaf_reg': 0.5, 'iterations': 100, 'od_type': 'Iter', 'od_wait': 20, 'verbose': 100, 'train_dir': 'output/CatBoost/Allstate_Claims/catboost_info', 'cat_features': [0, 1, 2, 3, 4, 5, 6, 7, 8, 9, 10, 11, 12, 13, 14, 15, 16, 17, 18, 19, 20, 21, 22, 23, 24, 25, 26, 27, 28, 29, 30, 31, 32, 33, 34, 35, 36, 37, 38, 39, 40, 41, 42, 43, 44, 45, 46, 47, 48, 49, 50, 51, 52, 53, 54, 55, 56, 57, 58, 59, 60, 61, 62, 63, 64, 65, 66, 67, 68, 69, 70, 71, 72, 73, 74, 75, 76, 77, 78, 79, 80, 81, 82, 83, 84, 85, 86, 87, 88, 89, 90, 91, 92, 93, 94, 95, 96, 97, 98, 99, 100, 101, 102, 103, 104, 105, 106, 107, 108, 109, 110, 111, 112, 113, 114, 115]}

MSE - mean: 3703696.10696
MSE - std: 413109.73819
R2 - mean: 0.55836
R2 - std: 0.02097

Train time: 66.164485
Test time: 0.735635

---------------------------------------
2025-06-19 15:18:38.581006
Parameters: {'learning_rate': 0.1, 'max_depth': 6, 'l2_leaf_reg': 30.0, 'iterations': 100, 'od_type': 'Iter', 'od_wait': 20, 'verbose': 100, 'train_dir': 'output/CatBoost/Allstate_Claims/catboost_info', 'cat_features': [0, 1, 2, 3, 4, 5, 6, 7, 8, 9, 10, 11, 12, 13, 14, 15, 16, 17, 18, 19, 20, 21, 22, 23, 24, 25, 26, 27, 28, 29, 30, 31, 32, 33, 34, 35, 36, 37, 38, 39, 40, 41, 42, 43, 44, 45, 46, 47, 48, 49, 50, 51, 52, 53, 54, 55, 56, 57, 58, 59, 60, 61, 62, 63, 64, 65, 66, 67, 68, 69, 70, 71, 72, 73, 74, 75, 76, 77, 78, 79, 80, 81, 82, 83, 84, 85, 86, 87, 88, 89, 90, 91, 92, 93, 94, 95, 96, 97, 98, 99, 100, 101, 102, 103, 104, 105, 106, 107, 108, 109, 110, 111, 112, 113, 114, 115]}

MSE - mean: 3965689.53108
MSE - std: 386552.01647
R2 - mean: 0.52674
R2 - std: 0.01701

Train time: 27.733723
Test time: 0.737321

---------------------------------------
2025-06-19 15:21:01.627659
Parameters: {'learning_rate': 0.3, 'max_depth': 12, 'l2_leaf_reg': 0.5, 'iterations': 100, 'od_type': 'Iter', 'od_wait': 20, 'verbose': 100, 'train_dir': 'output/CatBoost/Allstate_Claims/catboost_info', 'cat_features': [0, 1, 2, 3, 4, 5, 6, 7, 8, 9, 10, 11, 12, 13, 14, 15, 16, 17, 18, 19, 20, 21, 22, 23, 24, 25, 26, 27, 28, 29, 30, 31, 32, 33, 34, 35, 36, 37, 38, 39, 40, 41, 42, 43, 44, 45, 46, 47, 48, 49, 50, 51, 52, 53, 54, 55, 56, 57, 58, 59, 60, 61, 62, 63, 64, 65, 66, 67, 68, 69, 70, 71, 72, 73, 74, 75, 76, 77, 78, 79, 80, 81, 82, 83, 84, 85, 86, 87, 88, 89, 90, 91, 92, 93, 94, 95, 96, 97, 98, 99, 100, 101, 102, 103, 104, 105, 106, 107, 108, 109, 110, 111, 112, 113, 114, 115]}

MSE - mean: 3930640.65511
MSE - std: 460981.26923
R2 - mean: 0.53148
R2 - std: 0.02438

Train time: 132.015306
Test time: 0.720634

---------------------------------------
2025-06-19 15:22:08.001791
Parameters: {'learning_rate': 0.1, 'max_depth': 6, 'l2_leaf_reg': 1.0, 'iterations': 100, 'od_type': 'Iter', 'od_wait': 20, 'verbose': 100, 'train_dir': 'output/CatBoost/Allstate_Claims/catboost_info', 'cat_features': [0, 1, 2, 3, 4, 5, 6, 7, 8, 9, 10, 11, 12, 13, 14, 15, 16, 17, 18, 19, 20, 21, 22, 23, 24, 25, 26, 27, 28, 29, 30, 31, 32, 33, 34, 35, 36, 37, 38, 39, 40, 41, 42, 43, 44, 45, 46, 47, 48, 49, 50, 51, 52, 53, 54, 55, 56, 57, 58, 59, 60, 61, 62, 63, 64, 65, 66, 67, 68, 69, 70, 71, 72, 73, 74, 75, 76, 77, 78, 79, 80, 81, 82, 83, 84, 85, 86, 87, 88, 89, 90, 91, 92, 93, 94, 95, 96, 97, 98, 99, 100, 101, 102, 103, 104, 105, 106, 107, 108, 109, 110, 111, 112, 113, 114, 115]}

MSE - mean: 3750171.24301
MSE - std: 377133.81914
R2 - mean: 0.55252
R2 - std: 0.01728

Train time: 28.531241
Test time: 0.682552

---------------------------------------
2025-06-19 15:23:15.926954
Parameters: {'learning_rate': 0.1, 'max_depth': 6, 'l2_leaf_reg': 5.0, 'iterations': 100, 'od_type': 'Iter', 'od_wait': 20, 'verbose': 100, 'train_dir': 'output/CatBoost/Allstate_Claims/catboost_info', 'cat_features': [0, 1, 2, 3, 4, 5, 6, 7, 8, 9, 10, 11, 12, 13, 14, 15, 16, 17, 18, 19, 20, 21, 22, 23, 24, 25, 26, 27, 28, 29, 30, 31, 32, 33, 34, 35, 36, 37, 38, 39, 40, 41, 42, 43, 44, 45, 46, 47, 48, 49, 50, 51, 52, 53, 54, 55, 56, 57, 58, 59, 60, 61, 62, 63, 64, 65, 66, 67, 68, 69, 70, 71, 72, 73, 74, 75, 76, 77, 78, 79, 80, 81, 82, 83, 84, 85, 86, 87, 88, 89, 90, 91, 92, 93, 94, 95, 96, 97, 98, 99, 100, 101, 102, 103, 104, 105, 106, 107, 108, 109, 110, 111, 112, 113, 114, 115]}

MSE - mean: 3791005.44344
MSE - std: 409851.92554
R2 - mean: 0.54786
R2 - std: 0.02016

Train time: 28.038795
Test time: 0.717296

---------------------------------------
2025-06-19 15:24:22.718529
Parameters: {'learning_rate': 0.3, 'max_depth': 6, 'l2_leaf_reg': 30.0, 'iterations': 100, 'od_type': 'Iter', 'od_wait': 20, 'verbose': 100, 'train_dir': 'output/CatBoost/Allstate_Claims/catboost_info', 'cat_features': [0, 1, 2, 3, 4, 5, 6, 7, 8, 9, 10, 11, 12, 13, 14, 15, 16, 17, 18, 19, 20, 21, 22, 23, 24, 25, 26, 27, 28, 29, 30, 31, 32, 33, 34, 35, 36, 37, 38, 39, 40, 41, 42, 43, 44, 45, 46, 47, 48, 49, 50, 51, 52, 53, 54, 55, 56, 57, 58, 59, 60, 61, 62, 63, 64, 65, 66, 67, 68, 69, 70, 71, 72, 73, 74, 75, 76, 77, 78, 79, 80, 81, 82, 83, 84, 85, 86, 87, 88, 89, 90, 91, 92, 93, 94, 95, 96, 97, 98, 99, 100, 101, 102, 103, 104, 105, 106, 107, 108, 109, 110, 111, 112, 113, 114, 115]}

MSE - mean: 3763547.96274
MSE - std: 368446.24782
R2 - mean: 0.55081
R2 - std: 0.01758

Train time: 28.080561
Test time: 0.696038

---------------------------------------
2025-06-19 15:25:48.122972
Parameters: {'learning_rate': 0.3, 'max_depth': 10, 'l2_leaf_reg': 30.0, 'iterations': 100, 'od_type': 'Iter', 'od_wait': 20, 'verbose': 100, 'train_dir': 'output/CatBoost/Allstate_Claims/catboost_info', 'cat_features': [0, 1, 2, 3, 4, 5, 6, 7, 8, 9, 10, 11, 12, 13, 14, 15, 16, 17, 18, 19, 20, 21, 22, 23, 24, 25, 26, 27, 28, 29, 30, 31, 32, 33, 34, 35, 36, 37, 38, 39, 40, 41, 42, 43, 44, 45, 46, 47, 48, 49, 50, 51, 52, 53, 54, 55, 56, 57, 58, 59, 60, 61, 62, 63, 64, 65, 66, 67, 68, 69, 70, 71, 72, 73, 74, 75, 76, 77, 78, 79, 80, 81, 82, 83, 84, 85, 86, 87, 88, 89, 90, 91, 92, 93, 94, 95, 96, 97, 98, 99, 100, 101, 102, 103, 104, 105, 106, 107, 108, 109, 110, 111, 112, 113, 114, 115]}

MSE - mean: 3770996.46304
MSE - std: 389755.45366
R2 - mean: 0.55016
R2 - std: 0.01747

Train time: 57.807729
Test time: 0.705656

---------------------------------------
2025-06-19 15:27:07.803927
Parameters: {'learning_rate': 0.1, 'max_depth': 6, 'l2_leaf_reg': 10.0, 'iterations': 100, 'od_type': 'Iter', 'od_wait': 20, 'verbose': 100, 'train_dir': 'output/CatBoost/Allstate_Claims/catboost_info', 'cat_features': [0, 1, 2, 3, 4, 5, 6, 7, 8, 9, 10, 11, 12, 13, 14, 15, 16, 17, 18, 19, 20, 21, 22, 23, 24, 25, 26, 27, 28, 29, 30, 31, 32, 33, 34, 35, 36, 37, 38, 39, 40, 41, 42, 43, 44, 45, 46, 47, 48, 49, 50, 51, 52, 53, 54, 55, 56, 57, 58, 59, 60, 61, 62, 63, 64, 65, 66, 67, 68, 69, 70, 71, 72, 73, 74, 75, 76, 77, 78, 79, 80, 81, 82, 83, 84, 85, 86, 87, 88, 89, 90, 91, 92, 93, 94, 95, 96, 97, 98, 99, 100, 101, 102, 103, 104, 105, 106, 107, 108, 109, 110, 111, 112, 113, 114, 115]}

MSE - mean: 3848440.21323
MSE - std: 407138.03380
R2 - mean: 0.54099
R2 - std: 0.01866

Train time: 30.561891
Test time: 0.769604

---------------------------------------
2025-06-19 15:28:11.981178
Parameters: {'learning_rate': 0.001, 'max_depth': 2, 'l2_leaf_reg': 1.0, 'iterations': 100, 'od_type': 'Iter', 'od_wait': 20, 'verbose': 100, 'train_dir': 'output/CatBoost/Allstate_Claims/catboost_info', 'cat_features': [0, 1, 2, 3, 4, 5, 6, 7, 8, 9, 10, 11, 12, 13, 14, 15, 16, 17, 18, 19, 20, 21, 22, 23, 24, 25, 26, 27, 28, 29, 30, 31, 32, 33, 34, 35, 36, 37, 38, 39, 40, 41, 42, 43, 44, 45, 46, 47, 48, 49, 50, 51, 52, 53, 54, 55, 56, 57, 58, 59, 60, 61, 62, 63, 64, 65, 66, 67, 68, 69, 70, 71, 72, 73, 74, 75, 76, 77, 78, 79, 80, 81, 82, 83, 84, 85, 86, 87, 88, 89, 90, 91, 92, 93, 94, 95, 96, 97, 98, 99, 100, 101, 102, 103, 104, 105, 106, 107, 108, 109, 110, 111, 112, 113, 114, 115]}

MSE - mean: 7938050.28292
MSE - std: 585787.57346
R2 - mean: 0.05151
R2 - std: 0.00333

Train time: 14.566728
Test time: 0.703436

---------------------------------------
2025-06-19 15:29:47.516553
Parameters: {'learning_rate': 0.2, 'max_depth': 10, 'l2_leaf_reg': 30.0, 'iterations': 100, 'od_type': 'Iter', 'od_wait': 20, 'verbose': 100, 'train_dir': 'output/CatBoost/Allstate_Claims/catboost_info', 'cat_features': [0, 1, 2, 3, 4, 5, 6, 7, 8, 9, 10, 11, 12, 13, 14, 15, 16, 17, 18, 19, 20, 21, 22, 23, 24, 25, 26, 27, 28, 29, 30, 31, 32, 33, 34, 35, 36, 37, 38, 39, 40, 41, 42, 43, 44, 45, 46, 47, 48, 49, 50, 51, 52, 53, 54, 55, 56, 57, 58, 59, 60, 61, 62, 63, 64, 65, 66, 67, 68, 69, 70, 71, 72, 73, 74, 75, 76, 77, 78, 79, 80, 81, 82, 83, 84, 85, 86, 87, 88, 89, 90, 91, 92, 93, 94, 95, 96, 97, 98, 99, 100, 101, 102, 103, 104, 105, 106, 107, 108, 109, 110, 111, 112, 113, 114, 115]}

MSE - mean: 3819756.19972
MSE - std: 402497.41743
R2 - mean: 0.54440
R2 - std: 0.01872

Train time: 58.683716
Test time: 0.778623

---------------------------------------
2025-06-19 15:30:49.235581
Parameters: {'learning_rate': 0.2, 'max_depth': 2, 'l2_leaf_reg': 10.0, 'iterations': 100, 'od_type': 'Iter', 'od_wait': 20, 'verbose': 100, 'train_dir': 'output/CatBoost/Allstate_Claims/catboost_info', 'cat_features': [0, 1, 2, 3, 4, 5, 6, 7, 8, 9, 10, 11, 12, 13, 14, 15, 16, 17, 18, 19, 20, 21, 22, 23, 24, 25, 26, 27, 28, 29, 30, 31, 32, 33, 34, 35, 36, 37, 38, 39, 40, 41, 42, 43, 44, 45, 46, 47, 48, 49, 50, 51, 52, 53, 54, 55, 56, 57, 58, 59, 60, 61, 62, 63, 64, 65, 66, 67, 68, 69, 70, 71, 72, 73, 74, 75, 76, 77, 78, 79, 80, 81, 82, 83, 84, 85, 86, 87, 88, 89, 90, 91, 92, 93, 94, 95, 96, 97, 98, 99, 100, 101, 102, 103, 104, 105, 106, 107, 108, 109, 110, 111, 112, 113, 114, 115]}

MSE - mean: 4066802.09213
MSE - std: 424509.76981
R2 - mean: 0.51490
R2 - std: 0.01909

Train time: 14.479426
Test time: 0.687415

---------------------------------------
2025-06-19 15:32:06.768353
Parameters: {'learning_rate': 0.3, 'max_depth': 6, 'l2_leaf_reg': 10.0, 'iterations': 100, 'od_type': 'Iter', 'od_wait': 20, 'verbose': 100, 'train_dir': 'output/CatBoost/Allstate_Claims/catboost_info', 'cat_features': [0, 1, 2, 3, 4, 5, 6, 7, 8, 9, 10, 11, 12, 13, 14, 15, 16, 17, 18, 19, 20, 21, 22, 23, 24, 25, 26, 27, 28, 29, 30, 31, 32, 33, 34, 35, 36, 37, 38, 39, 40, 41, 42, 43, 44, 45, 46, 47, 48, 49, 50, 51, 52, 53, 54, 55, 56, 57, 58, 59, 60, 61, 62, 63, 64, 65, 66, 67, 68, 69, 70, 71, 72, 73, 74, 75, 76, 77, 78, 79, 80, 81, 82, 83, 84, 85, 86, 87, 88, 89, 90, 91, 92, 93, 94, 95, 96, 97, 98, 99, 100, 101, 102, 103, 104, 105, 106, 107, 108, 109, 110, 111, 112, 113, 114, 115]}

MSE - mean: 3703783.79930
MSE - std: 393420.67978
R2 - mean: 0.55820
R2 - std: 0.01938

Train time: 30.181536
Test time: 0.767574

---------------------------------------
2025-06-19 15:33:18.996189
Parameters: {'learning_rate': 0.01, 'max_depth': 6, 'l2_leaf_reg': 1.0, 'iterations': 100, 'od_type': 'Iter', 'od_wait': 20, 'verbose': 100, 'train_dir': 'output/CatBoost/Allstate_Claims/catboost_info', 'cat_features': [0, 1, 2, 3, 4, 5, 6, 7, 8, 9, 10, 11, 12, 13, 14, 15, 16, 17, 18, 19, 20, 21, 22, 23, 24, 25, 26, 27, 28, 29, 30, 31, 32, 33, 34, 35, 36, 37, 38, 39, 40, 41, 42, 43, 44, 45, 46, 47, 48, 49, 50, 51, 52, 53, 54, 55, 56, 57, 58, 59, 60, 61, 62, 63, 64, 65, 66, 67, 68, 69, 70, 71, 72, 73, 74, 75, 76, 77, 78, 79, 80, 81, 82, 83, 84, 85, 86, 87, 88, 89, 90, 91, 92, 93, 94, 95, 96, 97, 98, 99, 100, 101, 102, 103, 104, 105, 106, 107, 108, 109, 110, 111, 112, 113, 114, 115]}

MSE - mean: 5282836.61752
MSE - std: 507621.60441
R2 - mean: 0.36966
R2 - std: 0.01694

Train time: 28.540578
Test time: 0.692469

---------------------------------------
2025-06-19 15:34:38.428986
Parameters: {'learning_rate': 0.3, 'max_depth': 6, 'l2_leaf_reg': 1.0, 'iterations': 100, 'od_type': 'Iter', 'od_wait': 20, 'verbose': 100, 'train_dir': 'output/CatBoost/Allstate_Claims/catboost_info', 'cat_features': [0, 1, 2, 3, 4, 5, 6, 7, 8, 9, 10, 11, 12, 13, 14, 15, 16, 17, 18, 19, 20, 21, 22, 23, 24, 25, 26, 27, 28, 29, 30, 31, 32, 33, 34, 35, 36, 37, 38, 39, 40, 41, 42, 43, 44, 45, 46, 47, 48, 49, 50, 51, 52, 53, 54, 55, 56, 57, 58, 59, 60, 61, 62, 63, 64, 65, 66, 67, 68, 69, 70, 71, 72, 73, 74, 75, 76, 77, 78, 79, 80, 81, 82, 83, 84, 85, 86, 87, 88, 89, 90, 91, 92, 93, 94, 95, 96, 97, 98, 99, 100, 101, 102, 103, 104, 105, 106, 107, 108, 109, 110, 111, 112, 113, 114, 115]}

MSE - mean: 3662044.88636
MSE - std: 362875.84839
R2 - mean: 0.56293
R2 - std: 0.01763

Train time: 30.485426
Test time: 0.797233

---------------------------------------
2025-06-19 15:35:50.857530
Parameters: {'learning_rate': 0.001, 'max_depth': 6, 'l2_leaf_reg': 30.0, 'iterations': 100, 'od_type': 'Iter', 'od_wait': 20, 'verbose': 100, 'train_dir': 'output/CatBoost/Allstate_Claims/catboost_info', 'cat_features': [0, 1, 2, 3, 4, 5, 6, 7, 8, 9, 10, 11, 12, 13, 14, 15, 16, 17, 18, 19, 20, 21, 22, 23, 24, 25, 26, 27, 28, 29, 30, 31, 32, 33, 34, 35, 36, 37, 38, 39, 40, 41, 42, 43, 44, 45, 46, 47, 48, 49, 50, 51, 52, 53, 54, 55, 56, 57, 58, 59, 60, 61, 62, 63, 64, 65, 66, 67, 68, 69, 70, 71, 72, 73, 74, 75, 76, 77, 78, 79, 80, 81, 82, 83, 84, 85, 86, 87, 88, 89, 90, 91, 92, 93, 94, 95, 96, 97, 98, 99, 100, 101, 102, 103, 104, 105, 106, 107, 108, 109, 110, 111, 112, 113, 114, 115]}

MSE - mean: 7822650.28486
MSE - std: 579442.98951
R2 - mean: 0.06532
R2 - std: 0.00353

Train time: 28.233293
Test time: 0.662216

---------------------------------------
2025-06-19 15:37:34.003697
Parameters: {'learning_rate': 0.01, 'max_depth': 10, 'l2_leaf_reg': 5.0, 'iterations': 100, 'od_type': 'Iter', 'od_wait': 20, 'verbose': 100, 'train_dir': 'output/CatBoost/Allstate_Claims/catboost_info', 'cat_features': [0, 1, 2, 3, 4, 5, 6, 7, 8, 9, 10, 11, 12, 13, 14, 15, 16, 17, 18, 19, 20, 21, 22, 23, 24, 25, 26, 27, 28, 29, 30, 31, 32, 33, 34, 35, 36, 37, 38, 39, 40, 41, 42, 43, 44, 45, 46, 47, 48, 49, 50, 51, 52, 53, 54, 55, 56, 57, 58, 59, 60, 61, 62, 63, 64, 65, 66, 67, 68, 69, 70, 71, 72, 73, 74, 75, 76, 77, 78, 79, 80, 81, 82, 83, 84, 85, 86, 87, 88, 89, 90, 91, 92, 93, 94, 95, 96, 97, 98, 99, 100, 101, 102, 103, 104, 105, 106, 107, 108, 109, 110, 111, 112, 113, 114, 115]}

MSE - mean: 5157611.00185
MSE - std: 520182.84738
R2 - mean: 0.38478
R2 - std: 0.01945

Train time: 68.899119
Test time: 0.761380

---------------------------------------
2025-06-19 15:39:58.495709
Parameters: {'learning_rate': 0.3, 'max_depth': 12, 'l2_leaf_reg': 1.0, 'iterations': 100, 'od_type': 'Iter', 'od_wait': 20, 'verbose': 100, 'train_dir': 'output/CatBoost/Allstate_Claims/catboost_info', 'cat_features': [0, 1, 2, 3, 4, 5, 6, 7, 8, 9, 10, 11, 12, 13, 14, 15, 16, 17, 18, 19, 20, 21, 22, 23, 24, 25, 26, 27, 28, 29, 30, 31, 32, 33, 34, 35, 36, 37, 38, 39, 40, 41, 42, 43, 44, 45, 46, 47, 48, 49, 50, 51, 52, 53, 54, 55, 56, 57, 58, 59, 60, 61, 62, 63, 64, 65, 66, 67, 68, 69, 70, 71, 72, 73, 74, 75, 76, 77, 78, 79, 80, 81, 82, 83, 84, 85, 86, 87, 88, 89, 90, 91, 92, 93, 94, 95, 96, 97, 98, 99, 100, 101, 102, 103, 104, 105, 106, 107, 108, 109, 110, 111, 112, 113, 114, 115]}

MSE - mean: 3914618.20668
MSE - std: 461963.91658
R2 - mean: 0.53334
R2 - std: 0.02590

Train time: 129.178002
Test time: 0.742997

---------------------------------------
2025-06-19 15:41:10.715774
Parameters: {'learning_rate': 0.01, 'max_depth': 6, 'l2_leaf_reg': 10.0, 'iterations': 100, 'od_type': 'Iter', 'od_wait': 20, 'verbose': 100, 'train_dir': 'output/CatBoost/Allstate_Claims/catboost_info', 'cat_features': [0, 1, 2, 3, 4, 5, 6, 7, 8, 9, 10, 11, 12, 13, 14, 15, 16, 17, 18, 19, 20, 21, 22, 23, 24, 25, 26, 27, 28, 29, 30, 31, 32, 33, 34, 35, 36, 37, 38, 39, 40, 41, 42, 43, 44, 45, 46, 47, 48, 49, 50, 51, 52, 53, 54, 55, 56, 57, 58, 59, 60, 61, 62, 63, 64, 65, 66, 67, 68, 69, 70, 71, 72, 73, 74, 75, 76, 77, 78, 79, 80, 81, 82, 83, 84, 85, 86, 87, 88, 89, 90, 91, 92, 93, 94, 95, 96, 97, 98, 99, 100, 101, 102, 103, 104, 105, 106, 107, 108, 109, 110, 111, 112, 113, 114, 115]}

MSE - mean: 5311631.58328
MSE - std: 524745.27925
R2 - mean: 0.36632
R2 - std: 0.01870

Train time: 29.421896
Test time: 0.718283

---------------------------------------
2025-06-19 15:42:44.812248
Parameters: {'learning_rate': 0.3, 'max_depth': 10, 'l2_leaf_reg': 5.0, 'iterations': 100, 'od_type': 'Iter', 'od_wait': 20, 'verbose': 100, 'train_dir': 'output/CatBoost/Allstate_Claims/catboost_info', 'cat_features': [0, 1, 2, 3, 4, 5, 6, 7, 8, 9, 10, 11, 12, 13, 14, 15, 16, 17, 18, 19, 20, 21, 22, 23, 24, 25, 26, 27, 28, 29, 30, 31, 32, 33, 34, 35, 36, 37, 38, 39, 40, 41, 42, 43, 44, 45, 46, 47, 48, 49, 50, 51, 52, 53, 54, 55, 56, 57, 58, 59, 60, 61, 62, 63, 64, 65, 66, 67, 68, 69, 70, 71, 72, 73, 74, 75, 76, 77, 78, 79, 80, 81, 82, 83, 84, 85, 86, 87, 88, 89, 90, 91, 92, 93, 94, 95, 96, 97, 98, 99, 100, 101, 102, 103, 104, 105, 106, 107, 108, 109, 110, 111, 112, 113, 114, 115]}

MSE - mean: 3732098.76693
MSE - std: 438187.95471
R2 - mean: 0.55512
R2 - std: 0.02381

Train time: 63.167135
Test time: 0.755902

---------------------------------------
2025-06-19 15:43:43.377243
Parameters: {'learning_rate': 0.2, 'max_depth': 2, 'l2_leaf_reg': 0.5, 'iterations': 100, 'od_type': 'Iter', 'od_wait': 20, 'verbose': 100, 'train_dir': 'output/CatBoost/Allstate_Claims/catboost_info', 'cat_features': [0, 1, 2, 3, 4, 5, 6, 7, 8, 9, 10, 11, 12, 13, 14, 15, 16, 17, 18, 19, 20, 21, 22, 23, 24, 25, 26, 27, 28, 29, 30, 31, 32, 33, 34, 35, 36, 37, 38, 39, 40, 41, 42, 43, 44, 45, 46, 47, 48, 49, 50, 51, 52, 53, 54, 55, 56, 57, 58, 59, 60, 61, 62, 63, 64, 65, 66, 67, 68, 69, 70, 71, 72, 73, 74, 75, 76, 77, 78, 79, 80, 81, 82, 83, 84, 85, 86, 87, 88, 89, 90, 91, 92, 93, 94, 95, 96, 97, 98, 99, 100, 101, 102, 103, 104, 105, 106, 107, 108, 109, 110, 111, 112, 113, 114, 115]}

MSE - mean: 4028958.00605
MSE - std: 450279.63579
R2 - mean: 0.51963
R2 - std: 0.02192

Train time: 13.858713
Test time: 0.684356

---------------------------------------
2025-06-19 15:44:48.206967
Parameters: {'learning_rate': 0.1, 'max_depth': 2, 'l2_leaf_reg': 30.0, 'iterations': 100, 'od_type': 'Iter', 'od_wait': 20, 'verbose': 100, 'train_dir': 'output/CatBoost/Allstate_Claims/catboost_info', 'cat_features': [0, 1, 2, 3, 4, 5, 6, 7, 8, 9, 10, 11, 12, 13, 14, 15, 16, 17, 18, 19, 20, 21, 22, 23, 24, 25, 26, 27, 28, 29, 30, 31, 32, 33, 34, 35, 36, 37, 38, 39, 40, 41, 42, 43, 44, 45, 46, 47, 48, 49, 50, 51, 52, 53, 54, 55, 56, 57, 58, 59, 60, 61, 62, 63, 64, 65, 66, 67, 68, 69, 70, 71, 72, 73, 74, 75, 76, 77, 78, 79, 80, 81, 82, 83, 84, 85, 86, 87, 88, 89, 90, 91, 92, 93, 94, 95, 96, 97, 98, 99, 100, 101, 102, 103, 104, 105, 106, 107, 108, 109, 110, 111, 112, 113, 114, 115]}

MSE - mean: 4339972.41490
MSE - std: 436575.58608
R2 - mean: 0.48224
R2 - std: 0.01753

Train time: 14.552631
Test time: 0.711165

---------------------------------------
2025-06-19 15:46:18.846518
Parameters: {'learning_rate': 0.1, 'max_depth': 10, 'l2_leaf_reg': 10.0, 'iterations': 100, 'od_type': 'Iter', 'od_wait': 20, 'verbose': 100, 'train_dir': 'output/CatBoost/Allstate_Claims/catboost_info', 'cat_features': [0, 1, 2, 3, 4, 5, 6, 7, 8, 9, 10, 11, 12, 13, 14, 15, 16, 17, 18, 19, 20, 21, 22, 23, 24, 25, 26, 27, 28, 29, 30, 31, 32, 33, 34, 35, 36, 37, 38, 39, 40, 41, 42, 43, 44, 45, 46, 47, 48, 49, 50, 51, 52, 53, 54, 55, 56, 57, 58, 59, 60, 61, 62, 63, 64, 65, 66, 67, 68, 69, 70, 71, 72, 73, 74, 75, 76, 77, 78, 79, 80, 81, 82, 83, 84, 85, 86, 87, 88, 89, 90, 91, 92, 93, 94, 95, 96, 97, 98, 99, 100, 101, 102, 103, 104, 105, 106, 107, 108, 109, 110, 111, 112, 113, 114, 115]}

MSE - mean: 3818693.90246
MSE - std: 435861.14700
R2 - mean: 0.54476
R2 - std: 0.02220

Train time: 57.550116
Test time: 0.725333

---------------------------------------
2025-06-19 15:48:20.663180
Parameters: {'learning_rate': 0.01, 'max_depth': 12, 'l2_leaf_reg': 30.0, 'iterations': 100, 'od_type': 'Iter', 'od_wait': 20, 'verbose': 100, 'train_dir': 'output/CatBoost/Allstate_Claims/catboost_info', 'cat_features': [0, 1, 2, 3, 4, 5, 6, 7, 8, 9, 10, 11, 12, 13, 14, 15, 16, 17, 18, 19, 20, 21, 22, 23, 24, 25, 26, 27, 28, 29, 30, 31, 32, 33, 34, 35, 36, 37, 38, 39, 40, 41, 42, 43, 44, 45, 46, 47, 48, 49, 50, 51, 52, 53, 54, 55, 56, 57, 58, 59, 60, 61, 62, 63, 64, 65, 66, 67, 68, 69, 70, 71, 72, 73, 74, 75, 76, 77, 78, 79, 80, 81, 82, 83, 84, 85, 86, 87, 88, 89, 90, 91, 92, 93, 94, 95, 96, 97, 98, 99, 100, 101, 102, 103, 104, 105, 106, 107, 108, 109, 110, 111, 112, 113, 114, 115]}

MSE - mean: 5377031.10896
MSE - std: 529295.20722
R2 - mean: 0.35852
R2 - std: 0.01816

Train time: 103.742366
Test time: 0.712723

---------------------------------------
2025-06-19 15:49:21.394566
Parameters: {'learning_rate': 0.3, 'max_depth': 2, 'l2_leaf_reg': 1.0, 'iterations': 100, 'od_type': 'Iter', 'od_wait': 20, 'verbose': 100, 'train_dir': 'output/CatBoost/Allstate_Claims/catboost_info', 'cat_features': [0, 1, 2, 3, 4, 5, 6, 7, 8, 9, 10, 11, 12, 13, 14, 15, 16, 17, 18, 19, 20, 21, 22, 23, 24, 25, 26, 27, 28, 29, 30, 31, 32, 33, 34, 35, 36, 37, 38, 39, 40, 41, 42, 43, 44, 45, 46, 47, 48, 49, 50, 51, 52, 53, 54, 55, 56, 57, 58, 59, 60, 61, 62, 63, 64, 65, 66, 67, 68, 69, 70, 71, 72, 73, 74, 75, 76, 77, 78, 79, 80, 81, 82, 83, 84, 85, 86, 87, 88, 89, 90, 91, 92, 93, 94, 95, 96, 97, 98, 99, 100, 101, 102, 103, 104, 105, 106, 107, 108, 109, 110, 111, 112, 113, 114, 115]}

MSE - mean: 3960757.17390
MSE - std: 407815.21211
R2 - mean: 0.52747
R2 - std: 0.01892

Train time: 13.930390
Test time: 0.689396

---------------------------------------
2025-06-19 15:50:32.021023
Parameters: {'learning_rate': 0.001, 'max_depth': 6, 'l2_leaf_reg': 1.0, 'iterations': 100, 'od_type': 'Iter', 'od_wait': 20, 'verbose': 100, 'train_dir': 'output/CatBoost/Allstate_Claims/catboost_info', 'cat_features': [0, 1, 2, 3, 4, 5, 6, 7, 8, 9, 10, 11, 12, 13, 14, 15, 16, 17, 18, 19, 20, 21, 22, 23, 24, 25, 26, 27, 28, 29, 30, 31, 32, 33, 34, 35, 36, 37, 38, 39, 40, 41, 42, 43, 44, 45, 46, 47, 48, 49, 50, 51, 52, 53, 54, 55, 56, 57, 58, 59, 60, 61, 62, 63, 64, 65, 66, 67, 68, 69, 70, 71, 72, 73, 74, 75, 76, 77, 78, 79, 80, 81, 82, 83, 84, 85, 86, 87, 88, 89, 90, 91, 92, 93, 94, 95, 96, 97, 98, 99, 100, 101, 102, 103, 104, 105, 106, 107, 108, 109, 110, 111, 112, 113, 114, 115]}

MSE - mean: 7765918.23055
MSE - std: 577992.91550
R2 - mean: 0.07211
R2 - std: 0.00391

Train time: 29.000983
Test time: 0.665352

---------------------------------------
2025-06-19 15:52:23.021771
Parameters: {'learning_rate': 0.001, 'max_depth': 12, 'l2_leaf_reg': 30.0, 'iterations': 100, 'od_type': 'Iter', 'od_wait': 20, 'verbose': 100, 'train_dir': 'output/CatBoost/Allstate_Claims/catboost_info', 'cat_features': [0, 1, 2, 3, 4, 5, 6, 7, 8, 9, 10, 11, 12, 13, 14, 15, 16, 17, 18, 19, 20, 21, 22, 23, 24, 25, 26, 27, 28, 29, 30, 31, 32, 33, 34, 35, 36, 37, 38, 39, 40, 41, 42, 43, 44, 45, 46, 47, 48, 49, 50, 51, 52, 53, 54, 55, 56, 57, 58, 59, 60, 61, 62, 63, 64, 65, 66, 67, 68, 69, 70, 71, 72, 73, 74, 75, 76, 77, 78, 79, 80, 81, 82, 83, 84, 85, 86, 87, 88, 89, 90, 91, 92, 93, 94, 95, 96, 97, 98, 99, 100, 101, 102, 103, 104, 105, 106, 107, 108, 109, 110, 111, 112, 113, 114, 115]}

MSE - mean: 7822936.77733
MSE - std: 578579.86277
R2 - mean: 0.06527
R2 - std: 0.00340

Train time: 90.070700
Test time: 0.695734

---------------------------------------
2025-06-19 15:53:34.069033
Parameters: {'learning_rate': 0.1, 'max_depth': 6, 'l2_leaf_reg': 0.5, 'iterations': 100, 'od_type': 'Iter', 'od_wait': 20, 'verbose': 100, 'train_dir': 'output/CatBoost/Allstate_Claims/catboost_info', 'cat_features': [0, 1, 2, 3, 4, 5, 6, 7, 8, 9, 10, 11, 12, 13, 14, 15, 16, 17, 18, 19, 20, 21, 22, 23, 24, 25, 26, 27, 28, 29, 30, 31, 32, 33, 34, 35, 36, 37, 38, 39, 40, 41, 42, 43, 44, 45, 46, 47, 48, 49, 50, 51, 52, 53, 54, 55, 56, 57, 58, 59, 60, 61, 62, 63, 64, 65, 66, 67, 68, 69, 70, 71, 72, 73, 74, 75, 76, 77, 78, 79, 80, 81, 82, 83, 84, 85, 86, 87, 88, 89, 90, 91, 92, 93, 94, 95, 96, 97, 98, 99, 100, 101, 102, 103, 104, 105, 106, 107, 108, 109, 110, 111, 112, 113, 114, 115]}

MSE - mean: 3752422.76874
MSE - std: 383574.18734
R2 - mean: 0.55231
R2 - std: 0.01781

Train time: 28.228134
Test time: 0.707051

---------------------------------------
2025-06-19 15:54:32.202347
Parameters: {'learning_rate': 0.3, 'max_depth': 2, 'l2_leaf_reg': 30.0, 'iterations': 100, 'od_type': 'Iter', 'od_wait': 20, 'verbose': 100, 'train_dir': 'output/CatBoost/Allstate_Claims/catboost_info', 'cat_features': [0, 1, 2, 3, 4, 5, 6, 7, 8, 9, 10, 11, 12, 13, 14, 15, 16, 17, 18, 19, 20, 21, 22, 23, 24, 25, 26, 27, 28, 29, 30, 31, 32, 33, 34, 35, 36, 37, 38, 39, 40, 41, 42, 43, 44, 45, 46, 47, 48, 49, 50, 51, 52, 53, 54, 55, 56, 57, 58, 59, 60, 61, 62, 63, 64, 65, 66, 67, 68, 69, 70, 71, 72, 73, 74, 75, 76, 77, 78, 79, 80, 81, 82, 83, 84, 85, 86, 87, 88, 89, 90, 91, 92, 93, 94, 95, 96, 97, 98, 99, 100, 101, 102, 103, 104, 105, 106, 107, 108, 109, 110, 111, 112, 113, 114, 115]}

MSE - mean: 4066985.29935
MSE - std: 428720.76265
R2 - mean: 0.51493
R2 - std: 0.01862

Train time: 13.687352
Test time: 0.678549

---------------------------------------
2025-06-19 15:56:49.217579
Parameters: {'learning_rate': 0.01, 'max_depth': 12, 'l2_leaf_reg': 10.0, 'iterations': 100, 'od_type': 'Iter', 'od_wait': 20, 'verbose': 100, 'train_dir': 'output/CatBoost/Allstate_Claims/catboost_info', 'cat_features': [0, 1, 2, 3, 4, 5, 6, 7, 8, 9, 10, 11, 12, 13, 14, 15, 16, 17, 18, 19, 20, 21, 22, 23, 24, 25, 26, 27, 28, 29, 30, 31, 32, 33, 34, 35, 36, 37, 38, 39, 40, 41, 42, 43, 44, 45, 46, 47, 48, 49, 50, 51, 52, 53, 54, 55, 56, 57, 58, 59, 60, 61, 62, 63, 64, 65, 66, 67, 68, 69, 70, 71, 72, 73, 74, 75, 76, 77, 78, 79, 80, 81, 82, 83, 84, 85, 86, 87, 88, 89, 90, 91, 92, 93, 94, 95, 96, 97, 98, 99, 100, 101, 102, 103, 104, 105, 106, 107, 108, 109, 110, 111, 112, 113, 114, 115]}

MSE - mean: 5263645.73812
MSE - std: 533497.64066
R2 - mean: 0.37217
R2 - std: 0.01975

Train time: 124.852689
Test time: 0.717380

---------------------------------------
2025-06-19 15:57:50.360562
Parameters: {'learning_rate': 0.01, 'max_depth': 2, 'l2_leaf_reg': 10.0, 'iterations': 100, 'od_type': 'Iter', 'od_wait': 20, 'verbose': 100, 'train_dir': 'output/CatBoost/Allstate_Claims/catboost_info', 'cat_features': [0, 1, 2, 3, 4, 5, 6, 7, 8, 9, 10, 11, 12, 13, 14, 15, 16, 17, 18, 19, 20, 21, 22, 23, 24, 25, 26, 27, 28, 29, 30, 31, 32, 33, 34, 35, 36, 37, 38, 39, 40, 41, 42, 43, 44, 45, 46, 47, 48, 49, 50, 51, 52, 53, 54, 55, 56, 57, 58, 59, 60, 61, 62, 63, 64, 65, 66, 67, 68, 69, 70, 71, 72, 73, 74, 75, 76, 77, 78, 79, 80, 81, 82, 83, 84, 85, 86, 87, 88, 89, 90, 91, 92, 93, 94, 95, 96, 97, 98, 99, 100, 101, 102, 103, 104, 105, 106, 107, 108, 109, 110, 111, 112, 113, 114, 115]}

MSE - mean: 6049367.76010
MSE - std: 556943.00399
R2 - mean: 0.27803
R2 - std: 0.01587

Train time: 14.052012
Test time: 0.691683

---------------------------------------
2025-06-19 16:00:09.878825
Parameters: {'learning_rate': 0.01, 'max_depth': 12, 'l2_leaf_reg': 5.0, 'iterations': 100, 'od_type': 'Iter', 'od_wait': 20, 'verbose': 100, 'train_dir': 'output/CatBoost/Allstate_Claims/catboost_info', 'cat_features': [0, 1, 2, 3, 4, 5, 6, 7, 8, 9, 10, 11, 12, 13, 14, 15, 16, 17, 18, 19, 20, 21, 22, 23, 24, 25, 26, 27, 28, 29, 30, 31, 32, 33, 34, 35, 36, 37, 38, 39, 40, 41, 42, 43, 44, 45, 46, 47, 48, 49, 50, 51, 52, 53, 54, 55, 56, 57, 58, 59, 60, 61, 62, 63, 64, 65, 66, 67, 68, 69, 70, 71, 72, 73, 74, 75, 76, 77, 78, 79, 80, 81, 82, 83, 84, 85, 86, 87, 88, 89, 90, 91, 92, 93, 94, 95, 96, 97, 98, 99, 100, 101, 102, 103, 104, 105, 106, 107, 108, 109, 110, 111, 112, 113, 114, 115]}

MSE - mean: 5220247.73983
MSE - std: 528435.14296
R2 - mean: 0.37733
R2 - std: 0.01980

Train time: 128.808718
Test time: 0.700619

---------------------------------------
2025-06-19 16:01:08.871335
Parameters: {'learning_rate': 0.01, 'max_depth': 2, 'l2_leaf_reg': 5.0, 'iterations': 100, 'od_type': 'Iter', 'od_wait': 20, 'verbose': 100, 'train_dir': 'output/CatBoost/Allstate_Claims/catboost_info', 'cat_features': [0, 1, 2, 3, 4, 5, 6, 7, 8, 9, 10, 11, 12, 13, 14, 15, 16, 17, 18, 19, 20, 21, 22, 23, 24, 25, 26, 27, 28, 29, 30, 31, 32, 33, 34, 35, 36, 37, 38, 39, 40, 41, 42, 43, 44, 45, 46, 47, 48, 49, 50, 51, 52, 53, 54, 55, 56, 57, 58, 59, 60, 61, 62, 63, 64, 65, 66, 67, 68, 69, 70, 71, 72, 73, 74, 75, 76, 77, 78, 79, 80, 81, 82, 83, 84, 85, 86, 87, 88, 89, 90, 91, 92, 93, 94, 95, 96, 97, 98, 99, 100, 101, 102, 103, 104, 105, 106, 107, 108, 109, 110, 111, 112, 113, 114, 115]}

MSE - mean: 6045457.48804
MSE - std: 557903.93338
R2 - mean: 0.27851
R2 - std: 0.01599

Train time: 13.778855
Test time: 0.647616

---------------------------------------
2025-06-19 16:02:59.891743
Parameters: {'learning_rate': 0.01, 'max_depth': 10, 'l2_leaf_reg': 1.0, 'iterations': 100, 'od_type': 'Iter', 'od_wait': 20, 'verbose': 100, 'train_dir': 'output/CatBoost/Allstate_Claims/catboost_info', 'cat_features': [0, 1, 2, 3, 4, 5, 6, 7, 8, 9, 10, 11, 12, 13, 14, 15, 16, 17, 18, 19, 20, 21, 22, 23, 24, 25, 26, 27, 28, 29, 30, 31, 32, 33, 34, 35, 36, 37, 38, 39, 40, 41, 42, 43, 44, 45, 46, 47, 48, 49, 50, 51, 52, 53, 54, 55, 56, 57, 58, 59, 60, 61, 62, 63, 64, 65, 66, 67, 68, 69, 70, 71, 72, 73, 74, 75, 76, 77, 78, 79, 80, 81, 82, 83, 84, 85, 86, 87, 88, 89, 90, 91, 92, 93, 94, 95, 96, 97, 98, 99, 100, 101, 102, 103, 104, 105, 106, 107, 108, 109, 110, 111, 112, 113, 114, 115]}

MSE - mean: 5129634.96652
MSE - std: 323279.09933
R2 - mean: 0.39140
R2 - std: 0.01039

Train time: 63.256244
Test time: 0.745131

---------------------------------------
2025-06-19 16:04:33.931867
Parameters: {'learning_rate': 0.01, 'max_depth': 10, 'l2_leaf_reg': 30.0, 'iterations': 100, 'od_type': 'Iter', 'od_wait': 20, 'verbose': 100, 'train_dir': 'output/CatBoost/Allstate_Claims/catboost_info', 'cat_features': [0, 1, 2, 3, 4, 5, 6, 7, 8, 9, 10, 11, 12, 13, 14, 15, 16, 17, 18, 19, 20, 21, 22, 23, 24, 25, 26, 27, 28, 29, 30, 31, 32, 33, 34, 35, 36, 37, 38, 39, 40, 41, 42, 43, 44, 45, 46, 47, 48, 49, 50, 51, 52, 53, 54, 55, 56, 57, 58, 59, 60, 61, 62, 63, 64, 65, 66, 67, 68, 69, 70, 71, 72, 73, 74, 75, 76, 77, 78, 79, 80, 81, 82, 83, 84, 85, 86, 87, 88, 89, 90, 91, 92, 93, 94, 95, 96, 97, 98, 99, 100, 101, 102, 103, 104, 105, 106, 107, 108, 109, 110, 111, 112, 113, 114, 115]}

MSE - mean: 5431788.00315
MSE - std: 338783.20387
R2 - mean: 0.35554
R2 - std: 0.01004

Train time: 62.240025
Test time: 0.723676

---------------------------------------
2025-06-19 16:06:07.031209
Parameters: {'learning_rate': 0.001, 'max_depth': 10, 'l2_leaf_reg': 0.5, 'iterations': 100, 'od_type': 'Iter', 'od_wait': 20, 'verbose': 100, 'train_dir': 'output/CatBoost/Allstate_Claims/catboost_info', 'cat_features': [0, 1, 2, 3, 4, 5, 6, 7, 8, 9, 10, 11, 12, 13, 14, 15, 16, 17, 18, 19, 20, 21, 22, 23, 24, 25, 26, 27, 28, 29, 30, 31, 32, 33, 34, 35, 36, 37, 38, 39, 40, 41, 42, 43, 44, 45, 46, 47, 48, 49, 50, 51, 52, 53, 54, 55, 56, 57, 58, 59, 60, 61, 62, 63, 64, 65, 66, 67, 68, 69, 70, 71, 72, 73, 74, 75, 76, 77, 78, 79, 80, 81, 82, 83, 84, 85, 86, 87, 88, 89, 90, 91, 92, 93, 94, 95, 96, 97, 98, 99, 100, 101, 102, 103, 104, 105, 106, 107, 108, 109, 110, 111, 112, 113, 114, 115]}

MSE - mean: 7776953.18448
MSE - std: 390509.25822
R2 - mean: 0.07679
R2 - std: 0.00227

Train time: 63.144244
Test time: 0.705226

---------------------------------------
2025-06-19 16:08:23.840992
Parameters: {'learning_rate': 0.2, 'max_depth': 12, 'l2_leaf_reg': 5.0, 'iterations': 100, 'od_type': 'Iter', 'od_wait': 20, 'verbose': 100, 'train_dir': 'output/CatBoost/Allstate_Claims/catboost_info', 'cat_features': [0, 1, 2, 3, 4, 5, 6, 7, 8, 9, 10, 11, 12, 13, 14, 15, 16, 17, 18, 19, 20, 21, 22, 23, 24, 25, 26, 27, 28, 29, 30, 31, 32, 33, 34, 35, 36, 37, 38, 39, 40, 41, 42, 43, 44, 45, 46, 47, 48, 49, 50, 51, 52, 53, 54, 55, 56, 57, 58, 59, 60, 61, 62, 63, 64, 65, 66, 67, 68, 69, 70, 71, 72, 73, 74, 75, 76, 77, 78, 79, 80, 81, 82, 83, 84, 85, 86, 87, 88, 89, 90, 91, 92, 93, 94, 95, 96, 97, 98, 99, 100, 101, 102, 103, 104, 105, 106, 107, 108, 109, 110, 111, 112, 113, 114, 115]}

MSE - mean: 3851501.69510
MSE - std: 300986.30586
R2 - mean: 0.54336
R2 - std: 0.01385

Train time: 123.406772
Test time: 0.750558

---------------------------------------
2025-06-19 16:10:35.171816
Parameters: {'learning_rate': 0.2, 'max_depth': 12, 'l2_leaf_reg': 10.0, 'iterations': 100, 'od_type': 'Iter', 'od_wait': 20, 'verbose': 100, 'train_dir': 'output/CatBoost/Allstate_Claims/catboost_info', 'cat_features': [0, 1, 2, 3, 4, 5, 6, 7, 8, 9, 10, 11, 12, 13, 14, 15, 16, 17, 18, 19, 20, 21, 22, 23, 24, 25, 26, 27, 28, 29, 30, 31, 32, 33, 34, 35, 36, 37, 38, 39, 40, 41, 42, 43, 44, 45, 46, 47, 48, 49, 50, 51, 52, 53, 54, 55, 56, 57, 58, 59, 60, 61, 62, 63, 64, 65, 66, 67, 68, 69, 70, 71, 72, 73, 74, 75, 76, 77, 78, 79, 80, 81, 82, 83, 84, 85, 86, 87, 88, 89, 90, 91, 92, 93, 94, 95, 96, 97, 98, 99, 100, 101, 102, 103, 104, 105, 106, 107, 108, 109, 110, 111, 112, 113, 114, 115]}

MSE - mean: 3841444.37573
MSE - std: 282008.03562
R2 - mean: 0.54445
R2 - std: 0.01215

Train time: 115.061614
Test time: 0.771422

---------------------------------------
2025-06-19 16:11:50.389981
Parameters: {'learning_rate': 0.2, 'max_depth': 6, 'l2_leaf_reg': 30.0, 'iterations': 100, 'od_type': 'Iter', 'od_wait': 20, 'verbose': 100, 'train_dir': 'output/CatBoost/Allstate_Claims/catboost_info', 'cat_features': [0, 1, 2, 3, 4, 5, 6, 7, 8, 9, 10, 11, 12, 13, 14, 15, 16, 17, 18, 19, 20, 21, 22, 23, 24, 25, 26, 27, 28, 29, 30, 31, 32, 33, 34, 35, 36, 37, 38, 39, 40, 41, 42, 43, 44, 45, 46, 47, 48, 49, 50, 51, 52, 53, 54, 55, 56, 57, 58, 59, 60, 61, 62, 63, 64, 65, 66, 67, 68, 69, 70, 71, 72, 73, 74, 75, 76, 77, 78, 79, 80, 81, 82, 83, 84, 85, 86, 87, 88, 89, 90, 91, 92, 93, 94, 95, 96, 97, 98, 99, 100, 101, 102, 103, 104, 105, 106, 107, 108, 109, 110, 111, 112, 113, 114, 115]}

MSE - mean: 3929092.33438
MSE - std: 269611.74056
R2 - mean: 0.53394
R2 - std: 0.01162

Train time: 28.131488
Test time: 0.743255

---------------------------------------
2025-06-19 16:12:56.553169
Parameters: {'learning_rate': 0.3, 'max_depth': 2, 'l2_leaf_reg': 0.5, 'iterations': 100, 'od_type': 'Iter', 'od_wait': 20, 'verbose': 100, 'train_dir': 'output/CatBoost/Allstate_Claims/catboost_info', 'cat_features': [0, 1, 2, 3, 4, 5, 6, 7, 8, 9, 10, 11, 12, 13, 14, 15, 16, 17, 18, 19, 20, 21, 22, 23, 24, 25, 26, 27, 28, 29, 30, 31, 32, 33, 34, 35, 36, 37, 38, 39, 40, 41, 42, 43, 44, 45, 46, 47, 48, 49, 50, 51, 52, 53, 54, 55, 56, 57, 58, 59, 60, 61, 62, 63, 64, 65, 66, 67, 68, 69, 70, 71, 72, 73, 74, 75, 76, 77, 78, 79, 80, 81, 82, 83, 84, 85, 86, 87, 88, 89, 90, 91, 92, 93, 94, 95, 96, 97, 98, 99, 100, 101, 102, 103, 104, 105, 106, 107, 108, 109, 110, 111, 112, 113, 114, 115]}

MSE - mean: 3978133.01788
MSE - std: 305522.67232
R2 - mean: 0.52823
R2 - std: 0.01627

Train time: 14.678642
Test time: 0.742180

---------------------------------------
2025-06-19 16:14:05.650726
Parameters: {'learning_rate': 0.2, 'max_depth': 6, 'l2_leaf_reg': 10.0, 'iterations': 100, 'od_type': 'Iter', 'od_wait': 20, 'verbose': 100, 'train_dir': 'output/CatBoost/Allstate_Claims/catboost_info', 'cat_features': [0, 1, 2, 3, 4, 5, 6, 7, 8, 9, 10, 11, 12, 13, 14, 15, 16, 17, 18, 19, 20, 21, 22, 23, 24, 25, 26, 27, 28, 29, 30, 31, 32, 33, 34, 35, 36, 37, 38, 39, 40, 41, 42, 43, 44, 45, 46, 47, 48, 49, 50, 51, 52, 53, 54, 55, 56, 57, 58, 59, 60, 61, 62, 63, 64, 65, 66, 67, 68, 69, 70, 71, 72, 73, 74, 75, 76, 77, 78, 79, 80, 81, 82, 83, 84, 85, 86, 87, 88, 89, 90, 91, 92, 93, 94, 95, 96, 97, 98, 99, 100, 101, 102, 103, 104, 105, 106, 107, 108, 109, 110, 111, 112, 113, 114, 115]}

MSE - mean: 3767290.74301
MSE - std: 291685.80068
R2 - mean: 0.55327
R2 - std: 0.01484

Train time: 29.242681
Test time: 0.724429

---------------------------------------
2025-06-19 16:15:41.996631
Parameters: {'learning_rate': 0.2, 'max_depth': 10, 'l2_leaf_reg': 5.0, 'iterations': 100, 'od_type': 'Iter', 'od_wait': 20, 'verbose': 100, 'train_dir': 'output/CatBoost/Allstate_Claims/catboost_info', 'cat_features': [0, 1, 2, 3, 4, 5, 6, 7, 8, 9, 10, 11, 12, 13, 14, 15, 16, 17, 18, 19, 20, 21, 22, 23, 24, 25, 26, 27, 28, 29, 30, 31, 32, 33, 34, 35, 36, 37, 38, 39, 40, 41, 42, 43, 44, 45, 46, 47, 48, 49, 50, 51, 52, 53, 54, 55, 56, 57, 58, 59, 60, 61, 62, 63, 64, 65, 66, 67, 68, 69, 70, 71, 72, 73, 74, 75, 76, 77, 78, 79, 80, 81, 82, 83, 84, 85, 86, 87, 88, 89, 90, 91, 92, 93, 94, 95, 96, 97, 98, 99, 100, 101, 102, 103, 104, 105, 106, 107, 108, 109, 110, 111, 112, 113, 114, 115]}

MSE - mean: 3752090.92570
MSE - std: 264217.65640
R2 - mean: 0.55495
R2 - std: 0.01188

Train time: 62.819598
Test time: 0.746856

---------------------------------------
2025-06-19 16:17:43.645441
Parameters: {'learning_rate': 0.2, 'max_depth': 12, 'l2_leaf_reg': 30.0, 'iterations': 100, 'od_type': 'Iter', 'od_wait': 20, 'verbose': 100, 'train_dir': 'output/CatBoost/Allstate_Claims/catboost_info', 'cat_features': [0, 1, 2, 3, 4, 5, 6, 7, 8, 9, 10, 11, 12, 13, 14, 15, 16, 17, 18, 19, 20, 21, 22, 23, 24, 25, 26, 27, 28, 29, 30, 31, 32, 33, 34, 35, 36, 37, 38, 39, 40, 41, 42, 43, 44, 45, 46, 47, 48, 49, 50, 51, 52, 53, 54, 55, 56, 57, 58, 59, 60, 61, 62, 63, 64, 65, 66, 67, 68, 69, 70, 71, 72, 73, 74, 75, 76, 77, 78, 79, 80, 81, 82, 83, 84, 85, 86, 87, 88, 89, 90, 91, 92, 93, 94, 95, 96, 97, 98, 99, 100, 101, 102, 103, 104, 105, 106, 107, 108, 109, 110, 111, 112, 113, 114, 115]}

MSE - mean: 3946339.53786
MSE - std: 277775.03640
R2 - mean: 0.53193
R2 - std: 0.01265

Train time: 100.745303
Test time: 0.759722

---------------------------------------
2025-06-19 16:18:53.363353
Parameters: {'learning_rate': 0.2, 'max_depth': 6, 'l2_leaf_reg': 5.0, 'iterations': 100, 'od_type': 'Iter', 'od_wait': 20, 'verbose': 100, 'train_dir': 'output/CatBoost/Allstate_Claims/catboost_info', 'cat_features': [0, 1, 2, 3, 4, 5, 6, 7, 8, 9, 10, 11, 12, 13, 14, 15, 16, 17, 18, 19, 20, 21, 22, 23, 24, 25, 26, 27, 28, 29, 30, 31, 32, 33, 34, 35, 36, 37, 38, 39, 40, 41, 42, 43, 44, 45, 46, 47, 48, 49, 50, 51, 52, 53, 54, 55, 56, 57, 58, 59, 60, 61, 62, 63, 64, 65, 66, 67, 68, 69, 70, 71, 72, 73, 74, 75, 76, 77, 78, 79, 80, 81, 82, 83, 84, 85, 86, 87, 88, 89, 90, 91, 92, 93, 94, 95, 96, 97, 98, 99, 100, 101, 102, 103, 104, 105, 106, 107, 108, 109, 110, 111, 112, 113, 114, 115]}

MSE - mean: 3725639.34802
MSE - std: 272075.10266
R2 - mean: 0.55807
R2 - std: 0.01453

Train time: 28.064701
Test time: 0.733478

---------------------------------------
2025-06-19 16:19:57.203299
Parameters: {'learning_rate': 0.2, 'max_depth': 2, 'l2_leaf_reg': 30.0, 'iterations': 100, 'od_type': 'Iter', 'od_wait': 20, 'verbose': 100, 'train_dir': 'output/CatBoost/Allstate_Claims/catboost_info', 'cat_features': [0, 1, 2, 3, 4, 5, 6, 7, 8, 9, 10, 11, 12, 13, 14, 15, 16, 17, 18, 19, 20, 21, 22, 23, 24, 25, 26, 27, 28, 29, 30, 31, 32, 33, 34, 35, 36, 37, 38, 39, 40, 41, 42, 43, 44, 45, 46, 47, 48, 49, 50, 51, 52, 53, 54, 55, 56, 57, 58, 59, 60, 61, 62, 63, 64, 65, 66, 67, 68, 69, 70, 71, 72, 73, 74, 75, 76, 77, 78, 79, 80, 81, 82, 83, 84, 85, 86, 87, 88, 89, 90, 91, 92, 93, 94, 95, 96, 97, 98, 99, 100, 101, 102, 103, 104, 105, 106, 107, 108, 109, 110, 111, 112, 113, 114, 115]}

MSE - mean: 4149361.86952
MSE - std: 272920.03456
R2 - mean: 0.50770
R2 - std: 0.01325

Train time: 14.471171
Test time: 0.710766

---------------------------------------
2025-06-19 16:21:30.417527
Parameters: {'learning_rate': 0.3, 'max_depth': 10, 'l2_leaf_reg': 10.0, 'iterations': 100, 'od_type': 'Iter', 'od_wait': 20, 'verbose': 100, 'train_dir': 'output/CatBoost/Allstate_Claims/catboost_info', 'cat_features': [0, 1, 2, 3, 4, 5, 6, 7, 8, 9, 10, 11, 12, 13, 14, 15, 16, 17, 18, 19, 20, 21, 22, 23, 24, 25, 26, 27, 28, 29, 30, 31, 32, 33, 34, 35, 36, 37, 38, 39, 40, 41, 42, 43, 44, 45, 46, 47, 48, 49, 50, 51, 52, 53, 54, 55, 56, 57, 58, 59, 60, 61, 62, 63, 64, 65, 66, 67, 68, 69, 70, 71, 72, 73, 74, 75, 76, 77, 78, 79, 80, 81, 82, 83, 84, 85, 86, 87, 88, 89, 90, 91, 92, 93, 94, 95, 96, 97, 98, 99, 100, 101, 102, 103, 104, 105, 106, 107, 108, 109, 110, 111, 112, 113, 114, 115]}

MSE - mean: 3788673.38481
MSE - std: 295966.01753
R2 - mean: 0.55077
R2 - std: 0.01463

Train time: 60.047597
Test time: 0.758329

---------------------------------------
2025-06-19 16:22:41.883164
Parameters: {'learning_rate': 0.2, 'max_depth': 6, 'l2_leaf_reg': 0.5, 'iterations': 100, 'od_type': 'Iter', 'od_wait': 20, 'verbose': 100, 'train_dir': 'output/CatBoost/Allstate_Claims/catboost_info', 'cat_features': [0, 1, 2, 3, 4, 5, 6, 7, 8, 9, 10, 11, 12, 13, 14, 15, 16, 17, 18, 19, 20, 21, 22, 23, 24, 25, 26, 27, 28, 29, 30, 31, 32, 33, 34, 35, 36, 37, 38, 39, 40, 41, 42, 43, 44, 45, 46, 47, 48, 49, 50, 51, 52, 53, 54, 55, 56, 57, 58, 59, 60, 61, 62, 63, 64, 65, 66, 67, 68, 69, 70, 71, 72, 73, 74, 75, 76, 77, 78, 79, 80, 81, 82, 83, 84, 85, 86, 87, 88, 89, 90, 91, 92, 93, 94, 95, 96, 97, 98, 99, 100, 101, 102, 103, 104, 105, 106, 107, 108, 109, 110, 111, 112, 113, 114, 115]}

MSE - mean: 3699566.43372
MSE - std: 277930.54004
R2 - mean: 0.56120
R2 - std: 0.01521

Train time: 29.287992
Test time: 0.733186

---------------------------------------
2025-06-19 16:25:04.915778
Parameters: {'learning_rate': 0.01, 'max_depth': 12, 'l2_leaf_reg': 0.5, 'iterations': 100, 'od_type': 'Iter', 'od_wait': 20, 'verbose': 100, 'train_dir': 'output/CatBoost/Allstate_Claims/catboost_info', 'cat_features': [0, 1, 2, 3, 4, 5, 6, 7, 8, 9, 10, 11, 12, 13, 14, 15, 16, 17, 18, 19, 20, 21, 22, 23, 24, 25, 26, 27, 28, 29, 30, 31, 32, 33, 34, 35, 36, 37, 38, 39, 40, 41, 42, 43, 44, 45, 46, 47, 48, 49, 50, 51, 52, 53, 54, 55, 56, 57, 58, 59, 60, 61, 62, 63, 64, 65, 66, 67, 68, 69, 70, 71, 72, 73, 74, 75, 76, 77, 78, 79, 80, 81, 82, 83, 84, 85, 86, 87, 88, 89, 90, 91, 92, 93, 94, 95, 96, 97, 98, 99, 100, 101, 102, 103, 104, 105, 106, 107, 108, 109, 110, 111, 112, 113, 114, 115]}

MSE - mean: 5114229.90644
MSE - std: 337502.51836
R2 - mean: 0.39331
R2 - std: 0.01165

Train time: 129.517644
Test time: 0.729209

---------------------------------------
2025-06-19 16:26:35.336987
Parameters: {'learning_rate': 0.1, 'max_depth': 10, 'l2_leaf_reg': 1.0, 'iterations': 100, 'od_type': 'Iter', 'od_wait': 20, 'verbose': 100, 'train_dir': 'output/CatBoost/Allstate_Claims/catboost_info', 'cat_features': [0, 1, 2, 3, 4, 5, 6, 7, 8, 9, 10, 11, 12, 13, 14, 15, 16, 17, 18, 19, 20, 21, 22, 23, 24, 25, 26, 27, 28, 29, 30, 31, 32, 33, 34, 35, 36, 37, 38, 39, 40, 41, 42, 43, 44, 45, 46, 47, 48, 49, 50, 51, 52, 53, 54, 55, 56, 57, 58, 59, 60, 61, 62, 63, 64, 65, 66, 67, 68, 69, 70, 71, 72, 73, 74, 75, 76, 77, 78, 79, 80, 81, 82, 83, 84, 85, 86, 87, 88, 89, 90, 91, 92, 93, 94, 95, 96, 97, 98, 99, 100, 101, 102, 103, 104, 105, 106, 107, 108, 109, 110, 111, 112, 113, 114, 115]}

MSE - mean: 3769026.83892
MSE - std: 302241.82858
R2 - mean: 0.55315
R2 - std: 0.01530

Train time: 63.038702
Test time: 0.716716

---------------------------------------
2025-06-19 16:28:09.148147
Parameters: {'learning_rate': 0.001, 'max_depth': 10, 'l2_leaf_reg': 1.0, 'iterations': 100, 'od_type': 'Iter', 'od_wait': 20, 'verbose': 100, 'train_dir': 'output/CatBoost/Allstate_Claims/catboost_info', 'cat_features': [0, 1, 2, 3, 4, 5, 6, 7, 8, 9, 10, 11, 12, 13, 14, 15, 16, 17, 18, 19, 20, 21, 22, 23, 24, 25, 26, 27, 28, 29, 30, 31, 32, 33, 34, 35, 36, 37, 38, 39, 40, 41, 42, 43, 44, 45, 46, 47, 48, 49, 50, 51, 52, 53, 54, 55, 56, 57, 58, 59, 60, 61, 62, 63, 64, 65, 66, 67, 68, 69, 70, 71, 72, 73, 74, 75, 76, 77, 78, 79, 80, 81, 82, 83, 84, 85, 86, 87, 88, 89, 90, 91, 92, 93, 94, 95, 96, 97, 98, 99, 100, 101, 102, 103, 104, 105, 106, 107, 108, 109, 110, 111, 112, 113, 114, 115]}

MSE - mean: 7784649.98340
MSE - std: 391301.85671
R2 - mean: 0.07588
R2 - std: 0.00231

Train time: 64.681112
Test time: 0.711643

---------------------------------------
2025-06-19 16:29:10.977905
Parameters: {'learning_rate': 0.01, 'max_depth': 2, 'l2_leaf_reg': 1.0, 'iterations': 100, 'od_type': 'Iter', 'od_wait': 20, 'verbose': 100, 'train_dir': 'output/CatBoost/Allstate_Claims/catboost_info', 'cat_features': [0, 1, 2, 3, 4, 5, 6, 7, 8, 9, 10, 11, 12, 13, 14, 15, 16, 17, 18, 19, 20, 21, 22, 23, 24, 25, 26, 27, 28, 29, 30, 31, 32, 33, 34, 35, 36, 37, 38, 39, 40, 41, 42, 43, 44, 45, 46, 47, 48, 49, 50, 51, 52, 53, 54, 55, 56, 57, 58, 59, 60, 61, 62, 63, 64, 65, 66, 67, 68, 69, 70, 71, 72, 73, 74, 75, 76, 77, 78, 79, 80, 81, 82, 83, 84, 85, 86, 87, 88, 89, 90, 91, 92, 93, 94, 95, 96, 97, 98, 99, 100, 101, 102, 103, 104, 105, 106, 107, 108, 109, 110, 111, 112, 113, 114, 115]}

MSE - mean: 6104361.82847
MSE - std: 354710.60574
R2 - mean: 0.27559
R2 - std: 0.00881

Train time: 13.879043
Test time: 0.669931

---------------------------------------
2025-06-19 16:30:20.385603
Parameters: {'learning_rate': 0.2, 'max_depth': 6, 'l2_leaf_reg': 1.0, 'iterations': 100, 'od_type': 'Iter', 'od_wait': 20, 'verbose': 100, 'train_dir': 'output/CatBoost/Allstate_Claims/catboost_info', 'cat_features': [0, 1, 2, 3, 4, 5, 6, 7, 8, 9, 10, 11, 12, 13, 14, 15, 16, 17, 18, 19, 20, 21, 22, 23, 24, 25, 26, 27, 28, 29, 30, 31, 32, 33, 34, 35, 36, 37, 38, 39, 40, 41, 42, 43, 44, 45, 46, 47, 48, 49, 50, 51, 52, 53, 54, 55, 56, 57, 58, 59, 60, 61, 62, 63, 64, 65, 66, 67, 68, 69, 70, 71, 72, 73, 74, 75, 76, 77, 78, 79, 80, 81, 82, 83, 84, 85, 86, 87, 88, 89, 90, 91, 92, 93, 94, 95, 96, 97, 98, 99, 100, 101, 102, 103, 104, 105, 106, 107, 108, 109, 110, 111, 112, 113, 114, 115]}

MSE - mean: 3695549.83397
MSE - std: 292682.88732
R2 - mean: 0.56175
R2 - std: 0.01678

Train time: 28.707031
Test time: 0.730291

---------------------------------------
2025-06-19 16:31:20.406500
Parameters: {'learning_rate': 0.1, 'max_depth': 2, 'l2_leaf_reg': 0.5, 'iterations': 100, 'od_type': 'Iter', 'od_wait': 20, 'verbose': 100, 'train_dir': 'output/CatBoost/Allstate_Claims/catboost_info', 'cat_features': [0, 1, 2, 3, 4, 5, 6, 7, 8, 9, 10, 11, 12, 13, 14, 15, 16, 17, 18, 19, 20, 21, 22, 23, 24, 25, 26, 27, 28, 29, 30, 31, 32, 33, 34, 35, 36, 37, 38, 39, 40, 41, 42, 43, 44, 45, 46, 47, 48, 49, 50, 51, 52, 53, 54, 55, 56, 57, 58, 59, 60, 61, 62, 63, 64, 65, 66, 67, 68, 69, 70, 71, 72, 73, 74, 75, 76, 77, 78, 79, 80, 81, 82, 83, 84, 85, 86, 87, 88, 89, 90, 91, 92, 93, 94, 95, 96, 97, 98, 99, 100, 101, 102, 103, 104, 105, 106, 107, 108, 109, 110, 111, 112, 113, 114, 115]}

MSE - mean: 4293815.15069
MSE - std: 309108.01217
R2 - mean: 0.49072
R2 - std: 0.01473

Train time: 13.859000
Test time: 0.705036

---------------------------------------
2025-06-19 16:33:38.594893
Parameters: {'learning_rate': 0.001, 'max_depth': 12, 'l2_leaf_reg': 5.0, 'iterations': 100, 'od_type': 'Iter', 'od_wait': 20, 'verbose': 100, 'train_dir': 'output/CatBoost/Allstate_Claims/catboost_info', 'cat_features': [0, 1, 2, 3, 4, 5, 6, 7, 8, 9, 10, 11, 12, 13, 14, 15, 16, 17, 18, 19, 20, 21, 22, 23, 24, 25, 26, 27, 28, 29, 30, 31, 32, 33, 34, 35, 36, 37, 38, 39, 40, 41, 42, 43, 44, 45, 46, 47, 48, 49, 50, 51, 52, 53, 54, 55, 56, 57, 58, 59, 60, 61, 62, 63, 64, 65, 66, 67, 68, 69, 70, 71, 72, 73, 74, 75, 76, 77, 78, 79, 80, 81, 82, 83, 84, 85, 86, 87, 88, 89, 90, 91, 92, 93, 94, 95, 96, 97, 98, 99, 100, 101, 102, 103, 104, 105, 106, 107, 108, 109, 110, 111, 112, 113, 114, 115]}

MSE - mean: 7828544.49873
MSE - std: 391569.87523
R2 - mean: 0.07066
R2 - std: 0.00207

Train time: 124.386266
Test time: 0.731358

---------------------------------------
2025-06-19 16:35:07.902277
Parameters: {'learning_rate': 0.001, 'max_depth': 10, 'l2_leaf_reg': 10.0, 'iterations': 100, 'od_type': 'Iter', 'od_wait': 20, 'verbose': 100, 'train_dir': 'output/CatBoost/Allstate_Claims/catboost_info', 'cat_features': [0, 1, 2, 3, 4, 5, 6, 7, 8, 9, 10, 11, 12, 13, 14, 15, 16, 17, 18, 19, 20, 21, 22, 23, 24, 25, 26, 27, 28, 29, 30, 31, 32, 33, 34, 35, 36, 37, 38, 39, 40, 41, 42, 43, 44, 45, 46, 47, 48, 49, 50, 51, 52, 53, 54, 55, 56, 57, 58, 59, 60, 61, 62, 63, 64, 65, 66, 67, 68, 69, 70, 71, 72, 73, 74, 75, 76, 77, 78, 79, 80, 81, 82, 83, 84, 85, 86, 87, 88, 89, 90, 91, 92, 93, 94, 95, 96, 97, 98, 99, 100, 101, 102, 103, 104, 105, 106, 107, 108, 109, 110, 111, 112, 113, 114, 115]}

MSE - mean: 7834586.25798
MSE - std: 392941.48914
R2 - mean: 0.06994
R2 - std: 0.00224

Train time: 62.083239
Test time: 0.709938

---------------------------------------
2025-06-19 16:37:36.867009
Parameters: {'learning_rate': 0.001, 'max_depth': 12, 'l2_leaf_reg': 0.5, 'iterations': 100, 'od_type': 'Iter', 'od_wait': 20, 'verbose': 100, 'train_dir': 'output/CatBoost/Allstate_Claims/catboost_info', 'cat_features': [0, 1, 2, 3, 4, 5, 6, 7, 8, 9, 10, 11, 12, 13, 14, 15, 16, 17, 18, 19, 20, 21, 22, 23, 24, 25, 26, 27, 28, 29, 30, 31, 32, 33, 34, 35, 36, 37, 38, 39, 40, 41, 42, 43, 44, 45, 46, 47, 48, 49, 50, 51, 52, 53, 54, 55, 56, 57, 58, 59, 60, 61, 62, 63, 64, 65, 66, 67, 68, 69, 70, 71, 72, 73, 74, 75, 76, 77, 78, 79, 80, 81, 82, 83, 84, 85, 86, 87, 88, 89, 90, 91, 92, 93, 94, 95, 96, 97, 98, 99, 100, 101, 102, 103, 104, 105, 106, 107, 108, 109, 110, 111, 112, 113, 114, 115]}

MSE - mean: 7791690.66257
MSE - std: 398373.94738
R2 - mean: 0.07508
R2 - std: 0.00299

Train time: 132.575810
Test time: 0.778557

---------------------------------------
2025-06-19 16:39:48.729559
Parameters: {'learning_rate': 0.1, 'max_depth': 12, 'l2_leaf_reg': 10.0, 'iterations': 100, 'od_type': 'Iter', 'od_wait': 20, 'verbose': 100, 'train_dir': 'output/CatBoost/Allstate_Claims/catboost_info', 'cat_features': [0, 1, 2, 3, 4, 5, 6, 7, 8, 9, 10, 11, 12, 13, 14, 15, 16, 17, 18, 19, 20, 21, 22, 23, 24, 25, 26, 27, 28, 29, 30, 31, 32, 33, 34, 35, 36, 37, 38, 39, 40, 41, 42, 43, 44, 45, 46, 47, 48, 49, 50, 51, 52, 53, 54, 55, 56, 57, 58, 59, 60, 61, 62, 63, 64, 65, 66, 67, 68, 69, 70, 71, 72, 73, 74, 75, 76, 77, 78, 79, 80, 81, 82, 83, 84, 85, 86, 87, 88, 89, 90, 91, 92, 93, 94, 95, 96, 97, 98, 99, 100, 101, 102, 103, 104, 105, 106, 107, 108, 109, 110, 111, 112, 113, 114, 115]}

MSE - mean: 3949965.68711
MSE - std: 297772.89202
R2 - mean: 0.53162
R2 - std: 0.01377

Train time: 110.088364
Test time: 0.805008

---------------------------------------
2025-06-19 16:40:57.527012
Parameters: {'learning_rate': 0.01, 'max_depth': 6, 'l2_leaf_reg': 5.0, 'iterations': 100, 'od_type': 'Iter', 'od_wait': 20, 'verbose': 100, 'train_dir': 'output/CatBoost/Allstate_Claims/catboost_info', 'cat_features': [0, 1, 2, 3, 4, 5, 6, 7, 8, 9, 10, 11, 12, 13, 14, 15, 16, 17, 18, 19, 20, 21, 22, 23, 24, 25, 26, 27, 28, 29, 30, 31, 32, 33, 34, 35, 36, 37, 38, 39, 40, 41, 42, 43, 44, 45, 46, 47, 48, 49, 50, 51, 52, 53, 54, 55, 56, 57, 58, 59, 60, 61, 62, 63, 64, 65, 66, 67, 68, 69, 70, 71, 72, 73, 74, 75, 76, 77, 78, 79, 80, 81, 82, 83, 84, 85, 86, 87, 88, 89, 90, 91, 92, 93, 94, 95, 96, 97, 98, 99, 100, 101, 102, 103, 104, 105, 106, 107, 108, 109, 110, 111, 112, 113, 114, 115]}

MSE - mean: 5330946.04931
MSE - std: 338515.75292
R2 - mean: 0.36751
R2 - std: 0.01158

Train time: 28.187056
Test time: 0.703858

---------------------------------------
2025-06-19 16:42:09.092871
Parameters: {'learning_rate': 0.1, 'max_depth': 2, 'l2_leaf_reg': 5.0, 'iterations': 100, 'od_type': 'Iter', 'od_wait': 20, 'verbose': 100, 'train_dir': 'output/CatBoost/Allstate_Claims/catboost_info', 'cat_features': [0, 1, 2, 3, 4, 5, 6, 7, 8, 9, 10, 11, 12, 13, 14, 15, 16, 17, 18, 19, 20, 21, 22, 23, 24, 25, 26, 27, 28, 29, 30, 31, 32, 33, 34, 35, 36, 37, 38, 39, 40, 41, 42, 43, 44, 45, 46, 47, 48, 49, 50, 51, 52, 53, 54, 55, 56, 57, 58, 59, 60, 61, 62, 63, 64, 65, 66, 67, 68, 69, 70, 71, 72, 73, 74, 75, 76, 77, 78, 79, 80, 81, 82, 83, 84, 85, 86, 87, 88, 89, 90, 91, 92, 93, 94, 95, 96, 97, 98, 99, 100, 101, 102, 103, 104, 105, 106, 107, 108, 109, 110, 111, 112, 113, 114, 115]}

MSE - mean: 4342441.71401
MSE - std: 297376.35617
R2 - mean: 0.48488
R2 - std: 0.01396

Train time: 15.365045
Test time: 0.807085

---------------------------------------
2025-06-19 16:43:44.144718
Parameters: {'learning_rate': 0.01, 'max_depth': 10, 'l2_leaf_reg': 0.5, 'iterations': 100, 'od_type': 'Iter', 'od_wait': 20, 'verbose': 100, 'train_dir': 'output/CatBoost/Allstate_Claims/catboost_info', 'cat_features': [0, 1, 2, 3, 4, 5, 6, 7, 8, 9, 10, 11, 12, 13, 14, 15, 16, 17, 18, 19, 20, 21, 22, 23, 24, 25, 26, 27, 28, 29, 30, 31, 32, 33, 34, 35, 36, 37, 38, 39, 40, 41, 42, 43, 44, 45, 46, 47, 48, 49, 50, 51, 52, 53, 54, 55, 56, 57, 58, 59, 60, 61, 62, 63, 64, 65, 66, 67, 68, 69, 70, 71, 72, 73, 74, 75, 76, 77, 78, 79, 80, 81, 82, 83, 84, 85, 86, 87, 88, 89, 90, 91, 92, 93, 94, 95, 96, 97, 98, 99, 100, 101, 102, 103, 104, 105, 106, 107, 108, 109, 110, 111, 112, 113, 114, 115]}

MSE - mean: 5098379.48504
MSE - std: 331057.61406
R2 - mean: 0.39516
R2 - std: 0.01145

Train time: 63.545001
Test time: 0.730513

---------------------------------------
2025-06-19 16:45:57.352881
Parameters: {'learning_rate': 0.3, 'max_depth': 12, 'l2_leaf_reg': 30.0, 'iterations': 100, 'od_type': 'Iter', 'od_wait': 20, 'verbose': 100, 'train_dir': 'output/CatBoost/Allstate_Claims/catboost_info', 'cat_features': [0, 1, 2, 3, 4, 5, 6, 7, 8, 9, 10, 11, 12, 13, 14, 15, 16, 17, 18, 19, 20, 21, 22, 23, 24, 25, 26, 27, 28, 29, 30, 31, 32, 33, 34, 35, 36, 37, 38, 39, 40, 41, 42, 43, 44, 45, 46, 47, 48, 49, 50, 51, 52, 53, 54, 55, 56, 57, 58, 59, 60, 61, 62, 63, 64, 65, 66, 67, 68, 69, 70, 71, 72, 73, 74, 75, 76, 77, 78, 79, 80, 81, 82, 83, 84, 85, 86, 87, 88, 89, 90, 91, 92, 93, 94, 95, 96, 97, 98, 99, 100, 101, 102, 103, 104, 105, 106, 107, 108, 109, 110, 111, 112, 113, 114, 115]}

MSE - mean: 3863702.46467
MSE - std: 295213.62839
R2 - mean: 0.54185
R2 - std: 0.01413

Train time: 113.625468
Test time: 0.776891

---------------------------------------
2025-06-19 16:47:37.105363
Parameters: {'learning_rate': 0.001, 'max_depth': 10, 'l2_leaf_reg': 30.0, 'iterations': 100, 'od_type': 'Iter', 'od_wait': 20, 'verbose': 100, 'train_dir': 'output/CatBoost/Allstate_Claims/catboost_info', 'cat_features': [0, 1, 2, 3, 4, 5, 6, 7, 8, 9, 10, 11, 12, 13, 14, 15, 16, 17, 18, 19, 20, 21, 22, 23, 24, 25, 26, 27, 28, 29, 30, 31, 32, 33, 34, 35, 36, 37, 38, 39, 40, 41, 42, 43, 44, 45, 46, 47, 48, 49, 50, 51, 52, 53, 54, 55, 56, 57, 58, 59, 60, 61, 62, 63, 64, 65, 66, 67, 68, 69, 70, 71, 72, 73, 74, 75, 76, 77, 78, 79, 80, 81, 82, 83, 84, 85, 86, 87, 88, 89, 90, 91, 92, 93, 94, 95, 96, 97, 98, 99, 100, 101, 102, 103, 104, 105, 106, 107, 108, 109, 110, 111, 112, 113, 114, 115]}

MSE - mean: 7875587.26786
MSE - std: 394489.73577
R2 - mean: 0.06507
R2 - std: 0.00211

Train time: 61.434271
Test time: 0.788104

---------------------------------------
2025-06-19 16:48:40.254524
Parameters: {'learning_rate': 0.3, 'max_depth': 2, 'l2_leaf_reg': 10.0, 'iterations': 100, 'od_type': 'Iter', 'od_wait': 20, 'verbose': 100, 'train_dir': 'output/CatBoost/Allstate_Claims/catboost_info', 'cat_features': [0, 1, 2, 3, 4, 5, 6, 7, 8, 9, 10, 11, 12, 13, 14, 15, 16, 17, 18, 19, 20, 21, 22, 23, 24, 25, 26, 27, 28, 29, 30, 31, 32, 33, 34, 35, 36, 37, 38, 39, 40, 41, 42, 43, 44, 45, 46, 47, 48, 49, 50, 51, 52, 53, 54, 55, 56, 57, 58, 59, 60, 61, 62, 63, 64, 65, 66, 67, 68, 69, 70, 71, 72, 73, 74, 75, 76, 77, 78, 79, 80, 81, 82, 83, 84, 85, 86, 87, 88, 89, 90, 91, 92, 93, 94, 95, 96, 97, 98, 99, 100, 101, 102, 103, 104, 105, 106, 107, 108, 109, 110, 111, 112, 113, 114, 115]}

MSE - mean: 4054328.88616
MSE - std: 274723.55449
R2 - mean: 0.51903
R2 - std: 0.01177

Train time: 14.212421
Test time: 0.746883

---------------------------------------
2025-06-19 16:49:46.419707
Parameters: {'learning_rate': 0.001, 'max_depth': 2, 'l2_leaf_reg': 10.0, 'iterations': 100, 'od_type': 'Iter', 'od_wait': 20, 'verbose': 100, 'train_dir': 'output/CatBoost/Allstate_Claims/catboost_info', 'cat_features': [0, 1, 2, 3, 4, 5, 6, 7, 8, 9, 10, 11, 12, 13, 14, 15, 16, 17, 18, 19, 20, 21, 22, 23, 24, 25, 26, 27, 28, 29, 30, 31, 32, 33, 34, 35, 36, 37, 38, 39, 40, 41, 42, 43, 44, 45, 46, 47, 48, 49, 50, 51, 52, 53, 54, 55, 56, 57, 58, 59, 60, 61, 62, 63, 64, 65, 66, 67, 68, 69, 70, 71, 72, 73, 74, 75, 76, 77, 78, 79, 80, 81, 82, 83, 84, 85, 86, 87, 88, 89, 90, 91, 92, 93, 94, 95, 96, 97, 98, 99, 100, 101, 102, 103, 104, 105, 106, 107, 108, 109, 110, 111, 112, 113, 114, 115]}

MSE - mean: 7991271.98565
MSE - std: 398019.60335
R2 - mean: 0.05133
R2 - std: 0.00200

Train time: 14.220686
Test time: 0.703026

---------------------------------------
2025-06-19 16:50:49.055868
Parameters: {'learning_rate': 0.001, 'max_depth': 2, 'l2_leaf_reg': 30.0, 'iterations': 100, 'od_type': 'Iter', 'od_wait': 20, 'verbose': 100, 'train_dir': 'output/CatBoost/Allstate_Claims/catboost_info', 'cat_features': [0, 1, 2, 3, 4, 5, 6, 7, 8, 9, 10, 11, 12, 13, 14, 15, 16, 17, 18, 19, 20, 21, 22, 23, 24, 25, 26, 27, 28, 29, 30, 31, 32, 33, 34, 35, 36, 37, 38, 39, 40, 41, 42, 43, 44, 45, 46, 47, 48, 49, 50, 51, 52, 53, 54, 55, 56, 57, 58, 59, 60, 61, 62, 63, 64, 65, 66, 67, 68, 69, 70, 71, 72, 73, 74, 75, 76, 77, 78, 79, 80, 81, 82, 83, 84, 85, 86, 87, 88, 89, 90, 91, 92, 93, 94, 95, 96, 97, 98, 99, 100, 101, 102, 103, 104, 105, 106, 107, 108, 109, 110, 111, 112, 113, 114, 115]}

MSE - mean: 7994780.62676
MSE - std: 397955.39899
R2 - mean: 0.05091
R2 - std: 0.00198

Train time: 14.331179
Test time: 0.710400

---------------------------------------
2025-06-19 16:52:16.146829
Parameters: {'learning_rate': 0.1, 'max_depth': 10, 'l2_leaf_reg': 30.0, 'iterations': 100, 'od_type': 'Iter', 'od_wait': 20, 'verbose': 100, 'train_dir': 'output/CatBoost/Allstate_Claims/catboost_info', 'cat_features': [0, 1, 2, 3, 4, 5, 6, 7, 8, 9, 10, 11, 12, 13, 14, 15, 16, 17, 18, 19, 20, 21, 22, 23, 24, 25, 26, 27, 28, 29, 30, 31, 32, 33, 34, 35, 36, 37, 38, 39, 40, 41, 42, 43, 44, 45, 46, 47, 48, 49, 50, 51, 52, 53, 54, 55, 56, 57, 58, 59, 60, 61, 62, 63, 64, 65, 66, 67, 68, 69, 70, 71, 72, 73, 74, 75, 76, 77, 78, 79, 80, 81, 82, 83, 84, 85, 86, 87, 88, 89, 90, 91, 92, 93, 94, 95, 96, 97, 98, 99, 100, 101, 102, 103, 104, 105, 106, 107, 108, 109, 110, 111, 112, 113, 114, 115]}

MSE - mean: 4040057.26329
MSE - std: 276639.98279
R2 - mean: 0.52077
R2 - std: 0.01170

Train time: 50.492892
Test time: 0.740855

---------------------------------------
2025-06-19 16:53:25.928899
Parameters: {'learning_rate': 0.1, 'max_depth': 2, 'l2_leaf_reg': 10.0, 'iterations': 100, 'od_type': 'Iter', 'od_wait': 20, 'verbose': 100, 'train_dir': 'output/CatBoost/Allstate_Claims/catboost_info', 'cat_features': [0, 1, 2, 3, 4, 5, 6, 7, 8, 9, 10, 11, 12, 13, 14, 15, 16, 17, 18, 19, 20, 21, 22, 23, 24, 25, 26, 27, 28, 29, 30, 31, 32, 33, 34, 35, 36, 37, 38, 39, 40, 41, 42, 43, 44, 45, 46, 47, 48, 49, 50, 51, 52, 53, 54, 55, 56, 57, 58, 59, 60, 61, 62, 63, 64, 65, 66, 67, 68, 69, 70, 71, 72, 73, 74, 75, 76, 77, 78, 79, 80, 81, 82, 83, 84, 85, 86, 87, 88, 89, 90, 91, 92, 93, 94, 95, 96, 97, 98, 99, 100, 101, 102, 103, 104, 105, 106, 107, 108, 109, 110, 111, 112, 113, 114, 115]}

MSE - mean: 4367751.52459
MSE - std: 288266.06605
R2 - mean: 0.48181
R2 - std: 0.01336

Train time: 15.048168
Test time: 0.778171

---------------------------------------
2025-06-19 16:55:46.067372
Parameters: {'learning_rate': 0.1, 'max_depth': 12, 'l2_leaf_reg': 5.0, 'iterations': 100, 'od_type': 'Iter', 'od_wait': 20, 'verbose': 100, 'train_dir': 'output/CatBoost/Allstate_Claims/catboost_info', 'cat_features': [0, 1, 2, 3, 4, 5, 6, 7, 8, 9, 10, 11, 12, 13, 14, 15, 16, 17, 18, 19, 20, 21, 22, 23, 24, 25, 26, 27, 28, 29, 30, 31, 32, 33, 34, 35, 36, 37, 38, 39, 40, 41, 42, 43, 44, 45, 46, 47, 48, 49, 50, 51, 52, 53, 54, 55, 56, 57, 58, 59, 60, 61, 62, 63, 64, 65, 66, 67, 68, 69, 70, 71, 72, 73, 74, 75, 76, 77, 78, 79, 80, 81, 82, 83, 84, 85, 86, 87, 88, 89, 90, 91, 92, 93, 94, 95, 96, 97, 98, 99, 100, 101, 102, 103, 104, 105, 106, 107, 108, 109, 110, 111, 112, 113, 114, 115]}

MSE - mean: 3897595.88766
MSE - std: 300266.16094
R2 - mean: 0.53786
R2 - std: 0.01424

Train time: 121.717666
Test time: 0.787561

---------------------------------------
2025-06-19 16:58:13.778312
Parameters: {'learning_rate': 0.01, 'max_depth': 12, 'l2_leaf_reg': 1.0, 'iterations': 100, 'od_type': 'Iter', 'od_wait': 20, 'verbose': 100, 'train_dir': 'output/CatBoost/Allstate_Claims/catboost_info', 'cat_features': [0, 1, 2, 3, 4, 5, 6, 7, 8, 9, 10, 11, 12, 13, 14, 15, 16, 17, 18, 19, 20, 21, 22, 23, 24, 25, 26, 27, 28, 29, 30, 31, 32, 33, 34, 35, 36, 37, 38, 39, 40, 41, 42, 43, 44, 45, 46, 47, 48, 49, 50, 51, 52, 53, 54, 55, 56, 57, 58, 59, 60, 61, 62, 63, 64, 65, 66, 67, 68, 69, 70, 71, 72, 73, 74, 75, 76, 77, 78, 79, 80, 81, 82, 83, 84, 85, 86, 87, 88, 89, 90, 91, 92, 93, 94, 95, 96, 97, 98, 99, 100, 101, 102, 103, 104, 105, 106, 107, 108, 109, 110, 111, 112, 113, 114, 115]}

MSE - mean: 5169158.97398
MSE - std: 359769.65439
R2 - mean: 0.38690
R2 - std: 0.01367

Train time: 132.363691
Test time: 0.745675

---------------------------------------
2025-06-19 16:59:48.998793
Parameters: {'learning_rate': 0.3, 'max_depth': 10, 'l2_leaf_reg': 0.5, 'iterations': 100, 'od_type': 'Iter', 'od_wait': 20, 'verbose': 100, 'train_dir': 'output/CatBoost/Allstate_Claims/catboost_info', 'cat_features': [0, 1, 2, 3, 4, 5, 6, 7, 8, 9, 10, 11, 12, 13, 14, 15, 16, 17, 18, 19, 20, 21, 22, 23, 24, 25, 26, 27, 28, 29, 30, 31, 32, 33, 34, 35, 36, 37, 38, 39, 40, 41, 42, 43, 44, 45, 46, 47, 48, 49, 50, 51, 52, 53, 54, 55, 56, 57, 58, 59, 60, 61, 62, 63, 64, 65, 66, 67, 68, 69, 70, 71, 72, 73, 74, 75, 76, 77, 78, 79, 80, 81, 82, 83, 84, 85, 86, 87, 88, 89, 90, 91, 92, 93, 94, 95, 96, 97, 98, 99, 100, 101, 102, 103, 104, 105, 106, 107, 108, 109, 110, 111, 112, 113, 114, 115]}

MSE - mean: 3867025.32514
MSE - std: 313505.80950
R2 - mean: 0.54154
R2 - std: 0.01584

Train time: 64.593344
Test time: 0.741167

---------------------------------------
2025-06-19 17:00:50.154244
Parameters: {'learning_rate': 0.3, 'max_depth': 2, 'l2_leaf_reg': 5.0, 'iterations': 100, 'od_type': 'Iter', 'od_wait': 20, 'verbose': 100, 'train_dir': 'output/CatBoost/Allstate_Claims/catboost_info', 'cat_features': [0, 1, 2, 3, 4, 5, 6, 7, 8, 9, 10, 11, 12, 13, 14, 15, 16, 17, 18, 19, 20, 21, 22, 23, 24, 25, 26, 27, 28, 29, 30, 31, 32, 33, 34, 35, 36, 37, 38, 39, 40, 41, 42, 43, 44, 45, 46, 47, 48, 49, 50, 51, 52, 53, 54, 55, 56, 57, 58, 59, 60, 61, 62, 63, 64, 65, 66, 67, 68, 69, 70, 71, 72, 73, 74, 75, 76, 77, 78, 79, 80, 81, 82, 83, 84, 85, 86, 87, 88, 89, 90, 91, 92, 93, 94, 95, 96, 97, 98, 99, 100, 101, 102, 103, 104, 105, 106, 107, 108, 109, 110, 111, 112, 113, 114, 115]}

MSE - mean: 4023589.39318
MSE - std: 320064.90184
R2 - mean: 0.52293
R2 - std: 0.01644

Train time: 13.772702
Test time: 0.731545

---------------------------------------
2025-06-19 17:02:55.876869
Parameters: {'learning_rate': 0.001, 'max_depth': 12, 'l2_leaf_reg': 10.0, 'iterations': 100, 'od_type': 'Iter', 'od_wait': 20, 'verbose': 100, 'train_dir': 'output/CatBoost/Allstate_Claims/catboost_info', 'cat_features': [0, 1, 2, 3, 4, 5, 6, 7, 8, 9, 10, 11, 12, 13, 14, 15, 16, 17, 18, 19, 20, 21, 22, 23, 24, 25, 26, 27, 28, 29, 30, 31, 32, 33, 34, 35, 36, 37, 38, 39, 40, 41, 42, 43, 44, 45, 46, 47, 48, 49, 50, 51, 52, 53, 54, 55, 56, 57, 58, 59, 60, 61, 62, 63, 64, 65, 66, 67, 68, 69, 70, 71, 72, 73, 74, 75, 76, 77, 78, 79, 80, 81, 82, 83, 84, 85, 86, 87, 88, 89, 90, 91, 92, 93, 94, 95, 96, 97, 98, 99, 100, 101, 102, 103, 104, 105, 106, 107, 108, 109, 110, 111, 112, 113, 114, 115]}

MSE - mean: 7837835.14409
MSE - std: 394147.74562
R2 - mean: 0.06956
R2 - std: 0.00228

Train time: 107.275335
Test time: 0.726034

---------------------------------------
2025-06-19 17:04:27.127096
Parameters: {'learning_rate': 0.2, 'max_depth': 10, 'l2_leaf_reg': 10.0, 'iterations': 100, 'od_type': 'Iter', 'od_wait': 20, 'verbose': 100, 'train_dir': 'output/CatBoost/Allstate_Claims/catboost_info', 'cat_features': [0, 1, 2, 3, 4, 5, 6, 7, 8, 9, 10, 11, 12, 13, 14, 15, 16, 17, 18, 19, 20, 21, 22, 23, 24, 25, 26, 27, 28, 29, 30, 31, 32, 33, 34, 35, 36, 37, 38, 39, 40, 41, 42, 43, 44, 45, 46, 47, 48, 49, 50, 51, 52, 53, 54, 55, 56, 57, 58, 59, 60, 61, 62, 63, 64, 65, 66, 67, 68, 69, 70, 71, 72, 73, 74, 75, 76, 77, 78, 79, 80, 81, 82, 83, 84, 85, 86, 87, 88, 89, 90, 91, 92, 93, 94, 95, 96, 97, 98, 99, 100, 101, 102, 103, 104, 105, 106, 107, 108, 109, 110, 111, 112, 113, 114, 115]}

MSE - mean: 3780968.12998
MSE - std: 290652.22819
R2 - mean: 0.55167
R2 - std: 0.01399

Train time: 59.076400
Test time: 0.752947

---------------------------------------
2025-06-19 17:05:36.548305
Parameters: {'learning_rate': 0.001, 'max_depth': 6, 'l2_leaf_reg': 0.5, 'iterations': 100, 'od_type': 'Iter', 'od_wait': 20, 'verbose': 100, 'train_dir': 'output/CatBoost/Allstate_Claims/catboost_info', 'cat_features': [0, 1, 2, 3, 4, 5, 6, 7, 8, 9, 10, 11, 12, 13, 14, 15, 16, 17, 18, 19, 20, 21, 22, 23, 24, 25, 26, 27, 28, 29, 30, 31, 32, 33, 34, 35, 36, 37, 38, 39, 40, 41, 42, 43, 44, 45, 46, 47, 48, 49, 50, 51, 52, 53, 54, 55, 56, 57, 58, 59, 60, 61, 62, 63, 64, 65, 66, 67, 68, 69, 70, 71, 72, 73, 74, 75, 76, 77, 78, 79, 80, 81, 82, 83, 84, 85, 86, 87, 88, 89, 90, 91, 92, 93, 94, 95, 96, 97, 98, 99, 100, 101, 102, 103, 104, 105, 106, 107, 108, 109, 110, 111, 112, 113, 114, 115]}

MSE - mean: 7825764.89726
MSE - std: 385315.32821
R2 - mean: 0.07095
R2 - std: 0.00193

Train time: 28.233855
Test time: 0.680571

---------------------------------------
2025-06-19 17:06:47.626250
Parameters: {'learning_rate': 0.001, 'max_depth': 6, 'l2_leaf_reg': 10.0, 'iterations': 100, 'od_type': 'Iter', 'od_wait': 20, 'verbose': 100, 'train_dir': 'output/CatBoost/Allstate_Claims/catboost_info', 'cat_features': [0, 1, 2, 3, 4, 5, 6, 7, 8, 9, 10, 11, 12, 13, 14, 15, 16, 17, 18, 19, 20, 21, 22, 23, 24, 25, 26, 27, 28, 29, 30, 31, 32, 33, 34, 35, 36, 37, 38, 39, 40, 41, 42, 43, 44, 45, 46, 47, 48, 49, 50, 51, 52, 53, 54, 55, 56, 57, 58, 59, 60, 61, 62, 63, 64, 65, 66, 67, 68, 69, 70, 71, 72, 73, 74, 75, 76, 77, 78, 79, 80, 81, 82, 83, 84, 85, 86, 87, 88, 89, 90, 91, 92, 93, 94, 95, 96, 97, 98, 99, 100, 101, 102, 103, 104, 105, 106, 107, 108, 109, 110, 111, 112, 113, 114, 115]}

MSE - mean: 7843223.85584
MSE - std: 392835.72557
R2 - mean: 0.06892
R2 - std: 0.00237

Train time: 29.817468
Test time: 0.674811

---------------------------------------
2025-06-19 17:08:21.668729
Parameters: {'learning_rate': 0.001, 'max_depth': 10, 'l2_leaf_reg': 5.0, 'iterations': 100, 'od_type': 'Iter', 'od_wait': 20, 'verbose': 100, 'train_dir': 'output/CatBoost/Allstate_Claims/catboost_info', 'cat_features': [0, 1, 2, 3, 4, 5, 6, 7, 8, 9, 10, 11, 12, 13, 14, 15, 16, 17, 18, 19, 20, 21, 22, 23, 24, 25, 26, 27, 28, 29, 30, 31, 32, 33, 34, 35, 36, 37, 38, 39, 40, 41, 42, 43, 44, 45, 46, 47, 48, 49, 50, 51, 52, 53, 54, 55, 56, 57, 58, 59, 60, 61, 62, 63, 64, 65, 66, 67, 68, 69, 70, 71, 72, 73, 74, 75, 76, 77, 78, 79, 80, 81, 82, 83, 84, 85, 86, 87, 88, 89, 90, 91, 92, 93, 94, 95, 96, 97, 98, 99, 100, 101, 102, 103, 104, 105, 106, 107, 108, 109, 110, 111, 112, 113, 114, 115]}

MSE - mean: 7814585.14433
MSE - std: 392695.86029
R2 - mean: 0.07232
R2 - std: 0.00218

Train time: 64.987862
Test time: 0.740675

---------------------------------------
2025-06-19 17:09:34.830427
Parameters: {'learning_rate': 0.001, 'max_depth': 6, 'l2_leaf_reg': 5.0, 'iterations': 100, 'od_type': 'Iter', 'od_wait': 20, 'verbose': 100, 'train_dir': 'output/CatBoost/Allstate_Claims/catboost_info', 'cat_features': [0, 1, 2, 3, 4, 5, 6, 7, 8, 9, 10, 11, 12, 13, 14, 15, 16, 17, 18, 19, 20, 21, 22, 23, 24, 25, 26, 27, 28, 29, 30, 31, 32, 33, 34, 35, 36, 37, 38, 39, 40, 41, 42, 43, 44, 45, 46, 47, 48, 49, 50, 51, 52, 53, 54, 55, 56, 57, 58, 59, 60, 61, 62, 63, 64, 65, 66, 67, 68, 69, 70, 71, 72, 73, 74, 75, 76, 77, 78, 79, 80, 81, 82, 83, 84, 85, 86, 87, 88, 89, 90, 91, 92, 93, 94, 95, 96, 97, 98, 99, 100, 101, 102, 103, 104, 105, 106, 107, 108, 109, 110, 111, 112, 113, 114, 115]}

MSE - mean: 7829712.80312
MSE - std: 393155.80124
R2 - mean: 0.07052
R2 - std: 0.00248

Train time: 30.330456
Test time: 0.708283

---------------------------------------
2025-06-19 17:10:35.888402
Parameters: {'learning_rate': 0.01, 'max_depth': 2, 'l2_leaf_reg': 0.5, 'iterations': 100, 'od_type': 'Iter', 'od_wait': 20, 'verbose': 100, 'train_dir': 'output/CatBoost/Allstate_Claims/catboost_info', 'cat_features': [0, 1, 2, 3, 4, 5, 6, 7, 8, 9, 10, 11, 12, 13, 14, 15, 16, 17, 18, 19, 20, 21, 22, 23, 24, 25, 26, 27, 28, 29, 30, 31, 32, 33, 34, 35, 36, 37, 38, 39, 40, 41, 42, 43, 44, 45, 46, 47, 48, 49, 50, 51, 52, 53, 54, 55, 56, 57, 58, 59, 60, 61, 62, 63, 64, 65, 66, 67, 68, 69, 70, 71, 72, 73, 74, 75, 76, 77, 78, 79, 80, 81, 82, 83, 84, 85, 86, 87, 88, 89, 90, 91, 92, 93, 94, 95, 96, 97, 98, 99, 100, 101, 102, 103, 104, 105, 106, 107, 108, 109, 110, 111, 112, 113, 114, 115]}

MSE - mean: 6105224.54746
MSE - std: 354933.70661
R2 - mean: 0.27549
R2 - std: 0.00876

Train time: 14.125278
Test time: 0.704603

---------------------------------------
2025-06-19 17:12:57.603575
Parameters: {'learning_rate': 0.2, 'max_depth': 12, 'l2_leaf_reg': 0.5, 'iterations': 100, 'od_type': 'Iter', 'od_wait': 20, 'verbose': 100, 'train_dir': 'output/CatBoost/Allstate_Claims/catboost_info', 'cat_features': [0, 1, 2, 3, 4, 5, 6, 7, 8, 9, 10, 11, 12, 13, 14, 15, 16, 17, 18, 19, 20, 21, 22, 23, 24, 25, 26, 27, 28, 29, 30, 31, 32, 33, 34, 35, 36, 37, 38, 39, 40, 41, 42, 43, 44, 45, 46, 47, 48, 49, 50, 51, 52, 53, 54, 55, 56, 57, 58, 59, 60, 61, 62, 63, 64, 65, 66, 67, 68, 69, 70, 71, 72, 73, 74, 75, 76, 77, 78, 79, 80, 81, 82, 83, 84, 85, 86, 87, 88, 89, 90, 91, 92, 93, 94, 95, 96, 97, 98, 99, 100, 101, 102, 103, 104, 105, 106, 107, 108, 109, 110, 111, 112, 113, 114, 115]}

MSE - mean: 3924522.62709
MSE - std: 302082.66944
R2 - mean: 0.53467
R2 - std: 0.01399

Train time: 127.974961
Test time: 0.777759

---------------------------------------
2025-06-19 17:14:08.238242
Parameters: {'learning_rate': 0.3, 'max_depth': 6, 'l2_leaf_reg': 0.5, 'iterations': 100, 'od_type': 'Iter', 'od_wait': 20, 'verbose': 100, 'train_dir': 'output/CatBoost/Allstate_Claims/catboost_info', 'cat_features': [0, 1, 2, 3, 4, 5, 6, 7, 8, 9, 10, 11, 12, 13, 14, 15, 16, 17, 18, 19, 20, 21, 22, 23, 24, 25, 26, 27, 28, 29, 30, 31, 32, 33, 34, 35, 36, 37, 38, 39, 40, 41, 42, 43, 44, 45, 46, 47, 48, 49, 50, 51, 52, 53, 54, 55, 56, 57, 58, 59, 60, 61, 62, 63, 64, 65, 66, 67, 68, 69, 70, 71, 72, 73, 74, 75, 76, 77, 78, 79, 80, 81, 82, 83, 84, 85, 86, 87, 88, 89, 90, 91, 92, 93, 94, 95, 96, 97, 98, 99, 100, 101, 102, 103, 104, 105, 106, 107, 108, 109, 110, 111, 112, 113, 114, 115]}

MSE - mean: 3709330.49770
MSE - std: 348992.71816
R2 - mean: 0.56030
R2 - std: 0.02439

Train time: 27.984821
Test time: 0.727593

---------------------------------------
2025-06-19 17:15:09.640926
Parameters: {'learning_rate': 0.001, 'max_depth': 2, 'l2_leaf_reg': 5.0, 'iterations': 100, 'od_type': 'Iter', 'od_wait': 20, 'verbose': 100, 'train_dir': 'output/CatBoost/Allstate_Claims/catboost_info', 'cat_features': [0, 1, 2, 3, 4, 5, 6, 7, 8, 9, 10, 11, 12, 13, 14, 15, 16, 17, 18, 19, 20, 21, 22, 23, 24, 25, 26, 27, 28, 29, 30, 31, 32, 33, 34, 35, 36, 37, 38, 39, 40, 41, 42, 43, 44, 45, 46, 47, 48, 49, 50, 51, 52, 53, 54, 55, 56, 57, 58, 59, 60, 61, 62, 63, 64, 65, 66, 67, 68, 69, 70, 71, 72, 73, 74, 75, 76, 77, 78, 79, 80, 81, 82, 83, 84, 85, 86, 87, 88, 89, 90, 91, 92, 93, 94, 95, 96, 97, 98, 99, 100, 101, 102, 103, 104, 105, 106, 107, 108, 109, 110, 111, 112, 113, 114, 115]}

MSE - mean: 7990404.50792
MSE - std: 398028.51943
R2 - mean: 0.05143
R2 - std: 0.00201

Train time: 14.122348
Test time: 0.684764

---------------------------------------
2025-06-19 17:16:44.278627
Parameters: {'learning_rate': 0.3, 'max_depth': 10, 'l2_leaf_reg': 1.0, 'iterations': 100, 'od_type': 'Iter', 'od_wait': 20, 'verbose': 100, 'train_dir': 'output/CatBoost/Allstate_Claims/catboost_info', 'cat_features': [0, 1, 2, 3, 4, 5, 6, 7, 8, 9, 10, 11, 12, 13, 14, 15, 16, 17, 18, 19, 20, 21, 22, 23, 24, 25, 26, 27, 28, 29, 30, 31, 32, 33, 34, 35, 36, 37, 38, 39, 40, 41, 42, 43, 44, 45, 46, 47, 48, 49, 50, 51, 52, 53, 54, 55, 56, 57, 58, 59, 60, 61, 62, 63, 64, 65, 66, 67, 68, 69, 70, 71, 72, 73, 74, 75, 76, 77, 78, 79, 80, 81, 82, 83, 84, 85, 86, 87, 88, 89, 90, 91, 92, 93, 94, 95, 96, 97, 98, 99, 100, 101, 102, 103, 104, 105, 106, 107, 108, 109, 110, 111, 112, 113, 114, 115]}

MSE - mean: 3857440.32818
MSE - std: 326445.51067
R2 - mean: 0.54268
R2 - std: 0.01957

Train time: 63.571023
Test time: 0.759867

---------------------------------------
2025-06-19 17:17:55.010531
Parameters: {'learning_rate': 0.01, 'max_depth': 6, 'l2_leaf_reg': 0.5, 'iterations': 100, 'od_type': 'Iter', 'od_wait': 20, 'verbose': 100, 'train_dir': 'output/CatBoost/Allstate_Claims/catboost_info', 'cat_features': [0, 1, 2, 3, 4, 5, 6, 7, 8, 9, 10, 11, 12, 13, 14, 15, 16, 17, 18, 19, 20, 21, 22, 23, 24, 25, 26, 27, 28, 29, 30, 31, 32, 33, 34, 35, 36, 37, 38, 39, 40, 41, 42, 43, 44, 45, 46, 47, 48, 49, 50, 51, 52, 53, 54, 55, 56, 57, 58, 59, 60, 61, 62, 63, 64, 65, 66, 67, 68, 69, 70, 71, 72, 73, 74, 75, 76, 77, 78, 79, 80, 81, 82, 83, 84, 85, 86, 87, 88, 89, 90, 91, 92, 93, 94, 95, 96, 97, 98, 99, 100, 101, 102, 103, 104, 105, 106, 107, 108, 109, 110, 111, 112, 113, 114, 115]}

MSE - mean: 5314231.25493
MSE - std: 327158.45348
R2 - mean: 0.36943
R2 - std: 0.01107

Train time: 27.715660
Test time: 0.677139

---------------------------------------
2025-06-19 17:19:50.584990
Parameters: {'learning_rate': 0.1, 'max_depth': 12, 'l2_leaf_reg': 30.0, 'iterations': 100, 'od_type': 'Iter', 'od_wait': 20, 'verbose': 100, 'train_dir': 'output/CatBoost/Allstate_Claims/catboost_info', 'cat_features': [0, 1, 2, 3, 4, 5, 6, 7, 8, 9, 10, 11, 12, 13, 14, 15, 16, 17, 18, 19, 20, 21, 22, 23, 24, 25, 26, 27, 28, 29, 30, 31, 32, 33, 34, 35, 36, 37, 38, 39, 40, 41, 42, 43, 44, 45, 46, 47, 48, 49, 50, 51, 52, 53, 54, 55, 56, 57, 58, 59, 60, 61, 62, 63, 64, 65, 66, 67, 68, 69, 70, 71, 72, 73, 74, 75, 76, 77, 78, 79, 80, 81, 82, 83, 84, 85, 86, 87, 88, 89, 90, 91, 92, 93, 94, 95, 96, 97, 98, 99, 100, 101, 102, 103, 104, 105, 106, 107, 108, 109, 110, 111, 112, 113, 114, 115]}

MSE - mean: 4044042.09936
MSE - std: 301634.95975
R2 - mean: 0.52044
R2 - std: 0.01377

Train time: 90.403207
Test time: 0.756194

---------------------------------------
2025-06-19 17:22:07.440153
Parameters: {'learning_rate': 0.3, 'max_depth': 12, 'l2_leaf_reg': 5.0, 'iterations': 100, 'od_type': 'Iter', 'od_wait': 20, 'verbose': 100, 'train_dir': 'output/CatBoost/Allstate_Claims/catboost_info', 'cat_features': [0, 1, 2, 3, 4, 5, 6, 7, 8, 9, 10, 11, 12, 13, 14, 15, 16, 17, 18, 19, 20, 21, 22, 23, 24, 25, 26, 27, 28, 29, 30, 31, 32, 33, 34, 35, 36, 37, 38, 39, 40, 41, 42, 43, 44, 45, 46, 47, 48, 49, 50, 51, 52, 53, 54, 55, 56, 57, 58, 59, 60, 61, 62, 63, 64, 65, 66, 67, 68, 69, 70, 71, 72, 73, 74, 75, 76, 77, 78, 79, 80, 81, 82, 83, 84, 85, 86, 87, 88, 89, 90, 91, 92, 93, 94, 95, 96, 97, 98, 99, 100, 101, 102, 103, 104, 105, 106, 107, 108, 109, 110, 111, 112, 113, 114, 115]}

MSE - mean: 3896152.61790
MSE - std: 298670.52977
R2 - mean: 0.53803
R2 - std: 0.01326

Train time: 123.720803
Test time: 0.716135

---------------------------------------
2025-06-19 17:23:06.803849
Parameters: {'learning_rate': 0.001, 'max_depth': 2, 'l2_leaf_reg': 0.5, 'iterations': 100, 'od_type': 'Iter', 'od_wait': 20, 'verbose': 100, 'train_dir': 'output/CatBoost/Allstate_Claims/catboost_info', 'cat_features': [0, 1, 2, 3, 4, 5, 6, 7, 8, 9, 10, 11, 12, 13, 14, 15, 16, 17, 18, 19, 20, 21, 22, 23, 24, 25, 26, 27, 28, 29, 30, 31, 32, 33, 34, 35, 36, 37, 38, 39, 40, 41, 42, 43, 44, 45, 46, 47, 48, 49, 50, 51, 52, 53, 54, 55, 56, 57, 58, 59, 60, 61, 62, 63, 64, 65, 66, 67, 68, 69, 70, 71, 72, 73, 74, 75, 76, 77, 78, 79, 80, 81, 82, 83, 84, 85, 86, 87, 88, 89, 90, 91, 92, 93, 94, 95, 96, 97, 98, 99, 100, 101, 102, 103, 104, 105, 106, 107, 108, 109, 110, 111, 112, 113, 114, 115]}

MSE - mean: 7989612.94987
MSE - std: 398014.47100
R2 - mean: 0.05153
R2 - std: 0.00201

Train time: 13.824960
Test time: 0.677897

---------------------------------------
2025-06-19 17:24:44.004871
Parameters: {'learning_rate': 0.2, 'max_depth': 10, 'l2_leaf_reg': 1.0, 'iterations': 100, 'od_type': 'Iter', 'od_wait': 20, 'verbose': 100, 'train_dir': 'output/CatBoost/Allstate_Claims/catboost_info', 'cat_features': [0, 1, 2, 3, 4, 5, 6, 7, 8, 9, 10, 11, 12, 13, 14, 15, 16, 17, 18, 19, 20, 21, 22, 23, 24, 25, 26, 27, 28, 29, 30, 31, 32, 33, 34, 35, 36, 37, 38, 39, 40, 41, 42, 43, 44, 45, 46, 47, 48, 49, 50, 51, 52, 53, 54, 55, 56, 57, 58, 59, 60, 61, 62, 63, 64, 65, 66, 67, 68, 69, 70, 71, 72, 73, 74, 75, 76, 77, 78, 79, 80, 81, 82, 83, 84, 85, 86, 87, 88, 89, 90, 91, 92, 93, 94, 95, 96, 97, 98, 99, 100, 101, 102, 103, 104, 105, 106, 107, 108, 109, 110, 111, 112, 113, 114, 115]}

MSE - mean: 3764387.68653
MSE - std: 300091.62409
R2 - mean: 0.55367
R2 - std: 0.01535

Train time: 64.629735
Test time: 0.741529

---------------------------------------
2025-06-19 17:25:44.191074
Parameters: {'learning_rate': 0.1, 'max_depth': 2, 'l2_leaf_reg': 1.0, 'iterations': 100, 'od_type': 'Iter', 'od_wait': 20, 'verbose': 100, 'train_dir': 'output/CatBoost/Allstate_Claims/catboost_info', 'cat_features': [0, 1, 2, 3, 4, 5, 6, 7, 8, 9, 10, 11, 12, 13, 14, 15, 16, 17, 18, 19, 20, 21, 22, 23, 24, 25, 26, 27, 28, 29, 30, 31, 32, 33, 34, 35, 36, 37, 38, 39, 40, 41, 42, 43, 44, 45, 46, 47, 48, 49, 50, 51, 52, 53, 54, 55, 56, 57, 58, 59, 60, 61, 62, 63, 64, 65, 66, 67, 68, 69, 70, 71, 72, 73, 74, 75, 76, 77, 78, 79, 80, 81, 82, 83, 84, 85, 86, 87, 88, 89, 90, 91, 92, 93, 94, 95, 96, 97, 98, 99, 100, 101, 102, 103, 104, 105, 106, 107, 108, 109, 110, 111, 112, 113, 114, 115]}

MSE - mean: 4304365.12282
MSE - std: 310658.02280
R2 - mean: 0.48946
R2 - std: 0.01527

Train time: 13.912714
Test time: 0.695131

---------------------------------------
2025-06-19 17:27:13.724171
Parameters: {'learning_rate': 0.1, 'max_depth': 10, 'l2_leaf_reg': 5.0, 'iterations': 100, 'od_type': 'Iter', 'od_wait': 20, 'verbose': 100, 'train_dir': 'output/CatBoost/Allstate_Claims/catboost_info', 'cat_features': [0, 1, 2, 3, 4, 5, 6, 7, 8, 9, 10, 11, 12, 13, 14, 15, 16, 17, 18, 19, 20, 21, 22, 23, 24, 25, 26, 27, 28, 29, 30, 31, 32, 33, 34, 35, 36, 37, 38, 39, 40, 41, 42, 43, 44, 45, 46, 47, 48, 49, 50, 51, 52, 53, 54, 55, 56, 57, 58, 59, 60, 61, 62, 63, 64, 65, 66, 67, 68, 69, 70, 71, 72, 73, 74, 75, 76, 77, 78, 79, 80, 81, 82, 83, 84, 85, 86, 87, 88, 89, 90, 91, 92, 93, 94, 95, 96, 97, 98, 99, 100, 101, 102, 103, 104, 105, 106, 107, 108, 109, 110, 111, 112, 113, 114, 115]}

MSE - mean: 3824706.88425
MSE - std: 290564.35817
R2 - mean: 0.54648
R2 - std: 0.01320

Train time: 59.412694
Test time: 0.733947

---------------------------------------
2025-06-19 17:29:34.112297
Parameters: {'learning_rate': 0.1, 'max_depth': 12, 'l2_leaf_reg': 0.5, 'iterations': 100, 'od_type': 'Iter', 'od_wait': 20, 'verbose': 100, 'train_dir': 'output/CatBoost/Allstate_Claims/catboost_info', 'cat_features': [0, 1, 2, 3, 4, 5, 6, 7, 8, 9, 10, 11, 12, 13, 14, 15, 16, 17, 18, 19, 20, 21, 22, 23, 24, 25, 26, 27, 28, 29, 30, 31, 32, 33, 34, 35, 36, 37, 38, 39, 40, 41, 42, 43, 44, 45, 46, 47, 48, 49, 50, 51, 52, 53, 54, 55, 56, 57, 58, 59, 60, 61, 62, 63, 64, 65, 66, 67, 68, 69, 70, 71, 72, 73, 74, 75, 76, 77, 78, 79, 80, 81, 82, 83, 84, 85, 86, 87, 88, 89, 90, 91, 92, 93, 94, 95, 96, 97, 98, 99, 100, 101, 102, 103, 104, 105, 106, 107, 108, 109, 110, 111, 112, 113, 114, 115]}

MSE - mean: 3851260.32535
MSE - std: 304301.83988
R2 - mean: 0.54340
R2 - std: 0.01465

Train time: 128.826181
Test time: 0.730595

---------------------------------------
2025-06-19 17:31:51.853453
Parameters: {'learning_rate': 0.2, 'max_depth': 12, 'l2_leaf_reg': 1.0, 'iterations': 100, 'od_type': 'Iter', 'od_wait': 20, 'verbose': 100, 'train_dir': 'output/CatBoost/Allstate_Claims/catboost_info', 'cat_features': [0, 1, 2, 3, 4, 5, 6, 7, 8, 9, 10, 11, 12, 13, 14, 15, 16, 17, 18, 19, 20, 21, 22, 23, 24, 25, 26, 27, 28, 29, 30, 31, 32, 33, 34, 35, 36, 37, 38, 39, 40, 41, 42, 43, 44, 45, 46, 47, 48, 49, 50, 51, 52, 53, 54, 55, 56, 57, 58, 59, 60, 61, 62, 63, 64, 65, 66, 67, 68, 69, 70, 71, 72, 73, 74, 75, 76, 77, 78, 79, 80, 81, 82, 83, 84, 85, 86, 87, 88, 89, 90, 91, 92, 93, 94, 95, 96, 97, 98, 99, 100, 101, 102, 103, 104, 105, 106, 107, 108, 109, 110, 111, 112, 113, 114, 115]}

MSE - mean: 3902701.64695
MSE - std: 324065.17328
R2 - mean: 0.53740
R2 - std: 0.01630

Train time: 127.638463
Test time: 0.730935

---------------------------------------
2025-06-19 17:34:09.876352
Parameters: {'learning_rate': 0.001, 'max_depth': 12, 'l2_leaf_reg': 1.0, 'iterations': 100, 'od_type': 'Iter', 'od_wait': 20, 'verbose': 100, 'train_dir': 'output/CatBoost/Allstate_Claims/catboost_info', 'cat_features': [0, 1, 2, 3, 4, 5, 6, 7, 8, 9, 10, 11, 12, 13, 14, 15, 16, 17, 18, 19, 20, 21, 22, 23, 24, 25, 26, 27, 28, 29, 30, 31, 32, 33, 34, 35, 36, 37, 38, 39, 40, 41, 42, 43, 44, 45, 46, 47, 48, 49, 50, 51, 52, 53, 54, 55, 56, 57, 58, 59, 60, 61, 62, 63, 64, 65, 66, 67, 68, 69, 70, 71, 72, 73, 74, 75, 76, 77, 78, 79, 80, 81, 82, 83, 84, 85, 86, 87, 88, 89, 90, 91, 92, 93, 94, 95, 96, 97, 98, 99, 100, 101, 102, 103, 104, 105, 106, 107, 108, 109, 110, 111, 112, 113, 114, 115]}

MSE - mean: 7807336.34729
MSE - std: 397320.19836
R2 - mean: 0.07321
R2 - std: 0.00277

Train time: 127.538154
Test time: 0.710808

---------------------------------------
2025-06-19 17:35:10.753887
Parameters: {'learning_rate': 0.2, 'max_depth': 2, 'l2_leaf_reg': 5.0, 'iterations': 100, 'od_type': 'Iter', 'od_wait': 20, 'verbose': 100, 'train_dir': 'output/CatBoost/Allstate_Claims/catboost_info', 'cat_features': [0, 1, 2, 3, 4, 5, 6, 7, 8, 9, 10, 11, 12, 13, 14, 15, 16, 17, 18, 19, 20, 21, 22, 23, 24, 25, 26, 27, 28, 29, 30, 31, 32, 33, 34, 35, 36, 37, 38, 39, 40, 41, 42, 43, 44, 45, 46, 47, 48, 49, 50, 51, 52, 53, 54, 55, 56, 57, 58, 59, 60, 61, 62, 63, 64, 65, 66, 67, 68, 69, 70, 71, 72, 73, 74, 75, 76, 77, 78, 79, 80, 81, 82, 83, 84, 85, 86, 87, 88, 89, 90, 91, 92, 93, 94, 95, 96, 97, 98, 99, 100, 101, 102, 103, 104, 105, 106, 107, 108, 109, 110, 111, 112, 113, 114, 115]}

MSE - mean: 4076899.87998
MSE - std: 279029.20061
R2 - mean: 0.51637
R2 - std: 0.01258

Train time: 13.953560
Test time: 0.699702

---------------------------------------
2025-06-19 17:36:43.356056
Parameters: {'learning_rate': 0.1, 'max_depth': 10, 'l2_leaf_reg': 0.5, 'iterations': 100, 'od_type': 'Iter', 'od_wait': 20, 'verbose': 100, 'train_dir': 'output/CatBoost/Allstate_Claims/catboost_info', 'cat_features': [0, 1, 2, 3, 4, 5, 6, 7, 8, 9, 10, 11, 12, 13, 14, 15, 16, 17, 18, 19, 20, 21, 22, 23, 24, 25, 26, 27, 28, 29, 30, 31, 32, 33, 34, 35, 36, 37, 38, 39, 40, 41, 42, 43, 44, 45, 46, 47, 48, 49, 50, 51, 52, 53, 54, 55, 56, 57, 58, 59, 60, 61, 62, 63, 64, 65, 66, 67, 68, 69, 70, 71, 72, 73, 74, 75, 76, 77, 78, 79, 80, 81, 82, 83, 84, 85, 86, 87, 88, 89, 90, 91, 92, 93, 94, 95, 96, 97, 98, 99, 100, 101, 102, 103, 104, 105, 106, 107, 108, 109, 110, 111, 112, 113, 114, 115]}

MSE - mean: 3779113.70910
MSE - std: 329911.65216
R2 - mean: 0.55210
R2 - std: 0.01785

Train time: 62.442427
Test time: 0.743554

---------------------------------------
2025-06-19 17:39:04.097996
Parameters: {'learning_rate': 0.1, 'max_depth': 12, 'l2_leaf_reg': 1.0, 'iterations': 100, 'od_type': 'Iter', 'od_wait': 20, 'verbose': 100, 'train_dir': 'output/CatBoost/Allstate_Claims/catboost_info', 'cat_features': [0, 1, 2, 3, 4, 5, 6, 7, 8, 9, 10, 11, 12, 13, 14, 15, 16, 17, 18, 19, 20, 21, 22, 23, 24, 25, 26, 27, 28, 29, 30, 31, 32, 33, 34, 35, 36, 37, 38, 39, 40, 41, 42, 43, 44, 45, 46, 47, 48, 49, 50, 51, 52, 53, 54, 55, 56, 57, 58, 59, 60, 61, 62, 63, 64, 65, 66, 67, 68, 69, 70, 71, 72, 73, 74, 75, 76, 77, 78, 79, 80, 81, 82, 83, 84, 85, 86, 87, 88, 89, 90, 91, 92, 93, 94, 95, 96, 97, 98, 99, 100, 101, 102, 103, 104, 105, 106, 107, 108, 109, 110, 111, 112, 113, 114, 115]}

MSE - mean: 3848680.78161
MSE - std: 294344.25769
R2 - mean: 0.54366
R2 - std: 0.01305

Train time: 126.917321
Test time: 0.749526

---------------------------------------
2025-06-19 17:40:38.330709
Parameters: {'learning_rate': 0.01, 'max_depth': 10, 'l2_leaf_reg': 10.0, 'iterations': 100, 'od_type': 'Iter', 'od_wait': 20, 'verbose': 100, 'train_dir': 'output/CatBoost/Allstate_Claims/catboost_info', 'cat_features': [0, 1, 2, 3, 4, 5, 6, 7, 8, 9, 10, 11, 12, 13, 14, 15, 16, 17, 18, 19, 20, 21, 22, 23, 24, 25, 26, 27, 28, 29, 30, 31, 32, 33, 34, 35, 36, 37, 38, 39, 40, 41, 42, 43, 44, 45, 46, 47, 48, 49, 50, 51, 52, 53, 54, 55, 56, 57, 58, 59, 60, 61, 62, 63, 64, 65, 66, 67, 68, 69, 70, 71, 72, 73, 74, 75, 76, 77, 78, 79, 80, 81, 82, 83, 84, 85, 86, 87, 88, 89, 90, 91, 92, 93, 94, 95, 96, 97, 98, 99, 100, 101, 102, 103, 104, 105, 106, 107, 108, 109, 110, 111, 112, 113, 114, 115]}

MSE - mean: 5289480.71551
MSE - std: 338309.27472
R2 - mean: 0.37246
R2 - std: 0.01106

Train time: 65.180440
Test time: 0.733764

---------------------------------------
2025-06-19 17:41:49.159177
Parameters: {'learning_rate': 0.3, 'max_depth': 6, 'l2_leaf_reg': 5.0, 'iterations': 100, 'od_type': 'Iter', 'od_wait': 20, 'verbose': 100, 'train_dir': 'output/CatBoost/Allstate_Claims/catboost_info', 'cat_features': [0, 1, 2, 3, 4, 5, 6, 7, 8, 9, 10, 11, 12, 13, 14, 15, 16, 17, 18, 19, 20, 21, 22, 23, 24, 25, 26, 27, 28, 29, 30, 31, 32, 33, 34, 35, 36, 37, 38, 39, 40, 41, 42, 43, 44, 45, 46, 47, 48, 49, 50, 51, 52, 53, 54, 55, 56, 57, 58, 59, 60, 61, 62, 63, 64, 65, 66, 67, 68, 69, 70, 71, 72, 73, 74, 75, 76, 77, 78, 79, 80, 81, 82, 83, 84, 85, 86, 87, 88, 89, 90, 91, 92, 93, 94, 95, 96, 97, 98, 99, 100, 101, 102, 103, 104, 105, 106, 107, 108, 109, 110, 111, 112, 113, 114, 115]}

MSE - mean: 3716156.98728
MSE - std: 278094.79588
R2 - mean: 0.55926
R2 - std: 0.01439

Train time: 28.484641
Test time: 0.719513

---------------------------------------
2025-06-19 17:44:03.471382
Parameters: {'learning_rate': 0.3, 'max_depth': 12, 'l2_leaf_reg': 10.0, 'iterations': 100, 'od_type': 'Iter', 'od_wait': 20, 'verbose': 100, 'train_dir': 'output/CatBoost/Allstate_Claims/catboost_info', 'cat_features': [0, 1, 2, 3, 4, 5, 6, 7, 8, 9, 10, 11, 12, 13, 14, 15, 16, 17, 18, 19, 20, 21, 22, 23, 24, 25, 26, 27, 28, 29, 30, 31, 32, 33, 34, 35, 36, 37, 38, 39, 40, 41, 42, 43, 44, 45, 46, 47, 48, 49, 50, 51, 52, 53, 54, 55, 56, 57, 58, 59, 60, 61, 62, 63, 64, 65, 66, 67, 68, 69, 70, 71, 72, 73, 74, 75, 76, 77, 78, 79, 80, 81, 82, 83, 84, 85, 86, 87, 88, 89, 90, 91, 92, 93, 94, 95, 96, 97, 98, 99, 100, 101, 102, 103, 104, 105, 106, 107, 108, 109, 110, 111, 112, 113, 114, 115]}

MSE - mean: 3890088.60995
MSE - std: 293853.08468
R2 - mean: 0.53872
R2 - std: 0.01338

Train time: 119.514878
Test time: 0.730946

---------------------------------------
2025-06-19 17:45:13.440089
Parameters: {'learning_rate': 0.01, 'max_depth': 6, 'l2_leaf_reg': 30.0, 'iterations': 100, 'od_type': 'Iter', 'od_wait': 20, 'verbose': 100, 'train_dir': 'output/CatBoost/Allstate_Claims/catboost_info', 'cat_features': [0, 1, 2, 3, 4, 5, 6, 7, 8, 9, 10, 11, 12, 13, 14, 15, 16, 17, 18, 19, 20, 21, 22, 23, 24, 25, 26, 27, 28, 29, 30, 31, 32, 33, 34, 35, 36, 37, 38, 39, 40, 41, 42, 43, 44, 45, 46, 47, 48, 49, 50, 51, 52, 53, 54, 55, 56, 57, 58, 59, 60, 61, 62, 63, 64, 65, 66, 67, 68, 69, 70, 71, 72, 73, 74, 75, 76, 77, 78, 79, 80, 81, 82, 83, 84, 85, 86, 87, 88, 89, 90, 91, 92, 93, 94, 95, 96, 97, 98, 99, 100, 101, 102, 103, 104, 105, 106, 107, 108, 109, 110, 111, 112, 113, 114, 115]}

MSE - mean: 5468115.74339
MSE - std: 342381.19748
R2 - mean: 0.35123
R2 - std: 0.01064

Train time: 28.180708
Test time: 0.702514

---------------------------------------
2025-06-19 17:46:22.594860
Parameters: {'learning_rate': 0.2, 'max_depth': 2, 'l2_leaf_reg': 1.0, 'iterations': 100, 'od_type': 'Iter', 'od_wait': 20, 'verbose': 100, 'train_dir': 'output/CatBoost/Allstate_Claims/catboost_info', 'cat_features': [0, 1, 2, 3, 4, 5, 6, 7, 8, 9, 10, 11, 12, 13, 14, 15, 16, 17, 18, 19, 20, 21, 22, 23, 24, 25, 26, 27, 28, 29, 30, 31, 32, 33, 34, 35, 36, 37, 38, 39, 40, 41, 42, 43, 44, 45, 46, 47, 48, 49, 50, 51, 52, 53, 54, 55, 56, 57, 58, 59, 60, 61, 62, 63, 64, 65, 66, 67, 68, 69, 70, 71, 72, 73, 74, 75, 76, 77, 78, 79, 80, 81, 82, 83, 84, 85, 86, 87, 88, 89, 90, 91, 92, 93, 94, 95, 96, 97, 98, 99, 100, 101, 102, 103, 104, 105, 106, 107, 108, 109, 110, 111, 112, 113, 114, 115]}

MSE - mean: 4050472.60316
MSE - std: 311929.93266
R2 - mean: 0.51963
R2 - std: 0.01721

Train time: 15.265958
Test time: 0.807719

---------------------------------------
2025-06-19 17:47:34.060957
Parameters: {'learning_rate': 0.01, 'max_depth': 2, 'l2_leaf_reg': 30.0, 'iterations': 100, 'od_type': 'Iter', 'od_wait': 20, 'verbose': 100, 'train_dir': 'output/CatBoost/Allstate_Claims/catboost_info', 'cat_features': [0, 1, 2, 3, 4, 5, 6, 7, 8, 9, 10, 11, 12, 13, 14, 15, 16, 17, 18, 19, 20, 21, 22, 23, 24, 25, 26, 27, 28, 29, 30, 31, 32, 33, 34, 35, 36, 37, 38, 39, 40, 41, 42, 43, 44, 45, 46, 47, 48, 49, 50, 51, 52, 53, 54, 55, 56, 57, 58, 59, 60, 61, 62, 63, 64, 65, 66, 67, 68, 69, 70, 71, 72, 73, 74, 75, 76, 77, 78, 79, 80, 81, 82, 83, 84, 85, 86, 87, 88, 89, 90, 91, 92, 93, 94, 95, 96, 97, 98, 99, 100, 101, 102, 103, 104, 105, 106, 107, 108, 109, 110, 111, 112, 113, 114, 115]}

MSE - mean: 6109623.94231
MSE - std: 361594.52688
R2 - mean: 0.27501
R2 - std: 0.00935

Train time: 15.053427
Test time: 0.753263

---------------------------------------
2025-06-19 17:49:10.846350
Parameters: {'learning_rate': 0.2, 'max_depth': 10, 'l2_leaf_reg': 0.5, 'iterations': 100, 'od_type': 'Iter', 'od_wait': 20, 'verbose': 100, 'train_dir': 'output/CatBoost/Allstate_Claims/catboost_info', 'cat_features': [0, 1, 2, 3, 4, 5, 6, 7, 8, 9, 10, 11, 12, 13, 14, 15, 16, 17, 18, 19, 20, 21, 22, 23, 24, 25, 26, 27, 28, 29, 30, 31, 32, 33, 34, 35, 36, 37, 38, 39, 40, 41, 42, 43, 44, 45, 46, 47, 48, 49, 50, 51, 52, 53, 54, 55, 56, 57, 58, 59, 60, 61, 62, 63, 64, 65, 66, 67, 68, 69, 70, 71, 72, 73, 74, 75, 76, 77, 78, 79, 80, 81, 82, 83, 84, 85, 86, 87, 88, 89, 90, 91, 92, 93, 94, 95, 96, 97, 98, 99, 100, 101, 102, 103, 104, 105, 106, 107, 108, 109, 110, 111, 112, 113, 114, 115]}

MSE - mean: 3772513.58714
MSE - std: 315866.99708
R2 - mean: 0.55279
R2 - std: 0.01736

Train time: 65.060745
Test time: 0.759822

---------------------------------------
2025-06-19 17:50:20.747857
Parameters: {'learning_rate': 0.1, 'max_depth': 6, 'l2_leaf_reg': 30.0, 'iterations': 100, 'od_type': 'Iter', 'od_wait': 20, 'verbose': 100, 'train_dir': 'output/CatBoost/Allstate_Claims/catboost_info', 'cat_features': [0, 1, 2, 3, 4, 5, 6, 7, 8, 9, 10, 11, 12, 13, 14, 15, 16, 17, 18, 19, 20, 21, 22, 23, 24, 25, 26, 27, 28, 29, 30, 31, 32, 33, 34, 35, 36, 37, 38, 39, 40, 41, 42, 43, 44, 45, 46, 47, 48, 49, 50, 51, 52, 53, 54, 55, 56, 57, 58, 59, 60, 61, 62, 63, 64, 65, 66, 67, 68, 69, 70, 71, 72, 73, 74, 75, 76, 77, 78, 79, 80, 81, 82, 83, 84, 85, 86, 87, 88, 89, 90, 91, 92, 93, 94, 95, 96, 97, 98, 99, 100, 101, 102, 103, 104, 105, 106, 107, 108, 109, 110, 111, 112, 113, 114, 115]}

MSE - mean: 4103423.14682
MSE - std: 283057.55722
R2 - mean: 0.51323
R2 - std: 0.01356

Train time: 26.893054
Test time: 0.722487

---------------------------------------
2025-06-19 17:52:39.295434
Parameters: {'learning_rate': 0.3, 'max_depth': 12, 'l2_leaf_reg': 0.5, 'iterations': 100, 'od_type': 'Iter', 'od_wait': 20, 'verbose': 100, 'train_dir': 'output/CatBoost/Allstate_Claims/catboost_info', 'cat_features': [0, 1, 2, 3, 4, 5, 6, 7, 8, 9, 10, 11, 12, 13, 14, 15, 16, 17, 18, 19, 20, 21, 22, 23, 24, 25, 26, 27, 28, 29, 30, 31, 32, 33, 34, 35, 36, 37, 38, 39, 40, 41, 42, 43, 44, 45, 46, 47, 48, 49, 50, 51, 52, 53, 54, 55, 56, 57, 58, 59, 60, 61, 62, 63, 64, 65, 66, 67, 68, 69, 70, 71, 72, 73, 74, 75, 76, 77, 78, 79, 80, 81, 82, 83, 84, 85, 86, 87, 88, 89, 90, 91, 92, 93, 94, 95, 96, 97, 98, 99, 100, 101, 102, 103, 104, 105, 106, 107, 108, 109, 110, 111, 112, 113, 114, 115]}

MSE - mean: 4030448.58429
MSE - std: 289829.14873
R2 - mean: 0.52197
R2 - std: 0.01383

Train time: 122.282082
Test time: 0.786085

---------------------------------------
2025-06-19 17:53:53.695661
Parameters: {'learning_rate': 0.1, 'max_depth': 6, 'l2_leaf_reg': 1.0, 'iterations': 100, 'od_type': 'Iter', 'od_wait': 20, 'verbose': 100, 'train_dir': 'output/CatBoost/Allstate_Claims/catboost_info', 'cat_features': [0, 1, 2, 3, 4, 5, 6, 7, 8, 9, 10, 11, 12, 13, 14, 15, 16, 17, 18, 19, 20, 21, 22, 23, 24, 25, 26, 27, 28, 29, 30, 31, 32, 33, 34, 35, 36, 37, 38, 39, 40, 41, 42, 43, 44, 45, 46, 47, 48, 49, 50, 51, 52, 53, 54, 55, 56, 57, 58, 59, 60, 61, 62, 63, 64, 65, 66, 67, 68, 69, 70, 71, 72, 73, 74, 75, 76, 77, 78, 79, 80, 81, 82, 83, 84, 85, 86, 87, 88, 89, 90, 91, 92, 93, 94, 95, 96, 97, 98, 99, 100, 101, 102, 103, 104, 105, 106, 107, 108, 109, 110, 111, 112, 113, 114, 115]}

MSE - mean: 3779232.03867
MSE - std: 299432.74069
R2 - mean: 0.55184
R2 - std: 0.01672

Train time: 28.235490
Test time: 0.725499

---------------------------------------
2025-06-19 17:55:08.396994
Parameters: {'learning_rate': 0.1, 'max_depth': 6, 'l2_leaf_reg': 5.0, 'iterations': 100, 'od_type': 'Iter', 'od_wait': 20, 'verbose': 100, 'train_dir': 'output/CatBoost/Allstate_Claims/catboost_info', 'cat_features': [0, 1, 2, 3, 4, 5, 6, 7, 8, 9, 10, 11, 12, 13, 14, 15, 16, 17, 18, 19, 20, 21, 22, 23, 24, 25, 26, 27, 28, 29, 30, 31, 32, 33, 34, 35, 36, 37, 38, 39, 40, 41, 42, 43, 44, 45, 46, 47, 48, 49, 50, 51, 52, 53, 54, 55, 56, 57, 58, 59, 60, 61, 62, 63, 64, 65, 66, 67, 68, 69, 70, 71, 72, 73, 74, 75, 76, 77, 78, 79, 80, 81, 82, 83, 84, 85, 86, 87, 88, 89, 90, 91, 92, 93, 94, 95, 96, 97, 98, 99, 100, 101, 102, 103, 104, 105, 106, 107, 108, 109, 110, 111, 112, 113, 114, 115]}

MSE - mean: 3837614.17123
MSE - std: 301450.18590
R2 - mean: 0.54492
R2 - std: 0.01678

Train time: 29.115355
Test time: 0.773346

---------------------------------------
2025-06-19 17:56:17.802088
Parameters: {'learning_rate': 0.3, 'max_depth': 6, 'l2_leaf_reg': 30.0, 'iterations': 100, 'od_type': 'Iter', 'od_wait': 20, 'verbose': 100, 'train_dir': 'output/CatBoost/Allstate_Claims/catboost_info', 'cat_features': [0, 1, 2, 3, 4, 5, 6, 7, 8, 9, 10, 11, 12, 13, 14, 15, 16, 17, 18, 19, 20, 21, 22, 23, 24, 25, 26, 27, 28, 29, 30, 31, 32, 33, 34, 35, 36, 37, 38, 39, 40, 41, 42, 43, 44, 45, 46, 47, 48, 49, 50, 51, 52, 53, 54, 55, 56, 57, 58, 59, 60, 61, 62, 63, 64, 65, 66, 67, 68, 69, 70, 71, 72, 73, 74, 75, 76, 77, 78, 79, 80, 81, 82, 83, 84, 85, 86, 87, 88, 89, 90, 91, 92, 93, 94, 95, 96, 97, 98, 99, 100, 101, 102, 103, 104, 105, 106, 107, 108, 109, 110, 111, 112, 113, 114, 115]}

MSE - mean: 3858025.22070
MSE - std: 281874.23972
R2 - mean: 0.54242
R2 - std: 0.01335

Train time: 27.670499
Test time: 0.726548

---------------------------------------
2025-06-19 17:57:50.729978
Parameters: {'learning_rate': 0.3, 'max_depth': 10, 'l2_leaf_reg': 30.0, 'iterations': 100, 'od_type': 'Iter', 'od_wait': 20, 'verbose': 100, 'train_dir': 'output/CatBoost/Allstate_Claims/catboost_info', 'cat_features': [0, 1, 2, 3, 4, 5, 6, 7, 8, 9, 10, 11, 12, 13, 14, 15, 16, 17, 18, 19, 20, 21, 22, 23, 24, 25, 26, 27, 28, 29, 30, 31, 32, 33, 34, 35, 36, 37, 38, 39, 40, 41, 42, 43, 44, 45, 46, 47, 48, 49, 50, 51, 52, 53, 54, 55, 56, 57, 58, 59, 60, 61, 62, 63, 64, 65, 66, 67, 68, 69, 70, 71, 72, 73, 74, 75, 76, 77, 78, 79, 80, 81, 82, 83, 84, 85, 86, 87, 88, 89, 90, 91, 92, 93, 94, 95, 96, 97, 98, 99, 100, 101, 102, 103, 104, 105, 106, 107, 108, 109, 110, 111, 112, 113, 114, 115]}

MSE - mean: 3856969.52459
MSE - std: 321312.29218
R2 - mean: 0.54277
R2 - std: 0.01708

Train time: 57.595820
Test time: 0.746844

---------------------------------------
2025-06-19 17:59:03.328735
Parameters: {'learning_rate': 0.1, 'max_depth': 6, 'l2_leaf_reg': 10.0, 'iterations': 100, 'od_type': 'Iter', 'od_wait': 20, 'verbose': 100, 'train_dir': 'output/CatBoost/Allstate_Claims/catboost_info', 'cat_features': [0, 1, 2, 3, 4, 5, 6, 7, 8, 9, 10, 11, 12, 13, 14, 15, 16, 17, 18, 19, 20, 21, 22, 23, 24, 25, 26, 27, 28, 29, 30, 31, 32, 33, 34, 35, 36, 37, 38, 39, 40, 41, 42, 43, 44, 45, 46, 47, 48, 49, 50, 51, 52, 53, 54, 55, 56, 57, 58, 59, 60, 61, 62, 63, 64, 65, 66, 67, 68, 69, 70, 71, 72, 73, 74, 75, 76, 77, 78, 79, 80, 81, 82, 83, 84, 85, 86, 87, 88, 89, 90, 91, 92, 93, 94, 95, 96, 97, 98, 99, 100, 101, 102, 103, 104, 105, 106, 107, 108, 109, 110, 111, 112, 113, 114, 115]}

MSE - mean: 3886000.73625
MSE - std: 292257.02838
R2 - mean: 0.53916
R2 - std: 0.01458

Train time: 28.096017
Test time: 0.727892

---------------------------------------
2025-06-19 18:00:04.351684
Parameters: {'learning_rate': 0.001, 'max_depth': 2, 'l2_leaf_reg': 1.0, 'iterations': 100, 'od_type': 'Iter', 'od_wait': 20, 'verbose': 100, 'train_dir': 'output/CatBoost/Allstate_Claims/catboost_info', 'cat_features': [0, 1, 2, 3, 4, 5, 6, 7, 8, 9, 10, 11, 12, 13, 14, 15, 16, 17, 18, 19, 20, 21, 22, 23, 24, 25, 26, 27, 28, 29, 30, 31, 32, 33, 34, 35, 36, 37, 38, 39, 40, 41, 42, 43, 44, 45, 46, 47, 48, 49, 50, 51, 52, 53, 54, 55, 56, 57, 58, 59, 60, 61, 62, 63, 64, 65, 66, 67, 68, 69, 70, 71, 72, 73, 74, 75, 76, 77, 78, 79, 80, 81, 82, 83, 84, 85, 86, 87, 88, 89, 90, 91, 92, 93, 94, 95, 96, 97, 98, 99, 100, 101, 102, 103, 104, 105, 106, 107, 108, 109, 110, 111, 112, 113, 114, 115]}

MSE - mean: 7989710.36191
MSE - std: 398013.39943
R2 - mean: 0.05151
R2 - std: 0.00201

Train time: 13.889833
Test time: 0.672333

---------------------------------------
2025-06-19 18:01:32.205609
Parameters: {'learning_rate': 0.2, 'max_depth': 10, 'l2_leaf_reg': 30.0, 'iterations': 100, 'od_type': 'Iter', 'od_wait': 20, 'verbose': 100, 'train_dir': 'output/CatBoost/Allstate_Claims/catboost_info', 'cat_features': [0, 1, 2, 3, 4, 5, 6, 7, 8, 9, 10, 11, 12, 13, 14, 15, 16, 17, 18, 19, 20, 21, 22, 23, 24, 25, 26, 27, 28, 29, 30, 31, 32, 33, 34, 35, 36, 37, 38, 39, 40, 41, 42, 43, 44, 45, 46, 47, 48, 49, 50, 51, 52, 53, 54, 55, 56, 57, 58, 59, 60, 61, 62, 63, 64, 65, 66, 67, 68, 69, 70, 71, 72, 73, 74, 75, 76, 77, 78, 79, 80, 81, 82, 83, 84, 85, 86, 87, 88, 89, 90, 91, 92, 93, 94, 95, 96, 97, 98, 99, 100, 101, 102, 103, 104, 105, 106, 107, 108, 109, 110, 111, 112, 113, 114, 115]}

MSE - mean: 3936316.72004
MSE - std: 287945.19454
R2 - mean: 0.53316
R2 - std: 0.01378

Train time: 55.064798
Test time: 0.715095

---------------------------------------
2025-06-19 18:02:33.448006
Parameters: {'learning_rate': 0.2, 'max_depth': 2, 'l2_leaf_reg': 10.0, 'iterations': 100, 'od_type': 'Iter', 'od_wait': 20, 'verbose': 100, 'train_dir': 'output/CatBoost/Allstate_Claims/catboost_info', 'cat_features': [0, 1, 2, 3, 4, 5, 6, 7, 8, 9, 10, 11, 12, 13, 14, 15, 16, 17, 18, 19, 20, 21, 22, 23, 24, 25, 26, 27, 28, 29, 30, 31, 32, 33, 34, 35, 36, 37, 38, 39, 40, 41, 42, 43, 44, 45, 46, 47, 48, 49, 50, 51, 52, 53, 54, 55, 56, 57, 58, 59, 60, 61, 62, 63, 64, 65, 66, 67, 68, 69, 70, 71, 72, 73, 74, 75, 76, 77, 78, 79, 80, 81, 82, 83, 84, 85, 86, 87, 88, 89, 90, 91, 92, 93, 94, 95, 96, 97, 98, 99, 100, 101, 102, 103, 104, 105, 106, 107, 108, 109, 110, 111, 112, 113, 114, 115]}

MSE - mean: 4109662.86931
MSE - std: 281768.78934
R2 - mean: 0.51246
R2 - std: 0.01341

Train time: 13.811987
Test time: 0.691628

---------------------------------------
2025-06-19 18:03:42.777833
Parameters: {'learning_rate': 0.3, 'max_depth': 6, 'l2_leaf_reg': 10.0, 'iterations': 100, 'od_type': 'Iter', 'od_wait': 20, 'verbose': 100, 'train_dir': 'output/CatBoost/Allstate_Claims/catboost_info', 'cat_features': [0, 1, 2, 3, 4, 5, 6, 7, 8, 9, 10, 11, 12, 13, 14, 15, 16, 17, 18, 19, 20, 21, 22, 23, 24, 25, 26, 27, 28, 29, 30, 31, 32, 33, 34, 35, 36, 37, 38, 39, 40, 41, 42, 43, 44, 45, 46, 47, 48, 49, 50, 51, 52, 53, 54, 55, 56, 57, 58, 59, 60, 61, 62, 63, 64, 65, 66, 67, 68, 69, 70, 71, 72, 73, 74, 75, 76, 77, 78, 79, 80, 81, 82, 83, 84, 85, 86, 87, 88, 89, 90, 91, 92, 93, 94, 95, 96, 97, 98, 99, 100, 101, 102, 103, 104, 105, 106, 107, 108, 109, 110, 111, 112, 113, 114, 115]}

MSE - mean: 3724761.13395
MSE - std: 266941.06008
R2 - mean: 0.55816
R2 - std: 0.01352

Train time: 27.576364
Test time: 0.718665

---------------------------------------
2025-06-19 18:05:01.694099
Parameters: {'learning_rate': 0.01, 'max_depth': 6, 'l2_leaf_reg': 1.0, 'iterations': 100, 'od_type': 'Iter', 'od_wait': 20, 'verbose': 100, 'train_dir': 'output/CatBoost/Allstate_Claims/catboost_info', 'cat_features': [0, 1, 2, 3, 4, 5, 6, 7, 8, 9, 10, 11, 12, 13, 14, 15, 16, 17, 18, 19, 20, 21, 22, 23, 24, 25, 26, 27, 28, 29, 30, 31, 32, 33, 34, 35, 36, 37, 38, 39, 40, 41, 42, 43, 44, 45, 46, 47, 48, 49, 50, 51, 52, 53, 54, 55, 56, 57, 58, 59, 60, 61, 62, 63, 64, 65, 66, 67, 68, 69, 70, 71, 72, 73, 74, 75, 76, 77, 78, 79, 80, 81, 82, 83, 84, 85, 86, 87, 88, 89, 90, 91, 92, 93, 94, 95, 96, 97, 98, 99, 100, 101, 102, 103, 104, 105, 106, 107, 108, 109, 110, 111, 112, 113, 114, 115]}

MSE - mean: 5319852.51318
MSE - std: 329367.65287
R2 - mean: 0.36878
R2 - std: 0.01110

Train time: 30.419194
Test time: 0.778483

---------------------------------------
2025-06-19 18:06:12.834061
Parameters: {'learning_rate': 0.3, 'max_depth': 6, 'l2_leaf_reg': 1.0, 'iterations': 100, 'od_type': 'Iter', 'od_wait': 20, 'verbose': 100, 'train_dir': 'output/CatBoost/Allstate_Claims/catboost_info', 'cat_features': [0, 1, 2, 3, 4, 5, 6, 7, 8, 9, 10, 11, 12, 13, 14, 15, 16, 17, 18, 19, 20, 21, 22, 23, 24, 25, 26, 27, 28, 29, 30, 31, 32, 33, 34, 35, 36, 37, 38, 39, 40, 41, 42, 43, 44, 45, 46, 47, 48, 49, 50, 51, 52, 53, 54, 55, 56, 57, 58, 59, 60, 61, 62, 63, 64, 65, 66, 67, 68, 69, 70, 71, 72, 73, 74, 75, 76, 77, 78, 79, 80, 81, 82, 83, 84, 85, 86, 87, 88, 89, 90, 91, 92, 93, 94, 95, 96, 97, 98, 99, 100, 101, 102, 103, 104, 105, 106, 107, 108, 109, 110, 111, 112, 113, 114, 115]}

MSE - mean: 3736960.31387
MSE - std: 334909.75228
R2 - mean: 0.55709
R2 - std: 0.01951

Train time: 27.653358
Test time: 0.716478

---------------------------------------
2025-06-19 18:07:31.524697
Parameters: {'learning_rate': 0.001, 'max_depth': 6, 'l2_leaf_reg': 30.0, 'iterations': 100, 'od_type': 'Iter', 'od_wait': 20, 'verbose': 100, 'train_dir': 'output/CatBoost/Allstate_Claims/catboost_info', 'cat_features': [0, 1, 2, 3, 4, 5, 6, 7, 8, 9, 10, 11, 12, 13, 14, 15, 16, 17, 18, 19, 20, 21, 22, 23, 24, 25, 26, 27, 28, 29, 30, 31, 32, 33, 34, 35, 36, 37, 38, 39, 40, 41, 42, 43, 44, 45, 46, 47, 48, 49, 50, 51, 52, 53, 54, 55, 56, 57, 58, 59, 60, 61, 62, 63, 64, 65, 66, 67, 68, 69, 70, 71, 72, 73, 74, 75, 76, 77, 78, 79, 80, 81, 82, 83, 84, 85, 86, 87, 88, 89, 90, 91, 92, 93, 94, 95, 96, 97, 98, 99, 100, 101, 102, 103, 104, 105, 106, 107, 108, 109, 110, 111, 112, 113, 114, 115]}

MSE - mean: 7876053.49414
MSE - std: 394076.55076
R2 - mean: 0.06502
R2 - std: 0.00223

Train time: 30.196794
Test time: 0.805757

---------------------------------------
2025-06-19 18:09:08.462372
Parameters: {'learning_rate': 0.01, 'max_depth': 10, 'l2_leaf_reg': 5.0, 'iterations': 100, 'od_type': 'Iter', 'od_wait': 20, 'verbose': 100, 'train_dir': 'output/CatBoost/Allstate_Claims/catboost_info', 'cat_features': [0, 1, 2, 3, 4, 5, 6, 7, 8, 9, 10, 11, 12, 13, 14, 15, 16, 17, 18, 19, 20, 21, 22, 23, 24, 25, 26, 27, 28, 29, 30, 31, 32, 33, 34, 35, 36, 37, 38, 39, 40, 41, 42, 43, 44, 45, 46, 47, 48, 49, 50, 51, 52, 53, 54, 55, 56, 57, 58, 59, 60, 61, 62, 63, 64, 65, 66, 67, 68, 69, 70, 71, 72, 73, 74, 75, 76, 77, 78, 79, 80, 81, 82, 83, 84, 85, 86, 87, 88, 89, 90, 91, 92, 93, 94, 95, 96, 97, 98, 99, 100, 101, 102, 103, 104, 105, 106, 107, 108, 109, 110, 111, 112, 113, 114, 115]}

MSE - mean: 5232298.44927
MSE - std: 330992.41295
R2 - mean: 0.37922
R2 - std: 0.01085

Train time: 65.913429
Test time: 0.738986

---------------------------------------
2025-06-19 18:11:30.951434
Parameters: {'learning_rate': 0.3, 'max_depth': 12, 'l2_leaf_reg': 1.0, 'iterations': 100, 'od_type': 'Iter', 'od_wait': 20, 'verbose': 100, 'train_dir': 'output/CatBoost/Allstate_Claims/catboost_info', 'cat_features': [0, 1, 2, 3, 4, 5, 6, 7, 8, 9, 10, 11, 12, 13, 14, 15, 16, 17, 18, 19, 20, 21, 22, 23, 24, 25, 26, 27, 28, 29, 30, 31, 32, 33, 34, 35, 36, 37, 38, 39, 40, 41, 42, 43, 44, 45, 46, 47, 48, 49, 50, 51, 52, 53, 54, 55, 56, 57, 58, 59, 60, 61, 62, 63, 64, 65, 66, 67, 68, 69, 70, 71, 72, 73, 74, 75, 76, 77, 78, 79, 80, 81, 82, 83, 84, 85, 86, 87, 88, 89, 90, 91, 92, 93, 94, 95, 96, 97, 98, 99, 100, 101, 102, 103, 104, 105, 106, 107, 108, 109, 110, 111, 112, 113, 114, 115]}

MSE - mean: 4033804.91543
MSE - std: 327211.68289
R2 - mean: 0.52181
R2 - std: 0.01599

Train time: 122.781307
Test time: 0.779512

---------------------------------------
2025-06-19 18:12:49.863458
Parameters: {'learning_rate': 0.01, 'max_depth': 6, 'l2_leaf_reg': 10.0, 'iterations': 100, 'od_type': 'Iter', 'od_wait': 20, 'verbose': 100, 'train_dir': 'output/CatBoost/Allstate_Claims/catboost_info', 'cat_features': [0, 1, 2, 3, 4, 5, 6, 7, 8, 9, 10, 11, 12, 13, 14, 15, 16, 17, 18, 19, 20, 21, 22, 23, 24, 25, 26, 27, 28, 29, 30, 31, 32, 33, 34, 35, 36, 37, 38, 39, 40, 41, 42, 43, 44, 45, 46, 47, 48, 49, 50, 51, 52, 53, 54, 55, 56, 57, 58, 59, 60, 61, 62, 63, 64, 65, 66, 67, 68, 69, 70, 71, 72, 73, 74, 75, 76, 77, 78, 79, 80, 81, 82, 83, 84, 85, 86, 87, 88, 89, 90, 91, 92, 93, 94, 95, 96, 97, 98, 99, 100, 101, 102, 103, 104, 105, 106, 107, 108, 109, 110, 111, 112, 113, 114, 115]}

MSE - mean: 5358858.46204
MSE - std: 345318.40441
R2 - mean: 0.36424
R2 - std: 0.01187

Train time: 29.933189
Test time: 0.788602

---------------------------------------
2025-06-19 18:14:24.487037
Parameters: {'learning_rate': 0.3, 'max_depth': 10, 'l2_leaf_reg': 5.0, 'iterations': 100, 'od_type': 'Iter', 'od_wait': 20, 'verbose': 100, 'train_dir': 'output/CatBoost/Allstate_Claims/catboost_info', 'cat_features': [0, 1, 2, 3, 4, 5, 6, 7, 8, 9, 10, 11, 12, 13, 14, 15, 16, 17, 18, 19, 20, 21, 22, 23, 24, 25, 26, 27, 28, 29, 30, 31, 32, 33, 34, 35, 36, 37, 38, 39, 40, 41, 42, 43, 44, 45, 46, 47, 48, 49, 50, 51, 52, 53, 54, 55, 56, 57, 58, 59, 60, 61, 62, 63, 64, 65, 66, 67, 68, 69, 70, 71, 72, 73, 74, 75, 76, 77, 78, 79, 80, 81, 82, 83, 84, 85, 86, 87, 88, 89, 90, 91, 92, 93, 94, 95, 96, 97, 98, 99, 100, 101, 102, 103, 104, 105, 106, 107, 108, 109, 110, 111, 112, 113, 114, 115]}

MSE - mean: 3795732.47106
MSE - std: 324748.22570
R2 - mean: 0.55006
R2 - std: 0.01784

Train time: 63.266981
Test time: 0.788788

---------------------------------------
2025-06-19 18:15:37.254930
Parameters: {'learning_rate': 0.2, 'max_depth': 2, 'l2_leaf_reg': 0.5, 'iterations': 100, 'od_type': 'Iter', 'od_wait': 20, 'verbose': 100, 'train_dir': 'output/CatBoost/Allstate_Claims/catboost_info', 'cat_features': [0, 1, 2, 3, 4, 5, 6, 7, 8, 9, 10, 11, 12, 13, 14, 15, 16, 17, 18, 19, 20, 21, 22, 23, 24, 25, 26, 27, 28, 29, 30, 31, 32, 33, 34, 35, 36, 37, 38, 39, 40, 41, 42, 43, 44, 45, 46, 47, 48, 49, 50, 51, 52, 53, 54, 55, 56, 57, 58, 59, 60, 61, 62, 63, 64, 65, 66, 67, 68, 69, 70, 71, 72, 73, 74, 75, 76, 77, 78, 79, 80, 81, 82, 83, 84, 85, 86, 87, 88, 89, 90, 91, 92, 93, 94, 95, 96, 97, 98, 99, 100, 101, 102, 103, 104, 105, 106, 107, 108, 109, 110, 111, 112, 113, 114, 115]}

MSE - mean: 4063137.94817
MSE - std: 316943.34426
R2 - mean: 0.51813
R2 - std: 0.01809

Train time: 15.404449
Test time: 0.819833

---------------------------------------
2025-06-19 18:16:39.628262
Parameters: {'learning_rate': 0.1, 'max_depth': 2, 'l2_leaf_reg': 30.0, 'iterations': 100, 'od_type': 'Iter', 'od_wait': 20, 'verbose': 100, 'train_dir': 'output/CatBoost/Allstate_Claims/catboost_info', 'cat_features': [0, 1, 2, 3, 4, 5, 6, 7, 8, 9, 10, 11, 12, 13, 14, 15, 16, 17, 18, 19, 20, 21, 22, 23, 24, 25, 26, 27, 28, 29, 30, 31, 32, 33, 34, 35, 36, 37, 38, 39, 40, 41, 42, 43, 44, 45, 46, 47, 48, 49, 50, 51, 52, 53, 54, 55, 56, 57, 58, 59, 60, 61, 62, 63, 64, 65, 66, 67, 68, 69, 70, 71, 72, 73, 74, 75, 76, 77, 78, 79, 80, 81, 82, 83, 84, 85, 86, 87, 88, 89, 90, 91, 92, 93, 94, 95, 96, 97, 98, 99, 100, 101, 102, 103, 104, 105, 106, 107, 108, 109, 110, 111, 112, 113, 114, 115]}

MSE - mean: 4439351.31219
MSE - std: 287229.83821
R2 - mean: 0.47329
R2 - std: 0.01283

Train time: 14.105136
Test time: 0.701045

---------------------------------------
2025-06-19 18:18:11.521027
Parameters: {'learning_rate': 0.1, 'max_depth': 10, 'l2_leaf_reg': 10.0, 'iterations': 100, 'od_type': 'Iter', 'od_wait': 20, 'verbose': 100, 'train_dir': 'output/CatBoost/Allstate_Claims/catboost_info', 'cat_features': [0, 1, 2, 3, 4, 5, 6, 7, 8, 9, 10, 11, 12, 13, 14, 15, 16, 17, 18, 19, 20, 21, 22, 23, 24, 25, 26, 27, 28, 29, 30, 31, 32, 33, 34, 35, 36, 37, 38, 39, 40, 41, 42, 43, 44, 45, 46, 47, 48, 49, 50, 51, 52, 53, 54, 55, 56, 57, 58, 59, 60, 61, 62, 63, 64, 65, 66, 67, 68, 69, 70, 71, 72, 73, 74, 75, 76, 77, 78, 79, 80, 81, 82, 83, 84, 85, 86, 87, 88, 89, 90, 91, 92, 93, 94, 95, 96, 97, 98, 99, 100, 101, 102, 103, 104, 105, 106, 107, 108, 109, 110, 111, 112, 113, 114, 115]}

MSE - mean: 3892514.96091
MSE - std: 290780.72067
R2 - mean: 0.53842
R2 - std: 0.01341

Train time: 57.947072
Test time: 0.747371

---------------------------------------
2025-06-19 18:20:11.264684
Parameters: {'learning_rate': 0.01, 'max_depth': 12, 'l2_leaf_reg': 30.0, 'iterations': 100, 'od_type': 'Iter', 'od_wait': 20, 'verbose': 100, 'train_dir': 'output/CatBoost/Allstate_Claims/catboost_info', 'cat_features': [0, 1, 2, 3, 4, 5, 6, 7, 8, 9, 10, 11, 12, 13, 14, 15, 16, 17, 18, 19, 20, 21, 22, 23, 24, 25, 26, 27, 28, 29, 30, 31, 32, 33, 34, 35, 36, 37, 38, 39, 40, 41, 42, 43, 44, 45, 46, 47, 48, 49, 50, 51, 52, 53, 54, 55, 56, 57, 58, 59, 60, 61, 62, 63, 64, 65, 66, 67, 68, 69, 70, 71, 72, 73, 74, 75, 76, 77, 78, 79, 80, 81, 82, 83, 84, 85, 86, 87, 88, 89, 90, 91, 92, 93, 94, 95, 96, 97, 98, 99, 100, 101, 102, 103, 104, 105, 106, 107, 108, 109, 110, 111, 112, 113, 114, 115]}

MSE - mean: 5439282.39580
MSE - std: 336507.04776
R2 - mean: 0.35463
R2 - std: 0.01003

Train time: 98.783129
Test time: 0.743073

---------------------------------------
2025-06-19 18:21:14.106290
Parameters: {'learning_rate': 0.3, 'max_depth': 2, 'l2_leaf_reg': 1.0, 'iterations': 100, 'od_type': 'Iter', 'od_wait': 20, 'verbose': 100, 'train_dir': 'output/CatBoost/Allstate_Claims/catboost_info', 'cat_features': [0, 1, 2, 3, 4, 5, 6, 7, 8, 9, 10, 11, 12, 13, 14, 15, 16, 17, 18, 19, 20, 21, 22, 23, 24, 25, 26, 27, 28, 29, 30, 31, 32, 33, 34, 35, 36, 37, 38, 39, 40, 41, 42, 43, 44, 45, 46, 47, 48, 49, 50, 51, 52, 53, 54, 55, 56, 57, 58, 59, 60, 61, 62, 63, 64, 65, 66, 67, 68, 69, 70, 71, 72, 73, 74, 75, 76, 77, 78, 79, 80, 81, 82, 83, 84, 85, 86, 87, 88, 89, 90, 91, 92, 93, 94, 95, 96, 97, 98, 99, 100, 101, 102, 103, 104, 105, 106, 107, 108, 109, 110, 111, 112, 113, 114, 115]}

MSE - mean: 4013048.05739
MSE - std: 317089.17570
R2 - mean: 0.52416
R2 - std: 0.01645

Train time: 13.623293
Test time: 0.697744

---------------------------------------
2025-06-19 18:22:24.473636
Parameters: {'learning_rate': 0.001, 'max_depth': 6, 'l2_leaf_reg': 1.0, 'iterations': 100, 'od_type': 'Iter', 'od_wait': 20, 'verbose': 100, 'train_dir': 'output/CatBoost/Allstate_Claims/catboost_info', 'cat_features': [0, 1, 2, 3, 4, 5, 6, 7, 8, 9, 10, 11, 12, 13, 14, 15, 16, 17, 18, 19, 20, 21, 22, 23, 24, 25, 26, 27, 28, 29, 30, 31, 32, 33, 34, 35, 36, 37, 38, 39, 40, 41, 42, 43, 44, 45, 46, 47, 48, 49, 50, 51, 52, 53, 54, 55, 56, 57, 58, 59, 60, 61, 62, 63, 64, 65, 66, 67, 68, 69, 70, 71, 72, 73, 74, 75, 76, 77, 78, 79, 80, 81, 82, 83, 84, 85, 86, 87, 88, 89, 90, 91, 92, 93, 94, 95, 96, 97, 98, 99, 100, 101, 102, 103, 104, 105, 106, 107, 108, 109, 110, 111, 112, 113, 114, 115]}

MSE - mean: 7824900.92112
MSE - std: 387052.67104
R2 - mean: 0.07106
R2 - std: 0.00202

Train time: 28.055445
Test time: 0.697839

---------------------------------------
2025-06-19 18:24:16.406901
Parameters: {'learning_rate': 0.001, 'max_depth': 12, 'l2_leaf_reg': 30.0, 'iterations': 100, 'od_type': 'Iter', 'od_wait': 20, 'verbose': 100, 'train_dir': 'output/CatBoost/Allstate_Claims/catboost_info', 'cat_features': [0, 1, 2, 3, 4, 5, 6, 7, 8, 9, 10, 11, 12, 13, 14, 15, 16, 17, 18, 19, 20, 21, 22, 23, 24, 25, 26, 27, 28, 29, 30, 31, 32, 33, 34, 35, 36, 37, 38, 39, 40, 41, 42, 43, 44, 45, 46, 47, 48, 49, 50, 51, 52, 53, 54, 55, 56, 57, 58, 59, 60, 61, 62, 63, 64, 65, 66, 67, 68, 69, 70, 71, 72, 73, 74, 75, 76, 77, 78, 79, 80, 81, 82, 83, 84, 85, 86, 87, 88, 89, 90, 91, 92, 93, 94, 95, 96, 97, 98, 99, 100, 101, 102, 103, 104, 105, 106, 107, 108, 109, 110, 111, 112, 113, 114, 115]}

MSE - mean: 7877249.91697
MSE - std: 394366.68461
R2 - mean: 0.06488
R2 - std: 0.00215

Train time: 88.889310
Test time: 0.736923

---------------------------------------
2025-06-19 18:25:27.358897
Parameters: {'learning_rate': 0.1, 'max_depth': 6, 'l2_leaf_reg': 0.5, 'iterations': 100, 'od_type': 'Iter', 'od_wait': 20, 'verbose': 100, 'train_dir': 'output/CatBoost/Allstate_Claims/catboost_info', 'cat_features': [0, 1, 2, 3, 4, 5, 6, 7, 8, 9, 10, 11, 12, 13, 14, 15, 16, 17, 18, 19, 20, 21, 22, 23, 24, 25, 26, 27, 28, 29, 30, 31, 32, 33, 34, 35, 36, 37, 38, 39, 40, 41, 42, 43, 44, 45, 46, 47, 48, 49, 50, 51, 52, 53, 54, 55, 56, 57, 58, 59, 60, 61, 62, 63, 64, 65, 66, 67, 68, 69, 70, 71, 72, 73, 74, 75, 76, 77, 78, 79, 80, 81, 82, 83, 84, 85, 86, 87, 88, 89, 90, 91, 92, 93, 94, 95, 96, 97, 98, 99, 100, 101, 102, 103, 104, 105, 106, 107, 108, 109, 110, 111, 112, 113, 114, 115]}

MSE - mean: 3779679.16718
MSE - std: 299199.44437
R2 - mean: 0.55179
R2 - std: 0.01676

Train time: 29.547476
Test time: 0.727688

---------------------------------------
2025-06-19 18:26:29.631212
Parameters: {'learning_rate': 0.3, 'max_depth': 2, 'l2_leaf_reg': 30.0, 'iterations': 100, 'od_type': 'Iter', 'od_wait': 20, 'verbose': 100, 'train_dir': 'output/CatBoost/Allstate_Claims/catboost_info', 'cat_features': [0, 1, 2, 3, 4, 5, 6, 7, 8, 9, 10, 11, 12, 13, 14, 15, 16, 17, 18, 19, 20, 21, 22, 23, 24, 25, 26, 27, 28, 29, 30, 31, 32, 33, 34, 35, 36, 37, 38, 39, 40, 41, 42, 43, 44, 45, 46, 47, 48, 49, 50, 51, 52, 53, 54, 55, 56, 57, 58, 59, 60, 61, 62, 63, 64, 65, 66, 67, 68, 69, 70, 71, 72, 73, 74, 75, 76, 77, 78, 79, 80, 81, 82, 83, 84, 85, 86, 87, 88, 89, 90, 91, 92, 93, 94, 95, 96, 97, 98, 99, 100, 101, 102, 103, 104, 105, 106, 107, 108, 109, 110, 111, 112, 113, 114, 115]}

MSE - mean: 4045709.41774
MSE - std: 269646.94707
R2 - mean: 0.52000
R2 - std: 0.01266

Train time: 14.409902
Test time: 0.695650

---------------------------------------
2025-06-19 18:28:48.782800
Parameters: {'learning_rate': 0.01, 'max_depth': 12, 'l2_leaf_reg': 10.0, 'iterations': 100, 'od_type': 'Iter', 'od_wait': 20, 'verbose': 100, 'train_dir': 'output/CatBoost/Allstate_Claims/catboost_info', 'cat_features': [0, 1, 2, 3, 4, 5, 6, 7, 8, 9, 10, 11, 12, 13, 14, 15, 16, 17, 18, 19, 20, 21, 22, 23, 24, 25, 26, 27, 28, 29, 30, 31, 32, 33, 34, 35, 36, 37, 38, 39, 40, 41, 42, 43, 44, 45, 46, 47, 48, 49, 50, 51, 52, 53, 54, 55, 56, 57, 58, 59, 60, 61, 62, 63, 64, 65, 66, 67, 68, 69, 70, 71, 72, 73, 74, 75, 76, 77, 78, 79, 80, 81, 82, 83, 84, 85, 86, 87, 88, 89, 90, 91, 92, 93, 94, 95, 96, 97, 98, 99, 100, 101, 102, 103, 104, 105, 106, 107, 108, 109, 110, 111, 112, 113, 114, 115]}

MSE - mean: 5329063.63582
MSE - std: 327065.45458
R2 - mean: 0.36770
R2 - std: 0.00906

Train time: 123.273164
Test time: 0.756490

---------------------------------------
2025-06-19 18:29:49.556284
Parameters: {'learning_rate': 0.01, 'max_depth': 2, 'l2_leaf_reg': 10.0, 'iterations': 100, 'od_type': 'Iter', 'od_wait': 20, 'verbose': 100, 'train_dir': 'output/CatBoost/Allstate_Claims/catboost_info', 'cat_features': [0, 1, 2, 3, 4, 5, 6, 7, 8, 9, 10, 11, 12, 13, 14, 15, 16, 17, 18, 19, 20, 21, 22, 23, 24, 25, 26, 27, 28, 29, 30, 31, 32, 33, 34, 35, 36, 37, 38, 39, 40, 41, 42, 43, 44, 45, 46, 47, 48, 49, 50, 51, 52, 53, 54, 55, 56, 57, 58, 59, 60, 61, 62, 63, 64, 65, 66, 67, 68, 69, 70, 71, 72, 73, 74, 75, 76, 77, 78, 79, 80, 81, 82, 83, 84, 85, 86, 87, 88, 89, 90, 91, 92, 93, 94, 95, 96, 97, 98, 99, 100, 101, 102, 103, 104, 105, 106, 107, 108, 109, 110, 111, 112, 113, 114, 115]}

MSE - mean: 6099809.44384
MSE - std: 362089.45471
R2 - mean: 0.27618
R2 - std: 0.00934

Train time: 13.739697
Test time: 0.689458

---------------------------------------
2025-06-19 18:32:09.057955
Parameters: {'learning_rate': 0.01, 'max_depth': 12, 'l2_leaf_reg': 5.0, 'iterations': 100, 'od_type': 'Iter', 'od_wait': 20, 'verbose': 100, 'train_dir': 'output/CatBoost/Allstate_Claims/catboost_info', 'cat_features': [0, 1, 2, 3, 4, 5, 6, 7, 8, 9, 10, 11, 12, 13, 14, 15, 16, 17, 18, 19, 20, 21, 22, 23, 24, 25, 26, 27, 28, 29, 30, 31, 32, 33, 34, 35, 36, 37, 38, 39, 40, 41, 42, 43, 44, 45, 46, 47, 48, 49, 50, 51, 52, 53, 54, 55, 56, 57, 58, 59, 60, 61, 62, 63, 64, 65, 66, 67, 68, 69, 70, 71, 72, 73, 74, 75, 76, 77, 78, 79, 80, 81, 82, 83, 84, 85, 86, 87, 88, 89, 90, 91, 92, 93, 94, 95, 96, 97, 98, 99, 100, 101, 102, 103, 104, 105, 106, 107, 108, 109, 110, 111, 112, 113, 114, 115]}

MSE - mean: 5300780.95113
MSE - std: 334861.54248
R2 - mean: 0.37111
R2 - std: 0.01013

Train time: 126.111386
Test time: 0.741196

---------------------------------------
2025-06-19 18:33:11.838284
Parameters: {'learning_rate': 0.01, 'max_depth': 2, 'l2_leaf_reg': 5.0, 'iterations': 100, 'od_type': 'Iter', 'od_wait': 20, 'verbose': 100, 'train_dir': 'output/CatBoost/Allstate_Claims/catboost_info', 'cat_features': [0, 1, 2, 3, 4, 5, 6, 7, 8, 9, 10, 11, 12, 13, 14, 15, 16, 17, 18, 19, 20, 21, 22, 23, 24, 25, 26, 27, 28, 29, 30, 31, 32, 33, 34, 35, 36, 37, 38, 39, 40, 41, 42, 43, 44, 45, 46, 47, 48, 49, 50, 51, 52, 53, 54, 55, 56, 57, 58, 59, 60, 61, 62, 63, 64, 65, 66, 67, 68, 69, 70, 71, 72, 73, 74, 75, 76, 77, 78, 79, 80, 81, 82, 83, 84, 85, 86, 87, 88, 89, 90, 91, 92, 93, 94, 95, 96, 97, 98, 99, 100, 101, 102, 103, 104, 105, 106, 107, 108, 109, 110, 111, 112, 113, 114, 115]}

MSE - mean: 6097985.48568
MSE - std: 363112.76165
R2 - mean: 0.27640
R2 - std: 0.00949

Train time: 14.005143
Test time: 0.680392

---------------------------------------
2025-06-19 18:35:03.187312
Parameters: {'learning_rate': 0.01, 'max_depth': 10, 'l2_leaf_reg': 1.0, 'iterations': 100, 'od_type': 'Iter', 'od_wait': 20, 'verbose': 100, 'train_dir': 'output/CatBoost/Allstate_Claims/catboost_info', 'cat_features': [0, 1, 2, 3, 4, 5, 6, 7, 8, 9, 10, 11, 12, 13, 14, 15, 16, 17, 18, 19, 20, 21, 22, 23, 24, 25, 26, 27, 28, 29, 30, 31, 32, 33, 34, 35, 36, 37, 38, 39, 40, 41, 42, 43, 44, 45, 46, 47, 48, 49, 50, 51, 52, 53, 54, 55, 56, 57, 58, 59, 60, 61, 62, 63, 64, 65, 66, 67, 68, 69, 70, 71, 72, 73, 74, 75, 76, 77, 78, 79, 80, 81, 82, 83, 84, 85, 86, 87, 88, 89, 90, 91, 92, 93, 94, 95, 96, 97, 98, 99, 100, 101, 102, 103, 104, 105, 106, 107, 108, 109, 110, 111, 112, 113, 114, 115]}

MSE - mean: 5125533.06117
MSE - std: 346360.09932
R2 - mean: 0.39382
R2 - std: 0.01605

Train time: 64.162918
Test time: 0.698355

---------------------------------------
2025-06-19 18:36:34.227298
Parameters: {'learning_rate': 0.01, 'max_depth': 10, 'l2_leaf_reg': 30.0, 'iterations': 100, 'od_type': 'Iter', 'od_wait': 20, 'verbose': 100, 'train_dir': 'output/CatBoost/Allstate_Claims/catboost_info', 'cat_features': [0, 1, 2, 3, 4, 5, 6, 7, 8, 9, 10, 11, 12, 13, 14, 15, 16, 17, 18, 19, 20, 21, 22, 23, 24, 25, 26, 27, 28, 29, 30, 31, 32, 33, 34, 35, 36, 37, 38, 39, 40, 41, 42, 43, 44, 45, 46, 47, 48, 49, 50, 51, 52, 53, 54, 55, 56, 57, 58, 59, 60, 61, 62, 63, 64, 65, 66, 67, 68, 69, 70, 71, 72, 73, 74, 75, 76, 77, 78, 79, 80, 81, 82, 83, 84, 85, 86, 87, 88, 89, 90, 91, 92, 93, 94, 95, 96, 97, 98, 99, 100, 101, 102, 103, 104, 105, 106, 107, 108, 109, 110, 111, 112, 113, 114, 115]}

MSE - mean: 5440711.60568
MSE - std: 369971.14732
R2 - mean: 0.35661
R2 - std: 0.01540

Train time: 59.341351
Test time: 0.701486

---------------------------------------
2025-06-19 18:38:08.654998
Parameters: {'learning_rate': 0.001, 'max_depth': 10, 'l2_leaf_reg': 0.5, 'iterations': 100, 'od_type': 'Iter', 'od_wait': 20, 'verbose': 100, 'train_dir': 'output/CatBoost/Allstate_Claims/catboost_info', 'cat_features': [0, 1, 2, 3, 4, 5, 6, 7, 8, 9, 10, 11, 12, 13, 14, 15, 16, 17, 18, 19, 20, 21, 22, 23, 24, 25, 26, 27, 28, 29, 30, 31, 32, 33, 34, 35, 36, 37, 38, 39, 40, 41, 42, 43, 44, 45, 46, 47, 48, 49, 50, 51, 52, 53, 54, 55, 56, 57, 58, 59, 60, 61, 62, 63, 64, 65, 66, 67, 68, 69, 70, 71, 72, 73, 74, 75, 76, 77, 78, 79, 80, 81, 82, 83, 84, 85, 86, 87, 88, 89, 90, 91, 92, 93, 94, 95, 96, 97, 98, 99, 100, 101, 102, 103, 104, 105, 106, 107, 108, 109, 110, 111, 112, 113, 114, 115]}

MSE - mean: 7799648.21812
MSE - std: 380405.28136
R2 - mean: 0.07694
R2 - std: 0.00328

Train time: 64.879932
Test time: 0.710216

---------------------------------------
2025-06-19 18:40:20.194693
Parameters: {'learning_rate': 0.2, 'max_depth': 12, 'l2_leaf_reg': 5.0, 'iterations': 100, 'od_type': 'Iter', 'od_wait': 20, 'verbose': 100, 'train_dir': 'output/CatBoost/Allstate_Claims/catboost_info', 'cat_features': [0, 1, 2, 3, 4, 5, 6, 7, 8, 9, 10, 11, 12, 13, 14, 15, 16, 17, 18, 19, 20, 21, 22, 23, 24, 25, 26, 27, 28, 29, 30, 31, 32, 33, 34, 35, 36, 37, 38, 39, 40, 41, 42, 43, 44, 45, 46, 47, 48, 49, 50, 51, 52, 53, 54, 55, 56, 57, 58, 59, 60, 61, 62, 63, 64, 65, 66, 67, 68, 69, 70, 71, 72, 73, 74, 75, 76, 77, 78, 79, 80, 81, 82, 83, 84, 85, 86, 87, 88, 89, 90, 91, 92, 93, 94, 95, 96, 97, 98, 99, 100, 101, 102, 103, 104, 105, 106, 107, 108, 109, 110, 111, 112, 113, 114, 115]}

MSE - mean: 3834071.20492
MSE - std: 270151.73342
R2 - mean: 0.54648
R2 - std: 0.01716

Train time: 117.038734
Test time: 0.696830

---------------------------------------
2025-06-19 18:42:28.579856
Parameters: {'learning_rate': 0.2, 'max_depth': 12, 'l2_leaf_reg': 10.0, 'iterations': 100, 'od_type': 'Iter', 'od_wait': 20, 'verbose': 100, 'train_dir': 'output/CatBoost/Allstate_Claims/catboost_info', 'cat_features': [0, 1, 2, 3, 4, 5, 6, 7, 8, 9, 10, 11, 12, 13, 14, 15, 16, 17, 18, 19, 20, 21, 22, 23, 24, 25, 26, 27, 28, 29, 30, 31, 32, 33, 34, 35, 36, 37, 38, 39, 40, 41, 42, 43, 44, 45, 46, 47, 48, 49, 50, 51, 52, 53, 54, 55, 56, 57, 58, 59, 60, 61, 62, 63, 64, 65, 66, 67, 68, 69, 70, 71, 72, 73, 74, 75, 76, 77, 78, 79, 80, 81, 82, 83, 84, 85, 86, 87, 88, 89, 90, 91, 92, 93, 94, 95, 96, 97, 98, 99, 100, 101, 102, 103, 104, 105, 106, 107, 108, 109, 110, 111, 112, 113, 114, 115]}

MSE - mean: 3824658.27542
MSE - std: 252611.71043
R2 - mean: 0.54759
R2 - std: 0.01339

Train time: 110.322248
Test time: 0.731986

---------------------------------------
2025-06-19 18:43:38.969207
Parameters: {'learning_rate': 0.2, 'max_depth': 6, 'l2_leaf_reg': 30.0, 'iterations': 100, 'od_type': 'Iter', 'od_wait': 20, 'verbose': 100, 'train_dir': 'output/CatBoost/Allstate_Claims/catboost_info', 'cat_features': [0, 1, 2, 3, 4, 5, 6, 7, 8, 9, 10, 11, 12, 13, 14, 15, 16, 17, 18, 19, 20, 21, 22, 23, 24, 25, 26, 27, 28, 29, 30, 31, 32, 33, 34, 35, 36, 37, 38, 39, 40, 41, 42, 43, 44, 45, 46, 47, 48, 49, 50, 51, 52, 53, 54, 55, 56, 57, 58, 59, 60, 61, 62, 63, 64, 65, 66, 67, 68, 69, 70, 71, 72, 73, 74, 75, 76, 77, 78, 79, 80, 81, 82, 83, 84, 85, 86, 87, 88, 89, 90, 91, 92, 93, 94, 95, 96, 97, 98, 99, 100, 101, 102, 103, 104, 105, 106, 107, 108, 109, 110, 111, 112, 113, 114, 115]}

MSE - mean: 3922680.30617
MSE - std: 216039.34637
R2 - mean: 0.53570
R2 - std: 0.01404

Train time: 27.161988
Test time: 0.691997

---------------------------------------
2025-06-19 18:44:42.507323
Parameters: {'learning_rate': 0.3, 'max_depth': 2, 'l2_leaf_reg': 0.5, 'iterations': 100, 'od_type': 'Iter', 'od_wait': 20, 'verbose': 100, 'train_dir': 'output/CatBoost/Allstate_Claims/catboost_info', 'cat_features': [0, 1, 2, 3, 4, 5, 6, 7, 8, 9, 10, 11, 12, 13, 14, 15, 16, 17, 18, 19, 20, 21, 22, 23, 24, 25, 26, 27, 28, 29, 30, 31, 32, 33, 34, 35, 36, 37, 38, 39, 40, 41, 42, 43, 44, 45, 46, 47, 48, 49, 50, 51, 52, 53, 54, 55, 56, 57, 58, 59, 60, 61, 62, 63, 64, 65, 66, 67, 68, 69, 70, 71, 72, 73, 74, 75, 76, 77, 78, 79, 80, 81, 82, 83, 84, 85, 86, 87, 88, 89, 90, 91, 92, 93, 94, 95, 96, 97, 98, 99, 100, 101, 102, 103, 104, 105, 106, 107, 108, 109, 110, 111, 112, 113, 114, 115]}

MSE - mean: 3996392.38476
MSE - std: 274416.24422
R2 - mean: 0.52733
R2 - std: 0.01457

Train time: 13.742359
Test time: 0.685202

---------------------------------------
2025-06-19 18:45:57.518325
Parameters: {'learning_rate': 0.2, 'max_depth': 6, 'l2_leaf_reg': 10.0, 'iterations': 100, 'od_type': 'Iter', 'od_wait': 20, 'verbose': 100, 'train_dir': 'output/CatBoost/Allstate_Claims/catboost_info', 'cat_features': [0, 1, 2, 3, 4, 5, 6, 7, 8, 9, 10, 11, 12, 13, 14, 15, 16, 17, 18, 19, 20, 21, 22, 23, 24, 25, 26, 27, 28, 29, 30, 31, 32, 33, 34, 35, 36, 37, 38, 39, 40, 41, 42, 43, 44, 45, 46, 47, 48, 49, 50, 51, 52, 53, 54, 55, 56, 57, 58, 59, 60, 61, 62, 63, 64, 65, 66, 67, 68, 69, 70, 71, 72, 73, 74, 75, 76, 77, 78, 79, 80, 81, 82, 83, 84, 85, 86, 87, 88, 89, 90, 91, 92, 93, 94, 95, 96, 97, 98, 99, 100, 101, 102, 103, 104, 105, 106, 107, 108, 109, 110, 111, 112, 113, 114, 115]}

MSE - mean: 3758217.43504
MSE - std: 224363.54690
R2 - mean: 0.55524
R2 - std: 0.01459

Train time: 28.952022
Test time: 0.729970

---------------------------------------
2025-06-19 18:47:33.377303
Parameters: {'learning_rate': 0.2, 'max_depth': 10, 'l2_leaf_reg': 5.0, 'iterations': 100, 'od_type': 'Iter', 'od_wait': 20, 'verbose': 100, 'train_dir': 'output/CatBoost/Allstate_Claims/catboost_info', 'cat_features': [0, 1, 2, 3, 4, 5, 6, 7, 8, 9, 10, 11, 12, 13, 14, 15, 16, 17, 18, 19, 20, 21, 22, 23, 24, 25, 26, 27, 28, 29, 30, 31, 32, 33, 34, 35, 36, 37, 38, 39, 40, 41, 42, 43, 44, 45, 46, 47, 48, 49, 50, 51, 52, 53, 54, 55, 56, 57, 58, 59, 60, 61, 62, 63, 64, 65, 66, 67, 68, 69, 70, 71, 72, 73, 74, 75, 76, 77, 78, 79, 80, 81, 82, 83, 84, 85, 86, 87, 88, 89, 90, 91, 92, 93, 94, 95, 96, 97, 98, 99, 100, 101, 102, 103, 104, 105, 106, 107, 108, 109, 110, 111, 112, 113, 114, 115]}

MSE - mean: 3766453.06143
MSE - std: 271423.81779
R2 - mean: 0.55451
R2 - std: 0.01712

Train time: 62.893194
Test time: 0.729958

---------------------------------------
2025-06-19 18:49:37.272780
Parameters: {'learning_rate': 0.2, 'max_depth': 12, 'l2_leaf_reg': 30.0, 'iterations': 100, 'od_type': 'Iter', 'od_wait': 20, 'verbose': 100, 'train_dir': 'output/CatBoost/Allstate_Claims/catboost_info', 'cat_features': [0, 1, 2, 3, 4, 5, 6, 7, 8, 9, 10, 11, 12, 13, 14, 15, 16, 17, 18, 19, 20, 21, 22, 23, 24, 25, 26, 27, 28, 29, 30, 31, 32, 33, 34, 35, 36, 37, 38, 39, 40, 41, 42, 43, 44, 45, 46, 47, 48, 49, 50, 51, 52, 53, 54, 55, 56, 57, 58, 59, 60, 61, 62, 63, 64, 65, 66, 67, 68, 69, 70, 71, 72, 73, 74, 75, 76, 77, 78, 79, 80, 81, 82, 83, 84, 85, 86, 87, 88, 89, 90, 91, 92, 93, 94, 95, 96, 97, 98, 99, 100, 101, 102, 103, 104, 105, 106, 107, 108, 109, 110, 111, 112, 113, 114, 115]}

MSE - mean: 3905330.61546
MSE - std: 239029.92967
R2 - mean: 0.53797
R2 - std: 0.01180

Train time: 102.571835
Test time: 0.741285

---------------------------------------
2025-06-19 18:50:48.028185
Parameters: {'learning_rate': 0.2, 'max_depth': 6, 'l2_leaf_reg': 5.0, 'iterations': 100, 'od_type': 'Iter', 'od_wait': 20, 'verbose': 100, 'train_dir': 'output/CatBoost/Allstate_Claims/catboost_info', 'cat_features': [0, 1, 2, 3, 4, 5, 6, 7, 8, 9, 10, 11, 12, 13, 14, 15, 16, 17, 18, 19, 20, 21, 22, 23, 24, 25, 26, 27, 28, 29, 30, 31, 32, 33, 34, 35, 36, 37, 38, 39, 40, 41, 42, 43, 44, 45, 46, 47, 48, 49, 50, 51, 52, 53, 54, 55, 56, 57, 58, 59, 60, 61, 62, 63, 64, 65, 66, 67, 68, 69, 70, 71, 72, 73, 74, 75, 76, 77, 78, 79, 80, 81, 82, 83, 84, 85, 86, 87, 88, 89, 90, 91, 92, 93, 94, 95, 96, 97, 98, 99, 100, 101, 102, 103, 104, 105, 106, 107, 108, 109, 110, 111, 112, 113, 114, 115]}

MSE - mean: 3721894.80298
MSE - std: 246021.91120
R2 - mean: 0.55971
R2 - std: 0.01395

Train time: 27.755157
Test time: 0.706148

---------------------------------------
2025-06-19 18:51:53.424813
Parameters: {'learning_rate': 0.2, 'max_depth': 2, 'l2_leaf_reg': 30.0, 'iterations': 100, 'od_type': 'Iter', 'od_wait': 20, 'verbose': 100, 'train_dir': 'output/CatBoost/Allstate_Claims/catboost_info', 'cat_features': [0, 1, 2, 3, 4, 5, 6, 7, 8, 9, 10, 11, 12, 13, 14, 15, 16, 17, 18, 19, 20, 21, 22, 23, 24, 25, 26, 27, 28, 29, 30, 31, 32, 33, 34, 35, 36, 37, 38, 39, 40, 41, 42, 43, 44, 45, 46, 47, 48, 49, 50, 51, 52, 53, 54, 55, 56, 57, 58, 59, 60, 61, 62, 63, 64, 65, 66, 67, 68, 69, 70, 71, 72, 73, 74, 75, 76, 77, 78, 79, 80, 81, 82, 83, 84, 85, 86, 87, 88, 89, 90, 91, 92, 93, 94, 95, 96, 97, 98, 99, 100, 101, 102, 103, 104, 105, 106, 107, 108, 109, 110, 111, 112, 113, 114, 115]}

MSE - mean: 4202265.61092
MSE - std: 263339.09429
R2 - mean: 0.50274
R2 - std: 0.01778

Train time: 14.449641
Test time: 0.698863

---------------------------------------
2025-06-19 18:53:26.813194
Parameters: {'learning_rate': 0.3, 'max_depth': 10, 'l2_leaf_reg': 10.0, 'iterations': 100, 'od_type': 'Iter', 'od_wait': 20, 'verbose': 100, 'train_dir': 'output/CatBoost/Allstate_Claims/catboost_info', 'cat_features': [0, 1, 2, 3, 4, 5, 6, 7, 8, 9, 10, 11, 12, 13, 14, 15, 16, 17, 18, 19, 20, 21, 22, 23, 24, 25, 26, 27, 28, 29, 30, 31, 32, 33, 34, 35, 36, 37, 38, 39, 40, 41, 42, 43, 44, 45, 46, 47, 48, 49, 50, 51, 52, 53, 54, 55, 56, 57, 58, 59, 60, 61, 62, 63, 64, 65, 66, 67, 68, 69, 70, 71, 72, 73, 74, 75, 76, 77, 78, 79, 80, 81, 82, 83, 84, 85, 86, 87, 88, 89, 90, 91, 92, 93, 94, 95, 96, 97, 98, 99, 100, 101, 102, 103, 104, 105, 106, 107, 108, 109, 110, 111, 112, 113, 114, 115]}

MSE - mean: 3737221.63434
MSE - std: 242462.23418
R2 - mean: 0.55786
R2 - std: 0.01406

Train time: 59.611416
Test time: 0.755585

---------------------------------------
2025-06-19 18:54:40.800398
Parameters: {'learning_rate': 0.2, 'max_depth': 6, 'l2_leaf_reg': 0.5, 'iterations': 100, 'od_type': 'Iter', 'od_wait': 20, 'verbose': 100, 'train_dir': 'output/CatBoost/Allstate_Claims/catboost_info', 'cat_features': [0, 1, 2, 3, 4, 5, 6, 7, 8, 9, 10, 11, 12, 13, 14, 15, 16, 17, 18, 19, 20, 21, 22, 23, 24, 25, 26, 27, 28, 29, 30, 31, 32, 33, 34, 35, 36, 37, 38, 39, 40, 41, 42, 43, 44, 45, 46, 47, 48, 49, 50, 51, 52, 53, 54, 55, 56, 57, 58, 59, 60, 61, 62, 63, 64, 65, 66, 67, 68, 69, 70, 71, 72, 73, 74, 75, 76, 77, 78, 79, 80, 81, 82, 83, 84, 85, 86, 87, 88, 89, 90, 91, 92, 93, 94, 95, 96, 97, 98, 99, 100, 101, 102, 103, 104, 105, 106, 107, 108, 109, 110, 111, 112, 113, 114, 115]}

MSE - mean: 3737670.07936
MSE - std: 276650.38977
R2 - mean: 0.55804
R2 - std: 0.01497

Train time: 29.499091
Test time: 0.722195

---------------------------------------
2025-06-19 18:57:01.602947
Parameters: {'learning_rate': 0.01, 'max_depth': 12, 'l2_leaf_reg': 0.5, 'iterations': 100, 'od_type': 'Iter', 'od_wait': 20, 'verbose': 100, 'train_dir': 'output/CatBoost/Allstate_Claims/catboost_info', 'cat_features': [0, 1, 2, 3, 4, 5, 6, 7, 8, 9, 10, 11, 12, 13, 14, 15, 16, 17, 18, 19, 20, 21, 22, 23, 24, 25, 26, 27, 28, 29, 30, 31, 32, 33, 34, 35, 36, 37, 38, 39, 40, 41, 42, 43, 44, 45, 46, 47, 48, 49, 50, 51, 52, 53, 54, 55, 56, 57, 58, 59, 60, 61, 62, 63, 64, 65, 66, 67, 68, 69, 70, 71, 72, 73, 74, 75, 76, 77, 78, 79, 80, 81, 82, 83, 84, 85, 86, 87, 88, 89, 90, 91, 92, 93, 94, 95, 96, 97, 98, 99, 100, 101, 102, 103, 104, 105, 106, 107, 108, 109, 110, 111, 112, 113, 114, 115]}

MSE - mean: 5124218.37367
MSE - std: 365492.27402
R2 - mean: 0.39409
R2 - std: 0.01719

Train time: 129.767650
Test time: 0.692715

---------------------------------------
2025-06-19 18:58:35.360854
Parameters: {'learning_rate': 0.1, 'max_depth': 10, 'l2_leaf_reg': 1.0, 'iterations': 100, 'od_type': 'Iter', 'od_wait': 20, 'verbose': 100, 'train_dir': 'output/CatBoost/Allstate_Claims/catboost_info', 'cat_features': [0, 1, 2, 3, 4, 5, 6, 7, 8, 9, 10, 11, 12, 13, 14, 15, 16, 17, 18, 19, 20, 21, 22, 23, 24, 25, 26, 27, 28, 29, 30, 31, 32, 33, 34, 35, 36, 37, 38, 39, 40, 41, 42, 43, 44, 45, 46, 47, 48, 49, 50, 51, 52, 53, 54, 55, 56, 57, 58, 59, 60, 61, 62, 63, 64, 65, 66, 67, 68, 69, 70, 71, 72, 73, 74, 75, 76, 77, 78, 79, 80, 81, 82, 83, 84, 85, 86, 87, 88, 89, 90, 91, 92, 93, 94, 95, 96, 97, 98, 99, 100, 101, 102, 103, 104, 105, 106, 107, 108, 109, 110, 111, 112, 113, 114, 115]}

MSE - mean: 3749878.07885
MSE - std: 286396.03445
R2 - mean: 0.55658
R2 - std: 0.01764

Train time: 63.663066
Test time: 0.754300

---------------------------------------
2025-06-19 19:00:09.015648
Parameters: {'learning_rate': 0.001, 'max_depth': 10, 'l2_leaf_reg': 1.0, 'iterations': 100, 'od_type': 'Iter', 'od_wait': 20, 'verbose': 100, 'train_dir': 'output/CatBoost/Allstate_Claims/catboost_info', 'cat_features': [0, 1, 2, 3, 4, 5, 6, 7, 8, 9, 10, 11, 12, 13, 14, 15, 16, 17, 18, 19, 20, 21, 22, 23, 24, 25, 26, 27, 28, 29, 30, 31, 32, 33, 34, 35, 36, 37, 38, 39, 40, 41, 42, 43, 44, 45, 46, 47, 48, 49, 50, 51, 52, 53, 54, 55, 56, 57, 58, 59, 60, 61, 62, 63, 64, 65, 66, 67, 68, 69, 70, 71, 72, 73, 74, 75, 76, 77, 78, 79, 80, 81, 82, 83, 84, 85, 86, 87, 88, 89, 90, 91, 92, 93, 94, 95, 96, 97, 98, 99, 100, 101, 102, 103, 104, 105, 106, 107, 108, 109, 110, 111, 112, 113, 114, 115]}

MSE - mean: 7807345.83845
MSE - std: 380884.24308
R2 - mean: 0.07603
R2 - std: 0.00315

Train time: 63.992829
Test time: 0.711029

---------------------------------------
2025-06-19 19:01:12.975017
Parameters: {'learning_rate': 0.01, 'max_depth': 2, 'l2_leaf_reg': 1.0, 'iterations': 100, 'od_type': 'Iter', 'od_wait': 20, 'verbose': 100, 'train_dir': 'output/CatBoost/Allstate_Claims/catboost_info', 'cat_features': [0, 1, 2, 3, 4, 5, 6, 7, 8, 9, 10, 11, 12, 13, 14, 15, 16, 17, 18, 19, 20, 21, 22, 23, 24, 25, 26, 27, 28, 29, 30, 31, 32, 33, 34, 35, 36, 37, 38, 39, 40, 41, 42, 43, 44, 45, 46, 47, 48, 49, 50, 51, 52, 53, 54, 55, 56, 57, 58, 59, 60, 61, 62, 63, 64, 65, 66, 67, 68, 69, 70, 71, 72, 73, 74, 75, 76, 77, 78, 79, 80, 81, 82, 83, 84, 85, 86, 87, 88, 89, 90, 91, 92, 93, 94, 95, 96, 97, 98, 99, 100, 101, 102, 103, 104, 105, 106, 107, 108, 109, 110, 111, 112, 113, 114, 115]}

MSE - mean: 6108129.94180
MSE - std: 374998.59572
R2 - mean: 0.27749
R2 - std: 0.01272

Train time: 14.145293
Test time: 0.675206

---------------------------------------
2025-06-19 19:02:21.697281
Parameters: {'learning_rate': 0.2, 'max_depth': 6, 'l2_leaf_reg': 1.0, 'iterations': 100, 'od_type': 'Iter', 'od_wait': 20, 'verbose': 100, 'train_dir': 'output/CatBoost/Allstate_Claims/catboost_info', 'cat_features': [0, 1, 2, 3, 4, 5, 6, 7, 8, 9, 10, 11, 12, 13, 14, 15, 16, 17, 18, 19, 20, 21, 22, 23, 24, 25, 26, 27, 28, 29, 30, 31, 32, 33, 34, 35, 36, 37, 38, 39, 40, 41, 42, 43, 44, 45, 46, 47, 48, 49, 50, 51, 52, 53, 54, 55, 56, 57, 58, 59, 60, 61, 62, 63, 64, 65, 66, 67, 68, 69, 70, 71, 72, 73, 74, 75, 76, 77, 78, 79, 80, 81, 82, 83, 84, 85, 86, 87, 88, 89, 90, 91, 92, 93, 94, 95, 96, 97, 98, 99, 100, 101, 102, 103, 104, 105, 106, 107, 108, 109, 110, 111, 112, 113, 114, 115]}

MSE - mean: 3704504.08416
MSE - std: 257246.25181
R2 - mean: 0.56186
R2 - std: 0.01384

Train time: 28.474014
Test time: 0.696512

---------------------------------------
2025-06-19 19:03:21.340248
Parameters: {'learning_rate': 0.1, 'max_depth': 2, 'l2_leaf_reg': 0.5, 'iterations': 100, 'od_type': 'Iter', 'od_wait': 20, 'verbose': 100, 'train_dir': 'output/CatBoost/Allstate_Claims/catboost_info', 'cat_features': [0, 1, 2, 3, 4, 5, 6, 7, 8, 9, 10, 11, 12, 13, 14, 15, 16, 17, 18, 19, 20, 21, 22, 23, 24, 25, 26, 27, 28, 29, 30, 31, 32, 33, 34, 35, 36, 37, 38, 39, 40, 41, 42, 43, 44, 45, 46, 47, 48, 49, 50, 51, 52, 53, 54, 55, 56, 57, 58, 59, 60, 61, 62, 63, 64, 65, 66, 67, 68, 69, 70, 71, 72, 73, 74, 75, 76, 77, 78, 79, 80, 81, 82, 83, 84, 85, 86, 87, 88, 89, 90, 91, 92, 93, 94, 95, 96, 97, 98, 99, 100, 101, 102, 103, 104, 105, 106, 107, 108, 109, 110, 111, 112, 113, 114, 115]}

MSE - mean: 4318911.75673
MSE - std: 301731.77483
R2 - mean: 0.48923
R2 - std: 0.01574

Train time: 13.777015
Test time: 0.674174

---------------------------------------
2025-06-19 19:05:32.693009
Parameters: {'learning_rate': 0.001, 'max_depth': 12, 'l2_leaf_reg': 5.0, 'iterations': 100, 'od_type': 'Iter', 'od_wait': 20, 'verbose': 100, 'train_dir': 'output/CatBoost/Allstate_Claims/catboost_info', 'cat_features': [0, 1, 2, 3, 4, 5, 6, 7, 8, 9, 10, 11, 12, 13, 14, 15, 16, 17, 18, 19, 20, 21, 22, 23, 24, 25, 26, 27, 28, 29, 30, 31, 32, 33, 34, 35, 36, 37, 38, 39, 40, 41, 42, 43, 44, 45, 46, 47, 48, 49, 50, 51, 52, 53, 54, 55, 56, 57, 58, 59, 60, 61, 62, 63, 64, 65, 66, 67, 68, 69, 70, 71, 72, 73, 74, 75, 76, 77, 78, 79, 80, 81, 82, 83, 84, 85, 86, 87, 88, 89, 90, 91, 92, 93, 94, 95, 96, 97, 98, 99, 100, 101, 102, 103, 104, 105, 106, 107, 108, 109, 110, 111, 112, 113, 114, 115]}

MSE - mean: 7849211.80708
MSE - std: 383100.47212
R2 - mean: 0.07108
R2 - std: 0.00297

Train time: 119.331829
Test time: 0.714414

---------------------------------------
2025-06-19 19:07:06.616288
Parameters: {'learning_rate': 0.001, 'max_depth': 10, 'l2_leaf_reg': 10.0, 'iterations': 100, 'od_type': 'Iter', 'od_wait': 20, 'verbose': 100, 'train_dir': 'output/CatBoost/Allstate_Claims/catboost_info', 'cat_features': [0, 1, 2, 3, 4, 5, 6, 7, 8, 9, 10, 11, 12, 13, 14, 15, 16, 17, 18, 19, 20, 21, 22, 23, 24, 25, 26, 27, 28, 29, 30, 31, 32, 33, 34, 35, 36, 37, 38, 39, 40, 41, 42, 43, 44, 45, 46, 47, 48, 49, 50, 51, 52, 53, 54, 55, 56, 57, 58, 59, 60, 61, 62, 63, 64, 65, 66, 67, 68, 69, 70, 71, 72, 73, 74, 75, 76, 77, 78, 79, 80, 81, 82, 83, 84, 85, 86, 87, 88, 89, 90, 91, 92, 93, 94, 95, 96, 97, 98, 99, 100, 101, 102, 103, 104, 105, 106, 107, 108, 109, 110, 111, 112, 113, 114, 115]}

MSE - mean: 7856519.66308
MSE - std: 384791.45926
R2 - mean: 0.07022
R2 - std: 0.00303

Train time: 62.521329
Test time: 0.699573

---------------------------------------
2025-06-19 19:09:27.730964
Parameters: {'learning_rate': 0.001, 'max_depth': 12, 'l2_leaf_reg': 0.5, 'iterations': 100, 'od_type': 'Iter', 'od_wait': 20, 'verbose': 100, 'train_dir': 'output/CatBoost/Allstate_Claims/catboost_info', 'cat_features': [0, 1, 2, 3, 4, 5, 6, 7, 8, 9, 10, 11, 12, 13, 14, 15, 16, 17, 18, 19, 20, 21, 22, 23, 24, 25, 26, 27, 28, 29, 30, 31, 32, 33, 34, 35, 36, 37, 38, 39, 40, 41, 42, 43, 44, 45, 46, 47, 48, 49, 50, 51, 52, 53, 54, 55, 56, 57, 58, 59, 60, 61, 62, 63, 64, 65, 66, 67, 68, 69, 70, 71, 72, 73, 74, 75, 76, 77, 78, 79, 80, 81, 82, 83, 84, 85, 86, 87, 88, 89, 90, 91, 92, 93, 94, 95, 96, 97, 98, 99, 100, 101, 102, 103, 104, 105, 106, 107, 108, 109, 110, 111, 112, 113, 114, 115]}

MSE - mean: 7812098.57410
MSE - std: 386328.13167
R2 - mean: 0.07549
R2 - std: 0.00360

Train time: 128.826886
Test time: 0.683384

---------------------------------------
2025-06-19 19:11:30.842800
Parameters: {'learning_rate': 0.1, 'max_depth': 12, 'l2_leaf_reg': 10.0, 'iterations': 100, 'od_type': 'Iter', 'od_wait': 20, 'verbose': 100, 'train_dir': 'output/CatBoost/Allstate_Claims/catboost_info', 'cat_features': [0, 1, 2, 3, 4, 5, 6, 7, 8, 9, 10, 11, 12, 13, 14, 15, 16, 17, 18, 19, 20, 21, 22, 23, 24, 25, 26, 27, 28, 29, 30, 31, 32, 33, 34, 35, 36, 37, 38, 39, 40, 41, 42, 43, 44, 45, 46, 47, 48, 49, 50, 51, 52, 53, 54, 55, 56, 57, 58, 59, 60, 61, 62, 63, 64, 65, 66, 67, 68, 69, 70, 71, 72, 73, 74, 75, 76, 77, 78, 79, 80, 81, 82, 83, 84, 85, 86, 87, 88, 89, 90, 91, 92, 93, 94, 95, 96, 97, 98, 99, 100, 101, 102, 103, 104, 105, 106, 107, 108, 109, 110, 111, 112, 113, 114, 115]}

MSE - mean: 3942605.10766
MSE - std: 270890.96268
R2 - mean: 0.53371
R2 - std: 0.01386

Train time: 104.812962
Test time: 0.718239

---------------------------------------
2025-06-19 19:12:38.731431
Parameters: {'learning_rate': 0.01, 'max_depth': 6, 'l2_leaf_reg': 5.0, 'iterations': 100, 'od_type': 'Iter', 'od_wait': 20, 'verbose': 100, 'train_dir': 'output/CatBoost/Allstate_Claims/catboost_info', 'cat_features': [0, 1, 2, 3, 4, 5, 6, 7, 8, 9, 10, 11, 12, 13, 14, 15, 16, 17, 18, 19, 20, 21, 22, 23, 24, 25, 26, 27, 28, 29, 30, 31, 32, 33, 34, 35, 36, 37, 38, 39, 40, 41, 42, 43, 44, 45, 46, 47, 48, 49, 50, 51, 52, 53, 54, 55, 56, 57, 58, 59, 60, 61, 62, 63, 64, 65, 66, 67, 68, 69, 70, 71, 72, 73, 74, 75, 76, 77, 78, 79, 80, 81, 82, 83, 84, 85, 86, 87, 88, 89, 90, 91, 92, 93, 94, 95, 96, 97, 98, 99, 100, 101, 102, 103, 104, 105, 106, 107, 108, 109, 110, 111, 112, 113, 114, 115]}

MSE - mean: 5342691.69973
MSE - std: 354619.49649
R2 - mean: 0.36815
R2 - std: 0.01459

Train time: 28.303411
Test time: 0.652977

---------------------------------------
2025-06-19 19:13:38.528166
Parameters: {'learning_rate': 0.1, 'max_depth': 2, 'l2_leaf_reg': 5.0, 'iterations': 100, 'od_type': 'Iter', 'od_wait': 20, 'verbose': 100, 'train_dir': 'output/CatBoost/Allstate_Claims/catboost_info', 'cat_features': [0, 1, 2, 3, 4, 5, 6, 7, 8, 9, 10, 11, 12, 13, 14, 15, 16, 17, 18, 19, 20, 21, 22, 23, 24, 25, 26, 27, 28, 29, 30, 31, 32, 33, 34, 35, 36, 37, 38, 39, 40, 41, 42, 43, 44, 45, 46, 47, 48, 49, 50, 51, 52, 53, 54, 55, 56, 57, 58, 59, 60, 61, 62, 63, 64, 65, 66, 67, 68, 69, 70, 71, 72, 73, 74, 75, 76, 77, 78, 79, 80, 81, 82, 83, 84, 85, 86, 87, 88, 89, 90, 91, 92, 93, 94, 95, 96, 97, 98, 99, 100, 101, 102, 103, 104, 105, 106, 107, 108, 109, 110, 111, 112, 113, 114, 115]}

MSE - mean: 4356393.69532
MSE - std: 287264.54738
R2 - mean: 0.48468
R2 - std: 0.01554

Train time: 13.876454
Test time: 0.672031

---------------------------------------
2025-06-19 19:15:18.831249
Parameters: {'learning_rate': 0.01, 'max_depth': 10, 'l2_leaf_reg': 0.5, 'iterations': 100, 'od_type': 'Iter', 'od_wait': 20, 'verbose': 100, 'train_dir': 'output/CatBoost/Allstate_Claims/catboost_info', 'cat_features': [0, 1, 2, 3, 4, 5, 6, 7, 8, 9, 10, 11, 12, 13, 14, 15, 16, 17, 18, 19, 20, 21, 22, 23, 24, 25, 26, 27, 28, 29, 30, 31, 32, 33, 34, 35, 36, 37, 38, 39, 40, 41, 42, 43, 44, 45, 46, 47, 48, 49, 50, 51, 52, 53, 54, 55, 56, 57, 58, 59, 60, 61, 62, 63, 64, 65, 66, 67, 68, 69, 70, 71, 72, 73, 74, 75, 76, 77, 78, 79, 80, 81, 82, 83, 84, 85, 86, 87, 88, 89, 90, 91, 92, 93, 94, 95, 96, 97, 98, 99, 100, 101, 102, 103, 104, 105, 106, 107, 108, 109, 110, 111, 112, 113, 114, 115]}

MSE - mean: 5103017.50670
MSE - std: 344987.39832
R2 - mean: 0.39648
R2 - std: 0.01625

Train time: 65.643015
Test time: 0.777468

---------------------------------------
2025-06-19 19:17:34.614138
Parameters: {'learning_rate': 0.3, 'max_depth': 12, 'l2_leaf_reg': 30.0, 'iterations': 100, 'od_type': 'Iter', 'od_wait': 20, 'verbose': 100, 'train_dir': 'output/CatBoost/Allstate_Claims/catboost_info', 'cat_features': [0, 1, 2, 3, 4, 5, 6, 7, 8, 9, 10, 11, 12, 13, 14, 15, 16, 17, 18, 19, 20, 21, 22, 23, 24, 25, 26, 27, 28, 29, 30, 31, 32, 33, 34, 35, 36, 37, 38, 39, 40, 41, 42, 43, 44, 45, 46, 47, 48, 49, 50, 51, 52, 53, 54, 55, 56, 57, 58, 59, 60, 61, 62, 63, 64, 65, 66, 67, 68, 69, 70, 71, 72, 73, 74, 75, 76, 77, 78, 79, 80, 81, 82, 83, 84, 85, 86, 87, 88, 89, 90, 91, 92, 93, 94, 95, 96, 97, 98, 99, 100, 101, 102, 103, 104, 105, 106, 107, 108, 109, 110, 111, 112, 113, 114, 115]}

MSE - mean: 3873033.25209
MSE - std: 233978.64680
R2 - mean: 0.54174
R2 - std: 0.01276

Train time: 115.024772
Test time: 0.780280

---------------------------------------
2025-06-19 19:19:12.187977
Parameters: {'learning_rate': 0.001, 'max_depth': 10, 'l2_leaf_reg': 30.0, 'iterations': 100, 'od_type': 'Iter', 'od_wait': 20, 'verbose': 100, 'train_dir': 'output/CatBoost/Allstate_Claims/catboost_info', 'cat_features': [0, 1, 2, 3, 4, 5, 6, 7, 8, 9, 10, 11, 12, 13, 14, 15, 16, 17, 18, 19, 20, 21, 22, 23, 24, 25, 26, 27, 28, 29, 30, 31, 32, 33, 34, 35, 36, 37, 38, 39, 40, 41, 42, 43, 44, 45, 46, 47, 48, 49, 50, 51, 52, 53, 54, 55, 56, 57, 58, 59, 60, 61, 62, 63, 64, 65, 66, 67, 68, 69, 70, 71, 72, 73, 74, 75, 76, 77, 78, 79, 80, 81, 82, 83, 84, 85, 86, 87, 88, 89, 90, 91, 92, 93, 94, 95, 96, 97, 98, 99, 100, 101, 102, 103, 104, 105, 106, 107, 108, 109, 110, 111, 112, 113, 114, 115]}

MSE - mean: 7898136.83976
MSE - std: 385935.62506
R2 - mean: 0.06529
R2 - std: 0.00293

Train time: 62.377633
Test time: 0.718429

---------------------------------------
2025-06-19 19:20:21.763702
Parameters: {'learning_rate': 0.3, 'max_depth': 2, 'l2_leaf_reg': 10.0, 'iterations': 100, 'od_type': 'Iter', 'od_wait': 20, 'verbose': 100, 'train_dir': 'output/CatBoost/Allstate_Claims/catboost_info', 'cat_features': [0, 1, 2, 3, 4, 5, 6, 7, 8, 9, 10, 11, 12, 13, 14, 15, 16, 17, 18, 19, 20, 21, 22, 23, 24, 25, 26, 27, 28, 29, 30, 31, 32, 33, 34, 35, 36, 37, 38, 39, 40, 41, 42, 43, 44, 45, 46, 47, 48, 49, 50, 51, 52, 53, 54, 55, 56, 57, 58, 59, 60, 61, 62, 63, 64, 65, 66, 67, 68, 69, 70, 71, 72, 73, 74, 75, 76, 77, 78, 79, 80, 81, 82, 83, 84, 85, 86, 87, 88, 89, 90, 91, 92, 93, 94, 95, 96, 97, 98, 99, 100, 101, 102, 103, 104, 105, 106, 107, 108, 109, 110, 111, 112, 113, 114, 115]}

MSE - mean: 4044302.70127
MSE - std: 267890.84106
R2 - mean: 0.52163
R2 - std: 0.01353

Train time: 14.985163
Test time: 0.772950

---------------------------------------
2025-06-19 19:21:23.165308
Parameters: {'learning_rate': 0.001, 'max_depth': 2, 'l2_leaf_reg': 10.0, 'iterations': 100, 'od_type': 'Iter', 'od_wait': 20, 'verbose': 100, 'train_dir': 'output/CatBoost/Allstate_Claims/catboost_info', 'cat_features': [0, 1, 2, 3, 4, 5, 6, 7, 8, 9, 10, 11, 12, 13, 14, 15, 16, 17, 18, 19, 20, 21, 22, 23, 24, 25, 26, 27, 28, 29, 30, 31, 32, 33, 34, 35, 36, 37, 38, 39, 40, 41, 42, 43, 44, 45, 46, 47, 48, 49, 50, 51, 52, 53, 54, 55, 56, 57, 58, 59, 60, 61, 62, 63, 64, 65, 66, 67, 68, 69, 70, 71, 72, 73, 74, 75, 76, 77, 78, 79, 80, 81, 82, 83, 84, 85, 86, 87, 88, 89, 90, 91, 92, 93, 94, 95, 96, 97, 98, 99, 100, 101, 102, 103, 104, 105, 106, 107, 108, 109, 110, 111, 112, 113, 114, 115]}

MSE - mean: 8015851.89167
MSE - std: 385048.54440
R2 - mean: 0.05132
R2 - std: 0.00221

Train time: 14.011641
Test time: 0.675170

---------------------------------------
2025-06-19 19:22:32.085090
Parameters: {'learning_rate': 0.001, 'max_depth': 2, 'l2_leaf_reg': 30.0, 'iterations': 100, 'od_type': 'Iter', 'od_wait': 20, 'verbose': 100, 'train_dir': 'output/CatBoost/Allstate_Claims/catboost_info', 'cat_features': [0, 1, 2, 3, 4, 5, 6, 7, 8, 9, 10, 11, 12, 13, 14, 15, 16, 17, 18, 19, 20, 21, 22, 23, 24, 25, 26, 27, 28, 29, 30, 31, 32, 33, 34, 35, 36, 37, 38, 39, 40, 41, 42, 43, 44, 45, 46, 47, 48, 49, 50, 51, 52, 53, 54, 55, 56, 57, 58, 59, 60, 61, 62, 63, 64, 65, 66, 67, 68, 69, 70, 71, 72, 73, 74, 75, 76, 77, 78, 79, 80, 81, 82, 83, 84, 85, 86, 87, 88, 89, 90, 91, 92, 93, 94, 95, 96, 97, 98, 99, 100, 101, 102, 103, 104, 105, 106, 107, 108, 109, 110, 111, 112, 113, 114, 115]}

MSE - mean: 8018972.35317
MSE - std: 385322.64303
R2 - mean: 0.05096
R2 - std: 0.00221

Train time: 15.114722
Test time: 0.758423

---------------------------------------
2025-06-19 19:24:00.027970
Parameters: {'learning_rate': 0.1, 'max_depth': 10, 'l2_leaf_reg': 30.0, 'iterations': 100, 'od_type': 'Iter', 'od_wait': 20, 'verbose': 100, 'train_dir': 'output/CatBoost/Allstate_Claims/catboost_info', 'cat_features': [0, 1, 2, 3, 4, 5, 6, 7, 8, 9, 10, 11, 12, 13, 14, 15, 16, 17, 18, 19, 20, 21, 22, 23, 24, 25, 26, 27, 28, 29, 30, 31, 32, 33, 34, 35, 36, 37, 38, 39, 40, 41, 42, 43, 44, 45, 46, 47, 48, 49, 50, 51, 52, 53, 54, 55, 56, 57, 58, 59, 60, 61, 62, 63, 64, 65, 66, 67, 68, 69, 70, 71, 72, 73, 74, 75, 76, 77, 78, 79, 80, 81, 82, 83, 84, 85, 86, 87, 88, 89, 90, 91, 92, 93, 94, 95, 96, 97, 98, 99, 100, 101, 102, 103, 104, 105, 106, 107, 108, 109, 110, 111, 112, 113, 114, 115]}

MSE - mean: 4030292.06302
MSE - std: 249715.64041
R2 - mean: 0.52314
R2 - std: 0.01435

Train time: 50.646806
Test time: 0.721354

---------------------------------------
2025-06-19 19:25:09.642720
Parameters: {'learning_rate': 0.1, 'max_depth': 2, 'l2_leaf_reg': 10.0, 'iterations': 100, 'od_type': 'Iter', 'od_wait': 20, 'verbose': 100, 'train_dir': 'output/CatBoost/Allstate_Claims/catboost_info', 'cat_features': [0, 1, 2, 3, 4, 5, 6, 7, 8, 9, 10, 11, 12, 13, 14, 15, 16, 17, 18, 19, 20, 21, 22, 23, 24, 25, 26, 27, 28, 29, 30, 31, 32, 33, 34, 35, 36, 37, 38, 39, 40, 41, 42, 43, 44, 45, 46, 47, 48, 49, 50, 51, 52, 53, 54, 55, 56, 57, 58, 59, 60, 61, 62, 63, 64, 65, 66, 67, 68, 69, 70, 71, 72, 73, 74, 75, 76, 77, 78, 79, 80, 81, 82, 83, 84, 85, 86, 87, 88, 89, 90, 91, 92, 93, 94, 95, 96, 97, 98, 99, 100, 101, 102, 103, 104, 105, 106, 107, 108, 109, 110, 111, 112, 113, 114, 115]}

MSE - mean: 4377793.96790
MSE - std: 282582.22378
R2 - mean: 0.48209
R2 - std: 0.01621

Train time: 15.007833
Test time: 0.753385

---------------------------------------
2025-06-19 19:27:28.705237
Parameters: {'learning_rate': 0.1, 'max_depth': 12, 'l2_leaf_reg': 5.0, 'iterations': 100, 'od_type': 'Iter', 'od_wait': 20, 'verbose': 100, 'train_dir': 'output/CatBoost/Allstate_Claims/catboost_info', 'cat_features': [0, 1, 2, 3, 4, 5, 6, 7, 8, 9, 10, 11, 12, 13, 14, 15, 16, 17, 18, 19, 20, 21, 22, 23, 24, 25, 26, 27, 28, 29, 30, 31, 32, 33, 34, 35, 36, 37, 38, 39, 40, 41, 42, 43, 44, 45, 46, 47, 48, 49, 50, 51, 52, 53, 54, 55, 56, 57, 58, 59, 60, 61, 62, 63, 64, 65, 66, 67, 68, 69, 70, 71, 72, 73, 74, 75, 76, 77, 78, 79, 80, 81, 82, 83, 84, 85, 86, 87, 88, 89, 90, 91, 92, 93, 94, 95, 96, 97, 98, 99, 100, 101, 102, 103, 104, 105, 106, 107, 108, 109, 110, 111, 112, 113, 114, 115]}

MSE - mean: 3875289.43013
MSE - std: 289747.90789
R2 - mean: 0.54174
R2 - std: 0.01700

Train time: 120.221139
Test time: 0.765202

---------------------------------------
2025-06-19 19:29:55.718955
Parameters: {'learning_rate': 0.01, 'max_depth': 12, 'l2_leaf_reg': 1.0, 'iterations': 100, 'od_type': 'Iter', 'od_wait': 20, 'verbose': 100, 'train_dir': 'output/CatBoost/Allstate_Claims/catboost_info', 'cat_features': [0, 1, 2, 3, 4, 5, 6, 7, 8, 9, 10, 11, 12, 13, 14, 15, 16, 17, 18, 19, 20, 21, 22, 23, 24, 25, 26, 27, 28, 29, 30, 31, 32, 33, 34, 35, 36, 37, 38, 39, 40, 41, 42, 43, 44, 45, 46, 47, 48, 49, 50, 51, 52, 53, 54, 55, 56, 57, 58, 59, 60, 61, 62, 63, 64, 65, 66, 67, 68, 69, 70, 71, 72, 73, 74, 75, 76, 77, 78, 79, 80, 81, 82, 83, 84, 85, 86, 87, 88, 89, 90, 91, 92, 93, 94, 95, 96, 97, 98, 99, 100, 101, 102, 103, 104, 105, 106, 107, 108, 109, 110, 111, 112, 113, 114, 115]}

MSE - mean: 5172859.17506
MSE - std: 365913.27926
R2 - mean: 0.38832
R2 - std: 0.01705

Train time: 130.829816
Test time: 0.756574

---------------------------------------
2025-06-19 19:31:34.222347
Parameters: {'learning_rate': 0.3, 'max_depth': 10, 'l2_leaf_reg': 0.5, 'iterations': 100, 'od_type': 'Iter', 'od_wait': 20, 'verbose': 100, 'train_dir': 'output/CatBoost/Allstate_Claims/catboost_info', 'cat_features': [0, 1, 2, 3, 4, 5, 6, 7, 8, 9, 10, 11, 12, 13, 14, 15, 16, 17, 18, 19, 20, 21, 22, 23, 24, 25, 26, 27, 28, 29, 30, 31, 32, 33, 34, 35, 36, 37, 38, 39, 40, 41, 42, 43, 44, 45, 46, 47, 48, 49, 50, 51, 52, 53, 54, 55, 56, 57, 58, 59, 60, 61, 62, 63, 64, 65, 66, 67, 68, 69, 70, 71, 72, 73, 74, 75, 76, 77, 78, 79, 80, 81, 82, 83, 84, 85, 86, 87, 88, 89, 90, 91, 92, 93, 94, 95, 96, 97, 98, 99, 100, 101, 102, 103, 104, 105, 106, 107, 108, 109, 110, 111, 112, 113, 114, 115]}

MSE - mean: 3833268.17941
MSE - std: 267139.64840
R2 - mean: 0.54643
R2 - std: 0.02036

Train time: 65.021755
Test time: 0.775381

---------------------------------------
2025-06-19 19:32:38.262275
Parameters: {'learning_rate': 0.3, 'max_depth': 2, 'l2_leaf_reg': 5.0, 'iterations': 100, 'od_type': 'Iter', 'od_wait': 20, 'verbose': 100, 'train_dir': 'output/CatBoost/Allstate_Claims/catboost_info', 'cat_features': [0, 1, 2, 3, 4, 5, 6, 7, 8, 9, 10, 11, 12, 13, 14, 15, 16, 17, 18, 19, 20, 21, 22, 23, 24, 25, 26, 27, 28, 29, 30, 31, 32, 33, 34, 35, 36, 37, 38, 39, 40, 41, 42, 43, 44, 45, 46, 47, 48, 49, 50, 51, 52, 53, 54, 55, 56, 57, 58, 59, 60, 61, 62, 63, 64, 65, 66, 67, 68, 69, 70, 71, 72, 73, 74, 75, 76, 77, 78, 79, 80, 81, 82, 83, 84, 85, 86, 87, 88, 89, 90, 91, 92, 93, 94, 95, 96, 97, 98, 99, 100, 101, 102, 103, 104, 105, 106, 107, 108, 109, 110, 111, 112, 113, 114, 115]}

MSE - mean: 4017322.20293
MSE - std: 271605.31270
R2 - mean: 0.52482
R2 - std: 0.01477

Train time: 14.439533
Test time: 0.694645

---------------------------------------
2025-06-19 19:34:51.282956
Parameters: {'learning_rate': 0.001, 'max_depth': 12, 'l2_leaf_reg': 10.0, 'iterations': 100, 'od_type': 'Iter', 'od_wait': 20, 'verbose': 100, 'train_dir': 'output/CatBoost/Allstate_Claims/catboost_info', 'cat_features': [0, 1, 2, 3, 4, 5, 6, 7, 8, 9, 10, 11, 12, 13, 14, 15, 16, 17, 18, 19, 20, 21, 22, 23, 24, 25, 26, 27, 28, 29, 30, 31, 32, 33, 34, 35, 36, 37, 38, 39, 40, 41, 42, 43, 44, 45, 46, 47, 48, 49, 50, 51, 52, 53, 54, 55, 56, 57, 58, 59, 60, 61, 62, 63, 64, 65, 66, 67, 68, 69, 70, 71, 72, 73, 74, 75, 76, 77, 78, 79, 80, 81, 82, 83, 84, 85, 86, 87, 88, 89, 90, 91, 92, 93, 94, 95, 96, 97, 98, 99, 100, 101, 102, 103, 104, 105, 106, 107, 108, 109, 110, 111, 112, 113, 114, 115]}

MSE - mean: 7860357.50707
MSE - std: 385512.13401
R2 - mean: 0.06977
R2 - std: 0.00304

Train time: 112.864206
Test time: 0.735418

---------------------------------------
2025-06-19 19:36:28.440632
Parameters: {'learning_rate': 0.2, 'max_depth': 10, 'l2_leaf_reg': 10.0, 'iterations': 100, 'od_type': 'Iter', 'od_wait': 20, 'verbose': 100, 'train_dir': 'output/CatBoost/Allstate_Claims/catboost_info', 'cat_features': [0, 1, 2, 3, 4, 5, 6, 7, 8, 9, 10, 11, 12, 13, 14, 15, 16, 17, 18, 19, 20, 21, 22, 23, 24, 25, 26, 27, 28, 29, 30, 31, 32, 33, 34, 35, 36, 37, 38, 39, 40, 41, 42, 43, 44, 45, 46, 47, 48, 49, 50, 51, 52, 53, 54, 55, 56, 57, 58, 59, 60, 61, 62, 63, 64, 65, 66, 67, 68, 69, 70, 71, 72, 73, 74, 75, 76, 77, 78, 79, 80, 81, 82, 83, 84, 85, 86, 87, 88, 89, 90, 91, 92, 93, 94, 95, 96, 97, 98, 99, 100, 101, 102, 103, 104, 105, 106, 107, 108, 109, 110, 111, 112, 113, 114, 115]}

MSE - mean: 3789890.90766
MSE - std: 263267.87818
R2 - mean: 0.55172
R2 - std: 0.01559

Train time: 60.167356
Test time: 0.774958

---------------------------------------
2025-06-19 19:37:41.176338
Parameters: {'learning_rate': 0.001, 'max_depth': 6, 'l2_leaf_reg': 0.5, 'iterations': 100, 'od_type': 'Iter', 'od_wait': 20, 'verbose': 100, 'train_dir': 'output/CatBoost/Allstate_Claims/catboost_info', 'cat_features': [0, 1, 2, 3, 4, 5, 6, 7, 8, 9, 10, 11, 12, 13, 14, 15, 16, 17, 18, 19, 20, 21, 22, 23, 24, 25, 26, 27, 28, 29, 30, 31, 32, 33, 34, 35, 36, 37, 38, 39, 40, 41, 42, 43, 44, 45, 46, 47, 48, 49, 50, 51, 52, 53, 54, 55, 56, 57, 58, 59, 60, 61, 62, 63, 64, 65, 66, 67, 68, 69, 70, 71, 72, 73, 74, 75, 76, 77, 78, 79, 80, 81, 82, 83, 84, 85, 86, 87, 88, 89, 90, 91, 92, 93, 94, 95, 96, 97, 98, 99, 100, 101, 102, 103, 104, 105, 106, 107, 108, 109, 110, 111, 112, 113, 114, 115]}

MSE - mean: 7850929.17400
MSE - std: 378787.31643
R2 - mean: 0.07085
R2 - std: 0.00251

Train time: 28.549928
Test time: 0.696891

---------------------------------------
2025-06-19 19:38:53.910974
Parameters: {'learning_rate': 0.001, 'max_depth': 6, 'l2_leaf_reg': 10.0, 'iterations': 100, 'od_type': 'Iter', 'od_wait': 20, 'verbose': 100, 'train_dir': 'output/CatBoost/Allstate_Claims/catboost_info', 'cat_features': [0, 1, 2, 3, 4, 5, 6, 7, 8, 9, 10, 11, 12, 13, 14, 15, 16, 17, 18, 19, 20, 21, 22, 23, 24, 25, 26, 27, 28, 29, 30, 31, 32, 33, 34, 35, 36, 37, 38, 39, 40, 41, 42, 43, 44, 45, 46, 47, 48, 49, 50, 51, 52, 53, 54, 55, 56, 57, 58, 59, 60, 61, 62, 63, 64, 65, 66, 67, 68, 69, 70, 71, 72, 73, 74, 75, 76, 77, 78, 79, 80, 81, 82, 83, 84, 85, 86, 87, 88, 89, 90, 91, 92, 93, 94, 95, 96, 97, 98, 99, 100, 101, 102, 103, 104, 105, 106, 107, 108, 109, 110, 111, 112, 113, 114, 115]}

MSE - mean: 7866909.88520
MSE - std: 384270.03165
R2 - mean: 0.06898
R2 - std: 0.00300

Train time: 29.139296
Test time: 0.665943

---------------------------------------
2025-06-19 19:40:29.430779
Parameters: {'learning_rate': 0.001, 'max_depth': 10, 'l2_leaf_reg': 5.0, 'iterations': 100, 'od_type': 'Iter', 'od_wait': 20, 'verbose': 100, 'train_dir': 'output/CatBoost/Allstate_Claims/catboost_info', 'cat_features': [0, 1, 2, 3, 4, 5, 6, 7, 8, 9, 10, 11, 12, 13, 14, 15, 16, 17, 18, 19, 20, 21, 22, 23, 24, 25, 26, 27, 28, 29, 30, 31, 32, 33, 34, 35, 36, 37, 38, 39, 40, 41, 42, 43, 44, 45, 46, 47, 48, 49, 50, 51, 52, 53, 54, 55, 56, 57, 58, 59, 60, 61, 62, 63, 64, 65, 66, 67, 68, 69, 70, 71, 72, 73, 74, 75, 76, 77, 78, 79, 80, 81, 82, 83, 84, 85, 86, 87, 88, 89, 90, 91, 92, 93, 94, 95, 96, 97, 98, 99, 100, 101, 102, 103, 104, 105, 106, 107, 108, 109, 110, 111, 112, 113, 114, 115]}

MSE - mean: 7839805.52806
MSE - std: 384547.89542
R2 - mean: 0.07220
R2 - std: 0.00311

Train time: 64.395577
Test time: 0.690072

---------------------------------------
2025-06-19 19:41:42.557843
Parameters: {'learning_rate': 0.001, 'max_depth': 6, 'l2_leaf_reg': 5.0, 'iterations': 100, 'od_type': 'Iter', 'od_wait': 20, 'verbose': 100, 'train_dir': 'output/CatBoost/Allstate_Claims/catboost_info', 'cat_features': [0, 1, 2, 3, 4, 5, 6, 7, 8, 9, 10, 11, 12, 13, 14, 15, 16, 17, 18, 19, 20, 21, 22, 23, 24, 25, 26, 27, 28, 29, 30, 31, 32, 33, 34, 35, 36, 37, 38, 39, 40, 41, 42, 43, 44, 45, 46, 47, 48, 49, 50, 51, 52, 53, 54, 55, 56, 57, 58, 59, 60, 61, 62, 63, 64, 65, 66, 67, 68, 69, 70, 71, 72, 73, 74, 75, 76, 77, 78, 79, 80, 81, 82, 83, 84, 85, 86, 87, 88, 89, 90, 91, 92, 93, 94, 95, 96, 97, 98, 99, 100, 101, 102, 103, 104, 105, 106, 107, 108, 109, 110, 111, 112, 113, 114, 115]}

MSE - mean: 7854464.75990
MSE - std: 384612.75019
R2 - mean: 0.07046
R2 - std: 0.00313

Train time: 28.419698
Test time: 0.657010

---------------------------------------
2025-06-19 19:42:45.200530
Parameters: {'learning_rate': 0.01, 'max_depth': 2, 'l2_leaf_reg': 0.5, 'iterations': 100, 'od_type': 'Iter', 'od_wait': 20, 'verbose': 100, 'train_dir': 'output/CatBoost/Allstate_Claims/catboost_info', 'cat_features': [0, 1, 2, 3, 4, 5, 6, 7, 8, 9, 10, 11, 12, 13, 14, 15, 16, 17, 18, 19, 20, 21, 22, 23, 24, 25, 26, 27, 28, 29, 30, 31, 32, 33, 34, 35, 36, 37, 38, 39, 40, 41, 42, 43, 44, 45, 46, 47, 48, 49, 50, 51, 52, 53, 54, 55, 56, 57, 58, 59, 60, 61, 62, 63, 64, 65, 66, 67, 68, 69, 70, 71, 72, 73, 74, 75, 76, 77, 78, 79, 80, 81, 82, 83, 84, 85, 86, 87, 88, 89, 90, 91, 92, 93, 94, 95, 96, 97, 98, 99, 100, 101, 102, 103, 104, 105, 106, 107, 108, 109, 110, 111, 112, 113, 114, 115]}

MSE - mean: 6107926.77049
MSE - std: 375131.04064
R2 - mean: 0.27751
R2 - std: 0.01272

Train time: 14.307026
Test time: 0.685380

---------------------------------------
2025-06-19 19:45:08.486876
Parameters: {'learning_rate': 0.2, 'max_depth': 12, 'l2_leaf_reg': 0.5, 'iterations': 100, 'od_type': 'Iter', 'od_wait': 20, 'verbose': 100, 'train_dir': 'output/CatBoost/Allstate_Claims/catboost_info', 'cat_features': [0, 1, 2, 3, 4, 5, 6, 7, 8, 9, 10, 11, 12, 13, 14, 15, 16, 17, 18, 19, 20, 21, 22, 23, 24, 25, 26, 27, 28, 29, 30, 31, 32, 33, 34, 35, 36, 37, 38, 39, 40, 41, 42, 43, 44, 45, 46, 47, 48, 49, 50, 51, 52, 53, 54, 55, 56, 57, 58, 59, 60, 61, 62, 63, 64, 65, 66, 67, 68, 69, 70, 71, 72, 73, 74, 75, 76, 77, 78, 79, 80, 81, 82, 83, 84, 85, 86, 87, 88, 89, 90, 91, 92, 93, 94, 95, 96, 97, 98, 99, 100, 101, 102, 103, 104, 105, 106, 107, 108, 109, 110, 111, 112, 113, 114, 115]}

MSE - mean: 3870419.41301
MSE - std: 282317.35206
R2 - mean: 0.54227
R2 - std: 0.01676

Train time: 130.630258
Test time: 0.732547

---------------------------------------
2025-06-19 19:46:20.136584
Parameters: {'learning_rate': 0.3, 'max_depth': 6, 'l2_leaf_reg': 0.5, 'iterations': 100, 'od_type': 'Iter', 'od_wait': 20, 'verbose': 100, 'train_dir': 'output/CatBoost/Allstate_Claims/catboost_info', 'cat_features': [0, 1, 2, 3, 4, 5, 6, 7, 8, 9, 10, 11, 12, 13, 14, 15, 16, 17, 18, 19, 20, 21, 22, 23, 24, 25, 26, 27, 28, 29, 30, 31, 32, 33, 34, 35, 36, 37, 38, 39, 40, 41, 42, 43, 44, 45, 46, 47, 48, 49, 50, 51, 52, 53, 54, 55, 56, 57, 58, 59, 60, 61, 62, 63, 64, 65, 66, 67, 68, 69, 70, 71, 72, 73, 74, 75, 76, 77, 78, 79, 80, 81, 82, 83, 84, 85, 86, 87, 88, 89, 90, 91, 92, 93, 94, 95, 96, 97, 98, 99, 100, 101, 102, 103, 104, 105, 106, 107, 108, 109, 110, 111, 112, 113, 114, 115]}

MSE - mean: 3719769.63199
MSE - std: 304678.69475
R2 - mean: 0.56030
R2 - std: 0.01769

Train time: 29.096088
Test time: 0.723071

---------------------------------------
2025-06-19 19:47:22.416218
Parameters: {'learning_rate': 0.001, 'max_depth': 2, 'l2_leaf_reg': 5.0, 'iterations': 100, 'od_type': 'Iter', 'od_wait': 20, 'verbose': 100, 'train_dir': 'output/CatBoost/Allstate_Claims/catboost_info', 'cat_features': [0, 1, 2, 3, 4, 5, 6, 7, 8, 9, 10, 11, 12, 13, 14, 15, 16, 17, 18, 19, 20, 21, 22, 23, 24, 25, 26, 27, 28, 29, 30, 31, 32, 33, 34, 35, 36, 37, 38, 39, 40, 41, 42, 43, 44, 45, 46, 47, 48, 49, 50, 51, 52, 53, 54, 55, 56, 57, 58, 59, 60, 61, 62, 63, 64, 65, 66, 67, 68, 69, 70, 71, 72, 73, 74, 75, 76, 77, 78, 79, 80, 81, 82, 83, 84, 85, 86, 87, 88, 89, 90, 91, 92, 93, 94, 95, 96, 97, 98, 99, 100, 101, 102, 103, 104, 105, 106, 107, 108, 109, 110, 111, 112, 113, 114, 115]}

MSE - mean: 8015031.25050
MSE - std: 385049.06060
R2 - mean: 0.05142
R2 - std: 0.00222

Train time: 14.070995
Test time: 0.666932

---------------------------------------
2025-06-19 19:48:56.709559
Parameters: {'learning_rate': 0.3, 'max_depth': 10, 'l2_leaf_reg': 1.0, 'iterations': 100, 'od_type': 'Iter', 'od_wait': 20, 'verbose': 100, 'train_dir': 'output/CatBoost/Allstate_Claims/catboost_info', 'cat_features': [0, 1, 2, 3, 4, 5, 6, 7, 8, 9, 10, 11, 12, 13, 14, 15, 16, 17, 18, 19, 20, 21, 22, 23, 24, 25, 26, 27, 28, 29, 30, 31, 32, 33, 34, 35, 36, 37, 38, 39, 40, 41, 42, 43, 44, 45, 46, 47, 48, 49, 50, 51, 52, 53, 54, 55, 56, 57, 58, 59, 60, 61, 62, 63, 64, 65, 66, 67, 68, 69, 70, 71, 72, 73, 74, 75, 76, 77, 78, 79, 80, 81, 82, 83, 84, 85, 86, 87, 88, 89, 90, 91, 92, 93, 94, 95, 96, 97, 98, 99, 100, 101, 102, 103, 104, 105, 106, 107, 108, 109, 110, 111, 112, 113, 114, 115]}

MSE - mean: 3820659.57670
MSE - std: 265881.53541
R2 - mean: 0.54806
R2 - std: 0.01624

Train time: 64.780767
Test time: 0.718626

---------------------------------------
2025-06-19 19:50:08.389107
Parameters: {'learning_rate': 0.01, 'max_depth': 6, 'l2_leaf_reg': 0.5, 'iterations': 100, 'od_type': 'Iter', 'od_wait': 20, 'verbose': 100, 'train_dir': 'output/CatBoost/Allstate_Claims/catboost_info', 'cat_features': [0, 1, 2, 3, 4, 5, 6, 7, 8, 9, 10, 11, 12, 13, 14, 15, 16, 17, 18, 19, 20, 21, 22, 23, 24, 25, 26, 27, 28, 29, 30, 31, 32, 33, 34, 35, 36, 37, 38, 39, 40, 41, 42, 43, 44, 45, 46, 47, 48, 49, 50, 51, 52, 53, 54, 55, 56, 57, 58, 59, 60, 61, 62, 63, 64, 65, 66, 67, 68, 69, 70, 71, 72, 73, 74, 75, 76, 77, 78, 79, 80, 81, 82, 83, 84, 85, 86, 87, 88, 89, 90, 91, 92, 93, 94, 95, 96, 97, 98, 99, 100, 101, 102, 103, 104, 105, 106, 107, 108, 109, 110, 111, 112, 113, 114, 115]}

MSE - mean: 5345680.56327
MSE - std: 337173.05216
R2 - mean: 0.36771
R2 - std: 0.01278

Train time: 28.659117
Test time: 0.677010

---------------------------------------
2025-06-19 19:52:05.743522
Parameters: {'learning_rate': 0.1, 'max_depth': 12, 'l2_leaf_reg': 30.0, 'iterations': 100, 'od_type': 'Iter', 'od_wait': 20, 'verbose': 100, 'train_dir': 'output/CatBoost/Allstate_Claims/catboost_info', 'cat_features': [0, 1, 2, 3, 4, 5, 6, 7, 8, 9, 10, 11, 12, 13, 14, 15, 16, 17, 18, 19, 20, 21, 22, 23, 24, 25, 26, 27, 28, 29, 30, 31, 32, 33, 34, 35, 36, 37, 38, 39, 40, 41, 42, 43, 44, 45, 46, 47, 48, 49, 50, 51, 52, 53, 54, 55, 56, 57, 58, 59, 60, 61, 62, 63, 64, 65, 66, 67, 68, 69, 70, 71, 72, 73, 74, 75, 76, 77, 78, 79, 80, 81, 82, 83, 84, 85, 86, 87, 88, 89, 90, 91, 92, 93, 94, 95, 96, 97, 98, 99, 100, 101, 102, 103, 104, 105, 106, 107, 108, 109, 110, 111, 112, 113, 114, 115]}

MSE - mean: 4019594.42612
MSE - std: 253625.63326
R2 - mean: 0.52449
R2 - std: 0.01236

Train time: 93.578017
Test time: 0.731026

---------------------------------------
2025-06-19 19:54:21.272848
Parameters: {'learning_rate': 0.3, 'max_depth': 12, 'l2_leaf_reg': 5.0, 'iterations': 100, 'od_type': 'Iter', 'od_wait': 20, 'verbose': 100, 'train_dir': 'output/CatBoost/Allstate_Claims/catboost_info', 'cat_features': [0, 1, 2, 3, 4, 5, 6, 7, 8, 9, 10, 11, 12, 13, 14, 15, 16, 17, 18, 19, 20, 21, 22, 23, 24, 25, 26, 27, 28, 29, 30, 31, 32, 33, 34, 35, 36, 37, 38, 39, 40, 41, 42, 43, 44, 45, 46, 47, 48, 49, 50, 51, 52, 53, 54, 55, 56, 57, 58, 59, 60, 61, 62, 63, 64, 65, 66, 67, 68, 69, 70, 71, 72, 73, 74, 75, 76, 77, 78, 79, 80, 81, 82, 83, 84, 85, 86, 87, 88, 89, 90, 91, 92, 93, 94, 95, 96, 97, 98, 99, 100, 101, 102, 103, 104, 105, 106, 107, 108, 109, 110, 111, 112, 113, 114, 115]}

MSE - mean: 3891486.81564
MSE - std: 293105.08527
R2 - mean: 0.53979
R2 - std: 0.01864

Train time: 121.392749
Test time: 0.727271

---------------------------------------
2025-06-19 19:55:25.881454
Parameters: {'learning_rate': 0.001, 'max_depth': 2, 'l2_leaf_reg': 0.5, 'iterations': 100, 'od_type': 'Iter', 'od_wait': 20, 'verbose': 100, 'train_dir': 'output/CatBoost/Allstate_Claims/catboost_info', 'cat_features': [0, 1, 2, 3, 4, 5, 6, 7, 8, 9, 10, 11, 12, 13, 14, 15, 16, 17, 18, 19, 20, 21, 22, 23, 24, 25, 26, 27, 28, 29, 30, 31, 32, 33, 34, 35, 36, 37, 38, 39, 40, 41, 42, 43, 44, 45, 46, 47, 48, 49, 50, 51, 52, 53, 54, 55, 56, 57, 58, 59, 60, 61, 62, 63, 64, 65, 66, 67, 68, 69, 70, 71, 72, 73, 74, 75, 76, 77, 78, 79, 80, 81, 82, 83, 84, 85, 86, 87, 88, 89, 90, 91, 92, 93, 94, 95, 96, 97, 98, 99, 100, 101, 102, 103, 104, 105, 106, 107, 108, 109, 110, 111, 112, 113, 114, 115]}

MSE - mean: 8014315.51380
MSE - std: 385008.52815
R2 - mean: 0.05151
R2 - std: 0.00222

Train time: 14.504966
Test time: 0.709104

---------------------------------------
2025-06-19 19:57:03.557428
Parameters: {'learning_rate': 0.2, 'max_depth': 10, 'l2_leaf_reg': 1.0, 'iterations': 100, 'od_type': 'Iter', 'od_wait': 20, 'verbose': 100, 'train_dir': 'output/CatBoost/Allstate_Claims/catboost_info', 'cat_features': [0, 1, 2, 3, 4, 5, 6, 7, 8, 9, 10, 11, 12, 13, 14, 15, 16, 17, 18, 19, 20, 21, 22, 23, 24, 25, 26, 27, 28, 29, 30, 31, 32, 33, 34, 35, 36, 37, 38, 39, 40, 41, 42, 43, 44, 45, 46, 47, 48, 49, 50, 51, 52, 53, 54, 55, 56, 57, 58, 59, 60, 61, 62, 63, 64, 65, 66, 67, 68, 69, 70, 71, 72, 73, 74, 75, 76, 77, 78, 79, 80, 81, 82, 83, 84, 85, 86, 87, 88, 89, 90, 91, 92, 93, 94, 95, 96, 97, 98, 99, 100, 101, 102, 103, 104, 105, 106, 107, 108, 109, 110, 111, 112, 113, 114, 115]}

MSE - mean: 3755968.80990
MSE - std: 266575.29107
R2 - mean: 0.55575
R2 - std: 0.01612

Train time: 66.179072
Test time: 0.717308

---------------------------------------
2025-06-19 19:58:09.334832
Parameters: {'learning_rate': 0.1, 'max_depth': 2, 'l2_leaf_reg': 1.0, 'iterations': 100, 'od_type': 'Iter', 'od_wait': 20, 'verbose': 100, 'train_dir': 'output/CatBoost/Allstate_Claims/catboost_info', 'cat_features': [0, 1, 2, 3, 4, 5, 6, 7, 8, 9, 10, 11, 12, 13, 14, 15, 16, 17, 18, 19, 20, 21, 22, 23, 24, 25, 26, 27, 28, 29, 30, 31, 32, 33, 34, 35, 36, 37, 38, 39, 40, 41, 42, 43, 44, 45, 46, 47, 48, 49, 50, 51, 52, 53, 54, 55, 56, 57, 58, 59, 60, 61, 62, 63, 64, 65, 66, 67, 68, 69, 70, 71, 72, 73, 74, 75, 76, 77, 78, 79, 80, 81, 82, 83, 84, 85, 86, 87, 88, 89, 90, 91, 92, 93, 94, 95, 96, 97, 98, 99, 100, 101, 102, 103, 104, 105, 106, 107, 108, 109, 110, 111, 112, 113, 114, 115]}

MSE - mean: 4321105.01076
MSE - std: 289212.28083
R2 - mean: 0.48890
R2 - std: 0.01502

Train time: 14.704597
Test time: 0.724534

---------------------------------------
2025-06-19 19:59:44.435122
Parameters: {'learning_rate': 0.1, 'max_depth': 10, 'l2_leaf_reg': 5.0, 'iterations': 100, 'od_type': 'Iter', 'od_wait': 20, 'verbose': 100, 'train_dir': 'output/CatBoost/Allstate_Claims/catboost_info', 'cat_features': [0, 1, 2, 3, 4, 5, 6, 7, 8, 9, 10, 11, 12, 13, 14, 15, 16, 17, 18, 19, 20, 21, 22, 23, 24, 25, 26, 27, 28, 29, 30, 31, 32, 33, 34, 35, 36, 37, 38, 39, 40, 41, 42, 43, 44, 45, 46, 47, 48, 49, 50, 51, 52, 53, 54, 55, 56, 57, 58, 59, 60, 61, 62, 63, 64, 65, 66, 67, 68, 69, 70, 71, 72, 73, 74, 75, 76, 77, 78, 79, 80, 81, 82, 83, 84, 85, 86, 87, 88, 89, 90, 91, 92, 93, 94, 95, 96, 97, 98, 99, 100, 101, 102, 103, 104, 105, 106, 107, 108, 109, 110, 111, 112, 113, 114, 115]}

MSE - mean: 3811139.85217
MSE - std: 270027.14764
R2 - mean: 0.54921
R2 - std: 0.01663

Train time: 60.466561
Test time: 0.725349

---------------------------------------
2025-06-19 20:02:07.988655
Parameters: {'learning_rate': 0.1, 'max_depth': 12, 'l2_leaf_reg': 0.5, 'iterations': 100, 'od_type': 'Iter', 'od_wait': 20, 'verbose': 100, 'train_dir': 'output/CatBoost/Allstate_Claims/catboost_info', 'cat_features': [0, 1, 2, 3, 4, 5, 6, 7, 8, 9, 10, 11, 12, 13, 14, 15, 16, 17, 18, 19, 20, 21, 22, 23, 24, 25, 26, 27, 28, 29, 30, 31, 32, 33, 34, 35, 36, 37, 38, 39, 40, 41, 42, 43, 44, 45, 46, 47, 48, 49, 50, 51, 52, 53, 54, 55, 56, 57, 58, 59, 60, 61, 62, 63, 64, 65, 66, 67, 68, 69, 70, 71, 72, 73, 74, 75, 76, 77, 78, 79, 80, 81, 82, 83, 84, 85, 86, 87, 88, 89, 90, 91, 92, 93, 94, 95, 96, 97, 98, 99, 100, 101, 102, 103, 104, 105, 106, 107, 108, 109, 110, 111, 112, 113, 114, 115]}

MSE - mean: 3842285.01058
MSE - std: 319923.87688
R2 - mean: 0.54580
R2 - std: 0.02014

Train time: 131.461602
Test time: 0.747426

---------------------------------------
2025-06-19 20:04:28.910019
Parameters: {'learning_rate': 0.2, 'max_depth': 12, 'l2_leaf_reg': 1.0, 'iterations': 100, 'od_type': 'Iter', 'od_wait': 20, 'verbose': 100, 'train_dir': 'output/CatBoost/Allstate_Claims/catboost_info', 'cat_features': [0, 1, 2, 3, 4, 5, 6, 7, 8, 9, 10, 11, 12, 13, 14, 15, 16, 17, 18, 19, 20, 21, 22, 23, 24, 25, 26, 27, 28, 29, 30, 31, 32, 33, 34, 35, 36, 37, 38, 39, 40, 41, 42, 43, 44, 45, 46, 47, 48, 49, 50, 51, 52, 53, 54, 55, 56, 57, 58, 59, 60, 61, 62, 63, 64, 65, 66, 67, 68, 69, 70, 71, 72, 73, 74, 75, 76, 77, 78, 79, 80, 81, 82, 83, 84, 85, 86, 87, 88, 89, 90, 91, 92, 93, 94, 95, 96, 97, 98, 99, 100, 101, 102, 103, 104, 105, 106, 107, 108, 109, 110, 111, 112, 113, 114, 115]}

MSE - mean: 3856551.23830
MSE - std: 303392.90492
R2 - mean: 0.54400
R2 - std: 0.01924

Train time: 128.916419
Test time: 0.714573

---------------------------------------
2025-06-19 20:06:51.895674
Parameters: {'learning_rate': 0.001, 'max_depth': 12, 'l2_leaf_reg': 1.0, 'iterations': 100, 'od_type': 'Iter', 'od_wait': 20, 'verbose': 100, 'train_dir': 'output/CatBoost/Allstate_Claims/catboost_info', 'cat_features': [0, 1, 2, 3, 4, 5, 6, 7, 8, 9, 10, 11, 12, 13, 14, 15, 16, 17, 18, 19, 20, 21, 22, 23, 24, 25, 26, 27, 28, 29, 30, 31, 32, 33, 34, 35, 36, 37, 38, 39, 40, 41, 42, 43, 44, 45, 46, 47, 48, 49, 50, 51, 52, 53, 54, 55, 56, 57, 58, 59, 60, 61, 62, 63, 64, 65, 66, 67, 68, 69, 70, 71, 72, 73, 74, 75, 76, 77, 78, 79, 80, 81, 82, 83, 84, 85, 86, 87, 88, 89, 90, 91, 92, 93, 94, 95, 96, 97, 98, 99, 100, 101, 102, 103, 104, 105, 106, 107, 108, 109, 110, 111, 112, 113, 114, 115]}

MSE - mean: 7823937.94128
MSE - std: 386816.24707
R2 - mean: 0.07409
R2 - std: 0.00375

Train time: 130.220527
Test time: 0.706789

---------------------------------------
2025-06-19 20:07:53.342227
Parameters: {'learning_rate': 0.2, 'max_depth': 2, 'l2_leaf_reg': 5.0, 'iterations': 100, 'od_type': 'Iter', 'od_wait': 20, 'verbose': 100, 'train_dir': 'output/CatBoost/Allstate_Claims/catboost_info', 'cat_features': [0, 1, 2, 3, 4, 5, 6, 7, 8, 9, 10, 11, 12, 13, 14, 15, 16, 17, 18, 19, 20, 21, 22, 23, 24, 25, 26, 27, 28, 29, 30, 31, 32, 33, 34, 35, 36, 37, 38, 39, 40, 41, 42, 43, 44, 45, 46, 47, 48, 49, 50, 51, 52, 53, 54, 55, 56, 57, 58, 59, 60, 61, 62, 63, 64, 65, 66, 67, 68, 69, 70, 71, 72, 73, 74, 75, 76, 77, 78, 79, 80, 81, 82, 83, 84, 85, 86, 87, 88, 89, 90, 91, 92, 93, 94, 95, 96, 97, 98, 99, 100, 101, 102, 103, 104, 105, 106, 107, 108, 109, 110, 111, 112, 113, 114, 115]}

MSE - mean: 4097240.36046
MSE - std: 268646.89526
R2 - mean: 0.51529
R2 - std: 0.01560

Train time: 14.027258
Test time: 0.681329

---------------------------------------
2025-06-19 20:09:27.960236
Parameters: {'learning_rate': 0.1, 'max_depth': 10, 'l2_leaf_reg': 0.5, 'iterations': 100, 'od_type': 'Iter', 'od_wait': 20, 'verbose': 100, 'train_dir': 'output/CatBoost/Allstate_Claims/catboost_info', 'cat_features': [0, 1, 2, 3, 4, 5, 6, 7, 8, 9, 10, 11, 12, 13, 14, 15, 16, 17, 18, 19, 20, 21, 22, 23, 24, 25, 26, 27, 28, 29, 30, 31, 32, 33, 34, 35, 36, 37, 38, 39, 40, 41, 42, 43, 44, 45, 46, 47, 48, 49, 50, 51, 52, 53, 54, 55, 56, 57, 58, 59, 60, 61, 62, 63, 64, 65, 66, 67, 68, 69, 70, 71, 72, 73, 74, 75, 76, 77, 78, 79, 80, 81, 82, 83, 84, 85, 86, 87, 88, 89, 90, 91, 92, 93, 94, 95, 96, 97, 98, 99, 100, 101, 102, 103, 104, 105, 106, 107, 108, 109, 110, 111, 112, 113, 114, 115]}

MSE - mean: 3756900.86414
MSE - std: 289560.77566
R2 - mean: 0.55572
R2 - std: 0.01895

Train time: 64.028269
Test time: 0.727596

---------------------------------------
2025-06-19 20:11:52.089655
Parameters: {'learning_rate': 0.1, 'max_depth': 12, 'l2_leaf_reg': 1.0, 'iterations': 100, 'od_type': 'Iter', 'od_wait': 20, 'verbose': 100, 'train_dir': 'output/CatBoost/Allstate_Claims/catboost_info', 'cat_features': [0, 1, 2, 3, 4, 5, 6, 7, 8, 9, 10, 11, 12, 13, 14, 15, 16, 17, 18, 19, 20, 21, 22, 23, 24, 25, 26, 27, 28, 29, 30, 31, 32, 33, 34, 35, 36, 37, 38, 39, 40, 41, 42, 43, 44, 45, 46, 47, 48, 49, 50, 51, 52, 53, 54, 55, 56, 57, 58, 59, 60, 61, 62, 63, 64, 65, 66, 67, 68, 69, 70, 71, 72, 73, 74, 75, 76, 77, 78, 79, 80, 81, 82, 83, 84, 85, 86, 87, 88, 89, 90, 91, 92, 93, 94, 95, 96, 97, 98, 99, 100, 101, 102, 103, 104, 105, 106, 107, 108, 109, 110, 111, 112, 113, 114, 115]}

MSE - mean: 3840269.25004
MSE - std: 292639.39011
R2 - mean: 0.54585
R2 - std: 0.01903

Train time: 131.344618
Test time: 0.721973

---------------------------------------
2025-06-19 20:13:28.075849
Parameters: {'learning_rate': 0.01, 'max_depth': 10, 'l2_leaf_reg': 10.0, 'iterations': 100, 'od_type': 'Iter', 'od_wait': 20, 'verbose': 100, 'train_dir': 'output/CatBoost/Allstate_Claims/catboost_info', 'cat_features': [0, 1, 2, 3, 4, 5, 6, 7, 8, 9, 10, 11, 12, 13, 14, 15, 16, 17, 18, 19, 20, 21, 22, 23, 24, 25, 26, 27, 28, 29, 30, 31, 32, 33, 34, 35, 36, 37, 38, 39, 40, 41, 42, 43, 44, 45, 46, 47, 48, 49, 50, 51, 52, 53, 54, 55, 56, 57, 58, 59, 60, 61, 62, 63, 64, 65, 66, 67, 68, 69, 70, 71, 72, 73, 74, 75, 76, 77, 78, 79, 80, 81, 82, 83, 84, 85, 86, 87, 88, 89, 90, 91, 92, 93, 94, 95, 96, 97, 98, 99, 100, 101, 102, 103, 104, 105, 106, 107, 108, 109, 110, 111, 112, 113, 114, 115]}

MSE - mean: 5297860.63628
MSE - std: 360441.77539
R2 - mean: 0.37350
R2 - std: 0.01489

Train time: 67.247415
Test time: 0.692350

---------------------------------------
2025-06-19 20:14:43.639266
Parameters: {'learning_rate': 0.3, 'max_depth': 6, 'l2_leaf_reg': 5.0, 'iterations': 100, 'od_type': 'Iter', 'od_wait': 20, 'verbose': 100, 'train_dir': 'output/CatBoost/Allstate_Claims/catboost_info', 'cat_features': [0, 1, 2, 3, 4, 5, 6, 7, 8, 9, 10, 11, 12, 13, 14, 15, 16, 17, 18, 19, 20, 21, 22, 23, 24, 25, 26, 27, 28, 29, 30, 31, 32, 33, 34, 35, 36, 37, 38, 39, 40, 41, 42, 43, 44, 45, 46, 47, 48, 49, 50, 51, 52, 53, 54, 55, 56, 57, 58, 59, 60, 61, 62, 63, 64, 65, 66, 67, 68, 69, 70, 71, 72, 73, 74, 75, 76, 77, 78, 79, 80, 81, 82, 83, 84, 85, 86, 87, 88, 89, 90, 91, 92, 93, 94, 95, 96, 97, 98, 99, 100, 101, 102, 103, 104, 105, 106, 107, 108, 109, 110, 111, 112, 113, 114, 115]}

MSE - mean: 3725196.49202
MSE - std: 233848.44660
R2 - mean: 0.55927
R2 - std: 0.01277

Train time: 30.315607
Test time: 0.714787

---------------------------------------
2025-06-19 20:17:02.598525
Parameters: {'learning_rate': 0.3, 'max_depth': 12, 'l2_leaf_reg': 10.0, 'iterations': 100, 'od_type': 'Iter', 'od_wait': 20, 'verbose': 100, 'train_dir': 'output/CatBoost/Allstate_Claims/catboost_info', 'cat_features': [0, 1, 2, 3, 4, 5, 6, 7, 8, 9, 10, 11, 12, 13, 14, 15, 16, 17, 18, 19, 20, 21, 22, 23, 24, 25, 26, 27, 28, 29, 30, 31, 32, 33, 34, 35, 36, 37, 38, 39, 40, 41, 42, 43, 44, 45, 46, 47, 48, 49, 50, 51, 52, 53, 54, 55, 56, 57, 58, 59, 60, 61, 62, 63, 64, 65, 66, 67, 68, 69, 70, 71, 72, 73, 74, 75, 76, 77, 78, 79, 80, 81, 82, 83, 84, 85, 86, 87, 88, 89, 90, 91, 92, 93, 94, 95, 96, 97, 98, 99, 100, 101, 102, 103, 104, 105, 106, 107, 108, 109, 110, 111, 112, 113, 114, 115]}

MSE - mean: 3841735.00997
MSE - std: 227464.78646
R2 - mean: 0.54541
R2 - std: 0.01257

Train time: 121.232793
Test time: 0.757574

---------------------------------------
2025-06-19 20:18:16.771631
Parameters: {'learning_rate': 0.01, 'max_depth': 6, 'l2_leaf_reg': 30.0, 'iterations': 100, 'od_type': 'Iter', 'od_wait': 20, 'verbose': 100, 'train_dir': 'output/CatBoost/Allstate_Claims/catboost_info', 'cat_features': [0, 1, 2, 3, 4, 5, 6, 7, 8, 9, 10, 11, 12, 13, 14, 15, 16, 17, 18, 19, 20, 21, 22, 23, 24, 25, 26, 27, 28, 29, 30, 31, 32, 33, 34, 35, 36, 37, 38, 39, 40, 41, 42, 43, 44, 45, 46, 47, 48, 49, 50, 51, 52, 53, 54, 55, 56, 57, 58, 59, 60, 61, 62, 63, 64, 65, 66, 67, 68, 69, 70, 71, 72, 73, 74, 75, 76, 77, 78, 79, 80, 81, 82, 83, 84, 85, 86, 87, 88, 89, 90, 91, 92, 93, 94, 95, 96, 97, 98, 99, 100, 101, 102, 103, 104, 105, 106, 107, 108, 109, 110, 111, 112, 113, 114, 115]}

MSE - mean: 5475412.45269
MSE - std: 365861.02460
R2 - mean: 0.35247
R2 - std: 0.01504

Train time: 29.729214
Test time: 0.713775

---------------------------------------
2025-06-19 20:19:20.525218
Parameters: {'learning_rate': 0.2, 'max_depth': 2, 'l2_leaf_reg': 1.0, 'iterations': 100, 'od_type': 'Iter', 'od_wait': 20, 'verbose': 100, 'train_dir': 'output/CatBoost/Allstate_Claims/catboost_info', 'cat_features': [0, 1, 2, 3, 4, 5, 6, 7, 8, 9, 10, 11, 12, 13, 14, 15, 16, 17, 18, 19, 20, 21, 22, 23, 24, 25, 26, 27, 28, 29, 30, 31, 32, 33, 34, 35, 36, 37, 38, 39, 40, 41, 42, 43, 44, 45, 46, 47, 48, 49, 50, 51, 52, 53, 54, 55, 56, 57, 58, 59, 60, 61, 62, 63, 64, 65, 66, 67, 68, 69, 70, 71, 72, 73, 74, 75, 76, 77, 78, 79, 80, 81, 82, 83, 84, 85, 86, 87, 88, 89, 90, 91, 92, 93, 94, 95, 96, 97, 98, 99, 100, 101, 102, 103, 104, 105, 106, 107, 108, 109, 110, 111, 112, 113, 114, 115]}

MSE - mean: 4064522.37853
MSE - std: 294047.61444
R2 - mean: 0.51934
R2 - std: 0.01649

Train time: 14.285770
Test time: 0.708479

---------------------------------------
2025-06-19 20:20:25.430315
Parameters: {'learning_rate': 0.01, 'max_depth': 2, 'l2_leaf_reg': 30.0, 'iterations': 100, 'od_type': 'Iter', 'od_wait': 20, 'verbose': 100, 'train_dir': 'output/CatBoost/Allstate_Claims/catboost_info', 'cat_features': [0, 1, 2, 3, 4, 5, 6, 7, 8, 9, 10, 11, 12, 13, 14, 15, 16, 17, 18, 19, 20, 21, 22, 23, 24, 25, 26, 27, 28, 29, 30, 31, 32, 33, 34, 35, 36, 37, 38, 39, 40, 41, 42, 43, 44, 45, 46, 47, 48, 49, 50, 51, 52, 53, 54, 55, 56, 57, 58, 59, 60, 61, 62, 63, 64, 65, 66, 67, 68, 69, 70, 71, 72, 73, 74, 75, 76, 77, 78, 79, 80, 81, 82, 83, 84, 85, 86, 87, 88, 89, 90, 91, 92, 93, 94, 95, 96, 97, 98, 99, 100, 101, 102, 103, 104, 105, 106, 107, 108, 109, 110, 111, 112, 113, 114, 115]}

MSE - mean: 6121577.34277
MSE - std: 375565.71158
R2 - mean: 0.27590
R2 - std: 0.01263

Train time: 14.565755
Test time: 0.703039

---------------------------------------
2025-06-19 20:22:03.187881
Parameters: {'learning_rate': 0.2, 'max_depth': 10, 'l2_leaf_reg': 0.5, 'iterations': 100, 'od_type': 'Iter', 'od_wait': 20, 'verbose': 100, 'train_dir': 'output/CatBoost/Allstate_Claims/catboost_info', 'cat_features': [0, 1, 2, 3, 4, 5, 6, 7, 8, 9, 10, 11, 12, 13, 14, 15, 16, 17, 18, 19, 20, 21, 22, 23, 24, 25, 26, 27, 28, 29, 30, 31, 32, 33, 34, 35, 36, 37, 38, 39, 40, 41, 42, 43, 44, 45, 46, 47, 48, 49, 50, 51, 52, 53, 54, 55, 56, 57, 58, 59, 60, 61, 62, 63, 64, 65, 66, 67, 68, 69, 70, 71, 72, 73, 74, 75, 76, 77, 78, 79, 80, 81, 82, 83, 84, 85, 86, 87, 88, 89, 90, 91, 92, 93, 94, 95, 96, 97, 98, 99, 100, 101, 102, 103, 104, 105, 106, 107, 108, 109, 110, 111, 112, 113, 114, 115]}

MSE - mean: 3770096.68362
MSE - std: 246911.88205
R2 - mean: 0.55396
R2 - std: 0.01515

Train time: 64.830886
Test time: 0.750649

---------------------------------------
2025-06-19 20:23:13.748039
Parameters: {'learning_rate': 0.1, 'max_depth': 6, 'l2_leaf_reg': 30.0, 'iterations': 100, 'od_type': 'Iter', 'od_wait': 20, 'verbose': 100, 'train_dir': 'output/CatBoost/Allstate_Claims/catboost_info', 'cat_features': [0, 1, 2, 3, 4, 5, 6, 7, 8, 9, 10, 11, 12, 13, 14, 15, 16, 17, 18, 19, 20, 21, 22, 23, 24, 25, 26, 27, 28, 29, 30, 31, 32, 33, 34, 35, 36, 37, 38, 39, 40, 41, 42, 43, 44, 45, 46, 47, 48, 49, 50, 51, 52, 53, 54, 55, 56, 57, 58, 59, 60, 61, 62, 63, 64, 65, 66, 67, 68, 69, 70, 71, 72, 73, 74, 75, 76, 77, 78, 79, 80, 81, 82, 83, 84, 85, 86, 87, 88, 89, 90, 91, 92, 93, 94, 95, 96, 97, 98, 99, 100, 101, 102, 103, 104, 105, 106, 107, 108, 109, 110, 111, 112, 113, 114, 115]}

MSE - mean: 4082425.33955
MSE - std: 217678.98107
R2 - mean: 0.51672
R2 - std: 0.01570

Train time: 27.487161
Test time: 0.700704

---------------------------------------
2025-06-19 20:25:41.807755
Parameters: {'learning_rate': 0.3, 'max_depth': 12, 'l2_leaf_reg': 0.5, 'iterations': 100, 'od_type': 'Iter', 'od_wait': 20, 'verbose': 100, 'train_dir': 'output/CatBoost/Allstate_Claims/catboost_info', 'cat_features': [0, 1, 2, 3, 4, 5, 6, 7, 8, 9, 10, 11, 12, 13, 14, 15, 16, 17, 18, 19, 20, 21, 22, 23, 24, 25, 26, 27, 28, 29, 30, 31, 32, 33, 34, 35, 36, 37, 38, 39, 40, 41, 42, 43, 44, 45, 46, 47, 48, 49, 50, 51, 52, 53, 54, 55, 56, 57, 58, 59, 60, 61, 62, 63, 64, 65, 66, 67, 68, 69, 70, 71, 72, 73, 74, 75, 76, 77, 78, 79, 80, 81, 82, 83, 84, 85, 86, 87, 88, 89, 90, 91, 92, 93, 94, 95, 96, 97, 98, 99, 100, 101, 102, 103, 104, 105, 106, 107, 108, 109, 110, 111, 112, 113, 114, 115]}

MSE - mean: 4007986.80911
MSE - std: 313063.84390
R2 - mean: 0.52618
R2 - std: 0.01732

Train time: 133.976981
Test time: 0.772348

---------------------------------------
2025-06-19 20:27:02.783862
Parameters: {'learning_rate': 0.1, 'max_depth': 6, 'l2_leaf_reg': 1.0, 'iterations': 100, 'od_type': 'Iter', 'od_wait': 20, 'verbose': 100, 'train_dir': 'output/CatBoost/Allstate_Claims/catboost_info', 'cat_features': [0, 1, 2, 3, 4, 5, 6, 7, 8, 9, 10, 11, 12, 13, 14, 15, 16, 17, 18, 19, 20, 21, 22, 23, 24, 25, 26, 27, 28, 29, 30, 31, 32, 33, 34, 35, 36, 37, 38, 39, 40, 41, 42, 43, 44, 45, 46, 47, 48, 49, 50, 51, 52, 53, 54, 55, 56, 57, 58, 59, 60, 61, 62, 63, 64, 65, 66, 67, 68, 69, 70, 71, 72, 73, 74, 75, 76, 77, 78, 79, 80, 81, 82, 83, 84, 85, 86, 87, 88, 89, 90, 91, 92, 93, 94, 95, 96, 97, 98, 99, 100, 101, 102, 103, 104, 105, 106, 107, 108, 109, 110, 111, 112, 113, 114, 115]}

MSE - mean: 3792009.74452
MSE - std: 282103.47347
R2 - mean: 0.55163
R2 - std: 0.01517

Train time: 31.241188
Test time: 0.768771

---------------------------------------
2025-06-19 20:28:15.658968
Parameters: {'learning_rate': 0.1, 'max_depth': 6, 'l2_leaf_reg': 5.0, 'iterations': 100, 'od_type': 'Iter', 'od_wait': 20, 'verbose': 100, 'train_dir': 'output/CatBoost/Allstate_Claims/catboost_info', 'cat_features': [0, 1, 2, 3, 4, 5, 6, 7, 8, 9, 10, 11, 12, 13, 14, 15, 16, 17, 18, 19, 20, 21, 22, 23, 24, 25, 26, 27, 28, 29, 30, 31, 32, 33, 34, 35, 36, 37, 38, 39, 40, 41, 42, 43, 44, 45, 46, 47, 48, 49, 50, 51, 52, 53, 54, 55, 56, 57, 58, 59, 60, 61, 62, 63, 64, 65, 66, 67, 68, 69, 70, 71, 72, 73, 74, 75, 76, 77, 78, 79, 80, 81, 82, 83, 84, 85, 86, 87, 88, 89, 90, 91, 92, 93, 94, 95, 96, 97, 98, 99, 100, 101, 102, 103, 104, 105, 106, 107, 108, 109, 110, 111, 112, 113, 114, 115]}

MSE - mean: 3841535.46088
MSE - std: 263885.24659
R2 - mean: 0.54560
R2 - std: 0.01557

Train time: 29.504664
Test time: 0.749203

---------------------------------------
2025-06-19 20:29:29.277733
Parameters: {'learning_rate': 0.3, 'max_depth': 6, 'l2_leaf_reg': 30.0, 'iterations': 100, 'od_type': 'Iter', 'od_wait': 20, 'verbose': 100, 'train_dir': 'output/CatBoost/Allstate_Claims/catboost_info', 'cat_features': [0, 1, 2, 3, 4, 5, 6, 7, 8, 9, 10, 11, 12, 13, 14, 15, 16, 17, 18, 19, 20, 21, 22, 23, 24, 25, 26, 27, 28, 29, 30, 31, 32, 33, 34, 35, 36, 37, 38, 39, 40, 41, 42, 43, 44, 45, 46, 47, 48, 49, 50, 51, 52, 53, 54, 55, 56, 57, 58, 59, 60, 61, 62, 63, 64, 65, 66, 67, 68, 69, 70, 71, 72, 73, 74, 75, 76, 77, 78, 79, 80, 81, 82, 83, 84, 85, 86, 87, 88, 89, 90, 91, 92, 93, 94, 95, 96, 97, 98, 99, 100, 101, 102, 103, 104, 105, 106, 107, 108, 109, 110, 111, 112, 113, 114, 115]}

MSE - mean: 3842860.71115
MSE - std: 200593.90561
R2 - mean: 0.54514
R2 - std: 0.01186

Train time: 26.495695
Test time: 0.732263

---------------------------------------
2025-06-19 20:31:07.745395
Parameters: {'learning_rate': 0.3, 'max_depth': 10, 'l2_leaf_reg': 30.0, 'iterations': 100, 'od_type': 'Iter', 'od_wait': 20, 'verbose': 100, 'train_dir': 'output/CatBoost/Allstate_Claims/catboost_info', 'cat_features': [0, 1, 2, 3, 4, 5, 6, 7, 8, 9, 10, 11, 12, 13, 14, 15, 16, 17, 18, 19, 20, 21, 22, 23, 24, 25, 26, 27, 28, 29, 30, 31, 32, 33, 34, 35, 36, 37, 38, 39, 40, 41, 42, 43, 44, 45, 46, 47, 48, 49, 50, 51, 52, 53, 54, 55, 56, 57, 58, 59, 60, 61, 62, 63, 64, 65, 66, 67, 68, 69, 70, 71, 72, 73, 74, 75, 76, 77, 78, 79, 80, 81, 82, 83, 84, 85, 86, 87, 88, 89, 90, 91, 92, 93, 94, 95, 96, 97, 98, 99, 100, 101, 102, 103, 104, 105, 106, 107, 108, 109, 110, 111, 112, 113, 114, 115]}

MSE - mean: 3847784.28342
MSE - std: 230187.85167
R2 - mean: 0.54470
R2 - std: 0.01293

Train time: 60.976467
Test time: 0.783593

---------------------------------------
2025-06-19 20:32:23.863360
Parameters: {'learning_rate': 0.1, 'max_depth': 6, 'l2_leaf_reg': 10.0, 'iterations': 100, 'od_type': 'Iter', 'od_wait': 20, 'verbose': 100, 'train_dir': 'output/CatBoost/Allstate_Claims/catboost_info', 'cat_features': [0, 1, 2, 3, 4, 5, 6, 7, 8, 9, 10, 11, 12, 13, 14, 15, 16, 17, 18, 19, 20, 21, 22, 23, 24, 25, 26, 27, 28, 29, 30, 31, 32, 33, 34, 35, 36, 37, 38, 39, 40, 41, 42, 43, 44, 45, 46, 47, 48, 49, 50, 51, 52, 53, 54, 55, 56, 57, 58, 59, 60, 61, 62, 63, 64, 65, 66, 67, 68, 69, 70, 71, 72, 73, 74, 75, 76, 77, 78, 79, 80, 81, 82, 83, 84, 85, 86, 87, 88, 89, 90, 91, 92, 93, 94, 95, 96, 97, 98, 99, 100, 101, 102, 103, 104, 105, 106, 107, 108, 109, 110, 111, 112, 113, 114, 115]}

MSE - mean: 3917954.95207
MSE - std: 239536.14436
R2 - mean: 0.53637
R2 - std: 0.01552

Train time: 29.780121
Test time: 0.794563

---------------------------------------
2025-06-19 20:33:27.199513
Parameters: {'learning_rate': 0.001, 'max_depth': 2, 'l2_leaf_reg': 1.0, 'iterations': 100, 'od_type': 'Iter', 'od_wait': 20, 'verbose': 100, 'train_dir': 'output/CatBoost/Allstate_Claims/catboost_info', 'cat_features': [0, 1, 2, 3, 4, 5, 6, 7, 8, 9, 10, 11, 12, 13, 14, 15, 16, 17, 18, 19, 20, 21, 22, 23, 24, 25, 26, 27, 28, 29, 30, 31, 32, 33, 34, 35, 36, 37, 38, 39, 40, 41, 42, 43, 44, 45, 46, 47, 48, 49, 50, 51, 52, 53, 54, 55, 56, 57, 58, 59, 60, 61, 62, 63, 64, 65, 66, 67, 68, 69, 70, 71, 72, 73, 74, 75, 76, 77, 78, 79, 80, 81, 82, 83, 84, 85, 86, 87, 88, 89, 90, 91, 92, 93, 94, 95, 96, 97, 98, 99, 100, 101, 102, 103, 104, 105, 106, 107, 108, 109, 110, 111, 112, 113, 114, 115]}

MSE - mean: 8014398.30103
MSE - std: 385010.68435
R2 - mean: 0.05150
R2 - std: 0.00222

Train time: 14.061585
Test time: 0.668334

---------------------------------------
2025-06-19 20:35:00.606098
Parameters: {'learning_rate': 0.2, 'max_depth': 10, 'l2_leaf_reg': 30.0, 'iterations': 100, 'od_type': 'Iter', 'od_wait': 20, 'verbose': 100, 'train_dir': 'output/CatBoost/Allstate_Claims/catboost_info', 'cat_features': [0, 1, 2, 3, 4, 5, 6, 7, 8, 9, 10, 11, 12, 13, 14, 15, 16, 17, 18, 19, 20, 21, 22, 23, 24, 25, 26, 27, 28, 29, 30, 31, 32, 33, 34, 35, 36, 37, 38, 39, 40, 41, 42, 43, 44, 45, 46, 47, 48, 49, 50, 51, 52, 53, 54, 55, 56, 57, 58, 59, 60, 61, 62, 63, 64, 65, 66, 67, 68, 69, 70, 71, 72, 73, 74, 75, 76, 77, 78, 79, 80, 81, 82, 83, 84, 85, 86, 87, 88, 89, 90, 91, 92, 93, 94, 95, 96, 97, 98, 99, 100, 101, 102, 103, 104, 105, 106, 107, 108, 109, 110, 111, 112, 113, 114, 115]}

MSE - mean: 3895313.28167
MSE - std: 252320.85872
R2 - mean: 0.53913
R2 - std: 0.01579

Train time: 57.693252
Test time: 0.739947

---------------------------------------
2025-06-19 20:36:07.730761
Parameters: {'learning_rate': 0.2, 'max_depth': 2, 'l2_leaf_reg': 10.0, 'iterations': 100, 'od_type': 'Iter', 'od_wait': 20, 'verbose': 100, 'train_dir': 'output/CatBoost/Allstate_Claims/catboost_info', 'cat_features': [0, 1, 2, 3, 4, 5, 6, 7, 8, 9, 10, 11, 12, 13, 14, 15, 16, 17, 18, 19, 20, 21, 22, 23, 24, 25, 26, 27, 28, 29, 30, 31, 32, 33, 34, 35, 36, 37, 38, 39, 40, 41, 42, 43, 44, 45, 46, 47, 48, 49, 50, 51, 52, 53, 54, 55, 56, 57, 58, 59, 60, 61, 62, 63, 64, 65, 66, 67, 68, 69, 70, 71, 72, 73, 74, 75, 76, 77, 78, 79, 80, 81, 82, 83, 84, 85, 86, 87, 88, 89, 90, 91, 92, 93, 94, 95, 96, 97, 98, 99, 100, 101, 102, 103, 104, 105, 106, 107, 108, 109, 110, 111, 112, 113, 114, 115]}

MSE - mean: 4129054.15852
MSE - std: 255405.80387
R2 - mean: 0.51145
R2 - std: 0.01486

Train time: 15.064374
Test time: 0.770739

---------------------------------------
2025-06-19 20:37:20.190963
Parameters: {'learning_rate': 0.3, 'max_depth': 6, 'l2_leaf_reg': 10.0, 'iterations': 100, 'od_type': 'Iter', 'od_wait': 20, 'verbose': 100, 'train_dir': 'output/CatBoost/Allstate_Claims/catboost_info', 'cat_features': [0, 1, 2, 3, 4, 5, 6, 7, 8, 9, 10, 11, 12, 13, 14, 15, 16, 17, 18, 19, 20, 21, 22, 23, 24, 25, 26, 27, 28, 29, 30, 31, 32, 33, 34, 35, 36, 37, 38, 39, 40, 41, 42, 43, 44, 45, 46, 47, 48, 49, 50, 51, 52, 53, 54, 55, 56, 57, 58, 59, 60, 61, 62, 63, 64, 65, 66, 67, 68, 69, 70, 71, 72, 73, 74, 75, 76, 77, 78, 79, 80, 81, 82, 83, 84, 85, 86, 87, 88, 89, 90, 91, 92, 93, 94, 95, 96, 97, 98, 99, 100, 101, 102, 103, 104, 105, 106, 107, 108, 109, 110, 111, 112, 113, 114, 115]}

MSE - mean: 3738851.38834
MSE - std: 242478.40696
R2 - mean: 0.55766
R2 - std: 0.01464

Train time: 29.621577
Test time: 0.692314

---------------------------------------
2025-06-19 20:38:32.548988
Parameters: {'learning_rate': 0.01, 'max_depth': 6, 'l2_leaf_reg': 1.0, 'iterations': 100, 'od_type': 'Iter', 'od_wait': 20, 'verbose': 100, 'train_dir': 'output/CatBoost/Allstate_Claims/catboost_info', 'cat_features': [0, 1, 2, 3, 4, 5, 6, 7, 8, 9, 10, 11, 12, 13, 14, 15, 16, 17, 18, 19, 20, 21, 22, 23, 24, 25, 26, 27, 28, 29, 30, 31, 32, 33, 34, 35, 36, 37, 38, 39, 40, 41, 42, 43, 44, 45, 46, 47, 48, 49, 50, 51, 52, 53, 54, 55, 56, 57, 58, 59, 60, 61, 62, 63, 64, 65, 66, 67, 68, 69, 70, 71, 72, 73, 74, 75, 76, 77, 78, 79, 80, 81, 82, 83, 84, 85, 86, 87, 88, 89, 90, 91, 92, 93, 94, 95, 96, 97, 98, 99, 100, 101, 102, 103, 104, 105, 106, 107, 108, 109, 110, 111, 112, 113, 114, 115]}

MSE - mean: 5343004.39319
MSE - std: 333383.33892
R2 - mean: 0.36801
R2 - std: 0.01232

Train time: 29.329150
Test time: 0.676290

---------------------------------------
2025-06-19 20:39:45.700667
Parameters: {'learning_rate': 0.3, 'max_depth': 6, 'l2_leaf_reg': 1.0, 'iterations': 100, 'od_type': 'Iter', 'od_wait': 20, 'verbose': 100, 'train_dir': 'output/CatBoost/Allstate_Claims/catboost_info', 'cat_features': [0, 1, 2, 3, 4, 5, 6, 7, 8, 9, 10, 11, 12, 13, 14, 15, 16, 17, 18, 19, 20, 21, 22, 23, 24, 25, 26, 27, 28, 29, 30, 31, 32, 33, 34, 35, 36, 37, 38, 39, 40, 41, 42, 43, 44, 45, 46, 47, 48, 49, 50, 51, 52, 53, 54, 55, 56, 57, 58, 59, 60, 61, 62, 63, 64, 65, 66, 67, 68, 69, 70, 71, 72, 73, 74, 75, 76, 77, 78, 79, 80, 81, 82, 83, 84, 85, 86, 87, 88, 89, 90, 91, 92, 93, 94, 95, 96, 97, 98, 99, 100, 101, 102, 103, 104, 105, 106, 107, 108, 109, 110, 111, 112, 113, 114, 115]}

MSE - mean: 3748216.83947
MSE - std: 302358.88415
R2 - mean: 0.55686
R2 - std: 0.01871

Train time: 30.573261
Test time: 0.731270

---------------------------------------
2025-06-19 20:40:55.990569
Parameters: {'learning_rate': 0.001, 'max_depth': 6, 'l2_leaf_reg': 30.0, 'iterations': 100, 'od_type': 'Iter', 'od_wait': 20, 'verbose': 100, 'train_dir': 'output/CatBoost/Allstate_Claims/catboost_info', 'cat_features': [0, 1, 2, 3, 4, 5, 6, 7, 8, 9, 10, 11, 12, 13, 14, 15, 16, 17, 18, 19, 20, 21, 22, 23, 24, 25, 26, 27, 28, 29, 30, 31, 32, 33, 34, 35, 36, 37, 38, 39, 40, 41, 42, 43, 44, 45, 46, 47, 48, 49, 50, 51, 52, 53, 54, 55, 56, 57, 58, 59, 60, 61, 62, 63, 64, 65, 66, 67, 68, 69, 70, 71, 72, 73, 74, 75, 76, 77, 78, 79, 80, 81, 82, 83, 84, 85, 86, 87, 88, 89, 90, 91, 92, 93, 94, 95, 96, 97, 98, 99, 100, 101, 102, 103, 104, 105, 106, 107, 108, 109, 110, 111, 112, 113, 114, 115]}

MSE - mean: 7899602.94437
MSE - std: 385784.00124
R2 - mean: 0.06511
R2 - std: 0.00298

Train time: 29.640757
Test time: 0.670576

---------------------------------------
2025-06-19 20:42:28.259421
Parameters: {'learning_rate': 0.01, 'max_depth': 10, 'l2_leaf_reg': 5.0, 'iterations': 100, 'od_type': 'Iter', 'od_wait': 20, 'verbose': 100, 'train_dir': 'output/CatBoost/Allstate_Claims/catboost_info', 'cat_features': [0, 1, 2, 3, 4, 5, 6, 7, 8, 9, 10, 11, 12, 13, 14, 15, 16, 17, 18, 19, 20, 21, 22, 23, 24, 25, 26, 27, 28, 29, 30, 31, 32, 33, 34, 35, 36, 37, 38, 39, 40, 41, 42, 43, 44, 45, 46, 47, 48, 49, 50, 51, 52, 53, 54, 55, 56, 57, 58, 59, 60, 61, 62, 63, 64, 65, 66, 67, 68, 69, 70, 71, 72, 73, 74, 75, 76, 77, 78, 79, 80, 81, 82, 83, 84, 85, 86, 87, 88, 89, 90, 91, 92, 93, 94, 95, 96, 97, 98, 99, 100, 101, 102, 103, 104, 105, 106, 107, 108, 109, 110, 111, 112, 113, 114, 115]}

MSE - mean: 5232072.97584
MSE - std: 357547.12382
R2 - mean: 0.38128
R2 - std: 0.01529

Train time: 64.337190
Test time: 0.685030

---------------------------------------
2025-06-19 20:44:59.262182
Parameters: {'learning_rate': 0.3, 'max_depth': 12, 'l2_leaf_reg': 1.0, 'iterations': 100, 'od_type': 'Iter', 'od_wait': 20, 'verbose': 100, 'train_dir': 'output/CatBoost/Allstate_Claims/catboost_info', 'cat_features': [0, 1, 2, 3, 4, 5, 6, 7, 8, 9, 10, 11, 12, 13, 14, 15, 16, 17, 18, 19, 20, 21, 22, 23, 24, 25, 26, 27, 28, 29, 30, 31, 32, 33, 34, 35, 36, 37, 38, 39, 40, 41, 42, 43, 44, 45, 46, 47, 48, 49, 50, 51, 52, 53, 54, 55, 56, 57, 58, 59, 60, 61, 62, 63, 64, 65, 66, 67, 68, 69, 70, 71, 72, 73, 74, 75, 76, 77, 78, 79, 80, 81, 82, 83, 84, 85, 86, 87, 88, 89, 90, 91, 92, 93, 94, 95, 96, 97, 98, 99, 100, 101, 102, 103, 104, 105, 106, 107, 108, 109, 110, 111, 112, 113, 114, 115]}

MSE - mean: 3981025.33827
MSE - std: 255657.39234
R2 - mean: 0.52899
R2 - std: 0.01603

Train time: 135.525338
Test time: 0.788353

---------------------------------------
2025-06-19 20:46:11.810388
Parameters: {'learning_rate': 0.01, 'max_depth': 6, 'l2_leaf_reg': 10.0, 'iterations': 100, 'od_type': 'Iter', 'od_wait': 20, 'verbose': 100, 'train_dir': 'output/CatBoost/Allstate_Claims/catboost_info', 'cat_features': [0, 1, 2, 3, 4, 5, 6, 7, 8, 9, 10, 11, 12, 13, 14, 15, 16, 17, 18, 19, 20, 21, 22, 23, 24, 25, 26, 27, 28, 29, 30, 31, 32, 33, 34, 35, 36, 37, 38, 39, 40, 41, 42, 43, 44, 45, 46, 47, 48, 49, 50, 51, 52, 53, 54, 55, 56, 57, 58, 59, 60, 61, 62, 63, 64, 65, 66, 67, 68, 69, 70, 71, 72, 73, 74, 75, 76, 77, 78, 79, 80, 81, 82, 83, 84, 85, 86, 87, 88, 89, 90, 91, 92, 93, 94, 95, 96, 97, 98, 99, 100, 101, 102, 103, 104, 105, 106, 107, 108, 109, 110, 111, 112, 113, 114, 115]}

MSE - mean: 5374580.26680
MSE - std: 359825.84320
R2 - mean: 0.36439
R2 - std: 0.01508

Train time: 29.693902
Test time: 0.691587

---------------------------------------
2025-06-19 20:47:58.073742
Parameters: {'learning_rate': 0.3, 'max_depth': 10, 'l2_leaf_reg': 5.0, 'iterations': 100, 'od_type': 'Iter', 'od_wait': 20, 'verbose': 100, 'train_dir': 'output/CatBoost/Allstate_Claims/catboost_info', 'cat_features': [0, 1, 2, 3, 4, 5, 6, 7, 8, 9, 10, 11, 12, 13, 14, 15, 16, 17, 18, 19, 20, 21, 22, 23, 24, 25, 26, 27, 28, 29, 30, 31, 32, 33, 34, 35, 36, 37, 38, 39, 40, 41, 42, 43, 44, 45, 46, 47, 48, 49, 50, 51, 52, 53, 54, 55, 56, 57, 58, 59, 60, 61, 62, 63, 64, 65, 66, 67, 68, 69, 70, 71, 72, 73, 74, 75, 76, 77, 78, 79, 80, 81, 82, 83, 84, 85, 86, 87, 88, 89, 90, 91, 92, 93, 94, 95, 96, 97, 98, 99, 100, 101, 102, 103, 104, 105, 106, 107, 108, 109, 110, 111, 112, 113, 114, 115]}

MSE - mean: 3756746.83868
MSE - std: 228079.73312
R2 - mean: 0.55540
R2 - std: 0.01584

Train time: 68.062800
Test time: 0.783006

---------------------------------------
2025-06-19 20:49:01.167873
Parameters: {'learning_rate': 0.2, 'max_depth': 2, 'l2_leaf_reg': 0.5, 'iterations': 100, 'od_type': 'Iter', 'od_wait': 20, 'verbose': 100, 'train_dir': 'output/CatBoost/Allstate_Claims/catboost_info', 'cat_features': [0, 1, 2, 3, 4, 5, 6, 7, 8, 9, 10, 11, 12, 13, 14, 15, 16, 17, 18, 19, 20, 21, 22, 23, 24, 25, 26, 27, 28, 29, 30, 31, 32, 33, 34, 35, 36, 37, 38, 39, 40, 41, 42, 43, 44, 45, 46, 47, 48, 49, 50, 51, 52, 53, 54, 55, 56, 57, 58, 59, 60, 61, 62, 63, 64, 65, 66, 67, 68, 69, 70, 71, 72, 73, 74, 75, 76, 77, 78, 79, 80, 81, 82, 83, 84, 85, 86, 87, 88, 89, 90, 91, 92, 93, 94, 95, 96, 97, 98, 99, 100, 101, 102, 103, 104, 105, 106, 107, 108, 109, 110, 111, 112, 113, 114, 115]}

MSE - mean: 4065407.15629
MSE - std: 297675.17174
R2 - mean: 0.51927
R2 - std: 0.01617

Train time: 14.703659
Test time: 0.726308

---------------------------------------
2025-06-19 20:50:15.351996
Parameters: {'learning_rate': 0.1, 'max_depth': 2, 'l2_leaf_reg': 30.0, 'iterations': 100, 'od_type': 'Iter', 'od_wait': 20, 'verbose': 100, 'train_dir': 'output/CatBoost/Allstate_Claims/catboost_info', 'cat_features': [0, 1, 2, 3, 4, 5, 6, 7, 8, 9, 10, 11, 12, 13, 14, 15, 16, 17, 18, 19, 20, 21, 22, 23, 24, 25, 26, 27, 28, 29, 30, 31, 32, 33, 34, 35, 36, 37, 38, 39, 40, 41, 42, 43, 44, 45, 46, 47, 48, 49, 50, 51, 52, 53, 54, 55, 56, 57, 58, 59, 60, 61, 62, 63, 64, 65, 66, 67, 68, 69, 70, 71, 72, 73, 74, 75, 76, 77, 78, 79, 80, 81, 82, 83, 84, 85, 86, 87, 88, 89, 90, 91, 92, 93, 94, 95, 96, 97, 98, 99, 100, 101, 102, 103, 104, 105, 106, 107, 108, 109, 110, 111, 112, 113, 114, 115]}

MSE - mean: 4446007.77121
MSE - std: 267908.19449
R2 - mean: 0.47390
R2 - std: 0.01634

Train time: 15.585288
Test time: 0.810764

---------------------------------------
2025-06-19 20:51:46.850622
Parameters: {'learning_rate': 0.1, 'max_depth': 10, 'l2_leaf_reg': 10.0, 'iterations': 100, 'od_type': 'Iter', 'od_wait': 20, 'verbose': 100, 'train_dir': 'output/CatBoost/Allstate_Claims/catboost_info', 'cat_features': [0, 1, 2, 3, 4, 5, 6, 7, 8, 9, 10, 11, 12, 13, 14, 15, 16, 17, 18, 19, 20, 21, 22, 23, 24, 25, 26, 27, 28, 29, 30, 31, 32, 33, 34, 35, 36, 37, 38, 39, 40, 41, 42, 43, 44, 45, 46, 47, 48, 49, 50, 51, 52, 53, 54, 55, 56, 57, 58, 59, 60, 61, 62, 63, 64, 65, 66, 67, 68, 69, 70, 71, 72, 73, 74, 75, 76, 77, 78, 79, 80, 81, 82, 83, 84, 85, 86, 87, 88, 89, 90, 91, 92, 93, 94, 95, 96, 97, 98, 99, 100, 101, 102, 103, 104, 105, 106, 107, 108, 109, 110, 111, 112, 113, 114, 115]}

MSE - mean: 3896800.74270
MSE - std: 251122.94979
R2 - mean: 0.53899
R2 - std: 0.01444

Train time: 55.920034
Test time: 0.732532

---------------------------------------
2025-06-19 20:54:00.696885
Parameters: {'learning_rate': 0.01, 'max_depth': 12, 'l2_leaf_reg': 30.0, 'iterations': 100, 'od_type': 'Iter', 'od_wait': 20, 'verbose': 100, 'train_dir': 'output/CatBoost/Allstate_Claims/catboost_info', 'cat_features': [0, 1, 2, 3, 4, 5, 6, 7, 8, 9, 10, 11, 12, 13, 14, 15, 16, 17, 18, 19, 20, 21, 22, 23, 24, 25, 26, 27, 28, 29, 30, 31, 32, 33, 34, 35, 36, 37, 38, 39, 40, 41, 42, 43, 44, 45, 46, 47, 48, 49, 50, 51, 52, 53, 54, 55, 56, 57, 58, 59, 60, 61, 62, 63, 64, 65, 66, 67, 68, 69, 70, 71, 72, 73, 74, 75, 76, 77, 78, 79, 80, 81, 82, 83, 84, 85, 86, 87, 88, 89, 90, 91, 92, 93, 94, 95, 96, 97, 98, 99, 100, 101, 102, 103, 104, 105, 106, 107, 108, 109, 110, 111, 112, 113, 114, 115]}

MSE - mean: 5444586.30371
MSE - std: 363782.44976
R2 - mean: 0.35612
R2 - std: 0.01450

Train time: 109.346261
Test time: 0.759598

---------------------------------------
2025-06-19 20:55:14.410357
Parameters: {'learning_rate': 0.3, 'max_depth': 2, 'l2_leaf_reg': 1.0, 'iterations': 100, 'od_type': 'Iter', 'od_wait': 20, 'verbose': 100, 'train_dir': 'output/CatBoost/Allstate_Claims/catboost_info', 'cat_features': [0, 1, 2, 3, 4, 5, 6, 7, 8, 9, 10, 11, 12, 13, 14, 15, 16, 17, 18, 19, 20, 21, 22, 23, 24, 25, 26, 27, 28, 29, 30, 31, 32, 33, 34, 35, 36, 37, 38, 39, 40, 41, 42, 43, 44, 45, 46, 47, 48, 49, 50, 51, 52, 53, 54, 55, 56, 57, 58, 59, 60, 61, 62, 63, 64, 65, 66, 67, 68, 69, 70, 71, 72, 73, 74, 75, 76, 77, 78, 79, 80, 81, 82, 83, 84, 85, 86, 87, 88, 89, 90, 91, 92, 93, 94, 95, 96, 97, 98, 99, 100, 101, 102, 103, 104, 105, 106, 107, 108, 109, 110, 111, 112, 113, 114, 115]}

MSE - mean: 4005227.38802
MSE - std: 287368.31167
R2 - mean: 0.52634
R2 - std: 0.01585

Train time: 15.609826
Test time: 0.797887

---------------------------------------
2025-06-19 20:56:31.798059
Parameters: {'learning_rate': 0.001, 'max_depth': 6, 'l2_leaf_reg': 1.0, 'iterations': 100, 'od_type': 'Iter', 'od_wait': 20, 'verbose': 100, 'train_dir': 'output/CatBoost/Allstate_Claims/catboost_info', 'cat_features': [0, 1, 2, 3, 4, 5, 6, 7, 8, 9, 10, 11, 12, 13, 14, 15, 16, 17, 18, 19, 20, 21, 22, 23, 24, 25, 26, 27, 28, 29, 30, 31, 32, 33, 34, 35, 36, 37, 38, 39, 40, 41, 42, 43, 44, 45, 46, 47, 48, 49, 50, 51, 52, 53, 54, 55, 56, 57, 58, 59, 60, 61, 62, 63, 64, 65, 66, 67, 68, 69, 70, 71, 72, 73, 74, 75, 76, 77, 78, 79, 80, 81, 82, 83, 84, 85, 86, 87, 88, 89, 90, 91, 92, 93, 94, 95, 96, 97, 98, 99, 100, 101, 102, 103, 104, 105, 106, 107, 108, 109, 110, 111, 112, 113, 114, 115]}

MSE - mean: 7845417.80202
MSE - std: 381940.47481
R2 - mean: 0.07152
R2 - std: 0.00289

Train time: 30.528335
Test time: 0.714269

---------------------------------------
2025-06-19 20:58:30.886681
Parameters: {'learning_rate': 0.001, 'max_depth': 12, 'l2_leaf_reg': 30.0, 'iterations': 100, 'od_type': 'Iter', 'od_wait': 20, 'verbose': 100, 'train_dir': 'output/CatBoost/Allstate_Claims/catboost_info', 'cat_features': [0, 1, 2, 3, 4, 5, 6, 7, 8, 9, 10, 11, 12, 13, 14, 15, 16, 17, 18, 19, 20, 21, 22, 23, 24, 25, 26, 27, 28, 29, 30, 31, 32, 33, 34, 35, 36, 37, 38, 39, 40, 41, 42, 43, 44, 45, 46, 47, 48, 49, 50, 51, 52, 53, 54, 55, 56, 57, 58, 59, 60, 61, 62, 63, 64, 65, 66, 67, 68, 69, 70, 71, 72, 73, 74, 75, 76, 77, 78, 79, 80, 81, 82, 83, 84, 85, 86, 87, 88, 89, 90, 91, 92, 93, 94, 95, 96, 97, 98, 99, 100, 101, 102, 103, 104, 105, 106, 107, 108, 109, 110, 111, 112, 113, 114, 115]}

MSE - mean: 7899769.22996
MSE - std: 386297.15601
R2 - mean: 0.06510
R2 - std: 0.00296

Train time: 96.452587
Test time: 0.712736

---------------------------------------
2025-06-19 20:59:47.949713
Parameters: {'learning_rate': 0.1, 'max_depth': 6, 'l2_leaf_reg': 0.5, 'iterations': 100, 'od_type': 'Iter', 'od_wait': 20, 'verbose': 100, 'train_dir': 'output/CatBoost/Allstate_Claims/catboost_info', 'cat_features': [0, 1, 2, 3, 4, 5, 6, 7, 8, 9, 10, 11, 12, 13, 14, 15, 16, 17, 18, 19, 20, 21, 22, 23, 24, 25, 26, 27, 28, 29, 30, 31, 32, 33, 34, 35, 36, 37, 38, 39, 40, 41, 42, 43, 44, 45, 46, 47, 48, 49, 50, 51, 52, 53, 54, 55, 56, 57, 58, 59, 60, 61, 62, 63, 64, 65, 66, 67, 68, 69, 70, 71, 72, 73, 74, 75, 76, 77, 78, 79, 80, 81, 82, 83, 84, 85, 86, 87, 88, 89, 90, 91, 92, 93, 94, 95, 96, 97, 98, 99, 100, 101, 102, 103, 104, 105, 106, 107, 108, 109, 110, 111, 112, 113, 114, 115]}

MSE - mean: 3775430.22393
MSE - std: 284139.27721
R2 - mean: 0.55364
R2 - std: 0.01450

Train time: 30.554560
Test time: 0.743550

---------------------------------------
2025-06-19 21:00:53.775905
Parameters: {'learning_rate': 0.3, 'max_depth': 2, 'l2_leaf_reg': 30.0, 'iterations': 100, 'od_type': 'Iter', 'od_wait': 20, 'verbose': 100, 'train_dir': 'output/CatBoost/Allstate_Claims/catboost_info', 'cat_features': [0, 1, 2, 3, 4, 5, 6, 7, 8, 9, 10, 11, 12, 13, 14, 15, 16, 17, 18, 19, 20, 21, 22, 23, 24, 25, 26, 27, 28, 29, 30, 31, 32, 33, 34, 35, 36, 37, 38, 39, 40, 41, 42, 43, 44, 45, 46, 47, 48, 49, 50, 51, 52, 53, 54, 55, 56, 57, 58, 59, 60, 61, 62, 63, 64, 65, 66, 67, 68, 69, 70, 71, 72, 73, 74, 75, 76, 77, 78, 79, 80, 81, 82, 83, 84, 85, 86, 87, 88, 89, 90, 91, 92, 93, 94, 95, 96, 97, 98, 99, 100, 101, 102, 103, 104, 105, 106, 107, 108, 109, 110, 111, 112, 113, 114, 115]}

MSE - mean: 4106193.19271
MSE - std: 244743.06783
R2 - mean: 0.51412
R2 - std: 0.01380

Train time: 14.565220
Test time: 0.697895

---------------------------------------
2025-06-19 21:03:13.108550
Parameters: {'learning_rate': 0.01, 'max_depth': 12, 'l2_leaf_reg': 10.0, 'iterations': 100, 'od_type': 'Iter', 'od_wait': 20, 'verbose': 100, 'train_dir': 'output/CatBoost/Allstate_Claims/catboost_info', 'cat_features': [0, 1, 2, 3, 4, 5, 6, 7, 8, 9, 10, 11, 12, 13, 14, 15, 16, 17, 18, 19, 20, 21, 22, 23, 24, 25, 26, 27, 28, 29, 30, 31, 32, 33, 34, 35, 36, 37, 38, 39, 40, 41, 42, 43, 44, 45, 46, 47, 48, 49, 50, 51, 52, 53, 54, 55, 56, 57, 58, 59, 60, 61, 62, 63, 64, 65, 66, 67, 68, 69, 70, 71, 72, 73, 74, 75, 76, 77, 78, 79, 80, 81, 82, 83, 84, 85, 86, 87, 88, 89, 90, 91, 92, 93, 94, 95, 96, 97, 98, 99, 100, 101, 102, 103, 104, 105, 106, 107, 108, 109, 110, 111, 112, 113, 114, 115]}

MSE - mean: 5328059.07953
MSE - std: 355928.46961
R2 - mean: 0.36991
R2 - std: 0.01406

Train time: 123.248608
Test time: 0.719874

---------------------------------------
2025-06-19 21:04:19.349093
Parameters: {'learning_rate': 0.01, 'max_depth': 2, 'l2_leaf_reg': 10.0, 'iterations': 100, 'od_type': 'Iter', 'od_wait': 20, 'verbose': 100, 'train_dir': 'output/CatBoost/Allstate_Claims/catboost_info', 'cat_features': [0, 1, 2, 3, 4, 5, 6, 7, 8, 9, 10, 11, 12, 13, 14, 15, 16, 17, 18, 19, 20, 21, 22, 23, 24, 25, 26, 27, 28, 29, 30, 31, 32, 33, 34, 35, 36, 37, 38, 39, 40, 41, 42, 43, 44, 45, 46, 47, 48, 49, 50, 51, 52, 53, 54, 55, 56, 57, 58, 59, 60, 61, 62, 63, 64, 65, 66, 67, 68, 69, 70, 71, 72, 73, 74, 75, 76, 77, 78, 79, 80, 81, 82, 83, 84, 85, 86, 87, 88, 89, 90, 91, 92, 93, 94, 95, 96, 97, 98, 99, 100, 101, 102, 103, 104, 105, 106, 107, 108, 109, 110, 111, 112, 113, 114, 115]}

MSE - mean: 6111895.78749
MSE - std: 375026.01009
R2 - mean: 0.27704
R2 - std: 0.01268

Train time: 14.681568
Test time: 0.704269

---------------------------------------
2025-06-19 21:06:40.938251
Parameters: {'learning_rate': 0.01, 'max_depth': 12, 'l2_leaf_reg': 5.0, 'iterations': 100, 'od_type': 'Iter', 'od_wait': 20, 'verbose': 100, 'train_dir': 'output/CatBoost/Allstate_Claims/catboost_info', 'cat_features': [0, 1, 2, 3, 4, 5, 6, 7, 8, 9, 10, 11, 12, 13, 14, 15, 16, 17, 18, 19, 20, 21, 22, 23, 24, 25, 26, 27, 28, 29, 30, 31, 32, 33, 34, 35, 36, 37, 38, 39, 40, 41, 42, 43, 44, 45, 46, 47, 48, 49, 50, 51, 52, 53, 54, 55, 56, 57, 58, 59, 60, 61, 62, 63, 64, 65, 66, 67, 68, 69, 70, 71, 72, 73, 74, 75, 76, 77, 78, 79, 80, 81, 82, 83, 84, 85, 86, 87, 88, 89, 90, 91, 92, 93, 94, 95, 96, 97, 98, 99, 100, 101, 102, 103, 104, 105, 106, 107, 108, 109, 110, 111, 112, 113, 114, 115]}

MSE - mean: 5299699.03772
MSE - std: 353304.06148
R2 - mean: 0.37324
R2 - std: 0.01470

Train time: 129.044425
Test time: 0.740918

---------------------------------------
2025-06-19 21:07:41.079296
Parameters: {'learning_rate': 0.01, 'max_depth': 2, 'l2_leaf_reg': 5.0, 'iterations': 100, 'od_type': 'Iter', 'od_wait': 20, 'verbose': 100, 'train_dir': 'output/CatBoost/Allstate_Claims/catboost_info', 'cat_features': [0, 1, 2, 3, 4, 5, 6, 7, 8, 9, 10, 11, 12, 13, 14, 15, 16, 17, 18, 19, 20, 21, 22, 23, 24, 25, 26, 27, 28, 29, 30, 31, 32, 33, 34, 35, 36, 37, 38, 39, 40, 41, 42, 43, 44, 45, 46, 47, 48, 49, 50, 51, 52, 53, 54, 55, 56, 57, 58, 59, 60, 61, 62, 63, 64, 65, 66, 67, 68, 69, 70, 71, 72, 73, 74, 75, 76, 77, 78, 79, 80, 81, 82, 83, 84, 85, 86, 87, 88, 89, 90, 91, 92, 93, 94, 95, 96, 97, 98, 99, 100, 101, 102, 103, 104, 105, 106, 107, 108, 109, 110, 111, 112, 113, 114, 115]}

MSE - mean: 6110758.76461
MSE - std: 375002.48746
R2 - mean: 0.27718
R2 - std: 0.01267

Train time: 13.869771
Test time: 0.659072

---------------------------------------
2025-06-19 21:09:35.101336
Parameters: {'learning_rate': 0.01, 'max_depth': 10, 'l2_leaf_reg': 1.0, 'iterations': 100, 'od_type': 'Iter', 'od_wait': 20, 'verbose': 100, 'train_dir': 'output/CatBoost/Allstate_Claims/catboost_info', 'cat_features': [0, 1, 2, 3, 4, 5, 6, 7, 8, 9, 10, 11, 12, 13, 14, 15, 16, 17, 18, 19, 20, 21, 22, 23, 24, 25, 26, 27, 28, 29, 30, 31, 32, 33, 34, 35, 36, 37, 38, 39, 40, 41, 42, 43, 44, 45, 46, 47, 48, 49, 50, 51, 52, 53, 54, 55, 56, 57, 58, 59, 60, 61, 62, 63, 64, 65, 66, 67, 68, 69, 70, 71, 72, 73, 74, 75, 76, 77, 78, 79, 80, 81, 82, 83, 84, 85, 86, 87, 88, 89, 90, 91, 92, 93, 94, 95, 96, 97, 98, 99, 100, 101, 102, 103, 104, 105, 106, 107, 108, 109, 110, 111, 112, 113, 114, 115]}

MSE - mean: 4897224.61044
MSE - std: 358918.58045
R2 - mean: 0.40274
R2 - std: 0.00920

Train time: 65.004380
Test time: 0.697479

---------------------------------------
2025-06-19 21:11:05.389733
Parameters: {'learning_rate': 0.01, 'max_depth': 10, 'l2_leaf_reg': 30.0, 'iterations': 100, 'od_type': 'Iter', 'od_wait': 20, 'verbose': 100, 'train_dir': 'output/CatBoost/Allstate_Claims/catboost_info', 'cat_features': [0, 1, 2, 3, 4, 5, 6, 7, 8, 9, 10, 11, 12, 13, 14, 15, 16, 17, 18, 19, 20, 21, 22, 23, 24, 25, 26, 27, 28, 29, 30, 31, 32, 33, 34, 35, 36, 37, 38, 39, 40, 41, 42, 43, 44, 45, 46, 47, 48, 49, 50, 51, 52, 53, 54, 55, 56, 57, 58, 59, 60, 61, 62, 63, 64, 65, 66, 67, 68, 69, 70, 71, 72, 73, 74, 75, 76, 77, 78, 79, 80, 81, 82, 83, 84, 85, 86, 87, 88, 89, 90, 91, 92, 93, 94, 95, 96, 97, 98, 99, 100, 101, 102, 103, 104, 105, 106, 107, 108, 109, 110, 111, 112, 113, 114, 115]}

MSE - mean: 5222026.64919
MSE - std: 389683.70469
R2 - mean: 0.36319
R2 - std: 0.01026

Train time: 60.601467
Test time: 0.703438

---------------------------------------
2025-06-19 21:12:40.730221
Parameters: {'learning_rate': 0.001, 'max_depth': 10, 'l2_leaf_reg': 0.5, 'iterations': 100, 'od_type': 'Iter', 'od_wait': 20, 'verbose': 100, 'train_dir': 'output/CatBoost/Allstate_Claims/catboost_info', 'cat_features': [0, 1, 2, 3, 4, 5, 6, 7, 8, 9, 10, 11, 12, 13, 14, 15, 16, 17, 18, 19, 20, 21, 22, 23, 24, 25, 26, 27, 28, 29, 30, 31, 32, 33, 34, 35, 36, 37, 38, 39, 40, 41, 42, 43, 44, 45, 46, 47, 48, 49, 50, 51, 52, 53, 54, 55, 56, 57, 58, 59, 60, 61, 62, 63, 64, 65, 66, 67, 68, 69, 70, 71, 72, 73, 74, 75, 76, 77, 78, 79, 80, 81, 82, 83, 84, 85, 86, 87, 88, 89, 90, 91, 92, 93, 94, 95, 96, 97, 98, 99, 100, 101, 102, 103, 104, 105, 106, 107, 108, 109, 110, 111, 112, 113, 114, 115]}

MSE - mean: 7549264.45692
MSE - std: 477488.66154
R2 - mean: 0.07873
R2 - std: 0.00222

Train time: 65.124281
Test time: 0.728124

---------------------------------------
2025-06-19 21:15:06.566936
Parameters: {'learning_rate': 0.2, 'max_depth': 12, 'l2_leaf_reg': 5.0, 'iterations': 100, 'od_type': 'Iter', 'od_wait': 20, 'verbose': 100, 'train_dir': 'output/CatBoost/Allstate_Claims/catboost_info', 'cat_features': [0, 1, 2, 3, 4, 5, 6, 7, 8, 9, 10, 11, 12, 13, 14, 15, 16, 17, 18, 19, 20, 21, 22, 23, 24, 25, 26, 27, 28, 29, 30, 31, 32, 33, 34, 35, 36, 37, 38, 39, 40, 41, 42, 43, 44, 45, 46, 47, 48, 49, 50, 51, 52, 53, 54, 55, 56, 57, 58, 59, 60, 61, 62, 63, 64, 65, 66, 67, 68, 69, 70, 71, 72, 73, 74, 75, 76, 77, 78, 79, 80, 81, 82, 83, 84, 85, 86, 87, 88, 89, 90, 91, 92, 93, 94, 95, 96, 97, 98, 99, 100, 101, 102, 103, 104, 105, 106, 107, 108, 109, 110, 111, 112, 113, 114, 115]}

MSE - mean: 3676258.61408
MSE - std: 266788.79571
R2 - mean: 0.55162
R2 - std: 0.00810

Train time: 129.449612
Test time: 0.766725

---------------------------------------
2025-06-19 21:17:23.251871
Parameters: {'learning_rate': 0.2, 'max_depth': 12, 'l2_leaf_reg': 10.0, 'iterations': 100, 'od_type': 'Iter', 'od_wait': 20, 'verbose': 100, 'train_dir': 'output/CatBoost/Allstate_Claims/catboost_info', 'cat_features': [0, 1, 2, 3, 4, 5, 6, 7, 8, 9, 10, 11, 12, 13, 14, 15, 16, 17, 18, 19, 20, 21, 22, 23, 24, 25, 26, 27, 28, 29, 30, 31, 32, 33, 34, 35, 36, 37, 38, 39, 40, 41, 42, 43, 44, 45, 46, 47, 48, 49, 50, 51, 52, 53, 54, 55, 56, 57, 58, 59, 60, 61, 62, 63, 64, 65, 66, 67, 68, 69, 70, 71, 72, 73, 74, 75, 76, 77, 78, 79, 80, 81, 82, 83, 84, 85, 86, 87, 88, 89, 90, 91, 92, 93, 94, 95, 96, 97, 98, 99, 100, 101, 102, 103, 104, 105, 106, 107, 108, 109, 110, 111, 112, 113, 114, 115]}

MSE - mean: 3687450.75035
MSE - std: 256427.94450
R2 - mean: 0.55014
R2 - std: 0.00870

Train time: 122.108172
Test time: 0.729531

---------------------------------------
2025-06-19 21:18:36.887873
Parameters: {'learning_rate': 0.2, 'max_depth': 6, 'l2_leaf_reg': 30.0, 'iterations': 100, 'od_type': 'Iter', 'od_wait': 20, 'verbose': 100, 'train_dir': 'output/CatBoost/Allstate_Claims/catboost_info', 'cat_features': [0, 1, 2, 3, 4, 5, 6, 7, 8, 9, 10, 11, 12, 13, 14, 15, 16, 17, 18, 19, 20, 21, 22, 23, 24, 25, 26, 27, 28, 29, 30, 31, 32, 33, 34, 35, 36, 37, 38, 39, 40, 41, 42, 43, 44, 45, 46, 47, 48, 49, 50, 51, 52, 53, 54, 55, 56, 57, 58, 59, 60, 61, 62, 63, 64, 65, 66, 67, 68, 69, 70, 71, 72, 73, 74, 75, 76, 77, 78, 79, 80, 81, 82, 83, 84, 85, 86, 87, 88, 89, 90, 91, 92, 93, 94, 95, 96, 97, 98, 99, 100, 101, 102, 103, 104, 105, 106, 107, 108, 109, 110, 111, 112, 113, 114, 115]}

MSE - mean: 3665206.83616
MSE - std: 268426.81201
R2 - mean: 0.55289
R2 - std: 0.01157

Train time: 29.847591
Test time: 0.730181

---------------------------------------
2025-06-19 21:19:39.123330
Parameters: {'learning_rate': 0.3, 'max_depth': 2, 'l2_leaf_reg': 0.5, 'iterations': 100, 'od_type': 'Iter', 'od_wait': 20, 'verbose': 100, 'train_dir': 'output/CatBoost/Allstate_Claims/catboost_info', 'cat_features': [0, 1, 2, 3, 4, 5, 6, 7, 8, 9, 10, 11, 12, 13, 14, 15, 16, 17, 18, 19, 20, 21, 22, 23, 24, 25, 26, 27, 28, 29, 30, 31, 32, 33, 34, 35, 36, 37, 38, 39, 40, 41, 42, 43, 44, 45, 46, 47, 48, 49, 50, 51, 52, 53, 54, 55, 56, 57, 58, 59, 60, 61, 62, 63, 64, 65, 66, 67, 68, 69, 70, 71, 72, 73, 74, 75, 76, 77, 78, 79, 80, 81, 82, 83, 84, 85, 86, 87, 88, 89, 90, 91, 92, 93, 94, 95, 96, 97, 98, 99, 100, 101, 102, 103, 104, 105, 106, 107, 108, 109, 110, 111, 112, 113, 114, 115]}

MSE - mean: 3817255.97846
MSE - std: 276744.32388
R2 - mean: 0.53434
R2 - std: 0.01058

Train time: 14.417261
Test time: 0.762271

---------------------------------------
2025-06-19 21:20:50.547718
Parameters: {'learning_rate': 0.2, 'max_depth': 6, 'l2_leaf_reg': 10.0, 'iterations': 100, 'od_type': 'Iter', 'od_wait': 20, 'verbose': 100, 'train_dir': 'output/CatBoost/Allstate_Claims/catboost_info', 'cat_features': [0, 1, 2, 3, 4, 5, 6, 7, 8, 9, 10, 11, 12, 13, 14, 15, 16, 17, 18, 19, 20, 21, 22, 23, 24, 25, 26, 27, 28, 29, 30, 31, 32, 33, 34, 35, 36, 37, 38, 39, 40, 41, 42, 43, 44, 45, 46, 47, 48, 49, 50, 51, 52, 53, 54, 55, 56, 57, 58, 59, 60, 61, 62, 63, 64, 65, 66, 67, 68, 69, 70, 71, 72, 73, 74, 75, 76, 77, 78, 79, 80, 81, 82, 83, 84, 85, 86, 87, 88, 89, 90, 91, 92, 93, 94, 95, 96, 97, 98, 99, 100, 101, 102, 103, 104, 105, 106, 107, 108, 109, 110, 111, 112, 113, 114, 115]}

MSE - mean: 3614219.54847
MSE - std: 230061.17763
R2 - mean: 0.55890
R2 - std: 0.00753

Train time: 28.398620
Test time: 0.714677

---------------------------------------
2025-06-19 21:22:23.644156
Parameters: {'learning_rate': 0.2, 'max_depth': 10, 'l2_leaf_reg': 5.0, 'iterations': 100, 'od_type': 'Iter', 'od_wait': 20, 'verbose': 100, 'train_dir': 'output/CatBoost/Allstate_Claims/catboost_info', 'cat_features': [0, 1, 2, 3, 4, 5, 6, 7, 8, 9, 10, 11, 12, 13, 14, 15, 16, 17, 18, 19, 20, 21, 22, 23, 24, 25, 26, 27, 28, 29, 30, 31, 32, 33, 34, 35, 36, 37, 38, 39, 40, 41, 42, 43, 44, 45, 46, 47, 48, 49, 50, 51, 52, 53, 54, 55, 56, 57, 58, 59, 60, 61, 62, 63, 64, 65, 66, 67, 68, 69, 70, 71, 72, 73, 74, 75, 76, 77, 78, 79, 80, 81, 82, 83, 84, 85, 86, 87, 88, 89, 90, 91, 92, 93, 94, 95, 96, 97, 98, 99, 100, 101, 102, 103, 104, 105, 106, 107, 108, 109, 110, 111, 112, 113, 114, 115]}

MSE - mean: 3612251.88067
MSE - std: 244496.45873
R2 - mean: 0.55926
R2 - std: 0.00786

Train time: 62.380126
Test time: 0.729304

---------------------------------------
2025-06-19 21:24:38.456122
Parameters: {'learning_rate': 0.2, 'max_depth': 12, 'l2_leaf_reg': 30.0, 'iterations': 100, 'od_type': 'Iter', 'od_wait': 20, 'verbose': 100, 'train_dir': 'output/CatBoost/Allstate_Claims/catboost_info', 'cat_features': [0, 1, 2, 3, 4, 5, 6, 7, 8, 9, 10, 11, 12, 13, 14, 15, 16, 17, 18, 19, 20, 21, 22, 23, 24, 25, 26, 27, 28, 29, 30, 31, 32, 33, 34, 35, 36, 37, 38, 39, 40, 41, 42, 43, 44, 45, 46, 47, 48, 49, 50, 51, 52, 53, 54, 55, 56, 57, 58, 59, 60, 61, 62, 63, 64, 65, 66, 67, 68, 69, 70, 71, 72, 73, 74, 75, 76, 77, 78, 79, 80, 81, 82, 83, 84, 85, 86, 87, 88, 89, 90, 91, 92, 93, 94, 95, 96, 97, 98, 99, 100, 101, 102, 103, 104, 105, 106, 107, 108, 109, 110, 111, 112, 113, 114, 115]}

MSE - mean: 3707093.69474
MSE - std: 266201.00069
R2 - mean: 0.54777
R2 - std: 0.01031

Train time: 117.039976
Test time: 0.746877

---------------------------------------
2025-06-19 21:25:52.223990
Parameters: {'learning_rate': 0.2, 'max_depth': 6, 'l2_leaf_reg': 5.0, 'iterations': 100, 'od_type': 'Iter', 'od_wait': 20, 'verbose': 100, 'train_dir': 'output/CatBoost/Allstate_Claims/catboost_info', 'cat_features': [0, 1, 2, 3, 4, 5, 6, 7, 8, 9, 10, 11, 12, 13, 14, 15, 16, 17, 18, 19, 20, 21, 22, 23, 24, 25, 26, 27, 28, 29, 30, 31, 32, 33, 34, 35, 36, 37, 38, 39, 40, 41, 42, 43, 44, 45, 46, 47, 48, 49, 50, 51, 52, 53, 54, 55, 56, 57, 58, 59, 60, 61, 62, 63, 64, 65, 66, 67, 68, 69, 70, 71, 72, 73, 74, 75, 76, 77, 78, 79, 80, 81, 82, 83, 84, 85, 86, 87, 88, 89, 90, 91, 92, 93, 94, 95, 96, 97, 98, 99, 100, 101, 102, 103, 104, 105, 106, 107, 108, 109, 110, 111, 112, 113, 114, 115]}

MSE - mean: 3600643.57695
MSE - std: 249409.65067
R2 - mean: 0.56070
R2 - std: 0.00917

Train time: 29.042846
Test time: 0.777354

---------------------------------------
2025-06-19 21:26:56.827986
Parameters: {'learning_rate': 0.2, 'max_depth': 2, 'l2_leaf_reg': 30.0, 'iterations': 100, 'od_type': 'Iter', 'od_wait': 20, 'verbose': 100, 'train_dir': 'output/CatBoost/Allstate_Claims/catboost_info', 'cat_features': [0, 1, 2, 3, 4, 5, 6, 7, 8, 9, 10, 11, 12, 13, 14, 15, 16, 17, 18, 19, 20, 21, 22, 23, 24, 25, 26, 27, 28, 29, 30, 31, 32, 33, 34, 35, 36, 37, 38, 39, 40, 41, 42, 43, 44, 45, 46, 47, 48, 49, 50, 51, 52, 53, 54, 55, 56, 57, 58, 59, 60, 61, 62, 63, 64, 65, 66, 67, 68, 69, 70, 71, 72, 73, 74, 75, 76, 77, 78, 79, 80, 81, 82, 83, 84, 85, 86, 87, 88, 89, 90, 91, 92, 93, 94, 95, 96, 97, 98, 99, 100, 101, 102, 103, 104, 105, 106, 107, 108, 109, 110, 111, 112, 113, 114, 115]}

MSE - mean: 3942283.04233
MSE - std: 300057.08527
R2 - mean: 0.51923
R2 - std: 0.01119

Train time: 14.225621
Test time: 0.721404

---------------------------------------
2025-06-19 21:28:33.866793
Parameters: {'learning_rate': 0.3, 'max_depth': 10, 'l2_leaf_reg': 10.0, 'iterations': 100, 'od_type': 'Iter', 'od_wait': 20, 'verbose': 100, 'train_dir': 'output/CatBoost/Allstate_Claims/catboost_info', 'cat_features': [0, 1, 2, 3, 4, 5, 6, 7, 8, 9, 10, 11, 12, 13, 14, 15, 16, 17, 18, 19, 20, 21, 22, 23, 24, 25, 26, 27, 28, 29, 30, 31, 32, 33, 34, 35, 36, 37, 38, 39, 40, 41, 42, 43, 44, 45, 46, 47, 48, 49, 50, 51, 52, 53, 54, 55, 56, 57, 58, 59, 60, 61, 62, 63, 64, 65, 66, 67, 68, 69, 70, 71, 72, 73, 74, 75, 76, 77, 78, 79, 80, 81, 82, 83, 84, 85, 86, 87, 88, 89, 90, 91, 92, 93, 94, 95, 96, 97, 98, 99, 100, 101, 102, 103, 104, 105, 106, 107, 108, 109, 110, 111, 112, 113, 114, 115]}

MSE - mean: 3612208.63508
MSE - std: 238233.77112
R2 - mean: 0.55923
R2 - std: 0.00616

Train time: 63.541363
Test time: 0.767650

---------------------------------------
2025-06-19 21:29:51.556322
Parameters: {'learning_rate': 0.2, 'max_depth': 6, 'l2_leaf_reg': 0.5, 'iterations': 100, 'od_type': 'Iter', 'od_wait': 20, 'verbose': 100, 'train_dir': 'output/CatBoost/Allstate_Claims/catboost_info', 'cat_features': [0, 1, 2, 3, 4, 5, 6, 7, 8, 9, 10, 11, 12, 13, 14, 15, 16, 17, 18, 19, 20, 21, 22, 23, 24, 25, 26, 27, 28, 29, 30, 31, 32, 33, 34, 35, 36, 37, 38, 39, 40, 41, 42, 43, 44, 45, 46, 47, 48, 49, 50, 51, 52, 53, 54, 55, 56, 57, 58, 59, 60, 61, 62, 63, 64, 65, 66, 67, 68, 69, 70, 71, 72, 73, 74, 75, 76, 77, 78, 79, 80, 81, 82, 83, 84, 85, 86, 87, 88, 89, 90, 91, 92, 93, 94, 95, 96, 97, 98, 99, 100, 101, 102, 103, 104, 105, 106, 107, 108, 109, 110, 111, 112, 113, 114, 115]}

MSE - mean: 3577135.18006
MSE - std: 232325.93702
R2 - mean: 0.56346
R2 - std: 0.00707

Train time: 31.014607
Test time: 0.765837

---------------------------------------
2025-06-19 21:32:19.645651
Parameters: {'learning_rate': 0.01, 'max_depth': 12, 'l2_leaf_reg': 0.5, 'iterations': 100, 'od_type': 'Iter', 'od_wait': 20, 'verbose': 100, 'train_dir': 'output/CatBoost/Allstate_Claims/catboost_info', 'cat_features': [0, 1, 2, 3, 4, 5, 6, 7, 8, 9, 10, 11, 12, 13, 14, 15, 16, 17, 18, 19, 20, 21, 22, 23, 24, 25, 26, 27, 28, 29, 30, 31, 32, 33, 34, 35, 36, 37, 38, 39, 40, 41, 42, 43, 44, 45, 46, 47, 48, 49, 50, 51, 52, 53, 54, 55, 56, 57, 58, 59, 60, 61, 62, 63, 64, 65, 66, 67, 68, 69, 70, 71, 72, 73, 74, 75, 76, 77, 78, 79, 80, 81, 82, 83, 84, 85, 86, 87, 88, 89, 90, 91, 92, 93, 94, 95, 96, 97, 98, 99, 100, 101, 102, 103, 104, 105, 106, 107, 108, 109, 110, 111, 112, 113, 114, 115]}

MSE - mean: 4919926.57881
MSE - std: 359964.20156
R2 - mean: 0.39995
R2 - std: 0.00962

Train time: 134.622013
Test time: 0.767739

---------------------------------------
2025-06-19 21:33:58.664889
Parameters: {'learning_rate': 0.1, 'max_depth': 10, 'l2_leaf_reg': 1.0, 'iterations': 100, 'od_type': 'Iter', 'od_wait': 20, 'verbose': 100, 'train_dir': 'output/CatBoost/Allstate_Claims/catboost_info', 'cat_features': [0, 1, 2, 3, 4, 5, 6, 7, 8, 9, 10, 11, 12, 13, 14, 15, 16, 17, 18, 19, 20, 21, 22, 23, 24, 25, 26, 27, 28, 29, 30, 31, 32, 33, 34, 35, 36, 37, 38, 39, 40, 41, 42, 43, 44, 45, 46, 47, 48, 49, 50, 51, 52, 53, 54, 55, 56, 57, 58, 59, 60, 61, 62, 63, 64, 65, 66, 67, 68, 69, 70, 71, 72, 73, 74, 75, 76, 77, 78, 79, 80, 81, 82, 83, 84, 85, 86, 87, 88, 89, 90, 91, 92, 93, 94, 95, 96, 97, 98, 99, 100, 101, 102, 103, 104, 105, 106, 107, 108, 109, 110, 111, 112, 113, 114, 115]}

MSE - mean: 3591044.93439
MSE - std: 243157.17381
R2 - mean: 0.56186
R2 - std: 0.00643

Train time: 65.665188
Test time: 0.765281

---------------------------------------
2025-06-19 21:35:34.588034
Parameters: {'learning_rate': 0.001, 'max_depth': 10, 'l2_leaf_reg': 1.0, 'iterations': 100, 'od_type': 'Iter', 'od_wait': 20, 'verbose': 100, 'train_dir': 'output/CatBoost/Allstate_Claims/catboost_info', 'cat_features': [0, 1, 2, 3, 4, 5, 6, 7, 8, 9, 10, 11, 12, 13, 14, 15, 16, 17, 18, 19, 20, 21, 22, 23, 24, 25, 26, 27, 28, 29, 30, 31, 32, 33, 34, 35, 36, 37, 38, 39, 40, 41, 42, 43, 44, 45, 46, 47, 48, 49, 50, 51, 52, 53, 54, 55, 56, 57, 58, 59, 60, 61, 62, 63, 64, 65, 66, 67, 68, 69, 70, 71, 72, 73, 74, 75, 76, 77, 78, 79, 80, 81, 82, 83, 84, 85, 86, 87, 88, 89, 90, 91, 92, 93, 94, 95, 96, 97, 98, 99, 100, 101, 102, 103, 104, 105, 106, 107, 108, 109, 110, 111, 112, 113, 114, 115]}

MSE - mean: 7559125.68099
MSE - std: 477547.92540
R2 - mean: 0.07752
R2 - std: 0.00209

Train time: 64.861255
Test time: 0.717519

---------------------------------------
2025-06-19 21:36:42.101960
Parameters: {'learning_rate': 0.01, 'max_depth': 2, 'l2_leaf_reg': 1.0, 'iterations': 100, 'od_type': 'Iter', 'od_wait': 20, 'verbose': 100, 'train_dir': 'output/CatBoost/Allstate_Claims/catboost_info', 'cat_features': [0, 1, 2, 3, 4, 5, 6, 7, 8, 9, 10, 11, 12, 13, 14, 15, 16, 17, 18, 19, 20, 21, 22, 23, 24, 25, 26, 27, 28, 29, 30, 31, 32, 33, 34, 35, 36, 37, 38, 39, 40, 41, 42, 43, 44, 45, 46, 47, 48, 49, 50, 51, 52, 53, 54, 55, 56, 57, 58, 59, 60, 61, 62, 63, 64, 65, 66, 67, 68, 69, 70, 71, 72, 73, 74, 75, 76, 77, 78, 79, 80, 81, 82, 83, 84, 85, 86, 87, 88, 89, 90, 91, 92, 93, 94, 95, 96, 97, 98, 99, 100, 101, 102, 103, 104, 105, 106, 107, 108, 109, 110, 111, 112, 113, 114, 115]}

MSE - mean: 5880865.24853
MSE - std: 426533.37676
R2 - mean: 0.28277
R2 - std: 0.00941

Train time: 14.370614
Test time: 0.704400

---------------------------------------
2025-06-19 21:37:52.072719
Parameters: {'learning_rate': 0.2, 'max_depth': 6, 'l2_leaf_reg': 1.0, 'iterations': 100, 'od_type': 'Iter', 'od_wait': 20, 'verbose': 100, 'train_dir': 'output/CatBoost/Allstate_Claims/catboost_info', 'cat_features': [0, 1, 2, 3, 4, 5, 6, 7, 8, 9, 10, 11, 12, 13, 14, 15, 16, 17, 18, 19, 20, 21, 22, 23, 24, 25, 26, 27, 28, 29, 30, 31, 32, 33, 34, 35, 36, 37, 38, 39, 40, 41, 42, 43, 44, 45, 46, 47, 48, 49, 50, 51, 52, 53, 54, 55, 56, 57, 58, 59, 60, 61, 62, 63, 64, 65, 66, 67, 68, 69, 70, 71, 72, 73, 74, 75, 76, 77, 78, 79, 80, 81, 82, 83, 84, 85, 86, 87, 88, 89, 90, 91, 92, 93, 94, 95, 96, 97, 98, 99, 100, 101, 102, 103, 104, 105, 106, 107, 108, 109, 110, 111, 112, 113, 114, 115]}

MSE - mean: 3595645.17115
MSE - std: 251409.59463
R2 - mean: 0.56133
R2 - std: 0.00933

Train time: 28.538551
Test time: 0.751710

---------------------------------------
2025-06-19 21:38:56.646188
Parameters: {'learning_rate': 0.1, 'max_depth': 2, 'l2_leaf_reg': 0.5, 'iterations': 100, 'od_type': 'Iter', 'od_wait': 20, 'verbose': 100, 'train_dir': 'output/CatBoost/Allstate_Claims/catboost_info', 'cat_features': [0, 1, 2, 3, 4, 5, 6, 7, 8, 9, 10, 11, 12, 13, 14, 15, 16, 17, 18, 19, 20, 21, 22, 23, 24, 25, 26, 27, 28, 29, 30, 31, 32, 33, 34, 35, 36, 37, 38, 39, 40, 41, 42, 43, 44, 45, 46, 47, 48, 49, 50, 51, 52, 53, 54, 55, 56, 57, 58, 59, 60, 61, 62, 63, 64, 65, 66, 67, 68, 69, 70, 71, 72, 73, 74, 75, 76, 77, 78, 79, 80, 81, 82, 83, 84, 85, 86, 87, 88, 89, 90, 91, 92, 93, 94, 95, 96, 97, 98, 99, 100, 101, 102, 103, 104, 105, 106, 107, 108, 109, 110, 111, 112, 113, 114, 115]}

MSE - mean: 4115255.29403
MSE - std: 303894.26350
R2 - mean: 0.49810
R2 - std: 0.00918

Train time: 14.469947
Test time: 0.720937

---------------------------------------
2025-06-19 21:41:17.809202
Parameters: {'learning_rate': 0.001, 'max_depth': 12, 'l2_leaf_reg': 5.0, 'iterations': 100, 'od_type': 'Iter', 'od_wait': 20, 'verbose': 100, 'train_dir': 'output/CatBoost/Allstate_Claims/catboost_info', 'cat_features': [0, 1, 2, 3, 4, 5, 6, 7, 8, 9, 10, 11, 12, 13, 14, 15, 16, 17, 18, 19, 20, 21, 22, 23, 24, 25, 26, 27, 28, 29, 30, 31, 32, 33, 34, 35, 36, 37, 38, 39, 40, 41, 42, 43, 44, 45, 46, 47, 48, 49, 50, 51, 52, 53, 54, 55, 56, 57, 58, 59, 60, 61, 62, 63, 64, 65, 66, 67, 68, 69, 70, 71, 72, 73, 74, 75, 76, 77, 78, 79, 80, 81, 82, 83, 84, 85, 86, 87, 88, 89, 90, 91, 92, 93, 94, 95, 96, 97, 98, 99, 100, 101, 102, 103, 104, 105, 106, 107, 108, 109, 110, 111, 112, 113, 114, 115]}

MSE - mean: 7602940.12042
MSE - std: 481769.60143
R2 - mean: 0.07219
R2 - std: 0.00212

Train time: 124.586001
Test time: 0.735425

---------------------------------------
2025-06-19 21:42:52.364551
Parameters: {'learning_rate': 0.001, 'max_depth': 10, 'l2_leaf_reg': 10.0, 'iterations': 100, 'od_type': 'Iter', 'od_wait': 20, 'verbose': 100, 'train_dir': 'output/CatBoost/Allstate_Claims/catboost_info', 'cat_features': [0, 1, 2, 3, 4, 5, 6, 7, 8, 9, 10, 11, 12, 13, 14, 15, 16, 17, 18, 19, 20, 21, 22, 23, 24, 25, 26, 27, 28, 29, 30, 31, 32, 33, 34, 35, 36, 37, 38, 39, 40, 41, 42, 43, 44, 45, 46, 47, 48, 49, 50, 51, 52, 53, 54, 55, 56, 57, 58, 59, 60, 61, 62, 63, 64, 65, 66, 67, 68, 69, 70, 71, 72, 73, 74, 75, 76, 77, 78, 79, 80, 81, 82, 83, 84, 85, 86, 87, 88, 89, 90, 91, 92, 93, 94, 95, 96, 97, 98, 99, 100, 101, 102, 103, 104, 105, 106, 107, 108, 109, 110, 111, 112, 113, 114, 115]}

MSE - mean: 7610273.24754
MSE - std: 482358.34067
R2 - mean: 0.07129
R2 - std: 0.00218

Train time: 63.297229
Test time: 0.714945

---------------------------------------
2025-06-19 21:45:17.130317
Parameters: {'learning_rate': 0.001, 'max_depth': 12, 'l2_leaf_reg': 0.5, 'iterations': 100, 'od_type': 'Iter', 'od_wait': 20, 'verbose': 100, 'train_dir': 'output/CatBoost/Allstate_Claims/catboost_info', 'cat_features': [0, 1, 2, 3, 4, 5, 6, 7, 8, 9, 10, 11, 12, 13, 14, 15, 16, 17, 18, 19, 20, 21, 22, 23, 24, 25, 26, 27, 28, 29, 30, 31, 32, 33, 34, 35, 36, 37, 38, 39, 40, 41, 42, 43, 44, 45, 46, 47, 48, 49, 50, 51, 52, 53, 54, 55, 56, 57, 58, 59, 60, 61, 62, 63, 64, 65, 66, 67, 68, 69, 70, 71, 72, 73, 74, 75, 76, 77, 78, 79, 80, 81, 82, 83, 84, 85, 86, 87, 88, 89, 90, 91, 92, 93, 94, 95, 96, 97, 98, 99, 100, 101, 102, 103, 104, 105, 106, 107, 108, 109, 110, 111, 112, 113, 114, 115]}

MSE - mean: 7573785.89212
MSE - std: 480246.73778
R2 - mean: 0.07575
R2 - std: 0.00233

Train time: 134.030969
Test time: 0.729304

---------------------------------------
2025-06-19 21:47:31.460148
Parameters: {'learning_rate': 0.1, 'max_depth': 12, 'l2_leaf_reg': 10.0, 'iterations': 100, 'od_type': 'Iter', 'od_wait': 20, 'verbose': 100, 'train_dir': 'output/CatBoost/Allstate_Claims/catboost_info', 'cat_features': [0, 1, 2, 3, 4, 5, 6, 7, 8, 9, 10, 11, 12, 13, 14, 15, 16, 17, 18, 19, 20, 21, 22, 23, 24, 25, 26, 27, 28, 29, 30, 31, 32, 33, 34, 35, 36, 37, 38, 39, 40, 41, 42, 43, 44, 45, 46, 47, 48, 49, 50, 51, 52, 53, 54, 55, 56, 57, 58, 59, 60, 61, 62, 63, 64, 65, 66, 67, 68, 69, 70, 71, 72, 73, 74, 75, 76, 77, 78, 79, 80, 81, 82, 83, 84, 85, 86, 87, 88, 89, 90, 91, 92, 93, 94, 95, 96, 97, 98, 99, 100, 101, 102, 103, 104, 105, 106, 107, 108, 109, 110, 111, 112, 113, 114, 115]}

MSE - mean: 3731736.48308
MSE - std: 256572.20862
R2 - mean: 0.54471
R2 - std: 0.00869

Train time: 116.836072
Test time: 0.741746

---------------------------------------
2025-06-19 21:48:42.381369
Parameters: {'learning_rate': 0.01, 'max_depth': 6, 'l2_leaf_reg': 5.0, 'iterations': 100, 'od_type': 'Iter', 'od_wait': 20, 'verbose': 100, 'train_dir': 'output/CatBoost/Allstate_Claims/catboost_info', 'cat_features': [0, 1, 2, 3, 4, 5, 6, 7, 8, 9, 10, 11, 12, 13, 14, 15, 16, 17, 18, 19, 20, 21, 22, 23, 24, 25, 26, 27, 28, 29, 30, 31, 32, 33, 34, 35, 36, 37, 38, 39, 40, 41, 42, 43, 44, 45, 46, 47, 48, 49, 50, 51, 52, 53, 54, 55, 56, 57, 58, 59, 60, 61, 62, 63, 64, 65, 66, 67, 68, 69, 70, 71, 72, 73, 74, 75, 76, 77, 78, 79, 80, 81, 82, 83, 84, 85, 86, 87, 88, 89, 90, 91, 92, 93, 94, 95, 96, 97, 98, 99, 100, 101, 102, 103, 104, 105, 106, 107, 108, 109, 110, 111, 112, 113, 114, 115]}

MSE - mean: 5125191.99196
MSE - std: 369625.47299
R2 - mean: 0.37489
R2 - std: 0.00874

Train time: 28.996900
Test time: 0.689140

---------------------------------------
2025-06-19 21:49:45.459496
Parameters: {'learning_rate': 0.1, 'max_depth': 2, 'l2_leaf_reg': 5.0, 'iterations': 100, 'od_type': 'Iter', 'od_wait': 20, 'verbose': 100, 'train_dir': 'output/CatBoost/Allstate_Claims/catboost_info', 'cat_features': [0, 1, 2, 3, 4, 5, 6, 7, 8, 9, 10, 11, 12, 13, 14, 15, 16, 17, 18, 19, 20, 21, 22, 23, 24, 25, 26, 27, 28, 29, 30, 31, 32, 33, 34, 35, 36, 37, 38, 39, 40, 41, 42, 43, 44, 45, 46, 47, 48, 49, 50, 51, 52, 53, 54, 55, 56, 57, 58, 59, 60, 61, 62, 63, 64, 65, 66, 67, 68, 69, 70, 71, 72, 73, 74, 75, 76, 77, 78, 79, 80, 81, 82, 83, 84, 85, 86, 87, 88, 89, 90, 91, 92, 93, 94, 95, 96, 97, 98, 99, 100, 101, 102, 103, 104, 105, 106, 107, 108, 109, 110, 111, 112, 113, 114, 115]}

MSE - mean: 4126701.05934
MSE - std: 311589.35145
R2 - mean: 0.49675
R2 - std: 0.01021

Train time: 14.316365
Test time: 0.696641

---------------------------------------
2025-06-19 21:51:22.337134
Parameters: {'learning_rate': 0.01, 'max_depth': 10, 'l2_leaf_reg': 0.5, 'iterations': 100, 'od_type': 'Iter', 'od_wait': 20, 'verbose': 100, 'train_dir': 'output/CatBoost/Allstate_Claims/catboost_info', 'cat_features': [0, 1, 2, 3, 4, 5, 6, 7, 8, 9, 10, 11, 12, 13, 14, 15, 16, 17, 18, 19, 20, 21, 22, 23, 24, 25, 26, 27, 28, 29, 30, 31, 32, 33, 34, 35, 36, 37, 38, 39, 40, 41, 42, 43, 44, 45, 46, 47, 48, 49, 50, 51, 52, 53, 54, 55, 56, 57, 58, 59, 60, 61, 62, 63, 64, 65, 66, 67, 68, 69, 70, 71, 72, 73, 74, 75, 76, 77, 78, 79, 80, 81, 82, 83, 84, 85, 86, 87, 88, 89, 90, 91, 92, 93, 94, 95, 96, 97, 98, 99, 100, 101, 102, 103, 104, 105, 106, 107, 108, 109, 110, 111, 112, 113, 114, 115]}

MSE - mean: 4867737.30490
MSE - std: 358004.09122
R2 - mean: 0.40634
R2 - std: 0.00927

Train time: 65.718812
Test time: 0.748208

---------------------------------------
2025-06-19 21:53:37.444646
Parameters: {'learning_rate': 0.3, 'max_depth': 12, 'l2_leaf_reg': 30.0, 'iterations': 100, 'od_type': 'Iter', 'od_wait': 20, 'verbose': 100, 'train_dir': 'output/CatBoost/Allstate_Claims/catboost_info', 'cat_features': [0, 1, 2, 3, 4, 5, 6, 7, 8, 9, 10, 11, 12, 13, 14, 15, 16, 17, 18, 19, 20, 21, 22, 23, 24, 25, 26, 27, 28, 29, 30, 31, 32, 33, 34, 35, 36, 37, 38, 39, 40, 41, 42, 43, 44, 45, 46, 47, 48, 49, 50, 51, 52, 53, 54, 55, 56, 57, 58, 59, 60, 61, 62, 63, 64, 65, 66, 67, 68, 69, 70, 71, 72, 73, 74, 75, 76, 77, 78, 79, 80, 81, 82, 83, 84, 85, 86, 87, 88, 89, 90, 91, 92, 93, 94, 95, 96, 97, 98, 99, 100, 101, 102, 103, 104, 105, 106, 107, 108, 109, 110, 111, 112, 113, 114, 115]}

MSE - mean: 3676806.48814
MSE - std: 253967.13529
R2 - mean: 0.55141
R2 - std: 0.00861

Train time: 119.034799
Test time: 0.741070

---------------------------------------
2025-06-19 21:55:08.049458
Parameters: {'learning_rate': 0.001, 'max_depth': 10, 'l2_leaf_reg': 30.0, 'iterations': 100, 'od_type': 'Iter', 'od_wait': 20, 'verbose': 100, 'train_dir': 'output/CatBoost/Allstate_Claims/catboost_info', 'cat_features': [0, 1, 2, 3, 4, 5, 6, 7, 8, 9, 10, 11, 12, 13, 14, 15, 16, 17, 18, 19, 20, 21, 22, 23, 24, 25, 26, 27, 28, 29, 30, 31, 32, 33, 34, 35, 36, 37, 38, 39, 40, 41, 42, 43, 44, 45, 46, 47, 48, 49, 50, 51, 52, 53, 54, 55, 56, 57, 58, 59, 60, 61, 62, 63, 64, 65, 66, 67, 68, 69, 70, 71, 72, 73, 74, 75, 76, 77, 78, 79, 80, 81, 82, 83, 84, 85, 86, 87, 88, 89, 90, 91, 92, 93, 94, 95, 96, 97, 98, 99, 100, 101, 102, 103, 104, 105, 106, 107, 108, 109, 110, 111, 112, 113, 114, 115]}

MSE - mean: 7652341.68072
MSE - std: 484182.21336
R2 - mean: 0.06615
R2 - std: 0.00207

Train time: 58.952623
Test time: 0.719730

---------------------------------------
2025-06-19 21:56:19.641821
Parameters: {'learning_rate': 0.3, 'max_depth': 2, 'l2_leaf_reg': 10.0, 'iterations': 100, 'od_type': 'Iter', 'od_wait': 20, 'verbose': 100, 'train_dir': 'output/CatBoost/Allstate_Claims/catboost_info', 'cat_features': [0, 1, 2, 3, 4, 5, 6, 7, 8, 9, 10, 11, 12, 13, 14, 15, 16, 17, 18, 19, 20, 21, 22, 23, 24, 25, 26, 27, 28, 29, 30, 31, 32, 33, 34, 35, 36, 37, 38, 39, 40, 41, 42, 43, 44, 45, 46, 47, 48, 49, 50, 51, 52, 53, 54, 55, 56, 57, 58, 59, 60, 61, 62, 63, 64, 65, 66, 67, 68, 69, 70, 71, 72, 73, 74, 75, 76, 77, 78, 79, 80, 81, 82, 83, 84, 85, 86, 87, 88, 89, 90, 91, 92, 93, 94, 95, 96, 97, 98, 99, 100, 101, 102, 103, 104, 105, 106, 107, 108, 109, 110, 111, 112, 113, 114, 115]}

MSE - mean: 3851847.44687
MSE - std: 279121.66650
R2 - mean: 0.53018
R2 - std: 0.00891

Train time: 15.356277
Test time: 0.814306

---------------------------------------
2025-06-19 21:57:20.930309
Parameters: {'learning_rate': 0.001, 'max_depth': 2, 'l2_leaf_reg': 10.0, 'iterations': 100, 'od_type': 'Iter', 'od_wait': 20, 'verbose': 100, 'train_dir': 'output/CatBoost/Allstate_Claims/catboost_info', 'cat_features': [0, 1, 2, 3, 4, 5, 6, 7, 8, 9, 10, 11, 12, 13, 14, 15, 16, 17, 18, 19, 20, 21, 22, 23, 24, 25, 26, 27, 28, 29, 30, 31, 32, 33, 34, 35, 36, 37, 38, 39, 40, 41, 42, 43, 44, 45, 46, 47, 48, 49, 50, 51, 52, 53, 54, 55, 56, 57, 58, 59, 60, 61, 62, 63, 64, 65, 66, 67, 68, 69, 70, 71, 72, 73, 74, 75, 76, 77, 78, 79, 80, 81, 82, 83, 84, 85, 86, 87, 88, 89, 90, 91, 92, 93, 94, 95, 96, 97, 98, 99, 100, 101, 102, 103, 104, 105, 106, 107, 108, 109, 110, 111, 112, 113, 114, 115]}

MSE - mean: 7768906.17935
MSE - std: 488320.49086
R2 - mean: 0.05190
R2 - std: 0.00158

Train time: 14.296491
Test time: 0.671572

---------------------------------------
2025-06-19 21:58:28.824855
Parameters: {'learning_rate': 0.001, 'max_depth': 2, 'l2_leaf_reg': 30.0, 'iterations': 100, 'od_type': 'Iter', 'od_wait': 20, 'verbose': 100, 'train_dir': 'output/CatBoost/Allstate_Claims/catboost_info', 'cat_features': [0, 1, 2, 3, 4, 5, 6, 7, 8, 9, 10, 11, 12, 13, 14, 15, 16, 17, 18, 19, 20, 21, 22, 23, 24, 25, 26, 27, 28, 29, 30, 31, 32, 33, 34, 35, 36, 37, 38, 39, 40, 41, 42, 43, 44, 45, 46, 47, 48, 49, 50, 51, 52, 53, 54, 55, 56, 57, 58, 59, 60, 61, 62, 63, 64, 65, 66, 67, 68, 69, 70, 71, 72, 73, 74, 75, 76, 77, 78, 79, 80, 81, 82, 83, 84, 85, 86, 87, 88, 89, 90, 91, 92, 93, 94, 95, 96, 97, 98, 99, 100, 101, 102, 103, 104, 105, 106, 107, 108, 109, 110, 111, 112, 113, 114, 115]}

MSE - mean: 7772032.55710
MSE - std: 488313.63673
R2 - mean: 0.05152
R2 - std: 0.00156

Train time: 14.927406
Test time: 0.770063

---------------------------------------
2025-06-19 22:00:00.341188
Parameters: {'learning_rate': 0.1, 'max_depth': 10, 'l2_leaf_reg': 30.0, 'iterations': 100, 'od_type': 'Iter', 'od_wait': 20, 'verbose': 100, 'train_dir': 'output/CatBoost/Allstate_Claims/catboost_info', 'cat_features': [0, 1, 2, 3, 4, 5, 6, 7, 8, 9, 10, 11, 12, 13, 14, 15, 16, 17, 18, 19, 20, 21, 22, 23, 24, 25, 26, 27, 28, 29, 30, 31, 32, 33, 34, 35, 36, 37, 38, 39, 40, 41, 42, 43, 44, 45, 46, 47, 48, 49, 50, 51, 52, 53, 54, 55, 56, 57, 58, 59, 60, 61, 62, 63, 64, 65, 66, 67, 68, 69, 70, 71, 72, 73, 74, 75, 76, 77, 78, 79, 80, 81, 82, 83, 84, 85, 86, 87, 88, 89, 90, 91, 92, 93, 94, 95, 96, 97, 98, 99, 100, 101, 102, 103, 104, 105, 106, 107, 108, 109, 110, 111, 112, 113, 114, 115]}

MSE - mean: 3788834.63917
MSE - std: 289329.92001
R2 - mean: 0.53793
R2 - std: 0.01193

Train time: 57.474298
Test time: 0.755698

---------------------------------------
2025-06-19 22:01:13.704136
Parameters: {'learning_rate': 0.1, 'max_depth': 2, 'l2_leaf_reg': 10.0, 'iterations': 100, 'od_type': 'Iter', 'od_wait': 20, 'verbose': 100, 'train_dir': 'output/CatBoost/Allstate_Claims/catboost_info', 'cat_features': [0, 1, 2, 3, 4, 5, 6, 7, 8, 9, 10, 11, 12, 13, 14, 15, 16, 17, 18, 19, 20, 21, 22, 23, 24, 25, 26, 27, 28, 29, 30, 31, 32, 33, 34, 35, 36, 37, 38, 39, 40, 41, 42, 43, 44, 45, 46, 47, 48, 49, 50, 51, 52, 53, 54, 55, 56, 57, 58, 59, 60, 61, 62, 63, 64, 65, 66, 67, 68, 69, 70, 71, 72, 73, 74, 75, 76, 77, 78, 79, 80, 81, 82, 83, 84, 85, 86, 87, 88, 89, 90, 91, 92, 93, 94, 95, 96, 97, 98, 99, 100, 101, 102, 103, 104, 105, 106, 107, 108, 109, 110, 111, 112, 113, 114, 115]}

MSE - mean: 4141365.35028
MSE - std: 309583.83259
R2 - mean: 0.49494
R2 - std: 0.00990

Train time: 15.756317
Test time: 0.831026

---------------------------------------
2025-06-19 22:03:39.293629
Parameters: {'learning_rate': 0.1, 'max_depth': 12, 'l2_leaf_reg': 5.0, 'iterations': 100, 'od_type': 'Iter', 'od_wait': 20, 'verbose': 100, 'train_dir': 'output/CatBoost/Allstate_Claims/catboost_info', 'cat_features': [0, 1, 2, 3, 4, 5, 6, 7, 8, 9, 10, 11, 12, 13, 14, 15, 16, 17, 18, 19, 20, 21, 22, 23, 24, 25, 26, 27, 28, 29, 30, 31, 32, 33, 34, 35, 36, 37, 38, 39, 40, 41, 42, 43, 44, 45, 46, 47, 48, 49, 50, 51, 52, 53, 54, 55, 56, 57, 58, 59, 60, 61, 62, 63, 64, 65, 66, 67, 68, 69, 70, 71, 72, 73, 74, 75, 76, 77, 78, 79, 80, 81, 82, 83, 84, 85, 86, 87, 88, 89, 90, 91, 92, 93, 94, 95, 96, 97, 98, 99, 100, 101, 102, 103, 104, 105, 106, 107, 108, 109, 110, 111, 112, 113, 114, 115]}

MSE - mean: 3693252.39473
MSE - std: 253770.67826
R2 - mean: 0.54939
R2 - std: 0.00937

Train time: 127.451558
Test time: 0.835607

---------------------------------------
2025-06-19 22:06:07.495104
Parameters: {'learning_rate': 0.01, 'max_depth': 12, 'l2_leaf_reg': 1.0, 'iterations': 100, 'od_type': 'Iter', 'od_wait': 20, 'verbose': 100, 'train_dir': 'output/CatBoost/Allstate_Claims/catboost_info', 'cat_features': [0, 1, 2, 3, 4, 5, 6, 7, 8, 9, 10, 11, 12, 13, 14, 15, 16, 17, 18, 19, 20, 21, 22, 23, 24, 25, 26, 27, 28, 29, 30, 31, 32, 33, 34, 35, 36, 37, 38, 39, 40, 41, 42, 43, 44, 45, 46, 47, 48, 49, 50, 51, 52, 53, 54, 55, 56, 57, 58, 59, 60, 61, 62, 63, 64, 65, 66, 67, 68, 69, 70, 71, 72, 73, 74, 75, 76, 77, 78, 79, 80, 81, 82, 83, 84, 85, 86, 87, 88, 89, 90, 91, 92, 93, 94, 95, 96, 97, 98, 99, 100, 101, 102, 103, 104, 105, 106, 107, 108, 109, 110, 111, 112, 113, 114, 115]}

MSE - mean: 4982819.81774
MSE - std: 369272.51761
R2 - mean: 0.39233
R2 - std: 0.00963

Train time: 131.624520
Test time: 0.780280

---------------------------------------
2025-06-19 22:07:43.142535
Parameters: {'learning_rate': 0.3, 'max_depth': 10, 'l2_leaf_reg': 0.5, 'iterations': 100, 'od_type': 'Iter', 'od_wait': 20, 'verbose': 100, 'train_dir': 'output/CatBoost/Allstate_Claims/catboost_info', 'cat_features': [0, 1, 2, 3, 4, 5, 6, 7, 8, 9, 10, 11, 12, 13, 14, 15, 16, 17, 18, 19, 20, 21, 22, 23, 24, 25, 26, 27, 28, 29, 30, 31, 32, 33, 34, 35, 36, 37, 38, 39, 40, 41, 42, 43, 44, 45, 46, 47, 48, 49, 50, 51, 52, 53, 54, 55, 56, 57, 58, 59, 60, 61, 62, 63, 64, 65, 66, 67, 68, 69, 70, 71, 72, 73, 74, 75, 76, 77, 78, 79, 80, 81, 82, 83, 84, 85, 86, 87, 88, 89, 90, 91, 92, 93, 94, 95, 96, 97, 98, 99, 100, 101, 102, 103, 104, 105, 106, 107, 108, 109, 110, 111, 112, 113, 114, 115]}

MSE - mean: 3671354.58217
MSE - std: 249721.91100
R2 - mean: 0.55207
R2 - std: 0.00772

Train time: 65.579892
Test time: 0.731625

---------------------------------------
2025-06-19 22:08:51.423597
Parameters: {'learning_rate': 0.3, 'max_depth': 2, 'l2_leaf_reg': 5.0, 'iterations': 100, 'od_type': 'Iter', 'od_wait': 20, 'verbose': 100, 'train_dir': 'output/CatBoost/Allstate_Claims/catboost_info', 'cat_features': [0, 1, 2, 3, 4, 5, 6, 7, 8, 9, 10, 11, 12, 13, 14, 15, 16, 17, 18, 19, 20, 21, 22, 23, 24, 25, 26, 27, 28, 29, 30, 31, 32, 33, 34, 35, 36, 37, 38, 39, 40, 41, 42, 43, 44, 45, 46, 47, 48, 49, 50, 51, 52, 53, 54, 55, 56, 57, 58, 59, 60, 61, 62, 63, 64, 65, 66, 67, 68, 69, 70, 71, 72, 73, 74, 75, 76, 77, 78, 79, 80, 81, 82, 83, 84, 85, 86, 87, 88, 89, 90, 91, 92, 93, 94, 95, 96, 97, 98, 99, 100, 101, 102, 103, 104, 105, 106, 107, 108, 109, 110, 111, 112, 113, 114, 115]}

MSE - mean: 3836078.56448
MSE - std: 284726.01088
R2 - mean: 0.53214
R2 - std: 0.01005

Train time: 14.870572
Test time: 0.767172

---------------------------------------
2025-06-19 22:11:05.309034
Parameters: {'learning_rate': 0.001, 'max_depth': 12, 'l2_leaf_reg': 10.0, 'iterations': 100, 'od_type': 'Iter', 'od_wait': 20, 'verbose': 100, 'train_dir': 'output/CatBoost/Allstate_Claims/catboost_info', 'cat_features': [0, 1, 2, 3, 4, 5, 6, 7, 8, 9, 10, 11, 12, 13, 14, 15, 16, 17, 18, 19, 20, 21, 22, 23, 24, 25, 26, 27, 28, 29, 30, 31, 32, 33, 34, 35, 36, 37, 38, 39, 40, 41, 42, 43, 44, 45, 46, 47, 48, 49, 50, 51, 52, 53, 54, 55, 56, 57, 58, 59, 60, 61, 62, 63, 64, 65, 66, 67, 68, 69, 70, 71, 72, 73, 74, 75, 76, 77, 78, 79, 80, 81, 82, 83, 84, 85, 86, 87, 88, 89, 90, 91, 92, 93, 94, 95, 96, 97, 98, 99, 100, 101, 102, 103, 104, 105, 106, 107, 108, 109, 110, 111, 112, 113, 114, 115]}

MSE - mean: 7613639.73289
MSE - std: 483294.72568
R2 - mean: 0.07089
R2 - std: 0.00224

Train time: 113.512570
Test time: 0.761287

---------------------------------------
2025-06-19 22:12:46.202453
Parameters: {'learning_rate': 0.2, 'max_depth': 10, 'l2_leaf_reg': 10.0, 'iterations': 100, 'od_type': 'Iter', 'od_wait': 20, 'verbose': 100, 'train_dir': 'output/CatBoost/Allstate_Claims/catboost_info', 'cat_features': [0, 1, 2, 3, 4, 5, 6, 7, 8, 9, 10, 11, 12, 13, 14, 15, 16, 17, 18, 19, 20, 21, 22, 23, 24, 25, 26, 27, 28, 29, 30, 31, 32, 33, 34, 35, 36, 37, 38, 39, 40, 41, 42, 43, 44, 45, 46, 47, 48, 49, 50, 51, 52, 53, 54, 55, 56, 57, 58, 59, 60, 61, 62, 63, 64, 65, 66, 67, 68, 69, 70, 71, 72, 73, 74, 75, 76, 77, 78, 79, 80, 81, 82, 83, 84, 85, 86, 87, 88, 89, 90, 91, 92, 93, 94, 95, 96, 97, 98, 99, 100, 101, 102, 103, 104, 105, 106, 107, 108, 109, 110, 111, 112, 113, 114, 115]}

MSE - mean: 3628061.27009
MSE - std: 233997.49186
R2 - mean: 0.55721
R2 - std: 0.00890

Train time: 66.273036
Test time: 0.816264

---------------------------------------
2025-06-19 22:13:57.893057
Parameters: {'learning_rate': 0.001, 'max_depth': 6, 'l2_leaf_reg': 0.5, 'iterations': 100, 'od_type': 'Iter', 'od_wait': 20, 'verbose': 100, 'train_dir': 'output/CatBoost/Allstate_Claims/catboost_info', 'cat_features': [0, 1, 2, 3, 4, 5, 6, 7, 8, 9, 10, 11, 12, 13, 14, 15, 16, 17, 18, 19, 20, 21, 22, 23, 24, 25, 26, 27, 28, 29, 30, 31, 32, 33, 34, 35, 36, 37, 38, 39, 40, 41, 42, 43, 44, 45, 46, 47, 48, 49, 50, 51, 52, 53, 54, 55, 56, 57, 58, 59, 60, 61, 62, 63, 64, 65, 66, 67, 68, 69, 70, 71, 72, 73, 74, 75, 76, 77, 78, 79, 80, 81, 82, 83, 84, 85, 86, 87, 88, 89, 90, 91, 92, 93, 94, 95, 96, 97, 98, 99, 100, 101, 102, 103, 104, 105, 106, 107, 108, 109, 110, 111, 112, 113, 114, 115]}

MSE - mean: 7590651.76563
MSE - std: 478932.47640
R2 - mean: 0.07367
R2 - std: 0.00195

Train time: 28.336291
Test time: 0.680456

---------------------------------------
2025-06-19 22:15:16.312132
Parameters: {'learning_rate': 0.001, 'max_depth': 6, 'l2_leaf_reg': 10.0, 'iterations': 100, 'od_type': 'Iter', 'od_wait': 20, 'verbose': 100, 'train_dir': 'output/CatBoost/Allstate_Claims/catboost_info', 'cat_features': [0, 1, 2, 3, 4, 5, 6, 7, 8, 9, 10, 11, 12, 13, 14, 15, 16, 17, 18, 19, 20, 21, 22, 23, 24, 25, 26, 27, 28, 29, 30, 31, 32, 33, 34, 35, 36, 37, 38, 39, 40, 41, 42, 43, 44, 45, 46, 47, 48, 49, 50, 51, 52, 53, 54, 55, 56, 57, 58, 59, 60, 61, 62, 63, 64, 65, 66, 67, 68, 69, 70, 71, 72, 73, 74, 75, 76, 77, 78, 79, 80, 81, 82, 83, 84, 85, 86, 87, 88, 89, 90, 91, 92, 93, 94, 95, 96, 97, 98, 99, 100, 101, 102, 103, 104, 105, 106, 107, 108, 109, 110, 111, 112, 113, 114, 115]}

MSE - mean: 7618931.64573
MSE - std: 480932.77442
R2 - mean: 0.07022
R2 - std: 0.00193

Train time: 31.003912
Test time: 0.761062

---------------------------------------
2025-06-19 22:16:56.713475
Parameters: {'learning_rate': 0.001, 'max_depth': 10, 'l2_leaf_reg': 5.0, 'iterations': 100, 'od_type': 'Iter', 'od_wait': 20, 'verbose': 100, 'train_dir': 'output/CatBoost/Allstate_Claims/catboost_info', 'cat_features': [0, 1, 2, 3, 4, 5, 6, 7, 8, 9, 10, 11, 12, 13, 14, 15, 16, 17, 18, 19, 20, 21, 22, 23, 24, 25, 26, 27, 28, 29, 30, 31, 32, 33, 34, 35, 36, 37, 38, 39, 40, 41, 42, 43, 44, 45, 46, 47, 48, 49, 50, 51, 52, 53, 54, 55, 56, 57, 58, 59, 60, 61, 62, 63, 64, 65, 66, 67, 68, 69, 70, 71, 72, 73, 74, 75, 76, 77, 78, 79, 80, 81, 82, 83, 84, 85, 86, 87, 88, 89, 90, 91, 92, 93, 94, 95, 96, 97, 98, 99, 100, 101, 102, 103, 104, 105, 106, 107, 108, 109, 110, 111, 112, 113, 114, 115]}

MSE - mean: 7592218.16990
MSE - std: 481624.53038
R2 - mean: 0.07350
R2 - std: 0.00229

Train time: 67.358857
Test time: 0.796721

---------------------------------------
2025-06-19 22:18:07.976912
Parameters: {'learning_rate': 0.001, 'max_depth': 6, 'l2_leaf_reg': 5.0, 'iterations': 100, 'od_type': 'Iter', 'od_wait': 20, 'verbose': 100, 'train_dir': 'output/CatBoost/Allstate_Claims/catboost_info', 'cat_features': [0, 1, 2, 3, 4, 5, 6, 7, 8, 9, 10, 11, 12, 13, 14, 15, 16, 17, 18, 19, 20, 21, 22, 23, 24, 25, 26, 27, 28, 29, 30, 31, 32, 33, 34, 35, 36, 37, 38, 39, 40, 41, 42, 43, 44, 45, 46, 47, 48, 49, 50, 51, 52, 53, 54, 55, 56, 57, 58, 59, 60, 61, 62, 63, 64, 65, 66, 67, 68, 69, 70, 71, 72, 73, 74, 75, 76, 77, 78, 79, 80, 81, 82, 83, 84, 85, 86, 87, 88, 89, 90, 91, 92, 93, 94, 95, 96, 97, 98, 99, 100, 101, 102, 103, 104, 105, 106, 107, 108, 109, 110, 111, 112, 113, 114, 115]}

MSE - mean: 7605742.28977
MSE - std: 479284.95232
R2 - mean: 0.07182
R2 - std: 0.00188

Train time: 28.590386
Test time: 0.681635

---------------------------------------
2025-06-19 22:19:11.770414
Parameters: {'learning_rate': 0.01, 'max_depth': 2, 'l2_leaf_reg': 0.5, 'iterations': 100, 'od_type': 'Iter', 'od_wait': 20, 'verbose': 100, 'train_dir': 'output/CatBoost/Allstate_Claims/catboost_info', 'cat_features': [0, 1, 2, 3, 4, 5, 6, 7, 8, 9, 10, 11, 12, 13, 14, 15, 16, 17, 18, 19, 20, 21, 22, 23, 24, 25, 26, 27, 28, 29, 30, 31, 32, 33, 34, 35, 36, 37, 38, 39, 40, 41, 42, 43, 44, 45, 46, 47, 48, 49, 50, 51, 52, 53, 54, 55, 56, 57, 58, 59, 60, 61, 62, 63, 64, 65, 66, 67, 68, 69, 70, 71, 72, 73, 74, 75, 76, 77, 78, 79, 80, 81, 82, 83, 84, 85, 86, 87, 88, 89, 90, 91, 92, 93, 94, 95, 96, 97, 98, 99, 100, 101, 102, 103, 104, 105, 106, 107, 108, 109, 110, 111, 112, 113, 114, 115]}

MSE - mean: 5881425.51222
MSE - std: 426868.88459
R2 - mean: 0.28270
R2 - std: 0.00947

Train time: 14.390600
Test time: 0.690454

---------------------------------------
2025-06-19 22:21:36.612558
Parameters: {'learning_rate': 0.2, 'max_depth': 12, 'l2_leaf_reg': 0.5, 'iterations': 100, 'od_type': 'Iter', 'od_wait': 20, 'verbose': 100, 'train_dir': 'output/CatBoost/Allstate_Claims/catboost_info', 'cat_features': [0, 1, 2, 3, 4, 5, 6, 7, 8, 9, 10, 11, 12, 13, 14, 15, 16, 17, 18, 19, 20, 21, 22, 23, 24, 25, 26, 27, 28, 29, 30, 31, 32, 33, 34, 35, 36, 37, 38, 39, 40, 41, 42, 43, 44, 45, 46, 47, 48, 49, 50, 51, 52, 53, 54, 55, 56, 57, 58, 59, 60, 61, 62, 63, 64, 65, 66, 67, 68, 69, 70, 71, 72, 73, 74, 75, 76, 77, 78, 79, 80, 81, 82, 83, 84, 85, 86, 87, 88, 89, 90, 91, 92, 93, 94, 95, 96, 97, 98, 99, 100, 101, 102, 103, 104, 105, 106, 107, 108, 109, 110, 111, 112, 113, 114, 115]}

MSE - mean: 3733462.77422
MSE - std: 229320.15666
R2 - mean: 0.54431
R2 - std: 0.00575

Train time: 128.560056
Test time: 0.805811

---------------------------------------
2025-06-19 22:22:48.500221
Parameters: {'learning_rate': 0.3, 'max_depth': 6, 'l2_leaf_reg': 0.5, 'iterations': 100, 'od_type': 'Iter', 'od_wait': 20, 'verbose': 100, 'train_dir': 'output/CatBoost/Allstate_Claims/catboost_info', 'cat_features': [0, 1, 2, 3, 4, 5, 6, 7, 8, 9, 10, 11, 12, 13, 14, 15, 16, 17, 18, 19, 20, 21, 22, 23, 24, 25, 26, 27, 28, 29, 30, 31, 32, 33, 34, 35, 36, 37, 38, 39, 40, 41, 42, 43, 44, 45, 46, 47, 48, 49, 50, 51, 52, 53, 54, 55, 56, 57, 58, 59, 60, 61, 62, 63, 64, 65, 66, 67, 68, 69, 70, 71, 72, 73, 74, 75, 76, 77, 78, 79, 80, 81, 82, 83, 84, 85, 86, 87, 88, 89, 90, 91, 92, 93, 94, 95, 96, 97, 98, 99, 100, 101, 102, 103, 104, 105, 106, 107, 108, 109, 110, 111, 112, 113, 114, 115]}

MSE - mean: 3610414.28012
MSE - std: 256841.05401
R2 - mean: 0.55959
R2 - std: 0.00741

Train time: 28.235422
Test time: 0.744238

---------------------------------------
2025-06-19 22:23:51.631723
Parameters: {'learning_rate': 0.001, 'max_depth': 2, 'l2_leaf_reg': 5.0, 'iterations': 100, 'od_type': 'Iter', 'od_wait': 20, 'verbose': 100, 'train_dir': 'output/CatBoost/Allstate_Claims/catboost_info', 'cat_features': [0, 1, 2, 3, 4, 5, 6, 7, 8, 9, 10, 11, 12, 13, 14, 15, 16, 17, 18, 19, 20, 21, 22, 23, 24, 25, 26, 27, 28, 29, 30, 31, 32, 33, 34, 35, 36, 37, 38, 39, 40, 41, 42, 43, 44, 45, 46, 47, 48, 49, 50, 51, 52, 53, 54, 55, 56, 57, 58, 59, 60, 61, 62, 63, 64, 65, 66, 67, 68, 69, 70, 71, 72, 73, 74, 75, 76, 77, 78, 79, 80, 81, 82, 83, 84, 85, 86, 87, 88, 89, 90, 91, 92, 93, 94, 95, 96, 97, 98, 99, 100, 101, 102, 103, 104, 105, 106, 107, 108, 109, 110, 111, 112, 113, 114, 115]}

MSE - mean: 7767957.74083
MSE - std: 488321.91793
R2 - mean: 0.05202
R2 - std: 0.00158

Train time: 14.629853
Test time: 0.721481

---------------------------------------
2025-06-19 22:25:26.628941
Parameters: {'learning_rate': 0.3, 'max_depth': 10, 'l2_leaf_reg': 1.0, 'iterations': 100, 'od_type': 'Iter', 'od_wait': 20, 'verbose': 100, 'train_dir': 'output/CatBoost/Allstate_Claims/catboost_info', 'cat_features': [0, 1, 2, 3, 4, 5, 6, 7, 8, 9, 10, 11, 12, 13, 14, 15, 16, 17, 18, 19, 20, 21, 22, 23, 24, 25, 26, 27, 28, 29, 30, 31, 32, 33, 34, 35, 36, 37, 38, 39, 40, 41, 42, 43, 44, 45, 46, 47, 48, 49, 50, 51, 52, 53, 54, 55, 56, 57, 58, 59, 60, 61, 62, 63, 64, 65, 66, 67, 68, 69, 70, 71, 72, 73, 74, 75, 76, 77, 78, 79, 80, 81, 82, 83, 84, 85, 86, 87, 88, 89, 90, 91, 92, 93, 94, 95, 96, 97, 98, 99, 100, 101, 102, 103, 104, 105, 106, 107, 108, 109, 110, 111, 112, 113, 114, 115]}

MSE - mean: 3655194.62122
MSE - std: 237991.88512
R2 - mean: 0.55395
R2 - std: 0.00712

Train time: 62.886017
Test time: 0.755622

---------------------------------------
2025-06-19 22:26:39.768833
Parameters: {'learning_rate': 0.01, 'max_depth': 6, 'l2_leaf_reg': 0.5, 'iterations': 100, 'od_type': 'Iter', 'od_wait': 20, 'verbose': 100, 'train_dir': 'output/CatBoost/Allstate_Claims/catboost_info', 'cat_features': [0, 1, 2, 3, 4, 5, 6, 7, 8, 9, 10, 11, 12, 13, 14, 15, 16, 17, 18, 19, 20, 21, 22, 23, 24, 25, 26, 27, 28, 29, 30, 31, 32, 33, 34, 35, 36, 37, 38, 39, 40, 41, 42, 43, 44, 45, 46, 47, 48, 49, 50, 51, 52, 53, 54, 55, 56, 57, 58, 59, 60, 61, 62, 63, 64, 65, 66, 67, 68, 69, 70, 71, 72, 73, 74, 75, 76, 77, 78, 79, 80, 81, 82, 83, 84, 85, 86, 87, 88, 89, 90, 91, 92, 93, 94, 95, 96, 97, 98, 99, 100, 101, 102, 103, 104, 105, 106, 107, 108, 109, 110, 111, 112, 113, 114, 115]}

MSE - mean: 5091015.61029
MSE - std: 360213.66222
R2 - mean: 0.37900
R2 - std: 0.00831

Train time: 28.629548
Test time: 0.697756

---------------------------------------
2025-06-19 22:28:45.628572
Parameters: {'learning_rate': 0.1, 'max_depth': 12, 'l2_leaf_reg': 30.0, 'iterations': 100, 'od_type': 'Iter', 'od_wait': 20, 'verbose': 100, 'train_dir': 'output/CatBoost/Allstate_Claims/catboost_info', 'cat_features': [0, 1, 2, 3, 4, 5, 6, 7, 8, 9, 10, 11, 12, 13, 14, 15, 16, 17, 18, 19, 20, 21, 22, 23, 24, 25, 26, 27, 28, 29, 30, 31, 32, 33, 34, 35, 36, 37, 38, 39, 40, 41, 42, 43, 44, 45, 46, 47, 48, 49, 50, 51, 52, 53, 54, 55, 56, 57, 58, 59, 60, 61, 62, 63, 64, 65, 66, 67, 68, 69, 70, 71, 72, 73, 74, 75, 76, 77, 78, 79, 80, 81, 82, 83, 84, 85, 86, 87, 88, 89, 90, 91, 92, 93, 94, 95, 96, 97, 98, 99, 100, 101, 102, 103, 104, 105, 106, 107, 108, 109, 110, 111, 112, 113, 114, 115]}

MSE - mean: 3782536.27075
MSE - std: 282879.88315
R2 - mean: 0.53867
R2 - std: 0.01053

Train time: 106.874257
Test time: 0.776297

---------------------------------------
2025-06-19 22:31:09.415728
Parameters: {'learning_rate': 0.3, 'max_depth': 12, 'l2_leaf_reg': 5.0, 'iterations': 100, 'od_type': 'Iter', 'od_wait': 20, 'verbose': 100, 'train_dir': 'output/CatBoost/Allstate_Claims/catboost_info', 'cat_features': [0, 1, 2, 3, 4, 5, 6, 7, 8, 9, 10, 11, 12, 13, 14, 15, 16, 17, 18, 19, 20, 21, 22, 23, 24, 25, 26, 27, 28, 29, 30, 31, 32, 33, 34, 35, 36, 37, 38, 39, 40, 41, 42, 43, 44, 45, 46, 47, 48, 49, 50, 51, 52, 53, 54, 55, 56, 57, 58, 59, 60, 61, 62, 63, 64, 65, 66, 67, 68, 69, 70, 71, 72, 73, 74, 75, 76, 77, 78, 79, 80, 81, 82, 83, 84, 85, 86, 87, 88, 89, 90, 91, 92, 93, 94, 95, 96, 97, 98, 99, 100, 101, 102, 103, 104, 105, 106, 107, 108, 109, 110, 111, 112, 113, 114, 115]}

MSE - mean: 3712958.02368
MSE - std: 239472.88482
R2 - mean: 0.54688
R2 - std: 0.00806

Train time: 128.402578
Test time: 0.787072

---------------------------------------
2025-06-19 22:32:12.244873
Parameters: {'learning_rate': 0.001, 'max_depth': 2, 'l2_leaf_reg': 0.5, 'iterations': 100, 'od_type': 'Iter', 'od_wait': 20, 'verbose': 100, 'train_dir': 'output/CatBoost/Allstate_Claims/catboost_info', 'cat_features': [0, 1, 2, 3, 4, 5, 6, 7, 8, 9, 10, 11, 12, 13, 14, 15, 16, 17, 18, 19, 20, 21, 22, 23, 24, 25, 26, 27, 28, 29, 30, 31, 32, 33, 34, 35, 36, 37, 38, 39, 40, 41, 42, 43, 44, 45, 46, 47, 48, 49, 50, 51, 52, 53, 54, 55, 56, 57, 58, 59, 60, 61, 62, 63, 64, 65, 66, 67, 68, 69, 70, 71, 72, 73, 74, 75, 76, 77, 78, 79, 80, 81, 82, 83, 84, 85, 86, 87, 88, 89, 90, 91, 92, 93, 94, 95, 96, 97, 98, 99, 100, 101, 102, 103, 104, 105, 106, 107, 108, 109, 110, 111, 112, 113, 114, 115]}

MSE - mean: 7767270.07557
MSE - std: 488301.37136
R2 - mean: 0.05210
R2 - std: 0.00159

Train time: 14.616611
Test time: 0.699518

---------------------------------------
2025-06-19 22:33:46.952868
Parameters: {'learning_rate': 0.2, 'max_depth': 10, 'l2_leaf_reg': 1.0, 'iterations': 100, 'od_type': 'Iter', 'od_wait': 20, 'verbose': 100, 'train_dir': 'output/CatBoost/Allstate_Claims/catboost_info', 'cat_features': [0, 1, 2, 3, 4, 5, 6, 7, 8, 9, 10, 11, 12, 13, 14, 15, 16, 17, 18, 19, 20, 21, 22, 23, 24, 25, 26, 27, 28, 29, 30, 31, 32, 33, 34, 35, 36, 37, 38, 39, 40, 41, 42, 43, 44, 45, 46, 47, 48, 49, 50, 51, 52, 53, 54, 55, 56, 57, 58, 59, 60, 61, 62, 63, 64, 65, 66, 67, 68, 69, 70, 71, 72, 73, 74, 75, 76, 77, 78, 79, 80, 81, 82, 83, 84, 85, 86, 87, 88, 89, 90, 91, 92, 93, 94, 95, 96, 97, 98, 99, 100, 101, 102, 103, 104, 105, 106, 107, 108, 109, 110, 111, 112, 113, 114, 115]}

MSE - mean: 3615995.78486
MSE - std: 256125.25844
R2 - mean: 0.55891
R2 - std: 0.00762

Train time: 64.640211
Test time: 0.733621

---------------------------------------
2025-06-19 22:34:49.566937
Parameters: {'learning_rate': 0.1, 'max_depth': 2, 'l2_leaf_reg': 1.0, 'iterations': 100, 'od_type': 'Iter', 'od_wait': 20, 'verbose': 100, 'train_dir': 'output/CatBoost/Allstate_Claims/catboost_info', 'cat_features': [0, 1, 2, 3, 4, 5, 6, 7, 8, 9, 10, 11, 12, 13, 14, 15, 16, 17, 18, 19, 20, 21, 22, 23, 24, 25, 26, 27, 28, 29, 30, 31, 32, 33, 34, 35, 36, 37, 38, 39, 40, 41, 42, 43, 44, 45, 46, 47, 48, 49, 50, 51, 52, 53, 54, 55, 56, 57, 58, 59, 60, 61, 62, 63, 64, 65, 66, 67, 68, 69, 70, 71, 72, 73, 74, 75, 76, 77, 78, 79, 80, 81, 82, 83, 84, 85, 86, 87, 88, 89, 90, 91, 92, 93, 94, 95, 96, 97, 98, 99, 100, 101, 102, 103, 104, 105, 106, 107, 108, 109, 110, 111, 112, 113, 114, 115]}

MSE - mean: 4116027.78479
MSE - std: 302452.95341
R2 - mean: 0.49799
R2 - std: 0.00910

Train time: 14.156082
Test time: 0.683753

---------------------------------------
2025-06-19 22:36:21.583640
Parameters: {'learning_rate': 0.1, 'max_depth': 10, 'l2_leaf_reg': 5.0, 'iterations': 100, 'od_type': 'Iter', 'od_wait': 20, 'verbose': 100, 'train_dir': 'output/CatBoost/Allstate_Claims/catboost_info', 'cat_features': [0, 1, 2, 3, 4, 5, 6, 7, 8, 9, 10, 11, 12, 13, 14, 15, 16, 17, 18, 19, 20, 21, 22, 23, 24, 25, 26, 27, 28, 29, 30, 31, 32, 33, 34, 35, 36, 37, 38, 39, 40, 41, 42, 43, 44, 45, 46, 47, 48, 49, 50, 51, 52, 53, 54, 55, 56, 57, 58, 59, 60, 61, 62, 63, 64, 65, 66, 67, 68, 69, 70, 71, 72, 73, 74, 75, 76, 77, 78, 79, 80, 81, 82, 83, 84, 85, 86, 87, 88, 89, 90, 91, 92, 93, 94, 95, 96, 97, 98, 99, 100, 101, 102, 103, 104, 105, 106, 107, 108, 109, 110, 111, 112, 113, 114, 115]}

MSE - mean: 3637866.35660
MSE - std: 248810.89150
R2 - mean: 0.55616
R2 - std: 0.00782

Train time: 62.249857
Test time: 0.735333

---------------------------------------
2025-06-19 22:38:43.256657
Parameters: {'learning_rate': 0.1, 'max_depth': 12, 'l2_leaf_reg': 0.5, 'iterations': 100, 'od_type': 'Iter', 'od_wait': 20, 'verbose': 100, 'train_dir': 'output/CatBoost/Allstate_Claims/catboost_info', 'cat_features': [0, 1, 2, 3, 4, 5, 6, 7, 8, 9, 10, 11, 12, 13, 14, 15, 16, 17, 18, 19, 20, 21, 22, 23, 24, 25, 26, 27, 28, 29, 30, 31, 32, 33, 34, 35, 36, 37, 38, 39, 40, 41, 42, 43, 44, 45, 46, 47, 48, 49, 50, 51, 52, 53, 54, 55, 56, 57, 58, 59, 60, 61, 62, 63, 64, 65, 66, 67, 68, 69, 70, 71, 72, 73, 74, 75, 76, 77, 78, 79, 80, 81, 82, 83, 84, 85, 86, 87, 88, 89, 90, 91, 92, 93, 94, 95, 96, 97, 98, 99, 100, 101, 102, 103, 104, 105, 106, 107, 108, 109, 110, 111, 112, 113, 114, 115]}

MSE - mean: 3667510.03731
MSE - std: 265457.55991
R2 - mean: 0.55265
R2 - std: 0.00979

Train time: 128.875078
Test time: 0.751670

---------------------------------------
2025-06-19 22:41:06.932962
Parameters: {'learning_rate': 0.2, 'max_depth': 12, 'l2_leaf_reg': 1.0, 'iterations': 100, 'od_type': 'Iter', 'od_wait': 20, 'verbose': 100, 'train_dir': 'output/CatBoost/Allstate_Claims/catboost_info', 'cat_features': [0, 1, 2, 3, 4, 5, 6, 7, 8, 9, 10, 11, 12, 13, 14, 15, 16, 17, 18, 19, 20, 21, 22, 23, 24, 25, 26, 27, 28, 29, 30, 31, 32, 33, 34, 35, 36, 37, 38, 39, 40, 41, 42, 43, 44, 45, 46, 47, 48, 49, 50, 51, 52, 53, 54, 55, 56, 57, 58, 59, 60, 61, 62, 63, 64, 65, 66, 67, 68, 69, 70, 71, 72, 73, 74, 75, 76, 77, 78, 79, 80, 81, 82, 83, 84, 85, 86, 87, 88, 89, 90, 91, 92, 93, 94, 95, 96, 97, 98, 99, 100, 101, 102, 103, 104, 105, 106, 107, 108, 109, 110, 111, 112, 113, 114, 115]}

MSE - mean: 3714261.05281
MSE - std: 263031.68550
R2 - mean: 0.54690
R2 - std: 0.00881

Train time: 129.472504
Test time: 0.753057

---------------------------------------
2025-06-19 22:43:29.909409
Parameters: {'learning_rate': 0.001, 'max_depth': 12, 'l2_leaf_reg': 1.0, 'iterations': 100, 'od_type': 'Iter', 'od_wait': 20, 'verbose': 100, 'train_dir': 'output/CatBoost/Allstate_Claims/catboost_info', 'cat_features': [0, 1, 2, 3, 4, 5, 6, 7, 8, 9, 10, 11, 12, 13, 14, 15, 16, 17, 18, 19, 20, 21, 22, 23, 24, 25, 26, 27, 28, 29, 30, 31, 32, 33, 34, 35, 36, 37, 38, 39, 40, 41, 42, 43, 44, 45, 46, 47, 48, 49, 50, 51, 52, 53, 54, 55, 56, 57, 58, 59, 60, 61, 62, 63, 64, 65, 66, 67, 68, 69, 70, 71, 72, 73, 74, 75, 76, 77, 78, 79, 80, 81, 82, 83, 84, 85, 86, 87, 88, 89, 90, 91, 92, 93, 94, 95, 96, 97, 98, 99, 100, 101, 102, 103, 104, 105, 106, 107, 108, 109, 110, 111, 112, 113, 114, 115]}

MSE - mean: 7585481.73042
MSE - std: 482499.92956
R2 - mean: 0.07433
R2 - std: 0.00250

Train time: 131.171028
Test time: 0.728745

---------------------------------------
2025-06-19 22:44:31.793327
Parameters: {'learning_rate': 0.2, 'max_depth': 2, 'l2_leaf_reg': 5.0, 'iterations': 100, 'od_type': 'Iter', 'od_wait': 20, 'verbose': 100, 'train_dir': 'output/CatBoost/Allstate_Claims/catboost_info', 'cat_features': [0, 1, 2, 3, 4, 5, 6, 7, 8, 9, 10, 11, 12, 13, 14, 15, 16, 17, 18, 19, 20, 21, 22, 23, 24, 25, 26, 27, 28, 29, 30, 31, 32, 33, 34, 35, 36, 37, 38, 39, 40, 41, 42, 43, 44, 45, 46, 47, 48, 49, 50, 51, 52, 53, 54, 55, 56, 57, 58, 59, 60, 61, 62, 63, 64, 65, 66, 67, 68, 69, 70, 71, 72, 73, 74, 75, 76, 77, 78, 79, 80, 81, 82, 83, 84, 85, 86, 87, 88, 89, 90, 91, 92, 93, 94, 95, 96, 97, 98, 99, 100, 101, 102, 103, 104, 105, 106, 107, 108, 109, 110, 111, 112, 113, 114, 115]}

MSE - mean: 3891801.04804
MSE - std: 278327.52850
R2 - mean: 0.52527
R2 - std: 0.00866

Train time: 14.203862
Test time: 0.711054

---------------------------------------
2025-06-19 22:46:08.264952
Parameters: {'learning_rate': 0.1, 'max_depth': 10, 'l2_leaf_reg': 0.5, 'iterations': 100, 'od_type': 'Iter', 'od_wait': 20, 'verbose': 100, 'train_dir': 'output/CatBoost/Allstate_Claims/catboost_info', 'cat_features': [0, 1, 2, 3, 4, 5, 6, 7, 8, 9, 10, 11, 12, 13, 14, 15, 16, 17, 18, 19, 20, 21, 22, 23, 24, 25, 26, 27, 28, 29, 30, 31, 32, 33, 34, 35, 36, 37, 38, 39, 40, 41, 42, 43, 44, 45, 46, 47, 48, 49, 50, 51, 52, 53, 54, 55, 56, 57, 58, 59, 60, 61, 62, 63, 64, 65, 66, 67, 68, 69, 70, 71, 72, 73, 74, 75, 76, 77, 78, 79, 80, 81, 82, 83, 84, 85, 86, 87, 88, 89, 90, 91, 92, 93, 94, 95, 96, 97, 98, 99, 100, 101, 102, 103, 104, 105, 106, 107, 108, 109, 110, 111, 112, 113, 114, 115]}

MSE - mean: 3601080.10469
MSE - std: 252315.64230
R2 - mean: 0.56067
R2 - std: 0.00865

Train time: 66.001084
Test time: 0.728904

---------------------------------------
2025-06-19 22:48:28.895261
Parameters: {'learning_rate': 0.1, 'max_depth': 12, 'l2_leaf_reg': 1.0, 'iterations': 100, 'od_type': 'Iter', 'od_wait': 20, 'verbose': 100, 'train_dir': 'output/CatBoost/Allstate_Claims/catboost_info', 'cat_features': [0, 1, 2, 3, 4, 5, 6, 7, 8, 9, 10, 11, 12, 13, 14, 15, 16, 17, 18, 19, 20, 21, 22, 23, 24, 25, 26, 27, 28, 29, 30, 31, 32, 33, 34, 35, 36, 37, 38, 39, 40, 41, 42, 43, 44, 45, 46, 47, 48, 49, 50, 51, 52, 53, 54, 55, 56, 57, 58, 59, 60, 61, 62, 63, 64, 65, 66, 67, 68, 69, 70, 71, 72, 73, 74, 75, 76, 77, 78, 79, 80, 81, 82, 83, 84, 85, 86, 87, 88, 89, 90, 91, 92, 93, 94, 95, 96, 97, 98, 99, 100, 101, 102, 103, 104, 105, 106, 107, 108, 109, 110, 111, 112, 113, 114, 115]}

MSE - mean: 3669510.01537
MSE - std: 270890.30610
R2 - mean: 0.55247
R2 - std: 0.00859

Train time: 128.598545
Test time: 0.748045

---------------------------------------
2025-06-19 22:50:03.353392
Parameters: {'learning_rate': 0.01, 'max_depth': 10, 'l2_leaf_reg': 10.0, 'iterations': 100, 'od_type': 'Iter', 'od_wait': 20, 'verbose': 100, 'train_dir': 'output/CatBoost/Allstate_Claims/catboost_info', 'cat_features': [0, 1, 2, 3, 4, 5, 6, 7, 8, 9, 10, 11, 12, 13, 14, 15, 16, 17, 18, 19, 20, 21, 22, 23, 24, 25, 26, 27, 28, 29, 30, 31, 32, 33, 34, 35, 36, 37, 38, 39, 40, 41, 42, 43, 44, 45, 46, 47, 48, 49, 50, 51, 52, 53, 54, 55, 56, 57, 58, 59, 60, 61, 62, 63, 64, 65, 66, 67, 68, 69, 70, 71, 72, 73, 74, 75, 76, 77, 78, 79, 80, 81, 82, 83, 84, 85, 86, 87, 88, 89, 90, 91, 92, 93, 94, 95, 96, 97, 98, 99, 100, 101, 102, 103, 104, 105, 106, 107, 108, 109, 110, 111, 112, 113, 114, 115]}

MSE - mean: 5063974.30370
MSE - std: 377388.89378
R2 - mean: 0.38246
R2 - std: 0.00978

Train time: 64.423701
Test time: 0.699533

---------------------------------------
2025-06-19 22:51:12.260885
Parameters: {'learning_rate': 0.3, 'max_depth': 6, 'l2_leaf_reg': 5.0, 'iterations': 100, 'od_type': 'Iter', 'od_wait': 20, 'verbose': 100, 'train_dir': 'output/CatBoost/Allstate_Claims/catboost_info', 'cat_features': [0, 1, 2, 3, 4, 5, 6, 7, 8, 9, 10, 11, 12, 13, 14, 15, 16, 17, 18, 19, 20, 21, 22, 23, 24, 25, 26, 27, 28, 29, 30, 31, 32, 33, 34, 35, 36, 37, 38, 39, 40, 41, 42, 43, 44, 45, 46, 47, 48, 49, 50, 51, 52, 53, 54, 55, 56, 57, 58, 59, 60, 61, 62, 63, 64, 65, 66, 67, 68, 69, 70, 71, 72, 73, 74, 75, 76, 77, 78, 79, 80, 81, 82, 83, 84, 85, 86, 87, 88, 89, 90, 91, 92, 93, 94, 95, 96, 97, 98, 99, 100, 101, 102, 103, 104, 105, 106, 107, 108, 109, 110, 111, 112, 113, 114, 115]}

MSE - mean: 3590895.97929
MSE - std: 227806.82617
R2 - mean: 0.56176
R2 - std: 0.00611

Train time: 29.112187
Test time: 0.722388

---------------------------------------
2025-06-19 22:53:34.372524
Parameters: {'learning_rate': 0.3, 'max_depth': 12, 'l2_leaf_reg': 10.0, 'iterations': 100, 'od_type': 'Iter', 'od_wait': 20, 'verbose': 100, 'train_dir': 'output/CatBoost/Allstate_Claims/catboost_info', 'cat_features': [0, 1, 2, 3, 4, 5, 6, 7, 8, 9, 10, 11, 12, 13, 14, 15, 16, 17, 18, 19, 20, 21, 22, 23, 24, 25, 26, 27, 28, 29, 30, 31, 32, 33, 34, 35, 36, 37, 38, 39, 40, 41, 42, 43, 44, 45, 46, 47, 48, 49, 50, 51, 52, 53, 54, 55, 56, 57, 58, 59, 60, 61, 62, 63, 64, 65, 66, 67, 68, 69, 70, 71, 72, 73, 74, 75, 76, 77, 78, 79, 80, 81, 82, 83, 84, 85, 86, 87, 88, 89, 90, 91, 92, 93, 94, 95, 96, 97, 98, 99, 100, 101, 102, 103, 104, 105, 106, 107, 108, 109, 110, 111, 112, 113, 114, 115]}

MSE - mean: 3690303.19223
MSE - std: 257765.52697
R2 - mean: 0.54983
R2 - std: 0.00713

Train time: 125.617734
Test time: 0.745700

---------------------------------------
2025-06-19 22:54:46.699156
Parameters: {'learning_rate': 0.01, 'max_depth': 6, 'l2_leaf_reg': 30.0, 'iterations': 100, 'od_type': 'Iter', 'od_wait': 20, 'verbose': 100, 'train_dir': 'output/CatBoost/Allstate_Claims/catboost_info', 'cat_features': [0, 1, 2, 3, 4, 5, 6, 7, 8, 9, 10, 11, 12, 13, 14, 15, 16, 17, 18, 19, 20, 21, 22, 23, 24, 25, 26, 27, 28, 29, 30, 31, 32, 33, 34, 35, 36, 37, 38, 39, 40, 41, 42, 43, 44, 45, 46, 47, 48, 49, 50, 51, 52, 53, 54, 55, 56, 57, 58, 59, 60, 61, 62, 63, 64, 65, 66, 67, 68, 69, 70, 71, 72, 73, 74, 75, 76, 77, 78, 79, 80, 81, 82, 83, 84, 85, 86, 87, 88, 89, 90, 91, 92, 93, 94, 95, 96, 97, 98, 99, 100, 101, 102, 103, 104, 105, 106, 107, 108, 109, 110, 111, 112, 113, 114, 115]}

MSE - mean: 5261835.29467
MSE - std: 383923.28868
R2 - mean: 0.35827
R2 - std: 0.00901

Train time: 30.237413
Test time: 0.700361

---------------------------------------
2025-06-19 22:55:51.459529
Parameters: {'learning_rate': 0.2, 'max_depth': 2, 'l2_leaf_reg': 1.0, 'iterations': 100, 'od_type': 'Iter', 'od_wait': 20, 'verbose': 100, 'train_dir': 'output/CatBoost/Allstate_Claims/catboost_info', 'cat_features': [0, 1, 2, 3, 4, 5, 6, 7, 8, 9, 10, 11, 12, 13, 14, 15, 16, 17, 18, 19, 20, 21, 22, 23, 24, 25, 26, 27, 28, 29, 30, 31, 32, 33, 34, 35, 36, 37, 38, 39, 40, 41, 42, 43, 44, 45, 46, 47, 48, 49, 50, 51, 52, 53, 54, 55, 56, 57, 58, 59, 60, 61, 62, 63, 64, 65, 66, 67, 68, 69, 70, 71, 72, 73, 74, 75, 76, 77, 78, 79, 80, 81, 82, 83, 84, 85, 86, 87, 88, 89, 90, 91, 92, 93, 94, 95, 96, 97, 98, 99, 100, 101, 102, 103, 104, 105, 106, 107, 108, 109, 110, 111, 112, 113, 114, 115]}

MSE - mean: 3877038.70524
MSE - std: 280769.71778
R2 - mean: 0.52711
R2 - std: 0.00831

Train time: 14.826144
Test time: 0.723427

---------------------------------------
2025-06-19 22:56:52.043533
Parameters: {'learning_rate': 0.01, 'max_depth': 2, 'l2_leaf_reg': 30.0, 'iterations': 100, 'od_type': 'Iter', 'od_wait': 20, 'verbose': 100, 'train_dir': 'output/CatBoost/Allstate_Claims/catboost_info', 'cat_features': [0, 1, 2, 3, 4, 5, 6, 7, 8, 9, 10, 11, 12, 13, 14, 15, 16, 17, 18, 19, 20, 21, 22, 23, 24, 25, 26, 27, 28, 29, 30, 31, 32, 33, 34, 35, 36, 37, 38, 39, 40, 41, 42, 43, 44, 45, 46, 47, 48, 49, 50, 51, 52, 53, 54, 55, 56, 57, 58, 59, 60, 61, 62, 63, 64, 65, 66, 67, 68, 69, 70, 71, 72, 73, 74, 75, 76, 77, 78, 79, 80, 81, 82, 83, 84, 85, 86, 87, 88, 89, 90, 91, 92, 93, 94, 95, 96, 97, 98, 99, 100, 101, 102, 103, 104, 105, 106, 107, 108, 109, 110, 111, 112, 113, 114, 115]}

MSE - mean: 5893622.79549
MSE - std: 427932.18525
R2 - mean: 0.28121
R2 - std: 0.00943

Train time: 14.134065
Test time: 0.682792

---------------------------------------
2025-06-19 22:58:26.330971
Parameters: {'learning_rate': 0.2, 'max_depth': 10, 'l2_leaf_reg': 0.5, 'iterations': 100, 'od_type': 'Iter', 'od_wait': 20, 'verbose': 100, 'train_dir': 'output/CatBoost/Allstate_Claims/catboost_info', 'cat_features': [0, 1, 2, 3, 4, 5, 6, 7, 8, 9, 10, 11, 12, 13, 14, 15, 16, 17, 18, 19, 20, 21, 22, 23, 24, 25, 26, 27, 28, 29, 30, 31, 32, 33, 34, 35, 36, 37, 38, 39, 40, 41, 42, 43, 44, 45, 46, 47, 48, 49, 50, 51, 52, 53, 54, 55, 56, 57, 58, 59, 60, 61, 62, 63, 64, 65, 66, 67, 68, 69, 70, 71, 72, 73, 74, 75, 76, 77, 78, 79, 80, 81, 82, 83, 84, 85, 86, 87, 88, 89, 90, 91, 92, 93, 94, 95, 96, 97, 98, 99, 100, 101, 102, 103, 104, 105, 106, 107, 108, 109, 110, 111, 112, 113, 114, 115]}

MSE - mean: 3601963.28103
MSE - std: 254029.35887
R2 - mean: 0.56060
R2 - std: 0.00771

Train time: 63.852693
Test time: 0.755029

---------------------------------------
2025-06-19 22:59:36.248577
Parameters: {'learning_rate': 0.1, 'max_depth': 6, 'l2_leaf_reg': 30.0, 'iterations': 100, 'od_type': 'Iter', 'od_wait': 20, 'verbose': 100, 'train_dir': 'output/CatBoost/Allstate_Claims/catboost_info', 'cat_features': [0, 1, 2, 3, 4, 5, 6, 7, 8, 9, 10, 11, 12, 13, 14, 15, 16, 17, 18, 19, 20, 21, 22, 23, 24, 25, 26, 27, 28, 29, 30, 31, 32, 33, 34, 35, 36, 37, 38, 39, 40, 41, 42, 43, 44, 45, 46, 47, 48, 49, 50, 51, 52, 53, 54, 55, 56, 57, 58, 59, 60, 61, 62, 63, 64, 65, 66, 67, 68, 69, 70, 71, 72, 73, 74, 75, 76, 77, 78, 79, 80, 81, 82, 83, 84, 85, 86, 87, 88, 89, 90, 91, 92, 93, 94, 95, 96, 97, 98, 99, 100, 101, 102, 103, 104, 105, 106, 107, 108, 109, 110, 111, 112, 113, 114, 115]}

MSE - mean: 3793059.38430
MSE - std: 283121.02290
R2 - mean: 0.53730
R2 - std: 0.01312

Train time: 27.572893
Test time: 0.720155

---------------------------------------
2025-06-19 23:02:03.905533
Parameters: {'learning_rate': 0.3, 'max_depth': 12, 'l2_leaf_reg': 0.5, 'iterations': 100, 'od_type': 'Iter', 'od_wait': 20, 'verbose': 100, 'train_dir': 'output/CatBoost/Allstate_Claims/catboost_info', 'cat_features': [0, 1, 2, 3, 4, 5, 6, 7, 8, 9, 10, 11, 12, 13, 14, 15, 16, 17, 18, 19, 20, 21, 22, 23, 24, 25, 26, 27, 28, 29, 30, 31, 32, 33, 34, 35, 36, 37, 38, 39, 40, 41, 42, 43, 44, 45, 46, 47, 48, 49, 50, 51, 52, 53, 54, 55, 56, 57, 58, 59, 60, 61, 62, 63, 64, 65, 66, 67, 68, 69, 70, 71, 72, 73, 74, 75, 76, 77, 78, 79, 80, 81, 82, 83, 84, 85, 86, 87, 88, 89, 90, 91, 92, 93, 94, 95, 96, 97, 98, 99, 100, 101, 102, 103, 104, 105, 106, 107, 108, 109, 110, 111, 112, 113, 114, 115]}

MSE - mean: 3836080.15185
MSE - std: 275607.08432
R2 - mean: 0.53211
R2 - std: 0.00779

Train time: 131.870830
Test time: 0.788806

---------------------------------------
2025-06-19 23:03:19.105018
Parameters: {'learning_rate': 0.1, 'max_depth': 6, 'l2_leaf_reg': 1.0, 'iterations': 100, 'od_type': 'Iter', 'od_wait': 20, 'verbose': 100, 'train_dir': 'output/CatBoost/Allstate_Claims/catboost_info', 'cat_features': [0, 1, 2, 3, 4, 5, 6, 7, 8, 9, 10, 11, 12, 13, 14, 15, 16, 17, 18, 19, 20, 21, 22, 23, 24, 25, 26, 27, 28, 29, 30, 31, 32, 33, 34, 35, 36, 37, 38, 39, 40, 41, 42, 43, 44, 45, 46, 47, 48, 49, 50, 51, 52, 53, 54, 55, 56, 57, 58, 59, 60, 61, 62, 63, 64, 65, 66, 67, 68, 69, 70, 71, 72, 73, 74, 75, 76, 77, 78, 79, 80, 81, 82, 83, 84, 85, 86, 87, 88, 89, 90, 91, 92, 93, 94, 95, 96, 97, 98, 99, 100, 101, 102, 103, 104, 105, 106, 107, 108, 109, 110, 111, 112, 113, 114, 115]}

MSE - mean: 3655961.74827
MSE - std: 254302.99426
R2 - mean: 0.55397
R2 - std: 0.00847

Train time: 30.077655
Test time: 0.759273

---------------------------------------
2025-06-19 23:04:35.310818
Parameters: {'learning_rate': 0.1, 'max_depth': 6, 'l2_leaf_reg': 5.0, 'iterations': 100, 'od_type': 'Iter', 'od_wait': 20, 'verbose': 100, 'train_dir': 'output/CatBoost/Allstate_Claims/catboost_info', 'cat_features': [0, 1, 2, 3, 4, 5, 6, 7, 8, 9, 10, 11, 12, 13, 14, 15, 16, 17, 18, 19, 20, 21, 22, 23, 24, 25, 26, 27, 28, 29, 30, 31, 32, 33, 34, 35, 36, 37, 38, 39, 40, 41, 42, 43, 44, 45, 46, 47, 48, 49, 50, 51, 52, 53, 54, 55, 56, 57, 58, 59, 60, 61, 62, 63, 64, 65, 66, 67, 68, 69, 70, 71, 72, 73, 74, 75, 76, 77, 78, 79, 80, 81, 82, 83, 84, 85, 86, 87, 88, 89, 90, 91, 92, 93, 94, 95, 96, 97, 98, 99, 100, 101, 102, 103, 104, 105, 106, 107, 108, 109, 110, 111, 112, 113, 114, 115]}

MSE - mean: 3681254.34823
MSE - std: 253623.57601
R2 - mean: 0.55086
R2 - std: 0.00841

Train time: 30.395414
Test time: 0.758023

---------------------------------------
2025-06-19 23:05:51.988746
Parameters: {'learning_rate': 0.3, 'max_depth': 6, 'l2_leaf_reg': 30.0, 'iterations': 100, 'od_type': 'Iter', 'od_wait': 20, 'verbose': 100, 'train_dir': 'output/CatBoost/Allstate_Claims/catboost_info', 'cat_features': [0, 1, 2, 3, 4, 5, 6, 7, 8, 9, 10, 11, 12, 13, 14, 15, 16, 17, 18, 19, 20, 21, 22, 23, 24, 25, 26, 27, 28, 29, 30, 31, 32, 33, 34, 35, 36, 37, 38, 39, 40, 41, 42, 43, 44, 45, 46, 47, 48, 49, 50, 51, 52, 53, 54, 55, 56, 57, 58, 59, 60, 61, 62, 63, 64, 65, 66, 67, 68, 69, 70, 71, 72, 73, 74, 75, 76, 77, 78, 79, 80, 81, 82, 83, 84, 85, 86, 87, 88, 89, 90, 91, 92, 93, 94, 95, 96, 97, 98, 99, 100, 101, 102, 103, 104, 105, 106, 107, 108, 109, 110, 111, 112, 113, 114, 115]}

MSE - mean: 3628870.64033
MSE - std: 247305.74800
R2 - mean: 0.55723
R2 - std: 0.00836

Train time: 31.665936
Test time: 0.791254

---------------------------------------
2025-06-19 23:07:40.302353
Parameters: {'learning_rate': 0.3, 'max_depth': 10, 'l2_leaf_reg': 30.0, 'iterations': 100, 'od_type': 'Iter', 'od_wait': 20, 'verbose': 100, 'train_dir': 'output/CatBoost/Allstate_Claims/catboost_info', 'cat_features': [0, 1, 2, 3, 4, 5, 6, 7, 8, 9, 10, 11, 12, 13, 14, 15, 16, 17, 18, 19, 20, 21, 22, 23, 24, 25, 26, 27, 28, 29, 30, 31, 32, 33, 34, 35, 36, 37, 38, 39, 40, 41, 42, 43, 44, 45, 46, 47, 48, 49, 50, 51, 52, 53, 54, 55, 56, 57, 58, 59, 60, 61, 62, 63, 64, 65, 66, 67, 68, 69, 70, 71, 72, 73, 74, 75, 76, 77, 78, 79, 80, 81, 82, 83, 84, 85, 86, 87, 88, 89, 90, 91, 92, 93, 94, 95, 96, 97, 98, 99, 100, 101, 102, 103, 104, 105, 106, 107, 108, 109, 110, 111, 112, 113, 114, 115]}

MSE - mean: 3641380.56624
MSE - std: 249654.78132
R2 - mean: 0.55573
R2 - std: 0.00843

Train time: 68.642082
Test time: 0.876886

---------------------------------------
2025-06-19 23:08:56.841200
Parameters: {'learning_rate': 0.1, 'max_depth': 6, 'l2_leaf_reg': 10.0, 'iterations': 100, 'od_type': 'Iter', 'od_wait': 20, 'verbose': 100, 'train_dir': 'output/CatBoost/Allstate_Claims/catboost_info', 'cat_features': [0, 1, 2, 3, 4, 5, 6, 7, 8, 9, 10, 11, 12, 13, 14, 15, 16, 17, 18, 19, 20, 21, 22, 23, 24, 25, 26, 27, 28, 29, 30, 31, 32, 33, 34, 35, 36, 37, 38, 39, 40, 41, 42, 43, 44, 45, 46, 47, 48, 49, 50, 51, 52, 53, 54, 55, 56, 57, 58, 59, 60, 61, 62, 63, 64, 65, 66, 67, 68, 69, 70, 71, 72, 73, 74, 75, 76, 77, 78, 79, 80, 81, 82, 83, 84, 85, 86, 87, 88, 89, 90, 91, 92, 93, 94, 95, 96, 97, 98, 99, 100, 101, 102, 103, 104, 105, 106, 107, 108, 109, 110, 111, 112, 113, 114, 115]}

MSE - mean: 3706016.21212
MSE - std: 258439.32025
R2 - mean: 0.54785
R2 - std: 0.00951

Train time: 30.438623
Test time: 0.744419

---------------------------------------
2025-06-19 23:10:08.465015
Parameters: {'learning_rate': 0.001, 'max_depth': 2, 'l2_leaf_reg': 1.0, 'iterations': 100, 'od_type': 'Iter', 'od_wait': 20, 'verbose': 100, 'train_dir': 'output/CatBoost/Allstate_Claims/catboost_info', 'cat_features': [0, 1, 2, 3, 4, 5, 6, 7, 8, 9, 10, 11, 12, 13, 14, 15, 16, 17, 18, 19, 20, 21, 22, 23, 24, 25, 26, 27, 28, 29, 30, 31, 32, 33, 34, 35, 36, 37, 38, 39, 40, 41, 42, 43, 44, 45, 46, 47, 48, 49, 50, 51, 52, 53, 54, 55, 56, 57, 58, 59, 60, 61, 62, 63, 64, 65, 66, 67, 68, 69, 70, 71, 72, 73, 74, 75, 76, 77, 78, 79, 80, 81, 82, 83, 84, 85, 86, 87, 88, 89, 90, 91, 92, 93, 94, 95, 96, 97, 98, 99, 100, 101, 102, 103, 104, 105, 106, 107, 108, 109, 110, 111, 112, 113, 114, 115]}

MSE - mean: 7767372.56987
MSE - std: 488316.99722
R2 - mean: 0.05209
R2 - std: 0.00159

Train time: 15.463138
Test time: 0.773176

---------------------------------------
2025-06-19 23:11:48.934693
Parameters: {'learning_rate': 0.2, 'max_depth': 10, 'l2_leaf_reg': 30.0, 'iterations': 100, 'od_type': 'Iter', 'od_wait': 20, 'verbose': 100, 'train_dir': 'output/CatBoost/Allstate_Claims/catboost_info', 'cat_features': [0, 1, 2, 3, 4, 5, 6, 7, 8, 9, 10, 11, 12, 13, 14, 15, 16, 17, 18, 19, 20, 21, 22, 23, 24, 25, 26, 27, 28, 29, 30, 31, 32, 33, 34, 35, 36, 37, 38, 39, 40, 41, 42, 43, 44, 45, 46, 47, 48, 49, 50, 51, 52, 53, 54, 55, 56, 57, 58, 59, 60, 61, 62, 63, 64, 65, 66, 67, 68, 69, 70, 71, 72, 73, 74, 75, 76, 77, 78, 79, 80, 81, 82, 83, 84, 85, 86, 87, 88, 89, 90, 91, 92, 93, 94, 95, 96, 97, 98, 99, 100, 101, 102, 103, 104, 105, 106, 107, 108, 109, 110, 111, 112, 113, 114, 115]}

MSE - mean: 3668717.05511
MSE - std: 255802.70685
R2 - mean: 0.55242
R2 - std: 0.00859

Train time: 63.817596
Test time: 0.822625

---------------------------------------
2025-06-19 23:12:53.887127
Parameters: {'learning_rate': 0.2, 'max_depth': 2, 'l2_leaf_reg': 10.0, 'iterations': 100, 'od_type': 'Iter', 'od_wait': 20, 'verbose': 100, 'train_dir': 'output/CatBoost/Allstate_Claims/catboost_info', 'cat_features': [0, 1, 2, 3, 4, 5, 6, 7, 8, 9, 10, 11, 12, 13, 14, 15, 16, 17, 18, 19, 20, 21, 22, 23, 24, 25, 26, 27, 28, 29, 30, 31, 32, 33, 34, 35, 36, 37, 38, 39, 40, 41, 42, 43, 44, 45, 46, 47, 48, 49, 50, 51, 52, 53, 54, 55, 56, 57, 58, 59, 60, 61, 62, 63, 64, 65, 66, 67, 68, 69, 70, 71, 72, 73, 74, 75, 76, 77, 78, 79, 80, 81, 82, 83, 84, 85, 86, 87, 88, 89, 90, 91, 92, 93, 94, 95, 96, 97, 98, 99, 100, 101, 102, 103, 104, 105, 106, 107, 108, 109, 110, 111, 112, 113, 114, 115]}

MSE - mean: 3908973.13205
MSE - std: 294361.42047
R2 - mean: 0.52330
R2 - std: 0.01002

Train time: 14.612085
Test time: 0.713006

---------------------------------------
2025-06-19 23:14:14.764955
Parameters: {'learning_rate': 0.3, 'max_depth': 6, 'l2_leaf_reg': 10.0, 'iterations': 100, 'od_type': 'Iter', 'od_wait': 20, 'verbose': 100, 'train_dir': 'output/CatBoost/Allstate_Claims/catboost_info', 'cat_features': [0, 1, 2, 3, 4, 5, 6, 7, 8, 9, 10, 11, 12, 13, 14, 15, 16, 17, 18, 19, 20, 21, 22, 23, 24, 25, 26, 27, 28, 29, 30, 31, 32, 33, 34, 35, 36, 37, 38, 39, 40, 41, 42, 43, 44, 45, 46, 47, 48, 49, 50, 51, 52, 53, 54, 55, 56, 57, 58, 59, 60, 61, 62, 63, 64, 65, 66, 67, 68, 69, 70, 71, 72, 73, 74, 75, 76, 77, 78, 79, 80, 81, 82, 83, 84, 85, 86, 87, 88, 89, 90, 91, 92, 93, 94, 95, 96, 97, 98, 99, 100, 101, 102, 103, 104, 105, 106, 107, 108, 109, 110, 111, 112, 113, 114, 115]}

MSE - mean: 3602263.42887
MSE - std: 234089.22462
R2 - mean: 0.56038
R2 - std: 0.00819

Train time: 32.239087
Test time: 0.805145

---------------------------------------
2025-06-19 23:15:34.787990
Parameters: {'learning_rate': 0.01, 'max_depth': 6, 'l2_leaf_reg': 1.0, 'iterations': 100, 'od_type': 'Iter', 'od_wait': 20, 'verbose': 100, 'train_dir': 'output/CatBoost/Allstate_Claims/catboost_info', 'cat_features': [0, 1, 2, 3, 4, 5, 6, 7, 8, 9, 10, 11, 12, 13, 14, 15, 16, 17, 18, 19, 20, 21, 22, 23, 24, 25, 26, 27, 28, 29, 30, 31, 32, 33, 34, 35, 36, 37, 38, 39, 40, 41, 42, 43, 44, 45, 46, 47, 48, 49, 50, 51, 52, 53, 54, 55, 56, 57, 58, 59, 60, 61, 62, 63, 64, 65, 66, 67, 68, 69, 70, 71, 72, 73, 74, 75, 76, 77, 78, 79, 80, 81, 82, 83, 84, 85, 86, 87, 88, 89, 90, 91, 92, 93, 94, 95, 96, 97, 98, 99, 100, 101, 102, 103, 104, 105, 106, 107, 108, 109, 110, 111, 112, 113, 114, 115]}

MSE - mean: 5091677.25472
MSE - std: 362817.93639
R2 - mean: 0.37894
R2 - std: 0.00847

Train time: 32.316614
Test time: 0.786706

---------------------------------------
2025-06-19 23:16:52.644199
Parameters: {'learning_rate': 0.3, 'max_depth': 6, 'l2_leaf_reg': 1.0, 'iterations': 100, 'od_type': 'Iter', 'od_wait': 20, 'verbose': 100, 'train_dir': 'output/CatBoost/Allstate_Claims/catboost_info', 'cat_features': [0, 1, 2, 3, 4, 5, 6, 7, 8, 9, 10, 11, 12, 13, 14, 15, 16, 17, 18, 19, 20, 21, 22, 23, 24, 25, 26, 27, 28, 29, 30, 31, 32, 33, 34, 35, 36, 37, 38, 39, 40, 41, 42, 43, 44, 45, 46, 47, 48, 49, 50, 51, 52, 53, 54, 55, 56, 57, 58, 59, 60, 61, 62, 63, 64, 65, 66, 67, 68, 69, 70, 71, 72, 73, 74, 75, 76, 77, 78, 79, 80, 81, 82, 83, 84, 85, 86, 87, 88, 89, 90, 91, 92, 93, 94, 95, 96, 97, 98, 99, 100, 101, 102, 103, 104, 105, 106, 107, 108, 109, 110, 111, 112, 113, 114, 115]}

MSE - mean: 3609071.75708
MSE - std: 259221.99239
R2 - mean: 0.55976
R2 - std: 0.00861

Train time: 31.749216
Test time: 0.767416

---------------------------------------
2025-06-19 23:18:13.591001
Parameters: {'learning_rate': 0.001, 'max_depth': 6, 'l2_leaf_reg': 30.0, 'iterations': 100, 'od_type': 'Iter', 'od_wait': 20, 'verbose': 100, 'train_dir': 'output/CatBoost/Allstate_Claims/catboost_info', 'cat_features': [0, 1, 2, 3, 4, 5, 6, 7, 8, 9, 10, 11, 12, 13, 14, 15, 16, 17, 18, 19, 20, 21, 22, 23, 24, 25, 26, 27, 28, 29, 30, 31, 32, 33, 34, 35, 36, 37, 38, 39, 40, 41, 42, 43, 44, 45, 46, 47, 48, 49, 50, 51, 52, 53, 54, 55, 56, 57, 58, 59, 60, 61, 62, 63, 64, 65, 66, 67, 68, 69, 70, 71, 72, 73, 74, 75, 76, 77, 78, 79, 80, 81, 82, 83, 84, 85, 86, 87, 88, 89, 90, 91, 92, 93, 94, 95, 96, 97, 98, 99, 100, 101, 102, 103, 104, 105, 106, 107, 108, 109, 110, 111, 112, 113, 114, 115]}

MSE - mean: 7652553.15779
MSE - std: 484471.71505
R2 - mean: 0.06613
R2 - std: 0.00207

Train time: 32.146085
Test time: 0.757393

---------------------------------------
2025-06-19 23:19:55.494526
Parameters: {'learning_rate': 0.01, 'max_depth': 10, 'l2_leaf_reg': 5.0, 'iterations': 100, 'od_type': 'Iter', 'od_wait': 20, 'verbose': 100, 'train_dir': 'output/CatBoost/Allstate_Claims/catboost_info', 'cat_features': [0, 1, 2, 3, 4, 5, 6, 7, 8, 9, 10, 11, 12, 13, 14, 15, 16, 17, 18, 19, 20, 21, 22, 23, 24, 25, 26, 27, 28, 29, 30, 31, 32, 33, 34, 35, 36, 37, 38, 39, 40, 41, 42, 43, 44, 45, 46, 47, 48, 49, 50, 51, 52, 53, 54, 55, 56, 57, 58, 59, 60, 61, 62, 63, 64, 65, 66, 67, 68, 69, 70, 71, 72, 73, 74, 75, 76, 77, 78, 79, 80, 81, 82, 83, 84, 85, 86, 87, 88, 89, 90, 91, 92, 93, 94, 95, 96, 97, 98, 99, 100, 101, 102, 103, 104, 105, 106, 107, 108, 109, 110, 111, 112, 113, 114, 115]}

MSE - mean: 5000956.73961
MSE - std: 369460.91641
R2 - mean: 0.39011
R2 - std: 0.00979

Train time: 70.730727
Test time: 0.760778

---------------------------------------
2025-06-19 23:22:25.413806
Parameters: {'learning_rate': 0.3, 'max_depth': 12, 'l2_leaf_reg': 1.0, 'iterations': 100, 'od_type': 'Iter', 'od_wait': 20, 'verbose': 100, 'train_dir': 'output/CatBoost/Allstate_Claims/catboost_info', 'cat_features': [0, 1, 2, 3, 4, 5, 6, 7, 8, 9, 10, 11, 12, 13, 14, 15, 16, 17, 18, 19, 20, 21, 22, 23, 24, 25, 26, 27, 28, 29, 30, 31, 32, 33, 34, 35, 36, 37, 38, 39, 40, 41, 42, 43, 44, 45, 46, 47, 48, 49, 50, 51, 52, 53, 54, 55, 56, 57, 58, 59, 60, 61, 62, 63, 64, 65, 66, 67, 68, 69, 70, 71, 72, 73, 74, 75, 76, 77, 78, 79, 80, 81, 82, 83, 84, 85, 86, 87, 88, 89, 90, 91, 92, 93, 94, 95, 96, 97, 98, 99, 100, 101, 102, 103, 104, 105, 106, 107, 108, 109, 110, 111, 112, 113, 114, 115]}

MSE - mean: 3815590.95848
MSE - std: 266214.75722
R2 - mean: 0.53455
R2 - std: 0.00566

Train time: 138.089846
Test time: 0.773844

---------------------------------------
2025-06-19 23:23:42.464773
Parameters: {'learning_rate': 0.01, 'max_depth': 6, 'l2_leaf_reg': 10.0, 'iterations': 100, 'od_type': 'Iter', 'od_wait': 20, 'verbose': 100, 'train_dir': 'output/CatBoost/Allstate_Claims/catboost_info', 'cat_features': [0, 1, 2, 3, 4, 5, 6, 7, 8, 9, 10, 11, 12, 13, 14, 15, 16, 17, 18, 19, 20, 21, 22, 23, 24, 25, 26, 27, 28, 29, 30, 31, 32, 33, 34, 35, 36, 37, 38, 39, 40, 41, 42, 43, 44, 45, 46, 47, 48, 49, 50, 51, 52, 53, 54, 55, 56, 57, 58, 59, 60, 61, 62, 63, 64, 65, 66, 67, 68, 69, 70, 71, 72, 73, 74, 75, 76, 77, 78, 79, 80, 81, 82, 83, 84, 85, 86, 87, 88, 89, 90, 91, 92, 93, 94, 95, 96, 97, 98, 99, 100, 101, 102, 103, 104, 105, 106, 107, 108, 109, 110, 111, 112, 113, 114, 115]}

MSE - mean: 5157926.91467
MSE - std: 371051.53919
R2 - mean: 0.37089
R2 - std: 0.00871

Train time: 32.085092
Test time: 0.739591

---------------------------------------
2025-06-19 23:25:21.162347
Parameters: {'learning_rate': 0.3, 'max_depth': 10, 'l2_leaf_reg': 5.0, 'iterations': 100, 'od_type': 'Iter', 'od_wait': 20, 'verbose': 100, 'train_dir': 'output/CatBoost/Allstate_Claims/catboost_info', 'cat_features': [0, 1, 2, 3, 4, 5, 6, 7, 8, 9, 10, 11, 12, 13, 14, 15, 16, 17, 18, 19, 20, 21, 22, 23, 24, 25, 26, 27, 28, 29, 30, 31, 32, 33, 34, 35, 36, 37, 38, 39, 40, 41, 42, 43, 44, 45, 46, 47, 48, 49, 50, 51, 52, 53, 54, 55, 56, 57, 58, 59, 60, 61, 62, 63, 64, 65, 66, 67, 68, 69, 70, 71, 72, 73, 74, 75, 76, 77, 78, 79, 80, 81, 82, 83, 84, 85, 86, 87, 88, 89, 90, 91, 92, 93, 94, 95, 96, 97, 98, 99, 100, 101, 102, 103, 104, 105, 106, 107, 108, 109, 110, 111, 112, 113, 114, 115]}

MSE - mean: 3620100.42940
MSE - std: 234086.97007
R2 - mean: 0.55823
R2 - std: 0.00622

Train time: 68.565546
Test time: 0.767200

---------------------------------------
2025-06-19 23:26:36.578542
Parameters: {'learning_rate': 0.2, 'max_depth': 2, 'l2_leaf_reg': 0.5, 'iterations': 100, 'od_type': 'Iter', 'od_wait': 20, 'verbose': 100, 'train_dir': 'output/CatBoost/Allstate_Claims/catboost_info', 'cat_features': [0, 1, 2, 3, 4, 5, 6, 7, 8, 9, 10, 11, 12, 13, 14, 15, 16, 17, 18, 19, 20, 21, 22, 23, 24, 25, 26, 27, 28, 29, 30, 31, 32, 33, 34, 35, 36, 37, 38, 39, 40, 41, 42, 43, 44, 45, 46, 47, 48, 49, 50, 51, 52, 53, 54, 55, 56, 57, 58, 59, 60, 61, 62, 63, 64, 65, 66, 67, 68, 69, 70, 71, 72, 73, 74, 75, 76, 77, 78, 79, 80, 81, 82, 83, 84, 85, 86, 87, 88, 89, 90, 91, 92, 93, 94, 95, 96, 97, 98, 99, 100, 101, 102, 103, 104, 105, 106, 107, 108, 109, 110, 111, 112, 113, 114, 115]}

MSE - mean: 3887962.81612
MSE - std: 286273.34640
R2 - mean: 0.52581
R2 - std: 0.00896

Train time: 16.250440
Test time: 0.829982

---------------------------------------
2025-06-19 23:27:43.425471
Parameters: {'learning_rate': 0.1, 'max_depth': 2, 'l2_leaf_reg': 30.0, 'iterations': 100, 'od_type': 'Iter', 'od_wait': 20, 'verbose': 100, 'train_dir': 'output/CatBoost/Allstate_Claims/catboost_info', 'cat_features': [0, 1, 2, 3, 4, 5, 6, 7, 8, 9, 10, 11, 12, 13, 14, 15, 16, 17, 18, 19, 20, 21, 22, 23, 24, 25, 26, 27, 28, 29, 30, 31, 32, 33, 34, 35, 36, 37, 38, 39, 40, 41, 42, 43, 44, 45, 46, 47, 48, 49, 50, 51, 52, 53, 54, 55, 56, 57, 58, 59, 60, 61, 62, 63, 64, 65, 66, 67, 68, 69, 70, 71, 72, 73, 74, 75, 76, 77, 78, 79, 80, 81, 82, 83, 84, 85, 86, 87, 88, 89, 90, 91, 92, 93, 94, 95, 96, 97, 98, 99, 100, 101, 102, 103, 104, 105, 106, 107, 108, 109, 110, 111, 112, 113, 114, 115]}

MSE - mean: 4170747.39843
MSE - std: 317926.17696
R2 - mean: 0.49139
R2 - std: 0.01131

Train time: 15.645617
Test time: 0.739877

---------------------------------------
2025-06-19 23:29:32.153790
Parameters: {'learning_rate': 0.1, 'max_depth': 10, 'l2_leaf_reg': 10.0, 'iterations': 100, 'od_type': 'Iter', 'od_wait': 20, 'verbose': 100, 'train_dir': 'output/CatBoost/Allstate_Claims/catboost_info', 'cat_features': [0, 1, 2, 3, 4, 5, 6, 7, 8, 9, 10, 11, 12, 13, 14, 15, 16, 17, 18, 19, 20, 21, 22, 23, 24, 25, 26, 27, 28, 29, 30, 31, 32, 33, 34, 35, 36, 37, 38, 39, 40, 41, 42, 43, 44, 45, 46, 47, 48, 49, 50, 51, 52, 53, 54, 55, 56, 57, 58, 59, 60, 61, 62, 63, 64, 65, 66, 67, 68, 69, 70, 71, 72, 73, 74, 75, 76, 77, 78, 79, 80, 81, 82, 83, 84, 85, 86, 87, 88, 89, 90, 91, 92, 93, 94, 95, 96, 97, 98, 99, 100, 101, 102, 103, 104, 105, 106, 107, 108, 109, 110, 111, 112, 113, 114, 115]}

MSE - mean: 3687923.10429
MSE - std: 265921.81835
R2 - mean: 0.55011
R2 - std: 0.01075

Train time: 68.183158
Test time: 0.892536

---------------------------------------
2025-06-19 23:31:50.278730
Parameters: {'learning_rate': 0.01, 'max_depth': 12, 'l2_leaf_reg': 30.0, 'iterations': 100, 'od_type': 'Iter', 'od_wait': 20, 'verbose': 100, 'train_dir': 'output/CatBoost/Allstate_Claims/catboost_info', 'cat_features': [0, 1, 2, 3, 4, 5, 6, 7, 8, 9, 10, 11, 12, 13, 14, 15, 16, 17, 18, 19, 20, 21, 22, 23, 24, 25, 26, 27, 28, 29, 30, 31, 32, 33, 34, 35, 36, 37, 38, 39, 40, 41, 42, 43, 44, 45, 46, 47, 48, 49, 50, 51, 52, 53, 54, 55, 56, 57, 58, 59, 60, 61, 62, 63, 64, 65, 66, 67, 68, 69, 70, 71, 72, 73, 74, 75, 76, 77, 78, 79, 80, 81, 82, 83, 84, 85, 86, 87, 88, 89, 90, 91, 92, 93, 94, 95, 96, 97, 98, 99, 100, 101, 102, 103, 104, 105, 106, 107, 108, 109, 110, 111, 112, 113, 114, 115]}

MSE - mean: 5224826.69169
MSE - std: 392066.92229
R2 - mean: 0.36287
R2 - std: 0.01023

Train time: 114.887243
Test time: 0.814045

---------------------------------------
2025-06-19 23:32:58.629298
Parameters: {'learning_rate': 0.3, 'max_depth': 2, 'l2_leaf_reg': 1.0, 'iterations': 100, 'od_type': 'Iter', 'od_wait': 20, 'verbose': 100, 'train_dir': 'output/CatBoost/Allstate_Claims/catboost_info', 'cat_features': [0, 1, 2, 3, 4, 5, 6, 7, 8, 9, 10, 11, 12, 13, 14, 15, 16, 17, 18, 19, 20, 21, 22, 23, 24, 25, 26, 27, 28, 29, 30, 31, 32, 33, 34, 35, 36, 37, 38, 39, 40, 41, 42, 43, 44, 45, 46, 47, 48, 49, 50, 51, 52, 53, 54, 55, 56, 57, 58, 59, 60, 61, 62, 63, 64, 65, 66, 67, 68, 69, 70, 71, 72, 73, 74, 75, 76, 77, 78, 79, 80, 81, 82, 83, 84, 85, 86, 87, 88, 89, 90, 91, 92, 93, 94, 95, 96, 97, 98, 99, 100, 101, 102, 103, 104, 105, 106, 107, 108, 109, 110, 111, 112, 113, 114, 115]}

MSE - mean: 3813501.13423
MSE - std: 280176.71740
R2 - mean: 0.53485
R2 - std: 0.00991

Train time: 15.413720
Test time: 0.749757

---------------------------------------
2025-06-19 23:34:21.229466
Parameters: {'learning_rate': 0.001, 'max_depth': 6, 'l2_leaf_reg': 1.0, 'iterations': 100, 'od_type': 'Iter', 'od_wait': 20, 'verbose': 100, 'train_dir': 'output/CatBoost/Allstate_Claims/catboost_info', 'cat_features': [0, 1, 2, 3, 4, 5, 6, 7, 8, 9, 10, 11, 12, 13, 14, 15, 16, 17, 18, 19, 20, 21, 22, 23, 24, 25, 26, 27, 28, 29, 30, 31, 32, 33, 34, 35, 36, 37, 38, 39, 40, 41, 42, 43, 44, 45, 46, 47, 48, 49, 50, 51, 52, 53, 54, 55, 56, 57, 58, 59, 60, 61, 62, 63, 64, 65, 66, 67, 68, 69, 70, 71, 72, 73, 74, 75, 76, 77, 78, 79, 80, 81, 82, 83, 84, 85, 86, 87, 88, 89, 90, 91, 92, 93, 94, 95, 96, 97, 98, 99, 100, 101, 102, 103, 104, 105, 106, 107, 108, 109, 110, 111, 112, 113, 114, 115]}

MSE - mean: 7592806.10169
MSE - std: 479066.80913
R2 - mean: 0.07341
R2 - std: 0.00196

Train time: 32.773314
Test time: 0.803128

---------------------------------------
2025-06-19 23:36:29.663787
Parameters: {'learning_rate': 0.001, 'max_depth': 12, 'l2_leaf_reg': 30.0, 'iterations': 100, 'od_type': 'Iter', 'od_wait': 20, 'verbose': 100, 'train_dir': 'output/CatBoost/Allstate_Claims/catboost_info', 'cat_features': [0, 1, 2, 3, 4, 5, 6, 7, 8, 9, 10, 11, 12, 13, 14, 15, 16, 17, 18, 19, 20, 21, 22, 23, 24, 25, 26, 27, 28, 29, 30, 31, 32, 33, 34, 35, 36, 37, 38, 39, 40, 41, 42, 43, 44, 45, 46, 47, 48, 49, 50, 51, 52, 53, 54, 55, 56, 57, 58, 59, 60, 61, 62, 63, 64, 65, 66, 67, 68, 69, 70, 71, 72, 73, 74, 75, 76, 77, 78, 79, 80, 81, 82, 83, 84, 85, 86, 87, 88, 89, 90, 91, 92, 93, 94, 95, 96, 97, 98, 99, 100, 101, 102, 103, 104, 105, 106, 107, 108, 109, 110, 111, 112, 113, 114, 115]}

MSE - mean: 7654056.28546
MSE - std: 486450.92412
R2 - mean: 0.06596
R2 - std: 0.00232

Train time: 101.748629
Test time: 0.784093

---------------------------------------
2025-06-19 23:37:52.934622
Parameters: {'learning_rate': 0.1, 'max_depth': 6, 'l2_leaf_reg': 0.5, 'iterations': 100, 'od_type': 'Iter', 'od_wait': 20, 'verbose': 100, 'train_dir': 'output/CatBoost/Allstate_Claims/catboost_info', 'cat_features': [0, 1, 2, 3, 4, 5, 6, 7, 8, 9, 10, 11, 12, 13, 14, 15, 16, 17, 18, 19, 20, 21, 22, 23, 24, 25, 26, 27, 28, 29, 30, 31, 32, 33, 34, 35, 36, 37, 38, 39, 40, 41, 42, 43, 44, 45, 46, 47, 48, 49, 50, 51, 52, 53, 54, 55, 56, 57, 58, 59, 60, 61, 62, 63, 64, 65, 66, 67, 68, 69, 70, 71, 72, 73, 74, 75, 76, 77, 78, 79, 80, 81, 82, 83, 84, 85, 86, 87, 88, 89, 90, 91, 92, 93, 94, 95, 96, 97, 98, 99, 100, 101, 102, 103, 104, 105, 106, 107, 108, 109, 110, 111, 112, 113, 114, 115]}

MSE - mean: 3643736.04336
MSE - std: 246467.48807
R2 - mean: 0.55539
R2 - std: 0.00879

Train time: 32.708178
Test time: 0.799333

---------------------------------------
2025-06-19 23:38:57.797344
Parameters: {'learning_rate': 0.3, 'max_depth': 2, 'l2_leaf_reg': 30.0, 'iterations': 100, 'od_type': 'Iter', 'od_wait': 20, 'verbose': 100, 'train_dir': 'output/CatBoost/Allstate_Claims/catboost_info', 'cat_features': [0, 1, 2, 3, 4, 5, 6, 7, 8, 9, 10, 11, 12, 13, 14, 15, 16, 17, 18, 19, 20, 21, 22, 23, 24, 25, 26, 27, 28, 29, 30, 31, 32, 33, 34, 35, 36, 37, 38, 39, 40, 41, 42, 43, 44, 45, 46, 47, 48, 49, 50, 51, 52, 53, 54, 55, 56, 57, 58, 59, 60, 61, 62, 63, 64, 65, 66, 67, 68, 69, 70, 71, 72, 73, 74, 75, 76, 77, 78, 79, 80, 81, 82, 83, 84, 85, 86, 87, 88, 89, 90, 91, 92, 93, 94, 95, 96, 97, 98, 99, 100, 101, 102, 103, 104, 105, 106, 107, 108, 109, 110, 111, 112, 113, 114, 115]}

MSE - mean: 3867076.75582
MSE - std: 288366.27089
R2 - mean: 0.52839
R2 - std: 0.00907

Train time: 15.378048
Test time: 0.738490

---------------------------------------
2025-06-19 23:41:24.198844
Parameters: {'learning_rate': 0.01, 'max_depth': 12, 'l2_leaf_reg': 10.0, 'iterations': 100, 'od_type': 'Iter', 'od_wait': 20, 'verbose': 100, 'train_dir': 'output/CatBoost/Allstate_Claims/catboost_info', 'cat_features': [0, 1, 2, 3, 4, 5, 6, 7, 8, 9, 10, 11, 12, 13, 14, 15, 16, 17, 18, 19, 20, 21, 22, 23, 24, 25, 26, 27, 28, 29, 30, 31, 32, 33, 34, 35, 36, 37, 38, 39, 40, 41, 42, 43, 44, 45, 46, 47, 48, 49, 50, 51, 52, 53, 54, 55, 56, 57, 58, 59, 60, 61, 62, 63, 64, 65, 66, 67, 68, 69, 70, 71, 72, 73, 74, 75, 76, 77, 78, 79, 80, 81, 82, 83, 84, 85, 86, 87, 88, 89, 90, 91, 92, 93, 94, 95, 96, 97, 98, 99, 100, 101, 102, 103, 104, 105, 106, 107, 108, 109, 110, 111, 112, 113, 114, 115]}

MSE - mean: 5092031.33424
MSE - std: 378263.66803
R2 - mean: 0.37903
R2 - std: 0.00962

Train time: 129.189410
Test time: 0.750560

---------------------------------------
2025-06-19 23:42:31.323794
Parameters: {'learning_rate': 0.01, 'max_depth': 2, 'l2_leaf_reg': 10.0, 'iterations': 100, 'od_type': 'Iter', 'od_wait': 20, 'verbose': 100, 'train_dir': 'output/CatBoost/Allstate_Claims/catboost_info', 'cat_features': [0, 1, 2, 3, 4, 5, 6, 7, 8, 9, 10, 11, 12, 13, 14, 15, 16, 17, 18, 19, 20, 21, 22, 23, 24, 25, 26, 27, 28, 29, 30, 31, 32, 33, 34, 35, 36, 37, 38, 39, 40, 41, 42, 43, 44, 45, 46, 47, 48, 49, 50, 51, 52, 53, 54, 55, 56, 57, 58, 59, 60, 61, 62, 63, 64, 65, 66, 67, 68, 69, 70, 71, 72, 73, 74, 75, 76, 77, 78, 79, 80, 81, 82, 83, 84, 85, 86, 87, 88, 89, 90, 91, 92, 93, 94, 95, 96, 97, 98, 99, 100, 101, 102, 103, 104, 105, 106, 107, 108, 109, 110, 111, 112, 113, 114, 115]}

MSE - mean: 5883293.81211
MSE - std: 426749.96978
R2 - mean: 0.28247
R2 - std: 0.00944

Train time: 15.495850
Test time: 0.752638

---------------------------------------
2025-06-19 23:45:04.820382
Parameters: {'learning_rate': 0.01, 'max_depth': 12, 'l2_leaf_reg': 5.0, 'iterations': 100, 'od_type': 'Iter', 'od_wait': 20, 'verbose': 100, 'train_dir': 'output/CatBoost/Allstate_Claims/catboost_info', 'cat_features': [0, 1, 2, 3, 4, 5, 6, 7, 8, 9, 10, 11, 12, 13, 14, 15, 16, 17, 18, 19, 20, 21, 22, 23, 24, 25, 26, 27, 28, 29, 30, 31, 32, 33, 34, 35, 36, 37, 38, 39, 40, 41, 42, 43, 44, 45, 46, 47, 48, 49, 50, 51, 52, 53, 54, 55, 56, 57, 58, 59, 60, 61, 62, 63, 64, 65, 66, 67, 68, 69, 70, 71, 72, 73, 74, 75, 76, 77, 78, 79, 80, 81, 82, 83, 84, 85, 86, 87, 88, 89, 90, 91, 92, 93, 94, 95, 96, 97, 98, 99, 100, 101, 102, 103, 104, 105, 106, 107, 108, 109, 110, 111, 112, 113, 114, 115]}

MSE - mean: 5067837.38083
MSE - std: 379478.53314
R2 - mean: 0.38200
R2 - std: 0.01006

Train time: 137.581213
Test time: 0.779617

---------------------------------------
2025-06-19 23:46:12.204047
Parameters: {'learning_rate': 0.01, 'max_depth': 2, 'l2_leaf_reg': 5.0, 'iterations': 100, 'od_type': 'Iter', 'od_wait': 20, 'verbose': 100, 'train_dir': 'output/CatBoost/Allstate_Claims/catboost_info', 'cat_features': [0, 1, 2, 3, 4, 5, 6, 7, 8, 9, 10, 11, 12, 13, 14, 15, 16, 17, 18, 19, 20, 21, 22, 23, 24, 25, 26, 27, 28, 29, 30, 31, 32, 33, 34, 35, 36, 37, 38, 39, 40, 41, 42, 43, 44, 45, 46, 47, 48, 49, 50, 51, 52, 53, 54, 55, 56, 57, 58, 59, 60, 61, 62, 63, 64, 65, 66, 67, 68, 69, 70, 71, 72, 73, 74, 75, 76, 77, 78, 79, 80, 81, 82, 83, 84, 85, 86, 87, 88, 89, 90, 91, 92, 93, 94, 95, 96, 97, 98, 99, 100, 101, 102, 103, 104, 105, 106, 107, 108, 109, 110, 111, 112, 113, 114, 115]}

MSE - mean: 5882625.26622
MSE - std: 426482.40169
R2 - mean: 0.28255
R2 - std: 0.00937

Train time: 15.264338
Test time: 0.754626

---------------------------------------
