0.00063907844,0.001784295,0.01716779,0.14204137,0.2748654,0.20930988,0.09831732,0.094469815,0.1148756,0.040153094,0.0063763694
0.00070990017,0.0040667043,0.04531079,0.2183035,0.22538348,0.19198692,0.14426546,0.10174177,0.035075422,0.02649382,0.006662229
0.0016924182,0.026155153,0.24713494,0.2470802,0.13855281,0.1334299,0.11321025,0.077882394,0.0041959505,0.007016011,0.0036499556
0.0007355559,0.0047208676,0.05290156,0.22645508,0.21828373,0.188338,0.14827433,0.10061394,0.02910132,0.024161033,0.0064145895
0.00069546147,0.003553952,0.039272804,0.2092089,0.23179266,0.19632758,0.13969977,0.10206873,0.04183111,0.028708762,0.0068402286
0.009193016,0.17854077,0.67580247,0.075550236,0.022241596,0.02007761,0.0115093,0.0055719814,0.0003135485,0.0005653591,0.0006340946
0.0006323422,0.0019954776,0.01998105,0.15558185,0.267028,0.20805153,0.10794418,0.09678814,0.09668996,0.038704347,0.0066031073
0.0006450063,0.0024397422,0.025884323,0.1776705,0.25378552,0.20573607,0.121618874,0.09980556,0.07032797,0.035278585,0.006807857
0.00063740805,0.0018132628,0.01752872,0.14382038,0.27365434,0.2092397,0.09963111,0.09492437,0.112380475,0.039944425,0.006425749
0.00067850464,0.0031955633,0.0350192,0.20125365,0.2369669,0.19992246,0.13560359,0.10184077,0.04790322,0.030676687,0.006939507
0.0025018638,0.043667834,0.3890164,0.21283817,0.106322594,0.103306524,0.07961232,0.05391299,0.0022568584,0.0040448816,0.0025196064
0.0006600288,0.0028513581,0.03096465,0.19185661,0.24410671,0.20217365,0.1306815,0.10121158,0.05596049,0.03262732,0.006906138
0.00064131327,0.0023606517,0.024922673,0.17449628,0.2557844,0.20616153,0.11982847,0.09941178,0.07373724,0.03587133,0.0067843795
0.00063268834,0.0020183814,0.020279862,0.15693524,0.26627445,0.2080009,0.10878466,0.09695679,0.0949681,0.038527347,0.006621563
0.0006352,0.0018467297,0.017975729,0.14587098,0.27254778,0.20879672,0.101257205,0.09536875,0.10950326,0.039727006,0.0064706267
0.0012412079,0.015955983,0.15963022,0.25587225,0.16463926,0.15216203,0.13796419,0.09000296,0.007204566,0.010750847,0.0045764833
0.00070637657,0.003963674,0.04412907,0.21684673,0.22649269,0.19256479,0.14350794,0.10192623,0.03623078,0.026923837,0.00670794
0.00065425097,0.0016096629,0.014903035,0.12999848,0.28369516,0.20866378,0.08987556,0.09159694,0.13229744,0.04064803,0.006057704
0.00086040946,0.007336734,0.08025514,0.24594589,0.19750594,0.17427169,0.15376934,0.09818375,0.017484553,0.01856418,0.005822297
0.0016288551,0.024337675,0.23222633,0.25011796,0.14206052,0.13623503,0.11729813,0.08031598,0.0045102797,0.007470694,0.0037985037
0.0006321758,0.0019315212,0.019144451,0.1515507,0.26925868,0.20816268,0.105440184,0.09626539,0.10185364,0.039204676,0.0065558744
0.00064941385,0.0016861694,0.01591099,0.13547641,0.27883863,0.20971023,0.09353139,0.092989355,0.12432449,0.040672764,0.0062101684
0.0010708563,0.012063155,0.12327171,0.25423697,0.17829897,0.16032198,0.14772606,0.09418916,0.009870056,0.013769812,0.0051812474
0.004962796,0.08750341,0.61613715,0.12990741,0.053812902,0.05083672,0.033240754,0.02013407,0.0007363482,0.0015279207,0.0012004207
0.0026240475,0.045891687,0.40584835,0.20795964,0.10235843,0.09959217,0.07606582,0.051341012,0.002097445,0.0038014678,0.0024198687
0.00549516,0.099441454,0.644518,0.11737518,0.045610562,0.042209115,0.026783338,0.01572588,0.000594424,0.0012239687,0.0010228875
0.00065411074,0.0015212548,0.013891601,0.12399466,0.29161114,0.20513234,0.08625877,0.0899498,0.14104941,0.04007807,0.005858858
0.00065372535,0.0026713985,0.028769068,0.18619783,0.24826843,0.20383538,0.12688154,0.100706674,0.06147714,0.03367771,0.0068610697
0.037008345,0.7105142,0.22779779,0.01600979,0.0029683926,0.0033702862,0.0012244078,0.00048707548,0.0001285211,0.00018041949,0.00031084364
0.0006899886,0.0034529648,0.0379554,0.20702298,0.23322612,0.19755654,0.13841926,0.102041245,0.043469105,0.029289404,0.0068771024
0.01944598,0.40047306,0.5150045,0.041304782,0.008427153,0.008648914,0.004174433,0.0016241292,0.00018242396,0.00029525888,0.00041924548
0.00069404626,0.003561158,0.039370403,0.20930953,0.23173672,0.1960288,0.14000838,0.10207809,0.04168075,0.028698541,0.0068335216
0.008556503,0.16292135,0.6814612,0.07977907,0.0246292,0.021932147,0.012769698,0.006337591,0.00033553186,0.0006077065,0.0006699533
0.00064886786,0.0025695267,0.027577708,0.18271036,0.25071198,0.20435709,0.12491973,0.10039281,0.064905405,0.03437025,0.006836235
0.0025251147,0.044096213,0.3918684,0.21191919,0.10572131,0.1026852,0.07901895,0.053426355,0.002231743,0.0040059965,0.0025014651
0.00063303596,0.0020464917,0.020654725,0.1585971,0.26535413,0.2079266,0.10982953,0.09716186,0.09285503,0.03830013,0.0066414145
0.0008805032,0.008205201,0.08751071,0.24624327,0.19442783,0.17234555,0.15382163,0.097363725,0.015667794,0.017788962,0.0057447325
0.0006333945,0.0020781115,0.021079749,0.16041507,0.26430243,0.20776716,0.11103494,0.09737675,0.090586126,0.038062617,0.0066637057
0.023365403,0.47536778,0.44848314,0.034038953,0.0065763267,0.0069827973,0.0031821684,0.0011939625,0.00016467115,0.00025721773,0.00038750737
0.00064673484,0.0017110141,0.016231367,0.13713434,0.27784756,0.20970097,0.09471411,0.09330897,0.12186306,0.040587116,0.006254766
0.0006326871,0.0020144845,0.020252269,0.15675455,0.2664383,0.20788844,0.108724944,0.0969338,0.09516804,0.03857264,0.0066197813
0.0059150727,0.10806674,0.65987873,0.10936444,0.040819623,0.037226763,0.023003543,0.013230975,0.0005186847,0.0010536547,0.0009218221
0.00064560847,0.0024358132,0.025863547,0.17752543,0.25388208,0.20571801,0.121593714,0.09978484,0.07046984,0.035275124,0.006806004
0.0018970629,0.03137548,0.29059377,0.23673595,0.12906425,0.12492606,0.10234667,0.070488326,0.0034638082,0.0058825086,0.0032260895
0.0006344689,0.0018450218,0.017967705,0.14581557,0.2726122,0.20868526,0.101302505,0.09536677,0.10955176,0.039751124,0.006467683
0.0007109365,0.003986618,0.04449549,0.21761543,0.22614168,0.19272295,0.14312889,0.10181244,0.03591987,0.026778547,0.006687241
0.005731505,0.104082376,0.6535464,0.1131013,0.042833272,0.03919938,0.024567699,0.014298363,0.0005488838,0.0011303673,0.00096055237
0.0007847301,0.005667515,0.063157804,0.23557894,0.20967628,0.18284675,0.15140958,0.09964904,0.023482572,0.021588637,0.0061580804
0.000633141,0.001895378,0.018630933,0.14902942,0.27074963,0.20842667,0.10359012,0.095920995,0.10519143,0.039409522,0.0065227514
0.00065052597,0.002582534,0.027732193,0.18319252,0.25039804,0.20439494,0.12506102,0.100429066,0.06446374,0.034255475,0.006839927
0.0013919994,0.018909127,0.18608744,0.25659156,0.15434459,0.1457111,0.13078384,0.086847745,0.005920792,0.009178168,0.0042336616
0.00064552197,0.001729633,0.01646079,0.13831706,0.27712277,0.20974833,0.095509075,0.09353606,0.1201429,0.04050049,0.006287411
0.0007476681,0.005098211,0.056559417,0.22942695,0.21503736,0.18630147,0.15028673,0.100281894,0.026761992,0.023162518,0.006335795
0.0006323789,0.0019563572,0.019480947,0.15318829,0.2683157,0.20808256,0.10650022,0.09650084,0.09974443,0.03902331,0.006574949
0.006209815,0.1143144,0.6686499,0.10358719,0.03796589,0.034327146,0.020910146,0.011739871,0.00047775108,0.0009517865,0.0008661186
0.0006375925,0.0022511918,0.02346599,0.16954032,0.258993,0.20674612,0.116805546,0.09871298,0.07939447,0.036708314,0.0067445184
0.00063401536,0.002129759,0.021781676,0.16333021,0.26256222,0.2074193,0.113001555,0.09771534,0.08704144,0.037685696,0.006698763
0.0013078348,0.016664185,0.16687463,0.25913855,0.16062903,0.1468604,0.13614032,0.090988256,0.0066127703,0.0102670165,0.0045169657
0.00064155576,0.0017713837,0.016974356,0.14107049,0.27540877,0.20959912,0.09746357,0.09421746,0.116264835,0.04023343,0.006355054
0.0006328258,0.0020613289,0.020871464,0.15951332,0.26483265,0.20779325,0.110489264,0.09727159,0.091698065,0.038186003,0.006650266
0.0006331115,0.0019046793,0.018765347,0.14968526,0.2703415,0.20837966,0.10406613,0.09601049,0.10432578,0.039356213,0.0065318504
0.0006328576,0.0020248168,0.020379107,0.15732911,0.2660974,0.20789064,0.10908115,0.09701194,0.094427876,0.038496554,0.00662854
0.0007405097,0.0048322496,0.054174032,0.22768763,0.21715207,0.18778111,0.14871919,0.10042349,0.02828688,0.023825452,0.0063773408
0.0011376312,0.01363316,0.13807417,0.25474373,0.17326379,0.15687393,0.1437957,0.09250554,0.008609856,0.012428145,0.0049343416
0.00074865343,0.004983538,0.055998765,0.22957414,0.21558772,0.18699175,0.14909118,0.10019421,0.027171846,0.023338463,0.0063197194
0.0006492395,0.0025856162,0.027781522,0.18329746,0.2503212,0.20420517,0.12530623,0.10045278,0.064296976,0.034264877,0.006838945
0.0063216765,0.11589545,0.6710939,0.10231758,0.03711062,0.03334976,0.020322276,0.011349302,0.00046466565,0.0009256653,0.0008491463
0.0006928554,0.0034781178,0.03835712,0.20760117,0.23285055,0.19716679,0.13883406,0.102055475,0.04301344,0.029087685,0.0068627503
0.0010603353,0.011174302,0.115968704,0.2569875,0.17911854,0.16060947,0.14932412,0.095750086,0.010435752,0.014304381,0.0052668164
0.00074467243,0.004832799,0.054473933,0.22842394,0.21683775,0.18783437,0.14825708,0.10039114,0.028133035,0.023712339,0.0063589998
0.0009657964,0.00950425,0.10125817,0.25272566,0.18586329,0.16541488,0.15295196,0.097135805,0.012803651,0.015903877,0.0054727006
0.00080397824,0.006460213,0.070548885,0.2389425,0.20450695,0.17931019,0.15398236,0.09868854,0.020439122,0.020297838,0.0060194144
0.0011819737,0.014451614,0.14573337,0.25598606,0.16998841,0.15485577,0.14128204,0.09188529,0.0080177095,0.011791788,0.0048260204
0.0006328795,0.0018882592,0.018527899,0.14852118,0.2709898,0.20848213,0.10326902,0.0958455,0.1058785,0.03945182,0.0065130224
0.0006332557,0.001987125,0.019870523,0.1550424,0.2673319,0.20810525,0.10755098,0.096721634,0.09738289,0.038773425,0.006600599
0.00063301984,0.0018998502,0.018698517,0.14935265,0.27054772,0.20838128,0.10384351,0.0959663,0.10476287,0.039387025,0.0065272306
0.00065005413,0.002604744,0.028024245,0.18398568,0.24986042,0.2040568,0.12572585,0.10051495,0.06360158,0.034132726,0.006842987
0.00063194375,0.0019102405,0.018867023,0.15018198,0.27012146,0.20820175,0.10450509,0.09608191,0.10363695,0.0393272,0.006534502
0.0013920955,0.018657168,0.1835683,0.25735882,0.15539429,0.14433627,0.13134179,0.08839386,0.005935571,0.0093214745,0.0043003764
0.00076384813,0.005393234,0.060381435,0.23298676,0.21213742,0.18483175,0.150568,0.09969798,0.024747277,0.02229136,0.006201053
0.0006537181,0.001602598,0.014826516,0.12954009,0.28420252,0.2084189,0.08964718,0.091507256,0.13290627,0.040650234,0.006044734
0.0006489994,0.0016897393,0.015948022,0.13570446,0.27872834,0.20975879,0.09364127,0.09304156,0.12397272,0.04065027,0.006215797
0.00063310366,0.0018945811,0.01860783,0.14893983,0.27072912,0.20851655,0.103516035,0.09590562,0.105332755,0.039404564,0.0065200417
0.01792015,0.36880168,0.5420807,0.044820067,0.009392698,0.009487184,0.004691693,0.0018627307,0.00019156908,0.00031539792,0.00043612838
0.009152379,0.17746617,0.67622566,0.07583851,0.022391444,0.02020069,0.011585634,0.0056204195,0.00031474204,0.0005681713,0.00063621404
0.000635879,0.0022099947,0.022886155,0.1675118,0.2601806,0.20701247,0.11556216,0.098380186,0.08187053,0.037023336,0.006726865
0.0006329531,0.0020392847,0.02055334,0.158148,0.26560536,0.2079495,0.109549254,0.097103715,0.09341815,0.03836376,0.006636685
0.0006493777,0.0016938618,0.015984833,0.13589366,0.2785684,0.2098631,0.09371506,0.09307387,0.12370321,0.04063096,0.006223665
0.0006342694,0.002114937,0.021575317,0.16250086,0.2630413,0.20758896,0.11238392,0.09762161,0.08806503,0.037783723,0.0066900994
0.00089336216,0.00849547,0.09116538,0.2472203,0.19276966,0.17064783,0.15394533,0.096999645,0.014857239,0.017358314,0.00564744
0.00064371875,0.0024006313,0.025441565,0.17615901,0.25470963,0.20595433,0.120813884,0.099600516,0.07195366,0.035530787,0.00679225
0.0006537427,0.002644829,0.02846227,0.18527964,0.24896179,0.2039763,0.12635069,0.10060929,0.06239236,0.033814315,0.006854776
0.0006942769,0.0036255873,0.04013168,0.21066448,0.23086894,0.19540915,0.1405755,0.10206456,0.040679652,0.028467264,0.006818876
0.0006346254,0.0021439977,0.021969404,0.16407266,0.26213315,0.20736808,0.11345379,0.09781984,0.08612203,0.03757556,0.0067068315
0.0006503254,0.0016809967,0.015837518,0.1351031,0.27905127,0.20975822,0.09322835,0.092913866,0.12489313,0.040682435,0.006200813
0.0006602213,0.0028085378,0.030412482,0.19056101,0.2450962,0.20280407,0.12955026,0.10109501,0.057260923,0.03285212,0.0068990663
0.0006395124,0.0023060737,0.024194732,0.1720772,0.25737792,0.20650752,0.118314214,0.09906673,0.076473,0.036279045,0.006764084
0.0018293178,0.029322276,0.27222973,0.2419816,0.13219737,0.1285838,0.10703595,0.07338035,0.0037354154,0.006291509,0.0034127191
0.0006840734,0.0032437015,0.035618182,0.20247354,0.23616092,0.19961853,0.13606152,0.101884335,0.046998844,0.030327376,0.0069289813
0.0006329273,0.0019917148,0.019912021,0.15527683,0.26716438,0.20817362,0.107676975,0.096751176,0.09708851,0.038729712,0.0066021215
0.005629221,0.10211851,0.65005153,0.114806175,0.043929737,0.04044275,0.025445053,0.01485788,0.00056674524,0.0011663097,0.000986145
0.0006311932,0.0019604233,0.019531019,0.15341914,0.2683073,0.20794985,0.106717534,0.09653186,0.099364765,0.039011125,0.006575821
0.0006387685,0.0017962743,0.017317334,0.14278796,0.27442205,0.20926757,0.09882061,0.09466021,0.11381733,0.040073253,0.0063986513
0.0016014905,0.023568574,0.2255065,0.2511583,0.14396548,0.13739291,0.11920868,0.08136243,0.004681688,0.00767982,0.0038741683
0.00064624724,0.0017209535,0.016339187,0.13771282,0.2774336,0.20984872,0.09505391,0.093421295,0.12102628,0.04052646,0.006270543
0.025627531,0.5169459,0.41092584,0.030184181,0.0056859115,0.0061534415,0.002700155,0.0010099811,0.000156425,0.0002388629,0.0003718246
0.0006520149,0.0025993662,0.027912663,0.1837304,0.25000843,0.20431504,0.12538645,0.100470625,0.06396986,0.034111798,0.006843388
0.000633727,0.0020720474,0.020997606,0.16007899,0.26447383,0.20785113,0.11076709,0.09733856,0.09102838,0.03809833,0.0066603925
0.0006419027,0.0017580929,0.016841002,0.14029862,0.27595967,0.20941846,0.09705852,0.09401312,0.11732239,0.040353224,0.006335049
0.0006421293,0.0023517488,0.024749935,0.1740614,0.25600046,0.20647803,0.11934184,0.0993304,0.074342094,0.035919897,0.0067820786
0.0007287354,0.004603582,0.051352117,0.22471723,0.21967053,0.1889117,0.14792828,0.10090467,0.03012438,0.02458978,0.00646894
0.0015556784,0.022848208,0.21769169,0.2511279,0.14619502,0.14105213,0.121478476,0.081265695,0.004958,0.007921449,0.0039057808
0.033737,0.6597763,0.2768125,0.01935023,0.003550315,0.003992855,0.0015342869,0.0005944213,0.00013473483,0.00019252885,0.00032485792
0.0006330054,0.001975498,0.019695828,0.15427604,0.26768437,0.20826232,0.10703101,0.09663096,0.09837311,0.038848326,0.0065894886
0.00066069816,0.0028204406,0.030624628,0.19099489,0.24484159,0.20253833,0.12990703,0.101137586,0.056780785,0.03279326,0.006900712
0.00066351244,0.0028745153,0.031204771,0.19255017,0.24359961,0.2022687,0.13077998,0.1012496,0.05541445,0.03247843,0.0069162324
0.0006310443,0.0020170598,0.020308245,0.15699506,0.26640126,0.20769654,0.10904633,0.09696832,0.09478914,0.03853298,0.006613972
0.0007862766,0.005865423,0.06589294,0.23722912,0.20787573,0.18207937,0.15185541,0.09900681,0.022254087,0.021097286,0.0060575427
0.0006487515,0.001688812,0.015949823,0.1356588,0.27874413,0.20964687,0.0937111,0.09302573,0.12403207,0.04067937,0.006214564
0.0017899193,0.02875294,0.26868403,0.24232063,0.13366567,0.12904814,0.10762703,0.074441195,0.0037956994,0.0064319163,0.003442875
0.020991597,0.43070102,0.4885425,0.03819573,0.007608856,0.00793544,0.0037374333,0.0014290864,0.00017449171,0.00027869764,0.00040518303
0.0007457004,0.0047604865,0.05317868,0.22701158,0.21768545,0.18806322,0.1483365,0.10082695,0.028999496,0.023952682,0.0064393072
0.001405284,0.018919088,0.18604149,0.2570898,0.15468597,0.14377548,0.13072489,0.08802514,0.0058381795,0.009219978,0.0042746756
0.0006406019,0.0023512999,0.0248017,0.1741053,0.2560455,0.20617801,0.11962884,0.09935386,0.07416094,0.03595423,0.00677973
0.0007086077,0.0039724093,0.044283964,0.2171909,0.2263485,0.19266587,0.14329806,0.10186842,0.036103997,0.026860593,0.0066985693
0.00066084217,0.0028235933,0.030662492,0.19109313,0.24477099,0.20249501,0.12998572,0.101144135,0.056690082,0.032771986,0.0069020265
0.0006656038,0.0029193237,0.031808574,0.19391514,0.24261737,0.20174871,0.1317037,0.101365305,0.054092746,0.03223702,0.006926613
0.0007599164,0.0053372565,0.05922328,0.23187186,0.21284722,0.18527228,0.15069585,0.09989378,0.02531957,0.022517744,0.0062612444
0.0006326709,0.0020265752,0.020383703,0.15742187,0.2660293,0.208001,0.10906054,0.097023495,0.09433789,0.038455732,0.006627219
0.0006333609,0.0018564569,0.018128335,0.1465264,0.27223426,0.20846215,0.10192294,0.09551196,0.108562246,0.039681327,0.006480606
0.0006612306,0.0028441995,0.03084396,0.19163294,0.24431226,0.20244662,0.13029368,0.1011722,0.056226753,0.03266004,0.0069061485
0.00080606533,0.0061263065,0.06807199,0.2391161,0.20597287,0.18051954,0.15225454,0.09905644,0.02141546,0.020620443,0.0060403026
0.00063250656,0.0019502967,0.019390317,0.15276939,0.2685391,0.20813778,0.10620652,0.09644901,0.10028638,0.0390682,0.0065704905
0.00064293604,0.0017544511,0.016779687,0.13999146,0.27612108,0.20957415,0.09674982,0.09393277,0.117759116,0.040365465,0.0063290107
0.0006606481,0.0028068053,0.030423792,0.19053593,0.24514884,0.20270574,0.1296358,0.10110738,0.057259534,0.03281678,0.006898697
0.0006349959,0.001851851,0.01803711,0.14614318,0.2723743,0.20874691,0.10148001,0.095428474,0.10912607,0.039699644,0.0064775073
0.0006409812,0.0017777614,0.017074393,0.14154112,0.2751427,0.20943074,0.097884394,0.09432599,0.115603395,0.04020963,0.006368869
0.021923352,0.44823718,0.4729133,0.03652557,0.007182213,0.007541394,0.0035076293,0.0013311746,0.00017038676,0.0002699593,0.00039792748
0.0007288504,0.0045795105,0.050911047,0.22443902,0.21984033,0.18927173,0.14759924,0.10102413,0.030452337,0.02466061,0.0064932406
0.0054295287,0.09796918,0.64143974,0.11880391,0.046548326,0.043159027,0.027523734,0.016217558,0.0006097371,0.0012565926,0.0010426971
0.0033463228,0.059582274,0.49538127,0.17758143,0.08271618,0.08047505,0.057282288,0.037622795,0.0014234899,0.0027133406,0.0018755575
0.0006447521,0.0017339214,0.016515097,0.13858671,0.27698332,0.20970243,0.095727004,0.093601935,0.11971856,0.04049185,0.006294395
0.0006486095,0.002512145,0.026827672,0.18051575,0.2520976,0.20499317,0.123425454,0.10015941,0.06728105,0.034715235,0.0068239146
0.00063263206,0.0019193946,0.018964656,0.15069604,0.26977643,0.20831326,0.104759976,0.0961576,0.102973424,0.039261576,0.0065449886
0.00063665624,0.0022358394,0.023250233,0.1687664,0.259497,0.20679204,0.1163662,0.09858216,0.0802981,0.036836583,0.00673878
0.00063350954,0.0019253794,0.01903394,0.15104513,0.2694986,0.20840752,0.10493035,0.09619622,0.10255779,0.039218385,0.006553167
0.000675784,0.0031385634,0.03438986,0.19980225,0.23800227,0.20019715,0.13511547,0.10179017,0.048976395,0.03096195,0.006950167
0.0006391464,0.0022987274,0.024099309,0.17174953,0.2575892,0.20652093,0.118141375,0.09902433,0.076837,0.036338814,0.006761608
0.00063308683,0.0021319143,0.021854457,0.1635194,0.26254666,0.20716505,0.11329894,0.09775766,0.08669966,0.037693348,0.006699851
0.00064393395,0.0017467269,0.016664557,0.13938932,0.27641493,0.20974441,0.096278206,0.093790926,0.118605316,0.040406995,0.0063147005
0.00068047654,0.003256485,0.03575937,0.20269164,0.23605023,0.19913334,0.13652869,0.10192639,0.04667116,0.030376019,0.006926163
0.0052259695,0.09318435,0.62980235,0.12383035,0.04986227,0.046672273,0.030231,0.018024135,0.0006674161,0.0013811409,0.0011187322
0.00064279634,0.0017597483,0.016839156,0.14032832,0.27590212,0.20960794,0.09694046,0.09401903,0.117301755,0.04032079,0.0063379235
0.0015252263,0.02126902,0.2062338,0.2551532,0.14845942,0.140803,0.12438572,0.08457923,0.00516831,0.008349688,0.0040734345
0.00206944,0.034499235,0.31787765,0.23213786,0.12165284,0.118322976,0.095840625,0.06629097,0.0030457275,0.0052630943,0.0029995802
0.00065332185,0.0016494343,0.01543424,0.13292031,0.28064328,0.20947781,0.09176762,0.092398055,0.1281567,0.04075666,0.0061425758
0.00068716623,0.0033919974,0.03726484,0.20571896,0.2340445,0.19813536,0.13782589,0.101999395,0.04443601,0.029603424,0.006892464
0.023781631,0.4828726,0.44172284,0.033340484,0.0064057405,0.0068246652,0.0030919528,0.0011585549,0.00016311233,0.0002538458,0.00038461993
0.0007160976,0.0042374698,0.047299523,0.22062327,0.22345455,0.1910525,0.14543472,0.10146097,0.03330663,0.025822014,0.0065922523
0.0006660113,0.0029174427,0.03170407,0.19378753,0.24264863,0.20200105,0.13146657,0.10134695,0.05429144,0.032242257,0.006928049
0.006338606,0.117039405,0.6715039,0.10160341,0.03676004,0.03316061,0.02012318,0.011239473,0.00046340036,0.00091901363,0.00084901985
0.0014618463,0.019994857,0.1952182,0.25639388,0.15185867,0.14224954,0.12787218,0.086447306,0.0055139833,0.008807632,0.0041818745
0.00064779224,0.0016989363,0.01608227,0.13633846,0.27825275,0.20968391,0.0942206,0.09315547,0.12305374,0.040633198,0.006232884
0.0006415101,0.0023977824,0.025441041,0.17609291,0.2548169,0.20572779,0.12096888,0.09960742,0.07191119,0.03560477,0.0067897886
0.00063257746,0.0020657175,0.020964488,0.1598266,0.26470968,0.20760131,0.11080635,0.097315595,0.0912479,0.038175475,0.006654253
0.0073909517,0.13816723,0.68426025,0.088442735,0.029579414,0.026547108,0.015610062,0.008155973,0.0003834706,0.00071969617,0.00074305176
0.0006329567,0.0020029582,0.020089876,0.15604119,0.26680386,0.20797107,0.10822942,0.096846245,0.096108384,0.038661297,0.006612762
0.0006391948,0.0017861429,0.017190412,0.14215453,0.27485675,0.2092871,0.09836742,0.09449497,0.11469529,0.040147174,0.0063810158
0.0006315833,0.0018744763,0.018358894,0.14768283,0.27167067,0.20830718,0.102754846,0.09573798,0.10693297,0.03954905,0.0064995307
0.0006422186,0.0024237193,0.025772685,0.17713799,0.2541855,0.20548344,0.1216432,0.099741,0.07075003,0.03542388,0.0067963675
0.00063896325,0.002287279,0.023963466,0.17127626,0.25789258,0.20660536,0.117828034,0.09897371,0.07737942,0.03639854,0.006756359
0.00063556485,0.0018468857,0.017966656,0.14584087,0.27255663,0.20886262,0.10118871,0.09536028,0.109548524,0.039722353,0.006470926
0.00089524064,0.008118996,0.087838575,0.2489651,0.19297343,0.1707902,0.15374503,0.097859636,0.015617195,0.017489798,0.00570674
0.0006340527,0.0018942248,0.018602323,0.14888214,0.27077603,0.20853114,0.10343197,0.095886156,0.10542318,0.03941539,0.006523384
0.0006602227,0.002819934,0.030632967,0.19098909,0.24484022,0.20246993,0.12998384,0.101139925,0.056769848,0.03279441,0.0068996632
0.0010426202,0.010864683,0.11316273,0.2564195,0.18032986,0.1610371,0.15036125,0.096145436,0.010784898,0.014547384,0.0053044944
0.004565245,0.08064756,0.5934704,0.13944769,0.059734147,0.056989174,0.03780765,0.02341274,0.000852594,0.001746965,0.0013258111
0.0006456969,0.0017306643,0.016458943,0.13831213,0.27704498,0.20985526,0.09547929,0.09354353,0.12015378,0.040487774,0.006287946
0.0006908644,0.0035742144,0.039457373,0.20950325,0.23155864,0.19585519,0.14025368,0.10205027,0.04150397,0.028714497,0.0068380204
0.0029046289,0.05089049,0.44316077,0.19619745,0.093851276,0.091785364,0.06812247,0.045789924,0.0017895787,0.0033084059,0.0021996477
0.00064779125,0.0025122191,0.026787128,0.1804958,0.25210023,0.20506929,0.12333434,0.10015151,0.067321844,0.03475383,0.0068259626
0.0006350344,0.0018526004,0.018048642,0.14620869,0.27235034,0.20876363,0.1014984,0.09543867,0.109043285,0.03968255,0.006478113
0.0006327097,0.0019715438,0.019673437,0.15411577,0.2678335,0.2080986,0.1070206,0.09661752,0.09855378,0.03889484,0.006587728
0.00065296947,0.0016328089,0.015221766,0.13178572,0.28177914,0.20914967,0.091072574,0.092081696,0.12977318,0.04074292,0.0061075524
0.0019988217,0.033547897,0.30826446,0.23270969,0.1249372,0.121719666,0.098253846,0.06683585,0.003222468,0.0054376815,0.0030724148
0.0026667626,0.04680514,0.4098957,0.20629375,0.10116939,0.09906708,0.075474225,0.0504339,0.0020643326,0.0037295097,0.0024002257
0.0006390271,0.0017934961,0.017285554,0.14263043,0.2745193,0.20929272,0.09869478,0.09461252,0.11405128,0.040086437,0.0063945022
0.00075699,0.005302627,0.058640696,0.23116668,0.21337195,0.18542764,0.1507384,0.10004494,0.025606187,0.022661472,0.006282427
0.0010541321,0.011490437,0.11919702,0.25537896,0.17926204,0.16084895,0.14850177,0.09469464,0.010197954,0.014149149,0.005224943
0.0006337751,0.0018980318,0.018665774,0.14919731,0.27059644,0.20848347,0.10367144,0.09593402,0.105004445,0.039388288,0.0065269815
0.00063074875,0.0018902489,0.018568866,0.14877033,0.27099854,0.20828605,0.10353659,0.09589764,0.10546188,0.039448187,0.0065109204
0.009376471,0.18283325,0.6739663,0.07448999,0.021653706,0.019600593,0.011203512,0.0053881523,0.0003083017,0.00055478566,0.0006249016
0.0006426032,0.002411195,0.025602566,0.17662555,0.25447756,0.20569469,0.121220976,0.09967144,0.071351506,0.035506826,0.006795067
0.001144632,0.012924775,0.13130355,0.25975063,0.17328069,0.15485314,0.14546624,0.09465212,0.008805993,0.012779034,0.0050391997
0.0012139454,0.014570305,0.14763683,0.25983274,0.16747476,0.15096709,0.14119427,0.093173236,0.007647017,0.011511681,0.004778096
0.000694839,0.0035958434,0.039650526,0.210014,0.23123716,0.19600587,0.14002201,0.10208298,0.041270573,0.028588003,0.006838252
0.00069862045,0.0036377204,0.040255148,0.21089397,0.23066583,0.19541933,0.14059532,0.102094136,0.040606324,0.028316488,0.006817196
0.0015499081,0.022539986,0.21671984,0.25193077,0.14676376,0.13848138,0.12229597,0.082854226,0.0049138195,0.0079991035,0.003951229
0.00063433725,0.0018689977,0.018260907,0.14714938,0.27178448,0.20857814,0.102250196,0.09563488,0.10776308,0.03957664,0.0064989375
0.0025210292,0.04395296,0.3912605,0.2122987,0.10571821,0.10279165,0.079122566,0.053584766,0.0022338212,0.0040094503,0.002506358
0.00063642574,0.0018203731,0.017612524,0.1442431,0.27344427,0.20918107,0.09994622,0.095035285,0.11175023,0.039895695,0.0064348187
0.0015927311,0.023196965,0.22263706,0.2521586,0.14429301,0.1380738,0.1197993,0.08184083,0.004736018,0.0077702524,0.0039014937
0.0006932013,0.0034849138,0.038446452,0.20776507,0.23277904,0.19709373,0.13889131,0.10203753,0.042900737,0.029049344,0.0068586697
0.0012013197,0.014722677,0.14974734,0.25795758,0.16753227,0.15287662,0.14016935,0.09185648,0.0076946933,0.011500106,0.004741553
0.0006456286,0.0017267828,0.016432902,0.13816272,0.2772066,0.20971145,0.09543276,0.09350677,0.12037477,0.040516533,0.0062830956
0.0006361831,0.0021986573,0.022714503,0.16689716,0.2605156,0.20715632,0.11512169,0.09828281,0.08263814,0.037112888,0.006726083
0.0006324767,0.002023495,0.020384032,0.15732639,0.26612526,0.20781946,0.109130695,0.0970085,0.09442366,0.038500663,0.0066253813
0.0006582158,0.0028007966,0.030419791,0.19039911,0.24528398,0.20249033,0.1297704,0.101091154,0.057276275,0.032917652,0.006892194
0.0028504264,0.05045178,0.43659818,0.19759968,0.09546753,0.09330632,0.069852106,0.04640778,0.0018470358,0.003385191,0.002233929
0.00073920697,0.0046119005,0.051498372,0.22539037,0.21923734,0.18891925,0.14751182,0.10105208,0.030138632,0.02441564,0.0064854524
0.0006312393,0.0019383073,0.01923983,0.15204209,0.26895443,0.20811781,0.1058267,0.09634303,0.10119751,0.039152004,0.0065570907
0.0006505257,0.0025640216,0.027434058,0.18244377,0.25083145,0.20476878,0.124432564,0.1003419,0.065325946,0.03436904,0.0068378965
0.00063165865,0.002048562,0.020746183,0.15886284,0.26529005,0.20758706,0.11026092,0.09720974,0.092409365,0.038312856,0.0066407635
0.00063248345,0.0019608957,0.019533433,0.1534451,0.2681876,0.20809431,0.10663849,0.09653365,0.09940696,0.038988177,0.006578927
0.0006326601,0.002000164,0.020036204,0.1558499,0.26686168,0.20808356,0.10807202,0.096826136,0.09636679,0.038662747,0.006608181
0.0006417941,0.0023128935,0.024267562,0.17237963,0.257149,0.20669149,0.11827383,0.099119626,0.076197766,0.036195204,0.006771127
0.0012419365,0.015003934,0.15219302,0.26063457,0.16550142,0.15002403,0.13956991,0.09259096,0.0073692766,0.011162552,0.004708322
0.0006467682,0.0017138837,0.016258806,0.13728948,0.2777506,0.20975788,0.094779745,0.09333743,0.12163706,0.04056875,0.006259554
0.0031026755,0.055060964,0.4693171,0.18644126,0.08825865,0.08675153,0.06284457,0.041578256,0.0016101251,0.0029897643,0.0020451283
0.00070184976,0.0038007228,0.042044986,0.21398531,0.22850804,0.1941163,0.14188033,0.10208483,0.03843989,0.027658362,0.0067793797
0.0006376362,0.0017964168,0.017340424,0.14287215,0.27441713,0.20907235,0.09901339,0.09468829,0.11367225,0.040091954,0.0063980245
0.0009178007,0.008513699,0.09216337,0.25063175,0.19039607,0.16894189,0.15357248,0.097637095,0.014663239,0.016941935,0.0056206165
0.0031179492,0.054873444,0.4705613,0.18677352,0.08794545,0.085946314,0.062493388,0.041675963,0.0015906834,0.0029862553,0.0020356833
0.00063282705,0.0020343948,0.020519415,0.1579418,0.26578477,0.20783465,0.10947945,0.09708619,0.09364378,0.038408484,0.006634251
0.00070426316,0.0038395307,0.04248463,0.21471086,0.22802836,0.19388859,0.14208293,0.10206572,0.037953313,0.027473997,0.006767776
0.00064102723,0.0023467387,0.024739465,0.17391014,0.25615942,0.20627712,0.11943918,0.09932484,0.07440793,0.035974905,0.0067792325
0.00804604,0.1523107,0.6835639,0.08313781,0.026553102,0.023770433,0.013879676,0.007033596,0.00035458923,0.0006501311,0.00070000667
0.0006436786,0.0017534625,0.016744547,0.13983639,0.27619866,0.20974164,0.096524626,0.093903735,0.11796731,0.040358413,0.006327582
0.00063541083,0.0021674223,0.02232754,0.16537046,0.26147473,0.20716494,0.11427527,0.09804746,0.08444589,0.037375472,0.0067153974
0.0009675314,0.009689412,0.10252005,0.2518613,0.18637401,0.16661261,0.15179424,0.09623291,0.012556754,0.015904803,0.005486333
0.00095043675,0.0095045455,0.100154,0.249666,0.18755414,0.16794284,0.15286139,0.09647404,0.013099008,0.016253406,0.0055401786
0.005064742,0.089724466,0.62124866,0.12757091,0.05229518,0.04929732,0.032122448,0.01932183,0.00071026565,0.0014724185,0.0011717613
0.00063320197,0.0019110125,0.018855747,0.15014222,0.2700553,0.2083765,0.10436537,0.096073516,0.103739254,0.039309148,0.0065387497
0.00063203304,0.0020016124,0.02008503,0.15598829,0.26689634,0.20784475,0.10829779,0.096835,0.0961231,0.038687304,0.0066087907
0.001089898,0.012662233,0.1286301,0.25353965,0.17690028,0.15945685,0.14647663,0.0934657,0.009424813,0.013266101,0.005087812
0.0006368537,0.0018117646,0.017509855,0.14374143,0.27374756,0.20919737,0.09959349,0.09492127,0.112457626,0.0399601,0.006422641
0.00065005035,0.0016888223,0.01591034,0.13549669,0.27875137,0.20993195,0.09343008,0.093000144,0.12428572,0.04064192,0.0062128156
0.0017549164,0.028104236,0.26150823,0.24275503,0.13597701,0.13202447,0.10949021,0.07432957,0.0039898446,0.0065742894,0.0034921523
0.0030783417,0.054556873,0.46555972,0.18769187,0.08904768,0.087643445,0.06353212,0.04215888,0.0016358517,0.0030323423,0.0020628236
0.0078700865,0.14837125,0.6842242,0.0844268,0.027310954,0.024453146,0.014304636,0.007300096,0.00036171149,0.00066665595,0.0007105197
0.0006379482,0.002308752,0.024267469,0.17226115,0.25728214,0.20628858,0.11863796,0.09910105,0.076190636,0.036263715,0.00676059
0.0006846769,0.003375792,0.037118368,0.20531802,0.23424171,0.19806276,0.13795306,0.10199703,0.044653688,0.029700167,0.0068948125
0.00072056253,0.004376762,0.048653867,0.22210719,0.22199638,0.19034104,0.14643861,0.101313636,0.03215709,0.025337156,0.006557726
0.002385016,0.041317504,0.37104705,0.21806732,0.11031799,0.107170366,0.083488755,0.056821235,0.0024362302,0.0043201195,0.0026284687
0.00063513574,0.0021495298,0.02203498,0.1643425,0.2619841,0.2073937,0.11356674,0.097856015,0.08580127,0.037526034,0.0067099566
0.00082984613,0.0066107307,0.073520675,0.2427658,0.20165506,0.17711422,0.15375908,0.098712415,0.019507045,0.019594701,0.0059304265
0.00066451513,0.0029294728,0.03187985,0.19412954,0.24235387,0.2016744,0.13196352,0.10138794,0.053905293,0.03218398,0.0069276933
0.00063425937,0.0021528767,0.022106156,0.16459714,0.2618854,0.20725113,0.113825575,0.09790149,0.085444674,0.037494548,0.0067067407
0.0010732852,0.011400728,0.117865436,0.2574674,0.17835288,0.15998103,0.1487497,0.095554024,0.010204409,0.014106726,0.0052444255
0.021153672,0.43237117,0.48712653,0.037986767,0.007530293,0.007852416,0.0037106245,0.0014130034,0.00017403981,0.00027751568,0.00040398343
0.00066151586,0.0028249798,0.030673873,0.19113804,0.24471971,0.20256302,0.1299303,0.10115906,0.05666526,0.03276056,0.0069037573
0.0007314736,0.004593727,0.05116291,0.22488898,0.21956132,0.18930754,0.1474448,0.10095572,0.030296264,0.024572492,0.0064847954
0.00069683534,0.0037098862,0.04103371,0.21223679,0.2296896,0.19473848,0.14135021,0.102079004,0.039593287,0.028071593,0.0068006846
0.0006417781,0.0017604595,0.016876312,0.14048003,0.2758405,0.20938164,0.09720503,0.094047986,0.11708876,0.04033831,0.006339182
0.00063267763,0.0020343633,0.0204968,0.15789846,0.2657556,0.20793606,0.10940883,0.0970771,0.09373013,0.03839782,0.006632145
0.00063669716,0.001821524,0.017646812,0.14436695,0.2733931,0.20908095,0.10006886,0.09505529,0.11159253,0.039897565,0.006439736
0.00068600546,0.0033473168,0.03686333,0.20476541,0.23469657,0.19830197,0.13762349,0.10195573,0.04508521,0.02978303,0.006891964
0.0006433241,0.0017530007,0.0167425,0.13982944,0.27615973,0.20972335,0.096567884,0.09389999,0.117999345,0.04035665,0.0063248426
0.0006516883,0.0026063467,0.028014982,0.18402353,0.24983875,0.20423853,0.1255438,0.10050853,0.06362692,0.03410027,0.0068467343
0.0006434361,0.0017558492,0.016769037,0.13997072,0.27613577,0.20971681,0.09662297,0.093938164,0.11776554,0.040351205,0.0063305274
0.0045183967,0.07999211,0.59080833,0.1405601,0.060355283,0.057670698,0.03832372,0.023792904,0.00086617755,0.0017714152,0.0013409411
0.0006329747,0.0020285577,0.020411782,0.15752374,0.26595786,0.20798308,0.109145865,0.097017884,0.09422162,0.038448162,0.006628483
0.0006983125,0.0036423292,0.04031971,0.21098621,0.23058295,0.19534445,0.14069308,0.102099776,0.040521245,0.028296968,0.006814961
0.00071704696,0.004107238,0.04584301,0.21912806,0.22470132,0.19160353,0.14453499,0.10179926,0.034688257,0.026222918,0.006654355
0.0006327595,0.0020115823,0.020212779,0.15658347,0.26652035,0.20790264,0.10860999,0.09691009,0.09540184,0.038596634,0.0066178553
0.0006982426,0.0036938002,0.040782087,0.211938,0.22993958,0.19508833,0.14092974,0.10209658,0.039884254,0.028138762,0.006810609
0.0006348009,0.001846924,0.01796773,0.14584297,0.27250835,0.2088327,0.10126317,0.09537214,0.10954018,0.0397222,0.0064688073
0.0013602055,0.017797697,0.17678884,0.2585613,0.15717559,0.14516512,0.13329738,0.08962246,0.0061748447,0.009676211,0.0043804
0.0013370755,0.017074028,0.17082125,0.25977147,0.15887102,0.14608133,0.13471366,0.090431735,0.0064122477,0.010020455,0.004465721
0.0014948645,0.02075317,0.20184498,0.25535625,0.15003188,0.14125136,0.12597492,0.08533712,0.0053096274,0.008532514,0.0041132914
0.0007114539,0.0040821554,0.04553685,0.2186571,0.22512706,0.1919728,0.14424475,0.101709805,0.034889176,0.026415015,0.0066537946
0.0007653258,0.0051987157,0.058140907,0.23161234,0.21357186,0.18543431,0.150066,0.10020142,0.026013918,0.022701738,0.006293482
0.0012650804,0.016144414,0.16257298,0.2581272,0.16248718,0.15018952,0.13690321,0.090234995,0.0069586392,0.0105785625,0.004538198
0.00064797525,0.0025111074,0.02678878,0.18048517,0.25207603,0.20508356,0.12332456,0.10016548,0.06734146,0.034749992,0.006825868
0.00074863364,0.0048299213,0.05407181,0.22784401,0.2169414,0.18740855,0.14884432,0.10073371,0.028441213,0.023728332,0.0064081177
0.0017003712,0.02652945,0.24985617,0.24601525,0.13826178,0.13295667,0.11263688,0.07732092,0.0041486337,0.0069534057,0.003620467
0.0060040206,0.10983663,0.662682,0.10769205,0.039927144,0.036319494,0.022341637,0.012766469,0.0005051513,0.0010216937,0.0009037709
0.00067559717,0.0031666176,0.034759205,0.20052955,0.23754616,0.19982824,0.13554062,0.101809725,0.04833327,0.030870985,0.006940047
0.0011892006,0.013901606,0.14145713,0.26051846,0.16943547,0.152425,0.14255817,0.09366665,0.008036458,0.011948336,0.004863592
0.016710877,0.3436092,0.5631337,0.047822956,0.010261683,0.010229253,0.005163501,0.002084321,0.00020006849,0.00033364756,0.00045080154
0.00065097085,0.0016658616,0.015672734,0.13417073,0.2796274,0.20950517,0.09274497,0.09273265,0.12628232,0.04077326,0.0061739045
0.0006326201,0.002034224,0.020493334,0.1578817,0.2657739,0.20793207,0.10940129,0.09707384,0.09374389,0.038401242,0.0066318843
0.00069885055,0.0037084287,0.04096164,0.21223778,0.22972083,0.19498523,0.14103718,0.10209674,0.039679218,0.028068155,0.00680601
0.00064115535,0.002357388,0.024843954,0.17433336,0.25584108,0.20629537,0.1196565,0.09937017,0.07399393,0.035886284,0.006780795
0.00066164514,0.0028320118,0.030746141,0.19132027,0.24458529,0.20250477,0.1300545,0.10117455,0.056484025,0.032730795,0.0069060326
0.015283634,0.31338224,0.5876192,0.05175248,0.011453224,0.011235328,0.005827866,0.0024038253,0.00021218226,0.00035871705,0.000471361
0.000654653,0.0016292259,0.01513331,0.13131037,0.28223044,0.20922835,0.090638384,0.091920264,0.13047282,0.040686697,0.0060954858
0.018746136,0.38613886,0.5273421,0.042862065,0.008850005,0.009016697,0.004399897,0.0017271902,0.00018640564,0.00030399967,0.00042663145
0.007942159,0.14913979,0.6845025,0.08412164,0.02709428,0.024124365,0.014152588,0.007200052,0.00035826766,0.0006600186,0.00070429815
0.00063485344,0.0021247766,0.02169701,0.16301022,0.26272133,0.20757507,0.112681895,0.0976728,0.08746948,0.037714507,0.00669802
0.00069181644,0.003534946,0.038944148,0.20874509,0.23208271,0.19656473,0.13947208,0.1020611,0.04216113,0.028890038,0.006852219
0.0053801253,0.09678465,0.63869494,0.12003991,0.04733513,0.043983843,0.028171176,0.016641436,0.0006231964,0.0012855615,0.0010600387
0.0041093733,0.07330652,0.56338805,0.1518127,0.066880494,0.06460805,0.043708097,0.027649224,0.001011494,0.0020319854,0.001493939
0.0006674545,0.0029489608,0.032151237,0.19469683,0.24194811,0.20156431,0.13224772,0.10142227,0.053396385,0.03202671,0.0069300686
0.005151073,0.0918786,0.62594855,0.12535445,0.050976053,0.047782157,0.031067168,0.018588876,0.00068734534,0.0014220222,0.0011436921
0.0006500196,0.002535516,0.02706913,0.18137687,0.25152302,0.20505403,0.1237027,0.100239,0.06645197,0.03456449,0.006833208
0.0006370235,0.0022228134,0.02303144,0.1680842,0.25984907,0.20708443,0.11577523,0.09845885,0.08121199,0.03691152,0.0067334296
0.00063260464,0.0020740544,0.021044752,0.16023107,0.26442468,0.20768005,0.111018874,0.09736232,0.09077213,0.038100444,0.0066590044
0.00064839737,0.0025477584,0.027298875,0.18190733,0.25123996,0.20457864,0.12436164,0.10031335,0.065755226,0.034516796,0.0068320306
0.00064496923,0.0024463185,0.025989305,0.17798531,0.253585,0.20563908,0.12184652,0.09985639,0.06998289,0.035216905,0.0068073724
0.0006473878,0.0024981946,0.026628507,0.17998712,0.2523916,0.2051822,0.12303164,0.100111514,0.06785849,0.034841374,0.0068219835
0.0006381652,0.0022591462,0.023566306,0.16990532,0.25873724,0.20674267,0.11703477,0.09874388,0.07901788,0.036610637,0.0067439456
0.00064479676,0.0024410756,0.02596306,0.17780568,0.25377214,0.20554116,0.12181331,0.09983553,0.0701027,0.035274744,0.0068057775
0.004198229,0.07468407,0.5700462,0.14926586,0.06535678,0.06294365,0.0423843,0.02672324,0.0009741227,0.00196879,0.0014547464
0.0019711996,0.03254277,0.3012832,0.2354874,0.1258649,0.122027524,0.09982074,0.068972886,0.0032774557,0.0056169243,0.0031350597
0.006111854,0.111723356,0.6660007,0.10577933,0.03901377,0.035199497,0.021599587,0.012218662,0.00048948114,0.0009827305,0.00088101975
0.00077251176,0.0053744167,0.059958898,0.23311357,0.21213382,0.18463588,0.1505052,0.09994773,0.02503204,0.022279764,0.006246177
0.0006807086,0.0032434752,0.035636805,0.20246845,0.23620337,0.19935215,0.13627109,0.1019019,0.046892058,0.030422369,0.006927595
0.0006763503,0.0031382558,0.03431825,0.19978093,0.23801959,0.20047542,0.13479978,0.10175573,0.049082246,0.031000456,0.006952958
0.00074280734,0.004698575,0.052549656,0.22645642,0.2183343,0.18832558,0.14802654,0.10087639,0.029417856,0.024122879,0.0064489944
0.0006456995,0.0017304883,0.016451705,0.1382914,0.27707294,0.20988226,0.09543462,0.09354285,0.12017703,0.04048383,0.0062871506
0.00065095903,0.0025717441,0.027536785,0.18274203,0.25061646,0.20471159,0.12460418,0.10038238,0.065025516,0.03431893,0.0068394137
0.0006486762,0.0016886272,0.015953902,0.13568772,0.27872851,0.20963152,0.09373493,0.093033105,0.12400415,0.04067396,0.0062149107
0.02576054,0.5196019,0.40850922,0.029945832,0.0056382697,0.0061081997,0.002672398,0.000999148,0.00015596166,0.00023769219,0.00037084724
0.0006415436,0.001770895,0.016974023,0.14104557,0.27540487,0.20955612,0.09749136,0.094210245,0.11630513,0.04024536,0.006354844
0.00063549285,0.0018434037,0.017924825,0.14563635,0.27265432,0.20885213,0.101078816,0.09532419,0.10982356,0.039759476,0.0064674173
0.00085242244,0.0075499197,0.08129687,0.24418959,0.19780761,0.17480811,0.15401274,0.097812146,0.017199237,0.01864054,0.005830819
0.0006339826,0.0018974992,0.018645598,0.14910847,0.2706467,0.20853263,0.10357538,0.095923886,0.10511801,0.039391104,0.0065267235
0.0006763713,0.0031793392,0.0349228,0.20087628,0.23729952,0.19972087,0.13569984,0.1018265,0.04806986,0.03079133,0.0069373483
0.00068732054,0.003416152,0.03767625,0.20633084,0.23371215,0.1976006,0.13832438,0.10201403,0.043881197,0.029479302,0.00687771
0.00091525266,0.008915023,0.094509415,0.24799578,0.19075964,0.16984794,0.15345271,0.09689736,0.014165333,0.016916856,0.0056247255
0.033895876,0.662428,0.27427143,0.019171366,0.0035182543,0.0039592646,0.0015171595,0.00058840355,0.00013437873,0.0001918346,0.00032408044
0.0010502979,0.011342967,0.11776746,0.25543705,0.17967258,0.16134629,0.14863834,0.09488056,0.01033893,0.014269336,0.0052562584
0.032457005,0.63806313,0.29755855,0.020835614,0.0038186149,0.0042760647,0.0016787701,0.0006448499,0.00013776707,0.00019827526,0.00033139595
0.0006332736,0.0020675017,0.020947887,0.15984182,0.26461828,0.20779672,0.11068565,0.09730371,0.091306664,0.038142882,0.0066556176
0.0047717234,0.084139735,0.6052861,0.13426782,0.05676884,0.053852346,0.03549253,0.021727012,0.00079334574,0.0016367603,0.0012637015
0.001613213,0.023755837,0.22743143,0.2513907,0.14312091,0.13712265,0.11843159,0.081053905,0.0046187583,0.0076095965,0.0038513755
0.000643475,0.0017511992,0.016743144,0.13978347,0.27622345,0.2095932,0.096609935,0.09386775,0.118073,0.04038698,0.006324413
0.0032960176,0.058175564,0.48856306,0.1802138,0.08397809,0.081981726,0.058778442,0.03884151,0.0014653362,0.0027886292,0.0019177928
0.0044483854,0.07861128,0.58641076,0.1427493,0.061438516,0.058615938,0.03919314,0.02447487,0.00088546844,0.0018167543,0.001355583
0.00064628525,0.0017129306,0.016258948,0.13726634,0.27771333,0.20969255,0.09485653,0.093338065,0.12168069,0.040576924,0.0062574307
0.0006436188,0.002399598,0.025426146,0.17612292,0.25478896,0.20595981,0.12072087,0.09960248,0.07196437,0.035576046,0.006795101
0.0006422975,0.0023765522,0.025094543,0.17514023,0.25533208,0.2062132,0.12010032,0.099475354,0.07310397,0.035734195,0.00678731
0.00067436,0.0030662743,0.0334627,0.19793427,0.23940471,0.20119765,0.13361661,0.101631,0.05066834,0.031386446,0.006957564
0.0014685252,0.020787189,0.20025861,0.25390264,0.15058805,0.14433677,0.12638074,0.084124334,0.0054703997,0.0085953055,0.004087403
0.00063264515,0.002032954,0.020476466,0.1578235,0.26580966,0.2079462,0.10934485,0.09706401,0.09383358,0.03840552,0.0066305813
0.029924436,0.5944764,0.33893692,0.023963898,0.0043907408,0.004860589,0.0019935786,0.00075464236,0.00014408784,0.0002107053,0.0003440849
0.0042924504,0.076217905,0.57626987,0.14670268,0.06384893,0.061387617,0.04117251,0.025838535,0.00094133196,0.001907854,0.0014203328
0.00063253625,0.0020001682,0.020035379,0.15583381,0.26689023,0.20805885,0.108083375,0.09681565,0.09637187,0.038670767,0.006607357
0.00064751995,0.0025298742,0.027035568,0.18120615,0.25163263,0.20481247,0.12389538,0.10023643,0.06654964,0.03462661,0.0068277526
0.0006327252,0.0019292712,0.0191107,0.15140092,0.26932886,0.20825902,0.10526375,0.09624844,0.10207075,0.03920096,0.0065545915
0.016719181,0.3442853,0.56257796,0.0477425,0.010240289,0.010218866,0.0051539703,0.002078107,0.00019999965,0.00033311953,0.00045065524
0.023304652,0.4745651,0.4492203,0.03410731,0.0065992167,0.0070037316,0.0031919228,0.0011976608,0.00016485703,0.00025750045,0.00038775595
0.0028408214,0.050034784,0.43430364,0.1985439,0.09570521,0.09395041,0.07028986,0.046806395,0.0018601853,0.0034111713,0.002253546
0.0006336139,0.0020320213,0.020467067,0.15773873,0.26588288,0.20793766,0.10925869,0.09704086,0.09394508,0.038429555,0.006633838
0.0007866476,0.0059200083,0.06630429,0.2376346,0.20758437,0.1816301,0.1519138,0.09909658,0.022074487,0.021015676,0.006039473
0.0006540298,0.0016172726,0.015014007,0.13061088,0.28298718,0.20881766,0.09031551,0.091739014,0.13147812,0.040692016,0.0060742944
0.013271207,0.26787508,0.6215653,0.05875297,0.013926747,0.013200914,0.007150056,0.003098532,0.00023835835,0.00040909267,0.0005118071
0.00063475984,0.0021468245,0.02205503,0.16432385,0.26205143,0.20723861,0.113661215,0.097882956,0.08575212,0.03754563,0.00670756
0.0006326381,0.0019923898,0.019931456,0.15536174,0.2671313,0.20812143,0.107764214,0.09676164,0.09697803,0.03872358,0.0066015376
0.006292875,0.11529399,0.67042977,0.10278221,0.037377317,0.03360317,0.020495426,0.011470109,0.00046807172,0.00093371206,0.0008533362
0.0054171714,0.0977665,0.64088744,0.119027324,0.046714924,0.04331668,0.027648313,0.016300369,0.0006126192,0.0012622422,0.0010464401
0.0020013717,0.03307265,0.30310947,0.23486274,0.12510946,0.12209253,0.09960531,0.06819808,0.003259531,0.00555377,0.0031350772
0.0006331615,0.0019072234,0.01880438,0.14988405,0.27022415,0.20838112,0.104190595,0.096033,0.10407417,0.03933389,0.0065343264
0.0010808492,0.011661634,0.11961974,0.25718147,0.17791998,0.15887418,0.14882228,0.09567664,0.010007243,0.013925896,0.0052300678
0.00080205395,0.0063804816,0.069878384,0.23878288,0.2049819,0.17991967,0.15344119,0.09869738,0.0206873,0.020405896,0.0060228836
0.00064404483,0.0024188343,0.02569207,0.17693546,0.2542685,0.20574774,0.121287584,0.09971827,0.07105368,0.035433847,0.00679992
0.00082633493,0.006857957,0.07485691,0.2418575,0.20139039,0.17761737,0.15388726,0.09817569,0.019037504,0.01956236,0.0059307045
0.0006324523,0.0020125827,0.020198908,0.15658495,0.2665061,0.20800121,0.10855765,0.09690752,0.095407315,0.03857517,0.0066161673
0.0012457919,0.016003503,0.160121,0.25608498,0.16434641,0.15199833,0.1377612,0.08998157,0.007168026,0.010717222,0.004572009
0.0006433013,0.0023968837,0.02535056,0.17596947,0.25481734,0.20608726,0.120580986,0.09957654,0.07219704,0.035586767,0.0067938794
0.0006456682,0.0024451008,0.025945453,0.17788117,0.2536788,0.20573856,0.12167982,0.099821135,0.07012126,0.03523435,0.006808708
0.00064435526,0.0017244605,0.01640696,0.13805269,0.2773351,0.20962206,0.09542461,0.09348757,0.120490015,0.040536847,0.006275318
0.0016414453,0.024736231,0.235318,0.24937314,0.14137724,0.13567595,0.11646501,0.07982969,0.004442382,0.00737335,0.0037675896
0.011906198,0.23902406,0.64166445,0.06345117,0.01594181,0.014882795,0.008208735,0.0036752475,0.0002572144,0.00044734517,0.00054098765
0.0007344285,0.0047292416,0.052555818,0.22597325,0.21835129,0.18838112,0.1485458,0.10078963,0.029294336,0.024197996,0.0064470535
0.00065332465,0.0016398604,0.015305603,0.13222091,0.28129,0.20932367,0.09135275,0.09219861,0.12915386,0.04074188,0.0061195674
0.0006351237,0.0018430464,0.017943177,0.14569387,0.27263293,0.20875147,0.10119012,0.09533083,0.10975063,0.039762303,0.006466503
0.0007331542,0.0045970036,0.051586498,0.22547932,0.2194349,0.18922642,0.14715119,0.10080282,0.030027641,0.024513712,0.0064473813
0.0009546551,0.009376027,0.09988343,0.25161797,0.18677075,0.16651815,0.1530534,0.0970893,0.013107749,0.016131187,0.0054973755
0.00065144367,0.0026344147,0.028354794,0.18497278,0.2491701,0.20387961,0.12634426,0.1006099,0.06264147,0.033891298,0.006849956
0.00065828324,0.0027543595,0.029770466,0.18890691,0.24632087,0.20328563,0.12846136,0.10094552,0.058861144,0.033151254,0.0068842014
0.000730971,0.004423712,0.049385563,0.2232031,0.22121765,0.189995,0.14641291,0.101336055,0.03170199,0.025046406,0.0065466007
0.0007873488,0.0057237404,0.06381152,0.23611131,0.20918904,0.18250579,0.15151997,0.09956975,0.023190012,0.021453887,0.0061376244
0.0015100078,0.02123879,0.20605709,0.25426486,0.14910011,0.14045066,0.12506844,0.08466682,0.005190746,0.00838402,0.0040684375
0.00063819904,0.0018017471,0.01737322,0.14308667,0.27416435,0.20932922,0.099028334,0.094749644,0.11339869,0.0400237,0.0064061824
0.00067122804,0.0030833336,0.03379214,0.19837672,0.23904394,0.20044382,0.13453612,0.10169626,0.050042577,0.031360414,0.0069533964
0.000679252,0.0031623514,0.03467971,0.20052998,0.23763609,0.20029001,0.13496767,0.10177681,0.048495118,0.030840516,0.006942491
0.0367664,0.7069692,0.23124522,0.016239086,0.0030071097,0.0034118316,0.0012451382,0.0004942003,0.00012893253,0.00018122328,0.00031179423
0.00065422046,0.0015803265,0.014558671,0.12802587,0.28614885,0.20770791,0.08864113,0.09108271,0.135108,0.040496316,0.005996017
0.016355874,0.33679104,0.5687657,0.048654433,0.010520445,0.01045643,0.0053086686,0.0021500979,0.00020285892,0.00033896737,0.0004554988
0.00088400056,0.00788043,0.085372515,0.24800628,0.19450389,0.1720621,0.15358913,0.09790957,0.016191045,0.017849267,0.0057517984
0.0006845347,0.0033238516,0.036485594,0.2042454,0.23498671,0.19880918,0.13706493,0.10195029,0.04557842,0.02996038,0.006910774
0.00064180925,0.0017686377,0.016953245,0.14092928,0.27554375,0.20952235,0.097394966,0.094173044,0.116455,0.04026534,0.0063525946
0.00073112315,0.0046297843,0.051457904,0.22498307,0.21932112,0.18901633,0.14785835,0.10095777,0.030062696,0.024502784,0.006479076
0.0006519842,0.002636822,0.028400904,0.18505488,0.24910171,0.20385414,0.12640491,0.10060922,0.062562406,0.03387369,0.006849329
0.000634598,0.0021353406,0.021838468,0.16357966,0.2624003,0.2074564,0.11310515,0.09774155,0.08675614,0.037647817,0.0067046084
0.0006325886,0.0019522619,0.01941278,0.15288919,0.26847598,0.20816383,0.10625324,0.096469656,0.10013194,0.039045986,0.0065726074
0.0006516482,0.0016716816,0.01571022,0.13441399,0.27944508,0.20976187,0.09274391,0.09277739,0.12591703,0.04072355,0.0061836406
0.00063389493,0.0018961444,0.018625928,0.14900737,0.27071255,0.20852584,0.103514366,0.09591099,0.10524484,0.039402835,0.0065252315
0.0060795257,0.11138012,0.6648073,0.10631713,0.039223783,0.035594184,0.021817254,0.01239953,0.0004949008,0.0009963516,0.00088985136
0.00065442984,0.0016036469,0.014820862,0.12950976,0.28417164,0.20856458,0.08957321,0.09149272,0.13295317,0.0406119,0.006044063
0.0006403091,0.0017756806,0.017039208,0.14140363,0.2752532,0.20945376,0.09777821,0.09430717,0.115772605,0.04021451,0.0063617122
0.00070065237,0.0038793,0.043004695,0.21521692,0.22755457,0.1932149,0.14301802,0.10200692,0.037349287,0.02730826,0.0067465054
0.00069204316,0.003449442,0.038031843,0.20701247,0.23320325,0.19748773,0.13851662,0.10204939,0.043462973,0.029222252,0.006872039
0.0014651883,0.020291323,0.19741218,0.25543302,0.151563,0.14199695,0.12744793,0.08605968,0.0054616234,0.008712975,0.004156174
0.00063313957,0.0019178987,0.018940538,0.15057983,0.26981992,0.20837672,0.10464026,0.09613174,0.10315135,0.039264265,0.006544328
0.000748132,0.0050037354,0.05608556,0.22947663,0.21554765,0.18690278,0.14928715,0.10019303,0.0271049,0.023327865,0.0063225795
0.0025874423,0.045569178,0.40128598,0.20874617,0.10350852,0.10104285,0.07721639,0.05159978,0.0021452778,0.0038535134,0.0024448913
0.0006331433,0.0020240028,0.020379102,0.1573326,0.266089,0.20791206,0.109051526,0.097009994,0.09445562,0.038485046,0.006627927
0.00066378,0.0028605703,0.031014359,0.19212301,0.24394281,0.20250575,0.13037345,0.10120933,0.05584213,0.032549825,0.0069149574
0.015914947,0.32724032,0.57651913,0.049897306,0.01088672,0.010766707,0.0055112797,0.002248401,0.00020651349,0.00034682365,0.00046174164
0.0006784901,0.0031753676,0.034762077,0.2007499,0.2373222,0.20020218,0.13523729,0.10181801,0.04833239,0.030775186,0.0069469153
0.03372853,0.65950227,0.27706367,0.019373491,0.0035525097,0.003995863,0.0015361367,0.00059513346,0.00013476638,0.0001926351,0.00032495352
0.00066491443,0.0028886574,0.031355947,0.19295949,0.2433207,0.20223697,0.13093203,0.10126282,0.0550639,0.032393686,0.0069208266
0.0006354552,0.0018419116,0.017884362,0.14547646,0.27270943,0.20897467,0.10092157,0.095296964,0.11003583,0.039760586,0.006462734
0.00065206154,0.0026714895,0.028835254,0.1862345,0.24831396,0.2034939,0.12720774,0.10072462,0.06129246,0.033715274,0.006858748
0.0007638021,0.005489031,0.06058566,0.23257081,0.21195126,0.18441108,0.1514112,0.09978706,0.02458291,0.022218468,0.0062287077
0.00063538144,0.0021788115,0.022476556,0.16593939,0.26113495,0.20707166,0.11468749,0.09813068,0.08376105,0.03726728,0.0067167296
0.0006400175,0.002363123,0.024965346,0.1745985,0.25578263,0.20599449,0.12004059,0.099392764,0.073570766,0.035871726,0.006780041
0.0006361555,0.0018300035,0.017734077,0.14480782,0.27310994,0.2091184,0.100363635,0.09514955,0.11097764,0.039825458,0.0064473804
0.0006336156,0.0021058312,0.021482667,0.16203149,0.26341614,0.20745522,0.11219308,0.09756686,0.08855246,0.0378788,0.0066838525
0.00070806296,0.003963241,0.043949734,0.21681114,0.22651339,0.19285357,0.14319763,0.10195623,0.03640407,0.026921391,0.0067214915
0.029703917,0.5910299,0.34212154,0.024261462,0.004460821,0.004931956,0.0020222107,0.00076622603,0.00014460422,0.00021177625,0.0003456251
0.0006483175,0.0016961023,0.016033616,0.1361158,0.27846095,0.20972596,0.093977,0.09311717,0.12335591,0.040641513,0.006227654
0.0009181118,0.009090769,0.09595765,0.24775457,0.19038562,0.16927646,0.15353692,0.09681809,0.013874941,0.016789353,0.005597521
0.004734164,0.08308214,0.6032471,0.1354012,0.0573217,0.054498445,0.03592241,0.022061206,0.0008023241,0.0016571593,0.0012721135
0.00063360797,0.0019032899,0.018717391,0.14949976,0.2703653,0.20857476,0.103845686,0.09597952,0.10460728,0.03934393,0.006529496
0.003331973,0.059436023,0.49529997,0.17737277,0.0825464,0.08061749,0.05772873,0.037646934,0.0014245767,0.0027071189,0.0018881289
0.000635186,0.0021543752,0.022138914,0.16466561,0.26185262,0.20724587,0.113840476,0.09793335,0.08533093,0.03749,0.006712645
0.0006479263,0.0017060477,0.016147893,0.13672256,0.27807024,0.20982943,0.09433749,0.0932324,0.12246706,0.040593512,0.0062453714
0.0006330838,0.0020106623,0.02018875,0.15649676,0.26658094,0.20796174,0.108494796,0.09689598,0.095522396,0.038597,0.006617926
0.0006702924,0.003020549,0.032949753,0.19668017,0.24033597,0.2012896,0.13319778,0.10156553,0.051684413,0.031657428,0.0069485577
0.0012058236,0.014381697,0.14584757,0.25992402,0.16812989,0.15145661,0.14155568,0.093287095,0.007764632,0.0116424505,0.0048044603
0.00063804415,0.0018024904,0.017395739,0.14317746,0.27409494,0.20926225,0.09914746,0.094764434,0.113289885,0.040019315,0.0064079254
0.00065382477,0.001648376,0.01540069,0.1327529,0.2808106,0.2095248,0.09160472,0.09234099,0.12838463,0.040740807,0.0061377003
0.00063345826,0.0019028295,0.018708603,0.14945093,0.27039528,0.20855309,0.103835426,0.09597509,0.104661174,0.039355002,0.006529174
0.002048291,0.034426,0.3166001,0.23167875,0.122499146,0.118991844,0.09613359,0.06623921,0.0030806267,0.0052999756,0.0030025062
0.0006340616,0.0018785979,0.018387986,0.14778824,0.27142775,0.20853898,0.10270103,0.09573131,0.10688533,0.039518688,0.0065079695
0.00064258307,0.0017511778,0.016746791,0.13981707,0.27619725,0.20954336,0.096690126,0.093891926,0.118016325,0.04038131,0.0063219997
0.0011865337,0.013862901,0.14096865,0.26030245,0.16967444,0.15261419,0.14272624,0.09372097,0.008075768,0.011991546,0.0048763254
0.005771114,0.10502536,0.6549896,0.112231426,0.04233892,0.03879155,0.02420477,0.014041204,0.00054184307,0.0011121365,0.00095203315
0.0020397536,0.034777284,0.31826353,0.23029886,0.12272752,0.11926267,0.09566163,0.06561518,0.0030871083,0.0052825934,0.0029838597
0.00065401645,0.0016389159,0.015270924,0.13208145,0.28148234,0.2094061,0.091139406,0.09214643,0.12935473,0.040708117,0.00611761
0.0015037144,0.020757364,0.20196353,0.25577265,0.14969487,0.14130081,0.12571658,0.085344456,0.0052895546,0.008537006,0.004119527
0.0006482632,0.001696498,0.01604048,0.13613506,0.2783743,0.20973252,0.09403634,0.09312124,0.12334721,0.040640038,0.006228047
0.0007832901,0.0055955695,0.06250735,0.23531054,0.21014814,0.18334138,0.15100324,0.09963186,0.023791187,0.021718508,0.0061690058
0.0010999448,0.0126272645,0.1282823,0.25514826,0.17638342,0.15903313,0.14604795,0.09363531,0.00934754,0.01328421,0.0051107327
0.00063250493,0.0019775329,0.019759685,0.15450637,0.26763067,0.2080303,0.10730333,0.09666492,0.098046966,0.03885572,0.00659206
0.00065088493,0.0016731371,0.015738407,0.13458028,0.27938473,0.20971218,0.09287887,0.092818305,0.12566142,0.040715475,0.006186307
0.0006341567,0.0018643417,0.018194728,0.14687537,0.27189857,0.20867582,0.10204183,0.09558309,0.10814612,0.03959516,0.006490804
0.02996984,0.5954529,0.3379391,0.023937413,0.004395397,0.004864665,0.0019877115,0.0007543294,0.00014395695,0.00021047394,0.00034427116
0.0006923429,0.0035532333,0.039285257,0.20922147,0.23179297,0.19621858,0.13977186,0.10207616,0.041749403,0.028797328,0.006841454
0.00066673354,0.002904962,0.031596694,0.19342826,0.2429425,0.20199408,0.13134553,0.1013211,0.05460582,0.032269184,0.006925221
0.00063288864,0.0019467858,0.019340497,0.15253352,0.2686398,0.20821373,0.1060111,0.09641937,0.10060845,0.03908452,0.0065693315
0.0012113864,0.014570732,0.14748175,0.2595587,0.16769937,0.15107816,0.14124896,0.09316003,0.007670277,0.011536845,0.0047838045
0.00066965475,0.0030050466,0.032804143,0.19628206,0.24076854,0.20126688,0.13299908,0.1015287,0.051965404,0.031765524,0.0069449223
0.0007028301,0.0038308157,0.04241264,0.21452755,0.22809614,0.19386292,0.14216529,0.10207702,0.03803604,0.027520088,0.0067686676
0.00075292285,0.004933783,0.055096738,0.2287528,0.21604782,0.18703347,0.14918023,0.10058947,0.027774982,0.023452302,0.0063855005
0.006621849,0.12291283,0.6766603,0.097473785,0.03441978,0.031002436,0.018611243,0.010199634,0.0004354324,0.00085022487,0.00081251794
0.00063351175,0.0018646163,0.018221116,0.14694856,0.27195027,0.20845841,0.10220666,0.09560135,0.10800037,0.03962315,0.006491973
0.0007130172,0.0039781346,0.044298023,0.21726647,0.22612408,0.19259332,0.14337029,0.10200221,0.03617501,0.026762463,0.0067169257
0.0006381981,0.0022533129,0.023498874,0.16966192,0.25891075,0.20678733,0.11682304,0.098732434,0.079271175,0.036677968,0.006744969
0.0006373733,0.0018134259,0.017539121,0.14385876,0.27369267,0.20915842,0.09967104,0.09493763,0.1123059,0.03995755,0.0064280485
0.0017748725,0.028698066,0.2671134,0.24194755,0.13449243,0.12974249,0.10800425,0.07444006,0.003841253,0.0064899116,0.0034557316
0.0007027763,0.003715099,0.04116097,0.2124675,0.22959332,0.19487873,0.14111188,0.10209035,0.039543066,0.02793908,0.0067971875
0.0006350568,0.0018402617,0.017891748,0.14549014,0.272706,0.20885868,0.10101592,0.09529665,0.11003874,0.03976584,0.00646091
0.00070352864,0.0038972239,0.043380853,0.21574907,0.22728406,0.19304138,0.14302444,0.10197026,0.03700872,0.027211232,0.0067291884
0.006839293,0.12716363,0.67974305,0.09466534,0.032861654,0.029562894,0.01762627,0.009525085,0.00041738342,0.0008062535,0.0007891495
0.004118541,0.07341805,0.5643139,0.15152034,0.06667681,0.064374305,0.043512244,0.027549168,0.0010058039,0.0020228697,0.0014879553
0.0006330253,0.0019498907,0.019374631,0.15271315,0.2685535,0.20822191,0.10610509,0.09643755,0.10037909,0.039061423,0.006570804
0.0006350851,0.0021611196,0.022246605,0.1650595,0.26166064,0.2071725,0.11410364,0.097995795,0.08482663,0.037426256,0.0067122113
0.00065694586,0.0027530019,0.029814238,0.18889347,0.24639948,0.20301224,0.12868088,0.10095863,0.05875481,0.033194046,0.006882191
0.0007394289,0.004874519,0.054526962,0.22769663,0.21690926,0.18736278,0.14933652,0.10041459,0.028026635,0.023738328,0.00637437
0.00063298875,0.0019233793,0.019022467,0.15097424,0.2695743,0.20832673,0.10493817,0.09618905,0.10263561,0.03923319,0.0065498175
0.00063920306,0.0017826206,0.017156567,0.14196877,0.27497554,0.20925552,0.09826645,0.09444712,0.114958756,0.040173844,0.006375618
0.0006980543,0.003684068,0.040685344,0.2117647,0.23001857,0.19523102,0.14080542,0.102104776,0.040017527,0.028177068,0.006813545
0.00064892095,0.001698929,0.016057085,0.13623679,0.27833366,0.20983757,0.09400287,0.09313109,0.123198375,0.040621523,0.006233191
0.0008240982,0.0069323974,0.0753258,0.24150309,0.20131637,0.17705931,0.15449952,0.09817875,0.018891979,0.019544711,0.0059240293
0.00064937363,0.0025242856,0.026962856,0.18095323,0.25183046,0.20493443,0.12364472,0.10019971,0.06683913,0.034633096,0.006828656
0.0008750724,0.007774372,0.08493149,0.24745895,0.1951774,0.17281984,0.1535342,0.097441666,0.01627525,0.01798441,0.005727364
0.012763374,0.2572793,0.62905365,0.06045631,0.014656249,0.013780869,0.007520777,0.0032983888,0.00024569596,0.00042208523,0.0005232234
0.006602561,0.122653864,0.6766709,0.097468615,0.03454613,0.031089626,0.018666314,0.010203267,0.0004363492,0.0008498466,0.00081256585
0.0006382821,0.0018046679,0.017424893,0.14332913,0.27404907,0.20927496,0.099195994,0.09480046,0.11306813,0.04000036,0.0064140465
0.00063930196,0.0017933293,0.017260438,0.14252694,0.27451038,0.20942047,0.09857456,0.09459923,0.11420215,0.040080883,0.0063922857
0.0008340508,0.006770311,0.07565952,0.24357831,0.20065628,0.17715456,0.15331407,0.09803278,0.018819366,0.019311553,0.005869221
0.0006341296,0.0021143402,0.021593774,0.16250174,0.26310027,0.20745312,0.11246818,0.09762562,0.08800633,0.03781118,0.006691288
0.0006366044,0.0018261063,0.017686395,0.14456902,0.27319777,0.20916468,0.10019181,0.09510517,0.11132273,0.039855562,0.0064441683
0.007084446,0.1320566,0.68222326,0.091751575,0.031300925,0.028137317,0.01665086,0.00886405,0.00040028268,0.00076336623,0.0007672556
0.0013056267,0.017468203,0.17224738,0.25579223,0.15965302,0.14956902,0.13459642,0.0884516,0.0065602534,0.009954593,0.0044016773
0.0008326598,0.007014849,0.0763172,0.24253447,0.20049003,0.17688869,0.15402149,0.09806965,0.018587444,0.01933781,0.005905634
0.0006840294,0.0033892335,0.037263032,0.20555386,0.23415259,0.19779491,0.138215,0.10197607,0.044431213,0.02965201,0.006888123
0.0008995364,0.0085313935,0.090893604,0.24747317,0.19242811,0.1711074,0.15359424,0.097145036,0.014915613,0.017329143,0.005682696
0.0006572563,0.0027386686,0.029573385,0.18838708,0.2467076,0.20338362,0.12816828,0.10089757,0.059353963,0.03325226,0.006880255
0.010463805,0.20752656,0.6614303,0.06912596,0.018717162,0.017200356,0.009676276,0.004497327,0.00028207057,0.0004996986,0.0005803703
0.0064880587,0.120028235,0.6743565,0.09944801,0.035502747,0.03202231,0.019314354,0.010680925,0.00044793464,0.0008821303,0.00082881824
0.011903385,0.23907502,0.6416283,0.06344102,0.01594181,0.0148817515,0.008209025,0.0036741644,0.00025722248,0.00044719738,0.0005410825
0.0061607566,0.11292438,0.6671173,0.10487085,0.03845688,0.034833033,0.021272391,0.012033251,0.00048393587,0.0009715565,0.00087567477
0.0006331687,0.0020447532,0.020630114,0.15850149,0.26540875,0.20794877,0.109746225,0.09714504,0.09299204,0.038309705,0.006639984
0.0006487727,0.0025295783,0.027016642,0.18118733,0.25162837,0.20496738,0.12372736,0.10023793,0.0666139,0.034612346,0.0068304064
0.003079026,0.054747455,0.46759012,0.18743739,0.08891289,0.08660882,0.063021205,0.04191125,0.001618334,0.0030235092,0.002049996
0.0070497054,0.13121557,0.6819184,0.09222179,0.031538274,0.028349029,0.01679724,0.008967153,0.00040269896,0.0007700785,0.0007701747
0.026854407,0.53902525,0.39068246,0.028266655,0.005269546,0.0057552056,0.0024739404,0.0009257664,0.00015259095,0.00023004449,0.00036406604
0.0014058865,0.019571524,0.19048336,0.2546029,0.15374276,0.14607532,0.1294479,0.085637145,0.005823442,0.009027841,0.004181919
0.000685613,0.0033841422,0.03718208,0.20550358,0.23417538,0.19807173,0.13790718,0.10199148,0.04454401,0.029662535,0.0068922397
0.0008352602,0.0068426523,0.07620427,0.24365808,0.20037578,0.17688729,0.15345629,0.0979794,0.018647034,0.019251982,0.0058618817
0.006869155,0.12711604,0.6803234,0.094554685,0.032804396,0.029333519,0.017539673,0.009459002,0.00041484126,0.00080084923,0.00078440126
0.00063304836,0.0019364741,0.019201579,0.15186384,0.26903546,0.2082971,0.10552743,0.09631581,0.10148354,0.039143678,0.006561997
0.00063255324,0.0019561483,0.019449612,0.15309732,0.26831073,0.20824826,0.10636007,0.09648412,0.099883,0.039005026,0.0065731523
0.00063349406,0.0018939866,0.018606242,0.14889856,0.27080104,0.20846249,0.10348583,0.095897704,0.105377555,0.03942104,0.0065220906
0.0015274854,0.021361547,0.2068958,0.25504023,0.14820144,0.14089848,0.12411975,0.084423006,0.0051444396,0.0083237495,0.0040640617
0.00066680316,0.0029372517,0.031932734,0.19433859,0.2422178,0.20185809,0.13181391,0.10139018,0.05377972,0.032131623,0.006933279
0.0006499954,0.0025748133,0.027628206,0.18289146,0.250589,0.20443012,0.124913536,0.10040658,0.06475653,0.034320235,0.006839462
0.0006326133,0.002015928,0.020270865,0.15683588,0.26638538,0.20787832,0.10878918,0.09694813,0.09505877,0.03856371,0.0066211396
0.00064528,0.0024483006,0.026047675,0.17807993,0.2535993,0.2054907,0.1219672,0.09988219,0.0698082,0.035221785,0.0068094796
0.000649907,0.0016829049,0.015863398,0.13522653,0.27898583,0.20972678,0.093343146,0.09294128,0.12469014,0.040686317,0.0062037264
0.0006554379,0.0026983945,0.029148765,0.18715085,0.24765594,0.20353709,0.12748343,0.10080289,0.060490306,0.033507753,0.0068692225
0.00063371845,0.0019541658,0.019392747,0.1528632,0.2683905,0.20844749,0.10606596,0.09644953,0.10021819,0.03901041,0.006574073
0.000633145,0.0019708015,0.019656284,0.1540437,0.2678628,0.2081572,0.10693145,0.096600555,0.09865944,0.038897384,0.0065872297
0.00064950803,0.0016833539,0.01587174,0.13526115,0.27897963,0.20968536,0.09339609,0.0929555,0.12461773,0.04069549,0.00620443
0.00065582583,0.0027347964,0.029592173,0.1883011,0.2468229,0.20311458,0.12836897,0.1009136,0.05930762,0.03331036,0.0068780635
0.005501976,0.09947491,0.64476687,0.11732182,0.045535725,0.04213771,0.026731458,0.015694274,0.00059277774,0.0012217376,0.001020729
0.0006398314,0.0022955395,0.02401558,0.17156829,0.25764343,0.20675649,0.11784843,0.09898856,0.0771487,0.036335208,0.0067598918
0.02559162,0.5162978,0.41151744,0.030241631,0.0056985877,0.006165487,0.002707091,0.001012593,0.00015654415,0.00023913552,0.0003720508
0.00063337287,0.0021208124,0.021675156,0.16286638,0.26285148,0.2074036,0.11276663,0.09766597,0.087569125,0.03775612,0.0066913636
0.025548438,0.5154743,0.412273,0.030309219,0.0057151476,0.006179577,0.0027157525,0.0010159811,0.00015670281,0.0002394949,0.0003723497
0.0046065785,0.08130255,0.59603953,0.13845365,0.059282463,0.056178037,0.037267037,0.023012469,0.0008362054,0.0017182906,0.0013032656
0.0006405352,0.0017806558,0.017112538,0.14174645,0.27503994,0.2094118,0.09802408,0.09438422,0.115303285,0.040183168,0.006373366
0.022541538,0.4602806,0.46211758,0.035404973,0.0069101076,0.0072926977,0.0033593967,0.0012680498,0.00016779547,0.00026409794,0.0003931552
0.0007020845,0.0038409764,0.04260491,0.21467394,0.2281416,0.19356894,0.14240372,0.102017835,0.037798695,0.027492877,0.0067544654
0.00063269003,0.0019222378,0.018992497,0.15085754,0.26959527,0.20840172,0.10485532,0.09617374,0.10279023,0.039232943,0.006545768
0.00064605585,0.0024762687,0.026397087,0.17916533,0.2529727,0.20519342,0.12265867,0.10002053,0.06863311,0.035021175,0.00681571
0.000638015,0.0018036459,0.017417666,0.14326622,0.274102,0.20918292,0.09922485,0.09478244,0.113143474,0.04002746,0.0064113303
0.00071797083,0.0042592315,0.047655076,0.22113122,0.22310266,0.19095889,0.14547244,0.1013849,0.033031996,0.025709305,0.0065763085
0.0006436302,0.0023969484,0.025344227,0.17595933,0.25481254,0.20612489,0.12053985,0.099581175,0.0722154,0.03558632,0.006795636
0.0006389621,0.002297434,0.024046076,0.1716652,0.25759825,0.20666565,0.117994,0.09901201,0.07699754,0.036325093,0.006759735
0.0006460881,0.0017225819,0.016364682,0.1378238,0.27735242,0.20981105,0.095168605,0.0934455,0.12086456,0.040526997,0.006273694
0.0073701562,0.13791889,0.684104,0.088596314,0.029671393,0.026632203,0.015664665,0.00819155,0.00038440188,0.0007216532,0.00074470864
0.0017707606,0.027510764,0.25730485,0.2456717,0.13534847,0.13147186,0.11086294,0.07583718,0.003999367,0.0066648284,0.0035573617
0.0029231415,0.05158976,0.44581705,0.19468507,0.09333107,0.09171833,0.067700535,0.045010198,0.0017794508,0.003260031,0.0021854062
0.00065102347,0.0026108425,0.028089788,0.18420228,0.24971934,0.20409131,0.12577401,0.10052645,0.0634088,0.034080934,0.006845162
0.00080785167,0.006139837,0.06837742,0.23943733,0.20564558,0.18030259,0.15233879,0.09904671,0.021311274,0.020559816,0.006032785
0.00063375937,0.0018854778,0.018488295,0.14829479,0.27113906,0.20849267,0.10307092,0.09580671,0.10619752,0.039476372,0.006514406
0.0059432792,0.10875533,0.6608249,0.108745724,0.040507752,0.03690896,0.022774545,0.0130664585,0.0005144529,0.001042533,0.0009160936
0.001649227,0.025030037,0.23633966,0.24845038,0.1414553,0.1368541,0.116265066,0.07845557,0.0044812965,0.007283292,0.0037360915
0.0006503987,0.0016831354,0.015849387,0.13514619,0.27901608,0.2098069,0.09324185,0.09292326,0.124791816,0.040687352,0.006203663
0.006228568,0.11426602,0.6686464,0.10377624,0.037871856,0.034273114,0.020879434,0.011762269,0.0004764191,0.00095416215,0.00086554105
0.0006542634,0.0015804385,0.014555852,0.12801093,0.286165,0.20771857,0.088620685,0.09108281,0.13512266,0.040492997,0.0059957723
0.0017386244,0.027238594,0.2564871,0.24541345,0.1362668,0.13133918,0.110718995,0.07649232,0.0040067895,0.006740444,0.003557661
0.0010369369,0.011155266,0.11532072,0.25395343,0.18088086,0.16263315,0.14937292,0.095050685,0.010708233,0.014568951,0.0053188237
0.00078130956,0.005881179,0.064763755,0.23561399,0.20877966,0.18248482,0.1523365,0.09922767,0.022667257,0.02133799,0.0061258953
0.0006612032,0.00281401,0.030471753,0.19073573,0.24497613,0.20284678,0.1295533,0.10110148,0.0571281,0.03281024,0.0069012153
0.0009256331,0.009142695,0.096702054,0.24839191,0.18972692,0.16903767,0.15334423,0.09672348,0.01374093,0.016674288,0.005590104
0.0007125394,0.004096928,0.045504157,0.21872388,0.22494695,0.192059,0.14424883,0.1017691,0.034907598,0.026363058,0.0066680405
0.00064940244,0.0016907934,0.015960064,0.1357359,0.2786568,0.2097871,0.093671694,0.09303918,0.12393991,0.040650737,0.006218457
0.006222741,0.113723814,0.6685259,0.1041058,0.038083784,0.03426032,0.02097064,0.0118095605,0.0004768719,0.00095605635,0.000864531
0.0006399963,0.0023024427,0.024112059,0.17189428,0.257424,0.20670931,0.118062764,0.09903843,0.07677254,0.03628181,0.00676237
0.00063424587,0.0020388325,0.02053738,0.15812257,0.26555836,0.20810941,0.109383956,0.097091965,0.093540475,0.0383441,0.0066386866
0.001800842,0.029337646,0.27235895,0.24065174,0.13335152,0.12880997,0.10666989,0.07351307,0.0037569227,0.0063502197,0.0033992117
0.00068112195,0.0032045203,0.035141975,0.20145032,0.23689449,0.19986717,0.13566624,0.10184435,0.047745463,0.030569203,0.0069352034
0.00064344815,0.0017465465,0.016677974,0.13944633,0.2764698,0.20961292,0.09636172,0.09380437,0.118498966,0.04042229,0.006315598
0.0006505104,0.0016810782,0.01581433,0.13498852,0.27908194,0.20987588,0.093097925,0.09290614,0.12502731,0.040677868,0.0061984905
0.00063176936,0.0019478451,0.019352973,0.15262376,0.26859328,0.20816025,0.10614564,0.09642973,0.10047201,0.039077602,0.0065651457
0.000632212,0.0021145057,0.021610074,0.16258071,0.26308024,0.20731306,0.112677656,0.09764389,0.087859266,0.037804604,0.0066837734
0.00063263084,0.0019582838,0.019478407,0.15324141,0.26822773,0.20825793,0.10643491,0.09650535,0.09970503,0.03898316,0.006575112
0.0006334449,0.00208566,0.021186098,0.16085194,0.2640248,0.20771477,0.111348286,0.09743241,0.09004427,0.038008995,0.006669324
0.0006451496,0.0024617303,0.0262435,0.17865224,0.2532559,0.20527056,0.12241168,0.09996477,0.06916507,0.035119366,0.006810049
0.00063478516,0.0018536013,0.01805123,0.14622162,0.27227044,0.20880792,0.10153081,0.09544835,0.10903115,0.039672595,0.0064775236
0.00074434426,0.0049361116,0.054873392,0.22822021,0.21630692,0.18740414,0.14925511,0.100483045,0.02781578,0.02357582,0.0063851476
0.009520355,0.18622798,0.67244405,0.07368315,0.021205591,0.019235224,0.010968657,0.005246742,0.00030420104,0.0005461261,0.0006178625
0.0009417132,0.009063565,0.097180836,0.25149512,0.18800758,0.16714822,0.15327175,0.09734549,0.013620537,0.016390137,0.005535051
0.0034383421,0.061078094,0.50377274,0.17448595,0.080761835,0.07858694,0.055618256,0.03643953,0.0013668368,0.0026262733,0.0018252365
0.000850319,0.0072032753,0.07945427,0.24511375,0.19837114,0.17540157,0.1535439,0.09779087,0.017702099,0.01875605,0.005812806
0.00072230434,0.0042152903,0.046991114,0.22055525,0.22352026,0.19120516,0.14504652,0.101652555,0.0336559,0.025813084,0.0066225645
0.0031192987,0.054729316,0.46997416,0.18701826,0.08797702,0.086076066,0.062666416,0.04181099,0.001593532,0.0029939457,0.002040974
0.00071931013,0.0043188683,0.048037313,0.2215061,0.22250466,0.19072562,0.14597008,0.101424396,0.03268296,0.025529023,0.006581711
0.00069120474,0.0034233355,0.037710987,0.20646527,0.23361078,0.19780263,0.13816772,0.102004796,0.043892615,0.029351614,0.0068790126
0.0006474636,0.0025191107,0.026904183,0.18081321,0.25187638,0.20493151,0.12361274,0.100199506,0.06697362,0.034697004,0.006825235
0.005301266,0.094980255,0.63463193,0.12184472,0.048530012,0.045242235,0.029121658,0.017288288,0.00064319785,0.0013294122,0.0010870787
0.0007165687,0.00406221,0.04525575,0.21853487,0.22516465,0.1920991,0.14395681,0.10188355,0.035238475,0.026402548,0.0066854446
0.000920148,0.008905305,0.09470713,0.24849993,0.19034158,0.16972744,0.15337753,0.096898936,0.0141335465,0.016868016,0.0056204554
0.0006344931,0.0021093208,0.021490443,0.1621556,0.2632517,0.20765352,0.112125665,0.0975686,0.08849471,0.037829567,0.0066864183
0.000634978,0.00214422,0.021950051,0.16402777,0.2621545,0.20744571,0.11335222,0.09781008,0.08619243,0.037578434,0.006709613
0.0070373896,0.13113129,0.68181896,0.09227945,0.031585164,0.028392829,0.016826648,0.008982962,0.00040328855,0.0007708894,0.00077111216
0.0055777696,0.101074606,0.64793175,0.115804955,0.044576693,0.04111791,0.025961768,0.015189152,0.00057737494,0.001188111,0.0009999608
0.000932952,0.008903651,0.095729135,0.25120974,0.1886788,0.16700621,0.15385072,0.09771437,0.0139084235,0.016511228,0.0055547543
0.0045188735,0.07984032,0.5910181,0.14072454,0.06039147,0.05744515,0.038275193,0.02381452,0.00086211815,0.0017770559,0.001332705
0.0007778653,0.0054653706,0.061102275,0.23422973,0.21116559,0.18428086,0.15053579,0.09974321,0.024470259,0.02201854,0.006210527
0.0006666688,0.0029344119,0.03190155,0.19426401,0.24227816,0.20188372,0.13175698,0.10138319,0.05385262,0.03214673,0.006932003
0.0006335297,0.0019013966,0.01868442,0.14933676,0.27047682,0.20857926,0.10373317,0.09595794,0.10480752,0.03936194,0.006527237
0.00090761104,0.0087192105,0.09292403,0.24791408,0.19146831,0.17032333,0.1535711,0.09695221,0.014482406,0.017095782,0.005641925
0.0037233674,0.06630017,0.53146917,0.16408223,0.074464224,0.072199635,0.050148513,0.032402314,0.0011940808,0.002346221,0.0016700946
0.005820919,0.106214106,0.656759,0.111163326,0.041781798,0.0382177,0.023750218,0.013729178,0.00053367065,0.0010890174,0.0009410451
0.0006336513,0.0020859034,0.021216733,0.16092777,0.26403674,0.20761546,0.11142868,0.097445376,0.0899245,0.038013846,0.0066713234
0.019032538,0.39168832,0.5225662,0.04226273,0.008679301,0.0088663325,0.004309075,0.0016865473,0.00018472451,0.00030055648,0.00042364915
0.0014032554,0.019623443,0.1906202,0.25422546,0.1538903,0.14613618,0.12947439,0.08558837,0.0058326153,0.009021222,0.0041846135
0.0006496385,0.0025930088,0.027848326,0.18351232,0.25021282,0.20418738,0.12541075,0.10044878,0.06407857,0.034216754,0.0068416316
0.008250678,0.15667066,0.68268037,0.08175593,0.025751682,0.0230393,0.01342695,0.0067561516,0.0003468696,0.00063272234,0.0006886639
0.00064601,0.0017148474,0.016270483,0.13732941,0.277782,0.20966397,0.09486855,0.09335715,0.12151695,0.040591314,0.0062593627
0.000718632,0.004314126,0.047983263,0.22140518,0.22257628,0.1907045,0.14603093,0.10141985,0.03272101,0.025543416,0.006582869
0.001091693,0.012285839,0.12586015,0.25672936,0.17666443,0.15850343,0.14650571,0.09428728,0.0094664255,0.013468073,0.0051375786
0.0108078355,0.21502535,0.65702105,0.06770609,0.017964775,0.016578699,0.009285827,0.004279331,0.0002754865,0.00048595262,0.0005695657
0.0011369094,0.012691126,0.1294151,0.2599791,0.17385384,0.1554021,0.14575765,0.09478167,0.008967145,0.012949731,0.0050656744
0.0030222225,0.05334007,0.45942006,0.19042099,0.09050273,0.08839404,0.06472652,0.043280628,0.0016743083,0.003116927,0.0021015785
0.0006607663,0.0028216436,0.03056135,0.1909465,0.24481653,0.2026869,0.12980898,0.1011224,0.056891426,0.032780387,0.006903114
0.0006311259,0.0019162863,0.018919958,0.15054418,0.26991093,0.20830047,0.10468718,0.096142404,0.10314077,0.03926998,0.006536764
0.0006472525,0.0025202942,0.026960218,0.18088844,0.25189945,0.20476218,0.12376227,0.100213185,0.06681312,0.034707543,0.0068260324
0.0006755746,0.0031155783,0.03406182,0.1992157,0.23840232,0.20070167,0.13446693,0.10172526,0.049550965,0.031127224,0.006956968
0.0006313468,0.0019995773,0.02006903,0.15591548,0.2669729,0.20778291,0.10830052,0.09683914,0.09618396,0.038699232,0.006605925
0.0009845041,0.009757546,0.10388453,0.25400883,0.18449003,0.16491511,0.15194733,0.09666709,0.012307659,0.015610799,0.0054265605
0.0006540412,0.0016040005,0.014842727,0.12962729,0.28408158,0.2084795,0.08969479,0.09151996,0.13280195,0.04064666,0.006047517
0.00063743384,0.0022317371,0.0232036,0.16860947,0.25956428,0.2068979,0.116189845,0.09856854,0.0805158,0.03684372,0.0067377076
0.0006368714,0.0022319679,0.023206582,0.16861172,0.2595712,0.20682718,0.11625811,0.09856798,0.08049064,0.036860406,0.006737408
0.0013188147,0.016748408,0.16772802,0.25969884,0.16009465,0.14679907,0.13555555,0.09078865,0.0065687983,0.010193713,0.004505447
0.0006377557,0.0018121654,0.01751764,0.14375891,0.27374575,0.20920752,0.09956676,0.094909385,0.112454295,0.039963625,0.0064262007
0.0006386116,0.0022539222,0.023495628,0.16966575,0.2589057,0.20684145,0.11677133,0.09872635,0.079285346,0.036669616,0.0067462823
0.000638459,0.001796999,0.017336143,0.14286278,0.2743663,0.20920214,0.098926045,0.094681256,0.113715,0.04007437,0.0064005144
0.0062604942,0.11507357,0.66955763,0.10307827,0.03754866,0.033946194,0.020652499,0.011605252,0.0004728212,0.00094380573,0.00086071214
0.00067971187,0.0032313205,0.035522208,0.20219325,0.2363804,0.19937061,0.13622628,0.10189252,0.047085755,0.030489216,0.0069287284
0.0035936802,0.06407542,0.51941085,0.16856039,0.07730599,0.07497065,0.052519564,0.034090705,0.0012699858,0.0024654998,0.0017373139
0.0015927621,0.023213759,0.22283836,0.25214848,0.14433579,0.13785781,0.119815074,0.08180208,0.0047268756,0.0077721807,0.0038968807
0.0047589005,0.08350156,0.60448474,0.1348719,0.05721216,0.054001775,0.035633415,0.021840736,0.00079382985,0.0016422181,0.0012588251
0.000754686,0.0052907346,0.058584195,0.23101102,0.21346259,0.1853026,0.15097767,0.100033365,0.025624005,0.022680622,0.0062785093
0.010816031,0.21544027,0.6568029,0.06760036,0.017925529,0.016548056,0.009270866,0.004266293,0.0002753361,0.00048515285,0.00056927046
0.00063606416,0.002199434,0.022730337,0.16695176,0.26049536,0.20712563,0.115172796,0.098286614,0.08256982,0.03710726,0.00672492
0.00063456164,0.0021468704,0.02204551,0.16428874,0.2620932,0.20721555,0.113658376,0.0978666,0.085783534,0.037559036,0.0067080306
0.00070344226,0.0037513305,0.04160027,0.21314786,0.22910495,0.19449878,0.14149621,0.10209403,0.039035227,0.027783062,0.006784793
0.00069918233,0.0037234356,0.041170828,0.21254723,0.22945923,0.19483568,0.14121582,0.10210254,0.03945217,0.027992556,0.0068013007
0.00065032666,0.0025610358,0.02739809,0.1823335,0.25089958,0.204778,0.12437274,0.10033475,0.06543891,0.034395967,0.006837106
0.0040492853,0.072248235,0.5589011,0.1536637,0.06801306,0.06563265,0.044595055,0.028270578,0.001035981,0.0020742228,0.0015161524
0.008265757,0.15692978,0.6826268,0.08167741,0.02570335,0.022993179,0.013397766,0.0067401533,0.00034638555,0.00063175446,0.00068777887
0.026344482,0.52986556,0.3991141,0.029041838,0.005437465,0.005917747,0.0025649858,0.0009589232,0.00015412548,0.0002335366,0.00036729552
0.0006551336,0.0026856714,0.028978465,0.18667455,0.24795409,0.20360717,0.12728879,0.100756526,0.060981464,0.0335535,0.006864629
0.0006367144,0.0018229329,0.017660301,0.14443123,0.27336055,0.20908274,0.10010947,0.09506543,0.11150009,0.039889447,0.006441098
0.0006489973,0.0025726424,0.027623339,0.18283819,0.25063804,0.20433353,0.12499076,0.10039744,0.06478327,0.034338173,0.006835622
0.0006323493,0.0020270464,0.020430198,0.1575445,0.2660309,0.20780493,0.109262325,0.0970378,0.094135545,0.038466986,0.006627378
0.00077419105,0.005704957,0.06347248,0.23493853,0.21002157,0.18275802,0.15209433,0.09930106,0.023216708,0.021586461,0.0061317324
0.0006382747,0.0022737244,0.023767164,0.17059857,0.2583279,0.2066426,0.11744531,0.098862395,0.07816239,0.036529258,0.0067524244
0.0006481222,0.0017048881,0.016138015,0.13665926,0.27808228,0.20982018,0.0943105,0.0932185,0.12257529,0.04059862,0.006244381
0.00064634567,0.0024987704,0.026679082,0.18003519,0.2524415,0.20494284,0.123250544,0.100122795,0.067690596,0.034871522,0.006820859
0.012962628,0.26151234,0.6260498,0.059788387,0.014365353,0.013551696,0.007372857,0.0032184052,0.00024284147,0.0004168325,0.0005188076
0.0018576926,0.030818911,0.2846162,0.2373544,0.13088591,0.12643592,0.103838995,0.07130056,0.0035694751,0.0060481546,0.0032738135
0.0006329876,0.0020627645,0.020871546,0.15952586,0.26483533,0.20782731,0.11046262,0.09727095,0.091677174,0.03818091,0.006652571
0.0006494059,0.002542733,0.027221734,0.18171366,0.25136414,0.20475635,0.12409907,0.10028922,0.06600095,0.034529246,0.006833421
0.0013503017,0.017538404,0.17471232,0.2588677,0.15778323,0.14544871,0.13390324,0.08993188,0.006255178,0.00980027,0.0044087423
0.001967997,0.03292828,0.30295938,0.23375565,0.1262973,0.122895576,0.09953384,0.0676916,0.0033004126,0.0055552986,0.0031146286
0.0006540093,0.0016487193,0.015405347,0.1327869,0.28077614,0.20956378,0.09160424,0.0923427,0.12835248,0.040726647,0.0061390833
0.0045353062,0.08010847,0.5917124,0.1402518,0.06015129,0.057457086,0.03815301,0.02367062,0.0008612242,0.0017638956,0.0013348402
0.0010069663,0.010234648,0.10780421,0.25483894,0.18280752,0.16319406,0.15144652,0.09651676,0.011608697,0.015169405,0.005372288
0.0007890234,0.0060434365,0.06648312,0.23684536,0.20746247,0.18171437,0.15257238,0.09903086,0.021964017,0.021008745,0.006086249
0.00063848385,0.0022605045,0.023589708,0.1699919,0.2587071,0.20677347,0.1170051,0.09878107,0.0788896,0.036614653,0.0067483834
0.00070571085,0.0038793876,0.042951714,0.21541336,0.22754593,0.19358392,0.14239208,0.102030665,0.03745014,0.027293585,0.0067535024
0.0006496116,0.0016905874,0.01595604,0.13570404,0.27866337,0.20978978,0.09365526,0.0930254,0.12399154,0.04065645,0.006217957
0.0006330774,0.0020193723,0.02028123,0.15696654,0.26626563,0.2080561,0.108739935,0.09695307,0.0949475,0.03851487,0.0066226376
0.00066872255,0.002953394,0.032184318,0.194819,0.24186233,0.20167583,0.13216195,0.10142201,0.053326365,0.031992868,0.006933172
0.0028092265,0.049500108,0.43210766,0.19950707,0.09664986,0.09416361,0.07040025,0.04726893,0.0018815116,0.0034523048,0.0022594132
0.0006342393,0.0020892075,0.02121788,0.16102062,0.26391795,0.20779316,0.11135778,0.097442366,0.08988062,0.03797303,0.0066731707
0.00063280336,0.0020800913,0.021137273,0.16058062,0.2642933,0.20754129,0.111313544,0.097392306,0.09032081,0.03804612,0.006661841
0.0010078178,0.010228699,0.10782621,0.255034,0.1827368,0.16325702,0.15130451,0.09647571,0.011598851,0.015160263,0.0053701224
0.000651631,0.0025940272,0.027814956,0.18354544,0.25008592,0.20451416,0.125127,0.10045689,0.0641987,0.034167062,0.006844204
0.0053177443,0.09528147,0.63535064,0.12154816,0.048306655,0.045018844,0.028958146,0.017175162,0.0006393863,0.0013218911,0.001081849
0.0019478257,0.032291554,0.29874396,0.23554102,0.12685066,0.122843266,0.10040143,0.0692161,0.0033283022,0.0056827413,0.0031531272
0.0006352696,0.0018317316,0.01779731,0.14505285,0.273057,0.20885426,0.100672476,0.09519948,0.11061719,0.039831318,0.0064511243
0.00063539844,0.0021835044,0.022559304,0.16622122,0.2609929,0.2070417,0.11483597,0.09819204,0.08337478,0.037243634,0.00671956
0.00063474337,0.0021234339,0.02167687,0.16293554,0.26279706,0.20757176,0.11262761,0.097656004,0.08755633,0.037724607,0.006696041
0.0006325901,0.0020215171,0.020347485,0.15717654,0.26621944,0.20785245,0.109005794,0.09698532,0.09461792,0.038516637,0.006624302
0.0006326913,0.0019870598,0.019854277,0.15500912,0.26733333,0.20815814,0.10752796,0.09671261,0.097422145,0.03876561,0.0065970668
0.0006538609,0.0016153753,0.014995157,0.13047822,0.28306228,0.20877865,0.09028266,0.09172056,0.13165727,0.040686127,0.0060698274
0.0006490718,0.001690783,0.015953824,0.13571398,0.27864578,0.20981242,0.09366407,0.09304538,0.1239612,0.040646873,0.0062166187
0.0006367743,0.0022080888,0.022833794,0.16734822,0.2602349,0.2071627,0.11535212,0.09835627,0.08210146,0.037034847,0.006730897
0.00064095634,0.00233459,0.02457426,0.17336954,0.25651586,0.20638987,0.119063295,0.099250436,0.07502691,0.036058933,0.006775342
0.0038080546,0.06861363,0.5393782,0.16065218,0.07265898,0.07047315,0.048484787,0.030902836,0.0011537832,0.0022485743,0.0016257687
0.000633512,0.0018774385,0.018358018,0.14767429,0.2714567,0.20859823,0.1026203,0.095729984,0.107028395,0.039518707,0.0065044696
0.016819552,0.34602636,0.5611318,0.04752937,0.010176367,0.010158317,0.005116384,0.0020616187,0.00019919685,0.00033172528,0.00044939644
0.031175124,0.61655354,0.3180109,0.022375686,0.004104148,0.004568507,0.001830627,0.0006985157,0.00014083725,0.00020426142,0.0003379116
0.0006476776,0.0017124948,0.01622688,0.13712591,0.27780396,0.20986706,0.09460402,0.093301274,0.12188835,0.040565126,0.006257263
0.0060738814,0.1113971,0.66461277,0.1063719,0.039257705,0.035637315,0.021848142,0.012416144,0.00049590383,0.0009979431,0.0008911317
0.001082739,0.012214289,0.12549807,0.25594786,0.1771549,0.1587249,0.14698848,0.09416603,0.009538809,0.013555319,0.005128621
0.0006329763,0.0019902207,0.019919308,0.15526453,0.2672248,0.20805182,0.10771817,0.09675417,0.09709201,0.03874934,0.006602662
0.0006500168,0.0016794949,0.015827648,0.13502455,0.27910575,0.20967199,0.09324047,0.09290549,0.124991186,0.04070536,0.006198087
0.000639292,0.002272142,0.023692792,0.1704581,0.2583423,0.20688996,0.11716138,0.0988316,0.07843321,0.03652578,0.006753432
0.00063258444,0.0019537904,0.019435257,0.15299338,0.26842597,0.20814988,0.106324226,0.096479125,0.099997886,0.039034486,0.006573389
0.00090439914,0.008692998,0.09229566,0.24746214,0.19189213,0.17062734,0.15359208,0.0970794,0.014613548,0.01718079,0.005659418
0.00082450337,0.006484306,0.07199019,0.24176118,0.20294908,0.17838183,0.15305457,0.09868841,0.020005658,0.019898372,0.005961828
0.00063298445,0.0020234322,0.020368215,0.1572874,0.2661349,0.20791191,0.10902352,0.09700792,0.094493076,0.038489126,0.0066275103
0.000635403,0.00216795,0.02228599,0.1653055,0.26143786,0.20730853,0.11415521,0.09802399,0.08459128,0.037371323,0.006716968
0.012368691,0.24774635,0.63587356,0.061983287,0.015264037,0.014242572,0.007839966,0.003467612,0.00025056562,0.0004329822,0.00053037284
0.00063673966,0.0022123107,0.022938391,0.16764045,0.26014158,0.2069818,0.11562357,0.098412275,0.081674606,0.037007447,0.0067308038
0.0006336772,0.0021481812,0.022093264,0.16443454,0.26204142,0.20708136,0.1138627,0.09790559,0.085546516,0.03754767,0.006705049
0.0006350359,0.0018609902,0.018152429,0.14667775,0.27205062,0.20872773,0.10183327,0.09553546,0.10841621,0.03962118,0.0064893547
0.00071240374,0.0040826965,0.04527199,0.21848194,0.22525558,0.1921907,0.14402208,0.10177781,0.035096973,0.026434172,0.006673704
0.00063986954,0.002310852,0.024213377,0.17224045,0.25720248,0.20663297,0.11831303,0.0990848,0.07636289,0.036232565,0.0067667267
0.00063360215,0.0018968469,0.018639801,0.1490896,0.27069977,0.20849988,0.10357413,0.0959233,0.10512556,0.039392762,0.0065247472
0.0008418872,0.007191092,0.07815788,0.24359746,0.19930032,0.17608944,0.15393282,0.09794908,0.018043017,0.019026564,0.005870423
0.0021170601,0.03621153,0.330104,0.2280222,0.11965546,0.116498746,0.092805386,0.06372674,0.0029259804,0.0050344877,0.0028983816
0.0010022228,0.0105844755,0.1108726,0.2527167,0.18313026,0.16386974,0.15076943,0.0953338,0.011287347,0.015089123,0.0053443187
0.0016162841,0.023873378,0.22840266,0.2511271,0.14296138,0.13688332,0.118211284,0.08090678,0.0045945244,0.0075825388,0.0038407366
0.00065324217,0.0015589573,0.014357971,0.12679002,0.28768647,0.20681494,0.08806226,0.09076422,0.136934,0.040425587,0.005952409
0.000639394,0.001785795,0.017184423,0.14212392,0.2748614,0.2093093,0.09833336,0.09448913,0.11474419,0.040148295,0.0063808407
0.00084822986,0.0072265114,0.07959629,0.24484766,0.19840962,0.17529996,0.15376185,0.0977676,0.01765572,0.018776974,0.0058095604
0.001547688,0.0222206,0.21433836,0.25289893,0.14696302,0.13918075,0.12261811,0.08321428,0.00496644,0.008069354,0.0039824354
0.0033257874,0.059012786,0.4929692,0.17857791,0.08317107,0.08102042,0.057780433,0.03807665,0.0014371073,0.002739394,0.0018891916
0.0006324172,0.001993066,0.01996602,0.15546495,0.26714692,0.20795119,0.107909106,0.096778765,0.09681543,0.038738534,0.0066036726
0.0006347031,0.0018524501,0.018052677,0.14621516,0.2723533,0.20870826,0.10154662,0.09544504,0.10902355,0.039690383,0.0064778477
0.0007785476,0.005493676,0.061441217,0.23441103,0.21096833,0.18363248,0.1509873,0.09983236,0.024307476,0.021949707,0.006197835
0.0032065017,0.056442693,0.4800583,0.18346749,0.08581108,0.083855614,0.06056161,0.04021829,0.0015221254,0.0028806229,0.0019756209
0.0006788052,0.0031593307,0.03463789,0.2003452,0.23765047,0.20019467,0.1351793,0.10178551,0.048608635,0.030816598,0.006943605
0.0043558283,0.077440016,0.5805559,0.14494789,0.06296618,0.06013414,0.04027683,0.025158318,0.00091578386,0.0018611551,0.0013879319
0.00068908546,0.00344097,0.03783497,0.20676729,0.2333711,0.19763398,0.13835256,0.10203528,0.04364326,0.029352665,0.006878882
0.00065154274,0.0026098422,0.028021025,0.18411228,0.24969341,0.20430107,0.12558499,0.10051943,0.06359085,0.034068424,0.0068470924
0.0026303614,0.04621787,0.40744206,0.20725214,0.102158636,0.09942335,0.07563447,0.050966214,0.0020895787,0.0037748253,0.0024104288
0.0019916613,0.03346572,0.30734578,0.23277658,0.12525287,0.12200036,0.098456345,0.06693334,0.0032402643,0.0054583726,0.0030787059
0.00069198426,0.003544228,0.039044823,0.2089216,0.23197943,0.19646154,0.13957117,0.10205762,0.04202852,0.028849551,0.0068494543
0.00063529843,0.0018244522,0.017688716,0.14454722,0.27328002,0.20894244,0.10033706,0.095107585,0.11130763,0.039889693,0.0064398637
0.000707988,0.0038508612,0.042766012,0.21503823,0.22778097,0.19364208,0.1422792,0.10208513,0.037751295,0.027340172,0.006758075
0.0006523583,0.002647797,0.028537037,0.18543848,0.24883078,0.20377316,0.12664244,0.10065067,0.062175576,0.03379972,0.006852054
0.0006427657,0.002401406,0.025427388,0.1761987,0.25468168,0.20598668,0.120785564,0.099615075,0.07191918,0.0355491,0.006792495
0.0006438441,0.0024543635,0.026109552,0.1783534,0.25337726,0.2054522,0.12218439,0.0999256,0.06953013,0.035163075,0.0068062143
0.00063292164,0.0019043259,0.018766992,0.14969373,0.27034754,0.20835125,0.10408733,0.09601197,0.10431627,0.039356302,0.006531429
0.018542904,0.38190678,0.5309561,0.043332934,0.008980706,0.009129433,0.004469022,0.0017589892,0.00018758238,0.00030664986,0.00042889133
0.00065483217,0.0016188018,0.01499068,0.13054396,0.28313163,0.2089888,0.09010238,0.091709286,0.13154833,0.040638287,0.006073052
0.00064248894,0.0017597441,0.01683994,0.1403223,0.2759154,0.20957026,0.09696645,0.09402566,0.11728909,0.040330775,0.006337905
0.00063427084,0.0018590416,0.01813893,0.1465985,0.272136,0.20861602,0.10186364,0.09552699,0.10849077,0.039650194,0.0064856275
0.0006333686,0.002083739,0.021153236,0.16072921,0.26412785,0.2077318,0.11124367,0.097413346,0.09019539,0.0380209,0.0066674673
0.0010490104,0.0114918,0.11891745,0.25462568,0.17974365,0.16106687,0.14868122,0.09472911,0.010250839,0.014206697,0.0052376534
0.026047723,0.52451867,0.4040144,0.029508214,0.005537855,0.0060135955,0.0026199173,0.0009796892,0.00015507381,0.00023573633,0.00036914262
0.009541263,0.18675627,0.6721942,0.07355825,0.021139868,0.019182172,0.010935821,0.005226702,0.00030370557,0.00054493983,0.00061692676
0.0017462403,0.027759666,0.25971618,0.24371609,0.13611512,0.13145554,0.11040676,0.07496367,0.003986169,0.0066320137,0.0035025054
0.0007218142,0.004209827,0.046929907,0.22046033,0.2235702,0.19122012,0.14505105,0.10166654,0.0337093,0.02583597,0.006624967
0.00063457125,0.0021787079,0.022497302,0.16597997,0.2611523,0.20697789,0.114766546,0.09815453,0.08364434,0.037296772,0.00671711
0.00068031834,0.0032106265,0.035163317,0.20163114,0.23673767,0.19992448,0.13563153,0.10184977,0.047651876,0.030579785,0.0069394885
0.0070557315,0.13149236,0.68199325,0.09207093,0.031469986,0.028288703,0.016755445,0.008933924,0.00040210917,0.0007679333,0.00076957344
0.0006503889,0.0016730111,0.0157631,0.13465042,0.27932703,0.20953888,0.09307205,0.09281964,0.12557262,0.040745508,0.0061873263
0.008903932,0.17175987,0.67837745,0.07733297,0.023238676,0.020901993,0.01203666,0.0058917436,0.00032276145,0.0005838728,0.00065005216
0.0006324499,0.0019364816,0.019209465,0.15189211,0.26905203,0.20821095,0.10560698,0.096322484,0.101422876,0.03915342,0.0065607755
0.0006417123,0.0023853842,0.02521815,0.17553872,0.25510025,0.20607078,0.12041902,0.09953685,0.072631925,0.035669513,0.0067877043
0.0012697114,0.01583899,0.1593037,0.25926515,0.16364904,0.14838082,0.13801566,0.091896914,0.007003625,0.010749973,0.004626377
0.01932203,0.39785364,0.51727,0.04158311,0.00850207,0.008711712,0.004214451,0.0016425181,0.00018311977,0.00029679752,0.0004205381
0.019918442,0.40960625,0.50706434,0.040340982,0.008166565,0.008421935,0.0040350794,0.0015617826,0.00017984543,0.00029005687,0.00041475214
0.0006366899,0.0021882213,0.02259408,0.16639686,0.2608592,0.20718311,0.11479939,0.09821311,0.08321255,0.037191465,0.0067252796
0.0006342091,0.0021465598,0.022053499,0.16431868,0.2620899,0.20717885,0.11370432,0.09788195,0.08573382,0.037551865,0.00670636
0.0059312107,0.10839151,0.6603304,0.109083965,0.04066194,0.037074003,0.022892842,0.013150711,0.0005164044,0.0010483246,0.00091868814
0.0006330154,0.0019279929,0.019086707,0.15130095,0.26937932,0.2083282,0.10514303,0.096236154,0.10221338,0.039196853,0.006554379
0.001363067,0.017614853,0.1755796,0.2593784,0.1572061,0.14525567,0.13340446,0.08983636,0.0062024267,0.009753856,0.004405194
0.000666138,0.0029285303,0.031911023,0.19417232,0.24241675,0.20171118,0.1318294,0.10138556,0.053863894,0.03218585,0.0069293096
0.0006313925,0.0019867155,0.019896988,0.15513535,0.26738048,0.2078545,0.10778806,0.09674515,0.09719127,0.038793687,0.0065964134
0.0006431266,0.0017478575,0.016686544,0.13952075,0.27638832,0.2096621,0.09640285,0.09382706,0.11840573,0.04040005,0.006315572
0.000684787,0.0033785698,0.037243105,0.20546103,0.23426808,0.19786102,0.1380545,0.10198732,0.044482436,0.029692708,0.00688641
0.0006324187,0.0019553164,0.019461587,0.15310736,0.26837212,0.20810744,0.10642536,0.09649053,0.09984667,0.039027184,0.0065740175
0.0013419355,0.017398458,0.17333016,0.2587892,0.15832269,0.14574428,0.13432963,0.09011842,0.0063182814,0.009877571,0.004429357
0.0006598763,0.0027972064,0.030327778,0.19026269,0.24538656,0.20276824,0.12941524,0.10107968,0.057477765,0.03292849,0.0068964865
0.0006350839,0.002162331,0.02226026,0.1651139,0.26163697,0.20716514,0.114134945,0.09800217,0.08475819,0.037418436,0.0067125764
0.0016646073,0.02543442,0.24088314,0.24794467,0.14032167,0.13462871,0.11503351,0.078830905,0.004332326,0.007212378,0.0037136588
0.00063462823,0.0021324572,0.021828907,0.16347194,0.26251382,0.2073619,0.113091186,0.097736254,0.08684274,0.037681673,0.0067045223
0.0006605473,0.0027896836,0.03018252,0.19000502,0.24551325,0.20308447,0.12905246,0.10104121,0.05783597,0.032939523,0.006895352
0.0007051933,0.0039044195,0.043487765,0.2159955,0.22718507,0.19310334,0.14288862,0.101932265,0.03691126,0.02716372,0.0067228633
0.00063403754,0.0021270965,0.02174595,0.16318491,0.2626432,0.20744911,0.11289722,0.09770367,0.087214485,0.03770287,0.006697439
0.020408018,0.4192119,0.49866617,0.039347645,0.007904097,0.008194741,0.00389569,0.001499322,0.00017733123,0.00028478992,0.0004102518
0.017932037,0.36885267,0.54205656,0.044770747,0.009407962,0.009482478,0.0046915333,0.0018629009,0.00019162137,0.0003150335,0.00043640283
0.00063592335,0.0022216672,0.023041407,0.1680842,0.25985295,0.20694003,0.1159187,0.09847358,0.08116939,0.036931463,0.0067307805
0.03287175,0.64528155,0.29068077,0.020335425,0.0037295185,0.0041810875,0.0016298757,0.0006277672,0.0001367265,0.00019629748,0.0003291885
0.0010999541,0.012561686,0.12901305,0.2567469,0.17549933,0.15762286,0.14611338,0.09385701,0.009193613,0.013225098,0.005067086
0.0009384475,0.009318319,0.098521926,0.24905376,0.18849082,0.16847214,0.15315571,0.09663013,0.013407821,0.016448252,0.005562635
0.0012849943,0.016999133,0.16964205,0.25652263,0.16045493,0.14930782,0.13554347,0.08901167,0.0066527887,0.010157235,0.004423325
0.00064786046,0.0025162944,0.026858633,0.18069148,0.2519522,0.20500742,0.12347941,0.10018476,0.06711835,0.03471783,0.0068258
0.010311513,0.20394981,0.6634723,0.069826394,0.019088568,0.017500732,0.00986608,0.004607233,0.0002852632,0.0005066505,0.00058548455
0.00063426094,0.0018810893,0.01842307,0.14797011,0.27130035,0.20856695,0.102803856,0.0957578,0.106655195,0.03949594,0.0065113623
0.00073439634,0.0047342605,0.052891165,0.22623233,0.21830042,0.18820186,0.14858194,0.10065429,0.029081447,0.0241656,0.006422322
0.0006373931,0.0018158747,0.017566593,0.14399895,0.2735909,0.20918585,0.0997508,0.094973154,0.11211332,0.03993486,0.0064323335
0.00063565874,0.0021695413,0.0223248,0.16543938,0.2613451,0.20729342,0.11424387,0.09804976,0.08443666,0.037346072,0.0067157233
0.025416533,0.5132179,0.4143204,0.030520998,0.005762093,0.006225366,0.0027408164,0.0010252022,0.00015711284,0.0002404013,0.00037316236
0.0017745186,0.028520921,0.26621488,0.24252167,0.13440086,0.12986776,0.10815219,0.074723214,0.003850675,0.006503672,0.0034696436
0.00069219584,0.0035441357,0.03905134,0.20893136,0.23195302,0.19648024,0.13955982,0.102068655,0.04202171,0.028848022,0.006849499
0.0009871273,0.010162584,0.10687901,0.25250366,0.18458752,0.1652089,0.15116376,0.095798664,0.011838678,0.015458098,0.0054119844
0.0006353508,0.002165186,0.022295283,0.16525845,0.26153332,0.20718828,0.11420028,0.09803666,0.08458526,0.03738643,0.006715488
0.0006348234,0.002155239,0.022131385,0.16469124,0.26177865,0.20729983,0.11385498,0.09792784,0.08533957,0.03747566,0.006710773
0.0006450671,0.0017376406,0.016547285,0.13876835,0.27677807,0.20984827,0.09579409,0.09363372,0.11949231,0.04045534,0.0062998673
0.00063119596,0.0020445094,0.020669146,0.1585889,0.26541987,0.20766626,0.11006926,0.09716445,0.0927792,0.038332153,0.0066350447
0.0006457498,0.0017283699,0.016448384,0.13823979,0.27714577,0.20973703,0.09547485,0.09351707,0.12026762,0.040509522,0.006285898
0.00063374557,0.0020897086,0.021230767,0.16107206,0.26391566,0.20774056,0.11142936,0.09745605,0.08979023,0.037969463,0.0066723474
0.0020572096,0.034478955,0.31717682,0.23189025,0.122155085,0.118743196,0.095950715,0.0662031,0.0030675146,0.005275133,0.003002006
0.00063832104,0.0022889446,0.023973528,0.17129831,0.257869,0.20652625,0.11796039,0.098937556,0.07737036,0.036384515,0.006752807
0.0009274952,0.008775019,0.09442962,0.25070104,0.18943019,0.16834615,0.1534243,0.09746556,0.014189706,0.016720675,0.0055902484
0.0006395183,0.0023026688,0.02415648,0.17194392,0.2574548,0.20652422,0.11823508,0.099054135,0.076625966,0.03630042,0.0067628147
0.00075085956,0.0051186313,0.05726002,0.23027438,0.21470715,0.18621944,0.1499095,0.10003472,0.026395863,0.023040358,0.006289029
0.0042542038,0.0754906,0.573772,0.14778973,0.06444854,0.062030707,0.04167063,0.026222879,0.000953626,0.0019336063,0.0014334583
0.0006627949,0.0029057886,0.03164289,0.19344471,0.24295415,0.20159544,0.1317465,0.101351015,0.054409046,0.032365024,0.006922583
0.0014261357,0.01911796,0.18803997,0.25761,0.15374349,0.1434034,0.12982246,0.08770968,0.0057486645,0.009119903,0.0042583025
0.016229047,0.3339917,0.5710296,0.049031124,0.010625275,0.010546563,0.0053658974,0.002178437,0.00020386324,0.00034125382,0.00045724187
0.0032861994,0.05799173,0.48961055,0.18012603,0.08376075,0.08165316,0.0586634,0.03875588,0.0014567228,0.002777362,0.0019182476
0.00063572713,0.0021722387,0.022384074,0.16559337,0.26133573,0.2071753,0.114386305,0.09808151,0.084178515,0.037339214,0.006718022
0.007446464,0.13942215,0.6843969,0.087861545,0.02929067,0.026267359,0.015443433,0.008038425,0.0003811319,0.00071257184,0.000739351
0.0006507692,0.0016777023,0.015770977,0.13477343,0.2792244,0.20986925,0.092938155,0.09286628,0.12535101,0.04068573,0.0061922935
0.0006408801,0.0023166668,0.024330506,0.17256275,0.25704277,0.20655385,0.11850347,0.099139266,0.07595602,0.036184195,0.0067696143
0.013830235,0.28079066,0.61232835,0.05664094,0.013110511,0.012568468,0.006736337,0.0028719567,0.00022996761,0.0003933132,0.0004991952
0.0007259509,0.0044553615,0.0495162,0.22320084,0.2211326,0.19011235,0.14657329,0.10119897,0.031497605,0.025052294,0.0065345457
0.003540309,0.06365418,0.5147333,0.1698446,0.078384034,0.07631996,0.053426724,0.0345297,0.0013055792,0.0024982314,0.0017633147
0.0063937176,0.11790939,0.67243916,0.10097567,0.036343146,0.032810938,0.019864628,0.01105686,0.000457759,0.00090732635,0.0008414211
0.0006335738,0.0018921065,0.018584497,0.14878586,0.2708571,0.20846912,0.1034083,0.095880486,0.10553876,0.039429434,0.0065207765
0.00065406866,0.0016444771,0.015345891,0.13246687,0.28109086,0.20947465,0.09141006,0.09225258,0.12880188,0.040729698,0.0061289296
0.0006365211,0.0022090639,0.022899164,0.16749646,0.2602303,0.2069783,0.11555312,0.09839839,0.08184078,0.037028015,0.0067298445
0.0007146173,0.0041690534,0.046529554,0.2198381,0.22418375,0.191517,0.144809,0.10155904,0.033986967,0.026075915,0.0066169044
0.004427531,0.07855521,0.58514297,0.14297186,0.061724465,0.059095584,0.039421745,0.024570515,0.00089545944,0.0018234258,0.0013712365
0.002884351,0.050908398,0.4404167,0.19645698,0.0944533,0.09260941,0.06902609,0.045878805,0.0018148496,0.0033349437,0.0022161407
0.00063673273,0.0018259924,0.017700274,0.1446146,0.27323958,0.20907207,0.10024142,0.09510366,0.111254446,0.03986578,0.006445434
0.0010731071,0.01207765,0.12313458,0.2543989,0.1783643,0.16033822,0.1475265,0.0942418,0.009865796,0.013784316,0.0051947683
0.000636631,0.002201121,0.0227873,0.16708812,0.26045412,0.20705505,0.11527758,0.098331384,0.08234886,0.037092134,0.006727688
0.0006465719,0.0024973685,0.026672684,0.1800071,0.25244644,0.20496878,0.12321331,0.100124456,0.067733444,0.034869447,0.0068204165
0.0006379502,0.0022367279,0.023218919,0.16876546,0.2593977,0.20707093,0.11614759,0.09857492,0.0804163,0.036793247,0.0067402534
0.00071031664,0.004064686,0.045303173,0.21833314,0.22536466,0.19204904,0.1441698,0.10174725,0.035096824,0.02649859,0.006662564
0.00064732396,0.0024916441,0.026594587,0.17979014,0.2525728,0.20511656,0.12297223,0.10010282,0.06799791,0.03489313,0.006820869
0.0006522287,0.0016596672,0.0155594265,0.13357776,0.28006637,0.20959234,0.09221526,0.09260602,0.12712538,0.040784195,0.0061613293
0.0006469027,0.0017216931,0.016334424,0.13768713,0.27740744,0.20993395,0.094987854,0.09341802,0.12107092,0.04051945,0.0062721907
0.0006315692,0.0019107594,0.018873047,0.15018916,0.27012178,0.20811245,0.10459248,0.09608437,0.1036037,0.039346296,0.0065344353
0.0020331787,0.034190904,0.31441054,0.23202941,0.1231113,0.11960926,0.09660726,0.06652941,0.0031154128,0.005342214,0.0030211296
0.0043657734,0.07734409,0.58131176,0.14469115,0.06266123,0.060121607,0.04019003,0.025146998,0.0009142243,0.0018614343,0.0013916227
0.0073163332,0.13667,0.683874,0.0892131,0.029977174,0.026920581,0.015845487,0.008318004,0.00038716785,0.0007294836,0.000748584
0.0006667054,0.0029908358,0.03269073,0.19589072,0.24103194,0.20105672,0.13313615,0.10152022,0.052212287,0.03186661,0.0069371033
0.0006944241,0.0036023087,0.039745074,0.21013655,0.23112938,0.19588614,0.14016585,0.102081604,0.041160703,0.028563043,0.006834905
0.00063234667,0.0019388164,0.019218298,0.15199015,0.26893976,0.20832881,0.10562123,0.09633863,0.1013078,0.03912376,0.006560367
0.0006681935,0.00296915,0.03238679,0.19530888,0.24151628,0.20150498,0.13243106,0.10147473,0.052843187,0.031958345,0.00693833
0.0006319553,0.0020659885,0.020969998,0.1598351,0.2647328,0.20753165,0.11087886,0.097323775,0.09119292,0.03818331,0.0066536213
0.0014206981,0.019206937,0.18862562,0.25691527,0.15389524,0.1432677,0.12996641,0.08760708,0.005740876,0.009106461,0.0042476933
0.00069801015,0.003800809,0.04216662,0.21391684,0.22851431,0.1936904,0.14243384,0.10210949,0.038268406,0.027633453,0.0067677884
0.0006441041,0.0017461118,0.016652398,0.13933599,0.27645805,0.20977502,0.09621374,0.09377354,0.11868084,0.040407088,0.006313115
0.0006378687,0.0018098904,0.017471138,0.14356844,0.27382535,0.2093355,0.099372655,0.09487105,0.11272506,0.03996298,0.00642006
0.0007294493,0.004602574,0.051193297,0.2246933,0.21957003,0.18910265,0.1478101,0.10097828,0.030254904,0.024579681,0.0064856424
0.0015850216,0.022855267,0.21971785,0.2527374,0.14454246,0.13896841,0.12115365,0.08189123,0.0048418073,0.0078018866,0.0039050844
0.0006369088,0.0018193927,0.017599903,0.1441729,0.273443,0.20921668,0.09988523,0.09501829,0.11187112,0.039901853,0.0064347032
0.0006469862,0.0017132125,0.016239231,0.13720493,0.27780327,0.20982124,0.094671845,0.09333059,0.12174629,0.040564284,0.0062580644
0.0059902687,0.10957936,0.6621883,0.1079684,0.040076494,0.036464248,0.022451332,0.012840582,0.00050751184,0.0010268852,0.00090662146
0.000720405,0.004185471,0.046660416,0.22012842,0.22387101,0.191315,0.14491896,0.10169493,0.03394177,0.025932677,0.006630952
0.0014164451,0.019857327,0.19255047,0.2541864,0.15324505,0.14575881,0.12883988,0.08528511,0.0057596294,0.008934686,0.0041662636
0.037141584,0.7124415,0.22592127,0.01588516,0.0029477598,0.0033476495,0.0012132607,0.00048325828,0.00012830588,0.00017998976,0.0003103398
0.0006332908,0.0019989868,0.020003332,0.15571447,0.26692817,0.20819478,0.107903615,0.09680056,0.09654911,0.038665764,0.0066079325
0.005814809,0.10592683,0.65652007,0.111389585,0.041871555,0.038301945,0.023820346,0.013785262,0.0005343365,0.0010930964,0.0009421931
0.005405812,0.0973434,0.64026374,0.11939799,0.04690058,0.043535735,0.027808027,0.016410094,0.0006151665,0.0012693958,0.0010500634
0.0006471163,0.0017133709,0.01624846,0.13722178,0.27775767,0.20978862,0.094728775,0.093325,0.12173786,0.040572144,0.006259202
0.00081074587,0.0063594813,0.071136415,0.24060951,0.20392346,0.17951265,0.15285382,0.0984673,0.020274453,0.020097366,0.0059547406
0.0006441352,0.0017432757,0.01663774,0.13923177,0.27657807,0.20967777,0.09617941,0.09373667,0.11882677,0.040433686,0.006310768
0.0006329053,0.0019360124,0.019194141,0.15182486,0.26907727,0.20827371,0.105517946,0.09630367,0.1015252,0.039153673,0.0065606437
0.00065624685,0.0027069412,0.029183954,0.18735838,0.24745265,0.2036854,0.12746458,0.10080371,0.06037083,0.033444982,0.0068723243
0.0006853468,0.003350161,0.036856875,0.20485306,0.23466526,0.1983799,0.13748391,0.1019741,0.04501956,0.029832397,0.0068994635
0.00096145936,0.009581842,0.101726405,0.2515316,0.18667662,0.16683884,0.15219042,0.096266896,0.012719363,0.01601596,0.005490564
0.001200346,0.015168937,0.15210101,0.25519228,0.16790825,0.15390944,0.14001428,0.09084514,0.007667786,0.011297244,0.0046953293
0.00064297166,0.0017551585,0.01677171,0.13999014,0.27607638,0.2096912,0.0966913,0.09393665,0.11777418,0.04034239,0.006327975
0.00071341003,0.0039662477,0.044089936,0.21704362,0.22636282,0.19282223,0.1430815,0.10200358,0.036367044,0.026826069,0.0067235352
0.00065021316,0.0025764592,0.027645512,0.18294941,0.25057447,0.20444596,0.12491044,0.100395404,0.06470831,0.03430508,0.006838713
0.000643627,0.001746794,0.016691064,0.13950674,0.27641076,0.2096012,0.09641554,0.09380191,0.118451186,0.040414147,0.0063170064
0.0006391141,0.0017867541,0.01718584,0.14215751,0.2747948,0.20937617,0.09834157,0.094504505,0.11470311,0.04013033,0.006380271
0.00063850224,0.0017995001,0.017346222,0.14293885,0.2742555,0.20931166,0.09894182,0.0947041,0.11361535,0.04004639,0.0064020883
0.01471097,0.30063406,0.59760576,0.053511027,0.012041227,0.011708879,0.0061553237,0.0025620325,0.0002186228,0.00037091342,0.0004812076
0.0008506623,0.0070799487,0.07786823,0.24501225,0.19881435,0.17525212,0.15386951,0.09833352,0.018153924,0.01890438,0.0058610276
0.00064469187,0.0024399662,0.025901861,0.17772307,0.25375,0.20571454,0.12167258,0.09981763,0.07026552,0.035263978,0.006806171
0.0006447849,0.0024693392,0.026346264,0.17895389,0.2530859,0.20512903,0.122677654,0.100005165,0.06881271,0.035064436,0.006810805
0.0017676912,0.028438402,0.26443675,0.24211316,0.13531215,0.13137949,0.108699106,0.07395676,0.003929441,0.0065019554,0.00346506
0.0007820635,0.0057266746,0.064345494,0.23638661,0.20897242,0.18289383,0.15127762,0.099227324,0.022910062,0.021382732,0.0060951677
0.00065995246,0.0028202021,0.030625071,0.19097218,0.24485743,0.20246129,0.1299898,0.10113714,0.056770124,0.032807153,0.0068996083
0.0006371556,0.002180236,0.022430569,0.16587651,0.2610749,0.20744453,0.11433551,0.098106176,0.08394042,0.037249893,0.0067240642
0.00063421734,0.0018620767,0.018181825,0.1467878,0.27201602,0.20857668,0.10201544,0.09556208,0.10824559,0.03962846,0.006489758
0.00067714945,0.0031809248,0.03493295,0.2009312,0.23725736,0.19979051,0.13563107,0.10183354,0.048055127,0.030771589,0.0069385143
0.0006392415,0.0018004309,0.01734899,0.14296603,0.27419898,0.20942631,0.09888014,0.094701245,0.113608845,0.040025238,0.0064045643
0.0053431527,0.096099384,0.6369074,0.12075367,0.047845904,0.044535372,0.028584205,0.016921448,0.00063222,0.0013046119,0.0010725971
0.0006360517,0.0018265484,0.017713351,0.14468075,0.27325034,0.20899439,0.10032812,0.09512328,0.11113738,0.039864823,0.006444942
0.0008226843,0.0064360397,0.07138727,0.24135734,0.20346205,0.17909472,0.15260592,0.09863126,0.020210356,0.020015595,0.005976798
0.0007933638,0.0059949,0.067265265,0.23823546,0.20680706,0.18140648,0.15207386,0.09888626,0.021698024,0.020810807,0.006028422
0.0008364599,0.006748585,0.07467847,0.24324587,0.20094709,0.17682317,0.15375936,0.098482125,0.019126484,0.019434992,0.005917357
0.0006456278,0.002457418,0.026122361,0.17840666,0.25334308,0.20554243,0.12208749,0.09990876,0.0695332,0.035142597,0.0068104183
0.0012290791,0.014862786,0.1505075,0.2600569,0.16647235,0.15043104,0.14014894,0.09276388,0.0074845045,0.011304903,0.004738093
0.0006388204,0.0022878947,0.023953661,0.1712469,0.25788644,0.20657769,0.11787938,0.09893498,0.077452414,0.036388222,0.0067535755
0.0007755296,0.005796226,0.06371295,0.23460412,0.20959209,0.18282346,0.15241677,0.09945016,0.023112435,0.021560162,0.0061560934
0.0006447283,0.0024062714,0.02545577,0.17634659,0.25457138,0.20615529,0.120666705,0.09963463,0.07181913,0.03549958,0.006799867
0.0021794154,0.0370832,0.33828327,0.22682595,0.117425956,0.11415872,0.090989225,0.06253528,0.0028004367,0.0048750457,0.00284354
0.0006337083,0.0021369962,0.021911804,0.16375586,0.26239568,0.20720094,0.11339602,0.097786956,0.0864217,0.037657462,0.0067029363
0.0006540524,0.0016071401,0.014880555,0.1298616,0.28384122,0.20857114,0.08982109,0.09156951,0.13249007,0.040649734,0.0060539134
0.0006422515,0.0017562426,0.016785724,0.14006336,0.27607003,0.20962149,0.09677648,0.09397655,0.11762927,0.040349584,0.0063290405
0.0006994413,0.0037340536,0.0412831,0.21274197,0.22934914,0.19470933,0.1413277,0.10209694,0.039310776,0.02794943,0.0067981416
0.0057755522,0.10527957,0.65541303,0.11195582,0.042227793,0.038678896,0.024104504,0.01396772,0.00054041215,0.0011063729,0.0009501956
0.0006392975,0.0017970899,0.017305193,0.14275122,0.27434424,0.20942537,0.09872835,0.09465726,0.11389861,0.040054392,0.006398997
0.015002713,0.30748838,0.5922373,0.052575737,0.011723366,0.011458263,0.005980298,0.002478399,0.0002151536,0.00036439783,0.00047598558
0.0064830775,0.11984276,0.6742646,0.09956262,0.03556061,0.03207144,0.019348541,0.0107049765,0.00044839157,0.0008836712,0.0008293243
0.0006394452,0.0017872577,0.017189357,0.1421577,0.2747551,0.20939282,0.09834358,0.094507776,0.114712924,0.040132042,0.0063820076
0.0006535826,0.0016468528,0.015385694,0.13268192,0.28089955,0.20947343,0.09157061,0.09232454,0.12848537,0.04074327,0.0061351466
0.0006481351,0.0017018303,0.016103283,0.13647665,0.27821034,0.20977718,0.094206646,0.093185335,0.12283682,0.040615104,0.006238641
0.00064313825,0.0023954248,0.02536491,0.17592983,0.25485176,0.20597854,0.120702185,0.09957722,0.072190695,0.035573922,0.006792408
0.0009321424,0.009120288,0.097493395,0.24948981,0.18903312,0.16833627,0.15331826,0.09657637,0.013572529,0.01657941,0.0055483887
0.0132866455,0.2686629,0.62101656,0.058614153,0.013879346,0.013166644,0.007131655,0.0030845334,0.00023805881,0.0004081523,0.00051138626
0.00065018627,0.0016847532,0.015882844,0.13533583,0.27889034,0.20979437,0.093379594,0.09295779,0.12454926,0.04066725,0.0062077506
0.0028169313,0.049720157,0.43150645,0.1993499,0.09649369,0.09448358,0.070878886,0.047150236,0.0018849716,0.0034476,0.0022675644
0.0015310035,0.021762844,0.21043934,0.25340912,0.1479884,0.1397777,0.12385338,0.08392355,0.005069718,0.008218648,0.0040262956
0.0006332944,0.0020240291,0.020339714,0.15722348,0.2661172,0.20805804,0.10889497,0.09697998,0.094622426,0.038480468,0.00662643
0.0071095177,0.13268241,0.682409,0.09141358,0.031132123,0.027986877,0.016550522,0.0087927915,0.00039882166,0.00075893814,0.00076540804
0.0006528866,0.0026244244,0.028213976,0.18458854,0.249424,0.20411554,0.1259421,0.10055347,0.063085206,0.033949707,0.0068501323
0.0015679002,0.023179479,0.22044489,0.25063914,0.14556846,0.14052849,0.120700836,0.080780126,0.0048889085,0.007822142,0.0038796468
0.0037038317,0.0661584,0.52993983,0.16457754,0.07487875,0.07254008,0.05042107,0.03253772,0.0012055744,0.0023581176,0.0016791896
0.0035629307,0.063391514,0.51614505,0.16983144,0.078000225,0.0757119,0.05319706,0.034615632,0.0012889556,0.002499996,0.0017552862
0.0006452942,0.002441978,0.025948102,0.17777699,0.25378066,0.20559071,0.12180963,0.09979422,0.07017533,0.03523335,0.0068037603
0.000632847,0.0019929954,0.019948011,0.1553985,0.2671696,0.2080346,0.10783827,0.09676069,0.09691369,0.038709406,0.006601388
0.00068338565,0.0032737195,0.03600817,0.20314644,0.23571397,0.19908261,0.13669159,0.10192042,0.046384264,0.030180784,0.0069146734
0.0010642033,0.011295419,0.11667182,0.25696942,0.17893964,0.15980192,0.14957787,0.09588739,0.010338381,0.014190467,0.0052634357
0.0006314313,0.0020391059,0.02062353,0.15833081,0.26561067,0.20760088,0.109925374,0.09714346,0.093076795,0.03838484,0.006633135
0.00063405785,0.0020915163,0.021282665,0.16122201,0.26387393,0.20762461,0.1115766,0.097470164,0.089578904,0.03796993,0.0066755647
0.0006491245,0.0016818342,0.015868356,0.13523667,0.27895927,0.20962791,0.09345327,0.09294571,0.124681905,0.040694866,0.006200999
0.00064449373,0.0017410476,0.01658738,0.13901106,0.2766733,0.20983583,0.09594347,0.0936875,0.119141065,0.040430274,0.006304569
0.0009500546,0.00912564,0.09791137,0.25204667,0.18761346,0.16751221,0.15251945,0.09699745,0.013467862,0.016326698,0.0055291215
0.0006808347,0.0032450508,0.035653822,0.20250137,0.23616941,0.19934247,0.13628837,0.101912744,0.046864644,0.030413477,0.0069278223
0.000636353,0.0018277185,0.01770869,0.14467247,0.27316046,0.20911998,0.10028636,0.0951238,0.11117245,0.03984644,0.006445288
0.0017838691,0.028877081,0.26863047,0.24161667,0.13407472,0.12954782,0.10756999,0.074195094,0.0038173918,0.0064454107,0.0034415144
0.0006327576,0.0021476478,0.022048695,0.16436625,0.26206163,0.20714875,0.113798305,0.09788206,0.08566595,0.03754554,0.006702377
0.0008398912,0.0071729776,0.077976026,0.24339499,0.19941975,0.1761902,0.1539875,0.097969525,0.018105127,0.019068537,0.0058754752
0.000637481,0.0022129249,0.022928905,0.16763295,0.26014507,0.20707335,0.11552692,0.098401055,0.0817141,0.036994264,0.0067329244
0.0006337367,0.0019125579,0.018837256,0.15011513,0.27000344,0.20859371,0.10422621,0.096062504,0.10379758,0.03927951,0.0065383753
0.0007074889,0.0039741183,0.044270277,0.21708868,0.22634895,0.19256395,0.14347482,0.1018978,0.03610339,0.026868595,0.0067018876
0.00064642826,0.0017170269,0.01629029,0.13745199,0.2775894,0.20982654,0.094890594,0.09338063,0.12139395,0.04054919,0.0062638805
0.0066181566,0.122712515,0.67655784,0.09759702,0.03447828,0.031059897,0.018647376,0.010227747,0.00043601464,0.0008520965,0.00081305206
0.005691129,0.103619516,0.6524445,0.113477565,0.043168675,0.03964269,0.024838971,0.014451095,0.00055566995,0.0011391792,0.00097097614
0.0006744598,0.0031137182,0.034129467,0.19921808,0.23846616,0.20040788,0.13470827,0.101736195,0.049435195,0.03115834,0.0069523174
0.0006349345,0.002143076,0.02195101,0.16401719,0.26215556,0.2074224,0.11336958,0.09781083,0.086211406,0.037576642,0.0067074047
0.025668325,0.51776767,0.41018122,0.030107813,0.005671349,0.00613928,0.0026914817,0.0010066051,0.00015628773,0.00023850314,0.0003715196
0.0032387578,0.05710775,0.48383915,0.18210879,0.08501999,0.083011985,0.059768498,0.039619,0.0014961404,0.0028390482,0.0019509107
0.00063528767,0.0022073628,0.022858603,0.16740346,0.2602621,0.20696862,0.11554494,0.09837094,0.08197807,0.037045922,0.0067246715
0.0006345875,0.0018640076,0.018171946,0.14679578,0.27193788,0.20878926,0.10190293,0.09557205,0.10824911,0.039591774,0.0064907
0.0006344829,0.001840444,0.01790286,0.14553206,0.27271977,0.20877285,0.101100415,0.09530721,0.10995822,0.03977203,0.006459693
0.00064057217,0.0023588869,0.024923619,0.17447203,0.25581396,0.20608646,0.11989772,0.099409744,0.073736735,0.035879858,0.006780423
0.00063387386,0.0021163914,0.021639848,0.16268028,0.26300418,0.20739083,0.11262026,0.09765137,0.0877841,0.03778749,0.0066914107
0.00063780136,0.002234006,0.02323268,0.16871561,0.25947508,0.2069194,0.11623251,0.09858931,0.080399916,0.036823995,0.0067397156
0.00065417454,0.0026524544,0.028526466,0.18557087,0.2487038,0.20411554,0.12634332,0.10064716,0.062153574,0.033773687,0.0068589076
0.00063238,0.0020669217,0.020978238,0.15989998,0.26469356,0.20759381,0.110847495,0.097333595,0.09114094,0.038157947,0.0066551724
0.005721131,0.10404622,0.6534161,0.113057055,0.0428786,0.039326817,0.02460763,0.01430349,0.0005503632,0.0011290835,0.0009634473
0.00063560484,0.0018300419,0.017761711,0.14490613,0.27315018,0.20892797,0.10051758,0.0951635,0.11081675,0.039842185,0.0064482996
0.0008233325,0.0064343545,0.07156429,0.24161246,0.20318389,0.17857108,0.1530013,0.0987176,0.020155553,0.019966042,0.0059701325
0.00067255425,0.0030496465,0.03328873,0.19748268,0.23970246,0.20119749,0.13352953,0.101620235,0.051015306,0.031486183,0.0069551766
0.017363748,0.35720325,0.5518269,0.046186153,0.0097783385,0.009818834,0.004900511,0.0019607884,0.00019530536,0.00032352208,0.00044265902
0.0006345725,0.0018564161,0.018084755,0.14638814,0.27219272,0.20878138,0.101647004,0.09548075,0.10880328,0.03965034,0.0064806105
0.0006345459,0.0021684743,0.02232248,0.16542497,0.26141718,0.20720091,0.11430459,0.09805152,0.084408246,0.037355542,0.0067115286
0.0006501953,0.0025706673,0.027572675,0.18273944,0.25066894,0.2045053,0.12477652,0.100405514,0.06492163,0.03434941,0.006839699
0.001294232,0.016105825,0.16237013,0.26009208,0.16196772,0.14762689,0.13701175,0.09159728,0.0068143634,0.01053725,0.0045824186
0.0006669854,0.0029870996,0.032542177,0.19570218,0.24113524,0.20131542,0.13287365,0.101497315,0.052463274,0.03187714,0.0069395374
0.000633597,0.002094182,0.021297766,0.16132887,0.26375243,0.20766915,0.11165574,0.09748661,0.08945985,0.037946705,0.006675088
0.024532892,0.49656433,0.42940733,0.032046273,0.0060982998,0.0065401723,0.0029269925,0.0010963914,0.00016028082,0.0002477085,0.0003793507
0.006265352,0.11503748,0.66957116,0.10311135,0.037539322,0.03394561,0.020648351,0.011605646,0.00047215214,0.00094358186,0.0008599378
0.000643184,0.0017589434,0.016818326,0.14022017,0.2758776,0.20969695,0.09685953,0.09399043,0.11748088,0.040318236,0.006335724
0.0006535755,0.0016488762,0.015420177,0.13283937,0.2807029,0.20948534,0.091709845,0.09237267,0.12827036,0.040756576,0.00614031
0.0006877924,0.0034528002,0.038096696,0.20706674,0.23321946,0.19713874,0.13883476,0.10203971,0.043286584,0.029308679,0.0068681054
0.0010604329,0.011139408,0.1157009,0.25721735,0.17907712,0.16031839,0.14957987,0.09589713,0.01044681,0.0142942555,0.0052683633
0.0006644292,0.002907189,0.03158848,0.19348484,0.24287581,0.20192079,0.1314674,0.1013316,0.054530583,0.032303214,0.0069256937
0.0007057643,0.0038929272,0.04339006,0.2159132,0.22726299,0.19327745,0.1426622,0.101930976,0.037039362,0.027199972,0.006725044
0.0009295456,0.008840244,0.09504109,0.25084883,0.189125,0.16781412,0.15357602,0.097552516,0.01406419,0.016634224,0.0055742273
0.0006410076,0.0017748618,0.017024755,0.14131188,0.2752647,0.20951149,0.097695254,0.09427322,0.11592254,0.04021938,0.0063609243
0.0006404664,0.001778366,0.017080452,0.14158762,0.2750841,0.20943682,0.09793926,0.094349824,0.115540445,0.04019505,0.006367581
0.0032226946,0.057241775,0.48296282,0.18181142,0.085180715,0.08342442,0.0602652,0.03957914,0.0015070006,0.0028422368,0.001962643
0.0006327037,0.0019688287,0.019639097,0.15395328,0.26791704,0.2081043,0.106921956,0.0965964,0.098765515,0.038915485,0.0065854085
0.00065825967,0.0027437888,0.02961625,0.1885331,0.24661374,0.20343886,0.1281531,0.10090455,0.05923672,0.033218086,0.0068835844
0.00063459115,0.0018638636,0.018195067,0.14685377,0.2719445,0.20863618,0.10202182,0.0955782,0.10816662,0.039612234,0.0064931037
0.00065328367,0.001643726,0.015362665,0.13253926,0.28099325,0.2093852,0.09155495,0.09228183,0.12871484,0.040742,0.0061290353
0.0041486435,0.07376675,0.56630284,0.15077369,0.06620949,0.063908696,0.043128293,0.02728625,0.0009940804,0.0020051785,0.0014760464
0.0006379116,0.002298343,0.024118366,0.171769,0.2575971,0.20637915,0.11829734,0.09902722,0.07676837,0.03634949,0.0067577097
0.00064274395,0.0017588835,0.016829003,0.14026141,0.27594554,0.2095791,0.09692294,0.0940037,0.117383935,0.040336456,0.0063362997
0.00066965836,0.0030086776,0.03286896,0.19640584,0.24063522,0.20118745,0.13313471,0.10155392,0.05184795,0.031741917,0.0069457088
0.0007056951,0.0038858175,0.04327964,0.2157739,0.22739725,0.19337147,0.14254296,0.101930425,0.037146855,0.027238049,0.0067278617
0.00063389976,0.0019039433,0.018713398,0.14949578,0.27036232,0.20863882,0.10379104,0.09597912,0.10461501,0.039335947,0.0065307156
0.0008340383,0.007129314,0.07719251,0.24245249,0.20017731,0.176454,0.15422511,0.09805844,0.018334001,0.019245403,0.005897355
0.0027804016,0.048981246,0.4259893,0.20118308,0.097617164,0.09565258,0.0720478,0.047999773,0.001928366,0.003517369,0.0023028685
0.0009401637,0.0092930235,0.09857788,0.24945678,0.18831295,0.16837604,0.15311733,0.096552305,0.0133907925,0.016427401,0.005555312
0.031173384,0.61644363,0.3181104,0.02238636,0.00410351,0.004569642,0.0018312671,0.00069875026,0.00014085203,0.00020431871,0.00033793188
0.00074363017,0.0049779,0.055209566,0.2282841,0.21615002,0.18707184,0.14964385,0.10046696,0.027575133,0.023503479,0.0063735475
0.0006308974,0.0020526454,0.020793675,0.15913779,0.26521936,0.20755559,0.110416666,0.097260155,0.09202686,0.038264256,0.0066421176
0.000646696,0.0017147746,0.016272085,0.1373361,0.2776975,0.20973673,0.09484433,0.09335172,0.12156351,0.040574722,0.006261797
0.0030633444,0.053685028,0.46341795,0.18933679,0.08937533,0.087456666,0.064025365,0.04284931,0.0016398401,0.0030701323,0.0020802738
0.0006442527,0.00241897,0.025629848,0.17685412,0.25426415,0.20593102,0.12111282,0.09968456,0.07122728,0.035432037,0.006800967
0.00064856163,0.0025335045,0.027114673,0.18137957,0.25157636,0.20476422,0.12395633,0.10026102,0.06632882,0.0346068,0.006830153
0.0006644026,0.00288849,0.031413186,0.19298312,0.24326691,0.20198995,0.13121904,0.10132019,0.054970108,0.03236396,0.006920548
0.0006435728,0.0017533249,0.016748559,0.13984697,0.27620223,0.20968762,0.096570484,0.093896516,0.11795831,0.040365636,0.0063267183
0.0006475696,0.002532394,0.027116554,0.18136017,0.25158074,0.20466098,0.12407588,0.10028004,0.0663091,0.03460677,0.006829836
0.0018570556,0.030073404,0.2788005,0.24036616,0.13083991,0.12725167,0.105438605,0.072277226,0.003626659,0.006125687,0.003343161
0.0073518185,0.13734448,0.684053,0.08886663,0.029795611,0.026753621,0.015734248,0.0082443645,0.00038535194,0.0007248954,0.00074586424
0.000787794,0.0057211234,0.06392708,0.23635797,0.20900033,0.18278778,0.15126094,0.099447906,0.023147844,0.021426976,0.00613427
0.0030365556,0.053348236,0.46080503,0.1901638,0.090023026,0.08805733,0.06450025,0.043210812,0.0016600104,0.003099649,0.0020953484
0.0006377418,0.0023182223,0.024383374,0.17264989,0.25706062,0.2061853,0.118924946,0.09913337,0.075733,0.03621052,0.0067630457
0.00063259405,0.002019409,0.020326821,0.15707996,0.26625654,0.2078495,0.10895468,0.0969765,0.09474975,0.038531493,0.0066227666
0.00063691137,0.0018217874,0.017623303,0.14428885,0.27337462,0.20924251,0.0999428,0.095044084,0.11170459,0.03988237,0.006438119
0.0014274811,0.019898979,0.19406153,0.2555394,0.15200645,0.14431651,0.1286159,0.08550071,0.00564356,0.008851767,0.0041376357
0.0006650782,0.0029059509,0.031626817,0.19350296,0.24294548,0.20185898,0.13144241,0.101331666,0.05447132,0.032324117,0.006925252
0.0006492127,0.002595718,0.027897317,0.1836234,0.2501517,0.20409416,0.12554717,0.100452945,0.0639526,0.034195717,0.006840045
0.0006326489,0.0020006644,0.020066066,0.15592337,0.26688224,0.20794174,0.10818436,0.09683571,0.0962432,0.038679615,0.006610452
0.00075833395,0.005076727,0.05662145,0.23006406,0.21481396,0.18629254,0.14969698,0.100408755,0.026851567,0.023071157,0.0063444497
0.0006421196,0.0023673533,0.02500539,0.17478289,0.25561824,0.20616698,0.11993154,0.099441096,0.07343877,0.035819843,0.0067857555
0.0006340082,0.0021312872,0.021824712,0.16343687,0.2625679,0.20729159,0.113132834,0.097735934,0.086850636,0.037691977,0.006702263
0.00063203136,0.0019936126,0.019956606,0.1554807,0.26710504,0.20804536,0.10788288,0.096782714,0.096802786,0.03871717,0.0066010803
0.0006436717,0.0024536261,0.026129937,0.1782907,0.25351197,0.20524143,0.12230891,0.09990211,0.069503844,0.03520759,0.006806228
0.0012552204,0.015396756,0.15559919,0.2600091,0.16456719,0.14924495,0.13884002,0.09227218,0.0071879905,0.010958261,0.004669125
0.0006364681,0.0018135482,0.017555296,0.14390463,0.2737089,0.20899744,0.09984186,0.094953895,0.1122188,0.039944585,0.0064245774
0.0006445695,0.0024279412,0.025790758,0.17727135,0.2540792,0.2057027,0.12145257,0.09976203,0.07069827,0.035366736,0.00680383
0.00064858806,0.00169325,0.015999157,0.13593465,0.27850255,0.20974936,0.09387289,0.09308549,0.12364997,0.0406421,0.006222055
0.00063938444,0.0022933166,0.024031041,0.17151812,0.2577415,0.2065879,0.11795409,0.09898798,0.07711965,0.036367968,0.006759029
0.0010211621,0.010568922,0.11035015,0.25526866,0.18188387,0.16189684,0.15120693,0.09639661,0.011200506,0.0148652,0.005341086
0.0007862462,0.0057084397,0.063779704,0.23607452,0.20917119,0.18215002,0.15182078,0.0996978,0.023218751,0.021456085,0.006136498
0.013170254,0.2659934,0.62289596,0.05905607,0.014059643,0.013304251,0.007220835,0.0031343824,0.00023990135,0.0004112999,0.00051400723
0.0006439193,0.0017509719,0.01672313,0.1396998,0.27626988,0.20969903,0.096475564,0.093853354,0.11818024,0.04038059,0.0063235303
0.00063337287,0.0020758805,0.02108029,0.16034974,0.26439512,0.2076556,0.11105621,0.09737566,0.090623334,0.038090933,0.00666385
0.0021023848,0.034992106,0.3214861,0.23183732,0.12062254,0.117266126,0.094848596,0.06569926,0.0029916482,0.0051843505,0.002969637
0.0007781453,0.005827,0.06408455,0.23499882,0.20927921,0.18270098,0.15238711,0.09937201,0.022951351,0.021472797,0.0061480617
0.011680326,0.23430113,0.6447989,0.06425849,0.01630925,0.01519532,0.00840945,0.0037853604,0.000260774,0.00045464173,0.0005463855
0.0006367479,0.0022363232,0.023272738,0.16884807,0.25944108,0.20678288,0.1164184,0.09861542,0.08019444,0.036815505,0.006738396
0.0007555722,0.005329008,0.0589419,0.23118791,0.21326782,0.18504067,0.15120465,0.09999504,0.025411455,0.022599164,0.0062668435
0.0006338748,0.0021184415,0.021632057,0.16271485,0.26292896,0.20750208,0.11258639,0.09764918,0.087778434,0.03776444,0.0066912104
0.0036250423,0.064520895,0.52234125,0.16750877,0.076606095,0.074242614,0.052005727,0.033739492,0.0012501829,0.0024394745,0.0017204194
0.0014469705,0.01958348,0.1916629,0.2570071,0.15276705,0.14306939,0.12868205,0.08698473,0.0056314403,0.008942037,0.004222919
0.00064785534,0.002533532,0.02712905,0.18139406,0.2515711,0.20467499,0.12405312,0.100265115,0.066291355,0.03461128,0.00682858
0.0006367445,0.0018184994,0.017589096,0.14412487,0.27348748,0.20920129,0.099860415,0.09500923,0.11192898,0.039910253,0.006433128
0.0007665991,0.005422196,0.06089784,0.2335809,0.21172534,0.1845224,0.15068263,0.099573836,0.02448916,0.022155136,0.006183906
0.0008652066,0.0073729474,0.08070727,0.24645366,0.19716537,0.17437214,0.15333508,0.09802739,0.01736777,0.018518545,0.005814659
0.0006534981,0.0016142144,0.014995102,0.13047919,0.28313154,0.20866056,0.09030987,0.09171448,0.13166109,0.040710453,0.006070031
0.002026773,0.033724364,0.31117624,0.23344582,0.1234648,0.11986421,0.097422495,0.06728295,0.0031406293,0.005399913,0.0030517455
0.00063979375,0.0022929874,0.024014877,0.17148031,0.2577479,0.20664829,0.117880486,0.09898885,0.07717824,0.036366925,0.0067613544
0.00079162,0.005997016,0.06697522,0.23777373,0.20710668,0.18160713,0.15209207,0.09892581,0.021797443,0.020890657,0.0060426304
0.0006500321,0.0016739945,0.015767584,0.13468225,0.27927035,0.20958589,0.09309576,0.092842646,0.12550874,0.04073495,0.00618778
0.00065469183,0.00266385,0.028668381,0.18596156,0.24841894,0.20402986,0.12658745,0.100690626,0.061763547,0.033698957,0.00686213
0.0006331699,0.0019351131,0.01915076,0.15166484,0.26909158,0.20845315,0.10533053,0.09628286,0.1017535,0.03914543,0.0065590576
0.008178368,0.1554099,0.68288654,0.08216013,0.026002599,0.023268938,0.013572643,0.006840186,0.00034974574,0.00063814543,0.0006928331
0.0011325688,0.012654712,0.12888542,0.25957713,0.17415267,0.15553339,0.14608198,0.09488379,0.009020028,0.013000228,0.005078043
0.0032919794,0.058620546,0.4905194,0.17907205,0.083553314,0.08170765,0.058695592,0.038409956,0.0014556524,0.002759914,0.0019138999
0.000632927,0.0018897223,0.01856201,0.1486721,0.2709683,0.20839785,0.103376575,0.09587193,0.10566426,0.03944717,0.0065171304
0.0006439497,0.0017438718,0.01663896,0.13924448,0.27658296,0.20967957,0.09618218,0.093753524,0.118784875,0.040434383,0.0063112406
0.00069117954,0.0034599195,0.038186185,0.207228,0.23306987,0.19723678,0.13878694,0.10204253,0.04325444,0.029179936,0.0068641817
0.0006331232,0.0020628476,0.020909337,0.1596155,0.2648024,0.20770569,0.11059394,0.09729318,0.091538526,0.03819075,0.006654729
0.006663867,0.123500794,0.6772999,0.09703192,0.03414808,0.030752532,0.018435575,0.010085206,0.00043180067,0.00084270065,0.0008076752
0.00070426415,0.0038455918,0.042541485,0.21479157,0.22798681,0.1938599,0.14210095,0.10205842,0.03789053,0.02745506,0.006765478
0.00065513107,0.0027028231,0.029213343,0.18730308,0.2475367,0.20343645,0.12765794,0.10082326,0.060313407,0.033488616,0.006869252
0.000671277,0.0030771235,0.03372237,0.1982234,0.23914711,0.20050831,0.1344335,0.10169064,0.050194394,0.03137736,0.0069544953
0.0006390565,0.0023255832,0.024438964,0.17295958,0.256762,0.20637952,0.1189224,0.09917505,0.07550158,0.036129486,0.0067668036
0.012247586,0.24681771,0.6363571,0.062143613,0.0153828235,0.014406544,0.0079139,0.0035084123,0.0002524105,0.00043618216,0.0005337075
0.0006426539,0.0017589306,0.016834285,0.14029449,0.27593297,0.20956992,0.096945405,0.09400739,0.1173475,0.04032998,0.0063364897
0.0006496479,0.0016863662,0.015910836,0.13546443,0.27882382,0.20972851,0.0935218,0.09298292,0.124346405,0.040674552,0.006210674
0.0006354696,0.001845507,0.017949687,0.14575619,0.27259627,0.20885766,0.10114484,0.09534982,0.10965673,0.039738126,0.0064697736
0.0012646172,0.016526189,0.16537262,0.25664476,0.16206662,0.1501725,0.13655835,0.08962383,0.0068564615,0.010425235,0.0044887983
0.00063383626,0.0018902716,0.018555857,0.14864093,0.2709217,0.20850115,0.10329452,0.09585881,0.10574215,0.03944109,0.0065196436
0.0008100297,0.006526558,0.07143922,0.23985538,0.20384295,0.17929357,0.15344845,0.09852057,0.02014435,0.020131128,0.0059878184
0.0009708978,0.009971943,0.104481645,0.2505045,0.18566187,0.16655445,0.15220812,0.096034095,0.012359878,0.015782645,0.005470005
0.00063660165,0.0022141072,0.022952711,0.16771124,0.2600935,0.20695485,0.11570977,0.098412715,0.08161407,0.03697153,0.00672886
0.0006849961,0.0034074218,0.037500184,0.20598814,0.23384567,0.19765265,0.1383786,0.1019974,0.044111688,0.029551791,0.006881442
0.0014082257,0.018686943,0.18465717,0.25807482,0.15462452,0.14384586,0.13088281,0.088368475,0.005859544,0.00929441,0.0042972406
0.0006950648,0.0035695676,0.039478667,0.20951508,0.23159571,0.19600601,0.14002857,0.10207265,0.04156279,0.028643522,0.006832328
0.0010501837,0.011036379,0.11464034,0.25648633,0.17980106,0.16083798,0.1498631,0.095952705,0.010610065,0.014436192,0.0052856863
0.004749095,0.08361613,0.60386467,0.13488393,0.05721159,0.05434588,0.035757724,0.021861615,0.00079975795,0.0016422241,0.0012673883
0.0006900427,0.0034827713,0.03843428,0.20774847,0.23283024,0.19696777,0.13897094,0.102032416,0.04283892,0.029144498,0.0068596173
0.0034362257,0.061107278,0.5042803,0.17437324,0.08068643,0.07844625,0.055503406,0.036361456,0.0013633212,0.0026205464,0.0018215213
0.00063328445,0.0018460879,0.017992467,0.14591388,0.27254167,0.2085517,0.10151259,0.09539534,0.10939969,0.03974783,0.0064654606
0.022635864,0.46195355,0.46060994,0.03525047,0.0068716686,0.007256465,0.003339142,0.0012596148,0.00016743528,0.00026333382,0.00039252566
0.0006401097,0.0023309467,0.024501124,0.17319307,0.25659412,0.2064482,0.1189598,0.0992102,0.07527278,0.036079418,0.006770266
0.009808484,0.19255142,0.669491,0.072212264,0.020394227,0.018569851,0.010541756,0.004998366,0.00029692941,0.0005311468,0.000604676
0.0006317192,0.0019538614,0.019455226,0.15305236,0.26842254,0.2080039,0.10647764,0.09649165,0.099887475,0.03905145,0.0065721828
0.0024223279,0.04260228,0.37959132,0.21492904,0.10886304,0.10569112,0.08157541,0.055195518,0.0023659102,0.004194898,0.0025691795
0.00064651953,0.0024762624,0.026361486,0.17914745,0.25291792,0.20538078,0.12251361,0.09999683,0.06874496,0.03500016,0.0068140714
0.00063706614,0.002251416,0.023484407,0.16958383,0.25898865,0.20668636,0.11688727,0.09871715,0.079322614,0.036699004,0.006742199
0.00063506723,0.0021400973,0.021907186,0.16384813,0.2622342,0.20746434,0.11324374,0.09778228,0.08643842,0.037599836,0.006706703
0.024535589,0.49733022,0.42872605,0.031975,0.006096018,0.0065376125,0.0029203442,0.0010927478,0.00016019696,0.00024722033,0.00037897864
0.0058752503,0.10724368,0.65848774,0.11018935,0.04123623,0.03766423,0.023329647,0.01344953,0.00052513514,0.0010691939,0.00093008025
0.0006585457,0.002757515,0.029790131,0.1889776,0.24628367,0.20328979,0.12847462,0.100946195,0.058796678,0.033139,0.0068862406
0.0006405659,0.0023186721,0.024352634,0.17263697,0.25700435,0.20650722,0.1185832,0.099148266,0.07585619,0.03618202,0.0067699007
0.00067607773,0.0031399813,0.034412917,0.19987835,0.23803148,0.20024256,0.13497747,0.10176869,0.048920605,0.031003317,0.0069485414
0.00065132894,0.002595332,0.027874364,0.18362284,0.2500965,0.20433368,0.12529585,0.10047886,0.06403054,0.034175243,0.00684549
0.00064236624,0.0023959468,0.025394255,0.17599215,0.2548763,0.20585656,0.120777614,0.099593826,0.07206237,0.03561711,0.0067915563
0.01347531,0.27149877,0.61917454,0.05810117,0.0136435125,0.012937247,0.0070102676,0.0030136784,0.0002352147,0.0004031822,0.00050713966
0.0006568233,0.0027449375,0.029707814,0.18862884,0.24660243,0.20311396,0.12847438,0.10092964,0.059018627,0.03324202,0.0068804417
0.0017553789,0.028125513,0.26247677,0.24299999,0.13546629,0.13072729,0.109197,0.07521793,0.0039228736,0.0066082147,0.00350274
0.011567708,0.23206317,0.64626646,0.06464379,0.016488455,0.015350248,0.008510882,0.0038392527,0.00026254175,0.00045817037,0.0005492646
0.00065458805,0.0016245847,0.015081961,0.13102448,0.28254378,0.20908508,0.09048277,0.09182941,0.13090406,0.040682733,0.006086545
0.014964083,0.30635902,0.59311354,0.052736063,0.011773373,0.011496827,0.006006071,0.0024931522,0.00021567372,0.00036554137,0.00047668713
0.0007305511,0.0043952414,0.048985552,0.22285874,0.22159034,0.19033206,0.14601885,0.10136979,0.032002542,0.025153946,0.0065623764
0.032315448,0.63586885,0.29971728,0.020960981,0.0038334045,0.0042930846,0.0016936613,0.0006485775,0.00013809037,0.00019887727,0.000331698
0.00063606224,0.0018229982,0.017666975,0.14446159,0.27338693,0.20900579,0.10017689,0.095078744,0.111428805,0.039895292,0.0064399256
0.00067641493,0.0031574755,0.034607794,0.20028163,0.23773481,0.20006141,0.13524286,0.1018023,0.04857421,0.030915398,0.0069457423
0.0006319396,0.0020800827,0.02116634,0.16066767,0.26427022,0.2074483,0.11142782,0.09742771,0.09014902,0.03806803,0.0066628526
0.00071332644,0.004192853,0.046635058,0.21985745,0.22393696,0.191322,0.14526632,0.10158241,0.03386689,0.0260053,0.0066214013
0.0024589438,0.04279489,0.38076136,0.21503356,0.107857555,0.10545708,0.081644915,0.054930057,0.0023363796,0.004153738,0.0025714766
0.0006413641,0.0023570315,0.024827557,0.17430545,0.2558758,0.20636322,0.11957354,0.09935943,0.07403507,0.03588024,0.0067812623
0.0018534273,0.030486833,0.28272122,0.2383455,0.1309682,0.12668674,0.10418326,0.07178403,0.0035886036,0.00608246,0.0032997837
0.0011502912,0.013834616,0.14000405,0.25522456,0.1723759,0.15635149,0.14308247,0.09236429,0.008447893,0.01225488,0.00490953
0.0006524776,0.002612854,0.02809356,0.18426007,0.24966314,0.20424771,0.12562731,0.10053915,0.06340229,0.034052264,0.0068491776
0.00063595147,0.0018375053,0.017848246,0.14529723,0.272865,0.20894371,0.10077807,0.09524855,0.110298276,0.03978794,0.006459544
0.0006387746,0.0023250438,0.024483697,0.1729979,0.2567987,0.20623237,0.11904923,0.099202715,0.07536915,0.03613627,0.006766165
0.0006323144,0.0019996974,0.020027941,0.15580136,0.26692453,0.20804328,0.108072616,0.096815504,0.09639868,0.038677312,0.0066067856
0.0034841727,0.062136434,0.50917643,0.17243692,0.079621434,0.07734732,0.054517806,0.03558163,0.001333394,0.0025698058,0.001794669
0.0006394322,0.0017886988,0.017224338,0.14230129,0.27470654,0.20929125,0.098486856,0.094532534,0.11450941,0.040133014,0.0063866265
0.00065364724,0.00164602,0.015368229,0.13258918,0.28095758,0.20950873,0.09150611,0.09229574,0.12861748,0.040726133,0.006131167
0.007682409,0.14355877,0.6852002,0.08597865,0.028234031,0.025176102,0.014796584,0.0075980416,0.0003696635,0.00068481965,0.00072076375
0.0006432861,0.002379959,0.025161874,0.17530258,0.25527805,0.20615153,0.12017542,0.09951581,0.0728842,0.03571541,0.0067919125
0.00063539966,0.0018536703,0.018058274,0.14624454,0.2722858,0.20879607,0.101512566,0.0954449,0.10901157,0.039676357,0.006480811
0.0006352086,0.0021696112,0.02232729,0.1654482,0.26136884,0.20726284,0.11426947,0.098051995,0.084406875,0.03734508,0.0067145573
0.0054217544,0.09770649,0.64089525,0.11907525,0.046692826,0.043328565,0.027657043,0.016302465,0.0006121448,0.0012624104,0.0010458626
0.00063533796,0.0018479491,0.017972892,0.14588718,0.27245936,0.2089301,0.101215295,0.09537809,0.10950275,0.039700154,0.0064709135
0.008920915,0.17215651,0.6782143,0.07723659,0.023180336,0.020856906,0.012006419,0.0058737556,0.00032224593,0.00058286317,0.0006491181
0.014664596,0.29978147,0.5982362,0.053656366,0.01208717,0.01174727,0.006180403,0.0025738284,0.00021906351,0.00037175644,0.0004818756
0.0006479359,0.00251256,0.026810365,0.18054895,0.25202394,0.20506263,0.12337654,0.10018458,0.067269616,0.034735978,0.00682687
0.00063275284,0.002021961,0.020350035,0.15720454,0.26619247,0.2078877,0.10899147,0.0969973,0.0945919,0.038504176,0.006625749
0.0006669788,0.002908952,0.031644046,0.19354495,0.24285741,0.20198634,0.1313913,0.1013268,0.05450143,0.03224612,0.0069255773
0.001798894,0.028559983,0.26564437,0.243357,0.13381103,0.12994803,0.10866961,0.07442694,0.0038542168,0.0064575756,0.0034723415
0.0006321733,0.002082762,0.021196004,0.16078232,0.26419103,0.20744658,0.11149933,0.09742782,0.0900178,0.038059313,0.0066648573
0.0006473955,0.0017017676,0.016121248,0.13656077,0.27819875,0.20965603,0.0943393,0.09320112,0.12271106,0.040623978,0.006238576
0.006772152,0.1258875,0.67886025,0.09549812,0.033318557,0.029989295,0.017914591,0.009722202,0.00042252647,0.00081889133,0.00079593126
0.00063634093,0.0021739432,0.02236426,0.16560748,0.26125073,0.20736475,0.11426091,0.09806311,0.08425136,0.03730817,0.006718947
0.0058781714,0.1074115,0.6587061,0.110028684,0.041170567,0.03759867,0.02327446,0.013412102,0.0005242513,0.0010662981,0.00092913926
0.005256387,0.09410882,0.6318423,0.12287971,0.04929385,0.04603325,0.02975425,0.017709166,0.0006577182,0.0013587283,0.0011058556
0.0006328425,0.0020518827,0.020760102,0.15897393,0.2652069,0.20773183,0.11018159,0.09720639,0.092330635,0.038278215,0.0066456916
0.0006390614,0.0022962515,0.024075272,0.17165652,0.25764447,0.20653087,0.11808727,0.0990141,0.07694492,0.036351472,0.0067598014
0.0007406918,0.004872426,0.054071724,0.22738813,0.21704142,0.18770383,0.1490872,0.1005993,0.028299918,0.02378872,0.006406702
0.0006897443,0.0034955943,0.038598485,0.20799537,0.23261939,0.19675605,0.13922353,0.10205287,0.042624675,0.029087719,0.006856527
0.00063859206,0.002270401,0.023683121,0.17040342,0.25838968,0.20682327,0.11720286,0.098823585,0.07847438,0.036539752,0.006750943
0.0006385992,0.0022590617,0.023561204,0.16989881,0.25876495,0.20679961,0.11692797,0.09876022,0.07900598,0.036635105,0.006748462
0.0006822858,0.0032556618,0.035695866,0.20273778,0.23596445,0.19952689,0.13618344,0.101896495,0.046793852,0.03033391,0.0069293478
0.0007933764,0.0058178785,0.06488607,0.23707235,0.20827767,0.18234015,0.15141277,0.09933832,0.022720404,0.021227108,0.0061139157
0.00091222586,0.0088383,0.09396752,0.24804536,0.19102523,0.16993299,0.15351214,0.09689309,0.014271563,0.016977362,0.005624321
0.00065817207,0.002802116,0.030428398,0.19042742,0.24526429,0.20247453,0.12979749,0.10109391,0.057242423,0.032918185,0.0068930667
0.006290204,0.11579347,0.6702705,0.102551565,0.037245862,0.033666663,0.020455858,0.01146616,0.0004690094,0.00093459303,0.00085618836
0.000650711,0.0016743579,0.015751584,0.13463871,0.27928662,0.20974234,0.09294411,0.09283595,0.1255787,0.04070937,0.0061875256
0.00063323346,0.0019062399,0.01878547,0.14980534,0.27027252,0.20841666,0.10410752,0.09602745,0.10417856,0.039333116,0.006533865
0.0006330366,0.0019792537,0.019729473,0.15446271,0.26759633,0.2083266,0.10707738,0.0966666,0.09811595,0.03881861,0.006594005
0.0012924806,0.016358994,0.16392307,0.25922823,0.1618495,0.14753926,0.13678089,0.09126282,0.006766561,0.010441738,0.0045564487
0.0077660023,0.14631529,0.6843918,0.08515673,0.027747642,0.02485347,0.0145554785,0.0074537084,0.0003660615,0.0006762941,0.0007174406
0.0006435105,0.0023975978,0.0253545,0.17599237,0.25480273,0.20611486,0.12056343,0.09958093,0.072178274,0.0355768,0.006794972
0.0074206935,0.13877293,0.6845675,0.088019945,0.029424446,0.026386023,0.015509398,0.008064145,0.00038166778,0.00071385555,0.0007393216
0.00073851645,0.0045929146,0.051280454,0.22517437,0.21948518,0.18898743,0.14742179,0.10107092,0.030283572,0.024475906,0.006488948
0.015415425,0.31642964,0.58519846,0.051335108,0.011326277,0.011132523,0.005757685,0.002368603,0.00021095721,0.00035601898,0.00046931583
0.00070052355,0.0037650047,0.041625276,0.21331398,0.22900027,0.1944239,0.1415771,0.10208371,0.03890309,0.027818961,0.00678821
0.0006351669,0.0018583953,0.018089581,0.14643727,0.27215284,0.20888534,0.10159316,0.095486484,0.10874885,0.03962953,0.0064833895
0.0006323425,0.0020620858,0.02092328,0.15964171,0.2648215,0.20759209,0.11070721,0.09729837,0.091469415,0.038200695,0.0066512404
0.0008186941,0.0065903016,0.073156685,0.24146128,0.20254889,0.1785441,0.15327175,0.098296076,0.019591503,0.019795446,0.0059252754
0.00064882747,0.0016933911,0.016006444,0.13597378,0.27852336,0.20972905,0.09387632,0.09308055,0.12360156,0.040642958,0.006223719
0.0008090744,0.0065378733,0.07135188,0.23960061,0.20397185,0.17922124,0.15362677,0.0985516,0.020172281,0.020159367,0.0059974305
0.00063273497,0.0019807515,0.019795854,0.15470257,0.267521,0.2080893,0.107395485,0.09668645,0.09781324,0.038790926,0.0065916595
0.009656234,0.1889663,0.6712245,0.07303942,0.020832777,0.018927323,0.010768455,0.005133601,0.00030065788,0.0005394044,0.00061135064
0.00065190956,0.0016696742,0.015667656,0.13420364,0.27954727,0.20984226,0.09255839,0.092746615,0.12621316,0.040721685,0.00617768
0.00063707505,0.0018056633,0.017454417,0.14345048,0.27402574,0.20909634,0.099407345,0.09483934,0.11285656,0.04001283,0.006414203
0.0006614575,0.002837412,0.030821152,0.19149739,0.24446964,0.20239146,0.13022853,0.101175874,0.056312263,0.0326989,0.006905928
0.0006337115,0.00209028,0.021269724,0.16115557,0.26390705,0.20760338,0.11157038,0.09747478,0.08963769,0.037982494,0.006674955
0.006138384,0.11228242,0.66620797,0.10551873,0.038760222,0.035084493,0.021480255,0.012177327,0.00048772705,0.0009824552,0.0008801398
0.00063228677,0.0020773192,0.02112027,0.1605131,0.26434943,0.20753008,0.11125763,0.09741335,0.09036927,0.03807502,0.006662265
0.0006329183,0.001965139,0.019588975,0.15372665,0.26802376,0.20815131,0.10675278,0.09656969,0.09906914,0.03893686,0.006582817
0.0006379322,0.0022650084,0.023621919,0.17017357,0.2585484,0.20677924,0.117126554,0.09878689,0.078726456,0.03658718,0.0067468574
0.0006545287,0.0015885183,0.0146459555,0.12850884,0.28547555,0.2080181,0.088941425,0.091211885,0.13439699,0.040545285,0.0060129412
0.0006543389,0.0016310486,0.015168288,0.13149159,0.28202954,0.20923567,0.090793714,0.091976926,0.13021432,0.040703952,0.00610063
0.00063285534,0.0019919567,0.019943932,0.15537092,0.2671688,0.20801824,0.10780783,0.09676637,0.09695244,0.0387428,0.0066038645
0.00065356895,0.0016526339,0.015459936,0.1330611,0.28050268,0.20959684,0.09180526,0.09243942,0.1279342,0.040746745,0.006147556
0.0006353601,0.0018417955,0.017908879,0.14555265,0.2727211,0.20882685,0.101041555,0.095304675,0.10992838,0.039774258,0.006464512
0.00084490696,0.0070654107,0.07831373,0.24467123,0.199043,0.17590623,0.15351489,0.09786544,0.018028619,0.018919831,0.0058267107
0.0050216373,0.08878063,0.6191794,0.12863766,0.05310088,0.049719024,0.032539684,0.01963498,0.0007177255,0.0014937927,0.0011745652
0.0037064722,0.06615005,0.5301932,0.16450694,0.07480806,0.072494365,0.050377887,0.032525167,0.0012033808,0.0023566615,0.0016778157
0.00077870226,0.005823456,0.06421526,0.23524936,0.20910762,0.18273577,0.1522741,0.09931746,0.02291164,0.021445563,0.0061411005
0.0006454723,0.0024594879,0.026145851,0.17847407,0.25331226,0.20549673,0.122161016,0.09991396,0.069447584,0.03513251,0.006811051
0.0011282179,0.013182623,0.13504621,0.25702867,0.17332424,0.15629195,0.14430393,0.09332252,0.008713043,0.012682993,0.0049756286
0.0006463614,0.0024598124,0.026184086,0.17852908,0.2533273,0.20545377,0.12216242,0.09994567,0.06935023,0.035127122,0.006814128
0.002302817,0.03985115,0.35928935,0.22105213,0.113094755,0.109838195,0.08608146,0.05870807,0.002568423,0.0045146514,0.0026989523
0.0043308926,0.076777495,0.57902265,0.145639,0.063209705,0.060699917,0.040636376,0.025470685,0.0009261645,0.0018828614,0.0014042555
0.0007825048,0.0059305723,0.06519336,0.23576804,0.20843121,0.18224272,0.15253213,0.099240735,0.022492096,0.021265818,0.006120868
0.0007976531,0.005912696,0.06592228,0.23782465,0.2075192,0.18175994,0.15164196,0.09923284,0.022280294,0.021022255,0.006086184
0.00065429736,0.0015909171,0.014681847,0.12870798,0.28519452,0.20808703,0.08910067,0.091278665,0.13410982,0.04057437,0.0060198223
0.00063408725,0.0018680046,0.018246155,0.14708728,0.27184403,0.20856315,0.10221677,0.09562645,0.10782939,0.03958766,0.0064970204
0.000761693,0.0051185125,0.057263948,0.23081057,0.21430232,0.18582366,0.149851,0.10033137,0.026505873,0.022913633,0.00631738
0.0014783156,0.020472586,0.19926222,0.25552678,0.15085351,0.14167242,0.1268098,0.08575732,0.0053966404,0.008634238,0.004136126
0.00063537294,0.0021599454,0.022181358,0.164905,0.2616729,0.2073388,0.11391166,0.097946815,0.085101165,0.03743418,0.006712825
0.011123197,0.22193235,0.6527495,0.06646337,0.017326359,0.016051307,0.008954333,0.0040944936,0.0002700185,0.0004744392,0.0005606343
0.00063493266,0.0021383802,0.021889511,0.16377243,0.26227206,0.20745488,0.113215595,0.09777314,0.08652986,0.037613846,0.0067053614
0.0006323099,0.001977602,0.019764267,0.15454313,0.2676331,0.20802435,0.10731833,0.09667463,0.097994745,0.038846016,0.006591533
0.03157144,0.6234206,0.31150928,0.021871898,0.0040118154,0.0044753877,0.0017810371,0.0006807424,0.0001398438,0.00020224538,0.0003357735
0.0023310743,0.040141776,0.36203706,0.22063985,0.112211786,0.10913137,0.08547079,0.058355834,0.0025305985,0.0044610887,0.0026887136
0.0006329664,0.0020830154,0.021150038,0.16070627,0.26415777,0.20769638,0.111263886,0.09741921,0.09019532,0.038028944,0.00666624
0.003089752,0.05385392,0.46476704,0.1889081,0.08883286,0.087115124,0.06391097,0.04276296,0.0016282975,0.0030568049,0.0020741804
0.0029205985,0.05154981,0.44658938,0.19476679,0.093349636,0.09115347,0.067323275,0.045134027,0.0017693744,0.0032669215,0.002176652
0.032131225,0.6324891,0.30286565,0.02122476,0.003891388,0.004350482,0.0017173849,0.0006584424,0.00013857649,0.00019980017,0.00033312986
0.0048533143,0.08533268,0.61008835,0.13248122,0.05551266,0.05258806,0.034510136,0.021041512,0.00076803734,0.0015889959,0.0012350825
0.0006499853,0.0025631322,0.027478069,0.18246572,0.25086045,0.20457621,0.124588706,0.100370765,0.06521248,0.034396686,0.00683779
0.00064913783,0.002535543,0.027082419,0.18138985,0.25150195,0.20494314,0.12383559,0.100253284,0.066403985,0.03457257,0.0068324935
0.00064231595,0.0023700225,0.024990862,0.17483264,0.25551015,0.20630603,0.11986803,0.09944875,0.07345178,0.035790782,0.006788633
0.0006364698,0.0018192497,0.017627047,0.14425646,0.27346283,0.20902105,0.10004505,0.09503231,0.11173906,0.039924078,0.006436396
0.00063914724,0.0022944387,0.024053091,0.17158018,0.25769332,0.20655501,0.11802665,0.09900321,0.07703711,0.036358625,0.006759215
0.0006341539,0.0018709853,0.018280715,0.14723882,0.27174652,0.20855202,0.10232585,0.09565344,0.10762762,0.039569166,0.0065007084
0.000645108,0.0017294958,0.016467897,0.13834009,0.27712208,0.20967877,0.09557482,0.0935468,0.12009801,0.040509652,0.0062873187
0.0047170534,0.082816966,0.6023899,0.13578135,0.05756243,0.05471205,0.03608394,0.0221875,0.0008067215,0.0016653325,0.0012766983
0.0006366848,0.0022022773,0.022794755,0.1671251,0.26043603,0.20705885,0.11529117,0.098335035,0.08230562,0.037085228,0.0067292065
0.00063280354,0.0020310017,0.020448089,0.15767795,0.26585212,0.20796037,0.10927141,0.09704959,0.09401647,0.038429324,0.0066309115
0.0006378274,0.0018072163,0.017460452,0.14347772,0.27395087,0.2091839,0.09937808,0.09484017,0.112844475,0.040001675,0.006417617
0.00066025316,0.0027963691,0.030316636,0.1902003,0.24539338,0.20274879,0.1294723,0.101066105,0.05756365,0.03288892,0.006893269
0.00067634514,0.003078371,0.033661764,0.19825652,0.23912156,0.2010108,0.13391604,0.10167877,0.05036615,0.03127482,0.006958937
0.0006400603,0.0017794583,0.017099971,0.14168724,0.27503893,0.20939821,0.09802913,0.09437812,0.115393385,0.040186025,0.006369429
0.00063422415,0.0021115318,0.021559076,0.1623593,0.2631726,0.20748575,0.11236129,0.097611845,0.08818873,0.03782583,0.0066898046
0.0007271636,0.0045137894,0.05019206,0.2238044,0.22050391,0.18968378,0.14711209,0.10110686,0.030983465,0.024858205,0.006514288
0.0006332149,0.0019887772,0.01987458,0.15511584,0.2672321,0.20823199,0.1075367,0.09673497,0.0973112,0.038740564,0.0066000596
0.008329989,0.15835093,0.6823381,0.08122128,0.025451487,0.022758752,0.013248173,0.006647168,0.00034389948,0.00062619336,0.0006840095
0.00086518057,0.007333602,0.080367275,0.24640627,0.19735739,0.17476107,0.15307878,0.09797015,0.017467065,0.018573673,0.0058194636
0.0026495454,0.0471646,0.41282195,0.20472887,0.10137773,0.09896637,0.074573904,0.04959815,0.0020599132,0.0036856928,0.002373211
0.002540163,0.04434902,0.3940404,0.2114719,0.10510217,0.10222389,0.07849313,0.053114958,0.0022088448,0.0039658723,0.002489646
0.032391246,0.6369024,0.29866043,0.020917827,0.0038338143,0.0042914166,0.0016868286,0.0006477035,0.0001379315,0.00019859488,0.00033177075
0.00066309515,0.0028439169,0.030865604,0.19162254,0.24433981,0.2024387,0.13027978,0.10117511,0.056245416,0.032618478,0.0069075716
0.0006326128,0.0019263946,0.019064443,0.15117063,0.26946628,0.20826085,0.10511982,0.09622095,0.102358066,0.03922782,0.006552166
0.00063295837,0.0019879034,0.019882014,0.15508832,0.26732418,0.20805988,0.107612416,0.09672683,0.09730876,0.03877602,0.006600697
0.0006346676,0.0021549875,0.022167709,0.16475588,0.26182738,0.20716667,0.11395667,0.09795531,0.085192464,0.03747775,0.006710504
0.00063825044,0.0022489685,0.023421684,0.16940613,0.2590709,0.20685244,0.11663185,0.09868278,0.07958498,0.036716994,0.006745017
0.00065067946,0.0016800476,0.015817558,0.13498408,0.27911243,0.20977902,0.09314054,0.092886396,0.12505749,0.040693387,0.006198372
0.0006369146,0.0022179808,0.02302195,0.1679475,0.2599686,0.20695354,0.11580219,0.09846799,0.08130129,0.03694981,0.0067322296
0.0006880341,0.003431771,0.037734658,0.20654882,0.23350601,0.19764923,0.1383477,0.10202717,0.043778293,0.029408386,0.0068799877
0.008044665,0.15229939,0.6835651,0.08313858,0.026556486,0.0237732,0.013882563,0.007035017,0.00035464697,0.0006502075,0.00070012006
0.0020386658,0.03430329,0.3154822,0.23177607,0.122855775,0.11932381,0.096408725,0.06637628,0.0030995212,0.005324445,0.0030111847
0.0006340293,0.001889803,0.018522782,0.14852473,0.2709284,0.20865895,0.10314182,0.09584075,0.10591439,0.039427068,0.006517281
0.00064342277,0.0023875958,0.025222234,0.1755769,0.2550575,0.2062165,0.12027771,0.09952977,0.07264759,0.035648182,0.0067925844
0.0006365797,0.0018232425,0.01767248,0.1444697,0.27331433,0.20903684,0.1001828,0.09507623,0.11145118,0.039894287,0.00644236
0.011331667,0.22569363,0.650556,0.06575897,0.016960898,0.015682308,0.008756242,0.00397319,0.0002662965,0.00046626572,0.0005544276
0.0302518,0.59994644,0.33367217,0.02361481,0.004326765,0.0047967886,0.0019533455,0.00074249884,0.0001432536,0.00020925413,0.0003429508
0.0006513062,0.0016718378,0.015726157,0.13447934,0.27940747,0.2096827,0.09285069,0.09278472,0.12582836,0.040733103,0.006184245
0.00063891243,0.0017919417,0.017264687,0.14251997,0.27451873,0.20930766,0.09865915,0.09459112,0.11422312,0.040094282,0.0063903704
0.0010518266,0.011630721,0.119378194,0.25360665,0.17959921,0.16154969,0.1488082,0.09465515,0.010306621,0.014164893,0.005248849
0.00065402006,0.0015688826,0.01440019,0.12716612,0.28740352,0.2072956,0.087990396,0.09086298,0.13630588,0.040385794,0.005966592
0.0006422757,0.0023760682,0.025127087,0.17516051,0.2553865,0.20608182,0.120187655,0.09948732,0.07301317,0.035750024,0.006787568
0.0007132069,0.004131669,0.045849327,0.21907991,0.22465672,0.19185507,0.1445243,0.101720385,0.034567054,0.026248282,0.006654083
0.0010842612,0.012303367,0.12612823,0.25580075,0.17711286,0.15851924,0.14682062,0.09411691,0.009482644,0.013508985,0.005122096
0.00068806927,0.0033736413,0.03715383,0.20535813,0.23428437,0.19817854,0.13778542,0.101983756,0.04467735,0.029627433,0.0068894536
0.0006332485,0.0018645955,0.018221196,0.14696188,0.27197188,0.20845145,0.10221094,0.09560801,0.107965894,0.039619815,0.0064911093
0.0013778516,0.018769652,0.18477306,0.25660428,0.15471323,0.14611949,0.13103178,0.08710843,0.005966558,0.0092930375,0.0042426125
0.014458904,0.29482567,0.60198826,0.054387428,0.012344542,0.011943963,0.006315715,0.002650584,0.0002216817,0.00037698145,0.00048616942
0.00063219387,0.0019974872,0.02003328,0.15578064,0.2669954,0.20790246,0.108121045,0.09682093,0.09640995,0.038700256,0.006606322
0.00063215446,0.0019279522,0.019096993,0.15135515,0.26941475,0.20822491,0.1052406,0.09624497,0.102107026,0.039203778,0.0065517114
0.0010769563,0.011582966,0.1190261,0.25713733,0.17810142,0.15919684,0.1489081,0.095679775,0.010070426,0.013985489,0.0052345945
0.000710292,0.003904243,0.043417867,0.21601458,0.22707291,0.19318098,0.14274475,0.102052465,0.037069365,0.027091328,0.006741192
0.00063442846,0.001865434,0.018215071,0.14694072,0.27190107,0.20860474,0.102100864,0.09559566,0.108042404,0.03960493,0.006494704
0.000645264,0.0024433336,0.025981579,0.17788085,0.253729,0.20556837,0.12180957,0.09984353,0.070037805,0.035252944,0.006807787
0.0083059715,0.15779996,0.68243706,0.08140797,0.025549812,0.022851024,0.013305557,0.0066838856,0.00034484384,0.0006283979,0.0006853972
0.0006334549,0.0018938734,0.018610682,0.14891437,0.2707821,0.20844671,0.10351112,0.09590205,0.10536165,0.03942161,0.0065223565
0.0006874834,0.003386506,0.037311297,0.20560463,0.23413536,0.19791271,0.1380642,0.1020002,0.04443651,0.02957831,0.006882815
0.0006539332,0.001575638,0.014515133,0.12776253,0.28648415,0.20750484,0.08851733,0.091017134,0.1354973,0.040484805,0.0059872186
0.00067061203,0.003001964,0.032719333,0.19619258,0.24073005,0.20154308,0.13275304,0.10153487,0.05215852,0.03174933,0.006946708
0.0035425592,0.06317108,0.5145004,0.17038743,0.078424305,0.0761106,0.05349225,0.03478954,0.001300556,0.0025158592,0.0017654749
0.0006323236,0.0019231181,0.019019552,0.1509541,0.26962733,0.20824996,0.10497799,0.096196726,0.102622636,0.039248098,0.006548193
0.0006397684,0.00178385,0.017162172,0.1419996,0.27491468,0.20933075,0.09824345,0.094451174,0.114935726,0.040160492,0.006378316
0.00069654186,0.003657383,0.04051752,0.21137622,0.23041762,0.19523153,0.14071772,0.1020496,0.040227477,0.028300188,0.0068081026
0.000662223,0.0028289293,0.030644443,0.19118527,0.24463333,0.20274997,0.12980963,0.10114268,0.05671367,0.03272321,0.006906744
0.0007397101,0.0048838593,0.054570496,0.22769895,0.21689229,0.18733229,0.14937307,0.10042015,0.02798873,0.023725767,0.006374633
0.000701004,0.0036801547,0.040705923,0.21171816,0.23012587,0.1952095,0.14077897,0.10209448,0.040056836,0.028120266,0.0068088826
0.0006319254,0.002052486,0.020797407,0.15909542,0.26516157,0.20759362,0.11038175,0.09723348,0.09213158,0.038277313,0.006643434
0.0006395255,0.002297886,0.02405203,0.1716813,0.25756598,0.20669447,0.11797251,0.09900583,0.07700618,0.036323823,0.006760432
0.0015274809,0.022164721,0.21300255,0.25265166,0.1468915,0.14076905,0.123332866,0.082574844,0.005059965,0.008074005,0.00395137
0.0009908105,0.010023594,0.105565995,0.2535787,0.18469137,0.16535172,0.15083256,0.09608621,0.011967937,0.015466178,0.0054448997
0.0006320206,0.0019284483,0.019109257,0.151371,0.26938128,0.20814022,0.105337724,0.096243136,0.10207996,0.039224807,0.0065521672
0.008762489,0.16859813,0.6794783,0.07817863,0.02373685,0.021312047,0.012303421,0.0060509997,0.000327568,0.0005930054,0.0006585214
0.000641213,0.001761161,0.016872242,0.14050558,0.27582148,0.20944095,0.097194254,0.09406675,0.117041714,0.040317636,0.0063370694
0.015554789,0.31928807,0.5829098,0.05095481,0.011206162,0.011031023,0.005689057,0.00233584,0.00020968627,0.00035353913,0.0004671399
0.0051547247,0.091582134,0.6259005,0.12557918,0.050956193,0.047857624,0.031102037,0.01861629,0.0006864093,0.0014226625,0.0011422293
0.00074071885,0.0048800637,0.054173972,0.22746508,0.21696404,0.18763849,0.14915247,0.10058199,0.028235348,0.023765117,0.0064027226
0.00064234086,0.0023777892,0.025112,0.17521492,0.25528768,0.206216,0.120127305,0.09949507,0.07302304,0.035716508,0.0067872996
0.014783265,0.30207497,0.5963907,0.053377017,0.011976446,0.0116631575,0.0061159553,0.0025508066,0.00021775458,0.00036979443,0.00048000904
0.00063557946,0.0018391171,0.017851463,0.14533646,0.27279618,0.20901427,0.10079274,0.095268324,0.11023713,0.039769363,0.0064593577
0.0009929738,0.010626679,0.11054198,0.25058147,0.18367183,0.16448785,0.15140775,0.09560698,0.0115307495,0.015173697,0.0053779515
0.0006323188,0.0019358144,0.01919427,0.15183865,0.26911095,0.20822732,0.10555095,0.09631273,0.10148336,0.039153967,0.006559675
0.00066793954,0.0029341117,0.031952452,0.1942717,0.24228214,0.20179734,0.13184904,0.10138616,0.053828873,0.03209975,0.0069304626
0.004369134,0.07746307,0.58168155,0.14452712,0.06258934,0.0600178,0.04010929,0.02508302,0.00091244816,0.0018574963,0.0013897684
0.00064674823,0.0024887768,0.026489122,0.17956744,0.25268248,0.2052506,0.122798204,0.100056715,0.0682764,0.03492216,0.006821361
0.0008024848,0.006063255,0.067392275,0.23857681,0.20645092,0.18063225,0.15237407,0.09922124,0.021681944,0.020746594,0.0060581327
0.0019852254,0.033217218,0.3064042,0.233612,0.125151,0.12133975,0.098610714,0.06784577,0.003226189,0.0055208458,0.00308709
0.00064139813,0.0017734211,0.017005745,0.14121881,0.2753013,0.20955794,0.09760198,0.09424759,0.11607084,0.040221684,0.0063592335
0.0008733034,0.0076082796,0.08290296,0.247202,0.19586271,0.17317134,0.15357499,0.098035656,0.0167981,0.018185426,0.005785232
0.000825829,0.0068720793,0.0748873,0.24173376,0.2014172,0.17755611,0.15399021,0.09818666,0.019027885,0.019571412,0.0059316554
0.0006325524,0.0021014637,0.02142685,0.16181925,0.26350597,0.20745744,0.112126194,0.09754551,0.088808246,0.037900317,0.006676235
0.031311814,0.618765,0.31590712,0.02221763,0.0040723057,0.0045373673,0.001814496,0.00069285335,0.00014050982,0.0002036618,0.00033723674
0.0019139865,0.031995427,0.29459107,0.23510398,0.12863885,0.12504087,0.101488836,0.06885184,0.0034413307,0.005751642,0.0031821798
0.0006474928,0.0024983913,0.026650975,0.17999561,0.25246793,0.2050826,0.123079166,0.10011373,0.06777574,0.03486439,0.006823946
0.02118669,0.43290597,0.48664835,0.037937414,0.0075144726,0.007839001,0.003703182,0.0014099402,0.00017390358,0.0002772548,0.00040378093
0.0043037455,0.076920055,0.57708436,0.14601895,0.06369844,0.061239183,0.04093669,0.025558652,0.00093798933,0.0018871471,0.001414707
0.0006407636,0.0023451147,0.024733888,0.17387086,0.25618875,0.20625392,0.119446725,0.09932162,0.074441284,0.035980213,0.006776851
0.0035844038,0.0639031,0.5188741,0.16881418,0.077423714,0.07510614,0.052618425,0.034192204,0.0012723781,0.0024711653,0.0017401914
0.0043896963,0.07774418,0.5827328,0.14408837,0.06232469,0.05974156,0.039903875,0.024937414,0.0009070857,0.0018468635,0.0013834123
0.0006897559,0.0034865905,0.038362425,0.20768847,0.2327821,0.19705471,0.13896455,0.10205027,0.04291498,0.02914145,0.0068647587
0.035050996,0.6810172,0.2563912,0.01792834,0.0033002833,0.0037253122,0.001400704,0.00054780056,0.00013204255,0.00018720802,0.00031886913
0.000921665,0.008935491,0.095017605,0.24864058,0.19023931,0.16957341,0.15331636,0.09683635,0.014072865,0.016832784,0.0056136474
0.0006326207,0.0019738718,0.019704359,0.15426716,0.26777053,0.2080868,0.10711192,0.09663616,0.09835294,0.038874492,0.006589114
0.000635344,0.0021652014,0.022292553,0.1652556,0.26153803,0.20719944,0.11418932,0.098037526,0.08458814,0.03738302,0.006715827
0.0006527605,0.0016602499,0.01556555,0.13361605,0.27999547,0.20967141,0.09220186,0.09260778,0.12710585,0.040759258,0.0061637755
0.0006819523,0.0032950637,0.036230184,0.20360774,0.2354921,0.19878362,0.13697214,0.101924464,0.045953963,0.030147176,0.006911582
0.0006328286,0.0019777329,0.019749789,0.15447612,0.2676559,0.20809442,0.10722916,0.09665562,0.098087505,0.038848512,0.006592396
0.0069270493,0.12863535,0.68069273,0.09374695,0.03233966,0.02907226,0.017292663,0.009309207,0.0004110883,0.0007921116,0.0007809481
0.0006594389,0.0027864464,0.030155877,0.18990172,0.24558465,0.2029985,0.12911649,0.10103614,0.05789754,0.03297042,0.006892786
0.00063294073,0.0019263456,0.019039676,0.15110753,0.26943797,0.20843868,0.10498362,0.09620786,0.10247295,0.039202172,0.0065502212
0.026066221,0.5247668,0.40378222,0.0294897,0.0055313576,0.00600796,0.0026172071,0.0009787543,0.00015501642,0.00023565235,0.00036906602
0.0006326954,0.002017355,0.020260429,0.15685524,0.26634565,0.20800291,0.10872256,0.09693588,0.095068745,0.038538452,0.006620074
0.003167399,0.056226645,0.47659403,0.18434136,0.08681059,0.084682114,0.061174996,0.040534955,0.0015532123,0.0029183952,0.0019963088
0.0006394752,0.0022831708,0.023886591,0.17103423,0.2580282,0.20669664,0.11761267,0.09893012,0.07769038,0.03644068,0.00675784
0.0006445942,0.0024392742,0.025898276,0.17769165,0.25378874,0.20568165,0.12168985,0.09979592,0.07029139,0.035274427,0.0068042055
0.0006331282,0.0021681595,0.022373127,0.16548295,0.26150277,0.20688322,0.11458552,0.09807328,0.084196486,0.03739225,0.006709156
0.0015393205,0.021878276,0.21153119,0.25345895,0.14756547,0.13963452,0.12341932,0.08374263,0.005033877,0.008178798,0.004017599
0.0007334505,0.0044875666,0.05013097,0.2240132,0.22046302,0.18968949,0.14677174,0.10122548,0.031143049,0.024815468,0.006526474
0.0006386679,0.0022630459,0.02362223,0.17010593,0.2586362,0.20676883,0.117062874,0.098791495,0.07876095,0.036601003,0.0067487773
0.026122471,0.52573365,0.40289983,0.0294004,0.005513323,0.005989338,0.002607059,0.00097503955,0.00015485141,0.00023526831,0.00036874457
0.011953811,0.24009581,0.6409625,0.06325671,0.01586181,0.014810622,0.008165937,0.0036507114,0.00025652398,0.0004456212,0.0005398851
0.0007290978,0.004400006,0.04916832,0.22289892,0.22143085,0.19000016,0.14643562,0.10138226,0.031877525,0.025126308,0.006550971
0.036667626,0.7054395,0.23272309,0.016341979,0.0030234782,0.003429729,0.0012542491,0.0004973892,0.00012910954,0.0001816082,0.00031222438
0.000633545,0.0018899844,0.018563282,0.14867076,0.2709225,0.20845371,0.1033448,0.09586191,0.10569826,0.03944253,0.0065186927
0.0014694514,0.020322133,0.19786684,0.2554575,0.15137145,0.14181899,0.12735748,0.086037226,0.005439951,0.008704985,0.00415407
0.0006317623,0.0019025162,0.018765755,0.14966282,0.27044168,0.20818266,0.10418267,0.09600862,0.10431257,0.039382372,0.0065265754
0.000678572,0.0031753706,0.034748144,0.20073771,0.23736352,0.20023619,0.13518824,0.101799764,0.04834821,0.030777967,0.006946241
0.0006334681,0.0018864875,0.018481066,0.14833058,0.2710929,0.20862658,0.103020914,0.095818155,0.10615196,0.039445132,0.0065127597
0.0006328716,0.0020168584,0.020278106,0.1568781,0.26636097,0.20790763,0.108782694,0.09694788,0.09501955,0.03855323,0.0066221226
0.0019065747,0.03190466,0.29353452,0.23517044,0.12895465,0.12543371,0.10169347,0.068966195,0.003465009,0.005777568,0.003193236
0.00064513733,0.0024378223,0.02586813,0.17761709,0.2538193,0.20577314,0.12155838,0.099789426,0.07040219,0.035283547,0.0068058246
0.02232159,0.4560416,0.4659245,0.035798293,0.0070041306,0.0073797153,0.0034106914,0.0012898608,0.00016868832,0.00026612607,0.00039482376
0.0058163707,0.106375664,0.65702784,0.110868305,0.041806255,0.038186286,0.023717089,0.013648601,0.0005331513,0.001082044,0.0009383647
0.00065354584,0.0016499938,0.015425744,0.1328801,0.28064185,0.20957457,0.09170802,0.09238719,0.12820524,0.040732957,0.0061407387
0.0020905456,0.035345074,0.32396412,0.22994453,0.12070449,0.11752196,0.09434785,0.06500035,0.002989324,0.0051455377,0.0029462618
0.017261978,0.3546557,0.5539789,0.046469916,0.0098565705,0.0098815635,0.004945954,0.0019834195,0.00019624837,0.00032562666,0.00044406584
0.00065299723,0.0016469993,0.015402907,0.13275756,0.28078645,0.20943582,0.091687985,0.092361115,0.12838115,0.04075135,0.006135723
0.0035764158,0.06423409,0.51818895,0.16859326,0.07756348,0.075510256,0.05276416,0.034078345,0.0012828963,0.0024646376,0.0017435527
0.0006331218,0.0019140103,0.018869447,0.15027526,0.2699405,0.20851298,0.1043822,0.09609169,0.103570595,0.0392717,0.0065385667
0.0026856628,0.047354758,0.41507995,0.20450903,0.10037802,0.09824844,0.074208654,0.049485497,0.002029746,0.0036544877,0.0023657219
0.0015851519,0.023010448,0.22080362,0.2520892,0.14457212,0.13892971,0.120863095,0.08165414,0.0048219985,0.007779703,0.0038907423
0.0018265117,0.029408837,0.27456006,0.2413847,0.13211742,0.12759945,0.10620919,0.07356248,0.0036860078,0.0062630195,0.0033823226
0.0006347124,0.0021586716,0.022182925,0.16488978,0.26169345,0.20725857,0.11398112,0.097953975,0.08509253,0.03744418,0.0067101293
0.0030767878,0.05420633,0.46578205,0.18838786,0.089031786,0.086989984,0.06343798,0.0423573,0.0016262514,0.0030398432,0.0020637556
0.0015369151,0.021791732,0.21063755,0.25385293,0.14767104,0.13998847,0.12343127,0.0838179,0.005064972,0.008183236,0.004023971
0.0006534742,0.0016502879,0.015437909,0.1329447,0.2805776,0.20956679,0.091762826,0.09240326,0.12812857,0.04073208,0.006142495
0.013704916,0.27780735,0.61448973,0.05712021,0.013289405,0.012708506,0.0068272306,0.002921874,0.00023180204,0.00039697808,0.00050196797
0.0077188415,0.14468394,0.68473023,0.08567662,0.028035127,0.025108324,0.014712058,0.0075631198,0.0003685109,0.00068315497,0.0007201128
0.0006824603,0.0032818527,0.035991907,0.20329227,0.23563226,0.19917767,0.1365934,0.1019083,0.046316408,0.030202474,0.006920949
0.00063365564,0.0019245059,0.01902923,0.15102445,0.2695206,0.20841885,0.10489914,0.09618522,0.102597706,0.03921502,0.0065515735
0.0006464821,0.0024936064,0.026635313,0.17987978,0.25251442,0.20499413,0.12314701,0.10012026,0.06786489,0.034884367,0.006819715
0.0007082143,0.0038792102,0.04312974,0.2155341,0.22742575,0.19329001,0.14264566,0.1020666,0.037359226,0.02721665,0.006744838
0.00064112165,0.0017725881,0.017015046,0.14123097,0.27535093,0.20940316,0.0976889,0.09424697,0.11603969,0.040250614,0.006360029
0.00093583844,0.008904368,0.09591621,0.2515688,0.18842947,0.16708946,0.15364002,0.09762308,0.013860764,0.016481088,0.005550862
0.0006351695,0.0018582301,0.018103763,0.146472,0.2720836,0.20884717,0.10166631,0.09549942,0.10871894,0.039630413,0.006484917
0.0007529057,0.0052134106,0.057705596,0.23039003,0.21414402,0.18581356,0.15053754,0.100147024,0.026106467,0.022884104,0.0063053225
0.0012154273,0.014520305,0.14733805,0.26017967,0.16744827,0.1508846,0.1412381,0.09321899,0.0076556047,0.011523279,0.0047777244
0.0006426189,0.0017596048,0.016841536,0.14032662,0.27590895,0.20955962,0.09697838,0.09401604,0.11729899,0.040330146,0.006337519
0.00081505184,0.0062718065,0.0697977,0.24044503,0.20458743,0.17977189,0.15240167,0.09883083,0.020780414,0.020295465,0.0060027605
0.0006462326,0.0025110939,0.026838824,0.18050331,0.25217503,0.20477752,0.12360694,0.10015628,0.06718243,0.034779664,0.0068226946
0.009082322,0.17637636,0.6767733,0.07601051,0.02257092,0.020336105,0.011673476,0.0056511937,0.0003165703,0.000569932,0.0006393237
0.0006324281,0.0019396053,0.01923504,0.15202512,0.26897365,0.20821929,0.10568647,0.096346855,0.10123144,0.03914637,0.006563747
0.0006540538,0.0016379002,0.01525484,0.13197178,0.2815696,0.20937675,0.09108719,0.09211929,0.12949651,0.040717818,0.006114293
0.031097656,0.6151967,0.31929272,0.022478314,0.004120806,0.0045875306,0.001840369,0.0007019266,0.0001410289,0.00020465585,0.000338313
0.0006522129,0.0026344485,0.028355489,0.18497546,0.24919395,0.2039763,0.1261955,0.10059708,0.0626351,0.03393145,0.006852922
0.0054823323,0.09914019,0.6437516,0.11771264,0.04583715,0.042411964,0.026965871,0.015840832,0.0005984483,0.0012317152,0.0010272852
0.00063545094,0.0021765784,0.02242936,0.16581987,0.26113698,0.20721437,0.11451435,0.0981149,0.08395085,0.037290283,0.0067169634
0.0072168587,0.13484797,0.6832302,0.09020603,0.030503677,0.027406974,0.016165258,0.008531448,0.0003923979,0.0007424875,0.00075661135
0.00065194536,0.0016662948,0.015642667,0.13404284,0.27969024,0.20969906,0.09251717,0.09270539,0.12645622,0.040755123,0.0061731013
0.00076572545,0.005539427,0.061089262,0.23290965,0.21152268,0.184167,0.15158631,0.09975677,0.024336938,0.02210842,0.006217798
0.00063447247,0.0018610161,0.018159673,0.14669642,0.27206248,0.20863631,0.101913735,0.09554392,0.108369894,0.039633486,0.006488649
0.00066625496,0.0029241994,0.031787217,0.19398545,0.24250212,0.20195636,0.1315776,0.101355456,0.05411822,0.032198247,0.0069288574
0.00063788914,0.0018067192,0.017436523,0.14340106,0.273953,0.20932059,0.099258356,0.09482631,0.11296124,0.039983798,0.0064145625
0.0006362584,0.0022345562,0.02324186,0.16876993,0.25954664,0.20679444,0.11635151,0.098605335,0.080265075,0.03681851,0.0067358525
0.0006363225,0.0021892528,0.022620896,0.16647801,0.26081946,0.20711882,0.11490035,0.09823005,0.0830955,0.03718727,0.006723996
0.00064464577,0.0017325282,0.016485518,0.13846755,0.27702734,0.2097875,0.0956071,0.093585126,0.119887404,0.040485427,0.006289846
0.0006541797,0.0026830116,0.028966932,0.18664752,0.24801311,0.20357957,0.12726502,0.10076412,0.060962223,0.03359928,0.006865037
0.000819282,0.0067858133,0.073917605,0.24095258,0.20218496,0.17783181,0.15421543,0.0982711,0.019325396,0.019747343,0.005948564
0.0006329742,0.0019686662,0.01962606,0.15391296,0.26794228,0.20816575,0.10684461,0.09658984,0.098822415,0.038908772,0.0065856823
0.0006370152,0.0022674145,0.023712479,0.17037062,0.25850594,0.2065599,0.11741578,0.09884185,0.0783762,0.036566928,0.006745892
0.0012907942,0.016286368,0.16332932,0.25932994,0.16204761,0.14764903,0.13688542,0.0913422,0.0067946925,0.01047821,0.0045663645
0.0050666607,0.0897634,0.6215341,0.12748888,0.05223617,0.0492176,0.032057606,0.01928753,0.000708593,0.0014694743,0.0011699974
0.00063302653,0.0021227375,0.021704594,0.16298515,0.26281184,0.20734246,0.112878226,0.09767935,0.08740668,0.037744712,0.006691256
0.005216916,0.092912436,0.62917495,0.12413028,0.050029285,0.046859972,0.03037474,0.018120745,0.0006701314,0.0013882094,0.0011223307
0.023278594,0.47378126,0.44992092,0.034179665,0.006612041,0.0070144576,0.003200513,0.0012015209,0.00016498295,0.00025792458,0.0003880875
0.0006533413,0.0016346023,0.015249376,0.13190599,0.2816158,0.2091759,0.0911745,0.092105985,0.12962283,0.04075049,0.006111151
0.0006382778,0.0022654247,0.023609787,0.17014813,0.25856018,0.20683052,0.117062554,0.09878103,0.07876398,0.03659064,0.006749511
0.0006400062,0.0023107505,0.024214454,0.1722442,0.25719917,0.20664263,0.11830453,0.09908387,0.07636316,0.036230706,0.00676646
0.026285155,0.527655,0.4012401,0.029159738,0.0054401276,0.005918347,0.00258114,0.0009638083,0.00015455458,0.00023436866,0.00036767745
0.008541569,0.16354404,0.68099844,0.07961279,0.024579238,0.022003504,0.012765719,0.006338275,0.0003362265,0.00060845027,0.00067183416
0.0047503435,0.08343305,0.60394454,0.13503158,0.057343055,0.05416448,0.035735365,0.02189209,0.00079700875,0.0016454224,0.0012630892
0.0069693667,0.1299381,0.6811487,0.09300576,0.031981386,0.02876091,0.017079161,0.009149832,0.00040788902,0.0007818041,0.0007771543
0.0030840992,0.054132,0.46611053,0.1883645,0.08884811,0.086888514,0.06345383,0.042394903,0.0016214395,0.0030382383,0.0020638602
0.00063317065,0.0020460822,0.020674486,0.15861703,0.26538882,0.20780745,0.10990543,0.09716172,0.09280308,0.03831992,0.006642771
0.0006332371,0.0019596736,0.01950086,0.15331629,0.26822194,0.20822506,0.10646151,0.096514836,0.09960416,0.038982905,0.006579535
0.0006347259,0.0018656547,0.018185478,0.14684431,0.27190483,0.20877405,0.10195308,0.0955733,0.108180285,0.03959189,0.006492406
0.0031578005,0.05578544,0.47568867,0.1848986,0.08691385,0.084823795,0.061431408,0.040811583,0.0015555681,0.0029291045,0.0020041338
0.00068167585,0.0032996826,0.03623017,0.20366521,0.235367,0.19881947,0.13701868,0.10192828,0.04595932,0.030117908,0.0069126403
0.004241188,0.075243704,0.5730152,0.14815363,0.06464216,0.0621996,0.041818656,0.026350109,0.00095689326,0.0019423928,0.0014364985
0.00064817676,0.0025187884,0.026923902,0.18081445,0.25193954,0.20489551,0.12358901,0.100206055,0.066927165,0.03470925,0.0068281675
0.0006338385,0.0021407765,0.02194381,0.1639527,0.2622264,0.20729332,0.11345655,0.097806245,0.08624206,0.03760151,0.0067027872
0.019254038,0.3965637,0.5183809,0.041725047,0.008541005,0.008746518,0.0042348774,0.001651663,0.0001834853,0.00029755404,0.00042122265
0.00063383725,0.001873002,0.018315954,0.1474134,0.27165508,0.20850563,0.10247556,0.095684215,0.107382156,0.039558806,0.0065023513
0.00084495876,0.0069009084,0.076258294,0.24434893,0.19988994,0.17634755,0.15340964,0.09828798,0.018638916,0.019187916,0.005884956
0.0006369568,0.0022209806,0.023015618,0.16801324,0.25986248,0.20707732,0.11576037,0.0984589,0.081295386,0.036925334,0.006733379
0.02278577,0.4647836,0.4580587,0.0349933,0.0068088253,0.0071987296,0.0033053749,0.0012454021,0.00016683235,0.00026199923,0.00039143927
0.0017549903,0.028189937,0.26210365,0.2424943,0.13591032,0.13199155,0.10929356,0.074226975,0.0039809323,0.006566848,0.0034869679
0.006016921,0.11012152,0.6630453,0.10744586,0.03980644,0.03619041,0.02225033,0.0127011975,0.00050347886,0.0010171979,0.0009013695
0.0006538363,0.0016443996,0.015335401,0.1324289,0.2811328,0.20951799,0.09136294,0.09224763,0.12883624,0.04071347,0.006126434
0.0006448967,0.0017371037,0.016551955,0.13876769,0.27684748,0.20972379,0.09584693,0.09363,0.119471356,0.040478833,0.0063000205
0.00064481684,0.0017436516,0.0166135,0.13913144,0.2765542,0.2098784,0.09601382,0.09371874,0.118977554,0.040414076,0.0063097808
0.00068171305,0.0032417183,0.035517097,0.20238008,0.23622224,0.19966955,0.13598467,0.101883434,0.047072448,0.030413624,0.0069334027
0.004254208,0.07581686,0.5737414,0.14768858,0.064591,0.06188148,0.04160816,0.026114127,0.0009517893,0.0019254783,0.0014269433
0.00065105245,0.0025997395,0.027936641,0.18379083,0.24999925,0.20425391,0.1254385,0.10048518,0.06384628,0.034154795,0.0068437923
0.00064843375,0.0025242437,0.02699645,0.18103072,0.25180227,0.2048595,0.12371246,0.10022549,0.066703595,0.03466826,0.0068286285
0.0006489207,0.0016964244,0.016028907,0.13607995,0.27843884,0.2097914,0.09392488,0.09310132,0.123420864,0.040639922,0.006228543
0.0006541615,0.0015780033,0.014545382,0.12790573,0.28619605,0.20763786,0.08864366,0.09105964,0.13529494,0.040493194,0.0059914137
0.001082568,0.0121362945,0.12507306,0.25630456,0.17704125,0.15880218,0.14710538,0.09416861,0.009573236,0.013584976,0.005127889
0.00075497804,0.005193895,0.0576221,0.23063155,0.21415909,0.18610148,0.1500705,0.10008628,0.02617821,0.022898208,0.0063036894
0.0006545929,0.0026767154,0.02882913,0.1863833,0.2481204,0.20385373,0.12693977,0.10073262,0.06131773,0.03362705,0.006864986
0.014483944,0.2955476,0.6013751,0.054343138,0.012298192,0.01192868,0.006298091,0.0026418054,0.00022127265,0.00037661326,0.00048552974
0.009872382,0.19387221,0.66886765,0.071909785,0.02022539,0.018428493,0.010452217,0.004946671,0.00029532512,0.00052805064,0.00060184364
0.003333661,0.059239008,0.49380225,0.17820248,0.08301702,0.08085006,0.057594206,0.03791397,0.0014325152,0.0027306979,0.0018841913
0.003085396,0.054151766,0.46615398,0.18834105,0.08884519,0.08686312,0.06345481,0.042381443,0.0016214956,0.0030383475,0.0020633955
0.0012310607,0.015081553,0.15211028,0.25913364,0.16630657,0.15010679,0.140022,0.092644185,0.007409573,0.011230876,0.0047235037
0.0006423363,0.0023830605,0.025232835,0.17548014,0.25518036,0.20599343,0.12041819,0.099538185,0.07264635,0.03569661,0.006788496
0.00067446346,0.0031030646,0.03397775,0.19892614,0.2386976,0.20056991,0.13447094,0.10171042,0.049692854,0.03122147,0.006955382
0.00063639175,0.0022040815,0.022831788,0.16724728,0.2603884,0.2070027,0.11539752,0.098352164,0.082143456,0.037068967,0.006727277
0.0006335901,0.0019010068,0.018710166,0.14942735,0.27047953,0.20846513,0.10382747,0.0959684,0.10469298,0.039365068,0.006529249
0.00065836386,0.0027600313,0.029873248,0.18907939,0.24622598,0.20305243,0.12875779,0.100973606,0.058641024,0.03309369,0.00688439
0.0006483484,0.001703021,0.016108967,0.13650757,0.2781205,0.20985821,0.0942168,0.09318662,0.12281043,0.0406,0.006239576
0.003340886,0.060096834,0.49518383,0.1769522,0.08286335,0.080917224,0.057296026,0.037338194,0.0014342829,0.0027013437,0.0018758446
0.000633105,0.0019033649,0.018750215,0.1496185,0.27039245,0.20839411,0.104003824,0.0959978,0.10441984,0.039356325,0.0065304604
0.0058388337,0.10647697,0.6573248,0.110896125,0.041616954,0.038037807,0.023614952,0.013642919,0.00053075067,0.001082628,0.00093722343
0.0017663195,0.027770491,0.26123726,0.24473275,0.13488592,0.12995464,0.109747045,0.075884365,0.0039024,0.006606322,0.0035124712
0.0020646038,0.035356186,0.322276,0.22921474,0.12179014,0.118654855,0.09461555,0.0648326,0.0030445491,0.005191753,0.002959025
0.00090532796,0.0087562855,0.09284072,0.24745229,0.19179139,0.17038384,0.15360013,0.097001284,0.014491742,0.01712689,0.0056500714
0.00070034695,0.003780875,0.04184741,0.21361393,0.22872016,0.1942004,0.14184411,0.10209583,0.038663637,0.027750276,0.0067831
0.0007013425,0.003779636,0.041934825,0.213722,0.22878776,0.19419794,0.14171092,0.10206042,0.038579218,0.027751267,0.0067745713
0.0006364257,0.002210078,0.02291944,0.16756044,0.26019615,0.20695187,0.115609154,0.09840711,0.08175813,0.037022173,0.006729035
0.00080142514,0.0059834966,0.06685458,0.23857576,0.20676133,0.18090415,0.15210496,0.09920627,0.021910308,0.020837333,0.006060464
0.0006321263,0.0019904685,0.019913133,0.15526001,0.26721358,0.20804618,0.1077661,0.09674639,0.09708418,0.0387489,0.006598932
0.0006318685,0.0019160499,0.01894383,0.15055247,0.26989526,0.20816845,0.10477923,0.096133366,0.10314091,0.039298844,0.006539746
0.0006466468,0.0024593724,0.026129704,0.17845963,0.25330108,0.20563814,0.12200484,0.09991976,0.06950962,0.035116773,0.0068144216
0.0012169164,0.014450275,0.1470277,0.2606898,0.16726837,0.15101004,0.14113371,0.09322663,0.0076632556,0.011532997,0.0047803074
0.0006327119,0.0020363762,0.02055745,0.1580931,0.26569033,0.20779325,0.10960959,0.09710443,0.09345382,0.038394056,0.0066348636
0.00067270006,0.0030674168,0.033503283,0.19794416,0.23934036,0.20097527,0.13390471,0.10165042,0.050585836,0.03139922,0.006956615
0.0006450078,0.0017356118,0.016523138,0.138628,0.27687246,0.20980126,0.09573712,0.09360732,0.11967615,0.040477782,0.006296177
0.001381706,0.018095301,0.17952073,0.2586776,0.15608595,0.14467338,0.13236152,0.08926148,0.006052488,0.009534203,0.0043556285
0.00071501354,0.004233111,0.047243398,0.22048432,0.22355333,0.19097835,0.14556962,0.1014525,0.033335388,0.025843328,0.0065917047
0.0006426504,0.0017537187,0.016774347,0.13995865,0.27616656,0.20952648,0.0967574,0.09392455,0.11779238,0.040375963,0.0063272677
0.0063783326,0.117435,0.6721191,0.101301245,0.03650466,0.032951545,0.01996572,0.011129496,0.00045922498,0.000912289,0.00084338756
0.0006442528,0.0017450555,0.016651357,0.13930687,0.27651832,0.20971431,0.09620874,0.09375891,0.118716076,0.04042249,0.0063136085
0.0006359133,0.0018256024,0.01769381,0.14459607,0.27323154,0.20905139,0.100281544,0.09511028,0.1112672,0.039864775,0.0064418777
0.0008910324,0.00820029,0.08882304,0.24807416,0.19324875,0.17141981,0.15358312,0.09717324,0.015369595,0.01753628,0.005680638
0.00065411587,0.0016156331,0.014977033,0.13039728,0.2831794,0.20884861,0.09015569,0.09170318,0.13173366,0.040667593,0.006067773
0.00064236514,0.0023724248,0.02502791,0.17494035,0.25548902,0.20626651,0.11994108,0.09942647,0.07333284,0.035775702,0.006785361
0.0006325071,0.0019432765,0.019297885,0.15232892,0.26880002,0.20818454,0.10589545,0.096385434,0.10085821,0.039108496,0.0065652793
0.00063336914,0.0019178533,0.018944325,0.15058626,0.2697856,0.20838505,0.104648665,0.09612744,0.10316038,0.03926594,0.006545123
0.0014236353,0.01939401,0.18962704,0.25651747,0.15375438,0.14338611,0.12958944,0.0873092,0.0057243076,0.009039541,0.0042348458
0.0037417517,0.066975325,0.53355086,0.16320235,0.07403575,0.07165125,0.049691252,0.031986497,0.0011845828,0.0023213984,0.0016590065
0.00081256265,0.0062554893,0.06943432,0.24001907,0.20494124,0.1799383,0.15242954,0.09888376,0.020903213,0.02036875,0.006013738
0.0033519804,0.059524253,0.4960118,0.17748265,0.082514524,0.08031246,0.057194553,0.037610862,0.0014169834,0.0027075885,0.0018723331
0.0006373507,0.0018209667,0.01760786,0.14422439,0.2734042,0.20929937,0.099856555,0.095020786,0.111809514,0.039881945,0.0064369976
0.0006879669,0.0034720015,0.0383483,0.20749006,0.23294716,0.19688304,0.13910866,0.10203168,0.0429601,0.029210513,0.0068604695
0.0006465333,0.0017169465,0.016289331,0.13746203,0.27765414,0.20980604,0.09486101,0.09338238,0.121367596,0.040549237,0.0062647914
0.00069099804,0.0034251905,0.037749946,0.20649634,0.23354194,0.19775182,0.13824163,0.102026924,0.043851506,0.029345572,0.0068780775
0.00075388135,0.0052487548,0.058559164,0.23107955,0.21373701,0.18541962,0.1506566,0.09990475,0.025653647,0.022730706,0.0062563256
0.00063204736,0.0019805382,0.01979797,0.15467906,0.26757446,0.20797125,0.107444756,0.096689604,0.097794384,0.03884201,0.006593943
0.023808492,0.48384547,0.44085735,0.03324567,0.0063937986,0.006813171,0.0030816975,0.0011538703,0.00016295946,0.00025329864,0.00038421448
0.030713404,0.60855246,0.32565507,0.022923967,0.004196115,0.0046648453,0.0018883527,0.0007172903,0.0001420264,0.0002065597,0.00033994936
0.0027143222,0.04789097,0.42011112,0.20321828,0.099434204,0.09676443,0.07292259,0.04902408,0.0019815934,0.0036073716,0.0023310184
0.0006325839,0.0019282463,0.019070318,0.15125519,0.26936516,0.20839135,0.10511207,0.0962361,0.10226284,0.039194718,0.006551377
0.0007273142,0.004384468,0.049082,0.2227226,0.2216669,0.1897786,0.14660065,0.10138554,0.03193727,0.025174687,0.0065398947
0.00093563704,0.009388399,0.09906725,0.24867442,0.18864243,0.16821367,0.15324742,0.09654269,0.01330964,0.016428145,0.0055503105
0.00071108696,0.00397281,0.04427798,0.21713689,0.22633305,0.19236997,0.1435738,0.10196133,0.036168966,0.026791565,0.006702561
0.00074805575,0.004802697,0.053670406,0.22751936,0.21732302,0.18772611,0.14855179,0.100746095,0.028675241,0.023817133,0.0064201215
0.0025665914,0.04522164,0.39949122,0.20913798,0.10411476,0.101735264,0.07744191,0.051792983,0.0021731583,0.0038703035,0.0024541344
0.0017278679,0.027259443,0.2560251,0.24480344,0.13675936,0.13179393,0.11090979,0.07634952,0.004031243,0.006778499,0.0035617726
0.0006335708,0.0020844596,0.021163877,0.16078012,0.26409146,0.20775682,0.11125157,0.09742281,0.09013664,0.038010255,0.0066684326
0.0007252555,0.0044989097,0.050040606,0.22353809,0.22064592,0.18965524,0.14722522,0.10114127,0.031093098,0.024918217,0.006518175
0.033524677,0.6562838,0.28016365,0.019583369,0.0035932262,0.0040375846,0.0015569474,0.0006023234,0.00013521478,0.00019342524,0.00032587172
0.037182663,0.71290666,0.22545335,0.015862375,0.0029411071,0.0033422504,0.0012106827,0.00048245885,0.00012824306,0.0001799574,0.00031022908
0.009127956,0.17634854,0.67695105,0.07606484,0.022506103,0.020209186,0.011635696,0.0056361505,0.00031524574,0.0005684953,0.0006367398
0.00065225246,0.0026063093,0.027957816,0.18396734,0.2498087,0.20444068,0.12536861,0.100492164,0.063770734,0.034087937,0.0068475245
0.00063314,0.0018785418,0.018406037,0.14786398,0.27142692,0.208406,0.102843784,0.09575451,0.106752336,0.039528247,0.0065065343
0.0009613357,0.009360257,0.100168146,0.252695,0.18642484,0.16645163,0.15248302,0.096903205,0.013016725,0.016050717,0.005485116
0.00065783516,0.0027477862,0.02968522,0.18868385,0.24648033,0.20331874,0.1283498,0.10092989,0.059067123,0.033196144,0.0068832682
0.00067710516,0.0031332758,0.034277473,0.1997076,0.23807117,0.2006063,0.13464057,0.10174984,0.049172882,0.031010108,0.0069537456
0.00075277576,0.0049053044,0.054808475,0.228609,0.21623304,0.18732227,0.14890017,0.10058596,0.027968073,0.023520363,0.006394627
0.011792323,0.2365228,0.6433314,0.063881606,0.016132543,0.01504353,0.008310326,0.0037319674,0.00025890846,0.00045106432,0.0005436167
0.0006375568,0.0018186984,0.017591773,0.14412527,0.27350968,0.20922448,0.09980793,0.09499782,0.11193778,0.03991272,0.0064362874
0.00063333136,0.0020270536,0.020378336,0.15740176,0.2660211,0.20805779,0.10899785,0.09700374,0.09439626,0.03845411,0.006628699
0.0006333755,0.00190207,0.018707696,0.14946258,0.27041206,0.20855717,0.10382108,0.095974185,0.10465679,0.0393455,0.0065275044
0.0006544912,0.0016036159,0.014832827,0.12957793,0.28413403,0.20850043,0.08963469,0.09149066,0.13289684,0.04062778,0.006046647
0.0007926906,0.0061603547,0.06757432,0.23736559,0.20667203,0.18106516,0.15299001,0.09895868,0.02153477,0.020818023,0.006068384
0.00064129627,0.0023752665,0.025079407,0.17508534,0.25539836,0.20611556,0.12017027,0.09945687,0.073135436,0.03575775,0.0067844135
0.00076713297,0.005593118,0.06158042,0.23317617,0.21122627,0.18386011,0.15180884,0.099696405,0.024084207,0.02200361,0.006203774
0.01174458,0.23474501,0.64470667,0.06414226,0.016226884,0.015066802,0.008361868,0.0037506805,0.00025948096,0.00045170318,0.0005440781
0.0007279711,0.0044904836,0.04990131,0.22365084,0.22077325,0.18997838,0.14667165,0.10114346,0.031206585,0.024932506,0.006523501
0.00065413903,0.0016338722,0.01520483,0.13171157,0.28183287,0.20930907,0.09091216,0.09204103,0.12989265,0.040700924,0.0061069215
0.00064151216,0.0017720506,0.016998481,0.14116022,0.27539557,0.20948543,0.09757821,0.09422841,0.11613643,0.040245075,0.0063586
0.0006331077,0.0019991503,0.020032136,0.1557833,0.26694465,0.20802106,0.10804116,0.09681202,0.09643491,0.03868864,0.0066099227
0.0024094707,0.041655593,0.3719316,0.21773082,0.10961589,0.10735136,0.08354541,0.05642049,0.002423332,0.004285457,0.0026305648
0.0012907372,0.016974617,0.16810942,0.25638816,0.16101055,0.15032743,0.13540605,0.08908168,0.0067356844,0.010205251,0.004470399
0.00064343394,0.0023921318,0.025337687,0.17583781,0.25494462,0.20601074,0.12055107,0.09958512,0.072277114,0.03562689,0.006793372
0.0010727026,0.012343845,0.12591377,0.2530095,0.17800969,0.16012922,0.14733857,0.093810484,0.009717941,0.013530009,0.00512427
0.0010968738,0.012354913,0.12658446,0.25701022,0.17626631,0.15826952,0.14626886,0.094235994,0.009392037,0.013393466,0.005127398
0.00075868174,0.0053646145,0.05932191,0.23163514,0.21284336,0.18504281,0.15104924,0.09996896,0.025244331,0.02250784,0.0062630987
0.0070313537,0.13084401,0.6817492,0.092439346,0.031654418,0.028450876,0.016867071,0.009015076,0.0004038889,0.00077308866,0.00077166996
0.0013657123,0.017671833,0.17604278,0.25934884,0.15707129,0.1451423,0.1332774,0.089769304,0.006183978,0.009728439,0.0043980344
0.00063731347,0.0022169559,0.022990258,0.16784744,0.26002052,0.20701592,0.11569079,0.09843755,0.08144436,0.036965348,0.0067335195
0.0011665875,0.014202613,0.14326626,0.25543946,0.17113976,0.15556322,0.14208,0.09207976,0.008205152,0.011993635,0.0048635597
0.0011482334,0.013719121,0.13919795,0.2557668,0.17239349,0.15627669,0.14325863,0.092532404,0.008474805,0.012314452,0.0049174684
0.0011907243,0.014111362,0.14268166,0.2593592,0.16947985,0.15196134,0.1427978,0.09371532,0.007980038,0.011868583,0.004854127
0.0011320481,0.0126970345,0.12895377,0.25938195,0.17425184,0.15526676,0.14628811,0.09495972,0.009013304,0.012981379,0.0050740563
0.00064353214,0.0017527107,0.016747497,0.13982567,0.27620173,0.2096536,0.09658964,0.09389095,0.11799355,0.040374864,0.0063262074
0.0034462474,0.06170901,0.50698125,0.17295709,0.080109596,0.07800541,0.055209257,0.03583657,0.0013490578,0.0025871976,0.0018092718
0.0006362354,0.0021734848,0.022397492,0.1656574,0.261288,0.20724818,0.114356436,0.09809284,0.08412276,0.03730782,0.006719391
0.0007915802,0.0059801354,0.066992015,0.23787563,0.20709807,0.18151487,0.15216976,0.09886937,0.02178873,0.02088201,0.006037792
0.0098058535,0.19152041,0.6701667,0.07246906,0.02047381,0.01855322,0.010568348,0.0050101196,0.00029691518,0.0005314116,0.0006042167
0.0006478892,0.0017058898,0.016149586,0.13671695,0.2780621,0.20980717,0.09435832,0.093230814,0.1224758,0.040599927,0.00624555
0.0006380016,0.002310332,0.024293287,0.17234184,0.25723153,0.20627505,0.11868777,0.099110074,0.07609962,0.036252286,0.006760223
0.008384846,0.15955393,0.6820561,0.08084001,0.0252483,0.022568649,0.013129097,0.006574249,0.00034209157,0.0006217581,0.00068100437
0.0023714548,0.041167267,0.36895484,0.2181708,0.110861845,0.10832831,0.08400089,0.056701697,0.0024730552,0.0043263272,0.002643482
0.0006502858,0.0025727435,0.027583167,0.18277152,0.2506553,0.20445824,0.124866456,0.100381546,0.06492714,0.034296464,0.0068371063
0.028061403,0.5608776,0.3703881,0.026528772,0.004901726,0.0053870957,0.0022726713,0.00085517863,0.00014912098,0.00022230842,0.00035602623
0.0065119895,0.12067601,0.67506045,0.09885351,0.035284016,0.031789098,0.019151237,0.010533545,0.0004448287,0.0008716827,0.0008236465
0.0012891168,0.01609186,0.16198234,0.25975716,0.16233452,0.14778338,0.13715065,0.091609254,0.006847444,0.010564323,0.004589923
0.0007099151,0.004074383,0.04523569,0.21826334,0.22528343,0.1920666,0.14428653,0.101791024,0.035136756,0.026480665,0.0066717328
0.00063837523,0.0022582845,0.023511512,0.1698075,0.25876254,0.20690817,0.11681901,0.09873046,0.07917908,0.036637872,0.0067471894
0.00066726067,0.002936825,0.031935338,0.19435273,0.24220863,0.20192376,0.13173604,0.10138809,0.053800724,0.032117836,0.0069327946
0.00063868274,0.0018024525,0.017395616,0.14317626,0.27414852,0.20928128,0.09908309,0.09474847,0.11329418,0.04002193,0.006409583
0.0007001196,0.003652117,0.040399633,0.2111912,0.23044623,0.19545698,0.14055105,0.102101415,0.04044123,0.02824233,0.0068176673
0.00063481036,0.0018661361,0.01819532,0.14689192,0.27186674,0.20877898,0.10197879,0.09558142,0.108130716,0.039581772,0.0064934143
0.00063720596,0.0018130477,0.017519921,0.14380176,0.27369416,0.20925868,0.09959053,0.09492771,0.112389855,0.039942283,0.0064248736
0.006024941,0.110365555,0.66332275,0.107238576,0.039714776,0.03609021,0.022177942,0.012649424,0.0005023399,0.0010136509,0.00089980575
0.0061630993,0.11292809,0.6669863,0.10493577,0.038469974,0.034851477,0.021291059,0.012041437,0.00048425194,0.0009727842,0.00087578385
0.0006341184,0.0018999974,0.018655205,0.14920564,0.27052727,0.20867568,0.10357421,0.0959358,0.10500541,0.039359465,0.0065272157
0.00063817715,0.002243011,0.023343751,0.16912873,0.25924283,0.20689416,0.116452195,0.09864233,0.07991716,0.036754634,0.006743005
0.00064503774,0.002427008,0.025763271,0.17719574,0.25408667,0.2057726,0.12141662,0.09972882,0.07082569,0.035337124,0.0068013887
0.0006389437,0.00227899,0.023845047,0.17086896,0.25813583,0.2066669,0.117563844,0.09891106,0.077863924,0.036471754,0.0067547685
0.00063268543,0.0020232382,0.020342426,0.15722226,0.26613235,0.20799077,0.10895625,0.09699163,0.09459692,0.0384869,0.006624613
0.0006348159,0.0021349133,0.02186354,0.16360918,0.2624287,0.20736675,0.11316352,0.0977613,0.08667488,0.03765613,0.0067062327
0.00065391074,0.0016241902,0.015101076,0.13109803,0.28239113,0.20902772,0.090638064,0.09187031,0.13080639,0.040702023,0.006087181
0.0006427633,0.0023392842,0.024548994,0.17345527,0.25639218,0.20671554,0.11880537,0.099265695,0.07503852,0.036012508,0.0067838137
0.0050161523,0.08907811,0.6186512,0.12843718,0.0530313,0.049995996,0.032670584,0.019705275,0.00072458654,0.0015003505,0.0011892724
0.026361289,0.52925974,0.39977655,0.029017312,0.005414414,0.0058927927,0.002565223,0.0009575949,0.00015429335,0.00023366936,0.00036709677
0.0006329575,0.002040612,0.020575296,0.15824142,0.26555982,0.20793211,0.10961643,0.09711131,0.09330117,0.038351912,0.0066369367
0.0006982524,0.0037386683,0.041338384,0.21277294,0.22933966,0.1945626,0.14149179,0.102081135,0.039235435,0.027947996,0.0067932056
0.0007896312,0.006146005,0.067345865,0.23696011,0.20685878,0.18083876,0.15345967,0.0990481,0.021608347,0.020864772,0.0060799485
0.00063276937,0.002011052,0.020206721,0.15656076,0.2665337,0.2079224,0.10858049,0.09691913,0.09542266,0.038592044,0.0066182367
0.00063956773,0.0023348513,0.024543472,0.17336239,0.25652534,0.20641723,0.11906189,0.099250056,0.07504896,0.03604518,0.006771111
0.005190576,0.09237089,0.6279484,0.12468481,0.05038871,0.047249783,0.030648258,0.018310573,0.0006761661,0.0014014989,0.001130245
0.00064077525,0.0023390406,0.024632076,0.17355493,0.25636217,0.20632443,0.119278505,0.09925588,0.0748389,0.036000658,0.0067726667
0.0017939259,0.029144434,0.2701082,0.24089596,0.13404578,0.13016859,0.10729379,0.07295002,0.003834893,0.006348999,0.003415378
0.0006538358,0.0015540163,0.014282762,0.12637874,0.28829545,0.20662205,0.087721646,0.090631574,0.1375483,0.040371325,0.0059403037
0.00063393335,0.0021069746,0.021465737,0.1620355,0.26334423,0.20760386,0.112105995,0.09755964,0.088607125,0.0378533,0.0066836844
0.0056763967,0.103316374,0.651943,0.11374605,0.043328438,0.039814208,0.024962243,0.014536226,0.00055802497,0.0011445672,0.0009744759
0.01211171,0.24364866,0.6386746,0.062593445,0.015587264,0.014569641,0.008024393,0.0035606513,0.00025401654,0.00043970477,0.00053584256
0.0006354823,0.0021818546,0.022528097,0.16611846,0.2610621,0.20706505,0.11475258,0.098168924,0.08350882,0.037259236,0.006719398
0.0007099165,0.003920919,0.043611556,0.21624765,0.22690114,0.19300178,0.14294727,0.102039754,0.03685599,0.027031397,0.0067325276
0.0054664803,0.098487176,0.64306474,0.11825365,0.04620404,0.04255495,0.027144203,0.01595983,0.00059964065,0.0012383593,0.001026958
0.00070371595,0.0038760023,0.04309233,0.21540089,0.2275886,0.19330424,0.14269616,0.10198467,0.03730522,0.027309798,0.0067382935
0.0029172,0.05104661,0.4446825,0.19575351,0.093464084,0.091437005,0.06783437,0.04560732,0.0017766252,0.0032901717,0.0021905946
0.00065770757,0.002781833,0.030162074,0.18978184,0.24574713,0.2027275,0.12930469,0.10103727,0.057875875,0.033035066,0.006888932
0.001124436,0.012448923,0.12721647,0.25956407,0.17467876,0.15619093,0.14637376,0.094965756,0.009176733,0.013159429,0.005100761
0.0006404933,0.0017807981,0.017109925,0.14173979,0.2750508,0.20942365,0.098007,0.09438843,0.11530173,0.040184036,0.006373401
0.001295469,0.016441196,0.16481014,0.2588366,0.16162124,0.14689668,0.13700502,0.09141931,0.006713831,0.010416408,0.0045440733
0.0010195612,0.010399437,0.109376915,0.2558456,0.1818887,0.16236672,0.15108174,0.09640517,0.011319764,0.014953532,0.0053428966
0.0007439155,0.004950453,0.054920312,0.2281455,0.2163487,0.18729569,0.14939567,0.10049246,0.027758883,0.023565749,0.0063826586
0.0037537424,0.06729169,0.5345279,0.16277294,0.073816516,0.07138861,0.04955166,0.03176828,0.0011766029,0.002306462,0.001645676
0.0006366168,0.002207614,0.022836344,0.16735636,0.26024905,0.20715582,0.115356475,0.09836027,0.08208555,0.03702718,0.006728709
0.005887996,0.1075495,0.6589538,0.10989153,0.041095413,0.037512243,0.02322078,0.0133739365,0.00052326516,0.0010640309,0.00092754315
0.0011912566,0.014768023,0.14840277,0.25577375,0.16913067,0.15442683,0.1406105,0.09147415,0.007860426,0.01158494,0.0047766604
0.0038187874,0.06808978,0.539764,0.16096196,0.07255175,0.070219144,0.048460815,0.031105166,0.0011456424,0.0022601811,0.0016227022
0.006390184,0.11785637,0.67247146,0.10096986,0.036371462,0.03280459,0.019866496,0.0110629285,0.00045796568,0.00090710685,0.00084154337
0.0054076132,0.09749132,0.640068,0.11929047,0.04697288,0.04362129,0.027839022,0.016375944,0.00061645376,0.0012662918,0.0010507158
0.0062108906,0.11422144,0.6683411,0.10385471,0.03796375,0.034362685,0.020941103,0.011800809,0.0004785188,0.000956621,0.0008683568
0.0034040073,0.060766216,0.50169986,0.17520651,0.081334084,0.0790563,0.056000005,0.03666486,0.0013819317,0.002647715,0.0018384535
0.0012361063,0.01555658,0.15740539,0.2576945,0.16469628,0.15136059,0.13839594,0.090829656,0.007255179,0.010952939,0.00461688
0.002606625,0.04540413,0.40245247,0.2092012,0.10297475,0.10026871,0.07676908,0.051911626,0.0021254842,0.003845058,0.002440839
0.00063218275,0.0020931272,0.021316573,0.16136557,0.2638004,0.20747246,0.11184392,0.09749264,0.08935237,0.037961364,0.0066693923
0.0015782017,0.023067432,0.22131409,0.25179636,0.14522919,0.13792787,0.12055205,0.08201544,0.004788915,0.007822254,0.0039081634
0.00063585566,0.0018346466,0.017808318,0.14512332,0.27299812,0.20895964,0.10064376,0.095213085,0.11051939,0.0398091,0.006454794
0.002921794,0.05212908,0.448548,0.19340235,0.093169816,0.09124976,0.067032866,0.044386934,0.0017656842,0.0032290386,0.0021647864
0.00063289236,0.0020022523,0.020049652,0.15592895,0.2668317,0.20813712,0.10806633,0.09683532,0.09625979,0.038645733,0.0066102347
0.00069540396,0.003658451,0.04042204,0.21123318,0.23035319,0.19526255,0.14084268,0.10209053,0.040324517,0.02829894,0.006818519
0.0006511219,0.0016725078,0.01573296,0.1345164,0.27938557,0.20968556,0.09287585,0.09280166,0.1257601,0.04073262,0.0061856587
0.00063579506,0.001844748,0.017940214,0.14571288,0.2726048,0.20889418,0.101092435,0.095335044,0.109732896,0.039737783,0.006469237
0.0006356864,0.002187375,0.022603098,0.16639666,0.2608796,0.20704615,0.11492462,0.09821969,0.08316893,0.037215892,0.0067223073
0.0006354256,0.0021871845,0.022606947,0.16640009,0.26089334,0.20701052,0.11495457,0.09821531,0.083154336,0.037221547,0.006720697
0.0006340514,0.0021214036,0.02165414,0.16282977,0.26286268,0.20754398,0.11260781,0.09767056,0.08763664,0.037743725,0.006695218
0.00064128946,0.001775008,0.017039552,0.14136222,0.2752619,0.20944563,0.097748816,0.09427308,0.11586014,0.04022862,0.006363672
0.00078445557,0.0059836316,0.06575055,0.23610114,0.20797743,0.18179946,0.15288891,0.09919775,0.02225366,0.02114867,0.0061143697
0.0015663517,0.023216302,0.2203827,0.25032154,0.1457777,0.14082676,0.12064219,0.08064312,0.0049065966,0.007831121,0.00388563
0.0012712623,0.016569,0.16495514,0.25619587,0.16235958,0.15098959,0.13643825,0.08941194,0.006904774,0.010400673,0.0045039696
0.0006825788,0.0032916213,0.03609454,0.20347577,0.23549667,0.19904144,0.13676128,0.101933174,0.046145167,0.030158566,0.006919226
0.00076328794,0.0051868623,0.057893284,0.23123984,0.21383764,0.18549845,0.15011689,0.10026329,0.026132619,0.022765078,0.006302735
0.027585331,0.5525989,0.3780938,0.027185423,0.00504482,0.005527915,0.0023479124,0.00088130677,0.00015037016,0.00022506673,0.00035911685
0.00063261716,0.002146397,0.022072135,0.16432352,0.26213628,0.20697628,0.11391139,0.097883426,0.085629255,0.037585918,0.0067027914
0.00076114514,0.005103376,0.05705158,0.23062256,0.21447322,0.18598787,0.1497502,0.10034429,0.026619442,0.022961184,0.0063251024
0.0006450639,0.0017391852,0.016570166,0.13886966,0.27677125,0.2097849,0.09587572,0.0936503,0.11932804,0.04046195,0.006303798
0.00064794114,0.0025499994,0.027317988,0.1819649,0.25121683,0.20451413,0.124457344,0.10031583,0.065666325,0.0345168,0.0068319044
0.0099282805,0.19424155,0.66881853,0.07186113,0.020142997,0.018282646,0.0103964675,0.00490993,0.00029400946,0.0005253581,0.00059907616
0.0006499773,0.0025698228,0.027563458,0.18271045,0.25070274,0.20449638,0.124770895,0.10039258,0.06494792,0.034357544,0.0068382467
0.0007920351,0.0061462587,0.0674201,0.2372461,0.20675296,0.18110996,0.15302727,0.09898909,0.021596383,0.020843944,0.0060758614
0.0026386098,0.046089686,0.40745822,0.20756236,0.101896346,0.09927041,0.075697325,0.05111837,0.0020820764,0.0037741915,0.0024123723
0.0006346821,0.001856549,0.018079987,0.14637733,0.27219898,0.20882301,0.10160635,0.095481336,0.10881488,0.03964595,0.0064809364
0.00082667446,0.0069084396,0.075272076,0.24187934,0.20118572,0.17730832,0.15411586,0.098151654,0.018910589,0.01951821,0.005923089
0.00075409684,0.004936089,0.055245858,0.22900288,0.21595454,0.18686555,0.14918262,0.10056813,0.027701713,0.023413675,0.0063748443
0.0009190199,0.008572309,0.09248379,0.25038716,0.19045402,0.16917107,0.1533533,0.097491734,0.014597655,0.016947731,0.0056222226
0.0006341664,0.0018675381,0.01822354,0.14701441,0.2718181,0.20868917,0.10212032,0.09561534,0.10794747,0.039575253,0.0064946944
0.0006369029,0.0022107463,0.02291841,0.16758156,0.26018137,0.20702186,0.11555545,0.09841417,0.08174751,0.03700122,0.006730868
0.000645487,0.0017267885,0.016422858,0.13812655,0.27725315,0.20974045,0.09537813,0.09351198,0.12039666,0.040515773,0.006282238
0.0007314459,0.0046225796,0.051380947,0.22496885,0.21939574,0.18909514,0.14773478,0.10095552,0.030117627,0.024516359,0.006481026
0.00070798007,0.0040719844,0.045252044,0.21818393,0.22522254,0.1920039,0.14450689,0.101796344,0.035110004,0.026471391,0.006672929
0.000633283,0.0018957187,0.018649343,0.14909069,0.27067038,0.20839596,0.103672266,0.09592556,0.10512956,0.03941314,0.0065240674
0.0006813634,0.003274149,0.035992038,0.20314644,0.23577167,0.19900915,0.1366971,0.10192077,0.04633176,0.03025741,0.0069181924
0.00064282696,0.0017651725,0.016885532,0.14059922,0.27565506,0.2097266,0.09707388,0.09409085,0.11694433,0.040271368,0.006345181
0.0013954387,0.018666482,0.18412332,0.25753173,0.15515189,0.14398217,0.1312706,0.088375166,0.005901921,0.0093107885,0.0042904723
0.0006401383,0.0017807415,0.017120978,0.14177956,0.2750376,0.20934412,0.09809301,0.094394356,0.11524723,0.040189102,0.0063731563
0.0006405459,0.0023067945,0.024204874,0.17213112,0.25732216,0.2066048,0.1182448,0.09908373,0.07644409,0.036251236,0.006765851
0.023468256,0.47703853,0.44695705,0.033895735,0.006537301,0.0069462764,0.0031629975,0.0011861497,0.00016430761,0.00025651942,0.000386918
0.0006338459,0.0018883529,0.018528096,0.14849524,0.27100867,0.20849161,0.103209004,0.09583206,0.105935685,0.03945996,0.0065174215
0.029699195,0.59077394,0.34234983,0.024285903,0.004462918,0.004934453,0.0020243106,0.0007671603,0.00014462254,0.00021191944,0.00034575324
0.00064705714,0.0017182695,0.016295739,0.13747416,0.27753,0.20989616,0.09487369,0.09337681,0.1213793,0.040542364,0.0062664654
0.000634215,0.0018747173,0.018338362,0.14750837,0.27156478,0.208545,0.102530554,0.0956916,0.10725901,0.039548557,0.006504828
0.00068065105,0.0032825517,0.036140073,0.2033458,0.23562749,0.19876239,0.13698868,0.10192457,0.046123337,0.030212333,0.006912046
0.00063299265,0.0021327878,0.021829454,0.16354963,0.26249307,0.20732161,0.11319464,0.09775726,0.08672948,0.03766081,0.0066982294
0.0011881191,0.014051539,0.14248793,0.25958258,0.1694946,0.15257068,0.14236084,0.093492895,0.008004484,0.011904057,0.0048622647
0.009080606,0.17593421,0.67680615,0.07623378,0.02262025,0.020392666,0.011709572,0.0056932024,0.0003170357,0.0005723667,0.0006401647
0.02094622,0.42937738,0.48970333,0.038331132,0.0076333354,0.0079579605,0.0037538349,0.0014368993,0.00017475341,0.00027948257,0.0004057097
0.00068606174,0.003316308,0.03648033,0.20410275,0.23508522,0.19880773,0.13706227,0.10195007,0.04566844,0.029934429,0.006906434
0.00068477984,0.0033999528,0.03747848,0.205877,0.2339833,0.19757102,0.13838352,0.10200952,0.0441349,0.029595984,0.006881609
0.00066397915,0.002871609,0.031150427,0.1924487,0.24369147,0.202366,0.13063528,0.101235755,0.05552927,0.032489903,0.006917651
0.00064132584,0.0017721293,0.016981645,0.14111876,0.27540413,0.20958719,0.097495615,0.09422675,0.11618856,0.040228155,0.006355735
0.00064356223,0.0017497272,0.016704427,0.13961647,0.27629015,0.20972583,0.09643113,0.09384274,0.118296534,0.04037995,0.0063194977
0.0006665934,0.0029382927,0.0319586,0.1943825,0.24217671,0.20182854,0.13185649,0.10139409,0.053744327,0.032121807,0.006932116
0.00064200093,0.0017689433,0.016952483,0.14092915,0.27553368,0.20955215,0.09737507,0.09417123,0.11646054,0.040261496,0.0063532405
0.0028373185,0.050234452,0.43652692,0.19786653,0.09576457,0.09335704,0.06941052,0.046523497,0.0018510879,0.0033946629,0.0022334214
0.029635021,0.5895563,0.343495,0.02437461,0.0044798106,0.0049511716,0.0020340115,0.00077069155,0.00014480492,0.0002123598,0.00034616224
0.0007126667,0.0039764903,0.044227313,0.21716423,0.22624432,0.19262043,0.14333472,0.101997785,0.036217332,0.026788067,0.006716631
0.0025837165,0.045021124,0.39955416,0.20999935,0.10368464,0.1009424,0.07737232,0.05234442,0.0021530788,0.0038864748,0.0024582352
0.00063632993,0.0018139492,0.017565059,0.14396022,0.27366868,0.20899902,0.0998558,0.094969824,0.11213621,0.03996668,0.0064282585
0.0006331989,0.0019829338,0.019796867,0.15475412,0.2674251,0.20825289,0.107312165,0.096687995,0.09777441,0.038785122,0.006595231
0.0006829195,0.0033279285,0.036534004,0.20426111,0.23497848,0.1985646,0.1373303,0.10195975,0.04548335,0.029970832,0.006906713
0.00063409697,0.0021318742,0.021817882,0.16346933,0.2624607,0.20740488,0.11310004,0.097735025,0.08687808,0.037667762,0.0067003295
0.0006941135,0.0035776065,0.039433677,0.20963481,0.23148406,0.19622044,0.13980617,0.10208373,0.041543752,0.028678946,0.006842698
0.0006929981,0.0035372982,0.03912288,0.20885134,0.2319643,0.19628815,0.13980149,0.10208187,0.042018235,0.028798673,0.006842758
0.030990547,0.6132923,0.32116523,0.022578066,0.00413132,0.0045986194,0.001853752,0.0007050947,0.00014135554,0.000205224,0.0003385678
0.0018475446,0.030258698,0.2810474,0.23895927,0.13118453,0.12693729,0.10456041,0.072160244,0.0036094359,0.006119381,0.003315757
0.00063359155,0.0021077665,0.021506665,0.16215543,0.26334184,0.20744978,0.112288885,0.09758049,0.08842481,0.03782861,0.006682096
0.006509573,0.120577715,0.67501396,0.09891055,0.035310857,0.031815782,0.019172212,0.010547405,0.00044520167,0.00087275816,0.00082403177
0.0077538984,0.14558418,0.6846578,0.08534264,0.027855784,0.0249369,0.0146098845,0.007495434,0.00036685253,0.0006788067,0.00071783026
0.0006436107,0.0017467082,0.016690157,0.13949399,0.27640378,0.20957924,0.09643106,0.09380598,0.11846701,0.04042117,0.0063173072
0.0006708635,0.0030010801,0.032696057,0.19616574,0.2408007,0.20159549,0.13267483,0.101506665,0.05219698,0.031745795,0.0069459127
0.00063433347,0.0021111355,0.021517627,0.16226369,0.26319122,0.20762837,0.112211384,0.09758739,0.088352196,0.037814993,0.006687634
0.00063709106,0.0022053928,0.022832766,0.16727284,0.26034558,0.20708404,0.115341656,0.09835458,0.08214063,0.037054855,0.0067305868
0.0050767027,0.09005686,0.6218149,0.1272578,0.052131183,0.049105123,0.031992078,0.019222824,0.0007078175,0.0014658977,0.0011688037
0.000685901,0.0034119606,0.037622835,0.20617056,0.2337911,0.19750997,0.13844827,0.10202113,0.04393631,0.02952306,0.006878853
0.001806297,0.029051501,0.27136233,0.24188022,0.13297288,0.12837169,0.10700265,0.07403599,0.003744916,0.006355865,0.003415669
0.0007250275,0.004321798,0.048326783,0.22192363,0.22233139,0.19025648,0.1461198,0.10148382,0.032539073,0.02540378,0.0065683476
0.00063284964,0.0019344763,0.01917457,0.15171932,0.26912287,0.20826812,0.10546548,0.096291855,0.101661526,0.03916856,0.0065603578
0.027135856,0.5440952,0.38598782,0.027855901,0.0051819445,0.00566661,0.0024255954,0.0009088296,0.0001517547,0.00022820556,0.00036227723
0.0013236445,0.018142225,0.17847219,0.25455612,0.15796323,0.14841732,0.13346404,0.08744491,0.006328908,0.009594724,0.004292696
0.0006397697,0.0023029358,0.024108497,0.17188472,0.25742477,0.20668472,0.11808681,0.09903842,0.0767722,0.036292944,0.006764213
0.0006827927,0.0032499128,0.035709176,0.20258999,0.2360892,0.19937795,0.13632078,0.10189354,0.046847817,0.030315723,0.006923079
0.0016806985,0.025403446,0.24182694,0.24899891,0.13930973,0.13371786,0.1148524,0.07908514,0.004274411,0.007150592,0.0036998068
0.0006324862,0.002054564,0.020799132,0.15916741,0.26512697,0.2077034,0.11030834,0.09724077,0.09207446,0.0382456,0.0066469144
0.002067286,0.03497662,0.3206912,0.23058838,0.12166935,0.11823234,0.09511018,0.065444425,0.0030356,0.005216881,0.0029677306
0.0006325102,0.0019807015,0.01980181,0.15471081,0.26753363,0.20802888,0.1074164,0.09669106,0.097784355,0.03882553,0.0065943473
0.0006449228,0.0017295559,0.0164732,0.13835251,0.2771202,0.20963782,0.09561767,0.09354634,0.12007315,0.040517386,0.0062872474
0.0007640159,0.005166093,0.05776077,0.23129599,0.21387982,0.18568869,0.1498908,0.10023509,0.026223583,0.022790518,0.0063046413
0.0008723783,0.0077788685,0.08499098,0.24692601,0.19541259,0.17291802,0.15377465,0.09730855,0.016255425,0.018039444,0.0057230745
0.0010792919,0.0123171685,0.12523226,0.25395736,0.17789589,0.16009726,0.14710964,0.093870156,0.009696354,0.013590134,0.0051544746
0.037299916,0.714592,0.22381127,0.015753541,0.002923255,0.0033225336,0.0012010043,0.00047914733,0.00012805873,0.00017958533,0.00030979537
0.00068546133,0.0033870724,0.037326515,0.20564537,0.23415206,0.1978238,0.13809583,0.10199535,0.044357974,0.029645074,0.0068856124
0.0006325242,0.002048513,0.020718869,0.15878496,0.2653087,0.20771492,0.11009676,0.09719376,0.09254905,0.038308617,0.006643375
0.0006544259,0.0015926507,0.014701859,0.12879658,0.28503302,0.20814365,0.08918118,0.09130398,0.13397484,0.04059461,0.006023196
0.00063678564,0.001813845,0.01754432,0.1438629,0.27371716,0.20909591,0.09974619,0.094951265,0.11226308,0.03994341,0.0064251386
0.0006542386,0.0016328575,0.015189687,0.1316264,0.28191864,0.20928892,0.09085578,0.092014894,0.1300154,0.040698927,0.0061042984
0.00075978116,0.0052714013,0.059229482,0.2322474,0.21303508,0.18537667,0.15016152,0.09979772,0.025348768,0.022547122,0.006225059
0.00091880374,0.0087268995,0.09402332,0.2495663,0.19047788,0.16924855,0.1534074,0.09684771,0.014263557,0.016913261,0.0056063207
0.0006370151,0.0018170456,0.017589645,0.1440969,0.27354512,0.2091136,0.09986881,0.09498995,0.11197649,0.039931696,0.006433761
0.0006360088,0.0018347106,0.01781235,0.1451288,0.27296522,0.20895289,0.10066259,0.09521324,0.1105263,0.03981208,0.0064557693
0.0006342861,0.00187245,0.018273354,0.1472502,0.27166867,0.20870496,0.10226394,0.09566262,0.107621096,0.039547615,0.006500782
0.0006331412,0.0019865262,0.019861896,0.15499981,0.26734987,0.20808992,0.10754277,0.09671656,0.09743451,0.038784865,0.0066001355
0.0006369907,0.0018166505,0.017579988,0.14406186,0.2735743,0.20913753,0.0998235,0.09499061,0.11201329,0.03993218,0.006433093
0.0006413232,0.002388841,0.025305316,0.17569023,0.2550785,0.20582521,0.120684914,0.099554785,0.072357096,0.035685576,0.006788171
0.0006333134,0.0020363003,0.020539403,0.15803903,0.26570562,0.20787604,0.10949911,0.097088836,0.093554184,0.038391802,0.00663634
0.00063511566,0.0021816585,0.022526104,0.16610396,0.26108333,0.20701922,0.11478516,0.098162934,0.083511546,0.037272148,0.0067188474
0.00596411,0.10899159,0.661378,0.10849355,0.04034327,0.036735296,0.022651505,0.012982725,0.0005113741,0.0010367545,0.0009118434
0.0006459019,0.0024755714,0.026360905,0.17913014,0.25291654,0.20531681,0.122584604,0.10000496,0.06874215,0.035008825,0.0068136053
0.000632332,0.0020524263,0.02075057,0.15899542,0.26514944,0.20781372,0.11016797,0.09722315,0.09231541,0.03825556,0.0066439495
0.0006328287,0.0020358926,0.020545714,0.15804873,0.26570982,0.20781736,0.10956297,0.09710039,0.093514495,0.038396567,0.006635208
0.009013182,0.17420995,0.67745626,0.07670015,0.022866378,0.02059937,0.0118398825,0.005774521,0.0003192739,0.0005772324,0.00064389885
0.00063610723,0.0021498215,0.022053808,0.16437165,0.26200467,0.2074169,0.11352321,0.09786709,0.08575102,0.037512824,0.0067128963
0.00064422,0.0017346407,0.016542329,0.13870259,0.2769336,0.20958236,0.09589143,0.09361234,0.11956019,0.040500525,0.0062957224
0.0007103389,0.0040804,0.045324046,0.21838894,0.22518061,0.19202518,0.14433952,0.10177854,0.035057493,0.026445584,0.006669245
0.00564729,0.10228672,0.6506904,0.114610225,0.043880705,0.040132303,0.025304487,0.014749114,0.00056269445,0.0011580244,0.0009780622
0.0006342621,0.0021769407,0.022448007,0.16587953,0.2611635,0.20708176,0.11465045,0.098127514,0.08382959,0.037294865,0.0067135836
0.00064868014,0.0025301543,0.027032219,0.18122897,0.25159606,0.20495068,0.12376211,0.10024933,0.06656647,0.034605406,0.006829924
0.001089924,0.012516806,0.1275416,0.25446296,0.17686044,0.15939943,0.14659013,0.093616135,0.009455401,0.013361156,0.0051060333
0.0006611432,0.0028306316,0.030678907,0.19123377,0.24460109,0.20259762,0.13000076,0.101142816,0.056623172,0.032725394,0.006904667
0.0006416815,0.0023549125,0.024800707,0.17421392,0.25591323,0.2064005,0.11949373,0.099351995,0.07415262,0.035895165,0.0067815427
0.00065318466,0.0026691773,0.028755028,0.18615307,0.24828142,0.2037988,0.12691593,0.100722075,0.06150903,0.033681665,0.00686061
0.003515847,0.06283907,0.512289,0.17118129,0.07893994,0.07662859,0.053894874,0.0350808,0.0013154981,0.002537248,0.0017778535
0.00064002804,0.0023113738,0.024226459,0.17228487,0.25718242,0.20662592,0.118333116,0.09908326,0.07632055,0.036226735,0.0067652855
0.0006754413,0.003105196,0.034013193,0.19894478,0.23862194,0.20055652,0.13456595,0.10171624,0.049699467,0.031149521,0.0069517186
0.00063287374,0.0020751746,0.021056794,0.16030294,0.2643864,0.20770954,0.11101969,0.097364634,0.09070823,0.038084142,0.006659572
0.019167101,0.3948126,0.5198932,0.041912094,0.008592345,0.008791767,0.00426213,0.0016640095,0.00018396242,0.00029860032,0.0004221364
0.00063695,0.0022188718,0.023031441,0.16797858,0.25994512,0.20694692,0.11582522,0.09846697,0.081267,0.036950205,0.006732735
0.00063666987,0.0018237272,0.017667154,0.14447261,0.27335045,0.20908949,0.10012513,0.0950749,0.11143664,0.039881617,0.0064416
0.009235488,0.17974797,0.6752179,0.07527825,0.022089807,0.019962743,0.011434776,0.0055256537,0.00031242686,0.00056273444,0.0006321782
0.0021000167,0.035413463,0.32480174,0.23006964,0.12035252,0.11713168,0.094161004,0.06493452,0.0029709872,0.005123685,0.002940746
0.0032135125,0.057003025,0.48150337,0.18267371,0.08570709,0.08360278,0.060143508,0.039809156,0.0015167004,0.0028633692,0.0019637954
0.000632996,0.0019306734,0.01909166,0.15137161,0.26928142,0.20844845,0.10514396,0.09624457,0.10212499,0.039175253,0.0065544415
0.0013447591,0.018138312,0.17834046,0.2561139,0.15705584,0.14818458,0.13282207,0.087801345,0.006262714,0.009609197,0.004326825
0.00063434616,0.0018965115,0.018625863,0.14901389,0.2706794,0.20858559,0.10347896,0.095905945,0.10525903,0.03939376,0.0065267007
0.0022605013,0.03872764,0.35137606,0.22348964,0.11456285,0.1113257,0.08797352,0.06023714,0.002646132,0.0046454463,0.0027553875
0.0006796742,0.0031681047,0.034723,0.20055166,0.2374955,0.2002009,0.13519624,0.10181154,0.04846114,0.030768674,0.006943539
0.00069300673,0.0035750824,0.039428465,0.20956968,0.23150268,0.19611894,0.13994691,0.10207524,0.041553248,0.028694762,0.006842023
0.00081273133,0.0065852855,0.07210574,0.2402419,0.20333502,0.17892067,0.15364592,0.09843763,0.01992067,0.02001652,0.0059779254
0.00063254713,0.0018816219,0.018438172,0.1480796,0.27128348,0.20845854,0.10298086,0.09578467,0.10645979,0.039494842,0.0065058563
0.00088851363,0.008365521,0.0890153,0.24672335,0.19364521,0.17176224,0.15370123,0.097272284,0.015323833,0.0175873,0.005715203
0.0009752399,0.009662981,0.10275781,0.2530556,0.18509479,0.1652733,0.15252803,0.09689036,0.0125385085,0.015770804,0.0054525654
0.001588694,0.023681147,0.22572719,0.25030556,0.14439924,0.13730934,0.119512044,0.081234924,0.0047023953,0.0076758624,0.0038636848
0.00064130605,0.0023383086,0.024620883,0.1735322,0.25640467,0.20639183,0.11913813,0.09927326,0.07485155,0.036030825,0.006777089
0.0006317492,0.0020418656,0.02065093,0.15846147,0.26552033,0.20763545,0.109974734,0.0971582,0.09292631,0.03836264,0.006636285
0.00063202274,0.0020215511,0.020333154,0.15715978,0.26620397,0.20790374,0.10899416,0.096983545,0.09464059,0.03850639,0.0066211326
0.00083349034,0.0069544776,0.07606692,0.24280475,0.20044358,0.17709073,0.15381508,0.09808274,0.01866875,0.019332312,0.005907223
0.0006791705,0.0031602455,0.034650445,0.20037957,0.23760822,0.20022343,0.13515823,0.101796046,0.048594583,0.03080544,0.0069445865
0.0006922847,0.003518823,0.038723048,0.20841786,0.23235743,0.19686472,0.13911523,0.10204678,0.04244334,0.028962692,0.0068577942
0.00068563304,0.003336729,0.036611352,0.20452578,0.23482598,0.19876695,0.13711691,0.1019542,0.04537856,0.029889075,0.006908806
0.0006884477,0.0034645712,0.03810511,0.20720352,0.23311485,0.19722278,0.1387867,0.10203242,0.04325306,0.029259117,0.0068693548
0.0006397931,0.001791352,0.017246624,0.14243028,0.27460313,0.20937267,0.09851633,0.09456137,0.114342615,0.040104404,0.0063914107
0.0006409146,0.002379053,0.025149839,0.17528947,0.25526544,0.20603429,0.12034962,0.099497944,0.07288761,0.035722367,0.0067834407
0.0006324443,0.00198717,0.019875726,0.15504807,0.26736382,0.20800376,0.10763554,0.09673107,0.09732972,0.038792748,0.006599989
0.0006518388,0.0016679626,0.015663106,0.13416557,0.2796132,0.20972875,0.092580184,0.09273315,0.12627897,0.040740896,0.0061764056
0.0006908904,0.0035445062,0.039189667,0.20901054,0.23195526,0.19614136,0.13986413,0.10205691,0.04185333,0.02885154,0.0068419254
0.0032367376,0.05712514,0.48340988,0.1821879,0.08514509,0.08314566,0.059803408,0.039652083,0.0014994876,0.0028431509,0.0019513557
0.00086618745,0.007540011,0.082923494,0.24677445,0.19630066,0.17365247,0.1536655,0.09748314,0.016777508,0.01826567,0.0057509346
0.00072013325,0.004357302,0.0484312,0.22188528,0.22218017,0.19049107,0.14625488,0.10136085,0.032344103,0.02540864,0.0065663387
0.00063494925,0.0021350828,0.021839907,0.16358915,0.26237825,0.20749024,0.11307748,0.0977412,0.08677081,0.037638716,0.0067041917
0.0006416151,0.0017686525,0.016954016,0.14092575,0.27555218,0.20949133,0.09741613,0.094177805,0.1164463,0.04027384,0.0063523226
0.0006464538,0.002500954,0.026676938,0.18010475,0.25233015,0.20504041,0.12323154,0.1001206,0.06769612,0.034832187,0.00681992
0.00063655846,0.0018283698,0.01770863,0.14467856,0.27314866,0.20916346,0.10025958,0.09512523,0.11116348,0.039841186,0.006446351
0.0011082784,0.012168558,0.124521814,0.25874755,0.17585528,0.15724726,0.14716387,0.09514402,0.009462599,0.013435645,0.00514511
0.0006343568,0.0021151612,0.021576762,0.1625058,0.2630501,0.20757976,0.11238614,0.09760724,0.08806767,0.03778763,0.0066893375
0.0010870193,0.012487352,0.12749918,0.2541383,0.17694502,0.1595657,0.14676672,0.093559034,0.009492583,0.013362502,0.005096543
0.00071823254,0.0042788964,0.047560412,0.22101879,0.22296423,0.1909981,0.14561975,0.10148958,0.033077665,0.02567732,0.006596975
0.0036531037,0.06516625,0.5252614,0.16636188,0.0759525,0.0736382,0.05136331,0.03325786,0.001233557,0.0024066023,0.0017053294
0.0006388205,0.0017937826,0.017292395,0.14265564,0.27451092,0.20925944,0.098738655,0.09462033,0.11400595,0.040089536,0.006394575
0.0006367422,0.0018238263,0.017675016,0.14449865,0.27331385,0.20907566,0.10015912,0.09507872,0.11141551,0.03988041,0.006442464
0.0006511753,0.0016709066,0.015720358,0.13444422,0.27943513,0.2096429,0.09285128,0.09278013,0.12588155,0.040739562,0.0061827903
0.0008722498,0.007551047,0.08238799,0.24712294,0.1961564,0.17341264,0.15350823,0.09802221,0.01692376,0.0182516,0.0057909302
0.0006732068,0.0030671365,0.033494238,0.19794677,0.23934735,0.20104611,0.13381891,0.10164816,0.05060802,0.031393137,0.006957004
0.00063497317,0.002158179,0.02219775,0.16489111,0.2617458,0.20715797,0.11405128,0.09795117,0.08506828,0.037435055,0.0067084287
0.00063251454,0.0020954025,0.021352107,0.1615039,0.26377395,0.2074286,0.11193152,0.0975121,0.08917533,0.037923444,0.006671124
0.000643166,0.001751403,0.016746102,0.1397999,0.2762379,0.2095634,0.09663621,0.093876354,0.11803221,0.04038929,0.006324058
0.000726383,0.004494412,0.050261814,0.22383639,0.2206535,0.18965143,0.14699334,0.10102871,0.030952994,0.024904842,0.0064961617
0.0011818453,0.013848357,0.14060102,0.25991288,0.17008048,0.15294316,0.14274484,0.093636274,0.00812747,0.012037445,0.0048861643
0.00063235,0.0019118695,0.018858654,0.1501967,0.270022,0.20838538,0.1044277,0.09608232,0.10365108,0.03929687,0.006535053
0.0006500853,0.0025878858,0.027816253,0.18340573,0.25023195,0.20425728,0.1252987,0.10047033,0.06421797,0.03422306,0.006840764
0.0066242106,0.12256855,0.67669904,0.09763467,0.034473393,0.031037683,0.01863722,0.010226106,0.00043523894,0.00085191795,0.00081202324
0.0012455446,0.015258789,0.15419379,0.25974178,0.16519453,0.14953196,0.13934277,0.09246605,0.0072694463,0.011065471,0.004689881
0.00064766174,0.0024857074,0.026448222,0.1794619,0.2527256,0.20538414,0.12261624,0.10004576,0.06843419,0.034928836,0.0068217744
0.0006442397,0.0024165986,0.025603225,0.17676866,0.2543028,0.20595996,0.12105594,0.099681936,0.071323596,0.035442095,0.0068009337
0.00064105773,0.0017759224,0.017049655,0.14142343,0.27523935,0.20944656,0.09778192,0.09429618,0.11576195,0.040218934,0.00636508
0.0006322554,0.0019528081,0.019430824,0.15295729,0.2684505,0.2080928,0.106350295,0.0964757,0.10003665,0.03904879,0.0065721134
0.0006393706,0.0017915884,0.017260054,0.1424804,0.27457914,0.20929702,0.09860926,0.094576925,0.11426419,0.040110275,0.006391794
0.0006459496,0.0024898439,0.026579699,0.17970589,0.25264427,0.20499273,0.12307716,0.100086324,0.068035245,0.03492504,0.006817904
0.0012120305,0.014451026,0.14669673,0.26020893,0.16767931,0.15113564,0.14131711,0.09324205,0.0076985084,0.011570097,0.004788629
0.0006329142,0.0020281218,0.020434247,0.1575638,0.26597568,0.20786503,0.109234154,0.09703704,0.09413736,0.038461547,0.006630139
0.000633144,0.001959545,0.019499224,0.15330735,0.26826513,0.20820896,0.10645755,0.096502244,0.09960239,0.03898664,0.006577876
0.004143234,0.0738058,0.5659345,0.15084617,0.06629765,0.063988514,0.043196715,0.027303377,0.0009969322,0.0020079403,0.0014791299
0.0006400365,0.0023195876,0.024344614,0.1726743,0.25691834,0.20654808,0.11860936,0.09914615,0.07586895,0.03616279,0.006767796
0.0133366715,0.26977336,0.6202471,0.05842128,0.013803419,0.013106204,0.0070941597,0.0030634084,0.00023724245,0.00040678115,0.0005103181
0.0006418411,0.0017681065,0.01694771,0.14090733,0.27556372,0.20952983,0.09737039,0.09416397,0.11649113,0.04026429,0.0063517
0.0009208534,0.009004694,0.095672086,0.24842945,0.19011734,0.16934468,0.15342306,0.09676936,0.013938902,0.016781898,0.0055977036
0.00066609716,0.0029208104,0.03179916,0.19389975,0.24257314,0.2017607,0.13176951,0.10137053,0.054130755,0.032182805,0.0069267605
0.0006522692,0.0026048552,0.02794217,0.18392153,0.24985659,0.20446698,0.12531462,0.10047606,0.06382433,0.03409457,0.0068460098
0.0006350994,0.0018571764,0.018104626,0.1464504,0.2721766,0.2087339,0.10169024,0.095485605,0.10872508,0.039656553,0.0064847334
0.03612802,0.6974392,0.24049446,0.016857848,0.0031124847,0.0035247668,0.0013017055,0.00051355606,0.0001300851,0.0001834081,0.0003144357
0.011489452,0.2302459,0.64746624,0.06495506,0.016630545,0.015467974,0.008586315,0.0038825842,0.00026384878,0.00046096515,0.0005511165
0.00068571913,0.0033697719,0.0371072,0.20529047,0.23437577,0.1981257,0.13776584,0.10198955,0.044670396,0.029727086,0.006892439
0.0012053301,0.01422623,0.14456972,0.2605672,0.16837902,0.15197997,0.14144588,0.093248434,0.007852051,0.01170426,0.004821955
0.0067346487,0.12506479,0.6783597,0.096018754,0.03359617,0.03024488,0.018087098,0.009842082,0.00042549943,0.00082669174,0.00079977454
0.00083476235,0.0071013845,0.07706838,0.24266365,0.20012875,0.17653435,0.15412727,0.098039865,0.018365858,0.019239005,0.005896661
0.0013753985,0.018155321,0.17975704,0.2581579,0.15632834,0.14470115,0.13244765,0.08915311,0.0060602576,0.009518993,0.0043447437
0.0017052764,0.026674436,0.2507792,0.24572045,0.13810408,0.1328623,0.11234995,0.077130094,0.0041351193,0.006925341,0.0036137558
0.003474567,0.061818138,0.50770336,0.17300934,0.07991678,0.07767535,0.054839596,0.035831578,0.0013422287,0.0025859233,0.0018031283
0.0006331338,0.001974938,0.019689187,0.15425014,0.2676978,0.20827787,0.10700065,0.09662358,0.09841578,0.038848247,0.0065886634
0.0009992041,0.01022039,0.10733652,0.2538561,0.18332331,0.16337119,0.15191515,0.09661055,0.01172089,0.015259455,0.005387172
0.00064632314,0.0017111526,0.016237391,0.13717046,0.2778573,0.20966128,0.09475792,0.09331818,0.121796414,0.040589057,0.0062545226
0.0006367811,0.0018197558,0.017623454,0.14425965,0.2734634,0.20909315,0.0999866,0.095028974,0.11174048,0.03991077,0.0064369245
0.0032015368,0.05646265,0.47936782,0.18359594,0.086031,0.084055014,0.06063825,0.040253967,0.0015285582,0.002887337,0.0019778823
0.00065462163,0.0026961896,0.029122189,0.18706298,0.24772179,0.20347834,0.12751949,0.100794464,0.060545545,0.033536717,0.0068677394
0.0006897167,0.0034112209,0.037579693,0.20616685,0.2337713,0.1978251,0.13815795,0.10201517,0.044068955,0.029434146,0.006879861
0.00063557713,0.00182872,0.01775401,0.14484333,0.27315745,0.20888014,0.10052545,0.095158495,0.11090858,0.039860643,0.0064476267
0.0006901792,0.0035076544,0.03873043,0.2082354,0.23246592,0.1966314,0.13934837,0.10205908,0.042445745,0.02903205,0.0068537397
0.00063661044,0.0022383826,0.023306418,0.16895923,0.25938457,0.20674354,0.1165078,0.0986292,0.080054425,0.036802035,0.0067378148
0.00063408766,0.0021628223,0.022272708,0.16515264,0.26162818,0.2070358,0.114305764,0.09800008,0.08469436,0.037405446,0.006708145
0.00069722685,0.003587586,0.039647453,0.20989168,0.23134057,0.1960668,0.13994999,0.102080695,0.04135587,0.028549328,0.006832824
0.0006373914,0.0018110109,0.017511684,0.14372556,0.27379167,0.2091505,0.0995784,0.09490363,0.11249241,0.0399737,0.006424049
0.0006471946,0.0017083081,0.016191043,0.13691635,0.27789995,0.20975676,0.0945745,0.09326648,0.122198425,0.040592056,0.0062489114
0.0006415335,0.0023708974,0.025060588,0.1749389,0.25552914,0.2060594,0.12011634,0.09946023,0.07323565,0.035801925,0.0067853406
0.0057139453,0.10371062,0.6532882,0.11328598,0.043058917,0.03929357,0.024675129,0.014331839,0.0005501744,0.0011304213,0.00096121826
0.00063757645,0.0022693775,0.02367276,0.17036793,0.25844675,0.20676136,0.117244266,0.098830394,0.07847407,0.036546625,0.006748918
0.00063609023,0.002199178,0.022765119,0.16699637,0.2605278,0.2070027,0.1152744,0.098314,0.08244145,0.037116896,0.006726029
0.0021149674,0.035820354,0.3278529,0.22918825,0.119781844,0.11657031,0.09341826,0.06433166,0.0029367183,0.005067107,0.002917581
0.0006353596,0.0022546656,0.023563316,0.16979487,0.2589038,0.20644034,0.117235914,0.09874456,0.07899867,0.03669127,0.006737244
0.0010939499,0.011843058,0.12163243,0.2581712,0.1769775,0.15869913,0.1477223,0.09517085,0.009783554,0.013717758,0.005188294
0.0011929049,0.014035144,0.14259347,0.26023257,0.16916056,0.15217534,0.14234473,0.093577795,0.007967069,0.01187104,0.0048493906
0.000669853,0.0029633045,0.03229268,0.19509797,0.24165244,0.20168668,0.13223693,0.101434514,0.053103365,0.03192543,0.006936799
0.0006468071,0.0025367439,0.027177941,0.18150656,0.2515251,0.2045151,0.124270976,0.10026589,0.066125855,0.034602113,0.0068269446
0.009727078,0.18959501,0.67108554,0.072924174,0.020713652,0.018737413,0.010689479,0.0050849356,0.00029895207,0.00053600635,0.0006077633
0.00063805154,0.0018105404,0.017471397,0.14357443,0.27381334,0.20937693,0.0993491,0.09487307,0.11271385,0.039958127,0.0064211674
0.00089559687,0.008114668,0.08793531,0.24912013,0.19284703,0.17048128,0.15391232,0.09795177,0.015597749,0.01744762,0.0056965523
0.00063382566,0.0019083422,0.018796457,0.1498698,0.2701986,0.20850158,0.10409422,0.096032895,0.10410808,0.039318826,0.006537279
0.006986213,0.13024442,0.6813447,0.09281572,0.031873208,0.028661508,0.01701029,0.009102985,0.0004066084,0.00077882333,0.00077556074
0.0014048944,0.018811684,0.1851894,0.25756878,0.15481119,0.1439264,0.13075396,0.08814068,0.0058633997,0.009245968,0.004283655
0.000632952,0.0018939639,0.01859413,0.14888763,0.27078757,0.20852725,0.103463516,0.095897615,0.10538984,0.039406974,0.006518597
0.00064685516,0.0017185181,0.0163028,0.13752958,0.27751908,0.20989716,0.094895445,0.093383506,0.121309526,0.040530734,0.0062667937
0.004237821,0.07553229,0.5726348,0.14815804,0.06485701,0.062146652,0.041825775,0.026281018,0.0009574613,0.0019367248,0.0014323553
0.00068196264,0.0032582344,0.035803773,0.20283738,0.2359932,0.19928835,0.13636032,0.10189552,0.04662972,0.030328233,0.0069232928
0.0006337952,0.001877055,0.01837418,0.14772101,0.27148277,0.20851627,0.102667026,0.09572686,0.10697075,0.03952398,0.006506312
0.00067303726,0.0030628887,0.033529673,0.19791132,0.23944971,0.20089477,0.13388166,0.10165137,0.050570883,0.03142077,0.0069539226
0.0006490001,0.002561716,0.02744082,0.18240848,0.2508456,0.20459166,0.124597676,0.100354314,0.06531677,0.034400545,0.006833401
0.00064434425,0.0024392388,0.025938937,0.17772451,0.25381956,0.20551442,0.121816166,0.099828824,0.070172794,0.03529567,0.006805539
0.0006464751,0.0024662248,0.026217952,0.17872636,0.25315705,0.20552318,0.12221932,0.09994891,0.06920726,0.03507232,0.006814958
0.00065224303,0.0026199766,0.028142568,0.18446563,0.24945752,0.20427057,0.12575217,0.10054743,0.0632443,0.033998415,0.006849302
0.00064002816,0.002331476,0.02450849,0.1732372,0.25657368,0.20647563,0.11895165,0.09924247,0.075208925,0.03605985,0.00677056
0.00064904755,0.0016988559,0.016055254,0.13622941,0.2783314,0.20985092,0.09398869,0.09312885,0.12321495,0.040619582,0.0062330794
0.0016899583,0.026232561,0.24710979,0.24644895,0.13908601,0.13343942,0.11338421,0.07771449,0.0042121466,0.00703137,0.003651182
0.0141983405,0.2889584,0.60633254,0.0553449,0.012638752,0.012202515,0.0064852256,0.00273934,0.00022487895,0.000383843,0.00049126026
0.0012596888,0.016222583,0.16220115,0.2564258,0.1633308,0.15144408,0.13714397,0.089807786,0.0070400178,0.010578806,0.004545301
0.00064254995,0.0023872398,0.025230201,0.17557497,0.25505584,0.20612454,0.120385446,0.09953633,0.07261191,0.035659432,0.0067914785
0.00560615,0.10163313,0.6490478,0.11529588,0.044217516,0.04075637,0.025688054,0.015014274,0.0005714053,0.0011771587,0.0009922582
0.03728102,0.7143819,0.22402333,0.015764017,0.002925569,0.003325097,0.0012020615,0.00047944384,0.00012808143,0.00017959745,0.00030982864
0.00067814847,0.0031211004,0.034168955,0.19937994,0.23836501,0.20065777,0.13450369,0.101711266,0.049432244,0.031030357,0.0069514955
0.018265394,0.37625352,0.53577024,0.04396885,0.009158123,0.009285193,0.0045644008,0.0018027447,0.00018928743,0.00031032212,0.00043202745
0.00063675735,0.0018114384,0.017497275,0.1437144,0.2738042,0.20923549,0.09952879,0.094910696,0.11248501,0.03995489,0.006421119
0.0006333421,0.0018967954,0.018653097,0.14913687,0.27066377,0.20844625,0.10365121,0.095934525,0.10506363,0.039395463,0.0065250373
0.0006326992,0.0020312702,0.020445155,0.15767641,0.26589018,0.20796469,0.10924843,0.09704679,0.09400643,0.038427494,0.00663044
0.00067340885,0.0030950306,0.033888444,0.19869673,0.23884004,0.20056136,0.13445227,0.10170487,0.049850985,0.031280275,0.0069566346
0.0006764231,0.003153705,0.034514952,0.20017618,0.23773381,0.20027786,0.1350779,0.10177979,0.048742436,0.03091896,0.006947947
0.00063164404,0.0019708509,0.019664055,0.15404719,0.2679579,0.2079629,0.10707742,0.0966024,0.098571524,0.038929336,0.0065847775
0.0006329306,0.0019923851,0.019955646,0.15542334,0.26712254,0.2080188,0.10784114,0.09677689,0.096896715,0.03873509,0.0066045555
0.0006351764,0.001840811,0.01787958,0.1454694,0.2727459,0.20895007,0.10091831,0.09529424,0.11004921,0.03975668,0.0064605973
0.00064805424,0.0017052693,0.01613086,0.13665159,0.2780576,0.20990391,0.09426678,0.09322521,0.12258743,0.040580295,0.0062429486
0.00088078587,0.007811945,0.085237674,0.2482617,0.19487296,0.17256048,0.15313883,0.09743896,0.016185883,0.017882403,0.005728438
0.00063702767,0.0018176759,0.017585715,0.14409597,0.2734687,0.2092073,0.09984919,0.09499767,0.11199552,0.0399118,0.006433431
0.00067415804,0.0030868016,0.033714216,0.19844513,0.23895966,0.20090976,0.13408913,0.10168501,0.05018043,0.031295273,0.006960502
0.00081293035,0.006654357,0.072818644,0.24038325,0.20302936,0.17795888,0.15431741,0.09845934,0.01967808,0.019922081,0.005965712
0.004020064,0.07163394,0.5566115,0.1545696,0.06852972,0.066246614,0.04506594,0.02864801,0.0010480754,0.0020968078,0.0015297417
0.0011048621,0.011966692,0.12274906,0.25891995,0.17618327,0.15746185,0.14779016,0.09548171,0.009617864,0.0135560045,0.005168539
0.0006340324,0.0021109164,0.021525908,0.16228054,0.26317325,0.20757978,0.11227579,0.09759457,0.08831864,0.037819844,0.006686753
0.0006511294,0.0025985918,0.027943749,0.18379092,0.24997255,0.204241,0.12546024,0.10050337,0.06384947,0.03414499,0.0068439348
0.00063458615,0.0018632732,0.01818769,0.14681943,0.27197152,0.2086396,0.10199638,0.09556936,0.108209915,0.039616268,0.00649202
0.0050330586,0.08916013,0.61961937,0.12821682,0.05278728,0.04976308,0.032469694,0.019559428,0.0007192887,0.0014898651,0.0011820021
0.0006370706,0.0018181046,0.017599413,0.1441482,0.27351588,0.20913029,0.09988842,0.095003076,0.111902565,0.03992205,0.006434968
0.00072072184,0.0042014886,0.046938866,0.2204083,0.22368856,0.19098884,0.1452386,0.10164923,0.0337032,0.02584927,0.0066129267
0.00063419895,0.0021091425,0.02149211,0.16215546,0.2632578,0.20763163,0.11214921,0.09757854,0.0884755,0.037830167,0.0066862097
0.0006326378,0.0020518703,0.020739311,0.15895887,0.26516587,0.20784506,0.11011133,0.0972089,0.09238579,0.03825677,0.006643558
0.0006455881,0.0017294439,0.016436797,0.13821831,0.27713928,0.20986801,0.095387645,0.09352996,0.12026812,0.04049201,0.0062848195
0.0008117507,0.0062201573,0.0692715,0.2400847,0.20493902,0.1795991,0.15269919,0.09901266,0.020971805,0.020377195,0.0060129673
0.0006319501,0.0019572056,0.019468877,0.15319784,0.26829207,0.20819144,0.106452174,0.096506685,0.099731565,0.038997088,0.0065731094
0.0066593527,0.12283371,0.6773538,0.09737771,0.034329258,0.030734513,0.018509964,0.010119595,0.00043171085,0.0008441416,0.0008063075
0.0017274307,0.027296277,0.25609696,0.244624,0.13688594,0.13179348,0.11092079,0.076283574,0.0040321457,0.0067794253,0.0035599445
0.0007055426,0.0038921498,0.0433388,0.21583956,0.22734085,0.19329777,0.14263657,0.10192967,0.03707724,0.027215363,0.0067264577
0.00063329766,0.0019180108,0.018927108,0.15054876,0.26975453,0.20850037,0.1045792,0.09612431,0.10322319,0.039248362,0.0065428526
0.0013933624,0.018267423,0.18107608,0.25877368,0.15548989,0.1444261,0.1317857,0.08900433,0.0059867864,0.009457465,0.0043391874
0.0006436865,0.0017548917,0.016767263,0.13994119,0.27612892,0.2096891,0.09663726,0.09391089,0.11784097,0.040356353,0.0063294754
0.00069208944,0.0035721513,0.039532434,0.209606,0.23155743,0.19587217,0.14013404,0.10205474,0.041434422,0.028710837,0.006833697
0.00063537137,0.0018391734,0.017857745,0.14536043,0.27279672,0.20896737,0.10084096,0.09526994,0.110202275,0.03977121,0.006458793
0.0030744644,0.05398108,0.46463338,0.18881103,0.0891804,0.08725772,0.06372097,0.04258112,0.0016334994,0.0030534551,0.0020729504
0.0008650103,0.007432534,0.08117215,0.24638094,0.19692805,0.17388487,0.15371913,0.098137796,0.017240426,0.018427636,0.005811448
0.00063258526,0.0020042032,0.020102786,0.15609628,0.2668064,0.2079373,0.10828565,0.09685676,0.09600571,0.038658988,0.0066133565
0.00069696637,0.0036526262,0.040300656,0.2111417,0.23050737,0.1955049,0.14050007,0.10207887,0.040469453,0.02832581,0.0068216003
0.025034914,0.5062315,0.42066753,0.031152284,0.0059058554,0.0063578393,0.002818035,0.0010545151,0.00015842085,0.00024338003,0.0003757224
0.0006539021,0.0016354999,0.015228679,0.13183643,0.2816717,0.20936276,0.09101624,0.09207897,0.12970872,0.040698055,0.0061090174
0.0006336782,0.0020702665,0.02099977,0.16001962,0.26455942,0.20772745,0.110804014,0.097332954,0.09106038,0.038131814,0.006660657
0.0006324476,0.0019936685,0.019973947,0.15549254,0.2671314,0.20794836,0.10793152,0.09677949,0.096775204,0.03873737,0.006604078
0.0006592667,0.0027971207,0.030264212,0.19018352,0.2453993,0.20285356,0.12937525,0.10105393,0.057590194,0.032927915,0.0068958127
0.0047228867,0.08337118,0.60276645,0.13533863,0.057450548,0.05451697,0.035995677,0.02209287,0.0008060862,0.0016612532,0.0012774129
0.004605271,0.08126723,0.5959002,0.13847901,0.059297774,0.05625236,0.03730322,0.023032514,0.0008371324,0.0017196967,0.0013055579
0.0032001399,0.05613201,0.47917992,0.18390644,0.085902214,0.083908334,0.0609206,0.040444072,0.0015272133,0.002892743,0.0019863169
0.00644632,0.1190587,0.67352486,0.10013974,0.03587787,0.032370146,0.019556988,0.010845728,0.00045224198,0.00089326856,0.0008341995
0.0012418953,0.015106896,0.15281911,0.26014218,0.16558832,0.14996009,0.13945913,0.09249092,0.0073490865,0.011136222,0.0047061704
0.0032640009,0.058156084,0.4873371,0.18013531,0.084333986,0.08251955,0.05923241,0.038819056,0.0014783524,0.0027934378,0.0019307438
0.0006418112,0.0017682669,0.016946897,0.14088875,0.27556178,0.20951027,0.09738164,0.09416492,0.116507724,0.040275913,0.006352024
0.0015237223,0.021271393,0.2062221,0.25510213,0.14854886,0.14073637,0.12442868,0.08457466,0.00517551,0.008344794,0.004071716
0.0077286237,0.14492069,0.6847061,0.08559218,0.027988711,0.025063869,0.014684734,0.0075457003,0.00036804134,0.0006819758,0.0007194597
0.0006465172,0.002536773,0.027185705,0.18151833,0.25151554,0.20447616,0.12431559,0.100271806,0.066098705,0.034608718,0.0068261246
0.00067571225,0.0031282562,0.03429492,0.19960614,0.23819602,0.20035233,0.13482015,0.10176296,0.049149044,0.031063884,0.0069505963
0.004353043,0.07715671,0.58053946,0.14501823,0.06285518,0.06030743,0.04032973,0.02525869,0.0009183275,0.0018673784,0.0013957557
0.001891301,0.030860081,0.28695717,0.23844954,0.12940912,0.12508477,0.10324701,0.0713947,0.0034929132,0.005950637,0.0032627683
0.012076323,0.24275687,0.63913214,0.06282588,0.01566785,0.014650242,0.008062131,0.0035943813,0.00025485278,0.0004420397,0.0005372632
0.00063398946,0.0018865437,0.01846801,0.14825675,0.27110302,0.20868343,0.10294011,0.095807634,0.10625471,0.039452013,0.006513792
0.0006684152,0.0029490052,0.032070916,0.19470154,0.24194482,0.20191465,0.13185519,0.10141113,0.053504974,0.032042798,0.00693658
0.028628694,0.57181025,0.3601668,0.0257054,0.004745073,0.005223599,0.002180182,0.0008221524,0.0001474052,0.00021827334,0.0003522046
0.00063553284,0.0022261536,0.02309515,0.16830623,0.25975442,0.20691678,0.116047285,0.09852159,0.08087397,0.036891114,0.0067317733
0.0020432463,0.034793805,0.31780237,0.2300901,0.122979544,0.12000057,0.095878355,0.06506788,0.0031084097,0.0052455165,0.0029902637
0.0006418829,0.0023698504,0.025004286,0.17486225,0.25550133,0.20625328,0.11993828,0.09945033,0.07340962,0.035782963,0.0067858864
0.01239039,0.24949537,0.63452727,0.061700094,0.015186863,0.014233056,0.0078030773,0.0034506577,0.00025040406,0.0004322404,0.0005305383
0.005336708,0.095896766,0.6365956,0.12093072,0.04794905,0.04463954,0.028661046,0.016974067,0.0006337101,0.0013082632,0.0010745195
0.000632902,0.0020907002,0.021299317,0.1612409,0.26389146,0.20747684,0.11173284,0.097486995,0.08948981,0.03798604,0.0066721626
0.0006602738,0.0027945866,0.030295016,0.19014847,0.2454363,0.20277424,0.12942564,0.10105683,0.057621025,0.032894786,0.006892848
0.00063254865,0.0020699212,0.021010235,0.16002753,0.2646056,0.20759422,0.11093058,0.09734589,0.09097922,0.038146134,0.006658137
0.0026366464,0.04630048,0.40787578,0.20703451,0.10212767,0.099256575,0.075606525,0.050893236,0.002086701,0.0037757307,0.002406226
0.0006336467,0.0019881947,0.019853588,0.15502785,0.2672861,0.20829207,0.10743341,0.096708655,0.097432956,0.03874393,0.0065996414
0.0006543768,0.001628013,0.015142037,0.13133898,0.2821786,0.20914003,0.090729244,0.09192464,0.13046788,0.040699814,0.006096312
0.00063198723,0.0020529071,0.020797832,0.15911548,0.265152,0.20762026,0.1103654,0.09724113,0.09211143,0.038267214,0.006644373
0.013120535,0.2656763,0.62321174,0.0590488,0.014078129,0.0133040985,0.007252066,0.0031404158,0.0002407986,0.00041152336,0.000515583
0.0006401574,0.0017693912,0.016978605,0.14109999,0.27556455,0.20936365,0.09757639,0.09421958,0.11617542,0.040259745,0.006352523
0.00065194804,0.0026151752,0.028085003,0.18429893,0.24956009,0.20428239,0.12568167,0.10054115,0.0634058,0.034028664,0.006849195
0.028123077,0.5626642,0.36872256,0.026402116,0.004886279,0.0053677303,0.002258689,0.0008496968,0.00014879649,0.0002214367,0.00035542995
0.0006362024,0.0018396053,0.017858537,0.1453656,0.2727377,0.20905955,0.10078678,0.095261015,0.11023698,0.03975709,0.00646099
0.0010003744,0.010636884,0.11159999,0.25222686,0.18297718,0.16368426,0.1510682,0.095182806,0.011246694,0.0150531875,0.0053235623
0.0006310781,0.0020475704,0.020729749,0.15883754,0.2653649,0.20757614,0.11022892,0.09721663,0.09242125,0.03830751,0.0066387295
0.001171598,0.013567824,0.13774994,0.25991863,0.17094594,0.15334809,0.14375708,0.09405903,0.008307615,0.01224315,0.0049310396
0.0007726911,0.0056444365,0.06244819,0.23427503,0.21040472,0.18375213,0.15151355,0.099489726,0.023716802,0.021806184,0.006176544
0.004536646,0.08014699,0.5918313,0.14020272,0.060141206,0.05740967,0.03812131,0.02365362,0.0008606592,0.0017617953,0.0013339655
0.00068664656,0.0034372709,0.037833158,0.20664485,0.2334378,0.19739336,0.13864093,0.10201855,0.043638114,0.029394992,0.006874342
0.00064093905,0.002364926,0.024991,0.17468928,0.25564635,0.20605336,0.1200832,0.0994141,0.07352842,0.03580932,0.0067791026
0.0006366529,0.0021964933,0.022676876,0.16677387,0.26058894,0.20724356,0.11497313,0.098258846,0.08280678,0.037119042,0.0067258417
0.013430266,0.27040765,0.6199507,0.058281858,0.013713179,0.012988904,0.0070453617,0.003033542,0.00023592185,0.0004044491,0.00050817267
0.00063581,0.0021761598,0.022439959,0.16580163,0.26122224,0.20715277,0.11451238,0.098115966,0.08392013,0.037303753,0.0067192093
0.0018665027,0.030767161,0.28445965,0.23776966,0.13070115,0.12701249,0.10389412,0.07067696,0.0035871882,0.005986954,0.003278133
0.00063345284,0.0019470528,0.01934016,0.15255496,0.26862016,0.20829457,0.10595107,0.09641402,0.100610055,0.039065007,0.0065694964
0.00063917885,0.0022623856,0.02359401,0.1700326,0.25867385,0.2068462,0.11694934,0.09877738,0.07886711,0.03660701,0.0067509003
0.00063202815,0.0019242088,0.019055773,0.15111573,0.26954672,0.20816934,0.105140075,0.096210316,0.102417104,0.039240703,0.0065480084
0.00064171816,0.0017745937,0.017025864,0.14131123,0.27527654,0.20954394,0.09764175,0.0942632,0.11594065,0.04021674,0.0063637733
0.0006526575,0.0016621763,0.015588327,0.13373594,0.279892,0.20969199,0.09228929,0.09263731,0.12692396,0.040759534,0.0061668227
0.0030744085,0.054494318,0.4664285,0.18789794,0.08907957,0.086892895,0.06327426,0.04213801,0.0016251279,0.0030358676,0.0020590802
0.0022566074,0.038911093,0.35136083,0.22272259,0.114876844,0.11224194,0.0879729,0.059612613,0.0026703624,0.004616842,0.0027573803
0.0006387014,0.0023150847,0.024351755,0.17255683,0.2570769,0.20630775,0.11875955,0.09914492,0.07587658,0.0362087,0.006763253
0.00067749014,0.00316566,0.034729384,0.2005563,0.23755181,0.2000612,0.13527359,0.10180003,0.0483967,0.030845005,0.0069428156
0.00063215144,0.001939206,0.019242784,0.15205103,0.26898587,0.20815657,0.10574607,0.096342936,0.101194814,0.039147142,0.0065614795
0.00064503524,0.0017305423,0.016480267,0.13841225,0.27708632,0.20969103,0.09560987,0.09355756,0.119997144,0.040500894,0.006289098
0.0014209074,0.019749884,0.19184618,0.2548847,0.15304452,0.14587758,0.1288238,0.08545836,0.0057572275,0.008961017,0.004175783
0.0015138118,0.021957906,0.20989497,0.25180247,0.14852022,0.14275558,0.12370838,0.082425125,0.0052074534,0.008218611,0.003995446
0.00063862535,0.0022540933,0.023502734,0.16968754,0.25888947,0.20683694,0.11678764,0.098734386,0.07925848,0.036663916,0.006746193
0.00070308946,0.0039042353,0.04340762,0.21575366,0.22728595,0.1929435,0.14315057,0.10197085,0.036950212,0.027202379,0.006727961
0.0006326956,0.0019374797,0.019189788,0.15184486,0.2690004,0.20836945,0.10551042,0.09631219,0.10150187,0.03914029,0.0065605165
0.00081447634,0.0066368342,0.07254782,0.24040575,0.20303088,0.17870487,0.15373799,0.09842106,0.019777883,0.0199508,0.005971622
0.0015926169,0.023529666,0.2237291,0.250851,0.14427407,0.13936245,0.11979974,0.08054417,0.0047799787,0.007680525,0.0038566166
0.0006395116,0.0022819338,0.023826044,0.1709197,0.25808525,0.20683369,0.11743175,0.09887965,0.077900805,0.036447197,0.00675451
0.0012053463,0.01421437,0.14465986,0.26073223,0.16819885,0.15157238,0.14168988,0.09339111,0.007819663,0.01170429,0.0048120427
0.0006444069,0.0024161881,0.025641771,0.17680095,0.25433782,0.20583807,0.12113953,0.09970419,0.07122162,0.035453595,0.006801811
0.00063333986,0.0020691175,0.020996079,0.15999734,0.26460457,0.20768385,0.11081668,0.09732869,0.09107627,0.038136,0.006658101
0.00063575205,0.002204649,0.022805654,0.16722095,0.2603361,0.20706299,0.115376994,0.09834483,0.08221625,0.037068475,0.006727313
0.0007586954,0.0052701654,0.059065513,0.23196018,0.21317062,0.18545379,0.15021504,0.09984432,0.025429726,0.022596443,0.0062355595
0.0007280292,0.004541159,0.050790083,0.22435564,0.22019525,0.18937467,0.1472863,0.100939855,0.030558828,0.024751315,0.0064788614
0.004797098,0.084302984,0.60677046,0.13383731,0.05641321,0.053500563,0.035192415,0.021524973,0.00078534917,0.0016219051,0.0012537026
0.005843964,0.1065878,0.657388,0.110832654,0.041571345,0.0380118,0.023590492,0.013625487,0.00053024164,0.001081532,0.00093665224
0.00063621474,0.0018290604,0.017752204,0.14484587,0.2731218,0.2089787,0.100458026,0.09514915,0.110935085,0.039844714,0.0064492007
0.00066880905,0.0030022995,0.032750152,0.19618583,0.24072032,0.20132938,0.13300572,0.10153512,0.05209579,0.03176359,0.0069429125
0.00064914254,0.001685449,0.015907465,0.13543667,0.2788729,0.20964523,0.0935545,0.092983045,0.124366775,0.040690187,0.006208643
0.0006503208,0.0025833668,0.027727822,0.18317194,0.25038457,0.20429869,0.12518747,0.10042825,0.06449465,0.034234893,0.0068379794
0.018285314,0.37613297,0.5358629,0.043985877,0.009155803,0.0092778895,0.0045636413,0.0018039425,0.00018922587,0.00031050047,0.00043192712
0.0007102778,0.0040418766,0.04506787,0.21812426,0.22559844,0.19223498,0.14388,0.10176041,0.035333134,0.026579952,0.0066688512
0.00065241504,0.0026494863,0.02857051,0.18553093,0.24878883,0.20378397,0.12662132,0.10066244,0.062061228,0.033823635,0.006855199
0.0011017392,0.012003297,0.12288392,0.25845987,0.17638719,0.1575415,0.14783284,0.09542378,0.00962129,0.013573069,0.0051715174
0.0006329229,0.0020850536,0.02119365,0.16087179,0.26404306,0.20763631,0.11142102,0.09743477,0.090002194,0.038012628,0.006666611
0.00063147245,0.0019756188,0.019710984,0.1543102,0.2677699,0.20804022,0.10721709,0.09663031,0.09824973,0.038878076,0.0065864213
0.00073080626,0.0046629314,0.0520754,0.22538805,0.21903425,0.18852572,0.14833362,0.100787364,0.0296247,0.024390208,0.006446837
0.0007563865,0.0053152037,0.05922426,0.23157838,0.21323942,0.18508261,0.15087977,0.09982482,0.025289478,0.022571944,0.006237743
0.00064920273,0.0025571717,0.027376585,0.18223709,0.2509475,0.20468922,0.1244372,0.10034492,0.0655048,0.03442215,0.006834162
0.0006378415,0.0022556733,0.023531707,0.16976918,0.25884914,0.20673655,0.11693305,0.098747395,0.07913116,0.036662526,0.00674577
0.0010223107,0.010545145,0.11039742,0.25536904,0.18171987,0.16230766,0.15090287,0.09629932,0.011200842,0.014895728,0.005339793
0.0006838119,0.003349444,0.036880158,0.20480505,0.23467143,0.19819216,0.1376947,0.10198204,0.044994228,0.029850015,0.00689701
0.0025028847,0.04407616,0.39065573,0.21192822,0.10629263,0.10320598,0.07913971,0.053418525,0.0022540695,0.0040202956,0.0025057367
0.018224109,0.3754244,0.5364765,0.044060957,0.009184418,0.009308523,0.0045787967,0.0018093713,0.00018956425,0.00031087792,0.00043252684
0.0006399707,0.0023059018,0.024155585,0.1720447,0.2573428,0.20667613,0.1181633,0.099051096,0.07659788,0.036259606,0.0067630047
0.002298746,0.03927197,0.35597125,0.22259282,0.11330264,0.11023034,0.08691858,0.059534356,0.0025883557,0.004558944,0.002731977
0.0006459107,0.0025125295,0.02688344,0.18060902,0.2520828,0.20470034,0.12373261,0.10018583,0.06705288,0.034773838,0.0068208124
0.00067045493,0.0030366085,0.03315757,0.1971174,0.2399712,0.20110063,0.13354772,0.101600766,0.051271196,0.031576123,0.006950306
0.00084364443,0.006813242,0.075598225,0.24422024,0.20024046,0.17679307,0.15317866,0.098281845,0.01884772,0.019288523,0.005894323
0.004138438,0.07383017,0.56551886,0.15093584,0.06636851,0.06408246,0.043280553,0.02735102,0.0009998997,0.0020117701,0.0014824889
0.0012466373,0.015967911,0.15959601,0.25637975,0.16449943,0.15203889,0.13766956,0.090073474,0.0071866545,0.010754698,0.004586952
0.00063841086,0.00225245,0.023432367,0.16952656,0.25892287,0.20696953,0.1166261,0.09869271,0.07951507,0.0366778,0.006746137
0.0006385999,0.0018043736,0.017422672,0.14329179,0.27403954,0.20925331,0.09920218,0.09478017,0.11313818,0.04001548,0.0064137233
0.0065558446,0.12119694,0.67551506,0.09860069,0.035008673,0.031544786,0.018987408,0.010461153,0.00044162004,0.00086755,0.0008202206
0.00069916487,0.003746665,0.0414549,0.2129659,0.22915392,0.19454572,0.14153178,0.102095895,0.039120816,0.027891643,0.006793623
0.0173111,0.35652593,0.55239975,0.046264663,0.009806476,0.0098468,0.0049160034,0.001966569,0.00019562307,0.00032396027,0.00044319264
0.0006328077,0.0019214379,0.019004712,0.15087174,0.26963684,0.2082925,0.10490187,0.09617424,0.10276666,0.03924938,0.0065477765
0.0074641476,0.1388706,0.68495923,0.087962724,0.02931932,0.026160914,0.015419746,0.008017437,0.00037955193,0.00071057957,0.00073571224
0.0006334966,0.0018777673,0.018359045,0.14769535,0.27146548,0.20861188,0.102615535,0.09572799,0.1069972,0.039512295,0.006503966
0.020248294,0.41649875,0.5010576,0.039619245,0.007981985,0.008265224,0.0039362833,0.0015166233,0.00017813129,0.0002862081,0.00041159175
0.0006455387,0.0017200186,0.016362133,0.13777137,0.27746263,0.20958221,0.09525642,0.093430564,0.12093188,0.040565684,0.006271572
0.00064126926,0.00233916,0.024592848,0.17352745,0.25635093,0.2065099,0.11906106,0.09926006,0.07492742,0.03601327,0.0067765936
0.0018218746,0.029878117,0.2764243,0.23937564,0.13266066,0.12892117,0.10576763,0.07187443,0.0037299704,0.0061916457,0.0033545585
0.027050365,0.5426145,0.38735813,0.027976828,0.005209511,0.0056933234,0.0024398775,0.0009138091,0.00015199695,0.0002287167,0.00036281973
0.00069806766,0.003586732,0.039616957,0.2098868,0.23137219,0.19617596,0.13981268,0.10207394,0.041395016,0.0285468,0.0068348646
0.0006428933,0.0017440856,0.016656566,0.13934055,0.27652267,0.20957457,0.09634633,0.09377166,0.11866096,0.04043026,0.0063094734
0.0006420662,0.0023581414,0.024872907,0.17437182,0.25588268,0.20627666,0.119633466,0.099377595,0.0739124,0.035888474,0.00678376
0.0006530801,0.0016480327,0.015426491,0.1328647,0.28069013,0.2093993,0.09177993,0.09238725,0.12823914,0.04077144,0.0061405404
0.0016461953,0.02485732,0.2361088,0.24913542,0.14121573,0.13559577,0.11620747,0.07969517,0.00442878,0.0073457984,0.003763539
0.0014601323,0.020787241,0.20009793,0.25331593,0.1510329,0.14438038,0.12659356,0.08412276,0.0055049956,0.008609112,0.004095047
0.006965348,0.12980507,0.68115795,0.09305585,0.032005075,0.028783815,0.017097188,0.009161271,0.00040818113,0.00078273827,0.0007775196
0.005056831,0.089604445,0.6209175,0.12770674,0.052409556,0.049387928,0.032189384,0.019365016,0.00071229006,0.0014764506,0.0011738999
0.00070044334,0.0037847522,0.041995708,0.21376204,0.2287417,0.19404447,0.14189726,0.102062635,0.038499836,0.027737916,0.0067731473
0.000643904,0.0017326268,0.0165077,0.13855097,0.27700847,0.20963311,0.09577755,0.09359023,0.11976388,0.040501777,0.006289779
0.00071608566,0.004216832,0.047060043,0.220421,0.22368504,0.19123228,0.1451745,0.10148377,0.033514783,0.025896462,0.006599282
0.00067838014,0.003211084,0.035290673,0.20168176,0.23673393,0.19950308,0.13603146,0.10186593,0.047467794,0.030603442,0.0069325143
0.0011542826,0.01312936,0.13355394,0.26007336,0.1724394,0.15441263,0.14466093,0.094348684,0.008625824,0.0126024205,0.004999145
0.00067463366,0.0031055917,0.033916894,0.19890012,0.23864868,0.20073049,0.13438252,0.101706244,0.049771037,0.031204894,0.006958905
0.007739856,0.14528471,0.6846501,0.08546578,0.027917882,0.025005734,0.01464919,0.007519855,0.00036755108,0.0006805184,0.0007188036
0.005091992,0.09040196,0.6228291,0.12684877,0.051862895,0.04880303,0.031768482,0.019072972,0.00070263055,0.0014555539,0.0011625313
0.0008012454,0.0063327593,0.06956672,0.23875505,0.20514987,0.1801386,0.15328081,0.098699495,0.020801282,0.020448968,0.0060251956
0.0006353563,0.0021644896,0.022287652,0.16521974,0.26155728,0.20717862,0.11418475,0.09802225,0.084634736,0.037400786,0.006714311
0.0040346594,0.07205898,0.557749,0.15404676,0.06825913,0.06593198,0.04482626,0.0284416,0.0010429327,0.0020846913,0.0015240011
0.0023460703,0.040539727,0.36498684,0.21975821,0.11165231,0.10850287,0.084808946,0.05782242,0.0025007823,0.004414907,0.0026668902
0.00372687,0.066870816,0.5323208,0.16358729,0.07434941,0.0719219,0.04998955,0.03205693,0.0011905768,0.002326756,0.0016591771
0.00063219346,0.0019350912,0.019189851,0.151791,0.26913244,0.20817903,0.10556723,0.09630462,0.10153794,0.039171804,0.006558748
0.0006568813,0.0027543136,0.029788744,0.18891107,0.24630763,0.20313518,0.12863612,0.10096021,0.0588064,0.033161514,0.006881949
0.0006329138,0.0020573614,0.02083715,0.15930519,0.26501086,0.20770942,0.11039751,0.09724976,0.09191774,0.038232405,0.006649721
0.0006322396,0.001952551,0.01942073,0.15293235,0.2684922,0.20812188,0.106300786,0.0964705,0.10006156,0.039043974,0.006571192
0.022096854,0.45178556,0.4697465,0.03618912,0.0071027144,0.0074693514,0.0034634753,0.001312102,0.00016963683,0.00026818938,0.0003964864
0.0006388397,0.0017941854,0.017294193,0.142666,0.27449375,0.20926253,0.09874413,0.09463161,0.11398983,0.04008926,0.0063956585
0.0006339461,0.001897254,0.018649887,0.14912625,0.27062947,0.20852602,0.103592634,0.095928304,0.10510228,0.039386965,0.0065269913
0.0006365267,0.0022052065,0.022842525,0.16729036,0.26035288,0.20701204,0.11541458,0.09835882,0.082096666,0.037061818,0.006728582
0.005910108,0.10779621,0.65962905,0.10959473,0.040903118,0.03730993,0.023070939,0.013286196,0.0005193002,0.0010574908,0.0009228879
0.005767502,0.10521475,0.655193,0.112030424,0.04229701,0.03874105,0.024155758,0.013997959,0.0005418916,0.0011085881,0.0009520349
0.0055089933,0.099712774,0.6451857,0.117086805,0.045424838,0.042001206,0.026627317,0.015625617,0.00059116393,0.0012171027,0.0010184696
0.0040330356,0.07212426,0.5574418,0.15417773,0.06842412,0.065871574,0.04488191,0.028407432,0.0010416459,0.0020802303,0.0015162218
0.00077751995,0.005461232,0.06108913,0.23423149,0.2112638,0.18401855,0.15066254,0.09978477,0.024480104,0.022026267,0.0062046726
0.00063453877,0.0021064742,0.021486899,0.16208117,0.26333743,0.20756668,0.11212195,0.097576044,0.088550724,0.03785114,0.0066870097
0.00063331134,0.0020971599,0.02135382,0.16155095,0.26363423,0.20758808,0.111850135,0.09750928,0.08918545,0.037922375,0.0066752355
0.00078065536,0.0057768887,0.064668864,0.23613793,0.20888135,0.18267561,0.1517196,0.09915724,0.022747278,0.021362966,0.0060916147
0.0006333276,0.0020701087,0.02097827,0.15997463,0.26453876,0.20780098,0.11076086,0.097326286,0.09113632,0.038122207,0.0066582453
0.0006633454,0.0028743246,0.03126513,0.19259848,0.24362412,0.20208828,0.13091277,0.10126978,0.05529356,0.032493945,0.0069162436
0.0007613393,0.005407539,0.05973547,0.23201632,0.21252452,0.18492134,0.15103129,0.09990955,0.02503099,0.022408413,0.0062532076
0.011427271,0.22898936,0.64826745,0.065180406,0.016737087,0.015558864,0.008644353,0.003914632,0.00026487233,0.00046295638,0.0005527478
0.0006306561,0.0021306477,0.0218049,0.16341342,0.2627144,0.20709936,0.113308966,0.097734496,0.086768255,0.037704483,0.0066904468
0.00063924096,0.0017895952,0.01723446,0.14236285,0.27468672,0.20928995,0.09852054,0.09455052,0.1144148,0.0401236,0.0063877134
0.00075761415,0.005223388,0.058599424,0.23168693,0.21354477,0.18569842,0.14999802,0.09986825,0.02567783,0.022698326,0.0062470306
0.0042116195,0.07509923,0.5708443,0.14891195,0.06527987,0.06255688,0.042186286,0.026548117,0.00096667634,0.0019543904,0.0014406869
0.00069976586,0.0037407028,0.041516464,0.2130331,0.22929077,0.1945198,0.14140527,0.10203616,0.03906335,0.027912939,0.006781669
0.00064824487,0.0016979077,0.01606244,0.13624772,0.27835846,0.20970683,0.09409668,0.093135975,0.12317462,0.04063964,0.006231435
0.0010095789,0.010499832,0.109932065,0.25396213,0.18296929,0.16405052,0.15019374,0.0956183,0.01131698,0.015074858,0.0053727846
0.00070166786,0.0038249218,0.042484626,0.21448946,0.22823007,0.19368777,0.14228806,0.102028124,0.037958566,0.027549464,0.006757245
0.00063667406,0.00223692,0.023295684,0.16890919,0.2594034,0.20675106,0.116478205,0.098626286,0.08011562,0.036810197,0.0067367563
0.0006431484,0.0017506935,0.016725065,0.13972484,0.27624062,0.20966,0.09654366,0.093867145,0.11814822,0.04037564,0.006320955
0.0013597815,0.01777604,0.17666382,0.25851607,0.15721126,0.14511551,0.13340808,0.089696355,0.0061758696,0.009692361,0.004384899
0.008874867,0.17022741,0.67911845,0.07775679,0.023437418,0.020959184,0.012125005,0.0059395996,0.00032373506,0.0005862504,0.00065131974
0.000635696,0.0021892893,0.02262468,0.16647916,0.26083353,0.2070419,0.11497169,0.09822799,0.0830687,0.037204567,0.0067227725
0.0006372527,0.002221805,0.023024146,0.1680437,0.25983042,0.20709798,0.115760446,0.098459914,0.08127024,0.036919698,0.006734393
0.0006366345,0.0022283585,0.023118973,0.16838244,0.25967467,0.20697737,0.116030246,0.098510474,0.08083141,0.03687514,0.0067342604
0.0006329297,0.0019983358,0.020028014,0.1557579,0.26695842,0.20799269,0.108049996,0.09681016,0.09646657,0.038696013,0.0066089025
0.0006331223,0.0019504031,0.01938131,0.15274791,0.268522,0.20823753,0.10611628,0.096446015,0.10033985,0.03905376,0.006571798
0.027493063,0.55078346,0.37978068,0.02732714,0.00507196,0.0055562574,0.0023640997,0.0008870914,0.00015066838,0.00022575818,0.00035977515
0.00064425665,0.0017359017,0.016557904,0.13878107,0.27686852,0.20960304,0.095935814,0.09363071,0.119453125,0.040491194,0.006298514
0.0011501155,0.012980672,0.13224612,0.2602553,0.17276709,0.15479828,0.14490329,0.094452366,0.008722949,0.01270337,0.005020438
0.00080594607,0.006413791,0.07037111,0.23934752,0.20458385,0.17984772,0.15320136,0.098607056,0.020511499,0.020303244,0.00600696
0.0008730201,0.007816389,0.085170366,0.24688327,0.19532163,0.17288516,0.15374462,0.09735313,0.016212972,0.018013725,0.0057257125
0.008462962,0.16158465,0.68150514,0.08021807,0.024917813,0.022281481,0.012945076,0.0064539053,0.00033930916,0.00061475416,0.0006768083
0.0030334524,0.053457938,0.46055543,0.19008328,0.09018507,0.088178575,0.06449722,0.043146156,0.0016648697,0.0031015337,0.0020964453
0.00067305425,0.0031176817,0.034169447,0.19924319,0.23844022,0.20021765,0.13493681,0.101747,0.04933793,0.031166703,0.0069503346
0.00069921504,0.0037315716,0.041256737,0.21268857,0.22938125,0.19473304,0.14130874,0.10209626,0.039344028,0.027962161,0.00679845
0.00065377663,0.0016376048,0.015261315,0.13201058,0.28154123,0.2093374,0.091136396,0.09213195,0.1294514,0.040723167,0.006115187
0.00064717984,0.0024744503,0.026317272,0.17904834,0.25295985,0.20548597,0.12237174,0.09999593,0.06887568,0.03500544,0.006818183
0.0008884707,0.007894905,0.085686155,0.24847583,0.19430229,0.1722905,0.15304458,0.09771785,0.016120786,0.01783786,0.005740809
0.00063316675,0.0018766071,0.018380437,0.14773001,0.27150366,0.20840564,0.1027562,0.095732704,0.106935725,0.0395412,0.006504669
0.0006492671,0.0025917043,0.027855327,0.1835096,0.25018987,0.20413658,0.12546198,0.100466765,0.06407232,0.0342268,0.006839799
0.0006322845,0.0019938292,0.019951116,0.15544114,0.26710716,0.20806246,0.10785763,0.09677378,0.09685367,0.038724322,0.006602591
0.00063395535,0.0018692865,0.018267674,0.1471702,0.27178812,0.20851594,0.102310605,0.09564188,0.10771965,0.039583813,0.006498789
0.0006453884,0.0024733883,0.026366074,0.17905381,0.25303328,0.20515174,0.122672014,0.10001445,0.06872485,0.035050176,0.0068148235
0.0007488867,0.0050638714,0.05675176,0.2298968,0.21507484,0.18643147,0.14977731,0.100090094,0.02669916,0.02316249,0.0063032554
0.0006521631,0.0026622962,0.028721806,0.18593656,0.24851827,0.20361292,0.12696214,0.10069604,0.061615728,0.033764653,0.006857387
0.00063578854,0.0021802722,0.022499405,0.16601916,0.26108542,0.20711643,0.11466771,0.09815715,0.08364337,0.03727479,0.006720529
0.00091985875,0.008619234,0.09286681,0.25028008,0.19032556,0.16910638,0.15336955,0.0974646,0.014514699,0.016916748,0.0056164344
0.00667409,0.123565085,0.67745966,0.096966624,0.03409929,0.030694174,0.018397665,0.010064902,0.00043083393,0.0008412656,0.00080643507
0.00070381584,0.0038754109,0.042967122,0.21530867,0.22752272,0.19343714,0.14265043,0.10203212,0.037442178,0.027308194,0.0067521036
0.0052030585,0.092598334,0.62854517,0.12448806,0.050385237,0.046941143,0.030480016,0.018175693,0.0006714565,0.0013908398,0.0011209709
0.000677828,0.0031729764,0.034743946,0.20068485,0.23735857,0.2001402,0.13529909,0.10181853,0.048360784,0.030796578,0.0069466834
0.0006411546,0.0023447582,0.024705203,0.17380798,0.25622764,0.20631792,0.11934515,0.099310204,0.07452894,0.03599196,0.0067790966
0.0007000986,0.0037279543,0.041182216,0.21262495,0.2294538,0.19485758,0.14114755,0.10210543,0.03942239,0.027976109,0.0068018907
0.0006368014,0.0022175633,0.022972737,0.16785309,0.25995553,0.20708402,0.115674585,0.09843641,0.08148514,0.036952138,0.0067319903
0.0006335006,0.0018803953,0.018425668,0.14798018,0.2713484,0.20846695,0.1028725,0.09576613,0.10661077,0.039506912,0.0065086694
0.004744971,0.08339269,0.60386753,0.13504687,0.05715989,0.054326534,0.035787642,0.02195284,0.000799914,0.0016506992,0.001270453
0.0011536594,0.013022914,0.13277572,0.2604733,0.17242889,0.15458652,0.14478913,0.09444374,0.008669925,0.012647913,0.0050083348
0.0008281951,0.006538333,0.07262701,0.24224676,0.20248833,0.17820163,0.15296113,0.09857409,0.019793527,0.019794082,0.005946964
0.0007096299,0.0040210024,0.044629067,0.21764086,0.2258334,0.19245921,0.14372058,0.10188045,0.035728596,0.026680116,0.006697088
0.00064852554,0.0017012504,0.016088037,0.13639373,0.2782389,0.20983079,0.09412231,0.0931715,0.12295169,0.040615734,0.006237521
0.00064750214,0.0024916695,0.026579456,0.17976369,0.2526026,0.20515203,0.12291759,0.10009108,0.06803403,0.034898598,0.006821729
0.00072673976,0.004446184,0.049949776,0.22381458,0.22094856,0.18999293,0.14637168,0.101021506,0.031237623,0.024997268,0.0064931633
0.0022237983,0.03815858,0.34658834,0.22444616,0.11583946,0.112379774,0.089125425,0.06100922,0.0027060653,0.004740957,0.0027822726
0.010781479,0.21466413,0.6572441,0.06776083,0.018002972,0.016614322,0.009309802,0.0042893984,0.0002759478,0.00048661043,0.00057037966
0.0030157901,0.053324208,0.45771706,0.19049755,0.09078785,0.08916802,0.06529377,0.04326405,0.0016939117,0.0031214783,0.0021163297
0.00068359094,0.0033193894,0.03652171,0.20418465,0.23509382,0.19859749,0.13721406,0.10195571,0.045524325,0.029999081,0.0069061564
0.00064413034,0.001743477,0.016645662,0.13925199,0.27654126,0.20962383,0.09624644,0.093738034,0.11880968,0.040443595,0.0063118795
0.0006370524,0.002202009,0.022770012,0.16705528,0.26044577,0.20710874,0.11524113,0.098302245,0.082438156,0.037071757,0.0067278543
0.00063215685,0.0019135907,0.018879483,0.15032402,0.26997027,0.2083921,0.104492076,0.096103534,0.103475556,0.039281026,0.006536174
0.0017999513,0.029312517,0.2724684,0.24065919,0.13328913,0.1287272,0.10670367,0.07353716,0.0037520826,0.006351851,0.0033988524
0.00068312715,0.0032536201,0.035753366,0.20268495,0.23603,0.19935976,0.13635005,0.101893194,0.046778418,0.03029155,0.0069220047
0.0050162715,0.08867063,0.6188751,0.128669,0.05302094,0.050007876,0.032638784,0.019696157,0.00072246976,0.0014977249,0.0011850272
0.0006436506,0.0023919786,0.025278352,0.17575827,0.25496113,0.20618762,0.120376006,0.09954038,0.07245138,0.03561859,0.0067926324
0.0007023941,0.0037115903,0.041125026,0.21239364,0.22963814,0.19488312,0.14111412,0.10209222,0.039584633,0.027957575,0.0067975675
0.00066228653,0.0028652558,0.031073224,0.19222324,0.24389783,0.20228122,0.13065541,0.101200074,0.055683747,0.032544497,0.0069132405
0.009243269,0.178706,0.6759419,0.07551405,0.022173144,0.019923626,0.011456194,0.0055359476,0.0003120121,0.00056294736,0.0006309536
0.0017406464,0.027573865,0.25848937,0.24429357,0.13609605,0.13145259,0.110146016,0.075971894,0.003989279,0.0067038788,0.0035428733
0.00063508836,0.0018407261,0.017904678,0.14553447,0.27275676,0.20878649,0.1010479,0.09530329,0.10995013,0.03977791,0.0064625493
0.0010786811,0.011498285,0.118675105,0.25763083,0.17795955,0.15944037,0.14873096,0.09563565,0.010099943,0.014016064,0.005234562
0.005442654,0.09807936,0.6419242,0.11868344,0.0463811,0.043017358,0.027420284,0.01615409,0.00060628564,0.0012528063,0.0010384405
0.0006326345,0.0020202065,0.020333406,0.15711024,0.26623964,0.2078594,0.10896723,0.09698281,0.0947049,0.03852579,0.006623791
0.0006395316,0.0017912638,0.017259905,0.14248037,0.27456564,0.20931911,0.09859445,0.094573855,0.114279695,0.040104136,0.006392039
0.005255567,0.09383914,0.63150877,0.123121165,0.049377277,0.04616017,0.029844481,0.017764632,0.0006587905,0.0013626695,0.0011073734
0.0012465803,0.015146197,0.15352176,0.26027834,0.16513526,0.1495777,0.13943861,0.092574865,0.0072885286,0.011096354,0.004695822
0.00069058104,0.0035019596,0.038652293,0.20812677,0.23256822,0.19678721,0.13916096,0.10204656,0.042554967,0.02905543,0.0068550333
0.0040873,0.07303445,0.5616553,0.15254194,0.06744604,0.06484134,0.0440293,0.027813883,0.0010175788,0.0020403073,0.0014925947
0.00063974864,0.002282932,0.023837917,0.17096756,0.25803593,0.20685938,0.11744009,0.09889774,0.07785041,0.036432,0.0067562745
0.0010328633,0.011037277,0.11491377,0.2545129,0.18104452,0.16242884,0.14936045,0.09506684,0.010700492,0.014599335,0.005302678
0.0006336149,0.0021045862,0.021446485,0.16194382,0.26339525,0.20757897,0.11208089,0.09755517,0.08871322,0.037866805,0.0066812243
0.0020484044,0.034735348,0.31839553,0.23077208,0.12243067,0.11896152,0.09561527,0.06571482,0.003074062,0.0052665807,0.0029857152
0.0034387447,0.06155953,0.50719947,0.17301174,0.08001451,0.077901855,0.0553111,0.035813924,0.0013485679,0.0025823417,0.0018182565
0.0064409194,0.11903166,0.6734745,0.100156,0.035903875,0.03238696,0.019569349,0.010855625,0.0004526304,0.00089366303,0.00083482586
0.00067333743,0.003077017,0.03369309,0.19827135,0.23915592,0.20076363,0.13412307,0.10168095,0.050246555,0.031359192,0.006955844
0.00093844574,0.009238291,0.097744904,0.24924839,0.1887096,0.16874452,0.15303361,0.09669194,0.013550566,0.01651946,0.005580336
0.00065099716,0.0016689256,0.015693417,0.13431273,0.27948752,0.20964988,0.09277535,0.09276888,0.12607561,0.040738557,0.0061781355
0.0006369443,0.0018335521,0.017767593,0.14495985,0.27296022,0.20920567,0.100414075,0.09517575,0.11079823,0.03979456,0.0064535877
0.00064171455,0.0017626447,0.016892191,0.14057945,0.27577126,0.20942833,0.09723582,0.09408903,0.11693451,0.040322393,0.0063426946
0.006376254,0.11753481,0.672308,0.10110822,0.0364901,0.03293031,0.019958448,0.0110839885,0.00045901473,0.00090880593,0.00084198633
0.0006576218,0.0027272278,0.02941599,0.18800169,0.24698606,0.20358026,0.12781326,0.10086552,0.059754048,0.0333185,0.006879805
0.0072221626,0.13422333,0.68325657,0.090512335,0.030619929,0.027461534,0.016217045,0.008591794,0.00039272656,0.0007462939,0.0007562332
0.0012939415,0.016276672,0.16358684,0.2592002,0.1619549,0.14705198,0.13718365,0.09162507,0.0067649446,0.010495153,0.004566696
