0.00034576087,0.0008785418,0.0051441374,0.03930464,0.14336702,0.112689175,0.091372855,0.20357865,0.18773824,0.18165404,0.020311506,0.013615366
0.00024688838,0.003071556,0.05160217,0.28371015,0.14741948,0.059836928,0.15986176,0.15455344,0.03810993,0.09612698,0.0022958592,0.0031648402
0.00031452588,0.032207288,0.43330026,0.3453543,0.04847432,0.012605123,0.07956692,0.028068563,0.004310384,0.015110148,0.0001922416,0.0004959454
0.00023289464,0.0028423644,0.048238836,0.27680555,0.14824507,0.06083174,0.16003962,0.15812533,0.040209994,0.098660305,0.0024777905,0.0032905096
0.00026363813,0.0013054103,0.016527265,0.13350809,0.15355633,0.08662351,0.13451916,0.21618634,0.09009357,0.15249568,0.0072378414,0.007683221
0.012876982,0.7264853,0.20244105,0.030726058,0.0050409557,0.0020383305,0.015612908,0.0013453257,0.0016372596,0.0010095064,0.00017986889,0.0006064743
0.00034460923,0.0008878817,0.005583559,0.043209787,0.14380205,0.11031025,0.09406937,0.20821401,0.17835765,0.18296286,0.018824289,0.013433651
0.0003388869,0.00093031605,0.0064530536,0.05060537,0.14575592,0.10737098,0.09923394,0.21359889,0.16386837,0.18240209,0.016675953,0.012766169
0.0003451546,0.0008820802,0.0053090155,0.040787276,0.14362086,0.11175386,0.09246524,0.20541787,0.18399838,0.18218544,0.019705141,0.013529685
0.00032610123,0.0009682962,0.0073779942,0.058630817,0.14772426,0.10440118,0.10454138,0.21738319,0.15097147,0.18071476,0.01490071,0.012059833
0.00047870164,0.05862624,0.5059083,0.28887275,0.035754938,0.009834087,0.065772556,0.019569967,0.0033908908,0.011214384,0.00015277718,0.000424391
0.0003420837,0.0009076257,0.006095395,0.04755079,0.1442962,0.10812037,0.09687351,0.21205103,0.1694046,0.1836334,0.017549785,0.013175214
0.00030407528,0.0010522555,0.0098919505,0.08040937,0.15042041,0.098192275,0.115135916,0.22249117,0.12562732,0.17431529,0.011514329,0.01064561
0.0003445121,0.0008906959,0.0056345994,0.04364524,0.14393966,0.11014673,0.09437586,0.20860226,0.17741857,0.18293622,0.018674994,0.013390729
0.00034026054,0.0009012212,0.0064578406,0.05088049,0.14438124,0.107151255,0.09854783,0.21435553,0.16343455,0.18398777,0.016462542,0.013099489
0.00024846348,0.0020253698,0.0253427,0.1758773,0.16330296,0.07682188,0.15565148,0.19429667,0.067623004,0.12900274,0.004907885,0.0048995446
0.00024674681,0.0026650394,0.042680066,0.25621948,0.1518508,0.064550176,0.15967585,0.16608548,0.04452212,0.10511929,0.0027876354,0.0035972856
0.00034625747,0.000877219,0.0050175563,0.038129576,0.14333703,0.11359892,0.09054645,0.20192294,0.19091202,0.18082789,0.020811738,0.013672342
0.0002403085,0.0036411195,0.06824016,0.3325256,0.1356278,0.051909745,0.15592827,0.13614273,0.029502366,0.081987366,0.0016679532,0.0025865515
0.00023351288,0.016972626,0.3114923,0.4148356,0.06595944,0.017562471,0.099784,0.043574784,0.0061902995,0.022451373,0.00028228393,0.0006613986
0.00033020438,0.000969146,0.0071313516,0.0564189,0.14775282,0.10552801,0.1034578,0.21618819,0.15437791,0.18039848,0.015328349,0.012118838
0.00034511453,0.00088322867,0.005445484,0.042014472,0.14372429,0.11103065,0.09331583,0.20693174,0.18101819,0.1825933,0.019206898,0.013490764
0.0002551886,0.0016334712,0.018870559,0.14253566,0.16182424,0.08354495,0.14537944,0.20827125,0.082684375,0.14236222,0.0064942227,0.0061443564
0.0056381887,0.5686883,0.32697517,0.059045184,0.0077533755,0.0026689211,0.023332393,0.0020410626,0.0017477868,0.0015202523,0.00014456864,0.00044479093
0.0007360294,0.09689861,0.55200607,0.2319016,0.02801916,0.007984527,0.056363076,0.014057781,0.0028472615,0.008652707,0.00013808845,0.00039519038
0.0056254636,0.5699798,0.3258479,0.05892318,0.0077444236,0.002670919,0.023301316,0.0020309265,0.0017635524,0.0015154654,0.00014648365,0.00045048172
0.00034679758,0.0008656398,0.0044583133,0.032614492,0.14114638,0.118388504,0.08626471,0.19332515,0.20676567,0.17791528,0.02348105,0.014428067
0.00033307975,0.0009532408,0.00685209,0.054010633,0.14694855,0.106127106,0.1017949,0.2152009,0.15810762,0.18140101,0.015889404,0.0123814
0.019863792,0.7696265,0.16068147,0.024338463,0.004592578,0.00197197,0.013731371,0.0013110035,0.0017907829,0.000976008,0.00022861394,0.00088744157
0.0003139694,0.0010690175,0.008963013,0.07195251,0.15139544,0.10080654,0.11267656,0.22059107,0.13386674,0.17497043,0.012626366,0.010768289
0.018084401,0.76013345,0.17098343,0.02534058,0.0045761913,0.0019513242,0.013996563,0.001305521,0.0016848356,0.00095973234,0.0002047059,0.00077921356
0.0002636988,0.0014277578,0.01714841,0.13529806,0.15723658,0.08574357,0.13874222,0.21407925,0.087671,0.14840187,0.006955536,0.0070321136
0.0184648,0.7614803,0.16952816,0.025171395,0.004555526,0.0019504817,0.013925977,0.0013059534,0.0016771795,0.00095602276,0.00020379605,0.0007804877
0.00028432338,0.0012688007,0.013389022,0.10802725,0.1553048,0.09199338,0.12865628,0.21981855,0.10403247,0.16000347,0.0088339,0.00838768
0.000845209,0.11233486,0.5611956,0.2148034,0.02598219,0.007505399,0.05361185,0.012468086,0.002730134,0.007998296,0.00013516413,0.00038986563
0.00034498028,0.00089193444,0.005797096,0.045052983,0.14385635,0.109525025,0.095116325,0.210069,0.17440818,0.18338895,0.018178707,0.013370521
0.00027798658,0.0013536238,0.013909212,0.11044099,0.15810442,0.09099617,0.13192075,0.21778505,0.10182661,0.1568666,0.0086548785,0.007863665
0.00034465457,0.00089528714,0.0058173737,0.045211576,0.14402354,0.10946624,0.09529354,0.21013252,0.17408799,0.1832509,0.018149676,0.013326689
0.018692456,0.76422,0.16666852,0.024976272,0.004578806,0.0019564466,0.013892807,0.0013058997,0.0017198096,0.00096238626,0.00021331811,0.0008133473
0.00034500365,0.00088542385,0.005547994,0.042901736,0.1437563,0.11057789,0.093854524,0.20790118,0.17902704,0.18285355,0.018893551,0.013455763
0.00032280548,0.0009593025,0.007862191,0.063171156,0.14761212,0.103033595,0.10623636,0.21933843,0.1448424,0.18067296,0.013947989,0.012000678
0.0086471895,0.6694143,0.24919474,0.040816274,0.006027941,0.0022507976,0.018603576,0.0015500437,0.001665114,0.0011712954,0.00016028271,0.00049844803
0.0003069807,0.0010342662,0.00979065,0.07982716,0.14997621,0.098531194,0.11431239,0.22275986,0.12619354,0.17487726,0.011539272,0.010851205
0.00034571256,0.037438348,0.45451534,0.3338386,0.043748762,0.011683839,0.07479768,0.025203042,0.003967,0.013817152,0.00017465158,0.00046983064
0.00034421438,0.0008986115,0.0060775327,0.04746085,0.14399488,0.10847757,0.096555285,0.2121127,0.16959631,0.18378761,0.017430266,0.013264112
0.0002477015,0.0032244977,0.05675865,0.30212912,0.14290352,0.057177607,0.15835157,0.14815706,0.034748208,0.0912811,0.0020399296,0.0029811293
0.012825151,0.724583,0.2040769,0.03103746,0.005050138,0.0020392498,0.015661746,0.0013507042,0.001606658,0.0010094797,0.0001746479,0.00058478303
0.00023469463,0.0029243056,0.053536184,0.30090314,0.1415125,0.057848934,0.15718234,0.15120088,0.036088943,0.0932963,0.0021490052,0.0031227758
0.00033757964,0.0009017612,0.006658906,0.052696746,0.14455618,0.10640363,0.09952914,0.21542531,0.16035292,0.18410419,0.016012786,0.013020828
0.00027782237,0.0011712151,0.013521632,0.110601276,0.15212783,0.09130445,0.12644932,0.22078513,0.103414886,0.16270113,0.008745505,0.008899824
0.000246676,0.0013788656,0.01647197,0.12892717,0.1578569,0.085543685,0.13621964,0.21366619,0.09191102,0.15278263,0.007634711,0.007360602
0.00034551613,0.0008902255,0.0058069634,0.04514732,0.14380538,0.10963124,0.0951372,0.210126,0.17422253,0.18339708,0.018103842,0.01338664
0.00031318815,0.0010341149,0.008567863,0.06855857,0.14998052,0.10104009,0.110557675,0.22036192,0.137689,0.17746745,0.013253109,0.011176502
0.00032913213,0.00095146574,0.007246891,0.057627648,0.14707637,0.10491262,0.103555195,0.21707046,0.15256467,0.18137547,0.015025155,0.012264914
0.0037162476,0.39230782,0.45493355,0.090427995,0.012296179,0.0038050178,0.03287057,0.004294939,0.0018383709,0.0029754133,0.000118134085,0.00041579906
0.0003055261,0.0010812953,0.009960337,0.080721974,0.1514028,0.098413214,0.11594657,0.22199102,0.12523524,0.17306404,0.011468099,0.010409896
0.00034468123,0.00089513476,0.005842605,0.045431,0.14395149,0.109317794,0.095394135,0.21037747,0.17361486,0.18341094,0.018084621,0.013335278
0.00023319201,0.010109458,0.20826684,0.43965164,0.08522157,0.02522142,0.119265944,0.06584715,0.009736699,0.035003632,0.00045725363,0.0009851871
0.00034560548,0.0008798991,0.0052753254,0.040491603,0.14353319,0.11196708,0.092232466,0.20514603,0.18464427,0.1821407,0.019783536,0.013560345
0.00034472125,0.00089164055,0.0057454533,0.044594653,0.14385532,0.10969354,0.09488459,0.2096171,0.17535768,0.1832874,0.0183466,0.013381262
0.00033602925,0.0009159511,0.006735416,0.053280536,0.14524925,0.10626199,0.10029246,0.21547794,0.15935479,0.18334243,0.01592425,0.01282903
0.0003146274,0.0010744971,0.009125337,0.073424734,0.15158409,0.100713015,0.11329602,0.22075453,0.13235773,0.17430767,0.012360444,0.010687253
0.00023049477,0.0033346391,0.061049934,0.3141323,0.1406697,0.05443953,0.15873961,0.14292298,0.03271368,0.087054,0.0019185955,0.0027945687
0.00025156006,0.0018961977,0.022894006,0.1636793,0.163355,0.07923258,0.15287758,0.19911659,0.07260262,0.13342893,0.0054088603,0.005256782
0.0002441727,0.0039049159,0.07163797,0.33391088,0.13631168,0.05095367,0.15696172,0.13340841,0.028602213,0.07997786,0.0016052295,0.0024812217
0.0002810577,0.0013315305,0.014232667,0.114002146,0.15680023,0.09070162,0.13180535,0.2183029,0.09983178,0.15643731,0.008338234,0.007935203
0.016731063,0.75115186,0.17994176,0.026505983,0.004624518,0.0019532873,0.014297427,0.0013050105,0.0016356311,0.00095938734,0.0001908288,0.00070322776
0.0002550367,0.0014778337,0.019385073,0.15176424,0.15597476,0.082750574,0.1421865,0.20997955,0.08029586,0.14320378,0.0061555034,0.0065712673
0.00023910125,0.0064546284,0.13491689,0.42261556,0.10425783,0.034184493,0.13671952,0.09280573,0.015215273,0.050345104,0.00076642097,0.0014794877
0.00023310648,0.004109158,0.0792683,0.35378155,0.13069499,0.04759353,0.15419969,0.12617822,0.025883568,0.07434774,0.0014324744,0.0022776227
0.00024309986,0.004900759,0.09672363,0.38058382,0.121481895,0.042677127,0.14883316,0.11448844,0.021479253,0.06549187,0.0011408763,0.0019560645
0.00029566372,0.0012036528,0.011068282,0.08866637,0.15465891,0.09615376,0.12179656,0.22049215,0.11823262,0.1674648,0.010702731,0.009264473
0.0002449835,0.0017915291,0.022230228,0.16226858,0.16188663,0.07926023,0.15126668,0.20143993,0.07371495,0.13489918,0.005550432,0.005446662
0.0003450129,0.00088301144,0.005391407,0.041526437,0.1436126,0.11121537,0.09296157,0.20633191,0.18223612,0.1825535,0.019428374,0.0135146575
0.0003203356,0.0009636419,0.008186155,0.06614467,0.14788137,0.102175646,0.107563935,0.22031517,0.14112401,0.18003763,0.013424446,0.011862957
0.0003385469,0.00090888457,0.00654414,0.051587697,0.14476132,0.106852025,0.09917657,0.21467134,0.16218808,0.18367057,0.016320227,0.012980642
0.00028457242,0.0012248327,0.012962985,0.10499176,0.15428509,0.09257519,0.12679718,0.22057211,0.106297106,0.16221534,0.009101666,0.008692184
0.00034017916,0.00090316066,0.0064064385,0.050343785,0.14429662,0.10720063,0.09832721,0.21408036,0.16429745,0.18404785,0.016643157,0.013113183
0.00023850557,0.013174319,0.26140717,0.43573317,0.07374345,0.02081292,0.106652394,0.05242419,0.0073877065,0.027296558,0.00033591245,0.0007936558
0.0002479978,0.004237928,0.0782705,0.34500507,0.13320386,0.04879562,0.15581523,0.1281854,0.026518699,0.075933725,0.0014596493,0.0023262536
0.0003461296,0.00087536214,0.00489274,0.03701141,0.14312738,0.11437917,0.08960548,0.20031586,0.19408701,0.18023755,0.021364832,0.013757049
0.00034577347,0.0008837951,0.005625895,0.043604642,0.14364672,0.11036855,0.09419392,0.20866905,0.17748834,0.18311715,0.018588621,0.013467483
0.00034499762,0.0008833067,0.005399538,0.041600358,0.14364757,0.11118833,0.09301954,0.20641695,0.18205644,0.18254174,0.019394794,0.01350643
0.01845752,0.7629162,0.16801578,0.025140159,0.0045858514,0.0019565448,0.013945075,0.0013068386,0.0017055568,0.00096085307,0.00021022646,0.0007993611
0.014820753,0.7412745,0.1892903,0.02818649,0.00480629,0.0019860957,0.014847367,0.0013134993,0.0016486256,0.0009786129,0.0001892174,0.00065825926
0.00034437052,0.00089787313,0.005862846,0.045590438,0.14404652,0.109213695,0.09554748,0.21047537,0.17328605,0.18336782,0.018061474,0.013306036
0.00034449343,0.00089456385,0.0057335305,0.044492092,0.144092,0.10980766,0.09491764,0.20937961,0.17561102,0.18300197,0.018391185,0.013334236
0.00034523383,0.00088422844,0.0055216476,0.04269135,0.14378595,0.11077208,0.0937142,0.20764783,0.17951919,0.1827165,0.018942298,0.013459474
0.00034502413,0.0008964355,0.0059333756,0.04623616,0.14397173,0.109016374,0.09582218,0.21110253,0.17199062,0.1835629,0.017810427,0.013312193
0.00024184343,0.005683744,0.10917707,0.3815827,0.12079123,0.04004902,0.15050931,0.10817073,0.019979665,0.060990166,0.0010439364,0.0017805847
0.00031250174,0.000985788,0.009049624,0.07363326,0.14848813,0.09991929,0.11091597,0.22231026,0.13242279,0.17815904,0.012320448,0.011482937
0.00029417648,0.0010819655,0.011367716,0.09334736,0.15062897,0.095094636,0.1194917,0.22292188,0.1152445,0.17032948,0.010167679,0.010029971
0.00023438728,0.0020270597,0.030809693,0.21238846,0.1549174,0.07099507,0.15666236,0.18601479,0.057064828,0.1204326,0.0039278795,0.004525503
0.00034425393,0.0009019001,0.005884822,0.045771934,0.14433429,0.109261766,0.09576285,0.21047725,0.17295438,0.18306366,0.018002562,0.013240368
0.0003452199,0.00088299665,0.0054813623,0.042343095,0.14371912,0.11089906,0.093498416,0.20729835,0.18028802,0.18268679,0.019073902,0.013483608
0.0003308603,0.0009597501,0.007012335,0.05541583,0.1472741,0.10561523,0.102719456,0.21589024,0.15587366,0.1810767,0.015572915,0.012258833
0.00029820408,0.0011012059,0.010812719,0.08815945,0.15157664,0.096448824,0.11871027,0.22229831,0.119045496,0.17086168,0.010674249,0.010012968
0.0014021848,0.19599125,0.55458176,0.16031669,0.020020656,0.0057665836,0.04558612,0.008077135,0.0023012885,0.0054624984,0.000125504,0.00036840566
0.00026029572,0.0013209671,0.01764945,0.14265956,0.15259701,0.085234016,0.13609277,0.21429834,0.0859735,0.14965005,0.0067929993,0.0074710627
0.00034466333,0.00089167105,0.005692733,0.044150077,0.14397441,0.10995755,0.09466361,0.20909955,0.17633152,0.18303156,0.018490972,0.013371692
0.008329664,0.66019183,0.25658146,0.042326238,0.0061609102,0.0022831683,0.019026402,0.0015920199,0.0016630024,0.001199436,0.00015701976,0.0004888766
0.00033679116,0.00091128325,0.0066095367,0.05210766,0.14480387,0.106436685,0.09952686,0.2150519,0.16122854,0.18380043,0.016240861,0.012945584
0.00034393326,0.0008960786,0.0062206965,0.048771493,0.14392781,0.10800532,0.0972006,0.21312281,0.16720237,0.18405204,0.017001774,0.013255013
0.00026886357,0.021735542,0.35940087,0.39518374,0.057509255,0.015465444,0.08961104,0.03585641,0.005173329,0.018977044,0.00022784711,0.0005906355
0.00034600747,0.00087796105,0.0051554968,0.03940101,0.14339545,0.11268548,0.09146275,0.20375164,0.18740971,0.18167108,0.020229803,0.013613607
0.018869441,0.7654243,0.16529809,0.024897523,0.0045954282,0.0019624669,0.013892796,0.0013086713,0.0017384718,0.0009662659,0.00021742651,0.0008290404
0.00029502372,0.0010945353,0.011373858,0.09331752,0.15111017,0.09525284,0.11986008,0.2227158,0.1151776,0.16971923,0.010153401,0.009929888
0.0003450683,0.00089514494,0.0058998237,0.045949332,0.1439557,0.1091655,0.09565005,0.21084504,0.17257778,0.18350026,0.017890938,0.013325297
0.0003444446,0.00088965637,0.0055880058,0.04322494,0.14391148,0.11036318,0.094134204,0.20817171,0.17832726,0.18281396,0.018824356,0.013406794
0.00033935558,0.00092258194,0.006434986,0.05050986,0.14538698,0.10736693,0.09897429,0.2136995,0.16403937,0.18280184,0.016666183,0.012858206
0.0002626993,0.0033252179,0.05317626,0.27961075,0.14968573,0.060005333,0.16111407,0.15385118,0.03788285,0.09572532,0.0022598985,0.0031006471
0.00023940035,0.002156292,0.028095651,0.1894072,0.1630074,0.07370329,0.15887061,0.18876153,0.062859446,0.12390181,0.004468568,0.0045288396
0.0194256,0.7681901,0.16209118,0.024640583,0.004629495,0.0019771357,0.01386858,0.0013150607,0.0017844992,0.0009776868,0.00022733513,0.0008728229
0.000344812,0.00089023047,0.005689396,0.044125948,0.1438986,0.109967604,0.094611086,0.20911834,0.17637502,0.18310125,0.018487802,0.013389947
0.00025416687,0.001497111,0.019310059,0.1503095,0.15682982,0.08274506,0.14275008,0.20982692,0.0805967,0.14317693,0.0062029297,0.0065006986
0.00033190515,0.0009432545,0.0069219996,0.054708626,0.14646089,0.1056384,0.10190064,0.21584107,0.15694636,0.1821131,0.015718458,0.012475225
0.00033820412,0.00090287044,0.006594407,0.052088015,0.1445116,0.106578514,0.09924506,0.21511634,0.16134918,0.1840684,0.016168421,0.013038932
0.00020261029,0.002973374,0.05645886,0.30707273,0.14177708,0.054843634,0.16037846,0.14711359,0.034954555,0.08922409,0.0021149619,0.002886072
0.00034503263,0.00088328944,0.0053679473,0.041307192,0.14368898,0.11143678,0.092848904,0.20606801,0.18272649,0.18232328,0.019499693,0.013504339
0.000262309,0.023527203,0.37697548,0.38197854,0.056108788,0.0145701105,0.0886258,0.034151077,0.005036311,0.017982623,0.00022400069,0.0005577012
0.01843721,0.7623217,0.16872333,0.025113195,0.0045668753,0.0019517305,0.0139196655,0.0013049082,0.0016985752,0.00095962145,0.00020833331,0.0007948602
0.00023160978,0.001892848,0.030302543,0.21529812,0.15219702,0.071351655,0.15423298,0.18724538,0.05735507,0.12121138,0.003949031,0.0047324123
0.00024403111,0.01280873,0.2522332,0.43410543,0.076519445,0.02173426,0.10954844,0.054999184,0.007808173,0.02880766,0.00035651508,0.0008348944
0.00029639542,0.0012083359,0.011726603,0.09460716,0.15446416,0.09534349,0.12346047,0.22092865,0.113536075,0.16534819,0.00998456,0.009095907
0.00024258647,0.0028668696,0.04884351,0.28022555,0.1469737,0.060817555,0.15906468,0.15740864,0.039545864,0.09830615,0.0024060432,0.0032988815
0.00026614536,0.0013285484,0.01601338,0.12855063,0.15502912,0.08723753,0.13468237,0.21667936,0.092066705,0.15306148,0.0074595152,0.0076251454
0.00025899717,0.0013480319,0.017146628,0.13726065,0.15431903,0.08553664,0.13658565,0.21482693,0.08787297,0.15045646,0.007015142,0.007372854
0.00030929016,0.001021305,0.008873019,0.07140476,0.14952482,0.10009609,0.111352384,0.22139212,0.13450813,0.17755565,0.012780096,0.011182283
0.0003451754,0.0008898816,0.00577207,0.044844262,0.14376064,0.109616995,0.094954334,0.20992017,0.17483996,0.18342632,0.01823208,0.013398149
0.0003439633,0.00089909317,0.0060628685,0.04731418,0.14398481,0.1084753,0.09649288,0.2119985,0.16984679,0.183813,0.017499838,0.0132687725
0.00032819938,0.0009782403,0.007216176,0.057111703,0.14813437,0.10514826,0.104067035,0.21642917,0.15327042,0.18008292,0.015233478,0.012000033
0.00023364692,0.0034452488,0.0666224,0.33581927,0.13410448,0.05196945,0.1545766,0.13679801,0.029713253,0.08239721,0.0016863667,0.0026341667
0.0003314229,0.00093083485,0.0070826686,0.05630699,0.14612545,0.10521375,0.102279544,0.21679662,0.15455882,0.18256119,0.015268898,0.01254386
0.0003453867,0.00089227996,0.0058497316,0.045509174,0.14385349,0.10943127,0.09536162,0.21046387,0.17347266,0.18345644,0.018001623,0.013362499
0.00029849305,0.0010004088,0.010669084,0.08792533,0.1480772,0.096257135,0.11561957,0.22354244,0.11998865,0.17495747,0.010718577,0.010945644
0.00033997503,0.0009145143,0.0064427634,0.050636902,0.1449823,0.107349254,0.098818995,0.21394867,0.16384433,0.18319656,0.016575007,0.012950716
0.00034411284,0.0009141884,0.006087403,0.047483377,0.1449528,0.10882887,0.09697639,0.21161316,0.16962403,0.18264858,0.017469266,0.013057829
0.018702675,0.7643605,0.16646142,0.02499512,0.0045878314,0.001959191,0.013908753,0.0013075083,0.0017235415,0.0009634325,0.00021419158,0.000815933
0.0003096849,0.001068393,0.009190759,0.07381994,0.15114318,0.099926226,0.1134069,0.22123244,0.13170132,0.17505416,0.012409749,0.010737214
0.005138549,0.54542625,0.34394637,0.063823454,0.008228095,0.0027880422,0.024478856,0.0021756096,0.001789229,0.0016160968,0.00014458415,0.00044493558
0.001437876,0.20566687,0.5497296,0.16134986,0.018370153,0.0054480247,0.043499686,0.006883298,0.0022645474,0.0048489664,0.00012471194,0.00037643278
0.00034520694,0.00088893354,0.0057039843,0.044244092,0.14380792,0.10998862,0.09463966,0.2092747,0.17611812,0.1831666,0.018416967,0.013405157
0.00030044717,0.001046133,0.010546568,0.08651778,0.15000431,0.096774325,0.11662947,0.22313066,0.12059938,0.17309758,0.010819289,0.010534034
0.00033612267,0.0009054305,0.006756261,0.05354221,0.14478274,0.10607128,0.100080736,0.2158428,0.15895158,0.1839597,0.015826328,0.01294477
0.00030925093,0.0010143463,0.00920874,0.07461154,0.14932105,0.099521875,0.11217212,0.2222348,0.13115753,0.17703424,0.012238085,0.011176388
0.00032545344,0.00096492056,0.007638712,0.061149087,0.14786494,0.103944704,0.105540775,0.21836935,0.1476178,0.18029548,0.014301348,0.011987454
0.00029185193,0.0010306303,0.011323422,0.093239665,0.14855054,0.09486805,0.117935,0.2233004,0.115915716,0.17279355,0.010253539,0.010497636
0.0003011091,0.0011119783,0.0105414735,0.0855761,0.15208107,0.09720561,0.11823239,0.22194616,0.12104238,0.17100796,0.010940202,0.010013626
0.0003243508,0.0009444608,0.0076391604,0.061125442,0.1467736,0.103342816,0.10490379,0.21889819,0.14746891,0.18198133,0.014345802,0.012252169
0.00034582042,0.0008786997,0.005115468,0.03903876,0.14341769,0.112910114,0.09118646,0.20318638,0.18847297,0.18140976,0.020421019,0.013616884
0.0002727016,0.0025490623,0.03480884,0.21554203,0.1603992,0.07117578,0.15934898,0.17904502,0.0534115,0.115869775,0.0034942657,0.0040828055
0.004792175,0.5249019,0.35910428,0.067829974,0.008639627,0.0028869675,0.02545323,0.0023063098,0.0017997103,0.0017081763,0.00014176081,0.0004358854
0.0003457359,0.0008931038,0.0060113696,0.046955388,0.14381324,0.10884335,0.09610907,0.21174642,0.17060755,0.18381308,0.01752289,0.013338778
0.0002391008,0.018628357,0.33094543,0.40626502,0.06266293,0.01666366,0.09625132,0.04060626,0.0057990234,0.021051278,0.00026485426,0.0006227751
0.0006166313,0.08034307,0.53511614,0.2538743,0.031405203,0.0087303305,0.060346767,0.016355371,0.0030489517,0.009614895,0.0001451185,0.00040325636
0.0003455057,0.00088036165,0.0051841936,0.039647724,0.14354214,0.112556405,0.09168342,0.20399977,0.18682484,0.18160772,0.020157002,0.013570922
0.00031889556,0.001007578,0.008129275,0.065080255,0.14937615,0.10251377,0.10844734,0.2194252,0.14217782,0.17835389,0.013704348,0.011465439
0.018782977,0.76500016,0.16574752,0.024954652,0.004596876,0.0019621365,0.01390878,0.0013085637,0.0017330719,0.00096531154,0.00021627873,0.0008236229
0.00024071604,0.0031511916,0.05498466,0.29596344,0.14462216,0.057787504,0.15930596,0.1501206,0.035927456,0.09272393,0.0021423802,0.0030300003
0.0003240062,0.0009919837,0.0076240227,0.06069994,0.14877754,0.10400876,0.10614899,0.21787669,0.1480848,0.1792374,0.0144871585,0.011738737
0.0043052915,0.494456,0.38075718,0.07436962,0.009298433,0.0030664103,0.026948573,0.0025123036,0.0018501435,0.001862552,0.0001405233,0.00043293388
0.00025238443,0.016644876,0.3034946,0.41933307,0.06717378,0.018370688,0.09970014,0.04452506,0.006300037,0.023225294,0.00028311662,0.000696919
0.00034577973,0.000874429,0.00486174,0.036765203,0.14303325,0.11447763,0.08934996,0.19992854,0.19488715,0.1801608,0.021529136,0.013786346
0.00030813564,0.0010223108,0.0091951145,0.07433246,0.14952143,0.09948105,0.11237777,0.22206067,0.1313785,0.17690812,0.012309893,0.011104481
0.00031849724,0.000998792,0.008292352,0.06666626,0.14909428,0.10212626,0.108815596,0.22001526,0.14028078,0.17849724,0.01338966,0.011504955
0.009866551,0.69339466,0.22990195,0.036699146,0.0056373714,0.0021640228,0.017432153,0.0014561528,0.0016498443,0.0011053337,0.00016572204,0.0005271088
0.00032197707,0.0009689763,0.007965464,0.064054914,0.14803757,0.102879666,0.10689402,0.21949351,0.14370844,0.18001916,0.013789654,0.011866572
0.00034493563,0.0008938842,0.006099668,0.047715973,0.14379638,0.10843463,0.0965619,0.2123779,0.16914025,0.18401322,0.017305704,0.0133154895
0.00033948262,0.0008959304,0.006549864,0.051764343,0.14419062,0.10677179,0.09888427,0.21496865,0.16190946,0.18437165,0.01621782,0.013136093
0.0002992813,0.0011380587,0.010643351,0.085995086,0.15278095,0.09699377,0.119153276,0.22150052,0.120617546,0.17014997,0.010930246,0.009797982
0.0003094526,0.0009737906,0.009269726,0.07562178,0.14788264,0.099128895,0.11127057,0.22287826,0.13043992,0.17858568,0.012077925,0.011561387
0.00033775906,0.0009017948,0.006668622,0.052821007,0.14464068,0.10644975,0.099596545,0.21542801,0.16018577,0.18398792,0.015973289,0.013008845
0.00023578793,0.004102142,0.08041625,0.3588477,0.12846996,0.047219805,0.15240814,0.12551619,0.02535219,0.07377725,0.0013915229,0.0022630438
0.0003294421,0.00093884236,0.0072916327,0.058200598,0.14667839,0.104740284,0.10343114,0.21748458,0.1518107,0.1818648,0.014856618,0.012372947
0.00027288767,0.001241105,0.014348227,0.116343,0.15381671,0.08980172,0.12979612,0.21944413,0.09939371,0.15891743,0.008298313,0.008326602
0.00023933676,0.0055159177,0.11192217,0.4000297,0.11419539,0.03884872,0.14430688,0.10499255,0.018587671,0.05866097,0.0009684093,0.0017322901
0.0032844516,0.41731226,0.43433604,0.09150523,0.011189514,0.0035055086,0.030902768,0.003174114,0.0019194182,0.002330927,0.00013360067,0.00040625175
0.00034589277,0.0008783759,0.005111517,0.03900024,0.1434113,0.112947494,0.09116294,0.20314461,0.18855557,0.18139276,0.020427998,0.013621404
0.00033407166,0.00092631555,0.0066056526,0.05188629,0.14518711,0.10610021,0.09989429,0.21475162,0.16152108,0.18349126,0.016481321,0.012820754
0.0011800698,0.16863784,0.5604495,0.17874517,0.020831924,0.0061127986,0.04684829,0.008482169,0.0024000742,0.0058115795,0.00012793262,0.0003726195
0.00033467426,0.00094761536,0.0067520365,0.053166695,0.14669318,0.106464185,0.10116604,0.21481372,0.15950085,0.18162024,0.016069274,0.012471515
0.000338555,0.00089999894,0.006607088,0.05226415,0.14448091,0.10663594,0.09925074,0.21516,0.16110195,0.18410154,0.01610362,0.013055437
0.00032908353,0.00092773646,0.007314181,0.058451016,0.14613345,0.10444399,0.10319081,0.21785545,0.15141632,0.18263483,0.014801044,0.012502144
0.0003461006,0.00087766995,0.00508491,0.0387409,0.14334361,0.11312362,0.09100531,0.2028273,0.18922073,0.18125212,0.020534532,0.013643237
0.0002483985,0.0029447053,0.042114053,0.23933081,0.15974048,0.06529094,0.1643157,0.16654098,0.047096595,0.10589317,0.0030154698,0.0034687938
0.006279081,0.58154696,0.31813714,0.055483818,0.0074511766,0.0026088106,0.022697633,0.0020287794,0.0016847247,0.0014938138,0.00013912082,0.00044892932
0.0003439039,0.0008956621,0.006229285,0.0488539,0.14391804,0.10799072,0.09724204,0.21316734,0.16705221,0.18407664,0.016972983,0.013257219
0.00029114113,0.0013074746,0.012710653,0.10148164,0.15715292,0.09360402,0.12812454,0.21931148,0.10796348,0.16035095,0.009353842,0.008347877
0.00020742624,0.008543183,0.17650416,0.42484844,0.09757271,0.028189315,0.13231559,0.07708314,0.012254246,0.040775124,0.0006034387,0.0011032263
0.000332938,0.0009255813,0.0069945143,0.05558564,0.1459086,0.10555266,0.10176271,0.21647002,0.15571527,0.18272933,0.015399333,0.012623423
0.00034525507,0.0008814942,0.0053722807,0.041359324,0.14350474,0.11129695,0.09284404,0.20619358,0.1825896,0.18259001,0.019480255,0.013542425
0.01313403,0.728782,0.20045424,0.030331973,0.0050054593,0.0020296273,0.015486674,0.0013401405,0.0016377708,0.0010038806,0.00018103528,0.0006131603
0.00029817107,0.0011110671,0.010686842,0.08681699,0.15189983,0.09668321,0.11866351,0.22204301,0.12006795,0.17092402,0.010838025,0.009967395
0.00024473766,0.007678286,0.15569699,0.425397,0.10000685,0.031620067,0.13341081,0.08500052,0.013413988,0.0455477,0.0006602487,0.0013228273
0.00023543669,0.008755882,0.1806417,0.43627426,0.09199041,0.028207403,0.12631442,0.074634686,0.01139398,0.039875023,0.00054456113,0.0011322979
0.00032211182,0.00097653124,0.007724281,0.061653815,0.1481108,0.103313774,0.106120534,0.21865015,0.14666632,0.18026058,0.014320069,0.011881018
0.00026154073,0.0013996843,0.01741449,0.13826059,0.15584661,0.085226074,0.13836302,0.2141518,0.08669079,0.14841901,0.0068532084,0.007113159
0.00025219092,0.0129852295,0.2516976,0.43038324,0.077554464,0.021965949,0.11084166,0.055899665,0.007939869,0.029264243,0.00036023944,0.00085565343
0.00033767844,0.00090515096,0.006651262,0.052619595,0.14474002,0.1065126,0.0996044,0.2152773,0.16049038,0.18384515,0.016037561,0.0129788965
0.0006833433,0.088856205,0.54517347,0.24334182,0.028904194,0.008267037,0.057494238,0.014829049,0.0029104378,0.0090013435,0.00013941566,0.00039944914
0.00034537108,0.0008813167,0.0053700167,0.041345853,0.14358933,0.111381054,0.09282674,0.20618166,0.18259178,0.18249491,0.019459164,0.013532814
0.00023224781,0.01743949,0.3176233,0.41289905,0.0648822,0.017194169,0.098512925,0.04235174,0.0060474807,0.021896219,0.00027711518,0.00064408046
0.0002541138,0.0014147077,0.019033821,0.15096399,0.1541004,0.08313637,0.14018162,0.21124697,0.08145009,0.14505291,0.0063043283,0.0068606636
0.00041810042,0.04735345,0.4788565,0.30162206,0.04394827,0.011227634,0.07470443,0.02403015,0.003922803,0.013282143,0.00017598277,0.00045844918
0.00034490132,0.00088843546,0.0056359163,0.043651704,0.14386152,0.11025678,0.09433293,0.20862286,0.17738925,0.18296969,0.018634748,0.013411279
0.00034448857,0.0009016641,0.005955504,0.046393313,0.14422436,0.10894957,0.09604864,0.21112156,0.17168108,0.18333359,0.017800294,0.013245998
0.0003238075,0.00095763657,0.007743126,0.062079426,0.1474965,0.10336051,0.105729826,0.21894123,0.1462681,0.18089412,0.014150777,0.012054938
0.00028222837,0.0011780798,0.012508402,0.101477765,0.15315707,0.09295956,0.12475516,0.2212275,0.10899496,0.16496493,0.009460377,0.009033968
0.006439205,0.5879593,0.31325993,0.054259196,0.007347273,0.0025846742,0.02240701,0.0019959582,0.0016815878,0.0014720311,0.00013999252,0.0004539393
0.00023045077,0.001960865,0.032138217,0.22465453,0.15112565,0.069889076,0.15510412,0.18367665,0.054688547,0.11827481,0.0037153093,0.004541784
0.00034485274,0.0008829181,0.0053125434,0.04080903,0.1435407,0.11162459,0.09247214,0.20541592,0.18404126,0.18227708,0.019746609,0.013532272
0.00033440848,0.0009236062,0.006788942,0.053695485,0.1455994,0.10598496,0.10076239,0.21562076,0.15862054,0.18305925,0.01588305,0.012727173
0.00032726693,0.00096057175,0.00734924,0.0584311,0.14741108,0.10454913,0.10420546,0.2173683,0.15130495,0.1810412,0.01490072,0.012151021
0.00032882235,0.00095132197,0.0072811013,0.05794862,0.14710048,0.10480621,0.10369784,0.217229,0.15209743,0.18135335,0.014953186,0.012252639
0.00034469628,0.0008882931,0.0056100306,0.043438565,0.143817,0.11023235,0.094203256,0.20845617,0.17785469,0.18299942,0.018731998,0.013423518
0.00028228338,0.0011576632,0.013409749,0.11031899,0.15168783,0.09180529,0.12580292,0.2210279,0.1037301,0.16298515,0.008755362,0.009036806
0.00020218657,0.0064526945,0.14454518,0.4352872,0.09927962,0.03133826,0.13338134,0.08706861,0.014072612,0.04635965,0.0007077091,0.0013049266
0.00034538013,0.00088709005,0.005675097,0.044006303,0.1437568,0.110133186,0.09448128,0.20903575,0.17662051,0.18314727,0.018483559,0.013427719
0.00022245797,0.0033319583,0.052329376,0.27103978,0.15518676,0.058472324,0.16770257,0.15229893,0.039720073,0.09429181,0.002461586,0.0029422857
0.00032070046,0.0009825224,0.007839766,0.06261762,0.1483291,0.102964446,0.10670929,0.21897401,0.14532678,0.17998213,0.014156747,0.011796885
0.0003448014,0.00089361187,0.0058119223,0.045148697,0.14387536,0.10946527,0.09521342,0.21014899,0.17418312,0.18338957,0.018166116,0.013359075
0.0002231223,0.0032451553,0.06268386,0.32580617,0.13651562,0.053181022,0.15599805,0.1408269,0.031575833,0.08534483,0.0018425578,0.0027568818
0.0008658988,0.11841203,0.5606946,0.21379907,0.024836954,0.007151184,0.05216052,0.011383844,0.0026709551,0.00750726,0.00013362705,0.00038404172
0.00032392086,0.00093982735,0.007784819,0.062622875,0.14679016,0.1030361,0.10540652,0.21943434,0.14563878,0.18176292,0.014025476,0.012234198
0.00031383167,0.0010404057,0.0087714745,0.07048206,0.15042196,0.10092583,0.11141628,0.22073081,0.1355412,0.17646007,0.012855746,0.01104023
0.0002984098,0.0011032491,0.010782227,0.08785461,0.15165742,0.09652224,0.11868313,0.2222584,0.119269535,0.17085788,0.0107083265,0.010004644
0.01185392,0.7174092,0.210165,0.032338656,0.005218695,0.0020764195,0.016147142,0.0013682543,0.0016349808,0.0010352017,0.00017559594,0.0005770319
0.00034535408,0.00089395314,0.006088469,0.047641303,0.14388691,0.10859303,0.09650652,0.21226883,0.16934007,0.18382739,0.017304625,0.013303563
0.00031136678,0.0010017558,0.009138472,0.07421265,0.14899056,0.09979243,0.1116023,0.22224778,0.1316571,0.17746332,0.012266918,0.011315316
0.00024557544,0.0109355105,0.21365938,0.4287614,0.08720311,0.025397507,0.121057734,0.06630294,0.009827374,0.035154253,0.00046258047,0.0009926343
0.000260662,0.0016245511,0.018569324,0.14065157,0.16175221,0.084338985,0.14461876,0.20905986,0.0834502,0.14291234,0.006537577,0.0062239855
0.0051348987,0.54414624,0.34503222,0.06396538,0.008242956,0.0027881986,0.024518957,0.0021856623,0.0017796197,0.0016207917,0.00014352157,0.00044161317
0.00033546123,0.00092213455,0.006779568,0.053632274,0.14555784,0.10620177,0.10067055,0.21553312,0.15877424,0.18299572,0.015852805,0.012744581
0.00032622053,0.000953042,0.007483629,0.059736483,0.14720951,0.104075976,0.10456792,0.21805438,0.14946577,0.18133654,0.014608075,0.0121824695
0.0002688659,0.002232623,0.026895156,0.17867662,0.1651632,0.07708259,0.15664142,0.19124642,0.065598644,0.12684774,0.004643796,0.0047028735
0.0003455541,0.0008799625,0.005227578,0.04005324,0.14345998,0.112202644,0.091924034,0.20458171,0.18578799,0.18197826,0.019985596,0.013573399
0.00034618808,0.0008773644,0.005090083,0.038800564,0.14337848,0.113111295,0.09102094,0.20291416,0.18904823,0.18128382,0.020489467,0.013639473
0.00025640716,0.0028269624,0.038823765,0.22678386,0.16183388,0.06772193,0.16316596,0.1714219,0.050243113,0.10998299,0.003266097,0.0036731751
0.00020831956,0.003553697,0.05963378,0.29660946,0.15087594,0.054070417,0.16723332,0.14196579,0.035008352,0.08605462,0.002127738,0.0026585935
0.011595938,0.71523815,0.21195808,0.032756407,0.0052677733,0.0020872431,0.016293278,0.00137376,0.001639458,0.0010424693,0.00017544933,0.0005719354
0.00031799538,0.00096579,0.00816351,0.06557047,0.14754589,0.10177198,0.107381046,0.22037016,0.1415272,0.18085113,0.013623235,0.011911537
0.00033199976,0.0009283438,0.0068563665,0.0541426,0.14561199,0.10548748,0.101142116,0.21593824,0.15776476,0.18325172,0.015858563,0.012685817
0.00031508843,0.0010361432,0.008463149,0.0676683,0.15019202,0.10153968,0.11026127,0.21999016,0.13877843,0.1772335,0.013354483,0.011167735
0.00060963834,0.076983966,0.5315361,0.2603627,0.031184953,0.008901906,0.060262557,0.016730439,0.0030654576,0.0098075885,0.00014378599,0.00041089437
0.0003442157,0.0009028425,0.0060281185,0.047032148,0.14429788,0.10870718,0.09642794,0.21162221,0.17044578,0.18338336,0.017594459,0.0132138245
0.00022080955,0.0020008315,0.033900477,0.23344392,0.1499454,0.06812205,0.15582043,0.18040709,0.0525581,0.11564303,0.0035654516,0.0043724026
0.00033901836,0.0009111733,0.0063657546,0.04990287,0.14453185,0.10710925,0.09832655,0.21373221,0.1650361,0.18382408,0.016872898,0.013048302
0.00034467268,0.00089451397,0.005839632,0.045406036,0.14388378,0.1092776,0.09535798,0.21039131,0.17364988,0.18350317,0.018101027,0.013350478
0.00023727829,0.007730323,0.16248938,0.43658772,0.095285244,0.030164711,0.12935886,0.080603205,0.0125203105,0.043170076,0.00060375605,0.0012491151
0.019173877,0.7665933,0.16390151,0.024779608,0.0046026856,0.00196961,0.013880899,0.0013127453,0.0017518173,0.0009696244,0.00022004072,0.0008443015
0.00025066116,0.0015708618,0.020923667,0.1604782,0.15696721,0.08085749,0.14564636,0.20630707,0.07604876,0.1391295,0.0057172794,0.006102883
0.00031793272,0.0009782856,0.008066439,0.06459506,0.14806104,0.10208813,0.10738484,0.21987993,0.14269087,0.18030848,0.013827637,0.011801336
0.00032918833,0.00094871037,0.007040566,0.05563323,0.14654176,0.104981765,0.102520846,0.21635331,0.15537986,0.18226469,0.015591833,0.012414297
0.0003440617,0.00089283247,0.005596932,0.04329537,0.14411414,0.11036392,0.09427092,0.20807867,0.17821757,0.1826329,0.018830111,0.0133626405
0.0003447724,0.000890079,0.005693953,0.04415694,0.14383133,0.10989776,0.09461676,0.20919882,0.17629378,0.18319027,0.018485885,0.013399587
0.0003435895,0.00090035005,0.0062219836,0.048741132,0.14413191,0.10804135,0.09730286,0.2130147,0.16725548,0.18381548,0.017030677,0.013200438
0.00026892734,0.0013101841,0.015669117,0.12627327,0.15473478,0.08783281,0.13358921,0.21742031,0.09340342,0.15412368,0.0075934594,0.007780869
0.00034584184,0.0008787416,0.005177093,0.039597794,0.1434278,0.112544484,0.09160172,0.20400885,0.18691356,0.18175228,0.02015532,0.0135965105
0.0002728025,0.0012724391,0.015035534,0.12196382,0.15411314,0.08892788,0.13164963,0.21846037,0.09604247,0.156294,0.007892609,0.008075335
0.0003448734,0.00089559547,0.00614975,0.048174288,0.14398919,0.108374074,0.09683748,0.2126443,0.16835062,0.18381502,0.017157245,0.013267559
0.0027820691,0.36999783,0.46431786,0.10443778,0.012422271,0.0038082304,0.03339954,0.003650487,0.0019809853,0.0026753852,0.00013048657,0.00039705876
0.00034448836,0.0008950251,0.0057540103,0.044667885,0.1441031,0.109732725,0.09502107,0.20953852,0.17523468,0.18304473,0.01833549,0.013328345
0.00025759076,0.0014715728,0.018585414,0.14543906,0.15692891,0.08370798,0.14137712,0.21143149,0.082794175,0.14489934,0.0064242664,0.0066831275
0.0002540054,0.0013884018,0.018277954,0.14529388,0.15430033,0.08393776,0.1388245,0.21278894,0.08398523,0.14730132,0.0065964493,0.0070512453
0.00031963055,0.000989995,0.008208138,0.066042654,0.14882992,0.10236458,0.10831389,0.21988888,0.14112836,0.17884363,0.01347062,0.011599691
0.00031833266,0.0010141842,0.008165731,0.06531527,0.14957024,0.10240588,0.10872304,0.21945147,0.14184275,0.17810532,0.013684314,0.011403411
0.0003452421,0.0008814994,0.0052649663,0.040386822,0.1435375,0.11197525,0.0921742,0.2049443,0.18500607,0.18206437,0.019871956,0.013547774
0.00021797775,0.0104255965,0.21959667,0.44181058,0.08195354,0.02373533,0.116419606,0.06253692,0.009114084,0.032848388,0.00042618223,0.00091517554
0.0002104714,0.012408039,0.25642446,0.43960005,0.07412455,0.020469006,0.10792634,0.05287022,0.0075374283,0.027307218,0.0003511302,0.000771059
0.00021916344,0.012912135,0.26170123,0.43651626,0.07352909,0.020271558,0.10728528,0.052146666,0.0073933047,0.02691514,0.0003399668,0.00077018654
0.0002422279,0.0028369997,0.047778822,0.2758833,0.14798598,0.061425585,0.15935156,0.15886761,0.04038415,0.09942965,0.0024718796,0.003342243
0.00022646895,0.001974733,0.033046536,0.22976269,0.15025067,0.069013946,0.15525375,0.18199426,0.053507797,0.11687891,0.0036236565,0.0044665155
0.00049689325,0.06013069,0.505388,0.27979293,0.03864667,0.010128699,0.06897134,0.020647496,0.0035553449,0.011648692,0.00016009246,0.0004330803
0.00033878937,0.0009196567,0.0064541907,0.05068917,0.14519426,0.1071734,0.09901077,0.21392645,0.16370128,0.18307763,0.016623072,0.012891281
0.00022980952,0.0017287957,0.0272847,0.2008947,0.15241571,0.073825985,0.15113471,0.1935591,0.06238145,0.12691602,0.0044334126,0.005195656
0.000236872,0.015945176,0.29868206,0.4217663,0.067549884,0.018281423,0.10117412,0.04545465,0.0064233956,0.023499463,0.00029007343,0.0006964984
0.008232656,0.6577534,0.25853986,0.04271381,0.0061985096,0.002294337,0.019140642,0.0016035616,0.0016688004,0.0012079738,0.00015675461,0.00048963894
0.0002465548,0.0016673459,0.0218621,0.16369784,0.15883957,0.0795575,0.14850925,0.20382202,0.073942296,0.13658401,0.005522909,0.005748677
0.00020695274,0.006485386,0.14384842,0.43315828,0.0998858,0.031578697,0.13424948,0.087789916,0.014169488,0.046599776,0.0007062548,0.0013215494
0.018439291,0.7626917,0.16823436,0.025160966,0.004585706,0.0019566528,0.013951337,0.0013073898,0.0017037907,0.0009608465,0.00020983313,0.00079807336
0.0003454341,0.00087985105,0.0051299194,0.039164104,0.14345549,0.11280955,0.09130473,0.20330858,0.18818398,0.18141505,0.020402627,0.013600669
0.00034477998,0.00089023734,0.005701354,0.044220604,0.1438307,0.10986477,0.094651096,0.20926657,0.1761574,0.18320908,0.01846556,0.013397907
0.00031653524,0.0010216804,0.00839616,0.0673137,0.14983335,0.10181641,0.10972688,0.22000551,0.13933574,0.17760603,0.01334642,0.011281673
0.00034324315,0.0009127406,0.0060714227,0.047334947,0.14475948,0.108603396,0.0968733,0.21163003,0.16986695,0.18294948,0.017564308,0.01309075
0.00024705377,0.0017372268,0.02396845,0.17721505,0.15745455,0.077619344,0.15057349,0.19961941,0.068890505,0.1322459,0.004986003,0.0054431073
0.01809669,0.7604893,0.17059541,0.02535831,0.004580857,0.0019523847,0.013996278,0.001305548,0.0016844914,0.0009587186,0.00020499477,0.0007770524
0.00034561544,0.0008803994,0.0052314373,0.040082663,0.14363582,0.112343736,0.091993965,0.20459752,0.18564942,0.18174565,0.019943086,0.013550681
0.018295255,0.7614745,0.16958384,0.025213402,0.0045731342,0.0019525076,0.013955916,0.0013059677,0.0016916242,0.00095950253,0.00020671304,0.0007877082
0.01843745,0.7611976,0.16981062,0.025200346,0.004555091,0.0019502284,0.0139313135,0.0013061038,0.0016746635,0.0009557354,0.00020318548,0.0007777228
0.00034416892,0.00090277975,0.006059686,0.047313966,0.14431353,0.10863012,0.0965865,0.21183333,0.16991426,0.18340391,0.017494064,0.013203735
0.0003230946,0.0009811295,0.007618528,0.060663287,0.14825583,0.103688814,0.105828956,0.21814556,0.1480285,0.18007748,0.014523446,0.011865482
0.0064064353,0.6035245,0.30069962,0.05241674,0.0071181096,0.0025217268,0.021733383,0.001849843,0.0017280139,0.0013917807,0.0001493414,0.0004605306
0.0022415186,0.30769944,0.50243205,0.121648066,0.014253356,0.00428039,0.03701746,0.004548821,0.0020532506,0.0033122094,0.00012559164,0.0003878136
0.0002906682,0.0011282356,0.011847378,0.09684815,0.15187123,0.09432466,0.121914335,0.22233848,0.11242144,0.16763514,0.009831899,0.00954834
0.0024914104,0.3355442,0.48583344,0.11371501,0.013374474,0.0040712524,0.03530621,0.0041085384,0.0020251835,0.0030069703,0.00012723039,0.00039600374
0.00033134036,0.00093476987,0.00704374,0.05594392,0.14630857,0.1053101,0.102244996,0.21656165,0.15510593,0.18233477,0.015374856,0.012505383
0.00034334394,0.0008996792,0.0061568953,0.048170123,0.14407226,0.1081034,0.096978,0.21265076,0.16826555,0.18389203,0.017239058,0.013228849
0.0003442571,0.00089196564,0.0056155734,0.04347803,0.1439943,0.110179074,0.09432236,0.2083486,0.17783217,0.18285109,0.018762724,0.013379872
0.0002794601,0.0012963751,0.014295527,0.11532967,0.15554509,0.09039139,0.1310238,0.2188663,0.09941,0.15719755,0.008277903,0.008087019
0.0003420831,0.0009044078,0.0062404107,0.048857447,0.14426944,0.10777025,0.0975045,0.21309155,0.16697975,0.18381616,0.017070955,0.013153002
0.0003393267,0.0009144188,0.0064170794,0.05038966,0.1449005,0.10722887,0.09869606,0.2138646,0.16422336,0.1833717,0.016687196,0.012967316
0.00031920348,0.00097486546,0.008262764,0.06668436,0.14824754,0.10198274,0.10809943,0.22041693,0.14038973,0.17953095,0.013351366,0.011740119
0.0002845447,0.0012147354,0.013111262,0.1066047,0.15390837,0.09233331,0.1268312,0.22069053,0.10533438,0.16199946,0.008965176,0.008722345
0.002177555,0.29786733,0.5085097,0.12399194,0.014616526,0.004365617,0.037664957,0.0047760904,0.0020622206,0.0034571448,0.00012465968,0.00038638714
0.0005260539,0.06583121,0.51728123,0.2774458,0.03375939,0.009410761,0.063147485,0.018240081,0.0032395676,0.01055457,0.00014921733,0.00041461422
0.01350186,0.7280221,0.20113066,0.03015835,0.0049593393,0.0020290294,0.015441405,0.001351487,0.0016115924,0.0010064358,0.00017544838,0.00061229995
0.0002343106,0.0029357353,0.054370742,0.3047214,0.14050563,0.057378273,0.15669714,0.15007623,0.035485268,0.09239802,0.0021033585,0.0030939933
0.00023623504,0.0018558728,0.027910132,0.20033653,0.15487175,0.07346333,0.15382767,0.19175662,0.061349187,0.1251587,0.0043067257,0.0049273134
0.00032615958,0.0009683943,0.0073786075,0.05864848,0.1477419,0.10440135,0.10454501,0.2174045,0.15096124,0.18067509,0.014893873,0.012055368
0.00023150405,0.0015853597,0.024978822,0.18971696,0.15143773,0.07611526,0.14716081,0.19887608,0.06697214,0.1323003,0.0048917644,0.0057332814
0.00034593564,0.00087837665,0.005162856,0.039466172,0.14342572,0.11264777,0.0915089,0.20383623,0.18725021,0.18167089,0.020203158,0.013603806
0.00033146507,0.00094782846,0.0070088287,0.05550619,0.14681207,0.10556868,0.1024366,0.21610758,0.15577084,0.18162638,0.015504268,0.01237928
0.00034513118,0.0008824301,0.005326817,0.04093464,0.14363195,0.11167169,0.09259251,0.20563072,0.18361516,0.1822084,0.019639526,0.01352105
0.018824458,0.76473427,0.16615275,0.024883328,0.004568765,0.0019551502,0.0138572445,0.0013051246,0.0017236378,0.0009624968,0.00021406796,0.0008187146
0.00034560316,0.0008797245,0.0051633557,0.039473623,0.14348051,0.11262418,0.091509804,0.20376894,0.18731205,0.18161769,0.020236598,0.013587975
0.0003383303,0.0009346091,0.0065646777,0.051584963,0.14605245,0.10722087,0.09989558,0.21406172,0.16220763,0.1820768,0.016385946,0.012676473
0.0002671747,0.001657737,0.018190982,0.13701904,0.16292998,0.08534166,0.14453289,0.20896052,0.08488673,0.14331968,0.0066753677,0.00621821
0.000331263,0.00092772284,0.007150729,0.0570146,0.14613615,0.105086975,0.10251722,0.21712705,0.15357551,0.1825091,0.015082927,0.012540732
0.00024986916,0.0015097937,0.01938748,0.15003386,0.15736492,0.08234076,0.1432904,0.20952249,0.08056803,0.14306822,0.0062324363,0.0064317314
0.00023909817,0.0016476028,0.02334831,0.17551593,0.15602842,0.07777126,0.14883456,0.20131399,0.07032646,0.1341423,0.0051799747,0.005652102
0.00026249173,0.001595277,0.017819995,0.13568929,0.16182563,0.085318334,0.14322658,0.2103231,0.085974686,0.14474197,0.006828484,0.0063942326
0.019415824,0.76817405,0.16212332,0.02463968,0.0046284203,0.0019765985,0.013866868,0.0013147003,0.0017837693,0.0009774953,0.00022717197,0.00087208825
0.00020765637,0.008445927,0.17502216,0.42515132,0.09748287,0.028398048,0.13238758,0.07777495,0.01232208,0.04108698,0.0006075636,0.0011129508
0.019291673,0.7676604,0.16270728,0.024702951,0.004625919,0.0019749096,0.01388151,0.0013141871,0.0017761383,0.0009757337,0.00022548357,0.0008638123
0.0003440596,0.0009025769,0.0058238413,0.04524846,0.14449303,0.10955709,0.09553787,0.20985933,0.17405212,0.18277884,0.018176591,0.013226246
0.0025851934,0.34750384,0.47847,0.11043789,0.013050252,0.003983105,0.03461944,0.0039315666,0.0020108235,0.0028829055,0.00012849194,0.0003964473
0.00023902458,0.019067727,0.33458915,0.40377662,0.06267537,0.016404474,0.09603813,0.039870672,0.005757022,0.020705156,0.0002614988,0.0006151904
0.00034474026,0.0008951421,0.0058021476,0.045067895,0.14408964,0.10966219,0.09523916,0.20990522,0.17439364,0.18310183,0.018177731,0.013320659
0.0039238776,0.46838707,0.39983755,0.07958386,0.009884243,0.0031733285,0.028135162,0.0027075296,0.0018297408,0.0019943598,0.00013575671,0.0004074444
0.010627258,0.6997755,0.22492,0.03527066,0.005468104,0.0021285024,0.0170076,0.0014361363,0.0015982694,0.0010844311,0.00016180889,0.00052156445
0.00034592,0.0008746828,0.0048921853,0.03703721,0.14306471,0.11427391,0.08957823,0.2003405,0.19407623,0.18036704,0.021382218,0.013767148
0.00028449786,0.001181104,0.012930859,0.1055812,0.15298459,0.092509255,0.12561917,0.22121426,0.106265165,0.16341053,0.009067388,0.008951986
0.00034245983,0.00090593484,0.0062098275,0.048582077,0.14436117,0.107928865,0.0973806,0.21284072,0.16750084,0.18365158,0.017154554,0.013141329
0.00032063812,0.0009768349,0.007961408,0.06388043,0.14828293,0.10274989,0.107069984,0.21943907,0.14379741,0.17985357,0.0138731785,0.011794629
0.00024437095,0.0023154393,0.030943215,0.20098792,0.16242443,0.07198032,0.15996245,0.1841562,0.058630172,0.12002525,0.0040513175,0.0042788745
0.00034509593,0.0008906612,0.005788674,0.04498646,0.14377703,0.10953578,0.09504968,0.21003863,0.17453365,0.18346648,0.018196527,0.0133913355
0.019590009,0.7685653,0.16157565,0.024596203,0.0046322,0.001981841,0.013864948,0.0013180515,0.0017895113,0.0009787877,0.00022811674,0.00087939587
0.00347955,0.43517965,0.42221975,0.0873634,0.010731233,0.0033931066,0.029985756,0.0029994077,0.0018978601,0.0022064538,0.0001351935,0.00040863157
0.00034459512,0.00088944024,0.0056231846,0.043549936,0.14386895,0.110172786,0.094288945,0.20854172,0.17761572,0.18298908,0.01870565,0.01340998
0.00034228212,0.0009066542,0.0061782487,0.04828818,0.1443534,0.10797515,0.0972438,0.21262471,0.16802607,0.1836475,0.017267438,0.013146537
0.00033429082,0.0009190898,0.006869289,0.054459468,0.14547184,0.10581641,0.10099407,0.21605761,0.15743142,0.18323842,0.015657581,0.012750579
0.017787369,0.75888914,0.17228058,0.025539115,0.004589259,0.0019508061,0.014052865,0.0013037345,0.0016792631,0.0009589612,0.00020315219,0.0007657793
0.018578406,0.762976,0.16806997,0.025012461,0.004556715,0.0019503619,0.013880361,0.0013038063,0.0017028028,0.00095940544,0.0002092358,0.0008005536
0.006888646,0.6043336,0.3007296,0.051314525,0.007029492,0.002509351,0.02162007,0.0019038408,0.001665897,0.0014064782,0.00014163122,0.00045695883
0.0003100914,0.0010297094,0.0094965985,0.07724444,0.14998314,0.09931324,0.11338031,0.2224007,0.12851314,0.17550738,0.011842878,0.010978357
0.00024499465,0.0012839262,0.019065991,0.15210001,0.1503782,0.08353732,0.13428219,0.21110214,0.08323059,0.15057826,0.0065824045,0.0076140407
0.00034608366,0.0008771006,0.0049987794,0.037972447,0.14330576,0.11367173,0.09041087,0.20165823,0.19139418,0.1807662,0.020914579,0.013684093
0.017912213,0.75977397,0.17135589,0.025477475,0.0045880023,0.0019515428,0.014027871,0.0013039948,0.0016798828,0.0009577382,0.00020387456,0.0007676192
0.0003146303,0.0009879126,0.008761291,0.07099976,0.14861834,0.100653514,0.110099,0.22156765,0.13522236,0.17855345,0.012708395,0.01151377
0.00034475466,0.0008892259,0.005656716,0.043840908,0.14383215,0.110052615,0.09443523,0.20886454,0.17697729,0.18310335,0.018592669,0.013410461
0.016566291,0.7500298,0.18101639,0.026664061,0.0046363217,0.0019554708,0.01434672,0.0013061785,0.0016323378,0.0009607024,0.00018963404,0.0006960471
0.0042319517,0.4913827,0.38301757,0.07499601,0.009383363,0.0030755836,0.027098497,0.0025275475,0.0018462506,0.0018726172,0.00014032912,0.00042756338
0.0035687156,0.42485103,0.43203813,0.086736575,0.011051445,0.0034273034,0.030329762,0.0032814778,0.0018160469,0.00237605,0.00012529425,0.000398131
0.00033498788,0.000912967,0.0068328255,0.054184195,0.14519203,0.105906196,0.10065957,0.21600977,0.15789573,0.1835418,0.015698934,0.012830968
0.000254423,0.0073493356,0.14789754,0.42198944,0.10206811,0.03288108,0.13523263,0.08845978,0.014116484,0.047654558,0.0006943539,0.0014022521
0.00029471284,0.0011742756,0.011015234,0.08862013,0.15379362,0.09609852,0.12106891,0.22107461,0.11835131,0.16837448,0.010693821,0.009440386
0.0002935835,0.00110725,0.011306287,0.0923492,0.15152374,0.0953049,0.120107695,0.22242628,0.11578984,0.16968988,0.010270801,0.009830479
0.00027216438,0.0014807562,0.015853226,0.12335953,0.16039369,0.088280074,0.13808264,0.21436183,0.09311201,0.15016085,0.0076035433,0.007039714
0.00034484686,0.0008893094,0.005688916,0.044116855,0.14378728,0.109907195,0.09457315,0.20918205,0.17637414,0.18322724,0.018497506,0.013411518
0.00024344437,0.0019431851,0.024598518,0.17374453,0.16251154,0.07698697,0.1547909,0.19608553,0.068807505,0.1302134,0.0050512436,0.005023309
0.00034158217,0.00091427955,0.006269015,0.049059816,0.144842,0.10784474,0.097889826,0.21294941,0.16663095,0.18319097,0.017048385,0.013019003
0.00033335338,0.0009504362,0.006859468,0.05412865,0.14687978,0.106140144,0.101775564,0.21530345,0.15795349,0.18144141,0.015833348,0.012400951
0.00034625456,0.0008760111,0.0050151637,0.038137548,0.14320031,0.11347562,0.090497695,0.20195533,0.1909165,0.18105389,0.02083085,0.013694877
0.00026908805,0.020952158,0.3482411,0.3980429,0.06041537,0.016089104,0.0923106,0.037575714,0.0054226466,0.019827096,0.00024038044,0.0006138868
0.017119287,0.7554108,0.17581938,0.026041599,0.004617656,0.0019506132,0.014186,0.0013009968,0.0016633553,0.00095790124,0.00019862961,0.0007338476
0.0003123864,0.0010544808,0.008823351,0.07066331,0.15073006,0.10070565,0.11187145,0.22064681,0.13519433,0.17616251,0.012893414,0.010942272
0.0003459104,0.0008718162,0.00476223,0.03585526,0.14274922,0.11522075,0.088579446,0.19860582,0.19749257,0.1796767,0.021958474,0.0138817895
0.00034145857,0.0009177831,0.006322819,0.049511917,0.14507864,0.107862994,0.09824406,0.21311286,0.16583051,0.18291713,0.016902257,0.012957602
0.0002449633,0.0037332021,0.06835281,0.3288917,0.13725477,0.052171778,0.15700813,0.1362886,0.029665299,0.082134694,0.001675942,0.0025781225
0.00025574196,0.005940134,0.117882274,0.4024405,0.112301186,0.038114257,0.14341757,0.10245073,0.017741477,0.05687149,0.0009030428,0.001681671
0.00031220418,0.0009469285,0.008999581,0.073391095,0.14686683,0.099546246,0.109613724,0.22277644,0.13296665,0.18030992,0.0123568615,0.011913562
0.00033324145,0.00093275815,0.0068425057,0.05407944,0.14597897,0.10582904,0.10125024,0.2156835,0.15795673,0.18266562,0.015832905,0.012614993
0.00023202247,0.0018693506,0.02985339,0.21331894,0.15225138,0.07174364,0.15382685,0.18813266,0.05801211,0.12195781,0.004007102,0.004794779
0.0002289106,0.0024069159,0.042363968,0.26716286,0.1464922,0.063097976,0.15756585,0.16601016,0.04390141,0.104311265,0.0027601663,0.0036983325
0.00021592453,0.010456349,0.2184254,0.43640697,0.083444126,0.023974018,0.11878128,0.06419308,0.009379512,0.03335933,0.00043963073,0.0009243931
0.0003454948,0.00088048924,0.0052781315,0.040512335,0.14353058,0.111928694,0.09225146,0.20515819,0.18462794,0.18214445,0.019787699,0.01355463
0.00025800616,0.0014870503,0.017802557,0.13853553,0.15858248,0.08472051,0.14110404,0.2120744,0.08561974,0.14633127,0.006775825,0.006708516
0.00023962717,0.002315054,0.038365748,0.24853279,0.14988285,0.06615115,0.15765531,0.17251162,0.047742084,0.10959934,0.0030571339,0.0039472627
0.019811207,0.76949584,0.16074957,0.024396831,0.0046066856,0.0019751508,0.013763322,0.0013126923,0.0017937004,0.0009772737,0.00022934459,0.00088833144
0.00034621006,0.000875028,0.0048741843,0.036834817,0.14311664,0.114568785,0.08948851,0.20005006,0.19454348,0.18009332,0.021437159,0.013771839
0.01643035,0.7506108,0.18052801,0.02659461,0.0046597063,0.0019575483,0.014380224,0.0013045514,0.0016597795,0.00096492673,0.00019507014,0.0007144596
0.00024656375,0.0044456394,0.08564075,0.36355487,0.12697771,0.04605636,0.15195115,0.122269735,0.024096437,0.07129746,0.001299039,0.0021643238
0.00032295464,0.0009711771,0.0076746577,0.061280664,0.14793417,0.103474066,0.105804116,0.21853645,0.14721145,0.18047722,0.01437022,0.011942887
0.0003453147,0.00089454965,0.0060475245,0.047260027,0.14388087,0.10869709,0.09631823,0.21196881,0.17002465,0.18381055,0.017440202,0.013312135
0.00030616057,0.001113031,0.0097883055,0.07871738,0.15243077,0.09885624,0.11617785,0.22119375,0.12694785,0.17246993,0.011775196,0.010223559
0.00031059442,0.0009852557,0.009115517,0.07409404,0.14832178,0.09957381,0.111073576,0.22252154,0.13187782,0.17835514,0.012287034,0.01148388
0.000344656,0.000900555,0.0059452252,0.046315152,0.1442084,0.10901996,0.09597939,0.21105684,0.17184864,0.18331632,0.017809857,0.01325506
0.0003325015,0.00091675244,0.0070353295,0.055992033,0.1454884,0.10523686,0.101668715,0.21689104,0.15506966,0.18335035,0.015299257,0.012719117
0.0003451474,0.000883258,0.0054412107,0.041984096,0.14377268,0.11108767,0.093299374,0.20686442,0.18110108,0.18252394,0.019212427,0.013484734
0.00033168946,0.0009273806,0.00711026,0.056645118,0.14609076,0.105206154,0.102327555,0.21696426,0.15412585,0.18254839,0.015164015,0.012558586
0.00815527,0.6574809,0.25869733,0.042847387,0.006214008,0.0022984839,0.0191728,0.0016004934,0.0016770822,0.0012080688,0.00015788066,0.0004903527
0.00034586966,0.0008711202,0.0047135106,0.035399113,0.14262934,0.11568463,0.08820864,0.1978446,0.19883513,0.17936969,0.02217231,0.013925998
0.0003458114,0.0008787808,0.005175674,0.03958775,0.1433966,0.112518795,0.09158191,0.20400053,0.18695699,0.18178552,0.0201714,0.0136002265
0.00032821455,0.0009265971,0.00713324,0.056522407,0.1455047,0.10435888,0.1022139,0.21733075,0.15397923,0.18371661,0.015339272,0.012646136
0.00026686597,0.0013119578,0.016289432,0.13157025,0.1540023,0.08702483,0.1344441,0.21656732,0.090878695,0.15264744,0.0073081544,0.007688646
0.00025170695,0.01474819,0.27908728,0.4273727,0.07140026,0.019943874,0.10414845,0.04936389,0.0069329985,0.025674688,0.0003127165,0.0007632861
0.00033305938,0.0009106166,0.007016487,0.055884954,0.14524074,0.10527196,0.101419955,0.21689884,0.15527545,0.18365063,0.015303484,0.012793753
0.00024832302,0.00401724,0.073368356,0.33604532,0.13574037,0.050525296,0.15676267,0.13219643,0.028062472,0.07902752,0.0015626947,0.002443249
0.001868057,0.25703737,0.53153807,0.13512394,0.016428893,0.0048439894,0.040478818,0.005908973,0.0021300365,0.0041403784,0.00012264616,0.00037879485
0.00032191066,0.00095106126,0.008006222,0.06458208,0.1473266,0.10254118,0.10656311,0.21996096,0.14309765,0.18091868,0.013682178,0.0120484065
0.00032458195,0.0009794055,0.0075718914,0.06035091,0.14831008,0.10403682,0.10563456,0.2179321,0.14858665,0.17986494,0.014535258,0.011872684
0.017320292,0.7561487,0.17507166,0.025874738,0.004606942,0.0019502428,0.014150616,0.0013022323,0.0016694567,0.0009592695,0.00019991274,0.00074587244
0.0003264357,0.0009519555,0.0073837047,0.05880949,0.14707272,0.10420718,0.104127035,0.21774453,0.1507266,0.18159288,0.014827461,0.01222991
0.01942138,0.7683702,0.16178113,0.024688315,0.0046526534,0.001983712,0.01390194,0.0013180412,0.0017939905,0.000980065,0.00022948002,0.0008790398
0.00032750214,0.00095488067,0.0072749737,0.057815216,0.14716588,0.10459592,0.10375757,0.21721525,0.15218191,0.18143626,0.015046626,0.012228016
0.00034502323,0.00088343304,0.0053243292,0.040922698,0.14370039,0.111684576,0.09256956,0.20555827,0.18370417,0.1821429,0.019659031,0.01350557
0.0002697027,0.0015285251,0.016937457,0.1308325,0.1605817,0.08683145,0.14051034,0.2125259,0.08883993,0.14731407,0.007094452,0.0067339153
0.00028802332,0.0013427011,0.013106907,0.10412463,0.15814427,0.09287216,0.12983973,0.21851133,0.10590842,0.15863888,0.009123957,0.008099054
0.00032672353,0.0009355047,0.007515313,0.060217053,0.14652856,0.103827536,0.10422458,0.21857084,0.148919,0.18211538,0.014462769,0.012356736
0.00030336785,0.0010622694,0.009731431,0.07872881,0.15072353,0.09842009,0.114985995,0.22210261,0.1271086,0.17447117,0.011766244,0.010595946
0.00034526404,0.0008820175,0.0054105083,0.04171368,0.1436402,0.111153506,0.093083225,0.20660521,0.18172118,0.18260571,0.019321673,0.013517796
0.00031202871,0.0010280502,0.009130263,0.07388849,0.14996116,0.100091234,0.11225189,0.22174662,0.13189504,0.17631388,0.012309896,0.011071476
0.00031273728,0.0010470254,0.008884721,0.07138335,0.15058918,0.10065081,0.111921325,0.22090466,0.13445973,0.17614247,0.012733373,0.010970633
0.019138044,0.7664391,0.16425866,0.02471604,0.0045790286,0.001960822,0.013827594,0.001307671,0.0017465252,0.0009671314,0.00021901676,0.00084049423
0.0003450763,0.0008840797,0.005497727,0.04247539,0.14373727,0.110787824,0.09358601,0.2074581,0.17998722,0.1827273,0.019040825,0.013473124
0.000266675,0.001691766,0.018312544,0.13703087,0.16370454,0.08516782,0.14535356,0.20793466,0.084859245,0.14287452,0.0066826288,0.006121206
0.004679827,0.51849055,0.36377925,0.0691657,0.008769982,0.0029154818,0.025747225,0.002344696,0.0018001967,0.0017352249,0.00014102516,0.00043088125
0.00034471852,0.00088568026,0.005495434,0.042465165,0.14380932,0.11070937,0.0936133,0.20738524,0.1800493,0.18270706,0.019078031,0.013457379
0.006513761,0.59323317,0.3091429,0.053436603,0.0072460338,0.0025623785,0.022167752,0.001958009,0.0016917635,0.0014471684,0.00014205376,0.00045838376
0.00030833727,0.0010597013,0.009693242,0.078608565,0.1508522,0.0990043,0.114648394,0.22210228,0.12716676,0.17418982,0.011697839,0.010668617
0.000345706,0.00088779867,0.0057560992,0.044721015,0.14375348,0.10986601,0.094857916,0.2097373,0.17512678,0.18331096,0.018224228,0.0134126805
0.00032196828,0.00094264065,0.008014219,0.06473269,0.14700668,0.10241668,0.10636447,0.2201249,0.14296043,0.18132964,0.01364988,0.0121358335
0.00033255699,0.0009306493,0.006866331,0.054277454,0.14583687,0.10561822,0.101286,0.21588808,0.15760286,0.18291953,0.015800247,0.012641095
0.00023851071,0.008217734,0.16921042,0.43349788,0.09516114,0.029556116,0.12926105,0.0787745,0.012186723,0.042101,0.0005862091,0.0012087128
0.0003455023,0.00087992754,0.005191909,0.039733954,0.14346649,0.1124267,0.09169976,0.20412818,0.1866186,0.18179773,0.020131005,0.0135803195
0.00034530903,0.000881865,0.005304986,0.040751025,0.14370729,0.11188744,0.09246679,0.20540349,0.18401326,0.18202868,0.019689238,0.013520671
0.00034447113,0.00088771957,0.0054383934,0.041946035,0.14394298,0.11107256,0.09333279,0.20665263,0.18132854,0.18232682,0.019295977,0.013431078
0.00058461644,0.07264656,0.52596474,0.26593572,0.03245123,0.009228468,0.06168477,0.017578783,0.0031626106,0.010200385,0.00014642043,0.00041571909
0.00033560258,0.0009113963,0.0068013114,0.05393337,0.14513795,0.106033474,0.10047664,0.21588875,0.15832523,0.18355411,0.01574717,0.012854911
0.00034600374,0.00087659573,0.005006113,0.03806426,0.14323434,0.11351699,0.09043004,0.20179065,0.19118805,0.18096717,0.020890087,0.013689703
0.00023635168,0.0077851824,0.16076137,0.43080977,0.097682685,0.030602844,0.13144432,0.08203274,0.01285927,0.04389453,0.0006276631,0.0012632012
0.012072648,0.71849674,0.20928322,0.032129254,0.0051747747,0.0020656742,0.016030017,0.001363999,0.0016142136,0.0010274141,0.00017337754,0.0005686813
0.00038576074,0.042152412,0.4695476,0.32057118,0.04165501,0.011299613,0.07255996,0.02406558,0.0038193339,0.013314586,0.00016716626,0.000461846
0.0003457041,0.0008800329,0.0053066807,0.040777873,0.1436392,0.111885026,0.092467934,0.20551634,0.18386784,0.18213049,0.01963973,0.013543113
0.00022278239,0.013087797,0.26074544,0.4341816,0.07497412,0.02054076,0.10809936,0.052343782,0.00748639,0.027195167,0.0003462302,0.00077662425
0.00034586416,0.00087471714,0.0048714657,0.03684791,0.14306459,0.11443771,0.08942478,0.20004976,0.19463019,0.18019935,0.02147744,0.013776252
0.00022402094,0.0024218408,0.044130098,0.27628714,0.14438914,0.061891258,0.15690307,0.16318716,0.04228693,0.10202294,0.0026415016,0.0036149046
0.00025171947,0.0019334514,0.023853786,0.16895196,0.16292857,0.07835299,0.15368526,0.19764915,0.07037145,0.13171384,0.005170777,0.005137069
0.00032835227,0.00094458146,0.0073375795,0.05850967,0.14683805,0.10453861,0.10375728,0.2175941,0.15128523,0.18173313,0.014823038,0.012310347
0.00034540895,0.0008818838,0.005441594,0.041991487,0.14367288,0.11108638,0.09327034,0.20692584,0.18106757,0.18261991,0.019191748,0.013504934
0.00034508825,0.0008825509,0.005374538,0.041376535,0.1436275,0.11134732,0.09286876,0.20615794,0.18256532,0.18246634,0.019470809,0.013517395
0.019162012,0.7669854,0.16347733,0.02476867,0.004617708,0.0019716467,0.013889583,0.0013130911,0.0017651332,0.0009729547,0.00022312341,0.0008533128
0.000234138,0.002063059,0.03273063,0.2238109,0.15273924,0.0696514,0.15666339,0.1823687,0.054192178,0.11748682,0.003664477,0.0043950793
0.0002840543,0.0011553538,0.012942417,0.1060919,0.15206328,0.092435434,0.12489617,0.22154762,0.10622404,0.16418488,0.009047833,0.009126979
0.00032955714,0.0009396328,0.007256792,0.05784398,0.1466323,0.10479781,0.10329087,0.21734889,0.1522966,0.18193905,0.014941831,0.012382607
0.0002424012,0.008414639,0.17213625,0.43347722,0.09445183,0.02930459,0.12862968,0.0779372,0.0119909905,0.04164356,0.0005735262,0.0011980486
0.00024055985,0.0018736706,0.027228,0.19486873,0.15634453,0.07428476,0.15392731,0.19298519,0.062643066,0.12623604,0.0044103367,0.004957799
0.00031806584,0.0010145361,0.008187681,0.06549479,0.14956792,0.102334306,0.10881228,0.21950293,0.14159738,0.178116,0.013656009,0.011398102
0.00023339331,0.0021354477,0.03508912,0.23589745,0.15091032,0.067946404,0.15686761,0.17819232,0.051186863,0.11394279,0.0033830893,0.00421518
0.007801889,0.6492822,0.2651203,0.04432339,0.0063503203,0.0023356243,0.019577416,0.0016340107,0.001694547,0.001234886,0.0001574385,0.000487909
0.00034344057,0.0009016702,0.0061560413,0.04812444,0.14414117,0.10819409,0.09700842,0.21256773,0.16834573,0.18376052,0.017248232,0.01320849
0.00025120733,0.0014074114,0.019536726,0.15506521,0.15303253,0.082495816,0.14023715,0.21045871,0.08008703,0.14440496,0.0061757592,0.0068474226
0.0003026543,0.0010719624,0.010262894,0.083595835,0.1509788,0.09760936,0.11658597,0.22242676,0.122818716,0.17281707,0.01113946,0.010390466
0.00034300028,0.0009028326,0.0062572556,0.04904707,0.14430326,0.107942194,0.09755337,0.21315366,0.16669479,0.18368916,0.01695771,0.01315571
0.00025865578,0.021748526,0.3624564,0.39218777,0.05705512,0.015182628,0.09022821,0.036005203,0.0052049574,0.018862022,0.0002287131,0.0005817818
0.0002493963,0.0014566877,0.020256612,0.15921158,0.15391964,0.08159855,0.14218023,0.2086422,0.07791815,0.14207026,0.005936093,0.0065605766
0.00034535528,0.0008804116,0.0051813736,0.039643355,0.14347327,0.112469494,0.09163113,0.20396233,0.18690783,0.18173483,0.020191856,0.013578785
0.00022860986,0.002048393,0.032285083,0.22096963,0.15343241,0.06963141,0.1570209,0.18321548,0.05492856,0.11808328,0.0037526216,0.004403593
0.009597906,0.6883817,0.23397118,0.037542146,0.0057204417,0.002181283,0.017676892,0.0014765866,0.0016497116,0.0011186944,0.00016403136,0.0005194733
0.0019146869,0.26939544,0.5214235,0.13609912,0.0155472085,0.004621151,0.03940902,0.0052080303,0.0021158543,0.0037594764,0.00012449792,0.00038200105
0.000327896,0.00092914276,0.0074350345,0.059564713,0.14628828,0.10409804,0.103743576,0.21829684,0.14986144,0.18243393,0.014576722,0.0124443425
0.0003130175,0.0009836827,0.0089227,0.0724542,0.14838964,0.10016843,0.11046857,0.22204025,0.13363418,0.17858635,0.012507033,0.011531959
0.00026522603,0.0014056043,0.016711632,0.13236341,0.15696812,0.08636374,0.13772658,0.21484499,0.089301035,0.14972907,0.007144478,0.0071761385
0.0002166054,0.0022678846,0.037416324,0.24264532,0.15201461,0.065423325,0.16010383,0.17375673,0.049046807,0.109977715,0.0032427663,0.0038881516
0.00033380513,0.000919461,0.0069213095,0.054943126,0.14554553,0.10567441,0.101246186,0.21628922,0.15668944,0.18317294,0.015539556,0.012725044
0.00034577347,0.00089295604,0.0059582423,0.04646975,0.14373305,0.108957805,0.09584284,0.21140057,0.17150736,0.18383275,0.0176955,0.013363386
0.00031520255,0.001028058,0.00859779,0.06907535,0.15004466,0.10132668,0.110573016,0.2204552,0.13722831,0.17711824,0.013058469,0.011179024
0.00034513892,0.000888486,0.005657941,0.043859653,0.14390783,0.110239536,0.09444172,0.20879553,0.17696567,0.18295252,0.018544355,0.01340166
0.00029036528,0.0012901536,0.01225072,0.09760013,0.15692475,0.09415467,0.12676129,0.21938668,0.11091018,0.16214597,0.009772631,0.008512451
0.00029400276,0.0011175013,0.011690663,0.09587274,0.15170048,0.09480852,0.12123053,0.22247675,0.1131846,0.16805084,0.009895279,0.009678067
0.00021427932,0.004430902,0.088046275,0.3657606,0.12731904,0.04383617,0.15463187,0.11996233,0.023831474,0.068612054,0.0013061087,0.002048889
0.01642461,0.7512298,0.17993768,0.02659777,0.0046612993,0.0019562528,0.014365499,0.0013023702,0.0016570527,0.0009621574,0.00019521873,0.0007103614
0.0039355895,0.40774333,0.44465318,0.08688969,0.011830486,0.0036963266,0.03197732,0.004084725,0.00182161,0.002828272,0.00011844872,0.0004209604
0.00034182356,0.0008950928,0.006398044,0.050416786,0.1441075,0.10741368,0.098099634,0.21413,0.16429086,0.18417911,0.016538227,0.013189236
0.0003454391,0.000880826,0.005289379,0.040615447,0.1435634,0.111873284,0.09232761,0.20527217,0.18437865,0.18215887,0.019747803,0.013547119
0.00021697169,0.004395276,0.08685371,0.36477163,0.12795721,0.044370152,0.15429221,0.120376565,0.024048699,0.0693132,0.0013242246,0.0020802054
0.0003094362,0.001053838,0.009575024,0.07760947,0.15070234,0.099273235,0.114159755,0.22205485,0.12809142,0.1745967,0.011817948,0.01075597
0.00034517166,0.0008822365,0.0052874517,0.040590443,0.1436299,0.11189505,0.09233303,0.20518202,0.18449175,0.18205842,0.019778045,0.01352647
0.011340681,0.71221477,0.21447416,0.033282425,0.005322638,0.0020995524,0.01646045,0.0013829394,0.001635643,0.0010508905,0.00017372624,0.0005621274
0.00025472292,0.0022697956,0.029152762,0.19151658,0.16342025,0.074171245,0.15851805,0.18747455,0.061423477,0.12305276,0.004280385,0.004465457
0.00026914268,0.0015663406,0.016990257,0.13015576,0.16177908,0.086810686,0.14137818,0.21181335,0.088849686,0.14665954,0.0071202666,0.006607797
0.00033497633,0.0009283405,0.006579353,0.05168472,0.1453792,0.10632782,0.0998344,0.21452384,0.1618944,0.18320589,0.016512755,0.012794423
0.0002707812,0.0014574669,0.015563332,0.121500626,0.16002814,0.08848362,0.13724978,0.21492092,0.09438457,0.15121502,0.00777164,0.00715415
0.0003344986,0.0009303673,0.0067409915,0.053183477,0.14580418,0.1061444,0.10071143,0.21524622,0.1594209,0.18276204,0.016043214,0.012678307
0.015162519,0.7433065,0.18740669,0.027819855,0.004772998,0.0019784027,0.014755766,0.0013107657,0.0016520417,0.00097465725,0.00019051178,0.0006692872
0.008732286,0.6716809,0.2473742,0.040431462,0.005995711,0.0022449007,0.018499458,0.0015412943,0.0016693935,0.0011655546,0.00016138068,0.0005033309
0.016615387,0.75261587,0.17858666,0.026430296,0.0046499297,0.0019542733,0.014311619,0.0013013481,0.0016601369,0.0009604557,0.000196647,0.000717501
0.00908485,0.6775414,0.242657,0.039421394,0.005887971,0.002218508,0.018199416,0.0015206382,0.0016534977,0.001148643,0.000161093,0.0005056791
0.00034526715,0.00089242257,0.005870464,0.045706905,0.14382158,0.109244056,0.095451035,0.21069008,0.1730572,0.18359883,0.017957702,0.013364421
0.00033853378,0.0009118502,0.006480128,0.05097905,0.14481309,0.106953315,0.09895618,0.2143059,0.16319358,0.18357363,0.016520804,0.012973831
0.0004530281,0.054340646,0.49858886,0.29901397,0.0359846,0.010020779,0.06606231,0.020061059,0.0034325172,0.011456861,0.00015206875,0.00043318167
0.012873797,0.72629523,0.20260729,0.0307834,0.005040971,0.0020364895,0.015607702,0.0013448107,0.0016265773,0.001007187,0.0001784638,0.0005981447
0.018922502,0.7656327,0.16508852,0.02485988,0.0045918403,0.0019619719,0.013878898,0.0013083244,0.0017400151,0.0009664147,0.00021773393,0.00083125394
0.000250492,0.002307973,0.02996453,0.1952067,0.16336323,0.07317726,0.1594807,0.18583067,0.060286336,0.12158172,0.0041869604,0.0043633687
0.0003217788,0.0010072581,0.0077962335,0.062067397,0.14929657,0.1034869,0.107177645,0.21827208,0.1461328,0.1786072,0.014272064,0.011562134
0.00023758922,0.006200824,0.1237554,0.4019349,0.11292697,0.036706377,0.14425582,0.0994226,0.017267937,0.05481297,0.0008884104,0.0015901508
0.017732184,0.7574495,0.17372346,0.025675397,0.0045723678,0.0019469188,0.014050443,0.0013021104,0.0016530062,0.0009540544,0.00019736038,0.0007431707
0.0003319405,0.0009158736,0.0071007386,0.056620724,0.14553523,0.10506409,0.10195095,0.21716212,0.15416211,0.18330316,0.015151736,0.012701302
0.00034458918,0.0008870006,0.0055271513,0.042733025,0.14381935,0.11054123,0.09379196,0.20765795,0.17945956,0.18279596,0.018997902,0.013444267
0.0003361932,0.0009109285,0.0067452868,0.053420518,0.14505665,0.10620208,0.1002,0.21564177,0.15914926,0.18358749,0.015869386,0.012880458
0.00022124167,0.01542425,0.294694,0.4233128,0.06859719,0.018308748,0.10233355,0.045917537,0.0065390244,0.023661835,0.00030481996,0.0006850007
0.0003263601,0.0009838277,0.007388348,0.058631998,0.14838324,0.10463962,0.1049694,0.21711266,0.15103059,0.1797401,0.014903987,0.0118898135
0.00027919575,0.0012633641,0.014050599,0.113838464,0.15472338,0.0906511,0.12980077,0.21953978,0.10059103,0.1585675,0.008415781,0.008279031
0.00032166386,0.0009822297,0.0079665445,0.0639168,0.14851664,0.10299492,0.1072293,0.21925762,0.1438305,0.17941543,0.013832355,0.011735997
0.00028370036,0.001253897,0.013577971,0.110043935,0.15474656,0.091657855,0.12866427,0.21998027,0.10289724,0.15979098,0.008674311,0.008428989
0.0003451684,0.0008832136,0.005474977,0.042281386,0.14372393,0.11090711,0.09346107,0.20723669,0.18042098,0.1826766,0.01910441,0.013484492
0.0002675613,0.0013109262,0.015962657,0.1287334,0.1543706,0.08743498,0.13407286,0.21694233,0.09221209,0.1534916,0.00746781,0.007733133
0.0003447232,0.0008978062,0.0058361087,0.04539186,0.14428551,0.10954841,0.095469385,0.21011665,0.17376521,0.18298945,0.018079383,0.0132755125
0.00032418294,0.00094426196,0.007781413,0.06260604,0.14704476,0.10317826,0.10554062,0.21930853,0.14567763,0.18139467,0.0140229,0.012176752
0.00034516008,0.0008828104,0.005371444,0.04134151,0.14369315,0.11143667,0.09286445,0.20614,0.18261267,0.18233708,0.019468905,0.013506178
0.00027021515,0.0014128743,0.016022718,0.12661505,0.15793243,0.08768432,0.13687024,0.21544994,0.0920705,0.15096276,0.0074509745,0.007257942
0.007403686,0.63632023,0.27536565,0.04652099,0.0065477276,0.0023815536,0.020172527,0.0016924085,0.0016912816,0.0012763974,0.00015343133,0.00047408175
0.00034229056,0.0009056413,0.006245168,0.04891105,0.14439794,0.10785394,0.09756767,0.21304718,0.16690578,0.18364927,0.017044855,0.01312928
0.01887195,0.76542914,0.16529012,0.02489777,0.0045955423,0.0019625796,0.013892962,0.0013087427,0.001738438,0.0009662776,0.0002174142,0.0008290682
0.0003441761,0.00089481904,0.0057001985,0.04419395,0.14406772,0.10985927,0.09477357,0.20907722,0.1762454,0.18297763,0.018522514,0.013343521
0.01891032,0.76546484,0.16524938,0.024878504,0.004591407,0.001962102,0.013883492,0.0013087393,0.0017380235,0.0009661577,0.00021730618,0.00082979194
0.013313155,0.7270283,0.20194341,0.030463064,0.004981711,0.0020306567,0.015507554,0.0013518868,0.0016026793,0.0010049167,0.00017433416,0.0005982975
0.00034514334,0.00089716614,0.006025175,0.047037426,0.14401016,0.10879961,0.096268944,0.21173325,0.17044379,0.1836267,0.017528163,0.013284494
0.01858887,0.76346725,0.16750096,0.025025541,0.0045718974,0.0019537667,0.013899058,0.0013049816,0.0017104165,0.00096082926,0.00021116201,0.00080527354
0.00026190744,0.0033087435,0.054039065,0.28497335,0.14799838,0.059452143,0.16036057,0.15262398,0.037000954,0.094707265,0.0021924295,0.0030811394
0.0003447688,0.00088498613,0.0054558194,0.04210676,0.1437336,0.110870644,0.09337608,0.20697042,0.18089484,0.1826658,0.01921834,0.01347793
0.0002819561,0.0012329579,0.013527963,0.10989638,0.15419927,0.09156335,0.12810123,0.2202379,0.10316258,0.16054974,0.008708925,0.00853771
0.00034409546,0.00089968316,0.0061397925,0.048019234,0.1441096,0.10833714,0.09688685,0.21247452,0.16857606,0.18373458,0.01724909,0.013229313
0.00022815917,0.002276761,0.037273396,0.2420606,0.15163438,0.06637098,0.1585514,0.17431284,0.049158856,0.11094291,0.0032245333,0.003965207
0.00034027384,0.0009211129,0.0063644242,0.049876858,0.14526108,0.107602656,0.09855975,0.21332912,0.16516298,0.18284331,0.016836928,0.012901558
0.00034369453,0.0008981542,0.006097637,0.04764934,0.14395863,0.10827705,0.0966506,0.21230732,0.16923203,0.18392755,0.017392935,0.0132651245
0.00034603177,0.0008775706,0.00507896,0.038707122,0.14334595,0.11312578,0.09093817,0.20274355,0.18935001,0.18128015,0.020561365,0.013645304
0.009251354,0.68389547,0.23749238,0.038436554,0.005813247,0.0022037101,0.01793255,0.0014903704,0.0016701486,0.0011312058,0.00016543145,0.00051754335
0.002897193,0.36712393,0.46976802,0.10090137,0.012684758,0.0038116039,0.03359121,0.0039675627,0.0018864805,0.0028603214,0.00012262912,0.00038502258
0.00023813671,0.008145236,0.14291045,0.37715983,0.1194812,0.03541094,0.15105572,0.09477284,0.017046718,0.051490746,0.00088971737,0.0013984357
0.00027820046,0.0012732616,0.014099287,0.11396425,0.1550053,0.090536624,0.13014713,0.21930934,0.10042293,0.15833601,0.0084087,0.008218932
0.00022492539,0.00225207,0.039696738,0.2586204,0.14705907,0.064458326,0.15690278,0.17022991,0.046199147,0.10748864,0.0029690717,0.0038988916
0.00033608137,0.000915831,0.00674386,0.05336887,0.14527208,0.10626253,0.1003321,0.2155091,0.15922388,0.18331286,0.015897328,0.012825503
0.006884194,0.61970043,0.28827083,0.04944953,0.00682033,0.002455184,0.020973407,0.0017725969,0.0017157478,0.0013363685,0.00015143261,0.00046987555
0.00022773996,0.0021029427,0.02869665,0.19513854,0.16150701,0.0723033,0.15909506,0.18785469,0.06144389,0.12275838,0.0043809796,0.0044907904
0.0003451122,0.0008859611,0.005559642,0.043018084,0.14385402,0.110603146,0.093925074,0.20796323,0.17880397,0.18276209,0.018841607,0.013438065
0.011514389,0.71345884,0.21347573,0.033036374,0.005285784,0.0020910888,0.016357167,0.0013784849,0.0016243899,0.0010449771,0.00017275247,0.00056007796
0.00034613084,0.0008748839,0.0048512253,0.036628738,0.14307962,0.11471815,0.08930902,0.19974783,0.19516337,0.17994931,0.021546047,0.013785659
0.00038913486,0.0456975,0.47878537,0.31472594,0.03989646,0.010743183,0.07065778,0.022311155,0.0036796143,0.012508508,0.0001642542,0.0004410565
0.00028212855,0.0012054066,0.012065722,0.09701531,0.15432055,0.09360082,0.124488644,0.22058329,0.11208849,0.16546565,0.009931338,0.008952662
0.00029521994,0.001168838,0.010920543,0.08788431,0.15366068,0.096268974,0.1206993,0.22112145,0.118972294,0.16873589,0.01077537,0.009497073
0.00032816245,0.0009593354,0.007247686,0.057566673,0.14737655,0.104833424,0.10377559,0.21698129,0.15259981,0.18106394,0.015085504,0.012182016
0.00026437722,0.0015787362,0.017237397,0.13163434,0.1619996,0.08611656,0.14218538,0.21101132,0.088207245,0.14616656,0.007081501,0.0065170005
0.0003149674,0.0010068639,0.008482181,0.06816471,0.14922188,0.10128564,0.10963587,0.22059989,0.13827704,0.17838018,0.013223859,0.011406915
0.00034522556,0.00088530045,0.0055718026,0.04312053,0.14378132,0.11054471,0.0939676,0.20810466,0.17856191,0.18287359,0.018794723,0.01344862
0.018172048,0.76017386,0.17088376,0.025400119,0.0045655514,0.0019493315,0.013972132,0.0013039379,0.0016642164,0.00095356384,0.00020090773,0.000760656
0.00034278957,0.00090473285,0.0062025036,0.048533987,0.14433289,0.108006395,0.097322784,0.21279918,0.1675984,0.18365239,0.01715003,0.01315382
0.00034434715,0.00089783315,0.0061151013,0.047849223,0.14408827,0.108421445,0.09675128,0.21234804,0.16891949,0.18372776,0.017289348,0.013247871
0.00026379214,0.022094358,0.3647351,0.38930076,0.057083048,0.015202111,0.090304196,0.03611481,0.005205273,0.018885091,0.00022853207,0.0005829068
0.00025153396,0.0015870978,0.02134909,0.16338004,0.15681054,0.08049343,0.14611705,0.20549467,0.07487166,0.13804096,0.005575378,0.0060285362
0.0003450942,0.00088982884,0.0057151453,0.044333324,0.14383899,0.109934606,0.09470762,0.20935383,0.17592542,0.18316625,0.018395696,0.013394195
0.00034638337,0.0008766497,0.005041273,0.038354963,0.14330669,0.11340323,0.09067989,0.20229498,0.19027585,0.1810599,0.020691162,0.013668992
0.00034479407,0.00088407757,0.0053885398,0.041493736,0.14363725,0.1112193,0.09295513,0.20624638,0.18236354,0.1824992,0.019464863,0.013503168
0.00034434762,0.0008879863,0.0055609583,0.043015186,0.14371948,0.11026703,0.09396543,0.2079622,0.17887358,0.1830186,0.018937457,0.013447707
0.0003446827,0.0008868531,0.0055521033,0.042944837,0.14379124,0.11045306,0.093901776,0.2079368,0.17895016,0.18288402,0.018909628,0.01344491
0.00034410038,0.000902037,0.0058144066,0.045168985,0.14445795,0.109574914,0.09547712,0.20981854,0.17422125,0.18278795,0.018198865,0.013233925
0.00029691323,0.0010900465,0.010790447,0.08802563,0.15117936,0.09630587,0.11843048,0.2224713,0.11920416,0.1714037,0.010708171,0.010093924
0.0003450689,0.00088280224,0.0053595565,0.041241415,0.14364189,0.11143895,0.09277478,0.2059813,0.18290944,0.18238196,0.019527905,0.013514981
0.00030900145,0.0010367238,0.0090491185,0.07287389,0.15007515,0.09990501,0.112277634,0.22152124,0.13285159,0.17654279,0.0125477435,0.011010106
0.012442999,0.7230751,0.20536707,0.03133959,0.0051105027,0.0020532464,0.015822085,0.001353301,0.0016406511,0.0010197659,0.00017879765,0.0005969131
0.00024770905,0.0056466144,0.11303203,0.39944455,0.11404853,0.038882166,0.14440101,0.104724705,0.018448802,0.058443144,0.0009515022,0.0017292838
0.0027704472,0.36901537,0.46569547,0.10389425,0.012493978,0.0038004315,0.0334553,0.0036937234,0.0019635374,0.0026971193,0.00012942981,0.0003908382
0.0002542284,0.0073060873,0.14424713,0.41432345,0.10541885,0.033660796,0.13835257,0.09043455,0.014774834,0.04906399,0.00073484716,0.001428703
0.0002352276,0.0018956716,0.029639356,0.210783,0.15320323,0.072056755,0.15424207,0.18848814,0.058401726,0.12224999,0.004028671,0.0047761463
0.0014594538,0.2102156,0.54848945,0.15830556,0.018301822,0.0053730644,0.043481335,0.006830756,0.0022549978,0.004790693,0.00012560484,0.0003717044
0.00031675954,0.000999684,0.008211412,0.065747,0.14892633,0.10193453,0.10849681,0.2199154,0.14119832,0.17906798,0.013637975,0.011547755
0.00025733738,0.0013196919,0.017964514,0.1450127,0.1521983,0.08478622,0.136255,0.21375637,0.08506431,0.14923887,0.0067088236,0.0074378904
0.00034130606,0.00090828777,0.006273653,0.049125236,0.14447664,0.10766029,0.097776964,0.21318574,0.1664805,0.18365352,0.017022023,0.013095835
0.0042786193,0.49346414,0.3815356,0.07457844,0.009320894,0.0030576058,0.026986895,0.0025152944,0.0018357326,0.00186101,0.00013976902,0.00042599798
0.00024915635,0.0013949838,0.01989753,0.15815748,0.15208504,0.08209747,0.1399747,0.20992929,0.07917428,0.14407241,0.006094947,0.006872672
0.00027567684,0.0013763075,0.014357969,0.11369228,0.15849079,0.09025287,0.13333957,0.2171861,0.0996552,0.1553068,0.008389027,0.007677419
0.00034406214,0.0009057629,0.0060602445,0.04730137,0.14448532,0.10867816,0.09665862,0.21173127,0.16994143,0.18321303,0.017514061,0.013166631
0.0003437238,0.00091080565,0.006089952,0.04752847,0.1447481,0.1086347,0.09691553,0.21180029,0.1695248,0.18294337,0.017463217,0.013096967
0.0113465935,0.7125752,0.21416639,0.033237744,0.005319578,0.0020984923,0.016449714,0.0013813135,0.0016374637,0.0010500841,0.00017419783,0.00056316546
0.008028338,0.6536236,0.26180995,0.043463584,0.0062688584,0.0023103536,0.019345256,0.001617019,0.0016724298,0.0012194718,0.0001563261,0.0004848099
0.00024288242,0.004494442,0.0862363,0.36190328,0.12764631,0.04593639,0.15256138,0.12212993,0.024134438,0.07125247,0.0013109891,0.0021511388
0.0050576017,0.5195422,0.36464795,0.06707862,0.008696078,0.0029073057,0.025545098,0.0024506531,0.0017292922,0.0017848691,0.00013170285,0.0004285306
0.00022241914,0.0020614439,0.036651466,0.24910666,0.14694108,0.066253036,0.15528294,0.17542398,0.04910831,0.11150289,0.0032385846,0.0042072264
0.00032539613,0.0009871162,0.0074817524,0.05945287,0.14853987,0.10438634,0.10544841,0.21742369,0.14984666,0.17954308,0.014736049,0.011828806
0.00034474098,0.0008857981,0.0055034715,0.042536035,0.1438107,0.11067296,0.09365035,0.20747505,0.17988628,0.1827265,0.019052494,0.0134556
0.00028898404,0.0011866336,0.011358858,0.0912942,0.15389857,0.095053956,0.12234797,0.2209137,0.11636278,0.1675489,0.01049256,0.009252907
0.0024359599,0.33080992,0.48889527,0.11468687,0.013598847,0.0040678456,0.035696004,0.004226465,0.0020081066,0.0030633302,0.00012641687,0.00038496178
0.008681608,0.6709708,0.24795026,0.040569663,0.006009492,0.0022459303,0.01853733,0.0015417632,0.001666055,0.0011662949,0.00016107975,0.0004997326
0.00031542193,0.0009947693,0.008714541,0.07057275,0.14893238,0.10089588,0.110152945,0.22131054,0.1357272,0.17817754,0.012761773,0.011444258
0.018513346,0.76331466,0.16760059,0.025098551,0.0045861704,0.0019569504,0.013934791,0.0013068117,0.0017111921,0.0009615808,0.00021147546,0.0008040183
0.0002535572,0.0023979223,0.03164213,0.20195295,0.16281754,0.072190605,0.16003932,0.18324359,0.057886463,0.11939053,0.003953808,0.0042316495
0.00027590673,0.0013372792,0.014700131,0.117642075,0.15671144,0.08968921,0.13287878,0.21783495,0.09768134,0.15535168,0.008095972,0.00780125
0.014190439,0.73678315,0.19336349,0.028965937,0.0048723524,0.0019995903,0.015056256,0.0013220978,0.001638497,0.0009856874,0.0001852843,0.00063719373
0.0003449131,0.00088664383,0.0055782953,0.04316135,0.14378488,0.11042092,0.094007395,0.20819281,0.17845324,0.1829079,0.01881914,0.0134425135
0.00032187448,0.0009641066,0.007653555,0.060978603,0.14739792,0.10314613,0.10544347,0.21866548,0.14748517,0.18138479,0.014492397,0.012066602
0.00029484998,0.02523568,0.37911534,0.36360592,0.060367513,0.015564822,0.09313564,0.037160516,0.0053903405,0.01929584,0.00024438353,0.00058924826
0.016652245,0.7529737,0.17824334,0.02639895,0.00464688,0.0019534384,0.0142977005,0.0013007779,0.0016591253,0.00095959555,0.0001967287,0.00071747735
0.00023253103,0.008231756,0.17218167,0.43759388,0.093479484,0.028948208,0.12768628,0.07692666,0.011859798,0.041114904,0.000568849,0.0011759631
0.00093812926,0.12673004,0.5629431,0.20621037,0.023933947,0.007032039,0.050936356,0.010891739,0.002622744,0.0072423397,0.00013184558,0.0003872896
0.00033189627,0.0009572414,0.0069292234,0.0546763,0.14713413,0.10585616,0.102255784,0.21553911,0.15703386,0.18122707,0.01574558,0.012313674
0.00034513546,0.00088332384,0.0055316696,0.042779244,0.14358474,0.11052705,0.093729086,0.20788127,0.17927697,0.1830252,0.018940592,0.01349571
0.0002901242,0.0011563618,0.011952223,0.09729338,0.15269832,0.09425891,0.12292178,0.22183509,0.11191542,0.1665631,0.009790122,0.009325166
0.0003251633,0.000962651,0.007486062,0.059662513,0.147563,0.104014665,0.104839265,0.21793967,0.14949934,0.18095443,0.014670401,0.0120827835
0.00033401087,0.0009108683,0.006851501,0.054284826,0.14496721,0.105629854,0.10063655,0.21623614,0.15765207,0.18392707,0.01570221,0.012867636
0.00022526157,0.004754803,0.09949689,0.39413327,0.11735892,0.04088288,0.14566015,0.1111198,0.02049819,0.062893525,0.0010928935,0.0018834067
0.00034615438,0.0008763647,0.004945137,0.037486866,0.14324185,0.114044376,0.09000708,0.20096196,0.19274482,0.18049364,0.021134574,0.013717176
0.0003091976,0.0009975336,0.009343281,0.07608214,0.14875048,0.09918812,0.11213169,0.22272697,0.12978025,0.17736194,0.01201878,0.01130959
0.00031008388,0.0010411908,0.009321288,0.075384125,0.15027386,0.099632405,0.11313937,0.22196284,0.13022465,0.17565763,0.012123811,0.010928747
0.000208446,0.010818385,0.2311543,0.4437175,0.078586444,0.02245733,0.113227926,0.059201524,0.008538595,0.030834382,0.0004019719,0.00085318467
0.0003412113,0.0009075666,0.006380255,0.050138142,0.14464018,0.10754856,0.098332755,0.2137525,0.16474473,0.1834891,0.0166734,0.013051645
0.00029741347,0.0010996326,0.011059147,0.09044113,0.15145756,0.09599679,0.11924886,0.2224255,0.11727444,0.17029804,0.010431755,0.009969672
0.00034521133,0.0008974332,0.0059791133,0.046619505,0.1439939,0.10893228,0.096043885,0.211409,0.17123161,0.18357718,0.017674375,0.013296568
0.007818015,0.64740545,0.26671976,0.04450638,0.0063622235,0.0023373037,0.01963874,0.0016476602,0.0016826475,0.00124183,0.00015523726,0.00048474764
0.00024433216,0.0015694126,0.021375084,0.16354805,0.1564495,0.08001924,0.14606853,0.20549439,0.075030655,0.13851094,0.005648563,0.006041363
0.0021301645,0.294388,0.5098142,0.1258741,0.014709245,0.0043874355,0.03786352,0.004784671,0.002066823,0.0034728814,0.0001249416,0.00038395345
0.00022068112,0.013465495,0.2645822,0.42713708,0.07585917,0.020410517,0.10971427,0.05279408,0.007567366,0.02712685,0.00035264375,0.00076966756
0.013395017,0.72712994,0.20183533,0.030412855,0.004972584,0.0020300886,0.01549226,0.0013533181,0.0016004702,0.0010048914,0.00017383935,0.000599427
0.00031326694,0.001034564,0.008549421,0.06839106,0.14998771,0.1010683,0.1105068,0.2203108,0.13789274,0.17747936,0.013286181,0.0111798225
0.014375399,0.7375983,0.19263808,0.028746465,0.0048533725,0.0019976592,0.015008064,0.0013217353,0.0016426108,0.0009860807,0.0001859241,0.00064628065
0.0003442066,0.00090520637,0.0059693777,0.04649351,0.14441602,0.108948424,0.09620576,0.21109326,0.17149247,0.1831433,0.01778851,0.013199933
0.00031341676,0.0009949342,0.0088655725,0.071835496,0.14882219,0.10040055,0.11059435,0.22174615,0.13424444,0.17815395,0.012600709,0.011428268
0.00024642155,0.0015240022,0.021366693,0.16549875,0.15472697,0.080249324,0.14467317,0.20598012,0.074911855,0.13899706,0.0056184027,0.0062071607
0.00031969708,0.000984235,0.00798132,0.06390033,0.14845008,0.10262901,0.10730075,0.21939555,0.1436586,0.17973606,0.0139073385,0.011737079
0.00033314654,0.00093790307,0.006873127,0.054351475,0.14629246,0.105879046,0.10154489,0.21569602,0.15757138,0.18222429,0.015758347,0.012537945
0.0019866638,0.27532944,0.5207664,0.13123132,0.015453286,0.0045966716,0.039048485,0.0052244123,0.0021025045,0.0037543962,0.0001239806,0.0003824325
0.0150803495,0.7428436,0.18784344,0.027933098,0.004777483,0.001979112,0.014762758,0.0013108255,0.0016446311,0.0009742259,0.00018928804,0.00066119677
0.018902509,0.76520425,0.1656105,0.024851816,0.00457492,0.001957519,0.013856534,0.0013063477,0.0017308736,0.0009640555,0.00021569799,0.0008250337
0.00030202614,0.0010440621,0.010208737,0.083419636,0.15005001,0.09743746,0.11574429,0.22296992,0.12310314,0.17392918,0.011158235,0.01063329
0.0003417539,0.0009018643,0.0063488823,0.049888723,0.14432077,0.107572414,0.09801639,0.21373193,0.16518398,0.18383779,0.016722595,0.013132921
0.0002903811,0.0011059925,0.0114474865,0.09344534,0.15133049,0.094792426,0.120465495,0.22249223,0.11500405,0.16963658,0.01019788,0.009791633
0.00032728855,0.00092048594,0.007472563,0.0598974,0.14582422,0.10377531,0.10360478,0.21863772,0.14936635,0.18311125,0.014514003,0.012548639
0.00021505197,0.0037213597,0.06763525,0.31476068,0.14202933,0.051866833,0.1620074,0.13864657,0.031279914,0.083491646,0.0018343132,0.0025116086
0.00030589785,0.0010606877,0.009795151,0.07946011,0.15077744,0.09858936,0.11503102,0.22221299,0.1264134,0.17412047,0.0116191525,0.010614364
0.00034505094,0.00088768103,0.005615959,0.04349313,0.14388266,0.11038118,0.0942283,0.20844369,0.1777549,0.18287969,0.018673595,0.013414141
0.00027552154,0.0013986628,0.015452333,0.12248003,0.15794568,0.08882098,0.13554318,0.21625729,0.09437183,0.15233515,0.0076958267,0.0074234405
0.017012166,0.75493294,0.1763038,0.02610316,0.0046259407,0.0019514543,0.014214497,0.0013010246,0.00166499,0.00095883576,0.0001986786,0.00073257985
0.00032536898,0.030693138,0.42388046,0.34842396,0.050275028,0.013278319,0.08164845,0.030196635,0.0044826237,0.016074903,0.00019693565,0.00052418304
0.00034470035,0.0008932439,0.005771688,0.04482181,0.14393009,0.10960361,0.09503676,0.20981467,0.17489497,0.18325499,0.018275257,0.01335822
0.00027665115,0.0012071055,0.01407352,0.11494761,0.15286423,0.09048315,0.12839316,0.22002698,0.10054059,0.16019727,0.008403221,0.008586494
0.00020663626,0.008857333,0.19202965,0.4425686,0.08764308,0.026021123,0.123200245,0.070357196,0.010616795,0.036978498,0.0005059483,0.0010149298
0.00023038994,0.0024644316,0.035338067,0.2206728,0.15995957,0.06782176,0.16336003,0.17668928,0.052947078,0.11310163,0.0035433143,0.0038717038
0.0003452917,0.00088213524,0.00537911,0.0414304,0.14375775,0.11146215,0.09293945,0.20621495,0.1823645,0.18230818,0.0194116,0.013504561
0.003174028,0.40622213,0.4418809,0.094028205,0.011471874,0.0035682297,0.031478442,0.0032996347,0.0019261368,0.002415408,0.00013207384,0.00040291596
0.000244147,0.005273221,0.10490021,0.3904477,0.117797375,0.040664442,0.14671153,0.10941399,0.01988922,0.06178241,0.001042397,0.001833333
0.0002930597,0.0012263752,0.011718178,0.09406386,0.15500823,0.09504143,0.12396367,0.22056817,0.11388629,0.16515526,0.010106581,0.008968904
0.0003075814,0.001003321,0.009527669,0.0776905,0.14889622,0.09877097,0.1128392,0.2229326,0.12820844,0.17680275,0.011813716,0.01120704
0.0003102961,0.0010606787,0.009238231,0.07439783,0.15096106,0.09989736,0.113345936,0.22147553,0.13113661,0.17509557,0.012294853,0.0107860295
0.00034501633,0.0008863498,0.0055666603,0.04307095,0.14386058,0.11056856,0.09397061,0.20800363,0.17867526,0.18278898,0.018828863,0.013434541
0.00034506523,0.0008919713,0.0058096237,0.045168556,0.14386408,0.10949455,0.09517686,0.21016602,0.17417364,0.18340547,0.018135892,0.013368211
0.00027571354,0.0012804744,0.014932022,0.121122755,0.15446821,0.089219466,0.1316267,0.21863571,0.096369915,0.15609623,0.0079086535,0.008064099
0.0009061177,0.12177344,0.5628387,0.20885597,0.024580207,0.0071806735,0.05178633,0.011388151,0.0026605993,0.0075090574,0.00013298455,0.00038776206
0.00034457698,0.00090164435,0.0060159327,0.046940945,0.1442663,0.10880273,0.096343465,0.21155088,0.17063442,0.18336885,0.017602857,0.013227428
0.00033130107,0.000935194,0.007086173,0.056317143,0.1463268,0.10524196,0.1024107,0.21676624,0.1545732,0.18224947,0.015269832,0.012492005
0.00023379177,0.005909322,0.124355115,0.41733256,0.1073474,0.035815455,0.1392762,0.09745191,0.01645468,0.053405117,0.00084514346,0.0015733092
0.00033450156,0.0009291275,0.00677429,0.05351585,0.14582266,0.10610052,0.10084344,0.21541177,0.158906,0.18274856,0.015939783,0.012673544
0.0060089407,0.58607215,0.31393442,0.05569472,0.007429873,0.0025942337,0.022527361,0.0019443667,0.0017390987,0.001454733,0.00014685382,0.0004532182
0.00040282277,0.04741058,0.48308986,0.31199786,0.038763914,0.0105827795,0.06948256,0.021780474,0.0036167921,0.012271677,0.00016054262,0.00044012707
0.00034370588,0.0008971505,0.006211672,0.048655774,0.14391167,0.107986845,0.09717406,0.213052,0.16737942,0.1840824,0.017052751,0.0132525265
0.0003140283,0.0009817784,0.008773459,0.07110416,0.14831267,0.10048759,0.10994014,0.22174148,0.13510028,0.17895256,0.012708314,0.011583594
0.0003438546,0.0008994157,0.0061237854,0.04789857,0.14411795,0.10830487,0.096818075,0.2124007,0.1687994,0.18375598,0.017304553,0.013232852
0.0003233661,0.00095023826,0.007809327,0.062745966,0.14720957,0.103063494,0.10577729,0.2193397,0.14540687,0.18123752,0.014019774,0.012116915
0.0003448096,0.00088995136,0.0056942757,0.044165656,0.14384568,0.10991208,0.09461925,0.20918928,0.17627761,0.18317915,0.018482309,0.013399925
0.00034560674,0.00086801214,0.0046252115,0.034549586,0.1422117,0.11636957,0.08750112,0.19646615,0.20138283,0.17901297,0.02260919,0.014058096
0.0003463065,0.0008760494,0.0049875635,0.037881754,0.1432305,0.113716945,0.09029199,0.20157844,0.19161524,0.1808418,0.020931521,0.013701847
0.00034395672,0.00090644887,0.006043129,0.04713658,0.14448231,0.10870458,0.09658736,0.2116158,0.17025138,0.18318678,0.017576305,0.013165288
0.00029566273,0.0011155854,0.01123371,0.09168315,0.15188065,0.09565491,0.12011578,0.22226453,0.11622993,0.16941826,0.0103105465,0.009797264
0.0002679212,0.008631834,0.14210597,0.36320087,0.121178366,0.03720534,0.15358852,0.09908301,0.018051744,0.054288205,0.00092582166,0.0014724471
0.00034513645,0.00088260265,0.005366843,0.041306563,0.14362131,0.111386985,0.09281128,0.20609218,0.18274397,0.18242946,0.01949646,0.013517151
0.01838257,0.7623147,0.16865955,0.025180567,0.0045820717,0.0019552538,0.013953375,0.0013069218,0.001700516,0.00096052495,0.00020900482,0.0007949017
0.019284625,0.76726943,0.16322112,0.024678672,0.0046017705,0.0019685836,0.013848193,0.0013116283,0.0017647127,0.00097229896,0.00022301966,0.00085597247
0.00034577635,0.0008904785,0.005848592,0.04553117,0.14383493,0.10952286,0.095332734,0.21045397,0.17345932,0.18343812,0.017965432,0.01337656
0.0068852487,0.62064326,0.28750068,0.04932277,0.006810779,0.0024536604,0.020941557,0.0017660047,0.0017195763,0.0013329702,0.00015217402,0.00047131805
0.00022704474,0.01301856,0.2510458,0.42039973,0.080961436,0.022000587,0.11553624,0.057618883,0.008366423,0.029605595,0.00039174105,0.0008279622
0.00032526406,0.0009345013,0.007685891,0.061803296,0.14659126,0.10334743,0.104902335,0.21913406,0.14679441,0.18200988,0.014158218,0.012313434
0.0003451584,0.00088259927,0.005351192,0.041157696,0.1436762,0.111553475,0.092743285,0.20590821,0.18305784,0.18227097,0.019541519,0.013511872
0.00034083505,0.00092410244,0.0063425708,0.0496674,0.1454399,0.10780709,0.09850873,0.21307448,0.16556087,0.18257125,0.01689197,0.012870836
0.00033192078,0.0009176172,0.007078577,0.05637421,0.14555094,0.1050938,0.10188338,0.21706185,0.15448117,0.18331046,0.015220115,0.01269588
0.00026520912,0.0017016155,0.018883104,0.14095291,0.16328023,0.08443374,0.14610381,0.20738354,0.08285219,0.1416592,0.006451251,0.0060332487
0.00022905895,0.003286379,0.063467465,0.32885706,0.1355703,0.05306892,0.15528372,0.13993037,0.031063467,0.08471409,0.0017911862,0.0027379417
0.00032407694,0.0009307922,0.0078138085,0.06299568,0.14646222,0.10289233,0.1052835,0.21965986,0.1452557,0.18212344,0.013937976,0.012320588
0.0003445919,0.0009010198,0.005946052,0.046317115,0.14421855,0.10900635,0.09599211,0.21106118,0.17184398,0.18330471,0.017813796,0.013250517
0.018834326,0.7648357,0.16584192,0.024977239,0.0045953444,0.0019640469,0.013919173,0.0013102533,0.0017245357,0.00096391607,0.00021444658,0.00081908837
0.00030430115,0.0010636196,0.010060118,0.0818673,0.15080525,0.09804549,0.11583282,0.22240369,0.12430688,0.1734664,0.011328063,0.010516101
0.0003228865,0.00094753044,0.0077767274,0.062340535,0.14693104,0.1029504,0.10551935,0.21933796,0.14581585,0.18175013,0.014125711,0.012181944
0.00033611938,0.0009022389,0.006808377,0.054098498,0.14479527,0.10599182,0.10027053,0.2160697,0.15813659,0.18397182,0.015666924,0.012952129
0.0002966099,0.0012495678,0.011903421,0.09557165,0.15567586,0.09513269,0.12482048,0.22033143,0.11255437,0.16373742,0.009894818,0.008831609
0.000343393,0.0009058234,0.0060888873,0.047531903,0.14440125,0.1084356,0.09679556,0.21199568,0.16947834,0.18339096,0.017465493,0.013167137
0.00033392367,0.00090266933,0.006985142,0.055687822,0.14491092,0.10534476,0.101061955,0.21689627,0.1556533,0.18401267,0.015318358,0.01289224
0.0002738464,0.0015276809,0.01604432,0.12371209,0.16158336,0.08828682,0.13917178,0.21340944,0.09251952,0.14906496,0.0075344653,0.0068716444
0.00036286606,0.040753033,0.46508026,0.32658753,0.041793063,0.011229326,0.0727378,0.023815954,0.0038274887,0.0131865945,0.00016833884,0.00045775785
0.00022713414,0.0064856806,0.13157012,0.40563217,0.110563226,0.03494047,0.14354366,0.0961555,0.016402105,0.05214625,0.0008338483,0.0014998917
0.00025303478,0.01989087,0.33941662,0.40221033,0.062099915,0.016304912,0.09434744,0.0386882,0.0056061107,0.020313825,0.00025187456,0.00061678066
0.00034662508,0.0008662892,0.004492424,0.033029895,0.1413882,0.11790475,0.086526416,0.19403628,0.20560668,0.17818634,0.023280464,0.014335626
0.00034521814,0.00089362887,0.0060581807,0.04735223,0.14379194,0.10860207,0.09635084,0.2120929,0.16982932,0.18394339,0.017413586,0.013326697
0.0002482987,0.00586097,0.11325882,0.3898797,0.11784253,0.039206997,0.14768842,0.105266765,0.018975949,0.059057243,0.0009838272,0.0017304833
0.0002379612,0.013802289,0.26852882,0.4304933,0.073485285,0.020349545,0.10665417,0.051421884,0.007261731,0.02665704,0.00033056177,0.0007773363
0.001474605,0.2127557,0.5465179,0.15857893,0.018084848,0.0053095273,0.043175995,0.0066674114,0.0022437628,0.0046932218,0.00012501415,0.000373016
0.00032877247,0.0009297085,0.007318603,0.058446534,0.14618137,0.10440017,0.103252254,0.21784745,0.15138265,0.18261218,0.014815281,0.012485028
0.00034149183,0.0009008437,0.0063595334,0.049979325,0.14424412,0.1074796,0.09803919,0.2138348,0.1650074,0.18396845,0.016700588,0.013144657
0.00022568842,0.0020229125,0.03382518,0.23245262,0.1503788,0.068405725,0.15595566,0.1805192,0.0526096,0.11569506,0.0035460377,0.004363519
0.0014871176,0.21462205,0.5465641,0.15658818,0.018100418,0.005294869,0.04321504,0.006693032,0.0022405032,0.0046983995,0.00012540874,0.00037093175
0.00027705927,0.0011753001,0.013779695,0.11283495,0.15203005,0.09092175,0.12695633,0.22061272,0.102098934,0.1618951,0.008578611,0.008839508
0.012233428,0.71633095,0.21108821,0.03222422,0.005169201,0.0020757206,0.016121116,0.0013850186,0.0015971587,0.0010371752,0.0001687672,0.00056901225
0.0003164123,0.0010343373,0.008496185,0.068124376,0.15030442,0.101736195,0.11037581,0.22001752,0.13837853,0.17686436,0.01320764,0.011144281
0.00033921265,0.0009193668,0.006410175,0.0502829,0.14513195,0.107299276,0.09876638,0.21368714,0.16440544,0.18310376,0.0167413,0.012913116
0.0009107092,0.124148935,0.56180334,0.21028677,0.023870265,0.0070330547,0.0508053,0.010788321,0.002618691,0.007217259,0.0001318399,0.0003854597
0.00024296984,0.002838409,0.04109263,0.23775946,0.15916471,0.06541687,0.1642663,0.16810638,0.04771106,0.106809944,0.0030686585,0.0035226627
0.0003225666,0.0009834636,0.00766339,0.061043944,0.14835092,0.10355729,0.10606408,0.21827866,0.1474909,0.17995872,0.014454834,0.011831229
0.0003456482,0.0008787004,0.0050893147,0.038819946,0.14334564,0.11297786,0.0910019,0.202839,0.18915679,0.18134893,0.020563535,0.013632689
0.00024443486,0.0015501503,0.022015866,0.16951759,0.15467434,0.07947871,0.14566919,0.20457295,0.07328383,0.13747567,0.005455562,0.006061698
0.0003118573,0.0009692509,0.008974888,0.07296322,0.14774628,0.09978835,0.110189,0.22243312,0.13318183,0.17932615,0.012437738,0.011678274
0.00034253107,0.00090211624,0.0062073898,0.048574135,0.14412725,0.10785728,0.09727493,0.21294482,0.16749313,0.18393546,0.017146526,0.013194383
0.00034195755,0.0008998922,0.0062584574,0.04903835,0.14400402,0.10761723,0.09749509,0.21334095,0.16662723,0.18416494,0.017002933,0.013208981
0.00033849862,0.00090921833,0.0065428927,0.051568177,0.1447662,0.10685569,0.09918129,0.21465066,0.16221343,0.18366657,0.01632843,0.012978961
0.01837831,0.7619362,0.16908467,0.0251723,0.0045722383,0.0019530441,0.013941979,0.0013061957,0.001695612,0.00095976156,0.00020771069,0.0007919804
0.00034597632,0.00087882136,0.0052760676,0.04051522,0.14362735,0.112113155,0.092292376,0.2051744,0.18449238,0.18199442,0.01972885,0.013560932
0.0003452736,0.0008940867,0.0058656223,0.045640353,0.14395308,0.10940485,0.0954752,0.21054487,0.17322542,0.18335558,0.017961975,0.013333629
0.00034124777,0.00090101827,0.006372466,0.050092604,0.14425881,0.1074178,0.09810715,0.21391062,0.16480036,0.18398501,0.016674798,0.013138084
0.0003447732,0.0008947211,0.005835526,0.045376446,0.14395648,0.10936218,0.09535282,0.21033219,0.17373909,0.18337424,0.018094154,0.013337358
0.00021995361,0.0074331514,0.15370026,0.42024055,0.10207279,0.031323835,0.13703634,0.08631949,0.013910238,0.04576496,0.0006884455,0.001289974
0.018875007,0.7653098,0.16545825,0.024881462,0.0045867353,0.0019601944,0.013877881,0.0013074888,0.0017346225,0.0009652005,0.0002165638,0.00082675327
0.012176178,0.7207236,0.20737104,0.03174938,0.0051574344,0.0020634194,0.015963452,0.0013595696,0.0016411322,0.001026864,0.00017777874,0.0005901971
0.00040477823,0.043601204,0.4683719,0.30925164,0.04566749,0.011711073,0.076696225,0.025534593,0.004079139,0.014025141,0.00017958807,0.00047734214
0.0002382215,0.001777807,0.026512705,0.1938864,0.15483059,0.07478763,0.15208407,0.19477752,0.063727126,0.12770137,0.0045163697,0.005160201
0.00031951978,0.00096663955,0.008105337,0.0651701,0.14776115,0.102147974,0.10726115,0.22012182,0.14210731,0.18050231,0.013644704,0.011892043
0.00032184582,0.0009830719,0.007811425,0.06245052,0.14846455,0.103246056,0.106656514,0.21879819,0.14565754,0.17968503,0.014148705,0.011776589
0.010364045,0.7003949,0.22425212,0.03541753,0.0055107293,0.002136925,0.017065967,0.0014266209,0.0016416578,0.0010842948,0.00016790642,0.0005372821
0.0003452505,0.0008803803,0.0051052277,0.038945716,0.14350271,0.11297037,0.091157146,0.20293589,0.1888338,0.18119921,0.020524343,0.013599958
0.014309193,0.7377268,0.19251798,0.028797809,0.0048604254,0.0019971386,0.015014767,0.0013200061,0.0016423636,0.0009845281,0.000186333,0.0006426537
0.00033551786,0.00090910745,0.0067872745,0.053786494,0.14495438,0.10598909,0.10033125,0.2159063,0.15853505,0.18378921,0.01578299,0.012893363
0.00034336263,0.0008992134,0.006098993,0.047642443,0.14397834,0.10822671,0.09668242,0.21229464,0.16922556,0.1839358,0.017415863,0.013256685
0.00024596593,0.012047896,0.24246068,0.43927068,0.07714974,0.022384824,0.110318504,0.056897722,0.008067824,0.029920744,0.00036658568,0.000868766
0.01830243,0.761305,0.16976994,0.025206871,0.004567703,0.0019515089,0.013948529,0.0013057562,0.0016898272,0.0009593817,0.00020618255,0.00078692025
0.018454421,0.7625902,0.16841294,0.025116375,0.004573251,0.001953365,0.013926222,0.0013055379,0.0017014975,0.0009600414,0.00020912563,0.0007969808
0.00030582715,0.0010218918,0.009848409,0.080470316,0.1495018,0.09824773,0.11420511,0.22297333,0.12568037,0.17533079,0.011475729,0.010938692
0.0003198984,0.00094426435,0.008154998,0.065866716,0.14691551,0.10184375,0.10685513,0.22059743,0.14144433,0.18146035,0.013490004,0.012107658
0.009272043,0.6828572,0.23842296,0.038524337,0.005815231,0.002200634,0.017953562,0.0014950169,0.0016529448,0.0011323217,0.00016313682,0.0005106028
0.0003336003,0.000909701,0.0069735376,0.055501025,0.14516862,0.10541807,0.101207204,0.2167194,0.15586938,0.18369931,0.015382156,0.012818027
0.00020355836,0.010091672,0.21645184,0.44279492,0.08268477,0.023649596,0.117523536,0.062968336,0.009290729,0.03299677,0.00044104503,0.00090325024
0.00025589878,0.0014095738,0.018161424,0.14386979,0.15523063,0.084098265,0.1394887,0.21273732,0.08424398,0.14691976,0.006619156,0.006965491
0.00033341834,0.0009081904,0.0069302754,0.05503249,0.14492904,0.105378546,0.100920185,0.21663456,0.15650678,0.18404481,0.015511816,0.012869966
0.00034602103,0.0008777547,0.005113446,0.03901936,0.1433384,0.11289901,0.09116596,0.20321886,0.18848044,0.18149184,0.020415789,0.013633076
0.00023891457,0.0016430782,0.022861985,0.17185555,0.15673293,0.07818971,0.14863726,0.20220406,0.07152075,0.1351097,0.0053088577,0.0056972248
0.00033185075,0.0009240434,0.007055804,0.0561052,0.14579949,0.10521434,0.10196497,0.21682493,0.15485905,0.18298677,0.015300839,0.012632674
0.00023965235,0.011606915,0.23337941,0.4372126,0.080164544,0.023160547,0.11363062,0.059428364,0.008551337,0.031335384,0.00039521133,0.00089539244
0.00025134522,0.0016212685,0.021334892,0.16180973,0.15797083,0.080437556,0.1469955,0.2051971,0.0750365,0.13781327,0.0056023505,0.0059296815
0.00031250817,0.0009860717,0.008976292,0.07289784,0.1484539,0.10004671,0.11068856,0.22213268,0.13313289,0.17842425,0.012447732,0.0115005225
0.00024337997,0.017263008,0.31456107,0.41662812,0.06437999,0.01745218,0.09778304,0.042609774,0.006019885,0.022127226,0.00026931733,0.00066303194
0.0003065519,0.0010688748,0.009930996,0.08067195,0.15108575,0.09850969,0.1155463,0.22219025,0.1253072,0.17340933,0.011451641,0.01052146
0.0003290776,0.00094863365,0.007189253,0.05712028,0.14691661,0.10491026,0.103245005,0.21693681,0.15327294,0.18165798,0.015159166,0.012313953
0.00022878055,0.0021615254,0.034997698,0.2334167,0.1521267,0.067822605,0.15776478,0.17825325,0.05156149,0.11406309,0.003440015,0.0041634208
0.00034469992,0.000894452,0.005825789,0.04528486,0.14393458,0.10938869,0.0953034,0.2102517,0.1739178,0.18338504,0.018126588,0.013342416
0.018480966,0.7628075,0.16818443,0.025099464,0.004574172,0.0019536875,0.013922255,0.0013054579,0.0017035606,0.00096020225,0.00020961378,0.0007987443
0.01829731,0.76264536,0.16836053,0.025188603,0.004593862,0.001955966,0.0139655005,0.0013058838,0.001712167,0.00096290023,0.00021157495,0.00080042274
0.0003445926,0.00089532114,0.0058501917,0.045493517,0.14388196,0.109198034,0.0954172,0.21048582,0.1734678,0.18353638,0.018083734,0.013345455
0.019404681,0.76782936,0.16260639,0.024608476,0.00460328,0.0019700746,0.013831337,0.001311953,0.0017721273,0.00097392907,0.00022459072,0.0008638661
0.00027247053,0.020219665,0.32364127,0.3814696,0.07274893,0.018560888,0.10586808,0.045905296,0.006719784,0.02359443,0.00031390428,0.0006857347
0.00027168577,0.0014052619,0.015048345,0.11863719,0.15885456,0.08909877,0.13528109,0.2162057,0.09649976,0.15325299,0.008014201,0.0074304617
0.00023238368,0.013940014,0.2659041,0.42012268,0.07727092,0.02079119,0.11136636,0.05392831,0.0077251093,0.027575145,0.00035540992,0.00078829547
0.0003383541,0.0009259627,0.0064801956,0.05087502,0.14552507,0.107169546,0.09928914,0.21388277,0.16337335,0.18273321,0.016597237,0.012810186
0.015517235,0.74556476,0.1853093,0.027466336,0.0047371187,0.0019703934,0.014636875,0.0013074628,0.0016507313,0.000969875,0.00019137398,0.00067850656
0.0003343253,0.00091705046,0.0069055557,0.054851007,0.1454861,0.10577322,0.10112311,0.21624216,0.15687586,0.18319882,0.015542525,0.012750291
0.0002446358,0.0033421838,0.057072468,0.2960654,0.14568391,0.0572639,0.1602348,0.1484096,0.035209615,0.09144404,0.002088639,0.0029408582
0.00034111534,0.00090130663,0.0064089336,0.050452795,0.14438888,0.10738498,0.098311484,0.21406308,0.1642008,0.18386972,0.01656501,0.013111964
0.0003443379,0.00090383156,0.005960761,0.046425633,0.14437777,0.109008126,0.096139334,0.21104895,0.17163156,0.18315516,0.017793026,0.013211542
0.018841565,0.7652343,0.1655271,0.024905056,0.004590937,0.0019609604,0.013888937,0.0013078954,0.001734986,0.00096542377,0.00021666598,0.00082617643
0.0002587151,0.02252539,0.3690836,0.38768706,0.0566412,0.014879339,0.08948928,0.035089314,0.0051239636,0.018426437,0.00022710503,0.00056855124
0.0003187063,0.0010229929,0.008155225,0.065140985,0.14988752,0.10256438,0.10889645,0.21920268,0.14206186,0.17769991,0.013720705,0.011328573
0.00023434535,0.009183742,0.18414885,0.42766753,0.09412197,0.028092166,0.12855013,0.07489206,0.011563404,0.039874498,0.00055607944,0.0011152092
0.0003163893,0.0009620789,0.008565792,0.069491304,0.14767225,0.100903235,0.10877245,0.22148147,0.13709815,0.18000098,0.012921742,0.011814166
0.00034400026,0.00090325763,0.0058362554,0.045347646,0.14447598,0.10947327,0.09559972,0.20998265,0.17384477,0.18281922,0.01815124,0.013221996
0.00034587452,0.0008785122,0.0051524234,0.03937129,0.1434255,0.11270306,0.091438055,0.20368618,0.187522,0.18161738,0.020253684,0.0136061115
0.00034426458,0.0008867797,0.0053987848,0.041581135,0.1437396,0.11114397,0.093057275,0.20622581,0.18226913,0.18239577,0.019487243,0.013470183
0.00034480568,0.00089117367,0.0056937668,0.044146597,0.14398564,0.110066034,0.09466533,0.20905168,0.17633682,0.18297386,0.018472806,0.013371513
0.00034522233,0.0008947468,0.0059234165,0.046162385,0.14389116,0.10904024,0.095732145,0.21108425,0.17213932,0.1836301,0.017822582,0.013334471
0.0005116564,0.06483206,0.5155349,0.28176945,0.033186026,0.009340286,0.06274397,0.017892525,0.0032231365,0.010403775,0.0001488772,0.0004133743
0.00032243136,0.0009389205,0.007910504,0.063730374,0.14671375,0.10254077,0.105817914,0.21995986,0.144186,0.18182583,0.013832783,0.012220898
0.00024268236,0.005166141,0.103974134,0.39280573,0.11713248,0.04064002,0.1460749,0.10943443,0.019874945,0.061775517,0.0010393257,0.0018396418
0.0003011823,0.0010843106,0.010411434,0.08476162,0.15127957,0.09728919,0.11728585,0.22234017,0.12181477,0.1721609,0.011023189,0.010247842
0.0002420792,0.0041001937,0.07515171,0.33811715,0.13561302,0.04968552,0.15722781,0.13048303,0.027636297,0.07780546,0.0015473223,0.002390428
0.0035886844,0.44216615,0.41777274,0.085449524,0.010543036,0.0033394692,0.029599337,0.002953661,0.0018773983,0.0021676691,0.00013446962,0.00040790287
0.00026278105,0.0017756077,0.020747865,0.15231021,0.16269107,0.08226545,0.14881535,0.20432648,0.077419534,0.13783701,0.005843859,0.00570481
0.00024634664,0.015915304,0.2956196,0.42329755,0.06838549,0.018724162,0.10092828,0.045634985,0.006466895,0.023780096,0.0002926335,0.0007086713
0.01732134,0.7561815,0.17503878,0.025870254,0.004607568,0.0019503589,0.014151386,0.001302272,0.0016703779,0.00095942506,0.00020011007,0.00074662117
0.0012462784,0.1776414,0.5587329,0.17303206,0.020381095,0.005951201,0.046318218,0.008205522,0.0023717575,0.005619437,0.00012705965,0.00037305168
0.0003041288,0.0010829484,0.0102192005,0.08309778,0.15139568,0.09788882,0.11668541,0.22219251,0.123185374,0.17243907,0.011183433,0.010325605
0.009093137,0.6807586,0.24003534,0.038949292,0.005865098,0.0022154383,0.01808727,0.0015036135,0.0016720685,0.0011403196,0.00016471851,0.00051508396
0.00034649184,0.0008763313,0.0050445693,0.038379565,0.14328964,0.11338985,0.090705454,0.2023585,0.19017942,0.18109211,0.02066624,0.013671796
0.00029108618,0.0011370843,0.012053389,0.098708674,0.1520518,0.09410409,0.12261609,0.22216213,0.111069456,0.16670878,0.009653352,0.009444006
0.016343283,0.75074965,0.18039905,0.026655449,0.00466937,0.0019578256,0.014392884,0.0013030301,0.0016599162,0.00096360844,0.00019547144,0.00071045524
0.00030745438,0.0010828197,0.009518517,0.07664656,0.15156962,0.099277616,0.11473534,0.22148594,0.12893473,0.17390127,0.0120207425,0.010519337
0.00026858313,0.011076683,0.18103565,0.37801978,0.110205464,0.03144826,0.14447412,0.083277285,0.014031264,0.044264607,0.0006995737,0.0011986657
0.009843625,0.69358236,0.2297502,0.036699165,0.0056385985,0.002162842,0.01743034,0.0014524845,0.0016472469,0.0011033252,0.00016590307,0.00052392023
0.00033675527,0.00091020885,0.0067012478,0.053024337,0.14498493,0.106356055,0.099976815,0.21543008,0.15980016,0.18361434,0.0159606,0.012904462
0.00034535705,0.0008816613,0.0053055226,0.040758133,0.14371079,0.11189336,0.09246885,0.2054206,0.18398379,0.18203005,0.019680124,0.013521818
0.00031347782,0.0009830917,0.008852331,0.0718141,0.14836173,0.10031638,0.11022816,0.22190972,0.13432246,0.17874439,0.012601477,0.011552701
0.00024751373,0.0030437235,0.05141778,0.28451788,0.14694172,0.05986323,0.15954831,0.15464044,0.03810329,0.09620556,0.0022910028,0.003179593
0.0028697124,0.3791095,0.4587362,0.101805575,0.012178561,0.0037525352,0.0328989,0.003544825,0.0019708897,0.0026030138,0.00013112645,0.00039921043
0.006555795,0.59335846,0.30911145,0.05334988,0.007237383,0.0025582213,0.022145722,0.0019597062,0.0016810569,0.0014468142,0.00014100628,0.00045456484
0.00034059832,0.00090477994,0.0064321877,0.050632294,0.14455637,0.107323036,0.09852167,0.214113,0.16387862,0.18370153,0.016532665,0.013063265
0.00025104542,0.0019406494,0.024378441,0.17227492,0.162346,0.07777382,0.1539775,0.19702931,0.069097064,0.1308028,0.005038179,0.00509032
0.00030585576,0.0010532052,0.009893422,0.08049324,0.15053983,0.09839992,0.11510842,0.22242984,0.1255252,0.17411813,0.011478656,0.010654209
0.00028746782,0.0011990519,0.012600865,0.102355935,0.15369609,0.09327461,0.12538162,0.2210787,0.10820343,0.16368523,0.0093176635,0.008919413
0.00034317662,0.00090153166,0.0061895577,0.04844981,0.14418304,0.108038835,0.097183615,0.21280909,0.16776492,0.18378903,0.017153017,0.013194356
0.00024758783,0.0029669146,0.049581986,0.27906185,0.14792737,0.060822137,0.15960576,0.15689538,0.039290745,0.097960964,0.0023810721,0.003258229
0.00028496372,0.0011521166,0.012682523,0.10379287,0.15216722,0.09280828,0.12435201,0.22169085,0.10763818,0.16500373,0.00923632,0.009190999
0.00034533866,0.0008815538,0.0053213234,0.040896222,0.14363544,0.11173175,0.09254681,0.20561741,0.18366447,0.18218793,0.019641,0.013530769
0.00034583567,0.0008787728,0.005147748,0.039330084,0.14346401,0.11275436,0.091413945,0.20360608,0.18764402,0.18153931,0.020273881,0.013601925
0.0003417345,0.0009264023,0.006234432,0.048645236,0.14541377,0.10818125,0.09796297,0.21232879,0.16741253,0.18242303,0.01723173,0.012898091
0.00052480825,0.06481003,0.51614517,0.28077203,0.033169232,0.00943443,0.06260318,0.018204235,0.0032150825,0.010556669,0.00014772266,0.0004174055
0.00314772,0.40369692,0.4434994,0.09470132,0.011537439,0.0035786077,0.031617917,0.0033283806,0.0019258341,0.002433634,0.00013169507,0.0004012191
0.010758174,0.7052389,0.22028895,0.034512233,0.005429629,0.0021207912,0.016815213,0.0014087912,0.0016389805,0.0010706654,0.00017000982,0.00054773124
0.00026238227,0.0014482922,0.01687084,0.13221319,0.15834771,0.08610354,0.1390553,0.21382174,0.08896611,0.14879242,0.007140938,0.0069775446
0.00032271977,0.0009734356,0.0076528313,0.06101675,0.14795245,0.10348285,0.10575904,0.21842302,0.1475183,0.18051545,0.014445646,0.011937452
0.00034490394,0.0008847342,0.0055292547,0.04275258,0.14367835,0.11053265,0.09373862,0.20780881,0.17936157,0.18293175,0.018962437,0.01347444
0.00024315222,0.0016827378,0.023644276,0.17680375,0.15648286,0.07770042,0.14957303,0.20051444,0.06954194,0.13317664,0.005073753,0.005563001
0.00032182827,0.0010001733,0.00788838,0.06298178,0.14909261,0.10332489,0.10735419,0.21867985,0.14496665,0.17874041,0.014050679,0.011598486
0.00024360445,0.013937195,0.26882547,0.43032095,0.073581524,0.02049399,0.106315576,0.051253542,0.0072444463,0.026672747,0.00032953898,0.00078146916
0.00028145892,0.001046004,0.012593635,0.10353555,0.14802136,0.092853755,0.12037491,0.22202535,0.10929537,0.17038983,0.009438333,0.01014446
0.00034580418,0.0008788596,0.0051754843,0.039585225,0.14344193,0.11255671,0.09158895,0.20397846,0.18695363,0.18173277,0.020166807,0.013595407
0.00034533255,0.0008814978,0.0053500934,0.041164506,0.14362168,0.11152324,0.09270988,0.20594464,0.18303335,0.18236941,0.019528063,0.013528336
0.00031709785,0.0009895685,0.008115306,0.064924665,0.14846668,0.10200381,0.1078656,0.21981817,0.14222908,0.1797897,0.0137978215,0.011682485
0.001546816,0.21589784,0.54769564,0.15166266,0.01894034,0.005413958,0.04382592,0.007324124,0.0022062724,0.0050002043,0.00012339331,0.0003628338
0.00034529128,0.00088152365,0.0053141024,0.040834192,0.14359465,0.11172174,0.09248511,0.20552048,0.18385895,0.1822382,0.019670745,0.013535087
0.00034591302,0.0008875284,0.005779916,0.044937782,0.14370741,0.10976785,0.09495913,0.20997322,0.17467317,0.18340822,0.018142346,0.013417533
0.00868401,0.67018306,0.24861167,0.040652636,0.00601519,0.0022478546,0.018564647,0.0015475836,0.0016638321,0.0011694671,0.00016031688,0.00049976766
0.00023552326,0.0018710493,0.02890791,0.20673874,0.15369752,0.072656624,0.15388973,0.18992922,0.059592847,0.12349025,0.0041371137,0.0048534507
0.000253278,0.0024499993,0.032685015,0.20620088,0.16254057,0.07143671,0.16053125,0.18150042,0.056535333,0.11789573,0.003828648,0.0041421424
0.01992981,0.76977444,0.1605867,0.024276553,0.004578058,0.001968928,0.013698151,0.0013094454,0.0017881029,0.00097480713,0.00022795028,0.0008870347
0.00034524882,0.00089254027,0.005856863,0.045591503,0.1438752,0.10933711,0.095402315,0.21054834,0.17331238,0.183491,0.017989984,0.013357534
0.010607053,0.70245063,0.22261819,0.03499215,0.0054605682,0.0021253217,0.016923118,0.0014196971,0.0016251067,0.0010770236,0.00016683016,0.00053432235
0.005694517,0.5728981,0.32366073,0.05837291,0.0076853293,0.002655918,0.023159485,0.0020146617,0.0017576632,0.0015040537,0.0001463767,0.00045020191
0.00034498886,0.00088867074,0.005640205,0.043696955,0.14389767,0.11026699,0.09435871,0.20865214,0.17730899,0.1829285,0.01861218,0.013403958
0.00023502744,0.004445968,0.08398176,0.354889,0.13091433,0.046366937,0.15526277,0.123181865,0.025003474,0.072162755,0.0013776598,0.0021785079
0.00034563197,0.00089107663,0.0058590453,0.04560521,0.14379138,0.10941155,0.09538162,0.21056631,0.17327656,0.18353876,0.017955463,0.013377332
0.00033116643,0.00091787806,0.0071528098,0.05706591,0.14563896,0.10488373,0.10222558,0.2173578,0.15347242,0.18322077,0.015068356,0.012664525
0.00032929398,0.0009555477,0.007160026,0.056809854,0.14719011,0.10509458,0.103302516,0.21666539,0.15374771,0.18125594,0.015240415,0.01224859
0.0002447752,0.0023992297,0.03812929,0.24248445,0.15249114,0.06688148,0.15855178,0.1730795,0.048390277,0.11032475,0.0031088325,0.0039144224
0.00021059556,0.0058983197,0.122751266,0.40196818,0.11294553,0.03587441,0.14586753,0.10015706,0.017474746,0.054388653,0.000907447,0.0015562404
0.00026986844,0.0024740717,0.031025037,0.1955315,0.16473998,0.07387269,0.15942472,0.18421286,0.05936002,0.1207451,0.004054035,0.0042901766
0.00034579093,0.0008789777,0.0052201534,0.03999501,0.14345954,0.11228961,0.09188163,0.20453155,0.18587245,0.18195757,0.01998401,0.01358377
0.00023474719,0.0018847202,0.030056478,0.21435544,0.15221828,0.07173062,0.15392181,0.1876867,0.057633355,0.12154507,0.0039595068,0.0047732675
0.00027220082,0.0012804449,0.015047622,0.12180941,0.15440351,0.08886247,0.13189031,0.21836832,0.0960156,0.15612802,0.0078953765,0.00802668
0.00034496599,0.0008909705,0.0057396493,0.044537723,0.14388074,0.109852925,0.09485484,0.20950891,0.17548609,0.18318732,0.018335491,0.013380352
0.00034564955,0.00087966555,0.0052674287,0.040419545,0.1434804,0.111983426,0.09218091,0.20506684,0.18483064,0.18215859,0.019817265,0.013569623
0.00034540688,0.00088067155,0.0052282345,0.040059876,0.1435204,0.11221932,0.09193924,0.2045438,0.18579309,0.18191183,0.019996291,0.013561895
0.019084483,0.76343465,0.16712013,0.025068944,0.004567203,0.0019626694,0.013829099,0.0013099135,0.0016784377,0.00095484266,0.00020368081,0.00078588777
0.0002362769,0.0031747632,0.058218677,0.31010306,0.14039563,0.055893917,0.15747587,0.14611979,0.03379724,0.08966348,0.0019890107,0.0029322344
0.00034120603,0.00090344454,0.0063017746,0.049418196,0.14424871,0.107499324,0.09781348,0.21351367,0.16595504,0.18395033,0.016911436,0.013143399
0.0003044786,0.0010064007,0.0095611205,0.077763855,0.14882833,0.09840969,0.11305701,0.22293442,0.12812099,0.1770097,0.011852908,0.011151064
0.00023053758,0.0022986273,0.03209401,0.208283,0.16086712,0.070002936,0.16173011,0.18208952,0.056749206,0.11761473,0.0038995943,0.0041406327
0.00024178754,0.0051747803,0.10044899,0.3805897,0.12195566,0.041797686,0.14995088,0.11205576,0.020997727,0.06378113,0.0011133084,0.0018925554
0.00025704363,0.0015237111,0.018908253,0.14630717,0.15828027,0.08339033,0.14297298,0.21013093,0.08188732,0.14354639,0.006334355,0.0064612343
0.00033829286,0.0009233796,0.0065430463,0.051510744,0.14553921,0.10705478,0.09957418,0.21427777,0.16233753,0.18271184,0.016384652,0.012804638
0.00034128435,0.0009032848,0.006357294,0.049931124,0.14434293,0.10749397,0.09809381,0.21376225,0.16507515,0.18385032,0.01672977,0.0131188175
0.00024663925,0.0015403065,0.020544875,0.15814513,0.1567021,0.08099096,0.14486219,0.2072224,0.077230185,0.14042714,0.00587629,0.0062118075
0.0003451254,0.000882632,0.0053821043,0.041455537,0.1437111,0.1113623,0.09292778,0.20623825,0.18235251,0.18240729,0.019428147,0.0135071715
0.0048226723,0.52877164,0.35602272,0.06727972,0.00857705,0.0028739574,0.025298355,0.002273262,0.0018093871,0.0016878858,0.00014365306,0.00043978717
0.00034314772,0.0008971444,0.0062635764,0.04914235,0.1439897,0.10782121,0.09744854,0.21336745,0.16651575,0.18407637,0.016907578,0.013227086
0.00023623664,0.004887444,0.10192971,0.3992574,0.11526461,0.040466614,0.14420289,0.10936374,0.019810123,0.06169123,0.0010361208,0.0018538777
0.00023212914,0.0039788736,0.07378298,0.33684188,0.13609771,0.049695496,0.1577691,0.13133326,0.028070698,0.07821136,0.0015847663,0.0024017165
0.00024193454,0.003432577,0.06274507,0.31849816,0.13900194,0.054281227,0.15726106,0.14176388,0.031843577,0.08632636,0.0018371238,0.0027670886
0.00033844012,0.0009313136,0.0064813998,0.05084916,0.14581002,0.10727834,0.099411674,0.21371967,0.16343124,0.18238573,0.016616134,0.012746829
0.00024034001,0.011430049,0.23301814,0.44074658,0.07902281,0.023093887,0.11240978,0.0591179,0.008456766,0.031180078,0.00038861172,0.0008949981
0.00031876515,0.0009784208,0.008292193,0.06689188,0.14835507,0.10190255,0.10828383,0.2204546,0.14010406,0.17939122,0.013325635,0.011701832
0.0002912018,0.0013180806,0.012580855,0.1000704,0.1576225,0.093816936,0.12809154,0.2190335,0.10888777,0.16046649,0.009498955,0.0083217025
0.00033766052,0.0009085441,0.006585,0.05198213,0.14481518,0.10662389,0.09938871,0.21492527,0.16151415,0.18371917,0.016236233,0.012964022
0.00045227044,0.055155072,0.49948066,0.29505104,0.036889765,0.010049575,0.067141116,0.020204034,0.0034670115,0.011526763,0.00015605592,0.00042661914
0.00030852732,0.0011146001,0.009875159,0.07955036,0.15249725,0.09903074,0.11633397,0.22121446,0.12620741,0.172038,0.01161547,0.010214133
0.00034620476,0.0008763488,0.004949607,0.03752615,0.14323922,0.11401661,0.09004673,0.2010259,0.19262624,0.18052082,0.021111036,0.013715224
0.00034597394,0.0008781439,0.005126495,0.039134078,0.1433648,0.11282532,0.09124767,0.20338674,0.18817753,0.1815281,0.020362997,0.013622216
0.00032156764,0.0009782277,0.0077693155,0.062031176,0.14816774,0.10317392,0.10633682,0.21877886,0.14613417,0.18019813,0.014254206,0.011855816
0.008214333,0.6583589,0.25801578,0.042677402,0.0061968123,0.0022929136,0.019123875,0.00159757,0.0016710018,0.001204905,0.00015747244,0.0004889781
0.00034528226,0.0008817095,0.005298208,0.040692557,0.14363484,0.11184811,0.092395656,0.20532842,0.18420501,0.18211551,0.01972446,0.013530229
0.017077735,0.7547913,0.17642835,0.026064549,0.0046196035,0.0019512799,0.014205183,0.0013020136,0.0016656113,0.0009597485,0.00019853204,0.0007361255
0.009285537,0.6833059,0.23803121,0.038466606,0.0058104405,0.0022008845,0.01793829,0.001494008,0.0016580258,0.0011319096,0.00016373719,0.0005134196
0.00034565938,0.0008794498,0.005173314,0.03956457,0.14344126,0.11254112,0.09156801,0.20392963,0.18705593,0.181718,0.02019247,0.013590616
0.0003455183,0.00088082167,0.005266523,0.04040304,0.1436229,0.11209613,0.092210986,0.20500861,0.18485321,0.18194999,0.019819528,0.013542716
0.0003449854,0.0008858268,0.005540971,0.042845078,0.14382344,0.11064282,0.09383258,0.20780288,0.17917244,0.18275607,0.018908815,0.013444158
0.00031915144,0.00094528263,0.0082936995,0.067210786,0.14705561,0.10149719,0.10739278,0.22104034,0.13990472,0.18104413,0.013248363,0.012047996
0.00023674768,0.0065044453,0.12831837,0.40051487,0.11323801,0.035942774,0.14474382,0.097554155,0.01694801,0.053583592,0.00086877553,0.0015465025
0.016442671,0.7514159,0.17975712,0.02657246,0.0046615154,0.0019563057,0.014361871,0.0013022928,0.0016592637,0.00096228835,0.00019572797,0.00071251974
0.0003452878,0.0008849244,0.0055710897,0.043117847,0.14376925,0.110564165,0.09396277,0.20809683,0.1785667,0.18287931,0.018789228,0.013452544
0.0052120495,0.5303383,0.35649437,0.065144055,0.008460504,0.0028547735,0.025117815,0.0023616308,0.0017273934,0.0017228395,0.00013380226,0.0004325202
0.0002439041,0.011508443,0.22788364,0.43371254,0.08264423,0.023752669,0.116250075,0.061310332,0.008935461,0.03241901,0.0004128503,0.0009267506
0.0003448807,0.00089534663,0.0058540665,0.045545336,0.14403595,0.10936664,0.09546093,0.21042687,0.17341375,0.18330823,0.018028019,0.013319931
0.009618843,0.6900794,0.23255302,0.03732211,0.0057049464,0.002178527,0.017616829,0.0014675412,0.0016565765,0.0011140747,0.00016566634,0.0005224515
0.00029621902,0.001113473,0.011275869,0.092161484,0.15181684,0.09562568,0.12012329,0.22239567,0.11589558,0.16923967,0.010247082,0.009809207
0.0002398184,0.002230595,0.02956729,0.19581363,0.1626392,0.07260898,0.15968826,0.18628606,0.06056374,0.121729285,0.0042451937,0.0043879384
0.0019823292,0.27757284,0.5176307,0.13286562,0.01522688,0.0045463056,0.038882524,0.0050322795,0.0021007112,0.0036517354,0.00012483652,0.00038325117
0.0029744464,0.38761273,0.45438713,0.09839016,0.011987883,0.0036765465,0.03244263,0.0035087843,0.0019344407,0.0025611566,0.0001298906,0.00039429805
0.00030368532,0.0010548352,0.01012479,0.08257727,0.15051462,0.097821355,0.11576433,0.22270058,0.12375113,0.17357706,0.011241037,0.010569332
0.00033416567,0.00091452844,0.006929402,0.05510147,0.14540257,0.10565092,0.1011541,0.21646361,0.15651822,0.18329126,0.015470852,0.012768942
0.00027334204,0.00127069,0.014963662,0.12135932,0.15413412,0.08904038,0.13144937,0.21864757,0.0963641,0.15647645,0.0079214,0.008099649
0.00024900876,0.0059011127,0.117507845,0.40116835,0.11295716,0.038122363,0.1438477,0.10269527,0.0178785,0.057072412,0.00091960095,0.0016806787
0.00033109236,0.0009363133,0.00703125,0.05571292,0.14619578,0.1052681,0.102171674,0.21647964,0.15535915,0.18253385,0.015456635,0.012523615
0.00031183354,0.0009968259,0.0091532925,0.07447697,0.1488881,0.09979268,0.11154111,0.22233625,0.13145703,0.1774843,0.012212458,0.011349142
0.00034613124,0.0008745361,0.0049065966,0.037162445,0.14306568,0.11419573,0.08968422,0.20054054,0.19367039,0.18048808,0.021301823,0.013763738
0.0003458569,0.0008787254,0.005262911,0.040388394,0.14350009,0.112063706,0.09216165,0.2050489,0.1848427,0.1821282,0.019802412,0.013576416
0.00023918212,0.0066370643,0.14004141,0.42816815,0.10168526,0.033249885,0.13451125,0.09009387,0.0145456735,0.048672203,0.00072454935,0.0014315108
0.00023876269,0.0019366161,0.0290859,0.20510112,0.155061,0.07263779,0.15501271,0.18936396,0.05949779,0.12318364,0.00412462,0.0047560288
0.00034524265,0.0008817921,0.0053028413,0.040730998,0.14359768,0.11178496,0.09241796,0.20537773,0.1841305,0.18217747,0.019719241,0.013533611
0.00025444626,0.020983115,0.35526827,0.39613548,0.058088608,0.0154775595,0.09141636,0.03693063,0.005318226,0.019301845,0.00023451992,0.00059098477
0.00034470012,0.0008905066,0.0057336763,0.044489626,0.14369948,0.10962175,0.094789065,0.20961474,0.1755507,0.18345375,0.01839934,0.013412699
0.00028366953,0.0013000405,0.013158168,0.105261214,0.15674548,0.09236915,0.12908457,0.21919742,0.1055399,0.15973145,0.009072882,0.00825602
0.0002981958,0.0010748619,0.010876216,0.08914889,0.15076984,0.096224174,0.11819736,0.22278272,0.11839439,0.17146523,0.01056434,0.010203762
0.0003449547,0.00088778394,0.0056374413,0.04368976,0.14383242,0.11018297,0.094320595,0.20869942,0.17731507,0.18304452,0.018624442,0.013420576
0.00024126474,0.0026501932,0.043894514,0.2638531,0.14974082,0.06342279,0.15924294,0.16407019,0.04327138,0.10337639,0.0026922768,0.003544188
0.00034620642,0.00087703357,0.005051993,0.03845977,0.14329927,0.113287434,0.09075299,0.20241773,0.19003008,0.18115048,0.02066507,0.013661934
0.009775195,0.693062,0.23013619,0.036825925,0.0056565697,0.0021668435,0.01747451,0.0014541007,0.0016525268,0.0011051823,0.00016648667,0.00052438764
0.006015455,0.58747965,0.31275398,0.055524915,0.0074128774,0.002593225,0.022481019,0.0019351455,0.0017486718,0.001449838,0.0001481747,0.00045698776
0.00024284283,0.0016396933,0.022555206,0.1699993,0.1569507,0.07872158,0.1483048,0.20278972,0.072121516,0.135582,0.0053469813,0.005745555
0.00034485653,0.0008989477,0.005963458,0.046486843,0.14408481,0.10891381,0.09601307,0.21127492,0.17149279,0.1835007,0.01774689,0.013278892
0.018861353,0.7651871,0.16559589,0.02488815,0.0045845835,0.0019595409,0.013877091,0.0013072548,0.0017327789,0.0009647935,0.0002161645,0.00082529616
0.0013728389,0.19834584,0.5520195,0.16419992,0.018989103,0.0055395514,0.044465177,0.007243306,0.0022893534,0.0050389655,0.00012582086,0.00037068766
0.0003444466,0.0008939131,0.0057859565,0.044931088,0.14385478,0.109440885,0.09510519,0.20995726,0.17463507,0.18341562,0.018270403,0.013365357
0.0003451544,0.0008828977,0.0055033155,0.04254175,0.14366037,0.11070148,0.09358135,0.20758064,0.17983603,0.18286535,0.019011892,0.013489857
0.0003454364,0.00087961624,0.0051616793,0.03947295,0.14340624,0.11255346,0.09148858,0.20374803,0.18735385,0.18172002,0.020271918,0.013598204
0.00031161905,0.0009825901,0.008881197,0.07193656,0.14818898,0.1000276,0.110295795,0.22203662,0.1341284,0.17903215,0.012619483,0.011559037
0.00031811453,0.0009557006,0.008385531,0.06792604,0.1474542,0.101360455,0.10800589,0.22106081,0.13894553,0.18051283,0.013155041,0.01191981
0.00030549726,0.0010387453,0.009867143,0.08041866,0.15004736,0.0983032,0.11469648,0.22268249,0.12565064,0.17471975,0.011489345,0.01078068
0.0003336243,0.000920347,0.006855748,0.054311883,0.14548734,0.105710156,0.10097315,0.21602762,0.15762106,0.18328798,0.015728254,0.012742786
0.00032722548,0.0009221526,0.0074545857,0.059683807,0.14583306,0.10379306,0.10356,0.2185661,0.14961797,0.18313251,0.014566863,0.01254263
0.008658285,0.66879123,0.24974594,0.040858366,0.0060304715,0.00225051,0.018621523,0.0015546562,0.0016591343,0.0011735299,0.00015926783,0.00049704843
0.00034069497,0.00089750125,0.0064452924,0.05079653,0.14419158,0.10716139,0.09838675,0.21437246,0.16357517,0.18420868,0.016471239,0.013152785
0.00022347612,0.0025446033,0.046249866,0.2813772,0.14423494,0.0607971,0.15764356,0.16015843,0.04089647,0.09986896,0.0025347117,0.0034706052
0.00032814752,0.00093998626,0.0072544124,0.057721928,0.14650452,0.10449061,0.10325983,0.21743147,0.15232323,0.18231022,0.015033002,0.012402643
0.0184888,0.76345485,0.1674169,0.02512771,0.0045968047,0.0019594543,0.013954175,0.001307856,0.0017138977,0.00096237997,0.00021217798,0.0008049617
0.00034513572,0.0008824644,0.00536915,0.041330192,0.14362377,0.111378975,0.092832655,0.20610805,0.18267779,0.18244445,0.01948795,0.01351939
0.0003450973,0.0008947183,0.005934564,0.04624691,0.14380619,0.10891728,0.09577019,0.21120347,0.17192724,0.18379152,0.017815204,0.013347695
0.00026742864,0.0014365481,0.0170203,0.1342899,0.15758018,0.086244695,0.13871264,0.21402127,0.08803775,0.14838551,0.006978089,0.0070256684
0.00022112456,0.008374596,0.17549048,0.43581083,0.09388947,0.02844012,0.12788455,0.07586988,0.011783878,0.040528025,0.00057318056,0.0011338643
0.00032889773,0.001000428,0.00720931,0.05692643,0.14912464,0.10543821,0.10446246,0.2158064,0.1535965,0.17899582,0.015321324,0.01178955
0.00034413132,0.00090217666,0.0058258954,0.0452664,0.14445835,0.109535225,0.09552824,0.20991357,0.17401426,0.1828145,0.018165927,0.013231266
0.018884348,0.76591223,0.16463822,0.024935756,0.0046248753,0.001970776,0.0139396405,0.0013129619,0.001752272,0.00097035145,0.00022043117,0.0008381075
0.01156286,0.7144825,0.21260974,0.032892648,0.005272289,0.0020869556,0.016311182,0.0013746081,0.0016281733,0.0010419912,0.000173779,0.000563247
0.00034557199,0.0008798599,0.005143756,0.039296217,0.14350441,0.1127633,0.09139388,0.20349015,0.18780409,0.1814697,0.02031848,0.013590493
0.0003453229,0.00088137825,0.005186563,0.039667808,0.14362414,0.1125699,0.091707386,0.20397256,0.18681303,0.18151563,0.020162072,0.013554175
0.00023975292,0.0019774353,0.02877351,0.20092097,0.15668851,0.07293863,0.15572383,0.18983221,0.06026735,0.1237168,0.0041998457,0.004721068
0.00023316321,0.0052649407,0.10792922,0.39810556,0.11538774,0.039439145,0.14488837,0.10684962,0.01918405,0.05993365,0.0010089923,0.0017755649
0.00033634526,0.0009145803,0.0065712538,0.051725402,0.144874,0.10644127,0.0994512,0.21480212,0.16183978,0.18373182,0.016386103,0.012926055
0.00022636262,0.0019883972,0.03217415,0.22307488,0.15205316,0.06960891,0.15604886,0.18347795,0.054868255,0.11824355,0.0037582654,0.00447717
0.00024181626,0.005400457,0.109332025,0.3984653,0.11490401,0.039393377,0.14475515,0.10628579,0.018941808,0.0595303,0.0009841304,0.001765782
0.0003455628,0.0008799007,0.0052008852,0.039817244,0.14347763,0.11238205,0.091757864,0.20425358,0.18639044,0.1818284,0.02008909,0.013577345
0.00034567507,0.0008790595,0.005113907,0.039029624,0.14341882,0.1128971,0.09117835,0.20313933,0.18853243,0.18140683,0.020444429,0.0136145465
0.0069002914,0.6061015,0.29936627,0.05100733,0.007004772,0.0025052908,0.021544022,0.0018913227,0.0016749862,0.0013995855,0.00014287361,0.0004617223
0.00032904928,0.0009278358,0.0073159887,0.058464248,0.1461365,0.10443877,0.103201166,0.2178571,0.15139358,0.18263537,0.014799249,0.012501216
0.0003283428,0.00095862435,0.0072407783,0.05752308,0.14736536,0.10486232,0.10372803,0.21697605,0.15268126,0.18105942,0.015089323,0.0121873915
0.00033911443,0.0009103465,0.006522314,0.051399656,0.14486574,0.10702874,0.0991177,0.21448264,0.1625344,0.18347576,0.01635743,0.0129661085
0.0003460127,0.000872597,0.0047913636,0.036117375,0.14283982,0.11499785,0.08880835,0.19902611,0.19670883,0.1798154,0.02182408,0.013852158
0.0029034507,0.3808928,0.4580946,0.10076506,0.01214622,0.0037229685,0.032826114,0.0035661438,0.0019527603,0.0026039134,0.00013008075,0.0003958652
0.00031065877,0.0010443012,0.009148304,0.0737306,0.15036415,0.09998019,0.11269221,0.2215502,0.13190916,0.17594628,0.012379123,0.01094482
0.00034536733,0.0008947381,0.005903094,0.0459721,0.14396648,0.109265916,0.09565481,0.21083282,0.17254692,0.18343422,0.017857991,0.013325548
0.0002500169,0.0015550216,0.020356113,0.15637319,0.15739729,0.08135915,0.14500125,0.20747222,0.07768639,0.14045382,0.0059017804,0.0061937547
0.00022984738,0.0023703522,0.040189296,0.25590274,0.14914478,0.064576305,0.15823334,0.16942027,0.04607408,0.10711848,0.0029462175,0.0037943106
0.0003448542,0.00088742294,0.00558872,0.043269783,0.14386408,0.11038186,0.09409092,0.20824441,0.17824118,0.18288706,0.018774576,0.013425074
0.00027068943,0.0015531842,0.016578568,0.12724584,0.16183248,0.08741349,0.14054935,0.21237673,0.0904724,0.14769171,0.0073084612,0.0067070876
0.0058456296,0.5602984,0.33418155,0.059383944,0.00784697,0.0027071296,0.023703216,0.0021679725,0.0016989792,0.001585777,0.0001365269,0.00044392073
0.00028811835,0.001161447,0.011239025,0.090569645,0.15313336,0.095090516,0.12150605,0.22133663,0.11706314,0.16860509,0.010580084,0.00942686
0.01921035,0.76731724,0.16308205,0.024750806,0.004626255,0.0019743629,0.013894817,0.0013141667,0.0017718025,0.0009748033,0.00022455247,0.00085892226
0.0002997607,0.0011958259,0.010924486,0.08764207,0.15460221,0.0967721,0.121116064,0.22063473,0.11896923,0.16772895,0.01074229,0.009372228
0.0003295231,0.0009061667,0.0073067737,0.058436446,0.14502777,0.10410775,0.10245315,0.2182701,0.15144499,0.18415557,0.014777315,0.012784413
0.0003446071,0.0008878406,0.005519078,0.04264614,0.14394769,0.11071611,0.093780465,0.20752245,0.17963141,0.18257356,0.019009652,0.013420926
0.0013971311,0.20101678,0.55175334,0.16231692,0.018840857,0.0055191037,0.044211674,0.007165369,0.0022826656,0.0049988884,0.00012575024,0.00037155967
0.00033837633,0.0009315977,0.006486907,0.050901458,0.14583431,0.1072543,0.09944508,0.21375236,0.16334338,0.18236756,0.016603682,0.0127410125
0.00027406853,0.001325777,0.015282669,0.122953065,0.15564725,0.08869501,0.13348407,0.21761818,0.09490273,0.15429987,0.007751044,0.007766272
0.0002995815,0.0009960542,0.010482077,0.086247824,0.1480362,0.09654829,0.115076534,0.2235785,0.1212775,0.17554292,0.010880842,0.011033721
0.00034536756,0.0008934937,0.0060787764,0.047555372,0.14385097,0.10859737,0.09644938,0.21221033,0.16948175,0.18388288,0.017338116,0.0133162495
0.00030109432,0.0010061327,0.009987849,0.08164151,0.14870274,0.097421214,0.11421849,0.2233158,0.124809034,0.17618094,0.011389282,0.011025876
0.001014673,0.13883646,0.56392264,0.19208008,0.024278002,0.006853873,0.05163716,0.011068781,0.0025974317,0.0071991254,0.00013282859,0.00037896857
0.011701569,0.7162098,0.21115841,0.032583605,0.005246145,0.0020816452,0.016226457,0.0013706422,0.001635564,0.0010384634,0.00017534987,0.0005723367
0.00022119137,0.0018105303,0.031779256,0.22824192,0.14777589,0.06991135,0.15188533,0.18485993,0.0552645,0.11961438,0.0038217513,0.0048139663
0.0007550716,0.10107832,0.5547349,0.22908683,0.027024249,0.0076780096,0.05499193,0.013074238,0.002790715,0.008258615,0.00013684863,0.00039031386
0.00031336374,0.0010063455,0.0085561555,0.06869865,0.14903083,0.10091942,0.10983038,0.22082025,0.13760039,0.17863488,0.013173141,0.011416119
0.0003235029,0.0009579248,0.00778351,0.062453397,0.14752914,0.10325614,0.10589721,0.21907511,0.14577872,0.18082707,0.014079068,0.01203919
0.00034524166,0.0008820983,0.005360677,0.041258894,0.14364254,0.1114568,0.09277952,0.20604394,0.18282908,0.18238309,0.019498684,0.013519492
0.00039137315,0.042222492,0.46486712,0.312832,0.04615511,0.011799699,0.07706262,0.025786942,0.0040972605,0.014127215,0.00018201687,0.00047617772
0.0002489444,0.0015585058,0.02073516,0.15925853,0.15693726,0.080934815,0.14533094,0.2067541,0.07661826,0.13968669,0.0057908683,0.0061459066
0.00028778182,0.0011205489,0.011572708,0.09417308,0.15173635,0.094453774,0.121178195,0.22226101,0.114403136,0.16902632,0.010146377,0.009640722
0.00032653363,0.00094065955,0.0075229295,0.060234785,0.14675024,0.10388794,0.10441031,0.2184339,0.14885688,0.18186675,0.014471506,0.012297618
0.00023871941,0.0025660116,0.04417607,0.270269,0.14704327,0.062794924,0.15802734,0.1634643,0.042587064,0.10263102,0.0026287811,0.0035735215
0.0002886212,0.0012157034,0.012750877,0.10351859,0.15411471,0.09318065,0.1260687,0.22085579,0.107292585,0.16271386,0.009195668,0.008804285
0.00031714272,0.00097146654,0.008445879,0.0682998,0.14802831,0.10128829,0.1086119,0.22106196,0.13837159,0.17974177,0.013117957,0.0117439665
0.00034487635,0.0008870391,0.0056246566,0.043565672,0.14370772,0.11014648,0.09423102,0.2086544,0.17755629,0.18315665,0.018681362,0.013443797
0.0002853171,0.0013526918,0.013868754,0.110529006,0.15776022,0.09159658,0.13155194,0.21817343,0.101730645,0.156656,0.008571952,0.007923518
0.00023255934,0.009773398,0.2026431,0.44076824,0.08599721,0.025752839,0.12008194,0.06737839,0.010003646,0.03588651,0.0004724754,0.0010096667
0.00034455047,0.0008901537,0.005593268,0.043279607,0.1439756,0.11037327,0.094177775,0.20821327,0.1782195,0.18274198,0.018794838,0.013396112
0.00029085638,0.0011215423,0.011792318,0.09649327,0.15169409,0.09439648,0.12164522,0.22236831,0.112711035,0.16800648,0.009875017,0.009605381
0.00034611233,0.00087520835,0.0049217767,0.037296623,0.14313138,0.11411874,0.08980264,0.20071356,0.19330001,0.18051584,0.021233538,0.013744604
0.0003002186,0.0010683753,0.010405711,0.084881105,0.15075092,0.09711983,0.11691416,0.22262947,0.121783495,0.17276202,0.011018675,0.010366053
0.00024767802,0.006282522,0.1270312,0.41081172,0.108796835,0.03612797,0.1407643,0.09756638,0.016439809,0.05352528,0.00083515095,0.0015711373
0.00022642854,0.0019431602,0.031569265,0.22103395,0.15179248,0.07007889,0.15524417,0.1848213,0.055641506,0.11925435,0.0038199746,0.0045745876
0.016718559,0.75293815,0.17826942,0.026352527,0.004641153,0.001953336,0.014287675,0.0013015752,0.0016597861,0.00096034625,0.00019659901,0.0007209304
0.00034570607,0.00089480635,0.0059928005,0.04678057,0.14391947,0.10894557,0.09605561,0.21155053,0.17094816,0.18365699,0.01758948,0.013320301
0.00031759174,0.0009768722,0.00843863,0.06824681,0.1483035,0.101460196,0.10876515,0.22089389,0.13847095,0.17933421,0.013112697,0.011679425
0.0011021539,0.15554114,0.56237006,0.18423977,0.022505853,0.006401893,0.048965644,0.009502443,0.0024807486,0.006388235,0.00013057748,0.00037143563
0.0002937517,0.0012559999,0.01184964,0.094744295,0.15593426,0.09496828,0.12494463,0.22004797,0.11317694,0.16396649,0.010031045,0.008786706
0.01631114,0.7509686,0.18019864,0.026677843,0.004671727,0.0019572556,0.0143916765,0.0013018093,0.001657422,0.0009621045,0.00019531655,0.0007065169
0.0003179515,0.0009520772,0.008320175,0.06725017,0.14716263,0.101353414,0.107620835,0.22101612,0.13969545,0.18103147,0.013288173,0.011991539
0.00030394725,0.001207131,0.010470659,0.08357203,0.15504496,0.09777668,0.120026805,0.21998516,0.12246829,0.16844064,0.011252871,0.009450845
0.00034470882,0.0008943911,0.0058268057,0.045294493,0.14393343,0.10938604,0.09530649,0.21026002,0.1738975,0.1833902,0.018122971,0.013342882
0.0026667907,0.35327432,0.47674122,0.106739126,0.012978859,0.0039154785,0.03434386,0.0039715855,0.0019697219,0.002884045,0.00012652308,0.00038849504
0.0002548397,0.0164583,0.30206558,0.42201915,0.06654032,0.018414846,0.09918568,0.044557355,0.0062753186,0.023247493,0.00027955475,0.0007015384
0.0002868168,0.001172375,0.012445186,0.101377465,0.1529729,0.093367554,0.124409705,0.22147577,0.10905569,0.16490611,0.009423354,0.009107053
0.00034537152,0.00088105147,0.00529105,0.040626287,0.14355305,0.111846305,0.09233576,0.20527655,0.18436648,0.18217818,0.019753529,0.0135464445
0.00022888625,0.004021405,0.07532783,0.3413609,0.13522321,0.04901347,0.15695222,0.1294766,0.027484577,0.076996185,0.0015550475,0.0023597798
0.00023694921,0.004720711,0.09647189,0.38832626,0.119054876,0.04211602,0.14672706,0.11347629,0.021110535,0.064695835,0.0011183848,0.0019452054
0.00034571387,0.0008742884,0.004849921,0.03664389,0.14301431,0.114573866,0.08928849,0.19978146,0.19521853,0.18001635,0.021597546,0.013795553
0.00042109817,0.05141492,0.49160758,0.3031154,0.037991915,0.010243768,0.06850082,0.020780083,0.0035443201,0.01179166,0.00015938659,0.00042906648
0.00029949856,0.0010716781,0.010608303,0.08672399,0.15078461,0.0967482,0.11748345,0.22271146,0.12029718,0.172166,0.010813841,0.010291745
0.00024900807,0.005463551,0.10565699,0.385567,0.11970528,0.040760536,0.14872234,0.10922649,0.02004311,0.0617306,0.0010461778,0.0018288817
0.00034556142,0.0008709782,0.0047365017,0.03563598,0.1426519,0.115371145,0.08837927,0.1982169,0.19822608,0.17955816,0.022097452,0.013910082
0.00033434908,0.0009189134,0.0067989733,0.053809166,0.14538255,0.10589823,0.10067418,0.21578401,0.15843451,0.18334666,0.01584058,0.012777846
0.00034478278,0.0008881085,0.0056019058,0.043377638,0.14386451,0.11030578,0.09416393,0.20836276,0.17800084,0.1829252,0.018744962,0.013419499
0.010547979,0.7031359,0.22199503,0.03491775,0.005472879,0.002130366,0.016943522,0.0014166451,0.0016464046,0.0010775274,0.00016991004,0.00054613024
0.00024542355,0.006742946,0.13686354,0.416138,0.10591837,0.034438435,0.13836616,0.093132615,0.015306667,0.050594833,0.0007739449,0.0014790175
0.009318702,0.67277235,0.2467903,0.039609216,0.005915599,0.0022323544,0.018351242,0.0015683083,0.0016155345,0.0011702843,0.00015400571,0.0005021076
0.00033930613,0.00089997594,0.006522719,0.05146433,0.14432892,0.10684954,0.09882704,0.2147642,0.16241579,0.18417773,0.016315604,0.013094851
0.00034547973,0.00089023146,0.0057988283,0.04507256,0.14379819,0.10964164,0.09508894,0.21008512,0.17438,0.1833834,0.01812927,0.013386379
0.0002690119,0.0012686717,0.015495504,0.12576696,0.15350078,0.08817906,0.13213347,0.21793655,0.094193645,0.1555354,0.0076894066,0.008031523
0.00031774395,0.0009969446,0.00842787,0.067960806,0.14905158,0.101749495,0.109256044,0.22045824,0.13876934,0.17836489,0.013164077,0.011483038
0.011109458,0.7091106,0.21708792,0.033805966,0.005364913,0.0021073,0.016604397,0.0013946567,0.0016315152,0.0010589731,0.00017127654,0.0005529906
0.0003066383,0.0011013423,0.009802538,0.07903397,0.15212028,0.09886009,0.1159455,0.22146496,0.12666771,0.17268713,0.011704431,0.010305387
0.00026811854,0.0013781417,0.016172923,0.12878962,0.15659654,0.08720859,0.13628106,0.21586722,0.091356136,0.15134026,0.007368414,0.0073729185
0.00027643546,0.0011535033,0.012785321,0.10381625,0.15221576,0.09206839,0.124632716,0.22136612,0.107667156,0.16558287,0.009305873,0.009129596
0.0003439185,0.0009007817,0.0058571594,0.04552343,0.14415745,0.10918649,0.095592864,0.210351,0.17343625,0.18324915,0.018123588,0.013277918
0.014257906,0.7375642,0.19267617,0.028782863,0.004871304,0.002000497,0.015048259,0.0013212968,0.0016525774,0.0009881099,0.00018763043,0.0006492623
0.0003457535,0.00089280814,0.0059322855,0.046247415,0.14381434,0.10912707,0.09573406,0.21114618,0.17198002,0.18367039,0.017754557,0.013355155
0.00034495088,0.0008840997,0.00543508,0.04191828,0.14378358,0.111085854,0.09327656,0.20678301,0.18125392,0.18249848,0.019255945,0.013480146
0.00033972244,0.0009096906,0.006482946,0.05105259,0.14481485,0.10717427,0.09890144,0.2142906,0.16314305,0.18346196,0.016441932,0.012987008
0.0003456724,0.032423113,0.42726672,0.3361717,0.053002443,0.013551063,0.08400895,0.031273685,0.004652664,0.016560523,0.0002077028,0.00053576403
0.00033515232,0.00092179514,0.0068189865,0.054013137,0.14560795,0.106097564,0.10085088,0.21572828,0.15818366,0.18295918,0.0157543,0.012729152
0.00027784065,0.0014295335,0.014790583,0.116098434,0.15975124,0.0899892,0.13515432,0.21610722,0.09764238,0.15322264,0.008126741,0.0074098343
0.00025683467,0.0017586885,0.020779602,0.1530286,0.1625517,0.081722334,0.14904782,0.2042691,0.07730598,0.13771847,0.005868515,0.00569235
0.00032472602,0.00093138457,0.0077314987,0.062226046,0.1464353,0.103110015,0.104965135,0.21942465,0.14624885,0.18218702,0.014075023,0.012340345
0.00032984826,0.0009534469,0.006995464,0.05522973,0.1467747,0.10525451,0.1024693,0.21600883,0.15604669,0.18188141,0.015685853,0.01237022
0.0002087372,0.01124012,0.23553771,0.44013464,0.07896279,0.022155397,0.113493554,0.058318347,0.0084333215,0.030279927,0.0003950034,0.0008405052
0.00027330112,0.0012409103,0.014433258,0.11716765,0.15372363,0.08971138,0.12987757,0.2194842,0.09894537,0.15859225,0.008229368,0.008321095
0.00024341028,0.0066447114,0.13722987,0.4214022,0.10424771,0.034042366,0.13679342,0.09217102,0.015049708,0.04995265,0.00075469527,0.0014682608
0.0014869354,0.17584383,0.55281615,0.16656716,0.023863168,0.0067851986,0.05131499,0.011244953,0.0025424315,0.0070012985,0.00013349862,0.00040041705
0.00023417978,0.0021545854,0.034461297,0.23075914,0.15244964,0.06847985,0.15746267,0.17923139,0.0521478,0.11492673,0.003474068,0.0042186724
0.0018494917,0.26258075,0.5250512,0.13816527,0.015890822,0.004691554,0.039902024,0.005377121,0.0021252912,0.003864575,0.00012457024,0.00037733786
0.00034566192,0.0008770893,0.005025192,0.03826152,0.1432219,0.11329132,0.09056209,0.20202288,0.19075157,0.18110587,0.020854566,0.013680317
0.01863027,0.76376444,0.16717127,0.025007036,0.0045745806,0.0019548135,0.013896541,0.001305359,0.001714005,0.00096140587,0.00021200204,0.0008084115
0.00034354013,0.0009050567,0.0060435547,0.047134485,0.14434002,0.10856509,0.09655619,0.21168467,0.17022166,0.1834117,0.017601477,0.013192598
0.015050312,0.7428381,0.18785268,0.027919732,0.0047837365,0.001980229,0.014782318,0.0013110407,0.0016508558,0.0009754421,0.00019020769,0.00066543417
0.00033693668,0.0009219532,0.006608281,0.052040014,0.14533891,0.106666364,0.099834345,0.21472515,0.16136433,0.1830734,0.016271807,0.012818568
0.00036928224,0.041538253,0.46750173,0.32543892,0.041115288,0.011119426,0.07199001,0.023475775,0.003790509,0.013037243,0.00016559908,0.00045798652
0.0003362793,0.0009253172,0.0066304933,0.052240506,0.14555584,0.10657099,0.10005877,0.2147518,0.16101737,0.1828979,0.016246252,0.012768486
0.0003147515,0.0009716836,0.00862295,0.06976617,0.14787163,0.10068536,0.10914936,0.2215593,0.13660815,0.17979817,0.012924376,0.011728173
0.00034423795,0.0009027805,0.006034982,0.047093485,0.1443,0.1087047,0.09646441,0.21166275,0.17033145,0.18338113,0.0175685,0.013211615
0.018744161,0.7643554,0.16654186,0.024938984,0.0045727226,0.001955382,0.013876339,0.0013053523,0.0017198824,0.0009621219,0.00021329285,0.0008145391
0.009179669,0.68049353,0.24034989,0.038892955,0.0058488864,0.0022082764,0.018059868,0.0015056322,0.0016519198,0.0011391422,0.0001621737,0.00050804694
0.00033002815,0.000953956,0.00709205,0.05619728,0.14707269,0.105273664,0.10295622,0.21640466,0.15467013,0.18138032,0.015378649,0.012290319
0.00028485205,0.0012683844,0.01369481,0.110902786,0.1550691,0.09160627,0.12919143,0.21973628,0.10225617,0.1590547,0.00858991,0.008345328
0.00024141812,0.0018748547,0.026915029,0.19255511,0.15686089,0.07459668,0.15388834,0.19357502,0.06326826,0.12677804,0.0044678366,0.0049785133
0.00027346142,0.00130165,0.015211844,0.122870155,0.15486652,0.088702865,0.13269834,0.21804264,0.09522426,0.15512207,0.0077887946,0.00789738
0.00029174756,0.0012082357,0.012233327,0.09901236,0.15411453,0.09418395,0.124735616,0.22103837,0.11039487,0.16423096,0.009593202,0.008962819
0.018879011,0.7645771,0.1661949,0.024921391,0.0045736646,0.001958611,0.013881219,0.0013080677,0.0017165054,0.000961654,0.0002126263,0.0008152817
0.0002562848,0.0015242209,0.019185571,0.14847398,0.1579327,0.08298917,0.14324053,0.20976718,0.08098539,0.14298595,0.0062315203,0.0064274906
0.00026757308,0.021083932,0.3518409,0.39714724,0.05918056,0.015858809,0.091589324,0.037224315,0.0053479015,0.019617155,0.00023531393,0.0006069966
0.0150686335,0.74263984,0.18803065,0.027906435,0.0047829095,0.0019813655,0.014788944,0.0013124363,0.0016531089,0.0009769527,0.00019028065,0.0006684147
0.0003458035,0.0008793912,0.0051939134,0.039738886,0.14353794,0.11254045,0.09175606,0.20417133,0.18651457,0.18165782,0.020086026,0.013577853
0.01769264,0.758224,0.17295279,0.025626376,0.0045900624,0.0019500008,0.014068434,0.0013029961,0.001673954,0.0009581686,0.00020184007,0.00075868715
0.00023733628,0.0025724065,0.04552651,0.27832645,0.14489354,0.06190282,0.15715006,0.16131744,0.041238822,0.10079898,0.0025175675,0.003518077
0.019703241,0.7691141,0.1609033,0.024562625,0.0046463665,0.0019866303,0.0138610285,0.0013194921,0.0018011152,0.0009810206,0.00023083335,0.0008902513
0.00034364412,0.0008972588,0.0062220823,0.048759904,0.14394253,0.10795172,0.09722737,0.21313179,0.16720718,0.18405285,0.017019667,0.013244037
0.0002542127,0.0021819565,0.030718422,0.20533028,0.15839605,0.07256506,0.15719566,0.18616712,0.05774902,0.1210444,0.0039216364,0.0044761547
0.0003284222,0.00092287303,0.007305674,0.05826733,0.14571333,0.10418021,0.1029313,0.21800919,0.15154104,0.18333618,0.014870911,0.012593469
0.00032070256,0.00098486,0.007746391,0.061683364,0.14826822,0.10308279,0.10637708,0.21860549,0.14650996,0.18020545,0.014390053,0.01182568
0.0027238373,0.34940293,0.48050284,0.10587449,0.013152817,0.003955329,0.034713726,0.004201216,0.0019424142,0.003018002,0.00012287377,0.00038960707
0.0003421382,0.00090228184,0.0062423856,0.048894294,0.1441677,0.10772591,0.09746212,0.21317434,0.16691169,0.18394513,0.017053768,0.013178249
0.00027030264,0.022763392,0.36851242,0.38830984,0.056706678,0.015045162,0.08899192,0.035002943,0.0050931596,0.018501973,0.00022333786,0.00057884294
0.00025153652,0.0019306449,0.02357515,0.16717786,0.1632596,0.07861317,0.15359777,0.19786449,0.07109859,0.13221887,0.0052527203,0.0051596
0.0002614889,0.0014131097,0.017876375,0.14189412,0.15561569,0.084774606,0.13918951,0.21317072,0.08497181,0.14716463,0.0066631916,0.007004761
0.00034012,0.0009028034,0.006472694,0.051015027,0.1444942,0.10714317,0.098667756,0.21439199,0.16321619,0.18385713,0.016427614,0.01307135
0.00031378827,0.0009775189,0.008638491,0.069765866,0.14800495,0.10059496,0.10934159,0.22151718,0.13652487,0.17969595,0.01294929,0.011675505
0.0003446728,0.0008880484,0.005597516,0.0433308,0.14379722,0.11025253,0.094131224,0.20836176,0.17808954,0.18299799,0.018778007,0.013430775
0.0014203675,0.20319135,0.5507221,0.16210352,0.018557549,0.005487137,0.0438051,0.0070192525,0.0022757272,0.00491701,0.00012501742,0.00037583764
0.00034516517,0.00089865125,0.0059760865,0.04658818,0.14408237,0.10898003,0.09606145,0.21133478,0.17130269,0.18346362,0.017688349,0.013278552
0.00034621748,0.0008743107,0.0048692445,0.036813017,0.14305365,0.11452399,0.08941049,0.2000369,0.19463623,0.18020156,0.021451555,0.01378292
0.01713455,0.7540417,0.1771481,0.026105048,0.004601783,0.0019501823,0.014192107,0.0013031088,0.0016474165,0.0009576453,0.00019444495,0.0007239175
0.00028832196,0.0011801105,0.012610264,0.10291283,0.15312156,0.09326811,0.12490121,0.22139199,0.10798554,0.16403818,0.009265609,0.009036318
0.0003368052,0.0009182185,0.0067041083,0.05300515,0.14539224,0.10650094,0.100215636,0.2152198,0.15984021,0.18308096,0.01597768,0.012808343
0.00034499678,0.0008962897,0.005945431,0.046337284,0.14390768,0.10891353,0.09586101,0.21123451,0.17176598,0.18368301,0.017788475,0.013321782
0.006819282,0.6182344,0.28941497,0.049731124,0.0068508345,0.0024594888,0.02104349,0.0017758632,0.0017135525,0.0013397238,0.0001510954,0.0004661587
0.00034513822,0.00088258955,0.005414149,0.041741204,0.14366418,0.111133814,0.09311096,0.20661582,0.18167438,0.18259197,0.019317072,0.013508736
0.014748703,0.74088967,0.18965437,0.028259635,0.0048135356,0.0019872477,0.014863528,0.0013138482,0.0016467173,0.0009790745,0.00018869509,0.00065507233
0.019077554,0.76301956,0.16756961,0.025062842,0.0045593968,0.0019616603,0.013826964,0.0013091586,0.0016742933,0.00095330836,0.00020282979,0.00078282657
0.00034055646,0.0009090318,0.006339922,0.049727038,0.14457257,0.10745328,0.09815495,0.21357158,0.16540886,0.1836202,0.0168431,0.013058848
0.00032599218,0.0009276244,0.007607258,0.061113622,0.14623563,0.10347722,0.10437729,0.2189983,0.14772463,0.18251176,0.014282383,0.012418264
0.00027798713,0.0012214602,0.014204508,0.11599581,0.1532248,0.09037163,0.12894848,0.21989061,0.09978193,0.15929194,0.008297469,0.008493387
0.0018791169,0.2595582,0.53049105,0.1339588,0.01643629,0.0048077484,0.040280677,0.0058743972,0.002096882,0.004122974,0.00012215083,0.0003716928
0.00031930165,0.00098713,0.008125458,0.06521018,0.14860344,0.102366105,0.10789675,0.21977349,0.14204499,0.17935461,0.013649569,0.01166899
0.00034495725,0.0008837873,0.0054332856,0.041897334,0.14371914,0.111054555,0.09325459,0.20677608,0.1813089,0.1825676,0.019269403,0.013490291
0.009801728,0.6934361,0.22982262,0.036770664,0.0056473673,0.0021651534,0.0174542,0.0014523084,0.001653626,0.0011042197,0.00016666805,0.00052541523
0.00034280436,0.0009105002,0.006222306,0.048689198,0.14470036,0.108100906,0.0975581,0.21272047,0.16734438,0.18322664,0.017112508,0.013071831
0.007858055,0.65033424,0.26429683,0.044145707,0.006331082,0.0023278047,0.019520432,0.0016286878,0.001685798,0.0012299798,0.00015693103,0.00048453358
0.0039294106,0.47071832,0.39743403,0.07958939,0.009865976,0.003198606,0.028163109,0.0026821909,0.00187257,0.0019851658,0.00013923863,0.00042199844
0.00031964947,0.0009707181,0.008180759,0.06594254,0.14806424,0.10214864,0.10769756,0.22021513,0.14125739,0.17991237,0.013485557,0.0118053835
0.00030284197,0.0010755891,0.010174925,0.08272149,0.1511051,0.09777765,0.11645251,0.2223008,0.12354474,0.1729156,0.011246765,0.010381918
0.0002981356,0.0012069846,0.01124251,0.09031337,0.15477075,0.0961844,0.12222934,0.22069012,0.11678885,0.16660994,0.010446246,0.009219369
0.00023527018,0.001939413,0.029326485,0.20636539,0.15492433,0.07222778,0.15531152,0.18889077,0.05916306,0.12278437,0.0041117608,0.004719855
0.0003438479,0.0009037927,0.0060387594,0.047104925,0.14430782,0.10862302,0.096500926,0.21168418,0.17028691,0.18341415,0.017588452,0.013203155
0.00029885772,0.0010935578,0.010817564,0.08835695,0.15137833,0.09647309,0.11851537,0.22242893,0.11891459,0.17100608,0.010642081,0.010074542
0.00031976553,0.0009909109,0.008031509,0.06436351,0.14878617,0.10265631,0.10768459,0.21941008,0.14312428,0.17918143,0.013808537,0.011642923
0.0002232254,0.0026640587,0.05062335,0.299317,0.14027058,0.05853197,0.15606132,0.15407096,0.037507582,0.0951849,0.0022702033,0.0032747937
0.00027516944,0.0013758643,0.0141671775,0.11206767,0.1587069,0.0904468,0.13298316,0.21713653,0.10071215,0.15587316,0.008541964,0.0077134045
0.00027835413,0.0012830491,0.0138313025,0.11129391,0.15558429,0.09095659,0.12996234,0.21921213,0.101923786,0.15885232,0.008611225,0.008210707
0.0073867096,0.6358318,0.2757145,0.046613075,0.0065546175,0.0023874247,0.020201804,0.0016970597,0.0017003337,0.0012801128,0.00015400362,0.0004785065
0.00034622912,0.00087486487,0.0049096136,0.037180614,0.14310756,0.11422349,0.089710064,0.20056649,0.19359817,0.18045416,0.02127393,0.01375483
0.0003356646,0.0009046446,0.006812173,0.05407421,0.14482848,0.10592539,0.10033381,0.21608171,0.15812486,0.1839581,0.015690032,0.012930858
0.00034520018,0.0008931297,0.0058426345,0.0454623,0.14396062,0.109451,0.095354736,0.21039885,0.17360444,0.18332188,0.018023718,0.013341439
0.00024637973,0.013544802,0.26532868,0.43486187,0.0729158,0.020679805,0.10555839,0.051596913,0.007249298,0.026898714,0.00032722543,0.0007920862
0.008402628,0.66504186,0.25254416,0.041685846,0.006108254,0.0022783093,0.018832432,0.0015670003,0.0016897937,0.0011865137,0.00016148938,0.0005017347
0.00034111823,0.00090791954,0.0063076904,0.049452744,0.14452174,0.107578054,0.09795557,0.21340051,0.16590816,0.18363087,0.016913552,0.013082118
0.0130485175,0.7114223,0.21423472,0.032590784,0.0051783826,0.0021125574,0.016542137,0.0014820083,0.0015741627,0.0010762279,0.00015850265,0.00057961326
0.0002341458,0.0020846212,0.033629023,0.22878717,0.15189137,0.069007926,0.15661448,0.18083894,0.05296455,0.11606933,0.0035458354,0.004332593
0.01758557,0.7577115,0.17348477,0.025687108,0.004595619,0.0019501573,0.014092337,0.001302831,0.0016737976,0.00095869653,0.00020155618,0.0007560477
0.00031728312,0.001019411,0.008256674,0.06604959,0.14972217,0.102134295,0.1091674,0.21964423,0.1408682,0.17790414,0.013575975,0.011340598
0.0003450922,0.0008832916,0.0054890322,0.04241676,0.1437026,0.11077533,0.093525596,0.20740516,0.18011831,0.18278517,0.019066658,0.013486944
0.00032351268,0.0009608125,0.0077380915,0.061965298,0.1475748,0.103357896,0.105779365,0.21887302,0.1463701,0.18083811,0.014187618,0.012031314
0.00025559615,0.0057744556,0.11188879,0.3920018,0.11669948,0.03952797,0.1468436,0.10594584,0.01894656,0.059387147,0.00097232976,0.0017563351
0.00034502763,0.0008845524,0.0055161226,0.042632442,0.14376092,0.1107331,0.09369342,0.20759368,0.17963335,0.1827587,0.018983837,0.013464792
0.0002688867,0.0015646159,0.01698075,0.13011678,0.16175508,0.08679976,0.1413523,0.21183108,0.08888219,0.14670949,0.0071264775,0.0066126576
0.00033526047,0.00090287847,0.0068854606,0.0548062,0.14487433,0.10571452,0.10063846,0.21646178,0.15704753,0.1839171,0.015497624,0.012918879
0.015472395,0.74518126,0.1856635,0.027531257,0.004740506,0.0019711254,0.014649001,0.0013077826,0.0016478583,0.0009699379,0.00019072762,0.000674659
0.0003464127,0.00087617553,0.0050100763,0.038076956,0.14327215,0.1136105,0.090458296,0.20188452,0.19103521,0.18091993,0.02082093,0.013688881
0.000344874,0.00089445227,0.006069656,0.04743492,0.14380121,0.108520344,0.096426204,0.21216123,0.16965508,0.18397303,0.017402135,0.013316873
0.00025925678,0.0014152725,0.017724218,0.14021464,0.15604001,0.084748,0.13920698,0.21338677,0.08564937,0.14760017,0.0067559388,0.006999379
0.00031555793,0.0009950122,0.008700773,0.07045248,0.14894669,0.100933686,0.110113166,0.22128427,0.13587081,0.17816567,0.012779149,0.011442754
0.010665763,0.69952255,0.22508758,0.035272893,0.0054758033,0.002133714,0.017006205,0.0014435154,0.0016102556,0.0010878133,0.00016246867,0.000531504
0.00032746847,0.00091320445,0.007469781,0.059882514,0.14544053,0.103658795,0.10334317,0.21877544,0.14939643,0.1836395,0.014507468,0.012645676
0.00032882567,0.00092051463,0.007366175,0.059005562,0.1458829,0.10423184,0.10321759,0.21817224,0.15068974,0.18294956,0.014671041,0.012564008
0.000343883,0.0009101463,0.0060034655,0.04676242,0.14464764,0.108860694,0.096478306,0.21120185,0.17096946,0.18295331,0.017731028,0.013137839
0.00034610403,0.00087611104,0.0049214386,0.03727062,0.14324176,0.11425204,0.08985375,0.20064281,0.1933331,0.18028961,0.02124025,0.013732378
0.0003457013,0.00087979966,0.005156551,0.039392002,0.14354582,0.11276038,0.091499835,0.20366725,0.18748659,0.1814322,0.020250872,0.013582949
0.00032438716,0.0009534328,0.0077261003,0.062003843,0.14737324,0.10343244,0.10556796,0.21894436,0.1464298,0.18100274,0.01414619,0.012095592
0.00034526622,0.00088217773,0.0053525455,0.041181926,0.14373022,0.11160099,0.09276364,0.2059357,0.18295984,0.18222141,0.019515645,0.013510553
0.00033970963,0.0009202927,0.0064545064,0.05069854,0.14528431,0.10738331,0.0990069,0.2138481,0.16373321,0.18286929,0.016582415,0.0128794275
0.0002398903,0.0060604108,0.12014655,0.39844313,0.11430863,0.03751857,0.14527416,0.101422586,0.017803922,0.056228884,0.0009193104,0.0016339484
0.016577676,0.7502078,0.18078512,0.026735008,0.004634581,0.0019539995,0.014341625,0.0013063345,0.0016233387,0.00095857494,0.00018843354,0.0006875662
0.0018116427,0.25710216,0.5277652,0.14014792,0.016080754,0.0047604847,0.04024423,0.0054978766,0.0021397118,0.003946951,0.00012463052,0.00037845786
0.00030703406,0.0010475704,0.009099627,0.07315276,0.15032323,0.09963399,0.112759836,0.22142892,0.13253152,0.17625289,0.012556511,0.0109061785
0.00033910281,0.0009297257,0.0064289374,0.050387792,0.14570394,0.107436635,0.09909514,0.2134657,0.16424583,0.18244433,0.016739747,0.0127831735
0.00023939028,0.01689086,0.29993522,0.40481308,0.07307156,0.018869963,0.10655434,0.04739526,0.0068841684,0.024326002,0.00031947898,0.000700689
0.00028050182,0.0012349015,0.013918896,0.11331549,0.15394662,0.090875566,0.12884435,0.22000942,0.101110466,0.15954845,0.008454573,0.00846075
0.0005993035,0.07449568,0.52858526,0.26498306,0.03130845,0.009031337,0.060383342,0.017019939,0.0030834486,0.009951925,0.00014362847,0.00041466486
0.0032059576,0.40953624,0.43954393,0.093363054,0.011385408,0.0035427813,0.031315908,0.0032626132,0.0019209029,0.002388279,0.00013239826,0.0004025312
0.0002945886,0.001209856,0.0114327455,0.09181499,0.1547032,0.09557176,0.12287479,0.22070391,0.11564988,0.16627966,0.010329176,0.009135404
0.00022357871,0.002505084,0.04630896,0.28430513,0.14306986,0.060755495,0.1567413,0.15993097,0.04059457,0.099570796,0.0025044347,0.003489873
0.0003459793,0.0008749721,0.0048533436,0.036654577,0.14308305,0.114667505,0.08932119,0.19977741,0.1951249,0.17996368,0.02155079,0.013782617
0.0003393861,0.00090203533,0.006520094,0.05143945,0.14446437,0.10692107,0.09887444,0.21468723,0.16247357,0.18398929,0.016322985,0.0130660795
0.00022677281,0.0019442627,0.032196444,0.22546841,0.15076582,0.06964856,0.15497923,0.18362327,0.05464208,0.11822968,0.003727946,0.0045476034
0.00021365151,0.010790073,0.2274135,0.44077483,0.080278054,0.022919867,0.11514068,0.06079943,0.008782857,0.031597547,0.00040876694,0.00088067696
0.00034427593,0.0009026454,0.0060145995,0.04691234,0.14428292,0.1087524,0.096357256,0.21152727,0.17067121,0.18338084,0.017633813,0.013220502
0.017097756,0.75528103,0.17593995,0.026068976,0.0046189525,0.0019507265,0.014190336,0.0013009475,0.0016625882,0.00095778547,0.00019848986,0.0007324264
0.00034444622,0.0009046813,0.0059933453,0.046714872,0.14440912,0.108908705,0.096302666,0.21128705,0.17106533,0.183173,0.017698454,0.013198327
0.00033164135,0.00090962974,0.0071273493,0.056868188,0.14520934,0.10483921,0.10186021,0.21741018,0.15378162,0.18378815,0.015096779,0.012777664
0.019254535,0.76702696,0.16363044,0.024640782,0.0045788907,0.0019618582,0.0138082495,0.0013078569,0.0017536377,0.0009684697,0.0002204949,0.00084785745
0.0007941961,0.10639676,0.55815595,0.2232515,0.026172606,0.0075567085,0.05379699,0.012552259,0.002744968,0.008054464,0.00013549102,0.0003881204
0.00034480606,0.00089217763,0.0057734484,0.044837877,0.14385155,0.10957312,0.09501017,0.20988092,0.17484982,0.183348,0.018264282,0.013373816
0.004916463,0.5291327,0.35676757,0.06646924,0.008501946,0.0028423779,0.025101475,0.002273924,0.001750558,0.0016838837,0.00013862371,0.00042121872
0.0007523852,0.09956043,0.5536423,0.23286699,0.026660023,0.007711316,0.0543303,0.012927642,0.002777722,0.008243123,0.00013553393,0.000392227
0.019319965,0.7675581,0.16286936,0.02466972,0.004611398,0.0019713612,0.013856924,0.0013127025,0.0017709405,0.0009741037,0.00022436991,0.00086104823
0.0033670997,0.42388958,0.42969456,0.09013795,0.011008431,0.0034601353,0.030589001,0.0031144994,0.0019114935,0.0022853725,0.00013408651,0.00040778698
0.00027168513,0.0013393403,0.015750382,0.12649506,0.1556127,0.08790711,0.1345675,0.21698381,0.09292777,0.15299442,0.0075243367,0.00762595
0.00033774858,0.00091738696,0.0065315054,0.051406816,0.14511758,0.10683077,0.09935788,0.21445066,0.16245423,0.18327633,0.01642826,0.012890879
0.00034217248,0.0009174511,0.0062430296,0.04880772,0.14501123,0.10805241,0.097811416,0.21268731,0.16712125,0.18290195,0.017117165,0.012986889
0.0003442213,0.00090322713,0.006067674,0.04735541,0.14429514,0.108648084,0.096620806,0.21186505,0.16982089,0.18340121,0.017475983,0.013202275
0.00030533224,0.001027765,0.009727128,0.07920842,0.14965959,0.09841681,0.114064775,0.22274917,0.12675565,0.17552656,0.011648992,0.010909805
0.00033730076,0.00090599083,0.0066746017,0.05282232,0.14479092,0.10641789,0.09973235,0.21539198,0.16014896,0.18382101,0.015994895,0.012961736
0.00034493866,0.0008875792,0.005615618,0.04347776,0.14381221,0.11031092,0.09421402,0.20848143,0.17776373,0.18297103,0.01869524,0.013425471
0.0036479328,0.44663408,0.41453737,0.084580965,0.01042671,0.0033171119,0.029382983,0.002911341,0.0018769623,0.0021386454,0.00013509295,0.00041075403
0.00030823413,0.001028521,0.009556328,0.07771209,0.14981027,0.09899117,0.11354284,0.22254118,0.12808277,0.1756509,0.01180855,0.010967175
0.0003440755,0.0008968681,0.005661893,0.043869667,0.14431643,0.11012982,0.09467638,0.2085835,0.17698781,0.18260089,0.018629322,0.013303357
0.0003439663,0.0009014414,0.006156126,0.04815462,0.14421368,0.10831623,0.09700854,0.2125298,0.16833201,0.18363035,0.017212143,0.01320109
0.00029155772,0.0011437633,0.011959029,0.097697705,0.152318,0.094315514,0.12255012,0.22211373,0.111723125,0.16673332,0.009732452,0.009421718
0.00027165248,0.0012666376,0.015543563,0.12664299,0.15331753,0.08828826,0.13213019,0.21792468,0.09380562,0.15513404,0.0076276897,0.0080470815
0.00034579562,0.0008784235,0.0050999313,0.038903408,0.14336328,0.11296267,0.09107926,0.20299073,0.18886435,0.18138748,0.02049545,0.013629264
0.00031134472,0.0010253688,0.009268858,0.075197935,0.14984949,0.09977382,0.11261114,0.22206998,0.13055871,0.17614935,0.012116801,0.011067231
0.0003135263,0.0010163683,0.008573712,0.06882218,0.14946166,0.10099819,0.11015478,0.22071789,0.13742946,0.17804284,0.013156781,0.01131267
0.0003451014,0.0008909314,0.005784092,0.044948746,0.14385052,0.10962162,0.095044605,0.20995454,0.17463604,0.1833483,0.018197266,0.013378228
0.014986801,0.7420634,0.18854932,0.028057478,0.0047873254,0.0019823497,0.014793218,0.0013124298,0.0016440855,0.0009760599,0.000188867,0.0006587801
0.00023080618,0.0043991385,0.09141783,0.38566515,0.12002253,0.043126047,0.14692263,0.11626018,0.022030374,0.06672048,0.001178556,0.0020263111
0.00025846815,0.0034452283,0.050711885,0.26127625,0.1563816,0.061168127,0.16528244,0.15650605,0.041103598,0.098246865,0.0025122627,0.0031072241
0.0008278732,0.11160078,0.55972755,0.21925452,0.025449846,0.0073777013,0.052764237,0.011951489,0.0027100155,0.007813983,0.00013437783,0.00038757312
0.019306837,0.76769656,0.16266073,0.024697049,0.0046257484,0.0019750744,0.013880403,0.0013143657,0.0017768829,0.00097591936,0.00022565704,0.0008646945
0.00027784187,0.0012975296,0.014820215,0.11989983,0.15510744,0.08951659,0.1318699,0.21858011,0.096836396,0.15584089,0.007953165,0.008000122
0.00033309235,0.00094102934,0.006930798,0.054846514,0.14646964,0.10586585,0.101870514,0.21586649,0.15682758,0.18194784,0.015618748,0.012481948
0.00032088876,0.000973123,0.008086671,0.06512923,0.1482238,0.10255783,0.10744925,0.21982749,0.14233665,0.1796965,0.013607386,0.011791166
0.00031887612,0.00095549965,0.00826104,0.0667584,0.14739832,0.10166487,0.107548244,0.22075029,0.14029984,0.1807371,0.013350687,0.011956867
0.0002969784,0.001126911,0.011239055,0.091631666,0.15227224,0.09583437,0.120388,0.22208214,0.11619804,0.1689118,0.01029578,0.009723006
0.00034524428,0.0008847344,0.00555114,0.04294742,0.14378229,0.11063602,0.09386262,0.20791231,0.17894635,0.1828171,0.018858338,0.013456377
0.00031122562,0.0009785265,0.009114612,0.074207135,0.14813317,0.09961618,0.11091408,0.22251715,0.13182695,0.1785659,0.012265737,0.01154932
0.00031898558,0.0010206191,0.008136959,0.06501512,0.14982283,0.10262535,0.10878074,0.219178,0.14224103,0.17777546,0.013733546,0.011351349
0.011845711,0.71730864,0.21024968,0.032353036,0.0052203555,0.00207681,0.016153865,0.0013687228,0.0016351435,0.0010356234,0.00017556178,0.00057696784
0.00044547758,0.052422058,0.4946778,0.29861897,0.03791031,0.010361565,0.06816872,0.021232229,0.0035344718,0.0120350355,0.00015782868,0.0004355945
0.00034484972,0.0008851116,0.0055093784,0.042587746,0.1437772,0.110667124,0.093663685,0.20756125,0.17975041,0.1827708,0.019020138,0.013462298
0.0003402396,0.00091234327,0.0063703796,0.0499946,0.14480422,0.10742656,0.098399416,0.21363704,0.16494387,0.1833918,0.01677553,0.013004006
0.00034170313,0.00092133007,0.006320927,0.049481012,0.14528248,0.107977696,0.09831066,0.2129912,0.16591501,0.18263587,0.01690947,0.012912638
0.018761208,0.7637249,0.16711827,0.024991944,0.004568038,0.0019561176,0.013893033,0.0013073838,0.0017042451,0.00095966883,0.00020998438,0.00080509874
0.019223139,0.76777774,0.16237873,0.024815435,0.0046681366,0.0019861388,0.013959321,0.0013199371,0.0017907813,0.0009803828,0.00022870686,0.0008716662
0.00034503455,0.0008831262,0.0053499313,0.041146625,0.1437275,0.11158501,0.09275162,0.20585172,0.18309343,0.18220663,0.019555971,0.013503423
0.00034559512,0.0008793022,0.0051483875,0.039343473,0.14342664,0.11268054,0.09140962,0.20358588,0.18766674,0.18160737,0.020304635,0.013601864
0.00025597736,0.0016228487,0.018738763,0.14183052,0.16166827,0.08375607,0.14499807,0.20869751,0.08301884,0.1426978,0.0065263407,0.00618896
0.0003465032,0.0008748979,0.0048564943,0.036655188,0.14309928,0.114769615,0.089351155,0.19981067,0.19500165,0.17995898,0.021491516,0.013784116
0.00029636917,0.001091671,0.010945951,0.08945609,0.1511737,0.096015245,0.118827365,0.22254002,0.11809044,0.1709624,0.0105563905,0.010044344
0.0003014244,0.0012397071,0.011325477,0.09067019,0.15571545,0.09644259,0.12300627,0.22014806,0.11637462,0.16535367,0.010375848,0.009046627
0.00024582117,0.01565725,0.28558043,0.40977272,0.074269086,0.020019924,0.10876892,0.051292785,0.0072486997,0.026056316,0.00033437033,0.0007536295
0.0002685915,0.001270488,0.015626201,0.126898,0.15341948,0.08800778,0.13235164,0.2177443,0.093627825,0.15515767,0.0076248306,0.008003262
0.0003424013,0.0008983376,0.006284366,0.04929587,0.143995,0.1076548,0.0975813,0.21349683,0.16619667,0.18415004,0.016891245,0.013213095
0.00053292303,0.063952185,0.51050854,0.27399918,0.037623428,0.00996625,0.067908175,0.020011593,0.0034974236,0.011413184,0.00015689775,0.00043024193
0.017168807,0.7564483,0.1747768,0.025923543,0.004631552,0.0019535867,0.014197673,0.0013026197,0.0016816866,0.0009616954,0.0002028092,0.000750951
0.00033049195,0.0009113526,0.0072115227,0.05760159,0.14531037,0.10454668,0.10226034,0.21774365,0.15267393,0.18372174,0.01495388,0.01273444
0.00033429902,0.0009018657,0.0069251545,0.05509364,0.14474429,0.10546466,0.10074942,0.21666741,0.15650776,0.1842191,0.015458065,0.0129343495
0.0002460666,0.0067288326,0.13814707,0.42091438,0.10422592,0.03399471,0.13684274,0.09190778,0.014982752,0.049797446,0.0007479975,0.001464353
0.0002512581,0.0014088745,0.019419555,0.15403429,0.15330492,0.082606025,0.1402346,0.21066092,0.080431685,0.14458798,0.006212726,0.006847123
0.00033904353,0.00091080833,0.0065226895,0.05139636,0.14487962,0.10701852,0.09913001,0.21447891,0.16253501,0.18346432,0.016362896,0.012961757
0.00028378057,0.0011863294,0.013030859,0.10634756,0.15308523,0.092320114,0.12595698,0.22110067,0.105738476,0.16304538,0.009005447,0.008899173
0.015314725,0.7443399,0.18644434,0.027695877,0.004755352,0.0019736758,0.014692616,0.0013082784,0.0016462402,0.00097083877,0.00019025536,0.0006678808
0.00033737626,0.0009136168,0.0066392887,0.052428953,0.1450842,0.106603034,0.09977212,0.21503769,0.1607746,0.18340272,0.016118262,0.012888131
0.0002627435,0.0014251195,0.017473267,0.13806356,0.15670565,0.08525751,0.13903718,0.213734,0.086432956,0.1477906,0.0068142973,0.007003084
0.00034580284,0.0008723772,0.004750185,0.035721842,0.14275742,0.11541066,0.08852376,0.19835937,0.19787554,0.17947695,0.022021534,0.013884517
0.00032534773,0.0009684595,0.0074935188,0.059715003,0.14783776,0.10413494,0.10503505,0.21783651,0.14946756,0.18052246,0.014651984,0.012011382
0.0018811851,0.264176,0.5259577,0.13564697,0.015880056,0.004707915,0.0397977,0.0054327575,0.002124838,0.0038917623,0.00012450824,0.00037859275
0.00033769585,0.00091056066,0.006597607,0.05205395,0.144862,0.10664288,0.09947579,0.21493845,0.16138794,0.18363583,0.016214298,0.01294297
0.0003454914,0.00089440116,0.005991151,0.04675132,0.14383452,0.10887098,0.09603636,0.21158347,0.17097637,0.1837749,0.017608445,0.013332619
0.00023231389,0.001896155,0.02881947,0.20459267,0.15471943,0.0724687,0.15479374,0.18995364,0.05994729,0.12358785,0.0041960804,0.004792648
0.00032835198,0.0009587687,0.0072359927,0.057469416,0.1473519,0.10487065,0.103709064,0.21695118,0.15275392,0.181078,0.015102679,0.012190005
0.00023492666,0.00309354,0.052439507,0.2851172,0.14778204,0.058970418,0.16090338,0.15330105,0.037816063,0.094955705,0.002293716,0.0030923893
0.00023904734,0.00184836,0.02810778,0.2024142,0.1542026,0.07351284,0.15332642,0.19148858,0.060866404,0.12480281,0.0042395904,0.0049513043
0.0003277525,0.0009426547,0.007331897,0.058389228,0.14664413,0.10437443,0.10364569,0.21765178,0.1513588,0.1821004,0.014879956,0.012353212
0.00034332054,0.0009057592,0.006103785,0.047661927,0.1444012,0.10839382,0.09687072,0.21208358,0.16922748,0.1834207,0.017423443,0.013164305
0.00046413596,0.05418253,0.4950557,0.2905005,0.04004004,0.010532454,0.07069176,0.02193813,0.0036680007,0.012319694,0.00016269647,0.00044435388
0.00020917505,0.0072051724,0.15258342,0.42245683,0.101528205,0.031174166,0.13651894,0.086663656,0.013919606,0.045772023,0.0006991159,0.0012696908
0.00033516492,0.0009401753,0.0067382185,0.053071793,0.14628693,0.10646404,0.10090906,0.2149154,0.15963481,0.18206689,0.01606779,0.012569767
0.012322886,0.72148526,0.20672187,0.03160055,0.0051316572,0.0020582338,0.015896827,0.0013576605,0.0016344214,0.0010233324,0.00017714468,0.00059015636
0.00034599385,0.00087717903,0.005056897,0.038520336,0.14327076,0.11319708,0.09078687,0.20246956,0.18990062,0.18123725,0.020673558,0.013663819
0.018002544,0.7600642,0.17104991,0.02541081,0.004583417,0.001951861,0.014012234,0.0013048779,0.0016831371,0.00095874484,0.00020452957,0.00077371026
0.0073336065,0.63385206,0.27739882,0.04686629,0.0065839505,0.002389327,0.020277675,0.0017033851,0.0016869329,0.0012846114,0.00015236295,0.0004709227
0.00030151065,0.0011489266,0.010408541,0.08382042,0.15327902,0.09756266,0.11873817,0.22114293,0.12237967,0.1702382,0.011186248,0.009793735
0.00034242574,0.0009016895,0.0062312675,0.04879703,0.14413394,0.107794926,0.097391166,0.21310623,0.16709518,0.18394779,0.01707015,0.013188143
0.018114094,0.7607489,0.17032716,0.025342757,0.0045832912,0.0019530345,0.013995296,0.0013057909,0.001686515,0.0009588867,0.00020557678,0.00077865843
0.00034524497,0.0008820168,0.005343562,0.041100364,0.14361545,0.11154258,0.09266807,0.20585229,0.1832215,0.1823379,0.019566093,0.013524903
0.00026098543,0.0017941116,0.020268288,0.14844291,0.16396497,0.08260059,0.14913425,0.20401278,0.07920354,0.13855822,0.006069221,0.0056901025
0.000333685,0.0009032556,0.0069778026,0.055570126,0.14485143,0.10530219,0.1010232,0.21688454,0.15578443,0.18411715,0.015354016,0.012898203
0.00028479696,0.001152852,0.012797675,0.10484507,0.15210469,0.09265241,0.12455652,0.22169162,0.106995806,0.1646061,0.009142857,0.009169603
0.0025309927,0.3412188,0.4828345,0.111560114,0.013270816,0.004012944,0.035028588,0.0040594074,0.0020065783,0.0029585487,0.000127376,0.00039135595
0.0003389947,0.00092012115,0.006431017,0.05047615,0.1452068,0.10723416,0.09888909,0.21380089,0.16407323,0.18304472,0.016690703,0.012894187
0.00023478884,0.0030338927,0.056039874,0.307349,0.14037886,0.056699753,0.1570096,0.14830084,0.03471098,0.09117014,0.0020504638,0.0030217748
0.000273998,0.02527181,0.39053968,0.37332812,0.054437324,0.014078517,0.08649399,0.032685596,0.0048494223,0.017281678,0.00021509815,0.0005446887
0.0003455955,0.0008797678,0.005198454,0.039794493,0.14348312,0.112412564,0.091746286,0.20422712,0.18643245,0.18181203,0.020090725,0.013577375
0.00023515642,0.004011509,0.0790565,0.35842595,0.12849459,0.0475451,0.15222375,0.12630782,0.02562587,0.0743735,0.0014078228,0.002292526
0.00027188347,0.0015364616,0.01638358,0.12617286,0.16151811,0.08772128,0.13990334,0.21292211,0.091135055,0.14827052,0.0073761274,0.006788734
0.0003442168,0.00089192746,0.005635046,0.04364417,0.14392771,0.11004596,0.09440557,0.20854643,0.1774698,0.18298398,0.018717028,0.013388183
0.019230753,0.76741874,0.16295664,0.02474422,0.004628579,0.0019752032,0.013895964,0.0013145887,0.0017739908,0.0009754071,0.00022503348,0.00086089346
0.00023929647,0.0025638524,0.036329873,0.22225736,0.1602724,0.06783164,0.16343448,0.17543346,0.05211068,0.11226884,0.003440789,0.003817237
0.00026052832,0.0015511665,0.019153556,0.14768238,0.15871482,0.08342574,0.14359686,0.20945254,0.08105436,0.14252998,0.0062121106,0.0063659977
0.01913507,0.7666441,0.16381203,0.024812369,0.0046143634,0.0019722632,0.013902309,0.0013138582,0.0017558477,0.0009709296,0.00022093073,0.0008459686
0.00033126405,0.022260398,0.3111292,0.3634437,0.08281277,0.020764304,0.11291578,0.051051024,0.007722173,0.02642577,0.0003667131,0.0007768175
0.0003025164,0.0010408467,0.010003326,0.081534974,0.14997661,0.09779501,0.115182176,0.22278821,0.12469473,0.17458361,0.011391164,0.010706801
0.0017136399,0.24452473,0.5335298,0.14500318,0.016615726,0.0049120327,0.04108561,0.005802335,0.0021681888,0.0041434374,0.00012468606,0.0003765768
0.0036243184,0.44699997,0.41404167,0.084747754,0.010428347,0.0033213936,0.029384712,0.0028913242,0.0018838156,0.0021296204,0.0001360969,0.00041104015
0.00031600517,0.0010787564,0.008750054,0.069974765,0.15176575,0.10142445,0.11218812,0.21980873,0.13610531,0.17489053,0.012949395,0.010748113
0.019588655,0.7686104,0.16177087,0.024494594,0.0046005202,0.001970897,0.013796119,0.0013116146,0.001780525,0.0009754103,0.0002263324,0.00087400206
0.00026430297,0.0015202139,0.016666774,0.12860994,0.16094449,0.08671456,0.14031233,0.21271518,0.09013382,0.14805071,0.0073067416,0.0067609088
0.00032965545,0.00091511064,0.0072935997,0.0583662,0.14558263,0.10437196,0.102741584,0.21800162,0.15160367,0.18334523,0.014795102,0.012653544
0.0003171321,0.0009507368,0.0085068,0.0690684,0.14723842,0.10095972,0.10826759,0.221483,0.13768497,0.1806015,0.012975862,0.011945885
0.00034530865,0.00088192284,0.005341498,0.04107856,0.14368886,0.111645386,0.09268789,0.20582497,0.18321122,0.18221994,0.01955652,0.013517921
0.00023859231,0.0020620914,0.031100448,0.21301925,0.1551518,0.07104465,0.15682681,0.18545888,0.05667329,0.12005651,0.0038748172,0.0044928035
0.00032612434,0.00093347573,0.0075914427,0.06094049,0.14650838,0.10361598,0.10449148,0.2188239,0.14794004,0.18215345,0.014322104,0.012353102
0.014403826,0.7380162,0.19224986,0.02876802,0.0048441193,0.0019935018,0.014971267,0.00131944,0.0016309705,0.0009815649,0.00018482376,0.00063634437
0.00033332233,0.00093906955,0.00682658,0.053887084,0.14624096,0.10595543,0.10134673,0.21546294,0.1582715,0.18228965,0.015893986,0.012552697
0.00034475245,0.0008855121,0.005507426,0.04256707,0.14376435,0.11063476,0.09366062,0.20753123,0.17981294,0.182788,0.019041276,0.0134621635
0.018883483,0.7655428,0.1651641,0.024890846,0.0045975796,0.001963145,0.013893674,0.0013089238,0.0017403346,0.0009666921,0.0002178228,0.00083052204
0.00034468307,0.00089136104,0.00570804,0.04427868,0.14390303,0.10985389,0.094714575,0.209275,0.17604169,0.1831528,0.018453961,0.013382327
0.0010478296,0.14445321,0.56276035,0.19505972,0.022274591,0.006640848,0.048606984,0.0096048005,0.0025097637,0.006528156,0.00012885926,0.0003848377
0.00030122936,0.0010611302,0.010384869,0.08483848,0.15055999,0.09720862,0.11665245,0.2227402,0.12185478,0.17295259,0.011006567,0.010439125
0.00034162577,0.00091091427,0.0062373206,0.048781138,0.14459251,0.10781482,0.09762975,0.2128781,0.1671176,0.18347509,0.017144088,0.0130769685
0.0003250458,0.0009332114,0.007524218,0.06003578,0.14607078,0.103407085,0.104048476,0.2187226,0.14889102,0.18302552,0.014575624,0.012440701
0.00024326844,0.012608883,0.24650113,0.4314453,0.078907415,0.022264302,0.11213878,0.056726463,0.008143877,0.029788211,0.00037456953,0.0008577507
0.0002396626,0.0014901579,0.022673277,0.17641568,0.15142319,0.07873901,0.14396352,0.20396212,0.07199782,0.13748583,0.0053728074,0.0062368875
0.00029869474,0.0010944696,0.010838046,0.088521995,0.15139244,0.09643387,0.11858913,0.2224093,0.11877837,0.17095329,0.010626989,0.010063409
0.018919779,0.76557326,0.16513665,0.024868937,0.0045926315,0.0019623255,0.013882559,0.0013087118,0.0017398152,0.00096648117,0.00021770291,0.0008311371
0.016532447,0.7519164,0.1792652,0.026515735,0.004653552,0.0019549418,0.01433339,0.00130171,0.0016570856,0.0009608951,0.00019566754,0.00071300485
0.00023717752,0.0016575956,0.024618037,0.18472478,0.15426686,0.076535076,0.14922118,0.19896896,0.06747499,0.13185552,0.0048951777,0.0055446783
0.01976554,0.7694628,0.16062978,0.024485212,0.0046353163,0.0019822593,0.0138152465,0.0013160605,0.0018024861,0.0009802064,0.00023151113,0.00089361914
0.0003373068,0.0009097878,0.00665183,0.052570965,0.14491527,0.10651933,0.0997319,0.21518254,0.16054179,0.18363832,0.016072383,0.012928626
0.00024468446,0.012414426,0.24464633,0.43352625,0.0785782,0.02237907,0.11183696,0.057025824,0.008151734,0.029957876,0.00037375698,0.0008648532
0.00034160755,0.0009029718,0.0062911743,0.049292482,0.14416735,0.10759138,0.09772359,0.2134286,0.1661626,0.18399666,0.016937513,0.013164096
0.00032261698,0.00097123743,0.0077283746,0.06178624,0.14797965,0.103347756,0.10602438,0.21872318,0.14654435,0.1803854,0.014264039,0.0119227
0.00034526695,0.000884127,0.005578896,0.043194544,0.14365041,0.11039558,0.09396461,0.20828329,0.17837955,0.18307352,0.018776614,0.01347364
0.0003201822,0.000976576,0.008148492,0.0656355,0.14832753,0.10237942,0.10775503,0.21997136,0.14167106,0.17954001,0.01352907,0.011745832
0.00024277497,0.0027351286,0.0395896,0.23345417,0.15903285,0.0661773,0.16392158,0.17062348,0.04887475,0.10857285,0.003155016,0.0036205
0.00033890957,0.0009194936,0.0064475187,0.050635178,0.1451969,0.10720218,0.098972775,0.21388565,0.16379645,0.18307209,0.016637735,0.0128951585
0.018621093,0.76386446,0.16704953,0.025017539,0.004580003,0.0019560894,0.013905428,0.0013058792,0.0017162069,0.00096190785,0.00021252091,0.00080946396
0.0012453127,0.14601368,0.55461496,0.18421656,0.026883844,0.0075029596,0.055160053,0.01307096,0.0027786458,0.007957625,0.00013861227,0.00041678472
0.00034604603,0.0008738736,0.0048330305,0.03648895,0.14298587,0.11474907,0.0891361,0.19955456,0.19561087,0.17998385,0.02162955,0.013808239
0.00051881745,0.06392602,0.51477087,0.28014338,0.034136456,0.009554735,0.06366926,0.018673206,0.0032716412,0.010767259,0.00014935742,0.00041896998
0.018511666,0.76394826,0.16680619,0.02515581,0.0046156496,0.0019649193,0.013979197,0.0013097094,0.0017210444,0.0009641497,0.0002138312,0.00080956053
0.00034596174,0.0008720733,0.0047698873,0.035920594,0.1427731,0.11516466,0.08863858,0.19871584,0.19729309,0.17971301,0.02192081,0.013872395
0.00025217657,0.009967378,0.16919664,0.38295582,0.112376034,0.032063045,0.14591536,0.085175015,0.014659342,0.045472626,0.0007367287,0.0012298764
0.00034502277,0.0008851639,0.0055701165,0.04310905,0.1437038,0.1104093,0.09394409,0.20816706,0.17856888,0.18301117,0.018824005,0.013462332
0.00022424635,0.0035185362,0.056177117,0.2787263,0.15332146,0.05704329,0.16740528,0.14895558,0.037616625,0.09187722,0.002311895,0.0028224457
0.0012613467,0.17452605,0.55938953,0.1705856,0.021821843,0.006204231,0.04793374,0.009229416,0.0023972995,0.0061533786,0.00012846089,0.00036908724
0.0003777148,0.043655187,0.4730998,0.31815293,0.04123935,0.010992189,0.072121195,0.023110447,0.0037687987,0.0128673,0.00016788764,0.0004472097
0.00034442873,0.0008964825,0.005825611,0.045270506,0.14403109,0.10938922,0.095356666,0.21017885,0.17395276,0.18328287,0.018151999,0.013319531
0.0012088708,0.17245148,0.55829346,0.17922448,0.020254217,0.0060041286,0.046023943,0.008059419,0.0023724085,0.0056041437,0.00012640867,0.00037711477
0.00022179967,0.013920761,0.27653342,0.43164146,0.0705854,0.019382121,0.104751796,0.049495414,0.006965984,0.025447667,0.0003204918,0.0007337277
0.00034604655,0.00087348296,0.0048227273,0.036395375,0.14294511,0.11480898,0.08905908,0.19942796,0.19587635,0.17994787,0.021677202,0.013819818
0.017201385,0.7557435,0.17548372,0.025970738,0.0046137613,0.0019504753,0.014171782,0.0013014184,0.0016662787,0.000958468,0.00019924997,0.00073912396
0.013824684,0.7342648,0.19561638,0.029419718,0.004915091,0.0020082162,0.01518821,0.001326988,0.0016355957,0.0009902469,0.00018372266,0.0006263915
0.00032109255,0.0009979807,0.007867618,0.06280673,0.14899646,0.10318306,0.1072339,0.21872546,0.14514695,0.17898476,0.014112845,0.011623181
0.00032741428,0.00092766184,0.007510801,0.060308095,0.1463165,0.103911534,0.10403631,0.21857063,0.14888437,0.18235695,0.01441886,0.012430857
0.0002976383,0.0010476519,0.0105164545,0.086028226,0.14991187,0.09655749,0.11669448,0.22306658,0.12098275,0.17347398,0.0109190475,0.0105039
0.00024665534,0.001531853,0.021133635,0.16328686,0.15540524,0.080465615,0.14479664,0.20634273,0.07555439,0.1393531,0.005684958,0.0061982065
0.00034419366,0.0009024114,0.0058266,0.04525792,0.14451139,0.10964201,0.095544115,0.2098548,0.17403872,0.18270244,0.018155131,0.013220291
0.00022156224,0.0031462263,0.060359977,0.31988275,0.13779186,0.05409264,0.15670617,0.14323443,0.032654263,0.08714933,0.0019238384,0.0028369746
0.00034491988,0.00088382384,0.005382401,0.041447148,0.14373656,0.11135024,0.092940725,0.20619634,0.18241851,0.18236168,0.019446176,0.013491531
0.00029628567,0.0012680545,0.011850817,0.09466965,0.15635267,0.09521758,0.1251376,0.21988925,0.11311021,0.16346294,0.0100012105,0.008743793
0.00023368669,0.007709485,0.15852565,0.42794788,0.09919115,0.030909209,0.13283831,0.08311158,0.013149627,0.04446189,0.00064656785,0.0012749027
0.00034543,0.000893997,0.0059024366,0.045969423,0.1439121,0.1092487,0.09563297,0.21085478,0.1725429,0.18350193,0.017857173,0.013338195
0.00022318888,0.0026656063,0.050127618,0.29641908,0.1411026,0.058787692,0.15657717,0.1547985,0.03794866,0.09575776,0.0023046029,0.0032874998
0.00029414467,0.0010879488,0.010807174,0.088069424,0.15100932,0.095985,0.11848787,0.22255823,0.119217396,0.17165588,0.010743716,0.010083926
0.010416082,0.6700708,0.24858299,0.039116748,0.0059150066,0.0022886759,0.01842143,0.0016961483,0.0015888293,0.0012197327,0.00014637016,0.00053713203
0.00033222546,0.00093585334,0.007018753,0.05570341,0.14632277,0.105518185,0.102134064,0.21640839,0.15550905,0.18220706,0.015406661,0.012503593
0.00034559146,0.00088051043,0.005281072,0.040541485,0.14364547,0.11203101,0.09230214,0.20519522,0.18448384,0.18199785,0.019753607,0.013542219
0.019195948,0.7672289,0.16320586,0.02474864,0.004621683,0.0019728616,0.013888389,0.0013134029,0.0017692941,0.00097401283,0.00022402273,0.0008568869
0.00026337247,0.0014501998,0.017511249,0.1376891,0.1575276,0.085350156,0.1397254,0.21319574,0.086320594,0.14726518,0.0068050777,0.006896326
0.0063994676,0.6034197,0.3007585,0.05244461,0.007123283,0.0025235584,0.021745984,0.0018511399,0.0017301086,0.0013927278,0.00014954362,0.0004614351
0.00034416257,0.0009026128,0.0058967997,0.04586906,0.14435235,0.1092188,0.09583674,0.21054839,0.17275232,0.18307018,0.01797661,0.013232065
0.00907366,0.6794202,0.24113841,0.03914102,0.005876382,0.002217809,0.01813392,0.0015100118,0.0016684334,0.0011439358,0.0001636359,0.0005126578
0.00034521768,0.0008826116,0.0053818612,0.041444466,0.14372084,0.11140012,0.09293748,0.20626298,0.18234584,0.18235222,0.019421203,0.013505198
0.0002962425,0.0012716212,0.011846336,0.094551586,0.15647668,0.095225684,0.12520829,0.21981046,0.11318126,0.16338935,0.010016115,0.008726354
0.0003400953,0.0009035897,0.006457563,0.05085526,0.14447923,0.10716226,0.098609254,0.21430753,0.16347204,0.18386193,0.016479362,0.013071843
0.00032834976,0.00095266744,0.0072144824,0.057290193,0.14704826,0.104790635,0.10344886,0.21698292,0.15297401,0.18154803,0.015149665,0.012271913
0.00034540633,0.00088101707,0.0053383536,0.041059006,0.14358385,0.11158179,0.09263539,0.2058287,0.18327864,0.18236299,0.019566583,0.013538274
0.00031552959,0.0009269641,0.0086918855,0.07071038,0.14603989,0.10017567,0.108022854,0.22227769,0.13598478,0.18190464,0.01273431,0.012215399
0.0003089632,0.0010100906,0.009452088,0.07696572,0.14918384,0.099085264,0.11277431,0.22273712,0.12882909,0.17658587,0.011896386,0.011171326
0.0003461482,0.00087747973,0.0051227193,0.039098203,0.14333892,0.112865135,0.09123245,0.2033625,0.18823208,0.18153225,0.020360338,0.01363172
0.00028387454,0.0010979502,0.01223247,0.1002813,0.1504968,0.09324526,0.12188844,0.22234657,0.11046125,0.16836748,0.0096132,0.0096854465
0.00028414818,0.0013917381,0.013662375,0.107736245,0.159423,0.09188333,0.1320995,0.21729326,0.103198074,0.1564274,0.008817925,0.0077830437
0.00032731195,0.0009171474,0.007529872,0.060540855,0.14582753,0.10368266,0.103788204,0.21886238,0.1486062,0.18300255,0.014363518,0.012551781
0.00031824398,0.000943988,0.008260181,0.066690154,0.14673908,0.10137665,0.107148536,0.22096497,0.14037262,0.18168986,0.013387176,0.012108623
0.00024667563,0.01352473,0.26482743,0.43492803,0.07304133,0.02072062,0.105650835,0.05171527,0.007266214,0.026956582,0.0003280663,0.000794223
0.004270541,0.4929427,0.3818399,0.074781634,0.009327414,0.0030559907,0.027009081,0.0025168501,0.001831512,0.0018610568,0.0001395549,0.00042381175
0.00034431586,0.00089141534,0.0056566624,0.043825924,0.14386404,0.109952025,0.09448177,0.20880161,0.17703958,0.18310006,0.01864657,0.013396092
0.005822261,0.57695246,0.32086807,0.057363342,0.00759484,0.0026327888,0.022942906,0.0019968303,0.00174238,0.0014895167,0.00014540758,0.00044928875
0.018729923,0.76415557,0.16673857,0.024957085,0.0045717363,0.001955325,0.01388034,0.0013057516,0.0017178348,0.00096193864,0.00021284334,0.0008130844
0.00034591084,0.0008777739,0.0050323885,0.038279764,0.14334041,0.113422096,0.090651296,0.20208932,0.19057652,0.18093437,0.020788502,0.013661713
0.00034281344,0.0009186127,0.0061503053,0.047995158,0.14510521,0.10843858,0.0973907,0.21198732,0.16863479,0.18267018,0.017370488,0.012995773
0.00034312907,0.0009064229,0.006131423,0.047901012,0.14443326,0.1082884,0.097016625,0.21227004,0.16878091,0.18342738,0.017352415,0.013149038
0.019318065,0.76772696,0.16247611,0.02475541,0.0046446393,0.001982467,0.013925332,0.0013186974,0.0017810625,0.0009779141,0.00022623506,0.0008670476
0.01111373,0.70922905,0.2169844,0.03375982,0.0053644017,0.002109348,0.016610164,0.0013953705,0.0016408581,0.0010604617,0.0001722931,0.0005599967
0.011790597,0.7120469,0.21470286,0.032955077,0.0052549485,0.0020949407,0.01637029,0.0013995039,0.0016033865,0.0010518028,0.0001678848,0.0005618931
0.0093006175,0.68433934,0.23717217,0.03832186,0.005801242,0.002199818,0.017901065,0.0014893196,0.0016637146,0.0011295363,0.00016479315,0.00051650504
0.0014043299,0.20190212,0.5512363,0.16244878,0.018704165,0.005503144,0.04399846,0.007074603,0.002278685,0.004951111,0.00012558258,0.00037274614
0.0003169765,0.0009886126,0.008533006,0.069012836,0.14875802,0.10135354,0.109405205,0.22092028,0.13755596,0.17862493,0.012993362,0.011537336
0.0003238881,0.00095327134,0.007807069,0.06277849,0.14742546,0.10322992,0.10588716,0.21922995,0.14544436,0.18085742,0.013994468,0.012068613
0.0003448917,0.0008845688,0.0054773004,0.042309664,0.14377367,0.11080766,0.09349394,0.2072387,0.1803817,0.18268992,0.019124182,0.0134737715
0.00085443136,0.11510694,0.5606216,0.21589889,0.025132405,0.007297401,0.05242769,0.011740425,0.0026949963,0.0077032926,0.00013369748,0.0003881929
0.00032824266,0.0009638226,0.0071499143,0.056580096,0.1473667,0.104967415,0.10343989,0.21651088,0.15399577,0.18113637,0.015368822,0.01219208
0.0034271858,0.42637673,0.4287555,0.08878148,0.010950738,0.0034286634,0.030441161,0.0031295617,0.0018872978,0.002285768,0.00013224027,0.0004037971
0.00027799865,0.0012619166,0.014354716,0.11651634,0.15441893,0.09011668,0.13028155,0.21934325,0.099056475,0.15790649,0.008226478,0.008239176
0.00034444206,0.0008933628,0.0057473406,0.044598926,0.14390233,0.10963866,0.09492878,0.20960349,0.17534871,0.18325594,0.01837166,0.013366323
0.018147962,0.76048803,0.17061718,0.025300512,0.0045737866,0.0019513724,0.0139821395,0.0013055969,0.0016866733,0.0009596715,0.00020523896,0.00078177446
0.00033946152,0.0009043876,0.006498272,0.051216036,0.14454259,0.10700314,0.09882982,0.21452092,0.16284297,0.18386157,0.016393099,0.013047734
0.00022899901,0.003581515,0.070735015,0.34576797,0.1317262,0.050146688,0.15343013,0.13278486,0.028162222,0.07934865,0.0015848597,0.0025028044
0.00034415553,0.0008992431,0.00603849,0.047134213,0.14406358,0.10857263,0.09639279,0.21182731,0.1702256,0.1836898,0.017551485,0.013260653
0.018638633,0.7637872,0.16714865,0.025001524,0.004573711,0.0019547022,0.013894101,0.0013053283,0.0017140921,0.0009613897,0.00021201324,0.00080862915
0.00023748609,0.0023703435,0.032573145,0.2084233,0.16148639,0.07019543,0.16183794,0.18136474,0.056396022,0.117168024,0.0038440775,0.004103153
0.007999989,0.6524521,0.26272118,0.043658845,0.006283894,0.0023162493,0.019399853,0.0016243991,0.0016764826,0.0012244325,0.00015618915,0.00048637862
0.00034635758,0.0008748439,0.004903741,0.03712101,0.14312932,0.114320956,0.08967545,0.2004828,0.19372933,0.1803732,0.021285849,0.013757086
0.00034506957,0.0008924402,0.0057816505,0.0449086,0.14396538,0.10973306,0.095074154,0.20983051,0.17472957,0.18317679,0.01820833,0.013354438
0.0003456553,0.00087971456,0.0052543483,0.040307354,0.14354049,0.11211161,0.09210705,0.20490721,0.18509986,0.18202914,0.019853968,0.01356361
0.00031800102,0.0010103512,0.008263563,0.06628808,0.14950563,0.10218604,0.10900426,0.21979268,0.14068325,0.17805834,0.013487428,0.011402395
0.011147749,0.704099,0.22132722,0.03433421,0.005381202,0.002120654,0.016773853,0.0014321688,0.0016021268,0.001075339,0.00016346172,0.0005430125
0.00026205016,0.0014581966,0.017891383,0.14051694,0.15732504,0.08479897,0.14033604,0.21257973,0.08497125,0.14638637,0.0066555743,0.0068184827
0.0002752821,0.0012830535,0.014897061,0.120698564,0.15458713,0.08923531,0.13169776,0.21855596,0.09655985,0.15621978,0.007941958,0.008048183
0.00034480428,0.0008873127,0.005544283,0.04287162,0.14393067,0.11064977,0.09388944,0.2077647,0.17912476,0.18265612,0.01891363,0.013422916
0.0003458264,0.0008681055,0.0045838375,0.034068517,0.14201462,0.11690159,0.08721101,0.19570202,0.20266333,0.17871362,0.022802854,0.014124736
0.00021919716,0.012950275,0.24808386,0.4190823,0.08341225,0.022014797,0.117328934,0.057358485,0.008579601,0.029741796,0.00040712484,0.0008212948
0.0002877407,0.0013417279,0.013329937,0.106162004,0.15791903,0.09252452,0.13025673,0.2185715,0.10456429,0.15804365,0.008934914,0.008063938
0.00033743135,0.00091448356,0.0065402016,0.05148984,0.14494643,0.10670723,0.09931798,0.21459083,0.16229227,0.18352778,0.01641008,0.01292543
0.017139835,0.75528944,0.17593533,0.026014412,0.004617,0.001950898,0.014188687,0.0013017098,0.0016664483,0.00095916906,0.00019900248,0.0007380327
0.015347995,0.74419874,0.18657064,0.027669685,0.0047526713,0.0019743089,0.014695289,0.0013095299,0.0016476917,0.0009720515,0.00019015888,0.00067126553
0.0012889474,0.18450327,0.55612934,0.17125952,0.019711165,0.0057954313,0.04538864,0.0077319485,0.002337476,0.0053539816,0.00012614296,0.0003742113
0.0014556572,0.20882116,0.54915404,0.15882656,0.018367255,0.005404118,0.043516066,0.006874223,0.0022591096,0.004823554,0.00012536415,0.0003728955
0.00024492093,0.010174022,0.20993145,0.44332185,0.08334795,0.025020182,0.11737338,0.06503779,0.009488284,0.034630656,0.00043605996,0.0009934731
0.00029909436,0.0010756776,0.010544905,0.086031556,0.15088938,0.09682919,0.11745573,0.22257724,0.12083502,0.17228892,0.010900729,0.010272508
0.00023988435,0.0019279018,0.02845879,0.201113,0.15583947,0.073217764,0.15485743,0.19054954,0.060575865,0.12419293,0.0042213104,0.0048061633
0.000310796,0.000992156,0.0091584595,0.07446127,0.14860955,0.099614985,0.11141168,0.22244309,0.13144754,0.17790863,0.012237137,0.011404638
0.00033432193,0.0009084896,0.0069215125,0.055046633,0.1450995,0.10560659,0.100945644,0.21649386,0.15658168,0.18373576,0.015478257,0.01284774
0.00029960138,0.0010082044,0.01047221,0.08608943,0.14857681,0.09658833,0.11543034,0.22351979,0.1212496,0.17497696,0.0108853895,0.010903326
0.0003460705,0.00087690837,0.004994929,0.037954494,0.14329734,0.11367018,0.0903591,0.20161787,0.19146626,0.18080914,0.020921573,0.013686192
0.00025663292,0.0069648866,0.11570444,0.3485752,0.12988919,0.04158407,0.15907095,0.110919066,0.02157633,0.06259844,0.0011438729,0.0017168988
0.0003355432,0.00090540777,0.0068106265,0.054042175,0.14484175,0.10591224,0.100341566,0.216067,0.15815553,0.18395647,0.015705917,0.012925864
0.008787538,0.67182493,0.24731039,0.040350668,0.005983837,0.0022395796,0.018477751,0.0015420954,0.001658259,0.0011646494,0.0001601185,0.00050017313
0.00030261878,0.03053612,0.42268792,0.34789932,0.05184296,0.013084904,0.08297463,0.029607737,0.0045472644,0.015801977,0.00020568274,0.0005088769
0.00030664072,0.03105649,0.42848462,0.35556507,0.047148515,0.012477274,0.07774232,0.027401788,0.004217269,0.014916884,0.00018464163,0.00049849274
0.00026367194,0.0016514021,0.018197056,0.13715722,0.16288367,0.085025735,0.14466038,0.20878099,0.085003436,0.14345102,0.0067135254,0.006211847
0.00032351987,0.0009804483,0.0075566047,0.060088426,0.148177,0.10383272,0.10555768,0.21792136,0.14881442,0.18020262,0.014648722,0.011896496
0.00024731096,0.0027561344,0.045441076,0.26773816,0.14944918,0.06292557,0.15930124,0.16204454,0.04211916,0.10192281,0.0025895312,0.0034652916
0.00031190214,0.0010009473,0.009040772,0.07331127,0.14895938,0.100000285,0.11127998,0.22204448,0.13259546,0.1777123,0.012397684,0.011345443
0.00021837367,0.0019513613,0.034015268,0.23650643,0.14850539,0.06794985,0.15465692,0.1803061,0.052327704,0.11556532,0.0035564783,0.0044408077
0.0003444873,0.00088751025,0.0055274596,0.042735264,0.1438175,0.110503204,0.0938062,0.20763408,0.17948252,0.18280707,0.019012548,0.013442132
0.00033967267,0.0009071458,0.006419901,0.050435755,0.14448734,0.10715706,0.09850218,0.21407457,0.16413006,0.18384242,0.016642407,0.013061491
0.00033717288,0.0009226396,0.0065862625,0.051874008,0.14542952,0.10674768,0.09977035,0.21459115,0.16166884,0.18295008,0.016313788,0.012808425
0.00021350553,0.0060394057,0.13007985,0.42133814,0.106298625,0.034121826,0.13885805,0.09408876,0.015807657,0.050869144,0.0008144024,0.0014707049
0.00032325974,0.00094992155,0.007824292,0.06288538,0.14719778,0.10302165,0.105829336,0.21938907,0.14522648,0.18124297,0.013993054,0.012116777
0.00033246636,0.00093101483,0.0068628225,0.054233436,0.14583519,0.10561212,0.101274,0.21587288,0.15766387,0.1829255,0.015817612,0.0126391165
0.00034590418,0.0008782733,0.0050715283,0.038643297,0.14338623,0.113173164,0.090892605,0.20261158,0.1895779,0.18117517,0.020606678,0.013637683
0.00023303607,0.011524001,0.23148306,0.4361642,0.08136168,0.0232279,0.11473934,0.05973055,0.008695554,0.031542715,0.00040568504,0.0008922931
0.00023885511,0.002575255,0.040888112,0.2493294,0.15313216,0.06517819,0.16009325,0.16875377,0.046183243,0.107003756,0.0029499775,0.0036740769
0.00034519625,0.00089128246,0.005790962,0.044988528,0.14382587,0.10962431,0.095076,0.20999743,0.1745368,0.1833613,0.0181821,0.013380181
0.010268046,0.69817543,0.22609389,0.035774525,0.005537177,0.002141848,0.01715282,0.0014372792,0.0016332889,0.0010903026,0.0001656533,0.00052980526
0.00034578922,0.0008929446,0.0059328317,0.046257958,0.14384747,0.10914986,0.09574116,0.21113586,0.1719752,0.18362369,0.017747642,0.013349632
0.00034541442,0.0008804875,0.0052394248,0.040157966,0.14348236,0.11212543,0.092004575,0.20468788,0.18554588,0.18201078,0.019954262,0.013565557
0.00023383675,0.006162956,0.12194822,0.3973192,0.11495228,0.037056457,0.14596955,0.1005074,0.017729443,0.055595838,0.00091861805,0.0016062073
0.00034591538,0.0008710284,0.0047262474,0.035521094,0.14264476,0.11554395,0.08830205,0.19806617,0.19846535,0.17947955,0.02211574,0.013918119
0.00033288944,0.0009588755,0.0068910476,0.054350693,0.14729707,0.10616581,0.102107584,0.21524064,0.15761222,0.18094684,0.015800703,0.01229563
0.00033339643,0.00091140124,0.006964615,0.055378694,0.14519152,0.105405204,0.10119864,0.21667683,0.15601468,0.18369226,0.015425107,0.0128076
0.00032941948,0.0009402016,0.007274827,0.058009464,0.14668517,0.10477322,0.10338921,0.21738878,0.15205866,0.18187526,0.014906058,0.0123696765
0.00025477234,0.01573954,0.29407614,0.4257308,0.06751274,0.018907335,0.100302175,0.046011277,0.006446149,0.024009407,0.0002869156,0.000722841
0.0015426343,0.2201239,0.5436224,0.15582985,0.017575877,0.005229047,0.042417776,0.0063881115,0.0022250286,0.004542247,0.00012407555,0.00037910245
0.00023360518,0.0036307902,0.07137161,0.3470871,0.1313815,0.050071828,0.15319636,0.13218173,0.027868226,0.07893295,0.0015563531,0.0024880355
0.0014006544,0.20077087,0.5515206,0.16303317,0.018763576,0.005522155,0.044096857,0.0071296617,0.0022836325,0.0049793073,0.00012532483,0.00037417558
0.00034516343,0.0008828345,0.0054734848,0.04228371,0.14370118,0.11085983,0.09344027,0.20724812,0.18042104,0.18274248,0.019108439,0.01349337
0.00023754589,0.0016600394,0.023337644,0.17472939,0.15655011,0.07765858,0.14922321,0.20120396,0.070443064,0.13413608,0.0052046403,0.005615737
0.0003458311,0.0008874527,0.005764481,0.044797022,0.14370449,0.1098205,0.09488753,0.209845,0.17496338,0.18337375,0.018191176,0.013419387
0.00026311452,0.0013027436,0.016847553,0.1363899,0.15302725,0.08628515,0.13476387,0.21570103,0.088863604,0.1517926,0.007102085,0.0076610576
0.00022848982,0.0030549332,0.052471466,0.28649452,0.14731874,0.058510583,0.16136582,0.15303606,0.03772897,0.09442755,0.0022897113,0.003073255
0.00033180788,0.00093126274,0.0070343115,0.055846374,0.1460763,0.105330504,0.1020667,0.21659365,0.15524256,0.18260601,0.0153803,0.012560136
0.018658284,0.7635251,0.16747676,0.02497064,0.0045590904,0.0019514364,0.013870529,0.0013039897,0.0017081148,0.0009599972,0.00021052388,0.000805492
0.019614046,0.7686985,0.16143115,0.024582157,0.0046334537,0.0019822689,0.013859856,0.0013180015,0.0017915242,0.0009790694,0.00022860193,0.0008813532
0.00041628958,0.049939543,0.48863307,0.30692148,0.038004223,0.010343882,0.06855257,0.02109327,0.003564495,0.011936711,0.00015799508,0.00043650848
0.00034485012,0.0008845999,0.0054795877,0.042320333,0.14371313,0.11074673,0.09349702,0.20726725,0.18037304,0.18276702,0.019127196,0.01347922
0.00024447608,0.0015709302,0.021332357,0.16309302,0.15658587,0.08006166,0.14599158,0.20564592,0.07517174,0.13859874,0.0056557683,0.0060478975
0.00027034758,0.0014645163,0.015376404,0.119794406,0.1604669,0.08867118,0.13713825,0.21470758,0.09541473,0.15162022,0.007917367,0.0071580866
0.0002532388,0.0013943538,0.018282326,0.14503632,0.15457493,0.08388113,0.13901863,0.2127026,0.08400924,0.14722323,0.006602397,0.0070215347
0.00023041962,0.0019726483,0.03187139,0.22216956,0.15191172,0.07005715,0.15548123,0.18419144,0.055158265,0.11866613,0.0037573297,0.004532746
0.00022609798,0.0027883651,0.04219198,0.24476336,0.15738817,0.06351835,0.16560434,0.16610329,0.046416625,0.10459176,0.0029764823,0.0034312578
0.00025380406,0.020902276,0.35285556,0.39440396,0.059455797,0.015703876,0.09284644,0.037680976,0.0054338174,0.019626267,0.0002416093,0.00059561996
0.00034522483,0.00089463725,0.0059233294,0.046162304,0.14388508,0.10903415,0.095726006,0.21108991,0.17213967,0.18364029,0.017823407,0.013336028
0.00031612345,0.0010156787,0.008280051,0.066207424,0.14947838,0.10185527,0.109135546,0.21983387,0.14059062,0.1783128,0.013585303,0.01138887
0.019440744,0.7680875,0.16226047,0.024610981,0.004615701,0.001973579,0.0138466675,0.001313489,0.001779087,0.0009760793,0.00022613355,0.0008695283
0.01981652,0.7696906,0.16035154,0.024470596,0.004640511,0.0019841797,0.013811305,0.0013165969,0.0018067188,0.0009810723,0.00023250909,0.00089794036
0.017836556,0.7571398,0.1740178,0.025599612,0.004559916,0.0019465738,0.01403662,0.0013042071,0.0016551772,0.00095640356,0.00019718056,0.00075019087
0.00033170872,0.00094798295,0.00698034,0.055240884,0.14678894,0.10563402,0.10230437,0.21598814,0.15617508,0.18164769,0.015571362,0.012389518
0.00034188226,0.00090161385,0.0063068555,0.049474858,0.14417763,0.10760641,0.09778294,0.21354748,0.1658788,0.18396325,0.016855404,0.013162861
0.0002318783,0.004729577,0.09723686,0.38907263,0.118915476,0.041788355,0.14668599,0.11297504,0.021015564,0.06430191,0.0011187085,0.0019279658
0.00033432132,0.00093654817,0.0067546903,0.053256158,0.14609133,0.10618203,0.10093233,0.21516156,0.15929897,0.18240725,0.016039336,0.012605464
0.00032181817,0.00097430864,0.007813335,0.06254017,0.14813338,0.10313901,0.10643517,0.21897322,0.14554575,0.18013592,0.014124125,0.011863725
0.00022616854,0.0020089594,0.034605566,0.23872004,0.14862901,0.06786694,0.15514232,0.1790907,0.051450208,0.11446576,0.003432116,0.0043622185
0.017230177,0.7560108,0.17520909,0.025962597,0.004612507,0.0019503798,0.014162193,0.0013012672,0.00166553,0.0009577788,0.0001993649,0.00073843333
0.00033826477,0.0009062449,0.0066297003,0.052447766,0.14484845,0.10668085,0.09954089,0.2151121,0.16081345,0.18364592,0.016070466,0.012965839
0.00034510496,0.00089436275,0.0058767362,0.045755047,0.14395359,0.10926172,0.095531225,0.21066763,0.17298006,0.18345043,0.017950129,0.01333395
0.00034495938,0.00088445924,0.005531014,0.04277213,0.14369892,0.11056399,0.093749136,0.20780168,0.17931595,0.18291639,0.01894806,0.013473404
0.00034609786,0.0008767635,0.004955829,0.037584092,0.14328586,0.11399228,0.09010398,0.2010774,0.19247828,0.18050131,0.02109212,0.013706012
0.00029201072,0.0012725138,0.012150831,0.09710178,0.15635344,0.09441645,0.12608221,0.21983032,0.111323,0.16275442,0.009794473,0.008628591
0.00034333518,0.00091288943,0.006035109,0.047018755,0.14474536,0.10870034,0.096698724,0.21137144,0.17047405,0.18291664,0.017679416,0.013103958
0.00028539172,0.0014588502,0.014273336,0.111289665,0.16099265,0.09133451,0.13452831,0.21582979,0.10033188,0.15379892,0.008443803,0.0074329204
0.018755555,0.76333845,0.16756882,0.024979059,0.0045556203,0.0019529547,0.01387747,0.0013063864,0.0016976726,0.00095843803,0.000208434,0.0008010913
0.000298884,0.0011657106,0.01092798,0.08816616,0.15368465,0.096630566,0.12049733,0.22126417,0.118676506,0.16847405,0.010671645,0.009542366
0.000345782,0.00087966194,0.005230381,0.040075332,0.14356758,0.11232634,0.091984846,0.20462441,0.18564363,0.1818232,0.019934788,0.013564067
0.00034522757,0.0008968893,0.0060208044,0.04700371,0.14400716,0.108822055,0.096240215,0.21170424,0.1705095,0.18362431,0.017537262,0.013288612
0.00032011245,0.00097482663,0.008184545,0.0660115,0.14829591,0.10229146,0.10785057,0.22010776,0.14124101,0.17951618,0.013457128,0.011749039
0.004055809,0.46406192,0.40418497,0.07882941,0.009991345,0.0031971796,0.028396828,0.0028651957,0.0017978066,0.0020805688,0.00012951085,0.00040943708
0.00024193604,0.0021253652,0.028541904,0.19293661,0.16130857,0.07358811,0.15785056,0.18918817,0.06161262,0.123707585,0.004332807,0.0045656785
0.00028862452,0.0011794228,0.012525104,0.10213779,0.15313426,0.09341733,0.12470846,0.22140346,0.108499266,0.16431326,0.009334444,0.009058612
0.00027535128,0.0023558603,0.028026754,0.18151672,0.16614193,0.076636806,0.15763853,0.1890016,0.064189404,0.12516004,0.0044949553,0.0045620822
0.00023038665,0.014716557,0.27606097,0.4160472,0.07606698,0.020179823,0.10993557,0.051748596,0.007438107,0.026473666,0.00034828475,0.0007538948
0.0003016213,0.0011507906,0.010352279,0.083281025,0.15333143,0.097651474,0.118633226,0.22103968,0.12285324,0.1703471,0.011261021,0.009797091
0.01288172,0.72657794,0.2023602,0.030750863,0.0050392696,0.0020357189,0.015597788,0.00134365,0.0016283072,0.0010065759,0.00017891967,0.000599151
0.00020381626,0.008948732,0.19303583,0.4411291,0.08824174,0.025900936,0.12355789,0.070018984,0.010621549,0.036827356,0.00050869636,0.0010054572
0.00030114158,0.0010602671,0.010417984,0.08516457,0.15053724,0.09714951,0.1167133,0.22277053,0.1215866,0.17289062,0.01097007,0.010438177
0.0002469776,0.0018775965,0.023467887,0.16813843,0.16225065,0.07827937,0.15311198,0.19873497,0.07100135,0.13241558,0.0052550533,0.0052202307
0.00025431567,0.0015140605,0.017325813,0.13373627,0.16030253,0.08504775,0.14136513,0.21181366,0.087876126,0.14699768,0.007106684,0.006660009
0.00025826762,0.007837871,0.15410736,0.41838086,0.10209863,0.032355856,0.13551794,0.08684531,0.013811348,0.046739902,0.0006800138,0.0013666437
0.00023711857,0.0061377,0.1253188,0.40877354,0.10988653,0.036177125,0.14189404,0.098464645,0.016748449,0.053930998,0.00085790944,0.0015732007
0.0003454927,0.00089497323,0.0059285867,0.04620228,0.14397101,0.10918569,0.09577312,0.21103078,0.17208983,0.1834769,0.01778044,0.013320915
0.006628878,0.59366447,0.30883068,0.053256936,0.0072181434,0.002559122,0.022138512,0.0019702078,0.0016832638,0.00145001,0.00014081098,0.00045899203
0.0003072591,0.0010010245,0.009678165,0.07915819,0.14884117,0.09850162,0.11319461,0.22308512,0.12694715,0.17647459,0.011622148,0.011189009
0.00023198799,0.0043876865,0.08229066,0.35127276,0.13258484,0.046828885,0.15610103,0.12413542,0.02556799,0.0729708,0.0014215499,0.0022064396
0.01866058,0.7633536,0.16749819,0.025059884,0.0045749242,0.0019569218,0.0139176585,0.0013077593,0.0017009247,0.00095950655,0.00020936792,0.0008007181
0.0003452144,0.00088776543,0.005654013,0.043824352,0.14384535,0.110229,0.09439795,0.20880714,0.17703295,0.1830096,0.018552633,0.0134140635
0.00031552388,0.0009837176,0.008446104,0.06798967,0.1482708,0.10115921,0.10886819,0.22088565,0.13854197,0.17964591,0.013236251,0.011656949
0.015454096,0.74544924,0.18542105,0.02752995,0.0047420384,0.0019703219,0.014645015,0.0013067055,0.0016480265,0.0009690263,0.00019110687,0.0006734453
0.0002231455,0.002863378,0.043944493,0.25042728,0.15672109,0.06252653,0.16585056,0.16359885,0.04498906,0.10265115,0.002873601,0.003330882
0.00030546178,0.0009989983,0.009783509,0.08007327,0.14868113,0.09810999,0.11341366,0.2232905,0.12618133,0.17646676,0.011521032,0.011174365
0.018931357,0.7665906,0.16377735,0.024952028,0.0046562236,0.0019799867,0.013978111,0.0013165395,0.0017687201,0.0009753349,0.0002238626,0.00084988517
0.007306349,0.5867894,0.3146583,0.052817196,0.0073883855,0.0026407237,0.022410095,0.0022038016,0.0016210622,0.0015632638,0.00013135432,0.00046999592
0.00023593099,0.01099155,0.22376174,0.439087,0.08192862,0.023876764,0.11551213,0.06166803,0.008957468,0.032637537,0.00041750926,0.0009257249
0.00031153648,0.0011272342,0.009455803,0.07563627,0.15301785,0.09991494,0.11534496,0.22040004,0.12983961,0.17250958,0.01218147,0.010260732
0.00034234725,0.0009211098,0.006220676,0.048592556,0.14522965,0.10822911,0.09779126,0.21238701,0.16752635,0.18261676,0.017194666,0.012948492
0.0003282057,0.0009457914,0.00724683,0.057634633,0.14678068,0.10461264,0.103400625,0.21726727,0.15247113,0.18191874,0.015057882,0.0123355575
0.00034015602,0.0008987045,0.006502081,0.051330328,0.14437424,0.10705734,0.09871206,0.21460278,0.16269347,0.18405524,0.016326023,0.01310755
0.00024603333,0.0015632575,0.022043422,0.16945764,0.15502417,0.07951716,0.14600046,0.20439361,0.07314301,0.1371592,0.0054290327,0.006022928
0.0003449423,0.00088419276,0.0054938593,0.042456172,0.14374454,0.11073906,0.09356854,0.20742707,0.18003929,0.18276386,0.019062927,0.013475568
0.00034535985,0.0008812498,0.0053438465,0.041107643,0.14358672,0.11154245,0.09267025,0.20587745,0.183171,0.18238398,0.019553982,0.01353606
0.0066196765,0.61029345,0.29549357,0.051167928,0.006985587,0.0024949743,0.021412734,0.0018196665,0.0017261248,0.0013696558,0.00015030128,0.00046634153
0.0104374485,0.7002815,0.22439852,0.03537091,0.005498966,0.0021336898,0.017038528,0.0014289591,0.0016290055,0.0010839673,0.00016613175,0.00053235015
0.00034490746,0.00088798703,0.0056207855,0.04354798,0.14388138,0.11027007,0.09425368,0.20852421,0.17763339,0.18294717,0.018673602,0.013414817
0.00030283956,0.0010359399,0.010131535,0.08284074,0.14983392,0.09760506,0.11535665,0.22298697,0.123608254,0.17435193,0.011222205,0.010723923
0.00031010163,0.0009947532,0.009349295,0.076228335,0.14871268,0.09923817,0.11202879,0.22282234,0.12968494,0.17730717,0.01198016,0.011343198
0.0003067884,0.0010203124,0.009622041,0.07836207,0.14945363,0.09867366,0.11355512,0.22275962,0.1275336,0.17595756,0.011738926,0.0110167
0.00034481034,0.0008901307,0.0057006073,0.04421632,0.14383587,0.10987989,0.09464845,0.20925638,0.17616944,0.18319768,0.01846276,0.013397635
0.00030878538,0.0010393984,0.009595868,0.077977754,0.15021263,0.099072166,0.11389454,0.22237849,0.12780309,0.17508402,0.011767367,0.010865856
0.00034565228,0.00086916995,0.004678989,0.035097696,0.14243954,0.115878336,0.08792435,0.19737774,0.19977453,0.17928885,0.022347879,0.013977262
0.00032530402,0.0009893968,0.007619989,0.060788035,0.14885542,0.104272984,0.10607456,0.21787333,0.14812526,0.17892668,0.014410734,0.011738262
0.0024813896,0.3356038,0.4851947,0.11438057,0.013350256,0.004068784,0.035301767,0.0040778313,0.002028069,0.0029892204,0.00012774451,0.0003958903
0.019398117,0.76769096,0.16261812,0.024673542,0.0046176882,0.0019760018,0.013874431,0.0013157876,0.0017725591,0.0009750084,0.00022439183,0.0008633385
0.00034462413,0.00089334365,0.0057489416,0.044626415,0.14399077,0.10972215,0.09494779,0.20957303,0.17531087,0.18314879,0.018340562,0.013352659
0.00032241707,0.0009852306,0.0076513207,0.060897503,0.14837486,0.10355462,0.106053494,0.21820483,0.14766742,0.17996141,0.0145011265,0.011825749
0.0002999856,0.0011678628,0.0103784045,0.08323721,0.15376633,0.09744724,0.119145915,0.22064544,0.12295181,0.16995725,0.011331077,0.009671459
0.000326875,0.0009320179,0.007511515,0.060211144,0.14639504,0.103835806,0.10412522,0.21855853,0.14893046,0.18231678,0.014461613,0.012394999
0.00034270698,0.0008985582,0.006222752,0.048741028,0.14394604,0.107767045,0.09726888,0.21315822,0.16719112,0.18415505,0.017073886,0.013234676
0.0050325147,0.53687453,0.35038576,0.06538991,0.008378375,0.0028224145,0.02486484,0.0022356347,0.0017810678,0.0016541159,0.00014213276,0.0004386548
0.00031537062,0.0010033197,0.008708408,0.070412494,0.14922176,0.10096757,0.11032881,0.22119121,0.13588125,0.17781089,0.012789875,0.011369067
0.00025941152,0.0030002545,0.041793756,0.23575547,0.16085625,0.06623531,0.1638437,0.16728392,0.04765643,0.106764436,0.0030435908,0.0035074218
0.00034555633,0.0008683226,0.0045992546,0.034216765,0.14210807,0.11676664,0.08733429,0.19591501,0.2022527,0.17872913,0.022757975,0.014106283
0.00034435745,0.00090202084,0.005907313,0.045970153,0.1443419,0.10919776,0.09586232,0.21065755,0.17255208,0.18309565,0.017933516,0.013235285
0.0061295815,0.59323716,0.30827728,0.054565262,0.0073125954,0.002570431,0.02222382,0.0019003595,0.0017479229,0.0014276536,0.00014944577,0.00045849793
0.018714238,0.76011676,0.1705357,0.025384627,0.0045566764,0.001959021,0.013879614,0.0013094767,0.0016457987,0.00095094135,0.00019553132,0.00075154117
0.00031334776,0.0009843815,0.008844408,0.07170743,0.1483957,0.10032525,0.110226534,0.22188407,0.13440923,0.17874137,0.012624405,0.011543916
0.00023940257,0.001678685,0.024716133,0.18483528,0.15469259,0.0765478,0.14967114,0.19863816,0.067208156,0.13142367,0.0048542568,0.005494661
0.015793005,0.7451547,0.18561319,0.027419833,0.0047024423,0.0019683258,0.014587395,0.0013123718,0.0016255338,0.0009683635,0.00018629957,0.00066854566
0.00024072653,0.0025028319,0.040323358,0.25016484,0.15197167,0.06542587,0.15919769,0.16951723,0.04639584,0.10756162,0.002953574,0.0037448113
0.0012957648,0.1868679,0.5558371,0.16950594,0.019631846,0.0057488303,0.045312908,0.0076646428,0.0023282429,0.0053093834,0.00012661383,0.00037084104
0.00026005387,0.001551024,0.018634588,0.14343451,0.1594282,0.08403178,0.1431947,0.21008874,0.082853615,0.1436685,0.006434858,0.006419415
0.00023874515,0.0068064234,0.1409658,0.4228781,0.10338122,0.033399254,0.13608934,0.090511926,0.014679843,0.04888394,0.00073766895,0.0014277492
0.00034503467,0.000897157,0.006052983,0.04728637,0.14401507,0.10869852,0.096403696,0.21193835,0.16997802,0.18366198,0.017446492,0.013276263
0.0002298396,0.008640478,0.17843024,0.432903,0.093476236,0.02837849,0.12822498,0.075986415,0.011694451,0.040337183,0.00055974437,0.0011389897
0.00022298735,0.003949798,0.07920639,0.3592853,0.12857236,0.0470244,0.15237032,0.12599148,0.0256838,0.07398714,0.0014296451,0.0022764031
0.00030111946,0.0011854843,0.010752906,0.08631544,0.15436535,0.097126715,0.12040567,0.22072507,0.1200999,0.16835722,0.010882429,0.00948273
0.0119260475,0.7125717,0.21421698,0.03287328,0.0052310796,0.0020903016,0.016327327,0.0013994083,0.0015917228,0.0010484873,0.00016648404,0.000557223
0.00034399,0.00089824415,0.006084158,0.04754264,0.14400919,0.10839865,0.09659508,0.21217756,0.16945039,0.18382463,0.017413568,0.013261916
0.007933803,0.6506544,0.26417854,0.043935545,0.0063121943,0.002322997,0.019483149,0.0016323335,0.0016761866,0.0012303,0.00015566197,0.00048487753
0.00025604948,0.002303158,0.030033777,0.19572951,0.1628983,0.073601685,0.15862411,0.18616481,0.059945375,0.121902294,0.0041374373,0.0044035357
0.0032181477,0.41275668,0.4373462,0.09268179,0.011312491,0.0035253414,0.031135278,0.0032121672,0.0019187651,0.0023581146,0.00013314582,0.00040188062
0.0088024605,0.6745728,0.24499083,0.04002954,0.0059609837,0.0022361227,0.018382616,0.0015261282,0.001673043,0.0011564901,0.00016300977,0.00050596293
0.0027899044,0.31835857,0.49962378,0.10986412,0.015128602,0.0044984045,0.037693266,0.005693429,0.0019748511,0.0038572596,0.00011911465,0.0003987831
0.00757312,0.64287966,0.27015737,0.045439523,0.006453367,0.0023606345,0.019882187,0.0016614763,0.0016985631,0.0012554249,0.00015608907,0.00048263473
0.0009545339,0.13027221,0.5626238,0.20420147,0.023658037,0.0069304565,0.05056019,0.010609681,0.0026016189,0.0070706997,0.00013135825,0.00038595137
0.00032810715,0.031872634,0.42214555,0.3372095,0.055037595,0.013669952,0.08618776,0.031375308,0.0047892826,0.016635459,0.00021740502,0.0005314269
0.001105449,0.15656805,0.56239843,0.1851394,0.021878121,0.0063685076,0.048206944,0.009155891,0.0024621414,0.006213546,0.00012944583,0.0003740032
0.0003442416,0.00088928983,0.005565189,0.04305251,0.14382152,0.11028005,0.09402307,0.20793635,0.17880577,0.18292467,0.01893033,0.013426921
0.00024600798,0.018647933,0.33206582,0.4084384,0.061192967,0.01654661,0.09508615,0.04029064,0.005706013,0.020896738,0.00025292224,0.0006297633
0.00033961836,0.0008981564,0.006534157,0.051617716,0.14433905,0.106875144,0.09884109,0.21483608,0.1621952,0.1841611,0.0162583,0.0131043
0.00023151927,0.0028428584,0.042793583,0.24570309,0.1571597,0.06353306,0.16547705,0.1655984,0.046007585,0.104317844,0.0029199522,0.0034152728
0.0003451394,0.00089002046,0.005762965,0.04476511,0.14379856,0.10967864,0.09492155,0.20981872,0.17501546,0.18335396,0.018256776,0.013393063
0.00032772502,0.0009389896,0.007201102,0.057119023,0.14623597,0.10440815,0.10293227,0.21729137,0.15307948,0.18278682,0.015215306,0.012463819
0.00034510082,0.0008828305,0.005304044,0.040729985,0.14369826,0.111854926,0.09246001,0.20534953,0.18411891,0.18202524,0.0197192,0.013511991
0.0003378215,0.0009115989,0.0066358345,0.052441318,0.14505205,0.106671475,0.099710375,0.21503375,0.16079149,0.18341306,0.016095063,0.012906243
0.00031268163,0.0010110079,0.008970596,0.07260478,0.1493662,0.100280836,0.11133536,0.22171327,0.13332434,0.17732769,0.012495006,0.01125823
0.00031184885,0.0010161621,0.009045873,0.07319018,0.14949808,0.10010355,0.11168528,0.22180487,0.13264343,0.17707455,0.0124239875,0.011202172
0.00034497108,0.0008956423,0.0058933115,0.045883603,0.14396575,0.10916593,0.09562363,0.2108045,0.17270924,0.18347287,0.01791944,0.0133210635
0.00034440824,0.00090575294,0.006069364,0.047368012,0.14449352,0.10876377,0.09668941,0.2117539,0.16981943,0.18315399,0.017472489,0.013165944
0.0003003685,0.0011323347,0.01013221,0.08149023,0.15273018,0.09778137,0.117718294,0.2211274,0.12456112,0.17154136,0.011524336,0.009960796
0.00026939833,0.0028936272,0.03855715,0.22300768,0.16296059,0.06879119,0.16265209,0.17215016,0.05082756,0.11088115,0.0032964183,0.0037129933
0.00024399417,0.0019543415,0.024763903,0.17446087,0.16251832,0.07689183,0.15494828,0.19579354,0.06848348,0.12992671,0.0050142836,0.005000478
0.00031775067,0.00108389,0.008627163,0.068878695,0.152014,0.101895064,0.11186289,0.21932806,0.13744022,0.17470364,0.013114092,0.010734523
0.00024001439,0.0029529652,0.05290345,0.29668152,0.14276628,0.05848824,0.1576403,0.15224211,0.03658817,0.09417367,0.002177485,0.0031457872
0.019009335,0.7661438,0.16447414,0.024830712,0.0046024052,0.0019658343,0.013885421,0.0013104187,0.0017497336,0.0009688831,0.0002198343,0.0008395666
0.00032229893,0.0009909486,0.0077455873,0.061706994,0.14863405,0.10348838,0.1065569,0.21839778,0.14659855,0.17949699,0.0143196415,0.01174189
0.00022920917,0.0022652433,0.039015166,0.2540967,0.14824675,0.0651416,0.15723377,0.17140278,0.046940986,0.10848433,0.0030182484,0.0039252634
0.00034557332,0.0008946145,0.005926141,0.046188854,0.14397427,0.109216094,0.095757745,0.21100958,0.1721283,0.18345712,0.017778601,0.013323105
0.0002674081,0.0015753941,0.017995726,0.1379555,0.16073036,0.08544962,0.14269947,0.21062836,0.08503293,0.14455299,0.0066540753,0.0064581465
0.018694842,0.7636644,0.16714832,0.025046922,0.0045795464,0.0019584796,0.0139187,0.001308295,0.001705528,0.00096031564,0.0002103941,0.00080426445
0.0002641413,0.0014729381,0.017757325,0.13912438,0.15794972,0.085180506,0.14045843,0.21251422,0.085439175,0.14635228,0.0066979774,0.006788954
0.0002938816,0.0012174231,0.0115273995,0.09250906,0.15486088,0.09538029,0.12328799,0.2206069,0.11509582,0.1658872,0.010265902,0.009067259
0.0008515864,0.1162623,0.56126183,0.21372831,0.025277218,0.007254863,0.052718487,0.011754005,0.0026923164,0.0076809684,0.0001345895,0.00038351785
0.00034516613,0.00088261504,0.005423255,0.04182513,0.14365308,0.1110703,0.09316381,0.20672467,0.18147896,0.18263678,0.019286709,0.013509517
0.00028408438,0.0013403879,0.013386129,0.106452,0.15794538,0.092162386,0.1304663,0.2184059,0.104414746,0.15815857,0.008945727,0.008038373
0.00022632048,0.0018126587,0.029589972,0.21347913,0.15132765,0.071715325,0.15285492,0.18884648,0.058489732,0.12268564,0.004081594,0.004890522
0.00024360626,0.0056035137,0.11383054,0.4031053,0.11288056,0.03845398,0.14341144,0.103828825,0.018191125,0.05780091,0.000939018,0.0017112492
0.00034511328,0.0008828207,0.0054161367,0.041756988,0.14365718,0.11111049,0.093120225,0.2066323,0.18165018,0.18260351,0.019317474,0.013507564
0.0003115191,0.0009664392,0.009130475,0.07449353,0.14770259,0.099510714,0.11062498,0.22269233,0.13166039,0.1790188,0.012216575,0.01167176
0.00034531613,0.000887937,0.005689579,0.04412588,0.1437759,0.110061385,0.094556525,0.20916459,0.17637168,0.18315886,0.018445835,0.013416501
0.0003066883,0.001085741,0.009557182,0.07693865,0.15162282,0.09915301,0.11494031,0.22145514,0.12865642,0.17380583,0.011995968,0.010482221
0.00032610865,0.00092921854,0.0073554083,0.058492985,0.14575838,0.10374744,0.10322211,0.21819696,0.15104547,0.18347767,0.014906597,0.012541626
0.00033668964,0.0009259566,0.006663825,0.052538574,0.14563079,0.10663263,0.10021518,0.21486218,0.16055958,0.18275335,0.01613507,0.0127462745
0.00023628086,0.0018462499,0.02740776,0.19711953,0.1554517,0.07387593,0.15370819,0.19271773,0.062268335,0.12600438,0.004394101,0.0049698157
0.00034544495,0.0008808308,0.0053002685,0.040719215,0.14361309,0.111844495,0.092403755,0.20539324,0.18410341,0.1821586,0.019697117,0.01354052
0.00023453648,0.014767528,0.28380314,0.4223266,0.07067485,0.019506657,0.10533918,0.049873535,0.0069392687,0.025475577,0.0003209374,0.00073828094
0.0003451247,0.0008956934,0.0058980435,0.045910787,0.14398292,0.10924743,0.09565274,0.21077904,0.17265366,0.18342088,0.017894862,0.013318805
0.00029674853,0.0010652036,0.010969221,0.0900439,0.15033476,0.095877364,0.11818113,0.22298388,0.117776506,0.17172398,0.010489247,0.01025806
0.018778784,0.7648964,0.16586865,0.024954295,0.004593369,0.0019612585,0.0139045995,0.0013082877,0.0017312288,0.0009648976,0.00021587046,0.00082237826
0.00033216167,0.00094211655,0.00702791,0.055745617,0.14662915,0.105619706,0.10235545,0.2162638,0.15545659,0.1817942,0.015403733,0.012429671
0.01912587,0.76676697,0.16376773,0.024770364,0.0046089017,0.001968671,0.0138783315,0.0013115709,0.0017595992,0.0009712982,0.00022194775,0.00084878906
0.0003458624,0.0008785819,0.0050759907,0.03868028,0.1434347,0.11318131,0.09093383,0.2026446,0.1894707,0.18113951,0.020585345,0.013629303
0.00033126888,0.0009280162,0.0071332264,0.056844532,0.14612156,0.10510427,0.10244503,0.21705182,0.15382047,0.18254356,0.0151301455,0.012546084
0.00024608715,0.001499357,0.019813709,0.15353926,0.15642017,0.08172077,0.14337602,0.20888643,0.079410665,0.14254388,0.006127551,0.006416042
0.00034517254,0.00089310587,0.005973833,0.046609323,0.14372332,0.10877296,0.095930256,0.2115475,0.17122512,0.18394391,0.017677302,0.013358194
0.00024150348,0.00907526,0.18866125,0.44180363,0.08838377,0.027169185,0.12282747,0.07142428,0.0106909955,0.03812983,0.00049941335,0.0010933791
0.014066669,0.7363347,0.19377358,0.029051282,0.004889151,0.0020026073,0.015102352,0.0013225809,0.0016447852,0.000987799,0.00018607415,0.0006384775
0.018615361,0.76412904,0.16671152,0.02504318,0.0045939325,0.0019597318,0.013928324,0.0013075225,0.0017216669,0.000963263,0.00021381839,0.0008125826
0.00026453123,0.0013249778,0.01677489,0.13529147,0.15384312,0.08633495,0.13538791,0.2157164,0.08903308,0.15136147,0.0071091317,0.007558068
0.00024333144,0.0017206274,0.023013525,0.17022064,0.15877467,0.078198835,0.1502623,0.20139958,0.071256675,0.13412826,0.0052584284,0.005523134
0.00032991,0.0009483944,0.007093259,0.056232143,0.14680988,0.10514567,0.102808215,0.21654078,0.15459292,0.18177193,0.015371424,0.012355469
0.0003456169,0.0008799726,0.005300484,0.040722817,0.14354278,0.11181677,0.09239468,0.20543973,0.18406829,0.18224394,0.01968821,0.013556643
0.00034584876,0.0008786113,0.005158652,0.039431043,0.14341314,0.11264812,0.091477826,0.2037693,0.18736991,0.18166894,0.020233538,0.013605055
0.00033091486,0.00094635267,0.006999348,0.055382352,0.14663623,0.10540081,0.102333955,0.21614745,0.15588932,0.18194856,0.015568903,0.012415825
0.00034506657,0.0008958014,0.0060793143,0.04753443,0.14395857,0.108603686,0.096504934,0.21214905,0.1695129,0.18376987,0.017359586,0.013286791
0.000802492,0.10569184,0.55719984,0.22572316,0.025891965,0.0075875996,0.053298697,0.012478746,0.0027391687,0.008059683,0.0001338902,0.00039300197
0.019155078,0.76691496,0.16355349,0.024773981,0.004616436,0.001971352,0.013889811,0.0013130582,0.0017639195,0.00097264774,0.00022285263,0.00085231947
0.00024042052,0.0018269579,0.027026856,0.19560204,0.15532458,0.07446084,0.15294008,0.19361502,0.06283398,0.12665719,0.0044205156,0.005051528
0.00090962806,0.12461026,0.5629967,0.20660934,0.024437059,0.0070522763,0.05172015,0.011143966,0.0026417412,0.007363773,0.00013341535,0.00038170806
0.00034486243,0.0008970217,0.0059109246,0.046006024,0.14398785,0.10913173,0.095730826,0.21088006,0.17243803,0.18347277,0.01788984,0.013310024
0.00034506514,0.00089089386,0.005775668,0.044874832,0.14385463,0.10965117,0.09500755,0.20987834,0.1747892,0.18332805,0.0182249,0.013379671
0.0003215242,0.0010381824,0.007958081,0.06330778,0.15053064,0.10338744,0.10846088,0.21812464,0.14449236,0.17706838,0.014062735,0.01124734
0.00034468883,0.0008952083,0.0058517116,0.045509096,0.14395103,0.1092908,0.09543794,0.21044642,0.17345369,0.1834298,0.018056808,0.013332858
0.00031747602,0.00101579,0.008292559,0.06645749,0.14965032,0.10209105,0.10922721,0.21979465,0.14042158,0.17789869,0.013478471,0.011354713
0.00028368636,0.0011186096,0.012366274,0.10118379,0.1511936,0.09305448,0.12274263,0.22222726,0.1096167,0.16721849,0.009498532,0.009496002
0.019642655,0.7688222,0.16125964,0.024581088,0.0046389326,0.0019841576,0.013863772,0.0013187946,0.0017950543,0.000979842,0.00022940662,0.000884503
0.00031280622,0.031496584,0.4301088,0.34879526,0.04844142,0.012687279,0.079588026,0.028319318,0.004321986,0.015236208,0.00019101148,0.0005013378
0.00032914476,0.0009119494,0.0073708957,0.059135273,0.14552203,0.104107134,0.102974445,0.2184027,0.15059166,0.18337366,0.014620041,0.0126611
0.007747665,0.5998325,0.3045566,0.050476033,0.0071416507,0.0025899047,0.02180302,0.0021289436,0.001606188,0.0015080081,0.00013246604,0.00047706376
0.012291263,0.7216716,0.20656449,0.031605314,0.0051358445,0.002056997,0.015897214,0.0013560608,0.0016339162,0.0010219376,0.00017735729,0.0005879748
0.00034416557,0.00089247036,0.005568538,0.04305692,0.14416377,0.110533945,0.09413787,0.20781225,0.17874672,0.18248628,0.018897323,0.013359816
0.00032359443,0.0009587215,0.007658452,0.061267197,0.14749056,0.103454575,0.105422996,0.21869192,0.14728045,0.18104097,0.014341458,0.012069168
0.00034471418,0.00089920853,0.005994809,0.046765614,0.14411417,0.10881396,0.09617753,0.21148853,0.17095846,0.18352254,0.017654415,0.013266103
0.0003040211,0.0010452251,0.010079378,0.082291044,0.15020542,0.097870804,0.11543413,0.22277242,0.124022655,0.17403841,0.01127397,0.010662459
0.0046859495,0.5201254,0.3625138,0.06887706,0.008751585,0.0029133458,0.025688093,0.002331488,0.0018085873,0.0017284689,0.00014198627,0.00043420377
0.00024104214,0.0019005614,0.026724389,0.18988599,0.1579426,0.07471367,0.15440847,0.19378729,0.06380764,0.12710986,0.0045290296,0.0049494794
0.00024768666,0.020809378,0.35205758,0.3963354,0.059662595,0.015538481,0.092602246,0.037090663,0.0054133656,0.019411286,0.00024175955,0.0005895127
0.0002459265,0.0015506456,0.020990903,0.16128306,0.15637158,0.0805038,0.1452737,0.20643792,0.07601888,0.13944058,0.005738759,0.006144227
0.00033123174,0.0009370644,0.0071036723,0.05646548,0.14642826,0.10526257,0.10255397,0.21673918,0.15434216,0.18213595,0.015237482,0.0124629475
0.018979602,0.7661437,0.16444205,0.02485975,0.004610925,0.0019678504,0.013902948,0.0013113798,0.0017517309,0.00096963387,0.00022026869,0.00084011786
0.0002726334,0.0025857734,0.032009877,0.19739293,0.1656445,0.073344685,0.1605159,0.18222845,0.058549292,0.11930407,0.0039756014,0.0041763023
0.00034293052,0.00091398746,0.0061427574,0.047954936,0.1448528,0.10839536,0.09725006,0.2120926,0.16870202,0.18293858,0.017361972,0.013051991
0.0002678299,0.0013042883,0.016047759,0.1297038,0.15404475,0.08738149,0.13391809,0.21695113,0.09183805,0.15336478,0.00741441,0.0077636247
0.00024523292,0.020095935,0.34099403,0.39471695,0.06383833,0.016339378,0.096883155,0.039635137,0.005793995,0.020582912,0.00026519314,0.00060976716
0.00032515512,0.0009138058,0.007723961,0.062237035,0.14562775,0.102930844,0.10438353,0.21965805,0.1462779,0.18330629,0.014057888,0.01255778
0.0003905185,0.043714628,0.47322756,0.31613868,0.04163529,0.011148439,0.07252919,0.02366069,0.0038069242,0.0131243225,0.0001677646,0.00045593493
0.0003299325,0.0009205721,0.007243837,0.05785325,0.14576845,0.104572944,0.10268402,0.21770343,0.15229307,0.18310675,0.0149144735,0.0126093365
0.00034475687,0.0008882001,0.0056029637,0.043363005,0.14384516,0.11033672,0.09416845,0.20834732,0.17801379,0.18291728,0.018751085,0.013421193
0.00022493118,0.0021878623,0.038655423,0.2556057,0.14700633,0.0650815,0.15640156,0.17190963,0.047103263,0.108776055,0.0030492847,0.0039984486
0.00020576672,0.0047188117,0.094225615,0.3689474,0.12669016,0.042244352,0.15458354,0.11631559,0.022779617,0.06611249,0.0012533633,0.0019231979
0.00026202932,0.002224253,0.02806788,0.18640037,0.16357052,0.07558083,0.15716481,0.18968432,0.063047476,0.12497854,0.0044085565,0.0046104775
0.01986574,0.76980585,0.16027798,0.024423335,0.004629284,0.0019818263,0.013786124,0.0013154009,0.0018046875,0.0009801167,0.00023199565,0.00089764805
0.00023440184,0.001796793,0.026291419,0.1909598,0.15599456,0.074735515,0.15283723,0.19497207,0.06436855,0.12808737,0.00461006,0.0051122755
0.00032136453,0.0009852919,0.007971386,0.06390868,0.1486048,0.10296297,0.10731658,0.21923855,0.14380476,0.17933038,0.013846508,0.011708684
0.00034580904,0.0008751723,0.004854703,0.036673486,0.14310971,0.11464674,0.08933532,0.19978082,0.19510303,0.1799346,0.021561477,0.013779214
0.000345384,0.0008940413,0.0058654193,0.0456508,0.14396594,0.10939323,0.09547229,0.21057643,0.17321731,0.18332946,0.017954888,0.013334791
0.00034576945,0.0008796749,0.005242446,0.04018869,0.14358625,0.11226129,0.09205988,0.20476809,0.18534581,0.18187445,0.019886937,0.013560684
0.0002380782,0.0037915732,0.06921934,0.32813287,0.13811487,0.0516432,0.15804344,0.13545974,0.02960214,0.08152765,0.0016873727,0.0025397392
0.00020104773,0.004682368,0.094878905,0.37450716,0.12555255,0.041487608,0.15378213,0.11467096,0.022335818,0.06478419,0.0012211584,0.001896098
0.00034295753,0.0009037771,0.0062521687,0.04898581,0.14433512,0.107964255,0.09754602,0.2130908,0.16679753,0.18365012,0.01698311,0.013148292
0.00034091383,0.00090518664,0.0063982676,0.05031118,0.14452142,0.10741785,0.09835552,0.21393295,0.16442935,0.1836881,0.016624935,0.0130743375
0.0003449585,0.0008841264,0.0054546646,0.04210616,0.14375962,0.11092042,0.093366235,0.20701322,0.18084516,0.18263322,0.019191394,0.013480804
0.00031748693,0.0010069796,0.008530613,0.068847895,0.14946754,0.101650774,0.10987295,0.22052132,0.1377503,0.17766258,0.01301439,0.011357114
0.00034330957,0.000898813,0.006248636,0.048998397,0.14407523,0.107916,0.09741401,0.2132271,0.16678648,0.1839306,0.016951447,0.013209926
0.000284664,0.0013887322,0.014245349,0.11282056,0.15863723,0.09115374,0.13303511,0.2173293,0.09996397,0.1550818,0.008356168,0.0077034053
0.00031710407,0.00097614725,0.008546163,0.06927018,0.14830592,0.10120037,0.109125175,0.22117354,0.13731518,0.17916901,0.012942874,0.011658353
0.00031386857,0.000996311,0.008743477,0.0706588,0.14884035,0.10064809,0.110221006,0.22144838,0.13549177,0.17839734,0.012793546,0.0114469575
0.009118731,0.67840767,0.24205741,0.03919536,0.0058755875,0.0022148609,0.01815031,0.001516502,0.0016501964,0.0011458178,0.00016107732,0.0005065481
0.00034124416,0.0009116191,0.006279006,0.04915645,0.14467472,0.1077175,0.097886056,0.21310054,0.16643253,0.18342574,0.01702273,0.01305187
0.00034485795,0.0008888336,0.005682427,0.044056438,0.14374013,0.10991189,0.09452829,0.20915687,0.17649767,0.18325672,0.01851579,0.013420103
0.000323289,0.0009493949,0.007830883,0.06296178,0.1471879,0.10300739,0.10584355,0.21942484,0.14514206,0.18123513,0.013975379,0.012118402
0.015523994,0.74585664,0.18504357,0.027457139,0.0047356477,0.0019692343,0.014624228,0.0013063559,0.001647992,0.0009684155,0.00019120277,0.0006755287
0.00029599416,0.001099555,0.011420858,0.09380402,0.15129377,0.095313095,0.120123446,0.22260101,0.11479366,0.16927487,0.010098289,0.009881416
0.00034464098,0.0008875054,0.005563081,0.043017548,0.1438167,0.11046333,0.09396833,0.20799671,0.1787705,0.18284936,0.018885817,0.013436497
0.00031588934,0.0010449968,0.008471239,0.06769681,0.150557,0.10173712,0.11050392,0.2197885,0.13878356,0.17668885,0.013330274,0.0110817915
0.016349506,0.74911374,0.18189843,0.026849981,0.004653784,0.0019576373,0.014400722,0.0013063964,0.0016309139,0.00096151646,0.00018920547,0.00068810064
0.00034450134,0.000892377,0.0057537113,0.044654544,0.14379798,0.109562576,0.09492556,0.20971753,0.17521171,0.18339764,0.01835592,0.013385958
0.0003382334,0.00090886257,0.0065121623,0.05129104,0.14470254,0.106814034,0.09903425,0.21454784,0.1626586,0.18376884,0.016427772,0.012995814
0.00025232387,0.0016660119,0.019504068,0.14634135,0.16201143,0.08262848,0.14672817,0.20683837,0.08087433,0.14086369,0.0063049705,0.0059867804
0.00033455776,0.0009368651,0.006715939,0.052895226,0.14607091,0.10627677,0.100742474,0.214959,0.15988447,0.18242233,0.016143614,0.01261792
0.00034259207,0.000905518,0.006206552,0.04855932,0.14435413,0.10795905,0.09735566,0.21282457,0.16754365,0.18364854,0.017154751,0.013145666
0.00033971993,0.0009062642,0.006371516,0.050003722,0.14436999,0.107179254,0.098247595,0.21387582,0.16487223,0.18395959,0.016782375,0.013091955
0.0015272835,0.21826366,0.5448674,0.15593742,0.01771428,0.0052654007,0.042617403,0.0064806747,0.0022308605,0.0045938343,0.00012440242,0.000377397
0.0003422654,0.00091672543,0.0062243775,0.04864887,0.14497963,0.108104825,0.09770756,0.21256185,0.16740139,0.18294103,0.01716934,0.01300218
0.00027713148,0.0012407,0.014236781,0.11576044,0.15386085,0.09022202,0.12951915,0.21971212,0.09969436,0.15881023,0.008296465,0.00836976
0.00034469872,0.00089200656,0.0057559106,0.044682607,0.1438516,0.10963855,0.09493514,0.20971075,0.17516997,0.18331769,0.018322477,0.013378556
0.01814836,0.760475,0.17063126,0.025300639,0.004573351,0.0019513138,0.013981586,0.0013056219,0.0016864408,0.00095967104,0.00020517672,0.00078164553
0.0003080222,0.0010150933,0.0094994055,0.07731233,0.14932477,0.098954454,0.113058835,0.2227076,0.12848812,0.17636283,0.011863717,0.011104793
0.00034085778,0.00089849345,0.0064383787,0.050741203,0.14427401,0.10723645,0.09837894,0.21430351,0.16369967,0.18407202,0.016480638,0.013135782
0.012180824,0.7210137,0.20711672,0.03171945,0.0051574735,0.0020626776,0.015954722,0.0013586844,0.0016416034,0.0010258426,0.00017805955,0.00059021404
0.00049069326,0.061375447,0.5105538,0.28555715,0.03461703,0.009584192,0.06435916,0.018758817,0.0033090573,0.010826291,0.00015111448,0.0004173264
0.0009503295,0.13031805,0.56231725,0.20495532,0.023549644,0.0069058146,0.050380602,0.010494274,0.0025929795,0.007019765,0.00013123685,0.00038472068
0.00034482245,0.0008867525,0.00556851,0.04309143,0.14379694,0.11041252,0.09397243,0.20810305,0.17862535,0.18291144,0.018845271,0.01344148
0.00023611046,0.0018496017,0.023999764,0.17266722,0.16133212,0.07685444,0.15362506,0.19788736,0.069751196,0.13144115,0.0051863724,0.0051695667
0.00032648264,0.0009519022,0.0075744796,0.060701523,0.14736527,0.1040346,0.10495693,0.21835595,0.14828499,0.18094386,0.014365149,0.0121388
0.00050260103,0.06221824,0.5117545,0.28247392,0.0349749,0.009615994,0.06468043,0.018968236,0.0033246,0.010915653,0.00015111579,0.0004197867
0.00025840694,0.0014643744,0.018916085,0.14865147,0.15609145,0.083463445,0.14140446,0.2109212,0.081636176,0.14422512,0.006285144,0.00668274
0.00032646587,0.0009545095,0.007311282,0.058063924,0.14703569,0.104309745,0.103861056,0.21742724,0.15172462,0.1817156,0.015025814,0.012244103
0.0002901903,0.0012495309,0.012110495,0.09707737,0.15560375,0.094286114,0.12550294,0.2201946,0.11152797,0.16359496,0.009818224,0.008743855
0.0003451458,0.00088207546,0.005358294,0.041228693,0.1435526,0.111399315,0.09275543,0.20599812,0.182931,0.18247871,0.019538,0.013532587
0.00026296597,0.0017327871,0.019533902,0.14484201,0.16334164,0.083548136,0.14734748,0.20610566,0.08094459,0.14020623,0.006245307,0.005889317
0.00024398242,0.0056490526,0.11456364,0.40321362,0.112740226,0.038345795,0.14336638,0.10352758,0.01810507,0.057607383,0.00093408034,0.0017031328
0.00022999097,0.0143405795,0.2824915,0.4313411,0.06857529,0.019077037,0.102939986,0.048330534,0.006744418,0.024896627,0.00030350618,0.0007294092
0.00029106427,0.001167413,0.012180056,0.09931608,0.15293896,0.094056405,0.12365977,0.22169214,0.11044918,0.16545607,0.009579377,0.009213536
0.00032849604,0.00094867917,0.007258363,0.05769564,0.14687881,0.104701094,0.10350753,0.21721739,0.15238893,0.18173328,0.015034395,0.012307388
0.00034463982,0.0008880341,0.005608278,0.043419953,0.14375375,0.11017456,0.0941755,0.2084767,0.17788671,0.18308085,0.018755108,0.013435961
0.00028626987,0.0012813866,0.012832367,0.102846436,0.15627927,0.09299977,0.12791006,0.21965367,0.10727878,0.16093592,0.009277242,0.008418837
0.00027695965,0.0011740699,0.013874202,0.11372521,0.15187462,0.09080774,0.127066,0.22052132,0.10162307,0.16169661,0.008521684,0.008838532
0.00031497222,0.0010306516,0.008618455,0.06923653,0.15013985,0.10126923,0.11069829,0.22048485,0.1370244,0.17699327,0.013039169,0.011150354
0.00031648768,0.0010200196,0.008452422,0.067889,0.14983028,0.1017116,0.10989482,0.22019191,0.13869664,0.1774918,0.013232581,0.011272459
0.00031693917,0.0010740099,0.008589384,0.068583794,0.15163295,0.10180389,0.11154358,0.21945813,0.13775125,0.17524481,0.013179136,0.010822057
0.00034382002,0.00090153515,0.006215578,0.04869003,0.14424275,0.10814078,0.09730062,0.21290965,0.1673653,0.18366335,0.017043224,0.013183327
0.0003443487,0.0008984227,0.0059352363,0.04621913,0.14391752,0.10881255,0.09585635,0.2111356,0.17197554,0.18371077,0.017881306,0.013313323
0.00032376358,0.00097452285,0.007754989,0.06207995,0.14820798,0.103579804,0.106224485,0.21866918,0.1462843,0.17987962,0.014156677,0.011864749
0.00034530865,0.00088236196,0.005423003,0.04182375,0.14372578,0.11117388,0.09318343,0.20670651,0.18145461,0.18251795,0.019263094,0.013500285
0.0002360012,0.0017656053,0.025039656,0.18311594,0.15709485,0.07591713,0.15202296,0.19742799,0.06688761,0.13038334,0.0048525846,0.0052563576
0.0013369852,0.19386518,0.55291176,0.16707905,0.019194342,0.0055957013,0.044757307,0.007353145,0.0023012639,0.0051091076,0.00012599528,0.00037018157
0.00020154775,0.004870201,0.09832173,0.37432814,0.12544623,0.04116291,0.15305248,0.1133219,0.021915304,0.06431896,0.0012099644,0.001850647
0.00031170694,0.0010767893,0.009081362,0.0727563,0.15146226,0.100350276,0.11318207,0.22081792,0.13280658,0.17487562,0.012565576,0.010713457
0.00034430713,0.00090030953,0.0060437773,0.047185864,0.14416583,0.10863716,0.09644985,0.2118023,0.17014726,0.18355608,0.017526658,0.01324063
0.00034554605,0.0008960595,0.005972927,0.046587925,0.14396451,0.10899005,0.095979825,0.21139453,0.17131507,0.18357837,0.01766553,0.013309664
0.00034231343,0.0009092951,0.006170365,0.048208006,0.14451392,0.10807132,0.0972732,0.2124675,0.16818443,0.18344471,0.01730041,0.013114561
0.00034514774,0.0008826155,0.0053441394,0.04110563,0.14366952,0.111563936,0.09268405,0.20582373,0.18322021,0.18227758,0.019569581,0.013513868
0.00023986174,0.008029851,0.16686599,0.43562886,0.094773635,0.02976379,0.12889999,0.0792923,0.012254163,0.042437825,0.0005877401,0.0012259992
0.00034431776,0.0009025678,0.006021444,0.04697594,0.14429769,0.10875751,0.096393414,0.2115568,0.17054993,0.18337274,0.01760909,0.013218499
0.00025152043,0.0017563631,0.02063263,0.15210146,0.16291404,0.081398755,0.14935602,0.20383975,0.07800796,0.1380719,0.0059913844,0.0056782216
0.00031476357,0.0010218298,0.008523932,0.06838641,0.149746,0.10130757,0.11014517,0.22043799,0.13796587,0.17768623,0.013198982,0.011265271
0.0017567001,0.25001013,0.5310652,0.14284705,0.016379017,0.004844501,0.04071519,0.005667632,0.0021557517,0.004056636,0.00012466169,0.00037751166
0.0003435845,0.00089591136,0.006245665,0.048998218,0.14393932,0.10791009,0.09733096,0.213265,0.16678356,0.18409982,0.016939161,0.01324866
0.0003416386,0.0009015889,0.0063605625,0.049998656,0.14432776,0.10753988,0.098071724,0.21379374,0.16498801,0.18385515,0.016690442,0.013130827
0.0003451202,0.00088232465,0.005289152,0.040595707,0.14365406,0.11192341,0.09236465,0.20518401,0.18444496,0.18201326,0.01977871,0.013524583
0.00024273632,0.0048254207,0.0961114,0.38247052,0.1208702,0.042673834,0.14823489,0.11452911,0.021450356,0.065491565,0.0011372414,0.001962733
0.00032932032,0.00093769364,0.0071405964,0.05670012,0.14632617,0.10480372,0.10270058,0.21699685,0.15383314,0.18250671,0.0152574135,0.012467689
0.00032566127,0.0009377904,0.007625454,0.0612029,0.14667653,0.103530295,0.1047297,0.2189199,0.1475684,0.18190895,0.0142750265,0.0122993365
0.00033206915,0.0009066149,0.007117006,0.056819875,0.14508837,0.104839064,0.10171983,0.2174711,0.15390277,0.18390018,0.015087457,0.012815633
0.00034498618,0.0008928888,0.0057999324,0.045055002,0.14392658,0.109623864,0.095160276,0.20999597,0.17440675,0.1832677,0.018170282,0.013355785
0.00024746975,0.0031639251,0.053469922,0.28829333,0.14668675,0.05896654,0.1599008,0.15242647,0.037034452,0.09450695,0.0022152022,0.0030882154
0.00024403002,0.00866125,0.17765415,0.43610895,0.092369445,0.028635219,0.12670043,0.07584143,0.011550019,0.040521495,0.00054774643,0.0011657926
0.00034494913,0.00088336837,0.005396283,0.041568615,0.14362478,0.11118769,0.09300054,0.20636936,0.18214439,0.18255343,0.019416813,0.013509795
0.00029372965,0.0010682667,0.011004467,0.090113066,0.15026465,0.09554222,0.11840538,0.22296761,0.11773194,0.17187995,0.010522215,0.010206476
0.011349834,0.7111831,0.2153687,0.03340173,0.005322138,0.0020999056,0.016479434,0.0013880595,0.0016256638,0.0010525956,0.00017162843,0.00055717124
0.00023473312,0.010071359,0.20866412,0.4418858,0.08431448,0.025130935,0.11834405,0.065461576,0.009630947,0.03482692,0.00045057412,0.0009845
0.00033584196,0.0009257422,0.006683843,0.052735485,0.14564307,0.10641648,0.100322895,0.21503358,0.16021189,0.18284027,0.016112152,0.012738738
0.00034154893,0.00091058563,0.0062743253,0.049131874,0.14464417,0.10775586,0.097833924,0.2131093,0.16649437,0.18342903,0.01701337,0.013061563
0.0003450527,0.0008973498,0.0060379547,0.047149733,0.14402547,0.10875129,0.096335754,0.21181527,0.17022824,0.18363866,0.017495861,0.013279303
0.00033394605,0.00092089723,0.006879927,0.054525834,0.14552526,0.10575618,0.1010849,0.21608678,0.15730892,0.18319285,0.015654013,0.012730549
0.00034440003,0.000902548,0.0060817315,0.0474951,0.1442937,0.108639464,0.09667503,0.21196547,0.16957255,0.18340911,0.01741736,0.013203472
0.00029401705,0.0011083069,0.011139162,0.09081285,0.15160882,0.09559547,0.119766116,0.22234981,0.116946444,0.17008907,0.010430239,0.009859672
0.00023229355,0.008609216,0.17854112,0.43668532,0.092535965,0.028308516,0.12680313,0.07502492,0.011511722,0.040058836,0.00055117504,0.001137767
0.00032022689,0.0009761782,0.008141482,0.06557448,0.14830917,0.10239154,0.107719705,0.21995936,0.14174628,0.17957036,0.013539548,0.011751651
0.00032315624,0.00093905814,0.0079003135,0.06373618,0.14686811,0.10274735,0.10584859,0.21979876,0.14425215,0.18156768,0.013817032,0.012201647
0.0023916643,0.32562596,0.4921944,0.11606116,0.013720696,0.004133062,0.03593633,0.0042780577,0.002026807,0.0031162186,0.00012649213,0.0003891115
0.00034342278,0.0009084023,0.0060682935,0.04733437,0.14454284,0.10856553,0.09675915,0.2117431,0.16985698,0.18319516,0.017541379,0.013141327
0.016182333,0.7497615,0.1813444,0.026802354,0.0046818573,0.001960084,0.014439732,0.0013038933,0.0016589928,0.00096494413,0.00019481544,0.00070502155
0.0003451661,0.00089352793,0.0060968525,0.047705844,0.1438246,0.10850628,0.0965421,0.21233729,0.16918322,0.18395533,0.01729506,0.013314664
0.00028238667,0.0012695257,0.01256975,0.100493245,0.15617773,0.0930251,0.12718205,0.21950862,0.10915083,0.16226362,0.009573372,0.008503807
0.0002962664,0.0010233982,0.0108057605,0.08884601,0.14884216,0.09588745,0.11664639,0.22344339,0.11905023,0.1738595,0.010627989,0.0106714
0.00032983048,0.000945912,0.0071382876,0.056695525,0.14680344,0.10507578,0.10296083,0.21675119,0.15393442,0.18176581,0.015242477,0.012356531
0.00033673967,0.0009192892,0.006699411,0.052945226,0.14542174,0.10650765,0.10021815,0.2151764,0.15992635,0.18304795,0.016000625,0.0128004495
0.019659452,0.7690758,0.16113065,0.024509683,0.004625879,0.0019784726,0.013817869,0.0013146247,0.0017943293,0.0009785332,0.00022955806,0.0008851607
0.015436398,0.7449036,0.18592829,0.027542537,0.004745534,0.0019727114,0.014670169,0.0013088529,0.0016517672,0.00097171945,0.00019107995,0.00067738205
0.00023471823,0.0019956965,0.031022934,0.21551634,0.15369108,0.070913084,0.1559603,0.1856313,0.056532264,0.12007104,0.0038724649,0.004558749
0.00024145306,0.011284061,0.22961967,0.44023964,0.07980059,0.023471287,0.11324255,0.060333572,0.0086334795,0.0318225,0.0003993746,0.0009118877
0.010041183,0.6966504,0.22724731,0.03617408,0.005582724,0.0021515193,0.01727428,0.0014395949,0.0016474881,0.0010948079,0.00016712536,0.00052952615
0.00027503807,0.0014601675,0.015252668,0.119014576,0.16031858,0.08923287,0.13665505,0.21519907,0.0956996,0.15176703,0.007911426,0.007213891
0.00024357167,0.012666992,0.24976856,0.43438292,0.07709816,0.021916613,0.110122584,0.05556096,0.007906903,0.029127773,0.0003618111,0.000843166
0.00025113698,0.020063225,0.34579495,0.39986804,0.05975175,0.015979601,0.09338135,0.03852179,0.0055050855,0.020032179,0.00024420876,0.0006066348
0.0020792375,0.2881882,0.5135022,0.12745501,0.01497433,0.004445983,0.03827336,0.004937676,0.002074387,0.0035637433,0.00012472444,0.00038115593
0.00034501462,0.00089059223,0.005755974,0.044704825,0.14385681,0.10971868,0.09491328,0.20971087,0.17514431,0.1832897,0.018285511,0.013384438
0.00025641234,0.0059968405,0.1182962,0.40101227,0.11267315,0.038162995,0.14377318,0.10252074,0.017772,0.05695001,0.0009058595,0.0016804422
0.00034521465,0.0008854945,0.0055968924,0.043328013,0.14370368,0.110386394,0.0940842,0.2083767,0.17807949,0.18302731,0.018731266,0.013455382
0.00034264437,0.0008995155,0.006290258,0.049369138,0.14414299,0.107758224,0.09765226,0.21345237,0.16610871,0.18394253,0.016855264,0.0131861465
0.0014483997,0.20884621,0.5485458,0.15953405,0.018333212,0.0053806165,0.043522332,0.0068380055,0.0022572607,0.004796599,0.00012548937,0.00037209332
0.00026711414,0.0013879555,0.016392322,0.13031386,0.15669857,0.08686866,0.13683583,0.21548802,0.09049097,0.15068811,0.0072706146,0.007298063
0.0002550291,0.0014769675,0.01939118,0.1518422,0.15592784,0.08275289,0.14216241,0.20996627,0.08027811,0.14321771,0.006154024,0.0065752855
0.00034467957,0.00089879765,0.006012243,0.04689043,0.14403206,0.108762555,0.09623961,0.21162526,0.17069124,0.18361992,0.017608015,0.013275198
0.00023884689,0.002077917,0.031485904,0.21489704,0.15490139,0.0707682,0.15695368,0.18475448,0.056129616,0.119509235,0.0038248466,0.004458859
0.0003173453,0.00095419376,0.00836687,0.06763008,0.14721648,0.10120682,0.10782849,0.22112364,0.13921125,0.1809445,0.013237591,0.011962809
0.00033124708,0.00091816124,0.007110006,0.05661477,0.14551954,0.10488787,0.101999156,0.21726917,0.15408781,0.18339325,0.015177715,0.012691361
0.0002446774,0.0015872045,0.022584472,0.172656,0.15500869,0.07890777,0.14681931,0.20320491,0.07184907,0.1359314,0.005300854,0.005905614
0.00034401927,0.00089970557,0.006156372,0.048165552,0.14410631,0.10827927,0.09696875,0.21258928,0.16830792,0.18375656,0.017201759,0.01322452
0.0003460419,0.0008760745,0.004959939,0.03764696,0.14321251,0.11385644,0.09009355,0.2011786,0.19233978,0.18069503,0.021079822,0.013715256
0.000294693,0.0011837586,0.011721073,0.094914414,0.15371498,0.095131636,0.122946836,0.22134642,0.11344308,0.16610302,0.009970412,0.009229666
0.016705807,0.75126,0.1798285,0.026540205,0.0046270895,0.0019530524,0.014299389,0.0013046154,0.0016329152,0.000958379,0.00019057252,0.000699446
0.00034447553,0.00089603214,0.006000222,0.046809196,0.14384633,0.10862689,0.09612127,0.21168181,0.17083164,0.18387982,0.017645681,0.013316669
0.0003109548,0.0010187369,0.009191813,0.07448801,0.14955291,0.09978705,0.11219288,0.22207929,0.1312693,0.17671983,0.01223784,0.011151348
0.0003633996,0.041797955,0.4673374,0.32323295,0.04205118,0.011124714,0.073044315,0.023536755,0.0038330322,0.013056298,0.0001697795,0.00045222059
0.0003197629,0.000982843,0.007924122,0.063264385,0.14824057,0.102686524,0.10697953,0.21922445,0.14438842,0.18013604,0.014054128,0.011799147
0.00024178157,0.008272384,0.17230915,0.4383706,0.09267269,0.029090248,0.12700109,0.07718295,0.011801691,0.041303474,0.0005611962,0.001192792
0.00023331921,0.007923226,0.164541,0.4328047,0.09642562,0.030018015,0.13041505,0.08032702,0.012537597,0.042936116,0.00060852803,0.0012298257
0.00027628345,0.0012062411,0.014276519,0.11680599,0.15263268,0.090207666,0.12864764,0.21991116,0.09954325,0.15964682,0.0082762195,0.008569453
0.00029558272,0.0011038596,0.010734441,0.08724063,0.15156363,0.096312925,0.118682586,0.22220904,0.119793236,0.17124799,0.010825693,0.009990397
0.018714275,0.7639019,0.16685747,0.025052907,0.0045870515,0.0019607304,0.013927654,0.0013091459,0.0017094524,0.0009611956,0.00021128643,0.0008070689
0.00034525036,0.0008821487,0.005394994,0.04157433,0.14368282,0.11127499,0.09299168,0.20643198,0.1820523,0.18248914,0.0193688,0.013511559
0.00024235973,0.003931095,0.07305183,0.33768693,0.1348573,0.050400186,0.15608497,0.13240978,0.028094636,0.079215184,0.001574514,0.0024511453
0.00033022018,0.00092975586,0.007242865,0.057838034,0.1462692,0.10480782,0.10297105,0.217482,0.15236238,0.1823673,0.014911219,0.01248817
0.008645348,0.6695565,0.24906768,0.040789336,0.006026931,0.0022541492,0.018598977,0.0015508609,0.0016735281,0.0011725966,0.00016097075,0.00050316256
0.0002574007,0.017017473,0.30883607,0.41977057,0.0652677,0.018035697,0.09778565,0.043305814,0.0061061755,0.022659153,0.00027066638,0.0006875556
0.00034503493,0.0008834798,0.005496259,0.042471353,0.14364296,0.11068265,0.09355461,0.2075096,0.17998412,0.18287814,0.019058203,0.013493577
0.00034600662,0.0008779321,0.005124622,0.039118275,0.14339542,0.11287994,0.0912586,0.20334107,0.18819062,0.18148592,0.020358996,0.013622655
0.01184438,0.7119297,0.21477793,0.03296646,0.0052481187,0.002094348,0.016363982,0.0014014207,0.0015966463,0.0010513508,0.00016685786,0.0005587714
0.00023208625,0.001882448,0.029544918,0.21053225,0.15313545,0.071967594,0.15430208,0.18858309,0.058581907,0.1223935,0.004064542,0.004780125
0.0003374546,0.0009013416,0.00667994,0.052903395,0.14457871,0.10635859,0.09962654,0.21551307,0.16003123,0.18409753,0.01595614,0.013016104
0.00024976648,0.001394972,0.01928192,0.15309167,0.15301728,0.08274742,0.13971283,0.21093221,0.08098953,0.14536938,0.0062945103,0.0069184983
0.0003398695,0.0009185205,0.006359782,0.049832296,0.14506464,0.10748426,0.09848083,0.2133896,0.16520478,0.18311611,0.016866837,0.012942477
0.00028917118,0.0012232771,0.012618502,0.10215053,0.15440023,0.09343621,0.125967,0.22076957,0.10814509,0.16289671,0.009314395,0.008789241
0.00033831716,0.00092056306,0.0064936834,0.05104598,0.14527206,0.10704607,0.099240385,0.21413013,0.16308327,0.18303517,0.016528478,0.012865851
0.00033577572,0.0009321025,0.006660854,0.052453943,0.14587757,0.10653159,0.100363694,0.2147468,0.16065033,0.18255067,0.016214252,0.012682383
0.00034304903,0.00089858414,0.0062004034,0.048544165,0.14396046,0.1078971,0.09715934,0.21299031,0.16756223,0.1840845,0.01712234,0.013237571
0.00034523767,0.0008889186,0.0056933183,0.044167727,0.14390941,0.11011959,0.094613075,0.20909882,0.1763061,0.18303047,0.018433189,0.013394201
0.00027909307,0.021478014,0.35389122,0.3962289,0.058794986,0.015910672,0.09079874,0.036929376,0.00529202,0.019553665,0.00023091775,0.00061245007
0.017137814,0.7552411,0.17598361,0.026020741,0.0046162205,0.0019507592,0.014188016,0.0013016724,0.0016652843,0.0009589898,0.0001987485,0.00073708413
0.00024246555,0.001728908,0.02127144,0.15738204,0.16173276,0.079970494,0.14971794,0.20328751,0.07614104,0.13705155,0.005836825,0.005637021
0.00034303096,0.0009043473,0.006128403,0.047877833,0.14428656,0.10821558,0.09694839,0.212338,0.16881035,0.18360788,0.017360484,0.013179208
0.009812514,0.6910007,0.23192836,0.037025448,0.0056615137,0.0021671073,0.017516304,0.0014652959,0.0016338368,0.001109545,0.00016320527,0.000516134
0.019864392,0.7697433,0.16044483,0.024383036,0.0046127834,0.0019773904,0.013760647,0.0013133814,0.0017985157,0.0009782194,0.00023047165,0.00089303654
0.0002572,0.0013824312,0.018657694,0.14925195,0.1532766,0.0837668,0.13886905,0.21222767,0.08255264,0.14627872,0.006419399,0.0070598973
0.018321194,0.7614908,0.1695531,0.025206748,0.00457139,0.0019526314,0.01395196,0.00130639,0.0016913732,0.0009595363,0.00020665774,0.00078823767
0.00034552286,0.00088054896,0.005347293,0.041143756,0.14355023,0.111517414,0.09268933,0.20596215,0.18305367,0.18243754,0.019526752,0.013545821
0.00033691587,0.0009037892,0.0067099174,0.053151082,0.14470161,0.106264815,0.09983343,0.21562009,0.15961248,0.18398309,0.015906073,0.012976784
0.0003447256,0.0008912428,0.0057080872,0.04427888,0.14389795,0.109857544,0.09470883,0.20928875,0.17604363,0.1831494,0.018448753,0.013382187
0.00024343196,0.0017962143,0.024933103,0.18159904,0.15781416,0.07646069,0.15217048,0.19753206,0.067041345,0.13034141,0.004824869,0.005243162
0.00032522023,0.0009803331,0.007455925,0.059246223,0.14822875,0.104294024,0.10517065,0.21747224,0.15009367,0.18003027,0.014790579,0.011912121
0.00033182217,0.0009336469,0.006996283,0.055455483,0.14611979,0.10539196,0.10194582,0.21640052,0.15579733,0.18257497,0.015497792,0.012554619
0.00032499767,0.0009508306,0.007673581,0.061547983,0.14725265,0.10358158,0.10529673,0.21878824,0.14705479,0.18116497,0.0142253395,0.012138308
0.00034530676,0.0008816035,0.0053577456,0.041230466,0.14358455,0.11144475,0.09275251,0.20602767,0.18288912,0.1824421,0.019512508,0.013531711
0.00034617796,0.000877314,0.0050899205,0.03879754,0.14335607,0.1130946,0.09101749,0.20291452,0.18905681,0.18131466,0.020493113,0.013641724
0.0002480934,0.007864858,0.15443407,0.41540694,0.103482775,0.032252572,0.1368951,0.086632065,0.013973751,0.046768893,0.0006978628,0.0013430641
0.00034527582,0.000881311,0.005239639,0.04015958,0.14355434,0.11215845,0.09202575,0.20464575,0.18555912,0.18192177,0.019958977,0.013550089
0.00032793338,0.0009553172,0.0072380453,0.05747582,0.1471469,0.10470515,0.10360897,0.21706559,0.15269303,0.18142544,0.015119159,0.012238662
0.00026387305,0.004887307,0.087815225,0.35147625,0.13128778,0.04644116,0.15575047,0.12233433,0.024554372,0.07171062,0.0013176457,0.0021610025
0.0023513024,0.32103375,0.49477208,0.11752841,0.013864255,0.004162804,0.03622836,0.0043507353,0.002030494,0.0031643007,0.00012615952,0.00038745784
0.00023998608,0.006583644,0.13452064,0.4153033,0.106735095,0.034673754,0.13895693,0.09400308,0.015564969,0.051131207,0.00079526944,0.0014920747
0.00034431793,0.0009007899,0.005866984,0.045623474,0.14431436,0.10934699,0.09566342,0.210342,0.17325851,0.18304773,0.018040242,0.013251142
0.00028605637,0.0011263887,0.012284466,0.10056839,0.1515339,0.0933391,0.122845024,0.2221773,0.10992162,0.16693303,0.009531316,0.009453297
0.00033849067,0.0009073325,0.00657883,0.051941693,0.14477988,0.106790625,0.099314384,0.21485482,0.16162066,0.18368246,0.016211566,0.012979238
0.0033712813,0.42328852,0.43050095,0.089860775,0.011035353,0.0034704963,0.030590475,0.0031297288,0.0019123158,0.0022972424,0.00013365995,0.00040922005
0.00034190412,0.0009015846,0.0063395305,0.0498059,0.14430545,0.10761175,0.09796303,0.21367572,0.1653277,0.18384308,0.016744222,0.013140078
0.00024669548,0.001494998,0.020203928,0.15698221,0.15561996,0.081398085,0.14335738,0.20837557,0.07820721,0.14173271,0.0059785494,0.0064027575
0.00034492539,0.00089828257,0.0059501533,0.046376426,0.14407566,0.10897804,0.09594096,0.2111782,0.17172007,0.18347684,0.017774845,0.013285554
0.0003450107,0.0008904203,0.0057714493,0.044831116,0.14376634,0.10958878,0.09496514,0.20989966,0.17485362,0.18344103,0.018251738,0.0133957425
0.00034599876,0.0008781659,0.005151359,0.039362125,0.14340396,0.11271043,0.09142994,0.20370299,0.18752934,0.18162617,0.020248365,0.013611138
0.00022302601,0.0025554188,0.046719678,0.2834506,0.14378698,0.060541574,0.15751272,0.15944596,0.04050684,0.09930671,0.0025029557,0.0034474642
0.00034482236,0.0008847629,0.005506658,0.04255832,0.1436713,0.11059338,0.09363497,0.20756339,0.17983077,0.18288538,0.019046914,0.013479348
0.018164642,0.7599796,0.17109488,0.025388084,0.0045632357,0.0019487721,0.013973899,0.001303979,0.0016653755,0.0009541292,0.0002009748,0.0007624445
0.00027678825,0.021739876,0.35537228,0.39384815,0.059275806,0.0158354,0.091198765,0.0368199,0.0053118262,0.01947926,0.00023338488,0.00060855737
0.00022925348,0.0023715575,0.040296886,0.25649342,0.14903644,0.06446315,0.15826596,0.16922428,0.04595921,0.10693642,0.0029371895,0.0037862542
0.0003447579,0.0008862201,0.0055420483,0.042862985,0.1437926,0.1105192,0.093842804,0.20784675,0.17912896,0.18285377,0.01893013,0.013449857
0.00021950918,0.0107216295,0.22126733,0.43880072,0.08303677,0.023740908,0.11696043,0.06203465,0.009138522,0.03273848,0.00043077074,0.000910223
0.00034473426,0.000896343,0.006138436,0.048059117,0.14400755,0.10840023,0.09680727,0.21252596,0.1685392,0.18381129,0.017204268,0.013265542
0.00023538625,0.0016267663,0.02313893,0.17426413,0.15586513,0.07778321,0.14838418,0.20181705,0.07096464,0.13493448,0.005273926,0.0057121757
0.0003452701,0.0008817075,0.0053252047,0.04093406,0.14357929,0.11163431,0.092550874,0.2056462,0.1836295,0.18230091,0.019637944,0.013534718
0.0016904644,0.24218649,0.53455997,0.14610016,0.016679814,0.0049482957,0.041174125,0.0058186054,0.0021721658,0.0041696555,0.00012494932,0.0003753089
0.0002408506,0.004192781,0.08156821,0.3598625,0.12811856,0.047038406,0.15229425,0.12480481,0.02504185,0.07323098,0.0013644036,0.002242408
0.00032488327,0.00095362816,0.0076623205,0.06141032,0.14734927,0.10360478,0.105313405,0.21873164,0.14721926,0.18105705,0.014261401,0.012112015
0.00031589903,0.0010122723,0.008429423,0.06769006,0.14948913,0.10157954,0.1096096,0.22031036,0.13887177,0.17804767,0.013284818,0.011359423
0.01889347,0.7652671,0.16547436,0.02488481,0.0045866147,0.0019608152,0.013879733,0.0013083232,0.0017351097,0.0009654799,0.00021667381,0.0008275736
0.00034636984,0.0008739975,0.004869032,0.036803946,0.14303516,0.11454603,0.08941392,0.20004182,0.194618,0.18022448,0.021439055,0.013788116
0.00031123176,0.0010399249,0.009364325,0.07591901,0.15034015,0.099716,0.11324671,0.22197871,0.1297754,0.17537041,0.012016477,0.010921664
0.0003264415,0.0009417134,0.007515154,0.06014356,0.14678244,0.10389558,0.10440206,0.21839061,0.14896062,0.1818537,0.0144976545,0.012290483
0.00032923097,0.00098325,0.007162252,0.05661232,0.14839727,0.10543771,0.10390699,0.21603803,0.15405473,0.17977601,0.015341643,0.01196048
0.0018248361,0.255306,0.5287144,0.14099082,0.016028767,0.004819647,0.040151652,0.005523142,0.0021487281,0.0039824517,0.00012379742,0.00038579464
0.0127545325,0.72192854,0.20634252,0.03130838,0.00507081,0.0020516815,0.015799629,0.001365964,0.0016020525,0.0010194042,0.0001719544,0.00058450416
0.0021849927,0.29990825,0.5079725,0.12266762,0.014612581,0.0043340307,0.037552774,0.004771332,0.0020428062,0.003448691,0.00012437014,0.0003800348
0.0089487275,0.67612994,0.24383007,0.039652217,0.005923051,0.002226804,0.01828165,0.0015238748,0.0016624134,0.001152605,0.00016193792,0.0005067295
0.00023953659,0.012123391,0.2449069,0.43968585,0.07658415,0.022121202,0.10957855,0.05610278,0.007963743,0.029479623,0.0003650223,0.00084925327
0.006445665,0.5910956,0.31067953,0.053942278,0.0072828485,0.0025702247,0.022271153,0.0019665088,0.0016948825,0.001452907,0.00014201367,0.00045637207
0.00034507137,0.0008994311,0.005949204,0.04635113,0.1441937,0.109146,0.0959753,0.21106097,0.17180294,0.18325604,0.017759282,0.013260974
0.00030316142,0.030159283,0.4244935,0.35236028,0.04954513,0.012930165,0.08049863,0.029045269,0.0043871915,0.015574784,0.00019817447,0.0005044695
0.013825954,0.7344748,0.19542986,0.029394738,0.0049152263,0.0020078407,0.015185632,0.0013262312,0.0016378784,0.0009900385,0.0001842288,0.00062767975
0.0002927782,0.0011789254,0.011597268,0.09370446,0.15359868,0.09511701,0.12259812,0.22133721,0.11437211,0.16680136,0.010127834,0.009274254
0.00024104968,0.0016640197,0.023625605,0.17723684,0.15600489,0.07761487,0.14921948,0.2006677,0.06960512,0.1334264,0.0050936737,0.0056002904
0.0031870739,0.40974993,0.43867177,0.09409398,0.011366639,0.0035427334,0.031320184,0.0032293596,0.0019306408,0.0023708127,0.00013355257,0.00040330752
0.00029378032,0.030219615,0.42329407,0.35650507,0.049112592,0.012620452,0.07979753,0.027966896,0.004346989,0.015150967,0.00019323883,0.0004987211
0.016982028,0.75515205,0.17608814,0.02611736,0.004630715,0.0019523267,0.014221745,0.0013009246,0.0016657114,0.0009586517,0.00019899628,0.0007314212
0.0003450249,0.0008851027,0.005549977,0.04294094,0.14375545,0.11051754,0.093847886,0.20796525,0.17895728,0.18289672,0.018880563,0.013458295
0.0003249303,0.00096193544,0.007540382,0.060197026,0.14760768,0.103902645,0.10505401,0.21816027,0.1487919,0.18084858,0.014546446,0.012064217
0.019060025,0.7663261,0.16429822,0.024791813,0.0045978273,0.0019649682,0.013869904,0.0013098634,0.0017507718,0.0009689131,0.00022004671,0.00084145914
0.00034474285,0.0008945878,0.005983134,0.046670172,0.14376667,0.10868255,0.09600391,0.21159953,0.17109433,0.18393812,0.017681502,0.0133406855
0.00024652472,0.002894436,0.041880384,0.23955487,0.15893307,0.06520366,0.16433318,0.16721097,0.047098275,0.106150284,0.0030048674,0.003489429
0.0003435395,0.00090106507,0.0060814093,0.04748593,0.14411429,0.10836683,0.096643284,0.21210422,0.16954313,0.1837229,0.0174619,0.013231618
0.016124753,0.74948376,0.18161131,0.026861504,0.0046858396,0.0019604568,0.014451507,0.001303629,0.0016569854,0.0009646132,0.0001943742,0.00070136896
0.0044108927,0.50252485,0.37515596,0.07256044,0.0091275135,0.003009699,0.02654348,0.002452139,0.0018291019,0.0018156053,0.00014064307,0.00042967792
0.00032187765,0.00095616817,0.007910409,0.06356101,0.14740147,0.10272828,0.10629673,0.21962024,0.14426361,0.18100703,0.013896811,0.01203632
0.00029489788,0.0010805059,0.01117941,0.09169392,0.15067773,0.09543962,0.119036324,0.22288188,0.11647695,0.17082278,0.010332943,0.010082988
0.00032221453,0.00097363157,0.007863362,0.06301178,0.1481203,0.10311483,0.10660027,0.21910755,0.14496882,0.18005374,0.014004947,0.011858605
0.0010256586,0.14057502,0.5643609,0.19405802,0.023146171,0.006774075,0.049934436,0.010212962,0.002556387,0.0068434654,0.00013117328,0.00038169618
0.00034542067,0.00089542684,0.005962962,0.046528026,0.14397237,0.10896966,0.09593631,0.21133819,0.17143594,0.1836013,0.017697986,0.013316443
0.00034578666,0.0008789275,0.0050753495,0.03865756,0.14345592,0.11322007,0.09095411,0.20261335,0.18952407,0.18105431,0.020595869,0.013624589
0.00032965362,0.0009191578,0.0072266245,0.057618063,0.14557041,0.10447685,0.10251915,0.21771058,0.15254037,0.18345284,0.014984867,0.012651469
0.002989431,0.37057537,0.46672815,0.10219665,0.012054693,0.003817194,0.03266552,0.0036992815,0.0019852715,0.0027423012,0.00012550592,0.00042057398
0.0003459517,0.00089090294,0.0060209516,0.047058854,0.14365579,0.10877378,0.09613119,0.21189344,0.17038521,0.1839921,0.017479325,0.013372418
0.0003392437,0.0009150534,0.0064122495,0.050331783,0.14490457,0.10722075,0.09867867,0.2138388,0.16431862,0.18336554,0.016711365,0.012963375
0.019002859,0.7659998,0.16469347,0.024810338,0.004590843,0.0019624082,0.0138652595,0.0013084855,0.0017444843,0.0009673038,0.00021869008,0.0008360298
0.00034498674,0.0008835257,0.0053989403,0.04160123,0.14373265,0.1112535,0.093035795,0.20639232,0.18203369,0.18244535,0.019383375,0.0134946555
0.00021374362,0.005300452,0.106395066,0.3812588,0.1212647,0.0396085,0.15195501,0.10967047,0.020432286,0.061052646,0.0010812967,0.0017670221
0.00033063412,0.00090817484,0.007177636,0.057240058,0.14503412,0.104526855,0.10197206,0.21771716,0.15315111,0.18410935,0.015032415,0.012800423
0.00024428059,0.007823105,0.15874803,0.4267175,0.0990452,0.031193217,0.13260661,0.083704695,0.013146102,0.044829115,0.0006441254,0.0012980247
0.00030412214,0.0010619096,0.009491868,0.07654926,0.15076336,0.09884713,0.11431932,0.22181968,0.12914084,0.17496163,0.012078422,0.010662479
0.0032741826,0.41689068,0.43427387,0.091966316,0.011192337,0.0035055873,0.030938545,0.0031679298,0.0019229231,0.0023274594,0.00013395099,0.00040619166
0.00032587902,0.0009810334,0.007337513,0.058134653,0.14813274,0.10454139,0.10466521,0.21697721,0.15167136,0.18020964,0.015067115,0.0119562335
0.0003227377,0.0009579174,0.007818156,0.06271544,0.14745082,0.103020854,0.105987765,0.21930462,0.14539324,0.18094184,0.014043454,0.012043157
0.00034344295,0.0009006704,0.00616016,0.048200447,0.14415261,0.10815293,0.09702275,0.21262515,0.16822761,0.18378042,0.017222714,0.01321102
0.018908817,0.7648074,0.16591612,0.024918262,0.0045790016,0.0019605982,0.013885961,0.0013090015,0.0017204129,0.00096263515,0.00021345237,0.0008183612
0.00030830543,0.0010278386,0.009543863,0.07760538,0.14979258,0.09901621,0.11349358,0.2225291,0.12817769,0.17570588,0.011822261,0.010977335
0.00023178896,0.002412986,0.034202676,0.21616897,0.16034864,0.06866164,0.16280995,0.17861569,0.054234907,0.11469294,0.0036563042,0.003963499
0.00032687967,0.00092136214,0.0075782496,0.060983554,0.1460798,0.10362707,0.10413225,0.21892923,0.14800952,0.1826492,0.014280348,0.012482566
0.0002883507,0.0011999945,0.012842774,0.10471003,0.15360913,0.09298017,0.12587151,0.22106037,0.106644355,0.16281813,0.009098372,0.008876894
0.0003384746,0.00090776116,0.006521204,0.05135609,0.14462686,0.106839396,0.099026,0.21459562,0.16254035,0.18384016,0.016396154,0.013011975
0.00034418402,0.0008984264,0.0062032496,0.048611946,0.14409474,0.108175725,0.09717309,0.21290754,0.16752133,0.18380089,0.0170453,0.013223555
0.00034520339,0.00088253594,0.005353232,0.041182864,0.1437281,0.11158393,0.09276336,0.20593289,0.18297528,0.182223,0.01952257,0.013507037
0.00076271745,0.099444024,0.55390674,0.23237063,0.026671112,0.0077810464,0.054326326,0.013107202,0.0027815707,0.008318265,0.00013489714,0.00039549984
0.00022447723,0.0026678185,0.040085375,0.23882686,0.15798382,0.06459537,0.16496393,0.1690156,0.048096035,0.106861405,0.0031312287,0.0035480673
0.0003139262,0.0009873953,0.008659202,0.06988927,0.14841302,0.10068317,0.10967667,0.22139832,0.13633996,0.17913716,0.012930752,0.011571201
0.00023627786,0.0016754954,0.024814118,0.18546185,0.1545746,0.076283656,0.14984185,0.19837952,0.067078814,0.13131346,0.004865706,0.0054746526
0.0003347492,0.0009111575,0.006826757,0.054110825,0.14504789,0.105813645,0.100556955,0.21607779,0.15798345,0.18375023,0.015725946,0.012860676
0.00034520106,0.00088828616,0.005690228,0.04412521,0.1437798,0.11004603,0.09457399,0.20915101,0.17636085,0.18316764,0.018456222,0.01341553
0.00023899805,0.0021859184,0.029535154,0.19710469,0.16154061,0.072630815,0.15888892,0.1868831,0.060256083,0.122081555,0.0042182794,0.0044358675
0.000262782,0.002814407,0.038468838,0.22530839,0.16172792,0.068391815,0.16239408,0.1723822,0.050465174,0.11078738,0.0032713918,0.003725526
0.00030046862,0.0010620458,0.010514771,0.08601318,0.15053241,0.096941575,0.1170022,0.22278629,0.12090042,0.17266485,0.0108810775,0.010400663
0.00025149822,0.0025365222,0.0380603,0.23493129,0.15606102,0.06775032,0.15981719,0.17342018,0.04913314,0.111005284,0.0031756766,0.003857512
0.00034460917,0.0008865446,0.00547915,0.042316448,0.14384028,0.110776894,0.093542226,0.20716847,0.1804305,0.18261789,0.019147484,0.013449464
0.00028668452,0.0013169773,0.013012115,0.103750646,0.15736757,0.092844054,0.12910849,0.21897385,0.10638457,0.15955426,0.009180206,0.00822064
0.00022976435,0.0020913302,0.028353693,0.19346265,0.16159256,0.07274175,0.15861474,0.18857251,0.06200774,0.1233704,0.0044271615,0.004535707
0.00033949237,0.00091749604,0.00642504,0.050460532,0.14513268,0.10732559,0.09881332,0.21377677,0.16411856,0.18310136,0.01666716,0.0129220355
0.00020851097,0.0054122405,0.116721675,0.4107329,0.11085147,0.036249623,0.14338022,0.10111636,0.017659193,0.055135876,0.0009220164,0.0016099578
0.00029035145,0.001147451,0.01208038,0.09870583,0.15236568,0.09405303,0.12295674,0.22199912,0.11100492,0.16638276,0.009652914,0.0093608
0.00031826596,0.00095403136,0.008395206,0.068062924,0.14743508,0.10135489,0.10800698,0.22109762,0.13881901,0.18050107,0.013125626,0.011929273
0.0003445803,0.0008955484,0.005838041,0.045384403,0.14393735,0.109292984,0.095374495,0.2103584,0.17370898,0.18342051,0.01810964,0.01333514
0.00024416842,0.003910348,0.071220525,0.3316312,0.1370697,0.051167224,0.15745163,0.1339267,0.028856609,0.08040481,0.0016249116,0.0024922118
0.0002465114,0.0032845188,0.056175534,0.29513884,0.14550456,0.057661295,0.15986092,0.1493457,0.035546664,0.09214429,0.0021087672,0.00298243
0.0030882207,0.399173,0.44603667,0.09631333,0.011641541,0.0036187419,0.031844486,0.003347523,0.0019440218,0.0024567547,0.00013223305,0.00040348503
0.010089281,0.6969,0.22710943,0.036080264,0.005571357,0.002147718,0.017241238,0.0014384019,0.0016374965,0.0010931061,0.00016608936,0.00052557106
0.00034216951,0.0009021683,0.0063085943,0.049506966,0.1442703,0.10770892,0.09782005,0.21348743,0.1658498,0.183823,0.016831568,0.01314907
0.00033475846,0.0009257754,0.0066787675,0.052621163,0.14547522,0.10619796,0.100287035,0.21506652,0.16032009,0.1831349,0.016196333,0.012761503
0.00034506986,0.00088304636,0.0053573796,0.041212,0.14367855,0.111500904,0.09278261,0.20595731,0.18295039,0.18229118,0.019533345,0.01350832
0.00030097214,0.0011144889,0.010685398,0.086885884,0.15210937,0.09698277,0.11860233,0.22202827,0.11999737,0.17054132,0.010782966,0.009968924
0.018597135,0.76385754,0.16694167,0.02508662,0.004597107,0.0019610703,0.013944111,0.0013088754,0.0017188196,0.00096321275,0.00021323322,0.00081063784
0.00024128264,0.0027797811,0.0468605,0.2738861,0.14809613,0.061800245,0.15925679,0.15998864,0.040979456,0.1002068,0.0025142024,0.003390026
0.00028759066,0.001120159,0.011910161,0.09730963,0.15154977,0.093950056,0.121899925,0.22232847,0.112161994,0.16807574,0.009829533,0.009576956
0.0002504262,0.0063807946,0.12745132,0.40764126,0.109676145,0.03631803,0.14145477,0.09802052,0.016554825,0.05383318,0.00084323366,0.0015754687
0.00034435545,0.00089230284,0.005671363,0.04395158,0.14395705,0.10996617,0.09457765,0.20890746,0.17674583,0.18302171,0.018588612,0.013375924
0.00034454893,0.00088582677,0.0054253535,0.041825388,0.14371236,0.11099917,0.09318749,0.20659406,0.1816325,0.18255073,0.019364966,0.01347762
0.00024522195,0.0031268855,0.05158879,0.2801372,0.1489702,0.05998597,0.16081516,0.15480103,0.03848989,0.09636536,0.0023308296,0.0031434556
0.00023691544,0.0031031023,0.051699623,0.28081247,0.14897399,0.05945396,0.16163468,0.15439408,0.03848051,0.095765844,0.002334282,0.0031105229
0.00033905546,0.0009084769,0.006435922,0.05059087,0.14458613,0.1070409,0.09864227,0.21415175,0.16385782,0.1837935,0.016618958,0.013034352
0.00031042317,0.0010078205,0.009180259,0.07447805,0.1491404,0.099659145,0.11189633,0.22225711,0.13133326,0.1772443,0.012243207,0.011249676
0.00024374586,0.0067920308,0.14058845,0.42403644,0.102853574,0.033483204,0.13561846,0.09059525,0.014648698,0.048970643,0.00073039246,0.0014391796
0.00023983211,0.001781072,0.025045594,0.18284625,0.15735838,0.076132536,0.1521325,0.1973607,0.06680664,0.13023056,0.0048212735,0.005244671
0.0009417188,0.12854493,0.56068665,0.20995703,0.023094501,0.0069218525,0.04962,0.010203955,0.0025721574,0.0069389767,0.00012964071,0.00038863692
0.018259458,0.7611644,0.16989979,0.02524106,0.0045727715,0.0019524217,0.013963266,0.0013062728,0.001689276,0.00095955684,0.00020610241,0.00078563415
0.00034266466,0.0009050559,0.006207454,0.048572917,0.14434339,0.10797097,0.09735129,0.21282837,0.16751917,0.18366243,0.017146287,0.013150025
0.00052710227,0.06827076,0.51929,0.2749075,0.033375714,0.009184414,0.06291201,0.017544458,0.0032227843,0.010206597,0.00014959437,0.00040906595
0.00029423216,0.0011663918,0.01141629,0.09234189,0.15333585,0.095482804,0.12183717,0.22146769,0.1154474,0.1675534,0.010254363,0.009402478
0.0003353235,0.00092467596,0.006627821,0.05216864,0.14537027,0.106341675,0.10001149,0.21483803,0.1610829,0.1831926,0.016312853,0.012793796
0.0002180029,0.002582479,0.049062286,0.2942533,0.14121114,0.05910914,0.15648788,0.15602355,0.038685136,0.09664173,0.0023748716,0.0033505098
0.0022682853,0.3110083,0.5004984,0.12068813,0.014146717,0.0042529763,0.036810078,0.004491739,0.002049105,0.0032720768,0.0001258087,0.0003883331
0.00025535503,0.0024493285,0.03260884,0.2058355,0.1626019,0.071665525,0.16015396,0.18168025,0.056608044,0.1181469,0.003834163,0.0041602207
0.00034310442,0.00090946525,0.006150711,0.048057985,0.1446244,0.10831678,0.09718536,0.21228354,0.16850321,0.18321592,0.017305955,0.013103552
0.00034032873,0.0009184802,0.0064326376,0.05052599,0.14523071,0.10753282,0.098858796,0.21371871,0.16405287,0.18287608,0.01660824,0.012904359
0.0113541875,0.711872,0.21478342,0.0333138,0.005321144,0.0020992141,0.016461369,0.0013842148,0.001628673,0.0010508485,0.0001726181,0.00055853167
0.00032400235,0.00095465174,0.0075353733,0.060054637,0.1471032,0.103583574,0.10476324,0.21834514,0.1488321,0.18170525,0.014617415,0.012181429
0.018268293,0.7615388,0.16949996,0.02523686,0.00457953,0.0019537986,0.013968649,0.0013065184,0.0016929064,0.0009598045,0.00020710917,0.0007876981
0.00033442126,0.00092482084,0.0068473173,0.05421849,0.14570647,0.10596408,0.10105628,0.21581507,0.15781829,0.18289383,0.015727922,0.012692986
0.017824175,0.7577381,0.17342618,0.025606932,0.004566358,0.0019468091,0.014033629,0.0013027805,0.0016549652,0.0009545558,0.00019772725,0.00074778363
0.00034513144,0.0008829477,0.005468007,0.042223513,0.1436438,0.11082932,0.093402654,0.2072225,0.18054575,0.18279317,0.01914132,0.013501869
0.017877188,0.7589654,0.17220494,0.025464829,0.004581664,0.0019503296,0.014036441,0.0013045326,0.0016805021,0.00095991214,0.00020322645,0.00077111105
0.00034443088,0.0008861283,0.005337061,0.041015323,0.14382207,0.11164128,0.09270866,0.2055584,0.1835484,0.18199946,0.019670505,0.013468219
0.0003423061,0.00090881495,0.0062338086,0.048783746,0.1445492,0.10792521,0.09757285,0.21289174,0.16713995,0.1834585,0.017098527,0.013095394
0.00025634072,0.0029176932,0.04069454,0.23300068,0.16088602,0.0666119,0.1637641,0.16884026,0.048498403,0.107851155,0.003114182,0.0035647794
0.01896522,0.7658734,0.16479893,0.024844404,0.004596579,0.0019637034,0.013881551,0.0013093355,0.0017449873,0.00096762617,0.00021883026,0.00083548896
0.00023949775,0.0016572311,0.024901355,0.18735543,0.1536728,0.07640944,0.14916043,0.19838661,0.06671241,0.13116066,0.0048068054,0.0055373195
0.00034612292,0.00087680103,0.005042029,0.038382094,0.143247,0.113294385,0.09068619,0.20228565,0.1902731,0.18116538,0.02072709,0.0136741195
0.00028263757,0.0012593232,0.013822038,0.112118945,0.15475588,0.09123592,0.12924694,0.21977206,0.10160607,0.15902656,0.008517722,0.008355933
0.0003455949,0.000879455,0.0050949557,0.038841628,0.14345817,0.113058366,0.09107865,0.20285615,0.18905333,0.18118618,0.020533627,0.013613926
0.00027444857,0.023939008,0.37962916,0.38413146,0.054718535,0.014499306,0.0863096,0.033182703,0.004867811,0.017674124,0.00021506636,0.00055885623
0.00025421215,0.0025645825,0.03487037,0.21456547,0.16189438,0.07005254,0.16135406,0.17797065,0.05392559,0.11498919,0.0035881791,0.0039707213
0.008664051,0.66832966,0.25013274,0.04088433,0.006033066,0.0022553059,0.018635053,0.0015606032,0.0016662539,0.0011773488,0.00015940903,0.0005020842
0.0034108455,0.4251034,0.42960772,0.08908481,0.0109849945,0.003452482,0.030486308,0.0031322644,0.0019021102,0.0022936175,0.00013283716,0.00040853556
0.00024103653,0.0026422453,0.043595795,0.26245627,0.1500776,0.06360199,0.15931205,0.16452733,0.043542854,0.10372905,0.00271654,0.0035572662
0.00034620683,0.000876316,0.005022756,0.03820873,0.14321454,0.11341494,0.09054521,0.20205201,0.19074264,0.18108621,0.020802716,0.013687762
0.00024662688,0.003252364,0.0563748,0.298131,0.1444119,0.057413947,0.1592911,0.14882007,0.035226826,0.0917651,0.0020815814,0.002984648
0.0002531483,0.0013955274,0.018083593,0.14329971,0.15493041,0.08407023,0.13900754,0.21289717,0.08470156,0.14764418,0.006688803,0.007028123
0.00024706725,0.008089914,0.16321275,0.42738318,0.09798064,0.030681372,0.13166164,0.08210186,0.012812035,0.04393413,0.0006230688,0.001272381
0.00031872327,0.0010732865,0.008473698,0.067627534,0.1517201,0.1022748,0.11111191,0.2190718,0.13898122,0.17519666,0.013306771,0.010843413
0.01255949,0.7238977,0.20466939,0.031205846,0.0050917696,0.0020475916,0.015758915,0.0013506742,0.0016318505,0.0010150616,0.00017804747,0.0005936948
0.0035397327,0.43803048,0.42039466,0.086539,0.010650429,0.0033796018,0.029839803,0.0029873988,0.0018961718,0.00219575,0.00013500164,0.00041201673
0.00030061798,0.0011054674,0.00994409,0.08009897,0.15196973,0.098005176,0.11663839,0.22147651,0.12585223,0.17273706,0.011679342,0.0101924
0.00031014203,0.0010201234,0.009330977,0.075753875,0.1495849,0.0994899,0.11265587,0.2223247,0.12997329,0.17638892,0.012058969,0.0111083025
0.0020575107,0.284705,0.51482165,0.12936388,0.015001418,0.0044899103,0.03842483,0.004946694,0.002088349,0.0035901666,0.00012462135,0.00038588909
0.0006027439,0.07637468,0.5310236,0.26238614,0.030905757,0.008845072,0.05997148,0.016546993,0.003045218,0.0097456435,0.0001433791,0.00040925673
0.00968579,0.680237,0.24073745,0.038372982,0.005798262,0.0022058992,0.017993541,0.0015378613,0.0016146216,0.0011487213,0.00015597219,0.00051187124
0.00033592762,0.0009096337,0.0067350203,0.053294647,0.1449142,0.106128775,0.10009608,0.2156577,0.15931182,0.18379545,0.015911981,0.012908887
0.0003383648,0.00091076596,0.006442107,0.050600383,0.14461994,0.106924295,0.09872507,0.21416521,0.16380143,0.18380351,0.016653728,0.013015227
0.00032085727,0.0009572522,0.008066301,0.06501876,0.14752017,0.10234071,0.10691946,0.22009844,0.14245181,0.18069966,0.013629722,0.0119768595
0.00033222733,0.00090660306,0.007080801,0.05646509,0.14504758,0.10495118,0.10156205,0.21728438,0.15439114,0.18397269,0.015177837,0.012828432
0.018614706,0.76359856,0.16734226,0.025020443,0.00457363,0.0019545613,0.013899348,0.0013054352,0.0017118016,0.00096108345,0.0002115063,0.00080674345
0.00034491473,0.0008956404,0.0060695196,0.047433835,0.1439016,0.10857806,0.096450135,0.2121094,0.16967967,0.18384102,0.017399875,0.0132962875
0.0003333312,0.00091819774,0.0069893524,0.055608604,0.14559694,0.10551014,0.10153509,0.21660985,0.15570648,0.18311492,0.015370418,0.012706669
0.0003096101,0.00100908,0.009328522,0.07583608,0.14917296,0.09934773,0.11238112,0.22252454,0.12995088,0.17688262,0.012051334,0.011205569
0.011732935,0.7151262,0.21207227,0.032740936,0.0052416036,0.0020815677,0.016240334,0.0013740311,0.0016172891,0.0010385895,0.00017247176,0.0005616819
0.006501204,0.60634303,0.2984993,0.051924583,0.007060511,0.0025111411,0.021597693,0.0018377193,0.0017289411,0.0013824934,0.00014989183,0.00046348202
0.005326746,0.55452585,0.33728337,0.06197565,0.008040052,0.0027426213,0.024034452,0.0021236276,0.0017773907,0.0015782493,0.00014501286,0.0004470418
0.011721531,0.71066076,0.21583495,0.03319728,0.0052708243,0.0020986744,0.016436651,0.0014057743,0.0015967602,0.0010550127,0.00016638964,0.00055537606
0.00021901923,0.002277276,0.042076938,0.27139214,0.14429964,0.06272101,0.15617822,0.1662098,0.043842554,0.10421667,0.0027886655,0.0037780623
0.00031219536,0.0009817281,0.009126209,0.07441561,0.14837532,0.09975342,0.111078665,0.22244938,0.13166228,0.17813426,0.012210887,0.011500022
0.00034426342,0.0008957916,0.005744591,0.044575337,0.14411151,0.10973214,0.09499829,0.20943885,0.1754227,0.18302615,0.018384919,0.013325466
0.00023527589,0.004180617,0.0777988,0.34393477,0.13422972,0.048463825,0.1567735,0.12792668,0.026795577,0.075848326,0.0014983027,0.0023146344
0.00034429017,0.00089796114,0.005775154,0.044840388,0.14425243,0.109681495,0.095195994,0.20961978,0.1748867,0.18292671,0.018290406,0.013288587
0.00025836445,0.001423188,0.017931072,0.14166152,0.15605366,0.08446868,0.13962181,0.2129655,0.08493955,0.1470556,0.006680478,0.0069405665
0.00028966132,0.0013201131,0.012944383,0.10325817,0.15743731,0.09317565,0.12894186,0.21904711,0.10666632,0.15948659,0.009194688,0.008238055
0.0150429625,0.7425339,0.18813086,0.027929943,0.0047853296,0.001981733,0.014794954,0.0013123963,0.0016529883,0.000977087,0.00019024589,0.00066761795
0.00034434698,0.00088894216,0.0056242677,0.043562833,0.14361554,0.109896235,0.09426405,0.20861854,0.17767131,0.18328963,0.018773042,0.0134511925
0.0003450569,0.0008955116,0.0060441545,0.047210768,0.14389548,0.108668685,0.096321315,0.21193536,0.1701001,0.183808,0.017470961,0.013304586
0.0002423448,0.004602742,0.08765901,0.36287904,0.12795508,0.0454022,0.15322715,0.120628215,0.023833623,0.07016398,0.0012913998,0.0021151775
0.013736752,0.73026586,0.19908322,0.029932126,0.004923328,0.00201727,0.015321071,0.0013445581,0.0015992686,0.0009961175,0.00017530633,0.0006051136
0.0002293947,0.0021328263,0.03473609,0.23330289,0.15171352,0.06801174,0.15735364,0.17871393,0.051751487,0.11439339,0.003453955,0.004207148
0.00034480993,0.00088496984,0.005465193,0.04218341,0.14380655,0.110914506,0.093449704,0.20707874,0.18065567,0.18257962,0.019169714,0.013467088
0.00021510209,0.006726234,0.1394077,0.40976527,0.10751002,0.03345547,0.14195834,0.093277045,0.015537361,0.049950864,0.00079417485,0.0014024553
0.00023970376,0.0022958685,0.035649866,0.23128684,0.15422274,0.06823279,0.15861745,0.17725427,0.051179577,0.11357646,0.0033767126,0.0040677707
0.0003169157,0.00096400996,0.008420205,0.068048395,0.1476316,0.101191305,0.10829429,0.22110456,0.13865776,0.1803532,0.013173294,0.011844475
0.00034591206,0.00087808986,0.0051204585,0.039084565,0.14336726,0.112864025,0.09122086,0.20328182,0.18831182,0.18150574,0.020393463,0.013625894
0.00023605827,0.010904597,0.22086084,0.43745697,0.08321719,0.02415134,0.116923854,0.06256826,0.009161694,0.0331534,0.00042726556,0.00093859044
0.018615698,0.76292366,0.16795446,0.025094138,0.004571251,0.0019555918,0.013920861,0.001307411,0.0016948667,0.0009585158,0.00020802453,0.00079558825
0.00030697,0.0010717536,0.009804831,0.07944116,0.15117238,0.09875901,0.11527381,0.22199203,0.12639022,0.17364185,0.011611999,0.010533938
0.00034357267,0.00090478815,0.0060979794,0.047625396,0.14437687,0.1084423,0.0968193,0.21206218,0.16930676,0.18342513,0.01742125,0.013174519
0.00034413527,0.0008981432,0.0060220216,0.046991188,0.1439776,0.10856378,0.09628021,0.21176271,0.17048568,0.18378574,0.017605664,0.013283093
0.00032151956,0.0009709661,0.008013059,0.06446775,0.14811914,0.10275493,0.107121766,0.21961443,0.14317232,0.17988925,0.013720199,0.011834648
0.000328082,0.00092815986,0.0074278777,0.059519403,0.14625552,0.104131036,0.10369318,0.21828012,0.14994663,0.18245581,0.014579233,0.012454917
0.018982768,0.7662218,0.16435094,0.024859002,0.004613782,0.0019685524,0.013906104,0.0013116013,0.0017534115,0.0009700645,0.0002206324,0.00084129523
0.00034463572,0.0008874589,0.0055547706,0.04294632,0.14382997,0.110507675,0.093930244,0.20791362,0.17893429,0.18280919,0.01890703,0.013434805
0.00023079953,0.0075839455,0.15947168,0.43407038,0.09699552,0.03050844,0.13084224,0.08176831,0.012839875,0.043803748,0.0006265393,0.0012585188
0.00028112443,0.0013639546,0.013938631,0.11067266,0.15832877,0.091209866,0.13213041,0.21778055,0.10154038,0.15633287,0.008591219,0.0078295665
0.00023652674,0.0059737004,0.11714329,0.3927564,0.11706081,0.038061354,0.14739658,0.10294707,0.018465282,0.057332136,0.0009605056,0.0016663739
0.012998923,0.72779757,0.20129648,0.030533966,0.005023232,0.0020330953,0.015544015,0.0013414405,0.001636955,0.0010055158,0.00018063633,0.000608258
0.001018539,0.14152408,0.5626288,0.19698425,0.022633007,0.00667248,0.049116913,0.009771332,0.0025273294,0.0066116173,0.00012988775,0.00038175436
0.0002525841,0.001879561,0.024160083,0.17298527,0.16088542,0.07793788,0.1527666,0.19828327,0.06916303,0.13146256,0.0050140605,0.005209666
0.00032088018,0.0009805434,0.0078413375,0.06266203,0.14827316,0.102981605,0.10667403,0.21899205,0.1452845,0.18003958,0.014137103,0.011813172
0.00034575618,0.0008797031,0.0052222973,0.040000428,0.1435475,0.11235615,0.09192777,0.20452581,0.18584347,0.181809,0.019974638,0.013567519
0.000337357,0.0009173782,0.00657549,0.051816344,0.145182,0.106714286,0.099578336,0.21466859,0.1617662,0.18325774,0.016315274,0.012871032
0.00024344648,0.0058474764,0.12089722,0.41313604,0.10884464,0.036771547,0.1404827,0.099530526,0.016948212,0.05481111,0.0008644593,0.0016226788
0.00034171442,0.0009019617,0.0063162246,0.04955629,0.14420031,0.10757063,0.09784106,0.21359159,0.16573028,0.18395795,0.016836073,0.0131558925
0.00028081788,0.0013399358,0.014241213,0.11384677,0.15709867,0.09069827,0.13204552,0.21813671,0.09984146,0.15623218,0.008346065,0.007892341
0.00034448455,0.0008880124,0.005529084,0.042747535,0.14386496,0.11052434,0.093825735,0.2076353,0.1794539,0.1827529,0.01900261,0.013431174
0.00034005754,0.0009071704,0.0064389687,0.050648607,0.14460427,0.10723572,0.09861071,0.21413031,0.16381575,0.18367542,0.016552985,0.01304013
0.00029024,0.0012181831,0.0124323275,0.10058392,0.15433528,0.09378042,0.1254323,0.22087477,0.10924327,0.1634982,0.009452415,0.008858656
0.0002180764,0.0027811225,0.049084302,0.28335962,0.14658324,0.0594058,0.16046982,0.15622982,0.039440297,0.096767925,0.0024364274,0.003223546
0.00027577823,0.0013752083,0.015008769,0.11931373,0.15764445,0.08936039,0.13433641,0.21696316,0.09636543,0.15382703,0.007943428,0.0075862603
0.00030449167,0.0011039064,0.010282026,0.083390355,0.15202399,0.09792704,0.11730009,0.22185615,0.12286242,0.17163661,0.011153303,0.010159567
0.00024202844,0.0049290457,0.098748736,0.38654172,0.11948128,0.04191517,0.14743431,0.112684496,0.020878032,0.06412613,0.0011009836,0.001918001
0.012555256,0.7232896,0.20518309,0.03130839,0.00509123,0.002047488,0.015771568,0.0013518822,0.0016226732,0.0010149105,0.00017656249,0.0005873213
0.00032347595,0.0009570415,0.0075594154,0.06022995,0.14717682,0.10348462,0.10490966,0.21841231,0.1485594,0.18163556,0.014597873,0.012153789
0.012986607,0.72379583,0.20475645,0.030948425,0.005035068,0.0020448256,0.015685456,0.0013621312,0.0016040602,0.0010151701,0.00017281268,0.00059311104
0.000330467,0.00094194466,0.0070279953,0.055652637,0.14643183,0.10520324,0.10232739,0.2164001,0.15544088,0.1822774,0.015506555,0.012459492
0.00029055943,0.0012027387,0.012441763,0.10102275,0.15387586,0.09375851,0.12507872,0.2211246,0.109053865,0.16379529,0.009409636,0.008945686
0.00031322666,0.0010577508,0.008950878,0.07191672,0.15098529,0.10068429,0.11238581,0.2208142,0.13389544,0.17549723,0.012636592,0.010862512
0.00034437122,0.00089873676,0.0060097943,0.04688511,0.14403678,0.108680025,0.09623908,0.21163456,0.17070362,0.18366623,0.017627595,0.013274147
0.00033856378,0.0009012109,0.006579745,0.05198005,0.14445984,0.10667704,0.09914007,0.21502443,0.16154288,0.18410967,0.0161898,0.013056734
0.0034699913,0.43328136,0.42346454,0.08782363,0.0107709225,0.0034023481,0.030098457,0.003024686,0.0018991812,0.0022211247,0.0001348937,0.00040887095
0.00022164427,0.005267861,0.110075004,0.40193143,0.114318274,0.03846267,0.14454027,0.10514006,0.01879761,0.058522392,0.0009937931,0.0017290721
0.0002292301,0.0035844494,0.070845075,0.34615672,0.1316018,0.05011089,0.15333572,0.13267402,0.028110098,0.079270616,0.0015810755,0.0025002903
0.00031213232,0.0010699712,0.009060519,0.07269217,0.15129574,0.1004257,0.11297927,0.22087647,0.13293953,0.17503913,0.012551184,0.010758173
0.00034523488,0.0008897486,0.0057136402,0.04434201,0.14393072,0.11003356,0.09471635,0.20927618,0.1759436,0.18305172,0.018374503,0.013382662
0.00027451105,0.0012874882,0.015068421,0.122068554,0.15455122,0.08897895,0.1320905,0.21832138,0.09579718,0.15571116,0.007853716,0.007996892
0.0002208299,0.0021649054,0.036527775,0.24274547,0.15022619,0.06627514,0.15794581,0.17547202,0.049636748,0.111445636,0.0032848238,0.004054634
0.0003914026,0.042492278,0.46864936,0.31554076,0.043705046,0.011498656,0.07455886,0.024884628,0.0039401315,0.01369738,0.00017374648,0.00046780604
0.015367716,0.7445917,0.18621753,0.02760864,0.004752345,0.0019737768,0.014689658,0.0013089887,0.0016516928,0.0009720344,0.00019100231,0.0006748959
0.0002656201,0.010431954,0.17030358,0.3748728,0.11388462,0.032835133,0.14734402,0.08659183,0.014984711,0.04647932,0.000764844,0.0012415897
0.00023740916,0.0018580751,0.027363287,0.19630773,0.15581578,0.07397833,0.1538442,0.19278644,0.06239137,0.12605745,0.0044016,0.0049582277
0.00034399526,0.00089749665,0.0056506456,0.043753132,0.14441626,0.11028821,0.094649695,0.20839491,0.17722961,0.1824217,0.018666232,0.013288102
0.000314261,0.0010118672,0.008947336,0.072575845,0.14956295,0.10054022,0.111331314,0.2215999,0.13352917,0.17690489,0.012453496,0.011228832
0.0003450034,0.0008834472,0.0054832227,0.04235266,0.14363134,0.110733196,0.09349498,0.20735455,0.18026097,0.18285733,0.01910574,0.013497593
0.00030487802,0.028744975,0.41407827,0.35670027,0.051466506,0.01345452,0.08286084,0.030758223,0.0045724176,0.016328882,0.00020206155,0.00052819424
0.0002659891,0.0013187493,0.016442599,0.13264927,0.15405476,0.086797446,0.13482279,0.21626869,0.09029223,0.15220806,0.0072456077,0.0076337894
0.0048953444,0.53147763,0.35419387,0.066623695,0.0085054375,0.0028521414,0.02514276,0.002260317,0.0017933676,0.001675669,0.00014258033,0.0004372274
0.00033696063,0.0009284215,0.0065969503,0.051926363,0.14573082,0.10679174,0.09995731,0.21446903,0.16156851,0.18263127,0.016323188,0.012739405
0.00025204857,0.0014326632,0.019508664,0.15410896,0.15411279,0.08251348,0.14103822,0.21022516,0.080050215,0.14386748,0.006157483,0.006732824
0.00033282864,0.00094300177,0.0068181306,0.053766336,0.14635924,0.10587752,0.10138578,0.21536517,0.15844107,0.18221353,0.015973035,0.012524353
0.018606829,0.7626192,0.16829562,0.025091158,0.00456412,0.0019538368,0.013914463,0.0013070287,0.0016901195,0.0009578637,0.00020688877,0.00079288456
0.00031733792,0.03301528,0.43783697,0.34531698,0.046759997,0.01230207,0.07780137,0.027102798,0.0041850214,0.014689084,0.00018603596,0.0004870874
0.00034344022,0.00090118573,0.0061979126,0.048507314,0.14414138,0.10807475,0.0971983,0.21285293,0.167656,0.1838058,0.01712002,0.013201008
0.00024225625,0.0071541695,0.14761156,0.4262389,0.10110151,0.03250004,0.1342402,0.08768417,0.0139915105,0.04716435,0.0006930095,0.001378383
0.009388206,0.68317395,0.23822011,0.03838457,0.005792462,0.0021944605,0.017910453,0.001496437,0.0016392341,0.0011312086,0.0001614398,0.0005074865
0.00032400645,0.0009559061,0.0077349436,0.06203573,0.14744192,0.10338078,0.10565746,0.21894772,0.14634635,0.18095009,0.014153122,0.012071958
0.00034443688,0.0009001641,0.0060987268,0.04766017,0.14416318,0.10855303,0.09670689,0.21214871,0.16925876,0.18358564,0.01735122,0.013229092
0.0058441753,0.579822,0.3186041,0.056925792,0.0075540147,0.0026231871,0.022827275,0.0019757987,0.0017480768,0.0014774444,0.00014672034,0.00045142783
0.00023031217,0.009544832,0.197635,0.43975016,0.08763892,0.026224684,0.12173445,0.06873105,0.0103200795,0.036670875,0.0004900635,0.0010295813
0.00023814588,0.0024146016,0.040017515,0.2532096,0.15010633,0.06520009,0.15836498,0.16979498,0.04631509,0.107592754,0.0029424413,0.003803523
0.011750082,0.7107055,0.2157942,0.033175644,0.0052680452,0.0020989208,0.016428696,0.0014064227,0.0015955929,0.0010550199,0.00016618476,0.0005555785
0.00034085516,0.0009070762,0.006345753,0.04981885,0.14454773,0.1074856,0.09815081,0.21362418,0.16526642,0.18364252,0.016796751,0.013073437
0.00021329953,0.0077471533,0.16129336,0.42452583,0.099921614,0.030081073,0.1346674,0.082714655,0.01321755,0.043751303,0.00065109535,0.0012157661
0.00034452838,0.0008956211,0.0058126515,0.04516458,0.1440231,0.109463744,0.09528175,0.21008003,0.17417818,0.1832538,0.018175436,0.013326562
0.00038466003,0.044248972,0.47531962,0.3194899,0.039752122,0.010832076,0.07048611,0.022562759,0.0036897669,0.012622978,0.00016240672,0.00044862853
0.0039742445,0.45720857,0.40908125,0.08005861,0.010178472,0.0032561712,0.02879074,0.0029423465,0.0018264769,0.0021370363,0.0001299927,0.0004160744
0.00790618,0.6517867,0.26315045,0.04388494,0.006308079,0.0023241045,0.019454325,0.0016233724,0.0016893196,0.0012264544,0.0001575926,0.0004884136
0.00024334654,0.0015730448,0.022011288,0.16845608,0.15553302,0.079382315,0.14641568,0.20430456,0.0733608,0.13726667,0.005474761,0.0059783645
0.00025764943,0.001655235,0.019483225,0.14663385,0.16150932,0.08309631,0.1461636,0.2074406,0.0806312,0.140866,0.0062241075,0.0060389293
0.0003460178,0.0008730343,0.004811796,0.03630367,0.14288837,0.11483326,0.08896223,0.19931339,0.19617267,0.17992863,0.021734178,0.013832824
0.0003449814,0.0008842632,0.005501506,0.04253011,0.143788,0.1107473,0.093615256,0.2074783,0.17988463,0.18273175,0.019026872,0.013467018
0.00034438193,0.0008927673,0.005647206,0.04373028,0.14407805,0.11019397,0.094487906,0.2086037,0.17723836,0.18277851,0.0186481,0.013356822
0.012426751,0.70508397,0.219705,0.03365401,0.005348079,0.0021485211,0.016758563,0.001508039,0.0015551335,0.0010956214,0.0001548575,0.000561405
0.0003271122,0.0009695513,0.007354929,0.058481112,0.1478668,0.10466036,0.10449559,0.21723789,0.15128796,0.18038982,0.014894713,0.0120342085
0.01683922,0.75381076,0.17739047,0.026337242,0.004628984,0.0019505306,0.01423562,0.0013000624,0.0016458357,0.00095563754,0.00019496949,0.0007106665
0.00022168469,0.008541073,0.17860022,0.43439743,0.09317778,0.02810998,0.12800439,0.075569786,0.011650283,0.040046595,0.0005596713,0.0011210887
