

----------------------------------------------------------------------------
Training SAINT Vesion 1 with Dataset: config/boston.yml 



----------------------------------------------------------------------------
Running Mode: Nested CV with Hyperparameter Optimization
Arguements: Namespace(batch_size=32, bin_alt=None, cat_dims=[2], cat_idx=[0], class_comp=False, class_weights=None, config='config/boston.yml', data_parallel=False, dataset='Boston', direction='minimize', dropna_idx=None, early_stopping_rounds=20, epochs=100, frequency_reg=False, gpu_ids=[0, 1], logging_period=100, miss_cat_idx=None, miss_num_idx=None, model_name='SAINT', n_trials=5, nominal_idx=[3], num_bins=10, num_classes=1, num_features=13, num_idx=None, num_splits=5, objective='regression', one_hot_encode=True, optimize_hyperparameters=True, ordinal_encode=False, ordinal_idx=None, outer_splits=2, save_results=False, scale=True, seed=221, shuffle=True, target_encode=False, use_gpu=True, val_batch_size=64, weighted_loss=False, y_distribution='skewed')
--- Running Nested Cross-Validation with Hyperparameter Optimization ---
Loading dataset Boston...
Dataset loaded! 

(506, 13)
X : [[1.8836e-01 0.0000e+00 6.9100e+00 0.0000e+00 4.4800e-01 5.7860e+00
  3.3300e+01 5.1004e+00 3.0000e+00 2.3300e+02 1.7900e+01 3.9690e+02
  1.4150e+01]
 [1.5086e-01 0.0000e+00 2.7740e+01 0.0000e+00 6.0900e-01 5.4540e+00
  9.2700e+01 1.8209e+00 4.0000e+00 7.1100e+02 2.0100e+01 3.9509e+02
  1.8060e+01]
 [1.1329e-01 3.0000e+01 4.9300e+00 0.0000e+00 4.2800e-01 6.8970e+00
  5.4300e+01 6.3361e+00 6.0000e+00 3.0000e+02 1.6600e+01 3.9125e+02
  1.1380e+01]
 [3.4109e-01 0.0000e+00 7.3800e+00 0.0000e+00 4.9300e-01 6.4150e+00
  4.0100e+01 4.7211e+00 5.0000e+00 2.8700e+02 1.9600e+01 3.9690e+02
  6.1200e+00]
 [3.8710e-02 5.2500e+01 5.3200e+00 0.0000e+00 4.0500e-01 6.2090e+00
  3.1300e+01 7.3172e+00 6.0000e+00 2.9300e+02 1.6600e+01 3.9690e+02
  7.1400e+00]]
X : [20.  15.2 22.  25.  23.2]
--- Starting Nested Cross-Validation (2 Outer Folds, 5 Inner Folds) ---
Hyperparameter Optimization per Outer Fold: True

--- Outer Fold 1/2 ---
Starting Hyperparameter Optimization for Outer Fold 1...
  outer_1_inner Fold 1/5
Before Debugging -- Inner Fold 1
DEBUG Inner Fold 1: num_features: 13
DEBUG Inner Fold 1: num_classes: 1
DEBUG Inner Fold 1: cat_idx: [0]
DEBUG Inner Fold 1: nominal_idx: [3]
DEBUG Inner Fold 1: ordinal_idx: None
DEBUG Inner Fold 1: num_idx: None
DEBUG Inner Fold 1: cat_dims: [2]
DEBUG Inner Fold 1: bin_alt: None
~~~~~~~~~~~~~~~~~~~~~~~~~~~~~~~~~~~~~~~~~~~~~~~~~~~~~~~~~~~~~~~~~~~~~~~~~~~~~~~
BEFORE ANY ENCODING
num_features :13
num_classes : 1
cat_idx : [0]
nominal_idx : [3]
ordinal_idx : None
num_idx : None
cat_dims : [2]
bin_alt : None 


X_train shape : (161, 13)
~~~~~~~~~~~~~~~~~~~~~~~~~~~~~~~~~~~~~~~~~~~~~~~~~~~~~~~~~~~~~~~~~~~~~~~~~~~~~~~
~~~~~~~~~~~~~~~~~~~~~~~~~~~~~~~~~~~~~~~~~~~~~~~~~~~~~~~~~~~~~~~~~~~~~~~~~~~~~~~
AFTER getting cat idx
Nominal Index : [3]
Ordinal Index : None
Cat Idx : [0]
Cat dims : [2]
~~~~~~~~~~~~~~~~~~~~~~~~~~~~~~~~~~~~~~~~~~~~~~~~~~~~~~~~~~~~~~~~~~~~~~~~~~~~~~~
BEFORE getting cat idx
Nominal Index : [3]
Ordinal Index : None
Cat Idx : [3]
Cat dims : []
~~~~~~~~~~~~~~~~~~~~~~~~~~~~~~~~~~~~~~~~~~~~~~~~~~~~~~~~~~~~~~~~~~~~~~~~~~~~~~~ 


AFTER SEPARATING CATEGORICALS AND NUMERICALS
Ordinal Index : None
Numerical Index V1 : [0, 1, 2, 4, 5, 6, 7, 8, 9, 10, 11, 12]
Cat Idx V1 : [3] 
Cat Dims V1 : []
 

~~~~~~~~~~~~~~~~~~~~~~~~~~~~~~~~~~~~~~~~~~~~~~~~~~~~~~~~~~~~~~~~~~~~~~~~~~~~~~~ 


Scaling the data...
One Hot Encoding...
Ord : None, Nom : [3], Num : [0, 1, 2, 4, 5, 6, 7, 8, 9, 10, 11, 12]
Num idx: [2, 3, 4, 5, 6, 7, 8, 9, 10, 11, 12, 13]
Ord : None, Nom : [0, 1], Num : [2, 3, 4, 5, 6, 7, 8, 9, 10, 11, 12, 13]
Nominal : (2, 2)
~~~~~~~~~~~~~~~~~~~~~~~~~~~~~~~~~~~~~~~~~~~~~~~~~~~~~~~~~~~~~~~~~~~~~~~~~~~~~~~
After OHE
Numerical Index V2 : [2, 3, 4, 5, 6, 7, 8, 9, 10, 11, 12, 13] 


OHE Idx : [0, 1]


Ordinal Idx V2: None


Cat Dims V2 : []
Cat Idx V2 : [3] 
 

Train: [[ 1.          0.         -0.4474006  -0.531099   -0.49746357]
 [ 1.          0.         -0.45386968 -0.531099    2.47958591]
 [ 1.          0.         -0.42105335 -0.531099   -0.43029059]
 [ 1.          0.         -0.47321653  1.68137724 -0.72470835]
 [ 1.          0.         -0.47650454  2.84029336 -1.23350797]
 [ 1.          0.         -0.4726438   0.64888833  0.66448613]
 [ 1.          0.         -0.41054239 -0.531099   -0.07012906]
 [ 1.          0.         -0.46928333 -0.531099   -0.74328811]
 [ 1.          0.          3.09383027 -0.531099    1.10182513]
 [ 1.          0.         -0.46545536  1.3653092  -0.99340028]] 
 
 
Val : (161, 14) 
 

~~~~~~~~~~~~~~~~~~~~~~~~~~~~~~~~~~~~~~~~~~~~~~~~~~~~~~~~~~~~~~~~~~~~~~~~~~~~~~~
Cat Idx V3 : [0, 1] 
 

~~~~~~~~~~~~~~~~~~~~~~~~~~~~~~~~~~~~~~~~~~~~~~~~~~~~~~~~~~~~~~~~~~~~~~~~~~~~~~~
After ORDINAL
Numerical Index V2 : [2, 3, 4, 5, 6, 7, 8, 9, 10, 11, 12, 13] 


OHE Idx : [0, 1]


Ordinal Idx V2: None


Cat Dims V2 : [3, 3]
Cat Idx V2 : [0, 1] 
 

Train: [[ 1.00000000e+00  0.00000000e+00 -4.47400601e-01 -5.31098998e-01
  -4.97463572e-01 -8.27964537e-01 -8.12535881e-01 -1.24105249e+00
   4.95908065e-01 -6.98040889e-01 -9.66072145e-01 -3.39995663e-01
   4.55594017e-01  2.70443831e-01]
 [ 1.00000000e+00  0.00000000e+00 -4.53869677e-01 -5.31098998e-01
   2.47958591e+00  6.02899232e-01 -1.31207200e+00  9.30431742e-01
  -9.78130451e-01 -5.77585816e-01  1.94435965e+00  7.89708500e-01
   4.37102501e-01  8.43126474e-01]
 [ 1.00000000e+00  0.00000000e+00 -4.21053348e-01 -5.31098998e-01
  -4.30290588e-01 -4.28033670e-01  1.33874408e-01 -9.92465066e-01
   3.25423903e-01 -4.57130743e-01 -6.37278595e-01  5.32957554e-01
   4.55594017e-01 -9.05679346e-01]
 [ 1.00000000e+00  0.00000000e+00 -4.73216527e-01  1.68137724e+00
  -7.24708347e-01 -1.21012070e+00 -1.76078723e-01 -1.31416643e+00
   1.49229428e+00 -3.36675670e-01 -6.00745978e-01 -1.00754812e+00
   4.55594017e-01 -7.56283874e-01]
 [ 1.00000000e+00  0.00000000e+00 -4.76504543e-01  2.84029336e+00
  -1.23350797e+00 -1.38786775e+00 -1.44481560e-01 -1.30685504e+00
   2.28875601e+00 -9.38951035e-01 -9.17361989e-01 -1.85945095e-01
  -1.09367794e-01  9.17551292e-02]
 [ 1.00000000e+00  0.00000000e+00 -4.72643798e-01  6.48888327e-01
   6.64486129e-01 -6.85766895e-01  1.74499333e-01 -4.98945924e-01
  -1.48857372e-01 -5.77585816e-01 -7.40787676e-01 -1.85945095e-01
   4.36285196e-01 -6.06888402e-01]
 [ 1.00000000e+00  0.00000000e+00 -4.10542394e-01 -5.31098998e-01
  -7.01290568e-02  2.52213131e-02  8.42217216e-02 -1.77108319e-03
  -2.08816737e-01 -5.77585816e-01 -5.33769515e-01 -8.32447167e-02
   4.38328457e-01 -2.84662874e-01]
 [ 1.00000000e+00  0.00000000e+00 -4.69283329e-01 -5.31098998e-01
  -7.43288108e-01 -2.32511912e-01 -5.38693794e-01 -3.19816753e-01
   3.66370666e-01 -4.57130743e-01 -1.02087107e+00  8.41058689e-01
   4.55594017e-01 -4.41381654e-01]
 [ 1.00000000e+00  0.00000000e+00  3.09383027e+00 -5.31098998e-01
   1.10182513e+00  1.04726686e+00 -3.29216093e+00  1.19729765e+00
  -1.26705009e+00  1.83151564e+00  1.67036502e+00  8.41058689e-01
   1.83022930e-01  1.61646774e+00]
 [ 1.00000000e+00  0.00000000e+00 -4.65455361e-01  1.36530920e+00
  -9.93400283e-01 -9.25725415e-01  1.29243708e+00 -1.03633343e+00
   2.56025657e-01 -4.57130743e-01  3.85748126e-02 -1.72645077e+00
   4.55594017e-01 -1.01259964e+00]] 
 
 
Val : (161, 14) 
 

FINISHED ENCODING
~~~~~~~~~~~~~~~~~~~~~~~~~~~~~~~~~~~~~~~~~~~~~~~~~~~~~~~~~~~~~~~~~~~~~~~~~~~~~~~


~~~~~~~~~~~~~~~~~~~~~~~~~~~~~~~~~~~~~~~~~~~~~~~~~~~~~~~~~~~~~~~~~~~~~~~~~~~~~~~
Test numpy array issues
X dtype: float64
X Val dtype: float64
X dtype: float32
X Val dtype: float32
After Debugging -- Inner Fold 1
DEBUG Inner Fold 1: num_features: 14
DEBUG Inner Fold 1: num_classes: 1
DEBUG Inner Fold 1: cat_idx: [0, 1]
DEBUG Inner Fold 1: nominal_idx: [0, 1]
DEBUG Inner Fold 1: ordinal_idx: None
DEBUG Inner Fold 1: num_idx: [2, 3, 4, 5, 6, 7, 8, 9, 10, 11, 12, 13]
DEBUG Inner Fold 1: cat_dims: [3, 3]
DEBUG Inner Fold 1: bin_alt: None
In get_device
Using dim 128 and batch size 32
**** Data b4 Fitting ****
Epoch 0 loss 339.48858642578125
Epoch 1 loss 257.94671630859375
Epoch 2 loss 150.4644775390625
Epoch 3 loss 45.9905891418457
Epoch 4 loss 73.21937561035156
Epoch 5 loss 44.04240417480469
Epoch 6 loss 25.581119537353516
Epoch 7 loss 24.52993392944336
Epoch 8 loss 24.734901428222656
Epoch 9 loss 23.21699333190918
Epoch 10 loss 21.745803833007812
Epoch 11 loss 20.050540924072266
Epoch 12 loss 37.464698791503906
Epoch 13 loss 18.03510856628418
Epoch 14 loss 18.431467056274414
Epoch 15 loss 18.42318344116211
Epoch 16 loss 16.58079719543457
Epoch 17 loss 16.307170867919922
Epoch 18 loss 16.54295539855957
Epoch 19 loss 17.894573211669922
Epoch 20 loss 16.399892807006836
Epoch 21 loss 17.58196449279785
Epoch 22 loss 15.919520378112793
Epoch 23 loss 15.815707206726074
Epoch 24 loss 15.637213706970215
Epoch 25 loss 15.257225036621094
Epoch 26 loss 15.410762786865234
Epoch 27 loss 14.938438415527344
Epoch 28 loss 14.779239654541016
Epoch 29 loss 15.707287788391113
Epoch 30 loss 15.085243225097656
Epoch 31 loss 15.252668380737305
Epoch 32 loss 14.969047546386719
Epoch 33 loss 15.307562828063965
Epoch 34 loss 15.296165466308594
Epoch 35 loss 15.867206573486328
Epoch 36 loss 15.473004341125488
Epoch 37 loss 15.312535285949707
Epoch 38 loss 14.767644882202148
Epoch 39 loss 17.592130661010742
Epoch 40 loss 16.39345932006836
Epoch 41 loss 15.867000579833984
Epoch 42 loss 16.510997772216797
Epoch 43 loss 15.381540298461914
Epoch 44 loss 15.600798606872559
Epoch 45 loss 15.391188621520996
Epoch 46 loss 16.163599014282227
Epoch 47 loss 18.257951736450195
Epoch 48 loss 27.30228042602539
Epoch 49 loss 17.90285301208496
Epoch 50 loss 19.101072311401367
Epoch 51 loss 15.934897422790527
Epoch 52 loss 16.1746826171875
Epoch 53 loss 17.707538604736328
Epoch 54 loss 15.757543563842773
Epoch 55 loss 15.436426162719727
Epoch 56 loss 18.378786087036133
Epoch 57 loss 15.423839569091797
Epoch 58 loss 15.230340003967285
Epoch 59 loss 18.94479751586914
Validation loss has not improved for 20 steps!
Early stopping applies.
Inner Fold 1 Results: {'MSE - mean': 14.767643505779123, 'MSE - std': 0.0, 'R2 - mean': 0.6795292377866464, 'R2 - std': 0.0}
  outer_1_inner Fold 2/5
Before Debugging -- Inner Fold 2
DEBUG Inner Fold 2: num_features: 13
DEBUG Inner Fold 2: num_classes: 1
DEBUG Inner Fold 2: cat_idx: [0]
DEBUG Inner Fold 2: nominal_idx: [3]
DEBUG Inner Fold 2: ordinal_idx: None
DEBUG Inner Fold 2: num_idx: None
DEBUG Inner Fold 2: cat_dims: [2]
DEBUG Inner Fold 2: bin_alt: None
~~~~~~~~~~~~~~~~~~~~~~~~~~~~~~~~~~~~~~~~~~~~~~~~~~~~~~~~~~~~~~~~~~~~~~~~~~~~~~~
BEFORE ANY ENCODING
num_features :13
num_classes : 1
cat_idx : [0]
nominal_idx : [3]
ordinal_idx : None
num_idx : None
cat_dims : [2]
bin_alt : None 


X_train shape : (161, 13)
~~~~~~~~~~~~~~~~~~~~~~~~~~~~~~~~~~~~~~~~~~~~~~~~~~~~~~~~~~~~~~~~~~~~~~~~~~~~~~~
~~~~~~~~~~~~~~~~~~~~~~~~~~~~~~~~~~~~~~~~~~~~~~~~~~~~~~~~~~~~~~~~~~~~~~~~~~~~~~~
AFTER getting cat idx
Nominal Index : [3]
Ordinal Index : None
Cat Idx : [0]
Cat dims : [2]
~~~~~~~~~~~~~~~~~~~~~~~~~~~~~~~~~~~~~~~~~~~~~~~~~~~~~~~~~~~~~~~~~~~~~~~~~~~~~~~
BEFORE getting cat idx
Nominal Index : [3]
Ordinal Index : None
Cat Idx : [3]
Cat dims : []
~~~~~~~~~~~~~~~~~~~~~~~~~~~~~~~~~~~~~~~~~~~~~~~~~~~~~~~~~~~~~~~~~~~~~~~~~~~~~~~ 


AFTER SEPARATING CATEGORICALS AND NUMERICALS
Ordinal Index : None
Numerical Index V1 : [0, 1, 2, 4, 5, 6, 7, 8, 9, 10, 11, 12]
Cat Idx V1 : [3] 
Cat Dims V1 : []
 

~~~~~~~~~~~~~~~~~~~~~~~~~~~~~~~~~~~~~~~~~~~~~~~~~~~~~~~~~~~~~~~~~~~~~~~~~~~~~~~ 


Scaling the data...
One Hot Encoding...
Ord : None, Nom : [3], Num : [0, 1, 2, 4, 5, 6, 7, 8, 9, 10, 11, 12]
Num idx: [2, 3, 4, 5, 6, 7, 8, 9, 10, 11, 12, 13]
Ord : None, Nom : [0, 1], Num : [2, 3, 4, 5, 6, 7, 8, 9, 10, 11, 12, 13]
Nominal : (2, 2)
~~~~~~~~~~~~~~~~~~~~~~~~~~~~~~~~~~~~~~~~~~~~~~~~~~~~~~~~~~~~~~~~~~~~~~~~~~~~~~~
After OHE
Numerical Index V2 : [2, 3, 4, 5, 6, 7, 8, 9, 10, 11, 12, 13] 


OHE Idx : [0, 1]


Ordinal Idx V2: None


Cat Dims V2 : []
Cat Idx V2 : [3] 
 

Train: [[ 1.          0.         -0.47043566 -0.51238732 -0.60726285]
 [ 1.          0.         -0.47758084 -0.51238732  2.29663831]
 [ 1.          0.         -0.48473936  0.95157645 -0.88329379]
 [ 1.          0.         -0.44133476 -0.51238732 -0.54174036]
 [ 1.          0.         -0.4989497   2.04954929 -0.82892406]
 [ 1.          0.          4.95369846 -0.51238732  0.95273014]
 [ 1.          0.         -0.35661958  0.46358853 -1.01712696]
 [ 1.          0.         -0.50258135  3.39151608 -1.32522209]
 [ 1.          0.         -0.49831711  0.85397887  0.52613688]
 [ 1.          0.         -0.42972527 -0.51238732 -0.19042827]] 
 
 
Val : (161, 14) 
 

~~~~~~~~~~~~~~~~~~~~~~~~~~~~~~~~~~~~~~~~~~~~~~~~~~~~~~~~~~~~~~~~~~~~~~~~~~~~~~~
Cat Idx V3 : [0, 1] 
 

~~~~~~~~~~~~~~~~~~~~~~~~~~~~~~~~~~~~~~~~~~~~~~~~~~~~~~~~~~~~~~~~~~~~~~~~~~~~~~~
After ORDINAL
Numerical Index V2 : [2, 3, 4, 5, 6, 7, 8, 9, 10, 11, 12, 13] 


OHE Idx : [0, 1]


Ordinal Idx V2: None


Cat Dims V2 : [3, 3]
Cat Idx V2 : [0, 1] 
 

Train: [[ 1.          0.         -0.47043566 -0.51238732 -0.60726285 -0.91296476
  -0.78903711 -1.33573963  0.64652443 -0.71556039 -0.97959156 -0.41048224
   0.45457945  0.21377024]
 [ 1.          0.         -0.47758084 -0.51238732  2.29663831  0.54477576
  -1.33257928  0.88466543 -0.94549104 -0.59567982  1.82270593  0.72539909
   0.43581215  0.83129272]
 [ 1.          0.         -0.48473936  0.95157645 -0.88329379 -1.09405054
   1.02986457 -0.55074794  1.24638828 -0.3559187  -0.5868009  -1.08168484
   0.39599644 -0.22370733]
 [ 1.          0.         -0.44133476 -0.51238732 -0.54174036 -0.50552176
   0.24074611 -1.08155184  0.4623953  -0.47579926 -0.66301402  0.46724424
   0.45457945 -1.05444091]
 [ 1.          0.         -0.4989497   2.04954929 -0.82892406 -1.30229918
  -0.09651199 -1.41050074  1.72265795 -0.3559187  -0.62783873 -1.08168484
   0.45457945 -0.89334809]
 [ 1.          0.          4.95369846 -0.51238732  0.95273014  0.43612429
  -1.82209467  1.1575435  -1.05787146  1.80193147  1.55889132  0.77703005
  -1.47326827  1.15031969]
 [ 1.          0.         -0.35661958  0.46358853 -1.01712696  0.88883874
   1.22141407  0.58188292 -0.79403234 -0.47579926 -0.7978526  -2.94039974
   0.32154935  0.31484809]
 [ 1.          0.         -0.50258135  3.39151608 -1.32522209 -1.48338496
  -0.06213131 -1.40302463  2.58286573 -0.95532152 -0.93269118 -0.25558933
  -0.11880827  0.02109058]
 [ 1.          0.         -0.49831711  0.85397887  0.52613688 -0.76809614
   0.28494984 -0.57691433 -0.04984581 -0.59567982 -0.76267732 -0.25558933
   0.43498266 -0.73225527]
 [ 1.          0.         -0.42972527 -0.51238732 -0.19042827 -0.04375302
   0.18671933 -0.06853876 -0.11460412 -0.59567982 -0.56335072 -0.15232739
   0.43705639 -0.38480016]] 
 
 
Val : (161, 14) 
 

FINISHED ENCODING
~~~~~~~~~~~~~~~~~~~~~~~~~~~~~~~~~~~~~~~~~~~~~~~~~~~~~~~~~~~~~~~~~~~~~~~~~~~~~~~


~~~~~~~~~~~~~~~~~~~~~~~~~~~~~~~~~~~~~~~~~~~~~~~~~~~~~~~~~~~~~~~~~~~~~~~~~~~~~~~
Test numpy array issues
X dtype: float64
X Val dtype: float64
X dtype: float32
X Val dtype: float32
After Debugging -- Inner Fold 2
DEBUG Inner Fold 2: num_features: 14
DEBUG Inner Fold 2: num_classes: 1
DEBUG Inner Fold 2: cat_idx: [0, 1]
DEBUG Inner Fold 2: nominal_idx: [0, 1]
DEBUG Inner Fold 2: ordinal_idx: None
DEBUG Inner Fold 2: num_idx: [2, 3, 4, 5, 6, 7, 8, 9, 10, 11, 12, 13]
DEBUG Inner Fold 2: cat_dims: [3, 3]
DEBUG Inner Fold 2: bin_alt: None
In get_device
Using dim 128 and batch size 32
**** Data b4 Fitting ****
Epoch 0 loss 465.4869689941406
Epoch 1 loss 383.5120544433594
Epoch 2 loss 263.0201721191406
Epoch 3 loss 119.1492919921875
Epoch 4 loss 63.740150451660156
Epoch 5 loss 57.61990737915039
Epoch 6 loss 43.920066833496094
Epoch 7 loss 40.37554931640625
Epoch 8 loss 33.56641387939453
Epoch 9 loss 32.37070846557617
Epoch 10 loss 29.09252166748047
Epoch 11 loss 29.26067543029785
Epoch 12 loss 24.095226287841797
Epoch 13 loss 23.83259391784668
Epoch 14 loss 21.283933639526367
Epoch 15 loss 21.580821990966797
Epoch 16 loss 20.117191314697266
Epoch 17 loss 18.39792251586914
Epoch 18 loss 17.74633026123047
Epoch 19 loss 16.396896362304688
Epoch 20 loss 16.013874053955078
Epoch 21 loss 16.413578033447266
Epoch 22 loss 15.377518653869629
Epoch 23 loss 16.20621109008789
Epoch 24 loss 14.851433753967285
Epoch 25 loss 17.34661102294922
Epoch 26 loss 14.701465606689453
Epoch 27 loss 14.391931533813477
Epoch 28 loss 13.005831718444824
Epoch 29 loss 13.661959648132324
Epoch 30 loss 15.921854972839355
Epoch 31 loss 13.94472885131836
Epoch 32 loss 14.411813735961914
Epoch 33 loss 15.930190086364746
Epoch 34 loss 13.606337547302246
Epoch 35 loss 14.317569732666016
Epoch 36 loss 14.684786796569824
Epoch 37 loss 13.701241493225098
Epoch 38 loss 19.54277229309082
Epoch 39 loss 12.856431007385254
Epoch 40 loss 12.232003211975098
Epoch 41 loss 12.22757339477539
Epoch 42 loss 11.601727485656738
Epoch 43 loss 12.02157974243164
Epoch 44 loss 16.836196899414062
Epoch 45 loss 15.192588806152344
Epoch 46 loss 15.413049697875977
Epoch 47 loss 27.395286560058594
Epoch 48 loss 13.586106300354004
Epoch 49 loss 13.239747047424316
Epoch 50 loss 13.007149696350098
Epoch 51 loss 12.852142333984375
Epoch 52 loss 14.496831893920898
Epoch 53 loss 13.214247703552246
Epoch 54 loss 14.122015953063965
Epoch 55 loss 16.80849266052246
Epoch 56 loss 14.690531730651855
Epoch 57 loss 14.279618263244629
Epoch 58 loss 16.164987564086914
Epoch 59 loss 13.275404930114746
Epoch 60 loss 14.850189208984375
Epoch 61 loss 12.542250633239746
Epoch 62 loss 12.979545593261719
Epoch 63 loss 14.033768653869629
Validation loss has not improved for 20 steps!
Early stopping applies.
Inner Fold 2 Results: {'MSE - mean': 13.184684596503423, 'MSE - std': 1.5829589092757006, 'R2 - mean': 0.759254352961849, 'R2 - std': 0.07972511517520248}
  outer_1_inner Fold 3/5
Before Debugging -- Inner Fold 3
DEBUG Inner Fold 3: num_features: 13
DEBUG Inner Fold 3: num_classes: 1
DEBUG Inner Fold 3: cat_idx: [0]
DEBUG Inner Fold 3: nominal_idx: [3]
DEBUG Inner Fold 3: ordinal_idx: None
DEBUG Inner Fold 3: num_idx: None
DEBUG Inner Fold 3: cat_dims: [2]
DEBUG Inner Fold 3: bin_alt: None
~~~~~~~~~~~~~~~~~~~~~~~~~~~~~~~~~~~~~~~~~~~~~~~~~~~~~~~~~~~~~~~~~~~~~~~~~~~~~~~
BEFORE ANY ENCODING
num_features :13
num_classes : 1
cat_idx : [0]
nominal_idx : [3]
ordinal_idx : None
num_idx : None
cat_dims : [2]
bin_alt : None 


X_train shape : (162, 13)
~~~~~~~~~~~~~~~~~~~~~~~~~~~~~~~~~~~~~~~~~~~~~~~~~~~~~~~~~~~~~~~~~~~~~~~~~~~~~~~
~~~~~~~~~~~~~~~~~~~~~~~~~~~~~~~~~~~~~~~~~~~~~~~~~~~~~~~~~~~~~~~~~~~~~~~~~~~~~~~
AFTER getting cat idx
Nominal Index : [3]
Ordinal Index : None
Cat Idx : [0]
Cat dims : [2]
~~~~~~~~~~~~~~~~~~~~~~~~~~~~~~~~~~~~~~~~~~~~~~~~~~~~~~~~~~~~~~~~~~~~~~~~~~~~~~~
BEFORE getting cat idx
Nominal Index : [3]
Ordinal Index : None
Cat Idx : [3]
Cat dims : []
~~~~~~~~~~~~~~~~~~~~~~~~~~~~~~~~~~~~~~~~~~~~~~~~~~~~~~~~~~~~~~~~~~~~~~~~~~~~~~~ 


AFTER SEPARATING CATEGORICALS AND NUMERICALS
Ordinal Index : None
Numerical Index V1 : [0, 1, 2, 4, 5, 6, 7, 8, 9, 10, 11, 12]
Cat Idx V1 : [3] 
Cat Dims V1 : []
 

~~~~~~~~~~~~~~~~~~~~~~~~~~~~~~~~~~~~~~~~~~~~~~~~~~~~~~~~~~~~~~~~~~~~~~~~~~~~~~~ 


Scaling the data...
One Hot Encoding...
Ord : None, Nom : [3], Num : [0, 1, 2, 4, 5, 6, 7, 8, 9, 10, 11, 12]
Num idx: [2, 3, 4, 5, 6, 7, 8, 9, 10, 11, 12, 13]
Ord : None, Nom : [0, 1], Num : [2, 3, 4, 5, 6, 7, 8, 9, 10, 11, 12, 13]
Nominal : (2, 2)
~~~~~~~~~~~~~~~~~~~~~~~~~~~~~~~~~~~~~~~~~~~~~~~~~~~~~~~~~~~~~~~~~~~~~~~~~~~~~~~
After OHE
Numerical Index V2 : [2, 3, 4, 5, 6, 7, 8, 9, 10, 11, 12, 13] 


OHE Idx : [0, 1]


Ordinal Idx V2: None


Cat Dims V2 : []
Cat Idx V2 : [3] 
 

Train: [[ 1.          0.         -0.46487457  0.86360877 -0.82719518]
 [ 1.          0.         -0.42812484 -0.50710926 -0.4760875 ]
 [ 1.          0.         -0.47690615  1.89164729 -0.77130457]
 [ 1.          0.          4.13973195 -0.50710926  1.06018772]
 [ 1.          0.         -0.35639835  0.40670276 -0.96477206]
 [ 1.          0.         -0.479981    3.14813882 -1.28148552]
 [ 1.          0.         -0.47637055  0.77222757  0.6216614 ]
 [ 1.          0.         -0.41829534 -0.50710926 -0.11494818]
 [ 1.          0.          2.85887985 -0.50710926  1.06018772]
 [ 1.          0.         -0.46964816  1.54896778 -1.04072597]] 
 
 
Val : (162, 14) 
 

~~~~~~~~~~~~~~~~~~~~~~~~~~~~~~~~~~~~~~~~~~~~~~~~~~~~~~~~~~~~~~~~~~~~~~~~~~~~~~~
Cat Idx V3 : [0, 1] 
 

~~~~~~~~~~~~~~~~~~~~~~~~~~~~~~~~~~~~~~~~~~~~~~~~~~~~~~~~~~~~~~~~~~~~~~~~~~~~~~~
After ORDINAL
Numerical Index V2 : [2, 3, 4, 5, 6, 7, 8, 9, 10, 11, 12, 13] 


OHE Idx : [0, 1]


Ordinal Idx V2: None


Cat Dims V2 : [3, 3]
Cat Idx V2 : [0, 1] 
 

Train: [[ 1.          0.         -0.46487457  0.86360877 -0.82719518 -1.05691521
   0.93726893 -0.51666698  1.08460711 -0.36601898 -0.60729352 -1.08147
   0.39485743 -0.19902142]
 [ 1.          0.         -0.42812484 -0.50710926 -0.4760875  -0.46890247
   0.19735419 -1.04089983  0.34631593 -0.4850854  -0.68456741  0.47492449
   0.45824087 -1.01522191]
 [ 1.          0.         -0.47690615  1.89164729 -0.77130457 -1.26498125
  -0.11887494 -1.36577653  1.53311329 -0.36601898 -0.64890254 -1.08147
   0.45824087 -0.85694729]
 [ 1.          0.          4.13973195 -0.50710926  1.06018772  0.47191792
  -1.73686278  1.17047677 -1.08532895  1.77717651  1.56826369  0.78620339
  -1.62757913  1.15096797]
 [ 1.          0.         -0.35639835  0.40670276 -0.96477206  0.92423541
   1.11687479  0.60194255 -0.83686997 -0.4850854  -0.82128276 -2.94914339
   0.31430998  0.33011235]
 [ 1.          0.         -0.479981    3.14813882 -1.28148552 -1.44590825
  -0.08663799 -1.35839297  2.34317643 -0.96135106 -0.9579981  -0.25139294
  -0.16213156  0.04149393]
 [ 1.          0.         -0.47637055  0.77222757  0.6216614  -0.73124661
   0.23880169 -0.54250944 -0.13606478 -0.60415182 -0.78561788 -0.25139294
   0.43703827 -0.69867267]
 [ 1.          0.         -0.41829534 -0.50710926 -0.11494818 -0.00753862
   0.14669612 -0.04042728 -0.19704809 -0.60415182 -0.58351694 -0.1476333
   0.43928193 -0.35729604]
 [ 1.          0.          2.85887985 -0.50710926  1.06018772  1.03279161
  -3.29805219  1.17047677 -1.2733532   1.77717651  1.56826369  0.78620339
   0.15893642  1.65682606]
 [ 1.          0.         -0.46964816  1.54896778 -1.04072597 -0.97549806
   1.37937567 -1.0852012   0.27573255 -0.4850854  -0.02476727 -1.80778743
   0.45824087 -1.12849688]] 
 
 
Val : (162, 14) 
 

FINISHED ENCODING
~~~~~~~~~~~~~~~~~~~~~~~~~~~~~~~~~~~~~~~~~~~~~~~~~~~~~~~~~~~~~~~~~~~~~~~~~~~~~~~


~~~~~~~~~~~~~~~~~~~~~~~~~~~~~~~~~~~~~~~~~~~~~~~~~~~~~~~~~~~~~~~~~~~~~~~~~~~~~~~
Test numpy array issues
X dtype: float64
X Val dtype: float64
X dtype: float32
X Val dtype: float32
After Debugging -- Inner Fold 3
DEBUG Inner Fold 3: num_features: 14
DEBUG Inner Fold 3: num_classes: 1
DEBUG Inner Fold 3: cat_idx: [0, 1]
DEBUG Inner Fold 3: nominal_idx: [0, 1]
DEBUG Inner Fold 3: ordinal_idx: None
DEBUG Inner Fold 3: num_idx: [2, 3, 4, 5, 6, 7, 8, 9, 10, 11, 12, 13]
DEBUG Inner Fold 3: cat_dims: [3, 3]
DEBUG Inner Fold 3: bin_alt: None
In get_device
Using dim 128 and batch size 32
**** Data b4 Fitting ****
Epoch 0 loss 462.60284423828125
Epoch 1 loss 361.812255859375
Epoch 2 loss 222.9794464111328
Epoch 3 loss 81.0415267944336
Epoch 4 loss 74.87859344482422
Epoch 5 loss 50.52785873413086
Epoch 6 loss 59.9544792175293
Epoch 7 loss 55.391387939453125
Epoch 8 loss 44.92251205444336
Epoch 9 loss 45.51292037963867
Epoch 10 loss 44.301570892333984
Epoch 11 loss 42.57265853881836
Epoch 12 loss 41.25809097290039
Epoch 13 loss 41.24686813354492
Epoch 14 loss 39.26008605957031
Epoch 15 loss 39.223548889160156
Epoch 16 loss 39.37297058105469
Epoch 17 loss 39.27833938598633
Epoch 18 loss 39.17208480834961
Epoch 19 loss 39.51479721069336
Epoch 20 loss 38.860084533691406
Epoch 21 loss 38.535125732421875
Epoch 22 loss 39.08627700805664
Epoch 23 loss 39.802608489990234
Epoch 24 loss 40.4581413269043
Epoch 25 loss 37.69257736206055
Epoch 26 loss 39.70510482788086
Epoch 27 loss 37.0590934753418
Epoch 28 loss 37.6436767578125
Epoch 29 loss 37.13796615600586
Epoch 30 loss 39.362281799316406
Epoch 31 loss 40.55620193481445
Epoch 32 loss 42.46116256713867
Epoch 33 loss 38.742855072021484
Epoch 34 loss 38.32610321044922
Epoch 35 loss 38.72114181518555
Epoch 36 loss 40.12252426147461
Epoch 37 loss 39.79941940307617
Epoch 38 loss 39.75027084350586
Epoch 39 loss 38.725982666015625
Epoch 40 loss 39.39924240112305
Epoch 41 loss 39.38963317871094
Epoch 42 loss 38.980995178222656
Epoch 43 loss 39.183650970458984
Epoch 44 loss 38.72451400756836
Epoch 45 loss 39.13829803466797
Epoch 46 loss 39.76667404174805
Epoch 47 loss 38.17337417602539
Epoch 48 loss 37.273990631103516
Validation loss has not improved for 20 steps!
Early stopping applies.
Inner Fold 3 Results: {'MSE - mean': 21.14282316871386, 'MSE - std': 11.328479377567731, 'R2 - mean': 0.6463645152638117, 'R2 - std': 0.17241121455436503}
  outer_1_inner Fold 4/5
Before Debugging -- Inner Fold 4
DEBUG Inner Fold 4: num_features: 13
DEBUG Inner Fold 4: num_classes: 1
DEBUG Inner Fold 4: cat_idx: [0]
DEBUG Inner Fold 4: nominal_idx: [3]
DEBUG Inner Fold 4: ordinal_idx: None
DEBUG Inner Fold 4: num_idx: None
DEBUG Inner Fold 4: cat_dims: [2]
DEBUG Inner Fold 4: bin_alt: None
~~~~~~~~~~~~~~~~~~~~~~~~~~~~~~~~~~~~~~~~~~~~~~~~~~~~~~~~~~~~~~~~~~~~~~~~~~~~~~~
BEFORE ANY ENCODING
num_features :13
num_classes : 1
cat_idx : [0]
nominal_idx : [3]
ordinal_idx : None
num_idx : None
cat_dims : [2]
bin_alt : None 


X_train shape : (162, 13)
~~~~~~~~~~~~~~~~~~~~~~~~~~~~~~~~~~~~~~~~~~~~~~~~~~~~~~~~~~~~~~~~~~~~~~~~~~~~~~~
~~~~~~~~~~~~~~~~~~~~~~~~~~~~~~~~~~~~~~~~~~~~~~~~~~~~~~~~~~~~~~~~~~~~~~~~~~~~~~~
AFTER getting cat idx
Nominal Index : [3]
Ordinal Index : None
Cat Idx : [0]
Cat dims : [2]
~~~~~~~~~~~~~~~~~~~~~~~~~~~~~~~~~~~~~~~~~~~~~~~~~~~~~~~~~~~~~~~~~~~~~~~~~~~~~~~
BEFORE getting cat idx
Nominal Index : [3]
Ordinal Index : None
Cat Idx : [3]
Cat dims : []
~~~~~~~~~~~~~~~~~~~~~~~~~~~~~~~~~~~~~~~~~~~~~~~~~~~~~~~~~~~~~~~~~~~~~~~~~~~~~~~ 


AFTER SEPARATING CATEGORICALS AND NUMERICALS
Ordinal Index : None
Numerical Index V1 : [0, 1, 2, 4, 5, 6, 7, 8, 9, 10, 11, 12]
Cat Idx V1 : [3] 
Cat Dims V1 : []
 

~~~~~~~~~~~~~~~~~~~~~~~~~~~~~~~~~~~~~~~~~~~~~~~~~~~~~~~~~~~~~~~~~~~~~~~~~~~~~~~ 


Scaling the data...
One Hot Encoding...
Ord : None, Nom : [3], Num : [0, 1, 2, 4, 5, 6, 7, 8, 9, 10, 11, 12]
Num idx: [2, 3, 4, 5, 6, 7, 8, 9, 10, 11, 12, 13]
Ord : None, Nom : [0, 1], Num : [2, 3, 4, 5, 6, 7, 8, 9, 10, 11, 12, 13]
Nominal : (2, 2)
~~~~~~~~~~~~~~~~~~~~~~~~~~~~~~~~~~~~~~~~~~~~~~~~~~~~~~~~~~~~~~~~~~~~~~~~~~~~~~~
After OHE
Numerical Index V2 : [2, 3, 4, 5, 6, 7, 8, 9, 10, 11, 12, 13] 


OHE Idx : [0, 1]


Ordinal Idx V2: None


Cat Dims V2 : []
Cat Idx V2 : [3] 
 

Train: [[ 1.          0.         -0.46743706 -0.51090311 -0.6097501 ]
 [ 1.          0.         -0.47357636 -0.51090311  2.34598709]
 [ 1.          0.         -0.47972712  0.93859433 -0.89070832]
 [ 1.          0.         -0.44243293 -0.51090311 -0.543058  ]
 [ 1.          0.         -0.49193696  2.02571741 -0.83536807]
 [ 1.          0.          4.19309886 -0.51090311  0.97808951]
 [ 1.          0.         -0.36964378  0.45542852 -1.02693049]
 [ 1.          0.         -0.49505736  3.3544234  -1.34052526]
 [ 1.          0.         -0.49139342  0.84196117  0.54388136]
 [ 1.          0.         -0.48820426 -0.51090311 -0.85381482]] 
 
 
Val : (162, 14) 
 

~~~~~~~~~~~~~~~~~~~~~~~~~~~~~~~~~~~~~~~~~~~~~~~~~~~~~~~~~~~~~~~~~~~~~~~~~~~~~~~
Cat Idx V3 : [0, 1] 
 

~~~~~~~~~~~~~~~~~~~~~~~~~~~~~~~~~~~~~~~~~~~~~~~~~~~~~~~~~~~~~~~~~~~~~~~~~~~~~~~
After ORDINAL
Numerical Index V2 : [2, 3, 4, 5, 6, 7, 8, 9, 10, 11, 12, 13] 


OHE Idx : [0, 1]


Ordinal Idx V2: None


Cat Dims V2 : [3, 3]
Cat Idx V2 : [0, 1] 
 

Train: [[ 1.          0.         -0.46743706 -0.51090311 -0.6097501  -0.88842116
  -0.76698389 -1.31131095  0.60870732 -0.71576782 -1.04980898 -0.3889202
   0.49876088  0.20086896]
 [ 1.          0.         -0.47357636 -0.51090311  2.34598709  0.54468812
  -1.32753425  0.88764399 -0.97245436 -0.5970837   1.83128714  0.72801098
   0.48191716  0.80848318]
 [ 1.          0.         -0.47972712  0.93859433 -0.89070832 -1.06644715
   1.10883373 -0.53390264  1.20448152 -0.35971545 -0.64597333 -1.04892499
   0.4461824  -0.22958919]
 [ 1.          0.         -0.44243293 -0.51090311 -0.543058   -0.48786266
   0.29502267 -1.05957873  0.42583352 -0.47839958 -0.7243295   0.47416299
   0.49876088 -1.04699348]
 [ 1.          0.         -0.49193696  2.02571741 -0.83536807 -1.27117705
  -0.0527887  -1.38534984  1.67750415 -0.35971545 -0.68816512 -1.04892499
   0.49876088 -0.88848543]
 [ 1.          0.          4.19309886 -0.51090311  0.97808951  0.43787252
  -1.83236726  1.15788592 -1.0840686   1.77659873  1.56005424  0.77878058
  -1.23148999  1.12239129]
 [ 1.          0.         -0.36964378  0.45542852 -1.02693049  0.88293752
   1.30637708  0.5877865  -0.82202824 -0.47839958 -0.86295965 -2.87663057
   0.37936585  0.300325  ]
 [ 1.          0.         -0.49505736  3.3544234  -1.34052526 -1.44920305
  -0.0173322  -1.37794595  2.53184734 -0.95313606 -1.0015898  -0.2366114
  -0.01585684  0.01128089]
 [ 1.          0.         -0.49139342  0.84196117  0.54388136 -0.74600036
   0.34060959 -0.55981625 -0.08291531 -0.5970837  -0.82679526 -0.2366114
   0.48117268 -0.72997737]
 [ 1.          0.         -0.48820426 -0.51090311 -0.85381482 -0.29203407
  -0.45969423 -0.37842098  0.46975602 -0.47839958 -1.10405556  0.77878058
   0.49876088 -0.55437531]] 
 
 
Val : (162, 14) 
 

FINISHED ENCODING
~~~~~~~~~~~~~~~~~~~~~~~~~~~~~~~~~~~~~~~~~~~~~~~~~~~~~~~~~~~~~~~~~~~~~~~~~~~~~~~


~~~~~~~~~~~~~~~~~~~~~~~~~~~~~~~~~~~~~~~~~~~~~~~~~~~~~~~~~~~~~~~~~~~~~~~~~~~~~~~
Test numpy array issues
X dtype: float64
X Val dtype: float64
X dtype: float32
X Val dtype: float32
After Debugging -- Inner Fold 4
DEBUG Inner Fold 4: num_features: 14
DEBUG Inner Fold 4: num_classes: 1
DEBUG Inner Fold 4: cat_idx: [0, 1]
DEBUG Inner Fold 4: nominal_idx: [0, 1]
DEBUG Inner Fold 4: ordinal_idx: None
DEBUG Inner Fold 4: num_idx: [2, 3, 4, 5, 6, 7, 8, 9, 10, 11, 12, 13]
DEBUG Inner Fold 4: cat_dims: [3, 3]
DEBUG Inner Fold 4: bin_alt: None
In get_device
Using dim 128 and batch size 32
**** Data b4 Fitting ****
Epoch 0 loss 572.6179809570312
Epoch 1 loss 473.9093933105469
Epoch 2 loss 322.2593688964844
Epoch 3 loss 137.0469512939453
Epoch 4 loss 70.2952651977539
Epoch 5 loss 55.80533981323242
Epoch 6 loss 67.09029388427734
Epoch 7 loss 61.26039505004883
Epoch 8 loss 40.61521530151367
Epoch 9 loss 38.373409271240234
Epoch 10 loss 45.422054290771484
Epoch 11 loss 41.633941650390625
Epoch 12 loss 35.54755401611328
Epoch 13 loss 33.906005859375
Epoch 14 loss 33.36448669433594
Epoch 15 loss 31.16852378845215
Epoch 16 loss 33.76669692993164
Epoch 17 loss 31.4028377532959
Epoch 18 loss 31.006479263305664
Epoch 19 loss 28.30619239807129
Epoch 20 loss 25.229022979736328
Epoch 21 loss 29.769580841064453
Epoch 22 loss 27.8076171875
Epoch 23 loss 28.472883224487305
Epoch 24 loss 22.578832626342773
Epoch 25 loss 26.094715118408203
Epoch 26 loss 21.005901336669922
Epoch 27 loss 24.762447357177734
Epoch 28 loss 23.060184478759766
Epoch 29 loss 23.04029655456543
Epoch 30 loss 25.627960205078125
Epoch 31 loss 25.235387802124023
Epoch 32 loss 22.65210723876953
Epoch 33 loss 25.14607048034668
Epoch 34 loss 21.371097564697266
Epoch 35 loss 23.851240158081055
Epoch 36 loss 20.927236557006836
Epoch 37 loss 21.839059829711914
Epoch 38 loss 27.316064834594727
Epoch 39 loss 26.65772819519043
Epoch 40 loss 24.815515518188477
Epoch 41 loss 21.594961166381836
Epoch 42 loss 23.429859161376953
Epoch 43 loss 20.069499969482422
Epoch 44 loss 20.51841163635254
Epoch 45 loss 23.0366268157959
Epoch 46 loss 24.24457359313965
Epoch 47 loss 21.318387985229492
Epoch 48 loss 20.05885887145996
Epoch 49 loss 20.399520874023438
Epoch 50 loss 21.43047523498535
Epoch 51 loss 19.587158203125
Epoch 52 loss 21.824874877929688
Epoch 53 loss 23.096845626831055
Epoch 54 loss 19.753271102905273
Epoch 55 loss 20.432374954223633
Epoch 56 loss 24.56400489807129
Epoch 57 loss 24.2806453704834
Epoch 58 loss 23.67066192626953
Epoch 59 loss 26.3793888092041
Epoch 60 loss 27.058700561523438
Epoch 61 loss 25.16083335876465
Epoch 62 loss 25.006940841674805
Epoch 63 loss 26.111347198486328
Epoch 64 loss 27.142627716064453
Epoch 65 loss 25.92816734313965
Epoch 66 loss 27.992965698242188
Epoch 67 loss 27.7697696685791
Epoch 68 loss 25.955854415893555
Epoch 69 loss 26.556079864501953
Epoch 70 loss 30.81852149963379
Epoch 71 loss 32.14498519897461
Epoch 72 loss 29.640579223632812
Validation loss has not improved for 20 steps!
Early stopping applies.
Inner Fold 4 Results: {'MSE - mean': 20.753906624120866, 'MSE - std': 9.833849805236884, 'R2 - mean': 0.6784536208964718, 'R2 - std': 0.15932153739841806}
  outer_1_inner Fold 5/5
Before Debugging -- Inner Fold 5
DEBUG Inner Fold 5: num_features: 13
DEBUG Inner Fold 5: num_classes: 1
DEBUG Inner Fold 5: cat_idx: [0]
DEBUG Inner Fold 5: nominal_idx: [3]
DEBUG Inner Fold 5: ordinal_idx: None
DEBUG Inner Fold 5: num_idx: None
DEBUG Inner Fold 5: cat_dims: [2]
DEBUG Inner Fold 5: bin_alt: None
~~~~~~~~~~~~~~~~~~~~~~~~~~~~~~~~~~~~~~~~~~~~~~~~~~~~~~~~~~~~~~~~~~~~~~~~~~~~~~~
BEFORE ANY ENCODING
num_features :13
num_classes : 1
cat_idx : [0]
nominal_idx : [3]
ordinal_idx : None
num_idx : None
cat_dims : [2]
bin_alt : None 


X_train shape : (162, 13)
~~~~~~~~~~~~~~~~~~~~~~~~~~~~~~~~~~~~~~~~~~~~~~~~~~~~~~~~~~~~~~~~~~~~~~~~~~~~~~~
~~~~~~~~~~~~~~~~~~~~~~~~~~~~~~~~~~~~~~~~~~~~~~~~~~~~~~~~~~~~~~~~~~~~~~~~~~~~~~~
AFTER getting cat idx
Nominal Index : [3]
Ordinal Index : None
Cat Idx : [0]
Cat dims : [2]
~~~~~~~~~~~~~~~~~~~~~~~~~~~~~~~~~~~~~~~~~~~~~~~~~~~~~~~~~~~~~~~~~~~~~~~~~~~~~~~
BEFORE getting cat idx
Nominal Index : [3]
Ordinal Index : None
Cat Idx : [3]
Cat dims : []
~~~~~~~~~~~~~~~~~~~~~~~~~~~~~~~~~~~~~~~~~~~~~~~~~~~~~~~~~~~~~~~~~~~~~~~~~~~~~~~ 


AFTER SEPARATING CATEGORICALS AND NUMERICALS
Ordinal Index : None
Numerical Index V1 : [0, 1, 2, 4, 5, 6, 7, 8, 9, 10, 11, 12]
Cat Idx V1 : [3] 
Cat Dims V1 : []
 

~~~~~~~~~~~~~~~~~~~~~~~~~~~~~~~~~~~~~~~~~~~~~~~~~~~~~~~~~~~~~~~~~~~~~~~~~~~~~~~ 


Scaling the data...
One Hot Encoding...
Ord : None, Nom : [3], Num : [0, 1, 2, 4, 5, 6, 7, 8, 9, 10, 11, 12]
Num idx: [2, 3, 4, 5, 6, 7, 8, 9, 10, 11, 12, 13]
Ord : None, Nom : [0, 1], Num : [2, 3, 4, 5, 6, 7, 8, 9, 10, 11, 12, 13]
Nominal : (2, 2)
~~~~~~~~~~~~~~~~~~~~~~~~~~~~~~~~~~~~~~~~~~~~~~~~~~~~~~~~~~~~~~~~~~~~~~~~~~~~~~~
After OHE
Numerical Index V2 : [2, 3, 4, 5, 6, 7, 8, 9, 10, 11, 12, 13] 


OHE Idx : [0, 1]


Ordinal Idx V2: None


Cat Dims V2 : []
Cat Idx V2 : [3] 
 

Train: [[ 1.          0.         -0.45863399 -0.50696048 -0.56331497]
 [ 1.          0.         -0.46471187 -0.50696048  2.28928019]
 [ 1.          0.         -0.4708011   0.81661079 -0.834469  ]
 [ 1.          0.          4.15528086 -0.50696048  0.96911613]
 [ 1.          0.         -0.36181896  0.37542037 -0.96593762]
 [ 1.          0.         -0.42400463 -0.50696048 -0.153845  ]
 [ 1.          0.         -0.47919344 -0.50696048 -0.79886292]
 [ 1.          0.          2.86845499 -0.50696048  0.96911613]
 [ 1.          0.         -0.47559696  1.47839642 -1.03851925]
 [ 1.          0.         -0.4368703  -0.50696048  1.48814329]] 
 
 
Val : (162, 14) 
 

~~~~~~~~~~~~~~~~~~~~~~~~~~~~~~~~~~~~~~~~~~~~~~~~~~~~~~~~~~~~~~~~~~~~~~~~~~~~~~~
Cat Idx V3 : [0, 1] 
 

~~~~~~~~~~~~~~~~~~~~~~~~~~~~~~~~~~~~~~~~~~~~~~~~~~~~~~~~~~~~~~~~~~~~~~~~~~~~~~~
After ORDINAL
Numerical Index V2 : [2, 3, 4, 5, 6, 7, 8, 9, 10, 11, 12, 13] 


OHE Idx : [0, 1]


Ordinal Idx V2: None


Cat Dims V2 : [3, 3]
Cat Idx V2 : [0, 1] 
 

Train: [[ 1.          0.         -0.45863399 -0.50696048 -0.56331497 -0.90579192
  -0.81649142 -1.33334794  0.59858711 -0.73255068 -1.05474851 -0.43053497
   0.46980031  0.16118913]
 [ 1.          0.         -0.46471187 -0.50696048  2.28928019  0.50221004
  -1.33500763  0.84797484 -0.90991394 -0.61446788  1.77061145  0.69276417
   0.45128714  0.73120041]
 [ 1.          0.         -0.4708011   0.81661079 -0.834469   -1.080699
   0.91866372 -0.56217322  1.16698313 -0.37830229 -0.65872525 -1.09430264
   0.41201057 -0.2426296 ]
 [ 1.          0.          4.15528086 -0.50696048  0.96911613  0.39726579
  -1.80198458  1.11604986 -1.01639907  1.74718804  1.50462568  0.74382322
  -1.43194226  1.02568194]
 [ 1.          0.         -0.36181896  0.37542037 -0.96593762  0.83453349
   1.10139383  0.55052173 -0.7664005  -0.49638509 -0.87151387 -2.93242851
   0.33857158  0.25449021]
 [ 1.          0.         -0.42400463 -0.50696048 -0.153845   -0.06623796
   0.11433888 -0.08845161 -0.12261393 -0.61446788 -0.63508207 -0.17523971
   0.45251453 -0.39132819]
 [ 1.          0.         -0.47919344 -0.50696048 -0.79886292 -0.31985322
  -0.53224459 -0.40793828  0.46602117 -0.49638509 -1.10794567  0.74382322
   0.46980031 -0.54731593]
 [ 1.          0.          2.86845499 -0.50696048  0.96911613  0.93947773
  -3.39033091  1.11604986 -1.20558843  1.74718804  1.50462568  0.74382322
   0.19691002  1.5009343 ]
 [ 1.          0.         -0.47559696  1.47839642 -1.03851925 -1.00199082
   1.36846091 -1.12770135  0.35309633 -0.49638509 -0.07946735 -1.80912937
   0.46980031 -1.11586938]
 [ 1.          0.         -0.4368703  -0.50696048  1.48814329  0.63339035
  -0.57285128  0.87735292 -0.84275701 -0.61446788  0.15105365  1.25441374
   0.27904304  0.5620922 ]] 
 
 
Val : (162, 14) 
 

FINISHED ENCODING
~~~~~~~~~~~~~~~~~~~~~~~~~~~~~~~~~~~~~~~~~~~~~~~~~~~~~~~~~~~~~~~~~~~~~~~~~~~~~~~


~~~~~~~~~~~~~~~~~~~~~~~~~~~~~~~~~~~~~~~~~~~~~~~~~~~~~~~~~~~~~~~~~~~~~~~~~~~~~~~
Test numpy array issues
X dtype: float64
X Val dtype: float64
X dtype: float32
X Val dtype: float32
After Debugging -- Inner Fold 5
DEBUG Inner Fold 5: num_features: 14
DEBUG Inner Fold 5: num_classes: 1
DEBUG Inner Fold 5: cat_idx: [0, 1]
DEBUG Inner Fold 5: nominal_idx: [0, 1]
DEBUG Inner Fold 5: ordinal_idx: None
DEBUG Inner Fold 5: num_idx: [2, 3, 4, 5, 6, 7, 8, 9, 10, 11, 12, 13]
DEBUG Inner Fold 5: cat_dims: [3, 3]
DEBUG Inner Fold 5: bin_alt: None
In get_device
Using dim 128 and batch size 32
**** Data b4 Fitting ****
Epoch 0 loss 429.3056640625
Epoch 1 loss 341.1475830078125
Epoch 2 loss 216.6354522705078
Epoch 3 loss 73.8303451538086
Epoch 4 loss 48.83037567138672
Epoch 5 loss 47.269039154052734
Epoch 6 loss 29.05130958557129
Epoch 7 loss 33.49858474731445
Epoch 8 loss 23.150230407714844
Epoch 9 loss 36.01708984375
Epoch 10 loss 19.638242721557617
Epoch 11 loss 18.20088005065918
Epoch 12 loss 21.10101890563965
Epoch 13 loss 16.483022689819336
Epoch 14 loss 15.411239624023438
Epoch 15 loss 17.357467651367188
Epoch 16 loss 12.989341735839844
Epoch 17 loss 11.739790916442871
Epoch 18 loss 11.126977920532227
Epoch 19 loss 10.695834159851074
Epoch 20 loss 10.447103500366211
Epoch 21 loss 10.05346965789795
Epoch 22 loss 9.525984764099121
Epoch 23 loss 9.490718841552734
Epoch 24 loss 9.347491264343262
Epoch 25 loss 8.725479125976562
Epoch 26 loss 8.631426811218262
Epoch 27 loss 8.48331069946289
Epoch 28 loss 9.223894119262695
Epoch 29 loss 10.416808128356934
Epoch 30 loss 10.737044334411621
Epoch 31 loss 8.695030212402344
Epoch 32 loss 8.7393217086792
Epoch 33 loss 9.84462833404541
Epoch 34 loss 7.827755928039551
Epoch 35 loss 7.69769287109375
Epoch 36 loss 10.639849662780762
Epoch 37 loss 7.604541301727295
Epoch 38 loss 7.18166971206665
Epoch 39 loss 7.300485134124756
Epoch 40 loss 8.477362632751465
Epoch 41 loss 7.741044044494629
Epoch 42 loss 7.028264045715332
Epoch 43 loss 7.152218818664551
Epoch 44 loss 6.765449523925781
Epoch 45 loss 6.645938873291016
Epoch 46 loss 6.537841796875
Epoch 47 loss 6.455264568328857
Epoch 48 loss 7.241856575012207
Epoch 49 loss 6.260177135467529
Epoch 50 loss 6.312964916229248
Epoch 51 loss 6.3331522941589355
Epoch 52 loss 6.7814836502075195
Epoch 53 loss 6.3203911781311035
Epoch 54 loss 6.518998622894287
Epoch 55 loss 6.405545711517334
Epoch 56 loss 6.047265529632568
Epoch 57 loss 6.576969146728516
Epoch 58 loss 7.672979831695557
Epoch 59 loss 10.119505882263184
Epoch 60 loss 10.201967239379883
Epoch 61 loss 9.545912742614746
Epoch 62 loss 7.502789497375488
Epoch 63 loss 6.758999824523926
Epoch 64 loss 7.021364688873291
Epoch 65 loss 7.8200907707214355
Epoch 66 loss 6.110233783721924
Epoch 67 loss 7.236627101898193
Epoch 68 loss 5.731555938720703
Epoch 69 loss 9.007575035095215
Epoch 70 loss 5.09661340713501
Epoch 71 loss 5.6161651611328125
Epoch 72 loss 6.137284755706787
Epoch 73 loss 5.995604991912842
Epoch 74 loss 7.488039493560791
Epoch 75 loss 7.354864597320557
Epoch 76 loss 6.990627288818359
Epoch 77 loss 6.721197605133057
Epoch 78 loss 7.171227931976318
Epoch 79 loss 6.193192005157471
Epoch 80 loss 6.6973724365234375
Epoch 81 loss 6.502768039703369
Epoch 82 loss 5.791652679443359
Epoch 83 loss 8.864651679992676
Epoch 84 loss 9.428121566772461
Epoch 85 loss 9.950785636901855
Epoch 86 loss 5.720222473144531
Epoch 87 loss 5.453431129455566
Epoch 88 loss 6.331625461578369
Epoch 89 loss 6.954289436340332
Epoch 90 loss 6.392480373382568
Epoch 91 loss 6.636723518371582
Validation loss has not improved for 20 steps!
Early stopping applies.
Inner Fold 5 Results: {'MSE - mean': 17.62244795188246, 'MSE - std': 10.797583769404822, 'R2 - mean': 0.7200408153604639, 'R2 - std': 0.16499897210813172}
Trial Results B4 Saving: {'MSE - mean': 17.62244795188246, 'MSE - std': 10.797583769404822, 'R2 - mean': 0.7200408153604639, 'R2 - std': 0.16499897210813172}
Score: 17.62244795188246
  outer_1_inner Fold 1/5
Before Debugging -- Inner Fold 1
DEBUG Inner Fold 1: num_features: 13
DEBUG Inner Fold 1: num_classes: 1
DEBUG Inner Fold 1: cat_idx: [0]
DEBUG Inner Fold 1: nominal_idx: [3]
DEBUG Inner Fold 1: ordinal_idx: None
DEBUG Inner Fold 1: num_idx: None
DEBUG Inner Fold 1: cat_dims: [2]
DEBUG Inner Fold 1: bin_alt: None
~~~~~~~~~~~~~~~~~~~~~~~~~~~~~~~~~~~~~~~~~~~~~~~~~~~~~~~~~~~~~~~~~~~~~~~~~~~~~~~
BEFORE ANY ENCODING
num_features :13
num_classes : 1
cat_idx : [0]
nominal_idx : [3]
ordinal_idx : None
num_idx : None
cat_dims : [2]
bin_alt : None 


X_train shape : (161, 13)
~~~~~~~~~~~~~~~~~~~~~~~~~~~~~~~~~~~~~~~~~~~~~~~~~~~~~~~~~~~~~~~~~~~~~~~~~~~~~~~
~~~~~~~~~~~~~~~~~~~~~~~~~~~~~~~~~~~~~~~~~~~~~~~~~~~~~~~~~~~~~~~~~~~~~~~~~~~~~~~
AFTER getting cat idx
Nominal Index : [3]
Ordinal Index : None
Cat Idx : [0]
Cat dims : [2]
~~~~~~~~~~~~~~~~~~~~~~~~~~~~~~~~~~~~~~~~~~~~~~~~~~~~~~~~~~~~~~~~~~~~~~~~~~~~~~~
BEFORE getting cat idx
Nominal Index : [3]
Ordinal Index : None
Cat Idx : [3]
Cat dims : []
~~~~~~~~~~~~~~~~~~~~~~~~~~~~~~~~~~~~~~~~~~~~~~~~~~~~~~~~~~~~~~~~~~~~~~~~~~~~~~~ 


AFTER SEPARATING CATEGORICALS AND NUMERICALS
Ordinal Index : None
Numerical Index V1 : [0, 1, 2, 4, 5, 6, 7, 8, 9, 10, 11, 12]
Cat Idx V1 : [3] 
Cat Dims V1 : []
 

~~~~~~~~~~~~~~~~~~~~~~~~~~~~~~~~~~~~~~~~~~~~~~~~~~~~~~~~~~~~~~~~~~~~~~~~~~~~~~~ 


Scaling the data...
One Hot Encoding...
Ord : None, Nom : [3], Num : [0, 1, 2, 4, 5, 6, 7, 8, 9, 10, 11, 12]
Num idx: [2, 3, 4, 5, 6, 7, 8, 9, 10, 11, 12, 13]
Ord : None, Nom : [0, 1], Num : [2, 3, 4, 5, 6, 7, 8, 9, 10, 11, 12, 13]
Nominal : (2, 2)
~~~~~~~~~~~~~~~~~~~~~~~~~~~~~~~~~~~~~~~~~~~~~~~~~~~~~~~~~~~~~~~~~~~~~~~~~~~~~~~
After OHE
Numerical Index V2 : [2, 3, 4, 5, 6, 7, 8, 9, 10, 11, 12, 13] 


OHE Idx : [0, 1]


Ordinal Idx V2: None


Cat Dims V2 : []
Cat Idx V2 : [3] 
 

Train: [[ 1.          0.         -0.4474006  -0.531099   -0.49746357]
 [ 1.          0.         -0.45386968 -0.531099    2.47958591]
 [ 1.          0.         -0.42105335 -0.531099   -0.43029059]
 [ 1.          0.         -0.47321653  1.68137724 -0.72470835]
 [ 1.          0.         -0.47650454  2.84029336 -1.23350797]
 [ 1.          0.         -0.4726438   0.64888833  0.66448613]
 [ 1.          0.         -0.41054239 -0.531099   -0.07012906]
 [ 1.          0.         -0.46928333 -0.531099   -0.74328811]
 [ 1.          0.          3.09383027 -0.531099    1.10182513]
 [ 1.          0.         -0.46545536  1.3653092  -0.99340028]] 
 
 
Val : (161, 14) 
 

~~~~~~~~~~~~~~~~~~~~~~~~~~~~~~~~~~~~~~~~~~~~~~~~~~~~~~~~~~~~~~~~~~~~~~~~~~~~~~~
Cat Idx V3 : [0, 1] 
 

~~~~~~~~~~~~~~~~~~~~~~~~~~~~~~~~~~~~~~~~~~~~~~~~~~~~~~~~~~~~~~~~~~~~~~~~~~~~~~~
After ORDINAL
Numerical Index V2 : [2, 3, 4, 5, 6, 7, 8, 9, 10, 11, 12, 13] 


OHE Idx : [0, 1]


Ordinal Idx V2: None


Cat Dims V2 : [3, 3]
Cat Idx V2 : [0, 1] 
 

Train: [[ 1.00000000e+00  0.00000000e+00 -4.47400601e-01 -5.31098998e-01
  -4.97463572e-01 -8.27964537e-01 -8.12535881e-01 -1.24105249e+00
   4.95908065e-01 -6.98040889e-01 -9.66072145e-01 -3.39995663e-01
   4.55594017e-01  2.70443831e-01]
 [ 1.00000000e+00  0.00000000e+00 -4.53869677e-01 -5.31098998e-01
   2.47958591e+00  6.02899232e-01 -1.31207200e+00  9.30431742e-01
  -9.78130451e-01 -5.77585816e-01  1.94435965e+00  7.89708500e-01
   4.37102501e-01  8.43126474e-01]
 [ 1.00000000e+00  0.00000000e+00 -4.21053348e-01 -5.31098998e-01
  -4.30290588e-01 -4.28033670e-01  1.33874408e-01 -9.92465066e-01
   3.25423903e-01 -4.57130743e-01 -6.37278595e-01  5.32957554e-01
   4.55594017e-01 -9.05679346e-01]
 [ 1.00000000e+00  0.00000000e+00 -4.73216527e-01  1.68137724e+00
  -7.24708347e-01 -1.21012070e+00 -1.76078723e-01 -1.31416643e+00
   1.49229428e+00 -3.36675670e-01 -6.00745978e-01 -1.00754812e+00
   4.55594017e-01 -7.56283874e-01]
 [ 1.00000000e+00  0.00000000e+00 -4.76504543e-01  2.84029336e+00
  -1.23350797e+00 -1.38786775e+00 -1.44481560e-01 -1.30685504e+00
   2.28875601e+00 -9.38951035e-01 -9.17361989e-01 -1.85945095e-01
  -1.09367794e-01  9.17551292e-02]
 [ 1.00000000e+00  0.00000000e+00 -4.72643798e-01  6.48888327e-01
   6.64486129e-01 -6.85766895e-01  1.74499333e-01 -4.98945924e-01
  -1.48857372e-01 -5.77585816e-01 -7.40787676e-01 -1.85945095e-01
   4.36285196e-01 -6.06888402e-01]
 [ 1.00000000e+00  0.00000000e+00 -4.10542394e-01 -5.31098998e-01
  -7.01290568e-02  2.52213131e-02  8.42217216e-02 -1.77108319e-03
  -2.08816737e-01 -5.77585816e-01 -5.33769515e-01 -8.32447167e-02
   4.38328457e-01 -2.84662874e-01]
 [ 1.00000000e+00  0.00000000e+00 -4.69283329e-01 -5.31098998e-01
  -7.43288108e-01 -2.32511912e-01 -5.38693794e-01 -3.19816753e-01
   3.66370666e-01 -4.57130743e-01 -1.02087107e+00  8.41058689e-01
   4.55594017e-01 -4.41381654e-01]
 [ 1.00000000e+00  0.00000000e+00  3.09383027e+00 -5.31098998e-01
   1.10182513e+00  1.04726686e+00 -3.29216093e+00  1.19729765e+00
  -1.26705009e+00  1.83151564e+00  1.67036502e+00  8.41058689e-01
   1.83022930e-01  1.61646774e+00]
 [ 1.00000000e+00  0.00000000e+00 -4.65455361e-01  1.36530920e+00
  -9.93400283e-01 -9.25725415e-01  1.29243708e+00 -1.03633343e+00
   2.56025657e-01 -4.57130743e-01  3.85748126e-02 -1.72645077e+00
   4.55594017e-01 -1.01259964e+00]] 
 
 
Val : (161, 14) 
 

FINISHED ENCODING
~~~~~~~~~~~~~~~~~~~~~~~~~~~~~~~~~~~~~~~~~~~~~~~~~~~~~~~~~~~~~~~~~~~~~~~~~~~~~~~


~~~~~~~~~~~~~~~~~~~~~~~~~~~~~~~~~~~~~~~~~~~~~~~~~~~~~~~~~~~~~~~~~~~~~~~~~~~~~~~
Test numpy array issues
X dtype: float64
X Val dtype: float64
X dtype: float32
X Val dtype: float32
After Debugging -- Inner Fold 1
DEBUG Inner Fold 1: num_features: 14
DEBUG Inner Fold 1: num_classes: 1
DEBUG Inner Fold 1: cat_idx: [0, 1]
DEBUG Inner Fold 1: nominal_idx: [0, 1]
DEBUG Inner Fold 1: ordinal_idx: None
DEBUG Inner Fold 1: num_idx: [2, 3, 4, 5, 6, 7, 8, 9, 10, 11, 12, 13]
DEBUG Inner Fold 1: cat_dims: [3, 3]
DEBUG Inner Fold 1: bin_alt: None
In get_device
Using dim 128 and batch size 32
**** Data b4 Fitting ****
Epoch 0 loss 340.5213317871094
Epoch 1 loss 254.4272003173828
Epoch 2 loss 147.37672424316406
Epoch 3 loss 46.5677375793457
Epoch 4 loss 82.057861328125
Epoch 5 loss 64.66084289550781
Epoch 6 loss 26.202438354492188
Epoch 7 loss 26.975740432739258
Epoch 8 loss 28.114439010620117
Epoch 9 loss 44.89381408691406
Epoch 10 loss 22.0086669921875
Epoch 11 loss 21.250701904296875
Epoch 12 loss 19.96974754333496
Epoch 13 loss 20.30621910095215
Epoch 14 loss 19.409244537353516
Epoch 15 loss 18.275283813476562
Epoch 16 loss 17.850683212280273
Epoch 17 loss 17.01909065246582
Epoch 18 loss 20.200708389282227
Epoch 19 loss 17.44100570678711
Epoch 20 loss 18.03101348876953
Epoch 21 loss 15.452484130859375
Epoch 22 loss 15.402957916259766
Epoch 23 loss 16.661949157714844
Epoch 24 loss 15.093023300170898
Epoch 25 loss 15.384124755859375
Epoch 26 loss 16.131837844848633
Epoch 27 loss 15.485492706298828
Epoch 28 loss 15.218328475952148
Epoch 29 loss 15.893218040466309
Epoch 30 loss 16.442916870117188
Epoch 31 loss 17.937076568603516
Epoch 32 loss 18.787464141845703
Epoch 33 loss 25.01304054260254
Epoch 34 loss 15.607499122619629
Epoch 35 loss 15.670293807983398
Epoch 36 loss 16.211824417114258
Epoch 37 loss 14.916696548461914
Epoch 38 loss 14.794060707092285
Epoch 39 loss 14.842147827148438
Epoch 40 loss 14.739641189575195
Epoch 41 loss 14.55514144897461
Epoch 42 loss 15.744375228881836
Epoch 43 loss 14.482361793518066
Epoch 44 loss 14.655259132385254
Epoch 45 loss 15.099021911621094
Epoch 46 loss 14.364688873291016
Epoch 47 loss 14.428266525268555
Epoch 48 loss 14.943891525268555
Epoch 49 loss 14.492368698120117
Epoch 50 loss 14.350934028625488
Epoch 51 loss 14.859049797058105
Epoch 52 loss 14.340836524963379
Epoch 53 loss 14.349096298217773
Epoch 54 loss 15.463521003723145
Epoch 55 loss 15.253464698791504
Epoch 56 loss 15.920162200927734
Epoch 57 loss 16.11132049560547
Epoch 58 loss 14.806405067443848
Epoch 59 loss 14.815890312194824
Epoch 60 loss 14.791414260864258
Epoch 61 loss 14.822988510131836
Epoch 62 loss 14.767068862915039
Epoch 63 loss 14.801944732666016
Epoch 64 loss 15.133243560791016
Epoch 65 loss 14.866987228393555
Epoch 66 loss 15.188997268676758
Epoch 67 loss 15.081652641296387
Epoch 68 loss 15.317578315734863
Epoch 69 loss 14.550103187561035
Epoch 70 loss 15.115917205810547
Epoch 71 loss 14.690789222717285
Epoch 72 loss 14.858014106750488
Epoch 73 loss 15.304067611694336
Validation loss has not improved for 20 steps!
Early stopping applies.
Inner Fold 1 Results: {'MSE - mean': 14.340836891821013, 'MSE - std': 0.0, 'R2 - mean': 0.6887913140846915, 'R2 - std': 0.0}
  outer_1_inner Fold 2/5
Before Debugging -- Inner Fold 2
DEBUG Inner Fold 2: num_features: 13
DEBUG Inner Fold 2: num_classes: 1
DEBUG Inner Fold 2: cat_idx: [0]
DEBUG Inner Fold 2: nominal_idx: [3]
DEBUG Inner Fold 2: ordinal_idx: None
DEBUG Inner Fold 2: num_idx: None
DEBUG Inner Fold 2: cat_dims: [2]
DEBUG Inner Fold 2: bin_alt: None
~~~~~~~~~~~~~~~~~~~~~~~~~~~~~~~~~~~~~~~~~~~~~~~~~~~~~~~~~~~~~~~~~~~~~~~~~~~~~~~
BEFORE ANY ENCODING
num_features :13
num_classes : 1
cat_idx : [0]
nominal_idx : [3]
ordinal_idx : None
num_idx : None
cat_dims : [2]
bin_alt : None 


X_train shape : (161, 13)
~~~~~~~~~~~~~~~~~~~~~~~~~~~~~~~~~~~~~~~~~~~~~~~~~~~~~~~~~~~~~~~~~~~~~~~~~~~~~~~
~~~~~~~~~~~~~~~~~~~~~~~~~~~~~~~~~~~~~~~~~~~~~~~~~~~~~~~~~~~~~~~~~~~~~~~~~~~~~~~
AFTER getting cat idx
Nominal Index : [3]
Ordinal Index : None
Cat Idx : [0]
Cat dims : [2]
~~~~~~~~~~~~~~~~~~~~~~~~~~~~~~~~~~~~~~~~~~~~~~~~~~~~~~~~~~~~~~~~~~~~~~~~~~~~~~~
BEFORE getting cat idx
Nominal Index : [3]
Ordinal Index : None
Cat Idx : [3]
Cat dims : []
~~~~~~~~~~~~~~~~~~~~~~~~~~~~~~~~~~~~~~~~~~~~~~~~~~~~~~~~~~~~~~~~~~~~~~~~~~~~~~~ 


AFTER SEPARATING CATEGORICALS AND NUMERICALS
Ordinal Index : None
Numerical Index V1 : [0, 1, 2, 4, 5, 6, 7, 8, 9, 10, 11, 12]
Cat Idx V1 : [3] 
Cat Dims V1 : []
 

~~~~~~~~~~~~~~~~~~~~~~~~~~~~~~~~~~~~~~~~~~~~~~~~~~~~~~~~~~~~~~~~~~~~~~~~~~~~~~~ 


Scaling the data...
One Hot Encoding...
Ord : None, Nom : [3], Num : [0, 1, 2, 4, 5, 6, 7, 8, 9, 10, 11, 12]
Num idx: [2, 3, 4, 5, 6, 7, 8, 9, 10, 11, 12, 13]
Ord : None, Nom : [0, 1], Num : [2, 3, 4, 5, 6, 7, 8, 9, 10, 11, 12, 13]
Nominal : (2, 2)
~~~~~~~~~~~~~~~~~~~~~~~~~~~~~~~~~~~~~~~~~~~~~~~~~~~~~~~~~~~~~~~~~~~~~~~~~~~~~~~
After OHE
Numerical Index V2 : [2, 3, 4, 5, 6, 7, 8, 9, 10, 11, 12, 13] 


OHE Idx : [0, 1]


Ordinal Idx V2: None


Cat Dims V2 : []
Cat Idx V2 : [3] 
 

Train: [[ 1.          0.         -0.47043566 -0.51238732 -0.60726285]
 [ 1.          0.         -0.47758084 -0.51238732  2.29663831]
 [ 1.          0.         -0.48473936  0.95157645 -0.88329379]
 [ 1.          0.         -0.44133476 -0.51238732 -0.54174036]
 [ 1.          0.         -0.4989497   2.04954929 -0.82892406]
 [ 1.          0.          4.95369846 -0.51238732  0.95273014]
 [ 1.          0.         -0.35661958  0.46358853 -1.01712696]
 [ 1.          0.         -0.50258135  3.39151608 -1.32522209]
 [ 1.          0.         -0.49831711  0.85397887  0.52613688]
 [ 1.          0.         -0.42972527 -0.51238732 -0.19042827]] 
 
 
Val : (161, 14) 
 

~~~~~~~~~~~~~~~~~~~~~~~~~~~~~~~~~~~~~~~~~~~~~~~~~~~~~~~~~~~~~~~~~~~~~~~~~~~~~~~
Cat Idx V3 : [0, 1] 
 

~~~~~~~~~~~~~~~~~~~~~~~~~~~~~~~~~~~~~~~~~~~~~~~~~~~~~~~~~~~~~~~~~~~~~~~~~~~~~~~
After ORDINAL
Numerical Index V2 : [2, 3, 4, 5, 6, 7, 8, 9, 10, 11, 12, 13] 


OHE Idx : [0, 1]


Ordinal Idx V2: None


Cat Dims V2 : [3, 3]
Cat Idx V2 : [0, 1] 
 

Train: [[ 1.          0.         -0.47043566 -0.51238732 -0.60726285 -0.91296476
  -0.78903711 -1.33573963  0.64652443 -0.71556039 -0.97959156 -0.41048224
   0.45457945  0.21377024]
 [ 1.          0.         -0.47758084 -0.51238732  2.29663831  0.54477576
  -1.33257928  0.88466543 -0.94549104 -0.59567982  1.82270593  0.72539909
   0.43581215  0.83129272]
 [ 1.          0.         -0.48473936  0.95157645 -0.88329379 -1.09405054
   1.02986457 -0.55074794  1.24638828 -0.3559187  -0.5868009  -1.08168484
   0.39599644 -0.22370733]
 [ 1.          0.         -0.44133476 -0.51238732 -0.54174036 -0.50552176
   0.24074611 -1.08155184  0.4623953  -0.47579926 -0.66301402  0.46724424
   0.45457945 -1.05444091]
 [ 1.          0.         -0.4989497   2.04954929 -0.82892406 -1.30229918
  -0.09651199 -1.41050074  1.72265795 -0.3559187  -0.62783873 -1.08168484
   0.45457945 -0.89334809]
 [ 1.          0.          4.95369846 -0.51238732  0.95273014  0.43612429
  -1.82209467  1.1575435  -1.05787146  1.80193147  1.55889132  0.77703005
  -1.47326827  1.15031969]
 [ 1.          0.         -0.35661958  0.46358853 -1.01712696  0.88883874
   1.22141407  0.58188292 -0.79403234 -0.47579926 -0.7978526  -2.94039974
   0.32154935  0.31484809]
 [ 1.          0.         -0.50258135  3.39151608 -1.32522209 -1.48338496
  -0.06213131 -1.40302463  2.58286573 -0.95532152 -0.93269118 -0.25558933
  -0.11880827  0.02109058]
 [ 1.          0.         -0.49831711  0.85397887  0.52613688 -0.76809614
   0.28494984 -0.57691433 -0.04984581 -0.59567982 -0.76267732 -0.25558933
   0.43498266 -0.73225527]
 [ 1.          0.         -0.42972527 -0.51238732 -0.19042827 -0.04375302
   0.18671933 -0.06853876 -0.11460412 -0.59567982 -0.56335072 -0.15232739
   0.43705639 -0.38480016]] 
 
 
Val : (161, 14) 
 

FINISHED ENCODING
~~~~~~~~~~~~~~~~~~~~~~~~~~~~~~~~~~~~~~~~~~~~~~~~~~~~~~~~~~~~~~~~~~~~~~~~~~~~~~~


~~~~~~~~~~~~~~~~~~~~~~~~~~~~~~~~~~~~~~~~~~~~~~~~~~~~~~~~~~~~~~~~~~~~~~~~~~~~~~~
Test numpy array issues
X dtype: float64
X Val dtype: float64
X dtype: float32
X Val dtype: float32
After Debugging -- Inner Fold 2
DEBUG Inner Fold 2: num_features: 14
DEBUG Inner Fold 2: num_classes: 1
DEBUG Inner Fold 2: cat_idx: [0, 1]
DEBUG Inner Fold 2: nominal_idx: [0, 1]
DEBUG Inner Fold 2: ordinal_idx: None
DEBUG Inner Fold 2: num_idx: [2, 3, 4, 5, 6, 7, 8, 9, 10, 11, 12, 13]
DEBUG Inner Fold 2: cat_dims: [3, 3]
DEBUG Inner Fold 2: bin_alt: None
In get_device
Using dim 128 and batch size 32
**** Data b4 Fitting ****
Epoch 0 loss 467.4228210449219
Epoch 1 loss 389.2144775390625
Epoch 2 loss 278.22418212890625
Epoch 3 loss 137.9362030029297
Epoch 4 loss 61.632686614990234
Epoch 5 loss 63.41048812866211
Epoch 6 loss 42.301475524902344
Epoch 7 loss 42.59292221069336
Epoch 8 loss 34.13007354736328
Epoch 9 loss 37.81883239746094
Epoch 10 loss 29.678224563598633
Epoch 11 loss 29.34247398376465
Epoch 12 loss 27.15227508544922
Epoch 13 loss 25.04878807067871
Epoch 14 loss 22.931354522705078
Epoch 15 loss 21.119447708129883
Epoch 16 loss 20.317968368530273
Epoch 17 loss 18.51572608947754
Epoch 18 loss 20.080913543701172
Epoch 19 loss 21.30712127685547
Epoch 20 loss 20.20924949645996
Epoch 21 loss 16.7784423828125
Epoch 22 loss 28.154376983642578
Epoch 23 loss 16.495346069335938
Epoch 24 loss 16.787025451660156
Epoch 25 loss 17.280725479125977
Epoch 26 loss 19.89292335510254
Epoch 27 loss 16.72330093383789
Epoch 28 loss 17.72224998474121
Epoch 29 loss 18.528017044067383
Epoch 30 loss 15.765267372131348
Epoch 31 loss 16.647186279296875
Epoch 32 loss 15.030314445495605
Epoch 33 loss 15.182333946228027
Epoch 34 loss 18.559741973876953
Epoch 35 loss 19.157764434814453
Epoch 36 loss 15.12405014038086
Epoch 37 loss 16.711320877075195
Epoch 38 loss 16.188047409057617
Epoch 39 loss 15.765198707580566
Epoch 40 loss 15.465197563171387
Epoch 41 loss 15.361448287963867
Epoch 42 loss 15.546911239624023
Epoch 43 loss 14.706426620483398
Epoch 44 loss 17.623254776000977
Epoch 45 loss 14.432646751403809
Epoch 46 loss 14.678427696228027
Epoch 47 loss 13.509601593017578
Epoch 48 loss 13.998008728027344
Epoch 49 loss 16.02667808532715
Epoch 50 loss 13.02900505065918
Epoch 51 loss 13.870965003967285
Epoch 52 loss 17.284360885620117
Epoch 53 loss 13.998390197753906
Epoch 54 loss 14.500452041625977
Epoch 55 loss 13.978519439697266
Epoch 56 loss 12.729689598083496
Epoch 57 loss 13.641879081726074
Epoch 58 loss 16.21663475036621
Epoch 59 loss 19.05340003967285
Epoch 60 loss 14.086368560791016
Epoch 61 loss 14.018978118896484
Epoch 62 loss 24.524681091308594
Epoch 63 loss 15.324742317199707
Epoch 64 loss 15.513415336608887
Epoch 65 loss 25.40287208557129
Epoch 66 loss 11.98690128326416
Epoch 67 loss 11.909255027770996
Epoch 68 loss 15.503006935119629
Epoch 69 loss 13.727349281311035
Epoch 70 loss 15.088412284851074
Epoch 71 loss 14.094345092773438
Epoch 72 loss 12.158479690551758
Epoch 73 loss 16.71331214904785
Epoch 74 loss 13.026911735534668
Epoch 75 loss 12.362896919250488
Epoch 76 loss 13.15849781036377
Epoch 77 loss 13.486839294433594
Epoch 78 loss 18.11132049560547
Epoch 79 loss 14.531295776367188
Epoch 80 loss 13.965120315551758
Epoch 81 loss 14.088746070861816
Epoch 82 loss 14.26842212677002
Epoch 83 loss 14.601606369018555
Epoch 84 loss 17.54006576538086
Epoch 85 loss 13.74449634552002
Epoch 86 loss 13.341976165771484
Epoch 87 loss 12.964143753051758
Epoch 88 loss 12.605371475219727
Validation loss has not improved for 20 steps!
Early stopping applies.
Inner Fold 2 Results: {'MSE - mean': 13.12504561025027, 'MSE - std': 1.215791281570743, 'R2 - mean': 0.7617512937039583, 'R2 - std': 0.07295997961926681}
  outer_1_inner Fold 3/5
Before Debugging -- Inner Fold 3
DEBUG Inner Fold 3: num_features: 13
DEBUG Inner Fold 3: num_classes: 1
DEBUG Inner Fold 3: cat_idx: [0]
DEBUG Inner Fold 3: nominal_idx: [3]
DEBUG Inner Fold 3: ordinal_idx: None
DEBUG Inner Fold 3: num_idx: None
DEBUG Inner Fold 3: cat_dims: [2]
DEBUG Inner Fold 3: bin_alt: None
~~~~~~~~~~~~~~~~~~~~~~~~~~~~~~~~~~~~~~~~~~~~~~~~~~~~~~~~~~~~~~~~~~~~~~~~~~~~~~~
BEFORE ANY ENCODING
num_features :13
num_classes : 1
cat_idx : [0]
nominal_idx : [3]
ordinal_idx : None
num_idx : None
cat_dims : [2]
bin_alt : None 


X_train shape : (162, 13)
~~~~~~~~~~~~~~~~~~~~~~~~~~~~~~~~~~~~~~~~~~~~~~~~~~~~~~~~~~~~~~~~~~~~~~~~~~~~~~~
~~~~~~~~~~~~~~~~~~~~~~~~~~~~~~~~~~~~~~~~~~~~~~~~~~~~~~~~~~~~~~~~~~~~~~~~~~~~~~~
AFTER getting cat idx
Nominal Index : [3]
Ordinal Index : None
Cat Idx : [0]
Cat dims : [2]
~~~~~~~~~~~~~~~~~~~~~~~~~~~~~~~~~~~~~~~~~~~~~~~~~~~~~~~~~~~~~~~~~~~~~~~~~~~~~~~
BEFORE getting cat idx
Nominal Index : [3]
Ordinal Index : None
Cat Idx : [3]
Cat dims : []
~~~~~~~~~~~~~~~~~~~~~~~~~~~~~~~~~~~~~~~~~~~~~~~~~~~~~~~~~~~~~~~~~~~~~~~~~~~~~~~ 


AFTER SEPARATING CATEGORICALS AND NUMERICALS
Ordinal Index : None
Numerical Index V1 : [0, 1, 2, 4, 5, 6, 7, 8, 9, 10, 11, 12]
Cat Idx V1 : [3] 
Cat Dims V1 : []
 

~~~~~~~~~~~~~~~~~~~~~~~~~~~~~~~~~~~~~~~~~~~~~~~~~~~~~~~~~~~~~~~~~~~~~~~~~~~~~~~ 


Scaling the data...
One Hot Encoding...
Ord : None, Nom : [3], Num : [0, 1, 2, 4, 5, 6, 7, 8, 9, 10, 11, 12]
Num idx: [2, 3, 4, 5, 6, 7, 8, 9, 10, 11, 12, 13]
Ord : None, Nom : [0, 1], Num : [2, 3, 4, 5, 6, 7, 8, 9, 10, 11, 12, 13]
Nominal : (2, 2)
~~~~~~~~~~~~~~~~~~~~~~~~~~~~~~~~~~~~~~~~~~~~~~~~~~~~~~~~~~~~~~~~~~~~~~~~~~~~~~~
After OHE
Numerical Index V2 : [2, 3, 4, 5, 6, 7, 8, 9, 10, 11, 12, 13] 


OHE Idx : [0, 1]


Ordinal Idx V2: None


Cat Dims V2 : []
Cat Idx V2 : [3] 
 

Train: [[ 1.          0.         -0.46487457  0.86360877 -0.82719518]
 [ 1.          0.         -0.42812484 -0.50710926 -0.4760875 ]
 [ 1.          0.         -0.47690615  1.89164729 -0.77130457]
 [ 1.          0.          4.13973195 -0.50710926  1.06018772]
 [ 1.          0.         -0.35639835  0.40670276 -0.96477206]
 [ 1.          0.         -0.479981    3.14813882 -1.28148552]
 [ 1.          0.         -0.47637055  0.77222757  0.6216614 ]
 [ 1.          0.         -0.41829534 -0.50710926 -0.11494818]
 [ 1.          0.          2.85887985 -0.50710926  1.06018772]
 [ 1.          0.         -0.46964816  1.54896778 -1.04072597]] 
 
 
Val : (162, 14) 
 

~~~~~~~~~~~~~~~~~~~~~~~~~~~~~~~~~~~~~~~~~~~~~~~~~~~~~~~~~~~~~~~~~~~~~~~~~~~~~~~
Cat Idx V3 : [0, 1] 
 

~~~~~~~~~~~~~~~~~~~~~~~~~~~~~~~~~~~~~~~~~~~~~~~~~~~~~~~~~~~~~~~~~~~~~~~~~~~~~~~
After ORDINAL
Numerical Index V2 : [2, 3, 4, 5, 6, 7, 8, 9, 10, 11, 12, 13] 


OHE Idx : [0, 1]


Ordinal Idx V2: None


Cat Dims V2 : [3, 3]
Cat Idx V2 : [0, 1] 
 

Train: [[ 1.          0.         -0.46487457  0.86360877 -0.82719518 -1.05691521
   0.93726893 -0.51666698  1.08460711 -0.36601898 -0.60729352 -1.08147
   0.39485743 -0.19902142]
 [ 1.          0.         -0.42812484 -0.50710926 -0.4760875  -0.46890247
   0.19735419 -1.04089983  0.34631593 -0.4850854  -0.68456741  0.47492449
   0.45824087 -1.01522191]
 [ 1.          0.         -0.47690615  1.89164729 -0.77130457 -1.26498125
  -0.11887494 -1.36577653  1.53311329 -0.36601898 -0.64890254 -1.08147
   0.45824087 -0.85694729]
 [ 1.          0.          4.13973195 -0.50710926  1.06018772  0.47191792
  -1.73686278  1.17047677 -1.08532895  1.77717651  1.56826369  0.78620339
  -1.62757913  1.15096797]
 [ 1.          0.         -0.35639835  0.40670276 -0.96477206  0.92423541
   1.11687479  0.60194255 -0.83686997 -0.4850854  -0.82128276 -2.94914339
   0.31430998  0.33011235]
 [ 1.          0.         -0.479981    3.14813882 -1.28148552 -1.44590825
  -0.08663799 -1.35839297  2.34317643 -0.96135106 -0.9579981  -0.25139294
  -0.16213156  0.04149393]
 [ 1.          0.         -0.47637055  0.77222757  0.6216614  -0.73124661
   0.23880169 -0.54250944 -0.13606478 -0.60415182 -0.78561788 -0.25139294
   0.43703827 -0.69867267]
 [ 1.          0.         -0.41829534 -0.50710926 -0.11494818 -0.00753862
   0.14669612 -0.04042728 -0.19704809 -0.60415182 -0.58351694 -0.1476333
   0.43928193 -0.35729604]
 [ 1.          0.          2.85887985 -0.50710926  1.06018772  1.03279161
  -3.29805219  1.17047677 -1.2733532   1.77717651  1.56826369  0.78620339
   0.15893642  1.65682606]
 [ 1.          0.         -0.46964816  1.54896778 -1.04072597 -0.97549806
   1.37937567 -1.0852012   0.27573255 -0.4850854  -0.02476727 -1.80778743
   0.45824087 -1.12849688]] 
 
 
Val : (162, 14) 
 

FINISHED ENCODING
~~~~~~~~~~~~~~~~~~~~~~~~~~~~~~~~~~~~~~~~~~~~~~~~~~~~~~~~~~~~~~~~~~~~~~~~~~~~~~~


~~~~~~~~~~~~~~~~~~~~~~~~~~~~~~~~~~~~~~~~~~~~~~~~~~~~~~~~~~~~~~~~~~~~~~~~~~~~~~~
Test numpy array issues
X dtype: float64
X Val dtype: float64
X dtype: float32
X Val dtype: float32
After Debugging -- Inner Fold 3
DEBUG Inner Fold 3: num_features: 14
DEBUG Inner Fold 3: num_classes: 1
DEBUG Inner Fold 3: cat_idx: [0, 1]
DEBUG Inner Fold 3: nominal_idx: [0, 1]
DEBUG Inner Fold 3: ordinal_idx: None
DEBUG Inner Fold 3: num_idx: [2, 3, 4, 5, 6, 7, 8, 9, 10, 11, 12, 13]
DEBUG Inner Fold 3: cat_dims: [3, 3]
DEBUG Inner Fold 3: bin_alt: None
In get_device
Using dim 128 and batch size 32
**** Data b4 Fitting ****
Epoch 0 loss 452.4883728027344
Epoch 1 loss 355.10382080078125
Epoch 2 loss 223.42930603027344
Epoch 3 loss 84.20401763916016
Epoch 4 loss 74.6488265991211
Epoch 5 loss 53.55841064453125
Epoch 6 loss 54.61117172241211
Epoch 7 loss 51.7829475402832
Epoch 8 loss 46.31990432739258
Epoch 9 loss 45.370418548583984
Epoch 10 loss 44.46274185180664
Epoch 11 loss 42.15064239501953
Epoch 12 loss 43.10393524169922
Epoch 13 loss 41.40776443481445
Epoch 14 loss 40.7398567199707
Epoch 15 loss 42.32328414916992
Epoch 16 loss 41.057125091552734
Epoch 17 loss 42.43655014038086
Epoch 18 loss 42.04998016357422
Epoch 19 loss 40.600894927978516
Epoch 20 loss 40.2843132019043
Epoch 21 loss 38.56959915161133
Epoch 22 loss 38.2754020690918
Epoch 23 loss 39.393821716308594
Epoch 24 loss 38.68254089355469
Epoch 25 loss 39.944488525390625
Epoch 26 loss 39.97499084472656
Epoch 27 loss 38.68073654174805
Epoch 28 loss 38.44485092163086
Epoch 29 loss 38.5967903137207
Epoch 30 loss 38.13059616088867
Epoch 31 loss 38.403446197509766
Epoch 32 loss 38.81290054321289
Epoch 33 loss 39.72614288330078
Epoch 34 loss 39.688201904296875
Epoch 35 loss 39.857749938964844
Epoch 36 loss 41.52994918823242
Epoch 37 loss 40.68864440917969
Epoch 38 loss 37.86894607543945
Epoch 39 loss 38.01007843017578
Epoch 40 loss 40.3505859375
Epoch 41 loss 39.15687942504883
Epoch 42 loss 38.20223617553711
Epoch 43 loss 38.24497604370117
Epoch 44 loss 38.999595642089844
Epoch 45 loss 43.34284591674805
Epoch 46 loss 41.151187896728516
Epoch 47 loss 40.85920333862305
Epoch 48 loss 41.56477737426758
Epoch 49 loss 38.68303298950195
Epoch 50 loss 38.921016693115234
Epoch 51 loss 38.07266616821289
Epoch 52 loss 41.09416961669922
Epoch 53 loss 43.23846435546875
Epoch 54 loss 41.93527603149414
Epoch 55 loss 39.411739349365234
Epoch 56 loss 40.05842208862305
Epoch 57 loss 37.9056510925293
Epoch 58 loss 37.780723571777344
Epoch 59 loss 38.49628829956055
Epoch 60 loss 37.83306884765625
Epoch 61 loss 38.59125518798828
Epoch 62 loss 38.79879379272461
Epoch 63 loss 39.3768424987793
Epoch 64 loss 39.444095611572266
Epoch 65 loss 39.08005142211914
Epoch 66 loss 39.19723129272461
Epoch 67 loss 38.71273422241211
Epoch 68 loss 39.900474548339844
Epoch 69 loss 40.95211410522461
Epoch 70 loss 39.13641357421875
Epoch 71 loss 39.038970947265625
Epoch 72 loss 40.992103576660156
Epoch 73 loss 40.862571716308594
Epoch 74 loss 38.10715103149414
Epoch 75 loss 38.75121307373047
Epoch 76 loss 37.99697494506836
Epoch 77 loss 38.9273681640625
Epoch 78 loss 40.80062484741211
Epoch 79 loss 39.231624603271484
Validation loss has not improved for 20 steps!
Early stopping applies.
Inner Fold 3 Results: {'MSE - mean': 21.343604954500638, 'MSE - std': 11.665113273495995, 'R2 - mean': 0.6442683073114229, 'R2 - std': 0.17650290819354758}
  outer_1_inner Fold 4/5
Before Debugging -- Inner Fold 4
DEBUG Inner Fold 4: num_features: 13
DEBUG Inner Fold 4: num_classes: 1
DEBUG Inner Fold 4: cat_idx: [0]
DEBUG Inner Fold 4: nominal_idx: [3]
DEBUG Inner Fold 4: ordinal_idx: None
DEBUG Inner Fold 4: num_idx: None
DEBUG Inner Fold 4: cat_dims: [2]
DEBUG Inner Fold 4: bin_alt: None
~~~~~~~~~~~~~~~~~~~~~~~~~~~~~~~~~~~~~~~~~~~~~~~~~~~~~~~~~~~~~~~~~~~~~~~~~~~~~~~
BEFORE ANY ENCODING
num_features :13
num_classes : 1
cat_idx : [0]
nominal_idx : [3]
ordinal_idx : None
num_idx : None
cat_dims : [2]
bin_alt : None 


X_train shape : (162, 13)
~~~~~~~~~~~~~~~~~~~~~~~~~~~~~~~~~~~~~~~~~~~~~~~~~~~~~~~~~~~~~~~~~~~~~~~~~~~~~~~
~~~~~~~~~~~~~~~~~~~~~~~~~~~~~~~~~~~~~~~~~~~~~~~~~~~~~~~~~~~~~~~~~~~~~~~~~~~~~~~
AFTER getting cat idx
Nominal Index : [3]
Ordinal Index : None
Cat Idx : [0]
Cat dims : [2]
~~~~~~~~~~~~~~~~~~~~~~~~~~~~~~~~~~~~~~~~~~~~~~~~~~~~~~~~~~~~~~~~~~~~~~~~~~~~~~~
BEFORE getting cat idx
Nominal Index : [3]
Ordinal Index : None
Cat Idx : [3]
Cat dims : []
~~~~~~~~~~~~~~~~~~~~~~~~~~~~~~~~~~~~~~~~~~~~~~~~~~~~~~~~~~~~~~~~~~~~~~~~~~~~~~~ 


AFTER SEPARATING CATEGORICALS AND NUMERICALS
Ordinal Index : None
Numerical Index V1 : [0, 1, 2, 4, 5, 6, 7, 8, 9, 10, 11, 12]
Cat Idx V1 : [3] 
Cat Dims V1 : []
 

~~~~~~~~~~~~~~~~~~~~~~~~~~~~~~~~~~~~~~~~~~~~~~~~~~~~~~~~~~~~~~~~~~~~~~~~~~~~~~~ 


Scaling the data...
One Hot Encoding...
Ord : None, Nom : [3], Num : [0, 1, 2, 4, 5, 6, 7, 8, 9, 10, 11, 12]
Num idx: [2, 3, 4, 5, 6, 7, 8, 9, 10, 11, 12, 13]
Ord : None, Nom : [0, 1], Num : [2, 3, 4, 5, 6, 7, 8, 9, 10, 11, 12, 13]
Nominal : (2, 2)
~~~~~~~~~~~~~~~~~~~~~~~~~~~~~~~~~~~~~~~~~~~~~~~~~~~~~~~~~~~~~~~~~~~~~~~~~~~~~~~
After OHE
Numerical Index V2 : [2, 3, 4, 5, 6, 7, 8, 9, 10, 11, 12, 13] 


OHE Idx : [0, 1]


Ordinal Idx V2: None


Cat Dims V2 : []
Cat Idx V2 : [3] 
 

Train: [[ 1.          0.         -0.46743706 -0.51090311 -0.6097501 ]
 [ 1.          0.         -0.47357636 -0.51090311  2.34598709]
 [ 1.          0.         -0.47972712  0.93859433 -0.89070832]
 [ 1.          0.         -0.44243293 -0.51090311 -0.543058  ]
 [ 1.          0.         -0.49193696  2.02571741 -0.83536807]
 [ 1.          0.          4.19309886 -0.51090311  0.97808951]
 [ 1.          0.         -0.36964378  0.45542852 -1.02693049]
 [ 1.          0.         -0.49505736  3.3544234  -1.34052526]
 [ 1.          0.         -0.49139342  0.84196117  0.54388136]
 [ 1.          0.         -0.48820426 -0.51090311 -0.85381482]] 
 
 
Val : (162, 14) 
 

~~~~~~~~~~~~~~~~~~~~~~~~~~~~~~~~~~~~~~~~~~~~~~~~~~~~~~~~~~~~~~~~~~~~~~~~~~~~~~~
Cat Idx V3 : [0, 1] 
 

~~~~~~~~~~~~~~~~~~~~~~~~~~~~~~~~~~~~~~~~~~~~~~~~~~~~~~~~~~~~~~~~~~~~~~~~~~~~~~~
After ORDINAL
Numerical Index V2 : [2, 3, 4, 5, 6, 7, 8, 9, 10, 11, 12, 13] 


OHE Idx : [0, 1]


Ordinal Idx V2: None


Cat Dims V2 : [3, 3]
Cat Idx V2 : [0, 1] 
 

Train: [[ 1.          0.         -0.46743706 -0.51090311 -0.6097501  -0.88842116
  -0.76698389 -1.31131095  0.60870732 -0.71576782 -1.04980898 -0.3889202
   0.49876088  0.20086896]
 [ 1.          0.         -0.47357636 -0.51090311  2.34598709  0.54468812
  -1.32753425  0.88764399 -0.97245436 -0.5970837   1.83128714  0.72801098
   0.48191716  0.80848318]
 [ 1.          0.         -0.47972712  0.93859433 -0.89070832 -1.06644715
   1.10883373 -0.53390264  1.20448152 -0.35971545 -0.64597333 -1.04892499
   0.4461824  -0.22958919]
 [ 1.          0.         -0.44243293 -0.51090311 -0.543058   -0.48786266
   0.29502267 -1.05957873  0.42583352 -0.47839958 -0.7243295   0.47416299
   0.49876088 -1.04699348]
 [ 1.          0.         -0.49193696  2.02571741 -0.83536807 -1.27117705
  -0.0527887  -1.38534984  1.67750415 -0.35971545 -0.68816512 -1.04892499
   0.49876088 -0.88848543]
 [ 1.          0.          4.19309886 -0.51090311  0.97808951  0.43787252
  -1.83236726  1.15788592 -1.0840686   1.77659873  1.56005424  0.77878058
  -1.23148999  1.12239129]
 [ 1.          0.         -0.36964378  0.45542852 -1.02693049  0.88293752
   1.30637708  0.5877865  -0.82202824 -0.47839958 -0.86295965 -2.87663057
   0.37936585  0.300325  ]
 [ 1.          0.         -0.49505736  3.3544234  -1.34052526 -1.44920305
  -0.0173322  -1.37794595  2.53184734 -0.95313606 -1.0015898  -0.2366114
  -0.01585684  0.01128089]
 [ 1.          0.         -0.49139342  0.84196117  0.54388136 -0.74600036
   0.34060959 -0.55981625 -0.08291531 -0.5970837  -0.82679526 -0.2366114
   0.48117268 -0.72997737]
 [ 1.          0.         -0.48820426 -0.51090311 -0.85381482 -0.29203407
  -0.45969423 -0.37842098  0.46975602 -0.47839958 -1.10405556  0.77878058
   0.49876088 -0.55437531]] 
 
 
Val : (162, 14) 
 

FINISHED ENCODING
~~~~~~~~~~~~~~~~~~~~~~~~~~~~~~~~~~~~~~~~~~~~~~~~~~~~~~~~~~~~~~~~~~~~~~~~~~~~~~~


~~~~~~~~~~~~~~~~~~~~~~~~~~~~~~~~~~~~~~~~~~~~~~~~~~~~~~~~~~~~~~~~~~~~~~~~~~~~~~~
Test numpy array issues
X dtype: float64
X Val dtype: float64
X dtype: float32
X Val dtype: float32
After Debugging -- Inner Fold 4
DEBUG Inner Fold 4: num_features: 14
DEBUG Inner Fold 4: num_classes: 1
DEBUG Inner Fold 4: cat_idx: [0, 1]
DEBUG Inner Fold 4: nominal_idx: [0, 1]
DEBUG Inner Fold 4: ordinal_idx: None
DEBUG Inner Fold 4: num_idx: [2, 3, 4, 5, 6, 7, 8, 9, 10, 11, 12, 13]
DEBUG Inner Fold 4: cat_dims: [3, 3]
DEBUG Inner Fold 4: bin_alt: None
In get_device
Using dim 128 and batch size 32
**** Data b4 Fitting ****
Epoch 0 loss 543.710693359375
Epoch 1 loss 430.6703186035156
Epoch 2 loss 276.6875
Epoch 3 loss 114.29498291015625
Epoch 4 loss 71.81633758544922
Epoch 5 loss 55.932655334472656
Epoch 6 loss 62.766334533691406
Epoch 7 loss 61.25368118286133
Epoch 8 loss 40.49121856689453
Epoch 9 loss 38.89592361450195
Epoch 10 loss 40.79745101928711
Epoch 11 loss 37.13560485839844
Epoch 12 loss 32.068416595458984
Epoch 13 loss 31.370502471923828
Epoch 14 loss 29.467823028564453
Epoch 15 loss 27.0789737701416
Epoch 16 loss 26.08353042602539
Epoch 17 loss 24.010568618774414
Epoch 18 loss 20.94257164001465
Epoch 19 loss 23.13875389099121
Epoch 20 loss 21.48041343688965
Epoch 21 loss 23.137399673461914
Epoch 22 loss 25.073745727539062
Epoch 23 loss 23.32419204711914
Epoch 24 loss 23.575782775878906
Epoch 25 loss 22.157928466796875
Epoch 26 loss 22.490375518798828
Epoch 27 loss 24.108911514282227
Epoch 28 loss 23.382774353027344
Epoch 29 loss 26.48822021484375
Epoch 30 loss 23.021203994750977
Epoch 31 loss 21.72858428955078
Epoch 32 loss 23.492212295532227
Epoch 33 loss 21.11260986328125
Epoch 34 loss 20.45362663269043
Epoch 35 loss 20.44352149963379
Epoch 36 loss 20.455968856811523
Epoch 37 loss 19.397932052612305
Epoch 38 loss 18.45322036743164
Epoch 39 loss 20.05060386657715
Epoch 40 loss 21.497207641601562
Epoch 41 loss 23.71224021911621
Epoch 42 loss 21.524137496948242
Epoch 43 loss 21.228939056396484
Epoch 44 loss 21.7503719329834
Epoch 45 loss 21.586240768432617
Epoch 46 loss 22.435123443603516
Epoch 47 loss 21.315160751342773
Epoch 48 loss 22.65883445739746
Epoch 49 loss 20.62351417541504
Epoch 50 loss 20.944442749023438
Epoch 51 loss 21.873411178588867
Epoch 52 loss 28.125329971313477
Epoch 53 loss 34.60231399536133
Epoch 54 loss 31.012598037719727
Epoch 55 loss 32.682125091552734
Epoch 56 loss 26.199710845947266
Epoch 57 loss 23.547075271606445
Epoch 58 loss 28.945669174194336
Epoch 59 loss 29.160903930664062
Validation loss has not improved for 20 steps!
Early stopping applies.
Inner Fold 4 Results: {'MSE - mean': 20.621008322142416, 'MSE - std': 10.179518084954006, 'R2 - mean': 0.6801419255583653, 'R2 - std': 0.16500214213447953}
  outer_1_inner Fold 5/5
Before Debugging -- Inner Fold 5
DEBUG Inner Fold 5: num_features: 13
DEBUG Inner Fold 5: num_classes: 1
DEBUG Inner Fold 5: cat_idx: [0]
DEBUG Inner Fold 5: nominal_idx: [3]
DEBUG Inner Fold 5: ordinal_idx: None
DEBUG Inner Fold 5: num_idx: None
DEBUG Inner Fold 5: cat_dims: [2]
DEBUG Inner Fold 5: bin_alt: None
~~~~~~~~~~~~~~~~~~~~~~~~~~~~~~~~~~~~~~~~~~~~~~~~~~~~~~~~~~~~~~~~~~~~~~~~~~~~~~~
BEFORE ANY ENCODING
num_features :13
num_classes : 1
cat_idx : [0]
nominal_idx : [3]
ordinal_idx : None
num_idx : None
cat_dims : [2]
bin_alt : None 


X_train shape : (162, 13)
~~~~~~~~~~~~~~~~~~~~~~~~~~~~~~~~~~~~~~~~~~~~~~~~~~~~~~~~~~~~~~~~~~~~~~~~~~~~~~~
~~~~~~~~~~~~~~~~~~~~~~~~~~~~~~~~~~~~~~~~~~~~~~~~~~~~~~~~~~~~~~~~~~~~~~~~~~~~~~~
AFTER getting cat idx
Nominal Index : [3]
Ordinal Index : None
Cat Idx : [0]
Cat dims : [2]
~~~~~~~~~~~~~~~~~~~~~~~~~~~~~~~~~~~~~~~~~~~~~~~~~~~~~~~~~~~~~~~~~~~~~~~~~~~~~~~
BEFORE getting cat idx
Nominal Index : [3]
Ordinal Index : None
Cat Idx : [3]
Cat dims : []
~~~~~~~~~~~~~~~~~~~~~~~~~~~~~~~~~~~~~~~~~~~~~~~~~~~~~~~~~~~~~~~~~~~~~~~~~~~~~~~ 


AFTER SEPARATING CATEGORICALS AND NUMERICALS
Ordinal Index : None
Numerical Index V1 : [0, 1, 2, 4, 5, 6, 7, 8, 9, 10, 11, 12]
Cat Idx V1 : [3] 
Cat Dims V1 : []
 

~~~~~~~~~~~~~~~~~~~~~~~~~~~~~~~~~~~~~~~~~~~~~~~~~~~~~~~~~~~~~~~~~~~~~~~~~~~~~~~ 


Scaling the data...
One Hot Encoding...
Ord : None, Nom : [3], Num : [0, 1, 2, 4, 5, 6, 7, 8, 9, 10, 11, 12]
Num idx: [2, 3, 4, 5, 6, 7, 8, 9, 10, 11, 12, 13]
Ord : None, Nom : [0, 1], Num : [2, 3, 4, 5, 6, 7, 8, 9, 10, 11, 12, 13]
Nominal : (2, 2)
~~~~~~~~~~~~~~~~~~~~~~~~~~~~~~~~~~~~~~~~~~~~~~~~~~~~~~~~~~~~~~~~~~~~~~~~~~~~~~~
After OHE
Numerical Index V2 : [2, 3, 4, 5, 6, 7, 8, 9, 10, 11, 12, 13] 


OHE Idx : [0, 1]


Ordinal Idx V2: None


Cat Dims V2 : []
Cat Idx V2 : [3] 
 

Train: [[ 1.          0.         -0.45863399 -0.50696048 -0.56331497]
 [ 1.          0.         -0.46471187 -0.50696048  2.28928019]
 [ 1.          0.         -0.4708011   0.81661079 -0.834469  ]
 [ 1.          0.          4.15528086 -0.50696048  0.96911613]
 [ 1.          0.         -0.36181896  0.37542037 -0.96593762]
 [ 1.          0.         -0.42400463 -0.50696048 -0.153845  ]
 [ 1.          0.         -0.47919344 -0.50696048 -0.79886292]
 [ 1.          0.          2.86845499 -0.50696048  0.96911613]
 [ 1.          0.         -0.47559696  1.47839642 -1.03851925]
 [ 1.          0.         -0.4368703  -0.50696048  1.48814329]] 
 
 
Val : (162, 14) 
 

~~~~~~~~~~~~~~~~~~~~~~~~~~~~~~~~~~~~~~~~~~~~~~~~~~~~~~~~~~~~~~~~~~~~~~~~~~~~~~~
Cat Idx V3 : [0, 1] 
 

~~~~~~~~~~~~~~~~~~~~~~~~~~~~~~~~~~~~~~~~~~~~~~~~~~~~~~~~~~~~~~~~~~~~~~~~~~~~~~~
After ORDINAL
Numerical Index V2 : [2, 3, 4, 5, 6, 7, 8, 9, 10, 11, 12, 13] 


OHE Idx : [0, 1]


Ordinal Idx V2: None


Cat Dims V2 : [3, 3]
Cat Idx V2 : [0, 1] 
 

Train: [[ 1.          0.         -0.45863399 -0.50696048 -0.56331497 -0.90579192
  -0.81649142 -1.33334794  0.59858711 -0.73255068 -1.05474851 -0.43053497
   0.46980031  0.16118913]
 [ 1.          0.         -0.46471187 -0.50696048  2.28928019  0.50221004
  -1.33500763  0.84797484 -0.90991394 -0.61446788  1.77061145  0.69276417
   0.45128714  0.73120041]
 [ 1.          0.         -0.4708011   0.81661079 -0.834469   -1.080699
   0.91866372 -0.56217322  1.16698313 -0.37830229 -0.65872525 -1.09430264
   0.41201057 -0.2426296 ]
 [ 1.          0.          4.15528086 -0.50696048  0.96911613  0.39726579
  -1.80198458  1.11604986 -1.01639907  1.74718804  1.50462568  0.74382322
  -1.43194226  1.02568194]
 [ 1.          0.         -0.36181896  0.37542037 -0.96593762  0.83453349
   1.10139383  0.55052173 -0.7664005  -0.49638509 -0.87151387 -2.93242851
   0.33857158  0.25449021]
 [ 1.          0.         -0.42400463 -0.50696048 -0.153845   -0.06623796
   0.11433888 -0.08845161 -0.12261393 -0.61446788 -0.63508207 -0.17523971
   0.45251453 -0.39132819]
 [ 1.          0.         -0.47919344 -0.50696048 -0.79886292 -0.31985322
  -0.53224459 -0.40793828  0.46602117 -0.49638509 -1.10794567  0.74382322
   0.46980031 -0.54731593]
 [ 1.          0.          2.86845499 -0.50696048  0.96911613  0.93947773
  -3.39033091  1.11604986 -1.20558843  1.74718804  1.50462568  0.74382322
   0.19691002  1.5009343 ]
 [ 1.          0.         -0.47559696  1.47839642 -1.03851925 -1.00199082
   1.36846091 -1.12770135  0.35309633 -0.49638509 -0.07946735 -1.80912937
   0.46980031 -1.11586938]
 [ 1.          0.         -0.4368703  -0.50696048  1.48814329  0.63339035
  -0.57285128  0.87735292 -0.84275701 -0.61446788  0.15105365  1.25441374
   0.27904304  0.5620922 ]] 
 
 
Val : (162, 14) 
 

FINISHED ENCODING
~~~~~~~~~~~~~~~~~~~~~~~~~~~~~~~~~~~~~~~~~~~~~~~~~~~~~~~~~~~~~~~~~~~~~~~~~~~~~~~


~~~~~~~~~~~~~~~~~~~~~~~~~~~~~~~~~~~~~~~~~~~~~~~~~~~~~~~~~~~~~~~~~~~~~~~~~~~~~~~
Test numpy array issues
X dtype: float64
X Val dtype: float64
X dtype: float32
X Val dtype: float32
After Debugging -- Inner Fold 5
DEBUG Inner Fold 5: num_features: 14
DEBUG Inner Fold 5: num_classes: 1
DEBUG Inner Fold 5: cat_idx: [0, 1]
DEBUG Inner Fold 5: nominal_idx: [0, 1]
DEBUG Inner Fold 5: ordinal_idx: None
DEBUG Inner Fold 5: num_idx: [2, 3, 4, 5, 6, 7, 8, 9, 10, 11, 12, 13]
DEBUG Inner Fold 5: cat_dims: [3, 3]
DEBUG Inner Fold 5: bin_alt: None
In get_device
Using dim 128 and batch size 32
**** Data b4 Fitting ****
Epoch 0 loss 450.27227783203125
Epoch 1 loss 357.9849853515625
Epoch 2 loss 234.83580017089844
Epoch 3 loss 91.11539459228516
Epoch 4 loss 39.7117919921875
Epoch 5 loss 50.16270065307617
Epoch 6 loss 27.214221954345703
Epoch 7 loss 27.5028018951416
Epoch 8 loss 27.007827758789062
Epoch 9 loss 32.19883346557617
Epoch 10 loss 21.908506393432617
Epoch 11 loss 20.89145278930664
Epoch 12 loss 19.792837142944336
Epoch 13 loss 18.109254837036133
Epoch 14 loss 18.334861755371094
Epoch 15 loss 15.8568115234375
Epoch 16 loss 15.567898750305176
Epoch 17 loss 18.027252197265625
Epoch 18 loss 14.853372573852539
Epoch 19 loss 12.361152648925781
Epoch 20 loss 15.876700401306152
Epoch 21 loss 11.482008934020996
Epoch 22 loss 11.346969604492188
Epoch 23 loss 16.341678619384766
Epoch 24 loss 11.79766845703125
Epoch 25 loss 11.0855073928833
Epoch 26 loss 11.3931303024292
Epoch 27 loss 11.466906547546387
Epoch 28 loss 11.611588478088379
Epoch 29 loss 9.202590942382812
Epoch 30 loss 9.542268753051758
Epoch 31 loss 12.950438499450684
Epoch 32 loss 8.929306983947754
Epoch 33 loss 8.689861297607422
Epoch 34 loss 9.301518440246582
Epoch 35 loss 8.362191200256348
Epoch 36 loss 8.321471214294434
Epoch 37 loss 7.901754856109619
Epoch 38 loss 7.4965057373046875
Epoch 39 loss 7.673760414123535
Epoch 40 loss 7.073380947113037
Epoch 41 loss 6.926156520843506
Epoch 42 loss 7.574229717254639
Epoch 43 loss 7.59561014175415
Epoch 44 loss 6.6198883056640625
Epoch 45 loss 7.831268310546875
Epoch 46 loss 6.484887599945068
Epoch 47 loss 6.63521146774292
Epoch 48 loss 6.821903228759766
Epoch 49 loss 6.275618076324463
Epoch 50 loss 6.204644680023193
Epoch 51 loss 6.285547256469727
Epoch 52 loss 6.143374919891357
Epoch 53 loss 6.9819512367248535
Epoch 54 loss 6.5973358154296875
Epoch 55 loss 6.447811126708984
Epoch 56 loss 5.584476470947266
Epoch 57 loss 5.884575843811035
Epoch 58 loss 5.853817462921143
Epoch 59 loss 6.005959987640381
Epoch 60 loss 7.831007480621338
Epoch 61 loss 7.441764831542969
Epoch 62 loss 9.615349769592285
Epoch 63 loss 8.029762268066406
Epoch 64 loss 8.255949974060059
Epoch 65 loss 6.93312406539917
Epoch 66 loss 5.993765354156494
Epoch 67 loss 5.343020915985107
Epoch 68 loss 6.411511421203613
Epoch 69 loss 5.980729579925537
Epoch 70 loss 5.774621486663818
Epoch 71 loss 5.792978763580322
Epoch 72 loss 5.576381683349609
Epoch 73 loss 5.534388542175293
Epoch 74 loss 5.680493354797363
Epoch 75 loss 6.6849822998046875
Epoch 76 loss 9.580641746520996
Epoch 77 loss 6.565883159637451
Epoch 78 loss 6.143165111541748
Epoch 79 loss 6.2424163818359375
Epoch 80 loss 5.873824596405029
Epoch 81 loss 6.442361354827881
Epoch 82 loss 5.761847972869873
Epoch 83 loss 6.233756065368652
Epoch 84 loss 7.346019268035889
Epoch 85 loss 6.322892665863037
Epoch 86 loss 6.330131530761719
Epoch 87 loss 6.480159759521484
Epoch 88 loss 5.957694053649902
Validation loss has not improved for 20 steps!
Early stopping applies.
Inner Fold 5 Results: {'MSE - mean': 17.565410876350604, 'MSE - std': 10.965617800946845, 'R2 - mean': 0.7202929062908682, 'R2 - std': 0.16801479262940178}
Trial Results B4 Saving: {'MSE - mean': 17.565410876350604, 'MSE - std': 10.965617800946845, 'R2 - mean': 0.7202929062908682, 'R2 - std': 0.16801479262940178}
Score: 17.565410876350604
  outer_1_inner Fold 1/5
Before Debugging -- Inner Fold 1
DEBUG Inner Fold 1: num_features: 13
DEBUG Inner Fold 1: num_classes: 1
DEBUG Inner Fold 1: cat_idx: [0]
DEBUG Inner Fold 1: nominal_idx: [3]
DEBUG Inner Fold 1: ordinal_idx: None
DEBUG Inner Fold 1: num_idx: None
DEBUG Inner Fold 1: cat_dims: [2]
DEBUG Inner Fold 1: bin_alt: None
~~~~~~~~~~~~~~~~~~~~~~~~~~~~~~~~~~~~~~~~~~~~~~~~~~~~~~~~~~~~~~~~~~~~~~~~~~~~~~~
BEFORE ANY ENCODING
num_features :13
num_classes : 1
cat_idx : [0]
nominal_idx : [3]
ordinal_idx : None
num_idx : None
cat_dims : [2]
bin_alt : None 


X_train shape : (161, 13)
~~~~~~~~~~~~~~~~~~~~~~~~~~~~~~~~~~~~~~~~~~~~~~~~~~~~~~~~~~~~~~~~~~~~~~~~~~~~~~~
~~~~~~~~~~~~~~~~~~~~~~~~~~~~~~~~~~~~~~~~~~~~~~~~~~~~~~~~~~~~~~~~~~~~~~~~~~~~~~~
AFTER getting cat idx
Nominal Index : [3]
Ordinal Index : None
Cat Idx : [0]
Cat dims : [2]
~~~~~~~~~~~~~~~~~~~~~~~~~~~~~~~~~~~~~~~~~~~~~~~~~~~~~~~~~~~~~~~~~~~~~~~~~~~~~~~
BEFORE getting cat idx
Nominal Index : [3]
Ordinal Index : None
Cat Idx : [3]
Cat dims : []
~~~~~~~~~~~~~~~~~~~~~~~~~~~~~~~~~~~~~~~~~~~~~~~~~~~~~~~~~~~~~~~~~~~~~~~~~~~~~~~ 


AFTER SEPARATING CATEGORICALS AND NUMERICALS
Ordinal Index : None
Numerical Index V1 : [0, 1, 2, 4, 5, 6, 7, 8, 9, 10, 11, 12]
Cat Idx V1 : [3] 
Cat Dims V1 : []
 

~~~~~~~~~~~~~~~~~~~~~~~~~~~~~~~~~~~~~~~~~~~~~~~~~~~~~~~~~~~~~~~~~~~~~~~~~~~~~~~ 


Scaling the data...
One Hot Encoding...
Ord : None, Nom : [3], Num : [0, 1, 2, 4, 5, 6, 7, 8, 9, 10, 11, 12]
Num idx: [2, 3, 4, 5, 6, 7, 8, 9, 10, 11, 12, 13]
Ord : None, Nom : [0, 1], Num : [2, 3, 4, 5, 6, 7, 8, 9, 10, 11, 12, 13]
Nominal : (2, 2)
~~~~~~~~~~~~~~~~~~~~~~~~~~~~~~~~~~~~~~~~~~~~~~~~~~~~~~~~~~~~~~~~~~~~~~~~~~~~~~~
After OHE
Numerical Index V2 : [2, 3, 4, 5, 6, 7, 8, 9, 10, 11, 12, 13] 


OHE Idx : [0, 1]


Ordinal Idx V2: None


Cat Dims V2 : []
Cat Idx V2 : [3] 
 

Train: [[ 1.          0.         -0.4474006  -0.531099   -0.49746357]
 [ 1.          0.         -0.45386968 -0.531099    2.47958591]
 [ 1.          0.         -0.42105335 -0.531099   -0.43029059]
 [ 1.          0.         -0.47321653  1.68137724 -0.72470835]
 [ 1.          0.         -0.47650454  2.84029336 -1.23350797]
 [ 1.          0.         -0.4726438   0.64888833  0.66448613]
 [ 1.          0.         -0.41054239 -0.531099   -0.07012906]
 [ 1.          0.         -0.46928333 -0.531099   -0.74328811]
 [ 1.          0.          3.09383027 -0.531099    1.10182513]
 [ 1.          0.         -0.46545536  1.3653092  -0.99340028]] 
 
 
Val : (161, 14) 
 

~~~~~~~~~~~~~~~~~~~~~~~~~~~~~~~~~~~~~~~~~~~~~~~~~~~~~~~~~~~~~~~~~~~~~~~~~~~~~~~
Cat Idx V3 : [0, 1] 
 

~~~~~~~~~~~~~~~~~~~~~~~~~~~~~~~~~~~~~~~~~~~~~~~~~~~~~~~~~~~~~~~~~~~~~~~~~~~~~~~
After ORDINAL
Numerical Index V2 : [2, 3, 4, 5, 6, 7, 8, 9, 10, 11, 12, 13] 


OHE Idx : [0, 1]


Ordinal Idx V2: None


Cat Dims V2 : [3, 3]
Cat Idx V2 : [0, 1] 
 

Train: [[ 1.00000000e+00  0.00000000e+00 -4.47400601e-01 -5.31098998e-01
  -4.97463572e-01 -8.27964537e-01 -8.12535881e-01 -1.24105249e+00
   4.95908065e-01 -6.98040889e-01 -9.66072145e-01 -3.39995663e-01
   4.55594017e-01  2.70443831e-01]
 [ 1.00000000e+00  0.00000000e+00 -4.53869677e-01 -5.31098998e-01
   2.47958591e+00  6.02899232e-01 -1.31207200e+00  9.30431742e-01
  -9.78130451e-01 -5.77585816e-01  1.94435965e+00  7.89708500e-01
   4.37102501e-01  8.43126474e-01]
 [ 1.00000000e+00  0.00000000e+00 -4.21053348e-01 -5.31098998e-01
  -4.30290588e-01 -4.28033670e-01  1.33874408e-01 -9.92465066e-01
   3.25423903e-01 -4.57130743e-01 -6.37278595e-01  5.32957554e-01
   4.55594017e-01 -9.05679346e-01]
 [ 1.00000000e+00  0.00000000e+00 -4.73216527e-01  1.68137724e+00
  -7.24708347e-01 -1.21012070e+00 -1.76078723e-01 -1.31416643e+00
   1.49229428e+00 -3.36675670e-01 -6.00745978e-01 -1.00754812e+00
   4.55594017e-01 -7.56283874e-01]
 [ 1.00000000e+00  0.00000000e+00 -4.76504543e-01  2.84029336e+00
  -1.23350797e+00 -1.38786775e+00 -1.44481560e-01 -1.30685504e+00
   2.28875601e+00 -9.38951035e-01 -9.17361989e-01 -1.85945095e-01
  -1.09367794e-01  9.17551292e-02]
 [ 1.00000000e+00  0.00000000e+00 -4.72643798e-01  6.48888327e-01
   6.64486129e-01 -6.85766895e-01  1.74499333e-01 -4.98945924e-01
  -1.48857372e-01 -5.77585816e-01 -7.40787676e-01 -1.85945095e-01
   4.36285196e-01 -6.06888402e-01]
 [ 1.00000000e+00  0.00000000e+00 -4.10542394e-01 -5.31098998e-01
  -7.01290568e-02  2.52213131e-02  8.42217216e-02 -1.77108319e-03
  -2.08816737e-01 -5.77585816e-01 -5.33769515e-01 -8.32447167e-02
   4.38328457e-01 -2.84662874e-01]
 [ 1.00000000e+00  0.00000000e+00 -4.69283329e-01 -5.31098998e-01
  -7.43288108e-01 -2.32511912e-01 -5.38693794e-01 -3.19816753e-01
   3.66370666e-01 -4.57130743e-01 -1.02087107e+00  8.41058689e-01
   4.55594017e-01 -4.41381654e-01]
 [ 1.00000000e+00  0.00000000e+00  3.09383027e+00 -5.31098998e-01
   1.10182513e+00  1.04726686e+00 -3.29216093e+00  1.19729765e+00
  -1.26705009e+00  1.83151564e+00  1.67036502e+00  8.41058689e-01
   1.83022930e-01  1.61646774e+00]
 [ 1.00000000e+00  0.00000000e+00 -4.65455361e-01  1.36530920e+00
  -9.93400283e-01 -9.25725415e-01  1.29243708e+00 -1.03633343e+00
   2.56025657e-01 -4.57130743e-01  3.85748126e-02 -1.72645077e+00
   4.55594017e-01 -1.01259964e+00]] 
 
 
Val : (161, 14) 
 

FINISHED ENCODING
~~~~~~~~~~~~~~~~~~~~~~~~~~~~~~~~~~~~~~~~~~~~~~~~~~~~~~~~~~~~~~~~~~~~~~~~~~~~~~~


~~~~~~~~~~~~~~~~~~~~~~~~~~~~~~~~~~~~~~~~~~~~~~~~~~~~~~~~~~~~~~~~~~~~~~~~~~~~~~~
Test numpy array issues
X dtype: float64
X Val dtype: float64
X dtype: float32
X Val dtype: float32
After Debugging -- Inner Fold 1
DEBUG Inner Fold 1: num_features: 14
DEBUG Inner Fold 1: num_classes: 1
DEBUG Inner Fold 1: cat_idx: [0, 1]
DEBUG Inner Fold 1: nominal_idx: [0, 1]
DEBUG Inner Fold 1: ordinal_idx: None
DEBUG Inner Fold 1: num_idx: [2, 3, 4, 5, 6, 7, 8, 9, 10, 11, 12, 13]
DEBUG Inner Fold 1: cat_dims: [3, 3]
DEBUG Inner Fold 1: bin_alt: None
In get_device
Using dim 32 and batch size 32
**** Data b4 Fitting ****
Epoch 0 loss 407.181396484375
Epoch 1 loss 390.9086608886719
Epoch 2 loss 375.0956726074219
Epoch 3 loss 359.0095520019531
Epoch 4 loss 341.0132141113281
Epoch 5 loss 320.1855163574219
Epoch 6 loss 295.2778625488281
Epoch 7 loss 266.0572509765625
Epoch 8 loss 231.16839599609375
Epoch 9 loss 190.01168823242188
Epoch 10 loss 144.47364807128906
Epoch 11 loss 99.23741149902344
Epoch 12 loss 62.1082878112793
Epoch 13 loss 44.360923767089844
Epoch 14 loss 46.05018615722656
Epoch 15 loss 50.101524353027344
Epoch 16 loss 44.47541046142578
Epoch 17 loss 39.88792419433594
Epoch 18 loss 27.784440994262695
Epoch 19 loss 26.264921188354492
Epoch 20 loss 35.90327072143555
Epoch 21 loss 26.01397705078125
Epoch 22 loss 23.939266204833984
Epoch 23 loss 22.64431381225586
Epoch 24 loss 21.38910484313965
Epoch 25 loss 19.90250015258789
Epoch 26 loss 19.135440826416016
Epoch 27 loss 19.014511108398438
Epoch 28 loss 16.938264846801758
Epoch 29 loss 16.46304702758789
Epoch 30 loss 18.242813110351562
Epoch 31 loss 16.446815490722656
Epoch 32 loss 16.003890991210938
Epoch 33 loss 17.574033737182617
Epoch 34 loss 15.872251510620117
Epoch 35 loss 15.853869438171387
Epoch 36 loss 16.06557273864746
Epoch 37 loss 15.734726905822754
Epoch 38 loss 15.786191940307617
Epoch 39 loss 15.339561462402344
Epoch 40 loss 15.717525482177734
Epoch 41 loss 16.19196319580078
Epoch 42 loss 15.680103302001953
Epoch 43 loss 15.385523796081543
Epoch 44 loss 14.931699752807617
Epoch 45 loss 15.178418159484863
Epoch 46 loss 14.709616661071777
Epoch 47 loss 14.857394218444824
Epoch 48 loss 14.672186851501465
Epoch 49 loss 14.254180908203125
Epoch 50 loss 14.967527389526367
Epoch 51 loss 14.1505765914917
Epoch 52 loss 15.255412101745605
Epoch 53 loss 14.745351791381836
Epoch 54 loss 16.108642578125
Epoch 55 loss 16.199718475341797
Epoch 56 loss 16.158044815063477
Epoch 57 loss 15.844583511352539
Epoch 58 loss 14.921371459960938
Epoch 59 loss 14.683356285095215
Epoch 60 loss 16.098905563354492
Epoch 61 loss 15.664645195007324
Epoch 62 loss 17.695228576660156
Epoch 63 loss 15.373310089111328
Epoch 64 loss 14.750717163085938
Epoch 65 loss 14.311058044433594
Epoch 66 loss 14.611533164978027
Epoch 67 loss 14.192834854125977
Epoch 68 loss 15.889286041259766
Epoch 69 loss 14.396239280700684
Epoch 70 loss 14.183012962341309
Epoch 71 loss 13.939393043518066
Epoch 72 loss 13.951717376708984
Epoch 73 loss 14.827939987182617
Epoch 74 loss 14.154457092285156
Epoch 75 loss 14.109956741333008
Epoch 76 loss 13.520039558410645
Epoch 77 loss 13.939456939697266
Epoch 78 loss 14.309979438781738
Epoch 79 loss 13.651339530944824
Epoch 80 loss 13.617508888244629
Epoch 81 loss 13.58142375946045
Epoch 82 loss 13.737876892089844
Epoch 83 loss 13.816593170166016
Epoch 84 loss 13.535510063171387
Epoch 85 loss 13.462987899780273
Epoch 86 loss 14.26806926727295
Epoch 87 loss 13.443029403686523
Epoch 88 loss 13.49018669128418
Epoch 89 loss 15.052644729614258
Epoch 90 loss 19.2281494140625
Epoch 91 loss 14.033348083496094
Epoch 92 loss 13.697549819946289
Epoch 93 loss 14.017756462097168
Epoch 94 loss 13.401959419250488
Epoch 95 loss 14.431500434875488
Epoch 96 loss 14.232603073120117
Epoch 97 loss 13.533705711364746
Epoch 98 loss 14.137298583984375
Epoch 99 loss 14.109421730041504
Inner Fold 1 Results: {'MSE - mean': 13.40196208937524, 'MSE - std': 0.0, 'R2 - mean': 0.7091657173159831, 'R2 - std': 0.0}
  outer_1_inner Fold 2/5
Before Debugging -- Inner Fold 2
DEBUG Inner Fold 2: num_features: 13
DEBUG Inner Fold 2: num_classes: 1
DEBUG Inner Fold 2: cat_idx: [0]
DEBUG Inner Fold 2: nominal_idx: [3]
DEBUG Inner Fold 2: ordinal_idx: None
DEBUG Inner Fold 2: num_idx: None
DEBUG Inner Fold 2: cat_dims: [2]
DEBUG Inner Fold 2: bin_alt: None
~~~~~~~~~~~~~~~~~~~~~~~~~~~~~~~~~~~~~~~~~~~~~~~~~~~~~~~~~~~~~~~~~~~~~~~~~~~~~~~
BEFORE ANY ENCODING
num_features :13
num_classes : 1
cat_idx : [0]
nominal_idx : [3]
ordinal_idx : None
num_idx : None
cat_dims : [2]
bin_alt : None 


X_train shape : (161, 13)
~~~~~~~~~~~~~~~~~~~~~~~~~~~~~~~~~~~~~~~~~~~~~~~~~~~~~~~~~~~~~~~~~~~~~~~~~~~~~~~
~~~~~~~~~~~~~~~~~~~~~~~~~~~~~~~~~~~~~~~~~~~~~~~~~~~~~~~~~~~~~~~~~~~~~~~~~~~~~~~
AFTER getting cat idx
Nominal Index : [3]
Ordinal Index : None
Cat Idx : [0]
Cat dims : [2]
~~~~~~~~~~~~~~~~~~~~~~~~~~~~~~~~~~~~~~~~~~~~~~~~~~~~~~~~~~~~~~~~~~~~~~~~~~~~~~~
BEFORE getting cat idx
Nominal Index : [3]
Ordinal Index : None
Cat Idx : [3]
Cat dims : []
~~~~~~~~~~~~~~~~~~~~~~~~~~~~~~~~~~~~~~~~~~~~~~~~~~~~~~~~~~~~~~~~~~~~~~~~~~~~~~~ 


AFTER SEPARATING CATEGORICALS AND NUMERICALS
Ordinal Index : None
Numerical Index V1 : [0, 1, 2, 4, 5, 6, 7, 8, 9, 10, 11, 12]
Cat Idx V1 : [3] 
Cat Dims V1 : []
 

~~~~~~~~~~~~~~~~~~~~~~~~~~~~~~~~~~~~~~~~~~~~~~~~~~~~~~~~~~~~~~~~~~~~~~~~~~~~~~~ 


Scaling the data...
One Hot Encoding...
Ord : None, Nom : [3], Num : [0, 1, 2, 4, 5, 6, 7, 8, 9, 10, 11, 12]
Num idx: [2, 3, 4, 5, 6, 7, 8, 9, 10, 11, 12, 13]
Ord : None, Nom : [0, 1], Num : [2, 3, 4, 5, 6, 7, 8, 9, 10, 11, 12, 13]
Nominal : (2, 2)
~~~~~~~~~~~~~~~~~~~~~~~~~~~~~~~~~~~~~~~~~~~~~~~~~~~~~~~~~~~~~~~~~~~~~~~~~~~~~~~
After OHE
Numerical Index V2 : [2, 3, 4, 5, 6, 7, 8, 9, 10, 11, 12, 13] 


OHE Idx : [0, 1]


Ordinal Idx V2: None


Cat Dims V2 : []
Cat Idx V2 : [3] 
 

Train: [[ 1.          0.         -0.47043566 -0.51238732 -0.60726285]
 [ 1.          0.         -0.47758084 -0.51238732  2.29663831]
 [ 1.          0.         -0.48473936  0.95157645 -0.88329379]
 [ 1.          0.         -0.44133476 -0.51238732 -0.54174036]
 [ 1.          0.         -0.4989497   2.04954929 -0.82892406]
 [ 1.          0.          4.95369846 -0.51238732  0.95273014]
 [ 1.          0.         -0.35661958  0.46358853 -1.01712696]
 [ 1.          0.         -0.50258135  3.39151608 -1.32522209]
 [ 1.          0.         -0.49831711  0.85397887  0.52613688]
 [ 1.          0.         -0.42972527 -0.51238732 -0.19042827]] 
 
 
Val : (161, 14) 
 

~~~~~~~~~~~~~~~~~~~~~~~~~~~~~~~~~~~~~~~~~~~~~~~~~~~~~~~~~~~~~~~~~~~~~~~~~~~~~~~
Cat Idx V3 : [0, 1] 
 

~~~~~~~~~~~~~~~~~~~~~~~~~~~~~~~~~~~~~~~~~~~~~~~~~~~~~~~~~~~~~~~~~~~~~~~~~~~~~~~
After ORDINAL
Numerical Index V2 : [2, 3, 4, 5, 6, 7, 8, 9, 10, 11, 12, 13] 


OHE Idx : [0, 1]


Ordinal Idx V2: None


Cat Dims V2 : [3, 3]
Cat Idx V2 : [0, 1] 
 

Train: [[ 1.          0.         -0.47043566 -0.51238732 -0.60726285 -0.91296476
  -0.78903711 -1.33573963  0.64652443 -0.71556039 -0.97959156 -0.41048224
   0.45457945  0.21377024]
 [ 1.          0.         -0.47758084 -0.51238732  2.29663831  0.54477576
  -1.33257928  0.88466543 -0.94549104 -0.59567982  1.82270593  0.72539909
   0.43581215  0.83129272]
 [ 1.          0.         -0.48473936  0.95157645 -0.88329379 -1.09405054
   1.02986457 -0.55074794  1.24638828 -0.3559187  -0.5868009  -1.08168484
   0.39599644 -0.22370733]
 [ 1.          0.         -0.44133476 -0.51238732 -0.54174036 -0.50552176
   0.24074611 -1.08155184  0.4623953  -0.47579926 -0.66301402  0.46724424
   0.45457945 -1.05444091]
 [ 1.          0.         -0.4989497   2.04954929 -0.82892406 -1.30229918
  -0.09651199 -1.41050074  1.72265795 -0.3559187  -0.62783873 -1.08168484
   0.45457945 -0.89334809]
 [ 1.          0.          4.95369846 -0.51238732  0.95273014  0.43612429
  -1.82209467  1.1575435  -1.05787146  1.80193147  1.55889132  0.77703005
  -1.47326827  1.15031969]
 [ 1.          0.         -0.35661958  0.46358853 -1.01712696  0.88883874
   1.22141407  0.58188292 -0.79403234 -0.47579926 -0.7978526  -2.94039974
   0.32154935  0.31484809]
 [ 1.          0.         -0.50258135  3.39151608 -1.32522209 -1.48338496
  -0.06213131 -1.40302463  2.58286573 -0.95532152 -0.93269118 -0.25558933
  -0.11880827  0.02109058]
 [ 1.          0.         -0.49831711  0.85397887  0.52613688 -0.76809614
   0.28494984 -0.57691433 -0.04984581 -0.59567982 -0.76267732 -0.25558933
   0.43498266 -0.73225527]
 [ 1.          0.         -0.42972527 -0.51238732 -0.19042827 -0.04375302
   0.18671933 -0.06853876 -0.11460412 -0.59567982 -0.56335072 -0.15232739
   0.43705639 -0.38480016]] 
 
 
Val : (161, 14) 
 

FINISHED ENCODING
~~~~~~~~~~~~~~~~~~~~~~~~~~~~~~~~~~~~~~~~~~~~~~~~~~~~~~~~~~~~~~~~~~~~~~~~~~~~~~~


~~~~~~~~~~~~~~~~~~~~~~~~~~~~~~~~~~~~~~~~~~~~~~~~~~~~~~~~~~~~~~~~~~~~~~~~~~~~~~~
Test numpy array issues
X dtype: float64
X Val dtype: float64
X dtype: float32
X Val dtype: float32
After Debugging -- Inner Fold 2
DEBUG Inner Fold 2: num_features: 14
DEBUG Inner Fold 2: num_classes: 1
DEBUG Inner Fold 2: cat_idx: [0, 1]
DEBUG Inner Fold 2: nominal_idx: [0, 1]
DEBUG Inner Fold 2: ordinal_idx: None
DEBUG Inner Fold 2: num_idx: [2, 3, 4, 5, 6, 7, 8, 9, 10, 11, 12, 13]
DEBUG Inner Fold 2: cat_dims: [3, 3]
DEBUG Inner Fold 2: bin_alt: None
In get_device
Using dim 32 and batch size 32
**** Data b4 Fitting ****
Epoch 0 loss 518.7153930664062
Epoch 1 loss 502.1081237792969
Epoch 2 loss 486.1795654296875
Epoch 3 loss 468.0758361816406
Epoch 4 loss 447.76104736328125
Epoch 5 loss 424.2213134765625
Epoch 6 loss 396.0299072265625
Epoch 7 loss 362.4195251464844
Epoch 8 loss 322.5903015136719
Epoch 9 loss 277.48492431640625
Epoch 10 loss 227.81077575683594
Epoch 11 loss 175.99363708496094
Epoch 12 loss 126.41580963134766
Epoch 13 loss 88.47566223144531
Epoch 14 loss 70.59214782714844
Epoch 15 loss 65.88032531738281
Epoch 16 loss 60.09000778198242
Epoch 17 loss 55.51191329956055
Epoch 18 loss 47.249359130859375
Epoch 19 loss 43.95779800415039
Epoch 20 loss 35.31610107421875
Epoch 21 loss 31.83324432373047
Epoch 22 loss 30.295671463012695
Epoch 23 loss 29.515779495239258
Epoch 24 loss 27.28172492980957
Epoch 25 loss 25.295475006103516
Epoch 26 loss 26.765668869018555
Epoch 27 loss 23.676429748535156
Epoch 28 loss 21.758392333984375
Epoch 29 loss 20.89841079711914
Epoch 30 loss 19.75548553466797
Epoch 31 loss 26.413877487182617
Epoch 32 loss 18.727296829223633
Epoch 33 loss 17.513141632080078
Epoch 34 loss 20.06196403503418
Epoch 35 loss 16.821760177612305
Epoch 36 loss 18.2681827545166
Epoch 37 loss 17.41749382019043
Epoch 38 loss 15.054698944091797
Epoch 39 loss 17.01491355895996
Epoch 40 loss 14.687636375427246
Epoch 41 loss 15.236265182495117
Epoch 42 loss 13.681066513061523
Epoch 43 loss 13.109880447387695
Epoch 44 loss 13.956350326538086
Epoch 45 loss 16.337488174438477
Epoch 46 loss 16.70212173461914
Epoch 47 loss 22.881107330322266
Epoch 48 loss 16.581018447875977
Epoch 49 loss 13.932527542114258
Epoch 50 loss 17.68291664123535
Epoch 51 loss 13.045445442199707
Epoch 52 loss 12.957286834716797
Epoch 53 loss 15.301325798034668
Epoch 54 loss 16.536697387695312
Epoch 55 loss 15.950608253479004
Epoch 56 loss 13.178947448730469
Epoch 57 loss 12.201826095581055
Epoch 58 loss 13.343562126159668
Epoch 59 loss 13.715069770812988
Epoch 60 loss 12.03606128692627
Epoch 61 loss 11.957085609436035
Epoch 62 loss 13.449813842773438
Epoch 63 loss 11.073294639587402
Epoch 64 loss 11.39638614654541
Epoch 65 loss 15.842817306518555
Epoch 66 loss 10.178892135620117
Epoch 67 loss 10.91946029663086
Epoch 68 loss 14.324191093444824
Epoch 69 loss 10.698766708374023
Epoch 70 loss 9.81381893157959
Epoch 71 loss 9.460176467895508
Epoch 72 loss 10.63343620300293
Epoch 73 loss 8.85926628112793
Epoch 74 loss 8.91808795928955
Epoch 75 loss 9.369481086730957
Epoch 76 loss 9.231672286987305
Epoch 77 loss 9.320108413696289
Epoch 78 loss 9.39417839050293
Epoch 79 loss 9.446720123291016
Epoch 80 loss 7.973179340362549
Epoch 81 loss 8.269598007202148
Epoch 82 loss 8.378357887268066
Epoch 83 loss 8.293667793273926
Epoch 84 loss 14.836559295654297
Epoch 85 loss 10.28469181060791
Epoch 86 loss 10.171548843383789
Epoch 87 loss 10.812483787536621
Epoch 88 loss 8.996134757995605
Epoch 89 loss 8.71597671508789
Epoch 90 loss 8.647865295410156
Epoch 91 loss 8.454582214355469
Epoch 92 loss 8.764092445373535
Epoch 93 loss 8.71778678894043
Epoch 94 loss 9.37692642211914
Epoch 95 loss 8.079814910888672
Epoch 96 loss 8.037362098693848
Epoch 97 loss 9.593448638916016
Epoch 98 loss 8.318694114685059
Epoch 99 loss 8.067481994628906
Inner Fold 2 Results: {'MSE - mean': 10.687569512887546, 'MSE - std': 2.714392576487694, 'R2 - mean': 0.7992529350954185, 'R2 - std': 0.0900872177794354}
  outer_1_inner Fold 3/5
Before Debugging -- Inner Fold 3
DEBUG Inner Fold 3: num_features: 13
DEBUG Inner Fold 3: num_classes: 1
DEBUG Inner Fold 3: cat_idx: [0]
DEBUG Inner Fold 3: nominal_idx: [3]
DEBUG Inner Fold 3: ordinal_idx: None
DEBUG Inner Fold 3: num_idx: None
DEBUG Inner Fold 3: cat_dims: [2]
DEBUG Inner Fold 3: bin_alt: None
~~~~~~~~~~~~~~~~~~~~~~~~~~~~~~~~~~~~~~~~~~~~~~~~~~~~~~~~~~~~~~~~~~~~~~~~~~~~~~~
BEFORE ANY ENCODING
num_features :13
num_classes : 1
cat_idx : [0]
nominal_idx : [3]
ordinal_idx : None
num_idx : None
cat_dims : [2]
bin_alt : None 


X_train shape : (162, 13)
~~~~~~~~~~~~~~~~~~~~~~~~~~~~~~~~~~~~~~~~~~~~~~~~~~~~~~~~~~~~~~~~~~~~~~~~~~~~~~~
~~~~~~~~~~~~~~~~~~~~~~~~~~~~~~~~~~~~~~~~~~~~~~~~~~~~~~~~~~~~~~~~~~~~~~~~~~~~~~~
AFTER getting cat idx
Nominal Index : [3]
Ordinal Index : None
Cat Idx : [0]
Cat dims : [2]
~~~~~~~~~~~~~~~~~~~~~~~~~~~~~~~~~~~~~~~~~~~~~~~~~~~~~~~~~~~~~~~~~~~~~~~~~~~~~~~
BEFORE getting cat idx
Nominal Index : [3]
Ordinal Index : None
Cat Idx : [3]
Cat dims : []
~~~~~~~~~~~~~~~~~~~~~~~~~~~~~~~~~~~~~~~~~~~~~~~~~~~~~~~~~~~~~~~~~~~~~~~~~~~~~~~ 


AFTER SEPARATING CATEGORICALS AND NUMERICALS
Ordinal Index : None
Numerical Index V1 : [0, 1, 2, 4, 5, 6, 7, 8, 9, 10, 11, 12]
Cat Idx V1 : [3] 
Cat Dims V1 : []
 

~~~~~~~~~~~~~~~~~~~~~~~~~~~~~~~~~~~~~~~~~~~~~~~~~~~~~~~~~~~~~~~~~~~~~~~~~~~~~~~ 


Scaling the data...
One Hot Encoding...
Ord : None, Nom : [3], Num : [0, 1, 2, 4, 5, 6, 7, 8, 9, 10, 11, 12]
Num idx: [2, 3, 4, 5, 6, 7, 8, 9, 10, 11, 12, 13]
Ord : None, Nom : [0, 1], Num : [2, 3, 4, 5, 6, 7, 8, 9, 10, 11, 12, 13]
Nominal : (2, 2)
~~~~~~~~~~~~~~~~~~~~~~~~~~~~~~~~~~~~~~~~~~~~~~~~~~~~~~~~~~~~~~~~~~~~~~~~~~~~~~~
After OHE
Numerical Index V2 : [2, 3, 4, 5, 6, 7, 8, 9, 10, 11, 12, 13] 


OHE Idx : [0, 1]


Ordinal Idx V2: None


Cat Dims V2 : []
Cat Idx V2 : [3] 
 

Train: [[ 1.          0.         -0.46487457  0.86360877 -0.82719518]
 [ 1.          0.         -0.42812484 -0.50710926 -0.4760875 ]
 [ 1.          0.         -0.47690615  1.89164729 -0.77130457]
 [ 1.          0.          4.13973195 -0.50710926  1.06018772]
 [ 1.          0.         -0.35639835  0.40670276 -0.96477206]
 [ 1.          0.         -0.479981    3.14813882 -1.28148552]
 [ 1.          0.         -0.47637055  0.77222757  0.6216614 ]
 [ 1.          0.         -0.41829534 -0.50710926 -0.11494818]
 [ 1.          0.          2.85887985 -0.50710926  1.06018772]
 [ 1.          0.         -0.46964816  1.54896778 -1.04072597]] 
 
 
Val : (162, 14) 
 

~~~~~~~~~~~~~~~~~~~~~~~~~~~~~~~~~~~~~~~~~~~~~~~~~~~~~~~~~~~~~~~~~~~~~~~~~~~~~~~
Cat Idx V3 : [0, 1] 
 

~~~~~~~~~~~~~~~~~~~~~~~~~~~~~~~~~~~~~~~~~~~~~~~~~~~~~~~~~~~~~~~~~~~~~~~~~~~~~~~
After ORDINAL
Numerical Index V2 : [2, 3, 4, 5, 6, 7, 8, 9, 10, 11, 12, 13] 


OHE Idx : [0, 1]


Ordinal Idx V2: None


Cat Dims V2 : [3, 3]
Cat Idx V2 : [0, 1] 
 

Train: [[ 1.          0.         -0.46487457  0.86360877 -0.82719518 -1.05691521
   0.93726893 -0.51666698  1.08460711 -0.36601898 -0.60729352 -1.08147
   0.39485743 -0.19902142]
 [ 1.          0.         -0.42812484 -0.50710926 -0.4760875  -0.46890247
   0.19735419 -1.04089983  0.34631593 -0.4850854  -0.68456741  0.47492449
   0.45824087 -1.01522191]
 [ 1.          0.         -0.47690615  1.89164729 -0.77130457 -1.26498125
  -0.11887494 -1.36577653  1.53311329 -0.36601898 -0.64890254 -1.08147
   0.45824087 -0.85694729]
 [ 1.          0.          4.13973195 -0.50710926  1.06018772  0.47191792
  -1.73686278  1.17047677 -1.08532895  1.77717651  1.56826369  0.78620339
  -1.62757913  1.15096797]
 [ 1.          0.         -0.35639835  0.40670276 -0.96477206  0.92423541
   1.11687479  0.60194255 -0.83686997 -0.4850854  -0.82128276 -2.94914339
   0.31430998  0.33011235]
 [ 1.          0.         -0.479981    3.14813882 -1.28148552 -1.44590825
  -0.08663799 -1.35839297  2.34317643 -0.96135106 -0.9579981  -0.25139294
  -0.16213156  0.04149393]
 [ 1.          0.         -0.47637055  0.77222757  0.6216614  -0.73124661
   0.23880169 -0.54250944 -0.13606478 -0.60415182 -0.78561788 -0.25139294
   0.43703827 -0.69867267]
 [ 1.          0.         -0.41829534 -0.50710926 -0.11494818 -0.00753862
   0.14669612 -0.04042728 -0.19704809 -0.60415182 -0.58351694 -0.1476333
   0.43928193 -0.35729604]
 [ 1.          0.          2.85887985 -0.50710926  1.06018772  1.03279161
  -3.29805219  1.17047677 -1.2733532   1.77717651  1.56826369  0.78620339
   0.15893642  1.65682606]
 [ 1.          0.         -0.46964816  1.54896778 -1.04072597 -0.97549806
   1.37937567 -1.0852012   0.27573255 -0.4850854  -0.02476727 -1.80778743
   0.45824087 -1.12849688]] 
 
 
Val : (162, 14) 
 

FINISHED ENCODING
~~~~~~~~~~~~~~~~~~~~~~~~~~~~~~~~~~~~~~~~~~~~~~~~~~~~~~~~~~~~~~~~~~~~~~~~~~~~~~~


~~~~~~~~~~~~~~~~~~~~~~~~~~~~~~~~~~~~~~~~~~~~~~~~~~~~~~~~~~~~~~~~~~~~~~~~~~~~~~~
Test numpy array issues
X dtype: float64
X Val dtype: float64
X dtype: float32
X Val dtype: float32
After Debugging -- Inner Fold 3
DEBUG Inner Fold 3: num_features: 14
DEBUG Inner Fold 3: num_classes: 1
DEBUG Inner Fold 3: cat_idx: [0, 1]
DEBUG Inner Fold 3: nominal_idx: [0, 1]
DEBUG Inner Fold 3: ordinal_idx: None
DEBUG Inner Fold 3: num_idx: [2, 3, 4, 5, 6, 7, 8, 9, 10, 11, 12, 13]
DEBUG Inner Fold 3: cat_dims: [3, 3]
DEBUG Inner Fold 3: bin_alt: None
In get_device
Using dim 32 and batch size 32
**** Data b4 Fitting ****
Epoch 0 loss 519.8407592773438
Epoch 1 loss 493.0059509277344
Epoch 2 loss 468.6789245605469
Epoch 3 loss 445.0525817871094
Epoch 4 loss 419.038818359375
Epoch 5 loss 389.32513427734375
Epoch 6 loss 354.6973571777344
Epoch 7 loss 314.9255676269531
Epoch 8 loss 270.33892822265625
Epoch 9 loss 221.7235565185547
Epoch 10 loss 170.68165588378906
Epoch 11 loss 120.94487762451172
Epoch 12 loss 82.0869369506836
Epoch 13 loss 63.84979248046875
Epoch 14 loss 61.566497802734375
Epoch 15 loss 57.78224563598633
Epoch 16 loss 52.2414436340332
Epoch 17 loss 46.77181625366211
Epoch 18 loss 42.79451370239258
Epoch 19 loss 40.98284912109375
Epoch 20 loss 42.14429473876953
Epoch 21 loss 42.48139572143555
Epoch 22 loss 39.31306076049805
Epoch 23 loss 37.84316635131836
Epoch 24 loss 36.3471794128418
Epoch 25 loss 37.04048538208008
Epoch 26 loss 37.25667953491211
Epoch 27 loss 36.53156661987305
Epoch 28 loss 36.2320442199707
Epoch 29 loss 37.788021087646484
Epoch 30 loss 35.528724670410156
Epoch 31 loss 34.76569366455078
Epoch 32 loss 35.0311393737793
Epoch 33 loss 35.03165817260742
Epoch 34 loss 35.4412956237793
Epoch 35 loss 35.169090270996094
Epoch 36 loss 35.46841812133789
Epoch 37 loss 36.7114372253418
Epoch 38 loss 36.714508056640625
Epoch 39 loss 36.74254608154297
Epoch 40 loss 36.845130920410156
Epoch 41 loss 36.35368728637695
Epoch 42 loss 36.627445220947266
Epoch 43 loss 36.377479553222656
Epoch 44 loss 37.57429122924805
Epoch 45 loss 36.87677764892578
Epoch 46 loss 38.120479583740234
Epoch 47 loss 37.03591537475586
Epoch 48 loss 39.08230209350586
Epoch 49 loss 38.46458053588867
Epoch 50 loss 37.84743118286133
Epoch 51 loss 37.356788635253906
Epoch 52 loss 38.25404739379883
Validation loss has not improved for 20 steps!
Early stopping applies.
Inner Fold 3 Results: {'MSE - mean': 18.713612844498993, 'MSE - std': 11.56489059587985, 'R2 - mean': 0.6849825973181516, 'R2 - std': 0.1775553192565281}
  outer_1_inner Fold 4/5
Before Debugging -- Inner Fold 4
DEBUG Inner Fold 4: num_features: 13
DEBUG Inner Fold 4: num_classes: 1
DEBUG Inner Fold 4: cat_idx: [0]
DEBUG Inner Fold 4: nominal_idx: [3]
DEBUG Inner Fold 4: ordinal_idx: None
DEBUG Inner Fold 4: num_idx: None
DEBUG Inner Fold 4: cat_dims: [2]
DEBUG Inner Fold 4: bin_alt: None
~~~~~~~~~~~~~~~~~~~~~~~~~~~~~~~~~~~~~~~~~~~~~~~~~~~~~~~~~~~~~~~~~~~~~~~~~~~~~~~
BEFORE ANY ENCODING
num_features :13
num_classes : 1
cat_idx : [0]
nominal_idx : [3]
ordinal_idx : None
num_idx : None
cat_dims : [2]
bin_alt : None 


X_train shape : (162, 13)
~~~~~~~~~~~~~~~~~~~~~~~~~~~~~~~~~~~~~~~~~~~~~~~~~~~~~~~~~~~~~~~~~~~~~~~~~~~~~~~
~~~~~~~~~~~~~~~~~~~~~~~~~~~~~~~~~~~~~~~~~~~~~~~~~~~~~~~~~~~~~~~~~~~~~~~~~~~~~~~
AFTER getting cat idx
Nominal Index : [3]
Ordinal Index : None
Cat Idx : [0]
Cat dims : [2]
~~~~~~~~~~~~~~~~~~~~~~~~~~~~~~~~~~~~~~~~~~~~~~~~~~~~~~~~~~~~~~~~~~~~~~~~~~~~~~~
BEFORE getting cat idx
Nominal Index : [3]
Ordinal Index : None
Cat Idx : [3]
Cat dims : []
~~~~~~~~~~~~~~~~~~~~~~~~~~~~~~~~~~~~~~~~~~~~~~~~~~~~~~~~~~~~~~~~~~~~~~~~~~~~~~~ 


AFTER SEPARATING CATEGORICALS AND NUMERICALS
Ordinal Index : None
Numerical Index V1 : [0, 1, 2, 4, 5, 6, 7, 8, 9, 10, 11, 12]
Cat Idx V1 : [3] 
Cat Dims V1 : []
 

~~~~~~~~~~~~~~~~~~~~~~~~~~~~~~~~~~~~~~~~~~~~~~~~~~~~~~~~~~~~~~~~~~~~~~~~~~~~~~~ 


Scaling the data...
One Hot Encoding...
Ord : None, Nom : [3], Num : [0, 1, 2, 4, 5, 6, 7, 8, 9, 10, 11, 12]
Num idx: [2, 3, 4, 5, 6, 7, 8, 9, 10, 11, 12, 13]
Ord : None, Nom : [0, 1], Num : [2, 3, 4, 5, 6, 7, 8, 9, 10, 11, 12, 13]
Nominal : (2, 2)
~~~~~~~~~~~~~~~~~~~~~~~~~~~~~~~~~~~~~~~~~~~~~~~~~~~~~~~~~~~~~~~~~~~~~~~~~~~~~~~
After OHE
Numerical Index V2 : [2, 3, 4, 5, 6, 7, 8, 9, 10, 11, 12, 13] 


OHE Idx : [0, 1]


Ordinal Idx V2: None


Cat Dims V2 : []
Cat Idx V2 : [3] 
 

Train: [[ 1.          0.         -0.46743706 -0.51090311 -0.6097501 ]
 [ 1.          0.         -0.47357636 -0.51090311  2.34598709]
 [ 1.          0.         -0.47972712  0.93859433 -0.89070832]
 [ 1.          0.         -0.44243293 -0.51090311 -0.543058  ]
 [ 1.          0.         -0.49193696  2.02571741 -0.83536807]
 [ 1.          0.          4.19309886 -0.51090311  0.97808951]
 [ 1.          0.         -0.36964378  0.45542852 -1.02693049]
 [ 1.          0.         -0.49505736  3.3544234  -1.34052526]
 [ 1.          0.         -0.49139342  0.84196117  0.54388136]
 [ 1.          0.         -0.48820426 -0.51090311 -0.85381482]] 
 
 
Val : (162, 14) 
 

~~~~~~~~~~~~~~~~~~~~~~~~~~~~~~~~~~~~~~~~~~~~~~~~~~~~~~~~~~~~~~~~~~~~~~~~~~~~~~~
Cat Idx V3 : [0, 1] 
 

~~~~~~~~~~~~~~~~~~~~~~~~~~~~~~~~~~~~~~~~~~~~~~~~~~~~~~~~~~~~~~~~~~~~~~~~~~~~~~~
After ORDINAL
Numerical Index V2 : [2, 3, 4, 5, 6, 7, 8, 9, 10, 11, 12, 13] 


OHE Idx : [0, 1]


Ordinal Idx V2: None


Cat Dims V2 : [3, 3]
Cat Idx V2 : [0, 1] 
 

Train: [[ 1.          0.         -0.46743706 -0.51090311 -0.6097501  -0.88842116
  -0.76698389 -1.31131095  0.60870732 -0.71576782 -1.04980898 -0.3889202
   0.49876088  0.20086896]
 [ 1.          0.         -0.47357636 -0.51090311  2.34598709  0.54468812
  -1.32753425  0.88764399 -0.97245436 -0.5970837   1.83128714  0.72801098
   0.48191716  0.80848318]
 [ 1.          0.         -0.47972712  0.93859433 -0.89070832 -1.06644715
   1.10883373 -0.53390264  1.20448152 -0.35971545 -0.64597333 -1.04892499
   0.4461824  -0.22958919]
 [ 1.          0.         -0.44243293 -0.51090311 -0.543058   -0.48786266
   0.29502267 -1.05957873  0.42583352 -0.47839958 -0.7243295   0.47416299
   0.49876088 -1.04699348]
 [ 1.          0.         -0.49193696  2.02571741 -0.83536807 -1.27117705
  -0.0527887  -1.38534984  1.67750415 -0.35971545 -0.68816512 -1.04892499
   0.49876088 -0.88848543]
 [ 1.          0.          4.19309886 -0.51090311  0.97808951  0.43787252
  -1.83236726  1.15788592 -1.0840686   1.77659873  1.56005424  0.77878058
  -1.23148999  1.12239129]
 [ 1.          0.         -0.36964378  0.45542852 -1.02693049  0.88293752
   1.30637708  0.5877865  -0.82202824 -0.47839958 -0.86295965 -2.87663057
   0.37936585  0.300325  ]
 [ 1.          0.         -0.49505736  3.3544234  -1.34052526 -1.44920305
  -0.0173322  -1.37794595  2.53184734 -0.95313606 -1.0015898  -0.2366114
  -0.01585684  0.01128089]
 [ 1.          0.         -0.49139342  0.84196117  0.54388136 -0.74600036
   0.34060959 -0.55981625 -0.08291531 -0.5970837  -0.82679526 -0.2366114
   0.48117268 -0.72997737]
 [ 1.          0.         -0.48820426 -0.51090311 -0.85381482 -0.29203407
  -0.45969423 -0.37842098  0.46975602 -0.47839958 -1.10405556  0.77878058
   0.49876088 -0.55437531]] 
 
 
Val : (162, 14) 
 

FINISHED ENCODING
~~~~~~~~~~~~~~~~~~~~~~~~~~~~~~~~~~~~~~~~~~~~~~~~~~~~~~~~~~~~~~~~~~~~~~~~~~~~~~~


~~~~~~~~~~~~~~~~~~~~~~~~~~~~~~~~~~~~~~~~~~~~~~~~~~~~~~~~~~~~~~~~~~~~~~~~~~~~~~~
Test numpy array issues
X dtype: float64
X Val dtype: float64
X dtype: float32
X Val dtype: float32
After Debugging -- Inner Fold 4
DEBUG Inner Fold 4: num_features: 14
DEBUG Inner Fold 4: num_classes: 1
DEBUG Inner Fold 4: cat_idx: [0, 1]
DEBUG Inner Fold 4: nominal_idx: [0, 1]
DEBUG Inner Fold 4: ordinal_idx: None
DEBUG Inner Fold 4: num_idx: [2, 3, 4, 5, 6, 7, 8, 9, 10, 11, 12, 13]
DEBUG Inner Fold 4: cat_dims: [3, 3]
DEBUG Inner Fold 4: bin_alt: None
In get_device
Using dim 32 and batch size 32
**** Data b4 Fitting ****
Epoch 0 loss 605.6320190429688
Epoch 1 loss 576.8334350585938
Epoch 2 loss 550.953369140625
Epoch 3 loss 523.81982421875
Epoch 4 loss 492.0979919433594
Epoch 5 loss 454.8428649902344
Epoch 6 loss 410.8294982910156
Epoch 7 loss 359.2440490722656
Epoch 8 loss 300.8108825683594
Epoch 9 loss 237.843505859375
Epoch 10 loss 176.00779724121094
Epoch 11 loss 123.80293273925781
Epoch 12 loss 91.63243865966797
Epoch 13 loss 81.05150604248047
Epoch 14 loss 80.2715835571289
Epoch 15 loss 81.099609375
Epoch 16 loss 67.72021484375
Epoch 17 loss 59.10767364501953
Epoch 18 loss 56.041316986083984
Epoch 19 loss 47.977996826171875
Epoch 20 loss 41.12725067138672
Epoch 21 loss 39.404354095458984
Epoch 22 loss 35.775733947753906
Epoch 23 loss 35.19289016723633
Epoch 24 loss 34.70612716674805
Epoch 25 loss 32.393524169921875
Epoch 26 loss 27.26752281188965
Epoch 27 loss 26.400564193725586
Epoch 28 loss 25.863407135009766
Epoch 29 loss 25.314977645874023
Epoch 30 loss 26.92706298828125
Epoch 31 loss 21.678945541381836
Epoch 32 loss 19.863815307617188
Epoch 33 loss 23.090253829956055
Epoch 34 loss 23.18831443786621
Epoch 35 loss 22.85860252380371
Epoch 36 loss 18.62810707092285
Epoch 37 loss 19.81380844116211
Epoch 38 loss 19.06953239440918
Epoch 39 loss 26.12017822265625
Epoch 40 loss 20.36191749572754
Epoch 41 loss 16.361230850219727
Epoch 42 loss 15.319412231445312
Epoch 43 loss 17.38207244873047
Epoch 44 loss 18.904142379760742
Epoch 45 loss 18.352380752563477
Epoch 46 loss 17.54483985900879
Epoch 47 loss 19.579326629638672
Epoch 48 loss 23.65107536315918
Epoch 49 loss 18.899173736572266
Epoch 50 loss 17.724184036254883
Epoch 51 loss 18.01209831237793
Epoch 52 loss 21.366466522216797
Epoch 53 loss 21.09941291809082
Epoch 54 loss 19.90285301208496
Epoch 55 loss 21.92359733581543
Epoch 56 loss 21.829561233520508
Epoch 57 loss 19.4632568359375
Epoch 58 loss 18.583694458007812
Epoch 59 loss 19.325803756713867
Epoch 60 loss 18.461042404174805
Epoch 61 loss 23.338226318359375
Epoch 62 loss 24.40152359008789
Epoch 63 loss 21.381071090698242
Validation loss has not improved for 20 steps!
Early stopping applies.
Inner Fold 4 Results: {'MSE - mean': 17.86506192079002, 'MSE - std': 10.122753423915091, 'R2 - mean': 0.7196884149564731, 'R2 - std': 0.1650996665079884}
  outer_1_inner Fold 5/5
Before Debugging -- Inner Fold 5
DEBUG Inner Fold 5: num_features: 13
DEBUG Inner Fold 5: num_classes: 1
DEBUG Inner Fold 5: cat_idx: [0]
DEBUG Inner Fold 5: nominal_idx: [3]
DEBUG Inner Fold 5: ordinal_idx: None
DEBUG Inner Fold 5: num_idx: None
DEBUG Inner Fold 5: cat_dims: [2]
DEBUG Inner Fold 5: bin_alt: None
~~~~~~~~~~~~~~~~~~~~~~~~~~~~~~~~~~~~~~~~~~~~~~~~~~~~~~~~~~~~~~~~~~~~~~~~~~~~~~~
BEFORE ANY ENCODING
num_features :13
num_classes : 1
cat_idx : [0]
nominal_idx : [3]
ordinal_idx : None
num_idx : None
cat_dims : [2]
bin_alt : None 


X_train shape : (162, 13)
~~~~~~~~~~~~~~~~~~~~~~~~~~~~~~~~~~~~~~~~~~~~~~~~~~~~~~~~~~~~~~~~~~~~~~~~~~~~~~~
~~~~~~~~~~~~~~~~~~~~~~~~~~~~~~~~~~~~~~~~~~~~~~~~~~~~~~~~~~~~~~~~~~~~~~~~~~~~~~~
AFTER getting cat idx
Nominal Index : [3]
Ordinal Index : None
Cat Idx : [0]
Cat dims : [2]
~~~~~~~~~~~~~~~~~~~~~~~~~~~~~~~~~~~~~~~~~~~~~~~~~~~~~~~~~~~~~~~~~~~~~~~~~~~~~~~
BEFORE getting cat idx
Nominal Index : [3]
Ordinal Index : None
Cat Idx : [3]
Cat dims : []
~~~~~~~~~~~~~~~~~~~~~~~~~~~~~~~~~~~~~~~~~~~~~~~~~~~~~~~~~~~~~~~~~~~~~~~~~~~~~~~ 


AFTER SEPARATING CATEGORICALS AND NUMERICALS
Ordinal Index : None
Numerical Index V1 : [0, 1, 2, 4, 5, 6, 7, 8, 9, 10, 11, 12]
Cat Idx V1 : [3] 
Cat Dims V1 : []
 

~~~~~~~~~~~~~~~~~~~~~~~~~~~~~~~~~~~~~~~~~~~~~~~~~~~~~~~~~~~~~~~~~~~~~~~~~~~~~~~ 


Scaling the data...
One Hot Encoding...
Ord : None, Nom : [3], Num : [0, 1, 2, 4, 5, 6, 7, 8, 9, 10, 11, 12]
Num idx: [2, 3, 4, 5, 6, 7, 8, 9, 10, 11, 12, 13]
Ord : None, Nom : [0, 1], Num : [2, 3, 4, 5, 6, 7, 8, 9, 10, 11, 12, 13]
Nominal : (2, 2)
~~~~~~~~~~~~~~~~~~~~~~~~~~~~~~~~~~~~~~~~~~~~~~~~~~~~~~~~~~~~~~~~~~~~~~~~~~~~~~~
After OHE
Numerical Index V2 : [2, 3, 4, 5, 6, 7, 8, 9, 10, 11, 12, 13] 


OHE Idx : [0, 1]


Ordinal Idx V2: None


Cat Dims V2 : []
Cat Idx V2 : [3] 
 

Train: [[ 1.          0.         -0.45863399 -0.50696048 -0.56331497]
 [ 1.          0.         -0.46471187 -0.50696048  2.28928019]
 [ 1.          0.         -0.4708011   0.81661079 -0.834469  ]
 [ 1.          0.          4.15528086 -0.50696048  0.96911613]
 [ 1.          0.         -0.36181896  0.37542037 -0.96593762]
 [ 1.          0.         -0.42400463 -0.50696048 -0.153845  ]
 [ 1.          0.         -0.47919344 -0.50696048 -0.79886292]
 [ 1.          0.          2.86845499 -0.50696048  0.96911613]
 [ 1.          0.         -0.47559696  1.47839642 -1.03851925]
 [ 1.          0.         -0.4368703  -0.50696048  1.48814329]] 
 
 
Val : (162, 14) 
 

~~~~~~~~~~~~~~~~~~~~~~~~~~~~~~~~~~~~~~~~~~~~~~~~~~~~~~~~~~~~~~~~~~~~~~~~~~~~~~~
Cat Idx V3 : [0, 1] 
 

~~~~~~~~~~~~~~~~~~~~~~~~~~~~~~~~~~~~~~~~~~~~~~~~~~~~~~~~~~~~~~~~~~~~~~~~~~~~~~~
After ORDINAL
Numerical Index V2 : [2, 3, 4, 5, 6, 7, 8, 9, 10, 11, 12, 13] 


OHE Idx : [0, 1]


Ordinal Idx V2: None


Cat Dims V2 : [3, 3]
Cat Idx V2 : [0, 1] 
 

Train: [[ 1.          0.         -0.45863399 -0.50696048 -0.56331497 -0.90579192
  -0.81649142 -1.33334794  0.59858711 -0.73255068 -1.05474851 -0.43053497
   0.46980031  0.16118913]
 [ 1.          0.         -0.46471187 -0.50696048  2.28928019  0.50221004
  -1.33500763  0.84797484 -0.90991394 -0.61446788  1.77061145  0.69276417
   0.45128714  0.73120041]
 [ 1.          0.         -0.4708011   0.81661079 -0.834469   -1.080699
   0.91866372 -0.56217322  1.16698313 -0.37830229 -0.65872525 -1.09430264
   0.41201057 -0.2426296 ]
 [ 1.          0.          4.15528086 -0.50696048  0.96911613  0.39726579
  -1.80198458  1.11604986 -1.01639907  1.74718804  1.50462568  0.74382322
  -1.43194226  1.02568194]
 [ 1.          0.         -0.36181896  0.37542037 -0.96593762  0.83453349
   1.10139383  0.55052173 -0.7664005  -0.49638509 -0.87151387 -2.93242851
   0.33857158  0.25449021]
 [ 1.          0.         -0.42400463 -0.50696048 -0.153845   -0.06623796
   0.11433888 -0.08845161 -0.12261393 -0.61446788 -0.63508207 -0.17523971
   0.45251453 -0.39132819]
 [ 1.          0.         -0.47919344 -0.50696048 -0.79886292 -0.31985322
  -0.53224459 -0.40793828  0.46602117 -0.49638509 -1.10794567  0.74382322
   0.46980031 -0.54731593]
 [ 1.          0.          2.86845499 -0.50696048  0.96911613  0.93947773
  -3.39033091  1.11604986 -1.20558843  1.74718804  1.50462568  0.74382322
   0.19691002  1.5009343 ]
 [ 1.          0.         -0.47559696  1.47839642 -1.03851925 -1.00199082
   1.36846091 -1.12770135  0.35309633 -0.49638509 -0.07946735 -1.80912937
   0.46980031 -1.11586938]
 [ 1.          0.         -0.4368703  -0.50696048  1.48814329  0.63339035
  -0.57285128  0.87735292 -0.84275701 -0.61446788  0.15105365  1.25441374
   0.27904304  0.5620922 ]] 
 
 
Val : (162, 14) 
 

FINISHED ENCODING
~~~~~~~~~~~~~~~~~~~~~~~~~~~~~~~~~~~~~~~~~~~~~~~~~~~~~~~~~~~~~~~~~~~~~~~~~~~~~~~


~~~~~~~~~~~~~~~~~~~~~~~~~~~~~~~~~~~~~~~~~~~~~~~~~~~~~~~~~~~~~~~~~~~~~~~~~~~~~~~
Test numpy array issues
X dtype: float64
X Val dtype: float64
X dtype: float32
X Val dtype: float32
After Debugging -- Inner Fold 5
DEBUG Inner Fold 5: num_features: 14
DEBUG Inner Fold 5: num_classes: 1
DEBUG Inner Fold 5: cat_idx: [0, 1]
DEBUG Inner Fold 5: nominal_idx: [0, 1]
DEBUG Inner Fold 5: ordinal_idx: None
DEBUG Inner Fold 5: num_idx: [2, 3, 4, 5, 6, 7, 8, 9, 10, 11, 12, 13]
DEBUG Inner Fold 5: cat_dims: [3, 3]
DEBUG Inner Fold 5: bin_alt: None
In get_device
Using dim 32 and batch size 32
**** Data b4 Fitting ****
Epoch 0 loss 471.7958679199219
Epoch 1 loss 442.11016845703125
Epoch 2 loss 416.3146667480469
Epoch 3 loss 390.5250549316406
Epoch 4 loss 362.646728515625
Epoch 5 loss 331.9185485839844
Epoch 6 loss 296.7248229980469
Epoch 7 loss 257.34588623046875
Epoch 8 loss 213.27761840820312
Epoch 9 loss 166.2418975830078
Epoch 10 loss 117.96351623535156
Epoch 11 loss 75.38298034667969
Epoch 12 loss 48.19371032714844
Epoch 13 loss 40.97417449951172
Epoch 14 loss 40.73713684082031
Epoch 15 loss 34.33623123168945
Epoch 16 loss 31.63685417175293
Epoch 17 loss 27.2428035736084
Epoch 18 loss 24.074970245361328
Epoch 19 loss 22.714826583862305
Epoch 20 loss 29.093103408813477
Epoch 21 loss 25.492202758789062
Epoch 22 loss 20.45951271057129
Epoch 23 loss 18.774459838867188
Epoch 24 loss 16.618701934814453
Epoch 25 loss 15.403642654418945
Epoch 26 loss 14.419421195983887
Epoch 27 loss 12.971026420593262
Epoch 28 loss 12.113685607910156
Epoch 29 loss 13.962023735046387
Epoch 30 loss 10.56017017364502
Epoch 31 loss 10.143203735351562
Epoch 32 loss 9.802557945251465
Epoch 33 loss 9.470641136169434
Epoch 34 loss 9.810266494750977
Epoch 35 loss 8.399720191955566
Epoch 36 loss 8.365194320678711
Epoch 37 loss 8.977715492248535
Epoch 38 loss 7.876625061035156
Epoch 39 loss 8.92673397064209
Epoch 40 loss 7.5074968338012695
Epoch 41 loss 8.261797904968262
Epoch 42 loss 13.934948921203613
Epoch 43 loss 7.546719551086426
Epoch 44 loss 7.303253173828125
Epoch 45 loss 7.5637030601501465
Epoch 46 loss 9.295476913452148
Epoch 47 loss 6.863004207611084
Epoch 48 loss 6.699891567230225
Epoch 49 loss 6.400681972503662
Epoch 50 loss 6.245864391326904
Epoch 51 loss 6.369504451751709
Epoch 52 loss 6.001060485839844
Epoch 53 loss 5.738084316253662
Epoch 54 loss 6.544156074523926
Epoch 55 loss 7.641335487365723
Epoch 56 loss 5.531643867492676
Epoch 57 loss 6.592338562011719
Epoch 58 loss 6.566956996917725
Epoch 59 loss 6.014419078826904
Epoch 60 loss 5.917154312133789
Epoch 61 loss 5.594325542449951
Epoch 62 loss 5.438628673553467
Epoch 63 loss 5.874709606170654
Epoch 64 loss 5.9189043045043945
Epoch 65 loss 6.151942729949951
Epoch 66 loss 6.3786516189575195
Epoch 67 loss 5.556781768798828
Epoch 68 loss 6.842955112457275
Epoch 69 loss 7.226945400238037
Epoch 70 loss 5.61016321182251
Epoch 71 loss 5.826228141784668
Epoch 72 loss 5.731600284576416
Epoch 73 loss 6.2433600425720215
Epoch 74 loss 5.9427313804626465
Epoch 75 loss 7.730941295623779
Epoch 76 loss 6.880639553070068
Epoch 77 loss 8.00446605682373
Epoch 78 loss 6.298112869262695
Epoch 79 loss 8.191629409790039
Epoch 80 loss 5.949944019317627
Epoch 81 loss 5.997276306152344
Epoch 82 loss 6.263701915740967
Epoch 83 loss 8.476081848144531
Validation loss has not improved for 20 steps!
Early stopping applies.
Inner Fold 5 Results: {'MSE - mean': 15.37977592261512, 'MSE - std': 10.328731552131876, 'R2 - mean': 0.7515038388215254, 'R2 - std': 0.16079553690227524}
Trial Results B4 Saving: {'MSE - mean': 15.37977592261512, 'MSE - std': 10.328731552131876, 'R2 - mean': 0.7515038388215254, 'R2 - std': 0.16079553690227524}
Score: 15.37977592261512
  outer_1_inner Fold 1/5
Before Debugging -- Inner Fold 1
DEBUG Inner Fold 1: num_features: 13
DEBUG Inner Fold 1: num_classes: 1
DEBUG Inner Fold 1: cat_idx: [0]
DEBUG Inner Fold 1: nominal_idx: [3]
DEBUG Inner Fold 1: ordinal_idx: None
DEBUG Inner Fold 1: num_idx: None
DEBUG Inner Fold 1: cat_dims: [2]
DEBUG Inner Fold 1: bin_alt: None
~~~~~~~~~~~~~~~~~~~~~~~~~~~~~~~~~~~~~~~~~~~~~~~~~~~~~~~~~~~~~~~~~~~~~~~~~~~~~~~
BEFORE ANY ENCODING
num_features :13
num_classes : 1
cat_idx : [0]
nominal_idx : [3]
ordinal_idx : None
num_idx : None
cat_dims : [2]
bin_alt : None 


X_train shape : (161, 13)
~~~~~~~~~~~~~~~~~~~~~~~~~~~~~~~~~~~~~~~~~~~~~~~~~~~~~~~~~~~~~~~~~~~~~~~~~~~~~~~
~~~~~~~~~~~~~~~~~~~~~~~~~~~~~~~~~~~~~~~~~~~~~~~~~~~~~~~~~~~~~~~~~~~~~~~~~~~~~~~
AFTER getting cat idx
Nominal Index : [3]
Ordinal Index : None
Cat Idx : [0]
Cat dims : [2]
~~~~~~~~~~~~~~~~~~~~~~~~~~~~~~~~~~~~~~~~~~~~~~~~~~~~~~~~~~~~~~~~~~~~~~~~~~~~~~~
BEFORE getting cat idx
Nominal Index : [3]
Ordinal Index : None
Cat Idx : [3]
Cat dims : []
~~~~~~~~~~~~~~~~~~~~~~~~~~~~~~~~~~~~~~~~~~~~~~~~~~~~~~~~~~~~~~~~~~~~~~~~~~~~~~~ 


AFTER SEPARATING CATEGORICALS AND NUMERICALS
Ordinal Index : None
Numerical Index V1 : [0, 1, 2, 4, 5, 6, 7, 8, 9, 10, 11, 12]
Cat Idx V1 : [3] 
Cat Dims V1 : []
 

~~~~~~~~~~~~~~~~~~~~~~~~~~~~~~~~~~~~~~~~~~~~~~~~~~~~~~~~~~~~~~~~~~~~~~~~~~~~~~~ 


Scaling the data...
One Hot Encoding...
Ord : None, Nom : [3], Num : [0, 1, 2, 4, 5, 6, 7, 8, 9, 10, 11, 12]
Num idx: [2, 3, 4, 5, 6, 7, 8, 9, 10, 11, 12, 13]
Ord : None, Nom : [0, 1], Num : [2, 3, 4, 5, 6, 7, 8, 9, 10, 11, 12, 13]
Nominal : (2, 2)
~~~~~~~~~~~~~~~~~~~~~~~~~~~~~~~~~~~~~~~~~~~~~~~~~~~~~~~~~~~~~~~~~~~~~~~~~~~~~~~
After OHE
Numerical Index V2 : [2, 3, 4, 5, 6, 7, 8, 9, 10, 11, 12, 13] 


OHE Idx : [0, 1]


Ordinal Idx V2: None


Cat Dims V2 : []
Cat Idx V2 : [3] 
 

Train: [[ 1.          0.         -0.4474006  -0.531099   -0.49746357]
 [ 1.          0.         -0.45386968 -0.531099    2.47958591]
 [ 1.          0.         -0.42105335 -0.531099   -0.43029059]
 [ 1.          0.         -0.47321653  1.68137724 -0.72470835]
 [ 1.          0.         -0.47650454  2.84029336 -1.23350797]
 [ 1.          0.         -0.4726438   0.64888833  0.66448613]
 [ 1.          0.         -0.41054239 -0.531099   -0.07012906]
 [ 1.          0.         -0.46928333 -0.531099   -0.74328811]
 [ 1.          0.          3.09383027 -0.531099    1.10182513]
 [ 1.          0.         -0.46545536  1.3653092  -0.99340028]] 
 
 
Val : (161, 14) 
 

~~~~~~~~~~~~~~~~~~~~~~~~~~~~~~~~~~~~~~~~~~~~~~~~~~~~~~~~~~~~~~~~~~~~~~~~~~~~~~~
Cat Idx V3 : [0, 1] 
 

~~~~~~~~~~~~~~~~~~~~~~~~~~~~~~~~~~~~~~~~~~~~~~~~~~~~~~~~~~~~~~~~~~~~~~~~~~~~~~~
After ORDINAL
Numerical Index V2 : [2, 3, 4, 5, 6, 7, 8, 9, 10, 11, 12, 13] 


OHE Idx : [0, 1]


Ordinal Idx V2: None


Cat Dims V2 : [3, 3]
Cat Idx V2 : [0, 1] 
 

Train: [[ 1.00000000e+00  0.00000000e+00 -4.47400601e-01 -5.31098998e-01
  -4.97463572e-01 -8.27964537e-01 -8.12535881e-01 -1.24105249e+00
   4.95908065e-01 -6.98040889e-01 -9.66072145e-01 -3.39995663e-01
   4.55594017e-01  2.70443831e-01]
 [ 1.00000000e+00  0.00000000e+00 -4.53869677e-01 -5.31098998e-01
   2.47958591e+00  6.02899232e-01 -1.31207200e+00  9.30431742e-01
  -9.78130451e-01 -5.77585816e-01  1.94435965e+00  7.89708500e-01
   4.37102501e-01  8.43126474e-01]
 [ 1.00000000e+00  0.00000000e+00 -4.21053348e-01 -5.31098998e-01
  -4.30290588e-01 -4.28033670e-01  1.33874408e-01 -9.92465066e-01
   3.25423903e-01 -4.57130743e-01 -6.37278595e-01  5.32957554e-01
   4.55594017e-01 -9.05679346e-01]
 [ 1.00000000e+00  0.00000000e+00 -4.73216527e-01  1.68137724e+00
  -7.24708347e-01 -1.21012070e+00 -1.76078723e-01 -1.31416643e+00
   1.49229428e+00 -3.36675670e-01 -6.00745978e-01 -1.00754812e+00
   4.55594017e-01 -7.56283874e-01]
 [ 1.00000000e+00  0.00000000e+00 -4.76504543e-01  2.84029336e+00
  -1.23350797e+00 -1.38786775e+00 -1.44481560e-01 -1.30685504e+00
   2.28875601e+00 -9.38951035e-01 -9.17361989e-01 -1.85945095e-01
  -1.09367794e-01  9.17551292e-02]
 [ 1.00000000e+00  0.00000000e+00 -4.72643798e-01  6.48888327e-01
   6.64486129e-01 -6.85766895e-01  1.74499333e-01 -4.98945924e-01
  -1.48857372e-01 -5.77585816e-01 -7.40787676e-01 -1.85945095e-01
   4.36285196e-01 -6.06888402e-01]
 [ 1.00000000e+00  0.00000000e+00 -4.10542394e-01 -5.31098998e-01
  -7.01290568e-02  2.52213131e-02  8.42217216e-02 -1.77108319e-03
  -2.08816737e-01 -5.77585816e-01 -5.33769515e-01 -8.32447167e-02
   4.38328457e-01 -2.84662874e-01]
 [ 1.00000000e+00  0.00000000e+00 -4.69283329e-01 -5.31098998e-01
  -7.43288108e-01 -2.32511912e-01 -5.38693794e-01 -3.19816753e-01
   3.66370666e-01 -4.57130743e-01 -1.02087107e+00  8.41058689e-01
   4.55594017e-01 -4.41381654e-01]
 [ 1.00000000e+00  0.00000000e+00  3.09383027e+00 -5.31098998e-01
   1.10182513e+00  1.04726686e+00 -3.29216093e+00  1.19729765e+00
  -1.26705009e+00  1.83151564e+00  1.67036502e+00  8.41058689e-01
   1.83022930e-01  1.61646774e+00]
 [ 1.00000000e+00  0.00000000e+00 -4.65455361e-01  1.36530920e+00
  -9.93400283e-01 -9.25725415e-01  1.29243708e+00 -1.03633343e+00
   2.56025657e-01 -4.57130743e-01  3.85748126e-02 -1.72645077e+00
   4.55594017e-01 -1.01259964e+00]] 
 
 
Val : (161, 14) 
 

FINISHED ENCODING
~~~~~~~~~~~~~~~~~~~~~~~~~~~~~~~~~~~~~~~~~~~~~~~~~~~~~~~~~~~~~~~~~~~~~~~~~~~~~~~


~~~~~~~~~~~~~~~~~~~~~~~~~~~~~~~~~~~~~~~~~~~~~~~~~~~~~~~~~~~~~~~~~~~~~~~~~~~~~~~
Test numpy array issues
X dtype: float64
X Val dtype: float64
X dtype: float32
X Val dtype: float32
After Debugging -- Inner Fold 1
DEBUG Inner Fold 1: num_features: 14
DEBUG Inner Fold 1: num_classes: 1
DEBUG Inner Fold 1: cat_idx: [0, 1]
DEBUG Inner Fold 1: nominal_idx: [0, 1]
DEBUG Inner Fold 1: ordinal_idx: None
DEBUG Inner Fold 1: num_idx: [2, 3, 4, 5, 6, 7, 8, 9, 10, 11, 12, 13]
DEBUG Inner Fold 1: cat_dims: [3, 3]
DEBUG Inner Fold 1: bin_alt: None
In get_device
Using dim 256 and batch size 32
**** Data b4 Fitting ****


----------------------------------------------------------------------------
Training SAINT Vesion 1 with Dataset: config/socmob.yml 



----------------------------------------------------------------------------
Running Mode: Nested CV with Hyperparameter Optimization
Arguements: Namespace(batch_size=32, bin_alt=None, cat_dims=[2], cat_idx=[0], class_comp=False, class_weights=None, config='config/socmob.yml', data_parallel=False, dataset='Socmob', direction='minimize', dropna_idx=None, early_stopping_rounds=20, epochs=100, frequency_reg=False, gpu_ids=[0, 1], logging_period=100, miss_cat_idx=None, miss_num_idx=None, model_name='SAINT', n_trials=5, nominal_idx=[0, 1, 2, 3], num_bins=10, num_classes=1, num_features=5, num_idx=None, num_splits=5, objective='regression', one_hot_encode=True, optimize_hyperparameters=True, ordinal_encode=False, ordinal_idx=None, outer_splits=2, save_results=False, scale=True, seed=221, shuffle=True, target_encode=False, use_gpu=True, val_batch_size=64, weighted_loss=False, y_distribution='skewed')
--- Running Nested Cross-Validation with Hyperparameter Optimization ---
Loading dataset Socmob...
Dataset loaded! 

(1156, 5)
X : [['Manager' 'Operative-Nonmanufacturing' 'nonintact' 'white' 7.6]
 ['Craftsman-Construction' 'Salesman-Retail' 'intact' 'white' 47.0]
 ['Farmer/Farm_Manager' 'Farm_Laborer' 'intact' 'black' 98.4]
 ['Professional_Self-Employed' 'Salesman-Retail' 'nonintact' 'black' 0.0]
 ['Craftsman-Manufacturing' 'Proprietor' 'nonintact' 'white' 0.0]]
X : [ 4.  21.7 16.4  0.   1.6]
--- Starting Nested Cross-Validation (2 Outer Folds, 5 Inner Folds) ---
Hyperparameter Optimization per Outer Fold: True

--- Outer Fold 1/2 ---
Starting Hyperparameter Optimization for Outer Fold 1...
  outer_1_inner Fold 1/5
Before Debugging -- Inner Fold 1
DEBUG Inner Fold 1: num_features: 5
DEBUG Inner Fold 1: num_classes: 1
DEBUG Inner Fold 1: cat_idx: [0]
DEBUG Inner Fold 1: nominal_idx: [0, 1, 2, 3]
DEBUG Inner Fold 1: ordinal_idx: None
DEBUG Inner Fold 1: num_idx: None
DEBUG Inner Fold 1: cat_dims: [2]
DEBUG Inner Fold 1: bin_alt: None
~~~~~~~~~~~~~~~~~~~~~~~~~~~~~~~~~~~~~~~~~~~~~~~~~~~~~~~~~~~~~~~~~~~~~~~~~~~~~~~
BEFORE ANY ENCODING
num_features :5
num_classes : 1
cat_idx : [0]
nominal_idx : [0, 1, 2, 3]
ordinal_idx : None
num_idx : None
cat_dims : [2]
bin_alt : None 


X_train shape : (369, 5)
~~~~~~~~~~~~~~~~~~~~~~~~~~~~~~~~~~~~~~~~~~~~~~~~~~~~~~~~~~~~~~~~~~~~~~~~~~~~~~~
~~~~~~~~~~~~~~~~~~~~~~~~~~~~~~~~~~~~~~~~~~~~~~~~~~~~~~~~~~~~~~~~~~~~~~~~~~~~~~~
AFTER getting cat idx
Nominal Index : [0, 1, 2, 3]
Ordinal Index : None
Cat Idx : [0]
Cat dims : [2]
~~~~~~~~~~~~~~~~~~~~~~~~~~~~~~~~~~~~~~~~~~~~~~~~~~~~~~~~~~~~~~~~~~~~~~~~~~~~~~~
BEFORE getting cat idx
Nominal Index : [0, 1, 2, 3]
Ordinal Index : None
Cat Idx : [0, 1, 2, 3]
Cat dims : []
~~~~~~~~~~~~~~~~~~~~~~~~~~~~~~~~~~~~~~~~~~~~~~~~~~~~~~~~~~~~~~~~~~~~~~~~~~~~~~~ 


AFTER SEPARATING CATEGORICALS AND NUMERICALS
Ordinal Index : None
Numerical Index V1 : [4]
Cat Idx V1 : [0, 1, 2, 3] 
Cat Dims V1 : []
 

~~~~~~~~~~~~~~~~~~~~~~~~~~~~~~~~~~~~~~~~~~~~~~~~~~~~~~~~~~~~~~~~~~~~~~~~~~~~~~~ 


Scaling the data...
One Hot Encoding...
Ord : None, Nom : [0, 1, 2, 3], Num : [4]
Num idx: [38]
Ord : None, Nom : [0, 1, 2, 3, 4, 5, 6, 7, 8, 9, 10, 11, 12, 13, 14, 15, 16, 17, 18, 19, 20, 21, 22, 23, 24, 25, 26, 27, 28, 29, 30, 31, 32, 33, 34, 35, 36, 37], Num : [38]
Nominal : (38, 38)
~~~~~~~~~~~~~~~~~~~~~~~~~~~~~~~~~~~~~~~~~~~~~~~~~~~~~~~~~~~~~~~~~~~~~~~~~~~~~~~
After OHE
Numerical Index V2 : [38] 


OHE Idx : [0, 1, 2, 3, 4, 5, 6, 7, 8, 9, 10, 11, 12, 13, 14, 15, 16, 17, 18, 19, 20, 21, 22, 23, 24, 25, 26, 27, 28, 29, 30, 31, 32, 33, 34, 35, 36, 37]


Ordinal Idx V2: None


Cat Dims V2 : []
Cat Idx V2 : [0, 1, 2, 3] 
 

Train: [[0.0 0.0 0.0 0.0 0.0]
 [0.0 1.0 0.0 0.0 0.0]
 [0.0 0.0 0.0 0.0 0.0]
 [0.0 0.0 1.0 0.0 0.0]
 [1.0 0.0 0.0 0.0 0.0]
 [0.0 0.0 0.0 0.0 1.0]
 [0.0 0.0 0.0 0.0 0.0]
 [0.0 0.0 0.0 0.0 1.0]
 [0.0 0.0 0.0 0.0 0.0]
 [0.0 0.0 0.0 0.0 0.0]] 
 
 
Val : (369, 39) 
 

~~~~~~~~~~~~~~~~~~~~~~~~~~~~~~~~~~~~~~~~~~~~~~~~~~~~~~~~~~~~~~~~~~~~~~~~~~~~~~~
Cat Idx V3 : [0, 1, 2, 3, 4, 5, 6, 7, 8, 9, 10, 11, 12, 13, 14, 15, 16, 17, 18, 19, 20, 21, 22, 23, 24, 25, 26, 27, 28, 29, 30, 31, 32, 33, 34, 35, 36, 37] 
 

~~~~~~~~~~~~~~~~~~~~~~~~~~~~~~~~~~~~~~~~~~~~~~~~~~~~~~~~~~~~~~~~~~~~~~~~~~~~~~~
After ORDINAL
Numerical Index V2 : [38] 


OHE Idx : [0, 1, 2, 3, 4, 5, 6, 7, 8, 9, 10, 11, 12, 13, 14, 15, 16, 17, 18, 19, 20, 21, 22, 23, 24, 25, 26, 27, 28, 29, 30, 31, 32, 33, 34, 35, 36, 37]


Ordinal Idx V2: None


Cat Dims V2 : [3, 3, 3, 3, 3, 3, 3, 3, 3, 3, 3, 3, 3, 3, 3, 3, 3, 3, 3, 3, 3, 3, 3, 3, 3, 3, 3, 3, 3, 3, 3, 3, 3, 3, 3, 3, 3, 3]
Cat Idx V2 : [0, 1, 2, 3, 4, 5, 6, 7, 8, 9, 10, 11, 12, 13, 14, 15, 16, 17, 18, 19, 20, 21, 22, 23, 24, 25, 26, 27, 28, 29, 30, 31, 32, 33, 34, 35, 36, 37] 
 

Train: [[0.0 0.0 0.0 0.0 0.0 0.0 0.0 0.0 1.0 0.0 0.0 0.0 0.0 0.0 0.0 0.0 0.0 0.0
  0.0 0.0 0.0 0.0 0.0 0.0 0.0 0.0 0.0 1.0 0.0 0.0 0.0 0.0 0.0 0.0 0.0 1.0
  0.0 1.0 -0.23948807746264092]
 [0.0 1.0 0.0 0.0 0.0 0.0 0.0 0.0 0.0 0.0 0.0 0.0 0.0 0.0 0.0 0.0 0.0 0.0
  0.0 0.0 0.0 0.0 0.0 0.0 0.0 0.0 0.0 0.0 0.0 0.0 0.0 0.0 1.0 0.0 1.0 0.0
  0.0 1.0 0.7748808556759901]
 [0.0 0.0 0.0 0.0 0.0 1.0 0.0 0.0 0.0 0.0 0.0 0.0 0.0 0.0 0.0 0.0 0.0 0.0
  0.0 0.0 0.0 1.0 0.0 0.0 0.0 0.0 0.0 0.0 0.0 0.0 0.0 0.0 0.0 0.0 1.0 0.0
  1.0 0.0 2.0981946415471993]
 [0.0 0.0 1.0 0.0 0.0 0.0 0.0 0.0 0.0 0.0 0.0 0.0 0.0 0.0 0.0 0.0 0.0 0.0
  0.0 0.0 0.0 0.0 0.0 0.0 0.0 0.0 0.0 0.0 0.0 0.0 1.0 0.0 0.0 0.0 0.0 1.0
  0.0 1.0 -0.4351531508599403]
 [1.0 0.0 0.0 0.0 0.0 0.0 0.0 0.0 0.0 0.0 0.0 0.0 0.0 0.0 0.0 0.0 0.0 0.0
  0.0 0.0 0.0 0.0 0.0 0.0 0.0 0.0 0.0 0.0 0.0 1.0 0.0 0.0 0.0 0.0 1.0 0.0
  1.0 0.0 -0.4248549891021877]
 [0.0 0.0 0.0 0.0 1.0 0.0 0.0 0.0 0.0 0.0 0.0 0.0 0.0 0.0 0.0 0.0 0.0 0.0
  0.0 0.0 0.0 0.0 0.0 0.0 0.0 0.0 0.0 0.0 0.0 0.0 0.0 0.0 0.0 1.0 1.0 0.0
  0.0 1.0 0.09262763922488039]
 [0.0 0.0 0.0 0.0 0.0 0.0 0.0 0.0 0.0 0.0 0.0 0.0 0.0 0.0 1.0 0.0 0.0 0.0
  0.0 0.0 0.0 0.0 0.0 0.0 0.0 0.0 0.0 0.0 0.0 0.0 0.0 0.0 1.0 0.0 1.0 0.0
  1.0 0.0 -0.4351531508599403]
 [0.0 0.0 0.0 0.0 1.0 0.0 0.0 0.0 0.0 0.0 0.0 0.0 0.0 0.0 0.0 0.0 0.0 0.0
  0.0 0.0 0.0 0.0 0.0 0.0 0.0 0.0 1.0 0.0 0.0 0.0 0.0 0.0 0.0 0.0 0.0 1.0
  1.0 0.0 -0.2626589414175843]
 [0.0 0.0 0.0 0.0 0.0 0.0 0.0 0.0 0.0 0.0 0.0 1.0 0.0 0.0 0.0 0.0 0.0 0.0
  0.0 0.0 1.0 0.0 0.0 0.0 0.0 0.0 0.0 0.0 0.0 0.0 0.0 0.0 0.0 0.0 0.0 1.0
  0.0 1.0 -0.32444791196409983]
 [0.0 0.0 0.0 0.0 0.0 0.0 0.0 0.0 0.0 0.0 0.0 1.0 0.0 0.0 0.0 0.0 0.0 0.0
  0.0 0.0 0.0 0.0 0.0 0.0 0.0 0.0 0.0 1.0 0.0 0.0 0.0 0.0 0.0 0.0 0.0 1.0
  1.0 0.0 -0.411982286904997]] 
 
 
Val : (369, 39) 
 

FINISHED ENCODING
~~~~~~~~~~~~~~~~~~~~~~~~~~~~~~~~~~~~~~~~~~~~~~~~~~~~~~~~~~~~~~~~~~~~~~~~~~~~~~~


~~~~~~~~~~~~~~~~~~~~~~~~~~~~~~~~~~~~~~~~~~~~~~~~~~~~~~~~~~~~~~~~~~~~~~~~~~~~~~~
Test numpy array issues
X dtype: object
X Val dtype: object
X dtype: float32
X Val dtype: float32
After Debugging -- Inner Fold 1
DEBUG Inner Fold 1: num_features: 39
DEBUG Inner Fold 1: num_classes: 1
DEBUG Inner Fold 1: cat_idx: [0, 1, 2, 3, 4, 5, 6, 7, 8, 9, 10, 11, 12, 13, 14, 15, 16, 17, 18, 19, 20, 21, 22, 23, 24, 25, 26, 27, 28, 29, 30, 31, 32, 33, 34, 35, 36, 37]
DEBUG Inner Fold 1: nominal_idx: [0, 1, 2, 3, 4, 5, 6, 7, 8, 9, 10, 11, 12, 13, 14, 15, 16, 17, 18, 19, 20, 21, 22, 23, 24, 25, 26, 27, 28, 29, 30, 31, 32, 33, 34, 35, 36, 37]
DEBUG Inner Fold 1: ordinal_idx: None
DEBUG Inner Fold 1: num_idx: [38]
DEBUG Inner Fold 1: cat_dims: [3, 3, 3, 3, 3, 3, 3, 3, 3, 3, 3, 3, 3, 3, 3, 3, 3, 3, 3, 3, 3, 3, 3, 3, 3, 3, 3, 3, 3, 3, 3, 3, 3, 3, 3, 3, 3, 3]
DEBUG Inner Fold 1: bin_alt: None
In get_device
Using dim 256 and batch size 32
**** Data b4 Fitting ****


----------------------------------------------------------------------------
Training SAINT Vesion 1 with Dataset: config/sensory.yml 



----------------------------------------------------------------------------
Running Mode: Nested CV with Hyperparameter Optimization
Arguements: Namespace(batch_size=32, bin_alt=None, cat_dims=[2], cat_idx=[0], class_comp=False, class_weights=None, config='config/sensory.yml', data_parallel=False, dataset='Sensory', direction='minimize', dropna_idx=None, early_stopping_rounds=20, epochs=100, frequency_reg=False, gpu_ids=[0, 1], logging_period=100, miss_cat_idx=None, miss_num_idx=None, model_name='SAINT', n_trials=5, nominal_idx=[0, 1, 2, 3, 4, 5, 6, 7, 8, 9, 10], num_bins=10, num_classes=1, num_features=11, num_idx=None, num_splits=5, objective='regression', one_hot_encode=True, optimize_hyperparameters=True, ordinal_encode=False, ordinal_idx=None, outer_splits=2, save_results=False, scale=False, seed=221, shuffle=True, target_encode=False, use_gpu=True, val_batch_size=64, weighted_loss=False, y_distribution='normal')
--- Running Nested Cross-Validation with Hyperparameter Optimization ---
Loading dataset Sensory...
Dataset loaded! 

(576, 11)
X : [[1 4 3 3 4 1 2 3 2 3 2]
 [2 4 2 1 3 2 2 1 2 2 2]
 [2 1 2 4 4 2 2 2 1 1 1]
 [2 4 3 1 4 2 1 1 1 4 1]
 [2 1 2 4 1 2 2 2 2 1 2]]
X : [16.  16.  15.5 14.5 16. ]
--- Starting Nested Cross-Validation (2 Outer Folds, 5 Inner Folds) ---
Hyperparameter Optimization per Outer Fold: True

--- Outer Fold 1/2 ---
Starting Hyperparameter Optimization for Outer Fold 1...
  outer_1_inner Fold 1/5
Before Debugging -- Inner Fold 1
DEBUG Inner Fold 1: num_features: 11
DEBUG Inner Fold 1: num_classes: 1
DEBUG Inner Fold 1: cat_idx: [0]
DEBUG Inner Fold 1: nominal_idx: [0, 1, 2, 3, 4, 5, 6, 7, 8, 9, 10]
DEBUG Inner Fold 1: ordinal_idx: None
DEBUG Inner Fold 1: num_idx: None
DEBUG Inner Fold 1: cat_dims: [2]
DEBUG Inner Fold 1: bin_alt: None
~~~~~~~~~~~~~~~~~~~~~~~~~~~~~~~~~~~~~~~~~~~~~~~~~~~~~~~~~~~~~~~~~~~~~~~~~~~~~~~
BEFORE ANY ENCODING
num_features :11
num_classes : 1
cat_idx : [0]
nominal_idx : [0, 1, 2, 3, 4, 5, 6, 7, 8, 9, 10]
ordinal_idx : None
num_idx : None
cat_dims : [2]
bin_alt : None 


X_train shape : (184, 11)
~~~~~~~~~~~~~~~~~~~~~~~~~~~~~~~~~~~~~~~~~~~~~~~~~~~~~~~~~~~~~~~~~~~~~~~~~~~~~~~
~~~~~~~~~~~~~~~~~~~~~~~~~~~~~~~~~~~~~~~~~~~~~~~~~~~~~~~~~~~~~~~~~~~~~~~~~~~~~~~
AFTER getting cat idx
Nominal Index : [0, 1, 2, 3, 4, 5, 6, 7, 8, 9, 10]
Ordinal Index : None
Cat Idx : [0]
Cat dims : [2]
~~~~~~~~~~~~~~~~~~~~~~~~~~~~~~~~~~~~~~~~~~~~~~~~~~~~~~~~~~~~~~~~~~~~~~~~~~~~~~~
BEFORE getting cat idx
Nominal Index : [0, 1, 2, 3, 4, 5, 6, 7, 8, 9, 10]
Ordinal Index : None
Cat Idx : [0, 1, 2, 3, 4, 5, 6, 7, 8, 9, 10]
Cat dims : []
~~~~~~~~~~~~~~~~~~~~~~~~~~~~~~~~~~~~~~~~~~~~~~~~~~~~~~~~~~~~~~~~~~~~~~~~~~~~~~~ 


AFTER SEPARATING CATEGORICALS AND NUMERICALS
Ordinal Index : None
Numerical Index V1 : []
Cat Idx V1 : [0, 1, 2, 3, 4, 5, 6, 7, 8, 9, 10] 
Cat Dims V1 : []
 

~~~~~~~~~~~~~~~~~~~~~~~~~~~~~~~~~~~~~~~~~~~~~~~~~~~~~~~~~~~~~~~~~~~~~~~~~~~~~~~ 


One Hot Encoding...
Ord : None, Nom : [0, 1, 2, 3, 4, 5, 6, 7, 8, 9, 10], Num : []
Num idx: []
Ord : None, Nom : [0, 1, 2, 3, 4, 5, 6, 7, 8, 9, 10, 11, 12, 13, 14, 15, 16, 17, 18, 19, 20, 21, 22, 23, 24, 25, 26, 27, 28, 29, 30, 31, 32, 33, 34, 35], Num : []
Nominal : (36, 36)
~~~~~~~~~~~~~~~~~~~~~~~~~~~~~~~~~~~~~~~~~~~~~~~~~~~~~~~~~~~~~~~~~~~~~~~~~~~~~~~
After OHE
Numerical Index V2 : [] 


OHE Idx : [0, 1, 2, 3, 4, 5, 6, 7, 8, 9, 10, 11, 12, 13, 14, 15, 16, 17, 18, 19, 20, 21, 22, 23, 24, 25, 26, 27, 28, 29, 30, 31, 32, 33, 34, 35]


Ordinal Idx V2: None


Cat Dims V2 : []
Cat Idx V2 : [0, 1, 2, 3, 4, 5, 6, 7, 8, 9, 10] 
 

Train: [[1. 0. 0. 0. 0.]
 [0. 1. 0. 0. 0.]
 [0. 1. 1. 0. 0.]
 [0. 1. 0. 0. 0.]
 [0. 1. 1. 0. 0.]
 [1. 0. 0. 0. 0.]
 [0. 1. 0. 0. 1.]
 [1. 0. 0. 0. 0.]
 [1. 0. 0. 0. 0.]
 [0. 1. 0. 0. 0.]] 
 
 
Val : (184, 36) 
 

~~~~~~~~~~~~~~~~~~~~~~~~~~~~~~~~~~~~~~~~~~~~~~~~~~~~~~~~~~~~~~~~~~~~~~~~~~~~~~~
Cat Idx V3 : [0, 1, 2, 3, 4, 5, 6, 7, 8, 9, 10, 11, 12, 13, 14, 15, 16, 17, 18, 19, 20, 21, 22, 23, 24, 25, 26, 27, 28, 29, 30, 31, 32, 33, 34, 35] 
 

~~~~~~~~~~~~~~~~~~~~~~~~~~~~~~~~~~~~~~~~~~~~~~~~~~~~~~~~~~~~~~~~~~~~~~~~~~~~~~~
After ORDINAL
Numerical Index V2 : [] 


OHE Idx : [0, 1, 2, 3, 4, 5, 6, 7, 8, 9, 10, 11, 12, 13, 14, 15, 16, 17, 18, 19, 20, 21, 22, 23, 24, 25, 26, 27, 28, 29, 30, 31, 32, 33, 34, 35]


Ordinal Idx V2: None


Cat Dims V2 : [3, 3, 3, 3, 3, 3, 3, 3, 3, 3, 3, 3, 3, 3, 3, 3, 3, 3, 3, 3, 3, 3, 3, 3, 3, 3, 3, 3, 3, 3, 3, 3, 3, 3, 3, 3]
Cat Idx V2 : [0, 1, 2, 3, 4, 5, 6, 7, 8, 9, 10, 11, 12, 13, 14, 15, 16, 17, 18, 19, 20, 21, 22, 23, 24, 25, 26, 27, 28, 29, 30, 31, 32, 33, 34, 35] 
 

Train: [[1. 0. 0. 0. 0. 1. 0. 0. 0. 0. 1. 0. 0. 1. 0. 0. 0. 0. 1. 1. 0. 0. 1. 0.
  0. 0. 1. 0. 0. 1. 0. 0. 1. 0. 0. 1.]
 [0. 1. 0. 0. 0. 1. 0. 0. 0. 1. 0. 1. 0. 0. 0. 0. 0. 1. 0. 0. 1. 0. 1. 0.
  1. 0. 0. 0. 0. 1. 0. 1. 0. 0. 0. 1.]
 [0. 1. 1. 0. 0. 0. 0. 0. 0. 1. 0. 0. 0. 0. 1. 0. 0. 0. 1. 0. 1. 0. 1. 0.
  0. 1. 0. 0. 1. 0. 1. 0. 0. 0. 1. 0.]
 [0. 1. 0. 0. 0. 1. 0. 0. 0. 0. 1. 1. 0. 0. 0. 0. 0. 0. 1. 0. 1. 1. 0. 0.
  1. 0. 0. 0. 1. 0. 0. 0. 0. 1. 1. 0.]
 [0. 1. 1. 0. 0. 0. 0. 0. 1. 0. 0. 0. 1. 0. 0. 1. 0. 0. 0. 0. 1. 0. 0. 1.
  1. 0. 0. 0. 0. 1. 1. 0. 0. 0. 0. 1.]
 [1. 0. 0. 0. 0. 0. 1. 0. 0. 1. 0. 0. 1. 0. 0. 0. 0. 0. 1. 1. 0. 0. 0. 1.
  0. 0. 0. 1. 1. 0. 0. 0. 0. 1. 1. 0.]
 [0. 1. 0. 0. 1. 0. 0. 0. 0. 1. 0. 0. 1. 0. 0. 0. 0. 1. 0. 0. 1. 1. 0. 0.
  0. 0. 0. 1. 0. 1. 1. 0. 0. 0. 0. 1.]
 [1. 0. 0. 0. 0. 0. 0. 1. 0. 0. 1. 0. 0. 0. 1. 1. 0. 0. 0. 1. 0. 0. 0. 1.
  0. 0. 1. 0. 0. 1. 0. 1. 0. 0. 0. 1.]
 [1. 0. 0. 0. 0. 1. 0. 0. 0. 1. 0. 1. 0. 0. 0. 0. 0. 1. 0. 1. 0. 1. 0. 0.
  0. 1. 0. 0. 1. 0. 0. 0. 0. 1. 1. 0.]
 [0. 1. 0. 0. 0. 1. 0. 0. 0. 0. 1. 1. 0. 0. 0. 0. 1. 0. 0. 0. 1. 1. 0. 0.
  1. 0. 0. 0. 1. 0. 0. 0. 0. 1. 1. 0.]] 
 
 
Val : (184, 36) 
 

FINISHED ENCODING
~~~~~~~~~~~~~~~~~~~~~~~~~~~~~~~~~~~~~~~~~~~~~~~~~~~~~~~~~~~~~~~~~~~~~~~~~~~~~~~


~~~~~~~~~~~~~~~~~~~~~~~~~~~~~~~~~~~~~~~~~~~~~~~~~~~~~~~~~~~~~~~~~~~~~~~~~~~~~~~
Test numpy array issues
X dtype: float64
X Val dtype: float64
X dtype: float32
X Val dtype: float32
After Debugging -- Inner Fold 1
DEBUG Inner Fold 1: num_features: 36
DEBUG Inner Fold 1: num_classes: 1
DEBUG Inner Fold 1: cat_idx: [0, 1, 2, 3, 4, 5, 6, 7, 8, 9, 10, 11, 12, 13, 14, 15, 16, 17, 18, 19, 20, 21, 22, 23, 24, 25, 26, 27, 28, 29, 30, 31, 32, 33, 34, 35]
DEBUG Inner Fold 1: nominal_idx: [0, 1, 2, 3, 4, 5, 6, 7, 8, 9, 10, 11, 12, 13, 14, 15, 16, 17, 18, 19, 20, 21, 22, 23, 24, 25, 26, 27, 28, 29, 30, 31, 32, 33, 34, 35]
DEBUG Inner Fold 1: ordinal_idx: None
DEBUG Inner Fold 1: num_idx: []
DEBUG Inner Fold 1: cat_dims: [3, 3, 3, 3, 3, 3, 3, 3, 3, 3, 3, 3, 3, 3, 3, 3, 3, 3, 3, 3, 3, 3, 3, 3, 3, 3, 3, 3, 3, 3, 3, 3, 3, 3, 3, 3]
DEBUG Inner Fold 1: bin_alt: None
In get_device
Using dim 64 and batch size 32
**** Data b4 Fitting ****


----------------------------------------------------------------------------
Training SAINT Vesion 1 with Dataset: config/moneyball.yml 



----------------------------------------------------------------------------
Running Mode: Nested CV with Hyperparameter Optimization
Arguements: Namespace(batch_size=32, bin_alt=None, cat_dims=[2], cat_idx=[0], class_comp=False, class_weights=None, config='config/moneyball.yml', data_parallel=False, dataset='Moneyball', direction='minimize', dropna_idx=[9, 10, 12, 13], early_stopping_rounds=20, epochs=100, frequency_reg=False, gpu_ids=[0, 1], logging_period=100, miss_cat_idx=None, miss_num_idx=None, model_name='SAINT', n_trials=5, nominal_idx=[0, 1, 8], num_bins=10, num_classes=1, num_features=14, num_idx=None, num_splits=5, objective='regression', one_hot_encode=True, optimize_hyperparameters=True, ordinal_encode=False, ordinal_idx=None, outer_splits=2, save_results=False, scale=True, seed=221, shuffle=True, target_encode=False, use_gpu=True, val_batch_size=64, weighted_loss=False, y_distribution='normal')
--- Running Nested Cross-Validation with Hyperparameter Optimization ---
Loading dataset Moneyball...
Dataset loaded! 

(1232, 10)
X : [['BAL' 'AL' 1969 517 109 0.3429999999999999 0.414 0.265 1 162]
 ['CLE' 'AL' 2007 704 96 0.3429999999999999 0.428 0.268 1 162]
 ['CHC' 'NL' 2005 714 79 0.324 0.44 0.27 0 162]
 ['SDP' 'NL' 2007 666 89 0.322 0.411 0.251 0 163]
 ['MON' 'NL' 1983 646 82 0.326 0.386 0.264 0 163]]
X : [779 811 703 741 677]
--- Starting Nested Cross-Validation (2 Outer Folds, 5 Inner Folds) ---
Hyperparameter Optimization per Outer Fold: True

--- Outer Fold 1/2 ---
Starting Hyperparameter Optimization for Outer Fold 1...
  outer_1_inner Fold 1/5
Before Debugging -- Inner Fold 1
DEBUG Inner Fold 1: num_features: 10
DEBUG Inner Fold 1: num_classes: 1
DEBUG Inner Fold 1: cat_idx: [0]
DEBUG Inner Fold 1: nominal_idx: [0, 1, 8]
DEBUG Inner Fold 1: ordinal_idx: None
DEBUG Inner Fold 1: num_idx: None
DEBUG Inner Fold 1: cat_dims: [2]
DEBUG Inner Fold 1: bin_alt: None
~~~~~~~~~~~~~~~~~~~~~~~~~~~~~~~~~~~~~~~~~~~~~~~~~~~~~~~~~~~~~~~~~~~~~~~~~~~~~~~
BEFORE ANY ENCODING
num_features :10
num_classes : 1
cat_idx : [0]
nominal_idx : [0, 1, 8]
ordinal_idx : None
num_idx : None
cat_dims : [2]
bin_alt : None 


X_train shape : (393, 10)
~~~~~~~~~~~~~~~~~~~~~~~~~~~~~~~~~~~~~~~~~~~~~~~~~~~~~~~~~~~~~~~~~~~~~~~~~~~~~~~
~~~~~~~~~~~~~~~~~~~~~~~~~~~~~~~~~~~~~~~~~~~~~~~~~~~~~~~~~~~~~~~~~~~~~~~~~~~~~~~
AFTER getting cat idx
Nominal Index : [0, 1, 8]
Ordinal Index : None
Cat Idx : [0]
Cat dims : [2]
~~~~~~~~~~~~~~~~~~~~~~~~~~~~~~~~~~~~~~~~~~~~~~~~~~~~~~~~~~~~~~~~~~~~~~~~~~~~~~~
BEFORE getting cat idx
Nominal Index : [0, 1, 8]
Ordinal Index : None
Cat Idx : [0, 1, 8]
Cat dims : []
~~~~~~~~~~~~~~~~~~~~~~~~~~~~~~~~~~~~~~~~~~~~~~~~~~~~~~~~~~~~~~~~~~~~~~~~~~~~~~~ 


AFTER SEPARATING CATEGORICALS AND NUMERICALS
Ordinal Index : None
Numerical Index V1 : [2, 3, 4, 5, 6, 7, 9]
Cat Idx V1 : [0, 1, 8] 
Cat Dims V1 : []
 

~~~~~~~~~~~~~~~~~~~~~~~~~~~~~~~~~~~~~~~~~~~~~~~~~~~~~~~~~~~~~~~~~~~~~~~~~~~~~~~ 


Scaling the data...
One Hot Encoding...
Ord : None, Nom : [0, 1, 8], Num : [2, 3, 4, 5, 6, 7, 9]
Num idx: [41, 42, 43, 44, 45, 46, 47]
Ord : None, Nom : [0, 1, 2, 3, 4, 5, 6, 7, 8, 9, 10, 11, 12, 13, 14, 15, 16, 17, 18, 19, 20, 21, 22, 23, 24, 25, 26, 27, 28, 29, 30, 31, 32, 33, 34, 35, 36, 37, 38, 39, 40], Num : [41, 42, 43, 44, 45, 46, 47]
Nominal : (41, 41)
~~~~~~~~~~~~~~~~~~~~~~~~~~~~~~~~~~~~~~~~~~~~~~~~~~~~~~~~~~~~~~~~~~~~~~~~~~~~~~~
After OHE
Numerical Index V2 : [41, 42, 43, 44, 45, 46, 47] 


OHE Idx : [0, 1, 2, 3, 4, 5, 6, 7, 8, 9, 10, 11, 12, 13, 14, 15, 16, 17, 18, 19, 20, 21, 22, 23, 24, 25, 26, 27, 28, 29, 30, 31, 32, 33, 34, 35, 36, 37, 38, 39, 40]


Ordinal Idx V2: None


Cat Dims V2 : []
Cat Idx V2 : [0, 1, 8] 
 

Train: [[0.0 0.0 0.0 1.0 0.0]
 [0.0 0.0 0.0 0.0 0.0]
 [0.0 0.0 0.0 0.0 0.0]
 [0.0 0.0 0.0 0.0 0.0]
 [0.0 0.0 0.0 0.0 1.0]
 [0.0 0.0 0.0 0.0 0.0]
 [0.0 0.0 0.0 0.0 0.0]
 [0.0 0.0 0.0 0.0 0.0]
 [0.0 0.0 0.0 0.0 0.0]
 [0.0 0.0 0.0 0.0 0.0]] 
 
 
Val : (393, 48) 
 

~~~~~~~~~~~~~~~~~~~~~~~~~~~~~~~~~~~~~~~~~~~~~~~~~~~~~~~~~~~~~~~~~~~~~~~~~~~~~~~
Cat Idx V3 : [0, 1, 2, 3, 4, 5, 6, 7, 8, 9, 10, 11, 12, 13, 14, 15, 16, 17, 18, 19, 20, 21, 22, 23, 24, 25, 26, 27, 28, 29, 30, 31, 32, 33, 34, 35, 36, 37, 38, 39, 40] 
 

~~~~~~~~~~~~~~~~~~~~~~~~~~~~~~~~~~~~~~~~~~~~~~~~~~~~~~~~~~~~~~~~~~~~~~~~~~~~~~~
After ORDINAL
Numerical Index V2 : [41, 42, 43, 44, 45, 46, 47] 


OHE Idx : [0, 1, 2, 3, 4, 5, 6, 7, 8, 9, 10, 11, 12, 13, 14, 15, 16, 17, 18, 19, 20, 21, 22, 23, 24, 25, 26, 27, 28, 29, 30, 31, 32, 33, 34, 35, 36, 37, 38, 39, 40]


Ordinal Idx V2: None


Cat Dims V2 : [3, 3, 3, 3, 3, 3, 3, 3, 3, 3, 3, 3, 3, 3, 3, 3, 3, 3, 3, 3, 3, 3, 3, 3, 3, 3, 3, 3, 3, 3, 3, 3, 3, 3, 3, 3, 3, 3, 3, 3, 3]
Cat Idx V2 : [0, 1, 2, 3, 4, 5, 6, 7, 8, 9, 10, 11, 12, 13, 14, 15, 16, 17, 18, 19, 20, 21, 22, 23, 24, 25, 26, 27, 28, 29, 30, 31, 32, 33, 34, 35, 36, 37, 38, 39, 40] 
 

Train: [[0.0 0.0 0.0 1.0 0.0 0.0 0.0 0.0 0.0 0.0 0.0 0.0 0.0 0.0 0.0 0.0 0.0 0.0
  0.0 0.0 0.0 0.0 0.0 0.0 0.0 0.0 0.0 0.0 0.0 0.0 0.0 0.0 0.0 0.0 0.0 0.0
  0.0 1.0 0.0 0.0 1.0 -1.3266188932257892 -2.1507664617181286
  2.4777035108011187 1.1596417049010475 0.5413415257598645
  0.4714692666519435 0.2023458206374609]
 [0.0 0.0 0.0 0.0 0.0 0.0 0.0 0.0 0.0 1.0 0.0 0.0 0.0 0.0 0.0 0.0 0.0 0.0
  0.0 0.0 0.0 0.0 0.0 0.0 0.0 0.0 0.0 0.0 0.0 0.0 0.0 0.0 0.0 0.0 0.0 0.0
  0.0 1.0 0.0 0.0 1.0 1.2743692322086329 -0.12149506915509796
  1.3279680669607083 1.1596417049010475 1.0109821871806746
  0.733916039731565 0.2023458206374609]
 [0.0 0.0 0.0 0.0 0.0 0.0 1.0 0.0 0.0 0.0 0.0 0.0 0.0 0.0 0.0 0.0 0.0 0.0
  0.0 0.0 0.0 0.0 0.0 0.0 0.0 0.0 0.0 0.0 0.0 0.0 0.0 0.0 0.0 0.0 0.0 0.0
  0.0 0.0 1.0 1.0 0.0 1.1374751203436633 -0.012977882387021463
  -0.17553212883059705 -0.21219679486069387 1.413531325541369
  0.9088805551179794 0.2023458206374609]
 [0.0 0.0 0.0 0.0 0.0 0.0 0.0 0.0 0.0 0.0 0.0 0.0 0.0 0.0 0.0 0.0 0.0 0.0
  0.0 0.0 0.0 1.0 0.0 0.0 0.0 0.0 0.0 0.0 0.0 0.0 0.0 0.0 0.0 0.0 0.0 0.0
  0.0 0.0 1.0 1.0 0.0 -0.3683601101710021 -0.7508947524099416
  0.0897914351325745 -0.06779274225419393 -0.3979397970817538
  0.38398700895873633 1.9694993208711924]
 [0.0 0.0 0.0 0.0 1.0 0.0 0.0 0.0 0.0 0.0 0.0 0.0 0.0 0.0 0.0 0.0 0.0 0.0
  0.0 0.0 0.0 0.0 0.0 0.0 0.0 0.0 0.0 0.0 0.0 0.0 0.0 0.0 0.0 0.0 0.0 0.0
  0.0 1.0 0.0 1.0 0.0 -1.737301228820698 -0.12149506915509796
  -0.4408556927937686 -1.0786211104996934 0.0717008643390563
  -0.6658000833597499 -1.5648076795962707]
 [0.0 0.0 0.0 0.0 0.0 0.0 0.0 0.0 0.0 0.0 0.0 0.0 0.0 0.0 0.0 0.0 0.0 0.0
  0.0 0.0 0.0 0.0 1.0 0.0 0.0 0.0 0.0 0.0 0.0 0.0 0.0 0.0 0.0 0.0 0.0 0.0
  0.0 0.0 1.0 1.0 0.0 -0.9843836135633652 -0.7508947524099416
  -0.8830616327323879 -1.1508231368029436 -2.310048204295054
  -2.152998464144272 0.2023458206374609]
 [0.0 0.0 0.0 0.0 0.0 0.0 0.0 1.0 0.0 0.0 0.0 0.0 0.0 0.0 0.0 0.0 0.0 0.0
  0.0 0.0 0.0 0.0 0.0 0.0 0.0 0.0 0.0 0.0 0.0 0.0 0.0 0.0 0.0 0.0 0.0 0.0
  0.0 1.0 0.0 0.0 1.0 1.3428162881411176 0.14979789776509328
  0.7088797510466415 0.3654194155653059 1.6818974177818282
  0.2965047512655291 1.9694993208711924]
 [0.0 0.0 0.0 0.0 0.0 0.0 0.0 0.0 0.0 0.0 0.0 0.0 0.0 0.0 0.0 0.0 0.0 0.0
  0.0 1.0 0.0 0.0 0.0 0.0 0.0 0.0 0.0 0.0 0.0 0.0 0.0 0.0 0.0 0.0 0.0 0.0
  0.0 1.0 0.0 1.0 0.0 1.6166045118710568 1.2675249214762812
  -1.325267572671007 -0.13999476855744392 -0.26375675096152235
  0.03405797818590757 0.2023458206374609]
 [0.0 0.0 0.0 0.0 0.0 0.0 0.0 0.0 0.0 0.0 0.0 0.0 0.0 0.0 0.0 0.0 0.0 0.0
  0.0 0.0 0.0 0.0 0.0 0.0 0.0 0.0 0.0 0.0 0.0 0.0 1.0 0.0 0.0 0.0 0.0 0.0
  0.0 0.0 1.0 1.0 0.0 -0.7790424457659109 -0.29512256798402037
  0.17823262312029836 0.22101536295880594 -0.3308482740216418
  0.9088805551179794 0.2023458206374609]
 [0.0 0.0 0.0 0.0 0.0 0.0 0.0 0.0 0.0 0.0 0.0 0.0 0.0 0.0 0.0 0.0 0.0 0.0
  0.0 0.0 0.0 0.0 0.0 0.0 0.0 0.0 0.0 0.0 1.0 0.0 0.0 0.0 0.0 0.0 0.0 0.0
  0.0 1.0 0.0 0.0 1.0 0.589898672883785 1.2783766401530887
  0.7973209390343653 2.026066020540051 2.923090594393971
  1.7837031320500514 0.2023458206374609]] 
 
 
Val : (393, 48) 
 

FINISHED ENCODING
~~~~~~~~~~~~~~~~~~~~~~~~~~~~~~~~~~~~~~~~~~~~~~~~~~~~~~~~~~~~~~~~~~~~~~~~~~~~~~~


~~~~~~~~~~~~~~~~~~~~~~~~~~~~~~~~~~~~~~~~~~~~~~~~~~~~~~~~~~~~~~~~~~~~~~~~~~~~~~~
Test numpy array issues
X dtype: object
X Val dtype: object
X dtype: float32
X Val dtype: float32
After Debugging -- Inner Fold 1
DEBUG Inner Fold 1: num_features: 48
DEBUG Inner Fold 1: num_classes: 1
DEBUG Inner Fold 1: cat_idx: [0, 1, 2, 3, 4, 5, 6, 7, 8, 9, 10, 11, 12, 13, 14, 15, 16, 17, 18, 19, 20, 21, 22, 23, 24, 25, 26, 27, 28, 29, 30, 31, 32, 33, 34, 35, 36, 37, 38, 39, 40]
DEBUG Inner Fold 1: nominal_idx: [0, 1, 2, 3, 4, 5, 6, 7, 8, 9, 10, 11, 12, 13, 14, 15, 16, 17, 18, 19, 20, 21, 22, 23, 24, 25, 26, 27, 28, 29, 30, 31, 32, 33, 34, 35, 36, 37, 38, 39, 40]
DEBUG Inner Fold 1: ordinal_idx: None
DEBUG Inner Fold 1: num_idx: [41, 42, 43, 44, 45, 46, 47]
DEBUG Inner Fold 1: cat_dims: [3, 3, 3, 3, 3, 3, 3, 3, 3, 3, 3, 3, 3, 3, 3, 3, 3, 3, 3, 3, 3, 3, 3, 3, 3, 3, 3, 3, 3, 3, 3, 3, 3, 3, 3, 3, 3, 3, 3, 3, 3]
DEBUG Inner Fold 1: bin_alt: None
In get_device
Using dim 64 and batch size 32
**** Data b4 Fitting ****
