

----------------------------------------------------------------------------
Training SAINT Vesion 1 with Dataset: config/abalone.yml 



----------------------------------------------------------------------------
Running Mode: Nested CV with Hyperparameter Optimization
Arguements: Namespace(batch_size=32, bin_alt=None, cat_dims=[2], cat_idx=[0], class_comp=False, config='config/abalone.yml', data_parallel=False, dataset='Abalone', direction='minimize', dropna_idx=None, early_stopping_rounds=20, epochs=100, frequency_reg=False, gpu_ids=[0, 1], logging_period=100, miss_cat_idx=None, miss_num_idx=None, model_name='SAINT', n_trials=5, nominal_idx=[0], num_bins=10, num_classes=1, num_features=8, num_idx=None, num_splits=5, objective='regression', one_hot_encode=True, optimize_hyperparameters=True, ordinal_encode=False, ordinal_idx=None, outer_splits=2, save_results=False, scale=True, seed=221, shuffle=True, target_encode=False, use_gpu=True, val_batch_size=64, weighted_loss=False, y_distribution='normal')
--- Running Nested Cross-Validation with Hyperparameter Optimization ---
Loading dataset Abalone...
In Abalone
<class 'pandas.core.frame.DataFrame'>
RangeIndex: 4177 entries, 0 to 4176
Data columns (total 9 columns):
 #   Column                 Non-Null Count  Dtype  
---  ------                 --------------  -----  
 0   Sex                    4177 non-null   object 
 1   Length                 4177 non-null   float64
 2   Diameter               4177 non-null   float64
 3   Height                 4177 non-null   float64
 4   Whole_weight           4177 non-null   float64
 5   Shucked_weight         4177 non-null   float64
 6   Viscera_weight         4177 non-null   float64
 7   Shell_weight           4177 non-null   float64
 8   Class_number_of_rings  4177 non-null   int64  
dtypes: float64(7), int64(1), object(1)
memory usage: 293.8+ KB
None
Dataset loaded! 

(4177, 8)
--- Starting Nested Cross-Validation (2 Outer Folds, 5 Inner Folds) ---
Hyperparameter Optimization per Outer Fold: True

--- Outer Fold 1/2 ---
Starting Hyperparameter Optimization for Outer Fold 1...
  outer_1_inner Fold 1/5
Before Debugging -- Inner Fold 1
DEBUG Inner Fold 1: num_features: 8
DEBUG Inner Fold 1: num_classes: 1
DEBUG Inner Fold 1: cat_idx: [0]
DEBUG Inner Fold 1: nominal_idx: [0]
DEBUG Inner Fold 1: ordinal_idx: None
DEBUG Inner Fold 1: num_idx: None
DEBUG Inner Fold 1: cat_dims: [2]
DEBUG Inner Fold 1: bin_alt: None
~~~~~~~~~~~~~~~~~~~~~~~~~~~~~~~~~~~~~~~~~~~~~~~~~~~~~~~~~~~~~~~~~~~~~~~~~~~~~~~
BEFORE ANY ENCODING
num_features :8
num_classes : 1
cat_idx : [0]
nominal_idx : [0]
ordinal_idx : None
num_idx : None
cat_dims : [2]
bin_alt : None 


X_train shape : (1336, 8)
~~~~~~~~~~~~~~~~~~~~~~~~~~~~~~~~~~~~~~~~~~~~~~~~~~~~~~~~~~~~~~~~~~~~~~~~~~~~~~~
~~~~~~~~~~~~~~~~~~~~~~~~~~~~~~~~~~~~~~~~~~~~~~~~~~~~~~~~~~~~~~~~~~~~~~~~~~~~~~~
AFTER getting cat idx
Nominal Index : [0]
Ordinal Index : None
Cat Idx : [0]
Cat dims : [2]
~~~~~~~~~~~~~~~~~~~~~~~~~~~~~~~~~~~~~~~~~~~~~~~~~~~~~~~~~~~~~~~~~~~~~~~~~~~~~~~
BEFORE getting cat idx
Nominal Index : [0]
Ordinal Index : None
Cat Idx : [0]
Cat dims : []
~~~~~~~~~~~~~~~~~~~~~~~~~~~~~~~~~~~~~~~~~~~~~~~~~~~~~~~~~~~~~~~~~~~~~~~~~~~~~~~ 


AFTER SEPARATING CATEGORICALS AND NUMERICALS
Ordinal Index : None
Numerical Index V1 : [1, 2, 3, 4, 5, 6, 7]
Cat Idx V1 : [0] 
Cat Dims V1 : []
 

~~~~~~~~~~~~~~~~~~~~~~~~~~~~~~~~~~~~~~~~~~~~~~~~~~~~~~~~~~~~~~~~~~~~~~~~~~~~~~~ 


Scaling the data...
One Hot Encoding...
Ord : None, Nom : [0], Num : [1, 2, 3, 4, 5, 6, 7]
Num idx: [3, 4, 5, 6, 7, 8, 9]
Ord : None, Nom : [0, 1, 2], Num : [3, 4, 5, 6, 7, 8, 9]
Nominal : (3, 3)
~~~~~~~~~~~~~~~~~~~~~~~~~~~~~~~~~~~~~~~~~~~~~~~~~~~~~~~~~~~~~~~~~~~~~~~~~~~~~~~
After OHE
Numerical Index V2 : [3, 4, 5, 6, 7, 8, 9] 


OHE Idx : [0, 1, 2]


Ordinal Idx V2: None


Cat Dims V2 : []
Cat Idx V2 : [0] 
 

Train: [[0.0 1.0 0.0 -0.5210135593039967 -0.5264236083441137]
 [0.0 0.0 1.0 -2.815853454093107 -2.8177961754094762]
 [1.0 0.0 0.0 0.42150996891295867 0.37020043963798493]
 [0.0 1.0 0.0 -1.914309209711671 -1.9211721274273779]
 [1.0 0.0 0.0 1.3640334971299144 1.1671995933998502]
 [0.0 0.0 1.0 0.25759283357088014 0.1211382040874018]
 [0.0 0.0 1.0 0.9132613749391969 0.818512463629034]
 [1.0 0.0 0.0 0.4624892527484785 0.5694502280784514]
 [0.0 1.0 0.0 0.2166135497353603 0.42001288674810155]
 [0.0 0.0 1.0 0.5034685365839984 0.5694502280784514]] 
 
 
Val : (1336, 10) 
 

~~~~~~~~~~~~~~~~~~~~~~~~~~~~~~~~~~~~~~~~~~~~~~~~~~~~~~~~~~~~~~~~~~~~~~~~~~~~~~~
Cat Idx V3 : [0, 1, 2] 
 

~~~~~~~~~~~~~~~~~~~~~~~~~~~~~~~~~~~~~~~~~~~~~~~~~~~~~~~~~~~~~~~~~~~~~~~~~~~~~~~
After ORDINAL
Numerical Index V2 : [3, 4, 5, 6, 7, 8, 9] 


OHE Idx : [0, 1, 2]


Ordinal Idx V2: None


Cat Dims V2 : [3, 3, 3]
Cat Idx V2 : [0, 1, 2] 
 

Train: [[0.0 1.0 0.0 -0.5210135593039967 -0.5264236083441137
  0.003160426666250289 -0.6861564486638813 -0.6556321434848429
  -0.44075853302523915 -0.8834611143629936]
 [0.0 0.0 1.0 -2.815853454093107 -2.8177961754094762 -1.896888085083021
  -1.6243889648840444 -1.5719358742359575 -1.5756766932967177
  -1.627846179579559]
 [1.0 0.0 0.0 0.42150996891295867 0.37020043963798493
  -0.10239782398648709 0.09055251003485096 0.07299491952206758
  0.1867844497131076 0.14449921379321556]
 [0.0 1.0 0.0 -1.914309209711671 -1.9211721274273779 -1.5802133331248092
  -1.473833056330118 -1.4217945400405942 -1.4377062502833224
  -1.4789691665362459]
 [1.0 0.0 0.0 1.3640334971299144 1.1671995933998502 1.058742933193623
  1.3049703684367198 1.227758416348171 1.851331084777943
  1.278800265551791]
 [0.0 0.0 1.0 0.25759283357088014 0.1211382040874018 0.10871867731898709
  0.06363191711461258 -0.25157531763555624 0.6674556705339693
  0.07360539805830453]
 [0.0 0.0 1.0 0.9132613749391969 0.818512463629034 0.4253934292771992
  0.5252702327468499 0.7486309234012029 0.03546202834357723
  0.7506413383267042]
 [1.0 0.0 0.0 0.4624892527484785 0.5694502280784514 0.10871867731898709
  0.296943722423346 0.46601194138640095 0.293600276562188
  0.07360539805830453]
 [0.0 1.0 0.0 0.2166135497353603 0.42001288674810155 -0.20795607463922447
  -0.06698281149839631 -0.11909766981611783 -0.3739986412445639
  -0.06818223341151734]
 [0.0 0.0 1.0 0.5034685365839984 0.5694502280784514 0.4253934292771992
  0.23512606460650204 0.41964476464959777 0.4760773140960335
  0.1799461216606711]] 
 
 
Val : (1336, 10) 
 

FINISHED ENCODING
~~~~~~~~~~~~~~~~~~~~~~~~~~~~~~~~~~~~~~~~~~~~~~~~~~~~~~~~~~~~~~~~~~~~~~~~~~~~~~~


~~~~~~~~~~~~~~~~~~~~~~~~~~~~~~~~~~~~~~~~~~~~~~~~~~~~~~~~~~~~~~~~~~~~~~~~~~~~~~~
Test numpy array issues
X dtype: object
X Val dtype: object
X dtype: float32
X Val dtype: float32
After Debugging -- Inner Fold 1
DEBUG Inner Fold 1: num_features: 10
DEBUG Inner Fold 1: num_classes: 1
DEBUG Inner Fold 1: cat_idx: [0, 1, 2]
DEBUG Inner Fold 1: nominal_idx: [0, 1, 2]
DEBUG Inner Fold 1: ordinal_idx: None
DEBUG Inner Fold 1: num_idx: [3, 4, 5, 6, 7, 8, 9]
DEBUG Inner Fold 1: cat_dims: [3, 3, 3]
DEBUG Inner Fold 1: bin_alt: None
In get_device
Using dim 64 and batch size 32
**** Data b4 Fitting ****
Epoch 0 loss 8.198476791381836
Epoch 1 loss 6.233651638031006
Epoch 2 loss 6.7897138595581055
Epoch 3 loss 5.78517484664917
Epoch 4 loss 5.4668192863464355
Epoch 5 loss 6.301017761230469
Epoch 6 loss 5.104098796844482
Epoch 7 loss 4.803622245788574
Epoch 8 loss 4.323028564453125
Epoch 9 loss 5.257932186126709
Epoch 10 loss 5.006485939025879
Epoch 11 loss 4.562370300292969
Epoch 12 loss 4.909795761108398
Epoch 13 loss 4.7396464347839355
Epoch 14 loss 4.566729545593262
Epoch 15 loss 4.415003299713135
Epoch 16 loss 5.454781532287598
Epoch 17 loss 5.117369651794434
Epoch 18 loss 6.173029899597168
Epoch 19 loss 5.064220905303955
Epoch 20 loss 5.034448623657227
Epoch 21 loss 4.892653465270996
Epoch 22 loss 5.0600361824035645
Epoch 23 loss 5.2665510177612305
Epoch 24 loss 4.696513652801514
Epoch 25 loss 4.3638739585876465
Epoch 26 loss 5.414016246795654
Epoch 27 loss 5.034590721130371
Epoch 28 loss 4.702218532562256
Epoch 29 loss 4.646709442138672
Validation loss has not improved for 20 steps!
Early stopping applies.
Inner Fold 1 Results: {'MSE - mean': 4.7072572554240715, 'MSE - std': 0.0, 'R2 - mean': 0.5233354086365155, 'R2 - std': 0.0}
  outer_1_inner Fold 2/5
Before Debugging -- Inner Fold 2
DEBUG Inner Fold 2: num_features: 8
DEBUG Inner Fold 2: num_classes: 1
DEBUG Inner Fold 2: cat_idx: [0]
DEBUG Inner Fold 2: nominal_idx: [0]
DEBUG Inner Fold 2: ordinal_idx: None
DEBUG Inner Fold 2: num_idx: None
DEBUG Inner Fold 2: cat_dims: [2]
DEBUG Inner Fold 2: bin_alt: None
~~~~~~~~~~~~~~~~~~~~~~~~~~~~~~~~~~~~~~~~~~~~~~~~~~~~~~~~~~~~~~~~~~~~~~~~~~~~~~~
BEFORE ANY ENCODING
num_features :8
num_classes : 1
cat_idx : [0]
nominal_idx : [0]
ordinal_idx : None
num_idx : None
cat_dims : [2]
bin_alt : None 


X_train shape : (1336, 8)
~~~~~~~~~~~~~~~~~~~~~~~~~~~~~~~~~~~~~~~~~~~~~~~~~~~~~~~~~~~~~~~~~~~~~~~~~~~~~~~
~~~~~~~~~~~~~~~~~~~~~~~~~~~~~~~~~~~~~~~~~~~~~~~~~~~~~~~~~~~~~~~~~~~~~~~~~~~~~~~
AFTER getting cat idx
Nominal Index : [0]
Ordinal Index : None
Cat Idx : [0]
Cat dims : [2]
~~~~~~~~~~~~~~~~~~~~~~~~~~~~~~~~~~~~~~~~~~~~~~~~~~~~~~~~~~~~~~~~~~~~~~~~~~~~~~~
BEFORE getting cat idx
Nominal Index : [0]
Ordinal Index : None
Cat Idx : [0]
Cat dims : []
~~~~~~~~~~~~~~~~~~~~~~~~~~~~~~~~~~~~~~~~~~~~~~~~~~~~~~~~~~~~~~~~~~~~~~~~~~~~~~~ 


AFTER SEPARATING CATEGORICALS AND NUMERICALS
Ordinal Index : None
Numerical Index V1 : [1, 2, 3, 4, 5, 6, 7]
Cat Idx V1 : [0] 
Cat Dims V1 : []
 

~~~~~~~~~~~~~~~~~~~~~~~~~~~~~~~~~~~~~~~~~~~~~~~~~~~~~~~~~~~~~~~~~~~~~~~~~~~~~~~ 


Scaling the data...
One Hot Encoding...
Ord : None, Nom : [0], Num : [1, 2, 3, 4, 5, 6, 7]
Num idx: [3, 4, 5, 6, 7, 8, 9]
Ord : None, Nom : [0, 1, 2], Num : [3, 4, 5, 6, 7, 8, 9]
Nominal : (3, 3)
~~~~~~~~~~~~~~~~~~~~~~~~~~~~~~~~~~~~~~~~~~~~~~~~~~~~~~~~~~~~~~~~~~~~~~~~~~~~~~~
After OHE
Numerical Index V2 : [3, 4, 5, 6, 7, 8, 9] 


OHE Idx : [0, 1, 2]


Ordinal Idx V2: None


Cat Dims V2 : []
Cat Idx V2 : [0] 
 

Train: [[0.0 1.0 0.0 -0.5538692784299487 -0.5498522723269541]
 [0.0 0.0 1.0 -2.8888151247710203 -2.8594497877479994]
 [0.0 0.0 1.0 0.7386900293660014 0.6049464853835685]
 [1.0 0.0 0.0 0.40512633703156226 0.35390327718562914]
 [1.0 0.0 0.0 1.3641219524930737 1.1572415434190364]
 [0.0 0.0 1.0 0.23834449086434367 0.10286006898768918]
 [1.0 0.0 0.0 0.4468217985733672 0.554737843743981]
 [0.0 1.0 0.0 0.19664902932253878 0.40411191882521713]
 [0.0 0.0 1.0 0.6969945678241964 0.7053637686627445]
 [0.0 1.0 0.0 -0.4704783553463394 -0.5498522723269541]] 
 
 
Val : (1336, 10) 
 

~~~~~~~~~~~~~~~~~~~~~~~~~~~~~~~~~~~~~~~~~~~~~~~~~~~~~~~~~~~~~~~~~~~~~~~~~~~~~~~
Cat Idx V3 : [0, 1, 2] 
 

~~~~~~~~~~~~~~~~~~~~~~~~~~~~~~~~~~~~~~~~~~~~~~~~~~~~~~~~~~~~~~~~~~~~~~~~~~~~~~~
After ORDINAL
Numerical Index V2 : [3, 4, 5, 6, 7, 8, 9] 


OHE Idx : [0, 1, 2]


Ordinal Idx V2: None


Cat Dims V2 : [3, 3, 3]
Cat Idx V2 : [0, 1, 2] 
 

Train: [[0.0 1.0 0.0 -0.5538692784299487 -0.5498522723269541
  -0.0028130563204141535 -0.6969117341199114 -0.6619123049070199
  -0.45096692941940525 -0.8932422180334233]
 [0.0 0.0 1.0 -2.8888151247710203 -2.8594497877479994 -2.2577590027647583
  -1.6381979157159239 -1.5807534298091197 -1.5771776458542086
  -1.6292077429763254]
 [0.0 0.0 1.0 0.7386900293660014 0.6049464853835685 0.6235608176919034
  0.5724742004659968 0.35877626998422835 0.31308975271087314
  0.6838267639870811]
 [1.0 0.0 0.0 0.40512633703156226 0.35390327718562914 -0.1280878311228778
  0.0823251792310915 0.06873244501513176 0.17176134907983884
  0.12309112593534609]
 [1.0 0.0 0.0 1.3641219524930737 1.1572415434190364 1.2499346917042211
  1.3006956034435708 1.2266936698917537 1.8235370665175508
  1.2445624020388157]
 [0.0 0.0 1.0 0.23834449086434367 0.10286006898768918 0.12246171848204881
  0.055316967856923326 -0.2567365799501904 0.6487447113345793
  0.052999171178879166]
 [1.0 0.0 0.0 0.4468217985733672 0.554737843743981 0.12246171848204881
  0.28938813309971495 0.46283779497314065 0.27775765180311457
  0.052999171178879166]
 [0.0 1.0 0.0 0.19664902932253878 0.40411191882521713 -0.2533626059253415
  -0.07572287251404122 -0.1238920799643445 -0.3847192402173579
  -0.08718473833405449]
 [0.0 0.0 1.0 0.6969945678241964 0.7053637686627445 0.24773649328451247
  0.6154872778396723 0.8790838949287906 0.7944896275790834
  0.15112790783793287]
 [0.0 1.0 0.0 -0.4704783553463394 -0.5498522723269541 -0.6291869303327321
  -0.8529591776151059 -0.8788916548839012 -0.8837851655394474
  -0.7250215266179029]] 
 
 
Val : (1336, 10) 
 

FINISHED ENCODING
~~~~~~~~~~~~~~~~~~~~~~~~~~~~~~~~~~~~~~~~~~~~~~~~~~~~~~~~~~~~~~~~~~~~~~~~~~~~~~~


~~~~~~~~~~~~~~~~~~~~~~~~~~~~~~~~~~~~~~~~~~~~~~~~~~~~~~~~~~~~~~~~~~~~~~~~~~~~~~~
Test numpy array issues
X dtype: object
X Val dtype: object
X dtype: float32
X Val dtype: float32
After Debugging -- Inner Fold 2
DEBUG Inner Fold 2: num_features: 10
DEBUG Inner Fold 2: num_classes: 1
DEBUG Inner Fold 2: cat_idx: [0, 1, 2]
DEBUG Inner Fold 2: nominal_idx: [0, 1, 2]
DEBUG Inner Fold 2: ordinal_idx: None
DEBUG Inner Fold 2: num_idx: [3, 4, 5, 6, 7, 8, 9]
DEBUG Inner Fold 2: cat_dims: [3, 3, 3]
DEBUG Inner Fold 2: bin_alt: None
In get_device
Using dim 64 and batch size 32
**** Data b4 Fitting ****
Epoch 0 loss 6.705058574676514
Epoch 1 loss 5.319095611572266
Epoch 2 loss 4.949615478515625
Epoch 3 loss 4.387986660003662
Epoch 4 loss 5.137022018432617
Epoch 5 loss 5.090816020965576
Epoch 6 loss 3.670396566390991
Epoch 7 loss 3.7550439834594727
Epoch 8 loss 4.421877384185791
Epoch 9 loss 5.331332683563232
Epoch 10 loss 3.6544408798217773
Epoch 11 loss 4.203512668609619
Epoch 12 loss 4.040115833282471
Epoch 13 loss 3.9171624183654785
Epoch 14 loss 5.234220504760742
Epoch 15 loss 3.755706787109375
Epoch 16 loss 4.227316856384277
Epoch 17 loss 4.516602993011475
Epoch 18 loss 4.129955291748047
Epoch 19 loss 4.136713981628418
Epoch 20 loss 4.278643608093262
Epoch 21 loss 3.709900379180908
Epoch 22 loss 4.016319274902344
Epoch 23 loss 3.613044261932373
Epoch 24 loss 4.042899131774902
Epoch 25 loss 3.834242582321167
Epoch 26 loss 3.8751602172851562
Epoch 27 loss 4.610416412353516
Epoch 28 loss 4.311729907989502
Epoch 29 loss 4.209232330322266
Epoch 30 loss 4.170882225036621
Epoch 31 loss 4.1295905113220215
Epoch 32 loss 4.02392053604126
Epoch 33 loss 4.24337100982666
Epoch 34 loss 4.03890323638916
Epoch 35 loss 4.162930011749268
Epoch 36 loss 4.166184425354004
Epoch 37 loss 3.9033401012420654
Epoch 38 loss 4.429203033447266
Epoch 39 loss 4.149993896484375
Epoch 40 loss 3.8198752403259277
Epoch 41 loss 4.022229194641113
Epoch 42 loss 3.763702869415283
Epoch 43 loss 3.8332669734954834
Epoch 44 loss 3.9849090576171875
Validation loss has not improved for 20 steps!
Early stopping applies.
Inner Fold 2 Results: {'MSE - mean': 4.2727911200047, 'MSE - std': 0.4344661354193713, 'R2 - mean': 0.5178828068847305, 'R2 - std': 0.0054526017517849135}
  outer_1_inner Fold 3/5
Before Debugging -- Inner Fold 3
DEBUG Inner Fold 3: num_features: 8
DEBUG Inner Fold 3: num_classes: 1
DEBUG Inner Fold 3: cat_idx: [0]
DEBUG Inner Fold 3: nominal_idx: [0]
DEBUG Inner Fold 3: ordinal_idx: None
DEBUG Inner Fold 3: num_idx: None
DEBUG Inner Fold 3: cat_dims: [2]
DEBUG Inner Fold 3: bin_alt: None
~~~~~~~~~~~~~~~~~~~~~~~~~~~~~~~~~~~~~~~~~~~~~~~~~~~~~~~~~~~~~~~~~~~~~~~~~~~~~~~
BEFORE ANY ENCODING
num_features :8
num_classes : 1
cat_idx : [0]
nominal_idx : [0]
ordinal_idx : None
num_idx : None
cat_dims : [2]
bin_alt : None 


X_train shape : (1336, 8)
~~~~~~~~~~~~~~~~~~~~~~~~~~~~~~~~~~~~~~~~~~~~~~~~~~~~~~~~~~~~~~~~~~~~~~~~~~~~~~~
~~~~~~~~~~~~~~~~~~~~~~~~~~~~~~~~~~~~~~~~~~~~~~~~~~~~~~~~~~~~~~~~~~~~~~~~~~~~~~~
AFTER getting cat idx
Nominal Index : [0]
Ordinal Index : None
Cat Idx : [0]
Cat dims : [2]
~~~~~~~~~~~~~~~~~~~~~~~~~~~~~~~~~~~~~~~~~~~~~~~~~~~~~~~~~~~~~~~~~~~~~~~~~~~~~~~
BEFORE getting cat idx
Nominal Index : [0]
Ordinal Index : None
Cat Idx : [0]
Cat dims : []
~~~~~~~~~~~~~~~~~~~~~~~~~~~~~~~~~~~~~~~~~~~~~~~~~~~~~~~~~~~~~~~~~~~~~~~~~~~~~~~ 


AFTER SEPARATING CATEGORICALS AND NUMERICALS
Ordinal Index : None
Numerical Index V1 : [1, 2, 3, 4, 5, 6, 7]
Cat Idx V1 : [0] 
Cat Dims V1 : []
 

~~~~~~~~~~~~~~~~~~~~~~~~~~~~~~~~~~~~~~~~~~~~~~~~~~~~~~~~~~~~~~~~~~~~~~~~~~~~~~~ 


Scaling the data...
One Hot Encoding...
Ord : None, Nom : [0], Num : [1, 2, 3, 4, 5, 6, 7]
Num idx: [3, 4, 5, 6, 7, 8, 9]
Ord : None, Nom : [0, 1, 2], Num : [3, 4, 5, 6, 7, 8, 9]
Nominal : (3, 3)
~~~~~~~~~~~~~~~~~~~~~~~~~~~~~~~~~~~~~~~~~~~~~~~~~~~~~~~~~~~~~~~~~~~~~~~~~~~~~~~
After OHE
Numerical Index V2 : [3, 4, 5, 6, 7, 8, 9] 


OHE Idx : [0, 1, 2]


Ordinal Idx V2: None


Cat Dims V2 : []
Cat Idx V2 : [0] 
 

Train: [[0.0 1.0 0.0 -0.5528480306685334 -0.5563853940674705]
 [0.0 0.0 1.0 -2.877985939628958 -2.8728423263762894]
 [0.0 0.0 1.0 0.7342818832202727 0.6018430720869391]
 [0.0 1.0 0.0 -1.9645389039659342 -1.966402657211969]
 [0.0 0.0 1.0 0.23603804558589653 0.09826547810676114]
 [0.0 0.0 1.0 0.9003631624317318 0.8032741096790106]
 [0.0 1.0 0.0 0.19451772578303178 0.4004120344948683]
 [0.0 0.0 1.0 0.6927615634174079 0.7025585908829749]
 [0.0 1.0 0.0 -0.46980739106280434 -0.5563853940674705]
 [0.0 0.0 1.0 0.4851599644030842 0.5514853126889219]] 
 
 
Val : (1336, 10) 
 

~~~~~~~~~~~~~~~~~~~~~~~~~~~~~~~~~~~~~~~~~~~~~~~~~~~~~~~~~~~~~~~~~~~~~~~~~~~~~~~
Cat Idx V3 : [0, 1, 2] 
 

~~~~~~~~~~~~~~~~~~~~~~~~~~~~~~~~~~~~~~~~~~~~~~~~~~~~~~~~~~~~~~~~~~~~~~~~~~~~~~~
After ORDINAL
Numerical Index V2 : [3, 4, 5, 6, 7, 8, 9] 


OHE Idx : [0, 1, 2]


Ordinal Idx V2: None


Cat Dims V2 : [3, 3, 3]
Cat Idx V2 : [0, 1, 2] 
 

Train: [[0.0 1.0 0.0 -0.5528480306685334 -0.5563853940674705
  -0.03298078323935717 -0.7001947757099316 -0.6643187374708324
  -0.45903974015103993 -0.8912572131403684]
 [0.0 0.0 1.0 -2.877985939628958 -2.8728423263762894 -1.8991499016865805
  -1.6314371903504319 -1.574403317492152 -1.5810088090942997
  -1.6237008300823144]
 [0.0 0.0 1.0 0.7342818832202727 0.6018430720869391 0.4853995274404269
  0.5556464827159927 0.3466426875648986 0.3021392752496813
  0.6782648231638017]
 [0.0 1.0 0.0 -1.9645389039659342 -1.966402657211969 -1.58812171527871
  -1.482002966534581 -1.4252810248621528 -1.4446125693404133
  -1.4772121066939254]
 [0.0 0.0 1.0 0.23603804558589653 0.09826547810676114 0.07069527889659918
  0.04400745150543121 -0.26300433230480474 0.6365300565817902
  0.050456008642133454]
 [0.0 0.0 1.0 0.9003631624317318 0.8032741096790106 0.38172346530447
  0.5022064291659536 0.7304132935979852 0.011747280934955273
  0.7166309173845699]
 [0.0 1.0 0.0 0.19451772578303178 0.4004120344948683 -0.24033290751127104
  -0.08563415988447905 -0.13142583880774636 -0.3930415596249658
  -0.08905706125157048]
 [0.0 0.0 1.0 0.6927615634174079 0.7025585908829749 0.1743713410325561
  0.598200599431765 0.8619917870950431 0.7817260537391534
  0.14811515756772634]
 [0.0 1.0 0.0 -0.46980739106280434 -0.5563853940674705
  -0.5513610939191416 -0.8545771526322675 -0.8792302768493608
  -0.8902278529213907 -0.7238415292679237]
 [0.0 0.0 1.0 0.4851599644030842 0.5514853126889219 0.38172346530447
  0.21422391836851942 0.4036600347469572 0.44733527240704424
  0.15509081106241154]] 
 
 
Val : (1336, 10) 
 

FINISHED ENCODING
~~~~~~~~~~~~~~~~~~~~~~~~~~~~~~~~~~~~~~~~~~~~~~~~~~~~~~~~~~~~~~~~~~~~~~~~~~~~~~~


~~~~~~~~~~~~~~~~~~~~~~~~~~~~~~~~~~~~~~~~~~~~~~~~~~~~~~~~~~~~~~~~~~~~~~~~~~~~~~~
Test numpy array issues
X dtype: object
X Val dtype: object
X dtype: float32
X Val dtype: float32
After Debugging -- Inner Fold 3
DEBUG Inner Fold 3: num_features: 10
DEBUG Inner Fold 3: num_classes: 1
DEBUG Inner Fold 3: cat_idx: [0, 1, 2]
DEBUG Inner Fold 3: nominal_idx: [0, 1, 2]
DEBUG Inner Fold 3: ordinal_idx: None
DEBUG Inner Fold 3: num_idx: [3, 4, 5, 6, 7, 8, 9]
DEBUG Inner Fold 3: cat_dims: [3, 3, 3]
DEBUG Inner Fold 3: bin_alt: None
In get_device
Using dim 64 and batch size 32
**** Data b4 Fitting ****
Epoch 0 loss 8.16666316986084
Epoch 1 loss 6.325080394744873
Epoch 2 loss 6.615312099456787
Epoch 3 loss 5.136083602905273
Epoch 4 loss 4.4791789054870605
Epoch 5 loss 4.862351417541504
Epoch 6 loss 4.862768173217773
Epoch 7 loss 4.29796838760376
Epoch 8 loss 4.613726615905762
Epoch 9 loss 4.024150848388672
Epoch 10 loss 5.199843883514404
Epoch 11 loss 4.159026622772217
Epoch 12 loss 4.193746566772461
Epoch 13 loss 5.166869163513184
Epoch 14 loss 4.418618202209473
Epoch 15 loss 4.380771160125732
Epoch 16 loss 4.7527546882629395
Epoch 17 loss 4.145825386047363
Epoch 18 loss 4.04226016998291
Epoch 19 loss 4.4833855628967285
Epoch 20 loss 4.359201431274414
Epoch 21 loss 4.240623474121094
Epoch 22 loss 4.364455699920654
Epoch 23 loss 4.694766998291016
Epoch 24 loss 4.358825206756592
Epoch 25 loss 4.8856706619262695
Epoch 26 loss 4.020232200622559
Epoch 27 loss 4.347017288208008
Epoch 28 loss 4.749152660369873
Epoch 29 loss 4.367741107940674
Epoch 30 loss 4.959625244140625
Epoch 31 loss 3.970848560333252
Epoch 32 loss 5.146208763122559
Epoch 33 loss 4.925137042999268
Epoch 34 loss 4.115864276885986
Epoch 35 loss 4.604289531707764
Epoch 36 loss 4.534494876861572
Epoch 37 loss 4.190195083618164
Epoch 38 loss 4.328873634338379
Epoch 39 loss 4.378105640411377
Epoch 40 loss 4.324783802032471
Epoch 41 loss 4.2443132400512695
Epoch 42 loss 4.125143051147461
Epoch 43 loss 5.531638145446777
Epoch 44 loss 4.490350723266602
Epoch 45 loss 4.618062973022461
Epoch 46 loss 4.298473358154297
Epoch 47 loss 4.4437994956970215
Epoch 48 loss 5.363451957702637
Epoch 49 loss 5.084558963775635
Epoch 50 loss 4.257373809814453
Epoch 51 loss 4.302386283874512
Epoch 52 loss 4.55218505859375
Validation loss has not improved for 20 steps!
Early stopping applies.
Inner Fold 3 Results: {'MSE - mean': 4.313698476661133, 'MSE - std': 0.35942644895452835, 'R2 - mean': 0.5336255899131438, 'R2 - std': 0.022704427149826213}
  outer_1_inner Fold 4/5
Before Debugging -- Inner Fold 4
DEBUG Inner Fold 4: num_features: 8
DEBUG Inner Fold 4: num_classes: 1
DEBUG Inner Fold 4: cat_idx: [0]
DEBUG Inner Fold 4: nominal_idx: [0]
DEBUG Inner Fold 4: ordinal_idx: None
DEBUG Inner Fold 4: num_idx: None
DEBUG Inner Fold 4: cat_dims: [2]
DEBUG Inner Fold 4: bin_alt: None
~~~~~~~~~~~~~~~~~~~~~~~~~~~~~~~~~~~~~~~~~~~~~~~~~~~~~~~~~~~~~~~~~~~~~~~~~~~~~~~
BEFORE ANY ENCODING
num_features :8
num_classes : 1
cat_idx : [0]
nominal_idx : [0]
ordinal_idx : None
num_idx : None
cat_dims : [2]
bin_alt : None 


X_train shape : (1336, 8)
~~~~~~~~~~~~~~~~~~~~~~~~~~~~~~~~~~~~~~~~~~~~~~~~~~~~~~~~~~~~~~~~~~~~~~~~~~~~~~~
~~~~~~~~~~~~~~~~~~~~~~~~~~~~~~~~~~~~~~~~~~~~~~~~~~~~~~~~~~~~~~~~~~~~~~~~~~~~~~~
AFTER getting cat idx
Nominal Index : [0]
Ordinal Index : None
Cat Idx : [0]
Cat dims : [2]
~~~~~~~~~~~~~~~~~~~~~~~~~~~~~~~~~~~~~~~~~~~~~~~~~~~~~~~~~~~~~~~~~~~~~~~~~~~~~~~
BEFORE getting cat idx
Nominal Index : [0]
Ordinal Index : None
Cat Idx : [0]
Cat dims : []
~~~~~~~~~~~~~~~~~~~~~~~~~~~~~~~~~~~~~~~~~~~~~~~~~~~~~~~~~~~~~~~~~~~~~~~~~~~~~~~ 


AFTER SEPARATING CATEGORICALS AND NUMERICALS
Ordinal Index : None
Numerical Index V1 : [1, 2, 3, 4, 5, 6, 7]
Cat Idx V1 : [0] 
Cat Dims V1 : []
 

~~~~~~~~~~~~~~~~~~~~~~~~~~~~~~~~~~~~~~~~~~~~~~~~~~~~~~~~~~~~~~~~~~~~~~~~~~~~~~~ 


Scaling the data...
One Hot Encoding...
Ord : None, Nom : [0], Num : [1, 2, 3, 4, 5, 6, 7]
Num idx: [3, 4, 5, 6, 7, 8, 9]
Ord : None, Nom : [0, 1, 2], Num : [3, 4, 5, 6, 7, 8, 9]
Nominal : (3, 3)
~~~~~~~~~~~~~~~~~~~~~~~~~~~~~~~~~~~~~~~~~~~~~~~~~~~~~~~~~~~~~~~~~~~~~~~~~~~~~~~
After OHE
Numerical Index V2 : [3, 4, 5, 6, 7, 8, 9] 


OHE Idx : [0, 1, 2]


Ordinal Idx V2: None


Cat Dims V2 : []
Cat Idx V2 : [0] 
 

Train: [[0.0 1.0 0.0 -0.5522541850757178 -0.556076602805594]
 [0.0 0.0 1.0 -2.8756781917464123 -2.872817413735062]
 [0.0 0.0 1.0 0.7339269614741306 0.60229380265914]
 [1.0 0.0 0.0 0.40200924623545975 0.3504741492972416]
 [0.0 1.0 0.0 -1.9629044748400681 -1.9662666616322266]
 [1.0 0.0 0.0 1.3562726775466376 1.1562970400553176]
 [0.0 0.0 1.0 0.2360503886161252 0.09865449593534266]
 [0.0 0.0 1.0 0.8998858190934661 0.8037495253486592]
 [1.0 0.0 0.0 0.4434989606402936 0.5519298719867608]
 [0.0 0.0 1.0 0.6924372470692968 0.7030216640038995]] 
 
 
Val : (1336, 10) 
 

~~~~~~~~~~~~~~~~~~~~~~~~~~~~~~~~~~~~~~~~~~~~~~~~~~~~~~~~~~~~~~~~~~~~~~~~~~~~~~~
Cat Idx V3 : [0, 1, 2] 
 

~~~~~~~~~~~~~~~~~~~~~~~~~~~~~~~~~~~~~~~~~~~~~~~~~~~~~~~~~~~~~~~~~~~~~~~~~~~~~~~
After ORDINAL
Numerical Index V2 : [3, 4, 5, 6, 7, 8, 9] 


OHE Idx : [0, 1, 2]


Ordinal Idx V2: None


Cat Dims V2 : [3, 3, 3]
Cat Idx V2 : [0, 1, 2] 
 

Train: [[0.0 1.0 0.0 -0.5522541850757178 -0.556076602805594
  -0.028956615652103477 -0.7007812839378216 -0.665238196823045
  -0.45965739162541763 -0.899686843700493]
 [0.0 0.0 1.0 -2.8756781917464123 -2.872817413735062 -1.8858864641902153
  -1.6366869199628655 -1.5755432384383614 -1.5861911645933064
  -1.6405901974199195]
 [0.0 0.0 1.0 0.7339269614741306 0.60229380265914 0.4868572311640385
  0.5613486332946764 0.34596812651348746 0.30461846219201283
  0.6879631999839929]
 [1.0 0.0 0.0 0.40200924623545975 0.3504741492972416 -0.132119385015332
  0.07400138392988223 0.058618824220459824 0.16324951813329722
  0.1234654066739534]
 [0.0 1.0 0.0 -1.9629044748400681 -1.9662666616322266 -1.57639815610053
  -1.4865044002606533 -1.426384821980912 -1.449240000036426
  -1.4924095266760342]
 [1.0 0.0 0.0 1.3562726775466376 1.1562970400553176 1.0026710779801806
  1.285407403779514 1.205822527268196 1.8154990518195344
  1.252460993294032]
 [0.0 0.0 1.0 0.2360503886161252 0.09865449593534266 0.07420615371112446
  0.047147555903658954 -0.26382657606255594 0.6403697043314621
  0.052903182510198425]
 [0.0 0.0 1.0 0.8998858190934661 0.8037495253486592 0.38369446180081
  0.5076409772422299 0.7298316982789825 0.01304501507091216
  0.7267724232740578]
 [1.0 0.0 0.0 0.4434989606402936 0.5519298719867608 0.07420615371112446
  0.2798807321309281 0.4490629143590774 0.26927622617733393
  0.052903182510198425]
 [0.0 0.0 1.0 0.6924372470692968 0.7030216640038995 0.17736892307435298
  0.6041158408919952 0.8614420657414376 0.7861564278920126
  0.1516902963394554]] 
 
 
Val : (1336, 10) 
 

FINISHED ENCODING
~~~~~~~~~~~~~~~~~~~~~~~~~~~~~~~~~~~~~~~~~~~~~~~~~~~~~~~~~~~~~~~~~~~~~~~~~~~~~~~


~~~~~~~~~~~~~~~~~~~~~~~~~~~~~~~~~~~~~~~~~~~~~~~~~~~~~~~~~~~~~~~~~~~~~~~~~~~~~~~
Test numpy array issues
X dtype: object
X Val dtype: object
X dtype: float32
X Val dtype: float32
After Debugging -- Inner Fold 4
DEBUG Inner Fold 4: num_features: 10
DEBUG Inner Fold 4: num_classes: 1
DEBUG Inner Fold 4: cat_idx: [0, 1, 2]
DEBUG Inner Fold 4: nominal_idx: [0, 1, 2]
DEBUG Inner Fold 4: ordinal_idx: None
DEBUG Inner Fold 4: num_idx: [3, 4, 5, 6, 7, 8, 9]
DEBUG Inner Fold 4: cat_dims: [3, 3, 3]
DEBUG Inner Fold 4: bin_alt: None
In get_device
Using dim 64 and batch size 32
**** Data b4 Fitting ****
Epoch 0 loss 8.960103988647461
Epoch 1 loss 6.583310127258301
Epoch 2 loss 6.653698921203613
Epoch 3 loss 6.062076568603516
Epoch 4 loss 6.183722972869873
Epoch 5 loss 4.65436315536499
Epoch 6 loss 5.029537677764893
Epoch 7 loss 4.45321798324585
Epoch 8 loss 5.741766929626465
Epoch 9 loss 4.249589920043945
Epoch 10 loss 4.35871696472168
Epoch 11 loss 4.056571960449219
Epoch 12 loss 4.271722316741943
Epoch 13 loss 5.199954509735107
Epoch 14 loss 3.8483619689941406
Epoch 15 loss 4.622896194458008
Epoch 16 loss 4.045835018157959
Epoch 17 loss 3.952694892883301
Epoch 18 loss 3.569366455078125
Epoch 19 loss 4.406620979309082
Epoch 20 loss 5.482041835784912
Epoch 21 loss 4.008569717407227
Epoch 22 loss 4.628839015960693
Epoch 23 loss 3.9339418411254883
Epoch 24 loss 4.01616096496582
Epoch 25 loss 3.782296657562256
Epoch 26 loss 3.6553335189819336
Epoch 27 loss 4.1546630859375
Epoch 28 loss 4.26450777053833
Epoch 29 loss 3.767773151397705
Epoch 30 loss 4.556788921356201
Epoch 31 loss 4.056329727172852
Epoch 32 loss 4.06226110458374
Epoch 33 loss 3.8664958477020264
Epoch 34 loss 5.473935127258301
Epoch 35 loss 3.959106922149658
Epoch 36 loss 4.276059150695801
Epoch 37 loss 4.712597846984863
Epoch 38 loss 3.8697714805603027
Epoch 39 loss 3.8063249588012695
Validation loss has not improved for 20 steps!
Early stopping applies.
Inner Fold 4 Results: {'MSE - mean': 4.234589979902321, 'MSE - std': 0.3400955629442459, 'R2 - mean': 0.5484711724546851, 'R2 - std': 0.03236961881370366}
  outer_1_inner Fold 5/5
Before Debugging -- Inner Fold 5
DEBUG Inner Fold 5: num_features: 8
DEBUG Inner Fold 5: num_classes: 1
DEBUG Inner Fold 5: cat_idx: [0]
DEBUG Inner Fold 5: nominal_idx: [0]
DEBUG Inner Fold 5: ordinal_idx: None
DEBUG Inner Fold 5: num_idx: None
DEBUG Inner Fold 5: cat_dims: [2]
DEBUG Inner Fold 5: bin_alt: None
~~~~~~~~~~~~~~~~~~~~~~~~~~~~~~~~~~~~~~~~~~~~~~~~~~~~~~~~~~~~~~~~~~~~~~~~~~~~~~~
BEFORE ANY ENCODING
num_features :8
num_classes : 1
cat_idx : [0]
nominal_idx : [0]
ordinal_idx : None
num_idx : None
cat_dims : [2]
bin_alt : None 


X_train shape : (1336, 8)
~~~~~~~~~~~~~~~~~~~~~~~~~~~~~~~~~~~~~~~~~~~~~~~~~~~~~~~~~~~~~~~~~~~~~~~~~~~~~~~
~~~~~~~~~~~~~~~~~~~~~~~~~~~~~~~~~~~~~~~~~~~~~~~~~~~~~~~~~~~~~~~~~~~~~~~~~~~~~~~
AFTER getting cat idx
Nominal Index : [0]
Ordinal Index : None
Cat Idx : [0]
Cat dims : [2]
~~~~~~~~~~~~~~~~~~~~~~~~~~~~~~~~~~~~~~~~~~~~~~~~~~~~~~~~~~~~~~~~~~~~~~~~~~~~~~~
BEFORE getting cat idx
Nominal Index : [0]
Ordinal Index : None
Cat Idx : [0]
Cat dims : []
~~~~~~~~~~~~~~~~~~~~~~~~~~~~~~~~~~~~~~~~~~~~~~~~~~~~~~~~~~~~~~~~~~~~~~~~~~~~~~~ 


AFTER SEPARATING CATEGORICALS AND NUMERICALS
Ordinal Index : None
Numerical Index V1 : [1, 2, 3, 4, 5, 6, 7]
Cat Idx V1 : [0] 
Cat Dims V1 : []
 

~~~~~~~~~~~~~~~~~~~~~~~~~~~~~~~~~~~~~~~~~~~~~~~~~~~~~~~~~~~~~~~~~~~~~~~~~~~~~~~ 


Scaling the data...
One Hot Encoding...
Ord : None, Nom : [0], Num : [1, 2, 3, 4, 5, 6, 7]
Num idx: [3, 4, 5, 6, 7, 8, 9]
Ord : None, Nom : [0, 1, 2], Num : [3, 4, 5, 6, 7, 8, 9]
Nominal : (3, 3)
~~~~~~~~~~~~~~~~~~~~~~~~~~~~~~~~~~~~~~~~~~~~~~~~~~~~~~~~~~~~~~~~~~~~~~~~~~~~~~~
After OHE
Numerical Index V2 : [3, 4, 5, 6, 7, 8, 9] 


OHE Idx : [0, 1, 2]


Ordinal Idx V2: None


Cat Dims V2 : []
Cat Idx V2 : [0] 
 

Train: [[0.0 0.0 1.0 0.7221901884468261 0.5875481643340865]
 [1.0 0.0 0.0 0.38817449178666413 0.33403946146936003]
 [0.0 1.0 0.0 -1.9916873469169878 -1.9982406048861265]
 [1.0 0.0 0.0 1.3484696196846289 1.145267310636486]
 [0.0 0.0 1.0 0.8891980367769071 0.790355126625868]
 [1.0 0.0 0.0 0.4299264538691844 0.5368464237611417]
 [0.0 1.0 0.0 0.1794146813740638 0.38474120204230544]
 [0.0 0.0 1.0 0.6804382263643058 0.6889516454799772]
 [0.0 1.0 0.0 -0.4886167119462602 -0.5785918688436567]
 [0.0 0.0 1.0 0.4716784159517046 0.5368464237611417]] 
 
 
Val : (1336, 10) 
 

~~~~~~~~~~~~~~~~~~~~~~~~~~~~~~~~~~~~~~~~~~~~~~~~~~~~~~~~~~~~~~~~~~~~~~~~~~~~~~~
Cat Idx V3 : [0, 1, 2] 
 

~~~~~~~~~~~~~~~~~~~~~~~~~~~~~~~~~~~~~~~~~~~~~~~~~~~~~~~~~~~~~~~~~~~~~~~~~~~~~~~
After ORDINAL
Numerical Index V2 : [3, 4, 5, 6, 7, 8, 9] 


OHE Idx : [0, 1, 2]


Ordinal Idx V2: None


Cat Dims V2 : [3, 3, 3]
Cat Idx V2 : [0, 1, 2] 
 

Train: [[0.0 0.0 1.0 0.7221901884468261 0.5875481643340865 0.4781562669394656
  0.5528606642962021 0.32515487675955546 0.30144137525758
  0.698835219155435]
 [1.0 0.0 0.0 0.38817449178666413 0.33403946146936003
  -0.14467451560631842 0.06058674898647325 0.03790962447576763
  0.1579774418395072 0.11845005272576987]
 [0.0 1.0 0.0 -1.9916873469169878 -1.9982406048861265 -1.5979463415464814
  -1.515694420648149 -1.4465562976320518 -1.4784080487103841
  -1.5429024861791463]
 [1.0 0.0 0.0 1.3484696196846289 1.145267310636486 0.9971819190609522
  1.2842390527563712 1.184697921761424 1.8347121636632318
  1.2792203855850999]
 [0.0 0.0 1.0 0.8891980367769071 0.790355126625868 0.3743511365151682
  0.49861006954778314 0.7088794504211041 0.005547012582805113
  0.7387366993474741]
 [1.0 0.0 0.0 0.4299264538691844 0.5368464237611417 0.06293574524227588
  0.26854736218874664 0.42821233368579975 0.2655753919030618
  0.04590190692206168]
 [0.0 1.0 0.0 0.1794146813740638 0.38474120204230544 -0.24847964603061587
  -0.09814647268482707 -0.1528563064302593 -0.40691179599415367
  -0.0991943846853545]
 [0.0 0.0 1.0 0.6804382263643058 0.6889516454799772 0.1667408756665733
  0.5960602119662397 0.8404421613907775 0.7901153984628903
  0.14746931104725317]
 [0.0 1.0 0.0 -0.4886167119462602 -0.5785918688436567 -0.5598950373035079
  -0.878752252675969 -0.9005710471079054 -0.9135188108767228
  -0.7593825114990984]
 [0.0 0.0 1.0 0.4716784159517046 0.5368464237611417 0.3743511365151682
  0.2062596422924135 0.3821653848464141 0.4493885565949673
  0.15472412562762397]] 
 
 
Val : (1336, 10) 
 

FINISHED ENCODING
~~~~~~~~~~~~~~~~~~~~~~~~~~~~~~~~~~~~~~~~~~~~~~~~~~~~~~~~~~~~~~~~~~~~~~~~~~~~~~~


~~~~~~~~~~~~~~~~~~~~~~~~~~~~~~~~~~~~~~~~~~~~~~~~~~~~~~~~~~~~~~~~~~~~~~~~~~~~~~~
Test numpy array issues
X dtype: object
X Val dtype: object
X dtype: float32
X Val dtype: float32
After Debugging -- Inner Fold 5
DEBUG Inner Fold 5: num_features: 10
DEBUG Inner Fold 5: num_classes: 1
DEBUG Inner Fold 5: cat_idx: [0, 1, 2]
DEBUG Inner Fold 5: nominal_idx: [0, 1, 2]
DEBUG Inner Fold 5: ordinal_idx: None
DEBUG Inner Fold 5: num_idx: [3, 4, 5, 6, 7, 8, 9]
DEBUG Inner Fold 5: cat_dims: [3, 3, 3]
DEBUG Inner Fold 5: bin_alt: None
In get_device
Using dim 64 and batch size 32
**** Data b4 Fitting ****
Epoch 0 loss 11.50352668762207
Epoch 1 loss 6.986058235168457
Epoch 2 loss 7.256524085998535
Epoch 3 loss 6.170393943786621
Epoch 4 loss 5.734722137451172
Epoch 5 loss 6.486398696899414
Epoch 6 loss 6.2489752769470215
Epoch 7 loss 4.994332313537598
Epoch 8 loss 5.6008195877075195
Epoch 9 loss 4.805229187011719
Epoch 10 loss 5.342416286468506
Epoch 11 loss 5.749823570251465
Epoch 12 loss 5.388436317443848
Epoch 13 loss 5.081437110900879
Epoch 14 loss 5.807461738586426
Epoch 15 loss 5.53292179107666
Epoch 16 loss 5.380460262298584
Epoch 17 loss 4.943756103515625
Epoch 18 loss 5.682599067687988
Epoch 19 loss 5.92245626449585
Epoch 20 loss 5.308769702911377
Epoch 21 loss 4.992158889770508
Epoch 22 loss 5.254467010498047
Epoch 23 loss 5.86438512802124
Epoch 24 loss 5.3030242919921875
Epoch 25 loss 5.775101661682129
Epoch 26 loss 5.521164894104004
Epoch 27 loss 5.138167381286621
Epoch 28 loss 5.904380798339844
Epoch 29 loss 5.654498100280762
Epoch 30 loss 5.663096904754639
Validation loss has not improved for 20 steps!
Early stopping applies.
Inner Fold 5 Results: {'MSE - mean': 4.436908245924728, 'MSE - std': 0.5062239787018643, 'R2 - mean': 0.5575766435136049, 'R2 - std': 0.034203394430010685}
Trial Results B4 Saving: {'MSE - mean': 4.436908245924728, 'MSE - std': 0.5062239787018643, 'R2 - mean': 0.5575766435136049, 'R2 - std': 0.034203394430010685}
Score: 4.436908245924728
  outer_1_inner Fold 1/5
Before Debugging -- Inner Fold 1
DEBUG Inner Fold 1: num_features: 8
DEBUG Inner Fold 1: num_classes: 1
DEBUG Inner Fold 1: cat_idx: [0]
DEBUG Inner Fold 1: nominal_idx: [0]
DEBUG Inner Fold 1: ordinal_idx: None
DEBUG Inner Fold 1: num_idx: None
DEBUG Inner Fold 1: cat_dims: [2]
DEBUG Inner Fold 1: bin_alt: None
~~~~~~~~~~~~~~~~~~~~~~~~~~~~~~~~~~~~~~~~~~~~~~~~~~~~~~~~~~~~~~~~~~~~~~~~~~~~~~~
BEFORE ANY ENCODING
num_features :8
num_classes : 1
cat_idx : [0]
nominal_idx : [0]
ordinal_idx : None
num_idx : None
cat_dims : [2]
bin_alt : None 


X_train shape : (1336, 8)
~~~~~~~~~~~~~~~~~~~~~~~~~~~~~~~~~~~~~~~~~~~~~~~~~~~~~~~~~~~~~~~~~~~~~~~~~~~~~~~
~~~~~~~~~~~~~~~~~~~~~~~~~~~~~~~~~~~~~~~~~~~~~~~~~~~~~~~~~~~~~~~~~~~~~~~~~~~~~~~
AFTER getting cat idx
Nominal Index : [0]
Ordinal Index : None
Cat Idx : [0]
Cat dims : [2]
~~~~~~~~~~~~~~~~~~~~~~~~~~~~~~~~~~~~~~~~~~~~~~~~~~~~~~~~~~~~~~~~~~~~~~~~~~~~~~~
BEFORE getting cat idx
Nominal Index : [0]
Ordinal Index : None
Cat Idx : [0]
Cat dims : []
~~~~~~~~~~~~~~~~~~~~~~~~~~~~~~~~~~~~~~~~~~~~~~~~~~~~~~~~~~~~~~~~~~~~~~~~~~~~~~~ 


AFTER SEPARATING CATEGORICALS AND NUMERICALS
Ordinal Index : None
Numerical Index V1 : [1, 2, 3, 4, 5, 6, 7]
Cat Idx V1 : [0] 
Cat Dims V1 : []
 

~~~~~~~~~~~~~~~~~~~~~~~~~~~~~~~~~~~~~~~~~~~~~~~~~~~~~~~~~~~~~~~~~~~~~~~~~~~~~~~ 


Scaling the data...
One Hot Encoding...
Ord : None, Nom : [0], Num : [1, 2, 3, 4, 5, 6, 7]
Num idx: [3, 4, 5, 6, 7, 8, 9]
Ord : None, Nom : [0, 1, 2], Num : [3, 4, 5, 6, 7, 8, 9]
Nominal : (3, 3)
~~~~~~~~~~~~~~~~~~~~~~~~~~~~~~~~~~~~~~~~~~~~~~~~~~~~~~~~~~~~~~~~~~~~~~~~~~~~~~~
After OHE
Numerical Index V2 : [3, 4, 5, 6, 7, 8, 9] 


OHE Idx : [0, 1, 2]


Ordinal Idx V2: None


Cat Dims V2 : []
Cat Idx V2 : [0] 
 

Train: [[0.0 1.0 0.0 -0.5210135593039967 -0.5264236083441137]
 [0.0 0.0 1.0 -2.815853454093107 -2.8177961754094762]
 [1.0 0.0 0.0 0.42150996891295867 0.37020043963798493]
 [0.0 1.0 0.0 -1.914309209711671 -1.9211721274273779]
 [1.0 0.0 0.0 1.3640334971299144 1.1671995933998502]
 [0.0 0.0 1.0 0.25759283357088014 0.1211382040874018]
 [0.0 0.0 1.0 0.9132613749391969 0.818512463629034]
 [1.0 0.0 0.0 0.4624892527484785 0.5694502280784514]
 [0.0 1.0 0.0 0.2166135497353603 0.42001288674810155]
 [0.0 0.0 1.0 0.5034685365839984 0.5694502280784514]] 
 
 
Val : (1336, 10) 
 

~~~~~~~~~~~~~~~~~~~~~~~~~~~~~~~~~~~~~~~~~~~~~~~~~~~~~~~~~~~~~~~~~~~~~~~~~~~~~~~
Cat Idx V3 : [0, 1, 2] 
 

~~~~~~~~~~~~~~~~~~~~~~~~~~~~~~~~~~~~~~~~~~~~~~~~~~~~~~~~~~~~~~~~~~~~~~~~~~~~~~~
After ORDINAL
Numerical Index V2 : [3, 4, 5, 6, 7, 8, 9] 


OHE Idx : [0, 1, 2]


Ordinal Idx V2: None


Cat Dims V2 : [3, 3, 3]
Cat Idx V2 : [0, 1, 2] 
 

Train: [[0.0 1.0 0.0 -0.5210135593039967 -0.5264236083441137
  0.003160426666250289 -0.6861564486638813 -0.6556321434848429
  -0.44075853302523915 -0.8834611143629936]
 [0.0 0.0 1.0 -2.815853454093107 -2.8177961754094762 -1.896888085083021
  -1.6243889648840444 -1.5719358742359575 -1.5756766932967177
  -1.627846179579559]
 [1.0 0.0 0.0 0.42150996891295867 0.37020043963798493
  -0.10239782398648709 0.09055251003485096 0.07299491952206758
  0.1867844497131076 0.14449921379321556]
 [0.0 1.0 0.0 -1.914309209711671 -1.9211721274273779 -1.5802133331248092
  -1.473833056330118 -1.4217945400405942 -1.4377062502833224
  -1.4789691665362459]
 [1.0 0.0 0.0 1.3640334971299144 1.1671995933998502 1.058742933193623
  1.3049703684367198 1.227758416348171 1.851331084777943
  1.278800265551791]
 [0.0 0.0 1.0 0.25759283357088014 0.1211382040874018 0.10871867731898709
  0.06363191711461258 -0.25157531763555624 0.6674556705339693
  0.07360539805830453]
 [0.0 0.0 1.0 0.9132613749391969 0.818512463629034 0.4253934292771992
  0.5252702327468499 0.7486309234012029 0.03546202834357723
  0.7506413383267042]
 [1.0 0.0 0.0 0.4624892527484785 0.5694502280784514 0.10871867731898709
  0.296943722423346 0.46601194138640095 0.293600276562188
  0.07360539805830453]
 [0.0 1.0 0.0 0.2166135497353603 0.42001288674810155 -0.20795607463922447
  -0.06698281149839631 -0.11909766981611783 -0.3739986412445639
  -0.06818223341151734]
 [0.0 0.0 1.0 0.5034685365839984 0.5694502280784514 0.4253934292771992
  0.23512606460650204 0.41964476464959777 0.4760773140960335
  0.1799461216606711]] 
 
 
Val : (1336, 10) 
 

FINISHED ENCODING
~~~~~~~~~~~~~~~~~~~~~~~~~~~~~~~~~~~~~~~~~~~~~~~~~~~~~~~~~~~~~~~~~~~~~~~~~~~~~~~


~~~~~~~~~~~~~~~~~~~~~~~~~~~~~~~~~~~~~~~~~~~~~~~~~~~~~~~~~~~~~~~~~~~~~~~~~~~~~~~
Test numpy array issues
X dtype: object
X Val dtype: object
X dtype: float32
X Val dtype: float32
After Debugging -- Inner Fold 1
DEBUG Inner Fold 1: num_features: 10
DEBUG Inner Fold 1: num_classes: 1
DEBUG Inner Fold 1: cat_idx: [0, 1, 2]
DEBUG Inner Fold 1: nominal_idx: [0, 1, 2]
DEBUG Inner Fold 1: ordinal_idx: None
DEBUG Inner Fold 1: num_idx: [3, 4, 5, 6, 7, 8, 9]
DEBUG Inner Fold 1: cat_dims: [3, 3, 3]
DEBUG Inner Fold 1: bin_alt: None
In get_device
Using dim 64 and batch size 32
**** Data b4 Fitting ****
Epoch 0 loss 40.41163635253906
Epoch 1 loss 6.712266445159912
Epoch 2 loss 6.56848669052124
Epoch 3 loss 6.486224174499512
Epoch 4 loss 8.502605438232422
Epoch 5 loss 6.4077253341674805
Epoch 6 loss 5.890484809875488
Epoch 7 loss 5.8034162521362305
Epoch 8 loss 6.043156623840332
Epoch 9 loss 5.685263633728027
Epoch 10 loss 5.651757717132568
Epoch 11 loss 5.708638668060303
Epoch 12 loss 5.9387969970703125
Epoch 13 loss 5.448768615722656
Epoch 14 loss 5.543434143066406
Epoch 15 loss 4.91990852355957
Epoch 16 loss 4.877570629119873
Epoch 17 loss 5.597304344177246
Epoch 18 loss 4.757151126861572
Epoch 19 loss 4.856606483459473
Epoch 20 loss 6.424863338470459
Epoch 21 loss 5.114367961883545
Epoch 22 loss 5.244427680969238
Epoch 23 loss 5.560935974121094
Epoch 24 loss 5.0158185958862305
Epoch 25 loss 4.968515396118164
Epoch 26 loss 4.73650598526001
Epoch 27 loss 4.888246536254883
Epoch 28 loss 4.9152092933654785
Epoch 29 loss 4.928641319274902
Epoch 30 loss 5.461643218994141
Epoch 31 loss 4.971280097961426
Epoch 32 loss 4.687107086181641
Epoch 33 loss 4.878649711608887
Epoch 34 loss 5.283246994018555
Epoch 35 loss 5.032022476196289
Epoch 36 loss 5.132322311401367
Epoch 37 loss 4.775764465332031
Epoch 38 loss 5.423659801483154
Epoch 39 loss 4.88761568069458
Epoch 40 loss 4.551394462585449
Epoch 41 loss 5.04006814956665
Epoch 42 loss 4.921844005584717
Epoch 43 loss 4.902475357055664
Epoch 44 loss 5.946258544921875
Epoch 45 loss 4.837403297424316
Epoch 46 loss 5.020365238189697
Epoch 47 loss 4.809699535369873
Epoch 48 loss 4.411544322967529
Epoch 49 loss 5.198598384857178
Epoch 50 loss 4.755641460418701
Epoch 51 loss 5.101892471313477
Epoch 52 loss 4.790350437164307
Epoch 53 loss 5.396860122680664
Epoch 54 loss 5.140491485595703
Epoch 55 loss 4.878390312194824
Epoch 56 loss 4.33000373840332
Epoch 57 loss 4.275608539581299
Epoch 58 loss 4.410228252410889
Epoch 59 loss 4.3776726722717285
Epoch 60 loss 5.080169200897217
Epoch 61 loss 5.52442741394043
Epoch 62 loss 4.860410690307617
Epoch 63 loss 4.065649032592773
Epoch 64 loss 4.242334365844727
Epoch 65 loss 4.739777565002441
Epoch 66 loss 4.856050968170166
Epoch 67 loss 4.747312545776367
Epoch 68 loss 4.264704704284668
Epoch 69 loss 5.359981536865234
Epoch 70 loss 4.868310928344727
Epoch 71 loss 4.312243938446045
Epoch 72 loss 4.284120559692383
Epoch 73 loss 4.65079927444458
Epoch 74 loss 4.711499214172363
Epoch 75 loss 4.474842071533203
Epoch 76 loss 4.971373558044434
Epoch 77 loss 4.285489082336426
Epoch 78 loss 4.610426902770996
Epoch 79 loss 5.361320495605469
Epoch 80 loss 4.06304407119751
Epoch 81 loss 4.565788745880127
Epoch 82 loss 4.389734745025635
Epoch 83 loss 4.386500358581543
Epoch 84 loss 4.6858015060424805
Epoch 85 loss 4.462031364440918
Epoch 86 loss 4.722059726715088
Epoch 87 loss 4.267921447753906
Epoch 88 loss 4.458586692810059
Epoch 89 loss 4.437176704406738
Epoch 90 loss 4.812976837158203
Epoch 91 loss 4.359824180603027
Epoch 92 loss 4.018247127532959
Epoch 93 loss 4.302179336547852
Epoch 94 loss 4.995273590087891
Epoch 95 loss 4.306142807006836
Epoch 96 loss 4.535360813140869
Epoch 97 loss 5.125401496887207
Epoch 98 loss 4.858275413513184
Epoch 99 loss 4.875926494598389
Inner Fold 1 Results: {'MSE - mean': 4.5025887357982235, 'MSE - std': 0.0, 'R2 - mean': 0.5440604786674788, 'R2 - std': 0.0}
  outer_1_inner Fold 2/5
Before Debugging -- Inner Fold 2
DEBUG Inner Fold 2: num_features: 8
DEBUG Inner Fold 2: num_classes: 1
DEBUG Inner Fold 2: cat_idx: [0]
DEBUG Inner Fold 2: nominal_idx: [0]
DEBUG Inner Fold 2: ordinal_idx: None
DEBUG Inner Fold 2: num_idx: None
DEBUG Inner Fold 2: cat_dims: [2]
DEBUG Inner Fold 2: bin_alt: None
~~~~~~~~~~~~~~~~~~~~~~~~~~~~~~~~~~~~~~~~~~~~~~~~~~~~~~~~~~~~~~~~~~~~~~~~~~~~~~~
BEFORE ANY ENCODING
num_features :8
num_classes : 1
cat_idx : [0]
nominal_idx : [0]
ordinal_idx : None
num_idx : None
cat_dims : [2]
bin_alt : None 


X_train shape : (1336, 8)
~~~~~~~~~~~~~~~~~~~~~~~~~~~~~~~~~~~~~~~~~~~~~~~~~~~~~~~~~~~~~~~~~~~~~~~~~~~~~~~
~~~~~~~~~~~~~~~~~~~~~~~~~~~~~~~~~~~~~~~~~~~~~~~~~~~~~~~~~~~~~~~~~~~~~~~~~~~~~~~
AFTER getting cat idx
Nominal Index : [0]
Ordinal Index : None
Cat Idx : [0]
Cat dims : [2]
~~~~~~~~~~~~~~~~~~~~~~~~~~~~~~~~~~~~~~~~~~~~~~~~~~~~~~~~~~~~~~~~~~~~~~~~~~~~~~~
BEFORE getting cat idx
Nominal Index : [0]
Ordinal Index : None
Cat Idx : [0]
Cat dims : []
~~~~~~~~~~~~~~~~~~~~~~~~~~~~~~~~~~~~~~~~~~~~~~~~~~~~~~~~~~~~~~~~~~~~~~~~~~~~~~~ 


AFTER SEPARATING CATEGORICALS AND NUMERICALS
Ordinal Index : None
Numerical Index V1 : [1, 2, 3, 4, 5, 6, 7]
Cat Idx V1 : [0] 
Cat Dims V1 : []
 

~~~~~~~~~~~~~~~~~~~~~~~~~~~~~~~~~~~~~~~~~~~~~~~~~~~~~~~~~~~~~~~~~~~~~~~~~~~~~~~ 


Scaling the data...
One Hot Encoding...
Ord : None, Nom : [0], Num : [1, 2, 3, 4, 5, 6, 7]
Num idx: [3, 4, 5, 6, 7, 8, 9]
Ord : None, Nom : [0, 1, 2], Num : [3, 4, 5, 6, 7, 8, 9]
Nominal : (3, 3)
~~~~~~~~~~~~~~~~~~~~~~~~~~~~~~~~~~~~~~~~~~~~~~~~~~~~~~~~~~~~~~~~~~~~~~~~~~~~~~~
After OHE
Numerical Index V2 : [3, 4, 5, 6, 7, 8, 9] 


OHE Idx : [0, 1, 2]


Ordinal Idx V2: None


Cat Dims V2 : []
Cat Idx V2 : [0] 
 

Train: [[0.0 1.0 0.0 -0.5538692784299487 -0.5498522723269541]
 [0.0 0.0 1.0 -2.8888151247710203 -2.8594497877479994]
 [0.0 0.0 1.0 0.7386900293660014 0.6049464853835685]
 [1.0 0.0 0.0 0.40512633703156226 0.35390327718562914]
 [1.0 0.0 0.0 1.3641219524930737 1.1572415434190364]
 [0.0 0.0 1.0 0.23834449086434367 0.10286006898768918]
 [1.0 0.0 0.0 0.4468217985733672 0.554737843743981]
 [0.0 1.0 0.0 0.19664902932253878 0.40411191882521713]
 [0.0 0.0 1.0 0.6969945678241964 0.7053637686627445]
 [0.0 1.0 0.0 -0.4704783553463394 -0.5498522723269541]] 
 
 
Val : (1336, 10) 
 

~~~~~~~~~~~~~~~~~~~~~~~~~~~~~~~~~~~~~~~~~~~~~~~~~~~~~~~~~~~~~~~~~~~~~~~~~~~~~~~
Cat Idx V3 : [0, 1, 2] 
 

~~~~~~~~~~~~~~~~~~~~~~~~~~~~~~~~~~~~~~~~~~~~~~~~~~~~~~~~~~~~~~~~~~~~~~~~~~~~~~~
After ORDINAL
Numerical Index V2 : [3, 4, 5, 6, 7, 8, 9] 


OHE Idx : [0, 1, 2]


Ordinal Idx V2: None


Cat Dims V2 : [3, 3, 3]
Cat Idx V2 : [0, 1, 2] 
 

Train: [[0.0 1.0 0.0 -0.5538692784299487 -0.5498522723269541
  -0.0028130563204141535 -0.6969117341199114 -0.6619123049070199
  -0.45096692941940525 -0.8932422180334233]
 [0.0 0.0 1.0 -2.8888151247710203 -2.8594497877479994 -2.2577590027647583
  -1.6381979157159239 -1.5807534298091197 -1.5771776458542086
  -1.6292077429763254]
 [0.0 0.0 1.0 0.7386900293660014 0.6049464853835685 0.6235608176919034
  0.5724742004659968 0.35877626998422835 0.31308975271087314
  0.6838267639870811]
 [1.0 0.0 0.0 0.40512633703156226 0.35390327718562914 -0.1280878311228778
  0.0823251792310915 0.06873244501513176 0.17176134907983884
  0.12309112593534609]
 [1.0 0.0 0.0 1.3641219524930737 1.1572415434190364 1.2499346917042211
  1.3006956034435708 1.2266936698917537 1.8235370665175508
  1.2445624020388157]
 [0.0 0.0 1.0 0.23834449086434367 0.10286006898768918 0.12246171848204881
  0.055316967856923326 -0.2567365799501904 0.6487447113345793
  0.052999171178879166]
 [1.0 0.0 0.0 0.4468217985733672 0.554737843743981 0.12246171848204881
  0.28938813309971495 0.46283779497314065 0.27775765180311457
  0.052999171178879166]
 [0.0 1.0 0.0 0.19664902932253878 0.40411191882521713 -0.2533626059253415
  -0.07572287251404122 -0.1238920799643445 -0.3847192402173579
  -0.08718473833405449]
 [0.0 0.0 1.0 0.6969945678241964 0.7053637686627445 0.24773649328451247
  0.6154872778396723 0.8790838949287906 0.7944896275790834
  0.15112790783793287]
 [0.0 1.0 0.0 -0.4704783553463394 -0.5498522723269541 -0.6291869303327321
  -0.8529591776151059 -0.8788916548839012 -0.8837851655394474
  -0.7250215266179029]] 
 
 
Val : (1336, 10) 
 

FINISHED ENCODING
~~~~~~~~~~~~~~~~~~~~~~~~~~~~~~~~~~~~~~~~~~~~~~~~~~~~~~~~~~~~~~~~~~~~~~~~~~~~~~~


~~~~~~~~~~~~~~~~~~~~~~~~~~~~~~~~~~~~~~~~~~~~~~~~~~~~~~~~~~~~~~~~~~~~~~~~~~~~~~~
Test numpy array issues
X dtype: object
X Val dtype: object
X dtype: float32
X Val dtype: float32
After Debugging -- Inner Fold 2
DEBUG Inner Fold 2: num_features: 10
DEBUG Inner Fold 2: num_classes: 1
DEBUG Inner Fold 2: cat_idx: [0, 1, 2]
DEBUG Inner Fold 2: nominal_idx: [0, 1, 2]
DEBUG Inner Fold 2: ordinal_idx: None
DEBUG Inner Fold 2: num_idx: [3, 4, 5, 6, 7, 8, 9]
DEBUG Inner Fold 2: cat_dims: [3, 3, 3]
DEBUG Inner Fold 2: bin_alt: None
In get_device
Using dim 64 and batch size 32
**** Data b4 Fitting ****
Epoch 0 loss 22.356014251708984
Epoch 1 loss 6.395321846008301
Epoch 2 loss 4.8753437995910645
Epoch 3 loss 5.434945583343506
Epoch 4 loss 4.317839622497559
Epoch 5 loss 5.026628494262695
Epoch 6 loss 4.845648765563965
Epoch 7 loss 4.32161808013916
Epoch 8 loss 4.63560676574707
Epoch 9 loss 4.177009105682373
Epoch 10 loss 4.669737815856934
Epoch 11 loss 4.184445381164551
Epoch 12 loss 3.826460361480713
Epoch 13 loss 4.072290420532227
Epoch 14 loss 4.010395050048828
Epoch 15 loss 4.061717987060547
Epoch 16 loss 4.443241596221924
Epoch 17 loss 4.513164520263672
Epoch 18 loss 4.4558610916137695
Epoch 19 loss 3.909832715988159
Epoch 20 loss 4.040036678314209
Epoch 21 loss 3.835564374923706
Epoch 22 loss 4.145925521850586
Epoch 23 loss 4.411930084228516
Epoch 24 loss 3.91170072555542
Epoch 25 loss 4.174744129180908
Epoch 26 loss 4.799696922302246
Epoch 27 loss 3.777517318725586
Epoch 28 loss 4.869896411895752
Epoch 29 loss 4.3177337646484375
Epoch 30 loss 3.807987689971924
Epoch 31 loss 3.802180290222168
Epoch 32 loss 3.6663522720336914
Epoch 33 loss 3.822387218475342
Epoch 34 loss 4.281930923461914
Epoch 35 loss 4.213797092437744
Epoch 36 loss 3.8951375484466553
Epoch 37 loss 4.050481796264648
Epoch 38 loss 5.184136867523193
Epoch 39 loss 4.0989532470703125
Epoch 40 loss 4.1653547286987305
Epoch 41 loss 4.247387886047363
Epoch 42 loss 4.265066146850586
Epoch 43 loss 4.730575084686279
Epoch 44 loss 3.924859046936035
Epoch 45 loss 4.315720558166504
Epoch 46 loss 4.1661696434021
Epoch 47 loss 3.712324619293213
Epoch 48 loss 4.450939178466797
Epoch 49 loss 3.8399815559387207
Epoch 50 loss 3.7176246643066406
Epoch 51 loss 4.262245178222656
Epoch 52 loss 3.855276107788086
Epoch 53 loss 3.9029622077941895
Validation loss has not improved for 20 steps!
Early stopping applies.
Inner Fold 2 Results: {'MSE - mean': 4.251609296703174, 'MSE - std': 0.2509794390950497, 'R2 - mean': 0.5179368148782101, 'R2 - std': 0.02612366378926867}
  outer_1_inner Fold 3/5
Before Debugging -- Inner Fold 3
DEBUG Inner Fold 3: num_features: 8
DEBUG Inner Fold 3: num_classes: 1
DEBUG Inner Fold 3: cat_idx: [0]
DEBUG Inner Fold 3: nominal_idx: [0]
DEBUG Inner Fold 3: ordinal_idx: None
DEBUG Inner Fold 3: num_idx: None
DEBUG Inner Fold 3: cat_dims: [2]
DEBUG Inner Fold 3: bin_alt: None
~~~~~~~~~~~~~~~~~~~~~~~~~~~~~~~~~~~~~~~~~~~~~~~~~~~~~~~~~~~~~~~~~~~~~~~~~~~~~~~
BEFORE ANY ENCODING
num_features :8
num_classes : 1
cat_idx : [0]
nominal_idx : [0]
ordinal_idx : None
num_idx : None
cat_dims : [2]
bin_alt : None 


X_train shape : (1336, 8)
~~~~~~~~~~~~~~~~~~~~~~~~~~~~~~~~~~~~~~~~~~~~~~~~~~~~~~~~~~~~~~~~~~~~~~~~~~~~~~~
~~~~~~~~~~~~~~~~~~~~~~~~~~~~~~~~~~~~~~~~~~~~~~~~~~~~~~~~~~~~~~~~~~~~~~~~~~~~~~~
AFTER getting cat idx
Nominal Index : [0]
Ordinal Index : None
Cat Idx : [0]
Cat dims : [2]
~~~~~~~~~~~~~~~~~~~~~~~~~~~~~~~~~~~~~~~~~~~~~~~~~~~~~~~~~~~~~~~~~~~~~~~~~~~~~~~
BEFORE getting cat idx
Nominal Index : [0]
Ordinal Index : None
Cat Idx : [0]
Cat dims : []
~~~~~~~~~~~~~~~~~~~~~~~~~~~~~~~~~~~~~~~~~~~~~~~~~~~~~~~~~~~~~~~~~~~~~~~~~~~~~~~ 


AFTER SEPARATING CATEGORICALS AND NUMERICALS
Ordinal Index : None
Numerical Index V1 : [1, 2, 3, 4, 5, 6, 7]
Cat Idx V1 : [0] 
Cat Dims V1 : []
 

~~~~~~~~~~~~~~~~~~~~~~~~~~~~~~~~~~~~~~~~~~~~~~~~~~~~~~~~~~~~~~~~~~~~~~~~~~~~~~~ 


Scaling the data...
One Hot Encoding...
Ord : None, Nom : [0], Num : [1, 2, 3, 4, 5, 6, 7]
Num idx: [3, 4, 5, 6, 7, 8, 9]
Ord : None, Nom : [0, 1, 2], Num : [3, 4, 5, 6, 7, 8, 9]
Nominal : (3, 3)
~~~~~~~~~~~~~~~~~~~~~~~~~~~~~~~~~~~~~~~~~~~~~~~~~~~~~~~~~~~~~~~~~~~~~~~~~~~~~~~
After OHE
Numerical Index V2 : [3, 4, 5, 6, 7, 8, 9] 


OHE Idx : [0, 1, 2]


Ordinal Idx V2: None


Cat Dims V2 : []
Cat Idx V2 : [0] 
 

Train: [[0.0 1.0 0.0 -0.5528480306685334 -0.5563853940674705]
 [0.0 0.0 1.0 -2.877985939628958 -2.8728423263762894]
 [0.0 0.0 1.0 0.7342818832202727 0.6018430720869391]
 [0.0 1.0 0.0 -1.9645389039659342 -1.966402657211969]
 [0.0 0.0 1.0 0.23603804558589653 0.09826547810676114]
 [0.0 0.0 1.0 0.9003631624317318 0.8032741096790106]
 [0.0 1.0 0.0 0.19451772578303178 0.4004120344948683]
 [0.0 0.0 1.0 0.6927615634174079 0.7025585908829749]
 [0.0 1.0 0.0 -0.46980739106280434 -0.5563853940674705]
 [0.0 0.0 1.0 0.4851599644030842 0.5514853126889219]] 
 
 
Val : (1336, 10) 
 

~~~~~~~~~~~~~~~~~~~~~~~~~~~~~~~~~~~~~~~~~~~~~~~~~~~~~~~~~~~~~~~~~~~~~~~~~~~~~~~
Cat Idx V3 : [0, 1, 2] 
 

~~~~~~~~~~~~~~~~~~~~~~~~~~~~~~~~~~~~~~~~~~~~~~~~~~~~~~~~~~~~~~~~~~~~~~~~~~~~~~~
After ORDINAL
Numerical Index V2 : [3, 4, 5, 6, 7, 8, 9] 


OHE Idx : [0, 1, 2]


Ordinal Idx V2: None


Cat Dims V2 : [3, 3, 3]
Cat Idx V2 : [0, 1, 2] 
 

Train: [[0.0 1.0 0.0 -0.5528480306685334 -0.5563853940674705
  -0.03298078323935717 -0.7001947757099316 -0.6643187374708324
  -0.45903974015103993 -0.8912572131403684]
 [0.0 0.0 1.0 -2.877985939628958 -2.8728423263762894 -1.8991499016865805
  -1.6314371903504319 -1.574403317492152 -1.5810088090942997
  -1.6237008300823144]
 [0.0 0.0 1.0 0.7342818832202727 0.6018430720869391 0.4853995274404269
  0.5556464827159927 0.3466426875648986 0.3021392752496813
  0.6782648231638017]
 [0.0 1.0 0.0 -1.9645389039659342 -1.966402657211969 -1.58812171527871
  -1.482002966534581 -1.4252810248621528 -1.4446125693404133
  -1.4772121066939254]
 [0.0 0.0 1.0 0.23603804558589653 0.09826547810676114 0.07069527889659918
  0.04400745150543121 -0.26300433230480474 0.6365300565817902
  0.050456008642133454]
 [0.0 0.0 1.0 0.9003631624317318 0.8032741096790106 0.38172346530447
  0.5022064291659536 0.7304132935979852 0.011747280934955273
  0.7166309173845699]
 [0.0 1.0 0.0 0.19451772578303178 0.4004120344948683 -0.24033290751127104
  -0.08563415988447905 -0.13142583880774636 -0.3930415596249658
  -0.08905706125157048]
 [0.0 0.0 1.0 0.6927615634174079 0.7025585908829749 0.1743713410325561
  0.598200599431765 0.8619917870950431 0.7817260537391534
  0.14811515756772634]
 [0.0 1.0 0.0 -0.46980739106280434 -0.5563853940674705
  -0.5513610939191416 -0.8545771526322675 -0.8792302768493608
  -0.8902278529213907 -0.7238415292679237]
 [0.0 0.0 1.0 0.4851599644030842 0.5514853126889219 0.38172346530447
  0.21422391836851942 0.4036600347469572 0.44733527240704424
  0.15509081106241154]] 
 
 
Val : (1336, 10) 
 

FINISHED ENCODING
~~~~~~~~~~~~~~~~~~~~~~~~~~~~~~~~~~~~~~~~~~~~~~~~~~~~~~~~~~~~~~~~~~~~~~~~~~~~~~~


~~~~~~~~~~~~~~~~~~~~~~~~~~~~~~~~~~~~~~~~~~~~~~~~~~~~~~~~~~~~~~~~~~~~~~~~~~~~~~~
Test numpy array issues
X dtype: object
X Val dtype: object
X dtype: float32
X Val dtype: float32
After Debugging -- Inner Fold 3
DEBUG Inner Fold 3: num_features: 10
DEBUG Inner Fold 3: num_classes: 1
DEBUG Inner Fold 3: cat_idx: [0, 1, 2]
DEBUG Inner Fold 3: nominal_idx: [0, 1, 2]
DEBUG Inner Fold 3: ordinal_idx: None
DEBUG Inner Fold 3: num_idx: [3, 4, 5, 6, 7, 8, 9]
DEBUG Inner Fold 3: cat_dims: [3, 3, 3]
DEBUG Inner Fold 3: bin_alt: None
In get_device
Using dim 64 and batch size 32
**** Data b4 Fitting ****
Epoch 0 loss 41.188758850097656
Epoch 1 loss 7.327848434448242
Epoch 2 loss 6.882538795471191
Epoch 3 loss 6.485211372375488
Epoch 4 loss 6.178382396697998
Epoch 5 loss 6.52017879486084
Epoch 6 loss 5.7241950035095215
Epoch 7 loss 5.491931438446045
Epoch 8 loss 5.682249069213867
Epoch 9 loss 5.49189567565918
Epoch 10 loss 4.902634620666504
Epoch 11 loss 6.175191879272461
Epoch 12 loss 4.943727493286133
Epoch 13 loss 5.630322456359863
Epoch 14 loss 4.69148063659668
Epoch 15 loss 5.403369903564453
Epoch 16 loss 4.644916534423828
Epoch 17 loss 5.714346885681152
Epoch 18 loss 5.036088943481445
Epoch 19 loss 5.000777244567871
Epoch 20 loss 4.694705963134766
Epoch 21 loss 4.625125885009766
Epoch 22 loss 5.1988043785095215
Epoch 23 loss 5.019278526306152
Epoch 24 loss 4.857950210571289
Epoch 25 loss 4.859465599060059
Epoch 26 loss 4.752477169036865
Epoch 27 loss 4.446349143981934
Epoch 28 loss 4.435451984405518
Epoch 29 loss 4.375246047973633
Epoch 30 loss 4.628777503967285
Epoch 31 loss 4.500238418579102
Epoch 32 loss 4.659722805023193
Epoch 33 loss 5.683402061462402
Epoch 34 loss 4.624276161193848
Epoch 35 loss 4.353595733642578
Epoch 36 loss 5.1745195388793945
Epoch 37 loss 4.195507526397705
Epoch 38 loss 5.581930160522461
Epoch 39 loss 4.409122467041016
Epoch 40 loss 4.34989595413208
Epoch 41 loss 4.628730773925781
Epoch 42 loss 4.239626884460449
Epoch 43 loss 4.09578275680542
Epoch 44 loss 4.785891532897949
Epoch 45 loss 5.255501747131348
Epoch 46 loss 4.780224323272705
Epoch 47 loss 4.250071048736572
Epoch 48 loss 5.35176420211792
Epoch 49 loss 4.549235820770264
Epoch 50 loss 4.190151214599609
Epoch 51 loss 4.718528747558594
Epoch 52 loss 4.514125823974609
Epoch 53 loss 4.278280258178711
Epoch 54 loss 4.905753135681152
Epoch 55 loss 4.836623668670654
Epoch 56 loss 4.8216681480407715
Epoch 57 loss 4.285899639129639
Epoch 58 loss 4.093811988830566
Epoch 59 loss 4.4440836906433105
Epoch 60 loss 4.1860151290893555
Epoch 61 loss 5.222429275512695
Epoch 62 loss 4.341253280639648
Epoch 63 loss 4.769233226776123
Epoch 64 loss 4.101520538330078
Epoch 65 loss 4.385804653167725
Epoch 66 loss 4.32288932800293
Epoch 67 loss 5.115617275238037
Epoch 68 loss 4.981417655944824
Epoch 69 loss 5.253962516784668
Epoch 70 loss 4.692949295043945
Epoch 71 loss 5.287346839904785
Epoch 72 loss 4.919699192047119
Epoch 73 loss 4.737299919128418
Epoch 74 loss 4.778346538543701
Epoch 75 loss 4.156793594360352
Epoch 76 loss 4.7666449546813965
Epoch 77 loss 4.429496765136719
Epoch 78 loss 4.86084508895874
Epoch 79 loss 5.082869529724121
Validation loss has not improved for 20 steps!
Early stopping applies.
Inner Fold 3 Results: {'MSE - mean': 4.321671876464088, 'MSE - std': 0.22762099214370846, 'R2 - mean': 0.5314755702416258, 'R2 - std': 0.02866286215233926}
  outer_1_inner Fold 4/5
Before Debugging -- Inner Fold 4
DEBUG Inner Fold 4: num_features: 8
DEBUG Inner Fold 4: num_classes: 1
DEBUG Inner Fold 4: cat_idx: [0]
DEBUG Inner Fold 4: nominal_idx: [0]
DEBUG Inner Fold 4: ordinal_idx: None
DEBUG Inner Fold 4: num_idx: None
DEBUG Inner Fold 4: cat_dims: [2]
DEBUG Inner Fold 4: bin_alt: None
~~~~~~~~~~~~~~~~~~~~~~~~~~~~~~~~~~~~~~~~~~~~~~~~~~~~~~~~~~~~~~~~~~~~~~~~~~~~~~~
BEFORE ANY ENCODING
num_features :8
num_classes : 1
cat_idx : [0]
nominal_idx : [0]
ordinal_idx : None
num_idx : None
cat_dims : [2]
bin_alt : None 


X_train shape : (1336, 8)
~~~~~~~~~~~~~~~~~~~~~~~~~~~~~~~~~~~~~~~~~~~~~~~~~~~~~~~~~~~~~~~~~~~~~~~~~~~~~~~
~~~~~~~~~~~~~~~~~~~~~~~~~~~~~~~~~~~~~~~~~~~~~~~~~~~~~~~~~~~~~~~~~~~~~~~~~~~~~~~
AFTER getting cat idx
Nominal Index : [0]
Ordinal Index : None
Cat Idx : [0]
Cat dims : [2]
~~~~~~~~~~~~~~~~~~~~~~~~~~~~~~~~~~~~~~~~~~~~~~~~~~~~~~~~~~~~~~~~~~~~~~~~~~~~~~~
BEFORE getting cat idx
Nominal Index : [0]
Ordinal Index : None
Cat Idx : [0]
Cat dims : []
~~~~~~~~~~~~~~~~~~~~~~~~~~~~~~~~~~~~~~~~~~~~~~~~~~~~~~~~~~~~~~~~~~~~~~~~~~~~~~~ 


AFTER SEPARATING CATEGORICALS AND NUMERICALS
Ordinal Index : None
Numerical Index V1 : [1, 2, 3, 4, 5, 6, 7]
Cat Idx V1 : [0] 
Cat Dims V1 : []
 

~~~~~~~~~~~~~~~~~~~~~~~~~~~~~~~~~~~~~~~~~~~~~~~~~~~~~~~~~~~~~~~~~~~~~~~~~~~~~~~ 


Scaling the data...
One Hot Encoding...
Ord : None, Nom : [0], Num : [1, 2, 3, 4, 5, 6, 7]
Num idx: [3, 4, 5, 6, 7, 8, 9]
Ord : None, Nom : [0, 1, 2], Num : [3, 4, 5, 6, 7, 8, 9]
Nominal : (3, 3)
~~~~~~~~~~~~~~~~~~~~~~~~~~~~~~~~~~~~~~~~~~~~~~~~~~~~~~~~~~~~~~~~~~~~~~~~~~~~~~~
After OHE
Numerical Index V2 : [3, 4, 5, 6, 7, 8, 9] 


OHE Idx : [0, 1, 2]


Ordinal Idx V2: None


Cat Dims V2 : []
Cat Idx V2 : [0] 
 

Train: [[0.0 1.0 0.0 -0.5522541850757178 -0.556076602805594]
 [0.0 0.0 1.0 -2.8756781917464123 -2.872817413735062]
 [0.0 0.0 1.0 0.7339269614741306 0.60229380265914]
 [1.0 0.0 0.0 0.40200924623545975 0.3504741492972416]
 [0.0 1.0 0.0 -1.9629044748400681 -1.9662666616322266]
 [1.0 0.0 0.0 1.3562726775466376 1.1562970400553176]
 [0.0 0.0 1.0 0.2360503886161252 0.09865449593534266]
 [0.0 0.0 1.0 0.8998858190934661 0.8037495253486592]
 [1.0 0.0 0.0 0.4434989606402936 0.5519298719867608]
 [0.0 0.0 1.0 0.6924372470692968 0.7030216640038995]] 
 
 
Val : (1336, 10) 
 

~~~~~~~~~~~~~~~~~~~~~~~~~~~~~~~~~~~~~~~~~~~~~~~~~~~~~~~~~~~~~~~~~~~~~~~~~~~~~~~
Cat Idx V3 : [0, 1, 2] 
 

~~~~~~~~~~~~~~~~~~~~~~~~~~~~~~~~~~~~~~~~~~~~~~~~~~~~~~~~~~~~~~~~~~~~~~~~~~~~~~~
After ORDINAL
Numerical Index V2 : [3, 4, 5, 6, 7, 8, 9] 


OHE Idx : [0, 1, 2]


Ordinal Idx V2: None


Cat Dims V2 : [3, 3, 3]
Cat Idx V2 : [0, 1, 2] 
 

Train: [[0.0 1.0 0.0 -0.5522541850757178 -0.556076602805594
  -0.028956615652103477 -0.7007812839378216 -0.665238196823045
  -0.45965739162541763 -0.899686843700493]
 [0.0 0.0 1.0 -2.8756781917464123 -2.872817413735062 -1.8858864641902153
  -1.6366869199628655 -1.5755432384383614 -1.5861911645933064
  -1.6405901974199195]
 [0.0 0.0 1.0 0.7339269614741306 0.60229380265914 0.4868572311640385
  0.5613486332946764 0.34596812651348746 0.30461846219201283
  0.6879631999839929]
 [1.0 0.0 0.0 0.40200924623545975 0.3504741492972416 -0.132119385015332
  0.07400138392988223 0.058618824220459824 0.16324951813329722
  0.1234654066739534]
 [0.0 1.0 0.0 -1.9629044748400681 -1.9662666616322266 -1.57639815610053
  -1.4865044002606533 -1.426384821980912 -1.449240000036426
  -1.4924095266760342]
 [1.0 0.0 0.0 1.3562726775466376 1.1562970400553176 1.0026710779801806
  1.285407403779514 1.205822527268196 1.8154990518195344
  1.252460993294032]
 [0.0 0.0 1.0 0.2360503886161252 0.09865449593534266 0.07420615371112446
  0.047147555903658954 -0.26382657606255594 0.6403697043314621
  0.052903182510198425]
 [0.0 0.0 1.0 0.8998858190934661 0.8037495253486592 0.38369446180081
  0.5076409772422299 0.7298316982789825 0.01304501507091216
  0.7267724232740578]
 [1.0 0.0 0.0 0.4434989606402936 0.5519298719867608 0.07420615371112446
  0.2798807321309281 0.4490629143590774 0.26927622617733393
  0.052903182510198425]
 [0.0 0.0 1.0 0.6924372470692968 0.7030216640038995 0.17736892307435298
  0.6041158408919952 0.8614420657414376 0.7861564278920126
  0.1516902963394554]] 
 
 
Val : (1336, 10) 
 

FINISHED ENCODING
~~~~~~~~~~~~~~~~~~~~~~~~~~~~~~~~~~~~~~~~~~~~~~~~~~~~~~~~~~~~~~~~~~~~~~~~~~~~~~~


~~~~~~~~~~~~~~~~~~~~~~~~~~~~~~~~~~~~~~~~~~~~~~~~~~~~~~~~~~~~~~~~~~~~~~~~~~~~~~~
Test numpy array issues
X dtype: object
X Val dtype: object
X dtype: float32
X Val dtype: float32
After Debugging -- Inner Fold 4
DEBUG Inner Fold 4: num_features: 10
DEBUG Inner Fold 4: num_classes: 1
DEBUG Inner Fold 4: cat_idx: [0, 1, 2]
DEBUG Inner Fold 4: nominal_idx: [0, 1, 2]
DEBUG Inner Fold 4: ordinal_idx: None
DEBUG Inner Fold 4: num_idx: [3, 4, 5, 6, 7, 8, 9]
DEBUG Inner Fold 4: cat_dims: [3, 3, 3]
DEBUG Inner Fold 4: bin_alt: None
In get_device
Using dim 64 and batch size 32
**** Data b4 Fitting ****
Epoch 0 loss 28.228818893432617
Epoch 1 loss 6.466636657714844
Epoch 2 loss 7.31965970993042
Epoch 3 loss 6.284486770629883
Epoch 4 loss 6.84670352935791
Epoch 5 loss 6.381588935852051
Epoch 6 loss 5.887258529663086
Epoch 7 loss 6.637650489807129
Epoch 8 loss 6.0929670333862305
Epoch 9 loss 6.126556396484375
Epoch 10 loss 5.144448757171631
Epoch 11 loss 5.774796962738037
Epoch 12 loss 5.222585678100586
Epoch 13 loss 4.839305877685547
Epoch 14 loss 4.458518028259277
Epoch 15 loss 5.231929779052734
Epoch 16 loss 5.636587142944336
Epoch 17 loss 5.5834197998046875
Epoch 18 loss 4.668118953704834
Epoch 19 loss 5.645899772644043
Epoch 20 loss 5.1204118728637695
Epoch 21 loss 5.505658149719238
Epoch 22 loss 4.330389022827148
Epoch 23 loss 4.498043060302734
Epoch 24 loss 5.161287307739258
Epoch 25 loss 4.47321891784668
Epoch 26 loss 4.29395055770874
Epoch 27 loss 4.388924598693848
Epoch 28 loss 4.476350784301758
Epoch 29 loss 4.06427526473999
Epoch 30 loss 4.519119739532471
Epoch 31 loss 4.9770331382751465
Epoch 32 loss 4.577151298522949
Epoch 33 loss 4.335570335388184
Epoch 34 loss 4.778252601623535
Epoch 35 loss 4.414585113525391
Epoch 36 loss 4.485511779785156
Epoch 37 loss 5.207103729248047
Epoch 38 loss 4.6248369216918945
Epoch 39 loss 3.84645414352417
Epoch 40 loss 3.975304365158081
Epoch 41 loss 4.353133678436279
Epoch 42 loss 4.524909019470215
Epoch 43 loss 4.602231025695801
Epoch 44 loss 4.327373027801514
Epoch 45 loss 4.740480422973633
Epoch 46 loss 3.599107265472412
Epoch 47 loss 4.764338970184326
Epoch 48 loss 4.006335258483887
Epoch 49 loss 3.9215173721313477
Epoch 50 loss 4.136649131774902
Epoch 51 loss 4.152522087097168
Epoch 52 loss 3.7382829189300537
Epoch 53 loss 4.450971603393555
Epoch 54 loss 3.839397430419922
Epoch 55 loss 3.9415957927703857
Epoch 56 loss 3.900385856628418
Epoch 57 loss 3.9663004875183105
Epoch 58 loss 3.870760679244995
Epoch 59 loss 3.8837344646453857
Epoch 60 loss 3.9080419540405273
Epoch 61 loss 3.97236704826355
Epoch 62 loss 4.140043258666992
Epoch 63 loss 4.405622482299805
Epoch 64 loss 3.7524375915527344
Epoch 65 loss 3.8396975994110107
Epoch 66 loss 4.268238067626953
Epoch 67 loss 3.8436343669891357
Validation loss has not improved for 20 steps!
Early stopping applies.
Inner Fold 4 Results: {'MSE - mean': 4.248885276110736, 'MSE - std': 0.23399178323471284, 'R2 - mean': 0.5460120188513171, 'R2 - std': 0.03535667920803067}
  outer_1_inner Fold 5/5
Before Debugging -- Inner Fold 5
DEBUG Inner Fold 5: num_features: 8
DEBUG Inner Fold 5: num_classes: 1
DEBUG Inner Fold 5: cat_idx: [0]
DEBUG Inner Fold 5: nominal_idx: [0]
DEBUG Inner Fold 5: ordinal_idx: None
DEBUG Inner Fold 5: num_idx: None
DEBUG Inner Fold 5: cat_dims: [2]
DEBUG Inner Fold 5: bin_alt: None
~~~~~~~~~~~~~~~~~~~~~~~~~~~~~~~~~~~~~~~~~~~~~~~~~~~~~~~~~~~~~~~~~~~~~~~~~~~~~~~
BEFORE ANY ENCODING
num_features :8
num_classes : 1
cat_idx : [0]
nominal_idx : [0]
ordinal_idx : None
num_idx : None
cat_dims : [2]
bin_alt : None 


X_train shape : (1336, 8)
~~~~~~~~~~~~~~~~~~~~~~~~~~~~~~~~~~~~~~~~~~~~~~~~~~~~~~~~~~~~~~~~~~~~~~~~~~~~~~~
~~~~~~~~~~~~~~~~~~~~~~~~~~~~~~~~~~~~~~~~~~~~~~~~~~~~~~~~~~~~~~~~~~~~~~~~~~~~~~~
AFTER getting cat idx
Nominal Index : [0]
Ordinal Index : None
Cat Idx : [0]
Cat dims : [2]
~~~~~~~~~~~~~~~~~~~~~~~~~~~~~~~~~~~~~~~~~~~~~~~~~~~~~~~~~~~~~~~~~~~~~~~~~~~~~~~
BEFORE getting cat idx
Nominal Index : [0]
Ordinal Index : None
Cat Idx : [0]
Cat dims : []
~~~~~~~~~~~~~~~~~~~~~~~~~~~~~~~~~~~~~~~~~~~~~~~~~~~~~~~~~~~~~~~~~~~~~~~~~~~~~~~ 


AFTER SEPARATING CATEGORICALS AND NUMERICALS
Ordinal Index : None
Numerical Index V1 : [1, 2, 3, 4, 5, 6, 7]
Cat Idx V1 : [0] 
Cat Dims V1 : []
 

~~~~~~~~~~~~~~~~~~~~~~~~~~~~~~~~~~~~~~~~~~~~~~~~~~~~~~~~~~~~~~~~~~~~~~~~~~~~~~~ 


Scaling the data...
One Hot Encoding...
Ord : None, Nom : [0], Num : [1, 2, 3, 4, 5, 6, 7]
Num idx: [3, 4, 5, 6, 7, 8, 9]
Ord : None, Nom : [0, 1, 2], Num : [3, 4, 5, 6, 7, 8, 9]
Nominal : (3, 3)
~~~~~~~~~~~~~~~~~~~~~~~~~~~~~~~~~~~~~~~~~~~~~~~~~~~~~~~~~~~~~~~~~~~~~~~~~~~~~~~
After OHE
Numerical Index V2 : [3, 4, 5, 6, 7, 8, 9] 


OHE Idx : [0, 1, 2]


Ordinal Idx V2: None


Cat Dims V2 : []
Cat Idx V2 : [0] 
 

Train: [[0.0 0.0 1.0 0.7221901884468261 0.5875481643340865]
 [1.0 0.0 0.0 0.38817449178666413 0.33403946146936003]
 [0.0 1.0 0.0 -1.9916873469169878 -1.9982406048861265]
 [1.0 0.0 0.0 1.3484696196846289 1.145267310636486]
 [0.0 0.0 1.0 0.8891980367769071 0.790355126625868]
 [1.0 0.0 0.0 0.4299264538691844 0.5368464237611417]
 [0.0 1.0 0.0 0.1794146813740638 0.38474120204230544]
 [0.0 0.0 1.0 0.6804382263643058 0.6889516454799772]
 [0.0 1.0 0.0 -0.4886167119462602 -0.5785918688436567]
 [0.0 0.0 1.0 0.4716784159517046 0.5368464237611417]] 
 
 
Val : (1336, 10) 
 

~~~~~~~~~~~~~~~~~~~~~~~~~~~~~~~~~~~~~~~~~~~~~~~~~~~~~~~~~~~~~~~~~~~~~~~~~~~~~~~
Cat Idx V3 : [0, 1, 2] 
 

~~~~~~~~~~~~~~~~~~~~~~~~~~~~~~~~~~~~~~~~~~~~~~~~~~~~~~~~~~~~~~~~~~~~~~~~~~~~~~~
After ORDINAL
Numerical Index V2 : [3, 4, 5, 6, 7, 8, 9] 


OHE Idx : [0, 1, 2]


Ordinal Idx V2: None


Cat Dims V2 : [3, 3, 3]
Cat Idx V2 : [0, 1, 2] 
 

Train: [[0.0 0.0 1.0 0.7221901884468261 0.5875481643340865 0.4781562669394656
  0.5528606642962021 0.32515487675955546 0.30144137525758
  0.698835219155435]
 [1.0 0.0 0.0 0.38817449178666413 0.33403946146936003
  -0.14467451560631842 0.06058674898647325 0.03790962447576763
  0.1579774418395072 0.11845005272576987]
 [0.0 1.0 0.0 -1.9916873469169878 -1.9982406048861265 -1.5979463415464814
  -1.515694420648149 -1.4465562976320518 -1.4784080487103841
  -1.5429024861791463]
 [1.0 0.0 0.0 1.3484696196846289 1.145267310636486 0.9971819190609522
  1.2842390527563712 1.184697921761424 1.8347121636632318
  1.2792203855850999]
 [0.0 0.0 1.0 0.8891980367769071 0.790355126625868 0.3743511365151682
  0.49861006954778314 0.7088794504211041 0.005547012582805113
  0.7387366993474741]
 [1.0 0.0 0.0 0.4299264538691844 0.5368464237611417 0.06293574524227588
  0.26854736218874664 0.42821233368579975 0.2655753919030618
  0.04590190692206168]
 [0.0 1.0 0.0 0.1794146813740638 0.38474120204230544 -0.24847964603061587
  -0.09814647268482707 -0.1528563064302593 -0.40691179599415367
  -0.0991943846853545]
 [0.0 0.0 1.0 0.6804382263643058 0.6889516454799772 0.1667408756665733
  0.5960602119662397 0.8404421613907775 0.7901153984628903
  0.14746931104725317]
 [0.0 1.0 0.0 -0.4886167119462602 -0.5785918688436567 -0.5598950373035079
  -0.878752252675969 -0.9005710471079054 -0.9135188108767228
  -0.7593825114990984]
 [0.0 0.0 1.0 0.4716784159517046 0.5368464237611417 0.3743511365151682
  0.2062596422924135 0.3821653848464141 0.4493885565949673
  0.15472412562762397]] 
 
 
Val : (1336, 10) 
 

FINISHED ENCODING
~~~~~~~~~~~~~~~~~~~~~~~~~~~~~~~~~~~~~~~~~~~~~~~~~~~~~~~~~~~~~~~~~~~~~~~~~~~~~~~


~~~~~~~~~~~~~~~~~~~~~~~~~~~~~~~~~~~~~~~~~~~~~~~~~~~~~~~~~~~~~~~~~~~~~~~~~~~~~~~
Test numpy array issues
X dtype: object
X Val dtype: object
X dtype: float32
X Val dtype: float32
After Debugging -- Inner Fold 5
DEBUG Inner Fold 5: num_features: 10
DEBUG Inner Fold 5: num_classes: 1
DEBUG Inner Fold 5: cat_idx: [0, 1, 2]
DEBUG Inner Fold 5: nominal_idx: [0, 1, 2]
DEBUG Inner Fold 5: ordinal_idx: None
DEBUG Inner Fold 5: num_idx: [3, 4, 5, 6, 7, 8, 9]
DEBUG Inner Fold 5: cat_dims: [3, 3, 3]
DEBUG Inner Fold 5: bin_alt: None
In get_device
Using dim 64 and batch size 32
**** Data b4 Fitting ****
Epoch 0 loss 37.832069396972656
Epoch 1 loss 8.575820922851562
Epoch 2 loss 8.154361724853516
Epoch 3 loss 8.779380798339844
Epoch 4 loss 7.162688255310059
Epoch 5 loss 7.149720191955566
Epoch 6 loss 7.471992492675781
Epoch 7 loss 7.639540672302246
Epoch 8 loss 6.56171989440918
Epoch 9 loss 6.849740982055664
Epoch 10 loss 6.687358856201172
Epoch 11 loss 5.938157558441162
Epoch 12 loss 6.792820930480957
Epoch 13 loss 6.298622131347656
Epoch 14 loss 6.067690849304199
Epoch 15 loss 5.911192893981934
Epoch 16 loss 6.827237606048584
Epoch 17 loss 5.686769485473633
Epoch 18 loss 6.418759822845459
Epoch 19 loss 6.294541835784912
Epoch 20 loss 5.679402828216553
Epoch 21 loss 5.7033538818359375
Epoch 22 loss 5.853119850158691
Epoch 23 loss 6.285150051116943
Epoch 24 loss 5.71584415435791
Epoch 25 loss 6.02919864654541
Epoch 26 loss 5.203254222869873
Epoch 27 loss 5.552382469177246
Epoch 28 loss 5.456768035888672
Epoch 29 loss 6.066249847412109
Epoch 30 loss 5.922786712646484
Epoch 31 loss 5.155511856079102
Epoch 32 loss 5.81470251083374
Epoch 33 loss 5.493197917938232
Epoch 34 loss 5.694249629974365
Epoch 35 loss 5.659985542297363
Epoch 36 loss 4.796098709106445
Epoch 37 loss 5.7262187004089355
Epoch 38 loss 5.701413631439209
Epoch 39 loss 5.3548736572265625
Epoch 40 loss 5.323369026184082
Epoch 41 loss 5.554889678955078
Epoch 42 loss 5.391297340393066
Epoch 43 loss 6.229053497314453
Epoch 44 loss 5.329366207122803
Epoch 45 loss 5.633876323699951
Epoch 46 loss 5.645331382751465
Epoch 47 loss 5.6101508140563965
Epoch 48 loss 5.08366584777832
Epoch 49 loss 6.098199367523193
Epoch 50 loss 5.95930814743042
Epoch 51 loss 5.101056098937988
Epoch 52 loss 5.386619567871094
Epoch 53 loss 5.169759273529053
Epoch 54 loss 5.466561794281006
Epoch 55 loss 5.733588695526123
Epoch 56 loss 5.571203231811523
Epoch 57 loss 5.223868370056152
Validation loss has not improved for 20 steps!
Early stopping applies.
Inner Fold 5 Results: {'MSE - mean': 4.469329796748989, 'MSE - std': 0.4880418736284888, 'R2 - mean': 0.5539852691888576, 'R2 - std': 0.035417039620442986}
Trial Results B4 Saving: {'MSE - mean': 4.469329796748989, 'MSE - std': 0.4880418736284888, 'R2 - mean': 0.5539852691888576, 'R2 - std': 0.035417039620442986}
Score: 4.469329796748989
  outer_1_inner Fold 1/5
Before Debugging -- Inner Fold 1
DEBUG Inner Fold 1: num_features: 8
DEBUG Inner Fold 1: num_classes: 1
DEBUG Inner Fold 1: cat_idx: [0]
DEBUG Inner Fold 1: nominal_idx: [0]
DEBUG Inner Fold 1: ordinal_idx: None
DEBUG Inner Fold 1: num_idx: None
DEBUG Inner Fold 1: cat_dims: [2]
DEBUG Inner Fold 1: bin_alt: None
~~~~~~~~~~~~~~~~~~~~~~~~~~~~~~~~~~~~~~~~~~~~~~~~~~~~~~~~~~~~~~~~~~~~~~~~~~~~~~~
BEFORE ANY ENCODING
num_features :8
num_classes : 1
cat_idx : [0]
nominal_idx : [0]
ordinal_idx : None
num_idx : None
cat_dims : [2]
bin_alt : None 


X_train shape : (1336, 8)
~~~~~~~~~~~~~~~~~~~~~~~~~~~~~~~~~~~~~~~~~~~~~~~~~~~~~~~~~~~~~~~~~~~~~~~~~~~~~~~
~~~~~~~~~~~~~~~~~~~~~~~~~~~~~~~~~~~~~~~~~~~~~~~~~~~~~~~~~~~~~~~~~~~~~~~~~~~~~~~
AFTER getting cat idx
Nominal Index : [0]
Ordinal Index : None
Cat Idx : [0]
Cat dims : [2]
~~~~~~~~~~~~~~~~~~~~~~~~~~~~~~~~~~~~~~~~~~~~~~~~~~~~~~~~~~~~~~~~~~~~~~~~~~~~~~~
BEFORE getting cat idx
Nominal Index : [0]
Ordinal Index : None
Cat Idx : [0]
Cat dims : []
~~~~~~~~~~~~~~~~~~~~~~~~~~~~~~~~~~~~~~~~~~~~~~~~~~~~~~~~~~~~~~~~~~~~~~~~~~~~~~~ 


AFTER SEPARATING CATEGORICALS AND NUMERICALS
Ordinal Index : None
Numerical Index V1 : [1, 2, 3, 4, 5, 6, 7]
Cat Idx V1 : [0] 
Cat Dims V1 : []
 

~~~~~~~~~~~~~~~~~~~~~~~~~~~~~~~~~~~~~~~~~~~~~~~~~~~~~~~~~~~~~~~~~~~~~~~~~~~~~~~ 


Scaling the data...
One Hot Encoding...
Ord : None, Nom : [0], Num : [1, 2, 3, 4, 5, 6, 7]
Num idx: [3, 4, 5, 6, 7, 8, 9]
Ord : None, Nom : [0, 1, 2], Num : [3, 4, 5, 6, 7, 8, 9]
Nominal : (3, 3)
~~~~~~~~~~~~~~~~~~~~~~~~~~~~~~~~~~~~~~~~~~~~~~~~~~~~~~~~~~~~~~~~~~~~~~~~~~~~~~~
After OHE
Numerical Index V2 : [3, 4, 5, 6, 7, 8, 9] 


OHE Idx : [0, 1, 2]


Ordinal Idx V2: None


Cat Dims V2 : []
Cat Idx V2 : [0] 
 

Train: [[0.0 1.0 0.0 -0.5210135593039967 -0.5264236083441137]
 [0.0 0.0 1.0 -2.815853454093107 -2.8177961754094762]
 [1.0 0.0 0.0 0.42150996891295867 0.37020043963798493]
 [0.0 1.0 0.0 -1.914309209711671 -1.9211721274273779]
 [1.0 0.0 0.0 1.3640334971299144 1.1671995933998502]
 [0.0 0.0 1.0 0.25759283357088014 0.1211382040874018]
 [0.0 0.0 1.0 0.9132613749391969 0.818512463629034]
 [1.0 0.0 0.0 0.4624892527484785 0.5694502280784514]
 [0.0 1.0 0.0 0.2166135497353603 0.42001288674810155]
 [0.0 0.0 1.0 0.5034685365839984 0.5694502280784514]] 
 
 
Val : (1336, 10) 
 

~~~~~~~~~~~~~~~~~~~~~~~~~~~~~~~~~~~~~~~~~~~~~~~~~~~~~~~~~~~~~~~~~~~~~~~~~~~~~~~
Cat Idx V3 : [0, 1, 2] 
 

~~~~~~~~~~~~~~~~~~~~~~~~~~~~~~~~~~~~~~~~~~~~~~~~~~~~~~~~~~~~~~~~~~~~~~~~~~~~~~~
After ORDINAL
Numerical Index V2 : [3, 4, 5, 6, 7, 8, 9] 


OHE Idx : [0, 1, 2]


Ordinal Idx V2: None


Cat Dims V2 : [3, 3, 3]
Cat Idx V2 : [0, 1, 2] 
 

Train: [[0.0 1.0 0.0 -0.5210135593039967 -0.5264236083441137
  0.003160426666250289 -0.6861564486638813 -0.6556321434848429
  -0.44075853302523915 -0.8834611143629936]
 [0.0 0.0 1.0 -2.815853454093107 -2.8177961754094762 -1.896888085083021
  -1.6243889648840444 -1.5719358742359575 -1.5756766932967177
  -1.627846179579559]
 [1.0 0.0 0.0 0.42150996891295867 0.37020043963798493
  -0.10239782398648709 0.09055251003485096 0.07299491952206758
  0.1867844497131076 0.14449921379321556]
 [0.0 1.0 0.0 -1.914309209711671 -1.9211721274273779 -1.5802133331248092
  -1.473833056330118 -1.4217945400405942 -1.4377062502833224
  -1.4789691665362459]
 [1.0 0.0 0.0 1.3640334971299144 1.1671995933998502 1.058742933193623
  1.3049703684367198 1.227758416348171 1.851331084777943
  1.278800265551791]
 [0.0 0.0 1.0 0.25759283357088014 0.1211382040874018 0.10871867731898709
  0.06363191711461258 -0.25157531763555624 0.6674556705339693
  0.07360539805830453]
 [0.0 0.0 1.0 0.9132613749391969 0.818512463629034 0.4253934292771992
  0.5252702327468499 0.7486309234012029 0.03546202834357723
  0.7506413383267042]
 [1.0 0.0 0.0 0.4624892527484785 0.5694502280784514 0.10871867731898709
  0.296943722423346 0.46601194138640095 0.293600276562188
  0.07360539805830453]
 [0.0 1.0 0.0 0.2166135497353603 0.42001288674810155 -0.20795607463922447
  -0.06698281149839631 -0.11909766981611783 -0.3739986412445639
  -0.06818223341151734]
 [0.0 0.0 1.0 0.5034685365839984 0.5694502280784514 0.4253934292771992
  0.23512606460650204 0.41964476464959777 0.4760773140960335
  0.1799461216606711]] 
 
 
Val : (1336, 10) 
 

FINISHED ENCODING
~~~~~~~~~~~~~~~~~~~~~~~~~~~~~~~~~~~~~~~~~~~~~~~~~~~~~~~~~~~~~~~~~~~~~~~~~~~~~~~


~~~~~~~~~~~~~~~~~~~~~~~~~~~~~~~~~~~~~~~~~~~~~~~~~~~~~~~~~~~~~~~~~~~~~~~~~~~~~~~
Test numpy array issues
X dtype: object
X Val dtype: object
X dtype: float32
X Val dtype: float32
After Debugging -- Inner Fold 1
DEBUG Inner Fold 1: num_features: 10
DEBUG Inner Fold 1: num_classes: 1
DEBUG Inner Fold 1: cat_idx: [0, 1, 2]
DEBUG Inner Fold 1: nominal_idx: [0, 1, 2]
DEBUG Inner Fold 1: ordinal_idx: None
DEBUG Inner Fold 1: num_idx: [3, 4, 5, 6, 7, 8, 9]
DEBUG Inner Fold 1: cat_dims: [3, 3, 3]
DEBUG Inner Fold 1: bin_alt: None
In get_device
Using dim 256 and batch size 32
**** Data b4 Fitting ****
Epoch 0 loss 6.9479265213012695
Epoch 1 loss 5.632518291473389
Epoch 2 loss 5.838527202606201
Epoch 3 loss 5.965634346008301
Epoch 4 loss 7.369739532470703
Epoch 5 loss 5.3748979568481445
Epoch 6 loss 5.068436622619629
Epoch 7 loss 4.865903377532959
Epoch 8 loss 4.607486724853516
Epoch 9 loss 4.819766998291016
Epoch 10 loss 4.866725921630859
Epoch 11 loss 5.216375827789307
Epoch 12 loss 4.819270610809326
Epoch 13 loss 5.4275336265563965
Epoch 14 loss 5.423500061035156
Epoch 15 loss 4.450113296508789
Epoch 16 loss 5.1187028884887695
Epoch 17 loss 5.160036563873291
Epoch 18 loss 4.7758588790893555
Epoch 19 loss 5.026823997497559
Epoch 20 loss 5.590460777282715
Epoch 21 loss 4.583520412445068
Epoch 22 loss 5.8013129234313965
Epoch 23 loss 4.405366897583008
Epoch 24 loss 4.949923515319824
Epoch 25 loss 5.233397483825684
Epoch 26 loss 5.195013046264648
Epoch 27 loss 5.1084885597229
Epoch 28 loss 4.369612693786621
Epoch 29 loss 4.552855491638184
Epoch 30 loss 4.548016548156738
Epoch 31 loss 4.665769577026367
Epoch 32 loss 4.7870941162109375
Epoch 33 loss 5.08872127532959
Epoch 34 loss 4.306132793426514
Epoch 35 loss 5.274187088012695
Epoch 36 loss 4.521761417388916
Epoch 37 loss 4.875923156738281
Epoch 38 loss 5.445743560791016
Epoch 39 loss 4.1820831298828125
Epoch 40 loss 5.156651496887207
Epoch 41 loss 4.819768905639648
Epoch 42 loss 4.639198303222656
Epoch 43 loss 4.9955902099609375
Epoch 44 loss 4.296171188354492
Epoch 45 loss 4.448221683502197
Epoch 46 loss 4.557903289794922
Epoch 47 loss 4.867046356201172
Epoch 48 loss 5.089910507202148
Epoch 49 loss 4.717697620391846
Epoch 50 loss 4.559603691101074
Epoch 51 loss 5.205561637878418
Epoch 52 loss 4.868031024932861
Epoch 53 loss 6.036531448364258
Epoch 54 loss 5.243401527404785
Epoch 55 loss 4.226132869720459
Epoch 56 loss 5.055339813232422
Epoch 57 loss 5.360479354858398
Epoch 58 loss 4.657602310180664
Epoch 59 loss 4.771144390106201
Epoch 60 loss 5.147274971008301
Validation loss has not improved for 20 steps!
Early stopping applies.
Inner Fold 1 Results: {'MSE - mean': 4.547405562640867, 'MSE - std': 0.0, 'R2 - mean': 0.5395222532648749, 'R2 - std': 0.0}
  outer_1_inner Fold 2/5
Before Debugging -- Inner Fold 2
DEBUG Inner Fold 2: num_features: 8
DEBUG Inner Fold 2: num_classes: 1
DEBUG Inner Fold 2: cat_idx: [0]
DEBUG Inner Fold 2: nominal_idx: [0]
DEBUG Inner Fold 2: ordinal_idx: None
DEBUG Inner Fold 2: num_idx: None
DEBUG Inner Fold 2: cat_dims: [2]
DEBUG Inner Fold 2: bin_alt: None
~~~~~~~~~~~~~~~~~~~~~~~~~~~~~~~~~~~~~~~~~~~~~~~~~~~~~~~~~~~~~~~~~~~~~~~~~~~~~~~
BEFORE ANY ENCODING
num_features :8
num_classes : 1
cat_idx : [0]
nominal_idx : [0]
ordinal_idx : None
num_idx : None
cat_dims : [2]
bin_alt : None 


X_train shape : (1336, 8)
~~~~~~~~~~~~~~~~~~~~~~~~~~~~~~~~~~~~~~~~~~~~~~~~~~~~~~~~~~~~~~~~~~~~~~~~~~~~~~~
~~~~~~~~~~~~~~~~~~~~~~~~~~~~~~~~~~~~~~~~~~~~~~~~~~~~~~~~~~~~~~~~~~~~~~~~~~~~~~~
AFTER getting cat idx
Nominal Index : [0]
Ordinal Index : None
Cat Idx : [0]
Cat dims : [2]
~~~~~~~~~~~~~~~~~~~~~~~~~~~~~~~~~~~~~~~~~~~~~~~~~~~~~~~~~~~~~~~~~~~~~~~~~~~~~~~
BEFORE getting cat idx
Nominal Index : [0]
Ordinal Index : None
Cat Idx : [0]
Cat dims : []
~~~~~~~~~~~~~~~~~~~~~~~~~~~~~~~~~~~~~~~~~~~~~~~~~~~~~~~~~~~~~~~~~~~~~~~~~~~~~~~ 


AFTER SEPARATING CATEGORICALS AND NUMERICALS
Ordinal Index : None
Numerical Index V1 : [1, 2, 3, 4, 5, 6, 7]
Cat Idx V1 : [0] 
Cat Dims V1 : []
 

~~~~~~~~~~~~~~~~~~~~~~~~~~~~~~~~~~~~~~~~~~~~~~~~~~~~~~~~~~~~~~~~~~~~~~~~~~~~~~~ 


Scaling the data...
One Hot Encoding...
Ord : None, Nom : [0], Num : [1, 2, 3, 4, 5, 6, 7]
Num idx: [3, 4, 5, 6, 7, 8, 9]
Ord : None, Nom : [0, 1, 2], Num : [3, 4, 5, 6, 7, 8, 9]
Nominal : (3, 3)
~~~~~~~~~~~~~~~~~~~~~~~~~~~~~~~~~~~~~~~~~~~~~~~~~~~~~~~~~~~~~~~~~~~~~~~~~~~~~~~
After OHE
Numerical Index V2 : [3, 4, 5, 6, 7, 8, 9] 


OHE Idx : [0, 1, 2]


Ordinal Idx V2: None


Cat Dims V2 : []
Cat Idx V2 : [0] 
 

Train: [[0.0 1.0 0.0 -0.5538692784299487 -0.5498522723269541]
 [0.0 0.0 1.0 -2.8888151247710203 -2.8594497877479994]
 [0.0 0.0 1.0 0.7386900293660014 0.6049464853835685]
 [1.0 0.0 0.0 0.40512633703156226 0.35390327718562914]
 [1.0 0.0 0.0 1.3641219524930737 1.1572415434190364]
 [0.0 0.0 1.0 0.23834449086434367 0.10286006898768918]
 [1.0 0.0 0.0 0.4468217985733672 0.554737843743981]
 [0.0 1.0 0.0 0.19664902932253878 0.40411191882521713]
 [0.0 0.0 1.0 0.6969945678241964 0.7053637686627445]
 [0.0 1.0 0.0 -0.4704783553463394 -0.5498522723269541]] 
 
 
Val : (1336, 10) 
 

~~~~~~~~~~~~~~~~~~~~~~~~~~~~~~~~~~~~~~~~~~~~~~~~~~~~~~~~~~~~~~~~~~~~~~~~~~~~~~~
Cat Idx V3 : [0, 1, 2] 
 

~~~~~~~~~~~~~~~~~~~~~~~~~~~~~~~~~~~~~~~~~~~~~~~~~~~~~~~~~~~~~~~~~~~~~~~~~~~~~~~
After ORDINAL
Numerical Index V2 : [3, 4, 5, 6, 7, 8, 9] 


OHE Idx : [0, 1, 2]


Ordinal Idx V2: None


Cat Dims V2 : [3, 3, 3]
Cat Idx V2 : [0, 1, 2] 
 

Train: [[0.0 1.0 0.0 -0.5538692784299487 -0.5498522723269541
  -0.0028130563204141535 -0.6969117341199114 -0.6619123049070199
  -0.45096692941940525 -0.8932422180334233]
 [0.0 0.0 1.0 -2.8888151247710203 -2.8594497877479994 -2.2577590027647583
  -1.6381979157159239 -1.5807534298091197 -1.5771776458542086
  -1.6292077429763254]
 [0.0 0.0 1.0 0.7386900293660014 0.6049464853835685 0.6235608176919034
  0.5724742004659968 0.35877626998422835 0.31308975271087314
  0.6838267639870811]
 [1.0 0.0 0.0 0.40512633703156226 0.35390327718562914 -0.1280878311228778
  0.0823251792310915 0.06873244501513176 0.17176134907983884
  0.12309112593534609]
 [1.0 0.0 0.0 1.3641219524930737 1.1572415434190364 1.2499346917042211
  1.3006956034435708 1.2266936698917537 1.8235370665175508
  1.2445624020388157]
 [0.0 0.0 1.0 0.23834449086434367 0.10286006898768918 0.12246171848204881
  0.055316967856923326 -0.2567365799501904 0.6487447113345793
  0.052999171178879166]
 [1.0 0.0 0.0 0.4468217985733672 0.554737843743981 0.12246171848204881
  0.28938813309971495 0.46283779497314065 0.27775765180311457
  0.052999171178879166]
 [0.0 1.0 0.0 0.19664902932253878 0.40411191882521713 -0.2533626059253415
  -0.07572287251404122 -0.1238920799643445 -0.3847192402173579
  -0.08718473833405449]
 [0.0 0.0 1.0 0.6969945678241964 0.7053637686627445 0.24773649328451247
  0.6154872778396723 0.8790838949287906 0.7944896275790834
  0.15112790783793287]
 [0.0 1.0 0.0 -0.4704783553463394 -0.5498522723269541 -0.6291869303327321
  -0.8529591776151059 -0.8788916548839012 -0.8837851655394474
  -0.7250215266179029]] 
 
 
Val : (1336, 10) 
 

FINISHED ENCODING
~~~~~~~~~~~~~~~~~~~~~~~~~~~~~~~~~~~~~~~~~~~~~~~~~~~~~~~~~~~~~~~~~~~~~~~~~~~~~~~


~~~~~~~~~~~~~~~~~~~~~~~~~~~~~~~~~~~~~~~~~~~~~~~~~~~~~~~~~~~~~~~~~~~~~~~~~~~~~~~
Test numpy array issues
X dtype: object
X Val dtype: object
X dtype: float32
X Val dtype: float32
After Debugging -- Inner Fold 2
DEBUG Inner Fold 2: num_features: 10
DEBUG Inner Fold 2: num_classes: 1
DEBUG Inner Fold 2: cat_idx: [0, 1, 2]
DEBUG Inner Fold 2: nominal_idx: [0, 1, 2]
DEBUG Inner Fold 2: ordinal_idx: None
DEBUG Inner Fold 2: num_idx: [3, 4, 5, 6, 7, 8, 9]
DEBUG Inner Fold 2: cat_dims: [3, 3, 3]
DEBUG Inner Fold 2: bin_alt: None
In get_device
Using dim 256 and batch size 32
**** Data b4 Fitting ****
Epoch 0 loss 5.8619208335876465
Epoch 1 loss 5.463876247406006
Epoch 2 loss 4.197152137756348
Epoch 3 loss 4.049964427947998
Epoch 4 loss 4.552108287811279
Epoch 5 loss 4.244565963745117
Epoch 6 loss 4.303756237030029
Epoch 7 loss 6.480289459228516
Epoch 8 loss 3.9184110164642334
Epoch 9 loss 4.3231353759765625
Epoch 10 loss 4.161440849304199
Epoch 11 loss 3.878587484359741
Epoch 12 loss 4.6688103675842285
Epoch 13 loss 5.368249416351318
Epoch 14 loss 3.8922667503356934
Epoch 15 loss 5.104942321777344
Epoch 16 loss 4.158535957336426
Epoch 17 loss 3.8165998458862305
Epoch 18 loss 4.826005458831787
Epoch 19 loss 3.787950038909912
Epoch 20 loss 4.224690914154053
Epoch 21 loss 4.268696308135986
Epoch 22 loss 4.236525535583496
Epoch 23 loss 4.265655517578125
Epoch 24 loss 4.2578840255737305
Epoch 25 loss 3.5630645751953125
Epoch 26 loss 3.803323745727539
Epoch 27 loss 4.578023433685303
Epoch 28 loss 3.9378185272216797
Epoch 29 loss 4.252341270446777
Epoch 30 loss 4.297554969787598
Epoch 31 loss 3.68587589263916
Epoch 32 loss 4.163331508636475
Epoch 33 loss 4.678801536560059
Epoch 34 loss 4.367737770080566
Epoch 35 loss 3.8933935165405273
Epoch 36 loss 5.664263725280762
Epoch 37 loss 3.9712538719177246
Epoch 38 loss 3.8352279663085938
Epoch 39 loss 3.6142101287841797
Epoch 40 loss 4.017362117767334
Epoch 41 loss 5.295610427856445
Epoch 42 loss 3.5835530757904053
Epoch 43 loss 4.788476467132568
Epoch 44 loss 3.816756010055542
Epoch 45 loss 4.506580352783203
Epoch 46 loss 3.8169660568237305
Validation loss has not improved for 20 steps!
Early stopping applies.
Inner Fold 2 Results: {'MSE - mean': 4.208885471352388, 'MSE - std': 0.33852009128847893, 'R2 - mean': 0.5239412361858528, 'R2 - std': 0.015581017079022152}
  outer_1_inner Fold 3/5
Before Debugging -- Inner Fold 3
DEBUG Inner Fold 3: num_features: 8
DEBUG Inner Fold 3: num_classes: 1
DEBUG Inner Fold 3: cat_idx: [0]
DEBUG Inner Fold 3: nominal_idx: [0]
DEBUG Inner Fold 3: ordinal_idx: None
DEBUG Inner Fold 3: num_idx: None
DEBUG Inner Fold 3: cat_dims: [2]
DEBUG Inner Fold 3: bin_alt: None
~~~~~~~~~~~~~~~~~~~~~~~~~~~~~~~~~~~~~~~~~~~~~~~~~~~~~~~~~~~~~~~~~~~~~~~~~~~~~~~
BEFORE ANY ENCODING
num_features :8
num_classes : 1
cat_idx : [0]
nominal_idx : [0]
ordinal_idx : None
num_idx : None
cat_dims : [2]
bin_alt : None 


X_train shape : (1336, 8)
~~~~~~~~~~~~~~~~~~~~~~~~~~~~~~~~~~~~~~~~~~~~~~~~~~~~~~~~~~~~~~~~~~~~~~~~~~~~~~~
~~~~~~~~~~~~~~~~~~~~~~~~~~~~~~~~~~~~~~~~~~~~~~~~~~~~~~~~~~~~~~~~~~~~~~~~~~~~~~~
AFTER getting cat idx
Nominal Index : [0]
Ordinal Index : None
Cat Idx : [0]
Cat dims : [2]
~~~~~~~~~~~~~~~~~~~~~~~~~~~~~~~~~~~~~~~~~~~~~~~~~~~~~~~~~~~~~~~~~~~~~~~~~~~~~~~
BEFORE getting cat idx
Nominal Index : [0]
Ordinal Index : None
Cat Idx : [0]
Cat dims : []
~~~~~~~~~~~~~~~~~~~~~~~~~~~~~~~~~~~~~~~~~~~~~~~~~~~~~~~~~~~~~~~~~~~~~~~~~~~~~~~ 


AFTER SEPARATING CATEGORICALS AND NUMERICALS
Ordinal Index : None
Numerical Index V1 : [1, 2, 3, 4, 5, 6, 7]
Cat Idx V1 : [0] 
Cat Dims V1 : []
 

~~~~~~~~~~~~~~~~~~~~~~~~~~~~~~~~~~~~~~~~~~~~~~~~~~~~~~~~~~~~~~~~~~~~~~~~~~~~~~~ 


Scaling the data...
One Hot Encoding...
Ord : None, Nom : [0], Num : [1, 2, 3, 4, 5, 6, 7]
Num idx: [3, 4, 5, 6, 7, 8, 9]
Ord : None, Nom : [0, 1, 2], Num : [3, 4, 5, 6, 7, 8, 9]
Nominal : (3, 3)
~~~~~~~~~~~~~~~~~~~~~~~~~~~~~~~~~~~~~~~~~~~~~~~~~~~~~~~~~~~~~~~~~~~~~~~~~~~~~~~
After OHE
Numerical Index V2 : [3, 4, 5, 6, 7, 8, 9] 


OHE Idx : [0, 1, 2]


Ordinal Idx V2: None


Cat Dims V2 : []
Cat Idx V2 : [0] 
 

Train: [[0.0 1.0 0.0 -0.5528480306685334 -0.5563853940674705]
 [0.0 0.0 1.0 -2.877985939628958 -2.8728423263762894]
 [0.0 0.0 1.0 0.7342818832202727 0.6018430720869391]
 [0.0 1.0 0.0 -1.9645389039659342 -1.966402657211969]
 [0.0 0.0 1.0 0.23603804558589653 0.09826547810676114]
 [0.0 0.0 1.0 0.9003631624317318 0.8032741096790106]
 [0.0 1.0 0.0 0.19451772578303178 0.4004120344948683]
 [0.0 0.0 1.0 0.6927615634174079 0.7025585908829749]
 [0.0 1.0 0.0 -0.46980739106280434 -0.5563853940674705]
 [0.0 0.0 1.0 0.4851599644030842 0.5514853126889219]] 
 
 
Val : (1336, 10) 
 

~~~~~~~~~~~~~~~~~~~~~~~~~~~~~~~~~~~~~~~~~~~~~~~~~~~~~~~~~~~~~~~~~~~~~~~~~~~~~~~
Cat Idx V3 : [0, 1, 2] 
 

~~~~~~~~~~~~~~~~~~~~~~~~~~~~~~~~~~~~~~~~~~~~~~~~~~~~~~~~~~~~~~~~~~~~~~~~~~~~~~~
After ORDINAL
Numerical Index V2 : [3, 4, 5, 6, 7, 8, 9] 


OHE Idx : [0, 1, 2]


Ordinal Idx V2: None


Cat Dims V2 : [3, 3, 3]
Cat Idx V2 : [0, 1, 2] 
 

Train: [[0.0 1.0 0.0 -0.5528480306685334 -0.5563853940674705
  -0.03298078323935717 -0.7001947757099316 -0.6643187374708324
  -0.45903974015103993 -0.8912572131403684]
 [0.0 0.0 1.0 -2.877985939628958 -2.8728423263762894 -1.8991499016865805
  -1.6314371903504319 -1.574403317492152 -1.5810088090942997
  -1.6237008300823144]
 [0.0 0.0 1.0 0.7342818832202727 0.6018430720869391 0.4853995274404269
  0.5556464827159927 0.3466426875648986 0.3021392752496813
  0.6782648231638017]
 [0.0 1.0 0.0 -1.9645389039659342 -1.966402657211969 -1.58812171527871
  -1.482002966534581 -1.4252810248621528 -1.4446125693404133
  -1.4772121066939254]
 [0.0 0.0 1.0 0.23603804558589653 0.09826547810676114 0.07069527889659918
  0.04400745150543121 -0.26300433230480474 0.6365300565817902
  0.050456008642133454]
 [0.0 0.0 1.0 0.9003631624317318 0.8032741096790106 0.38172346530447
  0.5022064291659536 0.7304132935979852 0.011747280934955273
  0.7166309173845699]
 [0.0 1.0 0.0 0.19451772578303178 0.4004120344948683 -0.24033290751127104
  -0.08563415988447905 -0.13142583880774636 -0.3930415596249658
  -0.08905706125157048]
 [0.0 0.0 1.0 0.6927615634174079 0.7025585908829749 0.1743713410325561
  0.598200599431765 0.8619917870950431 0.7817260537391534
  0.14811515756772634]
 [0.0 1.0 0.0 -0.46980739106280434 -0.5563853940674705
  -0.5513610939191416 -0.8545771526322675 -0.8792302768493608
  -0.8902278529213907 -0.7238415292679237]
 [0.0 0.0 1.0 0.4851599644030842 0.5514853126889219 0.38172346530447
  0.21422391836851942 0.4036600347469572 0.44733527240704424
  0.15509081106241154]] 
 
 
Val : (1336, 10) 
 

FINISHED ENCODING
~~~~~~~~~~~~~~~~~~~~~~~~~~~~~~~~~~~~~~~~~~~~~~~~~~~~~~~~~~~~~~~~~~~~~~~~~~~~~~~


~~~~~~~~~~~~~~~~~~~~~~~~~~~~~~~~~~~~~~~~~~~~~~~~~~~~~~~~~~~~~~~~~~~~~~~~~~~~~~~
Test numpy array issues
X dtype: object
X Val dtype: object
X dtype: float32
X Val dtype: float32
After Debugging -- Inner Fold 3
DEBUG Inner Fold 3: num_features: 10
DEBUG Inner Fold 3: num_classes: 1
DEBUG Inner Fold 3: cat_idx: [0, 1, 2]
DEBUG Inner Fold 3: nominal_idx: [0, 1, 2]
DEBUG Inner Fold 3: ordinal_idx: None
DEBUG Inner Fold 3: num_idx: [3, 4, 5, 6, 7, 8, 9]
DEBUG Inner Fold 3: cat_dims: [3, 3, 3]
DEBUG Inner Fold 3: bin_alt: None
In get_device
Using dim 256 and batch size 32
**** Data b4 Fitting ****
Epoch 0 loss 6.4272565841674805
Epoch 1 loss 5.2334771156311035
Epoch 2 loss 5.153624534606934
Epoch 3 loss 5.490425109863281
Epoch 4 loss 4.936861515045166
Epoch 5 loss 4.847437858581543
Epoch 6 loss 4.5708489418029785
Epoch 7 loss 4.891374588012695
Epoch 8 loss 4.6819658279418945
Epoch 9 loss 4.497957229614258
Epoch 10 loss 4.394299507141113
Epoch 11 loss 5.164499282836914
Epoch 12 loss 5.676658630371094
Epoch 13 loss 4.13477087020874
Epoch 14 loss 4.283977031707764
Epoch 15 loss 7.034596920013428
Epoch 16 loss 5.952880859375
Epoch 17 loss 4.577170372009277
Epoch 18 loss 4.554477214813232
Epoch 19 loss 5.697783470153809
Epoch 20 loss 4.317333698272705
Epoch 21 loss 5.372056484222412
Epoch 22 loss 4.494222640991211
Epoch 23 loss 5.04003381729126
Epoch 24 loss 4.8186869621276855
Epoch 25 loss 5.290387153625488
Epoch 26 loss 5.3086466789245605
Epoch 27 loss 4.462565898895264
Epoch 28 loss 4.796617031097412
Epoch 29 loss 4.878105163574219
Epoch 30 loss 4.396427154541016
Epoch 31 loss 4.760200500488281
Epoch 32 loss 4.963192462921143
Epoch 33 loss 4.74092435836792
Epoch 34 loss 5.005287170410156
Validation loss has not improved for 20 steps!
Early stopping applies.
Inner Fold 3 Results: {'MSE - mean': 4.302603136480791, 'MSE - std': 0.3065342335175835, 'R2 - mean': 0.5345471223136222, 'R2 - std': 0.019667613901749217}
  outer_1_inner Fold 4/5
Before Debugging -- Inner Fold 4
DEBUG Inner Fold 4: num_features: 8
DEBUG Inner Fold 4: num_classes: 1
DEBUG Inner Fold 4: cat_idx: [0]
DEBUG Inner Fold 4: nominal_idx: [0]
DEBUG Inner Fold 4: ordinal_idx: None
DEBUG Inner Fold 4: num_idx: None
DEBUG Inner Fold 4: cat_dims: [2]
DEBUG Inner Fold 4: bin_alt: None
~~~~~~~~~~~~~~~~~~~~~~~~~~~~~~~~~~~~~~~~~~~~~~~~~~~~~~~~~~~~~~~~~~~~~~~~~~~~~~~
BEFORE ANY ENCODING
num_features :8
num_classes : 1
cat_idx : [0]
nominal_idx : [0]
ordinal_idx : None
num_idx : None
cat_dims : [2]
bin_alt : None 


X_train shape : (1336, 8)
~~~~~~~~~~~~~~~~~~~~~~~~~~~~~~~~~~~~~~~~~~~~~~~~~~~~~~~~~~~~~~~~~~~~~~~~~~~~~~~
~~~~~~~~~~~~~~~~~~~~~~~~~~~~~~~~~~~~~~~~~~~~~~~~~~~~~~~~~~~~~~~~~~~~~~~~~~~~~~~
AFTER getting cat idx
Nominal Index : [0]
Ordinal Index : None
Cat Idx : [0]
Cat dims : [2]
~~~~~~~~~~~~~~~~~~~~~~~~~~~~~~~~~~~~~~~~~~~~~~~~~~~~~~~~~~~~~~~~~~~~~~~~~~~~~~~
BEFORE getting cat idx
Nominal Index : [0]
Ordinal Index : None
Cat Idx : [0]
Cat dims : []
~~~~~~~~~~~~~~~~~~~~~~~~~~~~~~~~~~~~~~~~~~~~~~~~~~~~~~~~~~~~~~~~~~~~~~~~~~~~~~~ 


AFTER SEPARATING CATEGORICALS AND NUMERICALS
Ordinal Index : None
Numerical Index V1 : [1, 2, 3, 4, 5, 6, 7]
Cat Idx V1 : [0] 
Cat Dims V1 : []
 

~~~~~~~~~~~~~~~~~~~~~~~~~~~~~~~~~~~~~~~~~~~~~~~~~~~~~~~~~~~~~~~~~~~~~~~~~~~~~~~ 


Scaling the data...
One Hot Encoding...
Ord : None, Nom : [0], Num : [1, 2, 3, 4, 5, 6, 7]
Num idx: [3, 4, 5, 6, 7, 8, 9]
Ord : None, Nom : [0, 1, 2], Num : [3, 4, 5, 6, 7, 8, 9]
Nominal : (3, 3)
~~~~~~~~~~~~~~~~~~~~~~~~~~~~~~~~~~~~~~~~~~~~~~~~~~~~~~~~~~~~~~~~~~~~~~~~~~~~~~~
After OHE
Numerical Index V2 : [3, 4, 5, 6, 7, 8, 9] 


OHE Idx : [0, 1, 2]


Ordinal Idx V2: None


Cat Dims V2 : []
Cat Idx V2 : [0] 
 

Train: [[0.0 1.0 0.0 -0.5522541850757178 -0.556076602805594]
 [0.0 0.0 1.0 -2.8756781917464123 -2.872817413735062]
 [0.0 0.0 1.0 0.7339269614741306 0.60229380265914]
 [1.0 0.0 0.0 0.40200924623545975 0.3504741492972416]
 [0.0 1.0 0.0 -1.9629044748400681 -1.9662666616322266]
 [1.0 0.0 0.0 1.3562726775466376 1.1562970400553176]
 [0.0 0.0 1.0 0.2360503886161252 0.09865449593534266]
 [0.0 0.0 1.0 0.8998858190934661 0.8037495253486592]
 [1.0 0.0 0.0 0.4434989606402936 0.5519298719867608]
 [0.0 0.0 1.0 0.6924372470692968 0.7030216640038995]] 
 
 
Val : (1336, 10) 
 

~~~~~~~~~~~~~~~~~~~~~~~~~~~~~~~~~~~~~~~~~~~~~~~~~~~~~~~~~~~~~~~~~~~~~~~~~~~~~~~
Cat Idx V3 : [0, 1, 2] 
 

~~~~~~~~~~~~~~~~~~~~~~~~~~~~~~~~~~~~~~~~~~~~~~~~~~~~~~~~~~~~~~~~~~~~~~~~~~~~~~~
After ORDINAL
Numerical Index V2 : [3, 4, 5, 6, 7, 8, 9] 


OHE Idx : [0, 1, 2]


Ordinal Idx V2: None


Cat Dims V2 : [3, 3, 3]
Cat Idx V2 : [0, 1, 2] 
 

Train: [[0.0 1.0 0.0 -0.5522541850757178 -0.556076602805594
  -0.028956615652103477 -0.7007812839378216 -0.665238196823045
  -0.45965739162541763 -0.899686843700493]
 [0.0 0.0 1.0 -2.8756781917464123 -2.872817413735062 -1.8858864641902153
  -1.6366869199628655 -1.5755432384383614 -1.5861911645933064
  -1.6405901974199195]
 [0.0 0.0 1.0 0.7339269614741306 0.60229380265914 0.4868572311640385
  0.5613486332946764 0.34596812651348746 0.30461846219201283
  0.6879631999839929]
 [1.0 0.0 0.0 0.40200924623545975 0.3504741492972416 -0.132119385015332
  0.07400138392988223 0.058618824220459824 0.16324951813329722
  0.1234654066739534]
 [0.0 1.0 0.0 -1.9629044748400681 -1.9662666616322266 -1.57639815610053
  -1.4865044002606533 -1.426384821980912 -1.449240000036426
  -1.4924095266760342]
 [1.0 0.0 0.0 1.3562726775466376 1.1562970400553176 1.0026710779801806
  1.285407403779514 1.205822527268196 1.8154990518195344
  1.252460993294032]
 [0.0 0.0 1.0 0.2360503886161252 0.09865449593534266 0.07420615371112446
  0.047147555903658954 -0.26382657606255594 0.6403697043314621
  0.052903182510198425]
 [0.0 0.0 1.0 0.8998858190934661 0.8037495253486592 0.38369446180081
  0.5076409772422299 0.7298316982789825 0.01304501507091216
  0.7267724232740578]
 [1.0 0.0 0.0 0.4434989606402936 0.5519298719867608 0.07420615371112446
  0.2798807321309281 0.4490629143590774 0.26927622617733393
  0.052903182510198425]
 [0.0 0.0 1.0 0.6924372470692968 0.7030216640038995 0.17736892307435298
  0.6041158408919952 0.8614420657414376 0.7861564278920126
  0.1516902963394554]] 
 
 
Val : (1336, 10) 
 

FINISHED ENCODING
~~~~~~~~~~~~~~~~~~~~~~~~~~~~~~~~~~~~~~~~~~~~~~~~~~~~~~~~~~~~~~~~~~~~~~~~~~~~~~~


~~~~~~~~~~~~~~~~~~~~~~~~~~~~~~~~~~~~~~~~~~~~~~~~~~~~~~~~~~~~~~~~~~~~~~~~~~~~~~~
Test numpy array issues
X dtype: object
X Val dtype: object
X dtype: float32
X Val dtype: float32
After Debugging -- Inner Fold 4
DEBUG Inner Fold 4: num_features: 10
DEBUG Inner Fold 4: num_classes: 1
DEBUG Inner Fold 4: cat_idx: [0, 1, 2]
DEBUG Inner Fold 4: nominal_idx: [0, 1, 2]
DEBUG Inner Fold 4: ordinal_idx: None
DEBUG Inner Fold 4: num_idx: [3, 4, 5, 6, 7, 8, 9]
DEBUG Inner Fold 4: cat_dims: [3, 3, 3]
DEBUG Inner Fold 4: bin_alt: None
In get_device
Using dim 256 and batch size 32
**** Data b4 Fitting ****
Epoch 0 loss 7.232924938201904
Epoch 1 loss 6.208659648895264
Epoch 2 loss 5.600465297698975
Epoch 3 loss 5.292884349822998
Epoch 4 loss 4.610272407531738
Epoch 5 loss 5.568423748016357
Epoch 6 loss 4.203023910522461
Epoch 7 loss 4.849736213684082
Epoch 8 loss 4.446753025054932
Epoch 9 loss 4.063381195068359
Epoch 10 loss 3.9532546997070312
Epoch 11 loss 4.960756301879883
Epoch 12 loss 4.533641815185547
Epoch 13 loss 4.605456352233887
Epoch 14 loss 5.227907657623291
Epoch 15 loss 3.9985737800598145
Epoch 16 loss 4.452826023101807
Epoch 17 loss 4.359386444091797
Epoch 18 loss 4.035161018371582
Epoch 19 loss 4.697016716003418
Epoch 20 loss 5.119185447692871
Epoch 21 loss 4.248199939727783
Epoch 22 loss 4.345524311065674
Epoch 23 loss 3.717742443084717
Epoch 24 loss 4.550365447998047
Epoch 25 loss 4.136297702789307
Epoch 26 loss 4.696175575256348
Epoch 27 loss 4.278413772583008
Epoch 28 loss 4.5866546630859375
Epoch 29 loss 4.221620559692383
Epoch 30 loss 4.187233924865723
Epoch 31 loss 4.426251411437988
Epoch 32 loss 3.973937511444092
Epoch 33 loss 4.030313014984131
Epoch 34 loss 4.414549827575684
Epoch 35 loss 3.9124622344970703
Epoch 36 loss 3.622920513153076
Epoch 37 loss 4.7640509605407715
Epoch 38 loss 3.7750802040100098
Epoch 39 loss 4.158156394958496
Epoch 40 loss 4.03960657119751
Epoch 41 loss 4.408850193023682
Epoch 42 loss 4.344521522521973
Epoch 43 loss 3.9675707817077637
Epoch 44 loss 4.516682147979736
Epoch 45 loss 4.165988922119141
Epoch 46 loss 4.715803146362305
Epoch 47 loss 4.016901016235352
Epoch 48 loss 3.6763370037078857
Epoch 49 loss 4.2714715003967285
Epoch 50 loss 3.930391788482666
Epoch 51 loss 3.9079651832580566
Epoch 52 loss 3.8725812435150146
Epoch 53 loss 5.019258499145508
Epoch 54 loss 4.3800764083862305
Epoch 55 loss 4.192709922790527
Epoch 56 loss 5.602109432220459
Epoch 57 loss 3.889660358428955
Validation loss has not improved for 20 steps!
Early stopping applies.
Inner Fold 4 Results: {'MSE - mean': 4.201829388750644, 'MSE - std': 0.3177081552831106, 'R2 - mean': 0.551650652080695, 'R2 - std': 0.03417167641367093}
  outer_1_inner Fold 5/5
Before Debugging -- Inner Fold 5
DEBUG Inner Fold 5: num_features: 8
DEBUG Inner Fold 5: num_classes: 1
DEBUG Inner Fold 5: cat_idx: [0]
DEBUG Inner Fold 5: nominal_idx: [0]
DEBUG Inner Fold 5: ordinal_idx: None
DEBUG Inner Fold 5: num_idx: None
DEBUG Inner Fold 5: cat_dims: [2]
DEBUG Inner Fold 5: bin_alt: None
~~~~~~~~~~~~~~~~~~~~~~~~~~~~~~~~~~~~~~~~~~~~~~~~~~~~~~~~~~~~~~~~~~~~~~~~~~~~~~~
BEFORE ANY ENCODING
num_features :8
num_classes : 1
cat_idx : [0]
nominal_idx : [0]
ordinal_idx : None
num_idx : None
cat_dims : [2]
bin_alt : None 


X_train shape : (1336, 8)
~~~~~~~~~~~~~~~~~~~~~~~~~~~~~~~~~~~~~~~~~~~~~~~~~~~~~~~~~~~~~~~~~~~~~~~~~~~~~~~
~~~~~~~~~~~~~~~~~~~~~~~~~~~~~~~~~~~~~~~~~~~~~~~~~~~~~~~~~~~~~~~~~~~~~~~~~~~~~~~
AFTER getting cat idx
Nominal Index : [0]
Ordinal Index : None
Cat Idx : [0]
Cat dims : [2]
~~~~~~~~~~~~~~~~~~~~~~~~~~~~~~~~~~~~~~~~~~~~~~~~~~~~~~~~~~~~~~~~~~~~~~~~~~~~~~~
BEFORE getting cat idx
Nominal Index : [0]
Ordinal Index : None
Cat Idx : [0]
Cat dims : []
~~~~~~~~~~~~~~~~~~~~~~~~~~~~~~~~~~~~~~~~~~~~~~~~~~~~~~~~~~~~~~~~~~~~~~~~~~~~~~~ 


AFTER SEPARATING CATEGORICALS AND NUMERICALS
Ordinal Index : None
Numerical Index V1 : [1, 2, 3, 4, 5, 6, 7]
Cat Idx V1 : [0] 
Cat Dims V1 : []
 

~~~~~~~~~~~~~~~~~~~~~~~~~~~~~~~~~~~~~~~~~~~~~~~~~~~~~~~~~~~~~~~~~~~~~~~~~~~~~~~ 


Scaling the data...
One Hot Encoding...
Ord : None, Nom : [0], Num : [1, 2, 3, 4, 5, 6, 7]
Num idx: [3, 4, 5, 6, 7, 8, 9]
Ord : None, Nom : [0, 1, 2], Num : [3, 4, 5, 6, 7, 8, 9]
Nominal : (3, 3)
~~~~~~~~~~~~~~~~~~~~~~~~~~~~~~~~~~~~~~~~~~~~~~~~~~~~~~~~~~~~~~~~~~~~~~~~~~~~~~~
After OHE
Numerical Index V2 : [3, 4, 5, 6, 7, 8, 9] 


OHE Idx : [0, 1, 2]


Ordinal Idx V2: None


Cat Dims V2 : []
Cat Idx V2 : [0] 
 

Train: [[0.0 0.0 1.0 0.7221901884468261 0.5875481643340865]
 [1.0 0.0 0.0 0.38817449178666413 0.33403946146936003]
 [0.0 1.0 0.0 -1.9916873469169878 -1.9982406048861265]
 [1.0 0.0 0.0 1.3484696196846289 1.145267310636486]
 [0.0 0.0 1.0 0.8891980367769071 0.790355126625868]
 [1.0 0.0 0.0 0.4299264538691844 0.5368464237611417]
 [0.0 1.0 0.0 0.1794146813740638 0.38474120204230544]
 [0.0 0.0 1.0 0.6804382263643058 0.6889516454799772]
 [0.0 1.0 0.0 -0.4886167119462602 -0.5785918688436567]
 [0.0 0.0 1.0 0.4716784159517046 0.5368464237611417]] 
 
 
Val : (1336, 10) 
 

~~~~~~~~~~~~~~~~~~~~~~~~~~~~~~~~~~~~~~~~~~~~~~~~~~~~~~~~~~~~~~~~~~~~~~~~~~~~~~~
Cat Idx V3 : [0, 1, 2] 
 

~~~~~~~~~~~~~~~~~~~~~~~~~~~~~~~~~~~~~~~~~~~~~~~~~~~~~~~~~~~~~~~~~~~~~~~~~~~~~~~
After ORDINAL
Numerical Index V2 : [3, 4, 5, 6, 7, 8, 9] 


OHE Idx : [0, 1, 2]


Ordinal Idx V2: None


Cat Dims V2 : [3, 3, 3]
Cat Idx V2 : [0, 1, 2] 
 

Train: [[0.0 0.0 1.0 0.7221901884468261 0.5875481643340865 0.4781562669394656
  0.5528606642962021 0.32515487675955546 0.30144137525758
  0.698835219155435]
 [1.0 0.0 0.0 0.38817449178666413 0.33403946146936003
  -0.14467451560631842 0.06058674898647325 0.03790962447576763
  0.1579774418395072 0.11845005272576987]
 [0.0 1.0 0.0 -1.9916873469169878 -1.9982406048861265 -1.5979463415464814
  -1.515694420648149 -1.4465562976320518 -1.4784080487103841
  -1.5429024861791463]
 [1.0 0.0 0.0 1.3484696196846289 1.145267310636486 0.9971819190609522
  1.2842390527563712 1.184697921761424 1.8347121636632318
  1.2792203855850999]
 [0.0 0.0 1.0 0.8891980367769071 0.790355126625868 0.3743511365151682
  0.49861006954778314 0.7088794504211041 0.005547012582805113
  0.7387366993474741]
 [1.0 0.0 0.0 0.4299264538691844 0.5368464237611417 0.06293574524227588
  0.26854736218874664 0.42821233368579975 0.2655753919030618
  0.04590190692206168]
 [0.0 1.0 0.0 0.1794146813740638 0.38474120204230544 -0.24847964603061587
  -0.09814647268482707 -0.1528563064302593 -0.40691179599415367
  -0.0991943846853545]
 [0.0 0.0 1.0 0.6804382263643058 0.6889516454799772 0.1667408756665733
  0.5960602119662397 0.8404421613907775 0.7901153984628903
  0.14746931104725317]
 [0.0 1.0 0.0 -0.4886167119462602 -0.5785918688436567 -0.5598950373035079
  -0.878752252675969 -0.9005710471079054 -0.9135188108767228
  -0.7593825114990984]
 [0.0 0.0 1.0 0.4716784159517046 0.5368464237611417 0.3743511365151682
  0.2062596422924135 0.3821653848464141 0.4493885565949673
  0.15472412562762397]] 
 
 
Val : (1336, 10) 
 

FINISHED ENCODING
~~~~~~~~~~~~~~~~~~~~~~~~~~~~~~~~~~~~~~~~~~~~~~~~~~~~~~~~~~~~~~~~~~~~~~~~~~~~~~~


~~~~~~~~~~~~~~~~~~~~~~~~~~~~~~~~~~~~~~~~~~~~~~~~~~~~~~~~~~~~~~~~~~~~~~~~~~~~~~~
Test numpy array issues
X dtype: object
X Val dtype: object
X dtype: float32
X Val dtype: float32
After Debugging -- Inner Fold 5
DEBUG Inner Fold 5: num_features: 10
DEBUG Inner Fold 5: num_classes: 1
DEBUG Inner Fold 5: cat_idx: [0, 1, 2]
DEBUG Inner Fold 5: nominal_idx: [0, 1, 2]
DEBUG Inner Fold 5: ordinal_idx: None
DEBUG Inner Fold 5: num_idx: [3, 4, 5, 6, 7, 8, 9]
DEBUG Inner Fold 5: cat_dims: [3, 3, 3]
DEBUG Inner Fold 5: bin_alt: None
In get_device
Using dim 256 and batch size 32
**** Data b4 Fitting ****
Epoch 0 loss 7.715328216552734
Epoch 1 loss 6.762439727783203
Epoch 2 loss 6.150355339050293
Epoch 3 loss 6.786928176879883
Epoch 4 loss 5.482111930847168
Epoch 5 loss 5.718553066253662
Epoch 6 loss 6.633273601531982
Epoch 7 loss 6.0213141441345215
Epoch 8 loss 5.045677185058594
Epoch 9 loss 5.506002426147461
Epoch 10 loss 5.953500270843506
Epoch 11 loss 5.753664016723633
Epoch 12 loss 6.030919075012207
Epoch 13 loss 5.177173137664795
Epoch 14 loss 5.159168243408203
Epoch 15 loss 6.3367228507995605
Epoch 16 loss 5.9976725578308105
Epoch 17 loss 5.23175573348999
Epoch 18 loss 5.523247718811035
Epoch 19 loss 5.316598415374756
Epoch 20 loss 5.416624069213867
Epoch 21 loss 5.34868049621582
Epoch 22 loss 5.975257873535156
Epoch 23 loss 5.530060768127441
Epoch 24 loss 5.4112467765808105
Epoch 25 loss 5.933823585510254
Epoch 26 loss 5.383267402648926
Epoch 27 loss 5.6026611328125
Epoch 28 loss 4.832418441772461
Epoch 29 loss 5.324870586395264
Epoch 30 loss 5.159548759460449
Epoch 31 loss 4.994904041290283
Epoch 32 loss 5.976248741149902
Epoch 33 loss 5.0318379402160645
Epoch 34 loss 4.658288955688477
Epoch 35 loss 5.008123397827148
Epoch 36 loss 4.7598161697387695
Epoch 37 loss 5.073266983032227
Epoch 38 loss 5.529938697814941
Epoch 39 loss 5.27910041809082
Epoch 40 loss 4.964607238769531
Epoch 41 loss 5.023965835571289
Epoch 42 loss 5.008205413818359
Epoch 43 loss 6.931728363037109
Epoch 44 loss 5.548122406005859
Epoch 45 loss 5.844396114349365
Epoch 46 loss 5.215614318847656
Epoch 47 loss 5.188003063201904
Epoch 48 loss 5.277532577514648
Epoch 49 loss 6.150046348571777
Epoch 50 loss 4.941153526306152
Epoch 51 loss 5.067261695861816
Epoch 52 loss 5.4547247886657715
Epoch 53 loss 4.824765205383301
Epoch 54 loss 5.688326835632324
Epoch 55 loss 4.695904731750488
Validation loss has not improved for 20 steps!
Early stopping applies.
Inner Fold 5 Results: {'MSE - mean': 4.391171624951994, 'MSE - std': 0.4734476815717111, 'R2 - mean': 0.5616315087334219, 'R2 - std': 0.03650524309226886}
Trial Results B4 Saving: {'MSE - mean': 4.391171624951994, 'MSE - std': 0.4734476815717111, 'R2 - mean': 0.5616315087334219, 'R2 - std': 0.03650524309226886}
Score: 4.391171624951994
  outer_1_inner Fold 1/5
Before Debugging -- Inner Fold 1
DEBUG Inner Fold 1: num_features: 8
DEBUG Inner Fold 1: num_classes: 1
DEBUG Inner Fold 1: cat_idx: [0]
DEBUG Inner Fold 1: nominal_idx: [0]
DEBUG Inner Fold 1: ordinal_idx: None
DEBUG Inner Fold 1: num_idx: None
DEBUG Inner Fold 1: cat_dims: [2]
DEBUG Inner Fold 1: bin_alt: None
~~~~~~~~~~~~~~~~~~~~~~~~~~~~~~~~~~~~~~~~~~~~~~~~~~~~~~~~~~~~~~~~~~~~~~~~~~~~~~~
BEFORE ANY ENCODING
num_features :8
num_classes : 1
cat_idx : [0]
nominal_idx : [0]
ordinal_idx : None
num_idx : None
cat_dims : [2]
bin_alt : None 


X_train shape : (1336, 8)
~~~~~~~~~~~~~~~~~~~~~~~~~~~~~~~~~~~~~~~~~~~~~~~~~~~~~~~~~~~~~~~~~~~~~~~~~~~~~~~
~~~~~~~~~~~~~~~~~~~~~~~~~~~~~~~~~~~~~~~~~~~~~~~~~~~~~~~~~~~~~~~~~~~~~~~~~~~~~~~
AFTER getting cat idx
Nominal Index : [0]
Ordinal Index : None
Cat Idx : [0]
Cat dims : [2]
~~~~~~~~~~~~~~~~~~~~~~~~~~~~~~~~~~~~~~~~~~~~~~~~~~~~~~~~~~~~~~~~~~~~~~~~~~~~~~~
BEFORE getting cat idx
Nominal Index : [0]
Ordinal Index : None
Cat Idx : [0]
Cat dims : []
~~~~~~~~~~~~~~~~~~~~~~~~~~~~~~~~~~~~~~~~~~~~~~~~~~~~~~~~~~~~~~~~~~~~~~~~~~~~~~~ 


AFTER SEPARATING CATEGORICALS AND NUMERICALS
Ordinal Index : None
Numerical Index V1 : [1, 2, 3, 4, 5, 6, 7]
Cat Idx V1 : [0] 
Cat Dims V1 : []
 

~~~~~~~~~~~~~~~~~~~~~~~~~~~~~~~~~~~~~~~~~~~~~~~~~~~~~~~~~~~~~~~~~~~~~~~~~~~~~~~ 


Scaling the data...
One Hot Encoding...
Ord : None, Nom : [0], Num : [1, 2, 3, 4, 5, 6, 7]
Num idx: [3, 4, 5, 6, 7, 8, 9]
Ord : None, Nom : [0, 1, 2], Num : [3, 4, 5, 6, 7, 8, 9]
Nominal : (3, 3)
~~~~~~~~~~~~~~~~~~~~~~~~~~~~~~~~~~~~~~~~~~~~~~~~~~~~~~~~~~~~~~~~~~~~~~~~~~~~~~~
After OHE
Numerical Index V2 : [3, 4, 5, 6, 7, 8, 9] 


OHE Idx : [0, 1, 2]


Ordinal Idx V2: None


Cat Dims V2 : []
Cat Idx V2 : [0] 
 

Train: [[0.0 1.0 0.0 -0.5210135593039967 -0.5264236083441137]
 [0.0 0.0 1.0 -2.815853454093107 -2.8177961754094762]
 [1.0 0.0 0.0 0.42150996891295867 0.37020043963798493]
 [0.0 1.0 0.0 -1.914309209711671 -1.9211721274273779]
 [1.0 0.0 0.0 1.3640334971299144 1.1671995933998502]
 [0.0 0.0 1.0 0.25759283357088014 0.1211382040874018]
 [0.0 0.0 1.0 0.9132613749391969 0.818512463629034]
 [1.0 0.0 0.0 0.4624892527484785 0.5694502280784514]
 [0.0 1.0 0.0 0.2166135497353603 0.42001288674810155]
 [0.0 0.0 1.0 0.5034685365839984 0.5694502280784514]] 
 
 
Val : (1336, 10) 
 

~~~~~~~~~~~~~~~~~~~~~~~~~~~~~~~~~~~~~~~~~~~~~~~~~~~~~~~~~~~~~~~~~~~~~~~~~~~~~~~
Cat Idx V3 : [0, 1, 2] 
 

~~~~~~~~~~~~~~~~~~~~~~~~~~~~~~~~~~~~~~~~~~~~~~~~~~~~~~~~~~~~~~~~~~~~~~~~~~~~~~~
After ORDINAL
Numerical Index V2 : [3, 4, 5, 6, 7, 8, 9] 


OHE Idx : [0, 1, 2]


Ordinal Idx V2: None


Cat Dims V2 : [3, 3, 3]
Cat Idx V2 : [0, 1, 2] 
 

Train: [[0.0 1.0 0.0 -0.5210135593039967 -0.5264236083441137
  0.003160426666250289 -0.6861564486638813 -0.6556321434848429
  -0.44075853302523915 -0.8834611143629936]
 [0.0 0.0 1.0 -2.815853454093107 -2.8177961754094762 -1.896888085083021
  -1.6243889648840444 -1.5719358742359575 -1.5756766932967177
  -1.627846179579559]
 [1.0 0.0 0.0 0.42150996891295867 0.37020043963798493
  -0.10239782398648709 0.09055251003485096 0.07299491952206758
  0.1867844497131076 0.14449921379321556]
 [0.0 1.0 0.0 -1.914309209711671 -1.9211721274273779 -1.5802133331248092
  -1.473833056330118 -1.4217945400405942 -1.4377062502833224
  -1.4789691665362459]
 [1.0 0.0 0.0 1.3640334971299144 1.1671995933998502 1.058742933193623
  1.3049703684367198 1.227758416348171 1.851331084777943
  1.278800265551791]
 [0.0 0.0 1.0 0.25759283357088014 0.1211382040874018 0.10871867731898709
  0.06363191711461258 -0.25157531763555624 0.6674556705339693
  0.07360539805830453]
 [0.0 0.0 1.0 0.9132613749391969 0.818512463629034 0.4253934292771992
  0.5252702327468499 0.7486309234012029 0.03546202834357723
  0.7506413383267042]
 [1.0 0.0 0.0 0.4624892527484785 0.5694502280784514 0.10871867731898709
  0.296943722423346 0.46601194138640095 0.293600276562188
  0.07360539805830453]
 [0.0 1.0 0.0 0.2166135497353603 0.42001288674810155 -0.20795607463922447
  -0.06698281149839631 -0.11909766981611783 -0.3739986412445639
  -0.06818223341151734]
 [0.0 0.0 1.0 0.5034685365839984 0.5694502280784514 0.4253934292771992
  0.23512606460650204 0.41964476464959777 0.4760773140960335
  0.1799461216606711]] 
 
 
Val : (1336, 10) 
 

FINISHED ENCODING
~~~~~~~~~~~~~~~~~~~~~~~~~~~~~~~~~~~~~~~~~~~~~~~~~~~~~~~~~~~~~~~~~~~~~~~~~~~~~~~


~~~~~~~~~~~~~~~~~~~~~~~~~~~~~~~~~~~~~~~~~~~~~~~~~~~~~~~~~~~~~~~~~~~~~~~~~~~~~~~
Test numpy array issues
X dtype: object
X Val dtype: object
X dtype: float32
X Val dtype: float32
After Debugging -- Inner Fold 1
DEBUG Inner Fold 1: num_features: 10
DEBUG Inner Fold 1: num_classes: 1
DEBUG Inner Fold 1: cat_idx: [0, 1, 2]
DEBUG Inner Fold 1: nominal_idx: [0, 1, 2]
DEBUG Inner Fold 1: ordinal_idx: None
DEBUG Inner Fold 1: num_idx: [3, 4, 5, 6, 7, 8, 9]
DEBUG Inner Fold 1: cat_dims: [3, 3, 3]
DEBUG Inner Fold 1: bin_alt: None
In get_device
Using dim 256 and batch size 32
**** Data b4 Fitting ****


----------------------------------------------------------------------------
Training SAINT Vesion 1 with Dataset: config/house_sales.yml 



----------------------------------------------------------------------------
Running Mode: Nested CV with Hyperparameter Optimization
Arguements: Namespace(batch_size=32, bin_alt=None, cat_dims=[2], cat_idx=[0], class_comp=False, config='config/house_sales.yml', data_parallel=False, dataset='House_Sales', direction='minimize', dropna_idx=[0], early_stopping_rounds=20, epochs=100, frequency_reg=False, gpu_ids=[0, 1], logging_period=100, miss_cat_idx=None, miss_num_idx=None, model_name='SAINT', n_trials=5, nominal_idx=[14], num_bins=10, num_classes=1, num_features=21, num_idx=None, num_splits=5, objective='regression', one_hot_encode=True, optimize_hyperparameters=True, ordinal_encode=False, ordinal_idx=None, outer_splits=2, save_results=False, scale=True, seed=221, shuffle=True, target_encode=False, use_gpu=True, val_batch_size=64, weighted_loss=False, y_distribution='skewed')
--- Running Nested Cross-Validation with Hyperparameter Optimization ---
Loading dataset House_Sales...
Dataset loaded! 

(21613, 21)
--- Starting Nested Cross-Validation (2 Outer Folds, 5 Inner Folds) ---
Hyperparameter Optimization per Outer Fold: True

--- Outer Fold 1/2 ---
Starting Hyperparameter Optimization for Outer Fold 1...
  outer_1_inner Fold 1/5
Before Debugging -- Inner Fold 1
DEBUG Inner Fold 1: num_features: 21
DEBUG Inner Fold 1: num_classes: 1
DEBUG Inner Fold 1: cat_idx: [0]
DEBUG Inner Fold 1: nominal_idx: [13]
DEBUG Inner Fold 1: ordinal_idx: None
DEBUG Inner Fold 1: num_idx: None
DEBUG Inner Fold 1: cat_dims: [2]
DEBUG Inner Fold 1: bin_alt: None
~~~~~~~~~~~~~~~~~~~~~~~~~~~~~~~~~~~~~~~~~~~~~~~~~~~~~~~~~~~~~~~~~~~~~~~~~~~~~~~
BEFORE ANY ENCODING
num_features :21
num_classes : 1
cat_idx : [0]
nominal_idx : [13]
ordinal_idx : None
num_idx : None
cat_dims : [2]
bin_alt : None 


X_train shape : (6915, 21)
~~~~~~~~~~~~~~~~~~~~~~~~~~~~~~~~~~~~~~~~~~~~~~~~~~~~~~~~~~~~~~~~~~~~~~~~~~~~~~~
~~~~~~~~~~~~~~~~~~~~~~~~~~~~~~~~~~~~~~~~~~~~~~~~~~~~~~~~~~~~~~~~~~~~~~~~~~~~~~~
AFTER getting cat idx
Nominal Index : [13]
Ordinal Index : None
Cat Idx : [0]
Cat dims : [2]
~~~~~~~~~~~~~~~~~~~~~~~~~~~~~~~~~~~~~~~~~~~~~~~~~~~~~~~~~~~~~~~~~~~~~~~~~~~~~~~
BEFORE getting cat idx
Nominal Index : [13]
Ordinal Index : None
Cat Idx : [13]
Cat dims : []
~~~~~~~~~~~~~~~~~~~~~~~~~~~~~~~~~~~~~~~~~~~~~~~~~~~~~~~~~~~~~~~~~~~~~~~~~~~~~~~ 


AFTER SEPARATING CATEGORICALS AND NUMERICALS
Ordinal Index : None
Numerical Index V1 : [0, 1, 2, 3, 4, 5, 6, 7, 8, 9, 10, 11, 12, 14, 15, 16, 17, 18, 19, 20]
Cat Idx V1 : [13] 
Cat Dims V1 : []
 

~~~~~~~~~~~~~~~~~~~~~~~~~~~~~~~~~~~~~~~~~~~~~~~~~~~~~~~~~~~~~~~~~~~~~~~~~~~~~~~ 


Scaling the data...
One Hot Encoding...
Ord : None, Nom : [13], Num : [0, 1, 2, 3, 4, 5, 6, 7, 8, 9, 10, 11, 12, 14, 15, 16, 17, 18, 19, 20]
Num idx: [70, 71, 72, 73, 74, 75, 76, 77, 78, 79, 80, 81, 82, 83, 84, 85, 86, 87, 88, 89]
Ord : None, Nom : [0, 1, 2, 3, 4, 5, 6, 7, 8, 9, 10, 11, 12, 13, 14, 15, 16, 17, 18, 19, 20, 21, 22, 23, 24, 25, 26, 27, 28, 29, 30, 31, 32, 33, 34, 35, 36, 37, 38, 39, 40, 41, 42, 43, 44, 45, 46, 47, 48, 49, 50, 51, 52, 53, 54, 55, 56, 57, 58, 59, 60, 61, 62, 63, 64, 65, 66, 67, 68, 69], Num : [70, 71, 72, 73, 74, 75, 76, 77, 78, 79, 80, 81, 82, 83, 84, 85, 86, 87, 88, 89]
Nominal : (70, 70)
~~~~~~~~~~~~~~~~~~~~~~~~~~~~~~~~~~~~~~~~~~~~~~~~~~~~~~~~~~~~~~~~~~~~~~~~~~~~~~~
After OHE
Numerical Index V2 : [70, 71, 72, 73, 74, 75, 76, 77, 78, 79, 80, 81, 82, 83, 84, 85, 86, 87, 88, 89] 


OHE Idx : [0, 1, 2, 3, 4, 5, 6, 7, 8, 9, 10, 11, 12, 13, 14, 15, 16, 17, 18, 19, 20, 21, 22, 23, 24, 25, 26, 27, 28, 29, 30, 31, 32, 33, 34, 35, 36, 37, 38, 39, 40, 41, 42, 43, 44, 45, 46, 47, 48, 49, 50, 51, 52, 53, 54, 55, 56, 57, 58, 59, 60, 61, 62, 63, 64, 65, 66, 67, 68, 69]


Ordinal Idx V2: None


Cat Dims V2 : []
Cat Idx V2 : [13] 
 

Train: [[0. 0. 0. 0. 0.]
 [0. 0. 0. 0. 0.]
 [0. 0. 0. 0. 0.]
 [0. 0. 0. 0. 0.]
 [0. 0. 0. 0. 0.]
 [0. 0. 0. 0. 0.]
 [0. 0. 0. 0. 0.]
 [0. 0. 0. 0. 0.]
 [0. 0. 0. 0. 0.]
 [0. 0. 0. 0. 0.]] 
 
 
Val : (6915, 90) 
 

~~~~~~~~~~~~~~~~~~~~~~~~~~~~~~~~~~~~~~~~~~~~~~~~~~~~~~~~~~~~~~~~~~~~~~~~~~~~~~~
Cat Idx V3 : [0, 1, 2, 3, 4, 5, 6, 7, 8, 9, 10, 11, 12, 13, 14, 15, 16, 17, 18, 19, 20, 21, 22, 23, 24, 25, 26, 27, 28, 29, 30, 31, 32, 33, 34, 35, 36, 37, 38, 39, 40, 41, 42, 43, 44, 45, 46, 47, 48, 49, 50, 51, 52, 53, 54, 55, 56, 57, 58, 59, 60, 61, 62, 63, 64, 65, 66, 67, 68, 69] 
 

~~~~~~~~~~~~~~~~~~~~~~~~~~~~~~~~~~~~~~~~~~~~~~~~~~~~~~~~~~~~~~~~~~~~~~~~~~~~~~~
After ORDINAL
Numerical Index V2 : [70, 71, 72, 73, 74, 75, 76, 77, 78, 79, 80, 81, 82, 83, 84, 85, 86, 87, 88, 89] 


OHE Idx : [0, 1, 2, 3, 4, 5, 6, 7, 8, 9, 10, 11, 12, 13, 14, 15, 16, 17, 18, 19, 20, 21, 22, 23, 24, 25, 26, 27, 28, 29, 30, 31, 32, 33, 34, 35, 36, 37, 38, 39, 40, 41, 42, 43, 44, 45, 46, 47, 48, 49, 50, 51, 52, 53, 54, 55, 56, 57, 58, 59, 60, 61, 62, 63, 64, 65, 66, 67, 68, 69]


Ordinal Idx V2: None


Cat Dims V2 : [3, 3, 3, 3, 3, 3, 3, 3, 3, 3, 3, 3, 3, 3, 3, 3, 3, 3, 3, 3, 3, 3, 3, 3, 3, 3, 3, 3, 3, 3, 3, 3, 3, 3, 3, 3, 3, 3, 3, 3, 3, 3, 3, 3, 3, 3, 3, 3, 3, 3, 3, 3, 3, 3, 3, 3, 3, 3, 3, 3, 3, 3, 3, 3, 3, 3, 3, 3, 3, 3]
Cat Idx V2 : [0, 1, 2, 3, 4, 5, 6, 7, 8, 9, 10, 11, 12, 13, 14, 15, 16, 17, 18, 19, 20, 21, 22, 23, 24, 25, 26, 27, 28, 29, 30, 31, 32, 33, 34, 35, 36, 37, 38, 39, 40, 41, 42, 43, 44, 45, 46, 47, 48, 49, 50, 51, 52, 53, 54, 55, 56, 57, 58, 59, 60, 61, 62, 63, 64, 65, 66, 67, 68, 69] 
 

Train: [[ 0.          0.          0.          0.          0.          0.
   0.          0.          0.          0.          0.          0.
   0.          0.          0.          0.          0.          0.
   0.          0.          0.          0.          0.          0.
   0.          0.          0.          0.          0.          0.
   0.          0.          0.          0.          0.          0.
   0.          0.          0.          0.          0.          0.
   0.          0.          0.          0.          0.          0.
   0.          0.          0.          0.          0.          0.
   0.          0.          0.          0.          0.          0.
   0.          0.          0.          0.          0.          0.
   0.          1.          0.          0.         -0.40800336 -1.4636497
  -1.11809154 -0.11706556 -0.91278871 -0.08871625 -0.30792431  0.89609687
  -0.55947538 -0.88644539 -0.66037967 -0.46688419 -0.22206866 -0.82049994
  -0.49905598 -1.25350496 -0.07103198  1.4437104  -1.14017854  0.84623769]
 [ 0.          0.          0.          0.          0.          0.
   0.          0.          0.          0.          0.          0.
   0.          0.          0.          0.          0.          0.
   0.          0.          0.          0.          0.          0.
   0.          0.          0.          0.          0.          0.
   0.          0.          0.          0.          0.          0.
   0.          0.          0.          0.          0.          0.
   0.          0.          0.          0.          0.          0.
   0.          1.          0.          0.          0.          0.
   0.          0.          0.          0.          0.          0.
   0.          0.          0.          0.          0.          0.
   0.          0.          0.          0.         -1.52404102 -0.47894358
  -0.75385093 -0.19060721 -0.91278871 -0.08871625 -0.30792431 -0.63390556
  -1.41920255 -1.30382134  0.8607375  -1.01119377 -0.22206866  0.9630068
  -0.67790582 -1.56199562 -0.22955533  1.4437104  -0.50063161  0.96120524]
 [ 0.          0.          0.          0.          0.          0.
   0.          0.          0.          0.          0.          0.
   1.          0.          0.          0.          0.          0.
   0.          0.          0.          0.          0.          0.
   0.          0.          0.          0.          0.          0.
   0.          0.          0.          0.          0.          0.
   0.          0.          0.          0.          0.          0.
   0.          0.          0.          0.          0.          0.
   0.          0.          0.          0.          0.          0.
   0.          0.          0.          0.          0.          0.
   0.          0.          0.          0.          0.          0.
   0.          0.          0.          0.          0.70803431  0.50576253
  -0.16885843 -0.14934363  0.94420862 -0.08871625  2.27304128  0.89609687
  -0.55947538  0.16927026 -0.66037967  0.7918317  -0.22206866 -2.61982812
   1.46829229 -0.23989278 -0.15114818 -0.69265969  0.13891533 -0.87827565]
 [ 0.          0.          0.          0.          0.          0.
   0.          0.          0.          0.          0.          0.
   0.          0.          0.          0.          0.          0.
   0.          0.          0.          0.          0.          0.
   0.          0.          0.          0.          0.          0.
   0.          0.          0.          0.          0.          0.
   0.          0.          0.          0.          0.          0.
   0.          0.          0.          0.          0.          0.
   0.          0.          0.          0.          0.          0.
   0.          1.          0.          0.          0.          0.
   0.          0.          0.          0.          0.          0.
   0.          0.          0.          0.         -1.52404102 -1.4636497
  -1.28365545 -0.16995361 -0.91278871 -0.08871625 -0.30792431 -0.63390556
  -1.41920255 -1.07058184 -0.66037967 -1.18129051 -0.22206866  1.26361399
  -0.65644384 -0.98908439 -0.22104494 -0.69265969  0.4586888   1.19114036]
 [ 0.          0.          0.          0.          0.          0.
   0.          0.          0.          0.          0.          0.
   0.          0.          0.          0.          0.          0.
   0.          0.          0.          0.          0.          0.
   0.          0.          0.          0.          0.          0.
   0.          0.          0.          0.          0.          0.
   0.          0.          0.          0.          0.          0.
   1.          0.          0.          0.          0.          0.
   0.          0.          0.          0.          0.          0.
   0.          0.          0.          0.          0.          0.
   0.          0.          0.          0.          0.          0.
   0.          0.          0.          0.          0.70803431  2.14693938
  -0.10263287 -0.24676669  0.94420862 -0.08871625 -0.30792431 -0.63390556
   1.15997896  0.24292484 -0.66037967  1.30212192 -0.22206866  0.95365777
  -1.02129752 -0.73935385 -0.31814704 -0.69265969  0.13891533  1.76597814]
 [ 0.          0.          0.          0.          0.          0.
   0.          0.          0.          0.          0.          0.
   0.          0.          0.          0.          0.          0.
   0.          0.          0.          0.          0.          0.
   0.          0.          0.          0.          0.          0.
   1.          0.          0.          0.          0.          0.
   0.          0.          0.          0.          0.          0.
   0.          0.          0.          0.          0.          0.
   0.          0.          0.          0.          0.          0.
   0.          0.          0.          0.          0.          0.
   0.          0.          0.          0.          0.          0.
   0.          0.          0.          0.         -0.40800336  0.50576253
  -0.16885843 -0.13586536  0.94420862 -0.08871625 -0.30792431 -0.63390556
   0.30025179  0.16927026 -0.66037967  0.58771561 -0.22206866 -0.54434406
  -0.12704831 -0.07830244 -0.19914117 -0.69265969 -0.50063161 -0.9932432 ]
 [ 0.          0.          0.          0.          0.          0.
   0.          0.          0.          0.          0.          0.
   0.          0.          0.          0.          0.          0.
   0.          0.          0.          0.          0.          0.
   0.          0.          0.          0.          0.          0.
   0.          0.          0.          0.          0.          0.
   0.          0.          0.          0.          0.          0.
   0.          0.          0.          0.          0.          0.
   0.          1.          0.          0.          0.          0.
   0.          0.          0.          0.          0.          0.
   0.          0.          0.          0.          0.          0.
   0.          0.          0.          0.         -1.52404102 -0.80717896
  -0.67658777 -0.21176243  0.01570996 -0.08871625 -0.30792431 -0.63390556
  -0.55947538 -0.39541485 -0.66037967 -1.99775487 -0.22206866  0.90835095
  -0.7065218  -0.29865291 -0.31954218  1.4437104  -1.77972547  1.42107547]
 [ 0.          0.          0.          0.          0.          0.
   0.          0.          0.          0.          0.          0.
   0.          0.          0.          0.          0.          0.
   0.          0.          0.          0.          0.          0.
   0.          0.          0.          0.          0.          0.
   0.          0.          0.          0.          0.          0.
   0.          0.          0.          0.          0.          0.
   0.          0.          0.          0.          0.          0.
   0.          0.          0.          0.          0.          0.
   0.          0.          0.          0.          0.          0.
   0.          0.          0.          0.          0.          0.
   0.          0.          1.          0.         -1.52404102 -1.4636497
  -1.22846748 -0.18341008 -0.91278871 -0.08871625 -0.30792431 -0.63390556
  -3.13865689 -1.00920302 -0.66037967 -1.79363878 -0.22206866 -1.23041883
  -0.67075183 -0.19582269 -0.16886652  1.4437104  -0.82040507 -0.87827565]
 [ 0.          0.          0.          0.          0.          0.
   0.          0.          0.          0.          0.          0.
   0.          0.          0.          0.          0.          0.
   0.          0.          0.          0.          0.          0.
   0.          0.          0.          0.          0.          0.
   0.          0.          0.          0.          0.          0.
   0.          0.          0.          0.          0.          0.
   0.          0.          0.          0.          0.          0.
   0.          0.          0.          0.          0.          0.
   0.          0.          0.          1.          0.          0.
   0.          0.          0.          0.          0.          0.
   0.          0.          0.          0.         -0.40800336 -0.15070821
  -0.31234716 -0.18777198 -0.91278871 -0.08871625 -0.30792431  0.89609687
  -0.55947538 -0.66548165  0.5882986  -0.22874876 -0.22206866  1.22621788
  -0.89967963 -0.75404388 -0.21490631  1.4437104  -1.14017854  0.0414648 ]
 [ 0.          0.          0.          0.          0.          0.
   0.          0.          0.          0.          0.          0.
   0.          0.          0.          0.          0.          0.
   0.          0.          0.          0.          0.          0.
   0.          0.          0.          0.          0.          0.
   0.          0.          0.          0.          0.          0.
   0.          0.          0.          0.          0.          0.
   0.          0.          0.          0.          0.          0.
   0.          0.          0.          0.          0.          0.
   0.          0.          0.          0.          0.          0.
   0.          0.          1.          0.          0.          0.
   0.          0.          0.          0.         -0.40800336 -0.47894358
  -0.6103622  -0.06821227 -0.91278871 -0.08871625 -0.30792431 -0.63390556
   0.30025179 -0.69003317  0.02071757  0.24752212 -0.22206866  1.39593868
  -0.61351988 -0.18113266  0.01878048 -0.69265969  0.13891533  0.0414648 ]] 
 
 
Val : (6915, 90) 
 

FINISHED ENCODING
~~~~~~~~~~~~~~~~~~~~~~~~~~~~~~~~~~~~~~~~~~~~~~~~~~~~~~~~~~~~~~~~~~~~~~~~~~~~~~~


~~~~~~~~~~~~~~~~~~~~~~~~~~~~~~~~~~~~~~~~~~~~~~~~~~~~~~~~~~~~~~~~~~~~~~~~~~~~~~~
Test numpy array issues
X dtype: float64
X Val dtype: float64
X dtype: float32
X Val dtype: float32
After Debugging -- Inner Fold 1
DEBUG Inner Fold 1: num_features: 90
DEBUG Inner Fold 1: num_classes: 1
DEBUG Inner Fold 1: cat_idx: [0, 1, 2, 3, 4, 5, 6, 7, 8, 9, 10, 11, 12, 13, 14, 15, 16, 17, 18, 19, 20, 21, 22, 23, 24, 25, 26, 27, 28, 29, 30, 31, 32, 33, 34, 35, 36, 37, 38, 39, 40, 41, 42, 43, 44, 45, 46, 47, 48, 49, 50, 51, 52, 53, 54, 55, 56, 57, 58, 59, 60, 61, 62, 63, 64, 65, 66, 67, 68, 69]
DEBUG Inner Fold 1: nominal_idx: [0, 1, 2, 3, 4, 5, 6, 7, 8, 9, 10, 11, 12, 13, 14, 15, 16, 17, 18, 19, 20, 21, 22, 23, 24, 25, 26, 27, 28, 29, 30, 31, 32, 33, 34, 35, 36, 37, 38, 39, 40, 41, 42, 43, 44, 45, 46, 47, 48, 49, 50, 51, 52, 53, 54, 55, 56, 57, 58, 59, 60, 61, 62, 63, 64, 65, 66, 67, 68, 69]
DEBUG Inner Fold 1: ordinal_idx: None
DEBUG Inner Fold 1: num_idx: [70, 71, 72, 73, 74, 75, 76, 77, 78, 79, 80, 81, 82, 83, 84, 85, 86, 87, 88, 89]
DEBUG Inner Fold 1: cat_dims: [3, 3, 3, 3, 3, 3, 3, 3, 3, 3, 3, 3, 3, 3, 3, 3, 3, 3, 3, 3, 3, 3, 3, 3, 3, 3, 3, 3, 3, 3, 3, 3, 3, 3, 3, 3, 3, 3, 3, 3, 3, 3, 3, 3, 3, 3, 3, 3, 3, 3, 3, 3, 3, 3, 3, 3, 3, 3, 3, 3, 3, 3, 3, 3, 3, 3, 3, 3, 3, 3]
DEBUG Inner Fold 1: bin_alt: None
In get_device
Using dim 8 and batch size 64
**** Data b4 Fitting ****
Epoch 0 loss 477283745792.0
Epoch 1 loss 468011646976.0
Epoch 2 loss 417728266240.0
Epoch 3 loss 301945061376.0
Epoch 4 loss 192601964544.0
Epoch 5 loss 173990297600.0
Epoch 6 loss 374497280000.0
Epoch 7 loss 200586919936.0
Epoch 8 loss 174247837696.0
Epoch 9 loss 173702070272.0
Epoch 10 loss 176704372736.0
Epoch 11 loss 173472956416.0
Epoch 12 loss 179535675392.0
Epoch 13 loss 182533013504.0
Epoch 14 loss 246209003520.0
Epoch 15 loss 174778941440.0
Epoch 16 loss 174149926912.0
Epoch 17 loss 173488046080.0
Epoch 18 loss 177222959104.0
Epoch 19 loss 174283980800.0
Epoch 20 loss 1669142937600.0
Epoch 21 loss 174091042816.0
Epoch 22 loss 174210990080.0
Epoch 23 loss 173340491776.0
Epoch 24 loss 176609132544.0
Epoch 25 loss 177365909504.0
Epoch 26 loss 175737831424.0
Epoch 27 loss 176617816064.0
Epoch 28 loss 173423116288.0
Epoch 29 loss 174016249856.0
Epoch 30 loss 173483311104.0
Epoch 31 loss 174518730752.0
Epoch 32 loss 175493726208.0
Epoch 33 loss 173529579520.0
Epoch 34 loss 174012137472.0
Epoch 35 loss 178361843712.0
Epoch 36 loss 174412857344.0
Epoch 37 loss 173803077632.0
Epoch 38 loss 182983278592.0
Epoch 39 loss 174408171520.0
Epoch 40 loss 177496702976.0
Epoch 41 loss 175631319040.0
Epoch 42 loss 179684065280.0
Epoch 43 loss 173928120320.0
Epoch 44 loss 173573881856.0
Validation loss has not improved for 20 steps!
Early stopping applies.
Inner Fold 1 Results: {'MSE - mean': 179632060274.4632, 'MSE - std': 0.0, 'R2 - mean': -0.00033978164335235483, 'R2 - std': 0.0}
  outer_1_inner Fold 2/5
Before Debugging -- Inner Fold 2
DEBUG Inner Fold 2: num_features: 21
DEBUG Inner Fold 2: num_classes: 1
DEBUG Inner Fold 2: cat_idx: [0]
DEBUG Inner Fold 2: nominal_idx: [13]
DEBUG Inner Fold 2: ordinal_idx: None
DEBUG Inner Fold 2: num_idx: None
DEBUG Inner Fold 2: cat_dims: [2]
DEBUG Inner Fold 2: bin_alt: None
~~~~~~~~~~~~~~~~~~~~~~~~~~~~~~~~~~~~~~~~~~~~~~~~~~~~~~~~~~~~~~~~~~~~~~~~~~~~~~~
BEFORE ANY ENCODING
num_features :21
num_classes : 1
cat_idx : [0]
nominal_idx : [13]
ordinal_idx : None
num_idx : None
cat_dims : [2]
bin_alt : None 


X_train shape : (6915, 21)
~~~~~~~~~~~~~~~~~~~~~~~~~~~~~~~~~~~~~~~~~~~~~~~~~~~~~~~~~~~~~~~~~~~~~~~~~~~~~~~
~~~~~~~~~~~~~~~~~~~~~~~~~~~~~~~~~~~~~~~~~~~~~~~~~~~~~~~~~~~~~~~~~~~~~~~~~~~~~~~
AFTER getting cat idx
Nominal Index : [13]
Ordinal Index : None
Cat Idx : [0]
Cat dims : [2]
~~~~~~~~~~~~~~~~~~~~~~~~~~~~~~~~~~~~~~~~~~~~~~~~~~~~~~~~~~~~~~~~~~~~~~~~~~~~~~~
BEFORE getting cat idx
Nominal Index : [13]
Ordinal Index : None
Cat Idx : [13]
Cat dims : []
~~~~~~~~~~~~~~~~~~~~~~~~~~~~~~~~~~~~~~~~~~~~~~~~~~~~~~~~~~~~~~~~~~~~~~~~~~~~~~~ 


AFTER SEPARATING CATEGORICALS AND NUMERICALS
Ordinal Index : None
Numerical Index V1 : [0, 1, 2, 3, 4, 5, 6, 7, 8, 9, 10, 11, 12, 14, 15, 16, 17, 18, 19, 20]
Cat Idx V1 : [13] 
Cat Dims V1 : []
 

~~~~~~~~~~~~~~~~~~~~~~~~~~~~~~~~~~~~~~~~~~~~~~~~~~~~~~~~~~~~~~~~~~~~~~~~~~~~~~~ 


Scaling the data...
One Hot Encoding...
Ord : None, Nom : [13], Num : [0, 1, 2, 3, 4, 5, 6, 7, 8, 9, 10, 11, 12, 14, 15, 16, 17, 18, 19, 20]
Num idx: [70, 71, 72, 73, 74, 75, 76, 77, 78, 79, 80, 81, 82, 83, 84, 85, 86, 87, 88, 89]
Ord : None, Nom : [0, 1, 2, 3, 4, 5, 6, 7, 8, 9, 10, 11, 12, 13, 14, 15, 16, 17, 18, 19, 20, 21, 22, 23, 24, 25, 26, 27, 28, 29, 30, 31, 32, 33, 34, 35, 36, 37, 38, 39, 40, 41, 42, 43, 44, 45, 46, 47, 48, 49, 50, 51, 52, 53, 54, 55, 56, 57, 58, 59, 60, 61, 62, 63, 64, 65, 66, 67, 68, 69], Num : [70, 71, 72, 73, 74, 75, 76, 77, 78, 79, 80, 81, 82, 83, 84, 85, 86, 87, 88, 89]
Nominal : (70, 70)
~~~~~~~~~~~~~~~~~~~~~~~~~~~~~~~~~~~~~~~~~~~~~~~~~~~~~~~~~~~~~~~~~~~~~~~~~~~~~~~
After OHE
Numerical Index V2 : [70, 71, 72, 73, 74, 75, 76, 77, 78, 79, 80, 81, 82, 83, 84, 85, 86, 87, 88, 89] 


OHE Idx : [0, 1, 2, 3, 4, 5, 6, 7, 8, 9, 10, 11, 12, 13, 14, 15, 16, 17, 18, 19, 20, 21, 22, 23, 24, 25, 26, 27, 28, 29, 30, 31, 32, 33, 34, 35, 36, 37, 38, 39, 40, 41, 42, 43, 44, 45, 46, 47, 48, 49, 50, 51, 52, 53, 54, 55, 56, 57, 58, 59, 60, 61, 62, 63, 64, 65, 66, 67, 68, 69]


Ordinal Idx V2: None


Cat Dims V2 : []
Cat Idx V2 : [13] 
 

Train: [[0. 0. 0. 0. 0.]
 [0. 0. 0. 0. 0.]
 [0. 0. 0. 0. 0.]
 [0. 0. 0. 0. 0.]
 [0. 0. 0. 0. 0.]
 [0. 0. 0. 0. 0.]
 [0. 0. 0. 0. 0.]
 [0. 0. 0. 0. 0.]
 [0. 0. 0. 0. 0.]
 [0. 0. 0. 0. 0.]] 
 
 
Val : (6915, 90) 
 

~~~~~~~~~~~~~~~~~~~~~~~~~~~~~~~~~~~~~~~~~~~~~~~~~~~~~~~~~~~~~~~~~~~~~~~~~~~~~~~
Cat Idx V3 : [0, 1, 2, 3, 4, 5, 6, 7, 8, 9, 10, 11, 12, 13, 14, 15, 16, 17, 18, 19, 20, 21, 22, 23, 24, 25, 26, 27, 28, 29, 30, 31, 32, 33, 34, 35, 36, 37, 38, 39, 40, 41, 42, 43, 44, 45, 46, 47, 48, 49, 50, 51, 52, 53, 54, 55, 56, 57, 58, 59, 60, 61, 62, 63, 64, 65, 66, 67, 68, 69] 
 

~~~~~~~~~~~~~~~~~~~~~~~~~~~~~~~~~~~~~~~~~~~~~~~~~~~~~~~~~~~~~~~~~~~~~~~~~~~~~~~
After ORDINAL
Numerical Index V2 : [70, 71, 72, 73, 74, 75, 76, 77, 78, 79, 80, 81, 82, 83, 84, 85, 86, 87, 88, 89] 


OHE Idx : [0, 1, 2, 3, 4, 5, 6, 7, 8, 9, 10, 11, 12, 13, 14, 15, 16, 17, 18, 19, 20, 21, 22, 23, 24, 25, 26, 27, 28, 29, 30, 31, 32, 33, 34, 35, 36, 37, 38, 39, 40, 41, 42, 43, 44, 45, 46, 47, 48, 49, 50, 51, 52, 53, 54, 55, 56, 57, 58, 59, 60, 61, 62, 63, 64, 65, 66, 67, 68, 69]


Ordinal Idx V2: None


Cat Dims V2 : [3, 3, 3, 3, 3, 3, 3, 3, 3, 3, 3, 3, 3, 3, 3, 3, 3, 3, 3, 3, 3, 3, 3, 3, 3, 3, 3, 3, 3, 3, 3, 3, 3, 3, 3, 3, 3, 3, 3, 3, 3, 3, 3, 3, 3, 3, 3, 3, 3, 3, 3, 3, 3, 3, 3, 3, 3, 3, 3, 3, 3, 3, 3, 3, 3, 3, 3, 3, 3, 3]
Cat Idx V2 : [0, 1, 2, 3, 4, 5, 6, 7, 8, 9, 10, 11, 12, 13, 14, 15, 16, 17, 18, 19, 20, 21, 22, 23, 24, 25, 26, 27, 28, 29, 30, 31, 32, 33, 34, 35, 36, 37, 38, 39, 40, 41, 42, 43, 44, 45, 46, 47, 48, 49, 50, 51, 52, 53, 54, 55, 56, 57, 58, 59, 60, 61, 62, 63, 64, 65, 66, 67, 68, 69] 
 

Train: [[ 0.          0.          0.          0.          0.          0.
   0.          0.          0.          0.          0.          0.
   0.          0.          0.          0.          0.          0.
   0.          0.          0.          0.          0.          0.
   0.          0.          0.          0.          0.          0.
   0.          0.          0.          0.          0.          0.
   0.          0.          0.          0.          0.          0.
   0.          0.          0.          0.          0.          0.
   0.          0.          0.          0.          0.          0.
   0.          0.          0.          0.          0.          0.
   0.          0.          0.          0.          0.          0.
   0.          1.          0.          0.         -0.40821358 -1.44490617
  -1.11399793 -0.11360679 -0.91479173 -0.08954045 -0.30706878  0.90387382
  -0.56558526 -0.88093869 -0.65906699 -0.46579395 -0.21590389 -0.83246021
  -0.48059807 -1.25236088 -0.07037611  1.46152469 -1.16374101  0.84496125]
 [ 0.          0.          0.          0.          0.          0.
   0.          0.          0.          0.          0.          0.
   0.          0.          0.          0.          0.          0.
   0.          0.          0.          0.          0.          0.
   0.          0.          0.          0.          0.          0.
   0.          0.          0.          0.          0.          0.
   0.          0.          0.          0.          0.          0.
   0.          0.          0.          0.          0.          0.
   0.          1.          0.          0.          0.          0.
   0.          0.          0.          0.          0.          0.
   0.          0.          0.          0.          0.          0.
   0.          0.          0.          0.         -1.51911359 -0.47024991
  -0.75132197 -0.17936693 -0.91479173 -0.08954045 -0.30706878 -0.63220076
  -1.42383017 -1.29594352  0.85366423 -1.00751388 -0.21590389  0.9648571
  -0.660391   -1.55845977 -0.21693788  1.46152469 -0.51910857  0.95995873]
 [ 0.          0.          0.          0.          0.          0.
   0.          0.          0.          0.          0.          0.
   0.          0.          0.          0.          0.          0.
   0.          0.          0.          0.          0.          0.
   0.          0.          0.          0.          0.          0.
   0.          0.          0.          0.          0.          0.
   0.          0.          0.          0.          0.          0.
   0.          0.          0.          0.          0.          0.
   0.          0.          0.          0.          0.          0.
   0.          1.          0.          0.          0.          0.
   0.          0.          0.          0.          0.          0.
   0.          0.          0.          0.         -1.51911359 -1.44490617
  -1.27885064 -0.1608987  -0.91479173 -0.08954045 -0.30706878 -0.63220076
  -1.42383017 -1.06402906 -0.65906699 -1.17680135 -0.21590389  1.26779203
  -0.63881585 -0.9899904  -0.20906965 -0.68421697  0.44784009  1.18995369]
 [ 0.          0.          0.          0.          0.          0.
   0.          0.          0.          0.          0.          0.
   0.          0.          0.          0.          0.          0.
   0.          0.          0.          0.          0.          0.
   0.          0.          0.          0.          0.          0.
   0.          0.          0.          0.          0.          0.
   0.          0.          0.          0.          0.          0.
   1.          0.          0.          0.          0.          0.
   0.          0.          0.          0.          0.          0.
   0.          0.          0.          0.          0.          0.
   0.          0.          0.          0.          0.          0.
   0.          0.          0.          0.          0.70268643  2.12883344
  -0.10290131 -0.22958412  0.93864654 -0.08954045 -0.30706878 -0.63220076
   1.15090457  0.24201554 -0.65906699  1.29479583 -0.21590389  0.95543568
  -1.00559342 -0.74219606 -0.29884478 -0.68421697  0.12552387  1.7649411 ]
 [ 0.          0.          0.          0.          0.          0.
   0.          0.          0.          0.          0.          0.
   0.          0.          0.          0.          0.          0.
   0.          0.          0.          0.          0.          0.
   0.          0.          0.          0.          0.          0.
   1.          0.          0.          0.          0.          0.
   0.          0.          0.          0.          0.          0.
   0.          0.          0.          0.          0.          0.
   0.          0.          0.          0.          0.          0.
   0.          0.          0.          0.          0.          0.
   0.          0.          0.          0.          0.          0.
   0.          0.          0.          0.         -0.40821358  0.50440634
  -0.16884239 -0.13041736  0.93864654 -0.08954045 -0.30706878 -0.63220076
   0.29265965  0.1687794  -0.65906699  0.58378842 -0.21590389 -0.55416592
  -0.10662878 -0.08626987 -0.18881865 -0.68421697 -0.51910857 -0.99499845]
 [ 0.          0.          0.          0.          0.          0.
   0.          0.          0.          0.          0.          0.
   0.          0.          0.          0.          0.          0.
   0.          0.          0.          0.          0.          0.
   0.          0.          0.          0.          0.          0.
   0.          0.          0.          0.          0.          0.
   0.          0.          0.          0.          0.          0.
   0.          0.          0.          0.          0.          0.
   0.          1.          0.          0.          0.          0.
   0.          0.          0.          0.          0.          0.
   0.          0.          0.          0.          0.          0.
   0.          0.          0.          0.         -1.51911359 -0.79513533
  -0.67439071 -0.1982837   0.0119274  -0.08954045 -0.30706878 -0.63220076
  -0.56558526 -0.39269772 -0.65906699 -1.98938125 -0.21590389  0.90977802
  -0.68915787 -0.30491193 -0.30013465  1.46152469 -1.80837345  1.41994866]
 [ 0.          0.          0.          0.          0.          0.
   0.          0.          0.          0.          0.          0.
   0.          0.          0.          0.          0.          0.
   0.          0.          0.          0.          0.          0.
   0.          0.          0.          0.          0.          0.
   0.          0.          0.          0.          0.          0.
   0.          0.          0.          0.          0.          0.
   0.          0.          0.          0.          0.          0.
   0.          0.          0.          0.          0.          0.
   0.          0.          0.          0.          0.          0.
   0.          0.          0.          0.          0.          0.
   0.          0.          1.          0.         -1.51911359 -1.44490617
  -1.22389974 -0.17293133 -0.91479173 -0.08954045 -0.30706878 -0.63220076
  -3.14032    -1.00299894 -0.65906699 -1.78623628 -0.21590389 -1.24555331
  -0.65319928 -0.20287897 -0.16082842  1.46152469 -0.84142479 -0.88000097]
 [ 0.          0.          0.          0.          0.          0.
   0.          0.          0.          0.          0.          0.
   0.          0.          0.          0.          0.          0.
   0.          1.          0.          0.          0.          0.
   0.          0.          0.          0.          0.          0.
   0.          0.          0.          0.          0.          0.
   0.          0.          0.          0.          0.          0.
   0.          0.          0.          0.          0.          0.
   0.          0.          0.          0.          0.          0.
   0.          0.          0.          0.          0.          0.
   0.          0.          0.          0.          0.          0.
   0.          0.          0.          0.         -0.40821358  0.50440634
   0.13888267 -0.12035442  0.93864654 -0.08954045 -0.30706878 -0.63220076
   0.29265965  0.51054808 -0.65906699  0.54993092 -0.21590389 -1.00421997
   0.08035587  0.30728585 -0.10294539 -0.68421697  0.44784009  1.30495117]
 [ 0.          0.          0.          0.          0.          0.
   0.          0.          0.          0.          0.          0.
   0.          0.          0.          0.          0.          0.
   0.          0.          0.          0.          0.          0.
   0.          0.          0.          0.          0.          0.
   0.          0.          0.          0.          0.          0.
   0.          0.          0.          0.          0.          0.
   0.          0.          0.          0.          0.          0.
   0.          0.          0.          0.          0.          0.
   0.          0.          0.          1.          0.          0.
   0.          0.          0.          0.          0.          0.
   0.          0.          0.          0.         -0.40821358 -0.1453645
  -0.31171474 -0.17683169 -0.91479173 -0.08954045 -0.30706878  0.90387382
  -0.56558526 -0.66123026  0.5827273  -0.22879148 -0.21590389  1.23010635
  -0.88333423 -0.7567722  -0.20339421  1.46152469 -1.16374101  0.03997888]
 [ 0.          0.          0.          0.          0.          0.
   0.          0.          0.          0.          0.          0.
   0.          0.          0.          0.          0.          0.
   0.          0.          0.          0.          0.          0.
   0.          0.          0.          0.          0.          0.
   0.          0.          0.          0.          0.          0.
   0.          0.          0.          0.          0.          0.
   0.          0.          0.          0.          0.          0.
   0.          0.          0.          0.          0.          0.
   0.          0.          0.          0.          0.          0.
   0.          0.          1.          0.          0.          0.
   0.          0.          0.          0.         -0.40821358 -0.47024991
  -0.60844962 -0.0699227  -0.91479173 -0.08954045 -0.30706878 -0.63220076
   0.29265965 -0.6856423   0.01827535  0.24521346 -0.21590389  1.40114138
  -0.59566554 -0.18830283  0.01265944 -0.68421697  0.12552387  0.03997888]] 
 
 
Val : (6915, 90) 
 

FINISHED ENCODING
~~~~~~~~~~~~~~~~~~~~~~~~~~~~~~~~~~~~~~~~~~~~~~~~~~~~~~~~~~~~~~~~~~~~~~~~~~~~~~~


~~~~~~~~~~~~~~~~~~~~~~~~~~~~~~~~~~~~~~~~~~~~~~~~~~~~~~~~~~~~~~~~~~~~~~~~~~~~~~~
Test numpy array issues
X dtype: float64
X Val dtype: float64
X dtype: float32
X Val dtype: float32
After Debugging -- Inner Fold 2
DEBUG Inner Fold 2: num_features: 90
DEBUG Inner Fold 2: num_classes: 1
DEBUG Inner Fold 2: cat_idx: [0, 1, 2, 3, 4, 5, 6, 7, 8, 9, 10, 11, 12, 13, 14, 15, 16, 17, 18, 19, 20, 21, 22, 23, 24, 25, 26, 27, 28, 29, 30, 31, 32, 33, 34, 35, 36, 37, 38, 39, 40, 41, 42, 43, 44, 45, 46, 47, 48, 49, 50, 51, 52, 53, 54, 55, 56, 57, 58, 59, 60, 61, 62, 63, 64, 65, 66, 67, 68, 69]
DEBUG Inner Fold 2: nominal_idx: [0, 1, 2, 3, 4, 5, 6, 7, 8, 9, 10, 11, 12, 13, 14, 15, 16, 17, 18, 19, 20, 21, 22, 23, 24, 25, 26, 27, 28, 29, 30, 31, 32, 33, 34, 35, 36, 37, 38, 39, 40, 41, 42, 43, 44, 45, 46, 47, 48, 49, 50, 51, 52, 53, 54, 55, 56, 57, 58, 59, 60, 61, 62, 63, 64, 65, 66, 67, 68, 69]
DEBUG Inner Fold 2: ordinal_idx: None
DEBUG Inner Fold 2: num_idx: [70, 71, 72, 73, 74, 75, 76, 77, 78, 79, 80, 81, 82, 83, 84, 85, 86, 87, 88, 89]
DEBUG Inner Fold 2: cat_dims: [3, 3, 3, 3, 3, 3, 3, 3, 3, 3, 3, 3, 3, 3, 3, 3, 3, 3, 3, 3, 3, 3, 3, 3, 3, 3, 3, 3, 3, 3, 3, 3, 3, 3, 3, 3, 3, 3, 3, 3, 3, 3, 3, 3, 3, 3, 3, 3, 3, 3, 3, 3, 3, 3, 3, 3, 3, 3, 3, 3, 3, 3, 3, 3, 3, 3, 3, 3, 3, 3]
DEBUG Inner Fold 2: bin_alt: None
In get_device
Using dim 8 and batch size 64
**** Data b4 Fitting ****
Epoch 0 loss 381472112640.0
Epoch 1 loss 406469935104.0
Epoch 2 loss 347066761216.0
Epoch 3 loss 219971813376.0
Epoch 4 loss 120729501696.0
Epoch 5 loss 110707785728.0
Epoch 6 loss 270346305536.0
Epoch 7 loss 120106942464.0
Epoch 8 loss 109068173312.0
Epoch 9 loss 109737041920.0
Epoch 10 loss 109962543104.0
Epoch 11 loss 110088429568.0
Epoch 12 loss 110974025728.0
Epoch 13 loss 111567396864.0
Epoch 14 loss 110147330048.0
Epoch 15 loss 109071384576.0
Epoch 16 loss 109512515584.0
Epoch 17 loss 109029048320.0
Epoch 18 loss 110897168384.0
Epoch 19 loss 110244028416.0
Epoch 20 loss 114871844864.0
Epoch 21 loss 109299449856.0
Epoch 22 loss 112241786880.0
Epoch 23 loss 109684424704.0
Epoch 24 loss 114413715456.0
Epoch 25 loss 111059386368.0
Epoch 26 loss 109290807296.0
Epoch 27 loss 109754834944.0
Epoch 28 loss 110035312640.0
Epoch 29 loss 109145849856.0
Epoch 30 loss 132090675200.0
Epoch 31 loss 110696185856.0
Epoch 32 loss 111983624192.0
Epoch 33 loss 109929816064.0
Epoch 34 loss 111620120576.0
Epoch 35 loss 109306060800.0
Epoch 36 loss 111208652800.0
Epoch 37 loss 111018082304.0
Epoch 38 loss 110138146816.0
Validation loss has not improved for 20 steps!
Early stopping applies.
Inner Fold 2 Results: {'MSE - mean': 146287032296.3039, 'MSE - std': 33345027978.1593, 'R2 - mean': -0.00031874440722134967, 'R2 - std': 2.1037236131005166e-05}
  outer_1_inner Fold 3/5
Before Debugging -- Inner Fold 3
DEBUG Inner Fold 3: num_features: 21
DEBUG Inner Fold 3: num_classes: 1
DEBUG Inner Fold 3: cat_idx: [0]
DEBUG Inner Fold 3: nominal_idx: [13]
DEBUG Inner Fold 3: ordinal_idx: None
DEBUG Inner Fold 3: num_idx: None
DEBUG Inner Fold 3: cat_dims: [2]
DEBUG Inner Fold 3: bin_alt: None
~~~~~~~~~~~~~~~~~~~~~~~~~~~~~~~~~~~~~~~~~~~~~~~~~~~~~~~~~~~~~~~~~~~~~~~~~~~~~~~
BEFORE ANY ENCODING
num_features :21
num_classes : 1
cat_idx : [0]
nominal_idx : [13]
ordinal_idx : None
num_idx : None
cat_dims : [2]
bin_alt : None 


X_train shape : (6915, 21)
~~~~~~~~~~~~~~~~~~~~~~~~~~~~~~~~~~~~~~~~~~~~~~~~~~~~~~~~~~~~~~~~~~~~~~~~~~~~~~~
~~~~~~~~~~~~~~~~~~~~~~~~~~~~~~~~~~~~~~~~~~~~~~~~~~~~~~~~~~~~~~~~~~~~~~~~~~~~~~~
AFTER getting cat idx
Nominal Index : [13]
Ordinal Index : None
Cat Idx : [0]
Cat dims : [2]
~~~~~~~~~~~~~~~~~~~~~~~~~~~~~~~~~~~~~~~~~~~~~~~~~~~~~~~~~~~~~~~~~~~~~~~~~~~~~~~
BEFORE getting cat idx
Nominal Index : [13]
Ordinal Index : None
Cat Idx : [13]
Cat dims : []
~~~~~~~~~~~~~~~~~~~~~~~~~~~~~~~~~~~~~~~~~~~~~~~~~~~~~~~~~~~~~~~~~~~~~~~~~~~~~~~ 


AFTER SEPARATING CATEGORICALS AND NUMERICALS
Ordinal Index : None
Numerical Index V1 : [0, 1, 2, 3, 4, 5, 6, 7, 8, 9, 10, 11, 12, 14, 15, 16, 17, 18, 19, 20]
Cat Idx V1 : [13] 
Cat Dims V1 : []
 

~~~~~~~~~~~~~~~~~~~~~~~~~~~~~~~~~~~~~~~~~~~~~~~~~~~~~~~~~~~~~~~~~~~~~~~~~~~~~~~ 


Scaling the data...
One Hot Encoding...
Ord : None, Nom : [13], Num : [0, 1, 2, 3, 4, 5, 6, 7, 8, 9, 10, 11, 12, 14, 15, 16, 17, 18, 19, 20]
Num idx: [70, 71, 72, 73, 74, 75, 76, 77, 78, 79, 80, 81, 82, 83, 84, 85, 86, 87, 88, 89]
Ord : None, Nom : [0, 1, 2, 3, 4, 5, 6, 7, 8, 9, 10, 11, 12, 13, 14, 15, 16, 17, 18, 19, 20, 21, 22, 23, 24, 25, 26, 27, 28, 29, 30, 31, 32, 33, 34, 35, 36, 37, 38, 39, 40, 41, 42, 43, 44, 45, 46, 47, 48, 49, 50, 51, 52, 53, 54, 55, 56, 57, 58, 59, 60, 61, 62, 63, 64, 65, 66, 67, 68, 69], Num : [70, 71, 72, 73, 74, 75, 76, 77, 78, 79, 80, 81, 82, 83, 84, 85, 86, 87, 88, 89]
Nominal : (70, 70)
~~~~~~~~~~~~~~~~~~~~~~~~~~~~~~~~~~~~~~~~~~~~~~~~~~~~~~~~~~~~~~~~~~~~~~~~~~~~~~~
After OHE
Numerical Index V2 : [70, 71, 72, 73, 74, 75, 76, 77, 78, 79, 80, 81, 82, 83, 84, 85, 86, 87, 88, 89] 


OHE Idx : [0, 1, 2, 3, 4, 5, 6, 7, 8, 9, 10, 11, 12, 13, 14, 15, 16, 17, 18, 19, 20, 21, 22, 23, 24, 25, 26, 27, 28, 29, 30, 31, 32, 33, 34, 35, 36, 37, 38, 39, 40, 41, 42, 43, 44, 45, 46, 47, 48, 49, 50, 51, 52, 53, 54, 55, 56, 57, 58, 59, 60, 61, 62, 63, 64, 65, 66, 67, 68, 69]


Ordinal Idx V2: None


Cat Dims V2 : []
Cat Idx V2 : [13] 
 

Train: [[0. 0. 0. 0. 0.]
 [0. 0. 0. 0. 0.]
 [0. 0. 0. 0. 0.]
 [0. 0. 0. 0. 0.]
 [0. 0. 0. 0. 0.]
 [0. 0. 0. 0. 0.]
 [0. 0. 0. 0. 0.]
 [0. 0. 0. 0. 0.]
 [0. 0. 0. 0. 0.]
 [0. 0. 0. 0. 0.]] 
 
 
Val : (6915, 90) 
 

~~~~~~~~~~~~~~~~~~~~~~~~~~~~~~~~~~~~~~~~~~~~~~~~~~~~~~~~~~~~~~~~~~~~~~~~~~~~~~~
Cat Idx V3 : [0, 1, 2, 3, 4, 5, 6, 7, 8, 9, 10, 11, 12, 13, 14, 15, 16, 17, 18, 19, 20, 21, 22, 23, 24, 25, 26, 27, 28, 29, 30, 31, 32, 33, 34, 35, 36, 37, 38, 39, 40, 41, 42, 43, 44, 45, 46, 47, 48, 49, 50, 51, 52, 53, 54, 55, 56, 57, 58, 59, 60, 61, 62, 63, 64, 65, 66, 67, 68, 69] 
 

~~~~~~~~~~~~~~~~~~~~~~~~~~~~~~~~~~~~~~~~~~~~~~~~~~~~~~~~~~~~~~~~~~~~~~~~~~~~~~~
After ORDINAL
Numerical Index V2 : [70, 71, 72, 73, 74, 75, 76, 77, 78, 79, 80, 81, 82, 83, 84, 85, 86, 87, 88, 89] 


OHE Idx : [0, 1, 2, 3, 4, 5, 6, 7, 8, 9, 10, 11, 12, 13, 14, 15, 16, 17, 18, 19, 20, 21, 22, 23, 24, 25, 26, 27, 28, 29, 30, 31, 32, 33, 34, 35, 36, 37, 38, 39, 40, 41, 42, 43, 44, 45, 46, 47, 48, 49, 50, 51, 52, 53, 54, 55, 56, 57, 58, 59, 60, 61, 62, 63, 64, 65, 66, 67, 68, 69]


Ordinal Idx V2: None


Cat Dims V2 : [3, 3, 3, 3, 3, 3, 3, 3, 3, 3, 3, 3, 3, 3, 3, 3, 3, 3, 3, 3, 3, 3, 3, 3, 3, 3, 3, 3, 3, 3, 3, 3, 3, 3, 3, 3, 3, 3, 3, 3, 3, 3, 3, 3, 3, 3, 3, 3, 3, 3, 3, 3, 3, 3, 3, 3, 3, 3, 3, 3, 3, 3, 3, 3, 3, 3, 3, 3, 3, 3]
Cat Idx V2 : [0, 1, 2, 3, 4, 5, 6, 7, 8, 9, 10, 11, 12, 13, 14, 15, 16, 17, 18, 19, 20, 21, 22, 23, 24, 25, 26, 27, 28, 29, 30, 31, 32, 33, 34, 35, 36, 37, 38, 39, 40, 41, 42, 43, 44, 45, 46, 47, 48, 49, 50, 51, 52, 53, 54, 55, 56, 57, 58, 59, 60, 61, 62, 63, 64, 65, 66, 67, 68, 69] 
 

Train: [[ 0.          0.          0.          0.          0.          0.
   0.          0.          0.          0.          0.          0.
   1.          0.          0.          0.          0.          0.
   0.          0.          0.          0.          0.          0.
   0.          0.          0.          0.          0.          0.
   0.          0.          0.          0.          0.          0.
   0.          0.          0.          0.          0.          0.
   0.          0.          0.          0.          0.          0.
   0.          0.          0.          0.          0.          0.
   0.          0.          0.          0.          0.          0.
   0.          0.          0.          0.          0.          0.
   0.          0.          0.          0.          0.71265865  0.50501171
  -0.17115964 -0.14223545  0.9389536  -0.09197016  2.26171812  0.87852235
  -0.5605881   0.16667933 -0.66809677  0.78893857 -0.21516918 -2.6013072
   1.47394899 -0.24568305 -0.14344086 -0.67898334  0.11384153 -0.87949948]
 [ 0.          0.          0.          0.          0.          0.
   0.          0.          0.          0.          0.          0.
   0.          0.          0.          0.          0.          0.
   0.          0.          0.          0.          0.          0.
   0.          0.          0.          0.          0.          0.
   0.          0.          0.          0.          0.          0.
   0.          0.          0.          0.          0.          0.
   0.          0.          0.          0.          0.          0.
   0.          0.          0.          0.          0.          0.
   0.          1.          0.          0.          0.          0.
   0.          0.          0.          0.          0.          0.
   0.          0.          0.          0.         -1.51974659 -1.44355483
  -1.27030849 -0.16170232 -0.91244764 -0.09197016 -0.30807826 -0.63605807
  -1.41821348 -1.05570135 -0.66809677 -1.176132   -0.21516918  1.27217246
  -0.64578611 -0.99399683 -0.21088281 -0.67898334  0.43384731  1.1918199 ]
 [ 0.          0.          0.          0.          0.          0.
   0.          0.          0.          0.          0.          0.
   0.          0.          0.          0.          0.          0.
   0.          0.          0.          0.          0.          0.
   0.          0.          0.          0.          0.          0.
   0.          0.          0.          0.          0.          0.
   0.          0.          0.          0.          0.          0.
   1.          0.          0.          0.          0.          0.
   0.          0.          0.          0.          0.          0.
   0.          0.          0.          0.          0.          0.
   0.          0.          0.          0.          0.          0.
   0.          0.          0.          0.          0.71265865  2.12881717
  -0.10586367 -0.23425501  0.9389536  -0.09197016 -0.30807826 -0.63605807
   1.15466266  0.23929601 -0.66809677  1.29714648 -0.21516918  0.9630114
  -1.00978103 -0.7445589  -0.30457463 -0.67898334  0.11384153  1.76718639]
 [ 0.          0.          0.          0.          0.          0.
   0.          0.          0.          0.          0.          0.
   0.          0.          0.          0.          0.          0.
   0.          0.          0.          0.          0.          0.
   0.          0.          0.          0.          0.          0.
   1.          0.          0.          0.          0.          0.
   0.          0.          0.          0.          0.          0.
   0.          0.          0.          0.          0.          0.
   0.          0.          0.          0.          0.          0.
   0.          0.          0.          0.          0.          0.
   0.          0.          0.          0.          0.          0.
   0.          0.          0.          0.         -0.40354397  0.50501171
  -0.17115964 -0.12950474  0.9389536  -0.09197016 -0.30807826 -0.63605807
   0.29703728  0.16667933 -0.66809677  0.58565541 -0.21516918 -0.53114751
  -0.11763663 -0.08428203 -0.18974831 -0.67898334 -0.52617002 -0.99457278]
 [ 0.          0.          0.          0.          0.          0.
   0.          0.          0.          0.          0.          0.
   0.          0.          0.          0.          0.          0.
   0.          0.          0.          0.          0.          0.
   0.          0.          0.          0.          0.          0.
   0.          0.          0.          0.          0.          0.
   0.          0.          0.          0.          0.          0.
   0.          0.          0.          0.          0.          0.
   0.          1.          0.          0.          0.          0.
   0.          0.          0.          0.          0.          0.
   0.          0.          0.          0.          0.          0.
   0.          0.          0.          0.         -1.51974659 -0.79403265
  -0.67176209 -0.20119224  0.01325298 -0.09197016 -0.30807826 -0.63605807
  -0.5605881  -0.3900485  -0.66809677 -1.98926465 -0.21516918  0.9178208
  -0.6957462  -0.30437432 -0.30592078  1.47279018 -1.80619312  1.42196649]
 [ 0.          0.          0.          0.          0.          0.
   0.          0.          0.          0.          0.          0.
   0.          0.          0.          0.          0.          0.
   0.          0.          0.          0.          0.          0.
   0.          0.          0.          0.          0.          0.
   0.          0.          0.          0.          0.          0.
   0.          0.          0.          0.          0.          0.
   0.          0.          0.          0.          0.          0.
   0.          0.          0.          0.          0.          0.
   0.          0.          0.          0.          0.          0.
   0.          0.          0.          0.          0.          0.
   0.          0.          1.          0.         -1.51974659 -1.44355483
  -1.21589519 -0.17441243 -0.91244764 -0.09197016 -0.30807826 -0.63605807
  -3.13346425 -0.99518745 -0.66809677 -1.78598149 -0.21516918 -1.21546226
  -0.66006042 -0.20166459 -0.16053692  1.47279018 -0.84617579 -0.87949948]
 [ 0.          0.          0.          0.          0.          0.
   0.          0.          0.          0.          0.          0.
   0.          0.          0.          0.          0.          0.
   0.          1.          0.          0.          0.          0.
   0.          0.          0.          0.          0.          0.
   0.          0.          0.          0.          0.          0.
   0.          0.          0.          0.          0.          0.
   0.          0.          0.          0.          0.          0.
   0.          0.          0.          0.          0.          0.
   0.          0.          0.          0.          0.          0.
   0.          0.          0.          0.          0.          0.
   0.          0.          0.          0.         -0.40354397  0.50501171
   0.13355489 -0.11887522  0.9389536  -0.09197016 -0.30807826 -0.63605807
   0.29703728  0.50555715 -0.66809677  0.55177488 -0.21516918 -0.97659768
   0.06792941  0.31188409 -0.10012858 -0.67898334  0.43384731  1.3068932 ]
 [ 0.          0.          0.          0.          0.          0.
   0.          0.          0.          0.          0.          0.
   0.          0.          0.          0.          0.          0.
   0.          0.          0.          0.          0.          0.
   0.          0.          0.          0.          0.          0.
   0.          0.          0.          0.          0.          0.
   0.          0.          0.          0.          0.          0.
   0.          0.          0.          0.          0.          0.
   0.          0.          0.          0.          0.          0.
   0.          0.          0.          0.          0.          0.
   0.          0.          1.          0.          0.          0.
   0.          0.          0.          0.         -0.40354397 -0.46927156
  -0.60646612 -0.06560399 -0.91244764 -0.09197016 -0.30807826 -0.63605807
   0.29703728 -0.6805152   0.01133     0.24685014 -0.21516918  1.4041577
  -0.60296318 -0.18699177  0.02051983 -0.67898334  0.11384153  0.04108691]
 [ 0.          0.          0.          0.          0.          0.
   0.          0.          0.          0.          0.          0.
   0.          0.          0.          0.          0.          0.
   0.          0.          0.          0.          0.          0.
   0.          1.          0.          0.          0.          0.
   0.          0.          0.          0.          0.          0.
   0.          0.          0.          0.          0.          0.
   0.          0.          0.          0.          0.          0.
   0.          0.          0.          0.          0.          0.
   0.          0.          0.          0.          0.          0.
   0.          0.          0.          0.          0.          0.
   0.          0.          0.          0.         -0.40354397 -0.46927156
  -0.58470079 -0.09613298 -0.91244764 -0.09197016 -0.30807826  2.39310278
  -1.41821348 -1.22514026  1.07576529 -0.8034462  -0.21516918  0.14671143
  -0.05340223  0.04777334 -0.07034508 -0.67898334 -0.20616424  0.04108691]
 [ 0.          0.          0.          0.          0.          0.
   0.          0.          0.          0.          0.          0.
   0.          0.          0.          0.          0.          0.
   0.          0.          0.          0.          0.          0.
   0.          0.          0.          0.          0.          0.
   0.          0.          0.          0.          0.          0.
   0.          0.          0.          0.          0.          0.
   0.          0.          0.          0.          0.          0.
   0.          0.          0.          1.          0.          0.
   0.          0.          0.          0.          0.          0.
   0.          0.          0.          0.          0.          0.
   0.          0.          0.          0.          0.71265865  1.47929499
   1.09122914 -0.23374001  0.9389536  -0.09197016 -0.30807826 -0.63605807
   1.15466266  0.72340717  0.91723237  1.46654912 -0.21516918  0.92284198
  -1.03119249 -0.84726864 -0.29515161  1.47279018 -0.84617579 -1.45486598]] 
 
 
Val : (6915, 90) 
 

FINISHED ENCODING
~~~~~~~~~~~~~~~~~~~~~~~~~~~~~~~~~~~~~~~~~~~~~~~~~~~~~~~~~~~~~~~~~~~~~~~~~~~~~~~


~~~~~~~~~~~~~~~~~~~~~~~~~~~~~~~~~~~~~~~~~~~~~~~~~~~~~~~~~~~~~~~~~~~~~~~~~~~~~~~
Test numpy array issues
X dtype: float64
X Val dtype: float64
X dtype: float32
X Val dtype: float32
After Debugging -- Inner Fold 3
DEBUG Inner Fold 3: num_features: 90
DEBUG Inner Fold 3: num_classes: 1
DEBUG Inner Fold 3: cat_idx: [0, 1, 2, 3, 4, 5, 6, 7, 8, 9, 10, 11, 12, 13, 14, 15, 16, 17, 18, 19, 20, 21, 22, 23, 24, 25, 26, 27, 28, 29, 30, 31, 32, 33, 34, 35, 36, 37, 38, 39, 40, 41, 42, 43, 44, 45, 46, 47, 48, 49, 50, 51, 52, 53, 54, 55, 56, 57, 58, 59, 60, 61, 62, 63, 64, 65, 66, 67, 68, 69]
DEBUG Inner Fold 3: nominal_idx: [0, 1, 2, 3, 4, 5, 6, 7, 8, 9, 10, 11, 12, 13, 14, 15, 16, 17, 18, 19, 20, 21, 22, 23, 24, 25, 26, 27, 28, 29, 30, 31, 32, 33, 34, 35, 36, 37, 38, 39, 40, 41, 42, 43, 44, 45, 46, 47, 48, 49, 50, 51, 52, 53, 54, 55, 56, 57, 58, 59, 60, 61, 62, 63, 64, 65, 66, 67, 68, 69]
DEBUG Inner Fold 3: ordinal_idx: None
DEBUG Inner Fold 3: num_idx: [70, 71, 72, 73, 74, 75, 76, 77, 78, 79, 80, 81, 82, 83, 84, 85, 86, 87, 88, 89]
DEBUG Inner Fold 3: cat_dims: [3, 3, 3, 3, 3, 3, 3, 3, 3, 3, 3, 3, 3, 3, 3, 3, 3, 3, 3, 3, 3, 3, 3, 3, 3, 3, 3, 3, 3, 3, 3, 3, 3, 3, 3, 3, 3, 3, 3, 3, 3, 3, 3, 3, 3, 3, 3, 3, 3, 3, 3, 3, 3, 3, 3, 3, 3, 3, 3, 3, 3, 3, 3, 3, 3, 3, 3, 3, 3, 3]
DEBUG Inner Fold 3: bin_alt: None
In get_device
Using dim 8 and batch size 64
**** Data b4 Fitting ****
Epoch 0 loss 394874748928.0
Epoch 1 loss 385208614912.0
Epoch 2 loss 336069296128.0
Epoch 3 loss 225969340416.0
Epoch 4 loss 121016229888.0
Epoch 5 loss 107064860672.0
Epoch 6 loss 107320819712.0
Epoch 7 loss 136346271744.0
Epoch 8 loss 107091484672.0
Epoch 9 loss 111328190464.0
Epoch 10 loss 106958929920.0
Epoch 11 loss 107125989376.0
Epoch 12 loss 106966859776.0
Epoch 13 loss 107823390720.0
Epoch 14 loss 106945355776.0
Epoch 15 loss 107046346752.0
Epoch 16 loss 108413394944.0
Epoch 17 loss 106883063808.0
Epoch 18 loss 108464398336.0
Epoch 19 loss 60233895936.0
Epoch 20 loss 43860983808.0
Epoch 21 loss 42082435072.0
Epoch 22 loss 42131202048.0
Epoch 23 loss 30360674304.0
Epoch 24 loss 22652131328.0
Epoch 25 loss 17623136256.0
Epoch 26 loss 15858282496.0
Epoch 27 loss 28495214592.0
Epoch 28 loss 14284874752.0
Epoch 29 loss 20541644800.0
Epoch 30 loss 14661122048.0
Epoch 31 loss 15715683328.0
Epoch 32 loss 16041085952.0
Epoch 33 loss 44425568256.0
Epoch 34 loss 13748500480.0
Epoch 35 loss 16910470144.0
Epoch 36 loss 16442070016.0
Epoch 37 loss 13862610944.0
Epoch 38 loss 14805346304.0
Epoch 39 loss 12760395776.0
Epoch 40 loss 12925176832.0
Epoch 41 loss 13328517120.0
Epoch 42 loss 20026032128.0
Epoch 43 loss 17921056768.0
Epoch 44 loss 13222536192.0
Epoch 45 loss 13581562880.0
Epoch 46 loss 14676198400.0
Epoch 47 loss 23550179328.0
Epoch 48 loss 14085245952.0
Epoch 49 loss 15283263488.0
Epoch 50 loss 13334950912.0
Epoch 51 loss 30622609408.0
Epoch 52 loss 12508077056.0
Epoch 53 loss 19920003072.0
Epoch 54 loss 17041174528.0
Epoch 55 loss 12359496704.0
Epoch 56 loss 13003965440.0
Epoch 57 loss 14590216192.0
Epoch 58 loss 17477560320.0
Epoch 59 loss 12958673920.0
Epoch 60 loss 13515274240.0
Epoch 61 loss 14658421760.0
Epoch 62 loss 12541847552.0
Epoch 63 loss 14991056896.0
Epoch 64 loss 12911107072.0
Epoch 65 loss 23769149440.0
Epoch 66 loss 15081178112.0
Epoch 67 loss 12871561216.0
Epoch 68 loss 15876642816.0
Epoch 69 loss 16743932928.0
Epoch 70 loss 12609759232.0
Epoch 71 loss 14149986304.0
Epoch 72 loss 18562666496.0
Epoch 73 loss 19194818560.0
Epoch 74 loss 13060679680.0
Epoch 75 loss 17268662272.0
Epoch 76 loss 12160677888.0
Epoch 77 loss 15335614464.0
Epoch 78 loss 13267709952.0
Epoch 79 loss 20195454976.0
Epoch 80 loss 19040784384.0
Epoch 81 loss 19557613568.0
Epoch 82 loss 11188496384.0
Epoch 83 loss 39450206208.0
Epoch 84 loss 14797737984.0
Epoch 85 loss 18694275072.0
Epoch 86 loss 11789199360.0
Epoch 87 loss 13460710400.0
Epoch 88 loss 19727751168.0
Epoch 89 loss 15871929344.0
Epoch 90 loss 14546406400.0
Epoch 91 loss 15661978624.0
Epoch 92 loss 12347172864.0
Epoch 93 loss 11600440320.0
Epoch 94 loss 17914595328.0
Epoch 95 loss 15925191680.0
Epoch 96 loss 13253487616.0
Epoch 97 loss 12152990720.0
Epoch 98 loss 14175783936.0
Epoch 99 loss 14433937408.0
Inner Fold 3 Results: {'MSE - mean': 101334966524.42896, 'MSE - std': 69156612324.68971, 'R2 - mean': 0.2987202158842261, 'R2 - std': 0.42290495367094405}
  outer_1_inner Fold 4/5
Before Debugging -- Inner Fold 4
DEBUG Inner Fold 4: num_features: 21
DEBUG Inner Fold 4: num_classes: 1
DEBUG Inner Fold 4: cat_idx: [0]
DEBUG Inner Fold 4: nominal_idx: [13]
DEBUG Inner Fold 4: ordinal_idx: None
DEBUG Inner Fold 4: num_idx: None
DEBUG Inner Fold 4: cat_dims: [2]
DEBUG Inner Fold 4: bin_alt: None
~~~~~~~~~~~~~~~~~~~~~~~~~~~~~~~~~~~~~~~~~~~~~~~~~~~~~~~~~~~~~~~~~~~~~~~~~~~~~~~
BEFORE ANY ENCODING
num_features :21
num_classes : 1
cat_idx : [0]
nominal_idx : [13]
ordinal_idx : None
num_idx : None
cat_dims : [2]
bin_alt : None 


X_train shape : (6915, 21)
~~~~~~~~~~~~~~~~~~~~~~~~~~~~~~~~~~~~~~~~~~~~~~~~~~~~~~~~~~~~~~~~~~~~~~~~~~~~~~~
~~~~~~~~~~~~~~~~~~~~~~~~~~~~~~~~~~~~~~~~~~~~~~~~~~~~~~~~~~~~~~~~~~~~~~~~~~~~~~~
AFTER getting cat idx
Nominal Index : [13]
Ordinal Index : None
Cat Idx : [0]
Cat dims : [2]
~~~~~~~~~~~~~~~~~~~~~~~~~~~~~~~~~~~~~~~~~~~~~~~~~~~~~~~~~~~~~~~~~~~~~~~~~~~~~~~
BEFORE getting cat idx
Nominal Index : [13]
Ordinal Index : None
Cat Idx : [13]
Cat dims : []
~~~~~~~~~~~~~~~~~~~~~~~~~~~~~~~~~~~~~~~~~~~~~~~~~~~~~~~~~~~~~~~~~~~~~~~~~~~~~~~ 


AFTER SEPARATING CATEGORICALS AND NUMERICALS
Ordinal Index : None
Numerical Index V1 : [0, 1, 2, 3, 4, 5, 6, 7, 8, 9, 10, 11, 12, 14, 15, 16, 17, 18, 19, 20]
Cat Idx V1 : [13] 
Cat Dims V1 : []
 

~~~~~~~~~~~~~~~~~~~~~~~~~~~~~~~~~~~~~~~~~~~~~~~~~~~~~~~~~~~~~~~~~~~~~~~~~~~~~~~ 


Scaling the data...
One Hot Encoding...
Ord : None, Nom : [13], Num : [0, 1, 2, 3, 4, 5, 6, 7, 8, 9, 10, 11, 12, 14, 15, 16, 17, 18, 19, 20]
Num idx: [70, 71, 72, 73, 74, 75, 76, 77, 78, 79, 80, 81, 82, 83, 84, 85, 86, 87, 88, 89]
Ord : None, Nom : [0, 1, 2, 3, 4, 5, 6, 7, 8, 9, 10, 11, 12, 13, 14, 15, 16, 17, 18, 19, 20, 21, 22, 23, 24, 25, 26, 27, 28, 29, 30, 31, 32, 33, 34, 35, 36, 37, 38, 39, 40, 41, 42, 43, 44, 45, 46, 47, 48, 49, 50, 51, 52, 53, 54, 55, 56, 57, 58, 59, 60, 61, 62, 63, 64, 65, 66, 67, 68, 69], Num : [70, 71, 72, 73, 74, 75, 76, 77, 78, 79, 80, 81, 82, 83, 84, 85, 86, 87, 88, 89]
Nominal : (70, 70)
~~~~~~~~~~~~~~~~~~~~~~~~~~~~~~~~~~~~~~~~~~~~~~~~~~~~~~~~~~~~~~~~~~~~~~~~~~~~~~~
After OHE
Numerical Index V2 : [70, 71, 72, 73, 74, 75, 76, 77, 78, 79, 80, 81, 82, 83, 84, 85, 86, 87, 88, 89] 


OHE Idx : [0, 1, 2, 3, 4, 5, 6, 7, 8, 9, 10, 11, 12, 13, 14, 15, 16, 17, 18, 19, 20, 21, 22, 23, 24, 25, 26, 27, 28, 29, 30, 31, 32, 33, 34, 35, 36, 37, 38, 39, 40, 41, 42, 43, 44, 45, 46, 47, 48, 49, 50, 51, 52, 53, 54, 55, 56, 57, 58, 59, 60, 61, 62, 63, 64, 65, 66, 67, 68, 69]


Ordinal Idx V2: None


Cat Dims V2 : []
Cat Idx V2 : [13] 
 

Train: [[0. 0. 0. 0. 0.]
 [0. 0. 0. 0. 0.]
 [0. 0. 0. 0. 0.]
 [0. 0. 0. 0. 0.]
 [0. 0. 0. 0. 0.]
 [0. 0. 0. 0. 0.]
 [0. 0. 0. 0. 0.]
 [0. 0. 0. 0. 0.]
 [0. 0. 0. 0. 0.]
 [0. 0. 0. 0. 0.]] 
 
 
Val : (6915, 90) 
 

~~~~~~~~~~~~~~~~~~~~~~~~~~~~~~~~~~~~~~~~~~~~~~~~~~~~~~~~~~~~~~~~~~~~~~~~~~~~~~~
Cat Idx V3 : [0, 1, 2, 3, 4, 5, 6, 7, 8, 9, 10, 11, 12, 13, 14, 15, 16, 17, 18, 19, 20, 21, 22, 23, 24, 25, 26, 27, 28, 29, 30, 31, 32, 33, 34, 35, 36, 37, 38, 39, 40, 41, 42, 43, 44, 45, 46, 47, 48, 49, 50, 51, 52, 53, 54, 55, 56, 57, 58, 59, 60, 61, 62, 63, 64, 65, 66, 67, 68, 69] 
 

~~~~~~~~~~~~~~~~~~~~~~~~~~~~~~~~~~~~~~~~~~~~~~~~~~~~~~~~~~~~~~~~~~~~~~~~~~~~~~~
After ORDINAL
Numerical Index V2 : [70, 71, 72, 73, 74, 75, 76, 77, 78, 79, 80, 81, 82, 83, 84, 85, 86, 87, 88, 89] 


OHE Idx : [0, 1, 2, 3, 4, 5, 6, 7, 8, 9, 10, 11, 12, 13, 14, 15, 16, 17, 18, 19, 20, 21, 22, 23, 24, 25, 26, 27, 28, 29, 30, 31, 32, 33, 34, 35, 36, 37, 38, 39, 40, 41, 42, 43, 44, 45, 46, 47, 48, 49, 50, 51, 52, 53, 54, 55, 56, 57, 58, 59, 60, 61, 62, 63, 64, 65, 66, 67, 68, 69]


Ordinal Idx V2: None


Cat Dims V2 : [3, 3, 3, 3, 3, 3, 3, 3, 3, 3, 3, 3, 3, 3, 3, 3, 3, 3, 3, 3, 3, 3, 3, 3, 3, 3, 3, 3, 3, 3, 3, 3, 3, 3, 3, 3, 3, 3, 3, 3, 3, 3, 3, 3, 3, 3, 3, 3, 3, 3, 3, 3, 3, 3, 3, 3, 3, 3, 3, 3, 3, 3, 3, 3, 3, 3, 3, 3, 3, 3]
Cat Idx V2 : [0, 1, 2, 3, 4, 5, 6, 7, 8, 9, 10, 11, 12, 13, 14, 15, 16, 17, 18, 19, 20, 21, 22, 23, 24, 25, 26, 27, 28, 29, 30, 31, 32, 33, 34, 35, 36, 37, 38, 39, 40, 41, 42, 43, 44, 45, 46, 47, 48, 49, 50, 51, 52, 53, 54, 55, 56, 57, 58, 59, 60, 61, 62, 63, 64, 65, 66, 67, 68, 69] 
 

Train: [[ 0.          0.          0.          0.          0.          0.
   0.          0.          0.          0.          0.          0.
   0.          0.          0.          0.          0.          0.
   0.          0.          0.          0.          0.          0.
   0.          0.          0.          0.          0.          0.
   0.          0.          0.          0.          0.          0.
   0.          0.          0.          0.          0.          0.
   0.          0.          0.          0.          0.          0.
   0.          0.          0.          0.          0.          0.
   0.          0.          0.          0.          0.          0.
   0.          0.          0.          0.          0.          0.
   0.          1.          0.          0.         -0.40430187 -1.45207554
  -1.11217052 -0.12383804 -0.90311408 -0.09355605 -0.30675814  0.90549024
  -0.57737419 -0.88266615 -0.66325943 -0.47733795 -0.21773186 -0.8352765
  -0.49416603 -1.26261706 -0.07177346  1.44038185 -1.14889738  0.84441046]
 [ 0.          0.          0.          0.          0.          0.
   0.          0.          0.          0.          0.          0.
   0.          0.          0.          0.          0.          0.
   0.          0.          0.          0.          0.          0.
   0.          0.          0.          0.          0.          0.
   0.          0.          0.          0.          0.          0.
   0.          0.          0.          0.          0.          0.
   0.          0.          0.          0.          0.          0.
   0.          1.          0.          0.          0.          0.
   0.          0.          0.          0.          0.          0.
   0.          0.          0.          0.          0.          0.
   0.          0.          0.          0.         -1.51504778 -0.47239208
  -0.75173789 -0.19829404 -0.90311408 -0.09355605 -0.30675814 -0.6318201
  -1.44853773 -1.29580785  0.85930649 -1.02262484 -0.21773186  0.95298014
  -0.67338259 -1.5718445  -0.23323335  1.44038185 -0.50511266  0.95972562]
 [ 0.          0.          0.          0.          0.          0.
   0.          0.          0.          0.          0.          0.
   1.          0.          0.          0.          0.          0.
   0.          0.          0.          0.          0.          0.
   0.          0.          0.          0.          0.          0.
   0.          0.          0.          0.          0.          0.
   0.          0.          0.          0.          0.          0.
   0.          0.          0.          0.          0.          0.
   0.          0.          0.          0.          0.          0.
   0.          0.          0.          0.          0.          0.
   0.          0.          0.          0.          0.          0.
   0.          0.          0.          0.          0.70644403  0.50729138
  -0.17286124 -0.15651742  0.92773724 -0.09355605  2.26911619  0.90549024
  -0.57737419  0.16233933 -0.66325943  0.78363798 -0.21773186 -2.63939671
   1.47721619 -0.24658405 -0.15337376 -0.69426035  0.13867207 -0.88531691]
 [ 0.          0.          0.          0.          0.          0.
   0.          0.          0.          0.          0.          0.
   0.          0.          0.          0.          0.          0.
   0.          0.          0.          0.          0.          0.
   0.          0.          0.          0.          0.          0.
   0.          0.          0.          0.          0.          0.
   0.          0.          0.          0.          0.          0.
   0.          0.          0.          0.          0.          0.
   0.          0.          0.          0.          0.          0.
   0.          1.          0.          0.          0.          0.
   0.          0.          0.          0.          0.          0.
   0.          0.          0.          0.         -1.51504778 -1.45207554
  -1.27600353 -0.17738365 -0.90311408 -0.09355605 -0.30675814 -0.6318201
  -1.44853773 -1.06493455 -0.66325943 -1.19302699 -0.21773186  1.25438792
  -0.65187661 -0.99756497 -0.22456532 -0.69426035  0.46056443  1.19035594]
 [ 0.          0.          0.          0.          0.          0.
   0.          0.          0.          0.          0.          0.
   0.          0.          0.          0.          0.          0.
   0.          0.          0.          0.          0.          0.
   0.          0.          0.          0.          0.          0.
   0.          0.          0.          0.          0.          0.
   0.          0.          0.          0.          0.          0.
   0.          0.          0.          0.          0.          0.
   0.          1.          0.          0.          0.          0.
   0.          0.          0.          0.          0.          0.
   0.          0.          0.          0.          0.          0.
   0.          0.          0.          0.         -1.51504778 -0.79895323
  -0.67528248 -0.21971228  0.01231158 -0.09355605 -0.30675814 -0.6318201
  -0.57737419 -0.39661709 -0.66325943 -2.01095732 -0.21773186  0.89817873
  -0.70205724 -0.30548451 -0.32488716  1.44038185 -1.79268211  1.42098625]
 [ 0.          0.          0.          0.          0.          0.
   0.          0.          0.          0.          0.          0.
   0.          0.          0.          0.          0.          0.
   0.          1.          0.          0.          0.          0.
   0.          0.          0.          0.          0.          0.
   0.          0.          0.          0.          0.          0.
   0.          0.          0.          0.          0.          0.
   0.          0.          0.          0.          0.          0.
   0.          0.          0.          0.          0.          0.
   0.          0.          0.          0.          0.          0.
   0.          0.          0.          0.          0.          0.
   0.          0.          0.          0.         -0.40430187  0.50729138
   0.13296038 -0.13147795  0.92773724 -0.09355605 -0.30675814 -0.6318201
   0.29378935  0.50257368 -0.66325943  0.54507496 -0.21773186 -1.00617038
   0.06498965  0.31297037 -0.10765344 -0.69426035  0.46056443  1.3056711 ]
 [ 0.          0.          0.          0.          0.          0.
   0.          0.          0.          0.          0.          0.
   0.          0.          0.          0.          0.          0.
   0.          0.          0.          0.          0.          0.
   0.          0.          0.          0.          0.          0.
   0.          0.          0.          0.          0.          0.
   0.          0.          0.          0.          0.          0.
   0.          0.          0.          0.          0.          0.
   0.          0.          0.          0.          0.          0.
   0.          0.          0.          1.          0.          0.
   0.          0.          0.          0.          0.          0.
   0.          0.          0.          0.         -0.40430187 -0.14583092
  -0.31484985 -0.19542355 -0.90311408 -0.09355605 -0.30675814  0.90549024
  -0.57737419 -0.66394407  0.58660811 -0.23877494 -0.21773186  1.21689221
  -0.89561113 -0.76196311 -0.21831297  1.44038185 -1.14889738  0.03720436]
 [ 0.          0.          0.          0.          0.          0.
   0.          0.          0.          0.          0.          0.
   0.          0.          0.          0.          0.          0.
   0.          0.          0.          0.          0.          0.
   0.          1.          0.          0.          0.          0.
   0.          0.          0.          0.          0.          0.
   0.          0.          0.          0.          0.          0.
   0.          0.          0.          0.          0.          0.
   0.          0.          0.          0.          0.          0.
   0.          0.          0.          0.          0.          0.
   0.          0.          0.          0.          0.          0.
   0.          0.          0.          0.         -0.40430187 -0.47239208
  -0.58790488 -0.1071009  -0.90311408 -0.09355605 -0.30675814  2.44280059
  -1.44853773 -1.23505172  1.08655513 -0.81814226 -0.21773186  0.12302716
  -0.05687761  0.04791827 -0.07621405 -0.69426035 -0.1832203   0.03720436]
 [ 0.          0.          0.          0.          0.          0.
   0.          0.          0.          0.          0.          0.
   0.          0.          0.          0.          0.          0.
   0.          0.          0.          0.          0.          0.
   0.          0.          0.          0.          0.          0.
   0.          0.          0.          0.          0.          0.
   0.          0.          0.          0.          0.          0.
   0.          0.          0.          0.          0.          0.
   0.          0.          0.          1.          0.          0.
   0.          0.          0.          0.          0.          0.
   0.          0.          0.          0.          0.          0.
   0.          0.          0.          0.          0.70644403  1.48697485
   1.09411406 -0.25459973  0.92773724 -0.09355605 -0.30675814 -0.6318201
   1.1649529   0.72129575  0.92748108  1.46524659 -0.21773186  0.90322623
  -1.03898439 -0.85031381 -0.31351924  1.44038185 -0.82700502 -1.4618927 ]
 [ 0.          0.          0.          0.          0.          0.
   0.          0.          0.          0.          0.          0.
   0.          0.          0.          0.          0.          0.
   0.          0.          0.          0.          0.          0.
   0.          0.          0.          0.          0.          0.
   0.          0.          0.          0.          0.          0.
   0.          0.          0.          0.          0.          0.
   0.          0.          0.          0.          0.          0.
   0.          0.          0.          0.          0.          0.
   0.          0.          0.          0.          0.          0.
   0.          0.          0.          0.          0.          1.
   0.          0.          0.          0.         -0.40430187  1.48697485
   1.86959032  0.07396054  0.92773724 -0.09355605  4.84499052 -0.6318201
   2.03611644  2.4346187  -0.66325943  0.4769141  -0.21773186  1.18804936
  -1.13934566  1.10812664  0.20187353 -0.69426035 -0.50511266  1.3056711 ]] 
 
 
Val : (6915, 90) 
 

FINISHED ENCODING
~~~~~~~~~~~~~~~~~~~~~~~~~~~~~~~~~~~~~~~~~~~~~~~~~~~~~~~~~~~~~~~~~~~~~~~~~~~~~~~


~~~~~~~~~~~~~~~~~~~~~~~~~~~~~~~~~~~~~~~~~~~~~~~~~~~~~~~~~~~~~~~~~~~~~~~~~~~~~~~
Test numpy array issues
X dtype: float64
X Val dtype: float64
X dtype: float32
X Val dtype: float32
After Debugging -- Inner Fold 4
DEBUG Inner Fold 4: num_features: 90
DEBUG Inner Fold 4: num_classes: 1
DEBUG Inner Fold 4: cat_idx: [0, 1, 2, 3, 4, 5, 6, 7, 8, 9, 10, 11, 12, 13, 14, 15, 16, 17, 18, 19, 20, 21, 22, 23, 24, 25, 26, 27, 28, 29, 30, 31, 32, 33, 34, 35, 36, 37, 38, 39, 40, 41, 42, 43, 44, 45, 46, 47, 48, 49, 50, 51, 52, 53, 54, 55, 56, 57, 58, 59, 60, 61, 62, 63, 64, 65, 66, 67, 68, 69]
DEBUG Inner Fold 4: nominal_idx: [0, 1, 2, 3, 4, 5, 6, 7, 8, 9, 10, 11, 12, 13, 14, 15, 16, 17, 18, 19, 20, 21, 22, 23, 24, 25, 26, 27, 28, 29, 30, 31, 32, 33, 34, 35, 36, 37, 38, 39, 40, 41, 42, 43, 44, 45, 46, 47, 48, 49, 50, 51, 52, 53, 54, 55, 56, 57, 58, 59, 60, 61, 62, 63, 64, 65, 66, 67, 68, 69]
DEBUG Inner Fold 4: ordinal_idx: None
DEBUG Inner Fold 4: num_idx: [70, 71, 72, 73, 74, 75, 76, 77, 78, 79, 80, 81, 82, 83, 84, 85, 86, 87, 88, 89]
DEBUG Inner Fold 4: cat_dims: [3, 3, 3, 3, 3, 3, 3, 3, 3, 3, 3, 3, 3, 3, 3, 3, 3, 3, 3, 3, 3, 3, 3, 3, 3, 3, 3, 3, 3, 3, 3, 3, 3, 3, 3, 3, 3, 3, 3, 3, 3, 3, 3, 3, 3, 3, 3, 3, 3, 3, 3, 3, 3, 3, 3, 3, 3, 3, 3, 3, 3, 3, 3, 3, 3, 3, 3, 3, 3, 3]
DEBUG Inner Fold 4: bin_alt: None
In get_device
Using dim 8 and batch size 64
**** Data b4 Fitting ****
Epoch 0 loss 415932514304.0
Epoch 1 loss 406934716416.0
Epoch 2 loss 374648930304.0
Epoch 3 loss 259301326848.0
Epoch 4 loss 150845751296.0
Epoch 5 loss 135184023552.0
Epoch 6 loss 314331004928.0
Epoch 7 loss 150035677184.0
Epoch 8 loss 132986830848.0
Epoch 9 loss 132063436800.0
Epoch 10 loss 112886317056.0
Epoch 11 loss 78649376768.0
Epoch 12 loss 55694442496.0
Epoch 13 loss 41955733504.0
Epoch 14 loss 34076508160.0
Epoch 15 loss 39834505216.0
Epoch 16 loss 37846585344.0
Epoch 17 loss 23975288832.0
Epoch 18 loss 29373728768.0
Epoch 19 loss 40372592640.0
Epoch 20 loss 26719801344.0
Epoch 21 loss 22382721024.0
Epoch 22 loss 24225884160.0
Epoch 23 loss 22199435264.0
Epoch 24 loss 19650721792.0
Epoch 25 loss 23710582784.0
Epoch 26 loss 22494662656.0
Epoch 27 loss 24914929664.0
Epoch 28 loss 19290912768.0
Epoch 29 loss 19324413952.0
Epoch 30 loss 20645945344.0
Epoch 31 loss 17369468928.0
Epoch 32 loss 25351983104.0
Epoch 33 loss 21066659840.0
Epoch 34 loss 16496996352.0
Epoch 35 loss 22485897216.0
Epoch 36 loss 38725533696.0
Epoch 37 loss 28629112832.0
Epoch 38 loss 25772683264.0
Epoch 39 loss 20588593152.0
Epoch 40 loss 17467291648.0
Epoch 41 loss 20549840896.0
Epoch 42 loss 17292177408.0
Epoch 43 loss 20205451264.0
Epoch 44 loss 21782528000.0
Epoch 45 loss 20609126400.0
Epoch 46 loss 14463613952.0
Epoch 47 loss 15957135360.0
Epoch 48 loss 14981953536.0
Epoch 49 loss 21438816256.0
Epoch 50 loss 26896590848.0
Epoch 51 loss 18348652544.0
Epoch 52 loss 16444665856.0
Epoch 53 loss 25641906176.0
Epoch 54 loss 30330247168.0
Epoch 55 loss 29714604032.0
Epoch 56 loss 20422262784.0
Epoch 57 loss 24958670848.0
Epoch 58 loss 18976423936.0
Epoch 59 loss 18058502144.0
Epoch 60 loss 17702371328.0
Epoch 61 loss 27010263040.0
Epoch 62 loss 31658612736.0
Epoch 63 loss 18831589376.0
Epoch 64 loss 90698219520.0
Epoch 65 loss 20441577472.0
Epoch 66 loss 22154696704.0
Epoch 67 loss 16338504704.0
Validation loss has not improved for 20 steps!
Early stopping applies.
Inner Fold 4 Results: {'MSE - mean': 79755598138.63176, 'MSE - std': 70597345495.14168, 'R2 - mean': 0.4465754963741525, 'R2 - std': 0.4469004383370327}
  outer_1_inner Fold 5/5
Before Debugging -- Inner Fold 5
DEBUG Inner Fold 5: num_features: 21
DEBUG Inner Fold 5: num_classes: 1
DEBUG Inner Fold 5: cat_idx: [0]
DEBUG Inner Fold 5: nominal_idx: [13]
DEBUG Inner Fold 5: ordinal_idx: None
DEBUG Inner Fold 5: num_idx: None
DEBUG Inner Fold 5: cat_dims: [2]
DEBUG Inner Fold 5: bin_alt: None
~~~~~~~~~~~~~~~~~~~~~~~~~~~~~~~~~~~~~~~~~~~~~~~~~~~~~~~~~~~~~~~~~~~~~~~~~~~~~~~
BEFORE ANY ENCODING
num_features :21
num_classes : 1
cat_idx : [0]
nominal_idx : [13]
ordinal_idx : None
num_idx : None
cat_dims : [2]
bin_alt : None 


X_train shape : (6916, 21)
~~~~~~~~~~~~~~~~~~~~~~~~~~~~~~~~~~~~~~~~~~~~~~~~~~~~~~~~~~~~~~~~~~~~~~~~~~~~~~~
~~~~~~~~~~~~~~~~~~~~~~~~~~~~~~~~~~~~~~~~~~~~~~~~~~~~~~~~~~~~~~~~~~~~~~~~~~~~~~~
AFTER getting cat idx
Nominal Index : [13]
Ordinal Index : None
Cat Idx : [0]
Cat dims : [2]
~~~~~~~~~~~~~~~~~~~~~~~~~~~~~~~~~~~~~~~~~~~~~~~~~~~~~~~~~~~~~~~~~~~~~~~~~~~~~~~
BEFORE getting cat idx
Nominal Index : [13]
Ordinal Index : None
Cat Idx : [13]
Cat dims : []
~~~~~~~~~~~~~~~~~~~~~~~~~~~~~~~~~~~~~~~~~~~~~~~~~~~~~~~~~~~~~~~~~~~~~~~~~~~~~~~ 


AFTER SEPARATING CATEGORICALS AND NUMERICALS
Ordinal Index : None
Numerical Index V1 : [0, 1, 2, 3, 4, 5, 6, 7, 8, 9, 10, 11, 12, 14, 15, 16, 17, 18, 19, 20]
Cat Idx V1 : [13] 
Cat Dims V1 : []
 

~~~~~~~~~~~~~~~~~~~~~~~~~~~~~~~~~~~~~~~~~~~~~~~~~~~~~~~~~~~~~~~~~~~~~~~~~~~~~~~ 


Scaling the data...
One Hot Encoding...
Ord : None, Nom : [13], Num : [0, 1, 2, 3, 4, 5, 6, 7, 8, 9, 10, 11, 12, 14, 15, 16, 17, 18, 19, 20]
Num idx: [70, 71, 72, 73, 74, 75, 76, 77, 78, 79, 80, 81, 82, 83, 84, 85, 86, 87, 88, 89]
Ord : None, Nom : [0, 1, 2, 3, 4, 5, 6, 7, 8, 9, 10, 11, 12, 13, 14, 15, 16, 17, 18, 19, 20, 21, 22, 23, 24, 25, 26, 27, 28, 29, 30, 31, 32, 33, 34, 35, 36, 37, 38, 39, 40, 41, 42, 43, 44, 45, 46, 47, 48, 49, 50, 51, 52, 53, 54, 55, 56, 57, 58, 59, 60, 61, 62, 63, 64, 65, 66, 67, 68, 69], Num : [70, 71, 72, 73, 74, 75, 76, 77, 78, 79, 80, 81, 82, 83, 84, 85, 86, 87, 88, 89]
Nominal : (70, 70)
~~~~~~~~~~~~~~~~~~~~~~~~~~~~~~~~~~~~~~~~~~~~~~~~~~~~~~~~~~~~~~~~~~~~~~~~~~~~~~~
After OHE
Numerical Index V2 : [70, 71, 72, 73, 74, 75, 76, 77, 78, 79, 80, 81, 82, 83, 84, 85, 86, 87, 88, 89] 


OHE Idx : [0, 1, 2, 3, 4, 5, 6, 7, 8, 9, 10, 11, 12, 13, 14, 15, 16, 17, 18, 19, 20, 21, 22, 23, 24, 25, 26, 27, 28, 29, 30, 31, 32, 33, 34, 35, 36, 37, 38, 39, 40, 41, 42, 43, 44, 45, 46, 47, 48, 49, 50, 51, 52, 53, 54, 55, 56, 57, 58, 59, 60, 61, 62, 63, 64, 65, 66, 67, 68, 69]


Ordinal Idx V2: None


Cat Dims V2 : []
Cat Idx V2 : [13] 
 

Train: [[0. 0. 0. 0. 0.]
 [0. 0. 0. 0. 0.]
 [0. 0. 0. 0. 0.]
 [0. 0. 0. 0. 0.]
 [0. 0. 0. 0. 0.]
 [0. 0. 0. 0. 0.]
 [0. 0. 0. 0. 0.]
 [0. 0. 0. 0. 0.]
 [0. 0. 0. 0. 0.]
 [0. 0. 0. 0. 0.]] 
 
 
Val : (6916, 90) 
 

~~~~~~~~~~~~~~~~~~~~~~~~~~~~~~~~~~~~~~~~~~~~~~~~~~~~~~~~~~~~~~~~~~~~~~~~~~~~~~~
Cat Idx V3 : [0, 1, 2, 3, 4, 5, 6, 7, 8, 9, 10, 11, 12, 13, 14, 15, 16, 17, 18, 19, 20, 21, 22, 23, 24, 25, 26, 27, 28, 29, 30, 31, 32, 33, 34, 35, 36, 37, 38, 39, 40, 41, 42, 43, 44, 45, 46, 47, 48, 49, 50, 51, 52, 53, 54, 55, 56, 57, 58, 59, 60, 61, 62, 63, 64, 65, 66, 67, 68, 69] 
 

~~~~~~~~~~~~~~~~~~~~~~~~~~~~~~~~~~~~~~~~~~~~~~~~~~~~~~~~~~~~~~~~~~~~~~~~~~~~~~~
After ORDINAL
Numerical Index V2 : [70, 71, 72, 73, 74, 75, 76, 77, 78, 79, 80, 81, 82, 83, 84, 85, 86, 87, 88, 89] 


OHE Idx : [0, 1, 2, 3, 4, 5, 6, 7, 8, 9, 10, 11, 12, 13, 14, 15, 16, 17, 18, 19, 20, 21, 22, 23, 24, 25, 26, 27, 28, 29, 30, 31, 32, 33, 34, 35, 36, 37, 38, 39, 40, 41, 42, 43, 44, 45, 46, 47, 48, 49, 50, 51, 52, 53, 54, 55, 56, 57, 58, 59, 60, 61, 62, 63, 64, 65, 66, 67, 68, 69]


Ordinal Idx V2: None


Cat Dims V2 : [3, 3, 3, 3, 3, 3, 3, 3, 3, 3, 3, 3, 3, 3, 3, 3, 3, 3, 3, 3, 3, 3, 3, 3, 3, 3, 3, 3, 3, 3, 3, 3, 3, 3, 3, 3, 3, 3, 3, 3, 3, 3, 3, 3, 3, 3, 3, 3, 3, 3, 3, 3, 3, 3, 3, 3, 3, 3, 3, 3, 3, 3, 3, 3, 3, 3, 3, 3, 3, 3]
Cat Idx V2 : [0, 1, 2, 3, 4, 5, 6, 7, 8, 9, 10, 11, 12, 13, 14, 15, 16, 17, 18, 19, 20, 21, 22, 23, 24, 25, 26, 27, 28, 29, 30, 31, 32, 33, 34, 35, 36, 37, 38, 39, 40, 41, 42, 43, 44, 45, 46, 47, 48, 49, 50, 51, 52, 53, 54, 55, 56, 57, 58, 59, 60, 61, 62, 63, 64, 65, 66, 67, 68, 69] 
 

Train: [[ 0.          0.          0.          0.          0.          0.
   0.          0.          0.          0.          0.          0.
   0.          0.          0.          0.          0.          0.
   0.          0.          0.          0.          0.          0.
   0.          0.          0.          0.          0.          0.
   0.          0.          0.          0.          0.          0.
   0.          0.          0.          0.          0.          0.
   0.          0.          0.          0.          0.          0.
   0.          0.          0.          0.          0.          0.
   0.          0.          0.          0.          0.          0.
   0.          0.          0.          0.          0.          0.
   0.          1.          0.          0.         -0.41021535 -1.45338246
  -1.10854716 -0.111502   -0.91403768 -0.08447234 -0.31220268  0.9209111
  -0.562002   -0.87849243 -0.66013833 -0.48314035 -0.20540599 -0.83926795
  -0.48615507 -1.26065831 -0.06807791  1.44577286 -1.14975814  0.83902006]
 [ 0.          0.          0.          0.          0.          0.
   0.          0.          0.          0.          0.          0.
   0.          0.          0.          0.          0.          0.
   0.          0.          0.          0.          0.          0.
   0.          0.          0.          0.          0.          0.
   0.          0.          0.          0.          0.          0.
   0.          0.          0.          0.          0.          0.
   0.          0.          0.          0.          0.          0.
   0.          1.          0.          0.          0.          0.
   0.          0.          0.          0.          0.          0.
   0.          0.          0.          0.          0.          0.
   0.          0.          0.          0.         -1.52104127 -0.47375868
  -0.74925021 -0.18301719 -0.91403768 -0.08447234 -0.31220268 -0.6245927
  -1.42496954 -1.28943276  0.8581104  -1.02739196 -0.20540599  0.95055814
  -0.66585183 -1.56736905 -0.21870313  1.44577286 -0.50786863  0.95388333]
 [ 0.          0.          0.          0.          0.          0.
   0.          0.          0.          0.          0.          0.
   1.          0.          0.          0.          0.          0.
   0.          0.          0.          0.          0.          0.
   0.          0.          0.          0.          0.          0.
   0.          0.          0.          0.          0.          0.
   0.          0.          0.          0.          0.          0.
   0.          0.          0.          0.          0.          0.
   0.          0.          0.          0.          0.          0.
   0.          0.          0.          0.          0.          0.
   0.          0.          0.          0.          0.          0.
   0.          0.          0.          0.          0.70061056  0.50586511
  -0.17219752 -0.14289064  0.92093607 -0.08447234  2.27520744  0.9209111
  -0.562002    0.16094487 -0.66013833  0.77544147 -0.20540599 -2.64497152
   1.49050923 -0.25289445 -0.14420247 -0.69167158  0.13402089 -0.88392901]
 [ 0.          0.          0.          0.          0.          0.
   0.          0.          0.          0.          0.          0.
   0.          0.          0.          0.          0.          0.
   0.          0.          0.          0.          0.          0.
   0.          0.          0.          0.          0.          0.
   0.          0.          0.          0.          0.          0.
   0.          0.          0.          0.          0.          0.
   1.          0.          0.          0.          0.          0.
   0.          0.          0.          0.          0.          0.
   0.          0.          0.          0.          0.          0.
   0.          0.          0.          0.          0.          0.
   0.          0.          0.          0.          0.70061056  2.13857141
  -0.1068708  -0.23762917  0.92093607 -0.08447234 -0.31220268 -0.6245927
   1.16393309  0.23346375 -0.66013833  1.28567735 -0.20540599  0.94117598
  -1.0108696  -0.74947374 -0.30288092 -0.69167158  0.13402089  1.75792623]
 [ 0.          0.          0.          0.          0.          0.
   0.          0.          0.          0.          0.          0.
   0.          0.          0.          0.          0.          0.
   0.          0.          0.          0.          0.          0.
   0.          0.          0.          0.          0.          0.
   1.          0.          0.          0.          0.          0.
   0.          0.          0.          0.          0.          0.
   0.          0.          0.          0.          0.          0.
   0.          0.          0.          0.          0.          0.
   0.          0.          0.          0.          0.          0.
   0.          0.          0.          0.          0.          0.
   0.          0.          0.          0.         -0.41021535  0.50586511
  -0.17219752 -0.12978376  0.92093607 -0.08447234 -0.31220268 -0.6245927
   0.30096555  0.16094487 -0.66013833  0.57134712 -0.20540599 -0.56213359
  -0.11238582 -0.09223644 -0.1898043  -0.69167158 -0.50786863 -0.99879228]
 [ 0.          0.          0.          0.          0.          0.
   0.          0.          0.          0.          0.          0.
   0.          0.          0.          0.          0.          0.
   0.          0.          0.          0.          0.          0.
   0.          0.          0.          0.          0.          0.
   0.          0.          0.          0.          0.          0.
   0.          0.          0.          0.          0.          0.
   0.          0.          0.          0.          0.          0.
   0.          0.          0.          0.          0.          0.
   0.          0.          0.          0.          0.          0.
   0.          0.          0.          0.          0.          0.
   0.          0.          1.          0.         -1.52104127 -1.45338246
  -1.21742503 -0.17601837 -0.91403768 -0.08447234 -0.31220268 -0.6245927
  -3.15090463 -0.99935723 -0.66013833 -1.80975363 -0.20540599 -1.25063927
  -0.65866396 -0.20907863 -0.16103803  1.44577286 -0.82881338 -0.88392901]
 [ 0.          0.          0.          0.          0.          0.
   0.          0.          0.          0.          0.          0.
   0.          0.          0.          0.          0.          0.
   0.          1.          0.          0.          0.          0.
   0.          0.          0.          0.          0.          0.
   0.          0.          0.          0.          0.          0.
   0.          0.          0.          0.          0.          0.
   0.          0.          0.          0.          0.          0.
   0.          0.          0.          0.          0.          0.
   0.          0.          0.          0.          0.          0.
   0.          0.          0.          0.          0.          0.
   0.          0.          0.          0.         -0.41021535  0.50586511
   0.1326605  -0.11884016  0.92093607 -0.08447234 -0.31220268 -0.6245927
   0.30096555  0.49936632 -0.66013833  0.5373314  -0.20540599 -1.01031181
   0.0744988   0.30210594 -0.10155018 -0.69167158  0.45496564  1.29847314]
 [ 0.          0.          0.          0.          0.          0.
   0.          0.          0.          0.          0.          0.
   0.          0.          0.          0.          0.          0.
   0.          0.          0.          0.          0.          0.
   0.          0.          0.          0.          0.          0.
   0.          0.          0.          0.          0.          0.
   0.          0.          0.          0.          0.          0.
   0.          0.          0.          0.          0.          0.
   0.          0.          0.          0.          0.          0.
   0.          0.          0.          1.          0.          0.
   0.          0.          0.          0.          0.          0.
   0.          0.          0.          0.         -0.41021535 -0.14721742
  -0.31373875 -0.18026008 -0.91403768 -0.08447234 -0.31220268  0.9209111
  -0.562002   -0.66093579  0.58618526 -0.24503028 -0.20540599  1.21470183
  -0.8886758  -0.76407901 -0.20478397  1.44577286 -1.14975814  0.03497716]
 [ 0.          0.          0.          0.          0.          0.
   0.          0.          0.          0.          0.          0.
   0.          0.          0.          0.          0.          0.
   0.          0.          0.          0.          0.          0.
   0.          0.          0.          0.          0.          0.
   0.          0.          0.          0.          0.          0.
   0.          0.          0.          0.          0.          0.
   0.          0.          0.          0.          0.          0.
   0.          0.          0.          0.          0.          0.
   0.          0.          0.          0.          0.          0.
   0.          0.          1.          0.          0.          0.
   0.          0.          0.          0.         -0.41021535 -0.47375868
  -0.60770898 -0.06399488 -0.91403768 -0.08447234 -0.31220268 -0.6245927
   0.30096555 -0.68510875  0.01967453  0.23118987 -0.20540599  1.38502399
  -0.601161   -0.19447335  0.01725981 -0.69167158  0.13402089  0.03497716]
 [ 0.          0.          0.          0.          0.          0.
   0.          0.          0.          0.          0.          0.
   0.          0.          0.          0.          0.          0.
   0.          0.          0.          0.          0.          0.
   0.          1.          0.          0.          0.          0.
   0.          0.          0.          0.          0.          0.
   0.          0.          0.          0.          0.          0.
   0.          0.          0.          0.          0.          0.
   0.          0.          0.          0.          0.          0.
   0.          0.          0.          0.          0.          0.
   0.          0.          0.          0.          0.          0.
   0.          0.          0.          0.         -0.41021535 -0.47375868
  -0.58593341 -0.09542593 -0.91403768 -0.08447234 -0.31220268  2.4664149
  -1.42496954 -1.22900036  1.08471469 -0.82329761 -0.20540599  0.11987676
  -0.04769499  0.03921102 -0.07222052 -0.69167158 -0.18692387  0.03497716]] 
 
 
Val : (6916, 90) 
 

FINISHED ENCODING
~~~~~~~~~~~~~~~~~~~~~~~~~~~~~~~~~~~~~~~~~~~~~~~~~~~~~~~~~~~~~~~~~~~~~~~~~~~~~~~


~~~~~~~~~~~~~~~~~~~~~~~~~~~~~~~~~~~~~~~~~~~~~~~~~~~~~~~~~~~~~~~~~~~~~~~~~~~~~~~
Test numpy array issues
X dtype: float64
X Val dtype: float64
X dtype: float32
X Val dtype: float32
After Debugging -- Inner Fold 5
DEBUG Inner Fold 5: num_features: 90
DEBUG Inner Fold 5: num_classes: 1
DEBUG Inner Fold 5: cat_idx: [0, 1, 2, 3, 4, 5, 6, 7, 8, 9, 10, 11, 12, 13, 14, 15, 16, 17, 18, 19, 20, 21, 22, 23, 24, 25, 26, 27, 28, 29, 30, 31, 32, 33, 34, 35, 36, 37, 38, 39, 40, 41, 42, 43, 44, 45, 46, 47, 48, 49, 50, 51, 52, 53, 54, 55, 56, 57, 58, 59, 60, 61, 62, 63, 64, 65, 66, 67, 68, 69]
DEBUG Inner Fold 5: nominal_idx: [0, 1, 2, 3, 4, 5, 6, 7, 8, 9, 10, 11, 12, 13, 14, 15, 16, 17, 18, 19, 20, 21, 22, 23, 24, 25, 26, 27, 28, 29, 30, 31, 32, 33, 34, 35, 36, 37, 38, 39, 40, 41, 42, 43, 44, 45, 46, 47, 48, 49, 50, 51, 52, 53, 54, 55, 56, 57, 58, 59, 60, 61, 62, 63, 64, 65, 66, 67, 68, 69]
DEBUG Inner Fold 5: ordinal_idx: None
DEBUG Inner Fold 5: num_idx: [70, 71, 72, 73, 74, 75, 76, 77, 78, 79, 80, 81, 82, 83, 84, 85, 86, 87, 88, 89]
DEBUG Inner Fold 5: cat_dims: [3, 3, 3, 3, 3, 3, 3, 3, 3, 3, 3, 3, 3, 3, 3, 3, 3, 3, 3, 3, 3, 3, 3, 3, 3, 3, 3, 3, 3, 3, 3, 3, 3, 3, 3, 3, 3, 3, 3, 3, 3, 3, 3, 3, 3, 3, 3, 3, 3, 3, 3, 3, 3, 3, 3, 3, 3, 3, 3, 3, 3, 3, 3, 3, 3, 3, 3, 3, 3, 3]
DEBUG Inner Fold 5: bin_alt: None
In get_device
Using dim 8 and batch size 64
**** Data b4 Fitting ****
Epoch 0 loss 453518786560.0
Epoch 1 loss 446422188032.0
Epoch 2 loss 403552206848.0
Epoch 3 loss 289448034304.0
Epoch 4 loss 175123693568.0
Epoch 5 loss 155910209536.0
Epoch 6 loss 155451162624.0
Epoch 7 loss 155424931840.0
Epoch 8 loss 155428093952.0
Epoch 9 loss 155502215168.0
Epoch 10 loss 155488796672.0
Epoch 11 loss 155630944256.0
Epoch 12 loss 155461681152.0
Epoch 13 loss 155411546112.0
Epoch 14 loss 155432812544.0
Epoch 15 loss 141003276288.0
Epoch 16 loss 95885942784.0
Epoch 17 loss 72207048704.0
Epoch 18 loss 58299400192.0
Epoch 19 loss 58928353280.0
Epoch 20 loss 47165845504.0
Epoch 21 loss 43801456640.0
Epoch 22 loss 39460642816.0
Epoch 23 loss 32423845888.0
Epoch 24 loss 34613022720.0
Epoch 25 loss 32016781312.0
Epoch 26 loss 38369513472.0
Epoch 27 loss 29975218176.0
Epoch 28 loss 27645634560.0
Epoch 29 loss 27894063104.0
Epoch 30 loss 26078423040.0
Epoch 31 loss 25927276544.0
Epoch 32 loss 28792209408.0
Epoch 33 loss 23469533184.0
Epoch 34 loss 24785924096.0
Epoch 35 loss 23321288704.0
Epoch 36 loss 22601398272.0
Epoch 37 loss 22011533312.0
Epoch 38 loss 21575501824.0
Epoch 39 loss 21937405952.0
Epoch 40 loss 21801453568.0
Epoch 41 loss 20472266752.0
Epoch 42 loss 23196844032.0
Epoch 43 loss 21764470784.0
Epoch 44 loss 21871519744.0
Epoch 45 loss 23301427200.0
Epoch 46 loss 21811339264.0
Epoch 47 loss 19959869440.0
Epoch 48 loss 19034892288.0
Epoch 49 loss 22272833536.0
Epoch 50 loss 25633320960.0
Epoch 51 loss 20670801920.0
Epoch 52 loss 19716290560.0
Epoch 53 loss 18924949504.0
Epoch 54 loss 19326390272.0
Epoch 55 loss 18621669376.0
Epoch 56 loss 32634327040.0
Epoch 57 loss 24448987136.0
Epoch 58 loss 19994275840.0
Epoch 59 loss 23560044544.0
Epoch 60 loss 25848365056.0
Epoch 61 loss 20367851520.0
Epoch 62 loss 20931688448.0
Epoch 63 loss 18465556480.0
Epoch 64 loss 21888923648.0
Epoch 65 loss 17172917248.0
Epoch 66 loss 16823384064.0
Epoch 67 loss 20409655296.0
Epoch 68 loss 18008283136.0
Epoch 69 loss 18608252928.0
Epoch 70 loss 17653344256.0
Epoch 71 loss 18315143168.0
Epoch 72 loss 18326816768.0
Epoch 73 loss 22968309760.0
Epoch 74 loss 20377749504.0
Epoch 75 loss 19538235392.0
Epoch 76 loss 19893096448.0
Epoch 77 loss 21823393792.0
Epoch 78 loss 19111483392.0
Epoch 79 loss 17153511424.0
Epoch 80 loss 19499296768.0
Epoch 81 loss 17148253184.0
Epoch 82 loss 16681207808.0
Epoch 83 loss 21126998016.0
Epoch 84 loss 17799811072.0
Epoch 85 loss 16247067648.0
Epoch 86 loss 18823979008.0
Epoch 87 loss 17198288896.0
Epoch 88 loss 18908551168.0
Epoch 89 loss 19843964928.0
Epoch 90 loss 17628035072.0
Epoch 91 loss 16699006976.0
Epoch 92 loss 17739534336.0
Epoch 93 loss 15851278336.0
Epoch 94 loss 17164547072.0
Epoch 95 loss 17168449536.0
Epoch 96 loss 18407555072.0
Epoch 97 loss 16180483072.0
Epoch 98 loss 18267555840.0
Epoch 99 loss 17669826560.0
Inner Fold 5 Results: {'MSE - mean': 66940864450.669754, 'MSE - std': 68147323870.727844, 'R2 - mean': 0.537080246815443, 'R2 - std': 0.4387943035619612}
Trial Results B4 Saving: {'MSE - mean': 66940864450.669754, 'MSE - std': 68147323870.727844, 'R2 - mean': 0.537080246815443, 'R2 - std': 0.4387943035619612}
Score: 66940864450.669754
  outer_1_inner Fold 1/5
Before Debugging -- Inner Fold 1
DEBUG Inner Fold 1: num_features: 21
DEBUG Inner Fold 1: num_classes: 1
DEBUG Inner Fold 1: cat_idx: [0]
DEBUG Inner Fold 1: nominal_idx: [13]
DEBUG Inner Fold 1: ordinal_idx: None
DEBUG Inner Fold 1: num_idx: None
DEBUG Inner Fold 1: cat_dims: [2]
DEBUG Inner Fold 1: bin_alt: None
~~~~~~~~~~~~~~~~~~~~~~~~~~~~~~~~~~~~~~~~~~~~~~~~~~~~~~~~~~~~~~~~~~~~~~~~~~~~~~~
BEFORE ANY ENCODING
num_features :21
num_classes : 1
cat_idx : [0]
nominal_idx : [13]
ordinal_idx : None
num_idx : None
cat_dims : [2]
bin_alt : None 


X_train shape : (6915, 21)
~~~~~~~~~~~~~~~~~~~~~~~~~~~~~~~~~~~~~~~~~~~~~~~~~~~~~~~~~~~~~~~~~~~~~~~~~~~~~~~
~~~~~~~~~~~~~~~~~~~~~~~~~~~~~~~~~~~~~~~~~~~~~~~~~~~~~~~~~~~~~~~~~~~~~~~~~~~~~~~
AFTER getting cat idx
Nominal Index : [13]
Ordinal Index : None
Cat Idx : [0]
Cat dims : [2]
~~~~~~~~~~~~~~~~~~~~~~~~~~~~~~~~~~~~~~~~~~~~~~~~~~~~~~~~~~~~~~~~~~~~~~~~~~~~~~~
BEFORE getting cat idx
Nominal Index : [13]
Ordinal Index : None
Cat Idx : [13]
Cat dims : []
~~~~~~~~~~~~~~~~~~~~~~~~~~~~~~~~~~~~~~~~~~~~~~~~~~~~~~~~~~~~~~~~~~~~~~~~~~~~~~~ 


AFTER SEPARATING CATEGORICALS AND NUMERICALS
Ordinal Index : None
Numerical Index V1 : [0, 1, 2, 3, 4, 5, 6, 7, 8, 9, 10, 11, 12, 14, 15, 16, 17, 18, 19, 20]
Cat Idx V1 : [13] 
Cat Dims V1 : []
 

~~~~~~~~~~~~~~~~~~~~~~~~~~~~~~~~~~~~~~~~~~~~~~~~~~~~~~~~~~~~~~~~~~~~~~~~~~~~~~~ 


Scaling the data...
One Hot Encoding...
Ord : None, Nom : [13], Num : [0, 1, 2, 3, 4, 5, 6, 7, 8, 9, 10, 11, 12, 14, 15, 16, 17, 18, 19, 20]
Num idx: [70, 71, 72, 73, 74, 75, 76, 77, 78, 79, 80, 81, 82, 83, 84, 85, 86, 87, 88, 89]
Ord : None, Nom : [0, 1, 2, 3, 4, 5, 6, 7, 8, 9, 10, 11, 12, 13, 14, 15, 16, 17, 18, 19, 20, 21, 22, 23, 24, 25, 26, 27, 28, 29, 30, 31, 32, 33, 34, 35, 36, 37, 38, 39, 40, 41, 42, 43, 44, 45, 46, 47, 48, 49, 50, 51, 52, 53, 54, 55, 56, 57, 58, 59, 60, 61, 62, 63, 64, 65, 66, 67, 68, 69], Num : [70, 71, 72, 73, 74, 75, 76, 77, 78, 79, 80, 81, 82, 83, 84, 85, 86, 87, 88, 89]
Nominal : (70, 70)
~~~~~~~~~~~~~~~~~~~~~~~~~~~~~~~~~~~~~~~~~~~~~~~~~~~~~~~~~~~~~~~~~~~~~~~~~~~~~~~
After OHE
Numerical Index V2 : [70, 71, 72, 73, 74, 75, 76, 77, 78, 79, 80, 81, 82, 83, 84, 85, 86, 87, 88, 89] 


OHE Idx : [0, 1, 2, 3, 4, 5, 6, 7, 8, 9, 10, 11, 12, 13, 14, 15, 16, 17, 18, 19, 20, 21, 22, 23, 24, 25, 26, 27, 28, 29, 30, 31, 32, 33, 34, 35, 36, 37, 38, 39, 40, 41, 42, 43, 44, 45, 46, 47, 48, 49, 50, 51, 52, 53, 54, 55, 56, 57, 58, 59, 60, 61, 62, 63, 64, 65, 66, 67, 68, 69]


Ordinal Idx V2: None


Cat Dims V2 : []
Cat Idx V2 : [13] 
 

Train: [[0. 0. 0. 0. 0.]
 [0. 0. 0. 0. 0.]
 [0. 0. 0. 0. 0.]
 [0. 0. 0. 0. 0.]
 [0. 0. 0. 0. 0.]
 [0. 0. 0. 0. 0.]
 [0. 0. 0. 0. 0.]
 [0. 0. 0. 0. 0.]
 [0. 0. 0. 0. 0.]
 [0. 0. 0. 0. 0.]] 
 
 
Val : (6915, 90) 
 

~~~~~~~~~~~~~~~~~~~~~~~~~~~~~~~~~~~~~~~~~~~~~~~~~~~~~~~~~~~~~~~~~~~~~~~~~~~~~~~
Cat Idx V3 : [0, 1, 2, 3, 4, 5, 6, 7, 8, 9, 10, 11, 12, 13, 14, 15, 16, 17, 18, 19, 20, 21, 22, 23, 24, 25, 26, 27, 28, 29, 30, 31, 32, 33, 34, 35, 36, 37, 38, 39, 40, 41, 42, 43, 44, 45, 46, 47, 48, 49, 50, 51, 52, 53, 54, 55, 56, 57, 58, 59, 60, 61, 62, 63, 64, 65, 66, 67, 68, 69] 
 

~~~~~~~~~~~~~~~~~~~~~~~~~~~~~~~~~~~~~~~~~~~~~~~~~~~~~~~~~~~~~~~~~~~~~~~~~~~~~~~
After ORDINAL
Numerical Index V2 : [70, 71, 72, 73, 74, 75, 76, 77, 78, 79, 80, 81, 82, 83, 84, 85, 86, 87, 88, 89] 


OHE Idx : [0, 1, 2, 3, 4, 5, 6, 7, 8, 9, 10, 11, 12, 13, 14, 15, 16, 17, 18, 19, 20, 21, 22, 23, 24, 25, 26, 27, 28, 29, 30, 31, 32, 33, 34, 35, 36, 37, 38, 39, 40, 41, 42, 43, 44, 45, 46, 47, 48, 49, 50, 51, 52, 53, 54, 55, 56, 57, 58, 59, 60, 61, 62, 63, 64, 65, 66, 67, 68, 69]


Ordinal Idx V2: None


Cat Dims V2 : [3, 3, 3, 3, 3, 3, 3, 3, 3, 3, 3, 3, 3, 3, 3, 3, 3, 3, 3, 3, 3, 3, 3, 3, 3, 3, 3, 3, 3, 3, 3, 3, 3, 3, 3, 3, 3, 3, 3, 3, 3, 3, 3, 3, 3, 3, 3, 3, 3, 3, 3, 3, 3, 3, 3, 3, 3, 3, 3, 3, 3, 3, 3, 3, 3, 3, 3, 3, 3, 3]
Cat Idx V2 : [0, 1, 2, 3, 4, 5, 6, 7, 8, 9, 10, 11, 12, 13, 14, 15, 16, 17, 18, 19, 20, 21, 22, 23, 24, 25, 26, 27, 28, 29, 30, 31, 32, 33, 34, 35, 36, 37, 38, 39, 40, 41, 42, 43, 44, 45, 46, 47, 48, 49, 50, 51, 52, 53, 54, 55, 56, 57, 58, 59, 60, 61, 62, 63, 64, 65, 66, 67, 68, 69] 
 

Train: [[ 0.          0.          0.          0.          0.          0.
   0.          0.          0.          0.          0.          0.
   0.          0.          0.          0.          0.          0.
   0.          0.          0.          0.          0.          0.
   0.          0.          0.          0.          0.          0.
   0.          0.          0.          0.          0.          0.
   0.          0.          0.          0.          0.          0.
   0.          0.          0.          0.          0.          0.
   0.          0.          0.          0.          0.          0.
   0.          0.          0.          0.          0.          0.
   0.          0.          0.          0.          0.          0.
   0.          1.          0.          0.         -0.40800336 -1.4636497
  -1.11809154 -0.11706556 -0.91278871 -0.08871625 -0.30792431  0.89609687
  -0.55947538 -0.88644539 -0.66037967 -0.46688419 -0.22206866 -0.82049994
  -0.49905598 -1.25350496 -0.07103198  1.4437104  -1.14017854  0.84623769]
 [ 0.          0.          0.          0.          0.          0.
   0.          0.          0.          0.          0.          0.
   0.          0.          0.          0.          0.          0.
   0.          0.          0.          0.          0.          0.
   0.          0.          0.          0.          0.          0.
   0.          0.          0.          0.          0.          0.
   0.          0.          0.          0.          0.          0.
   0.          0.          0.          0.          0.          0.
   0.          1.          0.          0.          0.          0.
   0.          0.          0.          0.          0.          0.
   0.          0.          0.          0.          0.          0.
   0.          0.          0.          0.         -1.52404102 -0.47894358
  -0.75385093 -0.19060721 -0.91278871 -0.08871625 -0.30792431 -0.63390556
  -1.41920255 -1.30382134  0.8607375  -1.01119377 -0.22206866  0.9630068
  -0.67790582 -1.56199562 -0.22955533  1.4437104  -0.50063161  0.96120524]
 [ 0.          0.          0.          0.          0.          0.
   0.          0.          0.          0.          0.          0.
   1.          0.          0.          0.          0.          0.
   0.          0.          0.          0.          0.          0.
   0.          0.          0.          0.          0.          0.
   0.          0.          0.          0.          0.          0.
   0.          0.          0.          0.          0.          0.
   0.          0.          0.          0.          0.          0.
   0.          0.          0.          0.          0.          0.
   0.          0.          0.          0.          0.          0.
   0.          0.          0.          0.          0.          0.
   0.          0.          0.          0.          0.70803431  0.50576253
  -0.16885843 -0.14934363  0.94420862 -0.08871625  2.27304128  0.89609687
  -0.55947538  0.16927026 -0.66037967  0.7918317  -0.22206866 -2.61982812
   1.46829229 -0.23989278 -0.15114818 -0.69265969  0.13891533 -0.87827565]
 [ 0.          0.          0.          0.          0.          0.
   0.          0.          0.          0.          0.          0.
   0.          0.          0.          0.          0.          0.
   0.          0.          0.          0.          0.          0.
   0.          0.          0.          0.          0.          0.
   0.          0.          0.          0.          0.          0.
   0.          0.          0.          0.          0.          0.
   0.          0.          0.          0.          0.          0.
   0.          0.          0.          0.          0.          0.
   0.          1.          0.          0.          0.          0.
   0.          0.          0.          0.          0.          0.
   0.          0.          0.          0.         -1.52404102 -1.4636497
  -1.28365545 -0.16995361 -0.91278871 -0.08871625 -0.30792431 -0.63390556
  -1.41920255 -1.07058184 -0.66037967 -1.18129051 -0.22206866  1.26361399
  -0.65644384 -0.98908439 -0.22104494 -0.69265969  0.4586888   1.19114036]
 [ 0.          0.          0.          0.          0.          0.
   0.          0.          0.          0.          0.          0.
   0.          0.          0.          0.          0.          0.
   0.          0.          0.          0.          0.          0.
   0.          0.          0.          0.          0.          0.
   0.          0.          0.          0.          0.          0.
   0.          0.          0.          0.          0.          0.
   1.          0.          0.          0.          0.          0.
   0.          0.          0.          0.          0.          0.
   0.          0.          0.          0.          0.          0.
   0.          0.          0.          0.          0.          0.
   0.          0.          0.          0.          0.70803431  2.14693938
  -0.10263287 -0.24676669  0.94420862 -0.08871625 -0.30792431 -0.63390556
   1.15997896  0.24292484 -0.66037967  1.30212192 -0.22206866  0.95365777
  -1.02129752 -0.73935385 -0.31814704 -0.69265969  0.13891533  1.76597814]
 [ 0.          0.          0.          0.          0.          0.
   0.          0.          0.          0.          0.          0.
   0.          0.          0.          0.          0.          0.
   0.          0.          0.          0.          0.          0.
   0.          0.          0.          0.          0.          0.
   1.          0.          0.          0.          0.          0.
   0.          0.          0.          0.          0.          0.
   0.          0.          0.          0.          0.          0.
   0.          0.          0.          0.          0.          0.
   0.          0.          0.          0.          0.          0.
   0.          0.          0.          0.          0.          0.
   0.          0.          0.          0.         -0.40800336  0.50576253
  -0.16885843 -0.13586536  0.94420862 -0.08871625 -0.30792431 -0.63390556
   0.30025179  0.16927026 -0.66037967  0.58771561 -0.22206866 -0.54434406
  -0.12704831 -0.07830244 -0.19914117 -0.69265969 -0.50063161 -0.9932432 ]
 [ 0.          0.          0.          0.          0.          0.
   0.          0.          0.          0.          0.          0.
   0.          0.          0.          0.          0.          0.
   0.          0.          0.          0.          0.          0.
   0.          0.          0.          0.          0.          0.
   0.          0.          0.          0.          0.          0.
   0.          0.          0.          0.          0.          0.
   0.          0.          0.          0.          0.          0.
   0.          1.          0.          0.          0.          0.
   0.          0.          0.          0.          0.          0.
   0.          0.          0.          0.          0.          0.
   0.          0.          0.          0.         -1.52404102 -0.80717896
  -0.67658777 -0.21176243  0.01570996 -0.08871625 -0.30792431 -0.63390556
  -0.55947538 -0.39541485 -0.66037967 -1.99775487 -0.22206866  0.90835095
  -0.7065218  -0.29865291 -0.31954218  1.4437104  -1.77972547  1.42107547]
 [ 0.          0.          0.          0.          0.          0.
   0.          0.          0.          0.          0.          0.
   0.          0.          0.          0.          0.          0.
   0.          0.          0.          0.          0.          0.
   0.          0.          0.          0.          0.          0.
   0.          0.          0.          0.          0.          0.
   0.          0.          0.          0.          0.          0.
   0.          0.          0.          0.          0.          0.
   0.          0.          0.          0.          0.          0.
   0.          0.          0.          0.          0.          0.
   0.          0.          0.          0.          0.          0.
   0.          0.          1.          0.         -1.52404102 -1.4636497
  -1.22846748 -0.18341008 -0.91278871 -0.08871625 -0.30792431 -0.63390556
  -3.13865689 -1.00920302 -0.66037967 -1.79363878 -0.22206866 -1.23041883
  -0.67075183 -0.19582269 -0.16886652  1.4437104  -0.82040507 -0.87827565]
 [ 0.          0.          0.          0.          0.          0.
   0.          0.          0.          0.          0.          0.
   0.          0.          0.          0.          0.          0.
   0.          0.          0.          0.          0.          0.
   0.          0.          0.          0.          0.          0.
   0.          0.          0.          0.          0.          0.
   0.          0.          0.          0.          0.          0.
   0.          0.          0.          0.          0.          0.
   0.          0.          0.          0.          0.          0.
   0.          0.          0.          1.          0.          0.
   0.          0.          0.          0.          0.          0.
   0.          0.          0.          0.         -0.40800336 -0.15070821
  -0.31234716 -0.18777198 -0.91278871 -0.08871625 -0.30792431  0.89609687
  -0.55947538 -0.66548165  0.5882986  -0.22874876 -0.22206866  1.22621788
  -0.89967963 -0.75404388 -0.21490631  1.4437104  -1.14017854  0.0414648 ]
 [ 0.          0.          0.          0.          0.          0.
   0.          0.          0.          0.          0.          0.
   0.          0.          0.          0.          0.          0.
   0.          0.          0.          0.          0.          0.
   0.          0.          0.          0.          0.          0.
   0.          0.          0.          0.          0.          0.
   0.          0.          0.          0.          0.          0.
   0.          0.          0.          0.          0.          0.
   0.          0.          0.          0.          0.          0.
   0.          0.          0.          0.          0.          0.
   0.          0.          1.          0.          0.          0.
   0.          0.          0.          0.         -0.40800336 -0.47894358
  -0.6103622  -0.06821227 -0.91278871 -0.08871625 -0.30792431 -0.63390556
   0.30025179 -0.69003317  0.02071757  0.24752212 -0.22206866  1.39593868
  -0.61351988 -0.18113266  0.01878048 -0.69265969  0.13891533  0.0414648 ]] 
 
 
Val : (6915, 90) 
 

FINISHED ENCODING
~~~~~~~~~~~~~~~~~~~~~~~~~~~~~~~~~~~~~~~~~~~~~~~~~~~~~~~~~~~~~~~~~~~~~~~~~~~~~~~


~~~~~~~~~~~~~~~~~~~~~~~~~~~~~~~~~~~~~~~~~~~~~~~~~~~~~~~~~~~~~~~~~~~~~~~~~~~~~~~
Test numpy array issues
X dtype: float64
X Val dtype: float64
X dtype: float32
X Val dtype: float32
After Debugging -- Inner Fold 1
DEBUG Inner Fold 1: num_features: 90
DEBUG Inner Fold 1: num_classes: 1
DEBUG Inner Fold 1: cat_idx: [0, 1, 2, 3, 4, 5, 6, 7, 8, 9, 10, 11, 12, 13, 14, 15, 16, 17, 18, 19, 20, 21, 22, 23, 24, 25, 26, 27, 28, 29, 30, 31, 32, 33, 34, 35, 36, 37, 38, 39, 40, 41, 42, 43, 44, 45, 46, 47, 48, 49, 50, 51, 52, 53, 54, 55, 56, 57, 58, 59, 60, 61, 62, 63, 64, 65, 66, 67, 68, 69]
DEBUG Inner Fold 1: nominal_idx: [0, 1, 2, 3, 4, 5, 6, 7, 8, 9, 10, 11, 12, 13, 14, 15, 16, 17, 18, 19, 20, 21, 22, 23, 24, 25, 26, 27, 28, 29, 30, 31, 32, 33, 34, 35, 36, 37, 38, 39, 40, 41, 42, 43, 44, 45, 46, 47, 48, 49, 50, 51, 52, 53, 54, 55, 56, 57, 58, 59, 60, 61, 62, 63, 64, 65, 66, 67, 68, 69]
DEBUG Inner Fold 1: ordinal_idx: None
DEBUG Inner Fold 1: num_idx: [70, 71, 72, 73, 74, 75, 76, 77, 78, 79, 80, 81, 82, 83, 84, 85, 86, 87, 88, 89]
DEBUG Inner Fold 1: cat_dims: [3, 3, 3, 3, 3, 3, 3, 3, 3, 3, 3, 3, 3, 3, 3, 3, 3, 3, 3, 3, 3, 3, 3, 3, 3, 3, 3, 3, 3, 3, 3, 3, 3, 3, 3, 3, 3, 3, 3, 3, 3, 3, 3, 3, 3, 3, 3, 3, 3, 3, 3, 3, 3, 3, 3, 3, 3, 3, 3, 3, 3, 3, 3, 3, 3, 3, 3, 3, 3, 3]
DEBUG Inner Fold 1: bin_alt: None
In get_device
Using dim 8 and batch size 64
**** Data b4 Fitting ****
Epoch 0 loss 473615237120.0
Epoch 1 loss 464039804928.0
Epoch 2 loss 440805228544.0
Epoch 3 loss 334888599552.0
Epoch 4 loss 191021514752.0
Epoch 5 loss 201542975488.0
Epoch 6 loss 158123819008.0
Epoch 7 loss 117008449536.0
Epoch 8 loss 98460549120.0
Epoch 9 loss 87792222208.0
Epoch 10 loss 75886051328.0
Epoch 11 loss 74501939200.0
Epoch 12 loss 64323878912.0
Epoch 13 loss 59830116352.0
Epoch 14 loss 56863907840.0
Epoch 15 loss 54547468288.0
Epoch 16 loss 52121755648.0
Epoch 17 loss 63071539200.0
Epoch 18 loss 53822279680.0
Epoch 19 loss 46680887296.0
Epoch 20 loss 45704486912.0
Epoch 21 loss 50393554944.0
Epoch 22 loss 45104844800.0
Epoch 23 loss 42429112320.0
Epoch 24 loss 41379246080.0
Epoch 25 loss 43355893760.0
Epoch 26 loss 41401090048.0
Epoch 27 loss 41389518848.0
Epoch 28 loss 41361797120.0
Epoch 29 loss 40292241408.0
Epoch 30 loss 37218091008.0
Epoch 31 loss 39880638464.0
Epoch 32 loss 39225241600.0
Epoch 33 loss 35280576512.0
Epoch 34 loss 35021901824.0
Epoch 35 loss 35021414400.0
Epoch 36 loss 33464471552.0
Epoch 37 loss 33632208896.0
Epoch 38 loss 36273254400.0
Epoch 39 loss 37850537984.0
Epoch 40 loss 32673636352.0
Epoch 41 loss 32969431040.0
Epoch 42 loss 35027226624.0
Epoch 43 loss 32797646848.0
Epoch 44 loss 32945426432.0
Epoch 45 loss 29805203456.0
Epoch 46 loss 30295457792.0
Epoch 47 loss 28951187456.0
Epoch 48 loss 29556834304.0
Epoch 49 loss 29624838144.0
Epoch 50 loss 30285465600.0
Epoch 51 loss 30294118400.0
Epoch 52 loss 29999882240.0
Epoch 53 loss 29633724416.0
Epoch 54 loss 27028807680.0
Epoch 55 loss 31289632768.0
Epoch 56 loss 27734990848.0
Epoch 57 loss 32732393472.0
Epoch 58 loss 26394904576.0
Epoch 59 loss 28840986624.0
Epoch 60 loss 28518909952.0
Epoch 61 loss 27194484736.0
Epoch 62 loss 27625844736.0
Epoch 63 loss 28421992448.0
Epoch 64 loss 26010859520.0
Epoch 65 loss 26535798784.0
Epoch 66 loss 26219810816.0
Epoch 67 loss 27497285632.0
Epoch 68 loss 30486130688.0
Epoch 69 loss 27800072192.0
Epoch 70 loss 26281658368.0
Epoch 71 loss 28474202112.0
Epoch 72 loss 26588051456.0
Epoch 73 loss 25971744768.0
Epoch 74 loss 24736094208.0
Epoch 75 loss 28811917312.0
Epoch 76 loss 24084156416.0
Epoch 77 loss 26649241600.0
Epoch 78 loss 25571149824.0
Epoch 79 loss 25449314304.0
Epoch 80 loss 26278950912.0
Epoch 81 loss 23534489600.0
Epoch 82 loss 25899634688.0
Epoch 83 loss 25435932672.0
Epoch 84 loss 27428141056.0
Epoch 85 loss 28414504960.0
Epoch 86 loss 29999826944.0
Epoch 87 loss 24506279936.0
Epoch 88 loss 25853626368.0
Epoch 89 loss 25687648256.0
Epoch 90 loss 27329912832.0
Epoch 91 loss 23991930880.0
Epoch 92 loss 24988977152.0
Epoch 93 loss 24436285440.0
Epoch 94 loss 24918640640.0
Epoch 95 loss 22844925952.0
Epoch 96 loss 25757888512.0
Epoch 97 loss 22950807552.0
Epoch 98 loss 25402036224.0
Epoch 99 loss 23519383552.0
Inner Fold 1 Results: {'MSE - mean': 23879920814.004513, 'MSE - std': 0.0, 'R2 - mean': 0.8670168636030626, 'R2 - std': 0.0}
  outer_1_inner Fold 2/5
Before Debugging -- Inner Fold 2
DEBUG Inner Fold 2: num_features: 21
DEBUG Inner Fold 2: num_classes: 1
DEBUG Inner Fold 2: cat_idx: [0]
DEBUG Inner Fold 2: nominal_idx: [13]
DEBUG Inner Fold 2: ordinal_idx: None
DEBUG Inner Fold 2: num_idx: None
DEBUG Inner Fold 2: cat_dims: [2]
DEBUG Inner Fold 2: bin_alt: None
~~~~~~~~~~~~~~~~~~~~~~~~~~~~~~~~~~~~~~~~~~~~~~~~~~~~~~~~~~~~~~~~~~~~~~~~~~~~~~~
BEFORE ANY ENCODING
num_features :21
num_classes : 1
cat_idx : [0]
nominal_idx : [13]
ordinal_idx : None
num_idx : None
cat_dims : [2]
bin_alt : None 


X_train shape : (6915, 21)
~~~~~~~~~~~~~~~~~~~~~~~~~~~~~~~~~~~~~~~~~~~~~~~~~~~~~~~~~~~~~~~~~~~~~~~~~~~~~~~
~~~~~~~~~~~~~~~~~~~~~~~~~~~~~~~~~~~~~~~~~~~~~~~~~~~~~~~~~~~~~~~~~~~~~~~~~~~~~~~
AFTER getting cat idx
Nominal Index : [13]
Ordinal Index : None
Cat Idx : [0]
Cat dims : [2]
~~~~~~~~~~~~~~~~~~~~~~~~~~~~~~~~~~~~~~~~~~~~~~~~~~~~~~~~~~~~~~~~~~~~~~~~~~~~~~~
BEFORE getting cat idx
Nominal Index : [13]
Ordinal Index : None
Cat Idx : [13]
Cat dims : []
~~~~~~~~~~~~~~~~~~~~~~~~~~~~~~~~~~~~~~~~~~~~~~~~~~~~~~~~~~~~~~~~~~~~~~~~~~~~~~~ 


AFTER SEPARATING CATEGORICALS AND NUMERICALS
Ordinal Index : None
Numerical Index V1 : [0, 1, 2, 3, 4, 5, 6, 7, 8, 9, 10, 11, 12, 14, 15, 16, 17, 18, 19, 20]
Cat Idx V1 : [13] 
Cat Dims V1 : []
 

~~~~~~~~~~~~~~~~~~~~~~~~~~~~~~~~~~~~~~~~~~~~~~~~~~~~~~~~~~~~~~~~~~~~~~~~~~~~~~~ 


Scaling the data...
One Hot Encoding...
Ord : None, Nom : [13], Num : [0, 1, 2, 3, 4, 5, 6, 7, 8, 9, 10, 11, 12, 14, 15, 16, 17, 18, 19, 20]
Num idx: [70, 71, 72, 73, 74, 75, 76, 77, 78, 79, 80, 81, 82, 83, 84, 85, 86, 87, 88, 89]
Ord : None, Nom : [0, 1, 2, 3, 4, 5, 6, 7, 8, 9, 10, 11, 12, 13, 14, 15, 16, 17, 18, 19, 20, 21, 22, 23, 24, 25, 26, 27, 28, 29, 30, 31, 32, 33, 34, 35, 36, 37, 38, 39, 40, 41, 42, 43, 44, 45, 46, 47, 48, 49, 50, 51, 52, 53, 54, 55, 56, 57, 58, 59, 60, 61, 62, 63, 64, 65, 66, 67, 68, 69], Num : [70, 71, 72, 73, 74, 75, 76, 77, 78, 79, 80, 81, 82, 83, 84, 85, 86, 87, 88, 89]
Nominal : (70, 70)
~~~~~~~~~~~~~~~~~~~~~~~~~~~~~~~~~~~~~~~~~~~~~~~~~~~~~~~~~~~~~~~~~~~~~~~~~~~~~~~
After OHE
Numerical Index V2 : [70, 71, 72, 73, 74, 75, 76, 77, 78, 79, 80, 81, 82, 83, 84, 85, 86, 87, 88, 89] 


OHE Idx : [0, 1, 2, 3, 4, 5, 6, 7, 8, 9, 10, 11, 12, 13, 14, 15, 16, 17, 18, 19, 20, 21, 22, 23, 24, 25, 26, 27, 28, 29, 30, 31, 32, 33, 34, 35, 36, 37, 38, 39, 40, 41, 42, 43, 44, 45, 46, 47, 48, 49, 50, 51, 52, 53, 54, 55, 56, 57, 58, 59, 60, 61, 62, 63, 64, 65, 66, 67, 68, 69]


Ordinal Idx V2: None


Cat Dims V2 : []
Cat Idx V2 : [13] 
 

Train: [[0. 0. 0. 0. 0.]
 [0. 0. 0. 0. 0.]
 [0. 0. 0. 0. 0.]
 [0. 0. 0. 0. 0.]
 [0. 0. 0. 0. 0.]
 [0. 0. 0. 0. 0.]
 [0. 0. 0. 0. 0.]
 [0. 0. 0. 0. 0.]
 [0. 0. 0. 0. 0.]
 [0. 0. 0. 0. 0.]] 
 
 
Val : (6915, 90) 
 

~~~~~~~~~~~~~~~~~~~~~~~~~~~~~~~~~~~~~~~~~~~~~~~~~~~~~~~~~~~~~~~~~~~~~~~~~~~~~~~
Cat Idx V3 : [0, 1, 2, 3, 4, 5, 6, 7, 8, 9, 10, 11, 12, 13, 14, 15, 16, 17, 18, 19, 20, 21, 22, 23, 24, 25, 26, 27, 28, 29, 30, 31, 32, 33, 34, 35, 36, 37, 38, 39, 40, 41, 42, 43, 44, 45, 46, 47, 48, 49, 50, 51, 52, 53, 54, 55, 56, 57, 58, 59, 60, 61, 62, 63, 64, 65, 66, 67, 68, 69] 
 

~~~~~~~~~~~~~~~~~~~~~~~~~~~~~~~~~~~~~~~~~~~~~~~~~~~~~~~~~~~~~~~~~~~~~~~~~~~~~~~
After ORDINAL
Numerical Index V2 : [70, 71, 72, 73, 74, 75, 76, 77, 78, 79, 80, 81, 82, 83, 84, 85, 86, 87, 88, 89] 


OHE Idx : [0, 1, 2, 3, 4, 5, 6, 7, 8, 9, 10, 11, 12, 13, 14, 15, 16, 17, 18, 19, 20, 21, 22, 23, 24, 25, 26, 27, 28, 29, 30, 31, 32, 33, 34, 35, 36, 37, 38, 39, 40, 41, 42, 43, 44, 45, 46, 47, 48, 49, 50, 51, 52, 53, 54, 55, 56, 57, 58, 59, 60, 61, 62, 63, 64, 65, 66, 67, 68, 69]


Ordinal Idx V2: None


Cat Dims V2 : [3, 3, 3, 3, 3, 3, 3, 3, 3, 3, 3, 3, 3, 3, 3, 3, 3, 3, 3, 3, 3, 3, 3, 3, 3, 3, 3, 3, 3, 3, 3, 3, 3, 3, 3, 3, 3, 3, 3, 3, 3, 3, 3, 3, 3, 3, 3, 3, 3, 3, 3, 3, 3, 3, 3, 3, 3, 3, 3, 3, 3, 3, 3, 3, 3, 3, 3, 3, 3, 3]
Cat Idx V2 : [0, 1, 2, 3, 4, 5, 6, 7, 8, 9, 10, 11, 12, 13, 14, 15, 16, 17, 18, 19, 20, 21, 22, 23, 24, 25, 26, 27, 28, 29, 30, 31, 32, 33, 34, 35, 36, 37, 38, 39, 40, 41, 42, 43, 44, 45, 46, 47, 48, 49, 50, 51, 52, 53, 54, 55, 56, 57, 58, 59, 60, 61, 62, 63, 64, 65, 66, 67, 68, 69] 
 

Train: [[ 0.          0.          0.          0.          0.          0.
   0.          0.          0.          0.          0.          0.
   0.          0.          0.          0.          0.          0.
   0.          0.          0.          0.          0.          0.
   0.          0.          0.          0.          0.          0.
   0.          0.          0.          0.          0.          0.
   0.          0.          0.          0.          0.          0.
   0.          0.          0.          0.          0.          0.
   0.          0.          0.          0.          0.          0.
   0.          0.          0.          0.          0.          0.
   0.          0.          0.          0.          0.          0.
   0.          1.          0.          0.         -0.40821358 -1.44490617
  -1.11399793 -0.11360679 -0.91479173 -0.08954045 -0.30706878  0.90387382
  -0.56558526 -0.88093869 -0.65906699 -0.46579395 -0.21590389 -0.83246021
  -0.48059807 -1.25236088 -0.07037611  1.46152469 -1.16374101  0.84496125]
 [ 0.          0.          0.          0.          0.          0.
   0.          0.          0.          0.          0.          0.
   0.          0.          0.          0.          0.          0.
   0.          0.          0.          0.          0.          0.
   0.          0.          0.          0.          0.          0.
   0.          0.          0.          0.          0.          0.
   0.          0.          0.          0.          0.          0.
   0.          0.          0.          0.          0.          0.
   0.          1.          0.          0.          0.          0.
   0.          0.          0.          0.          0.          0.
   0.          0.          0.          0.          0.          0.
   0.          0.          0.          0.         -1.51911359 -0.47024991
  -0.75132197 -0.17936693 -0.91479173 -0.08954045 -0.30706878 -0.63220076
  -1.42383017 -1.29594352  0.85366423 -1.00751388 -0.21590389  0.9648571
  -0.660391   -1.55845977 -0.21693788  1.46152469 -0.51910857  0.95995873]
 [ 0.          0.          0.          0.          0.          0.
   0.          0.          0.          0.          0.          0.
   0.          0.          0.          0.          0.          0.
   0.          0.          0.          0.          0.          0.
   0.          0.          0.          0.          0.          0.
   0.          0.          0.          0.          0.          0.
   0.          0.          0.          0.          0.          0.
   0.          0.          0.          0.          0.          0.
   0.          0.          0.          0.          0.          0.
   0.          1.          0.          0.          0.          0.
   0.          0.          0.          0.          0.          0.
   0.          0.          0.          0.         -1.51911359 -1.44490617
  -1.27885064 -0.1608987  -0.91479173 -0.08954045 -0.30706878 -0.63220076
  -1.42383017 -1.06402906 -0.65906699 -1.17680135 -0.21590389  1.26779203
  -0.63881585 -0.9899904  -0.20906965 -0.68421697  0.44784009  1.18995369]
 [ 0.          0.          0.          0.          0.          0.
   0.          0.          0.          0.          0.          0.
   0.          0.          0.          0.          0.          0.
   0.          0.          0.          0.          0.          0.
   0.          0.          0.          0.          0.          0.
   0.          0.          0.          0.          0.          0.
   0.          0.          0.          0.          0.          0.
   1.          0.          0.          0.          0.          0.
   0.          0.          0.          0.          0.          0.
   0.          0.          0.          0.          0.          0.
   0.          0.          0.          0.          0.          0.
   0.          0.          0.          0.          0.70268643  2.12883344
  -0.10290131 -0.22958412  0.93864654 -0.08954045 -0.30706878 -0.63220076
   1.15090457  0.24201554 -0.65906699  1.29479583 -0.21590389  0.95543568
  -1.00559342 -0.74219606 -0.29884478 -0.68421697  0.12552387  1.7649411 ]
 [ 0.          0.          0.          0.          0.          0.
   0.          0.          0.          0.          0.          0.
   0.          0.          0.          0.          0.          0.
   0.          0.          0.          0.          0.          0.
   0.          0.          0.          0.          0.          0.
   1.          0.          0.          0.          0.          0.
   0.          0.          0.          0.          0.          0.
   0.          0.          0.          0.          0.          0.
   0.          0.          0.          0.          0.          0.
   0.          0.          0.          0.          0.          0.
   0.          0.          0.          0.          0.          0.
   0.          0.          0.          0.         -0.40821358  0.50440634
  -0.16884239 -0.13041736  0.93864654 -0.08954045 -0.30706878 -0.63220076
   0.29265965  0.1687794  -0.65906699  0.58378842 -0.21590389 -0.55416592
  -0.10662878 -0.08626987 -0.18881865 -0.68421697 -0.51910857 -0.99499845]
 [ 0.          0.          0.          0.          0.          0.
   0.          0.          0.          0.          0.          0.
   0.          0.          0.          0.          0.          0.
   0.          0.          0.          0.          0.          0.
   0.          0.          0.          0.          0.          0.
   0.          0.          0.          0.          0.          0.
   0.          0.          0.          0.          0.          0.
   0.          0.          0.          0.          0.          0.
   0.          1.          0.          0.          0.          0.
   0.          0.          0.          0.          0.          0.
   0.          0.          0.          0.          0.          0.
   0.          0.          0.          0.         -1.51911359 -0.79513533
  -0.67439071 -0.1982837   0.0119274  -0.08954045 -0.30706878 -0.63220076
  -0.56558526 -0.39269772 -0.65906699 -1.98938125 -0.21590389  0.90977802
  -0.68915787 -0.30491193 -0.30013465  1.46152469 -1.80837345  1.41994866]
 [ 0.          0.          0.          0.          0.          0.
   0.          0.          0.          0.          0.          0.
   0.          0.          0.          0.          0.          0.
   0.          0.          0.          0.          0.          0.
   0.          0.          0.          0.          0.          0.
   0.          0.          0.          0.          0.          0.
   0.          0.          0.          0.          0.          0.
   0.          0.          0.          0.          0.          0.
   0.          0.          0.          0.          0.          0.
   0.          0.          0.          0.          0.          0.
   0.          0.          0.          0.          0.          0.
   0.          0.          1.          0.         -1.51911359 -1.44490617
  -1.22389974 -0.17293133 -0.91479173 -0.08954045 -0.30706878 -0.63220076
  -3.14032    -1.00299894 -0.65906699 -1.78623628 -0.21590389 -1.24555331
  -0.65319928 -0.20287897 -0.16082842  1.46152469 -0.84142479 -0.88000097]
 [ 0.          0.          0.          0.          0.          0.
   0.          0.          0.          0.          0.          0.
   0.          0.          0.          0.          0.          0.
   0.          1.          0.          0.          0.          0.
   0.          0.          0.          0.          0.          0.
   0.          0.          0.          0.          0.          0.
   0.          0.          0.          0.          0.          0.
   0.          0.          0.          0.          0.          0.
   0.          0.          0.          0.          0.          0.
   0.          0.          0.          0.          0.          0.
   0.          0.          0.          0.          0.          0.
   0.          0.          0.          0.         -0.40821358  0.50440634
   0.13888267 -0.12035442  0.93864654 -0.08954045 -0.30706878 -0.63220076
   0.29265965  0.51054808 -0.65906699  0.54993092 -0.21590389 -1.00421997
   0.08035587  0.30728585 -0.10294539 -0.68421697  0.44784009  1.30495117]
 [ 0.          0.          0.          0.          0.          0.
   0.          0.          0.          0.          0.          0.
   0.          0.          0.          0.          0.          0.
   0.          0.          0.          0.          0.          0.
   0.          0.          0.          0.          0.          0.
   0.          0.          0.          0.          0.          0.
   0.          0.          0.          0.          0.          0.
   0.          0.          0.          0.          0.          0.
   0.          0.          0.          0.          0.          0.
   0.          0.          0.          1.          0.          0.
   0.          0.          0.          0.          0.          0.
   0.          0.          0.          0.         -0.40821358 -0.1453645
  -0.31171474 -0.17683169 -0.91479173 -0.08954045 -0.30706878  0.90387382
  -0.56558526 -0.66123026  0.5827273  -0.22879148 -0.21590389  1.23010635
  -0.88333423 -0.7567722  -0.20339421  1.46152469 -1.16374101  0.03997888]
 [ 0.          0.          0.          0.          0.          0.
   0.          0.          0.          0.          0.          0.
   0.          0.          0.          0.          0.          0.
   0.          0.          0.          0.          0.          0.
   0.          0.          0.          0.          0.          0.
   0.          0.          0.          0.          0.          0.
   0.          0.          0.          0.          0.          0.
   0.          0.          0.          0.          0.          0.
   0.          0.          0.          0.          0.          0.
   0.          0.          0.          0.          0.          0.
   0.          0.          1.          0.          0.          0.
   0.          0.          0.          0.         -0.40821358 -0.47024991
  -0.60844962 -0.0699227  -0.91479173 -0.08954045 -0.30706878 -0.63220076
   0.29265965 -0.6856423   0.01827535  0.24521346 -0.21590389  1.40114138
  -0.59566554 -0.18830283  0.01265944 -0.68421697  0.12552387  0.03997888]] 
 
 
Val : (6915, 90) 
 

FINISHED ENCODING
~~~~~~~~~~~~~~~~~~~~~~~~~~~~~~~~~~~~~~~~~~~~~~~~~~~~~~~~~~~~~~~~~~~~~~~~~~~~~~~


~~~~~~~~~~~~~~~~~~~~~~~~~~~~~~~~~~~~~~~~~~~~~~~~~~~~~~~~~~~~~~~~~~~~~~~~~~~~~~~
Test numpy array issues
X dtype: float64
X Val dtype: float64
X dtype: float32
X Val dtype: float32
After Debugging -- Inner Fold 2
DEBUG Inner Fold 2: num_features: 90
DEBUG Inner Fold 2: num_classes: 1
DEBUG Inner Fold 2: cat_idx: [0, 1, 2, 3, 4, 5, 6, 7, 8, 9, 10, 11, 12, 13, 14, 15, 16, 17, 18, 19, 20, 21, 22, 23, 24, 25, 26, 27, 28, 29, 30, 31, 32, 33, 34, 35, 36, 37, 38, 39, 40, 41, 42, 43, 44, 45, 46, 47, 48, 49, 50, 51, 52, 53, 54, 55, 56, 57, 58, 59, 60, 61, 62, 63, 64, 65, 66, 67, 68, 69]
DEBUG Inner Fold 2: nominal_idx: [0, 1, 2, 3, 4, 5, 6, 7, 8, 9, 10, 11, 12, 13, 14, 15, 16, 17, 18, 19, 20, 21, 22, 23, 24, 25, 26, 27, 28, 29, 30, 31, 32, 33, 34, 35, 36, 37, 38, 39, 40, 41, 42, 43, 44, 45, 46, 47, 48, 49, 50, 51, 52, 53, 54, 55, 56, 57, 58, 59, 60, 61, 62, 63, 64, 65, 66, 67, 68, 69]
DEBUG Inner Fold 2: ordinal_idx: None
DEBUG Inner Fold 2: num_idx: [70, 71, 72, 73, 74, 75, 76, 77, 78, 79, 80, 81, 82, 83, 84, 85, 86, 87, 88, 89]
DEBUG Inner Fold 2: cat_dims: [3, 3, 3, 3, 3, 3, 3, 3, 3, 3, 3, 3, 3, 3, 3, 3, 3, 3, 3, 3, 3, 3, 3, 3, 3, 3, 3, 3, 3, 3, 3, 3, 3, 3, 3, 3, 3, 3, 3, 3, 3, 3, 3, 3, 3, 3, 3, 3, 3, 3, 3, 3, 3, 3, 3, 3, 3, 3, 3, 3, 3, 3, 3, 3, 3, 3, 3, 3, 3, 3]
DEBUG Inner Fold 2: bin_alt: None
In get_device
Using dim 8 and batch size 64
**** Data b4 Fitting ****
Epoch 0 loss 381712465920.0
Epoch 1 loss 385512407040.0
Epoch 2 loss 344310743040.0
Epoch 3 loss 228450828288.0
Epoch 4 loss 124615835648.0
Epoch 5 loss 109280649216.0
Epoch 6 loss 89591750656.0
Epoch 7 loss 53111078912.0
Epoch 8 loss 40966901760.0
Epoch 9 loss 28286060544.0
Epoch 10 loss 23631878144.0
Epoch 11 loss 22117625856.0
Epoch 12 loss 20578693120.0
Epoch 13 loss 18896918528.0
Epoch 14 loss 19011454976.0
Epoch 15 loss 18844116992.0
Epoch 16 loss 18117619712.0
Epoch 17 loss 17997666304.0
Epoch 18 loss 15236150272.0
Epoch 19 loss 18442459136.0
Epoch 20 loss 60923371520.0
Epoch 21 loss 19685859328.0
Epoch 22 loss 15297790976.0
Epoch 23 loss 18252800000.0
Epoch 24 loss 12774964224.0
Epoch 25 loss 23603507200.0
Epoch 26 loss 26841724928.0
Epoch 27 loss 15970017280.0
Epoch 28 loss 13435116544.0
Epoch 29 loss 15842224128.0
Epoch 30 loss 13384903680.0
Epoch 31 loss 12281216000.0
Epoch 32 loss 12943602688.0
Epoch 33 loss 19483449344.0
Epoch 34 loss 12755277824.0
Epoch 35 loss 14074187776.0
Epoch 36 loss 14397324288.0
Epoch 37 loss 19876470784.0
Epoch 38 loss 13218956288.0
Epoch 39 loss 20409966592.0
Epoch 40 loss 12172129280.0
Epoch 41 loss 15578246144.0
Epoch 42 loss 14798550016.0
Epoch 43 loss 15616267264.0
Epoch 44 loss 15312514048.0
Epoch 45 loss 15452096512.0
Epoch 46 loss 12344922112.0
Epoch 47 loss 11839757312.0
Epoch 48 loss 19629453312.0
Epoch 49 loss 15687804928.0
Epoch 50 loss 15658845184.0
Epoch 51 loss 17992415232.0
Epoch 52 loss 15075342336.0
Epoch 53 loss 14210718720.0
Epoch 54 loss 12951128064.0
Epoch 55 loss 13399657472.0
Epoch 56 loss 17674747904.0
Epoch 57 loss 12117326848.0
Epoch 58 loss 12406115328.0
Epoch 59 loss 12153849856.0
Epoch 60 loss 12519631872.0
Epoch 61 loss 15692175360.0
Epoch 62 loss 12987635712.0
Epoch 63 loss 17934661632.0
Epoch 64 loss 13543370752.0
Epoch 65 loss 12976212992.0
Epoch 66 loss 14078163968.0
Epoch 67 loss 16036261888.0
Epoch 68 loss 12259492864.0
Validation loss has not improved for 20 steps!
Early stopping applies.
Inner Fold 2 Results: {'MSE - mean': 18119366344.58715, 'MSE - std': 5760554469.417362, 'R2 - mean': 0.8787790542916925, 'R2 - std': 0.01176219068862977}
  outer_1_inner Fold 3/5
Before Debugging -- Inner Fold 3
DEBUG Inner Fold 3: num_features: 21
DEBUG Inner Fold 3: num_classes: 1
DEBUG Inner Fold 3: cat_idx: [0]
DEBUG Inner Fold 3: nominal_idx: [13]
DEBUG Inner Fold 3: ordinal_idx: None
DEBUG Inner Fold 3: num_idx: None
DEBUG Inner Fold 3: cat_dims: [2]
DEBUG Inner Fold 3: bin_alt: None
~~~~~~~~~~~~~~~~~~~~~~~~~~~~~~~~~~~~~~~~~~~~~~~~~~~~~~~~~~~~~~~~~~~~~~~~~~~~~~~
BEFORE ANY ENCODING
num_features :21
num_classes : 1
cat_idx : [0]
nominal_idx : [13]
ordinal_idx : None
num_idx : None
cat_dims : [2]
bin_alt : None 


X_train shape : (6915, 21)
~~~~~~~~~~~~~~~~~~~~~~~~~~~~~~~~~~~~~~~~~~~~~~~~~~~~~~~~~~~~~~~~~~~~~~~~~~~~~~~
~~~~~~~~~~~~~~~~~~~~~~~~~~~~~~~~~~~~~~~~~~~~~~~~~~~~~~~~~~~~~~~~~~~~~~~~~~~~~~~
AFTER getting cat idx
Nominal Index : [13]
Ordinal Index : None
Cat Idx : [0]
Cat dims : [2]
~~~~~~~~~~~~~~~~~~~~~~~~~~~~~~~~~~~~~~~~~~~~~~~~~~~~~~~~~~~~~~~~~~~~~~~~~~~~~~~
BEFORE getting cat idx
Nominal Index : [13]
Ordinal Index : None
Cat Idx : [13]
Cat dims : []
~~~~~~~~~~~~~~~~~~~~~~~~~~~~~~~~~~~~~~~~~~~~~~~~~~~~~~~~~~~~~~~~~~~~~~~~~~~~~~~ 


AFTER SEPARATING CATEGORICALS AND NUMERICALS
Ordinal Index : None
Numerical Index V1 : [0, 1, 2, 3, 4, 5, 6, 7, 8, 9, 10, 11, 12, 14, 15, 16, 17, 18, 19, 20]
Cat Idx V1 : [13] 
Cat Dims V1 : []
 

~~~~~~~~~~~~~~~~~~~~~~~~~~~~~~~~~~~~~~~~~~~~~~~~~~~~~~~~~~~~~~~~~~~~~~~~~~~~~~~ 


Scaling the data...
One Hot Encoding...
Ord : None, Nom : [13], Num : [0, 1, 2, 3, 4, 5, 6, 7, 8, 9, 10, 11, 12, 14, 15, 16, 17, 18, 19, 20]
Num idx: [70, 71, 72, 73, 74, 75, 76, 77, 78, 79, 80, 81, 82, 83, 84, 85, 86, 87, 88, 89]
Ord : None, Nom : [0, 1, 2, 3, 4, 5, 6, 7, 8, 9, 10, 11, 12, 13, 14, 15, 16, 17, 18, 19, 20, 21, 22, 23, 24, 25, 26, 27, 28, 29, 30, 31, 32, 33, 34, 35, 36, 37, 38, 39, 40, 41, 42, 43, 44, 45, 46, 47, 48, 49, 50, 51, 52, 53, 54, 55, 56, 57, 58, 59, 60, 61, 62, 63, 64, 65, 66, 67, 68, 69], Num : [70, 71, 72, 73, 74, 75, 76, 77, 78, 79, 80, 81, 82, 83, 84, 85, 86, 87, 88, 89]
Nominal : (70, 70)
~~~~~~~~~~~~~~~~~~~~~~~~~~~~~~~~~~~~~~~~~~~~~~~~~~~~~~~~~~~~~~~~~~~~~~~~~~~~~~~
After OHE
Numerical Index V2 : [70, 71, 72, 73, 74, 75, 76, 77, 78, 79, 80, 81, 82, 83, 84, 85, 86, 87, 88, 89] 


OHE Idx : [0, 1, 2, 3, 4, 5, 6, 7, 8, 9, 10, 11, 12, 13, 14, 15, 16, 17, 18, 19, 20, 21, 22, 23, 24, 25, 26, 27, 28, 29, 30, 31, 32, 33, 34, 35, 36, 37, 38, 39, 40, 41, 42, 43, 44, 45, 46, 47, 48, 49, 50, 51, 52, 53, 54, 55, 56, 57, 58, 59, 60, 61, 62, 63, 64, 65, 66, 67, 68, 69]


Ordinal Idx V2: None


Cat Dims V2 : []
Cat Idx V2 : [13] 
 

Train: [[0. 0. 0. 0. 0.]
 [0. 0. 0. 0. 0.]
 [0. 0. 0. 0. 0.]
 [0. 0. 0. 0. 0.]
 [0. 0. 0. 0. 0.]
 [0. 0. 0. 0. 0.]
 [0. 0. 0. 0. 0.]
 [0. 0. 0. 0. 0.]
 [0. 0. 0. 0. 0.]
 [0. 0. 0. 0. 0.]] 
 
 
Val : (6915, 90) 
 

~~~~~~~~~~~~~~~~~~~~~~~~~~~~~~~~~~~~~~~~~~~~~~~~~~~~~~~~~~~~~~~~~~~~~~~~~~~~~~~
Cat Idx V3 : [0, 1, 2, 3, 4, 5, 6, 7, 8, 9, 10, 11, 12, 13, 14, 15, 16, 17, 18, 19, 20, 21, 22, 23, 24, 25, 26, 27, 28, 29, 30, 31, 32, 33, 34, 35, 36, 37, 38, 39, 40, 41, 42, 43, 44, 45, 46, 47, 48, 49, 50, 51, 52, 53, 54, 55, 56, 57, 58, 59, 60, 61, 62, 63, 64, 65, 66, 67, 68, 69] 
 

~~~~~~~~~~~~~~~~~~~~~~~~~~~~~~~~~~~~~~~~~~~~~~~~~~~~~~~~~~~~~~~~~~~~~~~~~~~~~~~
After ORDINAL
Numerical Index V2 : [70, 71, 72, 73, 74, 75, 76, 77, 78, 79, 80, 81, 82, 83, 84, 85, 86, 87, 88, 89] 


OHE Idx : [0, 1, 2, 3, 4, 5, 6, 7, 8, 9, 10, 11, 12, 13, 14, 15, 16, 17, 18, 19, 20, 21, 22, 23, 24, 25, 26, 27, 28, 29, 30, 31, 32, 33, 34, 35, 36, 37, 38, 39, 40, 41, 42, 43, 44, 45, 46, 47, 48, 49, 50, 51, 52, 53, 54, 55, 56, 57, 58, 59, 60, 61, 62, 63, 64, 65, 66, 67, 68, 69]


Ordinal Idx V2: None


Cat Dims V2 : [3, 3, 3, 3, 3, 3, 3, 3, 3, 3, 3, 3, 3, 3, 3, 3, 3, 3, 3, 3, 3, 3, 3, 3, 3, 3, 3, 3, 3, 3, 3, 3, 3, 3, 3, 3, 3, 3, 3, 3, 3, 3, 3, 3, 3, 3, 3, 3, 3, 3, 3, 3, 3, 3, 3, 3, 3, 3, 3, 3, 3, 3, 3, 3, 3, 3, 3, 3, 3, 3]
Cat Idx V2 : [0, 1, 2, 3, 4, 5, 6, 7, 8, 9, 10, 11, 12, 13, 14, 15, 16, 17, 18, 19, 20, 21, 22, 23, 24, 25, 26, 27, 28, 29, 30, 31, 32, 33, 34, 35, 36, 37, 38, 39, 40, 41, 42, 43, 44, 45, 46, 47, 48, 49, 50, 51, 52, 53, 54, 55, 56, 57, 58, 59, 60, 61, 62, 63, 64, 65, 66, 67, 68, 69] 
 

Train: [[ 0.          0.          0.          0.          0.          0.
   0.          0.          0.          0.          0.          0.
   1.          0.          0.          0.          0.          0.
   0.          0.          0.          0.          0.          0.
   0.          0.          0.          0.          0.          0.
   0.          0.          0.          0.          0.          0.
   0.          0.          0.          0.          0.          0.
   0.          0.          0.          0.          0.          0.
   0.          0.          0.          0.          0.          0.
   0.          0.          0.          0.          0.          0.
   0.          0.          0.          0.          0.          0.
   0.          0.          0.          0.          0.71265865  0.50501171
  -0.17115964 -0.14223545  0.9389536  -0.09197016  2.26171812  0.87852235
  -0.5605881   0.16667933 -0.66809677  0.78893857 -0.21516918 -2.6013072
   1.47394899 -0.24568305 -0.14344086 -0.67898334  0.11384153 -0.87949948]
 [ 0.          0.          0.          0.          0.          0.
   0.          0.          0.          0.          0.          0.
   0.          0.          0.          0.          0.          0.
   0.          0.          0.          0.          0.          0.
   0.          0.          0.          0.          0.          0.
   0.          0.          0.          0.          0.          0.
   0.          0.          0.          0.          0.          0.
   0.          0.          0.          0.          0.          0.
   0.          0.          0.          0.          0.          0.
   0.          1.          0.          0.          0.          0.
   0.          0.          0.          0.          0.          0.
   0.          0.          0.          0.         -1.51974659 -1.44355483
  -1.27030849 -0.16170232 -0.91244764 -0.09197016 -0.30807826 -0.63605807
  -1.41821348 -1.05570135 -0.66809677 -1.176132   -0.21516918  1.27217246
  -0.64578611 -0.99399683 -0.21088281 -0.67898334  0.43384731  1.1918199 ]
 [ 0.          0.          0.          0.          0.          0.
   0.          0.          0.          0.          0.          0.
   0.          0.          0.          0.          0.          0.
   0.          0.          0.          0.          0.          0.
   0.          0.          0.          0.          0.          0.
   0.          0.          0.          0.          0.          0.
   0.          0.          0.          0.          0.          0.
   1.          0.          0.          0.          0.          0.
   0.          0.          0.          0.          0.          0.
   0.          0.          0.          0.          0.          0.
   0.          0.          0.          0.          0.          0.
   0.          0.          0.          0.          0.71265865  2.12881717
  -0.10586367 -0.23425501  0.9389536  -0.09197016 -0.30807826 -0.63605807
   1.15466266  0.23929601 -0.66809677  1.29714648 -0.21516918  0.9630114
  -1.00978103 -0.7445589  -0.30457463 -0.67898334  0.11384153  1.76718639]
 [ 0.          0.          0.          0.          0.          0.
   0.          0.          0.          0.          0.          0.
   0.          0.          0.          0.          0.          0.
   0.          0.          0.          0.          0.          0.
   0.          0.          0.          0.          0.          0.
   1.          0.          0.          0.          0.          0.
   0.          0.          0.          0.          0.          0.
   0.          0.          0.          0.          0.          0.
   0.          0.          0.          0.          0.          0.
   0.          0.          0.          0.          0.          0.
   0.          0.          0.          0.          0.          0.
   0.          0.          0.          0.         -0.40354397  0.50501171
  -0.17115964 -0.12950474  0.9389536  -0.09197016 -0.30807826 -0.63605807
   0.29703728  0.16667933 -0.66809677  0.58565541 -0.21516918 -0.53114751
  -0.11763663 -0.08428203 -0.18974831 -0.67898334 -0.52617002 -0.99457278]
 [ 0.          0.          0.          0.          0.          0.
   0.          0.          0.          0.          0.          0.
   0.          0.          0.          0.          0.          0.
   0.          0.          0.          0.          0.          0.
   0.          0.          0.          0.          0.          0.
   0.          0.          0.          0.          0.          0.
   0.          0.          0.          0.          0.          0.
   0.          0.          0.          0.          0.          0.
   0.          1.          0.          0.          0.          0.
   0.          0.          0.          0.          0.          0.
   0.          0.          0.          0.          0.          0.
   0.          0.          0.          0.         -1.51974659 -0.79403265
  -0.67176209 -0.20119224  0.01325298 -0.09197016 -0.30807826 -0.63605807
  -0.5605881  -0.3900485  -0.66809677 -1.98926465 -0.21516918  0.9178208
  -0.6957462  -0.30437432 -0.30592078  1.47279018 -1.80619312  1.42196649]
 [ 0.          0.          0.          0.          0.          0.
   0.          0.          0.          0.          0.          0.
   0.          0.          0.          0.          0.          0.
   0.          0.          0.          0.          0.          0.
   0.          0.          0.          0.          0.          0.
   0.          0.          0.          0.          0.          0.
   0.          0.          0.          0.          0.          0.
   0.          0.          0.          0.          0.          0.
   0.          0.          0.          0.          0.          0.
   0.          0.          0.          0.          0.          0.
   0.          0.          0.          0.          0.          0.
   0.          0.          1.          0.         -1.51974659 -1.44355483
  -1.21589519 -0.17441243 -0.91244764 -0.09197016 -0.30807826 -0.63605807
  -3.13346425 -0.99518745 -0.66809677 -1.78598149 -0.21516918 -1.21546226
  -0.66006042 -0.20166459 -0.16053692  1.47279018 -0.84617579 -0.87949948]
 [ 0.          0.          0.          0.          0.          0.
   0.          0.          0.          0.          0.          0.
   0.          0.          0.          0.          0.          0.
   0.          1.          0.          0.          0.          0.
   0.          0.          0.          0.          0.          0.
   0.          0.          0.          0.          0.          0.
   0.          0.          0.          0.          0.          0.
   0.          0.          0.          0.          0.          0.
   0.          0.          0.          0.          0.          0.
   0.          0.          0.          0.          0.          0.
   0.          0.          0.          0.          0.          0.
   0.          0.          0.          0.         -0.40354397  0.50501171
   0.13355489 -0.11887522  0.9389536  -0.09197016 -0.30807826 -0.63605807
   0.29703728  0.50555715 -0.66809677  0.55177488 -0.21516918 -0.97659768
   0.06792941  0.31188409 -0.10012858 -0.67898334  0.43384731  1.3068932 ]
 [ 0.          0.          0.          0.          0.          0.
   0.          0.          0.          0.          0.          0.
   0.          0.          0.          0.          0.          0.
   0.          0.          0.          0.          0.          0.
   0.          0.          0.          0.          0.          0.
   0.          0.          0.          0.          0.          0.
   0.          0.          0.          0.          0.          0.
   0.          0.          0.          0.          0.          0.
   0.          0.          0.          0.          0.          0.
   0.          0.          0.          0.          0.          0.
   0.          0.          1.          0.          0.          0.
   0.          0.          0.          0.         -0.40354397 -0.46927156
  -0.60646612 -0.06560399 -0.91244764 -0.09197016 -0.30807826 -0.63605807
   0.29703728 -0.6805152   0.01133     0.24685014 -0.21516918  1.4041577
  -0.60296318 -0.18699177  0.02051983 -0.67898334  0.11384153  0.04108691]
 [ 0.          0.          0.          0.          0.          0.
   0.          0.          0.          0.          0.          0.
   0.          0.          0.          0.          0.          0.
   0.          0.          0.          0.          0.          0.
   0.          1.          0.          0.          0.          0.
   0.          0.          0.          0.          0.          0.
   0.          0.          0.          0.          0.          0.
   0.          0.          0.          0.          0.          0.
   0.          0.          0.          0.          0.          0.
   0.          0.          0.          0.          0.          0.
   0.          0.          0.          0.          0.          0.
   0.          0.          0.          0.         -0.40354397 -0.46927156
  -0.58470079 -0.09613298 -0.91244764 -0.09197016 -0.30807826  2.39310278
  -1.41821348 -1.22514026  1.07576529 -0.8034462  -0.21516918  0.14671143
  -0.05340223  0.04777334 -0.07034508 -0.67898334 -0.20616424  0.04108691]
 [ 0.          0.          0.          0.          0.          0.
   0.          0.          0.          0.          0.          0.
   0.          0.          0.          0.          0.          0.
   0.          0.          0.          0.          0.          0.
   0.          0.          0.          0.          0.          0.
   0.          0.          0.          0.          0.          0.
   0.          0.          0.          0.          0.          0.
   0.          0.          0.          0.          0.          0.
   0.          0.          0.          1.          0.          0.
   0.          0.          0.          0.          0.          0.
   0.          0.          0.          0.          0.          0.
   0.          0.          0.          0.          0.71265865  1.47929499
   1.09122914 -0.23374001  0.9389536  -0.09197016 -0.30807826 -0.63605807
   1.15466266  0.72340717  0.91723237  1.46654912 -0.21516918  0.92284198
  -1.03119249 -0.84726864 -0.29515161  1.47279018 -0.84617579 -1.45486598]] 
 
 
Val : (6915, 90) 
 

FINISHED ENCODING
~~~~~~~~~~~~~~~~~~~~~~~~~~~~~~~~~~~~~~~~~~~~~~~~~~~~~~~~~~~~~~~~~~~~~~~~~~~~~~~


~~~~~~~~~~~~~~~~~~~~~~~~~~~~~~~~~~~~~~~~~~~~~~~~~~~~~~~~~~~~~~~~~~~~~~~~~~~~~~~
Test numpy array issues
X dtype: float64
X Val dtype: float64
X dtype: float32
X Val dtype: float32
After Debugging -- Inner Fold 3
DEBUG Inner Fold 3: num_features: 90
DEBUG Inner Fold 3: num_classes: 1
DEBUG Inner Fold 3: cat_idx: [0, 1, 2, 3, 4, 5, 6, 7, 8, 9, 10, 11, 12, 13, 14, 15, 16, 17, 18, 19, 20, 21, 22, 23, 24, 25, 26, 27, 28, 29, 30, 31, 32, 33, 34, 35, 36, 37, 38, 39, 40, 41, 42, 43, 44, 45, 46, 47, 48, 49, 50, 51, 52, 53, 54, 55, 56, 57, 58, 59, 60, 61, 62, 63, 64, 65, 66, 67, 68, 69]
DEBUG Inner Fold 3: nominal_idx: [0, 1, 2, 3, 4, 5, 6, 7, 8, 9, 10, 11, 12, 13, 14, 15, 16, 17, 18, 19, 20, 21, 22, 23, 24, 25, 26, 27, 28, 29, 30, 31, 32, 33, 34, 35, 36, 37, 38, 39, 40, 41, 42, 43, 44, 45, 46, 47, 48, 49, 50, 51, 52, 53, 54, 55, 56, 57, 58, 59, 60, 61, 62, 63, 64, 65, 66, 67, 68, 69]
DEBUG Inner Fold 3: ordinal_idx: None
DEBUG Inner Fold 3: num_idx: [70, 71, 72, 73, 74, 75, 76, 77, 78, 79, 80, 81, 82, 83, 84, 85, 86, 87, 88, 89]
DEBUG Inner Fold 3: cat_dims: [3, 3, 3, 3, 3, 3, 3, 3, 3, 3, 3, 3, 3, 3, 3, 3, 3, 3, 3, 3, 3, 3, 3, 3, 3, 3, 3, 3, 3, 3, 3, 3, 3, 3, 3, 3, 3, 3, 3, 3, 3, 3, 3, 3, 3, 3, 3, 3, 3, 3, 3, 3, 3, 3, 3, 3, 3, 3, 3, 3, 3, 3, 3, 3, 3, 3, 3, 3, 3, 3]
DEBUG Inner Fold 3: bin_alt: None
In get_device
Using dim 8 and batch size 64
**** Data b4 Fitting ****
Epoch 0 loss 394266705920.0
Epoch 1 loss 380189999104.0
Epoch 2 loss 343247060992.0
Epoch 3 loss 228286054400.0
Epoch 4 loss 121812975616.0
Epoch 5 loss 113323646976.0
Epoch 6 loss 89490538496.0
Epoch 7 loss 53838458880.0
Epoch 8 loss 37929074688.0
Epoch 9 loss 35604054016.0
Epoch 10 loss 22660538368.0
Epoch 11 loss 20353652736.0
Epoch 12 loss 17229744128.0
Epoch 13 loss 20406239232.0
Epoch 14 loss 14904599552.0
Epoch 15 loss 14938388480.0
Epoch 16 loss 14276205568.0
Epoch 17 loss 12992527360.0
Epoch 18 loss 12271699968.0
Epoch 19 loss 13702796288.0
Epoch 20 loss 11807929344.0
Epoch 21 loss 13076262912.0
Epoch 22 loss 11844897792.0
Epoch 23 loss 15882817536.0
Epoch 24 loss 18514157568.0
Epoch 25 loss 13811141632.0
Epoch 26 loss 11659039744.0
Epoch 27 loss 11656799232.0
Epoch 28 loss 17574739968.0
Epoch 29 loss 11308933120.0
Epoch 30 loss 11578928128.0
Epoch 31 loss 14746651648.0
Epoch 32 loss 10862319616.0
Epoch 33 loss 20297707520.0
Epoch 34 loss 16110849024.0
Epoch 35 loss 10583102464.0
Epoch 36 loss 11047029760.0
Epoch 37 loss 11141165056.0
Epoch 38 loss 12314960896.0
Epoch 39 loss 17356869632.0
Epoch 40 loss 12540539904.0
Epoch 41 loss 10840078336.0
Epoch 42 loss 16366088192.0
Epoch 43 loss 11954737152.0
Epoch 44 loss 21320404992.0
Epoch 45 loss 11071605760.0
Epoch 46 loss 11677524992.0
Epoch 47 loss 13607496704.0
Epoch 48 loss 11865116672.0
Epoch 49 loss 12427350016.0
Epoch 50 loss 10365989888.0
Epoch 51 loss 11505607680.0
Epoch 52 loss 11225606144.0
Epoch 53 loss 35772035072.0
Epoch 54 loss 13790135296.0
Epoch 55 loss 10373696512.0
Epoch 56 loss 10744975360.0
Epoch 57 loss 11178297344.0
Epoch 58 loss 11326172160.0
Epoch 59 loss 13707508736.0
Epoch 60 loss 10653003776.0
Epoch 61 loss 14943555584.0
Epoch 62 loss 11641907200.0
Epoch 63 loss 12213202944.0
Epoch 64 loss 10752833536.0
Epoch 65 loss 10329418752.0
Epoch 66 loss 11198180352.0
Epoch 67 loss 11576652800.0
Epoch 68 loss 10751847424.0
Epoch 69 loss 12381271040.0
Epoch 70 loss 11526730752.0
Epoch 71 loss 14478423040.0
Epoch 72 loss 12612158464.0
Epoch 73 loss 15142922240.0
Epoch 74 loss 11762617344.0
Epoch 75 loss 11215050752.0
Epoch 76 loss 10997881856.0
Epoch 77 loss 11021577216.0
Epoch 78 loss 11657465856.0
Epoch 79 loss 11120738304.0
Epoch 80 loss 12135007232.0
Epoch 81 loss 12376558592.0
Epoch 82 loss 10955108352.0
Epoch 83 loss 10713167872.0
Epoch 84 loss 15125836800.0
Epoch 85 loss 12643113984.0
Epoch 86 loss 10848525312.0
Validation loss has not improved for 20 steps!
Early stopping applies.
Inner Fold 3 Results: {'MSE - mean': 15583789510.275124, 'MSE - std': 5914470246.394219, 'R2 - mean': 0.8875486970343532, 'R2 - std': 0.01568585416433964}
  outer_1_inner Fold 4/5
Before Debugging -- Inner Fold 4
DEBUG Inner Fold 4: num_features: 21
DEBUG Inner Fold 4: num_classes: 1
DEBUG Inner Fold 4: cat_idx: [0]
DEBUG Inner Fold 4: nominal_idx: [13]
DEBUG Inner Fold 4: ordinal_idx: None
DEBUG Inner Fold 4: num_idx: None
DEBUG Inner Fold 4: cat_dims: [2]
DEBUG Inner Fold 4: bin_alt: None
~~~~~~~~~~~~~~~~~~~~~~~~~~~~~~~~~~~~~~~~~~~~~~~~~~~~~~~~~~~~~~~~~~~~~~~~~~~~~~~
BEFORE ANY ENCODING
num_features :21
num_classes : 1
cat_idx : [0]
nominal_idx : [13]
ordinal_idx : None
num_idx : None
cat_dims : [2]
bin_alt : None 


X_train shape : (6915, 21)
~~~~~~~~~~~~~~~~~~~~~~~~~~~~~~~~~~~~~~~~~~~~~~~~~~~~~~~~~~~~~~~~~~~~~~~~~~~~~~~
~~~~~~~~~~~~~~~~~~~~~~~~~~~~~~~~~~~~~~~~~~~~~~~~~~~~~~~~~~~~~~~~~~~~~~~~~~~~~~~
AFTER getting cat idx
Nominal Index : [13]
Ordinal Index : None
Cat Idx : [0]
Cat dims : [2]
~~~~~~~~~~~~~~~~~~~~~~~~~~~~~~~~~~~~~~~~~~~~~~~~~~~~~~~~~~~~~~~~~~~~~~~~~~~~~~~
BEFORE getting cat idx
Nominal Index : [13]
Ordinal Index : None
Cat Idx : [13]
Cat dims : []
~~~~~~~~~~~~~~~~~~~~~~~~~~~~~~~~~~~~~~~~~~~~~~~~~~~~~~~~~~~~~~~~~~~~~~~~~~~~~~~ 


AFTER SEPARATING CATEGORICALS AND NUMERICALS
Ordinal Index : None
Numerical Index V1 : [0, 1, 2, 3, 4, 5, 6, 7, 8, 9, 10, 11, 12, 14, 15, 16, 17, 18, 19, 20]
Cat Idx V1 : [13] 
Cat Dims V1 : []
 

~~~~~~~~~~~~~~~~~~~~~~~~~~~~~~~~~~~~~~~~~~~~~~~~~~~~~~~~~~~~~~~~~~~~~~~~~~~~~~~ 


Scaling the data...
One Hot Encoding...
Ord : None, Nom : [13], Num : [0, 1, 2, 3, 4, 5, 6, 7, 8, 9, 10, 11, 12, 14, 15, 16, 17, 18, 19, 20]
Num idx: [70, 71, 72, 73, 74, 75, 76, 77, 78, 79, 80, 81, 82, 83, 84, 85, 86, 87, 88, 89]
Ord : None, Nom : [0, 1, 2, 3, 4, 5, 6, 7, 8, 9, 10, 11, 12, 13, 14, 15, 16, 17, 18, 19, 20, 21, 22, 23, 24, 25, 26, 27, 28, 29, 30, 31, 32, 33, 34, 35, 36, 37, 38, 39, 40, 41, 42, 43, 44, 45, 46, 47, 48, 49, 50, 51, 52, 53, 54, 55, 56, 57, 58, 59, 60, 61, 62, 63, 64, 65, 66, 67, 68, 69], Num : [70, 71, 72, 73, 74, 75, 76, 77, 78, 79, 80, 81, 82, 83, 84, 85, 86, 87, 88, 89]
Nominal : (70, 70)
~~~~~~~~~~~~~~~~~~~~~~~~~~~~~~~~~~~~~~~~~~~~~~~~~~~~~~~~~~~~~~~~~~~~~~~~~~~~~~~
After OHE
Numerical Index V2 : [70, 71, 72, 73, 74, 75, 76, 77, 78, 79, 80, 81, 82, 83, 84, 85, 86, 87, 88, 89] 


OHE Idx : [0, 1, 2, 3, 4, 5, 6, 7, 8, 9, 10, 11, 12, 13, 14, 15, 16, 17, 18, 19, 20, 21, 22, 23, 24, 25, 26, 27, 28, 29, 30, 31, 32, 33, 34, 35, 36, 37, 38, 39, 40, 41, 42, 43, 44, 45, 46, 47, 48, 49, 50, 51, 52, 53, 54, 55, 56, 57, 58, 59, 60, 61, 62, 63, 64, 65, 66, 67, 68, 69]


Ordinal Idx V2: None


Cat Dims V2 : []
Cat Idx V2 : [13] 
 

Train: [[0. 0. 0. 0. 0.]
 [0. 0. 0. 0. 0.]
 [0. 0. 0. 0. 0.]
 [0. 0. 0. 0. 0.]
 [0. 0. 0. 0. 0.]
 [0. 0. 0. 0. 0.]
 [0. 0. 0. 0. 0.]
 [0. 0. 0. 0. 0.]
 [0. 0. 0. 0. 0.]
 [0. 0. 0. 0. 0.]] 
 
 
Val : (6915, 90) 
 

~~~~~~~~~~~~~~~~~~~~~~~~~~~~~~~~~~~~~~~~~~~~~~~~~~~~~~~~~~~~~~~~~~~~~~~~~~~~~~~
Cat Idx V3 : [0, 1, 2, 3, 4, 5, 6, 7, 8, 9, 10, 11, 12, 13, 14, 15, 16, 17, 18, 19, 20, 21, 22, 23, 24, 25, 26, 27, 28, 29, 30, 31, 32, 33, 34, 35, 36, 37, 38, 39, 40, 41, 42, 43, 44, 45, 46, 47, 48, 49, 50, 51, 52, 53, 54, 55, 56, 57, 58, 59, 60, 61, 62, 63, 64, 65, 66, 67, 68, 69] 
 

~~~~~~~~~~~~~~~~~~~~~~~~~~~~~~~~~~~~~~~~~~~~~~~~~~~~~~~~~~~~~~~~~~~~~~~~~~~~~~~
After ORDINAL
Numerical Index V2 : [70, 71, 72, 73, 74, 75, 76, 77, 78, 79, 80, 81, 82, 83, 84, 85, 86, 87, 88, 89] 


OHE Idx : [0, 1, 2, 3, 4, 5, 6, 7, 8, 9, 10, 11, 12, 13, 14, 15, 16, 17, 18, 19, 20, 21, 22, 23, 24, 25, 26, 27, 28, 29, 30, 31, 32, 33, 34, 35, 36, 37, 38, 39, 40, 41, 42, 43, 44, 45, 46, 47, 48, 49, 50, 51, 52, 53, 54, 55, 56, 57, 58, 59, 60, 61, 62, 63, 64, 65, 66, 67, 68, 69]


Ordinal Idx V2: None


Cat Dims V2 : [3, 3, 3, 3, 3, 3, 3, 3, 3, 3, 3, 3, 3, 3, 3, 3, 3, 3, 3, 3, 3, 3, 3, 3, 3, 3, 3, 3, 3, 3, 3, 3, 3, 3, 3, 3, 3, 3, 3, 3, 3, 3, 3, 3, 3, 3, 3, 3, 3, 3, 3, 3, 3, 3, 3, 3, 3, 3, 3, 3, 3, 3, 3, 3, 3, 3, 3, 3, 3, 3]
Cat Idx V2 : [0, 1, 2, 3, 4, 5, 6, 7, 8, 9, 10, 11, 12, 13, 14, 15, 16, 17, 18, 19, 20, 21, 22, 23, 24, 25, 26, 27, 28, 29, 30, 31, 32, 33, 34, 35, 36, 37, 38, 39, 40, 41, 42, 43, 44, 45, 46, 47, 48, 49, 50, 51, 52, 53, 54, 55, 56, 57, 58, 59, 60, 61, 62, 63, 64, 65, 66, 67, 68, 69] 
 

Train: [[ 0.          0.          0.          0.          0.          0.
   0.          0.          0.          0.          0.          0.
   0.          0.          0.          0.          0.          0.
   0.          0.          0.          0.          0.          0.
   0.          0.          0.          0.          0.          0.
   0.          0.          0.          0.          0.          0.
   0.          0.          0.          0.          0.          0.
   0.          0.          0.          0.          0.          0.
   0.          0.          0.          0.          0.          0.
   0.          0.          0.          0.          0.          0.
   0.          0.          0.          0.          0.          0.
   0.          1.          0.          0.         -0.40430187 -1.45207554
  -1.11217052 -0.12383804 -0.90311408 -0.09355605 -0.30675814  0.90549024
  -0.57737419 -0.88266615 -0.66325943 -0.47733795 -0.21773186 -0.8352765
  -0.49416603 -1.26261706 -0.07177346  1.44038185 -1.14889738  0.84441046]
 [ 0.          0.          0.          0.          0.          0.
   0.          0.          0.          0.          0.          0.
   0.          0.          0.          0.          0.          0.
   0.          0.          0.          0.          0.          0.
   0.          0.          0.          0.          0.          0.
   0.          0.          0.          0.          0.          0.
   0.          0.          0.          0.          0.          0.
   0.          0.          0.          0.          0.          0.
   0.          1.          0.          0.          0.          0.
   0.          0.          0.          0.          0.          0.
   0.          0.          0.          0.          0.          0.
   0.          0.          0.          0.         -1.51504778 -0.47239208
  -0.75173789 -0.19829404 -0.90311408 -0.09355605 -0.30675814 -0.6318201
  -1.44853773 -1.29580785  0.85930649 -1.02262484 -0.21773186  0.95298014
  -0.67338259 -1.5718445  -0.23323335  1.44038185 -0.50511266  0.95972562]
 [ 0.          0.          0.          0.          0.          0.
   0.          0.          0.          0.          0.          0.
   1.          0.          0.          0.          0.          0.
   0.          0.          0.          0.          0.          0.
   0.          0.          0.          0.          0.          0.
   0.          0.          0.          0.          0.          0.
   0.          0.          0.          0.          0.          0.
   0.          0.          0.          0.          0.          0.
   0.          0.          0.          0.          0.          0.
   0.          0.          0.          0.          0.          0.
   0.          0.          0.          0.          0.          0.
   0.          0.          0.          0.          0.70644403  0.50729138
  -0.17286124 -0.15651742  0.92773724 -0.09355605  2.26911619  0.90549024
  -0.57737419  0.16233933 -0.66325943  0.78363798 -0.21773186 -2.63939671
   1.47721619 -0.24658405 -0.15337376 -0.69426035  0.13867207 -0.88531691]
 [ 0.          0.          0.          0.          0.          0.
   0.          0.          0.          0.          0.          0.
   0.          0.          0.          0.          0.          0.
   0.          0.          0.          0.          0.          0.
   0.          0.          0.          0.          0.          0.
   0.          0.          0.          0.          0.          0.
   0.          0.          0.          0.          0.          0.
   0.          0.          0.          0.          0.          0.
   0.          0.          0.          0.          0.          0.
   0.          1.          0.          0.          0.          0.
   0.          0.          0.          0.          0.          0.
   0.          0.          0.          0.         -1.51504778 -1.45207554
  -1.27600353 -0.17738365 -0.90311408 -0.09355605 -0.30675814 -0.6318201
  -1.44853773 -1.06493455 -0.66325943 -1.19302699 -0.21773186  1.25438792
  -0.65187661 -0.99756497 -0.22456532 -0.69426035  0.46056443  1.19035594]
 [ 0.          0.          0.          0.          0.          0.
   0.          0.          0.          0.          0.          0.
   0.          0.          0.          0.          0.          0.
   0.          0.          0.          0.          0.          0.
   0.          0.          0.          0.          0.          0.
   0.          0.          0.          0.          0.          0.
   0.          0.          0.          0.          0.          0.
   0.          0.          0.          0.          0.          0.
   0.          1.          0.          0.          0.          0.
   0.          0.          0.          0.          0.          0.
   0.          0.          0.          0.          0.          0.
   0.          0.          0.          0.         -1.51504778 -0.79895323
  -0.67528248 -0.21971228  0.01231158 -0.09355605 -0.30675814 -0.6318201
  -0.57737419 -0.39661709 -0.66325943 -2.01095732 -0.21773186  0.89817873
  -0.70205724 -0.30548451 -0.32488716  1.44038185 -1.79268211  1.42098625]
 [ 0.          0.          0.          0.          0.          0.
   0.          0.          0.          0.          0.          0.
   0.          0.          0.          0.          0.          0.
   0.          1.          0.          0.          0.          0.
   0.          0.          0.          0.          0.          0.
   0.          0.          0.          0.          0.          0.
   0.          0.          0.          0.          0.          0.
   0.          0.          0.          0.          0.          0.
   0.          0.          0.          0.          0.          0.
   0.          0.          0.          0.          0.          0.
   0.          0.          0.          0.          0.          0.
   0.          0.          0.          0.         -0.40430187  0.50729138
   0.13296038 -0.13147795  0.92773724 -0.09355605 -0.30675814 -0.6318201
   0.29378935  0.50257368 -0.66325943  0.54507496 -0.21773186 -1.00617038
   0.06498965  0.31297037 -0.10765344 -0.69426035  0.46056443  1.3056711 ]
 [ 0.          0.          0.          0.          0.          0.
   0.          0.          0.          0.          0.          0.
   0.          0.          0.          0.          0.          0.
   0.          0.          0.          0.          0.          0.
   0.          0.          0.          0.          0.          0.
   0.          0.          0.          0.          0.          0.
   0.          0.          0.          0.          0.          0.
   0.          0.          0.          0.          0.          0.
   0.          0.          0.          0.          0.          0.
   0.          0.          0.          1.          0.          0.
   0.          0.          0.          0.          0.          0.
   0.          0.          0.          0.         -0.40430187 -0.14583092
  -0.31484985 -0.19542355 -0.90311408 -0.09355605 -0.30675814  0.90549024
  -0.57737419 -0.66394407  0.58660811 -0.23877494 -0.21773186  1.21689221
  -0.89561113 -0.76196311 -0.21831297  1.44038185 -1.14889738  0.03720436]
 [ 0.          0.          0.          0.          0.          0.
   0.          0.          0.          0.          0.          0.
   0.          0.          0.          0.          0.          0.
   0.          0.          0.          0.          0.          0.
   0.          1.          0.          0.          0.          0.
   0.          0.          0.          0.          0.          0.
   0.          0.          0.          0.          0.          0.
   0.          0.          0.          0.          0.          0.
   0.          0.          0.          0.          0.          0.
   0.          0.          0.          0.          0.          0.
   0.          0.          0.          0.          0.          0.
   0.          0.          0.          0.         -0.40430187 -0.47239208
  -0.58790488 -0.1071009  -0.90311408 -0.09355605 -0.30675814  2.44280059
  -1.44853773 -1.23505172  1.08655513 -0.81814226 -0.21773186  0.12302716
  -0.05687761  0.04791827 -0.07621405 -0.69426035 -0.1832203   0.03720436]
 [ 0.          0.          0.          0.          0.          0.
   0.          0.          0.          0.          0.          0.
   0.          0.          0.          0.          0.          0.
   0.          0.          0.          0.          0.          0.
   0.          0.          0.          0.          0.          0.
   0.          0.          0.          0.          0.          0.
   0.          0.          0.          0.          0.          0.
   0.          0.          0.          0.          0.          0.
   0.          0.          0.          1.          0.          0.
   0.          0.          0.          0.          0.          0.
   0.          0.          0.          0.          0.          0.
   0.          0.          0.          0.          0.70644403  1.48697485
   1.09411406 -0.25459973  0.92773724 -0.09355605 -0.30675814 -0.6318201
   1.1649529   0.72129575  0.92748108  1.46524659 -0.21773186  0.90322623
  -1.03898439 -0.85031381 -0.31351924  1.44038185 -0.82700502 -1.4618927 ]
 [ 0.          0.          0.          0.          0.          0.
   0.          0.          0.          0.          0.          0.
   0.          0.          0.          0.          0.          0.
   0.          0.          0.          0.          0.          0.
   0.          0.          0.          0.          0.          0.
   0.          0.          0.          0.          0.          0.
   0.          0.          0.          0.          0.          0.
   0.          0.          0.          0.          0.          0.
   0.          0.          0.          0.          0.          0.
   0.          0.          0.          0.          0.          0.
   0.          0.          0.          0.          0.          1.
   0.          0.          0.          0.         -0.40430187  1.48697485
   1.86959032  0.07396054  0.92773724 -0.09355605  4.84499052 -0.6318201
   2.03611644  2.4346187  -0.66325943  0.4769141  -0.21773186  1.18804936
  -1.13934566  1.10812664  0.20187353 -0.69426035 -0.50511266  1.3056711 ]] 
 
 
Val : (6915, 90) 
 

FINISHED ENCODING
~~~~~~~~~~~~~~~~~~~~~~~~~~~~~~~~~~~~~~~~~~~~~~~~~~~~~~~~~~~~~~~~~~~~~~~~~~~~~~~


~~~~~~~~~~~~~~~~~~~~~~~~~~~~~~~~~~~~~~~~~~~~~~~~~~~~~~~~~~~~~~~~~~~~~~~~~~~~~~~
Test numpy array issues
X dtype: float64
X Val dtype: float64
X dtype: float32
X Val dtype: float32
After Debugging -- Inner Fold 4
DEBUG Inner Fold 4: num_features: 90
DEBUG Inner Fold 4: num_classes: 1
DEBUG Inner Fold 4: cat_idx: [0, 1, 2, 3, 4, 5, 6, 7, 8, 9, 10, 11, 12, 13, 14, 15, 16, 17, 18, 19, 20, 21, 22, 23, 24, 25, 26, 27, 28, 29, 30, 31, 32, 33, 34, 35, 36, 37, 38, 39, 40, 41, 42, 43, 44, 45, 46, 47, 48, 49, 50, 51, 52, 53, 54, 55, 56, 57, 58, 59, 60, 61, 62, 63, 64, 65, 66, 67, 68, 69]
DEBUG Inner Fold 4: nominal_idx: [0, 1, 2, 3, 4, 5, 6, 7, 8, 9, 10, 11, 12, 13, 14, 15, 16, 17, 18, 19, 20, 21, 22, 23, 24, 25, 26, 27, 28, 29, 30, 31, 32, 33, 34, 35, 36, 37, 38, 39, 40, 41, 42, 43, 44, 45, 46, 47, 48, 49, 50, 51, 52, 53, 54, 55, 56, 57, 58, 59, 60, 61, 62, 63, 64, 65, 66, 67, 68, 69]
DEBUG Inner Fold 4: ordinal_idx: None
DEBUG Inner Fold 4: num_idx: [70, 71, 72, 73, 74, 75, 76, 77, 78, 79, 80, 81, 82, 83, 84, 85, 86, 87, 88, 89]
DEBUG Inner Fold 4: cat_dims: [3, 3, 3, 3, 3, 3, 3, 3, 3, 3, 3, 3, 3, 3, 3, 3, 3, 3, 3, 3, 3, 3, 3, 3, 3, 3, 3, 3, 3, 3, 3, 3, 3, 3, 3, 3, 3, 3, 3, 3, 3, 3, 3, 3, 3, 3, 3, 3, 3, 3, 3, 3, 3, 3, 3, 3, 3, 3, 3, 3, 3, 3, 3, 3, 3, 3, 3, 3, 3, 3]
DEBUG Inner Fold 4: bin_alt: None
In get_device
Using dim 8 and batch size 64
**** Data b4 Fitting ****
Epoch 0 loss 417390428160.0
Epoch 1 loss 413088055296.0
Epoch 2 loss 370562957312.0
Epoch 3 loss 250160054272.0
Epoch 4 loss 257960345600.0
Epoch 5 loss 137903521792.0
Epoch 6 loss 103902748672.0
Epoch 7 loss 68575383552.0
Epoch 8 loss 53430489088.0
Epoch 9 loss 44529741824.0
Epoch 10 loss 30088407040.0
Epoch 11 loss 26338351104.0
Epoch 12 loss 22349047808.0
Epoch 13 loss 43696103424.0
Epoch 14 loss 20791336960.0
Epoch 15 loss 19772899328.0
Epoch 16 loss 20415115264.0
Epoch 17 loss 22653687808.0
Epoch 18 loss 15503952896.0
Epoch 19 loss 15733329920.0
Epoch 20 loss 14244489216.0
Epoch 21 loss 20113512448.0
Epoch 22 loss 15411908608.0
Epoch 23 loss 16212748288.0
Epoch 24 loss 14103254016.0
Epoch 25 loss 14694603776.0
Epoch 26 loss 14569247744.0
Epoch 27 loss 17184020480.0
Epoch 28 loss 13487320064.0
Epoch 29 loss 14909617152.0
Epoch 30 loss 12879698944.0
Epoch 31 loss 14903759872.0
Epoch 32 loss 14581299200.0
Epoch 33 loss 14897141760.0
Epoch 34 loss 13061190656.0
Epoch 35 loss 15404621824.0
Epoch 36 loss 12252206080.0
Epoch 37 loss 11859129344.0
Epoch 38 loss 14144687104.0
Epoch 39 loss 11970878464.0
Epoch 40 loss 11979209728.0
Epoch 41 loss 14127241216.0
Epoch 42 loss 12771874816.0
Epoch 43 loss 15005622272.0
Epoch 44 loss 15834601472.0
Epoch 45 loss 12086461440.0
Epoch 46 loss 12298929152.0
Epoch 47 loss 12348472320.0
Epoch 48 loss 13963625472.0
Epoch 49 loss 13873903616.0
Epoch 50 loss 17306021888.0
Epoch 51 loss 15883578368.0
Epoch 52 loss 11980461056.0
Epoch 53 loss 13042829312.0
Epoch 54 loss 12570695680.0
Epoch 55 loss 13640201216.0
Epoch 56 loss 12541130752.0
Epoch 57 loss 14271208448.0
Epoch 58 loss 13002669056.0
Validation loss has not improved for 20 steps!
Early stopping applies.
Inner Fold 4 Results: {'MSE - mean': 14717159654.923248, 'MSE - std': 5337495727.415012, 'R2 - mean': 0.8935009150996093, 'R2 - std': 0.017053481032850124}
  outer_1_inner Fold 5/5
Before Debugging -- Inner Fold 5
DEBUG Inner Fold 5: num_features: 21
DEBUG Inner Fold 5: num_classes: 1
DEBUG Inner Fold 5: cat_idx: [0]
DEBUG Inner Fold 5: nominal_idx: [13]
DEBUG Inner Fold 5: ordinal_idx: None
DEBUG Inner Fold 5: num_idx: None
DEBUG Inner Fold 5: cat_dims: [2]
DEBUG Inner Fold 5: bin_alt: None
~~~~~~~~~~~~~~~~~~~~~~~~~~~~~~~~~~~~~~~~~~~~~~~~~~~~~~~~~~~~~~~~~~~~~~~~~~~~~~~
BEFORE ANY ENCODING
num_features :21
num_classes : 1
cat_idx : [0]
nominal_idx : [13]
ordinal_idx : None
num_idx : None
cat_dims : [2]
bin_alt : None 


X_train shape : (6916, 21)
~~~~~~~~~~~~~~~~~~~~~~~~~~~~~~~~~~~~~~~~~~~~~~~~~~~~~~~~~~~~~~~~~~~~~~~~~~~~~~~
~~~~~~~~~~~~~~~~~~~~~~~~~~~~~~~~~~~~~~~~~~~~~~~~~~~~~~~~~~~~~~~~~~~~~~~~~~~~~~~
AFTER getting cat idx
Nominal Index : [13]
Ordinal Index : None
Cat Idx : [0]
Cat dims : [2]
~~~~~~~~~~~~~~~~~~~~~~~~~~~~~~~~~~~~~~~~~~~~~~~~~~~~~~~~~~~~~~~~~~~~~~~~~~~~~~~
BEFORE getting cat idx
Nominal Index : [13]
Ordinal Index : None
Cat Idx : [13]
Cat dims : []
~~~~~~~~~~~~~~~~~~~~~~~~~~~~~~~~~~~~~~~~~~~~~~~~~~~~~~~~~~~~~~~~~~~~~~~~~~~~~~~ 


AFTER SEPARATING CATEGORICALS AND NUMERICALS
Ordinal Index : None
Numerical Index V1 : [0, 1, 2, 3, 4, 5, 6, 7, 8, 9, 10, 11, 12, 14, 15, 16, 17, 18, 19, 20]
Cat Idx V1 : [13] 
Cat Dims V1 : []
 

~~~~~~~~~~~~~~~~~~~~~~~~~~~~~~~~~~~~~~~~~~~~~~~~~~~~~~~~~~~~~~~~~~~~~~~~~~~~~~~ 


Scaling the data...
One Hot Encoding...
Ord : None, Nom : [13], Num : [0, 1, 2, 3, 4, 5, 6, 7, 8, 9, 10, 11, 12, 14, 15, 16, 17, 18, 19, 20]
Num idx: [70, 71, 72, 73, 74, 75, 76, 77, 78, 79, 80, 81, 82, 83, 84, 85, 86, 87, 88, 89]
Ord : None, Nom : [0, 1, 2, 3, 4, 5, 6, 7, 8, 9, 10, 11, 12, 13, 14, 15, 16, 17, 18, 19, 20, 21, 22, 23, 24, 25, 26, 27, 28, 29, 30, 31, 32, 33, 34, 35, 36, 37, 38, 39, 40, 41, 42, 43, 44, 45, 46, 47, 48, 49, 50, 51, 52, 53, 54, 55, 56, 57, 58, 59, 60, 61, 62, 63, 64, 65, 66, 67, 68, 69], Num : [70, 71, 72, 73, 74, 75, 76, 77, 78, 79, 80, 81, 82, 83, 84, 85, 86, 87, 88, 89]
Nominal : (70, 70)
~~~~~~~~~~~~~~~~~~~~~~~~~~~~~~~~~~~~~~~~~~~~~~~~~~~~~~~~~~~~~~~~~~~~~~~~~~~~~~~
After OHE
Numerical Index V2 : [70, 71, 72, 73, 74, 75, 76, 77, 78, 79, 80, 81, 82, 83, 84, 85, 86, 87, 88, 89] 


OHE Idx : [0, 1, 2, 3, 4, 5, 6, 7, 8, 9, 10, 11, 12, 13, 14, 15, 16, 17, 18, 19, 20, 21, 22, 23, 24, 25, 26, 27, 28, 29, 30, 31, 32, 33, 34, 35, 36, 37, 38, 39, 40, 41, 42, 43, 44, 45, 46, 47, 48, 49, 50, 51, 52, 53, 54, 55, 56, 57, 58, 59, 60, 61, 62, 63, 64, 65, 66, 67, 68, 69]


Ordinal Idx V2: None


Cat Dims V2 : []
Cat Idx V2 : [13] 
 

Train: [[0. 0. 0. 0. 0.]
 [0. 0. 0. 0. 0.]
 [0. 0. 0. 0. 0.]
 [0. 0. 0. 0. 0.]
 [0. 0. 0. 0. 0.]
 [0. 0. 0. 0. 0.]
 [0. 0. 0. 0. 0.]
 [0. 0. 0. 0. 0.]
 [0. 0. 0. 0. 0.]
 [0. 0. 0. 0. 0.]] 
 
 
Val : (6916, 90) 
 

~~~~~~~~~~~~~~~~~~~~~~~~~~~~~~~~~~~~~~~~~~~~~~~~~~~~~~~~~~~~~~~~~~~~~~~~~~~~~~~
Cat Idx V3 : [0, 1, 2, 3, 4, 5, 6, 7, 8, 9, 10, 11, 12, 13, 14, 15, 16, 17, 18, 19, 20, 21, 22, 23, 24, 25, 26, 27, 28, 29, 30, 31, 32, 33, 34, 35, 36, 37, 38, 39, 40, 41, 42, 43, 44, 45, 46, 47, 48, 49, 50, 51, 52, 53, 54, 55, 56, 57, 58, 59, 60, 61, 62, 63, 64, 65, 66, 67, 68, 69] 
 

~~~~~~~~~~~~~~~~~~~~~~~~~~~~~~~~~~~~~~~~~~~~~~~~~~~~~~~~~~~~~~~~~~~~~~~~~~~~~~~
After ORDINAL
Numerical Index V2 : [70, 71, 72, 73, 74, 75, 76, 77, 78, 79, 80, 81, 82, 83, 84, 85, 86, 87, 88, 89] 


OHE Idx : [0, 1, 2, 3, 4, 5, 6, 7, 8, 9, 10, 11, 12, 13, 14, 15, 16, 17, 18, 19, 20, 21, 22, 23, 24, 25, 26, 27, 28, 29, 30, 31, 32, 33, 34, 35, 36, 37, 38, 39, 40, 41, 42, 43, 44, 45, 46, 47, 48, 49, 50, 51, 52, 53, 54, 55, 56, 57, 58, 59, 60, 61, 62, 63, 64, 65, 66, 67, 68, 69]


Ordinal Idx V2: None


Cat Dims V2 : [3, 3, 3, 3, 3, 3, 3, 3, 3, 3, 3, 3, 3, 3, 3, 3, 3, 3, 3, 3, 3, 3, 3, 3, 3, 3, 3, 3, 3, 3, 3, 3, 3, 3, 3, 3, 3, 3, 3, 3, 3, 3, 3, 3, 3, 3, 3, 3, 3, 3, 3, 3, 3, 3, 3, 3, 3, 3, 3, 3, 3, 3, 3, 3, 3, 3, 3, 3, 3, 3]
Cat Idx V2 : [0, 1, 2, 3, 4, 5, 6, 7, 8, 9, 10, 11, 12, 13, 14, 15, 16, 17, 18, 19, 20, 21, 22, 23, 24, 25, 26, 27, 28, 29, 30, 31, 32, 33, 34, 35, 36, 37, 38, 39, 40, 41, 42, 43, 44, 45, 46, 47, 48, 49, 50, 51, 52, 53, 54, 55, 56, 57, 58, 59, 60, 61, 62, 63, 64, 65, 66, 67, 68, 69] 
 

Train: [[ 0.          0.          0.          0.          0.          0.
   0.          0.          0.          0.          0.          0.
   0.          0.          0.          0.          0.          0.
   0.          0.          0.          0.          0.          0.
   0.          0.          0.          0.          0.          0.
   0.          0.          0.          0.          0.          0.
   0.          0.          0.          0.          0.          0.
   0.          0.          0.          0.          0.          0.
   0.          0.          0.          0.          0.          0.
   0.          0.          0.          0.          0.          0.
   0.          0.          0.          0.          0.          0.
   0.          1.          0.          0.         -0.41021535 -1.45338246
  -1.10854716 -0.111502   -0.91403768 -0.08447234 -0.31220268  0.9209111
  -0.562002   -0.87849243 -0.66013833 -0.48314035 -0.20540599 -0.83926795
  -0.48615507 -1.26065831 -0.06807791  1.44577286 -1.14975814  0.83902006]
 [ 0.          0.          0.          0.          0.          0.
   0.          0.          0.          0.          0.          0.
   0.          0.          0.          0.          0.          0.
   0.          0.          0.          0.          0.          0.
   0.          0.          0.          0.          0.          0.
   0.          0.          0.          0.          0.          0.
   0.          0.          0.          0.          0.          0.
   0.          0.          0.          0.          0.          0.
   0.          1.          0.          0.          0.          0.
   0.          0.          0.          0.          0.          0.
   0.          0.          0.          0.          0.          0.
   0.          0.          0.          0.         -1.52104127 -0.47375868
  -0.74925021 -0.18301719 -0.91403768 -0.08447234 -0.31220268 -0.6245927
  -1.42496954 -1.28943276  0.8581104  -1.02739196 -0.20540599  0.95055814
  -0.66585183 -1.56736905 -0.21870313  1.44577286 -0.50786863  0.95388333]
 [ 0.          0.          0.          0.          0.          0.
   0.          0.          0.          0.          0.          0.
   1.          0.          0.          0.          0.          0.
   0.          0.          0.          0.          0.          0.
   0.          0.          0.          0.          0.          0.
   0.          0.          0.          0.          0.          0.
   0.          0.          0.          0.          0.          0.
   0.          0.          0.          0.          0.          0.
   0.          0.          0.          0.          0.          0.
   0.          0.          0.          0.          0.          0.
   0.          0.          0.          0.          0.          0.
   0.          0.          0.          0.          0.70061056  0.50586511
  -0.17219752 -0.14289064  0.92093607 -0.08447234  2.27520744  0.9209111
  -0.562002    0.16094487 -0.66013833  0.77544147 -0.20540599 -2.64497152
   1.49050923 -0.25289445 -0.14420247 -0.69167158  0.13402089 -0.88392901]
 [ 0.          0.          0.          0.          0.          0.
   0.          0.          0.          0.          0.          0.
   0.          0.          0.          0.          0.          0.
   0.          0.          0.          0.          0.          0.
   0.          0.          0.          0.          0.          0.
   0.          0.          0.          0.          0.          0.
   0.          0.          0.          0.          0.          0.
   1.          0.          0.          0.          0.          0.
   0.          0.          0.          0.          0.          0.
   0.          0.          0.          0.          0.          0.
   0.          0.          0.          0.          0.          0.
   0.          0.          0.          0.          0.70061056  2.13857141
  -0.1068708  -0.23762917  0.92093607 -0.08447234 -0.31220268 -0.6245927
   1.16393309  0.23346375 -0.66013833  1.28567735 -0.20540599  0.94117598
  -1.0108696  -0.74947374 -0.30288092 -0.69167158  0.13402089  1.75792623]
 [ 0.          0.          0.          0.          0.          0.
   0.          0.          0.          0.          0.          0.
   0.          0.          0.          0.          0.          0.
   0.          0.          0.          0.          0.          0.
   0.          0.          0.          0.          0.          0.
   1.          0.          0.          0.          0.          0.
   0.          0.          0.          0.          0.          0.
   0.          0.          0.          0.          0.          0.
   0.          0.          0.          0.          0.          0.
   0.          0.          0.          0.          0.          0.
   0.          0.          0.          0.          0.          0.
   0.          0.          0.          0.         -0.41021535  0.50586511
  -0.17219752 -0.12978376  0.92093607 -0.08447234 -0.31220268 -0.6245927
   0.30096555  0.16094487 -0.66013833  0.57134712 -0.20540599 -0.56213359
  -0.11238582 -0.09223644 -0.1898043  -0.69167158 -0.50786863 -0.99879228]
 [ 0.          0.          0.          0.          0.          0.
   0.          0.          0.          0.          0.          0.
   0.          0.          0.          0.          0.          0.
   0.          0.          0.          0.          0.          0.
   0.          0.          0.          0.          0.          0.
   0.          0.          0.          0.          0.          0.
   0.          0.          0.          0.          0.          0.
   0.          0.          0.          0.          0.          0.
   0.          0.          0.          0.          0.          0.
   0.          0.          0.          0.          0.          0.
   0.          0.          0.          0.          0.          0.
   0.          0.          1.          0.         -1.52104127 -1.45338246
  -1.21742503 -0.17601837 -0.91403768 -0.08447234 -0.31220268 -0.6245927
  -3.15090463 -0.99935723 -0.66013833 -1.80975363 -0.20540599 -1.25063927
  -0.65866396 -0.20907863 -0.16103803  1.44577286 -0.82881338 -0.88392901]
 [ 0.          0.          0.          0.          0.          0.
   0.          0.          0.          0.          0.          0.
   0.          0.          0.          0.          0.          0.
   0.          1.          0.          0.          0.          0.
   0.          0.          0.          0.          0.          0.
   0.          0.          0.          0.          0.          0.
   0.          0.          0.          0.          0.          0.
   0.          0.          0.          0.          0.          0.
   0.          0.          0.          0.          0.          0.
   0.          0.          0.          0.          0.          0.
   0.          0.          0.          0.          0.          0.
   0.          0.          0.          0.         -0.41021535  0.50586511
   0.1326605  -0.11884016  0.92093607 -0.08447234 -0.31220268 -0.6245927
   0.30096555  0.49936632 -0.66013833  0.5373314  -0.20540599 -1.01031181
   0.0744988   0.30210594 -0.10155018 -0.69167158  0.45496564  1.29847314]
 [ 0.          0.          0.          0.          0.          0.
   0.          0.          0.          0.          0.          0.
   0.          0.          0.          0.          0.          0.
   0.          0.          0.          0.          0.          0.
   0.          0.          0.          0.          0.          0.
   0.          0.          0.          0.          0.          0.
   0.          0.          0.          0.          0.          0.
   0.          0.          0.          0.          0.          0.
   0.          0.          0.          0.          0.          0.
   0.          0.          0.          1.          0.          0.
   0.          0.          0.          0.          0.          0.
   0.          0.          0.          0.         -0.41021535 -0.14721742
  -0.31373875 -0.18026008 -0.91403768 -0.08447234 -0.31220268  0.9209111
  -0.562002   -0.66093579  0.58618526 -0.24503028 -0.20540599  1.21470183
  -0.8886758  -0.76407901 -0.20478397  1.44577286 -1.14975814  0.03497716]
 [ 0.          0.          0.          0.          0.          0.
   0.          0.          0.          0.          0.          0.
   0.          0.          0.          0.          0.          0.
   0.          0.          0.          0.          0.          0.
   0.          0.          0.          0.          0.          0.
   0.          0.          0.          0.          0.          0.
   0.          0.          0.          0.          0.          0.
   0.          0.          0.          0.          0.          0.
   0.          0.          0.          0.          0.          0.
   0.          0.          0.          0.          0.          0.
   0.          0.          1.          0.          0.          0.
   0.          0.          0.          0.         -0.41021535 -0.47375868
  -0.60770898 -0.06399488 -0.91403768 -0.08447234 -0.31220268 -0.6245927
   0.30096555 -0.68510875  0.01967453  0.23118987 -0.20540599  1.38502399
  -0.601161   -0.19447335  0.01725981 -0.69167158  0.13402089  0.03497716]
 [ 0.          0.          0.          0.          0.          0.
   0.          0.          0.          0.          0.          0.
   0.          0.          0.          0.          0.          0.
   0.          0.          0.          0.          0.          0.
   0.          1.          0.          0.          0.          0.
   0.          0.          0.          0.          0.          0.
   0.          0.          0.          0.          0.          0.
   0.          0.          0.          0.          0.          0.
   0.          0.          0.          0.          0.          0.
   0.          0.          0.          0.          0.          0.
   0.          0.          0.          0.          0.          0.
   0.          0.          0.          0.         -0.41021535 -0.47375868
  -0.58593341 -0.09542593 -0.91403768 -0.08447234 -0.31220268  2.4664149
  -1.42496954 -1.22900036  1.08471469 -0.82329761 -0.20540599  0.11987676
  -0.04769499  0.03921102 -0.07222052 -0.69167158 -0.18692387  0.03497716]] 
 
 
Val : (6916, 90) 
 

FINISHED ENCODING
~~~~~~~~~~~~~~~~~~~~~~~~~~~~~~~~~~~~~~~~~~~~~~~~~~~~~~~~~~~~~~~~~~~~~~~~~~~~~~~


~~~~~~~~~~~~~~~~~~~~~~~~~~~~~~~~~~~~~~~~~~~~~~~~~~~~~~~~~~~~~~~~~~~~~~~~~~~~~~~
Test numpy array issues
X dtype: float64
X Val dtype: float64
X dtype: float32
X Val dtype: float32
After Debugging -- Inner Fold 5
DEBUG Inner Fold 5: num_features: 90
DEBUG Inner Fold 5: num_classes: 1
DEBUG Inner Fold 5: cat_idx: [0, 1, 2, 3, 4, 5, 6, 7, 8, 9, 10, 11, 12, 13, 14, 15, 16, 17, 18, 19, 20, 21, 22, 23, 24, 25, 26, 27, 28, 29, 30, 31, 32, 33, 34, 35, 36, 37, 38, 39, 40, 41, 42, 43, 44, 45, 46, 47, 48, 49, 50, 51, 52, 53, 54, 55, 56, 57, 58, 59, 60, 61, 62, 63, 64, 65, 66, 67, 68, 69]
DEBUG Inner Fold 5: nominal_idx: [0, 1, 2, 3, 4, 5, 6, 7, 8, 9, 10, 11, 12, 13, 14, 15, 16, 17, 18, 19, 20, 21, 22, 23, 24, 25, 26, 27, 28, 29, 30, 31, 32, 33, 34, 35, 36, 37, 38, 39, 40, 41, 42, 43, 44, 45, 46, 47, 48, 49, 50, 51, 52, 53, 54, 55, 56, 57, 58, 59, 60, 61, 62, 63, 64, 65, 66, 67, 68, 69]
DEBUG Inner Fold 5: ordinal_idx: None
DEBUG Inner Fold 5: num_idx: [70, 71, 72, 73, 74, 75, 76, 77, 78, 79, 80, 81, 82, 83, 84, 85, 86, 87, 88, 89]
DEBUG Inner Fold 5: cat_dims: [3, 3, 3, 3, 3, 3, 3, 3, 3, 3, 3, 3, 3, 3, 3, 3, 3, 3, 3, 3, 3, 3, 3, 3, 3, 3, 3, 3, 3, 3, 3, 3, 3, 3, 3, 3, 3, 3, 3, 3, 3, 3, 3, 3, 3, 3, 3, 3, 3, 3, 3, 3, 3, 3, 3, 3, 3, 3, 3, 3, 3, 3, 3, 3, 3, 3, 3, 3, 3, 3]
DEBUG Inner Fold 5: bin_alt: None
In get_device
Using dim 8 and batch size 64
**** Data b4 Fitting ****
Epoch 0 loss 453477728256.0
Epoch 1 loss 445885612032.0
Epoch 2 loss 401960665088.0
Epoch 3 loss 287090507776.0
Epoch 4 loss 179768262656.0
Epoch 5 loss 156179677184.0
Epoch 6 loss 154693992448.0
Epoch 7 loss 111430049792.0
Epoch 8 loss 84798685184.0
Epoch 9 loss 65025789952.0
Epoch 10 loss 53843349504.0
Epoch 11 loss 46545190912.0
Epoch 12 loss 41817501696.0
Epoch 13 loss 38592495616.0
Epoch 14 loss 35365347328.0
Epoch 15 loss 31483213824.0
Epoch 16 loss 30975889408.0
Epoch 17 loss 32843808768.0
Epoch 18 loss 28601372672.0
Epoch 19 loss 27128770560.0
Epoch 20 loss 25054363648.0
Epoch 21 loss 25211674624.0
Epoch 22 loss 24766339072.0
Epoch 23 loss 25158193152.0
Epoch 24 loss 23009581056.0
Epoch 25 loss 25491826688.0
Epoch 26 loss 27254702080.0
Epoch 27 loss 25746487296.0
Epoch 28 loss 20643166208.0
Epoch 29 loss 27657449472.0
Epoch 30 loss 20629372928.0
Epoch 31 loss 21504325632.0
Epoch 32 loss 22222202880.0
Epoch 33 loss 22811648000.0
Epoch 34 loss 18719817728.0
Epoch 35 loss 20232650752.0
Epoch 36 loss 18929534976.0
Epoch 37 loss 18291173376.0
Epoch 38 loss 19577999360.0
Epoch 39 loss 18135922688.0
Epoch 40 loss 18527344640.0
Epoch 41 loss 19834959872.0
Epoch 42 loss 19471527936.0
Epoch 43 loss 18156537856.0
Epoch 44 loss 17443332096.0
Epoch 45 loss 17734606848.0
Epoch 46 loss 16769739776.0
Epoch 47 loss 17029691392.0
Epoch 48 loss 17791629312.0
Epoch 49 loss 18148642816.0
Epoch 50 loss 18840903680.0
Epoch 51 loss 17154635776.0
Epoch 52 loss 17717628928.0
Epoch 53 loss 16538167296.0
Epoch 54 loss 16882952192.0
Epoch 55 loss 18660190208.0
Epoch 56 loss 16141573120.0
Epoch 57 loss 19287549952.0
Epoch 58 loss 19512387584.0
Epoch 59 loss 16568909824.0
Epoch 60 loss 18363645952.0
Epoch 61 loss 15362920448.0
Epoch 62 loss 15259034624.0
Epoch 63 loss 16189651968.0
Epoch 64 loss 15473541120.0
Epoch 65 loss 15493127168.0
Epoch 66 loss 17705601024.0
Epoch 67 loss 17478467584.0
Epoch 68 loss 18519427072.0
Epoch 69 loss 17419694080.0
Epoch 70 loss 17577752576.0
Epoch 71 loss 17464471552.0
Epoch 72 loss 18932684800.0
Epoch 73 loss 17290708992.0
Epoch 74 loss 16668016640.0
Epoch 75 loss 16879311872.0
Epoch 76 loss 17016801280.0
Epoch 77 loss 16994426880.0
Epoch 78 loss 17197692928.0
Epoch 79 loss 17983619072.0
Epoch 80 loss 17668618240.0
Epoch 81 loss 16580016128.0
Epoch 82 loss 17006373888.0
Epoch 83 loss 16498890752.0
Validation loss has not improved for 20 steps!
Early stopping applies.
Inner Fold 5 Results: {'MSE - mean': 14825828386.366192, 'MSE - std': 4778945917.763926, 'R2 - mean': 0.8951628905537354, 'R2 - std': 0.01561107369499921}
Trial Results B4 Saving: {'MSE - mean': 14825828386.366192, 'MSE - std': 4778945917.763926, 'R2 - mean': 0.8951628905537354, 'R2 - std': 0.01561107369499921}
Score: 14825828386.366192
  outer_1_inner Fold 1/5
Before Debugging -- Inner Fold 1
DEBUG Inner Fold 1: num_features: 21
DEBUG Inner Fold 1: num_classes: 1
DEBUG Inner Fold 1: cat_idx: [0]
DEBUG Inner Fold 1: nominal_idx: [13]
DEBUG Inner Fold 1: ordinal_idx: None
DEBUG Inner Fold 1: num_idx: None
DEBUG Inner Fold 1: cat_dims: [2]
DEBUG Inner Fold 1: bin_alt: None
~~~~~~~~~~~~~~~~~~~~~~~~~~~~~~~~~~~~~~~~~~~~~~~~~~~~~~~~~~~~~~~~~~~~~~~~~~~~~~~
BEFORE ANY ENCODING
num_features :21
num_classes : 1
cat_idx : [0]
nominal_idx : [13]
ordinal_idx : None
num_idx : None
cat_dims : [2]
bin_alt : None 


X_train shape : (6915, 21)
~~~~~~~~~~~~~~~~~~~~~~~~~~~~~~~~~~~~~~~~~~~~~~~~~~~~~~~~~~~~~~~~~~~~~~~~~~~~~~~
~~~~~~~~~~~~~~~~~~~~~~~~~~~~~~~~~~~~~~~~~~~~~~~~~~~~~~~~~~~~~~~~~~~~~~~~~~~~~~~
AFTER getting cat idx
Nominal Index : [13]
Ordinal Index : None
Cat Idx : [0]
Cat dims : [2]
~~~~~~~~~~~~~~~~~~~~~~~~~~~~~~~~~~~~~~~~~~~~~~~~~~~~~~~~~~~~~~~~~~~~~~~~~~~~~~~
BEFORE getting cat idx
Nominal Index : [13]
Ordinal Index : None
Cat Idx : [13]
Cat dims : []
~~~~~~~~~~~~~~~~~~~~~~~~~~~~~~~~~~~~~~~~~~~~~~~~~~~~~~~~~~~~~~~~~~~~~~~~~~~~~~~ 


AFTER SEPARATING CATEGORICALS AND NUMERICALS
Ordinal Index : None
Numerical Index V1 : [0, 1, 2, 3, 4, 5, 6, 7, 8, 9, 10, 11, 12, 14, 15, 16, 17, 18, 19, 20]
Cat Idx V1 : [13] 
Cat Dims V1 : []
 

~~~~~~~~~~~~~~~~~~~~~~~~~~~~~~~~~~~~~~~~~~~~~~~~~~~~~~~~~~~~~~~~~~~~~~~~~~~~~~~ 


Scaling the data...
One Hot Encoding...
Ord : None, Nom : [13], Num : [0, 1, 2, 3, 4, 5, 6, 7, 8, 9, 10, 11, 12, 14, 15, 16, 17, 18, 19, 20]
Num idx: [70, 71, 72, 73, 74, 75, 76, 77, 78, 79, 80, 81, 82, 83, 84, 85, 86, 87, 88, 89]
Ord : None, Nom : [0, 1, 2, 3, 4, 5, 6, 7, 8, 9, 10, 11, 12, 13, 14, 15, 16, 17, 18, 19, 20, 21, 22, 23, 24, 25, 26, 27, 28, 29, 30, 31, 32, 33, 34, 35, 36, 37, 38, 39, 40, 41, 42, 43, 44, 45, 46, 47, 48, 49, 50, 51, 52, 53, 54, 55, 56, 57, 58, 59, 60, 61, 62, 63, 64, 65, 66, 67, 68, 69], Num : [70, 71, 72, 73, 74, 75, 76, 77, 78, 79, 80, 81, 82, 83, 84, 85, 86, 87, 88, 89]
Nominal : (70, 70)
~~~~~~~~~~~~~~~~~~~~~~~~~~~~~~~~~~~~~~~~~~~~~~~~~~~~~~~~~~~~~~~~~~~~~~~~~~~~~~~
After OHE
Numerical Index V2 : [70, 71, 72, 73, 74, 75, 76, 77, 78, 79, 80, 81, 82, 83, 84, 85, 86, 87, 88, 89] 


OHE Idx : [0, 1, 2, 3, 4, 5, 6, 7, 8, 9, 10, 11, 12, 13, 14, 15, 16, 17, 18, 19, 20, 21, 22, 23, 24, 25, 26, 27, 28, 29, 30, 31, 32, 33, 34, 35, 36, 37, 38, 39, 40, 41, 42, 43, 44, 45, 46, 47, 48, 49, 50, 51, 52, 53, 54, 55, 56, 57, 58, 59, 60, 61, 62, 63, 64, 65, 66, 67, 68, 69]


Ordinal Idx V2: None


Cat Dims V2 : []
Cat Idx V2 : [13] 
 

Train: [[0. 0. 0. 0. 0.]
 [0. 0. 0. 0. 0.]
 [0. 0. 0. 0. 0.]
 [0. 0. 0. 0. 0.]
 [0. 0. 0. 0. 0.]
 [0. 0. 0. 0. 0.]
 [0. 0. 0. 0. 0.]
 [0. 0. 0. 0. 0.]
 [0. 0. 0. 0. 0.]
 [0. 0. 0. 0. 0.]] 
 
 
Val : (6915, 90) 
 

~~~~~~~~~~~~~~~~~~~~~~~~~~~~~~~~~~~~~~~~~~~~~~~~~~~~~~~~~~~~~~~~~~~~~~~~~~~~~~~
Cat Idx V3 : [0, 1, 2, 3, 4, 5, 6, 7, 8, 9, 10, 11, 12, 13, 14, 15, 16, 17, 18, 19, 20, 21, 22, 23, 24, 25, 26, 27, 28, 29, 30, 31, 32, 33, 34, 35, 36, 37, 38, 39, 40, 41, 42, 43, 44, 45, 46, 47, 48, 49, 50, 51, 52, 53, 54, 55, 56, 57, 58, 59, 60, 61, 62, 63, 64, 65, 66, 67, 68, 69] 
 

~~~~~~~~~~~~~~~~~~~~~~~~~~~~~~~~~~~~~~~~~~~~~~~~~~~~~~~~~~~~~~~~~~~~~~~~~~~~~~~
After ORDINAL
Numerical Index V2 : [70, 71, 72, 73, 74, 75, 76, 77, 78, 79, 80, 81, 82, 83, 84, 85, 86, 87, 88, 89] 


OHE Idx : [0, 1, 2, 3, 4, 5, 6, 7, 8, 9, 10, 11, 12, 13, 14, 15, 16, 17, 18, 19, 20, 21, 22, 23, 24, 25, 26, 27, 28, 29, 30, 31, 32, 33, 34, 35, 36, 37, 38, 39, 40, 41, 42, 43, 44, 45, 46, 47, 48, 49, 50, 51, 52, 53, 54, 55, 56, 57, 58, 59, 60, 61, 62, 63, 64, 65, 66, 67, 68, 69]


Ordinal Idx V2: None


Cat Dims V2 : [3, 3, 3, 3, 3, 3, 3, 3, 3, 3, 3, 3, 3, 3, 3, 3, 3, 3, 3, 3, 3, 3, 3, 3, 3, 3, 3, 3, 3, 3, 3, 3, 3, 3, 3, 3, 3, 3, 3, 3, 3, 3, 3, 3, 3, 3, 3, 3, 3, 3, 3, 3, 3, 3, 3, 3, 3, 3, 3, 3, 3, 3, 3, 3, 3, 3, 3, 3, 3, 3]
Cat Idx V2 : [0, 1, 2, 3, 4, 5, 6, 7, 8, 9, 10, 11, 12, 13, 14, 15, 16, 17, 18, 19, 20, 21, 22, 23, 24, 25, 26, 27, 28, 29, 30, 31, 32, 33, 34, 35, 36, 37, 38, 39, 40, 41, 42, 43, 44, 45, 46, 47, 48, 49, 50, 51, 52, 53, 54, 55, 56, 57, 58, 59, 60, 61, 62, 63, 64, 65, 66, 67, 68, 69] 
 

Train: [[ 0.          0.          0.          0.          0.          0.
   0.          0.          0.          0.          0.          0.
   0.          0.          0.          0.          0.          0.
   0.          0.          0.          0.          0.          0.
   0.          0.          0.          0.          0.          0.
   0.          0.          0.          0.          0.          0.
   0.          0.          0.          0.          0.          0.
   0.          0.          0.          0.          0.          0.
   0.          0.          0.          0.          0.          0.
   0.          0.          0.          0.          0.          0.
   0.          0.          0.          0.          0.          0.
   0.          1.          0.          0.         -0.40800336 -1.4636497
  -1.11809154 -0.11706556 -0.91278871 -0.08871625 -0.30792431  0.89609687
  -0.55947538 -0.88644539 -0.66037967 -0.46688419 -0.22206866 -0.82049994
  -0.49905598 -1.25350496 -0.07103198  1.4437104  -1.14017854  0.84623769]
 [ 0.          0.          0.          0.          0.          0.
   0.          0.          0.          0.          0.          0.
   0.          0.          0.          0.          0.          0.
   0.          0.          0.          0.          0.          0.
   0.          0.          0.          0.          0.          0.
   0.          0.          0.          0.          0.          0.
   0.          0.          0.          0.          0.          0.
   0.          0.          0.          0.          0.          0.
   0.          1.          0.          0.          0.          0.
   0.          0.          0.          0.          0.          0.
   0.          0.          0.          0.          0.          0.
   0.          0.          0.          0.         -1.52404102 -0.47894358
  -0.75385093 -0.19060721 -0.91278871 -0.08871625 -0.30792431 -0.63390556
  -1.41920255 -1.30382134  0.8607375  -1.01119377 -0.22206866  0.9630068
  -0.67790582 -1.56199562 -0.22955533  1.4437104  -0.50063161  0.96120524]
 [ 0.          0.          0.          0.          0.          0.
   0.          0.          0.          0.          0.          0.
   1.          0.          0.          0.          0.          0.
   0.          0.          0.          0.          0.          0.
   0.          0.          0.          0.          0.          0.
   0.          0.          0.          0.          0.          0.
   0.          0.          0.          0.          0.          0.
   0.          0.          0.          0.          0.          0.
   0.          0.          0.          0.          0.          0.
   0.          0.          0.          0.          0.          0.
   0.          0.          0.          0.          0.          0.
   0.          0.          0.          0.          0.70803431  0.50576253
  -0.16885843 -0.14934363  0.94420862 -0.08871625  2.27304128  0.89609687
  -0.55947538  0.16927026 -0.66037967  0.7918317  -0.22206866 -2.61982812
   1.46829229 -0.23989278 -0.15114818 -0.69265969  0.13891533 -0.87827565]
 [ 0.          0.          0.          0.          0.          0.
   0.          0.          0.          0.          0.          0.
   0.          0.          0.          0.          0.          0.
   0.          0.          0.          0.          0.          0.
   0.          0.          0.          0.          0.          0.
   0.          0.          0.          0.          0.          0.
   0.          0.          0.          0.          0.          0.
   0.          0.          0.          0.          0.          0.
   0.          0.          0.          0.          0.          0.
   0.          1.          0.          0.          0.          0.
   0.          0.          0.          0.          0.          0.
   0.          0.          0.          0.         -1.52404102 -1.4636497
  -1.28365545 -0.16995361 -0.91278871 -0.08871625 -0.30792431 -0.63390556
  -1.41920255 -1.07058184 -0.66037967 -1.18129051 -0.22206866  1.26361399
  -0.65644384 -0.98908439 -0.22104494 -0.69265969  0.4586888   1.19114036]
 [ 0.          0.          0.          0.          0.          0.
   0.          0.          0.          0.          0.          0.
   0.          0.          0.          0.          0.          0.
   0.          0.          0.          0.          0.          0.
   0.          0.          0.          0.          0.          0.
   0.          0.          0.          0.          0.          0.
   0.          0.          0.          0.          0.          0.
   1.          0.          0.          0.          0.          0.
   0.          0.          0.          0.          0.          0.
   0.          0.          0.          0.          0.          0.
   0.          0.          0.          0.          0.          0.
   0.          0.          0.          0.          0.70803431  2.14693938
  -0.10263287 -0.24676669  0.94420862 -0.08871625 -0.30792431 -0.63390556
   1.15997896  0.24292484 -0.66037967  1.30212192 -0.22206866  0.95365777
  -1.02129752 -0.73935385 -0.31814704 -0.69265969  0.13891533  1.76597814]
 [ 0.          0.          0.          0.          0.          0.
   0.          0.          0.          0.          0.          0.
   0.          0.          0.          0.          0.          0.
   0.          0.          0.          0.          0.          0.
   0.          0.          0.          0.          0.          0.
   1.          0.          0.          0.          0.          0.
   0.          0.          0.          0.          0.          0.
   0.          0.          0.          0.          0.          0.
   0.          0.          0.          0.          0.          0.
   0.          0.          0.          0.          0.          0.
   0.          0.          0.          0.          0.          0.
   0.          0.          0.          0.         -0.40800336  0.50576253
  -0.16885843 -0.13586536  0.94420862 -0.08871625 -0.30792431 -0.63390556
   0.30025179  0.16927026 -0.66037967  0.58771561 -0.22206866 -0.54434406
  -0.12704831 -0.07830244 -0.19914117 -0.69265969 -0.50063161 -0.9932432 ]
 [ 0.          0.          0.          0.          0.          0.
   0.          0.          0.          0.          0.          0.
   0.          0.          0.          0.          0.          0.
   0.          0.          0.          0.          0.          0.
   0.          0.          0.          0.          0.          0.
   0.          0.          0.          0.          0.          0.
   0.          0.          0.          0.          0.          0.
   0.          0.          0.          0.          0.          0.
   0.          1.          0.          0.          0.          0.
   0.          0.          0.          0.          0.          0.
   0.          0.          0.          0.          0.          0.
   0.          0.          0.          0.         -1.52404102 -0.80717896
  -0.67658777 -0.21176243  0.01570996 -0.08871625 -0.30792431 -0.63390556
  -0.55947538 -0.39541485 -0.66037967 -1.99775487 -0.22206866  0.90835095
  -0.7065218  -0.29865291 -0.31954218  1.4437104  -1.77972547  1.42107547]
 [ 0.          0.          0.          0.          0.          0.
   0.          0.          0.          0.          0.          0.
   0.          0.          0.          0.          0.          0.
   0.          0.          0.          0.          0.          0.
   0.          0.          0.          0.          0.          0.
   0.          0.          0.          0.          0.          0.
   0.          0.          0.          0.          0.          0.
   0.          0.          0.          0.          0.          0.
   0.          0.          0.          0.          0.          0.
   0.          0.          0.          0.          0.          0.
   0.          0.          0.          0.          0.          0.
   0.          0.          1.          0.         -1.52404102 -1.4636497
  -1.22846748 -0.18341008 -0.91278871 -0.08871625 -0.30792431 -0.63390556
  -3.13865689 -1.00920302 -0.66037967 -1.79363878 -0.22206866 -1.23041883
  -0.67075183 -0.19582269 -0.16886652  1.4437104  -0.82040507 -0.87827565]
 [ 0.          0.          0.          0.          0.          0.
   0.          0.          0.          0.          0.          0.
   0.          0.          0.          0.          0.          0.
   0.          0.          0.          0.          0.          0.
   0.          0.          0.          0.          0.          0.
   0.          0.          0.          0.          0.          0.
   0.          0.          0.          0.          0.          0.
   0.          0.          0.          0.          0.          0.
   0.          0.          0.          0.          0.          0.
   0.          0.          0.          1.          0.          0.
   0.          0.          0.          0.          0.          0.
   0.          0.          0.          0.         -0.40800336 -0.15070821
  -0.31234716 -0.18777198 -0.91278871 -0.08871625 -0.30792431  0.89609687
  -0.55947538 -0.66548165  0.5882986  -0.22874876 -0.22206866  1.22621788
  -0.89967963 -0.75404388 -0.21490631  1.4437104  -1.14017854  0.0414648 ]
 [ 0.          0.          0.          0.          0.          0.
   0.          0.          0.          0.          0.          0.
   0.          0.          0.          0.          0.          0.
   0.          0.          0.          0.          0.          0.
   0.          0.          0.          0.          0.          0.
   0.          0.          0.          0.          0.          0.
   0.          0.          0.          0.          0.          0.
   0.          0.          0.          0.          0.          0.
   0.          0.          0.          0.          0.          0.
   0.          0.          0.          0.          0.          0.
   0.          0.          1.          0.          0.          0.
   0.          0.          0.          0.         -0.40800336 -0.47894358
  -0.6103622  -0.06821227 -0.91278871 -0.08871625 -0.30792431 -0.63390556
   0.30025179 -0.69003317  0.02071757  0.24752212 -0.22206866  1.39593868
  -0.61351988 -0.18113266  0.01878048 -0.69265969  0.13891533  0.0414648 ]] 
 
 
Val : (6915, 90) 
 

FINISHED ENCODING
~~~~~~~~~~~~~~~~~~~~~~~~~~~~~~~~~~~~~~~~~~~~~~~~~~~~~~~~~~~~~~~~~~~~~~~~~~~~~~~


~~~~~~~~~~~~~~~~~~~~~~~~~~~~~~~~~~~~~~~~~~~~~~~~~~~~~~~~~~~~~~~~~~~~~~~~~~~~~~~
Test numpy array issues
X dtype: float64
X Val dtype: float64
X dtype: float32
X Val dtype: float32
After Debugging -- Inner Fold 1
DEBUG Inner Fold 1: num_features: 90
DEBUG Inner Fold 1: num_classes: 1
DEBUG Inner Fold 1: cat_idx: [0, 1, 2, 3, 4, 5, 6, 7, 8, 9, 10, 11, 12, 13, 14, 15, 16, 17, 18, 19, 20, 21, 22, 23, 24, 25, 26, 27, 28, 29, 30, 31, 32, 33, 34, 35, 36, 37, 38, 39, 40, 41, 42, 43, 44, 45, 46, 47, 48, 49, 50, 51, 52, 53, 54, 55, 56, 57, 58, 59, 60, 61, 62, 63, 64, 65, 66, 67, 68, 69]
DEBUG Inner Fold 1: nominal_idx: [0, 1, 2, 3, 4, 5, 6, 7, 8, 9, 10, 11, 12, 13, 14, 15, 16, 17, 18, 19, 20, 21, 22, 23, 24, 25, 26, 27, 28, 29, 30, 31, 32, 33, 34, 35, 36, 37, 38, 39, 40, 41, 42, 43, 44, 45, 46, 47, 48, 49, 50, 51, 52, 53, 54, 55, 56, 57, 58, 59, 60, 61, 62, 63, 64, 65, 66, 67, 68, 69]
DEBUG Inner Fold 1: ordinal_idx: None
DEBUG Inner Fold 1: num_idx: [70, 71, 72, 73, 74, 75, 76, 77, 78, 79, 80, 81, 82, 83, 84, 85, 86, 87, 88, 89]
DEBUG Inner Fold 1: cat_dims: [3, 3, 3, 3, 3, 3, 3, 3, 3, 3, 3, 3, 3, 3, 3, 3, 3, 3, 3, 3, 3, 3, 3, 3, 3, 3, 3, 3, 3, 3, 3, 3, 3, 3, 3, 3, 3, 3, 3, 3, 3, 3, 3, 3, 3, 3, 3, 3, 3, 3, 3, 3, 3, 3, 3, 3, 3, 3, 3, 3, 3, 3, 3, 3, 3, 3, 3, 3, 3, 3]
DEBUG Inner Fold 1: bin_alt: None
In get_device
Using dim 8 and batch size 64
**** Data b4 Fitting ****
Epoch 0 loss 491944935424.0
Epoch 1 loss 485386715136.0
Epoch 2 loss 424630484992.0
Epoch 3 loss 313005801472.0
Epoch 4 loss 193618411520.0
Epoch 5 loss 174312587264.0
Epoch 6 loss 174280835072.0
Epoch 7 loss 134748774400.0
Epoch 8 loss 107906883584.0
Epoch 9 loss 100923686912.0
Epoch 10 loss 116613005312.0
Epoch 11 loss 87378518016.0
Epoch 12 loss 89061048320.0
Epoch 13 loss 68317446144.0
Epoch 14 loss 75152998400.0
Epoch 15 loss 61425111040.0
Epoch 16 loss 67078873088.0
Epoch 17 loss 71063060480.0
Epoch 18 loss 61287915520.0
Epoch 19 loss 68811423744.0
Epoch 20 loss 67916742656.0
Epoch 21 loss 49808695296.0
Epoch 22 loss 53894787072.0
Epoch 23 loss 52728279040.0
Epoch 24 loss 51197001728.0
Epoch 25 loss 54955044864.0
Epoch 26 loss 51832410112.0
Epoch 27 loss 43992555520.0
Epoch 28 loss 48345681920.0
Epoch 29 loss 42830282752.0
Epoch 30 loss 41540313088.0
Epoch 31 loss 39247425536.0
Epoch 32 loss 41670995968.0
Epoch 33 loss 40585580544.0
Epoch 34 loss 38810238976.0
Epoch 35 loss 41909985280.0
Epoch 36 loss 37733113856.0
Epoch 37 loss 37704364032.0
Epoch 38 loss 36754272256.0
Epoch 39 loss 40752078848.0
Epoch 40 loss 40390926336.0
Epoch 41 loss 35954720768.0
Epoch 42 loss 52942708736.0
Epoch 43 loss 35340976128.0
Epoch 44 loss 34335916032.0
Epoch 45 loss 36212387840.0
Epoch 46 loss 33375700992.0
Epoch 47 loss 31322327040.0
Epoch 48 loss 32504072192.0
Epoch 49 loss 33371389952.0
Epoch 50 loss 31124688896.0
Epoch 51 loss 34492178432.0
Epoch 52 loss 30880749568.0
Epoch 53 loss 31334932480.0
Epoch 54 loss 29917943808.0
Epoch 55 loss 30687160320.0
Epoch 56 loss 31627743232.0
Epoch 57 loss 31103854592.0
Epoch 58 loss 33515892736.0
Epoch 59 loss 29282646016.0
Epoch 60 loss 29304199168.0
Epoch 61 loss 28172867584.0
Epoch 62 loss 31222984704.0
Epoch 63 loss 31003279360.0
Epoch 64 loss 27140337664.0
Epoch 65 loss 28205379584.0
Epoch 66 loss 32235612160.0
Epoch 67 loss 32329195520.0
Epoch 68 loss 29822801920.0
Epoch 69 loss 27462135808.0
Epoch 70 loss 29851965440.0
Epoch 71 loss 29450237952.0
Epoch 72 loss 27264933888.0
Epoch 73 loss 27567523840.0
Epoch 74 loss 26130663424.0
Epoch 75 loss 28663658496.0
Epoch 76 loss 27085451264.0
Epoch 77 loss 27076077568.0
Epoch 78 loss 27992449024.0
Epoch 79 loss 24975898624.0
Epoch 80 loss 25964288000.0
Epoch 81 loss 27402940416.0
Epoch 82 loss 24590000128.0
Epoch 83 loss 26989615104.0
Epoch 84 loss 25939273728.0
Epoch 85 loss 33661706240.0
Epoch 86 loss 26724507648.0
Epoch 87 loss 34390855680.0
Epoch 88 loss 28256655360.0
Epoch 89 loss 31784730624.0
Epoch 90 loss 33743685632.0
Epoch 91 loss 32402704384.0
Epoch 92 loss 55522729984.0
Epoch 93 loss 25046939648.0
Epoch 94 loss 26891171840.0
Epoch 95 loss 29819475968.0
Epoch 96 loss 26407743488.0
Epoch 97 loss 27306479616.0
Epoch 98 loss 26128183296.0
Epoch 99 loss 25766846464.0
Inner Fold 1 Results: {'MSE - mean': 26152548874.692722, 'MSE - std': 0.0, 'R2 - mean': 0.8543609921817148, 'R2 - std': 0.0}
  outer_1_inner Fold 2/5
Before Debugging -- Inner Fold 2
DEBUG Inner Fold 2: num_features: 21
DEBUG Inner Fold 2: num_classes: 1
DEBUG Inner Fold 2: cat_idx: [0]
DEBUG Inner Fold 2: nominal_idx: [13]
DEBUG Inner Fold 2: ordinal_idx: None
DEBUG Inner Fold 2: num_idx: None
DEBUG Inner Fold 2: cat_dims: [2]
DEBUG Inner Fold 2: bin_alt: None
~~~~~~~~~~~~~~~~~~~~~~~~~~~~~~~~~~~~~~~~~~~~~~~~~~~~~~~~~~~~~~~~~~~~~~~~~~~~~~~
BEFORE ANY ENCODING
num_features :21
num_classes : 1
cat_idx : [0]
nominal_idx : [13]
ordinal_idx : None
num_idx : None
cat_dims : [2]
bin_alt : None 


X_train shape : (6915, 21)
~~~~~~~~~~~~~~~~~~~~~~~~~~~~~~~~~~~~~~~~~~~~~~~~~~~~~~~~~~~~~~~~~~~~~~~~~~~~~~~
~~~~~~~~~~~~~~~~~~~~~~~~~~~~~~~~~~~~~~~~~~~~~~~~~~~~~~~~~~~~~~~~~~~~~~~~~~~~~~~
AFTER getting cat idx
Nominal Index : [13]
Ordinal Index : None
Cat Idx : [0]
Cat dims : [2]
~~~~~~~~~~~~~~~~~~~~~~~~~~~~~~~~~~~~~~~~~~~~~~~~~~~~~~~~~~~~~~~~~~~~~~~~~~~~~~~
BEFORE getting cat idx
Nominal Index : [13]
Ordinal Index : None
Cat Idx : [13]
Cat dims : []
~~~~~~~~~~~~~~~~~~~~~~~~~~~~~~~~~~~~~~~~~~~~~~~~~~~~~~~~~~~~~~~~~~~~~~~~~~~~~~~ 


AFTER SEPARATING CATEGORICALS AND NUMERICALS
Ordinal Index : None
Numerical Index V1 : [0, 1, 2, 3, 4, 5, 6, 7, 8, 9, 10, 11, 12, 14, 15, 16, 17, 18, 19, 20]
Cat Idx V1 : [13] 
Cat Dims V1 : []
 

~~~~~~~~~~~~~~~~~~~~~~~~~~~~~~~~~~~~~~~~~~~~~~~~~~~~~~~~~~~~~~~~~~~~~~~~~~~~~~~ 


Scaling the data...
One Hot Encoding...
Ord : None, Nom : [13], Num : [0, 1, 2, 3, 4, 5, 6, 7, 8, 9, 10, 11, 12, 14, 15, 16, 17, 18, 19, 20]
Num idx: [70, 71, 72, 73, 74, 75, 76, 77, 78, 79, 80, 81, 82, 83, 84, 85, 86, 87, 88, 89]
Ord : None, Nom : [0, 1, 2, 3, 4, 5, 6, 7, 8, 9, 10, 11, 12, 13, 14, 15, 16, 17, 18, 19, 20, 21, 22, 23, 24, 25, 26, 27, 28, 29, 30, 31, 32, 33, 34, 35, 36, 37, 38, 39, 40, 41, 42, 43, 44, 45, 46, 47, 48, 49, 50, 51, 52, 53, 54, 55, 56, 57, 58, 59, 60, 61, 62, 63, 64, 65, 66, 67, 68, 69], Num : [70, 71, 72, 73, 74, 75, 76, 77, 78, 79, 80, 81, 82, 83, 84, 85, 86, 87, 88, 89]
Nominal : (70, 70)
~~~~~~~~~~~~~~~~~~~~~~~~~~~~~~~~~~~~~~~~~~~~~~~~~~~~~~~~~~~~~~~~~~~~~~~~~~~~~~~
After OHE
Numerical Index V2 : [70, 71, 72, 73, 74, 75, 76, 77, 78, 79, 80, 81, 82, 83, 84, 85, 86, 87, 88, 89] 


OHE Idx : [0, 1, 2, 3, 4, 5, 6, 7, 8, 9, 10, 11, 12, 13, 14, 15, 16, 17, 18, 19, 20, 21, 22, 23, 24, 25, 26, 27, 28, 29, 30, 31, 32, 33, 34, 35, 36, 37, 38, 39, 40, 41, 42, 43, 44, 45, 46, 47, 48, 49, 50, 51, 52, 53, 54, 55, 56, 57, 58, 59, 60, 61, 62, 63, 64, 65, 66, 67, 68, 69]


Ordinal Idx V2: None


Cat Dims V2 : []
Cat Idx V2 : [13] 
 

Train: [[0. 0. 0. 0. 0.]
 [0. 0. 0. 0. 0.]
 [0. 0. 0. 0. 0.]
 [0. 0. 0. 0. 0.]
 [0. 0. 0. 0. 0.]
 [0. 0. 0. 0. 0.]
 [0. 0. 0. 0. 0.]
 [0. 0. 0. 0. 0.]
 [0. 0. 0. 0. 0.]
 [0. 0. 0. 0. 0.]] 
 
 
Val : (6915, 90) 
 

~~~~~~~~~~~~~~~~~~~~~~~~~~~~~~~~~~~~~~~~~~~~~~~~~~~~~~~~~~~~~~~~~~~~~~~~~~~~~~~
Cat Idx V3 : [0, 1, 2, 3, 4, 5, 6, 7, 8, 9, 10, 11, 12, 13, 14, 15, 16, 17, 18, 19, 20, 21, 22, 23, 24, 25, 26, 27, 28, 29, 30, 31, 32, 33, 34, 35, 36, 37, 38, 39, 40, 41, 42, 43, 44, 45, 46, 47, 48, 49, 50, 51, 52, 53, 54, 55, 56, 57, 58, 59, 60, 61, 62, 63, 64, 65, 66, 67, 68, 69] 
 

~~~~~~~~~~~~~~~~~~~~~~~~~~~~~~~~~~~~~~~~~~~~~~~~~~~~~~~~~~~~~~~~~~~~~~~~~~~~~~~
After ORDINAL
Numerical Index V2 : [70, 71, 72, 73, 74, 75, 76, 77, 78, 79, 80, 81, 82, 83, 84, 85, 86, 87, 88, 89] 


OHE Idx : [0, 1, 2, 3, 4, 5, 6, 7, 8, 9, 10, 11, 12, 13, 14, 15, 16, 17, 18, 19, 20, 21, 22, 23, 24, 25, 26, 27, 28, 29, 30, 31, 32, 33, 34, 35, 36, 37, 38, 39, 40, 41, 42, 43, 44, 45, 46, 47, 48, 49, 50, 51, 52, 53, 54, 55, 56, 57, 58, 59, 60, 61, 62, 63, 64, 65, 66, 67, 68, 69]


Ordinal Idx V2: None


Cat Dims V2 : [3, 3, 3, 3, 3, 3, 3, 3, 3, 3, 3, 3, 3, 3, 3, 3, 3, 3, 3, 3, 3, 3, 3, 3, 3, 3, 3, 3, 3, 3, 3, 3, 3, 3, 3, 3, 3, 3, 3, 3, 3, 3, 3, 3, 3, 3, 3, 3, 3, 3, 3, 3, 3, 3, 3, 3, 3, 3, 3, 3, 3, 3, 3, 3, 3, 3, 3, 3, 3, 3]
Cat Idx V2 : [0, 1, 2, 3, 4, 5, 6, 7, 8, 9, 10, 11, 12, 13, 14, 15, 16, 17, 18, 19, 20, 21, 22, 23, 24, 25, 26, 27, 28, 29, 30, 31, 32, 33, 34, 35, 36, 37, 38, 39, 40, 41, 42, 43, 44, 45, 46, 47, 48, 49, 50, 51, 52, 53, 54, 55, 56, 57, 58, 59, 60, 61, 62, 63, 64, 65, 66, 67, 68, 69] 
 

Train: [[ 0.          0.          0.          0.          0.          0.
   0.          0.          0.          0.          0.          0.
   0.          0.          0.          0.          0.          0.
   0.          0.          0.          0.          0.          0.
   0.          0.          0.          0.          0.          0.
   0.          0.          0.          0.          0.          0.
   0.          0.          0.          0.          0.          0.
   0.          0.          0.          0.          0.          0.
   0.          0.          0.          0.          0.          0.
   0.          0.          0.          0.          0.          0.
   0.          0.          0.          0.          0.          0.
   0.          1.          0.          0.         -0.40821358 -1.44490617
  -1.11399793 -0.11360679 -0.91479173 -0.08954045 -0.30706878  0.90387382
  -0.56558526 -0.88093869 -0.65906699 -0.46579395 -0.21590389 -0.83246021
  -0.48059807 -1.25236088 -0.07037611  1.46152469 -1.16374101  0.84496125]
 [ 0.          0.          0.          0.          0.          0.
   0.          0.          0.          0.          0.          0.
   0.          0.          0.          0.          0.          0.
   0.          0.          0.          0.          0.          0.
   0.          0.          0.          0.          0.          0.
   0.          0.          0.          0.          0.          0.
   0.          0.          0.          0.          0.          0.
   0.          0.          0.          0.          0.          0.
   0.          1.          0.          0.          0.          0.
   0.          0.          0.          0.          0.          0.
   0.          0.          0.          0.          0.          0.
   0.          0.          0.          0.         -1.51911359 -0.47024991
  -0.75132197 -0.17936693 -0.91479173 -0.08954045 -0.30706878 -0.63220076
  -1.42383017 -1.29594352  0.85366423 -1.00751388 -0.21590389  0.9648571
  -0.660391   -1.55845977 -0.21693788  1.46152469 -0.51910857  0.95995873]
 [ 0.          0.          0.          0.          0.          0.
   0.          0.          0.          0.          0.          0.
   0.          0.          0.          0.          0.          0.
   0.          0.          0.          0.          0.          0.
   0.          0.          0.          0.          0.          0.
   0.          0.          0.          0.          0.          0.
   0.          0.          0.          0.          0.          0.
   0.          0.          0.          0.          0.          0.
   0.          0.          0.          0.          0.          0.
   0.          1.          0.          0.          0.          0.
   0.          0.          0.          0.          0.          0.
   0.          0.          0.          0.         -1.51911359 -1.44490617
  -1.27885064 -0.1608987  -0.91479173 -0.08954045 -0.30706878 -0.63220076
  -1.42383017 -1.06402906 -0.65906699 -1.17680135 -0.21590389  1.26779203
  -0.63881585 -0.9899904  -0.20906965 -0.68421697  0.44784009  1.18995369]
 [ 0.          0.          0.          0.          0.          0.
   0.          0.          0.          0.          0.          0.
   0.          0.          0.          0.          0.          0.
   0.          0.          0.          0.          0.          0.
   0.          0.          0.          0.          0.          0.
   0.          0.          0.          0.          0.          0.
   0.          0.          0.          0.          0.          0.
   1.          0.          0.          0.          0.          0.
   0.          0.          0.          0.          0.          0.
   0.          0.          0.          0.          0.          0.
   0.          0.          0.          0.          0.          0.
   0.          0.          0.          0.          0.70268643  2.12883344
  -0.10290131 -0.22958412  0.93864654 -0.08954045 -0.30706878 -0.63220076
   1.15090457  0.24201554 -0.65906699  1.29479583 -0.21590389  0.95543568
  -1.00559342 -0.74219606 -0.29884478 -0.68421697  0.12552387  1.7649411 ]
 [ 0.          0.          0.          0.          0.          0.
   0.          0.          0.          0.          0.          0.
   0.          0.          0.          0.          0.          0.
   0.          0.          0.          0.          0.          0.
   0.          0.          0.          0.          0.          0.
   1.          0.          0.          0.          0.          0.
   0.          0.          0.          0.          0.          0.
   0.          0.          0.          0.          0.          0.
   0.          0.          0.          0.          0.          0.
   0.          0.          0.          0.          0.          0.
   0.          0.          0.          0.          0.          0.
   0.          0.          0.          0.         -0.40821358  0.50440634
  -0.16884239 -0.13041736  0.93864654 -0.08954045 -0.30706878 -0.63220076
   0.29265965  0.1687794  -0.65906699  0.58378842 -0.21590389 -0.55416592
  -0.10662878 -0.08626987 -0.18881865 -0.68421697 -0.51910857 -0.99499845]
 [ 0.          0.          0.          0.          0.          0.
   0.          0.          0.          0.          0.          0.
   0.          0.          0.          0.          0.          0.
   0.          0.          0.          0.          0.          0.
   0.          0.          0.          0.          0.          0.
   0.          0.          0.          0.          0.          0.
   0.          0.          0.          0.          0.          0.
   0.          0.          0.          0.          0.          0.
   0.          1.          0.          0.          0.          0.
   0.          0.          0.          0.          0.          0.
   0.          0.          0.          0.          0.          0.
   0.          0.          0.          0.         -1.51911359 -0.79513533
  -0.67439071 -0.1982837   0.0119274  -0.08954045 -0.30706878 -0.63220076
  -0.56558526 -0.39269772 -0.65906699 -1.98938125 -0.21590389  0.90977802
  -0.68915787 -0.30491193 -0.30013465  1.46152469 -1.80837345  1.41994866]
 [ 0.          0.          0.          0.          0.          0.
   0.          0.          0.          0.          0.          0.
   0.          0.          0.          0.          0.          0.
   0.          0.          0.          0.          0.          0.
   0.          0.          0.          0.          0.          0.
   0.          0.          0.          0.          0.          0.
   0.          0.          0.          0.          0.          0.
   0.          0.          0.          0.          0.          0.
   0.          0.          0.          0.          0.          0.
   0.          0.          0.          0.          0.          0.
   0.          0.          0.          0.          0.          0.
   0.          0.          1.          0.         -1.51911359 -1.44490617
  -1.22389974 -0.17293133 -0.91479173 -0.08954045 -0.30706878 -0.63220076
  -3.14032    -1.00299894 -0.65906699 -1.78623628 -0.21590389 -1.24555331
  -0.65319928 -0.20287897 -0.16082842  1.46152469 -0.84142479 -0.88000097]
 [ 0.          0.          0.          0.          0.          0.
   0.          0.          0.          0.          0.          0.
   0.          0.          0.          0.          0.          0.
   0.          1.          0.          0.          0.          0.
   0.          0.          0.          0.          0.          0.
   0.          0.          0.          0.          0.          0.
   0.          0.          0.          0.          0.          0.
   0.          0.          0.          0.          0.          0.
   0.          0.          0.          0.          0.          0.
   0.          0.          0.          0.          0.          0.
   0.          0.          0.          0.          0.          0.
   0.          0.          0.          0.         -0.40821358  0.50440634
   0.13888267 -0.12035442  0.93864654 -0.08954045 -0.30706878 -0.63220076
   0.29265965  0.51054808 -0.65906699  0.54993092 -0.21590389 -1.00421997
   0.08035587  0.30728585 -0.10294539 -0.68421697  0.44784009  1.30495117]
 [ 0.          0.          0.          0.          0.          0.
   0.          0.          0.          0.          0.          0.
   0.          0.          0.          0.          0.          0.
   0.          0.          0.          0.          0.          0.
   0.          0.          0.          0.          0.          0.
   0.          0.          0.          0.          0.          0.
   0.          0.          0.          0.          0.          0.
   0.          0.          0.          0.          0.          0.
   0.          0.          0.          0.          0.          0.
   0.          0.          0.          1.          0.          0.
   0.          0.          0.          0.          0.          0.
   0.          0.          0.          0.         -0.40821358 -0.1453645
  -0.31171474 -0.17683169 -0.91479173 -0.08954045 -0.30706878  0.90387382
  -0.56558526 -0.66123026  0.5827273  -0.22879148 -0.21590389  1.23010635
  -0.88333423 -0.7567722  -0.20339421  1.46152469 -1.16374101  0.03997888]
 [ 0.          0.          0.          0.          0.          0.
   0.          0.          0.          0.          0.          0.
   0.          0.          0.          0.          0.          0.
   0.          0.          0.          0.          0.          0.
   0.          0.          0.          0.          0.          0.
   0.          0.          0.          0.          0.          0.
   0.          0.          0.          0.          0.          0.
   0.          0.          0.          0.          0.          0.
   0.          0.          0.          0.          0.          0.
   0.          0.          0.          0.          0.          0.
   0.          0.          1.          0.          0.          0.
   0.          0.          0.          0.         -0.40821358 -0.47024991
  -0.60844962 -0.0699227  -0.91479173 -0.08954045 -0.30706878 -0.63220076
   0.29265965 -0.6856423   0.01827535  0.24521346 -0.21590389  1.40114138
  -0.59566554 -0.18830283  0.01265944 -0.68421697  0.12552387  0.03997888]] 
 
 
Val : (6915, 90) 
 

FINISHED ENCODING
~~~~~~~~~~~~~~~~~~~~~~~~~~~~~~~~~~~~~~~~~~~~~~~~~~~~~~~~~~~~~~~~~~~~~~~~~~~~~~~


~~~~~~~~~~~~~~~~~~~~~~~~~~~~~~~~~~~~~~~~~~~~~~~~~~~~~~~~~~~~~~~~~~~~~~~~~~~~~~~
Test numpy array issues
X dtype: float64
X Val dtype: float64
X dtype: float32
X Val dtype: float32
After Debugging -- Inner Fold 2
DEBUG Inner Fold 2: num_features: 90
DEBUG Inner Fold 2: num_classes: 1
DEBUG Inner Fold 2: cat_idx: [0, 1, 2, 3, 4, 5, 6, 7, 8, 9, 10, 11, 12, 13, 14, 15, 16, 17, 18, 19, 20, 21, 22, 23, 24, 25, 26, 27, 28, 29, 30, 31, 32, 33, 34, 35, 36, 37, 38, 39, 40, 41, 42, 43, 44, 45, 46, 47, 48, 49, 50, 51, 52, 53, 54, 55, 56, 57, 58, 59, 60, 61, 62, 63, 64, 65, 66, 67, 68, 69]
DEBUG Inner Fold 2: nominal_idx: [0, 1, 2, 3, 4, 5, 6, 7, 8, 9, 10, 11, 12, 13, 14, 15, 16, 17, 18, 19, 20, 21, 22, 23, 24, 25, 26, 27, 28, 29, 30, 31, 32, 33, 34, 35, 36, 37, 38, 39, 40, 41, 42, 43, 44, 45, 46, 47, 48, 49, 50, 51, 52, 53, 54, 55, 56, 57, 58, 59, 60, 61, 62, 63, 64, 65, 66, 67, 68, 69]
DEBUG Inner Fold 2: ordinal_idx: None
DEBUG Inner Fold 2: num_idx: [70, 71, 72, 73, 74, 75, 76, 77, 78, 79, 80, 81, 82, 83, 84, 85, 86, 87, 88, 89]
DEBUG Inner Fold 2: cat_dims: [3, 3, 3, 3, 3, 3, 3, 3, 3, 3, 3, 3, 3, 3, 3, 3, 3, 3, 3, 3, 3, 3, 3, 3, 3, 3, 3, 3, 3, 3, 3, 3, 3, 3, 3, 3, 3, 3, 3, 3, 3, 3, 3, 3, 3, 3, 3, 3, 3, 3, 3, 3, 3, 3, 3, 3, 3, 3, 3, 3, 3, 3, 3, 3, 3, 3, 3, 3, 3, 3]
DEBUG Inner Fold 2: bin_alt: None
In get_device
Using dim 8 and batch size 64
**** Data b4 Fitting ****
Epoch 0 loss 392080752640.0
Epoch 1 loss 384436502528.0
Epoch 2 loss 340495007744.0
Epoch 3 loss 238114586624.0
Epoch 4 loss 127104712704.0
Epoch 5 loss 109737844736.0
Epoch 6 loss 107870117888.0
Epoch 7 loss 88907808768.0
Epoch 8 loss 56838533120.0
Epoch 9 loss 46518710272.0
Epoch 10 loss 40449638400.0
Epoch 11 loss 32582721536.0
Epoch 12 loss 27213867008.0
Epoch 13 loss 38100172800.0
Epoch 14 loss 23814430720.0
Epoch 15 loss 24748095488.0
Epoch 16 loss 39931461632.0
Epoch 17 loss 26308636672.0
Epoch 18 loss 26890811392.0
Epoch 19 loss 28126670848.0
Epoch 20 loss 17180911616.0
Epoch 21 loss 16888416256.0
Epoch 22 loss 23381325824.0
Epoch 23 loss 16065679360.0
Epoch 24 loss 16919504896.0
Epoch 25 loss 15636046848.0
Epoch 26 loss 16216469504.0
Epoch 27 loss 19669772288.0
Epoch 28 loss 14503339008.0
Epoch 29 loss 17550798848.0
Epoch 30 loss 13894618112.0
Epoch 31 loss 14628412416.0
Epoch 32 loss 18024271872.0
Epoch 33 loss 15794434048.0
Epoch 34 loss 15948346368.0
Epoch 35 loss 14676535296.0
Epoch 36 loss 16376590336.0
Epoch 37 loss 14261932032.0
Epoch 38 loss 13201812480.0
Epoch 39 loss 18513459200.0
Epoch 40 loss 15550204928.0
Epoch 41 loss 16040520704.0
Epoch 42 loss 24745879552.0
Epoch 43 loss 15488667648.0
Epoch 44 loss 35341332480.0
Epoch 45 loss 13359561728.0
Epoch 46 loss 24492414976.0
Epoch 47 loss 14935103488.0
Epoch 48 loss 14954587136.0
Epoch 49 loss 27166357504.0
Epoch 50 loss 13153061888.0
Epoch 51 loss 14049526784.0
Epoch 52 loss 15281644544.0
Epoch 53 loss 15523086336.0
Epoch 54 loss 13698422784.0
Epoch 55 loss 20478390272.0
Epoch 56 loss 12638694400.0
Epoch 57 loss 14404562944.0
Epoch 58 loss 12591515648.0
Epoch 59 loss 14483686400.0
Epoch 60 loss 15527165952.0
Epoch 61 loss 12984825856.0
Epoch 62 loss 12249254912.0
Epoch 63 loss 24208259072.0
Epoch 64 loss 20622139392.0
Epoch 65 loss 12769466368.0
Epoch 66 loss 12103112704.0
Epoch 67 loss 12364815360.0
Epoch 68 loss 13799248896.0
Epoch 69 loss 15713239040.0
Epoch 70 loss 13265425408.0
Epoch 71 loss 15160188928.0
Epoch 72 loss 17709193216.0
Epoch 73 loss 12861958144.0
Epoch 74 loss 15236305920.0
Epoch 75 loss 15643599872.0
Epoch 76 loss 12766647296.0
Epoch 77 loss 17145932800.0
Epoch 78 loss 12341380096.0
Epoch 79 loss 14409378816.0
Epoch 80 loss 12617511936.0
Epoch 81 loss 12778735616.0
Epoch 82 loss 17598582784.0
Epoch 83 loss 12798644224.0
Epoch 84 loss 13617434624.0
Epoch 85 loss 15143596032.0
Epoch 86 loss 12685290496.0
Epoch 87 loss 15069325312.0
Validation loss has not improved for 20 steps!
Early stopping applies.
Inner Fold 2 Results: {'MSE - mean': 19464476256.392563, 'MSE - std': 6688072618.300161, 'R2 - mean': 0.8706018682267909, 'R2 - std': 0.016240876045076014}
  outer_1_inner Fold 3/5
Before Debugging -- Inner Fold 3
DEBUG Inner Fold 3: num_features: 21
DEBUG Inner Fold 3: num_classes: 1
DEBUG Inner Fold 3: cat_idx: [0]
DEBUG Inner Fold 3: nominal_idx: [13]
DEBUG Inner Fold 3: ordinal_idx: None
DEBUG Inner Fold 3: num_idx: None
DEBUG Inner Fold 3: cat_dims: [2]
DEBUG Inner Fold 3: bin_alt: None
~~~~~~~~~~~~~~~~~~~~~~~~~~~~~~~~~~~~~~~~~~~~~~~~~~~~~~~~~~~~~~~~~~~~~~~~~~~~~~~
BEFORE ANY ENCODING
num_features :21
num_classes : 1
cat_idx : [0]
nominal_idx : [13]
ordinal_idx : None
num_idx : None
cat_dims : [2]
bin_alt : None 


X_train shape : (6915, 21)
~~~~~~~~~~~~~~~~~~~~~~~~~~~~~~~~~~~~~~~~~~~~~~~~~~~~~~~~~~~~~~~~~~~~~~~~~~~~~~~
~~~~~~~~~~~~~~~~~~~~~~~~~~~~~~~~~~~~~~~~~~~~~~~~~~~~~~~~~~~~~~~~~~~~~~~~~~~~~~~
AFTER getting cat idx
Nominal Index : [13]
Ordinal Index : None
Cat Idx : [0]
Cat dims : [2]
~~~~~~~~~~~~~~~~~~~~~~~~~~~~~~~~~~~~~~~~~~~~~~~~~~~~~~~~~~~~~~~~~~~~~~~~~~~~~~~
BEFORE getting cat idx
Nominal Index : [13]
Ordinal Index : None
Cat Idx : [13]
Cat dims : []
~~~~~~~~~~~~~~~~~~~~~~~~~~~~~~~~~~~~~~~~~~~~~~~~~~~~~~~~~~~~~~~~~~~~~~~~~~~~~~~ 


AFTER SEPARATING CATEGORICALS AND NUMERICALS
Ordinal Index : None
Numerical Index V1 : [0, 1, 2, 3, 4, 5, 6, 7, 8, 9, 10, 11, 12, 14, 15, 16, 17, 18, 19, 20]
Cat Idx V1 : [13] 
Cat Dims V1 : []
 

~~~~~~~~~~~~~~~~~~~~~~~~~~~~~~~~~~~~~~~~~~~~~~~~~~~~~~~~~~~~~~~~~~~~~~~~~~~~~~~ 


Scaling the data...
One Hot Encoding...
Ord : None, Nom : [13], Num : [0, 1, 2, 3, 4, 5, 6, 7, 8, 9, 10, 11, 12, 14, 15, 16, 17, 18, 19, 20]
Num idx: [70, 71, 72, 73, 74, 75, 76, 77, 78, 79, 80, 81, 82, 83, 84, 85, 86, 87, 88, 89]
Ord : None, Nom : [0, 1, 2, 3, 4, 5, 6, 7, 8, 9, 10, 11, 12, 13, 14, 15, 16, 17, 18, 19, 20, 21, 22, 23, 24, 25, 26, 27, 28, 29, 30, 31, 32, 33, 34, 35, 36, 37, 38, 39, 40, 41, 42, 43, 44, 45, 46, 47, 48, 49, 50, 51, 52, 53, 54, 55, 56, 57, 58, 59, 60, 61, 62, 63, 64, 65, 66, 67, 68, 69], Num : [70, 71, 72, 73, 74, 75, 76, 77, 78, 79, 80, 81, 82, 83, 84, 85, 86, 87, 88, 89]
Nominal : (70, 70)
~~~~~~~~~~~~~~~~~~~~~~~~~~~~~~~~~~~~~~~~~~~~~~~~~~~~~~~~~~~~~~~~~~~~~~~~~~~~~~~
After OHE
Numerical Index V2 : [70, 71, 72, 73, 74, 75, 76, 77, 78, 79, 80, 81, 82, 83, 84, 85, 86, 87, 88, 89] 


OHE Idx : [0, 1, 2, 3, 4, 5, 6, 7, 8, 9, 10, 11, 12, 13, 14, 15, 16, 17, 18, 19, 20, 21, 22, 23, 24, 25, 26, 27, 28, 29, 30, 31, 32, 33, 34, 35, 36, 37, 38, 39, 40, 41, 42, 43, 44, 45, 46, 47, 48, 49, 50, 51, 52, 53, 54, 55, 56, 57, 58, 59, 60, 61, 62, 63, 64, 65, 66, 67, 68, 69]


Ordinal Idx V2: None


Cat Dims V2 : []
Cat Idx V2 : [13] 
 

Train: [[0. 0. 0. 0. 0.]
 [0. 0. 0. 0. 0.]
 [0. 0. 0. 0. 0.]
 [0. 0. 0. 0. 0.]
 [0. 0. 0. 0. 0.]
 [0. 0. 0. 0. 0.]
 [0. 0. 0. 0. 0.]
 [0. 0. 0. 0. 0.]
 [0. 0. 0. 0. 0.]
 [0. 0. 0. 0. 0.]] 
 
 
Val : (6915, 90) 
 

~~~~~~~~~~~~~~~~~~~~~~~~~~~~~~~~~~~~~~~~~~~~~~~~~~~~~~~~~~~~~~~~~~~~~~~~~~~~~~~
Cat Idx V3 : [0, 1, 2, 3, 4, 5, 6, 7, 8, 9, 10, 11, 12, 13, 14, 15, 16, 17, 18, 19, 20, 21, 22, 23, 24, 25, 26, 27, 28, 29, 30, 31, 32, 33, 34, 35, 36, 37, 38, 39, 40, 41, 42, 43, 44, 45, 46, 47, 48, 49, 50, 51, 52, 53, 54, 55, 56, 57, 58, 59, 60, 61, 62, 63, 64, 65, 66, 67, 68, 69] 
 

~~~~~~~~~~~~~~~~~~~~~~~~~~~~~~~~~~~~~~~~~~~~~~~~~~~~~~~~~~~~~~~~~~~~~~~~~~~~~~~
After ORDINAL
Numerical Index V2 : [70, 71, 72, 73, 74, 75, 76, 77, 78, 79, 80, 81, 82, 83, 84, 85, 86, 87, 88, 89] 


OHE Idx : [0, 1, 2, 3, 4, 5, 6, 7, 8, 9, 10, 11, 12, 13, 14, 15, 16, 17, 18, 19, 20, 21, 22, 23, 24, 25, 26, 27, 28, 29, 30, 31, 32, 33, 34, 35, 36, 37, 38, 39, 40, 41, 42, 43, 44, 45, 46, 47, 48, 49, 50, 51, 52, 53, 54, 55, 56, 57, 58, 59, 60, 61, 62, 63, 64, 65, 66, 67, 68, 69]


Ordinal Idx V2: None


Cat Dims V2 : [3, 3, 3, 3, 3, 3, 3, 3, 3, 3, 3, 3, 3, 3, 3, 3, 3, 3, 3, 3, 3, 3, 3, 3, 3, 3, 3, 3, 3, 3, 3, 3, 3, 3, 3, 3, 3, 3, 3, 3, 3, 3, 3, 3, 3, 3, 3, 3, 3, 3, 3, 3, 3, 3, 3, 3, 3, 3, 3, 3, 3, 3, 3, 3, 3, 3, 3, 3, 3, 3]
Cat Idx V2 : [0, 1, 2, 3, 4, 5, 6, 7, 8, 9, 10, 11, 12, 13, 14, 15, 16, 17, 18, 19, 20, 21, 22, 23, 24, 25, 26, 27, 28, 29, 30, 31, 32, 33, 34, 35, 36, 37, 38, 39, 40, 41, 42, 43, 44, 45, 46, 47, 48, 49, 50, 51, 52, 53, 54, 55, 56, 57, 58, 59, 60, 61, 62, 63, 64, 65, 66, 67, 68, 69] 
 

Train: [[ 0.          0.          0.          0.          0.          0.
   0.          0.          0.          0.          0.          0.
   1.          0.          0.          0.          0.          0.
   0.          0.          0.          0.          0.          0.
   0.          0.          0.          0.          0.          0.
   0.          0.          0.          0.          0.          0.
   0.          0.          0.          0.          0.          0.
   0.          0.          0.          0.          0.          0.
   0.          0.          0.          0.          0.          0.
   0.          0.          0.          0.          0.          0.
   0.          0.          0.          0.          0.          0.
   0.          0.          0.          0.          0.71265865  0.50501171
  -0.17115964 -0.14223545  0.9389536  -0.09197016  2.26171812  0.87852235
  -0.5605881   0.16667933 -0.66809677  0.78893857 -0.21516918 -2.6013072
   1.47394899 -0.24568305 -0.14344086 -0.67898334  0.11384153 -0.87949948]
 [ 0.          0.          0.          0.          0.          0.
   0.          0.          0.          0.          0.          0.
   0.          0.          0.          0.          0.          0.
   0.          0.          0.          0.          0.          0.
   0.          0.          0.          0.          0.          0.
   0.          0.          0.          0.          0.          0.
   0.          0.          0.          0.          0.          0.
   0.          0.          0.          0.          0.          0.
   0.          0.          0.          0.          0.          0.
   0.          1.          0.          0.          0.          0.
   0.          0.          0.          0.          0.          0.
   0.          0.          0.          0.         -1.51974659 -1.44355483
  -1.27030849 -0.16170232 -0.91244764 -0.09197016 -0.30807826 -0.63605807
  -1.41821348 -1.05570135 -0.66809677 -1.176132   -0.21516918  1.27217246
  -0.64578611 -0.99399683 -0.21088281 -0.67898334  0.43384731  1.1918199 ]
 [ 0.          0.          0.          0.          0.          0.
   0.          0.          0.          0.          0.          0.
   0.          0.          0.          0.          0.          0.
   0.          0.          0.          0.          0.          0.
   0.          0.          0.          0.          0.          0.
   0.          0.          0.          0.          0.          0.
   0.          0.          0.          0.          0.          0.
   1.          0.          0.          0.          0.          0.
   0.          0.          0.          0.          0.          0.
   0.          0.          0.          0.          0.          0.
   0.          0.          0.          0.          0.          0.
   0.          0.          0.          0.          0.71265865  2.12881717
  -0.10586367 -0.23425501  0.9389536  -0.09197016 -0.30807826 -0.63605807
   1.15466266  0.23929601 -0.66809677  1.29714648 -0.21516918  0.9630114
  -1.00978103 -0.7445589  -0.30457463 -0.67898334  0.11384153  1.76718639]
 [ 0.          0.          0.          0.          0.          0.
   0.          0.          0.          0.          0.          0.
   0.          0.          0.          0.          0.          0.
   0.          0.          0.          0.          0.          0.
   0.          0.          0.          0.          0.          0.
   1.          0.          0.          0.          0.          0.
   0.          0.          0.          0.          0.          0.
   0.          0.          0.          0.          0.          0.
   0.          0.          0.          0.          0.          0.
   0.          0.          0.          0.          0.          0.
   0.          0.          0.          0.          0.          0.
   0.          0.          0.          0.         -0.40354397  0.50501171
  -0.17115964 -0.12950474  0.9389536  -0.09197016 -0.30807826 -0.63605807
   0.29703728  0.16667933 -0.66809677  0.58565541 -0.21516918 -0.53114751
  -0.11763663 -0.08428203 -0.18974831 -0.67898334 -0.52617002 -0.99457278]
 [ 0.          0.          0.          0.          0.          0.
   0.          0.          0.          0.          0.          0.
   0.          0.          0.          0.          0.          0.
   0.          0.          0.          0.          0.          0.
   0.          0.          0.          0.          0.          0.
   0.          0.          0.          0.          0.          0.
   0.          0.          0.          0.          0.          0.
   0.          0.          0.          0.          0.          0.
   0.          1.          0.          0.          0.          0.
   0.          0.          0.          0.          0.          0.
   0.          0.          0.          0.          0.          0.
   0.          0.          0.          0.         -1.51974659 -0.79403265
  -0.67176209 -0.20119224  0.01325298 -0.09197016 -0.30807826 -0.63605807
  -0.5605881  -0.3900485  -0.66809677 -1.98926465 -0.21516918  0.9178208
  -0.6957462  -0.30437432 -0.30592078  1.47279018 -1.80619312  1.42196649]
 [ 0.          0.          0.          0.          0.          0.
   0.          0.          0.          0.          0.          0.
   0.          0.          0.          0.          0.          0.
   0.          0.          0.          0.          0.          0.
   0.          0.          0.          0.          0.          0.
   0.          0.          0.          0.          0.          0.
   0.          0.          0.          0.          0.          0.
   0.          0.          0.          0.          0.          0.
   0.          0.          0.          0.          0.          0.
   0.          0.          0.          0.          0.          0.
   0.          0.          0.          0.          0.          0.
   0.          0.          1.          0.         -1.51974659 -1.44355483
  -1.21589519 -0.17441243 -0.91244764 -0.09197016 -0.30807826 -0.63605807
  -3.13346425 -0.99518745 -0.66809677 -1.78598149 -0.21516918 -1.21546226
  -0.66006042 -0.20166459 -0.16053692  1.47279018 -0.84617579 -0.87949948]
 [ 0.          0.          0.          0.          0.          0.
   0.          0.          0.          0.          0.          0.
   0.          0.          0.          0.          0.          0.
   0.          1.          0.          0.          0.          0.
   0.          0.          0.          0.          0.          0.
   0.          0.          0.          0.          0.          0.
   0.          0.          0.          0.          0.          0.
   0.          0.          0.          0.          0.          0.
   0.          0.          0.          0.          0.          0.
   0.          0.          0.          0.          0.          0.
   0.          0.          0.          0.          0.          0.
   0.          0.          0.          0.         -0.40354397  0.50501171
   0.13355489 -0.11887522  0.9389536  -0.09197016 -0.30807826 -0.63605807
   0.29703728  0.50555715 -0.66809677  0.55177488 -0.21516918 -0.97659768
   0.06792941  0.31188409 -0.10012858 -0.67898334  0.43384731  1.3068932 ]
 [ 0.          0.          0.          0.          0.          0.
   0.          0.          0.          0.          0.          0.
   0.          0.          0.          0.          0.          0.
   0.          0.          0.          0.          0.          0.
   0.          0.          0.          0.          0.          0.
   0.          0.          0.          0.          0.          0.
   0.          0.          0.          0.          0.          0.
   0.          0.          0.          0.          0.          0.
   0.          0.          0.          0.          0.          0.
   0.          0.          0.          0.          0.          0.
   0.          0.          1.          0.          0.          0.
   0.          0.          0.          0.         -0.40354397 -0.46927156
  -0.60646612 -0.06560399 -0.91244764 -0.09197016 -0.30807826 -0.63605807
   0.29703728 -0.6805152   0.01133     0.24685014 -0.21516918  1.4041577
  -0.60296318 -0.18699177  0.02051983 -0.67898334  0.11384153  0.04108691]
 [ 0.          0.          0.          0.          0.          0.
   0.          0.          0.          0.          0.          0.
   0.          0.          0.          0.          0.          0.
   0.          0.          0.          0.          0.          0.
   0.          1.          0.          0.          0.          0.
   0.          0.          0.          0.          0.          0.
   0.          0.          0.          0.          0.          0.
   0.          0.          0.          0.          0.          0.
   0.          0.          0.          0.          0.          0.
   0.          0.          0.          0.          0.          0.
   0.          0.          0.          0.          0.          0.
   0.          0.          0.          0.         -0.40354397 -0.46927156
  -0.58470079 -0.09613298 -0.91244764 -0.09197016 -0.30807826  2.39310278
  -1.41821348 -1.22514026  1.07576529 -0.8034462  -0.21516918  0.14671143
  -0.05340223  0.04777334 -0.07034508 -0.67898334 -0.20616424  0.04108691]
 [ 0.          0.          0.          0.          0.          0.
   0.          0.          0.          0.          0.          0.
   0.          0.          0.          0.          0.          0.
   0.          0.          0.          0.          0.          0.
   0.          0.          0.          0.          0.          0.
   0.          0.          0.          0.          0.          0.
   0.          0.          0.          0.          0.          0.
   0.          0.          0.          0.          0.          0.
   0.          0.          0.          1.          0.          0.
   0.          0.          0.          0.          0.          0.
   0.          0.          0.          0.          0.          0.
   0.          0.          0.          0.          0.71265865  1.47929499
   1.09122914 -0.23374001  0.9389536  -0.09197016 -0.30807826 -0.63605807
   1.15466266  0.72340717  0.91723237  1.46654912 -0.21516918  0.92284198
  -1.03119249 -0.84726864 -0.29515161  1.47279018 -0.84617579 -1.45486598]] 
 
 
Val : (6915, 90) 
 

FINISHED ENCODING
~~~~~~~~~~~~~~~~~~~~~~~~~~~~~~~~~~~~~~~~~~~~~~~~~~~~~~~~~~~~~~~~~~~~~~~~~~~~~~~


~~~~~~~~~~~~~~~~~~~~~~~~~~~~~~~~~~~~~~~~~~~~~~~~~~~~~~~~~~~~~~~~~~~~~~~~~~~~~~~
Test numpy array issues
X dtype: float64
X Val dtype: float64
X dtype: float32
X Val dtype: float32
After Debugging -- Inner Fold 3
DEBUG Inner Fold 3: num_features: 90
DEBUG Inner Fold 3: num_classes: 1
DEBUG Inner Fold 3: cat_idx: [0, 1, 2, 3, 4, 5, 6, 7, 8, 9, 10, 11, 12, 13, 14, 15, 16, 17, 18, 19, 20, 21, 22, 23, 24, 25, 26, 27, 28, 29, 30, 31, 32, 33, 34, 35, 36, 37, 38, 39, 40, 41, 42, 43, 44, 45, 46, 47, 48, 49, 50, 51, 52, 53, 54, 55, 56, 57, 58, 59, 60, 61, 62, 63, 64, 65, 66, 67, 68, 69]
DEBUG Inner Fold 3: nominal_idx: [0, 1, 2, 3, 4, 5, 6, 7, 8, 9, 10, 11, 12, 13, 14, 15, 16, 17, 18, 19, 20, 21, 22, 23, 24, 25, 26, 27, 28, 29, 30, 31, 32, 33, 34, 35, 36, 37, 38, 39, 40, 41, 42, 43, 44, 45, 46, 47, 48, 49, 50, 51, 52, 53, 54, 55, 56, 57, 58, 59, 60, 61, 62, 63, 64, 65, 66, 67, 68, 69]
DEBUG Inner Fold 3: ordinal_idx: None
DEBUG Inner Fold 3: num_idx: [70, 71, 72, 73, 74, 75, 76, 77, 78, 79, 80, 81, 82, 83, 84, 85, 86, 87, 88, 89]
DEBUG Inner Fold 3: cat_dims: [3, 3, 3, 3, 3, 3, 3, 3, 3, 3, 3, 3, 3, 3, 3, 3, 3, 3, 3, 3, 3, 3, 3, 3, 3, 3, 3, 3, 3, 3, 3, 3, 3, 3, 3, 3, 3, 3, 3, 3, 3, 3, 3, 3, 3, 3, 3, 3, 3, 3, 3, 3, 3, 3, 3, 3, 3, 3, 3, 3, 3, 3, 3, 3, 3, 3, 3, 3, 3, 3]
DEBUG Inner Fold 3: bin_alt: None
In get_device
Using dim 8 and batch size 64
**** Data b4 Fitting ****
Epoch 0 loss 387625975808.0
Epoch 1 loss 385230209024.0
Epoch 2 loss 349100146688.0
Epoch 3 loss 238390788096.0
Epoch 4 loss 129723949056.0
Epoch 5 loss 108090400768.0
Epoch 6 loss 106310492160.0
Epoch 7 loss 89057230848.0
Epoch 8 loss 56918888448.0
Epoch 9 loss 44997558272.0
Epoch 10 loss 44764545024.0
Epoch 11 loss 31235530752.0
Epoch 12 loss 27244845056.0
Epoch 13 loss 30357254144.0
Epoch 14 loss 20531310592.0
Epoch 15 loss 30400088064.0
Epoch 16 loss 17331867648.0
Epoch 17 loss 15538690048.0
Epoch 18 loss 39448395776.0
Epoch 19 loss 16304182272.0
Epoch 20 loss 13535407104.0
Epoch 21 loss 18775674880.0
Epoch 22 loss 13906447360.0
Epoch 23 loss 14950971392.0
Epoch 24 loss 12705900544.0
Epoch 25 loss 18088521728.0
Epoch 26 loss 46317641728.0
Epoch 27 loss 15342242816.0
Epoch 28 loss 16637628416.0
Epoch 29 loss 12753169408.0
Epoch 30 loss 15589275648.0
Epoch 31 loss 12380244992.0
Epoch 32 loss 11987278848.0
Epoch 33 loss 15079936000.0
Epoch 34 loss 14821534720.0
Epoch 35 loss 14869824512.0
Epoch 36 loss 13198225408.0
Epoch 37 loss 11343764480.0
Epoch 38 loss 10928433152.0
Epoch 39 loss 11921362944.0
Epoch 40 loss 11315410944.0
Epoch 41 loss 14841246720.0
Epoch 42 loss 18439772160.0
Epoch 43 loss 12738767872.0
Epoch 44 loss 12199868416.0
Epoch 45 loss 11209323520.0
Epoch 46 loss 29360246784.0
Epoch 47 loss 11470966784.0
Epoch 48 loss 12959919104.0
Epoch 49 loss 15870756864.0
Epoch 50 loss 23990329344.0
Epoch 51 loss 11276642304.0
Epoch 52 loss 12897672192.0
Epoch 53 loss 27396923392.0
Epoch 54 loss 13182351360.0
Epoch 55 loss 13030553600.0
Epoch 56 loss 13982889984.0
Epoch 57 loss 56251830272.0
Epoch 58 loss 11407665152.0
Epoch 59 loss 11677305856.0
Validation loss has not improved for 20 steps!
Early stopping applies.
Inner Fold 3 Results: {'MSE - mean': 16701644047.73867, 'MSE - std': 6714662601.957123, 'R2 - mean': 0.8801009341886489, 'R2 - std': 0.01887613691330433}
  outer_1_inner Fold 4/5
Before Debugging -- Inner Fold 4
DEBUG Inner Fold 4: num_features: 21
DEBUG Inner Fold 4: num_classes: 1
DEBUG Inner Fold 4: cat_idx: [0]
DEBUG Inner Fold 4: nominal_idx: [13]
DEBUG Inner Fold 4: ordinal_idx: None
DEBUG Inner Fold 4: num_idx: None
DEBUG Inner Fold 4: cat_dims: [2]
DEBUG Inner Fold 4: bin_alt: None
~~~~~~~~~~~~~~~~~~~~~~~~~~~~~~~~~~~~~~~~~~~~~~~~~~~~~~~~~~~~~~~~~~~~~~~~~~~~~~~
BEFORE ANY ENCODING
num_features :21
num_classes : 1
cat_idx : [0]
nominal_idx : [13]
ordinal_idx : None
num_idx : None
cat_dims : [2]
bin_alt : None 


X_train shape : (6915, 21)
~~~~~~~~~~~~~~~~~~~~~~~~~~~~~~~~~~~~~~~~~~~~~~~~~~~~~~~~~~~~~~~~~~~~~~~~~~~~~~~
~~~~~~~~~~~~~~~~~~~~~~~~~~~~~~~~~~~~~~~~~~~~~~~~~~~~~~~~~~~~~~~~~~~~~~~~~~~~~~~
AFTER getting cat idx
Nominal Index : [13]
Ordinal Index : None
Cat Idx : [0]
Cat dims : [2]
~~~~~~~~~~~~~~~~~~~~~~~~~~~~~~~~~~~~~~~~~~~~~~~~~~~~~~~~~~~~~~~~~~~~~~~~~~~~~~~
BEFORE getting cat idx
Nominal Index : [13]
Ordinal Index : None
Cat Idx : [13]
Cat dims : []
~~~~~~~~~~~~~~~~~~~~~~~~~~~~~~~~~~~~~~~~~~~~~~~~~~~~~~~~~~~~~~~~~~~~~~~~~~~~~~~ 


AFTER SEPARATING CATEGORICALS AND NUMERICALS
Ordinal Index : None
Numerical Index V1 : [0, 1, 2, 3, 4, 5, 6, 7, 8, 9, 10, 11, 12, 14, 15, 16, 17, 18, 19, 20]
Cat Idx V1 : [13] 
Cat Dims V1 : []
 

~~~~~~~~~~~~~~~~~~~~~~~~~~~~~~~~~~~~~~~~~~~~~~~~~~~~~~~~~~~~~~~~~~~~~~~~~~~~~~~ 


Scaling the data...
One Hot Encoding...
Ord : None, Nom : [13], Num : [0, 1, 2, 3, 4, 5, 6, 7, 8, 9, 10, 11, 12, 14, 15, 16, 17, 18, 19, 20]
Num idx: [70, 71, 72, 73, 74, 75, 76, 77, 78, 79, 80, 81, 82, 83, 84, 85, 86, 87, 88, 89]
Ord : None, Nom : [0, 1, 2, 3, 4, 5, 6, 7, 8, 9, 10, 11, 12, 13, 14, 15, 16, 17, 18, 19, 20, 21, 22, 23, 24, 25, 26, 27, 28, 29, 30, 31, 32, 33, 34, 35, 36, 37, 38, 39, 40, 41, 42, 43, 44, 45, 46, 47, 48, 49, 50, 51, 52, 53, 54, 55, 56, 57, 58, 59, 60, 61, 62, 63, 64, 65, 66, 67, 68, 69], Num : [70, 71, 72, 73, 74, 75, 76, 77, 78, 79, 80, 81, 82, 83, 84, 85, 86, 87, 88, 89]
Nominal : (70, 70)
~~~~~~~~~~~~~~~~~~~~~~~~~~~~~~~~~~~~~~~~~~~~~~~~~~~~~~~~~~~~~~~~~~~~~~~~~~~~~~~
After OHE
Numerical Index V2 : [70, 71, 72, 73, 74, 75, 76, 77, 78, 79, 80, 81, 82, 83, 84, 85, 86, 87, 88, 89] 


OHE Idx : [0, 1, 2, 3, 4, 5, 6, 7, 8, 9, 10, 11, 12, 13, 14, 15, 16, 17, 18, 19, 20, 21, 22, 23, 24, 25, 26, 27, 28, 29, 30, 31, 32, 33, 34, 35, 36, 37, 38, 39, 40, 41, 42, 43, 44, 45, 46, 47, 48, 49, 50, 51, 52, 53, 54, 55, 56, 57, 58, 59, 60, 61, 62, 63, 64, 65, 66, 67, 68, 69]


Ordinal Idx V2: None


Cat Dims V2 : []
Cat Idx V2 : [13] 
 

Train: [[0. 0. 0. 0. 0.]
 [0. 0. 0. 0. 0.]
 [0. 0. 0. 0. 0.]
 [0. 0. 0. 0. 0.]
 [0. 0. 0. 0. 0.]
 [0. 0. 0. 0. 0.]
 [0. 0. 0. 0. 0.]
 [0. 0. 0. 0. 0.]
 [0. 0. 0. 0. 0.]
 [0. 0. 0. 0. 0.]] 
 
 
Val : (6915, 90) 
 

~~~~~~~~~~~~~~~~~~~~~~~~~~~~~~~~~~~~~~~~~~~~~~~~~~~~~~~~~~~~~~~~~~~~~~~~~~~~~~~
Cat Idx V3 : [0, 1, 2, 3, 4, 5, 6, 7, 8, 9, 10, 11, 12, 13, 14, 15, 16, 17, 18, 19, 20, 21, 22, 23, 24, 25, 26, 27, 28, 29, 30, 31, 32, 33, 34, 35, 36, 37, 38, 39, 40, 41, 42, 43, 44, 45, 46, 47, 48, 49, 50, 51, 52, 53, 54, 55, 56, 57, 58, 59, 60, 61, 62, 63, 64, 65, 66, 67, 68, 69] 
 

~~~~~~~~~~~~~~~~~~~~~~~~~~~~~~~~~~~~~~~~~~~~~~~~~~~~~~~~~~~~~~~~~~~~~~~~~~~~~~~
After ORDINAL
Numerical Index V2 : [70, 71, 72, 73, 74, 75, 76, 77, 78, 79, 80, 81, 82, 83, 84, 85, 86, 87, 88, 89] 


OHE Idx : [0, 1, 2, 3, 4, 5, 6, 7, 8, 9, 10, 11, 12, 13, 14, 15, 16, 17, 18, 19, 20, 21, 22, 23, 24, 25, 26, 27, 28, 29, 30, 31, 32, 33, 34, 35, 36, 37, 38, 39, 40, 41, 42, 43, 44, 45, 46, 47, 48, 49, 50, 51, 52, 53, 54, 55, 56, 57, 58, 59, 60, 61, 62, 63, 64, 65, 66, 67, 68, 69]


Ordinal Idx V2: None


Cat Dims V2 : [3, 3, 3, 3, 3, 3, 3, 3, 3, 3, 3, 3, 3, 3, 3, 3, 3, 3, 3, 3, 3, 3, 3, 3, 3, 3, 3, 3, 3, 3, 3, 3, 3, 3, 3, 3, 3, 3, 3, 3, 3, 3, 3, 3, 3, 3, 3, 3, 3, 3, 3, 3, 3, 3, 3, 3, 3, 3, 3, 3, 3, 3, 3, 3, 3, 3, 3, 3, 3, 3]
Cat Idx V2 : [0, 1, 2, 3, 4, 5, 6, 7, 8, 9, 10, 11, 12, 13, 14, 15, 16, 17, 18, 19, 20, 21, 22, 23, 24, 25, 26, 27, 28, 29, 30, 31, 32, 33, 34, 35, 36, 37, 38, 39, 40, 41, 42, 43, 44, 45, 46, 47, 48, 49, 50, 51, 52, 53, 54, 55, 56, 57, 58, 59, 60, 61, 62, 63, 64, 65, 66, 67, 68, 69] 
 

Train: [[ 0.          0.          0.          0.          0.          0.
   0.          0.          0.          0.          0.          0.
   0.          0.          0.          0.          0.          0.
   0.          0.          0.          0.          0.          0.
   0.          0.          0.          0.          0.          0.
   0.          0.          0.          0.          0.          0.
   0.          0.          0.          0.          0.          0.
   0.          0.          0.          0.          0.          0.
   0.          0.          0.          0.          0.          0.
   0.          0.          0.          0.          0.          0.
   0.          0.          0.          0.          0.          0.
   0.          1.          0.          0.         -0.40430187 -1.45207554
  -1.11217052 -0.12383804 -0.90311408 -0.09355605 -0.30675814  0.90549024
  -0.57737419 -0.88266615 -0.66325943 -0.47733795 -0.21773186 -0.8352765
  -0.49416603 -1.26261706 -0.07177346  1.44038185 -1.14889738  0.84441046]
 [ 0.          0.          0.          0.          0.          0.
   0.          0.          0.          0.          0.          0.
   0.          0.          0.          0.          0.          0.
   0.          0.          0.          0.          0.          0.
   0.          0.          0.          0.          0.          0.
   0.          0.          0.          0.          0.          0.
   0.          0.          0.          0.          0.          0.
   0.          0.          0.          0.          0.          0.
   0.          1.          0.          0.          0.          0.
   0.          0.          0.          0.          0.          0.
   0.          0.          0.          0.          0.          0.
   0.          0.          0.          0.         -1.51504778 -0.47239208
  -0.75173789 -0.19829404 -0.90311408 -0.09355605 -0.30675814 -0.6318201
  -1.44853773 -1.29580785  0.85930649 -1.02262484 -0.21773186  0.95298014
  -0.67338259 -1.5718445  -0.23323335  1.44038185 -0.50511266  0.95972562]
 [ 0.          0.          0.          0.          0.          0.
   0.          0.          0.          0.          0.          0.
   1.          0.          0.          0.          0.          0.
   0.          0.          0.          0.          0.          0.
   0.          0.          0.          0.          0.          0.
   0.          0.          0.          0.          0.          0.
   0.          0.          0.          0.          0.          0.
   0.          0.          0.          0.          0.          0.
   0.          0.          0.          0.          0.          0.
   0.          0.          0.          0.          0.          0.
   0.          0.          0.          0.          0.          0.
   0.          0.          0.          0.          0.70644403  0.50729138
  -0.17286124 -0.15651742  0.92773724 -0.09355605  2.26911619  0.90549024
  -0.57737419  0.16233933 -0.66325943  0.78363798 -0.21773186 -2.63939671
   1.47721619 -0.24658405 -0.15337376 -0.69426035  0.13867207 -0.88531691]
 [ 0.          0.          0.          0.          0.          0.
   0.          0.          0.          0.          0.          0.
   0.          0.          0.          0.          0.          0.
   0.          0.          0.          0.          0.          0.
   0.          0.          0.          0.          0.          0.
   0.          0.          0.          0.          0.          0.
   0.          0.          0.          0.          0.          0.
   0.          0.          0.          0.          0.          0.
   0.          0.          0.          0.          0.          0.
   0.          1.          0.          0.          0.          0.
   0.          0.          0.          0.          0.          0.
   0.          0.          0.          0.         -1.51504778 -1.45207554
  -1.27600353 -0.17738365 -0.90311408 -0.09355605 -0.30675814 -0.6318201
  -1.44853773 -1.06493455 -0.66325943 -1.19302699 -0.21773186  1.25438792
  -0.65187661 -0.99756497 -0.22456532 -0.69426035  0.46056443  1.19035594]
 [ 0.          0.          0.          0.          0.          0.
   0.          0.          0.          0.          0.          0.
   0.          0.          0.          0.          0.          0.
   0.          0.          0.          0.          0.          0.
   0.          0.          0.          0.          0.          0.
   0.          0.          0.          0.          0.          0.
   0.          0.          0.          0.          0.          0.
   0.          0.          0.          0.          0.          0.
   0.          1.          0.          0.          0.          0.
   0.          0.          0.          0.          0.          0.
   0.          0.          0.          0.          0.          0.
   0.          0.          0.          0.         -1.51504778 -0.79895323
  -0.67528248 -0.21971228  0.01231158 -0.09355605 -0.30675814 -0.6318201
  -0.57737419 -0.39661709 -0.66325943 -2.01095732 -0.21773186  0.89817873
  -0.70205724 -0.30548451 -0.32488716  1.44038185 -1.79268211  1.42098625]
 [ 0.          0.          0.          0.          0.          0.
   0.          0.          0.          0.          0.          0.
   0.          0.          0.          0.          0.          0.
   0.          1.          0.          0.          0.          0.
   0.          0.          0.          0.          0.          0.
   0.          0.          0.          0.          0.          0.
   0.          0.          0.          0.          0.          0.
   0.          0.          0.          0.          0.          0.
   0.          0.          0.          0.          0.          0.
   0.          0.          0.          0.          0.          0.
   0.          0.          0.          0.          0.          0.
   0.          0.          0.          0.         -0.40430187  0.50729138
   0.13296038 -0.13147795  0.92773724 -0.09355605 -0.30675814 -0.6318201
   0.29378935  0.50257368 -0.66325943  0.54507496 -0.21773186 -1.00617038
   0.06498965  0.31297037 -0.10765344 -0.69426035  0.46056443  1.3056711 ]
 [ 0.          0.          0.          0.          0.          0.
   0.          0.          0.          0.          0.          0.
   0.          0.          0.          0.          0.          0.
   0.          0.          0.          0.          0.          0.
   0.          0.          0.          0.          0.          0.
   0.          0.          0.          0.          0.          0.
   0.          0.          0.          0.          0.          0.
   0.          0.          0.          0.          0.          0.
   0.          0.          0.          0.          0.          0.
   0.          0.          0.          1.          0.          0.
   0.          0.          0.          0.          0.          0.
   0.          0.          0.          0.         -0.40430187 -0.14583092
  -0.31484985 -0.19542355 -0.90311408 -0.09355605 -0.30675814  0.90549024
  -0.57737419 -0.66394407  0.58660811 -0.23877494 -0.21773186  1.21689221
  -0.89561113 -0.76196311 -0.21831297  1.44038185 -1.14889738  0.03720436]
 [ 0.          0.          0.          0.          0.          0.
   0.          0.          0.          0.          0.          0.
   0.          0.          0.          0.          0.          0.
   0.          0.          0.          0.          0.          0.
   0.          1.          0.          0.          0.          0.
   0.          0.          0.          0.          0.          0.
   0.          0.          0.          0.          0.          0.
   0.          0.          0.          0.          0.          0.
   0.          0.          0.          0.          0.          0.
   0.          0.          0.          0.          0.          0.
   0.          0.          0.          0.          0.          0.
   0.          0.          0.          0.         -0.40430187 -0.47239208
  -0.58790488 -0.1071009  -0.90311408 -0.09355605 -0.30675814  2.44280059
  -1.44853773 -1.23505172  1.08655513 -0.81814226 -0.21773186  0.12302716
  -0.05687761  0.04791827 -0.07621405 -0.69426035 -0.1832203   0.03720436]
 [ 0.          0.          0.          0.          0.          0.
   0.          0.          0.          0.          0.          0.
   0.          0.          0.          0.          0.          0.
   0.          0.          0.          0.          0.          0.
   0.          0.          0.          0.          0.          0.
   0.          0.          0.          0.          0.          0.
   0.          0.          0.          0.          0.          0.
   0.          0.          0.          0.          0.          0.
   0.          0.          0.          1.          0.          0.
   0.          0.          0.          0.          0.          0.
   0.          0.          0.          0.          0.          0.
   0.          0.          0.          0.          0.70644403  1.48697485
   1.09411406 -0.25459973  0.92773724 -0.09355605 -0.30675814 -0.6318201
   1.1649529   0.72129575  0.92748108  1.46524659 -0.21773186  0.90322623
  -1.03898439 -0.85031381 -0.31351924  1.44038185 -0.82700502 -1.4618927 ]
 [ 0.          0.          0.          0.          0.          0.
   0.          0.          0.          0.          0.          0.
   0.          0.          0.          0.          0.          0.
   0.          0.          0.          0.          0.          0.
   0.          0.          0.          0.          0.          0.
   0.          0.          0.          0.          0.          0.
   0.          0.          0.          0.          0.          0.
   0.          0.          0.          0.          0.          0.
   0.          0.          0.          0.          0.          0.
   0.          0.          0.          0.          0.          0.
   0.          0.          0.          0.          0.          1.
   0.          0.          0.          0.         -0.40430187  1.48697485
   1.86959032  0.07396054  0.92773724 -0.09355605  4.84499052 -0.6318201
   2.03611644  2.4346187  -0.66325943  0.4769141  -0.21773186  1.18804936
  -1.13934566  1.10812664  0.20187353 -0.69426035 -0.50511266  1.3056711 ]] 
 
 
Val : (6915, 90) 
 

FINISHED ENCODING
~~~~~~~~~~~~~~~~~~~~~~~~~~~~~~~~~~~~~~~~~~~~~~~~~~~~~~~~~~~~~~~~~~~~~~~~~~~~~~~


~~~~~~~~~~~~~~~~~~~~~~~~~~~~~~~~~~~~~~~~~~~~~~~~~~~~~~~~~~~~~~~~~~~~~~~~~~~~~~~
Test numpy array issues
X dtype: float64
X Val dtype: float64
X dtype: float32
X Val dtype: float32
After Debugging -- Inner Fold 4
DEBUG Inner Fold 4: num_features: 90
DEBUG Inner Fold 4: num_classes: 1
DEBUG Inner Fold 4: cat_idx: [0, 1, 2, 3, 4, 5, 6, 7, 8, 9, 10, 11, 12, 13, 14, 15, 16, 17, 18, 19, 20, 21, 22, 23, 24, 25, 26, 27, 28, 29, 30, 31, 32, 33, 34, 35, 36, 37, 38, 39, 40, 41, 42, 43, 44, 45, 46, 47, 48, 49, 50, 51, 52, 53, 54, 55, 56, 57, 58, 59, 60, 61, 62, 63, 64, 65, 66, 67, 68, 69]
DEBUG Inner Fold 4: nominal_idx: [0, 1, 2, 3, 4, 5, 6, 7, 8, 9, 10, 11, 12, 13, 14, 15, 16, 17, 18, 19, 20, 21, 22, 23, 24, 25, 26, 27, 28, 29, 30, 31, 32, 33, 34, 35, 36, 37, 38, 39, 40, 41, 42, 43, 44, 45, 46, 47, 48, 49, 50, 51, 52, 53, 54, 55, 56, 57, 58, 59, 60, 61, 62, 63, 64, 65, 66, 67, 68, 69]
DEBUG Inner Fold 4: ordinal_idx: None
DEBUG Inner Fold 4: num_idx: [70, 71, 72, 73, 74, 75, 76, 77, 78, 79, 80, 81, 82, 83, 84, 85, 86, 87, 88, 89]
DEBUG Inner Fold 4: cat_dims: [3, 3, 3, 3, 3, 3, 3, 3, 3, 3, 3, 3, 3, 3, 3, 3, 3, 3, 3, 3, 3, 3, 3, 3, 3, 3, 3, 3, 3, 3, 3, 3, 3, 3, 3, 3, 3, 3, 3, 3, 3, 3, 3, 3, 3, 3, 3, 3, 3, 3, 3, 3, 3, 3, 3, 3, 3, 3, 3, 3, 3, 3, 3, 3, 3, 3, 3, 3, 3, 3]
DEBUG Inner Fold 4: bin_alt: None
In get_device
Using dim 8 and batch size 64
**** Data b4 Fitting ****
Epoch 0 loss 444626993152.0
Epoch 1 loss 406470066176.0
Epoch 2 loss 383306989568.0
Epoch 3 loss 258831155200.0
Epoch 4 loss 152378097664.0
Epoch 5 loss 132500045824.0
Epoch 6 loss 131350142976.0
Epoch 7 loss 98097266688.0
Epoch 8 loss 70141272064.0
Epoch 9 loss 55760596992.0
Epoch 10 loss 45391618048.0
Epoch 11 loss 46481584128.0
Epoch 12 loss 35781226496.0
Epoch 13 loss 42833563648.0
Epoch 14 loss 26839494656.0
Epoch 15 loss 29212076032.0
Epoch 16 loss 23974862848.0
Epoch 17 loss 23901493248.0
Epoch 18 loss 22201407488.0
Epoch 19 loss 49186979840.0
Epoch 20 loss 23289540608.0
Epoch 21 loss 24645654528.0
Epoch 22 loss 27643820032.0
Epoch 23 loss 18421645312.0
Epoch 24 loss 16273707008.0
Epoch 25 loss 16638610432.0
Epoch 26 loss 17332916224.0
Epoch 27 loss 14866868224.0
Epoch 28 loss 16042038272.0
Epoch 29 loss 18207209472.0
Epoch 30 loss 16100454400.0
Epoch 31 loss 22162632704.0
Epoch 32 loss 13488312320.0
Epoch 33 loss 26161387520.0
Epoch 34 loss 15192689664.0
Epoch 35 loss 12995737600.0
Epoch 36 loss 17080252416.0
Epoch 37 loss 18249297920.0
Epoch 38 loss 14581552128.0
Epoch 39 loss 14887489536.0
Epoch 40 loss 15727509504.0
Epoch 41 loss 30033465344.0
Epoch 42 loss 14260137984.0
Epoch 43 loss 15343126528.0
Epoch 44 loss 13648386048.0
Epoch 45 loss 13681428480.0
Epoch 46 loss 16171175936.0
Epoch 47 loss 25829339136.0
Epoch 48 loss 13723199488.0
Epoch 49 loss 12515429376.0
Epoch 50 loss 14024292352.0
Epoch 51 loss 19688407040.0
Epoch 52 loss 12284572672.0
Epoch 53 loss 15957747712.0
Epoch 54 loss 14696197120.0
Epoch 55 loss 15373438976.0
Epoch 56 loss 14452827136.0
Epoch 57 loss 12783087616.0
Epoch 58 loss 18512785408.0
Epoch 59 loss 14475481088.0
Epoch 60 loss 12787655680.0
Epoch 61 loss 13184880640.0
Epoch 62 loss 14329333760.0
Epoch 63 loss 16791790592.0
Epoch 64 loss 13323607040.0
Epoch 65 loss 44745228288.0
Epoch 66 loss 15243743232.0
Epoch 67 loss 14498694144.0
Epoch 68 loss 13626935296.0
Epoch 69 loss 13402252288.0
Epoch 70 loss 17990592512.0
Epoch 71 loss 14171163648.0
Epoch 72 loss 14378200064.0
Epoch 73 loss 14291704832.0
Validation loss has not improved for 20 steps!
Early stopping applies.
Inner Fold 4 Results: {'MSE - mean': 15681011763.8178, 'MSE - std': 6077836059.860105, 'R2 - mean': 0.8869972966168624, 'R2 - std': 0.020246255278475227}
  outer_1_inner Fold 5/5
Before Debugging -- Inner Fold 5
DEBUG Inner Fold 5: num_features: 21
DEBUG Inner Fold 5: num_classes: 1
DEBUG Inner Fold 5: cat_idx: [0]
DEBUG Inner Fold 5: nominal_idx: [13]
DEBUG Inner Fold 5: ordinal_idx: None
DEBUG Inner Fold 5: num_idx: None
DEBUG Inner Fold 5: cat_dims: [2]
DEBUG Inner Fold 5: bin_alt: None
~~~~~~~~~~~~~~~~~~~~~~~~~~~~~~~~~~~~~~~~~~~~~~~~~~~~~~~~~~~~~~~~~~~~~~~~~~~~~~~
BEFORE ANY ENCODING
num_features :21
num_classes : 1
cat_idx : [0]
nominal_idx : [13]
ordinal_idx : None
num_idx : None
cat_dims : [2]
bin_alt : None 


X_train shape : (6916, 21)
~~~~~~~~~~~~~~~~~~~~~~~~~~~~~~~~~~~~~~~~~~~~~~~~~~~~~~~~~~~~~~~~~~~~~~~~~~~~~~~
~~~~~~~~~~~~~~~~~~~~~~~~~~~~~~~~~~~~~~~~~~~~~~~~~~~~~~~~~~~~~~~~~~~~~~~~~~~~~~~
AFTER getting cat idx
Nominal Index : [13]
Ordinal Index : None
Cat Idx : [0]
Cat dims : [2]
~~~~~~~~~~~~~~~~~~~~~~~~~~~~~~~~~~~~~~~~~~~~~~~~~~~~~~~~~~~~~~~~~~~~~~~~~~~~~~~
BEFORE getting cat idx
Nominal Index : [13]
Ordinal Index : None
Cat Idx : [13]
Cat dims : []
~~~~~~~~~~~~~~~~~~~~~~~~~~~~~~~~~~~~~~~~~~~~~~~~~~~~~~~~~~~~~~~~~~~~~~~~~~~~~~~ 


AFTER SEPARATING CATEGORICALS AND NUMERICALS
Ordinal Index : None
Numerical Index V1 : [0, 1, 2, 3, 4, 5, 6, 7, 8, 9, 10, 11, 12, 14, 15, 16, 17, 18, 19, 20]
Cat Idx V1 : [13] 
Cat Dims V1 : []
 

~~~~~~~~~~~~~~~~~~~~~~~~~~~~~~~~~~~~~~~~~~~~~~~~~~~~~~~~~~~~~~~~~~~~~~~~~~~~~~~ 


Scaling the data...
One Hot Encoding...
Ord : None, Nom : [13], Num : [0, 1, 2, 3, 4, 5, 6, 7, 8, 9, 10, 11, 12, 14, 15, 16, 17, 18, 19, 20]
Num idx: [70, 71, 72, 73, 74, 75, 76, 77, 78, 79, 80, 81, 82, 83, 84, 85, 86, 87, 88, 89]
Ord : None, Nom : [0, 1, 2, 3, 4, 5, 6, 7, 8, 9, 10, 11, 12, 13, 14, 15, 16, 17, 18, 19, 20, 21, 22, 23, 24, 25, 26, 27, 28, 29, 30, 31, 32, 33, 34, 35, 36, 37, 38, 39, 40, 41, 42, 43, 44, 45, 46, 47, 48, 49, 50, 51, 52, 53, 54, 55, 56, 57, 58, 59, 60, 61, 62, 63, 64, 65, 66, 67, 68, 69], Num : [70, 71, 72, 73, 74, 75, 76, 77, 78, 79, 80, 81, 82, 83, 84, 85, 86, 87, 88, 89]
Nominal : (70, 70)
~~~~~~~~~~~~~~~~~~~~~~~~~~~~~~~~~~~~~~~~~~~~~~~~~~~~~~~~~~~~~~~~~~~~~~~~~~~~~~~
After OHE
Numerical Index V2 : [70, 71, 72, 73, 74, 75, 76, 77, 78, 79, 80, 81, 82, 83, 84, 85, 86, 87, 88, 89] 


OHE Idx : [0, 1, 2, 3, 4, 5, 6, 7, 8, 9, 10, 11, 12, 13, 14, 15, 16, 17, 18, 19, 20, 21, 22, 23, 24, 25, 26, 27, 28, 29, 30, 31, 32, 33, 34, 35, 36, 37, 38, 39, 40, 41, 42, 43, 44, 45, 46, 47, 48, 49, 50, 51, 52, 53, 54, 55, 56, 57, 58, 59, 60, 61, 62, 63, 64, 65, 66, 67, 68, 69]


Ordinal Idx V2: None


Cat Dims V2 : []
Cat Idx V2 : [13] 
 

Train: [[0. 0. 0. 0. 0.]
 [0. 0. 0. 0. 0.]
 [0. 0. 0. 0. 0.]
 [0. 0. 0. 0. 0.]
 [0. 0. 0. 0. 0.]
 [0. 0. 0. 0. 0.]
 [0. 0. 0. 0. 0.]
 [0. 0. 0. 0. 0.]
 [0. 0. 0. 0. 0.]
 [0. 0. 0. 0. 0.]] 
 
 
Val : (6916, 90) 
 

~~~~~~~~~~~~~~~~~~~~~~~~~~~~~~~~~~~~~~~~~~~~~~~~~~~~~~~~~~~~~~~~~~~~~~~~~~~~~~~
Cat Idx V3 : [0, 1, 2, 3, 4, 5, 6, 7, 8, 9, 10, 11, 12, 13, 14, 15, 16, 17, 18, 19, 20, 21, 22, 23, 24, 25, 26, 27, 28, 29, 30, 31, 32, 33, 34, 35, 36, 37, 38, 39, 40, 41, 42, 43, 44, 45, 46, 47, 48, 49, 50, 51, 52, 53, 54, 55, 56, 57, 58, 59, 60, 61, 62, 63, 64, 65, 66, 67, 68, 69] 
 

~~~~~~~~~~~~~~~~~~~~~~~~~~~~~~~~~~~~~~~~~~~~~~~~~~~~~~~~~~~~~~~~~~~~~~~~~~~~~~~
After ORDINAL
Numerical Index V2 : [70, 71, 72, 73, 74, 75, 76, 77, 78, 79, 80, 81, 82, 83, 84, 85, 86, 87, 88, 89] 


OHE Idx : [0, 1, 2, 3, 4, 5, 6, 7, 8, 9, 10, 11, 12, 13, 14, 15, 16, 17, 18, 19, 20, 21, 22, 23, 24, 25, 26, 27, 28, 29, 30, 31, 32, 33, 34, 35, 36, 37, 38, 39, 40, 41, 42, 43, 44, 45, 46, 47, 48, 49, 50, 51, 52, 53, 54, 55, 56, 57, 58, 59, 60, 61, 62, 63, 64, 65, 66, 67, 68, 69]


Ordinal Idx V2: None


Cat Dims V2 : [3, 3, 3, 3, 3, 3, 3, 3, 3, 3, 3, 3, 3, 3, 3, 3, 3, 3, 3, 3, 3, 3, 3, 3, 3, 3, 3, 3, 3, 3, 3, 3, 3, 3, 3, 3, 3, 3, 3, 3, 3, 3, 3, 3, 3, 3, 3, 3, 3, 3, 3, 3, 3, 3, 3, 3, 3, 3, 3, 3, 3, 3, 3, 3, 3, 3, 3, 3, 3, 3]
Cat Idx V2 : [0, 1, 2, 3, 4, 5, 6, 7, 8, 9, 10, 11, 12, 13, 14, 15, 16, 17, 18, 19, 20, 21, 22, 23, 24, 25, 26, 27, 28, 29, 30, 31, 32, 33, 34, 35, 36, 37, 38, 39, 40, 41, 42, 43, 44, 45, 46, 47, 48, 49, 50, 51, 52, 53, 54, 55, 56, 57, 58, 59, 60, 61, 62, 63, 64, 65, 66, 67, 68, 69] 
 

Train: [[ 0.          0.          0.          0.          0.          0.
   0.          0.          0.          0.          0.          0.
   0.          0.          0.          0.          0.          0.
   0.          0.          0.          0.          0.          0.
   0.          0.          0.          0.          0.          0.
   0.          0.          0.          0.          0.          0.
   0.          0.          0.          0.          0.          0.
   0.          0.          0.          0.          0.          0.
   0.          0.          0.          0.          0.          0.
   0.          0.          0.          0.          0.          0.
   0.          0.          0.          0.          0.          0.
   0.          1.          0.          0.         -0.41021535 -1.45338246
  -1.10854716 -0.111502   -0.91403768 -0.08447234 -0.31220268  0.9209111
  -0.562002   -0.87849243 -0.66013833 -0.48314035 -0.20540599 -0.83926795
  -0.48615507 -1.26065831 -0.06807791  1.44577286 -1.14975814  0.83902006]
 [ 0.          0.          0.          0.          0.          0.
   0.          0.          0.          0.          0.          0.
   0.          0.          0.          0.          0.          0.
   0.          0.          0.          0.          0.          0.
   0.          0.          0.          0.          0.          0.
   0.          0.          0.          0.          0.          0.
   0.          0.          0.          0.          0.          0.
   0.          0.          0.          0.          0.          0.
   0.          1.          0.          0.          0.          0.
   0.          0.          0.          0.          0.          0.
   0.          0.          0.          0.          0.          0.
   0.          0.          0.          0.         -1.52104127 -0.47375868
  -0.74925021 -0.18301719 -0.91403768 -0.08447234 -0.31220268 -0.6245927
  -1.42496954 -1.28943276  0.8581104  -1.02739196 -0.20540599  0.95055814
  -0.66585183 -1.56736905 -0.21870313  1.44577286 -0.50786863  0.95388333]
 [ 0.          0.          0.          0.          0.          0.
   0.          0.          0.          0.          0.          0.
   1.          0.          0.          0.          0.          0.
   0.          0.          0.          0.          0.          0.
   0.          0.          0.          0.          0.          0.
   0.          0.          0.          0.          0.          0.
   0.          0.          0.          0.          0.          0.
   0.          0.          0.          0.          0.          0.
   0.          0.          0.          0.          0.          0.
   0.          0.          0.          0.          0.          0.
   0.          0.          0.          0.          0.          0.
   0.          0.          0.          0.          0.70061056  0.50586511
  -0.17219752 -0.14289064  0.92093607 -0.08447234  2.27520744  0.9209111
  -0.562002    0.16094487 -0.66013833  0.77544147 -0.20540599 -2.64497152
   1.49050923 -0.25289445 -0.14420247 -0.69167158  0.13402089 -0.88392901]
 [ 0.          0.          0.          0.          0.          0.
   0.          0.          0.          0.          0.          0.
   0.          0.          0.          0.          0.          0.
   0.          0.          0.          0.          0.          0.
   0.          0.          0.          0.          0.          0.
   0.          0.          0.          0.          0.          0.
   0.          0.          0.          0.          0.          0.
   1.          0.          0.          0.          0.          0.
   0.          0.          0.          0.          0.          0.
   0.          0.          0.          0.          0.          0.
   0.          0.          0.          0.          0.          0.
   0.          0.          0.          0.          0.70061056  2.13857141
  -0.1068708  -0.23762917  0.92093607 -0.08447234 -0.31220268 -0.6245927
   1.16393309  0.23346375 -0.66013833  1.28567735 -0.20540599  0.94117598
  -1.0108696  -0.74947374 -0.30288092 -0.69167158  0.13402089  1.75792623]
 [ 0.          0.          0.          0.          0.          0.
   0.          0.          0.          0.          0.          0.
   0.          0.          0.          0.          0.          0.
   0.          0.          0.          0.          0.          0.
   0.          0.          0.          0.          0.          0.
   1.          0.          0.          0.          0.          0.
   0.          0.          0.          0.          0.          0.
   0.          0.          0.          0.          0.          0.
   0.          0.          0.          0.          0.          0.
   0.          0.          0.          0.          0.          0.
   0.          0.          0.          0.          0.          0.
   0.          0.          0.          0.         -0.41021535  0.50586511
  -0.17219752 -0.12978376  0.92093607 -0.08447234 -0.31220268 -0.6245927
   0.30096555  0.16094487 -0.66013833  0.57134712 -0.20540599 -0.56213359
  -0.11238582 -0.09223644 -0.1898043  -0.69167158 -0.50786863 -0.99879228]
 [ 0.          0.          0.          0.          0.          0.
   0.          0.          0.          0.          0.          0.
   0.          0.          0.          0.          0.          0.
   0.          0.          0.          0.          0.          0.
   0.          0.          0.          0.          0.          0.
   0.          0.          0.          0.          0.          0.
   0.          0.          0.          0.          0.          0.
   0.          0.          0.          0.          0.          0.
   0.          0.          0.          0.          0.          0.
   0.          0.          0.          0.          0.          0.
   0.          0.          0.          0.          0.          0.
   0.          0.          1.          0.         -1.52104127 -1.45338246
  -1.21742503 -0.17601837 -0.91403768 -0.08447234 -0.31220268 -0.6245927
  -3.15090463 -0.99935723 -0.66013833 -1.80975363 -0.20540599 -1.25063927
  -0.65866396 -0.20907863 -0.16103803  1.44577286 -0.82881338 -0.88392901]
 [ 0.          0.          0.          0.          0.          0.
   0.          0.          0.          0.          0.          0.
   0.          0.          0.          0.          0.          0.
   0.          1.          0.          0.          0.          0.
   0.          0.          0.          0.          0.          0.
   0.          0.          0.          0.          0.          0.
   0.          0.          0.          0.          0.          0.
   0.          0.          0.          0.          0.          0.
   0.          0.          0.          0.          0.          0.
   0.          0.          0.          0.          0.          0.
   0.          0.          0.          0.          0.          0.
   0.          0.          0.          0.         -0.41021535  0.50586511
   0.1326605  -0.11884016  0.92093607 -0.08447234 -0.31220268 -0.6245927
   0.30096555  0.49936632 -0.66013833  0.5373314  -0.20540599 -1.01031181
   0.0744988   0.30210594 -0.10155018 -0.69167158  0.45496564  1.29847314]
 [ 0.          0.          0.          0.          0.          0.
   0.          0.          0.          0.          0.          0.
   0.          0.          0.          0.          0.          0.
   0.          0.          0.          0.          0.          0.
   0.          0.          0.          0.          0.          0.
   0.          0.          0.          0.          0.          0.
   0.          0.          0.          0.          0.          0.
   0.          0.          0.          0.          0.          0.
   0.          0.          0.          0.          0.          0.
   0.          0.          0.          1.          0.          0.
   0.          0.          0.          0.          0.          0.
   0.          0.          0.          0.         -0.41021535 -0.14721742
  -0.31373875 -0.18026008 -0.91403768 -0.08447234 -0.31220268  0.9209111
  -0.562002   -0.66093579  0.58618526 -0.24503028 -0.20540599  1.21470183
  -0.8886758  -0.76407901 -0.20478397  1.44577286 -1.14975814  0.03497716]
 [ 0.          0.          0.          0.          0.          0.
   0.          0.          0.          0.          0.          0.
   0.          0.          0.          0.          0.          0.
   0.          0.          0.          0.          0.          0.
   0.          0.          0.          0.          0.          0.
   0.          0.          0.          0.          0.          0.
   0.          0.          0.          0.          0.          0.
   0.          0.          0.          0.          0.          0.
   0.          0.          0.          0.          0.          0.
   0.          0.          0.          0.          0.          0.
   0.          0.          1.          0.          0.          0.
   0.          0.          0.          0.         -0.41021535 -0.47375868
  -0.60770898 -0.06399488 -0.91403768 -0.08447234 -0.31220268 -0.6245927
   0.30096555 -0.68510875  0.01967453  0.23118987 -0.20540599  1.38502399
  -0.601161   -0.19447335  0.01725981 -0.69167158  0.13402089  0.03497716]
 [ 0.          0.          0.          0.          0.          0.
   0.          0.          0.          0.          0.          0.
   0.          0.          0.          0.          0.          0.
   0.          0.          0.          0.          0.          0.
   0.          1.          0.          0.          0.          0.
   0.          0.          0.          0.          0.          0.
   0.          0.          0.          0.          0.          0.
   0.          0.          0.          0.          0.          0.
   0.          0.          0.          0.          0.          0.
   0.          0.          0.          0.          0.          0.
   0.          0.          0.          0.          0.          0.
   0.          0.          0.          0.         -0.41021535 -0.47375868
  -0.58593341 -0.09542593 -0.91403768 -0.08447234 -0.31220268  2.4664149
  -1.42496954 -1.22900036  1.08471469 -0.82329761 -0.20540599  0.11987676
  -0.04769499  0.03921102 -0.07222052 -0.69167158 -0.18692387  0.03497716]] 
 
 
Val : (6916, 90) 
 

FINISHED ENCODING
~~~~~~~~~~~~~~~~~~~~~~~~~~~~~~~~~~~~~~~~~~~~~~~~~~~~~~~~~~~~~~~~~~~~~~~~~~~~~~~


~~~~~~~~~~~~~~~~~~~~~~~~~~~~~~~~~~~~~~~~~~~~~~~~~~~~~~~~~~~~~~~~~~~~~~~~~~~~~~~
Test numpy array issues
X dtype: float64
X Val dtype: float64
X dtype: float32
X Val dtype: float32
After Debugging -- Inner Fold 5
DEBUG Inner Fold 5: num_features: 90
DEBUG Inner Fold 5: num_classes: 1
DEBUG Inner Fold 5: cat_idx: [0, 1, 2, 3, 4, 5, 6, 7, 8, 9, 10, 11, 12, 13, 14, 15, 16, 17, 18, 19, 20, 21, 22, 23, 24, 25, 26, 27, 28, 29, 30, 31, 32, 33, 34, 35, 36, 37, 38, 39, 40, 41, 42, 43, 44, 45, 46, 47, 48, 49, 50, 51, 52, 53, 54, 55, 56, 57, 58, 59, 60, 61, 62, 63, 64, 65, 66, 67, 68, 69]
DEBUG Inner Fold 5: nominal_idx: [0, 1, 2, 3, 4, 5, 6, 7, 8, 9, 10, 11, 12, 13, 14, 15, 16, 17, 18, 19, 20, 21, 22, 23, 24, 25, 26, 27, 28, 29, 30, 31, 32, 33, 34, 35, 36, 37, 38, 39, 40, 41, 42, 43, 44, 45, 46, 47, 48, 49, 50, 51, 52, 53, 54, 55, 56, 57, 58, 59, 60, 61, 62, 63, 64, 65, 66, 67, 68, 69]
DEBUG Inner Fold 5: ordinal_idx: None
DEBUG Inner Fold 5: num_idx: [70, 71, 72, 73, 74, 75, 76, 77, 78, 79, 80, 81, 82, 83, 84, 85, 86, 87, 88, 89]
DEBUG Inner Fold 5: cat_dims: [3, 3, 3, 3, 3, 3, 3, 3, 3, 3, 3, 3, 3, 3, 3, 3, 3, 3, 3, 3, 3, 3, 3, 3, 3, 3, 3, 3, 3, 3, 3, 3, 3, 3, 3, 3, 3, 3, 3, 3, 3, 3, 3, 3, 3, 3, 3, 3, 3, 3, 3, 3, 3, 3, 3, 3, 3, 3, 3, 3, 3, 3, 3, 3, 3, 3, 3, 3, 3, 3]
DEBUG Inner Fold 5: bin_alt: None
In get_device
Using dim 8 and batch size 64
**** Data b4 Fitting ****
Epoch 0 loss 453538480128.0
Epoch 1 loss 447006703616.0
Epoch 2 loss 408175673344.0
Epoch 3 loss 302396702720.0
Epoch 4 loss 183976640512.0
Epoch 5 loss 156204023808.0
Epoch 6 loss 153494044672.0
Epoch 7 loss 119061118976.0
Epoch 8 loss 88857288704.0
Epoch 9 loss 77524279296.0
Epoch 10 loss 68082532352.0
Epoch 11 loss 61938733056.0
Epoch 12 loss 53030203392.0
Epoch 13 loss 49320448000.0
Epoch 14 loss 42747404288.0
Epoch 15 loss 39605624832.0
Epoch 16 loss 35302858752.0
Epoch 17 loss 35363102720.0
Epoch 18 loss 36641652736.0
Epoch 19 loss 32228483072.0
Epoch 20 loss 33073856512.0
Epoch 21 loss 27993401344.0
Epoch 22 loss 26675085312.0
Epoch 23 loss 27050741760.0
Epoch 24 loss 25614761984.0
Epoch 25 loss 28931870720.0
Epoch 26 loss 28217694208.0
Epoch 27 loss 23490908160.0
Epoch 28 loss 23483475968.0
Epoch 29 loss 22677123072.0
Epoch 30 loss 22332016640.0
Epoch 31 loss 24437831680.0
Epoch 32 loss 23148560384.0
Epoch 33 loss 20895223808.0
Epoch 34 loss 19792402432.0
Epoch 35 loss 23253182464.0
Epoch 36 loss 20464607232.0
Epoch 37 loss 20141674496.0
Epoch 38 loss 19121205248.0
Epoch 39 loss 20917395456.0
Epoch 40 loss 20586319872.0
Epoch 41 loss 18295433216.0
Epoch 42 loss 19097229312.0
Epoch 43 loss 19027484672.0
Epoch 44 loss 19433228288.0
Epoch 45 loss 18773450752.0
Epoch 46 loss 20355174400.0
Epoch 47 loss 21990014976.0
Epoch 48 loss 20348747776.0
Epoch 49 loss 19437393920.0
Epoch 50 loss 18682316800.0
Epoch 51 loss 17934225408.0
Epoch 52 loss 18404624384.0
Epoch 53 loss 19160596480.0
Epoch 54 loss 17723353088.0
Epoch 55 loss 17430456320.0
Epoch 56 loss 17894385664.0
Epoch 57 loss 19474393088.0
Epoch 58 loss 16744960000.0
Epoch 59 loss 17098446848.0
Epoch 60 loss 17675167744.0
Epoch 61 loss 17105326080.0
Epoch 62 loss 16562148352.0
Epoch 63 loss 17542187008.0
Epoch 64 loss 17366472704.0
Epoch 65 loss 17588166656.0
Epoch 66 loss 16006638592.0
Epoch 67 loss 16130879488.0
Epoch 68 loss 16912887808.0
Epoch 69 loss 17325871104.0
Epoch 70 loss 16167645184.0
Epoch 71 loss 16933468160.0
Epoch 72 loss 20934711296.0
Epoch 73 loss 21071347712.0
Epoch 74 loss 16679708672.0
Epoch 75 loss 17173350400.0
Epoch 76 loss 17017341952.0
Epoch 77 loss 16767240192.0
Epoch 78 loss 20135940096.0
Epoch 79 loss 18453739520.0
Epoch 80 loss 16225526784.0
Epoch 81 loss 16799603712.0
Epoch 82 loss 17226975232.0
Epoch 83 loss 17876230144.0
Epoch 84 loss 18422710272.0
Epoch 85 loss 20385558528.0
Epoch 86 loss 18304708608.0
Epoch 87 loss 16077272064.0
Validation loss has not improved for 20 steps!
Early stopping applies.
Inner Fold 5 Results: {'MSE - mean': 15823660806.570074, 'MSE - std': 5443663098.8720455, 'R2 - mean': 0.8885010350533333, 'R2 - std': 0.018356840669958113}
Trial Results B4 Saving: {'MSE - mean': 15823660806.570074, 'MSE - std': 5443663098.8720455, 'R2 - mean': 0.8885010350533333, 'R2 - std': 0.018356840669958113}
Score: 15823660806.570074
  outer_1_inner Fold 1/5
Before Debugging -- Inner Fold 1
DEBUG Inner Fold 1: num_features: 21
DEBUG Inner Fold 1: num_classes: 1
DEBUG Inner Fold 1: cat_idx: [0]
DEBUG Inner Fold 1: nominal_idx: [13]
DEBUG Inner Fold 1: ordinal_idx: None
DEBUG Inner Fold 1: num_idx: None
DEBUG Inner Fold 1: cat_dims: [2]
DEBUG Inner Fold 1: bin_alt: None
~~~~~~~~~~~~~~~~~~~~~~~~~~~~~~~~~~~~~~~~~~~~~~~~~~~~~~~~~~~~~~~~~~~~~~~~~~~~~~~
BEFORE ANY ENCODING
num_features :21
num_classes : 1
cat_idx : [0]
nominal_idx : [13]
ordinal_idx : None
num_idx : None
cat_dims : [2]
bin_alt : None 


X_train shape : (6915, 21)
~~~~~~~~~~~~~~~~~~~~~~~~~~~~~~~~~~~~~~~~~~~~~~~~~~~~~~~~~~~~~~~~~~~~~~~~~~~~~~~
~~~~~~~~~~~~~~~~~~~~~~~~~~~~~~~~~~~~~~~~~~~~~~~~~~~~~~~~~~~~~~~~~~~~~~~~~~~~~~~
AFTER getting cat idx
Nominal Index : [13]
Ordinal Index : None
Cat Idx : [0]
Cat dims : [2]
~~~~~~~~~~~~~~~~~~~~~~~~~~~~~~~~~~~~~~~~~~~~~~~~~~~~~~~~~~~~~~~~~~~~~~~~~~~~~~~
BEFORE getting cat idx
Nominal Index : [13]
Ordinal Index : None
Cat Idx : [13]
Cat dims : []
~~~~~~~~~~~~~~~~~~~~~~~~~~~~~~~~~~~~~~~~~~~~~~~~~~~~~~~~~~~~~~~~~~~~~~~~~~~~~~~ 


AFTER SEPARATING CATEGORICALS AND NUMERICALS
Ordinal Index : None
Numerical Index V1 : [0, 1, 2, 3, 4, 5, 6, 7, 8, 9, 10, 11, 12, 14, 15, 16, 17, 18, 19, 20]
Cat Idx V1 : [13] 
Cat Dims V1 : []
 

~~~~~~~~~~~~~~~~~~~~~~~~~~~~~~~~~~~~~~~~~~~~~~~~~~~~~~~~~~~~~~~~~~~~~~~~~~~~~~~ 


Scaling the data...
One Hot Encoding...
Ord : None, Nom : [13], Num : [0, 1, 2, 3, 4, 5, 6, 7, 8, 9, 10, 11, 12, 14, 15, 16, 17, 18, 19, 20]
Num idx: [70, 71, 72, 73, 74, 75, 76, 77, 78, 79, 80, 81, 82, 83, 84, 85, 86, 87, 88, 89]
Ord : None, Nom : [0, 1, 2, 3, 4, 5, 6, 7, 8, 9, 10, 11, 12, 13, 14, 15, 16, 17, 18, 19, 20, 21, 22, 23, 24, 25, 26, 27, 28, 29, 30, 31, 32, 33, 34, 35, 36, 37, 38, 39, 40, 41, 42, 43, 44, 45, 46, 47, 48, 49, 50, 51, 52, 53, 54, 55, 56, 57, 58, 59, 60, 61, 62, 63, 64, 65, 66, 67, 68, 69], Num : [70, 71, 72, 73, 74, 75, 76, 77, 78, 79, 80, 81, 82, 83, 84, 85, 86, 87, 88, 89]
Nominal : (70, 70)
~~~~~~~~~~~~~~~~~~~~~~~~~~~~~~~~~~~~~~~~~~~~~~~~~~~~~~~~~~~~~~~~~~~~~~~~~~~~~~~
After OHE
Numerical Index V2 : [70, 71, 72, 73, 74, 75, 76, 77, 78, 79, 80, 81, 82, 83, 84, 85, 86, 87, 88, 89] 


OHE Idx : [0, 1, 2, 3, 4, 5, 6, 7, 8, 9, 10, 11, 12, 13, 14, 15, 16, 17, 18, 19, 20, 21, 22, 23, 24, 25, 26, 27, 28, 29, 30, 31, 32, 33, 34, 35, 36, 37, 38, 39, 40, 41, 42, 43, 44, 45, 46, 47, 48, 49, 50, 51, 52, 53, 54, 55, 56, 57, 58, 59, 60, 61, 62, 63, 64, 65, 66, 67, 68, 69]


Ordinal Idx V2: None


Cat Dims V2 : []
Cat Idx V2 : [13] 
 

Train: [[0. 0. 0. 0. 0.]
 [0. 0. 0. 0. 0.]
 [0. 0. 0. 0. 0.]
 [0. 0. 0. 0. 0.]
 [0. 0. 0. 0. 0.]
 [0. 0. 0. 0. 0.]
 [0. 0. 0. 0. 0.]
 [0. 0. 0. 0. 0.]
 [0. 0. 0. 0. 0.]
 [0. 0. 0. 0. 0.]] 
 
 
Val : (6915, 90) 
 

~~~~~~~~~~~~~~~~~~~~~~~~~~~~~~~~~~~~~~~~~~~~~~~~~~~~~~~~~~~~~~~~~~~~~~~~~~~~~~~
Cat Idx V3 : [0, 1, 2, 3, 4, 5, 6, 7, 8, 9, 10, 11, 12, 13, 14, 15, 16, 17, 18, 19, 20, 21, 22, 23, 24, 25, 26, 27, 28, 29, 30, 31, 32, 33, 34, 35, 36, 37, 38, 39, 40, 41, 42, 43, 44, 45, 46, 47, 48, 49, 50, 51, 52, 53, 54, 55, 56, 57, 58, 59, 60, 61, 62, 63, 64, 65, 66, 67, 68, 69] 
 

~~~~~~~~~~~~~~~~~~~~~~~~~~~~~~~~~~~~~~~~~~~~~~~~~~~~~~~~~~~~~~~~~~~~~~~~~~~~~~~
After ORDINAL
Numerical Index V2 : [70, 71, 72, 73, 74, 75, 76, 77, 78, 79, 80, 81, 82, 83, 84, 85, 86, 87, 88, 89] 


OHE Idx : [0, 1, 2, 3, 4, 5, 6, 7, 8, 9, 10, 11, 12, 13, 14, 15, 16, 17, 18, 19, 20, 21, 22, 23, 24, 25, 26, 27, 28, 29, 30, 31, 32, 33, 34, 35, 36, 37, 38, 39, 40, 41, 42, 43, 44, 45, 46, 47, 48, 49, 50, 51, 52, 53, 54, 55, 56, 57, 58, 59, 60, 61, 62, 63, 64, 65, 66, 67, 68, 69]


Ordinal Idx V2: None


Cat Dims V2 : [3, 3, 3, 3, 3, 3, 3, 3, 3, 3, 3, 3, 3, 3, 3, 3, 3, 3, 3, 3, 3, 3, 3, 3, 3, 3, 3, 3, 3, 3, 3, 3, 3, 3, 3, 3, 3, 3, 3, 3, 3, 3, 3, 3, 3, 3, 3, 3, 3, 3, 3, 3, 3, 3, 3, 3, 3, 3, 3, 3, 3, 3, 3, 3, 3, 3, 3, 3, 3, 3]
Cat Idx V2 : [0, 1, 2, 3, 4, 5, 6, 7, 8, 9, 10, 11, 12, 13, 14, 15, 16, 17, 18, 19, 20, 21, 22, 23, 24, 25, 26, 27, 28, 29, 30, 31, 32, 33, 34, 35, 36, 37, 38, 39, 40, 41, 42, 43, 44, 45, 46, 47, 48, 49, 50, 51, 52, 53, 54, 55, 56, 57, 58, 59, 60, 61, 62, 63, 64, 65, 66, 67, 68, 69] 
 

Train: [[ 0.          0.          0.          0.          0.          0.
   0.          0.          0.          0.          0.          0.
   0.          0.          0.          0.          0.          0.
   0.          0.          0.          0.          0.          0.
   0.          0.          0.          0.          0.          0.
   0.          0.          0.          0.          0.          0.
   0.          0.          0.          0.          0.          0.
   0.          0.          0.          0.          0.          0.
   0.          0.          0.          0.          0.          0.
   0.          0.          0.          0.          0.          0.
   0.          0.          0.          0.          0.          0.
   0.          1.          0.          0.         -0.40800336 -1.4636497
  -1.11809154 -0.11706556 -0.91278871 -0.08871625 -0.30792431  0.89609687
  -0.55947538 -0.88644539 -0.66037967 -0.46688419 -0.22206866 -0.82049994
  -0.49905598 -1.25350496 -0.07103198  1.4437104  -1.14017854  0.84623769]
 [ 0.          0.          0.          0.          0.          0.
   0.          0.          0.          0.          0.          0.
   0.          0.          0.          0.          0.          0.
   0.          0.          0.          0.          0.          0.
   0.          0.          0.          0.          0.          0.
   0.          0.          0.          0.          0.          0.
   0.          0.          0.          0.          0.          0.
   0.          0.          0.          0.          0.          0.
   0.          1.          0.          0.          0.          0.
   0.          0.          0.          0.          0.          0.
   0.          0.          0.          0.          0.          0.
   0.          0.          0.          0.         -1.52404102 -0.47894358
  -0.75385093 -0.19060721 -0.91278871 -0.08871625 -0.30792431 -0.63390556
  -1.41920255 -1.30382134  0.8607375  -1.01119377 -0.22206866  0.9630068
  -0.67790582 -1.56199562 -0.22955533  1.4437104  -0.50063161  0.96120524]
 [ 0.          0.          0.          0.          0.          0.
   0.          0.          0.          0.          0.          0.
   1.          0.          0.          0.          0.          0.
   0.          0.          0.          0.          0.          0.
   0.          0.          0.          0.          0.          0.
   0.          0.          0.          0.          0.          0.
   0.          0.          0.          0.          0.          0.
   0.          0.          0.          0.          0.          0.
   0.          0.          0.          0.          0.          0.
   0.          0.          0.          0.          0.          0.
   0.          0.          0.          0.          0.          0.
   0.          0.          0.          0.          0.70803431  0.50576253
  -0.16885843 -0.14934363  0.94420862 -0.08871625  2.27304128  0.89609687
  -0.55947538  0.16927026 -0.66037967  0.7918317  -0.22206866 -2.61982812
   1.46829229 -0.23989278 -0.15114818 -0.69265969  0.13891533 -0.87827565]
 [ 0.          0.          0.          0.          0.          0.
   0.          0.          0.          0.          0.          0.
   0.          0.          0.          0.          0.          0.
   0.          0.          0.          0.          0.          0.
   0.          0.          0.          0.          0.          0.
   0.          0.          0.          0.          0.          0.
   0.          0.          0.          0.          0.          0.
   0.          0.          0.          0.          0.          0.
   0.          0.          0.          0.          0.          0.
   0.          1.          0.          0.          0.          0.
   0.          0.          0.          0.          0.          0.
   0.          0.          0.          0.         -1.52404102 -1.4636497
  -1.28365545 -0.16995361 -0.91278871 -0.08871625 -0.30792431 -0.63390556
  -1.41920255 -1.07058184 -0.66037967 -1.18129051 -0.22206866  1.26361399
  -0.65644384 -0.98908439 -0.22104494 -0.69265969  0.4586888   1.19114036]
 [ 0.          0.          0.          0.          0.          0.
   0.          0.          0.          0.          0.          0.
   0.          0.          0.          0.          0.          0.
   0.          0.          0.          0.          0.          0.
   0.          0.          0.          0.          0.          0.
   0.          0.          0.          0.          0.          0.
   0.          0.          0.          0.          0.          0.
   1.          0.          0.          0.          0.          0.
   0.          0.          0.          0.          0.          0.
   0.          0.          0.          0.          0.          0.
   0.          0.          0.          0.          0.          0.
   0.          0.          0.          0.          0.70803431  2.14693938
  -0.10263287 -0.24676669  0.94420862 -0.08871625 -0.30792431 -0.63390556
   1.15997896  0.24292484 -0.66037967  1.30212192 -0.22206866  0.95365777
  -1.02129752 -0.73935385 -0.31814704 -0.69265969  0.13891533  1.76597814]
 [ 0.          0.          0.          0.          0.          0.
   0.          0.          0.          0.          0.          0.
   0.          0.          0.          0.          0.          0.
   0.          0.          0.          0.          0.          0.
   0.          0.          0.          0.          0.          0.
   1.          0.          0.          0.          0.          0.
   0.          0.          0.          0.          0.          0.
   0.          0.          0.          0.          0.          0.
   0.          0.          0.          0.          0.          0.
   0.          0.          0.          0.          0.          0.
   0.          0.          0.          0.          0.          0.
   0.          0.          0.          0.         -0.40800336  0.50576253
  -0.16885843 -0.13586536  0.94420862 -0.08871625 -0.30792431 -0.63390556
   0.30025179  0.16927026 -0.66037967  0.58771561 -0.22206866 -0.54434406
  -0.12704831 -0.07830244 -0.19914117 -0.69265969 -0.50063161 -0.9932432 ]
 [ 0.          0.          0.          0.          0.          0.
   0.          0.          0.          0.          0.          0.
   0.          0.          0.          0.          0.          0.
   0.          0.          0.          0.          0.          0.
   0.          0.          0.          0.          0.          0.
   0.          0.          0.          0.          0.          0.
   0.          0.          0.          0.          0.          0.
   0.          0.          0.          0.          0.          0.
   0.          1.          0.          0.          0.          0.
   0.          0.          0.          0.          0.          0.
   0.          0.          0.          0.          0.          0.
   0.          0.          0.          0.         -1.52404102 -0.80717896
  -0.67658777 -0.21176243  0.01570996 -0.08871625 -0.30792431 -0.63390556
  -0.55947538 -0.39541485 -0.66037967 -1.99775487 -0.22206866  0.90835095
  -0.7065218  -0.29865291 -0.31954218  1.4437104  -1.77972547  1.42107547]
 [ 0.          0.          0.          0.          0.          0.
   0.          0.          0.          0.          0.          0.
   0.          0.          0.          0.          0.          0.
   0.          0.          0.          0.          0.          0.
   0.          0.          0.          0.          0.          0.
   0.          0.          0.          0.          0.          0.
   0.          0.          0.          0.          0.          0.
   0.          0.          0.          0.          0.          0.
   0.          0.          0.          0.          0.          0.
   0.          0.          0.          0.          0.          0.
   0.          0.          0.          0.          0.          0.
   0.          0.          1.          0.         -1.52404102 -1.4636497
  -1.22846748 -0.18341008 -0.91278871 -0.08871625 -0.30792431 -0.63390556
  -3.13865689 -1.00920302 -0.66037967 -1.79363878 -0.22206866 -1.23041883
  -0.67075183 -0.19582269 -0.16886652  1.4437104  -0.82040507 -0.87827565]
 [ 0.          0.          0.          0.          0.          0.
   0.          0.          0.          0.          0.          0.
   0.          0.          0.          0.          0.          0.
   0.          0.          0.          0.          0.          0.
   0.          0.          0.          0.          0.          0.
   0.          0.          0.          0.          0.          0.
   0.          0.          0.          0.          0.          0.
   0.          0.          0.          0.          0.          0.
   0.          0.          0.          0.          0.          0.
   0.          0.          0.          1.          0.          0.
   0.          0.          0.          0.          0.          0.
   0.          0.          0.          0.         -0.40800336 -0.15070821
  -0.31234716 -0.18777198 -0.91278871 -0.08871625 -0.30792431  0.89609687
  -0.55947538 -0.66548165  0.5882986  -0.22874876 -0.22206866  1.22621788
  -0.89967963 -0.75404388 -0.21490631  1.4437104  -1.14017854  0.0414648 ]
 [ 0.          0.          0.          0.          0.          0.
   0.          0.          0.          0.          0.          0.
   0.          0.          0.          0.          0.          0.
   0.          0.          0.          0.          0.          0.
   0.          0.          0.          0.          0.          0.
   0.          0.          0.          0.          0.          0.
   0.          0.          0.          0.          0.          0.
   0.          0.          0.          0.          0.          0.
   0.          0.          0.          0.          0.          0.
   0.          0.          0.          0.          0.          0.
   0.          0.          1.          0.          0.          0.
   0.          0.          0.          0.         -0.40800336 -0.47894358
  -0.6103622  -0.06821227 -0.91278871 -0.08871625 -0.30792431 -0.63390556
   0.30025179 -0.69003317  0.02071757  0.24752212 -0.22206866  1.39593868
  -0.61351988 -0.18113266  0.01878048 -0.69265969  0.13891533  0.0414648 ]] 
 
 
Val : (6915, 90) 
 

FINISHED ENCODING
~~~~~~~~~~~~~~~~~~~~~~~~~~~~~~~~~~~~~~~~~~~~~~~~~~~~~~~~~~~~~~~~~~~~~~~~~~~~~~~


~~~~~~~~~~~~~~~~~~~~~~~~~~~~~~~~~~~~~~~~~~~~~~~~~~~~~~~~~~~~~~~~~~~~~~~~~~~~~~~
Test numpy array issues
X dtype: float64
X Val dtype: float64
X dtype: float32
X Val dtype: float32
After Debugging -- Inner Fold 1
DEBUG Inner Fold 1: num_features: 90
DEBUG Inner Fold 1: num_classes: 1
DEBUG Inner Fold 1: cat_idx: [0, 1, 2, 3, 4, 5, 6, 7, 8, 9, 10, 11, 12, 13, 14, 15, 16, 17, 18, 19, 20, 21, 22, 23, 24, 25, 26, 27, 28, 29, 30, 31, 32, 33, 34, 35, 36, 37, 38, 39, 40, 41, 42, 43, 44, 45, 46, 47, 48, 49, 50, 51, 52, 53, 54, 55, 56, 57, 58, 59, 60, 61, 62, 63, 64, 65, 66, 67, 68, 69]
DEBUG Inner Fold 1: nominal_idx: [0, 1, 2, 3, 4, 5, 6, 7, 8, 9, 10, 11, 12, 13, 14, 15, 16, 17, 18, 19, 20, 21, 22, 23, 24, 25, 26, 27, 28, 29, 30, 31, 32, 33, 34, 35, 36, 37, 38, 39, 40, 41, 42, 43, 44, 45, 46, 47, 48, 49, 50, 51, 52, 53, 54, 55, 56, 57, 58, 59, 60, 61, 62, 63, 64, 65, 66, 67, 68, 69]
DEBUG Inner Fold 1: ordinal_idx: None
DEBUG Inner Fold 1: num_idx: [70, 71, 72, 73, 74, 75, 76, 77, 78, 79, 80, 81, 82, 83, 84, 85, 86, 87, 88, 89]
DEBUG Inner Fold 1: cat_dims: [3, 3, 3, 3, 3, 3, 3, 3, 3, 3, 3, 3, 3, 3, 3, 3, 3, 3, 3, 3, 3, 3, 3, 3, 3, 3, 3, 3, 3, 3, 3, 3, 3, 3, 3, 3, 3, 3, 3, 3, 3, 3, 3, 3, 3, 3, 3, 3, 3, 3, 3, 3, 3, 3, 3, 3, 3, 3, 3, 3, 3, 3, 3, 3, 3, 3, 3, 3, 3, 3]
DEBUG Inner Fold 1: bin_alt: None
In get_device
Using dim 8 and batch size 64
**** Data b4 Fitting ****
Epoch 0 loss 468861812736.0
Epoch 1 loss 464636772352.0
Epoch 2 loss 424099020800.0
Epoch 3 loss 309736144896.0
Epoch 4 loss 192535035904.0
Epoch 5 loss 173980958720.0
Epoch 6 loss 156458156032.0
Epoch 7 loss 119375175680.0
Epoch 8 loss 103553245184.0
Epoch 9 loss 90905993216.0
Epoch 10 loss 88599748608.0
Epoch 11 loss 74803109888.0
Epoch 12 loss 69201756160.0
Epoch 13 loss 64307216384.0
Epoch 14 loss 61501972480.0
Epoch 15 loss 58174271488.0
Epoch 16 loss 56190222336.0
Epoch 17 loss 61566124032.0
Epoch 18 loss 61782851584.0
Epoch 19 loss 50147119104.0
Epoch 20 loss 51120807936.0
Epoch 21 loss 47422914560.0
Epoch 22 loss 46536122368.0
Epoch 23 loss 48383942656.0
Epoch 24 loss 49015361536.0
Epoch 25 loss 44996513792.0
Epoch 26 loss 43198087168.0
Epoch 27 loss 42479144960.0
Epoch 28 loss 41894170624.0
Epoch 29 loss 41172692992.0
Epoch 30 loss 41822220288.0
Epoch 31 loss 42038919168.0
Epoch 32 loss 39736655872.0
Epoch 33 loss 37412544512.0
Epoch 34 loss 39489826816.0
Epoch 35 loss 37801779200.0
Epoch 36 loss 36764844032.0
Epoch 37 loss 38609346560.0
Epoch 38 loss 34435813376.0
Epoch 39 loss 36877185024.0
Epoch 40 loss 34816176128.0
Epoch 41 loss 33485955072.0
Epoch 42 loss 36246089728.0
Epoch 43 loss 31909269504.0
Epoch 44 loss 33035661312.0
Epoch 45 loss 33036306432.0
Epoch 46 loss 32193998848.0
Epoch 47 loss 32329213952.0
Epoch 48 loss 31932985344.0
Epoch 49 loss 34486558720.0
Epoch 50 loss 31022622720.0
Epoch 51 loss 30600800256.0
Epoch 52 loss 28848119808.0
Epoch 53 loss 30098135040.0
Epoch 54 loss 29411985408.0
Epoch 55 loss 30714454016.0
Epoch 56 loss 30221295616.0
Epoch 57 loss 30910783488.0
Epoch 58 loss 29101815808.0
Epoch 59 loss 31366064128.0
Epoch 60 loss 27230771200.0
Epoch 61 loss 28689164288.0
Epoch 62 loss 28470577152.0
Epoch 63 loss 72971911168.0
Epoch 64 loss 28042989568.0
Epoch 65 loss 29559576576.0
Epoch 66 loss 29498830848.0
Epoch 67 loss 26968823808.0
Epoch 68 loss 25324871680.0
Epoch 69 loss 29606400000.0
Epoch 70 loss 642675048448.0
Epoch 71 loss 27505965056.0
Epoch 72 loss 27490191360.0
Epoch 73 loss 24731199488.0
Epoch 74 loss 26717583360.0
Epoch 75 loss 25482049536.0
Epoch 76 loss 29369001984.0
Epoch 77 loss 25011261440.0
Epoch 78 loss 24342067200.0
Epoch 79 loss 26994894848.0
Epoch 80 loss 24642711552.0
Epoch 81 loss 36259323904.0
Epoch 82 loss 24822763520.0
Epoch 83 loss 23352156160.0
Epoch 84 loss 23402305536.0
Epoch 85 loss 24312926208.0
Epoch 86 loss 34273953792.0
Epoch 87 loss 24218284032.0
Epoch 88 loss 25282076672.0
Epoch 89 loss 23548448768.0
Epoch 90 loss 24745844736.0
Epoch 91 loss 41785253888.0
Epoch 92 loss 24040794112.0
Epoch 93 loss 22748868608.0
Epoch 94 loss 23599114240.0
Epoch 95 loss 23683207168.0
Epoch 96 loss 23329329152.0
Epoch 97 loss 22682654720.0
Epoch 98 loss 27162941440.0
Epoch 99 loss 23037943808.0
Inner Fold 1 Results: {'MSE - mean': 23194317460.686764, 'MSE - std': 0.0, 'R2 - mean': 0.8708348697412983, 'R2 - std': 0.0}
  outer_1_inner Fold 2/5
Before Debugging -- Inner Fold 2
DEBUG Inner Fold 2: num_features: 21
DEBUG Inner Fold 2: num_classes: 1
DEBUG Inner Fold 2: cat_idx: [0]
DEBUG Inner Fold 2: nominal_idx: [13]
DEBUG Inner Fold 2: ordinal_idx: None
DEBUG Inner Fold 2: num_idx: None
DEBUG Inner Fold 2: cat_dims: [2]
DEBUG Inner Fold 2: bin_alt: None
~~~~~~~~~~~~~~~~~~~~~~~~~~~~~~~~~~~~~~~~~~~~~~~~~~~~~~~~~~~~~~~~~~~~~~~~~~~~~~~
BEFORE ANY ENCODING
num_features :21
num_classes : 1
cat_idx : [0]
nominal_idx : [13]
ordinal_idx : None
num_idx : None
cat_dims : [2]
bin_alt : None 


X_train shape : (6915, 21)
~~~~~~~~~~~~~~~~~~~~~~~~~~~~~~~~~~~~~~~~~~~~~~~~~~~~~~~~~~~~~~~~~~~~~~~~~~~~~~~
~~~~~~~~~~~~~~~~~~~~~~~~~~~~~~~~~~~~~~~~~~~~~~~~~~~~~~~~~~~~~~~~~~~~~~~~~~~~~~~
AFTER getting cat idx
Nominal Index : [13]
Ordinal Index : None
Cat Idx : [0]
Cat dims : [2]
~~~~~~~~~~~~~~~~~~~~~~~~~~~~~~~~~~~~~~~~~~~~~~~~~~~~~~~~~~~~~~~~~~~~~~~~~~~~~~~
BEFORE getting cat idx
Nominal Index : [13]
Ordinal Index : None
Cat Idx : [13]
Cat dims : []
~~~~~~~~~~~~~~~~~~~~~~~~~~~~~~~~~~~~~~~~~~~~~~~~~~~~~~~~~~~~~~~~~~~~~~~~~~~~~~~ 


AFTER SEPARATING CATEGORICALS AND NUMERICALS
Ordinal Index : None
Numerical Index V1 : [0, 1, 2, 3, 4, 5, 6, 7, 8, 9, 10, 11, 12, 14, 15, 16, 17, 18, 19, 20]
Cat Idx V1 : [13] 
Cat Dims V1 : []
 

~~~~~~~~~~~~~~~~~~~~~~~~~~~~~~~~~~~~~~~~~~~~~~~~~~~~~~~~~~~~~~~~~~~~~~~~~~~~~~~ 


Scaling the data...
One Hot Encoding...
Ord : None, Nom : [13], Num : [0, 1, 2, 3, 4, 5, 6, 7, 8, 9, 10, 11, 12, 14, 15, 16, 17, 18, 19, 20]
Num idx: [70, 71, 72, 73, 74, 75, 76, 77, 78, 79, 80, 81, 82, 83, 84, 85, 86, 87, 88, 89]
Ord : None, Nom : [0, 1, 2, 3, 4, 5, 6, 7, 8, 9, 10, 11, 12, 13, 14, 15, 16, 17, 18, 19, 20, 21, 22, 23, 24, 25, 26, 27, 28, 29, 30, 31, 32, 33, 34, 35, 36, 37, 38, 39, 40, 41, 42, 43, 44, 45, 46, 47, 48, 49, 50, 51, 52, 53, 54, 55, 56, 57, 58, 59, 60, 61, 62, 63, 64, 65, 66, 67, 68, 69], Num : [70, 71, 72, 73, 74, 75, 76, 77, 78, 79, 80, 81, 82, 83, 84, 85, 86, 87, 88, 89]
Nominal : (70, 70)
~~~~~~~~~~~~~~~~~~~~~~~~~~~~~~~~~~~~~~~~~~~~~~~~~~~~~~~~~~~~~~~~~~~~~~~~~~~~~~~
After OHE
Numerical Index V2 : [70, 71, 72, 73, 74, 75, 76, 77, 78, 79, 80, 81, 82, 83, 84, 85, 86, 87, 88, 89] 


OHE Idx : [0, 1, 2, 3, 4, 5, 6, 7, 8, 9, 10, 11, 12, 13, 14, 15, 16, 17, 18, 19, 20, 21, 22, 23, 24, 25, 26, 27, 28, 29, 30, 31, 32, 33, 34, 35, 36, 37, 38, 39, 40, 41, 42, 43, 44, 45, 46, 47, 48, 49, 50, 51, 52, 53, 54, 55, 56, 57, 58, 59, 60, 61, 62, 63, 64, 65, 66, 67, 68, 69]


Ordinal Idx V2: None


Cat Dims V2 : []
Cat Idx V2 : [13] 
 

Train: [[0. 0. 0. 0. 0.]
 [0. 0. 0. 0. 0.]
 [0. 0. 0. 0. 0.]
 [0. 0. 0. 0. 0.]
 [0. 0. 0. 0. 0.]
 [0. 0. 0. 0. 0.]
 [0. 0. 0. 0. 0.]
 [0. 0. 0. 0. 0.]
 [0. 0. 0. 0. 0.]
 [0. 0. 0. 0. 0.]] 
 
 
Val : (6915, 90) 
 

~~~~~~~~~~~~~~~~~~~~~~~~~~~~~~~~~~~~~~~~~~~~~~~~~~~~~~~~~~~~~~~~~~~~~~~~~~~~~~~
Cat Idx V3 : [0, 1, 2, 3, 4, 5, 6, 7, 8, 9, 10, 11, 12, 13, 14, 15, 16, 17, 18, 19, 20, 21, 22, 23, 24, 25, 26, 27, 28, 29, 30, 31, 32, 33, 34, 35, 36, 37, 38, 39, 40, 41, 42, 43, 44, 45, 46, 47, 48, 49, 50, 51, 52, 53, 54, 55, 56, 57, 58, 59, 60, 61, 62, 63, 64, 65, 66, 67, 68, 69] 
 

~~~~~~~~~~~~~~~~~~~~~~~~~~~~~~~~~~~~~~~~~~~~~~~~~~~~~~~~~~~~~~~~~~~~~~~~~~~~~~~
After ORDINAL
Numerical Index V2 : [70, 71, 72, 73, 74, 75, 76, 77, 78, 79, 80, 81, 82, 83, 84, 85, 86, 87, 88, 89] 


OHE Idx : [0, 1, 2, 3, 4, 5, 6, 7, 8, 9, 10, 11, 12, 13, 14, 15, 16, 17, 18, 19, 20, 21, 22, 23, 24, 25, 26, 27, 28, 29, 30, 31, 32, 33, 34, 35, 36, 37, 38, 39, 40, 41, 42, 43, 44, 45, 46, 47, 48, 49, 50, 51, 52, 53, 54, 55, 56, 57, 58, 59, 60, 61, 62, 63, 64, 65, 66, 67, 68, 69]


Ordinal Idx V2: None


Cat Dims V2 : [3, 3, 3, 3, 3, 3, 3, 3, 3, 3, 3, 3, 3, 3, 3, 3, 3, 3, 3, 3, 3, 3, 3, 3, 3, 3, 3, 3, 3, 3, 3, 3, 3, 3, 3, 3, 3, 3, 3, 3, 3, 3, 3, 3, 3, 3, 3, 3, 3, 3, 3, 3, 3, 3, 3, 3, 3, 3, 3, 3, 3, 3, 3, 3, 3, 3, 3, 3, 3, 3]
Cat Idx V2 : [0, 1, 2, 3, 4, 5, 6, 7, 8, 9, 10, 11, 12, 13, 14, 15, 16, 17, 18, 19, 20, 21, 22, 23, 24, 25, 26, 27, 28, 29, 30, 31, 32, 33, 34, 35, 36, 37, 38, 39, 40, 41, 42, 43, 44, 45, 46, 47, 48, 49, 50, 51, 52, 53, 54, 55, 56, 57, 58, 59, 60, 61, 62, 63, 64, 65, 66, 67, 68, 69] 
 

Train: [[ 0.          0.          0.          0.          0.          0.
   0.          0.          0.          0.          0.          0.
   0.          0.          0.          0.          0.          0.
   0.          0.          0.          0.          0.          0.
   0.          0.          0.          0.          0.          0.
   0.          0.          0.          0.          0.          0.
   0.          0.          0.          0.          0.          0.
   0.          0.          0.          0.          0.          0.
   0.          0.          0.          0.          0.          0.
   0.          0.          0.          0.          0.          0.
   0.          0.          0.          0.          0.          0.
   0.          1.          0.          0.         -0.40821358 -1.44490617
  -1.11399793 -0.11360679 -0.91479173 -0.08954045 -0.30706878  0.90387382
  -0.56558526 -0.88093869 -0.65906699 -0.46579395 -0.21590389 -0.83246021
  -0.48059807 -1.25236088 -0.07037611  1.46152469 -1.16374101  0.84496125]
 [ 0.          0.          0.          0.          0.          0.
   0.          0.          0.          0.          0.          0.
   0.          0.          0.          0.          0.          0.
   0.          0.          0.          0.          0.          0.
   0.          0.          0.          0.          0.          0.
   0.          0.          0.          0.          0.          0.
   0.          0.          0.          0.          0.          0.
   0.          0.          0.          0.          0.          0.
   0.          1.          0.          0.          0.          0.
   0.          0.          0.          0.          0.          0.
   0.          0.          0.          0.          0.          0.
   0.          0.          0.          0.         -1.51911359 -0.47024991
  -0.75132197 -0.17936693 -0.91479173 -0.08954045 -0.30706878 -0.63220076
  -1.42383017 -1.29594352  0.85366423 -1.00751388 -0.21590389  0.9648571
  -0.660391   -1.55845977 -0.21693788  1.46152469 -0.51910857  0.95995873]
 [ 0.          0.          0.          0.          0.          0.
   0.          0.          0.          0.          0.          0.
   0.          0.          0.          0.          0.          0.
   0.          0.          0.          0.          0.          0.
   0.          0.          0.          0.          0.          0.
   0.          0.          0.          0.          0.          0.
   0.          0.          0.          0.          0.          0.
   0.          0.          0.          0.          0.          0.
   0.          0.          0.          0.          0.          0.
   0.          1.          0.          0.          0.          0.
   0.          0.          0.          0.          0.          0.
   0.          0.          0.          0.         -1.51911359 -1.44490617
  -1.27885064 -0.1608987  -0.91479173 -0.08954045 -0.30706878 -0.63220076
  -1.42383017 -1.06402906 -0.65906699 -1.17680135 -0.21590389  1.26779203
  -0.63881585 -0.9899904  -0.20906965 -0.68421697  0.44784009  1.18995369]
 [ 0.          0.          0.          0.          0.          0.
   0.          0.          0.          0.          0.          0.
   0.          0.          0.          0.          0.          0.
   0.          0.          0.          0.          0.          0.
   0.          0.          0.          0.          0.          0.
   0.          0.          0.          0.          0.          0.
   0.          0.          0.          0.          0.          0.
   1.          0.          0.          0.          0.          0.
   0.          0.          0.          0.          0.          0.
   0.          0.          0.          0.          0.          0.
   0.          0.          0.          0.          0.          0.
   0.          0.          0.          0.          0.70268643  2.12883344
  -0.10290131 -0.22958412  0.93864654 -0.08954045 -0.30706878 -0.63220076
   1.15090457  0.24201554 -0.65906699  1.29479583 -0.21590389  0.95543568
  -1.00559342 -0.74219606 -0.29884478 -0.68421697  0.12552387  1.7649411 ]
 [ 0.          0.          0.          0.          0.          0.
   0.          0.          0.          0.          0.          0.
   0.          0.          0.          0.          0.          0.
   0.          0.          0.          0.          0.          0.
   0.          0.          0.          0.          0.          0.
   1.          0.          0.          0.          0.          0.
   0.          0.          0.          0.          0.          0.
   0.          0.          0.          0.          0.          0.
   0.          0.          0.          0.          0.          0.
   0.          0.          0.          0.          0.          0.
   0.          0.          0.          0.          0.          0.
   0.          0.          0.          0.         -0.40821358  0.50440634
  -0.16884239 -0.13041736  0.93864654 -0.08954045 -0.30706878 -0.63220076
   0.29265965  0.1687794  -0.65906699  0.58378842 -0.21590389 -0.55416592
  -0.10662878 -0.08626987 -0.18881865 -0.68421697 -0.51910857 -0.99499845]
 [ 0.          0.          0.          0.          0.          0.
   0.          0.          0.          0.          0.          0.
   0.          0.          0.          0.          0.          0.
   0.          0.          0.          0.          0.          0.
   0.          0.          0.          0.          0.          0.
   0.          0.          0.          0.          0.          0.
   0.          0.          0.          0.          0.          0.
   0.          0.          0.          0.          0.          0.
   0.          1.          0.          0.          0.          0.
   0.          0.          0.          0.          0.          0.
   0.          0.          0.          0.          0.          0.
   0.          0.          0.          0.         -1.51911359 -0.79513533
  -0.67439071 -0.1982837   0.0119274  -0.08954045 -0.30706878 -0.63220076
  -0.56558526 -0.39269772 -0.65906699 -1.98938125 -0.21590389  0.90977802
  -0.68915787 -0.30491193 -0.30013465  1.46152469 -1.80837345  1.41994866]
 [ 0.          0.          0.          0.          0.          0.
   0.          0.          0.          0.          0.          0.
   0.          0.          0.          0.          0.          0.
   0.          0.          0.          0.          0.          0.
   0.          0.          0.          0.          0.          0.
   0.          0.          0.          0.          0.          0.
   0.          0.          0.          0.          0.          0.
   0.          0.          0.          0.          0.          0.
   0.          0.          0.          0.          0.          0.
   0.          0.          0.          0.          0.          0.
   0.          0.          0.          0.          0.          0.
   0.          0.          1.          0.         -1.51911359 -1.44490617
  -1.22389974 -0.17293133 -0.91479173 -0.08954045 -0.30706878 -0.63220076
  -3.14032    -1.00299894 -0.65906699 -1.78623628 -0.21590389 -1.24555331
  -0.65319928 -0.20287897 -0.16082842  1.46152469 -0.84142479 -0.88000097]
 [ 0.          0.          0.          0.          0.          0.
   0.          0.          0.          0.          0.          0.
   0.          0.          0.          0.          0.          0.
   0.          1.          0.          0.          0.          0.
   0.          0.          0.          0.          0.          0.
   0.          0.          0.          0.          0.          0.
   0.          0.          0.          0.          0.          0.
   0.          0.          0.          0.          0.          0.
   0.          0.          0.          0.          0.          0.
   0.          0.          0.          0.          0.          0.
   0.          0.          0.          0.          0.          0.
   0.          0.          0.          0.         -0.40821358  0.50440634
   0.13888267 -0.12035442  0.93864654 -0.08954045 -0.30706878 -0.63220076
   0.29265965  0.51054808 -0.65906699  0.54993092 -0.21590389 -1.00421997
   0.08035587  0.30728585 -0.10294539 -0.68421697  0.44784009  1.30495117]
 [ 0.          0.          0.          0.          0.          0.
   0.          0.          0.          0.          0.          0.
   0.          0.          0.          0.          0.          0.
   0.          0.          0.          0.          0.          0.
   0.          0.          0.          0.          0.          0.
   0.          0.          0.          0.          0.          0.
   0.          0.          0.          0.          0.          0.
   0.          0.          0.          0.          0.          0.
   0.          0.          0.          0.          0.          0.
   0.          0.          0.          1.          0.          0.
   0.          0.          0.          0.          0.          0.
   0.          0.          0.          0.         -0.40821358 -0.1453645
  -0.31171474 -0.17683169 -0.91479173 -0.08954045 -0.30706878  0.90387382
  -0.56558526 -0.66123026  0.5827273  -0.22879148 -0.21590389  1.23010635
  -0.88333423 -0.7567722  -0.20339421  1.46152469 -1.16374101  0.03997888]
 [ 0.          0.          0.          0.          0.          0.
   0.          0.          0.          0.          0.          0.
   0.          0.          0.          0.          0.          0.
   0.          0.          0.          0.          0.          0.
   0.          0.          0.          0.          0.          0.
   0.          0.          0.          0.          0.          0.
   0.          0.          0.          0.          0.          0.
   0.          0.          0.          0.          0.          0.
   0.          0.          0.          0.          0.          0.
   0.          0.          0.          0.          0.          0.
   0.          0.          1.          0.          0.          0.
   0.          0.          0.          0.         -0.40821358 -0.47024991
  -0.60844962 -0.0699227  -0.91479173 -0.08954045 -0.30706878 -0.63220076
   0.29265965 -0.6856423   0.01827535  0.24521346 -0.21590389  1.40114138
  -0.59566554 -0.18830283  0.01265944 -0.68421697  0.12552387  0.03997888]] 
 
 
Val : (6915, 90) 
 

FINISHED ENCODING
~~~~~~~~~~~~~~~~~~~~~~~~~~~~~~~~~~~~~~~~~~~~~~~~~~~~~~~~~~~~~~~~~~~~~~~~~~~~~~~


~~~~~~~~~~~~~~~~~~~~~~~~~~~~~~~~~~~~~~~~~~~~~~~~~~~~~~~~~~~~~~~~~~~~~~~~~~~~~~~
Test numpy array issues
X dtype: float64
X Val dtype: float64
X dtype: float32
X Val dtype: float32
After Debugging -- Inner Fold 2
DEBUG Inner Fold 2: num_features: 90
DEBUG Inner Fold 2: num_classes: 1
DEBUG Inner Fold 2: cat_idx: [0, 1, 2, 3, 4, 5, 6, 7, 8, 9, 10, 11, 12, 13, 14, 15, 16, 17, 18, 19, 20, 21, 22, 23, 24, 25, 26, 27, 28, 29, 30, 31, 32, 33, 34, 35, 36, 37, 38, 39, 40, 41, 42, 43, 44, 45, 46, 47, 48, 49, 50, 51, 52, 53, 54, 55, 56, 57, 58, 59, 60, 61, 62, 63, 64, 65, 66, 67, 68, 69]
DEBUG Inner Fold 2: nominal_idx: [0, 1, 2, 3, 4, 5, 6, 7, 8, 9, 10, 11, 12, 13, 14, 15, 16, 17, 18, 19, 20, 21, 22, 23, 24, 25, 26, 27, 28, 29, 30, 31, 32, 33, 34, 35, 36, 37, 38, 39, 40, 41, 42, 43, 44, 45, 46, 47, 48, 49, 50, 51, 52, 53, 54, 55, 56, 57, 58, 59, 60, 61, 62, 63, 64, 65, 66, 67, 68, 69]
DEBUG Inner Fold 2: ordinal_idx: None
DEBUG Inner Fold 2: num_idx: [70, 71, 72, 73, 74, 75, 76, 77, 78, 79, 80, 81, 82, 83, 84, 85, 86, 87, 88, 89]
DEBUG Inner Fold 2: cat_dims: [3, 3, 3, 3, 3, 3, 3, 3, 3, 3, 3, 3, 3, 3, 3, 3, 3, 3, 3, 3, 3, 3, 3, 3, 3, 3, 3, 3, 3, 3, 3, 3, 3, 3, 3, 3, 3, 3, 3, 3, 3, 3, 3, 3, 3, 3, 3, 3, 3, 3, 3, 3, 3, 3, 3, 3, 3, 3, 3, 3, 3, 3, 3, 3, 3, 3, 3, 3, 3, 3]
DEBUG Inner Fold 2: bin_alt: None
In get_device
Using dim 8 and batch size 64
**** Data b4 Fitting ****
Epoch 0 loss 393040822272.0
Epoch 1 loss 379751333888.0
Epoch 2 loss 329571303424.0
Epoch 3 loss 221630152704.0
Epoch 4 loss 121446686720.0
Epoch 5 loss 110697496576.0
Epoch 6 loss 90006863872.0
Epoch 7 loss 55263838208.0
Epoch 8 loss 43208208384.0
Epoch 9 loss 33371490304.0
Epoch 10 loss 27475894272.0
Epoch 11 loss 40581668864.0
Epoch 12 loss 22241767424.0
Epoch 13 loss 22251438080.0
Epoch 14 loss 18073804800.0
Epoch 15 loss 15687314432.0
Epoch 16 loss 14771533824.0
Epoch 17 loss 13323249664.0
Epoch 18 loss 13704606720.0
Epoch 19 loss 21340520448.0
Epoch 20 loss 15922030592.0
Epoch 21 loss 16442828800.0
Epoch 22 loss 14699472896.0
Epoch 23 loss 27074551808.0
Epoch 24 loss 20382601216.0
Epoch 25 loss 16689906688.0
Epoch 26 loss 13728830464.0
Epoch 27 loss 13538935808.0
Epoch 28 loss 13816566784.0
Epoch 29 loss 13573901312.0
Epoch 30 loss 14492241920.0
Epoch 31 loss 13199839232.0
Epoch 32 loss 15821815808.0
Epoch 33 loss 14381043712.0
Epoch 34 loss 22046601216.0
Epoch 35 loss 14649661440.0
Epoch 36 loss 13325878272.0
Epoch 37 loss 15030708224.0
Epoch 38 loss 17414369280.0
Epoch 39 loss 18508478464.0
Epoch 40 loss 14596723712.0
Epoch 41 loss 13260917760.0
Epoch 42 loss 11934623744.0
Epoch 43 loss 12764404736.0
Epoch 44 loss 13347857408.0
Epoch 45 loss 11995068416.0
Epoch 46 loss 12764620800.0
Epoch 47 loss 13694896128.0
Epoch 48 loss 14684084224.0
Epoch 49 loss 12257712128.0
Epoch 50 loss 16338370560.0
Epoch 51 loss 12319581184.0
Epoch 52 loss 13533038592.0
Epoch 53 loss 13184020480.0
Epoch 54 loss 14488418304.0
Epoch 55 loss 11422108672.0
Epoch 56 loss 16450237440.0
Epoch 57 loss 12823021568.0
Epoch 58 loss 13882886144.0
Epoch 59 loss 13625633792.0
Epoch 60 loss 15652155392.0
Epoch 61 loss 13839759360.0
Epoch 62 loss 12648662016.0
Epoch 63 loss 14640336896.0
Epoch 64 loss 14185633792.0
Epoch 65 loss 14971058176.0
Epoch 66 loss 22261426176.0
Epoch 67 loss 14258108416.0
Epoch 68 loss 14845550592.0
Epoch 69 loss 11325947904.0
Epoch 70 loss 13635884032.0
Epoch 71 loss 13610761216.0
Epoch 72 loss 15244832768.0
Epoch 73 loss 12432788480.0
Epoch 74 loss 13436499968.0
Epoch 75 loss 13269118976.0
Epoch 76 loss 11985495040.0
Epoch 77 loss 12120118272.0
Epoch 78 loss 13001166848.0
Epoch 79 loss 11879560192.0
Epoch 80 loss 12730219520.0
Epoch 81 loss 12135536640.0
Epoch 82 loss 15789637632.0
Epoch 83 loss 13899480064.0
Epoch 84 loss 11786896384.0
Epoch 85 loss 12760264704.0
Epoch 86 loss 13941314560.0
Epoch 87 loss 12470663168.0
Epoch 88 loss 12980577280.0
Epoch 89 loss 12849924096.0
Epoch 90 loss 12756596736.0
Validation loss has not improved for 20 steps!
Early stopping applies.
Inner Fold 2 Results: {'MSE - mean': 17556922230.222126, 'MSE - std': 5637395230.464637, 'R2 - mean': 0.8826333728186095, 'R2 - std': 0.011798503077311286}
  outer_1_inner Fold 3/5
Before Debugging -- Inner Fold 3
DEBUG Inner Fold 3: num_features: 21
DEBUG Inner Fold 3: num_classes: 1
DEBUG Inner Fold 3: cat_idx: [0]
DEBUG Inner Fold 3: nominal_idx: [13]
DEBUG Inner Fold 3: ordinal_idx: None
DEBUG Inner Fold 3: num_idx: None
DEBUG Inner Fold 3: cat_dims: [2]
DEBUG Inner Fold 3: bin_alt: None
~~~~~~~~~~~~~~~~~~~~~~~~~~~~~~~~~~~~~~~~~~~~~~~~~~~~~~~~~~~~~~~~~~~~~~~~~~~~~~~
BEFORE ANY ENCODING
num_features :21
num_classes : 1
cat_idx : [0]
nominal_idx : [13]
ordinal_idx : None
num_idx : None
cat_dims : [2]
bin_alt : None 


X_train shape : (6915, 21)
~~~~~~~~~~~~~~~~~~~~~~~~~~~~~~~~~~~~~~~~~~~~~~~~~~~~~~~~~~~~~~~~~~~~~~~~~~~~~~~
~~~~~~~~~~~~~~~~~~~~~~~~~~~~~~~~~~~~~~~~~~~~~~~~~~~~~~~~~~~~~~~~~~~~~~~~~~~~~~~
AFTER getting cat idx
Nominal Index : [13]
Ordinal Index : None
Cat Idx : [0]
Cat dims : [2]
~~~~~~~~~~~~~~~~~~~~~~~~~~~~~~~~~~~~~~~~~~~~~~~~~~~~~~~~~~~~~~~~~~~~~~~~~~~~~~~
BEFORE getting cat idx
Nominal Index : [13]
Ordinal Index : None
Cat Idx : [13]
Cat dims : []
~~~~~~~~~~~~~~~~~~~~~~~~~~~~~~~~~~~~~~~~~~~~~~~~~~~~~~~~~~~~~~~~~~~~~~~~~~~~~~~ 


AFTER SEPARATING CATEGORICALS AND NUMERICALS
Ordinal Index : None
Numerical Index V1 : [0, 1, 2, 3, 4, 5, 6, 7, 8, 9, 10, 11, 12, 14, 15, 16, 17, 18, 19, 20]
Cat Idx V1 : [13] 
Cat Dims V1 : []
 

~~~~~~~~~~~~~~~~~~~~~~~~~~~~~~~~~~~~~~~~~~~~~~~~~~~~~~~~~~~~~~~~~~~~~~~~~~~~~~~ 


Scaling the data...
One Hot Encoding...
Ord : None, Nom : [13], Num : [0, 1, 2, 3, 4, 5, 6, 7, 8, 9, 10, 11, 12, 14, 15, 16, 17, 18, 19, 20]
Num idx: [70, 71, 72, 73, 74, 75, 76, 77, 78, 79, 80, 81, 82, 83, 84, 85, 86, 87, 88, 89]
Ord : None, Nom : [0, 1, 2, 3, 4, 5, 6, 7, 8, 9, 10, 11, 12, 13, 14, 15, 16, 17, 18, 19, 20, 21, 22, 23, 24, 25, 26, 27, 28, 29, 30, 31, 32, 33, 34, 35, 36, 37, 38, 39, 40, 41, 42, 43, 44, 45, 46, 47, 48, 49, 50, 51, 52, 53, 54, 55, 56, 57, 58, 59, 60, 61, 62, 63, 64, 65, 66, 67, 68, 69], Num : [70, 71, 72, 73, 74, 75, 76, 77, 78, 79, 80, 81, 82, 83, 84, 85, 86, 87, 88, 89]
Nominal : (70, 70)
~~~~~~~~~~~~~~~~~~~~~~~~~~~~~~~~~~~~~~~~~~~~~~~~~~~~~~~~~~~~~~~~~~~~~~~~~~~~~~~
After OHE
Numerical Index V2 : [70, 71, 72, 73, 74, 75, 76, 77, 78, 79, 80, 81, 82, 83, 84, 85, 86, 87, 88, 89] 


OHE Idx : [0, 1, 2, 3, 4, 5, 6, 7, 8, 9, 10, 11, 12, 13, 14, 15, 16, 17, 18, 19, 20, 21, 22, 23, 24, 25, 26, 27, 28, 29, 30, 31, 32, 33, 34, 35, 36, 37, 38, 39, 40, 41, 42, 43, 44, 45, 46, 47, 48, 49, 50, 51, 52, 53, 54, 55, 56, 57, 58, 59, 60, 61, 62, 63, 64, 65, 66, 67, 68, 69]


Ordinal Idx V2: None


Cat Dims V2 : []
Cat Idx V2 : [13] 
 

Train: [[0. 0. 0. 0. 0.]
 [0. 0. 0. 0. 0.]
 [0. 0. 0. 0. 0.]
 [0. 0. 0. 0. 0.]
 [0. 0. 0. 0. 0.]
 [0. 0. 0. 0. 0.]
 [0. 0. 0. 0. 0.]
 [0. 0. 0. 0. 0.]
 [0. 0. 0. 0. 0.]
 [0. 0. 0. 0. 0.]] 
 
 
Val : (6915, 90) 
 

~~~~~~~~~~~~~~~~~~~~~~~~~~~~~~~~~~~~~~~~~~~~~~~~~~~~~~~~~~~~~~~~~~~~~~~~~~~~~~~
Cat Idx V3 : [0, 1, 2, 3, 4, 5, 6, 7, 8, 9, 10, 11, 12, 13, 14, 15, 16, 17, 18, 19, 20, 21, 22, 23, 24, 25, 26, 27, 28, 29, 30, 31, 32, 33, 34, 35, 36, 37, 38, 39, 40, 41, 42, 43, 44, 45, 46, 47, 48, 49, 50, 51, 52, 53, 54, 55, 56, 57, 58, 59, 60, 61, 62, 63, 64, 65, 66, 67, 68, 69] 
 

~~~~~~~~~~~~~~~~~~~~~~~~~~~~~~~~~~~~~~~~~~~~~~~~~~~~~~~~~~~~~~~~~~~~~~~~~~~~~~~
After ORDINAL
Numerical Index V2 : [70, 71, 72, 73, 74, 75, 76, 77, 78, 79, 80, 81, 82, 83, 84, 85, 86, 87, 88, 89] 


OHE Idx : [0, 1, 2, 3, 4, 5, 6, 7, 8, 9, 10, 11, 12, 13, 14, 15, 16, 17, 18, 19, 20, 21, 22, 23, 24, 25, 26, 27, 28, 29, 30, 31, 32, 33, 34, 35, 36, 37, 38, 39, 40, 41, 42, 43, 44, 45, 46, 47, 48, 49, 50, 51, 52, 53, 54, 55, 56, 57, 58, 59, 60, 61, 62, 63, 64, 65, 66, 67, 68, 69]


Ordinal Idx V2: None


Cat Dims V2 : [3, 3, 3, 3, 3, 3, 3, 3, 3, 3, 3, 3, 3, 3, 3, 3, 3, 3, 3, 3, 3, 3, 3, 3, 3, 3, 3, 3, 3, 3, 3, 3, 3, 3, 3, 3, 3, 3, 3, 3, 3, 3, 3, 3, 3, 3, 3, 3, 3, 3, 3, 3, 3, 3, 3, 3, 3, 3, 3, 3, 3, 3, 3, 3, 3, 3, 3, 3, 3, 3]
Cat Idx V2 : [0, 1, 2, 3, 4, 5, 6, 7, 8, 9, 10, 11, 12, 13, 14, 15, 16, 17, 18, 19, 20, 21, 22, 23, 24, 25, 26, 27, 28, 29, 30, 31, 32, 33, 34, 35, 36, 37, 38, 39, 40, 41, 42, 43, 44, 45, 46, 47, 48, 49, 50, 51, 52, 53, 54, 55, 56, 57, 58, 59, 60, 61, 62, 63, 64, 65, 66, 67, 68, 69] 
 

Train: [[ 0.          0.          0.          0.          0.          0.
   0.          0.          0.          0.          0.          0.
   1.          0.          0.          0.          0.          0.
   0.          0.          0.          0.          0.          0.
   0.          0.          0.          0.          0.          0.
   0.          0.          0.          0.          0.          0.
   0.          0.          0.          0.          0.          0.
   0.          0.          0.          0.          0.          0.
   0.          0.          0.          0.          0.          0.
   0.          0.          0.          0.          0.          0.
   0.          0.          0.          0.          0.          0.
   0.          0.          0.          0.          0.71265865  0.50501171
  -0.17115964 -0.14223545  0.9389536  -0.09197016  2.26171812  0.87852235
  -0.5605881   0.16667933 -0.66809677  0.78893857 -0.21516918 -2.6013072
   1.47394899 -0.24568305 -0.14344086 -0.67898334  0.11384153 -0.87949948]
 [ 0.          0.          0.          0.          0.          0.
   0.          0.          0.          0.          0.          0.
   0.          0.          0.          0.          0.          0.
   0.          0.          0.          0.          0.          0.
   0.          0.          0.          0.          0.          0.
   0.          0.          0.          0.          0.          0.
   0.          0.          0.          0.          0.          0.
   0.          0.          0.          0.          0.          0.
   0.          0.          0.          0.          0.          0.
   0.          1.          0.          0.          0.          0.
   0.          0.          0.          0.          0.          0.
   0.          0.          0.          0.         -1.51974659 -1.44355483
  -1.27030849 -0.16170232 -0.91244764 -0.09197016 -0.30807826 -0.63605807
  -1.41821348 -1.05570135 -0.66809677 -1.176132   -0.21516918  1.27217246
  -0.64578611 -0.99399683 -0.21088281 -0.67898334  0.43384731  1.1918199 ]
 [ 0.          0.          0.          0.          0.          0.
   0.          0.          0.          0.          0.          0.
   0.          0.          0.          0.          0.          0.
   0.          0.          0.          0.          0.          0.
   0.          0.          0.          0.          0.          0.
   0.          0.          0.          0.          0.          0.
   0.          0.          0.          0.          0.          0.
   1.          0.          0.          0.          0.          0.
   0.          0.          0.          0.          0.          0.
   0.          0.          0.          0.          0.          0.
   0.          0.          0.          0.          0.          0.
   0.          0.          0.          0.          0.71265865  2.12881717
  -0.10586367 -0.23425501  0.9389536  -0.09197016 -0.30807826 -0.63605807
   1.15466266  0.23929601 -0.66809677  1.29714648 -0.21516918  0.9630114
  -1.00978103 -0.7445589  -0.30457463 -0.67898334  0.11384153  1.76718639]
 [ 0.          0.          0.          0.          0.          0.
   0.          0.          0.          0.          0.          0.
   0.          0.          0.          0.          0.          0.
   0.          0.          0.          0.          0.          0.
   0.          0.          0.          0.          0.          0.
   1.          0.          0.          0.          0.          0.
   0.          0.          0.          0.          0.          0.
   0.          0.          0.          0.          0.          0.
   0.          0.          0.          0.          0.          0.
   0.          0.          0.          0.          0.          0.
   0.          0.          0.          0.          0.          0.
   0.          0.          0.          0.         -0.40354397  0.50501171
  -0.17115964 -0.12950474  0.9389536  -0.09197016 -0.30807826 -0.63605807
   0.29703728  0.16667933 -0.66809677  0.58565541 -0.21516918 -0.53114751
  -0.11763663 -0.08428203 -0.18974831 -0.67898334 -0.52617002 -0.99457278]
 [ 0.          0.          0.          0.          0.          0.
   0.          0.          0.          0.          0.          0.
   0.          0.          0.          0.          0.          0.
   0.          0.          0.          0.          0.          0.
   0.          0.          0.          0.          0.          0.
   0.          0.          0.          0.          0.          0.
   0.          0.          0.          0.          0.          0.
   0.          0.          0.          0.          0.          0.
   0.          1.          0.          0.          0.          0.
   0.          0.          0.          0.          0.          0.
   0.          0.          0.          0.          0.          0.
   0.          0.          0.          0.         -1.51974659 -0.79403265
  -0.67176209 -0.20119224  0.01325298 -0.09197016 -0.30807826 -0.63605807
  -0.5605881  -0.3900485  -0.66809677 -1.98926465 -0.21516918  0.9178208
  -0.6957462  -0.30437432 -0.30592078  1.47279018 -1.80619312  1.42196649]
 [ 0.          0.          0.          0.          0.          0.
   0.          0.          0.          0.          0.          0.
   0.          0.          0.          0.          0.          0.
   0.          0.          0.          0.          0.          0.
   0.          0.          0.          0.          0.          0.
   0.          0.          0.          0.          0.          0.
   0.          0.          0.          0.          0.          0.
   0.          0.          0.          0.          0.          0.
   0.          0.          0.          0.          0.          0.
   0.          0.          0.          0.          0.          0.
   0.          0.          0.          0.          0.          0.
   0.          0.          1.          0.         -1.51974659 -1.44355483
  -1.21589519 -0.17441243 -0.91244764 -0.09197016 -0.30807826 -0.63605807
  -3.13346425 -0.99518745 -0.66809677 -1.78598149 -0.21516918 -1.21546226
  -0.66006042 -0.20166459 -0.16053692  1.47279018 -0.84617579 -0.87949948]
 [ 0.          0.          0.          0.          0.          0.
   0.          0.          0.          0.          0.          0.
   0.          0.          0.          0.          0.          0.
   0.          1.          0.          0.          0.          0.
   0.          0.          0.          0.          0.          0.
   0.          0.          0.          0.          0.          0.
   0.          0.          0.          0.          0.          0.
   0.          0.          0.          0.          0.          0.
   0.          0.          0.          0.          0.          0.
   0.          0.          0.          0.          0.          0.
   0.          0.          0.          0.          0.          0.
   0.          0.          0.          0.         -0.40354397  0.50501171
   0.13355489 -0.11887522  0.9389536  -0.09197016 -0.30807826 -0.63605807
   0.29703728  0.50555715 -0.66809677  0.55177488 -0.21516918 -0.97659768
   0.06792941  0.31188409 -0.10012858 -0.67898334  0.43384731  1.3068932 ]
 [ 0.          0.          0.          0.          0.          0.
   0.          0.          0.          0.          0.          0.
   0.          0.          0.          0.          0.          0.
   0.          0.          0.          0.          0.          0.
   0.          0.          0.          0.          0.          0.
   0.          0.          0.          0.          0.          0.
   0.          0.          0.          0.          0.          0.
   0.          0.          0.          0.          0.          0.
   0.          0.          0.          0.          0.          0.
   0.          0.          0.          0.          0.          0.
   0.          0.          1.          0.          0.          0.
   0.          0.          0.          0.         -0.40354397 -0.46927156
  -0.60646612 -0.06560399 -0.91244764 -0.09197016 -0.30807826 -0.63605807
   0.29703728 -0.6805152   0.01133     0.24685014 -0.21516918  1.4041577
  -0.60296318 -0.18699177  0.02051983 -0.67898334  0.11384153  0.04108691]
 [ 0.          0.          0.          0.          0.          0.
   0.          0.          0.          0.          0.          0.
   0.          0.          0.          0.          0.          0.
   0.          0.          0.          0.          0.          0.
   0.          1.          0.          0.          0.          0.
   0.          0.          0.          0.          0.          0.
   0.          0.          0.          0.          0.          0.
   0.          0.          0.          0.          0.          0.
   0.          0.          0.          0.          0.          0.
   0.          0.          0.          0.          0.          0.
   0.          0.          0.          0.          0.          0.
   0.          0.          0.          0.         -0.40354397 -0.46927156
  -0.58470079 -0.09613298 -0.91244764 -0.09197016 -0.30807826  2.39310278
  -1.41821348 -1.22514026  1.07576529 -0.8034462  -0.21516918  0.14671143
  -0.05340223  0.04777334 -0.07034508 -0.67898334 -0.20616424  0.04108691]
 [ 0.          0.          0.          0.          0.          0.
   0.          0.          0.          0.          0.          0.
   0.          0.          0.          0.          0.          0.
   0.          0.          0.          0.          0.          0.
   0.          0.          0.          0.          0.          0.
   0.          0.          0.          0.          0.          0.
   0.          0.          0.          0.          0.          0.
   0.          0.          0.          0.          0.          0.
   0.          0.          0.          1.          0.          0.
   0.          0.          0.          0.          0.          0.
   0.          0.          0.          0.          0.          0.
   0.          0.          0.          0.          0.71265865  1.47929499
   1.09122914 -0.23374001  0.9389536  -0.09197016 -0.30807826 -0.63605807
   1.15466266  0.72340717  0.91723237  1.46654912 -0.21516918  0.92284198
  -1.03119249 -0.84726864 -0.29515161  1.47279018 -0.84617579 -1.45486598]] 
 
 
Val : (6915, 90) 
 

FINISHED ENCODING
~~~~~~~~~~~~~~~~~~~~~~~~~~~~~~~~~~~~~~~~~~~~~~~~~~~~~~~~~~~~~~~~~~~~~~~~~~~~~~~


~~~~~~~~~~~~~~~~~~~~~~~~~~~~~~~~~~~~~~~~~~~~~~~~~~~~~~~~~~~~~~~~~~~~~~~~~~~~~~~
Test numpy array issues
X dtype: float64
X Val dtype: float64
X dtype: float32
X Val dtype: float32
After Debugging -- Inner Fold 3
DEBUG Inner Fold 3: num_features: 90
DEBUG Inner Fold 3: num_classes: 1
DEBUG Inner Fold 3: cat_idx: [0, 1, 2, 3, 4, 5, 6, 7, 8, 9, 10, 11, 12, 13, 14, 15, 16, 17, 18, 19, 20, 21, 22, 23, 24, 25, 26, 27, 28, 29, 30, 31, 32, 33, 34, 35, 36, 37, 38, 39, 40, 41, 42, 43, 44, 45, 46, 47, 48, 49, 50, 51, 52, 53, 54, 55, 56, 57, 58, 59, 60, 61, 62, 63, 64, 65, 66, 67, 68, 69]
DEBUG Inner Fold 3: nominal_idx: [0, 1, 2, 3, 4, 5, 6, 7, 8, 9, 10, 11, 12, 13, 14, 15, 16, 17, 18, 19, 20, 21, 22, 23, 24, 25, 26, 27, 28, 29, 30, 31, 32, 33, 34, 35, 36, 37, 38, 39, 40, 41, 42, 43, 44, 45, 46, 47, 48, 49, 50, 51, 52, 53, 54, 55, 56, 57, 58, 59, 60, 61, 62, 63, 64, 65, 66, 67, 68, 69]
DEBUG Inner Fold 3: ordinal_idx: None
DEBUG Inner Fold 3: num_idx: [70, 71, 72, 73, 74, 75, 76, 77, 78, 79, 80, 81, 82, 83, 84, 85, 86, 87, 88, 89]
DEBUG Inner Fold 3: cat_dims: [3, 3, 3, 3, 3, 3, 3, 3, 3, 3, 3, 3, 3, 3, 3, 3, 3, 3, 3, 3, 3, 3, 3, 3, 3, 3, 3, 3, 3, 3, 3, 3, 3, 3, 3, 3, 3, 3, 3, 3, 3, 3, 3, 3, 3, 3, 3, 3, 3, 3, 3, 3, 3, 3, 3, 3, 3, 3, 3, 3, 3, 3, 3, 3, 3, 3, 3, 3, 3, 3]
DEBUG Inner Fold 3: bin_alt: None
In get_device
Using dim 8 and batch size 64
**** Data b4 Fitting ****
Epoch 0 loss 392520466432.0
Epoch 1 loss 387294724096.0
Epoch 2 loss 345875021824.0
Epoch 3 loss 235236655104.0
Epoch 4 loss 125389193216.0
Epoch 5 loss 107867037696.0
Epoch 6 loss 89956581376.0
Epoch 7 loss 65311854592.0
Epoch 8 loss 47201267712.0
Epoch 9 loss 36262633472.0
Epoch 10 loss 30214524928.0
Epoch 11 loss 26350139392.0
Epoch 12 loss 21783607296.0
Epoch 13 loss 18882379776.0
Epoch 14 loss 17887686656.0
Epoch 15 loss 20534915072.0
Epoch 16 loss 14710165504.0
Epoch 17 loss 13392915456.0
Epoch 18 loss 16598258688.0
Epoch 19 loss 20544004096.0
Epoch 20 loss 16098149376.0
Epoch 21 loss 14737833984.0
Epoch 22 loss 13106174976.0
Epoch 23 loss 13938444288.0
Epoch 24 loss 11753805824.0
Epoch 25 loss 13517693952.0
Epoch 26 loss 14828833792.0
Epoch 27 loss 16917299200.0
Epoch 28 loss 18519277568.0
Epoch 29 loss 15573610496.0
Epoch 30 loss 12287777792.0
Epoch 31 loss 15318739968.0
Epoch 32 loss 18741121024.0
Epoch 33 loss 11276382208.0
Epoch 34 loss 72561033216.0
Epoch 35 loss 12471621632.0
Epoch 36 loss 14562791424.0
Epoch 37 loss 11568744448.0
Epoch 38 loss 11684578304.0
Epoch 39 loss 13849873408.0
Epoch 40 loss 12219183104.0
Epoch 41 loss 10949451776.0
Epoch 42 loss 10498659328.0
Epoch 43 loss 11277540352.0
Epoch 44 loss 13269038080.0
Epoch 45 loss 12970383360.0
Epoch 46 loss 10888380416.0
Epoch 47 loss 11754634240.0
Epoch 48 loss 15606458368.0
Epoch 49 loss 15300319232.0
Epoch 50 loss 18990411776.0
Epoch 51 loss 11415502848.0
Epoch 52 loss 11657679872.0
Epoch 53 loss 11313892352.0
Epoch 54 loss 11289104384.0
Epoch 55 loss 10845731840.0
Epoch 56 loss 10507476992.0
Epoch 57 loss 11317619712.0
Epoch 58 loss 12079936512.0
Epoch 59 loss 12068553728.0
Epoch 60 loss 9911922688.0
Epoch 61 loss 10928089088.0
Epoch 62 loss 11925133312.0
Epoch 63 loss 10286750720.0
Epoch 64 loss 20025186304.0
Epoch 65 loss 11390579712.0
Epoch 66 loss 10419953664.0
Epoch 67 loss 11443584000.0
Epoch 68 loss 12684759040.0
Epoch 69 loss 11292128256.0
Epoch 70 loss 12023306240.0
Epoch 71 loss 13179459584.0
Epoch 72 loss 14301297664.0
Epoch 73 loss 10430682112.0
Epoch 74 loss 11883083776.0
Epoch 75 loss 12056801280.0
Epoch 76 loss 12088043520.0
Epoch 77 loss 11103284224.0
Epoch 78 loss 14152121344.0
Epoch 79 loss 11408690176.0
Epoch 80 loss 12667056128.0
Epoch 81 loss 11057813504.0
Validation loss has not improved for 20 steps!
Early stopping applies.
Inner Fold 3 Results: {'MSE - mean': 15176569071.24217, 'MSE - std': 5702541449.147214, 'R2 - mean': 0.8904094772927111, 'R2 - std': 0.014619805681375024}
  outer_1_inner Fold 4/5
Before Debugging -- Inner Fold 4
DEBUG Inner Fold 4: num_features: 21
DEBUG Inner Fold 4: num_classes: 1
DEBUG Inner Fold 4: cat_idx: [0]
DEBUG Inner Fold 4: nominal_idx: [13]
DEBUG Inner Fold 4: ordinal_idx: None
DEBUG Inner Fold 4: num_idx: None
DEBUG Inner Fold 4: cat_dims: [2]
DEBUG Inner Fold 4: bin_alt: None
~~~~~~~~~~~~~~~~~~~~~~~~~~~~~~~~~~~~~~~~~~~~~~~~~~~~~~~~~~~~~~~~~~~~~~~~~~~~~~~
BEFORE ANY ENCODING
num_features :21
num_classes : 1
cat_idx : [0]
nominal_idx : [13]
ordinal_idx : None
num_idx : None
cat_dims : [2]
bin_alt : None 


X_train shape : (6915, 21)
~~~~~~~~~~~~~~~~~~~~~~~~~~~~~~~~~~~~~~~~~~~~~~~~~~~~~~~~~~~~~~~~~~~~~~~~~~~~~~~
~~~~~~~~~~~~~~~~~~~~~~~~~~~~~~~~~~~~~~~~~~~~~~~~~~~~~~~~~~~~~~~~~~~~~~~~~~~~~~~
AFTER getting cat idx
Nominal Index : [13]
Ordinal Index : None
Cat Idx : [0]
Cat dims : [2]
~~~~~~~~~~~~~~~~~~~~~~~~~~~~~~~~~~~~~~~~~~~~~~~~~~~~~~~~~~~~~~~~~~~~~~~~~~~~~~~
BEFORE getting cat idx
Nominal Index : [13]
Ordinal Index : None
Cat Idx : [13]
Cat dims : []
~~~~~~~~~~~~~~~~~~~~~~~~~~~~~~~~~~~~~~~~~~~~~~~~~~~~~~~~~~~~~~~~~~~~~~~~~~~~~~~ 


AFTER SEPARATING CATEGORICALS AND NUMERICALS
Ordinal Index : None
Numerical Index V1 : [0, 1, 2, 3, 4, 5, 6, 7, 8, 9, 10, 11, 12, 14, 15, 16, 17, 18, 19, 20]
Cat Idx V1 : [13] 
Cat Dims V1 : []
 

~~~~~~~~~~~~~~~~~~~~~~~~~~~~~~~~~~~~~~~~~~~~~~~~~~~~~~~~~~~~~~~~~~~~~~~~~~~~~~~ 


Scaling the data...
One Hot Encoding...
Ord : None, Nom : [13], Num : [0, 1, 2, 3, 4, 5, 6, 7, 8, 9, 10, 11, 12, 14, 15, 16, 17, 18, 19, 20]
Num idx: [70, 71, 72, 73, 74, 75, 76, 77, 78, 79, 80, 81, 82, 83, 84, 85, 86, 87, 88, 89]
Ord : None, Nom : [0, 1, 2, 3, 4, 5, 6, 7, 8, 9, 10, 11, 12, 13, 14, 15, 16, 17, 18, 19, 20, 21, 22, 23, 24, 25, 26, 27, 28, 29, 30, 31, 32, 33, 34, 35, 36, 37, 38, 39, 40, 41, 42, 43, 44, 45, 46, 47, 48, 49, 50, 51, 52, 53, 54, 55, 56, 57, 58, 59, 60, 61, 62, 63, 64, 65, 66, 67, 68, 69], Num : [70, 71, 72, 73, 74, 75, 76, 77, 78, 79, 80, 81, 82, 83, 84, 85, 86, 87, 88, 89]
Nominal : (70, 70)
~~~~~~~~~~~~~~~~~~~~~~~~~~~~~~~~~~~~~~~~~~~~~~~~~~~~~~~~~~~~~~~~~~~~~~~~~~~~~~~
After OHE
Numerical Index V2 : [70, 71, 72, 73, 74, 75, 76, 77, 78, 79, 80, 81, 82, 83, 84, 85, 86, 87, 88, 89] 


OHE Idx : [0, 1, 2, 3, 4, 5, 6, 7, 8, 9, 10, 11, 12, 13, 14, 15, 16, 17, 18, 19, 20, 21, 22, 23, 24, 25, 26, 27, 28, 29, 30, 31, 32, 33, 34, 35, 36, 37, 38, 39, 40, 41, 42, 43, 44, 45, 46, 47, 48, 49, 50, 51, 52, 53, 54, 55, 56, 57, 58, 59, 60, 61, 62, 63, 64, 65, 66, 67, 68, 69]


Ordinal Idx V2: None


Cat Dims V2 : []
Cat Idx V2 : [13] 
 

Train: [[0. 0. 0. 0. 0.]
 [0. 0. 0. 0. 0.]
 [0. 0. 0. 0. 0.]
 [0. 0. 0. 0. 0.]
 [0. 0. 0. 0. 0.]
 [0. 0. 0. 0. 0.]
 [0. 0. 0. 0. 0.]
 [0. 0. 0. 0. 0.]
 [0. 0. 0. 0. 0.]
 [0. 0. 0. 0. 0.]] 
 
 
Val : (6915, 90) 
 

~~~~~~~~~~~~~~~~~~~~~~~~~~~~~~~~~~~~~~~~~~~~~~~~~~~~~~~~~~~~~~~~~~~~~~~~~~~~~~~
Cat Idx V3 : [0, 1, 2, 3, 4, 5, 6, 7, 8, 9, 10, 11, 12, 13, 14, 15, 16, 17, 18, 19, 20, 21, 22, 23, 24, 25, 26, 27, 28, 29, 30, 31, 32, 33, 34, 35, 36, 37, 38, 39, 40, 41, 42, 43, 44, 45, 46, 47, 48, 49, 50, 51, 52, 53, 54, 55, 56, 57, 58, 59, 60, 61, 62, 63, 64, 65, 66, 67, 68, 69] 
 

~~~~~~~~~~~~~~~~~~~~~~~~~~~~~~~~~~~~~~~~~~~~~~~~~~~~~~~~~~~~~~~~~~~~~~~~~~~~~~~
After ORDINAL
Numerical Index V2 : [70, 71, 72, 73, 74, 75, 76, 77, 78, 79, 80, 81, 82, 83, 84, 85, 86, 87, 88, 89] 


OHE Idx : [0, 1, 2, 3, 4, 5, 6, 7, 8, 9, 10, 11, 12, 13, 14, 15, 16, 17, 18, 19, 20, 21, 22, 23, 24, 25, 26, 27, 28, 29, 30, 31, 32, 33, 34, 35, 36, 37, 38, 39, 40, 41, 42, 43, 44, 45, 46, 47, 48, 49, 50, 51, 52, 53, 54, 55, 56, 57, 58, 59, 60, 61, 62, 63, 64, 65, 66, 67, 68, 69]


Ordinal Idx V2: None


Cat Dims V2 : [3, 3, 3, 3, 3, 3, 3, 3, 3, 3, 3, 3, 3, 3, 3, 3, 3, 3, 3, 3, 3, 3, 3, 3, 3, 3, 3, 3, 3, 3, 3, 3, 3, 3, 3, 3, 3, 3, 3, 3, 3, 3, 3, 3, 3, 3, 3, 3, 3, 3, 3, 3, 3, 3, 3, 3, 3, 3, 3, 3, 3, 3, 3, 3, 3, 3, 3, 3, 3, 3]
Cat Idx V2 : [0, 1, 2, 3, 4, 5, 6, 7, 8, 9, 10, 11, 12, 13, 14, 15, 16, 17, 18, 19, 20, 21, 22, 23, 24, 25, 26, 27, 28, 29, 30, 31, 32, 33, 34, 35, 36, 37, 38, 39, 40, 41, 42, 43, 44, 45, 46, 47, 48, 49, 50, 51, 52, 53, 54, 55, 56, 57, 58, 59, 60, 61, 62, 63, 64, 65, 66, 67, 68, 69] 
 

Train: [[ 0.          0.          0.          0.          0.          0.
   0.          0.          0.          0.          0.          0.
   0.          0.          0.          0.          0.          0.
   0.          0.          0.          0.          0.          0.
   0.          0.          0.          0.          0.          0.
   0.          0.          0.          0.          0.          0.
   0.          0.          0.          0.          0.          0.
   0.          0.          0.          0.          0.          0.
   0.          0.          0.          0.          0.          0.
   0.          0.          0.          0.          0.          0.
   0.          0.          0.          0.          0.          0.
   0.          1.          0.          0.         -0.40430187 -1.45207554
  -1.11217052 -0.12383804 -0.90311408 -0.09355605 -0.30675814  0.90549024
  -0.57737419 -0.88266615 -0.66325943 -0.47733795 -0.21773186 -0.8352765
  -0.49416603 -1.26261706 -0.07177346  1.44038185 -1.14889738  0.84441046]
 [ 0.          0.          0.          0.          0.          0.
   0.          0.          0.          0.          0.          0.
   0.          0.          0.          0.          0.          0.
   0.          0.          0.          0.          0.          0.
   0.          0.          0.          0.          0.          0.
   0.          0.          0.          0.          0.          0.
   0.          0.          0.          0.          0.          0.
   0.          0.          0.          0.          0.          0.
   0.          1.          0.          0.          0.          0.
   0.          0.          0.          0.          0.          0.
   0.          0.          0.          0.          0.          0.
   0.          0.          0.          0.         -1.51504778 -0.47239208
  -0.75173789 -0.19829404 -0.90311408 -0.09355605 -0.30675814 -0.6318201
  -1.44853773 -1.29580785  0.85930649 -1.02262484 -0.21773186  0.95298014
  -0.67338259 -1.5718445  -0.23323335  1.44038185 -0.50511266  0.95972562]
 [ 0.          0.          0.          0.          0.          0.
   0.          0.          0.          0.          0.          0.
   1.          0.          0.          0.          0.          0.
   0.          0.          0.          0.          0.          0.
   0.          0.          0.          0.          0.          0.
   0.          0.          0.          0.          0.          0.
   0.          0.          0.          0.          0.          0.
   0.          0.          0.          0.          0.          0.
   0.          0.          0.          0.          0.          0.
   0.          0.          0.          0.          0.          0.
   0.          0.          0.          0.          0.          0.
   0.          0.          0.          0.          0.70644403  0.50729138
  -0.17286124 -0.15651742  0.92773724 -0.09355605  2.26911619  0.90549024
  -0.57737419  0.16233933 -0.66325943  0.78363798 -0.21773186 -2.63939671
   1.47721619 -0.24658405 -0.15337376 -0.69426035  0.13867207 -0.88531691]
 [ 0.          0.          0.          0.          0.          0.
   0.          0.          0.          0.          0.          0.
   0.          0.          0.          0.          0.          0.
   0.          0.          0.          0.          0.          0.
   0.          0.          0.          0.          0.          0.
   0.          0.          0.          0.          0.          0.
   0.          0.          0.          0.          0.          0.
   0.          0.          0.          0.          0.          0.
   0.          0.          0.          0.          0.          0.
   0.          1.          0.          0.          0.          0.
   0.          0.          0.          0.          0.          0.
   0.          0.          0.          0.         -1.51504778 -1.45207554
  -1.27600353 -0.17738365 -0.90311408 -0.09355605 -0.30675814 -0.6318201
  -1.44853773 -1.06493455 -0.66325943 -1.19302699 -0.21773186  1.25438792
  -0.65187661 -0.99756497 -0.22456532 -0.69426035  0.46056443  1.19035594]
 [ 0.          0.          0.          0.          0.          0.
   0.          0.          0.          0.          0.          0.
   0.          0.          0.          0.          0.          0.
   0.          0.          0.          0.          0.          0.
   0.          0.          0.          0.          0.          0.
   0.          0.          0.          0.          0.          0.
   0.          0.          0.          0.          0.          0.
   0.          0.          0.          0.          0.          0.
   0.          1.          0.          0.          0.          0.
   0.          0.          0.          0.          0.          0.
   0.          0.          0.          0.          0.          0.
   0.          0.          0.          0.         -1.51504778 -0.79895323
  -0.67528248 -0.21971228  0.01231158 -0.09355605 -0.30675814 -0.6318201
  -0.57737419 -0.39661709 -0.66325943 -2.01095732 -0.21773186  0.89817873
  -0.70205724 -0.30548451 -0.32488716  1.44038185 -1.79268211  1.42098625]
 [ 0.          0.          0.          0.          0.          0.
   0.          0.          0.          0.          0.          0.
   0.          0.          0.          0.          0.          0.
   0.          1.          0.          0.          0.          0.
   0.          0.          0.          0.          0.          0.
   0.          0.          0.          0.          0.          0.
   0.          0.          0.          0.          0.          0.
   0.          0.          0.          0.          0.          0.
   0.          0.          0.          0.          0.          0.
   0.          0.          0.          0.          0.          0.
   0.          0.          0.          0.          0.          0.
   0.          0.          0.          0.         -0.40430187  0.50729138
   0.13296038 -0.13147795  0.92773724 -0.09355605 -0.30675814 -0.6318201
   0.29378935  0.50257368 -0.66325943  0.54507496 -0.21773186 -1.00617038
   0.06498965  0.31297037 -0.10765344 -0.69426035  0.46056443  1.3056711 ]
 [ 0.          0.          0.          0.          0.          0.
   0.          0.          0.          0.          0.          0.
   0.          0.          0.          0.          0.          0.
   0.          0.          0.          0.          0.          0.
   0.          0.          0.          0.          0.          0.
   0.          0.          0.          0.          0.          0.
   0.          0.          0.          0.          0.          0.
   0.          0.          0.          0.          0.          0.
   0.          0.          0.          0.          0.          0.
   0.          0.          0.          1.          0.          0.
   0.          0.          0.          0.          0.          0.
   0.          0.          0.          0.         -0.40430187 -0.14583092
  -0.31484985 -0.19542355 -0.90311408 -0.09355605 -0.30675814  0.90549024
  -0.57737419 -0.66394407  0.58660811 -0.23877494 -0.21773186  1.21689221
  -0.89561113 -0.76196311 -0.21831297  1.44038185 -1.14889738  0.03720436]
 [ 0.          0.          0.          0.          0.          0.
   0.          0.          0.          0.          0.          0.
   0.          0.          0.          0.          0.          0.
   0.          0.          0.          0.          0.          0.
   0.          1.          0.          0.          0.          0.
   0.          0.          0.          0.          0.          0.
   0.          0.          0.          0.          0.          0.
   0.          0.          0.          0.          0.          0.
   0.          0.          0.          0.          0.          0.
   0.          0.          0.          0.          0.          0.
   0.          0.          0.          0.          0.          0.
   0.          0.          0.          0.         -0.40430187 -0.47239208
  -0.58790488 -0.1071009  -0.90311408 -0.09355605 -0.30675814  2.44280059
  -1.44853773 -1.23505172  1.08655513 -0.81814226 -0.21773186  0.12302716
  -0.05687761  0.04791827 -0.07621405 -0.69426035 -0.1832203   0.03720436]
 [ 0.          0.          0.          0.          0.          0.
   0.          0.          0.          0.          0.          0.
   0.          0.          0.          0.          0.          0.
   0.          0.          0.          0.          0.          0.
   0.          0.          0.          0.          0.          0.
   0.          0.          0.          0.          0.          0.
   0.          0.          0.          0.          0.          0.
   0.          0.          0.          0.          0.          0.
   0.          0.          0.          1.          0.          0.
   0.          0.          0.          0.          0.          0.
   0.          0.          0.          0.          0.          0.
   0.          0.          0.          0.          0.70644403  1.48697485
   1.09411406 -0.25459973  0.92773724 -0.09355605 -0.30675814 -0.6318201
   1.1649529   0.72129575  0.92748108  1.46524659 -0.21773186  0.90322623
  -1.03898439 -0.85031381 -0.31351924  1.44038185 -0.82700502 -1.4618927 ]
 [ 0.          0.          0.          0.          0.          0.
   0.          0.          0.          0.          0.          0.
   0.          0.          0.          0.          0.          0.
   0.          0.          0.          0.          0.          0.
   0.          0.          0.          0.          0.          0.
   0.          0.          0.          0.          0.          0.
   0.          0.          0.          0.          0.          0.
   0.          0.          0.          0.          0.          0.
   0.          0.          0.          0.          0.          0.
   0.          0.          0.          0.          0.          0.
   0.          0.          0.          0.          0.          1.
   0.          0.          0.          0.         -0.40430187  1.48697485
   1.86959032  0.07396054  0.92773724 -0.09355605  4.84499052 -0.6318201
   2.03611644  2.4346187  -0.66325943  0.4769141  -0.21773186  1.18804936
  -1.13934566  1.10812664  0.20187353 -0.69426035 -0.50511266  1.3056711 ]] 
 
 
Val : (6915, 90) 
 

FINISHED ENCODING
~~~~~~~~~~~~~~~~~~~~~~~~~~~~~~~~~~~~~~~~~~~~~~~~~~~~~~~~~~~~~~~~~~~~~~~~~~~~~~~


~~~~~~~~~~~~~~~~~~~~~~~~~~~~~~~~~~~~~~~~~~~~~~~~~~~~~~~~~~~~~~~~~~~~~~~~~~~~~~~
Test numpy array issues
X dtype: float64
X Val dtype: float64
X dtype: float32
X Val dtype: float32
After Debugging -- Inner Fold 4
DEBUG Inner Fold 4: num_features: 90
DEBUG Inner Fold 4: num_classes: 1
DEBUG Inner Fold 4: cat_idx: [0, 1, 2, 3, 4, 5, 6, 7, 8, 9, 10, 11, 12, 13, 14, 15, 16, 17, 18, 19, 20, 21, 22, 23, 24, 25, 26, 27, 28, 29, 30, 31, 32, 33, 34, 35, 36, 37, 38, 39, 40, 41, 42, 43, 44, 45, 46, 47, 48, 49, 50, 51, 52, 53, 54, 55, 56, 57, 58, 59, 60, 61, 62, 63, 64, 65, 66, 67, 68, 69]
DEBUG Inner Fold 4: nominal_idx: [0, 1, 2, 3, 4, 5, 6, 7, 8, 9, 10, 11, 12, 13, 14, 15, 16, 17, 18, 19, 20, 21, 22, 23, 24, 25, 26, 27, 28, 29, 30, 31, 32, 33, 34, 35, 36, 37, 38, 39, 40, 41, 42, 43, 44, 45, 46, 47, 48, 49, 50, 51, 52, 53, 54, 55, 56, 57, 58, 59, 60, 61, 62, 63, 64, 65, 66, 67, 68, 69]
DEBUG Inner Fold 4: ordinal_idx: None
DEBUG Inner Fold 4: num_idx: [70, 71, 72, 73, 74, 75, 76, 77, 78, 79, 80, 81, 82, 83, 84, 85, 86, 87, 88, 89]
DEBUG Inner Fold 4: cat_dims: [3, 3, 3, 3, 3, 3, 3, 3, 3, 3, 3, 3, 3, 3, 3, 3, 3, 3, 3, 3, 3, 3, 3, 3, 3, 3, 3, 3, 3, 3, 3, 3, 3, 3, 3, 3, 3, 3, 3, 3, 3, 3, 3, 3, 3, 3, 3, 3, 3, 3, 3, 3, 3, 3, 3, 3, 3, 3, 3, 3, 3, 3, 3, 3, 3, 3, 3, 3, 3, 3]
DEBUG Inner Fold 4: bin_alt: None
In get_device
Using dim 8 and batch size 64
**** Data b4 Fitting ****
Epoch 0 loss 432693641216.0
Epoch 1 loss 414560124928.0
Epoch 2 loss 367336521728.0
Epoch 3 loss 254392745984.0
Epoch 4 loss 147740475392.0
Epoch 5 loss 134085279744.0
Epoch 6 loss 118035120128.0
Epoch 7 loss 78554562560.0
Epoch 8 loss 60919853056.0
Epoch 9 loss 48977915904.0
Epoch 10 loss 36323995648.0
Epoch 11 loss 34827538432.0
Epoch 12 loss 28526708736.0
Epoch 13 loss 22825615360.0
Epoch 14 loss 21268115456.0
Epoch 15 loss 18588170240.0
Epoch 16 loss 20049573888.0
Epoch 17 loss 20404428800.0
Epoch 18 loss 25222860800.0
Epoch 19 loss 19353493504.0
Epoch 20 loss 15281153024.0
Epoch 21 loss 15420651520.0
Epoch 22 loss 16510405632.0
Epoch 23 loss 17386131456.0
Epoch 24 loss 15994615808.0
Epoch 25 loss 16610610176.0
Epoch 26 loss 18091423744.0
Epoch 27 loss 15645934592.0
Epoch 28 loss 13999535104.0
Epoch 29 loss 16312732672.0
Epoch 30 loss 15655177216.0
Epoch 31 loss 12861262848.0
Epoch 32 loss 13886818304.0
Epoch 33 loss 13966261248.0
Epoch 34 loss 14395830272.0
Epoch 35 loss 14205761536.0
Epoch 36 loss 15002921984.0
Epoch 37 loss 14208600064.0
Epoch 38 loss 14213188608.0
Epoch 39 loss 20578662400.0
Epoch 40 loss 16272296960.0
Epoch 41 loss 17702807552.0
Epoch 42 loss 14177135616.0
Epoch 43 loss 11810550784.0
Epoch 44 loss 20314775552.0
Epoch 45 loss 11968616448.0
Epoch 46 loss 12946745344.0
Epoch 47 loss 12103542784.0
Epoch 48 loss 12285109248.0
Epoch 49 loss 13198151680.0
Epoch 50 loss 14027256832.0
Epoch 51 loss 11875064832.0
Epoch 52 loss 14365680640.0
Epoch 53 loss 14460121088.0
Epoch 54 loss 12370838528.0
Epoch 55 loss 13317945344.0
Epoch 56 loss 17026491392.0
Epoch 57 loss 15824989184.0
Epoch 58 loss 14078350336.0
Epoch 59 loss 16168619008.0
Epoch 60 loss 17404043264.0
Epoch 61 loss 14462454784.0
Epoch 62 loss 16703852544.0
Epoch 63 loss 12133762048.0
Epoch 64 loss 13368367104.0
Validation loss has not improved for 20 steps!
Early stopping applies.
Inner Fold 4 Results: {'MSE - mean': 14372581136.37276, 'MSE - std': 5131123077.132163, 'R2 - mean': 0.8959329938902101, 'R2 - std': 0.01586920746065831}
  outer_1_inner Fold 5/5
Before Debugging -- Inner Fold 5
DEBUG Inner Fold 5: num_features: 21
DEBUG Inner Fold 5: num_classes: 1
DEBUG Inner Fold 5: cat_idx: [0]
DEBUG Inner Fold 5: nominal_idx: [13]
DEBUG Inner Fold 5: ordinal_idx: None
DEBUG Inner Fold 5: num_idx: None
DEBUG Inner Fold 5: cat_dims: [2]
DEBUG Inner Fold 5: bin_alt: None
~~~~~~~~~~~~~~~~~~~~~~~~~~~~~~~~~~~~~~~~~~~~~~~~~~~~~~~~~~~~~~~~~~~~~~~~~~~~~~~
BEFORE ANY ENCODING
num_features :21
num_classes : 1
cat_idx : [0]
nominal_idx : [13]
ordinal_idx : None
num_idx : None
cat_dims : [2]
bin_alt : None 


X_train shape : (6916, 21)
~~~~~~~~~~~~~~~~~~~~~~~~~~~~~~~~~~~~~~~~~~~~~~~~~~~~~~~~~~~~~~~~~~~~~~~~~~~~~~~
~~~~~~~~~~~~~~~~~~~~~~~~~~~~~~~~~~~~~~~~~~~~~~~~~~~~~~~~~~~~~~~~~~~~~~~~~~~~~~~
AFTER getting cat idx
Nominal Index : [13]
Ordinal Index : None
Cat Idx : [0]
Cat dims : [2]
~~~~~~~~~~~~~~~~~~~~~~~~~~~~~~~~~~~~~~~~~~~~~~~~~~~~~~~~~~~~~~~~~~~~~~~~~~~~~~~
BEFORE getting cat idx
Nominal Index : [13]
Ordinal Index : None
Cat Idx : [13]
Cat dims : []
~~~~~~~~~~~~~~~~~~~~~~~~~~~~~~~~~~~~~~~~~~~~~~~~~~~~~~~~~~~~~~~~~~~~~~~~~~~~~~~ 


AFTER SEPARATING CATEGORICALS AND NUMERICALS
Ordinal Index : None
Numerical Index V1 : [0, 1, 2, 3, 4, 5, 6, 7, 8, 9, 10, 11, 12, 14, 15, 16, 17, 18, 19, 20]
Cat Idx V1 : [13] 
Cat Dims V1 : []
 

~~~~~~~~~~~~~~~~~~~~~~~~~~~~~~~~~~~~~~~~~~~~~~~~~~~~~~~~~~~~~~~~~~~~~~~~~~~~~~~ 


Scaling the data...
One Hot Encoding...
Ord : None, Nom : [13], Num : [0, 1, 2, 3, 4, 5, 6, 7, 8, 9, 10, 11, 12, 14, 15, 16, 17, 18, 19, 20]
Num idx: [70, 71, 72, 73, 74, 75, 76, 77, 78, 79, 80, 81, 82, 83, 84, 85, 86, 87, 88, 89]
Ord : None, Nom : [0, 1, 2, 3, 4, 5, 6, 7, 8, 9, 10, 11, 12, 13, 14, 15, 16, 17, 18, 19, 20, 21, 22, 23, 24, 25, 26, 27, 28, 29, 30, 31, 32, 33, 34, 35, 36, 37, 38, 39, 40, 41, 42, 43, 44, 45, 46, 47, 48, 49, 50, 51, 52, 53, 54, 55, 56, 57, 58, 59, 60, 61, 62, 63, 64, 65, 66, 67, 68, 69], Num : [70, 71, 72, 73, 74, 75, 76, 77, 78, 79, 80, 81, 82, 83, 84, 85, 86, 87, 88, 89]
Nominal : (70, 70)
~~~~~~~~~~~~~~~~~~~~~~~~~~~~~~~~~~~~~~~~~~~~~~~~~~~~~~~~~~~~~~~~~~~~~~~~~~~~~~~
After OHE
Numerical Index V2 : [70, 71, 72, 73, 74, 75, 76, 77, 78, 79, 80, 81, 82, 83, 84, 85, 86, 87, 88, 89] 


OHE Idx : [0, 1, 2, 3, 4, 5, 6, 7, 8, 9, 10, 11, 12, 13, 14, 15, 16, 17, 18, 19, 20, 21, 22, 23, 24, 25, 26, 27, 28, 29, 30, 31, 32, 33, 34, 35, 36, 37, 38, 39, 40, 41, 42, 43, 44, 45, 46, 47, 48, 49, 50, 51, 52, 53, 54, 55, 56, 57, 58, 59, 60, 61, 62, 63, 64, 65, 66, 67, 68, 69]


Ordinal Idx V2: None


Cat Dims V2 : []
Cat Idx V2 : [13] 
 

Train: [[0. 0. 0. 0. 0.]
 [0. 0. 0. 0. 0.]
 [0. 0. 0. 0. 0.]
 [0. 0. 0. 0. 0.]
 [0. 0. 0. 0. 0.]
 [0. 0. 0. 0. 0.]
 [0. 0. 0. 0. 0.]
 [0. 0. 0. 0. 0.]
 [0. 0. 0. 0. 0.]
 [0. 0. 0. 0. 0.]] 
 
 
Val : (6916, 90) 
 

~~~~~~~~~~~~~~~~~~~~~~~~~~~~~~~~~~~~~~~~~~~~~~~~~~~~~~~~~~~~~~~~~~~~~~~~~~~~~~~
Cat Idx V3 : [0, 1, 2, 3, 4, 5, 6, 7, 8, 9, 10, 11, 12, 13, 14, 15, 16, 17, 18, 19, 20, 21, 22, 23, 24, 25, 26, 27, 28, 29, 30, 31, 32, 33, 34, 35, 36, 37, 38, 39, 40, 41, 42, 43, 44, 45, 46, 47, 48, 49, 50, 51, 52, 53, 54, 55, 56, 57, 58, 59, 60, 61, 62, 63, 64, 65, 66, 67, 68, 69] 
 

~~~~~~~~~~~~~~~~~~~~~~~~~~~~~~~~~~~~~~~~~~~~~~~~~~~~~~~~~~~~~~~~~~~~~~~~~~~~~~~
After ORDINAL
Numerical Index V2 : [70, 71, 72, 73, 74, 75, 76, 77, 78, 79, 80, 81, 82, 83, 84, 85, 86, 87, 88, 89] 


OHE Idx : [0, 1, 2, 3, 4, 5, 6, 7, 8, 9, 10, 11, 12, 13, 14, 15, 16, 17, 18, 19, 20, 21, 22, 23, 24, 25, 26, 27, 28, 29, 30, 31, 32, 33, 34, 35, 36, 37, 38, 39, 40, 41, 42, 43, 44, 45, 46, 47, 48, 49, 50, 51, 52, 53, 54, 55, 56, 57, 58, 59, 60, 61, 62, 63, 64, 65, 66, 67, 68, 69]


Ordinal Idx V2: None


Cat Dims V2 : [3, 3, 3, 3, 3, 3, 3, 3, 3, 3, 3, 3, 3, 3, 3, 3, 3, 3, 3, 3, 3, 3, 3, 3, 3, 3, 3, 3, 3, 3, 3, 3, 3, 3, 3, 3, 3, 3, 3, 3, 3, 3, 3, 3, 3, 3, 3, 3, 3, 3, 3, 3, 3, 3, 3, 3, 3, 3, 3, 3, 3, 3, 3, 3, 3, 3, 3, 3, 3, 3]
Cat Idx V2 : [0, 1, 2, 3, 4, 5, 6, 7, 8, 9, 10, 11, 12, 13, 14, 15, 16, 17, 18, 19, 20, 21, 22, 23, 24, 25, 26, 27, 28, 29, 30, 31, 32, 33, 34, 35, 36, 37, 38, 39, 40, 41, 42, 43, 44, 45, 46, 47, 48, 49, 50, 51, 52, 53, 54, 55, 56, 57, 58, 59, 60, 61, 62, 63, 64, 65, 66, 67, 68, 69] 
 

Train: [[ 0.          0.          0.          0.          0.          0.
   0.          0.          0.          0.          0.          0.
   0.          0.          0.          0.          0.          0.
   0.          0.          0.          0.          0.          0.
   0.          0.          0.          0.          0.          0.
   0.          0.          0.          0.          0.          0.
   0.          0.          0.          0.          0.          0.
   0.          0.          0.          0.          0.          0.
   0.          0.          0.          0.          0.          0.
   0.          0.          0.          0.          0.          0.
   0.          0.          0.          0.          0.          0.
   0.          1.          0.          0.         -0.41021535 -1.45338246
  -1.10854716 -0.111502   -0.91403768 -0.08447234 -0.31220268  0.9209111
  -0.562002   -0.87849243 -0.66013833 -0.48314035 -0.20540599 -0.83926795
  -0.48615507 -1.26065831 -0.06807791  1.44577286 -1.14975814  0.83902006]
 [ 0.          0.          0.          0.          0.          0.
   0.          0.          0.          0.          0.          0.
   0.          0.          0.          0.          0.          0.
   0.          0.          0.          0.          0.          0.
   0.          0.          0.          0.          0.          0.
   0.          0.          0.          0.          0.          0.
   0.          0.          0.          0.          0.          0.
   0.          0.          0.          0.          0.          0.
   0.          1.          0.          0.          0.          0.
   0.          0.          0.          0.          0.          0.
   0.          0.          0.          0.          0.          0.
   0.          0.          0.          0.         -1.52104127 -0.47375868
  -0.74925021 -0.18301719 -0.91403768 -0.08447234 -0.31220268 -0.6245927
  -1.42496954 -1.28943276  0.8581104  -1.02739196 -0.20540599  0.95055814
  -0.66585183 -1.56736905 -0.21870313  1.44577286 -0.50786863  0.95388333]
 [ 0.          0.          0.          0.          0.          0.
   0.          0.          0.          0.          0.          0.
   1.          0.          0.          0.          0.          0.
   0.          0.          0.          0.          0.          0.
   0.          0.          0.          0.          0.          0.
   0.          0.          0.          0.          0.          0.
   0.          0.          0.          0.          0.          0.
   0.          0.          0.          0.          0.          0.
   0.          0.          0.          0.          0.          0.
   0.          0.          0.          0.          0.          0.
   0.          0.          0.          0.          0.          0.
   0.          0.          0.          0.          0.70061056  0.50586511
  -0.17219752 -0.14289064  0.92093607 -0.08447234  2.27520744  0.9209111
  -0.562002    0.16094487 -0.66013833  0.77544147 -0.20540599 -2.64497152
   1.49050923 -0.25289445 -0.14420247 -0.69167158  0.13402089 -0.88392901]
 [ 0.          0.          0.          0.          0.          0.
   0.          0.          0.          0.          0.          0.
   0.          0.          0.          0.          0.          0.
   0.          0.          0.          0.          0.          0.
   0.          0.          0.          0.          0.          0.
   0.          0.          0.          0.          0.          0.
   0.          0.          0.          0.          0.          0.
   1.          0.          0.          0.          0.          0.
   0.          0.          0.          0.          0.          0.
   0.          0.          0.          0.          0.          0.
   0.          0.          0.          0.          0.          0.
   0.          0.          0.          0.          0.70061056  2.13857141
  -0.1068708  -0.23762917  0.92093607 -0.08447234 -0.31220268 -0.6245927
   1.16393309  0.23346375 -0.66013833  1.28567735 -0.20540599  0.94117598
  -1.0108696  -0.74947374 -0.30288092 -0.69167158  0.13402089  1.75792623]
 [ 0.          0.          0.          0.          0.          0.
   0.          0.          0.          0.          0.          0.
   0.          0.          0.          0.          0.          0.
   0.          0.          0.          0.          0.          0.
   0.          0.          0.          0.          0.          0.
   1.          0.          0.          0.          0.          0.
   0.          0.          0.          0.          0.          0.
   0.          0.          0.          0.          0.          0.
   0.          0.          0.          0.          0.          0.
   0.          0.          0.          0.          0.          0.
   0.          0.          0.          0.          0.          0.
   0.          0.          0.          0.         -0.41021535  0.50586511
  -0.17219752 -0.12978376  0.92093607 -0.08447234 -0.31220268 -0.6245927
   0.30096555  0.16094487 -0.66013833  0.57134712 -0.20540599 -0.56213359
  -0.11238582 -0.09223644 -0.1898043  -0.69167158 -0.50786863 -0.99879228]
 [ 0.          0.          0.          0.          0.          0.
   0.          0.          0.          0.          0.          0.
   0.          0.          0.          0.          0.          0.
   0.          0.          0.          0.          0.          0.
   0.          0.          0.          0.          0.          0.
   0.          0.          0.          0.          0.          0.
   0.          0.          0.          0.          0.          0.
   0.          0.          0.          0.          0.          0.
   0.          0.          0.          0.          0.          0.
   0.          0.          0.          0.          0.          0.
   0.          0.          0.          0.          0.          0.
   0.          0.          1.          0.         -1.52104127 -1.45338246
  -1.21742503 -0.17601837 -0.91403768 -0.08447234 -0.31220268 -0.6245927
  -3.15090463 -0.99935723 -0.66013833 -1.80975363 -0.20540599 -1.25063927
  -0.65866396 -0.20907863 -0.16103803  1.44577286 -0.82881338 -0.88392901]
 [ 0.          0.          0.          0.          0.          0.
   0.          0.          0.          0.          0.          0.
   0.          0.          0.          0.          0.          0.
   0.          1.          0.          0.          0.          0.
   0.          0.          0.          0.          0.          0.
   0.          0.          0.          0.          0.          0.
   0.          0.          0.          0.          0.          0.
   0.          0.          0.          0.          0.          0.
   0.          0.          0.          0.          0.          0.
   0.          0.          0.          0.          0.          0.
   0.          0.          0.          0.          0.          0.
   0.          0.          0.          0.         -0.41021535  0.50586511
   0.1326605  -0.11884016  0.92093607 -0.08447234 -0.31220268 -0.6245927
   0.30096555  0.49936632 -0.66013833  0.5373314  -0.20540599 -1.01031181
   0.0744988   0.30210594 -0.10155018 -0.69167158  0.45496564  1.29847314]
 [ 0.          0.          0.          0.          0.          0.
   0.          0.          0.          0.          0.          0.
   0.          0.          0.          0.          0.          0.
   0.          0.          0.          0.          0.          0.
   0.          0.          0.          0.          0.          0.
   0.          0.          0.          0.          0.          0.
   0.          0.          0.          0.          0.          0.
   0.          0.          0.          0.          0.          0.
   0.          0.          0.          0.          0.          0.
   0.          0.          0.          1.          0.          0.
   0.          0.          0.          0.          0.          0.
   0.          0.          0.          0.         -0.41021535 -0.14721742
  -0.31373875 -0.18026008 -0.91403768 -0.08447234 -0.31220268  0.9209111
  -0.562002   -0.66093579  0.58618526 -0.24503028 -0.20540599  1.21470183
  -0.8886758  -0.76407901 -0.20478397  1.44577286 -1.14975814  0.03497716]
 [ 0.          0.          0.          0.          0.          0.
   0.          0.          0.          0.          0.          0.
   0.          0.          0.          0.          0.          0.
   0.          0.          0.          0.          0.          0.
   0.          0.          0.          0.          0.          0.
   0.          0.          0.          0.          0.          0.
   0.          0.          0.          0.          0.          0.
   0.          0.          0.          0.          0.          0.
   0.          0.          0.          0.          0.          0.
   0.          0.          0.          0.          0.          0.
   0.          0.          1.          0.          0.          0.
   0.          0.          0.          0.         -0.41021535 -0.47375868
  -0.60770898 -0.06399488 -0.91403768 -0.08447234 -0.31220268 -0.6245927
   0.30096555 -0.68510875  0.01967453  0.23118987 -0.20540599  1.38502399
  -0.601161   -0.19447335  0.01725981 -0.69167158  0.13402089  0.03497716]
 [ 0.          0.          0.          0.          0.          0.
   0.          0.          0.          0.          0.          0.
   0.          0.          0.          0.          0.          0.
   0.          0.          0.          0.          0.          0.
   0.          1.          0.          0.          0.          0.
   0.          0.          0.          0.          0.          0.
   0.          0.          0.          0.          0.          0.
   0.          0.          0.          0.          0.          0.
   0.          0.          0.          0.          0.          0.
   0.          0.          0.          0.          0.          0.
   0.          0.          0.          0.          0.          0.
   0.          0.          0.          0.         -0.41021535 -0.47375868
  -0.58593341 -0.09542593 -0.91403768 -0.08447234 -0.31220268  2.4664149
  -1.42496954 -1.22900036  1.08471469 -0.82329761 -0.20540599  0.11987676
  -0.04769499  0.03921102 -0.07222052 -0.69167158 -0.18692387  0.03497716]] 
 
 
Val : (6916, 90) 
 

FINISHED ENCODING
~~~~~~~~~~~~~~~~~~~~~~~~~~~~~~~~~~~~~~~~~~~~~~~~~~~~~~~~~~~~~~~~~~~~~~~~~~~~~~~


~~~~~~~~~~~~~~~~~~~~~~~~~~~~~~~~~~~~~~~~~~~~~~~~~~~~~~~~~~~~~~~~~~~~~~~~~~~~~~~
Test numpy array issues
X dtype: float64
X Val dtype: float64
X dtype: float32
X Val dtype: float32
After Debugging -- Inner Fold 5
DEBUG Inner Fold 5: num_features: 90
DEBUG Inner Fold 5: num_classes: 1
DEBUG Inner Fold 5: cat_idx: [0, 1, 2, 3, 4, 5, 6, 7, 8, 9, 10, 11, 12, 13, 14, 15, 16, 17, 18, 19, 20, 21, 22, 23, 24, 25, 26, 27, 28, 29, 30, 31, 32, 33, 34, 35, 36, 37, 38, 39, 40, 41, 42, 43, 44, 45, 46, 47, 48, 49, 50, 51, 52, 53, 54, 55, 56, 57, 58, 59, 60, 61, 62, 63, 64, 65, 66, 67, 68, 69]
DEBUG Inner Fold 5: nominal_idx: [0, 1, 2, 3, 4, 5, 6, 7, 8, 9, 10, 11, 12, 13, 14, 15, 16, 17, 18, 19, 20, 21, 22, 23, 24, 25, 26, 27, 28, 29, 30, 31, 32, 33, 34, 35, 36, 37, 38, 39, 40, 41, 42, 43, 44, 45, 46, 47, 48, 49, 50, 51, 52, 53, 54, 55, 56, 57, 58, 59, 60, 61, 62, 63, 64, 65, 66, 67, 68, 69]
DEBUG Inner Fold 5: ordinal_idx: None
DEBUG Inner Fold 5: num_idx: [70, 71, 72, 73, 74, 75, 76, 77, 78, 79, 80, 81, 82, 83, 84, 85, 86, 87, 88, 89]
DEBUG Inner Fold 5: cat_dims: [3, 3, 3, 3, 3, 3, 3, 3, 3, 3, 3, 3, 3, 3, 3, 3, 3, 3, 3, 3, 3, 3, 3, 3, 3, 3, 3, 3, 3, 3, 3, 3, 3, 3, 3, 3, 3, 3, 3, 3, 3, 3, 3, 3, 3, 3, 3, 3, 3, 3, 3, 3, 3, 3, 3, 3, 3, 3, 3, 3, 3, 3, 3, 3, 3, 3, 3, 3, 3, 3]
DEBUG Inner Fold 5: bin_alt: None
In get_device
Using dim 8 and batch size 64
**** Data b4 Fitting ****
Epoch 0 loss 453481005056.0
Epoch 1 loss 445689495552.0
Epoch 2 loss 399785328640.0
Epoch 3 loss 281304236032.0
Epoch 4 loss 171615059968.0
Epoch 5 loss 155777777664.0
Epoch 6 loss 132866752512.0
Epoch 7 loss 95252168704.0
Epoch 8 loss 88849809408.0
Epoch 9 loss 79133073408.0
Epoch 10 loss 55586369536.0
Epoch 11 loss 50153226240.0
Epoch 12 loss 56820736000.0
Epoch 13 loss 40481726464.0
Epoch 14 loss 37879189504.0
Epoch 15 loss 34591555584.0
Epoch 16 loss 31809497088.0
Epoch 17 loss 29966268416.0
Epoch 18 loss 30432135168.0
Epoch 19 loss 26626961408.0
Epoch 20 loss 26025744384.0
Epoch 21 loss 26210615296.0
Epoch 22 loss 23845431296.0
Epoch 23 loss 23122423808.0
Epoch 24 loss 22831998976.0
Epoch 25 loss 24928952320.0
Epoch 26 loss 24437022720.0
Epoch 27 loss 22958553088.0
Epoch 28 loss 21453776896.0
Epoch 29 loss 22558320640.0
Epoch 30 loss 19851249664.0
Epoch 31 loss 22121244672.0
Epoch 32 loss 19341819904.0
Epoch 33 loss 22282774528.0
Epoch 34 loss 22653777920.0
Epoch 35 loss 20136714240.0
Epoch 36 loss 19739797504.0
Epoch 37 loss 19915243520.0
Epoch 38 loss 21078421504.0
Epoch 39 loss 19368095744.0
Epoch 40 loss 20741967872.0
Epoch 41 loss 20527851520.0
Epoch 42 loss 18361200640.0
Epoch 43 loss 18896019456.0
Epoch 44 loss 20638289920.0
Epoch 45 loss 17763483648.0
Epoch 46 loss 18044243968.0
Epoch 47 loss 18478090240.0
Epoch 48 loss 19106748416.0
Epoch 49 loss 18842384384.0
Epoch 50 loss 19920140288.0
Epoch 51 loss 18717249536.0
Epoch 52 loss 19757426688.0
Epoch 53 loss 22245740544.0
Epoch 54 loss 17792200704.0
Epoch 55 loss 17286885376.0
Epoch 56 loss 19083012096.0
Epoch 57 loss 16768900096.0
Epoch 58 loss 17291720704.0
Epoch 59 loss 17511616512.0
Epoch 60 loss 17067065344.0
Epoch 61 loss 16379955200.0
Epoch 62 loss 17102646272.0
Epoch 63 loss 17947664384.0
Epoch 64 loss 17022439424.0
Epoch 65 loss 18104279040.0
Epoch 66 loss 20189376512.0
Epoch 67 loss 20710766592.0
Epoch 68 loss 16288789504.0
Epoch 69 loss 16903053312.0
Epoch 70 loss 17516963840.0
Epoch 71 loss 16823758848.0
Epoch 72 loss 18241943552.0
Epoch 73 loss 17485400064.0
Epoch 74 loss 16758209536.0
Epoch 75 loss 17989410816.0
Epoch 76 loss 17286006784.0
Epoch 77 loss 16265289728.0
Epoch 78 loss 19805022208.0
Epoch 79 loss 16343614464.0
Epoch 80 loss 16281494528.0
Epoch 81 loss 16372446208.0
Epoch 82 loss 16405384192.0
Epoch 83 loss 16694352896.0
Epoch 84 loss 16972360704.0
Epoch 85 loss 17597612032.0
Epoch 86 loss 17716406272.0
Epoch 87 loss 18436249600.0
Epoch 88 loss 18334693376.0
Epoch 89 loss 20960186368.0
Epoch 90 loss 18729302016.0
Epoch 91 loss 16119120896.0
Epoch 92 loss 18559150080.0
Epoch 93 loss 17750173696.0
Epoch 94 loss 18372231168.0
Epoch 95 loss 18811654144.0
Epoch 96 loss 17616300032.0
Epoch 97 loss 17765775360.0
Epoch 98 loss 18094323712.0
Epoch 99 loss 16554349568.0
Inner Fold 5 Results: {'MSE - mean': 14664674528.507183, 'MSE - std': 4626447170.892257, 'R2 - mean': 0.8963717794757864, 'R2 - std': 0.014220953818361439}
Trial Results B4 Saving: {'MSE - mean': 14664674528.507183, 'MSE - std': 4626447170.892257, 'R2 - mean': 0.8963717794757864, 'R2 - std': 0.014220953818361439}
Score: 14664674528.507183
  outer_1_inner Fold 1/5
Before Debugging -- Inner Fold 1
DEBUG Inner Fold 1: num_features: 21
DEBUG Inner Fold 1: num_classes: 1
DEBUG Inner Fold 1: cat_idx: [0]
DEBUG Inner Fold 1: nominal_idx: [13]
DEBUG Inner Fold 1: ordinal_idx: None
DEBUG Inner Fold 1: num_idx: None
DEBUG Inner Fold 1: cat_dims: [2]
DEBUG Inner Fold 1: bin_alt: None
~~~~~~~~~~~~~~~~~~~~~~~~~~~~~~~~~~~~~~~~~~~~~~~~~~~~~~~~~~~~~~~~~~~~~~~~~~~~~~~
BEFORE ANY ENCODING
num_features :21
num_classes : 1
cat_idx : [0]
nominal_idx : [13]
ordinal_idx : None
num_idx : None
cat_dims : [2]
bin_alt : None 


X_train shape : (6915, 21)
~~~~~~~~~~~~~~~~~~~~~~~~~~~~~~~~~~~~~~~~~~~~~~~~~~~~~~~~~~~~~~~~~~~~~~~~~~~~~~~
~~~~~~~~~~~~~~~~~~~~~~~~~~~~~~~~~~~~~~~~~~~~~~~~~~~~~~~~~~~~~~~~~~~~~~~~~~~~~~~
AFTER getting cat idx
Nominal Index : [13]
Ordinal Index : None
Cat Idx : [0]
Cat dims : [2]
~~~~~~~~~~~~~~~~~~~~~~~~~~~~~~~~~~~~~~~~~~~~~~~~~~~~~~~~~~~~~~~~~~~~~~~~~~~~~~~
BEFORE getting cat idx
Nominal Index : [13]
Ordinal Index : None
Cat Idx : [13]
Cat dims : []
~~~~~~~~~~~~~~~~~~~~~~~~~~~~~~~~~~~~~~~~~~~~~~~~~~~~~~~~~~~~~~~~~~~~~~~~~~~~~~~ 


AFTER SEPARATING CATEGORICALS AND NUMERICALS
Ordinal Index : None
Numerical Index V1 : [0, 1, 2, 3, 4, 5, 6, 7, 8, 9, 10, 11, 12, 14, 15, 16, 17, 18, 19, 20]
Cat Idx V1 : [13] 
Cat Dims V1 : []
 

~~~~~~~~~~~~~~~~~~~~~~~~~~~~~~~~~~~~~~~~~~~~~~~~~~~~~~~~~~~~~~~~~~~~~~~~~~~~~~~ 


Scaling the data...
One Hot Encoding...
Ord : None, Nom : [13], Num : [0, 1, 2, 3, 4, 5, 6, 7, 8, 9, 10, 11, 12, 14, 15, 16, 17, 18, 19, 20]
Num idx: [70, 71, 72, 73, 74, 75, 76, 77, 78, 79, 80, 81, 82, 83, 84, 85, 86, 87, 88, 89]
Ord : None, Nom : [0, 1, 2, 3, 4, 5, 6, 7, 8, 9, 10, 11, 12, 13, 14, 15, 16, 17, 18, 19, 20, 21, 22, 23, 24, 25, 26, 27, 28, 29, 30, 31, 32, 33, 34, 35, 36, 37, 38, 39, 40, 41, 42, 43, 44, 45, 46, 47, 48, 49, 50, 51, 52, 53, 54, 55, 56, 57, 58, 59, 60, 61, 62, 63, 64, 65, 66, 67, 68, 69], Num : [70, 71, 72, 73, 74, 75, 76, 77, 78, 79, 80, 81, 82, 83, 84, 85, 86, 87, 88, 89]
Nominal : (70, 70)
~~~~~~~~~~~~~~~~~~~~~~~~~~~~~~~~~~~~~~~~~~~~~~~~~~~~~~~~~~~~~~~~~~~~~~~~~~~~~~~
After OHE
Numerical Index V2 : [70, 71, 72, 73, 74, 75, 76, 77, 78, 79, 80, 81, 82, 83, 84, 85, 86, 87, 88, 89] 


OHE Idx : [0, 1, 2, 3, 4, 5, 6, 7, 8, 9, 10, 11, 12, 13, 14, 15, 16, 17, 18, 19, 20, 21, 22, 23, 24, 25, 26, 27, 28, 29, 30, 31, 32, 33, 34, 35, 36, 37, 38, 39, 40, 41, 42, 43, 44, 45, 46, 47, 48, 49, 50, 51, 52, 53, 54, 55, 56, 57, 58, 59, 60, 61, 62, 63, 64, 65, 66, 67, 68, 69]


Ordinal Idx V2: None


Cat Dims V2 : []
Cat Idx V2 : [13] 
 

Train: [[0. 0. 0. 0. 0.]
 [0. 0. 0. 0. 0.]
 [0. 0. 0. 0. 0.]
 [0. 0. 0. 0. 0.]
 [0. 0. 0. 0. 0.]
 [0. 0. 0. 0. 0.]
 [0. 0. 0. 0. 0.]
 [0. 0. 0. 0. 0.]
 [0. 0. 0. 0. 0.]
 [0. 0. 0. 0. 0.]] 
 
 
Val : (6915, 90) 
 

~~~~~~~~~~~~~~~~~~~~~~~~~~~~~~~~~~~~~~~~~~~~~~~~~~~~~~~~~~~~~~~~~~~~~~~~~~~~~~~
Cat Idx V3 : [0, 1, 2, 3, 4, 5, 6, 7, 8, 9, 10, 11, 12, 13, 14, 15, 16, 17, 18, 19, 20, 21, 22, 23, 24, 25, 26, 27, 28, 29, 30, 31, 32, 33, 34, 35, 36, 37, 38, 39, 40, 41, 42, 43, 44, 45, 46, 47, 48, 49, 50, 51, 52, 53, 54, 55, 56, 57, 58, 59, 60, 61, 62, 63, 64, 65, 66, 67, 68, 69] 
 

~~~~~~~~~~~~~~~~~~~~~~~~~~~~~~~~~~~~~~~~~~~~~~~~~~~~~~~~~~~~~~~~~~~~~~~~~~~~~~~
After ORDINAL
Numerical Index V2 : [70, 71, 72, 73, 74, 75, 76, 77, 78, 79, 80, 81, 82, 83, 84, 85, 86, 87, 88, 89] 


OHE Idx : [0, 1, 2, 3, 4, 5, 6, 7, 8, 9, 10, 11, 12, 13, 14, 15, 16, 17, 18, 19, 20, 21, 22, 23, 24, 25, 26, 27, 28, 29, 30, 31, 32, 33, 34, 35, 36, 37, 38, 39, 40, 41, 42, 43, 44, 45, 46, 47, 48, 49, 50, 51, 52, 53, 54, 55, 56, 57, 58, 59, 60, 61, 62, 63, 64, 65, 66, 67, 68, 69]


Ordinal Idx V2: None


Cat Dims V2 : [3, 3, 3, 3, 3, 3, 3, 3, 3, 3, 3, 3, 3, 3, 3, 3, 3, 3, 3, 3, 3, 3, 3, 3, 3, 3, 3, 3, 3, 3, 3, 3, 3, 3, 3, 3, 3, 3, 3, 3, 3, 3, 3, 3, 3, 3, 3, 3, 3, 3, 3, 3, 3, 3, 3, 3, 3, 3, 3, 3, 3, 3, 3, 3, 3, 3, 3, 3, 3, 3]
Cat Idx V2 : [0, 1, 2, 3, 4, 5, 6, 7, 8, 9, 10, 11, 12, 13, 14, 15, 16, 17, 18, 19, 20, 21, 22, 23, 24, 25, 26, 27, 28, 29, 30, 31, 32, 33, 34, 35, 36, 37, 38, 39, 40, 41, 42, 43, 44, 45, 46, 47, 48, 49, 50, 51, 52, 53, 54, 55, 56, 57, 58, 59, 60, 61, 62, 63, 64, 65, 66, 67, 68, 69] 
 

Train: [[ 0.          0.          0.          0.          0.          0.
   0.          0.          0.          0.          0.          0.
   0.          0.          0.          0.          0.          0.
   0.          0.          0.          0.          0.          0.
   0.          0.          0.          0.          0.          0.
   0.          0.          0.          0.          0.          0.
   0.          0.          0.          0.          0.          0.
   0.          0.          0.          0.          0.          0.
   0.          0.          0.          0.          0.          0.
   0.          0.          0.          0.          0.          0.
   0.          0.          0.          0.          0.          0.
   0.          1.          0.          0.         -0.40800336 -1.4636497
  -1.11809154 -0.11706556 -0.91278871 -0.08871625 -0.30792431  0.89609687
  -0.55947538 -0.88644539 -0.66037967 -0.46688419 -0.22206866 -0.82049994
  -0.49905598 -1.25350496 -0.07103198  1.4437104  -1.14017854  0.84623769]
 [ 0.          0.          0.          0.          0.          0.
   0.          0.          0.          0.          0.          0.
   0.          0.          0.          0.          0.          0.
   0.          0.          0.          0.          0.          0.
   0.          0.          0.          0.          0.          0.
   0.          0.          0.          0.          0.          0.
   0.          0.          0.          0.          0.          0.
   0.          0.          0.          0.          0.          0.
   0.          1.          0.          0.          0.          0.
   0.          0.          0.          0.          0.          0.
   0.          0.          0.          0.          0.          0.
   0.          0.          0.          0.         -1.52404102 -0.47894358
  -0.75385093 -0.19060721 -0.91278871 -0.08871625 -0.30792431 -0.63390556
  -1.41920255 -1.30382134  0.8607375  -1.01119377 -0.22206866  0.9630068
  -0.67790582 -1.56199562 -0.22955533  1.4437104  -0.50063161  0.96120524]
 [ 0.          0.          0.          0.          0.          0.
   0.          0.          0.          0.          0.          0.
   1.          0.          0.          0.          0.          0.
   0.          0.          0.          0.          0.          0.
   0.          0.          0.          0.          0.          0.
   0.          0.          0.          0.          0.          0.
   0.          0.          0.          0.          0.          0.
   0.          0.          0.          0.          0.          0.
   0.          0.          0.          0.          0.          0.
   0.          0.          0.          0.          0.          0.
   0.          0.          0.          0.          0.          0.
   0.          0.          0.          0.          0.70803431  0.50576253
  -0.16885843 -0.14934363  0.94420862 -0.08871625  2.27304128  0.89609687
  -0.55947538  0.16927026 -0.66037967  0.7918317  -0.22206866 -2.61982812
   1.46829229 -0.23989278 -0.15114818 -0.69265969  0.13891533 -0.87827565]
 [ 0.          0.          0.          0.          0.          0.
   0.          0.          0.          0.          0.          0.
   0.          0.          0.          0.          0.          0.
   0.          0.          0.          0.          0.          0.
   0.          0.          0.          0.          0.          0.
   0.          0.          0.          0.          0.          0.
   0.          0.          0.          0.          0.          0.
   0.          0.          0.          0.          0.          0.
   0.          0.          0.          0.          0.          0.
   0.          1.          0.          0.          0.          0.
   0.          0.          0.          0.          0.          0.
   0.          0.          0.          0.         -1.52404102 -1.4636497
  -1.28365545 -0.16995361 -0.91278871 -0.08871625 -0.30792431 -0.63390556
  -1.41920255 -1.07058184 -0.66037967 -1.18129051 -0.22206866  1.26361399
  -0.65644384 -0.98908439 -0.22104494 -0.69265969  0.4586888   1.19114036]
 [ 0.          0.          0.          0.          0.          0.
   0.          0.          0.          0.          0.          0.
   0.          0.          0.          0.          0.          0.
   0.          0.          0.          0.          0.          0.
   0.          0.          0.          0.          0.          0.
   0.          0.          0.          0.          0.          0.
   0.          0.          0.          0.          0.          0.
   1.          0.          0.          0.          0.          0.
   0.          0.          0.          0.          0.          0.
   0.          0.          0.          0.          0.          0.
   0.          0.          0.          0.          0.          0.
   0.          0.          0.          0.          0.70803431  2.14693938
  -0.10263287 -0.24676669  0.94420862 -0.08871625 -0.30792431 -0.63390556
   1.15997896  0.24292484 -0.66037967  1.30212192 -0.22206866  0.95365777
  -1.02129752 -0.73935385 -0.31814704 -0.69265969  0.13891533  1.76597814]
 [ 0.          0.          0.          0.          0.          0.
   0.          0.          0.          0.          0.          0.
   0.          0.          0.          0.          0.          0.
   0.          0.          0.          0.          0.          0.
   0.          0.          0.          0.          0.          0.
   1.          0.          0.          0.          0.          0.
   0.          0.          0.          0.          0.          0.
   0.          0.          0.          0.          0.          0.
   0.          0.          0.          0.          0.          0.
   0.          0.          0.          0.          0.          0.
   0.          0.          0.          0.          0.          0.
   0.          0.          0.          0.         -0.40800336  0.50576253
  -0.16885843 -0.13586536  0.94420862 -0.08871625 -0.30792431 -0.63390556
   0.30025179  0.16927026 -0.66037967  0.58771561 -0.22206866 -0.54434406
  -0.12704831 -0.07830244 -0.19914117 -0.69265969 -0.50063161 -0.9932432 ]
 [ 0.          0.          0.          0.          0.          0.
   0.          0.          0.          0.          0.          0.
   0.          0.          0.          0.          0.          0.
   0.          0.          0.          0.          0.          0.
   0.          0.          0.          0.          0.          0.
   0.          0.          0.          0.          0.          0.
   0.          0.          0.          0.          0.          0.
   0.          0.          0.          0.          0.          0.
   0.          1.          0.          0.          0.          0.
   0.          0.          0.          0.          0.          0.
   0.          0.          0.          0.          0.          0.
   0.          0.          0.          0.         -1.52404102 -0.80717896
  -0.67658777 -0.21176243  0.01570996 -0.08871625 -0.30792431 -0.63390556
  -0.55947538 -0.39541485 -0.66037967 -1.99775487 -0.22206866  0.90835095
  -0.7065218  -0.29865291 -0.31954218  1.4437104  -1.77972547  1.42107547]
 [ 0.          0.          0.          0.          0.          0.
   0.          0.          0.          0.          0.          0.
   0.          0.          0.          0.          0.          0.
   0.          0.          0.          0.          0.          0.
   0.          0.          0.          0.          0.          0.
   0.          0.          0.          0.          0.          0.
   0.          0.          0.          0.          0.          0.
   0.          0.          0.          0.          0.          0.
   0.          0.          0.          0.          0.          0.
   0.          0.          0.          0.          0.          0.
   0.          0.          0.          0.          0.          0.
   0.          0.          1.          0.         -1.52404102 -1.4636497
  -1.22846748 -0.18341008 -0.91278871 -0.08871625 -0.30792431 -0.63390556
  -3.13865689 -1.00920302 -0.66037967 -1.79363878 -0.22206866 -1.23041883
  -0.67075183 -0.19582269 -0.16886652  1.4437104  -0.82040507 -0.87827565]
 [ 0.          0.          0.          0.          0.          0.
   0.          0.          0.          0.          0.          0.
   0.          0.          0.          0.          0.          0.
   0.          0.          0.          0.          0.          0.
   0.          0.          0.          0.          0.          0.
   0.          0.          0.          0.          0.          0.
   0.          0.          0.          0.          0.          0.
   0.          0.          0.          0.          0.          0.
   0.          0.          0.          0.          0.          0.
   0.          0.          0.          1.          0.          0.
   0.          0.          0.          0.          0.          0.
   0.          0.          0.          0.         -0.40800336 -0.15070821
  -0.31234716 -0.18777198 -0.91278871 -0.08871625 -0.30792431  0.89609687
  -0.55947538 -0.66548165  0.5882986  -0.22874876 -0.22206866  1.22621788
  -0.89967963 -0.75404388 -0.21490631  1.4437104  -1.14017854  0.0414648 ]
 [ 0.          0.          0.          0.          0.          0.
   0.          0.          0.          0.          0.          0.
   0.          0.          0.          0.          0.          0.
   0.          0.          0.          0.          0.          0.
   0.          0.          0.          0.          0.          0.
   0.          0.          0.          0.          0.          0.
   0.          0.          0.          0.          0.          0.
   0.          0.          0.          0.          0.          0.
   0.          0.          0.          0.          0.          0.
   0.          0.          0.          0.          0.          0.
   0.          0.          1.          0.          0.          0.
   0.          0.          0.          0.         -0.40800336 -0.47894358
  -0.6103622  -0.06821227 -0.91278871 -0.08871625 -0.30792431 -0.63390556
   0.30025179 -0.69003317  0.02071757  0.24752212 -0.22206866  1.39593868
  -0.61351988 -0.18113266  0.01878048 -0.69265969  0.13891533  0.0414648 ]] 
 
 
Val : (6915, 90) 
 

FINISHED ENCODING
~~~~~~~~~~~~~~~~~~~~~~~~~~~~~~~~~~~~~~~~~~~~~~~~~~~~~~~~~~~~~~~~~~~~~~~~~~~~~~~


~~~~~~~~~~~~~~~~~~~~~~~~~~~~~~~~~~~~~~~~~~~~~~~~~~~~~~~~~~~~~~~~~~~~~~~~~~~~~~~
Test numpy array issues
X dtype: float64
X Val dtype: float64
X dtype: float32
X Val dtype: float32
After Debugging -- Inner Fold 1
DEBUG Inner Fold 1: num_features: 90
DEBUG Inner Fold 1: num_classes: 1
DEBUG Inner Fold 1: cat_idx: [0, 1, 2, 3, 4, 5, 6, 7, 8, 9, 10, 11, 12, 13, 14, 15, 16, 17, 18, 19, 20, 21, 22, 23, 24, 25, 26, 27, 28, 29, 30, 31, 32, 33, 34, 35, 36, 37, 38, 39, 40, 41, 42, 43, 44, 45, 46, 47, 48, 49, 50, 51, 52, 53, 54, 55, 56, 57, 58, 59, 60, 61, 62, 63, 64, 65, 66, 67, 68, 69]
DEBUG Inner Fold 1: nominal_idx: [0, 1, 2, 3, 4, 5, 6, 7, 8, 9, 10, 11, 12, 13, 14, 15, 16, 17, 18, 19, 20, 21, 22, 23, 24, 25, 26, 27, 28, 29, 30, 31, 32, 33, 34, 35, 36, 37, 38, 39, 40, 41, 42, 43, 44, 45, 46, 47, 48, 49, 50, 51, 52, 53, 54, 55, 56, 57, 58, 59, 60, 61, 62, 63, 64, 65, 66, 67, 68, 69]
DEBUG Inner Fold 1: ordinal_idx: None
DEBUG Inner Fold 1: num_idx: [70, 71, 72, 73, 74, 75, 76, 77, 78, 79, 80, 81, 82, 83, 84, 85, 86, 87, 88, 89]
DEBUG Inner Fold 1: cat_dims: [3, 3, 3, 3, 3, 3, 3, 3, 3, 3, 3, 3, 3, 3, 3, 3, 3, 3, 3, 3, 3, 3, 3, 3, 3, 3, 3, 3, 3, 3, 3, 3, 3, 3, 3, 3, 3, 3, 3, 3, 3, 3, 3, 3, 3, 3, 3, 3, 3, 3, 3, 3, 3, 3, 3, 3, 3, 3, 3, 3, 3, 3, 3, 3, 3, 3, 3, 3, 3, 3]
DEBUG Inner Fold 1: bin_alt: None
In get_device
Using dim 8 and batch size 64
**** Data b4 Fitting ****
Epoch 0 loss 471103504384.0
Epoch 1 loss 472001708032.0
Epoch 2 loss 420385062912.0
Epoch 3 loss 354271789056.0
Epoch 4 loss 198183993344.0
Epoch 5 loss 195486220288.0
Epoch 6 loss 176028467200.0
Epoch 7 loss 149846654976.0
Epoch 8 loss 116125417472.0
Epoch 9 loss 101623906304.0
Epoch 10 loss 92300599296.0
Epoch 11 loss 88689057792.0
Epoch 12 loss 84826939392.0
Epoch 13 loss 74081157120.0
Epoch 14 loss 74027696128.0
Epoch 15 loss 69941362688.0
Epoch 16 loss 65113591808.0
Epoch 17 loss 65324277760.0
Epoch 18 loss 64251854848.0
Epoch 19 loss 59920711680.0
Epoch 20 loss 56321585152.0
Epoch 21 loss 58554675200.0
Epoch 22 loss 52239372288.0
Epoch 23 loss 50308538368.0
Epoch 24 loss 48500760576.0
Epoch 25 loss 51903193088.0
Epoch 26 loss 46792187904.0
Epoch 27 loss 46573973504.0
Epoch 28 loss 44536156160.0
Epoch 29 loss 46719123456.0
Epoch 30 loss 42922012672.0
Epoch 31 loss 46837755904.0
Epoch 32 loss 42317848576.0
Epoch 33 loss 42640220160.0
Epoch 34 loss 39812071424.0
Epoch 35 loss 41320689664.0
Epoch 36 loss 40516530176.0
Epoch 37 loss 38367756288.0
Epoch 38 loss 39942172672.0
Epoch 39 loss 38243450880.0
Epoch 40 loss 36924387328.0
Epoch 41 loss 42980605952.0
Epoch 42 loss 40009682944.0
Epoch 43 loss 36407078912.0
Epoch 44 loss 35745017856.0
Epoch 45 loss 37695676416.0
Epoch 46 loss 33723738112.0
Epoch 47 loss 35180642304.0
Epoch 48 loss 35409108992.0
Epoch 49 loss 33573095424.0
Epoch 50 loss 35335225344.0
Epoch 51 loss 32683583488.0
Epoch 52 loss 34585255936.0
Epoch 53 loss 33724760064.0
Epoch 54 loss 34094471168.0
Epoch 55 loss 34151622656.0
Epoch 56 loss 32574287872.0
Epoch 57 loss 34357913600.0
Epoch 58 loss 35687256064.0
Epoch 59 loss 31534989312.0
Epoch 60 loss 30702211072.0
Epoch 61 loss 31930507264.0
Epoch 62 loss 30532245504.0
Epoch 63 loss 29754884096.0
Epoch 64 loss 29348630528.0
Epoch 65 loss 31775862784.0
Epoch 66 loss 30204493824.0
Epoch 67 loss 29419216896.0
Epoch 68 loss 29633912832.0
Epoch 69 loss 29053184000.0
Epoch 70 loss 29192134656.0
Epoch 71 loss 29448646656.0
Epoch 72 loss 29249697792.0
Epoch 73 loss 28537065472.0
Epoch 74 loss 27940595712.0
Epoch 75 loss 27790542848.0
Epoch 76 loss 28755136512.0
Epoch 77 loss 28915519488.0
Epoch 78 loss 27016306688.0
Epoch 79 loss 28384079872.0
Epoch 80 loss 28961452032.0
Epoch 81 loss 27341709312.0
Epoch 82 loss 27174625280.0
Epoch 83 loss 26094592000.0
Epoch 84 loss 27451891712.0
Epoch 85 loss 26303565824.0
Epoch 86 loss 29435506688.0
Epoch 87 loss 29418817536.0
Epoch 88 loss 26408204288.0
