5.2165256e-06,2.4460253e-06,3.751098e-07,1.0904758e-05,1.1229382e-06,3.4694833e-05,0.00054853834,0.0019517884,0.010076993,0.021495702,0.021195002,0.033043336,0.09387282,0.106400974,0.11536443,0.27394256,0.018264277,0.13381493,0.074886456,5.110302e-05,0.095036305
2.9803115e-05,0.00014141304,0.004105159,0.06100817,0.17604612,0.34252867,0.15741448,0.061689105,0.054797307,0.034728505,0.024930935,0.029411653,0.018841695,0.0070647313,0.00466818,0.00599582,0.013265083,9.314326e-06,0.0019122276,0.0014115011,1.1025028e-07
1.9635087e-05,0.00033692227,0.047583535,0.25154856,0.34168816,0.28590214,0.03457864,0.01964649,0.0102256145,0.002551526,0.0023924918,0.0008081597,0.0018540905,3.0151716e-05,9.982667e-06,0.00049913354,0.0003072918,1.1977193e-08,1.7413384e-05,1.17620395e-07,2.0979833e-10
4.396977e-05,0.00014302357,0.0022189256,0.030698067,0.05853866,0.11436337,0.12633565,0.06485081,0.071116835,0.07868446,0.06464728,0.11586314,0.06801105,0.06717118,0.013144936,0.04608349,0.059378833,0.00022791002,0.011532195,0.006942887,3.324413e-06
7.748797e-06,2.222441e-05,0.00028152743,0.008232068,0.016769074,0.17441764,0.13584344,0.10876688,0.05972909,0.058036663,0.03685273,0.07766131,0.09450386,0.030060662,0.13153931,0.012354706,0.04760413,0.0005136559,0.0051090806,0.0016928214,1.4064422e-06
0.00013609142,0.003626359,0.19129749,0.4695329,0.22509633,0.09436414,0.008364715,0.004310135,0.002359076,0.00023651241,0.00044582333,4.454198e-05,7.787129e-05,4.5155647e-07,3.2767247e-08,9.3825685e-05,1.2771122e-05,2.9037384e-11,8.837515e-07,5.515153e-11,2.5885203e-12
1.1650595e-05,1.0260769e-05,4.826111e-06,0.00013319204,3.7017602e-05,0.0005490597,0.006076846,0.019257305,0.04392798,0.05731963,0.05017331,0.09550497,0.1706944,0.09660108,0.17155148,0.052266672,0.07223756,0.03135533,0.12816656,0.0001896812,0.003931147
2.4063129e-05,4.603678e-05,0.00020875757,0.0085468,0.0044589615,0.036035694,0.12765224,0.16923264,0.14566243,0.16195409,0.070758834,0.076343946,0.04199404,0.012927833,0.06795525,0.025054889,0.04470138,5.0458333e-05,0.006383079,6.6613534e-06,1.8988733e-06
1.7173898e-05,1.3955053e-05,6.1078704e-06,0.00017346512,3.1585612e-05,0.00041847758,0.0056661833,0.021603985,0.06625065,0.07737427,0.066469856,0.121114455,0.15887262,0.085882455,0.1451849,0.047755957,0.04958998,0.014745436,0.13506593,2.465031e-05,0.0037378394
2.692241e-07,7.670183e-07,6.9515304e-06,0.00054511416,0.0011413422,0.016128996,0.038391642,0.029199904,0.029388024,0.095795594,0.07969256,0.13397202,0.14418088,0.040658858,0.28205892,0.0059716627,0.08111366,0.00070960406,0.018322423,0.00272008,7.5248704e-07
4.9397245e-06,8.9208035e-05,0.022060009,0.20162076,0.31605372,0.3454167,0.05200381,0.022617836,0.014670362,0.006035554,0.0063512386,0.003088577,0.0075627817,0.00012869058,2.4149409e-05,0.0013516286,0.0008626614,3.6111786e-08,5.6770798e-05,5.474797e-07,2.045471e-10
1.5733239e-08,1.7640334e-08,4.9471813e-09,3.1316316e-07,1.2911663e-07,1.0324091e-05,0.000120230565,0.00022511437,0.0006502235,0.0042740395,0.006662252,0.016782897,0.015837092,0.012338274,0.0062895794,0.03426445,0.011712622,0.8772248,0.010981542,0.0025224602,0.000103588514
1.1118886e-05,1.8679964e-05,0.00014705659,0.005546036,0.009967273,0.07502448,0.1558592,0.18673626,0.10846243,0.07653466,0.046150565,0.05813394,0.03151468,0.034025457,0.06666784,0.021015404,0.12109139,0.0001525789,0.002466087,0.0004736874,1.2178241e-06
1.0128818e-05,1.0611753e-05,1.1719107e-05,0.00054731773,0.00014068688,0.0021665054,0.02320761,0.06418676,0.10964604,0.118191615,0.07364259,0.11903667,0.13222142,0.048054427,0.13487491,0.049895238,0.07862883,0.0020006215,0.043351628,1.6174556e-05,0.00015849865
2.8567973e-05,3.7400638e-05,0.00018196362,0.006530878,0.0037847122,0.031592738,0.13518089,0.2164864,0.19037028,0.09418956,0.049556367,0.06649928,0.028942557,0.013249541,0.022681598,0.0570469,0.08154872,0.00014172794,0.001934021,1.31209235e-05,2.8686443e-06
1.6877328e-06,1.4902978e-05,0.0011588911,0.026936354,0.07078675,0.19125953,0.11526216,0.06739446,0.054823447,0.12184504,0.10859983,0.067462295,0.14147587,0.0033180881,0.006377462,0.0048594777,0.016016392,4.6441633e-06,0.0023839574,1.871307e-05,1.2327678e-08
5.418453e-06,2.4070843e-05,0.00060774403,0.019337852,0.06242328,0.18517303,0.14735654,0.048564415,0.06339154,0.06938246,0.059390895,0.123538025,0.05710065,0.039611626,0.018835142,0.013004127,0.04682795,7.840005e-05,0.007893752,0.037452865,2.2938413e-07
1.0187122e-06,5.921437e-07,7.0470185e-07,0.00010560397,1.112621e-05,0.00020036577,0.007392143,0.045266647,0.18466961,0.149339,0.17035952,0.19344018,0.08253529,0.013525384,0.017019361,0.04883903,0.080186695,0.00061377534,0.006477099,1.9212203e-08,1.6786718e-05
1.6281753e-06,1.4191497e-05,0.0015136579,0.042556074,0.11861187,0.5324434,0.13086869,0.060274333,0.03605307,0.01993129,0.012787382,0.011871646,0.023901729,0.0009394111,0.0023271234,0.0015555616,0.0040612407,6.643974e-07,0.00026864302,1.8440065e-05,1.3618053e-09
1.2655299e-05,0.00016472215,0.022546038,0.17630275,0.28480044,0.36572003,0.06477447,0.033699315,0.019153936,0.00804782,0.007428604,0.0039830785,0.009615029,0.0002534472,7.909283e-05,0.0018791509,0.0014394497,1.7744529e-07,9.81809e-05,1.6872718e-06,1.4676259e-09
1.4377895e-06,1.5429746e-06,9.053637e-07,6.386008e-05,3.355339e-05,0.00074093655,0.006900758,0.014802397,0.035697304,0.04111546,0.042637333,0.08405087,0.09162123,0.12081951,0.26567966,0.031485654,0.13035955,0.018733332,0.11229574,0.002625109,0.00033383016
2.1588323e-06,1.010272e-06,7.7687065e-07,5.5548095e-05,1.26464365e-05,0.00029767805,0.0056277565,0.030971253,0.0914648,0.059464056,0.068775825,0.11579909,0.20965183,0.06714001,0.07239792,0.063781284,0.17635636,0.021417348,0.016103992,1.5808348e-05,0.000662869
1.1672169e-06,8.522973e-06,0.000527179,0.01460391,0.039081026,0.13688494,0.10648261,0.068581134,0.053418543,0.13803406,0.11522639,0.089247,0.18536554,0.0060263285,0.013232458,0.0061818897,0.023968097,1.3272577e-05,0.00307701,3.8863564e-05,2.6573751e-08
5.6553e-05,0.0011816331,0.122177444,0.3836525,0.3041955,0.15085468,0.017902909,0.010789766,0.0054363646,0.0009992503,0.0013588578,0.00030153606,0.0005817633,7.673524e-06,7.5370957e-07,0.00039749363,9.874613e-05,1.6135794e-09,6.4926166e-06,5.4185865e-09,6.08721e-11
2.1190212e-05,0.0003289103,0.051223192,0.25624263,0.32864395,0.26128003,0.043494444,0.024515947,0.013490364,0.0049932394,0.005480991,0.002340658,0.005350758,0.000118125055,1.7409859e-05,0.0016453611,0.00075632165,5.993075e-08,5.601954e-05,3.4762596e-07,8.429445e-10
1.6443573e-05,0.00047433787,0.099130265,0.38389418,0.33056274,0.15562245,0.015302583,0.008321089,0.0040935413,0.00070389285,0.00097184983,0.0001992463,0.00042069636,3.580152e-06,2.9324463e-07,0.000223242,5.6773e-05,3.2423436e-10,2.7717533e-06,1.6362977e-09,7.159227e-12
3.3324068e-09,7.7887025e-10,1.7486467e-11,4.7852207e-09,5.0552368e-11,2.1433564e-08,2.8748645e-06,2.1620332e-05,0.00064281636,0.0026931819,0.0025332782,0.0053492575,0.02568923,0.062439337,0.07064648,0.5060607,0.00094836176,0.07786625,0.031142725,3.49574e-08,0.2139639
1.1303977e-06,2.797398e-06,7.576999e-06,0.0005073602,0.00052843976,0.0078588,0.0282646,0.02861057,0.033457767,0.081375346,0.05722799,0.07652988,0.08228371,0.04110853,0.44004408,0.0070141754,0.049805284,0.000572298,0.064106025,0.00068713987,6.520417e-06
0.41703796,0.5185055,0.060265888,0.0033595439,0.00036460152,0.00037298285,4.054022e-05,2.6483856e-05,1.3573072e-05,1.0659546e-06,9.086591e-06,1.4725127e-07,8.810134e-08,4.9977866e-09,2.6629528e-11,2.4729034e-06,2.9059581e-08,3.7747797e-13,3.714396e-08,6.436483e-16,4.2820894e-12
2.3003545e-06,1.2912554e-05,0.000578217,0.03240079,0.055758692,0.33531323,0.22501732,0.15245034,0.071572654,0.064799905,0.02226651,0.012408834,0.010624574,0.00071794377,0.008553439,0.0015976331,0.0056305295,1.393445e-07,0.0002933657,6.8240666e-07,9.363225e-10
0.0027084483,0.043001644,0.40435663,0.38451114,0.10804079,0.048025563,0.0049057137,0.002425595,0.0013792933,0.00012146968,0.00036820406,2.1930147e-05,2.9417037e-05,2.6983955e-07,8.169488e-09,9.68449e-05,6.2073755e-06,1.9332733e-11,8.557673e-07,5.417448e-12,7.420693e-12
3.319108e-06,7.826531e-06,4.8589434e-05,0.0020363224,0.003251039,0.04519853,0.06554401,0.052634943,0.04224678,0.060833283,0.04335391,0.109008074,0.10420848,0.05705436,0.31798398,0.0133589115,0.062182892,0.0016351101,0.015215387,0.0041893185,4.934319e-06
0.041219663,0.14277008,0.3630105,0.25425717,0.097391166,0.044392094,0.01907271,0.014190522,0.008053379,0.002275226,0.0067029363,0.0010387509,0.00055094244,0.00014034916,3.9923593e-06,0.0044523063,0.00033293772,1.2235857e-07,0.00014503942,1.5925385e-08,1.2128555e-07
4.460327e-06,6.2853733e-06,1.88491e-05,0.0008222705,0.0016301108,0.012573156,0.036747586,0.033527337,0.04245064,0.05778308,0.056492552,0.11893666,0.054445613,0.13102,0.18474783,0.018950181,0.16959488,0.003594458,0.02036925,0.056266222,1.8608425e-05
2.1394962e-05,0.0002922503,0.04111308,0.23780702,0.29715157,0.2835019,0.054948565,0.030496147,0.01777882,0.007966538,0.008668167,0.0046147676,0.010317003,0.00030887072,3.774295e-05,0.0033765645,0.001482885,2.0373184e-07,0.00011548933,1.0360436e-06,2.2071434e-09
3.3274235e-05,4.5105e-05,0.00012622288,0.0047975555,0.0015007411,0.013541125,0.081546314,0.16862464,0.18408106,0.15057726,0.07485779,0.09645942,0.046122972,0.014156596,0.033579,0.061013736,0.062761456,0.00015595216,0.0060095256,2.326613e-06,7.893938e-06
9.307739e-08,4.846635e-07,1.48679255e-05,0.0009011629,0.0025764697,0.021975283,0.03587081,0.01972245,0.023276199,0.11887282,0.1142886,0.2061386,0.28871337,0.03030573,0.058677174,0.007728409,0.057608843,0.00030418555,0.011429658,0.0015947078,1.13513465e-07
4.560864e-05,6.876524e-05,0.0001930455,0.006897996,0.002274902,0.018154029,0.0942996,0.16865867,0.17804517,0.15868545,0.075281784,0.092901595,0.040914863,0.013627772,0.03639551,0.05283119,0.05369249,0.00011087447,0.0069110035,3.011164e-06,6.6009907e-06
0.03069143,0.24918783,0.44942272,0.20067708,0.04095638,0.023520391,0.002775495,0.0014346737,0.0008184716,7.896939e-05,0.000300777,1.3684844e-05,1.4934958e-05,2.8107817e-07,6.070918e-09,0.00010175509,3.9631295e-06,3.4700708e-11,1.1550316e-06,2.2849825e-12,4.255839e-11
3.7488746e-06,1.7444247e-06,1.0519329e-06,5.519622e-05,1.4750574e-05,0.0003189181,0.004677218,0.024682643,0.0652853,0.0475469,0.05459098,0.09731549,0.21018808,0.0921588,0.091643445,0.06727323,0.1759584,0.04552057,0.020892613,7.283549e-05,0.0017980703
1.9253726e-05,3.1337593e-05,0.00021766819,0.0087455865,0.008796283,0.07476508,0.19286893,0.22064027,0.15206775,0.081563376,0.03755808,0.047308743,0.021788424,0.015427304,0.045723278,0.024324477,0.06611541,5.4977958e-05,0.0019253113,5.7601792e-05,8.414342e-07
6.788077e-05,0.0016234836,0.14537185,0.42501682,0.27495584,0.12622507,0.013110845,0.007764388,0.0038389727,0.00055589573,0.00081621547,0.0001352776,0.00024605743,2.3124414e-06,1.9562455e-07,0.00022468029,4.1663803e-05,2.7153468e-10,2.4956953e-06,6.861431e-10,1.3416424e-11
6.652167e-06,1.2414616e-05,9.324701e-05,0.005890108,0.004809884,0.08219142,0.17115587,0.21363078,0.113724984,0.082433835,0.02961207,0.047316406,0.03351051,0.0142592965,0.14661129,0.015440512,0.037163552,4.148673e-05,0.0020802391,1.48939025e-05,5.276566e-07
1.9670929e-06,4.906518e-05,0.018837947,0.18959363,0.34976065,0.37626687,0.035218194,0.014378213,0.008366954,0.002214802,0.0020636506,0.00073244143,0.0019929663,1.8807375e-05,5.9566087e-06,0.00027247635,0.00021566114,2.186622e-09,9.718895e-06,7.2976114e-08,1.1519973e-11
3.3935664e-06,1.6153026e-06,9.234048e-07,4.080539e-05,1.6154869e-05,0.000433677,0.0037106639,0.015941018,0.03292151,0.032783505,0.035472654,0.062633716,0.162221,0.120567955,0.0967871,0.09676956,0.22876441,0.08966641,0.018534949,0.0010322122,0.001696773
5.685788e-06,4.1617062e-05,0.0031681466,0.06911822,0.22039522,0.46188715,0.13434707,0.050530132,0.030354733,0.011643278,0.0061074025,0.0047504753,0.003140669,0.00050957355,0.0005827093,0.0010074193,0.0023021176,9.8515564e-08,9.371523e-05,1.4517452e-05,7.87181e-10
0.0046663294,0.033887148,0.2952162,0.34557375,0.17738046,0.090938285,0.019405942,0.015311097,0.00854307,0.0017530153,0.003392359,0.0006950986,0.0008857302,4.6425015e-05,3.6120905e-06,0.0019557585,0.0002842757,7.621808e-08,6.1309955e-05,3.40635e-08,2.315833e-08
1.0247267e-06,8.803425e-06,0.000998144,0.033598233,0.10426582,0.5721616,0.13288587,0.058443993,0.033246826,0.017028717,0.009959081,0.009856088,0.01900681,0.0008597968,0.0026342547,0.0011456258,0.0036553964,5.0593144e-07,0.00022160774,2.1798016e-05,7.784724e-10
2.7190534e-05,3.650382e-05,0.00022800567,0.0073212953,0.005128707,0.039870065,0.14639698,0.24718104,0.17352383,0.082778096,0.045928955,0.057567235,0.025929796,0.011216861,0.016327016,0.05441142,0.08477835,0.00012439323,0.0012095071,1.2939305e-05,1.7946489e-06
4.7333866e-05,0.00018321583,0.0045457585,0.060854137,0.15708996,0.37636533,0.1778915,0.10845685,0.05107864,0.019603532,0.009962916,0.00983652,0.00573095,0.0024933158,0.0027099194,0.004150936,0.008601476,3.3584504e-06,0.00029661736,9.76653e-05,4.879108e-08
1.4396762e-05,6.4689266e-05,0.0021817447,0.02363132,0.03527088,0.07859447,0.08437401,0.11127434,0.05950621,0.14132135,0.11698329,0.09715769,0.15262426,0.016227666,0.006462136,0.031872615,0.038977996,7.5744545e-05,0.0033731556,1.1394621e-05,6.3355174e-07
1.4016722e-05,1.3784457e-05,3.8323808e-05,0.0019190735,0.0006415653,0.0074062846,0.061812308,0.14978106,0.21153563,0.115315825,0.07103983,0.10065912,0.050113905,0.017668582,0.024504704,0.076053776,0.10728907,0.0004102949,0.0037693745,3.5516152e-06,9.923083e-06
4.816574e-07,1.1636879e-06,5.306922e-06,0.00022671928,0.00036703105,0.0043800175,0.015666893,0.014541106,0.015585043,0.08526932,0.08614779,0.19606528,0.18899341,0.07083464,0.16621362,0.015309158,0.09539237,0.011604618,0.027949492,0.005435081,1.1452975e-05
1.3534166e-06,1.3710193e-06,1.3927225e-06,0.00010455775,8.8060435e-05,0.0018082542,0.012386713,0.024557928,0.043307204,0.04159066,0.0408014,0.08559061,0.0818651,0.13509418,0.23400617,0.028671922,0.21382165,0.011257448,0.03892688,0.0060209963,9.6089934e-05
2.9859666e-05,0.00071643066,0.08553362,0.3624685,0.34311578,0.14926499,0.0231328,0.016762018,0.008218229,0.0038302233,0.0048845476,0.00069738517,0.0009203189,4.9562445e-06,1.5612361e-06,0.00027234777,0.00013529546,6.447672e-10,1.10932115e-05,7.9724044e-10,2.2330074e-11
5.138431e-06,7.852945e-06,4.1014777e-05,0.0022228146,0.0041549182,0.04396369,0.104740426,0.10746802,0.08530886,0.07433197,0.048861053,0.07428654,0.040710475,0.06122137,0.18742082,0.016019471,0.14043309,0.0003370788,0.0061898804,0.0022731533,2.2985876e-06
3.0760562e-05,3.602013e-05,4.920608e-05,0.001305567,0.0005180191,0.0054296213,0.03431194,0.073158875,0.09724165,0.10740733,0.0697006,0.10633025,0.12091306,0.053955566,0.15553324,0.046932906,0.08191677,0.0030621781,0.041816793,9.4555035e-05,0.00025506195
1.7418852e-06,1.7393795e-05,0.0021878714,0.0565748,0.109214045,0.38231978,0.13011895,0.052174475,0.04044908,0.035938505,0.029852526,0.037488397,0.09469098,0.0046172803,0.001689017,0.009669662,0.012062611,5.7468756e-06,0.00083618396,9.099879e-05,6.0143655e-09
1.6402335e-05,1.450115e-05,2.0503094e-05,0.0010481772,0.00017766777,0.0019002543,0.02566545,0.09173837,0.19013402,0.16523235,0.11385718,0.14617728,0.06628775,0.018870417,0.025241366,0.06633523,0.07490326,0.00053919846,0.011807111,4.0447037e-07,3.3084118e-05
1.3553904e-05,1.3729586e-05,1.1519845e-05,0.00033800784,0.00012471227,0.0017167854,0.014201325,0.03686966,0.061334305,0.073684186,0.056659173,0.104519665,0.15686673,0.08218676,0.19048633,0.045266833,0.09119599,0.011406688,0.07201022,0.00020410672,0.0008897277
1.2287008e-05,1.1573417e-05,2.549608e-05,0.0011308749,0.00060690125,0.008469373,0.054758318,0.11555362,0.15113607,0.08563551,0.057481192,0.08620204,0.072386965,0.044619303,0.084865734,0.054142453,0.17332765,0.0014441657,0.00804891,0.000106127314,3.5378736e-05
1.2923562e-06,2.234689e-06,1.3358256e-05,0.0020263528,0.0013865315,0.028135626,0.14155142,0.17334877,0.16947438,0.1121348,0.044865366,0.06356766,0.027155036,0.020001683,0.12711748,0.01556776,0.07015585,1.6810625e-05,0.003466248,1.1150804e-05,1.5811274e-07
4.3460495e-05,0.00020625355,0.006335657,0.079440355,0.17042896,0.27031732,0.15362948,0.060702663,0.05972714,0.042124763,0.033262566,0.0411953,0.028429339,0.012451999,0.0031538592,0.015429288,0.019072603,1.6848853e-05,0.0027469283,0.0012849201,2.3869137e-07
1.6448774e-06,1.374785e-05,0.0009548053,0.023383487,0.0633898,0.18558124,0.11636547,0.06646231,0.05549328,0.12427003,0.10825628,0.07085057,0.14762026,0.0037734553,0.008745016,0.0047281617,0.017314296,6.07392e-06,0.002761369,2.8673321e-05,1.5758012e-08
2.2475564e-05,0.00013341394,0.0064640464,0.08970697,0.23201588,0.36076137,0.13538219,0.050570864,0.042562433,0.022902653,0.016581092,0.015854143,0.01134456,0.0026759964,0.0012491804,0.0042329878,0.006647822,1.6552123e-06,0.0006990317,0.00019119332,2.1921267e-08
3.3528846e-07,7.359978e-07,1.7971612e-06,0.00011344688,0.00025885736,0.0024522864,0.009229294,0.004668402,0.009475276,0.020433594,0.026276877,0.08383827,0.017798925,0.06329822,0.04285631,0.008040738,0.05423219,0.0064660637,0.016518198,0.6340362,4.0618397e-06
0.0061262166,0.031458367,0.25553477,0.34434494,0.19377786,0.07248336,0.03200189,0.023110753,0.015340005,0.0044765146,0.009991296,0.0023587954,0.0012582425,0.00026720483,8.696644e-06,0.0065280437,0.0007194177,1.5995438e-07,0.0002133069,8.663912e-08,7.4128494e-08
3.1226718e-06,1.1607278e-05,0.0002975642,0.014045217,0.030609075,0.32383028,0.19936869,0.14538679,0.06741793,0.047074094,0.02194148,0.028963858,0.034077875,0.005971177,0.06026637,0.0037232384,0.015759612,9.914362e-06,0.0011758087,6.634788e-05,3.8193708e-08
1.1962802e-06,1.3589292e-05,0.0023145152,0.05895176,0.15133159,0.54783607,0.10916202,0.044851277,0.026851432,0.013869602,0.00974681,0.008488944,0.020758778,0.00059707044,0.0006603165,0.0015281775,0.0028859847,3.3342081e-07,0.00014021793,1.0363163e-05,4.7979704e-10
5.7092726e-05,0.0003758464,0.016587852,0.14165398,0.2803427,0.3468713,0.102314346,0.04795862,0.031105828,0.010687651,0.0074504027,0.004809217,0.0038256147,0.00062746566,0.00032166217,0.0023004222,0.0025073912,3.6914986e-07,0.00018694633,1.5312464e-05,1.1135206e-08
1.5477597e-06,1.4292318e-05,0.0016555996,0.04626694,0.12194182,0.5135634,0.127561,0.053103458,0.035774007,0.021940816,0.015464445,0.016065381,0.035010617,0.0014303639,0.0020586837,0.002360591,0.005360484,1.2062382e-06,0.00038452237,4.0790503e-05,1.8541125e-09
3.13564e-07,1.0031569e-06,7.958683e-06,0.00035224066,0.00068959256,0.0068492433,0.01933988,0.013883501,0.017019225,0.09738746,0.100213006,0.2124849,0.22270566,0.059761472,0.12218675,0.012432487,0.077574424,0.0038697324,0.028025847,0.005212173,3.1117113e-06
2.139407e-06,1.9384388e-05,0.0017711384,0.036628734,0.0961971,0.24115662,0.12750238,0.08345494,0.054619033,0.10293966,0.084694706,0.04658969,0.10039804,0.0021023415,0.004060088,0.004059287,0.012595909,2.385211e-06,0.0011996346,6.719746e-06,7.178146e-09
1.0895702e-05,5.84766e-06,1.3253646e-06,3.322433e-05,4.925172e-06,0.000102348284,0.001447775,0.0052266927,0.019535828,0.03334539,0.03360652,0.053522166,0.14028972,0.117484316,0.15396051,0.15687568,0.035490684,0.09990047,0.09460043,9.023733e-05,0.05446501
1.1009445e-05,3.466796e-05,0.0007570334,0.03877077,0.035457112,0.18617079,0.25898927,0.24679303,0.13343641,0.044900417,0.0153456265,0.015241297,0.0032732708,0.0007380113,0.0024333664,0.008265447,0.009272366,2.8206253e-07,0.00010958574,2.3450849e-07,3.109311e-09
1.2702678e-05,1.2090306e-05,3.1726016e-05,0.0013093519,0.0007933585,0.010554091,0.061711416,0.13289753,0.15253349,0.081653275,0.0555888,0.08020389,0.06593406,0.039223116,0.06181864,0.058911618,0.19010097,0.0013431604,0.005232248,0.00010953157,2.4957957e-05
4.4582947e-07,8.784384e-07,2.133711e-06,9.92406e-05,0.0002170899,0.0020694793,0.0076851416,0.004117928,0.00791008,0.017506637,0.022695826,0.07196012,0.0175816,0.056896046,0.025495427,0.010308924,0.0530111,0.012373146,0.010110298,0.67995214,6.353988e-06
1.5517187e-06,1.0440184e-06,5.446546e-07,1.9683108e-05,1.1662433e-05,0.00042554823,0.0022071153,0.0050957347,0.010994198,0.019117044,0.02351045,0.042866863,0.05824402,0.09251294,0.025670975,0.15102102,0.106216215,0.42184377,0.011239159,0.028522663,0.00047774587
1.0927928e-06,1.811885e-05,0.005266378,0.101098575,0.22565268,0.51399815,0.07580487,0.029457457,0.017962936,0.0077389525,0.006221365,0.0038652087,0.010524573,0.00016976349,9.533827e-05,0.0009243301,0.001148502,4.290801e-08,5.0336086e-05,1.3304407e-06,8.450626e-11
6.1327487e-06,3.7188653e-05,0.0018452307,0.047203965,0.13649267,0.2930949,0.1638806,0.047462747,0.059367847,0.05040964,0.04155359,0.06421799,0.038603373,0.014073751,0.0043125814,0.010064307,0.020480307,9.657531e-06,0.0030613756,0.003822069,3.855627e-08
7.0510815e-08,2.1761185e-08,7.194922e-09,1.8182586e-06,1.6461341e-07,9.089169e-06,0.0006631534,0.008078218,0.060315713,0.050067216,0.087657526,0.13138273,0.32508218,0.0668151,0.089253195,0.044536334,0.093660444,0.02135138,0.020139793,1.8354025e-07,0.0009855921
4.1893154e-06,2.9635926e-06,7.313351e-06,0.0004939117,0.0001504307,0.0024198524,0.029478865,0.11748171,0.18225974,0.09176699,0.08533608,0.10746945,0.08674969,0.020912271,0.018266644,0.080348566,0.17251754,0.0015009643,0.0028145984,1.8696154e-06,1.6448059e-05
1.0692464e-05,7.054425e-06,2.865541e-06,8.437291e-05,1.7118771e-05,0.00025905715,0.0038723352,0.016104259,0.047176547,0.055636313,0.0548373,0.10013218,0.19867595,0.10362804,0.15127428,0.0566086,0.0635029,0.040837854,0.09894927,6.0617385e-05,0.008322392
0.023797758,0.16831048,0.45202813,0.244526,0.06423181,0.03467348,0.005485191,0.0035520892,0.0018661531,0.00024560923,0.0007749121,5.740968e-05,6.0346072e-05,2.092069e-06,5.2995837e-08,0.00036532257,1.795706e-05,5.963126e-10,5.1368806e-06,4.5541737e-11,5.4413385e-10
0.00024586916,0.0053308355,0.22097343,0.45303568,0.21506791,0.08672981,0.009284901,0.005302444,0.002764318,0.0003082299,0.00060043426,6.644139e-05,0.00010641694,9.3491815e-07,5.4621434e-08,0.0001609786,1.9894816e-05,9.075027e-11,1.5169287e-06,1.0179262e-10,1.0042606e-11
8.780195e-06,8.33712e-06,3.377234e-06,9.375246e-05,2.9558078e-05,0.0004886868,0.0044734054,0.0120796645,0.027039187,0.044226684,0.045374006,0.07959768,0.1390248,0.08844347,0.17426772,0.059146363,0.0789536,0.063069716,0.1787184,0.0006552549,0.004297491
2.2605991e-05,3.2338598e-05,8.021252e-05,0.0039584604,0.0010909808,0.011069161,0.076293066,0.1550931,0.18553963,0.16910085,0.07888515,0.100782044,0.046032783,0.014286963,0.03934793,0.05246727,0.057798024,9.9962235e-05,0.008012485,1.5968031e-06,5.345625e-06
1.0758172e-06,3.7587904e-06,9.792102e-05,0.017942058,0.005287027,0.039096914,0.19747894,0.3241555,0.24281646,0.081760824,0.033942945,0.028554298,0.0015724067,0.00014119412,0.00026445676,0.018097201,0.008765104,1.6320596e-08,2.185424e-05,9.439216e-11,5.3352985e-11
2.6256435e-05,4.4213295e-05,0.0001825349,0.00750739,0.00323033,0.030144468,0.121029735,0.19125974,0.16444035,0.1476529,0.06315765,0.078327484,0.041759923,0.0124419965,0.047014322,0.037862323,0.049035124,7.294981e-05,0.0048033227,4.3160417e-06,2.6813739e-06
1.7444136e-05,8.7610504e-05,0.002290187,0.041332882,0.08699007,0.15874831,0.12953404,0.04185265,0.066593334,0.07189499,0.07156833,0.12373398,0.07336725,0.03865341,0.007440793,0.02788688,0.035856396,6.344907e-05,0.012038929,0.010048549,4.8997015e-07
1.1016543e-06,2.0258424e-06,8.742585e-06,0.0006493949,0.0007761984,0.020454621,0.04497318,0.04764728,0.034208227,0.044232454,0.02586838,0.08578502,0.07457871,0.067488275,0.4563847,0.013898894,0.06771942,0.0023592142,0.01099339,0.0019656688,5.1516654e-06
2.9413162e-05,8.001177e-05,0.0009352,0.025109636,0.03344154,0.27086163,0.20425294,0.18996783,0.082962714,0.048497166,0.018621786,0.024610916,0.020884674,0.0061994544,0.04874561,0.008322813,0.015174997,1.8332938e-05,0.0012528218,3.0204175e-05,3.260463e-07
4.2361382e-05,0.00013442828,0.002104657,0.032640137,0.08697934,0.19633049,0.16307169,0.08276475,0.07641036,0.06698866,0.05011214,0.07613643,0.04141473,0.031699665,0.01966075,0.016978085,0.043991275,0.00010142308,0.00619266,0.006244644,1.2998519e-06
2.417296e-05,3.1782572e-05,4.6172012e-05,0.0016803163,0.0005656522,0.006299902,0.042891905,0.08770804,0.120865256,0.13521717,0.07664616,0.107753254,0.09514214,0.03962275,0.13690639,0.041847322,0.06906571,0.00090771227,0.036676623,2.7867012e-05,7.37472e-05
5.122718e-06,4.1021353e-06,1.0367664e-05,0.00075519003,0.00020376388,0.003144083,0.038348667,0.12748614,0.21400408,0.112600766,0.081573516,0.111115515,0.06446883,0.017499015,0.01998496,0.07657799,0.12851667,0.00055793003,0.0031332697,1.1152052e-06,8.857494e-06
1.4140767e-06,3.7471245e-06,2.5326079e-05,0.0017511072,0.0024035121,0.030433191,0.07338571,0.06974629,0.056642868,0.12310085,0.07083993,0.078274034,0.083161965,0.023999413,0.31375554,0.006326439,0.049140904,0.000109311826,0.016703349,0.0001941554,8.607167e-07
2.0277022e-05,5.7950027e-05,0.0010235378,0.029540857,0.06259096,0.27575672,0.24001978,0.1784571,0.084200025,0.040312286,0.01793967,0.018647801,0.008284572,0.0046126596,0.012683503,0.006099355,0.01915802,5.015465e-06,0.000520959,6.890556e-05,5.485957e-08
0.00024430646,0.0012060024,0.03314562,0.19461776,0.19060928,0.1486504,0.10646249,0.06053382,0.05644768,0.03621208,0.039443593,0.035714693,0.020602496,0.009923217,0.00043897057,0.051406223,0.0118871,7.611817e-06,0.0024026965,4.347156e-05,4.6175776e-07
3.995979e-06,1.9262934e-05,0.00092721736,0.030075755,0.07066045,0.51298606,0.17707646,0.115426324,0.04159788,0.017986136,0.006532514,0.0067669516,0.0076880134,0.0008309438,0.0061377767,0.001461888,0.0036823624,6.0040406e-07,0.00013418058,5.249931e-06,2.8414195e-09
2.3951565e-05,3.555673e-05,9.51847e-05,0.004769139,0.0012815063,0.012612144,0.0835128,0.166429,0.19413523,0.16824536,0.07659823,0.097142935,0.039049245,0.01196843,0.03160253,0.05303654,0.052937914,7.052689e-05,0.0064491183,1.0692212e-06,3.6038684e-06
7.603961e-05,0.0016053998,0.14162417,0.4056537,0.28609172,0.13205487,0.015425638,0.009568747,0.004821441,0.0008097683,0.0011812716,0.00023123798,0.00042069063,5.124781e-06,4.3622956e-07,0.0003525508,7.237573e-05,9.009912e-10,4.923634e-06,2.2824567e-09,4.3392505e-11
7.044926e-05,6.497391e-05,0.00014887506,0.0029687844,0.0015960406,0.010793639,0.056489423,0.12675121,0.14701319,0.09701387,0.075911574,0.09445806,0.07193056,0.033926044,0.041210346,0.079659775,0.14941072,0.0026659444,0.0077277534,8.049929e-05,0.0001082882
3.104093e-05,4.6121004e-05,0.00023981585,0.00889655,0.003933509,0.026296714,0.12627512,0.21988302,0.2016788,0.10899431,0.06459291,0.075822845,0.020662757,0.0068877502,0.011205492,0.061720006,0.061410278,6.5238586e-05,0.001354804,1.6905343e-06,1.2777725e-06
1.4622794e-06,3.5310542e-05,0.0135851875,0.1609958,0.32773432,0.43005708,0.037331607,0.01574468,0.008434322,0.001991212,0.00161628,0.00056026096,0.0015319233,1.3344162e-05,7.3253773e-06,0.00017815518,0.00017519554,1.3860204e-09,6.5061918e-06,5.314763e-08,6.6173577e-12
1.03644825e-05,5.6863023e-06,2.5701843e-06,9.8215365e-05,1.5784848e-05,0.000219686,0.0040084855,0.020534286,0.080073744,0.07804828,0.08766299,0.13655621,0.19496225,0.084822744,0.10533433,0.059015885,0.059857327,0.020866154,0.06354339,5.7643697e-06,0.004355821
0.05282534,0.3464438,0.40912488,0.14383009,0.02742746,0.01617593,0.0020231518,0.0010976758,0.0006111834,6.146173e-05,0.00025358784,1.1008464e-05,1.08676e-05,2.8289156e-07,4.785489e-09,9.9016754e-05,3.10683e-06,3.7802903e-11,1.1274385e-06,1.4786213e-12,6.440114e-11
6.4919122e-06,1.7442917e-05,0.0001894751,0.009405837,0.01363345,0.19467409,0.1755425,0.16483967,0.0777122,0.054946285,0.023039293,0.037615273,0.03856578,0.0141234705,0.16057365,0.0073063625,0.02485546,4.350903e-05,0.002811462,9.7916425e-05,3.402631e-07
1.982904e-05,3.384695e-05,0.00015358714,0.007728974,0.0028722603,0.028025907,0.12643571,0.2118165,0.1851832,0.14987369,0.06028133,0.073888235,0.030574908,0.008487091,0.029204637,0.03955094,0.042870812,3.1373605e-05,0.00296493,1.1884985e-06,1.0373882e-06
1.7678666e-06,7.9881573e-07,2.0881544e-07,1.2147536e-05,2.2984655e-06,8.835493e-05,0.0014076922,0.0064912476,0.023436487,0.030084837,0.031473603,0.056483615,0.17219861,0.12161694,0.12750709,0.13959238,0.10829383,0.13078514,0.04275025,0.00022688623,0.007545761
2.4809186e-05,5.3267453e-05,0.00032410244,0.01376346,0.0077881967,0.059737813,0.16701551,0.20028326,0.15494053,0.1467251,0.05694268,0.057298344,0.02781591,0.007865954,0.041962873,0.020945065,0.03304026,1.7742115e-05,0.003451107,3.4967295e-06,5.6976916e-07
1.4913219e-05,5.8810936e-05,0.0010880984,0.02550092,0.07413095,0.19144371,0.15808731,0.06634735,0.07690089,0.07857939,0.06270822,0.09752343,0.04875431,0.027691174,0.02689816,0.011518451,0.037620377,5.434083e-05,0.008373045,0.006705688,4.6554567e-07
8.0434875e-06,6.156115e-05,0.0033847091,0.04297487,0.08965062,0.1668644,0.10548674,0.08123646,0.057600655,0.12023783,0.11643114,0.06315889,0.11849159,0.0035123911,0.0042002755,0.0076358225,0.016396375,7.747617e-06,0.0026499096,9.956906e-06,5.280569e-08
0.3079597,0.57888395,0.101244204,0.009301218,0.0012184392,0.0010706529,0.00013993615,8.6600616e-05,4.7251273e-05,4.432241e-06,3.0754614e-05,7.452322e-07,4.9715084e-07,3.05507e-08,2.3615743e-10,1.12865855e-05,1.6779666e-07,4.1298362e-12,1.7309009e-07,1.5589443e-14,3.1249617e-11
2.8133367e-05,4.409224e-05,0.00013784465,0.0065029147,0.0018358422,0.016397862,0.09716705,0.1849682,0.19918787,0.16257976,0.072619334,0.08923012,0.031094184,0.009465447,0.023619432,0.052636836,0.0478955,4.7208974e-05,0.004539338,7.879339e-07,2.206404e-06
7.116655e-06,2.3277602e-05,0.00034873394,0.012017601,0.04261401,0.17086728,0.15299298,0.06399344,0.06523299,0.06223504,0.048032694,0.104113355,0.038937375,0.04726915,0.039428495,0.010385822,0.064427525,0.00017285121,0.006908559,0.06999119,4.8216725e-07
2.8852044e-06,6.0863126e-06,2.9942685e-05,0.001396483,0.001883861,0.021179544,0.053390935,0.058775846,0.046747725,0.10511411,0.06982691,0.091590606,0.103005424,0.03734115,0.30767977,0.009469307,0.07213549,0.00061363593,0.019153776,0.0006515544,5.043873e-06
3.9950308e-07,3.0768655e-07,4.9962726e-08,2.0360137e-06,3.6915802e-07,3.1386768e-05,0.00029320724,0.0006913438,0.001848275,0.0062963665,0.0061120973,0.015354696,0.023929887,0.02928349,0.019644825,0.16698302,0.011946403,0.70342034,0.011114186,0.00074222515,0.0023050485
4.2069423e-05,0.00011321817,0.0012851771,0.016930485,0.023157448,0.050963264,0.07500181,0.049079817,0.049641766,0.07197018,0.060522284,0.13191323,0.0792831,0.15258087,0.010732853,0.13136163,0.073858365,0.00076995767,0.014166707,0.006614036,1.1736706e-05
3.2816652e-06,1.5427217e-06,8.226829e-07,4.6479017e-05,9.369604e-06,0.00018274828,0.0037052264,0.020681228,0.07510471,0.059324604,0.07719988,0.120722435,0.22701158,0.07623862,0.09926448,0.05768198,0.118138365,0.032212824,0.030251725,1.581102e-05,0.00220233
3.5315074e-06,6.446017e-05,0.015656874,0.16679269,0.30900356,0.40788776,0.0499373,0.020228136,0.013074787,0.004523528,0.0042824424,0.0019994308,0.0050858227,8.001674e-05,2.8022325e-05,0.0006992098,0.00061137456,1.9939549e-08,4.0410298e-05,6.0536587e-07,1.0590388e-10
0.0060346057,0.07918795,0.44948098,0.3340374,0.08328192,0.03973706,0.0042682225,0.0021384764,0.001214548,0.00010910441,0.00035784874,1.9256786e-05,2.4243955e-05,2.725322e-07,7.1646773e-09,0.000101707265,5.477235e-06,2.2417969e-11,9.447639e-07,3.7808394e-12,1.25117e-11
1.1569612e-06,6.735215e-06,0.00040286905,0.017049648,0.05094338,0.41055942,0.17089054,0.08974265,0.051941555,0.040631264,0.024710244,0.037134625,0.06115854,0.005352156,0.01961636,0.003612361,0.015081721,9.823727e-06,0.00096653216,0.00018846364,1.0335742e-08
1.2116201e-06,1.7876733e-05,0.0042047068,0.089644894,0.20248102,0.5166159,0.0865154,0.031492434,0.022101317,0.01092425,0.008944728,0.006454134,0.01672961,0.0003385616,0.00020557802,0.001359368,0.0018532838,1.0953024e-07,0.00011116692,4.4067356e-06,2.0144858e-10
6.2701315e-06,9.251271e-06,3.2093136e-05,0.0015767388,0.002503887,0.025273995,0.07184349,0.07324128,0.071739465,0.07289081,0.052913528,0.08073419,0.047588605,0.07658602,0.26278955,0.015663076,0.12710445,0.00063595857,0.013732344,0.0031277451,7.2622856e-06
1.3217163e-05,7.245174e-05,0.0033022102,0.06049621,0.19123657,0.38467315,0.1548962,0.057206083,0.047081113,0.026948217,0.018090328,0.020761646,0.013676745,0.0041350084,0.0024830727,0.0040127477,0.0094650695,2.881339e-06,0.0008492837,0.00059777824,2.2410548e-08
4.496908e-05,0.00012508112,0.0019177169,0.03143893,0.08706307,0.24005938,0.19444436,0.12739858,0.07875321,0.051087562,0.031491395,0.04116741,0.022554856,0.018927746,0.01767882,0.0117982235,0.039880425,5.4611806e-05,0.0022290351,0.0018838955,6.8526185e-07
7.406889e-05,0.00023334044,0.004305515,0.049781427,0.1341732,0.29174304,0.18133783,0.11399737,0.06619474,0.037021518,0.022803567,0.026582194,0.016453786,0.01117082,0.0075487643,0.010293262,0.023878183,2.9414281e-05,0.0014411316,0.00093633245,5.014969e-07
7.2328385e-07,2.2195493e-06,3.5617188e-05,0.0014202095,0.0030227918,0.02465714,0.044603776,0.039307892,0.031461798,0.12211188,0.09901256,0.15584294,0.23718926,0.03706684,0.10365481,0.011787788,0.07803058,0.0007832323,0.009213606,0.0007933586,1.0391615e-06
2.5775294e-05,3.5117133e-05,0.00012921645,0.005112841,0.0017491232,0.01555456,0.09081879,0.19753486,0.18937258,0.14001754,0.07189558,0.09065142,0.03759879,0.010262619,0.02199407,0.060662493,0.06340141,0.00010523634,0.003073259,1.2262732e-06,3.459095e-06
1.5784807e-06,9.68179e-07,2.4604358e-07,8.218331e-06,2.5702077e-06,0.000115605435,0.0007542765,0.0019840251,0.006185737,0.013329996,0.014802747,0.024812028,0.044754043,0.057105646,0.01889814,0.21072349,0.04657156,0.53884923,0.013805818,0.005454059,0.0018399123
1.768785e-06,4.2715724e-06,6.614073e-06,0.00035298496,0.00031454756,0.0042682844,0.017288452,0.017495085,0.025493508,0.06734446,0.054861,0.07156609,0.07653684,0.04777883,0.41702053,0.00888538,0.047249652,0.0016763436,0.1405084,0.0013194972,2.7448134e-05
1.5840159e-06,1.5707235e-05,0.002122321,0.053602803,0.1475368,0.59462786,0.106050216,0.04715486,0.02312991,0.008978181,0.0047846995,0.0033364794,0.006018572,0.00019130346,0.00063613243,0.00054068596,0.0012124769,6.417357e-08,5.724984e-05,2.1093692e-06,2.0156457e-10
2.1832695e-05,2.765468e-05,0.000116472744,0.0044919173,0.0032247147,0.031236969,0.12531896,0.18546247,0.168735,0.094561175,0.051510375,0.06869525,0.03753015,0.023951404,0.05519218,0.04244379,0.10359115,0.00023628362,0.0035874455,5.998803e-05,4.8421207e-06
7.69273e-06,5.265202e-06,7.3386063e-06,0.0003924385,0.000110550885,0.0017393325,0.021474376,0.07346484,0.15038565,0.094275735,0.07729822,0.116340876,0.121235654,0.04238053,0.060822085,0.0694707,0.15532187,0.0035060938,0.011621244,1.36291965e-05,0.00012586356
1.1975067e-05,2.2333574e-05,0.00018236357,0.005315042,0.008271147,0.11340058,0.12635301,0.16641314,0.06253421,0.054995544,0.030063411,0.06576089,0.07510098,0.040699277,0.14914738,0.020190625,0.07648658,0.0012511964,0.003013364,0.0007825842,4.382627e-06
9.657034e-06,1.2104896e-05,4.5338267e-05,0.0029342577,0.0011495112,0.0139509505,0.09714355,0.17768984,0.2157458,0.12018973,0.060550198,0.08512307,0.035556726,0.014279323,0.035276968,0.05458484,0.08253839,0.00010161588,0.003111831,3.938747e-06,2.293659e-06
1.9653355e-06,2.0328146e-06,3.38265e-06,0.0004241287,9.444558e-05,0.0022733465,0.03583704,0.09564637,0.19896874,0.13250177,0.06845523,0.11797615,0.07402089,0.02944909,0.08811701,0.050181087,0.09272299,0.00027261107,0.013040659,2.3025448e-06,8.737713e-06
0.024952272,0.20075981,0.46258873,0.22563508,0.05070161,0.027907848,0.0035786964,0.0020202096,0.0011070389,0.00011713537,0.00041532295,2.2478196e-05,2.4537203e-05,5.5730396e-07,1.2093756e-08,0.00016017203,6.6833404e-06,8.50168e-11,1.851931e-06,6.066644e-12,8.961239e-11
8.323982e-07,3.1449604e-06,5.9860275e-05,0.0026356084,0.0067856656,0.05111834,0.07194767,0.04896285,0.044247013,0.12994398,0.10574667,0.13073978,0.18852046,0.021861423,0.12145911,0.006493346,0.05855321,0.00022128192,0.0097566275,0.0009427349,3.441714e-07
4.8661717e-05,0.0013427676,0.12423123,0.431497,0.27529296,0.14363825,0.012391035,0.006648919,0.0034509716,0.00043892977,0.00060211244,8.7493994e-05,0.00017115992,1.0924896e-06,1.3815797e-07,0.00012874285,2.7054944e-05,9.643614e-11,1.4951088e-06,3.964616e-10,4.3248664e-12
1.4770513e-05,0.00043209942,0.070594415,0.36026594,0.32153252,0.21459319,0.017366406,0.008623969,0.004429255,0.00069273275,0.0007685804,0.00014950361,0.00034128586,2.3141597e-06,5.054047e-07,0.00014195347,4.837544e-05,2.3536484e-10,2.2733489e-06,2.4527496e-09,5.1562725e-12
5.2425685e-06,3.9743327e-06,8.166288e-06,0.0005690831,0.00014616545,0.0020830936,0.029006759,0.09903499,0.19122337,0.11998652,0.0959118,0.12479011,0.079678506,0.019984946,0.02745499,0.07008551,0.13415448,0.0008355651,0.0050174324,1.458563e-06,1.7834227e-05
5.6097683e-06,1.5106459e-05,0.00017963923,0.009319674,0.013632226,0.20473844,0.18263277,0.17635114,0.07830623,0.052774508,0.02141078,0.036117766,0.036885038,0.013117725,0.14036979,0.007336966,0.024495712,3.8680388e-05,0.0021929748,7.890166e-05,2.6001817e-07
2.3534036e-05,3.2310796e-05,0.00020671681,0.007256333,0.004915249,0.038605783,0.14651714,0.24560514,0.17658195,0.08736834,0.047791578,0.0590688,0.025085658,0.010218465,0.016630135,0.052028187,0.08078823,9.702085e-05,0.0011686169,9.411348e-06,1.3905761e-06
6.320044e-05,0.00015415715,0.0020798298,0.04357591,0.054269794,0.18857238,0.22079627,0.22116303,0.11371863,0.051514138,0.025152806,0.024740225,0.008740701,0.0031584378,0.007052372,0.014335263,0.020387147,7.671713e-06,0.0005074445,1.0365158e-05,1.6203964e-07
2.9135756e-06,6.7478554e-06,9.291846e-05,0.010552756,0.0064221346,0.06930785,0.2384846,0.2714774,0.19526516,0.08782289,0.028230997,0.033679325,0.0070751803,0.0023251015,0.010264002,0.015694413,0.022969615,8.5860086e-07,0.0003248928,2.4496785e-07,7.53952e-09
5.6493623e-06,7.12897e-06,1.4858473e-05,0.0003437848,0.00036700245,0.008103518,0.02396248,0.032165505,0.020056475,0.046781544,0.03627356,0.11727242,0.11508988,0.10531653,0.157928,0.051144976,0.11358321,0.14664018,0.010995318,0.013794677,0.00015326406
2.3723018e-05,4.0231982e-05,0.00027463303,0.00905499,0.01245664,0.08508294,0.18241194,0.18906537,0.12225332,0.08265015,0.042956498,0.0505731,0.02605557,0.023992063,0.07352418,0.019172465,0.077071324,9.284029e-05,0.0030113417,0.0002351959,1.4753119e-06
1.4662257e-05,1.3131286e-05,2.7390928e-05,0.000768065,0.00093939767,0.009611314,0.032572374,0.06121827,0.057053417,0.049893863,0.04758672,0.08186449,0.07593363,0.10991008,0.10286691,0.050099894,0.29265136,0.01076903,0.009415851,0.006679769,0.00011039118
3.9333772e-06,2.8201766e-06,1.8872298e-06,0.00013706498,1.7006545e-05,0.00031685672,0.00758755,0.03774451,0.12707236,0.13501923,0.110597126,0.16002645,0.14045101,0.042283054,0.06628548,0.052374363,0.07103101,0.0025070487,0.046312615,6.6660704e-07,0.00022792688
1.0610944e-06,2.9980915e-06,2.4052479e-05,0.0022081407,0.0053026825,0.047075048,0.100894436,0.05401706,0.061557744,0.09180026,0.062297065,0.10496158,0.037841454,0.05171954,0.29538822,0.0057718684,0.05826862,6.096311e-05,0.016677734,0.0041292193,3.2477055e-07
3.7248315e-05,0.00091800885,0.114925995,0.39589873,0.30640963,0.14981444,0.015827898,0.008910935,0.0045120013,0.0007620554,0.0010427677,0.00020689926,0.00040658115,3.931159e-06,4.085699e-07,0.00025493753,6.368441e-05,5.48599e-10,3.7470693e-06,2.274474e-09,1.8165101e-11
7.553312e-06,8.884187e-06,3.8029968e-05,0.0025858209,0.00086852576,0.010207067,0.08438241,0.19374274,0.23159142,0.11685584,0.066667974,0.08737122,0.029569963,0.008813011,0.014258846,0.067068726,0.084283985,8.2197075e-05,0.0015938659,7.3104667e-07,1.200023e-06
1.1884353e-05,0.00011226149,0.011438886,0.12247208,0.18115471,0.36757898,0.104443446,0.057607457,0.034034327,0.022795755,0.019268624,0.01718984,0.04208183,0.0022830898,0.00048409082,0.009743733,0.00684244,3.3924841e-06,0.000436643,1.6528862e-05,1.4253138e-08
5.683161e-05,0.0005172873,0.03936946,0.20653327,0.24104524,0.26956132,0.076556675,0.053496297,0.029655464,0.016367778,0.01626569,0.011159791,0.023187332,0.0013743726,0.0001720677,0.009979925,0.0043246797,2.2245276e-06,0.00036970564,4.5249244e-06,3.2313483e-08
9.395402e-07,4.440309e-07,2.2402224e-07,2.1681302e-05,3.1327177e-06,9.225571e-05,0.002894141,0.018186338,0.08425739,0.06488232,0.07634521,0.13065267,0.23415284,0.07477818,0.10657586,0.04856848,0.1022477,0.017699141,0.03758291,3.926312e-06,0.0010542732
5.2799023e-06,2.3757853e-05,0.000726315,0.027865995,0.050231628,0.27545774,0.21269326,0.16313602,0.07881408,0.08171282,0.032868456,0.021136867,0.021692256,0.0018586376,0.01702391,0.0029061895,0.01110909,1.281818e-06,0.000731709,4.6544924e-06,1.0859314e-08
0.04245813,0.27851146,0.43837908,0.17549692,0.037550636,0.021284772,0.0029277797,0.0017280394,0.00093347137,0.00010475147,0.00039775216,2.1342039e-05,2.122474e-05,6.650482e-07,1.2152285e-08,0.00017560941,6.223012e-06,1.2067873e-10,2.1391177e-06,5.735881e-12,1.67659e-10
2.756345e-05,0.00013719704,0.0044580074,0.066284746,0.1767464,0.32502753,0.1554424,0.056109607,0.054424558,0.03644029,0.027710114,0.03457568,0.022719007,0.008859686,0.0037702392,0.008184851,0.014918785,1.1243387e-05,0.0022060806,0.0019459125,1.16016295e-07
1.7129961e-06,5.7091324e-06,5.9344664e-05,0.0043148296,0.006256049,0.07168091,0.12596118,0.10063707,0.07557858,0.14318205,0.067791864,0.06117007,0.06638593,0.013400416,0.21368626,0.0050119725,0.0342566,2.2176708e-05,0.010530095,6.699545e-05,1.8257116e-07
1.46738375e-05,0.00061868643,0.08752379,0.44882983,0.28224948,0.16404483,0.009487222,0.004209612,0.0023255576,0.00023150403,0.0003079834,3.4191246e-05,7.148216e-05,1.9725479e-07,3.5468346e-08,4.1616953e-05,8.958174e-06,5.5391603e-12,4.0269921e-07,5.0465444e-11,1.774786e-13
4.022155e-06,7.2802686e-05,0.015761256,0.16080569,0.3111455,0.42785683,0.044197742,0.019988794,0.011229095,0.0028959655,0.002322978,0.0008896274,0.0021614393,2.8884768e-05,2.0218042e-05,0.00029685086,0.00030573798,6.1420704e-09,1.6437762e-05,1.8976887e-07,4.6965105e-11
2.6473185e-07,1.3735576e-07,1.01352e-08,7.7404553e-07,3.328504e-08,2.8146492e-06,0.00011066404,0.0004634601,0.0043300143,0.012767837,0.014130329,0.022241823,0.06942471,0.08847434,0.13747118,0.20518188,0.007423034,0.0909771,0.26734233,5.23444e-06,0.079652086
5.0399653e-06,5.408125e-06,6.095021e-06,0.00015873997,0.00018574757,0.002252013,0.00878425,0.009931639,0.01799694,0.03509495,0.044909433,0.09491099,0.05460238,0.13482282,0.04708701,0.07167097,0.13632537,0.123748764,0.021356298,0.1959279,0.00021724604
9.4897246e-07,1.2135251e-06,1.5722463e-06,0.00012120321,0.00016033374,0.0026935833,0.0131705385,0.016105942,0.029424822,0.037641115,0.04140541,0.09735714,0.054174956,0.15631858,0.19573095,0.024342248,0.19232468,0.015641527,0.048015226,0.07532914,3.885987e-05
0.00010131301,0.0025590707,0.1684432,0.45260754,0.24853955,0.10726975,0.010424343,0.0056590643,0.00301456,0.00036934883,0.0006283461,7.947555e-05,0.00013873981,9.872214e-07,8.304921e-08,0.00014012176,2.2984987e-05,8.855464e-11,1.5870729e-06,2.0545475e-10,6.1761668e-12
6.0556176e-06,1.0623887e-05,9.3825416e-05,0.0063079223,0.0065821595,0.0745499,0.21072295,0.23425809,0.15597574,0.07990595,0.03275161,0.04248494,0.017599393,0.012809039,0.045781776,0.017915677,0.06090614,1.9227651e-05,0.001291583,2.719899e-05,1.7680854e-07
3.7402773e-05,3.8724407e-05,0.00013286422,0.0036097527,0.001911909,0.015589618,0.07705043,0.17876561,0.17753273,0.09172088,0.066875026,0.08323551,0.049665593,0.019323077,0.019564288,0.082513124,0.12864333,0.00091984146,0.0028333762,1.8783277e-05,1.8164603e-05
4.2457705e-06,2.808915e-06,7.066907e-06,0.00025214156,0.00025813817,0.0070606726,0.019295445,0.05286887,0.031644434,0.031336416,0.028048847,0.06369693,0.08787757,0.13389622,0.042055268,0.13022476,0.3203454,0.043572508,0.0026503901,0.0048385332,6.333784e-05
1.9154068e-06,3.0761776e-06,3.468767e-06,0.00010584653,0.0001473096,0.0015793504,0.00650144,0.004477046,0.0112644555,0.024227183,0.033186905,0.080813,0.027539557,0.07944398,0.032283418,0.03032506,0.06583126,0.07176914,0.029456457,0.5009764,6.367794e-05
9.387468e-06,1.7278582e-05,0.00017721199,0.0058109043,0.01596695,0.1095906,0.14071092,0.12128173,0.0719284,0.05643736,0.038463473,0.07904702,0.039668575,0.069921345,0.053233802,0.023011604,0.15325858,0.00061676296,0.003205357,0.017641064,1.6992957e-06
2.3256041e-05,6.370214e-05,0.00087296404,0.03767662,0.021802241,0.09898346,0.21891454,0.2702445,0.17502683,0.06959198,0.030621223,0.030732784,0.0050674104,0.0009717591,0.0020156836,0.02170869,0.015501908,1.1222739e-06,0.00017918892,1.1153295e-07,1.5713905e-08
1.1739484e-06,9.994456e-06,0.0010091208,0.033637427,0.08984571,0.45967752,0.144449,0.057780933,0.041075613,0.031700034,0.0227755,0.03052837,0.06414196,0.0035963408,0.004291454,0.004192384,0.01035962,4.7393164e-06,0.0007554849,0.00016763314,4.2603876e-09
1.0994896e-05,2.7237476e-05,0.00032875713,0.022095287,0.012147178,0.081495844,0.23039831,0.257016,0.19101904,0.08673666,0.03196139,0.034861296,0.0064753396,0.0017081603,0.005800044,0.01903209,0.01854646,1.1325097e-06,0.00033855898,2.0213433e-07,1.7402822e-08
1.39305e-05,3.0184006e-05,0.00020524714,0.004643561,0.01108517,0.042279717,0.07077593,0.04074235,0.04269795,0.05668407,0.05046592,0.13258548,0.052248046,0.12617797,0.047943983,0.029706867,0.11400182,0.002420741,0.014404954,0.16087578,1.0351617e-05
1.290847e-06,1.1085403e-05,0.0010812449,0.034094166,0.08235666,0.4032586,0.14652166,0.057813082,0.042632412,0.03790329,0.028776005,0.042013433,0.09131235,0.005611491,0.0042558,0.0069022416,0.014192048,9.67433e-06,0.0010004841,0.00025296127,7.49206e-09
1.7923143e-05,0.00047904428,0.090126194,0.36605638,0.332865,0.17547141,0.017657118,0.009522469,0.004736525,0.0008622752,0.0011004005,0.0002434159,0.0005280162,4.9351247e-06,5.4930865e-07,0.00024966634,7.493445e-05,6.182527e-10,3.7919108e-06,3.795436e-09,1.3203712e-11
3.05018e-06,2.1566152e-06,1.4204256e-06,0.00011611656,1.3542445e-05,0.00028203262,0.007226125,0.037425604,0.1298088,0.13420942,0.10615461,0.16060413,0.14408349,0.042913705,0.06683455,0.052142814,0.06957655,0.0023108262,0.046090934,5.1436166e-07,0.00019961817
2.4658796e-06,2.6449577e-06,1.9595616e-06,5.1803025e-05,3.1419106e-05,0.00058116426,0.003736121,0.0074831336,0.010164742,0.03986846,0.04483043,0.10268547,0.11757597,0.07387386,0.093668416,0.06498406,0.098845646,0.28855532,0.04836699,0.0036671825,0.0010228003
1.03065895e-05,0.00018194955,0.04113592,0.24854562,0.32708114,0.28561193,0.043375533,0.022958055,0.012185856,0.0045394744,0.004812465,0.0020961738,0.0051021934,0.000103032056,1.1742253e-05,0.0015536033,0.000656571,3.2249588e-08,3.8197482e-05,2.1476251e-07,2.9438024e-10
2.5925936e-05,5.5892408e-05,0.00025987392,0.010100659,0.0062669176,0.049815662,0.13846496,0.15591663,0.13235125,0.15445143,0.066602975,0.0667779,0.042406306,0.013806786,0.09657193,0.01759066,0.03960398,4.5541903e-05,0.0088677155,1.5246002e-05,1.7651995e-06
2.6224057e-05,4.793508e-05,0.00044302,0.016556863,0.011443588,0.073625974,0.2005004,0.27819294,0.17384677,0.0729034,0.03365344,0.04075719,0.012007435,0.0042509013,0.007666788,0.03419091,0.03933721,1.5524709e-05,0.00053053454,2.727358e-06,2.2072109e-07
1.5081745e-05,2.580757e-05,0.00025091958,0.010584893,0.010489845,0.08532776,0.21219486,0.26348677,0.15865436,0.070498876,0.030717703,0.0375952,0.015469086,0.00807883,0.019127797,0.024257883,0.05238884,2.2647118e-05,0.0007965132,1.6117468e-05,2.5772053e-07
3.6764337e-07,9.4362996e-08,1.6880543e-08,1.7043129e-06,1.8499532e-07,1.5095497e-05,0.00037517384,0.0027855996,0.015095696,0.019075563,0.021710675,0.039783027,0.17989194,0.12743731,0.09572274,0.23678309,0.069300875,0.16846992,0.011472325,1.6835938e-05,0.012061696
1.6625712e-06,2.1950033e-05,0.003362536,0.06283927,0.15898214,0.28398007,0.11198826,0.06323487,0.045827243,0.07907734,0.07715528,0.03228205,0.069425106,0.00084848533,0.0010298571,0.0027002608,0.006503391,3.9210778e-07,0.0007382172,1.6048247e-06,1.2246135e-09
0.0008375889,0.0036933026,0.07677169,0.2613451,0.22751333,0.12193794,0.07912768,0.058448464,0.044992343,0.021416223,0.027520003,0.018379811,0.008887956,0.0042927433,0.00015056871,0.037438907,0.0059952666,3.2776998e-06,0.0012408819,6.424626e-06,4.6226126e-07
2.1648513e-05,2.9085619e-05,0.00017422371,0.0065662614,0.0042104647,0.037481308,0.14991955,0.24835534,0.18671481,0.07920472,0.040597077,0.055630535,0.024118485,0.011634104,0.0151445465,0.05671547,0.08220537,0.00010806463,0.0011558036,1.1678451e-05,1.4746518e-06
6.423685e-07,4.946494e-06,0.00037137553,0.016655173,0.05891259,0.30528295,0.16897742,0.081182845,0.06133309,0.096811384,0.0612854,0.041818477,0.071086295,0.0024255246,0.018059528,0.0017875633,0.012339253,1.6181468e-06,0.0016285375,3.541256e-05,3.0345766e-09
0.0001514764,0.00068329537,0.01648545,0.12484786,0.16117449,0.1765822,0.13201562,0.06770427,0.06595121,0.048667457,0.044236444,0.04787831,0.03188549,0.015572663,0.0016107189,0.039986923,0.020217657,2.2001233e-05,0.00405427,0.0002712602,8.713722e-07
8.863388e-06,1.4324625e-05,0.0001063633,0.006620527,0.004865707,0.05331551,0.19043455,0.24228813,0.18441644,0.08854469,0.03570092,0.048568387,0.018176679,0.0104626,0.031354107,0.027447125,0.05638213,2.2287591e-05,0.0012613054,9.077074e-06,2.8489058e-07
5.2007493e-07,2.7367892e-07,4.9407607e-08,2.2994536e-06,4.3423566e-07,3.1023686e-05,0.0003293382,0.0010917054,0.0036474676,0.011394061,0.011374209,0.024882158,0.055150174,0.050568715,0.024019735,0.2912809,0.02604842,0.48477295,0.009861217,0.0003182429,0.0052261143
0.0002131819,0.0048364825,0.21360615,0.45862263,0.21850438,0.085963644,0.009174762,0.005109074,0.0027190621,0.00030791477,0.00060381036,6.637554e-05,0.00010472616,8.349108e-07,5.2568623e-08,0.00014654566,1.8914483e-05,7.655173e-11,1.4499051e-06,9.493115e-11,8.076068e-12
1.0681391e-05,1.6952174e-05,4.8423044e-05,0.0013165177,0.0026746236,0.015607399,0.038689654,0.02859124,0.035959475,0.047965977,0.05023545,0.112699054,0.04543652,0.12210491,0.10492876,0.02263765,0.14051662,0.007323639,0.020529473,0.20267344,3.3665456e-05
2.8793884e-06,3.2918462e-05,0.0046488596,0.08109079,0.1969077,0.5338376,0.08776184,0.037443027,0.023200547,0.009719574,0.0070185685,0.00467965,0.010357689,0.0002867389,0.0003675601,0.0009388689,0.0015817742,1.3535929e-07,0.00011843162,4.7912504e-06,5.1750654e-10
1.0398389e-06,1.0839898e-05,0.0013626408,0.04275281,0.09537821,0.40202966,0.13637449,0.047204565,0.039667495,0.036659926,0.030163642,0.042175908,0.09734409,0.0050141206,0.002352384,0.0077990484,0.012511449,6.1954424e-06,0.0009877642,0.00020373035,4.3311608e-09
7.939607e-06,1.9487901e-05,0.00023910837,0.007944215,0.011733338,0.08423934,0.13513392,0.1555931,0.08294231,0.13428773,0.07042754,0.06621163,0.08199665,0.013169417,0.09606695,0.0096674515,0.046399623,7.2786504e-05,0.0038021635,4.4538705e-05,7.2131957e-07
5.1484417e-06,1.154165e-05,9.37149e-05,0.003625324,0.0060835076,0.07473927,0.092685424,0.08682645,0.053691246,0.06497814,0.042010814,0.09006384,0.09662827,0.043115593,0.26120102,0.012932537,0.06123042,0.0007810301,0.007872625,0.0014210282,3.0561919e-06
8.968686e-06,0.00015028591,0.0184558,0.1923133,0.3061644,0.40725645,0.040722586,0.01755437,0.011009233,0.0024632295,0.0018930029,0.0006073623,0.000968329,1.303543e-05,1.7815197e-05,0.00019475419,0.0001929251,2.0680675e-09,1.41005485e-05,6.073652e-08,3.507593e-11
1.8110817e-05,2.6544642e-05,0.00017651198,0.0077680903,0.0051603713,0.046150055,0.17117184,0.24561445,0.18780302,0.08682268,0.039460927,0.052775353,0.020520333,0.009763198,0.019911475,0.041661393,0.063978314,4.7204157e-05,0.0011608147,8.57243e-06,7.268735e-07
1.4087905e-05,0.00027410797,0.054452173,0.26858518,0.3560335,0.25092927,0.032571744,0.017925201,0.009372666,0.0026927898,0.0028642083,0.00096238847,0.0023030872,3.3776632e-05,6.0102193e-06,0.00064401585,0.0003171244,1.00999396e-08,1.858428e-05,7.965414e-08,1.484878e-10
5.9134112e-05,4.9489132e-05,5.9876573e-05,0.0015829736,0.00034862454,0.0026700813,0.025269479,0.08156899,0.15817182,0.13972919,0.11394623,0.14107929,0.090037994,0.029617306,0.035844814,0.075026795,0.083511665,0.0024600602,0.01872248,3.7946065e-06,0.00023991516
1.0096832e-05,9.6636206e-05,0.010104616,0.116969295,0.17156982,0.35360655,0.10796332,0.058482785,0.036515553,0.0263221,0.022719035,0.021127088,0.0514896,0.0027478614,0.00055315683,0.0112419175,0.007927397,3.936218e-06,0.00053013494,1.906742e-05,1.4846045e-08
1.6378184e-05,5.571995e-05,0.0010661477,0.025100619,0.050675943,0.36510482,0.1860754,0.13971958,0.06277009,0.03825659,0.01819358,0.022470357,0.027348163,0.0055777747,0.038210016,0.0048131295,0.013151348,1.9142815e-05,0.0012740378,0.00010105854,1.6267302e-07
0.00034305468,0.001858254,0.058687642,0.23835807,0.27388096,0.17934324,0.08902267,0.05448381,0.03670429,0.016467804,0.01566482,0.009912952,0.0065393387,0.0017707095,0.00017269641,0.011753602,0.0044392776,1.425771e-06,0.0005869136,8.362867e-06,1.2431899e-07
1.7358354e-06,9.5127723e-07,5.753546e-07,3.9475493e-05,1.139119e-05,0.00032407153,0.005295643,0.024891315,0.06145231,0.04475753,0.043429434,0.09207614,0.189456,0.1088494,0.11977021,0.058482382,0.19435404,0.030207887,0.025593914,0.00012051626,0.0008850026
2.6354302e-05,3.5649173e-05,6.769038e-05,0.002323356,0.00091074384,0.009518083,0.054957557,0.1037569,0.123671554,0.13693939,0.07624533,0.104124285,0.090145186,0.033963453,0.12630631,0.04086595,0.07158872,0.00071739504,0.02375957,2.8648576e-05,4.7870075e-05
6.7030046e-06,8.514445e-06,3.0614152e-05,0.00149115,0.0021116498,0.027382448,0.080419526,0.10429454,0.093887635,0.06754582,0.04634713,0.07382933,0.0503847,0.07285693,0.16560194,0.023499692,0.17936224,0.0009214519,0.0077592772,0.0022512882,7.5200146e-06
2.3129107e-06,3.5558596e-06,6.0161356e-06,0.00018107708,0.00025970148,0.0023221571,0.009357978,0.0071586254,0.012154413,0.031193413,0.0370738,0.10955144,0.037912875,0.14117831,0.033804324,0.050863024,0.090580724,0.056625083,0.01968259,0.36001864,6.997424e-05
0.0022889464,0.009547752,0.12600581,0.28631556,0.23573716,0.11010073,0.06427452,0.050010305,0.036316607,0.014393726,0.021019537,0.010587021,0.0052380594,0.0020101327,0.00010191336,0.021351038,0.0037512775,2.4993672e-06,0.0009429549,3.786824e-06,6.286887e-07
2.217574e-06,1.4700058e-05,0.0010439781,0.031456605,0.089482345,0.5417082,0.1524336,0.078425705,0.03827365,0.019402942,0.009911745,0.009739539,0.016155766,0.0010651731,0.005046587,0.0013575368,0.0042050215,8.722326e-07,0.00025466867,1.9132034e-05,2.353489e-09
1.3108382e-06,8.5360034e-07,7.844406e-08,2.7700787e-06,2.7011797e-07,1.3571071e-05,0.0001879771,0.00054946804,0.0032538949,0.011925067,0.014633232,0.018573878,0.043033518,0.054318503,0.04255588,0.3552037,0.0103670135,0.3148769,0.09946094,0.00013933434,0.030901806
4.995011e-05,0.00015189975,0.0021499898,0.053106066,0.04875555,0.205417,0.21705298,0.2109337,0.11057439,0.06830843,0.025702922,0.01980594,0.008910533,0.0014808871,0.0066154706,0.008990356,0.011488361,1.9381894e-06,0.0005022953,1.3266454e-06,5.3623683e-08
2.2395477e-07,2.2024187e-07,8.394461e-08,5.8387845e-06,3.578714e-06,0.00015378332,0.0012222563,0.0017629367,0.0074469927,0.016569601,0.025098296,0.05194758,0.037799787,0.081055954,0.026574466,0.0876681,0.07229785,0.4602171,0.035327017,0.09470474,0.00014358548
8.793249e-06,9.749869e-06,2.5783598e-05,0.0014195627,0.0009328205,0.013560614,0.07213179,0.12073605,0.14183934,0.08788756,0.053647075,0.08017493,0.05852817,0.047634818,0.13039197,0.035598956,0.14557819,0.00064160104,0.0090844715,0.00015484054,1.2906874e-05
9.3252265e-06,1.0797498e-05,1.83025e-05,0.00086455105,0.0002911135,0.0045968043,0.038285535,0.09419373,0.12186912,0.116667286,0.067372195,0.110323116,0.11687123,0.042231526,0.121396236,0.050023902,0.09029402,0.0012962184,0.023305183,2.1145031e-05,5.8658057e-05
1.804099e-06,1.3441461e-05,0.0012725423,0.062918134,0.13100508,0.50490713,0.16204168,0.09631158,0.030625742,0.0060518403,0.0017107638,0.0012914803,0.00037690715,4.3980188e-05,0.00012276598,0.00060282974,0.00069855095,1.7248792e-09,3.6858132e-06,2.709428e-08,7.1867803e-12
2.8432705e-06,1.6167443e-05,0.0007095369,0.01568913,0.023285951,0.11909353,0.1005211,0.05564497,0.041024763,0.069081016,0.053277403,0.124079056,0.23946314,0.044513278,0.00818221,0.05285256,0.047710866,0.00034862882,0.0037202414,0.0007833257,3.3410802e-07
1.7270897e-05,1.6804805e-05,4.820775e-05,0.0021822124,0.0007093132,0.0068675242,0.057457063,0.14843304,0.2089215,0.11859572,0.08464729,0.1075972,0.047102213,0.0148338135,0.017677838,0.077450134,0.103751175,0.0004395599,0.003240331,2.1374326e-06,9.654183e-06
1.7919723e-05,0.00020001909,0.017219566,0.13426901,0.2309999,0.22578874,0.0881776,0.06680815,0.042709038,0.058029603,0.06593945,0.022177147,0.037131347,0.00064769114,0.0004227678,0.0038159792,0.004892816,5.331515e-07,0.0007520504,6.592257e-07,7.2570585e-09
1.126773e-05,2.9618053e-05,0.00037785532,0.009795971,0.016304499,0.09624487,0.13005681,0.1419765,0.07771324,0.13185827,0.07596697,0.068328016,0.094327286,0.013378594,0.08427331,0.009749886,0.044958353,0.000100032266,0.0044702664,7.738484e-05,9.973895e-07
1.0588062e-05,4.8981233e-06,2.1418978e-06,6.465705e-05,1.9209747e-05,0.00038736078,0.0035796755,0.014880307,0.035594236,0.0369642,0.03921714,0.06597941,0.1721716,0.11707487,0.10798972,0.113977365,0.14828295,0.11025633,0.02639297,0.00053799053,0.0066123093
2.4451567e-06,1.2538397e-05,0.0003776452,0.009510527,0.017842786,0.12149496,0.10829284,0.054048922,0.0417849,0.07064406,0.05493848,0.1419892,0.22311604,0.044290632,0.019417437,0.03236593,0.051350374,0.0006505501,0.004980433,0.0028889198,4.6863045e-07
1.1689165e-05,0.00031591387,0.061507516,0.32823107,0.34178525,0.22838075,0.02056922,0.010593503,0.0054216823,0.0010082141,0.0010848942,0.0002474784,0.00057049014,4.508681e-06,1.053362e-06,0.00018520204,7.783088e-05,5.620001e-10,3.7354048e-06,6.041264e-09,1.0150386e-11
2.4711904e-05,5.4881206e-05,0.0007719912,0.026139513,0.027158676,0.1423643,0.23433533,0.26953173,0.13613348,0.05447411,0.023378607,0.025483657,0.008243742,0.002910053,0.006610323,0.017021418,0.025008472,5.407378e-06,0.00034539794,4.102633e-06,6.9390076e-08
5.8957485e-06,2.7529746e-05,0.00097656134,0.033219855,0.060265522,0.29134837,0.20530866,0.17062116,0.07454755,0.074113354,0.029137252,0.017991057,0.01797683,0.0013085031,0.010669242,0.002748434,0.009286043,8.6313776e-07,0.00044515752,2.2166314e-06,7.2423525e-09
2.658898e-05,5.6635105e-05,0.0005788775,0.016548457,0.030558106,0.16355534,0.21847402,0.20322004,0.10480566,0.06191017,0.03085249,0.03507324,0.017466249,0.0147357425,0.036781456,0.012868963,0.050666273,3.8354647e-05,0.0015300019,0.00025283365,4.8154e-07
8.516667e-05,0.0021100899,0.17089435,0.44290882,0.25829569,0.10393439,0.010719416,0.0062177763,0.0031607323,0.000421485,0.0007364572,0.00010503829,0.00018060331,1.5729097e-06,9.764076e-08,0.00019682873,2.9596122e-05,1.4459633e-10,1.9503045e-06,2.851522e-10,8.834238e-12
9.095837e-07,2.1294109e-06,3.442882e-05,0.0066358084,0.0018913076,0.01984522,0.15023316,0.3038078,0.25488237,0.106476165,0.04925682,0.049746074,0.0038690504,0.0005280889,0.001148322,0.030159451,0.021413662,1.9147981e-07,6.899999e-05,7.513088e-10,6.7252415e-10
2.3338729e-05,5.1007737e-05,0.0006150393,0.018816462,0.032462284,0.18934238,0.2366725,0.22463137,0.105059355,0.05094056,0.022616915,0.025801076,0.012378644,0.008914461,0.021153217,0.011828892,0.037753526,1.8250998e-05,0.0008198589,0.00010065878,2.0398979e-07
2.3725932e-05,0.00020090124,0.015146507,0.1564395,0.31163496,0.33695957,0.08970494,0.031791646,0.025584575,0.009902326,0.008038176,0.0052629453,0.004362987,0.0005186697,0.00015708416,0.0021123262,0.001953914,1.4903927e-07,0.00019160479,1.3450856e-05,3.0612763e-09
9.210382e-07,9.384248e-06,0.0012359071,0.03757199,0.11972293,0.38800523,0.15026204,0.08294522,0.04800514,0.063898385,0.03937406,0.019334508,0.03926624,0.0006017884,0.0029216756,0.0012449881,0.005253727,2.5662408e-07,0.0003434503,2.0817768e-06,6.0773964e-10
4.060817e-05,0.0009289973,0.11588802,0.38560697,0.30987686,0.15204482,0.017178366,0.010085079,0.0050076875,0.00090414,0.0012238557,0.0002650383,0.00051993306,6.024209e-06,5.740711e-07,0.00033484338,8.317861e-05,1.0038016e-09,4.9468895e-06,3.6225378e-09,3.2832972e-11
2.2037148e-06,2.3032023e-06,6.301054e-06,0.00050185935,0.00045700156,0.009968147,0.05308514,0.09689534,0.11082171,0.06466468,0.044036124,0.07519274,0.06169505,0.070495024,0.14662085,0.029671144,0.22704042,0.0010820775,0.007217456,0.00053651485,7.816976e-06
3.365002e-05,3.780265e-05,8.162288e-05,0.0023174393,0.0018704195,0.017919764,0.06749312,0.10232403,0.1154855,0.07842845,0.05675703,0.082095556,0.065080434,0.06285608,0.14338514,0.038433265,0.14760241,0.0021165612,0.014741116,0.0008755713,6.506315e-05
2.5188461e-07,2.96737e-06,0.00039256248,0.01849215,0.06580254,0.26503736,0.13031495,0.052409045,0.05392586,0.110175036,0.09198313,0.060482223,0.12596664,0.0020594182,0.00782798,0.0019765184,0.011186023,9.974673e-07,0.0019383428,2.6014437e-05,1.033679e-09
5.2655373e-06,2.9071325e-06,1.0785141e-06,4.4059223e-05,7.389386e-06,0.000134278,0.002667669,0.013812145,0.04858335,0.055045743,0.060700256,0.10562771,0.22525454,0.10464688,0.14077955,0.057810538,0.062592,0.039722465,0.0745309,1.9141566e-05,0.008012148
1.8985216e-06,2.898776e-06,1.2555926e-05,0.002224544,0.0002454289,0.0025843657,0.049129725,0.1648736,0.27007267,0.1988381,0.114492424,0.11486959,0.0084486175,0.0014049666,0.0019056562,0.041752152,0.028446328,1.4724309e-06,0.000693024,2.5582336e-10,1.9223119e-08
2.044906e-06,2.5377325e-05,0.0035048928,0.06333627,0.16204135,0.29410324,0.11510573,0.065981664,0.046364766,0.07536317,0.071150385,0.029479425,0.062214408,0.0007884129,0.0011766132,0.002443912,0.006212211,4.0519217e-07,0.00070401374,1.6723291e-06,1.4411022e-09
1.0687454e-05,0.0001299357,0.014663591,0.12965253,0.23520917,0.24404663,0.08969435,0.067927584,0.040561125,0.055077784,0.059684347,0.019454347,0.03485653,0.00053333107,0.00033445546,0.0032742803,0.0043645706,3.0982144e-07,0.00052404875,3.8616378e-07,3.1865028e-09
6.945472e-05,0.0019741913,0.16444051,0.45768198,0.25107357,0.10654345,0.0094745895,0.005081807,0.0025733258,0.0002930061,0.0004959811,5.9282018e-05,0.000107391126,6.742499e-07,4.7552938e-08,0.00011277507,1.6920543e-05,4.1406947e-11,9.706671e-07,9.580363e-11,2.4561726e-12
5.6376775e-06,4.433461e-06,3.8598446e-06,0.00010430574,8.966538e-05,0.0014598388,0.005995109,0.011075928,0.018495083,0.033309553,0.040461987,0.0754322,0.07247018,0.14492653,0.049596455,0.11592908,0.16744304,0.19138595,0.017681386,0.05360806,0.000521729
5.493594e-07,8.613122e-07,1.4635605e-06,6.801475e-05,7.540082e-05,0.0014053611,0.007877418,0.011052915,0.012240391,0.056766715,0.06226243,0.16507274,0.14330478,0.08424958,0.14255425,0.029649595,0.13391837,0.10884282,0.03070821,0.009870004,7.803981e-05
5.3413646e-06,1.3400339e-05,0.00010266297,0.0026411824,0.004657173,0.030363606,0.055333693,0.050906286,0.04293568,0.12011128,0.09841492,0.11786979,0.16371983,0.033256393,0.18227364,0.010960107,0.06685351,0.00091051636,0.017660633,0.0010045815,5.7707953e-06
1.0340321e-05,0.00019577444,0.041767366,0.24529544,0.34959182,0.2824366,0.03794195,0.019218443,0.010616466,0.0033775778,0.0035577111,0.0013526717,0.0033104164,5.2216947e-05,9.3766e-06,0.00080527586,0.00043384073,1.595568e-08,2.6538379e-05,1.6685017e-07,1.7498884e-10
6.42229e-05,0.000117390875,0.0004733998,0.015134022,0.006048187,0.037162933,0.13526745,0.1947737,0.17651337,0.15402089,0.06751635,0.0728228,0.025576089,0.008259331,0.024685701,0.039636523,0.03793688,3.6140333e-05,0.0039504715,2.1494905e-06,1.97253e-06
3.4997038e-07,1.499322e-06,1.5106283e-05,0.00058621005,0.00090300094,0.0135107525,0.031992152,0.01603796,0.015367729,0.06123604,0.0529864,0.25554302,0.20914017,0.12219331,0.0295891,0.054449253,0.071408756,0.018669302,0.010291018,0.03607642,2.5081206e-06
4.692443e-07,5.507115e-07,4.415151e-07,1.9365303e-05,1.3713747e-05,0.00038429716,0.0028581389,0.0050125844,0.0074487776,0.031382635,0.039071407,0.10367741,0.09549093,0.06334969,0.06832968,0.049736507,0.098368965,0.3956317,0.030965684,0.007990261,0.00026677837
3.367115e-05,3.317354e-05,2.2672584e-05,0.00042156142,0.00017156277,0.0017808571,0.012161865,0.029321482,0.049218327,0.06469239,0.05477958,0.09769338,0.15070428,0.092459194,0.18137653,0.051905397,0.08926857,0.027121145,0.09332778,0.0005763326,0.00293026
1.7548682e-06,2.6230742e-05,0.005680373,0.09855624,0.2291932,0.5530529,0.06311333,0.027131218,0.013541858,0.0036304751,0.0022040303,0.0010058014,0.0021538045,3.3955723e-05,5.9624785e-05,0.00024129567,0.00036000242,6.019739e-09,1.3741494e-05,2.3193029e-07,2.7445097e-11
0.31653816,0.45756006,0.17566761,0.03338706,0.0071962886,0.005143429,0.0015555616,0.0011051589,0.0006105492,0.00014480461,0.00065347744,4.3428838e-05,2.2567892e-05,5.100472e-06,9.784565e-08,0.0003442435,1.0954141e-05,4.180076e-09,1.1411684e-05,6.498248e-11,1.7005668e-08
1.8886648e-06,7.476329e-06,0.0001926894,0.010853942,0.047502317,0.23900628,0.19259569,0.07345151,0.06757714,0.06041713,0.040360846,0.08677773,0.030620378,0.03029384,0.033087447,0.0061289556,0.051195808,3.5721965e-05,0.0032543032,0.02663887,5.1188994e-08
1.9639426e-06,4.9306695e-06,6.668359e-05,0.0023880564,0.0042091925,0.034032933,0.06411108,0.08065072,0.046280704,0.13194218,0.0892433,0.11636485,0.18986137,0.028384363,0.118428804,0.012495421,0.075554535,0.00044852172,0.0053829644,0.00014605053,1.3737151e-06
5.9736936e-07,8.8857985e-07,1.268254e-06,5.852922e-05,5.7108926e-05,0.0010561693,0.006483199,0.009959157,0.011910159,0.054801326,0.06120942,0.15569489,0.14723146,0.081551164,0.16024189,0.02991595,0.12638752,0.106176406,0.040966794,0.0061771357,0.00011890757
7.14965e-07,4.728182e-07,5.8663506e-08,3.939154e-06,5.31972e-07,2.9692741e-05,0.00043287312,0.0013938299,0.007368713,0.016955808,0.019679915,0.028051244,0.06820022,0.08133876,0.06627867,0.22809558,0.03976262,0.30997032,0.124528416,0.0006744673,0.0072331633
3.118376e-05,3.329713e-05,4.838637e-05,0.0015848984,0.00045314315,0.004899362,0.038870376,0.09675919,0.138548,0.13293493,0.07802616,0.11573273,0.10228382,0.036389347,0.08049716,0.06502347,0.08365909,0.001429363,0.022661688,1.4492327e-05,0.00011983064
6.8542445e-06,7.162966e-06,2.5482377e-05,0.001588041,0.0007179999,0.010724314,0.079691745,0.17378813,0.20344321,0.09799953,0.053988606,0.08091342,0.047425356,0.02025094,0.03655848,0.06123235,0.12847859,0.0002776013,0.0028677944,1.0015615e-05,4.46853e-06
1.8395845e-05,3.4935725e-05,0.00014238823,0.0035394053,0.0047815824,0.051596873,0.06987588,0.066846095,0.047136575,0.057300545,0.03812758,0.08479855,0.0848514,0.061364513,0.32607374,0.0178166,0.061392944,0.0028358724,0.017427024,0.004013067,2.6049549e-05
1.2247132e-05,9.417168e-06,9.3001e-06,0.00047138255,7.281609e-05,0.00093551446,0.015175078,0.0629669,0.1596345,0.14642063,0.114215426,0.15310186,0.107639454,0.031078424,0.041029066,0.064457424,0.077299096,0.0017098798,0.023622615,8.396457e-07,0.00013816789
2.3348077e-05,9.862614e-05,0.0031721576,0.061208498,0.14574778,0.39318267,0.18514475,0.1159171,0.04940846,0.01747841,0.007595099,0.006788328,0.003249818,0.0010515602,0.0018086417,0.002751538,0.0052326,6.046191e-07,0.0001270975,1.2906864e-05,7.667427e-09
1.5413472e-06,6.505902e-06,0.00018936653,0.029341426,0.008790653,0.04605567,0.20303895,0.30915743,0.23454143,0.0822044,0.03742262,0.026905261,0.0010693292,7.610528e-05,0.00014165608,0.014817301,0.006225347,6.4843246e-09,1.4990149e-05,3.0367743e-11,2.2764268e-11
9.218816e-06,0.00033599848,0.075159915,0.3880397,0.32045823,0.1910246,0.013683896,0.006653462,0.003250144,0.0004506633,0.0005251576,8.705318e-05,0.00020431634,9.967769e-07,1.5715088e-07,9.009673e-05,2.5389065e-05,5.087873e-11,9.890803e-07,4.871126e-10,9.748897e-13
3.879663e-05,5.0738545e-05,7.2422954e-05,0.002583701,0.0006937929,0.006893243,0.050583385,0.10811066,0.1557674,0.15528227,0.079758845,0.111104034,0.073418364,0.030624274,0.07661082,0.05613064,0.065538086,0.0005360137,0.026141642,9.4801435e-06,5.140812e-05
1.4133196e-06,4.2612432e-06,4.830521e-05,0.0025968205,0.0054258024,0.08164819,0.094239675,0.06388048,0.04795953,0.06429238,0.043620847,0.11380385,0.111895114,0.04516425,0.24226971,0.010121995,0.05872842,0.0006626772,0.009476147,0.004159347,8.6391617e-07
3.2637906e-06,7.909767e-06,3.3308323e-05,0.0008960685,0.0012450127,0.018440966,0.040980045,0.031306658,0.024476187,0.0610305,0.04804353,0.1826192,0.14484292,0.11300435,0.1313776,0.038679298,0.0854305,0.03383417,0.016250603,0.02747113,2.6780175e-05
4.169465e-06,6.9504426e-06,3.752239e-05,0.0028208108,0.003665761,0.052041613,0.1417163,0.14623186,0.116353795,0.08010501,0.04083729,0.06096508,0.0315572,0.04141509,0.16316085,0.014836813,0.09847115,0.00010593133,0.0052462574,0.00041968096,8.731575e-07
7.2275266e-06,2.1550244e-05,0.00035097403,0.012868717,0.019141601,0.12553097,0.1698992,0.1718291,0.09111112,0.13176548,0.06212582,0.049752604,0.055588,0.006980791,0.064390585,0.0067635356,0.029352596,1.6516102e-05,0.002487661,1.5804628e-05,1.7572766e-07
5.6382946e-06,3.537792e-06,1.0248579e-06,3.5969002e-05,5.4363577e-06,0.00010963651,0.0020673543,0.009320333,0.034383096,0.045746576,0.04781988,0.08425065,0.18518049,0.1096916,0.17625126,0.06885004,0.04508495,0.049204446,0.1267357,3.4504235e-05,0.015217844
6.5348113e-06,7.565654e-05,0.010083,0.121183924,0.22026469,0.43566892,0.08854855,0.041826278,0.025348974,0.013001555,0.010896637,0.007604579,0.019034771,0.00058344513,0.00025766325,0.0027125308,0.0027188607,4.901417e-07,0.00017676051,6.140995e-06,2.072825e-09
1.7600129e-05,0.00020335843,0.022475637,0.16395955,0.27186832,0.3924531,0.0663538,0.03657793,0.018516174,0.007014745,0.005876512,0.0032048689,0.007852825,0.0002627428,9.970713e-05,0.0017585583,0.0014126531,2.4673668e-07,8.932612e-05,2.298222e-06,2.3041045e-09
6.8376103e-06,0.00010453286,0.01819213,0.16355836,0.2990067,0.4062159,0.05471358,0.026163012,0.014643558,0.0048392173,0.004192077,0.001922243,0.0048176097,9.221922e-05,4.3464133e-05,0.00075213466,0.0006937414,3.744358e-08,4.197721e-05,6.9896765e-07,2.8000943e-10
1.7129289e-05,8.4499414e-05,0.002994032,0.05403079,0.15810455,0.32155544,0.16543677,0.060025293,0.057682015,0.0408136,0.029979223,0.039954394,0.025039181,0.010039836,0.0047818637,0.007816261,0.017293783,1.1045901e-05,0.0021484396,0.0021917732,8.544235e-08
3.6407152e-06,1.7882123e-05,0.0006590092,0.018659726,0.04589909,0.3165286,0.15905339,0.0915864,0.05529347,0.050244126,0.03349027,0.05756559,0.09611505,0.012437242,0.02530401,0.008648254,0.025651837,6.469731e-05,0.0021503288,0.0006272862,9.8076434e-08
0.00022951732,0.0013954379,0.052184984,0.24173106,0.28040215,0.19392355,0.08719411,0.046546567,0.033901524,0.015107625,0.0146218175,0.009443574,0.006579997,0.0015671623,0.00014659243,0.010546009,0.0039230636,1.0422665e-06,0.00054422545,9.916362e-06,7.085559e-08
4.835266e-06,8.108698e-06,3.3456214e-05,0.0018560428,0.0014141349,0.020092202,0.07348578,0.10471815,0.08325951,0.11928516,0.06295657,0.08289553,0.081828475,0.028900119,0.24153197,0.015150062,0.070227444,0.00027728465,0.012002076,6.824455e-05,4.8162497e-06
1.7333178e-06,7.943669e-06,0.00015664443,0.0051717726,0.011133265,0.119320765,0.11252287,0.05415608,0.041831326,0.06852838,0.051658586,0.15645786,0.18057506,0.050386455,0.049801867,0.022833886,0.057845313,0.001252969,0.006812407,0.009544211,6.188527e-07
4.5411766e-06,9.023232e-05,0.020340057,0.1874528,0.33633313,0.37945944,0.039301757,0.017957613,0.010564484,0.0027384816,0.002380562,0.0008355064,0.0019527087,2.2271748e-05,1.3163007e-05,0.00027851807,0.00025957706,4.0624415e-09,1.5035565e-05,1.1103841e-07,3.7146997e-11
8.204069e-05,0.0018081377,0.14934453,0.42063326,0.27620614,0.122546285,0.013946963,0.008506799,0.00433862,0.0006877941,0.0010389106,0.00018465654,0.00032488117,3.4392838e-06,2.967378e-07,0.00028802466,5.5425764e-05,5.1912113e-10,3.8052008e-06,1.2292174e-09,2.7949507e-11
3.7455784e-06,1.02933745e-05,5.4997636e-05,0.0016941604,0.003973685,0.017020985,0.035065558,0.0145382695,0.023207612,0.040588778,0.04517284,0.13443077,0.038072772,0.08648479,0.035279267,0.016194446,0.06591995,0.0026445608,0.01896925,0.42066774,5.490883e-06
1.3054414e-05,0.000114331655,0.00930826,0.104231074,0.18365969,0.42802188,0.10420375,0.052700154,0.031478398,0.017909613,0.014415338,0.012202226,0.029010626,0.001494721,0.0007254313,0.0049873074,0.0050974707,2.740263e-06,0.0003972451,2.6721546e-05,1.3221243e-08
0.012193695,0.10520239,0.44706228,0.2950883,0.083726935,0.04273763,0.006318779,0.004015051,0.002109834,0.00026452134,0.0007831363,6.0645085e-05,6.9655835e-05,1.8927739e-06,5.2197453e-08,0.00034152562,1.9219658e-05,4.457099e-10,4.4211156e-06,5.096032e-11,2.9685132e-10
1.7811767e-07,6.673059e-08,5.42274e-09,5.5674013e-07,4.056345e-08,4.270929e-06,0.00011362754,0.00056722114,0.0044940156,0.010918027,0.011645325,0.01904539,0.0742209,0.08435406,0.071551114,0.39140576,0.020339968,0.2533253,0.03356519,3.0426914e-05,0.024418563
4.516342e-05,4.8521015e-05,7.478459e-05,0.0022158492,0.0006240813,0.005728086,0.043213505,0.10520673,0.14962234,0.14064069,0.08356724,0.11673503,0.0881008,0.03095001,0.06118312,0.06986271,0.08211712,0.0011412873,0.018812014,1.0495108e-05,0.00010045216
2.2447211e-06,9.880757e-06,0.00033343266,0.014912786,0.035394035,0.23061389,0.19129404,0.13554533,0.07637751,0.10582862,0.052276365,0.038821742,0.053286754,0.0039909007,0.036971666,0.0031623554,0.01949382,4.802554e-06,0.0016526198,2.7096046e-05,1.9759725e-08
5.4279835e-06,6.8727804e-06,7.124642e-06,0.00028644793,0.0001415268,0.0021127984,0.01507812,0.029608538,0.044834547,0.073451266,0.055375654,0.093608364,0.12419893,0.06632523,0.31337187,0.021896007,0.07062936,0.0044375574,0.08414458,0.00024946683,0.00023029548
9.655139e-07,4.420911e-06,0.00012960075,0.009587732,0.04421337,0.25697234,0.20146899,0.06864004,0.06922146,0.06354811,0.04053891,0.08511932,0.027759433,0.025807383,0.039191943,0.0044240453,0.04106098,1.589822e-05,0.003589416,0.018705666,1.96298e-08
0.0036127667,0.04290672,0.39674488,0.36657926,0.12068202,0.05368895,0.0073570027,0.004545892,0.0023794149,0.0002818485,0.00076214934,6.540044e-05,8.180943e-05,1.5381162e-06,4.749793e-08,0.0002871454,1.9970103e-05,2.5127872e-10,3.1702814e-06,5.3296527e-11,9.777728e-11
1.7246423e-07,2.6207897e-07,1.5665511e-06,0.00076474843,6.7343826e-05,0.0010669068,0.03793055,0.1452799,0.2946999,0.20333995,0.12309069,0.12536745,0.006202974,0.0007090444,0.0011611732,0.03326848,0.02678926,3.282204e-07,0.00025925122,1.6805956e-11,1.5633668e-09
0.003816514,0.05176311,0.41876373,0.36280233,0.10458372,0.047538944,0.0053935237,0.0028826736,0.0016027451,0.0001563416,0.00046979325,3.0822295e-05,4.0218416e-05,5.067471e-07,1.4623509e-08,0.0001444214,9.1028205e-06,5.1251895e-11,1.4284988e-06,1.1965269e-11,2.2179513e-11
0.023346495,0.09197849,0.3427794,0.2926394,0.12573043,0.05254938,0.023285195,0.01770767,0.010375374,0.0029512043,0.008120164,0.0014280058,0.0007584891,0.00019279677,5.289454e-06,0.005531881,0.00044689103,1.4366549e-07,0.0001731619,2.6896195e-08,1.13646365e-07
2.3799315e-05,5.0719074e-05,0.00031943948,0.015745968,0.0068254927,0.05273772,0.16980955,0.2282561,0.1823155,0.1410155,0.052178405,0.054067537,0.018311365,0.0046228645,0.018469192,0.025792187,0.027632821,7.681542e-06,0.0018172398,6.622563e-07,2.4274732e-07
5.5567066e-06,1.2757769e-05,0.000103978266,0.0036583536,0.0057321014,0.045921154,0.08499004,0.091750644,0.06037323,0.12764971,0.08126959,0.08809449,0.11349545,0.024329644,0.19107096,0.009731818,0.061530907,0.00027924907,0.0097501,0.0002479194,2.3826049e-06
0.00011402217,0.0022642578,0.15094881,0.41118708,0.2717607,0.13122089,0.015350995,0.009479575,0.0048103845,0.0007672515,0.0011144169,0.0002066843,0.00036005565,4.490909e-06,4.404868e-07,0.00033696892,6.819122e-05,9.32599e-10,4.8158513e-06,2.1812874e-09,5.3914574e-11
9.461032e-06,0.000256947,0.06971288,0.3286821,0.36092708,0.20001192,0.020476937,0.010526748,0.00532695,0.0011424387,0.0013670976,0.00034890024,0.0008072533,7.508185e-06,8.680156e-07,0.00028798357,0.00010198096,9.010027e-10,4.9247014e-06,7.563901e-09,1.3353356e-11
1.9329564e-06,4.2202664e-06,1.6007109e-05,0.0007330351,0.0010256906,0.020539418,0.044542946,0.03739025,0.02939097,0.052951332,0.03871249,0.13575323,0.09920003,0.08504934,0.31602177,0.019295532,0.07883327,0.010425858,0.017476553,0.012623417,1.2733168e-05
4.9468654e-06,0.00020955478,0.060964152,0.37554914,0.33761907,0.20355338,0.012633628,0.0054363683,0.002851175,0.0003820954,0.0004664382,7.382743e-05,0.00017542233,6.6028247e-07,1.227761e-07,5.9682225e-05,1.9560568e-05,2.2940545e-11,7.9464775e-07,4.0257636e-10,3.5667592e-13
1.1997459e-05,6.188701e-05,0.0021863724,0.07999513,0.0858113,0.3568449,0.19882588,0.16018024,0.069393225,0.02669236,0.008048317,0.004874827,0.0017270923,0.00013928862,0.00073410413,0.00219065,0.002240617,2.3639474e-08,4.173523e-05,3.8171375e-08,3.1815697e-10
0.00016265314,0.00046783092,0.0043858206,0.07570873,0.051058076,0.16183598,0.19777273,0.20585428,0.13052996,0.07182112,0.030641703,0.025296403,0.008496122,0.0015944776,0.004294008,0.016676964,0.012732567,4.034474e-06,0.00066522567,1.1444579e-06,1.9937963e-07
6.17755e-06,5.1161896e-06,1.8937757e-06,6.285859e-05,1.44554e-05,0.00026396275,0.0035629042,0.012719535,0.034098808,0.0498202,0.047821872,0.08797905,0.16909173,0.08956119,0.18131585,0.050516777,0.06132768,0.036023155,0.17076388,0.00011591018,0.004926968
6.2188315e-06,1.5161527e-05,0.00012631077,0.0052313386,0.015614271,0.08337093,0.11979707,0.06485999,0.06568064,0.07116651,0.055154204,0.11966474,0.039763313,0.073598646,0.105324335,0.011971963,0.097914495,0.00040128827,0.0108657805,0.05947127,1.4958766e-06
7.4705936e-06,1.03292305e-05,3.243791e-05,0.0012169728,0.0010413823,0.013350007,0.04884145,0.08182767,0.065219834,0.095791616,0.063402176,0.09780707,0.1134077,0.048155773,0.21697846,0.023559023,0.11299769,0.0018221007,0.014215295,0.00028796995,2.757405e-05
9.333747e-06,1.8430183e-05,0.000115798124,0.0049635614,0.0047994675,0.0484681,0.11790743,0.14185584,0.09343748,0.12717743,0.06325509,0.07226286,0.0687295,0.02091814,0.15544583,0.01394984,0.058825117,0.00014573858,0.007637351,7.5409356e-05,2.2598053e-06
1.5193161e-06,1.9708682e-06,2.5554114e-06,0.0001806085,0.00011794514,0.0034914976,0.015332886,0.023533463,0.026288724,0.035164613,0.022151047,0.0671032,0.069845274,0.08166245,0.52905416,0.019341446,0.06318968,0.0072292686,0.03519168,0.001046352,6.964499e-05
1.34603215e-05,3.350202e-05,0.0003780302,0.012207237,0.035397682,0.179634,0.19317852,0.12022798,0.08428968,0.06417149,0.039297506,0.0623903,0.02712627,0.03335963,0.06287311,0.009833726,0.06488993,9.5115945e-05,0.004072553,0.0065296832,6.0694236e-07
1.5334794e-05,0.00035033486,0.07271929,0.31926993,0.3574605,0.20158342,0.023508351,0.012136216,0.0066933283,0.0016472454,0.0020490675,0.00058926805,0.0013057529,1.5827849e-05,1.8549075e-06,0.00046892546,0.00017384495,3.0806022e-09,1.1474479e-05,2.623446e-08,5.45388e-11
2.3457096e-05,0.0003072326,0.042270444,0.22609076,0.30249396,0.29286867,0.055287994,0.03528505,0.017098513,0.0069732997,0.0067111114,0.0032000467,0.007478549,0.0002171497,3.701842e-05,0.0023980252,0.0011860144,1.4395115e-07,7.202866e-05,5.283774e-07,1.873558e-09
0.0012114561,0.009412976,0.18404284,0.3744074,0.25426394,0.09192709,0.032872293,0.018675901,0.014145756,0.0037712287,0.007414285,0.0019947572,0.0011786174,0.00013776509,5.701862e-06,0.0038540298,0.00055950566,4.5892886e-08,0.00012427749,1.0000944e-07,1.0751781e-08
1.4243241e-06,1.2375351e-05,0.0014349548,0.042750232,0.12183554,0.59719896,0.12328596,0.05549833,0.026436452,0.011027791,0.005387376,0.0041943863,0.0070505003,0.00029592527,0.0012327915,0.0006365451,0.0016391301,1.02662206e-07,7.784791e-05,3.3800916e-06,2.921375e-10
8.352282e-06,4.3756863e-05,0.001974208,0.045179334,0.16727068,0.4161896,0.17468378,0.06996819,0.047118515,0.023367258,0.013446563,0.014737483,0.008542114,0.0028329664,0.0029859373,0.002471836,0.008433826,1.5132273e-06,0.00042471098,0.0003193123,9.0320675e-09
1.60663e-05,4.1632968e-05,0.00046991807,0.014641978,0.017836377,0.113869324,0.1743085,0.1784885,0.10104149,0.12638576,0.057658453,0.04850088,0.046449173,0.008507184,0.06703964,0.009255833,0.032181308,2.636724e-05,0.0032585945,2.2516584e-05,4.587088e-07
4.2517626e-05,0.00013607196,0.002062903,0.026022593,0.049178746,0.25261328,0.14570586,0.11614374,0.059672832,0.05084566,0.033551216,0.05591064,0.08955259,0.022870598,0.035729684,0.019025652,0.035459474,0.00044944303,0.0038598715,0.0011639319,2.719435e-06
6.6235893e-06,5.69297e-06,8.072281e-06,0.00063047296,8.5590924e-05,0.0011748674,0.021265186,0.08858988,0.20473078,0.17585354,0.118633986,0.15187855,0.061110143,0.01501505,0.020242825,0.060450774,0.07042277,0.00028965643,0.009591943,9.395344e-08,1.352023e-05
2.0196082e-06,8.601014e-06,0.00021777207,0.016955966,0.022993388,0.21717905,0.24063736,0.18988903,0.09926616,0.0940783,0.030551821,0.02237562,0.018613324,0.0022373938,0.028527353,0.002980068,0.012598823,7.170503e-07,0.00088504306,2.2263414e-06,4.9850035e-09
6.9383395e-07,2.3648016e-07,5.6521245e-08,4.798319e-06,7.261394e-07,3.9419887e-05,0.00086703204,0.0055168006,0.022964496,0.026232498,0.028530505,0.054111116,0.20280051,0.12960601,0.118035786,0.14804691,0.105005704,0.12912138,0.021752862,5.3599746e-05,0.0073088408
0.028439742,0.26041535,0.45220295,0.19757009,0.036562137,0.020693619,0.0021630768,0.0010185172,0.0005967548,5.0523624e-05,0.00020867577,7.757505e-06,8.663735e-06,1.16874716e-07,2.3405669e-09,5.9343587e-05,2.1128321e-06,9.298197e-12,5.98097e-07,6.0325426e-13,1.1974243e-11
3.053754e-06,2.0607533e-06,1.0415598e-06,7.063979e-05,9.178966e-06,0.00019880531,0.0048511582,0.025437143,0.092672765,0.101214305,0.08893009,0.14315619,0.1770847,0.0620186,0.107539825,0.04579345,0.066282436,0.005939476,0.07809185,2.0402051e-06,0.00070118014
1.8014548e-06,2.0135317e-06,5.3945782e-06,0.00072098954,0.00021125353,0.0047774157,0.057663094,0.13040733,0.21245578,0.13008937,0.06377498,0.10120874,0.05481832,0.021747198,0.07352303,0.044556223,0.09773855,0.00011398576,0.0061798664,2.3835103e-06,2.3228624e-06
7.0543064e-07,6.5017102e-06,0.00064468326,0.024815723,0.08454601,0.34370407,0.15860166,0.07532657,0.05667763,0.0858598,0.056314047,0.032453477,0.06021927,0.0013178941,0.008680589,0.0015010006,0.008272709,6.200175e-07,0.0010463395,1.0643839e-05,1.4217977e-09
7.3555875e-06,1.9858515e-05,0.0003284455,0.024426676,0.0144308545,0.0926676,0.23956327,0.28188035,0.18269397,0.07136537,0.026040273,0.027186567,0.004465112,0.00093028933,0.002830454,0.01612595,0.014888883,4.4547465e-07,0.00014821433,7.0018295e-08,4.5801443e-09
4.4539524e-06,1.0295259e-05,4.4336928e-05,0.0012262004,0.0023797404,0.010728561,0.028118357,0.014590178,0.02079888,0.042479414,0.04477571,0.14647178,0.043263655,0.13979499,0.035861578,0.030027047,0.08652971,0.0062818862,0.021677073,0.32492024,1.5897838e-05
2.905798e-05,7.700644e-05,0.0011895633,0.02204532,0.053836726,0.14936273,0.16099706,0.1200464,0.0860202,0.07579528,0.05070357,0.07815884,0.043641012,0.04063578,0.022624476,0.023744728,0.06477027,0.00011420184,0.004445519,0.0017609007,1.3657967e-06
1.1857628e-06,9.772166e-06,0.0007068595,0.020814678,0.06481771,0.2347579,0.1330865,0.069052875,0.057319745,0.11044089,0.08839951,0.06022987,0.12320807,0.0033586556,0.011862785,0.0033402024,0.016204614,4.758401e-06,0.0023381768,4.5224362e-05,9.805544e-09
0.2985371,0.58553106,0.103617206,0.009652136,0.0012541873,0.0010875565,0.00014077255,8.5801046e-05,4.691396e-05,4.318672e-06,3.0300738e-05,7.234073e-07,4.8462425e-07,2.8586413e-08,2.1673664e-10,1.1114556e-05,1.6196294e-07,3.6506475e-12,1.6419499e-07,1.4057906e-14,2.7360988e-11
8.67656e-05,0.0003852182,0.009934771,0.09409522,0.12329292,0.15719624,0.13490225,0.06995848,0.07028135,0.05958111,0.051560715,0.06516892,0.044101372,0.026345141,0.0021535605,0.05751661,0.028011143,3.376931e-05,0.0049792663,0.00041422306,9.4794666e-07
0.2506458,0.6037174,0.12683147,0.01460487,0.0020233882,0.001666681,0.00022822633,0.00013300395,7.516315e-05,7.0896313e-06,4.6147918e-05,1.2468068e-06,8.8214426e-07,4.8711453e-08,4.3694778e-10,1.797786e-05,2.9680507e-07,7.225814e-12,2.7016932e-07,4.0659933e-14,4.54403e-11
3.743536e-06,5.1419656e-06,4.4132016e-06,0.00025123687,8.4272186e-05,0.0015369377,0.0143015925,0.029774481,0.057421956,0.08206796,0.05427193,0.09273497,0.111359,0.06303272,0.29092824,0.021936933,0.051062733,0.0019443291,0.12706816,7.088644e-05,0.00013841326
8.330896e-06,0.0003200723,0.073200345,0.3923263,0.3204026,0.19044943,0.01295402,0.0060608564,0.0030311348,0.0004055455,0.00048523812,7.662915e-05,0.0001794479,7.748733e-07,1.2806466e-07,7.6621625e-05,2.1681051e-05,3.507461e-11,8.511479e-07,3.8638207e-10,6.652228e-13
1.6991356e-05,0.00019519255,0.02251102,0.17134976,0.26134616,0.36246052,0.0732954,0.03977844,0.02250972,0.010579721,0.009649394,0.005880807,0.0141242305,0.0004957681,0.00012779901,0.0032486662,0.0022667362,4.8580665e-07,0.0001596545,3.4932943e-06,3.906251e-09
2.7403232e-06,1.9684985e-06,1.2824764e-06,7.6099335e-05,2.2685334e-05,0.0005534809,0.008133004,0.028563246,0.07178802,0.05652938,0.04809796,0.10070441,0.15793693,0.107333094,0.17252417,0.048785396,0.13886951,0.014246897,0.045053452,0.00012734017,0.000648913
0.00013703422,0.0015348158,0.11443952,0.31107438,0.30301183,0.18106973,0.033862773,0.027095992,0.012587827,0.0035327438,0.004322884,0.0015560833,0.0027975969,0.00010948767,9.702254e-06,0.0021962035,0.0006147028,8.441265e-08,4.6440644e-05,1.1348417e-07,3.4235867e-09
0.013591528,0.061852384,0.29510897,0.29152158,0.15574022,0.09066987,0.02784533,0.026806083,0.014161982,0.0041324487,0.007227779,0.0019946934,0.002184754,0.00025863864,2.4927045e-05,0.005726903,0.0008832653,1.3666665e-06,0.00026642505,2.9566692e-07,5.6905816e-07
6.148088e-07,2.902169e-07,2.627216e-08,1.509698e-06,8.1556855e-08,5.2290306e-06,0.00015948433,0.00064142316,0.005216954,0.014693003,0.015254022,0.02393247,0.07631748,0.09731306,0.12351797,0.2694658,0.009278478,0.11370018,0.1535137,9.794285e-06,0.09697837
2.7241762e-05,9.558113e-05,0.0023559844,0.050872132,0.11121129,0.36102694,0.2092606,0.14207657,0.06017643,0.023319842,0.009518843,0.0091502415,0.0041239103,0.0016254634,0.0036538516,0.00369077,0.007592236,1.1940053e-06,0.00020246056,1.8403804e-05,1.618115e-08
1.3562065e-05,1.5179668e-05,2.5319057e-05,0.000821582,0.00042133892,0.0053059,0.030827578,0.063607275,0.07422982,0.09497302,0.06652873,0.10239921,0.12854184,0.05355065,0.21591108,0.032528915,0.0977165,0.0032182592,0.029074786,0.00013922162,0.00015022715
9.8200135e-06,5.846591e-05,0.002641829,0.07902865,0.11780034,0.41951245,0.16868755,0.12471611,0.04865759,0.021882012,0.0069666845,0.0038625337,0.0020188908,0.00013600643,0.0007298214,0.0013903463,0.0018609245,2.8323662e-08,3.9885348e-05,9.6548604e-08,3.1146968e-10
4.9167556e-06,4.907618e-05,0.0047096647,0.06729988,0.16066027,0.2849004,0.11775464,0.075912125,0.048550934,0.074654594,0.06624107,0.028513556,0.05696842,0.0010176898,0.00161116,0.0030569867,0.0072705415,9.0756055e-07,0.0008205279,2.6202244e-06,5.029156e-09
9.729317e-05,0.00014190743,0.0004249745,0.009906812,0.0039160084,0.025662618,0.10302969,0.1773109,0.1652246,0.13683124,0.06958338,0.08912792,0.04406277,0.015472073,0.03410198,0.06140301,0.057113033,0.00024546403,0.006320135,8.394213e-06,1.5837093e-05
0.6329566,0.31054345,0.051140446,0.003561072,0.00061116135,0.0006824958,0.00015063134,0.00013824846,6.912821e-05,1.5948252e-05,9.1248374e-05,3.7609798e-06,1.6222241e-06,4.9861745e-07,6.7519506e-09,3.1374053e-05,7.953923e-07,3.6607267e-10,1.4705232e-06,1.0602088e-12,3.59966e-09
2.7024376e-05,0.00066658866,0.09850561,0.37337524,0.31913838,0.17225447,0.017951313,0.010076228,0.004930306,0.00088097603,0.001094965,0.00023859862,0.0004998988,5.1210263e-06,6.014834e-07,0.00027348477,7.718679e-05,7.606294e-10,4.04318e-06,3.7513974e-09,1.9808993e-11
3.6951853e-05,3.8049788e-05,3.5837922e-05,0.0010201357,0.00027331876,0.0028493556,0.02475086,0.06253851,0.110707104,0.11643334,0.07709217,0.1204769,0.12125197,0.05411801,0.114450574,0.060216658,0.07486606,0.0034939037,0.05485478,3.5434863e-05,0.00046007417
6.0741922e-06,6.394393e-06,6.8982863e-06,0.0002179963,0.00013606765,0.0019439398,0.01205645,0.025399672,0.032222275,0.06054855,0.052517936,0.10484064,0.1465141,0.08196321,0.24787563,0.032827046,0.12988038,0.021853268,0.047777455,0.0008979271,0.00050810183
9.627355e-06,9.376201e-06,2.2840852e-05,0.0010111036,0.0008061628,0.011973939,0.057772856,0.10874862,0.12087014,0.06988511,0.049038246,0.07635769,0.06678856,0.062321417,0.11000433,0.042496856,0.21163718,0.0018952518,0.007825267,0.0004979335,2.7449727e-05
0.0028042926,0.040034276,0.39480528,0.38068667,0.117433235,0.052194554,0.0060483976,0.0032621077,0.0018016789,0.00017765118,0.0005033618,3.570886e-05,4.6842804e-05,5.7434727e-07,1.8160657e-08,0.00015330342,1.0625431e-05,5.8880074e-11,1.4736967e-06,1.5828023e-11,2.147622e-11
0.007921761,0.10632984,0.46241656,0.3135247,0.06923464,0.03439811,0.003345973,0.0015079188,0.00089272845,7.241559e-05,0.00026167178,1.1459537e-05,1.4280417e-05,1.2906489e-07,3.3093586e-09,6.402689e-05,3.1433076e-06,8.179348e-12,5.812871e-07,1.2593826e-12,5.4503975e-12
0.0005321371,0.0025282756,0.060618415,0.24986465,0.2181972,0.12768807,0.08505744,0.057339862,0.048012435,0.025186602,0.031724826,0.023101816,0.011717835,0.0055249208,0.00017865562,0.04413996,0.007068151,3.594355e-06,0.0015052945,9.410221e-06,3.81299e-07
8.767376e-06,4.2677526e-05,0.0014540696,0.075039215,0.067688696,0.27438596,0.24042325,0.19080189,0.09820577,0.02818088,0.008710784,0.0068606096,0.001152873,0.0001496174,0.00055196154,0.0034813574,0.0028318719,1.7158396e-08,2.9726678e-05,1.9358641e-08,1.8461699e-10
3.155087e-07,6.0406416e-07,1.7728325e-06,6.4056425e-05,5.54358e-05,0.0015605252,0.0064902287,0.0070167654,0.005316334,0.03222269,0.024635533,0.13906042,0.10809531,0.18140931,0.02307138,0.12182542,0.053529233,0.27030706,0.0071784905,0.018122315,3.67976e-05
1.0012914e-06,4.0139392e-07,8.8306486e-08,6.492345e-06,7.01865e-07,2.3836139e-05,0.0008461164,0.005872916,0.03359118,0.03849814,0.047428634,0.08015034,0.23236196,0.1324426,0.16559167,0.09119399,0.0518116,0.06213334,0.04118554,5.264103e-06,0.016854174
0.0039115786,0.039705504,0.38355124,0.36004224,0.13194355,0.058603674,0.009515764,0.006808331,0.0033123705,0.00048030372,0.0011971195,0.00013245762,0.00015731208,4.642295e-06,1.4304744e-07,0.0005852316,4.1568946e-05,1.2590697e-09,6.9982557e-06,2.2637084e-10,4.6746196e-10
3.1562954e-06,5.3902795e-06,4.0097348e-05,0.0023600776,0.0059472066,0.06310236,0.11842393,0.099025436,0.07632298,0.0626182,0.042432588,0.08464529,0.03838569,0.0791322,0.117750175,0.016859934,0.1718886,0.00046394608,0.0046912483,0.015900286,1.1462512e-06
4.0515664e-05,4.637957e-05,6.176543e-05,0.0018837356,0.00053243834,0.005368483,0.040197,0.09236541,0.1358348,0.1337492,0.078348406,0.1175092,0.09931411,0.038638696,0.087006904,0.063428335,0.07422502,0.0014488642,0.029836027,1.9216026e-05,0.00014548616
0.0049372343,0.023282897,0.21610244,0.34197593,0.2093762,0.07702347,0.038032316,0.029071929,0.020189207,0.0066705984,0.014038834,0.0040909178,0.002024312,0.00055373186,1.6230359e-05,0.011070968,0.0011662139,3.7950474e-07,0.00037574698,2.3603074e-07,1.5647736e-07
1.9597202e-05,0.0006683618,0.09669172,0.42095265,0.29574364,0.16421603,0.011793128,0.0057459483,0.0029882481,0.00036844204,0.00048467176,6.909587e-05,0.00014945844,7.097078e-07,1.0215704e-07,8.667141e-05,2.0464395e-05,3.99206e-11,9.841006e-07,3.067512e-10,1.1963013e-12
0.0011167853,0.0038760866,0.057225335,0.20259288,0.17515282,0.11016508,0.09161252,0.07914032,0.059236065,0.034217175,0.04097991,0.032464962,0.015080068,0.011289576,0.00042210065,0.07093713,0.01187609,1.447224e-05,0.0025810339,1.7439714e-05,2.148853e-06
1.530586e-05,1.8126044e-05,6.981635e-05,0.0027952653,0.0025165211,0.03005591,0.10967542,0.17110002,0.14656305,0.0774807,0.045932528,0.06513087,0.04374624,0.039078925,0.07018498,0.03948444,0.15126602,0.00054153946,0.0040814886,0.00025567418,7.215621e-06
6.749644e-07,1.0616186e-05,0.0027616199,0.073924,0.19831842,0.6049074,0.07025781,0.02497056,0.014005518,0.004329677,0.0024179213,0.0011947715,0.0022359386,3.3616478e-05,9.213151e-05,0.00017903047,0.00034421057,3.07251e-09,1.5869928e-05,2.3636292e-07,9.904142e-12
1.213821e-06,4.96196e-06,0.000105689214,0.003290701,0.007977521,0.04487978,0.059881307,0.04216705,0.039296098,0.13265938,0.11607701,0.14740992,0.23794094,0.024456402,0.067625046,0.009860104,0.054414053,0.00030392155,0.010868347,0.000779996,5.625134e-07
2.4544683e-05,4.6400994e-05,0.0003711058,0.009345036,0.022399032,0.11666497,0.15674299,0.13099062,0.08654021,0.06739493,0.04412333,0.068889,0.036060043,0.05065404,0.07256598,0.018328555,0.10670798,0.0003537699,0.004719373,0.007075091,2.9915889e-06
9.656012e-07,8.603291e-06,0.0008647261,0.028757932,0.09756756,0.3731928,0.15628567,0.07618792,0.0526206,0.072495945,0.046787694,0.026753014,0.050999466,0.0011521052,0.006297785,0.001500955,0.0077577513,6.6479896e-07,0.0007572675,1.0588829e-05,1.5438658e-09
9.830492e-05,0.00011171306,0.00018114533,0.004065448,0.0012358176,0.008686705,0.052945975,0.11497729,0.15389529,0.14116654,0.08567484,0.114977635,0.07361519,0.02838194,0.05068935,0.07420086,0.07611832,0.0011036845,0.017744547,1.4365891e-05,0.000115038325
1.9966938e-06,1.7406284e-05,0.0013542519,0.029264908,0.074710205,0.19547172,0.1157853,0.07062006,0.054657593,0.11884734,0.10536967,0.06484995,0.13622132,0.0033826411,0.0056307516,0.005333321,0.01624776,4.9297532e-06,0.002211969,1.6882594e-05,1.3874963e-08
2.871085e-05,4.7615864e-05,0.00014215756,0.004546624,0.002584535,0.02304268,0.08509075,0.12250864,0.11322782,0.13821222,0.071822524,0.08785808,0.071975596,0.027321346,0.14731716,0.026494453,0.060896542,0.00034346286,0.016471304,5.148767e-05,1.626116e-05
2.9366109e-05,8.9227884e-05,0.0008637116,0.033499148,0.024151208,0.14542183,0.22058478,0.19855438,0.13426784,0.10889933,0.039092995,0.030954242,0.014356432,0.0028675299,0.019877907,0.009571075,0.015196194,2.4521316e-06,0.0017186893,1.6030544e-06,7.479289e-08
4.68333e-06,2.0337511e-06,2.4279967e-07,6.4294845e-06,6.035643e-07,2.1338881e-05,0.00028294456,0.00096873596,0.0055462196,0.013825903,0.013002522,0.021124503,0.053101525,0.08020475,0.061562352,0.42710444,0.009669107,0.17227663,0.033282645,4.304374e-05,0.107969284
6.4787478e-06,0.0001266275,0.025301827,0.20830375,0.3379831,0.359326,0.03553991,0.017456878,0.009588777,0.002173175,0.0018285698,0.0005837099,0.001311762,1.5020691e-05,8.927006e-06,0.00023670754,0.00019902874,2.7794267e-09,9.589133e-06,5.7977335e-08,3.2700554e-11
0.0011494239,0.015318281,0.31259093,0.4051162,0.17484961,0.06686435,0.010422248,0.007464201,0.0036213202,0.00051525986,0.0011761091,0.00015079757,0.00018954006,4.1567096e-06,1.4166349e-07,0.00051794417,4.4201486e-05,8.562263e-10,5.2657997e-06,2.575245e-10,1.8753128e-10
1.0490917e-06,2.7275569e-06,2.5819374e-05,0.0010281253,0.0019797478,0.017544683,0.03819142,0.033556208,0.030576207,0.112712085,0.0947495,0.14011061,0.19443858,0.03660008,0.19898292,0.009000768,0.07354746,0.0010344877,0.014793861,0.0011212227,2.447831e-06
5.824757e-07,2.5045279e-07,3.7124376e-08,3.1190064e-06,1.9785408e-07,8.53892e-06,0.00044065798,0.0034223376,0.025084611,0.03780505,0.047532298,0.077447854,0.19532076,0.13645492,0.20571826,0.07739541,0.02314092,0.043996178,0.095999405,9.265459e-07,0.030227657
4.238147e-07,2.9454068e-07,7.561235e-08,7.168651e-06,1.8837725e-06,9.235924e-05,0.001295302,0.0041777175,0.017025134,0.0257508,0.02951378,0.052160244,0.10411013,0.121550895,0.12393731,0.107920446,0.12537359,0.17078033,0.11256671,0.0023494367,0.0013859984
1.1934971e-05,8.1197984e-05,0.005209081,0.0846845,0.24576184,0.4152982,0.124368474,0.04485199,0.0332574,0.014733135,0.009748345,0.008324022,0.0060514915,0.0010967322,0.0006941593,0.0019359544,0.0035635543,3.9773602e-07,0.00026390416,6.3724096e-05,4.208568e-09
3.471356e-07,5.326305e-06,0.0015715885,0.056198537,0.16929944,0.63499403,0.08173851,0.028293086,0.015224849,0.0051899776,0.002664748,0.0014542949,0.0025923124,4.069305e-05,0.00014611233,0.00017050705,0.00039986,2.91122e-09,1.5500706e-05,2.509856e-07,6.322109e-12
2.9746698e-06,3.3108404e-06,4.758752e-06,0.00013227413,0.00011650708,0.003503011,0.013246415,0.020475697,0.014969924,0.035227105,0.028842201,0.10087217,0.09742502,0.0943359,0.13616078,0.057785816,0.1000282,0.2725563,0.011650434,0.012443023,0.00021820904
6.270418e-06,1.2442583e-05,7.9411955e-05,0.0036271072,0.0041189115,0.044488754,0.103184015,0.12067577,0.078385256,0.12332733,0.06313265,0.071897075,0.07487257,0.023650313,0.20563735,0.011261803,0.06279782,0.00017390765,0.008544327,0.00012468985,2.1988158e-06
2.0259206e-06,1.2756337e-05,0.00082784105,0.026913738,0.078116365,0.52062964,0.16099468,0.083701625,0.042394027,0.023275262,0.012107189,0.012902492,0.0211389,0.0015479336,0.007899089,0.0016160856,0.0055203405,1.4801752e-06,0.00036619586,3.238232e-05,3.5588124e-09
2.4966964e-06,1.6339642e-05,0.0010844627,0.030725542,0.08220778,0.4576492,0.15245116,0.078009404,0.04604433,0.031552393,0.020434981,0.02548342,0.04889387,0.0032820946,0.007776668,0.003547741,0.010004605,6.091023e-06,0.00072260224,0.00010487408,1.0479789e-08
9.928667e-06,0.00010932565,0.011838529,0.13073747,0.2243872,0.40575913,0.08799485,0.040319394,0.028080545,0.015305633,0.014100781,0.01003823,0.023110509,0.00078338454,0.00033051887,0.0034343316,0.0033362987,7.8876957e-07,0.00031258064,1.0620845e-05,4.320732e-09
1.4358271e-05,1.122495e-05,1.2032913e-05,0.00055551005,9.8046105e-05,0.0012100436,0.017390361,0.06762014,0.15434796,0.14091253,0.10915244,0.14550221,0.11203943,0.03186198,0.04474843,0.066317655,0.084163204,0.0018999431,0.021992829,1.48935e-06,0.00014820603
4.056968e-07,9.409266e-07,1.8586638e-06,7.697356e-05,0.00012828787,0.0011287406,0.004826346,0.0023524524,0.0052395607,0.015723238,0.020509534,0.07608728,0.016266614,0.06589445,0.014086562,0.017808966,0.03575141,0.021850914,0.013659246,0.68859565,1.0573782e-05
3.1020613e-06,2.344161e-05,0.0020298662,0.06881404,0.1709069,0.48555794,0.15045023,0.07667765,0.02968812,0.008212778,0.0028170117,0.0019528453,0.00079912355,0.000107544656,0.0002658454,0.0006666767,0.0010135866,6.757098e-09,1.3082144e-05,2.1963506e-07,4.6876836e-11
0.45972672,0.48228413,0.054368716,0.0028651515,0.00032114334,0.00034030777,3.854047e-05,2.7530657e-05,1.36125445e-05,1.1957848e-06,9.879603e-06,1.6930295e-07,9.823728e-08,6.913527e-09,3.8286922e-11,2.7348879e-06,3.357306e-08,6.572919e-13,4.5781228e-08,1.0037564e-15,7.787129e-12
3.6457334e-07,1.4925902e-07,7.7287524e-08,1.4694905e-05,1.2145088e-06,3.433968e-05,0.0020203935,0.018128032,0.12928058,0.10606437,0.15582156,0.20543192,0.16752213,0.034946077,0.04420374,0.045669887,0.06945614,0.00390876,0.017286547,2.9717253e-08,0.00020900047
0.001039024,0.021803353,0.3200186,0.44713384,0.13785976,0.062598005,0.00529332,0.002351826,0.0013886411,0.000110451365,0.0002988667,1.7311262e-05,2.5169584e-05,1.2687916e-07,6.1757377e-09,5.654403e-05,4.6046034e-06,6.0473445e-12,4.7593684e-07,3.2442534e-12,1.5279644e-12
1.0744923e-06,1.1556707e-05,0.0017929535,0.050362468,0.1478648,0.5880192,0.107536905,0.044951405,0.02512563,0.010936451,0.0064286715,0.0046377014,0.009112514,0.0002569131,0.0007353671,0.00060520956,0.0015314985,7.6497656e-08,8.610691e-05,3.5503845e-06,1.8514446e-10
1.0113487e-05,3.666156e-05,0.0008294143,0.024538897,0.04264181,0.22501226,0.20147711,0.18091178,0.08382705,0.09088242,0.039236948,0.028413452,0.030895876,0.0034166859,0.023972075,0.0047855754,0.01798665,5.78967e-06,0.0011071652,1.2192088e-05,5.7338916e-08
1.0546707e-05,1.3320453e-05,5.5792716e-05,0.0034511576,0.0011069035,0.010748345,0.086007334,0.18692675,0.2308953,0.12582204,0.0746128,0.093010455,0.02644153,0.007725566,0.01302206,0.06569289,0.072672,6.6599154e-05,0.0017168935,5.592109e-07,1.1786258e-06
3.6567585e-07,1.6948687e-06,4.9676648e-05,0.002993529,0.008887893,0.07174633,0.0901562,0.055788945,0.04979077,0.13692865,0.105958484,0.12003674,0.179303,0.014934672,0.103689276,0.0044039655,0.048030358,6.572245e-05,0.006735675,0.0004980207,6.775661e-08
4.1466842e-07,5.43957e-07,4.4223728e-07,2.0008105e-05,1.3756129e-05,0.00063554704,0.0035120107,0.004646375,0.0058842264,0.018778745,0.01839075,0.06949168,0.050879378,0.060053,0.071964264,0.047099117,0.047834177,0.5619788,0.017805262,0.020862468,0.0001489596
3.4624998e-05,5.9982765e-05,0.000238448,0.009745174,0.0035966246,0.027621083,0.12279401,0.19857068,0.18249819,0.15763378,0.06731748,0.0772548,0.028206106,0.008824395,0.026851237,0.04193752,0.043034837,3.606279e-05,0.003741899,1.467731e-06,1.5877314e-06
1.52164475e-05,2.306128e-05,0.00018696382,0.007984776,0.0062514646,0.053362053,0.17818242,0.26069182,0.17330007,0.083116606,0.038819157,0.04819301,0.019798778,0.008870772,0.018419253,0.036593843,0.06524405,3.9372517e-05,0.00089804706,8.833841e-06,4.820154e-07
3.0694985e-06,3.448524e-06,1.1488625e-05,0.0013893247,0.00023640938,0.002883266,0.045995962,0.13852283,0.25422114,0.16519421,0.107578434,0.12907681,0.024363114,0.0049566575,0.007694613,0.057340644,0.058803793,2.9286859e-05,0.0016950313,2.0141263e-08,4.6173972e-07
7.572916e-06,1.9404015e-05,0.00028472632,0.021502728,0.011651171,0.076009005,0.22660942,0.27920738,0.19279014,0.080782555,0.031164205,0.032953024,0.005220637,0.0011086228,0.0033139372,0.019546287,0.017643923,6.6305313e-07,0.00018451056,7.1284454e-08,7.10422e-09
7.934512e-05,0.0019867036,0.15109771,0.43908817,0.2618166,0.12246615,0.011873212,0.006639771,0.0033896188,0.0004403621,0.000665476,9.4388706e-05,0.00017220924,1.3159818e-06,1.2617379e-07,0.00015806539,2.900214e-05,1.3258147e-10,1.7794741e-06,3.461196e-10,7.584406e-12
1.09271445e-08,4.3062727e-09,1.496648e-09,1.1100354e-06,4.159103e-08,3.7781986e-06,0.00065312616,0.010209317,0.10731193,0.11451358,0.13827385,0.21578968,0.20672542,0.032214683,0.05722327,0.029026104,0.0528195,0.0011051998,0.034088157,7.7196616e-10,4.1182546e-05
1.6795331e-05,9.676053e-06,5.3299586e-06,0.0001697657,3.2719337e-05,0.00036481227,0.0055653765,0.026221216,0.086537816,0.084258616,0.099997,0.13803369,0.18894364,0.07246344,0.08777891,0.061100792,0.07278826,0.020012325,0.052283425,9.2390765e-06,0.0034071924
8.8375655e-06,1.4637729e-05,7.73108e-05,0.001504262,0.0020027831,0.014287723,0.03386271,0.048148047,0.031343788,0.097630076,0.078484,0.14079495,0.17890415,0.0755419,0.12861808,0.031290017,0.11539563,0.0071028597,0.01378358,0.0011611859,4.345905e-05
1.6521709e-06,5.1002676e-06,9.812347e-05,0.005495973,0.012302354,0.16913374,0.14644378,0.12304447,0.06204935,0.061182972,0.035863504,0.073254846,0.08780255,0.022307117,0.14364871,0.007896994,0.04604429,0.00014364217,0.0027398032,0.00054083136,2.043051e-07
7.3899355e-07,1.3851618e-05,0.004697526,0.0977942,0.2431658,0.5364472,0.06266413,0.021812448,0.01438442,0.005295203,0.0042272196,0.0023203092,0.0059501375,7.801874e-05,5.865337e-05,0.00043606132,0.00061985233,1.1252444e-08,3.335705e-05,7.5439e-07,2.4570715e-11
2.9426434e-05,7.032164e-05,0.0009388272,0.03297961,0.026475422,0.12755936,0.22664334,0.27052888,0.1513935,0.057851758,0.025575763,0.027328076,0.0068318103,0.0018423535,0.0039367233,0.019635674,0.02010593,3.32051e-06,0.00026880606,1.0839259e-06,4.712519e-08
1.0476429e-05,6.4484804e-05,0.003251767,0.06421308,0.18855499,0.36099505,0.15249152,0.048832614,0.049673937,0.032439347,0.024454642,0.029700598,0.019409318,0.005379785,0.002423123,0.0052913637,0.010531168,3.3381596e-06,0.0013514985,0.0009278881,2.2482865e-08
9.9486206e-05,0.00087948254,0.05350758,0.28567904,0.31275037,0.18418281,0.06731053,0.028431492,0.025164925,0.010107082,0.01192439,0.006599463,0.0045672404,0.00059651694,4.2238833e-05,0.006049139,0.0018078864,1.6032192e-07,0.00029763262,2.570592e-06,7.988156e-09
6.1922274e-06,1.4718978e-05,0.00028210998,0.015649352,0.023589073,0.18566686,0.26655653,0.2624711,0.11517843,0.043260776,0.015713299,0.018253133,0.006762034,0.0034968029,0.009410407,0.008882464,0.024547847,2.4687067e-06,0.00024724743,9.140982e-06,1.5405208e-08
8.714459e-06,3.207588e-05,0.00062478933,0.028549884,0.033781547,0.21911368,0.23429334,0.1889698,0.10075014,0.08845024,0.03076988,0.021648673,0.014571604,0.0019901395,0.019226907,0.0044698035,0.011916226,1.0768513e-06,0.00082942174,1.9897352e-06,1.5092276e-08
0.0014072021,0.024417007,0.35061774,0.4180369,0.1362334,0.05755097,0.0060510314,0.0031295992,0.001749514,0.00016377734,0.00044146358,3.1414045e-05,4.3987227e-05,3.8895297e-07,1.4538081e-08,0.000115574694,9.042424e-06,3.1185752e-11,1.0414154e-06,1.2747104e-11,8.615454e-12
3.407295e-06,1.22533365e-05,0.0003354222,0.013832923,0.028456176,0.1958995,0.1930453,0.17760296,0.08365471,0.102610834,0.047124088,0.038740736,0.048415586,0.004758785,0.034571957,0.0045962487,0.025093855,8.553809e-06,0.0012167796,1.9827656e-05,3.948805e-08
0.41159937,0.5027463,0.07771549,0.0060262964,0.00083146786,0.00079462945,0.00011042569,8.280604e-05,4.174078e-05,4.7984613e-06,3.220759e-05,8.6847365e-07,5.188233e-07,5.0965347e-08,4.0244338e-10,1.2603248e-05,1.8926698e-07,1.0948176e-11,2.3291672e-07,2.752115e-14,9.468918e-11
6.349029e-05,0.00016846991,0.0016324569,0.034285456,0.035804834,0.16483413,0.2016343,0.18604062,0.108040735,0.0994027,0.04202927,0.03369997,0.02312484,0.0050976155,0.029429007,0.010854523,0.021512365,1.44357355e-05,0.0023161643,1.4201132e-05,4.893005e-07
6.7752417e-06,6.779365e-06,8.751641e-06,0.0006387752,9.964471e-05,0.0013891781,0.02382666,0.08455226,0.18101841,0.17963877,0.10822239,0.14476618,0.07045983,0.02039975,0.035694446,0.05874236,0.07373186,0.0003283866,0.016449519,3.337732e-07,1.8900173e-05
9.866166e-07,1.8650236e-06,2.5996267e-06,0.00014364034,0.00023264444,0.0022650629,0.009870743,0.0064676576,0.015173135,0.031803187,0.042264093,0.11032636,0.031463545,0.1029532,0.08956407,0.01630352,0.07954879,0.017431796,0.05631249,0.3878447,2.5806474e-05
3.937251e-06,2.1458574e-05,0.00069848634,0.018594211,0.05062708,0.21404333,0.15182169,0.08733013,0.06834015,0.11654459,0.07896294,0.05538503,0.088319466,0.005499864,0.035342786,0.0038430865,0.019895047,1.1321665e-05,0.0046097604,0.00010554381,6.415129e-08
5.522568e-06,5.1604275e-06,5.5613505e-06,0.00025016043,0.0001195555,0.0030538377,0.017053785,0.03599407,0.041780557,0.042447437,0.027876655,0.074029535,0.1002383,0.08459946,0.4095878,0.035440836,0.08818713,0.012298775,0.026357632,0.00036185142,0.00030636217
0.0003308748,0.00045928,0.0015291868,0.01613062,0.017455183,0.062484052,0.12667012,0.15014966,0.11190737,0.08486791,0.060756184,0.068547755,0.042642694,0.04013747,0.062909305,0.046704363,0.0952334,0.0012062546,0.008829807,0.0009805072,6.798447e-05
9.302035e-05,0.00011503428,0.0002621992,0.0071822,0.0017998841,0.010146141,0.066094674,0.14880662,0.19759569,0.15626198,0.10050407,0.11677499,0.033175725,0.0111803375,0.014554869,0.072154395,0.0568721,0.00020336383,0.006208174,9.642288e-07,1.3584425e-05
3.5276247e-05,7.9685866e-05,0.0008814985,0.02762359,0.029404527,0.1475045,0.23995642,0.22332895,0.13707696,0.06663732,0.02758779,0.029657364,0.010396893,0.0045690006,0.015101408,0.014543138,0.02475881,7.64671e-06,0.0008378497,1.1273096e-05,1.564304e-07
6.831681e-06,3.1921678e-05,0.0010902892,0.031426378,0.06551146,0.29675472,0.19543757,0.14344831,0.07106344,0.07896729,0.035498425,0.022076175,0.027261978,0.0019012027,0.014765913,0.0028797637,0.011043992,1.993148e-06,0.0008240192,8.375956e-06,1.6516514e-08
0.09877278,0.5388071,0.2788333,0.06577634,0.0098251365,0.0065419814,0.00073984655,0.00034706792,0.00021109164,1.7612676e-05,9.2846145e-05,2.6649323e-06,2.4112376e-06,5.2921283e-08,7.4405754e-10,2.8714323e-05,6.8933593e-07,4.743181e-12,3.480963e-07,1.00844124e-13,1.4645209e-11
5.859876e-06,3.94768e-06,6.2567397e-06,0.00040438777,8.879452e-05,0.0012040893,0.019308208,0.07484707,0.17559399,0.119595006,0.11050409,0.13941263,0.09888321,0.023678668,0.029469198,0.067560904,0.13041574,0.0016707897,0.00729948,1.352137e-06,4.6352452e-05
7.005899e-07,4.20613e-06,0.00015698578,0.005600918,0.01601436,0.07408598,0.07935929,0.044824906,0.04754073,0.14617336,0.13169424,0.12755415,0.22612227,0.011289728,0.04341401,0.005513392,0.031845834,4.1391097e-05,0.008523193,0.00024031526,7.558855e-08
1.9659103e-05,0.00039829296,0.083117776,0.32728338,0.34826446,0.18855406,0.024132852,0.013946851,0.007087476,0.0017666501,0.002267739,0.0006893202,0.0014869197,2.4093311e-05,1.7287449e-06,0.00073865586,0.00020791951,4.659119e-09,1.2195792e-05,2.1299623e-08,8.780525e-11
1.6920407e-05,1.8035416e-05,2.123582e-05,0.0010158118,0.0002068388,0.0026512519,0.030354554,0.086728595,0.1583132,0.15302435,0.08587192,0.12836668,0.09016474,0.032700773,0.06432583,0.06335778,0.074282,0.00080563553,0.027702406,3.3188708e-06,6.812479e-05
0.00059901946,0.0032520327,0.08633504,0.2965178,0.2569828,0.12734723,0.06883764,0.044151884,0.035504542,0.0148909725,0.020364447,0.0117599955,0.0060518533,0.0019191423,7.0253685e-05,0.021238808,0.0034669002,1.0038962e-06,0.00070557377,3.0061144e-06,1.2812008e-07
6.013172e-06,1.2310995e-05,0.00014555264,0.0092677055,0.011835233,0.110365696,0.2398116,0.2349137,0.13566044,0.07361593,0.028992234,0.034895483,0.013631255,0.009493855,0.0392022,0.012321191,0.04484312,8.932886e-06,0.0009529554,2.440289e-05,7.7167215e-08
6.3708735e-06,1.0114752e-05,6.0794628e-05,0.005192761,0.0013197598,0.01005852,0.09165223,0.20318061,0.25098893,0.13911927,0.088932306,0.09515026,0.011772468,0.0025071295,0.0038399233,0.053494696,0.04209308,8.124346e-06,0.00061257835,1.9571067e-08,9.440463e-08
2.200064e-05,7.342098e-05,0.0016233461,0.054464135,0.05674652,0.22914444,0.2376424,0.22864422,0.10996394,0.0347941,0.013145468,0.012505908,0.0029897322,0.0006230647,0.0015597317,0.008051383,0.007914048,3.944793e-07,9.139856e-05,3.790213e-07,4.7769424e-09
4.2956644e-06,8.478423e-06,5.292485e-05,0.0018496432,0.0029228495,0.02640468,0.058131013,0.06746803,0.04598652,0.10516138,0.07652526,0.111103676,0.1268845,0.041670077,0.21454231,0.013096835,0.09470007,0.0012808475,0.01127521,0.00092495384,6.4038672e-06
1.8208174e-06,2.2313621e-05,0.0038212938,0.077871226,0.18492764,0.5267598,0.09510782,0.039082777,0.02491977,0.011876614,0.008968145,0.006566719,0.015801677,0.00038913256,0.00038581647,0.0012857612,0.002077997,1.7733598e-07,0.0001280122,5.516986e-06,4.2580156e-10
5.079538e-06,3.1723216e-06,7.803806e-07,2.7691036e-05,3.808631e-06,8.8655994e-05,0.0016807641,0.007125956,0.02793996,0.0407274,0.040014055,0.072735675,0.16547343,0.114884704,0.17752679,0.085540816,0.037858803,0.0562663,0.15105797,3.9552935e-05,0.020998575
1.5560363e-06,2.3248551e-06,1.0476269e-05,0.001936369,0.00025437013,0.0027245164,0.05170431,0.14937617,0.26730725,0.1897577,0.11664997,0.1260552,0.010748076,0.0018045087,0.0029719449,0.04389857,0.03404572,2.6774435e-06,0.0007483005,8.918932e-10,3.1575475e-08
5.335989e-06,5.5517794e-06,5.1551738e-06,0.00038003933,6.587336e-05,0.0012105013,0.019733395,0.06512443,0.1406494,0.1494513,0.08491287,0.13416305,0.107187256,0.03851587,0.09172067,0.051617753,0.07179052,0.0008091964,0.042588353,2.210132e-06,6.129097e-05
1.5173892e-05,0.00019812449,0.028315088,0.20371906,0.2752327,0.32423466,0.06551478,0.035114422,0.020692572,0.010090697,0.010154586,0.0060372544,0.014096177,0.00044985476,6.703442e-05,0.0038997629,0.0020232273,3.1851903e-07,0.00014264106,1.8628773e-06,2.4852438e-09
2.9533956e-05,6.632238e-05,0.00064997206,0.02675876,0.015699636,0.08042882,0.20871663,0.2547672,0.18277946,0.08369621,0.0373703,0.040768713,0.008535432,0.0022922403,0.005586484,0.027048914,0.024345044,4.495446e-06,0.0004551023,6.1619187e-07,8.530238e-08
8.537479e-07,4.525145e-07,3.6600703e-08,1.6883813e-06,1.039812e-07,6.318892e-06,0.00013094336,0.0004453874,0.0035475148,0.011867975,0.012725535,0.017700775,0.04954988,0.07303163,0.06669119,0.37676048,0.0073130797,0.18344441,0.12362102,2.8966508e-05,0.07313169
2.9557418e-06,2.9170487e-05,0.0035280609,0.07053453,0.15236545,0.47773194,0.11630369,0.050087485,0.03299164,0.020172259,0.015566795,0.01442098,0.035152134,0.0013292864,0.0010033689,0.0033569168,0.005054456,1.3070799e-06,0.00034197047,2.5625097e-05,2.7460163e-09
0.00038544933,0.0034091764,0.15979142,0.35241255,0.26717496,0.12700523,0.028348168,0.027678447,0.013705772,0.003720492,0.0060124025,0.0020814838,0.0028564122,0.00017377298,6.7912024e-06,0.004498386,0.0006670579,1.21628e-07,7.1844035e-05,6.298422e-08,9.5378505e-09
2.6881355e-06,7.146093e-05,0.023718655,0.21425903,0.36663583,0.34262994,0.028614348,0.01176141,0.007183036,0.0016142034,0.0015536646,0.00047286402,0.0011652851,9.135342e-06,3.7357388e-06,0.00016749895,0.00013023103,9.338469e-10,6.8781947e-06,3.4442785e-08,7.389852e-12
1.2638567e-06,1.3942814e-06,6.1522983e-06,0.0010394492,0.00015791341,0.00190763,0.039197326,0.14397922,0.26844016,0.16156597,0.1240128,0.13363019,0.016563475,0.002480339,0.0030812628,0.05069726,0.052547846,1.167126e-05,0.000678621,1.8388996e-09,8.95131e-08
7.468786e-06,7.452845e-05,0.007981708,0.10625457,0.173484,0.38911995,0.107765995,0.050650258,0.034745246,0.023831619,0.020890074,0.019306725,0.047414806,0.0022610466,0.00062416994,0.008013676,0.007006554,3.059162e-06,0.0005354335,2.9128561e-05,9.645258e-09
6.617583e-07,3.6582517e-07,6.620976e-08,5.0745184e-06,4.138627e-07,1.740948e-05,0.0007016285,0.00470184,0.027128981,0.039042804,0.043297,0.08005628,0.18531281,0.11432866,0.20738134,0.057046846,0.029194962,0.035235047,0.16382775,2.8851207e-06,0.01271721
8.385465e-06,5.224119e-05,0.0028650174,0.049586896,0.11906558,0.49980327,0.1377687,0.0799185,0.0391,0.019172402,0.011256324,0.010154024,0.018846864,0.0013246131,0.003492285,0.0022999907,0.0049204463,2.2900701e-06,0.00033593894,2.6207816e-05,1.1418089e-08
6.68084e-06,6.841206e-05,0.006191408,0.08896594,0.20711334,0.38054687,0.11519692,0.07168052,0.037894208,0.03752305,0.024819193,0.009251599,0.015588295,0.00026005582,0.0008023873,0.0011589278,0.0027184892,1.3923534e-07,0.00021281911,6.779078e-07,1.1578825e-09
4.589444e-06,5.4594475e-06,1.9747924e-05,0.0012285878,0.0013661194,0.021474477,0.08200123,0.12026124,0.11554966,0.072070494,0.0467711,0.0713691,0.04988093,0.058561504,0.14391306,0.025169192,0.18287411,0.0005962126,0.006207286,0.0006707808,5.071019e-06
1.0786287e-06,4.6624854e-07,4.7548252e-07,4.704071e-05,1.0169805e-05,0.00029420864,0.0062523605,0.038719222,0.10647836,0.06209517,0.07345688,0.114270456,0.20526442,0.048056196,0.046413485,0.065449804,0.21214886,0.01270443,0.008122344,4.681379e-06,0.00020983577
4.587992e-06,2.9282944e-06,8.3302126e-07,3.2075855e-05,5.6749036e-06,0.00013564175,0.0022772145,0.009211901,0.029346304,0.04195478,0.039664302,0.07737254,0.18473007,0.11412326,0.15997297,0.08769119,0.060647283,0.068857044,0.111806676,9.011e-05,0.012072617
0.16377409,0.5976008,0.19429873,0.034289274,0.0051806024,0.003780674,0.00050291413,0.00027248045,0.00016003991,1.5194795e-05,8.511295e-05,2.6528373e-06,2.1134579e-06,9.016821e-08,1.0413304e-09,3.4064815e-05,6.893617e-07,1.2981597e-11,4.7521857e-07,1.5289187e-13,5.7784447e-11
2.4156107e-06,1.1881675e-05,0.00040380095,0.017214367,0.063442335,0.22414388,0.1615633,0.04722397,0.05863357,0.059560448,0.048834324,0.11057829,0.04771238,0.03469495,0.014328502,0.010332411,0.045137152,4.9152506e-05,0.004749142,0.05138371,6.938945e-08
8.539255e-06,2.3209002e-05,0.00031287933,0.0119559085,0.020005539,0.23437996,0.1852793,0.17303151,0.074095294,0.05170416,0.023615977,0.03580037,0.039461117,0.01177472,0.104132324,0.007136331,0.025191486,5.0619743e-05,0.0019202839,0.00012014216,3.2665048e-07
3.5458536e-06,4.0737164e-06,1.5701675e-05,0.0012693722,0.000861555,0.015607545,0.09024532,0.1583251,0.16547923,0.091170415,0.049257576,0.0732488,0.046534676,0.032827705,0.091495275,0.033561587,0.14590003,0.00021948155,0.0039233933,4.7115558e-05,2.4686292e-06
7.409741e-07,1.0657524e-05,0.0025683567,0.06814515,0.18412946,0.5684802,0.087506644,0.03199215,0.021333082,0.009541229,0.0069605764,0.004939774,0.011723524,0.00022241514,0.00026544314,0.00072216196,0.0013750447,5.364165e-08,8.019386e-05,3.2015869e-06,9.1388806e-11
2.7196826e-05,0.00012265265,0.0037588053,0.07066159,0.15426815,0.38704067,0.18059212,0.10540072,0.049936544,0.019907549,0.008469218,0.006839754,0.0031907158,0.0008585918,0.0019941498,0.0024959021,0.004272356,4.0012483e-07,0.00015534424,7.5730004e-06,7.1143678e-09
4.0074602e-07,1.3311632e-06,2.2585413e-05,0.0015783424,0.0036967488,0.039424885,0.07069891,0.05693322,0.045789104,0.12725009,0.092947796,0.11943484,0.16016291,0.02186325,0.18355912,0.0053431676,0.063055485,0.00015109466,0.0076466408,0.00043982695,2.0767206e-07
1.0127695e-06,6.9465477e-06,0.0005494145,0.022022562,0.06924623,0.49409932,0.1649775,0.07956255,0.045345545,0.029289942,0.016870225,0.020364054,0.035319638,0.00227134,0.009778789,0.0019471631,0.007781147,2.1421815e-06,0.00050314586,6.130392e-05,2.8326093e-09
2.7683447e-05,0.00090195483,0.12417852,0.44008526,0.2845347,0.13043119,0.010448177,0.0054551833,0.0027536969,0.000339953,0.0005048497,7.077337e-05,0.00014046591,7.824938e-07,6.867225e-08,0.00010577039,1.9976525e-05,4.295902e-11,9.970951e-07,1.9357357e-10,1.5548749e-12
5.452988e-06,2.9552589e-06,1.842467e-06,6.6883345e-05,3.122583e-05,0.00067932234,0.0048801764,0.017946834,0.034902707,0.03530246,0.03768275,0.06547236,0.14800526,0.12396882,0.10126913,0.09193087,0.22731948,0.08472457,0.022152029,0.0020164824,0.001638364
7.1783916e-07,3.1782142e-06,7.765392e-05,0.0038537076,0.009832087,0.14597513,0.13129982,0.067693375,0.04404368,0.06517556,0.04502413,0.1390348,0.15438686,0.038495403,0.07515752,0.013523646,0.05636589,0.0006263954,0.004071928,0.0053582783,1.9177178e-07
3.1781146e-06,5.982539e-06,4.499597e-05,0.0026633432,0.0069655306,0.06664883,0.121623136,0.089242555,0.074690714,0.06781453,0.04538954,0.09017829,0.037383255,0.076879755,0.14303556,0.01342953,0.14003274,0.0003376639,0.0064328816,0.01719698,1.0035003e-06
1.5313235e-05,1.8928085e-05,6.601286e-05,0.0035009913,0.0012550028,0.012969076,0.09139638,0.17427279,0.21576433,0.12313934,0.06545467,0.08981544,0.035178278,0.013311235,0.026726266,0.06437369,0.07939072,0.00012737424,0.0032178694,2.9584146e-06,3.3617996e-06
2.3764203e-06,6.367777e-05,0.019574007,0.20629632,0.34870908,0.37916484,0.026344554,0.010445376,0.006244802,0.0011351906,0.0009789702,0.00026930153,0.00059282826,4.07609e-06,2.768282e-06,9.1202455e-05,7.71137e-05,3.070498e-10,3.4532843e-06,1.3823159e-08,2.676448e-12
5.7778147e-06,2.3854738e-05,0.0007086317,0.020259712,0.0497994,0.40054312,0.1814642,0.12433776,0.056931455,0.03578827,0.018568348,0.024094405,0.034062173,0.0050689,0.030041987,0.0038601048,0.013322391,1.508272e-05,0.0009866641,0.000117685406,5.3960804e-08
9.853247e-07,6.064416e-07,7.211599e-08,3.7893958e-06,3.2777024e-07,1.5779171e-05,0.0003342254,0.0011608597,0.007062288,0.018575324,0.021780204,0.030538421,0.088766545,0.08470837,0.111695625,0.200494,0.018925048,0.14623995,0.23610796,5.932776e-05,0.033530172
9.46842e-06,3.0387e-05,0.00041621775,0.009972171,0.023075353,0.06674206,0.08827407,0.035902694,0.049243998,0.07027715,0.06455287,0.16644274,0.075379215,0.10916167,0.023600401,0.03522018,0.081508465,0.0006364789,0.016476952,0.08307486,2.6365467e-06
0.00010102913,0.002330041,0.16387549,0.43685314,0.26074713,0.11159466,0.012008628,0.0069370987,0.0036220246,0.0005043894,0.0008333112,0.00012474445,0.00021403783,1.9623371e-06,1.5779622e-07,0.00021249596,3.7046437e-05,2.3793262e-10,2.6145124e-06,5.352963e-10,1.5179599e-11
1.305986e-05,0.00043726194,0.07279445,0.3849398,0.3128333,0.20208237,0.014652629,0.007074482,0.003656659,0.0005072715,0.0005761805,9.4754025e-05,0.00021241371,1.0506835e-06,2.2767959e-07,9.4401265e-05,2.8475451e-05,6.82714e-11,1.2646617e-06,6.80873e-10,1.6048946e-12
2.241986e-05,6.316673e-05,0.001041559,0.04072994,0.03400404,0.15730505,0.24132384,0.2548042,0.14280963,0.05181259,0.020413196,0.0206741,0.0046674022,0.0010897747,0.0028266455,0.01318127,0.013054377,9.733737e-07,0.00017530606,4.627568e-07,1.3439131e-08
2.1377653e-05,4.8781523e-05,0.0005926865,0.016662594,0.035984814,0.21036617,0.22484155,0.20409901,0.09434331,0.047119007,0.023665816,0.028103076,0.015059792,0.013159426,0.024180582,0.011087128,0.04919304,3.6821908e-05,0.0010005506,0.00043408273,2.9823295e-07
1.25834085e-05,3.2145606e-05,0.00029197277,0.008579879,0.025907725,0.10401431,0.12693489,0.06590238,0.066328935,0.07017462,0.05632586,0.11824403,0.042760607,0.06794713,0.07100374,0.014077997,0.086964466,0.00044434573,0.010454241,0.06359599,2.2025054e-06
2.935408e-05,6.303883e-05,0.00042457218,0.006216788,0.008885016,0.023187146,0.04590964,0.03210376,0.036713686,0.066027224,0.05937785,0.15631041,0.07806858,0.21968448,0.02228518,0.11183674,0.08702415,0.0023208328,0.023551779,0.019944986,3.476319e-05
1.3648463e-05,1.8658653e-05,0.0001098589,0.005152154,0.004058773,0.04250232,0.15630138,0.22343074,0.17515048,0.08697118,0.04237211,0.056332756,0.027179915,0.016591126,0.03789866,0.03629641,0.08767228,8.955876e-05,0.0018265133,3.0303896e-05,1.2167666e-06
3.7045022e-06,1.5107609e-06,9.0837983e-07,4.163434e-05,1.5251349e-05,0.00048734137,0.0036744538,0.016569544,0.032187693,0.029458834,0.031662636,0.055674955,0.15839364,0.1195222,0.076538764,0.12855878,0.22869743,0.10491355,0.011022369,0.0008901343,0.0016846543
3.3560656e-07,2.2047186e-06,0.00016382603,0.011387769,0.040214937,0.3046079,0.19172369,0.101275966,0.06452774,0.09301246,0.050469387,0.03862383,0.05895208,0.0026487252,0.024633436,0.0015972372,0.015038983,1.4893039e-06,0.0010845762,3.3512297e-05,1.6680886e-09
3.058615e-06,5.040669e-06,2.6259997e-05,0.0035165944,0.00067467627,0.0073823542,0.08564143,0.18801051,0.2710237,0.15850912,0.081803806,0.09598245,0.011933722,0.0026023146,0.005208947,0.049325645,0.037535723,3.8282933e-06,0.0008107709,9.156622e-09,5.4414905e-08
2.820727e-07,8.964106e-07,7.5412854e-06,0.00034524532,0.00067000766,0.006417384,0.01841296,0.013229532,0.016921952,0.0992866,0.101369575,0.21340275,0.23136495,0.05530567,0.12594087,0.011556547,0.07216467,0.0029851524,0.026637133,0.0039775143,2.744032e-06
8.067911e-06,2.3249913e-05,0.00035278397,0.018667946,0.021432163,0.24579696,0.23599295,0.20771861,0.09552464,0.054186005,0.016701482,0.021358972,0.01405629,0.003818484,0.045698177,0.0060972814,0.0118337395,3.0136741e-06,0.0007244696,4.697044e-06,3.9039623e-08
5.9117276e-05,0.00024681768,0.0058970083,0.06775863,0.10442555,0.15731214,0.1398811,0.06940907,0.07222284,0.06619656,0.05497843,0.07774141,0.052701853,0.03413004,0.0039563742,0.050248537,0.035551414,5.504936e-05,0.0062064505,0.0010204924,1.1062532e-06
0.0014270886,0.023202397,0.32804266,0.4200512,0.14781693,0.06510585,0.0072648586,0.0038702425,0.0021861782,0.00022003187,0.00054444646,4.387224e-05,6.191339e-05,6.148931e-07,2.8833798e-08,0.00014681177,1.3338413e-05,6.8343574e-11,1.5565009e-06,3.2318766e-11,1.7793123e-11
3.166607e-05,0.0007843667,0.0894612,0.3748223,0.33725402,0.14304844,0.021707939,0.015484561,0.007683777,0.003429567,0.004513975,0.0006121776,0.0007942842,3.963095e-06,1.231933e-06,0.00024126234,0.000115563314,4.803089e-10,9.715276e-06,5.772893e-10,1.7683998e-11
6.208734e-06,9.70274e-06,0.00010072356,0.0064728525,0.004298272,0.048324592,0.18527225,0.31011096,0.18892542,0.06783868,0.029350333,0.039408714,0.013011547,0.0048889113,0.0077196215,0.038099043,0.05581465,1.3890661e-05,0.00033198937,1.5364411e-06,9.121661e-08
1.9339965e-05,1.9366931e-05,3.2364416e-05,0.0016700808,0.0002959438,0.002916994,0.034387138,0.10921065,0.19922054,0.17328827,0.11033235,0.1388491,0.051966187,0.014398647,0.020677278,0.06502189,0.06810824,0.0002690606,0.009301116,3.271539e-07,1.5170561e-05
9.552543e-05,0.00040994666,0.010469275,0.09671726,0.15043983,0.20086297,0.14410272,0.07598653,0.0676243,0.05036443,0.040572546,0.047125764,0.03369141,0.017601771,0.002459884,0.03368321,0.023867972,2.6269143e-05,0.0034771734,0.00042054526,7.353241e-07
8.662179e-06,1.9698611e-05,0.00024747022,0.013945686,0.017561892,0.14051063,0.25691834,0.23172964,0.13076909,0.06659099,0.024675794,0.028952463,0.010641283,0.006780576,0.027765458,0.010535203,0.03150129,5.375172e-06,0.00082260364,1.7808334e-05,5.6807085e-08
1.2382843e-06,8.9377863e-07,6.0295315e-07,6.341697e-05,8.675188e-06,0.0002600847,0.0068106707,0.034605138,0.10574293,0.10863315,0.080585055,0.13881937,0.17894728,0.052909635,0.11334706,0.046772163,0.077767454,0.0025474026,0.05199912,1.2996057e-06,0.0001773439
9.804897e-05,0.0023415447,0.16991878,0.44043344,0.25528502,0.1091741,0.01126947,0.006532831,0.00329114,0.00043088142,0.00071775797,0.000101793135,0.00017722462,1.5778287e-06,1.1034317e-07,0.00019388221,3.0421554e-05,1.6051352e-10,1.9653032e-06,3.1362055e-10,1.0183298e-11
4.0317213e-06,4.5842535e-05,0.0053785783,0.081266776,0.1962881,0.34298867,0.11538463,0.07081221,0.04184442,0.0516208,0.041606776,0.015694164,0.030175557,0.00038433282,0.00086261384,0.0015673093,0.0037381186,2.0745402e-07,0.0003361241,7.741755e-07,1.1925436e-09
1.1387558e-06,1.0111746e-05,0.0009858,0.032577675,0.10509074,0.38798425,0.1595671,0.07824957,0.051877853,0.06789021,0.040483654,0.021977272,0.038629528,0.0008903316,0.0056627505,0.0013133544,0.006175015,3.9595804e-07,0.00062716805,6.0431844e-06,1.1911286e-09
4.8165304e-05,5.9480757e-05,8.142967e-05,0.0010019813,0.0008006442,0.0052053626,0.01829388,0.03069084,0.030611094,0.074306756,0.06963539,0.11703394,0.1428933,0.08295999,0.19051977,0.041549325,0.10787975,0.03028216,0.05289328,0.0020851681,0.0011683026
1.2901817e-06,9.030913e-06,0.00053639046,0.015857909,0.04655529,0.18053864,0.1277664,0.079279274,0.0587427,0.12693246,0.09694062,0.070597105,0.14615874,0.004581992,0.01762445,0.004193374,0.021130256,9.150918e-06,0.002504132,4.078352e-05,1.991342e-08
2.6900396e-05,5.638102e-05,0.00039178572,0.011092098,0.011037823,0.076968975,0.14915808,0.16657135,0.10418048,0.12698951,0.06087743,0.06013304,0.053843863,0.014877951,0.09749182,0.014586052,0.045731932,9.336368e-05,0.0058347275,5.4167835e-05,2.2715756e-06
0.00026913243,0.0060067805,0.23282954,0.45889464,0.20568714,0.07975357,0.008344489,0.004668583,0.0024634034,0.0002593269,0.00053424726,5.3607408e-05,8.4359286e-05,6.6517663e-07,3.6292562e-08,0.00013373782,1.551369e-05,5.4312697e-11,1.1986282e-06,5.5074324e-11,6.712133e-12
5.8034926e-05,0.0015383166,0.14783084,0.43983722,0.26974276,0.11791616,0.011601276,0.0065995874,0.0032664002,0.00044545557,0.000682941,0.00010101278,0.00018205603,1.3760014e-06,1.1189847e-07,0.00016576359,2.9022292e-05,1.1934013e-10,1.6497252e-06,2.877915e-10,5.895122e-12
0.0004685715,0.008827024,0.27361214,0.4400221,0.18883803,0.070627004,0.008486846,0.005171143,0.0026078303,0.00029165467,0.00065050775,6.877346e-05,9.88477e-05,1.1019046e-06,4.3900954e-08,0.00020674276,1.994294e-05,1.1284669e-10,1.7199684e-06,6.4867695e-11,1.7704336e-11
9.883651e-05,0.0023798177,0.1560448,0.44140542,0.25624618,0.12015289,0.011910186,0.0066457503,0.0035002776,0.0004548387,0.00069615844,9.656767e-05,0.0001749452,1.3386766e-06,1.3766412e-07,0.00015995924,2.9824967e-05,1.4877978e-10,2.0155646e-06,3.7472853e-10,9.680504e-12
6.353571e-05,0.000114912116,0.0005459257,0.016867043,0.0068245856,0.04178401,0.14391908,0.22176005,0.18185352,0.13463005,0.058641348,0.06565023,0.022073574,0.006378508,0.015856031,0.04413795,0.03660085,3.1455034e-05,0.0022645672,1.3864787e-06,1.4037455e-06
1.2034154e-05,2.5016736e-05,0.00022519722,0.0087137045,0.0084354635,0.074168816,0.16235125,0.20399402,0.111685395,0.123520955,0.053238273,0.056934033,0.048695896,0.011764746,0.070636,0.0148545755,0.047790773,5.4600736e-05,0.0028778359,2.0566611e-05,7.965595e-07
2.4942276e-06,9.017382e-05,0.026940502,0.2715343,0.35298976,0.3167587,0.018594073,0.0072247144,0.004223244,0.0006173494,0.00058046455,0.000117074815,0.00024481682,1.0384456e-06,5.813265e-07,4.9076192e-05,3.0415109e-05,3.802497e-11,1.2680881e-06,1.4747755e-09,4.277852e-13
0.00034744584,0.005479669,0.21686088,0.41380784,0.23442456,0.09669844,0.0141503,0.009773026,0.0049287844,0.0007981802,0.0014472412,0.00025370857,0.00037556747,6.9082175e-06,3.9744077e-07,0.00056062936,7.912552e-05,1.867317e-09,7.372908e-06,1.5617169e-09,1.9358992e-10
0.067250304,0.41619027,0.36665457,0.11432012,0.02023197,0.01231141,0.0015013916,0.00077706913,0.00044315518,4.291158e-05,0.0001902058,7.2721946e-06,7.0014357e-06,1.7563895e-07,2.8320168e-09,6.932579e-05,1.9971644e-06,2.1333293e-11,8.1510257e-07,7.022301e-13,4.4424e-11
6.2251693e-06,5.9578182e-05,0.004920245,0.06687779,0.1582339,0.27663714,0.1170414,0.07372471,0.050053824,0.07700543,0.07033206,0.030662699,0.059562754,0.0011111882,0.0019402748,0.0031444523,0.007642165,1.185991e-06,0.0010391587,3.8312305e-06,7.578956e-09
5.2720306e-06,1.4065104e-05,9.9775054e-05,0.0039061576,0.005792416,0.04748579,0.08736906,0.07824569,0.061878968,0.13238499,0.08176386,0.07864484,0.092136726,0.021655735,0.2373008,0.0075647673,0.046176072,0.00014690732,0.017156279,0.0002700223,1.8465139e-06
5.7804224e-05,0.00035521702,0.016045822,0.14258628,0.27347812,0.30758676,0.11275667,0.045286167,0.036983345,0.017610515,0.014291053,0.011271073,0.008620242,0.0018140281,0.00051771634,0.0052386946,0.004855721,1.2200751e-06,0.0005786631,6.481427e-05,3.263639e-08
0.012902666,0.052018017,0.28694016,0.31793278,0.16326539,0.06473849,0.031320665,0.024817584,0.015270917,0.004783992,0.011481781,0.0026271213,0.0013230621,0.00039871957,1.0593114e-05,0.009085831,0.0007999626,3.0828352e-07,0.00028175392,8.824321e-08,1.8279484e-07
8.380635e-06,1.3460515e-05,0.00013178877,0.007113354,0.0067585804,0.069586985,0.20317507,0.27422765,0.16605712,0.07067659,0.030165687,0.03853407,0.016184727,0.0088771,0.01987278,0.025941333,0.061950784,2.2138101e-05,0.0006898406,1.2374005e-05,1.8785549e-07
2.5105084e-05,2.243914e-05,1.4651056e-05,0.00040366288,9.8638804e-05,0.0011628125,0.012265126,0.037314083,0.08256603,0.0921883,0.07059144,0.11676189,0.15045272,0.07319016,0.14122383,0.05318175,0.06833281,0.008560377,0.09013598,4.8442158e-05,0.0014597648
2.2719782e-05,3.840534e-05,0.00027399123,0.0116647165,0.0066891056,0.04627847,0.17236888,0.24512096,0.19033521,0.09720972,0.04689175,0.05640582,0.015940234,0.005765317,0.0130292615,0.041826963,0.049184054,2.4130044e-05,0.00092744146,2.4229003e-06,4.1625233e-07
1.1836287e-05,9.404175e-05,0.0071596443,0.088525735,0.12438827,0.30432725,0.119015686,0.06704843,0.043857228,0.038275998,0.032371517,0.037840974,0.089565895,0.0074066636,0.0013270293,0.022212256,0.015317426,1.8273402e-05,0.0011663568,6.947343e-05,6.032097e-08
7.599678e-06,1.7094955e-05,0.00011530778,0.005777292,0.005111643,0.050038084,0.12829053,0.13741173,0.1016242,0.14666247,0.065533385,0.06440866,0.05446061,0.0147360815,0.16572097,0.010365891,0.042046104,4.1467258e-05,0.0076057585,2.4213463e-05,8.469595e-07
2.7281101e-05,6.784249e-05,0.00092100643,0.02372339,0.050230734,0.21060947,0.2260357,0.18820487,0.09404469,0.05522998,0.026842069,0.02913873,0.0146254,0.010741887,0.023704665,0.009732027,0.034745224,1.8112245e-05,0.0011664579,0.00019028687,2.4303057e-07
6.0393145e-06,8.591877e-06,3.9981423e-05,0.0026319742,0.0025027182,0.034407537,0.12540784,0.16000374,0.14183058,0.088752404,0.046661455,0.065574266,0.0370092,0.034592472,0.122510515,0.022231122,0.11088013,0.00014340611,0.004656836,0.00014751674,1.6932355e-06
5.9971785e-06,1.2913423e-05,0.00012791193,0.0063410318,0.015838353,0.11789224,0.17819166,0.1329686,0.092102006,0.07420011,0.042927966,0.06407453,0.028847098,0.03591349,0.11166989,0.009936805,0.082897715,7.558411e-05,0.003817911,0.00215763,4.5718275e-07
7.5762296e-06,5.4168995e-06,8.835263e-06,0.0005414379,0.00011382615,0.0013938302,0.021355212,0.079271734,0.1846983,0.129366,0.11469292,0.1449136,0.08582419,0.021244908,0.026444474,0.06783621,0.113783054,0.0012618027,0.0071963114,9.731425e-07,3.942515e-05
1.9203188e-05,7.750865e-05,0.0022261585,0.042148065,0.13994658,0.3783838,0.19467646,0.09910156,0.054758325,0.025483105,0.013481116,0.01529679,0.008412579,0.004173424,0.0046670185,0.003757911,0.01251725,4.4035396e-06,0.00046792382,0.00040075244,3.602839e-08
5.241299e-06,1.6794582e-05,0.00021951011,0.023599595,0.0072293985,0.054897062,0.20495462,0.2741639,0.21465415,0.12156822,0.037109695,0.030651614,0.0038707962,0.00052600796,0.0018297961,0.014711978,0.009795536,7.7772704e-08,0.00019600813,2.1465334e-09,1.2137276e-09
1.725401e-05,4.529524e-05,0.00074941246,0.032259177,0.029506247,0.15611556,0.2512643,0.25864634,0.14039676,0.052322272,0.019568538,0.020685472,0.005185586,0.0015228252,0.0042030197,0.012392828,0.01490007,1.1702754e-06,0.00021705584,8.183063e-07,1.5178031e-08
2.2686743e-06,1.2865357e-06,1.4620017e-06,0.00012879408,2.1843976e-05,0.000395725,0.009521609,0.047259137,0.15022041,0.111263156,0.118973084,0.14987372,0.13947992,0.030182222,0.039724614,0.058532994,0.12994246,0.0029534071,0.011428376,8.4182426e-07,9.2716524e-05
4.8552683e-06,8.076144e-06,3.6365305e-05,0.0016028516,0.0035525565,0.023782562,0.059214193,0.04701377,0.05296951,0.071060404,0.06182746,0.12716264,0.051501773,0.10985565,0.18141648,0.017143086,0.1454901,0.001276176,0.015643815,0.029430509,7.19002e-06
3.3587883e-05,0.00076423574,0.11523269,0.37814257,0.32009342,0.14918453,0.017254299,0.010428242,0.005104779,0.00095701637,0.0013588098,0.000311144,0.00061659026,7.952185e-06,5.489755e-07,0.00041042833,9.373329e-05,1.1701868e-09,5.3961126e-06,3.865078e-09,3.4302935e-11
2.8620538e-05,6.67722e-05,0.00051477854,0.01735764,0.013566494,0.09692145,0.18414186,0.201855,0.13212498,0.11984892,0.048690483,0.04869136,0.032027386,0.0080101015,0.044873558,0.01601102,0.032046158,2.540611e-05,0.003186072,1.1323092e-05,6.8417546e-07
0.058505423,0.36570013,0.39637682,0.13462147,0.02554646,0.015195787,0.0019492708,0.0010666607,0.00059503375,6.123539e-05,0.0002540433,1.11324e-05,1.0760072e-05,2.9991048e-07,5.0600555e-09,0.00010111406,3.1384386e-06,4.2966537e-11,1.1934025e-06,1.5546904e-12,7.758925e-11
3.1746094e-06,2.8926986e-06,7.6726405e-07,2.904947e-05,6.142905e-06,0.00014740022,0.0018790534,0.005438968,0.016729528,0.031775568,0.037424438,0.061067075,0.118303776,0.077394255,0.14207914,0.070830084,0.056356877,0.08494983,0.28936633,0.00038591816,0.0058297585
0.070198655,0.424875,0.35625598,0.1126342,0.020207709,0.012660716,0.0015648749,0.00080368086,0.00046674893,4.5997804e-05,0.00019820943,7.7348395e-06,7.5222374e-06,1.8686823e-07,3.388587e-09,6.961735e-05,2.1730195e-06,2.528645e-11,9.0161154e-07,8.673251e-13,5.28665e-11
0.0020038595,0.010370423,0.16026014,0.33212346,0.24348095,0.099663526,0.048414208,0.035103597,0.024367627,0.007973055,0.013413726,0.0050605456,0.0026312342,0.0007176366,2.4356368e-05,0.012402239,0.0016190757,4.234244e-07,0.00036927738,5.385263e-07,1.1332175e-07
8.3595105e-06,9.473975e-06,3.16614e-05,0.002114056,0.0006704518,0.008599809,0.075566076,0.16724582,0.2241713,0.121738076,0.06666425,0.09332328,0.03909538,0.013129883,0.024490524,0.06922454,0.09082062,0.00013861059,0.0029530649,1.7119875e-06,2.9495195e-06
0.012538685,0.134041,0.4711529,0.27936205,0.06328542,0.032411445,0.003657856,0.0018891424,0.0010577203,9.897195e-05,0.00034978832,1.7508883e-05,2.0690602e-05,2.989867e-07,6.9120176e-09,0.00011049693,4.994478e-06,2.9537768e-11,1.0929868e-06,3.2447124e-12,2.3407828e-11
2.2758142e-05,9.861591e-05,0.0023588724,0.04661601,0.13415246,0.35832626,0.19593504,0.08733175,0.05872582,0.038884863,0.020230146,0.019723846,0.010323799,0.0036562085,0.009511993,0.003363561,0.009478289,2.4958117e-06,0.0011074549,0.00014976448,4.0946787e-08
8.8636e-06,6.195779e-06,2.3987166e-06,7.526907e-05,1.4524295e-05,0.00023345185,0.003643211,0.015010901,0.04503414,0.05584783,0.0539596,0.09939407,0.18974389,0.098369144,0.16323632,0.05117736,0.058411386,0.034830973,0.12377271,5.4077744e-05,0.007173788
1.7607435e-05,5.2928524e-05,0.0008787168,0.023669964,0.06863314,0.2816463,0.22537993,0.13409409,0.07826499,0.046167664,0.024439396,0.030502224,0.014783729,0.010842843,0.023211341,0.0059640133,0.02919809,1.6488902e-05,0.0013519021,0.0008845089,1.3888156e-07
2.6494077e-05,2.9567502e-05,7.9633675e-05,0.0031553663,0.0011660175,0.011145992,0.07575732,0.15037642,0.19805641,0.11629795,0.06939364,0.09735434,0.047757253,0.019515783,0.034558836,0.07303311,0.096584156,0.00040724623,0.005280552,9.479731e-06,1.4355458e-05
2.8628137e-05,8.85331e-05,0.001370539,0.022130033,0.046253387,0.10324857,0.1219003,0.06375744,0.068162866,0.08054525,0.06409008,0.12623554,0.0710422,0.079831466,0.016905159,0.04342249,0.0690281,0.0002901008,0.011367685,0.0102985725,3.1228985e-06
1.6271435e-05,2.9615945e-05,0.00013128141,0.005988548,0.003161848,0.030791547,0.11679637,0.16469632,0.13960654,0.15609416,0.0676785,0.07878379,0.04971473,0.015488845,0.089221954,0.024490824,0.050277416,7.0778406e-05,0.0069497037,8.712181e-06,2.312429e-06
2.6533575e-05,3.2069915e-05,9.7773445e-05,0.002622561,0.001522806,0.0152914915,0.06857949,0.13300441,0.109818794,0.11464044,0.066637695,0.09538443,0.09641827,0.034091197,0.09929619,0.046184033,0.10599503,0.0012723333,0.008985739,5.6615238e-05,4.2092717e-05
2.9027087e-06,1.5500585e-06,4.1139106e-07,2.0777165e-05,2.4284145e-06,5.8003265e-05,0.0015751781,0.0091938125,0.042198867,0.052064423,0.05612014,0.09990472,0.19952188,0.11797752,0.17528471,0.053838667,0.040896744,0.032658346,0.10752474,6.598869e-06,0.011147553
4.5755573e-05,0.0015617954,0.14510997,0.47053576,0.2511201,0.116229594,0.0084671,0.0040643313,0.0021530055,0.00020610302,0.0003344298,3.4318527e-05,6.641987e-05,2.698997e-07,2.4188102e-08,6.0960236e-05,9.590276e-06,1.0746642e-11,4.735419e-07,3.5435713e-11,5.5341116e-13
0.00075677264,0.0028590932,0.05200614,0.20146549,0.18609348,0.1244899,0.096375905,0.07771741,0.05720772,0.032716468,0.036411624,0.029638069,0.015006297,0.010319679,0.00039192385,0.062729016,0.011669467,1.1538689e-05,0.0021132568,1.9430276e-05,1.3441659e-06
1.5597592e-05,0.00018577572,0.022387827,0.16337964,0.2702306,0.24347962,0.0806208,0.069916524,0.034752134,0.038387634,0.03912033,0.011946812,0.018951038,0.00033064882,0.00015259263,0.0029084526,0.0030042145,1.614276e-07,0.00022952889,1.202136e-07,2.1011721e-09
2.2868991e-05,4.608067e-05,0.00033892755,0.008448887,0.021579986,0.09530043,0.13251422,0.09263916,0.07620275,0.07341179,0.05316577,0.09477435,0.04209262,0.06794158,0.08815123,0.018033966,0.10458986,0.00053158106,0.008640291,0.021569053,4.5825564e-06
1.079982e-06,5.9602667e-06,0.00023883396,0.008880317,0.02069079,0.17886631,0.13486208,0.0640197,0.04652369,0.067804,0.04929466,0.121782735,0.18619204,0.028061956,0.027123613,0.016299002,0.04372789,0.00023189138,0.0032982528,0.0020950611,1.10211225e-07
2.5369878e-05,4.294508e-05,0.000277812,0.012010146,0.0067579453,0.048611216,0.17602836,0.23192978,0.19431026,0.10043724,0.045470957,0.056831956,0.016701333,0.0066265883,0.01724463,0.039270584,0.046200123,2.464229e-05,0.0011941852,3.303371e-06,5.269258e-07
5.6147022e-05,0.0014075175,0.13835482,0.42700723,0.280121,0.12678584,0.012974755,0.00749491,0.0037823722,0.0005604057,0.0008215718,0.00013634446,0.00024850853,2.0935508e-06,1.943658e-07,0.00020361759,4.0174327e-05,2.3312338e-10,2.4134015e-06,6.7941747e-10,1.0751723e-11
1.8510744e-05,0.00013838941,0.0080571985,0.07193579,0.1292961,0.19015212,0.107536376,0.10054334,0.0571916,0.09807039,0.09131421,0.04328502,0.07564427,0.002427778,0.001964371,0.008345666,0.012627447,4.8220513e-06,0.0014436956,2.8761672e-06,5.4520907e-08
2.2595077e-06,5.280305e-06,5.1212963e-05,0.007985571,0.0015298753,0.010321256,0.10884952,0.21542689,0.27103508,0.15761393,0.09123979,0.07796806,0.0038798258,0.00053848885,0.0010108865,0.033876646,0.018498655,2.3476201e-07,0.00016655124,2.6260033e-10,1.8672233e-09
0.00013913492,0.0022796355,0.16563332,0.39150462,0.27920088,0.12010546,0.017247133,0.012482142,0.006191664,0.0011676548,0.0019104334,0.00044091823,0.00072456023,1.5331685e-05,8.0867886e-07,0.0008086404,0.0001368346,4.096598e-09,1.0829397e-05,5.802993e-09,2.427616e-10
1.0117268e-07,4.973304e-08,4.573433e-08,1.802264e-05,1.104447e-06,3.894513e-05,0.0031844983,0.029498873,0.18344913,0.15408897,0.18026213,0.2152156,0.09262055,0.011899226,0.016409708,0.03811938,0.06863236,0.00032954605,0.0062250113,1.2048298e-09,6.688044e-06
2.719633e-05,0.00053072395,0.05668591,0.29605246,0.31796342,0.27436864,0.027419271,0.0147691965,0.007768711,0.0014637808,0.0013535009,0.00036288015,0.00077217375,9.848065e-06,3.750512e-06,0.00029994297,0.00014095573,2.7738334e-09,7.612898e-06,2.738007e-08,6.729211e-11
2.6154885e-05,9.747402e-05,0.0021306574,0.023547571,0.035403796,0.09257854,0.09617992,0.13049681,0.06802435,0.14444515,0.11105168,0.08045764,0.13388257,0.010500283,0.014743885,0.018026037,0.034688495,8.344657e-05,0.0036199123,1.4510786e-05,1.1417286e-06
1.0562266e-05,4.376677e-05,0.0009396985,0.01617769,0.036833853,0.13147965,0.11682736,0.09108358,0.06449705,0.13106056,0.09746432,0.07802478,0.13630202,0.010715513,0.039798804,0.008417258,0.033905484,7.7473094e-05,0.0061685117,0.00017150513,5.707528e-07
4.5972265e-06,1.813732e-05,0.00038570343,0.018990457,0.029754361,0.21599573,0.21498679,0.16874841,0.09182917,0.1000309,0.039387316,0.029181708,0.0287604,0.0034718092,0.036627725,0.0038579574,0.016371975,2.7870349e-06,0.001584656,9.429964e-06,2.4905956e-08
3.9979996e-06,2.5511259e-05,0.0010693261,0.021573316,0.05684755,0.17472792,0.12310045,0.0791871,0.060691148,0.12594886,0.100984916,0.06891437,0.13417265,0.005143789,0.017306715,0.0053055533,0.021204118,1.4983401e-05,0.003722492,5.5145698e-05,6.615896e-08
2.337747e-06,9.109885e-06,0.00026720646,0.009618146,0.025148379,0.15684384,0.14731959,0.11475402,0.068662964,0.12128603,0.07442688,0.067528844,0.10655558,0.00880412,0.05368144,0.0052098525,0.036928795,3.394848e-05,0.0027953968,0.00012340563,9.145931e-08
4.231577e-06,3.7364482e-06,8.904486e-06,0.00082416675,0.00016095281,0.0022751547,0.034972288,0.114776805,0.22805683,0.14871459,0.101804234,0.13283408,0.04886689,0.011467243,0.017214075,0.06570552,0.08852739,0.00019052507,0.003588135,1.8759565e-07,4.0743766e-06
0.03444846,0.09853064,0.31445694,0.26597065,0.122192666,0.054885425,0.030288737,0.02803853,0.015397747,0.0052691367,0.012988146,0.0028539023,0.0013833605,0.0005657931,1.6519009e-05,0.011377361,0.00094360556,7.3200835e-07,0.00039085114,8.170189e-08,6.247171e-07
1.325288e-05,2.3361388e-05,0.000106508276,0.004517554,0.0031050085,0.03380451,0.10820921,0.14900246,0.11208549,0.13086477,0.062108412,0.077819705,0.06507743,0.022391966,0.1373967,0.021227155,0.06323999,0.00018748327,0.0087715825,4.3031363e-05,4.4428903e-06
2.8447118e-06,1.48763265e-05,0.00061420235,0.05728639,0.036652025,0.24688333,0.25130716,0.2356979,0.11438172,0.035704564,0.008599587,0.0060080723,0.0011406625,7.742872e-05,0.00040394708,0.0029338084,0.0022733805,3.993412e-09,1.805563e-05,1.4736996e-09,3.061601e-11
4.595877e-06,0.00011377287,0.025912521,0.23305573,0.3465981,0.34415233,0.027311856,0.012302895,0.0069981357,0.0012960827,0.0011198202,0.0003016523,0.0006120486,4.697651e-06,3.0306608e-06,0.00011919395,8.971244e-05,4.65888e-10,3.884656e-06,1.2140915e-08,5.5617212e-12
1.9027041e-06,8.896494e-06,0.00031540994,0.020007698,0.038638074,0.41213787,0.2194169,0.13788863,0.06267838,0.036755048,0.012614729,0.012695314,0.011645661,0.0016121406,0.02564406,0.0018110562,0.0057155048,4.787182e-07,0.00040816262,4.0504824e-06,2.7893392e-09
4.4934727e-06,3.034807e-06,4.969118e-06,0.00034083304,8.750423e-05,0.0014187332,0.021283334,0.07913517,0.16642724,0.10540742,0.08941746,0.12289757,0.10833031,0.029867861,0.041522913,0.06769051,0.15651111,0.0018873123,0.007711279,3.5985342e-06,4.7301906e-05
1.3396074e-06,1.4698574e-06,4.3632995e-06,0.00078063057,7.820176e-05,0.0010002401,0.025862271,0.11723443,0.2512851,0.20509957,0.1431056,0.14559546,0.016747698,0.0026056007,0.0031957524,0.043843683,0.04218907,8.276251e-06,0.0013611375,5.172531e-10,1.2052467e-07
7.933797e-06,4.9372125e-06,9.667195e-07,2.5160809e-05,3.7719133e-06,8.7995184e-05,0.0010724835,0.0033144334,0.013063649,0.027520314,0.030493954,0.042981338,0.10887975,0.09688791,0.12144184,0.18983068,0.03272813,0.14658958,0.14447354,0.00021004335,0.040381603
3.3856278e-07,2.757383e-07,3.4454683e-08,1.494764e-06,2.6406403e-07,1.6391623e-05,0.00019684219,0.000520096,0.0020562476,0.00843345,0.011477237,0.01763332,0.03395223,0.030577641,0.017126612,0.19273545,0.015401732,0.6280892,0.03745765,0.00062720093,0.0036962265
1.9094541e-05,1.8385188e-05,1.553006e-05,0.0005114476,0.00013175566,0.0017034052,0.017330835,0.049403343,0.09564808,0.099850446,0.070081234,0.118469596,0.14592218,0.06467198,0.13321134,0.057476327,0.076440476,0.0052589173,0.06316404,3.7377096e-05,0.0006342107
5.1853567e-06,6.283731e-06,7.8136845e-06,0.00050039496,0.00013670047,0.0024630292,0.02605526,0.06552496,0.10890171,0.124952614,0.072203435,0.112830624,0.115535945,0.04332117,0.17678374,0.035262868,0.06945511,0.00086703873,0.045121014,1.2226291e-05,5.29762e-05
2.1536597e-07,4.6795233e-07,1.507794e-06,8.076144e-05,0.00019805614,0.0022141756,0.0076386766,0.0035654986,0.0060480284,0.013374074,0.01614308,0.057380706,0.01313017,0.04417473,0.016504517,0.007267341,0.04265679,0.0075956355,0.0050687017,0.75695485,2.0031985e-06
5.5741475e-06,3.53788e-06,1.2157243e-06,4.6165565e-05,7.49889e-06,0.00014086688,0.0026634487,0.012395169,0.043292128,0.05304893,0.053595517,0.09975146,0.19622144,0.1026864,0.16809724,0.051288925,0.05248621,0.035100106,0.12096665,2.7770953e-05,0.008173667
4.3307747e-07,1.6217908e-06,3.751027e-05,0.0019452735,0.005019592,0.043639112,0.06526298,0.049170382,0.039120242,0.12954645,0.10127811,0.139543,0.2163789,0.02383499,0.1036035,0.007261404,0.06682074,0.0002546622,0.006636364,0.0006445416,2.2978425e-07
6.641297e-05,0.0021111835,0.16956407,0.4756467,0.2391807,0.09874995,0.007869395,0.00396018,0.0020805877,0.00020663237,0.00037366437,3.7403857e-05,6.886902e-05,3.2731734e-07,2.257553e-08,7.3242685e-05,1.0109231e-05,1.4055245e-11,5.853103e-07,3.4406845e-11,9.088636e-13
2.267532e-06,2.6105146e-05,0.003861842,0.07664011,0.18991968,0.566313,0.08656765,0.03758884,0.019904254,0.0069866227,0.004034982,0.0022896042,0.004239242,0.00010282385,0.00026151483,0.00043313543,0.0007851144,2.7387259e-08,4.219126e-05,9.660835e-07,1.3132118e-10
2.7861184e-05,0.0005268292,0.08603708,0.31998643,0.33908337,0.19821875,0.025798611,0.015806021,0.0076260553,0.0018122427,0.0021240765,0.0006415967,0.0013829191,2.398138e-05,2.5050779e-06,0.00066574715,0.00022327219,6.6885613e-09,1.2595777e-05,2.7685797e-08,1.4194552e-10
9.892167e-06,8.391448e-05,0.00701867,0.108062245,0.2803199,0.409652,0.100760564,0.032068957,0.02672022,0.0112375,0.008257153,0.006202774,0.0049021794,0.0005891401,0.0002974048,0.0014664809,0.002120139,1.4261903e-07,0.0002033433,2.7340126e-05,1.6368965e-09
2.1056176e-06,1.2837675e-05,0.00082089455,0.02866107,0.080081314,0.5296333,0.16795991,0.0865898,0.040540636,0.021360625,0.009535731,0.009267312,0.012495787,0.0009493166,0.0067714253,0.0012244132,0.0038506803,5.473609e-07,0.00023152055,1.08181e-05,1.8575036e-09
1.5636202e-05,0.00026625665,0.05403316,0.26914564,0.33296943,0.25176427,0.03989905,0.023151638,0.011748686,0.004134918,0.004480683,0.001842866,0.004289688,9.0207825e-05,9.375554e-06,0.0015392862,0.00058443524,3.0748044e-08,3.456461e-05,1.4330931e-07,3.8092335e-10
2.0615691e-07,5.655192e-07,5.127059e-06,0.00032317874,0.000670192,0.009222484,0.025482304,0.020282613,0.019890463,0.09412184,0.086020485,0.18163961,0.1960268,0.049665596,0.19372663,0.008704396,0.093819655,0.0026207892,0.014156457,0.0036190758,1.5142639e-06
2.0840263e-05,8.181672e-05,0.0023063805,0.043654796,0.087395355,0.4483653,0.17400089,0.13130753,0.04831613,0.02159428,0.008491216,0.008736964,0.008859301,0.0013531551,0.0070071844,0.0029243766,0.005321743,2.427004e-06,0.00024862142,1.163332e-05,2.6450104e-08
1.6420047e-06,2.1030764e-06,3.200539e-06,0.00015530689,0.00013563197,0.002311039,0.012505738,0.021873696,0.025360687,0.058666684,0.052988265,0.11510856,0.1317311,0.083581306,0.262803,0.023497805,0.14743283,0.018861612,0.040478926,0.0023871635,0.00011368553
2.1103167e-05,0.0006846614,0.09564831,0.41341335,0.2988346,0.16797562,0.012593463,0.006217446,0.0032487102,0.00042293387,0.0005503665,8.265857e-05,0.00017954908,9.358577e-07,1.4098407e-07,9.9922494e-05,2.5018006e-05,6.2085476e-11,1.276436e-06,4.8293625e-10,1.8798606e-12
3.85657e-06,1.3817827e-05,0.00029509433,0.009027364,0.020696249,0.21172923,0.1503131,0.10295871,0.05380176,0.05734613,0.036951113,0.08426262,0.1148283,0.026936643,0.06637932,0.013137282,0.04625327,0.00040084822,0.0030412253,0.001623693,4.5623162e-07
7.234715e-07,4.3038253e-06,0.00021080603,0.007622955,0.020526985,0.09938212,0.09707255,0.06895096,0.052081883,0.14538172,0.112953775,0.10280312,0.21343462,0.00886197,0.028870013,0.0061041117,0.032063585,2.7044238e-05,0.0035821598,6.457348e-05,4.2058833e-08
3.1053816e-05,6.2885985e-05,0.00028970843,0.013354565,0.00527302,0.041310895,0.14956906,0.20270897,0.18160406,0.15889157,0.059888184,0.064664274,0.02294349,0.0070933844,0.028111918,0.02894564,0.031648993,1.4373914e-05,0.0035921652,1.1802857e-06,6.060931e-07
1.4048413e-05,3.0534135e-05,0.0002094125,0.013403937,0.0048506064,0.037428197,0.16108792,0.24028699,0.19729622,0.15281571,0.056644816,0.055268396,0.012687742,0.0029536418,0.01014449,0.028038314,0.025771828,2.9198081e-06,0.0010640941,1.073892e-07,7.411364e-08
0.00012720753,0.0030911283,0.1794178,0.45193082,0.2390757,0.10602574,0.010359984,0.0057539768,0.0029516926,0.0003401094,0.00057205925,6.913238e-05,0.00012074104,9.157251e-07,7.0993295e-08,0.00014026563,2.1251497e-05,8.170782e-11,1.3570683e-06,1.4792242e-10,6.1893806e-12
0.000101292484,0.002005166,0.15184623,0.4077199,0.27611727,0.1284454,0.015548713,0.010066673,0.0049807467,0.0008283103,0.0012080462,0.00023691823,0.00041245707,5.5388723e-06,4.5487948e-07,0.00039633564,7.536282e-05,1.0874659e-09,5.177193e-06,2.1872675e-09,5.943936e-11
2.2531567e-06,1.7294187e-05,0.0011527127,0.032498877,0.07975492,0.38804868,0.14445522,0.058171105,0.047826316,0.041983005,0.03210591,0.046545617,0.08894759,0.0067494675,0.0074271373,0.0066777044,0.015254079,1.4396862e-05,0.0018943942,0.00047338288,1.8874257e-08
0.00034743815,0.0020734188,0.041151132,0.18101867,0.14322087,0.1487128,0.069293365,0.05159764,0.04545571,0.03511584,0.053796723,0.050216865,0.06806445,0.01318185,0.00066159875,0.07691326,0.013877334,6.6829365e-05,0.0051432084,8.886299e-05,2.0399605e-06
3.610004e-06,1.9952951e-05,0.001056938,0.027288204,0.06937235,0.41527545,0.15993086,0.094191976,0.048766118,0.035363846,0.0222652,0.030588627,0.058557928,0.0054373513,0.010763842,0.005472174,0.014628873,1.7044802e-05,0.00083946757,0.00016018249,2.8474561e-08
4.5652923e-06,1.2907003e-05,0.00012221446,0.0070721973,0.008221654,0.0804856,0.14901394,0.13312086,0.0944625,0.1429041,0.06379848,0.05564022,0.052511696,0.011175373,0.15406747,0.006695309,0.03365947,2.0082267e-05,0.006979426,3.1648004e-05,2.673363e-07
2.8786762e-05,3.801223e-05,8.049299e-05,0.003777682,0.00081893854,0.0068575405,0.060062975,0.14092302,0.2021153,0.17475446,0.09430775,0.11603965,0.037267942,0.011959316,0.021597065,0.063194916,0.058347665,0.00010564562,0.0077162045,5.5010463e-07,6.1468036e-06
1.5718633e-06,4.5483366e-06,5.7253565e-05,0.0014137471,0.002417392,0.014128508,0.030075008,0.029603105,0.025807386,0.121206395,0.10650538,0.17066103,0.27057415,0.050197113,0.06828072,0.021342784,0.07097641,0.0014716228,0.014694856,0.00057693664,4.089151e-06
2.2585888e-05,0.00043632454,0.079788685,0.31468976,0.3474505,0.19874474,0.026779825,0.015845535,0.008071903,0.0021163481,0.0025305296,0.0007912357,0.0017241661,2.7370685e-05,2.9506878e-06,0.00071185577,0.00025004367,7.293789e-09,1.557742e-05,3.373058e-08,1.4362536e-10
6.61298e-05,0.0015072469,0.14370465,0.41416103,0.28147456,0.12979603,0.014017866,0.008648711,0.004207001,0.00064455974,0.0009403051,0.00017121606,0.00031155944,3.4334155e-06,2.6022715e-07,0.00028911498,5.3122247e-05,4.548388e-10,3.1594889e-06,1.0950336e-09,2.0949997e-11
1.02618305e-05,2.2666434e-05,0.00032189858,0.0156681,0.021050403,0.15573911,0.25754932,0.24567506,0.12624297,0.056537587,0.021489635,0.02500263,0.009386644,0.0054521933,0.01769504,0.011182204,0.03041808,5.3698486e-06,0.00053455844,1.6264727e-05,5.1599383e-08
0.010583809,0.09691338,0.4581033,0.29907748,0.082408085,0.040242046,0.005757759,0.0036911364,0.0018665246,0.00022566876,0.00069377484,5.0847935e-05,5.748955e-05,1.4979985e-06,3.4183767e-08,0.00030851437,1.5287382e-05,2.7032276e-10,3.336453e-06,2.7561113e-11,1.7521994e-10
8.734931e-07,1.0448669e-05,0.0014458268,0.03857719,0.109730534,0.27614006,0.121826224,0.061473843,0.04985791,0.09438777,0.08526865,0.044764884,0.09947219,0.001400837,0.0025410613,0.0028247535,0.00918797,8.2742633e-07,0.0010823214,5.8737896e-06,1.5854844e-09
0.0001333229,0.0002771492,0.00232486,0.036826663,0.048583113,0.15131894,0.20793983,0.19198617,0.11445876,0.06980885,0.03652573,0.036960542,0.016377496,0.009643089,0.022472145,0.018670855,0.033569366,4.0635718e-05,0.0019949898,8.598258e-05,1.4854347e-06
0.00032106682,0.0058043655,0.22714736,0.43351468,0.22061698,0.08776501,0.011522896,0.0073694014,0.0037309548,0.00051305036,0.0009803404,0.00013742791,0.00020519803,2.7290769e-06,1.5000506e-07,0.0003238281,4.106231e-05,4.57823e-10,3.5146898e-06,3.680143e-10,5.139121e-11
2.618973e-05,3.063437e-05,9.2231065e-05,0.003937348,0.00095563126,0.004684048,0.048445135,0.12800312,0.20360784,0.16098212,0.14957568,0.14311807,0.022874916,0.0056192903,0.006546496,0.059790347,0.059084773,0.00010082635,0.0025225491,1.0972332e-07,2.6640478e-06
1.038288e-06,1.8896309e-06,9.700044e-06,0.00037167032,0.0005390152,0.006156277,0.019989483,0.024332257,0.020040134,0.086503066,0.0732157,0.15490952,0.18699306,0.06826823,0.2077759,0.016153349,0.10995058,0.0071752067,0.015879674,0.0017184453,1.582677e-05
0.00019307411,0.0012755075,0.050699767,0.23571578,0.30138114,0.21616417,0.08153908,0.043771066,0.029196873,0.011223931,0.009988778,0.005693,0.0042267474,0.00074132433,0.000119281554,0.0052528377,0.0025285054,4.561834e-07,0.0002833611,5.2861938e-06,3.1164994e-08
0.0013078318,0.019064164,0.31765077,0.41093698,0.16236721,0.069491,0.009084107,0.0055765156,0.0029134403,0.0003388853,0.00077854097,7.897362e-05,0.000109056906,1.6306822e-06,6.935056e-08,0.000272383,2.5559932e-05,2.663144e-10,2.8324484e-06,1.0718696e-10,6.1723e-11
6.763096e-06,8.279632e-05,0.010543975,0.12075317,0.2481869,0.49182427,0.065481216,0.031415828,0.016749244,0.004955186,0.003414557,0.0016489697,0.0035165607,8.404132e-05,0.00010508142,0.0005249418,0.00066481746,3.5642337e-08,4.072745e-05,8.866955e-07,2.9991623e-10
1.3057613e-05,0.00035157733,0.061751533,0.33065537,0.3370808,0.2317833,0.020079475,0.0100392345,0.0052834363,0.00093728706,0.0010210318,0.0002285132,0.00051937567,4.1236262e-06,1.0331762e-06,0.00017415888,7.293134e-05,5.3529997e-10,3.709811e-06,6.5223085e-09,1.0293202e-11
8.600192e-06,1.6496713e-05,6.962725e-05,0.0031249246,0.0025071618,0.02638162,0.082820594,0.100719675,0.08448813,0.13133317,0.06885326,0.08009233,0.07300117,0.025222635,0.23752666,0.01333338,0.05527103,0.0001820092,0.014971587,7.137663e-05,4.575261e-06
6.952771e-06,3.3695358e-06,1.8366485e-06,5.9659702e-05,1.8099243e-05,0.0004380042,0.0033959725,0.013568221,0.025630666,0.03461567,0.0323384,0.07548121,0.1760262,0.113544345,0.09494929,0.13625176,0.12660867,0.14206249,0.019234557,0.0004438599,0.00532078
1.8251214e-05,3.5725967e-05,0.0002666072,0.0071790926,0.018502094,0.08799301,0.12756771,0.09221254,0.07502952,0.07067151,0.053098876,0.09808426,0.042521723,0.07264527,0.08142089,0.01978864,0.119721815,0.0006239407,0.007630511,0.024983801,4.181944e-06
4.897708e-06,1.9072311e-05,0.0004817097,0.017929157,0.036995854,0.23067601,0.19714291,0.150275,0.08018316,0.09732938,0.04585864,0.035053432,0.042910542,0.004327426,0.03469745,0.0040038107,0.020385897,7.081356e-06,0.0016871194,3.143944e-05,4.3737113e-08
1.9038169e-05,1.2231916e-05,1.533043e-05,0.00034771644,0.00028897598,0.003872761,0.01453872,0.037708174,0.042878855,0.038607992,0.040715817,0.067963734,0.105401516,0.122018136,0.08346587,0.08465545,0.28876773,0.04895829,0.0115845185,0.007562225,0.00061692874
3.859167e-06,2.7777418e-05,0.0020080192,0.043813884,0.09083624,0.38613006,0.14262788,0.066968866,0.043361504,0.036400534,0.027335193,0.037637707,0.08591361,0.006432764,0.0041441056,0.009797398,0.015299554,1.8953975e-05,0.0010282578,0.00021373988,2.6388706e-08
4.8592543e-08,1.5507872e-08,3.6608054e-09,1.0288812e-06,7.3966426e-08,5.002934e-06,0.00044741202,0.0053027696,0.046950344,0.044609282,0.071527764,0.11934674,0.32452068,0.085032985,0.13204636,0.04238609,0.067917496,0.024342045,0.03360279,1.870215e-07,0.001960823
2.4117022e-05,5.997082e-05,0.00093589694,0.02391978,0.052170303,0.25153476,0.23131531,0.20835987,0.08561287,0.03845935,0.017904827,0.019900892,0.010167722,0.007215617,0.01194312,0.009217102,0.030569034,1.3757923e-05,0.0005339567,0.00014158979,1.2500463e-07
2.006042e-05,3.256202e-05,0.00020465796,0.006896141,0.01048334,0.078413695,0.16712238,0.18043236,0.11529813,0.07765591,0.043475226,0.052902907,0.029310312,0.031374678,0.08377389,0.019785771,0.09887873,0.00015447746,0.003297383,0.00048547128,1.972704e-06
1.1904267e-05,0.00010952923,0.010774654,0.11479284,0.18265955,0.39348713,0.10588808,0.06100159,0.03269569,0.02022974,0.016087785,0.013525657,0.033546332,0.0016948243,0.0005128096,0.0069739106,0.0056656683,2.6084501e-06,0.00032714658,1.2599628e-05,1.1570698e-08
1.0539818e-05,1.8206709e-05,0.00011077868,0.007981997,0.0028857146,0.02628429,0.14620657,0.22296152,0.2280397,0.12555924,0.055637434,0.06853683,0.014244621,0.004632832,0.012400901,0.04312871,0.040321216,9.532971e-06,0.0010288253,3.2078893e-07,1.7967294e-07
7.0479023e-06,2.0671225e-05,0.00042536002,0.018896861,0.045991633,0.28474814,0.25645015,0.18607649,0.08209952,0.0379976,0.015219666,0.017247893,0.007644896,0.005366772,0.014944171,0.0047136103,0.021639915,3.0401818e-06,0.00042843987,7.810789e-05,1.8968102e-08
6.5307186e-06,4.617153e-06,5.5343726e-06,0.0002801444,0.000101959275,0.0018634431,0.019410778,0.062286988,0.11612328,0.07236481,0.060299598,0.1007925,0.12921923,0.06370977,0.092011645,0.06531827,0.19484599,0.006347279,0.014726586,7.7754456e-05,0.0002032871
0.00010487454,0.0024016488,0.15740375,0.43526852,0.2606264,0.11916307,0.012405702,0.006997583,0.0037331153,0.00051278475,0.0008123565,0.000120476856,0.00021204322,1.8511126e-06,1.8050092e-07,0.00019595798,3.7018905e-05,2.4235658e-10,2.6689959e-06,6.431644e-10,1.568476e-11
1.7684562e-05,4.7072605e-05,0.00057341036,0.012408792,0.033118863,0.10162845,0.122800894,0.067444555,0.066127166,0.07648884,0.05945545,0.12742174,0.058415696,0.08240338,0.036529575,0.02624711,0.08713587,0.00044452946,0.0104132835,0.030874703,2.9560351e-06
3.5987763e-05,0.0008153571,0.095905825,0.3687086,0.3122485,0.18264227,0.019550776,0.011118576,0.005542924,0.0010185881,0.001199722,0.00026597054,0.00055314804,5.9052522e-06,9.38826e-07,0.00029207204,8.972911e-05,1.1451265e-09,5.1353304e-06,5.9448424e-09,3.410188e-11
3.4733093e-05,0.0002921008,0.018712547,0.14417927,0.20147586,0.3246289,0.09652203,0.053950265,0.036176585,0.02331402,0.022318015,0.018313069,0.039243273,0.0023935605,0.0006054749,0.009956553,0.0070711267,5.756143e-06,0.0007771101,2.9718962e-05,5.0391556e-08
0.0021031178,0.01071801,0.15839495,0.33114183,0.24173103,0.096781716,0.049147114,0.035901997,0.025709633,0.00877262,0.014935154,0.005712545,0.0029088114,0.0007928122,2.838011e-05,0.013026055,0.001755858,4.960778e-07,0.0004371245,6.090385e-07,1.3897787e-07
5.4784005e-07,1.2090443e-06,4.8403986e-06,0.00019801094,0.00028633638,0.0033458846,0.013432647,0.013867454,0.014587837,0.08281369,0.08176876,0.19486877,0.19093269,0.07680249,0.16643924,0.017876802,0.097242735,0.014211012,0.027383177,0.0039171055,1.8793051e-05
0.00019278917,0.004583995,0.21226652,0.46352682,0.21889068,0.08374739,0.008495846,0.004603406,0.0025317841,0.00028040045,0.00057387026,6.0492308e-05,9.748966e-05,7.028683e-07,4.3404604e-08,0.0001296917,1.6656722e-05,5.730613e-11,1.3777554e-06,8.421486e-11,6.1026687e-12
1.5974003e-05,2.220217e-05,2.7296637e-05,0.0009190902,0.0004086082,0.00475574,0.02802337,0.04991851,0.07291944,0.09827297,0.06510105,0.0978394,0.10784265,0.057584215,0.24928127,0.027064316,0.06194098,0.002066026,0.07568338,0.00015227922,0.00016126687
4.2233143e-05,7.845092e-05,0.00070175197,0.018158197,0.022800123,0.12735666,0.2166044,0.2290503,0.12977567,0.066416994,0.03152272,0.035872698,0.016642705,0.010323077,0.025668114,0.020125285,0.04743317,4.0369534e-05,0.0013159143,7.041116e-05,7.2090467e-07
1.8125646e-06,9.254819e-06,0.00038426873,0.015568014,0.045080338,0.41775954,0.17425822,0.095619775,0.053546343,0.037817385,0.02160093,0.03271024,0.04780316,0.0058025117,0.032371588,0.0033327297,0.014813488,1.2909707e-05,0.0012589038,0.00024859456,2.0101334e-08
1.6934165e-07,6.691782e-07,1.6649587e-05,0.0013550885,0.004079346,0.047528263,0.07132242,0.04625044,0.03958796,0.1201604,0.093565926,0.14493582,0.18384178,0.02409766,0.1363664,0.0051068305,0.07369705,0.00019002397,0.006460132,0.0014369093,8.6937725e-08
1.6228067e-05,5.483542e-05,0.00088168477,0.03365229,0.03514848,0.20741738,0.2304952,0.19678889,0.10803104,0.08460246,0.030094339,0.022608578,0.013345469,0.0020350984,0.015533611,0.00593589,0.012496183,1.5693173e-06,0.00085864443,2.0698678e-06,2.9255725e-08
3.2634747e-05,0.00071275275,0.09259702,0.35462883,0.32963088,0.1793726,0.02079065,0.011421803,0.006137229,0.0012737097,0.0016417516,0.00040642862,0.00082764187,9.9346e-06,1.4301207e-06,0.00037586462,0.00012997005,2.3523774e-09,8.920942e-06,1.515511e-08,6.4109655e-11
0.0005579114,0.008331346,0.25142193,0.41609854,0.21090445,0.083583616,0.012707743,0.008888549,0.004434134,0.00066535576,0.0013099315,0.00020381168,0.0002818702,5.468726e-06,2.617379e-07,0.0005357298,6.312852e-05,1.3792762e-09,6.223779e-06,7.5179274e-10,1.9116939e-10
0.035622183,0.30014044,0.4373027,0.17397064,0.031248543,0.018018955,0.0019218082,0.0009219521,0.0005359669,4.6227717e-05,0.00019506228,7.110477e-06,7.68022e-06,1.1622427e-07,2.1602018e-09,5.8145233e-05,1.9219658e-06,9.553119e-12,5.9394824e-07,5.067122e-13,1.4113801e-11
2.9986124e-06,4.6059495e-06,1.4611485e-05,0.00068694097,0.00077412935,0.016178925,0.038756695,0.04442777,0.03237329,0.045969773,0.030065196,0.088205054,0.08369036,0.0743539,0.42542723,0.017875511,0.079102516,0.0059964275,0.0133089265,0.002764104,2.1070337e-05
2.001137e-05,3.402215e-05,0.00022111385,0.010856922,0.0049301684,0.036061946,0.15756737,0.2354626,0.20887077,0.1072291,0.052754,0.06318284,0.014715087,0.0048209443,0.01089518,0.046283938,0.04516674,1.803998e-05,0.00090799783,8.89219e-07,3.2533276e-07
5.3801778e-05,9.3704766e-05,0.00052375766,0.008261349,0.018289112,0.06720222,0.0973713,0.07526246,0.061636616,0.061991077,0.05088746,0.103059724,0.050454494,0.107382,0.059569445,0.03558325,0.1304573,0.0023971414,0.011695058,0.057804834,2.3922452e-05
4.842332e-05,8.572183e-05,0.0008227165,0.017815584,0.024366396,0.13782784,0.20941077,0.25530857,0.12180678,0.052721336,0.026616888,0.03145845,0.016651535,0.010251353,0.015256377,0.024481717,0.054030064,6.1983825e-05,0.00088991656,8.673898e-05,8.2134176e-07
0.0017127737,0.0037353449,0.02196383,0.08144577,0.090891644,0.09277547,0.11105577,0.10415196,0.080163874,0.06580186,0.0628211,0.06661416,0.03590151,0.04062492,0.0077692172,0.07681398,0.042863462,0.0004425281,0.0116960555,0.0006881809,6.658956e-05
1.9420162e-05,3.6116347e-05,0.0002865544,0.009542937,0.016781561,0.11213908,0.19198892,0.19150667,0.110201195,0.07114247,0.038526896,0.04642023,0.023970634,0.0242583,0.06414586,0.01597082,0.08009661,8.769839e-05,0.0024098367,0.00046719844,9.650877e-07
1.7459853e-06,1.7644263e-06,5.1480047e-06,0.00075104815,0.00013635836,0.0025932186,0.04432419,0.13556017,0.25478145,0.15174349,0.0840359,0.1173063,0.038629875,0.009006153,0.016883388,0.062360495,0.07924587,5.8626865e-05,0.0025737695,8.2579135e-08,9.3570986e-07
3.888328e-06,7.811655e-06,3.663986e-05,0.0020318744,0.00450897,0.036297895,0.07980139,0.051782772,0.05799873,0.07281616,0.056240477,0.10696324,0.04073128,0.08929944,0.24506536,0.010685258,0.10203509,0.0005089488,0.018704845,0.02447707,2.941346e-06
0.0011956022,0.018295811,0.32786945,0.41262424,0.15836091,0.06423833,0.0082922,0.0050438275,0.0026159834,0.0002988085,0.0007236861,7.0502094e-05,9.575737e-05,1.3716257e-06,4.9907364e-08,0.00024953196,2.1564148e-05,1.8398472e-10,2.4086582e-06,7.014362e-11,4.3315653e-11
1.9688573e-06,4.412105e-05,0.0139969615,0.16752438,0.33115196,0.40778464,0.041734032,0.016075492,0.010641536,0.0032007839,0.0030509473,0.0012016649,0.0029016815,2.9252258e-05,1.4029284e-05,0.00031714275,0.000309669,3.97492e-09,1.9489364e-05,1.6917045e-07,2.079546e-11
7.376919e-05,0.00013079937,0.0005418572,0.015986705,0.0059339823,0.032336738,0.1271796,0.20220646,0.18289308,0.15087005,0.07350722,0.07600036,0.0225118,0.006416842,0.0149767455,0.046875183,0.03867025,3.483035e-05,0.0028509619,1.0575336e-06,1.7641846e-06
2.2820604e-05,0.00011029562,0.004084784,0.07417148,0.1603733,0.40957275,0.16827422,0.108616315,0.043082807,0.012996438,0.0053533614,0.004475446,0.0020570683,0.0004961782,0.00081168325,0.0022540437,0.0031822629,2.2025131e-07,6.120264e-05,3.3672463e-06,2.8442058e-09
7.161557e-06,6.0449533e-05,0.0050655375,0.07799209,0.12476681,0.33937457,0.122739285,0.060288984,0.042734966,0.036349434,0.031105546,0.03617327,0.08679028,0.005663554,0.0015685197,0.014725267,0.013421488,1.2469732e-05,0.0010732905,8.7026e-05,3.078711e-08
8.203073e-06,9.453224e-05,0.010649395,0.11189636,0.22521347,0.2784512,0.09759383,0.06918369,0.04104557,0.05347557,0.052706227,0.0183431,0.0332411,0.0004721058,0.00047518642,0.0025227757,0.004192316,2.9892115e-07,0.00043456312,5.250895e-07,2.5512668e-09
2.0042391e-06,2.7691915e-06,1.21602625e-05,0.0019881604,0.00029520653,0.00367643,0.059064526,0.16314997,0.27589574,0.17186426,0.09674026,0.11604145,0.013688198,0.0026412737,0.00435433,0.05022814,0.039466355,5.2022715e-06,0.0008834992,3.1102432e-09,6.6366255e-08
1.7292443e-05,0.00039487312,0.08321812,0.33702493,0.34997785,0.18389961,0.021784635,0.012141559,0.006180646,0.0014114111,0.0017913141,0.00048657428,0.0010474572,1.2869784e-05,1.2074308e-06,0.00045617056,0.00014531585,2.1901216e-09,8.159347e-06,1.1880132e-08,4.1816408e-11
1.5855355e-06,1.47349e-05,0.00178666,0.04811881,0.12539062,0.5127251,0.12768337,0.05631738,0.035421554,0.021166364,0.014608373,0.01426949,0.032031875,0.001215656,0.0017703959,0.002219111,0.004928563,9.563383e-07,0.0003043576,2.4993777e-05,1.5681674e-09
6.774809e-06,3.1676147e-05,0.0009947079,0.021060858,0.05004729,0.18467198,0.14230378,0.10844404,0.06846323,0.12187035,0.08124778,0.056878854,0.09987553,0.0054428256,0.026887724,0.005402697,0.023331676,1.8871411e-05,0.002971411,4.7882862e-05,1.1788981e-07
1.7946633e-05,5.1095856e-05,0.0010947324,0.02868569,0.06804052,0.3018698,0.23104405,0.19199471,0.07493182,0.030204302,0.013400501,0.014380479,0.007191896,0.0041990606,0.0066707055,0.0063910983,0.019464903,4.98225e-06,0.00029213433,6.9568465e-05,3.9042146e-08
5.8964274e-06,3.73065e-05,0.002005601,0.056714643,0.11632295,0.42020664,0.17113551,0.11420098,0.04906617,0.035801735,0.013729209,0.0069335354,0.0065482478,0.00035005782,0.002307022,0.001252064,0.0032461854,1.156664e-07,0.00013534987,7.643563e-07,9.819747e-10
6.5895824e-06,7.95497e-06,2.3048804e-05,0.0020621838,0.00038708377,0.004180935,0.053997763,0.13807628,0.23976247,0.16832028,0.09858231,0.12663238,0.027664341,0.0071776407,0.012091514,0.060191754,0.05791893,4.511755e-05,0.0028702365,8.20845e-08,1.151771e-06
5.063602e-05,9.196935e-05,0.00042369496,0.015091762,0.005402414,0.034083422,0.13604832,0.21826501,0.19181286,0.14432734,0.06365899,0.068897374,0.01962561,0.0055959825,0.013355741,0.045123994,0.03596565,2.1909773e-05,0.0021556995,6.636305e-07,9.232006e-07
6.4609985e-06,1.8490893e-05,0.00022986771,0.010590866,0.017383631,0.21683048,0.17857158,0.14943182,0.07495494,0.056129165,0.025346266,0.037529767,0.039937474,0.012624292,0.14749742,0.0061602793,0.023619572,3.610546e-05,0.0029729963,0.00012829583,2.720402e-07
1.1787515e-05,0.00027398547,0.057208277,0.28977424,0.3626976,0.2407895,0.024649767,0.012513609,0.0068009477,0.0015087702,0.0016785726,0.000477401,0.0011185426,1.2358888e-05,2.420375e-06,0.0003204092,0.00015311998,2.4361786e-09,8.640229e-06,2.9844202e-08,3.7524536e-11
2.0903444e-05,5.3437238e-05,0.00049261405,0.026357708,0.011399651,0.07507574,0.1997786,0.25289315,0.18608093,0.11586233,0.040556043,0.037312496,0.009219677,0.0017475078,0.0063695586,0.019392453,0.01673345,1.3521922e-06,0.0006521957,1.1325329e-07,3.538659e-08
1.8268913e-05,1.9482573e-05,2.2086042e-05,0.00081708387,0.00030139612,0.0050470047,0.02812472,0.05714061,0.07809263,0.06606909,0.04074507,0.08868324,0.09606952,0.06919531,0.3216858,0.04518243,0.06283939,0.0040706,0.03548599,9.914848e-05,0.0002912305
1.9763627e-06,1.9026853e-05,0.0023826717,0.056745183,0.13508455,0.5121734,0.120975554,0.04982099,0.03127118,0.018700581,0.013447778,0.013970808,0.034113396,0.0014477671,0.0012356193,0.0030215264,0.005246551,1.4916193e-06,0.00030058553,3.934009e-05,2.1006004e-09
8.492259e-06,2.6639449e-05,0.0004492941,0.019661533,0.024059465,0.1738586,0.21989594,0.20606166,0.10655161,0.098048985,0.036614444,0.030249747,0.02404416,0.0037042117,0.029893199,0.006205026,0.019459426,4.2411175e-06,0.0011974807,5.7211287e-06,5.1356345e-08
9.096601e-05,0.0019627814,0.1417028,0.41533208,0.2745421,0.13607319,0.014703876,0.008682549,0.0044794944,0.0006792548,0.000958176,0.00016739804,0.00030579703,3.1572079e-06,3.5409178e-07,0.00025693173,5.5380428e-05,5.468719e-10,3.7654736e-06,1.6221909e-09,2.9793352e-11
7.2064404e-06,0.00018547001,0.040087406,0.27206177,0.34724614,0.29574525,0.023948764,0.01128164,0.0061370544,0.0010978526,0.0010474154,0.00026703987,0.00063266925,5.232013e-06,1.959036e-06,0.0001551916,8.790132e-05,6.6560124e-10,3.9561237e-06,1.2873168e-08,9.152872e-12
3.7117745e-06,1.9704928e-06,1.7743106e-06,7.1144575e-05,4.5361114e-05,0.0012138796,0.0061828312,0.019821025,0.03159827,0.030247798,0.032241147,0.05945558,0.11581815,0.13967554,0.066424385,0.11605376,0.2666729,0.09694319,0.010104487,0.006885401,0.00053766323
1.1132202e-05,1.6723117e-05,9.437574e-05,0.0032631676,0.007123432,0.05853799,0.105682716,0.10251733,0.075371146,0.062403966,0.04608304,0.082069494,0.044635102,0.0793273,0.10974663,0.023829993,0.17862481,0.001109571,0.0055244835,0.014022055,5.513184e-06
6.3916676e-05,0.00019520191,0.0020921887,0.060881242,0.0329368,0.12995943,0.21139607,0.2304233,0.15492561,0.08230048,0.0314058,0.025634447,0.006265454,0.0010404981,0.0030470775,0.015710678,0.011302824,1.0918551e-06,0.000417723,1.6696669e-07,3.902647e-08
3.700223e-05,7.645239e-05,0.00082399294,0.024350358,0.025860796,0.1375832,0.23118486,0.24276659,0.13914776,0.06215201,0.026885152,0.030390576,0.011370821,0.005017292,0.01315009,0.01814811,0.03029488,1.3016534e-05,0.00073223695,1.4578355e-05,2.323249e-07
0.00013580393,0.00021615934,0.00055657787,0.01322682,0.004357246,0.023871139,0.102106564,0.16641732,0.1775304,0.15520518,0.07888348,0.09242994,0.03300917,0.012521487,0.026100071,0.058735155,0.04695503,0.00012998133,0.007597252,3.9682714e-06,1.1185942e-05
1.5061494e-07,6.035198e-08,4.7005555e-09,4.8271113e-07,1.716171e-08,1.5714776e-06,0.000106135056,0.0007573562,0.0074759773,0.01733889,0.01857326,0.034035604,0.11199964,0.12688501,0.20599312,0.1586076,0.00820457,0.061401337,0.14085764,5.279622e-07,0.10776104
3.5992425e-06,2.1700198e-06,1.4711541e-06,0.000112684516,1.326034e-05,0.00021996569,0.0060845492,0.035490412,0.13698952,0.13294008,0.13605613,0.1755248,0.13727595,0.035759673,0.045422725,0.05340462,0.07165273,0.002877024,0.029929195,2.5199054e-07,0.00023925141
1.6279302e-05,2.7027796e-05,9.8721546e-05,0.005008939,0.0020220156,0.021312062,0.103387035,0.16804557,0.1616394,0.16175896,0.07035976,0.08656644,0.04778664,0.014663367,0.06430579,0.03384871,0.05235971,7.053292e-05,0.0067165825,3.8210496e-06,2.6387538e-06
2.0574558e-05,5.4209788e-05,0.00090010377,0.0265024,0.053861756,0.2527593,0.24423724,0.19529672,0.08815543,0.04250944,0.018227477,0.019229418,0.008755908,0.0054194853,0.013839399,0.0072173937,0.02240027,6.200031e-06,0.00054079434,6.629892e-05,6.844905e-08
1.8602235e-05,0.00033614293,0.042188507,0.25099367,0.35681584,0.22773741,0.043559987,0.0298269,0.016263667,0.011560877,0.012736401,0.0026663987,0.0040410077,3.0764815e-05,1.9865967e-05,0.0006030548,0.0005460982,8.483176e-09,5.4686843e-05,1.7489679e-08,1.7591366e-10
1.0109591e-05,7.5540847e-06,7.0549063e-06,0.00032727132,6.321071e-05,0.00090675434,0.013380057,0.053023983,0.122747675,0.11901864,0.09651379,0.13771594,0.14994624,0.044703156,0.07209158,0.06320383,0.09013947,0.003696358,0.03218033,4.0974924e-06,0.00031293082
0.008028989,0.083668105,0.44060755,0.3206563,0.0899102,0.044913106,0.005853661,0.0034167648,0.0018325463,0.00019935211,0.0005868344,4.07162e-05,4.910651e-05,9.4172293e-07,2.6481512e-08,0.00022065973,1.2743583e-05,1.4582767e-10,2.383817e-06,2.0444375e-11,8.222521e-11
0.14175777,0.6028116,0.2081999,0.037359543,0.005222843,0.0037560582,0.0004420169,0.00021963607,0.00013074894,1.0845089e-05,6.360095e-05,1.6820853e-06,1.3893551e-06,4.148248e-08,4.5669427e-10,2.1661452e-05,4.2189512e-07,3.829176e-12,2.6654257e-07,4.7958457e-14,1.6559776e-11
5.7075144e-06,1.4153677e-05,0.00016276006,0.01609319,0.004530937,0.029649748,0.16358876,0.2583021,0.24782537,0.115034744,0.055586997,0.053210597,0.0044579213,0.00071449816,0.001459166,0.03148797,0.017708082,4.110351e-07,0.00016693457,3.019384e-09,4.1960875e-09
2.281148e-05,0.0006519644,0.11217861,0.40220314,0.31648523,0.14152034,0.013649985,0.0073369574,0.0037252184,0.0005905241,0.0008789646,0.00016406138,0.00033306546,2.7870942e-06,2.1118002e-07,0.00020699644,4.6629415e-05,2.427365e-10,2.502353e-06,1.1758098e-09,6.718584e-12
8.99146e-05,0.0005417572,0.021289537,0.16734704,0.24640457,0.24444753,0.11575638,0.047635294,0.04519772,0.025049608,0.023414051,0.020444728,0.015057522,0.003968507,0.00052823825,0.013629019,0.007778167,3.012266e-06,0.0013269287,9.036574e-05,9.429329e-08
1.42737335e-05,3.3921864e-05,0.0005730752,0.024728639,0.026403446,0.1583197,0.24988587,0.2717261,0.13424636,0.04823441,0.018541807,0.020659307,0.006230713,0.002138835,0.005470319,0.012844146,0.019714974,2.247809e-06,0.00022950528,2.3021921e-06,2.3136176e-08
7.2564137e-07,2.9806515e-07,1.289321e-07,1.2346078e-05,2.0889074e-06,7.0619106e-05,0.0020451518,0.014728845,0.06042552,0.04762122,0.06133143,0.10685273,0.26602858,0.0846426,0.1085108,0.05237843,0.12904906,0.036846973,0.027667383,9.369158e-06,0.0017757103
9.197253e-06,1.9227458e-05,9.751735e-05,0.006442524,0.003147704,0.035891738,0.1345462,0.17438781,0.15383872,0.16451108,0.06265185,0.0701318,0.03848391,0.0114523545,0.08004262,0.019028202,0.039412607,2.1621641e-05,0.005879187,3.524896e-06,5.9127046e-07
2.5892472e-05,4.1169405e-05,0.00033077804,0.011291028,0.009616728,0.06894827,0.19109026,0.2565484,0.16477874,0.07745019,0.03660389,0.044630874,0.018505597,0.008831806,0.017874798,0.03411068,0.058264636,4.343308e-05,0.0009969717,1.5204453e-05,6.48851e-07
2.8441877e-07,2.5164927e-06,0.00022951137,0.011507002,0.041369706,0.2031448,0.134654,0.06594698,0.058521435,0.12882127,0.09701407,0.07199187,0.14269473,0.003406905,0.019292893,0.00239517,0.0166814,2.7027475e-06,0.002287081,3.575101e-05,3.0300016e-09
2.594167e-06,2.0667781e-05,0.0018491443,0.04466153,0.11907238,0.53187525,0.12879674,0.06047312,0.034880772,0.018510677,0.011900302,0.012032518,0.02496197,0.00128837,0.002447549,0.0020391457,0.004828557,1.445682e-06,0.00032013943,3.7070266e-05,3.0472262e-09
1.1339992e-05,2.407162e-05,0.0003824685,0.017525353,0.017856162,0.12045747,0.23340921,0.29695985,0.14404301,0.056166895,0.023070795,0.025924118,0.008413663,0.0028666377,0.0064908676,0.01730544,0.028827922,4.1305707e-06,0.00025825168,2.3053408e-06,3.5637267e-08
2.8833854e-05,5.002172e-05,0.00021701823,0.0091871405,0.0034971149,0.027417514,0.12273431,0.20264645,0.17938368,0.15782292,0.06854331,0.077269964,0.029115962,0.008307835,0.026054237,0.0407388,0.043698683,3.377806e-05,0.0032498173,1.2656442e-06,1.3209506e-06
0.18149534,0.3593176,0.2965209,0.09892115,0.027570974,0.016792811,0.006559924,0.0049436972,0.0025131844,0.00068912725,0.0024729494,0.00025268135,0.0001354967,3.7188358e-05,8.9597063e-07,0.0016478047,7.503347e-05,4.055799e-08,5.3204876e-05,1.2979187e-09,8.786824e-08
8.604592e-06,1.834005e-05,0.00018236163,0.008365044,0.018360158,0.14810996,0.20910367,0.17419225,0.10025151,0.06441551,0.0325708,0.043849654,0.021272903,0.023950972,0.07224459,0.010283512,0.06976065,4.635006e-05,0.0022507824,0.0007620186,3.1867748e-07
2.141158e-06,1.9235858e-06,1.9256802e-06,6.93147e-05,7.294308e-05,0.0014909403,0.006629401,0.009364167,0.01746809,0.030713014,0.040149864,0.08260269,0.061200354,0.13343509,0.04784425,0.08032632,0.165887,0.17493024,0.01628679,0.13135315,0.00017040668
1.2601918e-05,2.7873144e-05,0.00038017862,0.02014997,0.01421723,0.095657535,0.22824131,0.29773706,0.16989186,0.062136173,0.02452834,0.028919643,0.006700304,0.0019623304,0.0041910443,0.021739747,0.023279317,2.447676e-06,0.00022448771,5.3150706e-07,2.5399766e-08
1.1844969e-05,8.241759e-05,0.0036641937,0.09099008,0.14751215,0.43278372,0.14916684,0.089134626,0.042406436,0.024397187,0.009247686,0.004005986,0.0027064076,0.00015016911,0.00096174015,0.0010332637,0.0016573429,2.8730756e-08,8.763171e-05,1.8846845e-07,4.409003e-10
4.4089287e-05,7.6163196e-05,0.00031270774,0.009714332,0.0046904846,0.032821137,0.119214326,0.17811954,0.14904922,0.15437114,0.07341046,0.08212336,0.043482453,0.012880322,0.04808408,0.036203705,0.04976011,9.672584e-05,0.005534488,6.8684876e-06,4.291825e-06
2.3935749e-05,8.193559e-05,0.0016860075,0.0590467,0.044935558,0.16814491,0.22717835,0.26141953,0.13277628,0.04264854,0.018603336,0.017137697,0.0028908395,0.00045057313,0.00079194235,0.013302954,0.00881204,3.6751513e-07,6.844284e-05,7.2152524e-08,3.7866417e-09
2.0564055e-06,1.3788706e-05,0.0008983381,0.029186267,0.07524443,0.29037705,0.17143765,0.11362529,0.06513322,0.096725464,0.05334788,0.029840624,0.04969161,0.0014200463,0.010513666,0.0021620041,0.00954927,9.925208e-07,0.0008260306,4.3136824e-06,4.3168034e-09
1.4034972e-06,3.866765e-05,0.017838335,0.19096585,0.3583131,0.37211865,0.033089325,0.013071917,0.0077604414,0.002025664,0.0019179292,0.0006476796,0.0017840167,1.4092156e-05,4.318576e-06,0.0002229014,0.000178,1.2143713e-09,7.67386e-06,4.5805184e-08,5.788208e-12
2.7426566e-05,0.00015221194,0.0052504498,0.076672964,0.13915507,0.2066189,0.14294848,0.05123242,0.066704355,0.05809054,0.05327539,0.07274256,0.048653543,0.019226788,0.002906112,0.02644672,0.023284249,1.8207189e-05,0.00533553,0.001257887,2.2334775e-07
8.662915e-06,0.00013636447,0.02244195,0.17888805,0.31559807,0.3816412,0.049084138,0.023448888,0.013612723,0.0042678835,0.0038183813,0.001630735,0.0040041795,7.6105985e-05,3.346185e-05,0.0006741145,0.00059276016,2.9374077e-08,4.1598338e-05,5.907998e-07,2.7720387e-10
3.1570926e-09,1.2787035e-09,1.759593e-11,3.4024243e-09,3.60177e-11,1.3081043e-08,9.422399e-07,3.9667893e-06,0.00012256516,0.001265941,0.001252044,0.0022231024,0.005324748,0.020945607,0.011765365,0.7324616,0.00020041836,0.11326923,0.050163668,1.433768e-07,0.06100067
2.2061502e-05,2.130472e-05,6.841159e-05,0.002349294,0.0011286185,0.011079643,0.06681665,0.16712065,0.18293118,0.0935497,0.0671956,0.08595645,0.055605207,0.020469705,0.022088699,0.08084322,0.13883673,0.000892226,0.0029945471,1.3724515e-05,1.6366768e-05
2.0840587e-05,0.00012971798,0.0060657947,0.09082462,0.2054541,0.30487874,0.14314,0.047640376,0.052253045,0.035201725,0.028976766,0.032376345,0.022777999,0.0061041694,0.0016845121,0.008978384,0.011179302,4.028936e-06,0.0017805352,0.0005289534,4.5356945e-08
3.2363032e-06,5.3864933e-05,0.011658862,0.14017373,0.2871879,0.44776458,0.05657946,0.024209663,0.014790809,0.0050049024,0.0043104156,0.002006288,0.004915495,7.5842654e-05,4.8010188e-05,0.00055592944,0.0006207978,1.9923023e-08,3.961696e-05,5.971517e-07,1.0905999e-10
1.9091214e-05,0.0005170947,0.074824646,0.35996535,0.31851178,0.21116881,0.01829554,0.009395269,0.0048267185,0.0007896236,0.00087571604,0.00017623136,0.0003971075,3.0430913e-06,6.5936297e-07,0.00017158316,5.876852e-05,3.79659e-10,2.9858356e-06,3.4994194e-09,9.196686e-12
2.292289e-05,3.416462e-05,0.00022557788,0.0076627983,0.008469266,0.07116535,0.17793654,0.22550361,0.14524913,0.07344298,0.037985314,0.04760722,0.02526212,0.019037576,0.039804235,0.029593907,0.08892234,0.00011899802,0.0018356406,0.00011873841,1.5394156e-06
1.2967004e-05,1.2709412e-05,3.816827e-05,0.0015851413,0.00092172803,0.012001384,0.07014269,0.15443835,0.16540833,0.082294576,0.05356201,0.07817127,0.060133364,0.03163033,0.043283068,0.06674621,0.17483611,0.0010081888,0.003694756,6.190972e-05,1.6759232e-05
4.9142895e-06,1.9842095e-05,0.0004462482,0.011264129,0.023405593,0.17582008,0.13294818,0.08095695,0.05424384,0.06681237,0.04684392,0.10303369,0.15284878,0.03236562,0.045933977,0.01842814,0.047128145,0.00043111286,0.004928714,0.0021351357,6.51559e-07
1.8288269e-05,0.00034580662,0.06708884,0.28957012,0.34875676,0.22623627,0.030900309,0.017977297,0.009073556,0.0026160546,0.0029165433,0.0009889859,0.002298764,3.867235e-05,4.688411e-06,0.0008251041,0.00032425698,1.1481514e-08,1.9622468e-05,6.329261e-08,1.8965035e-10
1.8166276e-05,4.1873245e-05,0.00036511282,0.009286213,0.015837664,0.16042806,0.13824525,0.13663559,0.06553433,0.055317786,0.031932484,0.059565846,0.06834614,0.029690066,0.16279426,0.013167479,0.04642057,0.0005184336,0.0049149576,0.00093636557,3.3164179e-06
0.0021310532,0.010135555,0.14969118,0.32166547,0.23965158,0.09777825,0.053062186,0.04080883,0.028539982,0.010178742,0.016675862,0.006835904,0.0033252882,0.0010455204,3.6566413e-05,0.015794793,0.0021335087,6.8857094e-07,0.00050818286,7.3964515e-07,1.9171704e-07
1.5091979e-06,7.661971e-06,0.00029968563,0.01725734,0.039247353,0.27635008,0.21005487,0.13213336,0.07556258,0.096526764,0.041828517,0.028342241,0.034341946,0.002430296,0.029365156,0.0021783507,0.012844817,1.206915e-06,0.0012157102,1.04495475e-05,5.370664e-09
2.0229788e-06,3.0210674e-06,8.906058e-06,0.0005181679,0.00045402095,0.007665759,0.032752812,0.051500946,0.04697971,0.08586878,0.058178093,0.093002975,0.11256958,0.04714685,0.33711463,0.013578983,0.091195315,0.0012086252,0.019978551,0.00025790127,1.4407044e-05
7.724692e-06,0.00022798905,0.05392926,0.31593046,0.34442765,0.24805164,0.019974314,0.009879823,0.0049595893,0.00084666826,0.00086850673,0.00019655375,0.00047919495,3.4902089e-06,8.1588183e-07,0.0001504154,6.338474e-05,3.459212e-10,2.5135005e-06,4.513524e-09,5.020961e-12
3.512327e-06,4.9863353e-05,0.008260105,0.10908734,0.24973169,0.33049858,0.09375925,0.05580836,0.03384072,0.04013877,0.038058087,0.01222124,0.023841133,0.00023691531,0.00029568738,0.0013467672,0.0025824856,8.107994e-08,0.00023905303,2.9734503e-07,4.6852305e-10
1.8145174e-05,4.4201417e-05,0.00039915845,0.009866222,0.014788873,0.08680102,0.12501897,0.12764554,0.07823293,0.13004158,0.07629028,0.069142,0.08568919,0.016178543,0.115135886,0.010452804,0.04648625,0.0001394373,0.00748429,0.00014253841,2.1443102e-06
1.464755e-06,7.5413e-07,1.01445956e-07,4.6803325e-06,4.0820927e-07,1.713713e-05,0.00040394499,0.0016109211,0.009031984,0.021796422,0.023920964,0.037430193,0.11026755,0.105057985,0.15378843,0.19559968,0.019760482,0.11131186,0.14967152,2.5864207e-05,0.060297612
3.1936268e-06,1.4979516e-05,0.0005445323,0.018176733,0.049413357,0.412354,0.17949493,0.10948963,0.05534473,0.03676142,0.019996628,0.026877671,0.038977813,0.004992182,0.029722648,0.0033789973,0.01324574,1.1749408e-05,0.001054887,0.00014413334,2.909841e-08
1.0360719e-07,1.3463402e-07,9.5778056e-08,4.800991e-06,3.0621761e-06,0.00020407638,0.0012699136,0.0016468719,0.0022984599,0.008905758,0.0096278135,0.03751055,0.025796784,0.030589096,0.024740858,0.03412056,0.023860767,0.77456963,0.0077770688,0.017003154,7.0348695e-05
5.792881e-06,7.0477067e-06,1.3316176e-05,0.00043421445,0.00038815162,0.0052093603,0.021807654,0.037469614,0.036805965,0.06816266,0.055372935,0.1110047,0.13177128,0.08100055,0.2321696,0.028740339,0.14819069,0.012134945,0.027377026,0.0017924189,0.00014175542
1.0319523e-07,1.4711829e-07,3.0978077e-07,2.5881354e-05,3.24969e-05,0.001169854,0.0074045253,0.011135082,0.011017162,0.046585787,0.05062246,0.16679634,0.13075635,0.090506546,0.1020445,0.03044993,0.18430698,0.13811903,0.012358754,0.016648874,1.8863988e-05
6.221239e-06,5.626556e-06,1.1603256e-05,0.00053111475,0.0004655202,0.007682232,0.037660588,0.080440745,0.0918073,0.05496722,0.045539826,0.076888874,0.07814331,0.08130192,0.10546694,0.045964856,0.27937955,0.004647881,0.0077807372,0.0012626739,4.523357e-05
0.0034547122,0.048193075,0.4149937,0.36834842,0.10658248,0.047671996,0.005409777,0.002906076,0.0016033256,0.0001555822,0.00046128946,3.0178391e-05,3.9480343e-05,4.7659952e-07,1.3705105e-08,0.0001392925,8.818181e-06,4.486932e-11,1.3236453e-06,1.0125059e-11,1.8741564e-11
1.1571663e-06,4.9824976e-06,0.00012549941,0.024945937,0.0044863527,0.019895174,0.1488305,0.29505056,0.2844877,0.10131334,0.06024159,0.037388768,0.00068301836,3.6017962e-05,3.951644e-05,0.017808167,0.004652353,2.4825042e-09,9.35091e-06,6.475742e-13,7.0637086e-12
1.7267215e-06,1.4775758e-06,3.920202e-06,0.0004668542,0.00010946957,0.0022289993,0.036138397,0.1208154,0.22142036,0.12771368,0.08201817,0.11515895,0.06085692,0.014930289,0.026414895,0.0660171,0.12221068,0.00021697208,0.0032721795,4.4078553e-07,3.1977386e-06
1.3091529e-05,1.0780522e-05,2.0859083e-05,0.0007990512,0.00041723895,0.0059262323,0.03941154,0.10484236,0.13581647,0.07415605,0.05675497,0.083579026,0.088817306,0.048066687,0.05959467,0.0709179,0.22053783,0.0034640788,0.0066507882,0.00012544845,7.7571654e-05
8.0315374e-05,0.00015439888,0.00075928314,0.021628015,0.00871127,0.044572,0.14601211,0.21509084,0.18166122,0.13994741,0.06529812,0.06468743,0.019238887,0.004965964,0.012225063,0.04049904,0.032304466,2.1586122e-05,0.0021404948,9.2567956e-07,1.0594282e-06
2.0117513e-05,0.00012632382,0.005577141,0.08668107,0.16137598,0.23538047,0.14407386,0.047874156,0.06178763,0.050557066,0.045859918,0.059550337,0.041370083,0.013675194,0.0019332281,0.021368828,0.018262686,9.14159e-06,0.0037048913,0.0008118306,9.5511034e-08
0.062315237,0.4002223,0.37521502,0.12323835,0.022156786,0.013569298,0.0016344733,0.000833147,0.00048085905,4.6236284e-05,0.00020006961,7.734866e-06,7.630483e-06,1.7698683e-07,3.1260787e-09,6.967769e-05,2.1516362e-06,2.1762253e-11,8.4482e-07,8.1319554e-13,4.253762e-11
8.126415e-05,0.0024903747,0.17641684,0.47637433,0.23356606,0.096384004,0.007860049,0.003951137,0.0021014921,0.00020556527,0.00037907012,3.713993e-05,6.69138e-05,3.2648836e-07,2.2710424e-08,7.464447e-05,1.0116453e-05,1.5020502e-11,6.064062e-07,3.3572357e-11,1.0689428e-12
5.4927765e-05,0.00040265732,0.018591037,0.17131226,0.24389328,0.22913203,0.11164391,0.03817136,0.046928857,0.029546302,0.033294767,0.029015398,0.020485947,0.0039021077,0.00046392842,0.013703547,0.007373506,2.141804e-06,0.0019935474,8.840864e-05,4.86876e-08
1.4068291e-06,7.8083895e-06,0.00044293163,0.01898515,0.05555814,0.45437157,0.18682635,0.10495253,0.051840458,0.03340278,0.016587578,0.019174574,0.02748969,0.0023791434,0.017400218,0.00195794,0.0080853775,2.0804894e-06,0.0004995635,3.4654196e-05,4.4666892e-09
1.06959105e-05,1.0759208e-05,2.5843594e-05,0.0008172499,0.0012236242,0.011686604,0.036149368,0.055343855,0.052483857,0.05105469,0.048640948,0.09001899,0.06752666,0.119275436,0.12032316,0.039811686,0.27282745,0.008620572,0.010345599,0.013739823,6.303914e-05
6.937629e-06,2.9243296e-05,0.00088734477,0.033198204,0.053118784,0.2780472,0.21825226,0.18544556,0.079997346,0.07025242,0.025576767,0.016860306,0.013759609,0.0012931629,0.010334695,0.003173113,0.009363719,7.8156256e-07,0.0004008118,1.7433823e-06,7.3316464e-09
7.826153e-05,0.0019564657,0.15811533,0.43948248,0.26414618,0.113698386,0.011244035,0.0063339244,0.0032900213,0.00043561365,0.00071685476,0.00010331134,0.00018548006,1.52434e-06,1.1738798e-07,0.0001793402,3.0590276e-05,1.4953681e-10,2.015411e-06,3.917112e-10,8.643735e-12
3.2049422e-07,1.5865946e-07,1.4854664e-08,1.3481142e-06,1.0827935e-07,8.5312395e-06,0.00021322479,0.0009246943,0.0066271,0.015305427,0.017261952,0.026333401,0.0875533,0.09522228,0.10012553,0.28380764,0.026860572,0.21920724,0.10049414,6.702754e-05,0.019985998
0.00021384913,0.004507245,0.21277195,0.44561467,0.22631474,0.08966061,0.010168036,0.00601293,0.0031163287,0.00038652623,0.00074503565,9.381115e-05,0.00014991802,1.5062675e-06,8.576566e-08,0.00021295773,2.7628314e-05,1.747929e-10,2.1727083e-06,2.0696209e-10,1.714081e-11
1.06447e-05,1.1307302e-05,4.186482e-05,0.0016684614,0.0015819152,0.020836892,0.08349591,0.159261,0.12830266,0.06904018,0.046770126,0.06564448,0.05255172,0.044170517,0.059189588,0.047594734,0.21512733,0.0010885848,0.0032912407,0.00031063607,1.0157699e-05
4.9240766e-06,4.821345e-06,6.622103e-06,0.0002192313,0.00016298087,0.002539829,0.013599827,0.030124156,0.03036291,0.0572431,0.049537517,0.11032326,0.14914915,0.08819506,0.19886696,0.037937295,0.17585827,0.02842016,0.025705189,0.0014086972,0.00033010048
1.0976155e-06,2.256959e-05,0.0069890437,0.121989354,0.2688881,0.52606755,0.044812977,0.01674672,0.009238718,0.002080075,0.0013509307,0.00048315246,0.001036259,1.004479e-05,1.4976747e-05,0.00011395375,0.00014858347,7.800733e-10,5.875626e-06,4.9352607e-08,3.883354e-12
0.005129764,0.07001653,0.4323948,0.34962428,0.09050559,0.04347554,0.004628618,0.0022644224,0.0013159068,0.00011811149,0.00037188336,2.0764699e-05,2.6686821e-05,2.7694884e-07,8.471272e-09,9.984912e-05,6.0075563e-06,2.400008e-11,9.808489e-07,4.8836282e-12,1.20933446e-11
0.009473012,0.10264968,0.45672536,0.30606702,0.07717796,0.038547397,0.0046457206,0.00250867,0.001393342,0.00013982007,0.00045312845,2.6641694e-05,3.1914653e-05,5.029472e-07,1.3155901e-08,0.00015030934,7.8736475e-06,6.081327e-11,1.5876767e-06,8.069271e-12,3.9980415e-11
8.966462e-06,3.5882058e-05,0.0013364091,0.051518973,0.08134769,0.33700848,0.22703978,0.18905863,0.07002806,0.019472823,0.006521778,0.005961825,0.001714799,0.0003826381,0.0010160278,0.003211932,0.0042976346,9.677217e-08,3.71546e-05,4.000223e-07,7.4236794e-10
2.3631033e-05,3.9207887e-05,0.00029066502,0.0072793085,0.015351748,0.1083099,0.15618216,0.17831315,0.09194729,0.055652287,0.035705604,0.052626226,0.03283996,0.045268513,0.050240673,0.025938455,0.13801925,0.0004945225,0.0024429671,0.0030313954,3.0739818e-06
7.466209e-05,0.0015562038,0.14765409,0.40406612,0.28577217,0.12762582,0.015266444,0.009929586,0.0048262705,0.0008148091,0.0012275463,0.0002477486,0.00043873483,5.959736e-06,3.9224386e-07,0.00041337943,7.5215976e-05,9.725999e-10,4.8207517e-06,1.9553894e-09,4.5503247e-11
1.0647429e-05,1.7248103e-05,0.00017612799,0.008177348,0.00837524,0.079666,0.20642301,0.28197563,0.15769313,0.063712165,0.028178623,0.03565019,0.015859284,0.008651083,0.01643006,0.026407272,0.061936907,2.6099504e-05,0.00061738415,1.628304e-05,2.1491707e-07
1.912961e-05,0.00014468894,0.009443071,0.099616766,0.1459259,0.33331597,0.11600905,0.06579143,0.04165611,0.031791568,0.026954522,0.02832984,0.06579955,0.005121896,0.001293756,0.015631778,0.012060834,1.5093534e-05,0.0010117523,6.718965e-05,7.0191916e-08
5.1351293e-05,0.00018174581,0.003982732,0.054791555,0.14368023,0.32393438,0.18846466,0.1196147,0.06195425,0.030371977,0.016416365,0.016258987,0.009448809,0.004837345,0.005000637,0.006057723,0.014136449,6.887318e-06,0.0006252856,0.00018384503,1.1842885e-07
1.0820081e-05,6.780255e-06,8.879703e-06,0.00023648278,0.00020477477,0.003345009,0.012249265,0.03050256,0.036426995,0.03577327,0.03892177,0.068223864,0.10221925,0.12926477,0.076182134,0.0911217,0.28983173,0.06331345,0.010004525,0.011714448,0.00043754306
8.354088e-06,4.297393e-06,1.4806604e-06,5.212668e-05,8.417611e-06,0.00013023625,0.0025389055,0.013235355,0.04998496,0.057085253,0.06770692,0.105142675,0.21624742,0.11201729,0.13312931,0.06837881,0.055390563,0.04422562,0.06155753,1.3903239e-05,0.013140603
3.615663e-05,7.3318355e-05,0.00046738784,0.0074863452,0.015147897,0.043690905,0.07336974,0.050204206,0.05284595,0.075305685,0.06366447,0.14519419,0.066730574,0.13865094,0.053399943,0.042324003,0.107866876,0.0019338814,0.020525942,0.04105522,2.641449e-05
2.6762786e-05,3.3984703e-05,0.00015001763,0.0049313945,0.004456157,0.041254807,0.13317536,0.18907222,0.1513279,0.08283705,0.047151,0.062041588,0.03743812,0.028874518,0.05791624,0.03908147,0.11622082,0.0003339435,0.0035056826,0.00016519852,5.831033e-06
1.2158166e-06,1.4893635e-05,0.0026856489,0.06901407,0.15093948,0.4793304,0.114602044,0.04178477,0.031227225,0.02123736,0.017248124,0.016901685,0.04385048,0.0013731068,0.0006806362,0.00362694,0.005127391,8.318783e-07,0.00032803643,2.5785655e-05,9.611139e-10
5.430494e-06,1.9392288e-05,0.0004434124,0.017972676,0.06372626,0.2852429,0.22682782,0.1115484,0.076694004,0.05298349,0.02908339,0.040274825,0.017448368,0.012410365,0.029184492,0.0044087404,0.028724924,9.38657e-06,0.0016472647,0.0013444738,4.567704e-08
2.9669665e-05,7.935949e-05,0.0013249571,0.031039527,0.06455159,0.2849671,0.23082253,0.19331616,0.080356404,0.03376047,0.01488405,0.0159267,0.007993632,0.0044989698,0.008737542,0.0073889764,0.019823613,7.408162e-06,0.000417289,7.39503e-05,8.12903e-08
1.7320424e-06,3.6152076e-05,0.0117162885,0.14878885,0.30808383,0.44230548,0.04704962,0.01914843,0.011314411,0.0034043256,0.002940127,0.0012171761,0.003216239,3.558433e-05,1.8523475e-05,0.00034618643,0.0003592716,5.3703215e-09,1.7502487e-05,1.941064e-07,2.3344713e-11
1.0356868e-05,2.7847647e-05,0.00053921173,0.02723422,0.03164289,0.18396777,0.26950154,0.23680083,0.12574004,0.051219326,0.01791016,0.018438624,0.005212464,0.0018593465,0.007075154,0.008194044,0.014374945,8.689764e-07,0.0002486866,1.7153222e-06,9.8655155e-09
4.394863e-06,1.6049242e-05,0.00037125542,0.019023051,0.027747754,0.20873196,0.2290977,0.20057727,0.095058575,0.091355145,0.032396536,0.024508784,0.021671902,0.0027886718,0.025933053,0.0040895795,0.015779618,1.9639267e-06,0.000842483,4.3287914e-06,1.622249e-08
4.291375e-05,0.0001561132,0.0032291405,0.04563417,0.10907669,0.21503226,0.16147323,0.07387154,0.07067264,0.060054403,0.045293346,0.06803208,0.041787915,0.028633397,0.009892512,0.020319445,0.036827892,6.92162e-05,0.00523545,0.004664797,8.760258e-07
1.4437534e-05,1.4922035e-05,1.9606025e-05,0.0006767928,0.0002430385,0.003368512,0.027217396,0.06828019,0.09435901,0.10267627,0.06640308,0.10691933,0.13637802,0.05470734,0.1596041,0.046508472,0.093010984,0.0032999632,0.03602702,5.553705e-05,0.00021593279
0.011976104,0.120015435,0.462368,0.28895977,0.071283884,0.036168713,0.004514962,0.0024909175,0.0013729187,0.0001424976,0.00047175746,2.7754766e-05,3.2288524e-05,5.726457e-07,1.435484e-08,0.00016443904,8.178561e-06,7.656754e-11,1.8006411e-06,8.81226e-12,5.62409e-11
0.02312892,0.23596819,0.416566,0.24272095,0.045102376,0.031812217,0.0028418794,0.0009945827,0.00064557255,3.575522e-05,0.00014837431,3.934378e-06,3.9253873e-06,2.3695508e-08,9.59516e-10,2.6035186e-05,1.0869959e-06,1.0356519e-12,1.9524796e-07,7.744666e-14,7.959178e-13
1.992404e-05,1.6980368e-05,9.77443e-06,0.000205927,7.8991136e-05,0.000997272,0.0074569373,0.021278083,0.036285516,0.054646276,0.050658833,0.09487142,0.16972971,0.09509367,0.16757096,0.061530128,0.09988732,0.053856056,0.08093375,0.0005959542,0.004276494
0.19136095,0.62989485,0.15307699,0.020466996,0.002631529,0.002062815,0.00024621355,0.00012546034,7.420085e-05,5.884177e-06,3.912135e-05,9.01382e-07,6.861624e-07,2.4163102e-08,2.1312536e-10,1.3027778e-05,2.1399188e-07,2.0836765e-12,1.6630045e-07,1.57248e-14,1.2009224e-11
6.182719e-05,0.0001600892,0.0015906721,0.017420668,0.017398234,0.031539824,0.055432297,0.042453337,0.04541143,0.06995078,0.06341438,0.12908867,0.071099155,0.15691476,0.006351719,0.21954362,0.055344176,0.00057039195,0.014651039,0.0015856194,1.7307788e-05
2.1649774e-07,1.5678932e-06,0.00011094139,0.005599997,0.017643576,0.09587087,0.0900084,0.0513007,0.044908416,0.13962427,0.11619579,0.12179436,0.24354362,0.00922206,0.023282902,0.005339184,0.032018106,2.0413243e-05,0.0034018054,0.00011273635,1.3512294e-08
1.694891e-05,0.00013588888,0.008478817,0.12215679,0.22165167,0.2711866,0.1277481,0.037775468,0.049772717,0.03519631,0.03438876,0.035753302,0.026698908,0.0050920197,0.0007266203,0.011985255,0.009072275,2.0109608e-06,0.0019460154,0.00021557699,2.2042524e-08
1.777767e-06,3.4866157e-06,1.2306137e-05,0.00081736624,0.0007832794,0.012394658,0.04400381,0.054900024,0.05059717,0.09677455,0.058902457,0.08422108,0.088643335,0.038530875,0.36911958,0.009656561,0.06434054,0.00043737114,0.02558677,0.00026760527,5.41742e-06
0.00052127836,0.009858941,0.26051137,0.44443813,0.19029105,0.076990925,0.0086055035,0.004895269,0.002656354,0.00028389052,0.0006094158,6.0650404e-05,9.226896e-05,8.6846455e-07,4.7904418e-08,0.00016379874,1.857155e-05,9.6046414e-11,1.7131387e-06,7.7262356e-11,1.5939913e-11
1.1497569e-05,2.342857e-05,0.00025152756,0.01503038,0.009581008,0.07473937,0.21996231,0.27133623,0.18787347,0.079372354,0.03041431,0.037175644,0.009080719,0.0030554687,0.008816296,0.023998462,0.02884268,3.9038614e-06,0.00043007886,8.582223e-07,5.1221264e-08
4.1881627e-05,0.00017372504,0.0038002145,0.053054363,0.121231414,0.215478,0.15324765,0.060949605,0.069170974,0.059718486,0.050170865,0.07295645,0.04462046,0.025070399,0.008135233,0.019458499,0.031094424,5.447074e-05,0.0064624357,0.005109741,7.0330157e-07
1.3411053e-05,2.1291236e-05,0.00012908634,0.0075327833,0.0031612471,0.027137553,0.1431827,0.23053901,0.21774103,0.11258352,0.05436587,0.06820535,0.01653922,0.005669431,0.012462381,0.04913466,0.05053945,2.011562e-05,0.0010208865,7.1755954e-07,3.376909e-07
2.790379e-06,3.8279086e-06,6.026972e-06,0.00039395207,0.00018143628,0.0036156217,0.026685257,0.05259496,0.07169817,0.09526405,0.0578306,0.09313705,0.11176914,0.052486252,0.29348242,0.020498775,0.07139088,0.0010527594,0.047804557,6.528825e-05,3.6187295e-05
0.047774434,0.32925949,0.41925192,0.1530442,0.029243004,0.017148573,0.0020992863,0.0011192351,0.0006253919,6.164949e-05,0.0002522158,1.0813297e-05,1.0841384e-05,2.588679e-07,4.5084887e-09,9.466674e-05,3.0436784e-06,3.223765e-11,1.0492522e-06,1.3583836e-12,5.2026123e-11
3.2868859e-06,7.2984294e-05,0.02139393,0.192329,0.3473666,0.3679329,0.037049588,0.01649645,0.009369381,0.0024454885,0.00219984,0.0007730491,0.001999024,2.0937468e-05,8.508833e-06,0.00028768452,0.00023957013,3.3063352e-09,1.17610525e-05,8.713506e-08,2.360618e-11
1.3177482e-06,4.144595e-06,4.8385886e-05,0.0028418272,0.005412683,0.053499773,0.09162316,0.07501804,0.058862418,0.13404374,0.08406648,0.0859084,0.10789782,0.018835772,0.21665901,0.0053159352,0.048264675,8.4082305e-05,0.011338195,0.00027381055,3.7822267e-07
2.34433e-05,0.00017397606,0.0109268315,0.13325036,0.26058435,0.31097665,0.119462624,0.039818376,0.03951777,0.021775464,0.018486844,0.016450334,0.012669169,0.0024201488,0.00047886057,0.0064962637,0.005647611,9.796196e-07,0.0007492404,9.0751426e-05,1.4727684e-08
1.762838e-05,3.8464797e-05,0.0005975494,0.018823177,0.031712133,0.18693702,0.23534358,0.2574531,0.1056738,0.045566507,0.019725714,0.022143306,0.010743511,0.00618426,0.011078202,0.012843541,0.034643877,1.1183289e-05,0.00042967568,3.3649696e-05,9.600255e-08
1.4355435e-06,1.6546026e-06,1.3278277e-06,9.011331e-05,3.1668154e-05,0.0007404511,0.008815291,0.022406686,0.043131564,0.066808164,0.04914295,0.0950979,0.13998619,0.0680602,0.31391314,0.02176438,0.06611134,0.004164607,0.09946082,7.83538e-05,0.00019172643
4.3922328e-06,3.0057759e-06,2.1238254e-06,0.0001476496,1.9048612e-05,0.00036069413,0.008132945,0.040353622,0.13040574,0.1276263,0.103041254,0.15525214,0.14948352,0.04497993,0.065521345,0.056661487,0.07352177,0.00298315,0.041238144,8.1377874e-07,0.00026089366
3.7649608e-07,4.0593866e-07,3.2435988e-08,1.4133294e-06,1.6943844e-07,9.766558e-06,0.00012806318,0.00026571902,0.0015298316,0.0074974583,0.01193322,0.0146481255,0.023127487,0.028946534,0.01781299,0.20785262,0.007599664,0.50546354,0.16725579,0.00058712316,0.0053396905
4.458142e-06,3.5438145e-06,4.283348e-06,0.00029584233,7.407066e-05,0.0015317837,0.021889329,0.06917781,0.14967062,0.098359525,0.06627012,0.11665619,0.11775392,0.05240572,0.09460764,0.06383047,0.12524357,0.0023028583,0.019805273,1.3791958e-05,9.9241784e-05
4.808543e-05,0.00010044934,0.00068783486,0.02378835,0.010201436,0.056581136,0.16770212,0.24844635,0.18518566,0.11976214,0.051183112,0.05040235,0.013864587,0.0030555313,0.007669563,0.034031183,0.02629614,8.029622e-06,0.0009853189,3.6563674e-07,2.7145293e-07
7.644827e-06,0.00018674902,0.044436213,0.26965746,0.35768503,0.27939504,0.025138361,0.012633553,0.0066454564,0.0013136422,0.0012889566,0.00035929697,0.0008892983,8.8164625e-06,2.3634873e-06,0.00022403547,0.00012257758,1.3586732e-09,5.443976e-06,2.1007502e-08,1.7342941e-11
8.121578e-06,7.0436504e-06,3.1979896e-06,8.807607e-05,3.1453797e-05,0.0008596933,0.00532977,0.0114795435,0.016752258,0.029787311,0.025245499,0.06708697,0.091506794,0.09906871,0.18531495,0.103025764,0.07475802,0.23354605,0.05019491,0.0026748138,0.003231029
6.239664e-07,7.2149423e-06,0.0013603314,0.045418162,0.13717891,0.58738166,0.109696954,0.042379472,0.026273958,0.012945961,0.008442069,0.007486634,0.016725315,0.0004595979,0.0008043057,0.0009274664,0.0023795047,1.6715724e-07,0.00012199148,9.715324e-06,1.9684415e-10
1.4736934e-05,2.893872e-05,0.00024791158,0.00868585,0.01864138,0.12717614,0.18920255,0.16830602,0.0995849,0.067966856,0.037954133,0.049524028,0.025869891,0.029754873,0.075587936,0.013394185,0.08390434,9.947023e-05,0.0028696673,0.0011853351,8.7326055e-07
3.7343816e-05,0.00018743228,0.0058451146,0.0771961,0.17727543,0.28368232,0.15059237,0.055068,0.0581543,0.041549563,0.03362938,0.041172862,0.027944447,0.01080284,0.0034390471,0.011962958,0.016840776,1.42588915e-05,0.002965731,0.0016395146,1.8899925e-07
3.045428e-05,0.00057642185,0.09174147,0.33273044,0.339314,0.18223155,0.024264999,0.014623075,0.0074045258,0.0017855294,0.0022761635,0.0006702146,0.0013935302,2.3313305e-05,2.088236e-06,0.0007038481,0.00021476003,6.0256298e-09,1.3528575e-05,2.4394653e-08,1.4187718e-10
9.5872096e-08,2.507872e-07,3.4832436e-07,3.0004398e-05,5.143018e-05,0.00064289174,0.0034954385,0.0016298895,0.005257636,0.015061895,0.022753496,0.07631351,0.013509299,0.05175607,0.02845598,0.008455291,0.031943396,0.015055553,0.035263807,0.6903194,4.289649e-06
6.362146e-06,0.00010481971,0.01918322,0.16998778,0.31056857,0.40774414,0.046813026,0.023135485,0.012278136,0.0032504832,0.0025929252,0.0010152641,0.0024620022,3.8707658e-05,2.4456329e-05,0.0003955843,0.00037912838,1.1278333e-08,1.9617994e-05,2.3948763e-07,1.02165734e-10
0.0008723503,0.016936397,0.32781896,0.4346434,0.14885068,0.05927348,0.0059988564,0.0031337715,0.0017134266,0.00015684219,0.00041309174,3.0071082e-05,4.3499997e-05,3.4603943e-07,1.251556e-08,0.00010551891,8.451513e-06,2.2779379e-11,8.585952e-07,1.1136926e-11,5.245682e-12
2.6827523e-05,0.0005535038,0.07746956,0.32352343,0.34048176,0.20753479,0.024165224,0.013337566,0.0071441703,0.0016084622,0.0018878734,0.000515575,0.0011234783,1.4736062e-05,2.6390082e-06,0.00042370788,0.00017474801,4.049942e-09,1.1875432e-05,3.220035e-08,9.532512e-11
9.988391e-06,2.2943337e-05,0.00028757393,0.01445726,0.021292897,0.15916239,0.25495237,0.22184622,0.11771125,0.062494267,0.024269028,0.02837778,0.011290699,0.008170776,0.03147099,0.009683281,0.033542734,7.3193737e-06,0.00091226003,3.7899925e-05,7.424894e-08
6.787403e-05,0.0020378083,0.15578407,0.46351185,0.24843363,0.11334446,0.009045931,0.0044686887,0.0024135625,0.0002474463,0.00041634828,4.5533066e-05,8.553595e-05,4.366408e-07,3.8436312e-08,8.2800856e-05,1.3218075e-05,2.4689783e-11,7.662882e-07,7.803503e-11,1.4815436e-12
1.4613335e-06,1.4317901e-06,4.0591704e-06,0.0006572716,7.070612e-05,0.00092305586,0.02354849,0.11362892,0.24843678,0.18988758,0.14676991,0.14992972,0.021398114,0.0031695676,0.0036481465,0.047080114,0.04935175,1.751642e-05,0.0014752009,9.1886976e-10,2.4598182e-07
9.34653e-06,3.4118093e-05,0.0011083899,0.037738744,0.08757611,0.37043038,0.2323418,0.15549867,0.060350224,0.021889247,0.007872428,0.007811848,0.003101941,0.0012422195,0.0032404228,0.0027885442,0.0068437876,4.2427337e-07,0.00011321274,8.1184935e-06,3.3587277e-09
0.00049999374,0.011127649,0.27923658,0.45825246,0.16957745,0.06941652,0.0062860353,0.003168815,0.0017594114,0.00015180597,0.00036318105,2.6893193e-05,4.217217e-05,2.6010548e-07,1.2256056e-08,8.246569e-05,7.659086e-06,1.4705057e-11,6.668302e-07,1.134954e-11,2.6704919e-12
1.0250031e-05,5.2136667e-05,0.0020513702,0.04788605,0.09108818,0.3219635,0.18200177,0.15158674,0.06540168,0.06262078,0.027255975,0.015227388,0.016179504,0.0009160343,0.005750868,0.0025479526,0.0071003735,7.6290655e-07,0.000356871,1.804735e-06,7.739235e-09
2.3241706e-05,0.0003515027,0.039522268,0.2282779,0.33735123,0.22372168,0.05438629,0.040161986,0.021959975,0.018650569,0.020589413,0.0050232406,0.0074855983,8.1529324e-05,4.454548e-05,0.0011780335,0.0010778793,3.2333418e-08,0.00011302657,4.478736e-08,6.516168e-10
8.938473e-05,0.0019782109,0.1597185,0.42357916,0.2692777,0.117751494,0.013135708,0.008119006,0.0040212795,0.0006006369,0.00094502105,0.00016102937,0.00027972995,3.0927988e-06,2.1702328e-07,0.00028811727,4.8529135e-05,4.1526566e-10,3.1621562e-06,8.1931334e-10,2.311675e-11
1.7208482e-05,2.4295892e-05,0.00015060924,0.0066574556,0.0044461987,0.041173846,0.16004942,0.23474172,0.18749374,0.09088427,0.043012246,0.056838483,0.02359699,0.011361088,0.024490163,0.04217902,0.07139173,6.267526e-05,0.0014166926,1.1155436e-05,9.905017e-07
8.6515274e-07,1.4055571e-06,7.644655e-06,0.0018632037,0.00022811866,0.0026025376,0.05449832,0.15958071,0.27905127,0.18973738,0.1129643,0.11866844,0.007936748,0.001189317,0.0020149553,0.03990023,0.029296912,1.0080915e-06,0.00045658316,2.4836788e-10,8.705497e-09
1.6150554e-05,3.1829375e-05,0.00032462992,0.01021842,0.020859512,0.14426577,0.20198165,0.21698093,0.102269925,0.05695718,0.030428013,0.037193567,0.020985434,0.021384371,0.037360616,0.015673641,0.08110251,7.927459e-05,0.0013620444,0.0005239374,5.7074084e-07
1.5033526e-05,8.071073e-05,0.0034100518,0.0610814,0.18885684,0.37270594,0.15901546,0.061618853,0.049683582,0.028855136,0.019318955,0.020744504,0.013339837,0.003855092,0.002837177,0.003937674,0.009386768,2.627519e-06,0.0008656789,0.00038862522,2.448143e-08
1.5565372e-05,0.00052534195,0.08321221,0.3995943,0.30403402,0.18819948,0.01331711,0.006506615,0.0033022508,0.00042168912,0.00050238025,7.712113e-05,0.00017478579,8.6372455e-07,1.5073778e-07,9.1132206e-05,2.3976192e-05,5.2856258e-11,1.0258941e-06,4.573964e-10,1.3274369e-12
0.00094088353,0.004630029,0.10014762,0.2913554,0.25359043,0.12277924,0.06814096,0.048094153,0.035654332,0.014324168,0.019164898,0.010327929,0.0053686416,0.0017834085,7.775035e-05,0.019454606,0.0034678956,1.2303024e-06,0.00069342623,2.721812e-06,2.0525995e-07
1.122525e-05,1.607017e-05,8.416232e-05,0.005275569,0.002227716,0.023105623,0.13172174,0.21696414,0.22183414,0.11273789,0.05253,0.070711635,0.021824406,0.0082889525,0.019232053,0.050820768,0.06111547,3.4804743e-05,0.001461532,1.5172062e-06,6.298155e-07
1.985339e-06,2.5582016e-05,0.0038815413,0.075582325,0.21203639,0.4409743,0.10811238,0.05278754,0.03143479,0.029556073,0.020096295,0.0075697103,0.014462761,0.0001726162,0.0005568723,0.00069641066,0.0019044147,5.174201e-08,0.00014739386,6.522872e-07,2.3028728e-10
3.1876614e-06,6.798184e-06,7.7983765e-05,0.00505707,0.012915036,0.12982646,0.1970075,0.15692657,0.09671332,0.0650507,0.03451494,0.053070564,0.023994682,0.031778023,0.08961309,0.00947378,0.09015865,4.9761224e-05,0.0022704983,0.0014911778,1.7925541e-07
5.738156e-06,1.25768665e-05,9.056321e-05,0.0036859873,0.010616848,0.05858891,0.09463297,0.054127928,0.05678098,0.06400016,0.053124163,0.123109885,0.040860314,0.089217596,0.099315256,0.013984573,0.116716124,0.00078311923,0.0114998445,0.10884405,2.4420533e-06
4.6369252e-05,0.00011815615,0.0012165068,0.03752498,0.023903495,0.12400478,0.20811826,0.24510406,0.14752781,0.08964455,0.034631506,0.031126693,0.011556405,0.0021593587,0.0077030724,0.017441573,0.017487762,3.8942753e-06,0.0006799592,7.8514336e-07,1.14263e-07
1.4052575e-05,7.074059e-05,0.0025067043,0.049251296,0.15571724,0.33917603,0.16599433,0.059924673,0.05729195,0.03958876,0.028888678,0.038403403,0.023146024,0.008598877,0.0052607735,0.006134247,0.015834613,9.058759e-06,0.001995508,0.0021930009,6.263668e-08
1.2837801e-05,4.5851153e-05,0.0012324018,0.030637527,0.09921899,0.3556509,0.21822238,0.12700412,0.06293167,0.02927953,0.014496548,0.017041057,0.00886009,0.0053786254,0.007062387,0.004232216,0.017847361,5.4546863e-06,0.0004478586,0.00039209132,3.3270545e-08
1.2512852e-05,1.1562381e-05,2.485072e-05,0.0013758691,0.0002543833,0.0016790029,0.025872728,0.08894895,0.19694722,0.16512202,0.17078215,0.17156807,0.034677736,0.007559769,0.008655403,0.05662411,0.065759785,0.00022928792,0.0038876925,6.690107e-08,6.8339095e-06
4.24147e-06,5.4693433e-06,1.3193661e-05,0.0016006553,0.00019351424,0.0024647538,0.041654564,0.1350325,0.24452522,0.20579632,0.104599304,0.13059273,0.022338096,0.0051987525,0.008324118,0.05112085,0.043131113,1.4854077e-05,0.0033893306,7.821149e-09,4.4357924e-07
1.754271e-06,1.4251543e-06,2.4115627e-07,9.723423e-06,2.279524e-06,8.222896e-05,0.00075318804,0.0018184788,0.0075011756,0.017043402,0.02240404,0.03133542,0.05231164,0.06345834,0.04440981,0.16494203,0.046108883,0.43818572,0.102285564,0.0038173478,0.0035273503
5.1156203e-06,0.00012061294,0.035391606,0.23638324,0.36563966,0.30332282,0.03050531,0.014455196,0.0077015324,0.0019079096,0.0018579632,0.0005982934,0.0015633581,1.7026021e-05,3.9431347e-06,0.00032292318,0.00019444575,2.8303464e-09,8.967633e-06,4.933602e-08,2.5905653e-11
2.2493014e-05,0.0005114233,0.09011819,0.34630433,0.34122065,0.17843539,0.020864397,0.011769496,0.0059878314,0.0012785521,0.0016251294,0.00041929827,0.0008868015,1.0815736e-05,1.1465075e-06,0.00040615912,0.00013032334,2.011455e-09,7.590281e-06,1.0603369e-08,4.4596934e-11
0.000121779565,0.0028727143,0.17734846,0.44748196,0.24612437,0.10432642,0.010860971,0.0061229044,0.0031912136,0.00040465544,0.0006960181,9.15166e-05,0.00015551042,1.28572e-06,9.825336e-08,0.00017122713,2.7018275e-05,1.3239798e-10,1.8772902e-06,2.505151e-10,9.744774e-12
8.237462e-07,1.7325655e-06,3.1502407e-06,0.00011047349,0.00018314834,0.0014706084,0.00600813,0.003208545,0.006910064,0.018889314,0.024478817,0.08180059,0.019370709,0.07345697,0.019096944,0.020861704,0.04415884,0.025903365,0.016622037,0.6374446,1.941667e-05
8.580761e-07,2.1331202e-06,2.0392878e-05,0.0010280454,0.0020838273,0.02245379,0.047582284,0.04227679,0.03465923,0.10644866,0.08272867,0.12945186,0.15817937,0.03830556,0.22486916,0.008349948,0.087432414,0.00090671325,0.011699219,0.0015195208,1.5835791e-06
8.989846e-06,5.9943795e-06,4.037275e-06,0.00014119023,3.53846e-05,0.0005741366,0.0074019157,0.030160988,0.06913181,0.06776845,0.061722104,0.112136446,0.21275547,0.08252867,0.12432194,0.059105627,0.09906977,0.020822665,0.05023529,4.392105e-05,0.0020252161
8.779319e-06,4.3213244e-05,0.0017030245,0.04171916,0.14911659,0.41316715,0.19168344,0.084012225,0.049064048,0.023320759,0.011485182,0.0120913945,0.0063414066,0.0023311917,0.0035912262,0.0022154327,0.007648484,1.0556781e-06,0.00031466575,0.00014156346,7.449266e-09
1.6874812e-06,1.8073633e-06,1.3646585e-06,8.653439e-05,7.127088e-05,0.0012316706,0.007792738,0.01403223,0.030281715,0.037648264,0.044973936,0.08688824,0.075446464,0.13997403,0.20249285,0.037146524,0.19237553,0.033288665,0.07560427,0.020444075,0.00021618544
2.5306854e-06,3.951028e-05,0.008498165,0.12023975,0.2593751,0.48577952,0.06319946,0.025228336,0.01596289,0.005846315,0.00487727,0.0026257974,0.006562306,0.00011825574,7.597837e-05,0.00069212844,0.0008217341,3.4385035e-08,5.351969e-05,1.2925501e-06,1.3860849e-10
1.2210543e-07,1.8792429e-07,2.9481916e-07,1.2446946e-05,1.0497575e-05,0.0005136193,0.002521013,0.0031162344,0.0026989244,0.014359491,0.012760201,0.06354985,0.04544172,0.061130404,0.019085674,0.052268133,0.033079483,0.6639585,0.0042139823,0.021241736,3.7571077e-05
2.1159116e-05,2.0532854e-05,2.8757686e-05,0.0013841601,0.0002214318,0.0020049487,0.02679173,0.09150954,0.19374931,0.18049543,0.124238245,0.15204169,0.05247159,0.015640406,0.020109098,0.062431887,0.0645469,0.00036484408,0.011903451,2.6536108e-07,2.4606034e-05
1.6250988e-05,1.7763788e-05,3.6435966e-05,0.0021141637,0.00039210927,0.004002835,0.04484448,0.13161273,0.21252163,0.17050606,0.09965952,0.12612239,0.041879393,0.0116274,0.017546676,0.06592182,0.06465791,0.00013629578,0.006377779,2.2717828e-07,6.143306e-06
6.1036735e-07,1.3826018e-06,9.400168e-06,0.00039619656,0.00068834814,0.0077472315,0.022356814,0.021500025,0.019556908,0.09314802,0.08345508,0.17508803,0.20089622,0.0606269,0.17944638,0.013357401,0.09784643,0.005029454,0.016098043,0.0027446572,6.37425e-06
0.0010319822,0.0042541735,0.07695859,0.2408946,0.2360055,0.13492645,0.08676317,0.064905934,0.046179913,0.021597112,0.024390008,0.015883017,0.00853797,0.0037715381,0.00024870035,0.02570479,0.0066780522,4.7870676e-06,0.0012517426,1.1187925e-05,7.3130184e-07
1.3122586e-05,1.0434457e-05,8.937559e-06,0.00040422645,7.118305e-05,0.0009833989,0.014422455,0.05482847,0.13420412,0.13096184,0.09591416,0.14140405,0.1289692,0.044811558,0.06938163,0.0629735,0.07893482,0.0028025396,0.038614184,3.1845946e-06,0.00028302945
5.386752e-06,8.242701e-06,6.0370345e-05,0.004964482,0.0015224705,0.012588983,0.09945593,0.23761661,0.2428096,0.11940349,0.079378985,0.0819338,0.011811061,0.0023521145,0.0031866792,0.054011557,0.048473254,9.822647e-06,0.00040711008,2.7852897e-08,7.2583795e-08
7.5714306e-05,0.0016678568,0.14709014,0.41361213,0.28108448,0.12687029,0.014064802,0.008596179,0.0043353303,0.0006760824,0.0010258865,0.00018776717,0.00033797766,3.8729013e-06,2.9853473e-07,0.00030926295,5.813007e-05,5.753745e-10,3.825664e-06,1.4761581e-09,2.8508203e-11
1.9254662e-06,1.2276517e-05,0.0008041445,0.028100705,0.080702156,0.5370668,0.16224176,0.07813404,0.040157657,0.02192008,0.01062778,0.010721057,0.015269039,0.0011052653,0.0073752766,0.0012662616,0.0041601122,7.090194e-07,0.00031462262,1.8349017e-05,2.1372575e-09
2.135444e-06,2.655542e-05,0.0038688355,0.06930157,0.18628606,0.3495075,0.11418534,0.06219017,0.041217558,0.055829544,0.049015,0.01943411,0.041231178,0.00049554755,0.00093312404,0.0016392918,0.0043988093,2.3208636e-07,0.00043602235,1.3848899e-06,8.684111e-10
0.3838745,0.54589957,0.06548425,0.0038359594,0.00040662396,0.00040423198,4.2920943e-05,2.5919831e-05,1.3751523e-05,9.936009e-07,8.68594e-06,1.3487653e-07,8.259482e-08,3.9299946e-09,2.0542746e-11,2.3036482e-06,2.6519864e-08,2.4990567e-13,3.2125964e-08,4.656111e-16,2.713442e-12
3.5423487e-05,8.6166176e-05,0.0007268771,0.03095595,0.0120205255,0.064853914,0.18500826,0.25625244,0.19696479,0.11103254,0.04384435,0.040185396,0.008173528,0.0015183156,0.003781072,0.026448993,0.01756876,1.7866497e-06,0.0005407761,7.484594e-08,5.3238523e-08
0.00014716342,0.0023064942,0.16025126,0.38411376,0.28303182,0.1252949,0.018631779,0.013479915,0.006780369,0.0013452494,0.0021409243,0.0005192827,0.00086779945,1.9301211e-05,1.153966e-06,0.00088928617,0.00016566049,6.2698047e-09,1.3819708e-05,9.491594e-09,3.68298e-10
4.9736547e-05,0.0013420137,0.123534046,0.42701998,0.2773277,0.14604981,0.01270352,0.006858432,0.0035678854,0.0004629349,0.00063139765,9.432157e-05,0.0001868188,1.256062e-06,1.6000881e-07,0.00013849187,2.9856888e-05,1.201376e-10,1.7098888e-06,5.2044047e-10,5.370424e-12
4.853048e-06,5.281335e-06,1.4833723e-05,0.0014225191,0.0002866349,0.0037724532,0.05000407,0.13437422,0.240625,0.15453856,0.09249328,0.12194608,0.03617561,0.0090940185,0.016435402,0.063797645,0.071819365,7.865417e-05,0.0031095904,1.6774013e-07,1.791907e-06
2.9061952e-05,0.00012137403,0.0029913075,0.045594532,0.082482345,0.14825045,0.1402126,0.061907835,0.07089532,0.072939515,0.06068962,0.10059463,0.06352005,0.045224167,0.0062633036,0.04387796,0.04365285,7.587487e-05,0.0077125765,0.002963721,8.8273686e-07
7.388863e-06,5.1766788e-06,8.548228e-06,0.00043816975,0.00015478708,0.0026828446,0.026634583,0.0893887,0.15052192,0.08116267,0.06317868,0.09918,0.111137934,0.04572577,0.05316382,0.074844174,0.1902126,0.0038004462,0.0076312344,2.7837768e-05,9.274599e-05
3.1401185e-05,6.658525e-05,0.000761527,0.025692334,0.022472702,0.121326834,0.22848053,0.2640108,0.15090168,0.0618361,0.02641874,0.029968161,0.009229885,0.0032986891,0.0075033465,0.02090002,0.026627963,7.4606405e-06,0.00046125185,3.8464564e-06,1.2021982e-07
1.0429838e-05,3.7390637e-05,0.0005949672,0.024776274,0.02988884,0.1997945,0.22069295,0.17957877,0.102937534,0.098685555,0.03694067,0.027257996,0.021781372,0.0032915436,0.03141419,0.0051245084,0.0155511545,2.8744403e-06,0.001632414,6.041498e-06,4.4238536e-08
8.478217e-06,4.8624286e-05,0.0024323508,0.057947744,0.17335986,0.43953827,0.17190874,0.07705366,0.039161164,0.016086439,0.0069333506,0.005733485,0.0029551417,0.00071272044,0.0013640187,0.0013795433,0.003251665,1.6545489e-07,0.00011285148,1.1684474e-05,1.6327826e-09
0.00010689558,0.00050971884,0.014620329,0.12361889,0.17947195,0.20910545,0.13646866,0.06713874,0.062475894,0.04300016,0.03692091,0.038823437,0.027126608,0.011255108,0.0014759849,0.0277445,0.017101604,1.3292652e-05,0.0027919493,0.00022956521,4.3341532e-07
1.2438471e-06,1.5458367e-05,0.0021607117,0.053078003,0.15974367,0.38979518,0.12414065,0.056918733,0.04299672,0.056920234,0.045323785,0.019666921,0.041085735,0.0005017133,0.0016662311,0.0012100906,0.004237815,1.8823965e-07,0.00053424423,2.6759826e-06,5.8038396e-10
2.8434282e-05,2.0085354e-05,1.6163216e-05,0.0005219215,9.4687704e-05,0.00093785406,0.0124941245,0.049380947,0.13290858,0.122930095,0.11218442,0.15386279,0.1300474,0.045768935,0.053626742,0.06894468,0.07523956,0.0055906647,0.03468668,3.4513062e-06,0.0007117586
1.2992858e-06,9.063736e-06,0.000818163,0.033410236,0.090167314,0.58464026,0.15299256,0.07676916,0.03067694,0.012765479,0.004647558,0.0038268473,0.004448357,0.00027389024,0.0023072779,0.0005996609,0.0015875453,5.9764346e-08,5.714261e-05,1.1849068e-06,2.1294012e-10
5.6494122e-05,0.00021037369,0.004824532,0.071407765,0.14318362,0.35432848,0.1829552,0.12994169,0.056048498,0.021010537,0.009269605,0.008313739,0.0040114447,0.0013346329,0.0023847115,0.0041504875,0.006350873,1.3843351e-06,0.00020127134,1.4590522e-05,2.8276329e-08
2.132003e-06,1.1212752e-06,6.1383236e-07,3.4944977e-05,1.2162711e-05,0.0003550356,0.0042239456,0.018672895,0.04125529,0.035788875,0.035525177,0.075326204,0.17132927,0.13431068,0.11789172,0.07524217,0.2056101,0.056734413,0.025832865,0.0005303082,0.0013200592
1.3570865e-05,7.0716824e-06,2.9849898e-06,8.7078835e-05,1.7361606e-05,0.00023344455,0.0035185884,0.016950661,0.05466894,0.056891374,0.06720027,0.10607617,0.22371611,0.104305185,0.1157931,0.07347806,0.0678839,0.049152337,0.04863977,2.7888504e-05,0.01133604
3.451622e-05,3.2668988e-05,3.0125715e-05,0.0010013528,0.00018324428,0.0017035874,0.020306814,0.06547996,0.14867085,0.1561902,0.10966666,0.1491411,0.09096425,0.035196237,0.050635815,0.064462796,0.067758314,0.0017286288,0.03659552,2.864855e-06,0.00021453234
0.014274922,0.11812603,0.38549188,0.32248124,0.093496434,0.044035103,0.009437231,0.0058071446,0.0032812415,0.00083943474,0.002137573,0.00014849036,0.00011369016,1.775213e-06,1.6601852e-07,0.00028105493,3.7279828e-05,6.7206246e-10,9.335525e-06,3.6043907e-11,4.5695384e-10
1.2699342e-06,8.798353e-06,0.00057696464,0.020609157,0.054173365,0.34084284,0.1559909,0.06830407,0.05005887,0.04971652,0.035816967,0.060752057,0.110749245,0.009357707,0.012367552,0.007346149,0.021002032,2.4053528e-05,0.0017503755,0.0005510454,1.901859e-08
5.1399773e-05,8.496608e-05,0.00046453413,0.010424877,0.007913387,0.053957056,0.13672239,0.19644774,0.119520836,0.12267634,0.058891,0.06883871,0.052044593,0.01650913,0.05846977,0.031892262,0.06064035,0.00021777903,0.0041939123,3.2433323e-05,6.57483e-06
2.2468066e-06,3.0247381e-06,6.1754995e-06,0.0001999953,0.00031509466,0.0035394477,0.012762879,0.010914688,0.015074839,0.033184856,0.037161846,0.105530456,0.043571137,0.14165674,0.03857877,0.048651636,0.12619616,0.05601339,0.01235864,0.3142291,4.8805818e-05
6.4146902e-06,6.502953e-05,0.0060296184,0.07313811,0.15546754,0.23687969,0.10813258,0.076378055,0.050702106,0.084280364,0.08399381,0.036843564,0.07080465,0.0013948099,0.0012893819,0.004707259,0.008808051,1.4186398e-06,0.0010750261,2.5134902e-06,8.867586e-09
5.0192484e-05,0.00032062546,0.01468732,0.13614969,0.28035975,0.34021717,0.1064198,0.044641197,0.03294459,0.013401907,0.01008264,0.0071773445,0.005595715,0.0009752806,0.00043115436,0.0029127924,0.003273378,5.931138e-07,0.00032344245,3.5424517e-05,1.6048366e-08
1.988141e-06,5.807139e-06,3.6406076e-05,0.0016126822,0.0046945275,0.02446547,0.044000234,0.017635087,0.026575219,0.04056055,0.04236363,0.12184191,0.03131994,0.06852534,0.051152483,0.009147075,0.063748725,0.0012491292,0.014706619,0.4363554,1.7681192e-06
3.0912163e-06,1.7688742e-05,0.00074396323,0.06824065,0.042645127,0.25122225,0.24822877,0.22307143,0.10945328,0.03631029,0.009007998,0.0054254597,0.00091398356,5.5367036e-05,0.00032131825,0.0024806322,0.0018425238,2.021108e-09,1.620199e-05,7.305407e-10,1.6917728e-11
9.943916e-06,8.706543e-06,1.6248276e-05,0.0006603923,0.00046485895,0.0072680353,0.039637096,0.08863753,0.10971495,0.06044088,0.047370005,0.0792664,0.08285664,0.072207384,0.09207673,0.05592607,0.24946465,0.0046002353,0.008677135,0.000627128,6.897003e-05
7.709694e-06,2.015711e-05,0.00017543776,0.004716789,0.01154996,0.04158092,0.06785563,0.031464804,0.04070079,0.060062557,0.056335583,0.15422033,0.058276605,0.11636645,0.040710747,0.025777616,0.09481601,0.0014517659,0.016741775,0.17716348,4.888303e-06
2.313642e-05,3.978769e-05,0.00011511763,0.007042226,0.0013798219,0.011867807,0.08798991,0.1742773,0.22428954,0.18473633,0.081106596,0.09836834,0.020392174,0.006054059,0.012828427,0.050598927,0.034907397,1.549997e-05,0.0039667063,9.54777e-08,7.7066255e-07
1.9595245e-05,0.0006058901,0.1029008,0.40748653,0.30815318,0.15501758,0.013481287,0.007130145,0.0034802104,0.0005119184,0.00067445886,0.00011616271,0.00024227433,1.5938928e-06,1.6911916e-07,0.00014287978,3.3758275e-05,1.1689873e-10,1.5583101e-06,6.036654e-10,3.0943531e-12
2.2411385e-05,2.5430423e-05,0.000108863045,0.0038033538,0.0020987536,0.019869434,0.10015676,0.20621602,0.18702479,0.089861624,0.054515284,0.07142351,0.039556775,0.015785573,0.020428529,0.07159492,0.115084454,0.00035104144,0.0020525618,1.418343e-05,5.7137504e-06
1.1411599e-06,1.4662212e-05,0.002880341,0.07123788,0.17729728,0.6148816,0.07725228,0.032173544,0.01484298,0.0039539607,0.0019176339,0.0009970138,0.0017858127,3.7912832e-05,0.00011760096,0.00021346245,0.0003824761,5.3006297e-09,1.2204058e-05,2.3486547e-07,1.9989422e-11
8.605912e-05,0.0003280479,0.006508966,0.06803436,0.11462172,0.17230414,0.1441968,0.074821696,0.074423,0.06401762,0.052086275,0.06919112,0.04638786,0.028943652,0.0054566115,0.03718122,0.03391816,6.1122075e-05,0.006214377,0.001215614,1.5439667e-06
1.2703292e-06,9.613033e-06,0.0008300804,0.028646883,0.084083155,0.47972628,0.15026595,0.066858575,0.04447578,0.03076565,0.020229697,0.024892109,0.047583938,0.002795679,0.006377623,0.0027334017,0.008904879,3.0916246e-06,0.0007062028,0.000110041794,3.928277e-09
1.9433417e-06,4.058283e-06,1.3084579e-05,0.0009334003,0.0007834958,0.012703792,0.047507394,0.05640382,0.05639405,0.101856686,0.057516202,0.07844448,0.07764869,0.034357388,0.38176933,0.009265231,0.052372884,0.00025928128,0.031601258,0.000159187,4.3637415e-06
2.9041335e-06,4.985503e-05,0.01076958,0.13876882,0.27676108,0.48621526,0.04811356,0.021441575,0.011065132,0.00254386,0.0017279963,0.0006449671,0.0014118332,1.804703e-05,2.1835078e-05,0.00020110409,0.00023322098,2.9700429e-09,9.2089895e-06,9.6785705e-08,2.0840201e-11
1.7919875e-06,2.5056388e-06,3.3896058e-06,0.00021363099,0.00014710364,0.0038661703,0.01564765,0.021666134,0.024328897,0.036083456,0.02377486,0.075761884,0.0719742,0.087665506,0.5000599,0.021899974,0.06355668,0.010824314,0.040433083,0.0020080567,8.079231e-05
1.0097729e-06,4.7926255e-06,0.00010779968,0.004010292,0.010807202,0.06247264,0.07638122,0.04431798,0.047228504,0.13828425,0.120505325,0.12866592,0.19792572,0.017685456,0.088334136,0.005960942,0.043143086,0.00011565086,0.013233817,0.0008139504,2.4690388e-07
1.5842716e-05,6.86127e-05,0.0020098705,0.07142872,0.06718802,0.2893833,0.21110089,0.20805947,0.087510295,0.03365059,0.0105165895,0.007658035,0.0023991882,0.0002263862,0.0008496708,0.0041913576,0.0036935497,7.330793e-08,4.949973e-05,4.6600466e-08,9.588604e-10
8.576778e-06,0.0001514352,0.030864775,0.21817128,0.3348856,0.3214742,0.044204224,0.020684807,0.012442838,0.0043139276,0.004461574,0.001920511,0.004680298,8.344984e-05,1.7531502e-05,0.0009798557,0.0006128612,2.8186971e-08,4.1871874e-05,4.0859337e-07,2.4656327e-10
2.3289788e-06,3.238892e-06,5.62669e-06,0.00039342523,0.00042920755,0.0065100915,0.029794147,0.036742225,0.05353672,0.05636366,0.046834547,0.08212989,0.05764214,0.100259624,0.34744686,0.01501949,0.12510392,0.0017342613,0.036286004,0.0037414304,2.118537e-05
1.1149705e-07,3.7032283e-08,1.20988215e-08,2.5710785e-06,2.4552017e-07,1.2541044e-05,0.0007962228,0.008618532,0.060812477,0.05010258,0.08020526,0.12825915,0.31640148,0.07287385,0.097405575,0.04622039,0.08963208,0.023703799,0.02368383,3.6081317e-07,0.0012689214
4.2431802e-06,2.6907016e-06,2.5616375e-06,0.00018425325,2.5829318e-05,0.00039621408,0.009255584,0.04883809,0.14644222,0.13870282,0.13543472,0.16282661,0.12546495,0.02816632,0.037191644,0.056636564,0.08928806,0.0020134686,0.019003708,3.199561e-07,0.00011904989
9.946904e-07,2.6170085e-06,3.202348e-05,0.0016128536,0.0032701835,0.032357786,0.062673494,0.06121183,0.043775145,0.12005544,0.08683924,0.11920107,0.16007835,0.0286823,0.1857151,0.008078955,0.07777111,0.00041208602,0.0077235843,0.0005049482,8.4636724e-07
6.9717935e-05,0.0016028268,0.14385425,0.41979688,0.27818975,0.1277534,0.013857991,0.008380262,0.004159417,0.0006382482,0.0009243849,0.00016253564,0.00029373306,2.9706043e-06,2.58105e-07,0.00026035975,4.9867987e-05,3.980335e-10,3.0968183e-06,9.872001e-10,1.9588138e-11
6.3042453e-06,7.300071e-06,1.3204662e-05,0.0011776051,0.0001786134,0.002473317,0.037886444,0.12018755,0.21537267,0.18831073,0.09691832,0.1311765,0.044194084,0.0120166475,0.021137549,0.05931313,0.06149005,8.116927e-05,0.008055257,1.0135627e-07,3.4101022e-06
0.0008709198,0.01684289,0.3184874,0.43803793,0.15181798,0.061883748,0.006241853,0.0032449604,0.0017938403,0.00016564391,0.00042185918,3.1073923e-05,4.5463064e-05,3.5039218e-07,1.4258929e-08,0.00010431062,8.834456e-06,2.4477835e-11,8.9745663e-07,1.266543e-11,5.5732714e-12
7.253567e-05,0.0018430785,0.15389761,0.43998894,0.26395836,0.11713219,0.011606624,0.006592364,0.0033080257,0.00043896478,0.00068356824,9.86806e-05,0.00017713939,1.3996972e-06,1.1542492e-07,0.00016926626,2.9329234e-05,1.3182033e-10,1.7594033e-06,3.114754e-10,7.2430755e-12
4.1391686e-06,2.60805e-06,1.4973158e-06,8.796719e-05,1.2923834e-05,0.00023850377,0.005293876,0.027185595,0.09309767,0.09749659,0.09632118,0.14401096,0.18971644,0.059042946,0.094241746,0.050158843,0.07444686,0.007913806,0.05985538,2.7192123e-06,0.0008677117
1.4950432e-06,1.3000016e-06,3.083174e-06,0.0004606613,6.0560837e-05,0.0008810991,0.022224393,0.092169456,0.2334746,0.17549103,0.13835672,0.16093843,0.03626416,0.0062542385,0.008890095,0.052238993,0.069647,6.8960115e-05,0.0025725998,1.0434405e-08,1.1358654e-06
2.667111e-06,2.0738823e-06,3.95954e-06,0.0004182106,7.75403e-05,0.0014342954,0.026218291,0.09527083,0.21053334,0.13985275,0.09580749,0.13305262,0.07319836,0.017379306,0.027998222,0.06598432,0.10682999,0.00037575117,0.0055509047,3.5406794e-07,8.770644e-06
6.5654285e-06,6.565522e-06,1.5908101e-05,0.0006723592,0.0005212145,0.011844617,0.04007332,0.07729973,0.053106375,0.053029187,0.033381004,0.07946273,0.09683693,0.06865675,0.31056356,0.033803154,0.12578902,0.0058043944,0.008653725,0.00041648594,5.639325e-05
4.99823e-05,0.0002459943,0.00688984,0.08242937,0.14079724,0.19918843,0.14268437,0.05781511,0.06811767,0.057194557,0.0505995,0.06566089,0.04489751,0.019931583,0.003168468,0.02932532,0.02445049,2.5254303e-05,0.0054656276,0.0010623204,4.532584e-07
0.00059471745,0.011813425,0.2883769,0.44565317,0.17186278,0.067736186,0.007090361,0.003853891,0.0020908937,0.00020332074,0.00048344632,4.08872e-05,6.1110695e-05,5.0615165e-07,2.2258146e-08,0.00012528223,1.1885892e-05,3.9894057e-11,1.1081335e-06,2.6102003e-11,7.482015e-12
4.1853305e-06,3.695535e-06,9.431843e-06,0.0008703816,0.00018715906,0.0029335825,0.041099235,0.12890919,0.23398711,0.13644862,0.08703374,0.11996894,0.04947398,0.012449591,0.018323075,0.069702215,0.09523257,0.00020240809,0.003156736,3.0052703e-07,3.8012627e-06
0.0006650157,0.0032388803,0.071555026,0.26668462,0.23589326,0.12980103,0.07897753,0.05009264,0.04345405,0.021034118,0.027832324,0.018719098,0.009649233,0.0038305747,0.00015998085,0.031329527,0.0056814053,3.0090903e-06,0.0013880369,1.0252027e-05,3.621701e-07
1.8169613e-06,2.3739412e-05,0.004015405,0.08491405,0.18373038,0.4810178,0.09990109,0.036673468,0.029701285,0.017572608,0.015116567,0.011921623,0.028447896,0.0007175771,0.00046727242,0.0022656722,0.003201085,3.2353404e-07,0.00029823353,1.2071555e-05,7.252107e-10
3.5732188e-05,7.01934e-05,0.00034677936,0.015309988,0.0051216697,0.033910427,0.14294201,0.21822079,0.19919007,0.15352759,0.06307979,0.065396644,0.016065806,0.0044122227,0.01183741,0.03830551,0.030319458,9.586165e-06,0.0018976029,2.9666984e-07,3.8333175e-07
6.151922e-05,0.0016619825,0.15153039,0.44352788,0.26662952,0.115457095,0.010749678,0.005901409,0.0030386804,0.00038711447,0.0006294667,8.768119e-05,0.00016001223,1.1621465e-06,9.0179924e-08,0.00014938027,2.541856e-05,9.344201e-11,1.5422686e-06,2.7044325e-10,4.907488e-12
1.2123813e-05,2.325295e-05,0.00013567276,0.0061570806,0.0062745824,0.0913058,0.13952047,0.15482031,0.08466072,0.06920103,0.029102022,0.048569016,0.04191205,0.02313087,0.2503202,0.012844468,0.03699695,0.00011909034,0.004791644,0.000100714555,1.9460228e-06
3.3840213e-06,2.94083e-05,0.0021310996,0.036351547,0.0830716,0.17753881,0.10768377,0.07268951,0.05503512,0.12069308,0.11553725,0.065704785,0.1312872,0.0033531266,0.0040179435,0.006590475,0.015892617,5.132669e-06,0.0023733971,1.0758223e-05,2.0527727e-08
8.470662e-06,0.00028015167,0.06521106,0.3530695,0.33577043,0.2157175,0.016257977,0.007825685,0.0039387937,0.0006068825,0.0006845641,0.00013412966,0.00032664163,2.0462826e-06,3.6010417e-07,0.00012214444,4.1941952e-05,1.5010035e-10,1.7663392e-06,1.9235378e-09,2.4895524e-12
5.9078e-05,0.00081808685,0.0940257,0.30872244,0.32456186,0.19218329,0.032432787,0.022335973,0.011088873,0.0032421458,0.003998125,0.0014349465,0.0028376877,7.9767735e-05,7.064432e-06,0.0016361783,0.0004998395,4.0559836e-08,3.610477e-05,9.899605e-08,1.1256783e-09
5.1199866e-05,7.809267e-05,0.00021299554,0.0059152762,0.003909323,0.0416364,0.096177086,0.12111093,0.09601946,0.081435025,0.038476244,0.06561235,0.054336924,0.03805995,0.26774254,0.028251428,0.047235914,0.0005855886,0.012977321,0.00014634321,2.9567032e-05
1.715344e-05,2.3398368e-05,6.685786e-05,0.0037678168,0.0013204544,0.020741368,0.0972064,0.17228039,0.17295183,0.112192586,0.046070535,0.0866296,0.048641335,0.021941654,0.10523793,0.053341124,0.05194526,0.00019193589,0.005420115,5.043708e-06,7.176803e-06
1.2469677e-06,3.5779226e-06,3.1919677e-05,0.0016654494,0.0033194828,0.05975657,0.08096107,0.05500573,0.040742736,0.060721904,0.04307515,0.13497631,0.11508014,0.058116216,0.24309722,0.013100416,0.06928206,0.0020267027,0.010173041,0.008861515,1.5699987e-06
1.2864875e-06,1.3940614e-05,0.0020981776,0.05543812,0.14985956,0.55173755,0.10949128,0.04517305,0.029008983,0.014703021,0.010122667,0.00839745,0.018518511,0.0005361314,0.00087490963,0.0012049222,0.0026370757,2.4963973e-07,0.00017333952,9.820033e-06,4.874787e-10
2.5391876e-07,2.404325e-07,8.478423e-08,4.4544604e-06,2.5751888e-06,0.00011723989,0.00082154165,0.0011336176,0.0043843724,0.011101148,0.017063795,0.034583785,0.025159895,0.053012118,0.011754217,0.09290032,0.042857535,0.60450274,0.017228357,0.08322976,0.00014200267
1.6154576e-05,6.2767074e-05,0.0017767408,0.062310293,0.075152524,0.29028562,0.23034537,0.19557777,0.08842426,0.025946261,0.009051674,0.008073604,0.0019718534,0.00038474088,0.0010925928,0.0046209716,0.004850745,1.307171e-07,5.5670895e-05,2.608267e-07,1.4691943e-09
5.2959626e-07,1.9608466e-07,1.3718602e-08,6.945205e-07,3.01677e-08,2.3749756e-06,6.6941815e-05,0.0002797853,0.002800409,0.008857431,0.008377536,0.013810326,0.04438712,0.07432712,0.072924,0.42541644,0.0041161506,0.12193497,0.05422756,4.3385307e-06,0.16846603
3.816853e-05,3.4632416e-05,5.814514e-05,0.0020924706,0.0004125584,0.0034033344,0.033676386,0.109307945,0.19497092,0.15127422,0.111207165,0.1412283,0.057609107,0.016989816,0.019043703,0.07659845,0.072832346,0.00067498675,0.0085053975,6.137814e-07,4.1308376e-05
9.826149e-07,1.3457929e-05,0.003109988,0.06929625,0.19243173,0.5956538,0.07696941,0.03188782,0.015808817,0.0050439984,0.0030158751,0.0017301018,0.0038486654,7.6217395e-05,0.00014055255,0.0003228194,0.0006258432,1.5707277e-08,2.2955868e-05,7.5375914e-07,3.956244e-11
3.3437198e-06,1.7282318e-05,0.00076504133,0.027846968,0.116472796,0.38623184,0.19413109,0.068944484,0.05727209,0.037243392,0.023270492,0.03374885,0.016488232,0.0071192873,0.0074386843,0.0033737668,0.016519688,4.060272e-06,0.0010107072,0.0020978781,1.0973837e-08
1.1847595e-05,9.376975e-06,7.35061e-06,0.00033418377,5.8450205e-05,0.0008353762,0.012628008,0.048909843,0.12402663,0.12520558,0.09463627,0.1412302,0.13773069,0.048676305,0.078426085,0.059930652,0.07712416,0.003375028,0.046474103,3.981389e-06,0.0003658723
2.4353847e-06,6.155304e-05,0.020255199,0.20072623,0.35369787,0.3688359,0.030657807,0.013389024,0.007545212,0.0016429328,0.001431136,0.00042530207,0.0010416097,7.992381e-06,4.2808947e-06,0.00014506235,0.00012516839,7.7617146e-10,5.25237e-06,2.5085306e-08,5.96966e-12
1.9447762e-06,1.2580296e-06,4.0413633e-07,1.5000695e-05,4.2593506e-06,0.0001545546,0.0014112602,0.0045240805,0.010044585,0.025275826,0.02676307,0.053564526,0.11462017,0.07213808,0.06471732,0.15559654,0.07423486,0.36180323,0.029843405,0.00092364626,0.0043619806
4.6205793e-07,3.2244739e-06,0.00020624317,0.008653951,0.028206421,0.14233954,0.114067465,0.062538385,0.05288058,0.13121769,0.1055216,0.09655726,0.19020236,0.0070033725,0.025258949,0.0043479726,0.027729139,1.5949468e-05,0.0031261053,0.00012331107,1.5900374e-08
1.3680148e-05,6.113926e-05,0.0021480864,0.06716055,0.10436865,0.36748186,0.20549208,0.15542322,0.06137947,0.017314807,0.0057737553,0.0049778833,0.0014747616,0.00029967274,0.0008219153,0.0026567073,0.003113384,7.456851e-08,3.7896873e-05,3.6317417e-07,7.816501e-10
3.2286778e-05,6.2998326e-05,0.00030113582,0.0144672105,0.00412889,0.027306058,0.13243008,0.21717747,0.21468532,0.15504438,0.06681865,0.068982296,0.013770077,0.0035960092,0.008128434,0.042135462,0.029301377,7.2545868e-06,0.0016241618,1.2015107e-07,2.715655e-07
9.806147e-06,4.7856043e-05,0.0016477522,0.038763985,0.1221118,0.2919264,0.17095825,0.057892013,0.062178515,0.050562248,0.038863566,0.062063895,0.034498602,0.016534735,0.0075642993,0.009326876,0.025247319,1.9984538e-05,0.0031933312,0.0065886513,9.353084e-08
1.6678414e-06,8.414409e-07,3.4451054e-07,2.6361791e-05,3.2468618e-06,7.539441e-05,0.0023226882,0.015891729,0.07484843,0.075869575,0.09102114,0.1426451,0.22709452,0.07358159,0.10763626,0.045253217,0.06318909,0.014549438,0.064070374,1.3749047e-06,0.00191764
6.419319e-05,0.0015359093,0.15188026,0.42493582,0.27643666,0.11875955,0.012655166,0.0077733607,0.0037959851,0.00056076044,0.0008774145,0.00014953289,0.00026472838,2.686153e-06,1.7399972e-07,0.00026185965,4.338296e-05,2.91247e-10,2.5790685e-06,6.2410804e-10,1.4015818e-11
3.736196e-05,0.001045277,0.12243935,0.42242518,0.28887707,0.14036919,0.012704656,0.0069002924,0.0035045384,0.00048947457,0.0006879053,0.00011082204,0.00021711212,1.550614e-06,1.61705e-07,0.0001548489,3.3399243e-05,1.3999213e-10,1.8451193e-06,5.9734495e-10,5.3008964e-12
2.141062e-05,6.984838e-05,0.0010905169,0.022872254,0.07031233,0.19690241,0.16066486,0.07072693,0.068727,0.06284229,0.048285544,0.08887356,0.04180362,0.040004175,0.024371373,0.014385688,0.05288782,0.00015457794,0.00666013,0.02834268,9.4256603e-07
4.3215972e-05,7.035296e-05,0.0002478182,0.008731923,0.0034379517,0.027310826,0.114594616,0.18472786,0.17130911,0.15209809,0.06745911,0.08158272,0.03791483,0.012507868,0.03986186,0.043760847,0.048783436,8.1583945e-05,0.0054678665,4.0401887e-06,4.0884174e-06
0.049591135,0.35178697,0.40576017,0.14620377,0.026838984,0.01609896,0.0018723835,0.00094546826,0.0005445248,5.1007573e-05,0.00021408121,8.386016e-06,8.617794e-06,1.7569589e-07,3.2335579e-09,7.2133895e-05,2.34548e-06,1.9651593e-11,8.278374e-07,8.7176094e-13,3.3434353e-11
1.6982076e-05,0.00036821462,0.069945894,0.3081431,0.3539372,0.21538489,0.025151521,0.013827947,0.0071234195,0.0016983647,0.0019254971,0.0005533949,0.0012690659,1.6231414e-05,2.4519188e-06,0.00044338856,0.00018187573,3.7189911e-09,1.058467e-05,2.8116588e-08,6.7177694e-11
3.0382566e-06,2.3444334e-06,6.257999e-07,2.1027083e-05,5.273763e-06,0.0001547076,0.0014834928,0.0043286304,0.011435319,0.027803905,0.032462228,0.051922143,0.11047896,0.07514453,0.083878025,0.14147215,0.066741705,0.28960454,0.095463194,0.00104588,0.006548257
1.4373617e-05,1.44649375e-05,2.9574283e-05,0.0016150785,0.00034600202,0.0041306093,0.04327675,0.12972024,0.19815211,0.15124744,0.08862529,0.12209916,0.06039377,0.016146963,0.02663938,0.07130451,0.078823425,0.0003056088,0.0071013304,6.736647e-07,1.3308733e-05
1.4283187e-06,8.9260936e-07,7.848961e-08,2.9043433e-06,2.3201828e-07,1.1607793e-05,0.00018055993,0.00053635,0.003595776,0.012573451,0.014500802,0.018528212,0.045332927,0.06298614,0.053824916,0.35792255,0.008834075,0.23790124,0.13581939,8.375596e-05,0.047362685
6.0907705e-06,5.904289e-06,1.1967725e-05,0.00035684332,0.0005283969,0.005381924,0.01863183,0.025262993,0.027287507,0.042591695,0.04515844,0.10130762,0.06773814,0.1713484,0.07886754,0.05730933,0.23943478,0.037402846,0.012692831,0.06856705,0.00010787756
1.0539862e-05,2.2364016e-05,0.00026657616,0.009402482,0.023263605,0.17458358,0.20737928,0.19243923,0.09554112,0.049554013,0.027144479,0.03861076,0.020715363,0.024488987,0.035148744,0.013521653,0.08495624,8.6048094e-05,0.0012950585,0.0015695845,3.706385e-07
4.688211e-06,1.05334575e-05,0.00014260599,0.007633368,0.018644098,0.16073982,0.22048894,0.19322546,0.099282734,0.059207764,0.02936216,0.039136223,0.019254986,0.019788241,0.050587717,0.009384981,0.07128589,2.9771269e-05,0.0012504533,0.0005394627,1.2730094e-07
1.884114e-05,6.556335e-05,0.0015396063,0.04353816,0.05809569,0.27219748,0.2171571,0.20517497,0.08512786,0.05355438,0.019007385,0.014523938,0.008850065,0.0011298801,0.005744444,0.004906059,0.009086933,1.1055076e-06,0.00027905815,1.4605037e-06,1.5382698e-08
2.2550767e-05,2.5591484e-05,0.00010228285,0.0026170826,0.0036837333,0.03548081,0.089282475,0.14893174,0.092779614,0.05899274,0.04336391,0.06263123,0.050828658,0.063784406,0.06556536,0.044995826,0.22932601,0.002013248,0.003812782,0.0017424851,1.7388098e-05
0.00022905039,0.004286174,0.18086815,0.4281317,0.24246822,0.11532842,0.013786574,0.008283177,0.004353759,0.00060625817,0.0009532446,0.0001433492,0.0002386192,2.747074e-06,2.728962e-07,0.00026806208,4.8399208e-05,5.5442156e-10,3.8079309e-06,9.127104e-10,4.8767913e-11
8.49051e-05,0.00014128559,0.0009923591,0.020216132,0.015234548,0.07644676,0.17711867,0.25577006,0.15754575,0.07069202,0.040103026,0.0484245,0.0182563,0.0075886557,0.009407298,0.048086707,0.052793346,8.6503074e-05,0.0009949475,1.4452316e-05,1.8071572e-06
3.0015217e-06,1.5428108e-05,0.00056747766,0.015365962,0.033906307,0.23255816,0.145648,0.0758344,0.05122166,0.059489693,0.0426065,0.08822688,0.15100898,0.022962112,0.022064544,0.01613215,0.037611473,0.00018208337,0.0031258832,0.0014691849,1.7463454e-07
5.443334e-06,2.0086773e-05,0.000552577,0.018343272,0.038830645,0.23327836,0.19780657,0.1721751,0.080333866,0.08792461,0.040636774,0.03277447,0.040482223,0.004170436,0.025063535,0.004557498,0.021933656,8.736233e-06,0.001075907,2.6189697e-05,4.5676487e-08
0.026031246,0.16243072,0.4528749,0.24010569,0.0675229,0.035383068,0.0063916477,0.0047303964,0.002292922,0.00034362797,0.0010495263,9.112309e-05,8.9307796e-05,4.5814168e-06,1.0178568e-07,0.00062139524,2.853232e-05,1.7174768e-09,8.384824e-06,9.9359694e-11,1.512901e-09
3.9733706e-05,3.165271e-05,2.2829554e-05,0.0005523298,0.00012430237,0.0012442934,0.012795637,0.042556923,0.099658474,0.100110434,0.083846845,0.13059956,0.15171173,0.066731736,0.09470505,0.06645535,0.073055714,0.0102981115,0.063665204,2.6303433e-05,0.0017677961
7.5818616e-06,8.104772e-06,1.0543795e-05,0.00033318336,0.00022787263,0.003278016,0.017325765,0.03600069,0.040577397,0.06121932,0.04982182,0.10972581,0.13641468,0.094995014,0.18857448,0.043425996,0.1615213,0.020826915,0.0339294,0.0014088833,0.00036719214
1.1846697e-06,3.4872621e-06,5.846292e-05,0.0050845314,0.017176475,0.14162558,0.19254278,0.10524281,0.0831235,0.076985255,0.044282436,0.081602894,0.02849237,0.03527055,0.10590053,0.0059385747,0.06876202,2.8247538e-05,0.0036658673,0.0042123785,6.3365675e-08
4.6757605e-06,2.6405565e-05,0.0011103527,0.021411177,0.030958578,0.1340511,0.10438049,0.05758417,0.045086835,0.068139955,0.055196393,0.11376549,0.22733064,0.036859002,0.007936065,0.047790926,0.04326617,0.0002736043,0.004126886,0.000700753,3.9887377e-07
1.7784124e-06,3.3807419e-06,2.5313248e-06,0.00012604275,7.985497e-05,0.0012020129,0.007342193,0.009495991,0.018204464,0.048171617,0.04729326,0.06558369,0.071922734,0.05362002,0.3456707,0.012417101,0.046165317,0.0056220316,0.26584977,0.0010881233,0.00013729637
9.05317e-06,1.118683e-05,1.4917971e-05,0.0008366273,0.00022722941,0.0035354767,0.034084477,0.08317552,0.12924474,0.14037667,0.07529349,0.11125818,0.099939995,0.038285058,0.13426282,0.041105896,0.07201685,0.0006499186,0.035619427,9.882111e-06,4.260362e-05
0.09993351,0.42205536,0.33866808,0.100059204,0.021091843,0.012945175,0.0021889617,0.0014812343,0.0007571616,0.00010125826,0.00041180197,2.4038174e-05,1.974607e-05,1.3138529e-06,1.9567073e-08,0.00025099644,6.8691447e-06,4.0894185e-10,3.3964934e-06,8.3514315e-12,8.791083e-10
0.00016062133,0.0029909476,0.17945054,0.41455737,0.25758696,0.11384593,0.014304697,0.0094926935,0.0046444586,0.0007290669,0.0011730035,0.00021148985,0.00034941136,5.195458e-06,3.3543486e-07,0.00042506284,6.7272995e-05,1.0164105e-09,4.9649875e-06,1.377503e-09,7.0951446e-11
2.6543717e-06,2.2223435e-06,1.3868e-06,0.00012162467,1.5123787e-05,0.00036344037,0.008483797,0.038610395,0.120851636,0.13121139,0.086938314,0.15017347,0.1382617,0.04913028,0.097054645,0.048902687,0.06229305,0.0017273085,0.06569111,9.73726e-07,0.00016280379
6.5016e-07,4.5011052e-07,4.212209e-07,7.536898e-05,7.732931e-06,0.00022333434,0.008377998,0.044292852,0.17206682,0.15034719,0.11497755,0.17212945,0.11204878,0.025913132,0.047949333,0.049947727,0.08370878,0.00065887277,0.017249584,9.4531664e-08,2.379669e-05
8.279388e-06,2.8115319e-05,0.0004131459,0.012099101,0.037284616,0.11897177,0.12269122,0.048749864,0.061028887,0.07251289,0.06315792,0.13881084,0.05798289,0.061760355,0.036515146,0.015300824,0.06716685,0.00026506247,0.012071695,0.07317954,9.790159e-07
2.5295474e-06,1.7972527e-05,0.0011973941,0.030692,0.062730506,0.30363128,0.14396363,0.06499608,0.047004446,0.04953673,0.038520027,0.06379281,0.13571332,0.011737014,0.006506894,0.014381897,0.02335168,4.2583528e-05,0.0017338458,0.0004473268,4.0990837e-08
2.0733742e-05,2.9447492e-05,0.00010790204,0.0023303619,0.0024682963,0.020489074,0.05450066,0.08501064,0.056799054,0.099147454,0.070138805,0.09997603,0.12196692,0.047698475,0.18798934,0.025682805,0.10985497,0.0027955035,0.01245831,0.00048783768,4.7419107e-05
2.1036903e-05,7.52422e-05,0.0016964156,0.030534457,0.075693786,0.17470822,0.15480654,0.07146462,0.0703996,0.06944555,0.051947918,0.09328797,0.055163063,0.046116512,0.012158713,0.026565801,0.051964898,0.000107638654,0.006136685,0.0077045145,8.2049445e-07
1.4183972e-06,1.6533515e-05,0.0026880512,0.062083315,0.17129216,0.5803736,0.09251225,0.037942033,0.02219705,0.009086543,0.005918997,0.0041536703,0.008943895,0.0002337748,0.00044538162,0.00065191666,0.0013697514,8.4541625e-08,8.5578125e-05,3.9910274e-06,2.1861014e-10
3.0191646e-05,2.5917248e-05,2.1310754e-05,0.0007250664,0.000121955156,0.0011711625,0.0154046025,0.05515202,0.14236751,0.14936927,0.117706396,0.15781133,0.10100985,0.036796167,0.051137116,0.062287983,0.065889515,0.0024393848,0.040204484,2.2510371e-06,0.0003264858
1.8759305e-06,1.1495506e-06,2.5756717e-07,1.2958952e-05,1.4556425e-06,4.494944e-05,0.0011819105,0.0061570383,0.027733581,0.039772134,0.041090343,0.07593325,0.17715086,0.10844448,0.19587003,0.06458712,0.034672175,0.042761445,0.17036876,1.29386135e-05,0.0142013095
0.0006265225,0.0032579163,0.0819423,0.28733456,0.24949864,0.12691787,0.0718393,0.04666799,0.03830125,0.016899558,0.02282767,0.0139396675,0.007143689,0.0024966507,9.1137066e-05,0.025199883,0.0041207396,1.4582854e-06,0.00088874076,4.264965e-06,1.8485959e-07
1.5392521e-05,2.642874e-05,0.00024610403,0.010219002,0.0110572325,0.09279476,0.21366155,0.2556717,0.15227817,0.06737536,0.029818881,0.037055008,0.01624079,0.009824686,0.023263805,0.022669522,0.05678935,2.8596725e-05,0.00093241135,3.0907493e-05,3.1506028e-07
2.4907886e-05,8.188319e-05,0.0013344504,0.044616632,0.04225901,0.20779999,0.22892976,0.20757689,0.11055623,0.07495379,0.026880372,0.019077597,0.008776557,0.0013258108,0.008116856,0.0066643767,0.010522912,9.17237e-07,0.00050017756,8.241198e-07,2.0177492e-08
3.8413204e-06,3.939622e-06,1.2614847e-05,0.0010044891,0.00050124497,0.009582056,0.07291226,0.15369596,0.18562497,0.09386802,0.051056948,0.079937235,0.05376295,0.029693358,0.0663064,0.047559008,0.15009257,0.0003231678,0.004033238,2.1328575e-05,4.423716e-06
1.9641816e-07,7.092037e-08,5.754718e-09,5.453371e-07,2.1132715e-08,1.8927643e-06,0.00010926486,0.00069127296,0.006718369,0.015676612,0.016196907,0.029518235,0.10754485,0.12490712,0.17997772,0.2071389,0.008711851,0.07570605,0.096537896,9.614491e-07,0.13056126
3.0566327e-05,0.00073493144,0.09749353,0.37409496,0.31621554,0.17452213,0.018320752,0.010245791,0.005145287,0.00092812296,0.0011439567,0.00024726623,0.0005165026,5.175555e-06,7.118483e-07,0.00027014426,8.0109865e-05,8.4392343e-10,4.548863e-06,4.4755617e-09,2.3918905e-11
3.3496474e-06,3.9324373e-06,5.1408038e-06,0.000185985,0.0002572506,0.0029048189,0.012171268,0.013127794,0.024096945,0.03851284,0.04919299,0.106613256,0.056119297,0.13753988,0.085344784,0.040270336,0.17629741,0.04810777,0.029189507,0.17994751,0.00010799908
7.024331e-06,7.69055e-06,2.2322276e-05,0.0016913106,0.00041807935,0.004976463,0.0562122,0.14153397,0.22792935,0.14391032,0.08674549,0.1140082,0.039143566,0.01121285,0.019840268,0.0670063,0.081803866,0.00012191554,0.003405439,5.028115e-07,2.880284e-06
3.4523586e-05,0.000103936574,0.0018035213,0.03484349,0.08952629,0.25463068,0.2109198,0.14343382,0.08164507,0.04933915,0.027273322,0.029836299,0.015862755,0.00987882,0.014607409,0.0082846545,0.02633748,1.4996628e-05,0.0012951582,0.000328573,2.2271638e-07
3.0967614e-05,0.00015776903,0.006414272,0.082702376,0.22108957,0.3646891,0.1426859,0.060648836,0.04361394,0.021875536,0.01456054,0.014144092,0.010031985,0.0030154127,0.0015304148,0.0043938854,0.007595075,2.4326323e-06,0.0006046763,0.00021310167,3.5608224e-08
1.3997448e-05,2.7474314e-05,0.00014205232,0.009903636,0.002506948,0.020396803,0.12452734,0.22503552,0.22555488,0.16163835,0.066803284,0.07008681,0.012262726,0.0029740408,0.0069751437,0.04060947,0.029314924,3.8595135e-06,0.001222522,3.967036e-08,1.0428709e-07
9.70344e-07,7.671791e-06,0.0005089294,0.017307991,0.057621576,0.24069686,0.1418137,0.06923432,0.060744394,0.11232965,0.08498102,0.059785746,0.11162623,0.003560661,0.018121371,0.0027696167,0.015993861,4.195752e-06,0.002829069,6.21608e-05,9.008523e-09
0.0007214429,0.0031206266,0.061309636,0.23884064,0.20388186,0.11863439,0.08592596,0.061379626,0.051879812,0.028250726,0.036319546,0.02707839,0.012918851,0.0069334107,0.000236952,0.05226479,0.008329433,5.787003e-06,0.0019551432,1.2293851e-05,7.122083e-07
1.9020872e-06,6.3864363e-06,0.00012280476,0.00300516,0.005401363,0.028112989,0.047360215,0.050117034,0.035481192,0.13759623,0.111728474,0.14629349,0.26475185,0.03335533,0.046132278,0.01952282,0.0621631,0.0004899708,0.008181726,0.00017426218,1.3911894e-06
0.2095712,0.6093885,0.15297693,0.021678913,0.0031718302,0.0024527318,0.00034381571,0.00019498178,0.00011142652,1.1021972e-05,6.6783105e-05,1.9865593e-06,1.4670755e-06,7.8276e-08,7.824682e-10,2.7536107e-05,4.9316134e-07,1.2451078e-11,4.0189516e-07,9.6545635e-14,6.801583e-11
1.9714566e-06,1.0384088e-05,0.00031610264,0.010282268,0.029519338,0.14810935,0.12764472,0.0728876,0.06398712,0.12891106,0.09735779,0.08306995,0.13232423,0.009243542,0.05520817,0.004528892,0.02955878,2.9881725e-05,0.0067145326,0.00029422616,9.159398e-08
1.9759857e-05,1.6882765e-05,5.5036093e-05,0.0012181591,0.0014607904,0.018637486,0.046012003,0.10549801,0.05390076,0.044151455,0.034817845,0.06226434,0.07191741,0.10703418,0.05095849,0.08891488,0.29589713,0.010893942,0.0038113703,0.0024587014,6.139931e-05
2.0526097e-06,1.5005588e-06,1.8842057e-06,0.00020202243,3.349838e-05,0.0007335678,0.016079139,0.06408819,0.17321779,0.13001755,0.09538946,0.14124398,0.10908239,0.029614935,0.055308416,0.059682198,0.11073128,0.00095516787,0.013580048,8.8777404e-07,3.4050117e-05
2.8820246e-05,0.00056548865,0.08110119,0.31987002,0.33853075,0.20595662,0.025440184,0.014775008,0.0074888594,0.0017180388,0.0019683582,0.0005651352,0.0012418234,1.8750437e-05,2.8910688e-06,0.0005156326,0.00020026576,5.7633147e-09,1.2179704e-05,3.4229995e-08,1.2957654e-10
3.0390866e-05,6.351245e-05,0.00026349284,0.009561516,0.005606944,0.043800853,0.12743673,0.14893316,0.1317785,0.15474339,0.070013344,0.07248046,0.0468323,0.015489539,0.10053826,0.019858796,0.0420382,6.824994e-05,0.010440622,1.8834737e-05,2.9567586e-06
7.679672e-06,2.1200312e-05,0.0003182691,0.012597573,0.039769035,0.2092397,0.21160685,0.124637775,0.08410111,0.061446458,0.035199467,0.054404758,0.023124637,0.024896039,0.052319843,0.00730869,0.052732505,3.8423637e-05,0.0027591258,0.0034706544,1.9630657e-07
3.8650373e-07,6.4974336e-07,1.8641102e-06,9.8336706e-05,0.00012525207,0.005283619,0.019114068,0.020341322,0.013731438,0.04181361,0.033984873,0.15214263,0.1149907,0.10225822,0.13516544,0.038214147,0.11031398,0.17524989,0.0075153825,0.029635524,1.8690582e-05
9.46525e-06,2.2852635e-05,0.0002573436,0.018467491,0.006321854,0.033637226,0.16140205,0.26111126,0.22916615,0.10950241,0.05979351,0.056117374,0.0052894456,0.0008834902,0.0015644227,0.035150707,0.021107405,9.697749e-07,0.00019454531,8.958258e-09,9.849556e-09
2.6694275e-05,3.8674392e-05,0.0002581133,0.005299358,0.009874136,0.0560644,0.098795645,0.1244314,0.068059444,0.06406202,0.04409833,0.08256639,0.052844994,0.102219306,0.052140318,0.05044867,0.17794521,0.0015447156,0.0049453164,0.004324671,1.2222939e-05
0.00012420795,0.0008875751,0.04142418,0.24636237,0.27791336,0.19429123,0.08799353,0.03911789,0.035602894,0.017182095,0.01865347,0.012865498,0.008786328,0.0017995144,0.00013158693,0.012148971,0.0039891377,7.822883e-07,0.0007134554,1.1862928e-05,3.7429878e-08
0.00010593555,0.0025303103,0.17562489,0.4434147,0.2504235,0.10593692,0.010917442,0.0063031013,0.003172894,0.00040506592,0.0006900271,9.4488816e-05,0.00016276262,1.4316097e-06,9.590685e-08,0.00018659224,2.8081611e-05,1.3998501e-10,1.8174104e-06,2.5376842e-10,9.339354e-12
1.3203144e-06,6.725244e-06,0.00021060501,0.006739609,0.014287118,0.13785313,0.121826865,0.05976468,0.038909018,0.065931275,0.04761402,0.14082809,0.2029429,0.046371907,0.024205785,0.027956309,0.056033637,0.00081793196,0.003569716,0.004129061,2.8493793e-07
8.977107e-06,0.00021542284,0.051517427,0.2796825,0.3712656,0.24657299,0.025388302,0.012743665,0.0070004934,0.0016312777,0.0017847662,0.00050743204,0.0012047954,1.20691475e-05,2.5391532e-06,0.000299084,0.00015405775,2.0136903e-09,8.675143e-06,2.6399087e-08,2.8198607e-11
0.00013210307,0.000119950964,0.00015672548,0.0018430909,0.0016330873,0.008808241,0.028988702,0.05225283,0.05784278,0.05887585,0.061088834,0.089827806,0.0904812,0.11233785,0.10803644,0.069151536,0.19912806,0.025286166,0.025530854,0.007248015,0.0012298955
6.605528e-06,9.091259e-06,4.014849e-05,0.0020756212,0.003113404,0.03995023,0.10527841,0.12802047,0.10223576,0.06967774,0.043423343,0.06676418,0.042636458,0.061353814,0.14821908,0.021081746,0.15824412,0.00048116868,0.0058190986,0.0015659438,3.5898706e-06
1.1572074e-05,1.343173e-05,3.132061e-05,0.0021546104,0.00038725717,0.004138507,0.047985896,0.14008465,0.21866421,0.17379119,0.10071983,0.12398977,0.036327247,0.009108537,0.014725922,0.0626561,0.060285404,7.691505e-05,0.004844627,1.1997885e-07,2.8894476e-06
6.908829e-05,0.00046084297,0.021383839,0.1810383,0.23281807,0.21645623,0.11573194,0.046311766,0.047904342,0.029253816,0.029484505,0.02650187,0.018330177,0.004673785,0.0003908997,0.019372338,0.008238183,2.4386545e-06,0.0015207921,5.6723e-05,6.880152e-08
3.2284737e-05,0.00012702929,0.0032557321,0.055461496,0.14795028,0.3606882,0.19250715,0.10932443,0.055520352,0.025278486,0.012340501,0.011759895,0.0062252213,0.0025697916,0.003973625,0.0036596905,0.008874004,2.2627487e-06,0.0003704301,7.907027e-05,3.3834386e-08
0.00048516525,0.0008761755,0.004988076,0.04086363,0.056203347,0.13767613,0.16438915,0.18111813,0.101135746,0.06576338,0.04298158,0.044330966,0.025599923,0.02039069,0.023235645,0.03321485,0.0519951,0.0002924187,0.0039974656,0.00044573005,1.672585e-05
7.9870315e-06,1.0205792e-05,5.3341384e-05,0.0027439604,0.0029216409,0.037343327,0.12813188,0.18612002,0.14340487,0.07941653,0.044116706,0.059742082,0.03663516,0.032232966,0.07513917,0.028847128,0.13995838,0.00022036576,0.0027801127,0.00017196279,2.0986258e-06
3.144052e-07,3.1065058e-06,0.00050308916,0.025464058,0.09121119,0.6172263,0.13567983,0.053497158,0.029275086,0.01459932,0.0075965906,0.00699346,0.012292861,0.00044307287,0.002266579,0.00055026106,0.002277213,1.0182586e-07,0.00011298879,7.399354e-06,1.09705856e-10
9.45051e-06,2.1947104e-05,0.00023763622,0.010748374,0.024058502,0.16773355,0.22063978,0.16701935,0.097394735,0.06631099,0.03208691,0.04160752,0.019114029,0.020132385,0.06803301,0.008504187,0.053474892,2.733193e-05,0.0022738501,0.00057141116,2.2980589e-07
4.3731543e-05,9.0132424e-05,0.0010240837,0.026896078,0.028510334,0.13097012,0.2214703,0.25476635,0.13445723,0.06266842,0.029221358,0.03106515,0.01135695,0.004582065,0.009978945,0.020640226,0.031598628,1.36321605e-05,0.000635821,1.0227928e-05,2.4367023e-07
1.0440584e-05,7.085437e-06,3.6781519e-06,0.00010880164,3.1714833e-05,0.0005377759,0.0058678077,0.022541935,0.04671644,0.0518254,0.047573246,0.09492382,0.201999,0.10450215,0.14487468,0.063474394,0.104369216,0.047129292,0.059110947,0.00018403656,0.0042081657
2.6786379e-06,4.313114e-06,5.6861045e-06,0.00028299383,0.0004076005,0.0038850745,0.015481557,0.013240041,0.026035337,0.0424574,0.05181156,0.113610215,0.04565543,0.12960489,0.18415307,0.020023922,0.11800693,0.013344151,0.07601178,0.14591758,5.7742134e-05
2.5790796e-06,2.499457e-05,0.0031268818,0.067161195,0.12873524,0.41312414,0.12665771,0.056811806,0.03796866,0.029425249,0.02343924,0.02574189,0.066615485,0.0029414087,0.0012508642,0.0073701222,0.009028752,3.6541423e-06,0.00052819046,4.195874e-05,5.3569296e-09
2.8886163e-06,1.683903e-06,3.0928726e-07,1.3709352e-05,1.5137873e-06,5.961253e-05,0.001007614,0.0037057495,0.013210845,0.02357426,0.020063095,0.04361325,0.10854011,0.118790634,0.2339975,0.16970673,0.02935644,0.10682324,0.09821796,6.0950184e-05,0.02925185
3.257024e-05,0.000111779096,0.00270825,0.052686628,0.11696229,0.34888026,0.20413399,0.14741135,0.06106243,0.023296775,0.01015054,0.009814822,0.0044698915,0.0018269875,0.0032867887,0.0043424335,0.008592834,1.6600976e-06,0.00020494917,2.2808621e-05,2.2727423e-08
5.89177e-07,2.6714642e-07,4.1595527e-08,3.180195e-06,2.2690568e-07,1.0975112e-05,0.00046881387,0.0031880469,0.02027117,0.031651672,0.03543143,0.061172694,0.18839979,0.13052098,0.20417066,0.097732194,0.025191084,0.058628835,0.11034667,2.883847e-06,0.032807782
3.695069e-05,8.173644e-05,0.00088533433,0.021408457,0.040243987,0.19488028,0.2244244,0.20584832,0.09752388,0.05370604,0.025548056,0.028625721,0.014895595,0.011893397,0.025956513,0.01211081,0.040437758,3.1496555e-05,0.0012460783,0.00021476949,4.4289217e-07
2.0804503e-06,2.5508023e-05,0.004045593,0.07741162,0.19962275,0.5629994,0.0812321,0.032947507,0.019294417,0.0071955654,0.0047317515,0.0028457616,0.00577444,0.00013561007,0.00026353588,0.00049926975,0.0009075835,4.154261e-08,6.350051e-05,1.8962633e-06,1.674567e-10
5.7411916e-07,2.804358e-06,4.6021083e-05,0.001867758,0.0036322395,0.04571181,0.06809598,0.030467397,0.027935412,0.07053693,0.058397625,0.22843574,0.21587436,0.07613255,0.041687902,0.031045698,0.06804886,0.0034554037,0.008990158,0.01963394,7.864705e-07
0.0011798278,0.01986367,0.32221714,0.42421564,0.15306216,0.06507107,0.0072390344,0.003925707,0.0021853864,0.00022046437,0.00054497144,4.5010467e-05,6.4442735e-05,6.390283e-07,2.832718e-08,0.00014972524,1.36016e-05,6.7433586e-11,1.525529e-06,3.3700574e-11,1.638783e-11
8.833972e-06,1.5893705e-05,0.00010427469,0.008073248,0.0024396244,0.020368066,0.13228877,0.2254609,0.23905858,0.12898795,0.06381282,0.07368264,0.01129531,0.0029511857,0.006351153,0.04759339,0.036814366,5.8507776e-06,0.00068697886,7.037538e-08,8.9970705e-08
2.2383603e-05,5.061392e-05,0.00071135047,0.025655178,0.027830498,0.14824444,0.24305627,0.25456664,0.13565333,0.057287756,0.023317324,0.02522595,0.008189421,0.0031393934,0.008643404,0.014478427,0.023504982,4.456857e-06,0.00041321758,4.8627717e-06,6.233623e-08
0.01445086,0.06719876,0.21200183,0.2978379,0.16857803,0.13259596,0.04072631,0.027470045,0.018616343,0.0051461235,0.007522939,0.0018507643,0.001716159,0.00012091765,4.562296e-05,0.0029799333,0.0009016052,7.2424973e-07,0.00023849857,3.6222696e-07,2.694251e-07
1.9106026e-06,8.305503e-06,0.00018434465,0.0057984926,0.014571604,0.07693529,0.0899722,0.06171428,0.054275304,0.14045812,0.11296044,0.108987644,0.18275762,0.015048299,0.07836896,0.006504389,0.04181834,9.775515e-05,0.009167079,0.0003693335,3.016297e-07
0.0007355332,0.012349642,0.2924088,0.42745772,0.17842236,0.07041815,0.008720271,0.00525964,0.002746486,0.00031256326,0.0007194366,7.6015735e-05,0.00010817119,1.3716698e-06,5.7303044e-08,0.0002381957,2.3207669e-05,1.841521e-10,2.318883e-06,1.0226956e-10,3.442638e-11
2.743428e-05,3.5425386e-05,0.000185853,0.0042458656,0.006945515,0.052540738,0.11054382,0.16534436,0.08994621,0.06360286,0.043810096,0.061030537,0.044162605,0.06107909,0.05968377,0.040652644,0.19020325,0.001073944,0.0034278075,0.0014480377,1.0115153e-05
6.115116e-07,1.4691128e-06,5.216272e-06,0.00024606602,0.00034916826,0.0037336566,0.014304129,0.013419448,0.017416338,0.08362797,0.084710404,0.1515481,0.16154973,0.05793643,0.26401487,0.01094139,0.07606411,0.005508361,0.051312037,0.003296375,1.4089362e-05
1.37084035e-05,1.3466767e-05,1.4987603e-05,0.0005044986,0.0001733785,0.0024770512,0.021331942,0.05672425,0.085607424,0.09457449,0.0641321,0.10595266,0.146659,0.06184772,0.17094018,0.046297807,0.09265806,0.0048005176,0.044848733,6.801916e-05,0.00036001616
6.898311e-05,0.00077801966,0.07188446,0.28734165,0.2974633,0.2112132,0.046117652,0.030426042,0.018046942,0.0071896887,0.009006442,0.0046430347,0.008687929,0.00038013724,2.853314e-05,0.005113528,0.0014642373,3.1634158e-07,0.00014516564,7.8312473e-07,7.216608e-09
1.4221078e-07,3.283462e-06,0.0021042463,0.06875278,0.21739328,0.60966307,0.05963151,0.019887727,0.011231003,0.003660744,0.0024808284,0.0012335215,0.0033975341,2.969266e-05,3.2734773e-05,0.00016265776,0.00032522602,1.4980868e-09,9.8382325e-06,1.5904781e-07,1.5782745e-12
6.440214e-06,1.5764937e-05,0.00012486956,0.0042816503,0.012900978,0.063285135,0.092262015,0.046197165,0.0485435,0.055665635,0.049040888,0.122888945,0.03930837,0.08189406,0.059697468,0.014912578,0.10255311,0.0009986246,0.009815518,0.19560504,2.3177322e-06
2.5534051e-05,2.1007922e-05,2.0081414e-05,0.0007059138,0.00013677706,0.0014607944,0.018020518,0.06306316,0.14191906,0.13648435,0.10345272,0.14224777,0.11454921,0.039781064,0.055974323,0.067329206,0.07942536,0.002766251,0.03231882,3.8775383e-06,0.00029422072
6.9068665e-05,0.00028881867,0.007018172,0.07616523,0.13692133,0.20765842,0.149909,0.072349265,0.06861482,0.05429637,0.042584334,0.054941475,0.03941274,0.022266505,0.0039628875,0.029798046,0.028201973,3.8282295e-05,0.004411805,0.0010906189,7.7525965e-07
1.4617789e-06,1.6714454e-05,0.0027986772,0.06315059,0.17204455,0.5946265,0.08974341,0.038402714,0.01925723,0.0068103266,0.003903238,0.0024723504,0.0049548163,0.00012808139,0.00030954566,0.00043987966,0.00089779444,3.7068965e-08,4.066354e-05,1.4666801e-06,1.1275601e-10
3.4913612e-07,1.3054901e-07,9.355011e-09,6.572626e-07,4.1691006e-08,3.5543922e-06,8.2452716e-05,0.00036791048,0.0031565744,0.008494542,0.008432879,0.014178496,0.046349134,0.07374144,0.053951014,0.4933621,0.009093339,0.21410714,0.023462527,1.768273e-05,0.05119807
2.0996842e-05,0.00040160937,0.059147242,0.28603294,0.34228665,0.2509776,0.029229607,0.016843049,0.0085614575,0.0019684148,0.0019587267,0.0005844963,0.0013166582,1.8385063e-05,4.8679062e-06,0.00042256055,0.00021317074,5.616163e-09,1.1568319e-05,4.443431e-08,1.1083455e-10
1.9799807e-05,5.7375753e-05,0.0012916275,0.03751426,0.065498486,0.27377024,0.24296482,0.20828387,0.08305468,0.032493446,0.012622483,0.012525698,0.0048016747,0.0019330368,0.004792488,0.0062000547,0.011972104,1.4712668e-06,0.0001950197,7.398323e-06,1.6339031e-08
1.3498083e-05,9.789232e-05,0.00607978,0.09413341,0.25015664,0.3918534,0.120994784,0.03865826,0.035252623,0.017877324,0.013320657,0.012264224,0.009104309,0.001643291,0.0007467193,0.002831197,0.004311049,6.8000355e-07,0.00052084186,0.00013942659,7.180296e-09
9.2458464e-08,4.1929592e-08,3.2152905e-09,3.8307405e-07,1.620356e-08,1.7186911e-06,0.00010188533,0.0005931753,0.005451314,0.015198188,0.016764164,0.030528327,0.107669495,0.10926874,0.18954839,0.17328377,0.010734868,0.07808474,0.20062375,1.7400852e-06,0.062145196
7.4569057e-06,2.5325606e-05,0.00065394316,0.025396986,0.03781186,0.23785535,0.22677016,0.22300641,0.08927938,0.06774716,0.023931809,0.019645507,0.015325865,0.0019297781,0.011675242,0.004771661,0.013766391,1.96225e-06,0.0003949098,2.840248e-06,1.615244e-08
2.2661212e-05,3.5935398e-05,0.00011730426,0.006223687,0.001584984,0.013782247,0.093145415,0.18805413,0.21129262,0.16667546,0.076841,0.090954244,0.0252844,0.007304247,0.016425163,0.053060114,0.045614384,2.9530971e-05,0.0035509104,3.068334e-07,1.2072736e-06
8.9614325e-05,0.0023841555,0.17031763,0.4565173,0.24796759,0.10392734,0.009670677,0.005167962,0.002735539,0.00031956006,0.00056531664,6.861414e-05,0.000120282704,8.1396036e-07,6.0116456e-08,0.00012674023,1.9452153e-05,6.102965e-11,1.2875475e-06,1.4600876e-10,4.0815164e-12
1.7623466e-06,1.6053336e-05,0.0017602699,0.047882646,0.11109427,0.44423035,0.13483651,0.054781895,0.039942604,0.030441055,0.02324737,0.027489414,0.06378014,0.0030511564,0.0024701701,0.0050126845,0.00918467,3.7213254e-06,0.0006806596,9.264577e-05,4.578956e-09
0.0012111753,0.005468264,0.10238493,0.289281,0.23749317,0.113650456,0.06758015,0.05166296,0.038559638,0.01602257,0.022439113,0.012562827,0.006068863,0.0025211258,8.532071e-05,0.028101357,0.004012306,1.819082e-06,0.000889701,2.9073337e-06,3.3958275e-07
8.999587e-06,6.91333e-06,1.3401763e-05,0.00047872582,0.00036086186,0.0059279203,0.029588794,0.08489889,0.08458445,0.049731676,0.043332238,0.07099702,0.09319363,0.06931738,0.05927072,0.07084159,0.32242626,0.00922108,0.005059188,0.0006459998,9.419912e-05
4.5849524e-06,3.9157494e-06,1.0551744e-05,0.00080539746,0.0002204179,0.0031122747,0.039760504,0.12684202,0.21274067,0.123579666,0.08929773,0.115535185,0.05767138,0.014600036,0.020351246,0.06990885,0.122048624,0.00035032097,0.0031500487,7.864977e-07,5.701888e-06
1.0218654e-06,3.4011118e-06,3.3515887e-05,0.001593614,0.003324067,0.060680944,0.08398794,0.050579026,0.03655888,0.06410646,0.04736538,0.17004102,0.13793646,0.06669371,0.15444754,0.01772749,0.07440739,0.0038227094,0.00932872,0.017359216,1.45735e-06
3.8931876e-06,6.119391e-06,3.9199917e-05,0.0029248793,0.0038123983,0.053093698,0.15357476,0.17487772,0.12732756,0.08028681,0.040471118,0.05572858,0.029394882,0.032557916,0.11922179,0.01616535,0.10723335,7.839359e-05,0.0029848584,0.00021607627,5.675686e-07
0.00013642997,0.0026212672,0.17694893,0.41734377,0.2618017,0.10985434,0.014111242,0.009425434,0.0046433527,0.0007566324,0.001247458,0.00022875563,0.00037084255,5.288784e-06,3.2094724e-07,0.00043143943,6.7815905e-05,9.465989e-10,5.0186068e-06,1.2473079e-09,6.302338e-11
3.941142e-06,3.2039596e-05,0.0023629935,0.06909051,0.1477639,0.47860712,0.14363329,0.081311986,0.036327876,0.02217847,0.008421066,0.0037169505,0.0033149014,0.00013349093,0.0008457251,0.00067169947,0.001522507,2.1427267e-08,6.121828e-05,2.4281726e-07,1.7444034e-10
3.0506303e-06,7.6261e-06,5.8538822e-05,0.0026943078,0.008265174,0.044620577,0.07485208,0.037304528,0.044403613,0.05889173,0.052864093,0.13640419,0.0417545,0.09053276,0.08501561,0.012038096,0.10235491,0.00087564846,0.013054696,0.19400248,1.7567785e-06
4.785247e-06,7.513138e-06,2.1667664e-05,0.00054490793,0.0007408649,0.0050208513,0.01687547,0.013993013,0.01624404,0.04155486,0.041972406,0.13821378,0.054159425,0.2601251,0.029803606,0.09790623,0.1094445,0.027044345,0.01699587,0.12926257,6.4233776e-05
1.26905e-05,1.0957645e-05,3.2932398e-06,7.3224815e-05,1.82149e-05,0.0003031633,0.0026533303,0.006905953,0.017983567,0.034545135,0.041530687,0.059188604,0.11685156,0.08041316,0.13065235,0.097947106,0.06301273,0.123842224,0.21214257,0.0008504721,0.011059078
0.0001551184,0.0044835475,0.21482778,0.48317766,0.2046794,0.08052581,0.006564858,0.0032224408,0.0017557214,0.00015054089,0.00031784366,2.5798783e-05,4.326313e-05,2.0092858e-07,1.1419663e-08,6.267703e-05,6.8631184e-06,8.05206e-12,4.541406e-07,1.1487717e-11,8.60357e-13
1.0925872e-05,9.9364e-06,2.5843996e-05,0.0013206074,0.00047533074,0.006210799,0.053696487,0.1399258,0.19904393,0.1056498,0.06782651,0.097378336,0.061993126,0.022600496,0.031513188,0.07554281,0.13183826,0.000671525,0.0042441306,6.878163e-06,1.5277506e-05
4.299919e-06,2.8598076e-06,3.1683455e-06,0.00023436629,4.237906e-05,0.00075068517,0.014045707,0.05646747,0.1582666,0.11511651,0.09774388,0.14213136,0.12624048,0.03657777,0.054867927,0.06433468,0.11488561,0.0025563487,0.015613581,2.180471e-06,0.00011217651
5.91937e-06,8.39898e-06,4.773272e-05,0.003849995,0.0014583447,0.01705953,0.11864371,0.21900633,0.23089743,0.11810169,0.05687056,0.07373963,0.021022594,0.0066356184,0.015874311,0.051770017,0.06384481,2.3739862e-05,0.0011387817,5.7287946e-07,3.2715892e-07
5.2472442e-05,0.00038101934,0.020453874,0.18229984,0.26551422,0.24989258,0.10795752,0.039145194,0.040169623,0.02149564,0.021560354,0.017941346,0.013015298,0.0025797624,0.00029887733,0.010672528,0.0055765864,1.1931098e-06,0.00094452145,4.755668e-05,2.9193322e-08
8.391087e-06,1.1523165e-05,6.211543e-05,0.0040209205,0.0023081808,0.028270159,0.14177041,0.21662365,0.20165884,0.101769045,0.045690514,0.063633755,0.026428444,0.013539727,0.0362808,0.039152663,0.07680715,5.3002208e-05,0.0019022775,7.603175e-06,8.0783263e-07
2.1389894e-06,1.626439e-05,0.0011739444,0.031810895,0.09590617,0.33567938,0.15820321,0.08629664,0.057334173,0.08015067,0.050646868,0.02940382,0.0518112,0.0014431732,0.00820548,0.00200042,0.008915012,1.2296886e-06,0.0009874448,1.1875736e-05,4.6505177e-09
8.4055785e-07,9.650899e-06,0.0014752089,0.044141848,0.14351547,0.43034145,0.13842596,0.06744975,0.041894663,0.050100427,0.03180003,0.01456035,0.029204208,0.00039238937,0.001843598,0.0009164572,0.003656172,1.2306766e-07,0.00026975613,1.6557922e-06,3.0333425e-10
9.68198e-06,1.0231155e-05,1.779271e-05,0.000708101,0.00044488357,0.009516839,0.03437066,0.06177964,0.053452212,0.049476728,0.029478857,0.073675916,0.08697018,0.072952025,0.38465336,0.03371252,0.08665783,0.0057872613,0.015801074,0.0004097502,0.00011448874
1.8067308e-07,3.0859317e-07,1.9038328e-07,8.760575e-06,6.300998e-06,0.00019474752,0.001413944,0.0016689727,0.0036552614,0.020673312,0.03268312,0.077626966,0.049195323,0.041097466,0.03784278,0.03604796,0.043729372,0.561286,0.06906302,0.02367003,0.00013593571
1.0360795e-05,9.433246e-05,0.0083817085,0.10372137,0.16341689,0.3753178,0.11038392,0.053345833,0.036505356,0.025920115,0.022680303,0.022438452,0.053830925,0.0031974118,0.0008187283,0.0104990415,0.0086686425,5.921689e-06,0.000713388,4.9495946e-05,2.0300826e-08
4.478198e-06,8.658881e-06,3.022849e-05,0.0009070692,0.0011901774,0.018291779,0.041479256,0.03869599,0.028450793,0.05808365,0.044594828,0.14717972,0.11964792,0.0969835,0.23676525,0.027905587,0.09032234,0.020399084,0.016712641,0.012311333,3.564253e-05
1.5161014e-06,2.0108742e-05,0.0039627915,0.07785059,0.20186833,0.5675224,0.078347415,0.033716828,0.017745625,0.0061129783,0.003971908,0.0022769454,0.0050868136,0.00010186208,0.00017195236,0.00043293156,0.00077119353,2.6998654e-08,3.667021e-05,1.0129991e-06,8.623059e-11
2.676882e-05,0.00037970048,0.04731492,0.24108474,0.3262017,0.18879892,0.055286825,0.047320798,0.024560787,0.021891171,0.027068535,0.0068056844,0.009493169,0.00013327284,3.620202e-05,0.002046579,0.001418218,4.6359965e-08,0.00013199852,2.9604637e-08,9.396237e-10
2.4815414e-05,0.00013527369,0.0054616486,0.07879993,0.21460001,0.40595928,0.14560102,0.06543548,0.0390066,0.0154954335,0.0086829895,0.0071843793,0.0046145245,0.0011508652,0.0011506572,0.002164317,0.004266171,6.6065587e-07,0.00021895087,4.6931855e-05,9.758535e-09
2.3722867e-05,0.0006280413,0.08019248,0.36754966,0.31144208,0.20619741,0.017729172,0.009158423,0.004741367,0.00074242963,0.000839075,0.00016215234,0.0003608342,2.7871326e-06,5.881054e-07,0.00017129532,5.5485685e-05,3.5900227e-10,2.9168928e-06,3.0812417e-09,9.737524e-12
9.688068e-08,7.831806e-08,3.1603564e-09,1.8009969e-07,1.1367559e-08,1.2177168e-06,2.226307e-05,5.8817535e-05,0.00054783287,0.0036258837,0.005201864,0.006852494,0.011672955,0.021156976,0.010144452,0.38575515,0.0022150497,0.47634625,0.06654039,5.7944104e-05,0.00980019
0.019415842,0.18366422,0.466543,0.24342082,0.052051283,0.028496927,0.0032443728,0.0016627464,0.00094509596,8.88148e-05,0.00032427564,1.53331e-05,1.7664894e-05,2.7871067e-07,6.4409384e-09,0.00010376542,4.4439084e-06,3.079742e-11,1.1070777e-06,2.7115187e-12,2.986549e-11
1.2938868e-05,1.50824435e-05,1.0904216e-05,0.00028276615,0.00013549023,0.0016611824,0.011433716,0.023724966,0.038778167,0.06176009,0.05158068,0.08991977,0.12838076,0.082683824,0.24967834,0.033971243,0.08252964,0.018088415,0.12347282,0.0007419606,0.0011373138
0.0004873592,0.009179745,0.25550404,0.4432713,0.1943673,0.07899566,0.008956923,0.005183819,0.0027601565,0.0002993354,0.000630163,6.535679e-05,9.8889504e-05,9.832479e-07,5.3672476e-08,0.00017691933,2.0223184e-05,1.1358915e-10,1.7812813e-06,9.1762466e-11,1.7680283e-11
1.812522e-06,1.0894258e-06,6.17487e-07,3.2349206e-05,1.6849148e-05,0.00045247632,0.0034493846,0.0110230455,0.026058126,0.030727228,0.03667214,0.06275927,0.11832787,0.12978531,0.10354508,0.09182538,0.23743466,0.11059778,0.030864034,0.005590566,0.00083493575
9.494966e-07,3.4121007e-05,0.01769061,0.21073009,0.37289113,0.36317524,0.02116691,0.00749238,0.0045882645,0.00078951166,0.0007283193,0.00017684526,0.0004326877,1.9299073e-06,1.014297e-06,5.4165583e-05,4.408219e-05,6.870672e-11,1.7705906e-06,4.6845203e-09,4.2554716e-13
8.426399e-06,2.3441671e-05,0.00013842681,0.0054915715,0.006556339,0.06032893,0.109386675,0.09859964,0.0796047,0.12702855,0.0654078,0.069001965,0.07182602,0.022821225,0.2106119,0.009996189,0.043201722,0.00012443599,0.01961701,0.00022281919,2.169629e-06
1.819594e-05,1.902341e-05,5.3514617e-05,0.0013452069,0.0022245501,0.017689181,0.04542577,0.061695945,0.050554205,0.051362727,0.04612553,0.08662337,0.062467698,0.12996852,0.10574959,0.043386262,0.25490075,0.008731344,0.0097922515,0.021801267,6.50982e-05
3.0146499e-05,6.148689e-05,0.00032927073,0.01417188,0.006373195,0.048711367,0.15624115,0.20746852,0.17218007,0.14908348,0.05898416,0.06228559,0.025352193,0.006805508,0.02897284,0.027432065,0.03243773,1.7548597e-05,0.00305937,1.7047877e-06,6.429873e-07
0.025111776,0.22367822,0.46243072,0.21604116,0.04343765,0.02393712,0.0027183953,0.001377458,0.00078651495,7.362117e-05,0.00028537548,1.2554217e-05,1.386493e-05,2.2700036e-07,4.7150266e-09,9.0965004e-05,3.49882e-06,2.3425343e-11,9.692699e-07,1.6586797e-12,2.6975677e-11
8.424155e-05,0.0016334676,0.1489604,0.3955204,0.2888475,0.12824015,0.016417552,0.010946579,0.0053730267,0.00096955744,0.0014823135,0.00032191587,0.0005627405,8.877402e-06,5.6465313e-07,0.0005256563,9.824312e-05,1.7732271e-09,6.76642e-06,3.3908165e-09,8.470176e-11
2.0322652e-05,5.3831573e-05,0.0005563444,0.019818304,0.01922611,0.12682086,0.20303361,0.19468698,0.11794578,0.1183906,0.046516173,0.03927586,0.026833883,0.005708167,0.044235528,0.009788013,0.024652543,9.692062e-06,0.0024191635,8.019813e-06,2.1873706e-07
5.2052605e-06,1.6012931e-05,0.0003081425,0.01765954,0.036819194,0.2552578,0.2703594,0.17724179,0.089323625,0.049473204,0.018811412,0.02081739,0.0082977405,0.0055767903,0.024945546,0.004338924,0.020046905,2.0678278e-06,0.0006529246,4.6372657e-05,1.4828724e-08
2.2413624e-05,8.857213e-05,0.0022880076,0.047078367,0.1296621,0.34647825,0.2060479,0.114195295,0.06115327,0.031811275,0.015135712,0.014724731,0.0075042597,0.0031899197,0.0060317195,0.0036567873,0.010352121,2.1699398e-06,0.0004899544,8.7141416e-05,2.9719983e-08
1.3879918e-05,4.857822e-05,0.0014027107,0.04045349,0.09410953,0.33706805,0.22623013,0.15981151,0.06617229,0.027956456,0.011332279,0.0109045,0.004671695,0.0019541339,0.004494939,0.00378135,0.009383525,9.690312e-07,0.00019437664,1.5524445e-05,9.515026e-09
3.98959e-06,7.2865564e-06,2.5361662e-05,0.0012220686,0.0027301705,0.020292303,0.04821537,0.032046832,0.042123735,0.055919304,0.052742526,0.117045306,0.04234955,0.11647828,0.17983857,0.013604287,0.1233616,0.0021003091,0.024066264,0.12581901,7.9000065e-06
0.10527134,0.2877341,0.3589197,0.15392427,0.045224994,0.023981595,0.008823144,0.0062298095,0.0033473165,0.0008759618,0.0030929954,0.0003258759,0.0001807525,4.036254e-05,9.339243e-07,0.0018697621,9.849806e-05,3.0987064e-08,5.8502657e-05,1.8440391e-09,5.2810744e-08
1.6203248e-05,4.6196237e-05,0.000579991,0.016369103,0.04986995,0.1994907,0.19058174,0.103089385,0.08142801,0.06688287,0.04306257,0.066472135,0.02871163,0.028605599,0.05446045,0.008735301,0.05009941,7.426684e-05,0.004694855,0.006729011,5.744156e-07
9.4338003e-07,2.1685415e-05,0.008966782,0.13805422,0.30281258,0.46227598,0.04730454,0.017808408,0.01100749,0.0034366818,0.0029895664,0.0012506096,0.00337447,3.118188e-05,1.6418633e-05,0.0003006511,0.000332194,3.2842977e-09,1.5439919e-05,1.527575e-07,1.0556485e-11
0.00034593558,0.007703453,0.24864593,0.46137086,0.19234228,0.074912235,0.0075127734,0.0040564425,0.0021990198,0.00021445783,0.00046740644,4.1880485e-05,6.4806714e-05,4.5510592e-07,2.4382944e-08,0.0001092438,1.18939515e-05,3.2370686e-11,9.700614e-07,2.927785e-11,4.786138e-12
2.5596278e-06,2.4201481e-06,5.6991116e-06,0.00071357656,8.5733205e-05,0.000938969,0.0220677,0.08884138,0.22888881,0.1868055,0.15697435,0.17370655,0.026724998,0.0046821577,0.0060656467,0.049169872,0.051911537,4.8345715e-05,0.0023631896,4.4227053e-09,9.820824e-07
0.0024653452,0.033960182,0.37513438,0.38736662,0.1298202,0.05675417,0.0070486097,0.004007469,0.0022129107,0.00023972068,0.00064281933,5.2761643e-05,7.040681e-05,9.7483e-07,3.4672702e-08,0.000204896,1.6164806e-05,1.329676e-10,2.292399e-06,4.1567912e-11,4.449187e-11
1.5279489e-06,1.3343675e-05,0.0014685409,0.052349385,0.124964535,0.60486025,0.11958925,0.058380857,0.02326147,0.0076317466,0.0025688827,0.0016437931,0.0016296437,7.21051e-05,0.00052163145,0.0003636459,0.00066155905,8.226685e-09,1.7704153e-05,1.7656487e-07,4.25726e-11
0.69365895,0.2658448,0.037402593,0.0020672493,0.00032940344,0.00040389638,8.569973e-05,8.2998326e-05,3.8912185e-05,8.858264e-06,5.5439552e-05,2.0029597e-06,7.9287634e-07,2.701776e-07,3.148834e-09,1.687222e-05,3.8452535e-07,1.7208068e-10,8.315154e-07,2.9896035e-13,1.9835638e-09
2.5722207e-05,2.7001512e-05,9.37019e-05,0.0031583474,0.0015235296,0.013379326,0.07723375,0.17448644,0.18781334,0.10054986,0.068914615,0.08622812,0.04712074,0.016976956,0.021754513,0.07571681,0.12152898,0.000557296,0.0028883764,1.1214974e-05,1.1385578e-05
4.7354565e-06,1.541617e-05,0.00023396783,0.011124357,0.034425672,0.17476892,0.19508229,0.09977927,0.084908165,0.08194676,0.04942307,0.073184535,0.030077547,0.02591137,0.0816077,0.0062295995,0.043303054,2.554116e-05,0.0053279307,0.0026199832,1.595614e-07
1.2093936e-05,7.915241e-06,1.0316846e-05,0.00027142197,0.00024126706,0.0033448846,0.012964684,0.032153793,0.037858535,0.038454223,0.042088278,0.07214293,0.10173447,0.12792528,0.091081135,0.076017365,0.29612818,0.04567137,0.0122124925,0.009215617,0.00046372006
5.6589636e-07,1.0801779e-06,1.9493982e-06,8.405943e-05,9.826128e-05,0.00150979,0.007930252,0.00915661,0.011672015,0.06227608,0.07219342,0.18213323,0.13968161,0.081285655,0.15104374,0.025494283,0.1094166,0.08360467,0.049445417,0.012902499,6.8238885e-05
0.0002335018,0.0014797088,0.051724322,0.2619105,0.2598211,0.16328694,0.08439845,0.040825218,0.03885388,0.01930061,0.02349511,0.01633171,0.010120274,0.002678976,0.00014387743,0.019479714,0.0048282933,1.4507551e-06,0.0010726517,1.367353e-05,9.673715e-08
0.00020273555,0.0003934836,0.0020769485,0.032450765,0.020505112,0.08268882,0.16084515,0.2079544,0.14136004,0.11106927,0.055002116,0.055577714,0.026591748,0.0077933017,0.02043574,0.03618772,0.03586578,8.0119746e-05,0.0029029425,1.1358744e-05,4.7907524e-06
7.738188e-07,2.034118e-05,0.0095775165,0.14511803,0.3222879,0.4535155,0.038917754,0.013892543,0.008849218,0.0024146442,0.0021100668,0.00078077725,0.0020985994,1.6069222e-05,8.813725e-06,0.00018191135,0.00019960133,1.1853039e-09,9.867742e-06,7.799812e-08,4.1667204e-12
8.079208e-07,7.420607e-06,0.0006576263,0.020350507,0.05972543,0.19690229,0.121004485,0.06710122,0.054603253,0.12507534,0.10392387,0.06809865,0.14884706,0.0031862704,0.008461751,0.003803268,0.016109142,3.5475566e-06,0.0021185237,1.9570467e-05,6.289489e-09
3.3327792e-06,1.6307773e-05,0.0008075902,0.03151683,0.11230944,0.44038174,0.21532674,0.10233074,0.047456376,0.019056235,0.007430854,0.0078044333,0.0036191768,0.0014003546,0.0029259443,0.0014511822,0.0060047787,2.906806e-07,0.000121603014,3.6068617e-05,1.2748257e-09
1.6967651e-05,3.101253e-05,0.0002426121,0.012504602,0.0061710267,0.044048492,0.1747481,0.2539913,0.20344658,0.09868271,0.04633651,0.0546403,0.012199715,0.0037692357,0.0086545525,0.039997637,0.039866302,1.0719748e-05,0.00064083084,6.782465e-07,1.6350842e-07
2.7897365e-06,3.3271867e-06,4.5591632e-06,0.00012685399,0.00016706248,0.0023124742,0.008557892,0.0080902185,0.013649528,0.029671634,0.038357,0.09189592,0.04347445,0.117224544,0.032251645,0.061800625,0.11000075,0.1189969,0.013572799,0.30974385,9.5134965e-05
4.3433916e-05,4.116292e-05,4.323645e-05,0.0011629678,0.00030686104,0.0029401714,0.02561771,0.07002979,0.123466976,0.1222887,0.085272126,0.124626905,0.11782078,0.047243133,0.084443755,0.06902091,0.08406407,0.0033934643,0.037737403,2.1988211e-05,0.00041450624
7.7395625e-06,0.00020357154,0.057062656,0.29678318,0.3719085,0.2288886,0.022946736,0.011252644,0.0060313414,0.0013964787,0.0015893242,0.0004363801,0.001050076,9.909981e-06,1.5071575e-06,0.0002970857,0.0001275807,1.3496065e-09,6.6952875e-06,1.6364174e-08,1.7844e-11
7.6084852e-06,6.0681305e-06,8.987895e-06,0.00049966143,0.00014907471,0.0024205951,0.027994543,0.082164295,0.15574987,0.09924736,0.07115027,0.11097758,0.105425514,0.042934023,0.07639203,0.066155575,0.14320113,0.002081239,0.013333759,1.8104245e-05,8.2678576e-05
1.5987068e-06,1.0726804e-06,8.610275e-07,0.00010971302,9.3482595e-06,0.0001720106,0.006454499,0.041839767,0.17457595,0.17194189,0.16071361,0.19637364,0.08342283,0.018339086,0.0230194,0.046878967,0.0593113,0.00056349835,0.016238963,1.6185796e-08,3.1987314e-05
0.0069134315,0.0360025,0.27876705,0.34895608,0.1804527,0.066234015,0.028099397,0.020165667,0.012835635,0.0035471744,0.008607341,0.0018178998,0.0009365206,0.00019593936,5.062202e-06,0.005789656,0.00052151724,9.094253e-08,0.0001522106,3.8483485e-08,4.4541686e-08
5.822653e-06,2.047956e-05,0.0006976261,0.030116767,0.06998741,0.33909658,0.2509832,0.17464988,0.06786802,0.026600953,0.009423819,0.00933279,0.0035799686,0.0015001125,0.004408319,0.0029867732,0.008612131,4.1764793e-07,0.00012136672,7.502576e-06,2.6653175e-09
4.8672664e-06,7.420422e-06,4.776256e-05,0.004298247,0.0021809689,0.029989123,0.15703951,0.23290251,0.21896636,0.105054766,0.041618805,0.05925363,0.019534886,0.0088166,0.027490517,0.034382276,0.057167597,1.6906439e-05,0.0012250309,2.0175637e-06,2.1499426e-07
2.0092177e-05,2.6818441e-05,6.406587e-05,0.0020819553,0.0011324551,0.012877743,0.058884185,0.10610509,0.10237869,0.111441836,0.06638375,0.09803969,0.0998465,0.04199939,0.14919867,0.037672218,0.09207776,0.0013331441,0.018287042,9.861264e-05,5.036399e-05
8.531004e-05,0.001815173,0.14446147,0.41237906,0.2770526,0.13272719,0.0150008425,0.009233397,0.0045841113,0.0007268732,0.0010274049,0.00019041562,0.00034032058,3.9016404e-06,3.6701152e-07,0.000306451,6.1229606e-05,6.6699646e-10,3.9503993e-06,1.6127445e-09,3.4211516e-11
9.447509e-06,7.2038097e-06,6.017166e-06,0.00027980903,5.369367e-05,0.0008857483,0.012546546,0.04875481,0.11570355,0.10664659,0.07953909,0.13182643,0.15985568,0.05602078,0.09366126,0.06403412,0.08306402,0.004694147,0.041941915,6.7258343e-06,0.00046236036
0.00028150046,0.0053207334,0.22683914,0.4348834,0.22237724,0.08706736,0.010874988,0.0068627927,0.0034725415,0.00045982032,0.000902594,0.00012373395,0.00018844928,2.4218095e-06,1.1997422e-07,0.00030334585,3.677445e-05,3.5643508e-10,3.0410472e-06,3.1478634e-10,3.7778735e-11
0.0007896057,0.012229125,0.25663185,0.4410031,0.19746622,0.060945652,0.012329047,0.009011072,0.004623172,0.0013244497,0.0028392603,0.0002543859,0.00022157609,2.0919533e-06,1.9707365e-07,0.0002689763,5.328357e-05,3.4857128e-10,6.861495e-06,5.353983e-11,7.285688e-11
1.8712092e-06,2.921128e-06,1.5090399e-05,0.0009754334,0.00095392595,0.016000686,0.058552895,0.09508632,0.066397965,0.10539397,0.0625366,0.094488546,0.1056287,0.034897376,0.2339988,0.015219603,0.10166418,0.0005107015,0.007567913,0.00010281042,3.636668e-06
1.6411102e-05,3.8479928e-05,0.0006720289,0.025214849,0.029022176,0.16414413,0.23920798,0.28048056,0.126762,0.045242015,0.018812045,0.020557035,0.006776104,0.0022448846,0.0048030056,0.013860683,0.02192698,3.2131545e-06,0.00021228445,3.0676574e-06,2.984995e-08
5.1395236e-06,1.7211647e-05,0.00034358073,0.015234982,0.028198583,0.32186761,0.20361191,0.16082427,0.06942227,0.043111946,0.017908849,0.023968693,0.026563047,0.005898577,0.06317018,0.0041624154,0.01451668,1.0360798e-05,0.0011165427,4.709957e-05,5.9137726e-08
0.00031285858,0.0015319586,0.045117084,0.22122851,0.2177232,0.1509166,0.09876126,0.06324253,0.04997483,0.027683591,0.029711036,0.023755748,0.013401568,0.0062056934,0.00024761332,0.040255155,0.00856312,4.039053e-06,0.001348076,1.524503e-05,2.9977204e-07
1.3404617e-05,1.3930502e-05,1.5930966e-05,0.0004744099,0.0004231229,0.0044607418,0.019973276,0.03375715,0.051308308,0.05143632,0.052989665,0.093550906,0.086575255,0.1124612,0.21096529,0.03652782,0.18353848,0.015255989,0.038512908,0.007409838,0.00033602444
1.118928e-06,3.9284328e-07,9.965547e-08,7.0691526e-06,1.1668459e-06,5.7536603e-05,0.0010485701,0.005996792,0.023422861,0.02659248,0.027717726,0.051707916,0.18829174,0.12926832,0.112942405,0.15856141,0.106162965,0.13802724,0.022212477,9.499544e-05,0.007884688
5.301079e-05,0.0014663993,0.1473255,0.44158646,0.26982883,0.11826424,0.010939344,0.00609718,0.0030235378,0.00038821288,0.00060595875,8.605994e-05,0.00015910056,1.1497656e-06,8.721612e-08,0.00014850529,2.508455e-05,8.6556e-11,1.3834647e-06,2.3498223e-10,4.1466205e-12
2.6383772e-05,7.213415e-05,0.0006620452,0.030259158,0.016482808,0.1066464,0.21299845,0.2284029,0.1622755,0.11171131,0.03874111,0.034398027,0.01176061,0.0023804507,0.011765434,0.014159775,0.016164457,2.0231523e-06,0.0010905042,4.8389376e-07,6.0111354e-08
2.8842587e-05,0.0008170968,0.12076129,0.41494888,0.29999086,0.13771687,0.013037063,0.0072846524,0.003537572,0.0005245382,0.0007425269,0.00012861179,0.00025530695,2.02224e-06,1.6152475e-07,0.00018430302,3.757021e-05,1.6529267e-10,1.878154e-06,6.077128e-10,5.317988e-12
1.6216856e-05,0.0005704489,0.093521774,0.41787133,0.2996298,0.16647972,0.011913946,0.005884105,0.0029518073,0.00036745577,0.0004686086,6.815348e-05,0.0001499787,7.050552e-07,9.766524e-08,8.50691e-05,1.9957482e-05,3.6250718e-11,8.632407e-07,2.6611294e-10,9.697006e-13
3.873861e-05,8.1884165e-05,0.0008803424,0.025562415,0.027948402,0.1432437,0.23408481,0.23529546,0.13633306,0.0628096,0.026771225,0.029920945,0.011177024,0.0051410873,0.014160283,0.016838266,0.02888574,1.1979381e-05,0.0007987908,1.5997593e-05,2.2734018e-07
8.525958e-06,1.4690989e-05,8.86693e-05,0.003543341,0.008156596,0.06291445,0.11581842,0.09400481,0.07758802,0.07055231,0.05006905,0.08687911,0.04098526,0.0719957,0.1433809,0.016755546,0.13738714,0.0005330869,0.0073010456,0.012020217,3.0822252e-06
2.2072072e-06,1.3922534e-05,0.00076185557,0.02528174,0.0724368,0.32239282,0.17574747,0.097382426,0.06315749,0.08477487,0.048189677,0.030692324,0.047768835,0.00205472,0.014919701,0.0021557598,0.010973106,1.7846218e-06,0.0012714764,2.104053e-05,7.179303e-09
1.1656182e-05,4.6770398e-05,0.0011374386,0.02776978,0.08959537,0.24128506,0.17196709,0.066757515,0.06787163,0.059442405,0.045326088,0.079626486,0.03945254,0.026589543,0.014606074,0.011475656,0.039086465,5.2589938e-05,0.0044596125,0.013440004,2.4255394e-07
1.870496e-05,2.2798686e-05,3.9724317e-05,0.0013642759,0.00057386205,0.006851409,0.042820945,0.08682661,0.104988605,0.11929653,0.06915432,0.100265495,0.10741067,0.043859694,0.16841187,0.03796981,0.08042814,0.0013036095,0.028262364,4.8996695e-05,8.1569895e-05
1.2723555e-05,3.682659e-05,0.00080330455,0.028543975,0.056767248,0.28245112,0.2551816,0.19496405,0.08266644,0.035267312,0.013351245,0.013779126,0.00552431,0.0027907072,0.008225083,0.005184618,0.014161877,1.7192204e-06,0.00026864975,1.8040804e-05,1.5916891e-08
3.9353718e-06,2.0929097e-05,0.00091681397,0.035537798,0.07030295,0.35738245,0.21012083,0.14679796,0.064168796,0.05458733,0.020185221,0.012028339,0.01181491,0.00084872654,0.0069322377,0.0017899643,0.006269781,3.440438e-07,0.00028868316,1.9942772e-06,2.3354616e-09
1.7936068e-06,1.41681885e-05,0.0013890945,0.037881993,0.10731901,0.5456693,0.1354632,0.06598361,0.03416448,0.017625641,0.01062519,0.010843192,0.022603422,0.0011618661,0.0025905387,0.0017436945,0.00466044,1.1716321e-06,0.00023081491,2.7401364e-05,1.933015e-09
1.8498358e-05,8.325622e-05,0.0018360927,0.022730147,0.04565162,0.12075252,0.10424423,0.090662055,0.062340837,0.13521801,0.11172874,0.08006199,0.14544725,0.00929173,0.022397092,0.010811176,0.030582838,7.6399956e-05,0.005982865,8.1894126e-05,7.811173e-07
1.7490105e-06,2.5853433e-06,3.7562895e-06,0.00013181102,0.00018882894,0.001845127,0.008253471,0.006493388,0.013167137,0.032363884,0.041139796,0.11249202,0.039174218,0.12819034,0.0442874,0.040989578,0.10032451,0.057772692,0.025375664,0.34773132,7.0742615e-05
3.078482e-05,0.0009038338,0.12259945,0.42488846,0.29444417,0.13360143,0.012082857,0.0064614983,0.0033102827,0.00046807452,0.00069318083,0.000111060275,0.00021795735,1.5032001e-06,1.342311e-07,0.00015190394,3.1592437e-05,1.15461925e-10,1.7485703e-06,5.056298e-10,4.1051502e-12
2.691472e-07,1.0982587e-07,2.1844095e-08,2.6351222e-06,2.0848881e-07,9.880215e-06,0.00056113425,0.0049662264,0.032184564,0.04174403,0.051603362,0.0929771,0.2641356,0.12385501,0.1752802,0.056280423,0.03987891,0.03683156,0.07035766,9.629877e-07,0.009330139
1.4113915e-05,2.0888776e-05,0.00017708939,0.007262063,0.00693392,0.06540345,0.18663792,0.27158782,0.16090102,0.06719116,0.032069735,0.041233227,0.019741267,0.011131193,0.018391369,0.03406966,0.076348454,5.4943557e-05,0.00080649,2.3686864e-05,5.110461e-07
1.5017722e-06,3.6654994e-06,4.9266702e-05,0.008138974,0.0021618356,0.024397222,0.1530923,0.30569193,0.23358998,0.13238665,0.046475537,0.044692565,0.0053132004,0.00066737796,0.0020593773,0.023786113,0.01735807,1.7465702e-07,0.00013430127,9.353389e-10,1.2688199e-09
2.0644625e-06,4.2069496e-05,0.011043084,0.14933541,0.29106513,0.47823122,0.04005974,0.016579434,0.008904134,0.001822877,0.0012707887,0.00042503135,0.0009242094,9.02913e-06,1.062179e-05,0.0001284501,0.00014137126,9.57256e-10,5.2899654e-06,3.976658e-08,6.4286436e-12
6.250243e-06,0.00032221028,0.09357559,0.45366344,0.2995831,0.13900767,0.007923814,0.003583137,0.0017527267,0.00018097313,0.00025997456,2.9472369e-05,6.66877e-05,1.7787563e-07,1.567308e-08,3.7485544e-05,7.046651e-06,2.8672238e-12,2.4380287e-07,2.3354612e-11,5.996227e-14
6.995188e-05,0.0001450536,0.00095361785,0.02317182,0.015437568,0.08329337,0.17313647,0.2147161,0.14116882,0.12048999,0.05361671,0.052399337,0.02703702,0.0068953163,0.026443409,0.024973769,0.033532705,3.5036348e-05,0.002475972,6.5882596e-06,1.3483988e-06
0.00015476029,0.0026917234,0.14663447,0.39807642,0.28761613,0.1043915,0.021872792,0.01805328,0.008945416,0.0037003683,0.00568736,0.00076911936,0.0007678405,6.9879743e-06,1.2680482e-06,0.00045435075,0.00016094289,1.5069641e-09,1.5218822e-05,5.2004145e-10,1.188213e-10
9.992503e-06,4.9270504e-05,0.0018902982,0.04120635,0.09480775,0.4678172,0.168802,0.103281446,0.047234323,0.024613813,0.011175891,0.010212691,0.012595368,0.0013123531,0.0076081296,0.0021265014,0.0048939507,1.4736792e-06,0.00034743064,1.3765478e-05,1.2360746e-08
0.003035314,0.042430505,0.38974595,0.38102224,0.117567606,0.05374461,0.006270801,0.003347521,0.001877678,0.00018732333,0.0005183666,3.6957314e-05,4.850716e-05,5.839624e-07,2.0736481e-08,0.00015329312,1.115102e-05,6.552154e-11,1.5671225e-06,1.7841669e-11,2.4313473e-11
1.00186735e-05,2.7992472e-05,0.0003386214,0.010529115,0.01730694,0.10949685,0.1430272,0.13443998,0.080421835,0.13175975,0.07076305,0.06027393,0.0752984,0.011683684,0.103581406,0.007547003,0.03787312,5.3141146e-05,0.005485872,8.146075e-05,6.283714e-07
3.8436185e-05,0.00012536121,0.0014249976,0.057903867,0.020906258,0.07858332,0.1980791,0.25397792,0.19840088,0.08885417,0.0374076,0.029256146,0.0035255728,0.0004724437,0.0008893706,0.020505918,0.009456351,2.6865885e-07,0.00019197128,7.3803195e-09,6.9487904e-09
5.290776e-07,6.151877e-07,6.4483527e-07,3.9887014e-05,4.9588994e-05,0.0011599617,0.0061525754,0.006505362,0.015865033,0.02716878,0.03609694,0.0870478,0.04442998,0.12991127,0.056053583,0.044717286,0.146832,0.09140628,0.026712904,0.27980405,4.495524e-05
2.0089603e-06,1.8386736e-05,0.0018076095,0.056905176,0.20117454,0.4408739,0.13727498,0.03434533,0.03867294,0.023941489,0.018172687,0.020956181,0.014003349,0.0021959376,0.001141874,0.002207083,0.005275196,4.5445674e-07,0.0006552093,0.00037563048,1.3686449e-09
1.4965351e-06,6.6146225e-07,3.5616677e-07,2.5869833e-05,6.385274e-06,0.0001962737,0.0035087091,0.02020528,0.056115802,0.04105986,0.043150138,0.08765391,0.21428673,0.10988825,0.10346041,0.066790305,0.18462193,0.04657333,0.020912224,7.100888e-05,0.0014710675
2.5268866e-06,2.1434073e-05,0.0016286944,0.042351145,0.12469981,0.40691295,0.15065046,0.06844055,0.04843907,0.057958882,0.0358158,0.018856829,0.030671405,0.0008834409,0.0050759106,0.0013846535,0.0053922604,4.7594355e-07,0.0008041971,9.453753e-06,2.3250026e-09
2.131628e-06,2.0065222e-06,3.7104069e-06,0.0002987712,0.00014320093,0.005511458,0.030841751,0.071080595,0.06706114,0.049503148,0.027169839,0.08047467,0.09692888,0.068307795,0.3373205,0.04148367,0.110153615,0.0038920145,0.009684305,9.3568415e-05,4.3251053e-05
0.0003566934,0.00643771,0.23973478,0.43431553,0.2146905,0.08153246,0.010615053,0.006741337,0.0034851765,0.00046418878,0.0009512372,0.00012765412,0.00018813842,2.4915119e-06,1.2072472e-07,0.00031617275,3.7289105e-05,3.9321313e-10,3.4046454e-06,3.0855296e-10,4.8486284e-11
2.490183e-06,2.8429292e-06,8.039253e-06,0.0011135743,0.00011663298,0.0011984113,0.027244976,0.11440213,0.24323002,0.20590287,0.15029308,0.14940937,0.015964964,0.002698727,0.0031163916,0.04439024,0.039320122,1.02795075e-05,0.0015745761,7.9043105e-10,1.8762225e-07
5.498647e-06,2.5215488e-06,1.8638752e-06,7.64394e-05,3.233371e-05,0.0007969028,0.0059608044,0.025497047,0.042759668,0.033652198,0.036018625,0.06371677,0.16019674,0.11132584,0.07839442,0.09849287,0.26145667,0.068518296,0.011097064,0.00076671207,0.0012307615
2.9942717e-05,0.000102000995,0.0020598352,0.03645656,0.116540685,0.30938902,0.19956711,0.10617053,0.066684164,0.03942586,0.023853833,0.029552478,0.01563946,0.010141812,0.01109337,0.0066037285,0.023893768,1.8955363e-05,0.0013424655,0.0014343078,1.850777e-07
9.942182e-06,2.408629e-05,0.00043437205,0.022136021,0.0245309,0.15315548,0.25838915,0.26458564,0.13487852,0.053921305,0.019914046,0.021444913,0.0062925196,0.002245434,0.007129091,0.011125472,0.01952807,1.6003353e-06,0.0002514288,1.9637846e-06,1.5704344e-08
0.0004557507,0.004836917,0.17519231,0.37173268,0.26575893,0.11839993,0.0226792,0.017409112,0.010344247,0.0025178296,0.0045483024,0.0013425031,0.0019358298,7.539681e-05,4.634905e-06,0.0022712552,0.00042780556,6.50504e-08,6.7184206e-05,8.9350955e-08,6.1153473e-09
1.732703e-05,1.8302526e-05,7.5300864e-05,0.0019198031,0.0027715939,0.02981946,0.07393127,0.13968812,0.07757517,0.052376147,0.039562166,0.06297906,0.055904385,0.07521206,0.057274565,0.053656932,0.2688707,0.0031712195,0.0033102205,0.0018461546,2.0046335e-05
1.2096966e-05,2.398132e-05,0.0003346672,0.014371023,0.017840555,0.1362314,0.24344273,0.2790829,0.1351223,0.05057895,0.020383067,0.024347046,0.009840521,0.005070889,0.010571251,0.01599817,0.036337882,8.384111e-06,0.00038936202,1.2816409e-05,7.0320674e-08
3.7717366e-06,4.5302554e-06,2.1626195e-06,8.755586e-05,3.1763768e-05,0.00056548486,0.0055521117,0.012431578,0.027754007,0.04770424,0.043827027,0.074598745,0.112901956,0.07558323,0.2430404,0.029571105,0.060781416,0.018653743,0.24542658,0.00044886995,0.0010297843
1.4074934e-06,1.3619679e-06,2.82799e-06,0.0004818953,4.1832325e-05,0.0005186916,0.016046552,0.0743446,0.22865178,0.20604883,0.16905475,0.19023009,0.02216449,0.0037181755,0.004678151,0.042303924,0.039315972,2.4323122e-05,0.002369747,7.443907e-10,5.2642406e-07
3.6669493e-07,3.3497955e-07,8.396773e-07,0.00024592888,2.3023598e-05,0.00047093257,0.01815568,0.08743356,0.25013056,0.200533,0.13769704,0.16540186,0.027155085,0.0040349937,0.006276564,0.043540478,0.057075646,1.6989301e-05,0.0018069174,9.552553e-10,1.986667e-07
1.1314834e-05,2.049047e-05,0.00020119817,0.010195299,0.010087286,0.08837491,0.22305319,0.25149497,0.1593357,0.074656725,0.030057037,0.037412137,0.014252879,0.008212379,0.025344282,0.019698404,0.046643917,1.438869e-05,0.0009189285,1.4437982e-05,1.686132e-07
2.3696505e-06,2.5536797e-06,7.252022e-06,0.0010006125,0.0001373098,0.0017300169,0.034351707,0.11568648,0.24712682,0.1854273,0.12291561,0.14699702,0.024549227,0.0047592367,0.007266214,0.05235343,0.053611256,2.585999e-05,0.0020492799,8.1589135e-09,4.705847e-07
8.673205e-06,8.6751415e-06,1.6278445e-05,0.00102118,0.00029637394,0.0042216466,0.043908227,0.10431125,0.18389463,0.12286144,0.075467765,0.11463075,0.07193079,0.028528735,0.068575,0.06205641,0.10691635,0.00058143254,0.01073325,7.79149e-06,2.3383178e-05
3.6209392e-05,0.0002203457,0.0103501715,0.11836238,0.23551972,0.3025065,0.13141462,0.049935143,0.046068933,0.026374053,0.021252602,0.0202533,0.015030475,0.003840498,0.0008858372,0.008489269,0.008268621,2.4513859e-06,0.0010244716,0.00016433618,4.3249745e-08
0.007050243,0.022995796,0.17134033,0.29422438,0.19186957,0.08218285,0.052910827,0.049915947,0.033669233,0.013970562,0.025744088,0.010686403,0.004887797,0.00263861,7.769616e-05,0.031296127,0.0033076974,3.614187e-06,0.0012250415,1.5667523e-06,1.558324e-06
8.780931e-06,0.00025239497,0.06503274,0.32848436,0.3554416,0.21310058,0.019467624,0.00988549,0.005017432,0.0009722516,0.0011262848,0.00026658017,0.00064028346,5.2310265e-06,7.850301e-07,0.00021275079,8.104681e-05,5.645008e-10,3.7865127e-06,5.9203904e-09,8.5204725e-12
2.8896991e-07,7.7963415e-07,7.1233794e-06,0.0003318874,0.0006135808,0.0068340017,0.019950159,0.01745904,0.016772246,0.09712597,0.08840818,0.2002585,0.23571213,0.0632834,0.12731694,0.01413736,0.089869305,0.0038214014,0.015744554,0.0023500575,3.1105674e-06
7.0688498e-06,1.0001205e-05,1.6051486e-05,0.00070324674,0.00037784962,0.0051263655,0.028988866,0.048975404,0.063955456,0.09655286,0.06349075,0.09295958,0.10464823,0.049595825,0.30924687,0.019014902,0.06443788,0.0012708524,0.05043238,0.00012781195,6.175804e-05
0.00010234718,0.00055799336,0.019755714,0.15544865,0.20162465,0.20684908,0.12681134,0.0594793,0.05519738,0.035833035,0.032442104,0.03180674,0.022267703,0.008239768,0.0007119417,0.028054453,0.012662753,6.6937428e-06,0.0020419506,0.000106174346,2.2348678e-07
4.969492e-06,1.9092786e-05,0.00068515836,0.027901571,0.08208958,0.37405044,0.23853524,0.14385033,0.0618495,0.025675565,0.010007453,0.0105627645,0.004637221,0.0021933934,0.0053895786,0.002465701,0.0098715285,6.806603e-07,0.00017557501,3.463775e-05,3.6630239e-09
1.1170261e-05,0.0002743013,0.05052193,0.29352012,0.34757838,0.262837,0.023449142,0.011649037,0.0063141724,0.0012144179,0.0012500058,0.0003199531,0.00073873746,6.7471283e-06,2.0450534e-06,0.00020314583,0.00010422583,1.083883e-09,5.467264e-06,1.6277722e-08,1.8078218e-11
2.3732164e-05,0.0005722114,0.09304139,0.35981378,0.33158696,0.17603458,0.019153079,0.010626329,0.005379358,0.0010406479,0.0013235951,0.00031066657,0.0006639127,7.2391163e-06,8.4372056e-07,0.0003169012,9.907225e-05,1.2097943e-09,5.59339e-06,6.883967e-09,2.8689556e-11
8.8189495e-07,4.3170676e-06,0.0001224316,0.004477529,0.012492649,0.070517786,0.07923202,0.04818983,0.046162535,0.13586572,0.116826996,0.13109718,0.2146595,0.016497262,0.06284359,0.0066274097,0.044969227,0.0001146743,0.008664132,0.0006341955,1.7482873e-07
3.7196453e-06,2.5494279e-05,0.0018168631,0.040731195,0.10508698,0.49928516,0.14308606,0.078071244,0.03977548,0.022087801,0.013567513,0.013867049,0.027913146,0.0017001041,0.0038490917,0.002571902,0.006169257,2.6616792e-06,0.00035396343,3.527463e-05,6.6904686e-09
1.3457216e-07,5.9400065e-08,3.4121616e-08,1.016623e-05,7.0242845e-07,2.8948745e-05,0.002155344,0.019411772,0.1337975,0.117180824,0.14213617,0.19879985,0.17061312,0.030593224,0.04783989,0.04109078,0.07488992,0.0019594324,0.019420864,1.6785297e-08,7.127226e-05
2.3852464e-05,3.6873622e-05,0.00025399643,0.009817496,0.0059416094,0.043675564,0.16272573,0.25110808,0.1860756,0.08941363,0.046146274,0.05632415,0.01871849,0.006940672,0.012686272,0.048077464,0.06105206,4.482192e-05,0.00093251036,4.170834e-06,6.7496984e-07
4.2393763e-06,2.050722e-05,0.0006852452,0.018486718,0.04444477,0.30534405,0.15702978,0.08874242,0.05555757,0.051501732,0.034822743,0.06147132,0.100045554,0.014067988,0.027500035,0.009480882,0.02726123,8.460152e-05,0.0025952295,0.00085332786,1.362774e-07
8.787271e-06,0.00011233889,0.015835624,0.15009809,0.2654282,0.4019258,0.07254296,0.037339322,0.021040771,0.009080676,0.007923221,0.004390779,0.010630618,0.0002551523,0.000117203956,0.0016327242,0.0015384286,1.6926941e-07,9.7408294e-05,1.7904699e-06,1.1460389e-09
6.9689835e-05,0.00011875365,0.00037057995,0.01106902,0.0045162267,0.030930955,0.115915656,0.16976091,0.16323766,0.15576467,0.07019732,0.08290094,0.038417466,0.014312938,0.047111634,0.040890817,0.046241373,9.922106e-05,0.008060245,7.451042e-06,6.468165e-06
0.00093243737,0.0133167645,0.29916003,0.41175884,0.18143073,0.07009277,0.01033193,0.007117852,0.003528874,0.00047532603,0.0010572299,0.0001337894,0.00017719822,3.3982283e-06,1.261157e-07,0.0004375736,4.0605566e-05,6.5499683e-10,4.4806166e-06,2.4996671e-10,1.3003422e-10
1.1654128e-05,2.0367925e-05,5.781993e-05,0.0032238306,0.0013418802,0.017168457,0.08498008,0.1341755,0.14022367,0.1546649,0.06882149,0.08893111,0.062281806,0.022483429,0.12656884,0.026671154,0.053230762,0.00012334429,0.015004252,1.06485095e-05,5.0355434e-06
1.2100671e-05,1.7845894e-05,0.00013099003,0.00463569,0.0071677156,0.075322844,0.15790024,0.23409137,0.11562513,0.0562052,0.032530874,0.04368149,0.028792376,0.029208712,0.03636043,0.030530147,0.1457721,0.00026248558,0.001336202,0.00041459964,1.4575003e-06
0.11698183,0.5831575,0.23998319,0.047765575,0.0066007646,0.0045393542,0.0005001235,0.00023208148,0.00014036726,1.10465535e-05,6.48058e-05,1.6350842e-06,1.4009457e-06,3.2011375e-08,3.720754e-10,1.9786246e-05,4.025269e-07,2.3978655e-12,2.2681341e-07,3.7811568e-14,9.073925e-12
1.1071987e-05,0.00020178997,0.04418278,0.24712816,0.33786294,0.28311053,0.040152986,0.022636032,0.011012742,0.0036284316,0.0036069567,0.0013904306,0.0035027904,6.186505e-05,9.411139e-06,0.0010011544,0.00047553,1.8972255e-08,2.4263327e-05,1.2266786e-07,2.0888533e-10
5.112317e-05,5.8827143e-05,0.00012271885,0.0035435064,0.0010831392,0.008442561,0.05631929,0.12996627,0.16273266,0.1479696,0.08930717,0.114591084,0.06514237,0.020951925,0.041276466,0.06913388,0.07816457,0.00056354917,0.010534662,5.57906e-06,3.902465e-05
0.00022985837,0.0012377256,0.044146243,0.18518573,0.16907667,0.19020796,0.08121437,0.08645415,0.04436195,0.028167717,0.03013182,0.026295492,0.04043976,0.00805909,0.00037917792,0.05236823,0.010927123,2.148982e-05,0.0010858154,9.091841e-06,5.4732965e-07
4.6826253e-06,0.00015011319,0.04411299,0.29849437,0.36001772,0.26160705,0.019398157,0.008990148,0.0047386913,0.00081298343,0.00084185717,0.00018914664,0.00046772923,2.8291374e-06,7.550177e-07,0.00011293385,5.56375e-05,2.1044498e-10,2.2734578e-06,4.0828114e-09,2.5450176e-12
0.19857161,0.62181973,0.15294634,0.020987378,0.002842961,0.0022362068,0.000282864,0.00014954394,8.804912e-05,7.509792e-06,4.7991238e-05,1.2199823e-06,9.258548e-07,3.751254e-08,3.558793e-10,1.710053e-05,2.978284e-07,4.1341227e-12,2.3580597e-07,3.2906485e-14,2.3214148e-11
2.7486874e-05,0.0008018561,0.09845383,0.40752032,0.29716423,0.16923085,0.014026867,0.0073163975,0.003766112,0.00052943424,0.0006623851,0.000107507876,0.00022680136,1.3921856e-06,2.2417368e-07,0.00012934428,3.3219436e-05,1.2307219e-10,1.7472862e-06,7.7601003e-10,4.015913e-12
5.909083e-06,2.0997584e-05,0.00057277305,0.02265663,0.07158968,0.33182144,0.24194252,0.13715994,0.07128877,0.03697851,0.016563388,0.019870674,0.008997324,0.005377189,0.012969398,0.0034402786,0.01803393,2.7906945e-06,0.00050444575,0.00020339353,1.5101904e-08
2.8213728e-05,6.219283e-05,0.00056013995,0.018269625,0.014424566,0.09457142,0.1879733,0.22784095,0.13181825,0.11739356,0.04824161,0.04627611,0.02660718,0.0059413984,0.029798679,0.017228033,0.031214578,1.7790442e-05,0.0017272301,4.6644755e-06,4.144848e-07
6.4804844e-06,1.1701787e-05,6.433522e-05,0.004188221,0.0020653217,0.02507897,0.1159151,0.18237129,0.14743544,0.16363345,0.067574754,0.08037854,0.047558792,0.012046852,0.07265873,0.024159959,0.050747383,3.6485857e-05,0.0040650587,2.4046517e-06,7.703192e-07
2.3369205e-06,1.4929813e-06,9.005328e-07,5.044181e-05,1.8508306e-05,0.00046159216,0.005898496,0.0230269,0.052172787,0.043489035,0.044601414,0.08721852,0.1685906,0.10979239,0.15690486,0.05081661,0.19226718,0.028915048,0.034540795,0.0003486295,0.0008815309
1.8864814e-05,3.176488e-05,0.00021652898,0.006205082,0.01363509,0.090548046,0.14314961,0.13779171,0.08914755,0.066251546,0.043951456,0.066338725,0.037322976,0.05508085,0.08641472,0.020760005,0.13307138,0.00046984598,0.0043075443,0.0052832235,3.5265175e-06
3.1413674e-05,6.793972e-05,0.0006404269,0.025053967,0.014470212,0.07337914,0.19885312,0.25981408,0.1828318,0.084452465,0.04028989,0.043735538,0.009262494,0.002473539,0.0053785793,0.031036584,0.027752437,6.4158285e-06,0.00046913896,6.885624e-07,1.1398956e-07
2.5909644e-06,1.2762633e-06,7.645332e-07,4.5100318e-05,1.2352562e-05,0.00030141248,0.004699802,0.023967018,0.06171457,0.045797218,0.050045233,0.09469718,0.20592721,0.09623955,0.1024201,0.06192035,0.18814032,0.039739788,0.022875972,8.8715984e-05,0.0013635487
3.7760372e-05,0.0009041305,0.10719438,0.38730046,0.30835554,0.16175805,0.017044706,0.009536712,0.0048910454,0.00085044623,0.0011058043,0.00022589514,0.00045465442,4.427218e-06,5.7218494e-07,0.00025920884,7.175226e-05,7.0673223e-10,4.3809628e-06,3.4094105e-09,2.3243926e-11
1.2811573e-05,2.9837438e-05,0.00049676857,0.019901512,0.030694526,0.1855336,0.25572285,0.2445805,0.11035623,0.04998713,0.019556925,0.021360168,0.008405729,0.004486663,0.012342449,0.010037178,0.026073119,4.4895546e-06,0.00040189087,1.5580305e-05,4.2573788e-08
3.347191e-06,3.9622464e-06,4.4140047e-06,0.00032943365,8.211716e-05,0.0017105874,0.021279851,0.05792975,0.103806384,0.11989282,0.07019361,0.1141461,0.122987494,0.046029706,0.18500035,0.03405575,0.068514645,0.00093841983,0.05302721,9.772391e-06,5.430756e-05
1.4218977e-05,1.6386059e-05,5.0154056e-05,0.002671458,0.0009147022,0.010102816,0.078494765,0.16076313,0.21246919,0.121840715,0.067830995,0.09458395,0.041686907,0.015715197,0.030310722,0.0684934,0.089831874,0.00019904705,0.0040011047,3.7599941e-06,5.5159912e-06
1.0794383e-06,2.5824886e-06,1.6306192e-05,0.0011500194,0.0017673852,0.03821247,0.061275724,0.050204776,0.03805654,0.0508483,0.032002103,0.0910716,0.08075061,0.05423101,0.4171218,0.01002712,0.05692391,0.0010629492,0.012285957,0.002985775,1.965242e-06
1.4944841e-06,7.030985e-06,0.000377881,0.02075054,0.046581388,0.4607343,0.2048456,0.15365747,0.05012609,0.023509791,0.007529903,0.008120269,0.008187895,0.0008711132,0.0086850235,0.0014441505,0.0044629527,3.516468e-07,0.00010460867,2.168427e-06,1.0878819e-09
1.173745e-06,5.947365e-07,9.097975e-08,5.0217973e-06,4.5857593e-07,1.9836078e-05,0.0005405049,0.0025063162,0.013279843,0.02630032,0.0269165,0.048111346,0.14427713,0.12033106,0.17771588,0.14700006,0.025819339,0.08488012,0.13976307,1.7907281e-05,0.04251343
5.5995224e-06,1.2730807e-05,0.00017916122,0.011204588,0.01738552,0.15519094,0.2599627,0.23497784,0.11965166,0.05846237,0.022154383,0.026869932,0.010546216,0.007925262,0.028913427,0.009166981,0.03667758,5.715259e-06,0.0006744893,3.285644e-05,3.9920057e-08
7.248374e-06,2.1158372e-05,0.00032463484,0.007970949,0.01582414,0.08792244,0.10880163,0.105871536,0.064670146,0.13429905,0.08786703,0.08476569,0.13579044,0.016001297,0.08462253,0.009524346,0.049779814,0.00015951946,0.005603516,0.0001718946,9.931205e-07
1.47964165e-05,2.2106893e-05,7.557018e-05,0.0044609634,0.0012977469,0.015086478,0.09594503,0.19186042,0.2011574,0.15624955,0.06534068,0.08672238,0.036019463,0.010278868,0.029219508,0.050621197,0.051643923,4.743042e-05,0.003933947,7.4849083e-07,1.7162629e-06
0.00026096683,0.0047044368,0.21762554,0.42600226,0.23318505,0.091567084,0.012068578,0.007969372,0.0040111938,0.0005886514,0.0011163516,0.00017366018,0.0002656052,3.9323368e-06,1.9715797e-07,0.00040086298,5.1774077e-05,6.991239e-10,4.4527646e-06,6.3946554e-10,6.831682e-11
7.1236354e-07,8.473006e-06,0.0017126753,0.049204588,0.14994931,0.61040395,0.098253086,0.040951263,0.021039885,0.008346153,0.005045752,0.003807346,0.008615762,0.0002201052,0.00044019465,0.0005663434,0.0013791886,6.971054e-08,5.1939252e-05,3.2624068e-06,1.0215995e-10
2.1056917e-06,4.0161358e-05,0.00910658,0.129149,0.30342606,0.37041244,0.07151868,0.03418924,0.022642177,0.02081166,0.020395016,0.0055655865,0.010958399,6.641435e-05,9.6412405e-05,0.0005238616,0.0009915264,1.11139125e-08,0.00010456379,1.0879868e-07,6.005755e-11
1.7778491e-05,0.00043816664,0.06658565,0.3327471,0.32646945,0.23133282,0.021705285,0.011567411,0.0058194757,0.0010662441,0.0010982004,0.00025542805,0.0005759196,5.286709e-06,1.3079284e-06,0.000222936,8.7357876e-05,8.694657e-10,4.2025654e-06,7.65655e-09,1.8516643e-11
0.23223911,0.6113774,0.13525268,0.016482556,0.0022753268,0.001830611,0.00024628465,0.00014012035,7.9471865e-05,7.3582037e-06,4.769328e-05,1.271446e-06,9.1489954e-07,4.7509808e-08,4.2132758e-10,1.8554601e-05,3.0388955e-07,6.4161944e-12,2.6411598e-07,3.9087243e-14,3.9250766e-11
4.1087333e-06,1.1933556e-05,0.000137461,0.008276433,0.012457983,0.18248715,0.17115833,0.14352608,0.07642032,0.061270107,0.025768775,0.038389716,0.03873876,0.013120248,0.19587155,0.0058038323,0.022920765,2.4821407e-05,0.003529065,8.244117e-05,1.9775729e-07
5.400545e-06,5.253727e-06,1.1265829e-05,0.00073379255,0.00036811698,0.00636098,0.04861508,0.100457445,0.1452398,0.089717954,0.05881983,0.09154677,0.073963046,0.047390904,0.123233706,0.042520948,0.15956593,0.00095159886,0.0103957215,7.574257e-05,2.0741692e-05
1.5925092e-05,4.00051e-05,0.0005612817,0.027628187,0.021868758,0.12593952,0.24723898,0.25018996,0.158999,0.0680313,0.025647985,0.02695556,0.00640307,0.0019082091,0.0064972946,0.014250303,0.017486835,1.4862509e-06,0.00033552852,7.985199e-07,2.2592785e-08
7.429319e-06,9.226584e-06,4.4884844e-05,0.0017712382,0.0032527812,0.03545709,0.08459262,0.11828963,0.07899307,0.060234476,0.04342162,0.07209569,0.049932815,0.07786913,0.1045911,0.02942664,0.23082386,0.0013069804,0.004200493,0.0036728955,6.4573333e-06
1.3154103e-05,3.635662e-05,0.0007215248,0.027691282,0.047514774,0.24852265,0.26375148,0.20546451,0.0941069,0.041599408,0.015087801,0.015663479,0.005860308,0.0028710335,0.009935841,0.0059825582,0.014842597,1.6488111e-06,0.00032142858,1.1296867e-05,1.7851086e-08
9.379134e-06,1.4765175e-05,7.136477e-05,0.005619234,0.0012205349,0.008538943,0.08127288,0.17797825,0.24816981,0.15548286,0.1006168,0.10844971,0.0124173835,0.002742398,0.0042388085,0.05389006,0.038329978,9.378204e-06,0.0009273312,1.6958353e-08,1.6272374e-07
2.071924e-05,5.3423115e-05,0.00087766105,0.021290272,0.05383655,0.26455495,0.22339506,0.19517455,0.08115304,0.03651684,0.01835879,0.021842588,0.011975601,0.010002841,0.012596581,0.009342888,0.03794231,2.4306924e-05,0.00061312644,0.00042775663,1.5998577e-07
1.8647537e-06,7.2121447e-06,0.000120289566,0.0062692836,0.0129845375,0.10797505,0.13475057,0.09329233,0.071546346,0.13752398,0.08136768,0.0708429,0.09082908,0.011860465,0.13248663,0.004571154,0.03490338,2.9509136e-05,0.008463496,0.00017409743,1.4483788e-07
0.00012022925,0.002885568,0.18484199,0.45089972,0.24231325,0.098171555,0.0103464415,0.005911004,0.0030199136,0.0003804285,0.00067819876,8.731537e-05,0.00014521639,1.1968503e-06,7.903847e-08,0.00017147615,2.4811157e-05,1.1088613e-10,1.6781418e-06,1.7480407e-10,8.258794e-12
7.952476e-06,0.0001165478,0.021172574,0.18897896,0.27850157,0.35191658,0.06545184,0.031177305,0.0195496,0.009456137,0.009477753,0.0055797617,0.013485325,0.00034281894,5.8941445e-05,0.0028802908,0.001730618,1.7449912e-07,0.00011359084,1.6135892e-06,9.730168e-10
2.1939573e-05,3.1134165e-05,8.0759e-05,0.0043514557,0.0009887051,0.009353023,0.07445521,0.1652718,0.21235302,0.16895005,0.08228641,0.102789044,0.032627393,0.009685083,0.019625533,0.059197597,0.052564736,5.712306e-05,0.005306945,3.9234163e-07,2.670191e-06
3.647373e-05,8.262701e-05,0.00065654883,0.02138739,0.014559555,0.09113379,0.18817987,0.22118263,0.14321606,0.11998051,0.049011555,0.04654257,0.023508705,0.005412783,0.025635248,0.01894479,0.028579937,1.504157e-05,0.0019299822,3.5960672e-06,4.4223717e-07
5.9009017e-07,4.464986e-07,3.957694e-07,4.7208385e-05,1.5657068e-05,0.00057736406,0.009856685,0.03287059,0.08164843,0.058683723,0.047799975,0.09580062,0.13546154,0.08691625,0.2220756,0.033703264,0.1593692,0.0040301685,0.030987874,6.403292e-05,9.042508e-05
0.07809908,0.22877233,0.37164095,0.19253796,0.061974935,0.030782433,0.012326923,0.009066248,0.0049242717,0.0013505311,0.004453701,0.0005539438,0.00029929657,7.3553405e-05,1.8116968e-06,0.0028814957,0.00016958707,6.169054e-08,9.0838286e-05,4.5274406e-09,8.5716e-08
0.36452,0.5085158,0.10936982,0.012685723,0.0021509521,0.0018545724,0.00031203675,0.00026487975,0.00012497402,2.0311329e-05,0.00010851191,4.7767644e-06,2.7990243e-06,4.1840093e-07,4.440253e-09,6.219553e-05,1.0876854e-06,2.0211455e-10,1.1998762e-06,6.9208983e-13,1.1857371e-09
4.51124e-06,2.8145323e-06,2.1232322e-06,0.00013578945,2.2246199e-05,0.00040478003,0.00823079,0.03596632,0.12324534,0.10054977,0.094657116,0.14580575,0.15949184,0.054484576,0.08285072,0.058152176,0.09585921,0.0064554648,0.033211254,4.080318e-06,0.00046334852
2.1664546e-06,1.2640398e-06,1.8691284e-07,7.918685e-06,7.6711774e-07,2.8072755e-05,0.00058068585,0.0020696316,0.01100417,0.024049394,0.025284639,0.04015297,0.10902156,0.10438668,0.14553228,0.17205687,0.021955034,0.10370122,0.192736,4.698814e-05,0.047381468
1.0504443e-06,8.2632505e-06,0.0005962301,0.01727941,0.048545882,0.16957809,0.118031,0.072841555,0.054972623,0.1301459,0.105397925,0.07620014,0.16283667,0.004498081,0.011214742,0.0049646883,0.020509534,7.647353e-06,0.002342359,2.8201932e-05,1.4357061e-08
7.815729e-09,9.138561e-09,7.847327e-08,0.00012225009,6.229815e-06,0.0001348784,0.01372011,0.10688188,0.30384827,0.18526042,0.19456096,0.14868414,0.0032734454,0.00015973824,0.00016458269,0.021357194,0.021784425,6.459112e-08,4.1366377e-05,3.17315e-14,5.455983e-11
3.37377e-05,8.7685024e-05,0.0012834166,0.02786234,0.06543417,0.25789067,0.22454223,0.17521408,0.0835918,0.042479254,0.021366969,0.023449758,0.012212525,0.00892531,0.01563116,0.008564055,0.030215044,1.8827042e-05,0.00087774766,0.00031900764,2.2248678e-07
1.3294502e-06,8.870548e-06,0.00046467665,0.024645004,0.06146604,0.3495509,0.20122992,0.10014463,0.06519683,0.083282046,0.037762165,0.022080896,0.026139012,0.0013532132,0.016819801,0.0014491273,0.007318109,3.4999417e-07,0.0010813143,5.74188e-06,1.7523463e-09
9.2475966e-05,0.0006628315,0.030839607,0.20146967,0.310295,0.26173234,0.086277,0.03537357,0.029536912,0.011788268,0.011106295,0.0070509566,0.005588086,0.0008121809,0.00017909965,0.0041053146,0.0026874363,4.8148513e-07,0.00038567974,1.6789934e-05,1.945139e-08
8.727686e-06,2.5102068e-05,0.00033078453,0.00980851,0.020232698,0.204217,0.14598627,0.120370306,0.06290982,0.05409997,0.0328568,0.06266542,0.077821024,0.024167657,0.12779272,0.010226602,0.04070667,0.00029871924,0.0043628854,0.001111265,1.0401143e-06
8.233029e-06,3.8727153e-06,2.9043772e-06,9.520994e-05,4.518624e-05,0.0010211739,0.0059179305,0.022938069,0.036839094,0.03274728,0.035706434,0.05860485,0.14447863,0.11656743,0.0791536,0.110427424,0.25398025,0.08605842,0.012191078,0.00174256,0.0014704057
0.00025659995,0.0015080398,0.05255442,0.24386972,0.27051023,0.18034568,0.08973715,0.049057778,0.037281018,0.0175001,0.017734498,0.011718674,0.0076049194,0.0019358812,0.00016691793,0.01297931,0.0045382925,1.3065702e-06,0.0006888879,1.0429744e-05,9.471933e-08
0.0041583176,0.07311826,0.36883962,0.3957247,0.09202902,0.059524603,0.0040655825,0.0014481297,0.00086169236,4.5996716e-05,0.00014939849,4.6423766e-06,5.7915763e-06,2.0077781e-08,1.1014729e-09,2.281191e-05,1.2632684e-06,5.268853e-13,1.3257872e-07,1.1610972e-13,1.9143693e-13
1.727659e-05,2.1783388e-05,0.00010809959,0.0031496303,0.004935233,0.05105971,0.11176648,0.17405318,0.09697006,0.054697722,0.03642252,0.055411234,0.041854627,0.057239518,0.057086036,0.039614614,0.20980853,0.0012020349,0.0027142786,0.001859984,7.46852e-06
4.044151e-05,5.2539137e-05,0.0002853257,0.0058418605,0.0076831905,0.06449383,0.13301633,0.22347605,0.109015286,0.05386983,0.035502743,0.048992652,0.036546987,0.035021927,0.028360004,0.05323474,0.16119692,0.0009519303,0.0018448463,0.00056411413,8.393796e-06
4.6123392e-07,6.740956e-06,0.001794253,0.056395847,0.16884418,0.6042454,0.08785539,0.031931475,0.019755218,0.008332945,0.005576963,0.0039715003,0.0091941785,0.00016463686,0.0002749597,0.00049200916,0.0011067631,3.2199704e-08,5.4659813e-05,2.2962786e-06,4.4162732e-11
3.9709503e-06,1.2791129e-05,0.00019599697,0.0062909834,0.013715483,0.15497282,0.1310057,0.09055606,0.053132985,0.061432146,0.04032007,0.10112637,0.120703295,0.03799663,0.10889406,0.014358884,0.05610438,0.0007602357,0.0051662624,0.0032498739,9.934186e-07
6.936475e-06,7.4305835e-06,2.4536746e-05,0.00158315,0.0007518911,0.01143331,0.08135369,0.16306709,0.19432062,0.10088006,0.054290283,0.08178597,0.048882015,0.024598453,0.05339467,0.05257256,0.12683202,0.00028453724,0.003908994,1.6711447e-05,5.084518e-06
2.4119856e-05,8.772914e-05,0.0023418802,0.050565775,0.11803062,0.37129435,0.20554683,0.13495432,0.05727441,0.021862196,0.009171631,0.0088168485,0.004085266,0.0016218204,0.0032982386,0.003416297,0.007395306,1.122564e-06,0.00018934031,2.1873235e-05,1.38727785e-08
0.00028277104,0.004605672,0.21882476,0.41193143,0.23976187,0.09338387,0.013386573,0.009571856,0.004715095,0.0007532921,0.0014354617,0.00025677818,0.00037973226,7.5100947e-06,3.155476e-07,0.0006189023,7.725143e-05,1.641728e-09,6.8003337e-06,1.3072728e-09,1.5523208e-10
9.622671e-06,1.0586271e-05,3.766117e-05,0.0020338632,0.0011381347,0.015386335,0.0910675,0.16977088,0.18309154,0.09572196,0.052881338,0.07662734,0.046626445,0.025946246,0.05407347,0.05048992,0.13101874,0.00031972164,0.003712664,3.0420077e-05,5.519857e-06
3.1934935e-06,9.40934e-06,9.6368225e-05,0.00442493,0.008454362,0.111770235,0.109844066,0.08016406,0.05640844,0.0626336,0.039525483,0.08199841,0.08894137,0.033319008,0.2571923,0.008972806,0.04467934,0.00032723395,0.009449632,0.0017846827,1.0547869e-06
3.396989e-08,1.023215e-08,2.0498796e-09,6.4925047e-07,4.0782837e-08,3.1557518e-06,0.00032730695,0.0042291647,0.04128333,0.040584937,0.06511884,0.112842895,0.33795455,0.09661043,0.13357107,0.04974471,0.057623256,0.027723867,0.02968751,1.1776285e-07,0.0026941414
9.246998e-07,4.2922165e-06,0.00017271697,0.012751801,0.028290283,0.24822561,0.22092977,0.16037156,0.07939557,0.09601958,0.03879304,0.029037109,0.033727787,0.0026575627,0.030833315,0.002309885,0.015616265,1.2935396e-06,0.00085375423,7.9178635e-06,3.900774e-09
1.9681447e-05,0.00032424842,0.06121044,0.28675815,0.33293706,0.228354,0.03804459,0.022540249,0.011943622,0.004176958,0.004855329,0.0020081825,0.0043341923,9.5352996e-05,8.413809e-06,0.0017595624,0.0005918088,3.2770107e-08,3.7963327e-05,1.2715672e-07,4.708803e-10
1.1578032e-05,1.0772202e-05,3.0491748e-05,0.0012894205,0.00068401074,0.008740167,0.058585357,0.14115766,0.1625887,0.08924262,0.059596173,0.0838761,0.0661815,0.030597629,0.046961874,0.06643815,0.1785337,0.0010453017,0.0043695876,3.8951188e-05,2.0265274e-05
1.23373065e-05,1.04746605e-05,2.328164e-05,0.00097063987,0.00044885164,0.0063401507,0.045068383,0.12362858,0.15993385,0.08223962,0.059076946,0.08618662,0.08158432,0.037632633,0.043030646,0.07781333,0.18858473,0.0021695301,0.005152064,4.739704e-05,4.5577763e-05
5.2494583e-05,0.00018675547,0.00425029,0.05565085,0.13481852,0.26516995,0.18093595,0.12753108,0.07372589,0.043743525,0.027224613,0.026160479,0.015836386,0.0077490406,0.0058555827,0.009967923,0.01984716,9.80631e-06,0.0011499271,0.00013353185,2.1281897e-07
5.019059e-06,1.6591675e-05,0.00031680538,0.016738424,0.021249704,0.16769457,0.22100548,0.20282093,0.10474847,0.10658927,0.039152946,0.030630348,0.02513637,0.0034871886,0.035337463,0.0051391735,0.018774297,2.801886e-06,0.0011501139,4.005567e-06,2.810214e-08
5.315872e-05,0.00016736836,0.002100935,0.027064366,0.04963451,0.09510264,0.110217646,0.053299285,0.06598218,0.07752986,0.069274746,0.13210674,0.073902234,0.08176439,0.015155088,0.051203255,0.06291106,0.0003951252,0.017215664,0.014913606,6.1329897e-06
1.3712636e-06,8.797141e-06,0.0005963899,0.028452706,0.07366306,0.55438375,0.17389326,0.08463358,0.03781183,0.018352022,0.0066910414,0.0059522483,0.0062256157,0.0005136042,0.0055897613,0.0008040138,0.0022875834,1.0716431e-07,0.00013695686,2.2403256e-06,4.5162177e-10
1.5827152e-06,1.4761295e-06,1.0167132e-06,4.2001142e-05,3.594707e-05,0.00086832076,0.0045430395,0.006675921,0.016309882,0.0272847,0.03656841,0.07214805,0.05681607,0.12299864,0.047803942,0.08823674,0.13961656,0.23695664,0.028184723,0.11468331,0.0002229961
1.3563307e-05,1.9930249e-05,4.5450262e-05,0.0017318113,0.00096851465,0.011530912,0.053400185,0.08754133,0.09066525,0.11470033,0.06803395,0.09430018,0.09632011,0.040781736,0.21368523,0.025421983,0.07368375,0.00087326067,0.026151268,9.6159776e-05,3.5047695e-05
9.1554844e-05,0.0007290995,0.040041033,0.2409428,0.31253225,0.2204435,0.079123534,0.03297686,0.028333835,0.011624889,0.011938701,0.007247387,0.0052827885,0.000735337,9.257251e-05,0.0051690717,0.0023369163,2.8481873e-07,0.00035114307,6.50276e-06,1.2631181e-08
4.5838467e-05,0.00023170964,0.0087021105,0.09844064,0.14581355,0.19997235,0.14509726,0.07147557,0.06518312,0.05102853,0.04080123,0.05028644,0.036534403,0.018091224,0.0015121653,0.04071039,0.023081185,1.5265383e-05,0.0027163045,0.0002604,2.8056724e-07
2.8841218e-06,2.421551e-06,9.4785355e-07,4.4830136e-05,1.7886441e-05,0.00040617795,0.003568047,0.008929612,0.02563283,0.033284325,0.03865144,0.06535759,0.10050237,0.12048085,0.15145728,0.07677408,0.1414784,0.11030824,0.116125755,0.0053530983,0.001620917
8.2555045e-05,0.0023552005,0.17077212,0.46572796,0.24278954,0.10131563,0.008860186,0.004627435,0.0024582674,0.0002694197,0.0004782843,5.2910855e-05,9.545304e-05,5.4389784e-07,4.0685187e-08,9.873197e-05,1.4703325e-05,3.272117e-11,9.5024336e-07,7.7710886e-11,2.2463476e-12
9.238663e-06,4.7148374e-06,6.411068e-07,1.3423509e-05,1.299891e-06,3.4755598e-05,0.0004438673,0.0013310573,0.007250625,0.01784143,0.017123137,0.025584117,0.060329195,0.08917771,0.083003305,0.33789212,0.010431347,0.14016642,0.0745832,6.2967396e-05,0.13471544
0.003193573,0.040193666,0.39347646,0.37235045,0.12190061,0.054070104,0.007046539,0.0042179693,0.002225817,0.00024988555,0.00068109506,5.601512e-05,7.14546e-05,1.2046257e-06,3.7080852e-08,0.0002455614,1.7104448e-05,1.7230009e-10,2.559793e-06,4.015765e-11,6.382678e-11
0.00010311435,0.0015446059,0.13553336,0.36032742,0.30138326,0.1463876,0.02254252,0.01648851,0.008004814,0.0017663379,0.0025717127,0.0007117174,0.0012455313,3.066329e-05,1.9425406e-06,0.0011036384,0.00023617622,1.0815115e-08,1.706521e-05,1.7337808e-08,4.7636084e-10
2.6772896e-06,1.3717339e-05,0.0005033144,0.015057724,0.043253735,0.2010052,0.1503761,0.09290767,0.06778274,0.11633985,0.07836565,0.061091393,0.10046801,0.005965963,0.035259258,0.004044472,0.024061382,1.4931953e-05,0.0033712105,0.00011497991,5.254786e-08
7.596537e-06,9.691817e-06,3.0396497e-05,0.0011858282,0.00093242194,0.012970937,0.051730484,0.09424996,0.074114226,0.095561884,0.06084391,0.094914146,0.110586606,0.04715304,0.19095874,0.027203968,0.12409877,0.0017485372,0.011478353,0.00019367455,2.6788204e-05
0.0038950332,0.04413893,0.39815876,0.36168575,0.12074208,0.054541856,0.007718443,0.004947566,0.0025174487,0.00030822196,0.00081740745,7.312491e-05,9.0283604e-05,1.9328493e-06,5.754385e-08,0.0003367193,2.2792183e-05,3.4753045e-10,3.6204578e-06,6.705955e-11,1.3599732e-10
1.1675692e-05,1.0626946e-05,1.5816235e-05,0.00090003316,0.00016394042,0.0020195867,0.027273625,0.094836965,0.18096037,0.16172317,0.10597709,0.13940391,0.07536069,0.019991223,0.031609043,0.0656079,0.081279874,0.0005139383,0.012311567,5.828128e-07,2.8374245e-05
4.3919832e-07,3.0046403e-06,0.00014432147,0.0056714555,0.016884876,0.07825697,0.07644124,0.038900167,0.044404134,0.14164361,0.13344957,0.13460569,0.24363126,0.010790866,0.030732801,0.0054951888,0.030740594,3.3088247e-05,0.007894498,0.00027621535,4.0434358e-08
3.9395236e-05,7.690004e-05,0.0009369518,0.023048561,0.024300884,0.13124369,0.20850994,0.29101083,0.13375543,0.04902507,0.0251267,0.028671198,0.011274443,0.0041668043,0.0056535807,0.026257023,0.036502447,1.9916692e-05,0.00037133435,8.622911e-06,2.2160329e-07
8.945191e-06,2.1676005e-05,0.00022313588,0.00842105,0.0135746645,0.16933341,0.15731305,0.15632,0.071537346,0.05681189,0.028749311,0.048555672,0.053203274,0.020015191,0.16651778,0.009308824,0.03637153,0.00015047293,0.0032828124,0.00027906793,9.465912e-07
6.1625583e-06,0.0001708643,0.055877686,0.29840273,0.37596262,0.2262739,0.022201804,0.010238331,0.005740404,0.0013773843,0.001659297,0.0004682901,0.0011444788,1.0759003e-05,1.2005186e-06,0.00032792555,0.00012875638,1.2152798e-09,7.4106156e-06,1.7319794e-08,1.3940175e-11
0.000108115986,0.0002126772,0.0011359253,0.025063,0.013537915,0.05918524,0.15534487,0.20847566,0.15711781,0.13543698,0.064770326,0.06062413,0.022442564,0.0064829304,0.018297251,0.03428502,0.034782853,3.3066026e-05,0.0026587225,3.154555e-06,1.7623169e-06
7.9654745e-07,6.9996745e-06,0.0008460578,0.03145618,0.097863615,0.5538332,0.13647246,0.057026643,0.0351547,0.020413242,0.012784936,0.014310787,0.028619876,0.0012709463,0.0030848957,0.001542069,0.004967645,8.6909927e-07,0.0003029809,4.1142514e-05,9.312853e-10
1.7171585e-06,3.201038e-05,0.009542205,0.14405893,0.27239886,0.43734482,0.06374838,0.023444034,0.016935058,0.0075982716,0.00732457,0.0041463953,0.010849818,0.00016689293,4.9444738e-05,0.0011925942,0.0010958413,3.620078e-08,6.8925685e-05,1.156119e-06,1.0141287e-10
1.1110504e-05,8.635985e-06,5.8980713e-06,0.00027426291,4.255104e-05,0.00062442286,0.010234683,0.04189543,0.12000716,0.12401188,0.09652481,0.14806597,0.14019586,0.051348116,0.07899338,0.058137666,0.06860269,0.003861598,0.056671433,2.9909675e-06,0.00047946093
8.5559986e-07,8.180593e-06,0.0011043196,0.037882965,0.10977698,0.54037875,0.13042912,0.051902715,0.033752725,0.020535268,0.01386535,0.015528567,0.03376929,0.0013600875,0.0021541107,0.0019657463,0.005230422,9.914706e-07,0.00030865346,4.494759e-05,9.812835e-10
7.5204616e-07,6.388724e-06,0.0005829526,0.022318715,0.07686727,0.32722607,0.1613749,0.0803967,0.058230102,0.08983084,0.057962175,0.03522301,0.06524053,0.0016132457,0.010508455,0.0016836493,0.009802373,9.386666e-07,0.0011168143,1.4165733e-05,2.0431945e-09
3.0482945e-06,2.3854207e-06,3.8778674e-07,1.3167446e-05,2.0415125e-06,6.124094e-05,0.00071326504,0.0019758537,0.008137252,0.02186678,0.028703878,0.035211198,0.08220369,0.0688059,0.08094421,0.17922996,0.031338952,0.21963862,0.22472593,0.00045317807,0.01596903
0.23119876,0.60583866,0.13962224,0.018014345,0.0025892635,0.0020835001,0.0002933038,0.00016915625,9.6457545e-05,9.375141e-06,5.7783614e-05,1.6714504e-06,1.2109084e-06,6.7334526e-08,6.5566225e-10,2.342714e-05,4.120486e-07,1.0808816e-11,3.525181e-07,7.129346e-14,6.25297e-11
6.989738e-06,9.6856e-05,0.012622795,0.13294868,0.2806476,0.32618415,0.08162322,0.047405764,0.029731216,0.030187715,0.029547267,0.009041289,0.016279737,0.00016924164,0.0002197187,0.0011267206,0.0019404953,7.2404134e-08,0.00022016662,3.2517065e-07,6.3949646e-10
8.788758e-06,2.5810914e-05,0.00046600134,0.022859877,0.03793571,0.22633637,0.26892373,0.18996899,0.100053094,0.055896766,0.020144941,0.02078348,0.0077654673,0.004335282,0.021585146,0.0053818882,0.016891118,1.6770248e-06,0.00062052265,1.5295669e-05,1.910727e-08
0.36168993,0.44982865,0.15006587,0.025550064,0.0053256718,0.004044973,0.0011865989,0.0008658803,0.00047617563,0.00011272382,0.0005100005,3.289372e-05,1.662616e-05,4.0033256e-06,7.6450036e-08,0.00027274198,8.144028e-06,3.4346113e-09,8.976816e-06,4.1790304e-11,1.562766e-08
9.748819e-06,0.00018163401,0.03173104,0.22373739,0.35164887,0.23554967,0.052295916,0.035054006,0.019656785,0.016959853,0.019491686,0.0044920095,0.007276033,5.7627323e-05,2.7443773e-05,0.00090746017,0.00084312167,1.2575816e-08,7.970139e-05,2.317171e-08,1.6687965e-10
1.52386265e-05,2.2888242e-05,0.000112496564,0.0031998656,0.0071527585,0.045536123,0.084471636,0.07426416,0.06261303,0.061813336,0.049700245,0.09677544,0.04845719,0.10526316,0.10765692,0.025896747,0.17499822,0.0021059862,0.008981349,0.040951192,1.1997174e-05
9.7544935e-06,0.00027167218,0.06464169,0.32533798,0.35441303,0.21693175,0.019816713,0.010005131,0.005170137,0.0009968196,0.0011537598,0.00027665542,0.0006598494,5.6486138e-06,8.988554e-07,0.00021836146,8.591354e-05,6.6865097e-10,4.243004e-06,7.546207e-09,1.05098595e-11
4.0063656e-05,0.0010161502,0.10659845,0.39852244,0.29433078,0.16894618,0.015519449,0.008585823,0.0043323482,0.00064189755,0.00079346355,0.00014136151,0.00029294137,2.3926555e-06,3.5510476e-07,0.00018584164,4.7476824e-05,3.0625885e-10,2.6009857e-06,1.57532e-09,1.0910663e-11
2.0955213e-06,8.034164e-06,9.497219e-05,0.005407454,0.009207872,0.08200471,0.1202182,0.08143092,0.07067498,0.14789894,0.08263492,0.06891508,0.07976004,0.012899708,0.18873586,0.00469042,0.03101878,2.4929219e-05,0.014245204,0.00012676272,2.1201043e-07
0.311248,0.587574,0.09175969,0.007490475,0.00089634664,0.00081737066,9.76923e-05,5.6512796e-05,3.15132e-05,2.514444e-06,1.9081792e-05,3.838732e-07,2.5500017e-07,1.2239179e-08,8.534901e-11,5.9473905e-06,8.330043e-08,1.1289225e-12,8.769596e-08,3.763066e-15,9.353426e-12
1.4676374e-05,9.130989e-05,0.0039750417,0.05476811,0.12200971,0.2759889,0.14370239,0.107373305,0.05964417,0.0824307,0.054163594,0.027735634,0.045801118,0.0016721383,0.0057096966,0.0036667767,0.010121065,3.1910304e-06,0.0011206262,7.777641e-06,3.334197e-08
2.4919864e-05,5.0241044e-05,0.0006485951,0.020917283,0.02209044,0.12915988,0.22627382,0.28127953,0.13961722,0.05351679,0.023984674,0.027407913,0.010047472,0.0039112284,0.0074007874,0.020659817,0.032606397,1.0572766e-05,0.00038510753,7.1625e-06,1.2094611e-07
1.7172126e-05,4.2141004e-05,0.00082360406,0.025529046,0.04070636,0.21421807,0.23350285,0.26573944,0.099093445,0.037523113,0.015716352,0.017139195,0.0074609932,0.0032639224,0.0054039033,0.010941527,0.022635076,4.476474e-06,0.00022930751,9.926738e-06,3.7232542e-08
3.5486075e-06,2.805456e-06,5.115392e-06,0.00049755105,7.758126e-05,0.0010599658,0.021442644,0.083678514,0.21119972,0.15940039,0.12766483,0.1577533,0.057950057,0.012189747,0.01733375,0.05948297,0.08480609,0.00029012252,0.0051533356,9.702292e-08,7.829592e-06
3.6612968e-05,0.00015625817,0.0039484487,0.05923649,0.1689561,0.36740503,0.17681627,0.0849747,0.052677024,0.027265025,0.0150834285,0.014363392,0.008271402,0.0030587378,0.0045092744,0.0035909268,0.008822528,3.068734e-06,0.0006443828,0.00018089155,5.159124e-08
2.5252988e-05,6.681419e-05,0.0010496633,0.038067807,0.033582047,0.15539736,0.23797582,0.2567573,0.1408595,0.052327193,0.021564566,0.02209393,0.0054667513,0.0013969978,0.003506343,0.014306435,0.015340032,1.6202351e-06,0.00021363083,8.5399205e-07,2.2741933e-08
0.00062173465,0.0075261905,0.23336552,0.39011642,0.2305054,0.09437465,0.01689285,0.013722145,0.006684338,0.0012753706,0.0023431876,0.0004953961,0.00066992006,2.1084876e-05,1.0161843e-06,0.0012095746,0.00015759828,9.685574e-09,1.7628352e-05,4.9173874e-09,1.2265164e-09
1.9902361e-06,4.217551e-06,2.2934966e-05,0.0013472515,0.0017195872,0.022407334,0.059602566,0.06853526,0.05226408,0.10953794,0.067012765,0.087057605,0.095671296,0.03263118,0.30869085,0.008803509,0.06906597,0.0003443135,0.014956861,0.00031976876,2.6790444e-06
2.6728088e-05,2.699481e-05,3.203216e-05,0.001191515,0.00026902484,0.0029636761,0.029943306,0.08378977,0.14883403,0.14205588,0.08758924,0.12840329,0.09767171,0.03551521,0.06449898,0.068495005,0.07949808,0.0013609367,0.027699629,6.206917e-06,0.00012875568
0.062413175,0.3793391,0.38842377,0.12763707,0.024008168,0.014320833,0.0018465619,0.0010171545,0.0005646727,5.8239282e-05,0.00024586153,1.0673517e-05,1.01743635e-05,2.975899e-07,4.805925e-09,0.00010015206,2.9917505e-06,4.2941758e-11,1.1757681e-06,1.4594872e-12,8.080658e-11
9.804787e-05,0.00013307297,0.00024765488,0.006270093,0.0018978694,0.012790525,0.07048153,0.13367836,0.16742234,0.15563507,0.08412768,0.10728191,0.053924114,0.020868003,0.04375251,0.064868666,0.061495043,0.00038726832,0.014593753,8.07937e-06,3.838121e-05
1.0502421e-05,0.00032888592,0.062277973,0.35443074,0.32683903,0.2236243,0.017469648,0.008626657,0.004353336,0.00068874756,0.00072582904,0.00014116213,0.00031778993,1.861327e-06,4.6754607e-07,0.000118640695,4.2679338e-05,1.5635662e-10,1.7745041e-06,1.6654755e-09,2.9653931e-12
1.1935044e-05,3.2741606e-05,0.00069540786,0.024869682,0.050591897,0.2605529,0.25142232,0.21339743,0.08631249,0.037329163,0.014826126,0.0155556975,0.006691496,0.0035887556,0.0087089,0.0063506537,0.018752832,2.7607284e-06,0.0002825723,2.4266334e-05,2.212795e-08
6.300825e-05,7.891392e-05,0.00012256138,0.002392069,0.0012105248,0.009625808,0.043779545,0.07720338,0.08981579,0.10944087,0.07030732,0.096303724,0.10508846,0.053062458,0.18065052,0.039676275,0.0782136,0.0028382854,0.039655313,0.00019877669,0.0002727849
9.177989e-06,7.091612e-06,4.990272e-06,0.000100075646,7.5060634e-05,0.0013329199,0.0048652515,0.009089344,0.015339373,0.028488152,0.03484692,0.06069989,0.06447129,0.11126288,0.03475668,0.14068341,0.11735365,0.31001845,0.015555582,0.050185297,0.0008545401
2.1042315e-06,2.5199335e-05,0.0036912726,0.07988755,0.16089626,0.44379163,0.11138615,0.041218348,0.034389377,0.023989528,0.021093927,0.019589502,0.047314808,0.0015640358,0.000739944,0.0043237633,0.0055508697,1.058916e-06,0.00051454635,3.0149304e-05,1.92557e-09
1.526833e-06,6.5125087e-06,0.00015606481,0.0055460157,0.01260338,0.14870095,0.13097766,0.071952134,0.043413356,0.06517642,0.04483481,0.13077605,0.1670331,0.041844316,0.051744945,0.019331457,0.057083536,0.00086131133,0.0037597588,0.004196279,3.7957338e-07
8.014144e-06,2.0970734e-05,0.00032267463,0.013737234,0.035727847,0.23543018,0.24162318,0.17455944,0.0893039,0.049690943,0.02285844,0.029258762,0.013707239,0.012659796,0.03262198,0.0065812995,0.040345017,1.3500719e-05,0.0010758416,0.00045369656,8.00181e-08
0.06186981,0.39942515,0.3764783,0.123288065,0.022133324,0.01356106,0.0016161891,0.0008261424,0.00047488377,4.5197346e-05,0.00019545756,7.4781615e-06,7.4525037e-06,1.717788e-07,2.9797902e-09,6.8393856e-05,2.0920575e-06,2.055215e-11,8.172108e-07,7.62661e-13,4.018378e-11
0.00062679726,0.011163029,0.28451577,0.43509102,0.18123771,0.069959104,0.008416756,0.0049881316,0.002636431,0.00029464444,0.00067446975,6.8893634e-05,9.9606994e-05,1.1086589e-06,4.854163e-08,0.00020399161,2.043944e-05,1.298648e-10,2.0045222e-06,7.793533e-11,2.3518784e-11
6.1067385e-07,3.1179716e-06,8.779074e-05,0.0045255334,0.011809242,0.15570137,0.12976319,0.058450636,0.045491915,0.06778812,0.04904212,0.1431533,0.16251306,0.034895126,0.06275603,0.012158325,0.050096788,0.0003832805,0.00511288,0.0062674494,1.241644e-07
0.5603215,0.39614698,0.04115787,0.0018190515,0.00021528905,0.00025560235,3.0509886e-05,2.6190732e-05,1.1889248e-05,1.2942528e-06,1.0453463e-05,1.9505923e-07,1.03342366e-07,1.1124655e-08,6.511611e-11,2.8469556e-06,3.724262e-08,1.5866725e-12,6.16723e-08,1.7695994e-15,2.1343533e-11
8.033186e-06,8.70878e-06,2.8334987e-05,0.0013990152,0.0012467996,0.018910669,0.08085529,0.1407521,0.13598421,0.07126967,0.045895137,0.06984901,0.052962776,0.051013675,0.086162955,0.039907966,0.19752057,0.0009227616,0.004923641,0.0003689978,9.656091e-06
1.3359443e-06,1.902567e-05,0.004025396,0.087111175,0.19655208,0.50860745,0.09059204,0.032562573,0.024465382,0.012831593,0.010720418,0.007946052,0.019940555,0.00043027205,0.0002763894,0.0015553792,0.0021959837,1.485368e-07,0.00016034573,6.4105025e-06,2.915614e-10
3.6782578e-07,2.6668306e-07,7.252111e-08,3.0411481e-06,1.235185e-06,7.128205e-05,0.00045903918,0.0009737746,0.0030418227,0.007888861,0.01019582,0.019014254,0.023574518,0.038257208,0.007946698,0.1421419,0.03070057,0.6934215,0.0075572785,0.014376177,0.00037439668
1.2266964e-05,6.03206e-05,0.0021262143,0.055206966,0.094863035,0.3643654,0.18851098,0.14581823,0.06131149,0.042762123,0.01619951,0.009457528,0.0075968653,0.00059713644,0.0035916995,0.0022670764,0.005044404,3.551362e-07,0.00020714941,1.2818115e-06,4.0941073e-09
8.0834005e-05,0.000107537235,0.0003444462,0.009133581,0.0029401346,0.016998531,0.0876456,0.18693388,0.19687131,0.13619012,0.08302934,0.09773086,0.029590838,0.009076901,0.012756889,0.070937075,0.056174606,0.00014621286,0.0033033849,1.1249435e-06,6.744701e-06
1.3786921e-05,2.9598234e-05,0.0003550801,0.016885245,0.017209372,0.122392654,0.24527663,0.24674913,0.15053804,0.06788326,0.025706038,0.030527601,0.010294204,0.004875114,0.016877027,0.014730228,0.0289802,5.72575e-06,0.0006634794,7.5005314e-06,7.6755676e-08
3.2969028e-06,5.5676166e-05,0.010528373,0.13083577,0.2981872,0.36104935,0.07468896,0.03944413,0.024039552,0.021878596,0.020373961,0.005761162,0.011014891,8.4177525e-05,0.00011699493,0.000652583,0.0011792198,2.0232498e-08,0.00010591719,1.4031646e-07,1.2882198e-10
5.7565838e-05,0.00013050732,0.0007947355,0.02106837,0.0152393,0.08940414,0.17315808,0.18235642,0.13227046,0.12946232,0.05613451,0.053087045,0.033029385,0.009054516,0.049502976,0.01837276,0.03204784,3.6389232e-05,0.0047764326,1.4811209e-05,1.5014474e-06
0.01914013,0.17055252,0.47113004,0.24652784,0.05558868,0.029562876,0.0036606605,0.0020244776,0.0011031905,0.000112268914,0.00039833816,2.1111871e-05,2.3400313e-05,4.632621e-07,9.903417e-09,0.0001463347,6.1305427e-06,5.932416e-11,1.5372145e-06,4.7471384e-12,5.5815626e-11
3.5296114e-05,0.00086625473,0.08308345,0.37646484,0.32905895,0.15819432,0.021513747,0.0149980895,0.0075811287,0.0030295355,0.0036896532,0.0004978331,0.0006698042,3.2465598e-06,1.3129339e-06,0.00020192214,0.000102282225,4.1868484e-10,8.3971745e-06,6.52305e-10,1.6385079e-11
4.6055408e-07,2.5870762e-07,1.0454049e-07,1.6047507e-05,1.2557924e-06,4.2924552e-05,0.0022006924,0.017326158,0.10156674,0.10972181,0.11076186,0.17840213,0.18362677,0.05107629,0.082611725,0.039946664,0.055385504,0.003417005,0.06359171,9.244284e-08,0.00030380226
7.1468676e-06,9.8683835e-05,0.017953316,0.17709537,0.24994868,0.35226497,0.07656613,0.038741764,0.023752535,0.01332336,0.012720422,0.008477788,0.02071475,0.00061969185,8.784139e-05,0.004799247,0.0026706443,3.3443786e-07,0.00015525754,2.0832476e-06,1.5426252e-09
0.196255,0.48887464,0.22411811,0.058360334,0.014648941,0.01076861,0.0024530238,0.0019037895,0.0010302949,0.00019627197,0.0007231654,6.204378e-05,4.67222e-05,6.5599916e-06,1.6743907e-07,0.00051661115,2.0342975e-05,9.192644e-09,1.5305592e-05,1.973299e-10,2.4299947e-08
1.0587707e-07,3.9966448e-08,4.4006403e-09,6.0769514e-07,2.8204592e-08,2.4627104e-06,0.00018237723,0.0016363952,0.014125876,0.024778716,0.029004743,0.05170514,0.19510303,0.13626777,0.2198369,0.1101972,0.018782387,0.059780568,0.10025105,5.863317e-07,0.038343992
2.4718642e-05,0.0003462106,0.036483835,0.21592127,0.32279,0.22358495,0.059919007,0.045537814,0.025319317,0.023453038,0.026278706,0.0067822156,0.010170222,0.00012545071,6.678732e-05,0.0015598047,0.0014715382,5.7059708e-08,0.00016500315,6.942719e-08,1.1270102e-09
5.0725313e-05,5.5210145e-05,9.555997e-05,0.002962462,0.00078073,0.006779332,0.049747404,0.12076651,0.17106651,0.14352831,0.08467607,0.11857785,0.07011913,0.023997137,0.040503927,0.075756416,0.07653207,0.000725734,0.01321675,4.9040264e-06,5.722705e-05
1.4456699e-05,0.00016202992,0.015640756,0.12804045,0.2307443,0.24065532,0.09080708,0.068588175,0.041543387,0.055768225,0.06037848,0.0207666,0.036471657,0.00066514645,0.0004108596,0.0037624834,0.004949928,5.1992e-07,0.0006294979,6.8126997e-07,5.9448113e-09
0.0004168729,0.0015864965,0.02783443,0.14936063,0.14026839,0.12080445,0.10481009,0.07092814,0.06454559,0.04668052,0.05020559,0.05224529,0.028154025,0.022556746,0.000907506,0.09456676,0.019546892,3.1962936e-05,0.004439629,0.00010763769,2.3648986e-06
1.2921793e-05,0.00021827105,0.038372535,0.22642237,0.3384266,0.3083218,0.041602038,0.02200293,0.011566073,0.003552408,0.0034221902,0.001340074,0.003330395,6.246858e-05,1.4892453e-05,0.00080571393,0.00049688044,2.515103e-08,2.910161e-05,2.6593744e-07,2.9641403e-10
1.058675e-05,1.1499877e-05,8.250633e-06,0.0002440482,9.678813e-05,0.00133733,0.011150162,0.026511142,0.046204247,0.06614731,0.053070575,0.0978658,0.14515388,0.0825993,0.22905993,0.03768655,0.08064249,0.014319007,0.10648475,0.00032978904,0.0010665612
1.8313056e-05,0.0005297553,0.06556052,0.36362186,0.30632386,0.2325832,0.01686374,0.008327214,0.004467757,0.0005955262,0.00061858085,0.00010806462,0.00023179808,1.3412097e-06,4.050267e-07,0.00011061062,3.5853103e-05,1.2138679e-10,1.5888481e-06,1.2055413e-09,3.2061747e-12
5.9942563e-06,8.168169e-05,0.014210662,0.14862749,0.25694636,0.40782797,0.07484231,0.037814375,0.020727579,0.009542911,0.008181972,0.004778694,0.012324396,0.00028961216,9.839705e-05,0.0019476127,0.0016635429,1.6191608e-07,8.669345e-05,1.5598124e-06,7.8768736e-10
3.3432266e-07,1.5802527e-07,2.5111529e-08,2.5833037e-06,1.6604936e-07,8.874811e-06,0.00047656795,0.0036747556,0.025773996,0.03580056,0.039431397,0.07659181,0.2020038,0.13090654,0.2133878,0.06732526,0.025189625,0.03784807,0.12525928,1.2103313e-06,0.016317153
0.0012366029,0.019135319,0.33326998,0.41250047,0.15506698,0.06231873,0.0079000145,0.004701314,0.0024888825,0.0002794112,0.0006961045,6.5365e-05,8.9085726e-05,1.2001431e-06,4.3620794e-08,0.00022854237,1.9627123e-05,1.5267239e-10,2.2858094e-06,6.007175e-11,3.74794e-11
0.00024651128,0.0042793285,0.2104091,0.41810334,0.24067657,0.09658353,0.0131574385,0.009009727,0.004454846,0.0006918117,0.001270648,0.00021716217,0.00033034247,5.5380833e-06,2.7242874e-07,0.00049284415,6.553119e-05,1.1153563e-09,5.4919997e-06,1.0120743e-09,1.0006415e-10
2.8832523e-05,8.482023e-05,0.0010468774,0.027362775,0.032350987,0.16553207,0.19872229,0.18050076,0.10193758,0.10921675,0.047278695,0.03515007,0.028501973,0.0048018065,0.03593838,0.008093399,0.021220105,1.0190019e-05,0.0022097959,1.1633727e-05,2.3281336e-07
1.0068905e-05,3.2065018e-05,0.000749473,0.03855603,0.036893904,0.2025957,0.26000252,0.25139004,0.12522297,0.03768453,0.012394525,0.012873685,0.002843297,0.000666693,0.0019254789,0.007661804,0.008412475,2.3984782e-07,8.427753e-05,2.2367684e-07,2.3137232e-09
5.832728e-06,9.7956045e-06,5.6332192e-05,0.0017999528,0.0043181097,0.027368585,0.05853996,0.043700203,0.03974274,0.051631432,0.04583259,0.12130992,0.050719798,0.1383214,0.06875652,0.029428964,0.17390627,0.0039243572,0.009217903,0.13140047,8.863265e-06
2.669807e-06,1.0783679e-05,0.00022964354,0.008618749,0.021860627,0.22971246,0.14998072,0.08861323,0.057889614,0.058393303,0.03775745,0.08111035,0.1001563,0.022929179,0.088912815,0.00863108,0.03814085,0.0001833158,0.0047492883,0.0021173689,2.5414508e-07
1.0061225e-06,6.7790194e-07,4.140036e-07,3.7197966e-05,8.864325e-06,0.000284154,0.006055449,0.02435856,0.07075824,0.059905004,0.051308118,0.10380447,0.17261833,0.09132252,0.19172762,0.040533643,0.13029978,0.008817145,0.047730837,3.8767917e-05,0.00038917034
9.848106e-07,5.4315065e-06,0.00014694122,0.004561672,0.00846766,0.07161478,0.082753204,0.035945345,0.03153338,0.07102558,0.057902213,0.19202776,0.24799317,0.063663706,0.01891452,0.039336644,0.059301756,0.0013861732,0.0063121407,0.0071064304,4.761384e-07
1.4428905e-06,1.2284393e-06,8.9816626e-07,8.777728e-05,1.4615003e-05,0.0004393098,0.009438388,0.0385617,0.09900912,0.10071562,0.064563744,0.123599105,0.16990249,0.060015056,0.15175419,0.045134522,0.0740185,0.0022796267,0.06030245,3.6344074e-06,0.00015656636
1.7764777e-06,9.082309e-06,0.00029866362,0.011204897,0.030125357,0.16094995,0.14271848,0.08776471,0.06899986,0.13269462,0.08956504,0.06945208,0.11179685,0.006887215,0.053504385,0.0038826927,0.025267916,1.4235664e-05,0.004758826,0.000103320075,5.168423e-08
9.126493e-06,7.338874e-05,0.005301831,0.07827309,0.14234032,0.39925474,0.12172519,0.058081124,0.040818505,0.028847678,0.023807837,0.024004973,0.05522262,0.0031239975,0.0018289422,0.0073538357,0.008969728,6.6360562e-06,0.00088281714,7.361038e-05,2.3582492e-08
1.3295751e-05,1.3567375e-05,3.4141183e-05,0.0018591126,0.0005313514,0.005908785,0.05619024,0.13503122,0.21073812,0.13151877,0.08123424,0.11121795,0.049998827,0.016413335,0.027344486,0.07272251,0.09404334,0.000320674,0.004854179,2.1467977e-06,9.659194e-06
2.8269897e-06,1.8858635e-05,0.0013352634,0.03468195,0.088009074,0.4575773,0.14977941,0.07717017,0.04346446,0.029738124,0.019486874,0.024203898,0.050091967,0.0034298517,0.005766033,0.00421889,0.010290175,7.0625656e-06,0.0006257689,0.000102070124,1.125256e-08
0.00030853774,0.00053386856,0.0031977526,0.033109907,0.04249005,0.12432833,0.17238966,0.19673175,0.10975093,0.069468446,0.042607754,0.0445907,0.024733659,0.018661266,0.024208255,0.033758655,0.055331167,0.0002219422,0.0032990195,0.0002679739,1.03987895e-05
3.3552853e-05,0.00095666584,0.102922015,0.4151713,0.31840682,0.124012604,0.016269056,0.010668713,0.0055438876,0.0020384614,0.00298924,0.0003381853,0.000435026,1.6902926e-06,4.385964e-07,0.00014634934,6.0551025e-05,1.4253576e-10,5.5089945e-06,1.914567e-10,6.031048e-12
6.356518e-06,8.897303e-06,5.3410204e-05,0.003842155,0.0018322143,0.020495275,0.12681721,0.217318,0.21050958,0.115713514,0.055022202,0.072100915,0.024403503,0.008913179,0.022812076,0.046564776,0.072215855,3.2962296e-05,0.0013358651,1.6070139e-06,4.596828e-07
1.2651849e-06,2.0187272e-06,1.1843894e-05,0.0023142735,0.00030162206,0.0025155568,0.05066397,0.15496889,0.26455432,0.1855851,0.13586436,0.12664919,0.006715302,0.0009358487,0.0012681626,0.039267693,0.02802674,1.1576179e-06,0.00035268808,1.6736088e-10,8.759526e-09
0.18306445,0.6092423,0.17298606,0.026997281,0.0039392514,0.0029230134,0.00039185197,0.00021593002,0.00012450108,1.1842618e-05,7.029027e-05,2.0713117e-06,1.5755876e-06,7.3646106e-08,7.4341244e-10,2.8646637e-05,5.163717e-07,1.0128686e-11,3.8468167e-07,9.254863e-14,5.0965242e-11
1.7780696e-05,5.83451e-05,0.0011631134,0.03231974,0.08083035,0.3070867,0.2324075,0.14273258,0.07491017,0.040907837,0.018630385,0.019674383,0.0089635,0.0049581914,0.013894268,0.004550307,0.016079593,3.875726e-06,0.00069422874,0.00011715803,4.477424e-08
9.055464e-05,0.0018188844,0.14492473,0.4040006,0.28241685,0.13258183,0.015911423,0.009975587,0.0050194436,0.00084980926,0.0012461831,0.00024928746,0.00043618353,5.7691454e-06,5.018986e-07,0.000387958,7.902633e-05,1.1699215e-09,5.4447e-06,2.780192e-09,5.8826194e-11
8.445451e-07,1.1763586e-06,8.714553e-07,6.6561384e-05,3.0704978e-05,0.00075274816,0.0074135936,0.014922664,0.028606039,0.052448716,0.043114897,0.08488679,0.11258015,0.07614695,0.3314015,0.019679144,0.07483618,0.007759264,0.1447781,0.0004101074,0.00016298577
5.3314354e-05,0.0016472227,0.14724134,0.46043822,0.25652677,0.116479695,0.009390493,0.004762525,0.002501382,0.0002722866,0.00043755144,5.0760384e-05,9.638298e-05,4.912218e-07,4.4086264e-08,8.6258915e-05,1.4430964e-05,2.6843671e-11,8.0278403e-07,8.732173e-11,1.4340037e-12
5.776053e-06,5.9754875e-06,1.6280062e-05,0.0014015593,0.00023870936,0.002142839,0.03437618,0.11015966,0.22649108,0.17168571,0.13883549,0.15286697,0.028189937,0.005685116,0.007743302,0.056544956,0.061075907,6.968549e-05,0.0024634164,2.8703722e-08,1.4875015e-06
7.5792667e-07,3.5566923e-06,9.561399e-05,0.0043708095,0.011568566,0.073767744,0.09186796,0.06054176,0.054445535,0.14456545,0.113109745,0.11038006,0.1817866,0.012831309,0.08918605,0.004868904,0.038637884,5.150337e-05,0.0076767104,0.00024334596,1.0704715e-07
1.7949724e-05,2.1312511e-05,9.2185284e-05,0.0038855323,0.0021764005,0.022254558,0.11354313,0.2001585,0.19300123,0.09535763,0.051539373,0.071560144,0.03625173,0.017091785,0.030167617,0.057791132,0.10246559,0.00021036388,0.0023931437,1.6825084e-05,3.9443817e-06
1.1525789e-05,3.9274088e-05,0.00059662125,0.018948968,0.03162858,0.19217156,0.18697716,0.14952242,0.08679385,0.105776966,0.050087497,0.039855607,0.044772394,0.006533764,0.05278919,0.0057656798,0.024264628,1.5657788e-05,0.0033966082,5.184343e-05,1.8503864e-07
2.9996585e-05,2.6562655e-05,3.4455363e-05,0.0012789922,0.0002544509,0.002553228,0.027454946,0.08965768,0.17149617,0.14736602,0.10200304,0.13855164,0.08510463,0.026830886,0.03662207,0.073050775,0.07949791,0.0012304839,0.016854724,1.8425936e-06,9.946885e-05
7.4930256e-05,0.00021915536,0.0044102906,0.054133736,0.10335105,0.317479,0.17978968,0.2012778,0.06314922,0.021248555,0.010584092,0.010764829,0.0059006335,0.0025752245,0.0021146198,0.009778855,0.012922883,6.4260316e-06,0.00020101947,1.7893977e-05,9.1254655e-08
1.2333797e-05,3.471333e-05,0.00076414313,0.02663587,0.053935874,0.27950037,0.24990286,0.20874849,0.08314198,0.032880437,0.012873975,0.013625708,0.005804696,0.0029211864,0.006962926,0.00584878,0.01615332,2.2424229e-06,0.0002292155,2.0856687e-05,1.7602405e-08
4.9141627e-06,2.407305e-06,1.4356947e-06,7.746077e-05,1.2591622e-05,0.00020045233,0.004386793,0.026706474,0.0981819,0.08596676,0.10864115,0.14614497,0.21170704,0.059232652,0.06600361,0.059274863,0.08623318,0.014500702,0.031320214,1.9972776e-06,0.0013984249
0.000109707245,0.0003117597,0.005181707,0.054990362,0.116522975,0.28026447,0.1815887,0.16830781,0.06984479,0.031882316,0.017601194,0.017565312,0.0107160555,0.006894122,0.0049183816,0.01203008,0.020454085,1.8640956e-05,0.00067737576,0.00011970597,4.1902487e-07
1.170787e-06,4.4898015e-06,7.385075e-05,0.0024961252,0.0056436188,0.03408424,0.053724177,0.03849111,0.03936864,0.13777652,0.12054857,0.13892922,0.22570558,0.022827918,0.10747802,0.007767321,0.049541216,0.00026198165,0.014669137,0.00060633,7.177711e-07
1.6043723e-05,5.9128633e-05,0.0016143871,0.058356334,0.060926575,0.24811831,0.2317965,0.23270456,0.10152855,0.028220944,0.01065506,0.009825654,0.002110149,0.0003535404,0.00078085944,0.006932268,0.005955813,1.7520111e-07,4.497669e-05,1.3457138e-07,1.5394791e-09
1.7956955e-06,2.024187e-06,3.6147726e-06,0.00012567955,0.00018178056,0.002965455,0.010839779,0.011114217,0.015113481,0.03147614,0.03781449,0.09929985,0.05008001,0.1411661,0.037812993,0.062013987,0.15027423,0.094719626,0.009571697,0.24536797,5.506865e-05
2.165555e-06,4.3539414e-05,0.011107095,0.1498683,0.28886518,0.4790734,0.0404421,0.01690343,0.009008354,0.0018203129,0.0012537647,0.00041819827,0.00089806214,8.995592e-06,1.0806473e-05,0.00012945976,0.0001416586,9.575126e-10,5.1707907e-06,3.8072297e-08,6.616139e-12
2.0076006e-05,0.0006196665,0.09381169,0.4006001,0.3068643,0.17190878,0.01384565,0.0070543075,0.0036031168,0.0005128727,0.0006496307,0.00010849882,0.0002387738,1.46538e-06,2.0908078e-07,0.0001258097,3.33792e-05,1.14254814e-10,1.699425e-06,8.5800606e-10,3.1545652e-12
9.9860445e-06,7.709813e-06,1.9584766e-06,4.827695e-05,1.0110688e-05,0.00019519302,0.0019318379,0.0054053906,0.016270615,0.032331947,0.037479494,0.052981097,0.1182234,0.08663544,0.1205236,0.1299336,0.05369859,0.14293863,0.18436961,0.0005813382,0.016422227
5.6756115e-05,0.0011107647,0.12405854,0.373488,0.3118105,0.14724809,0.0191247,0.012156779,0.0060841236,0.0012202929,0.0017353969,0.0004198231,0.0007908595,1.2203302e-05,9.901859e-07,0.0005418917,0.00013141498,2.8213487e-09,8.843369e-06,7.724052e-09,1.02735674e-10
0.020047711,0.19461535,0.46507597,0.23861353,0.048979733,0.026916487,0.002956411,0.0014651656,0.00084767246,7.695805e-05,0.00028781794,1.2646204e-05,1.4701098e-05,2.0615842e-07,4.7987005e-09,8.517554e-05,3.5968985e-06,2.0238002e-11,9.09213e-07,1.7281708e-12,2.062831e-11
2.4397186e-06,1.0069369e-06,1.7943327e-07,8.951362e-06,1.0273515e-06,3.494058e-05,0.0008159431,0.0042096893,0.02151641,0.029242767,0.030875124,0.05299779,0.16118616,0.14220387,0.1510767,0.17650814,0.043495797,0.10932311,0.03988242,2.6090811e-05,0.03659141
1.7696615e-05,2.3405872e-05,3.4302448e-05,0.0013891852,0.00047663218,0.0056656185,0.040190995,0.082853064,0.11565291,0.13605873,0.07648584,0.10549464,0.094829686,0.040193018,0.15604348,0.03677311,0.06927287,0.0007882047,0.037670832,2.596307e-05,5.98463e-05
3.9656283e-05,6.084151e-05,0.00019359046,0.006076726,0.002779403,0.022696419,0.095781185,0.15393293,0.14341897,0.15125138,0.07397788,0.090357676,0.05778272,0.019458804,0.07310797,0.039754324,0.060146492,0.0002113943,0.008947948,1.2825565e-05,1.085623e-05
0.5569363,0.3588429,0.07356325,0.0070227683,0.0013142774,0.0012808947,0.0003161156,0.0002761263,0.00014048227,3.4114644e-05,0.00017610901,8.975329e-06,3.9821934e-06,1.2269171e-06,1.9299813e-08,7.739553e-05,1.9915742e-06,1.0830608e-09,3.0689037e-06,4.802502e-12,8.3119005e-09
0.00010250794,0.0028140773,0.17569311,0.46618727,0.23732461,0.100891,0.008898536,0.004584693,0.0024975773,0.00026644382,0.00048073058,5.1998857e-05,9.2311675e-05,5.3487685e-07,4.2186546e-08,9.8888835e-05,1.4705255e-05,3.541917e-11,9.925476e-07,8.260469e-11,2.6729964e-12
0.0014948042,0.008800927,0.15916917,0.34383318,0.2532724,0.09968459,0.045710526,0.030783478,0.021735601,0.006841115,0.011577143,0.0041010557,0.0021731255,0.00045638368,1.7479704e-05,0.008822844,0.0012625317,2.1573916e-07,0.00026296097,3.2975763e-07,5.2785218e-08
6.6926514e-05,0.0019179662,0.15466528,0.45671666,0.2532126,0.11455124,0.009891658,0.0052176635,0.002684882,0.00030267882,0.00048419586,5.828351e-05,0.000107598506,6.337883e-07,5.452304e-08,0.0001036162,1.7007891e-05,4.081541e-11,9.648388e-07,1.09899964e-10,2.3494028e-12
1.6268395e-05,0.00036286653,0.06944231,0.31001246,0.3505295,0.2200585,0.024289211,0.013229455,0.006716431,0.0015004089,0.0016806914,0.00047368614,0.0011014106,1.3978112e-05,2.1295416e-06,0.00040097532,0.00016104475,3.0541485e-09,8.711333e-06,2.4606592e-08,5.3551646e-11
1.7982624e-05,4.4709752e-05,0.0006944265,0.028549874,0.030672263,0.16882232,0.2564739,0.24056116,0.13341437,0.054043613,0.020168781,0.021462934,0.006427634,0.0023401014,0.007662616,0.010951442,0.017344218,1.9690121e-06,0.00034280843,2.844537e-06,2.7800827e-08
7.697874e-06,2.3440289e-05,0.00051427144,0.032548197,0.026774624,0.15906367,0.26211077,0.26329255,0.14663082,0.049399495,0.016741822,0.016905762,0.0033015183,0.0007123598,0.0024166761,0.009308164,0.010147289,2.4188677e-07,0.00010044345,1.3527632e-07,2.2993485e-09
3.663587e-05,6.833929e-05,0.00026565575,0.012281997,0.0029683507,0.01724719,0.106908,0.1918066,0.22009496,0.16955757,0.084989205,0.08579323,0.013879714,0.0038079424,0.007009544,0.048991267,0.03216962,9.601656e-06,0.0021139716,7.542048e-08,4.0652188e-07
3.7560046e-06,0.00010064659,0.036711026,0.2526441,0.3788102,0.27865124,0.02752095,0.0122695435,0.00700825,0.0017783573,0.0019172375,0.00058800966,0.0015127875,1.3320283e-05,2.4240092e-06,0.00029768035,0.00016216101,1.5211512e-09,8.274428e-06,2.9467639e-08,1.2901903e-11
2.3090495e-06,4.3124123e-06,9.2532855e-06,0.00035169776,0.00041026488,0.004541645,0.016726049,0.019805526,0.022568595,0.07048602,0.06745474,0.12247654,0.12285735,0.06983335,0.29364678,0.01540241,0.09796289,0.01143628,0.058831893,0.0051363795,5.5742752e-05
4.577901e-05,0.0007642929,0.09541098,0.32859063,0.33369738,0.18095772,0.02639701,0.016046874,0.008680705,0.0022678298,0.0029653686,0.00094270497,0.0018948572,3.785753e-05,3.6172844e-06,0.0009681537,0.00030395717,1.418321e-08,2.4223089e-05,5.760246e-08,3.977199e-10
1.1426555e-05,4.034006e-05,0.001085354,0.03244956,0.09035143,0.35005665,0.23009971,0.1417975,0.06585479,0.029394321,0.012584403,0.013395168,0.006233793,0.0032629643,0.0070402776,0.0034643963,0.012482929,1.8913669e-06,0.0003144998,7.8643854e-05,1.5210638e-08
8.773299e-06,7.39361e-06,2.7251706e-06,7.5008844e-05,2.0424479e-05,0.0003670971,0.0037353684,0.011476046,0.026571251,0.043081727,0.043680035,0.0786384,0.15544997,0.09333228,0.15917179,0.072982006,0.07937962,0.0764182,0.14855313,0.00043552672,0.006613231
0.002583293,0.04231725,0.40141636,0.3881699,0.10799612,0.04856074,0.004755613,0.002301619,0.0013128456,0.00011129726,0.00033705542,1.9268671e-05,2.6347174e-05,2.2122505e-07,6.8610366e-09,8.5882384e-05,5.478624e-06,1.4581752e-11,7.2600085e-07,4.2376757e-12,5.4788374e-12
2.2542412e-05,2.7021293e-05,0.00011431366,0.004330837,0.0023251688,0.021315852,0.10895921,0.19652057,0.19146812,0.09854605,0.05597553,0.074900664,0.036666613,0.015795674,0.02700005,0.062410884,0.10089178,0.00023584074,0.002474208,1.4316849e-05,4.7723993e-06
2.4199112e-06,2.0878184e-05,0.002144483,0.04963513,0.13188684,0.5452213,0.12099819,0.056531414,0.03154427,0.015599355,0.009971588,0.0091169905,0.0194611,0.00084824837,0.00159235,0.0016028843,0.003588014,7.5983246e-07,0.00021448112,1.927976e-05,1.7206285e-09
5.2316347e-05,8.132651e-05,0.00027222853,0.0074266256,0.003713428,0.02917989,0.10554578,0.16279781,0.14090872,0.14003335,0.06775945,0.084513724,0.057021856,0.019949619,0.071029946,0.040759794,0.060139734,0.0002600771,0.008520365,2.0933016e-05,1.3007922e-05
0.018317053,0.17564955,0.46949378,0.24804324,0.053285006,0.028684987,0.0032949147,0.0017033565,0.0009600978,9.0898895e-05,0.00033069562,1.5827041e-05,1.8087654e-05,2.8605712e-07,6.467845e-09,0.00010657361,4.530456e-06,3.079728e-11,1.1091502e-06,2.6610194e-12,2.923407e-11
5.7295038e-06,6.12752e-05,0.0063859695,0.080530904,0.17501375,0.2625069,0.109159015,0.074553005,0.048138488,0.07445325,0.07198631,0.02898823,0.05561247,0.00088534545,0.0010332048,0.0033397663,0.0065826084,7.020962e-07,0.00076166965,1.4074966e-06,4.523297e-09
8.597459e-05,0.0019661451,0.15135661,0.4275709,0.26995727,0.122112535,0.013137708,0.0077080363,0.0039560213,0.0005815121,0.0008864013,0.00014404352,0.0002556412,2.4293752e-06,2.2231681e-07,0.00023136726,4.4153992e-05,3.2987202e-10,2.964004e-06,8.2437457e-10,1.8623882e-11
1.1216555e-06,1.3064899e-06,3.905431e-06,0.0007862172,6.698836e-05,0.0007903511,0.023220899,0.10820381,0.25101864,0.2163243,0.15688878,0.15228026,0.0126622105,0.0018712223,0.0021613387,0.038845252,0.03373187,4.4025924e-06,0.0011370344,1.528448e-10,6.208099e-08
9.597412e-06,1.0936135e-05,2.8743878e-05,0.0020276627,0.00044569667,0.0045219394,0.052466813,0.12976912,0.22372761,0.1588424,0.09855485,0.12622243,0.03643811,0.010249657,0.017932218,0.06432328,0.07024928,0.00010830157,0.0040678116,3.3710216e-07,3.2897697e-06
9.430547e-06,1.23274185e-05,3.4843262e-05,0.002933451,0.00043732492,0.0042230813,0.052448712,0.15287815,0.24248667,0.18670781,0.10483279,0.12146473,0.01979999,0.0046368353,0.00672154,0.055134892,0.042667914,1.8549854e-05,0.0025503745,1.4845976e-08,5.6656825e-07
3.6657e-06,2.2927303e-05,0.001306027,0.053488296,0.094227456,0.41607347,0.1892698,0.13157363,0.05312389,0.033774488,0.011254749,0.0058134645,0.004129417,0.00022726123,0.0018243643,0.0011544944,0.0026560829,3.8999666e-08,7.626852e-05,1.9319302e-07,2.8639766e-10
0.0008939382,0.0045590065,0.10013485,0.3073917,0.24303032,0.111632355,0.063192986,0.044872567,0.03581295,0.014852353,0.02225859,0.012206667,0.0058551054,0.0021260642,5.8906815e-05,0.026999494,0.0033341157,1.0924546e-06,0.0007847245,2.035995e-06,1.7886838e-07
9.259532e-06,2.8400933e-05,0.0004687976,0.016720252,0.05275592,0.25310063,0.22065967,0.12092599,0.08078355,0.05634237,0.030898603,0.04343632,0.019283509,0.017229293,0.040964402,0.0057384027,0.03627527,2.044759e-05,0.0024010953,0.0019576424,1.3085621e-07
9.251273e-06,3.388961e-05,0.0008887102,0.027287342,0.08827273,0.35555664,0.228501,0.12393649,0.06531534,0.032210242,0.015098315,0.018030964,0.008727178,0.0052464213,0.009978154,0.003518284,0.016548723,3.7168936e-06,0.00051660114,0.00031995977,2.2603322e-08
3.7301438e-06,5.0384006e-06,1.7293138e-05,0.002080327,0.00035664366,0.004093526,0.05815472,0.14695291,0.25310707,0.17542376,0.09900376,0.12136424,0.020504232,0.004705478,0.008895401,0.054252584,0.049159817,1.5392076e-05,0.0019037501,2.3793003e-08,3.1119754e-07
2.4393565e-08,8.538986e-09,5.658906e-10,1.2845271e-07,3.1078842e-09,4.8280356e-07,6.434751e-05,0.0007363048,0.00988652,0.019599708,0.02314428,0.044350114,0.15816122,0.1445438,0.25221232,0.10488965,0.009015994,0.04387216,0.13508359,6.167061e-08,0.05443929
0.0002554669,0.00114818,0.026341012,0.15810417,0.19019847,0.17873049,0.12262284,0.066294655,0.059564456,0.038789473,0.036369722,0.034679104,0.02291075,0.010493868,0.0010488256,0.034213014,0.015049843,1.5424375e-05,0.003018936,0.00015052862,8.6529474e-07
1.7867793e-06,1.2160312e-05,0.0008293807,0.031871647,0.084460296,0.373438,0.18559283,0.108862065,0.058550272,0.06812926,0.030841568,0.017021643,0.02341353,0.00087289663,0.00817116,0.0013705405,0.006094874,3.2536073e-07,0.00046263594,3.11067e-06,1.5398468e-09
1.0923994e-05,1.9637326e-05,0.00014113232,0.0050650393,0.0052374383,0.0495585,0.12078342,0.16778094,0.09349562,0.12417725,0.06211902,0.07290304,0.07285024,0.020418085,0.115413725,0.01717253,0.06809041,0.0001887981,0.004517997,5.368646e-05,2.5097545e-06
0.00083749334,0.015302928,0.3172699,0.43181568,0.15866289,0.062340245,0.0068945666,0.0038302124,0.00205998,0.00020561273,0.00051733915,4.3003205e-05,6.1645915e-05,5.8652034e-07,2.2244812e-08,0.00014424731,1.2440702e-05,5.027761e-11,1.2655617e-06,2.4721687e-11,1.0910835e-11
0.00037417337,0.0071226596,0.24060585,0.44371453,0.20767051,0.080445066,0.009648741,0.0057415757,0.003068445,0.00037038128,0.0007651305,8.9464804e-05,0.00013497322,1.4415352e-06,8.015486e-08,0.0002180645,2.6448748e-05,1.9052486e-10,2.4358144e-06,1.7484078e-10,2.5868873e-11
1.6174778e-05,0.00043146152,0.072761595,0.3503004,0.32921645,0.20946068,0.019441854,0.010219519,0.005154821,0.00093269127,0.0010396488,0.00022778475,0.0005138793,4.2135034e-06,8.360064e-07,0.00020139218,7.286863e-05,5.590269e-10,3.6431395e-06,4.8060533e-09,1.18838515e-11
3.707582e-05,0.0007482422,0.088311255,0.34124723,0.3218886,0.19928627,0.023282917,0.01348658,0.0067974776,0.001415847,0.0016126251,0.0004148543,0.00088439,1.1923535e-05,2.0585296e-06,0.00041565482,0.00014791936,3.3938685e-09,9.006144e-06,1.8924604e-08,9.2206257e-11
3.0863393e-07,7.1871214e-06,0.0033492923,0.09093565,0.2385893,0.59179646,0.047113657,0.015080644,0.008409885,0.001983168,0.0011643849,0.00043999322,0.00091926,7.2404864e-06,1.5154127e-05,6.943185e-05,0.00011496444,2.733285e-10,3.9499982e-06,3.247668e-08,7.3939764e-13
2.5235042e-06,5.189997e-06,3.0310406e-05,0.0013456,0.0037600538,0.026555786,0.054939356,0.03079131,0.03475239,0.04349553,0.04189549,0.114082575,0.03561297,0.09561952,0.06761857,0.015073852,0.1255611,0.0022091516,0.009079269,0.2975666,2.856877e-06
1.7011813e-05,7.525165e-05,0.0022764343,0.04644864,0.14678183,0.38657925,0.19464847,0.09188815,0.0526736,0.026641844,0.012931403,0.012991544,0.0068937843,0.0026988068,0.004829605,0.0027544596,0.008300427,1.6351934e-06,0.0004425076,0.00012533316,1.8490068e-08
2.8102573e-05,6.615076e-05,0.0008606562,0.021063749,0.045659617,0.2307274,0.22579853,0.20370577,0.0896485,0.043111324,0.021339558,0.024447838,0.013055234,0.010637133,0.017789353,0.010664958,0.040216718,2.8624641e-05,0.0008312065,0.00031922606,2.6870035e-07
1.6221886e-05,3.0477247e-05,0.00035448303,0.014797741,0.014005129,0.104169756,0.22936478,0.28368828,0.15555856,0.059141535,0.024201514,0.029785316,0.0106798485,0.004762302,0.009718937,0.022243604,0.037008785,1.0454746e-05,0.00045560344,6.568608e-06,1.13349124e-07
6.586986e-06,1.2760587e-05,7.937889e-05,0.0025487535,0.0038600431,0.06545015,0.088827044,0.088556945,0.044160858,0.054619327,0.0337768,0.10092162,0.09867604,0.06612076,0.23117195,0.022673493,0.08349744,0.004663283,0.006524272,0.0038435864,8.918951e-06
2.9068824e-06,2.283937e-06,1.4035224e-06,0.00012125181,1.2879502e-05,0.0002703995,0.0072087427,0.036233556,0.13070653,0.14512177,0.10632761,0.16871184,0.12855555,0.042008113,0.067622595,0.050791714,0.059046786,0.0016481454,0.055446226,3.44602e-07,0.00015937784
1.3295112e-05,0.00023592851,0.03265732,0.2207006,0.35723796,0.25528967,0.048312426,0.03047917,0.017563995,0.013170649,0.014320083,0.0032845272,0.0052641896,4.286156e-05,2.9786806e-05,0.0006474443,0.0006784326,1.24081865e-08,7.160635e-05,3.8104755e-08,1.9607146e-10
2.3587478e-05,2.9109042e-05,0.00014046128,0.004524998,0.0041589364,0.04055658,0.13114512,0.21022259,0.15044935,0.07337731,0.04287855,0.057869967,0.036678646,0.027002394,0.03789272,0.047326796,0.13284124,0.0004115348,0.0023165871,0.0001482868,5.252463e-06
0.00011720207,0.0023797292,0.15925322,0.41725537,0.26776153,0.12297635,0.014291476,0.008814312,0.0044924766,0.00069426425,0.001060988,0.00018711272,0.00032522573,3.9337697e-06,3.3682613e-07,0.00032201063,6.008626e-05,7.149896e-10,4.337608e-06,1.5377245e-09,4.3939873e-11
9.2910805e-06,7.231281e-05,0.004772446,0.06743488,0.08708395,0.22600646,0.11027344,0.056396052,0.046159845,0.050772507,0.04756446,0.06754717,0.14961953,0.016314918,0.0019224696,0.041179936,0.024046324,4.8270882e-05,0.0025695844,0.00020606558,1.2500738e-07
1.8901325e-07,8.481847e-06,0.009135909,0.16492714,0.3586031,0.43208626,0.021997038,0.007535092,0.003970737,0.0006511726,0.0005315808,0.00012671447,0.0003630259,1.1088762e-06,5.9382575e-07,3.0916435e-05,3.0250616e-05,1.64236e-11,6.638581e-07,1.4668445e-09,4.2131653e-14
4.6361856e-06,3.2131455e-05,0.0015502087,0.030520795,0.08243642,0.23818053,0.13722083,0.08102314,0.06122756,0.10699308,0.081900306,0.04954588,0.09282749,0.003107639,0.012112087,0.0038215518,0.014798862,6.006139e-06,0.002656868,3.393719e-05,3.176391e-08
1.2766618e-07,2.7278733e-07,9.9452e-07,8.336028e-05,0.00012205911,0.0023228591,0.011779145,0.012889952,0.014067263,0.07019517,0.068745166,0.17669848,0.15523496,0.06658101,0.26091415,0.010696632,0.11094899,0.010507702,0.024231903,0.0039732615,6.548851e-06
6.7760616e-06,4.045768e-05,0.0022171857,0.05130513,0.1855624,0.42737335,0.16264011,0.061974317,0.0425846,0.021465436,0.012300202,0.0122982785,0.007638844,0.0019297904,0.00213784,0.0019738337,0.0060570044,7.010469e-07,0.00035024394,0.0001434608,4.637978e-09
7.1641775e-06,1.2355955e-05,8.7119e-05,0.0035978334,0.008996584,0.072380334,0.121357724,0.09849655,0.07591929,0.06290626,0.044698205,0.086382344,0.04001191,0.07807849,0.10098085,0.01903306,0.15873429,0.0006547424,0.005452288,0.022210294,2.3337775e-06
7.4621053e-06,2.6923788e-05,0.00037400963,0.0068996632,0.011581208,0.087331705,0.09434889,0.058172848,0.040057614,0.06918281,0.051808946,0.14637986,0.195708,0.0709066,0.038448416,0.04384415,0.06680055,0.0032789928,0.007907639,0.0069294907,4.1755393e-06
2.8359787e-05,2.4851755e-05,1.1106997e-05,0.00022324536,5.6663346e-05,0.00063459144,0.006276504,0.019295722,0.04752695,0.061469395,0.055730496,0.09835191,0.15560105,0.0915913,0.16027792,0.05301499,0.056779344,0.030502921,0.1556396,0.00017122277,0.006791917
7.183755e-06,4.3436917e-06,1.9551667e-06,5.3686133e-05,2.4043997e-05,0.0005646343,0.0031268056,0.008863916,0.020207366,0.029303886,0.032594446,0.05066017,0.09852872,0.10757654,0.05928304,0.16016933,0.13788974,0.25486216,0.025820686,0.007962647,0.002494631
9.6609665e-06,2.8963823e-05,0.00049104827,0.02506582,0.02218161,0.15817182,0.23357984,0.23852412,0.12430645,0.09045768,0.031068191,0.025734121,0.012575935,0.0018976979,0.012772978,0.0077581415,0.014842332,1.3114422e-06,0.0005316092,7.135289e-07,1.8299309e-08
2.2313998e-06,1.1739674e-05,0.0003508833,0.007982324,0.011993285,0.074095964,0.078721724,0.04049969,0.033365075,0.06976609,0.056829344,0.16361585,0.25667623,0.06796626,0.011383631,0.061862435,0.05532539,0.0010383269,0.005947323,0.002565481,7.411895e-07
1.2249641e-05,1.9702038e-05,0.00013065874,0.0053775744,0.008183631,0.08015372,0.17137569,0.19867705,0.12024311,0.06824492,0.037017446,0.04778983,0.027530449,0.03042295,0.069317415,0.020394903,0.11211683,0.00015107915,0.0023411852,0.0004983889,1.2504705e-06
9.245261e-06,1.5732689e-05,8.102685e-05,0.0024387909,0.0030879406,0.027746605,0.06553319,0.08857258,0.05627688,0.10891994,0.07202648,0.09557369,0.11442406,0.037883315,0.20765665,0.01636206,0.09150269,0.0010589412,0.010432962,0.0003858779,1.1348127e-05
3.7641848e-06,2.943849e-06,2.1198694e-06,0.00016785468,1.9624938e-05,0.00035967873,0.008767656,0.042367443,0.14052315,0.15293382,0.11669598,0.16644627,0.11891779,0.035157934,0.056545928,0.05221522,0.066713385,0.001427128,0.040610727,3.5769523e-07,0.00012123915
8.487039e-06,8.001029e-05,0.008100351,0.10370794,0.17662011,0.39703238,0.109802365,0.057210334,0.035304558,0.022760455,0.01893278,0.016114386,0.039461598,0.0016929547,0.00066986115,0.006043899,0.006022366,2.2998186e-06,0.00041585107,1.6998352e-05,8.883476e-09
0.00011436357,0.00032939017,0.0037918233,0.039991215,0.08076423,0.14488254,0.14054535,0.08219879,0.08011893,0.07474267,0.060735878,0.086055666,0.05134026,0.04219568,0.018319145,0.030302674,0.048893023,0.00019900786,0.010369566,0.004104234,5.5997093e-06
1.2167568e-05,7.504147e-06,8.049499e-06,0.00031350178,9.582521e-05,0.0012837677,0.014497505,0.052374486,0.11398784,0.07722788,0.077148594,0.11649925,0.15077889,0.057571944,0.06967146,0.0703996,0.16879438,0.012067471,0.016682763,4.4614968e-05,0.0005325217
9.8501565e-05,0.0019353364,0.15529157,0.40510798,0.28283378,0.121365026,0.015076637,0.009659355,0.005037327,0.00086461025,0.0014028329,0.0002811911,0.0004909884,7.0471565e-06,4.7602134e-07,0.00045509153,8.5425614e-05,1.3950759e-09,6.717905e-06,3.1378617e-09,7.663886e-11
8.576477e-06,1.0368693e-05,3.7425656e-05,0.0026787734,0.0007117527,0.0074178567,0.070870005,0.1659444,0.2380899,0.13782792,0.08325943,0.10489721,0.028477889,0.007878706,0.013356521,0.065943345,0.07041874,6.706292e-05,0.0021024847,3.1291694e-07,1.3381174e-06
6.0327247e-06,3.4042957e-06,8.42015e-07,2.7928685e-05,3.9266697e-06,8.772023e-05,0.0016097043,0.0070981677,0.027294394,0.039510187,0.04084842,0.06900518,0.17376943,0.1199143,0.17118281,0.10229127,0.040940095,0.070433244,0.10648409,4.081637e-05,0.029448094
1.998781e-05,9.015126e-05,0.0023884373,0.040311716,0.0695269,0.1278349,0.12828092,0.051270552,0.066209026,0.075491086,0.066771425,0.12166396,0.07496957,0.05599728,0.0056420234,0.053360168,0.046195783,8.608637e-05,0.00960658,0.004282645,7.7455337e-07
3.8541478e-07,1.6606926e-07,5.22185e-08,8.120151e-06,5.936403e-07,1.8201366e-05,0.0011377922,0.011671162,0.091135316,0.09842712,0.1390762,0.19321874,0.1831877,0.055904914,0.07998819,0.039008394,0.0473601,0.005784096,0.053319193,3.729149e-08,0.00075350393
2.0445414e-05,3.8473267e-05,6.851227e-05,0.002699956,0.0012030352,0.012649906,0.056904875,0.07893037,0.10003997,0.14134286,0.07346977,0.09012254,0.07048941,0.034426674,0.22162579,0.021728804,0.045430277,0.00030197986,0.048439838,4.467167e-05,2.181359e-05
2.8954071e-05,4.0119623e-05,0.0002537956,0.007750101,0.007261325,0.058065496,0.165737,0.23658688,0.1555301,0.074924454,0.039822586,0.05045811,0.02658313,0.016650561,0.02744699,0.04042391,0.09065501,0.00014863585,0.0015683466,6.2300955e-05,2.1110036e-06
8.230393e-06,1.2944831e-05,7.648836e-05,0.0049212477,0.0038872957,0.048083026,0.17020229,0.2099401,0.16962875,0.092442244,0.039735615,0.05619561,0.024785275,0.018473381,0.06172116,0.025289804,0.07205439,4.7900976e-05,0.0024629354,3.0664192e-05,6.370059e-07
3.3856753e-07,8.5402935e-06,0.0046136593,0.10065767,0.27217272,0.5481085,0.044045977,0.015060725,0.008746436,0.0022382368,0.0016225682,0.0006640236,0.0017348172,1.343031e-05,1.312588e-05,0.000117157724,0.00017574866,7.654812e-10,6.2464364e-06,7.7787476e-08,1.6535487e-12
1.6986043e-05,0.00054159696,0.070248246,0.38545403,0.30318815,0.21336037,0.0147936605,0.007133522,0.0038589814,0.00048738107,0.000537229,8.44561e-05,0.00017885343,8.5285313e-07,2.3115958e-07,8.817149e-05,2.6164453e-05,5.8218236e-11,1.1607189e-06,5.6944316e-10,1.6013106e-12
1.104376e-06,1.1991942e-05,0.0019729875,0.05353524,0.15101919,0.6097444,0.099787295,0.04289188,0.020483186,0.0074612387,0.0038818729,0.0025767111,0.0047137705,0.00012897607,0.0004287756,0.00040701622,0.00091622025,3.1863483e-08,3.6909754e-05,1.2079962e-06,8.678743e-11
1.2117379e-05,0.000316073,0.064638264,0.32119915,0.35134166,0.2220863,0.02070804,0.010454463,0.005548135,0.0010807475,0.0012439765,0.000306215,0.0007180091,6.658812e-06,1.2012462e-06,0.0002359364,9.779363e-05,9.65319e-10,5.292232e-06,1.155248e-08,1.6610593e-11
3.328755e-05,7.603336e-05,0.00049342285,0.023988113,0.0063307607,0.03190436,0.14409697,0.23053262,0.23466909,0.13596231,0.06488623,0.058547016,0.007205521,0.0013948685,0.0024682523,0.037251547,0.019519517,1.7107047e-06,0.0006383214,1.5106133e-08,5.2885277e-08
2.125791e-05,4.8078957e-05,0.0003538746,0.0065243086,0.013224377,0.038531557,0.06566663,0.037994187,0.0453573,0.06874896,0.061179645,0.15642318,0.06912363,0.15110035,0.04015791,0.04405823,0.10343752,0.0019613304,0.021614572,0.07445631,1.6834316e-05
4.2014017e-06,5.12182e-06,2.9028402e-05,0.0025071169,0.00076031615,0.008397057,0.077855594,0.21460454,0.24251945,0.117542006,0.080390565,0.08971179,0.020306678,0.004251065,0.0054501765,0.061460912,0.07349401,3.3472847e-05,0.0006764717,8.0912265e-08,2.5259837e-07
2.0833265e-06,8.941587e-06,0.0002962698,0.012414768,0.033333167,0.36308393,0.18079172,0.12194493,0.05715865,0.040448118,0.022334147,0.036371935,0.05154263,0.008047537,0.045883175,0.004408305,0.020474778,2.8105553e-05,0.0011772284,0.00024963947,4.0056577e-08
4.6187415e-05,0.00013473009,0.0014820199,0.019628229,0.032497004,0.064875856,0.08983642,0.046860937,0.05908211,0.0783826,0.07131519,0.1495359,0.08043973,0.11259414,0.015983129,0.07000616,0.07109771,0.0006251502,0.020416431,0.015150439,9.9014915e-06
1.15491175e-05,1.1840962e-05,3.7261994e-05,0.0016106573,0.0011322921,0.014092943,0.07370262,0.1412897,0.14830334,0.08611717,0.05675363,0.0789848,0.057591427,0.037868124,0.07187119,0.047674466,0.17712763,0.0008183123,0.004868623,0.0001188423,1.3605904e-05
0.018206028,0.18950367,0.46360666,0.24667256,0.049599797,0.027028752,0.0028472636,0.001322349,0.0007869554,6.801558e-05,0.0002613931,1.0767581e-05,1.2573952e-05,1.4801951e-07,3.6203012e-09,6.9300266e-05,2.9962493e-06,1.2606295e-11,7.3103934e-07,1.2047443e-12,1.2443825e-11
0.6485375,0.2997349,0.047129154,0.0030731014,0.0005128013,0.0005859584,0.00012736373,0.000117852775,5.7997684e-05,1.320341e-05,7.769138e-05,3.0493707e-06,1.2880633e-06,4.0156738e-07,5.114681e-09,2.5888965e-05,6.274107e-07,2.7300145e-10,1.2011085e-06,6.857161e-13,2.8185083e-09
1.5164017e-06,4.5316814e-05,0.020932749,0.20932415,0.37495443,0.34208465,0.028864099,0.011245131,0.006949644,0.0017071385,0.0016821665,0.0005163213,0.0013717309,9.2241235e-06,2.9098853e-06,0.00017182305,0.00013041357,6.5974654e-10,6.5104564e-06,2.6529394e-08,3.8330996e-12
8.334298e-06,5.830559e-06,4.180059e-06,0.0001735109,3.612925e-05,0.00058450125,0.008623508,0.035042435,0.087538935,0.08781576,0.07636041,0.12197337,0.1887344,0.06764489,0.11908646,0.055420432,0.086000964,0.009371719,0.05451511,1.4525561e-05,0.0010445212
1.3141272e-06,4.0034934e-06,1.7223238e-05,0.00056586706,0.0008232568,0.012684769,0.031625655,0.019809652,0.01969988,0.059297774,0.052102514,0.21749283,0.14598137,0.11242469,0.10412811,0.036872707,0.07687304,0.034688063,0.021457344,0.05343498,1.4906919e-05
1.8540156e-06,8.486364e-06,0.0002060824,0.0050503598,0.011605891,0.04946801,0.061880447,0.044657942,0.041817777,0.14061053,0.12715855,0.14039515,0.25023964,0.019507878,0.042389814,0.010839502,0.042997185,0.00018062707,0.010641642,0.0003421096,4.9826065e-07
4.0739007e-05,9.4589916e-05,0.00053324475,0.007470895,0.011382801,0.08458151,0.08951659,0.072882414,0.04920647,0.06400652,0.046506036,0.11353152,0.12417658,0.071602486,0.13551448,0.033185266,0.0655142,0.005513897,0.016325831,0.008379437,3.4526045e-05
1.5119463e-05,6.993501e-05,0.002251306,0.040984694,0.09123944,0.43130577,0.16796675,0.1126164,0.05166511,0.029568015,0.014874603,0.01443716,0.01976181,0.0021769828,0.010114929,0.0032004835,0.007154394,4.485629e-06,0.00056223455,3.0389127e-05,3.8840284e-08
7.3986675e-06,0.00010305792,0.013812345,0.13773048,0.28175253,0.29832962,0.08104986,0.049468808,0.031231148,0.034475632,0.036420804,0.011129285,0.019975277,0.00022164466,0.00021057125,0.0014744096,0.0023267015,9.56963e-08,0.00028002803,3.1602661e-07,8.4936064e-10
5.7358916e-06,0.00011217931,0.024760853,0.19829872,0.34344104,0.3560371,0.03910777,0.018120991,0.010553174,0.0028688258,0.0026247597,0.0009626529,0.0023575495,3.0274967e-05,1.2881559e-05,0.00037687854,0.00031014346,6.993426e-09,1.8351982e-05,1.590164e-07,6.450213e-11
3.825215e-05,5.660412e-05,0.00019575225,0.007022007,0.0023790523,0.018341541,0.09718007,0.18801914,0.18678117,0.15028316,0.07464952,0.08982928,0.03446228,0.01029591,0.024358187,0.05696186,0.055153105,8.6614345e-05,0.0039010916,1.4852919e-06,3.9019947e-06
2.4592813e-07,6.3025306e-07,3.4673444e-06,0.00019860912,0.00035713764,0.005028213,0.017631348,0.015112291,0.016239472,0.08564002,0.08518427,0.19304156,0.18246683,0.060884144,0.19622856,0.010945366,0.09561677,0.0071012434,0.022722386,0.005592863,4.544145e-06
0.2559909,0.61018795,0.118107095,0.012365406,0.0016088786,0.0013620222,0.00017323982,9.8038014e-05,5.574755e-05,4.7270773e-06,3.272779e-05,7.740932e-07,5.494564e-07,2.6290406e-08,2.1381837e-10,1.15886705e-05,1.8016246e-07,2.9779569e-12,1.6792173e-07,1.4995556e-14,2.0306593e-11
0.6224261,0.34367046,0.03229458,0.0012162934,0.00014407432,0.00018424417,2.2213439e-05,2.0531344e-05,8.943888e-06,1.0560132e-06,8.936428e-06,1.5948477e-07,7.8519015e-08,1.0242905e-08,5.8160227e-11,2.2024258e-06,2.8703166e-08,1.6044637e-12,5.4905776e-08,1.3285123e-15,2.3789689e-11
0.009152328,0.053791154,0.32504073,0.34502777,0.15381294,0.05858586,0.020789921,0.013177894,0.008562339,0.0020155755,0.0055639674,0.0008727829,0.00050385535,6.766689e-05,2.1165222e-06,0.0026889388,0.00026307895,2.7520876e-08,8.103735e-05,1.19926815e-08,1.5687744e-08
1.014011e-05,3.0772444e-05,0.0004233962,0.020765202,0.020035932,0.14991951,0.22528335,0.20510313,0.120157726,0.109092146,0.03833311,0.031129695,0.019245178,0.0034063796,0.030446395,0.007153644,0.018087074,2.6819614e-06,0.0013719071,2.6392943e-06,4.4952237e-08
8.402226e-06,5.4229704e-06,5.8821065e-06,0.00021448091,0.00012123402,0.002072475,0.013754422,0.04598332,0.06498861,0.044766724,0.044827037,0.07753932,0.12837215,0.09073587,0.08600044,0.068932034,0.29564556,0.023644112,0.011135483,0.0007920057,0.00045499546
1.8654737e-06,1.5698926e-05,0.0016772636,0.044905726,0.10654568,0.46479845,0.1379219,0.06153134,0.038322963,0.027603216,0.019773016,0.023173746,0.054936558,0.0026438548,0.0026231874,0.004439867,0.008537957,3.7134487e-06,0.00047918237,6.4803455e-05,4.46947e-09
7.804225e-06,1.3724613e-05,6.462699e-05,0.002926589,0.002464911,0.02852357,0.08812635,0.116523236,0.0849024,0.1250071,0.063679025,0.07757718,0.075607635,0.026125817,0.21835516,0.014641459,0.0646216,0.00022112508,0.010534921,7.145668e-05,4.2698503e-06
4.1296785e-06,1.2063746e-05,0.0002070239,0.010252367,0.015203698,0.12794667,0.18314528,0.18351232,0.09396894,0.123120554,0.052219197,0.045786355,0.04709493,0.0070675006,0.07071547,0.0062183277,0.031549916,1.3285139e-05,0.0019452835,1.6629943e-05,1.0424304e-07
1.4433691e-06,1.0273614e-05,0.00086948485,0.028253296,0.084866405,0.53394794,0.1502469,0.074251264,0.038571965,0.02132338,0.012315046,0.013932808,0.02651228,0.0016245447,0.0051702573,0.0018089782,0.0059316936,1.7653742e-06,0.0003170557,4.3220378e-05,2.5365288e-09
0.0009031542,0.012944234,0.3014535,0.41201177,0.18117344,0.06835669,0.010167776,0.007149855,0.0034794405,0.00047477262,0.0010694988,0.00013579094,0.00017644392,3.4845125e-06,1.1930375e-07,0.00045567562,3.998133e-05,6.3535827e-10,4.390129e-06,2.2116105e-10,1.2532679e-10
5.992594e-06,2.1370095e-05,0.0004509997,0.037674446,0.017057203,0.09128851,0.23634563,0.27537793,0.19486149,0.07125091,0.026346847,0.023582568,0.002363715,0.00028795438,0.00076441834,0.014027304,0.008235112,6.5553294e-08,5.7512138e-05,3.5225394e-09,5.9451355e-10
3.5828034e-05,8.719254e-05,0.00071503094,0.030252334,0.011686795,0.06077231,0.18204993,0.2515419,0.19699286,0.11655881,0.04727173,0.04228658,0.008274825,0.0015851347,0.0039465195,0.027116321,0.018238083,1.8520675e-06,0.0005858128,7.375152e-08,5.6482364e-08
3.3395525e-05,3.3699205e-05,4.1499934e-05,0.001306842,0.00034120432,0.0037459608,0.03226108,0.085282125,0.13992551,0.12294365,0.075547405,0.121590324,0.10827038,0.04394769,0.07516771,0.07525884,0.08371198,0.0022705577,0.028087057,1.539414e-05,0.00021769204
2.5478164e-07,1.13854256e-07,5.875713e-08,1.2447418e-05,1.0351438e-06,3.927435e-05,0.0022596645,0.018199753,0.118026085,0.09885167,0.11922138,0.18026493,0.19753452,0.0434907,0.06875977,0.04335968,0.07783561,0.0042474666,0.027688479,9.282611e-08,0.00020701802
1.76717e-06,8.012378e-06,0.00021646186,0.0068212464,0.017274113,0.08720841,0.09719798,0.069640994,0.056959648,0.14350408,0.111101225,0.10220998,0.18337701,0.011846723,0.06279489,0.006095522,0.036990575,6.116636e-05,0.0065096426,0.00018035143,1.8281438e-07
1.9518351e-05,2.6370726e-05,1.8500621e-05,0.00042841508,0.00020030008,0.0019955412,0.012453396,0.022372534,0.03937067,0.06572951,0.05680227,0.08686527,0.109435186,0.07362468,0.25001544,0.029690206,0.06128945,0.011423952,0.17653237,0.00067267707,0.0010338246
4.4895573e-06,2.1623697e-05,0.00052254694,0.016427668,0.036067143,0.17315778,0.15365177,0.096861124,0.074406214,0.13600512,0.08404825,0.056919463,0.081140935,0.0056819115,0.055118065,0.0040708366,0.020205377,9.993648e-06,0.005625584,5.4044835e-05,8.5019146e-08
0.057449766,0.20001705,0.38423255,0.21802369,0.0713291,0.033800554,0.012790364,0.00863451,0.0048984974,0.0012527793,0.0041260836,0.00049420487,0.00027055168,5.4566095e-05,1.3835411e-06,0.0023992213,0.00015167169,3.565874e-08,7.3365525e-05,3.6155245e-09,4.4444935e-08
4.9518612e-06,3.798594e-05,0.0026567646,0.071859926,0.14708242,0.4498437,0.14539397,0.096738674,0.03966883,0.025258623,0.009572521,0.004292287,0.0038725785,0.00014565374,0.0008774073,0.00083634135,0.0017983016,3.071064e-08,5.886998e-05,1.9663293e-07,2.546834e-10
1.0195372e-06,9.75083e-07,3.3194533e-06,0.0006003925,8.008783e-05,0.0011158234,0.027901096,0.115965486,0.2598981,0.1692517,0.13501838,0.14873913,0.022771994,0.0033359767,0.0042960052,0.050147604,0.05977218,2.2812412e-05,0.0010777089,2.2865552e-09,2.1382566e-07
1.0970019e-05,1.3301957e-05,4.3399305e-05,0.0027595777,0.0007893312,0.008560042,0.075296,0.16248669,0.22781451,0.134486,0.07531442,0.10048963,0.03400518,0.01098134,0.020315152,0.06779509,0.075685576,0.00010127469,0.0030489457,9.4491696e-07,2.5597692e-06
1.00501165e-05,2.5150719e-05,0.00041317745,0.023368848,0.02119474,0.13820066,0.25871688,0.25889075,0.15133458,0.059956003,0.021214107,0.023075076,0.0058268616,0.0018988481,0.0066405023,0.011791251,0.017176399,1.1014166e-06,0.000264166,9.1510276e-07,1.28138735e-08
0.0003522355,0.001967521,0.061522365,0.26625943,0.2537116,0.14886494,0.08227171,0.047674846,0.039753493,0.018826704,0.02259768,0.015213767,0.008710903,0.0028694721,0.00012370887,0.023477532,0.0048714424,1.5672888e-06,0.00092115387,7.770568e-06,1.3740501e-07
3.3940578e-06,4.4756063e-05,0.00679552,0.09704309,0.23555605,0.38093647,0.1011769,0.060123753,0.03183932,0.032671947,0.025140552,0.0084249405,0.016436998,0.00018233561,0.00035178402,0.0010030381,0.002126575,6.842389e-08,0.00014215703,3.0310972e-07,3.745299e-10
3.0840522e-06,7.646706e-06,0.00010148308,0.005912237,0.018819958,0.13971685,0.18118727,0.11119219,0.08194816,0.06853422,0.041207504,0.07902471,0.029915687,0.044836454,0.08543516,0.009227887,0.089513935,8.5461725e-05,0.003741634,0.009588233,2.3172896e-07
8.2162455e-07,8.82613e-06,0.0008490233,0.02777425,0.088637546,0.29882717,0.1353585,0.057767257,0.056117646,0.0973402,0.08004688,0.044950947,0.089779064,0.001726277,0.0073213754,0.0019936748,0.009293213,9.643452e-07,0.0021861494,2.0228412e-05,2.317147e-09
0.000115494724,0.00069854193,0.030882802,0.19958816,0.26783216,0.22690201,0.10498819,0.052701995,0.039354146,0.019214598,0.016734889,0.012482612,0.008993882,0.0022232905,0.00025682023,0.011083112,0.00531227,1.284556e-06,0.000615243,1.840397e-05,5.810877e-08
2.9185586e-07,1.2507998e-06,2.9146453e-05,0.0015661712,0.0043670842,0.03527957,0.052784532,0.03176444,0.033852797,0.12630838,0.11232131,0.16467442,0.23287119,0.024791041,0.10217088,0.0063079186,0.058112074,0.000253971,0.011067843,0.0014754732,2.016293e-07
0.00027986628,0.004751918,0.20825687,0.41798896,0.2386989,0.09997358,0.013497836,0.008983251,0.0045468127,0.0006984217,0.0012485635,0.00021022023,0.00032534482,5.2882224e-06,3.1339977e-07,0.0004618886,6.6217144e-05,1.2152527e-09,5.7829616e-06,1.2564001e-09,1.14754e-10
5.7319692e-05,0.000446613,0.025071763,0.15264222,0.2212022,0.33448446,0.09158943,0.061601926,0.032910977,0.01776126,0.015343474,0.010552151,0.02302861,0.0013387928,0.0004998323,0.006271593,0.004747443,3.5893033e-06,0.00043400226,1.2283866e-05,5.111124e-08
2.0924786e-05,7.25116e-05,0.0018599766,0.051790405,0.08628462,0.32277116,0.22638693,0.17944936,0.07296237,0.024326982,0.0087695,0.008317969,0.0029072117,0.0008955931,0.0024167849,0.004178459,0.006478411,4.635191e-07,0.0001076498,2.6485545e-06,5.6694245e-09
4.7220328e-07,4.7928897e-06,0.0005420461,0.01959073,0.05897155,0.20564316,0.11868717,0.059926704,0.051419187,0.119607516,0.10306654,0.0717364,0.15926975,0.0031896092,0.006526056,0.0038572538,0.016088465,2.992485e-06,0.0018469155,2.269787e-05,3.4133993e-09
5.7608368e-06,3.1428863e-05,0.0011715723,0.018421201,0.03608784,0.099549904,0.09064135,0.085065074,0.055639375,0.14241053,0.122728564,0.095084414,0.18235052,0.0099085495,0.011421177,0.013804754,0.03162953,4.699005e-05,0.0039722333,2.9057468e-05,2.3707013e-07
1.2536967e-06,1.6223277e-05,0.0029742266,0.06933892,0.19071904,0.56681424,0.08722105,0.032646507,0.021428537,0.009118413,0.0061835716,0.0037675847,0.007607342,0.00016529823,0.00033529347,0.00050908304,0.0010642271,3.5062047e-08,8.6939064e-05,2.222251e-06,1.1606503e-10
7.391902e-06,6.128111e-05,0.0045819497,0.07320483,0.14655997,0.44102737,0.119746014,0.054809783,0.038368072,0.024799144,0.01978558,0.018968523,0.0419463,0.002105418,0.0018612666,0.004698022,0.0067014005,3.6658794e-06,0.0007077262,5.626019e-05,1.3341019e-08
6.8242066e-06,9.293577e-06,3.6322068e-05,0.0030258135,0.0007444235,0.0077031227,0.07675101,0.16980438,0.24502838,0.14744699,0.08291152,0.10313565,0.023393655,0.0063075456,0.011921526,0.06071125,0.05914808,3.0993542e-05,0.0018824898,1.570173e-07,6.3132353e-07
0.00042443874,0.0026574444,0.07568422,0.29270166,0.26694807,0.14247161,0.06954957,0.036256727,0.034544107,0.015075706,0.021063423,0.012393767,0.0073390417,0.001783843,8.7409564e-05,0.016651144,0.0034397088,1.0389193e-06,0.0009202118,6.784304e-06,1.0214141e-07
6.0550824e-06,2.9173225e-05,0.0014528901,0.053296562,0.10505538,0.41880167,0.20024727,0.14658566,0.04894611,0.011921882,0.003863104,0.0034880089,0.0011471608,0.00024275864,0.00056161074,0.0017715632,0.002562963,4.2591246e-08,1.9722977e-05,4.3612104e-07,2.5933136e-10
0.000105285995,0.00041576187,0.0085180355,0.08054623,0.13329934,0.18831879,0.14437018,0.07405917,0.07141996,0.057036698,0.046484556,0.057851866,0.04038198,0.023469381,0.0042414498,0.033943955,0.029132875,4.8241887e-05,0.0053692646,0.0009856716,1.3560878e-06
0.06773629,0.19231084,0.3686846,0.21316537,0.073315464,0.035717357,0.015562287,0.0126983,0.0066474834,0.0019092257,0.0059281294,0.0008574593,0.00044317122,0.00013213129,3.1511283e-06,0.0044918424,0.00026552324,1.2532499e-07,0.00013110816,8.391296e-09,1.5312409e-07
3.5114301e-06,3.9776814e-06,1.2988521e-05,0.0014327079,0.0002734015,0.003384367,0.0495221,0.1405755,0.24754833,0.15979114,0.10045328,0.12454937,0.02817635,0.0063073216,0.010548198,0.059764553,0.065546975,4.1607764e-05,0.0020635442,5.1980816e-08,7.191501e-07
1.5682632e-06,1.6782635e-06,1.3895976e-06,4.4713826e-05,4.364706e-05,0.0008782168,0.0040513217,0.0044133114,0.01021129,0.024448968,0.034082543,0.07530334,0.041219555,0.10075421,0.024125734,0.085071646,0.088457435,0.26431456,0.015767463,0.22665645,0.00015092932
0.0006308722,0.009711128,0.25973448,0.42148674,0.20107505,0.08201878,0.011485984,0.0076628164,0.0038630848,0.00051753153,0.0010341583,0.00014002084,0.00019852478,3.2763035e-06,1.6580483e-07,0.00038803724,4.5028242e-05,6.994828e-10,4.317172e-06,4.0125114e-10,1.07845635e-10
1.8492461e-05,0.00023080883,0.023501124,0.17149444,0.28827894,0.26413047,0.07522932,0.058681812,0.030653771,0.03093283,0.03033344,0.008596395,0.013600908,0.00018256235,0.00014875557,0.0017118535,0.0020824266,9.968193e-08,0.00019143593,1.2596963e-07,1.5426571e-09
2.4293884e-05,4.4973574e-05,0.00026216437,0.007355952,0.009073921,0.10983816,0.13297018,0.16202426,0.07426828,0.059144042,0.029594483,0.057501383,0.057518907,0.032477867,0.19360466,0.018456195,0.050043505,0.0005704076,0.004841204,0.0003785456,6.7081633e-06
0.38032034,0.49651018,0.10500905,0.012592638,0.0023354902,0.0021210166,0.0003857549,0.00031437946,0.0001645057,2.6525124e-05,0.00013611016,6.5507625e-06,4.1487165e-06,5.9560415e-07,8.8886205e-09,6.905375e-05,1.6987763e-06,4.3563259e-10,1.961164e-06,2.5114253e-12,2.4950195e-09
2.2917471e-05,0.0005702056,0.08490508,0.35603562,0.3526375,0.14545888,0.02329567,0.017560849,0.008293722,0.003965202,0.005113165,0.00073313457,0.0009648924,5.186068e-06,1.3075172e-06,0.00028916105,0.00013766378,5.435905e-10,9.769033e-06,5.624894e-10,1.6476116e-11
2.9308196e-06,3.3793982e-05,0.0052109454,0.0900669,0.18452813,0.47997513,0.10119256,0.043906912,0.027322857,0.014935625,0.011792147,0.009381054,0.024369923,0.000741039,0.0004107663,0.0026277953,0.0033014643,5.244742e-07,0.00019010884,9.507128e-06,1.2410953e-09
5.4253553e-07,2.1567557e-06,2.5942689e-05,0.0015604623,0.0035094235,0.033372607,0.05793104,0.035579488,0.041253243,0.12468706,0.10078062,0.11657751,0.14607534,0.024455745,0.23676391,0.0045430483,0.045438427,0.00015377799,0.026100298,0.0011889375,3.957818e-07
1.3781152e-05,2.7581329e-05,8.902343e-05,0.00454243,0.0022197133,0.024240524,0.09716437,0.13088655,0.13017853,0.1575724,0.070936196,0.08315187,0.0558682,0.020394595,0.139723,0.020451797,0.0463603,8.81799e-05,0.016071985,1.5417314e-05,3.549159e-06
9.432819e-06,3.843999e-05,0.0010371679,0.03186745,0.055765484,0.28313267,0.21151048,0.17384844,0.07769942,0.06892894,0.02749923,0.019114394,0.018700054,0.0019351944,0.013052869,0.003567127,0.011666683,2.1005133e-06,0.00061799906,6.474246e-06,2.0279249e-08
2.0844813e-05,5.200278e-05,0.00067770854,0.031526715,0.019943481,0.10994133,0.2309923,0.27210158,0.17139482,0.06299355,0.0248865,0.028199071,0.0056613013,0.0014785301,0.003192721,0.019953493,0.016751833,1.5943701e-06,0.0002302537,3.0071453e-07,2.3623203e-08
9.070292e-07,5.38975e-06,0.00036933264,0.018580124,0.05565557,0.5137439,0.18419455,0.09823107,0.044136174,0.024952307,0.010929985,0.012254901,0.016883044,0.0013515658,0.011989161,0.0012512261,0.0051913387,7.350322e-07,0.00026361,1.5130958e-05,1.3665691e-09
3.87225e-05,6.455656e-05,0.00020772275,0.009233113,0.0022712154,0.015863096,0.09824314,0.18687321,0.21452129,0.16619195,0.07946906,0.09101031,0.020246686,0.00625279,0.011948022,0.054456778,0.039721772,2.497258e-05,0.003360098,2.4220924e-07,1.1971872e-06
4.983165e-05,4.3096057e-05,4.6978963e-05,0.0013111356,0.0002775412,0.0024276038,0.023834992,0.075502455,0.15210193,0.13788614,0.102705225,0.14019652,0.099904254,0.035766073,0.046821296,0.0742318,0.07808372,0.002615404,0.025892429,4.8682105e-06,0.00029671862
4.98632e-05,0.0013640515,0.1326375,0.4344764,0.27674687,0.13130572,0.011943362,0.006517224,0.003382505,0.00045188025,0.00066222885,9.874392e-05,0.00018667207,1.2792628e-06,1.3417426e-07,0.00014449505,2.934285e-05,1.1518817e-10,1.7477183e-06,4.321949e-10,5.2930342e-12
0.00012852688,0.0021734745,0.16000134,0.39152536,0.2835492,0.12208182,0.01725116,0.011956041,0.0061458657,0.001174539,0.0019249592,0.0004422338,0.00074430543,1.4543581e-05,8.646573e-07,0.0007379788,0.00013633267,4.0429584e-09,1.1463225e-05,7.034233e-09,2.3255924e-10
1.2646132e-05,3.0322524e-05,0.00023799707,0.017583465,0.0048058867,0.03315683,0.15850183,0.2512836,0.22862664,0.1408147,0.055264607,0.050405182,0.006871811,0.0012746266,0.0031132204,0.029241377,0.018273119,7.6469786e-07,0.00050135696,1.0042611e-08,1.6957522e-08
1.9526762e-05,7.1503215e-05,0.0020827195,0.054420277,0.097775154,0.344624,0.2144881,0.17234497,0.06477506,0.020273305,0.0075006546,0.0070381323,0.0025727267,0.0007538562,0.0017118005,0.0037574514,0.005708225,3.87504e-07,7.9620615e-05,2.509323e-06,4.229578e-09
2.0469586e-05,2.9658473e-05,0.000112197624,0.0039517526,0.0033835883,0.05038387,0.10413792,0.13853587,0.08323424,0.06841415,0.031641494,0.0590121,0.05457036,0.03736997,0.27863207,0.022756169,0.056182597,0.0005529978,0.0068928003,0.00017378278,1.1902321e-05
5.5323294e-06,1.0814445e-05,0.0001133642,0.0051466404,0.013820487,0.10851344,0.15956475,0.13334349,0.085980095,0.0642877,0.04113344,0.072648674,0.03431215,0.050609116,0.07446657,0.015423346,0.13071476,0.00022161758,0.0029451821,0.0067381137,7.015333e-07
3.936696e-05,4.619451e-05,8.721108e-05,0.0029344966,0.0008436572,0.007999706,0.055479247,0.12590376,0.1628023,0.14707924,0.08044136,0.11124103,0.073448665,0.0239508,0.052950896,0.06641479,0.074445024,0.00055241527,0.013293275,6.362255e-06,4.022542e-05
7.649553e-06,2.1979706e-05,0.000532868,0.028841099,0.03589149,0.20764074,0.27072424,0.24235132,0.11533337,0.04159868,0.014298936,0.014554859,0.003938019,0.0012467579,0.0044524125,0.006803845,0.011623289,4.587736e-07,0.00013705662,9.744246e-07,4.0109613e-09
1.5001201e-07,5.531427e-08,4.253432e-09,4.3311647e-07,1.5370667e-08,1.4587168e-06,9.671775e-05,0.0006765704,0.006737826,0.015623095,0.01661778,0.029840233,0.10867627,0.12857759,0.19091882,0.18721439,0.008212639,0.07016549,0.10725081,6.039935e-07,0.12938903
3.1121294e-07,1.8781418e-06,0.00012114324,0.031522896,0.016587982,0.17134728,0.28327355,0.28551975,0.13510503,0.05384824,0.010701565,0.006541898,0.00084403006,4.3845477e-05,0.00039246705,0.0021162652,0.0020227584,3.5623055e-10,9.101509e-06,5.7019774e-11,1.322745e-12
3.831076e-06,0.000182018,0.060292512,0.38891417,0.330309,0.20019661,0.01163042,0.005048734,0.0025026486,0.00031150732,0.00036330576,5.3103387e-05,0.0001303587,4.0186427e-07,7.0232794e-08,4.7079575e-05,1.3761699e-05,1.0213179e-11,4.4789186e-07,1.5496593e-10,1.4593014e-13
0.48393697,0.4088196,0.091936305,0.0103595285,0.0019290949,0.0017160285,0.00042511342,0.0003333978,0.00018199274,4.036825e-05,0.00020731892,1.054708e-05,5.0377344e-06,1.2424634e-06,2.02462e-08,9.1498434e-05,2.4616925e-06,9.778343e-10,3.3902354e-06,6.404353e-12,6.7004966e-09
4.4910747e-05,5.8167705e-05,0.00010540647,0.003581246,0.0010194316,0.009136202,0.061472826,0.12853822,0.16784082,0.15716021,0.08054844,0.10727648,0.063183,0.022921756,0.05343105,0.061335582,0.06676279,0.00036664348,0.015180941,6.079226e-06,2.979304e-05
2.1616906e-06,4.615448e-06,2.2410122e-05,0.0007806673,0.0012504519,0.011530065,0.029529134,0.02776238,0.027364159,0.092124514,0.08227041,0.13478395,0.15229587,0.05296938,0.25666273,0.011460654,0.08611661,0.0032817738,0.026531123,0.0032447996,1.2125888e-05
6.403811e-07,1.756612e-06,9.466055e-06,0.0003461415,0.00059267547,0.005595453,0.017284347,0.014065724,0.017041577,0.09291156,0.09608583,0.19851214,0.20314689,0.06664604,0.1428396,0.0150553,0.08132502,0.0070347926,0.03608632,0.0054092845,9.431129e-06
7.001697e-06,9.319384e-06,6.271144e-05,0.0033506602,0.003524649,0.0441139,0.14916913,0.22403124,0.1503535,0.07864684,0.03968121,0.05281907,0.03003524,0.023082284,0.049791902,0.029671412,0.11982441,0.00011249211,0.0016460511,6.601859e-05,9.177976e-07
4.8918053e-05,6.948458e-05,0.00031893456,0.0061357343,0.005020031,0.037866093,0.104014285,0.17224076,0.104359426,0.10998397,0.060727105,0.08143038,0.07548958,0.028204149,0.07292034,0.041914277,0.0929988,0.0009137597,0.0052259634,9.5335694e-05,2.2644095e-05
2.6152518e-05,0.00060640665,0.100704916,0.36432806,0.33389127,0.16136402,0.01872834,0.010658525,0.005461047,0.0011068501,0.0015066217,0.00036312814,0.0007409022,8.792573e-06,7.743298e-07,0.00038965006,0.00010805755,1.4070655e-09,6.5677204e-06,6.441712e-09,3.6102104e-11
2.0901975e-06,2.9722657e-06,4.47581e-06,0.000286996,0.00020442624,0.0051999614,0.01950132,0.026639372,0.028068108,0.0378432,0.023243967,0.06542746,0.06587867,0.073253684,0.5443831,0.016336797,0.055142317,0.0044980445,0.03300797,0.0010243239,5.0737915e-05
4.246175e-06,5.9257218e-05,0.008647668,0.11137643,0.26023376,0.354024,0.089939006,0.04916573,0.031006694,0.032991488,0.030499734,0.009734991,0.018453628,0.00018761099,0.00029448647,0.0010458245,0.0021073031,6.779243e-08,0.00022772486,4.0014916e-07,4.4959153e-10
1.0058483e-07,3.318964e-08,2.3054152e-09,3.125227e-07,1.0279906e-08,1.1356303e-06,8.662649e-05,0.0006374393,0.007682239,0.015556358,0.015827818,0.030693494,0.10943897,0.14380229,0.19112507,0.22806744,0.009515574,0.07580433,0.06404016,5.408875e-07,0.10772011
4.0870564e-05,5.8532496e-05,0.000107630774,0.003905439,0.0012147893,0.011186866,0.06790379,0.12819281,0.16064627,0.16100706,0.07796575,0.10241753,0.06034552,0.024576807,0.07153663,0.049128886,0.061350174,0.0002804904,0.01810301,8.640346e-06,2.2535447e-05
2.0896823e-05,0.0006974788,0.107312925,0.42555636,0.29461876,0.15011504,0.011540758,0.0059596146,0.0029481135,0.00037382412,0.00050192187,7.3849784e-05,0.00015632075,8.37551e-07,9.149358e-08,0.000100639445,2.1651707e-05,4.6545472e-11,9.919206e-07,2.591161e-10,1.4059752e-12
0.0006087615,0.009327969,0.22891799,0.4362316,0.21821037,0.068910316,0.014575511,0.011148236,0.0057141897,0.001775622,0.0034963053,0.00035405156,0.00031069852,3.1578938e-06,3.5494165e-07,0.00032990772,7.571843e-05,6.340509e-10,9.280309e-06,1.1708647e-10,1.1071028e-10
5.438287e-05,0.00011406321,0.0012143756,0.024771912,0.04238228,0.1937189,0.22138582,0.22034962,0.10069194,0.048973884,0.023849756,0.026505752,0.013828643,0.009615715,0.017361607,0.015069086,0.038952027,3.6595324e-05,0.00097126694,0.00015181438,5.581813e-07
7.2905334e-07,4.4382336e-06,0.00024223144,0.013091486,0.042653166,0.4363731,0.1704153,0.077885725,0.050691906,0.03866586,0.022781387,0.03809369,0.05369508,0.0062175635,0.029157965,0.002886245,0.015239599,9.21844e-06,0.0014570107,0.0004383025,7.813869e-09
0.004180078,0.01923266,0.19877963,0.33551022,0.21697813,0.08334454,0.04257546,0.033600174,0.022358123,0.0074297953,0.014295232,0.0045622033,0.0022485878,0.00067366177,2.0526544e-05,0.012427004,0.0014004846,4.6295722e-07,0.00038262713,2.939734e-07,1.7570935e-07
2.6323862e-05,0.0001179365,0.0035347494,0.056010496,0.16365421,0.32278243,0.16748603,0.07004152,0.059106696,0.03853094,0.026987001,0.032399464,0.020165164,0.008126424,0.005194482,0.006857874,0.016039249,1.0065454e-05,0.0017679783,0.001160826,1.10083114e-07
1.1673986e-05,0.00019986928,0.041959293,0.24888384,0.3242258,0.2863769,0.04360907,0.022634743,0.012329633,0.0046189465,0.004954345,0.0022287122,0.0053723315,0.0001183115,1.3045835e-05,0.001708071,0.00071035593,4.1425167e-08,4.4725664e-05,2.9609538e-07,3.866346e-10
1.8190852e-06,4.7288936e-06,2.003248e-05,0.00094126444,0.0024613047,0.014146666,0.032068513,0.014463345,0.023378987,0.039954957,0.043049075,0.12447443,0.02952967,0.080720715,0.077058606,0.009246504,0.06762631,0.0020176317,0.021791784,0.41704002,3.6463491e-06
2.3852724e-06,2.117898e-05,0.0022849066,0.05443974,0.11872189,0.44798765,0.13173066,0.05648332,0.038007997,0.02767015,0.020981804,0.023922438,0.058329824,0.002799075,0.001989862,0.0053701126,0.008624293,3.878402e-06,0.0005593881,6.939858e-05,5.433796e-09
4.30633e-06,5.1629263e-06,2.1547778e-05,0.0019460171,0.0005564025,0.007312703,0.075136475,0.18069325,0.24134234,0.12966056,0.072559774,0.094465666,0.028819337,0.007867886,0.014733857,0.06379419,0.07938525,5.075862e-05,0.0016435867,3.0838137e-07,7.245785e-07
8.795052e-06,9.442424e-05,0.009595282,0.114576966,0.2239155,0.45485565,0.08412713,0.037397142,0.025800299,0.012097356,0.010308723,0.006821533,0.015122629,0.0004860087,0.000376067,0.0018758358,0.0022814893,4.0824858e-07,0.00024991285,8.878456e-06,2.6407243e-09
3.4283642e-06,1.7970797e-05,0.00058019767,0.01304318,0.02282862,0.13447905,0.11100279,0.056796644,0.04353997,0.06911135,0.054425403,0.12881503,0.21944766,0.04031548,0.015066854,0.035393912,0.047957752,0.00051666144,0.0046602217,0.0019973763,4.803798e-07
2.8091597e-06,1.344143e-05,0.00049564574,0.017279826,0.041755762,0.21090755,0.16971242,0.12205538,0.0739168,0.11833932,0.066643275,0.046001945,0.07228379,0.0039013228,0.032159876,0.0035043312,0.018994436,5.866037e-06,0.0020030576,2.3121636e-05,2.8116656e-08
0.0016601877,0.0070739184,0.11253096,0.29270205,0.22736177,0.104381815,0.06437083,0.052269645,0.038803887,0.016345209,0.02419288,0.013052151,0.006139954,0.0027183255,8.505723e-05,0.031317588,0.0039711087,2.1164776e-06,0.001017505,2.5431473e-06,4.7348925e-07
3.013002e-05,5.45974e-05,0.00030563097,0.010079515,0.0063475864,0.052146275,0.14616075,0.20359267,0.13831897,0.12834233,0.05606843,0.06635182,0.043435324,0.012795749,0.0519511,0.029447664,0.050644163,9.102272e-05,0.0038207828,1.2922859e-05,2.5239683e-06
0.00010599157,0.0021026055,0.15635982,0.41206515,0.2743759,0.12208452,0.015080336,0.0097131375,0.0049000117,0.00082228694,0.0012571969,0.00024212312,0.0004107711,5.3913363e-06,4.2725205e-07,0.0003952595,7.385543e-05,1.0457479e-09,5.3395693e-06,2.026e-09,5.998239e-11
4.0163304e-06,5.4222113e-05,0.007096056,0.10546618,0.24967088,0.41476086,0.09142832,0.04875767,0.027490852,0.022450713,0.015997792,0.0051161866,0.009247118,0.00010339776,0.00027524395,0.000618212,0.001358106,3.1297947e-08,0.0001038285,2.8644936e-07,2.2206674e-10
2.5833902e-05,0.00058949995,0.092038974,0.34903607,0.32991478,0.1867199,0.020393236,0.011578474,0.0056785676,0.001104966,0.0013499038,0.00033641138,0.00073377107,9.276987e-06,1.063521e-06,0.00036782937,0.00011523436,1.8354285e-09,6.2549593e-06,9.9920845e-09,4.1463083e-11
0.00011834171,0.0031522177,0.16236117,0.4625727,0.23621723,0.117957234,0.009542075,0.0046081785,0.0026059635,0.00024360667,0.00040839845,4.178063e-05,7.536804e-05,3.7628016e-07,4.064818e-08,8.172134e-05,1.2708247e-05,2.666852e-11,7.6589606e-07,6.438871e-11,1.9969599e-12
1.7892477e-05,0.00032142515,0.051131528,0.26397765,0.35826668,0.18812199,0.044169933,0.032135665,0.017565627,0.013988382,0.018172087,0.00407921,0.0059907464,5.893719e-05,1.5551437e-05,0.0011450605,0.0007638635,1.35925164e-08,7.7742654e-05,1.6031333e-08,2.4734872e-10
3.3359745e-05,0.0009905633,0.12713811,0.43146846,0.28632548,0.1317447,0.011508327,0.006234519,0.0031068986,0.00041197517,0.0006003646,9.1453956e-05,0.00017828074,1.1904104e-06,1.0349525e-07,0.00013820505,2.6598227e-05,8.3797684e-11,1.3654294e-06,3.288703e-10,3.1279165e-12
2.1520545e-06,6.088237e-05,0.026946608,0.23406607,0.37401637,0.30754745,0.030199895,0.011967595,0.0074446183,0.002099704,0.0023014673,0.00077250745,0.0020204626,1.6735055e-05,2.897729e-06,0.00033160337,0.00019274013,1.5258496e-09,1.0263784e-05,4.2482135e-08,8.865104e-12
4.5898134e-05,0.00022294531,0.0067270542,0.07983172,0.09614481,0.13189474,0.12343649,0.058855154,0.06590702,0.06540974,0.059785176,0.086244375,0.057845607,0.038863786,0.0018327058,0.089750044,0.03081359,3.6102898e-05,0.0058631753,0.00048921607,6.749581e-07
4.7966165e-05,0.00085514324,0.087783344,0.3284425,0.31978098,0.20656906,0.02634418,0.015970178,0.0079978295,0.0017855983,0.0019543413,0.00054527365,0.0011402757,1.851115e-05,3.5047292e-06,0.0005435709,0.00020469027,7.18662e-09,1.3014052e-05,3.4511864e-08,2.0903836e-10
5.7596767e-06,4.8317365e-06,7.468237e-07,1.8232993e-05,2.9631483e-06,7.733573e-05,0.00073901494,0.0018085634,0.0071890997,0.020633934,0.026585316,0.030999258,0.06452457,0.06301042,0.061003275,0.214808,0.024549382,0.26573923,0.19764996,0.00069677876,0.01995332
1.572983e-05,0.00031206547,0.03170754,0.2558255,0.3093709,0.3476863,0.02955859,0.013944303,0.008167758,0.0013304041,0.0010727815,0.0002767122,0.00046239948,4.825187e-06,4.129178e-06,0.00016039681,9.483885e-05,7.3758605e-10,4.767976e-06,1.3077915e-08,1.6719228e-11
3.6666435e-05,9.6251635e-05,0.0011571861,0.039644692,0.021899642,0.086027205,0.19759713,0.269275,0.17537421,0.074279785,0.039593253,0.03754381,0.0059558796,0.0011120201,0.0017850072,0.02926128,0.019141044,2.4441017e-06,0.00021731411,1.338285e-07,3.4501724e-08
1.2849403e-06,2.2726294e-05,0.0048997407,0.08753206,0.22749019,0.3377194,0.09500934,0.04464675,0.035446398,0.04917653,0.05318021,0.018583152,0.04055041,0.0003364289,0.00034686242,0.0014565274,0.0031654146,8.3681456e-08,0.0004357302,7.4775835e-07,2.5834185e-10
2.2789345e-05,4.0403804e-05,0.00022469979,0.010649621,0.0036818653,0.027962327,0.13176179,0.23973213,0.20147617,0.13943796,0.06179498,0.067563444,0.017786896,0.0043078368,0.010192611,0.04491358,0.037188992,1.33716485e-05,0.0012479947,2.2674337e-07,3.5003845e-07
5.4911993e-07,1.018467e-06,3.1423358e-06,0.00014813083,0.00020732576,0.0031366819,0.013847394,0.016541358,0.015434476,0.0708876,0.06974756,0.17730711,0.15757756,0.08033089,0.1863957,0.018793771,0.1333681,0.028113952,0.021717258,0.006414576,2.5854377e-05
7.127015e-07,3.775881e-07,2.6971858e-07,3.4939345e-05,4.5367324e-06,0.00013840193,0.004764329,0.02795112,0.11790193,0.093855284,0.09666546,0.14685352,0.19090943,0.048595704,0.083392054,0.047760554,0.10843665,0.004760621,0.027764192,1.0197757e-06,0.00020887206
8.015724e-06,1.3676256e-05,0.000100914585,0.0076214047,0.0033842863,0.033653587,0.1662175,0.24578135,0.21973716,0.10854213,0.04522086,0.05745724,0.013468548,0.0045659235,0.01285583,0.03846332,0.042171758,8.368215e-06,0.000727578,4.938992e-07,1.1795539e-07
1.44620435e-05,2.251153e-05,0.00014064026,0.005263678,0.008363724,0.07220469,0.15761726,0.17840812,0.112595506,0.074315466,0.042390354,0.05346327,0.03097309,0.03526081,0.08871721,0.02014414,0.11619107,0.00018860982,0.0031060877,0.0006174498,1.9108977e-06
1.5580848e-05,2.0549329e-05,7.6056676e-05,0.0024629394,0.00413931,0.036942624,0.0853819,0.098379016,0.08112899,0.06804337,0.04904896,0.075238116,0.049937613,0.07779043,0.16844086,0.023543425,0.16438146,0.0012407821,0.008906091,0.00486843,1.34640395e-05
1.4579397e-05,2.4352737e-05,0.00013178236,0.0069380016,0.00252709,0.023014136,0.11934751,0.22919253,0.18859127,0.15033773,0.06568708,0.07536752,0.025496516,0.0059811287,0.01723913,0.04325641,0.045208406,2.1310674e-05,0.0016226682,3.749979e-07,5.206926e-07
1.0452937e-05,1.2139214e-05,2.3348572e-05,0.0015607617,0.00039965007,0.005455179,0.055150438,0.120159894,0.2050464,0.1427959,0.07306205,0.1133181,0.056237776,0.023378631,0.05569741,0.059207927,0.07753292,0.00025235728,0.01068386,3.365429e-06,1.141501e-05
2.1451226e-07,6.7730997e-07,5.770437e-06,0.00029604146,0.0005953571,0.006801833,0.019605579,0.014388702,0.016532797,0.09590938,0.096451394,0.21298915,0.2229637,0.05865799,0.12987234,0.0114061255,0.08230712,0.003768037,0.022634538,0.0048111244,2.2323588e-06
2.894614e-07,4.1853505e-06,0.0008553335,0.03272813,0.10698093,0.3170613,0.12863167,0.059172872,0.047992572,0.09032375,0.07573886,0.037383534,0.09053172,0.0008950241,0.0022576402,0.0016811928,0.0070261895,2.4254422e-07,0.0007318487,2.7271215e-06,2.8846886e-10
1.5492756e-06,1.3603929e-05,0.0011259096,0.026201734,0.06689892,0.18141955,0.11383358,0.07214341,0.054615207,0.12542397,0.109673366,0.06880088,0.14640398,0.0034310278,0.0057701943,0.005416515,0.016752323,4.663049e-06,0.0020564722,1.3170764e-05,1.17703935e-08
3.7786895e-06,1.1190069e-05,0.00011735679,0.0076361154,0.008010804,0.078095965,0.15858088,0.14110875,0.10341735,0.15730496,0.06592067,0.053499978,0.044486746,0.008554771,0.13292263,0.006159524,0.028475016,8.4798885e-06,0.0056746565,1.0269565e-05,1.2279963e-07
1.0976563e-06,1.0045765e-05,0.0011893689,0.03940017,0.117612,0.61090344,0.12153802,0.048777502,0.026112134,0.011685695,0.005965933,0.0048092003,0.007820428,0.00032438166,0.0014901633,0.0005897699,0.0016561404,9.5637745e-08,0.00010964552,4.82977e-06,2.4882232e-10
0.08597196,0.47259647,0.3250683,0.08905529,0.015223415,0.009613349,0.0012024626,0.0006335402,0.000359714,3.5230685e-05,0.0001632907,6.0285865e-06,5.5140754e-06,1.6302818e-07,2.3670177e-09,6.291842e-05,1.6330274e-06,2.0710393e-11,7.50585e-07,5.127627e-13,5.174457e-11
1.4721011e-06,1.275422e-06,4.5347343e-07,1.7879029e-05,9.3451745e-06,0.00024990732,0.00167164,0.0031084255,0.010350847,0.021463249,0.030462053,0.05211091,0.053197205,0.08382507,0.037976332,0.11554031,0.0846616,0.42864418,0.042045016,0.03395831,0.0007044854
4.14909e-06,2.5344902e-05,0.0014180884,0.034100562,0.091770306,0.49696463,0.15185331,0.08194395,0.043744147,0.024124345,0.013970295,0.014853398,0.026419908,0.00208644,0.0070062596,0.0023709252,0.006757194,3.224213e-06,0.0005262021,5.724098e-05,9.981319e-09
4.495566e-06,8.246584e-06,5.354114e-05,0.0057582194,0.0013799411,0.012357379,0.109703355,0.21015134,0.25613317,0.14580548,0.07582422,0.08441169,0.009977122,0.0021863626,0.004723668,0.046295285,0.034625474,3.0634708e-06,0.00059790525,1.4650593e-08,4.0430525e-08
1.8741301e-06,3.6806541e-06,9.947751e-06,0.00073077326,0.001322539,0.013189355,0.03935497,0.027434649,0.03894845,0.060350478,0.052707016,0.10655745,0.041006096,0.1119217,0.3326985,0.00938574,0.08919536,0.0009759392,0.040611953,0.033587724,5.786943e-06
0.08935596,0.23305489,0.3615697,0.18414716,0.059722774,0.030906284,0.0133121675,0.010694547,0.005524474,0.0015787217,0.0050028213,0.00066905736,0.00035194797,0.00010301083,2.542123e-06,0.003682958,0.00020933402,1.05386455e-07,0.00011139339,5.8175647e-09,1.4719156e-07
2.8915608e-06,7.701568e-06,8.901106e-05,0.0056009497,0.016772835,0.12409691,0.17361663,0.09838987,0.08062236,0.07766478,0.046133704,0.08313493,0.030209547,0.045337025,0.12545888,0.007527771,0.07214997,6.245321e-05,0.00603893,0.007082602,2.4467434e-07
8.300668e-07,3.7905088e-06,9.709876e-05,0.003605975,0.009603108,0.056949865,0.070664115,0.04573882,0.04317418,0.13649677,0.11711551,0.13687208,0.22482207,0.018735673,0.0705532,0.007143526,0.048342343,0.0001531734,0.009307597,0.00062000693,2.3542479e-07
1.0620208e-05,0.00018073276,0.038683493,0.2401264,0.32440153,0.2929264,0.045788255,0.02449345,0.013036078,0.004943596,0.0051509305,0.0022754036,0.0055279974,0.000112319845,1.4800983e-05,0.0015666086,0.0007190654,3.8491176e-08,4.201628e-05,2.5450763e-07,3.5399825e-10
5.3075048e-05,5.2956537e-05,8.536818e-05,0.002641052,0.0006209569,0.0050413157,0.04126627,0.112331,0.17665358,0.14859657,0.09745621,0.12921214,0.06707236,0.021729056,0.030899186,0.0760674,0.07660061,0.00079131045,0.012764729,2.5889822e-06,6.223177e-05
7.3861884e-07,4.322666e-06,0.00018088451,0.006762562,0.020003987,0.1004804,0.097065575,0.05766245,0.051735844,0.13922234,0.11533973,0.110762894,0.20593478,0.0100247655,0.04078419,0.005239303,0.03322933,3.6751877e-05,0.005320387,0.00020871675,5.5283888e-08
1.1517792e-05,4.684665e-05,0.0010919281,0.02144072,0.046515077,0.28693813,0.15254052,0.09767944,0.057297777,0.050580382,0.034006942,0.05906774,0.09549547,0.017750483,0.031660493,0.012715537,0.030578159,0.00017792034,0.0033075232,0.0010968408,5.034009e-07
2.6716546e-06,2.963052e-05,0.004181938,0.07721197,0.18986051,0.56233895,0.08708008,0.03934078,0.020197803,0.0069648535,0.004061093,0.00236233,0.0045640985,0.00011948743,0.00027372045,0.0004917209,0.00087246974,3.927347e-08,4.4663117e-05,1.2252356e-06,1.8742911e-10
2.2647833e-05,1.8586285e-05,1.8503566e-05,0.0006517149,0.0001385598,0.0016529092,0.018769598,0.063901745,0.13262817,0.12265094,0.08988185,0.13341266,0.13046438,0.04543278,0.06919185,0.070658244,0.08451017,0.0034709398,0.03216282,6.957789e-06,0.00035398334
1.8003915e-05,5.2892527e-05,0.0012861396,0.032163795,0.07236908,0.31944904,0.22131288,0.20334128,0.06952595,0.024593882,0.010398633,0.011257766,0.005674446,0.0028556043,0.003938345,0.0063044014,0.015251999,3.2037847e-06,0.00017455203,2.8085225e-05,2.3793298e-08
3.6066733e-06,2.7443857e-06,6.5360196e-06,0.00052405475,0.00014162622,0.0023318448,0.03207612,0.11296517,0.20147035,0.11366284,0.086282544,0.11464554,0.075111486,0.018494215,0.024006402,0.071252905,0.14277534,0.00063537207,0.0036002183,1.1871495e-06,9.9307e-06
2.0520743e-06,8.947284e-06,0.00029010957,0.010473421,0.028177002,0.16040169,0.14517874,0.10370807,0.06861997,0.12642053,0.08015002,0.06767551,0.11148245,0.0076367185,0.050643206,0.0045483545,0.03125997,2.271878e-05,0.0031944776,0.00010597961,6.697245e-08
3.951122e-07,7.27355e-07,5.2667365e-06,0.00026164748,0.000403425,0.005823267,0.019838009,0.025359454,0.01745588,0.08452806,0.06726351,0.17520168,0.19857094,0.08441304,0.15036756,0.019853866,0.1325158,0.007592224,0.009111469,0.0014270332,6.7504643e-06
5.026593e-07,3.758452e-07,2.1555266e-07,2.0812457e-05,1.1082545e-05,0.00037760835,0.0041242284,0.01249063,0.029982137,0.031743236,0.035045024,0.07228853,0.11253305,0.14449896,0.17580484,0.050792076,0.23700058,0.04324856,0.046274398,0.003466711,0.00029649885
1.6122307e-05,7.658439e-05,0.0026467538,0.04991894,0.1675133,0.38393798,0.1761205,0.07657587,0.051603083,0.026747102,0.016039753,0.01704599,0.009916931,0.003589373,0.0038641486,0.003324798,0.010082549,2.8060383e-06,0.00061399204,0.00036340478,2.471686e-08
7.4002687e-06,1.2004858e-05,4.3212898e-05,0.0042118705,0.0006679984,0.0064225188,0.07209512,0.18053387,0.25088182,0.18333234,0.08959292,0.10263775,0.013791836,0.0032162995,0.0054547507,0.05041159,0.03499969,5.7187895e-06,0.0016811336,8.674563e-09,1.4883587e-07
1.4224527e-05,0.00017577726,0.021021329,0.16560033,0.2809403,0.38630086,0.06477808,0.033721425,0.018736849,0.007349055,0.006527558,0.0034548582,0.008148194,0.0002224788,9.620488e-05,0.0015165256,0.0013014926,1.7773878e-07,9.226856e-05,1.9541844e-06,1.609374e-09
8.520143e-06,6.4565866e-06,9.448385e-06,0.00048335723,0.00015203333,0.0023749976,0.026117371,0.07922179,0.14944169,0.09301406,0.07128651,0.109998405,0.111606345,0.04534024,0.071876995,0.06796836,0.1555166,0.0028934353,0.012550651,2.4174557e-05,0.00010857118
1.0814974e-05,4.1949763e-05,0.0015102319,0.042670954,0.10716408,0.3988448,0.2093836,0.14241435,0.05296765,0.01709949,0.006618316,0.006548647,0.0028874082,0.0010717664,0.0020049268,0.0026089938,0.0060550645,4.5042063e-07,8.6325985e-05,1.011026e-05,3.358808e-09
0.035548672,0.2516949,0.4509982,0.19127423,0.041075114,0.022875784,0.0030718835,0.0017855687,0.00096274295,0.00010519094,0.0003924707,2.0754413e-05,2.1071599e-05,5.841188e-07,1.0926344e-08,0.00016501831,5.995208e-06,9.3533854e-11,1.8941664e-06,4.7507246e-12,1.197887e-10
1.1410271e-05,1.6931404e-05,6.774655e-05,0.004384329,0.002074486,0.024299074,0.12625907,0.18128642,0.20203592,0.12069242,0.05371741,0.075945206,0.03052481,0.016497256,0.055004966,0.03744591,0.06562288,6.019461e-05,0.0040437886,8.201583e-06,1.5379574e-06
0.13541022,0.5784209,0.2278037,0.045427565,0.0068762093,0.0048040748,0.0006067347,0.0003154866,0.00018523487,1.6945238e-05,9.160848e-05,2.831833e-06,2.3636742e-06,8.213857e-08,9.94864e-10,3.4864934e-05,7.3671845e-07,1.0046068e-11,4.4779534e-07,1.4594196e-13,3.839566e-11
1.9015067e-06,1.9697673e-06,2.2881145e-06,0.0003137594,3.1521446e-05,0.0006430602,0.017331654,0.07562816,0.20324811,0.20726676,0.110978834,0.1604346,0.059022177,0.015624727,0.027258059,0.050795186,0.056185592,0.00011518125,0.015110924,2.9407298e-08,5.428763e-06
7.80104e-06,7.354765e-06,1.3920576e-05,0.0008343155,0.0002679846,0.0040833615,0.040668935,0.09828007,0.17363904,0.11114345,0.07176694,0.11226853,0.07949979,0.0336325,0.078840226,0.06063625,0.12307668,0.00085716316,0.010429716,1.33673975e-05,3.2593573e-05
1.0807473e-05,2.4003853e-05,0.00012606264,0.0027024883,0.005017523,0.018458761,0.04066168,0.023241661,0.029051764,0.05378498,0.0519421,0.15609916,0.057414338,0.1752534,0.03584793,0.046476424,0.10233763,0.005030679,0.022867998,0.17362769,2.2872722e-05
9.992908e-06,9.805947e-06,2.1758764e-05,0.00066256174,0.00045237824,0.006627885,0.03128797,0.07703202,0.06479233,0.07151841,0.053468984,0.106552824,0.13756548,0.063370064,0.115549564,0.05633102,0.19524978,0.009393691,0.009674817,0.00029706676,0.00013154434
1.1486556e-07,2.3886594e-06,0.0013174484,0.05397514,0.18460588,0.64191276,0.06880436,0.021242566,0.012998023,0.0046623135,0.0030498933,0.0018938294,0.004733973,5.0114075e-05,7.241465e-05,0.0001954368,0.00046751922,3.291137e-09,1.5370462e-05,5.037238e-07,2.5522475e-12
0.00024943287,0.0055846665,0.22075856,0.45838612,0.21117586,0.086466715,0.008818341,0.004896922,0.0025799482,0.00026900484,0.00052446773,5.3832635e-05,8.681931e-05,6.7537866e-07,4.159294e-08,0.00013124247,1.616392e-05,5.7640684e-11,1.1824498e-06,6.609268e-11,6.5957773e-12
0.022374732,0.16248198,0.46896482,0.24207044,0.061415758,0.031528767,0.0048895054,0.0032684628,0.0016264069,0.00020931331,0.00069743954,4.897392e-05,5.0087085e-05,1.8100031e-06,3.511943e-08,0.0003529162,1.4456177e-05,4.0159812e-10,4.0673995e-06,2.5043597e-11,3.7035786e-10
2.3802627e-06,1.02676e-05,0.0003412445,0.014343643,0.037215427,0.39076352,0.18645349,0.122901835,0.057778344,0.03759436,0.019374918,0.028045937,0.03796083,0.005599848,0.042226937,0.0033874104,0.014836117,1.290276e-05,0.0010215415,0.0001289803,2.763445e-08
8.698244e-06,1.8445184e-05,9.585905e-05,0.0024901975,0.005147678,0.018861169,0.042612202,0.025300825,0.034763075,0.061451975,0.061660208,0.1711353,0.059783936,0.15080968,0.06361723,0.030442238,0.109089844,0.0031483935,0.02644571,0.13310002,1.7341401e-05
3.3791806e-05,8.3866464e-05,0.000856471,0.02331339,0.023478325,0.13120236,0.19710614,0.20066364,0.11298964,0.11229868,0.047218822,0.040091835,0.027960105,0.0058946386,0.03662684,0.011644298,0.026361385,1.5959318e-05,0.0021491325,1.02989425e-05,3.9838395e-07
6.74906e-05,8.57874e-05,0.00022674889,0.007331519,0.0016393695,0.0085210325,0.06321133,0.15240431,0.2094725,0.16405386,0.11363257,0.12152159,0.023706686,0.007021554,0.008111015,0.066531405,0.048538808,9.3187e-05,0.003824383,2.0144924e-07,4.6759246e-06
1.3153756e-05,8.903562e-06,5.581375e-06,0.00022522575,3.623641e-05,0.00046828762,0.007851288,0.034497574,0.109960414,0.10887874,0.102465115,0.15197104,0.1595159,0.057266857,0.07498012,0.06044071,0.06949526,0.007652905,0.053213935,3.5532469e-06,0.001049175
5.539935e-06,1.4405242e-05,0.00013670904,0.0054382836,0.008714907,0.07225557,0.116466746,0.11447744,0.07445391,0.12754817,0.074228175,0.075496756,0.08849104,0.01867052,0.15386319,0.008494126,0.052623466,0.000120920886,0.00829819,0.00020092819,1.0206543e-06
8.08232e-06,1.5077027e-05,0.00011516439,0.00878477,0.002933224,0.02312647,0.1414226,0.23954368,0.233029,0.12138816,0.061575186,0.0682879,0.009983577,0.002431626,0.0052021015,0.045479804,0.036172863,4.6023224e-06,0.0004960218,6.051872e-08,5.6812073e-08
9.195244e-06,0.0002798607,0.05459466,0.33364773,0.33389616,0.24303037,0.01870024,0.008985395,0.004659826,0.000748438,0.0007685454,0.00015748877,0.00035234945,2.1504227e-06,6.4007156e-07,0.00011713365,4.781404e-05,1.8951837e-10,2.029963e-06,2.4905842e-09,3.3195562e-12
0.15282428,0.5876615,0.20863967,0.039275467,0.0060541974,0.0043157404,0.00057526305,0.00031161497,0.00018242729,1.7698356e-05,9.6251046e-05,3.111496e-06,2.5215381e-06,1.0465448e-07,1.2577689e-09,3.8732192e-05,8.1308997e-07,1.538007e-11,5.390525e-07,2.0018324e-13,6.404575e-11
1.1676207e-06,6.7143374e-06,0.00040169017,0.019991783,0.056915604,0.48839444,0.19103411,0.09967049,0.047778703,0.029254822,0.012735008,0.01348385,0.016977679,0.0014819963,0.014711007,0.0013579688,0.005433165,6.954013e-07,0.00035490605,1.4231451e-05,1.8343245e-09
1.9829282e-05,0.00035821833,0.06271143,0.27731565,0.3466018,0.2404407,0.033003107,0.019413551,0.0096830325,0.0028090063,0.0029773256,0.0010235236,0.0024059676,4.2152296e-05,6.433415e-06,0.00080980815,0.00035714862,1.486018e-08,2.1211115e-05,8.688693e-08,2.5152755e-10
3.8980834e-06,1.8538095e-06,7.026343e-07,2.9927214e-05,8.271247e-06,0.00023534059,0.0025126815,0.01043194,0.02811607,0.032982837,0.03424226,0.05936001,0.16425747,0.11993027,0.11195093,0.122527555,0.15181816,0.12287462,0.033327285,0.0006649189,0.0047230227
2.8062426e-05,4.6721427e-05,0.00017492779,0.008235225,0.0026229653,0.023501234,0.1170472,0.20278604,0.1959735,0.15447351,0.063489944,0.07927421,0.027934454,0.008484041,0.02377274,0.04641325,0.04220029,3.3513825e-05,0.0035058605,8.856112e-07,1.4100135e-06
1.4912422e-06,3.6790589e-06,1.2953536e-05,0.0007640802,0.00087314716,0.010577089,0.0339919,0.032355506,0.035688486,0.09525102,0.06653238,0.0791654,0.08600335,0.031910222,0.4312048,0.006153863,0.044212062,0.0003203502,0.04457644,0.00039738065,4.4359094e-06
2.9290973e-06,2.9289856e-06,2.204962e-06,0.00010055747,4.2818654e-05,0.0008800547,0.008461649,0.022353245,0.038632147,0.056654505,0.04697273,0.0982973,0.15958618,0.08883449,0.23803577,0.035920464,0.1107597,0.018337475,0.07516742,0.00035668947,0.00059876975
1.5691528e-06,6.8194377e-06,0.00023272041,0.012509741,0.029282188,0.214308,0.19181758,0.13930964,0.078184865,0.11163886,0.053845715,0.04113475,0.054625545,0.0041256147,0.043764714,0.0030461964,0.020526238,4.2444976e-06,0.0016125031,2.248989e-05,1.5479163e-08
2.8665008e-08,5.9149663e-08,8.4181906e-08,5.7984425e-06,5.129342e-06,0.0002999899,0.0019026148,0.0016836013,0.0022253303,0.012719367,0.014262292,0.07711834,0.037972942,0.044019107,0.019377917,0.032490376,0.028833577,0.6642894,0.006386386,0.056394335,1.3319886e-05
0.6655784,0.28663814,0.043682825,0.0027263255,0.0004514375,0.0005307169,0.00011577036,0.00010914968,5.3039737e-05,1.2204794e-05,7.245166e-05,2.8181698e-06,1.1723795e-06,3.8190595e-07,4.8359405e-09,2.3485434e-05,5.728906e-07,2.655441e-10,1.1449451e-06,6.04703e-13,2.8282947e-09
3.402209e-06,7.3365205e-05,0.021551074,0.19418056,0.34367478,0.36304632,0.03956011,0.017414859,0.010143001,0.0029646042,0.0028010588,0.0010538924,0.0027486582,3.148719e-05,1.0371862e-05,0.0004051996,0.0003206576,5.668131e-09,1.6427151e-05,1.3487859e-07,3.7200985e-11
1.543694e-05,1.4840154e-05,2.5620539e-05,0.0009678404,0.00049144047,0.010015505,0.04255446,0.08769031,0.079285815,0.05987779,0.034516472,0.08348093,0.09493178,0.06506622,0.27013138,0.05161008,0.10108174,0.0052008443,0.012734549,0.00016685163,0.00014001326
4.8127695e-05,0.0010016254,0.10141816,0.3644477,0.3325149,0.13268922,0.024741376,0.019876907,0.009635662,0.0046528094,0.006313598,0.00093428907,0.0011123207,7.747855e-06,1.8541126e-06,0.00040612067,0.00018260124,1.2265908e-09,1.4994722e-05,8.339819e-10,5.2992992e-11
0.00025829067,0.0055751964,0.20886204,0.45550147,0.2167466,0.09387922,0.009700683,0.0053534545,0.0029031874,0.0003128125,0.00057914876,6.289314e-05,0.00010228472,8.044261e-07,6.119136e-08,0.0001411046,1.9267398e-05,8.377976e-11,1.4614154e-06,1.0930068e-10,9.341205e-12
3.910846e-07,2.3181336e-07,6.8207555e-08,6.83994e-06,1.3353864e-06,6.6616325e-05,0.001639379,0.008562594,0.029289132,0.035040632,0.035118155,0.074759364,0.19121553,0.12151114,0.17623994,0.060478244,0.12762995,0.053300522,0.08319323,0.000111702626,0.0018350055
2.3666178e-05,0.000117079966,0.0036096098,0.08120058,0.11455243,0.3770911,0.17354777,0.13783644,0.057305057,0.028316587,0.009895421,0.005956415,0.003309412,0.0002917457,0.0013866506,0.0023614957,0.0031046157,1.4179658e-07,9.342746e-05,3.667388e-07,2.2812867e-09
4.944566e-05,9.2835384e-05,0.0004363779,0.015655428,0.0062782816,0.040751208,0.14564116,0.21181186,0.18208785,0.14718871,0.06112754,0.06606909,0.021926923,0.006499608,0.019445654,0.037595183,0.03462968,2.233035e-05,0.0026885683,1.2527726e-06,1.0112072e-06
1.1171839e-05,3.4919343e-05,0.0009602628,0.0357865,0.061653186,0.28986838,0.25224307,0.20750745,0.08146175,0.028506065,0.010018309,0.010019518,0.0034242445,0.001233497,0.0035519616,0.0046873465,0.008912772,5.375878e-07,0.000116012925,3.021134e-06,4.7537108e-09
3.259872e-05,0.0008146643,0.11142632,0.39154148,0.3098908,0.15366761,0.016166119,0.009176937,0.004522724,0.00077190984,0.001029512,0.00020970048,0.00041701994,4.0967243e-06,4.093852e-07,0.0002597937,6.472138e-05,5.495895e-10,3.5356143e-06,2.202347e-09,1.659439e-11
4.2298493e-06,1.2849057e-05,0.00011281992,0.003768049,0.010061147,0.03830654,0.06150876,0.024238197,0.037387934,0.05835575,0.059585765,0.16214964,0.05458566,0.09026394,0.04372298,0.016687807,0.07641961,0.0010365252,0.0192583,0.242531,2.4810054e-06
3.5018522e-06,5.9537764e-05,0.013717344,0.15757684,0.29022536,0.41626024,0.058056403,0.023803515,0.015623978,0.0061239186,0.0057846103,0.0029838022,0.0076250667,0.00013323221,4.490633e-05,0.0010125624,0.00090371736,3.9048366e-08,6.0421047e-05,1.0027275e-06,1.7981279e-10
1.26003e-06,3.96526e-06,2.478713e-05,0.00090805616,0.0015166331,0.02289766,0.047195677,0.029331736,0.025696814,0.065173075,0.05340014,0.21126032,0.15748869,0.09691703,0.12322861,0.028239755,0.07889242,0.012914675,0.015882587,0.029019656,6.4502683e-06
7.4258137e-06,9.745181e-06,4.52997e-05,0.00284911,0.0020491048,0.027582634,0.12546259,0.18592861,0.17319636,0.09487959,0.04805491,0.06756321,0.03572052,0.024303421,0.06876764,0.033381633,0.10686097,0.00012783402,0.0031668507,4.079021e-05,1.7234781e-06
0.10693244,0.49996972,0.29374257,0.07492217,0.013260677,0.008609718,0.0011880996,0.00067284884,0.000374662,4.0322622e-05,0.00018612656,7.6280444e-06,6.5396252e-06,2.6735145e-07,3.8000296e-09,8.305302e-05,2.0952232e-06,4.6889968e-11,1.0787423e-06,9.529669e-13,1.2887949e-10
6.113339e-07,6.019872e-06,0.0004550779,0.015295904,0.044422343,0.14960048,0.09366705,0.0395123,0.050324988,0.12797876,0.1312961,0.10272414,0.1997353,0.0052834745,0.010313246,0.0045378935,0.018389488,7.061926e-06,0.0063327965,0.00011691148,1.0728036e-08
1.1866538e-05,1.984703e-05,6.79257e-05,0.0035442482,0.0015949956,0.018379524,0.08926095,0.14236979,0.1374689,0.15755838,0.07334324,0.090617254,0.061948474,0.019531956,0.10923169,0.027134642,0.057749163,0.00011539981,0.010039141,8.499077e-06,4.0741e-06
5.127666e-06,1.9254285e-05,0.00043219805,0.014997649,0.0345203,0.33889017,0.17933787,0.12607317,0.06231888,0.042815052,0.023035124,0.03461532,0.044969566,0.008584213,0.063712984,0.0048433673,0.018680155,3.2146392e-05,0.0018812926,0.00023601252,1.1200526e-07
1.9511654e-05,0.00013669883,0.0070331474,0.077952676,0.098488234,0.22928865,0.11078692,0.06202236,0.048070714,0.04876264,0.045842353,0.06038708,0.12914972,0.014983078,0.0021419218,0.038640853,0.023240231,6.069611e-05,0.0027840657,0.00020822148,2.540335e-07
4.998159e-05,0.00013016419,0.0023838985,0.044595633,0.06416917,0.24594308,0.20867538,0.24504447,0.091029614,0.029732363,0.014366589,0.014904695,0.005984713,0.002011916,0.0025868856,0.012339169,0.015852418,4.973398e-06,0.00018833377,6.5295703e-06,5.9760566e-08
4.2433137e-05,0.0008027594,0.068011954,0.32768533,0.31016886,0.23709674,0.02717804,0.015755825,0.008275003,0.0016857438,0.0016254637,0.00041397556,0.000757514,9.055566e-06,3.4697e-06,0.00033634057,0.0001430035,2.6455698e-09,8.463874e-06,1.6137049e-08,8.5285674e-11
1.5474332e-05,2.2907017e-05,0.00016566814,0.0062837335,0.0075755557,0.071548656,0.17732094,0.23570466,0.14053215,0.06765932,0.03520318,0.04479308,0.024660116,0.019777697,0.036481377,0.028802536,0.101749636,0.0001185129,0.0014510212,0.00013262237,1.0987328e-06
3.3956942e-06,1.6191323e-06,5.6920317e-07,2.6632975e-05,5.748935e-06,0.00015068769,0.0024728621,0.012465137,0.03957329,0.03922149,0.04288891,0.077490725,0.20503399,0.119408,0.14006293,0.0814673,0.11811915,0.07557753,0.039721336,0.00011373608,0.006194907
3.827088e-06,2.4272724e-05,0.0014842997,0.035376694,0.094634674,0.5032185,0.14655583,0.077233136,0.041400887,0.022976467,0.013869848,0.015556567,0.029331243,0.0022221731,0.0057868576,0.0026486649,0.007098335,3.904268e-06,0.0005031486,7.074745e-05,9.605597e-09
0.00011041666,0.00029868702,0.0030518197,0.02881056,0.033253852,0.056681223,0.08165394,0.05734028,0.057672527,0.0742782,0.06446815,0.11657062,0.07129822,0.11809501,0.008038925,0.1509638,0.059366684,0.00055076496,0.014879873,0.0025988298,1.7683033e-05
1.1853399e-06,1.7214195e-05,0.0031196314,0.07432722,0.21317638,0.47725695,0.102649294,0.044319574,0.02776341,0.023839986,0.015481812,0.005523863,0.010191117,0.00010314039,0.0004043,0.00044308024,0.0012786516,1.7256873e-08,0.000102839156,3.76713e-07,6.8419125e-11
0.5967887,0.36685234,0.03461496,0.0013359869,0.00015374034,0.00019198951,2.227318e-05,1.9792236e-05,8.742948e-06,9.573715e-07,8.169523e-06,1.3936855e-07,7.088104e-08,7.997925e-09,4.3837513e-11,2.0219873e-06,2.5383443e-08,1.0627345e-12,4.5790394e-08,9.435156e-16,1.5715764e-11
5.7489484e-05,0.00019089926,0.0031388402,0.0422272,0.112146884,0.23302157,0.16599603,0.07839983,0.06998391,0.054786924,0.04104652,0.060838647,0.0345337,0.025861364,0.013151736,0.015615405,0.036363166,8.907347e-05,0.00506391,0.007485746,1.1652477e-06
9.473151e-06,1.22265e-05,4.6467434e-05,0.0023918361,0.0022604903,0.027621042,0.10410321,0.14147705,0.13333152,0.08637801,0.05110915,0.07060595,0.04489652,0.0425499,0.12993434,0.026206851,0.13025472,0.00032263173,0.0062271454,0.00025661007,4.862596e-06
2.4268064e-07,1.406151e-07,8.966469e-08,2.2904042e-05,1.5280935e-06,5.1934025e-05,0.0033389132,0.02526072,0.15154016,0.15093087,0.14574212,0.21327041,0.118509755,0.024900317,0.04077725,0.041585386,0.06149593,0.0007780092,0.02175994,1.0708808e-08,3.335234e-05
2.0621678e-06,1.1294727e-06,5.699986e-07,4.0838422e-05,5.911014e-06,0.00017339851,0.0038328527,0.019911991,0.070525974,0.062778175,0.05672084,0.12039217,0.20578784,0.08172485,0.18273352,0.055043705,0.071425766,0.016980428,0.05024737,5.029292e-06,0.0016655173
1.3007342e-06,1.4174503e-06,5.354501e-06,0.0009117429,0.0001204127,0.0013862093,0.0321462,0.12224411,0.25738326,0.17755318,0.13956471,0.14840059,0.017093185,0.0025648396,0.0032575256,0.047746234,0.04870191,1.2190234e-05,0.00090550864,1.3364737e-09,1.199393e-07
4.332499e-05,0.0001953807,0.005471289,0.07104756,0.14720054,0.23762292,0.15521628,0.065324314,0.06653398,0.05172451,0.040841304,0.053106844,0.03583112,0.01701227,0.004267538,0.019412663,0.023953384,2.3874045e-05,0.0037941735,0.0013763967,3.6463368e-07
0.0001988607,0.00062759593,0.008396311,0.06442426,0.07658133,0.10200205,0.11520937,0.07692492,0.073336095,0.072020575,0.062013417,0.0863982,0.05419917,0.054253682,0.004942942,0.09480982,0.042874906,0.00016833495,0.009722659,0.0008876624,7.919786e-06
1.9763454e-05,2.5437766e-05,9.0110996e-05,0.004269328,0.0019660974,0.02038259,0.11059325,0.17916471,0.20188574,0.11001831,0.0551681,0.08154475,0.036172874,0.018525504,0.04003185,0.054011147,0.08201829,0.00016745098,0.0039269067,1.3062573e-05,4.604509e-06
1.9591458e-05,3.2561056e-05,0.0001933865,0.0097403815,0.0042004115,0.030981721,0.14804481,0.22399257,0.21131468,0.11506787,0.057499424,0.06872781,0.016128784,0.0054212743,0.012573712,0.047833156,0.04708376,2.0868387e-05,0.0011218416,9.022897e-07,4.1289786e-07
1.1184907e-05,1.5712816e-05,4.6562152e-05,0.0033238379,0.0006645112,0.0065354337,0.066654235,0.16813986,0.22714321,0.17304511,0.08964139,0.106193975,0.025298763,0.0067227148,0.012030927,0.05900247,0.052243654,2.8540502e-05,0.0032568632,8.624614e-08,9.378923e-07
5.454362e-06,1.3172388e-05,0.00017189622,0.013894293,0.011294979,0.10379629,0.25462976,0.24697073,0.1687959,0.079551294,0.025929336,0.031117065,0.008368286,0.0035291456,0.016811173,0.012103526,0.02244682,1.6013956e-06,0.00056770915,1.5353382e-06,1.8313939e-08
1.515966e-05,2.017674e-05,0.00010202744,0.005051037,0.00223991,0.021130217,0.11907954,0.21644296,0.21047069,0.10566629,0.05714044,0.07369012,0.025444403,0.008911467,0.016268829,0.060801506,0.07596508,7.431664e-05,0.0014822688,2.4073995e-06,1.2267484e-06
9.0207624e-07,1.4535319e-06,1.2827485e-06,9.771231e-05,0.00010910695,0.0015730201,0.008593555,0.00792951,0.021084053,0.03697036,0.04803219,0.10623614,0.044982545,0.13291594,0.18271612,0.022758827,0.10989491,0.022452416,0.12887485,0.12471328,6.191728e-05
1.2103937e-05,4.02384e-05,0.0010184036,0.043255534,0.05293332,0.25921115,0.253713,0.21645612,0.101873204,0.031696778,0.010654733,0.0105160875,0.0027885607,0.0007125316,0.0023290135,0.0054214727,0.0072753015,2.6604152e-07,9.1548296e-05,6.294695e-07,2.7888754e-09
8.639221e-05,0.00013719691,0.0008134491,0.015281696,0.018361282,0.09336878,0.17926842,0.2038691,0.12825832,0.075900935,0.041991413,0.04827232,0.026623812,0.020365437,0.04164793,0.029874058,0.072482556,0.00018996546,0.002958201,0.0002437626,4.9009186e-06
0.00013832882,0.0025357322,0.16494927,0.4073162,0.2705599,0.11998106,0.015478331,0.010208469,0.005220869,0.0008899831,0.0014007404,0.00027707667,0.0004644934,7.04578e-06,5.2791165e-07,0.00047798007,8.709164e-05,1.6416899e-09,6.8985596e-06,2.9637088e-09,1.05046444e-10
1.6898485e-06,2.8690383e-06,5.561675e-06,0.00028741334,0.00027840512,0.0042657587,0.018316535,0.024696724,0.02849368,0.06678426,0.056086883,0.11043722,0.1127215,0.07475311,0.319991,0.016421236,0.10488063,0.00698101,0.051941898,0.0026066005,4.602279e-05
5.73071e-06,3.976264e-06,3.3468527e-06,0.0001313423,4.1983323e-05,0.0007911955,0.008890204,0.03387826,0.060599137,0.06573749,0.05391348,0.11006471,0.21070196,0.080442935,0.14364052,0.054541003,0.12503903,0.01784202,0.03269043,6.814566e-05,0.00097305997
1.4257006e-05,2.5917097e-05,0.000261506,0.010776337,0.013834179,0.11250724,0.22239405,0.24730834,0.13706005,0.06354887,0.028492853,0.03453676,0.015838906,0.010744226,0.027085548,0.01826194,0.056279205,2.6965943e-05,0.0009486583,5.3974414e-05,2.67639e-07
0.0005273109,0.007642672,0.25035045,0.41068077,0.21705171,0.08308465,0.012893665,0.0095180515,0.004661233,0.00073863164,0.0014978596,0.00024895236,0.00033873084,7.606094e-06,3.081943e-07,0.000675172,7.461842e-05,1.9666038e-09,7.593881e-06,1.0172178e-09,2.5991556e-10
3.0475048e-06,1.8858373e-05,0.0011776467,0.07092326,0.09395163,0.3970758,0.2084089,0.14918247,0.057356637,0.012580385,0.00340686,0.0026305846,0.0005019611,5.7004454e-05,0.0002083874,0.0013060172,0.0012036161,2.66584e-09,6.919383e-06,9.67982e-09,1.5471707e-11
8.052197e-06,3.8199432e-06,1.2254743e-06,4.1621366e-05,9.465005e-06,0.00022077124,0.002547988,0.010307437,0.031335104,0.035188537,0.03510712,0.062365614,0.16378881,0.1280971,0.12362266,0.1369529,0.10209523,0.11980053,0.03655851,0.00034652257,0.011600954
3.9919811e-07,1.097654e-06,8.249295e-06,0.0004980834,0.0009596021,0.011282442,0.02912748,0.022625333,0.024912657,0.09637258,0.08712447,0.14286456,0.16321966,0.042740703,0.26879555,0.006819292,0.07461798,0.0012090321,0.024062738,0.0027563274,1.8024398e-06
0.007448942,0.033945423,0.25242573,0.3313061,0.18988892,0.07460135,0.035441212,0.027330987,0.0171985,0.005242498,0.011172305,0.0028023967,0.0014648325,0.00037873432,1.2639234e-05,0.008159889,0.0009202495,2.7881714e-07,0.00025876204,1.223135e-07,1.3359039e-07
2.0826524e-06,1.6091986e-06,4.1072363e-07,1.426145e-05,3.6923168e-06,0.00012508286,0.0011853166,0.0033934105,0.008932645,0.02371039,0.027693052,0.046184324,0.0946935,0.066426955,0.061450277,0.15160938,0.058808256,0.38191766,0.06745265,0.0012196719,0.005175488
2.9241255e-06,6.367805e-06,6.96014e-05,0.0038599945,0.005559032,0.06656494,0.13058557,0.17119987,0.08592434,0.11514602,0.057651203,0.069972225,0.07431002,0.018504178,0.1146871,0.010984091,0.07174368,0.00010754446,0.0030465268,7.424592e-05,5.237741e-07
2.0668008e-06,1.44042115e-05,0.0007620835,0.017299516,0.043299984,0.13516714,0.103023216,0.06670969,0.053596985,0.13551015,0.118071854,0.08986582,0.18169223,0.0067014364,0.012391436,0.0073603005,0.024659881,1.8747654e-05,0.0038010872,5.19162e-05,5.0884694e-08
1.064491e-05,1.6112024e-05,4.5802077e-05,0.0015855175,0.001289883,0.014050613,0.04912163,0.070497,0.063076,0.10316935,0.06643777,0.088715486,0.09939191,0.040613208,0.28635928,0.016745541,0.07530112,0.0010107881,0.022298863,0.00023479508,2.8738188e-05
6.1910534e-05,0.00011025132,0.0004954789,0.012434657,0.007491468,0.04870107,0.135579,0.18100393,0.13558209,0.13915636,0.064461514,0.071491085,0.044393558,0.01444632,0.05775993,0.03195025,0.048954494,0.0001273101,0.00577544,1.825645e-05,5.5993305e-06
7.53603e-07,9.825866e-07,2.290966e-06,0.00011830264,0.00013669036,0.0026809026,0.013433201,0.022323877,0.020056413,0.058231466,0.05429262,0.14015208,0.14954787,0.083007865,0.20186332,0.022800917,0.1817253,0.028945485,0.016952626,0.0036815791,4.544875e-05
1.1704129e-05,0.0003594752,0.06993069,0.3607127,0.3279,0.20903225,0.017063228,0.008568099,0.0042688553,0.00068952626,0.0007686348,0.00015181841,0.00035184654,2.2985816e-06,4.4311497e-07,0.00013933974,4.698926e-05,2.0550618e-10,2.061593e-06,2.032202e-09,3.9772816e-12
2.3003355e-05,3.7460177e-05,7.921726e-05,0.0028090246,0.0013793084,0.014016158,0.06271362,0.095884405,0.106972635,0.1332085,0.07138111,0.09155313,0.0794484,0.03586194,0.18776906,0.026094142,0.058739744,0.00047738824,0.0314625,6.0269107e-05,2.8961453e-05
3.1089303e-06,9.247217e-06,9.730503e-05,0.0041656056,0.008294225,0.11765634,0.11129624,0.07809993,0.053102218,0.05878208,0.037680343,0.09299206,0.09647369,0.039606754,0.22770588,0.010745293,0.050309543,0.00061210326,0.009076775,0.0032900183,1.237467e-06
3.0088922e-05,2.8837776e-05,2.234435e-05,0.0004959737,0.00016746618,0.0018356787,0.014618833,0.03879448,0.06727828,0.07805727,0.061470095,0.10521681,0.15660806,0.08167885,0.16563475,0.052692655,0.083595484,0.0133973,0.076470286,0.00018539971,0.0017210753
0.003802405,0.057410005,0.41898438,0.36888635,0.09679818,0.04559656,0.0045490926,0.0021583734,0.001247335,0.00010603696,0.0003309523,1.7834534e-05,2.347187e-05,2.0466202e-07,6.4354415e-09,8.302373e-05,5.0601875e-06,1.4406692e-11,7.31917e-07,3.3783094e-12,6.3535704e-12
1.9587656e-05,4.3247834e-05,0.00048146886,0.014345561,0.03120184,0.18891667,0.21980445,0.1965815,0.09678557,0.052904427,0.027112857,0.032878093,0.01753558,0.016742632,0.033783283,0.01157143,0.057303637,4.7058304e-05,0.001352108,0.000588584,3.9538767e-07
2.6459493e-05,6.23266e-05,0.00067776884,0.028366476,0.014782523,0.070237815,0.19529204,0.27173615,0.1868052,0.082170546,0.04135469,0.042065296,0.0070499666,0.0015306339,0.002824695,0.03146644,0.023258584,3.2273356e-06,0.00028893928,1.800003e-07,4.617582e-08
9.597483e-05,0.002676315,0.18279816,0.46666974,0.23579656,0.09555062,0.008581491,0.0045060683,0.002351757,0.00025170366,0.00046651418,5.01715e-05,8.715138e-05,5.2907285e-07,3.445592e-08,0.00010243569,1.389676e-05,3.1251786e-11,8.7588313e-07,6.154102e-11,2.2877718e-12
8.78648e-06,0.00017143945,0.03869994,0.23622161,0.3513463,0.29732186,0.03693159,0.018737132,0.009954632,0.0029188597,0.0029047655,0.001055288,0.0026774872,4.024703e-05,8.330264e-06,0.00062140985,0.00036051392,1.0937625e-08,1.9662424e-05,1.3029862e-07,1.1549007e-10
4.178855e-06,0.00012716038,0.045450583,0.2839403,0.3801103,0.24998675,0.02136226,0.010080638,0.005344496,0.0010879348,0.0011830846,0.0002994133,0.00075608667,5.2986375e-06,1.0237785e-06,0.00017217865,8.471193e-05,4.5864104e-10,3.5966484e-06,7.560794e-09,4.791537e-12
3.390513e-05,4.8579044e-05,0.00013592714,0.005786044,0.0014827659,0.011409062,0.07956494,0.17002927,0.20488963,0.16313729,0.08592393,0.10146981,0.030533586,0.009134199,0.017514728,0.06090904,0.053245813,6.7534274e-05,0.0046801358,5.4955683e-07,3.27909e-06
9.894055e-06,8.131028e-05,0.006202271,0.06954925,0.13943617,0.23471628,0.117641345,0.10212495,0.054745045,0.08600419,0.07319761,0.03397135,0.06274927,0.0015811461,0.0017292572,0.0055466783,0.009877331,2.2189506e-06,0.00083244976,1.9071862e-06,1.7444899e-08
2.7282504e-06,9.458856e-06,0.0002447023,0.027747931,0.016406517,0.12044528,0.27015725,0.27701536,0.17393154,0.05938441,0.017476592,0.016960228,0.002265116,0.00036546175,0.0014669765,0.008434717,0.0076281037,4.3549193e-08,5.7539542e-05,1.0337855e-08,3.2332162e-10
8.892348e-06,0.00014064842,0.026117304,0.20584226,0.30819878,0.337038,0.053696424,0.024509052,0.015762858,0.0065539964,0.0069010155,0.003555444,0.008460901,0.00018934185,3.4134406e-05,0.0018135754,0.0010935543,8.1900616e-08,8.268357e-05,1.0588285e-06,5.822269e-10
6.2318225e-07,3.0848828e-06,0.00015295765,0.012959433,0.031709563,0.42857087,0.2174253,0.13301837,0.057153177,0.034619734,0.012776454,0.014805724,0.016284604,0.0018845234,0.029984353,0.0014364269,0.0068531875,6.0382285e-07,0.00035300158,7.89276e-06,1.3705105e-09
1.312657e-06,2.4501617e-06,1.3088926e-05,0.0005437005,0.0008594486,0.009757077,0.027691385,0.031233046,0.025901161,0.08742121,0.07227918,0.13379377,0.15679467,0.05520459,0.26136705,0.01197007,0.103880264,0.0036818155,0.015692268,0.0019028588,9.587412e-06
4.7898504e-07,2.249955e-06,6.576851e-05,0.0028840778,0.007822641,0.050827637,0.06620289,0.043615535,0.04051913,0.13876396,0.11695944,0.14159709,0.23947625,0.018093629,0.06947411,0.0066859215,0.048551045,0.00012882517,0.007865115,0.00046405417,1.4898784e-07
1.2812763e-05,6.558264e-06,1.388834e-06,3.18566e-05,5.052439e-06,0.00010995187,0.0012184029,0.0039713616,0.014924071,0.027759543,0.027528573,0.04356686,0.11424375,0.108212,0.11012772,0.24402326,0.033867486,0.1547866,0.05928814,0.00017209268,0.05614243
3.4372877e-06,2.995962e-05,0.0024177711,0.053054966,0.14588445,0.3938986,0.14526446,0.07635834,0.047100563,0.05413036,0.032397583,0.015326605,0.024409585,0.0005705154,0.0030292694,0.0013157749,0.00432126,2.876779e-07,0.00048325042,3.0024275e-06,1.7414283e-09
8.7113136e-07,1.0032969e-05,0.0018052888,0.05184074,0.1495147,0.58001876,0.10503762,0.042337254,0.025312882,0.0117640225,0.0077044354,0.006301068,0.014239627,0.0003849452,0.0006440234,0.0008916494,0.0020784852,1.4552458e-07,0.00010662409,6.9390244e-06,2.2378337e-10
8.2831286e-07,2.1932456e-05,0.009695719,0.14844292,0.31872973,0.4603626,0.035851598,0.014222649,0.007857285,0.0017365703,0.0013482223,0.0004345307,0.0010599059,6.8315676e-06,5.9445233e-06,0.00010180953,0.00011681864,4.2664672e-10,4.0936807e-06,2.1947466e-08,1.833695e-12
1.3815306e-05,3.630218e-05,0.0005906043,0.021565903,0.043477878,0.23878577,0.25258824,0.19641407,0.09214642,0.046939936,0.01924886,0.021080112,0.009242768,0.0063445065,0.019616101,0.0067508323,0.024450215,5.491656e-06,0.00063555775,6.65607e-05,5.400656e-08
1.2105179e-06,1.135294e-06,7.493309e-07,3.71419e-05,3.0320034e-05,0.00074220286,0.0043686447,0.006892576,0.01815695,0.029597346,0.039427724,0.07755066,0.06427664,0.13088918,0.06250364,0.08224191,0.16044338,0.19904932,0.036321606,0.08724286,0.00022478485
3.0530027e-05,2.2129667e-05,1.0358138e-05,0.00019911365,5.2501375e-05,0.0005873489,0.006009514,0.020484326,0.048792753,0.05813606,0.05570001,0.09592147,0.17850247,0.10086601,0.14845368,0.06057159,0.07148362,0.046548225,0.097550415,0.00018670314,0.009891092
2.1912908e-07,1.5068084e-06,0.00010658452,0.0060341647,0.020491695,0.12804542,0.11342549,0.06515076,0.052246463,0.13745545,0.10422304,0.09889558,0.19909488,0.006891124,0.031950183,0.0036531077,0.029652748,1.2902097e-05,0.0025783794,9.023636e-05,8.689323e-09
5.887469e-06,1.6236641e-05,0.0002228537,0.007832688,0.016050093,0.19142172,0.14697511,0.13082379,0.061801884,0.053236276,0.031076774,0.06240738,0.07601817,0.02501238,0.13765968,0.010069624,0.04477618,0.00030265353,0.003411597,0.0008782662,7.8508407e-07
2.2789845e-05,0.00010521369,0.0028834958,0.06617104,0.09793035,0.34371072,0.18700792,0.1451449,0.06512601,0.045413405,0.01744511,0.009707379,0.006852888,0.000614286,0.0037577457,0.0027445874,0.0051005012,3.9204318e-07,0.00026009453,1.1185389e-06,6.6951906e-09
9.103173e-06,4.7427337e-05,0.001843014,0.061178204,0.09018033,0.367848,0.19434868,0.151904,0.062345583,0.038142677,0.012808612,0.0070373085,0.0042731278,0.00031609193,0.0021920674,0.0019137866,0.00350529,8.687037e-08,0.000106396794,2.4354293e-07,9.795362e-10
4.877158e-06,1.4184511e-05,7.0659655e-05,0.0029091323,0.0037692091,0.032537833,0.0683074,0.052388784,0.05374292,0.12716562,0.07939358,0.07392212,0.082275026,0.024282245,0.31669867,0.007037052,0.037952363,0.00014969446,0.037017696,0.0003581146,2.791037e-06
8.70299e-06,1.6974927e-05,0.00013494123,0.010514198,0.0039238394,0.03290878,0.1682266,0.2463303,0.22715795,0.11539268,0.04903378,0.05753726,0.009695721,0.002750479,0.007189999,0.03696042,0.031657245,3.5851865e-06,0.000556341,1.246491e-07,5.30207e-08
8.5006565e-07,7.8016825e-07,2.4687083e-07,8.484996e-06,3.1160425e-06,0.00011447527,0.0009681423,0.0021720906,0.005159726,0.017160848,0.022119569,0.042452488,0.06069063,0.044251174,0.036017757,0.093694456,0.047072988,0.58049005,0.043076996,0.0030860566,0.0014590588
6.886448e-06,9.041634e-06,3.979226e-05,0.0027315263,0.0014042808,0.017550144,0.108114995,0.17698757,0.19523843,0.11812549,0.058090527,0.079721704,0.036149237,0.017755523,0.055083606,0.04010345,0.08949076,8.656355e-05,0.0033001879,8.55241e-06,1.6619018e-06
3.4111167e-06,3.0604915e-06,8.024137e-06,0.00080503436,0.00014152555,0.0016626122,0.0299335,0.10849131,0.23005234,0.15754768,0.12741698,0.14839104,0.03814605,0.0074046403,0.009890191,0.05931719,0.07814336,0.00011973382,0.0025202986,4.3569052e-08,2.051936e-06
4.1515177e-05,0.00010233123,0.00094942085,0.014362741,0.03165194,0.078191996,0.10357812,0.060782325,0.0641201,0.07882736,0.06507024,0.13391905,0.06700013,0.0999771,0.035073504,0.037918944,0.08508013,0.0007652172,0.016582122,0.025995556,1.0143292e-05
9.513408e-06,0.00022166755,0.0563456,0.2848824,0.36656216,0.23805954,0.026451021,0.013662603,0.0071943924,0.0018334357,0.0020216515,0.00061093864,0.0014944393,1.7465592e-05,2.5489117e-06,0.00043059964,0.0001894933,3.1754601e-09,1.04486535e-05,3.174523e-08,4.2262756e-11
0.00017109324,0.00038510043,0.0032762864,0.025990155,0.027725473,0.047042463,0.07286759,0.06661699,0.05675469,0.07127148,0.060209494,0.10557304,0.061946586,0.13063794,0.0078121056,0.18579695,0.06100683,0.0007175499,0.012815603,0.0013502308,3.231197e-05
1.1700994e-06,4.2664337e-06,6.606647e-05,0.0028267032,0.006753025,0.050288666,0.07416041,0.051005293,0.04738901,0.1297654,0.10536296,0.12111469,0.16828917,0.022054838,0.14630675,0.006288646,0.054687705,0.00020388135,0.012528253,0.00090253,4.820914e-07
3.452487e-05,7.4426054e-05,0.0004539728,0.017942403,0.0088939695,0.06376154,0.1718485,0.21709563,0.16783565,0.13523722,0.05255888,0.05437813,0.02300334,0.005816838,0.024779884,0.024662975,0.02911815,1.43141e-05,0.0024871984,1.8822967e-06,5.083832e-07
5.6291583e-06,5.5502005e-06,1.4774599e-05,0.0011611104,0.00028181152,0.0035723571,0.045594078,0.12688713,0.21946782,0.14238048,0.092712685,0.12139151,0.04677954,0.012755906,0.021690147,0.06730584,0.094008684,0.00018889659,0.0037913332,5.32697e-07,4.22119e-06
3.4412728e-06,4.161313e-06,3.4387303e-06,0.00013470296,8.320483e-05,0.001313864,0.008330611,0.016146975,0.024022557,0.052003212,0.05084862,0.10020605,0.12437148,0.08706495,0.24201037,0.033781923,0.12345223,0.038324054,0.09504818,0.0023238224,0.00052221393
1.1408157e-05,1.288922e-05,2.3317938e-05,0.001572822,0.00027124558,0.0031387236,0.04032983,0.12057999,0.20618103,0.17968047,0.099407665,0.13003978,0.04682284,0.0132009005,0.02239261,0.062375117,0.0651353,0.00013041777,0.008687158,2.294804e-07,6.3095804e-06
2.2995046e-06,3.460464e-05,0.0068023037,0.10975111,0.23923054,0.5367284,0.059812766,0.025694275,0.0131970765,0.0033924442,0.0020641289,0.00088192074,0.001780402,2.7421243e-05,4.986225e-05,0.00022475963,0.00031252718,4.669557e-09,1.303086e-05,1.7460563e-07,2.7613726e-11
5.8059744e-05,0.00012248884,0.0005102198,0.016595999,0.008013872,0.054888617,0.14964733,0.1755072,0.15639068,0.15238641,0.06238765,0.06567684,0.03299555,0.010413511,0.049152475,0.025468217,0.032725297,3.6609094e-05,0.0070147193,6.337763e-06,1.9982444e-06
2.0722487e-06,1.3693494e-05,0.0006073222,0.013968762,0.035253987,0.114604846,0.09425936,0.05932184,0.052075855,0.1399388,0.12581298,0.10090392,0.19745186,0.008343493,0.01690692,0.007536967,0.027283996,2.8394967e-05,0.0055909515,9.39345e-05,8.023493e-08
9.771279e-07,3.3261038e-06,6.436062e-05,0.0029844649,0.007121885,0.05702494,0.08334587,0.068897255,0.05071249,0.13178122,0.09677698,0.1143696,0.17249243,0.01921249,0.12246016,0.006628571,0.05933814,0.00016302482,0.006256635,0.00036487004,2.9652057e-07
1.2378581e-05,0.00034395413,0.07196246,0.34489095,0.34076315,0.20493172,0.019084414,0.009924725,0.0049920096,0.00092476717,0.0010701523,0.00024186273,0.0005621187,4.6663267e-06,7.484223e-07,0.00021069241,7.55901e-05,5.5438204e-10,3.6345275e-06,4.979727e-09,1.0093617e-11
2.795112e-05,2.8071865e-05,8.069562e-05,0.0024926763,0.0013153902,0.013611884,0.0729279,0.15854505,0.17234498,0.08646186,0.05657441,0.08111335,0.059835877,0.029845266,0.034141243,0.08032484,0.14481768,0.0012520864,0.004179635,4.9400198e-05,2.9761077e-05
1.4919618e-05,1.9540339e-05,9.332768e-05,0.0047767083,0.0022843445,0.023380188,0.12643605,0.21093597,0.21033359,0.10417767,0.05078866,0.07088339,0.027430624,0.011772757,0.023494598,0.05528818,0.07591832,8.077315e-05,0.0018840893,4.7466588e-06,1.5334717e-06
1.5719214e-06,7.4906296e-07,2.4334892e-07,1.578612e-05,2.51217e-06,7.581493e-05,0.0019261376,0.011261545,0.046954114,0.044813298,0.049823157,0.0919737,0.23142967,0.11271955,0.15458325,0.062497426,0.08755446,0.048695076,0.05034181,2.2207438e-05,0.005307903
3.2336118e-06,3.2487846e-05,0.0038467739,0.07290065,0.17633343,0.56524074,0.094877556,0.04329803,0.022025015,0.007772042,0.004277237,0.0025957206,0.0046436787,0.00014701748,0.00039893505,0.00055196666,0.0009995243,5.2830448e-08,5.4329434e-05,1.5233971e-06,2.8663075e-10
1.2799441e-05,3.4262684e-05,0.00047761088,0.0133476695,0.021950927,0.13834032,0.16837554,0.17933431,0.08755196,0.109917566,0.054468814,0.04986995,0.058561083,0.009988618,0.056905683,0.008960634,0.039178066,5.1357136e-05,0.0026121421,6.0214657e-05,4.8852036e-07
5.4440643e-06,5.906208e-06,5.7909942e-06,0.00025586877,0.0001321207,0.0032299128,0.015750855,0.028126234,0.032513488,0.038086224,0.023656847,0.067280054,0.08123457,0.09362319,0.45738146,0.03265795,0.07050387,0.013739952,0.040717863,0.00077479443,0.0003176304
7.199029e-06,5.3015483e-06,4.1796275e-06,0.00012695717,5.691662e-05,0.0016984461,0.009134483,0.0234422,0.023663541,0.033177122,0.024082422,0.078139335,0.118309386,0.1183532,0.21978459,0.09102013,0.11298341,0.12273964,0.020406278,0.0014441853,0.0014210076
9.382052e-06,6.2119657e-06,4.946116e-06,0.00019874006,5.7659596e-05,0.0009527636,0.011387297,0.03959607,0.09450119,0.06951659,0.062495735,0.11149227,0.16025174,0.081419006,0.11629447,0.062320154,0.14150602,0.014835732,0.03215848,8.266968e-05,0.00091290876
1.4111527e-05,6.449601e-05,0.0019127112,0.039386194,0.10971632,0.2361925,0.16358139,0.059021734,0.06763538,0.061756913,0.049333557,0.07843396,0.044934437,0.023154901,0.009129775,0.013774412,0.030942624,3.2490065e-05,0.0050110524,0.0059708077,2.1410881e-07
1.1270781e-06,1.802768e-05,0.0045944485,0.09182704,0.2263366,0.55525196,0.06692068,0.028677925,0.014650854,0.0043626805,0.00269591,0.0012451105,0.002670575,3.598849e-05,6.628791e-05,0.00023971502,0.00038989473,4.8182818e-09,1.49016505e-05,1.8592472e-07,1.8172606e-11
9.308366e-06,5.56998e-06,1.2878608e-06,3.447502e-05,5.873429e-06,0.00012746207,0.0015291234,0.0049583777,0.01738857,0.03215347,0.03293849,0.05294868,0.13309513,0.10865596,0.12930664,0.17438698,0.04321623,0.13075638,0.105467424,0.0002150099,0.032799605
5.6259514e-06,9.971917e-06,6.0374714e-05,0.0018627937,0.004302956,0.025372293,0.05548342,0.039785378,0.03655375,0.051713206,0.045810807,0.12990448,0.052763347,0.15175669,0.05879737,0.033264697,0.16401936,0.0041470863,0.010089229,0.13428795,9.246903e-06
0.00020771654,0.0037697249,0.18829006,0.4208158,0.25006342,0.10683517,0.0137464795,0.008759362,0.004572216,0.0007133358,0.0012184636,0.00020654082,0.00033361046,4.6682226e-06,3.3994334e-07,0.0003928634,6.46409e-05,1.0168426e-09,5.587888e-06,1.4878e-09,8.4964716e-11
1.345662e-06,1.6797443e-05,0.003202336,0.0745783,0.16796058,0.5128996,0.10385426,0.03900906,0.026405817,0.015101782,0.011849089,0.010516955,0.027457142,0.00077162276,0.00045063184,0.0023570631,0.003368621,4.267438e-07,0.00018508307,1.3551179e-05,5.854924e-10
3.1984724e-05,0.00010318328,0.0016013109,0.052623842,0.04033679,0.18364707,0.22585703,0.22860262,0.12415662,0.06942969,0.024520542,0.018565241,0.006364985,0.00095832726,0.004110051,0.009046562,0.009731704,6.900771e-07,0.00031145252,2.9926753e-07,1.6526485e-08
3.856776e-05,6.941048e-05,0.00032805064,0.009799088,0.0059501124,0.043457437,0.13084668,0.1767321,0.13235977,0.1446682,0.06635962,0.07393574,0.047897533,0.014752196,0.06800352,0.02851543,0.050369717,0.000109564826,0.005787932,1.5216874e-05,4.0595573e-06
1.42708595e-05,1.7696297e-05,5.7739966e-05,0.0032901613,0.0009793689,0.009816333,0.07945505,0.16407661,0.2240756,0.13320775,0.075211935,0.09955069,0.0333643,0.01110348,0.020559307,0.06809503,0.073852666,0.00010836228,0.0031594795,1.2128716e-06,2.971588e-06
1.12018715e-05,1.1199853e-05,2.9471405e-05,0.0011568525,0.0010447588,0.013763292,0.059487622,0.10908378,0.11325974,0.067952864,0.05094065,0.07633853,0.06546773,0.061784696,0.098131366,0.043919966,0.22787729,0.0022037013,0.0067591835,0.00074827677,2.7850936e-05
6.258085e-06,5.63782e-06,9.396004e-06,0.0006258614,0.00017887991,0.0031153846,0.03616569,0.0967567,0.17572473,0.11034728,0.06848443,0.109945275,0.086301245,0.036198854,0.076646805,0.06320822,0.12340036,0.00094794563,0.011885179,1.0476992e-05,3.537277e-05
3.6083627e-05,6.402348e-05,0.000407081,0.008445005,0.019295039,0.085944764,0.12553453,0.10552118,0.078897946,0.06912987,0.052063216,0.08798001,0.043752242,0.072257176,0.07476912,0.025381902,0.12622364,0.00088618335,0.0074669365,0.015935315,8.734737e-06
4.7027893e-06,4.8088452e-05,0.0054914975,0.087372646,0.17847683,0.47676295,0.103120506,0.04446802,0.029532291,0.01618264,0.0129021825,0.010745116,0.02615259,0.00097031816,0.000651905,0.0029387083,0.003859357,9.72278e-07,0.00029878312,1.9815801e-05,2.9977032e-09
1.1115125e-05,2.059075e-05,0.00019514565,0.010029029,0.010449356,0.09164382,0.22306098,0.2397593,0.15355676,0.07665448,0.03132555,0.03878159,0.015183826,0.009509395,0.032582175,0.018036895,0.048043992,1.601523e-05,0.0011185003,2.1285152e-05,1.9182347e-07
2.7002732e-05,0.00012152373,0.0030268608,0.096287794,0.08004396,0.24094732,0.21704973,0.19416086,0.103010945,0.031384528,0.012091119,0.009608252,0.0016088649,0.00020529015,0.0005057606,0.006041351,0.0038329063,7.130652e-08,4.5782843e-05,3.615869e-08,1.0498897e-09
1.0715422e-05,0.00027369565,0.07040985,0.32431892,0.36059552,0.20119086,0.021570459,0.011162747,0.0057409676,0.0012939149,0.0015605687,0.00041816587,0.0009618158,9.981473e-06,1.0919406e-06,0.00035045738,0.0001238257,1.3872261e-09,6.437042e-06,1.1351904e-08,2.1190206e-11
4.643306e-06,6.2335685e-06,8.359099e-06,0.00037147212,0.00021001672,0.003257745,0.020113248,0.036432814,0.048764337,0.077578016,0.056093134,0.09465588,0.118602365,0.06300499,0.31954202,0.020051325,0.07598241,0.0029512937,0.061987285,0.0002704277,0.00011195316
0.0006263436,0.013539083,0.287084,0.45573467,0.16194153,0.06951326,0.006198955,0.0030224777,0.0017052742,0.00014326199,0.00034633832,2.4096074e-05,3.7215843e-05,2.1729993e-07,1.0814043e-08,7.572479e-05,6.829675e-06,1.2231246e-11,6.070648e-07,8.272604e-12,2.397814e-12
1.5440348e-05,2.0932948e-05,0.000109426466,0.005379704,0.0022262633,0.0198911,0.11575814,0.22488856,0.21509436,0.10529132,0.05974721,0.07431387,0.022477739,0.0073005958,0.01123097,0.06397057,0.07102562,6.4192354e-05,0.0011917686,1.2240505e-06,9.44067e-07
3.5484197e-06,1.21223675e-05,0.0001921305,0.0038038052,0.0070572305,0.03121217,0.048702925,0.046189092,0.037721626,0.13732617,0.11998608,0.14458537,0.25498992,0.030240824,0.051956326,0.017421862,0.05578663,0.00055239286,0.011945052,0.00031232362,2.3457558e-06
4.0613677e-06,6.2256995e-06,1.6217808e-05,0.00047258174,0.00056690775,0.012745087,0.03379471,0.03751791,0.024468904,0.050188262,0.03718129,0.13022482,0.11139416,0.104742706,0.21099812,0.038734417,0.107127406,0.071073994,0.012373935,0.016302532,6.573176e-05
2.2435162e-05,8.284399e-05,0.0014365332,0.046200845,0.05002443,0.2538557,0.22406442,0.17866017,0.09709722,0.07004288,0.02488762,0.017144486,0.01008344,0.0014174138,0.010199644,0.004954351,0.009155043,9.86194e-07,0.0006678216,1.7291562e-06,2.1096623e-08
9.922362e-06,1.66304e-05,0.00010807195,0.0073660957,0.0038615062,0.04051454,0.1736581,0.23044062,0.20780936,0.10598534,0.042185545,0.057223935,0.017323598,0.0077350275,0.024062172,0.03369705,0.046695493,1.5524227e-05,0.0012888756,2.337778e-06,2.6248534e-07
0.47406077,0.4669912,0.055042986,0.0030411757,0.00036254682,0.00038411687,4.628959e-05,3.487686e-05,1.6988224e-05,1.6654932e-06,1.3024008e-05,2.518277e-07,1.4396574e-07,1.2083325e-08,7.3980835e-11,3.8776648e-06,5.1063534e-08,1.5369616e-12,7.0400034e-08,2.4679863e-15,1.7345651e-11
0.00048340604,0.009632108,0.26314926,0.44995412,0.187167,0.07365428,0.007997864,0.0044323406,0.0024266618,0.00025195105,0.0005594973,5.2798616e-05,7.962573e-05,6.7843195e-07,3.5761374e-08,0.00014138862,1.550869e-05,6.366359e-11,1.4291425e-06,5.158231e-11,1.0631058e-11
1.3571922e-05,7.224293e-05,0.003137514,0.05739969,0.19203225,0.4132212,0.16018091,0.06527592,0.04313281,0.02016054,0.011763743,0.011907104,0.0074906303,0.0022566984,0.0020829504,0.0024985736,0.0067776446,1.3410446e-06,0.0003840533,0.00021054079,1.1498293e-08
3.0771523e-06,4.6626636e-05,0.009473004,0.12368467,0.26061636,0.4952434,0.058525547,0.028520895,0.013747115,0.0036545766,0.0024066106,0.0010091048,0.0022915867,3.5420322e-05,4.2603897e-05,0.0003010535,0.00038377315,7.836817e-09,1.438568e-05,1.9092984e-07,4.77338e-11
4.567015e-05,0.0012474076,0.1419288,0.43377498,0.2793602,0.12068131,0.011492007,0.006578945,0.0032505025,0.00044464602,0.0006827652,0.000105768966,0.00019705707,1.5439877e-06,1.1095337e-07,0.00017618597,3.0413943e-05,1.2256642e-10,1.6769388e-06,3.5145767e-10,5.3363386e-12
6.383729e-07,4.5681163e-06,0.0002780693,0.010897501,0.036254354,0.17313343,0.12741731,0.0675354,0.058396567,0.12970045,0.09994134,0.080559604,0.15410313,0.005480796,0.02674057,0.0034626473,0.022637542,9.2374985e-06,0.0033546854,9.212118e-05,1.3777732e-08
2.8463915e-06,4.5034823e-05,0.009580474,0.12402163,0.27076346,0.47733033,0.06007088,0.02673621,0.015163982,0.0049120844,0.0038739531,0.0018148957,0.0044424664,7.14719e-05,5.876607e-05,0.00047715002,0.000600531,1.840947e-08,3.332671e-05,5.467522e-07,9.492763e-11
2.7562833e-06,6.1365776e-05,0.018350007,0.18105161,0.34012324,0.3890653,0.03781574,0.016385838,0.009394772,0.002410891,0.0021210744,0.00075537694,0.0019355813,1.9618657e-05,9.398146e-06,0.00025629255,0.00022986332,2.9254634e-09,1.1200272e-05,9.009949e-08,1.912882e-11
3.1308624e-05,0.00054346106,0.08446187,0.31217045,0.34019503,0.19742738,0.02874308,0.017940614,0.0089658145,0.0024244545,0.002899543,0.00094433385,0.0019866868,3.725814e-05,4.0127734e-06,0.0008929717,0.0003118582,1.2795601e-08,1.9817224e-05,4.7205297e-08,2.8094252e-10
5.0467628e-05,9.210818e-05,0.00038295635,0.014419848,0.0048894826,0.032686975,0.13407509,0.20703483,0.19395742,0.15191561,0.06370379,0.07177778,0.02108775,0.0064043947,0.016263954,0.043511223,0.034855265,2.2304757e-05,0.0028668842,7.7422845e-07,1.0801939e-06
2.5147597e-07,3.877741e-06,0.0012109336,0.0477245,0.16049299,0.6413403,0.085973345,0.027870268,0.016686844,0.0065833074,0.0038117126,0.0023821897,0.00473069,7.8319186e-05,0.00023423761,0.00022450736,0.0006204557,6.824348e-09,3.044578e-05,8.3708454e-07,9.826709e-12
3.6642975e-06,1.3636653e-06,5.922839e-07,2.8211307e-05,6.937546e-06,0.0002057563,0.0025304134,0.013467789,0.03663524,0.033527493,0.03802511,0.065711915,0.19880754,0.11640518,0.09514151,0.11731829,0.15717562,0.10425482,0.015872741,0.00015385881,0.004726015
2.2557106e-05,2.888352e-05,0.00012941925,0.0053455047,0.0025928,0.023374567,0.11965269,0.20503451,0.20260435,0.1025209,0.055066504,0.07383841,0.029977126,0.012338146,0.021764705,0.06166241,0.08183082,0.00013245946,0.00207368,6.7910655e-06,2.7399894e-06
1.4692184e-05,0.00031729144,0.068611264,0.30451557,0.3549081,0.21680962,0.026129657,0.014907953,0.0073110964,0.0018035909,0.0020021447,0.0005910392,0.0013663665,1.7928942e-05,2.3999753e-06,0.0004897,0.00019165987,3.797946e-09,9.841559e-06,2.3027281e-08,6.201712e-11
1.8165505e-05,4.8786085e-05,0.00058991637,0.015950156,0.047819242,0.185594,0.18536264,0.104645066,0.08133249,0.0664546,0.044352468,0.07097663,0.030361878,0.03306873,0.050014928,0.010559245,0.059261322,0.00010704572,0.004586537,0.008895396,7.759781e-07
2.393538e-06,1.026852e-05,0.0003278977,0.015475834,0.037297256,0.38653737,0.19659165,0.12500907,0.060328044,0.040058885,0.01870447,0.024231374,0.029903838,0.004474139,0.045223713,0.0028404254,0.011889064,5.8575365e-06,0.0010239681,6.445857e-05,1.8816786e-08
4.7927997e-06,2.6704406e-06,1.663815e-06,6.6313725e-05,2.7657621e-05,0.00060345884,0.005488596,0.021677742,0.042363714,0.03802881,0.040394295,0.07458134,0.1623841,0.118166484,0.11433746,0.07383808,0.22242227,0.058741998,0.024460448,0.0008752064,0.0015329034
9.200761e-06,3.808877e-05,0.0009854347,0.026635744,0.092132285,0.26371074,0.17924488,0.070773214,0.069039606,0.058080334,0.04269902,0.07094627,0.034461845,0.020713238,0.015354681,0.008667761,0.03419039,3.2707874e-05,0.003610156,0.008674216,1.4293194e-07
2.5178291e-05,2.7189793e-05,9.436841e-05,0.0021413409,0.0035284818,0.027290871,0.062381733,0.09071775,0.061376054,0.054564435,0.044821214,0.07859084,0.05876254,0.11063753,0.0851219,0.04837492,0.24989219,0.005360495,0.0067727924,0.0094743045,4.3893262e-05
2.7047458e-06,2.3345892e-06,8.2049064e-07,2.832786e-05,8.195745e-06,0.0003379156,0.0025381707,0.0055412687,0.009690153,0.021121645,0.018982984,0.053477418,0.071354344,0.08134784,0.11585369,0.12531507,0.053638373,0.39384216,0.04188795,0.0022242279,0.0028043138
1.4003737e-06,7.951069e-06,0.00045627035,0.02007788,0.058615614,0.5143842,0.18136989,0.093453005,0.043750737,0.024851216,0.011033481,0.0126009965,0.01665771,0.0016428372,0.013851756,0.0014193727,0.0054310067,1.0501835e-06,0.00037037005,2.3310176e-05,2.5420184e-09
1.4316258e-05,1.5196952e-05,4.4964385e-05,0.0021599347,0.00088168675,0.010459249,0.07524246,0.15852316,0.2003778,0.10494039,0.061297923,0.08953088,0.04964621,0.020896804,0.036715146,0.06912248,0.11553047,0.0003987334,0.00418097,1.1325848e-05,9.903871e-06
2.2361824e-06,1.2122807e-06,1.9976011e-07,8.948859e-06,7.4824544e-07,2.5748894e-05,0.0007220843,0.0037455806,0.020494377,0.032948483,0.03470779,0.059067447,0.14446747,0.12172195,0.20277669,0.09772689,0.021523105,0.05539983,0.16038132,7.700777e-06,0.044270158
9.139206e-06,1.5428006e-05,7.40343e-05,0.0030289278,0.0061083813,0.048724983,0.102507494,0.086864635,0.07558969,0.074845776,0.052817784,0.08343631,0.041772105,0.07126673,0.20118079,0.015077739,0.1195097,0.00048011672,0.010257648,0.0064283125,4.319336e-06
0.0102793155,0.04194027,0.26241577,0.3196359,0.17757878,0.070789635,0.03598633,0.02900353,0.017891653,0.0057756337,0.012590614,0.0031588525,0.0015938012,0.00047380186,1.5425305e-05,0.009524177,0.0010274195,4.0228468e-07,0.0003183392,1.3222036e-07,2.1795212e-07
2.6037507e-05,2.8446544e-05,7.616735e-05,0.0018650151,0.001073654,0.011077949,0.053668734,0.11748371,0.099282,0.10406575,0.066514686,0.10167693,0.11332827,0.040977806,0.095039144,0.053673018,0.12770951,0.0025543224,0.009723032,7.432967e-05,8.153329e-05
1.2897292e-05,2.063658e-05,0.0001274456,0.004822566,0.008970562,0.07682107,0.14927754,0.15662085,0.10019973,0.07140038,0.042514034,0.05706409,0.033015274,0.043486003,0.10879883,0.018196505,0.12315059,0.00024832942,0.003791515,0.0014590413,2.145035e-06
5.1252478e-06,0.000103926635,0.027782585,0.2137999,0.3456257,0.32909033,0.040871713,0.01932262,0.010849918,0.0034325926,0.0033762122,0.0012980211,0.0033513205,4.4466404e-05,1.0576956e-05,0.0006069174,0.00040646957,9.853322e-09,2.1454858e-05,1.5122944e-07,7.5091974e-11
1.4032457e-07,1.6409362e-07,5.417595e-08,2.6560917e-06,1.5858463e-06,6.9482376e-05,0.00049590494,0.00051985163,0.0022124224,0.0076211835,0.0124281095,0.028180286,0.014256873,0.03539686,0.0050801826,0.07236447,0.021687698,0.66452223,0.011838534,0.12324258,7.874962e-05
8.210673e-07,1.3874406e-05,0.0040400825,0.08909869,0.21961068,0.58114725,0.061483815,0.024806641,0.012094014,0.0031097105,0.0017531301,0.00076515216,0.0016004534,1.9859997e-05,4.2196818e-05,0.00015490239,0.00025094833,1.9737265e-09,7.682853e-06,9.769286e-08,6.77794e-12
6.0309385e-06,6.275476e-05,0.0070694857,0.09676829,0.19929606,0.47767684,0.09486883,0.044703808,0.02692114,0.012909266,0.010051832,0.007144583,0.01674394,0.00054970116,0.00045413882,0.0019757196,0.0026007865,4.810134e-07,0.00018843036,7.983168e-06,2.1505704e-09
2.5770032e-05,7.3105766e-05,0.0010764879,0.027829591,0.04162697,0.30575192,0.20791371,0.18855268,0.07647445,0.043047953,0.0160237,0.019273669,0.016270317,0.00436264,0.031735126,0.006513807,0.012629598,1.0115729e-05,0.0007862849,2.1962142e-05,1.5723995e-07
3.2647997e-05,3.9320694e-05,8.9168774e-05,0.0016284916,0.0025884367,0.013044146,0.034656167,0.03636413,0.039831635,0.05321706,0.05505778,0.10852939,0.061424203,0.15528715,0.10350654,0.044167306,0.18339649,0.014186409,0.022605546,0.07018538,0.00016253459
0.13078716,0.28572926,0.33367962,0.1441197,0.045200855,0.025409553,0.011104798,0.008984147,0.0046048444,0.0013755898,0.00444662,0.0005752118,0.0003061051,9.648186e-05,2.585803e-06,0.0032833472,0.00018069797,1.2938919e-07,0.00011299898,5.7466147e-09,2.1444205e-07
9.007229e-06,1.5355252e-05,6.929486e-05,0.0058248555,0.0011310636,0.009423947,0.08756719,0.20463836,0.24712841,0.16640568,0.08387636,0.08927476,0.011762406,0.00266965,0.004450259,0.050289813,0.034346305,4.687725e-06,0.0011124666,1.0736937e-08,1.0311397e-07
1.0658846e-05,6.819745e-05,0.0034569604,0.056000322,0.12434343,0.44290176,0.13548301,0.07382738,0.045828264,0.027559053,0.019082941,0.018096901,0.03457855,0.0023369526,0.004362265,0.003807663,0.007386456,4.802019e-06,0.0008058843,5.8574584e-05,2.6631335e-08
4.970728e-06,1.4776248e-05,0.00031942743,0.026524093,0.017621828,0.1184825,0.25482637,0.28936008,0.16844381,0.056692097,0.019252256,0.019791396,0.0032081732,0.0006066254,0.001927537,0.011688276,0.011153982,1.825939e-07,8.153751e-05,4.293674e-08,1.4208333e-09
3.679976e-05,0.0011600638,0.1325999,0.44802248,0.2741785,0.12484808,0.010068856,0.0052275034,0.002716098,0.00032463926,0.0005007868,6.591541e-05,0.00012862115,7.0272864e-07,6.366034e-08,0.0001012579,1.8606663e-05,4.0475717e-11,1.0259042e-06,1.6953024e-10,1.7507942e-12
2.104328e-06,4.6811634e-05,0.012762823,0.16472073,0.3041962,0.4578018,0.03484381,0.014142944,0.0078102225,0.0014430409,0.0010288146,0.0003139449,0.00066505856,5.905934e-06,6.414365e-06,0.00010189509,0.000103646984,4.8915605e-10,3.8052528e-06,2.1516005e-08,3.714456e-12
9.347077e-05,7.71736e-05,7.992493e-05,0.0014911672,0.00040155355,0.002896481,0.022658726,0.06673915,0.12479733,0.11570651,0.09594652,0.13130711,0.122417234,0.048572894,0.060706787,0.07962599,0.086322375,0.0072162994,0.031911664,2.4172432e-05,0.0010074743
1.3141199e-05,1.0832027e-05,1.0988242e-05,0.0005829195,8.321323e-05,0.0010773045,0.017118659,0.068407156,0.17416453,0.15635271,0.110547945,0.15643701,0.0921243,0.028416479,0.036666892,0.06576566,0.06822581,0.0011238254,0.02277512,5.252681e-07,9.4945615e-05
0.0012041202,0.0057951123,0.10866371,0.30541492,0.2376088,0.10754814,0.061980844,0.046093304,0.03620129,0.0148464,0.022602236,0.012032713,0.0057420055,0.0022042561,6.377247e-05,0.027737085,0.0033960969,1.3421553e-06,0.00086145446,2.1507349e-06,2.5866487e-07
1.9414276e-05,0.00012643987,0.006210187,0.09530161,0.21619101,0.4243486,0.13323215,0.069399506,0.03221462,0.00979697,0.0045345053,0.0030815715,0.0017105578,0.000275122,0.00039325046,0.0013475318,0.0017658871,8.122773e-08,4.878631e-05,2.157162e-06,1.2447527e-09
2.5864863e-05,3.7939382e-05,0.00027533347,0.00932128,0.006975965,0.053633403,0.171131,0.2608528,0.17257613,0.0770649,0.038987726,0.049588587,0.020699317,0.009206162,0.014480717,0.045312557,0.068819754,6.892516e-05,0.00092874764,1.19868355e-05,9.442665e-07
4.9344515e-05,0.00024165858,0.008400172,0.088598564,0.21285583,0.37929526,0.14168884,0.08158594,0.04099733,0.014776292,0.008358848,0.006977591,0.0047333864,0.0014986582,0.00096085406,0.0034907279,0.0052380743,1.2847163e-06,0.00021385276,3.736577e-05,2.4208274e-08
3.0517475e-07,5.851021e-07,7.701929e-07,6.0276354e-05,5.8033573e-05,0.0013059392,0.007864413,0.010181019,0.01552417,0.051994324,0.05780146,0.13595788,0.108689874,0.083841726,0.24521323,0.019625202,0.11563607,0.037493426,0.09858294,0.010124576,4.3823093e-05
1.0736011e-05,2.0129964e-05,0.00012666947,0.004835418,0.010787506,0.07373661,0.13215621,0.1036019,0.0833014,0.07727213,0.05185284,0.07977751,0.03773764,0.057419624,0.15401025,0.013952436,0.10582219,0.00028523096,0.007707373,0.005583713,2.4390881e-06
3.058064e-05,6.912913e-05,0.000531424,0.018123455,0.013042172,0.08703504,0.18420869,0.2093393,0.13769722,0.12707786,0.05181945,0.04919129,0.027671969,0.006701955,0.03675096,0.017342512,0.030788785,1.8379322e-05,0.0025538292,5.4600714e-06,5.1949417e-07
2.266024e-06,4.9309083e-06,2.8283668e-05,0.0018206802,0.0020719196,0.028638842,0.07756418,0.0875625,0.065611534,0.118596345,0.0631529,0.07659318,0.08026674,0.02744019,0.28724223,0.008812538,0.06068864,0.0001674564,0.013574112,0.00015888934,1.6311664e-06
1.8865578e-06,2.6887549e-06,1.2553594e-05,0.0006329132,0.00079030445,0.013011798,0.043069575,0.073620215,0.049118698,0.07977885,0.056458294,0.109483235,0.124579385,0.05732106,0.1893605,0.022298092,0.16971235,0.002854795,0.0072324793,0.00065098197,9.3577855e-06
2.7599117e-06,4.5837096e-06,2.4336805e-05,0.0034062199,0.0006526269,0.007465108,0.08781857,0.19209343,0.2722489,0.1575584,0.07815029,0.09378928,0.011747873,0.0026315593,0.0052776155,0.048955902,0.03737984,3.4877241e-06,0.00078911777,8.858596e-09,4.7740826e-08
9.685964e-07,2.5728357e-05,0.010770183,0.15579738,0.32639003,0.44938847,0.033332445,0.01262862,0.007372226,0.0015649525,0.0012323512,0.0003805015,0.00090359745,5.9805816e-06,5.125478e-06,9.3378665e-05,0.000103865794,3.516627e-10,4.1384815e-06,2.1467683e-08,1.7981037e-12
0.0014199679,0.022898844,0.34189454,0.4146208,0.14454639,0.06057212,0.0070045907,0.003860119,0.0021226325,0.00021740541,0.0005589017,4.5347322e-05,6.256951e-05,6.7319803e-07,2.6357927e-08,0.00016004083,1.34521415e-05,7.081991e-11,1.5750644e-06,2.8383362e-11,1.8870861e-11
2.0135353e-06,1.3561631e-05,0.0007306365,0.01537062,0.033799905,0.10123721,0.08901365,0.07017412,0.05077746,0.14443128,0.12632011,0.1019071,0.20450619,0.008751032,0.009390112,0.01139541,0.028573297,2.521673e-05,0.003554193,2.6786272e-05,6.9513455e-08
1.6108645e-05,1.7362008e-05,3.3521665e-05,0.0010844843,0.0004905439,0.0058807195,0.037844718,0.0829051,0.093453914,0.11205493,0.07136519,0.106758684,0.12427497,0.043353166,0.16082951,0.04032368,0.09682313,0.0020030783,0.02033565,4.999054e-05,0.00010155106
0.000102540325,0.001372619,0.12812069,0.35595882,0.30396795,0.14543138,0.025118448,0.018784555,0.009664288,0.0023995365,0.003675097,0.0011598617,0.0019391784,6.0530652e-05,2.8050626e-06,0.0018577689,0.0003552576,2.1785286e-08,2.8617807e-05,3.0261397e-08,9.235469e-10
0.52799064,0.42650554,0.043078586,0.0019007716,0.00021157997,0.00024239393,2.7257669e-05,2.1607897e-05,1.0055239e-05,9.61583e-07,8.180497e-06,1.3487694e-07,7.3602116e-08,6.311534e-09,3.3327806e-11,2.1148e-06,2.5552769e-08,6.535749e-13,3.9740065e-08,7.406966e-16,8.850601e-12
1.2283207e-05,5.1597774e-05,0.0015929182,0.043098073,0.07852015,0.466365,0.18066102,0.12587604,0.04918267,0.021280315,0.007286057,0.006893539,0.0057639102,0.0008575381,0.006461685,0.0022031073,0.0037105451,5.726406e-07,0.0001796804,3.2712214e-06,6.9452124e-09
0.0030324825,0.043107767,0.40680194,0.37547395,0.11154347,0.048790492,0.0056293844,0.0030562112,0.0016782746,0.00016619611,0.00048588176,3.3027874e-05,4.3114695e-05,5.2142167e-07,1.5268146e-08,0.00014635625,9.554749e-06,4.9597302e-11,1.3971758e-06,1.1800812e-11,1.9552153e-11
9.312846e-05,8.1375176e-05,0.00012815378,0.0027244457,0.00072410784,0.0045811795,0.034191005,0.10374259,0.16345271,0.13160104,0.11246604,0.13545154,0.07618018,0.024759877,0.025091587,0.083247796,0.08747353,0.0023010937,0.011531497,4.385915e-06,0.00017270206
1.23650425e-05,1.4944889e-05,8.570395e-05,0.0037265092,0.0029092527,0.032694474,0.13282207,0.23185606,0.17107762,0.07877401,0.042726815,0.05754345,0.03245449,0.018150497,0.027555795,0.048167903,0.11773743,0.00018057784,0.0014767366,3.1299955e-05,1.9018731e-06
4.387942e-05,6.398608e-05,0.00018576696,0.006628686,0.0020188105,0.014867825,0.08747411,0.17360829,0.18974994,0.15761614,0.081140846,0.096224554,0.034890734,0.010970793,0.023752023,0.059471916,0.05593549,9.606731e-05,0.0052536293,1.414075e-06,5.059971e-06
1.8221323e-05,6.448478e-05,0.0011834027,0.027344672,0.09056149,0.27167204,0.19648173,0.09221604,0.07363695,0.055235166,0.035656318,0.049586307,0.023515433,0.016047873,0.023122074,0.006921732,0.030149281,2.8134293e-05,0.0029674873,0.0035909682,2.3238134e-07
1.980791e-06,5.4025354e-06,3.859625e-05,0.0019346229,0.0031759918,0.032083847,0.06557712,0.05693695,0.049143832,0.11877498,0.08024775,0.09083801,0.106997,0.027624518,0.284614,0.0066648955,0.05459388,0.00024312433,0.01990723,0.0005946597,1.5701956e-06
9.467257e-05,0.00012551021,0.0004177327,0.009140166,0.004608124,0.02341425,0.104201585,0.16546032,0.17441936,0.1183012,0.07745677,0.09120659,0.035660457,0.015697746,0.027900482,0.06702954,0.079818495,0.0003376783,0.0046751862,1.9115794e-05,1.5034497e-05
2.17353e-06,3.1696475e-06,2.0700834e-05,0.0018124613,0.0026208353,0.045687016,0.13846707,0.17503382,0.12411967,0.071268916,0.03733868,0.054626025,0.031303417,0.03965724,0.1112636,0.017233862,0.14661166,0.00011186315,0.0024856667,0.00033163623,4.9399114e-07
4.7061967e-05,3.7418296e-05,3.8509854e-05,0.0010086879,0.00022630367,0.0019888752,0.019983508,0.06672817,0.1366488,0.12505566,0.10318247,0.13738212,0.11990102,0.041559126,0.05265393,0.074525155,0.08586197,0.0045594866,0.028090691,7.90966e-06,0.00051308586
3.4585466e-06,2.7570495e-06,3.747581e-06,0.0003811905,4.4916047e-05,0.0007438222,0.016878039,0.08078394,0.20752272,0.17541894,0.12331588,0.1577722,0.06583803,0.014332332,0.019008689,0.05752109,0.07122691,0.00026880892,0.008921782,4.330846e-08,1.0619904e-05
9.06118e-05,0.0006204319,0.026065959,0.18024644,0.3006979,0.29152173,0.09158928,0.044646975,0.030468043,0.010862272,0.008522902,0.0049102544,0.0038892997,0.0005373133,0.00022765502,0.0026071696,0.0022701728,3.174291e-07,0.00021703457,8.272417e-06,1.4146864e-08
3.1128432e-06,2.284753e-06,7.972242e-07,3.7987564e-05,5.9195568e-06,0.00013156746,0.002798016,0.012857482,0.044970043,0.055919826,0.050471216,0.10342888,0.19230245,0.095771946,0.17011665,0.043130767,0.049172644,0.022316495,0.15268925,2.004377e-05,0.0038526242
1.0586857e-05,3.1920517e-05,0.0005397956,0.018132735,0.025466831,0.15436271,0.1934852,0.19579321,0.09730738,0.11141937,0.04896376,0.039402563,0.03808779,0.005171583,0.03815269,0.0070408965,0.025002623,1.0858153e-05,0.0016062475,1.1155321e-05,1.2851075e-07
6.1049313e-06,3.306709e-05,0.00078412157,0.02369601,0.07224544,0.21142463,0.14110564,0.04447106,0.06760333,0.077154376,0.06729476,0.11645319,0.06015783,0.027429404,0.022788165,0.009109278,0.029150888,3.621306e-05,0.013427846,0.015628476,1.7773267e-07
1.2810134e-05,0.0003205907,0.07355117,0.32861456,0.35622382,0.19850652,0.021327617,0.01114499,0.005739207,0.0012584445,0.0015142913,0.000399162,0.0009071184,9.641668e-06,1.138306e-06,0.00034080958,0.000121564895,1.4572011e-09,6.5513354e-06,1.1752083e-08,2.4515796e-11
8.859782e-06,6.505993e-05,0.0043414715,0.06773279,0.13343321,0.4269833,0.12688741,0.062177572,0.040471762,0.026712313,0.02041916,0.021157956,0.0483173,0.0030558393,0.0023947754,0.0061640944,0.008794387,7.0757696e-06,0.00078908337,8.651777e-05,2.4109177e-08
8.928903e-06,1.08868e-05,1.350807e-05,0.0006491302,0.00021026132,0.0032490543,0.028016845,0.06431004,0.09987988,0.11445378,0.06704913,0.10407105,0.11564257,0.050153952,0.195057,0.034155726,0.069773436,0.0013207131,0.05185005,3.2361928e-05,9.169367e-05
1.0543721e-05,2.6320331e-05,0.0003614927,0.010805072,0.033190023,0.14906466,0.15873669,0.097344644,0.07102681,0.062592745,0.04329687,0.09027872,0.040110745,0.059175864,0.037968624,0.017888999,0.09697185,0.00029270301,0.0043592597,0.02649635,9.901967e-07
8.556204e-06,9.265475e-06,3.3398854e-05,0.0019444415,0.0009666229,0.013571044,0.0888651,0.17509991,0.19726387,0.098754734,0.05264961,0.078382514,0.044912636,0.022133548,0.044123992,0.05470673,0.123104,0.00026442032,0.0031845747,1.6338907e-05,4.6325936e-06
2.8160692e-05,0.0007681852,0.10162636,0.39723098,0.3078678,0.16284214,0.015199149,0.008031149,0.0041591674,0.0006596475,0.00086850347,0.0001595908,0.0003265279,2.4813014e-06,3.372818e-07,0.00017863917,4.8424234e-05,2.784077e-10,2.7595363e-06,1.6761207e-09,8.506838e-12
2.2680602e-05,3.4137774e-05,0.00017727012,0.008157563,0.0037593716,0.030206116,0.14304647,0.21800599,0.20840068,0.109566964,0.053551823,0.06956982,0.020434208,0.008203043,0.017297467,0.05160717,0.05635854,4.290281e-05,0.0015543979,2.4152553e-06,9.3803664e-07
1.8009781e-05,4.1241314e-05,0.00024595828,0.0045476938,0.0070794364,0.06272456,0.078448325,0.06493291,0.045032933,0.06603593,0.04828232,0.12623127,0.13315022,0.07567202,0.15721916,0.029632628,0.07216277,0.0055480544,0.015086929,0.007884987,2.2655322e-05
3.8152673e-05,6.4977736e-05,0.00025924848,0.010156806,0.0037249115,0.028436737,0.12373663,0.20120412,0.18386456,0.15375681,0.06558442,0.07652845,0.028183028,0.008716294,0.025614075,0.043877985,0.042673912,3.8968257e-05,0.003536653,1.4963966e-06,1.7638033e-06
2.5870786e-05,2.481661e-05,3.4756817e-05,0.0009763099,0.00034816732,0.004150451,0.030829564,0.08089774,0.10943576,0.10270181,0.06626515,0.110239275,0.13332541,0.053509265,0.10704113,0.06520611,0.10548443,0.004222883,0.024931252,5.345249e-05,0.00029638974
1.2272461e-05,1.2829615e-05,2.8550743e-05,0.0018789872,0.00028947144,0.0025688466,0.035100877,0.1211261,0.22270529,0.18319227,0.12808591,0.14091101,0.030136935,0.006992512,0.00841144,0.05855534,0.055947065,7.872302e-05,0.003962803,3.5156795e-08,2.7662497e-06
5.414569e-06,3.0325906e-05,0.001278265,0.028615717,0.064403355,0.34790817,0.15262099,0.07900797,0.050599944,0.04381546,0.031075947,0.049586356,0.09324164,0.010742659,0.012674021,0.010080756,0.021649105,5.4511875e-05,0.001986651,0.00062264845,9.387075e-08
1.39876365e-05,9.270409e-06,4.6329747e-06,0.0001221796,3.204814e-05,0.0004654514,0.0053760814,0.0211219,0.04893006,0.05439771,0.052886162,0.10055046,0.20735613,0.10221996,0.13311808,0.06395325,0.08820457,0.049325712,0.06571365,0.00013239459,0.0060663144
0.018244157,0.06442439,0.29899085,0.3013592,0.14842278,0.06106997,0.03157779,0.02694742,0.015575472,0.0050380616,0.0121893585,0.0027476721,0.0013480913,0.00047756493,1.2157237e-05,0.010396236,0.0008656139,4.1203128e-07,0.00031248436,7.506053e-08,2.8072594e-07
2.604695e-06,6.0027745e-05,0.016781751,0.18364087,0.33729228,0.40153256,0.033455286,0.013947417,0.008211163,0.0017946605,0.0014930321,0.00045971808,0.0010308757,8.7392045e-06,6.483905e-06,0.00013985949,0.00013591736,8.6825397e-10,6.698287e-06,3.450038e-08,7.175713e-12
3.565667e-05,0.00018731355,0.0076009296,0.090112835,0.23413283,0.36828697,0.1354398,0.058989443,0.040764414,0.018766778,0.012586144,0.011257633,0.00801204,0.0022071176,0.0011749478,0.0037361812,0.006101872,1.7230217e-06,0.00047340128,0.00013189165,2.9529156e-08
2.440382e-05,2.4992834e-05,2.500225e-05,0.0009293553,0.00021253049,0.0025834069,0.025983006,0.07085177,0.13132235,0.13036424,0.079220034,0.12636533,0.11065482,0.04598303,0.09373217,0.06282392,0.07343221,0.0019676047,0.0432686,1.1897726e-05,0.00021927818
1.7571818e-05,0.00012883266,0.008198939,0.091368824,0.13490044,0.31409994,0.12035231,0.07171936,0.045495056,0.036965977,0.031065201,0.0326946,0.07532815,0.005514781,0.0016118042,0.016021367,0.013318819,1.5966367e-05,0.0011233347,5.8558766e-05,7.6223344e-08
1.0570156e-05,3.2158285e-05,0.0004475289,0.032154188,0.011072834,0.0539649,0.19541445,0.26063,0.22239551,0.09993026,0.044908687,0.038695484,0.0034919893,0.00047324583,0.0010357322,0.02310068,0.012112771,2.1286912e-07,0.00012874507,3.7186405e-09,2.7911478e-09
5.6235807e-05,0.0001264684,0.0010556243,0.013561687,0.025167145,0.06152281,0.09064994,0.061511613,0.058687087,0.07617045,0.060265355,0.12928353,0.07013663,0.13199642,0.028749427,0.060565196,0.09470948,0.0012678673,0.016413352,0.018082952,2.0737885e-05
4.1995863e-05,3.5502646e-05,3.592268e-05,0.0010345258,0.00021854478,0.0019368489,0.020658607,0.06745999,0.14240952,0.13762824,0.1080774,0.14172763,0.10725427,0.037538335,0.051274277,0.069375575,0.079767175,0.002964234,0.030214747,5.413313e-06,0.00034126008
1.7689874e-05,0.00041889347,0.074789636,0.33009756,0.33659533,0.2138688,0.022042422,0.012273031,0.0059287995,0.0011711175,0.001285145,0.00032426737,0.0007467554,8.4504045e-06,1.3197227e-06,0.00031269598,0.00011262468,1.5132665e-09,5.3676195e-06,1.029458e-08,2.8896116e-11
1.0225823e-06,1.0778669e-05,0.0016349276,0.04725078,0.14049442,0.5887848,0.10900406,0.045140196,0.026301866,0.01187928,0.007290939,0.005870906,0.012203208,0.00037283867,0.0009008067,0.00076442346,0.0019707023,1.4271123e-07,0.000116724565,7.0774377e-06,2.7439467e-10
1.1585167e-05,1.9455256e-05,0.00016896435,0.008943236,0.0063780164,0.053310614,0.18833302,0.25189775,0.18164055,0.093759954,0.040695842,0.049688514,0.016338613,0.0068361363,0.019231617,0.03091024,0.05094756,1.6775413e-05,0.00086760626,3.704901e-06,2.212575e-07
1.35433065e-05,6.450265e-05,0.0020365696,0.046519417,0.08870901,0.3379335,0.1893946,0.13862368,0.06449865,0.057535127,0.024834612,0.014580812,0.015273243,0.0012326983,0.007825616,0.0026691165,0.0077348026,1.2241164e-06,0.000513871,5.360935e-06,1.44697285e-08
0.033415202,0.27476677,0.44615257,0.18546934,0.03537696,0.020336699,0.00227785,0.0011485134,0.00065548066,6.00373e-05,0.0002393727,9.711204e-06,1.05545505e-05,1.8113508e-07,3.5203676e-09,7.721119e-05,2.7205774e-06,1.7831422e-11,8.1539133e-07,9.834004e-13,2.4380754e-11
2.3846906e-06,1.0905027e-06,4.5004091e-07,3.534376e-05,3.6758759e-06,6.8932044e-05,0.002412022,0.018340362,0.10542569,0.100155264,0.13254827,0.17954412,0.17574048,0.05894644,0.06845542,0.05196375,0.05424989,0.008774922,0.041991618,2.2031814e-07,0.0013396301
5.2656674e-06,1.2746323e-05,0.00018760066,0.0133115845,0.016041271,0.14404152,0.26984075,0.24106851,0.13406882,0.06385532,0.021377522,0.025421776,0.008551071,0.0049947943,0.022073213,0.00890417,0.025652537,2.384248e-06,0.00058146653,7.679048e-06,2.1251834e-08
2.2855704e-05,2.7783453e-05,0.00010735811,0.0038057624,0.0031868266,0.031825088,0.11507548,0.1698866,0.15065756,0.087723434,0.051063575,0.06844503,0.042985596,0.032836236,0.07451697,0.038890082,0.12384449,0.0004082513,0.0045235013,0.00015954432,8.049011e-06
1.0108789e-05,1.8511413e-05,4.8930408e-05,0.0021947753,0.0013709668,0.01497709,0.060615264,0.08030621,0.084694706,0.13097245,0.07131549,0.08522166,0.07416537,0.03187049,0.26432002,0.015405267,0.05316161,0.0002658989,0.028984949,6.956815e-05,1.0697596e-05
4.045217e-06,0.00016841368,0.051261693,0.35014036,0.34886095,0.22597578,0.0136115635,0.0056427363,0.0030638236,0.00041999153,0.0004934621,8.2814484e-05,0.0001944814,7.3709776e-07,1.7195296e-07,5.642811e-05,2.1611837e-05,2.6128108e-11,8.992016e-07,5.9060595e-10,3.6644792e-13
0.0011345568,0.006263252,0.1350893,0.33336973,0.2566033,0.10516145,0.05141367,0.037045497,0.026069045,0.008818834,0.01391769,0.00577801,0.002938559,0.00078691234,2.3686549e-05,0.013509762,0.0017297905,3.290041e-07,0.00034616454,4.9217607e-07,6.9964436e-08
7.135299e-05,0.0007028355,0.057175744,0.25433594,0.2671008,0.23289229,0.05990461,0.042178065,0.024236867,0.011455397,0.013155276,0.008069354,0.015355629,0.00091023225,6.722717e-05,0.009343376,0.0027846731,9.967258e-07,0.00025738007,1.8832312e-06,1.8930358e-08
5.7461588e-05,0.0014068782,0.14310251,0.42241386,0.28321648,0.123515934,0.012806589,0.007508451,0.0038133205,0.0005660705,0.00087881903,0.00014999897,0.00027421262,2.6181176e-06,1.9513755e-07,0.00023962956,4.4254743e-05,2.9207708e-10,2.7581034e-06,8.465373e-10,1.3411107e-11
2.3331029e-06,4.006266e-05,0.0097082285,0.12691915,0.27452627,0.49217516,0.051813573,0.02368185,0.011979157,0.0030898605,0.0022016515,0.0009184065,0.002265431,3.103068e-05,2.931572e-05,0.00027152806,0.0003337773,6.1250303e-09,1.29468035e-05,1.9340249e-07,3.1286307e-11
0.000417076,0.0029089355,0.10067874,0.3192657,0.29142657,0.13685584,0.056470696,0.031703163,0.02383236,0.008149454,0.0108051775,0.004817946,0.0030228822,0.0005155085,2.665586e-05,0.007304527,0.0015381555,1.9106048e-07,0.0002594984,8.9105816e-07,2.33294e-08
3.99901e-06,5.234983e-06,1.9689092e-05,0.0020521057,0.00047614813,0.0062108887,0.070788056,0.16348419,0.24850452,0.14959104,0.08016976,0.10342594,0.0267177,0.0070212856,0.015102078,0.059944846,0.06438565,3.0553023e-05,0.0020656006,1.501792e-07,5.745154e-07
2.2557326e-05,0.00032630918,0.041937068,0.2221442,0.32107794,0.31671458,0.044960666,0.027483076,0.012656407,0.0036850192,0.0031584995,0.0012571338,0.003024114,7.139216e-05,2.1924152e-05,0.00087827095,0.00055229786,4.2532356e-08,2.8279197e-05,2.8617154e-07,6.4416755e-10
0.00025374314,0.0046908963,0.21406753,0.42872563,0.23140335,0.094918154,0.012017871,0.0077647804,0.0038532445,0.0005392411,0.0009884731,0.00014794178,0.00022909696,3.175133e-06,1.710041e-07,0.0003476858,4.5356788e-05,5.280719e-10,3.6119725e-06,4.974619e-10,5.0324404e-11
2.9620442e-06,4.2029974e-06,5.3740646e-06,0.00015989022,0.00022740732,0.002205982,0.008944713,0.0071101906,0.015305095,0.03157428,0.041533895,0.09810429,0.03825825,0.106897414,0.046604928,0.036894247,0.098540194,0.06308027,0.028465241,0.37598994,9.1182104e-05
1.05507315e-05,4.3501874e-05,0.0013136629,0.03217836,0.1168494,0.32790846,0.19024773,0.079375476,0.06241009,0.042437986,0.027777413,0.040974837,0.021290943,0.012022465,0.009277227,0.00622433,0.024480054,1.5036254e-05,0.0016160851,0.0035463166,7.003833e-08
1.8620356e-05,0.0005983207,0.08521479,0.3985491,0.30119318,0.18902387,0.013716433,0.0068280236,0.0034892734,0.00044726036,0.00052831986,8.174062e-05,0.00018343698,9.656948e-07,1.734744e-07,9.9099816e-05,2.6218146e-05,6.587621e-11,1.1688109e-06,5.3620786e-10,1.7929069e-12
4.237731e-06,0.00010343129,0.029290834,0.22779274,0.36051923,0.32854933,0.0284333,0.013303642,0.0072790915,0.0015420457,0.0013996862,0.0004094061,0.0010364937,9.337383e-06,3.5770079e-06,0.00018508792,0.0001326808,1.1699344e-09,5.864315e-06,2.7930227e-08,1.1456427e-11
0.0021717118,0.025035517,0.3454605,0.38367665,0.15433882,0.06561306,0.01023051,0.007300145,0.003538244,0.00050293957,0.0011905486,0.00014313088,0.00017662291,4.598688e-06,1.5233564e-07,0.00056582916,4.4833374e-05,1.165561e-09,6.2072386e-06,2.895688e-10,3.2094497e-10
1.7314334e-05,3.4278495e-05,0.00020518844,0.012278759,0.003226299,0.019721193,0.12223572,0.22936596,0.22958297,0.15004171,0.07434583,0.07096362,0.009296545,0.0020432777,0.0037213746,0.04399872,0.028162409,3.1221148e-06,0.00075566495,1.8724586e-08,7.110147e-08
9.009858e-06,4.1227544e-05,0.0014370964,0.05016918,0.07382616,0.33845845,0.20874223,0.17263538,0.06997049,0.04396218,0.014647114,0.00902243,0.005687901,0.0004986219,0.0033608305,0.0024498226,0.004936004,1.9204923e-07,0.0001452011,4.7111132e-07,2.049798e-09
0.09449533,0.51134187,0.29748964,0.075063564,0.011969919,0.0077719423,0.0009270266,0.0004666197,0.00027339748,2.4878778e-05,0.00012294407,4.015901e-06,3.655571e-06,9.7203575e-08,1.3599953e-09,4.352201e-05,1.0650622e-06,1.0619398e-11,5.221327e-07,2.3864152e-13,3.024077e-11
2.4840105e-05,2.281385e-05,4.457722e-05,0.0009925781,0.0005882415,0.0067334287,0.032511126,0.08158083,0.07292905,0.080444984,0.05809999,0.10597227,0.14063856,0.059709564,0.107538365,0.062916934,0.16658787,0.0099098,0.012264498,0.00020972367,0.00027999489
1.5641135e-06,2.5217263e-05,0.005373643,0.09054691,0.237536,0.3576891,0.09614976,0.048949685,0.033483278,0.04181141,0.040965106,0.013660663,0.029187944,0.0002473292,0.00032573662,0.0011573238,0.0026235874,6.315453e-08,0.00026515988,4.4914432e-07,2.2995843e-10
1.0898308e-05,1.3432738e-05,3.8665796e-05,0.0014230506,0.0008802347,0.011332112,0.05359932,0.10354272,0.08884305,0.10753238,0.06672136,0.09823803,0.11161008,0.039883733,0.1636829,0.031938706,0.10696788,0.0013061118,0.012329321,7.366643e-05,3.2383163e-05
0.00042323608,0.0091627175,0.26450884,0.45691785,0.18290427,0.07221428,0.007121624,0.0038253996,0.0020704889,0.00019526288,0.00044084384,3.750068e-05,5.8363315e-05,4.1898116e-07,2.0442666e-08,0.000107096865,1.08533495e-05,2.8982667e-11,9.180673e-07,2.3481446e-11,4.715183e-12
2.4020483e-05,0.0007187326,0.10442388,0.4095596,0.30328116,0.15615797,0.013482006,0.007042082,0.0035684556,0.000517777,0.0006894725,0.000115876486,0.00024047392,1.5720353e-06,1.903421e-07,0.00014066424,3.4317796e-05,1.2891879e-10,1.7661827e-06,7.3972584e-10,3.8605195e-12
1.6195216e-05,1.6878417e-05,4.6279092e-05,0.0014448466,0.0018020951,0.019276544,0.060784403,0.09656635,0.08672058,0.062408544,0.048982978,0.074195415,0.06257912,0.080655575,0.12612912,0.036575902,0.22785746,0.002938636,0.008171995,0.0027953086,3.5765835e-05
4.109169e-06,8.2268425e-06,4.2389314e-05,0.0017502068,0.0025049679,0.043362588,0.0671617,0.062381007,0.04096055,0.052314885,0.033356287,0.09691292,0.08869392,0.06468245,0.34111613,0.016430754,0.07012579,0.0030549704,0.011216793,0.0039111474,8.223862e-06
1.8839075e-05,2.4225867e-05,0.000106497595,0.0039971233,0.0037702452,0.035994165,0.12287942,0.17076169,0.14388332,0.088965826,0.051974036,0.06698942,0.039898317,0.03212374,0.07998429,0.033298947,0.12067374,0.00029288363,0.0041900347,0.00016812012,5.06337e-06
2.8234597e-05,0.00046969295,0.07012258,0.28446987,0.34052366,0.2282159,0.033599343,0.02036348,0.010326992,0.0030806286,0.0033874575,0.0012096859,0.0026913038,5.3625503e-05,7.704319e-06,0.0010017278,0.00042030032,2.3902968e-08,2.7701884e-05,1.1758734e-07,4.6508353e-10
2.1145766e-05,8.847616e-05,0.0015299481,0.07536783,0.03385688,0.14150652,0.22784626,0.24048057,0.15886779,0.06602182,0.02185175,0.015330878,0.0022316168,0.0002260857,0.0007010862,0.009001936,0.0049771382,4.713158e-08,9.216575e-05,4.481829e-09,1.0232309e-09
1.8492432e-07,8.389838e-08,4.1414292e-08,8.556399e-06,8.004041e-07,3.7865673e-05,0.0020474356,0.016067801,0.096911214,0.077872984,0.08954453,0.15110117,0.23596966,0.057013545,0.10050309,0.03947648,0.088256575,0.0068129273,0.0380616,3.6614844e-07,0.00031308335
5.8336964e-06,4.5240904e-06,7.96883e-06,0.00027059496,0.00033463637,0.004920331,0.01755472,0.032667752,0.034456655,0.037142307,0.03960623,0.07884318,0.07971093,0.1453336,0.085190214,0.063472934,0.30303973,0.03946769,0.009202696,0.028642518,0.00012497831
1.5529146e-06,0.00010364066,0.031076133,0.39681572,0.31284973,0.24492426,0.008876886,0.003071218,0.0018365333,0.00018609075,0.00019816143,1.9503295e-05,2.9425122e-05,3.6779912e-08,2.2932234e-08,7.846441e-06,3.135239e-06,1.239006e-13,1.5125997e-07,4.0174535e-12,2.2582136e-15
6.0537577e-06,3.950892e-06,8.272581e-06,0.00031814957,0.00022688996,0.0050897943,0.02144567,0.08171256,0.061779827,0.03683255,0.03374703,0.0644273,0.098692425,0.08122584,0.03597507,0.1154077,0.3427131,0.017122716,0.002683603,0.0004937514,8.7763234e-05
2.6999078e-06,3.9181064e-06,1.5471647e-05,0.00086829765,0.0007567481,0.012104783,0.048520755,0.08023083,0.06267201,0.10057459,0.06198937,0.09343721,0.10993998,0.03880191,0.2648416,0.016094705,0.09731772,0.0007448066,0.010956912,0.00011744655,8.272416e-06
0.08987447,0.502034,0.30495876,0.08000747,0.012816472,0.008345927,0.0009841456,0.00048584284,0.00028885758,2.5888547e-05,0.00012589229,4.1150192e-06,3.8088936e-06,9.347647e-08,1.4049889e-09,4.2623727e-05,1.1015876e-06,1.0149784e-11,5.22461e-07,2.513368e-13,2.7502651e-11
1.777086e-05,2.1815235e-05,3.112287e-05,0.0016884016,0.00032097296,0.003905337,0.04222248,0.10995878,0.185229,0.1722825,0.085519806,0.12547678,0.06371348,0.022608742,0.044579696,0.06244535,0.060990144,0.0002725042,0.018693822,1.1703839e-06,2.0309673e-05
2.9043893e-05,0.00011503016,0.0019866647,0.029651904,0.04526791,0.07990124,0.097832255,0.041033704,0.0620466,0.08069366,0.08122748,0.15532398,0.08926384,0.08053025,0.008049787,0.06986159,0.051497173,0.00019986376,0.018548042,0.006937418,2.5581485e-06
5.232986e-06,3.962191e-06,7.871827e-06,0.00024262928,0.00029126595,0.005298362,0.016218292,0.03135439,0.02735781,0.03567121,0.03669528,0.080120645,0.08033364,0.15343843,0.057467893,0.09441898,0.2832365,0.065583624,0.0059795133,0.026160933,0.00011354261
1.2462039e-06,1.3865394e-05,0.0021160557,0.05710999,0.14395817,0.52070683,0.11507285,0.04290773,0.03116676,0.018685712,0.014028581,0.013487418,0.03196205,0.0010521581,0.0010013457,0.002206489,0.0041906373,6.341586e-07,0.0003033572,2.8171418e-05,8.837501e-10
1.8918751e-06,7.020433e-06,0.00015140705,0.0044562183,0.010138795,0.058256786,0.075876676,0.06396303,0.046918657,0.13638546,0.10595921,0.12158192,0.21531485,0.020729136,0.06786787,0.01007701,0.055030063,0.00023532746,0.0067277164,0.00032047232,5.5413005e-07
2.772067e-05,0.00081234484,0.09709826,0.40637586,0.29422152,0.17499983,0.01394683,0.007247891,0.0037143615,0.0004942585,0.000603978,9.568763e-05,0.00020521203,1.2346908e-06,2.042365e-07,0.00012255862,3.0763153e-05,1.0569787e-10,1.5109683e-06,6.794744e-10,3.4140095e-12
4.9055734e-07,8.8451014e-07,9.065182e-07,5.112225e-05,4.6014564e-05,0.0009054802,0.005576123,0.007297894,0.011964433,0.04921896,0.06312773,0.13613677,0.11078654,0.0749435,0.19754396,0.023911387,0.10088603,0.08711456,0.119406305,0.010970282,0.00011063857
2.2224219e-07,2.4027727e-07,1.0930547e-07,7.2860867e-06,3.039721e-06,0.00019483763,0.0017050974,0.00302116,0.0052922172,0.016032632,0.016383452,0.058965452,0.05311646,0.06337036,0.08842815,0.06329331,0.04782392,0.54369575,0.032346457,0.0059821135,0.00033777836
6.399236e-05,0.00014577011,0.0010817725,0.03119462,0.017588021,0.09370614,0.19060661,0.2323814,0.15949568,0.10780856,0.043223683,0.041894365,0.01597012,0.0037298985,0.012678806,0.02371536,0.023338284,9.998974e-06,0.0013649582,1.601098e-06,3.9190897e-07
0.17314284,0.3748984,0.29649296,0.09715883,0.026308535,0.015980188,0.0057628723,0.003959967,0.0021366873,0.0005485988,0.002051257,0.00018828103,0.000104115585,2.284241e-05,5.771432e-07,0.0011478296,5.5601973e-05,2.1042862e-08,3.9581148e-05,8.1809093e-10,4.7425793e-08
2.0537405e-05,5.2860414e-05,0.00093895645,0.030015053,0.04753717,0.23417021,0.2544867,0.2182023,0.097961776,0.041020297,0.015834387,0.01657793,0.0064367456,0.0030111722,0.008510739,0.007968114,0.016906723,2.8745999e-06,0.00033261336,1.2802632e-05,3.495388e-08
5.707242e-06,6.589309e-05,0.0076047885,0.091553316,0.20053646,0.2789935,0.10406607,0.06814635,0.044039033,0.06305504,0.062462624,0.02370672,0.04555527,0.00068025326,0.00071736024,0.0028432684,0.0053483755,4.6021628e-07,0.00061844534,1.1212084e-06,3.0156717e-09
7.2830708e-06,2.0839847e-05,0.00053813116,0.028352046,0.034448512,0.21713789,0.263183,0.2667474,0.11091178,0.031612504,0.010584799,0.011721929,0.0031654234,0.0009864261,0.0024026334,0.0073324377,0.010764549,4.2158834e-07,8.131631e-05,7.1926854e-07,2.8743194e-09
4.5851375e-06,1.6915874e-05,0.0006224451,0.03288654,0.062456965,0.33479384,0.26421738,0.1757845,0.07211535,0.026220279,0.007977902,0.0077338084,0.0024819935,0.0008426824,0.003484105,0.0025263468,0.005747293,1.3404036e-07,8.533115e-05,1.5693528e-06,9.52393e-10
4.096239e-06,2.7472854e-06,1.8606303e-06,6.36896e-05,4.192649e-05,0.0009893667,0.005017074,0.012326652,0.024116093,0.029972622,0.035352882,0.061549537,0.091723494,0.13009538,0.061493825,0.117521875,0.19318385,0.19381264,0.020010488,0.02202714,0.00069282047
4.447053e-06,7.2026296e-06,5.0536262e-05,0.0051425835,0.0018018641,0.022259157,0.14433528,0.24520712,0.24500385,0.11298842,0.047083035,0.061761707,0.012846908,0.0039982665,0.009943587,0.043449488,0.0434806,6.3384045e-06,0.00062937976,1.5377569e-07,7.3424815e-08
2.1716955e-06,2.0055309e-06,4.5505653e-06,0.0005959626,8.2916304e-05,0.0011544122,0.025648735,0.09575125,0.2297642,0.18061192,0.12823476,0.15683997,0.03702605,0.0073456233,0.0111579755,0.05418704,0.06824516,7.337568e-05,0.0032703774,2.0741046e-08,1.523006e-06
1.9842103e-06,6.739139e-05,0.030341433,0.2506489,0.38733262,0.29453814,0.020804437,0.008381973,0.004909522,0.0009335605,0.0009773211,0.00024632065,0.0006393173,3.6151378e-06,9.714842e-07,0.00010484582,6.4780004e-05,2.0830986e-10,2.869138e-06,7.69225e-09,1.6075873e-12
5.1575967e-06,6.438514e-05,0.008599751,0.100482784,0.21470204,0.27676445,0.09936405,0.066945806,0.041928645,0.05912478,0.05977947,0.021510318,0.041622043,0.0005798029,0.00049207587,0.0027735895,0.004748771,3.1123957e-07,0.0005110625,6.6212317e-07,2.0023991e-09
1.1554846e-06,1.4202677e-06,1.8484023e-06,6.606005e-05,8.8933026e-05,0.0015062954,0.0063568186,0.005702088,0.011220403,0.025735628,0.034631416,0.08575834,0.037646133,0.10482095,0.028520899,0.051024687,0.0982449,0.12202859,0.01328867,0.37329844,5.6380835e-05
2.4296252e-05,0.0001276159,0.005142551,0.07440532,0.21030237,0.40901068,0.14759506,0.067473106,0.03939354,0.015289187,0.0086424835,0.0075986427,0.004895651,0.0013814402,0.0011987141,0.0023711035,0.0048525846,8.855667e-07,0.00022524524,6.950826e-05,1.1490628e-08
6.020101e-05,7.595366e-05,0.00034295046,0.007965834,0.0056297155,0.036332734,0.12891066,0.20411232,0.16495009,0.09116559,0.054500286,0.06832016,0.035320666,0.017762756,0.027101234,0.059701487,0.09469677,0.00034273235,0.0026536614,4.5488676e-05,8.705784e-06
4.5714673e-06,2.6011344e-06,2.6501789e-06,0.0001395102,5.2235264e-05,0.0011146944,0.011471011,0.04713823,0.08545819,0.05098324,0.049083203,0.0925978,0.1533804,0.07937205,0.06873018,0.07742632,0.25172225,0.020137316,0.010647581,0.00013338118,0.00040265438
1.2135231e-06,1.3117193e-05,0.0015606092,0.03718964,0.09919943,0.2467137,0.12045361,0.068168834,0.051116463,0.10229405,0.09067801,0.050038587,0.110686205,0.0020234378,0.0028726466,0.004000024,0.011703782,1.5859417e-06,0.0012779499,7.067494e-06,3.4014642e-09
1.6727467e-06,2.5182406e-05,0.004888544,0.0865431,0.2350272,0.40138194,0.09865714,0.049275193,0.03076392,0.033214264,0.027767995,0.009355178,0.01959284,0.00017185186,0.00035236333,0.00080862566,0.002000014,4.43871e-08,0.00017259426,3.9955782e-07,1.7392335e-10
5.276094e-06,1.6080201e-05,0.0003719427,0.0163884,0.04870915,0.2985638,0.24996112,0.16922003,0.07813235,0.037128724,0.016379438,0.020306937,0.009323524,0.007244893,0.015296349,0.0045909765,0.02759864,5.1753823e-06,0.00047829925,0.00027884266,2.1382785e-08
7.953097e-06,2.5748284e-05,0.0003119149,0.009322817,0.026709568,0.08500427,0.10395818,0.04438424,0.060905505,0.08168044,0.075203575,0.16539331,0.0656796,0.07035887,0.05076985,0.01673145,0.071461916,0.00032551942,0.016925659,0.054838,1.563069e-06
1.4263364e-05,1.5115715e-05,1.8580382e-05,0.0009322399,0.00019290326,0.0024686237,0.029571893,0.08641868,0.15578045,0.15335892,0.090198316,0.1294848,0.09149747,0.030873563,0.061840076,0.06262951,0.07880822,0.000762521,0.025072545,2.960299e-06,5.836938e-05
2.4338496e-07,1.3967782e-06,5.8761685e-05,0.0032233805,0.010037009,0.067150496,0.07713704,0.0437495,0.042982154,0.14023724,0.11904191,0.13818161,0.23572278,0.013336283,0.05652639,0.0049012317,0.041105393,5.3741423e-05,0.006170774,0.0003826722,4.0501735e-08
3.903165e-06,3.1601998e-05,0.0023045477,0.036147255,0.07641009,0.16375981,0.106978774,0.08752813,0.05641065,0.12523142,0.1124868,0.06572308,0.13122725,0.0038693098,0.0036456415,0.008605597,0.017697304,6.2062263e-06,0.0019266091,5.931767e-06,2.6876176e-08
7.626208e-05,0.00022213595,0.0017858525,0.04626165,0.031974662,0.15299392,0.20774823,0.19153605,0.1328689,0.10102763,0.038653225,0.031363804,0.014746231,0.0030573437,0.016099641,0.012254586,0.015326255,4.8098877e-06,0.0019959032,2.6663581e-06,2.201093e-07
3.681212e-05,0.00020827846,0.007882685,0.07662478,0.11103933,0.27757928,0.12461185,0.08170338,0.051323105,0.0443505,0.036530197,0.042169042,0.090121396,0.009452833,0.0037322796,0.021237617,0.019140562,5.685581e-05,0.0020409306,0.00015791738,3.914356e-07
1.4386002e-05,4.237388e-05,0.00092531135,0.028563283,0.06602852,0.28896177,0.24158253,0.18518455,0.07871707,0.035827767,0.015170323,0.0155720245,0.0071195206,0.003989802,0.009001874,0.0054576145,0.017444506,3.0976523e-06,0.0003457417,4.788959e-05,2.8004578e-08
2.2813678e-05,6.571457e-05,0.0014020506,0.037704207,0.065354854,0.29214475,0.23493761,0.20927104,0.080999784,0.02766083,0.010669456,0.011261319,0.0046122028,0.0018449241,0.003935262,0.006333609,0.011593219,1.8587237e-06,0.00017507415,9.383854e-06,1.954414e-08
8.281891e-06,6.8314475e-06,6.450514e-06,0.00022025924,7.660416e-05,0.0012113733,0.011834522,0.03622975,0.059478335,0.07475159,0.060541797,0.11051499,0.18330759,0.07238295,0.18477555,0.044498604,0.10552352,0.011390261,0.042427182,9.017147e-05,0.0007234037
9.660367e-06,5.019178e-05,0.0018806299,0.042610392,0.110334545,0.23098074,0.16018061,0.05167573,0.06519882,0.0613319,0.05127977,0.085470214,0.050277106,0.024616394,0.0061720107,0.01684954,0.03034261,2.5490983e-05,0.004898882,0.0058147125,1.297736e-07
2.8257164e-05,0.00012779921,0.0035610541,0.05579544,0.1432722,0.26645616,0.1618695,0.0623267,0.064987026,0.051116437,0.0398498,0.053911924,0.033589404,0.015217421,0.00645664,0.012078152,0.022787051,2.2687713e-05,0.0037677174,0.0027783802,2.4761258e-07
1.9077692e-05,0.00061282475,0.08921968,0.4036403,0.30280402,0.17867218,0.013474319,0.006672414,0.0034353163,0.00046020932,0.000568941,8.937677e-05,0.00019720157,1.0536822e-06,1.751758e-07,0.00010415227,2.7442497e-05,7.429951e-11,1.3183043e-06,6.039232e-10,2.0541004e-12
0.00011689662,0.0019973211,0.15875265,0.389269,0.28344068,0.12503825,0.017622689,0.012765199,0.0061202454,0.0011472964,0.0017682327,0.00040786536,0.0006748636,1.341145e-05,7.6118397e-07,0.00072858855,0.00012717271,3.2466432e-09,9.014358e-06,4.4359427e-09,1.7561383e-10
5.5225655e-06,5.4821808e-06,1.3379829e-05,0.00076135196,0.00055752025,0.010223493,0.05490831,0.10985833,0.13109477,0.06706092,0.045552447,0.07878525,0.067255594,0.063027695,0.096033245,0.046113133,0.21974845,0.0017222544,0.006897926,0.00035584514,1.9061983e-05
2.314889e-07,4.0211646e-07,6.053386e-07,3.7799673e-05,4.3359698e-05,0.0010067814,0.0063205613,0.0077776555,0.010683074,0.050179496,0.062018156,0.17283522,0.12311259,0.079687476,0.12561128,0.02687241,0.12784086,0.14448224,0.040011913,0.021432362,4.547031e-05
1.842254e-06,8.0261674e-07,3.248164e-07,2.1387617e-05,3.9222373e-06,0.00010136003,0.0023270783,0.014352349,0.05599579,0.048362307,0.061887633,0.10303755,0.24639736,0.09327069,0.116925195,0.06177797,0.113321446,0.047262006,0.03139252,1.8421038e-05,0.003542004
7.246764e-07,1.3004538e-06,3.219354e-06,0.00028191612,0.00027244078,0.0072297417,0.022459356,0.024435125,0.024051584,0.03856112,0.024421066,0.06833719,0.061217863,0.060940623,0.5805146,0.009728736,0.04959212,0.002170077,0.024263125,0.0015085177,9.509176e-06
0.018760558,0.1363123,0.4576853,0.2630622,0.072743505,0.037071113,0.0061172238,0.004244375,0.0021324246,0.00029761976,0.00091647333,7.440039e-05,7.929464e-05,3.0232877e-06,7.079853e-08,0.00047075402,2.2983328e-05,8.9067975e-10,6.3916746e-06,7.022897e-11,7.2792977e-10
1.8786006e-05,0.00010100004,0.0043899943,0.069949985,0.20756505,0.38050976,0.1505885,0.061166443,0.045158394,0.023483872,0.015483772,0.015162943,0.010032318,0.0027422514,0.0019328054,0.0034649144,0.0074582724,1.7795404e-06,0.0005846118,0.00020452462,2.0053335e-08
1.138888e-05,2.0280677e-05,0.000115679206,0.00288658,0.0065867086,0.031443674,0.06182545,0.043846603,0.042056676,0.055253908,0.049574085,0.12799135,0.052797016,0.14042418,0.061013956,0.03296854,0.14978743,0.0035960714,0.012331102,0.12545556,1.3769971e-05
2.7710882e-06,2.8044953e-05,0.0034435585,0.067821436,0.16758463,0.5253187,0.10585006,0.048648283,0.029397843,0.014001608,0.009790012,0.007229879,0.015658008,0.0004916364,0.0007671058,0.0013053862,0.0024807684,2.8669442e-07,0.0001727008,7.256725e-06,9.617732e-10
6.235614e-06,5.8974865e-06,2.3058226e-06,7.546594e-05,2.0631005e-05,0.0003761868,0.004271134,0.012598433,0.03079173,0.046678517,0.044843208,0.08245834,0.15112,0.089812994,0.1812782,0.051703144,0.06799904,0.041282542,0.19070703,0.00028474003,0.0036842006
0.00010925813,9.2545066e-05,6.178421e-05,0.0009541417,0.00024989052,0.0016525137,0.013797999,0.040289305,0.08943815,0.1035329,0.097272195,0.1307678,0.13071094,0.06525742,0.098015174,0.06242343,0.06988538,0.013321712,0.07886419,5.7898807e-05,0.0032453458
3.1710024e-05,0.00010993354,0.0016186292,0.025736483,0.05639701,0.11686777,0.119873665,0.050498534,0.06674289,0.07720598,0.06984903,0.13328722,0.071607456,0.06531025,0.017654767,0.032641083,0.056651127,0.00025749416,0.01558567,0.022070566,2.7464087e-06
8.547759e-05,0.00023328426,0.002231699,0.024610965,0.03960791,0.071313396,0.099127896,0.059592478,0.06916658,0.08435259,0.07556491,0.13343482,0.07468589,0.08993005,0.018232282,0.06362196,0.06739547,0.0005276397,0.019682787,0.0065877927,1.4075955e-05
1.4203104e-06,2.527774e-06,1.3997053e-05,0.00073399046,0.0011100675,0.015545395,0.043664012,0.056143053,0.040333476,0.08780642,0.06353062,0.11521913,0.121146664,0.05287541,0.2489125,0.01376224,0.12566704,0.001926652,0.01037973,0.0012204212,5.2521405e-06
1.2451101e-05,2.0106512e-05,0.00013563066,0.004671089,0.009742168,0.07661135,0.13845858,0.146381,0.09177033,0.06757964,0.043922544,0.06422907,0.037180305,0.053139266,0.091587275,0.021182226,0.14634994,0.0004042524,0.0036527961,0.002967381,2.6149753e-06
6.383159e-07,8.73189e-06,0.00206249,0.057932694,0.17179391,0.6029851,0.086641446,0.032331243,0.019203123,0.00768942,0.0050492687,0.00363868,0.008465496,0.0001813179,0.00027460867,0.0005278486,0.0011551119,4.3945203e-08,5.5764183e-05,3.093515e-06,6.713677e-11
1.9353749e-05,5.9304246e-05,0.00080958754,0.017715488,0.051092718,0.14413092,0.14302,0.06673263,0.07026976,0.0732939,0.059214566,0.11440465,0.051417332,0.054043446,0.03259383,0.018156532,0.06459867,0.00022856794,0.00944428,0.028752917,1.5323769e-06
7.109877e-06,0.00024868824,0.040234856,0.3322497,0.30928716,0.29188955,0.014967115,0.0066424627,0.0035892413,0.0003499198,0.00032610144,5.0257513e-05,9.756257e-05,3.5192932e-07,1.6539016e-07,4.4573866e-05,1.4711958e-05,1.2480159e-11,4.5030566e-07,1.983203e-10,2.34076e-13
0.004621051,0.060923874,0.4249235,0.3546161,0.09838057,0.046175495,0.0052576894,0.002744042,0.0015511743,0.00014918095,0.0004495632,2.821039e-05,3.6199024e-05,4.4228258e-07,1.3394937e-08,0.00013318282,8.350029e-06,4.5221e-11,1.3408677e-06,9.3964645e-12,2.1197443e-11
5.401816e-05,9.291915e-05,0.00033185194,0.008689424,0.005157304,0.03846819,0.11418581,0.15302841,0.12736453,0.13674186,0.06521639,0.07782913,0.0565911,0.021723988,0.097345665,0.030183941,0.05594425,0.00024303563,0.010750718,4.5320885e-05,1.2108787e-05
1.0663629e-05,0.00016836356,0.032194976,0.21959902,0.31337884,0.31726244,0.051386725,0.0267649,0.014815926,0.005867103,0.005934391,0.0028242243,0.0068955263,0.00015342035,2.4942403e-05,0.0017358272,0.0009244855,6.370665e-08,5.7633784e-05,4.9484913e-07,5.3858085e-10
4.8425807e-07,8.600261e-07,1.1832681e-06,4.7812227e-05,7.619009e-05,0.00096579816,0.0042824205,0.002501726,0.006519803,0.0161355,0.022450896,0.06314004,0.017392509,0.05546422,0.017672839,0.01868592,0.044148806,0.046401195,0.0148969395,0.66919786,1.7018461e-05
4.3530605e-07,6.5408153e-07,9.050487e-07,4.9149752e-05,5.129301e-05,0.001091339,0.0067681116,0.010013103,0.01244734,0.051397104,0.05932576,0.1545124,0.13332048,0.08185063,0.15107802,0.02869156,0.13907675,0.1209569,0.038504206,0.010781859,8.2052495e-05
3.546525e-06,1.9096966e-05,0.00080055255,0.01971307,0.041896798,0.25850004,0.14825302,0.0773719,0.04969904,0.055044353,0.039644286,0.0771173,0.143757,0.019280368,0.015266005,0.016734427,0.03338062,0.00014386706,0.002377936,0.0009966036,1.4405967e-07
1.22119445e-05,0.00033793043,0.0777693,0.34999308,0.34568933,0.1890873,0.018795203,0.010050604,0.0049545406,0.000955521,0.001160538,0.0002663818,0.000602103,5.141045e-06,6.4972136e-07,0.0002371411,7.932853e-05,5.8733735e-10,3.6853266e-06,4.085913e-09,1.0335151e-11
1.4058127e-05,0.00017767215,0.015506893,0.1549778,0.28516695,0.36368158,0.0734211,0.04682172,0.024131438,0.015471903,0.010997584,0.0030378487,0.004763197,6.3751206e-05,0.00013536167,0.00059564644,0.000966452,2.446762e-08,6.8873196e-05,1.3264386e-07,3.6976378e-10
1.9528934e-05,3.502546e-05,0.0001467479,0.0067306366,0.003136542,0.030027246,0.11949371,0.17432871,0.15455014,0.15742955,0.06664193,0.07895694,0.044476558,0.013805018,0.066925734,0.029005816,0.04789613,6.039685e-05,0.0063258517,5.6399954e-06,2.1785133e-06
3.9119295e-06,5.436146e-06,1.7382052e-05,0.0018186856,0.0006868608,0.012452402,0.09326325,0.15567906,0.21250416,0.123142965,0.053387143,0.08738248,0.039820183,0.022826634,0.07784001,0.037287,0.075698815,7.5602075e-05,0.0061003477,6.0293046e-06,1.6373657e-06
0.00019598079,0.003561707,0.18770234,0.41787648,0.25168604,0.10853007,0.0138793355,0.009028908,0.004579131,0.0007121132,0.0012044722,0.00020962089,0.00033896093,5.000465e-06,3.3344907e-07,0.00041800117,6.610488e-05,1.0617751e-09,5.381082e-06,1.4562933e-09,8.350895e-11
2.114673e-07,5.736842e-07,4.320341e-06,0.00026749758,0.0005572535,0.008414032,0.024685772,0.019590437,0.018621631,0.087359525,0.08365521,0.20062934,0.180771,0.05956791,0.16937737,0.010568274,0.10839341,0.005422666,0.014387194,0.0077242353,2.141238e-06
0.0044198018,0.05113958,0.41890225,0.35338762,0.10915627,0.04892116,0.0065902635,0.004065698,0.0020840396,0.00024046618,0.00068562606,5.4235104e-05,6.5636246e-05,1.2740893e-06,3.356679e-08,0.0002673177,1.6085653e-05,1.817583e-10,2.6612863e-06,3.0911745e-11,7.917385e-11
2.2174604e-06,2.1093192e-06,3.6558138e-06,0.00024466548,0.00022663407,0.0045563686,0.026091423,0.05209278,0.07262615,0.051432606,0.043653823,0.08296338,0.08046558,0.10291421,0.17617221,0.032449044,0.2539822,0.0044935704,0.013590777,0.001998881,3.7764486e-05
0.0156298,0.066000134,0.31588832,0.31316206,0.14776209,0.059087936,0.026756125,0.020241814,0.012367418,0.003605229,0.009349949,0.0018376,0.0009565865,0.00024045509,6.809285e-06,0.0063437796,0.0005610685,1.70774e-07,0.00020255185,4.42389e-08,1.12684134e-07
0.00010576831,0.000113547205,0.00022226862,0.0051637082,0.0014080865,0.0080348505,0.05328267,0.13120414,0.18090245,0.14856897,0.105732344,0.123335764,0.047755077,0.016261129,0.020120654,0.076850444,0.07171606,0.0005897573,0.008586588,2.5290515e-06,4.318292e-05
0.0047612055,0.070365004,0.42866468,0.35733542,0.08833364,0.042809967,0.004197104,0.0018983738,0.0011233328,9.3327384e-05,0.00030622387,1.528174e-05,1.9344992e-05,1.6006192e-07,5.081632e-09,7.200188e-05,4.218375e-06,1.0726041e-11,6.495597e-07,2.316994e-12,5.268695e-12
2.1262449e-07,1.1397369e-07,1.1416379e-08,1.2518739e-06,1.2063742e-07,1.0510359e-05,0.0002407134,0.0010240773,0.0065839035,0.015403626,0.018036058,0.026756182,0.087932795,0.08669812,0.08329075,0.25061554,0.038532685,0.27250102,0.10338572,0.0001584665,0.008828081
3.72543e-05,6.210995e-05,0.00022790118,0.007176312,0.0038161955,0.031302404,0.11015885,0.1590912,0.13644359,0.14589481,0.06817348,0.08154814,0.054857947,0.018996717,0.08553142,0.031842493,0.05594068,0.00017143745,0.008699701,1.9614157e-05,7.702955e-06
2.2466404e-06,3.1050076e-05,0.0047722794,0.07832191,0.20531875,0.3386164,0.10473209,0.0536169,0.03917462,0.054100737,0.052783612,0.019714957,0.041461214,0.00046181784,0.0006861191,0.0016543184,0.0040342524,1.9124089e-07,0.0005151558,1.371446e-06,7.776931e-10
0.05260834,0.3657222,0.40333474,0.13621925,0.024370108,0.01444137,0.0016550951,0.00084906054,0.00047892908,4.3978544e-05,0.00019152513,7.190015e-06,7.2996136e-06,1.5766324e-07,2.493794e-09,6.806874e-05,1.9825413e-06,1.5972109e-11,7.195561e-07,6.1530983e-13,2.8990242e-11
2.7790152e-06,1.5892801e-05,0.0009419704,0.034174778,0.08163855,0.5432662,0.16791585,0.09403589,0.037281793,0.016157398,0.005774433,0.005152329,0.005490358,0.00049125456,0.0042041596,0.0009867596,0.0023638916,1.7067276e-07,0.00010331603,2.2873296e-06,9.023608e-10
1.8677651e-06,8.5607996e-07,8.314311e-08,2.9233192e-06,2.2767887e-07,1.0920829e-05,0.00017446975,0.0006154871,0.0041365596,0.012157272,0.012008457,0.018606992,0.04884646,0.0742832,0.05830193,0.43462336,0.008054771,0.19001119,0.05031452,3.5522342e-05,0.08781297
1.8005816e-05,6.121467e-05,0.001516213,0.04634122,0.07957997,0.31691495,0.23939341,0.1697681,0.07557726,0.029808912,0.010601764,0.009928457,0.003582987,0.001239982,0.0042361943,0.003990147,0.0072644027,5.366088e-07,0.00017210371,4.1063086e-06,7.143231e-09
2.1141322e-07,8.3795925e-08,1.2500324e-08,1.6004221e-06,1.4358459e-07,1.0263495e-05,0.00044837248,0.0031767017,0.019640297,0.026906945,0.030301375,0.057465643,0.21438058,0.13294731,0.18226376,0.11952706,0.056879543,0.08753554,0.055637028,8.852615e-06,0.012868684
2.2608756e-06,5.5837296e-05,0.01904492,0.19046411,0.34366965,0.38912895,0.03162277,0.014000194,0.0074594547,0.0015487398,0.0012828953,0.00039386886,0.0010313919,8.59413e-06,4.4027292e-06,0.00014944488,0.00012775022,8.8678825e-10,4.6805167e-06,2.8709769e-08,6.022386e-12
2.9994885e-06,4.136266e-05,0.0066153053,0.09756166,0.2401482,0.3755264,0.098314926,0.055492025,0.032073807,0.0341977,0.028362349,0.009376182,0.018470403,0.00018333078,0.00034759357,0.0009783559,0.0021349152,6.227603e-08,0.00017201845,3.306845e-07,3.2928799e-10
0.0001597242,0.0036769356,0.18026082,0.45545954,0.23619512,0.102253474,0.011014498,0.0061570387,0.0033043271,0.0004140189,0.0006984531,8.6835105e-05,0.00014024644,1.0498294e-06,9.910787e-08,0.00015094307,2.5061896e-05,1.15437396e-10,1.8310992e-06,1.8677786e-10,9.883225e-12
2.6316402e-05,0.0006185152,0.09670565,0.3630826,0.33608213,0.16451684,0.018915772,0.010271015,0.0055215163,0.0011241661,0.0015431222,0.00036950278,0.000744431,8.2807055e-06,8.887472e-07,0.00035228592,0.00010977274,1.4575228e-09,7.256514e-06,8.555552e-09,3.7615057e-11
2.3813152e-05,0.00011508015,0.0036839892,0.058674376,0.17760473,0.36011663,0.15893003,0.061506238,0.052297622,0.031525474,0.02192308,0.02611685,0.01670894,0.006221213,0.0040492243,0.0052639847,0.012448909,7.3299007e-06,0.0014639216,0.0013184802,7.23332e-08
6.8078753e-06,2.920679e-06,4.1397735e-07,1.0425773e-05,9.246166e-07,2.6595382e-05,0.00043504257,0.001563992,0.008925654,0.018717153,0.018543558,0.028750852,0.07877348,0.10204764,0.106876016,0.29378054,0.0123383915,0.11858995,0.052111335,2.6305095e-05,0.15847199
2.2221864e-05,0.00012473429,0.005331773,0.07777325,0.22309192,0.39110428,0.13924669,0.053811952,0.04085399,0.020246727,0.013525537,0.0127051165,0.008787075,0.002178574,0.0015809201,0.0029735884,0.0059019905,1.4602077e-06,0.00055136683,0.00018680083,1.9102798e-08
2.965261e-05,6.20295e-05,0.0004714141,0.007911712,0.015879834,0.048346274,0.07805865,0.052287575,0.05071398,0.07035462,0.057237342,0.13936462,0.06592994,0.15024133,0.03886637,0.050600138,0.11372828,0.0019047933,0.015756767,0.0422359,1.8758525e-05
9.665703e-06,0.000108386324,0.010887003,0.12743992,0.24173257,0.47885114,0.07076459,0.03607357,0.01914761,0.0056345505,0.0035800987,0.0016007785,0.0028039361,6.87956e-05,0.00012292489,0.0004989572,0.0006378309,2.5940318e-08,3.720951e-05,4.8570257e-07,3.160721e-10
5.5571472e-06,1.6529255e-05,0.0001446108,0.008739478,0.008364589,0.08110671,0.16337837,0.14220913,0.107750885,0.15374899,0.062794626,0.051051334,0.039984707,0.00894159,0.13060306,0.006711967,0.027549747,9.195372e-06,0.0068768435,1.190361e-05,1.6499156e-07
0.00018474096,0.003684687,0.19939446,0.4333647,0.24084175,0.09714578,0.011897877,0.0074706725,0.0037675153,0.00053832436,0.00097364315,0.0001469106,0.0002317425,2.8107413e-06,1.6464311e-07,0.0003077836,4.306003e-05,4.172261e-10,3.33864e-06,4.853349e-10,3.502635e-11
1.6411914e-05,0.000480538,0.08942692,0.38030604,0.32842588,0.17094891,0.01572998,0.008039942,0.00416975,0.0007015809,0.00092511,0.00018445164,0.00039970738,3.03444e-06,3.644439e-07,0.00018420772,5.4194632e-05,2.977758e-10,2.9006733e-06,2.269685e-09,6.766215e-12
1.5023306e-07,4.5765108e-07,5.1864868e-06,0.0002919719,0.0005851778,0.006840365,0.019655202,0.015727153,0.016129987,0.099703215,0.091715865,0.21023,0.24828728,0.05674373,0.11962371,0.011779349,0.08336226,0.0024613868,0.014693547,0.0021625475,1.4160471e-06
1.4068408e-05,2.8579567e-05,0.0002729509,0.0105848545,0.019293334,0.14536351,0.21932809,0.20894067,0.10835927,0.06143677,0.02903836,0.0357852,0.018078845,0.017956425,0.04975221,0.012319272,0.061519973,3.9283943e-05,0.0015968643,0.0002911766,3.5635546e-07
1.7315222e-05,0.0005092686,0.08070767,0.37670755,0.31787536,0.19361064,0.016167121,0.008138714,0.004175104,0.000651843,0.0007733168,0.00014526195,0.00032430192,2.1951987e-06,3.9338906e-07,0.00014613489,4.5589346e-05,2.1617959e-10,2.2804525e-06,1.9691984e-09,5.155321e-12
8.404991e-06,0.00019201226,0.047025826,0.2636846,0.36806074,0.26497647,0.028005764,0.014214836,0.0075601325,0.0018289922,0.0018886619,0.000576241,0.0014170004,1.5901434e-05,3.392427e-06,0.00034584993,0.00018577573,3.0737195e-09,9.433112e-06,3.9098428e-08,3.83436e-11
0.0012439308,0.0061853197,0.115795165,0.30705467,0.24788149,0.11148524,0.060862485,0.043513726,0.03351267,0.0130521655,0.019561037,0.009746532,0.0049097897,0.001586054,6.0412294e-05,0.019868223,0.0029616584,1.0868469e-06,0.00071609725,2.0815337e-06,2.1640241e-07
4.1848496e-05,4.6393197e-05,0.00016996173,0.00429428,0.0032797006,0.027200263,0.10283241,0.18075362,0.15132147,0.082230456,0.053237416,0.069865264,0.047186684,0.029766096,0.04046514,0.06124704,0.14141351,0.0008538078,0.0036393693,0.00013750604,1.7784336e-05
5.254754e-07,7.053573e-07,9.101663e-07,4.70977e-05,4.6815487e-05,0.0010954741,0.0067189327,0.010728197,0.0130195385,0.048103984,0.054691184,0.14218214,0.12802275,0.08316074,0.13150497,0.03429145,0.15238649,0.15030245,0.032023404,0.011567965,0.000104274346
3.1477353e-05,6.322525e-05,0.000701714,0.020631937,0.025744475,0.1474848,0.23370418,0.24293979,0.12883279,0.058056157,0.025370954,0.028795328,0.01227397,0.0064737787,0.015933683,0.016771242,0.035374735,1.706534e-05,0.00076814985,3.0357683e-05,2.5476066e-07
6.0675735e-05,0.000114382536,0.0011480667,0.02486774,0.0247792,0.11994129,0.20349745,0.2730049,0.13755502,0.056274943,0.029505394,0.033463344,0.013207756,0.005246127,0.007699517,0.029507622,0.039492294,3.2208754e-05,0.00058808626,1.348461e-05,5.0012034e-07
0.015478423,0.1533341,0.46823186,0.26475835,0.059516653,0.031386796,0.0036570535,0.0019161132,0.0010791137,0.00010451367,0.00036917318,1.877055e-05,2.1927968e-05,3.4772577e-07,8.296833e-09,0.00011998537,5.4521174e-06,4.012266e-11,1.2897237e-06,4.065781e-12,3.4691555e-11
1.0143552e-05,8.866748e-06,2.238653e-05,0.0010948211,0.00043487677,0.0059564016,0.049722567,0.13472274,0.18527485,0.097381964,0.06536042,0.09266056,0.070088245,0.026509294,0.036872674,0.074245274,0.15409955,0.0009729261,0.004527312,1.2937154e-05,2.1218197e-05
4.994672e-06,9.78052e-06,0.00012815959,0.010015099,0.0073108966,0.07383619,0.2281207,0.29316208,0.183162,0.07144297,0.02579861,0.032568105,0.008797337,0.003181739,0.0093637295,0.02066943,0.032113113,2.9662353e-06,0.00031112338,9.055778e-07,2.3734973e-08
2.1306547e-05,4.912618e-05,0.00064838026,0.019564122,0.037707098,0.20930015,0.23617332,0.21829095,0.09766935,0.047335777,0.021550884,0.024280699,0.011792117,0.008661978,0.018915497,0.01047996,0.036684316,1.679175e-05,0.0007295288,0.00012853168,1.6395776e-07
0.00020809157,0.0031235942,0.17783095,0.38989335,0.26865134,0.11627142,0.01806021,0.013562552,0.0067021805,0.001305379,0.0020728367,0.00048161385,0.0007556229,1.7300948e-05,1.0541636e-06,0.0008960451,0.00015308581,5.870108e-09,1.3358432e-05,6.5414256e-09,4.2688206e-10
4.8462658e-05,0.0012746414,0.13100252,0.42564943,0.28258437,0.13403256,0.012783422,0.0071707987,0.0036414268,0.00051631074,0.00073693163,0.000119025506,0.00022566692,1.7420145e-06,1.7640832e-07,0.00017439104,3.599921e-05,1.7720526e-10,2.0931284e-06,6.3087335e-10,7.65901e-12
2.3304314e-05,0.00068411237,0.10676603,0.40529227,0.30895072,0.15160094,0.013768882,0.0072759376,0.0036868579,0.0005594529,0.0007681841,0.00013585736,0.00027995702,2.0102557e-06,2.0953618e-07,0.00016337163,3.9857936e-05,1.7371382e-10,2.091077e-06,9.334484e-10,4.9788424e-12
0.0020930981,0.010458371,0.15392126,0.3231806,0.24377649,0.10158216,0.051732495,0.037617467,0.026588032,0.009100788,0.014814607,0.005857382,0.003031204,0.0008438725,3.4200002e-05,0.012987278,0.00192732,6.005665e-07,0.00045174954,8.076251e-07,1.621603e-07
1.8499657e-05,0.00010893726,0.004827195,0.06256878,0.13666163,0.4908619,0.12790269,0.07791679,0.036993288,0.016884163,0.01000004,0.008550983,0.015314557,0.0012235275,0.0028155101,0.0025242826,0.0044522043,2.8170907e-06,0.00034572612,2.6462314e-05,2.2560313e-08
6.7453175e-06,2.8427135e-05,0.0011904793,0.048824158,0.08311808,0.36453304,0.22372161,0.18103348,0.06308119,0.015992932,0.005056698,0.004739685,0.0013875079,0.0003165398,0.0008099957,0.0025532823,0.0035785853,6.414746e-08,2.7060873e-05,3.7217674e-07,4.156525e-10
6.059238e-06,7.2348826e-06,3.6497981e-06,0.00012826483,4.3777345e-05,0.0006928736,0.006828484,0.015934097,0.035313573,0.053629704,0.046293106,0.08258732,0.1224913,0.08187815,0.22334753,0.034744427,0.061151933,0.016958686,0.21634987,0.00033971944,0.001270292
3.0390192e-05,0.00012682867,0.0029651963,0.044880368,0.08528258,0.15502873,0.14025907,0.05895182,0.06979971,0.07120101,0.060293857,0.100886926,0.06302042,0.044699546,0.0069629746,0.039237507,0.043262266,8.52584e-05,0.008440471,0.0045841583,9.4837617e-07
7.882907e-06,9.562527e-06,1.2039684e-05,0.0006503117,0.00018820155,0.003059094,0.029027747,0.07014432,0.11114003,0.12395429,0.07086397,0.11010401,0.11360094,0.044833582,0.16829063,0.037724633,0.07039991,0.0010128183,0.044891372,1.7249571e-05,6.743875e-05
1.8666959e-05,5.9532482e-05,0.0010662812,0.024362134,0.080362774,0.2481899,0.19075945,0.094836935,0.0726218,0.054528438,0.03685581,0.059021343,0.027588274,0.023943411,0.020952499,0.0100463005,0.043665923,6.1861734e-05,0.0029866607,0.008071709,3.718019e-07
7.179902e-07,5.7444504e-06,0.00048302877,0.020563481,0.071303196,0.34442163,0.17064653,0.08207212,0.058595903,0.084425986,0.051625166,0.033009805,0.05638439,0.0016836408,0.012419143,0.0015502211,0.009686693,9.33691e-07,0.0011024124,1.9245748e-05,1.932789e-09
0.0003395277,0.00763045,0.24573186,0.4621125,0.19302692,0.076618575,0.0074760485,0.0040042778,0.0021794979,0.0002081919,0.00045076688,4.012319e-05,6.307955e-05,4.337027e-07,2.3688047e-08,0.00010527509,1.1544551e-05,3.0332063e-11,9.371258e-07,2.9391777e-11,4.434128e-12
0.00021829667,0.00014692327,0.00011135615,0.0010321179,0.00042869902,0.0025763703,0.012712871,0.035995007,0.05563579,0.06189421,0.066295095,0.10163575,0.15539472,0.09511711,0.098404,0.099261984,0.098078825,0.06345184,0.03977702,0.00046322925,0.0113687785
1.5252306e-05,1.3664675e-05,3.3153665e-05,0.00142495,0.00054245547,0.006288644,0.05089274,0.13079874,0.18699588,0.10466936,0.071924515,0.099447854,0.06731874,0.02494509,0.035114538,0.075434774,0.1379938,0.00097919,0.0051291427,1.1617936e-05,2.5800899e-05
2.3172677e-05,0.00014343463,0.0069792913,0.09468146,0.2349412,0.35910544,0.13191593,0.04545392,0.041214205,0.022713324,0.016969273,0.01677739,0.012324188,0.0030059053,0.0011382743,0.0047725905,0.0067234733,1.9227346e-06,0.00083350076,0.0002820268,2.429148e-08
0.0026311986,0.010779351,0.1413184,0.30445603,0.22626486,0.09867247,0.057414073,0.047749035,0.033122625,0.012709299,0.020531168,0.009424614,0.0045259716,0.0019129383,5.8871923e-05,0.024642881,0.0029861743,1.6266595e-06,0.00079646456,1.5023626e-06,4.6282358e-07
4.2025604e-05,0.0002053918,0.007363389,0.085015945,0.22263207,0.3569437,0.14440271,0.06872049,0.04432397,0.02103061,0.013531694,0.01193217,0.008172256,0.0024719909,0.0015455469,0.004039916,0.007002775,2.1297305e-06,0.00050281995,0.00011836249,4.0432337e-08
3.5708936e-06,1.991106e-06,1.3355066e-06,8.052872e-05,1.47633455e-05,0.0002918161,0.005983639,0.028072286,0.09857608,0.07822205,0.08310104,0.13066426,0.1920398,0.06670632,0.10131848,0.053756744,0.11021949,0.013255113,0.03676373,1.0071241e-05,0.00091692054
4.1994055e-05,0.00017351101,0.0043815207,0.05583769,0.07660725,0.12055925,0.12756547,0.06886208,0.07094979,0.07422334,0.06163245,0.09553588,0.06277336,0.04899106,0.0035679066,0.07925441,0.0417329,6.51996e-05,0.0065149143,0.000728848,1.1628449e-06
2.655216e-05,9.366893e-05,0.0018719338,0.033624332,0.09559937,0.22054458,0.17324573,0.08555489,0.07693531,0.06507337,0.0473154,0.067348,0.036978412,0.022850245,0.016076665,0.013142863,0.03633232,4.5267218e-05,0.0044022356,0.002938388,4.873514e-07
1.2872566e-06,1.668171e-06,3.9539354e-06,0.00016643603,0.00031172033,0.004276407,0.015303434,0.013342754,0.01810148,0.031392455,0.03677026,0.10173279,0.043766815,0.12094545,0.04597519,0.033156693,0.15989771,0.035792746,0.0090235025,0.33001658,2.06397e-05
8.429612e-06,4.5957145e-06,1.1948255e-06,3.7234036e-05,4.9834603e-06,9.536378e-05,0.0018161016,0.008259985,0.03339004,0.043647226,0.045186833,0.07554823,0.17558034,0.12891778,0.16584082,0.09872295,0.037865505,0.06262443,0.08982103,2.8102642e-05,0.032598756
3.2266978e-06,3.374874e-05,0.0041960347,0.080126874,0.1541296,0.431989,0.115719065,0.048387755,0.035394624,0.024625465,0.020731172,0.019889241,0.04956433,0.0019189845,0.0008982407,0.0053378027,0.006517831,1.9395254e-06,0.0005023368,3.2717948e-05,3.9738355e-09
0.06315778,0.18415634,0.36596617,0.21952344,0.07759982,0.037916567,0.016595758,0.013301281,0.007076775,0.0020469099,0.0061568054,0.0009148037,0.000478632,0.00013879537,3.631048e-06,0.004533518,0.00029249678,1.3776247e-07,0.00014015609,1.06118e-08,1.6297066e-07
7.978909e-06,1.4301406e-05,9.414476e-05,0.004886776,0.008545339,0.08041045,0.16204429,0.15011534,0.10337676,0.07748161,0.042467996,0.057802495,0.029426694,0.0361826,0.13627413,0.013282826,0.09239204,0.00010642051,0.004299818,0.0007870434,9.346665e-07
3.5052417e-05,5.6787678e-05,0.00017032528,0.0060159964,0.0026820572,0.024026612,0.09758858,0.14942075,0.14517562,0.15055701,0.07044035,0.08749036,0.05683878,0.020353513,0.08672093,0.035043772,0.05601884,0.00018061421,0.011159303,1.5229003e-05,9.5211e-06
0.00017228397,0.00021344656,0.00038563416,0.0060004634,0.0025418405,0.015029355,0.06380037,0.11448141,0.12709187,0.12932745,0.0781868,0.10338975,0.08198095,0.034942508,0.077364564,0.06602639,0.07671972,0.0017773082,0.020288981,6.926959e-05,0.00020957111
7.934804e-06,1.593966e-05,0.00016965148,0.010227573,0.010970191,0.10332434,0.23777825,0.24331057,0.1506992,0.07218859,0.027694317,0.035046168,0.0129824495,0.008164473,0.030187106,0.014808137,0.041460913,9.482211e-06,0.000937857,1.6724625e-05,9.665357e-08
1.3387998e-05,3.4237397e-05,0.0005907323,0.028901473,0.024591547,0.1410274,0.24621822,0.27555797,0.14864768,0.052579895,0.020217402,0.021628533,0.0051027494,0.0013396376,0.0035739753,0.013880069,0.01592174,1.0921729e-06,0.00017172465,5.248926e-07,1.1793853e-08
0.111058384,0.50787616,0.2864811,0.07134647,0.012576374,0.008208102,0.0011322985,0.00064466824,0.0003587467,3.849866e-05,0.00018031374,7.344305e-06,6.2723984e-06,2.6497844e-07,3.6704364e-09,8.181963e-05,2.0186692e-06,4.740372e-11,1.0675709e-06,9.406259e-13,1.3389827e-10
1.8370754e-06,7.854267e-07,2.0708586e-07,1.2026464e-05,2.295895e-06,9.311443e-05,0.0013709791,0.006258432,0.022694591,0.02841851,0.028701402,0.052382763,0.1635044,0.12357803,0.113269866,0.16070822,0.1076928,0.14881854,0.03468847,0.0002767377,0.0075260163
4.7240032e-06,4.8488757e-05,0.005728714,0.08707532,0.18522967,0.49521756,0.09933793,0.045634173,0.026856316,0.012980928,0.009781783,0.0075023943,0.018227464,0.0006460939,0.0005119683,0.0021171165,0.0029036251,5.898046e-07,0.00018435814,1.0826023e-05,1.9973514e-09
4.0967034e-06,2.8465192e-05,0.0017105971,0.03753263,0.10487423,0.3320019,0.1573265,0.09257851,0.056990836,0.0761608,0.04687983,0.02667128,0.045803253,0.0015113455,0.0074780653,0.0023475536,0.009125712,1.7142559e-06,0.0009603188,1.2307463e-05,8.832618e-09
6.8606896e-05,0.00034350296,0.010212357,0.10439894,0.18106678,0.23537205,0.14126551,0.059547953,0.06179634,0.043519232,0.037208218,0.04152531,0.029596055,0.011100789,0.002096915,0.020072177,0.017101526,1.3323159e-05,0.00317187,0.0005222293,3.0497827e-07
0.00010760203,0.0026713526,0.18370466,0.45146087,0.24395235,0.09824378,0.009948736,0.0056521017,0.0028705015,0.0003508814,0.0006317709,8.016431e-05,0.0001363858,1.0993723e-06,6.694054e-08,0.00016326504,2.2883765e-05,9.1158886e-11,1.503868e-06,1.5334352e-10,6.4828477e-12
3.8737467e-06,0.00011103604,0.041104615,0.26486614,0.38116267,0.26807287,0.02371894,0.010727369,0.0058404068,0.0012933114,0.0013699966,0.00038623146,0.0009950616,8.239981e-06,1.4655877e-06,0.00022074753,0.00011195719,8.281687e-10,5.0434696e-06,1.5842987e-08,7.5835935e-12
8.5203135e-07,2.3562745e-06,7.3639308e-06,0.0003825965,0.00089638314,0.0056695314,0.016852656,0.00734442,0.014286928,0.031133182,0.037977513,0.11923999,0.024632644,0.07213888,0.060436487,0.008631789,0.05220179,0.0035247838,0.027224302,0.517411,4.576793e-06
7.135198e-07,2.0580248e-06,2.8662022e-05,0.0015331182,0.003426469,0.034385517,0.062153403,0.052904304,0.04120503,0.118778646,0.0898679,0.12866129,0.16882971,0.028707566,0.1749992,0.007427542,0.07760064,0.0004162234,0.008223081,0.00084825436,6.0149347e-07
2.3077698e-06,1.7843832e-06,3.744173e-06,0.00042978404,6.0836468e-05,0.0007666121,0.018393384,0.081211254,0.21635656,0.16116834,0.15495232,0.16935545,0.04553517,0.0076301834,0.009509394,0.053993,0.07736715,0.00017826077,0.0030811762,2.0530075e-08,3.3015817e-06
2.1085554e-05,5.9323538e-05,0.0008738673,0.032314304,0.027836092,0.16177984,0.2257852,0.23941535,0.12349052,0.08360241,0.030340374,0.025376558,0.011639637,0.0019247767,0.009989757,0.009887836,0.015122094,2.0855057e-06,0.0005378329,9.348412e-07,3.9004497e-08
2.3003363e-06,2.8324524e-05,0.0044841855,0.08824521,0.19814041,0.5730263,0.07557957,0.033606518,0.016287236,0.00440847,0.0022801913,0.0011082706,0.0019331949,4.1652384e-05,0.00011508414,0.00026943488,0.000427405,7.7509e-09,1.5880938e-05,2.568979e-07,4.479101e-11
9.113985e-06,5.9025506e-06,6.0535885e-06,0.0002065156,0.00012224026,0.002009284,0.012536975,0.041152053,0.05822855,0.041941006,0.04396323,0.076645195,0.12872933,0.09970592,0.090849206,0.06961369,0.28988448,0.030089313,0.0124812005,0.0012503957,0.00057032146
2.424102e-06,4.554924e-06,1.1539295e-05,0.0005099481,0.0010615897,0.0075322413,0.022958256,0.014395515,0.023760056,0.040809665,0.046832528,0.12148668,0.036035173,0.109010555,0.11017359,0.014025374,0.101894595,0.0059032585,0.028559132,0.31501842,1.4972057e-05
1.389073e-05,1.20682e-05,8.646157e-06,0.00030918568,7.294257e-05,0.000999235,0.012221344,0.039688885,0.08713369,0.09644516,0.07455562,0.11987925,0.15665549,0.06619904,0.13774158,0.052051116,0.07657251,0.0063093486,0.07229229,2.788781e-05,0.00081086264
1.9577476e-05,2.2885548e-05,8.465615e-05,0.0034736688,0.0019601698,0.020401169,0.103846796,0.1788159,0.18536997,0.09701114,0.054584492,0.07705142,0.04223394,0.021930533,0.042004738,0.055856593,0.111496,0.0003204175,0.0034771934,3.1792686e-05,6.962705e-06
7.462214e-06,1.2966921e-05,7.275323e-05,0.0030241217,0.006820886,0.048399348,0.10046452,0.08008256,0.07289067,0.076392025,0.05699887,0.09822542,0.043448698,0.076274976,0.16765247,0.016050385,0.13239706,0.00053048745,0.009365548,0.01088518,3.5654812e-06
3.7305843e-05,0.000109865905,0.0014045337,0.019745853,0.032434076,0.06896105,0.09352927,0.051931918,0.05775959,0.07705369,0.06527213,0.13912804,0.079786405,0.11851162,0.013232591,0.08083373,0.07397341,0.0005612753,0.015210823,0.010515521,7.2699e-06
2.7974088e-06,4.7507083e-06,1.1517462e-05,0.000491583,0.00097446796,0.0069823307,0.022406332,0.015840922,0.025816787,0.04400084,0.050370373,0.12775551,0.042116646,0.12225462,0.12299634,0.016675077,0.12161476,0.007214049,0.02899419,0.24345432,2.1759199e-05
3.2047144e-06,4.972276e-06,2.659949e-05,0.0020322932,0.0031456847,0.044063624,0.120024435,0.12389817,0.09829908,0.077615134,0.042646643,0.062575,0.03446766,0.05068519,0.20959456,0.013077074,0.1113026,0.00013358778,0.005718794,0.00068473956,1.0069319e-06
1.1217264e-06,1.26082605e-05,0.0021078426,0.05444053,0.15544908,0.5790051,0.10337351,0.04514122,0.024681427,0.010610562,0.006673504,0.004813181,0.010426844,0.00026947944,0.00059000705,0.0006986763,0.0016213965,9.52594e-08,8.024435e-05,3.477627e-06,2.0664392e-10
0.0002091772,0.0034910429,0.19056638,0.40804544,0.25594503,0.10651234,0.015185123,0.010698372,0.0053395205,0.00092449854,0.0015717036,0.00030819364,0.00048182296,8.749684e-06,5.036684e-07,0.00060974964,9.4219155e-05,2.1901039e-09,8.069493e-06,2.37768e-09,1.7299878e-10
5.233041e-07,1.1039474e-06,6.727023e-06,0.00033151492,0.0005736226,0.0076453676,0.02324449,0.02335774,0.020218179,0.08619711,0.07594288,0.16441163,0.17523365,0.06166729,0.21533456,0.012143686,0.11009424,0.005631645,0.014606581,0.003351511,5.923621e-06
0.0016940224,0.009935112,0.16533759,0.34683356,0.24933715,0.09678955,0.043744028,0.029007507,0.021286622,0.006687784,0.011923752,0.004122708,0.002197226,0.00046350213,1.700179e-05,0.009098627,0.0012307033,2.3498274e-07,0.0002929224,3.745482e-07,6.06225e-08
1.7615017e-06,3.4653178e-06,2.4950958e-05,0.0012614366,0.0018740052,0.021281496,0.054970045,0.070006,0.045813583,0.110115886,0.0741994,0.10834014,0.13012196,0.03565517,0.23672709,0.010910214,0.08927411,0.0006584575,0.008446457,0.0003115891,2.736619e-06
1.2324956e-05,3.0101392e-05,0.0003728648,0.015672196,0.029344035,0.18419993,0.24205841,0.19149438,0.102733515,0.06200111,0.02748024,0.03156781,0.0137834605,0.011101097,0.04152489,0.008302792,0.036882512,1.2244376e-05,0.0012919733,0.00013405082,1.2463485e-07
9.0321936e-07,5.2890096e-06,0.00032680947,0.020058934,0.05039808,0.33371258,0.21532758,0.13844262,0.067322865,0.0767957,0.030447729,0.018823355,0.023416083,0.0011631234,0.013566352,0.001439782,0.00831259,3.4193496e-07,0.00043629025,2.9190974e-06,1.0925594e-09
2.9204633e-05,3.9550323e-05,9.989222e-05,0.0030868186,0.001514751,0.015307042,0.0707993,0.1244152,0.12064187,0.12741452,0.068884805,0.0950024,0.085535504,0.032255348,0.120254844,0.039806608,0.07904628,0.00072244054,0.015064139,4.4402153e-05,3.5156223e-05
3.417803e-05,3.8004444e-05,0.00015302864,0.0042444784,0.0030642757,0.027238352,0.10880383,0.19874232,0.16102046,0.07996063,0.049133662,0.06677521,0.043304116,0.025489574,0.031226063,0.06523196,0.13210253,0.00063791947,0.0027105398,7.752226e-05,1.1351296e-05
1.181604e-05,0.00032888245,0.08264598,0.3546089,0.34764087,0.17792931,0.018354064,0.010271733,0.0048946715,0.0009342686,0.0011718727,0.00027009772,0.00059543346,5.2540527e-06,5.0822166e-07,0.00025493203,7.7984376e-05,5.2294025e-10,3.41568e-06,2.7255624e-09,8.933932e-12
2.8817608e-06,1.5248354e-05,0.00051497004,0.011578055,0.018358855,0.10486394,0.09683024,0.051055115,0.0398563,0.070625685,0.056038193,0.14080307,0.24293968,0.049357474,0.012183465,0.047093052,0.050831832,0.00059727964,0.004836895,0.0016172077,5.3028543e-07
3.2844332e-06,2.7349313e-05,0.0025393018,0.052697666,0.13822176,0.54852235,0.11781272,0.057190355,0.030779347,0.01410085,0.0087035755,0.007392341,0.015154383,0.0006978895,0.0015034336,0.0013859271,0.0030573627,6.1934594e-07,0.0001945581,1.4960398e-05,1.9277542e-09
1.3956369e-06,5.598344e-06,0.00014379651,0.0075189234,0.018153729,0.13826752,0.15061226,0.10917375,0.07292201,0.13277486,0.07693381,0.06502777,0.092966914,0.008434783,0.08659165,0.0039334767,0.03246813,1.7208597e-05,0.0039616553,9.06895e-05,5.7653832e-08
7.233621e-07,6.372602e-07,1.5044105e-06,0.000314021,4.2163294e-05,0.0009712162,0.02559529,0.10024049,0.24490559,0.17034927,0.10316315,0.14316386,0.04623172,0.008939946,0.01724743,0.055762265,0.079845846,5.975566e-05,0.0031641661,2.1120888e-08,9.60385e-07
1.2965651e-05,5.245944e-05,0.0018123732,0.04913387,0.116302244,0.3953926,0.20708045,0.13036516,0.052798264,0.018989991,0.0072417296,0.0067626894,0.0029008868,0.0010058956,0.0023226314,0.0024385217,0.0052698953,3.677813e-07,0.00010895098,8.117986e-06,3.6647636e-09
4.2720792e-05,0.00013655004,0.0024673222,0.034258943,0.06589857,0.13360651,0.14138526,0.08255065,0.07461482,0.07573526,0.05707954,0.09465577,0.058766164,0.055176295,0.010790445,0.04489377,0.05816337,0.0001531266,0.0068703876,0.0027523835,2.1841036e-06
1.2207175e-05,0.0001732966,0.023089832,0.19115862,0.29479465,0.34509158,0.06023869,0.025790278,0.019619554,0.00884988,0.009749292,0.0054369844,0.011690575,0.00030223237,7.721096e-05,0.002180583,0.0015553968,1.7985904e-07,0.00018580472,3.183038e-06,1.5077367e-09
0.0003981805,0.00797996,0.2527463,0.44951943,0.19635127,0.07565688,0.008551335,0.0049425713,0.002615822,0.00028560686,0.0006116577,6.2706335e-05,9.386737e-05,8.622903e-07,4.4504155e-08,0.0001635769,1.829708e-05,8.573104e-11,1.5697416e-06,6.8103495e-11,1.2665871e-11
3.798048e-05,0.00033997805,0.02509985,0.14915724,0.22009589,0.18964152,0.08635907,0.08836883,0.046564113,0.05923161,0.06472059,0.023100764,0.03277963,0.0009356171,0.00034516235,0.0065906527,0.006034945,9.2819033e-07,0.000595306,3.272436e-07,1.792722e-08
2.2386701e-05,9.6638774e-05,0.002908962,0.051538207,0.1552891,0.3517425,0.18955407,0.098852105,0.056656405,0.029906752,0.016067907,0.015687298,0.008827791,0.0034167839,0.0043434734,0.0039045974,0.010524803,2.551698e-06,0.00052650867,0.00013110237,3.1752396e-08
7.5882275e-07,5.477764e-07,2.2259896e-07,1.8954566e-05,4.1024155e-06,0.00014160814,0.0032624027,0.014175485,0.046720304,0.048466895,0.04411541,0.09505788,0.1754832,0.10574134,0.22119913,0.036849316,0.09430647,0.016900878,0.09657031,5.6851364e-05,0.00092789164
4.588791e-06,8.142919e-06,3.9218372e-05,0.0036104752,0.0018108523,0.037861157,0.13102587,0.17937455,0.14163063,0.105058014,0.035627086,0.06129808,0.036200788,0.016972208,0.18673454,0.020873077,0.037984904,3.7073503e-05,0.0038428772,5.1249403e-06,7.351741e-07
1.1836979e-05,6.751973e-06,2.7354686e-06,7.619506e-05,1.9746907e-05,0.00035465154,0.0037070021,0.013942931,0.03221055,0.040804096,0.038388196,0.07878912,0.18012838,0.123330764,0.12257673,0.11473401,0.0941634,0.09940449,0.046383373,0.0002862362,0.010678784
2.7604406e-06,6.1511986e-05,0.017872421,0.18124779,0.34101212,0.38876572,0.037657686,0.015080277,0.009518086,0.0026043032,0.0024213921,0.0009039892,0.0022508015,2.420381e-05,1.0608536e-05,0.0002914892,0.00025875936,3.6574408e-09,1.58933e-05,1.4386333e-07,2.357261e-11
6.440487e-06,2.293007e-05,0.00046364256,0.015492445,0.034096856,0.3296333,0.18109979,0.13099651,0.06374488,0.04364827,0.022667026,0.03332021,0.041899238,0.008881679,0.06803675,0.0050098733,0.018729754,3.3165164e-05,0.0019915255,0.00022555192,1.4325013e-07
5.4566375e-05,0.001355253,0.12076975,0.413653,0.28263444,0.15332288,0.014218847,0.007961055,0.0040955376,0.0005763449,0.0007565297,0.00012565075,0.00024933313,2.008207e-06,2.6969354e-07,0.00018030351,4.1691317e-05,2.5420563e-10,2.4761748e-06,1.1082596e-09,1.1067185e-11
4.3695753e-05,0.00011752979,0.0009073285,0.02872839,0.020965932,0.12417269,0.20196208,0.19148518,0.1346166,0.11818205,0.045242548,0.039097358,0.021380143,0.0049791974,0.03129782,0.012825584,0.021046193,8.6887485e-06,0.0029355926,5.1054267e-06,3.2110393e-07
5.339728e-06,2.0498257e-05,0.0005008997,0.015505492,0.037341233,0.32985342,0.17576791,0.12429293,0.061714392,0.045033854,0.025628855,0.03868564,0.053806238,0.009419475,0.053054716,0.005599428,0.02163298,4.4606433e-05,0.0017934057,0.00029852396,1.2913634e-07
0.00038572497,0.00081209023,0.003736791,0.04192026,0.031678505,0.09944918,0.153804,0.1667499,0.11912776,0.11953369,0.066604055,0.055923477,0.03258885,0.009543715,0.03291272,0.025813824,0.032999344,0.00011196359,0.006259747,3.4707187e-05,9.639888e-06
0.07102412,0.2104998,0.36566964,0.20472063,0.06982829,0.035016432,0.014642435,0.010868444,0.0059557594,0.0016741573,0.005178783,0.00070359174,0.00038029117,9.719289e-05,2.7534923e-06,0.0033956326,0.00022752967,9.570379e-08,0.000114312905,8.186365e-09,1.216986e-07
4.2431225e-06,8.775741e-05,0.024689244,0.20097847,0.34114465,0.3534158,0.040292375,0.0193675,0.01005843,0.0028959464,0.0026154215,0.0009759671,0.0026246328,3.3632467e-05,9.614549e-06,0.00045969847,0.0003322256,7.0074813e-09,1.4253804e-05,1.15366205e-07,4.9011958e-11
1.2008694e-05,8.393556e-06,9.315501e-06,0.00034014965,0.00014637908,0.0022144306,0.018557616,0.056585483,0.0976126,0.06464441,0.057478484,0.09482718,0.13068031,0.073298216,0.09402283,0.06741187,0.21384083,0.011651826,0.01602298,0.00022507447,0.00040962634
2.4403337e-06,3.080137e-05,0.0052403267,0.0874579,0.21288528,0.54598844,0.077099174,0.034905527,0.018077342,0.0060252002,0.0038973286,0.0021381662,0.004690464,0.00010235438,0.00016253818,0.00047646192,0.00078083243,3.2000067e-08,3.8316e-05,9.990241e-07,1.3744994e-10
0.00013819327,0.002017824,0.15066884,0.3707885,0.29054743,0.13352554,0.02118119,0.015941834,0.007820565,0.001675415,0.0025415984,0.0006696437,0.0011184665,2.7832897e-05,1.7020081e-06,0.0011007101,0.00021759023,9.951546e-09,1.7105618e-05,1.3329523e-08,5.3889715e-10
1.27677295e-05,1.7031944e-05,8.242215e-05,0.0036759714,0.0038139753,0.04255861,0.1354714,0.18093827,0.1417328,0.08295094,0.044928033,0.059777565,0.035918195,0.03270066,0.08504872,0.027870025,0.11848655,0.00021212368,0.0036074289,0.00019366777,2.8129105e-06
1.0517193e-06,8.0028747e-07,9.3335916e-07,8.946271e-05,4.122227e-05,0.0013372488,0.015795508,0.04994208,0.09439131,0.053387493,0.042737443,0.087373056,0.11708011,0.090311304,0.14654225,0.044404704,0.23644052,0.0050257025,0.014864912,0.00016870291,6.416903e-05
6.5157954e-05,0.0014199141,0.13253291,0.40240434,0.28969026,0.1406926,0.015908996,0.009592175,0.004776847,0.0007974762,0.0011030706,0.0002174566,0.00040277847,4.631554e-06,4.5000613e-07,0.00031697616,6.9639784e-05,8.01761e-10,4.377405e-06,2.306067e-09,3.47694e-11
2.1379367e-06,1.8846195e-05,0.0018202227,0.045766443,0.088021085,0.34620875,0.13602084,0.05652629,0.04302726,0.041441023,0.0337695,0.04843549,0.116798475,0.007748782,0.0027756337,0.013157747,0.016993782,1.5278745e-05,0.0012455272,0.00020692415,1.4974162e-08
5.5460455e-06,3.6016725e-05,0.0022277436,0.053259674,0.1957503,0.46072206,0.1497489,0.051865276,0.036565356,0.016418364,0.009412844,0.0092967795,0.005759487,0.0013071861,0.0014086434,0.0014712829,0.004380319,4.175472e-07,0.00024038723,0.00012343349,2.400826e-09
0.0013235485,0.006241548,0.109359615,0.30146053,0.2357275,0.10924887,0.062445574,0.0458914,0.036589224,0.015067213,0.022974443,0.0123828165,0.0060192756,0.002359343,7.2454124e-05,0.028296161,0.0035771884,1.6609067e-06,0.0009584668,2.8908416e-06,3.244254e-07
5.535976e-05,0.00015958892,0.0017731027,0.049566463,0.03472675,0.16037838,0.21723518,0.22226706,0.13440776,0.080528334,0.029701348,0.024704544,0.009408275,0.0017256178,0.0069600428,0.012606745,0.013128899,2.2982688e-06,0.0006632508,8.8301294e-07,7.6815994e-08
6.2936466e-05,0.0003771533,0.0153600555,0.14236882,0.23332043,0.25893795,0.12496518,0.050027713,0.049085967,0.029147472,0.02577707,0.023905039,0.017735347,0.004649059,0.00077174435,0.012829432,0.00905408,3.3709944e-06,0.0014892524,0.00013184788,8.600208e-08
2.319636e-05,2.6169562e-05,2.7718412e-05,0.00080867065,0.00027818794,0.0031974458,0.024337571,0.05610411,0.0880529,0.100894324,0.067677215,0.106797785,0.12913944,0.06017894,0.1769479,0.043248806,0.07444735,0.003805344,0.063535064,8.7795896e-05,0.00038408063
3.0452234e-06,9.657017e-05,0.028086068,0.25460497,0.3489584,0.3318704,0.020966852,0.008523624,0.004836678,0.0007443862,0.000675413,0.00015515341,0.0003550833,1.9880763e-06,1.0084577e-06,7.286628e-05,4.567616e-05,1.204597e-10,1.8047583e-06,4.1965107e-09,1.272042e-12
0.00039034977,0.002570471,0.07978047,0.299457,0.27925938,0.14177829,0.066703774,0.034620866,0.031559017,0.013055828,0.018044041,0.009952789,0.005803215,0.0012099214,6.682085e-05,0.012326199,0.0027680695,6.259811e-07,0.00064873014,4.066302e-06,6.3014845e-08
3.684611e-05,0.0011503551,0.1299809,0.44453847,0.2743825,0.13011266,0.010426171,0.0054487702,0.0027847914,0.00033077187,0.00049057667,6.545636e-05,0.00012913319,7.18113e-07,6.845074e-08,0.00010175683,1.9084948e-05,4.299546e-11,1.0012565e-06,1.793074e-10,1.8041392e-12
1.5608182e-05,6.381741e-05,0.0018747465,0.038640793,0.13249603,0.33764708,0.18379578,0.077946365,0.059523523,0.037682693,0.024863198,0.03533308,0.01935989,0.010699536,0.007017757,0.0065565705,0.021978492,1.5157299e-05,0.0014619316,0.0030277357,8.706728e-08
3.7469505e-07,4.8209927e-06,0.0010104007,0.038065016,0.13789602,0.47526398,0.13821799,0.06268834,0.037507948,0.042266864,0.02544447,0.011614073,0.024574986,0.00028217921,0.0014166802,0.00064327125,0.0029389607,5.8465286e-08,0.00016241723,1.1298173e-06,9.087744e-11
2.9036013e-07,1.1400613e-07,1.2455304e-08,1.1211565e-06,6.027063e-08,4.153471e-06,0.00021183431,0.0014217856,0.010846128,0.021699177,0.023607345,0.041957177,0.14944482,0.13459118,0.19299869,0.16177292,0.016421214,0.077147275,0.0993697,1.918136e-06,0.068503104
9.124727e-06,2.017944e-05,0.00012613974,0.011319701,0.002511964,0.020867828,0.13362259,0.23256311,0.24068075,0.16304402,0.0631767,0.062475692,0.008068859,0.001675562,0.003995246,0.033942275,0.02117364,1.0213445e-06,0.0007256003,7.364611e-09,2.3285976e-08
1.1402453e-06,6.0339715e-07,2.7009483e-07,1.9619296e-05,4.3918117e-06,0.00013794129,0.002955784,0.015666151,0.049338162,0.04463693,0.048434548,0.09368591,0.21691105,0.102934994,0.15329106,0.047253624,0.1429041,0.034573298,0.04560411,5.9880716e-05,0.0015864935
0.000110864945,0.0016424538,0.11937387,0.34058088,0.31946704,0.11818792,0.03089066,0.029603245,0.014382442,0.008149296,0.011734161,0.0021107816,0.002201383,2.8833194e-05,4.9667556e-06,0.0010481508,0.00044178317,8.7184935e-09,4.1245436e-05,2.7239269e-09,5.143943e-10
6.5706968e-06,2.5748071e-05,0.0006278345,0.034114715,0.03707452,0.23893914,0.24581008,0.20202892,0.10112858,0.07218651,0.023016943,0.015598435,0.007880313,0.00094148767,0.008525843,0.0037171543,0.008042468,2.6390964e-07,0.00033409178,4.007069e-07,3.252611e-09
0.0112597095,0.062971756,0.3547913,0.3077899,0.13897124,0.069837674,0.017890455,0.016908368,0.008233588,0.001933846,0.004097278,0.00081073283,0.0008592642,7.678174e-05,3.6118233e-06,0.0031858305,0.00029915356,1.3120155e-07,7.930984e-05,1.740302e-08,5.9073255e-08
1.5214108e-05,0.00014003087,0.010511721,0.11303963,0.20022587,0.41954738,0.09620124,0.044344634,0.03175863,0.017776629,0.015588111,0.012266216,0.027337294,0.0012780032,0.000718167,0.004164706,0.0044999314,2.0393286e-06,0.0005536528,3.0874206e-05,1.3213337e-08
