0.0015708763,0.11201909,0.16263768,0.13915956,0.06613458,0.042343624,0.1676208,0.05534699,0.08683898,0.09578687,0.017059235,0.05348179
0.0011341682,0.10189112,0.09074773,0.17294241,0.13868828,0.047852177,0.16172093,0.06652019,0.049370006,0.07511357,0.08492265,0.009096823
0.009731519,0.4106297,0.3311722,0.04318254,0.009138694,0.015531235,0.094641306,0.033398848,0.011450665,0.0118567655,0.0072772102,0.021989375
0.0017461767,0.30716497,0.2284282,0.06685544,0.031892307,0.028860912,0.19081043,0.04610367,0.036250874,0.028109835,0.009571422,0.024205763
0.0030295316,0.4173211,0.33955482,0.039572876,0.0077546835,0.008679939,0.11583837,0.021257972,0.01200609,0.008195219,0.0019404049,0.024849057
0.0004509863,0.09154163,0.14190328,0.10448955,0.076812975,0.042929664,0.22820412,0.04223806,0.13844079,0.09622916,0.020380901,0.01637885
0.004450218,0.22893475,0.19526334,0.12211451,0.056576494,0.04715012,0.14252482,0.06793195,0.046415843,0.046422284,0.020034451,0.02218114
0.0025020046,0.46386388,0.29128766,0.035703495,0.0057652122,0.00471332,0.11418933,0.015722282,0.0062118713,0.006746097,0.002740265,0.05055455
0.004409599,0.39612937,0.29567304,0.048788354,0.009568671,0.008120818,0.13449766,0.025730375,0.011490619,0.010349198,0.004002013,0.05124018
0.00044252395,0.022902427,0.06094342,0.12120746,0.15306795,0.10276164,0.16640872,0.032832183,0.18188646,0.13087982,0.02458708,0.0020803148
0.0010080273,0.38301566,0.33270988,0.031942844,0.012362557,0.013495304,0.13702624,0.022172384,0.029872594,0.01290865,0.0012752318,0.022210548
0.0012305387,0.3915589,0.37527964,0.03166343,0.008393694,0.011806426,0.11874978,0.020300012,0.014879008,0.009888222,0.0014628486,0.014787526
0.0021652489,0.43141806,0.34797162,0.029923461,0.0065430547,0.0069871233,0.117326014,0.016797297,0.008634548,0.0073401034,0.0021755276,0.022717858
0.00038281415,0.013801899,0.052727208,0.13601099,0.14491276,0.09722921,0.16767998,0.027812203,0.18624388,0.14892635,0.02191373,0.0023590855
0.9619711,0.019219108,0.00875556,0.00045998735,2.682489e-05,0.0001477729,0.00041151937,0.00050597236,1.4898807e-05,0.00020898209,0.0002189514,0.0080593685
0.0016240337,0.052787516,0.062445812,0.089589484,0.14563936,0.084798485,0.18638809,0.04115113,0.21737508,0.08642594,0.027928552,0.0038466214
0.00048127,0.04391127,0.07095225,0.106165536,0.16952962,0.069847666,0.21421878,0.036434777,0.16408949,0.09426725,0.028182795,0.0019192789
0.0011005168,0.039248113,0.06207023,0.13835579,0.110942855,0.05487954,0.17717403,0.061950203,0.11454633,0.15230362,0.05408609,0.03334266
0.0006035999,0.0113358535,0.032660984,0.10759767,0.12793572,0.05371473,0.18581541,0.044868242,0.20523277,0.17621933,0.047262557,0.006753096
0.0015203689,0.30199575,0.24097885,0.06780142,0.031547602,0.02617109,0.18832195,0.044123046,0.03396386,0.027950173,0.009212643,0.026413254
0.006474509,0.02627387,0.021654876,0.07468036,0.18149208,0.15469101,0.11656906,0.09386571,0.11125149,0.10449277,0.0940623,0.01449203
0.00029329787,0.013622238,0.05073853,0.12246475,0.11888999,0.07668808,0.17861648,0.020553114,0.2406014,0.15530495,0.020642443,0.0015847543
0.0023072779,0.049273383,0.059062805,0.107848264,0.12684076,0.079442695,0.1564541,0.072597794,0.15089688,0.12600692,0.052885935,0.016383098
0.0069215316,0.40109864,0.25188023,0.05335133,0.010011189,0.009276424,0.1348987,0.0350109,0.009754429,0.011670534,0.0073696007,0.0687565
0.0030726052,0.019799927,0.015707096,0.093527816,0.166147,0.16020316,0.12872075,0.058173086,0.15193234,0.12256165,0.07496188,0.005192787
0.0027052886,0.4010588,0.2444463,0.059044518,0.014326911,0.009872756,0.15242767,0.028856011,0.010420247,0.013825503,0.008197889,0.054818157
0.003140409,0.47063842,0.2600552,0.04523246,0.009775398,0.008491653,0.11427858,0.022716384,0.006477218,0.009998147,0.007105974,0.042090185
0.00770693,0.4697469,0.3023014,0.031153282,0.003755825,0.004599145,0.08324714,0.01642635,0.003700036,0.0056613274,0.0037604827,0.067941256
0.0011032787,0.037285082,0.05292341,0.09011987,0.1288486,0.06963818,0.21818735,0.0378476,0.23545603,0.09650262,0.028022988,0.0040649935
0.00025567968,0.035984226,0.129011,0.14031257,0.11104816,0.073712185,0.18642037,0.033776656,0.14891186,0.11723005,0.021791486,0.0015457923
0.727063,0.12121596,0.088411435,0.0063947015,0.0006659938,0.0025962838,0.0037370801,0.0043498087,0.00043182718,0.0030761922,0.0022093405,0.039848354
0.00038995018,0.083097346,0.15942807,0.11558785,0.098352104,0.06629851,0.19662355,0.041398674,0.13283788,0.088204764,0.014586002,0.0031953584
0.0008739011,0.07235351,0.090388626,0.13236216,0.13403557,0.05868796,0.18885495,0.05459077,0.107147284,0.09340656,0.0610995,0.006199233
0.0002963216,0.29867047,0.35303468,0.033207256,0.019589297,0.013928944,0.16270646,0.02408604,0.06011579,0.01968355,0.0012407392,0.01344057
0.9366894,0.033394452,0.013228308,0.0008258304,4.692547e-05,0.00031084585,0.0007377655,0.0010614956,3.5099394e-05,0.00038718755,0.00042725698,0.012855514
0.00045902992,0.05863753,0.07579761,0.11367497,0.14814073,0.05572395,0.22201526,0.05054333,0.12666549,0.09615738,0.047397193,0.004787557
0.0029272516,0.350399,0.20728901,0.062452912,0.021005511,0.012476358,0.1778573,0.035406403,0.023320045,0.018964324,0.009029827,0.07887213
0.0008310051,0.043851525,0.07023826,0.09741831,0.104561366,0.05414756,0.19962744,0.053021558,0.20711401,0.12471517,0.032118514,0.012355175
0.00054496643,0.030229844,0.06322784,0.10325117,0.112392165,0.058734838,0.18853174,0.04063332,0.21858446,0.14551269,0.030383825,0.007973154
0.001666988,0.05389612,0.06314645,0.08867549,0.1443223,0.08480614,0.18600471,0.040973276,0.21826063,0.086083904,0.028447358,0.0037166579
0.0032178536,0.40445772,0.25125736,0.04682567,0.012247913,0.009196347,0.15696935,0.026896412,0.015346317,0.012524285,0.005170126,0.055890605
0.0033931131,0.31902418,0.1975423,0.071638785,0.026662447,0.018725123,0.19488838,0.05740616,0.028360415,0.023149727,0.010792461,0.048416954
0.00092360744,0.3343406,0.3159481,0.04938648,0.026642535,0.029840587,0.14957364,0.032514505,0.030550493,0.020154703,0.004905486,0.0052193333
0.0009918291,0.27229854,0.44204935,0.05399248,0.01803239,0.031499643,0.09649771,0.027409088,0.021895748,0.025758777,0.0035978649,0.005976614
0.005886551,0.49881887,0.20695876,0.03914047,0.008643057,0.007219228,0.097990446,0.022686552,0.0052452576,0.010056006,0.011599136,0.08575558
0.00019575717,0.01586264,0.06662077,0.12902278,0.107626066,0.05984693,0.19410415,0.023988709,0.21183029,0.16546647,0.023561524,0.0018738704
0.0067089745,0.43265185,0.23939027,0.03861566,0.0075964667,0.0065673664,0.13339989,0.029819142,0.0068889367,0.009288965,0.007474334,0.08159812
0.003107593,0.49243012,0.38107985,0.018616106,0.0021739574,0.0026761945,0.061398093,0.0059495266,0.0026546174,0.0027500403,0.00087925117,0.026284704
0.00045111793,0.031408004,0.066474654,0.1162097,0.17199625,0.083452396,0.19811678,0.032648783,0.165803,0.1048674,0.02723046,0.0013415368
0.0019298542,0.3193464,0.17969279,0.083541244,0.04215497,0.02314016,0.19121903,0.056747947,0.025685515,0.026931547,0.030998189,0.018612444
0.0021248027,0.071762815,0.066627,0.14128995,0.1280085,0.04774304,0.18001163,0.09960923,0.09021142,0.09290577,0.05233658,0.027369259
0.0021648493,0.11427294,0.08297849,0.11908618,0.10111647,0.043190226,0.21033037,0.09115701,0.07823652,0.07824618,0.05486048,0.024360288
0.0012480961,0.30643943,0.24733329,0.062631205,0.029613378,0.022725353,0.19751911,0.041160434,0.031131346,0.025513908,0.008127177,0.02655735
0.0010030207,0.46629518,0.34392226,0.019541545,0.005763556,0.0052141766,0.101704314,0.010672687,0.011156228,0.0059801126,0.00087673607,0.027870225
0.00017142492,0.0075197024,0.033299,0.11784677,0.11819319,0.069775194,0.18946025,0.019230733,0.2376713,0.18511204,0.020505875,0.001214641
0.0008424633,0.42080867,0.4208221,0.019125773,0.004586456,0.006386462,0.09136517,0.01147127,0.008978616,0.004753433,0.00054848683,0.010311171
0.0019055485,0.28737757,0.17563346,0.09307313,0.048845947,0.029941121,0.19396007,0.05927635,0.034673393,0.032891206,0.023551773,0.018870475
0.00068910705,0.03422612,0.055956915,0.0887689,0.1302765,0.09562447,0.2270214,0.02128444,0.25430632,0.07613801,0.014100543,0.0016072752
0.0009841911,0.43523842,0.37569174,0.02030249,0.006321826,0.0065756873,0.10028417,0.012426853,0.012653193,0.007100825,0.00092965376,0.021490972
0.00282727,0.47607565,0.31655866,0.030285217,0.0050563593,0.0054643173,0.10031153,0.01434851,0.0075186365,0.005737685,0.0017433913,0.0340728
0.00055893074,0.04002485,0.063005686,0.120761536,0.17801744,0.069342785,0.20516793,0.045833588,0.13077174,0.10200182,0.04179288,0.0027208824
0.960061,0.02043149,0.008900333,0.00048258784,2.8332617e-05,0.00015834058,0.00043181382,0.00055331556,1.6509257e-05,0.00021975175,0.00023071839,0.008485713
0.0009173054,0.34659696,0.30427387,0.049500417,0.015998539,0.010974909,0.14761,0.023562305,0.022092994,0.017734956,0.0034216617,0.057316124
0.0019145849,0.34416842,0.22442903,0.05698175,0.029696606,0.023570014,0.19456294,0.04659622,0.031036532,0.02093768,0.013970829,0.012135334
0.0008442898,0.39468592,0.33237395,0.029022984,0.011428621,0.011553624,0.1382898,0.020538192,0.027718036,0.011158159,0.0010830433,0.021303449
0.0024635291,0.3608691,0.33083946,0.05224749,0.013889923,0.018154718,0.13295235,0.030699456,0.020702075,0.015252496,0.003447107,0.018482342
0.00066432817,0.06682178,0.14842302,0.11034448,0.08469808,0.07586694,0.1791598,0.04045756,0.16512589,0.108830705,0.013368582,0.006238842
0.00021338355,0.013759235,0.054476917,0.13310046,0.14192395,0.086046144,0.18046504,0.023463197,0.19966687,0.1435184,0.022214476,0.00115194
0.0009946873,0.28072745,0.4209468,0.052874267,0.016183969,0.025199043,0.11308696,0.029580938,0.025677167,0.022867588,0.00258065,0.009280519
0.00048428934,0.036379382,0.061538406,0.12041957,0.18186487,0.06913196,0.20937178,0.04091569,0.1362962,0.1020512,0.039440524,0.0021061844
0.0006411508,0.020426493,0.041782726,0.10086798,0.14437452,0.076388106,0.1831526,0.035327263,0.22534712,0.13607998,0.03208453,0.0035274161
0.0023494647,0.04051992,0.041392285,0.098525055,0.09929711,0.046718653,0.17031953,0.094735764,0.11967931,0.15584286,0.085071415,0.0455487
0.006235913,0.026823306,0.020827888,0.08131967,0.18103649,0.16392894,0.11802208,0.08167723,0.12015908,0.102014184,0.08605906,0.011896149
0.0017325259,0.40497643,0.332439,0.039271973,0.009083196,0.00904554,0.12651274,0.020472283,0.01580299,0.009485634,0.001582351,0.029595375
0.0025055616,0.38575804,0.3448322,0.04391188,0.009968035,0.0126941325,0.12525536,0.023872165,0.01455514,0.011798829,0.0029047148,0.021944009
0.0014231292,0.014777802,0.032530326,0.10078142,0.13247834,0.0876124,0.18323915,0.041027643,0.20179935,0.16031955,0.03610744,0.007903538
0.00034708678,0.013205337,0.01646874,0.12611477,0.22673647,0.036924895,0.1822034,0.043520186,0.10187094,0.1189468,0.13102949,0.002631924
0.00023309822,0.015588821,0.071227744,0.14084399,0.13911915,0.09096526,0.18104354,0.02005943,0.1948742,0.12957132,0.015580951,0.00089245604
0.0008745229,0.016642895,0.014849028,0.14150636,0.19357543,0.042132135,0.13147314,0.07189665,0.072515644,0.12735473,0.1797418,0.0074376334
0.0005918623,0.059950303,0.10619863,0.121891834,0.13827033,0.078470044,0.18516922,0.04295574,0.1420639,0.09679994,0.025267152,0.0023711266
0.0007856433,0.4084701,0.3823944,0.028821677,0.006763964,0.006865353,0.10729047,0.012981271,0.009935459,0.008742716,0.001651942,0.025297076
0.0034455103,0.40117422,0.1952561,0.051949102,0.015484095,0.010527382,0.17710553,0.04166641,0.0121246865,0.014504124,0.012966229,0.06379664
0.001286537,0.07648629,0.08434309,0.11495989,0.12671478,0.07050856,0.19586933,0.06794358,0.11978092,0.09213612,0.03623004,0.013740911
0.0006878566,0.26555926,0.30972964,0.056742627,0.036164004,0.03184075,0.17565726,0.036625583,0.04737387,0.027338315,0.0056414185,0.0066394084
0.0015083379,0.28801897,0.22261757,0.07322983,0.028803,0.018972812,0.15991181,0.036199633,0.040083464,0.03312728,0.007794198,0.08973308
0.0033798718,0.42638013,0.32757238,0.03651415,0.006584027,0.0060620895,0.11745679,0.018312838,0.008531885,0.0072524585,0.0024136952,0.039539684
0.00036290623,0.04842106,0.13771524,0.14835007,0.10449748,0.08081642,0.177069,0.04247817,0.12522624,0.107813396,0.024762627,0.0024874066
0.0015753811,0.014263348,0.023947647,0.084471956,0.1331237,0.067506544,0.18172032,0.07099773,0.16061765,0.15132166,0.10215728,0.008296836
0.002652892,0.5209466,0.30059227,0.022967922,0.0028719543,0.0027507385,0.08306307,0.009200399,0.0030827601,0.0035266294,0.0015348783,0.04680987
0.0004495988,0.03126299,0.046704117,0.1321821,0.19417693,0.053860392,0.19957876,0.046449296,0.11980696,0.10386905,0.06919391,0.0024658968
0.0004101432,0.023902046,0.081948206,0.14907582,0.119391076,0.07782622,0.17326185,0.033659685,0.16002105,0.14654824,0.03104691,0.0029088056
0.6538968,0.15846461,0.1039689,0.006541397,0.00062455604,0.0024671487,0.006022894,0.008102576,0.00065207307,0.003142492,0.0021977078,0.05391887
0.0028706128,0.4154312,0.269778,0.0491129,0.013241244,0.01399472,0.13929771,0.02702962,0.01400073,0.014731303,0.006857204,0.033654653
0.0011075321,0.329967,0.3182693,0.05687154,0.028705813,0.030033996,0.14058985,0.035331815,0.025723672,0.021246413,0.0065948786,0.0055581545
0.0019243641,0.42690772,0.3205923,0.033527013,0.008219141,0.0074439645,0.11474761,0.014949146,0.013664362,0.009193198,0.0017387329,0.04709242
0.0024168724,0.10848053,0.08430651,0.13509177,0.095170364,0.037479278,0.19921029,0.10256507,0.07027803,0.07714512,0.047423635,0.040432572
0.00038917913,0.033687275,0.097871944,0.16718113,0.12582043,0.08428484,0.16932899,0.042591978,0.12478983,0.1187076,0.032869253,0.0024775148
0.0018697343,0.016131978,0.016405331,0.09480778,0.15075427,0.13549672,0.14067511,0.049372528,0.18487021,0.13383284,0.072160795,0.0036226246
0.00036169664,0.2221135,0.35619897,0.05960386,0.03382249,0.031256508,0.1672521,0.03354427,0.052687876,0.033860058,0.0037318044,0.0055669835
0.0056559523,0.024049291,0.019054228,0.08004807,0.180858,0.15436238,0.12317702,0.08029493,0.12850872,0.10937021,0.08212864,0.012492597
0.001281578,0.036836673,0.0585942,0.1293244,0.14892732,0.08220907,0.1636117,0.0652501,0.12827891,0.13112228,0.03839826,0.016165558
0.002173551,0.13552178,0.10584369,0.13695344,0.07535433,0.03433541,0.1995886,0.079848535,0.06392796,0.06756877,0.038408138,0.060475808
0.0022127568,0.41921762,0.27855292,0.048655093,0.009693373,0.0067350697,0.13409857,0.020150395,0.008149858,0.010474499,0.0049488414,0.05711098
0.0074484167,0.45894212,0.3249968,0.029650917,0.003159179,0.0038424935,0.079410076,0.014153061,0.003126257,0.0048706057,0.0030013456,0.06739882
0.0004106957,0.20558853,0.36873838,0.056269664,0.036235772,0.046632327,0.14161283,0.028531957,0.074442804,0.03662513,0.002524047,0.0023879053
0.60210943,0.1725543,0.11040711,0.009546531,0.0012787462,0.0030554594,0.006915485,0.007950972,0.0009797403,0.0049967966,0.0027978949,0.077407554
0.0041729524,0.38235274,0.28069407,0.049758643,0.01604661,0.020423347,0.14566803,0.04125739,0.01887893,0.015694706,0.009179474,0.015873162
0.00093571196,0.36964744,0.33240014,0.037452593,0.013494172,0.014984918,0.15191343,0.025837895,0.020676564,0.014364638,0.0024903584,0.015802186
0.0008310051,0.043851525,0.07023826,0.09741831,0.104561366,0.05414756,0.19962744,0.053021558,0.20711401,0.12471517,0.032118514,0.012355175
0.002991088,0.50301355,0.24517635,0.02832489,0.005053347,0.0044421554,0.12088497,0.017304061,0.0051737726,0.005822979,0.0032402328,0.05857268
0.00083451974,0.010596876,0.018143576,0.098280825,0.14477652,0.07517209,0.17925669,0.044919398,0.19280519,0.14755562,0.08422444,0.00343418
0.0031977352,0.39720097,0.37400407,0.044889193,0.007991876,0.010743977,0.091836825,0.017179595,0.009835163,0.010816727,0.003423889,0.028879937
0.0030480013,0.4067831,0.2981561,0.050256845,0.009162769,0.0064411764,0.09749149,0.015402779,0.008470125,0.011560982,0.0045662243,0.0886604
0.00075380376,0.027166668,0.062837094,0.11301081,0.12304834,0.077107556,0.17072828,0.040735476,0.20574899,0.1443943,0.027236447,0.007232215
0.0023321384,0.39037427,0.22103208,0.05310658,0.018209167,0.0138705345,0.18596351,0.04222864,0.017327815,0.015987871,0.00919994,0.030367458
0.0012849148,0.06681688,0.06366955,0.16466242,0.12603928,0.056499094,0.17288598,0.07611546,0.06929954,0.106126525,0.06935936,0.02724103
0.0012113159,0.061521098,0.08985864,0.083543874,0.10246983,0.057379924,0.21761066,0.034144055,0.25519833,0.073144466,0.01966247,0.004255265
0.0019494161,0.118461736,0.16596444,0.12124994,0.07318368,0.054971755,0.17059153,0.057901125,0.10400966,0.083234906,0.015220965,0.03326091
0.0022443417,0.347999,0.2183422,0.06585978,0.026100764,0.022681812,0.18766198,0.049007375,0.026879465,0.021643449,0.009872368,0.021707457
0.0008428527,0.011170375,0.018874675,0.09703476,0.14243439,0.07494676,0.18047623,0.04549584,0.19570906,0.14586245,0.08373981,0.003412774
0.0010457175,0.024402974,0.03857777,0.13088267,0.16006202,0.06486294,0.16500108,0.06261928,0.11866953,0.15105155,0.06899155,0.013833
0.0015225157,0.016168747,0.028016103,0.10138112,0.15341574,0.09787821,0.1855258,0.040223412,0.18662617,0.1412355,0.042170443,0.005836199
0.00043634095,0.1559158,0.25404078,0.08451492,0.04985059,0.039919406,0.19998361,0.037831016,0.09681365,0.063087694,0.006407859,0.01119827
0.0036521486,0.39493287,0.22956589,0.051381603,0.017019838,0.017277263,0.16739447,0.04486008,0.018903416,0.017272972,0.010961586,0.026777884
0.0004062349,0.20348164,0.36358708,0.056311663,0.037313834,0.04665137,0.1445669,0.028406415,0.077613175,0.036809396,0.0025119646,0.002340328
0.0014927639,0.33035013,0.27734292,0.05392985,0.021922413,0.019517899,0.1821641,0.03650373,0.025857458,0.02017943,0.0058934987,0.024845824
0.0006465361,0.36428633,0.35782135,0.032918215,0.011644821,0.012421644,0.14627929,0.022215728,0.0218124,0.013090735,0.0015532153,0.015309716
0.0016273177,0.35218117,0.31192276,0.043697566,0.015449456,0.01622369,0.14613134,0.028133463,0.03189695,0.016672458,0.0021937722,0.033870127
0.0014034924,0.03590379,0.049409084,0.088204265,0.12574011,0.07428921,0.21323188,0.04019239,0.23675357,0.0978535,0.032613106,0.004405607
0.0027564534,0.19286638,0.1944797,0.09384631,0.07218575,0.062806256,0.16441597,0.060978945,0.07621327,0.050685838,0.015870173,0.012894983
0.00077860174,0.027874505,0.0599732,0.11382667,0.12555063,0.06991591,0.17677051,0.04580464,0.18904999,0.14831586,0.032727942,0.009411529
0.0034607,0.48077112,0.3734104,0.021726308,0.0030849872,0.0039250506,0.06756259,0.0074257697,0.0030236004,0.0041150814,0.0017026367,0.029791605
0.0046355124,0.3692441,0.23332068,0.061055806,0.014481557,0.012205473,0.167139,0.0407276,0.012547393,0.015775884,0.009606866,0.0592602
0.00078418985,0.047375355,0.074807346,0.13319553,0.15893841,0.07193467,0.18771227,0.056247976,0.11502334,0.10149849,0.047236152,0.0052463543
0.0067568496,0.45970044,0.3102802,0.030363724,0.0035003393,0.0039524934,0.08632235,0.015588114,0.0032198532,0.005187644,0.0034127499,0.07171526
0.0018406651,0.33034122,0.29792014,0.062444214,0.026256068,0.03347118,0.13955905,0.040977336,0.030883932,0.022257918,0.005712998,0.008335293
0.002509925,0.33518896,0.18966304,0.07764787,0.033610165,0.022211434,0.18904604,0.055347916,0.024994237,0.024399493,0.018261347,0.027119465
0.00030550343,0.01186026,0.028526373,0.1327937,0.19916874,0.07009665,0.16314907,0.03934681,0.13921176,0.14736548,0.06554475,0.002630921
0.004331583,0.42530605,0.30730212,0.0393089,0.006915767,0.0063693747,0.122149825,0.020771973,0.008421443,0.0075948024,0.0032069297,0.048321187
0.00023036449,0.010749319,0.031262454,0.12876295,0.18760045,0.06660115,0.17171758,0.033408586,0.1635505,0.14719205,0.056915756,0.0020088495
0.0007954095,0.027536495,0.060117073,0.11135481,0.12317324,0.071794316,0.17311668,0.043960568,0.2002584,0.14809324,0.031281088,0.008518667
0.0012145372,0.08608152,0.097649366,0.12356558,0.14169769,0.07342652,0.18724003,0.06581747,0.10170047,0.07860025,0.035560038,0.0074464995
0.0012601046,0.318076,0.35554072,0.05112312,0.018249417,0.024933819,0.13571659,0.033400834,0.027460868,0.020165317,0.0028803619,0.0111928405
0.00045715726,0.035589222,0.06521237,0.11789773,0.17408912,0.0669423,0.21012565,0.038933735,0.14560902,0.10510212,0.03791085,0.00213072
0.0023400758,0.31271717,0.28985012,0.058060847,0.022194017,0.024961343,0.1438432,0.036986344,0.042898074,0.02513756,0.0036070426,0.037404228
0.0015769799,0.29029563,0.24084425,0.071116775,0.027464842,0.019185383,0.15528716,0.03513134,0.038770888,0.0321048,0.0068697324,0.08135227
0.0002676974,0.008675037,0.036353998,0.1271368,0.12654835,0.075595215,0.17992082,0.024529226,0.2110543,0.18342897,0.024403349,0.0020863363
0.000355284,0.0135251535,0.049578298,0.13769583,0.14947814,0.10930413,0.17006406,0.02101042,0.18981,0.14034198,0.017903194,0.00093356497
0.0004905402,0.039964676,0.12094256,0.14774522,0.112139426,0.09015654,0.16376406,0.035799798,0.14839621,0.116923645,0.02187087,0.0018063718
0.0011593285,0.106242664,0.0728375,0.14590788,0.1332555,0.047773477,0.18742135,0.073271476,0.060239505,0.07752532,0.08269069,0.0116753215
0.0027169369,0.3481082,0.40024278,0.054614034,0.014585235,0.0193225,0.09220212,0.025955413,0.010438935,0.015646793,0.006302091,0.009864924
0.0013780496,0.2905758,0.20772909,0.071895145,0.04036335,0.028049689,0.2080927,0.05136027,0.041461367,0.030471485,0.011121697,0.017501425
0.002920553,0.3146796,0.17369115,0.059333432,0.022329653,0.016158065,0.22921297,0.07380878,0.025175711,0.02277045,0.019369204,0.04055047
0.00035597634,0.012531645,0.031180331,0.12614816,0.1895888,0.074874386,0.16658784,0.038298417,0.15410842,0.14741836,0.05644349,0.002464085
0.0013787496,0.25438052,0.22500764,0.07835157,0.034697678,0.023231449,0.1739567,0.040118445,0.050827656,0.04122218,0.008205886,0.068621516
0.0035783227,0.16243325,0.06493442,0.14911784,0.07471202,0.027775228,0.1331628,0.10013554,0.027987573,0.060521882,0.117118485,0.078522615
0.0005018108,0.0211787,0.05595037,0.10247206,0.108137265,0.075551,0.1766621,0.029027823,0.25745657,0.14758262,0.021102518,0.004377262
0.001581118,0.309482,0.21708143,0.062461257,0.028693855,0.02228738,0.18871869,0.03810046,0.036266766,0.029061465,0.009220523,0.057045158
0.0019325864,0.016815772,0.016971106,0.09454213,0.15018184,0.136237,0.14013472,0.050084785,0.18396877,0.13353321,0.071846806,0.0037512383
0.00021479485,0.013648287,0.05458637,0.13609311,0.14023551,0.086732455,0.17911056,0.02282204,0.19939776,0.14410193,0.022021059,0.0010361637
0.0003446144,0.04427048,0.11954386,0.14413656,0.111686416,0.07549524,0.1857412,0.042635877,0.13249943,0.112920925,0.027487488,0.0032378994
0.003360625,0.39773524,0.3420789,0.04591461,0.0076818867,0.006646465,0.11277693,0.018085962,0.007506284,0.009320985,0.0037638752,0.045128316
0.0031719794,0.42862114,0.3518316,0.030813122,0.005206766,0.005036561,0.11020144,0.015224703,0.006576203,0.005781711,0.0019439078,0.035590883
0.00044742122,0.20724654,0.36155626,0.05795767,0.03611236,0.04684368,0.14274968,0.029717807,0.07394161,0.037924502,0.002759587,0.0027428786
0.001234994,0.32203448,0.25050288,0.057874314,0.027121266,0.022029582,0.19632903,0.03948815,0.029294863,0.023322888,0.0073396224,0.023427982
0.0012750786,0.03918174,0.033301514,0.13050103,0.13665767,0.037602827,0.18104963,0.10220228,0.074952625,0.11873879,0.12785232,0.016684534
0.0044505154,0.37300208,0.18587154,0.053031065,0.016734451,0.009872272,0.17872,0.04735273,0.013726286,0.01462279,0.013243301,0.08937293
0.0012746534,0.22280176,0.18713847,0.091988415,0.040413786,0.028114086,0.17317481,0.044089083,0.0647391,0.056695722,0.012745174,0.07682494
0.0019425031,0.06736113,0.046523966,0.12559588,0.09568611,0.033769015,0.18161505,0.13459183,0.06269874,0.107563354,0.11195032,0.030702045
0.0028564604,0.018195553,0.014842657,0.09564589,0.1720754,0.1711105,0.13374157,0.051172253,0.15097843,0.11771491,0.067664735,0.0040015704
0.0019519951,0.14150207,0.09929347,0.11776733,0.093108825,0.039906517,0.21845584,0.08448211,0.07086198,0.06654207,0.042822264,0.02330551
0.00027584343,0.29547954,0.36647514,0.032303333,0.018899625,0.013289768,0.16023472,0.023255631,0.05675891,0.018864686,0.001152861,0.013009999
0.0012670998,0.038668238,0.05226595,0.12210933,0.14426202,0.05633157,0.20623647,0.064795084,0.14015935,0.11271298,0.047968097,0.0132238185
0.002292656,0.32075685,0.34864277,0.06181771,0.018619224,0.02302693,0.12868232,0.03487082,0.021030948,0.020083383,0.0051518003,0.015024647
0.00095554214,0.4262075,0.3102152,0.027591923,0.0096116485,0.009243019,0.13865726,0.01826141,0.022999512,0.009067652,0.0010743218,0.02611506
0.003080047,0.32503656,0.35189843,0.062315788,0.01742921,0.022193484,0.1225105,0.034054108,0.020096704,0.019304127,0.0055000307,0.01658094
0.0025707264,0.38860855,0.3207191,0.040670846,0.0119290445,0.015573238,0.14318584,0.02929311,0.017317865,0.011447414,0.0034919593,0.015192332
0.001534966,0.3474901,0.22876984,0.055056155,0.021703219,0.015436001,0.17995286,0.033697423,0.035667464,0.019352762,0.0040184045,0.057320762
0.0013429733,0.03971481,0.053550918,0.12289828,0.14002699,0.055840246,0.20540574,0.06650385,0.13913019,0.11362825,0.047133178,0.014824654
0.00035593088,0.034001864,0.06595093,0.12430468,0.17761223,0.06243189,0.21090631,0.03638026,0.14200403,0.10407538,0.04052056,0.0014559766
0.003634244,0.45108932,0.2231582,0.044739306,0.011166245,0.009113782,0.14191663,0.028714184,0.009421115,0.0113951,0.00806388,0.057588033
0.00031630875,0.04110542,0.110399865,0.13764368,0.12196532,0.07285331,0.18731347,0.038042277,0.14450538,0.115598194,0.02804249,0.0022143275
0.0004330415,0.19282569,0.3413991,0.07003779,0.039701194,0.045187354,0.15902407,0.035516743,0.06431153,0.0427669,0.0048768003,0.0039198156
0.001553989,0.36656067,0.37663016,0.038080215,0.011873179,0.018346597,0.113456085,0.02506159,0.019877372,0.014303264,0.0021656614,0.012091225
0.0005141848,0.034434494,0.07168406,0.11606314,0.1712505,0.078105174,0.20206897,0.03489413,0.15853027,0.101480335,0.029304756,0.001670039
0.0029480683,0.101288535,0.10370067,0.100948274,0.10613218,0.075361535,0.17606542,0.06840679,0.1268157,0.0837672,0.036844105,0.017721638
0.0036142292,0.30992782,0.18703131,0.0760149,0.027758954,0.018295208,0.19623706,0.062351536,0.028146693,0.02394832,0.012434464,0.05423951
0.0016985172,0.42916322,0.3236257,0.033815857,0.007674707,0.008523956,0.12867756,0.01826262,0.011761533,0.008882793,0.0021189807,0.025794482
0.0019461283,0.44622585,0.26942262,0.04586111,0.012705598,0.012198157,0.1351613,0.025738433,0.0110621955,0.011853355,0.0060822316,0.021743093
0.001433525,0.04751683,0.060656134,0.090072595,0.1511808,0.08949764,0.19065157,0.035908844,0.22095682,0.083114184,0.02617907,0.0028320001
0.001097113,0.38433677,0.39344114,0.02924472,0.008160866,0.010681944,0.11608378,0.017846076,0.016349396,0.008575419,0.0009614808,0.013221345
0.80759287,0.08895634,0.06073022,0.0028220199,0.0002574536,0.0010328944,0.0022048901,0.0024596178,0.00021380954,0.0013102232,0.0010382279,0.03138135
0.0005866672,0.2114504,0.20557246,0.059300955,0.04514422,0.028230906,0.23428203,0.04109741,0.10540588,0.04228548,0.0066361013,0.020007497
0.0016137665,0.15963104,0.16728204,0.10473835,0.075198896,0.052157573,0.18886916,0.055904247,0.090244375,0.06620288,0.019919904,0.018237745
0.0004980351,0.22203116,0.3457296,0.05557783,0.037261073,0.048090413,0.14416789,0.029996105,0.07474483,0.036273606,0.002868611,0.0027608848
0.0006291109,0.020826371,0.033897683,0.122473836,0.15652643,0.05897064,0.1736905,0.0579932,0.13876234,0.15911473,0.06806687,0.0090482915
0.006318764,0.3943733,0.2998281,0.04289215,0.008457116,0.008488219,0.13714105,0.033562094,0.0109058935,0.009101817,0.004408025,0.044523478
0.0008709872,0.2587702,0.46658418,0.05167898,0.016930398,0.031873096,0.091639005,0.026042657,0.021789877,0.025579799,0.0030926021,0.0051482744
0.001371131,0.078477986,0.072484985,0.17116828,0.11035154,0.054290146,0.16433974,0.078397244,0.06321392,0.10628326,0.06399393,0.03562781
0.0013916318,0.30975094,0.23187271,0.06906638,0.02457202,0.017141983,0.1308853,0.030224143,0.030888263,0.030701268,0.010536367,0.11296898
0.0028884273,0.50841105,0.36561424,0.018186573,0.0020573656,0.0021944281,0.05897173,0.00531698,0.0026104613,0.0025642696,0.0007554808,0.030428993
0.0006830628,0.24239965,0.26312566,0.04865385,0.040502585,0.032365113,0.19501756,0.03398412,0.09701677,0.0315102,0.0042585214,0.0104829585
0.0028169216,0.43492126,0.26682833,0.039066944,0.009001813,0.0074766246,0.14504465,0.022482,0.013036279,0.009514004,0.0032849857,0.04652621
0.00081684423,0.25205272,0.2846269,0.058307882,0.032381833,0.025715828,0.18610308,0.04009249,0.058876917,0.032993264,0.003967157,0.024065029
0.00042770366,0.250581,0.3664105,0.054782398,0.02925756,0.03351745,0.14953576,0.032570153,0.044410553,0.030224126,0.0035037352,0.004779092
0.0031376618,0.42663494,0.32289657,0.04553681,0.0069104475,0.005943344,0.102493994,0.016328756,0.006286534,0.008654419,0.0037413198,0.051435217
0.00043026544,0.018784156,0.018666068,0.13126908,0.21692151,0.039148577,0.16630284,0.051582802,0.087420054,0.116388015,0.14945243,0.0036342572
0.0009842777,0.35464796,0.24693736,0.04075579,0.022012929,0.01801579,0.1888507,0.032478023,0.04506742,0.01941408,0.0029756236,0.027860047
0.003396322,0.39572302,0.2009155,0.05290127,0.016793929,0.012430608,0.18011376,0.04194895,0.0141122015,0.0158058,0.013121866,0.052736882
0.0031158808,0.42857322,0.36755988,0.028865308,0.00466846,0.0047609075,0.10362645,0.013922489,0.0061281095,0.005191722,0.0016530644,0.031934418
0.72663486,0.12293384,0.06865158,0.0066964715,0.0008231291,0.0022681272,0.0039032372,0.005524502,0.00056088896,0.0034887337,0.0024399247,0.0560748
0.0025189724,0.41270077,0.30629003,0.051470906,0.008697488,0.00659955,0.1148406,0.018360738,0.0071590045,0.0102169635,0.004642014,0.05650292
0.00024231878,0.012874751,0.053860914,0.1378587,0.14185238,0.08951249,0.17727078,0.023133539,0.19661583,0.1455326,0.019908583,0.0013370437
0.00026633035,0.28269514,0.40723038,0.03608462,0.020672997,0.02595627,0.13872457,0.021836786,0.040653132,0.02098301,0.0015211073,0.0033757268
0.0014013757,0.039131388,0.05194687,0.12465127,0.14073613,0.054243848,0.20344234,0.069628924,0.13333166,0.115159385,0.050014127,0.016312657
0.6130626,0.16101241,0.12118473,0.013861126,0.0015882051,0.004794976,0.006896316,0.0076878704,0.0010230122,0.0060422653,0.004649155,0.05819738
0.0014657683,0.13086627,0.091451496,0.14774324,0.08686918,0.036543332,0.21240783,0.08088764,0.058939546,0.07024202,0.045990884,0.036592733
0.0006184209,0.12487979,0.16485752,0.108460106,0.10687457,0.05782247,0.1999372,0.052255042,0.092391744,0.06543511,0.023053732,0.003414354
0.0031042064,0.09331205,0.08813254,0.11611322,0.12632695,0.09523873,0.1547733,0.07508696,0.11820251,0.07901428,0.036192916,0.014502391
0.0003041994,0.012695124,0.048464473,0.13335177,0.13802688,0.09879533,0.17457597,0.019032262,0.21108358,0.14540263,0.017330164,0.000937633
0.0013557858,0.3535295,0.35239187,0.04248174,0.011721953,0.010495337,0.12987554,0.020414414,0.017254975,0.01441415,0.0026818833,0.043382872
0.0023397182,0.3956462,0.34452546,0.056597214,0.01457019,0.015237803,0.100426815,0.025234787,0.008532403,0.014518225,0.008178544,0.01419268
0.0016725874,0.44040805,0.3102793,0.03247565,0.0073439213,0.0077944603,0.13283369,0.01776769,0.01149475,0.008311504,0.0019517294,0.02766665
0.7015009,0.12405284,0.1059935,0.008513248,0.000969131,0.0031161406,0.004099994,0.004626752,0.0005224307,0.0037344776,0.0025082103,0.040362366
0.0002686547,0.02713121,0.07993976,0.1102012,0.1271637,0.086645,0.18567358,0.023871098,0.22666802,0.11668154,0.014493221,0.0012629336
0.0011711469,0.013637626,0.023482509,0.09524079,0.13583502,0.07144577,0.19315541,0.052926183,0.18168983,0.15431175,0.07066123,0.006442803
0.0036032633,0.29370084,0.31228688,0.07678593,0.025134282,0.028730113,0.13398996,0.04301019,0.02758161,0.026704073,0.008315398,0.02015748
0.000812359,0.025770748,0.04703226,0.12936926,0.1140342,0.05213972,0.18361066,0.053825464,0.1324412,0.17311257,0.06376735,0.024084182
0.0003521113,0.0050623715,0.014206823,0.10674358,0.14578697,0.076322936,0.2425393,0.022312466,0.20708595,0.14270744,0.035673473,0.001206515
0.0028249698,0.35210034,0.2691406,0.06528457,0.0164467,0.012724239,0.16274206,0.036503084,0.017146152,0.016151281,0.00577006,0.043165848
0.002427869,0.07876,0.081625536,0.105387926,0.12610793,0.07515258,0.17552264,0.07065008,0.13782717,0.091521695,0.042196237,0.012820432
0.00019971795,0.015849624,0.05475063,0.107840635,0.10912637,0.06007045,0.19385639,0.022169458,0.25310662,0.15764906,0.023864469,0.0015166524
0.000457116,0.037913304,0.0694352,0.11884589,0.17047898,0.06908052,0.20562297,0.040014803,0.1439215,0.10588896,0.03618895,0.002151802
0.0016593074,0.40395615,0.32851827,0.038796645,0.009252456,0.009289632,0.13108727,0.020845847,0.016230604,0.009746077,0.0016313491,0.028986445
0.0077048577,0.028850153,0.0226726,0.0778731,0.1898984,0.15904944,0.11995833,0.08841298,0.112683654,0.097180866,0.07904935,0.016666308
0.00022912094,0.01531988,0.060357135,0.12584583,0.109379545,0.067211695,0.18673559,0.023971915,0.21222109,0.17236808,0.024499495,0.0018606052
0.001036492,0.04172189,0.064690664,0.1383386,0.10808495,0.050918255,0.18345122,0.06248398,0.11372225,0.14702421,0.05384654,0.034680888
0.0003863832,0.026752437,0.057700407,0.11734494,0.17924157,0.072188474,0.20975693,0.03134331,0.16622996,0.10654228,0.031224076,0.0012892381
0.0014221029,0.082131505,0.07465081,0.16748583,0.10797214,0.05398829,0.16706973,0.07739836,0.06391613,0.10414024,0.06350831,0.036316585
0.00064245344,0.043772105,0.07952263,0.112477146,0.15799987,0.07519498,0.19884181,0.044952597,0.15130691,0.10290492,0.028435579,0.003948975
0.001678668,0.28212193,0.22395515,0.07452851,0.030633084,0.021782242,0.1620366,0.038029104,0.041238103,0.03586159,0.0092094,0.07892566
0.00031482684,0.21061808,0.3368173,0.05887119,0.038518798,0.036015477,0.17553107,0.03206193,0.06681339,0.036428776,0.0039746505,0.0040345136
0.0011261022,0.20392129,0.32819402,0.091723144,0.032968126,0.03712344,0.13329066,0.03842825,0.05177823,0.052662574,0.006862559,0.021921625
0.0014398438,0.28447613,0.22007808,0.053282406,0.040835507,0.038740896,0.19931501,0.045055896,0.06938065,0.029416243,0.0072901933,0.010689139
0.0017780258,0.114208646,0.16387779,0.08977509,0.08680701,0.122512296,0.14985287,0.048878424,0.12949471,0.07621594,0.009042361,0.0075568333
0.0004353225,0.16400246,0.26196924,0.07096485,0.051430948,0.04378511,0.18677504,0.033868555,0.11852763,0.057364035,0.005383478,0.0054933615
0.00034276868,0.03377543,0.06458396,0.12404811,0.18009135,0.057734024,0.21573693,0.035820026,0.14149328,0.102109514,0.042841665,0.0014228639
0.0001665554,0.007466713,0.035192724,0.123031,0.1193174,0.06657582,0.19416057,0.018571474,0.23348793,0.1802333,0.020614013,0.0011824786
0.96372,0.018559186,0.0081817005,0.00044954935,2.5445994e-05,0.00015026436,0.0003856297,0.00046799332,1.3878288e-05,0.00019971769,0.00021487479,0.0076317955
0.9640577,0.018395104,0.007931332,0.00045309437,2.6612532e-05,0.00015037938,0.00037466618,0.00046413453,1.3662399e-05,0.000204788,0.00021258506,0.00771597
0.0023831634,0.043267865,0.04368653,0.09515029,0.09891703,0.047818094,0.1762387,0.0945622,0.12611334,0.14995182,0.08202095,0.039890006
0.0007375313,0.034414127,0.05437748,0.08863567,0.13199945,0.0917079,0.2242372,0.023512617,0.25314614,0.07942948,0.015978934,0.001823444
0.0013055089,0.40719396,0.39282456,0.027938351,0.006004419,0.0077063893,0.10880857,0.015818492,0.010630094,0.006699946,0.0010117828,0.014057968
0.0019944322,0.35365796,0.2278664,0.054746766,0.026944144,0.023099609,0.191431,0.045054637,0.029847967,0.02003209,0.012725555,0.012599412
0.0022390557,0.39157155,0.23399559,0.056766402,0.020265585,0.015833778,0.17332016,0.039880514,0.017245114,0.016294431,0.00995236,0.022635546
0.0011521665,0.44843513,0.39460683,0.019654866,0.0038785757,0.004827511,0.092015065,0.010476678,0.006747823,0.004090896,0.0006287584,0.0134856645
0.00031280765,0.046901174,0.13435791,0.14142849,0.10908643,0.07569729,0.1811378,0.03836764,0.13863026,0.11020424,0.021784531,0.002091429
0.00021981489,0.016947884,0.06648217,0.123867676,0.106840454,0.065529495,0.18906206,0.023904672,0.21661532,0.16519763,0.023483856,0.0018489785
0.004928837,0.40105784,0.32922772,0.044640623,0.007838796,0.0075882473,0.11738317,0.022491094,0.009773445,0.008632133,0.003219988,0.043218173
0.001261097,0.35942382,0.28392094,0.060524672,0.01599706,0.010384875,0.16044693,0.026163157,0.012709971,0.0156979,0.0064392327,0.047030408
0.0014973681,0.34785748,0.19702348,0.072321154,0.037980527,0.022212012,0.18843254,0.050193533,0.025904754,0.022973103,0.020230584,0.013373493
0.0023862463,0.13837856,0.095693104,0.17871615,0.091574416,0.03975134,0.16387092,0.0812304,0.04775901,0.06502614,0.05147659,0.04413721
0.002853899,0.4395337,0.3368829,0.030734183,0.0050580706,0.0043662153,0.11078863,0.014264661,0.0065961564,0.005540337,0.0017733405,0.041607935
0.0011035053,0.067322254,0.06850568,0.11396256,0.14855933,0.05650922,0.21860088,0.06618933,0.115086526,0.08892544,0.047371496,0.007863748
0.0007122697,0.025128622,0.021469623,0.12662597,0.18598874,0.043072622,0.16013043,0.06773425,0.09093446,0.123530515,0.14885554,0.005816992
0.0003741562,0.012557821,0.029277632,0.1256567,0.19037308,0.0724856,0.16213779,0.040227234,0.15083675,0.15188794,0.06137441,0.0028108566
0.0003488963,0.013485458,0.051660832,0.14024024,0.1456972,0.10954983,0.16867419,0.02079945,0.1900325,0.14120725,0.017345635,0.00095840276
0.0015685954,0.07319858,0.07740775,0.11803353,0.1377169,0.08330545,0.1723761,0.07186623,0.12124294,0.093045264,0.037905097,0.012333523
0.00142791,0.47989413,0.41089216,0.015178064,0.0022917336,0.0030958152,0.06122076,0.0054265414,0.0034265085,0.0028506117,0.0005395108,0.013756329
0.0014726426,0.3886059,0.29688346,0.049399346,0.017315548,0.01890534,0.14805919,0.032242186,0.01808258,0.014153483,0.004711578,0.010168845
0.0066437256,0.5066125,0.2419132,0.027879363,0.0041306135,0.004048505,0.082111284,0.014012028,0.0034368215,0.006313095,0.0050198995,0.09787908
0.00020938514,0.014657592,0.04629301,0.10088391,0.11131073,0.053910628,0.19881874,0.026256423,0.25194496,0.16487914,0.028917635,0.0019178889
0.00046158166,0.44628325,0.32417738,0.021299541,0.0079603745,0.005635843,0.13086055,0.0126631465,0.014795741,0.0075738747,0.0011446143,0.027144067
0.0018697554,0.4069451,0.37794727,0.033114754,0.0070617693,0.009377622,0.108799666,0.018076442,0.011263837,0.00817344,0.00161585,0.015754404
0.0004620041,0.028346257,0.061743416,0.11336405,0.16989338,0.07235839,0.20479834,0.03108164,0.18010536,0.10565107,0.030671956,0.0015241804
0.0015898343,0.36068463,0.33940917,0.04477455,0.012908657,0.014943854,0.13513686,0.02637382,0.020124704,0.015229224,0.0032282814,0.025596328
0.003254183,0.38364318,0.32935855,0.05212839,0.013089329,0.019517094,0.11256949,0.028932044,0.02123936,0.0150497295,0.003358923,0.01785973
0.0013321739,0.3372046,0.2151691,0.06927941,0.035050683,0.027269827,0.18938771,0.046500593,0.030510735,0.024507148,0.011852448,0.011935583
0.0012338822,0.14889148,0.14454663,0.088246055,0.08266159,0.062020574,0.21719858,0.06120748,0.10528001,0.058393296,0.016440539,0.0138799315
0.00016897747,0.00799444,0.03820137,0.12671408,0.11755658,0.06613281,0.1942147,0.018259872,0.23269163,0.17703034,0.019839354,0.00119593
0.0010926872,0.14050415,0.23856665,0.10443916,0.06242933,0.0558059,0.17084025,0.049229976,0.08878799,0.06469029,0.012974995,0.010638651
0.00033248906,0.044514,0.13038383,0.14094903,0.111749314,0.079069234,0.17786159,0.03764513,0.1423767,0.111441866,0.02174068,0.0019362137
0.0009977049,0.32381076,0.3856996,0.041679066,0.019720739,0.02374691,0.12956566,0.026615182,0.023204163,0.015877869,0.0032467921,0.0058356263
0.0005469894,0.05358033,0.08885681,0.14175372,0.101997785,0.056196842,0.19404975,0.049954828,0.11964018,0.13312209,0.03911517,0.0211855
0.0014719527,0.3594871,0.2886192,0.047226384,0.016104203,0.012346714,0.15249193,0.024918986,0.02574752,0.01678389,0.0033922875,0.051409833
0.0014945391,0.102206096,0.14872639,0.12362224,0.07549336,0.052124776,0.18361314,0.05451536,0.11890031,0.091671035,0.01610114,0.03153165
0.0038267348,0.35993758,0.19774674,0.061422516,0.01949042,0.011981843,0.17009962,0.0370663,0.02187837,0.017955417,0.009611275,0.08898324
0.0009970067,0.44880322,0.39085162,0.01920107,0.004132765,0.0054092053,0.09420045,0.011131353,0.007904732,0.0043282597,0.0005809473,0.012459402
0.0023041856,0.12758107,0.09111312,0.2059829,0.118097596,0.053776007,0.119850874,0.07075272,0.03659804,0.07056441,0.087469205,0.015909916
0.0056556803,0.4468504,0.25425988,0.04346541,0.0074385693,0.0058922064,0.10664365,0.022483677,0.004738722,0.009012497,0.0072044465,0.08635474
0.96143055,0.019613106,0.00872604,0.00047963177,2.853743e-05,0.00015912802,0.00040464939,0.00048903504,1.5026213e-05,0.00021475821,0.0002224988,0.008217049
0.9618883,0.01909888,0.009591511,0.00048551217,2.8945478e-05,0.00016593552,0.00037625933,0.0004472897,1.3550748e-05,0.00020865742,0.00020744967,0.0074878004
0.00095219404,0.2767643,0.43386185,0.05312291,0.018450737,0.032999277,0.09583527,0.027525792,0.024087941,0.027060933,0.0034408309,0.0058979695
0.00024530975,0.014742919,0.05996172,0.1413105,0.14262415,0.09087146,0.17605607,0.023577228,0.18801413,0.13932797,0.022334162,0.00093442254
0.00085891003,0.41870397,0.32349506,0.026959041,0.009815441,0.009003406,0.13417163,0.017967813,0.023961911,0.008753044,0.0009592723,0.025350515
0.00020684322,0.013789052,0.06528472,0.14472865,0.13453549,0.08704257,0.18018025,0.019832084,0.19824462,0.13696587,0.01839383,0.0007961029
0.0026974804,0.017033879,0.014138757,0.09320837,0.16529442,0.16718261,0.1383712,0.050315708,0.15945846,0.12071899,0.06780705,0.0037730797
0.0027180442,0.39585593,0.32430783,0.052011825,0.009125014,0.007945566,0.1139594,0.019523708,0.00925412,0.01112226,0.0042285942,0.04994774
0.0024096698,0.04192129,0.042122442,0.09799759,0.09853139,0.047204006,0.17061447,0.09513264,0.119504414,0.15388212,0.08566336,0.045016646
0.00029054738,0.033154763,0.12049736,0.14448585,0.111483075,0.07533878,0.18286197,0.035791658,0.14877503,0.12333628,0.021758923,0.0022258493
0.0016350202,0.32822555,0.21922857,0.06363658,0.024666866,0.015742892,0.16643333,0.033592243,0.03694161,0.02386966,0.005350651,0.08067701
0.002276476,0.43371567,0.3473884,0.03465456,0.0065420354,0.0074468143,0.10720597,0.017020535,0.011205658,0.0070129153,0.0013630129,0.024167946
0.0010916844,0.13098955,0.13048579,0.14179935,0.122164525,0.04954694,0.17567547,0.06636638,0.056753952,0.06607434,0.052782807,0.0062691798
0.0006652611,0.031961355,0.061911494,0.11442505,0.17030737,0.08199229,0.18980166,0.03861444,0.163685,0.11034919,0.03370384,0.0025830595
0.002660059,0.08091804,0.03081331,0.09716953,0.082730405,0.028887227,0.11269712,0.097394906,0.03141791,0.09957393,0.30611515,0.029622454
0.0010062606,0.036357,0.053320836,0.09114197,0.13256459,0.07455124,0.21646574,0.033258524,0.24230802,0.09090749,0.024942804,0.003175446
0.0036055285,0.36896113,0.18826576,0.05454488,0.01821209,0.009869647,0.18553351,0.04455692,0.014260897,0.014964955,0.012730112,0.08449462
0.0007064088,0.029015185,0.025364356,0.121252544,0.16275524,0.03906305,0.18061219,0.07478022,0.08542662,0.124828376,0.14893387,0.007261931
0.0014499538,0.07385564,0.07975394,0.11819159,0.13814548,0.08132985,0.17592494,0.070681885,0.12073126,0.091825545,0.03610145,0.012008506
0.0015330563,0.293818,0.22160691,0.0710646,0.03447545,0.027256468,0.1990942,0.046727818,0.03633236,0.029679028,0.010357704,0.028054427
0.00019980893,0.015654821,0.06599461,0.12452548,0.10737078,0.06390285,0.18971138,0.022443725,0.22236475,0.16410026,0.022047108,0.0016844391
0.00048692455,0.24946876,0.25507548,0.057303827,0.035612334,0.022406466,0.21503893,0.035984546,0.06740422,0.03727792,0.005127577,0.018813062
0.0008432169,0.045393914,0.071286954,0.096488185,0.10462841,0.054453332,0.19981667,0.05297216,0.20693046,0.12309172,0.03201158,0.012083484
0.0032440631,0.37192628,0.22522502,0.05790484,0.017235927,0.011214386,0.16529158,0.03264719,0.020186445,0.016043171,0.00699066,0.07209042
0.00029331655,0.011865114,0.047742758,0.13671577,0.14043544,0.096086204,0.17519704,0.019498097,0.20504321,0.14780812,0.018340666,0.0009743132
0.0011458667,0.04542669,0.022760361,0.12369564,0.15016635,0.03456896,0.12992242,0.073879644,0.04194629,0.10050455,0.26638037,0.009602974
0.003968509,0.4581772,0.27281663,0.04445874,0.010239088,0.010888752,0.11510334,0.02715992,0.0076932395,0.011134241,0.0074031777,0.030957136
0.0017052871,0.11374014,0.081297636,0.13966265,0.12449912,0.059961375,0.17655179,0.07507187,0.07441058,0.0783887,0.061754297,0.012956533
0.000618568,0.18287154,0.296508,0.07191253,0.04725096,0.058113955,0.15482078,0.03629384,0.093072265,0.050427593,0.0045809587,0.003528927
0.3894303,0.26348844,0.20975052,0.010550174,0.0009923272,0.0028761697,0.013700526,0.009541603,0.0012830272,0.0044519743,0.0031922683,0.09074261
0.0003373413,0.19457854,0.2731075,0.06928124,0.04282288,0.03598702,0.18490857,0.0336401,0.09592232,0.05580303,0.0067753447,0.0068360935
0.00112832,0.42564085,0.35686636,0.024362447,0.0076996414,0.007921463,0.10931219,0.014651927,0.015483141,0.008634743,0.001216053,0.027082909
0.001363705,0.44208705,0.3157341,0.027258951,0.007978707,0.007445389,0.121115535,0.015180109,0.01509782,0.008381472,0.0014410823,0.03691607
0.00083921326,0.103112504,0.1394709,0.14504606,0.12818399,0.056067035,0.17368104,0.059832502,0.07061621,0.07304509,0.04609457,0.0040109046
0.0005337793,0.035261177,0.10039748,0.15798986,0.12304987,0.092463605,0.1585414,0.03723219,0.14277583,0.12162484,0.028316174,0.0018137984
0.0033667004,0.31792903,0.19760938,0.06955577,0.022204189,0.018736402,0.20403388,0.061280943,0.024578705,0.022761583,0.012423752,0.045519654
0.00039846476,0.2441792,0.39442882,0.053001147,0.027335467,0.034361154,0.13778512,0.03002223,0.042569894,0.029125415,0.0030247876,0.0037682487
0.0014128792,0.45187566,0.3148332,0.030528568,0.0070978412,0.007896551,0.12615828,0.016588002,0.010924549,0.00807409,0.0019498143,0.022660522
0.0072642355,0.4924055,0.19941585,0.037784718,0.008807005,0.008587687,0.107013255,0.027730241,0.0066176727,0.01092621,0.013282947,0.08016472
0.0025521244,0.33836207,0.19425194,0.07967805,0.036126155,0.022641445,0.17660189,0.057919104,0.022280889,0.024550252,0.025182039,0.019854067
0.93969357,0.03148221,0.013473396,0.00081135676,4.5786957e-05,0.0003076242,0.0006987532,0.00089719164,3.1850337e-05,0.00037068748,0.00040617428,0.011781464
0.0031560329,0.38132828,0.26401958,0.052693356,0.0144044785,0.011071735,0.15351827,0.029251976,0.019767122,0.014033943,0.0043938444,0.052361406
0.00030219086,0.011543951,0.044146985,0.13566789,0.14761154,0.09503698,0.17796586,0.019292366,0.20229162,0.1448855,0.020448243,0.0008068401
0.002093237,0.4586829,0.34860238,0.025953136,0.0052154334,0.007088708,0.10451765,0.015609955,0.009170763,0.0058563217,0.0013111297,0.015898434
0.0003809785,0.017056745,0.026146939,0.113974795,0.17930809,0.045294948,0.18683891,0.046766832,0.14745463,0.13628742,0.09701963,0.0034701321
0.0031609922,0.14914042,0.09677119,0.16684791,0.09163536,0.042598866,0.1614168,0.089915924,0.048252955,0.065572485,0.050688963,0.03399812
0.0030388965,0.4290375,0.346844,0.03210663,0.0054953657,0.0050842897,0.11109916,0.015345933,0.007077601,0.006070049,0.0019279264,0.0368727
0.0038549087,0.5213817,0.27673146,0.025799938,0.002866924,0.0027506147,0.07734515,0.009916099,0.0032943408,0.0037841534,0.0018423671,0.07043229
0.93559456,0.033797882,0.01393051,0.00091698405,5.338844e-05,0.0003627529,0.00076368096,0.0010328168,3.8139715e-05,0.0004235286,0.00046436334,0.012621339
0.0033416906,0.320122,0.19641697,0.069713265,0.02638387,0.018880166,0.19681102,0.057607386,0.029040234,0.023085322,0.010806187,0.047791936
0.0046587223,0.20783749,0.18407384,0.097373344,0.06062358,0.061068304,0.15460925,0.06573791,0.07181845,0.051960655,0.018052964,0.02218552
0.00022071635,0.016180249,0.050082576,0.10140531,0.110013716,0.057226125,0.19700585,0.025027882,0.25607175,0.15813906,0.026773764,0.001853036
0.001804384,0.092336245,0.046356086,0.15899181,0.10268263,0.03312691,0.15120389,0.09842988,0.036751818,0.08578881,0.15235093,0.04017672
0.0032667438,0.42509112,0.35204098,0.03180014,0.0054119807,0.005240519,0.11067701,0.015652701,0.0067569483,0.0060460223,0.0020505507,0.035965268
0.0007722243,0.028021425,0.060714528,0.112792425,0.12456709,0.072684444,0.17399949,0.044304647,0.19633383,0.14654481,0.030935023,0.008330074
0.00038128882,0.26902273,0.3114612,0.045695163,0.026063291,0.018590875,0.18363415,0.029590238,0.06702512,0.029597223,0.002312368,0.016626336
0.001615135,0.3522444,0.25148156,0.058598645,0.02701586,0.028180826,0.16646634,0.042645123,0.032141753,0.021868154,0.006833776,0.010908459
0.0062274095,0.321528,0.22562008,0.071401805,0.018185338,0.014964808,0.17385605,0.06160905,0.018095646,0.019418135,0.011405602,0.057688132
0.002620313,0.40933803,0.23645762,0.046694014,0.011440517,0.007840637,0.16872457,0.028016405,0.012226347,0.0110228425,0.004999262,0.060619365
0.0013568534,0.04022663,0.053031262,0.12285089,0.14316235,0.056830484,0.20423986,0.06728092,0.13741922,0.11210234,0.046645757,0.014853459
0.00048529307,0.041154422,0.09890028,0.16614532,0.119143575,0.081941694,0.17092974,0.04744128,0.117069945,0.11613892,0.036107425,0.0045420895
0.0033047232,0.3539147,0.3399679,0.05905474,0.014869795,0.021754825,0.10855894,0.02977955,0.024755742,0.018133799,0.0034177948,0.022487499
0.0015325982,0.3204302,0.24299163,0.054203782,0.034839753,0.028105756,0.19275504,0.04273889,0.03844484,0.023154756,0.010174339,0.010628519
0.0049400777,0.1697946,0.10910525,0.17146261,0.07295515,0.034281917,0.14270282,0.08371494,0.040923912,0.050876737,0.04191464,0.07732742
0.00038570192,0.03157831,0.053974427,0.1271165,0.18515642,0.054657727,0.21249264,0.041520018,0.13017103,0.104776934,0.055938095,0.0022321972
0.001653256,0.41456485,0.34687036,0.03388726,0.00909864,0.012828187,0.123802714,0.02134412,0.014235167,0.009035193,0.0018570798,0.010823272
0.0035923654,0.51190937,0.3085431,0.024580287,0.0034575392,0.0038309044,0.08223607,0.0111327665,0.004070736,0.004097863,0.0017664427,0.04078255
0.0011431155,0.31328312,0.2997148,0.046666168,0.02189692,0.023017175,0.15834579,0.03370286,0.047085177,0.025075847,0.0027516026,0.027317377
0.00051067694,0.057022277,0.13317335,0.16119818,0.10621469,0.07952581,0.16980994,0.047280375,0.10583234,0.10238753,0.03350396,0.0035408072
0.00053004595,0.018990409,0.014378995,0.12547396,0.21505694,0.034253135,0.1482059,0.05607404,0.07009345,0.113667786,0.19908361,0.004191737
0.0017770748,0.26343298,0.44240317,0.06528994,0.01602759,0.025953043,0.09397967,0.028511757,0.021101309,0.024832949,0.0043397993,0.012350712
0.0009745996,0.3109604,0.30713227,0.06203515,0.033103645,0.03191664,0.14708443,0.038306944,0.029266924,0.02502458,0.008067482,0.0061269696
0.0015824805,0.016386736,0.025232302,0.08901043,0.13728373,0.07904599,0.17618471,0.059632275,0.17993858,0.14102389,0.08873017,0.005948781
0.0014865774,0.14481707,0.09139636,0.1447211,0.079143114,0.03350074,0.21325211,0.08056981,0.04846968,0.065128975,0.05932313,0.038191337
0.0021099045,0.5035001,0.3706699,0.017735668,0.0026082483,0.0029050396,0.06448514,0.0058569075,0.0035429425,0.0030418355,0.0007455309,0.02279866
0.0050509516,0.37611023,0.19133024,0.051381517,0.014962275,0.008923864,0.17282991,0.046372455,0.012232919,0.013599436,0.012391916,0.09481416
0.0037767247,0.045490474,0.026887462,0.08523747,0.062423397,0.026626704,0.12227746,0.18902871,0.04007956,0.12300936,0.24503152,0.03013112
0.0036205319,0.3443391,0.31190756,0.06133535,0.016093086,0.01922276,0.14039312,0.036824588,0.022271741,0.01681272,0.00459611,0.02258332
0.0021360882,0.3517869,0.365477,0.05165459,0.0116815,0.014032432,0.11973053,0.024840632,0.014791801,0.014574571,0.003942203,0.025351735
0.0060745245,0.45765454,0.30802575,0.031600855,0.0038523343,0.0041308966,0.09160889,0.016278066,0.0035141914,0.005394751,0.0034301428,0.06843508
0.000275648,0.014293113,0.053715635,0.13942437,0.1530182,0.09336077,0.17439832,0.026343523,0.17869496,0.14179243,0.023449216,0.0012338473
0.00933619,0.18012829,0.12332007,0.15443586,0.06481601,0.031498842,0.12491239,0.10725979,0.035617765,0.045577977,0.037136056,0.08596074
0.00046063037,0.048564896,0.12064117,0.16566439,0.1105945,0.079753734,0.17154899,0.04563658,0.10842047,0.10838263,0.036970653,0.003361307
0.00033565846,0.13724834,0.2767022,0.083743714,0.05625321,0.045973767,0.19623241,0.037635405,0.09828803,0.056512576,0.0061851637,0.004889529
0.6414778,0.16280437,0.10688265,0.011789337,0.0010160296,0.0038614257,0.00528211,0.0062459833,0.0005886194,0.0047497004,0.0036172878,0.05168471
0.003559144,0.34167933,0.33428547,0.062270865,0.016423434,0.020559032,0.12376735,0.033874635,0.018772464,0.018551867,0.0060590273,0.020197278
0.0026205047,0.3888851,0.31807116,0.05587127,0.0099987695,0.008512257,0.11633658,0.02040283,0.009408496,0.012136662,0.00488722,0.05286918
0.0033180069,0.43473068,0.33241376,0.03156213,0.005350763,0.005016149,0.11616554,0.016153714,0.006736285,0.0059357034,0.0021915063,0.040425833
0.00549191,0.39294416,0.32111764,0.046884153,0.009216852,0.009499419,0.12143308,0.02537401,0.01109664,0.01064265,0.004282789,0.042016733
0.0013757021,0.3224991,0.30900034,0.052965686,0.020287568,0.019540828,0.15870918,0.03328643,0.030152213,0.021533119,0.004374147,0.026275616
0.0010866408,0.39410996,0.36688894,0.027749596,0.009895657,0.00981641,0.11248595,0.017065812,0.019174859,0.011387966,0.0016155948,0.02872261
0.00052505353,0.028334323,0.046202835,0.12916495,0.19181353,0.06623735,0.19944976,0.046752084,0.124820985,0.10872858,0.05548901,0.0024815341
0.00039463144,0.036332905,0.074934244,0.108754784,0.16571447,0.076960914,0.20705774,0.031867262,0.17528546,0.09884961,0.022390265,0.0014577906
0.0030534298,0.43062216,0.3657032,0.029366551,0.004554865,0.0043958,0.101874255,0.013098576,0.0058648055,0.0051424787,0.0016204184,0.034703493
0.003448098,0.252122,0.19806373,0.10642725,0.05670852,0.04649851,0.14997402,0.063502066,0.044149872,0.04206797,0.021903595,0.015134275
0.00056316267,0.20829512,0.21326505,0.059828803,0.04500138,0.028523313,0.23215623,0.040341254,0.10429967,0.04241678,0.006137026,0.019172162
0.00046561367,0.31586298,0.30426887,0.038841583,0.021820605,0.015059499,0.18005627,0.02761765,0.04958377,0.022047782,0.0021521524,0.022223229
0.0013855987,0.0785621,0.07265335,0.17076996,0.10995959,0.054261427,0.16421632,0.07852313,0.06343263,0.106444485,0.0638271,0.03596432
0.0011436826,0.2604766,0.34111673,0.065403745,0.026015371,0.029821742,0.14552131,0.038611908,0.041309632,0.03123236,0.0039027254,0.015444155
0.006032092,0.024356222,0.019786494,0.07935338,0.1841816,0.14830144,0.1140458,0.08944319,0.117216334,0.11004979,0.09317645,0.01405719
0.0029754122,0.45941252,0.28656158,0.032705076,0.006642436,0.006792416,0.1286206,0.020079698,0.008099761,0.007872085,0.0031710784,0.037067357
0.0008063757,0.23938912,0.25122952,0.07547113,0.047149878,0.037471835,0.19416086,0.04726665,0.05032127,0.03736666,0.010337229,0.009029519
0.0013291467,0.44484833,0.31243676,0.031040508,0.0076861717,0.0080395555,0.12850788,0.01638336,0.011442641,0.008734692,0.0022031483,0.027347727
0.0013940303,0.34391055,0.3087219,0.04736705,0.016112752,0.015532209,0.16986899,0.031518795,0.0209361,0.016116947,0.004046043,0.024474666
0.0008649029,0.40066552,0.4297172,0.021290168,0.0054613682,0.007858106,0.09473443,0.012911937,0.010510255,0.005763257,0.0006398478,0.009583072
0.0003376929,0.0045654285,0.013251006,0.106734194,0.14921615,0.07437366,0.24115466,0.02243514,0.20142664,0.1471463,0.03819116,0.0011679936
0.0013853671,0.34105083,0.29473162,0.04901839,0.018826883,0.020042432,0.17703505,0.034612026,0.027103072,0.016733263,0.0035141949,0.015946947
0.004380332,0.44178376,0.23504576,0.0358029,0.008991895,0.007670241,0.15220867,0.031075206,0.0089543285,0.00967331,0.0064855567,0.057927925
0.0005444611,0.021006284,0.05314214,0.1030966,0.113129035,0.069991805,0.18079141,0.03299049,0.2475791,0.14861245,0.024024468,0.0050917873
0.0024399085,0.39584157,0.32549804,0.043322455,0.010152886,0.0124466,0.13192146,0.024069546,0.014545199,0.01191461,0.0031489267,0.024698686
0.0002896122,0.016182963,0.057920728,0.13423678,0.15175427,0.098366305,0.1732278,0.027053906,0.18176982,0.1373842,0.020428464,0.0013851079
0.005241919,0.44325116,0.2526164,0.043431655,0.0076494813,0.005816206,0.1121775,0.022972869,0.004971189,0.0089705875,0.0070138834,0.08588722
0.9097186,0.04181886,0.021321245,0.0018061615,0.0001688173,0.0006603996,0.0013366003,0.0020605717,0.00010989344,0.0008908469,0.0008589135,0.019249184
0.0014273701,0.36555976,0.21756768,0.07418502,0.032092147,0.020918567,0.16845529,0.039677154,0.019286204,0.020907009,0.017580891,0.022343002
0.010032484,0.48209515,0.23270495,0.03571598,0.0065046484,0.0073277475,0.094929256,0.025691928,0.0049734036,0.009635723,0.010176787,0.08021186
0.0020933868,0.0526638,0.038574,0.13088067,0.115992434,0.036793586,0.16519602,0.12813771,0.07022366,0.11226856,0.11979992,0.027376287
0.0018466209,0.46176648,0.35006022,0.026777996,0.004825494,0.0054236744,0.09992087,0.013372329,0.008363484,0.005045712,0.0009673563,0.021629794
0.0008751278,0.45740652,0.30891752,0.025569126,0.006495904,0.004871884,0.1266626,0.012079995,0.011446942,0.0065173344,0.0011246282,0.03803239
0.0007096526,0.40557176,0.341258,0.026155325,0.010632709,0.011192901,0.12829608,0.019093117,0.027671311,0.010444298,0.0008466059,0.018128231
0.0012483055,0.04083487,0.055860788,0.115975104,0.14489505,0.059776396,0.2089784,0.060703114,0.14928862,0.10879296,0.042279974,0.011366478
0.006383124,0.027347254,0.021360505,0.08086605,0.1809348,0.1643726,0.11829692,0.082607806,0.118604794,0.10116422,0.08574343,0.012318473
0.0024145988,0.41456187,0.30297577,0.032346867,0.008816563,0.0096291015,0.15615666,0.0265837,0.012183878,0.008962088,0.003238187,0.022130707
0.0019339337,0.43027464,0.40860155,0.02528774,0.004566173,0.0062610167,0.08305324,0.012363514,0.00829476,0.004905287,0.0007850573,0.013673049
0.0017327715,0.43929166,0.3045725,0.03887398,0.00862367,0.008053457,0.12009928,0.016434865,0.008498366,0.010241486,0.0039995727,0.039578408
0.000671384,0.24780942,0.36559287,0.060786046,0.028304148,0.03696735,0.14082612,0.03536368,0.043039188,0.03083062,0.0033570125,0.0064521
0.0018505611,0.30336758,0.19928835,0.06858284,0.03392158,0.027013721,0.2145654,0.05035834,0.037787605,0.02753313,0.011909238,0.023821611
0.0007385292,0.050164986,0.077430494,0.10138065,0.14077896,0.06152059,0.1995946,0.045873266,0.17645739,0.10603387,0.034856297,0.005170335
0.0015888298,0.06756412,0.034041323,0.18053894,0.15263389,0.04121558,0.11957305,0.0733239,0.035399623,0.08673115,0.1962851,0.011104575
0.00050881563,0.32956594,0.28655976,0.03731284,0.02160078,0.015185678,0.18583137,0.027997116,0.049432248,0.020820415,0.0022481452,0.022936827
0.000956518,0.0467021,0.026027087,0.16598965,0.18369858,0.035998408,0.13651596,0.064133435,0.038188443,0.08658132,0.20596008,0.0092484495
0.0010459773,0.39053628,0.38689348,0.028823005,0.0074474844,0.009419372,0.11690547,0.017728169,0.01476752,0.008595305,0.0009844826,0.01685351
0.001663803,0.44956332,0.3702714,0.024888286,0.004895285,0.0060726195,0.09656681,0.013271886,0.009353454,0.005165437,0.0008196601,0.017467964
0.0040059504,0.41287675,0.2144761,0.046275713,0.013413696,0.010872825,0.16795789,0.0403108,0.011854255,0.013683636,0.010970056,0.05330235
0.0030357658,0.397513,0.33803338,0.047265623,0.008913682,0.008473079,0.10591471,0.017469775,0.009651454,0.01132269,0.004167259,0.048239596
0.004895011,0.40011898,0.3277128,0.045072667,0.007948502,0.007606458,0.11832685,0.022730218,0.009909539,0.008714465,0.0032234215,0.04374111
0.00034654583,0.03517778,0.11989703,0.15379117,0.11267353,0.08190219,0.17466591,0.039408896,0.13666849,0.11954082,0.023476932,0.0024506473
0.009579825,0.4913819,0.30377972,0.03201386,0.0034843844,0.004217861,0.056660485,0.010204175,0.0027841136,0.005769675,0.0034540356,0.07666995
0.002310847,0.41250026,0.28290635,0.042509086,0.011698636,0.011287639,0.1323366,0.023416646,0.022382312,0.011461068,0.002184476,0.045006104
0.71341234,0.11919188,0.10342584,0.007923826,0.0007444362,0.0033067034,0.0041579213,0.00462554,0.00046138052,0.003488983,0.0027694453,0.036491647
0.0012857711,0.1771262,0.18084063,0.103792004,0.08893734,0.05140002,0.18847325,0.062077016,0.061044116,0.052130267,0.0258729,0.0070205205
0.0030953174,0.43201587,0.24621409,0.040810455,0.009521322,0.00717455,0.15059619,0.02374735,0.012919576,0.009587702,0.0037480278,0.060569596
0.001528958,0.32928395,0.39920646,0.05567914,0.014576903,0.022051275,0.099915594,0.026113149,0.016405836,0.01904811,0.0043185796,0.011872115
0.0012317556,0.44232583,0.3987044,0.020685168,0.004084362,0.005378061,0.09171273,0.0111503005,0.007167948,0.0043977397,0.00068358105,0.012478059
0.0015110252,0.12894525,0.08750442,0.14122249,0.08280914,0.034803487,0.21686536,0.085964344,0.05809744,0.07032285,0.05006528,0.041888975
0.00067144306,0.026531385,0.03290753,0.12157622,0.15255328,0.043979138,0.19472814,0.06612215,0.1229971,0.13698371,0.09220997,0.008740022
0.0009017024,0.26487672,0.3214552,0.05805095,0.024814649,0.022681385,0.15917891,0.033978622,0.05340098,0.031894416,0.0027947694,0.025971772
0.0011915425,0.0552091,0.081712455,0.08594597,0.103835136,0.054299705,0.21959756,0.036292344,0.25711805,0.07794266,0.022266932,0.0045885993
0.007439761,0.042303316,0.03103472,0.08628711,0.16680565,0.17510551,0.12987305,0.06802184,0.13786042,0.09093377,0.052223828,0.012111074
0.006085562,0.35070077,0.21891382,0.05525386,0.012860769,0.007260947,0.16258986,0.042006373,0.0095512355,0.012838193,0.010569108,0.11136946
0.0012619363,0.15219517,0.19747151,0.10104588,0.06956594,0.070660084,0.17648792,0.055312693,0.08637539,0.06390778,0.014537159,0.0111785475
0.0032340991,0.30136827,0.33913374,0.06746665,0.019094879,0.022741063,0.1347784,0.03737429,0.025699276,0.021588853,0.0050799283,0.022440579
0.0043551037,0.19574246,0.16075963,0.10513073,0.070979975,0.058503676,0.16203547,0.07107827,0.0715188,0.054258812,0.025216442,0.020420697
0.00037372328,0.01265626,0.031248802,0.12524594,0.1890226,0.07425259,0.16793363,0.03822469,0.15569936,0.14633133,0.056528904,0.0024822345
0.0015395494,0.3148502,0.27897164,0.060159177,0.022925925,0.01818329,0.14878456,0.03081291,0.036262855,0.026303256,0.004751358,0.056455206
0.0022287255,0.36609307,0.3035896,0.048030052,0.014125893,0.017080335,0.15875722,0.032201137,0.021276295,0.0138594685,0.0032968381,0.019461328
0.0036989285,0.39775252,0.27753478,0.05982667,0.010656913,0.008024762,0.11068809,0.021806942,0.009287764,0.012906359,0.005928796,0.081887476
0.0015347009,0.16296473,0.16421206,0.10069091,0.09850743,0.06244609,0.1800575,0.06351981,0.07771853,0.05735858,0.025155941,0.0058337008
0.00063418585,0.020461317,0.015030964,0.12417729,0.20025012,0.035476964,0.14459185,0.061787862,0.0703274,0.11751623,0.20478214,0.0049636955
0.00035982823,0.2885657,0.41628742,0.036497537,0.01890995,0.026208714,0.13045958,0.022070743,0.035871934,0.019483488,0.001476766,0.003808393
0.001569747,0.20100527,0.20737603,0.09188449,0.05741283,0.034322254,0.19881049,0.053666975,0.06565699,0.048308738,0.012584195,0.027402028
0.0005602467,0.038007658,0.061298724,0.11339408,0.18476246,0.084211916,0.20134224,0.03740839,0.15056583,0.09718009,0.029503277,0.0017651311
0.9589127,0.020920113,0.009204359,0.0005119937,3.0477302e-05,0.00016980468,0.00045540178,0.0005713844,1.7867165e-05,0.00023080225,0.00024585484,0.008729268
0.0013061729,0.4396046,0.36447293,0.027405336,0.005018984,0.0049719163,0.10059732,0.010633883,0.0071151685,0.0062777465,0.0013058386,0.031290088
0.00027888262,0.30228007,0.342674,0.033597805,0.019689506,0.012776464,0.17061977,0.024391443,0.05816352,0.019037679,0.0012952777,0.015195633
0.0050875787,0.5074196,0.21454616,0.03826937,0.0083447,0.0070418715,0.09775528,0.021241805,0.005053334,0.009433975,0.010245742,0.07556057
0.0017091089,0.34588292,0.2624804,0.055510342,0.026511667,0.02151123,0.17999409,0.04136257,0.026745008,0.018019134,0.009449636,0.010823876
0.00091779913,0.24572486,0.27421334,0.07039474,0.045211606,0.038299456,0.18219869,0.044630647,0.04988291,0.032300685,0.008440162,0.0077851405
0.00042064892,0.31836164,0.31499377,0.035872582,0.020923,0.015131886,0.17592667,0.026460018,0.051003724,0.020697344,0.0018133335,0.018395353
0.00256787,0.40117544,0.22026728,0.0668773,0.025028115,0.01827107,0.15049456,0.040075596,0.013608065,0.018619036,0.018705597,0.024310112
0.0021205791,0.39199457,0.4148538,0.03444813,0.006187603,0.007910075,0.087074235,0.012983158,0.008374185,0.0083441865,0.0018414768,0.023868054
0.0012235413,0.054237004,0.06768858,0.121935725,0.14288326,0.05598383,0.21313691,0.06568304,0.1305803,0.096129514,0.036660988,0.013857366
0.0065863063,0.43815216,0.3047855,0.042968765,0.005505403,0.0053268806,0.08874249,0.017191546,0.004312745,0.0074694105,0.0045787264,0.07438009
0.0030181115,0.43547955,0.2619365,0.04057561,0.0090581,0.0073216315,0.14239642,0.022450997,0.012736473,0.009646575,0.0035046835,0.051875304
0.0002513886,0.017843813,0.06871408,0.1366691,0.1417129,0.08956788,0.17814052,0.024882516,0.18863763,0.1327843,0.01965617,0.0011396713
0.0006455834,0.33912864,0.34948337,0.038013507,0.013882971,0.013068526,0.15775691,0.02477682,0.026173009,0.015375925,0.0017904487,0.0199043
0.00057530304,0.07502293,0.09828961,0.14141604,0.14986911,0.051475666,0.19862553,0.055782683,0.08267312,0.08457685,0.05811379,0.0035793225
0.0010275708,0.36858258,0.3088687,0.035762463,0.016019931,0.01610688,0.17277272,0.027165966,0.029043324,0.011886335,0.002219937,0.010543625
0.00022796268,0.015827259,0.049602974,0.10348846,0.111874305,0.06083053,0.19268285,0.024082236,0.2554677,0.15777585,0.026422583,0.0017172551
0.00045697088,0.22210626,0.3599552,0.060590718,0.034597453,0.0434226,0.14476533,0.033663534,0.056845345,0.036125872,0.0038829597,0.0035877142
0.0017371601,0.089949414,0.07738372,0.10717617,0.11877305,0.048177365,0.21853405,0.07602819,0.105859354,0.0863744,0.055204608,0.014802412
0.0014513908,0.22708337,0.18979563,0.087927274,0.052709043,0.043476373,0.20179506,0.057216693,0.057344053,0.04744898,0.014335244,0.019416895
0.0009698376,0.033286277,0.03284448,0.11293941,0.13685967,0.04427162,0.18622276,0.084625386,0.099678844,0.13551126,0.12240159,0.010388933
0.0010523741,0.43546003,0.3867728,0.021558624,0.0050571994,0.006929988,0.102055095,0.01313648,0.009469734,0.005483847,0.0007668548,0.012256871
0.0017721078,0.147951,0.12512718,0.1285827,0.08252547,0.05590515,0.18317762,0.06621747,0.0689995,0.07510825,0.041710448,0.022923196
0.0003821212,0.010835296,0.035064213,0.10799454,0.112383895,0.055467807,0.19967546,0.03198751,0.26152351,0.15177347,0.029099189,0.0038129343
0.001316012,0.06881118,0.09728548,0.08124095,0.104057,0.05770903,0.2133152,0.035539147,0.24690056,0.07065433,0.018243577,0.0049275155
0.0013298746,0.47024843,0.3976686,0.017151989,0.0028763944,0.003616498,0.0750921,0.0072460626,0.004518222,0.00339597,0.0005989186,0.016256997
0.0017128035,0.34471127,0.35343713,0.055468705,0.019471994,0.022216666,0.12093683,0.031512883,0.016820978,0.017955061,0.006107381,0.009648326
0.00074132724,0.034543738,0.062005274,0.100489125,0.13581517,0.060306646,0.2060549,0.043189116,0.20431706,0.11550247,0.030488707,0.006546483
0.0002776641,0.011659822,0.049383614,0.138771,0.13928367,0.096355185,0.17749296,0.01787869,0.20735571,0.14382581,0.01685801,0.00085790997
0.004607937,0.38047,0.20469365,0.051444974,0.015344007,0.009583831,0.17251936,0.04350045,0.012237282,0.013825175,0.011520532,0.08025275
0.0023560303,0.15968674,0.09492208,0.15544207,0.07624736,0.03590084,0.1823814,0.08928556,0.04836488,0.05884512,0.04586503,0.050702963
0.0010747155,0.39514658,0.36099193,0.027983928,0.00970689,0.009831946,0.11867259,0.017499492,0.019725883,0.0111134285,0.0015181573,0.02673457
0.0051327026,0.26438606,0.30905604,0.08928046,0.02842414,0.037702225,0.12629944,0.050311834,0.03452509,0.028250141,0.008231113,0.01840068
0.0007809865,0.461629,0.32882637,0.021071339,0.0062047713,0.0050271708,0.115792274,0.011404219,0.011598835,0.0062451554,0.00094107894,0.030478768
0.0021532977,0.3888823,0.23424254,0.057628646,0.020880241,0.016204238,0.17408575,0.03998522,0.01766238,0.016532188,0.010031595,0.02171155
0.0017491061,0.24424686,0.22190487,0.09100241,0.055061743,0.041112423,0.17611095,0.0557949,0.0474101,0.038775593,0.014704804,0.012126282
0.00030460686,0.024899697,0.09357927,0.12969054,0.10746918,0.06953554,0.18604356,0.02730968,0.19875711,0.13919838,0.021099828,0.00211263
0.0012592819,0.4624366,0.4043791,0.018331908,0.0030974522,0.0041188896,0.074303046,0.007420679,0.004632602,0.003960346,0.00074315217,0.015316881
0.00033177924,0.043129515,0.1297912,0.14646865,0.11023868,0.08213368,0.17736803,0.03993197,0.13576467,0.11087688,0.021747818,0.0022170388
0.0002956243,0.013918407,0.049164653,0.13013044,0.14750212,0.08804827,0.178329,0.024814038,0.19782811,0.1455458,0.023044445,0.0013789991
0.00038432417,0.03264661,0.0610023,0.12319759,0.17770822,0.061670013,0.210918,0.039268762,0.13891593,0.107245,0.04501985,0.0020234422
0.9590706,0.02007967,0.010826202,0.00059281575,3.9090013e-05,0.00021201928,0.00041620276,0.0004979426,1.7336793e-05,0.00025198597,0.0002567022,0.007739396
0.0008736127,0.015682617,0.029404743,0.106084794,0.14198644,0.061300833,0.17656933,0.056931667,0.16671346,0.16855955,0.06792634,0.007966576
0.50485283,0.23161077,0.11590928,0.016958268,0.0015005722,0.00796636,0.0110821165,0.015053718,0.001239492,0.00851561,0.0075790775,0.07773196
0.0012244317,0.035181046,0.04884435,0.1231859,0.13998784,0.052384995,0.2060306,0.06740277,0.13692921,0.12095359,0.053602986,0.014272272
0.00022163561,0.013021276,0.056330726,0.14007604,0.1482197,0.08544162,0.18289866,0.021961711,0.19240545,0.13845351,0.019916398,0.001053207
0.00027957797,0.012461258,0.051529992,0.13837454,0.13907859,0.099416874,0.18054722,0.016146466,0.21058258,0.13584866,0.015011851,0.0007223191
0.00035002586,0.017685471,0.018603193,0.124306805,0.22229284,0.036379445,0.17917322,0.04481223,0.094633035,0.11496848,0.14400394,0.0027913563
0.001811652,0.08381752,0.05255918,0.15761374,0.11906603,0.05135848,0.15905446,0.087448254,0.05649066,0.09781763,0.11050308,0.022459388
0.0008938806,0.050914906,0.08798121,0.1514821,0.11101326,0.06259869,0.18255836,0.055242088,0.10928579,0.12795134,0.03657489,0.023503557
0.004265411,0.4410301,0.2944321,0.033073664,0.0053478866,0.0051866975,0.13164045,0.024373272,0.007059534,0.0057669193,0.002670433,0.045153618
0.0010663484,0.34359244,0.25129607,0.043126516,0.022960763,0.019266522,0.18828662,0.03366652,0.044591717,0.020941285,0.0033000761,0.027905136
0.0059788967,0.10873195,0.062010076,0.16195188,0.0772167,0.042915974,0.10525793,0.14477876,0.040676963,0.08381888,0.111125804,0.055536162
0.0014023171,0.07686048,0.07102223,0.17067118,0.1109543,0.05382694,0.1645789,0.079257,0.06365686,0.10682284,0.06500777,0.03593921
0.001605826,0.29599935,0.35185915,0.06034343,0.025389312,0.03686865,0.123687886,0.038196016,0.029992491,0.024121258,0.005052094,0.0068845944
0.000674843,0.05203107,0.0847366,0.11561605,0.15316275,0.07091158,0.1986747,0.047076,0.13960071,0.10038345,0.03333365,0.0037984932
0.000355634,0.20759732,0.36188424,0.059950225,0.035950333,0.04067376,0.15497102,0.031213213,0.06420861,0.03677,0.003342958,0.003082685
0.0035610278,0.17073701,0.07097523,0.13154033,0.069466695,0.028858913,0.14831324,0.09325521,0.033600032,0.059929624,0.10754036,0.08222234
0.0011491938,0.023636885,0.032908574,0.11177303,0.13602255,0.060378574,0.16771322,0.07467429,0.1382363,0.16279727,0.0786758,0.012034337
0.0034213813,0.4309103,0.35566455,0.030170314,0.0050805607,0.005284159,0.10628328,0.015219922,0.006489961,0.0057443115,0.0019922694,0.033738974
0.00017603788,0.006643661,0.029158164,0.11532627,0.12164744,0.06382451,0.18721856,0.022562942,0.22712663,0.20045984,0.02454677,0.0013092315
0.0042830864,0.37082335,0.23535879,0.054924794,0.014740117,0.00943569,0.16174823,0.031858366,0.016389256,0.013928056,0.0068577365,0.07965245
0.0012481153,0.058360152,0.08435939,0.08488685,0.105203606,0.05345395,0.21804872,0.037380494,0.2523188,0.07730245,0.02237358,0.0050639575
0.004901923,0.40018332,0.32846183,0.04490928,0.007889868,0.0075643784,0.11809967,0.02260169,0.009822113,0.00865784,0.0032158578,0.043692324
0.0014476975,0.29287782,0.23999467,0.06854977,0.027889019,0.019368928,0.15932353,0.034779735,0.040081903,0.03212928,0.0066968314,0.07686079
0.0016706926,0.40483293,0.38717854,0.031382,0.0064532706,0.008089582,0.10580339,0.016455635,0.010959779,0.0074156765,0.0011855043,0.018573029
0.0010209843,0.037325945,0.054618537,0.0906117,0.13205414,0.0753789,0.21604909,0.032797776,0.24370319,0.08926819,0.024048535,0.0031229085
0.0010132533,0.053606477,0.034064718,0.15903148,0.17682174,0.041662235,0.14938506,0.0633469,0.04857347,0.0878407,0.1766154,0.008038582
0.00073539367,0.06479937,0.08658665,0.10398079,0.12633698,0.05423529,0.22503883,0.05736578,0.1506112,0.09370484,0.025554022,0.011050945
0.0028480378,0.40428126,0.23772654,0.04937301,0.012841011,0.008008419,0.1530527,0.025181344,0.014839201,0.012603073,0.005329819,0.07391563
0.00047332456,0.035388533,0.049525607,0.1297131,0.18728206,0.055431373,0.20219493,0.049052514,0.11923187,0.10360232,0.06506775,0.0030366543
0.7741474,0.10308898,0.048968576,0.004790996,0.0005378826,0.0017621225,0.0034711575,0.005749925,0.00042796676,0.0027214575,0.0019492377,0.05238436
0.0016524278,0.2655192,0.23773675,0.08258179,0.030625448,0.021678705,0.15515627,0.038870476,0.04192556,0.037241973,0.0074132048,0.07959818
0.0005003898,0.05014731,0.083798215,0.10032568,0.12363294,0.06241617,0.21285681,0.04469503,0.1934336,0.102358,0.018756408,0.0070794583
0.0029990221,0.018254537,0.014580542,0.091629,0.1701444,0.16080162,0.12924755,0.057951055,0.15021457,0.12278446,0.076427124,0.004966174
0.0030004147,0.44197494,0.29440925,0.035072,0.008128167,0.00887223,0.13313554,0.02239888,0.010504751,0.009364192,0.0034450286,0.029694676
0.0002783062,0.012127916,0.051524725,0.14025642,0.13929278,0.10003524,0.17847078,0.016687635,0.20688462,0.13825934,0.015432803,0.00074945076
0.00058820605,0.024918538,0.05209592,0.12055036,0.18270284,0.0836114,0.18977776,0.038929768,0.15306471,0.114341974,0.036860447,0.0025580921
0.0006090705,0.02612066,0.05529757,0.12015263,0.18037511,0.08488788,0.19539279,0.03323895,0.1638584,0.10619419,0.032292183,0.0015805231
0.00054299354,0.02020327,0.0157096,0.13216268,0.21453756,0.03648083,0.14735092,0.05838301,0.06751988,0.11332269,0.18909039,0.004696193
0.00080683915,0.029942896,0.05726419,0.11950331,0.1749634,0.08653064,0.18767788,0.048521128,0.14073898,0.11350716,0.035739664,0.004803869
0.001371547,0.049193297,0.06367573,0.11433997,0.14894474,0.104269154,0.15673085,0.064404525,0.13960788,0.10926838,0.03961339,0.008580646
0.001293492,0.35795853,0.32853007,0.05184484,0.021878323,0.022596512,0.13586049,0.03232622,0.018501507,0.016421402,0.0061576637,0.006630983
0.0016032344,0.36236662,0.3197233,0.065201625,0.02304227,0.021711646,0.11513311,0.033640277,0.014498694,0.019772902,0.011762409,0.011543904
0.0004317627,0.029911172,0.057226326,0.1255441,0.18365273,0.06752431,0.20914353,0.039032847,0.13665383,0.10728088,0.04187771,0.0017208828
0.0016257128,0.14719161,0.12160993,0.14266615,0.1137975,0.051916525,0.16471352,0.06999759,0.0540198,0.06539997,0.057854593,0.009207123
0.9014871,0.04213159,0.029805074,0.0020636139,0.00028426954,0.00078874273,0.0012320938,0.0014892052,0.00012744177,0.0010253905,0.0007834777,0.018781994
0.0059594484,0.4687154,0.31334025,0.029062,0.0032722277,0.0036820816,0.08350912,0.0139197325,0.0031010169,0.004772544,0.0029401376,0.06772608
0.004432119,0.35278633,0.38088763,0.05932864,0.012166556,0.014420717,0.097507305,0.023803996,0.009049791,0.01515176,0.0071037714,0.023361467
0.0003447282,0.29967165,0.33700028,0.03576702,0.020949565,0.014550053,0.17113301,0.025610307,0.056158856,0.02112917,0.0015889333,0.01609643
0.000300458,0.011395929,0.0438704,0.13564035,0.1476472,0.09439137,0.1783644,0.019270664,0.20255943,0.14530042,0.020439338,0.00082008913
0.0043244455,0.42065778,0.3332618,0.035334747,0.00632793,0.0064714868,0.115704656,0.018677104,0.007701332,0.007317538,0.0029647055,0.04125655
0.00055858365,0.017442128,0.013920964,0.13277975,0.21996327,0.035659093,0.1402494,0.059129886,0.066833206,0.11406543,0.1946702,0.004728146
0.0017791193,0.3373267,0.43473706,0.041286007,0.010633018,0.015681922,0.10040488,0.022507219,0.012198683,0.0118467165,0.0026174951,0.008981231
0.0013821805,0.40279582,0.3180944,0.03332795,0.010751567,0.010888848,0.13560575,0.020855706,0.02373591,0.010720212,0.001402789,0.03043889
0.005282527,0.43400034,0.393122,0.034680687,0.0051688896,0.007326791,0.06565345,0.011895397,0.006110993,0.006903581,0.0024402698,0.027415099
0.0046353075,0.34836543,0.22197585,0.06443283,0.018800816,0.012061096,0.16140209,0.037458517,0.021127103,0.017777512,0.00859619,0.08336729
0.001074095,0.46946058,0.38679466,0.018797424,0.0033089602,0.0039707143,0.08077176,0.0076646106,0.004651943,0.0042669154,0.00086690125,0.018371448
0.00061521836,0.17749713,0.30486235,0.085399784,0.04556817,0.051472273,0.16392536,0.042477768,0.06535345,0.04976621,0.007040899,0.006021292
0.0040189675,0.41722396,0.2915533,0.042881683,0.011072407,0.008766582,0.11137739,0.019549131,0.018051313,0.010567642,0.0024960476,0.06244152
0.002063386,0.11493439,0.08144143,0.17366481,0.09696653,0.042260397,0.17249991,0.09173537,0.051966056,0.07784382,0.059498116,0.035125732
0.0055631334,0.377831,0.21820164,0.048499066,0.010883784,0.009491051,0.17693882,0.059618715,0.011607885,0.0124306325,0.009705657,0.059228666
0.001179973,0.3007947,0.29138204,0.057804022,0.02347217,0.01678006,0.15612589,0.029607411,0.03751359,0.026733512,0.0042562988,0.05435035
0.00043831856,0.016588097,0.023056678,0.12049088,0.19791843,0.045172393,0.18148606,0.04819094,0.12535633,0.13075888,0.10718271,0.003360265
0.0006064717,0.034198515,0.060532846,0.11864697,0.17655066,0.07519105,0.1996131,0.039855544,0.1471273,0.10638113,0.038984716,0.002311763
0.7897554,0.09575104,0.05103286,0.0038175401,0.00038774137,0.0011638481,0.0029130701,0.0032859985,0.00025996455,0.002127356,0.0014350207,0.0480702
0.0005475591,0.27503526,0.42936563,0.053670038,0.020136982,0.026470184,0.11087114,0.027830392,0.021160964,0.025351055,0.0038512521,0.005709616
0.0009430614,0.04585208,0.025210112,0.14989738,0.17899334,0.03765283,0.12893407,0.059390727,0.04046284,0.090257786,0.23512802,0.00727779
0.00091502606,0.33412382,0.45963165,0.034595195,0.0117210895,0.016882377,0.09139599,0.019497208,0.010553351,0.012884525,0.0027841427,0.0050156764
0.0057930313,0.43625525,0.26353192,0.04266524,0.007264776,0.0057602827,0.10982865,0.022439213,0.004963054,0.008770007,0.006588618,0.08613999
0.0012557831,0.052810393,0.080076784,0.08887419,0.10851801,0.056988627,0.21755725,0.035626084,0.24792184,0.081561275,0.024402801,0.0044070114
0.0016237034,0.29820833,0.24860606,0.06826731,0.025984854,0.018349126,0.1517778,0.03352959,0.03708442,0.030309934,0.0065314127,0.07972757
0.0023379778,0.47761014,0.2656965,0.03571166,0.0061515933,0.004277688,0.10333251,0.012904454,0.005647413,0.007320035,0.0033432255,0.075666726
0.0038681175,0.17525944,0.15990834,0.09727682,0.07026391,0.07627672,0.15589638,0.06617391,0.08997437,0.063658886,0.019940846,0.02150221
0.0055725435,0.5126533,0.2900618,0.026048029,0.002613942,0.0029463058,0.070365965,0.010540981,0.0027606818,0.003906351,0.0022375197,0.07029256
0.0011708621,0.057971474,0.087492846,0.08660356,0.10598238,0.05854323,0.21902768,0.032817226,0.25038934,0.07585023,0.020340357,0.003810797
0.0019440289,0.30957654,0.36355925,0.05404047,0.021011919,0.029840773,0.12451223,0.035293207,0.025982492,0.020565191,0.004475131,0.009198728
0.0044943644,0.3799364,0.26683864,0.054606784,0.012179409,0.009089228,0.14784506,0.02989085,0.012912651,0.012781307,0.005925352,0.063499905
0.0026697854,0.08914326,0.059362233,0.12679498,0.08061017,0.0348834,0.16929646,0.13574499,0.0567929,0.10137954,0.09330667,0.05001557
0.008953533,0.40385884,0.33498633,0.041716084,0.00603932,0.0066704103,0.10186405,0.02209457,0.008397217,0.007060795,0.003445534,0.054913282
0.0015242075,0.31831947,0.2930511,0.06774841,0.030623462,0.030310947,0.1475014,0.041177943,0.026917217,0.024708956,0.008961393,0.009155468
0.0022696198,0.3847151,0.22384924,0.059658904,0.022258962,0.016206674,0.17744619,0.042625166,0.017689317,0.017300082,0.0115827415,0.024398068
0.00061910966,0.28674197,0.35482043,0.04416395,0.025014736,0.029247845,0.15302312,0.028262056,0.04663901,0.022731869,0.0022409863,0.006494937
0.0014019252,0.046630673,0.060883813,0.124417014,0.14209005,0.05712386,0.20621337,0.06650107,0.133802,0.104636446,0.040032692,0.016267123
0.0011020628,0.4237082,0.3799977,0.025386754,0.0057688453,0.007966223,0.10842666,0.015287759,0.010916641,0.0067039886,0.0009183773,0.013816774
0.0013876028,0.046579212,0.06010989,0.120128214,0.1459067,0.060166985,0.20555265,0.06443036,0.13967346,0.102649264,0.039708387,0.0137073
0.9554714,0.02316382,0.009544842,0.0006058062,3.484876e-05,0.00022087796,0.0005048814,0.0006914309,2.0805157e-05,0.00028678644,0.00030614997,0.009148448
0.002213493,0.5095345,0.2894951,0.02439427,0.0038520612,0.0036285722,0.103348866,0.011922397,0.004528953,0.0044583855,0.00170821,0.04091522
0.0015654343,0.24227536,0.22513448,0.08018738,0.05797347,0.045696832,0.1797828,0.053068336,0.057249196,0.036495283,0.010768343,0.009803074
0.0051411698,0.46669003,0.20166472,0.04023185,0.008732123,0.006392169,0.11984094,0.025366003,0.0060306466,0.00991847,0.010036218,0.09995568
0.001613466,0.4840366,0.3962877,0.016533816,0.0024064945,0.00295436,0.065910935,0.005902964,0.0035647606,0.002869258,0.0005777507,0.017341908
0.0017061708,0.46142,0.4208123,0.016324788,0.0026012934,0.0034121885,0.06552789,0.0061702784,0.003905032,0.00314731,0.0006365604,0.014336107
0.0010621354,0.35378152,0.25323266,0.041080333,0.021395555,0.018169986,0.18662873,0.032216985,0.042813804,0.019416407,0.0030493042,0.027152674
0.0032284968,0.34165707,0.26206458,0.064980544,0.020648137,0.023326132,0.16156141,0.04580816,0.026712723,0.020375619,0.006583834,0.023053419
0.001030403,0.023144634,0.03442691,0.10874612,0.1368898,0.061898768,0.1773149,0.06503578,0.15941231,0.15572636,0.06683199,0.009541984
0.96410286,0.017611371,0.009001973,0.00053896423,3.3072174e-05,0.00019790237,0.00042243255,0.0005002513,1.6392614e-05,0.00022956288,0.00025996068,0.007085329
0.0021222443,0.36914054,0.29153588,0.05252742,0.0148511315,0.012201566,0.16145673,0.03165092,0.016356565,0.01440753,0.004542602,0.029206865
0.0011178143,0.2892654,0.21428826,0.068908036,0.03006424,0.018648963,0.17486507,0.03541078,0.04576108,0.03432769,0.007587635,0.07975513
0.0061937873,0.025167847,0.020401591,0.07872665,0.18445498,0.15541936,0.116072744,0.08752989,0.11606938,0.10455787,0.092579745,0.012826178
0.00067574246,0.023687553,0.030032534,0.12117778,0.14683832,0.041830745,0.19059286,0.066227764,0.12116492,0.1457864,0.10225899,0.009726433
0.0029874379,0.07300098,0.07017309,0.12808444,0.14661473,0.10166858,0.15164325,0.079326436,0.10105052,0.08479592,0.051905215,0.0087494105
0.0010134397,0.4121132,0.3944092,0.025255721,0.0061913114,0.008959468,0.104299985,0.015417237,0.012359706,0.0069996025,0.0007995722,0.012181567
0.0004304551,0.07711722,0.15993242,0.114212535,0.09772557,0.07648443,0.18168603,0.039671417,0.14456625,0.09255362,0.013119168,0.0025009206
0.0012663968,0.42279592,0.3728214,0.027121924,0.006276505,0.008829961,0.10943691,0.016277656,0.0121747255,0.0073261396,0.0010118227,0.014660536
0.0069571463,0.47376475,0.1757494,0.039017618,0.009001208,0.007745261,0.119077675,0.032036915,0.0070915967,0.011659823,0.016293244,0.10160541
0.00053182826,0.03639836,0.050281115,0.11762353,0.1675025,0.067962855,0.1902089,0.05302449,0.1389019,0.12298584,0.0489399,0.005638812
0.0003783629,0.19338854,0.32594004,0.0691986,0.04117807,0.044857405,0.16881755,0.035070773,0.068651184,0.04365576,0.0050043594,0.0038593526
0.0017903337,0.27103513,0.22979452,0.09152282,0.046055563,0.037712887,0.16830304,0.0523393,0.039135855,0.03531214,0.013816346,0.013182096
0.002132157,0.4065862,0.31627837,0.03219785,0.008760678,0.009390017,0.15555467,0.024917465,0.01208938,0.008654974,0.0027769099,0.020661348
0.00032348212,0.06893498,0.17103033,0.11217834,0.08967065,0.06518804,0.19570427,0.037772365,0.14684018,0.09588751,0.01325869,0.0032111139
0.00072449615,0.07210319,0.08584766,0.12810193,0.1324688,0.061762575,0.21244419,0.058922235,0.103707634,0.09056222,0.044502333,0.008852706
0.0011484373,0.2630248,0.3212185,0.07255356,0.0311788,0.037922647,0.13874373,0.0416253,0.03641934,0.03609386,0.0075775017,0.01249354
0.020951405,0.3029399,0.23246819,0.090883724,0.020332769,0.019208778,0.10887858,0.053083945,0.023785317,0.021316584,0.013370561,0.0927803
0.0021783386,0.06667972,0.08513473,0.11263507,0.14402255,0.13727662,0.14496098,0.058274914,0.13318048,0.08423584,0.026345711,0.005075082
0.0019986066,0.4764212,0.24820198,0.030746266,0.00651476,0.0050360556,0.14718068,0.018849358,0.0074616657,0.006801561,0.0028649955,0.04792293
0.0004346304,0.034789037,0.056353744,0.13060749,0.1885757,0.061975725,0.20609123,0.04549802,0.11993484,0.10191832,0.0515942,0.0022270188
0.0028022823,0.10639729,0.065297246,0.14646359,0.09294169,0.042257313,0.16604717,0.11404788,0.054389533,0.08743267,0.08729011,0.034633238
0.0074859164,0.041046694,0.030185971,0.08607939,0.17043835,0.17438947,0.12943147,0.06906595,0.13533618,0.09094141,0.052972853,0.012626384
0.001722291,0.31376305,0.29243776,0.048556242,0.022943707,0.0250205,0.15701185,0.035270255,0.048256468,0.02512119,0.003309084,0.026587646
0.004150069,0.40884405,0.17989872,0.049628835,0.015414934,0.0129965,0.17743172,0.048670296,0.014674034,0.016098924,0.01758186,0.05461009
0.00048691756,0.34228286,0.33316344,0.03733439,0.01618816,0.010285327,0.15510496,0.020188956,0.028587097,0.017349234,0.0023073694,0.03672123
0.0009425259,0.33011708,0.31038165,0.052635696,0.026626298,0.029562114,0.15060967,0.03514905,0.029833294,0.021922018,0.0055038696,0.0067167655
0.0008720148,0.31617528,0.28770494,0.051678512,0.02307743,0.01781672,0.16917416,0.031782992,0.042285267,0.024199072,0.0030979563,0.03213564
0.00030306718,0.013682197,0.046095498,0.12844984,0.15316126,0.08474754,0.18077181,0.024541853,0.19678295,0.14447615,0.025859833,0.0011279954
0.0028708514,0.435091,0.26413542,0.039636683,0.009075307,0.0074923146,0.14504756,0.02269838,0.012996678,0.009627958,0.0033952894,0.047932602
0.00035214514,0.022065818,0.09070471,0.14260696,0.11132515,0.07773989,0.17649388,0.029835517,0.18190557,0.14288075,0.021722995,0.0023666914
0.00081708614,0.049369976,0.054064006,0.116732314,0.14580455,0.06234293,0.18894868,0.06615325,0.12200957,0.12072447,0.062136192,0.010897036
0.004563157,0.14245792,0.062088203,0.15761471,0.07819492,0.034166858,0.12640415,0.117817916,0.029122887,0.06364846,0.12651962,0.057401206
0.0005106529,0.0429029,0.07050634,0.107229814,0.17597894,0.075945966,0.20968048,0.038117196,0.15841563,0.09274274,0.025724288,0.0022449677
0.00030583702,0.013216004,0.046527423,0.12101739,0.123087615,0.07550803,0.17904387,0.021795493,0.23708495,0.15680698,0.024059674,0.0015467437
0.00097590237,0.07294245,0.09732368,0.118085586,0.123848766,0.06713876,0.1990801,0.057855833,0.12932305,0.092899874,0.029745026,0.010781009
0.0012100316,0.095845126,0.09525031,0.1145649,0.11113715,0.051704504,0.21591179,0.07408909,0.104473926,0.082693264,0.03270013,0.02041973
0.0024978404,0.3690819,0.29892445,0.05009681,0.014184562,0.013948977,0.125861,0.023813576,0.021906495,0.017209271,0.0037081062,0.0587669
0.0019255263,0.29405734,0.30861074,0.06744194,0.02933763,0.033473577,0.14508773,0.042875547,0.03242308,0.026833555,0.0069144224,0.011018897
0.002514352,0.27249056,0.22917385,0.076119296,0.032466777,0.022550218,0.16193698,0.042143703,0.045305144,0.034087118,0.008114631,0.0730974
0.00086141925,0.030781887,0.06182288,0.11274949,0.124748655,0.07022078,0.1762552,0.048006147,0.18722285,0.14427353,0.03287498,0.010182174
0.0026957912,0.15320943,0.11190605,0.15797496,0.08716918,0.038495887,0.1754327,0.08347871,0.053976372,0.06237644,0.033784106,0.039500434
0.00036378135,0.02452812,0.07664246,0.1543686,0.12975603,0.07477179,0.17947048,0.03632484,0.14058949,0.14222169,0.037492007,0.00347069
0.00037479948,0.17086025,0.32044256,0.07728824,0.044177495,0.04312787,0.17697823,0.036712367,0.07137615,0.048006494,0.0057844203,0.0048711835
0.002536399,0.39944583,0.3669771,0.04071391,0.008868861,0.013234659,0.10295884,0.02145065,0.015726445,0.010280259,0.0018665224,0.015940553
0.0047110384,0.31638175,0.2077679,0.05890508,0.021314498,0.01999246,0.2013114,0.065702364,0.02604725,0.023263123,0.019036127,0.03556711
0.0016738407,0.4167026,0.38923022,0.03090781,0.0055835363,0.0062633567,0.09303805,0.011734613,0.0078122313,0.0072876466,0.0015755199,0.028190635
0.0007712659,0.054063108,0.06879368,0.11651208,0.16987056,0.07036395,0.20473723,0.054680318,0.12724842,0.09078061,0.037654206,0.004524528
0.0022533622,0.3603733,0.23290436,0.05515762,0.021694038,0.01893286,0.1619423,0.035413828,0.03899954,0.020991879,0.0043874388,0.046949502
0.001540323,0.35012585,0.37714264,0.0432616,0.010905586,0.01410245,0.12309409,0.024079354,0.019112213,0.013642535,0.0019742928,0.021019049
0.0012487851,0.096607745,0.104372695,0.113196604,0.116210915,0.06947784,0.2000387,0.06447785,0.112057246,0.07992248,0.029182063,0.013207041
0.9322177,0.03585531,0.013858816,0.00093062635,5.4753298e-05,0.00036851954,0.00080930546,0.00116039,4.0842606e-05,0.00044501913,0.00048548885,0.013773245
0.0011167327,0.34218395,0.2847063,0.04359099,0.018274277,0.015395121,0.1809993,0.028999018,0.029297166,0.018791748,0.0038191092,0.032826334
0.00088375906,0.28815773,0.27013537,0.05529524,0.030758074,0.026099395,0.17725897,0.038666815,0.056976534,0.031181684,0.0037606119,0.020825848
0.00142018,0.29119,0.31663367,0.0638512,0.030545928,0.036368687,0.14560966,0.039487205,0.036967333,0.025355188,0.0050858576,0.0074850894
0.00031593026,0.016424203,0.02951971,0.110021375,0.17392781,0.052137826,0.20125942,0.03876634,0.17339495,0.13382716,0.06766669,0.0027386462
0.0049611637,0.4672407,0.29488605,0.033200253,0.004591042,0.0046394602,0.09817785,0.016943133,0.0039735343,0.005973535,0.003653193,0.061760206
0.0011466512,0.05871833,0.070031084,0.13615844,0.13831165,0.05202862,0.19375639,0.076955035,0.10255312,0.10574108,0.043491628,0.021107852
0.00016579102,0.00796639,0.038265906,0.1267085,0.117033854,0.06596176,0.1953181,0.01769556,0.23448734,0.17584144,0.019415757,0.0011396947
0.002910594,0.39252928,0.25954467,0.05830368,0.011962764,0.008008689,0.13316432,0.024152251,0.010514229,0.013232912,0.0060565397,0.07962015
0.00078855164,0.029945588,0.064632446,0.11411904,0.12519439,0.077704616,0.1716188,0.043699585,0.19569148,0.14050928,0.028099252,0.0079969345
0.002696253,0.43254307,0.2441285,0.040943462,0.010098437,0.0075602634,0.15531266,0.024198694,0.01382168,0.010042147,0.003784105,0.054870676
0.0013438291,0.051949628,0.024323067,0.17678513,0.16479957,0.036300417,0.11211418,0.07173157,0.0302737,0.08730794,0.23129512,0.01177594
0.0011909701,0.05984734,0.07622873,0.12855297,0.15704365,0.072529696,0.18647237,0.064496204,0.107495375,0.09267304,0.04564788,0.007821765
0.0016085323,0.42057166,0.40165824,0.030033935,0.0065268846,0.009643728,0.0883861,0.0153211085,0.0064187096,0.007838938,0.002336315,0.009655873
0.0010334493,0.41295612,0.34557304,0.026227424,0.009253865,0.010636345,0.12384244,0.018094234,0.02246999,0.009433878,0.0009866147,0.019492649
0.00016686093,0.007518699,0.035360243,0.12303301,0.11917838,0.066608146,0.19404389,0.018526964,0.23384456,0.17991471,0.020627344,0.0011772133
0.0003595681,0.028996486,0.06647001,0.10832147,0.1623903,0.05852366,0.21829416,0.032692973,0.18587261,0.10437461,0.0314505,0.0022535634
0.0030992953,0.38288027,0.385191,0.04913415,0.010338833,0.013459817,0.09247423,0.020750148,0.008031908,0.012687155,0.005397316,0.016555933
0.0002966826,0.30096507,0.3542286,0.03267141,0.019430868,0.013923493,0.16152711,0.023796503,0.05921303,0.01948166,0.001239396,0.013226144
0.0041167573,0.11338242,0.09668551,0.134621,0.10201272,0.051897075,0.15820964,0.10782752,0.07746148,0.07283918,0.05066074,0.03028602
0.0006745837,0.04074509,0.049227417,0.13252072,0.19071159,0.06244859,0.19916673,0.06042153,0.10172743,0.097473346,0.06086166,0.004021414
0.00022041693,0.0153490575,0.050006673,0.10696779,0.11181776,0.05963607,0.19372323,0.024284914,0.24583167,0.16329303,0.0271671,0.001702309
0.0007636959,0.16983609,0.32035866,0.10164664,0.04457447,0.05499388,0.13910702,0.04257761,0.054305587,0.055574227,0.010910922,0.0053511625
0.0012408352,0.33870003,0.33230358,0.04428752,0.01587913,0.013604012,0.14070988,0.024294218,0.028231725,0.018323509,0.0028244643,0.03960106
0.02777844,0.40028295,0.24229711,0.04206357,0.006837961,0.007686674,0.083389245,0.036310773,0.0058578863,0.013217701,0.013265149,0.1210126
0.0030367207,0.043767318,0.058184348,0.114992924,0.118567854,0.08280472,0.14221707,0.07887033,0.122648485,0.14618835,0.05671791,0.03200398
0.0014746368,0.38455346,0.27124134,0.041575484,0.014508474,0.012596799,0.16624415,0.02604137,0.024305616,0.014709888,0.003385368,0.039363384
0.0021501905,0.2928388,0.16382267,0.084482886,0.0385796,0.017945997,0.21972181,0.06019205,0.027155131,0.025901275,0.020292312,0.046917293
0.0013776988,0.32235068,0.30930322,0.044783376,0.020331075,0.023475612,0.15101834,0.032161485,0.044780057,0.023605032,0.002655403,0.02415799
0.002033164,0.054509632,0.06281473,0.13956915,0.14258489,0.057869297,0.17164356,0.08087531,0.10544171,0.10744111,0.04919684,0.026020573
0.00036583288,0.04199526,0.12182023,0.14660877,0.11416861,0.082770966,0.1747143,0.039745133,0.13858359,0.11361264,0.023316292,0.0022982992
0.0010400633,0.44145253,0.39771414,0.019757934,0.00421103,0.0055971597,0.09392489,0.011185201,0.0076807262,0.0045586945,0.0006440749,0.012233614
0.0030685037,0.02100131,0.017216658,0.09526817,0.15965283,0.15606782,0.12870784,0.057635523,0.15824704,0.124454655,0.07363061,0.005049031
0.00021533736,0.01674914,0.07536935,0.13372974,0.105263196,0.06428961,0.18629453,0.022376794,0.21720871,0.15658538,0.020243665,0.001674619
0.000178592,0.0073498683,0.031501036,0.115923256,0.11979551,0.07020718,0.18610689,0.020160355,0.23415634,0.19166575,0.021736285,0.0012189683
0.0010824703,0.045403484,0.07253789,0.12711848,0.16288523,0.09892782,0.1682742,0.0578829,0.124518506,0.10135938,0.034436032,0.005573621
0.79627085,0.09624204,0.056768823,0.003425402,0.00030377292,0.0013054997,0.002763598,0.0039344667,0.00025376168,0.0017075784,0.0012847494,0.035739478
0.00040879438,0.047176525,0.13699445,0.15131542,0.105487,0.089126974,0.16964939,0.04264672,0.12666173,0.106468454,0.02166169,0.0024027943
0.0020526394,0.41391763,0.31096604,0.030980242,0.008532711,0.009161146,0.15635198,0.024469107,0.011897093,0.008409493,0.0027470312,0.020514874
0.0023701107,0.51399595,0.29653212,0.023123482,0.003521547,0.003463555,0.09658363,0.011163506,0.0042154496,0.004074706,0.0015767976,0.03937909
0.0010755357,0.023602512,0.0165786,0.14416488,0.18509497,0.04242218,0.126546,0.07925082,0.06209331,0.11608785,0.19430263,0.008780766
0.00082805107,0.03538536,0.045182526,0.11937356,0.14383827,0.060469076,0.18613169,0.06525368,0.14311633,0.13361949,0.057327602,0.009474345
0.0033354834,0.41063946,0.2830666,0.044270854,0.009129956,0.0071328944,0.1420985,0.023312254,0.011226478,0.009700301,0.003617118,0.052470107
0.9498009,0.025781047,0.011799227,0.0006654923,3.986396e-05,0.00024870373,0.00055336894,0.00061050983,2.2418282e-05,0.00028957083,0.00031331312,0.00987557
0.0027777655,0.4347513,0.33309546,0.031150471,0.0054203174,0.00472526,0.11814483,0.015315765,0.006893461,0.0058905915,0.0019527031,0.03988208
0.00032970487,0.013088727,0.038217194,0.11657601,0.14121896,0.061331414,0.18647121,0.030350989,0.21788599,0.15227844,0.040196635,0.0020546466
0.00047457288,0.28127855,0.29303846,0.04238689,0.028465461,0.022476511,0.19117561,0.030002762,0.06701768,0.028274562,0.0029507775,0.012458172
0.0005213756,0.35358068,0.35610992,0.032699578,0.013230162,0.013612712,0.15269835,0.022877807,0.025372686,0.014270843,0.0014751022,0.01355074
0.00034323306,0.012705987,0.045609053,0.13386805,0.15025033,0.1048384,0.17032057,0.022226637,0.19174755,0.1471887,0.019831218,0.0010702579
0.00045712868,0.033444792,0.051284365,0.15973233,0.17198521,0.06592984,0.17358486,0.047927223,0.09450324,0.113090195,0.08363208,0.004428717
0.0015392322,0.015763149,0.024880875,0.08715595,0.13644154,0.07741769,0.18219203,0.059613854,0.18140973,0.13963808,0.08803768,0.0059102937
0.0003380787,0.1632839,0.3154628,0.07700452,0.04638685,0.04357477,0.17914619,0.03536983,0.07962912,0.050082613,0.005681607,0.0040397067
0.00017924134,0.007325702,0.03146101,0.11710847,0.12174014,0.06946981,0.18509455,0.020950932,0.23133522,0.19129376,0.022761732,0.0012794997
0.0008329997,0.044664893,0.07081306,0.09692369,0.10486697,0.054402474,0.19973089,0.052838415,0.20719124,0.12362144,0.03202076,0.012093162
0.0017336892,0.0366299,0.041601684,0.1369628,0.12119315,0.04082341,0.17654026,0.08974289,0.090615615,0.13797425,0.089470714,0.03671162
0.0015924907,0.43573016,0.37104312,0.028947135,0.004937766,0.00499639,0.095558055,0.010641256,0.006560197,0.0063567637,0.0014826937,0.032153968
0.00038482674,0.01992166,0.07067679,0.15056574,0.12782186,0.07774615,0.17485553,0.033194926,0.16166288,0.14938495,0.030920377,0.0028643885
0.004746036,0.19054118,0.17294885,0.08772168,0.062383015,0.05190731,0.18104196,0.07751558,0.07913537,0.045918327,0.023238003,0.02290275
0.00019463932,0.015814558,0.053434573,0.1030841,0.10745089,0.057656534,0.1969841,0.022166437,0.2597395,0.15801731,0.023940414,0.0015170784
0.0055421833,0.11290502,0.046521228,0.11997921,0.06797416,0.025854677,0.109597795,0.12055107,0.031088328,0.0838109,0.18734257,0.08883284
0.006534411,0.40219083,0.25980207,0.051859394,0.00959509,0.008791772,0.1345885,0.033361748,0.00914298,0.011143535,0.0068133166,0.066176414
0.0003743847,0.012728837,0.042699993,0.12478237,0.13405144,0.08465754,0.16499178,0.02900387,0.2048047,0.17049704,0.028860105,0.0025479752
0.0027158114,0.28766638,0.17530899,0.10198987,0.047826555,0.027380101,0.17846656,0.065114245,0.02660124,0.032158546,0.034383934,0.02038776
0.0005798303,0.3099008,0.4884107,0.03209446,0.010061689,0.017322779,0.088206075,0.018047862,0.013836616,0.014860185,0.0015815733,0.0050974367
0.00038799006,0.03115556,0.061521634,0.12740761,0.17616622,0.065884896,0.20408696,0.03970613,0.13775143,0.11051268,0.04354512,0.0018737987
0.9605767,0.020199044,0.008824074,0.00047368725,2.748924e-05,0.00015662964,0.00042570345,0.0005392997,1.6003352e-05,0.00021456502,0.00022667079,0.008320074
0.00027418966,0.038060747,0.10776661,0.15083787,0.1152493,0.06857545,0.19590053,0.03982343,0.12839821,0.12066805,0.031173669,0.0032719984
0.006231001,0.3518737,0.3335887,0.0710869,0.013860882,0.016098931,0.103152946,0.030798126,0.019470695,0.01559861,0.004298114,0.03394151
0.0017514538,0.27091476,0.20994769,0.0777031,0.03208776,0.019941311,0.16184814,0.039107673,0.04849685,0.03664887,0.008305493,0.09324685
0.0018251186,0.051972445,0.034092408,0.14560115,0.10756936,0.028916301,0.15768331,0.120979816,0.0511629,0.11329413,0.151883,0.035020024
0.0015886173,0.092855595,0.06692586,0.14675815,0.10875086,0.05651166,0.17168215,0.07847697,0.06570916,0.0993431,0.08753785,0.023859946
0.0011849343,0.053091824,0.07897664,0.08664948,0.106447816,0.055569228,0.22085437,0.036196783,0.25418907,0.07910601,0.023180496,0.0045533967
0.0012841569,0.40868768,0.3629808,0.03122458,0.0070378575,0.008516929,0.120050415,0.017537888,0.012927995,0.008091651,0.0011804918,0.020479543
0.0046885503,0.50949097,0.36388722,0.020840695,0.0021348745,0.0025093418,0.048221696,0.0053620352,0.0025926288,0.0029048058,0.00093860604,0.036428574
0.0023509404,0.2758122,0.18944187,0.08046864,0.041913062,0.026457023,0.20606036,0.05915622,0.04087109,0.032018133,0.014534414,0.030916043
0.0016199864,0.32633469,0.28105417,0.057439707,0.020979768,0.016479475,0.15001336,0.029704602,0.03185294,0.023389228,0.0047843643,0.05634777
0.001025117,0.43956882,0.33106542,0.02568094,0.0070668384,0.008550515,0.13100363,0.0176822,0.0148769915,0.0067166565,0.0009161792,0.015846768
0.0021910472,0.087529376,0.05267332,0.16001056,0.104227826,0.046505947,0.15382037,0.10140507,0.051992096,0.10068217,0.10403234,0.03492981
0.0013602664,0.042199537,0.05549407,0.12290852,0.14178722,0.056034338,0.20695992,0.066429906,0.13774869,0.10944335,0.044822693,0.0148115
0.0039789267,0.4265158,0.31181636,0.048020497,0.0073648524,0.0065135173,0.101329796,0.017904198,0.0066656694,0.009380674,0.004387129,0.05612263
0.0013909512,0.25164965,0.19436297,0.08278815,0.036903884,0.027576838,0.16878457,0.04158163,0.059127815,0.04919521,0.011156901,0.075481445
0.0010727432,0.38991958,0.31369844,0.03252196,0.01284854,0.013766612,0.14442123,0.022915905,0.030118013,0.013461167,0.0015049506,0.023750918
0.002162885,0.5143043,0.28519443,0.024924453,0.0038502032,0.0035153371,0.10088001,0.011597656,0.0043135122,0.0044474974,0.0017686847,0.04304097
0.003012602,0.39089373,0.29257783,0.059499327,0.011017398,0.008597938,0.12172672,0.02268853,0.009482183,0.012822092,0.005932488,0.061749093
0.0032561892,0.42848814,0.23840627,0.059814602,0.015189205,0.012893459,0.13177137,0.030399088,0.010850633,0.014870059,0.010693107,0.043367907
0.0012529342,0.058225047,0.08371798,0.08485077,0.106137946,0.053222742,0.2186487,0.037758764,0.25060466,0.0773886,0.023066519,0.005125348
0.00035566412,0.025048343,0.06899973,0.11891642,0.13079298,0.06348612,0.19124335,0.030596355,0.19736981,0.1358448,0.03493046,0.0024160182
0.0006590237,0.042434424,0.052840713,0.11953537,0.15279074,0.057993714,0.19131143,0.06050105,0.12677199,0.12690954,0.05797304,0.010279029
0.00034249114,0.010959377,0.04080922,0.1276602,0.1221826,0.07339744,0.17436491,0.031009795,0.2026786,0.18454719,0.028511912,0.003536278
0.003472546,0.3821399,0.25139,0.045499958,0.010743883,0.008920511,0.17840585,0.042873424,0.014652145,0.010575717,0.0047404724,0.04658561
0.0016990252,0.2950756,0.28596225,0.07077559,0.021949854,0.017304756,0.12636423,0.02891137,0.029796148,0.029921977,0.0061449963,0.08609434
0.0019983114,0.4843386,0.39853612,0.016915938,0.0024724458,0.0032218888,0.06313052,0.0059454413,0.0033457004,0.0029886109,0.0007309728,0.016375327
0.00039235587,0.02550032,0.04500279,0.12533793,0.19295497,0.053219005,0.21032146,0.039363008,0.13650237,0.10693317,0.062128022,0.002344611
0.0031119422,0.42992175,0.35265636,0.031485904,0.005153735,0.004815414,0.10734497,0.014610543,0.006669467,0.005689498,0.0018031145,0.03673734
0.9397648,0.03219071,0.012227329,0.00084020133,4.7268037e-05,0.0003313102,0.00067694334,0.001000332,3.37095e-05,0.0003909716,0.00042984818,0.0120666
0.004416141,0.15648974,0.079033256,0.17117159,0.079430595,0.034314454,0.14265947,0.10930638,0.034882497,0.056851987,0.067095965,0.06434792
0.0012590326,0.042630125,0.056893237,0.11795978,0.1451116,0.059332177,0.20781581,0.062335324,0.14460362,0.10748933,0.042674143,0.011895818
0.6767512,0.14591978,0.079531886,0.007159573,0.00079150376,0.0026657623,0.005376838,0.008120093,0.0007454298,0.003946939,0.0028229295,0.06616804
0.0033271313,0.4784353,0.24272624,0.02933958,0.0055099763,0.0051582903,0.1393738,0.0207779,0.0069531207,0.0063228454,0.0032337897,0.058842063
0.0015082617,0.32993576,0.34237364,0.053594764,0.018052256,0.02406393,0.13451539,0.034175705,0.024637816,0.020197997,0.003783205,0.01316124
0.0004800106,0.009976798,0.03168606,0.10727235,0.12639925,0.06109127,0.18467213,0.03644854,0.22805375,0.1723559,0.037463106,0.0041008005
0.002873198,0.36498198,0.32036117,0.055370778,0.013486137,0.014943873,0.12587787,0.028095694,0.019752212,0.01591609,0.003936634,0.03440421
0.0026419822,0.39475232,0.37888634,0.041379653,0.008302654,0.011326494,0.09527446,0.017086204,0.010961898,0.011183863,0.0031427303,0.025061322
0.0014424319,0.4265889,0.38022077,0.027034657,0.0058464725,0.008460919,0.10206501,0.015386633,0.011185106,0.0067387535,0.0009839532,0.01404639
0.002049265,0.17768206,0.1951221,0.08883982,0.06362047,0.04338147,0.19540185,0.055052765,0.08900325,0.0525953,0.012167558,0.025084019
0.00043356398,0.31596413,0.31933525,0.03511229,0.021352017,0.016506845,0.1755609,0.02650418,0.0505675,0.020957526,0.0018759524,0.015829885
0.0009345154,0.31253728,0.28369427,0.0641693,0.034738272,0.02982196,0.16129853,0.040116403,0.030417869,0.02578172,0.009089526,0.0074004126
0.0028780387,0.03832509,0.051623087,0.1347433,0.11218559,0.056045983,0.14631468,0.08179126,0.10800893,0.15083764,0.057500407,0.059745993
0.0003616055,0.022556191,0.07905602,0.13933146,0.10642153,0.072206,0.18950279,0.033536877,0.16700226,0.16081338,0.024742018,0.004469904
0.0031008527,0.019456113,0.015503946,0.09294567,0.16740786,0.16008496,0.12854525,0.05838937,0.1508918,0.122374915,0.07618118,0.005118105
0.0027116514,0.42471465,0.24031295,0.042918924,0.0111093335,0.0081407055,0.1588576,0.02572103,0.014875045,0.010836264,0.0041712,0.055630617
0.0009479684,0.4369653,0.40961173,0.01817497,0.0040512816,0.005328182,0.0909384,0.010476043,0.007579676,0.0041140085,0.0005535004,0.011258934
0.0005134402,0.03556272,0.04919859,0.11664932,0.16874076,0.067236885,0.19096251,0.052303843,0.14027934,0.123643674,0.049523916,0.005385104
0.0011333688,0.040871397,0.056480076,0.08853065,0.1282411,0.069871046,0.21623993,0.038169544,0.23525384,0.09407664,0.027063577,0.004068884
0.0023735822,0.42343676,0.27717727,0.03279678,0.008737098,0.008900009,0.16583328,0.02762869,0.012181761,0.009236188,0.0033970794,0.02830145
0.96059376,0.019542152,0.009584182,0.00054237817,3.2822176e-05,0.00018786627,0.00045104977,0.00054210355,1.744227e-05,0.00023861851,0.00026063228,0.008007017
0.00028994758,0.02396469,0.09956385,0.1310915,0.112028785,0.06993085,0.18358332,0.027191492,0.19014294,0.13665824,0.023838136,0.0017163098
0.00068233686,0.23184137,0.2878089,0.06429248,0.035741474,0.038001623,0.16804814,0.03545852,0.076513276,0.046313345,0.0042978404,0.011000671
0.001177462,0.07991309,0.068964705,0.18583213,0.11710471,0.052075464,0.16397288,0.07581575,0.054036655,0.097705804,0.071966685,0.03143465
0.00021609016,0.015390419,0.058718354,0.12424132,0.11009034,0.06302014,0.19084615,0.024862815,0.2124281,0.17240076,0.025810838,0.001974673
0.0030170789,0.31730318,0.35072237,0.06372917,0.018635223,0.023698887,0.12367922,0.03523963,0.021529917,0.020529915,0.0057220287,0.016193382
0.0014393895,0.014573625,0.03191937,0.100701295,0.13295548,0.087579355,0.18348175,0.041004654,0.20118836,0.16068807,0.036799334,0.0076694116
0.00029009336,0.29502892,0.34797844,0.034192886,0.020189613,0.013438643,0.17116185,0.024657357,0.05728996,0.019781908,0.0013797843,0.014610615
0.0011715969,0.30894595,0.28039777,0.085725844,0.03136681,0.02490939,0.14749005,0.038318954,0.021241529,0.02703772,0.014730184,0.018664103
0.0019275261,0.3424586,0.20257299,0.059435476,0.031690978,0.023050724,0.20117089,0.05017428,0.031916134,0.022922797,0.018388784,0.01429083
0.0022816176,0.071092464,0.035498466,0.1699453,0.12602387,0.040837213,0.10700585,0.086202994,0.03257561,0.09419845,0.219575,0.014763205
0.0015437668,0.4143523,0.28179005,0.045262188,0.014091076,0.015545866,0.1523154,0.030513883,0.015804932,0.012155508,0.004255718,0.01236931
0.002668007,0.2730473,0.3134408,0.07666441,0.028974704,0.030371264,0.14280763,0.045147087,0.03129098,0.029362138,0.008208307,0.01801731
0.00044611082,0.20955054,0.3428195,0.058156636,0.03988466,0.04624463,0.15140331,0.030464873,0.07735226,0.037968956,0.0031907698,0.0025177968
0.0005381029,0.030802999,0.06297957,0.116601676,0.17773831,0.07478542,0.20446786,0.037686586,0.15273222,0.10633421,0.03299971,0.0023333144
0.00020313884,0.014352197,0.046174448,0.10023538,0.11006724,0.05286927,0.19996339,0.026056433,0.25318053,0.16653925,0.028468307,0.0018904372
0.0007917752,0.029417433,0.06308701,0.11412445,0.12587896,0.074698195,0.17383265,0.044614878,0.19336435,0.1421695,0.029601272,0.008419505
0.00096942944,0.039340045,0.030641818,0.13507687,0.16803929,0.04554608,0.17124957,0.07584422,0.08111695,0.11091797,0.13237776,0.008879944
0.0014697849,0.014238385,0.022876317,0.08734128,0.13822727,0.073646076,0.17599916,0.062572286,0.17265162,0.1449605,0.09995113,0.0060662427
0.00016789432,0.00891859,0.042086016,0.1284923,0.114566736,0.06822841,0.19140927,0.016675988,0.23993431,0.17065148,0.017799636,0.0010693754
0.0007178282,0.30845895,0.38885742,0.041962035,0.015506259,0.015516932,0.13251092,0.024186708,0.029574068,0.020297615,0.0022923714,0.02011886
0.0014311526,0.23505129,0.23136392,0.07313976,0.05146883,0.03819978,0.19236608,0.049683288,0.066939525,0.036577825,0.007776248,0.016002283
0.0013030289,0.26024517,0.42429683,0.07702468,0.018441074,0.026783401,0.09734573,0.028106378,0.018582173,0.02794196,0.0064289626,0.013500649
0.0042772098,0.418176,0.19971216,0.04668183,0.0141503,0.012843205,0.16859941,0.043636564,0.014000303,0.01495977,0.013157243,0.049806084
0.00048431935,0.030622525,0.04634521,0.12940143,0.1928949,0.05932456,0.20319384,0.048902664,0.120360404,0.10506123,0.060509,0.0028998891
0.00028429952,0.012953965,0.053217594,0.13861956,0.13912974,0.10092789,0.17892934,0.016756028,0.20778336,0.135448,0.015222681,0.00072761264
0.00029621986,0.01406453,0.051624928,0.12206777,0.118122175,0.07734556,0.17801288,0.020588888,0.2412936,0.15423755,0.02079339,0.0015525956
0.9605901,0.01945426,0.009790326,0.00060918793,3.827933e-05,0.00023065275,0.00046214458,0.00059988827,1.9788446e-05,0.00026370806,0.00029182306,0.007649867
0.0002904132,0.046237197,0.14192145,0.13714902,0.10722427,0.0760551,0.18291537,0.03730558,0.13908419,0.108703665,0.021354565,0.0017592122
0.00028983972,0.30779272,0.32477587,0.033679377,0.02048667,0.012509482,0.17680877,0.025246406,0.061576363,0.018675458,0.0014017897,0.016757311
0.0012056234,0.05642653,0.061636522,0.14112826,0.14513372,0.05341918,0.1916108,0.07852941,0.09832727,0.103275426,0.05114716,0.01816014
0.0016244431,0.3607623,0.32772887,0.040214732,0.013957362,0.014604206,0.13394795,0.023984823,0.024134682,0.01691469,0.003039114,0.039086808
0.0016776307,0.06122454,0.08300714,0.13462982,0.13345079,0.0776969,0.16883233,0.06701085,0.11372468,0.1038993,0.03620057,0.018645542
0.005594503,0.087718636,0.0794576,0.13548507,0.092778884,0.051050615,0.14206564,0.11443237,0.079855844,0.094419785,0.05860538,0.058535725
0.0013214829,0.032438762,0.061318103,0.115141824,0.12148409,0.11208839,0.13949722,0.047786117,0.18298407,0.14621219,0.03234834,0.0073793367
0.0014084587,0.042527024,0.05575126,0.12317812,0.14135785,0.05599723,0.20589873,0.06721972,0.13711734,0.109578244,0.044450417,0.015515545
0.0035767965,0.4105447,0.38031283,0.034291793,0.0048409496,0.0051287045,0.09844744,0.013662602,0.0049476814,0.006201919,0.0023919786,0.035652637
0.00041597692,0.19651927,0.3453026,0.069014974,0.038728975,0.042908896,0.16001959,0.035103213,0.061627667,0.04150214,0.0048379414,0.004018727
0.0037654378,0.09824914,0.039617676,0.13089782,0.0788577,0.026860604,0.107870854,0.11533186,0.031140875,0.09065791,0.20723672,0.06951347
0.00016784288,0.008404914,0.040774994,0.12951903,0.116788924,0.06897984,0.1918088,0.016702008,0.23568481,0.1722842,0.017793765,0.0010907843
0.00078265276,0.034578253,0.05407876,0.08820196,0.12986843,0.083254345,0.22563238,0.026405068,0.25448048,0.082967915,0.017420504,0.0023291574
0.00051305105,0.039839927,0.12119771,0.14972614,0.11264228,0.09743637,0.15952143,0.036506794,0.14593792,0.11397094,0.020957109,0.0017503275
0.0015065885,0.3157775,0.22387949,0.06492081,0.026361557,0.017967382,0.15525405,0.03292853,0.040553942,0.028795397,0.0060298447,0.08602492
0.0012755953,0.2750652,0.16654827,0.08394305,0.054620683,0.02805299,0.21864045,0.058160767,0.04034984,0.034438156,0.025942098,0.012962943
0.0014151834,0.37199098,0.27363715,0.05209827,0.016629295,0.014019581,0.14325237,0.02567297,0.025013471,0.018307745,0.004078526,0.05388442
0.00068766176,0.07182646,0.09426655,0.13996813,0.1429494,0.056989364,0.19430847,0.05845714,0.09230356,0.08718573,0.056100525,0.004957002
0.0018328422,0.0968368,0.068302654,0.16739444,0.10202871,0.04460541,0.17299227,0.09251832,0.057719257,0.089789465,0.06664393,0.0393358
0.00034440853,0.014222578,0.025992993,0.108101875,0.1716104,0.053510804,0.20049353,0.034734435,0.18757987,0.1325291,0.06900178,0.0018781074
0.0002541845,0.040348284,0.12950681,0.14261682,0.11102781,0.07032967,0.19007735,0.03555387,0.13995802,0.11443541,0.024117608,0.0017742198
0.0016641754,0.39997137,0.28973904,0.039635643,0.012837816,0.015551638,0.15990572,0.028726202,0.020180913,0.012495566,0.0029335206,0.016358407
0.0017369974,0.4825324,0.3839881,0.017223822,0.002703676,0.0029122455,0.07524824,0.007351168,0.0045134076,0.002644658,0.00050323695,0.01864199
0.0044774674,0.40348408,0.2078851,0.0464866,0.013434329,0.009178006,0.16677426,0.040265422,0.011370905,0.012608741,0.010319707,0.07371534
0.001825989,0.09583709,0.088801056,0.1338595,0.12322733,0.048397556,0.19690153,0.08145577,0.08825004,0.07852441,0.04008064,0.022839153
0.00061354093,0.011384599,0.03661378,0.13155736,0.14403479,0.08520305,0.15689783,0.04008948,0.16583544,0.18118094,0.041350443,0.0052387896
0.00212381,0.117153004,0.06551099,0.14524344,0.08646922,0.032777097,0.18549383,0.10903413,0.043811526,0.07773903,0.09334248,0.04130142
0.0014326943,0.28509653,0.16798735,0.08372959,0.05040255,0.026298082,0.21618201,0.059419036,0.036948126,0.0324172,0.025347773,0.014739105
0.003240809,0.35831872,0.22533701,0.048183013,0.015146073,0.013723503,0.20181072,0.055018526,0.019492926,0.016432045,0.010015355,0.03328121
0.0010036838,0.036990043,0.054626796,0.0915291,0.13256629,0.074053906,0.21579862,0.033265233,0.2415252,0.090627775,0.024848714,0.0031646274
0.0014733138,0.076195784,0.08233243,0.117289856,0.13707475,0.08203133,0.17593256,0.07025972,0.12083035,0.08995216,0.034894668,0.011733155
0.0066744313,0.47171342,0.31217158,0.028003171,0.003186216,0.0038315225,0.0833965,0.014430792,0.0032779842,0.0047330633,0.0029848164,0.065596454
0.0004253403,0.2141719,0.34595624,0.05596353,0.03674173,0.043947678,0.15095586,0.029625695,0.07852732,0.03780069,0.0029079625,0.002976067
0.0033228905,0.32134968,0.20079519,0.06915265,0.026041292,0.018716553,0.19573009,0.05689256,0.028543474,0.022781998,0.010356453,0.04631727
0.00021837137,0.016117083,0.05005146,0.101560645,0.110247806,0.05718821,0.19708993,0.025034012,0.2556459,0.15819527,0.026797554,0.001853846
0.00095050037,0.42939824,0.4150924,0.018895963,0.0043195374,0.005888941,0.09018384,0.011040231,0.008221262,0.0044474574,0.00056850637,0.010993116
0.0042321207,0.41346645,0.42677876,0.034006275,0.0046071033,0.0066482574,0.06172074,0.010576977,0.0060192165,0.0064475937,0.0018193828,0.023677144
0.0005151641,0.2626258,0.30894452,0.052382838,0.027838094,0.023775216,0.17663112,0.032324795,0.06053126,0.034964323,0.0031305877,0.016336253
0.0034254098,0.31831026,0.23235375,0.08659444,0.03210847,0.026583102,0.16063051,0.051337585,0.023639813,0.025976023,0.016739966,0.02230075
0.0005574574,0.022383295,0.050207436,0.114950895,0.13573289,0.06713005,0.17781511,0.044166666,0.18292189,0.15769976,0.03834071,0.008093857
0.0010022498,0.26633278,0.40899533,0.064987116,0.019785056,0.024734993,0.1141567,0.029681714,0.022770999,0.028084915,0.0053118765,0.01415632
0.00089799106,0.25257328,0.24253294,0.07821703,0.045561988,0.03685676,0.19286749,0.04833336,0.045549627,0.036074385,0.010724009,0.0098111415
0.0066120247,0.3809754,0.28849366,0.050840173,0.013130034,0.017077597,0.1361624,0.041939095,0.015098168,0.015523831,0.008977794,0.02516988
0.0009772374,0.05600413,0.09762487,0.14254984,0.10682979,0.06647327,0.18153132,0.05419881,0.118978895,0.12180185,0.032889575,0.0201405
0.001016609,0.3313959,0.36415994,0.04866278,0.02187421,0.025229264,0.12991896,0.030290699,0.020272285,0.017120503,0.00470763,0.0053513013
0.0011319211,0.045167577,0.022665296,0.12416108,0.15069865,0.03444126,0.13001288,0.07368617,0.04173664,0.10047419,0.26627204,0.009552184
0.00034408836,0.03368802,0.11495556,0.1487777,0.11335181,0.08851426,0.17203598,0.038959898,0.14321075,0.12121945,0.022582501,0.0023600732
0.00046102706,0.32556763,0.30529907,0.0366429,0.02063188,0.014423114,0.17895024,0.02658635,0.04735048,0.020557405,0.0020186468,0.021511283
0.00047047218,0.25802994,0.43969774,0.053367224,0.020121515,0.02423886,0.117021255,0.02789531,0.022213394,0.026370136,0.0037705223,0.0068037417
0.0033215627,0.43147597,0.40576616,0.028228026,0.0041790376,0.0049223145,0.075825274,0.011123232,0.0065892125,0.004560777,0.0009979799,0.023010517
0.001482837,0.075949244,0.055483833,0.12703073,0.105118565,0.036949854,0.20637399,0.11240375,0.068750575,0.09824298,0.08748545,0.02472831
0.002997429,0.43672398,0.34441274,0.029531598,0.00512041,0.0049364753,0.111870624,0.015074897,0.0066595403,0.0056063314,0.0018661082,0.0351998
0.0005437776,0.21012507,0.2262001,0.05747732,0.045815136,0.03024923,0.22742699,0.037656818,0.103626795,0.04024474,0.0058810445,0.014752975
0.0005596482,0.10389017,0.14045039,0.10900689,0.09717923,0.053484246,0.22316441,0.04937428,0.11333998,0.07537944,0.025978658,0.00819263
0.0023873935,0.37185392,0.31492868,0.056085188,0.012671637,0.011696847,0.1306932,0.026744701,0.018781556,0.013195018,0.0026026815,0.038359143
0.003016844,0.42984208,0.25117633,0.041704852,0.009909668,0.0077882567,0.15055302,0.024529994,0.013217737,0.010313909,0.004026963,0.053920314
0.0016036547,0.43584958,0.3086052,0.033825677,0.0074203317,0.005216307,0.11460062,0.012158213,0.009778872,0.00867947,0.0019938613,0.06026831
0.00084687665,0.056084037,0.06578966,0.1906416,0.14310499,0.06910973,0.14783332,0.059504725,0.06313172,0.100038916,0.09159468,0.01231985
0.0029263077,0.43715942,0.2501718,0.040013663,0.009409074,0.007368322,0.14929497,0.023320539,0.012782158,0.009826204,0.003800911,0.053926643
0.0028370158,0.20142952,0.15375695,0.09289335,0.05736951,0.037407678,0.1980363,0.07786728,0.07740915,0.04526772,0.013103387,0.042622223
0.0007480376,0.023491582,0.018306443,0.12935573,0.19746678,0.04047068,0.15138736,0.067612536,0.08175217,0.11731133,0.16661993,0.0054773185
0.0017833076,0.5163382,0.2668072,0.027122797,0.004612793,0.003632352,0.10661825,0.0116355335,0.004493005,0.0051663076,0.0021995623,0.049590614
0.001660763,0.4325451,0.36296293,0.029306082,0.0058995853,0.007542101,0.10847493,0.015997617,0.010499759,0.006696343,0.0011507731,0.017264027
0.0011339411,0.41592366,0.3814737,0.026847888,0.006336537,0.00904624,0.108677424,0.016195888,0.012396663,0.0073511554,0.00092918106,0.0136878565
0.005138104,0.17096256,0.110949606,0.1700645,0.0750701,0.034534182,0.14401901,0.0850768,0.040066026,0.051473442,0.041430004,0.071215756
0.0040379376,0.15777059,0.10196982,0.16652271,0.0831429,0.036624584,0.15577337,0.10055003,0.04569885,0.05874882,0.04149952,0.047660798
0.0007883568,0.32625958,0.42127958,0.036608394,0.012892067,0.020105358,0.11183389,0.02369136,0.02238227,0.01555715,0.0015323237,0.0070696264
0.0059800236,0.5129335,0.24283248,0.029212631,0.004427823,0.0042516524,0.08198315,0.013671127,0.0034728202,0.006385198,0.005025481,0.08982417
0.003410757,0.37300315,0.25129202,0.047648422,0.011574156,0.009669888,0.18179639,0.04539518,0.015511442,0.011508542,0.005149896,0.044040143
0.0004535021,0.050701667,0.1278526,0.1277041,0.09021928,0.06186353,0.19853671,0.038498998,0.1517756,0.12415069,0.02056632,0.0076769753
0.0005002441,0.33480754,0.2919874,0.035896115,0.020557253,0.014483673,0.18342257,0.02694672,0.046852622,0.01979386,0.0021292148,0.022622874
0.001966749,0.13208883,0.15327601,0.08245197,0.09127514,0.0794725,0.1694744,0.051971838,0.14929464,0.065200195,0.014199046,0.009328712
0.00030899243,0.31080437,0.3119947,0.03497653,0.020764438,0.012449036,0.18399312,0.025797294,0.059605356,0.01905117,0.0015362226,0.018718775
0.002416059,0.47845724,0.25754255,0.036469806,0.006470073,0.0044696513,0.104402415,0.013286373,0.0057621915,0.0076801083,0.00376556,0.079277866
0.003709752,0.10386046,0.09139785,0.12182377,0.10251217,0.083098374,0.1515861,0.07226555,0.09770404,0.09290107,0.05441388,0.024727061
0.00021656785,0.016320987,0.06017049,0.12205768,0.10955426,0.062355887,0.1927256,0.025370605,0.21180704,0.17106959,0.026310422,0.002040796
0.001775684,0.35537922,0.4299394,0.0434222,0.010924698,0.014206922,0.09006814,0.020654587,0.007271969,0.012505174,0.004802073,0.009050041
0.0005220879,0.05540827,0.13159351,0.1621003,0.11012755,0.08432004,0.16805707,0.04899398,0.107845746,0.09940464,0.028163305,0.0034634832
0.0007678452,0.034543376,0.057125706,0.098303735,0.13652503,0.059836578,0.20073907,0.04422654,0.20687976,0.12115322,0.034198374,0.0057008145
0.0012679071,0.033910926,0.045911614,0.091996014,0.110836744,0.05517528,0.18769546,0.07442797,0.15670311,0.16180268,0.06145005,0.018822283
0.0038145306,0.3994846,0.18484713,0.05175179,0.017057776,0.014136323,0.18094453,0.050376963,0.015836587,0.017107347,0.018203063,0.04643926
0.0017557173,0.06271954,0.067537576,0.124706216,0.14378637,0.06028922,0.19098835,0.07301348,0.1229375,0.0947395,0.041072085,0.016454462
0.8262438,0.086300716,0.042686414,0.0038976828,0.00030854094,0.0017954707,0.0025089572,0.0041683707,0.0002000562,0.002096753,0.0017426879,0.028050615
0.0093917055,0.440524,0.320643,0.0374577,0.004688276,0.005846158,0.084835164,0.018713696,0.004985311,0.00665069,0.0039467253,0.062317546
0.0017514151,0.3637688,0.38604015,0.044871666,0.010356406,0.012799977,0.109168865,0.01997969,0.011827741,0.013199015,0.0039134533,0.022322834
0.0019059137,0.32230908,0.22244474,0.06620442,0.024631426,0.017289152,0.14762808,0.032919448,0.035362612,0.026587553,0.006476637,0.09624094
0.0014541321,0.047164388,0.043600395,0.14016807,0.14836052,0.052651413,0.16931891,0.0856664,0.08863744,0.11218677,0.09696642,0.013825077
0.0005320876,0.025111338,0.04424126,0.11809808,0.16824397,0.07600292,0.17240955,0.04857879,0.15057647,0.14224008,0.048469286,0.005496097
0.00029335954,0.30044353,0.32543513,0.035391662,0.021112967,0.013096015,0.1808812,0.02560277,0.059379302,0.020031478,0.0015513244,0.016781213
0.00022916072,0.015859177,0.049449928,0.10331311,0.11155765,0.061019283,0.19276094,0.02435029,0.2519134,0.16101533,0.026757669,0.0017740428
0.0026349283,0.42916015,0.30525532,0.030841144,0.007446179,0.008831689,0.14575432,0.024912247,0.010325783,0.00833843,0.0030209413,0.023478882
0.8799593,0.061784238,0.026236122,0.0015973706,9.748364e-05,0.0006393185,0.0017350253,0.002586317,9.741858e-05,0.0008435384,0.00088039873,0.02354352
0.0029561382,0.20067625,0.1944754,0.09241685,0.056717988,0.052518386,0.1656965,0.057640288,0.08184592,0.05539204,0.010648157,0.029016169
0.002911605,0.39962745,0.25285056,0.06821423,0.024097728,0.020091556,0.123748444,0.03646781,0.012816177,0.01988761,0.018948896,0.020337882
0.0018287199,0.047665086,0.054994192,0.11992215,0.15669672,0.07480004,0.17241465,0.07090633,0.13546485,0.106644176,0.04478502,0.013878109
0.00025736738,0.016016686,0.04941209,0.11089093,0.11717384,0.06517958,0.18482833,0.024595391,0.24000792,0.16015539,0.02985781,0.0016247012
0.0005069546,0.0497494,0.11691798,0.17725526,0.11352086,0.08160162,0.16713737,0.049803585,0.100881405,0.10440805,0.03397061,0.004246944
0.0034752167,0.45017555,0.22844645,0.03465781,0.00901385,0.0070170085,0.15704796,0.02870873,0.0087629,0.009175414,0.0061374814,0.057381645
0.0020807644,0.33979422,0.19542691,0.08189249,0.0371375,0.022434162,0.17840743,0.05393112,0.021539597,0.024078904,0.02574277,0.017534131
0.0017851382,0.39244285,0.28438807,0.04284331,0.013513492,0.012985348,0.14068767,0.025199253,0.027370693,0.013675548,0.0020950795,0.04301346
0.0064618606,0.07806223,0.07126553,0.13103676,0.099261455,0.05429792,0.12440493,0.13034914,0.07873893,0.10265586,0.07535955,0.04810591
0.0013717533,0.27123952,0.300048,0.06597857,0.025954852,0.023884848,0.14396395,0.033523574,0.048626192,0.035573907,0.0039146664,0.04592021
0.0001548728,0.007874378,0.039207764,0.12877795,0.11618449,0.067542434,0.19531092,0.01589879,0.23925897,0.17104542,0.01775264,0.0009913831
0.0004198592,0.07043163,0.122964524,0.11128952,0.1333931,0.0546133,0.21233465,0.043913074,0.12949221,0.088290125,0.030187069,0.0026709978
0.04674449,0.34533623,0.37364596,0.046016425,0.00540953,0.008702994,0.058113586,0.028497534,0.006276562,0.008887576,0.006793238,0.06557592
0.0006788503,0.028331462,0.05433174,0.1181021,0.14753741,0.069891684,0.17955899,0.045855142,0.16836423,0.13895617,0.042904582,0.0054876525
0.002236323,0.40359932,0.22806102,0.06644963,0.023061018,0.019329343,0.14749417,0.037100837,0.01514441,0.018247457,0.014565736,0.0247107
0.0005133273,0.017498568,0.013333968,0.1268683,0.21780966,0.034181736,0.14334334,0.056581255,0.06834006,0.11427337,0.20315205,0.004104357
0.004608354,0.077656604,0.05240582,0.15107323,0.08313144,0.04018996,0.11135749,0.15383857,0.04656236,0.105218306,0.123672634,0.05028526
0.00019988533,0.0151974885,0.049604665,0.101321906,0.10966565,0.05672811,0.19823791,0.02338903,0.2607818,0.15765293,0.025636,0.0015845501
0.0015499943,0.080416,0.080500275,0.14400752,0.1423183,0.06999465,0.16733517,0.07041859,0.089966394,0.086206965,0.05797604,0.009310079
0.002695059,0.17771985,0.1521084,0.11500914,0.083263956,0.0506968,0.17837358,0.071367905,0.067870036,0.055044066,0.025715256,0.020136058
0.00030078352,0.013048369,0.04849103,0.12977247,0.14103295,0.09609235,0.1802392,0.018608041,0.21421447,0.13963215,0.017674362,0.0008938682
0.0005689794,0.02449457,0.057046805,0.105198264,0.1185321,0.06353444,0.18461378,0.038126916,0.22883843,0.14535254,0.027045613,0.006647636
0.00043863896,0.013154173,0.039739195,0.10750456,0.11430553,0.0592452,0.19142535,0.032285493,0.2576088,0.14973867,0.030251803,0.0043026507
0.007059866,0.44720653,0.24279708,0.043167666,0.006791392,0.004986438,0.08886103,0.018839719,0.0039498084,0.009344342,0.0075646853,0.11943146
0.00020005507,0.016018568,0.055041723,0.107662626,0.10917262,0.060037453,0.19393541,0.022221364,0.25310892,0.15716068,0.023918651,0.0015219599
0.0054883347,0.41806963,0.28814992,0.038825095,0.007636559,0.0075161085,0.13416311,0.029870724,0.007535156,0.008929455,0.0051808376,0.04863514
0.00072951056,0.036435578,0.05750223,0.08649976,0.12865749,0.08863676,0.22614759,0.0238564,0.25625992,0.078404896,0.014876882,0.0019929677
0.0005397931,0.035679165,0.05525147,0.16378304,0.16567393,0.06802101,0.17123307,0.04968364,0.092601575,0.1114322,0.08086235,0.0052387225
0.0013856945,0.16683318,0.14686038,0.10466536,0.07470538,0.04983244,0.21199074,0.062839456,0.07504706,0.06247991,0.023898587,0.019461771
0.0005197771,0.29549867,0.35920998,0.044351615,0.025638243,0.023761801,0.1606457,0.027969759,0.034190122,0.019239832,0.0034979798,0.005476499
0.0020410493,0.041043494,0.052088495,0.091852196,0.12281572,0.067410685,0.18268394,0.06153012,0.18144076,0.1207477,0.06997544,0.006370312
0.0022358673,0.18667933,0.17123877,0.10109487,0.07939067,0.047434628,0.18777162,0.064994656,0.06916862,0.050659552,0.021659244,0.017672174
0.0007041083,0.07128527,0.15740888,0.1595087,0.089258455,0.083990045,0.16104724,0.049425315,0.09989184,0.09864775,0.022352798,0.00647965
0.0012856435,0.054398686,0.06824707,0.12795079,0.16002052,0.09053952,0.17065245,0.065036826,0.11874273,0.09450128,0.041707087,0.0069174576
0.0037460697,0.43398598,0.41559416,0.028551616,0.003630988,0.004465705,0.06395524,0.009309159,0.004991869,0.004673602,0.0012417755,0.025853809
0.9610589,0.020008648,0.008527967,0.00047549707,2.883611e-05,0.00015837597,0.00039453906,0.00048484723,1.4754375e-05,0.00021589309,0.00021650277,0.008415212
0.00033600067,0.21927121,0.29166114,0.06664045,0.035612125,0.029911434,0.178251,0.031144783,0.078558974,0.05283588,0.005643655,0.010133355
0.002318515,0.41935492,0.31856158,0.030856704,0.007512273,0.008635592,0.1458965,0.02344377,0.010453214,0.008114108,0.0026095337,0.022243354
0.00048422522,0.31238854,0.27611607,0.04063466,0.02431492,0.01603118,0.19755603,0.029448345,0.05324208,0.023920637,0.0027804277,0.023082828
0.0010264459,0.049353465,0.07717788,0.1335195,0.10255471,0.05371134,0.18692775,0.05707757,0.12321838,0.14021873,0.04584221,0.029372025
0.0038520559,0.40740532,0.19233842,0.04835103,0.0137568945,0.009782977,0.17629938,0.04341942,0.011559872,0.013590529,0.012976986,0.06666715
0.0012926635,0.056816094,0.08114113,0.084742524,0.10594116,0.054872036,0.21625042,0.037450373,0.25423962,0.079046056,0.023313424,0.0048945057
0.0035101168,0.41301405,0.20131366,0.04822652,0.014092893,0.0107448185,0.17511219,0.041119445,0.011819331,0.0139778275,0.012401782,0.05466741
0.0011021371,0.16047859,0.21010387,0.08193838,0.0672842,0.056987043,0.19467898,0.048629988,0.10264326,0.05476843,0.0093387645,0.012046405
0.003289494,0.12860797,0.075170286,0.12967417,0.06803077,0.035219405,0.1731767,0.13230878,0.045713462,0.078871354,0.083366275,0.0465713
0.001624038,0.44885284,0.2875747,0.027945118,0.006643215,0.006713839,0.15421146,0.020815952,0.009999623,0.0069714347,0.0019967419,0.026650997
0.0010675392,0.29609525,0.37299177,0.049089752,0.02313998,0.030371662,0.13366559,0.031637836,0.031396493,0.02059938,0.0035785565,0.006366217
0.0025830856,0.46632093,0.29205048,0.036194243,0.0055119703,0.0043097846,0.10711543,0.014456453,0.0057298145,0.00653602,0.0026373037,0.056554515
0.00055563136,0.09408945,0.15816519,0.10983956,0.09318798,0.06874543,0.1971809,0.046157874,0.12769356,0.08367957,0.014861704,0.005843173
0.00019469997,0.014989036,0.048203517,0.097822495,0.1076544,0.05425813,0.20011525,0.023811243,0.2654258,0.16008775,0.025781173,0.0016565744
0.0035465537,0.39951485,0.19077718,0.05279943,0.017397042,0.013002129,0.1797485,0.04597655,0.014472425,0.016317897,0.015786614,0.050660767
0.0030013053,0.41847107,0.27394274,0.03877418,0.008963715,0.0074718366,0.15522814,0.025095817,0.010348466,0.009460765,0.0038972995,0.045344733
0.00021529618,0.01594963,0.053042583,0.10710185,0.10933396,0.06139274,0.19221792,0.0227225,0.25147796,0.1604355,0.024533197,0.0015768246
0.000950879,0.10589717,0.112371854,0.15418133,0.13457036,0.048750382,0.17575477,0.064010575,0.05760167,0.07363307,0.0661125,0.006165351
0.00049536483,0.030859334,0.049905878,0.123860925,0.18429515,0.067102574,0.19855472,0.04060076,0.1422153,0.10905498,0.051073406,0.0019815774
0.0026287995,0.016088946,0.013639462,0.094071455,0.17305344,0.16940929,0.13706276,0.049524095,0.15320955,0.119912125,0.06778348,0.0036165805
0.00057654636,0.035161313,0.05391371,0.13241515,0.17415658,0.06418286,0.19837636,0.055433366,0.11240457,0.11144881,0.056263924,0.0056668418
0.001458315,0.0128844,0.029485213,0.10168199,0.1335812,0.08289167,0.18398371,0.04357642,0.19416302,0.16691233,0.041149113,0.008232554
0.00036190357,0.034825433,0.08149225,0.102862895,0.14502205,0.07657745,0.19863762,0.029737417,0.20759307,0.10166681,0.0195772,0.001645916
0.0048832768,0.37232083,0.19287159,0.053756777,0.016458508,0.009728924,0.1726469,0.047114372,0.012458555,0.014532507,0.01364427,0.0895835
0.00031771703,0.038497407,0.110005006,0.14461517,0.11967705,0.0761985,0.17990698,0.037075635,0.14526987,0.11954817,0.026818624,0.0020698975
0.00240792,0.08690286,0.049825326,0.14702521,0.0942229,0.042983998,0.14610612,0.11209989,0.048374183,0.10648203,0.12235824,0.041211367
0.005334733,0.4621584,0.29248273,0.03883322,0.005581099,0.0055814586,0.09403039,0.017654188,0.0052976566,0.0070318077,0.0037440755,0.062270198
0.00018031921,0.010377406,0.049041245,0.13408798,0.12870258,0.06507137,0.18851417,0.019147454,0.22407632,0.15625471,0.023423573,0.0011228893
0.000682617,0.025230896,0.019741796,0.12858278,0.19506845,0.039514832,0.16277258,0.06627276,0.081787,0.11562119,0.15937153,0.005353605
0.0014538997,0.39764452,0.30428207,0.03854494,0.01117604,0.0121225,0.15232262,0.024629058,0.019896556,0.011822483,0.0021260479,0.023979317
0.85356075,0.07036696,0.036474694,0.0028382873,0.00026782934,0.0010562744,0.0016631575,0.0027440987,0.00015683087,0.0014418392,0.0010497338,0.0283796
0.00033713077,0.02276028,0.055067196,0.12400281,0.18008047,0.06259402,0.20723917,0.033854116,0.15550046,0.11400476,0.042794127,0.001765543
0.006358001,0.21059807,0.12080145,0.122780874,0.05312166,0.03395682,0.15978989,0.11036866,0.035456873,0.047955677,0.04784339,0.050968576
0.0005101906,0.01999341,0.01606927,0.12706867,0.21411109,0.03619746,0.15596417,0.055583976,0.07631762,0.11412321,0.18000852,0.004052483
0.0002818072,0.040595114,0.121185474,0.14436778,0.11385486,0.07250968,0.18807128,0.039003916,0.13826223,0.115520656,0.023768697,0.0025784373
0.0018672143,0.30939302,0.18445559,0.077158995,0.039822996,0.02418964,0.20638041,0.058651775,0.034065995,0.027235895,0.01688709,0.019891424
0.00045600464,0.011955777,0.035464138,0.10413787,0.116053894,0.05444209,0.19234405,0.037401296,0.24716917,0.16123334,0.034479667,0.0048627164
0.0011674466,0.059012808,0.08505251,0.1171346,0.1534854,0.08100449,0.18344651,0.056309037,0.12933053,0.0931076,0.034825187,0.006123941
0.0009385683,0.050354682,0.062757894,0.13861983,0.1535007,0.06638394,0.18088041,0.060054287,0.10512181,0.105703905,0.067329146,0.008354817
0.9625127,0.019168004,0.007880494,0.00047703114,2.9361192e-05,0.00015548267,0.00041263315,0.0005524449,1.5941587e-05,0.00022801288,0.00023258943,0.008335435
0.00154325,0.072421834,0.077055626,0.11861332,0.13847688,0.0827698,0.17255016,0.071860395,0.12093163,0.093522996,0.037827224,0.012426893
0.000294973,0.03842615,0.12119509,0.14863324,0.111477405,0.07365886,0.18404554,0.03881846,0.1379445,0.11865071,0.024283655,0.002571526
0.0010195684,0.42419595,0.38785344,0.023951538,0.0055497903,0.007868793,0.10465449,0.014480669,0.010924192,0.0062727374,0.0007756948,0.012453216
0.0012137439,0.09069883,0.09533353,0.12596941,0.12576678,0.04847973,0.21483608,0.07160945,0.09561106,0.07760467,0.036071755,0.016805027
0.006474903,0.46598455,0.30666816,0.02910527,0.003204426,0.0034997466,0.083873115,0.014015312,0.0030787846,0.004797002,0.0030550906,0.07624369
0.005903439,0.32776418,0.21393533,0.084766686,0.027458142,0.026331425,0.14686528,0.06675215,0.019500624,0.028018646,0.02811058,0.024593558
0.0010889802,0.2937206,0.27564922,0.074858524,0.04006281,0.03204796,0.16247995,0.043700896,0.03056714,0.027548896,0.0108156195,0.00745943
0.00075208204,0.23060441,0.35647327,0.06652811,0.03230993,0.044600494,0.13821837,0.03947583,0.045808837,0.03490554,0.004592377,0.0057307733
0.002111369,0.12654231,0.0925572,0.11550274,0.09821827,0.042231765,0.21438278,0.086393334,0.07841201,0.07230525,0.04845034,0.022892637
0.0002736984,0.29923227,0.36574298,0.0319136,0.018617187,0.013016428,0.16057661,0.023088586,0.054593936,0.018539483,0.0011624745,0.013242758
0.0057870983,0.39552978,0.24364476,0.051350575,0.010282446,0.008710962,0.14981869,0.03556791,0.009633018,0.01166556,0.0073204334,0.07068879
0.00017682674,0.0072983704,0.030896757,0.11313314,0.11966713,0.067455724,0.1869627,0.021190988,0.23569009,0.19351958,0.022735387,0.001273291
0.003557945,0.3670834,0.18786347,0.05503095,0.018417502,0.009836602,0.18650515,0.044729583,0.01432912,0.015009386,0.012753909,0.084882945
0.0010637845,0.05857341,0.06876676,0.13123928,0.14709666,0.060140267,0.196627,0.06904197,0.10561027,0.1001687,0.048505932,0.013165947
0.00046727157,0.045090195,0.07054677,0.12903541,0.17991385,0.063431606,0.20544438,0.047715314,0.115824275,0.094885394,0.045347992,0.0022975525
0.0011311641,0.059787728,0.088412195,0.12544401,0.1318337,0.07236706,0.18993518,0.060756188,0.12676695,0.10190397,0.026127439,0.015534453
0.0027798612,0.3915316,0.3129252,0.056239888,0.009852319,0.0080160275,0.11586303,0.02042754,0.0090639135,0.011878044,0.004913813,0.056508794
0.0032141046,0.3857341,0.29262096,0.050726596,0.014025743,0.01353717,0.11885507,0.024539225,0.025833642,0.014556019,0.0027145036,0.05364289
0.00052837864,0.041375406,0.059430078,0.16395359,0.16080031,0.06760851,0.17400955,0.051500957,0.09380825,0.10623825,0.075875014,0.0048716986
0.00035409493,0.009752234,0.03654676,0.12979154,0.13676082,0.08239493,0.16592628,0.031844392,0.1871018,0.18538962,0.030739378,0.0033981719
0.0018115138,0.3346954,0.24567205,0.059543617,0.020728344,0.015016461,0.1726231,0.03284315,0.025419677,0.020632455,0.0060779555,0.06493637
0.0021346658,0.49092773,0.39575276,0.016441252,0.0021243137,0.002570709,0.05990756,0.0052248766,0.002887065,0.0025542818,0.0006268103,0.018848019
0.0012282927,0.039525483,0.05515227,0.1162916,0.1386117,0.057710156,0.21205081,0.061046623,0.15093122,0.11205995,0.04360756,0.01178436
0.0013585825,0.044118654,0.057007596,0.12014806,0.1483612,0.060829043,0.20431513,0.06467372,0.14001583,0.1045871,0.041223258,0.013361797
0.0016377217,0.4632803,0.36050332,0.024720537,0.003947476,0.004155284,0.09364295,0.01037732,0.0054977317,0.00482771,0.0011789392,0.026230756
0.00019161211,0.014611968,0.05987014,0.123613946,0.107628025,0.05915273,0.19490586,0.023490798,0.22017202,0.17055592,0.024035297,0.0017716634
0.0003445748,0.23095988,0.36314234,0.05604614,0.033326887,0.036682934,0.15575403,0.03155574,0.052974034,0.032096013,0.0035165474,0.0036007897
0.0011609638,0.2886082,0.23413242,0.05653897,0.03503753,0.024447158,0.21358487,0.043485645,0.050923288,0.025876457,0.006022785,0.02018176
0.0022018955,0.34251714,0.21161415,0.059738223,0.030960582,0.024007834,0.19307639,0.051186536,0.030872919,0.022353372,0.018048292,0.013422736
0.00042971142,0.012312742,0.0393951,0.11039277,0.11719107,0.061536923,0.19300868,0.03089111,0.2516981,0.15012154,0.02913013,0.0038920965
0.95053357,0.025752839,0.011032793,0.00069457677,4.036193e-05,0.00026947467,0.00055520056,0.0006836161,2.4283892e-05,0.00030511813,0.00034348285,0.009764697
0.002057058,0.38053852,0.229613,0.05983069,0.022940863,0.01677355,0.178369,0.0418002,0.018933382,0.017304333,0.010740944,0.021098575
0.00082811643,0.09549672,0.13396259,0.119021825,0.096612394,0.055108283,0.20020373,0.047555633,0.12469356,0.08804924,0.028372921,0.010094898
0.00053342053,0.052611947,0.12816726,0.1601015,0.106414616,0.08816135,0.1653349,0.047850203,0.115120746,0.1053601,0.026510218,0.003833761
0.0002602458,0.2987008,0.3486018,0.032335002,0.019836372,0.013022361,0.16730672,0.023915987,0.06259099,0.018911155,0.0012286761,0.013289825
0.0034243444,0.4556043,0.28476182,0.042692617,0.009345531,0.009937159,0.11722854,0.024734164,0.0074637937,0.010375142,0.0059895823,0.02844294
0.0009863039,0.037739184,0.065359734,0.123624906,0.10916494,0.05642113,0.18535681,0.054063722,0.14355877,0.15224865,0.05008165,0.021394176
0.0056032576,0.42842972,0.28058243,0.046639707,0.008699372,0.007374589,0.11115901,0.0244897,0.005526774,0.009886555,0.0072809155,0.06432803
0.8707863,0.06020633,0.032966167,0.002157846,0.0001985062,0.0006688445,0.0013839167,0.002077186,0.0001176715,0.0010606416,0.0007603689,0.027616201
0.00042333614,0.014526273,0.042022765,0.13297713,0.16780548,0.10458299,0.15918976,0.0373119,0.15752047,0.15080288,0.030213663,0.0026233636
0.0007069913,0.06053708,0.0861505,0.10325275,0.1328207,0.06263269,0.21407804,0.054314934,0.1579319,0.0949057,0.023470309,0.009198503
0.001494185,0.2856429,0.24221627,0.071343094,0.02825389,0.019756192,0.15812023,0.035585176,0.04002006,0.033271912,0.0069269654,0.07736906
0.002313905,0.10038708,0.07628612,0.18711369,0.11047454,0.038929354,0.16505617,0.09443565,0.054039404,0.076029815,0.05160269,0.043331522
0.00046852103,0.21282034,0.33926937,0.05751217,0.039068688,0.04631133,0.15236542,0.030761745,0.07764072,0.037734557,0.0031331056,0.0029139768
0.0027196745,0.40456346,0.24487664,0.058285866,0.014042391,0.009806139,0.15086111,0.028503913,0.010221876,0.0136557575,0.008106906,0.054356296
0.0013831222,0.33263555,0.20235269,0.0769482,0.04159343,0.024186032,0.18718392,0.0483442,0.026428455,0.024905298,0.02192369,0.012115336
0.0005306838,0.04311523,0.056574788,0.1713365,0.16206756,0.0646001,0.17170559,0.05249486,0.08043034,0.10161916,0.08947424,0.006050995
0.0013845053,0.10226534,0.095831074,0.15454143,0.09733736,0.03880999,0.2024849,0.06784912,0.06737145,0.080345094,0.049083907,0.04269583
0.0014118335,0.040694565,0.05356249,0.12530246,0.13823321,0.052671757,0.20442857,0.070558555,0.1312891,0.114800096,0.050158635,0.016888771
0.0030742146,0.4302968,0.33877695,0.037582174,0.0072970893,0.008740896,0.10965406,0.020690735,0.012366542,0.007438039,0.0016886748,0.02239374
0.0015620525,0.04500759,0.056955587,0.0922584,0.15288632,0.08689266,0.18970224,0.0387713,0.21469942,0.08772286,0.030284818,0.0032567384
0.0014469123,0.04380829,0.057687405,0.091611125,0.15207285,0.091122776,0.19207728,0.035117175,0.22088,0.08462209,0.026811138,0.0027429748
0.0005071986,0.05089674,0.12595683,0.16226783,0.10646172,0.08648314,0.16593255,0.04681853,0.112403825,0.10822566,0.030494245,0.003551644
0.0004546037,0.043983836,0.13456887,0.152945,0.10439587,0.09723949,0.1621524,0.04177688,0.1302245,0.109628275,0.020323679,0.0023065961
0.00049508427,0.04557861,0.12014644,0.16565837,0.108722724,0.08052274,0.17189585,0.04720014,0.11400073,0.11231624,0.028642593,0.0048205024
0.0017523932,0.10261922,0.114326745,0.11522037,0.105446525,0.06390625,0.19008629,0.07012934,0.10827776,0.07801517,0.028992051,0.021227796
0.001089784,0.071472935,0.09184892,0.16462053,0.08695119,0.042243052,0.1713491,0.06133728,0.08737529,0.11595812,0.05010997,0.055643868
0.005595221,0.5043151,0.19634734,0.034817617,0.0072993017,0.005935926,0.10369034,0.022361029,0.004868937,0.008927241,0.010549771,0.09529225
0.000879508,0.41395548,0.41919366,0.020276038,0.005191102,0.007636934,0.09585874,0.012440741,0.009689933,0.0052859862,0.0006503204,0.008941581
0.0004462167,0.0133455,0.040112566,0.10712939,0.11395422,0.059752654,0.19259875,0.03200287,0.25865442,0.1480278,0.029683344,0.0042923125
0.0006236396,0.022368405,0.019752664,0.1372093,0.21323764,0.04101684,0.16456085,0.059848815,0.08197112,0.10847843,0.14618543,0.00474686
0.0013228658,0.3026343,0.32608965,0.046742197,0.021961138,0.026256934,0.14519137,0.033536475,0.047698162,0.025957232,0.002556588,0.020053072
0.0006822203,0.31809068,0.30768585,0.048160523,0.02181545,0.0165485,0.1611777,0.027388787,0.034753848,0.024508132,0.003896856,0.035291463
0.0014448381,0.4263013,0.3552683,0.029554095,0.006486503,0.008034917,0.11744835,0.017140632,0.011951872,0.0073012626,0.001155882,0.017912004
0.0004556449,0.0364264,0.06691998,0.1222754,0.1712811,0.068096586,0.20248327,0.041236855,0.13982691,0.10775426,0.040928148,0.002315499
0.00028738411,0.038948514,0.13350776,0.14254723,0.114784226,0.07613512,0.18320206,0.03536599,0.14153254,0.11133524,0.02078256,0.0015714046
0.0010634566,0.3434842,0.25191215,0.04294007,0.022810807,0.019160349,0.18906255,0.033558194,0.044111732,0.02082847,0.0033112566,0.027756747
0.002186299,0.33474773,0.27147365,0.056270767,0.020607937,0.018775465,0.15245806,0.034776725,0.036954805,0.02090938,0.0034200384,0.04741917
0.0008105268,0.06487145,0.083868094,0.15594234,0.12955539,0.07110988,0.17797858,0.0586554,0.08900746,0.09685314,0.061236616,0.01011115
0.0018947552,0.33653036,0.23726644,0.06547898,0.019996313,0.013808319,0.12417269,0.026203513,0.022534879,0.024392277,0.009837399,0.11788419
0.0008127061,0.023039168,0.050645817,0.11211401,0.14701049,0.068748176,0.18096182,0.044696737,0.18342303,0.14121489,0.040372103,0.0069611366
0.0011076309,0.45127708,0.37777668,0.019784687,0.0045235856,0.0055874386,0.09999652,0.011747303,0.008515082,0.004655595,0.00068408705,0.014344331
0.0029520118,0.018474428,0.0153945675,0.0961058,0.16884536,0.16242495,0.12932575,0.054432884,0.151371,0.12232339,0.07385171,0.0044981786
0.002396,0.17595367,0.16698925,0.09007365,0.06275706,0.05002571,0.18698332,0.059239797,0.09306776,0.06475038,0.018062312,0.029701097
0.0023753308,0.37265158,0.2442273,0.049114954,0.01718768,0.017885983,0.18439336,0.04452017,0.024355615,0.016188178,0.0068236953,0.02027608
0.00027904927,0.3014257,0.34276235,0.03315425,0.019779548,0.012918104,0.17067297,0.02430149,0.060024448,0.018952532,0.0012826207,0.014446906
0.0004351841,0.018026488,0.015737506,0.1256444,0.21489908,0.033621795,0.16543011,0.052129805,0.077870704,0.115987934,0.17643261,0.003784349
0.0011954276,0.03859266,0.027458783,0.12161632,0.12977666,0.037698183,0.15278405,0.09239628,0.06053806,0.12828295,0.19427991,0.015380701
0.001361741,0.32481945,0.20709567,0.071665086,0.03677623,0.024771977,0.20049463,0.04698287,0.03002438,0.025167543,0.014386987,0.016453499
0.00020786197,0.017383693,0.07497599,0.13171785,0.10500024,0.06461341,0.18879636,0.023514079,0.212545,0.15833578,0.021072168,0.001837515
0.00030782117,0.014277652,0.05627034,0.135598,0.13878275,0.10179976,0.1750322,0.018729426,0.2070898,0.1359144,0.015287795,0.0009101295
0.002209672,0.23949054,0.2351628,0.072375126,0.0437991,0.052833855,0.15884405,0.051174704,0.072132885,0.046792556,0.009515843,0.015668862
0.001118685,0.03949069,0.0553878,0.08905841,0.12759513,0.06832307,0.2180936,0.03898656,0.23308751,0.09646795,0.028122423,0.0042682285
0.0035958404,0.48060384,0.2471615,0.036057483,0.0073962845,0.008124996,0.12743084,0.023828356,0.0082329465,0.008844461,0.0047282507,0.04399519
0.00031570834,0.025141137,0.06073236,0.12661901,0.17285724,0.061350375,0.20861061,0.034603205,0.15258071,0.1138339,0.041669007,0.0016866885
0.0010889849,0.4552469,0.29688147,0.02817765,0.0070055006,0.004894425,0.12680899,0.012443766,0.011183054,0.0071784537,0.0013857179,0.04770525
0.0015047304,0.33476293,0.46675658,0.03568917,0.008150313,0.011091929,0.090472385,0.016541695,0.00928456,0.010704219,0.002480694,0.012560773
0.0005676281,0.020244481,0.05020402,0.10873147,0.123207904,0.06409969,0.18224889,0.040012628,0.21474108,0.15759845,0.031264167,0.007079556
0.00023009657,0.015464909,0.048633695,0.10471007,0.11185546,0.060645826,0.19206788,0.025962655,0.24347085,0.16717872,0.02769982,0.0020799271
0.0014282679,0.46431488,0.4105032,0.017743174,0.0027978853,0.0035059876,0.06772265,0.006419077,0.0041426932,0.003555177,0.00064986094,0.017217143
0.001968436,0.099924,0.039976142,0.16256191,0.09881129,0.029666826,0.12242017,0.09818549,0.027192064,0.08361288,0.19250509,0.043175746
0.00016801125,0.008294939,0.04052691,0.12950869,0.11685132,0.06893033,0.19237134,0.01674756,0.23508666,0.17265692,0.01774713,0.0011101927
0.0015107797,0.4824114,0.40740904,0.015748296,0.0023111359,0.0030114918,0.06030673,0.0053199027,0.003370708,0.0029070815,0.0005685851,0.015124847
0.0009858351,0.42447114,0.3621186,0.030661477,0.0067976383,0.0071002436,0.109682694,0.0133700315,0.008940284,0.008484498,0.0020457145,0.025341857
0.00015979413,0.008103845,0.03920281,0.12584078,0.11395327,0.06718693,0.19523606,0.016599683,0.24117143,0.1734023,0.01806193,0.0010811882
0.93813205,0.03285249,0.012843629,0.0008777559,4.912983e-05,0.0003446971,0.00071048277,0.0010825812,3.5862424e-05,0.00041369259,0.00045387386,0.012203727
0.0021805633,0.10022942,0.07570267,0.1623907,0.10307809,0.060090218,0.152666,0.0785593,0.061342686,0.09413339,0.077247754,0.032379255
0.006931507,0.49559316,0.22826529,0.033409394,0.0062154573,0.006044266,0.09800593,0.021374732,0.0046645235,0.008336025,0.008336159,0.082823575
0.0046373336,0.40987056,0.27353624,0.057221517,0.010055211,0.0077172955,0.11242373,0.023546932,0.007202712,0.0118765365,0.0071119242,0.0748001
0.0042586233,0.46318,0.29144722,0.041338928,0.0064197625,0.0053560766,0.093715236,0.016228022,0.0040900623,0.0076980926,0.0049740938,0.061293833
0.0012459111,0.40196347,0.27515253,0.0365907,0.013436715,0.011366904,0.15717275,0.02246814,0.02379674,0.0136754,0.0028952614,0.0402355
0.02532722,0.39923543,0.3324175,0.029203117,0.002533782,0.0029985849,0.05864068,0.016013896,0.0022147996,0.005687187,0.0036437113,0.12208416
0.0009952883,0.273299,0.4426565,0.05363865,0.017897852,0.03136124,0.09611077,0.027293436,0.021660458,0.02554547,0.0035888527,0.005952565
0.00042719572,0.048134465,0.12990019,0.15260692,0.11205137,0.07984525,0.17452137,0.0433254,0.12343353,0.10660262,0.026585769,0.0025659306
0.0020932863,0.27630645,0.2050023,0.08219768,0.033316158,0.02809759,0.15101892,0.041757163,0.04544625,0.04227079,0.011486433,0.08100695
0.0005487136,0.030876344,0.057678077,0.121204734,0.17865093,0.06176523,0.21254998,0.046623856,0.13060898,0.10750722,0.047766786,0.0042191558
0.004660709,0.41230285,0.21724057,0.074702986,0.023587909,0.016959045,0.11580723,0.03789207,0.008992086,0.020063896,0.028482834,0.03930783
0.00061042275,0.045526594,0.08150369,0.1115585,0.16548526,0.084547296,0.19455573,0.04084273,0.15305541,0.09448507,0.025068022,0.0027612117
0.003382615,0.10230401,0.098332785,0.12170359,0.10088929,0.082292214,0.15454863,0.07006503,0.100279264,0.09404818,0.04759971,0.024554659
0.000581666,0.090020075,0.11267236,0.10130356,0.10687428,0.054624937,0.22390734,0.051998246,0.14767888,0.079462506,0.02079381,0.010082245
0.0028730049,0.22955376,0.15161446,0.10347785,0.05740245,0.0391239,0.19241692,0.07241655,0.053783342,0.04580737,0.022496393,0.029034013
0.00037311902,0.02601044,0.08943513,0.14835477,0.114076585,0.07279317,0.18340795,0.03458587,0.15564327,0.14519444,0.026508028,0.0036172075
0.0004326389,0.034453586,0.059268482,0.11801115,0.175268,0.06292018,0.20906909,0.039070413,0.14758146,0.10782641,0.043928392,0.0021701981
0.001219068,0.411371,0.4282697,0.02289728,0.0047157877,0.0068088,0.08847707,0.012172228,0.008359575,0.004886797,0.00068527856,0.010137457
0.0017966332,0.386946,0.26883417,0.056507733,0.013146707,0.008709823,0.15163703,0.024068937,0.011376245,0.013614631,0.005901479,0.057460632
0.0009847512,0.35319668,0.43196714,0.03088645,0.008602548,0.013180977,0.104788214,0.019449834,0.015410034,0.010252445,0.0011553504,0.01012564
0.00031471107,0.031647954,0.10941208,0.16589622,0.115732215,0.07989773,0.17616549,0.040546946,0.12763959,0.12330627,0.026634347,0.0028064377
0.0002701013,0.02169035,0.10390059,0.14212626,0.107929386,0.07197379,0.17984875,0.024986329,0.18899111,0.1379138,0.01875939,0.0016101045
0.0024595137,0.27686438,0.22058725,0.07288648,0.033119235,0.023678178,0.16925149,0.043031245,0.045290723,0.03380674,0.008916616,0.07010814
0.0021158236,0.35595173,0.2952305,0.05012739,0.016403293,0.016776985,0.14107497,0.029662656,0.031750616,0.017503496,0.0026161964,0.040786386
0.00055107306,0.036215715,0.048035815,0.13843162,0.18926752,0.058618132,0.19508395,0.056361433,0.104397036,0.10201599,0.06726595,0.0037556333
0.00080371305,0.33066186,0.39273778,0.044867165,0.018956643,0.019654792,0.12116777,0.026562179,0.015991848,0.017262299,0.004730633,0.0066033537
0.0012749664,0.06734112,0.061684784,0.1682756,0.11593914,0.0520722,0.16725427,0.08088778,0.06312019,0.11300515,0.074977234,0.034167618
0.0058390195,0.37749353,0.16913617,0.053248726,0.0160802,0.015935255,0.18038066,0.06603383,0.016799234,0.019460186,0.023210559,0.056382623
0.0009814143,0.29462665,0.33557972,0.048720818,0.021385875,0.021477966,0.15371206,0.03264286,0.044183526,0.023675954,0.0022777705,0.020735273
0.00091488386,0.25520042,0.2741105,0.069030374,0.042382203,0.037215736,0.17930923,0.0444494,0.04762599,0.03310428,0.008553,0.0081040505
0.00083497114,0.044634905,0.07088446,0.09712067,0.10456029,0.05430095,0.19973516,0.053056497,0.20664278,0.12385557,0.03208183,0.01229192
0.002933334,0.3764296,0.3185958,0.052632287,0.01232931,0.012325722,0.13057736,0.02751994,0.018270273,0.013322078,0.0030434784,0.032020908
0.0009298576,0.084383495,0.10462867,0.1007153,0.09494838,0.05789637,0.20642862,0.05161524,0.16076042,0.0969522,0.027225154,0.0135163525
0.0011755043,0.05668121,0.08622831,0.08644861,0.10397147,0.055335954,0.21854827,0.034627005,0.25405163,0.07738647,0.02119433,0.004351304
0.004060039,0.49027762,0.3504467,0.023380462,0.0034253001,0.004208139,0.06975423,0.008439378,0.0031502992,0.0045717508,0.002176243,0.036109895
0.00029196023,0.01381145,0.05126878,0.12187247,0.11783513,0.07639345,0.17875808,0.020474853,0.24238655,0.15471923,0.020595124,0.0015929149
0.0012242564,0.11441485,0.14683802,0.1083407,0.08081878,0.053842362,0.2007363,0.055631597,0.12200596,0.078129664,0.016762814,0.021254696
0.0005220298,0.13824484,0.26023486,0.08398412,0.051060174,0.052477457,0.17848593,0.038064346,0.114534535,0.06821117,0.0061144256,0.008066248
0.0032302942,0.40465266,0.23321395,0.048713814,0.012608902,0.007925669,0.15328856,0.026056053,0.01459053,0.012412759,0.005740134,0.07756674
0.003110953,0.019586077,0.015547232,0.093368694,0.16613582,0.16028821,0.12887432,0.058018286,0.15207633,0.12244633,0.07539567,0.0051520057
0.0037023728,0.10963216,0.10130076,0.12384958,0.09896147,0.08706496,0.1445995,0.070018396,0.09820895,0.0915611,0.049438708,0.021662038
0.0004906542,0.21304119,0.33907616,0.058960233,0.037508763,0.04561363,0.15296948,0.031637933,0.075158514,0.038766623,0.0032324847,0.0035444065
0.00061225094,0.054999847,0.10965702,0.12011323,0.10055098,0.062942475,0.19565433,0.043181483,0.16052961,0.118958704,0.023819704,0.0089804195
0.0017791025,0.33126542,0.21669555,0.057160873,0.034562036,0.024655655,0.20218593,0.04674969,0.035114508,0.022486461,0.015450295,0.011894535
0.0007168897,0.032227077,0.052570485,0.09019599,0.13229811,0.09129425,0.22613148,0.023180416,0.25252444,0.08072774,0.01634354,0.0017895112
0.0003428051,0.032535065,0.115094416,0.14645788,0.11525373,0.0766087,0.18132767,0.038271006,0.1438272,0.12274152,0.024963977,0.002576048
0.0007987868,0.41842008,0.38428763,0.023652693,0.006114637,0.0081119845,0.114565395,0.014606154,0.011515331,0.0065861945,0.0008101887,0.010530974
0.9344686,0.0349053,0.01310991,0.0009016777,5.1284405e-05,0.00036639834,0.0007947385,0.0011359853,3.8213384e-05,0.00043792833,0.0004899976,0.0132999625
0.0016303307,0.42966646,0.3854148,0.028883038,0.0048705023,0.0053834664,0.091238596,0.010824164,0.0065288087,0.0063632373,0.001479066,0.027717557
0.0005574014,0.019119333,0.0144038405,0.12706268,0.21251665,0.034356724,0.14552967,0.05786611,0.06706147,0.11434203,0.20259532,0.0045888014
0.00027682795,0.012573069,0.051596172,0.1377724,0.13853243,0.09896453,0.17949305,0.01685029,0.20981257,0.13758928,0.01580628,0.00073308987
0.00028879655,0.013037124,0.022294315,0.12951614,0.21076815,0.04278512,0.18714413,0.040629867,0.12012024,0.125241,0.10543322,0.002741841
0.0013013835,0.48776126,0.39510897,0.014943953,0.002341129,0.002892629,0.06754665,0.0056344825,0.0034905295,0.0028033718,0.00052919576,0.015646487
0.0031552422,0.43540037,0.28081813,0.048167083,0.008306869,0.006492518,0.113222934,0.019088933,0.0069378065,0.00983233,0.00497886,0.06359901
0.0024368335,0.40293723,0.36183795,0.039394185,0.008896527,0.013098516,0.10620217,0.021514628,0.015656099,0.010270983,0.0018965431,0.015858283
0.94409275,0.026542539,0.013113299,0.00090928026,7.5594784e-05,0.00029533653,0.00068221975,0.0008171021,3.981427e-05,0.00040191895,0.00041276563,0.012617337
0.0022793438,0.3903797,0.23591717,0.057127777,0.020096116,0.01563256,0.17270684,0.040086985,0.016808325,0.016250782,0.009974443,0.02273994
0.0011908347,0.03207635,0.02006128,0.14627267,0.1812817,0.036877815,0.14010827,0.078552924,0.051047757,0.10472889,0.19687149,0.010930059
0.0013172826,0.30016586,0.24687706,0.06325945,0.03487335,0.028455295,0.19294128,0.0445342,0.038411576,0.026298286,0.008367013,0.0144994315
0.001555349,0.18669398,0.18425396,0.093948446,0.081735246,0.054340843,0.18941244,0.061015397,0.07022412,0.048774928,0.019051373,0.008994
0.00023595904,0.011697527,0.047967225,0.12719758,0.12513402,0.07675641,0.18101612,0.019432876,0.23209892,0.15649176,0.020687293,0.0012843679
0.0006109446,0.18080337,0.2949261,0.07234534,0.04778375,0.058099885,0.1563696,0.036393072,0.09374122,0.050747517,0.0045994483,0.0035797213
0.00028628454,0.011567405,0.046669643,0.13099319,0.12569463,0.085529715,0.17171004,0.021291126,0.2184548,0.16493888,0.021342013,0.0015222346
0.8185096,0.08398695,0.04946483,0.0030005649,0.0002775336,0.0010577467,0.0023889986,0.002607171,0.00020718612,0.0015877226,0.0012316443,0.035679996
0.002590104,0.47302327,0.31576687,0.024577158,0.005118385,0.006250309,0.11526804,0.01659628,0.006889353,0.0062186453,0.0022790437,0.025422534
0.00038702373,0.24091797,0.38979748,0.053053148,0.02833441,0.034464322,0.14119233,0.030179555,0.04527946,0.029588994,0.003033818,0.0037714355
0.003562221,0.40381986,0.18964203,0.051457282,0.015897173,0.011193163,0.17856957,0.04449601,0.012715497,0.014983115,0.014883877,0.058780167
0.0031185844,0.020484708,0.016509699,0.09695371,0.16838509,0.16842192,0.1311191,0.05360915,0.15030822,0.11743751,0.069070116,0.0045821182
0.0021712533,0.38978618,0.23207992,0.05654308,0.020744411,0.015838547,0.17598504,0.04022999,0.01787096,0.01639983,0.009930733,0.022420047
0.007119122,0.036042478,0.026911877,0.084806845,0.16796821,0.17135917,0.12900707,0.06998171,0.13714282,0.09783615,0.05979311,0.012031361
0.002124624,0.5004301,0.37769818,0.016913049,0.0022891134,0.002635016,0.06467414,0.0057482705,0.003103844,0.0026456343,0.0006788152,0.021059252
0.0014426757,0.075610526,0.06786363,0.16650799,0.10744385,0.05108608,0.16514072,0.0850021,0.062807724,0.10957208,0.06905005,0.038472496
0.0012156053,0.088215195,0.10041212,0.11828173,0.11308178,0.06063406,0.2028388,0.06526206,0.109605625,0.08817433,0.034842357,0.017436264
0.0009361457,0.44080332,0.3875195,0.019774266,0.0047050146,0.00620638,0.10102044,0.012172281,0.008970845,0.00501796,0.0006756387,0.01219818
0.0005600615,0.040581353,0.109126166,0.14798692,0.11828703,0.09404076,0.15931177,0.038906638,0.14652184,0.11791184,0.024554614,0.0022110604
0.0014350658,0.063983664,0.03292468,0.17261021,0.15251097,0.036907546,0.12784602,0.07293525,0.035027962,0.08603057,0.20614322,0.0116448
0.88108206,0.058215145,0.029781638,0.0018746379,0.00014852252,0.00060201203,0.00117525,0.0016633297,8.5493295e-05,0.0009423911,0.0007228686,0.023706675
0.001118685,0.03949069,0.0553878,0.08905841,0.12759513,0.06832307,0.2180936,0.03898656,0.23308751,0.09646795,0.028122423,0.0042682285
0.0016542092,0.3444735,0.23332465,0.057750955,0.023596114,0.019217046,0.1982218,0.03925411,0.025407793,0.020183967,0.0077626067,0.029153252
0.0046791043,0.51401716,0.32378328,0.022678409,0.0031520128,0.003837141,0.06662143,0.008296231,0.0028770117,0.0043146396,0.0022651951,0.043478347
0.0018313868,0.38755268,0.27734938,0.043155387,0.0144270845,0.012022004,0.1451037,0.026057806,0.028411739,0.013356873,0.0021523417,0.04857964
0.0008887951,0.1203415,0.13146394,0.11929536,0.11751328,0.058581393,0.19973382,0.060970426,0.08150442,0.069581196,0.034291428,0.005834417
0.00043073017,0.012261835,0.03932387,0.11055967,0.11705525,0.06152204,0.19308603,0.030923896,0.2515763,0.15026715,0.029072104,0.003921065
0.0018943822,0.079669945,0.047365043,0.15216133,0.1152696,0.047575157,0.15417406,0.093786925,0.053218864,0.10335255,0.12579904,0.025733134
0.00044410213,0.037568707,0.06213261,0.15926765,0.15520225,0.06959668,0.17762113,0.046374187,0.10016664,0.11125952,0.075871885,0.0044946573
0.004154232,0.41993386,0.40855667,0.034035247,0.0049152393,0.006639703,0.06857234,0.011626865,0.0065893056,0.00658782,0.001879084,0.026509685
0.0017402715,0.35529128,0.27945206,0.056783173,0.01677054,0.013313197,0.12679984,0.023697462,0.02058973,0.020803563,0.0062734825,0.07848531
0.0017610817,0.36838654,0.262874,0.049559016,0.017968869,0.016769018,0.17876595,0.033416446,0.021453008,0.01646981,0.0055794027,0.026996765
0.00028062047,0.015586805,0.05603304,0.13194269,0.14960316,0.09636518,0.17468704,0.025868729,0.18897983,0.1386489,0.020658214,0.0013457964
0.0009450204,0.4286048,0.41546834,0.019118015,0.004336242,0.0059204227,0.089347735,0.01108814,0.008402484,0.004656258,0.000573141,0.011539467
0.001101641,0.3878493,0.3910095,0.029796625,0.007855188,0.010829653,0.114046045,0.018557994,0.015038065,0.009022079,0.0010881266,0.013805727
0.00441908,0.29257306,0.28818238,0.08743618,0.027508693,0.029757446,0.13432938,0.04791891,0.02661998,0.027667038,0.011121814,0.022466093
0.006951407,0.40282664,0.2531697,0.052870817,0.009850414,0.009196953,0.13387424,0.034590695,0.009618169,0.011554261,0.007295128,0.06820166
0.0035485737,0.39274898,0.30917263,0.052911367,0.013176057,0.018033395,0.11858991,0.030091306,0.02089871,0.014802707,0.0037458076,0.022280648
0.00043310036,0.032194324,0.05528606,0.12146559,0.18578185,0.058231376,0.21578908,0.03922217,0.1382181,0.103461616,0.047926895,0.0019898396
0.0019104435,0.084450185,0.0922133,0.112515755,0.12684207,0.08068221,0.17642382,0.06841351,0.12270559,0.08691628,0.032317474,0.014609451
0.0033142846,0.39971998,0.2705166,0.058750354,0.0114433635,0.0083088195,0.12385151,0.023310084,0.008689807,0.012919351,0.0069558527,0.072219975
0.0002479814,0.0294938,0.12369126,0.14510655,0.112702325,0.07346865,0.1867659,0.03176792,0.15180792,0.12140898,0.02216965,0.0013691162
0.0019929335,0.28085896,0.30261618,0.08000978,0.03424996,0.03919399,0.13571435,0.046153396,0.030483818,0.02983072,0.010181418,0.008714522
0.00036699817,0.27297905,0.30159155,0.045036737,0.025926223,0.017600056,0.1879029,0.029945165,0.06976313,0.028793713,0.0023227835,0.01777175
0.0004891673,0.32377112,0.28599063,0.03789819,0.0224519,0.015530549,0.18732432,0.028371098,0.051980343,0.02164311,0.0023034208,0.022246236
0.002628524,0.42744517,0.3054065,0.030963907,0.0075013875,0.0088091,0.14670758,0.02500954,0.010404594,0.008367761,0.003015626,0.023740347
0.0010664656,0.40676084,0.42378068,0.023018988,0.005375931,0.008232866,0.09228338,0.013240495,0.009955717,0.005820783,0.00072462164,0.009739285
0.0021949792,0.39771402,0.39491585,0.03382673,0.0069719777,0.008939648,0.09855485,0.015602795,0.009614063,0.008914561,0.0021810823,0.020569505
0.0039606476,0.36267528,0.19640201,0.05622111,0.017372867,0.009808149,0.1822237,0.043643028,0.014075997,0.014820216,0.011662175,0.08713485
0.0033149307,0.48693228,0.26085806,0.029234562,0.005224641,0.0050060004,0.12336619,0.01860408,0.0059423484,0.0061275247,0.0030472865,0.052342128
0.0030117494,0.01955678,0.01621426,0.09835897,0.16733027,0.16392365,0.12861308,0.05375776,0.15326609,0.122343786,0.068814866,0.0048087514
0.00052208616,0.3508349,0.37101707,0.03193758,0.012252737,0.012941018,0.1459022,0.021985019,0.02426192,0.013554498,0.0013094494,0.013481444
0.0004511608,0.027089084,0.05424289,0.1256684,0.18558791,0.0698933,0.20545639,0.037899323,0.13976,0.10951574,0.04275685,0.0016789353
0.00069346285,0.33759332,0.26049402,0.049388476,0.021106098,0.012939734,0.17756853,0.0280454,0.038111098,0.020629473,0.0028120598,0.05061833
0.00055780273,0.052967947,0.0430361,0.1346353,0.17928232,0.040950295,0.19183104,0.054002956,0.07297313,0.09424217,0.13059293,0.004928081
0.96330816,0.01823749,0.008727773,0.0005284557,3.2274318e-05,0.00018535217,0.00042412026,0.000509781,1.6771679e-05,0.00022848704,0.0002557172,0.0075456873
0.0016199753,0.31778508,0.28107518,0.05951175,0.022834456,0.018756561,0.14813404,0.031006325,0.035462394,0.025898367,0.0051467484,0.052769188
0.0014128558,0.027943224,0.019843062,0.09039204,0.10942512,0.035148915,0.12943469,0.09719845,0.06259394,0.13579074,0.27759418,0.013222889
0.0016373178,0.053254202,0.062211335,0.08867863,0.14553612,0.086265214,0.18565461,0.040997844,0.21737096,0.086218685,0.028573303,0.0036017643
0.00027724044,0.3082774,0.36843127,0.030516667,0.017770372,0.012569374,0.15558623,0.022247966,0.05221106,0.017806718,0.0011091013,0.013196657
0.0015974841,0.04930084,0.060659815,0.09385333,0.14893933,0.079529464,0.19094577,0.042838365,0.20773152,0.08994377,0.030275825,0.0043844935
0.00028195517,0.010788537,0.036524713,0.1250675,0.16548716,0.082027055,0.17034616,0.027300837,0.19274198,0.1517376,0.036253482,0.0014431122
0.007484318,0.43840346,0.23982377,0.03815571,0.006117314,0.004619613,0.11199872,0.026836827,0.004411333,0.008456917,0.0075084674,0.10618352
0.96070266,0.019524874,0.009582431,0.0005509422,3.3933662e-05,0.00019314166,0.00043469356,0.00052659033,1.7339571e-05,0.0002373362,0.00025725504,0.00793882
0.0007051885,0.03767266,0.058506165,0.08611357,0.1296582,0.09635588,0.22645468,0.02138874,0.25437513,0.073485665,0.013731741,0.0015523885
0.0015964439,0.3954611,0.34451407,0.035287928,0.009700504,0.011916811,0.12906587,0.021582015,0.01593486,0.011328678,0.0023271593,0.021284612
0.0022059374,0.10567986,0.06787601,0.17528678,0.093909174,0.044395573,0.15462802,0.09595937,0.051919367,0.08645369,0.071993016,0.04969325
0.00267457,0.40327826,0.3083416,0.035393365,0.010184588,0.012785237,0.15048417,0.030231206,0.01620826,0.009854077,0.0034472838,0.017117389
0.00045287056,0.21004751,0.36276183,0.05734778,0.035624195,0.046820667,0.14152043,0.029599905,0.07281197,0.037537683,0.0027414416,0.0027336488
0.0010357532,0.05465777,0.02874923,0.1591405,0.16890879,0.03649326,0.12693687,0.061178666,0.035640772,0.08624159,0.23278794,0.008228863
0.0013573581,0.073048614,0.09663242,0.102342494,0.12836681,0.10606909,0.16505884,0.05730687,0.15175943,0.088056944,0.023163097,0.006838093
0.0020798706,0.3910759,0.23317082,0.056296412,0.02104442,0.016274609,0.17537977,0.03999628,0.018165505,0.016316954,0.009977577,0.020221913
0.004063742,0.07908954,0.068379454,0.12072256,0.11978587,0.09678936,0.14005964,0.08803769,0.11722694,0.08940857,0.059719894,0.016716793
0.002909407,0.018582968,0.0150120435,0.095568344,0.17162041,0.17151183,0.13339585,0.051463656,0.15077095,0.11724956,0.067884095,0.004030886
0.0017972966,0.4407261,0.27055475,0.031854462,0.007414001,0.006504307,0.1629675,0.022563985,0.010482307,0.007406919,0.0023421557,0.035386305
0.0016562742,0.054580577,0.06364586,0.08889166,0.14518198,0.08544139,0.18512242,0.04127838,0.21672904,0.085831724,0.027854143,0.0037865373
0.0012130906,0.047760293,0.060115773,0.12482992,0.14140812,0.05366648,0.21190631,0.0676972,0.13023081,0.10354684,0.04337298,0.014252166
0.0026277783,0.4096951,0.23646095,0.04661817,0.011391153,0.007833551,0.16863623,0.02804705,0.012199875,0.01098765,0.004976832,0.060525637
0.00085788436,0.3562434,0.26577637,0.043897778,0.019340828,0.014368477,0.17556031,0.027347386,0.03619361,0.018801954,0.0028448636,0.038767215
0.00016101015,0.008257729,0.03933148,0.12576838,0.113707006,0.067489825,0.194568,0.016556254,0.24200356,0.17303428,0.018057577,0.0010648553
0.0015845733,0.3730093,0.37663525,0.038334165,0.009724527,0.014134392,0.116301164,0.022524863,0.017642353,0.011926857,0.0017198429,0.016462808
0.0016182937,0.31453633,0.29653975,0.07426338,0.028258191,0.026277365,0.14789955,0.04107374,0.024037154,0.024080494,0.008608102,0.012807573
0.0023507883,0.081166275,0.0866771,0.10203139,0.12887387,0.0795926,0.17453499,0.065751776,0.14416477,0.087901905,0.036787678,0.010166877
0.0037615201,0.41821265,0.19416082,0.07114603,0.022514995,0.014061017,0.1291239,0.036878552,0.010351351,0.018213725,0.02398104,0.05759444
0.0002981751,0.03968774,0.11567964,0.15025245,0.11408384,0.07203413,0.18636788,0.039587617,0.13367893,0.11782772,0.027819421,0.0026825012
0.0025662214,0.040197242,0.057491366,0.13144739,0.11091485,0.057406247,0.15401118,0.07762851,0.11565342,0.14865634,0.04993497,0.054092187
0.000404739,0.033720944,0.078621805,0.10826373,0.16056897,0.072491005,0.20830119,0.030436387,0.18503092,0.09801115,0.02253003,0.0016192077
0.005124244,0.42032623,0.30496064,0.050009098,0.007803728,0.006868855,0.09415069,0.018430518,0.0072166864,0.009869606,0.004488932,0.07075072
0.0012948351,0.32682085,0.23632611,0.05937875,0.023574444,0.0147446655,0.1652198,0.030677099,0.03331033,0.02431849,0.005981852,0.07835273
0.0014275919,0.071892284,0.06975618,0.14031878,0.12899311,0.046861004,0.20129807,0.08578073,0.09150481,0.09312671,0.04661637,0.02242431
0.00017613737,0.0076027294,0.032136694,0.11338969,0.11733244,0.064564124,0.18991552,0.021473318,0.23807535,0.19112575,0.02289506,0.0013132393
0.0008777647,0.032505985,0.028966928,0.13810074,0.18601218,0.04537513,0.1742664,0.07059882,0.086571,0.11001479,0.11865306,0.008057225
0.0010082651,0.10224221,0.1213666,0.14679706,0.13000086,0.05688117,0.17461488,0.06380444,0.070209526,0.07524071,0.05229874,0.005535546
0.0019291248,0.5229677,0.2703508,0.025591671,0.0041085333,0.0033457547,0.10011852,0.01093372,0.004040019,0.004666989,0.0020215376,0.049925663
0.002892747,0.07794088,0.056011595,0.13084377,0.09926779,0.03809106,0.16897666,0.13401435,0.06930296,0.09684901,0.08930124,0.03650794
0.0012871216,0.24217707,0.31231648,0.06864824,0.037003174,0.038679518,0.15855342,0.041783165,0.051896617,0.03201196,0.0052952184,0.010347996
0.00043747824,0.039713595,0.06824267,0.12232252,0.18193065,0.07195763,0.20840172,0.040424097,0.13345565,0.097272865,0.034180243,0.0016609308
0.00021971634,0.016409418,0.060115214,0.1218461,0.10943249,0.06249421,0.19243282,0.02537269,0.2125217,0.17084387,0.026264496,0.0020473008
0.0007006579,0.03526301,0.053014405,0.13126071,0.17745198,0.07498482,0.18527304,0.05439378,0.12136177,0.10848707,0.053986456,0.0038223069
0.0008003227,0.41983572,0.4116963,0.020282421,0.0049536857,0.0071041053,0.09775889,0.012471169,0.009695255,0.005181269,0.0005846966,0.009636137
0.00029825044,0.03235627,0.093749136,0.13922441,0.13066469,0.07871281,0.18273497,0.03492278,0.1559404,0.1234959,0.026123878,0.0017765675
0.0031943172,0.36995697,0.32869026,0.056777157,0.014526072,0.021367054,0.11273081,0.030864526,0.023416417,0.016635695,0.0035118433,0.01832884
0.001567561,0.43446717,0.25933006,0.049025506,0.015308343,0.013376077,0.14501524,0.0276481,0.011471678,0.013315554,0.007873129,0.021601561
0.0011934076,0.35788968,0.3173613,0.04861331,0.013860747,0.009273604,0.11801791,0.018013647,0.016394492,0.017398462,0.004308045,0.07767536
0.005068691,0.5089488,0.18893337,0.03496219,0.0073129223,0.0056063547,0.10314082,0.021127732,0.0046949917,0.008766415,0.010355538,0.10108218
0.0005627202,0.13925177,0.21654841,0.09548865,0.056735314,0.056410145,0.17915995,0.03840334,0.118707694,0.080344245,0.010511905,0.007875841
0.0037076755,0.4292738,0.3423008,0.03198718,0.0054198005,0.005490621,0.11188728,0.016586728,0.0067355726,0.0061764214,0.0023565348,0.03807759
0.89944077,0.048352294,0.029439095,0.0015252557,0.00013999612,0.00055979326,0.00093716534,0.0009848783,7.441685e-05,0.0007323172,0.00058730604,0.017226707
0.0014979915,0.04955894,0.0620644,0.12047157,0.14347497,0.0595378,0.20221633,0.066626154,0.13818048,0.10177646,0.040012248,0.014582678
0.0076799225,0.49426958,0.20624827,0.036771838,0.0081156455,0.008248934,0.1038586,0.026755467,0.0061694672,0.010485633,0.0122814085,0.0791151
0.001463399,0.29365376,0.24782655,0.069148876,0.026908366,0.01929752,0.15429012,0.034089092,0.038017035,0.031977825,0.0067733577,0.07655411
0.0014916086,0.075766616,0.080960944,0.118884906,0.13786837,0.08149005,0.17501573,0.07107153,0.11915153,0.09048549,0.035542686,0.012270533
0.0013980437,0.08062499,0.07327433,0.1700475,0.109289125,0.05455671,0.1645662,0.078487895,0.06310638,0.10516391,0.06385937,0.03562565
0.0010603183,0.4834323,0.3239517,0.021009997,0.0052397316,0.0044470336,0.10335713,0.009598203,0.009381657,0.0057073743,0.0009814639,0.031833168
0.0016320528,0.3288071,0.2019498,0.07962876,0.03934039,0.025632441,0.18550764,0.052356258,0.026037006,0.025592977,0.020819133,0.0126965325
0.00480797,0.31246608,0.13577297,0.0682993,0.025548333,0.020900998,0.19848555,0.08077539,0.023826385,0.02847676,0.04255934,0.0580809
0.001052427,0.068537034,0.08062023,0.1117314,0.15876988,0.09463963,0.18432741,0.055890463,0.13056208,0.081722565,0.02834348,0.003803325
0.00036487455,0.18314716,0.32636726,0.06418195,0.043147366,0.03459796,0.18802568,0.033843856,0.07701171,0.039138187,0.0039489875,0.0062249387
0.0006354032,0.023026818,0.021206807,0.11930156,0.1875297,0.04262628,0.1638927,0.06005754,0.1015807,0.12690844,0.14874321,0.00449074
0.001414366,0.07133738,0.07915031,0.11663326,0.136372,0.08043106,0.1772635,0.07092604,0.1225085,0.095074244,0.03655686,0.012332534
0.00076038006,0.046991095,0.05183126,0.11939871,0.14707507,0.059514645,0.19114697,0.066204496,0.11119935,0.12474446,0.068843946,0.012289623
0.00023313647,0.012946563,0.05563853,0.14582942,0.14486036,0.088032775,0.17508304,0.02716509,0.17573194,0.15003252,0.022905236,0.0015413855
0.00083160884,0.05549767,0.092446804,0.10769389,0.1351847,0.09251034,0.17555264,0.04744719,0.16850874,0.09932604,0.01996573,0.0050346963
0.0008525719,0.3231373,0.3598684,0.044939384,0.02367211,0.03108912,0.13209042,0.028974488,0.02886322,0.018605387,0.00380319,0.0041042916
0.002885978,0.4479099,0.28294593,0.03553974,0.008493682,0.0090988,0.13670628,0.023232304,0.010248937,0.009632435,0.0039283074,0.029377714
0.00024321466,0.014883874,0.045172114,0.10338603,0.11544015,0.059624117,0.19172464,0.025551785,0.24751109,0.16388352,0.030890446,0.0016889181
0.0046355277,0.4473448,0.21800281,0.036044385,0.009692592,0.007984307,0.15346512,0.03332241,0.009592084,0.010147377,0.0077465046,0.062022083
0.00045182166,0.36881873,0.33833995,0.027739836,0.01436013,0.013500062,0.15140446,0.021191817,0.035294145,0.014121174,0.0010891982,0.01368875
0.00051199837,0.019783419,0.041371502,0.13022718,0.18733372,0.07129418,0.18968503,0.0432269,0.13503185,0.12307089,0.055635154,0.00282821
0.93272626,0.035701122,0.013743518,0.0009167379,5.3563697e-05,0.0003660217,0.00080153457,0.001141824,3.9923427e-05,0.0004375581,0.00047869093,0.013593229
0.0030253953,0.326278,0.18164878,0.08880773,0.038809106,0.026730383,0.17445444,0.05847472,0.025884368,0.027291363,0.021558512,0.027037188
0.00024709292,0.015461721,0.059458602,0.13417464,0.14666179,0.09003638,0.17950495,0.023772588,0.19409108,0.13571483,0.019735327,0.0011410216
0.0005703662,0.031920128,0.066683434,0.11201634,0.14700095,0.067904346,0.18774095,0.04004685,0.18100725,0.12629335,0.03481084,0.0040051704
0.00087607204,0.38892278,0.30695826,0.033253063,0.013850085,0.014215574,0.14479662,0.023517534,0.033881262,0.014330772,0.0013604073,0.024037652
0.0006789957,0.04342808,0.05950269,0.1257169,0.15718539,0.05464647,0.21266477,0.061752014,0.11562329,0.10948429,0.04882135,0.010495741
0.0013679366,0.30437058,0.28691965,0.06661603,0.036261383,0.036726758,0.15275754,0.041973863,0.032668915,0.02532004,0.008799451,0.0062178965
0.0008945059,0.3170626,0.32667816,0.05651357,0.028940795,0.031732578,0.13950318,0.03532133,0.028366774,0.023388006,0.006170204,0.0054283845
0.0039607873,0.44337508,0.27470338,0.045703225,0.0090997005,0.009178779,0.119316496,0.023361312,0.008884522,0.010604549,0.005471238,0.0463409
0.004771026,0.40837675,0.33137065,0.043775212,0.0073524043,0.00695875,0.11214815,0.020780146,0.009508853,0.008041119,0.0028022977,0.04411469
0.0002963605,0.30764255,0.3360734,0.033267047,0.019768655,0.012723244,0.17181522,0.024700252,0.05799667,0.018458882,0.0013286528,0.015929021
0.00042334714,0.03582696,0.061950278,0.12376599,0.18911123,0.06417961,0.21670404,0.040959228,0.12826225,0.09689202,0.04021348,0.0017115957
0.0014389546,0.40535247,0.29108736,0.036674034,0.01177931,0.013012952,0.15792327,0.025124114,0.022046462,0.012000436,0.002107053,0.021453705
0.0049035465,0.42282867,0.22438183,0.06916801,0.020719346,0.014988025,0.112128265,0.038195226,0.008008061,0.017380636,0.024976954,0.042321354
0.0025053828,0.33205527,0.18872319,0.08282796,0.0386295,0.023628797,0.17701298,0.059661016,0.023189219,0.025640747,0.026778165,0.019347731
0.004305439,0.43257523,0.2694859,0.04595991,0.0078186,0.005459819,0.11124268,0.019023886,0.0053890697,0.00900666,0.005759035,0.08397368
0.00021619961,0.01738939,0.07714388,0.13235664,0.10381807,0.06512284,0.18605666,0.022399422,0.2179567,0.15594645,0.019915285,0.0016784456
0.00046549406,0.07049429,0.112618625,0.13230054,0.14268939,0.053865474,0.20369132,0.049504176,0.1010694,0.08540369,0.04510658,0.002791066
0.0008823584,0.39700672,0.44591042,0.020740572,0.004927954,0.0072399145,0.0877652,0.011871282,0.009155866,0.0050466703,0.0005652288,0.008887755
0.0002630914,0.011871289,0.029545149,0.11606226,0.16350538,0.046448074,0.20975797,0.032093715,0.19508608,0.13302645,0.060073853,0.0022667507
0.0053996826,0.23099577,0.24134883,0.0872855,0.04509352,0.059781782,0.13558288,0.05827239,0.06331573,0.042669557,0.011410289,0.018844133
0.001414366,0.07133738,0.07915031,0.11663326,0.136372,0.08043106,0.1772635,0.07092604,0.1225085,0.095074244,0.03655686,0.012332534
0.00039283218,0.028616196,0.06239599,0.11575096,0.1746323,0.07408022,0.20885627,0.03061019,0.17154263,0.10361631,0.028280966,0.0012250856
0.0015538322,0.48392016,0.40064177,0.016113648,0.0024156708,0.0031029717,0.06354606,0.005671851,0.0034694152,0.002994396,0.00061556057,0.01595466
0.0033251843,0.43483838,0.33258998,0.031546704,0.0053335056,0.00501123,0.11603969,0.016160732,0.006723283,0.0059135193,0.0021840737,0.04033367
0.0013696549,0.041812316,0.055233132,0.11490188,0.14306544,0.059962347,0.20403877,0.06324133,0.14962672,0.11073507,0.04414939,0.011864011
0.0028225242,0.31941056,0.20193787,0.072808586,0.023107262,0.014882342,0.1307366,0.032977622,0.031496637,0.02397354,0.0076618777,0.1381846
0.0027375624,0.25946268,0.23601048,0.08968576,0.049903642,0.048312414,0.14839482,0.055993017,0.047449578,0.0376991,0.012538973,0.011811943
0.0011695833,0.067729965,0.09861933,0.08159115,0.10214346,0.06025546,0.21476257,0.031299956,0.2523467,0.069224365,0.017230423,0.0036270823
0.00040700013,0.03752792,0.057804346,0.109042436,0.16000606,0.060676433,0.20600858,0.044468317,0.15967578,0.1179926,0.042318083,0.004072452
0.0014403928,0.04383526,0.057004716,0.12089301,0.14072068,0.056886014,0.20635773,0.06642685,0.14006293,0.10801771,0.043539345,0.014815372
0.0008325817,0.051098157,0.063400015,0.12431572,0.14765713,0.052313052,0.22050022,0.06549125,0.11759475,0.100966446,0.044068936,0.01176183
0.0005458873,0.17752507,0.3127268,0.06911003,0.047539454,0.06173407,0.14708364,0.034283854,0.095105395,0.04826709,0.003760517,0.0023182393
0.0009988921,0.021712309,0.033404775,0.10511253,0.14158449,0.06734908,0.17495069,0.058654033,0.17151512,0.1546073,0.062603,0.0075078034
0.8292059,0.07467272,0.05141708,0.002819707,0.0002611414,0.00087993196,0.0021600144,0.0024750978,0.00017865925,0.0013626736,0.0010232565,0.03354393
0.003069374,0.073230624,0.07522211,0.13578475,0.13021477,0.05262884,0.16322333,0.09907722,0.103914574,0.0881051,0.041643266,0.03388609
0.0004461547,0.033938978,0.059405312,0.12994073,0.18110022,0.06766508,0.20029326,0.04367896,0.12787607,0.1065518,0.047076337,0.002027099
0.0018557333,0.43975657,0.2580382,0.030112034,0.008326284,0.00814225,0.1732802,0.027294131,0.013481415,0.008258424,0.002900477,0.028554277
0.0029306952,0.3760554,0.39340657,0.049021967,0.010573535,0.012552465,0.09007207,0.019086776,0.0072796103,0.0129760355,0.006323345,0.019721499
0.0028654274,0.4522328,0.30636302,0.030354872,0.006865378,0.008198223,0.1265329,0.020591037,0.009098455,0.008171734,0.0029971057,0.02572908
0.0029819754,0.3909092,0.23694102,0.051302344,0.015090145,0.010537415,0.16221946,0.029301934,0.018727498,0.014555532,0.006028696,0.061404806
0.00034000954,0.051905457,0.14413865,0.13978204,0.10416615,0.07655873,0.1795134,0.039399765,0.13497865,0.10673951,0.020263031,0.0022146807
0.00028471436,0.29861408,0.33397692,0.034151956,0.020880489,0.013314688,0.17526796,0.025169065,0.061992418,0.019821422,0.0014442774,0.015081992
0.0007203675,0.44697058,0.35175085,0.021441896,0.0060564866,0.005235824,0.11158269,0.011281545,0.011804419,0.006512249,0.0008687342,0.025774412
0.00041639165,0.20978981,0.37059036,0.05543229,0.035607375,0.046682067,0.13934477,0.028350005,0.072827764,0.036111396,0.0025023557,0.0023454386
0.0012740246,0.1612268,0.16709882,0.090675846,0.09688056,0.05771596,0.19845042,0.05832987,0.09035987,0.05290682,0.017399626,0.0076814024
0.002062308,0.29365152,0.29951656,0.07196853,0.030550765,0.03431819,0.14454582,0.04461368,0.031716257,0.027815787,0.007942177,0.011298248
0.0007956137,0.36173743,0.3599293,0.04117377,0.014924392,0.016039116,0.13287446,0.024966197,0.016438099,0.015602839,0.0035014614,0.012017344
0.0013892611,0.4833264,0.30327627,0.024688903,0.004816935,0.0045257797,0.12111078,0.012670852,0.0069781365,0.005550472,0.0014467579,0.030219449
0.0018592783,0.3802422,0.21854305,0.049430486,0.01894926,0.015360027,0.1773982,0.033311166,0.034498602,0.016756648,0.00392142,0.04972954
0.00030343534,0.016232742,0.056130648,0.14024356,0.14855912,0.0955725,0.16789818,0.03173701,0.16917874,0.14680156,0.025449488,0.001893052
0.0015003843,0.028145332,0.019638628,0.14093652,0.17236853,0.038728915,0.13871586,0.08405846,0.056887142,0.11478892,0.19034769,0.013883597
0.0009550881,0.056429986,0.07862532,0.09720731,0.12985997,0.071412146,0.19793728,0.0560008,0.17899925,0.09935108,0.023755383,0.009466465
0.00038949164,0.03369149,0.065787144,0.126615,0.17568022,0.06638545,0.20526776,0.039085686,0.13746245,0.107037716,0.0408763,0.0017212086
0.000727634,0.034620777,0.05472488,0.08829611,0.13151133,0.091173336,0.22581027,0.023182735,0.25385904,0.078373045,0.015975263,0.0017455263
0.0002999727,0.2962304,0.35197702,0.03418069,0.01983077,0.013402242,0.16771832,0.024465261,0.055893485,0.019772658,0.0013566079,0.014872624
0.0006730127,0.27345777,0.30395094,0.06049288,0.03515658,0.030403266,0.17597005,0.03836824,0.04074665,0.027364997,0.0062816003,0.007134021
0.00048040735,0.019441672,0.026656592,0.12491391,0.18413423,0.04414809,0.18395267,0.052494265,0.11744139,0.1332831,0.10766362,0.005390086
0.0003957361,0.048470072,0.08817914,0.10316226,0.15825737,0.07305417,0.21128371,0.033424184,0.17215732,0.0904003,0.019652147,0.0015635128
0.9243994,0.039869122,0.01424704,0.0010403484,6.399726e-05,0.00041930404,0.0009389793,0.0014541656,4.8764945e-05,0.000537691,0.00058180385,0.016399408
0.0036884756,0.4289877,0.34116256,0.032146446,0.0054662325,0.0054863007,0.11260252,0.016637864,0.006759024,0.006217898,0.002372602,0.03847226
0.006517528,0.38333014,0.33849826,0.055490814,0.007587925,0.0067915954,0.08813114,0.016725171,0.00750079,0.01116802,0.004444363,0.07381421
0.0011926219,0.3247731,0.26896456,0.048910715,0.021837676,0.017847179,0.18941225,0.031859912,0.030962497,0.022168279,0.0053071957,0.036764115
0.0009530615,0.42984635,0.414873,0.018838236,0.004303703,0.0058526653,0.09009573,0.011000088,0.008214567,0.0044291844,0.000565655,0.011027804
0.002483928,0.3165141,0.21637593,0.06186949,0.029281477,0.028347366,0.19333601,0.051404066,0.042500507,0.026031053,0.0087444065,0.023111556
0.002302393,0.54100186,0.26056576,0.023613818,0.003382413,0.0029365437,0.09022545,0.010031646,0.0033428613,0.004008703,0.0019400144,0.056648564
0.0003756416,0.2207398,0.39534968,0.05813092,0.028894424,0.029925093,0.13916443,0.029196315,0.04987865,0.03947547,0.004046259,0.0048232744
0.0011072627,0.037450336,0.05596568,0.13787226,0.11303989,0.052277457,0.17925967,0.06472759,0.10819241,0.15399013,0.06102718,0.03509013
0.0005271225,0.039025288,0.053406626,0.16845782,0.16847327,0.06696811,0.17083992,0.052857257,0.08632258,0.10579522,0.08187957,0.005447234
0.0037720187,0.31549206,0.29834178,0.07985383,0.025541352,0.031817973,0.123439275,0.043575935,0.02518665,0.02592329,0.010136709,0.01691907
0.0005708557,0.32266474,0.29313013,0.03846041,0.02174919,0.016233593,0.1868013,0.028625453,0.045576885,0.021508917,0.0025240104,0.022154521
0.0003695575,0.042973142,0.11098099,0.13782224,0.117093444,0.07354988,0.18885523,0.042373832,0.14046846,0.11523609,0.026506746,0.0037704303
0.00016239955,0.007973525,0.03810417,0.12580952,0.117012374,0.065553024,0.19477336,0.018074524,0.23487693,0.17672104,0.019778928,0.0011602246
0.00029251433,0.012913974,0.020537844,0.12470216,0.22794211,0.039772984,0.18886292,0.03383138,0.12383382,0.11705177,0.10856262,0.0016959349
0.0027246408,0.35223278,0.25214285,0.06698555,0.018270329,0.013679348,0.16884339,0.038830403,0.018221922,0.017442657,0.00666927,0.04395685
0.9505108,0.025741322,0.010514414,0.000662132,3.8955346e-05,0.00023703184,0.0005514113,0.0007458531,2.3854613e-05,0.0003118454,0.00032605234,0.010336325
0.003034542,0.32484478,0.1811333,0.056676608,0.021365428,0.01676069,0.22290434,0.07026534,0.025797702,0.02209692,0.01721688,0.037903525
0.95929205,0.020193249,0.009775348,0.0005583491,3.4248544e-05,0.00019017617,0.0004765778,0.0005764494,1.9535197e-05,0.00024410582,0.000268839,0.008371132
0.00030280938,0.2229682,0.37787893,0.05509791,0.028620256,0.024582077,0.15962029,0.028856564,0.05420445,0.03792515,0.0035010835,0.0064423895
0.00025726907,0.0141538875,0.023057314,0.1268216,0.20816314,0.042120814,0.19366632,0.04074957,0.12255064,0.12600489,0.099773355,0.002681239
0.0015814967,0.31682,0.2729221,0.06630235,0.020236136,0.013574181,0.12845607,0.026371956,0.024230136,0.025550574,0.0075415107,0.096413545
0.0024844971,0.3054492,0.32726163,0.06584862,0.020856617,0.022122104,0.14236239,0.03769851,0.024950653,0.022594083,0.0059537953,0.022417944
0.008624902,0.47040907,0.29813617,0.030884858,0.0036391043,0.00450641,0.07951913,0.016355567,0.003379242,0.00582021,0.0041632745,0.0745621
0.001337773,0.4782679,0.38376105,0.018207068,0.0029343173,0.0035232939,0.07717479,0.007177755,0.0039776657,0.0037701356,0.00085813703,0.019010209
0.0036475845,0.44805512,0.27784592,0.046775877,0.0099438885,0.010032757,0.11796701,0.02561743,0.0076773134,0.011049339,0.006595657,0.034792062
0.003330352,0.4156714,0.29496607,0.05176308,0.008564975,0.006273371,0.1125082,0.01953802,0.0066482527,0.010056683,0.0050330693,0.06564651
0.8405506,0.07629429,0.048030816,0.0031182205,0.00024933327,0.0012633854,0.001627846,0.0023413135,0.00014842096,0.00145527,0.0011503858,0.023770047
0.00039177385,0.028876029,0.06287136,0.115146674,0.17487831,0.076210946,0.20890105,0.030020948,0.17302571,0.1020084,0.02651486,0.0011538877
0.00325599,0.40491518,0.2447934,0.048029535,0.0122069605,0.008395371,0.15415743,0.025988,0.014719753,0.012263854,0.005237004,0.0660376
0.003945621,0.45738676,0.2724876,0.044648718,0.01028428,0.010862825,0.115684375,0.027231101,0.007707717,0.011168377,0.0074244733,0.031168235
0.0006972184,0.012167883,0.03450447,0.10564839,0.12894662,0.10467207,0.1564389,0.030811442,0.21124324,0.18635759,0.023895007,0.0046172114
0.006372054,0.47576568,0.18115166,0.041747436,0.010755783,0.00930572,0.12042426,0.033260915,0.007861221,0.012448034,0.017577287,0.083329976
0.00056493306,0.3530322,0.35838345,0.033744857,0.012815693,0.013410505,0.1505549,0.02321125,0.024264725,0.014115417,0.0015204012,0.014381737
0.0010817639,0.054134503,0.032230046,0.16715084,0.17544726,0.041433804,0.13839817,0.06380807,0.043473657,0.086780734,0.18766624,0.008394938
0.00045818687,0.022281935,0.027292479,0.11950729,0.17535476,0.040856294,0.20141354,0.057971586,0.11920039,0.13166894,0.098819695,0.0051748455
0.0007120314,0.042877,0.04962833,0.13292873,0.18800303,0.06180102,0.19836153,0.061987806,0.100321606,0.09706585,0.062000692,0.0043124813
0.9354418,0.033238802,0.013624974,0.0009391199,5.762391e-05,0.0003457204,0.0007838866,0.0011056318,3.9302726e-05,0.000457975,0.0004791382,0.013485952
0.003008712,0.328762,0.19064711,0.08635518,0.036777493,0.025835104,0.17407607,0.05733564,0.02565272,0.026567472,0.018967008,0.026015492
0.00045650807,0.20463026,0.34590033,0.059355594,0.040229455,0.04747664,0.14967085,0.030765414,0.07736001,0.03844409,0.0031673952,0.0025434406
0.0040726946,0.43895698,0.25574532,0.046472725,0.009624116,0.008746238,0.12945448,0.025306763,0.008748621,0.010788701,0.0060744197,0.05600898
0.0042813737,0.41965988,0.3144773,0.040074214,0.0072119543,0.0068711243,0.121277705,0.021054499,0.008598957,0.008190789,0.0033373525,0.04496486
0.0014712428,0.34093857,0.2946701,0.050784655,0.01781835,0.016254956,0.17466652,0.033585995,0.02180276,0.017096352,0.004718666,0.026191806
0.0018889859,0.37131822,0.2837305,0.054071523,0.014864865,0.013184334,0.16352767,0.031795457,0.016826976,0.014703693,0.004513565,0.02957422
0.001496172,0.078771956,0.08413221,0.117098704,0.13384482,0.080351874,0.17780665,0.07077548,0.119178645,0.0891919,0.035129756,0.012221763
0.004756545,0.38597915,0.3608234,0.05061741,0.010697238,0.015920319,0.09719597,0.027876418,0.015168705,0.01159174,0.0034582382,0.015914915
0.0027045629,0.4859539,0.3942746,0.018095648,0.002131809,0.0025685527,0.059706632,0.005453185,0.002791912,0.002694752,0.0007444143,0.022880057
0.00027857724,0.019028654,0.063011736,0.13268523,0.11093411,0.06466206,0.19403227,0.034288067,0.16935293,0.17594302,0.030970676,0.004812703
0.0005655374,0.043027796,0.062191896,0.124473155,0.1863629,0.063985586,0.21063688,0.05016231,0.11562984,0.09433862,0.04591771,0.0027077743
0.00082351745,0.05902275,0.07571018,0.15080021,0.093196675,0.05032741,0.16552421,0.058578555,0.10001985,0.13858166,0.06583873,0.041576166
0.009799778,0.3462669,0.18106507,0.083293915,0.026580933,0.02577145,0.12193736,0.056002833,0.034794115,0.024844702,0.011785987,0.07785704
0.00023090729,0.016263502,0.05033307,0.10356103,0.11205416,0.061393075,0.19212207,0.024383461,0.25279495,0.15843128,0.02664458,0.0017879013
0.0024194422,0.119730905,0.07405878,0.13571167,0.08492224,0.04014837,0.18589461,0.10481346,0.054911837,0.08111406,0.0795308,0.03674384
0.0017054715,0.4137194,0.31673402,0.03336533,0.0100570815,0.010011857,0.1251394,0.018759973,0.021645652,0.010304585,0.0015077281,0.037049625
0.0004150336,0.16131237,0.26671746,0.071843825,0.05122662,0.043468393,0.18406329,0.033236366,0.11923423,0.05814519,0.005280798,0.005056425
0.010974659,0.08558409,0.07543275,0.11298018,0.09052611,0.052185073,0.10656488,0.15343924,0.078897595,0.09411531,0.085998796,0.05330134
0.00153598,0.050887182,0.06239954,0.1219724,0.14270061,0.05787076,0.2026504,0.0683663,0.13455592,0.100871265,0.04060502,0.0155845685
0.00028553742,0.030896408,0.056430507,0.15501988,0.16454275,0.05936327,0.19149968,0.041976955,0.09840203,0.11435473,0.0831768,0.0040514884
0.0010550192,0.10223195,0.11149172,0.15676197,0.13665324,0.053111486,0.16984811,0.06706285,0.061487883,0.07404729,0.059918154,0.006330312
0.0032153213,0.01819068,0.0145992795,0.09137838,0.16754216,0.15516534,0.12506033,0.06103255,0.14908335,0.124434054,0.08521863,0.00508001
0.96274,0.019041289,0.008324219,0.00045629666,2.706458e-05,0.00014908107,0.00037882058,0.0004662931,1.3954548e-05,0.00020452937,0.00020896352,0.007989455
0.00022302523,0.014621452,0.045475718,0.10164882,0.11209616,0.05622517,0.19582403,0.026031611,0.24981464,0.16683997,0.029349929,0.0018495313
0.0012770799,0.0687852,0.09313553,0.10747395,0.12943147,0.09841583,0.1685405,0.057515852,0.14846846,0.093531586,0.025958998,0.007465529
0.003511243,0.32738972,0.22832735,0.0717261,0.024582535,0.019241624,0.18338828,0.0521052,0.023594115,0.02192358,0.010220538,0.03398963
0.0004247,0.038776353,0.061392955,0.12240984,0.17832406,0.05824192,0.213228,0.043301146,0.13042657,0.10214267,0.048900492,0.002431273
0.00056525954,0.016978702,0.03664922,0.110957205,0.15214187,0.06085785,0.18967466,0.040172372,0.19187315,0.1480645,0.04777032,0.0042949584
0.0035217346,0.36656377,0.30983666,0.05836907,0.013300384,0.015556762,0.13391265,0.030983124,0.016451037,0.015649118,0.005290033,0.030565638
0.000987692,0.3871004,0.2955578,0.03544579,0.014210364,0.014339512,0.15219906,0.024583437,0.033429097,0.014376305,0.00154616,0.026224427
0.00097018236,0.3221824,0.33289716,0.051234514,0.02683571,0.03265448,0.13919066,0.032802206,0.030468673,0.021187302,0.004767067,0.0048095835
0.00028833977,0.012985601,0.052829955,0.13807197,0.13913818,0.10158086,0.17758808,0.017178372,0.20753506,0.13668512,0.015360502,0.0007579944
0.00044346804,0.018825887,0.023215834,0.124162845,0.21700105,0.043213308,0.18349242,0.04480276,0.11337394,0.11535234,0.113381416,0.0027347982
0.0014848425,0.26731372,0.21280089,0.082086496,0.043248363,0.031097116,0.1870612,0.049297825,0.045543108,0.03823578,0.013232666,0.028597998
0.007243615,0.43295494,0.30363682,0.044219516,0.006681298,0.006811672,0.09304229,0.020725632,0.0048120166,0.0087085,0.0058362056,0.0653276
0.00042670182,0.037070803,0.05514795,0.12824531,0.18663459,0.05621555,0.20683385,0.044650845,0.122671396,0.10163204,0.058214407,0.0022564786
0.0002904842,0.0155290505,0.05639863,0.13023792,0.14509498,0.09030687,0.18114594,0.021693802,0.20460643,0.13464269,0.01904709,0.0010061942
0.0001684769,0.008402946,0.040748496,0.12947677,0.11664492,0.068914115,0.19198509,0.016738275,0.23562422,0.17241669,0.01778155,0.0010984171
0.0005260949,0.020039605,0.044130187,0.118634306,0.16836077,0.066717766,0.1832157,0.039767064,0.16507201,0.13682109,0.053499836,0.0032155307
0.0020671622,0.109915234,0.17447288,0.13883795,0.08086759,0.10598808,0.12942761,0.06130523,0.08401669,0.0814185,0.024991788,0.006691331
0.0007081935,0.0337556,0.06178335,0.108517565,0.17140645,0.08289921,0.19038454,0.041013848,0.16808079,0.10579557,0.032084666,0.003570286
0.0010939403,0.038204886,0.06951432,0.12888412,0.1309338,0.084266685,0.16442738,0.052366495,0.14876969,0.13228299,0.039464388,0.009791291
0.00061209506,0.02421713,0.04343668,0.11800461,0.161998,0.062146693,0.17965597,0.047175575,0.15458773,0.14421964,0.057662237,0.0062836055
0.0012626664,0.03546882,0.04887201,0.1236231,0.14055425,0.052395884,0.20537803,0.067938104,0.1354402,0.12038055,0.053988785,0.014697574
0.00023214525,0.015782693,0.055945262,0.13347025,0.14406893,0.08645214,0.1779626,0.025943011,0.1925705,0.14202408,0.024356026,0.0011923262
0.0011168944,0.28720436,0.23412246,0.05652538,0.035193846,0.023944499,0.21568792,0.043280933,0.050510507,0.025860924,0.0059929867,0.02055937
0.0049970825,0.425784,0.291605,0.04317335,0.00922437,0.011544419,0.12474643,0.02635313,0.013521369,0.010704736,0.003901263,0.03444492
0.0003753113,0.01078539,0.039347757,0.12787421,0.12352823,0.08475563,0.16570483,0.02910972,0.19313733,0.19430208,0.0281302,0.0029493817
0.0016452696,0.054252464,0.063568056,0.08917526,0.14525513,0.08497252,0.18552494,0.041262068,0.21664575,0.08597941,0.027907895,0.0038112327
0.00042189675,0.22900465,0.36249363,0.05338027,0.03435708,0.03935725,0.14992207,0.029677862,0.06254163,0.03269316,0.003059745,0.0030907986
0.0004486794,0.016166406,0.030478591,0.12155287,0.19552074,0.06340228,0.17317061,0.041238446,0.14498325,0.13626161,0.07364807,0.0031284585
0.0003171105,0.01534774,0.049824193,0.12375317,0.14583032,0.08789222,0.17834018,0.026053503,0.20312907,0.1444484,0.02351527,0.0015488565
0.00065895356,0.0514742,0.0814701,0.13471968,0.12862258,0.05705699,0.20441367,0.05489595,0.117494635,0.11415114,0.040095914,0.014946251
0.00089926226,0.29251876,0.28210905,0.053648107,0.037398156,0.032456342,0.17738204,0.037586186,0.045531098,0.026141038,0.00754921,0.0067807343
0.00028486425,0.30079067,0.34113288,0.03383961,0.019918824,0.012965866,0.17139086,0.024576796,0.05949695,0.01924267,0.0013108667,0.015049184
0.0016755394,0.106319934,0.14841937,0.12674424,0.079176545,0.059678763,0.17408048,0.05764873,0.10862355,0.09015763,0.018686516,0.02878867
0.00046094434,0.4369433,0.3301043,0.02243676,0.008371362,0.005868617,0.13067734,0.012833237,0.015158662,0.008176815,0.0012541123,0.0277145
0.0020682865,0.3813673,0.22967789,0.05964662,0.02283076,0.016801491,0.17794271,0.041676078,0.018907081,0.017272944,0.01074036,0.0210686
0.00043553291,0.012260113,0.03736673,0.10650366,0.11622746,0.058497045,0.19428132,0.032601386,0.25542518,0.15081565,0.03149659,0.0040893387
0.00224734,0.15673584,0.09246354,0.15440558,0.07674406,0.035878245,0.18598449,0.08901267,0.048106503,0.060036868,0.04888408,0.049500845
0.00076335523,0.19283502,0.29780358,0.100849606,0.04096649,0.04282153,0.15086213,0.038355853,0.05246106,0.05950123,0.009759831,0.013020309
0.0004263348,0.12350742,0.23974828,0.09681012,0.054020192,0.046170194,0.1941014,0.037090875,0.11115297,0.07918038,0.007866406,0.009925467
0.0017140124,0.52859265,0.25867218,0.025752313,0.0043925024,0.003474732,0.10546899,0.011231832,0.0043146834,0.0048956852,0.0021153232,0.049375232
0.0012776883,0.10764567,0.09381026,0.14079241,0.10301368,0.057532452,0.18887737,0.06694006,0.07127382,0.08657572,0.062056907,0.020204015
0.0007946008,0.40883535,0.3564408,0.024802504,0.009009599,0.009426508,0.122625776,0.017066743,0.022082826,0.008781702,0.0008338757,0.019299716
0.00095378485,0.2836145,0.27587026,0.06711206,0.04106514,0.036741104,0.16501328,0.04317365,0.038779065,0.030795721,0.0104079805,0.0064735115
0.00075859675,0.24108854,0.25428927,0.069146805,0.04874854,0.036509167,0.19234918,0.043348804,0.056031357,0.038613353,0.011899347,0.007216944
0.00057698786,0.025273195,0.042669218,0.1173869,0.17682287,0.05538635,0.19759925,0.04697092,0.14281642,0.12452035,0.06488056,0.005096946
0.004639888,0.3938637,0.19882177,0.049547978,0.01491288,0.009769556,0.1687097,0.044139657,0.012067824,0.01364724,0.0121726375,0.07770716
0.0011150968,0.10679644,0.10702746,0.16084282,0.12850288,0.05446225,0.16606846,0.063779294,0.05889516,0.07513086,0.06989977,0.007479405
0.00058240496,0.22993627,0.29501975,0.06622534,0.034241635,0.033319607,0.17384852,0.03480414,0.070819736,0.044356555,0.003941721,0.012904337
0.00030753546,0.012929807,0.04893494,0.13321792,0.13783033,0.09891645,0.17438363,0.019177308,0.21102254,0.1449542,0.017384086,0.0009412586
0.0020981717,0.19101049,0.17990294,0.12555702,0.0670891,0.052143626,0.16060348,0.06091109,0.059937943,0.057722595,0.018563,0.02446059
0.00021795748,0.017180378,0.055781834,0.106803454,0.10964457,0.060298435,0.1928591,0.023627669,0.2513183,0.15575726,0.024785424,0.0017256899
0.0011456925,0.013303471,0.023280773,0.10037223,0.13647576,0.08703555,0.20351765,0.03474264,0.21190171,0.13568911,0.049266312,0.0032691667
0.002637849,0.37735063,0.33960778,0.05452247,0.009868868,0.009378522,0.11677531,0.020585356,0.0103264,0.012296982,0.0043970523,0.042252854
0.0009674998,0.09884563,0.17159866,0.111439206,0.08192848,0.06454674,0.18380077,0.048340566,0.12904492,0.0849177,0.012454125,0.01211577
0.003406491,0.45865563,0.2819888,0.029865108,0.0051452355,0.004975802,0.13374032,0.020784564,0.0065394207,0.0057938597,0.0025460573,0.04655877
0.0017805303,0.43984345,0.41712242,0.022404013,0.0034995144,0.004702575,0.075412445,0.008938444,0.0049948758,0.0044040205,0.00090257195,0.015995182
0.0021955052,0.45700303,0.28647733,0.03685955,0.0070309658,0.0052266717,0.11383076,0.01429633,0.006903518,0.008139279,0.0033957013,0.058641426
0.00027830558,0.012676739,0.05433856,0.14089823,0.13578655,0.10112379,0.17676485,0.01687251,0.2077476,0.13786298,0.0148680005,0.0007819214
0.0011960004,0.2051869,0.32007408,0.08730361,0.038473945,0.060739834,0.12654838,0.04607292,0.054361396,0.046531133,0.006801749,0.006710141
0.000715635,0.06968005,0.10956799,0.12233187,0.09837633,0.060285747,0.19517793,0.048803944,0.13638608,0.11158326,0.031557437,0.01553364
0.00018549939,0.014405483,0.068881646,0.13395624,0.110300966,0.06267663,0.18955201,0.021511422,0.21064807,0.16393493,0.022517927,0.0014292315
0.0003378571,0.26055062,0.37337703,0.045046706,0.026794495,0.03411337,0.14388171,0.02701658,0.05402997,0.02897274,0.0022061325,0.003672758
0.0015562704,0.05546974,0.06731633,0.08724077,0.14891736,0.09183264,0.1861715,0.036619447,0.21818253,0.07942387,0.024299769,0.0029698412
0.00091493083,0.42791522,0.36607245,0.024805952,0.00592377,0.0074444804,0.1211074,0.015115107,0.011047706,0.0063570472,0.0008982593,0.012397736
0.0020882653,0.31091926,0.28540462,0.058900848,0.023237243,0.025385717,0.1460121,0.037677187,0.04390692,0.026250869,0.003755932,0.036460966
0.0022646678,0.4704664,0.31773615,0.024599973,0.0049579726,0.0053817206,0.11711899,0.015094508,0.006480123,0.0057689487,0.0019674113,0.028163152
0.007865049,0.029498473,0.023784623,0.08048292,0.1868989,0.15848562,0.1183757,0.08863877,0.110994056,0.0966543,0.08184304,0.016478574
0.008069134,0.4531049,0.30804265,0.03223985,0.0037395668,0.004288177,0.08500054,0.016812572,0.0034172155,0.0057410775,0.0039324877,0.07561191
0.00021480753,0.015897883,0.058068298,0.12258356,0.110398754,0.06165966,0.19327146,0.025963327,0.20948343,0.1732626,0.027061097,0.0021351366
0.00097361347,0.07576829,0.08312831,0.15202051,0.1508597,0.058277145,0.17321482,0.061941106,0.07890538,0.087186545,0.07268353,0.0050409692
0.545921,0.19658554,0.14448448,0.015970958,0.0016075708,0.005112709,0.008038682,0.0079213595,0.0010598816,0.0064767674,0.0049475357,0.06187352
0.00035410243,0.045575164,0.12836415,0.15236035,0.1087471,0.08156084,0.17843296,0.043402027,0.123580866,0.10863127,0.026338596,0.0026526381
0.0019727135,0.46472207,0.30234298,0.037814833,0.00760546,0.008129052,0.11357111,0.018284403,0.007252666,0.008799756,0.0038670078,0.025638005
0.0012123835,0.3969956,0.35785303,0.028879326,0.009627202,0.009341875,0.11604961,0.01715405,0.018213615,0.010906835,0.0016607151,0.032105803
0.0034356462,0.42686927,0.3556148,0.03096892,0.00489262,0.0048033996,0.107553996,0.014895453,0.006174396,0.005510639,0.0019409782,0.03733993
0.0015663814,0.06919947,0.037747134,0.18320987,0.15648694,0.040847965,0.13015987,0.07473998,0.03842561,0.08409453,0.172107,0.011415273
0.001773174,0.07396067,0.055067845,0.1452964,0.120265014,0.04141206,0.18629754,0.10456977,0.06870072,0.09699411,0.07998904,0.025673658
0.01815438,0.21084997,0.15386218,0.13230921,0.05601808,0.04119118,0.09482582,0.106413804,0.041924607,0.045110796,0.030991118,0.068348765
0.00054492836,0.02036401,0.015842596,0.13231461,0.21425882,0.036580265,0.14755422,0.05824449,0.0673233,0.11316284,0.1890974,0.004712516
0.000977551,0.0389236,0.06097054,0.13482071,0.110765345,0.052662816,0.18425782,0.058300573,0.11909512,0.1516796,0.058241926,0.02930447
0.0016039552,0.34116668,0.29924348,0.062009253,0.02102622,0.019780183,0.14405148,0.03236625,0.021392465,0.021255966,0.008007152,0.028096931
0.94200563,0.030860204,0.011860855,0.00086204836,4.8650276e-05,0.0003570652,0.00069667544,0.0009729072,3.4372366e-05,0.00039096427,0.00046064693,0.011449965
0.0002916845,0.3080422,0.3244344,0.033766422,0.020437198,0.01239866,0.17661679,0.025259001,0.0617171,0.018625382,0.0013891238,0.017022058
0.001498743,0.07866602,0.08438999,0.1171349,0.1339262,0.080129765,0.17784365,0.07069789,0.11926484,0.089193024,0.034919433,0.012335585
0.001778392,0.13907981,0.11736247,0.11453505,0.09622045,0.044125445,0.2143363,0.07516552,0.08384248,0.06244894,0.029335136,0.02177008
0.0025612512,0.40165505,0.41621688,0.031342372,0.005678559,0.007109564,0.085564345,0.01386187,0.00938156,0.0064172037,0.001144711,0.019066706
0.00244232,0.51952934,0.296534,0.022683151,0.0033323825,0.0032708545,0.092029676,0.010540596,0.003872814,0.0038691,0.001545825,0.040349975
0.001217141,0.33698645,0.2791317,0.05959864,0.02915909,0.030200228,0.15882087,0.03928466,0.029285584,0.022049865,0.0068649477,0.007400934
0.00064016005,0.26666516,0.3157315,0.057330705,0.035267502,0.033919867,0.16856009,0.036732286,0.045268763,0.028376902,0.005620208,0.005886948
0.0018294284,0.019333767,0.019375069,0.095293514,0.14757042,0.14901455,0.15004826,0.04189179,0.19453783,0.12237642,0.055788662,0.00294035
0.0036647804,0.38088942,0.25271893,0.051811565,0.013163963,0.008781036,0.15861377,0.028283218,0.015395209,0.012743139,0.0052718567,0.06866312
0.0007620412,0.16530849,0.2072601,0.078365,0.05860299,0.04298267,0.21365902,0.044580754,0.10734934,0.05720841,0.008833254,0.01508796
0.00038410368,0.124995075,0.23543681,0.10148896,0.05601759,0.044340096,0.1989961,0.037114292,0.103217445,0.07824854,0.0095652435,0.010195746
0.003949254,0.4465565,0.25554165,0.055694938,0.015767219,0.013195352,0.11240563,0.03136436,0.0076806676,0.014194827,0.014890832,0.02875867
0.0018874584,0.32236594,0.24767098,0.05475266,0.026537437,0.023720996,0.19412784,0.043355875,0.039971713,0.021363804,0.006078377,0.018166954
0.002805656,0.31545517,0.22748227,0.073966354,0.023162363,0.01546978,0.13482101,0.03300899,0.030225346,0.024949037,0.007016897,0.11163711
0.00042418414,0.031174168,0.06770088,0.11391228,0.16383138,0.070730396,0.20461789,0.03529505,0.17049967,0.11086582,0.028787201,0.002161107
0.0005369564,0.22225803,0.3241973,0.0580294,0.0402414,0.047142822,0.1533077,0.032516677,0.07638043,0.03854605,0.0037617944,0.0030814868
0.001314797,0.014065905,0.027696129,0.10446061,0.15250728,0.1019346,0.1890598,0.03451133,0.19184265,0.1421436,0.03552432,0.004939005
0.0029860686,0.43687928,0.32866248,0.033178806,0.00569488,0.0050826897,0.11544725,0.01624185,0.0071644774,0.0063049328,0.0021225458,0.04023479
0.0010340922,0.10288406,0.11570542,0.15925094,0.12791976,0.056813043,0.16482386,0.061730754,0.06423368,0.07670525,0.062813,0.006086093
0.00017390776,0.007209879,0.031488348,0.11529225,0.11895814,0.06520445,0.19010484,0.02117586,0.23521386,0.19129388,0.022584666,0.0012999756
0.0015841495,0.07808182,0.060558293,0.15195365,0.118357725,0.044983525,0.18281639,0.08061801,0.06203314,0.0963664,0.08939867,0.03324825
0.0010230667,0.42436028,0.3880894,0.023855325,0.00553115,0.007810981,0.10442359,0.014416791,0.010910679,0.0062513677,0.00077265716,0.01255475
0.0018039552,0.28693524,0.23107387,0.074548274,0.029151384,0.021913929,0.1526549,0.036681466,0.0418226,0.035071936,0.007749759,0.08059276
0.001503494,0.050740283,0.05595094,0.14587162,0.17288242,0.08483466,0.1601373,0.07612744,0.09209002,0.094558336,0.057075925,0.008227568
0.0027259463,0.404865,0.2451611,0.058016792,0.0139671685,0.009751702,0.1505925,0.028332252,0.010206186,0.013616089,0.008063095,0.054702144
0.0010777707,0.3779235,0.24163185,0.05430301,0.026352065,0.016605632,0.18234192,0.034484405,0.020622216,0.017414197,0.010218519,0.017024992
0.0018997611,0.45794788,0.36622506,0.024403524,0.0043951212,0.004971259,0.094563596,0.012209158,0.007594766,0.0044701304,0.0008265815,0.020493185
0.9596987,0.020639347,0.009010931,0.00047670476,2.7962562e-05,0.0001572646,0.0004319004,0.00054211676,1.615151e-05,0.00021680645,0.00022474602,0.00855736
0.0009669091,0.05494972,0.03981122,0.16983955,0.18059169,0.04401558,0.14994706,0.06332883,0.04819414,0.08691033,0.15256828,0.00887673
0.00022125892,0.017285258,0.072026104,0.13050255,0.105830826,0.06582134,0.18752488,0.023732709,0.21236837,0.16080883,0.022038992,0.00183894
0.0013328698,0.47994182,0.38941312,0.016577814,0.0026812488,0.0032704119,0.07498607,0.0068851956,0.004100144,0.0031477874,0.0005885363,0.017075023
0.00025974837,0.03488941,0.11812753,0.14737122,0.11231559,0.074626505,0.18933715,0.037645016,0.13779224,0.120704524,0.024517152,0.0024138726
0.0030370178,0.32330552,0.18764839,0.08889669,0.037924945,0.025563123,0.17560653,0.058046605,0.025344137,0.027047182,0.020108886,0.027471041
0.0009851286,0.101377286,0.110827446,0.14065659,0.102268055,0.057494946,0.19249064,0.059925694,0.07957776,0.08554432,0.052225325,0.01662682
0.0005966928,0.077900976,0.17636673,0.105969265,0.07576753,0.07796042,0.17874642,0.04173185,0.14641698,0.10092768,0.011311793,0.0063037504
0.0006749038,0.021360852,0.01916287,0.12509091,0.20335306,0.04482668,0.15634845,0.058681447,0.094965205,0.118825644,0.15271047,0.0039994284
0.0067660785,0.45905676,0.3132989,0.031496514,0.0038191634,0.0044019795,0.08618847,0.016062697,0.0034269905,0.005589239,0.0035931647,0.06630002
0.0012650865,0.3951253,0.29762685,0.036237616,0.012325797,0.013023935,0.16134807,0.025068045,0.022829583,0.012399569,0.0020453797,0.020704808
0.004946369,0.18528482,0.13608891,0.11011821,0.06038649,0.04300779,0.15374887,0.07235219,0.07283968,0.058137026,0.01977115,0.083318554
0.0004042793,0.01704608,0.017505663,0.12780224,0.22400784,0.03773713,0.16505165,0.047816,0.08985264,0.11581684,0.15389055,0.0030691489
0.0026826712,0.43528128,0.26126948,0.039141838,0.009231027,0.0074633253,0.1485179,0.022724774,0.013312285,0.009605959,0.003311129,0.04745827
0.0015273221,0.26205313,0.32252064,0.061283667,0.032716352,0.057385806,0.13095248,0.037585847,0.054978643,0.029322216,0.0037921553,0.005881796
0.0034108874,0.42853248,0.340406,0.03381747,0.005368743,0.0048311227,0.11048744,0.015541917,0.0067201992,0.006018246,0.0021078377,0.04275767
0.000951343,0.4292006,0.41543496,0.018815238,0.0043022693,0.005818045,0.090156004,0.010990324,0.008225198,0.0044272477,0.00056398014,0.011114746
0.0021891964,0.50662607,0.28518638,0.025041826,0.004017312,0.003735612,0.10803264,0.01271721,0.004615853,0.004666196,0.0018271509,0.041344497
0.93871105,0.032479748,0.012762768,0.00081741123,4.5746106e-05,0.00031382978,0.0007073147,0.0010032525,3.3117438e-05,0.00038797065,0.00042314266,0.012314676
0.0028268732,0.44365832,0.316264,0.031524807,0.0053298003,0.0043318425,0.11866565,0.0152070895,0.006866915,0.0057830187,0.0019867187,0.04755497
0.00028164408,0.2316991,0.35643852,0.054915354,0.028157098,0.024782574,0.16381094,0.027939092,0.06036205,0.04046653,0.0034862668,0.0076608253
0.9346876,0.034578606,0.012467173,0.0008896547,5.33973e-05,0.00033521384,0.0007214974,0.0011272634,3.719664e-05,0.00044246353,0.00045032095,0.01420964
0.0007401146,0.46532375,0.2829274,0.02532302,0.0077043683,0.004894414,0.13338283,0.012044768,0.012257751,0.0074210027,0.0015055512,0.046475008
0.0019052888,0.015439466,0.015671438,0.09637752,0.1549518,0.13744484,0.13736893,0.047919575,0.1836077,0.1331562,0.07283478,0.0033225312
0.0008682005,0.051382795,0.065313265,0.1455297,0.1470854,0.06565531,0.18093437,0.05691082,0.0984192,0.10534426,0.07320052,0.009356181
0.0027867425,0.39331937,0.2658836,0.057397135,0.011742263,0.008281135,0.13330673,0.023952171,0.010746326,0.013197537,0.0057931705,0.073593855
0.0031343899,0.019724676,0.015681896,0.09341276,0.16590115,0.16011493,0.12885344,0.05807769,0.1521769,0.12241684,0.07533916,0.0051662
0.0013187251,0.46134928,0.38542324,0.019778367,0.0035835174,0.0045063393,0.0892923,0.010237451,0.006250472,0.0037442558,0.00062406564,0.013892008
0.002073853,0.33552697,0.24119723,0.05316666,0.023799835,0.022736242,0.19452913,0.042797387,0.036918852,0.020201573,0.0059776055,0.021074658
0.8980933,0.045528628,0.025491603,0.0019329275,0.00022718713,0.000524122,0.0010959655,0.001417195,0.0001012911,0.0009758434,0.00067819085,0.023933763
0.00055941904,0.041803483,0.06111707,0.11109842,0.14837393,0.061153907,0.19715989,0.050118685,0.15569079,0.12094851,0.044890963,0.007084846
0.00163139,0.052960273,0.0622715,0.088965036,0.14534016,0.085644245,0.18625431,0.040953457,0.21747221,0.08630244,0.0285414,0.0036636714
0.0006792614,0.0733584,0.17133152,0.1483353,0.08567362,0.08122589,0.16170718,0.048217088,0.10735923,0.097221196,0.019482065,0.0054092393
0.002521661,0.072734065,0.101970576,0.11717921,0.11919485,0.08791087,0.15830602,0.06520286,0.13221209,0.096034475,0.030155342,0.016577944
0.0027439229,0.4633107,0.29735798,0.03967358,0.008370951,0.009129529,0.113479376,0.021688966,0.0069399443,0.00926696,0.0047987993,0.023239275
0.00032574494,0.1118707,0.22442783,0.08384462,0.058417972,0.054208066,0.17875353,0.02892463,0.17054956,0.07971344,0.0058100475,0.0031539
0.0035951333,0.3907291,0.432493,0.033931483,0.0054313275,0.007825886,0.07709501,0.012950473,0.006632808,0.007311978,0.0022793487,0.019724397
0.0024883545,0.45091292,0.28805852,0.044232294,0.009507939,0.009551621,0.12167757,0.022474406,0.008140222,0.010389813,0.005168061,0.02739829
0.002633937,0.41084564,0.2587948,0.044353917,0.011334847,0.008103211,0.1538997,0.023706235,0.014647077,0.011492759,0.0042750635,0.055912685
0.01278132,0.46143922,0.20629817,0.038463272,0.0077255345,0.0081920475,0.10072216,0.031227415,0.006096949,0.012019739,0.014752729,0.10028143
0.0004096223,0.04136882,0.086770095,0.09421674,0.089836046,0.052094422,0.19979268,0.032379866,0.2630141,0.115757816,0.017697161,0.0066626645
0.0017186587,0.31001508,0.34270236,0.053272143,0.026519097,0.03938506,0.12557925,0.03549581,0.032114938,0.021883657,0.0055635525,0.005750426
0.0014416489,0.07408979,0.0799081,0.118902594,0.13863772,0.07995903,0.17677557,0.07082161,0.11980899,0.09151641,0.03583519,0.012303335
0.0008631083,0.2590352,0.46209395,0.05120614,0.017869765,0.0330812,0.093749076,0.026434744,0.022316985,0.02546355,0.0031969626,0.004689223
0.0028114018,0.3501836,0.21637897,0.057019517,0.020167511,0.014383065,0.19919626,0.04757453,0.022568125,0.017983666,0.0077242795,0.044009123
0.0006954499,0.03283402,0.05269796,0.11738015,0.14573888,0.07087687,0.1749465,0.050503597,0.15914302,0.13907228,0.048060305,0.008051006
0.0011244881,0.2795435,0.27037683,0.06474435,0.028847242,0.02540433,0.16029702,0.036233325,0.05238726,0.03618091,0.0043212986,0.0405395
0.001708999,0.5277293,0.25907683,0.02574833,0.004396322,0.0034577623,0.10566724,0.011203185,0.0043204105,0.004897177,0.0021073564,0.049687125
0.0013482457,0.10121491,0.08356228,0.15000324,0.103315465,0.057343893,0.17807107,0.072002605,0.066719115,0.093442924,0.0667746,0.026201725
0.008219478,0.4644393,0.3086088,0.030047199,0.0033700725,0.0041354457,0.07954771,0.015412606,0.0030597937,0.0054143686,0.003793442,0.07395175
0.00092716224,0.4202757,0.4165174,0.019960353,0.0047145803,0.006652581,0.09477686,0.011924262,0.0088624945,0.0047991266,0.00061617687,0.0099732615
0.00061187387,0.081631616,0.108729735,0.12136021,0.14204395,0.058523905,0.20719245,0.05447551,0.10425998,0.08005735,0.037540328,0.0035730267
0.0030203296,0.019838767,0.016108256,0.09702568,0.16752423,0.1703069,0.13324463,0.051621567,0.15304165,0.11730891,0.0667538,0.004205279
0.0036218383,0.3991861,0.32068557,0.045314968,0.008878212,0.0077012302,0.12634388,0.022786634,0.011344365,0.009495312,0.002917682,0.041724216
0.0019763485,0.12443587,0.09600661,0.13867256,0.07925026,0.034751024,0.20170954,0.081842355,0.06396267,0.07325208,0.04678775,0.057352845
0.00035695618,0.02379256,0.084424734,0.14515966,0.11493334,0.07490307,0.1845631,0.033505015,0.15872617,0.14776048,0.028409572,0.003465331
0.01843185,0.33120015,0.31067908,0.056819607,0.010970683,0.013261634,0.11730212,0.048228823,0.0117155155,0.014833179,0.010841682,0.055715743
0.0011329536,0.45725772,0.41840866,0.01652249,0.0027915146,0.003717578,0.07159872,0.006785642,0.004210875,0.0034166735,0.0005630285,0.013594163
0.0036924095,0.48425215,0.3089773,0.027136846,0.003495606,0.0034787683,0.092299424,0.012536497,0.003868309,0.0042933873,0.0020041978,0.053965125
0.0028663382,0.43507242,0.26445416,0.039562516,0.009045127,0.007447826,0.14495407,0.022573035,0.012939469,0.009600859,0.0033871806,0.048097
0.0019240194,0.3528481,0.395781,0.044708654,0.011648465,0.015909491,0.11153413,0.025266102,0.013157137,0.01286152,0.0032105222,0.011150808
0.92478937,0.036051337,0.01755498,0.0012058761,9.615589e-05,0.00042508956,0.001010628,0.001229576,6.25415e-05,0.0005491286,0.0005661575,0.016459117
0.004576186,0.44870332,0.33669546,0.033295315,0.007113651,0.0063113743,0.077822395,0.011045721,0.010202797,0.008024226,0.002099605,0.05410995
0.0014480336,0.07555048,0.069681525,0.10994404,0.11856879,0.061391626,0.1972712,0.07857343,0.109886155,0.104856335,0.05497343,0.017855017
0.0019758462,0.44229162,0.32867983,0.029751506,0.007557814,0.007146224,0.10246249,0.012957909,0.013276982,0.008348931,0.0015226664,0.044028163
0.0027846966,0.14573264,0.091084644,0.16347742,0.10751853,0.052901313,0.14227891,0.079802364,0.04494376,0.070354655,0.08416927,0.014951812
0.0028292364,0.44084272,0.25129324,0.04483473,0.014301604,0.014458097,0.14425202,0.03133718,0.012537429,0.013635864,0.009313697,0.02036417
0.0003844675,0.013823618,0.04669349,0.1329774,0.14716545,0.10724919,0.16667627,0.023623746,0.19145548,0.1485135,0.020256152,0.0011811653
0.00041308472,0.3155221,0.32002142,0.035691444,0.020920532,0.015337549,0.17401728,0.026375156,0.051480837,0.020794988,0.0017764849,0.017649142
0.00052316306,0.32089338,0.29165575,0.037319675,0.02287628,0.017081682,0.18626311,0.028390048,0.050993275,0.02230126,0.002447032,0.019255431
0.00043858515,0.014533566,0.050075207,0.12800325,0.12987562,0.098362476,0.16264278,0.026119728,0.2065725,0.15878363,0.022363372,0.0022293208
0.0015099787,0.335332,0.1880456,0.0753158,0.040093046,0.022327077,0.19546509,0.051696286,0.027250567,0.024455579,0.023316946,0.0151921185
0.0021337715,0.527102,0.26873156,0.023194255,0.0034509934,0.0029743565,0.10062836,0.010891135,0.00394632,0.0039188075,0.0016651676,0.051363267
0.0042487658,0.41325298,0.42692327,0.033939384,0.0045909146,0.006600158,0.061690256,0.010530167,0.0060232044,0.006437695,0.001810186,0.023952885
0.0005335297,0.035145707,0.06807869,0.11484491,0.16947255,0.075689815,0.20052724,0.036541235,0.1595394,0.104964145,0.03265817,0.0020045973
0.00057408586,0.02181255,0.017908596,0.123757094,0.19080488,0.035697736,0.17080423,0.061432477,0.08111405,0.120878905,0.17013335,0.0050820042
0.00066315755,0.09478272,0.12121689,0.14066252,0.12509881,0.050475564,0.19833085,0.06029069,0.075058445,0.07581352,0.05130695,0.0062999045
0.0016933054,0.055422112,0.06443032,0.08830012,0.14380465,0.08477157,0.18549162,0.04114911,0.21737468,0.08550917,0.028330509,0.003722818
0.0016389436,0.12656659,0.15582995,0.13809164,0.099873155,0.06721974,0.15877023,0.0659263,0.06949404,0.06957725,0.038765427,0.00824682
0.0002984152,0.011345442,0.0437561,0.13572533,0.14773494,0.094855934,0.17808048,0.01921789,0.20242867,0.14533341,0.020412354,0.000811093
0.0032383406,0.4309827,0.20652726,0.068067044,0.022786664,0.015789555,0.12966703,0.03560876,0.009554431,0.01801826,0.024822578,0.03493737
0.0044202623,0.36993518,0.18986091,0.055162832,0.017841175,0.010440825,0.17734313,0.048045896,0.013597517,0.015377075,0.014195812,0.0837794
0.0040730503,0.3641494,0.2558673,0.061477575,0.018922674,0.020149497,0.14735734,0.03889365,0.025505845,0.019603547,0.006924237,0.037075907
0.0003604495,0.013629314,0.026963862,0.13608766,0.20530178,0.06878024,0.16172205,0.044650972,0.12214877,0.1413698,0.07579388,0.00319127
0.0011197818,0.050635412,0.06782296,0.11072635,0.17069305,0.09160376,0.18406017,0.050951026,0.14360805,0.090956256,0.033344336,0.004478871
0.001888038,0.30746266,0.25766942,0.09195149,0.031087857,0.026682785,0.14784837,0.04245758,0.024130603,0.028472204,0.013724248,0.026624756
0.00067397184,0.022902306,0.027281096,0.12630254,0.15120567,0.041990425,0.18528987,0.06957824,0.10655937,0.14800358,0.10963419,0.010578782
0.0030646364,0.076184265,0.06634667,0.108290285,0.08048033,0.039151385,0.18071124,0.14746273,0.07460381,0.10457105,0.081189424,0.037944194
0.001162421,0.014985223,0.025189713,0.099014916,0.13872692,0.072364375,0.18674584,0.050312076,0.18664923,0.15109435,0.067660406,0.0060945996
0.0011868115,0.03793601,0.032414477,0.12338452,0.152766,0.056563385,0.1565107,0.07694518,0.09452252,0.122644775,0.13748011,0.0076455665
0.0012899672,0.12098963,0.153075,0.09963854,0.10737308,0.059837352,0.19289622,0.05649912,0.11375478,0.06663731,0.019114507,0.008894633
0.0063811457,0.46938053,0.17415547,0.041634645,0.010204814,0.0082694,0.121283166,0.032385625,0.0074947947,0.012161146,0.016974056,0.099675246
0.00049860793,0.18964995,0.27013925,0.07118647,0.04532377,0.039131563,0.19591358,0.037847135,0.08475628,0.050335243,0.005942355,0.009275831
0.001026368,0.050317027,0.07007594,0.12487941,0.16359527,0.08506384,0.18123643,0.058327485,0.12301706,0.096915565,0.040159944,0.005385704
0.00017396528,0.008015906,0.034236427,0.11596199,0.116548784,0.06896384,0.18914075,0.019525655,0.24073319,0.18470468,0.020759502,0.001235272
0.00027497855,0.017364025,0.057421483,0.13486429,0.14965548,0.08627237,0.17757437,0.028378025,0.18149236,0.13799961,0.027428163,0.0012747704
0.00022202008,0.014909879,0.04841218,0.10527588,0.11315322,0.061021775,0.19265719,0.024198024,0.25085115,0.16068964,0.02687899,0.0017300929
0.0012129998,0.035178743,0.04880104,0.12333681,0.14031908,0.052454893,0.20578788,0.067413464,0.13670179,0.120884344,0.053739082,0.014169907
0.003628504,0.39161786,0.2516235,0.06412993,0.012546695,0.008365831,0.11912078,0.023994545,0.00870037,0.0143469395,0.008508209,0.09341681
0.000734555,0.29053184,0.42404288,0.04832344,0.017539447,0.02342666,0.111852385,0.026554316,0.021638764,0.0236134,0.0034617062,0.00828055
0.0011323127,0.062561125,0.034789868,0.16106877,0.16278861,0.037517954,0.14223945,0.06686194,0.04127171,0.08520129,0.19574791,0.00881912
0.00052788045,0.32885852,0.29393482,0.037897035,0.02091601,0.015337414,0.18174665,0.028072381,0.046616815,0.020653643,0.0021614158,0.02327747
0.0017082075,0.32982647,0.32627484,0.065232754,0.01715534,0.018727902,0.13015574,0.030435983,0.021541452,0.021236759,0.0054009343,0.032303493
0.0062339045,0.056110412,0.050296824,0.10031459,0.09644613,0.050545175,0.13749842,0.13358214,0.09500747,0.123798475,0.106319524,0.043846942
0.0035514703,0.3716284,0.22109994,0.05014479,0.014954266,0.011818499,0.18603857,0.04315897,0.020572478,0.01405504,0.006189124,0.05678854
0.0027523404,0.33819708,0.22783089,0.065964885,0.024316749,0.02442898,0.13479593,0.035167374,0.04562902,0.0280444,0.00478991,0.06808249
0.0015427133,0.27774426,0.23763753,0.07264618,0.029866124,0.020855905,0.16093384,0.036801685,0.04259903,0.035229348,0.0074436553,0.07669971
0.0009304176,0.33610857,0.32189912,0.0378193,0.01816024,0.01925346,0.15220629,0.028915826,0.041814476,0.019325573,0.0018069233,0.021759892
0.00051459466,0.014267869,0.046142194,0.12512155,0.13094172,0.08406609,0.16332725,0.03303467,0.19802052,0.17088485,0.029427053,0.004251642
0.0012523986,0.04094971,0.055678815,0.11682871,0.14482306,0.05906263,0.20995183,0.061247136,0.14777282,0.10833858,0.042472746,0.011621479
0.00020659265,0.016292484,0.055762645,0.10847523,0.10899678,0.061012283,0.19254091,0.022441812,0.2517293,0.15723476,0.023716776,0.0015904843
0.00022582174,0.015442063,0.048716437,0.103120334,0.11160468,0.060275912,0.1933049,0.02408632,0.2548622,0.16003864,0.026622118,0.0017006389
0.003387763,0.38984102,0.29075623,0.059466626,0.010713638,0.0075731836,0.108132534,0.01974346,0.00830431,0.0130866375,0.0063618287,0.082632795
0.0023334476,0.041389618,0.051423848,0.10738642,0.1268946,0.07956204,0.15015656,0.07035047,0.15650585,0.13723494,0.062564105,0.014198177
0.00276508,0.31070927,0.33453116,0.06507679,0.021885961,0.029969547,0.12527499,0.03880593,0.028477976,0.02341183,0.0053075203,0.013784013
0.0002912235,0.29474387,0.3475637,0.03431839,0.020244403,0.013475794,0.17120622,0.024738867,0.05750691,0.01984018,0.0013823388,0.014688018
0.0018525318,0.5235859,0.26703078,0.025631526,0.0042328755,0.0033659325,0.10146748,0.010921674,0.0041933637,0.004772055,0.0020277489,0.050918162
0.002461874,0.5365832,0.25534967,0.025248012,0.0037141647,0.0032267687,0.09370199,0.011204285,0.0035868098,0.00438543,0.0022244158,0.05831342
0.0060092416,0.4603995,0.20445673,0.045007948,0.012295657,0.011954291,0.12609072,0.035323385,0.00972931,0.013556551,0.015364603,0.059812054
0.00029167157,0.012172934,0.046744857,0.1312184,0.14100865,0.09601387,0.17949125,0.018476203,0.21280487,0.14294672,0.017922701,0.00090787036
0.00043883143,0.027710106,0.06387538,0.121219836,0.16604213,0.072364315,0.1976163,0.03509748,0.16331153,0.11585414,0.03459439,0.0018755721
0.0008516566,0.26491717,0.47338563,0.054679707,0.015535796,0.026328394,0.08898069,0.025473341,0.01685652,0.023117432,0.0036068081,0.0062669436
0.0006063294,0.022909682,0.0216988,0.12718299,0.20457709,0.04459726,0.167927,0.058310095,0.09859097,0.116217196,0.13337849,0.0040041166
0.00039377197,0.2423346,0.39359835,0.05340109,0.027609397,0.034437116,0.13865712,0.03018747,0.0431839,0.029381962,0.0030334159,0.0037817957
0.0024515856,0.423074,0.41721544,0.028654635,0.0046636104,0.0065383404,0.073554695,0.010382302,0.006455329,0.0062829927,0.0014687364,0.019258458
0.96252847,0.01920039,0.008405472,0.00047822672,2.800033e-05,0.00015919628,0.00038719818,0.0005031314,1.5002398e-05,0.00021361225,0.00022298073,0.007858277
0.00048659556,0.019048529,0.027343163,0.12685613,0.21016398,0.054165557,0.18276213,0.044542424,0.12282272,0.11675305,0.092535086,0.0025206609
0.0032668875,0.30394167,0.18498236,0.07662174,0.029714357,0.019182516,0.20145492,0.061623123,0.03053126,0.024962794,0.012419536,0.051298838
0.00016793994,0.007988868,0.03765618,0.12684818,0.11749768,0.07056326,0.19137147,0.016890299,0.2356589,0.17562449,0.01864779,0.0010850087
0.00077331485,0.045827314,0.06320233,0.11909144,0.17576745,0.07879645,0.19677053,0.049734183,0.13155052,0.09386294,0.041413058,0.0032103993
0.0004339445,0.047643118,0.0912618,0.09272331,0.096033834,0.055309825,0.20002297,0.03422246,0.24416201,0.11429157,0.018088618,0.0058065667
0.0004248502,0.32203415,0.2986208,0.036699314,0.021645147,0.014696107,0.18351002,0.027052475,0.052167643,0.020922452,0.0019954124,0.020231653
0.00063736696,0.26545814,0.3144587,0.05761171,0.035691243,0.03436852,0.16899675,0.036887236,0.045764294,0.028625257,0.0056766034,0.005824184
0.00041865712,0.16248317,0.27597678,0.07130428,0.05014298,0.04294324,0.18033719,0.032908954,0.11652416,0.057022776,0.005113994,0.0048237536
0.0008200491,0.41565463,0.41546902,0.0240114,0.0052796598,0.0067257583,0.089098535,0.010972643,0.008054725,0.0070953574,0.0012225725,0.01559576
0.0021757935,0.38996533,0.23194093,0.056617178,0.02078905,0.015952723,0.17568411,0.04029485,0.017939886,0.016433803,0.0099693835,0.022236845
0.00062401546,0.2657223,0.3117829,0.05909673,0.03602191,0.032072023,0.17346753,0.03743187,0.043344185,0.028104682,0.006058848,0.0062729893
0.003710887,0.25697336,0.21387398,0.09247963,0.05209352,0.04930395,0.1533569,0.061309043,0.049201064,0.037677094,0.017566942,0.012453652
0.0018118037,0.32836187,0.2981436,0.06375657,0.017707255,0.013733217,0.11540942,0.02375388,0.020988602,0.024012329,0.006590416,0.08573111
0.0012884456,0.042816453,0.057567958,0.11560975,0.14542167,0.06006441,0.20953745,0.0607555,0.14870606,0.10590292,0.040888045,0.011441235
0.0030234135,0.018653488,0.015039782,0.092682235,0.16617107,0.16032583,0.1305535,0.056662362,0.15442114,0.12321727,0.07444175,0.0048081665
0.0030858356,0.48810142,0.23755619,0.028497344,0.005404233,0.0049355887,0.13692975,0.019325491,0.0068502687,0.0061324686,0.0030817771,0.06009954
0.00025025645,0.2904483,0.34332234,0.03337161,0.020944025,0.013456783,0.17255332,0.024531048,0.06720648,0.019825306,0.0013219237,0.0127687035
0.0017286108,0.35571435,0.20401578,0.056669466,0.021997062,0.014994283,0.17838782,0.034643818,0.03717998,0.019028308,0.0043752403,0.07126532
0.000902513,0.029857747,0.056156818,0.11633308,0.15626027,0.082833365,0.16792713,0.049793378,0.15741435,0.13396947,0.04271983,0.0058320537
0.0019121186,0.04394477,0.03984031,0.1189381,0.113467604,0.049541343,0.16208205,0.112650216,0.08534534,0.1373442,0.107791595,0.027142376
0.0005204685,0.018363127,0.014100881,0.12683035,0.21620761,0.03422982,0.14708173,0.056219492,0.06901208,0.113930345,0.19927946,0.00422459
0.0048272437,0.3508502,0.37414882,0.059625078,0.012442503,0.01662166,0.098949164,0.025131503,0.011772418,0.015996508,0.0063642003,0.023270642
0.0006701313,0.30377272,0.4657737,0.04054543,0.011800356,0.017987112,0.094949245,0.020757997,0.015623146,0.017997334,0.0023358918,0.0077869142
0.00094655383,0.26211172,0.21518877,0.073112056,0.034429144,0.021025676,0.18252605,0.037120055,0.05580791,0.041200425,0.008420081,0.068111606
0.0010999332,0.32725927,0.3215914,0.05815082,0.01589023,0.010486191,0.120224155,0.021003136,0.019220425,0.020558933,0.0044408296,0.08007462
0.0011420347,0.058432534,0.028842123,0.16563615,0.15765181,0.035159584,0.12257345,0.06521468,0.032181196,0.086586736,0.23669444,0.009885284
0.0005248578,0.035440248,0.056902617,0.13112277,0.17972998,0.06579723,0.19447227,0.047494717,0.12476487,0.10707001,0.054151025,0.0025294612
0.0002830875,0.019966409,0.08338086,0.13771324,0.11424613,0.07515157,0.18082997,0.025434095,0.19690678,0.14251819,0.021881398,0.0016883205
0.0014590307,0.04377049,0.056709968,0.12400646,0.13943999,0.055318378,0.20373821,0.06891065,0.13474417,0.1102314,0.04522885,0.016442439
0.002841554,0.016701631,0.014075168,0.09393796,0.17303722,0.16288,0.13040316,0.05386988,0.14991572,0.12304924,0.07502288,0.0042656763
0.0005506759,0.03305735,0.061031006,0.11301002,0.17633052,0.07412468,0.20392907,0.036601916,0.16042778,0.10450584,0.034284983,0.0021461714
0.001567521,0.28578618,0.20976669,0.07516516,0.029550506,0.018791184,0.1595786,0.036996398,0.040869806,0.032989785,0.00864624,0.10029192
0.002300049,0.2372514,0.20817266,0.08429176,0.04674176,0.038813982,0.18127218,0.057198327,0.058920644,0.042418584,0.0096593425,0.032959267
0.00043973507,0.03288594,0.06406359,0.11885079,0.17752953,0.06691988,0.21297911,0.04029734,0.13977587,0.10521371,0.038582087,0.0024624842
0.0012732517,0.32375032,0.32136056,0.05518072,0.028225154,0.030192904,0.14203757,0.03568346,0.027566727,0.0216393,0.0065786284,0.0065113897
0.0021043664,0.42286298,0.3152327,0.041788515,0.009589849,0.010131832,0.11909081,0.018718032,0.009787526,0.011751115,0.0047213966,0.034220874
0.0002697511,0.2988588,0.36770478,0.03179576,0.018576242,0.01304408,0.15911406,0.023004824,0.054734696,0.018622534,0.0011432732,0.013131199
0.0031360104,0.090575814,0.073065445,0.15513033,0.107138835,0.043173924,0.15849157,0.11745794,0.07187152,0.084348395,0.055392586,0.04021768
0.00046511448,0.21068105,0.34793204,0.058109466,0.038955383,0.04714154,0.14769474,0.030473666,0.0753238,0.037552934,0.0030711847,0.0025990428
0.0009260076,0.429985,0.40343478,0.01980054,0.004669987,0.0062660817,0.096470505,0.012038135,0.009078466,0.0049374755,0.0006224503,0.011770555
0.0032885005,0.43305212,0.24791388,0.04182377,0.009986988,0.008081027,0.14801465,0.024808232,0.013206078,0.010557925,0.0043607787,0.05490599
0.0009212264,0.057282545,0.034895215,0.15335739,0.16780083,0.03911954,0.15030435,0.061895017,0.045740996,0.08732324,0.19346814,0.007891466
0.0004915486,0.21960612,0.37548053,0.0612131,0.032870177,0.045254413,0.13627942,0.033811428,0.053840604,0.03444382,0.0034124597,0.0032963597
0.00057104183,0.019257737,0.015138988,0.13441458,0.21058056,0.035845503,0.1459336,0.06127376,0.06451915,0.115989506,0.19110645,0.005369034
0.00028778394,0.012828254,0.049406625,0.13080625,0.13420406,0.09501577,0.17870514,0.018111566,0.21995367,0.14262733,0.017112121,0.0009414139
0.00046278216,0.03626125,0.05329757,0.1293572,0.1882072,0.056546144,0.20713447,0.048087176,0.117682844,0.100977905,0.059166778,0.0028187349
0.0009367721,0.43961877,0.40344775,0.018406272,0.0040914696,0.0052975295,0.09341595,0.0107173445,0.007658471,0.004180753,0.00056644756,0.011662544
0.0030162225,0.36517045,0.17645772,0.06205962,0.02319481,0.016370432,0.19702755,0.051259268,0.019450372,0.02014634,0.020287266,0.045559987
0.000834885,0.21490559,0.34308004,0.071658716,0.036039956,0.04820379,0.13944548,0.039456666,0.055684127,0.03993273,0.004892425,0.0058655483
0.001108906,0.13546944,0.13202676,0.10849032,0.097932585,0.047930814,0.21667227,0.058611687,0.088243246,0.06689522,0.033242706,0.013376087
0.000494059,0.03102908,0.043668192,0.13594753,0.191806,0.05862547,0.19479005,0.05310962,0.10980882,0.10761589,0.069336876,0.0037684632
0.0006981001,0.33366543,0.3536472,0.046651393,0.024825651,0.026132146,0.13427164,0.029248914,0.023044068,0.018335594,0.005231763,0.0042482046
0.0023683477,0.2658702,0.16202004,0.078814276,0.0378615,0.024191128,0.19802025,0.05548189,0.052730568,0.034097433,0.010278788,0.07826562
0.0076828515,0.2495882,0.15424675,0.08863643,0.0348389,0.022034632,0.1814945,0.094356135,0.032762367,0.03185746,0.023641378,0.078860484
0.0033313346,0.31780663,0.19754913,0.07118705,0.026783757,0.018678194,0.19591802,0.058034915,0.028843911,0.023165034,0.01059627,0.04810574
0.0005455468,0.20850283,0.2255219,0.057777688,0.046054885,0.030363893,0.22760165,0.03769823,0.104666196,0.040549994,0.0058987765,0.014818487
0.0012478671,0.42556897,0.37588447,0.02801396,0.0055688717,0.0056846007,0.101578355,0.01145222,0.007979311,0.0069277217,0.0013992761,0.028694212
0.001784558,0.5215029,0.2675302,0.026057584,0.004352658,0.0034721098,0.10358392,0.01109992,0.0043281675,0.004892082,0.002048918,0.04934701
0.0028217975,0.10737014,0.046307094,0.1356851,0.085279934,0.033449143,0.12670965,0.10399908,0.0330052,0.086939536,0.19342598,0.04500732
0.00047567743,0.038648628,0.11015442,0.16348547,0.11496666,0.08783109,0.16494189,0.044577993,0.124785,0.116723575,0.030347101,0.0030624596
0.95902103,0.020700151,0.009486557,0.000558419,3.375147e-05,0.00019568298,0.0004558665,0.00056722306,1.8097968e-05,0.0002501895,0.00026718498,0.008445785
0.00095683505,0.40780523,0.4173497,0.022200499,0.005204597,0.0071684862,0.09858406,0.013319736,0.010077032,0.0054199584,0.00065562676,0.011258149
0.0029863436,0.020162791,0.016201952,0.09722339,0.1674004,0.1711016,0.13301718,0.05167944,0.15271,0.11684922,0.06646828,0.004199308
0.0016480754,0.29131448,0.24268438,0.07069028,0.026987806,0.018643253,0.15375645,0.03480264,0.037613865,0.031337302,0.0070209485,0.0835005
0.005497365,0.3347013,0.18983269,0.06764459,0.022335071,0.014862254,0.17861854,0.05826718,0.017940547,0.02067605,0.018025748,0.071598604
0.0032008046,0.39892957,0.25314105,0.04953262,0.012477076,0.009204722,0.15505704,0.027404746,0.016933026,0.012088589,0.0041658306,0.057864945
0.00021779041,0.014081294,0.051782835,0.12939432,0.14378609,0.08305957,0.18078314,0.024029855,0.20293865,0.14413549,0.024629,0.001161995
0.0013457583,0.40632424,0.3750904,0.030140119,0.0071949842,0.009981759,0.11345262,0.01803201,0.0136263585,0.008410696,0.0011761108,0.015224996
0.0021582847,0.38159713,0.21627814,0.060939007,0.023903383,0.016771518,0.18091679,0.043863744,0.01871047,0.017997932,0.012848014,0.024015553
0.0013701235,0.33171842,0.25768417,0.058726422,0.021078158,0.013660151,0.15214376,0.028592942,0.02982521,0.022771755,0.0052345986,0.07719434
0.0010761633,0.053031325,0.06604909,0.11528275,0.13457602,0.07134713,0.18177843,0.06395614,0.13343154,0.11849875,0.047854606,0.013118114
0.00019818915,0.014892827,0.050126806,0.1056535,0.11041552,0.056838226,0.19769354,0.024097903,0.24954247,0.1625821,0.026284957,0.0016740137
0.0017889639,0.46108162,0.342499,0.024336886,0.0056209527,0.005023399,0.095154725,0.010410986,0.009565201,0.0060179494,0.0011207986,0.037379578
0.0028026567,0.4291999,0.2433861,0.041951522,0.010538377,0.00796201,0.15581118,0.025191123,0.0138842445,0.0106193805,0.0042135827,0.054439917
0.0029475668,0.0185634,0.015089869,0.09285065,0.16531844,0.15759167,0.12976132,0.057455856,0.15439747,0.12438756,0.07682117,0.004815041
0.0017563225,0.09336568,0.07253686,0.13525973,0.11778567,0.04470129,0.20270266,0.0953819,0.07693393,0.082262196,0.056397654,0.020916102
0.0024365713,0.04318517,0.04852058,0.11306529,0.13744639,0.080664605,0.15082413,0.078556865,0.14239368,0.12594344,0.061900392,0.015062957
0.0028964046,0.43136144,0.24317284,0.058126166,0.015568619,0.014541762,0.13705961,0.032403372,0.012079796,0.014530194,0.009012324,0.029247504
0.0012864075,0.42853475,0.40705276,0.02259263,0.004366123,0.0056672227,0.09327006,0.011987801,0.007648416,0.0045423144,0.000709026,0.0123425815
0.00022066628,0.018046927,0.07911435,0.13127178,0.102843985,0.06416407,0.18702385,0.022537213,0.21845248,0.15469036,0.019912882,0.0017215044
0.0007384423,0.025672497,0.029717209,0.12432736,0.14743814,0.04187533,0.18792275,0.07171137,0.10737573,0.14425728,0.10769635,0.011267482
0.0034099196,0.3232682,0.20216459,0.06951122,0.025505327,0.01840111,0.1939925,0.055987317,0.027665941,0.022469254,0.010257933,0.047366597
0.0029638214,0.34182352,0.39458475,0.05427264,0.012649042,0.019034103,0.10111654,0.02756272,0.014808828,0.014737467,0.004112946,0.012333572
0.0077298824,0.03763907,0.02812298,0.08561614,0.17051417,0.1836474,0.13191304,0.064382344,0.13608007,0.09093366,0.052188035,0.011233202
0.0011220189,0.039598472,0.05542215,0.08898612,0.12760378,0.068292566,0.21801002,0.039020333,0.23321056,0.096370816,0.028097222,0.0042659044
0.0009695652,0.26968786,0.42483005,0.05603791,0.02017523,0.033798262,0.10214081,0.029534418,0.024850516,0.027958386,0.0038533239,0.006163734
0.00056462537,0.085053466,0.13094611,0.13149016,0.12975761,0.054243583,0.19546634,0.051894777,0.09557622,0.079905435,0.041801304,0.0033002535
0.0017668561,0.36686793,0.2917854,0.06500043,0.013973618,0.009863049,0.13692965,0.023881143,0.010951128,0.01567172,0.0069222497,0.05638691
0.0023305044,0.30290005,0.32467747,0.06135569,0.021847524,0.030591441,0.13286419,0.038951542,0.035508376,0.026122687,0.0043652393,0.018485265
0.0013684407,0.045711037,0.0588066,0.1205718,0.14184146,0.057119504,0.20749271,0.06524634,0.13947734,0.10551216,0.043279856,0.013572839
0.0011636056,0.23696297,0.19469559,0.07577689,0.05226539,0.03223236,0.22574823,0.053706292,0.059072323,0.037641566,0.011180457,0.019554315
0.0011875554,0.13199078,0.12149977,0.14286576,0.12082548,0.05211005,0.17459998,0.06774956,0.05808103,0.06736131,0.054538537,0.007190203
0.00041006846,0.036337636,0.06103685,0.12832399,0.18714227,0.059481468,0.21131611,0.04177293,0.12477073,0.09949519,0.048112113,0.0018006983
0.0031867155,0.36405408,0.2791943,0.06750482,0.014628206,0.011665183,0.12958099,0.026552835,0.012861099,0.016994985,0.008052945,0.065723926
0.00042278288,0.023006415,0.047346,0.1300047,0.18793263,0.06767624,0.19706258,0.038470786,0.14063953,0.11452887,0.05102797,0.0018815027
0.0060063503,0.49728575,0.20571181,0.03789926,0.009093959,0.008095754,0.10614369,0.026084227,0.0061114975,0.010469379,0.012659178,0.0744391
0.0020358807,0.31517786,0.36018097,0.05672418,0.017278647,0.024978045,0.119709924,0.032211974,0.02788039,0.02210927,0.0035191155,0.018193798
0.00093101023,0.10161526,0.07685016,0.11924077,0.13214394,0.047459308,0.22349,0.06929433,0.07868007,0.07803587,0.06345115,0.00880809
0.0006963977,0.15942968,0.18797283,0.10648913,0.06820987,0.041283205,0.21560088,0.05035081,0.07690115,0.060515247,0.016984778,0.015566086
0.0030036434,0.4301253,0.3659102,0.028730728,0.004796114,0.0048802956,0.10405319,0.013987508,0.0063297926,0.005309158,0.0016478114,0.031226205
0.0003409703,0.27472347,0.32293767,0.041617163,0.02432694,0.017655617,0.17905807,0.027861308,0.06793289,0.026944792,0.0019374022,0.014663719
0.0020024732,0.4301137,0.3091023,0.036160816,0.009909002,0.012657822,0.12776442,0.022407647,0.016188126,0.010958151,0.0026321323,0.020103442
0.006292121,0.4038574,0.25848636,0.05131974,0.009533994,0.0087078605,0.13607508,0.03302434,0.009098953,0.011078108,0.0066804485,0.065845594
0.00037185906,0.013659613,0.045806374,0.128348,0.15042834,0.103335395,0.17204228,0.022961346,0.19619167,0.14504097,0.020664101,0.0011500025
0.00049719453,0.048277702,0.13706352,0.15404813,0.10284097,0.09624172,0.16127813,0.04392152,0.12449422,0.107210316,0.021508787,0.00261771
0.00053399935,0.042989388,0.058897767,0.16770191,0.15958056,0.06612717,0.17028861,0.05055104,0.08535601,0.10278441,0.08981866,0.005370517
0.003564313,0.3111311,0.20929427,0.07449425,0.030825583,0.030534089,0.14842518,0.04404943,0.042912994,0.03282157,0.009831046,0.06211609
0.001436917,0.07993756,0.07375009,0.16942254,0.109990925,0.054712277,0.16469024,0.078132436,0.0641778,0.10507858,0.06298601,0.035684586
0.002446418,0.39833692,0.32575414,0.042753704,0.009979771,0.012353779,0.13118109,0.02381518,0.014303777,0.011731884,0.0031177928,0.024225574
0.0020692642,0.5119603,0.3554608,0.016837223,0.002338546,0.0023685403,0.07056777,0.005877956,0.0032747383,0.0025976475,0.0006807232,0.0259665
0.00072480674,0.025521317,0.051532652,0.11550908,0.15372343,0.09511396,0.1620138,0.048896,0.16889074,0.1412673,0.030945832,0.0058610574
0.00023134229,0.015129241,0.06362692,0.13665329,0.13581543,0.08493904,0.18047144,0.02178753,0.20381962,0.13642159,0.020048896,0.0010556917
0.002216173,0.40612933,0.29463062,0.033555772,0.009425982,0.009371061,0.16733022,0.02736244,0.012887944,0.00931306,0.0031825514,0.02459491
0.00073174806,0.019392956,0.054599687,0.13064866,0.13683604,0.09011584,0.157309,0.039679613,0.1744356,0.15835798,0.032776862,0.005115965
0.007385251,0.463349,0.22935826,0.03881049,0.006865064,0.0054236534,0.09287607,0.020240476,0.004583762,0.009199135,0.008522778,0.11338611
0.0036493675,0.40065634,0.19207565,0.05252526,0.017043313,0.012823009,0.17782243,0.04608808,0.014144413,0.01611521,0.015594005,0.051462978
0.00020631397,0.017038587,0.06805588,0.12671152,0.10744447,0.061609223,0.19319092,0.024703909,0.21224363,0.16286172,0.023962902,0.0019709424
0.0016290484,0.05246243,0.063744284,0.089926094,0.1507969,0.08832873,0.1865191,0.039390724,0.21282694,0.08369075,0.0270963,0.0035887223
0.011481813,0.3250533,0.24383344,0.08716956,0.024513375,0.02706007,0.10411146,0.041881867,0.035724238,0.025684664,0.009066772,0.06441949
0.00027784333,0.012266251,0.045468062,0.12124808,0.12101945,0.07168664,0.182358,0.022153081,0.23883474,0.16006458,0.022903984,0.0017193254
0.0008560089,0.105499245,0.13326848,0.14517178,0.12770888,0.05525195,0.17736173,0.062270094,0.06825798,0.07218955,0.047595304,0.0045689773
0.0014472147,0.27667585,0.16351093,0.085158244,0.053388637,0.028723786,0.21525116,0.059995346,0.04001328,0.034980554,0.027008008,0.013847031
0.00042812488,0.018605664,0.018401222,0.12743033,0.21973512,0.038512524,0.1658454,0.049678877,0.08959782,0.115898795,0.1525551,0.0033110185
0.0009758229,0.037531596,0.06354091,0.12537952,0.10842098,0.05558066,0.18477778,0.055441283,0.1373051,0.15517955,0.052219786,0.023646899
0.0052759256,0.46446922,0.327751,0.033905387,0.0044195578,0.00500213,0.081993386,0.014255718,0.0033817545,0.006070689,0.003486675,0.049988568
0.00054066535,0.04686737,0.048317946,0.14852567,0.18127042,0.045480106,0.18022232,0.05221629,0.07572052,0.094575085,0.121193215,0.005070469
0.00091012195,0.40565473,0.29017168,0.03247569,0.013669733,0.014038065,0.14561932,0.023108538,0.034099054,0.014008617,0.001409191,0.024835289
0.0014097705,0.4670498,0.37617916,0.018930012,0.0033565904,0.004112077,0.09348612,0.010210713,0.0057451366,0.0034575548,0.00066445797,0.015398517
0.0004339087,0.046879146,0.09338419,0.09172534,0.09727014,0.060203195,0.19439438,0.032973252,0.25012836,0.111371264,0.016199917,0.0050370353
0.003137083,0.37545112,0.34611288,0.053437535,0.012446968,0.018891728,0.10622721,0.027139155,0.020605192,0.014844115,0.0029845661,0.01872238
0.0029063453,0.020955855,0.01749123,0.09837042,0.1613513,0.16361982,0.13140501,0.05258953,0.15801732,0.12121019,0.06773782,0.0043451986
0.0035600024,0.36315867,0.20796457,0.06184419,0.018936507,0.011959901,0.16543788,0.034689352,0.02215479,0.017742392,0.00832837,0.084223375
0.00064846553,0.04842543,0.097452946,0.17926349,0.12131361,0.085187964,0.1632823,0.052463118,0.09802484,0.1066812,0.04119965,0.0060568578
0.0004614738,0.020506514,0.056502722,0.123205096,0.15423718,0.12058711,0.15795842,0.030732997,0.17928341,0.13222143,0.022645086,0.0016585898
0.00037594236,0.0313047,0.065227784,0.15655947,0.15367588,0.07117265,0.18382359,0.044856004,0.11496825,0.11904858,0.055911865,0.0030752993
0.8363997,0.0782808,0.047249507,0.003338448,0.00027442933,0.0014734215,0.002036104,0.0027168775,0.0001579544,0.0017245702,0.0013621562,0.0249861
0.0014583985,0.33689305,0.38122284,0.04881813,0.011563006,0.013148331,0.12474507,0.02464406,0.015593364,0.014739708,0.0031277,0.02404625
0.003195624,0.33509234,0.20766668,0.08070396,0.031634323,0.023051701,0.17196637,0.055142447,0.024226261,0.024592808,0.014469546,0.02825799
0.002809765,0.314722,0.21055387,0.059175838,0.02491006,0.02263137,0.20232992,0.06183941,0.03711928,0.023547973,0.010420548,0.029939992
0.0032185956,0.31851125,0.1975577,0.07064719,0.026551,0.018501991,0.19778876,0.05752781,0.028635705,0.022979232,0.010524869,0.047555927
0.0003574139,0.031919613,0.06127106,0.12696455,0.18106593,0.060171515,0.21387565,0.039045822,0.13355234,0.104987696,0.04504413,0.0017441759
0.00025831963,0.012126278,0.028372351,0.12506533,0.1971662,0.06482827,0.16579357,0.036234945,0.1552641,0.14743641,0.0652625,0.0021916614
0.0002038076,0.017159143,0.07354567,0.13124165,0.10589102,0.06395957,0.18892312,0.023361577,0.21432279,0.15828599,0.02131912,0.0017865736
0.0023491064,0.05121151,0.076114565,0.12101217,0.108985476,0.062981345,0.16693154,0.0712023,0.12972265,0.13146076,0.036728516,0.041300107
0.0018468288,0.2876488,0.20696768,0.075645454,0.030137254,0.020877857,0.15754355,0.038188305,0.04135715,0.034114767,0.009214228,0.09645817
0.003701666,0.29985857,0.20516214,0.079795755,0.027493399,0.019142628,0.14328298,0.039847218,0.036291547,0.026721755,0.0077293688,0.110972986
0.002879939,0.018365057,0.014946711,0.095648855,0.17167424,0.1709349,0.13367406,0.051376864,0.15103033,0.1176469,0.06777322,0.00404903
0.00024206615,0.015002394,0.045765996,0.104243025,0.11611798,0.059882637,0.1914572,0.025554925,0.24759023,0.16163847,0.03079145,0.0017136976
0.000509493,0.023045704,0.021849258,0.13116002,0.21297099,0.04145959,0.1685797,0.053460814,0.08894091,0.11152127,0.14258163,0.0039206566
0.0029248074,0.3720361,0.2259729,0.0569206,0.017354421,0.011222181,0.16893148,0.032059245,0.020320076,0.01603539,0.006851348,0.06937145
0.0017734637,0.09065029,0.068577744,0.16393422,0.10660112,0.04913578,0.1720001,0.088205166,0.0625001,0.09451952,0.066884905,0.03521766
0.0006228104,0.022407407,0.02544194,0.11827057,0.17175215,0.041920677,0.18310261,0.058833007,0.11579583,0.13277067,0.12379471,0.00528757
0.004435834,0.36990288,0.19026694,0.054961514,0.017725866,0.010353768,0.17737961,0.047845017,0.013513784,0.015286232,0.014087791,0.08424081
0.0036656533,0.4515929,0.30791858,0.03335215,0.0071040005,0.005043707,0.08397246,0.010991212,0.009918094,0.007921176,0.0020326788,0.07648731
0.00058748043,0.024915107,0.020787718,0.13249305,0.20811729,0.041234523,0.1660784,0.05786909,0.08377771,0.10881787,0.1511175,0.0042042793
0.00021069308,0.01578636,0.06361504,0.1250745,0.10847681,0.06607628,0.18866146,0.023714064,0.21459228,0.16846485,0.023488974,0.0018386602
0.001175619,0.3950599,0.34672767,0.030706223,0.01007386,0.009314571,0.12118389,0.017463846,0.018307235,0.011289482,0.0017542833,0.03694346
0.95731807,0.02185611,0.009350169,0.00053816644,3.219569e-05,0.00018155827,0.00047709877,0.0006113598,1.8957327e-05,0.00024883778,0.00026168785,0.009105751
0.002646066,0.39432266,0.23349293,0.049765687,0.01296127,0.008441718,0.16695128,0.028616205,0.018056018,0.011297113,0.0037490993,0.06969994
0.0017204797,0.015902314,0.016142178,0.09495686,0.15068588,0.14199556,0.14940892,0.042889994,0.19309959,0.12748784,0.06280556,0.0029048647
0.005334162,0.5019941,0.20502165,0.03781125,0.007898198,0.006365808,0.09952185,0.021532794,0.0048260433,0.009270253,0.0102102375,0.09021373
0.0022631052,0.36036387,0.22224732,0.05417715,0.026543185,0.022991985,0.18797469,0.046105217,0.029144606,0.02003484,0.014835234,0.013318801
0.002139492,0.43547058,0.34514055,0.028146582,0.0061744894,0.007170813,0.120397575,0.017586067,0.009259743,0.0068147737,0.0018172913,0.019882081
0.0020145867,0.34176606,0.41218582,0.050777573,0.013307488,0.01679159,0.098874986,0.02436113,0.010381876,0.014520125,0.0048762,0.010142609
0.00091988465,0.437339,0.3985189,0.019289736,0.004340531,0.0056317323,0.097280264,0.011431942,0.008146982,0.0045684054,0.00061159866,0.011920959
0.0012939624,0.035477284,0.048895426,0.08711454,0.13084501,0.07763991,0.21102315,0.038581807,0.23750626,0.09447985,0.033561893,0.0035808992
0.0030547434,0.47306183,0.40484217,0.021142865,0.0026223066,0.0031046108,0.053290382,0.005718914,0.0035847416,0.0034899525,0.0008686085,0.025218738
0.0016201234,0.35366136,0.39861247,0.049250133,0.014108455,0.01656675,0.10049493,0.024372414,0.009461999,0.01532251,0.006180938,0.010347884
0.0011617591,0.035609514,0.02267044,0.13693486,0.17355928,0.038314488,0.14969002,0.077085435,0.056554336,0.105714425,0.19223088,0.010474576
0.00036298973,0.2703494,0.3233107,0.042979207,0.024814377,0.018104114,0.17886089,0.028524425,0.0678328,0.027516646,0.0019827138,0.015361746
0.0010226037,0.055284716,0.06661166,0.13950066,0.16341014,0.07445734,0.1782905,0.06492137,0.1014994,0.095174044,0.054132693,0.0056948625
0.0027276636,0.40392056,0.24491376,0.058334,0.014068707,0.0098177735,0.15106803,0.028544266,0.010267992,0.01368755,0.008107991,0.054541808
0.0027851784,0.4724801,0.30649891,0.03198334,0.005266806,0.005329941,0.106916845,0.015097115,0.0070631094,0.006152208,0.002066679,0.03835986
0.044539846,0.3911133,0.28348798,0.031384006,0.0031459024,0.003986488,0.047612898,0.019322252,0.002376887,0.0075577004,0.0047883107,0.16068439
0.0033273783,0.18323275,0.1500533,0.12936696,0.07322606,0.065890014,0.1451892,0.069397934,0.06623956,0.062701255,0.02784597,0.023529638
0.0017128596,0.5268859,0.25907362,0.025880706,0.004423389,0.0034792433,0.10615449,0.011303922,0.0043482785,0.0049267192,0.0021199824,0.049690906
0.003263687,0.44131458,0.2823544,0.031731468,0.008291484,0.0101335915,0.14530295,0.026513297,0.011415482,0.009658888,0.0041946974,0.0258255
0.9330744,0.035660878,0.013405795,0.0009321969,5.3346947e-05,0.00038327143,0.0008116143,0.001161001,3.966613e-05,0.00045486577,0.00050345407,0.013519555
0.0054767868,0.47065645,0.30997774,0.029501483,0.0034805615,0.0038090756,0.086215146,0.014054278,0.0032650828,0.004879584,0.0029679767,0.06571587
0.0015846575,0.21515505,0.21009389,0.08625667,0.06744616,0.052575335,0.18027094,0.05534549,0.06667003,0.042619627,0.012185643,0.009796479
0.0010808244,0.028827291,0.044047095,0.13053074,0.13883807,0.05123333,0.18455881,0.06904355,0.11433282,0.15039171,0.064074874,0.023040948
0.0022138802,0.052226402,0.06521053,0.10962816,0.16523485,0.12624814,0.149914,0.05609355,0.14194837,0.093613416,0.02975238,0.007916406
0.0062312023,0.46576974,0.299572,0.03069175,0.0036051702,0.0038104306,0.08712726,0.01497612,0.0033400091,0.0051774876,0.00339026,0.0763086
0.0017231754,0.19507153,0.16041255,0.10001556,0.06662668,0.044297818,0.20007914,0.061675634,0.067615926,0.057251018,0.021389024,0.023841932
0.0011025883,0.030800318,0.02721457,0.12746292,0.16135524,0.050585154,0.15666124,0.082811266,0.09098544,0.12685369,0.13565794,0.008509674
0.00017490452,0.013714648,0.05872343,0.12581325,0.11020931,0.05780776,0.19626851,0.022626203,0.22044,0.16808273,0.024594791,0.0015444562
0.004966894,0.09475474,0.03555355,0.122119375,0.07448723,0.030732987,0.09031838,0.12146418,0.02694782,0.09279564,0.25671408,0.049145143
0.0012124428,0.05558338,0.084200576,0.08736499,0.106896214,0.055371985,0.21800284,0.035410482,0.24958387,0.07944302,0.02240924,0.004520962
0.00026808283,0.014285845,0.048947517,0.12810807,0.15618952,0.0798776,0.18185261,0.027621306,0.19193792,0.14139265,0.02787442,0.0016444859
0.0013995683,0.3415218,0.31508502,0.046817675,0.016127251,0.016053071,0.16716471,0.03145776,0.021316888,0.016322048,0.0039229733,0.022811258
0.0011197701,0.41223186,0.37642762,0.027958076,0.0068447473,0.009725598,0.11281953,0.017196264,0.013367293,0.00782654,0.00097889,0.013503709
0.0035887468,0.41801322,0.2234483,0.0414639,0.011281734,0.0076898504,0.16775821,0.03242994,0.009403549,0.010749154,0.007936675,0.066236764
0.0027598361,0.46093702,0.31516156,0.026892308,0.005545172,0.0061294404,0.11889108,0.016707584,0.007403073,0.006527145,0.0023232573,0.030722562
0.0006971881,0.05907209,0.082964145,0.15350701,0.15075381,0.06061564,0.18263786,0.058127705,0.09069144,0.094967134,0.060849063,0.005116911
0.0036801845,0.43270952,0.2889071,0.04647602,0.009374569,0.007834838,0.11459044,0.020150717,0.0075043235,0.010546232,0.0057799486,0.05244613
0.95779926,0.02235076,0.008439186,0.0004978253,2.8343125e-05,0.0001710506,0.0004459661,0.0005867321,1.6506247e-05,0.00023795475,0.0002448645,0.00918164
0.0010296647,0.44853503,0.32709542,0.024461009,0.0065665226,0.0076112873,0.13091017,0.016897187,0.013469711,0.006116112,0.00089819235,0.016409732
0.004700018,0.37189567,0.19145599,0.05402632,0.016860152,0.009970223,0.17443915,0.04701105,0.012993237,0.014786943,0.013647173,0.08821405
0.9577857,0.0203831,0.010712706,0.0006310044,4.212503e-05,0.000224599,0.0005052726,0.00058560626,2.1523034e-05,0.0002709287,0.00029557126,0.008541842
0.0014675854,0.08034971,0.07178622,0.1727786,0.108354025,0.052784238,0.16272935,0.08078132,0.061913025,0.10440097,0.06503564,0.037619352
0.0008078621,0.30500764,0.36559218,0.044572853,0.019330401,0.023269134,0.14692695,0.030063933,0.033019885,0.019387508,0.0021849312,0.009836707
0.0012651867,0.04321911,0.05772226,0.11822298,0.14462897,0.059487764,0.20773594,0.062327445,0.14417349,0.10701534,0.042123877,0.012077606
0.0018357905,0.03049933,0.049077302,0.10545987,0.13046427,0.08172883,0.14955495,0.0638107,0.1643409,0.15732644,0.051529493,0.014372012
0.001692993,0.42938998,0.29478714,0.033741266,0.009745158,0.008634551,0.13394618,0.020008394,0.019746631,0.008921053,0.0014845222,0.037902214
0.0017858216,0.4247951,0.2920188,0.03603331,0.010044729,0.011686105,0.14682049,0.024952669,0.01896219,0.009809107,0.0019449674,0.02114679
0.003130921,0.07740125,0.068206556,0.1537757,0.11017876,0.039620336,0.1589242,0.12150102,0.07346407,0.09018046,0.057153534,0.046463184
0.0002485952,0.016460583,0.06523538,0.13678871,0.14311215,0.09645209,0.17460419,0.023030166,0.19189288,0.13354495,0.017633557,0.0009967997
0.0010354302,0.052520584,0.02577533,0.15985389,0.16537516,0.033897746,0.1224963,0.06287017,0.032036148,0.086670585,0.24838255,0.0090861255
0.0013258468,0.035971902,0.026125044,0.10823755,0.11759501,0.035512496,0.15093493,0.096412875,0.06298701,0.13301273,0.21624194,0.015642622
0.00487126,0.4368964,0.2122097,0.04101934,0.011803895,0.010298844,0.15406205,0.0420526,0.010848585,0.012330697,0.010971619,0.05263496
0.0024632735,0.43728468,0.2631982,0.03759482,0.009771257,0.010322476,0.15342829,0.026576718,0.014350164,0.010254607,0.003431756,0.03132382
0.0013393251,0.07471107,0.06802499,0.12889344,0.14074448,0.05376116,0.20681454,0.079470344,0.09588993,0.0869997,0.049877886,0.013473131
0.0011596946,0.036463637,0.055601127,0.114343934,0.12324637,0.059010196,0.18319179,0.06510075,0.14195399,0.14792658,0.053187575,0.01881438
0.0014908788,0.06653051,0.06937292,0.14047956,0.1490402,0.063169904,0.18270612,0.07497614,0.09523862,0.0910929,0.052570052,0.013332273
0.00052573887,0.04590807,0.07353986,0.10701686,0.17027004,0.07385467,0.20921485,0.03998392,0.15705268,0.09340081,0.026734686,0.002497766
0.00040198638,0.057465006,0.140625,0.13393793,0.104821466,0.08442408,0.17595561,0.041146416,0.13646343,0.102946915,0.01931626,0.0024958882
0.00064708,0.023676869,0.018589413,0.13189466,0.20285572,0.03983495,0.15370838,0.062733814,0.07698331,0.114873916,0.16909595,0.0051058987
0.0024396162,0.07993156,0.08243276,0.10540278,0.12537116,0.074906416,0.17592865,0.07088894,0.13661334,0.09093872,0.0422485,0.012897663
0.00081000396,0.052029267,0.06871754,0.14046198,0.14415331,0.065635264,0.18355249,0.05538279,0.1047621,0.1065103,0.06909873,0.00888628
0.001817699,0.52309656,0.26627058,0.025722558,0.0042508007,0.0033545021,0.102618344,0.0110117225,0.0041695507,0.00477135,0.0020352749,0.050881073
0.0005443383,0.030459398,0.06438764,0.11092812,0.16141713,0.058537714,0.21146333,0.040484313,0.1667786,0.11168742,0.039173517,0.004138403
0.0013264548,0.032688044,0.0350458,0.132474,0.13725057,0.04424645,0.18040009,0.08568773,0.093338326,0.14093374,0.09363558,0.02297324
0.0005535143,0.21376139,0.21290725,0.05858172,0.044378955,0.026766863,0.23585944,0.04036476,0.10061387,0.040229067,0.006118023,0.01986521
0.00404969,0.34671357,0.21051027,0.06313227,0.02086566,0.013766605,0.1763247,0.039977014,0.02403513,0.018750288,0.009072401,0.0728024
0.003942222,0.40609625,0.31242916,0.044632223,0.008309996,0.00705003,0.12572199,0.022113562,0.010341238,0.008933393,0.0030849595,0.047344968
0.0007904055,0.32244098,0.2876176,0.042476773,0.022323705,0.019547865,0.17519234,0.031816818,0.04850568,0.022648428,0.0024169781,0.024222404
0.0042934455,0.42095217,0.4090448,0.033992022,0.004884197,0.006679418,0.06725961,0.011535772,0.0065455926,0.0065725273,0.001896517,0.026343958
0.0016431476,0.44485694,0.35660025,0.0279945,0.0053888275,0.0066420203,0.10816955,0.015140151,0.009325634,0.0060241856,0.0011295832,0.017085234
0.006418285,0.3948341,0.24651237,0.052625775,0.010193452,0.008823816,0.14405225,0.036198433,0.009478336,0.011729091,0.007638082,0.07149603
0.0010910444,0.11668527,0.09780067,0.16613181,0.09683542,0.039000385,0.20439555,0.07239246,0.05832078,0.07281784,0.041828707,0.032700155
0.00043777507,0.03214605,0.05260029,0.13161166,0.18796124,0.057769436,0.2052153,0.047443043,0.11856394,0.10455316,0.058829352,0.0028687138
0.0013835615,0.06046597,0.030153383,0.16982432,0.15763348,0.036548615,0.1250486,0.07153084,0.034618616,0.08637584,0.21544664,0.010970185
0.00037296696,0.04536864,0.08988759,0.13394818,0.15342428,0.055360828,0.21085742,0.04659771,0.1146362,0.099759914,0.04672797,0.0030583155
0.0020224648,0.45941332,0.37746838,0.024644097,0.0037469557,0.0041767294,0.086606525,0.009912693,0.0036588032,0.004587964,0.0017115086,0.022050535
0.0018424395,0.36625883,0.22781952,0.05207897,0.02526209,0.02164682,0.19117068,0.042976324,0.028047847,0.01867646,0.011984033,0.012235898
0.0011974728,0.41687632,0.34487817,0.031296212,0.00740789,0.008198696,0.12806875,0.017745862,0.014210008,0.007997445,0.0011280414,0.020995215
0.0057303607,0.17336339,0.06762468,0.13656953,0.062445782,0.027549315,0.11877895,0.12080898,0.024885973,0.055944778,0.119777024,0.086521246
0.00020916646,0.015446979,0.057912618,0.12332909,0.110651426,0.062672466,0.1920775,0.02524895,0.21088393,0.17319591,0.026352486,0.0020195125
0.0013737015,0.19559897,0.19865118,0.096345514,0.08081826,0.05190331,0.18035123,0.05997256,0.057973213,0.04814747,0.022654312,0.00621025
0.0046309372,0.40969375,0.18153873,0.04988524,0.014762237,0.012966384,0.17227063,0.049371414,0.014039212,0.016075674,0.01769207,0.057073746
0.0004381021,0.36313012,0.37018332,0.029977914,0.011955886,0.009367058,0.13508847,0.017225396,0.023073146,0.013763843,0.0016538531,0.02414294
0.0019761375,0.2574088,0.34501597,0.06577838,0.027515432,0.04433809,0.12463077,0.042762753,0.043156423,0.032354053,0.0047858395,0.010277288
0.00040073346,0.2009689,0.27091298,0.05780253,0.043767743,0.03937792,0.18726148,0.03270562,0.10774332,0.048097216,0.0047611725,0.0062004356
0.00040806178,0.27724403,0.31510162,0.04393045,0.025004696,0.01785637,0.18089347,0.029312128,0.062455434,0.027537191,0.0022069355,0.018049667
0.0015629829,0.28372678,0.21662651,0.07515567,0.02990866,0.01937635,0.16257937,0.037392303,0.04036253,0.034121845,0.008851022,0.090335876
0.0031978595,0.4276239,0.3704414,0.028865892,0.0045213746,0.0046341475,0.102068484,0.013649979,0.0058569917,0.00507875,0.0016502886,0.032410994
0.0073160827,0.03704073,0.028228778,0.081693485,0.16606499,0.1518049,0.12686108,0.080716975,0.13610592,0.10305101,0.06516458,0.015951447
0.0004273646,0.032528058,0.07533978,0.11062249,0.15836087,0.069049485,0.20660032,0.032226328,0.18287885,0.103508554,0.026512312,0.0019455132
0.00027606843,0.0113104535,0.047305577,0.13797446,0.1429696,0.095655434,0.17910609,0.017828155,0.20589216,0.14320026,0.017675601,0.0008061991
0.00071539474,0.033147786,0.058041707,0.09864026,0.13386016,0.057558693,0.20338556,0.042860202,0.20943448,0.12152982,0.034790143,0.006035841
0.0011119272,0.29090974,0.23629794,0.05522976,0.03388949,0.023402376,0.21525559,0.042534262,0.04973419,0.025180532,0.0057410183,0.020713199
0.0013482281,0.1759725,0.17868382,0.09934939,0.09094725,0.053306784,0.18853916,0.061739605,0.06590207,0.05250408,0.025319401,0.006387785
0.00093776925,0.028411785,0.034798637,0.11690519,0.13807267,0.054226376,0.17685458,0.07633779,0.121910065,0.15323226,0.08535612,0.012956793
0.0017256524,0.35336065,0.41379967,0.047223218,0.008709873,0.011059235,0.09909126,0.018317116,0.010177902,0.011936647,0.0030616445,0.021537108
0.00058804796,0.04535432,0.104227655,0.17063825,0.11572356,0.08528323,0.16334094,0.048949923,0.109047286,0.1125643,0.039820876,0.0044615986
0.00068992877,0.042406235,0.060416352,0.11706269,0.17391959,0.065293334,0.20460248,0.04882485,0.1357706,0.09957299,0.04775871,0.0036822828
0.0017037191,0.31834054,0.18239672,0.08684018,0.04438429,0.025765954,0.18642507,0.054226935,0.026251476,0.027814562,0.030651508,0.0151990205
0.0026381055,0.38575295,0.2900378,0.05579232,0.011983975,0.00982961,0.14066303,0.025437495,0.011714089,0.013335225,0.005572189,0.047243156
0.0005379298,0.03989469,0.054683555,0.17040034,0.1664118,0.06747505,0.17049308,0.053200122,0.085515164,0.10496253,0.080792636,0.0056331367
0.00067316135,0.07247015,0.15985784,0.15054426,0.09098039,0.08151958,0.1637991,0.04913857,0.106564365,0.09703121,0.022078278,0.0053431215
0.0010148821,0.11548226,0.11249727,0.14405394,0.12901914,0.046509348,0.18580922,0.06817749,0.0586357,0.07069536,0.060222693,0.007882753
0.0019386589,0.35305315,0.22987486,0.053989865,0.027436914,0.022860069,0.19192484,0.044787165,0.0296021,0.019641098,0.01316846,0.011722792
0.00024002299,0.0147346975,0.04510602,0.10366555,0.11576333,0.059333898,0.19222122,0.025615135,0.24670234,0.1638918,0.031026972,0.0016989779
0.00020809438,0.013177331,0.0545851,0.13376135,0.13739876,0.08236319,0.17973492,0.023663107,0.20414968,0.14805207,0.021514973,0.0013913569
0.002684163,0.3922313,0.31524625,0.055324193,0.009786568,0.008131687,0.11549784,0.020114068,0.009142226,0.011837961,0.0048074513,0.055196248
0.00042656143,0.034068402,0.053758938,0.12785558,0.18355799,0.056980677,0.20417331,0.042722277,0.13053319,0.10536786,0.058360737,0.0021945362
0.001801364,0.29792625,0.22460541,0.07237074,0.027675426,0.018463776,0.1566217,0.036421325,0.034896147,0.030507125,0.009024259,0.089686535
0.95757884,0.02211578,0.009238554,0.0005100737,2.8464523e-05,0.00018190447,0.0004919906,0.00063800695,1.8230345e-05,0.00023903845,0.00026698856,0.008692121
0.0016680256,0.3121321,0.29734328,0.04948641,0.022534203,0.025631038,0.15426525,0.03489728,0.046664305,0.025822695,0.0033747177,0.026180746
0.0071203485,0.39450088,0.24325883,0.05312939,0.009973437,0.008830555,0.14086917,0.037600223,0.010041903,0.011537634,0.0077164294,0.07542126
0.0049842917,0.50698227,0.22249457,0.037093163,0.007574559,0.006282291,0.09559436,0.019678904,0.004553336,0.008745786,0.008873918,0.07714251
0.0004816208,0.21604891,0.3516574,0.057292063,0.038063113,0.046005305,0.14700009,0.030640773,0.07088947,0.036057122,0.0030900259,0.0027741957
0.0023124695,0.47012737,0.32450888,0.024078187,0.0046989694,0.005070913,0.11346005,0.01442463,0.005709333,0.0054437807,0.0019722094,0.028193127
0.0029110073,0.43515584,0.2437834,0.041462664,0.009699746,0.0072241533,0.15007293,0.023442237,0.012848691,0.009911831,0.0039019354,0.05958558
0.002259184,0.43495628,0.31331703,0.034160975,0.00853979,0.009192534,0.131178,0.020666393,0.011278245,0.009219909,0.0028979087,0.022333711
0.006452835,0.40581796,0.26183644,0.05032108,0.009353865,0.008735895,0.13403757,0.032610096,0.009036023,0.010967882,0.0065971157,0.06423334
0.00036876806,0.04879518,0.13233843,0.15159163,0.10870093,0.08008826,0.18098924,0.04540698,0.11970882,0.10340083,0.025579216,0.0030317074
0.0018531722,0.46734104,0.39125016,0.020713547,0.0032731495,0.0040155305,0.07324596,0.007845172,0.0046863263,0.0041144956,0.00088876195,0.020772746
0.0009382047,0.05685021,0.03499501,0.15525205,0.17019126,0.039528135,0.15084551,0.0622544,0.04608605,0.0870526,0.18809818,0.0079083955
0.0009091707,0.024746558,0.017222773,0.12965725,0.17746305,0.036475014,0.1490803,0.07755509,0.06335925,0.11741682,0.19749764,0.008617073
0.0021901047,0.120688364,0.08717185,0.13895406,0.08309515,0.037630554,0.18508808,0.07509767,0.06409176,0.07873201,0.06583079,0.061429687
0.00041660242,0.18908097,0.34917444,0.08586805,0.033612344,0.03045995,0.15604554,0.03176933,0.05227861,0.05372366,0.0062630842,0.0113073755
0.0015146845,0.016054122,0.030949386,0.09560553,0.12778972,0.089531295,0.1908657,0.039271228,0.21093549,0.1548187,0.035500202,0.0071638636
0.0013336457,0.4626495,0.39341843,0.019313898,0.0032808154,0.004018873,0.079995915,0.008042698,0.0048404625,0.0040371465,0.0007491878,0.018319465
0.0008329755,0.024353275,0.029196309,0.11702203,0.15920982,0.04435933,0.1843966,0.06572794,0.12242463,0.1384958,0.10621909,0.007762272
0.0008130927,0.40229577,0.3233123,0.028726628,0.010887216,0.01066598,0.14342824,0.01993185,0.025813852,0.010571598,0.0010986711,0.022454761
0.014417657,0.47484007,0.25911233,0.032109663,0.004757963,0.0067159845,0.08515263,0.02440488,0.0041955733,0.008567769,0.008282001,0.07744349
0.0030068601,0.52568513,0.29988825,0.022872008,0.0027231988,0.0027600713,0.07793869,0.009149147,0.0029229731,0.0034044161,0.001557122,0.048092127
0.0032461209,0.40015194,0.24643302,0.04850208,0.01208109,0.008475168,0.15691806,0.02720071,0.016245937,0.011318732,0.0040738303,0.065353185
0.0047047157,0.40865105,0.3236362,0.04289913,0.0075740064,0.007311563,0.118886866,0.02212306,0.009513185,0.008319655,0.0031580874,0.043222435
0.0004053894,0.030920533,0.050971143,0.13409823,0.19058883,0.05846519,0.20393148,0.047493417,0.116130546,0.1050672,0.059314426,0.0026136744
0.0009771737,0.45658243,0.39959472,0.018844083,0.003489048,0.0044497075,0.08309373,0.00825,0.0053176475,0.0043603145,0.00078433915,0.014256823
0.0022457512,0.39279637,0.23465893,0.05639067,0.01999173,0.015667181,0.17288078,0.039620597,0.016991228,0.016160233,0.009889922,0.022706583
0.0026268617,0.41457787,0.31259686,0.044517867,0.0100792395,0.011090553,0.11635719,0.01976766,0.012085481,0.012441773,0.0044551026,0.03940357
0.006452835,0.40581796,0.26183644,0.05032108,0.009353865,0.008735895,0.13403757,0.032610096,0.009036023,0.010967882,0.0065971157,0.06423334
0.003453335,0.41133454,0.2997584,0.051760536,0.010034448,0.010357693,0.121472366,0.024210129,0.0101669915,0.011888632,0.005344339,0.04021862
0.0018043752,0.015812123,0.016209684,0.09535037,0.15061308,0.13311453,0.14098094,0.04855503,0.18665768,0.13343437,0.074028805,0.003439078
0.0004965119,0.2136788,0.21909522,0.05723511,0.043222222,0.027393017,0.23045236,0.03857725,0.10587489,0.040864713,0.0057526,0.017357374
0.0032696482,0.30654898,0.18073004,0.07589384,0.029406939,0.018952444,0.20269251,0.06227559,0.029941162,0.024761643,0.013235592,0.052291706
0.004938954,0.14859648,0.059372146,0.13727915,0.07162958,0.02819482,0.11592253,0.10776978,0.03028066,0.06652286,0.13445409,0.095038995
0.002454747,0.07793257,0.081110604,0.10092759,0.13122542,0.07905301,0.17496437,0.065160565,0.1475916,0.08976722,0.04110264,0.008709672
0.00029597216,0.016903797,0.06233518,0.1442718,0.15189773,0.08909405,0.17518939,0.028986387,0.16724062,0.13636611,0.026130259,0.001288688
0.8470484,0.076992005,0.03869028,0.0018982466,0.00012534547,0.0007130727,0.0020125315,0.0024301277,0.0001292955,0.0009366278,0.00084354007,0.028180605
0.00047619865,0.05546832,0.08743482,0.1332045,0.15368178,0.05128565,0.20390758,0.047203127,0.10661718,0.09858368,0.0589737,0.003163542
0.0054196366,0.3803011,0.26806876,0.058770467,0.007978336,0.005235158,0.09175802,0.018642535,0.0068299025,0.011837099,0.0060714153,0.13908751
0.003512679,0.0835779,0.08413918,0.12078152,0.1291052,0.10391582,0.1410623,0.07547136,0.121671915,0.085664704,0.032896757,0.018200709
0.00087478413,0.1087634,0.14174026,0.12981823,0.11904122,0.06197683,0.18175326,0.057135798,0.0861196,0.074160464,0.034181193,0.0044349306
0.0060119326,0.14874312,0.081351444,0.13542362,0.07036826,0.041951023,0.14604272,0.1153314,0.043325722,0.06886216,0.09076566,0.051822968
0.0026386096,0.3942101,0.3884851,0.040357523,0.008278303,0.01298216,0.09315061,0.019825492,0.014036339,0.009770248,0.0018624843,0.014402983
0.0024390912,0.32506102,0.30949298,0.055685215,0.018817615,0.022113666,0.1339574,0.03251204,0.036170296,0.022405218,0.003404022,0.03794151
0.004314888,0.4072231,0.36821976,0.038295988,0.005541739,0.005801711,0.09893021,0.015540627,0.005377916,0.0071381596,0.0030217045,0.040594246
0.002150012,0.030208433,0.04359181,0.09269881,0.11991709,0.06898857,0.19107653,0.07213669,0.16670609,0.135964,0.063296475,0.013265382
0.0019449046,0.065090895,0.03260121,0.17513163,0.14216737,0.041508596,0.11474959,0.08097853,0.035417207,0.08995037,0.20584096,0.014618669
0.9648733,0.01795173,0.007995023,0.0004375583,2.4722069e-05,0.00014646958,0.00037147664,0.00045994358,1.3328939e-05,0.00019400755,0.0002082769,0.0073241596
0.0023539357,0.157092,0.09120834,0.15884292,0.07666747,0.03534857,0.17583217,0.0902376,0.04697437,0.059632104,0.048289865,0.057520665
0.00038694154,0.034059543,0.06634495,0.11523872,0.14223982,0.058882203,0.19944645,0.035546724,0.17636381,0.12738262,0.04139824,0.0027099117
0.0008574901,0.4189037,0.29306027,0.03313003,0.011189576,0.009195878,0.14663343,0.019308517,0.024125658,0.010916552,0.0013750559,0.031303708
0.0005120238,0.20535725,0.20415434,0.05905021,0.045669045,0.026127169,0.24042057,0.041075602,0.11008662,0.04103402,0.0066662794,0.019846797
0.00036801,0.012182445,0.044341996,0.14108321,0.15665095,0.10271695,0.16556609,0.028349373,0.17116259,0.151457,0.02443449,0.0016868984
0.0013831502,0.10320842,0.08484464,0.15248007,0.10296522,0.05331297,0.1828918,0.07213626,0.06448626,0.08923063,0.06575971,0.027300825
0.0045420253,0.39051467,0.24974321,0.05282222,0.011972179,0.011001628,0.15847652,0.03534068,0.011223635,0.013552681,0.0073990775,0.053411543
0.0039101155,0.38331306,0.25965688,0.051670816,0.018653268,0.021786338,0.15259747,0.043397702,0.021280179,0.017003933,0.011546584,0.0151836
0.0016925561,0.3409777,0.42921758,0.04283149,0.008844204,0.009683998,0.08959574,0.014147981,0.010873869,0.013213531,0.0026521606,0.036269233
0.0012815347,0.056893133,0.02858332,0.16757886,0.1645643,0.036530603,0.12619893,0.06912033,0.035733733,0.08668201,0.21686186,0.009971364
0.0010328485,0.037850272,0.059333954,0.13630535,0.108445905,0.053891066,0.17956445,0.060696412,0.1173406,0.1559965,0.05645616,0.033086512
0.0017626304,0.4679211,0.4168101,0.017240256,0.0024459301,0.0032861475,0.062364668,0.006128472,0.0035853682,0.0030006538,0.0006216806,0.014832919
0.0010952614,0.38533804,0.3935685,0.028987106,0.008049536,0.0105483215,0.11593572,0.017730825,0.016095072,0.008478194,0.0009572519,0.013216346
0.00030409027,0.30466893,0.32970837,0.034365147,0.020530257,0.01355253,0.17311329,0.025160814,0.06190876,0.019879436,0.0014118843,0.0153964665
0.0022848996,0.04368229,0.045819264,0.09902585,0.098022126,0.045343183,0.17924517,0.094056755,0.12345679,0.14800611,0.075711496,0.045346167
0.0011968478,0.023131328,0.017416647,0.09410098,0.11670769,0.03428062,0.12956928,0.09352941,0.06240742,0.14097826,0.27464134,0.012040188
0.002926677,0.034520026,0.046118718,0.10914766,0.12827158,0.07846951,0.14296944,0.08200621,0.12809904,0.15395404,0.06569853,0.027818596
0.0030721384,0.39578137,0.2827963,0.059680343,0.01141721,0.008198625,0.12544037,0.023841307,0.008231555,0.01250994,0.006622012,0.062408768
0.00015477942,0.0074150353,0.036827702,0.1251762,0.11749342,0.063989386,0.19855846,0.017418327,0.23662834,0.1754553,0.01978622,0.0010968162
0.0011487637,0.09037277,0.119352914,0.105367325,0.10392372,0.0558099,0.19923903,0.05110711,0.14608136,0.08949572,0.027151944,0.010949497
0.0021888623,0.39247978,0.23756541,0.06587829,0.021227892,0.013603074,0.15528302,0.03316481,0.011560059,0.016645638,0.01375358,0.03664964
0.0036183395,0.39609945,0.19390064,0.051212706,0.016601061,0.014393879,0.18394688,0.049263492,0.016291607,0.0170594,0.016327662,0.041284803
0.9357551,0.033622533,0.013997233,0.000896722,5.151541e-05,0.00034609117,0.00076323934,0.0010374233,3.7392143e-05,0.0004146814,0.00045578228,0.012622373
0.0014182343,0.04346885,0.05618882,0.12341312,0.14080071,0.05602324,0.20400879,0.06804409,0.13600156,0.109944806,0.045025486,0.015662283
0.002161582,0.3537465,0.42373055,0.041864533,0.009786059,0.014797606,0.096473336,0.022072144,0.011418934,0.011123876,0.0027890876,0.010035812
0.001859917,0.08990141,0.082330294,0.13419132,0.121185526,0.046597578,0.1997997,0.084550224,0.08876233,0.08267598,0.042929087,0.025216537
0.00038102476,0.014112117,0.021653356,0.11550465,0.19706096,0.044089384,0.18545662,0.043318957,0.13201103,0.13416764,0.109463274,0.002780952
0.00040003198,0.038006954,0.10049428,0.17770241,0.121168226,0.07791053,0.17597677,0.04677636,0.10749889,0.11424943,0.035445917,0.0043702084
0.0062981914,0.4039141,0.25258112,0.051363375,0.010017091,0.009221918,0.13834567,0.033774775,0.009734849,0.0115817,0.007010314,0.06615686
0.00032889345,0.039721627,0.11785151,0.14269824,0.11903772,0.08049145,0.17882182,0.03718001,0.1441458,0.11430373,0.023556873,0.0018623585
0.0010915978,0.38726526,0.39520526,0.028306283,0.007983539,0.010539749,0.11417413,0.01737401,0.016097143,0.008299189,0.0009289148,0.012734949
0.0026293248,0.40164745,0.3642331,0.04042724,0.008913558,0.013383946,0.102889255,0.021514982,0.01589672,0.010332725,0.001909038,0.016222663
0.0009715738,0.07374019,0.060538594,0.1599622,0.14343713,0.05115118,0.16114831,0.06157254,0.05578501,0.08989146,0.12874046,0.01306138
0.003451178,0.06964241,0.052282482,0.15262815,0.10467472,0.035530377,0.14841323,0.13842803,0.061422355,0.096742526,0.0892317,0.047552828
0.0020117578,0.34325486,0.3638667,0.05717525,0.01795187,0.01998508,0.11720928,0.031062482,0.014431623,0.016573954,0.006247479,0.010229736
0.0005872843,0.045338046,0.06283955,0.16839164,0.15219569,0.0686728,0.16974393,0.052533038,0.084413156,0.104033776,0.08387901,0.0073720557
0.0044447933,0.32543638,0.224108,0.06564352,0.019909706,0.016985897,0.18793187,0.056951765,0.023037488,0.020647787,0.009969493,0.044933412
0.0018112784,0.50324386,0.37603223,0.016025934,0.0023395668,0.0027663119,0.0665411,0.0056892913,0.0032955445,0.002693878,0.0006244467,0.01893664
0.0009583917,0.35936746,0.31506786,0.036104396,0.016858468,0.016438114,0.1721979,0.027036786,0.030810803,0.012407373,0.0021317028,0.010620759
0.00016545039,0.008727642,0.04132741,0.12707675,0.114901714,0.06819654,0.19275503,0.01651838,0.24223839,0.16925898,0.017754292,0.0010793846
0.0010461933,0.025803123,0.04474404,0.110253856,0.17876059,0.10995809,0.17569472,0.03630484,0.17441909,0.108631626,0.031564683,0.002819165
0.0006244706,0.024929788,0.052447695,0.117716506,0.17188697,0.07490732,0.18726929,0.042173743,0.15682426,0.12461655,0.04302109,0.0035822834
0.6674558,0.14100069,0.11509674,0.011282379,0.0009759354,0.00329464,0.0046052933,0.004410324,0.0004847941,0.0043012397,0.0031823392,0.043909874
0.0014190467,0.03907377,0.051946536,0.124843895,0.13852434,0.053323004,0.20257625,0.07059609,0.13212724,0.117160745,0.051598024,0.016811155
0.945018,0.028112607,0.01266267,0.00074568664,4.504274e-05,0.00027366416,0.00063120987,0.0007807123,2.8902836e-05,0.0003305624,0.00035944802,0.011011452
0.004010419,0.42134762,0.33207673,0.037711985,0.0066394587,0.006612748,0.11461428,0.019126076,0.008255516,0.0075619905,0.0028068966,0.039236303
0.01614312,0.47577155,0.25828987,0.032409478,0.00459632,0.006620576,0.079168156,0.023882845,0.0040085535,0.008650416,0.00859848,0.08186054
0.00037732715,0.026831219,0.065837495,0.119273774,0.16455461,0.07850373,0.19843414,0.030361386,0.1755432,0.11117587,0.027920494,0.0011867556
0.001039832,0.27540553,0.23927996,0.065713584,0.046357412,0.03512837,0.18764368,0.043727305,0.051908538,0.034084704,0.011332412,0.008378705
0.00017012197,0.008945817,0.042094532,0.12842591,0.11427661,0.068246074,0.19147779,0.016768346,0.23981632,0.17093152,0.017758243,0.0010887671
0.0010569877,0.41887125,0.33616984,0.031762537,0.00914721,0.010398998,0.12863317,0.018465918,0.012921678,0.01041168,0.0024351662,0.01972559
0.0005731785,0.24449883,0.25276527,0.060097378,0.04439012,0.031192003,0.20034713,0.03757583,0.07297425,0.038996857,0.008136335,0.008452804
0.0005683097,0.044560663,0.10707343,0.16600439,0.11610485,0.08165606,0.1660328,0.047824018,0.11885973,0.11502164,0.031210866,0.005083146
0.00043890259,0.048431348,0.09204358,0.09251504,0.095625594,0.055088717,0.20035793,0.03438439,0.24353626,0.11367667,0.018034605,0.00586703
0.019617356,0.31323755,0.25038537,0.08866255,0.018812915,0.018987227,0.106921874,0.048498556,0.02275924,0.02011662,0.011651074,0.0803496
0.0012553898,0.28365535,0.28605682,0.06943215,0.035364576,0.028936941,0.17198604,0.04227283,0.03679567,0.026345475,0.0066973437,0.01120135
0.0027392837,0.458693,0.2749363,0.03753144,0.00694884,0.0060855565,0.12779473,0.018555924,0.010088325,0.0073722573,0.0023256105,0.04692873
0.0036079301,0.3854457,0.40498838,0.045958914,0.008723751,0.012214778,0.0834934,0.019052127,0.006282745,0.011094208,0.0049486095,0.014189512
0.0023719403,0.3300556,0.33601815,0.054350324,0.01864791,0.029725967,0.122864015,0.03618372,0.030242175,0.021786563,0.003761235,0.013992373
0.0016926886,0.2230319,0.16731384,0.097100474,0.055753537,0.036037654,0.20912632,0.05933812,0.052220356,0.047334164,0.020770004,0.030280873
0.00086324464,0.25431055,0.45909014,0.053300682,0.018570902,0.034170587,0.09466107,0.02731629,0.02307853,0.026518524,0.003350524,0.004768979
0.0013618068,0.402784,0.30395216,0.035101216,0.011133597,0.013275298,0.15629144,0.02452402,0.020396361,0.011142215,0.0019479254,0.018089985
0.0015694894,0.35216388,0.310975,0.048986405,0.015395229,0.01559962,0.15171796,0.029708184,0.022597028,0.016923092,0.0040717595,0.030292384
0.0039151325,0.41333824,0.31265938,0.050272275,0.0074161803,0.005926737,0.09803469,0.016767424,0.0064699226,0.009709154,0.0043551177,0.07113574
0.0006512951,0.419465,0.31960952,0.028419225,0.009144361,0.0064578285,0.13896449,0.014686833,0.01523427,0.009317236,0.001620599,0.036429435
0.0040705143,0.4953128,0.34211314,0.024203217,0.0036316114,0.0044207517,0.07021061,0.008931553,0.0032710636,0.0048082643,0.002371264,0.036655247
0.0012455292,0.037678514,0.052405506,0.1194103,0.13966289,0.05545749,0.2085484,0.06349382,0.14591365,0.11586365,0.047556367,0.012763803
0.00067387236,0.37456068,0.34496525,0.032795712,0.011550318,0.01234763,0.14816982,0.022019528,0.022077331,0.012954375,0.0015917583,0.016293822
0.0040012486,0.5150859,0.3787142,0.01546494,0.0014545999,0.0017495254,0.04669962,0.0037722434,0.0018775711,0.0018735777,0.0005816552,0.028724989
0.002768537,0.19455768,0.17105879,0.09732245,0.06357367,0.03702325,0.1959158,0.06740793,0.069377616,0.049703475,0.01608873,0.035202097
0.0016549464,0.36273596,0.38135836,0.048290703,0.008810755,0.008748928,0.11120739,0.018066084,0.010881072,0.011781339,0.002650141,0.033814296
0.0019173207,0.30658895,0.24282512,0.09929785,0.034674186,0.029514508,0.14232971,0.042670876,0.024643855,0.031132342,0.017957902,0.026447384
0.77433443,0.10137038,0.042492464,0.0049681193,0.00051231234,0.002009138,0.003947462,0.0070326393,0.00046186606,0.003190452,0.0026029877,0.057077765
0.00027995536,0.01272601,0.05446448,0.14085048,0.13574544,0.1012712,0.17661355,0.016885348,0.20781216,0.13776027,0.01480468,0.0007865229
0.0032273051,0.020513432,0.016063754,0.09355769,0.16618715,0.16249464,0.12932256,0.057822373,0.15109187,0.12046284,0.07409596,0.005160433
0.5573058,0.18671684,0.15574913,0.014441999,0.0013239558,0.006362865,0.008431659,0.010715455,0.0010452851,0.0057329205,0.0049507986,0.047223322
0.0046025743,0.36645123,0.18897553,0.056370933,0.018259749,0.010807168,0.17683731,0.050251514,0.013867682,0.015839767,0.014795633,0.08294095
0.00040635458,0.03650608,0.0776592,0.09549363,0.09302317,0.048962247,0.20165923,0.0340768,0.263008,0.121202745,0.021021554,0.0069810343
0.0017273051,0.4442287,0.2518029,0.03235588,0.00794734,0.006827433,0.17144072,0.024410434,0.011599618,0.007757311,0.0025502294,0.0373521
0.0022968554,0.24918957,0.26493204,0.07550807,0.046744227,0.055063706,0.15174805,0.0493691,0.052613974,0.034730356,0.010246209,0.0075578424
0.00039404593,0.17999326,0.34087786,0.07083803,0.042354494,0.04508822,0.15982358,0.034136534,0.07323739,0.04524484,0.0048411307,0.0031706053
0.001246339,0.42045254,0.37085357,0.026919268,0.006328565,0.008343532,0.11297265,0.016339412,0.012274924,0.0072397143,0.0009975638,0.016031967
0.003473909,0.32480666,0.17935286,0.06194397,0.022477375,0.017506007,0.21314284,0.068801545,0.024742402,0.022613227,0.018550681,0.042588532
0.0024969755,0.07849358,0.081431955,0.10053129,0.13070744,0.07938919,0.17433935,0.06523118,0.14802656,0.089684926,0.040922433,0.008745207
0.0030019134,0.41405,0.2688403,0.04417407,0.010556128,0.008035207,0.14459616,0.022994703,0.0140253445,0.011158761,0.0040986068,0.05446872
0.0017775265,0.37384677,0.2823428,0.051483843,0.013551279,0.008436859,0.15864122,0.023761332,0.013612869,0.013441027,0.0049719424,0.054132584
0.0020183101,0.08350047,0.051382776,0.2162387,0.13976946,0.05400816,0.11504563,0.07315896,0.03678617,0.08266758,0.12885971,0.016563954
0.0008683367,0.40223452,0.4296581,0.021100251,0.0053897314,0.007781479,0.09402522,0.012754553,0.010321899,0.0056842063,0.0006375131,0.009544179
0.0029943602,0.3272071,0.33807713,0.06231843,0.018602878,0.022170488,0.13028257,0.03560051,0.020529496,0.019455463,0.0058144806,0.016947174
0.00089707575,0.046781518,0.03824344,0.15589926,0.1913716,0.046039697,0.15542036,0.059406158,0.059703857,0.091449045,0.14830936,0.0064787483
0.0012304542,0.39964095,0.27363572,0.036223575,0.0135837775,0.011497575,0.16151163,0.023138173,0.024226101,0.013670391,0.0029044454,0.03873723
0.0014397128,0.30941787,0.32059807,0.062685736,0.026151268,0.02737998,0.1398182,0.037829805,0.026393149,0.026292264,0.0076964847,0.0142973345
0.0039723585,0.45762044,0.2731307,0.04446069,0.010207276,0.010832222,0.11526874,0.027115783,0.00769152,0.0111217145,0.007366763,0.031211862
0.9463285,0.026653972,0.014598187,0.0007375487,4.628286e-05,0.0002856869,0.00058452226,0.0006626639,2.5495696e-05,0.0003218104,0.00033823293,0.0094170105
0.0015927068,0.29111528,0.23378052,0.070762284,0.027862359,0.01941087,0.15398443,0.035135403,0.03966034,0.0324922,0.00722076,0.08698283
0.0023791543,0.16277513,0.1084194,0.114130385,0.07872156,0.036335353,0.21559966,0.08623222,0.063701145,0.061119054,0.042258352,0.02832869
0.0014332577,0.053447537,0.07117368,0.13467397,0.13855241,0.07766715,0.16872354,0.0680545,0.11424912,0.1127602,0.042201422,0.017063271
0.0035811614,0.43809158,0.30921715,0.0364105,0.00789152,0.009299781,0.12143668,0.022159517,0.010075251,0.009427965,0.0035533586,0.028855542
0.00032423952,0.01588582,0.065228075,0.14595854,0.14077803,0.10938269,0.16698536,0.022628466,0.17924242,0.13599801,0.01661412,0.0009741793
0.0004318394,0.035322595,0.05671259,0.12027407,0.18720293,0.056589037,0.2206694,0.04201194,0.13117374,0.098966986,0.048272174,0.0023727284
0.0007194168,0.026920613,0.020619491,0.13035144,0.19163649,0.040129144,0.16226101,0.06727663,0.07946717,0.114059135,0.16084287,0.005716586
0.0006329982,0.282194,0.3772433,0.05111751,0.01806669,0.013792795,0.1444766,0.023863103,0.029939672,0.023132712,0.0027025826,0.032837994
0.002120948,0.35502195,0.25846198,0.055420417,0.01748551,0.013550902,0.1663581,0.030671008,0.022179639,0.018049493,0.0057466812,0.054933432
0.0023728118,0.48838633,0.4031042,0.016610077,0.002070527,0.0023276454,0.05367702,0.004573274,0.002951632,0.0025312789,0.00057517004,0.020820048
0.003803333,0.05574151,0.050868224,0.1314976,0.10000006,0.04127608,0.1301649,0.15439314,0.061747797,0.11842652,0.11238372,0.039697096
0.011396718,0.4223012,0.27246103,0.03770579,0.004278565,0.0038383033,0.07182575,0.015314358,0.0035664353,0.007879653,0.0046420847,0.1447901
0.0005283584,0.018078735,0.01651877,0.13422774,0.20225464,0.0388256,0.1601366,0.06324602,0.08290606,0.12377271,0.15452784,0.004976983
0.00057003193,0.029433526,0.08395136,0.15483215,0.13173461,0.0961816,0.15859316,0.045570705,0.13746038,0.12905338,0.028488206,0.0041309767
0.0012496572,0.113117084,0.103416085,0.16635074,0.13032216,0.050934702,0.16213992,0.067415945,0.051934104,0.07254686,0.07155969,0.009013085
0.00037222018,0.032227963,0.090848066,0.10845912,0.10758513,0.067165926,0.18717901,0.029622639,0.22663634,0.12882426,0.017792732,0.003286535
0.0010895,0.32476577,0.3389308,0.050492343,0.022947293,0.030405007,0.13453604,0.033973884,0.028619379,0.022506913,0.0043471227,0.007386
0.00030842228,0.3059669,0.32953048,0.034331147,0.020409448,0.013549896,0.17218785,0.025099378,0.061883863,0.019867942,0.00140161,0.015463093
0.0012615743,0.036239773,0.049667936,0.12372388,0.13811554,0.051185735,0.2058764,0.06914778,0.13372299,0.12096076,0.054996144,0.01510149
0.0011525694,0.47432202,0.39312825,0.016188294,0.0028357506,0.003568909,0.07803035,0.0072184037,0.0044024293,0.0033031877,0.0005672226,0.015282622
0.006014106,0.026454628,0.02037571,0.07880528,0.17832205,0.16265519,0.120704666,0.08219874,0.12212844,0.103881165,0.08641649,0.012043553
0.0012074163,0.40093818,0.3123069,0.03977475,0.010326224,0.007872893,0.12615916,0.016416837,0.014219858,0.012131634,0.0026314713,0.056014594
0.0016556,0.49727038,0.38073212,0.016228119,0.0024226042,0.002879454,0.06718533,0.0057813376,0.0034968955,0.002867744,0.00061574276,0.01886475
0.003055282,0.39747435,0.24551898,0.049793072,0.013064336,0.009355883,0.15968075,0.028323704,0.01739258,0.012457771,0.0044590305,0.059424322
0.0014211201,0.0779225,0.124492586,0.11386577,0.09794753,0.09634339,0.15912832,0.05613947,0.14214782,0.09985951,0.018924033,0.01180786
0.0014393951,0.041268546,0.05403587,0.12500459,0.1377898,0.052791383,0.20392433,0.07071972,0.13153833,0.11452803,0.049944602,0.017015481
0.00037376225,0.26138645,0.44543174,0.050293554,0.02003563,0.023911819,0.11686874,0.026414925,0.022158926,0.024888486,0.0033414979,0.0048945644
0.0027274555,0.46200162,0.29391098,0.03592735,0.0055907182,0.0045469236,0.11212294,0.015547678,0.005891725,0.006518225,0.0027147424,0.052499633
0.0003532637,0.01956611,0.067924045,0.14875242,0.12543769,0.07198432,0.18144926,0.033189192,0.15695803,0.15574068,0.035360944,0.0032840774
0.0005983867,0.0343031,0.06349278,0.09730924,0.1099971,0.052607346,0.2046892,0.0418995,0.23821585,0.12381612,0.025128031,0.007943337
0.00095137826,0.08901369,0.094210185,0.13847308,0.14076598,0.056099784,0.18902743,0.06559173,0.078288235,0.08086068,0.060391027,0.0063268645
0.001624244,0.04842348,0.03884679,0.13126203,0.123886034,0.039126135,0.1757216,0.11250336,0.0753007,0.115565486,0.116506524,0.02123365
0.0025141924,0.15743871,0.09248398,0.14908496,0.073315464,0.034009453,0.18456641,0.09633438,0.04737506,0.058651984,0.04856638,0.05565903
0.86047304,0.065869816,0.03459032,0.002407336,0.00021691536,0.00075707934,0.0015215187,0.002123886,0.00012519138,0.0012563183,0.00092692854,0.029731635
0.0042862426,0.42816177,0.26039523,0.061495226,0.015342264,0.015582162,0.115695745,0.033054374,0.0102344975,0.015186738,0.010922742,0.029643107
0.80924636,0.093614124,0.052379247,0.0027611551,0.00021189326,0.0010294213,0.0023841937,0.0024144049,0.00016625253,0.0014703328,0.0011171971,0.033205543
0.0034577476,0.2963302,0.33253536,0.065008536,0.02769149,0.048802383,0.11246335,0.04076537,0.0366424,0.022998754,0.006058931,0.0072455523
0.0023657414,0.38477966,0.22527875,0.059645567,0.022090847,0.016209101,0.17571665,0.042647168,0.01753177,0.017279891,0.011498783,0.024956118
0.0016562706,0.3227185,0.2038242,0.08364209,0.04176563,0.026525063,0.18077797,0.05297629,0.026225794,0.026409099,0.021063983,0.012415042
0.00041778912,0.028794037,0.066579744,0.115791395,0.1624376,0.07482328,0.19926979,0.034026127,0.17437996,0.11403082,0.027464597,0.0019849006
0.0020151392,0.5090697,0.30442598,0.02326757,0.0038027056,0.003744484,0.09754798,0.0109012425,0.0045289574,0.004463646,0.001587136,0.03464551
0.0015517705,0.48330596,0.40072945,0.016155863,0.0024284262,0.0030964946,0.063776985,0.0056735426,0.0034870962,0.0030136397,0.00061796553,0.016162856
0.0017467823,0.29408824,0.21905984,0.060862817,0.03348382,0.025618885,0.21110965,0.048851848,0.047329772,0.02642679,0.007910053,0.023511518
0.00064317737,0.08837229,0.13238195,0.12760754,0.13591324,0.059554547,0.1869862,0.051241234,0.102589026,0.07763979,0.034374125,0.0026969544
0.00037630764,0.042303275,0.120856084,0.14654477,0.11628533,0.08326965,0.17259867,0.03811221,0.14070562,0.113550805,0.02345637,0.0019409574
0.0015182187,0.042635728,0.05400087,0.12141592,0.1422263,0.058347356,0.19801137,0.06913085,0.13754681,0.11217924,0.047633324,0.015354011
0.0039842655,0.34082425,0.37573275,0.065735325,0.01393746,0.020198625,0.09771802,0.028280638,0.012524792,0.01728424,0.00672843,0.01705128
0.0011051085,0.40056017,0.30703044,0.032466058,0.012027146,0.012408731,0.14370267,0.022055447,0.02833151,0.012132726,0.0013946545,0.026785353
0.005161988,0.42398188,0.33166978,0.0290758,0.005806165,0.0073178513,0.12231419,0.022644201,0.007481758,0.007209114,0.0035110633,0.033826113
0.0041076504,0.3891461,0.304627,0.047466487,0.011510414,0.01393558,0.13855222,0.033536293,0.015542673,0.012560989,0.0044020438,0.024612585
0.0010899175,0.15083137,0.14062794,0.096085176,0.08462772,0.04713162,0.21621394,0.051200368,0.10699533,0.066487335,0.026562538,0.012146827
0.0027928704,0.01752871,0.014718444,0.09541341,0.16936249,0.16940197,0.13623504,0.049909826,0.15509425,0.11911925,0.06663543,0.003788362
0.0031116335,0.01937847,0.016081186,0.09628479,0.16666411,0.16229123,0.12930247,0.054642685,0.15262751,0.121715486,0.07333654,0.004564008
0.00053291256,0.028704809,0.09340919,0.16523889,0.11055505,0.08041766,0.1739868,0.042468626,0.12331264,0.1434501,0.030740112,0.007183162
0.0017070489,0.40434584,0.33471617,0.038478255,0.008985374,0.00902194,0.12682018,0.020248586,0.015736178,0.009395181,0.0015541745,0.028991126
0.004480294,0.46993798,0.25100425,0.032335978,0.005294694,0.004892235,0.12543519,0.021910198,0.0059337406,0.0063527836,0.003986007,0.06843661
0.0022501366,0.26883137,0.24595053,0.07797747,0.031070692,0.02608956,0.1483758,0.040313207,0.04592395,0.038134612,0.0073177256,0.06776495
0.00095481897,0.026374385,0.05239536,0.10582719,0.12050087,0.067614146,0.17537399,0.049483698,0.19788893,0.15768863,0.03530884,0.010589071
0.00039230482,0.033794746,0.06107972,0.12568113,0.17711906,0.057712536,0.21055083,0.039964452,0.13567969,0.10634866,0.049641546,0.002035334
0.0004884632,0.039051853,0.061019544,0.12489231,0.17675702,0.061806526,0.20559038,0.046791457,0.1271723,0.10299304,0.050474387,0.0029626507
0.0006552171,0.054548435,0.07490086,0.11619506,0.15761329,0.053779073,0.2205121,0.05328877,0.12070348,0.09407766,0.04826156,0.0054645143
0.0032768422,0.064581186,0.06187553,0.12028087,0.13003299,0.10043333,0.1432956,0.0798714,0.1278183,0.09790832,0.056376655,0.01424908
0.0011861919,0.46561345,0.40807343,0.016122784,0.0026575546,0.0034591865,0.07422368,0.0068536135,0.003960387,0.0031810468,0.0005700026,0.014098726
0.0007048753,0.03754889,0.058384757,0.08614286,0.12966944,0.09644861,0.22667862,0.021339513,0.25431317,0.07344341,0.013781399,0.0015443352
0.0004831352,0.034709767,0.0540756,0.12969121,0.18914065,0.061164476,0.20598076,0.048204347,0.11836925,0.101468086,0.054024044,0.0026886945
0.0014738471,0.11770997,0.11738295,0.13208081,0.12531212,0.0648739,0.17412639,0.067023225,0.07610779,0.07143796,0.045961704,0.006509364
0.0033365842,0.09831443,0.094395496,0.119438365,0.10582798,0.088411525,0.15179984,0.06779779,0.10872723,0.09348021,0.04973287,0.018737659
0.0002962075,0.012852154,0.04936575,0.13170488,0.138188,0.09723331,0.1777968,0.01870095,0.21361229,0.14202085,0.017282015,0.0009468521
0.0027426518,0.28240895,0.17231905,0.09098887,0.04862642,0.027370127,0.18871269,0.069820665,0.031215549,0.03299732,0.03242223,0.020375486
0.0013365193,0.056545507,0.062352072,0.14494626,0.16168208,0.07672256,0.168253,0.07353377,0.09539434,0.09454304,0.055307083,0.009383783
0.002123125,0.41283998,0.20541908,0.06949782,0.026157074,0.01656983,0.1475874,0.035234857,0.011038987,0.018771254,0.024592154,0.030168472
0.00083183864,0.27446267,0.25647622,0.05657106,0.030698452,0.025094487,0.18310921,0.03885855,0.066469364,0.03552619,0.003781079,0.028120859
0.00462821,0.44420138,0.26749542,0.043382354,0.0078548435,0.0062139183,0.11375426,0.021233924,0.005537618,0.008809466,0.005879367,0.0710093
0.0021904497,0.3840803,0.21690747,0.060219422,0.02344069,0.016717808,0.1798945,0.043619324,0.018525349,0.017840724,0.012764782,0.02379909
0.0013175837,0.055496067,0.03513214,0.18471493,0.17450938,0.04850839,0.12780969,0.066785805,0.04241094,0.0880843,0.16460869,0.010622169
0.0008752039,0.07178211,0.11000242,0.11569526,0.12339043,0.08546808,0.18200122,0.052100394,0.13986084,0.09323486,0.01951143,0.006077624
0.0025848148,0.39679116,0.3291324,0.04395483,0.009940605,0.012502922,0.12955703,0.024790162,0.0137031,0.011725056,0.00327321,0.022044688
0.96220803,0.018718667,0.009131566,0.0005410423,3.3212258e-05,0.00019349357,0.00043978015,0.0005092719,1.710715e-05,0.00023236773,0.00026051715,0.0077150003
0.0010816625,0.0530216,0.02654094,0.16049626,0.16668963,0.03507071,0.123055376,0.063024916,0.03332684,0.08678683,0.24182373,0.009081519
0.0007335599,0.050012343,0.111530825,0.179676,0.11621948,0.090066135,0.15842867,0.054985818,0.097856805,0.101360336,0.033381045,0.0057489895
0.22811757,0.33326602,0.26449397,0.025654797,0.0026400369,0.007608942,0.020696538,0.014314767,0.0025245377,0.00872533,0.0075500896,0.08440743
0.0007305965,0.034733266,0.05462964,0.088069655,0.13153552,0.091738485,0.2255778,0.023126835,0.25392213,0.078198306,0.01601259,0.0017251634
0.0031744086,0.39964825,0.2575711,0.04078203,0.011369218,0.011571641,0.17377041,0.037722405,0.015846776,0.011995751,0.0049853157,0.031562697
0.00028666345,0.012042122,0.04835777,0.13609853,0.143184,0.09631395,0.17984802,0.017794035,0.20786835,0.14006792,0.017352952,0.00078570016
0.0071318806,0.46607846,0.17689575,0.043504898,0.011005884,0.009389146,0.11806084,0.035125468,0.007759688,0.013240221,0.02011848,0.09168937
0.0017259209,0.4847191,0.24443437,0.03439972,0.0070124343,0.0044873073,0.109868795,0.012363041,0.005883072,0.007873119,0.0037529878,0.08348016
0.0012303907,0.3577991,0.250787,0.050814703,0.018988451,0.013186005,0.16920139,0.028827045,0.0320696,0.018022694,0.0031977212,0.055875845
0.0045194286,0.46032625,0.3276894,0.031282347,0.0059065106,0.006935195,0.0948538,0.015318011,0.006290063,0.007195788,0.0033883029,0.0362949
0.0027183099,0.29664105,0.25389135,0.08455757,0.03571687,0.03307011,0.15553355,0.051199745,0.031501982,0.028684698,0.012188343,0.01429649
0.0002535552,0.021138841,0.09038036,0.13116224,0.11058217,0.06909761,0.18613389,0.023975475,0.20684135,0.1384234,0.020453878,0.0015572272
0.0013998874,0.023934998,0.042491622,0.09797265,0.11684976,0.06040361,0.1798496,0.06417585,0.17413735,0.17086089,0.05039344,0.01753038
0.00050132227,0.23036352,0.35328698,0.054046586,0.034300506,0.04323549,0.14613354,0.030050948,0.06729423,0.03451307,0.0028828725,0.0033909369
0.0009098389,0.35052857,0.2602952,0.03913711,0.02009669,0.015539394,0.19229302,0.030237073,0.04145786,0.017440142,0.0026750236,0.029390037
0.92259616,0.038000427,0.017254498,0.0012838979,0.00010438632,0.00046913477,0.000995378,0.0014764776,6.4812404e-05,0.0006407165,0.0005915292,0.016522674
0.0018361545,0.0435107,0.05471209,0.12863667,0.13299419,0.051230177,0.19074087,0.079119705,0.12001507,0.11928078,0.05339989,0.024523586
0.0018962027,0.35248804,0.31078935,0.05865038,0.021197887,0.024038548,0.13917796,0.03621765,0.021375382,0.018126624,0.0057220487,0.01032003
0.0010637686,0.38817534,0.33514127,0.031287212,0.011773939,0.013225764,0.13396211,0.021560738,0.028491095,0.012342849,0.0012483457,0.021727616
0.96330214,0.018436031,0.008562616,0.00046851253,2.8036095e-05,0.00015982172,0.00041222616,0.00048605772,1.48986055e-05,0.00020952607,0.00022236606,0.0076978444
0.0011719153,0.3204354,0.36935204,0.049954366,0.013985122,0.015266374,0.14050996,0.028746242,0.021179752,0.016467558,0.0025210127,0.020410312
0.0024611733,0.088949375,0.06301876,0.13730292,0.09844591,0.038487356,0.17753933,0.12740575,0.065879285,0.09024169,0.0772414,0.033027053
0.0007101027,0.05643573,0.10456699,0.13474327,0.102199376,0.06164385,0.1932371,0.049157914,0.12835889,0.12110484,0.031248363,0.016593646
0.0016175116,0.076592885,0.07998743,0.11755278,0.12527739,0.07304421,0.18240306,0.0751541,0.11496995,0.09524714,0.042767733,0.015385749
0.00069799135,0.059761114,0.08440881,0.12124434,0.15395421,0.061627842,0.20788164,0.054296177,0.11706139,0.091647,0.042600475,0.0048189736
0.0010486953,0.31809953,0.35024068,0.051823862,0.026999652,0.030982792,0.13146448,0.03280578,0.025615796,0.02032249,0.0058233407,0.004772949
0.0012622186,0.46137515,0.38291177,0.01970749,0.003690614,0.004650492,0.09149497,0.010462452,0.0064693177,0.0038262184,0.0006342865,0.013515043
0.00080985914,0.11483505,0.13790458,0.10422758,0.093773924,0.04223883,0.22036825,0.048612155,0.12249914,0.07500943,0.027474454,0.012246644
0.00037907492,0.026925094,0.04806939,0.12731573,0.20047344,0.056014627,0.2190565,0.040387016,0.12533127,0.100235924,0.053753596,0.0020582585
0.0012731769,0.10729899,0.09238648,0.16620615,0.12882155,0.0506519,0.16349077,0.06721394,0.051966,0.07564384,0.08440872,0.010638509
0.0029701036,0.4465271,0.35311362,0.03352353,0.0050280048,0.0046743047,0.084701486,0.011183629,0.0063521937,0.0062246877,0.0017687733,0.043932624
0.003849384,0.37979814,0.19221951,0.05011591,0.015857767,0.0093947975,0.18428387,0.04255334,0.014132154,0.013651219,0.010838762,0.08330518
0.0013208031,0.08700618,0.10483086,0.108983636,0.12216842,0.0833317,0.18536343,0.05910884,0.12941505,0.08344778,0.026272941,0.008750392
0.0012859625,0.039508868,0.0528189,0.12174794,0.14393796,0.05641089,0.20580621,0.06503117,0.14019129,0.11207392,0.048038624,0.013148216
0.00085770054,0.3072614,0.32676277,0.05222942,0.01990089,0.015542123,0.15576105,0.02739622,0.030901123,0.022803042,0.0036755414,0.036908727
