

----------------------------------------------------------------------------
Training CatBoost Vesion 1 with Dataset: config/sat11.yml 



----------------------------------------------------------------------------
Running Mode: Nested CV with Hyperparameter Optimization
Arguements: Namespace(batch_size=128, bin_alt=None, cat_dims=[2], cat_idx=[0], config='config/sat11.yml', data_parallel=False, dataset='SAT11', direction='minimize', dropna_idx=[116], early_stopping_rounds=20, epochs=100, frequency_reg=False, gpu_ids=[0, 1], logging_period=100, miss_cat_idx=None, miss_num_idx=None, model_name='CatBoost', n_trials=5, nominal_idx=[115], num_bins=10, num_classes=1, num_features=117, num_idx=None, num_splits=5, objective='probabilistic_regression', one_hot_encode=True, optimize_hyperparameters=True, ordinal_encode=False, ordinal_idx=None, outer_splits=2, save_results=False, scale=True, seed=221, shuffle=True, target_encode=False, use_gpu=True, val_batch_size=256, weighted_loss=False, y_distribution='bimodial')
--- Running Nested Cross-Validation with Hyperparameter Optimization ---
Loading dataset SAT11...
Dataset loaded! 

(1725, 116)
--- Starting Nested Cross-Validation (2 Outer Folds, 5 Inner Folds) ---
Hyperparameter Optimization per Outer Fold: True

--- Outer Fold 1/2 ---
Starting Hyperparameter Optimization for Outer Fold 1...
  outer_1_inner Fold 1/5
Before Debugging -- Inner Fold 1
DEBUG Inner Fold 1: num_features: 116
DEBUG Inner Fold 1: num_classes: 1
DEBUG Inner Fold 1: cat_idx: [0]
DEBUG Inner Fold 1: nominal_idx: [115]
DEBUG Inner Fold 1: ordinal_idx: None
DEBUG Inner Fold 1: num_idx: None
DEBUG Inner Fold 1: cat_dims: [2]
DEBUG Inner Fold 1: bin_alt: None
~~~~~~~~~~~~~~~~~~~~~~~~~~~~~~~~~~~~~~~~~~~~~~~~~~~~~~~~~~~~~~~~~~~~~~~~~~~~~~~
BEFORE ANY ENCODING
num_features :116
num_classes : 1
cat_idx : [0]
nominal_idx : [115]
ordinal_idx : None
num_idx : None
cat_dims : [2]
bin_alt : None 


X_train shape : (551, 116)
~~~~~~~~~~~~~~~~~~~~~~~~~~~~~~~~~~~~~~~~~~~~~~~~~~~~~~~~~~~~~~~~~~~~~~~~~~~~~~~
~~~~~~~~~~~~~~~~~~~~~~~~~~~~~~~~~~~~~~~~~~~~~~~~~~~~~~~~~~~~~~~~~~~~~~~~~~~~~~~
AFTER getting cat idx
Nominal Index : [115]
Ordinal Index : None
Cat Idx : [0]
Cat dims : [2]
~~~~~~~~~~~~~~~~~~~~~~~~~~~~~~~~~~~~~~~~~~~~~~~~~~~~~~~~~~~~~~~~~~~~~~~~~~~~~~~
BEFORE getting cat idx
Nominal Index : [115]
Ordinal Index : None
Cat Idx : [115]
Cat dims : []
No one Hot for this Baby!!! 

~~~~~~~~~~~~~~~~~~~~~~~~~~~~~~~~~~~~~~~~~~~~~~~~~~~~~~~~~~~~~~~~~~~~~~~~~~~~~~~ 


AFTER SEPARATING CATEGORICALS AND NUMERICALS
Ordinal Index : None
Numerical Index V1 : [0, 1, 2, 3, 4, 5, 6, 7, 8, 9, 10, 11, 12, 13, 14, 15, 16, 17, 18, 19, 20, 21, 22, 23, 24, 25, 26, 27, 28, 29, 30, 31, 32, 33, 34, 35, 36, 37, 38, 39, 40, 41, 42, 43, 44, 45, 46, 47, 48, 49, 50, 51, 52, 53, 54, 55, 56, 57, 58, 59, 60, 61, 62, 63, 64, 65, 66, 67, 68, 69, 70, 71, 72, 73, 74, 75, 76, 77, 78, 79, 80, 81, 82, 83, 84, 85, 86, 87, 88, 89, 90, 91, 92, 93, 94, 95, 96, 97, 98, 99, 100, 101, 102, 103, 104, 105, 106, 107, 108, 109, 110, 111, 112, 113, 114]
Cat Idx V1 : [115] 
Cat Dims V1 : [15]
 

~~~~~~~~~~~~~~~~~~~~~~~~~~~~~~~~~~~~~~~~~~~~~~~~~~~~~~~~~~~~~~~~~~~~~~~~~~~~~~~ 


Scaling the data...
~~~~~~~~~~~~~~~~~~~~~~~~~~~~~~~~~~~~~~~~~~~~~~~~~~~~~~~~~~~~~~~~~~~~~~~~~~~~~~~
After OHE
Numerical Index V2 : [0, 1, 2, 3, 4, 5, 6, 7, 8, 9, 10, 11, 12, 13, 14, 15, 16, 17, 18, 19, 20, 21, 22, 23, 24, 25, 26, 27, 28, 29, 30, 31, 32, 33, 34, 35, 36, 37, 38, 39, 40, 41, 42, 43, 44, 45, 46, 47, 48, 49, 50, 51, 52, 53, 54, 55, 56, 57, 58, 59, 60, 61, 62, 63, 64, 65, 66, 67, 68, 69, 70, 71, 72, 73, 74, 75, 76, 77, 78, 79, 80, 81, 82, 83, 84, 85, 86, 87, 88, 89, 90, 91, 92, 93, 94, 95, 96, 97, 98, 99, 100, 101, 102, 103, 104, 105, 106, 107, 108, 109, 110, 111, 112, 113, 114] 


OHE Idx : [115]


Ordinal Idx V2: None


Cat Dims V2 : [15]
Cat Idx V2 : [115] 
 

Train: [[-0.22844486158406418 -0.334983681707313 -0.23503970891989098
  -0.2961889834993776 -0.1431874747929448]
 [-0.24546933608854254 -0.3447784496183971 -0.2761493875790006
  -0.30666475455409425 -0.1431874747929448]
 [6.30054366795872 3.052112909124807 7.524783610986986 3.1465249869558574
  0.04017358245189094]
 [-0.2469051351431371 -0.346589247047337 -0.2796164689116966
  -0.30860145172387377 -0.1431874747929448]
 [0.5612446184429446 0.060702992840740426 0.6654108429145829
  0.08399053970764934 0.04543548101997116]
 [-0.1357332654873868 0.015131257545752437 -0.08075458961491926
  0.07002284496802717 -0.08353472674052533]
 [-0.23716221298695972 -0.3310328509532623 -0.25633749424930924
  -0.2920221501947004 -0.14184515372965906]
 [-0.22844486158406418 -0.2553085948339565 -0.23503970891989098
  -0.21097430802907766 -0.1431874747929448]
 [-0.1987033097388911 -0.22622609067219418 -0.16322159559975968
  -0.1798697777265577 -0.1431874747929448]
 [-0.21224084368221127 -0.27668149176038376 -0.19591121959375046
  -0.23383320341177866 -0.1431874747929448]] 
 
 
Val : (551, 116) 
 

~~~~~~~~~~~~~~~~~~~~~~~~~~~~~~~~~~~~~~~~~~~~~~~~~~~~~~~~~~~~~~~~~~~~~~~~~~~~~~~
Cat Idx V3 : [115] 
 

~~~~~~~~~~~~~~~~~~~~~~~~~~~~~~~~~~~~~~~~~~~~~~~~~~~~~~~~~~~~~~~~~~~~~~~~~~~~~~~
After ORDINAL
Numerical Index V2 : [0, 1, 2, 3, 4, 5, 6, 7, 8, 9, 10, 11, 12, 13, 14, 15, 16, 17, 18, 19, 20, 21, 22, 23, 24, 25, 26, 27, 28, 29, 30, 31, 32, 33, 34, 35, 36, 37, 38, 39, 40, 41, 42, 43, 44, 45, 46, 47, 48, 49, 50, 51, 52, 53, 54, 55, 56, 57, 58, 59, 60, 61, 62, 63, 64, 65, 66, 67, 68, 69, 70, 71, 72, 73, 74, 75, 76, 77, 78, 79, 80, 81, 82, 83, 84, 85, 86, 87, 88, 89, 90, 91, 92, 93, 94, 95, 96, 97, 98, 99, 100, 101, 102, 103, 104, 105, 106, 107, 108, 109, 110, 111, 112, 113, 114] 


OHE Idx : [115]


Ordinal Idx V2: None


Cat Dims V2 : [15, 16]
Cat Idx V2 : [115] 
 

Train: [[-0.22844486158406418 -0.334983681707313 -0.23503970891989098 ...
  0.2371402294236602 0.2574573022866611 1.0]
 [-0.24546933608854254 -0.3447784496183971 -0.2761493875790006 ...
  0.9115584851385261 0.5718344619314297 12.0]
 [6.30054366795872 3.052112909124807 7.524783610986986 ...
  -1.8670857264769773 -3.2376487687563995 5.0]
 ...
 [-0.22844486158406418 -0.2553085948339565 -0.23503970891989098 ...
  -0.1154431747798561 -0.29210277068014784 9.0]
 [-0.1987033097388911 -0.22622609067219418 -0.16322159559975968 ...
  -0.8633163063704546 -1.1550800730332687 14.0]
 [-0.21224084368221127 -0.27668149176038376 -0.19591121959375046 ...
  1.103907764757305 0.731182884835343 6.0]] 
 
 
Val : (551, 116) 
 

FINISHED ENCODING
~~~~~~~~~~~~~~~~~~~~~~~~~~~~~~~~~~~~~~~~~~~~~~~~~~~~~~~~~~~~~~~~~~~~~~~~~~~~~~~


~~~~~~~~~~~~~~~~~~~~~~~~~~~~~~~~~~~~~~~~~~~~~~~~~~~~~~~~~~~~~~~~~~~~~~~~~~~~~~~
Test numpy array issues
X dtype: object
X Val dtype: object
X dtype: float32
X Val dtype: float32
Make Multiclass
Number of bins: 5
Number of Classes B4 Bin Verifier: 5
Unique values in y: (array([0., 1.]), 2)
Unique values in y_val: (array([0., 1.]), 2)
WE ARE IN THE GUTTERS!!!!!
Final Train Labels Length: 2
Final Test Labels Length: 2
Final Num Classes: 2
Final Bin Labels: [0, 1]
VERIFY SHIFT
Y shape : (551,) , Y_val shape : (138,)
Train after shift : [0 1], Length : 2
Number of Classes After Bin Verifier: 2 


After Debugging -- Inner Fold 1
DEBUG Inner Fold 1: num_features: 116
DEBUG Inner Fold 1: num_classes: 2
DEBUG Inner Fold 1: cat_idx: [115]
DEBUG Inner Fold 1: nominal_idx: [115]
DEBUG Inner Fold 1: ordinal_idx: None
DEBUG Inner Fold 1: num_idx: [0, 1, 2, 3, 4, 5, 6, 7, 8, 9, 10, 11, 12, 13, 14, 15, 16, 17, 18, 19, 20, 21, 22, 23, 24, 25, 26, 27, 28, 29, 30, 31, 32, 33, 34, 35, 36, 37, 38, 39, 40, 41, 42, 43, 44, 45, 46, 47, 48, 49, 50, 51, 52, 53, 54, 55, 56, 57, 58, 59, 60, 61, 62, 63, 64, 65, 66, 67, 68, 69, 70, 71, 72, 73, 74, 75, 76, 77, 78, 79, 80, 81, 82, 83, 84, 85, 86, 87, 88, 89, 90, 91, 92, 93, 94, 95, 96, 97, 98, 99, 100, 101, 102, 103, 104, 105, 106, 107, 108, 109, 110, 111, 112, 113, 114]
DEBUG Inner Fold 1: cat_dims: [15, 16]
DEBUG Inner Fold 1: bin_alt: [0, 1]
**** Data b4 Fitting ****


----------------------------------------------------------------------------
Training CatBoost Vesion 1 with Dataset: config/diamonds.yml 



----------------------------------------------------------------------------
Running Mode: Nested CV with Hyperparameter Optimization
Arguements: Namespace(batch_size=128, bin_alt=None, cat_dims=[2], cat_idx=[0], config='config/diamonds.yml', data_parallel=False, dataset='Diamonds', direction='minimize', dropna_idx=None, early_stopping_rounds=20, epochs=100, frequency_reg=False, gpu_ids=[0, 1], logging_period=100, miss_cat_idx=None, miss_num_idx=None, model_name='CatBoost', n_trials=5, nominal_idx=None, num_bins=10, num_classes=1, num_features=9, num_idx=None, num_splits=5, objective='probabilistic_regression', one_hot_encode=False, optimize_hyperparameters=True, ordinal_encode=True, ordinal_idx=[1, 2, 3], outer_splits=2, save_results=False, scale=True, seed=221, shuffle=True, target_encode=False, use_gpu=True, val_batch_size=256, weighted_loss=False, y_distribution='normal')
--- Running Nested Cross-Validation with Hyperparameter Optimization ---
Loading dataset Diamonds...
Dataset loaded! 

(53940, 9)
--- Starting Nested Cross-Validation (2 Outer Folds, 5 Inner Folds) ---
Hyperparameter Optimization per Outer Fold: True

--- Outer Fold 1/2 ---
Starting Hyperparameter Optimization for Outer Fold 1...
  outer_1_inner Fold 1/5
Before Debugging -- Inner Fold 1
DEBUG Inner Fold 1: num_features: 9
DEBUG Inner Fold 1: num_classes: 1
DEBUG Inner Fold 1: cat_idx: [0]
DEBUG Inner Fold 1: nominal_idx: None
DEBUG Inner Fold 1: ordinal_idx: [1, 2, 3]
DEBUG Inner Fold 1: num_idx: None
DEBUG Inner Fold 1: cat_dims: [2]
DEBUG Inner Fold 1: bin_alt: None
~~~~~~~~~~~~~~~~~~~~~~~~~~~~~~~~~~~~~~~~~~~~~~~~~~~~~~~~~~~~~~~~~~~~~~~~~~~~~~~
BEFORE ANY ENCODING
num_features :9
num_classes : 1
cat_idx : [0]
nominal_idx : None
ordinal_idx : [1, 2, 3]
num_idx : None
cat_dims : [2]
bin_alt : None 


X_train shape : (17260, 9)
~~~~~~~~~~~~~~~~~~~~~~~~~~~~~~~~~~~~~~~~~~~~~~~~~~~~~~~~~~~~~~~~~~~~~~~~~~~~~~~
~~~~~~~~~~~~~~~~~~~~~~~~~~~~~~~~~~~~~~~~~~~~~~~~~~~~~~~~~~~~~~~~~~~~~~~~~~~~~~~
AFTER getting cat idx
Nominal Index : None
Ordinal Index : [1, 2, 3]
Cat Idx : [0]
Cat dims : [2]
~~~~~~~~~~~~~~~~~~~~~~~~~~~~~~~~~~~~~~~~~~~~~~~~~~~~~~~~~~~~~~~~~~~~~~~~~~~~~~~
BEFORE getting cat idx
Nominal Index : None
Ordinal Index : [1, 2, 3]
Cat Idx : [1, 2, 3]
Cat dims : []
No one Hot for this Baby!!! 

~~~~~~~~~~~~~~~~~~~~~~~~~~~~~~~~~~~~~~~~~~~~~~~~~~~~~~~~~~~~~~~~~~~~~~~~~~~~~~~ 


AFTER SEPARATING CATEGORICALS AND NUMERICALS
Ordinal Index : [1, 2, 3]
Numerical Index V1 : [0, 4, 5, 6, 7, 8]
Cat Idx V1 : [1, 2, 3] 
Cat Dims V1 : [5, 7, 8]
 

~~~~~~~~~~~~~~~~~~~~~~~~~~~~~~~~~~~~~~~~~~~~~~~~~~~~~~~~~~~~~~~~~~~~~~~~~~~~~~~ 


Scaling the data...
~~~~~~~~~~~~~~~~~~~~~~~~~~~~~~~~~~~~~~~~~~~~~~~~~~~~~~~~~~~~~~~~~~~~~~~~~~~~~~~
After OHE
Numerical Index V2 : [0, 4, 5, 6, 7, 8] 


OHE Idx : None


Ordinal Idx V2: [1, 2, 3]


Cat Dims V2 : [5, 7, 8]
Cat Idx V2 : [1, 2, 3] 
 

Train: [[0.6225457054620511 4.0 5.0 2.0 0.9989248448935043]
 [-1.194670981085347 2.0 3.0 6.0 -0.176742812466039]
 [1.4888931955602291 4.0 1.0 5.0 -1.5598812328890288]
 [-0.6030190366280547 2.0 2.0 5.0 -0.7991551016563834]
 [0.030893761004758692 1.0 3.0 3.0 -0.5225274175717864]
 [0.2633284534701235 1.0 1.0 3.0 0.030727950597407492]
 [0.45350229275996745 3.0 1.0 4.0 -0.6608412596140874]
 [1.53115404873575 3.0 1.0 2.0 0.5148263977454559]
 [-0.03249751875852269 4.0 3.0 2.0 0.8606110028512033]
 [-1.0256275683832636 2.0 4.0 5.0 0.3073556346820094]] 
 
 
Val : (17260, 9) 
 

~~~~~~~~~~~~~~~~~~~~~~~~~~~~~~~~~~~~~~~~~~~~~~~~~~~~~~~~~~~~~~~~~~~~~~~~~~~~~~~
Cat Idx V3 : None 
 

ERROR during preprocessing in inner fold 1: 'NoneType' object is not iterable
Skipping inner fold 1 due to preprocessing error.
  outer_1_inner Fold 2/5
Before Debugging -- Inner Fold 2
DEBUG Inner Fold 2: num_features: 9
DEBUG Inner Fold 2: num_classes: 1
DEBUG Inner Fold 2: cat_idx: [0]
DEBUG Inner Fold 2: nominal_idx: None
DEBUG Inner Fold 2: ordinal_idx: [1, 2, 3]
DEBUG Inner Fold 2: num_idx: None
DEBUG Inner Fold 2: cat_dims: [2]
DEBUG Inner Fold 2: bin_alt: None
~~~~~~~~~~~~~~~~~~~~~~~~~~~~~~~~~~~~~~~~~~~~~~~~~~~~~~~~~~~~~~~~~~~~~~~~~~~~~~~
BEFORE ANY ENCODING
num_features :9
num_classes : 1
cat_idx : [0]
nominal_idx : None
ordinal_idx : [1, 2, 3]
num_idx : None
cat_dims : [2]
bin_alt : None 


X_train shape : (17261, 9)
~~~~~~~~~~~~~~~~~~~~~~~~~~~~~~~~~~~~~~~~~~~~~~~~~~~~~~~~~~~~~~~~~~~~~~~~~~~~~~~
~~~~~~~~~~~~~~~~~~~~~~~~~~~~~~~~~~~~~~~~~~~~~~~~~~~~~~~~~~~~~~~~~~~~~~~~~~~~~~~
AFTER getting cat idx
Nominal Index : None
Ordinal Index : [1, 2, 3]
Cat Idx : [0]
Cat dims : [2]
~~~~~~~~~~~~~~~~~~~~~~~~~~~~~~~~~~~~~~~~~~~~~~~~~~~~~~~~~~~~~~~~~~~~~~~~~~~~~~~
BEFORE getting cat idx
Nominal Index : None
Ordinal Index : [1, 2, 3]
Cat Idx : [1, 2, 3]
Cat dims : []
No one Hot for this Baby!!! 

~~~~~~~~~~~~~~~~~~~~~~~~~~~~~~~~~~~~~~~~~~~~~~~~~~~~~~~~~~~~~~~~~~~~~~~~~~~~~~~ 


AFTER SEPARATING CATEGORICALS AND NUMERICALS
Ordinal Index : [1, 2, 3]
Numerical Index V1 : [0, 4, 5, 6, 7, 8]
Cat Idx V1 : [1, 2, 3] 
Cat Dims V1 : [5, 7, 8]
 

~~~~~~~~~~~~~~~~~~~~~~~~~~~~~~~~~~~~~~~~~~~~~~~~~~~~~~~~~~~~~~~~~~~~~~~~~~~~~~~ 


Scaling the data...
~~~~~~~~~~~~~~~~~~~~~~~~~~~~~~~~~~~~~~~~~~~~~~~~~~~~~~~~~~~~~~~~~~~~~~~~~~~~~~~
After OHE
Numerical Index V2 : [0, 4, 5, 6, 7, 8] 


OHE Idx : None


Ordinal Idx V2: [1, 2, 3]


Cat Dims V2 : [5, 7, 8]
Cat Idx V2 : [1, 2, 3] 
 

Train: [[0.6109617739717782 4.0 5.0 2.0 1.000277349647564]
 [-1.1923108992151565 2.0 3.0 6.0 -0.17921240590405657]
 [0.8416129298445254 4.0 4.0 5.0 1.000277349647564]
 [1.4706615367702003 4.0 1.0 5.0 -1.5668474124353726]
 [0.023849740841148288 1.0 3.0 3.0 -0.5261211575368856]
 [0.2545008967138957 1.0 1.0 3.0 0.02893284507563885]
 [-0.16486484123655434 4.0 6.0 5.0 1.000277349647564]
 [1.5125981105652453 3.0 1.0 2.0 0.5146050973616014]
 [-0.039055119851419254 4.0 3.0 2.0 0.8615138489944304]
 [-1.0245646040349765 2.0 4.0 5.0 0.306459846381906]] 
 
 
Val : (17261, 9) 
 

~~~~~~~~~~~~~~~~~~~~~~~~~~~~~~~~~~~~~~~~~~~~~~~~~~~~~~~~~~~~~~~~~~~~~~~~~~~~~~~
Cat Idx V3 : None 
 

ERROR during preprocessing in inner fold 2: 'NoneType' object is not iterable
Skipping inner fold 2 due to preprocessing error.
  outer_1_inner Fold 3/5
Before Debugging -- Inner Fold 3
DEBUG Inner Fold 3: num_features: 9
DEBUG Inner Fold 3: num_classes: 1
DEBUG Inner Fold 3: cat_idx: [0]
DEBUG Inner Fold 3: nominal_idx: None
DEBUG Inner Fold 3: ordinal_idx: [1, 2, 3]
DEBUG Inner Fold 3: num_idx: None
DEBUG Inner Fold 3: cat_dims: [2]
DEBUG Inner Fold 3: bin_alt: None
~~~~~~~~~~~~~~~~~~~~~~~~~~~~~~~~~~~~~~~~~~~~~~~~~~~~~~~~~~~~~~~~~~~~~~~~~~~~~~~
BEFORE ANY ENCODING
num_features :9
num_classes : 1
cat_idx : [0]
nominal_idx : None
ordinal_idx : [1, 2, 3]
num_idx : None
cat_dims : [2]
bin_alt : None 


X_train shape : (17261, 9)
~~~~~~~~~~~~~~~~~~~~~~~~~~~~~~~~~~~~~~~~~~~~~~~~~~~~~~~~~~~~~~~~~~~~~~~~~~~~~~~
~~~~~~~~~~~~~~~~~~~~~~~~~~~~~~~~~~~~~~~~~~~~~~~~~~~~~~~~~~~~~~~~~~~~~~~~~~~~~~~
AFTER getting cat idx
Nominal Index : None
Ordinal Index : [1, 2, 3]
Cat Idx : [0]
Cat dims : [2]
~~~~~~~~~~~~~~~~~~~~~~~~~~~~~~~~~~~~~~~~~~~~~~~~~~~~~~~~~~~~~~~~~~~~~~~~~~~~~~~
BEFORE getting cat idx
Nominal Index : None
Ordinal Index : [1, 2, 3]
Cat Idx : [1, 2, 3]
Cat dims : []
No one Hot for this Baby!!! 

~~~~~~~~~~~~~~~~~~~~~~~~~~~~~~~~~~~~~~~~~~~~~~~~~~~~~~~~~~~~~~~~~~~~~~~~~~~~~~~ 


AFTER SEPARATING CATEGORICALS AND NUMERICALS
Ordinal Index : [1, 2, 3]
Numerical Index V1 : [0, 4, 5, 6, 7, 8]
Cat Idx V1 : [1, 2, 3] 
Cat Dims V1 : [5, 7, 8]
 

~~~~~~~~~~~~~~~~~~~~~~~~~~~~~~~~~~~~~~~~~~~~~~~~~~~~~~~~~~~~~~~~~~~~~~~~~~~~~~~ 


Scaling the data...
~~~~~~~~~~~~~~~~~~~~~~~~~~~~~~~~~~~~~~~~~~~~~~~~~~~~~~~~~~~~~~~~~~~~~~~~~~~~~~~
After OHE
Numerical Index V2 : [0, 4, 5, 6, 7, 8] 


OHE Idx : None


Ordinal Idx V2: [1, 2, 3]


Cat Dims V2 : [5, 7, 8]
Cat Idx V2 : [1, 2, 3] 
 

Train: [[0.6112431208100558 4.0 5.0 2.0 1.0136727753581982]
 [-1.201032367810269 2.0 3.0 6.0 -0.17665688506079638]
 [0.8430457995870739 4.0 4.0 5.0 1.0136727753581982]
 [1.4752349235243964 4.0 1.0 5.0 -1.5770447208478466]
 [-0.6109891854687679 2.0 2.0 5.0 -0.8068314111649679]
 [0.021199938468554752 1.0 3.0 3.0 -0.526753844007559]
 [0.253002617245573 1.0 1.0 3.0 0.03340129030725914]
 [-0.1684567987126422 4.0 6.0 5.0 1.0136727753581982]
 [0.4426593544267697 3.0 1.0 4.0 -0.6667926275862659]
 [1.517380865120218 3.0 1.0 2.0 0.5235370328327287]] 
 
 
Val : (17261, 9) 
 

~~~~~~~~~~~~~~~~~~~~~~~~~~~~~~~~~~~~~~~~~~~~~~~~~~~~~~~~~~~~~~~~~~~~~~~~~~~~~~~
Cat Idx V3 : None 
 

ERROR during preprocessing in inner fold 3: 'NoneType' object is not iterable
Skipping inner fold 3 due to preprocessing error.
  outer_1_inner Fold 4/5
Before Debugging -- Inner Fold 4
DEBUG Inner Fold 4: num_features: 9
DEBUG Inner Fold 4: num_classes: 1
DEBUG Inner Fold 4: cat_idx: [0]
DEBUG Inner Fold 4: nominal_idx: None
DEBUG Inner Fold 4: ordinal_idx: [1, 2, 3]
DEBUG Inner Fold 4: num_idx: None
DEBUG Inner Fold 4: cat_dims: [2]
DEBUG Inner Fold 4: bin_alt: None
~~~~~~~~~~~~~~~~~~~~~~~~~~~~~~~~~~~~~~~~~~~~~~~~~~~~~~~~~~~~~~~~~~~~~~~~~~~~~~~
BEFORE ANY ENCODING
num_features :9
num_classes : 1
cat_idx : [0]
nominal_idx : None
ordinal_idx : [1, 2, 3]
num_idx : None
cat_dims : [2]
bin_alt : None 


X_train shape : (17261, 9)
~~~~~~~~~~~~~~~~~~~~~~~~~~~~~~~~~~~~~~~~~~~~~~~~~~~~~~~~~~~~~~~~~~~~~~~~~~~~~~~
~~~~~~~~~~~~~~~~~~~~~~~~~~~~~~~~~~~~~~~~~~~~~~~~~~~~~~~~~~~~~~~~~~~~~~~~~~~~~~~
AFTER getting cat idx
Nominal Index : None
Ordinal Index : [1, 2, 3]
Cat Idx : [0]
Cat dims : [2]
~~~~~~~~~~~~~~~~~~~~~~~~~~~~~~~~~~~~~~~~~~~~~~~~~~~~~~~~~~~~~~~~~~~~~~~~~~~~~~~
BEFORE getting cat idx
Nominal Index : None
Ordinal Index : [1, 2, 3]
Cat Idx : [1, 2, 3]
Cat dims : []
No one Hot for this Baby!!! 

~~~~~~~~~~~~~~~~~~~~~~~~~~~~~~~~~~~~~~~~~~~~~~~~~~~~~~~~~~~~~~~~~~~~~~~~~~~~~~~ 


AFTER SEPARATING CATEGORICALS AND NUMERICALS
Ordinal Index : [1, 2, 3]
Numerical Index V1 : [0, 4, 5, 6, 7, 8]
Cat Idx V1 : [1, 2, 3] 
Cat Dims V1 : [5, 7, 8]
 

~~~~~~~~~~~~~~~~~~~~~~~~~~~~~~~~~~~~~~~~~~~~~~~~~~~~~~~~~~~~~~~~~~~~~~~~~~~~~~~ 


Scaling the data...
~~~~~~~~~~~~~~~~~~~~~~~~~~~~~~~~~~~~~~~~~~~~~~~~~~~~~~~~~~~~~~~~~~~~~~~~~~~~~~~
After OHE
Numerical Index V2 : [0, 4, 5, 6, 7, 8] 


OHE Idx : None


Ordinal Idx V2: [1, 2, 3]


Cat Dims V2 : [5, 7, 8]
Cat Idx V2 : [1, 2, 3] 
 

Train: [[0.616760552569223 4.0 5.0 2.0 1.0102506504486326]
 [-1.1965499682806273 2.0 3.0 6.0 -0.16954041058832597]
 [0.8486956191895524 4.0 4.0 5.0 1.0102506504486326]
 [1.4812458008813605 4.0 1.0 5.0 -1.5575298941612161]
 [-0.6061697987016063 2.0 2.0 5.0 -0.7941356781961255]
 [0.026380382990201984 1.0 3.0 3.0 -0.5165377814815485]
 [-0.16338467151734062 4.0 6.0 5.0 1.0102506504486326]
 [0.448080504118074 3.0 1.0 4.0 -0.6553367298388395]
 [1.5234158129941477 3.0 1.0 2.0 0.5244543311981191]
 [-1.0278699198294783 2.0 4.0 5.0 0.31625590866218756]] 
 
 
Val : (17261, 9) 
 

~~~~~~~~~~~~~~~~~~~~~~~~~~~~~~~~~~~~~~~~~~~~~~~~~~~~~~~~~~~~~~~~~~~~~~~~~~~~~~~
Cat Idx V3 : None 
 

ERROR during preprocessing in inner fold 4: 'NoneType' object is not iterable
Skipping inner fold 4 due to preprocessing error.
  outer_1_inner Fold 5/5
Before Debugging -- Inner Fold 5
DEBUG Inner Fold 5: num_features: 9
DEBUG Inner Fold 5: num_classes: 1
DEBUG Inner Fold 5: cat_idx: [0]
DEBUG Inner Fold 5: nominal_idx: None
DEBUG Inner Fold 5: ordinal_idx: [1, 2, 3]
DEBUG Inner Fold 5: num_idx: None
DEBUG Inner Fold 5: cat_dims: [2]
DEBUG Inner Fold 5: bin_alt: None
~~~~~~~~~~~~~~~~~~~~~~~~~~~~~~~~~~~~~~~~~~~~~~~~~~~~~~~~~~~~~~~~~~~~~~~~~~~~~~~
BEFORE ANY ENCODING
num_features :9
num_classes : 1
cat_idx : [0]
nominal_idx : None
ordinal_idx : [1, 2, 3]
num_idx : None
cat_dims : [2]
bin_alt : None 


X_train shape : (17261, 9)
~~~~~~~~~~~~~~~~~~~~~~~~~~~~~~~~~~~~~~~~~~~~~~~~~~~~~~~~~~~~~~~~~~~~~~~~~~~~~~~
~~~~~~~~~~~~~~~~~~~~~~~~~~~~~~~~~~~~~~~~~~~~~~~~~~~~~~~~~~~~~~~~~~~~~~~~~~~~~~~
AFTER getting cat idx
Nominal Index : None
Ordinal Index : [1, 2, 3]
Cat Idx : [0]
Cat dims : [2]
~~~~~~~~~~~~~~~~~~~~~~~~~~~~~~~~~~~~~~~~~~~~~~~~~~~~~~~~~~~~~~~~~~~~~~~~~~~~~~~
BEFORE getting cat idx
Nominal Index : None
Ordinal Index : [1, 2, 3]
Cat Idx : [1, 2, 3]
Cat dims : []
No one Hot for this Baby!!! 

~~~~~~~~~~~~~~~~~~~~~~~~~~~~~~~~~~~~~~~~~~~~~~~~~~~~~~~~~~~~~~~~~~~~~~~~~~~~~~~ 


AFTER SEPARATING CATEGORICALS AND NUMERICALS
Ordinal Index : [1, 2, 3]
Numerical Index V1 : [0, 4, 5, 6, 7, 8]
Cat Idx V1 : [1, 2, 3] 
Cat Dims V1 : [5, 7, 8]
 

~~~~~~~~~~~~~~~~~~~~~~~~~~~~~~~~~~~~~~~~~~~~~~~~~~~~~~~~~~~~~~~~~~~~~~~~~~~~~~~ 


Scaling the data...
~~~~~~~~~~~~~~~~~~~~~~~~~~~~~~~~~~~~~~~~~~~~~~~~~~~~~~~~~~~~~~~~~~~~~~~~~~~~~~~
After OHE
Numerical Index V2 : [0, 4, 5, 6, 7, 8] 


OHE Idx : None


Ordinal Idx V2: [1, 2, 3]


Cat Dims V2 : [5, 7, 8]
Cat Idx V2 : [1, 2, 3] 
 

Train: [[0.8395779267362239 4.0 4.0 5.0 1.0024612546444691]
 [-0.6066370721272537 2.0 2.0 5.0 -0.7978643899363277]
 [0.2527080721249577 1.0 1.0 3.0 0.03305513833172896]
 [-0.16648468116880408 4.0 6.0 5.0 1.0024612546444691]
 [0.4413448111071504 3.0 1.0 4.0 -0.659377801891654]
 [-0.04072685518067547 4.0 3.0 2.0 0.8639746665997905]
 [0.6719008254187195 3.0 3.0 3.0 -0.5208912138469755]
 [-0.5227985214685014 1.0 4.0 2.0 1.2794344307338212]
 [-0.1874443188334922 3.0 0.0 4.0 -2.528946740494785]
 [-0.6275967097919418 4.0 3.0 2.0 -1.6980272122267284]] 
 
 
Val : (17261, 9) 
 

~~~~~~~~~~~~~~~~~~~~~~~~~~~~~~~~~~~~~~~~~~~~~~~~~~~~~~~~~~~~~~~~~~~~~~~~~~~~~~~
Cat Idx V3 : None 
 

ERROR during preprocessing in inner fold 5: 'NoneType' object is not iterable
Skipping inner fold 5 due to preprocessing error.
Warning: No inner folds completed successfully for HPO trial.
ERROR saving hyperparameters to file coz inner_cs issues: 'float' object has no attribute 'get_results'
  outer_1_inner Fold 1/5
Before Debugging -- Inner Fold 1
DEBUG Inner Fold 1: num_features: 9
DEBUG Inner Fold 1: num_classes: 1
DEBUG Inner Fold 1: cat_idx: [0]
DEBUG Inner Fold 1: nominal_idx: None
DEBUG Inner Fold 1: ordinal_idx: [1, 2, 3]
DEBUG Inner Fold 1: num_idx: None
DEBUG Inner Fold 1: cat_dims: [2]
DEBUG Inner Fold 1: bin_alt: None
~~~~~~~~~~~~~~~~~~~~~~~~~~~~~~~~~~~~~~~~~~~~~~~~~~~~~~~~~~~~~~~~~~~~~~~~~~~~~~~
BEFORE ANY ENCODING
num_features :9
num_classes : 1
cat_idx : [0]
nominal_idx : None
ordinal_idx : [1, 2, 3]
num_idx : None
cat_dims : [2]
bin_alt : None 


X_train shape : (17260, 9)
~~~~~~~~~~~~~~~~~~~~~~~~~~~~~~~~~~~~~~~~~~~~~~~~~~~~~~~~~~~~~~~~~~~~~~~~~~~~~~~
~~~~~~~~~~~~~~~~~~~~~~~~~~~~~~~~~~~~~~~~~~~~~~~~~~~~~~~~~~~~~~~~~~~~~~~~~~~~~~~
AFTER getting cat idx
Nominal Index : None
Ordinal Index : [1, 2, 3]
Cat Idx : [0]
Cat dims : [2]
~~~~~~~~~~~~~~~~~~~~~~~~~~~~~~~~~~~~~~~~~~~~~~~~~~~~~~~~~~~~~~~~~~~~~~~~~~~~~~~
BEFORE getting cat idx
Nominal Index : None
Ordinal Index : [1, 2, 3]
Cat Idx : [1, 2, 3]
Cat dims : []
No one Hot for this Baby!!! 

~~~~~~~~~~~~~~~~~~~~~~~~~~~~~~~~~~~~~~~~~~~~~~~~~~~~~~~~~~~~~~~~~~~~~~~~~~~~~~~ 


AFTER SEPARATING CATEGORICALS AND NUMERICALS
Ordinal Index : [1, 2, 3]
Numerical Index V1 : [0, 4, 5, 6, 7, 8]
Cat Idx V1 : [1, 2, 3] 
Cat Dims V1 : [5, 7, 8]
 

~~~~~~~~~~~~~~~~~~~~~~~~~~~~~~~~~~~~~~~~~~~~~~~~~~~~~~~~~~~~~~~~~~~~~~~~~~~~~~~ 


Scaling the data...
~~~~~~~~~~~~~~~~~~~~~~~~~~~~~~~~~~~~~~~~~~~~~~~~~~~~~~~~~~~~~~~~~~~~~~~~~~~~~~~
After OHE
Numerical Index V2 : [0, 4, 5, 6, 7, 8] 


OHE Idx : None


Ordinal Idx V2: [1, 2, 3]


Cat Dims V2 : [5, 7, 8]
Cat Idx V2 : [1, 2, 3] 
 

Train: [[0.6225457054620511 4.0 5.0 2.0 0.9989248448935043]
 [-1.194670981085347 2.0 3.0 6.0 -0.176742812466039]
 [1.4888931955602291 4.0 1.0 5.0 -1.5598812328890288]
 [-0.6030190366280547 2.0 2.0 5.0 -0.7991551016563834]
 [0.030893761004758692 1.0 3.0 3.0 -0.5225274175717864]
 [0.2633284534701235 1.0 1.0 3.0 0.030727950597407492]
 [0.45350229275996745 3.0 1.0 4.0 -0.6608412596140874]
 [1.53115404873575 3.0 1.0 2.0 0.5148263977454559]
 [-0.03249751875852269 4.0 3.0 2.0 0.8606110028512033]
 [-1.0256275683832636 2.0 4.0 5.0 0.3073556346820094]] 
 
 
Val : (17260, 9) 
 

~~~~~~~~~~~~~~~~~~~~~~~~~~~~~~~~~~~~~~~~~~~~~~~~~~~~~~~~~~~~~~~~~~~~~~~~~~~~~~~
Cat Idx V3 : None 
 

ERROR during preprocessing in inner fold 1: 'NoneType' object is not iterable
Skipping inner fold 1 due to preprocessing error.
  outer_1_inner Fold 2/5
Before Debugging -- Inner Fold 2
DEBUG Inner Fold 2: num_features: 9
DEBUG Inner Fold 2: num_classes: 1
DEBUG Inner Fold 2: cat_idx: [0]
DEBUG Inner Fold 2: nominal_idx: None
DEBUG Inner Fold 2: ordinal_idx: [1, 2, 3]
DEBUG Inner Fold 2: num_idx: None
DEBUG Inner Fold 2: cat_dims: [2]
DEBUG Inner Fold 2: bin_alt: None
~~~~~~~~~~~~~~~~~~~~~~~~~~~~~~~~~~~~~~~~~~~~~~~~~~~~~~~~~~~~~~~~~~~~~~~~~~~~~~~
BEFORE ANY ENCODING
num_features :9
num_classes : 1
cat_idx : [0]
nominal_idx : None
ordinal_idx : [1, 2, 3]
num_idx : None
cat_dims : [2]
bin_alt : None 


X_train shape : (17261, 9)
~~~~~~~~~~~~~~~~~~~~~~~~~~~~~~~~~~~~~~~~~~~~~~~~~~~~~~~~~~~~~~~~~~~~~~~~~~~~~~~
~~~~~~~~~~~~~~~~~~~~~~~~~~~~~~~~~~~~~~~~~~~~~~~~~~~~~~~~~~~~~~~~~~~~~~~~~~~~~~~
AFTER getting cat idx
Nominal Index : None
Ordinal Index : [1, 2, 3]
Cat Idx : [0]
Cat dims : [2]
~~~~~~~~~~~~~~~~~~~~~~~~~~~~~~~~~~~~~~~~~~~~~~~~~~~~~~~~~~~~~~~~~~~~~~~~~~~~~~~
BEFORE getting cat idx
Nominal Index : None
Ordinal Index : [1, 2, 3]
Cat Idx : [1, 2, 3]
Cat dims : []
No one Hot for this Baby!!! 

~~~~~~~~~~~~~~~~~~~~~~~~~~~~~~~~~~~~~~~~~~~~~~~~~~~~~~~~~~~~~~~~~~~~~~~~~~~~~~~ 


AFTER SEPARATING CATEGORICALS AND NUMERICALS
Ordinal Index : [1, 2, 3]
Numerical Index V1 : [0, 4, 5, 6, 7, 8]
Cat Idx V1 : [1, 2, 3] 
Cat Dims V1 : [5, 7, 8]
 

~~~~~~~~~~~~~~~~~~~~~~~~~~~~~~~~~~~~~~~~~~~~~~~~~~~~~~~~~~~~~~~~~~~~~~~~~~~~~~~ 


Scaling the data...
~~~~~~~~~~~~~~~~~~~~~~~~~~~~~~~~~~~~~~~~~~~~~~~~~~~~~~~~~~~~~~~~~~~~~~~~~~~~~~~
After OHE
Numerical Index V2 : [0, 4, 5, 6, 7, 8] 


OHE Idx : None


Ordinal Idx V2: [1, 2, 3]


Cat Dims V2 : [5, 7, 8]
Cat Idx V2 : [1, 2, 3] 
 

Train: [[0.6109617739717782 4.0 5.0 2.0 1.000277349647564]
 [-1.1923108992151565 2.0 3.0 6.0 -0.17921240590405657]
 [0.8416129298445254 4.0 4.0 5.0 1.000277349647564]
 [1.4706615367702003 4.0 1.0 5.0 -1.5668474124353726]
 [0.023849740841148288 1.0 3.0 3.0 -0.5261211575368856]
 [0.2545008967138957 1.0 1.0 3.0 0.02893284507563885]
 [-0.16486484123655434 4.0 6.0 5.0 1.000277349647564]
 [1.5125981105652453 3.0 1.0 2.0 0.5146050973616014]
 [-0.039055119851419254 4.0 3.0 2.0 0.8615138489944304]
 [-1.0245646040349765 2.0 4.0 5.0 0.306459846381906]] 
 
 
Val : (17261, 9) 
 

~~~~~~~~~~~~~~~~~~~~~~~~~~~~~~~~~~~~~~~~~~~~~~~~~~~~~~~~~~~~~~~~~~~~~~~~~~~~~~~
Cat Idx V3 : None 
 

ERROR during preprocessing in inner fold 2: 'NoneType' object is not iterable
Skipping inner fold 2 due to preprocessing error.
  outer_1_inner Fold 3/5
Before Debugging -- Inner Fold 3
DEBUG Inner Fold 3: num_features: 9
DEBUG Inner Fold 3: num_classes: 1
DEBUG Inner Fold 3: cat_idx: [0]
DEBUG Inner Fold 3: nominal_idx: None
DEBUG Inner Fold 3: ordinal_idx: [1, 2, 3]
DEBUG Inner Fold 3: num_idx: None
DEBUG Inner Fold 3: cat_dims: [2]
DEBUG Inner Fold 3: bin_alt: None
~~~~~~~~~~~~~~~~~~~~~~~~~~~~~~~~~~~~~~~~~~~~~~~~~~~~~~~~~~~~~~~~~~~~~~~~~~~~~~~
BEFORE ANY ENCODING
num_features :9
num_classes : 1
cat_idx : [0]
nominal_idx : None
ordinal_idx : [1, 2, 3]
num_idx : None
cat_dims : [2]
bin_alt : None 


X_train shape : (17261, 9)
~~~~~~~~~~~~~~~~~~~~~~~~~~~~~~~~~~~~~~~~~~~~~~~~~~~~~~~~~~~~~~~~~~~~~~~~~~~~~~~
~~~~~~~~~~~~~~~~~~~~~~~~~~~~~~~~~~~~~~~~~~~~~~~~~~~~~~~~~~~~~~~~~~~~~~~~~~~~~~~
AFTER getting cat idx
Nominal Index : None
Ordinal Index : [1, 2, 3]
Cat Idx : [0]
Cat dims : [2]
~~~~~~~~~~~~~~~~~~~~~~~~~~~~~~~~~~~~~~~~~~~~~~~~~~~~~~~~~~~~~~~~~~~~~~~~~~~~~~~
BEFORE getting cat idx
Nominal Index : None
Ordinal Index : [1, 2, 3]
Cat Idx : [1, 2, 3]
Cat dims : []
No one Hot for this Baby!!! 

~~~~~~~~~~~~~~~~~~~~~~~~~~~~~~~~~~~~~~~~~~~~~~~~~~~~~~~~~~~~~~~~~~~~~~~~~~~~~~~ 


AFTER SEPARATING CATEGORICALS AND NUMERICALS
Ordinal Index : [1, 2, 3]
Numerical Index V1 : [0, 4, 5, 6, 7, 8]
Cat Idx V1 : [1, 2, 3] 
Cat Dims V1 : [5, 7, 8]
 

~~~~~~~~~~~~~~~~~~~~~~~~~~~~~~~~~~~~~~~~~~~~~~~~~~~~~~~~~~~~~~~~~~~~~~~~~~~~~~~ 


Scaling the data...
~~~~~~~~~~~~~~~~~~~~~~~~~~~~~~~~~~~~~~~~~~~~~~~~~~~~~~~~~~~~~~~~~~~~~~~~~~~~~~~
After OHE
Numerical Index V2 : [0, 4, 5, 6, 7, 8] 


OHE Idx : None


Ordinal Idx V2: [1, 2, 3]


Cat Dims V2 : [5, 7, 8]
Cat Idx V2 : [1, 2, 3] 
 

Train: [[0.6112431208100558 4.0 5.0 2.0 1.0136727753581982]
 [-1.201032367810269 2.0 3.0 6.0 -0.17665688506079638]
 [0.8430457995870739 4.0 4.0 5.0 1.0136727753581982]
 [1.4752349235243964 4.0 1.0 5.0 -1.5770447208478466]
 [-0.6109891854687679 2.0 2.0 5.0 -0.8068314111649679]
 [0.021199938468554752 1.0 3.0 3.0 -0.526753844007559]
 [0.253002617245573 1.0 1.0 3.0 0.03340129030725914]
 [-0.1684567987126422 4.0 6.0 5.0 1.0136727753581982]
 [0.4426593544267697 3.0 1.0 4.0 -0.6667926275862659]
 [1.517380865120218 3.0 1.0 2.0 0.5235370328327287]] 
 
 
Val : (17261, 9) 
 

~~~~~~~~~~~~~~~~~~~~~~~~~~~~~~~~~~~~~~~~~~~~~~~~~~~~~~~~~~~~~~~~~~~~~~~~~~~~~~~
Cat Idx V3 : None 
 

ERROR during preprocessing in inner fold 3: 'NoneType' object is not iterable
Skipping inner fold 3 due to preprocessing error.
  outer_1_inner Fold 4/5
Before Debugging -- Inner Fold 4
DEBUG Inner Fold 4: num_features: 9
DEBUG Inner Fold 4: num_classes: 1
DEBUG Inner Fold 4: cat_idx: [0]
DEBUG Inner Fold 4: nominal_idx: None
DEBUG Inner Fold 4: ordinal_idx: [1, 2, 3]
DEBUG Inner Fold 4: num_idx: None
DEBUG Inner Fold 4: cat_dims: [2]
DEBUG Inner Fold 4: bin_alt: None
~~~~~~~~~~~~~~~~~~~~~~~~~~~~~~~~~~~~~~~~~~~~~~~~~~~~~~~~~~~~~~~~~~~~~~~~~~~~~~~
BEFORE ANY ENCODING
num_features :9
num_classes : 1
cat_idx : [0]
nominal_idx : None
ordinal_idx : [1, 2, 3]
num_idx : None
cat_dims : [2]
bin_alt : None 


X_train shape : (17261, 9)
~~~~~~~~~~~~~~~~~~~~~~~~~~~~~~~~~~~~~~~~~~~~~~~~~~~~~~~~~~~~~~~~~~~~~~~~~~~~~~~
~~~~~~~~~~~~~~~~~~~~~~~~~~~~~~~~~~~~~~~~~~~~~~~~~~~~~~~~~~~~~~~~~~~~~~~~~~~~~~~
AFTER getting cat idx
Nominal Index : None
Ordinal Index : [1, 2, 3]
Cat Idx : [0]
Cat dims : [2]
~~~~~~~~~~~~~~~~~~~~~~~~~~~~~~~~~~~~~~~~~~~~~~~~~~~~~~~~~~~~~~~~~~~~~~~~~~~~~~~
BEFORE getting cat idx
Nominal Index : None
Ordinal Index : [1, 2, 3]
Cat Idx : [1, 2, 3]
Cat dims : []
No one Hot for this Baby!!! 

~~~~~~~~~~~~~~~~~~~~~~~~~~~~~~~~~~~~~~~~~~~~~~~~~~~~~~~~~~~~~~~~~~~~~~~~~~~~~~~ 


AFTER SEPARATING CATEGORICALS AND NUMERICALS
Ordinal Index : [1, 2, 3]
Numerical Index V1 : [0, 4, 5, 6, 7, 8]
Cat Idx V1 : [1, 2, 3] 
Cat Dims V1 : [5, 7, 8]
 

~~~~~~~~~~~~~~~~~~~~~~~~~~~~~~~~~~~~~~~~~~~~~~~~~~~~~~~~~~~~~~~~~~~~~~~~~~~~~~~ 


Scaling the data...
~~~~~~~~~~~~~~~~~~~~~~~~~~~~~~~~~~~~~~~~~~~~~~~~~~~~~~~~~~~~~~~~~~~~~~~~~~~~~~~
After OHE
Numerical Index V2 : [0, 4, 5, 6, 7, 8] 


OHE Idx : None


Ordinal Idx V2: [1, 2, 3]


Cat Dims V2 : [5, 7, 8]
Cat Idx V2 : [1, 2, 3] 
 

Train: [[0.616760552569223 4.0 5.0 2.0 1.0102506504486326]
 [-1.1965499682806273 2.0 3.0 6.0 -0.16954041058832597]
 [0.8486956191895524 4.0 4.0 5.0 1.0102506504486326]
 [1.4812458008813605 4.0 1.0 5.0 -1.5575298941612161]
 [-0.6061697987016063 2.0 2.0 5.0 -0.7941356781961255]
 [0.026380382990201984 1.0 3.0 3.0 -0.5165377814815485]
 [-0.16338467151734062 4.0 6.0 5.0 1.0102506504486326]
 [0.448080504118074 3.0 1.0 4.0 -0.6553367298388395]
 [1.5234158129941477 3.0 1.0 2.0 0.5244543311981191]
 [-1.0278699198294783 2.0 4.0 5.0 0.31625590866218756]] 
 
 
Val : (17261, 9) 
 

~~~~~~~~~~~~~~~~~~~~~~~~~~~~~~~~~~~~~~~~~~~~~~~~~~~~~~~~~~~~~~~~~~~~~~~~~~~~~~~
Cat Idx V3 : None 
 

ERROR during preprocessing in inner fold 4: 'NoneType' object is not iterable
Skipping inner fold 4 due to preprocessing error.
  outer_1_inner Fold 5/5
Before Debugging -- Inner Fold 5
DEBUG Inner Fold 5: num_features: 9
DEBUG Inner Fold 5: num_classes: 1
DEBUG Inner Fold 5: cat_idx: [0]
DEBUG Inner Fold 5: nominal_idx: None
DEBUG Inner Fold 5: ordinal_idx: [1, 2, 3]
DEBUG Inner Fold 5: num_idx: None
DEBUG Inner Fold 5: cat_dims: [2]
DEBUG Inner Fold 5: bin_alt: None
~~~~~~~~~~~~~~~~~~~~~~~~~~~~~~~~~~~~~~~~~~~~~~~~~~~~~~~~~~~~~~~~~~~~~~~~~~~~~~~
BEFORE ANY ENCODING
num_features :9
num_classes : 1
cat_idx : [0]
nominal_idx : None
ordinal_idx : [1, 2, 3]
num_idx : None
cat_dims : [2]
bin_alt : None 


X_train shape : (17261, 9)
~~~~~~~~~~~~~~~~~~~~~~~~~~~~~~~~~~~~~~~~~~~~~~~~~~~~~~~~~~~~~~~~~~~~~~~~~~~~~~~
~~~~~~~~~~~~~~~~~~~~~~~~~~~~~~~~~~~~~~~~~~~~~~~~~~~~~~~~~~~~~~~~~~~~~~~~~~~~~~~
AFTER getting cat idx
Nominal Index : None
Ordinal Index : [1, 2, 3]
Cat Idx : [0]
Cat dims : [2]
~~~~~~~~~~~~~~~~~~~~~~~~~~~~~~~~~~~~~~~~~~~~~~~~~~~~~~~~~~~~~~~~~~~~~~~~~~~~~~~
BEFORE getting cat idx
Nominal Index : None
Ordinal Index : [1, 2, 3]
Cat Idx : [1, 2, 3]
Cat dims : []
No one Hot for this Baby!!! 

~~~~~~~~~~~~~~~~~~~~~~~~~~~~~~~~~~~~~~~~~~~~~~~~~~~~~~~~~~~~~~~~~~~~~~~~~~~~~~~ 


AFTER SEPARATING CATEGORICALS AND NUMERICALS
Ordinal Index : [1, 2, 3]
Numerical Index V1 : [0, 4, 5, 6, 7, 8]
Cat Idx V1 : [1, 2, 3] 
Cat Dims V1 : [5, 7, 8]
 

~~~~~~~~~~~~~~~~~~~~~~~~~~~~~~~~~~~~~~~~~~~~~~~~~~~~~~~~~~~~~~~~~~~~~~~~~~~~~~~ 


Scaling the data...
~~~~~~~~~~~~~~~~~~~~~~~~~~~~~~~~~~~~~~~~~~~~~~~~~~~~~~~~~~~~~~~~~~~~~~~~~~~~~~~
After OHE
Numerical Index V2 : [0, 4, 5, 6, 7, 8] 


OHE Idx : None


Ordinal Idx V2: [1, 2, 3]


Cat Dims V2 : [5, 7, 8]
Cat Idx V2 : [1, 2, 3] 
 

Train: [[0.8395779267362239 4.0 4.0 5.0 1.0024612546444691]
 [-0.6066370721272537 2.0 2.0 5.0 -0.7978643899363277]
 [0.2527080721249577 1.0 1.0 3.0 0.03305513833172896]
 [-0.16648468116880408 4.0 6.0 5.0 1.0024612546444691]
 [0.4413448111071504 3.0 1.0 4.0 -0.659377801891654]
 [-0.04072685518067547 4.0 3.0 2.0 0.8639746665997905]
 [0.6719008254187195 3.0 3.0 3.0 -0.5208912138469755]
 [-0.5227985214685014 1.0 4.0 2.0 1.2794344307338212]
 [-0.1874443188334922 3.0 0.0 4.0 -2.528946740494785]
 [-0.6275967097919418 4.0 3.0 2.0 -1.6980272122267284]] 
 
 
Val : (17261, 9) 
 

~~~~~~~~~~~~~~~~~~~~~~~~~~~~~~~~~~~~~~~~~~~~~~~~~~~~~~~~~~~~~~~~~~~~~~~~~~~~~~~
Cat Idx V3 : None 
 

ERROR during preprocessing in inner fold 5: 'NoneType' object is not iterable
Skipping inner fold 5 due to preprocessing error.
Warning: No inner folds completed successfully for HPO trial.
ERROR saving hyperparameters to file coz inner_cs issues: 'float' object has no attribute 'get_results'
  outer_1_inner Fold 1/5
Before Debugging -- Inner Fold 1
DEBUG Inner Fold 1: num_features: 9
DEBUG Inner Fold 1: num_classes: 1
DEBUG Inner Fold 1: cat_idx: [0]
DEBUG Inner Fold 1: nominal_idx: None
DEBUG Inner Fold 1: ordinal_idx: [1, 2, 3]
DEBUG Inner Fold 1: num_idx: None
DEBUG Inner Fold 1: cat_dims: [2]
DEBUG Inner Fold 1: bin_alt: None
~~~~~~~~~~~~~~~~~~~~~~~~~~~~~~~~~~~~~~~~~~~~~~~~~~~~~~~~~~~~~~~~~~~~~~~~~~~~~~~
BEFORE ANY ENCODING
num_features :9
num_classes : 1
cat_idx : [0]
nominal_idx : None
ordinal_idx : [1, 2, 3]
num_idx : None
cat_dims : [2]
bin_alt : None 


X_train shape : (17260, 9)
~~~~~~~~~~~~~~~~~~~~~~~~~~~~~~~~~~~~~~~~~~~~~~~~~~~~~~~~~~~~~~~~~~~~~~~~~~~~~~~
~~~~~~~~~~~~~~~~~~~~~~~~~~~~~~~~~~~~~~~~~~~~~~~~~~~~~~~~~~~~~~~~~~~~~~~~~~~~~~~
AFTER getting cat idx
Nominal Index : None
Ordinal Index : [1, 2, 3]
Cat Idx : [0]
Cat dims : [2]
~~~~~~~~~~~~~~~~~~~~~~~~~~~~~~~~~~~~~~~~~~~~~~~~~~~~~~~~~~~~~~~~~~~~~~~~~~~~~~~
BEFORE getting cat idx
Nominal Index : None
Ordinal Index : [1, 2, 3]
Cat Idx : [1, 2, 3]
Cat dims : []
No one Hot for this Baby!!! 

~~~~~~~~~~~~~~~~~~~~~~~~~~~~~~~~~~~~~~~~~~~~~~~~~~~~~~~~~~~~~~~~~~~~~~~~~~~~~~~ 


AFTER SEPARATING CATEGORICALS AND NUMERICALS
Ordinal Index : [1, 2, 3]
Numerical Index V1 : [0, 4, 5, 6, 7, 8]
Cat Idx V1 : [1, 2, 3] 
Cat Dims V1 : [5, 7, 8]
 

~~~~~~~~~~~~~~~~~~~~~~~~~~~~~~~~~~~~~~~~~~~~~~~~~~~~~~~~~~~~~~~~~~~~~~~~~~~~~~~ 


Scaling the data...
~~~~~~~~~~~~~~~~~~~~~~~~~~~~~~~~~~~~~~~~~~~~~~~~~~~~~~~~~~~~~~~~~~~~~~~~~~~~~~~
After OHE
Numerical Index V2 : [0, 4, 5, 6, 7, 8] 


OHE Idx : None


Ordinal Idx V2: [1, 2, 3]


Cat Dims V2 : [5, 7, 8]
Cat Idx V2 : [1, 2, 3] 
 

Train: [[0.6225457054620511 4.0 5.0 2.0 0.9989248448935043]
 [-1.194670981085347 2.0 3.0 6.0 -0.176742812466039]
 [1.4888931955602291 4.0 1.0 5.0 -1.5598812328890288]
 [-0.6030190366280547 2.0 2.0 5.0 -0.7991551016563834]
 [0.030893761004758692 1.0 3.0 3.0 -0.5225274175717864]
 [0.2633284534701235 1.0 1.0 3.0 0.030727950597407492]
 [0.45350229275996745 3.0 1.0 4.0 -0.6608412596140874]
 [1.53115404873575 3.0 1.0 2.0 0.5148263977454559]
 [-0.03249751875852269 4.0 3.0 2.0 0.8606110028512033]
 [-1.0256275683832636 2.0 4.0 5.0 0.3073556346820094]] 
 
 
Val : (17260, 9) 
 

~~~~~~~~~~~~~~~~~~~~~~~~~~~~~~~~~~~~~~~~~~~~~~~~~~~~~~~~~~~~~~~~~~~~~~~~~~~~~~~
Cat Idx V3 : None 
 

ERROR during preprocessing in inner fold 1: 'NoneType' object is not iterable
Skipping inner fold 1 due to preprocessing error.
  outer_1_inner Fold 2/5
Before Debugging -- Inner Fold 2
DEBUG Inner Fold 2: num_features: 9
DEBUG Inner Fold 2: num_classes: 1
DEBUG Inner Fold 2: cat_idx: [0]
DEBUG Inner Fold 2: nominal_idx: None
DEBUG Inner Fold 2: ordinal_idx: [1, 2, 3]
DEBUG Inner Fold 2: num_idx: None
DEBUG Inner Fold 2: cat_dims: [2]
DEBUG Inner Fold 2: bin_alt: None
~~~~~~~~~~~~~~~~~~~~~~~~~~~~~~~~~~~~~~~~~~~~~~~~~~~~~~~~~~~~~~~~~~~~~~~~~~~~~~~
BEFORE ANY ENCODING
num_features :9
num_classes : 1
cat_idx : [0]
nominal_idx : None
ordinal_idx : [1, 2, 3]
num_idx : None
cat_dims : [2]
bin_alt : None 


X_train shape : (17261, 9)
~~~~~~~~~~~~~~~~~~~~~~~~~~~~~~~~~~~~~~~~~~~~~~~~~~~~~~~~~~~~~~~~~~~~~~~~~~~~~~~
~~~~~~~~~~~~~~~~~~~~~~~~~~~~~~~~~~~~~~~~~~~~~~~~~~~~~~~~~~~~~~~~~~~~~~~~~~~~~~~
AFTER getting cat idx
Nominal Index : None
Ordinal Index : [1, 2, 3]
Cat Idx : [0]
Cat dims : [2]
~~~~~~~~~~~~~~~~~~~~~~~~~~~~~~~~~~~~~~~~~~~~~~~~~~~~~~~~~~~~~~~~~~~~~~~~~~~~~~~
BEFORE getting cat idx
Nominal Index : None
Ordinal Index : [1, 2, 3]
Cat Idx : [1, 2, 3]
Cat dims : []
No one Hot for this Baby!!! 

~~~~~~~~~~~~~~~~~~~~~~~~~~~~~~~~~~~~~~~~~~~~~~~~~~~~~~~~~~~~~~~~~~~~~~~~~~~~~~~ 


AFTER SEPARATING CATEGORICALS AND NUMERICALS
Ordinal Index : [1, 2, 3]
Numerical Index V1 : [0, 4, 5, 6, 7, 8]
Cat Idx V1 : [1, 2, 3] 
Cat Dims V1 : [5, 7, 8]
 

~~~~~~~~~~~~~~~~~~~~~~~~~~~~~~~~~~~~~~~~~~~~~~~~~~~~~~~~~~~~~~~~~~~~~~~~~~~~~~~ 


Scaling the data...
~~~~~~~~~~~~~~~~~~~~~~~~~~~~~~~~~~~~~~~~~~~~~~~~~~~~~~~~~~~~~~~~~~~~~~~~~~~~~~~
After OHE
Numerical Index V2 : [0, 4, 5, 6, 7, 8] 


OHE Idx : None


Ordinal Idx V2: [1, 2, 3]


Cat Dims V2 : [5, 7, 8]
Cat Idx V2 : [1, 2, 3] 
 

Train: [[0.6109617739717782 4.0 5.0 2.0 1.000277349647564]
 [-1.1923108992151565 2.0 3.0 6.0 -0.17921240590405657]
 [0.8416129298445254 4.0 4.0 5.0 1.000277349647564]
 [1.4706615367702003 4.0 1.0 5.0 -1.5668474124353726]
 [0.023849740841148288 1.0 3.0 3.0 -0.5261211575368856]
 [0.2545008967138957 1.0 1.0 3.0 0.02893284507563885]
 [-0.16486484123655434 4.0 6.0 5.0 1.000277349647564]
 [1.5125981105652453 3.0 1.0 2.0 0.5146050973616014]
 [-0.039055119851419254 4.0 3.0 2.0 0.8615138489944304]
 [-1.0245646040349765 2.0 4.0 5.0 0.306459846381906]] 
 
 
Val : (17261, 9) 
 

~~~~~~~~~~~~~~~~~~~~~~~~~~~~~~~~~~~~~~~~~~~~~~~~~~~~~~~~~~~~~~~~~~~~~~~~~~~~~~~
Cat Idx V3 : None 
 

ERROR during preprocessing in inner fold 2: 'NoneType' object is not iterable
Skipping inner fold 2 due to preprocessing error.
  outer_1_inner Fold 3/5
Before Debugging -- Inner Fold 3
DEBUG Inner Fold 3: num_features: 9
DEBUG Inner Fold 3: num_classes: 1
DEBUG Inner Fold 3: cat_idx: [0]
DEBUG Inner Fold 3: nominal_idx: None
DEBUG Inner Fold 3: ordinal_idx: [1, 2, 3]
DEBUG Inner Fold 3: num_idx: None
DEBUG Inner Fold 3: cat_dims: [2]
DEBUG Inner Fold 3: bin_alt: None
~~~~~~~~~~~~~~~~~~~~~~~~~~~~~~~~~~~~~~~~~~~~~~~~~~~~~~~~~~~~~~~~~~~~~~~~~~~~~~~
BEFORE ANY ENCODING
num_features :9
num_classes : 1
cat_idx : [0]
nominal_idx : None
ordinal_idx : [1, 2, 3]
num_idx : None
cat_dims : [2]
bin_alt : None 


X_train shape : (17261, 9)
~~~~~~~~~~~~~~~~~~~~~~~~~~~~~~~~~~~~~~~~~~~~~~~~~~~~~~~~~~~~~~~~~~~~~~~~~~~~~~~
~~~~~~~~~~~~~~~~~~~~~~~~~~~~~~~~~~~~~~~~~~~~~~~~~~~~~~~~~~~~~~~~~~~~~~~~~~~~~~~
AFTER getting cat idx
Nominal Index : None
Ordinal Index : [1, 2, 3]
Cat Idx : [0]
Cat dims : [2]
~~~~~~~~~~~~~~~~~~~~~~~~~~~~~~~~~~~~~~~~~~~~~~~~~~~~~~~~~~~~~~~~~~~~~~~~~~~~~~~
BEFORE getting cat idx
Nominal Index : None
Ordinal Index : [1, 2, 3]
Cat Idx : [1, 2, 3]
Cat dims : []
No one Hot for this Baby!!! 

~~~~~~~~~~~~~~~~~~~~~~~~~~~~~~~~~~~~~~~~~~~~~~~~~~~~~~~~~~~~~~~~~~~~~~~~~~~~~~~ 


AFTER SEPARATING CATEGORICALS AND NUMERICALS
Ordinal Index : [1, 2, 3]
Numerical Index V1 : [0, 4, 5, 6, 7, 8]
Cat Idx V1 : [1, 2, 3] 
Cat Dims V1 : [5, 7, 8]
 

~~~~~~~~~~~~~~~~~~~~~~~~~~~~~~~~~~~~~~~~~~~~~~~~~~~~~~~~~~~~~~~~~~~~~~~~~~~~~~~ 


Scaling the data...
~~~~~~~~~~~~~~~~~~~~~~~~~~~~~~~~~~~~~~~~~~~~~~~~~~~~~~~~~~~~~~~~~~~~~~~~~~~~~~~
After OHE
Numerical Index V2 : [0, 4, 5, 6, 7, 8] 


OHE Idx : None


Ordinal Idx V2: [1, 2, 3]


Cat Dims V2 : [5, 7, 8]
Cat Idx V2 : [1, 2, 3] 
 

Train: [[0.6112431208100558 4.0 5.0 2.0 1.0136727753581982]
 [-1.201032367810269 2.0 3.0 6.0 -0.17665688506079638]
 [0.8430457995870739 4.0 4.0 5.0 1.0136727753581982]
 [1.4752349235243964 4.0 1.0 5.0 -1.5770447208478466]
 [-0.6109891854687679 2.0 2.0 5.0 -0.8068314111649679]
 [0.021199938468554752 1.0 3.0 3.0 -0.526753844007559]
 [0.253002617245573 1.0 1.0 3.0 0.03340129030725914]
 [-0.1684567987126422 4.0 6.0 5.0 1.0136727753581982]
 [0.4426593544267697 3.0 1.0 4.0 -0.6667926275862659]
 [1.517380865120218 3.0 1.0 2.0 0.5235370328327287]] 
 
 
Val : (17261, 9) 
 

~~~~~~~~~~~~~~~~~~~~~~~~~~~~~~~~~~~~~~~~~~~~~~~~~~~~~~~~~~~~~~~~~~~~~~~~~~~~~~~
Cat Idx V3 : None 
 

ERROR during preprocessing in inner fold 3: 'NoneType' object is not iterable
Skipping inner fold 3 due to preprocessing error.
  outer_1_inner Fold 4/5
Before Debugging -- Inner Fold 4
DEBUG Inner Fold 4: num_features: 9
DEBUG Inner Fold 4: num_classes: 1
DEBUG Inner Fold 4: cat_idx: [0]
DEBUG Inner Fold 4: nominal_idx: None
DEBUG Inner Fold 4: ordinal_idx: [1, 2, 3]
DEBUG Inner Fold 4: num_idx: None
DEBUG Inner Fold 4: cat_dims: [2]
DEBUG Inner Fold 4: bin_alt: None
~~~~~~~~~~~~~~~~~~~~~~~~~~~~~~~~~~~~~~~~~~~~~~~~~~~~~~~~~~~~~~~~~~~~~~~~~~~~~~~
BEFORE ANY ENCODING
num_features :9
num_classes : 1
cat_idx : [0]
nominal_idx : None
ordinal_idx : [1, 2, 3]
num_idx : None
cat_dims : [2]
bin_alt : None 


X_train shape : (17261, 9)
~~~~~~~~~~~~~~~~~~~~~~~~~~~~~~~~~~~~~~~~~~~~~~~~~~~~~~~~~~~~~~~~~~~~~~~~~~~~~~~
~~~~~~~~~~~~~~~~~~~~~~~~~~~~~~~~~~~~~~~~~~~~~~~~~~~~~~~~~~~~~~~~~~~~~~~~~~~~~~~
AFTER getting cat idx
Nominal Index : None
Ordinal Index : [1, 2, 3]
Cat Idx : [0]
Cat dims : [2]
~~~~~~~~~~~~~~~~~~~~~~~~~~~~~~~~~~~~~~~~~~~~~~~~~~~~~~~~~~~~~~~~~~~~~~~~~~~~~~~
BEFORE getting cat idx
Nominal Index : None
Ordinal Index : [1, 2, 3]
Cat Idx : [1, 2, 3]
Cat dims : []
No one Hot for this Baby!!! 

~~~~~~~~~~~~~~~~~~~~~~~~~~~~~~~~~~~~~~~~~~~~~~~~~~~~~~~~~~~~~~~~~~~~~~~~~~~~~~~ 


AFTER SEPARATING CATEGORICALS AND NUMERICALS
Ordinal Index : [1, 2, 3]
Numerical Index V1 : [0, 4, 5, 6, 7, 8]
Cat Idx V1 : [1, 2, 3] 
Cat Dims V1 : [5, 7, 8]
 

~~~~~~~~~~~~~~~~~~~~~~~~~~~~~~~~~~~~~~~~~~~~~~~~~~~~~~~~~~~~~~~~~~~~~~~~~~~~~~~ 


Scaling the data...
~~~~~~~~~~~~~~~~~~~~~~~~~~~~~~~~~~~~~~~~~~~~~~~~~~~~~~~~~~~~~~~~~~~~~~~~~~~~~~~
After OHE
Numerical Index V2 : [0, 4, 5, 6, 7, 8] 


OHE Idx : None


Ordinal Idx V2: [1, 2, 3]


Cat Dims V2 : [5, 7, 8]
Cat Idx V2 : [1, 2, 3] 
 

Train: [[0.616760552569223 4.0 5.0 2.0 1.0102506504486326]
 [-1.1965499682806273 2.0 3.0 6.0 -0.16954041058832597]
 [0.8486956191895524 4.0 4.0 5.0 1.0102506504486326]
 [1.4812458008813605 4.0 1.0 5.0 -1.5575298941612161]
 [-0.6061697987016063 2.0 2.0 5.0 -0.7941356781961255]
 [0.026380382990201984 1.0 3.0 3.0 -0.5165377814815485]
 [-0.16338467151734062 4.0 6.0 5.0 1.0102506504486326]
 [0.448080504118074 3.0 1.0 4.0 -0.6553367298388395]
 [1.5234158129941477 3.0 1.0 2.0 0.5244543311981191]
 [-1.0278699198294783 2.0 4.0 5.0 0.31625590866218756]] 
 
 
Val : (17261, 9) 
 

~~~~~~~~~~~~~~~~~~~~~~~~~~~~~~~~~~~~~~~~~~~~~~~~~~~~~~~~~~~~~~~~~~~~~~~~~~~~~~~
Cat Idx V3 : None 
 

ERROR during preprocessing in inner fold 4: 'NoneType' object is not iterable
Skipping inner fold 4 due to preprocessing error.
  outer_1_inner Fold 5/5
Before Debugging -- Inner Fold 5
DEBUG Inner Fold 5: num_features: 9
DEBUG Inner Fold 5: num_classes: 1
DEBUG Inner Fold 5: cat_idx: [0]
DEBUG Inner Fold 5: nominal_idx: None
DEBUG Inner Fold 5: ordinal_idx: [1, 2, 3]
DEBUG Inner Fold 5: num_idx: None
DEBUG Inner Fold 5: cat_dims: [2]
DEBUG Inner Fold 5: bin_alt: None
~~~~~~~~~~~~~~~~~~~~~~~~~~~~~~~~~~~~~~~~~~~~~~~~~~~~~~~~~~~~~~~~~~~~~~~~~~~~~~~
BEFORE ANY ENCODING
num_features :9
num_classes : 1
cat_idx : [0]
nominal_idx : None
ordinal_idx : [1, 2, 3]
num_idx : None
cat_dims : [2]
bin_alt : None 


X_train shape : (17261, 9)
~~~~~~~~~~~~~~~~~~~~~~~~~~~~~~~~~~~~~~~~~~~~~~~~~~~~~~~~~~~~~~~~~~~~~~~~~~~~~~~
~~~~~~~~~~~~~~~~~~~~~~~~~~~~~~~~~~~~~~~~~~~~~~~~~~~~~~~~~~~~~~~~~~~~~~~~~~~~~~~
AFTER getting cat idx
Nominal Index : None
Ordinal Index : [1, 2, 3]
Cat Idx : [0]
Cat dims : [2]
~~~~~~~~~~~~~~~~~~~~~~~~~~~~~~~~~~~~~~~~~~~~~~~~~~~~~~~~~~~~~~~~~~~~~~~~~~~~~~~
BEFORE getting cat idx
Nominal Index : None
Ordinal Index : [1, 2, 3]
Cat Idx : [1, 2, 3]
Cat dims : []
No one Hot for this Baby!!! 

~~~~~~~~~~~~~~~~~~~~~~~~~~~~~~~~~~~~~~~~~~~~~~~~~~~~~~~~~~~~~~~~~~~~~~~~~~~~~~~ 


AFTER SEPARATING CATEGORICALS AND NUMERICALS
Ordinal Index : [1, 2, 3]
Numerical Index V1 : [0, 4, 5, 6, 7, 8]
Cat Idx V1 : [1, 2, 3] 
Cat Dims V1 : [5, 7, 8]
 

~~~~~~~~~~~~~~~~~~~~~~~~~~~~~~~~~~~~~~~~~~~~~~~~~~~~~~~~~~~~~~~~~~~~~~~~~~~~~~~ 


Scaling the data...
~~~~~~~~~~~~~~~~~~~~~~~~~~~~~~~~~~~~~~~~~~~~~~~~~~~~~~~~~~~~~~~~~~~~~~~~~~~~~~~
After OHE
Numerical Index V2 : [0, 4, 5, 6, 7, 8] 


OHE Idx : None


Ordinal Idx V2: [1, 2, 3]


Cat Dims V2 : [5, 7, 8]
Cat Idx V2 : [1, 2, 3] 
 

Train: [[0.8395779267362239 4.0 4.0 5.0 1.0024612546444691]
 [-0.6066370721272537 2.0 2.0 5.0 -0.7978643899363277]
 [0.2527080721249577 1.0 1.0 3.0 0.03305513833172896]
 [-0.16648468116880408 4.0 6.0 5.0 1.0024612546444691]
 [0.4413448111071504 3.0 1.0 4.0 -0.659377801891654]
 [-0.04072685518067547 4.0 3.0 2.0 0.8639746665997905]
 [0.6719008254187195 3.0 3.0 3.0 -0.5208912138469755]
 [-0.5227985214685014 1.0 4.0 2.0 1.2794344307338212]
 [-0.1874443188334922 3.0 0.0 4.0 -2.528946740494785]
 [-0.6275967097919418 4.0 3.0 2.0 -1.6980272122267284]] 
 
 
Val : (17261, 9) 
 

~~~~~~~~~~~~~~~~~~~~~~~~~~~~~~~~~~~~~~~~~~~~~~~~~~~~~~~~~~~~~~~~~~~~~~~~~~~~~~~
Cat Idx V3 : None 
 

ERROR during preprocessing in inner fold 5: 'NoneType' object is not iterable
Skipping inner fold 5 due to preprocessing error.
Warning: No inner folds completed successfully for HPO trial.
ERROR saving hyperparameters to file coz inner_cs issues: 'float' object has no attribute 'get_results'
  outer_1_inner Fold 1/5
Before Debugging -- Inner Fold 1
DEBUG Inner Fold 1: num_features: 9
DEBUG Inner Fold 1: num_classes: 1
DEBUG Inner Fold 1: cat_idx: [0]
DEBUG Inner Fold 1: nominal_idx: None
DEBUG Inner Fold 1: ordinal_idx: [1, 2, 3]
DEBUG Inner Fold 1: num_idx: None
DEBUG Inner Fold 1: cat_dims: [2]
DEBUG Inner Fold 1: bin_alt: None
~~~~~~~~~~~~~~~~~~~~~~~~~~~~~~~~~~~~~~~~~~~~~~~~~~~~~~~~~~~~~~~~~~~~~~~~~~~~~~~
BEFORE ANY ENCODING
num_features :9
num_classes : 1
cat_idx : [0]
nominal_idx : None
ordinal_idx : [1, 2, 3]
num_idx : None
cat_dims : [2]
bin_alt : None 


X_train shape : (17260, 9)
~~~~~~~~~~~~~~~~~~~~~~~~~~~~~~~~~~~~~~~~~~~~~~~~~~~~~~~~~~~~~~~~~~~~~~~~~~~~~~~
~~~~~~~~~~~~~~~~~~~~~~~~~~~~~~~~~~~~~~~~~~~~~~~~~~~~~~~~~~~~~~~~~~~~~~~~~~~~~~~
AFTER getting cat idx
Nominal Index : None
Ordinal Index : [1, 2, 3]
Cat Idx : [0]
Cat dims : [2]
~~~~~~~~~~~~~~~~~~~~~~~~~~~~~~~~~~~~~~~~~~~~~~~~~~~~~~~~~~~~~~~~~~~~~~~~~~~~~~~
BEFORE getting cat idx
Nominal Index : None
Ordinal Index : [1, 2, 3]
Cat Idx : [1, 2, 3]
Cat dims : []
No one Hot for this Baby!!! 

~~~~~~~~~~~~~~~~~~~~~~~~~~~~~~~~~~~~~~~~~~~~~~~~~~~~~~~~~~~~~~~~~~~~~~~~~~~~~~~ 


AFTER SEPARATING CATEGORICALS AND NUMERICALS
Ordinal Index : [1, 2, 3]
Numerical Index V1 : [0, 4, 5, 6, 7, 8]
Cat Idx V1 : [1, 2, 3] 
Cat Dims V1 : [5, 7, 8]
 

~~~~~~~~~~~~~~~~~~~~~~~~~~~~~~~~~~~~~~~~~~~~~~~~~~~~~~~~~~~~~~~~~~~~~~~~~~~~~~~ 


Scaling the data...
~~~~~~~~~~~~~~~~~~~~~~~~~~~~~~~~~~~~~~~~~~~~~~~~~~~~~~~~~~~~~~~~~~~~~~~~~~~~~~~
After OHE
Numerical Index V2 : [0, 4, 5, 6, 7, 8] 


OHE Idx : None


Ordinal Idx V2: [1, 2, 3]


Cat Dims V2 : [5, 7, 8]
Cat Idx V2 : [1, 2, 3] 
 

Train: [[0.6225457054620511 4.0 5.0 2.0 0.9989248448935043]
 [-1.194670981085347 2.0 3.0 6.0 -0.176742812466039]
 [1.4888931955602291 4.0 1.0 5.0 -1.5598812328890288]
 [-0.6030190366280547 2.0 2.0 5.0 -0.7991551016563834]
 [0.030893761004758692 1.0 3.0 3.0 -0.5225274175717864]
 [0.2633284534701235 1.0 1.0 3.0 0.030727950597407492]
 [0.45350229275996745 3.0 1.0 4.0 -0.6608412596140874]
 [1.53115404873575 3.0 1.0 2.0 0.5148263977454559]
 [-0.03249751875852269 4.0 3.0 2.0 0.8606110028512033]
 [-1.0256275683832636 2.0 4.0 5.0 0.3073556346820094]] 
 
 
Val : (17260, 9) 
 

~~~~~~~~~~~~~~~~~~~~~~~~~~~~~~~~~~~~~~~~~~~~~~~~~~~~~~~~~~~~~~~~~~~~~~~~~~~~~~~
Cat Idx V3 : None 
 

ERROR during preprocessing in inner fold 1: 'NoneType' object is not iterable
Skipping inner fold 1 due to preprocessing error.
  outer_1_inner Fold 2/5
Before Debugging -- Inner Fold 2
DEBUG Inner Fold 2: num_features: 9
DEBUG Inner Fold 2: num_classes: 1
DEBUG Inner Fold 2: cat_idx: [0]
DEBUG Inner Fold 2: nominal_idx: None
DEBUG Inner Fold 2: ordinal_idx: [1, 2, 3]
DEBUG Inner Fold 2: num_idx: None
DEBUG Inner Fold 2: cat_dims: [2]
DEBUG Inner Fold 2: bin_alt: None
~~~~~~~~~~~~~~~~~~~~~~~~~~~~~~~~~~~~~~~~~~~~~~~~~~~~~~~~~~~~~~~~~~~~~~~~~~~~~~~
BEFORE ANY ENCODING
num_features :9
num_classes : 1
cat_idx : [0]
nominal_idx : None
ordinal_idx : [1, 2, 3]
num_idx : None
cat_dims : [2]
bin_alt : None 


X_train shape : (17261, 9)
~~~~~~~~~~~~~~~~~~~~~~~~~~~~~~~~~~~~~~~~~~~~~~~~~~~~~~~~~~~~~~~~~~~~~~~~~~~~~~~
~~~~~~~~~~~~~~~~~~~~~~~~~~~~~~~~~~~~~~~~~~~~~~~~~~~~~~~~~~~~~~~~~~~~~~~~~~~~~~~
AFTER getting cat idx
Nominal Index : None
Ordinal Index : [1, 2, 3]
Cat Idx : [0]
Cat dims : [2]
~~~~~~~~~~~~~~~~~~~~~~~~~~~~~~~~~~~~~~~~~~~~~~~~~~~~~~~~~~~~~~~~~~~~~~~~~~~~~~~
BEFORE getting cat idx
Nominal Index : None
Ordinal Index : [1, 2, 3]
Cat Idx : [1, 2, 3]
Cat dims : []
No one Hot for this Baby!!! 

~~~~~~~~~~~~~~~~~~~~~~~~~~~~~~~~~~~~~~~~~~~~~~~~~~~~~~~~~~~~~~~~~~~~~~~~~~~~~~~ 


AFTER SEPARATING CATEGORICALS AND NUMERICALS
Ordinal Index : [1, 2, 3]
Numerical Index V1 : [0, 4, 5, 6, 7, 8]
Cat Idx V1 : [1, 2, 3] 
Cat Dims V1 : [5, 7, 8]
 

~~~~~~~~~~~~~~~~~~~~~~~~~~~~~~~~~~~~~~~~~~~~~~~~~~~~~~~~~~~~~~~~~~~~~~~~~~~~~~~ 


Scaling the data...
~~~~~~~~~~~~~~~~~~~~~~~~~~~~~~~~~~~~~~~~~~~~~~~~~~~~~~~~~~~~~~~~~~~~~~~~~~~~~~~
After OHE
Numerical Index V2 : [0, 4, 5, 6, 7, 8] 


OHE Idx : None


Ordinal Idx V2: [1, 2, 3]


Cat Dims V2 : [5, 7, 8]
Cat Idx V2 : [1, 2, 3] 
 

Train: [[0.6109617739717782 4.0 5.0 2.0 1.000277349647564]
 [-1.1923108992151565 2.0 3.0 6.0 -0.17921240590405657]
 [0.8416129298445254 4.0 4.0 5.0 1.000277349647564]
 [1.4706615367702003 4.0 1.0 5.0 -1.5668474124353726]
 [0.023849740841148288 1.0 3.0 3.0 -0.5261211575368856]
 [0.2545008967138957 1.0 1.0 3.0 0.02893284507563885]
 [-0.16486484123655434 4.0 6.0 5.0 1.000277349647564]
 [1.5125981105652453 3.0 1.0 2.0 0.5146050973616014]
 [-0.039055119851419254 4.0 3.0 2.0 0.8615138489944304]
 [-1.0245646040349765 2.0 4.0 5.0 0.306459846381906]] 
 
 
Val : (17261, 9) 
 

~~~~~~~~~~~~~~~~~~~~~~~~~~~~~~~~~~~~~~~~~~~~~~~~~~~~~~~~~~~~~~~~~~~~~~~~~~~~~~~
Cat Idx V3 : None 
 

ERROR during preprocessing in inner fold 2: 'NoneType' object is not iterable
Skipping inner fold 2 due to preprocessing error.
  outer_1_inner Fold 3/5
Before Debugging -- Inner Fold 3
DEBUG Inner Fold 3: num_features: 9
DEBUG Inner Fold 3: num_classes: 1
DEBUG Inner Fold 3: cat_idx: [0]
DEBUG Inner Fold 3: nominal_idx: None
DEBUG Inner Fold 3: ordinal_idx: [1, 2, 3]
DEBUG Inner Fold 3: num_idx: None
DEBUG Inner Fold 3: cat_dims: [2]
DEBUG Inner Fold 3: bin_alt: None
~~~~~~~~~~~~~~~~~~~~~~~~~~~~~~~~~~~~~~~~~~~~~~~~~~~~~~~~~~~~~~~~~~~~~~~~~~~~~~~
BEFORE ANY ENCODING
num_features :9
num_classes : 1
cat_idx : [0]
nominal_idx : None
ordinal_idx : [1, 2, 3]
num_idx : None
cat_dims : [2]
bin_alt : None 


X_train shape : (17261, 9)
~~~~~~~~~~~~~~~~~~~~~~~~~~~~~~~~~~~~~~~~~~~~~~~~~~~~~~~~~~~~~~~~~~~~~~~~~~~~~~~
~~~~~~~~~~~~~~~~~~~~~~~~~~~~~~~~~~~~~~~~~~~~~~~~~~~~~~~~~~~~~~~~~~~~~~~~~~~~~~~
AFTER getting cat idx
Nominal Index : None
Ordinal Index : [1, 2, 3]
Cat Idx : [0]
Cat dims : [2]
~~~~~~~~~~~~~~~~~~~~~~~~~~~~~~~~~~~~~~~~~~~~~~~~~~~~~~~~~~~~~~~~~~~~~~~~~~~~~~~
BEFORE getting cat idx
Nominal Index : None
Ordinal Index : [1, 2, 3]
Cat Idx : [1, 2, 3]
Cat dims : []
No one Hot for this Baby!!! 

~~~~~~~~~~~~~~~~~~~~~~~~~~~~~~~~~~~~~~~~~~~~~~~~~~~~~~~~~~~~~~~~~~~~~~~~~~~~~~~ 


AFTER SEPARATING CATEGORICALS AND NUMERICALS
Ordinal Index : [1, 2, 3]
Numerical Index V1 : [0, 4, 5, 6, 7, 8]
Cat Idx V1 : [1, 2, 3] 
Cat Dims V1 : [5, 7, 8]
 

~~~~~~~~~~~~~~~~~~~~~~~~~~~~~~~~~~~~~~~~~~~~~~~~~~~~~~~~~~~~~~~~~~~~~~~~~~~~~~~ 


Scaling the data...
~~~~~~~~~~~~~~~~~~~~~~~~~~~~~~~~~~~~~~~~~~~~~~~~~~~~~~~~~~~~~~~~~~~~~~~~~~~~~~~
After OHE
Numerical Index V2 : [0, 4, 5, 6, 7, 8] 


OHE Idx : None


Ordinal Idx V2: [1, 2, 3]


Cat Dims V2 : [5, 7, 8]
Cat Idx V2 : [1, 2, 3] 
 

Train: [[0.6112431208100558 4.0 5.0 2.0 1.0136727753581982]
 [-1.201032367810269 2.0 3.0 6.0 -0.17665688506079638]
 [0.8430457995870739 4.0 4.0 5.0 1.0136727753581982]
 [1.4752349235243964 4.0 1.0 5.0 -1.5770447208478466]
 [-0.6109891854687679 2.0 2.0 5.0 -0.8068314111649679]
 [0.021199938468554752 1.0 3.0 3.0 -0.526753844007559]
 [0.253002617245573 1.0 1.0 3.0 0.03340129030725914]
 [-0.1684567987126422 4.0 6.0 5.0 1.0136727753581982]
 [0.4426593544267697 3.0 1.0 4.0 -0.6667926275862659]
 [1.517380865120218 3.0 1.0 2.0 0.5235370328327287]] 
 
 
Val : (17261, 9) 
 

~~~~~~~~~~~~~~~~~~~~~~~~~~~~~~~~~~~~~~~~~~~~~~~~~~~~~~~~~~~~~~~~~~~~~~~~~~~~~~~
Cat Idx V3 : None 
 

ERROR during preprocessing in inner fold 3: 'NoneType' object is not iterable
Skipping inner fold 3 due to preprocessing error.
  outer_1_inner Fold 4/5
Before Debugging -- Inner Fold 4
DEBUG Inner Fold 4: num_features: 9
DEBUG Inner Fold 4: num_classes: 1
DEBUG Inner Fold 4: cat_idx: [0]
DEBUG Inner Fold 4: nominal_idx: None
DEBUG Inner Fold 4: ordinal_idx: [1, 2, 3]
DEBUG Inner Fold 4: num_idx: None
DEBUG Inner Fold 4: cat_dims: [2]
DEBUG Inner Fold 4: bin_alt: None
~~~~~~~~~~~~~~~~~~~~~~~~~~~~~~~~~~~~~~~~~~~~~~~~~~~~~~~~~~~~~~~~~~~~~~~~~~~~~~~
BEFORE ANY ENCODING
num_features :9
num_classes : 1
cat_idx : [0]
nominal_idx : None
ordinal_idx : [1, 2, 3]
num_idx : None
cat_dims : [2]
bin_alt : None 


X_train shape : (17261, 9)
~~~~~~~~~~~~~~~~~~~~~~~~~~~~~~~~~~~~~~~~~~~~~~~~~~~~~~~~~~~~~~~~~~~~~~~~~~~~~~~
~~~~~~~~~~~~~~~~~~~~~~~~~~~~~~~~~~~~~~~~~~~~~~~~~~~~~~~~~~~~~~~~~~~~~~~~~~~~~~~
AFTER getting cat idx
Nominal Index : None
Ordinal Index : [1, 2, 3]
Cat Idx : [0]
Cat dims : [2]
~~~~~~~~~~~~~~~~~~~~~~~~~~~~~~~~~~~~~~~~~~~~~~~~~~~~~~~~~~~~~~~~~~~~~~~~~~~~~~~
BEFORE getting cat idx
Nominal Index : None
Ordinal Index : [1, 2, 3]
Cat Idx : [1, 2, 3]
Cat dims : []
No one Hot for this Baby!!! 

~~~~~~~~~~~~~~~~~~~~~~~~~~~~~~~~~~~~~~~~~~~~~~~~~~~~~~~~~~~~~~~~~~~~~~~~~~~~~~~ 


AFTER SEPARATING CATEGORICALS AND NUMERICALS
Ordinal Index : [1, 2, 3]
Numerical Index V1 : [0, 4, 5, 6, 7, 8]
Cat Idx V1 : [1, 2, 3] 
Cat Dims V1 : [5, 7, 8]
 

~~~~~~~~~~~~~~~~~~~~~~~~~~~~~~~~~~~~~~~~~~~~~~~~~~~~~~~~~~~~~~~~~~~~~~~~~~~~~~~ 


Scaling the data...
~~~~~~~~~~~~~~~~~~~~~~~~~~~~~~~~~~~~~~~~~~~~~~~~~~~~~~~~~~~~~~~~~~~~~~~~~~~~~~~
After OHE
Numerical Index V2 : [0, 4, 5, 6, 7, 8] 


OHE Idx : None


Ordinal Idx V2: [1, 2, 3]


Cat Dims V2 : [5, 7, 8]
Cat Idx V2 : [1, 2, 3] 
 

Train: [[0.616760552569223 4.0 5.0 2.0 1.0102506504486326]
 [-1.1965499682806273 2.0 3.0 6.0 -0.16954041058832597]
 [0.8486956191895524 4.0 4.0 5.0 1.0102506504486326]
 [1.4812458008813605 4.0 1.0 5.0 -1.5575298941612161]
 [-0.6061697987016063 2.0 2.0 5.0 -0.7941356781961255]
 [0.026380382990201984 1.0 3.0 3.0 -0.5165377814815485]
 [-0.16338467151734062 4.0 6.0 5.0 1.0102506504486326]
 [0.448080504118074 3.0 1.0 4.0 -0.6553367298388395]
 [1.5234158129941477 3.0 1.0 2.0 0.5244543311981191]
 [-1.0278699198294783 2.0 4.0 5.0 0.31625590866218756]] 
 
 
Val : (17261, 9) 
 

~~~~~~~~~~~~~~~~~~~~~~~~~~~~~~~~~~~~~~~~~~~~~~~~~~~~~~~~~~~~~~~~~~~~~~~~~~~~~~~
Cat Idx V3 : None 
 

ERROR during preprocessing in inner fold 4: 'NoneType' object is not iterable
Skipping inner fold 4 due to preprocessing error.
  outer_1_inner Fold 5/5
Before Debugging -- Inner Fold 5
DEBUG Inner Fold 5: num_features: 9
DEBUG Inner Fold 5: num_classes: 1
DEBUG Inner Fold 5: cat_idx: [0]
DEBUG Inner Fold 5: nominal_idx: None
DEBUG Inner Fold 5: ordinal_idx: [1, 2, 3]
DEBUG Inner Fold 5: num_idx: None
DEBUG Inner Fold 5: cat_dims: [2]
DEBUG Inner Fold 5: bin_alt: None
~~~~~~~~~~~~~~~~~~~~~~~~~~~~~~~~~~~~~~~~~~~~~~~~~~~~~~~~~~~~~~~~~~~~~~~~~~~~~~~
BEFORE ANY ENCODING
num_features :9
num_classes : 1
cat_idx : [0]
nominal_idx : None
ordinal_idx : [1, 2, 3]
num_idx : None
cat_dims : [2]
bin_alt : None 


X_train shape : (17261, 9)
~~~~~~~~~~~~~~~~~~~~~~~~~~~~~~~~~~~~~~~~~~~~~~~~~~~~~~~~~~~~~~~~~~~~~~~~~~~~~~~
~~~~~~~~~~~~~~~~~~~~~~~~~~~~~~~~~~~~~~~~~~~~~~~~~~~~~~~~~~~~~~~~~~~~~~~~~~~~~~~
AFTER getting cat idx
Nominal Index : None
Ordinal Index : [1, 2, 3]
Cat Idx : [0]
Cat dims : [2]
~~~~~~~~~~~~~~~~~~~~~~~~~~~~~~~~~~~~~~~~~~~~~~~~~~~~~~~~~~~~~~~~~~~~~~~~~~~~~~~
BEFORE getting cat idx
Nominal Index : None
Ordinal Index : [1, 2, 3]
Cat Idx : [1, 2, 3]
Cat dims : []
No one Hot for this Baby!!! 

~~~~~~~~~~~~~~~~~~~~~~~~~~~~~~~~~~~~~~~~~~~~~~~~~~~~~~~~~~~~~~~~~~~~~~~~~~~~~~~ 


AFTER SEPARATING CATEGORICALS AND NUMERICALS
Ordinal Index : [1, 2, 3]
Numerical Index V1 : [0, 4, 5, 6, 7, 8]
Cat Idx V1 : [1, 2, 3] 
Cat Dims V1 : [5, 7, 8]
 

~~~~~~~~~~~~~~~~~~~~~~~~~~~~~~~~~~~~~~~~~~~~~~~~~~~~~~~~~~~~~~~~~~~~~~~~~~~~~~~ 


Scaling the data...
~~~~~~~~~~~~~~~~~~~~~~~~~~~~~~~~~~~~~~~~~~~~~~~~~~~~~~~~~~~~~~~~~~~~~~~~~~~~~~~
After OHE
Numerical Index V2 : [0, 4, 5, 6, 7, 8] 


OHE Idx : None


Ordinal Idx V2: [1, 2, 3]


Cat Dims V2 : [5, 7, 8]
Cat Idx V2 : [1, 2, 3] 
 

Train: [[0.8395779267362239 4.0 4.0 5.0 1.0024612546444691]
 [-0.6066370721272537 2.0 2.0 5.0 -0.7978643899363277]
 [0.2527080721249577 1.0 1.0 3.0 0.03305513833172896]
 [-0.16648468116880408 4.0 6.0 5.0 1.0024612546444691]
 [0.4413448111071504 3.0 1.0 4.0 -0.659377801891654]
 [-0.04072685518067547 4.0 3.0 2.0 0.8639746665997905]
 [0.6719008254187195 3.0 3.0 3.0 -0.5208912138469755]
 [-0.5227985214685014 1.0 4.0 2.0 1.2794344307338212]
 [-0.1874443188334922 3.0 0.0 4.0 -2.528946740494785]
 [-0.6275967097919418 4.0 3.0 2.0 -1.6980272122267284]] 
 
 
Val : (17261, 9) 
 

~~~~~~~~~~~~~~~~~~~~~~~~~~~~~~~~~~~~~~~~~~~~~~~~~~~~~~~~~~~~~~~~~~~~~~~~~~~~~~~
Cat Idx V3 : None 
 

ERROR during preprocessing in inner fold 5: 'NoneType' object is not iterable
Skipping inner fold 5 due to preprocessing error.
Warning: No inner folds completed successfully for HPO trial.
ERROR saving hyperparameters to file coz inner_cs issues: 'float' object has no attribute 'get_results'
  outer_1_inner Fold 1/5
Before Debugging -- Inner Fold 1
DEBUG Inner Fold 1: num_features: 9
DEBUG Inner Fold 1: num_classes: 1
DEBUG Inner Fold 1: cat_idx: [0]
DEBUG Inner Fold 1: nominal_idx: None
DEBUG Inner Fold 1: ordinal_idx: [1, 2, 3]
DEBUG Inner Fold 1: num_idx: None
DEBUG Inner Fold 1: cat_dims: [2]
DEBUG Inner Fold 1: bin_alt: None
~~~~~~~~~~~~~~~~~~~~~~~~~~~~~~~~~~~~~~~~~~~~~~~~~~~~~~~~~~~~~~~~~~~~~~~~~~~~~~~
BEFORE ANY ENCODING
num_features :9
num_classes : 1
cat_idx : [0]
nominal_idx : None
ordinal_idx : [1, 2, 3]
num_idx : None
cat_dims : [2]
bin_alt : None 


X_train shape : (17260, 9)
~~~~~~~~~~~~~~~~~~~~~~~~~~~~~~~~~~~~~~~~~~~~~~~~~~~~~~~~~~~~~~~~~~~~~~~~~~~~~~~
~~~~~~~~~~~~~~~~~~~~~~~~~~~~~~~~~~~~~~~~~~~~~~~~~~~~~~~~~~~~~~~~~~~~~~~~~~~~~~~
AFTER getting cat idx
Nominal Index : None
Ordinal Index : [1, 2, 3]
Cat Idx : [0]
Cat dims : [2]
~~~~~~~~~~~~~~~~~~~~~~~~~~~~~~~~~~~~~~~~~~~~~~~~~~~~~~~~~~~~~~~~~~~~~~~~~~~~~~~
BEFORE getting cat idx
Nominal Index : None
Ordinal Index : [1, 2, 3]
Cat Idx : [1, 2, 3]
Cat dims : []
No one Hot for this Baby!!! 

~~~~~~~~~~~~~~~~~~~~~~~~~~~~~~~~~~~~~~~~~~~~~~~~~~~~~~~~~~~~~~~~~~~~~~~~~~~~~~~ 


AFTER SEPARATING CATEGORICALS AND NUMERICALS
Ordinal Index : [1, 2, 3]
Numerical Index V1 : [0, 4, 5, 6, 7, 8]
Cat Idx V1 : [1, 2, 3] 
Cat Dims V1 : [5, 7, 8]
 

~~~~~~~~~~~~~~~~~~~~~~~~~~~~~~~~~~~~~~~~~~~~~~~~~~~~~~~~~~~~~~~~~~~~~~~~~~~~~~~ 


Scaling the data...
~~~~~~~~~~~~~~~~~~~~~~~~~~~~~~~~~~~~~~~~~~~~~~~~~~~~~~~~~~~~~~~~~~~~~~~~~~~~~~~
After OHE
Numerical Index V2 : [0, 4, 5, 6, 7, 8] 


OHE Idx : None


Ordinal Idx V2: [1, 2, 3]


Cat Dims V2 : [5, 7, 8]
Cat Idx V2 : [1, 2, 3] 
 

Train: [[0.6225457054620511 4.0 5.0 2.0 0.9989248448935043]
 [-1.194670981085347 2.0 3.0 6.0 -0.176742812466039]
 [1.4888931955602291 4.0 1.0 5.0 -1.5598812328890288]
 [-0.6030190366280547 2.0 2.0 5.0 -0.7991551016563834]
 [0.030893761004758692 1.0 3.0 3.0 -0.5225274175717864]
 [0.2633284534701235 1.0 1.0 3.0 0.030727950597407492]
 [0.45350229275996745 3.0 1.0 4.0 -0.6608412596140874]
 [1.53115404873575 3.0 1.0 2.0 0.5148263977454559]
 [-0.03249751875852269 4.0 3.0 2.0 0.8606110028512033]
 [-1.0256275683832636 2.0 4.0 5.0 0.3073556346820094]] 
 
 
Val : (17260, 9) 
 

~~~~~~~~~~~~~~~~~~~~~~~~~~~~~~~~~~~~~~~~~~~~~~~~~~~~~~~~~~~~~~~~~~~~~~~~~~~~~~~
Cat Idx V3 : None 
 

ERROR during preprocessing in inner fold 1: 'NoneType' object is not iterable
Skipping inner fold 1 due to preprocessing error.
  outer_1_inner Fold 2/5
Before Debugging -- Inner Fold 2
DEBUG Inner Fold 2: num_features: 9
DEBUG Inner Fold 2: num_classes: 1
DEBUG Inner Fold 2: cat_idx: [0]
DEBUG Inner Fold 2: nominal_idx: None
DEBUG Inner Fold 2: ordinal_idx: [1, 2, 3]
DEBUG Inner Fold 2: num_idx: None
DEBUG Inner Fold 2: cat_dims: [2]
DEBUG Inner Fold 2: bin_alt: None
~~~~~~~~~~~~~~~~~~~~~~~~~~~~~~~~~~~~~~~~~~~~~~~~~~~~~~~~~~~~~~~~~~~~~~~~~~~~~~~
BEFORE ANY ENCODING
num_features :9
num_classes : 1
cat_idx : [0]
nominal_idx : None
ordinal_idx : [1, 2, 3]
num_idx : None
cat_dims : [2]
bin_alt : None 


X_train shape : (17261, 9)
~~~~~~~~~~~~~~~~~~~~~~~~~~~~~~~~~~~~~~~~~~~~~~~~~~~~~~~~~~~~~~~~~~~~~~~~~~~~~~~
~~~~~~~~~~~~~~~~~~~~~~~~~~~~~~~~~~~~~~~~~~~~~~~~~~~~~~~~~~~~~~~~~~~~~~~~~~~~~~~
AFTER getting cat idx
Nominal Index : None
Ordinal Index : [1, 2, 3]
Cat Idx : [0]
Cat dims : [2]
~~~~~~~~~~~~~~~~~~~~~~~~~~~~~~~~~~~~~~~~~~~~~~~~~~~~~~~~~~~~~~~~~~~~~~~~~~~~~~~
BEFORE getting cat idx
Nominal Index : None
Ordinal Index : [1, 2, 3]
Cat Idx : [1, 2, 3]
Cat dims : []
No one Hot for this Baby!!! 

~~~~~~~~~~~~~~~~~~~~~~~~~~~~~~~~~~~~~~~~~~~~~~~~~~~~~~~~~~~~~~~~~~~~~~~~~~~~~~~ 


AFTER SEPARATING CATEGORICALS AND NUMERICALS
Ordinal Index : [1, 2, 3]
Numerical Index V1 : [0, 4, 5, 6, 7, 8]
Cat Idx V1 : [1, 2, 3] 
Cat Dims V1 : [5, 7, 8]
 

~~~~~~~~~~~~~~~~~~~~~~~~~~~~~~~~~~~~~~~~~~~~~~~~~~~~~~~~~~~~~~~~~~~~~~~~~~~~~~~ 


Scaling the data...
~~~~~~~~~~~~~~~~~~~~~~~~~~~~~~~~~~~~~~~~~~~~~~~~~~~~~~~~~~~~~~~~~~~~~~~~~~~~~~~
After OHE
Numerical Index V2 : [0, 4, 5, 6, 7, 8] 


OHE Idx : None


Ordinal Idx V2: [1, 2, 3]


Cat Dims V2 : [5, 7, 8]
Cat Idx V2 : [1, 2, 3] 
 

Train: [[0.6109617739717782 4.0 5.0 2.0 1.000277349647564]
 [-1.1923108992151565 2.0 3.0 6.0 -0.17921240590405657]
 [0.8416129298445254 4.0 4.0 5.0 1.000277349647564]
 [1.4706615367702003 4.0 1.0 5.0 -1.5668474124353726]
 [0.023849740841148288 1.0 3.0 3.0 -0.5261211575368856]
 [0.2545008967138957 1.0 1.0 3.0 0.02893284507563885]
 [-0.16486484123655434 4.0 6.0 5.0 1.000277349647564]
 [1.5125981105652453 3.0 1.0 2.0 0.5146050973616014]
 [-0.039055119851419254 4.0 3.0 2.0 0.8615138489944304]
 [-1.0245646040349765 2.0 4.0 5.0 0.306459846381906]] 
 
 
Val : (17261, 9) 
 

~~~~~~~~~~~~~~~~~~~~~~~~~~~~~~~~~~~~~~~~~~~~~~~~~~~~~~~~~~~~~~~~~~~~~~~~~~~~~~~
Cat Idx V3 : None 
 

ERROR during preprocessing in inner fold 2: 'NoneType' object is not iterable
Skipping inner fold 2 due to preprocessing error.
  outer_1_inner Fold 3/5
Before Debugging -- Inner Fold 3
DEBUG Inner Fold 3: num_features: 9
DEBUG Inner Fold 3: num_classes: 1
DEBUG Inner Fold 3: cat_idx: [0]
DEBUG Inner Fold 3: nominal_idx: None
DEBUG Inner Fold 3: ordinal_idx: [1, 2, 3]
DEBUG Inner Fold 3: num_idx: None
DEBUG Inner Fold 3: cat_dims: [2]
DEBUG Inner Fold 3: bin_alt: None
~~~~~~~~~~~~~~~~~~~~~~~~~~~~~~~~~~~~~~~~~~~~~~~~~~~~~~~~~~~~~~~~~~~~~~~~~~~~~~~
BEFORE ANY ENCODING
num_features :9
num_classes : 1
cat_idx : [0]
nominal_idx : None
ordinal_idx : [1, 2, 3]
num_idx : None
cat_dims : [2]
bin_alt : None 


X_train shape : (17261, 9)
~~~~~~~~~~~~~~~~~~~~~~~~~~~~~~~~~~~~~~~~~~~~~~~~~~~~~~~~~~~~~~~~~~~~~~~~~~~~~~~
~~~~~~~~~~~~~~~~~~~~~~~~~~~~~~~~~~~~~~~~~~~~~~~~~~~~~~~~~~~~~~~~~~~~~~~~~~~~~~~
AFTER getting cat idx
Nominal Index : None
Ordinal Index : [1, 2, 3]
Cat Idx : [0]
Cat dims : [2]
~~~~~~~~~~~~~~~~~~~~~~~~~~~~~~~~~~~~~~~~~~~~~~~~~~~~~~~~~~~~~~~~~~~~~~~~~~~~~~~
BEFORE getting cat idx
Nominal Index : None
Ordinal Index : [1, 2, 3]
Cat Idx : [1, 2, 3]
Cat dims : []
No one Hot for this Baby!!! 

~~~~~~~~~~~~~~~~~~~~~~~~~~~~~~~~~~~~~~~~~~~~~~~~~~~~~~~~~~~~~~~~~~~~~~~~~~~~~~~ 


AFTER SEPARATING CATEGORICALS AND NUMERICALS
Ordinal Index : [1, 2, 3]
Numerical Index V1 : [0, 4, 5, 6, 7, 8]
Cat Idx V1 : [1, 2, 3] 
Cat Dims V1 : [5, 7, 8]
 

~~~~~~~~~~~~~~~~~~~~~~~~~~~~~~~~~~~~~~~~~~~~~~~~~~~~~~~~~~~~~~~~~~~~~~~~~~~~~~~ 


Scaling the data...
~~~~~~~~~~~~~~~~~~~~~~~~~~~~~~~~~~~~~~~~~~~~~~~~~~~~~~~~~~~~~~~~~~~~~~~~~~~~~~~
After OHE
Numerical Index V2 : [0, 4, 5, 6, 7, 8] 


OHE Idx : None


Ordinal Idx V2: [1, 2, 3]


Cat Dims V2 : [5, 7, 8]
Cat Idx V2 : [1, 2, 3] 
 

Train: [[0.6112431208100558 4.0 5.0 2.0 1.0136727753581982]
 [-1.201032367810269 2.0 3.0 6.0 -0.17665688506079638]
 [0.8430457995870739 4.0 4.0 5.0 1.0136727753581982]
 [1.4752349235243964 4.0 1.0 5.0 -1.5770447208478466]
 [-0.6109891854687679 2.0 2.0 5.0 -0.8068314111649679]
 [0.021199938468554752 1.0 3.0 3.0 -0.526753844007559]
 [0.253002617245573 1.0 1.0 3.0 0.03340129030725914]
 [-0.1684567987126422 4.0 6.0 5.0 1.0136727753581982]
 [0.4426593544267697 3.0 1.0 4.0 -0.6667926275862659]
 [1.517380865120218 3.0 1.0 2.0 0.5235370328327287]] 
 
 
Val : (17261, 9) 
 

~~~~~~~~~~~~~~~~~~~~~~~~~~~~~~~~~~~~~~~~~~~~~~~~~~~~~~~~~~~~~~~~~~~~~~~~~~~~~~~
Cat Idx V3 : None 
 

ERROR during preprocessing in inner fold 3: 'NoneType' object is not iterable
Skipping inner fold 3 due to preprocessing error.
  outer_1_inner Fold 4/5
Before Debugging -- Inner Fold 4
DEBUG Inner Fold 4: num_features: 9
DEBUG Inner Fold 4: num_classes: 1
DEBUG Inner Fold 4: cat_idx: [0]
DEBUG Inner Fold 4: nominal_idx: None
DEBUG Inner Fold 4: ordinal_idx: [1, 2, 3]
DEBUG Inner Fold 4: num_idx: None
DEBUG Inner Fold 4: cat_dims: [2]
DEBUG Inner Fold 4: bin_alt: None
~~~~~~~~~~~~~~~~~~~~~~~~~~~~~~~~~~~~~~~~~~~~~~~~~~~~~~~~~~~~~~~~~~~~~~~~~~~~~~~
BEFORE ANY ENCODING
num_features :9
num_classes : 1
cat_idx : [0]
nominal_idx : None
ordinal_idx : [1, 2, 3]
num_idx : None
cat_dims : [2]
bin_alt : None 


X_train shape : (17261, 9)
~~~~~~~~~~~~~~~~~~~~~~~~~~~~~~~~~~~~~~~~~~~~~~~~~~~~~~~~~~~~~~~~~~~~~~~~~~~~~~~
~~~~~~~~~~~~~~~~~~~~~~~~~~~~~~~~~~~~~~~~~~~~~~~~~~~~~~~~~~~~~~~~~~~~~~~~~~~~~~~
AFTER getting cat idx
Nominal Index : None
Ordinal Index : [1, 2, 3]
Cat Idx : [0]
Cat dims : [2]
~~~~~~~~~~~~~~~~~~~~~~~~~~~~~~~~~~~~~~~~~~~~~~~~~~~~~~~~~~~~~~~~~~~~~~~~~~~~~~~
BEFORE getting cat idx
Nominal Index : None
Ordinal Index : [1, 2, 3]
Cat Idx : [1, 2, 3]
Cat dims : []
No one Hot for this Baby!!! 

~~~~~~~~~~~~~~~~~~~~~~~~~~~~~~~~~~~~~~~~~~~~~~~~~~~~~~~~~~~~~~~~~~~~~~~~~~~~~~~ 


AFTER SEPARATING CATEGORICALS AND NUMERICALS
Ordinal Index : [1, 2, 3]
Numerical Index V1 : [0, 4, 5, 6, 7, 8]
Cat Idx V1 : [1, 2, 3] 
Cat Dims V1 : [5, 7, 8]
 

~~~~~~~~~~~~~~~~~~~~~~~~~~~~~~~~~~~~~~~~~~~~~~~~~~~~~~~~~~~~~~~~~~~~~~~~~~~~~~~ 


Scaling the data...
~~~~~~~~~~~~~~~~~~~~~~~~~~~~~~~~~~~~~~~~~~~~~~~~~~~~~~~~~~~~~~~~~~~~~~~~~~~~~~~
After OHE
Numerical Index V2 : [0, 4, 5, 6, 7, 8] 


OHE Idx : None


Ordinal Idx V2: [1, 2, 3]


Cat Dims V2 : [5, 7, 8]
Cat Idx V2 : [1, 2, 3] 
 

Train: [[0.616760552569223 4.0 5.0 2.0 1.0102506504486326]
 [-1.1965499682806273 2.0 3.0 6.0 -0.16954041058832597]
 [0.8486956191895524 4.0 4.0 5.0 1.0102506504486326]
 [1.4812458008813605 4.0 1.0 5.0 -1.5575298941612161]
 [-0.6061697987016063 2.0 2.0 5.0 -0.7941356781961255]
 [0.026380382990201984 1.0 3.0 3.0 -0.5165377814815485]
 [-0.16338467151734062 4.0 6.0 5.0 1.0102506504486326]
 [0.448080504118074 3.0 1.0 4.0 -0.6553367298388395]
 [1.5234158129941477 3.0 1.0 2.0 0.5244543311981191]
 [-1.0278699198294783 2.0 4.0 5.0 0.31625590866218756]] 
 
 
Val : (17261, 9) 
 

~~~~~~~~~~~~~~~~~~~~~~~~~~~~~~~~~~~~~~~~~~~~~~~~~~~~~~~~~~~~~~~~~~~~~~~~~~~~~~~
Cat Idx V3 : None 
 

ERROR during preprocessing in inner fold 4: 'NoneType' object is not iterable
Skipping inner fold 4 due to preprocessing error.
  outer_1_inner Fold 5/5
Before Debugging -- Inner Fold 5
DEBUG Inner Fold 5: num_features: 9
DEBUG Inner Fold 5: num_classes: 1
DEBUG Inner Fold 5: cat_idx: [0]
DEBUG Inner Fold 5: nominal_idx: None
DEBUG Inner Fold 5: ordinal_idx: [1, 2, 3]
DEBUG Inner Fold 5: num_idx: None
DEBUG Inner Fold 5: cat_dims: [2]
DEBUG Inner Fold 5: bin_alt: None
~~~~~~~~~~~~~~~~~~~~~~~~~~~~~~~~~~~~~~~~~~~~~~~~~~~~~~~~~~~~~~~~~~~~~~~~~~~~~~~
BEFORE ANY ENCODING
num_features :9
num_classes : 1
cat_idx : [0]
nominal_idx : None
ordinal_idx : [1, 2, 3]
num_idx : None
cat_dims : [2]
bin_alt : None 


X_train shape : (17261, 9)
~~~~~~~~~~~~~~~~~~~~~~~~~~~~~~~~~~~~~~~~~~~~~~~~~~~~~~~~~~~~~~~~~~~~~~~~~~~~~~~
~~~~~~~~~~~~~~~~~~~~~~~~~~~~~~~~~~~~~~~~~~~~~~~~~~~~~~~~~~~~~~~~~~~~~~~~~~~~~~~
AFTER getting cat idx
Nominal Index : None
Ordinal Index : [1, 2, 3]
Cat Idx : [0]
Cat dims : [2]
~~~~~~~~~~~~~~~~~~~~~~~~~~~~~~~~~~~~~~~~~~~~~~~~~~~~~~~~~~~~~~~~~~~~~~~~~~~~~~~
BEFORE getting cat idx
Nominal Index : None
Ordinal Index : [1, 2, 3]
Cat Idx : [1, 2, 3]
Cat dims : []
No one Hot for this Baby!!! 

~~~~~~~~~~~~~~~~~~~~~~~~~~~~~~~~~~~~~~~~~~~~~~~~~~~~~~~~~~~~~~~~~~~~~~~~~~~~~~~ 


AFTER SEPARATING CATEGORICALS AND NUMERICALS
Ordinal Index : [1, 2, 3]
Numerical Index V1 : [0, 4, 5, 6, 7, 8]
Cat Idx V1 : [1, 2, 3] 
Cat Dims V1 : [5, 7, 8]
 

~~~~~~~~~~~~~~~~~~~~~~~~~~~~~~~~~~~~~~~~~~~~~~~~~~~~~~~~~~~~~~~~~~~~~~~~~~~~~~~ 


Scaling the data...
~~~~~~~~~~~~~~~~~~~~~~~~~~~~~~~~~~~~~~~~~~~~~~~~~~~~~~~~~~~~~~~~~~~~~~~~~~~~~~~
After OHE
Numerical Index V2 : [0, 4, 5, 6, 7, 8] 


OHE Idx : None


Ordinal Idx V2: [1, 2, 3]


Cat Dims V2 : [5, 7, 8]
Cat Idx V2 : [1, 2, 3] 
 

Train: [[0.8395779267362239 4.0 4.0 5.0 1.0024612546444691]
 [-0.6066370721272537 2.0 2.0 5.0 -0.7978643899363277]
 [0.2527080721249577 1.0 1.0 3.0 0.03305513833172896]
 [-0.16648468116880408 4.0 6.0 5.0 1.0024612546444691]
 [0.4413448111071504 3.0 1.0 4.0 -0.659377801891654]
 [-0.04072685518067547 4.0 3.0 2.0 0.8639746665997905]
 [0.6719008254187195 3.0 3.0 3.0 -0.5208912138469755]
 [-0.5227985214685014 1.0 4.0 2.0 1.2794344307338212]
 [-0.1874443188334922 3.0 0.0 4.0 -2.528946740494785]
 [-0.6275967097919418 4.0 3.0 2.0 -1.6980272122267284]] 
 
 
Val : (17261, 9) 
 

~~~~~~~~~~~~~~~~~~~~~~~~~~~~~~~~~~~~~~~~~~~~~~~~~~~~~~~~~~~~~~~~~~~~~~~~~~~~~~~
Cat Idx V3 : None 
 

ERROR during preprocessing in inner fold 5: 'NoneType' object is not iterable
Skipping inner fold 5 due to preprocessing error.
Warning: No inner folds completed successfully for HPO trial.
ERROR saving hyperparameters to file coz inner_cs issues: 'float' object has no attribute 'get_results'
Best Hyperparameters found for Outer Fold 1: {'learning_rate': 0.020487402781282863, 'max_depth': 8, 'l2_leaf_reg': 1.9179273608291745}
Best Inner CV Score : 0.0000
Hyperparameter Optimization for Outer Fold 1 finished in 1.00 seconds.
Before Debugging -- Outer Fold 1
DEBUG Outer Fold 1: num_features: 9
DEBUG Outer Fold 1: num_classes: 1
DEBUG Outer Fold 1: cat_idx: [0]
DEBUG Outer Fold 1: nominal_idx: None
DEBUG Outer Fold 1: ordinal_idx: [1, 2, 3]
DEBUG Outer Fold 1: num_idx: None
DEBUG Outer Fold 1: cat_dims: [2]
DEBUG Outer Fold 1: bin_alt: None
~~~~~~~~~~~~~~~~~~~~~~~~~~~~~~~~~~~~~~~~~~~~~~~~~~~~~~~~~~~~~~~~~~~~~~~~~~~~~~~
BEFORE ANY ENCODING
num_features :9
num_classes : 1
cat_idx : [0]
nominal_idx : None
ordinal_idx : [1, 2, 3]
num_idx : None
cat_dims : [2]
bin_alt : None 


X_train shape : (21576, 9)
~~~~~~~~~~~~~~~~~~~~~~~~~~~~~~~~~~~~~~~~~~~~~~~~~~~~~~~~~~~~~~~~~~~~~~~~~~~~~~~
~~~~~~~~~~~~~~~~~~~~~~~~~~~~~~~~~~~~~~~~~~~~~~~~~~~~~~~~~~~~~~~~~~~~~~~~~~~~~~~
AFTER getting cat idx
Nominal Index : None
Ordinal Index : [1, 2, 3]
Cat Idx : [0]
Cat dims : [2]
~~~~~~~~~~~~~~~~~~~~~~~~~~~~~~~~~~~~~~~~~~~~~~~~~~~~~~~~~~~~~~~~~~~~~~~~~~~~~~~
BEFORE getting cat idx
Nominal Index : None
Ordinal Index : [1, 2, 3]
Cat Idx : [1, 2, 3]
Cat dims : []
No one Hot for this Baby!!! 

~~~~~~~~~~~~~~~~~~~~~~~~~~~~~~~~~~~~~~~~~~~~~~~~~~~~~~~~~~~~~~~~~~~~~~~~~~~~~~~ 


AFTER SEPARATING CATEGORICALS AND NUMERICALS
Ordinal Index : [1, 2, 3]
Numerical Index V1 : [0, 4, 5, 6, 7, 8]
Cat Idx V1 : [1, 2, 3] 
Cat Dims V1 : [5, 7, 8]
 

~~~~~~~~~~~~~~~~~~~~~~~~~~~~~~~~~~~~~~~~~~~~~~~~~~~~~~~~~~~~~~~~~~~~~~~~~~~~~~~ 


Scaling the data...
~~~~~~~~~~~~~~~~~~~~~~~~~~~~~~~~~~~~~~~~~~~~~~~~~~~~~~~~~~~~~~~~~~~~~~~~~~~~~~~
After OHE
Numerical Index V2 : [0, 4, 5, 6, 7, 8] 


OHE Idx : None


Ordinal Idx V2: [1, 2, 3]


Cat Dims V2 : [5, 7, 8]
Cat Idx V2 : [1, 2, 3] 
 

Train: [[0.6140862490560484 4.0 5.0 2.0 1.0050816633459132]
 [-1.1955959250996897 2.0 3.0 6.0 -0.175361411046495]
 [0.845557224820154 4.0 4.0 5.0 1.0050816633459132]
 [1.476841704176807 4.0 1.0 5.0 -1.5641179691552083]
 [-0.6063970777001471 2.0 2.0 5.0 -0.800301862195415]
 [0.024887401656505714 1.0 3.0 3.0 -0.5225505505736733]
 [0.2563583774206117 1.0 1.0 3.0 0.03295207266981003]
 [-0.16449794215049027 4.0 6.0 5.0 1.0050816633459132]
 [0.4457437212276074 3.0 1.0 4.0 -0.6614262063845466]
 [1.518927336133917 3.0 1.0 2.0 0.5190168680078616]] 
 
 
Val : (21576, 9) 
 

~~~~~~~~~~~~~~~~~~~~~~~~~~~~~~~~~~~~~~~~~~~~~~~~~~~~~~~~~~~~~~~~~~~~~~~~~~~~~~~
Cat Idx V3 : None 
 

ERROR during preprocessing for final model training in outer fold 1: 'NoneType' object is not iterable
Skipping outer fold 1 due to preprocessing error.

--- Outer Fold 2/2 ---
Starting Hyperparameter Optimization for Outer Fold 2...
  outer_2_inner Fold 1/5
Before Debugging -- Inner Fold 1
DEBUG Inner Fold 1: num_features: 9
DEBUG Inner Fold 1: num_classes: 1
DEBUG Inner Fold 1: cat_idx: [0]
DEBUG Inner Fold 1: nominal_idx: None
DEBUG Inner Fold 1: ordinal_idx: [1, 2, 3]
DEBUG Inner Fold 1: num_idx: None
DEBUG Inner Fold 1: cat_dims: [2]
DEBUG Inner Fold 1: bin_alt: None
~~~~~~~~~~~~~~~~~~~~~~~~~~~~~~~~~~~~~~~~~~~~~~~~~~~~~~~~~~~~~~~~~~~~~~~~~~~~~~~
BEFORE ANY ENCODING
num_features :9
num_classes : 1
cat_idx : [0]
nominal_idx : None
ordinal_idx : [1, 2, 3]
num_idx : None
cat_dims : [2]
bin_alt : None 


X_train shape : (17260, 9)
~~~~~~~~~~~~~~~~~~~~~~~~~~~~~~~~~~~~~~~~~~~~~~~~~~~~~~~~~~~~~~~~~~~~~~~~~~~~~~~
~~~~~~~~~~~~~~~~~~~~~~~~~~~~~~~~~~~~~~~~~~~~~~~~~~~~~~~~~~~~~~~~~~~~~~~~~~~~~~~
AFTER getting cat idx
Nominal Index : None
Ordinal Index : [1, 2, 3]
Cat Idx : [0]
Cat dims : [2]
~~~~~~~~~~~~~~~~~~~~~~~~~~~~~~~~~~~~~~~~~~~~~~~~~~~~~~~~~~~~~~~~~~~~~~~~~~~~~~~
BEFORE getting cat idx
Nominal Index : None
Ordinal Index : [1, 2, 3]
Cat Idx : [1, 2, 3]
Cat dims : []
No one Hot for this Baby!!! 

~~~~~~~~~~~~~~~~~~~~~~~~~~~~~~~~~~~~~~~~~~~~~~~~~~~~~~~~~~~~~~~~~~~~~~~~~~~~~~~ 


AFTER SEPARATING CATEGORICALS AND NUMERICALS
Ordinal Index : [1, 2, 3]
Numerical Index V1 : [0, 4, 5, 6, 7, 8]
Cat Idx V1 : [1, 2, 3] 
Cat Dims V1 : [5, 7, 8]
 

~~~~~~~~~~~~~~~~~~~~~~~~~~~~~~~~~~~~~~~~~~~~~~~~~~~~~~~~~~~~~~~~~~~~~~~~~~~~~~~ 


Scaling the data...
~~~~~~~~~~~~~~~~~~~~~~~~~~~~~~~~~~~~~~~~~~~~~~~~~~~~~~~~~~~~~~~~~~~~~~~~~~~~~~~
After OHE
Numerical Index V2 : [0, 4, 5, 6, 7, 8] 


OHE Idx : None


Ordinal Idx V2: [1, 2, 3]


Cat Dims V2 : [5, 7, 8]
Cat Idx V2 : [1, 2, 3] 
 

Train: [[0.6185148921667437 4.0 5.0 2.0 1.0206070134939544]
 [-1.2031349429234803 2.0 3.0 6.0 -0.1663344171757495]
 [0.851516615259679 4.0 4.0 5.0 1.0206070134939544]
 [-0.20758212607184648 1.0 4.0 7.0 0.25258608776649927]
 [1.4869758600585943 4.0 1.0 5.0 -1.5627361003165754]
 [-0.610039647777826 2.0 2.0 5.0 -0.7947151745891201]
 [-0.1652181764185854 4.0 6.0 5.0 1.0206070134939544]
 [0.44905909355369944 3.0 1.0 4.0 -0.6550750062750406]
 [1.5293398097118553 3.0 1.0 2.0 0.5318664243946635]
 [-1.0336791443104363 2.0 4.0 5.0 0.32240617192354154]] 
 
 
Val : (17260, 9) 
 

~~~~~~~~~~~~~~~~~~~~~~~~~~~~~~~~~~~~~~~~~~~~~~~~~~~~~~~~~~~~~~~~~~~~~~~~~~~~~~~
Cat Idx V3 : None 
 

ERROR during preprocessing in inner fold 1: 'NoneType' object is not iterable
Skipping inner fold 1 due to preprocessing error.
  outer_2_inner Fold 2/5
Before Debugging -- Inner Fold 2
DEBUG Inner Fold 2: num_features: 9
DEBUG Inner Fold 2: num_classes: 1
DEBUG Inner Fold 2: cat_idx: [0]
DEBUG Inner Fold 2: nominal_idx: None
DEBUG Inner Fold 2: ordinal_idx: [1, 2, 3]
DEBUG Inner Fold 2: num_idx: None
DEBUG Inner Fold 2: cat_dims: [2]
DEBUG Inner Fold 2: bin_alt: None
~~~~~~~~~~~~~~~~~~~~~~~~~~~~~~~~~~~~~~~~~~~~~~~~~~~~~~~~~~~~~~~~~~~~~~~~~~~~~~~
BEFORE ANY ENCODING
num_features :9
num_classes : 1
cat_idx : [0]
nominal_idx : None
ordinal_idx : [1, 2, 3]
num_idx : None
cat_dims : [2]
bin_alt : None 


X_train shape : (17261, 9)
~~~~~~~~~~~~~~~~~~~~~~~~~~~~~~~~~~~~~~~~~~~~~~~~~~~~~~~~~~~~~~~~~~~~~~~~~~~~~~~
~~~~~~~~~~~~~~~~~~~~~~~~~~~~~~~~~~~~~~~~~~~~~~~~~~~~~~~~~~~~~~~~~~~~~~~~~~~~~~~
AFTER getting cat idx
Nominal Index : None
Ordinal Index : [1, 2, 3]
Cat Idx : [0]
Cat dims : [2]
~~~~~~~~~~~~~~~~~~~~~~~~~~~~~~~~~~~~~~~~~~~~~~~~~~~~~~~~~~~~~~~~~~~~~~~~~~~~~~~
BEFORE getting cat idx
Nominal Index : None
Ordinal Index : [1, 2, 3]
Cat Idx : [1, 2, 3]
Cat dims : []
No one Hot for this Baby!!! 

~~~~~~~~~~~~~~~~~~~~~~~~~~~~~~~~~~~~~~~~~~~~~~~~~~~~~~~~~~~~~~~~~~~~~~~~~~~~~~~ 


AFTER SEPARATING CATEGORICALS AND NUMERICALS
Ordinal Index : [1, 2, 3]
Numerical Index V1 : [0, 4, 5, 6, 7, 8]
Cat Idx V1 : [1, 2, 3] 
Cat Dims V1 : [5, 7, 8]
 

~~~~~~~~~~~~~~~~~~~~~~~~~~~~~~~~~~~~~~~~~~~~~~~~~~~~~~~~~~~~~~~~~~~~~~~~~~~~~~~ 


Scaling the data...
~~~~~~~~~~~~~~~~~~~~~~~~~~~~~~~~~~~~~~~~~~~~~~~~~~~~~~~~~~~~~~~~~~~~~~~~~~~~~~~
After OHE
Numerical Index V2 : [0, 4, 5, 6, 7, 8] 


OHE Idx : None


Ordinal Idx V2: [1, 2, 3]


Cat Dims V2 : [5, 7, 8]
Cat Idx V2 : [1, 2, 3] 
 

Train: [[0.6169811862022413 4.0 5.0 2.0 1.0050571338200192]
 [-1.199925196517285 2.0 3.0 6.0 -0.16840263626641364]
 [0.46909345737623326 3.0 2.0 4.0 0.10770554493039264]
 [0.8493761886431107 4.0 4.0 5.0 1.0050571338200192]
 [1.4831807407545734 4.0 1.0 5.0 -1.5489435422504498]
 [-0.6083742812132532 2.0 2.0 5.0 -0.789646043959229]
 [0.25782527333907906 1.0 1.0 3.0 0.03867849963118984]
 [0.4479666389725178 3.0 1.0 4.0 -0.6515919533608283]
 [1.5254343775620043 3.0 1.0 2.0 0.5218678167256044]
 [-1.0309106492875617 2.0 4.0 5.0 0.31478668082800104]] 
 
 
Val : (17261, 9) 
 

~~~~~~~~~~~~~~~~~~~~~~~~~~~~~~~~~~~~~~~~~~~~~~~~~~~~~~~~~~~~~~~~~~~~~~~~~~~~~~~
Cat Idx V3 : None 
 

ERROR during preprocessing in inner fold 2: 'NoneType' object is not iterable
Skipping inner fold 2 due to preprocessing error.
  outer_2_inner Fold 3/5
Before Debugging -- Inner Fold 3
DEBUG Inner Fold 3: num_features: 9
DEBUG Inner Fold 3: num_classes: 1
DEBUG Inner Fold 3: cat_idx: [0]
DEBUG Inner Fold 3: nominal_idx: None
DEBUG Inner Fold 3: ordinal_idx: [1, 2, 3]
DEBUG Inner Fold 3: num_idx: None
DEBUG Inner Fold 3: cat_dims: [2]
DEBUG Inner Fold 3: bin_alt: None
~~~~~~~~~~~~~~~~~~~~~~~~~~~~~~~~~~~~~~~~~~~~~~~~~~~~~~~~~~~~~~~~~~~~~~~~~~~~~~~
BEFORE ANY ENCODING
num_features :9
num_classes : 1
cat_idx : [0]
nominal_idx : None
ordinal_idx : [1, 2, 3]
num_idx : None
cat_dims : [2]
bin_alt : None 


X_train shape : (17261, 9)
~~~~~~~~~~~~~~~~~~~~~~~~~~~~~~~~~~~~~~~~~~~~~~~~~~~~~~~~~~~~~~~~~~~~~~~~~~~~~~~
~~~~~~~~~~~~~~~~~~~~~~~~~~~~~~~~~~~~~~~~~~~~~~~~~~~~~~~~~~~~~~~~~~~~~~~~~~~~~~~
AFTER getting cat idx
Nominal Index : None
Ordinal Index : [1, 2, 3]
Cat Idx : [0]
Cat dims : [2]
~~~~~~~~~~~~~~~~~~~~~~~~~~~~~~~~~~~~~~~~~~~~~~~~~~~~~~~~~~~~~~~~~~~~~~~~~~~~~~~
BEFORE getting cat idx
Nominal Index : None
Ordinal Index : [1, 2, 3]
Cat Idx : [1, 2, 3]
Cat dims : []
No one Hot for this Baby!!! 

~~~~~~~~~~~~~~~~~~~~~~~~~~~~~~~~~~~~~~~~~~~~~~~~~~~~~~~~~~~~~~~~~~~~~~~~~~~~~~~ 


AFTER SEPARATING CATEGORICALS AND NUMERICALS
Ordinal Index : [1, 2, 3]
Numerical Index V1 : [0, 4, 5, 6, 7, 8]
Cat Idx V1 : [1, 2, 3] 
Cat Dims V1 : [5, 7, 8]
 

~~~~~~~~~~~~~~~~~~~~~~~~~~~~~~~~~~~~~~~~~~~~~~~~~~~~~~~~~~~~~~~~~~~~~~~~~~~~~~~ 


Scaling the data...
~~~~~~~~~~~~~~~~~~~~~~~~~~~~~~~~~~~~~~~~~~~~~~~~~~~~~~~~~~~~~~~~~~~~~~~~~~~~~~~
After OHE
Numerical Index V2 : [0, 4, 5, 6, 7, 8] 


OHE Idx : None


Ordinal Idx V2: [1, 2, 3]


Cat Dims V2 : [5, 7, 8]
Cat Idx V2 : [1, 2, 3] 
 

Train: [[0.6072843181424744 4.0 5.0 2.0 1.0078898873043258]
 [-1.205889028001656 2.0 3.0 6.0 -0.17010999663284473]
 [0.45970044113074277 3.0 2.0 4.0 0.10706644664648807]
 [0.8392018391609095 4.0 4.0 5.0 1.0078898873043258]
 [-0.21496871092288725 1.0 4.0 7.0 0.24565466828615692]
 [1.4717041692111876 4.0 1.0 5.0 -1.5559922130295136]
 [-0.61555351995473 2.0 2.0 5.0 -0.7937569940113448]
 [0.24886633111398349 1.0 1.0 3.0 0.03777233582665363]
 [-0.17280188891953535 4.0 6.0 5.0 1.0078898873043258]
 [0.43861703012906683 3.0 1.0 4.0 -0.6551687723716808]] 
 
 
Val : (17261, 9) 
 

~~~~~~~~~~~~~~~~~~~~~~~~~~~~~~~~~~~~~~~~~~~~~~~~~~~~~~~~~~~~~~~~~~~~~~~~~~~~~~~
Cat Idx V3 : None 
 

ERROR during preprocessing in inner fold 3: 'NoneType' object is not iterable
Skipping inner fold 3 due to preprocessing error.
  outer_2_inner Fold 4/5
Before Debugging -- Inner Fold 4
DEBUG Inner Fold 4: num_features: 9
DEBUG Inner Fold 4: num_classes: 1
DEBUG Inner Fold 4: cat_idx: [0]
DEBUG Inner Fold 4: nominal_idx: None
DEBUG Inner Fold 4: ordinal_idx: [1, 2, 3]
DEBUG Inner Fold 4: num_idx: None
DEBUG Inner Fold 4: cat_dims: [2]
DEBUG Inner Fold 4: bin_alt: None
~~~~~~~~~~~~~~~~~~~~~~~~~~~~~~~~~~~~~~~~~~~~~~~~~~~~~~~~~~~~~~~~~~~~~~~~~~~~~~~
BEFORE ANY ENCODING
num_features :9
num_classes : 1
cat_idx : [0]
nominal_idx : None
ordinal_idx : [1, 2, 3]
num_idx : None
cat_dims : [2]
bin_alt : None 


X_train shape : (17261, 9)
~~~~~~~~~~~~~~~~~~~~~~~~~~~~~~~~~~~~~~~~~~~~~~~~~~~~~~~~~~~~~~~~~~~~~~~~~~~~~~~
~~~~~~~~~~~~~~~~~~~~~~~~~~~~~~~~~~~~~~~~~~~~~~~~~~~~~~~~~~~~~~~~~~~~~~~~~~~~~~~
AFTER getting cat idx
Nominal Index : None
Ordinal Index : [1, 2, 3]
Cat Idx : [0]
Cat dims : [2]
~~~~~~~~~~~~~~~~~~~~~~~~~~~~~~~~~~~~~~~~~~~~~~~~~~~~~~~~~~~~~~~~~~~~~~~~~~~~~~~
BEFORE getting cat idx
Nominal Index : None
Ordinal Index : [1, 2, 3]
Cat Idx : [1, 2, 3]
Cat dims : []
No one Hot for this Baby!!! 

~~~~~~~~~~~~~~~~~~~~~~~~~~~~~~~~~~~~~~~~~~~~~~~~~~~~~~~~~~~~~~~~~~~~~~~~~~~~~~~ 


AFTER SEPARATING CATEGORICALS AND NUMERICALS
Ordinal Index : [1, 2, 3]
Numerical Index V1 : [0, 4, 5, 6, 7, 8]
Cat Idx V1 : [1, 2, 3] 
Cat Dims V1 : [5, 7, 8]
 

~~~~~~~~~~~~~~~~~~~~~~~~~~~~~~~~~~~~~~~~~~~~~~~~~~~~~~~~~~~~~~~~~~~~~~~~~~~~~~~ 


Scaling the data...
~~~~~~~~~~~~~~~~~~~~~~~~~~~~~~~~~~~~~~~~~~~~~~~~~~~~~~~~~~~~~~~~~~~~~~~~~~~~~~~
After OHE
Numerical Index V2 : [0, 4, 5, 6, 7, 8] 


OHE Idx : None


Ordinal Idx V2: [1, 2, 3]


Cat Dims V2 : [5, 7, 8]
Cat Idx V2 : [1, 2, 3] 
 

Train: [[0.6108816158222454 4.0 5.0 2.0 1.0085131122693196]
 [-1.2012558522409988 2.0 3.0 6.0 -0.16166246098539674]
 [0.46338205446826025 3.0 2.0 4.0 0.11367296801571154]
 [0.8426666408070786 4.0 4.0 5.0 1.0085131122693196]
 [-0.21090165457852839 1.0 4.0 7.0 0.2513406825162681]
 [1.474807618038443 4.0 1.0 5.0 -1.5383396059909429]
 [0.2526683953911389 1.0 1.0 3.0 0.044839110765433246]
 [-0.16875892276310406 4.0 6.0 5.0 1.0085131122693196]
 [0.4423106885605481 3.0 1.0 4.0 -0.6434994617373399]
 [-1.0326849249793018 2.0 4.0 5.0 0.3201745397665464]] 
 
 
Val : (17261, 9) 
 

~~~~~~~~~~~~~~~~~~~~~~~~~~~~~~~~~~~~~~~~~~~~~~~~~~~~~~~~~~~~~~~~~~~~~~~~~~~~~~~
Cat Idx V3 : None 
 

ERROR during preprocessing in inner fold 4: 'NoneType' object is not iterable
Skipping inner fold 4 due to preprocessing error.
  outer_2_inner Fold 5/5
Before Debugging -- Inner Fold 5
DEBUG Inner Fold 5: num_features: 9
DEBUG Inner Fold 5: num_classes: 1
DEBUG Inner Fold 5: cat_idx: [0]
DEBUG Inner Fold 5: nominal_idx: None
DEBUG Inner Fold 5: ordinal_idx: [1, 2, 3]
DEBUG Inner Fold 5: num_idx: None
DEBUG Inner Fold 5: cat_dims: [2]
DEBUG Inner Fold 5: bin_alt: None
~~~~~~~~~~~~~~~~~~~~~~~~~~~~~~~~~~~~~~~~~~~~~~~~~~~~~~~~~~~~~~~~~~~~~~~~~~~~~~~
BEFORE ANY ENCODING
num_features :9
num_classes : 1
cat_idx : [0]
nominal_idx : None
ordinal_idx : [1, 2, 3]
num_idx : None
cat_dims : [2]
bin_alt : None 


X_train shape : (17261, 9)
~~~~~~~~~~~~~~~~~~~~~~~~~~~~~~~~~~~~~~~~~~~~~~~~~~~~~~~~~~~~~~~~~~~~~~~~~~~~~~~
~~~~~~~~~~~~~~~~~~~~~~~~~~~~~~~~~~~~~~~~~~~~~~~~~~~~~~~~~~~~~~~~~~~~~~~~~~~~~~~
AFTER getting cat idx
Nominal Index : None
Ordinal Index : [1, 2, 3]
Cat Idx : [0]
Cat dims : [2]
~~~~~~~~~~~~~~~~~~~~~~~~~~~~~~~~~~~~~~~~~~~~~~~~~~~~~~~~~~~~~~~~~~~~~~~~~~~~~~~
BEFORE getting cat idx
Nominal Index : None
Ordinal Index : [1, 2, 3]
Cat Idx : [1, 2, 3]
Cat dims : []
No one Hot for this Baby!!! 

~~~~~~~~~~~~~~~~~~~~~~~~~~~~~~~~~~~~~~~~~~~~~~~~~~~~~~~~~~~~~~~~~~~~~~~~~~~~~~~ 


AFTER SEPARATING CATEGORICALS AND NUMERICALS
Ordinal Index : [1, 2, 3]
Numerical Index V1 : [0, 4, 5, 6, 7, 8]
Cat Idx V1 : [1, 2, 3] 
Cat Dims V1 : [5, 7, 8]
 

~~~~~~~~~~~~~~~~~~~~~~~~~~~~~~~~~~~~~~~~~~~~~~~~~~~~~~~~~~~~~~~~~~~~~~~~~~~~~~~ 


Scaling the data...
~~~~~~~~~~~~~~~~~~~~~~~~~~~~~~~~~~~~~~~~~~~~~~~~~~~~~~~~~~~~~~~~~~~~~~~~~~~~~~~
After OHE
Numerical Index V2 : [0, 4, 5, 6, 7, 8] 


OHE Idx : None


Ordinal Idx V2: [1, 2, 3]


Cat Dims V2 : [5, 7, 8]
Cat Idx V2 : [1, 2, 3] 
 

Train: [[0.4679925617898262 3.0 2.0 4.0 0.10629854407086942]
 [-0.2084735110698812 1.0 4.0 7.0 0.24545285518591095]
 [-0.6101252418303322 2.0 2.0 5.0 -0.7982044781768859]
 [0.2565969140211677 1.0 1.0 3.0 0.036721388513348635]
 [-0.1661943815161495 4.0 6.0 5.0 1.0108015663186296]
 [1.5249708006331186 3.0 1.0 2.0 0.5237614774159891]
 [0.6793882095584849 3.0 3.0 3.0 -0.5198958559468077]
 [-0.5255669827228688 1.0 4.0 2.0 1.2891101885487077]
 [-0.6312648066071982 4.0 3.0 2.0 -1.7027075004246461]
 [-0.1450548167392836 4.0 5.0 4.0 0.45418432185846835]] 
 
 
Val : (17261, 9) 
 

~~~~~~~~~~~~~~~~~~~~~~~~~~~~~~~~~~~~~~~~~~~~~~~~~~~~~~~~~~~~~~~~~~~~~~~~~~~~~~~
Cat Idx V3 : None 
 

ERROR during preprocessing in inner fold 5: 'NoneType' object is not iterable
Skipping inner fold 5 due to preprocessing error.
Warning: No inner folds completed successfully for HPO trial.
ERROR saving hyperparameters to file coz inner_cs issues: 'float' object has no attribute 'get_results'
  outer_2_inner Fold 1/5
Before Debugging -- Inner Fold 1
DEBUG Inner Fold 1: num_features: 9
DEBUG Inner Fold 1: num_classes: 1
DEBUG Inner Fold 1: cat_idx: [0]
DEBUG Inner Fold 1: nominal_idx: None
DEBUG Inner Fold 1: ordinal_idx: [1, 2, 3]
DEBUG Inner Fold 1: num_idx: None
DEBUG Inner Fold 1: cat_dims: [2]
DEBUG Inner Fold 1: bin_alt: None
~~~~~~~~~~~~~~~~~~~~~~~~~~~~~~~~~~~~~~~~~~~~~~~~~~~~~~~~~~~~~~~~~~~~~~~~~~~~~~~
BEFORE ANY ENCODING
num_features :9
num_classes : 1
cat_idx : [0]
nominal_idx : None
ordinal_idx : [1, 2, 3]
num_idx : None
cat_dims : [2]
bin_alt : None 


X_train shape : (17260, 9)
~~~~~~~~~~~~~~~~~~~~~~~~~~~~~~~~~~~~~~~~~~~~~~~~~~~~~~~~~~~~~~~~~~~~~~~~~~~~~~~
~~~~~~~~~~~~~~~~~~~~~~~~~~~~~~~~~~~~~~~~~~~~~~~~~~~~~~~~~~~~~~~~~~~~~~~~~~~~~~~
AFTER getting cat idx
Nominal Index : None
Ordinal Index : [1, 2, 3]
Cat Idx : [0]
Cat dims : [2]
~~~~~~~~~~~~~~~~~~~~~~~~~~~~~~~~~~~~~~~~~~~~~~~~~~~~~~~~~~~~~~~~~~~~~~~~~~~~~~~
BEFORE getting cat idx
Nominal Index : None
Ordinal Index : [1, 2, 3]
Cat Idx : [1, 2, 3]
Cat dims : []
No one Hot for this Baby!!! 

~~~~~~~~~~~~~~~~~~~~~~~~~~~~~~~~~~~~~~~~~~~~~~~~~~~~~~~~~~~~~~~~~~~~~~~~~~~~~~~ 


AFTER SEPARATING CATEGORICALS AND NUMERICALS
Ordinal Index : [1, 2, 3]
Numerical Index V1 : [0, 4, 5, 6, 7, 8]
Cat Idx V1 : [1, 2, 3] 
Cat Dims V1 : [5, 7, 8]
 

~~~~~~~~~~~~~~~~~~~~~~~~~~~~~~~~~~~~~~~~~~~~~~~~~~~~~~~~~~~~~~~~~~~~~~~~~~~~~~~ 


Scaling the data...
~~~~~~~~~~~~~~~~~~~~~~~~~~~~~~~~~~~~~~~~~~~~~~~~~~~~~~~~~~~~~~~~~~~~~~~~~~~~~~~
After OHE
Numerical Index V2 : [0, 4, 5, 6, 7, 8] 


OHE Idx : None


Ordinal Idx V2: [1, 2, 3]


Cat Dims V2 : [5, 7, 8]
Cat Idx V2 : [1, 2, 3] 
 

Train: [[0.6185148921667437 4.0 5.0 2.0 1.0206070134939544]
 [-1.2031349429234803 2.0 3.0 6.0 -0.1663344171757495]
 [0.851516615259679 4.0 4.0 5.0 1.0206070134939544]
 [-0.20758212607184648 1.0 4.0 7.0 0.25258608776649927]
 [1.4869758600585943 4.0 1.0 5.0 -1.5627361003165754]
 [-0.610039647777826 2.0 2.0 5.0 -0.7947151745891201]
 [-0.1652181764185854 4.0 6.0 5.0 1.0206070134939544]
 [0.44905909355369944 3.0 1.0 4.0 -0.6550750062750406]
 [1.5293398097118553 3.0 1.0 2.0 0.5318664243946635]
 [-1.0336791443104363 2.0 4.0 5.0 0.32240617192354154]] 
 
 
Val : (17260, 9) 
 

~~~~~~~~~~~~~~~~~~~~~~~~~~~~~~~~~~~~~~~~~~~~~~~~~~~~~~~~~~~~~~~~~~~~~~~~~~~~~~~
Cat Idx V3 : None 
 

ERROR during preprocessing in inner fold 1: 'NoneType' object is not iterable
Skipping inner fold 1 due to preprocessing error.
  outer_2_inner Fold 2/5
Before Debugging -- Inner Fold 2
DEBUG Inner Fold 2: num_features: 9
DEBUG Inner Fold 2: num_classes: 1
DEBUG Inner Fold 2: cat_idx: [0]
DEBUG Inner Fold 2: nominal_idx: None
DEBUG Inner Fold 2: ordinal_idx: [1, 2, 3]
DEBUG Inner Fold 2: num_idx: None
DEBUG Inner Fold 2: cat_dims: [2]
DEBUG Inner Fold 2: bin_alt: None
~~~~~~~~~~~~~~~~~~~~~~~~~~~~~~~~~~~~~~~~~~~~~~~~~~~~~~~~~~~~~~~~~~~~~~~~~~~~~~~
BEFORE ANY ENCODING
num_features :9
num_classes : 1
cat_idx : [0]
nominal_idx : None
ordinal_idx : [1, 2, 3]
num_idx : None
cat_dims : [2]
bin_alt : None 


X_train shape : (17261, 9)
~~~~~~~~~~~~~~~~~~~~~~~~~~~~~~~~~~~~~~~~~~~~~~~~~~~~~~~~~~~~~~~~~~~~~~~~~~~~~~~
~~~~~~~~~~~~~~~~~~~~~~~~~~~~~~~~~~~~~~~~~~~~~~~~~~~~~~~~~~~~~~~~~~~~~~~~~~~~~~~
AFTER getting cat idx
Nominal Index : None
Ordinal Index : [1, 2, 3]
Cat Idx : [0]
Cat dims : [2]
~~~~~~~~~~~~~~~~~~~~~~~~~~~~~~~~~~~~~~~~~~~~~~~~~~~~~~~~~~~~~~~~~~~~~~~~~~~~~~~
BEFORE getting cat idx
Nominal Index : None
Ordinal Index : [1, 2, 3]
Cat Idx : [1, 2, 3]
Cat dims : []
No one Hot for this Baby!!! 

~~~~~~~~~~~~~~~~~~~~~~~~~~~~~~~~~~~~~~~~~~~~~~~~~~~~~~~~~~~~~~~~~~~~~~~~~~~~~~~ 


AFTER SEPARATING CATEGORICALS AND NUMERICALS
Ordinal Index : [1, 2, 3]
Numerical Index V1 : [0, 4, 5, 6, 7, 8]
Cat Idx V1 : [1, 2, 3] 
Cat Dims V1 : [5, 7, 8]
 

~~~~~~~~~~~~~~~~~~~~~~~~~~~~~~~~~~~~~~~~~~~~~~~~~~~~~~~~~~~~~~~~~~~~~~~~~~~~~~~ 


Scaling the data...
~~~~~~~~~~~~~~~~~~~~~~~~~~~~~~~~~~~~~~~~~~~~~~~~~~~~~~~~~~~~~~~~~~~~~~~~~~~~~~~
After OHE
Numerical Index V2 : [0, 4, 5, 6, 7, 8] 


OHE Idx : None


Ordinal Idx V2: [1, 2, 3]


Cat Dims V2 : [5, 7, 8]
Cat Idx V2 : [1, 2, 3] 
 

Train: [[0.6169811862022413 4.0 5.0 2.0 1.0050571338200192]
 [-1.199925196517285 2.0 3.0 6.0 -0.16840263626641364]
 [0.46909345737623326 3.0 2.0 4.0 0.10770554493039264]
 [0.8493761886431107 4.0 4.0 5.0 1.0050571338200192]
 [1.4831807407545734 4.0 1.0 5.0 -1.5489435422504498]
 [-0.6083742812132532 2.0 2.0 5.0 -0.789646043959229]
 [0.25782527333907906 1.0 1.0 3.0 0.03867849963118984]
 [0.4479666389725178 3.0 1.0 4.0 -0.6515919533608283]
 [1.5254343775620043 3.0 1.0 2.0 0.5218678167256044]
 [-1.0309106492875617 2.0 4.0 5.0 0.31478668082800104]] 
 
 
Val : (17261, 9) 
 

~~~~~~~~~~~~~~~~~~~~~~~~~~~~~~~~~~~~~~~~~~~~~~~~~~~~~~~~~~~~~~~~~~~~~~~~~~~~~~~
Cat Idx V3 : None 
 

ERROR during preprocessing in inner fold 2: 'NoneType' object is not iterable
Skipping inner fold 2 due to preprocessing error.
  outer_2_inner Fold 3/5
Before Debugging -- Inner Fold 3
DEBUG Inner Fold 3: num_features: 9
DEBUG Inner Fold 3: num_classes: 1
DEBUG Inner Fold 3: cat_idx: [0]
DEBUG Inner Fold 3: nominal_idx: None
DEBUG Inner Fold 3: ordinal_idx: [1, 2, 3]
DEBUG Inner Fold 3: num_idx: None
DEBUG Inner Fold 3: cat_dims: [2]
DEBUG Inner Fold 3: bin_alt: None
~~~~~~~~~~~~~~~~~~~~~~~~~~~~~~~~~~~~~~~~~~~~~~~~~~~~~~~~~~~~~~~~~~~~~~~~~~~~~~~
BEFORE ANY ENCODING
num_features :9
num_classes : 1
cat_idx : [0]
nominal_idx : None
ordinal_idx : [1, 2, 3]
num_idx : None
cat_dims : [2]
bin_alt : None 


X_train shape : (17261, 9)
~~~~~~~~~~~~~~~~~~~~~~~~~~~~~~~~~~~~~~~~~~~~~~~~~~~~~~~~~~~~~~~~~~~~~~~~~~~~~~~
~~~~~~~~~~~~~~~~~~~~~~~~~~~~~~~~~~~~~~~~~~~~~~~~~~~~~~~~~~~~~~~~~~~~~~~~~~~~~~~
AFTER getting cat idx
Nominal Index : None
Ordinal Index : [1, 2, 3]
Cat Idx : [0]
Cat dims : [2]
~~~~~~~~~~~~~~~~~~~~~~~~~~~~~~~~~~~~~~~~~~~~~~~~~~~~~~~~~~~~~~~~~~~~~~~~~~~~~~~
BEFORE getting cat idx
Nominal Index : None
Ordinal Index : [1, 2, 3]
Cat Idx : [1, 2, 3]
Cat dims : []
No one Hot for this Baby!!! 

~~~~~~~~~~~~~~~~~~~~~~~~~~~~~~~~~~~~~~~~~~~~~~~~~~~~~~~~~~~~~~~~~~~~~~~~~~~~~~~ 


AFTER SEPARATING CATEGORICALS AND NUMERICALS
Ordinal Index : [1, 2, 3]
Numerical Index V1 : [0, 4, 5, 6, 7, 8]
Cat Idx V1 : [1, 2, 3] 
Cat Dims V1 : [5, 7, 8]
 

~~~~~~~~~~~~~~~~~~~~~~~~~~~~~~~~~~~~~~~~~~~~~~~~~~~~~~~~~~~~~~~~~~~~~~~~~~~~~~~ 


Scaling the data...
~~~~~~~~~~~~~~~~~~~~~~~~~~~~~~~~~~~~~~~~~~~~~~~~~~~~~~~~~~~~~~~~~~~~~~~~~~~~~~~
After OHE
Numerical Index V2 : [0, 4, 5, 6, 7, 8] 


OHE Idx : None


Ordinal Idx V2: [1, 2, 3]


Cat Dims V2 : [5, 7, 8]
Cat Idx V2 : [1, 2, 3] 
 

Train: [[0.6072843181424744 4.0 5.0 2.0 1.0078898873043258]
 [-1.205889028001656 2.0 3.0 6.0 -0.17010999663284473]
 [0.45970044113074277 3.0 2.0 4.0 0.10706644664648807]
 [0.8392018391609095 4.0 4.0 5.0 1.0078898873043258]
 [-0.21496871092288725 1.0 4.0 7.0 0.24565466828615692]
 [1.4717041692111876 4.0 1.0 5.0 -1.5559922130295136]
 [-0.61555351995473 2.0 2.0 5.0 -0.7937569940113448]
 [0.24886633111398349 1.0 1.0 3.0 0.03777233582665363]
 [-0.17280188891953535 4.0 6.0 5.0 1.0078898873043258]
 [0.43861703012906683 3.0 1.0 4.0 -0.6551687723716808]] 
 
 
Val : (17261, 9) 
 

~~~~~~~~~~~~~~~~~~~~~~~~~~~~~~~~~~~~~~~~~~~~~~~~~~~~~~~~~~~~~~~~~~~~~~~~~~~~~~~
Cat Idx V3 : None 
 

ERROR during preprocessing in inner fold 3: 'NoneType' object is not iterable
Skipping inner fold 3 due to preprocessing error.
  outer_2_inner Fold 4/5
Before Debugging -- Inner Fold 4
DEBUG Inner Fold 4: num_features: 9
DEBUG Inner Fold 4: num_classes: 1
DEBUG Inner Fold 4: cat_idx: [0]
DEBUG Inner Fold 4: nominal_idx: None
DEBUG Inner Fold 4: ordinal_idx: [1, 2, 3]
DEBUG Inner Fold 4: num_idx: None
DEBUG Inner Fold 4: cat_dims: [2]
DEBUG Inner Fold 4: bin_alt: None
~~~~~~~~~~~~~~~~~~~~~~~~~~~~~~~~~~~~~~~~~~~~~~~~~~~~~~~~~~~~~~~~~~~~~~~~~~~~~~~
BEFORE ANY ENCODING
num_features :9
num_classes : 1
cat_idx : [0]
nominal_idx : None
ordinal_idx : [1, 2, 3]
num_idx : None
cat_dims : [2]
bin_alt : None 


X_train shape : (17261, 9)
~~~~~~~~~~~~~~~~~~~~~~~~~~~~~~~~~~~~~~~~~~~~~~~~~~~~~~~~~~~~~~~~~~~~~~~~~~~~~~~
~~~~~~~~~~~~~~~~~~~~~~~~~~~~~~~~~~~~~~~~~~~~~~~~~~~~~~~~~~~~~~~~~~~~~~~~~~~~~~~
AFTER getting cat idx
Nominal Index : None
Ordinal Index : [1, 2, 3]
Cat Idx : [0]
Cat dims : [2]
~~~~~~~~~~~~~~~~~~~~~~~~~~~~~~~~~~~~~~~~~~~~~~~~~~~~~~~~~~~~~~~~~~~~~~~~~~~~~~~
BEFORE getting cat idx
Nominal Index : None
Ordinal Index : [1, 2, 3]
Cat Idx : [1, 2, 3]
Cat dims : []
No one Hot for this Baby!!! 

~~~~~~~~~~~~~~~~~~~~~~~~~~~~~~~~~~~~~~~~~~~~~~~~~~~~~~~~~~~~~~~~~~~~~~~~~~~~~~~ 


AFTER SEPARATING CATEGORICALS AND NUMERICALS
Ordinal Index : [1, 2, 3]
Numerical Index V1 : [0, 4, 5, 6, 7, 8]
Cat Idx V1 : [1, 2, 3] 
Cat Dims V1 : [5, 7, 8]
 

~~~~~~~~~~~~~~~~~~~~~~~~~~~~~~~~~~~~~~~~~~~~~~~~~~~~~~~~~~~~~~~~~~~~~~~~~~~~~~~ 


Scaling the data...
~~~~~~~~~~~~~~~~~~~~~~~~~~~~~~~~~~~~~~~~~~~~~~~~~~~~~~~~~~~~~~~~~~~~~~~~~~~~~~~
After OHE
Numerical Index V2 : [0, 4, 5, 6, 7, 8] 


OHE Idx : None


Ordinal Idx V2: [1, 2, 3]


Cat Dims V2 : [5, 7, 8]
Cat Idx V2 : [1, 2, 3] 
 

Train: [[0.6108816158222454 4.0 5.0 2.0 1.0085131122693196]
 [-1.2012558522409988 2.0 3.0 6.0 -0.16166246098539674]
 [0.46338205446826025 3.0 2.0 4.0 0.11367296801571154]
 [0.8426666408070786 4.0 4.0 5.0 1.0085131122693196]
 [-0.21090165457852839 1.0 4.0 7.0 0.2513406825162681]
 [1.474807618038443 4.0 1.0 5.0 -1.5383396059909429]
 [0.2526683953911389 1.0 1.0 3.0 0.044839110765433246]
 [-0.16875892276310406 4.0 6.0 5.0 1.0085131122693196]
 [0.4423106885605481 3.0 1.0 4.0 -0.6434994617373399]
 [-1.0326849249793018 2.0 4.0 5.0 0.3201745397665464]] 
 
 
Val : (17261, 9) 
 

~~~~~~~~~~~~~~~~~~~~~~~~~~~~~~~~~~~~~~~~~~~~~~~~~~~~~~~~~~~~~~~~~~~~~~~~~~~~~~~
Cat Idx V3 : None 
 

ERROR during preprocessing in inner fold 4: 'NoneType' object is not iterable
Skipping inner fold 4 due to preprocessing error.
  outer_2_inner Fold 5/5
Before Debugging -- Inner Fold 5
DEBUG Inner Fold 5: num_features: 9
DEBUG Inner Fold 5: num_classes: 1
DEBUG Inner Fold 5: cat_idx: [0]
DEBUG Inner Fold 5: nominal_idx: None
DEBUG Inner Fold 5: ordinal_idx: [1, 2, 3]
DEBUG Inner Fold 5: num_idx: None
DEBUG Inner Fold 5: cat_dims: [2]
DEBUG Inner Fold 5: bin_alt: None
~~~~~~~~~~~~~~~~~~~~~~~~~~~~~~~~~~~~~~~~~~~~~~~~~~~~~~~~~~~~~~~~~~~~~~~~~~~~~~~
BEFORE ANY ENCODING
num_features :9
num_classes : 1
cat_idx : [0]
nominal_idx : None
ordinal_idx : [1, 2, 3]
num_idx : None
cat_dims : [2]
bin_alt : None 


X_train shape : (17261, 9)
~~~~~~~~~~~~~~~~~~~~~~~~~~~~~~~~~~~~~~~~~~~~~~~~~~~~~~~~~~~~~~~~~~~~~~~~~~~~~~~
~~~~~~~~~~~~~~~~~~~~~~~~~~~~~~~~~~~~~~~~~~~~~~~~~~~~~~~~~~~~~~~~~~~~~~~~~~~~~~~
AFTER getting cat idx
Nominal Index : None
Ordinal Index : [1, 2, 3]
Cat Idx : [0]
Cat dims : [2]
~~~~~~~~~~~~~~~~~~~~~~~~~~~~~~~~~~~~~~~~~~~~~~~~~~~~~~~~~~~~~~~~~~~~~~~~~~~~~~~
BEFORE getting cat idx
Nominal Index : None
Ordinal Index : [1, 2, 3]
Cat Idx : [1, 2, 3]
Cat dims : []
No one Hot for this Baby!!! 

~~~~~~~~~~~~~~~~~~~~~~~~~~~~~~~~~~~~~~~~~~~~~~~~~~~~~~~~~~~~~~~~~~~~~~~~~~~~~~~ 


AFTER SEPARATING CATEGORICALS AND NUMERICALS
Ordinal Index : [1, 2, 3]
Numerical Index V1 : [0, 4, 5, 6, 7, 8]
Cat Idx V1 : [1, 2, 3] 
Cat Dims V1 : [5, 7, 8]
 

~~~~~~~~~~~~~~~~~~~~~~~~~~~~~~~~~~~~~~~~~~~~~~~~~~~~~~~~~~~~~~~~~~~~~~~~~~~~~~~ 


Scaling the data...
~~~~~~~~~~~~~~~~~~~~~~~~~~~~~~~~~~~~~~~~~~~~~~~~~~~~~~~~~~~~~~~~~~~~~~~~~~~~~~~
After OHE
Numerical Index V2 : [0, 4, 5, 6, 7, 8] 


OHE Idx : None


Ordinal Idx V2: [1, 2, 3]


Cat Dims V2 : [5, 7, 8]
Cat Idx V2 : [1, 2, 3] 
 

Train: [[0.4679925617898262 3.0 2.0 4.0 0.10629854407086942]
 [-0.2084735110698812 1.0 4.0 7.0 0.24545285518591095]
 [-0.6101252418303322 2.0 2.0 5.0 -0.7982044781768859]
 [0.2565969140211677 1.0 1.0 3.0 0.036721388513348635]
 [-0.1661943815161495 4.0 6.0 5.0 1.0108015663186296]
 [1.5249708006331186 3.0 1.0 2.0 0.5237614774159891]
 [0.6793882095584849 3.0 3.0 3.0 -0.5198958559468077]
 [-0.5255669827228688 1.0 4.0 2.0 1.2891101885487077]
 [-0.6312648066071982 4.0 3.0 2.0 -1.7027075004246461]
 [-0.1450548167392836 4.0 5.0 4.0 0.45418432185846835]] 
 
 
Val : (17261, 9) 
 

~~~~~~~~~~~~~~~~~~~~~~~~~~~~~~~~~~~~~~~~~~~~~~~~~~~~~~~~~~~~~~~~~~~~~~~~~~~~~~~
Cat Idx V3 : None 
 

ERROR during preprocessing in inner fold 5: 'NoneType' object is not iterable
Skipping inner fold 5 due to preprocessing error.
Warning: No inner folds completed successfully for HPO trial.
ERROR saving hyperparameters to file coz inner_cs issues: 'float' object has no attribute 'get_results'
  outer_2_inner Fold 1/5
Before Debugging -- Inner Fold 1
DEBUG Inner Fold 1: num_features: 9
DEBUG Inner Fold 1: num_classes: 1
DEBUG Inner Fold 1: cat_idx: [0]
DEBUG Inner Fold 1: nominal_idx: None
DEBUG Inner Fold 1: ordinal_idx: [1, 2, 3]
DEBUG Inner Fold 1: num_idx: None
DEBUG Inner Fold 1: cat_dims: [2]
DEBUG Inner Fold 1: bin_alt: None
~~~~~~~~~~~~~~~~~~~~~~~~~~~~~~~~~~~~~~~~~~~~~~~~~~~~~~~~~~~~~~~~~~~~~~~~~~~~~~~
BEFORE ANY ENCODING
num_features :9
num_classes : 1
cat_idx : [0]
nominal_idx : None
ordinal_idx : [1, 2, 3]
num_idx : None
cat_dims : [2]
bin_alt : None 


X_train shape : (17260, 9)
~~~~~~~~~~~~~~~~~~~~~~~~~~~~~~~~~~~~~~~~~~~~~~~~~~~~~~~~~~~~~~~~~~~~~~~~~~~~~~~
~~~~~~~~~~~~~~~~~~~~~~~~~~~~~~~~~~~~~~~~~~~~~~~~~~~~~~~~~~~~~~~~~~~~~~~~~~~~~~~
AFTER getting cat idx
Nominal Index : None
Ordinal Index : [1, 2, 3]
Cat Idx : [0]
Cat dims : [2]
~~~~~~~~~~~~~~~~~~~~~~~~~~~~~~~~~~~~~~~~~~~~~~~~~~~~~~~~~~~~~~~~~~~~~~~~~~~~~~~
BEFORE getting cat idx
Nominal Index : None
Ordinal Index : [1, 2, 3]
Cat Idx : [1, 2, 3]
Cat dims : []
No one Hot for this Baby!!! 

~~~~~~~~~~~~~~~~~~~~~~~~~~~~~~~~~~~~~~~~~~~~~~~~~~~~~~~~~~~~~~~~~~~~~~~~~~~~~~~ 


AFTER SEPARATING CATEGORICALS AND NUMERICALS
Ordinal Index : [1, 2, 3]
Numerical Index V1 : [0, 4, 5, 6, 7, 8]
Cat Idx V1 : [1, 2, 3] 
Cat Dims V1 : [5, 7, 8]
 

~~~~~~~~~~~~~~~~~~~~~~~~~~~~~~~~~~~~~~~~~~~~~~~~~~~~~~~~~~~~~~~~~~~~~~~~~~~~~~~ 


Scaling the data...
~~~~~~~~~~~~~~~~~~~~~~~~~~~~~~~~~~~~~~~~~~~~~~~~~~~~~~~~~~~~~~~~~~~~~~~~~~~~~~~
After OHE
Numerical Index V2 : [0, 4, 5, 6, 7, 8] 


OHE Idx : None


Ordinal Idx V2: [1, 2, 3]


Cat Dims V2 : [5, 7, 8]
Cat Idx V2 : [1, 2, 3] 
 

Train: [[0.6185148921667437 4.0 5.0 2.0 1.0206070134939544]
 [-1.2031349429234803 2.0 3.0 6.0 -0.1663344171757495]
 [0.851516615259679 4.0 4.0 5.0 1.0206070134939544]
 [-0.20758212607184648 1.0 4.0 7.0 0.25258608776649927]
 [1.4869758600585943 4.0 1.0 5.0 -1.5627361003165754]
 [-0.610039647777826 2.0 2.0 5.0 -0.7947151745891201]
 [-0.1652181764185854 4.0 6.0 5.0 1.0206070134939544]
 [0.44905909355369944 3.0 1.0 4.0 -0.6550750062750406]
 [1.5293398097118553 3.0 1.0 2.0 0.5318664243946635]
 [-1.0336791443104363 2.0 4.0 5.0 0.32240617192354154]] 
 
 
Val : (17260, 9) 
 

~~~~~~~~~~~~~~~~~~~~~~~~~~~~~~~~~~~~~~~~~~~~~~~~~~~~~~~~~~~~~~~~~~~~~~~~~~~~~~~
Cat Idx V3 : None 
 

ERROR during preprocessing in inner fold 1: 'NoneType' object is not iterable
Skipping inner fold 1 due to preprocessing error.
  outer_2_inner Fold 2/5
Before Debugging -- Inner Fold 2
DEBUG Inner Fold 2: num_features: 9
DEBUG Inner Fold 2: num_classes: 1
DEBUG Inner Fold 2: cat_idx: [0]
DEBUG Inner Fold 2: nominal_idx: None
DEBUG Inner Fold 2: ordinal_idx: [1, 2, 3]
DEBUG Inner Fold 2: num_idx: None
DEBUG Inner Fold 2: cat_dims: [2]
DEBUG Inner Fold 2: bin_alt: None
~~~~~~~~~~~~~~~~~~~~~~~~~~~~~~~~~~~~~~~~~~~~~~~~~~~~~~~~~~~~~~~~~~~~~~~~~~~~~~~
BEFORE ANY ENCODING
num_features :9
num_classes : 1
cat_idx : [0]
nominal_idx : None
ordinal_idx : [1, 2, 3]
num_idx : None
cat_dims : [2]
bin_alt : None 


X_train shape : (17261, 9)
~~~~~~~~~~~~~~~~~~~~~~~~~~~~~~~~~~~~~~~~~~~~~~~~~~~~~~~~~~~~~~~~~~~~~~~~~~~~~~~
~~~~~~~~~~~~~~~~~~~~~~~~~~~~~~~~~~~~~~~~~~~~~~~~~~~~~~~~~~~~~~~~~~~~~~~~~~~~~~~
AFTER getting cat idx
Nominal Index : None
Ordinal Index : [1, 2, 3]
Cat Idx : [0]
Cat dims : [2]
~~~~~~~~~~~~~~~~~~~~~~~~~~~~~~~~~~~~~~~~~~~~~~~~~~~~~~~~~~~~~~~~~~~~~~~~~~~~~~~
BEFORE getting cat idx
Nominal Index : None
Ordinal Index : [1, 2, 3]
Cat Idx : [1, 2, 3]
Cat dims : []
No one Hot for this Baby!!! 

~~~~~~~~~~~~~~~~~~~~~~~~~~~~~~~~~~~~~~~~~~~~~~~~~~~~~~~~~~~~~~~~~~~~~~~~~~~~~~~ 


AFTER SEPARATING CATEGORICALS AND NUMERICALS
Ordinal Index : [1, 2, 3]
Numerical Index V1 : [0, 4, 5, 6, 7, 8]
Cat Idx V1 : [1, 2, 3] 
Cat Dims V1 : [5, 7, 8]
 

~~~~~~~~~~~~~~~~~~~~~~~~~~~~~~~~~~~~~~~~~~~~~~~~~~~~~~~~~~~~~~~~~~~~~~~~~~~~~~~ 


Scaling the data...
~~~~~~~~~~~~~~~~~~~~~~~~~~~~~~~~~~~~~~~~~~~~~~~~~~~~~~~~~~~~~~~~~~~~~~~~~~~~~~~
After OHE
Numerical Index V2 : [0, 4, 5, 6, 7, 8] 


OHE Idx : None


Ordinal Idx V2: [1, 2, 3]


Cat Dims V2 : [5, 7, 8]
Cat Idx V2 : [1, 2, 3] 
 

Train: [[0.6169811862022413 4.0 5.0 2.0 1.0050571338200192]
 [-1.199925196517285 2.0 3.0 6.0 -0.16840263626641364]
 [0.46909345737623326 3.0 2.0 4.0 0.10770554493039264]
 [0.8493761886431107 4.0 4.0 5.0 1.0050571338200192]
 [1.4831807407545734 4.0 1.0 5.0 -1.5489435422504498]
 [-0.6083742812132532 2.0 2.0 5.0 -0.789646043959229]
 [0.25782527333907906 1.0 1.0 3.0 0.03867849963118984]
 [0.4479666389725178 3.0 1.0 4.0 -0.6515919533608283]
 [1.5254343775620043 3.0 1.0 2.0 0.5218678167256044]
 [-1.0309106492875617 2.0 4.0 5.0 0.31478668082800104]] 
 
 
Val : (17261, 9) 
 

~~~~~~~~~~~~~~~~~~~~~~~~~~~~~~~~~~~~~~~~~~~~~~~~~~~~~~~~~~~~~~~~~~~~~~~~~~~~~~~
Cat Idx V3 : None 
 

ERROR during preprocessing in inner fold 2: 'NoneType' object is not iterable
Skipping inner fold 2 due to preprocessing error.
  outer_2_inner Fold 3/5
Before Debugging -- Inner Fold 3
DEBUG Inner Fold 3: num_features: 9
DEBUG Inner Fold 3: num_classes: 1
DEBUG Inner Fold 3: cat_idx: [0]
DEBUG Inner Fold 3: nominal_idx: None
DEBUG Inner Fold 3: ordinal_idx: [1, 2, 3]
DEBUG Inner Fold 3: num_idx: None
DEBUG Inner Fold 3: cat_dims: [2]
DEBUG Inner Fold 3: bin_alt: None
~~~~~~~~~~~~~~~~~~~~~~~~~~~~~~~~~~~~~~~~~~~~~~~~~~~~~~~~~~~~~~~~~~~~~~~~~~~~~~~
BEFORE ANY ENCODING
num_features :9
num_classes : 1
cat_idx : [0]
nominal_idx : None
ordinal_idx : [1, 2, 3]
num_idx : None
cat_dims : [2]
bin_alt : None 


X_train shape : (17261, 9)
~~~~~~~~~~~~~~~~~~~~~~~~~~~~~~~~~~~~~~~~~~~~~~~~~~~~~~~~~~~~~~~~~~~~~~~~~~~~~~~
~~~~~~~~~~~~~~~~~~~~~~~~~~~~~~~~~~~~~~~~~~~~~~~~~~~~~~~~~~~~~~~~~~~~~~~~~~~~~~~
AFTER getting cat idx
Nominal Index : None
Ordinal Index : [1, 2, 3]
Cat Idx : [0]
Cat dims : [2]
~~~~~~~~~~~~~~~~~~~~~~~~~~~~~~~~~~~~~~~~~~~~~~~~~~~~~~~~~~~~~~~~~~~~~~~~~~~~~~~
BEFORE getting cat idx
Nominal Index : None
Ordinal Index : [1, 2, 3]
Cat Idx : [1, 2, 3]
Cat dims : []
No one Hot for this Baby!!! 

~~~~~~~~~~~~~~~~~~~~~~~~~~~~~~~~~~~~~~~~~~~~~~~~~~~~~~~~~~~~~~~~~~~~~~~~~~~~~~~ 


AFTER SEPARATING CATEGORICALS AND NUMERICALS
Ordinal Index : [1, 2, 3]
Numerical Index V1 : [0, 4, 5, 6, 7, 8]
Cat Idx V1 : [1, 2, 3] 
Cat Dims V1 : [5, 7, 8]
 

~~~~~~~~~~~~~~~~~~~~~~~~~~~~~~~~~~~~~~~~~~~~~~~~~~~~~~~~~~~~~~~~~~~~~~~~~~~~~~~ 


Scaling the data...
~~~~~~~~~~~~~~~~~~~~~~~~~~~~~~~~~~~~~~~~~~~~~~~~~~~~~~~~~~~~~~~~~~~~~~~~~~~~~~~
After OHE
Numerical Index V2 : [0, 4, 5, 6, 7, 8] 


OHE Idx : None


Ordinal Idx V2: [1, 2, 3]


Cat Dims V2 : [5, 7, 8]
Cat Idx V2 : [1, 2, 3] 
 

Train: [[0.6072843181424744 4.0 5.0 2.0 1.0078898873043258]
 [-1.205889028001656 2.0 3.0 6.0 -0.17010999663284473]
 [0.45970044113074277 3.0 2.0 4.0 0.10706644664648807]
 [0.8392018391609095 4.0 4.0 5.0 1.0078898873043258]
 [-0.21496871092288725 1.0 4.0 7.0 0.24565466828615692]
 [1.4717041692111876 4.0 1.0 5.0 -1.5559922130295136]
 [-0.61555351995473 2.0 2.0 5.0 -0.7937569940113448]
 [0.24886633111398349 1.0 1.0 3.0 0.03777233582665363]
 [-0.17280188891953535 4.0 6.0 5.0 1.0078898873043258]
 [0.43861703012906683 3.0 1.0 4.0 -0.6551687723716808]] 
 
 
Val : (17261, 9) 
 

~~~~~~~~~~~~~~~~~~~~~~~~~~~~~~~~~~~~~~~~~~~~~~~~~~~~~~~~~~~~~~~~~~~~~~~~~~~~~~~
Cat Idx V3 : None 
 

ERROR during preprocessing in inner fold 3: 'NoneType' object is not iterable
Skipping inner fold 3 due to preprocessing error.
  outer_2_inner Fold 4/5
Before Debugging -- Inner Fold 4
DEBUG Inner Fold 4: num_features: 9
DEBUG Inner Fold 4: num_classes: 1
DEBUG Inner Fold 4: cat_idx: [0]
DEBUG Inner Fold 4: nominal_idx: None
DEBUG Inner Fold 4: ordinal_idx: [1, 2, 3]
DEBUG Inner Fold 4: num_idx: None
DEBUG Inner Fold 4: cat_dims: [2]
DEBUG Inner Fold 4: bin_alt: None
~~~~~~~~~~~~~~~~~~~~~~~~~~~~~~~~~~~~~~~~~~~~~~~~~~~~~~~~~~~~~~~~~~~~~~~~~~~~~~~
BEFORE ANY ENCODING
num_features :9
num_classes : 1
cat_idx : [0]
nominal_idx : None
ordinal_idx : [1, 2, 3]
num_idx : None
cat_dims : [2]
bin_alt : None 


X_train shape : (17261, 9)
~~~~~~~~~~~~~~~~~~~~~~~~~~~~~~~~~~~~~~~~~~~~~~~~~~~~~~~~~~~~~~~~~~~~~~~~~~~~~~~
~~~~~~~~~~~~~~~~~~~~~~~~~~~~~~~~~~~~~~~~~~~~~~~~~~~~~~~~~~~~~~~~~~~~~~~~~~~~~~~
AFTER getting cat idx
Nominal Index : None
Ordinal Index : [1, 2, 3]
Cat Idx : [0]
Cat dims : [2]
~~~~~~~~~~~~~~~~~~~~~~~~~~~~~~~~~~~~~~~~~~~~~~~~~~~~~~~~~~~~~~~~~~~~~~~~~~~~~~~
BEFORE getting cat idx
Nominal Index : None
Ordinal Index : [1, 2, 3]
Cat Idx : [1, 2, 3]
Cat dims : []
No one Hot for this Baby!!! 

~~~~~~~~~~~~~~~~~~~~~~~~~~~~~~~~~~~~~~~~~~~~~~~~~~~~~~~~~~~~~~~~~~~~~~~~~~~~~~~ 


AFTER SEPARATING CATEGORICALS AND NUMERICALS
Ordinal Index : [1, 2, 3]
Numerical Index V1 : [0, 4, 5, 6, 7, 8]
Cat Idx V1 : [1, 2, 3] 
Cat Dims V1 : [5, 7, 8]
 

~~~~~~~~~~~~~~~~~~~~~~~~~~~~~~~~~~~~~~~~~~~~~~~~~~~~~~~~~~~~~~~~~~~~~~~~~~~~~~~ 


Scaling the data...
~~~~~~~~~~~~~~~~~~~~~~~~~~~~~~~~~~~~~~~~~~~~~~~~~~~~~~~~~~~~~~~~~~~~~~~~~~~~~~~
After OHE
Numerical Index V2 : [0, 4, 5, 6, 7, 8] 


OHE Idx : None


Ordinal Idx V2: [1, 2, 3]


Cat Dims V2 : [5, 7, 8]
Cat Idx V2 : [1, 2, 3] 
 

Train: [[0.6108816158222454 4.0 5.0 2.0 1.0085131122693196]
 [-1.2012558522409988 2.0 3.0 6.0 -0.16166246098539674]
 [0.46338205446826025 3.0 2.0 4.0 0.11367296801571154]
 [0.8426666408070786 4.0 4.0 5.0 1.0085131122693196]
 [-0.21090165457852839 1.0 4.0 7.0 0.2513406825162681]
 [1.474807618038443 4.0 1.0 5.0 -1.5383396059909429]
 [0.2526683953911389 1.0 1.0 3.0 0.044839110765433246]
 [-0.16875892276310406 4.0 6.0 5.0 1.0085131122693196]
 [0.4423106885605481 3.0 1.0 4.0 -0.6434994617373399]
 [-1.0326849249793018 2.0 4.0 5.0 0.3201745397665464]] 
 
 
Val : (17261, 9) 
 

~~~~~~~~~~~~~~~~~~~~~~~~~~~~~~~~~~~~~~~~~~~~~~~~~~~~~~~~~~~~~~~~~~~~~~~~~~~~~~~
Cat Idx V3 : None 
 

ERROR during preprocessing in inner fold 4: 'NoneType' object is not iterable
Skipping inner fold 4 due to preprocessing error.
  outer_2_inner Fold 5/5
Before Debugging -- Inner Fold 5
DEBUG Inner Fold 5: num_features: 9
DEBUG Inner Fold 5: num_classes: 1
DEBUG Inner Fold 5: cat_idx: [0]
DEBUG Inner Fold 5: nominal_idx: None
DEBUG Inner Fold 5: ordinal_idx: [1, 2, 3]
DEBUG Inner Fold 5: num_idx: None
DEBUG Inner Fold 5: cat_dims: [2]
DEBUG Inner Fold 5: bin_alt: None
~~~~~~~~~~~~~~~~~~~~~~~~~~~~~~~~~~~~~~~~~~~~~~~~~~~~~~~~~~~~~~~~~~~~~~~~~~~~~~~
BEFORE ANY ENCODING
num_features :9
num_classes : 1
cat_idx : [0]
nominal_idx : None
ordinal_idx : [1, 2, 3]
num_idx : None
cat_dims : [2]
bin_alt : None 


X_train shape : (17261, 9)
~~~~~~~~~~~~~~~~~~~~~~~~~~~~~~~~~~~~~~~~~~~~~~~~~~~~~~~~~~~~~~~~~~~~~~~~~~~~~~~
~~~~~~~~~~~~~~~~~~~~~~~~~~~~~~~~~~~~~~~~~~~~~~~~~~~~~~~~~~~~~~~~~~~~~~~~~~~~~~~
AFTER getting cat idx
Nominal Index : None
Ordinal Index : [1, 2, 3]
Cat Idx : [0]
Cat dims : [2]
~~~~~~~~~~~~~~~~~~~~~~~~~~~~~~~~~~~~~~~~~~~~~~~~~~~~~~~~~~~~~~~~~~~~~~~~~~~~~~~
BEFORE getting cat idx
Nominal Index : None
Ordinal Index : [1, 2, 3]
Cat Idx : [1, 2, 3]
Cat dims : []
No one Hot for this Baby!!! 

~~~~~~~~~~~~~~~~~~~~~~~~~~~~~~~~~~~~~~~~~~~~~~~~~~~~~~~~~~~~~~~~~~~~~~~~~~~~~~~ 


AFTER SEPARATING CATEGORICALS AND NUMERICALS
Ordinal Index : [1, 2, 3]
Numerical Index V1 : [0, 4, 5, 6, 7, 8]
Cat Idx V1 : [1, 2, 3] 
Cat Dims V1 : [5, 7, 8]
 

~~~~~~~~~~~~~~~~~~~~~~~~~~~~~~~~~~~~~~~~~~~~~~~~~~~~~~~~~~~~~~~~~~~~~~~~~~~~~~~ 


Scaling the data...
~~~~~~~~~~~~~~~~~~~~~~~~~~~~~~~~~~~~~~~~~~~~~~~~~~~~~~~~~~~~~~~~~~~~~~~~~~~~~~~
After OHE
Numerical Index V2 : [0, 4, 5, 6, 7, 8] 


OHE Idx : None


Ordinal Idx V2: [1, 2, 3]


Cat Dims V2 : [5, 7, 8]
Cat Idx V2 : [1, 2, 3] 
 

Train: [[0.4679925617898262 3.0 2.0 4.0 0.10629854407086942]
 [-0.2084735110698812 1.0 4.0 7.0 0.24545285518591095]
 [-0.6101252418303322 2.0 2.0 5.0 -0.7982044781768859]
 [0.2565969140211677 1.0 1.0 3.0 0.036721388513348635]
 [-0.1661943815161495 4.0 6.0 5.0 1.0108015663186296]
 [1.5249708006331186 3.0 1.0 2.0 0.5237614774159891]
 [0.6793882095584849 3.0 3.0 3.0 -0.5198958559468077]
 [-0.5255669827228688 1.0 4.0 2.0 1.2891101885487077]
 [-0.6312648066071982 4.0 3.0 2.0 -1.7027075004246461]
 [-0.1450548167392836 4.0 5.0 4.0 0.45418432185846835]] 
 
 
Val : (17261, 9) 
 

~~~~~~~~~~~~~~~~~~~~~~~~~~~~~~~~~~~~~~~~~~~~~~~~~~~~~~~~~~~~~~~~~~~~~~~~~~~~~~~
Cat Idx V3 : None 
 

ERROR during preprocessing in inner fold 5: 'NoneType' object is not iterable
Skipping inner fold 5 due to preprocessing error.
Warning: No inner folds completed successfully for HPO trial.
ERROR saving hyperparameters to file coz inner_cs issues: 'float' object has no attribute 'get_results'
  outer_2_inner Fold 1/5
Before Debugging -- Inner Fold 1
DEBUG Inner Fold 1: num_features: 9
DEBUG Inner Fold 1: num_classes: 1
DEBUG Inner Fold 1: cat_idx: [0]
DEBUG Inner Fold 1: nominal_idx: None
DEBUG Inner Fold 1: ordinal_idx: [1, 2, 3]
DEBUG Inner Fold 1: num_idx: None
DEBUG Inner Fold 1: cat_dims: [2]
DEBUG Inner Fold 1: bin_alt: None
~~~~~~~~~~~~~~~~~~~~~~~~~~~~~~~~~~~~~~~~~~~~~~~~~~~~~~~~~~~~~~~~~~~~~~~~~~~~~~~
BEFORE ANY ENCODING
num_features :9
num_classes : 1
cat_idx : [0]
nominal_idx : None
ordinal_idx : [1, 2, 3]
num_idx : None
cat_dims : [2]
bin_alt : None 


X_train shape : (17260, 9)
~~~~~~~~~~~~~~~~~~~~~~~~~~~~~~~~~~~~~~~~~~~~~~~~~~~~~~~~~~~~~~~~~~~~~~~~~~~~~~~
~~~~~~~~~~~~~~~~~~~~~~~~~~~~~~~~~~~~~~~~~~~~~~~~~~~~~~~~~~~~~~~~~~~~~~~~~~~~~~~
AFTER getting cat idx
Nominal Index : None
Ordinal Index : [1, 2, 3]
Cat Idx : [0]
Cat dims : [2]
~~~~~~~~~~~~~~~~~~~~~~~~~~~~~~~~~~~~~~~~~~~~~~~~~~~~~~~~~~~~~~~~~~~~~~~~~~~~~~~
BEFORE getting cat idx
Nominal Index : None
Ordinal Index : [1, 2, 3]
Cat Idx : [1, 2, 3]
Cat dims : []
No one Hot for this Baby!!! 

~~~~~~~~~~~~~~~~~~~~~~~~~~~~~~~~~~~~~~~~~~~~~~~~~~~~~~~~~~~~~~~~~~~~~~~~~~~~~~~ 


AFTER SEPARATING CATEGORICALS AND NUMERICALS
Ordinal Index : [1, 2, 3]
Numerical Index V1 : [0, 4, 5, 6, 7, 8]
Cat Idx V1 : [1, 2, 3] 
Cat Dims V1 : [5, 7, 8]
 

~~~~~~~~~~~~~~~~~~~~~~~~~~~~~~~~~~~~~~~~~~~~~~~~~~~~~~~~~~~~~~~~~~~~~~~~~~~~~~~ 


Scaling the data...
~~~~~~~~~~~~~~~~~~~~~~~~~~~~~~~~~~~~~~~~~~~~~~~~~~~~~~~~~~~~~~~~~~~~~~~~~~~~~~~
After OHE
Numerical Index V2 : [0, 4, 5, 6, 7, 8] 


OHE Idx : None


Ordinal Idx V2: [1, 2, 3]


Cat Dims V2 : [5, 7, 8]
Cat Idx V2 : [1, 2, 3] 
 

Train: [[0.6185148921667437 4.0 5.0 2.0 1.0206070134939544]
 [-1.2031349429234803 2.0 3.0 6.0 -0.1663344171757495]
 [0.851516615259679 4.0 4.0 5.0 1.0206070134939544]
 [-0.20758212607184648 1.0 4.0 7.0 0.25258608776649927]
 [1.4869758600585943 4.0 1.0 5.0 -1.5627361003165754]
 [-0.610039647777826 2.0 2.0 5.0 -0.7947151745891201]
 [-0.1652181764185854 4.0 6.0 5.0 1.0206070134939544]
 [0.44905909355369944 3.0 1.0 4.0 -0.6550750062750406]
 [1.5293398097118553 3.0 1.0 2.0 0.5318664243946635]
 [-1.0336791443104363 2.0 4.0 5.0 0.32240617192354154]] 
 
 
Val : (17260, 9) 
 

~~~~~~~~~~~~~~~~~~~~~~~~~~~~~~~~~~~~~~~~~~~~~~~~~~~~~~~~~~~~~~~~~~~~~~~~~~~~~~~
Cat Idx V3 : None 
 

ERROR during preprocessing in inner fold 1: 'NoneType' object is not iterable
Skipping inner fold 1 due to preprocessing error.
  outer_2_inner Fold 2/5
Before Debugging -- Inner Fold 2
DEBUG Inner Fold 2: num_features: 9
DEBUG Inner Fold 2: num_classes: 1
DEBUG Inner Fold 2: cat_idx: [0]
DEBUG Inner Fold 2: nominal_idx: None
DEBUG Inner Fold 2: ordinal_idx: [1, 2, 3]
DEBUG Inner Fold 2: num_idx: None
DEBUG Inner Fold 2: cat_dims: [2]
DEBUG Inner Fold 2: bin_alt: None
~~~~~~~~~~~~~~~~~~~~~~~~~~~~~~~~~~~~~~~~~~~~~~~~~~~~~~~~~~~~~~~~~~~~~~~~~~~~~~~
BEFORE ANY ENCODING
num_features :9
num_classes : 1
cat_idx : [0]
nominal_idx : None
ordinal_idx : [1, 2, 3]
num_idx : None
cat_dims : [2]
bin_alt : None 


X_train shape : (17261, 9)
~~~~~~~~~~~~~~~~~~~~~~~~~~~~~~~~~~~~~~~~~~~~~~~~~~~~~~~~~~~~~~~~~~~~~~~~~~~~~~~
~~~~~~~~~~~~~~~~~~~~~~~~~~~~~~~~~~~~~~~~~~~~~~~~~~~~~~~~~~~~~~~~~~~~~~~~~~~~~~~
AFTER getting cat idx
Nominal Index : None
Ordinal Index : [1, 2, 3]
Cat Idx : [0]
Cat dims : [2]
~~~~~~~~~~~~~~~~~~~~~~~~~~~~~~~~~~~~~~~~~~~~~~~~~~~~~~~~~~~~~~~~~~~~~~~~~~~~~~~
BEFORE getting cat idx
Nominal Index : None
Ordinal Index : [1, 2, 3]
Cat Idx : [1, 2, 3]
Cat dims : []
No one Hot for this Baby!!! 

~~~~~~~~~~~~~~~~~~~~~~~~~~~~~~~~~~~~~~~~~~~~~~~~~~~~~~~~~~~~~~~~~~~~~~~~~~~~~~~ 


AFTER SEPARATING CATEGORICALS AND NUMERICALS
Ordinal Index : [1, 2, 3]
Numerical Index V1 : [0, 4, 5, 6, 7, 8]
Cat Idx V1 : [1, 2, 3] 
Cat Dims V1 : [5, 7, 8]
 

~~~~~~~~~~~~~~~~~~~~~~~~~~~~~~~~~~~~~~~~~~~~~~~~~~~~~~~~~~~~~~~~~~~~~~~~~~~~~~~ 


Scaling the data...
~~~~~~~~~~~~~~~~~~~~~~~~~~~~~~~~~~~~~~~~~~~~~~~~~~~~~~~~~~~~~~~~~~~~~~~~~~~~~~~
After OHE
Numerical Index V2 : [0, 4, 5, 6, 7, 8] 


OHE Idx : None


Ordinal Idx V2: [1, 2, 3]


Cat Dims V2 : [5, 7, 8]
Cat Idx V2 : [1, 2, 3] 
 

Train: [[0.6169811862022413 4.0 5.0 2.0 1.0050571338200192]
 [-1.199925196517285 2.0 3.0 6.0 -0.16840263626641364]
 [0.46909345737623326 3.0 2.0 4.0 0.10770554493039264]
 [0.8493761886431107 4.0 4.0 5.0 1.0050571338200192]
 [1.4831807407545734 4.0 1.0 5.0 -1.5489435422504498]
 [-0.6083742812132532 2.0 2.0 5.0 -0.789646043959229]
 [0.25782527333907906 1.0 1.0 3.0 0.03867849963118984]
 [0.4479666389725178 3.0 1.0 4.0 -0.6515919533608283]
 [1.5254343775620043 3.0 1.0 2.0 0.5218678167256044]
 [-1.0309106492875617 2.0 4.0 5.0 0.31478668082800104]] 
 
 
Val : (17261, 9) 
 

~~~~~~~~~~~~~~~~~~~~~~~~~~~~~~~~~~~~~~~~~~~~~~~~~~~~~~~~~~~~~~~~~~~~~~~~~~~~~~~
Cat Idx V3 : None 
 

ERROR during preprocessing in inner fold 2: 'NoneType' object is not iterable
Skipping inner fold 2 due to preprocessing error.
  outer_2_inner Fold 3/5
Before Debugging -- Inner Fold 3
DEBUG Inner Fold 3: num_features: 9
DEBUG Inner Fold 3: num_classes: 1
DEBUG Inner Fold 3: cat_idx: [0]
DEBUG Inner Fold 3: nominal_idx: None
DEBUG Inner Fold 3: ordinal_idx: [1, 2, 3]
DEBUG Inner Fold 3: num_idx: None
DEBUG Inner Fold 3: cat_dims: [2]
DEBUG Inner Fold 3: bin_alt: None
~~~~~~~~~~~~~~~~~~~~~~~~~~~~~~~~~~~~~~~~~~~~~~~~~~~~~~~~~~~~~~~~~~~~~~~~~~~~~~~
BEFORE ANY ENCODING
num_features :9
num_classes : 1
cat_idx : [0]
nominal_idx : None
ordinal_idx : [1, 2, 3]
num_idx : None
cat_dims : [2]
bin_alt : None 


X_train shape : (17261, 9)
~~~~~~~~~~~~~~~~~~~~~~~~~~~~~~~~~~~~~~~~~~~~~~~~~~~~~~~~~~~~~~~~~~~~~~~~~~~~~~~
~~~~~~~~~~~~~~~~~~~~~~~~~~~~~~~~~~~~~~~~~~~~~~~~~~~~~~~~~~~~~~~~~~~~~~~~~~~~~~~
AFTER getting cat idx
Nominal Index : None
Ordinal Index : [1, 2, 3]
Cat Idx : [0]
Cat dims : [2]
~~~~~~~~~~~~~~~~~~~~~~~~~~~~~~~~~~~~~~~~~~~~~~~~~~~~~~~~~~~~~~~~~~~~~~~~~~~~~~~
BEFORE getting cat idx
Nominal Index : None
Ordinal Index : [1, 2, 3]
Cat Idx : [1, 2, 3]
Cat dims : []
No one Hot for this Baby!!! 

~~~~~~~~~~~~~~~~~~~~~~~~~~~~~~~~~~~~~~~~~~~~~~~~~~~~~~~~~~~~~~~~~~~~~~~~~~~~~~~ 


AFTER SEPARATING CATEGORICALS AND NUMERICALS
Ordinal Index : [1, 2, 3]
Numerical Index V1 : [0, 4, 5, 6, 7, 8]
Cat Idx V1 : [1, 2, 3] 
Cat Dims V1 : [5, 7, 8]
 

~~~~~~~~~~~~~~~~~~~~~~~~~~~~~~~~~~~~~~~~~~~~~~~~~~~~~~~~~~~~~~~~~~~~~~~~~~~~~~~ 


Scaling the data...
~~~~~~~~~~~~~~~~~~~~~~~~~~~~~~~~~~~~~~~~~~~~~~~~~~~~~~~~~~~~~~~~~~~~~~~~~~~~~~~
After OHE
Numerical Index V2 : [0, 4, 5, 6, 7, 8] 


OHE Idx : None


Ordinal Idx V2: [1, 2, 3]


Cat Dims V2 : [5, 7, 8]
Cat Idx V2 : [1, 2, 3] 
 

Train: [[0.6072843181424744 4.0 5.0 2.0 1.0078898873043258]
 [-1.205889028001656 2.0 3.0 6.0 -0.17010999663284473]
 [0.45970044113074277 3.0 2.0 4.0 0.10706644664648807]
 [0.8392018391609095 4.0 4.0 5.0 1.0078898873043258]
 [-0.21496871092288725 1.0 4.0 7.0 0.24565466828615692]
 [1.4717041692111876 4.0 1.0 5.0 -1.5559922130295136]
 [-0.61555351995473 2.0 2.0 5.0 -0.7937569940113448]
 [0.24886633111398349 1.0 1.0 3.0 0.03777233582665363]
 [-0.17280188891953535 4.0 6.0 5.0 1.0078898873043258]
 [0.43861703012906683 3.0 1.0 4.0 -0.6551687723716808]] 
 
 
Val : (17261, 9) 
 

~~~~~~~~~~~~~~~~~~~~~~~~~~~~~~~~~~~~~~~~~~~~~~~~~~~~~~~~~~~~~~~~~~~~~~~~~~~~~~~
Cat Idx V3 : None 
 

ERROR during preprocessing in inner fold 3: 'NoneType' object is not iterable
Skipping inner fold 3 due to preprocessing error.
  outer_2_inner Fold 4/5
Before Debugging -- Inner Fold 4
DEBUG Inner Fold 4: num_features: 9
DEBUG Inner Fold 4: num_classes: 1
DEBUG Inner Fold 4: cat_idx: [0]
DEBUG Inner Fold 4: nominal_idx: None
DEBUG Inner Fold 4: ordinal_idx: [1, 2, 3]
DEBUG Inner Fold 4: num_idx: None
DEBUG Inner Fold 4: cat_dims: [2]
DEBUG Inner Fold 4: bin_alt: None
~~~~~~~~~~~~~~~~~~~~~~~~~~~~~~~~~~~~~~~~~~~~~~~~~~~~~~~~~~~~~~~~~~~~~~~~~~~~~~~
BEFORE ANY ENCODING
num_features :9
num_classes : 1
cat_idx : [0]
nominal_idx : None
ordinal_idx : [1, 2, 3]
num_idx : None
cat_dims : [2]
bin_alt : None 


X_train shape : (17261, 9)
~~~~~~~~~~~~~~~~~~~~~~~~~~~~~~~~~~~~~~~~~~~~~~~~~~~~~~~~~~~~~~~~~~~~~~~~~~~~~~~
~~~~~~~~~~~~~~~~~~~~~~~~~~~~~~~~~~~~~~~~~~~~~~~~~~~~~~~~~~~~~~~~~~~~~~~~~~~~~~~
AFTER getting cat idx
Nominal Index : None
Ordinal Index : [1, 2, 3]
Cat Idx : [0]
Cat dims : [2]
~~~~~~~~~~~~~~~~~~~~~~~~~~~~~~~~~~~~~~~~~~~~~~~~~~~~~~~~~~~~~~~~~~~~~~~~~~~~~~~
BEFORE getting cat idx
Nominal Index : None
Ordinal Index : [1, 2, 3]
Cat Idx : [1, 2, 3]
Cat dims : []
No one Hot for this Baby!!! 

~~~~~~~~~~~~~~~~~~~~~~~~~~~~~~~~~~~~~~~~~~~~~~~~~~~~~~~~~~~~~~~~~~~~~~~~~~~~~~~ 


AFTER SEPARATING CATEGORICALS AND NUMERICALS
Ordinal Index : [1, 2, 3]
Numerical Index V1 : [0, 4, 5, 6, 7, 8]
Cat Idx V1 : [1, 2, 3] 
Cat Dims V1 : [5, 7, 8]
 

~~~~~~~~~~~~~~~~~~~~~~~~~~~~~~~~~~~~~~~~~~~~~~~~~~~~~~~~~~~~~~~~~~~~~~~~~~~~~~~ 


Scaling the data...
~~~~~~~~~~~~~~~~~~~~~~~~~~~~~~~~~~~~~~~~~~~~~~~~~~~~~~~~~~~~~~~~~~~~~~~~~~~~~~~
After OHE
Numerical Index V2 : [0, 4, 5, 6, 7, 8] 


OHE Idx : None


Ordinal Idx V2: [1, 2, 3]


Cat Dims V2 : [5, 7, 8]
Cat Idx V2 : [1, 2, 3] 
 

Train: [[0.6108816158222454 4.0 5.0 2.0 1.0085131122693196]
 [-1.2012558522409988 2.0 3.0 6.0 -0.16166246098539674]
 [0.46338205446826025 3.0 2.0 4.0 0.11367296801571154]
 [0.8426666408070786 4.0 4.0 5.0 1.0085131122693196]
 [-0.21090165457852839 1.0 4.0 7.0 0.2513406825162681]
 [1.474807618038443 4.0 1.0 5.0 -1.5383396059909429]
 [0.2526683953911389 1.0 1.0 3.0 0.044839110765433246]
 [-0.16875892276310406 4.0 6.0 5.0 1.0085131122693196]
 [0.4423106885605481 3.0 1.0 4.0 -0.6434994617373399]
 [-1.0326849249793018 2.0 4.0 5.0 0.3201745397665464]] 
 
 
Val : (17261, 9) 
 

~~~~~~~~~~~~~~~~~~~~~~~~~~~~~~~~~~~~~~~~~~~~~~~~~~~~~~~~~~~~~~~~~~~~~~~~~~~~~~~
Cat Idx V3 : None 
 

ERROR during preprocessing in inner fold 4: 'NoneType' object is not iterable
Skipping inner fold 4 due to preprocessing error.
  outer_2_inner Fold 5/5
Before Debugging -- Inner Fold 5
DEBUG Inner Fold 5: num_features: 9
DEBUG Inner Fold 5: num_classes: 1
DEBUG Inner Fold 5: cat_idx: [0]
DEBUG Inner Fold 5: nominal_idx: None
DEBUG Inner Fold 5: ordinal_idx: [1, 2, 3]
DEBUG Inner Fold 5: num_idx: None
DEBUG Inner Fold 5: cat_dims: [2]
DEBUG Inner Fold 5: bin_alt: None
~~~~~~~~~~~~~~~~~~~~~~~~~~~~~~~~~~~~~~~~~~~~~~~~~~~~~~~~~~~~~~~~~~~~~~~~~~~~~~~
BEFORE ANY ENCODING
num_features :9
num_classes : 1
cat_idx : [0]
nominal_idx : None
ordinal_idx : [1, 2, 3]
num_idx : None
cat_dims : [2]
bin_alt : None 


X_train shape : (17261, 9)
~~~~~~~~~~~~~~~~~~~~~~~~~~~~~~~~~~~~~~~~~~~~~~~~~~~~~~~~~~~~~~~~~~~~~~~~~~~~~~~
~~~~~~~~~~~~~~~~~~~~~~~~~~~~~~~~~~~~~~~~~~~~~~~~~~~~~~~~~~~~~~~~~~~~~~~~~~~~~~~
AFTER getting cat idx
Nominal Index : None
Ordinal Index : [1, 2, 3]
Cat Idx : [0]
Cat dims : [2]
~~~~~~~~~~~~~~~~~~~~~~~~~~~~~~~~~~~~~~~~~~~~~~~~~~~~~~~~~~~~~~~~~~~~~~~~~~~~~~~
BEFORE getting cat idx
Nominal Index : None
Ordinal Index : [1, 2, 3]
Cat Idx : [1, 2, 3]
Cat dims : []
No one Hot for this Baby!!! 

~~~~~~~~~~~~~~~~~~~~~~~~~~~~~~~~~~~~~~~~~~~~~~~~~~~~~~~~~~~~~~~~~~~~~~~~~~~~~~~ 


AFTER SEPARATING CATEGORICALS AND NUMERICALS
Ordinal Index : [1, 2, 3]
Numerical Index V1 : [0, 4, 5, 6, 7, 8]
Cat Idx V1 : [1, 2, 3] 
Cat Dims V1 : [5, 7, 8]
 

~~~~~~~~~~~~~~~~~~~~~~~~~~~~~~~~~~~~~~~~~~~~~~~~~~~~~~~~~~~~~~~~~~~~~~~~~~~~~~~ 


Scaling the data...
~~~~~~~~~~~~~~~~~~~~~~~~~~~~~~~~~~~~~~~~~~~~~~~~~~~~~~~~~~~~~~~~~~~~~~~~~~~~~~~
After OHE
Numerical Index V2 : [0, 4, 5, 6, 7, 8] 


OHE Idx : None


Ordinal Idx V2: [1, 2, 3]


Cat Dims V2 : [5, 7, 8]
Cat Idx V2 : [1, 2, 3] 
 

Train: [[0.4679925617898262 3.0 2.0 4.0 0.10629854407086942]
 [-0.2084735110698812 1.0 4.0 7.0 0.24545285518591095]
 [-0.6101252418303322 2.0 2.0 5.0 -0.7982044781768859]
 [0.2565969140211677 1.0 1.0 3.0 0.036721388513348635]
 [-0.1661943815161495 4.0 6.0 5.0 1.0108015663186296]
 [1.5249708006331186 3.0 1.0 2.0 0.5237614774159891]
 [0.6793882095584849 3.0 3.0 3.0 -0.5198958559468077]
 [-0.5255669827228688 1.0 4.0 2.0 1.2891101885487077]
 [-0.6312648066071982 4.0 3.0 2.0 -1.7027075004246461]
 [-0.1450548167392836 4.0 5.0 4.0 0.45418432185846835]] 
 
 
Val : (17261, 9) 
 

~~~~~~~~~~~~~~~~~~~~~~~~~~~~~~~~~~~~~~~~~~~~~~~~~~~~~~~~~~~~~~~~~~~~~~~~~~~~~~~
Cat Idx V3 : None 
 

ERROR during preprocessing in inner fold 5: 'NoneType' object is not iterable
Skipping inner fold 5 due to preprocessing error.
Warning: No inner folds completed successfully for HPO trial.
ERROR saving hyperparameters to file coz inner_cs issues: 'float' object has no attribute 'get_results'
  outer_2_inner Fold 1/5
Before Debugging -- Inner Fold 1
DEBUG Inner Fold 1: num_features: 9
DEBUG Inner Fold 1: num_classes: 1
DEBUG Inner Fold 1: cat_idx: [0]
DEBUG Inner Fold 1: nominal_idx: None
DEBUG Inner Fold 1: ordinal_idx: [1, 2, 3]
DEBUG Inner Fold 1: num_idx: None
DEBUG Inner Fold 1: cat_dims: [2]
DEBUG Inner Fold 1: bin_alt: None
~~~~~~~~~~~~~~~~~~~~~~~~~~~~~~~~~~~~~~~~~~~~~~~~~~~~~~~~~~~~~~~~~~~~~~~~~~~~~~~
BEFORE ANY ENCODING
num_features :9
num_classes : 1
cat_idx : [0]
nominal_idx : None
ordinal_idx : [1, 2, 3]
num_idx : None
cat_dims : [2]
bin_alt : None 


X_train shape : (17260, 9)
~~~~~~~~~~~~~~~~~~~~~~~~~~~~~~~~~~~~~~~~~~~~~~~~~~~~~~~~~~~~~~~~~~~~~~~~~~~~~~~
~~~~~~~~~~~~~~~~~~~~~~~~~~~~~~~~~~~~~~~~~~~~~~~~~~~~~~~~~~~~~~~~~~~~~~~~~~~~~~~
AFTER getting cat idx
Nominal Index : None
Ordinal Index : [1, 2, 3]
Cat Idx : [0]
Cat dims : [2]
~~~~~~~~~~~~~~~~~~~~~~~~~~~~~~~~~~~~~~~~~~~~~~~~~~~~~~~~~~~~~~~~~~~~~~~~~~~~~~~
BEFORE getting cat idx
Nominal Index : None
Ordinal Index : [1, 2, 3]
Cat Idx : [1, 2, 3]
Cat dims : []
No one Hot for this Baby!!! 

~~~~~~~~~~~~~~~~~~~~~~~~~~~~~~~~~~~~~~~~~~~~~~~~~~~~~~~~~~~~~~~~~~~~~~~~~~~~~~~ 


AFTER SEPARATING CATEGORICALS AND NUMERICALS
Ordinal Index : [1, 2, 3]
Numerical Index V1 : [0, 4, 5, 6, 7, 8]
Cat Idx V1 : [1, 2, 3] 
Cat Dims V1 : [5, 7, 8]
 

~~~~~~~~~~~~~~~~~~~~~~~~~~~~~~~~~~~~~~~~~~~~~~~~~~~~~~~~~~~~~~~~~~~~~~~~~~~~~~~ 


Scaling the data...
~~~~~~~~~~~~~~~~~~~~~~~~~~~~~~~~~~~~~~~~~~~~~~~~~~~~~~~~~~~~~~~~~~~~~~~~~~~~~~~
After OHE
Numerical Index V2 : [0, 4, 5, 6, 7, 8] 


OHE Idx : None


Ordinal Idx V2: [1, 2, 3]


Cat Dims V2 : [5, 7, 8]
Cat Idx V2 : [1, 2, 3] 
 

Train: [[0.6185148921667437 4.0 5.0 2.0 1.0206070134939544]
 [-1.2031349429234803 2.0 3.0 6.0 -0.1663344171757495]
 [0.851516615259679 4.0 4.0 5.0 1.0206070134939544]
 [-0.20758212607184648 1.0 4.0 7.0 0.25258608776649927]
 [1.4869758600585943 4.0 1.0 5.0 -1.5627361003165754]
 [-0.610039647777826 2.0 2.0 5.0 -0.7947151745891201]
 [-0.1652181764185854 4.0 6.0 5.0 1.0206070134939544]
 [0.44905909355369944 3.0 1.0 4.0 -0.6550750062750406]
 [1.5293398097118553 3.0 1.0 2.0 0.5318664243946635]
 [-1.0336791443104363 2.0 4.0 5.0 0.32240617192354154]] 
 
 
Val : (17260, 9) 
 

~~~~~~~~~~~~~~~~~~~~~~~~~~~~~~~~~~~~~~~~~~~~~~~~~~~~~~~~~~~~~~~~~~~~~~~~~~~~~~~
Cat Idx V3 : None 
 

ERROR during preprocessing in inner fold 1: 'NoneType' object is not iterable
Skipping inner fold 1 due to preprocessing error.
  outer_2_inner Fold 2/5
Before Debugging -- Inner Fold 2
DEBUG Inner Fold 2: num_features: 9
DEBUG Inner Fold 2: num_classes: 1
DEBUG Inner Fold 2: cat_idx: [0]
DEBUG Inner Fold 2: nominal_idx: None
DEBUG Inner Fold 2: ordinal_idx: [1, 2, 3]
DEBUG Inner Fold 2: num_idx: None
DEBUG Inner Fold 2: cat_dims: [2]
DEBUG Inner Fold 2: bin_alt: None
~~~~~~~~~~~~~~~~~~~~~~~~~~~~~~~~~~~~~~~~~~~~~~~~~~~~~~~~~~~~~~~~~~~~~~~~~~~~~~~
BEFORE ANY ENCODING
num_features :9
num_classes : 1
cat_idx : [0]
nominal_idx : None
ordinal_idx : [1, 2, 3]
num_idx : None
cat_dims : [2]
bin_alt : None 


X_train shape : (17261, 9)
~~~~~~~~~~~~~~~~~~~~~~~~~~~~~~~~~~~~~~~~~~~~~~~~~~~~~~~~~~~~~~~~~~~~~~~~~~~~~~~
~~~~~~~~~~~~~~~~~~~~~~~~~~~~~~~~~~~~~~~~~~~~~~~~~~~~~~~~~~~~~~~~~~~~~~~~~~~~~~~
AFTER getting cat idx
Nominal Index : None
Ordinal Index : [1, 2, 3]
Cat Idx : [0]
Cat dims : [2]
~~~~~~~~~~~~~~~~~~~~~~~~~~~~~~~~~~~~~~~~~~~~~~~~~~~~~~~~~~~~~~~~~~~~~~~~~~~~~~~
BEFORE getting cat idx
Nominal Index : None
Ordinal Index : [1, 2, 3]
Cat Idx : [1, 2, 3]
Cat dims : []
No one Hot for this Baby!!! 

~~~~~~~~~~~~~~~~~~~~~~~~~~~~~~~~~~~~~~~~~~~~~~~~~~~~~~~~~~~~~~~~~~~~~~~~~~~~~~~ 


AFTER SEPARATING CATEGORICALS AND NUMERICALS
Ordinal Index : [1, 2, 3]
Numerical Index V1 : [0, 4, 5, 6, 7, 8]
Cat Idx V1 : [1, 2, 3] 
Cat Dims V1 : [5, 7, 8]
 

~~~~~~~~~~~~~~~~~~~~~~~~~~~~~~~~~~~~~~~~~~~~~~~~~~~~~~~~~~~~~~~~~~~~~~~~~~~~~~~ 


Scaling the data...
~~~~~~~~~~~~~~~~~~~~~~~~~~~~~~~~~~~~~~~~~~~~~~~~~~~~~~~~~~~~~~~~~~~~~~~~~~~~~~~
After OHE
Numerical Index V2 : [0, 4, 5, 6, 7, 8] 


OHE Idx : None


Ordinal Idx V2: [1, 2, 3]


Cat Dims V2 : [5, 7, 8]
Cat Idx V2 : [1, 2, 3] 
 

Train: [[0.6169811862022413 4.0 5.0 2.0 1.0050571338200192]
 [-1.199925196517285 2.0 3.0 6.0 -0.16840263626641364]
 [0.46909345737623326 3.0 2.0 4.0 0.10770554493039264]
 [0.8493761886431107 4.0 4.0 5.0 1.0050571338200192]
 [1.4831807407545734 4.0 1.0 5.0 -1.5489435422504498]
 [-0.6083742812132532 2.0 2.0 5.0 -0.789646043959229]
 [0.25782527333907906 1.0 1.0 3.0 0.03867849963118984]
 [0.4479666389725178 3.0 1.0 4.0 -0.6515919533608283]
 [1.5254343775620043 3.0 1.0 2.0 0.5218678167256044]
 [-1.0309106492875617 2.0 4.0 5.0 0.31478668082800104]] 
 
 
Val : (17261, 9) 
 

~~~~~~~~~~~~~~~~~~~~~~~~~~~~~~~~~~~~~~~~~~~~~~~~~~~~~~~~~~~~~~~~~~~~~~~~~~~~~~~
Cat Idx V3 : None 
 

ERROR during preprocessing in inner fold 2: 'NoneType' object is not iterable
Skipping inner fold 2 due to preprocessing error.
  outer_2_inner Fold 3/5
Before Debugging -- Inner Fold 3
DEBUG Inner Fold 3: num_features: 9
DEBUG Inner Fold 3: num_classes: 1
DEBUG Inner Fold 3: cat_idx: [0]
DEBUG Inner Fold 3: nominal_idx: None
DEBUG Inner Fold 3: ordinal_idx: [1, 2, 3]
DEBUG Inner Fold 3: num_idx: None
DEBUG Inner Fold 3: cat_dims: [2]
DEBUG Inner Fold 3: bin_alt: None
~~~~~~~~~~~~~~~~~~~~~~~~~~~~~~~~~~~~~~~~~~~~~~~~~~~~~~~~~~~~~~~~~~~~~~~~~~~~~~~
BEFORE ANY ENCODING
num_features :9
num_classes : 1
cat_idx : [0]
nominal_idx : None
ordinal_idx : [1, 2, 3]
num_idx : None
cat_dims : [2]
bin_alt : None 


X_train shape : (17261, 9)
~~~~~~~~~~~~~~~~~~~~~~~~~~~~~~~~~~~~~~~~~~~~~~~~~~~~~~~~~~~~~~~~~~~~~~~~~~~~~~~
~~~~~~~~~~~~~~~~~~~~~~~~~~~~~~~~~~~~~~~~~~~~~~~~~~~~~~~~~~~~~~~~~~~~~~~~~~~~~~~
AFTER getting cat idx
Nominal Index : None
Ordinal Index : [1, 2, 3]
Cat Idx : [0]
Cat dims : [2]
~~~~~~~~~~~~~~~~~~~~~~~~~~~~~~~~~~~~~~~~~~~~~~~~~~~~~~~~~~~~~~~~~~~~~~~~~~~~~~~
BEFORE getting cat idx
Nominal Index : None
Ordinal Index : [1, 2, 3]
Cat Idx : [1, 2, 3]
Cat dims : []
No one Hot for this Baby!!! 

~~~~~~~~~~~~~~~~~~~~~~~~~~~~~~~~~~~~~~~~~~~~~~~~~~~~~~~~~~~~~~~~~~~~~~~~~~~~~~~ 


AFTER SEPARATING CATEGORICALS AND NUMERICALS
Ordinal Index : [1, 2, 3]
Numerical Index V1 : [0, 4, 5, 6, 7, 8]
Cat Idx V1 : [1, 2, 3] 
Cat Dims V1 : [5, 7, 8]
 

~~~~~~~~~~~~~~~~~~~~~~~~~~~~~~~~~~~~~~~~~~~~~~~~~~~~~~~~~~~~~~~~~~~~~~~~~~~~~~~ 


Scaling the data...
~~~~~~~~~~~~~~~~~~~~~~~~~~~~~~~~~~~~~~~~~~~~~~~~~~~~~~~~~~~~~~~~~~~~~~~~~~~~~~~
After OHE
Numerical Index V2 : [0, 4, 5, 6, 7, 8] 


OHE Idx : None


Ordinal Idx V2: [1, 2, 3]


Cat Dims V2 : [5, 7, 8]
Cat Idx V2 : [1, 2, 3] 
 

Train: [[0.6072843181424744 4.0 5.0 2.0 1.0078898873043258]
 [-1.205889028001656 2.0 3.0 6.0 -0.17010999663284473]
 [0.45970044113074277 3.0 2.0 4.0 0.10706644664648807]
 [0.8392018391609095 4.0 4.0 5.0 1.0078898873043258]
 [-0.21496871092288725 1.0 4.0 7.0 0.24565466828615692]
 [1.4717041692111876 4.0 1.0 5.0 -1.5559922130295136]
 [-0.61555351995473 2.0 2.0 5.0 -0.7937569940113448]
 [0.24886633111398349 1.0 1.0 3.0 0.03777233582665363]
 [-0.17280188891953535 4.0 6.0 5.0 1.0078898873043258]
 [0.43861703012906683 3.0 1.0 4.0 -0.6551687723716808]] 
 
 
Val : (17261, 9) 
 

~~~~~~~~~~~~~~~~~~~~~~~~~~~~~~~~~~~~~~~~~~~~~~~~~~~~~~~~~~~~~~~~~~~~~~~~~~~~~~~
Cat Idx V3 : None 
 

ERROR during preprocessing in inner fold 3: 'NoneType' object is not iterable
Skipping inner fold 3 due to preprocessing error.
  outer_2_inner Fold 4/5
Before Debugging -- Inner Fold 4
DEBUG Inner Fold 4: num_features: 9
DEBUG Inner Fold 4: num_classes: 1
DEBUG Inner Fold 4: cat_idx: [0]
DEBUG Inner Fold 4: nominal_idx: None
DEBUG Inner Fold 4: ordinal_idx: [1, 2, 3]
DEBUG Inner Fold 4: num_idx: None
DEBUG Inner Fold 4: cat_dims: [2]
DEBUG Inner Fold 4: bin_alt: None
~~~~~~~~~~~~~~~~~~~~~~~~~~~~~~~~~~~~~~~~~~~~~~~~~~~~~~~~~~~~~~~~~~~~~~~~~~~~~~~
BEFORE ANY ENCODING
num_features :9
num_classes : 1
cat_idx : [0]
nominal_idx : None
ordinal_idx : [1, 2, 3]
num_idx : None
cat_dims : [2]
bin_alt : None 


X_train shape : (17261, 9)
~~~~~~~~~~~~~~~~~~~~~~~~~~~~~~~~~~~~~~~~~~~~~~~~~~~~~~~~~~~~~~~~~~~~~~~~~~~~~~~
~~~~~~~~~~~~~~~~~~~~~~~~~~~~~~~~~~~~~~~~~~~~~~~~~~~~~~~~~~~~~~~~~~~~~~~~~~~~~~~
AFTER getting cat idx
Nominal Index : None
Ordinal Index : [1, 2, 3]
Cat Idx : [0]
Cat dims : [2]
~~~~~~~~~~~~~~~~~~~~~~~~~~~~~~~~~~~~~~~~~~~~~~~~~~~~~~~~~~~~~~~~~~~~~~~~~~~~~~~
BEFORE getting cat idx
Nominal Index : None
Ordinal Index : [1, 2, 3]
Cat Idx : [1, 2, 3]
Cat dims : []
No one Hot for this Baby!!! 

~~~~~~~~~~~~~~~~~~~~~~~~~~~~~~~~~~~~~~~~~~~~~~~~~~~~~~~~~~~~~~~~~~~~~~~~~~~~~~~ 


AFTER SEPARATING CATEGORICALS AND NUMERICALS
Ordinal Index : [1, 2, 3]
Numerical Index V1 : [0, 4, 5, 6, 7, 8]
Cat Idx V1 : [1, 2, 3] 
Cat Dims V1 : [5, 7, 8]
 

~~~~~~~~~~~~~~~~~~~~~~~~~~~~~~~~~~~~~~~~~~~~~~~~~~~~~~~~~~~~~~~~~~~~~~~~~~~~~~~ 


Scaling the data...
~~~~~~~~~~~~~~~~~~~~~~~~~~~~~~~~~~~~~~~~~~~~~~~~~~~~~~~~~~~~~~~~~~~~~~~~~~~~~~~
After OHE
Numerical Index V2 : [0, 4, 5, 6, 7, 8] 


OHE Idx : None


Ordinal Idx V2: [1, 2, 3]


Cat Dims V2 : [5, 7, 8]
Cat Idx V2 : [1, 2, 3] 
 

Train: [[0.6108816158222454 4.0 5.0 2.0 1.0085131122693196]
 [-1.2012558522409988 2.0 3.0 6.0 -0.16166246098539674]
 [0.46338205446826025 3.0 2.0 4.0 0.11367296801571154]
 [0.8426666408070786 4.0 4.0 5.0 1.0085131122693196]
 [-0.21090165457852839 1.0 4.0 7.0 0.2513406825162681]
 [1.474807618038443 4.0 1.0 5.0 -1.5383396059909429]
 [0.2526683953911389 1.0 1.0 3.0 0.044839110765433246]
 [-0.16875892276310406 4.0 6.0 5.0 1.0085131122693196]
 [0.4423106885605481 3.0 1.0 4.0 -0.6434994617373399]
 [-1.0326849249793018 2.0 4.0 5.0 0.3201745397665464]] 
 
 
Val : (17261, 9) 
 

~~~~~~~~~~~~~~~~~~~~~~~~~~~~~~~~~~~~~~~~~~~~~~~~~~~~~~~~~~~~~~~~~~~~~~~~~~~~~~~
Cat Idx V3 : None 
 

ERROR during preprocessing in inner fold 4: 'NoneType' object is not iterable
Skipping inner fold 4 due to preprocessing error.
  outer_2_inner Fold 5/5
Before Debugging -- Inner Fold 5
DEBUG Inner Fold 5: num_features: 9
DEBUG Inner Fold 5: num_classes: 1
DEBUG Inner Fold 5: cat_idx: [0]
DEBUG Inner Fold 5: nominal_idx: None
DEBUG Inner Fold 5: ordinal_idx: [1, 2, 3]
DEBUG Inner Fold 5: num_idx: None
DEBUG Inner Fold 5: cat_dims: [2]
DEBUG Inner Fold 5: bin_alt: None
~~~~~~~~~~~~~~~~~~~~~~~~~~~~~~~~~~~~~~~~~~~~~~~~~~~~~~~~~~~~~~~~~~~~~~~~~~~~~~~
BEFORE ANY ENCODING
num_features :9
num_classes : 1
cat_idx : [0]
nominal_idx : None
ordinal_idx : [1, 2, 3]
num_idx : None
cat_dims : [2]
bin_alt : None 


X_train shape : (17261, 9)
~~~~~~~~~~~~~~~~~~~~~~~~~~~~~~~~~~~~~~~~~~~~~~~~~~~~~~~~~~~~~~~~~~~~~~~~~~~~~~~
~~~~~~~~~~~~~~~~~~~~~~~~~~~~~~~~~~~~~~~~~~~~~~~~~~~~~~~~~~~~~~~~~~~~~~~~~~~~~~~
AFTER getting cat idx
Nominal Index : None
Ordinal Index : [1, 2, 3]
Cat Idx : [0]
Cat dims : [2]
~~~~~~~~~~~~~~~~~~~~~~~~~~~~~~~~~~~~~~~~~~~~~~~~~~~~~~~~~~~~~~~~~~~~~~~~~~~~~~~
BEFORE getting cat idx
Nominal Index : None
Ordinal Index : [1, 2, 3]
Cat Idx : [1, 2, 3]
Cat dims : []
No one Hot for this Baby!!! 

~~~~~~~~~~~~~~~~~~~~~~~~~~~~~~~~~~~~~~~~~~~~~~~~~~~~~~~~~~~~~~~~~~~~~~~~~~~~~~~ 


AFTER SEPARATING CATEGORICALS AND NUMERICALS
Ordinal Index : [1, 2, 3]
Numerical Index V1 : [0, 4, 5, 6, 7, 8]
Cat Idx V1 : [1, 2, 3] 
Cat Dims V1 : [5, 7, 8]
 

~~~~~~~~~~~~~~~~~~~~~~~~~~~~~~~~~~~~~~~~~~~~~~~~~~~~~~~~~~~~~~~~~~~~~~~~~~~~~~~ 


Scaling the data...
~~~~~~~~~~~~~~~~~~~~~~~~~~~~~~~~~~~~~~~~~~~~~~~~~~~~~~~~~~~~~~~~~~~~~~~~~~~~~~~
After OHE
Numerical Index V2 : [0, 4, 5, 6, 7, 8] 


OHE Idx : None


Ordinal Idx V2: [1, 2, 3]


Cat Dims V2 : [5, 7, 8]
Cat Idx V2 : [1, 2, 3] 
 

Train: [[0.4679925617898262 3.0 2.0 4.0 0.10629854407086942]
 [-0.2084735110698812 1.0 4.0 7.0 0.24545285518591095]
 [-0.6101252418303322 2.0 2.0 5.0 -0.7982044781768859]
 [0.2565969140211677 1.0 1.0 3.0 0.036721388513348635]
 [-0.1661943815161495 4.0 6.0 5.0 1.0108015663186296]
 [1.5249708006331186 3.0 1.0 2.0 0.5237614774159891]
 [0.6793882095584849 3.0 3.0 3.0 -0.5198958559468077]
 [-0.5255669827228688 1.0 4.0 2.0 1.2891101885487077]
 [-0.6312648066071982 4.0 3.0 2.0 -1.7027075004246461]
 [-0.1450548167392836 4.0 5.0 4.0 0.45418432185846835]] 
 
 
Val : (17261, 9) 
 

~~~~~~~~~~~~~~~~~~~~~~~~~~~~~~~~~~~~~~~~~~~~~~~~~~~~~~~~~~~~~~~~~~~~~~~~~~~~~~~
Cat Idx V3 : None 
 

ERROR during preprocessing in inner fold 5: 'NoneType' object is not iterable
Skipping inner fold 5 due to preprocessing error.
Warning: No inner folds completed successfully for HPO trial.
ERROR saving hyperparameters to file coz inner_cs issues: 'float' object has no attribute 'get_results'
Best Hyperparameters found for Outer Fold 2: {'learning_rate': 0.014884889444229043, 'max_depth': 3, 'l2_leaf_reg': 0.7274327538307086}
Best Inner CV Score : 0.0000
Hyperparameter Optimization for Outer Fold 2 finished in 1.03 seconds.
Before Debugging -- Outer Fold 2
DEBUG Outer Fold 2: num_features: 9
DEBUG Outer Fold 2: num_classes: 1
DEBUG Outer Fold 2: cat_idx: [0]
DEBUG Outer Fold 2: nominal_idx: None
DEBUG Outer Fold 2: ordinal_idx: [1, 2, 3]
DEBUG Outer Fold 2: num_idx: None
DEBUG Outer Fold 2: cat_dims: [2]
DEBUG Outer Fold 2: bin_alt: None
~~~~~~~~~~~~~~~~~~~~~~~~~~~~~~~~~~~~~~~~~~~~~~~~~~~~~~~~~~~~~~~~~~~~~~~~~~~~~~~
BEFORE ANY ENCODING
num_features :9
num_classes : 1
cat_idx : [0]
nominal_idx : None
ordinal_idx : [1, 2, 3]
num_idx : None
cat_dims : [2]
bin_alt : None 


X_train shape : (21576, 9)
~~~~~~~~~~~~~~~~~~~~~~~~~~~~~~~~~~~~~~~~~~~~~~~~~~~~~~~~~~~~~~~~~~~~~~~~~~~~~~~
~~~~~~~~~~~~~~~~~~~~~~~~~~~~~~~~~~~~~~~~~~~~~~~~~~~~~~~~~~~~~~~~~~~~~~~~~~~~~~~
AFTER getting cat idx
Nominal Index : None
Ordinal Index : [1, 2, 3]
Cat Idx : [0]
Cat dims : [2]
~~~~~~~~~~~~~~~~~~~~~~~~~~~~~~~~~~~~~~~~~~~~~~~~~~~~~~~~~~~~~~~~~~~~~~~~~~~~~~~
BEFORE getting cat idx
Nominal Index : None
Ordinal Index : [1, 2, 3]
Cat Idx : [1, 2, 3]
Cat dims : []
No one Hot for this Baby!!! 

~~~~~~~~~~~~~~~~~~~~~~~~~~~~~~~~~~~~~~~~~~~~~~~~~~~~~~~~~~~~~~~~~~~~~~~~~~~~~~~ 


AFTER SEPARATING CATEGORICALS AND NUMERICALS
Ordinal Index : [1, 2, 3]
Numerical Index V1 : [0, 4, 5, 6, 7, 8]
Cat Idx V1 : [1, 2, 3] 
Cat Dims V1 : [5, 7, 8]
 

~~~~~~~~~~~~~~~~~~~~~~~~~~~~~~~~~~~~~~~~~~~~~~~~~~~~~~~~~~~~~~~~~~~~~~~~~~~~~~~ 


Scaling the data...
~~~~~~~~~~~~~~~~~~~~~~~~~~~~~~~~~~~~~~~~~~~~~~~~~~~~~~~~~~~~~~~~~~~~~~~~~~~~~~~
After OHE
Numerical Index V2 : [0, 4, 5, 6, 7, 8] 


OHE Idx : None


Ordinal Idx V2: [1, 2, 3]


Cat Dims V2 : [5, 7, 8]
Cat Idx V2 : [1, 2, 3] 
 

Train: [[0.6139149955616992 4.0 5.0 2.0 1.0105326085290642]
 [-1.2024396952890473 2.0 3.0 6.0 -0.16769185186864635]
 [0.4660721718878011 3.0 2.0 4.0 0.10953743293081354]
 [0.8462394327635386 4.0 4.0 5.0 1.0105326085290642]
 [-0.20978073633573255 1.0 4.0 7.0 0.24815207533054595]
 [1.4798515342231013 4.0 1.0 5.0 -1.5538382758659508]
 [-0.6110684005934555 2.0 2.0 5.0 -0.7914577426674323]
 [0.25486813806794695 1.0 1.0 3.0 0.040230111730947336]
 [-0.16753992957176167 4.0 6.0 5.0 1.0105326085290642]
 [0.4449517685058157 3.0 1.0 4.0 -0.6528431002677049]] 
 
 
Val : (21576, 9) 
 

~~~~~~~~~~~~~~~~~~~~~~~~~~~~~~~~~~~~~~~~~~~~~~~~~~~~~~~~~~~~~~~~~~~~~~~~~~~~~~~
Cat Idx V3 : None 
 

ERROR during preprocessing for final model training in outer fold 2: 'NoneType' object is not iterable
Skipping outer fold 2 due to preprocessing error.

--- Outer Fold 3/2 ---
Starting Hyperparameter Optimization for Outer Fold 3...
  outer_3_inner Fold 1/5
Before Debugging -- Inner Fold 1
DEBUG Inner Fold 1: num_features: 9
DEBUG Inner Fold 1: num_classes: 1
DEBUG Inner Fold 1: cat_idx: [0]
DEBUG Inner Fold 1: nominal_idx: None
DEBUG Inner Fold 1: ordinal_idx: [1, 2, 3]
DEBUG Inner Fold 1: num_idx: None
DEBUG Inner Fold 1: cat_dims: [2]
DEBUG Inner Fold 1: bin_alt: None
~~~~~~~~~~~~~~~~~~~~~~~~~~~~~~~~~~~~~~~~~~~~~~~~~~~~~~~~~~~~~~~~~~~~~~~~~~~~~~~
BEFORE ANY ENCODING
num_features :9
num_classes : 1
cat_idx : [0]
nominal_idx : None
ordinal_idx : [1, 2, 3]
num_idx : None
cat_dims : [2]
bin_alt : None 


X_train shape : (17260, 9)
~~~~~~~~~~~~~~~~~~~~~~~~~~~~~~~~~~~~~~~~~~~~~~~~~~~~~~~~~~~~~~~~~~~~~~~~~~~~~~~
~~~~~~~~~~~~~~~~~~~~~~~~~~~~~~~~~~~~~~~~~~~~~~~~~~~~~~~~~~~~~~~~~~~~~~~~~~~~~~~
AFTER getting cat idx
Nominal Index : None
Ordinal Index : [1, 2, 3]
Cat Idx : [0]
Cat dims : [2]
~~~~~~~~~~~~~~~~~~~~~~~~~~~~~~~~~~~~~~~~~~~~~~~~~~~~~~~~~~~~~~~~~~~~~~~~~~~~~~~
BEFORE getting cat idx
Nominal Index : None
Ordinal Index : [1, 2, 3]
Cat Idx : [1, 2, 3]
Cat dims : []
No one Hot for this Baby!!! 

~~~~~~~~~~~~~~~~~~~~~~~~~~~~~~~~~~~~~~~~~~~~~~~~~~~~~~~~~~~~~~~~~~~~~~~~~~~~~~~ 


AFTER SEPARATING CATEGORICALS AND NUMERICALS
Ordinal Index : [1, 2, 3]
Numerical Index V1 : [0, 4, 5, 6, 7, 8]
Cat Idx V1 : [1, 2, 3] 
Cat Dims V1 : [5, 7, 8]
 

~~~~~~~~~~~~~~~~~~~~~~~~~~~~~~~~~~~~~~~~~~~~~~~~~~~~~~~~~~~~~~~~~~~~~~~~~~~~~~~ 


Scaling the data...
~~~~~~~~~~~~~~~~~~~~~~~~~~~~~~~~~~~~~~~~~~~~~~~~~~~~~~~~~~~~~~~~~~~~~~~~~~~~~~~
After OHE
Numerical Index V2 : [0, 4, 5, 6, 7, 8] 


OHE Idx : None


Ordinal Idx V2: [1, 2, 3]


Cat Dims V2 : [5, 7, 8]
Cat Idx V2 : [1, 2, 3] 
 

Train: [[0.611811219419684 4.0 5.0 2.0 1.0097753906801221]
 [-1.1985037033909538 2.0 3.0 6.0 -0.15832815056531033]
 [0.8433631281512769 4.0 4.0 5.0 1.0097753906801221]
 [-0.20914554790141932 1.0 4.0 7.0 0.2539436875213132]
 [1.4748683337828947 4.0 1.0 5.0 -1.532567610854052]
 [-0.6090988448014438 2.0 2.0 5.0 -0.7767359076952431]
 [-0.16704520085931143 4.0 6.0 5.0 1.0097753906801221]
 [0.44340983125125244 3.0 1.0 4.0 -0.6393119616663718]
 [1.5169686808250027 3.0 1.0 2.0 0.5287915795790605]
 [-0.040744159732987784 4.0 3.0 2.0 0.8723514446512459]] 
 
 
Val : (17260, 9) 
 

~~~~~~~~~~~~~~~~~~~~~~~~~~~~~~~~~~~~~~~~~~~~~~~~~~~~~~~~~~~~~~~~~~~~~~~~~~~~~~~
Cat Idx V3 : None 
 

ERROR during preprocessing in inner fold 1: 'NoneType' object is not iterable
Skipping inner fold 1 due to preprocessing error.
  outer_3_inner Fold 2/5
Before Debugging -- Inner Fold 2
DEBUG Inner Fold 2: num_features: 9
DEBUG Inner Fold 2: num_classes: 1
DEBUG Inner Fold 2: cat_idx: [0]
DEBUG Inner Fold 2: nominal_idx: None
DEBUG Inner Fold 2: ordinal_idx: [1, 2, 3]
DEBUG Inner Fold 2: num_idx: None
DEBUG Inner Fold 2: cat_dims: [2]
DEBUG Inner Fold 2: bin_alt: None
~~~~~~~~~~~~~~~~~~~~~~~~~~~~~~~~~~~~~~~~~~~~~~~~~~~~~~~~~~~~~~~~~~~~~~~~~~~~~~~
BEFORE ANY ENCODING
num_features :9
num_classes : 1
cat_idx : [0]
nominal_idx : None
ordinal_idx : [1, 2, 3]
num_idx : None
cat_dims : [2]
bin_alt : None 


X_train shape : (17261, 9)
~~~~~~~~~~~~~~~~~~~~~~~~~~~~~~~~~~~~~~~~~~~~~~~~~~~~~~~~~~~~~~~~~~~~~~~~~~~~~~~
~~~~~~~~~~~~~~~~~~~~~~~~~~~~~~~~~~~~~~~~~~~~~~~~~~~~~~~~~~~~~~~~~~~~~~~~~~~~~~~
AFTER getting cat idx
Nominal Index : None
Ordinal Index : [1, 2, 3]
Cat Idx : [0]
Cat dims : [2]
~~~~~~~~~~~~~~~~~~~~~~~~~~~~~~~~~~~~~~~~~~~~~~~~~~~~~~~~~~~~~~~~~~~~~~~~~~~~~~~
BEFORE getting cat idx
Nominal Index : None
Ordinal Index : [1, 2, 3]
Cat Idx : [1, 2, 3]
Cat dims : []
No one Hot for this Baby!!! 

~~~~~~~~~~~~~~~~~~~~~~~~~~~~~~~~~~~~~~~~~~~~~~~~~~~~~~~~~~~~~~~~~~~~~~~~~~~~~~~ 


AFTER SEPARATING CATEGORICALS AND NUMERICALS
Ordinal Index : [1, 2, 3]
Numerical Index V1 : [0, 4, 5, 6, 7, 8]
Cat Idx V1 : [1, 2, 3] 
Cat Dims V1 : [5, 7, 8]
 

~~~~~~~~~~~~~~~~~~~~~~~~~~~~~~~~~~~~~~~~~~~~~~~~~~~~~~~~~~~~~~~~~~~~~~~~~~~~~~~ 


Scaling the data...
~~~~~~~~~~~~~~~~~~~~~~~~~~~~~~~~~~~~~~~~~~~~~~~~~~~~~~~~~~~~~~~~~~~~~~~~~~~~~~~
After OHE
Numerical Index V2 : [0, 4, 5, 6, 7, 8] 


OHE Idx : None


Ordinal Idx V2: [1, 2, 3]


Cat Dims V2 : [5, 7, 8]
Cat Idx V2 : [1, 2, 3] 
 

Train: [[0.627617157378436 4.0 5.0 2.0 1.0247334911490789]
 [-1.1999521785974394 2.0 3.0 6.0 -0.1671373922948845]
 [0.4788615137524926 3.0 2.0 4.0 0.11330281557428189]
 [0.8613760259334896 4.0 4.0 5.0 1.0247334911490789]
 [1.4989002129018183 4.0 1.0 5.0 -1.5693384316407215]
 [-0.604929604093666 2.0 2.0 5.0 -0.7981278600005102]
 [0.03259458287466266 1.0 3.0 3.0 -0.5176876521313437]
 [0.45761070752021493 3.0 1.0 4.0 -0.6579077560659294]
 [1.5414018253663735 3.0 1.0 2.0 0.533963127378034]
 [-0.031157835822170254 4.0 3.0 2.0 0.8845133872144932]] 
 
 
Val : (17261, 9) 
 

~~~~~~~~~~~~~~~~~~~~~~~~~~~~~~~~~~~~~~~~~~~~~~~~~~~~~~~~~~~~~~~~~~~~~~~~~~~~~~~
Cat Idx V3 : None 
 

ERROR during preprocessing in inner fold 2: 'NoneType' object is not iterable
Skipping inner fold 2 due to preprocessing error.
  outer_3_inner Fold 3/5
Before Debugging -- Inner Fold 3
DEBUG Inner Fold 3: num_features: 9
DEBUG Inner Fold 3: num_classes: 1
DEBUG Inner Fold 3: cat_idx: [0]
DEBUG Inner Fold 3: nominal_idx: None
DEBUG Inner Fold 3: ordinal_idx: [1, 2, 3]
DEBUG Inner Fold 3: num_idx: None
DEBUG Inner Fold 3: cat_dims: [2]
DEBUG Inner Fold 3: bin_alt: None
~~~~~~~~~~~~~~~~~~~~~~~~~~~~~~~~~~~~~~~~~~~~~~~~~~~~~~~~~~~~~~~~~~~~~~~~~~~~~~~
BEFORE ANY ENCODING
num_features :9
num_classes : 1
cat_idx : [0]
nominal_idx : None
ordinal_idx : [1, 2, 3]
num_idx : None
cat_dims : [2]
bin_alt : None 


X_train shape : (17261, 9)
~~~~~~~~~~~~~~~~~~~~~~~~~~~~~~~~~~~~~~~~~~~~~~~~~~~~~~~~~~~~~~~~~~~~~~~~~~~~~~~
~~~~~~~~~~~~~~~~~~~~~~~~~~~~~~~~~~~~~~~~~~~~~~~~~~~~~~~~~~~~~~~~~~~~~~~~~~~~~~~
AFTER getting cat idx
Nominal Index : None
Ordinal Index : [1, 2, 3]
Cat Idx : [0]
Cat dims : [2]
~~~~~~~~~~~~~~~~~~~~~~~~~~~~~~~~~~~~~~~~~~~~~~~~~~~~~~~~~~~~~~~~~~~~~~~~~~~~~~~
BEFORE getting cat idx
Nominal Index : None
Ordinal Index : [1, 2, 3]
Cat Idx : [1, 2, 3]
Cat dims : []
No one Hot for this Baby!!! 

~~~~~~~~~~~~~~~~~~~~~~~~~~~~~~~~~~~~~~~~~~~~~~~~~~~~~~~~~~~~~~~~~~~~~~~~~~~~~~~ 


AFTER SEPARATING CATEGORICALS AND NUMERICALS
Ordinal Index : [1, 2, 3]
Numerical Index V1 : [0, 4, 5, 6, 7, 8]
Cat Idx V1 : [1, 2, 3] 
Cat Dims V1 : [5, 7, 8]
 

~~~~~~~~~~~~~~~~~~~~~~~~~~~~~~~~~~~~~~~~~~~~~~~~~~~~~~~~~~~~~~~~~~~~~~~~~~~~~~~ 


Scaling the data...
~~~~~~~~~~~~~~~~~~~~~~~~~~~~~~~~~~~~~~~~~~~~~~~~~~~~~~~~~~~~~~~~~~~~~~~~~~~~~~~
After OHE
Numerical Index V2 : [0, 4, 5, 6, 7, 8] 


OHE Idx : None


Ordinal Idx V2: [1, 2, 3]


Cat Dims V2 : [5, 7, 8]
Cat Idx V2 : [1, 2, 3] 
 

Train: [[0.6163086573556317 4.0 5.0 2.0 1.01417248467605]
 [-1.1952032599905673 2.0 3.0 6.0 -0.16517645221395355]
 [0.46886001292047585 3.0 2.0 4.0 0.11231741528957526]
 [0.8480136700394476 4.0 4.0 5.0 1.01417248467605]
 [-0.2051909330688076 1.0 4.0 7.0 0.2510643490413421]
 [1.4799364319044008 4.0 1.0 5.0 -1.5526457897316026]
 [-0.6054086822499445 2.0 2.0 5.0 -0.7895376540968947]
 [0.026514079615008745 1.0 3.0 3.0 -0.5120437865933658]
 [-0.16306274894447736 4.0 6.0 5.0 1.01417248467605]
 [0.4477959208583107 3.0 1.0 4.0 -0.6507907203451327]] 
 
 
Val : (17261, 9) 
 

~~~~~~~~~~~~~~~~~~~~~~~~~~~~~~~~~~~~~~~~~~~~~~~~~~~~~~~~~~~~~~~~~~~~~~~~~~~~~~~
Cat Idx V3 : None 
 

ERROR during preprocessing in inner fold 3: 'NoneType' object is not iterable
Skipping inner fold 3 due to preprocessing error.
  outer_3_inner Fold 4/5
Before Debugging -- Inner Fold 4
DEBUG Inner Fold 4: num_features: 9
DEBUG Inner Fold 4: num_classes: 1
DEBUG Inner Fold 4: cat_idx: [0]
DEBUG Inner Fold 4: nominal_idx: None
DEBUG Inner Fold 4: ordinal_idx: [1, 2, 3]
DEBUG Inner Fold 4: num_idx: None
DEBUG Inner Fold 4: cat_dims: [2]
DEBUG Inner Fold 4: bin_alt: None
~~~~~~~~~~~~~~~~~~~~~~~~~~~~~~~~~~~~~~~~~~~~~~~~~~~~~~~~~~~~~~~~~~~~~~~~~~~~~~~
BEFORE ANY ENCODING
num_features :9
num_classes : 1
cat_idx : [0]
nominal_idx : None
ordinal_idx : [1, 2, 3]
num_idx : None
cat_dims : [2]
bin_alt : None 


X_train shape : (17261, 9)
~~~~~~~~~~~~~~~~~~~~~~~~~~~~~~~~~~~~~~~~~~~~~~~~~~~~~~~~~~~~~~~~~~~~~~~~~~~~~~~
~~~~~~~~~~~~~~~~~~~~~~~~~~~~~~~~~~~~~~~~~~~~~~~~~~~~~~~~~~~~~~~~~~~~~~~~~~~~~~~
AFTER getting cat idx
Nominal Index : None
Ordinal Index : [1, 2, 3]
Cat Idx : [0]
Cat dims : [2]
~~~~~~~~~~~~~~~~~~~~~~~~~~~~~~~~~~~~~~~~~~~~~~~~~~~~~~~~~~~~~~~~~~~~~~~~~~~~~~~
BEFORE getting cat idx
Nominal Index : None
Ordinal Index : [1, 2, 3]
Cat Idx : [1, 2, 3]
Cat dims : []
No one Hot for this Baby!!! 

~~~~~~~~~~~~~~~~~~~~~~~~~~~~~~~~~~~~~~~~~~~~~~~~~~~~~~~~~~~~~~~~~~~~~~~~~~~~~~~ 


AFTER SEPARATING CATEGORICALS AND NUMERICALS
Ordinal Index : [1, 2, 3]
Numerical Index V1 : [0, 4, 5, 6, 7, 8]
Cat Idx V1 : [1, 2, 3] 
Cat Dims V1 : [5, 7, 8]
 

~~~~~~~~~~~~~~~~~~~~~~~~~~~~~~~~~~~~~~~~~~~~~~~~~~~~~~~~~~~~~~~~~~~~~~~~~~~~~~~ 


Scaling the data...
~~~~~~~~~~~~~~~~~~~~~~~~~~~~~~~~~~~~~~~~~~~~~~~~~~~~~~~~~~~~~~~~~~~~~~~~~~~~~~~
After OHE
Numerical Index V2 : [0, 4, 5, 6, 7, 8] 


OHE Idx : None


Ordinal Idx V2: [1, 2, 3]


Cat Dims V2 : [5, 7, 8]
Cat Idx V2 : [1, 2, 3] 
 

Train: [[0.619933549514922 4.0 5.0 2.0 1.017332292395879]
 [-1.1983159231295304 2.0 3.0 6.0 -0.16382343362779506]
 [0.47193649941595484 3.0 2.0 4.0 0.11409556073071503]
 [0.8525003425275842 4.0 4.0 5.0 1.017332292395879]
 [-0.2046214438936089 1.0 4.0 7.0 0.25305505790997257]
 [1.4867734143803002 4.0 1.0 5.0 -1.5534184054203504]
 [0.02794534911905379 1.0 3.0 3.0 -0.5112221765759339]
 [-0.16233657243676114 4.0 6.0 5.0 1.017332292395879]
 [0.45079406368753094 3.0 1.0 4.0 -0.6501816737551914]
 [-0.03548195806621785 4.0 3.0 2.0 0.8783727952166215]] 
 
 
Val : (17261, 9) 
 

~~~~~~~~~~~~~~~~~~~~~~~~~~~~~~~~~~~~~~~~~~~~~~~~~~~~~~~~~~~~~~~~~~~~~~~~~~~~~~~
Cat Idx V3 : None 
 

ERROR during preprocessing in inner fold 4: 'NoneType' object is not iterable
Skipping inner fold 4 due to preprocessing error.
  outer_3_inner Fold 5/5
Before Debugging -- Inner Fold 5
DEBUG Inner Fold 5: num_features: 9
DEBUG Inner Fold 5: num_classes: 1
DEBUG Inner Fold 5: cat_idx: [0]
DEBUG Inner Fold 5: nominal_idx: None
DEBUG Inner Fold 5: ordinal_idx: [1, 2, 3]
DEBUG Inner Fold 5: num_idx: None
DEBUG Inner Fold 5: cat_dims: [2]
DEBUG Inner Fold 5: bin_alt: None
~~~~~~~~~~~~~~~~~~~~~~~~~~~~~~~~~~~~~~~~~~~~~~~~~~~~~~~~~~~~~~~~~~~~~~~~~~~~~~~
BEFORE ANY ENCODING
num_features :9
num_classes : 1
cat_idx : [0]
nominal_idx : None
ordinal_idx : [1, 2, 3]
num_idx : None
cat_dims : [2]
bin_alt : None 


X_train shape : (17261, 9)
~~~~~~~~~~~~~~~~~~~~~~~~~~~~~~~~~~~~~~~~~~~~~~~~~~~~~~~~~~~~~~~~~~~~~~~~~~~~~~~
~~~~~~~~~~~~~~~~~~~~~~~~~~~~~~~~~~~~~~~~~~~~~~~~~~~~~~~~~~~~~~~~~~~~~~~~~~~~~~~
AFTER getting cat idx
Nominal Index : None
Ordinal Index : [1, 2, 3]
Cat Idx : [0]
Cat dims : [2]
~~~~~~~~~~~~~~~~~~~~~~~~~~~~~~~~~~~~~~~~~~~~~~~~~~~~~~~~~~~~~~~~~~~~~~~~~~~~~~~
BEFORE getting cat idx
Nominal Index : None
Ordinal Index : [1, 2, 3]
Cat Idx : [1, 2, 3]
Cat dims : []
No one Hot for this Baby!!! 

~~~~~~~~~~~~~~~~~~~~~~~~~~~~~~~~~~~~~~~~~~~~~~~~~~~~~~~~~~~~~~~~~~~~~~~~~~~~~~~ 


AFTER SEPARATING CATEGORICALS AND NUMERICALS
Ordinal Index : [1, 2, 3]
Numerical Index V1 : [0, 4, 5, 6, 7, 8]
Cat Idx V1 : [1, 2, 3] 
Cat Dims V1 : [5, 7, 8]
 

~~~~~~~~~~~~~~~~~~~~~~~~~~~~~~~~~~~~~~~~~~~~~~~~~~~~~~~~~~~~~~~~~~~~~~~~~~~~~~~ 


Scaling the data...
~~~~~~~~~~~~~~~~~~~~~~~~~~~~~~~~~~~~~~~~~~~~~~~~~~~~~~~~~~~~~~~~~~~~~~~~~~~~~~~
After OHE
Numerical Index V2 : [0, 4, 5, 6, 7, 8] 


OHE Idx : None


Ordinal Idx V2: [1, 2, 3]


Cat Dims V2 : [5, 7, 8]
Cat Idx V2 : [1, 2, 3] 
 

Train: [[0.4724994041046959 3.0 2.0 4.0 0.10794110061547957]
 [-0.20154162642257425 1.0 4.0 7.0 0.2462765750724545]
 [-0.6017534882981407 2.0 2.0 5.0 -0.791239483354843]
 [0.030159977821175004 1.0 3.0 3.0 -0.5145685344408979]
 [-0.15941406201461986 4.0 6.0 5.0 1.0071216845858069]
 [1.5256885143035552 3.0 1.0 2.0 0.5229475239863995]
 [0.6831372261444679 3.0 3.0 3.0 -0.5145685344408979]
 [0.8516474837762851 4.0 2.0 5.0 0.592115261214887]
 [-0.07515893319871103 1.0 0.0 5.0 1.2146248962712645]
 [-1.0230291323776846 3.0 0.0 1.0 -1.067910432268788]] 
 
 
Val : (17261, 9) 
 

~~~~~~~~~~~~~~~~~~~~~~~~~~~~~~~~~~~~~~~~~~~~~~~~~~~~~~~~~~~~~~~~~~~~~~~~~~~~~~~
Cat Idx V3 : None 
 

ERROR during preprocessing in inner fold 5: 'NoneType' object is not iterable
Skipping inner fold 5 due to preprocessing error.
Warning: No inner folds completed successfully for HPO trial.
ERROR saving hyperparameters to file coz inner_cs issues: 'float' object has no attribute 'get_results'
  outer_3_inner Fold 1/5
Before Debugging -- Inner Fold 1
DEBUG Inner Fold 1: num_features: 9
DEBUG Inner Fold 1: num_classes: 1
DEBUG Inner Fold 1: cat_idx: [0]
DEBUG Inner Fold 1: nominal_idx: None
DEBUG Inner Fold 1: ordinal_idx: [1, 2, 3]
DEBUG Inner Fold 1: num_idx: None
DEBUG Inner Fold 1: cat_dims: [2]
DEBUG Inner Fold 1: bin_alt: None
~~~~~~~~~~~~~~~~~~~~~~~~~~~~~~~~~~~~~~~~~~~~~~~~~~~~~~~~~~~~~~~~~~~~~~~~~~~~~~~
BEFORE ANY ENCODING
num_features :9
num_classes : 1
cat_idx : [0]
nominal_idx : None
ordinal_idx : [1, 2, 3]
num_idx : None
cat_dims : [2]
bin_alt : None 


X_train shape : (17260, 9)
~~~~~~~~~~~~~~~~~~~~~~~~~~~~~~~~~~~~~~~~~~~~~~~~~~~~~~~~~~~~~~~~~~~~~~~~~~~~~~~
~~~~~~~~~~~~~~~~~~~~~~~~~~~~~~~~~~~~~~~~~~~~~~~~~~~~~~~~~~~~~~~~~~~~~~~~~~~~~~~
AFTER getting cat idx
Nominal Index : None
Ordinal Index : [1, 2, 3]
Cat Idx : [0]
Cat dims : [2]
~~~~~~~~~~~~~~~~~~~~~~~~~~~~~~~~~~~~~~~~~~~~~~~~~~~~~~~~~~~~~~~~~~~~~~~~~~~~~~~
BEFORE getting cat idx
Nominal Index : None
Ordinal Index : [1, 2, 3]
Cat Idx : [1, 2, 3]
Cat dims : []
No one Hot for this Baby!!! 

~~~~~~~~~~~~~~~~~~~~~~~~~~~~~~~~~~~~~~~~~~~~~~~~~~~~~~~~~~~~~~~~~~~~~~~~~~~~~~~ 


AFTER SEPARATING CATEGORICALS AND NUMERICALS
Ordinal Index : [1, 2, 3]
Numerical Index V1 : [0, 4, 5, 6, 7, 8]
Cat Idx V1 : [1, 2, 3] 
Cat Dims V1 : [5, 7, 8]
 

~~~~~~~~~~~~~~~~~~~~~~~~~~~~~~~~~~~~~~~~~~~~~~~~~~~~~~~~~~~~~~~~~~~~~~~~~~~~~~~ 


Scaling the data...
~~~~~~~~~~~~~~~~~~~~~~~~~~~~~~~~~~~~~~~~~~~~~~~~~~~~~~~~~~~~~~~~~~~~~~~~~~~~~~~
After OHE
Numerical Index V2 : [0, 4, 5, 6, 7, 8] 


OHE Idx : None


Ordinal Idx V2: [1, 2, 3]


Cat Dims V2 : [5, 7, 8]
Cat Idx V2 : [1, 2, 3] 
 

Train: [[0.611811219419684 4.0 5.0 2.0 1.0097753906801221]
 [-1.1985037033909538 2.0 3.0 6.0 -0.15832815056531033]
 [0.8433631281512769 4.0 4.0 5.0 1.0097753906801221]
 [-0.20914554790141932 1.0 4.0 7.0 0.2539436875213132]
 [1.4748683337828947 4.0 1.0 5.0 -1.532567610854052]
 [-0.6090988448014438 2.0 2.0 5.0 -0.7767359076952431]
 [-0.16704520085931143 4.0 6.0 5.0 1.0097753906801221]
 [0.44340983125125244 3.0 1.0 4.0 -0.6393119616663718]
 [1.5169686808250027 3.0 1.0 2.0 0.5287915795790605]
 [-0.040744159732987784 4.0 3.0 2.0 0.8723514446512459]] 
 
 
Val : (17260, 9) 
 

~~~~~~~~~~~~~~~~~~~~~~~~~~~~~~~~~~~~~~~~~~~~~~~~~~~~~~~~~~~~~~~~~~~~~~~~~~~~~~~
Cat Idx V3 : None 
 

ERROR during preprocessing in inner fold 1: 'NoneType' object is not iterable
Skipping inner fold 1 due to preprocessing error.
  outer_3_inner Fold 2/5
Before Debugging -- Inner Fold 2
DEBUG Inner Fold 2: num_features: 9
DEBUG Inner Fold 2: num_classes: 1
DEBUG Inner Fold 2: cat_idx: [0]
DEBUG Inner Fold 2: nominal_idx: None
DEBUG Inner Fold 2: ordinal_idx: [1, 2, 3]
DEBUG Inner Fold 2: num_idx: None
DEBUG Inner Fold 2: cat_dims: [2]
DEBUG Inner Fold 2: bin_alt: None
~~~~~~~~~~~~~~~~~~~~~~~~~~~~~~~~~~~~~~~~~~~~~~~~~~~~~~~~~~~~~~~~~~~~~~~~~~~~~~~
BEFORE ANY ENCODING
num_features :9
num_classes : 1
cat_idx : [0]
nominal_idx : None
ordinal_idx : [1, 2, 3]
num_idx : None
cat_dims : [2]
bin_alt : None 


X_train shape : (17261, 9)
~~~~~~~~~~~~~~~~~~~~~~~~~~~~~~~~~~~~~~~~~~~~~~~~~~~~~~~~~~~~~~~~~~~~~~~~~~~~~~~
~~~~~~~~~~~~~~~~~~~~~~~~~~~~~~~~~~~~~~~~~~~~~~~~~~~~~~~~~~~~~~~~~~~~~~~~~~~~~~~
AFTER getting cat idx
Nominal Index : None
Ordinal Index : [1, 2, 3]
Cat Idx : [0]
Cat dims : [2]
~~~~~~~~~~~~~~~~~~~~~~~~~~~~~~~~~~~~~~~~~~~~~~~~~~~~~~~~~~~~~~~~~~~~~~~~~~~~~~~
BEFORE getting cat idx
Nominal Index : None
Ordinal Index : [1, 2, 3]
Cat Idx : [1, 2, 3]
Cat dims : []
No one Hot for this Baby!!! 

~~~~~~~~~~~~~~~~~~~~~~~~~~~~~~~~~~~~~~~~~~~~~~~~~~~~~~~~~~~~~~~~~~~~~~~~~~~~~~~ 


AFTER SEPARATING CATEGORICALS AND NUMERICALS
Ordinal Index : [1, 2, 3]
Numerical Index V1 : [0, 4, 5, 6, 7, 8]
Cat Idx V1 : [1, 2, 3] 
Cat Dims V1 : [5, 7, 8]
 

~~~~~~~~~~~~~~~~~~~~~~~~~~~~~~~~~~~~~~~~~~~~~~~~~~~~~~~~~~~~~~~~~~~~~~~~~~~~~~~ 


Scaling the data...
~~~~~~~~~~~~~~~~~~~~~~~~~~~~~~~~~~~~~~~~~~~~~~~~~~~~~~~~~~~~~~~~~~~~~~~~~~~~~~~
After OHE
Numerical Index V2 : [0, 4, 5, 6, 7, 8] 


OHE Idx : None


Ordinal Idx V2: [1, 2, 3]


Cat Dims V2 : [5, 7, 8]
Cat Idx V2 : [1, 2, 3] 
 

Train: [[0.627617157378436 4.0 5.0 2.0 1.0247334911490789]
 [-1.1999521785974394 2.0 3.0 6.0 -0.1671373922948845]
 [0.4788615137524926 3.0 2.0 4.0 0.11330281557428189]
 [0.8613760259334896 4.0 4.0 5.0 1.0247334911490789]
 [1.4989002129018183 4.0 1.0 5.0 -1.5693384316407215]
 [-0.604929604093666 2.0 2.0 5.0 -0.7981278600005102]
 [0.03259458287466266 1.0 3.0 3.0 -0.5176876521313437]
 [0.45761070752021493 3.0 1.0 4.0 -0.6579077560659294]
 [1.5414018253663735 3.0 1.0 2.0 0.533963127378034]
 [-0.031157835822170254 4.0 3.0 2.0 0.8845133872144932]] 
 
 
Val : (17261, 9) 
 

~~~~~~~~~~~~~~~~~~~~~~~~~~~~~~~~~~~~~~~~~~~~~~~~~~~~~~~~~~~~~~~~~~~~~~~~~~~~~~~
Cat Idx V3 : None 
 

ERROR during preprocessing in inner fold 2: 'NoneType' object is not iterable
Skipping inner fold 2 due to preprocessing error.
  outer_3_inner Fold 3/5
Before Debugging -- Inner Fold 3
DEBUG Inner Fold 3: num_features: 9
DEBUG Inner Fold 3: num_classes: 1
DEBUG Inner Fold 3: cat_idx: [0]
DEBUG Inner Fold 3: nominal_idx: None
DEBUG Inner Fold 3: ordinal_idx: [1, 2, 3]
DEBUG Inner Fold 3: num_idx: None
DEBUG Inner Fold 3: cat_dims: [2]
DEBUG Inner Fold 3: bin_alt: None
~~~~~~~~~~~~~~~~~~~~~~~~~~~~~~~~~~~~~~~~~~~~~~~~~~~~~~~~~~~~~~~~~~~~~~~~~~~~~~~
BEFORE ANY ENCODING
num_features :9
num_classes : 1
cat_idx : [0]
nominal_idx : None
ordinal_idx : [1, 2, 3]
num_idx : None
cat_dims : [2]
bin_alt : None 


X_train shape : (17261, 9)
~~~~~~~~~~~~~~~~~~~~~~~~~~~~~~~~~~~~~~~~~~~~~~~~~~~~~~~~~~~~~~~~~~~~~~~~~~~~~~~
~~~~~~~~~~~~~~~~~~~~~~~~~~~~~~~~~~~~~~~~~~~~~~~~~~~~~~~~~~~~~~~~~~~~~~~~~~~~~~~
AFTER getting cat idx
Nominal Index : None
Ordinal Index : [1, 2, 3]
Cat Idx : [0]
Cat dims : [2]
~~~~~~~~~~~~~~~~~~~~~~~~~~~~~~~~~~~~~~~~~~~~~~~~~~~~~~~~~~~~~~~~~~~~~~~~~~~~~~~
BEFORE getting cat idx
Nominal Index : None
Ordinal Index : [1, 2, 3]
Cat Idx : [1, 2, 3]
Cat dims : []
No one Hot for this Baby!!! 

~~~~~~~~~~~~~~~~~~~~~~~~~~~~~~~~~~~~~~~~~~~~~~~~~~~~~~~~~~~~~~~~~~~~~~~~~~~~~~~ 


AFTER SEPARATING CATEGORICALS AND NUMERICALS
Ordinal Index : [1, 2, 3]
Numerical Index V1 : [0, 4, 5, 6, 7, 8]
Cat Idx V1 : [1, 2, 3] 
Cat Dims V1 : [5, 7, 8]
 

~~~~~~~~~~~~~~~~~~~~~~~~~~~~~~~~~~~~~~~~~~~~~~~~~~~~~~~~~~~~~~~~~~~~~~~~~~~~~~~ 


Scaling the data...
~~~~~~~~~~~~~~~~~~~~~~~~~~~~~~~~~~~~~~~~~~~~~~~~~~~~~~~~~~~~~~~~~~~~~~~~~~~~~~~
After OHE
Numerical Index V2 : [0, 4, 5, 6, 7, 8] 


OHE Idx : None


Ordinal Idx V2: [1, 2, 3]


Cat Dims V2 : [5, 7, 8]
Cat Idx V2 : [1, 2, 3] 
 

Train: [[0.6163086573556317 4.0 5.0 2.0 1.01417248467605]
 [-1.1952032599905673 2.0 3.0 6.0 -0.16517645221395355]
 [0.46886001292047585 3.0 2.0 4.0 0.11231741528957526]
 [0.8480136700394476 4.0 4.0 5.0 1.01417248467605]
 [-0.2051909330688076 1.0 4.0 7.0 0.2510643490413421]
 [1.4799364319044008 4.0 1.0 5.0 -1.5526457897316026]
 [-0.6054086822499445 2.0 2.0 5.0 -0.7895376540968947]
 [0.026514079615008745 1.0 3.0 3.0 -0.5120437865933658]
 [-0.16306274894447736 4.0 6.0 5.0 1.01417248467605]
 [0.4477959208583107 3.0 1.0 4.0 -0.6507907203451327]] 
 
 
Val : (17261, 9) 
 

~~~~~~~~~~~~~~~~~~~~~~~~~~~~~~~~~~~~~~~~~~~~~~~~~~~~~~~~~~~~~~~~~~~~~~~~~~~~~~~
Cat Idx V3 : None 
 

ERROR during preprocessing in inner fold 3: 'NoneType' object is not iterable
Skipping inner fold 3 due to preprocessing error.
  outer_3_inner Fold 4/5
Before Debugging -- Inner Fold 4
DEBUG Inner Fold 4: num_features: 9
DEBUG Inner Fold 4: num_classes: 1
DEBUG Inner Fold 4: cat_idx: [0]
DEBUG Inner Fold 4: nominal_idx: None
DEBUG Inner Fold 4: ordinal_idx: [1, 2, 3]
DEBUG Inner Fold 4: num_idx: None
DEBUG Inner Fold 4: cat_dims: [2]
DEBUG Inner Fold 4: bin_alt: None
~~~~~~~~~~~~~~~~~~~~~~~~~~~~~~~~~~~~~~~~~~~~~~~~~~~~~~~~~~~~~~~~~~~~~~~~~~~~~~~
BEFORE ANY ENCODING
num_features :9
num_classes : 1
cat_idx : [0]
nominal_idx : None
ordinal_idx : [1, 2, 3]
num_idx : None
cat_dims : [2]
bin_alt : None 


X_train shape : (17261, 9)
~~~~~~~~~~~~~~~~~~~~~~~~~~~~~~~~~~~~~~~~~~~~~~~~~~~~~~~~~~~~~~~~~~~~~~~~~~~~~~~
~~~~~~~~~~~~~~~~~~~~~~~~~~~~~~~~~~~~~~~~~~~~~~~~~~~~~~~~~~~~~~~~~~~~~~~~~~~~~~~
AFTER getting cat idx
Nominal Index : None
Ordinal Index : [1, 2, 3]
Cat Idx : [0]
Cat dims : [2]
~~~~~~~~~~~~~~~~~~~~~~~~~~~~~~~~~~~~~~~~~~~~~~~~~~~~~~~~~~~~~~~~~~~~~~~~~~~~~~~
BEFORE getting cat idx
Nominal Index : None
Ordinal Index : [1, 2, 3]
Cat Idx : [1, 2, 3]
Cat dims : []
No one Hot for this Baby!!! 

~~~~~~~~~~~~~~~~~~~~~~~~~~~~~~~~~~~~~~~~~~~~~~~~~~~~~~~~~~~~~~~~~~~~~~~~~~~~~~~ 


AFTER SEPARATING CATEGORICALS AND NUMERICALS
Ordinal Index : [1, 2, 3]
Numerical Index V1 : [0, 4, 5, 6, 7, 8]
Cat Idx V1 : [1, 2, 3] 
Cat Dims V1 : [5, 7, 8]
 

~~~~~~~~~~~~~~~~~~~~~~~~~~~~~~~~~~~~~~~~~~~~~~~~~~~~~~~~~~~~~~~~~~~~~~~~~~~~~~~ 


Scaling the data...
~~~~~~~~~~~~~~~~~~~~~~~~~~~~~~~~~~~~~~~~~~~~~~~~~~~~~~~~~~~~~~~~~~~~~~~~~~~~~~~
After OHE
Numerical Index V2 : [0, 4, 5, 6, 7, 8] 


OHE Idx : None


Ordinal Idx V2: [1, 2, 3]


Cat Dims V2 : [5, 7, 8]
Cat Idx V2 : [1, 2, 3] 
 

Train: [[0.619933549514922 4.0 5.0 2.0 1.017332292395879]
 [-1.1983159231295304 2.0 3.0 6.0 -0.16382343362779506]
 [0.47193649941595484 3.0 2.0 4.0 0.11409556073071503]
 [0.8525003425275842 4.0 4.0 5.0 1.017332292395879]
 [-0.2046214438936089 1.0 4.0 7.0 0.25305505790997257]
 [1.4867734143803002 4.0 1.0 5.0 -1.5534184054203504]
 [0.02794534911905379 1.0 3.0 3.0 -0.5112221765759339]
 [-0.16233657243676114 4.0 6.0 5.0 1.017332292395879]
 [0.45079406368753094 3.0 1.0 4.0 -0.6501816737551914]
 [-0.03548195806621785 4.0 3.0 2.0 0.8783727952166215]] 
 
 
Val : (17261, 9) 
 

~~~~~~~~~~~~~~~~~~~~~~~~~~~~~~~~~~~~~~~~~~~~~~~~~~~~~~~~~~~~~~~~~~~~~~~~~~~~~~~
Cat Idx V3 : None 
 

ERROR during preprocessing in inner fold 4: 'NoneType' object is not iterable
Skipping inner fold 4 due to preprocessing error.
  outer_3_inner Fold 5/5
Before Debugging -- Inner Fold 5
DEBUG Inner Fold 5: num_features: 9
DEBUG Inner Fold 5: num_classes: 1
DEBUG Inner Fold 5: cat_idx: [0]
DEBUG Inner Fold 5: nominal_idx: None
DEBUG Inner Fold 5: ordinal_idx: [1, 2, 3]
DEBUG Inner Fold 5: num_idx: None
DEBUG Inner Fold 5: cat_dims: [2]
DEBUG Inner Fold 5: bin_alt: None
~~~~~~~~~~~~~~~~~~~~~~~~~~~~~~~~~~~~~~~~~~~~~~~~~~~~~~~~~~~~~~~~~~~~~~~~~~~~~~~
BEFORE ANY ENCODING
num_features :9
num_classes : 1
cat_idx : [0]
nominal_idx : None
ordinal_idx : [1, 2, 3]
num_idx : None
cat_dims : [2]
bin_alt : None 


X_train shape : (17261, 9)
~~~~~~~~~~~~~~~~~~~~~~~~~~~~~~~~~~~~~~~~~~~~~~~~~~~~~~~~~~~~~~~~~~~~~~~~~~~~~~~
~~~~~~~~~~~~~~~~~~~~~~~~~~~~~~~~~~~~~~~~~~~~~~~~~~~~~~~~~~~~~~~~~~~~~~~~~~~~~~~
AFTER getting cat idx
Nominal Index : None
Ordinal Index : [1, 2, 3]
Cat Idx : [0]
Cat dims : [2]
~~~~~~~~~~~~~~~~~~~~~~~~~~~~~~~~~~~~~~~~~~~~~~~~~~~~~~~~~~~~~~~~~~~~~~~~~~~~~~~
BEFORE getting cat idx
Nominal Index : None
Ordinal Index : [1, 2, 3]
Cat Idx : [1, 2, 3]
Cat dims : []
No one Hot for this Baby!!! 

~~~~~~~~~~~~~~~~~~~~~~~~~~~~~~~~~~~~~~~~~~~~~~~~~~~~~~~~~~~~~~~~~~~~~~~~~~~~~~~ 


AFTER SEPARATING CATEGORICALS AND NUMERICALS
Ordinal Index : [1, 2, 3]
Numerical Index V1 : [0, 4, 5, 6, 7, 8]
Cat Idx V1 : [1, 2, 3] 
Cat Dims V1 : [5, 7, 8]
 

~~~~~~~~~~~~~~~~~~~~~~~~~~~~~~~~~~~~~~~~~~~~~~~~~~~~~~~~~~~~~~~~~~~~~~~~~~~~~~~ 


Scaling the data...
~~~~~~~~~~~~~~~~~~~~~~~~~~~~~~~~~~~~~~~~~~~~~~~~~~~~~~~~~~~~~~~~~~~~~~~~~~~~~~~
After OHE
Numerical Index V2 : [0, 4, 5, 6, 7, 8] 


OHE Idx : None


Ordinal Idx V2: [1, 2, 3]


Cat Dims V2 : [5, 7, 8]
Cat Idx V2 : [1, 2, 3] 
 

Train: [[0.4724994041046959 3.0 2.0 4.0 0.10794110061547957]
 [-0.20154162642257425 1.0 4.0 7.0 0.2462765750724545]
 [-0.6017534882981407 2.0 2.0 5.0 -0.791239483354843]
 [0.030159977821175004 1.0 3.0 3.0 -0.5145685344408979]
 [-0.15941406201461986 4.0 6.0 5.0 1.0071216845858069]
 [1.5256885143035552 3.0 1.0 2.0 0.5229475239863995]
 [0.6831372261444679 3.0 3.0 3.0 -0.5145685344408979]
 [0.8516474837762851 4.0 2.0 5.0 0.592115261214887]
 [-0.07515893319871103 1.0 0.0 5.0 1.2146248962712645]
 [-1.0230291323776846 3.0 0.0 1.0 -1.067910432268788]] 
 
 
Val : (17261, 9) 
 

~~~~~~~~~~~~~~~~~~~~~~~~~~~~~~~~~~~~~~~~~~~~~~~~~~~~~~~~~~~~~~~~~~~~~~~~~~~~~~~
Cat Idx V3 : None 
 

ERROR during preprocessing in inner fold 5: 'NoneType' object is not iterable
Skipping inner fold 5 due to preprocessing error.
Warning: No inner folds completed successfully for HPO trial.
ERROR saving hyperparameters to file coz inner_cs issues: 'float' object has no attribute 'get_results'
  outer_3_inner Fold 1/5
Before Debugging -- Inner Fold 1
DEBUG Inner Fold 1: num_features: 9
DEBUG Inner Fold 1: num_classes: 1
DEBUG Inner Fold 1: cat_idx: [0]
DEBUG Inner Fold 1: nominal_idx: None
DEBUG Inner Fold 1: ordinal_idx: [1, 2, 3]
DEBUG Inner Fold 1: num_idx: None
DEBUG Inner Fold 1: cat_dims: [2]
DEBUG Inner Fold 1: bin_alt: None
~~~~~~~~~~~~~~~~~~~~~~~~~~~~~~~~~~~~~~~~~~~~~~~~~~~~~~~~~~~~~~~~~~~~~~~~~~~~~~~
BEFORE ANY ENCODING
num_features :9
num_classes : 1
cat_idx : [0]
nominal_idx : None
ordinal_idx : [1, 2, 3]
num_idx : None
cat_dims : [2]
bin_alt : None 


X_train shape : (17260, 9)
~~~~~~~~~~~~~~~~~~~~~~~~~~~~~~~~~~~~~~~~~~~~~~~~~~~~~~~~~~~~~~~~~~~~~~~~~~~~~~~
~~~~~~~~~~~~~~~~~~~~~~~~~~~~~~~~~~~~~~~~~~~~~~~~~~~~~~~~~~~~~~~~~~~~~~~~~~~~~~~
AFTER getting cat idx
Nominal Index : None
Ordinal Index : [1, 2, 3]
Cat Idx : [0]
Cat dims : [2]
~~~~~~~~~~~~~~~~~~~~~~~~~~~~~~~~~~~~~~~~~~~~~~~~~~~~~~~~~~~~~~~~~~~~~~~~~~~~~~~
BEFORE getting cat idx
Nominal Index : None
Ordinal Index : [1, 2, 3]
Cat Idx : [1, 2, 3]
Cat dims : []
No one Hot for this Baby!!! 

~~~~~~~~~~~~~~~~~~~~~~~~~~~~~~~~~~~~~~~~~~~~~~~~~~~~~~~~~~~~~~~~~~~~~~~~~~~~~~~ 


AFTER SEPARATING CATEGORICALS AND NUMERICALS
Ordinal Index : [1, 2, 3]
Numerical Index V1 : [0, 4, 5, 6, 7, 8]
Cat Idx V1 : [1, 2, 3] 
Cat Dims V1 : [5, 7, 8]
 

~~~~~~~~~~~~~~~~~~~~~~~~~~~~~~~~~~~~~~~~~~~~~~~~~~~~~~~~~~~~~~~~~~~~~~~~~~~~~~~ 


Scaling the data...
~~~~~~~~~~~~~~~~~~~~~~~~~~~~~~~~~~~~~~~~~~~~~~~~~~~~~~~~~~~~~~~~~~~~~~~~~~~~~~~
After OHE
Numerical Index V2 : [0, 4, 5, 6, 7, 8] 


OHE Idx : None


Ordinal Idx V2: [1, 2, 3]


Cat Dims V2 : [5, 7, 8]
Cat Idx V2 : [1, 2, 3] 
 

Train: [[0.611811219419684 4.0 5.0 2.0 1.0097753906801221]
 [-1.1985037033909538 2.0 3.0 6.0 -0.15832815056531033]
 [0.8433631281512769 4.0 4.0 5.0 1.0097753906801221]
 [-0.20914554790141932 1.0 4.0 7.0 0.2539436875213132]
 [1.4748683337828947 4.0 1.0 5.0 -1.532567610854052]
 [-0.6090988448014438 2.0 2.0 5.0 -0.7767359076952431]
 [-0.16704520085931143 4.0 6.0 5.0 1.0097753906801221]
 [0.44340983125125244 3.0 1.0 4.0 -0.6393119616663718]
 [1.5169686808250027 3.0 1.0 2.0 0.5287915795790605]
 [-0.040744159732987784 4.0 3.0 2.0 0.8723514446512459]] 
 
 
Val : (17260, 9) 
 

~~~~~~~~~~~~~~~~~~~~~~~~~~~~~~~~~~~~~~~~~~~~~~~~~~~~~~~~~~~~~~~~~~~~~~~~~~~~~~~
Cat Idx V3 : None 
 

ERROR during preprocessing in inner fold 1: 'NoneType' object is not iterable
Skipping inner fold 1 due to preprocessing error.
  outer_3_inner Fold 2/5
Before Debugging -- Inner Fold 2
DEBUG Inner Fold 2: num_features: 9
DEBUG Inner Fold 2: num_classes: 1
DEBUG Inner Fold 2: cat_idx: [0]
DEBUG Inner Fold 2: nominal_idx: None
DEBUG Inner Fold 2: ordinal_idx: [1, 2, 3]
DEBUG Inner Fold 2: num_idx: None
DEBUG Inner Fold 2: cat_dims: [2]
DEBUG Inner Fold 2: bin_alt: None
~~~~~~~~~~~~~~~~~~~~~~~~~~~~~~~~~~~~~~~~~~~~~~~~~~~~~~~~~~~~~~~~~~~~~~~~~~~~~~~
BEFORE ANY ENCODING
num_features :9
num_classes : 1
cat_idx : [0]
nominal_idx : None
ordinal_idx : [1, 2, 3]
num_idx : None
cat_dims : [2]
bin_alt : None 


X_train shape : (17261, 9)
~~~~~~~~~~~~~~~~~~~~~~~~~~~~~~~~~~~~~~~~~~~~~~~~~~~~~~~~~~~~~~~~~~~~~~~~~~~~~~~
~~~~~~~~~~~~~~~~~~~~~~~~~~~~~~~~~~~~~~~~~~~~~~~~~~~~~~~~~~~~~~~~~~~~~~~~~~~~~~~
AFTER getting cat idx
Nominal Index : None
Ordinal Index : [1, 2, 3]
Cat Idx : [0]
Cat dims : [2]
~~~~~~~~~~~~~~~~~~~~~~~~~~~~~~~~~~~~~~~~~~~~~~~~~~~~~~~~~~~~~~~~~~~~~~~~~~~~~~~
BEFORE getting cat idx
Nominal Index : None
Ordinal Index : [1, 2, 3]
Cat Idx : [1, 2, 3]
Cat dims : []
No one Hot for this Baby!!! 

~~~~~~~~~~~~~~~~~~~~~~~~~~~~~~~~~~~~~~~~~~~~~~~~~~~~~~~~~~~~~~~~~~~~~~~~~~~~~~~ 


AFTER SEPARATING CATEGORICALS AND NUMERICALS
Ordinal Index : [1, 2, 3]
Numerical Index V1 : [0, 4, 5, 6, 7, 8]
Cat Idx V1 : [1, 2, 3] 
Cat Dims V1 : [5, 7, 8]
 

~~~~~~~~~~~~~~~~~~~~~~~~~~~~~~~~~~~~~~~~~~~~~~~~~~~~~~~~~~~~~~~~~~~~~~~~~~~~~~~ 


Scaling the data...
~~~~~~~~~~~~~~~~~~~~~~~~~~~~~~~~~~~~~~~~~~~~~~~~~~~~~~~~~~~~~~~~~~~~~~~~~~~~~~~
After OHE
Numerical Index V2 : [0, 4, 5, 6, 7, 8] 


OHE Idx : None


Ordinal Idx V2: [1, 2, 3]


Cat Dims V2 : [5, 7, 8]
Cat Idx V2 : [1, 2, 3] 
 

Train: [[0.627617157378436 4.0 5.0 2.0 1.0247334911490789]
 [-1.1999521785974394 2.0 3.0 6.0 -0.1671373922948845]
 [0.4788615137524926 3.0 2.0 4.0 0.11330281557428189]
 [0.8613760259334896 4.0 4.0 5.0 1.0247334911490789]
 [1.4989002129018183 4.0 1.0 5.0 -1.5693384316407215]
 [-0.604929604093666 2.0 2.0 5.0 -0.7981278600005102]
 [0.03259458287466266 1.0 3.0 3.0 -0.5176876521313437]
 [0.45761070752021493 3.0 1.0 4.0 -0.6579077560659294]
 [1.5414018253663735 3.0 1.0 2.0 0.533963127378034]
 [-0.031157835822170254 4.0 3.0 2.0 0.8845133872144932]] 
 
 
Val : (17261, 9) 
 

~~~~~~~~~~~~~~~~~~~~~~~~~~~~~~~~~~~~~~~~~~~~~~~~~~~~~~~~~~~~~~~~~~~~~~~~~~~~~~~
Cat Idx V3 : None 
 

ERROR during preprocessing in inner fold 2: 'NoneType' object is not iterable
Skipping inner fold 2 due to preprocessing error.
  outer_3_inner Fold 3/5
Before Debugging -- Inner Fold 3
DEBUG Inner Fold 3: num_features: 9
DEBUG Inner Fold 3: num_classes: 1
DEBUG Inner Fold 3: cat_idx: [0]
DEBUG Inner Fold 3: nominal_idx: None
DEBUG Inner Fold 3: ordinal_idx: [1, 2, 3]
DEBUG Inner Fold 3: num_idx: None
DEBUG Inner Fold 3: cat_dims: [2]
DEBUG Inner Fold 3: bin_alt: None
~~~~~~~~~~~~~~~~~~~~~~~~~~~~~~~~~~~~~~~~~~~~~~~~~~~~~~~~~~~~~~~~~~~~~~~~~~~~~~~
BEFORE ANY ENCODING
num_features :9
num_classes : 1
cat_idx : [0]
nominal_idx : None
ordinal_idx : [1, 2, 3]
num_idx : None
cat_dims : [2]
bin_alt : None 


X_train shape : (17261, 9)
~~~~~~~~~~~~~~~~~~~~~~~~~~~~~~~~~~~~~~~~~~~~~~~~~~~~~~~~~~~~~~~~~~~~~~~~~~~~~~~
~~~~~~~~~~~~~~~~~~~~~~~~~~~~~~~~~~~~~~~~~~~~~~~~~~~~~~~~~~~~~~~~~~~~~~~~~~~~~~~
AFTER getting cat idx
Nominal Index : None
Ordinal Index : [1, 2, 3]
Cat Idx : [0]
Cat dims : [2]
~~~~~~~~~~~~~~~~~~~~~~~~~~~~~~~~~~~~~~~~~~~~~~~~~~~~~~~~~~~~~~~~~~~~~~~~~~~~~~~
BEFORE getting cat idx
Nominal Index : None
Ordinal Index : [1, 2, 3]
Cat Idx : [1, 2, 3]
Cat dims : []
No one Hot for this Baby!!! 

~~~~~~~~~~~~~~~~~~~~~~~~~~~~~~~~~~~~~~~~~~~~~~~~~~~~~~~~~~~~~~~~~~~~~~~~~~~~~~~ 


AFTER SEPARATING CATEGORICALS AND NUMERICALS
Ordinal Index : [1, 2, 3]
Numerical Index V1 : [0, 4, 5, 6, 7, 8]
Cat Idx V1 : [1, 2, 3] 
Cat Dims V1 : [5, 7, 8]
 

~~~~~~~~~~~~~~~~~~~~~~~~~~~~~~~~~~~~~~~~~~~~~~~~~~~~~~~~~~~~~~~~~~~~~~~~~~~~~~~ 


Scaling the data...
~~~~~~~~~~~~~~~~~~~~~~~~~~~~~~~~~~~~~~~~~~~~~~~~~~~~~~~~~~~~~~~~~~~~~~~~~~~~~~~
After OHE
Numerical Index V2 : [0, 4, 5, 6, 7, 8] 


OHE Idx : None


Ordinal Idx V2: [1, 2, 3]


Cat Dims V2 : [5, 7, 8]
Cat Idx V2 : [1, 2, 3] 
 

Train: [[0.6163086573556317 4.0 5.0 2.0 1.01417248467605]
 [-1.1952032599905673 2.0 3.0 6.0 -0.16517645221395355]
 [0.46886001292047585 3.0 2.0 4.0 0.11231741528957526]
 [0.8480136700394476 4.0 4.0 5.0 1.01417248467605]
 [-0.2051909330688076 1.0 4.0 7.0 0.2510643490413421]
 [1.4799364319044008 4.0 1.0 5.0 -1.5526457897316026]
 [-0.6054086822499445 2.0 2.0 5.0 -0.7895376540968947]
 [0.026514079615008745 1.0 3.0 3.0 -0.5120437865933658]
 [-0.16306274894447736 4.0 6.0 5.0 1.01417248467605]
 [0.4477959208583107 3.0 1.0 4.0 -0.6507907203451327]] 
 
 
Val : (17261, 9) 
 

~~~~~~~~~~~~~~~~~~~~~~~~~~~~~~~~~~~~~~~~~~~~~~~~~~~~~~~~~~~~~~~~~~~~~~~~~~~~~~~
Cat Idx V3 : None 
 

ERROR during preprocessing in inner fold 3: 'NoneType' object is not iterable
Skipping inner fold 3 due to preprocessing error.
  outer_3_inner Fold 4/5
Before Debugging -- Inner Fold 4
DEBUG Inner Fold 4: num_features: 9
DEBUG Inner Fold 4: num_classes: 1
DEBUG Inner Fold 4: cat_idx: [0]
DEBUG Inner Fold 4: nominal_idx: None
DEBUG Inner Fold 4: ordinal_idx: [1, 2, 3]
DEBUG Inner Fold 4: num_idx: None
DEBUG Inner Fold 4: cat_dims: [2]
DEBUG Inner Fold 4: bin_alt: None
~~~~~~~~~~~~~~~~~~~~~~~~~~~~~~~~~~~~~~~~~~~~~~~~~~~~~~~~~~~~~~~~~~~~~~~~~~~~~~~
BEFORE ANY ENCODING
num_features :9
num_classes : 1
cat_idx : [0]
nominal_idx : None
ordinal_idx : [1, 2, 3]
num_idx : None
cat_dims : [2]
bin_alt : None 


X_train shape : (17261, 9)
~~~~~~~~~~~~~~~~~~~~~~~~~~~~~~~~~~~~~~~~~~~~~~~~~~~~~~~~~~~~~~~~~~~~~~~~~~~~~~~
~~~~~~~~~~~~~~~~~~~~~~~~~~~~~~~~~~~~~~~~~~~~~~~~~~~~~~~~~~~~~~~~~~~~~~~~~~~~~~~
AFTER getting cat idx
Nominal Index : None
Ordinal Index : [1, 2, 3]
Cat Idx : [0]
Cat dims : [2]
~~~~~~~~~~~~~~~~~~~~~~~~~~~~~~~~~~~~~~~~~~~~~~~~~~~~~~~~~~~~~~~~~~~~~~~~~~~~~~~
BEFORE getting cat idx
Nominal Index : None
Ordinal Index : [1, 2, 3]
Cat Idx : [1, 2, 3]
Cat dims : []
No one Hot for this Baby!!! 

~~~~~~~~~~~~~~~~~~~~~~~~~~~~~~~~~~~~~~~~~~~~~~~~~~~~~~~~~~~~~~~~~~~~~~~~~~~~~~~ 


AFTER SEPARATING CATEGORICALS AND NUMERICALS
Ordinal Index : [1, 2, 3]
Numerical Index V1 : [0, 4, 5, 6, 7, 8]
Cat Idx V1 : [1, 2, 3] 
Cat Dims V1 : [5, 7, 8]
 

~~~~~~~~~~~~~~~~~~~~~~~~~~~~~~~~~~~~~~~~~~~~~~~~~~~~~~~~~~~~~~~~~~~~~~~~~~~~~~~ 


Scaling the data...
~~~~~~~~~~~~~~~~~~~~~~~~~~~~~~~~~~~~~~~~~~~~~~~~~~~~~~~~~~~~~~~~~~~~~~~~~~~~~~~
After OHE
Numerical Index V2 : [0, 4, 5, 6, 7, 8] 


OHE Idx : None


Ordinal Idx V2: [1, 2, 3]


Cat Dims V2 : [5, 7, 8]
Cat Idx V2 : [1, 2, 3] 
 

Train: [[0.619933549514922 4.0 5.0 2.0 1.017332292395879]
 [-1.1983159231295304 2.0 3.0 6.0 -0.16382343362779506]
 [0.47193649941595484 3.0 2.0 4.0 0.11409556073071503]
 [0.8525003425275842 4.0 4.0 5.0 1.017332292395879]
 [-0.2046214438936089 1.0 4.0 7.0 0.25305505790997257]
 [1.4867734143803002 4.0 1.0 5.0 -1.5534184054203504]
 [0.02794534911905379 1.0 3.0 3.0 -0.5112221765759339]
 [-0.16233657243676114 4.0 6.0 5.0 1.017332292395879]
 [0.45079406368753094 3.0 1.0 4.0 -0.6501816737551914]
 [-0.03548195806621785 4.0 3.0 2.0 0.8783727952166215]] 
 
 
Val : (17261, 9) 
 

~~~~~~~~~~~~~~~~~~~~~~~~~~~~~~~~~~~~~~~~~~~~~~~~~~~~~~~~~~~~~~~~~~~~~~~~~~~~~~~
Cat Idx V3 : None 
 

ERROR during preprocessing in inner fold 4: 'NoneType' object is not iterable
Skipping inner fold 4 due to preprocessing error.
  outer_3_inner Fold 5/5
Before Debugging -- Inner Fold 5
DEBUG Inner Fold 5: num_features: 9
DEBUG Inner Fold 5: num_classes: 1
DEBUG Inner Fold 5: cat_idx: [0]
DEBUG Inner Fold 5: nominal_idx: None
DEBUG Inner Fold 5: ordinal_idx: [1, 2, 3]
DEBUG Inner Fold 5: num_idx: None
DEBUG Inner Fold 5: cat_dims: [2]
DEBUG Inner Fold 5: bin_alt: None
~~~~~~~~~~~~~~~~~~~~~~~~~~~~~~~~~~~~~~~~~~~~~~~~~~~~~~~~~~~~~~~~~~~~~~~~~~~~~~~
BEFORE ANY ENCODING
num_features :9
num_classes : 1
cat_idx : [0]
nominal_idx : None
ordinal_idx : [1, 2, 3]
num_idx : None
cat_dims : [2]
bin_alt : None 


X_train shape : (17261, 9)
~~~~~~~~~~~~~~~~~~~~~~~~~~~~~~~~~~~~~~~~~~~~~~~~~~~~~~~~~~~~~~~~~~~~~~~~~~~~~~~
~~~~~~~~~~~~~~~~~~~~~~~~~~~~~~~~~~~~~~~~~~~~~~~~~~~~~~~~~~~~~~~~~~~~~~~~~~~~~~~
AFTER getting cat idx
Nominal Index : None
Ordinal Index : [1, 2, 3]
Cat Idx : [0]
Cat dims : [2]
~~~~~~~~~~~~~~~~~~~~~~~~~~~~~~~~~~~~~~~~~~~~~~~~~~~~~~~~~~~~~~~~~~~~~~~~~~~~~~~
BEFORE getting cat idx
Nominal Index : None
Ordinal Index : [1, 2, 3]
Cat Idx : [1, 2, 3]
Cat dims : []
No one Hot for this Baby!!! 

~~~~~~~~~~~~~~~~~~~~~~~~~~~~~~~~~~~~~~~~~~~~~~~~~~~~~~~~~~~~~~~~~~~~~~~~~~~~~~~ 


AFTER SEPARATING CATEGORICALS AND NUMERICALS
Ordinal Index : [1, 2, 3]
Numerical Index V1 : [0, 4, 5, 6, 7, 8]
Cat Idx V1 : [1, 2, 3] 
Cat Dims V1 : [5, 7, 8]
 

~~~~~~~~~~~~~~~~~~~~~~~~~~~~~~~~~~~~~~~~~~~~~~~~~~~~~~~~~~~~~~~~~~~~~~~~~~~~~~~ 


Scaling the data...
~~~~~~~~~~~~~~~~~~~~~~~~~~~~~~~~~~~~~~~~~~~~~~~~~~~~~~~~~~~~~~~~~~~~~~~~~~~~~~~
After OHE
Numerical Index V2 : [0, 4, 5, 6, 7, 8] 


OHE Idx : None


Ordinal Idx V2: [1, 2, 3]


Cat Dims V2 : [5, 7, 8]
Cat Idx V2 : [1, 2, 3] 
 

Train: [[0.4724994041046959 3.0 2.0 4.0 0.10794110061547957]
 [-0.20154162642257425 1.0 4.0 7.0 0.2462765750724545]
 [-0.6017534882981407 2.0 2.0 5.0 -0.791239483354843]
 [0.030159977821175004 1.0 3.0 3.0 -0.5145685344408979]
 [-0.15941406201461986 4.0 6.0 5.0 1.0071216845858069]
 [1.5256885143035552 3.0 1.0 2.0 0.5229475239863995]
 [0.6831372261444679 3.0 3.0 3.0 -0.5145685344408979]
 [0.8516474837762851 4.0 2.0 5.0 0.592115261214887]
 [-0.07515893319871103 1.0 0.0 5.0 1.2146248962712645]
 [-1.0230291323776846 3.0 0.0 1.0 -1.067910432268788]] 
 
 
Val : (17261, 9) 
 

~~~~~~~~~~~~~~~~~~~~~~~~~~~~~~~~~~~~~~~~~~~~~~~~~~~~~~~~~~~~~~~~~~~~~~~~~~~~~~~
Cat Idx V3 : None 
 

ERROR during preprocessing in inner fold 5: 'NoneType' object is not iterable
Skipping inner fold 5 due to preprocessing error.
Warning: No inner folds completed successfully for HPO trial.
ERROR saving hyperparameters to file coz inner_cs issues: 'float' object has no attribute 'get_results'
  outer_3_inner Fold 1/5
Before Debugging -- Inner Fold 1
DEBUG Inner Fold 1: num_features: 9
DEBUG Inner Fold 1: num_classes: 1
DEBUG Inner Fold 1: cat_idx: [0]
DEBUG Inner Fold 1: nominal_idx: None
DEBUG Inner Fold 1: ordinal_idx: [1, 2, 3]
DEBUG Inner Fold 1: num_idx: None
DEBUG Inner Fold 1: cat_dims: [2]
DEBUG Inner Fold 1: bin_alt: None
~~~~~~~~~~~~~~~~~~~~~~~~~~~~~~~~~~~~~~~~~~~~~~~~~~~~~~~~~~~~~~~~~~~~~~~~~~~~~~~
BEFORE ANY ENCODING
num_features :9
num_classes : 1
cat_idx : [0]
nominal_idx : None
ordinal_idx : [1, 2, 3]
num_idx : None
cat_dims : [2]
bin_alt : None 


X_train shape : (17260, 9)
~~~~~~~~~~~~~~~~~~~~~~~~~~~~~~~~~~~~~~~~~~~~~~~~~~~~~~~~~~~~~~~~~~~~~~~~~~~~~~~
~~~~~~~~~~~~~~~~~~~~~~~~~~~~~~~~~~~~~~~~~~~~~~~~~~~~~~~~~~~~~~~~~~~~~~~~~~~~~~~
AFTER getting cat idx
Nominal Index : None
Ordinal Index : [1, 2, 3]
Cat Idx : [0]
Cat dims : [2]
~~~~~~~~~~~~~~~~~~~~~~~~~~~~~~~~~~~~~~~~~~~~~~~~~~~~~~~~~~~~~~~~~~~~~~~~~~~~~~~
BEFORE getting cat idx
Nominal Index : None
Ordinal Index : [1, 2, 3]
Cat Idx : [1, 2, 3]
Cat dims : []
No one Hot for this Baby!!! 

~~~~~~~~~~~~~~~~~~~~~~~~~~~~~~~~~~~~~~~~~~~~~~~~~~~~~~~~~~~~~~~~~~~~~~~~~~~~~~~ 


AFTER SEPARATING CATEGORICALS AND NUMERICALS
Ordinal Index : [1, 2, 3]
Numerical Index V1 : [0, 4, 5, 6, 7, 8]
Cat Idx V1 : [1, 2, 3] 
Cat Dims V1 : [5, 7, 8]
 

~~~~~~~~~~~~~~~~~~~~~~~~~~~~~~~~~~~~~~~~~~~~~~~~~~~~~~~~~~~~~~~~~~~~~~~~~~~~~~~ 


Scaling the data...
~~~~~~~~~~~~~~~~~~~~~~~~~~~~~~~~~~~~~~~~~~~~~~~~~~~~~~~~~~~~~~~~~~~~~~~~~~~~~~~
After OHE
Numerical Index V2 : [0, 4, 5, 6, 7, 8] 


OHE Idx : None


Ordinal Idx V2: [1, 2, 3]


Cat Dims V2 : [5, 7, 8]
Cat Idx V2 : [1, 2, 3] 
 

Train: [[0.611811219419684 4.0 5.0 2.0 1.0097753906801221]
 [-1.1985037033909538 2.0 3.0 6.0 -0.15832815056531033]
 [0.8433631281512769 4.0 4.0 5.0 1.0097753906801221]
 [-0.20914554790141932 1.0 4.0 7.0 0.2539436875213132]
 [1.4748683337828947 4.0 1.0 5.0 -1.532567610854052]
 [-0.6090988448014438 2.0 2.0 5.0 -0.7767359076952431]
 [-0.16704520085931143 4.0 6.0 5.0 1.0097753906801221]
 [0.44340983125125244 3.0 1.0 4.0 -0.6393119616663718]
 [1.5169686808250027 3.0 1.0 2.0 0.5287915795790605]
 [-0.040744159732987784 4.0 3.0 2.0 0.8723514446512459]] 
 
 
Val : (17260, 9) 
 

~~~~~~~~~~~~~~~~~~~~~~~~~~~~~~~~~~~~~~~~~~~~~~~~~~~~~~~~~~~~~~~~~~~~~~~~~~~~~~~
Cat Idx V3 : None 
 

ERROR during preprocessing in inner fold 1: 'NoneType' object is not iterable
Skipping inner fold 1 due to preprocessing error.
  outer_3_inner Fold 2/5
Before Debugging -- Inner Fold 2
DEBUG Inner Fold 2: num_features: 9
DEBUG Inner Fold 2: num_classes: 1
DEBUG Inner Fold 2: cat_idx: [0]
DEBUG Inner Fold 2: nominal_idx: None
DEBUG Inner Fold 2: ordinal_idx: [1, 2, 3]
DEBUG Inner Fold 2: num_idx: None
DEBUG Inner Fold 2: cat_dims: [2]
DEBUG Inner Fold 2: bin_alt: None
~~~~~~~~~~~~~~~~~~~~~~~~~~~~~~~~~~~~~~~~~~~~~~~~~~~~~~~~~~~~~~~~~~~~~~~~~~~~~~~
BEFORE ANY ENCODING
num_features :9
num_classes : 1
cat_idx : [0]
nominal_idx : None
ordinal_idx : [1, 2, 3]
num_idx : None
cat_dims : [2]
bin_alt : None 


X_train shape : (17261, 9)
~~~~~~~~~~~~~~~~~~~~~~~~~~~~~~~~~~~~~~~~~~~~~~~~~~~~~~~~~~~~~~~~~~~~~~~~~~~~~~~
~~~~~~~~~~~~~~~~~~~~~~~~~~~~~~~~~~~~~~~~~~~~~~~~~~~~~~~~~~~~~~~~~~~~~~~~~~~~~~~
AFTER getting cat idx
Nominal Index : None
Ordinal Index : [1, 2, 3]
Cat Idx : [0]
Cat dims : [2]
~~~~~~~~~~~~~~~~~~~~~~~~~~~~~~~~~~~~~~~~~~~~~~~~~~~~~~~~~~~~~~~~~~~~~~~~~~~~~~~
BEFORE getting cat idx
Nominal Index : None
Ordinal Index : [1, 2, 3]
Cat Idx : [1, 2, 3]
Cat dims : []
No one Hot for this Baby!!! 

~~~~~~~~~~~~~~~~~~~~~~~~~~~~~~~~~~~~~~~~~~~~~~~~~~~~~~~~~~~~~~~~~~~~~~~~~~~~~~~ 


AFTER SEPARATING CATEGORICALS AND NUMERICALS
Ordinal Index : [1, 2, 3]
Numerical Index V1 : [0, 4, 5, 6, 7, 8]
Cat Idx V1 : [1, 2, 3] 
Cat Dims V1 : [5, 7, 8]
 

~~~~~~~~~~~~~~~~~~~~~~~~~~~~~~~~~~~~~~~~~~~~~~~~~~~~~~~~~~~~~~~~~~~~~~~~~~~~~~~ 


Scaling the data...
~~~~~~~~~~~~~~~~~~~~~~~~~~~~~~~~~~~~~~~~~~~~~~~~~~~~~~~~~~~~~~~~~~~~~~~~~~~~~~~
After OHE
Numerical Index V2 : [0, 4, 5, 6, 7, 8] 


OHE Idx : None


Ordinal Idx V2: [1, 2, 3]


Cat Dims V2 : [5, 7, 8]
Cat Idx V2 : [1, 2, 3] 
 

Train: [[0.627617157378436 4.0 5.0 2.0 1.0247334911490789]
 [-1.1999521785974394 2.0 3.0 6.0 -0.1671373922948845]
 [0.4788615137524926 3.0 2.0 4.0 0.11330281557428189]
 [0.8613760259334896 4.0 4.0 5.0 1.0247334911490789]
 [1.4989002129018183 4.0 1.0 5.0 -1.5693384316407215]
 [-0.604929604093666 2.0 2.0 5.0 -0.7981278600005102]
 [0.03259458287466266 1.0 3.0 3.0 -0.5176876521313437]
 [0.45761070752021493 3.0 1.0 4.0 -0.6579077560659294]
 [1.5414018253663735 3.0 1.0 2.0 0.533963127378034]
 [-0.031157835822170254 4.0 3.0 2.0 0.8845133872144932]] 
 
 
Val : (17261, 9) 
 

~~~~~~~~~~~~~~~~~~~~~~~~~~~~~~~~~~~~~~~~~~~~~~~~~~~~~~~~~~~~~~~~~~~~~~~~~~~~~~~
Cat Idx V3 : None 
 

ERROR during preprocessing in inner fold 2: 'NoneType' object is not iterable
Skipping inner fold 2 due to preprocessing error.
  outer_3_inner Fold 3/5
Before Debugging -- Inner Fold 3
DEBUG Inner Fold 3: num_features: 9
DEBUG Inner Fold 3: num_classes: 1
DEBUG Inner Fold 3: cat_idx: [0]
DEBUG Inner Fold 3: nominal_idx: None
DEBUG Inner Fold 3: ordinal_idx: [1, 2, 3]
DEBUG Inner Fold 3: num_idx: None
DEBUG Inner Fold 3: cat_dims: [2]
DEBUG Inner Fold 3: bin_alt: None
~~~~~~~~~~~~~~~~~~~~~~~~~~~~~~~~~~~~~~~~~~~~~~~~~~~~~~~~~~~~~~~~~~~~~~~~~~~~~~~
BEFORE ANY ENCODING
num_features :9
num_classes : 1
cat_idx : [0]
nominal_idx : None
ordinal_idx : [1, 2, 3]
num_idx : None
cat_dims : [2]
bin_alt : None 


X_train shape : (17261, 9)
~~~~~~~~~~~~~~~~~~~~~~~~~~~~~~~~~~~~~~~~~~~~~~~~~~~~~~~~~~~~~~~~~~~~~~~~~~~~~~~
~~~~~~~~~~~~~~~~~~~~~~~~~~~~~~~~~~~~~~~~~~~~~~~~~~~~~~~~~~~~~~~~~~~~~~~~~~~~~~~
AFTER getting cat idx
Nominal Index : None
Ordinal Index : [1, 2, 3]
Cat Idx : [0]
Cat dims : [2]
~~~~~~~~~~~~~~~~~~~~~~~~~~~~~~~~~~~~~~~~~~~~~~~~~~~~~~~~~~~~~~~~~~~~~~~~~~~~~~~
BEFORE getting cat idx
Nominal Index : None
Ordinal Index : [1, 2, 3]
Cat Idx : [1, 2, 3]
Cat dims : []
No one Hot for this Baby!!! 

~~~~~~~~~~~~~~~~~~~~~~~~~~~~~~~~~~~~~~~~~~~~~~~~~~~~~~~~~~~~~~~~~~~~~~~~~~~~~~~ 


AFTER SEPARATING CATEGORICALS AND NUMERICALS
Ordinal Index : [1, 2, 3]
Numerical Index V1 : [0, 4, 5, 6, 7, 8]
Cat Idx V1 : [1, 2, 3] 
Cat Dims V1 : [5, 7, 8]
 

~~~~~~~~~~~~~~~~~~~~~~~~~~~~~~~~~~~~~~~~~~~~~~~~~~~~~~~~~~~~~~~~~~~~~~~~~~~~~~~ 


Scaling the data...
~~~~~~~~~~~~~~~~~~~~~~~~~~~~~~~~~~~~~~~~~~~~~~~~~~~~~~~~~~~~~~~~~~~~~~~~~~~~~~~
After OHE
Numerical Index V2 : [0, 4, 5, 6, 7, 8] 


OHE Idx : None


Ordinal Idx V2: [1, 2, 3]


Cat Dims V2 : [5, 7, 8]
Cat Idx V2 : [1, 2, 3] 
 

Train: [[0.6163086573556317 4.0 5.0 2.0 1.01417248467605]
 [-1.1952032599905673 2.0 3.0 6.0 -0.16517645221395355]
 [0.46886001292047585 3.0 2.0 4.0 0.11231741528957526]
 [0.8480136700394476 4.0 4.0 5.0 1.01417248467605]
 [-0.2051909330688076 1.0 4.0 7.0 0.2510643490413421]
 [1.4799364319044008 4.0 1.0 5.0 -1.5526457897316026]
 [-0.6054086822499445 2.0 2.0 5.0 -0.7895376540968947]
 [0.026514079615008745 1.0 3.0 3.0 -0.5120437865933658]
 [-0.16306274894447736 4.0 6.0 5.0 1.01417248467605]
 [0.4477959208583107 3.0 1.0 4.0 -0.6507907203451327]] 
 
 
Val : (17261, 9) 
 

~~~~~~~~~~~~~~~~~~~~~~~~~~~~~~~~~~~~~~~~~~~~~~~~~~~~~~~~~~~~~~~~~~~~~~~~~~~~~~~
Cat Idx V3 : None 
 

ERROR during preprocessing in inner fold 3: 'NoneType' object is not iterable
Skipping inner fold 3 due to preprocessing error.
  outer_3_inner Fold 4/5
Before Debugging -- Inner Fold 4
DEBUG Inner Fold 4: num_features: 9
DEBUG Inner Fold 4: num_classes: 1
DEBUG Inner Fold 4: cat_idx: [0]
DEBUG Inner Fold 4: nominal_idx: None
DEBUG Inner Fold 4: ordinal_idx: [1, 2, 3]
DEBUG Inner Fold 4: num_idx: None
DEBUG Inner Fold 4: cat_dims: [2]
DEBUG Inner Fold 4: bin_alt: None
~~~~~~~~~~~~~~~~~~~~~~~~~~~~~~~~~~~~~~~~~~~~~~~~~~~~~~~~~~~~~~~~~~~~~~~~~~~~~~~
BEFORE ANY ENCODING
num_features :9
num_classes : 1
cat_idx : [0]
nominal_idx : None
ordinal_idx : [1, 2, 3]
num_idx : None
cat_dims : [2]
bin_alt : None 


X_train shape : (17261, 9)
~~~~~~~~~~~~~~~~~~~~~~~~~~~~~~~~~~~~~~~~~~~~~~~~~~~~~~~~~~~~~~~~~~~~~~~~~~~~~~~
~~~~~~~~~~~~~~~~~~~~~~~~~~~~~~~~~~~~~~~~~~~~~~~~~~~~~~~~~~~~~~~~~~~~~~~~~~~~~~~
AFTER getting cat idx
Nominal Index : None
Ordinal Index : [1, 2, 3]
Cat Idx : [0]
Cat dims : [2]
~~~~~~~~~~~~~~~~~~~~~~~~~~~~~~~~~~~~~~~~~~~~~~~~~~~~~~~~~~~~~~~~~~~~~~~~~~~~~~~
BEFORE getting cat idx
Nominal Index : None
Ordinal Index : [1, 2, 3]
Cat Idx : [1, 2, 3]
Cat dims : []
No one Hot for this Baby!!! 

~~~~~~~~~~~~~~~~~~~~~~~~~~~~~~~~~~~~~~~~~~~~~~~~~~~~~~~~~~~~~~~~~~~~~~~~~~~~~~~ 


AFTER SEPARATING CATEGORICALS AND NUMERICALS
Ordinal Index : [1, 2, 3]
Numerical Index V1 : [0, 4, 5, 6, 7, 8]
Cat Idx V1 : [1, 2, 3] 
Cat Dims V1 : [5, 7, 8]
 

~~~~~~~~~~~~~~~~~~~~~~~~~~~~~~~~~~~~~~~~~~~~~~~~~~~~~~~~~~~~~~~~~~~~~~~~~~~~~~~ 


Scaling the data...
~~~~~~~~~~~~~~~~~~~~~~~~~~~~~~~~~~~~~~~~~~~~~~~~~~~~~~~~~~~~~~~~~~~~~~~~~~~~~~~
After OHE
Numerical Index V2 : [0, 4, 5, 6, 7, 8] 


OHE Idx : None


Ordinal Idx V2: [1, 2, 3]


Cat Dims V2 : [5, 7, 8]
Cat Idx V2 : [1, 2, 3] 
 

Train: [[0.619933549514922 4.0 5.0 2.0 1.017332292395879]
 [-1.1983159231295304 2.0 3.0 6.0 -0.16382343362779506]
 [0.47193649941595484 3.0 2.0 4.0 0.11409556073071503]
 [0.8525003425275842 4.0 4.0 5.0 1.017332292395879]
 [-0.2046214438936089 1.0 4.0 7.0 0.25305505790997257]
 [1.4867734143803002 4.0 1.0 5.0 -1.5534184054203504]
 [0.02794534911905379 1.0 3.0 3.0 -0.5112221765759339]
 [-0.16233657243676114 4.0 6.0 5.0 1.017332292395879]
 [0.45079406368753094 3.0 1.0 4.0 -0.6501816737551914]
 [-0.03548195806621785 4.0 3.0 2.0 0.8783727952166215]] 
 
 
Val : (17261, 9) 
 

~~~~~~~~~~~~~~~~~~~~~~~~~~~~~~~~~~~~~~~~~~~~~~~~~~~~~~~~~~~~~~~~~~~~~~~~~~~~~~~
Cat Idx V3 : None 
 

ERROR during preprocessing in inner fold 4: 'NoneType' object is not iterable
Skipping inner fold 4 due to preprocessing error.
  outer_3_inner Fold 5/5
Before Debugging -- Inner Fold 5
DEBUG Inner Fold 5: num_features: 9
DEBUG Inner Fold 5: num_classes: 1
DEBUG Inner Fold 5: cat_idx: [0]
DEBUG Inner Fold 5: nominal_idx: None
DEBUG Inner Fold 5: ordinal_idx: [1, 2, 3]
DEBUG Inner Fold 5: num_idx: None
DEBUG Inner Fold 5: cat_dims: [2]
DEBUG Inner Fold 5: bin_alt: None
~~~~~~~~~~~~~~~~~~~~~~~~~~~~~~~~~~~~~~~~~~~~~~~~~~~~~~~~~~~~~~~~~~~~~~~~~~~~~~~
BEFORE ANY ENCODING
num_features :9
num_classes : 1
cat_idx : [0]
nominal_idx : None
ordinal_idx : [1, 2, 3]
num_idx : None
cat_dims : [2]
bin_alt : None 


X_train shape : (17261, 9)
~~~~~~~~~~~~~~~~~~~~~~~~~~~~~~~~~~~~~~~~~~~~~~~~~~~~~~~~~~~~~~~~~~~~~~~~~~~~~~~
~~~~~~~~~~~~~~~~~~~~~~~~~~~~~~~~~~~~~~~~~~~~~~~~~~~~~~~~~~~~~~~~~~~~~~~~~~~~~~~
AFTER getting cat idx
Nominal Index : None
Ordinal Index : [1, 2, 3]
Cat Idx : [0]
Cat dims : [2]
~~~~~~~~~~~~~~~~~~~~~~~~~~~~~~~~~~~~~~~~~~~~~~~~~~~~~~~~~~~~~~~~~~~~~~~~~~~~~~~
BEFORE getting cat idx
Nominal Index : None
Ordinal Index : [1, 2, 3]
Cat Idx : [1, 2, 3]
Cat dims : []
No one Hot for this Baby!!! 

~~~~~~~~~~~~~~~~~~~~~~~~~~~~~~~~~~~~~~~~~~~~~~~~~~~~~~~~~~~~~~~~~~~~~~~~~~~~~~~ 


AFTER SEPARATING CATEGORICALS AND NUMERICALS
Ordinal Index : [1, 2, 3]
Numerical Index V1 : [0, 4, 5, 6, 7, 8]
Cat Idx V1 : [1, 2, 3] 
Cat Dims V1 : [5, 7, 8]
 

~~~~~~~~~~~~~~~~~~~~~~~~~~~~~~~~~~~~~~~~~~~~~~~~~~~~~~~~~~~~~~~~~~~~~~~~~~~~~~~ 


Scaling the data...
~~~~~~~~~~~~~~~~~~~~~~~~~~~~~~~~~~~~~~~~~~~~~~~~~~~~~~~~~~~~~~~~~~~~~~~~~~~~~~~
After OHE
Numerical Index V2 : [0, 4, 5, 6, 7, 8] 


OHE Idx : None


Ordinal Idx V2: [1, 2, 3]


Cat Dims V2 : [5, 7, 8]
Cat Idx V2 : [1, 2, 3] 
 

Train: [[0.4724994041046959 3.0 2.0 4.0 0.10794110061547957]
 [-0.20154162642257425 1.0 4.0 7.0 0.2462765750724545]
 [-0.6017534882981407 2.0 2.0 5.0 -0.791239483354843]
 [0.030159977821175004 1.0 3.0 3.0 -0.5145685344408979]
 [-0.15941406201461986 4.0 6.0 5.0 1.0071216845858069]
 [1.5256885143035552 3.0 1.0 2.0 0.5229475239863995]
 [0.6831372261444679 3.0 3.0 3.0 -0.5145685344408979]
 [0.8516474837762851 4.0 2.0 5.0 0.592115261214887]
 [-0.07515893319871103 1.0 0.0 5.0 1.2146248962712645]
 [-1.0230291323776846 3.0 0.0 1.0 -1.067910432268788]] 
 
 
Val : (17261, 9) 
 

~~~~~~~~~~~~~~~~~~~~~~~~~~~~~~~~~~~~~~~~~~~~~~~~~~~~~~~~~~~~~~~~~~~~~~~~~~~~~~~
Cat Idx V3 : None 
 

ERROR during preprocessing in inner fold 5: 'NoneType' object is not iterable
Skipping inner fold 5 due to preprocessing error.
Warning: No inner folds completed successfully for HPO trial.
ERROR saving hyperparameters to file coz inner_cs issues: 'float' object has no attribute 'get_results'
  outer_3_inner Fold 1/5
Before Debugging -- Inner Fold 1
DEBUG Inner Fold 1: num_features: 9
DEBUG Inner Fold 1: num_classes: 1
DEBUG Inner Fold 1: cat_idx: [0]
DEBUG Inner Fold 1: nominal_idx: None
DEBUG Inner Fold 1: ordinal_idx: [1, 2, 3]
DEBUG Inner Fold 1: num_idx: None
DEBUG Inner Fold 1: cat_dims: [2]
DEBUG Inner Fold 1: bin_alt: None
~~~~~~~~~~~~~~~~~~~~~~~~~~~~~~~~~~~~~~~~~~~~~~~~~~~~~~~~~~~~~~~~~~~~~~~~~~~~~~~
BEFORE ANY ENCODING
num_features :9
num_classes : 1
cat_idx : [0]
nominal_idx : None
ordinal_idx : [1, 2, 3]
num_idx : None
cat_dims : [2]
bin_alt : None 


X_train shape : (17260, 9)
~~~~~~~~~~~~~~~~~~~~~~~~~~~~~~~~~~~~~~~~~~~~~~~~~~~~~~~~~~~~~~~~~~~~~~~~~~~~~~~
~~~~~~~~~~~~~~~~~~~~~~~~~~~~~~~~~~~~~~~~~~~~~~~~~~~~~~~~~~~~~~~~~~~~~~~~~~~~~~~
AFTER getting cat idx
Nominal Index : None
Ordinal Index : [1, 2, 3]
Cat Idx : [0]
Cat dims : [2]
~~~~~~~~~~~~~~~~~~~~~~~~~~~~~~~~~~~~~~~~~~~~~~~~~~~~~~~~~~~~~~~~~~~~~~~~~~~~~~~
BEFORE getting cat idx
Nominal Index : None
Ordinal Index : [1, 2, 3]
Cat Idx : [1, 2, 3]
Cat dims : []
No one Hot for this Baby!!! 

~~~~~~~~~~~~~~~~~~~~~~~~~~~~~~~~~~~~~~~~~~~~~~~~~~~~~~~~~~~~~~~~~~~~~~~~~~~~~~~ 


AFTER SEPARATING CATEGORICALS AND NUMERICALS
Ordinal Index : [1, 2, 3]
Numerical Index V1 : [0, 4, 5, 6, 7, 8]
Cat Idx V1 : [1, 2, 3] 
Cat Dims V1 : [5, 7, 8]
 

~~~~~~~~~~~~~~~~~~~~~~~~~~~~~~~~~~~~~~~~~~~~~~~~~~~~~~~~~~~~~~~~~~~~~~~~~~~~~~~ 


Scaling the data...
~~~~~~~~~~~~~~~~~~~~~~~~~~~~~~~~~~~~~~~~~~~~~~~~~~~~~~~~~~~~~~~~~~~~~~~~~~~~~~~
After OHE
Numerical Index V2 : [0, 4, 5, 6, 7, 8] 


OHE Idx : None


Ordinal Idx V2: [1, 2, 3]


Cat Dims V2 : [5, 7, 8]
Cat Idx V2 : [1, 2, 3] 
 

Train: [[0.611811219419684 4.0 5.0 2.0 1.0097753906801221]
 [-1.1985037033909538 2.0 3.0 6.0 -0.15832815056531033]
 [0.8433631281512769 4.0 4.0 5.0 1.0097753906801221]
 [-0.20914554790141932 1.0 4.0 7.0 0.2539436875213132]
 [1.4748683337828947 4.0 1.0 5.0 -1.532567610854052]
 [-0.6090988448014438 2.0 2.0 5.0 -0.7767359076952431]
 [-0.16704520085931143 4.0 6.0 5.0 1.0097753906801221]
 [0.44340983125125244 3.0 1.0 4.0 -0.6393119616663718]
 [1.5169686808250027 3.0 1.0 2.0 0.5287915795790605]
 [-0.040744159732987784 4.0 3.0 2.0 0.8723514446512459]] 
 
 
Val : (17260, 9) 
 

~~~~~~~~~~~~~~~~~~~~~~~~~~~~~~~~~~~~~~~~~~~~~~~~~~~~~~~~~~~~~~~~~~~~~~~~~~~~~~~
Cat Idx V3 : None 
 

ERROR during preprocessing in inner fold 1: 'NoneType' object is not iterable
Skipping inner fold 1 due to preprocessing error.
  outer_3_inner Fold 2/5
Before Debugging -- Inner Fold 2
DEBUG Inner Fold 2: num_features: 9
DEBUG Inner Fold 2: num_classes: 1
DEBUG Inner Fold 2: cat_idx: [0]
DEBUG Inner Fold 2: nominal_idx: None
DEBUG Inner Fold 2: ordinal_idx: [1, 2, 3]
DEBUG Inner Fold 2: num_idx: None
DEBUG Inner Fold 2: cat_dims: [2]
DEBUG Inner Fold 2: bin_alt: None
~~~~~~~~~~~~~~~~~~~~~~~~~~~~~~~~~~~~~~~~~~~~~~~~~~~~~~~~~~~~~~~~~~~~~~~~~~~~~~~
BEFORE ANY ENCODING
num_features :9
num_classes : 1
cat_idx : [0]
nominal_idx : None
ordinal_idx : [1, 2, 3]
num_idx : None
cat_dims : [2]
bin_alt : None 


X_train shape : (17261, 9)
~~~~~~~~~~~~~~~~~~~~~~~~~~~~~~~~~~~~~~~~~~~~~~~~~~~~~~~~~~~~~~~~~~~~~~~~~~~~~~~
~~~~~~~~~~~~~~~~~~~~~~~~~~~~~~~~~~~~~~~~~~~~~~~~~~~~~~~~~~~~~~~~~~~~~~~~~~~~~~~
AFTER getting cat idx
Nominal Index : None
Ordinal Index : [1, 2, 3]
Cat Idx : [0]
Cat dims : [2]
~~~~~~~~~~~~~~~~~~~~~~~~~~~~~~~~~~~~~~~~~~~~~~~~~~~~~~~~~~~~~~~~~~~~~~~~~~~~~~~
BEFORE getting cat idx
Nominal Index : None
Ordinal Index : [1, 2, 3]
Cat Idx : [1, 2, 3]
Cat dims : []
No one Hot for this Baby!!! 

~~~~~~~~~~~~~~~~~~~~~~~~~~~~~~~~~~~~~~~~~~~~~~~~~~~~~~~~~~~~~~~~~~~~~~~~~~~~~~~ 


AFTER SEPARATING CATEGORICALS AND NUMERICALS
Ordinal Index : [1, 2, 3]
Numerical Index V1 : [0, 4, 5, 6, 7, 8]
Cat Idx V1 : [1, 2, 3] 
Cat Dims V1 : [5, 7, 8]
 

~~~~~~~~~~~~~~~~~~~~~~~~~~~~~~~~~~~~~~~~~~~~~~~~~~~~~~~~~~~~~~~~~~~~~~~~~~~~~~~ 


Scaling the data...
~~~~~~~~~~~~~~~~~~~~~~~~~~~~~~~~~~~~~~~~~~~~~~~~~~~~~~~~~~~~~~~~~~~~~~~~~~~~~~~
After OHE
Numerical Index V2 : [0, 4, 5, 6, 7, 8] 


OHE Idx : None


Ordinal Idx V2: [1, 2, 3]


Cat Dims V2 : [5, 7, 8]
Cat Idx V2 : [1, 2, 3] 
 

Train: [[0.627617157378436 4.0 5.0 2.0 1.0247334911490789]
 [-1.1999521785974394 2.0 3.0 6.0 -0.1671373922948845]
 [0.4788615137524926 3.0 2.0 4.0 0.11330281557428189]
 [0.8613760259334896 4.0 4.0 5.0 1.0247334911490789]
 [1.4989002129018183 4.0 1.0 5.0 -1.5693384316407215]
 [-0.604929604093666 2.0 2.0 5.0 -0.7981278600005102]
 [0.03259458287466266 1.0 3.0 3.0 -0.5176876521313437]
 [0.45761070752021493 3.0 1.0 4.0 -0.6579077560659294]
 [1.5414018253663735 3.0 1.0 2.0 0.533963127378034]
 [-0.031157835822170254 4.0 3.0 2.0 0.8845133872144932]] 
 
 
Val : (17261, 9) 
 

~~~~~~~~~~~~~~~~~~~~~~~~~~~~~~~~~~~~~~~~~~~~~~~~~~~~~~~~~~~~~~~~~~~~~~~~~~~~~~~
Cat Idx V3 : None 
 

ERROR during preprocessing in inner fold 2: 'NoneType' object is not iterable
Skipping inner fold 2 due to preprocessing error.
  outer_3_inner Fold 3/5
Before Debugging -- Inner Fold 3
DEBUG Inner Fold 3: num_features: 9
DEBUG Inner Fold 3: num_classes: 1
DEBUG Inner Fold 3: cat_idx: [0]
DEBUG Inner Fold 3: nominal_idx: None
DEBUG Inner Fold 3: ordinal_idx: [1, 2, 3]
DEBUG Inner Fold 3: num_idx: None
DEBUG Inner Fold 3: cat_dims: [2]
DEBUG Inner Fold 3: bin_alt: None
~~~~~~~~~~~~~~~~~~~~~~~~~~~~~~~~~~~~~~~~~~~~~~~~~~~~~~~~~~~~~~~~~~~~~~~~~~~~~~~
BEFORE ANY ENCODING
num_features :9
num_classes : 1
cat_idx : [0]
nominal_idx : None
ordinal_idx : [1, 2, 3]
num_idx : None
cat_dims : [2]
bin_alt : None 


X_train shape : (17261, 9)
~~~~~~~~~~~~~~~~~~~~~~~~~~~~~~~~~~~~~~~~~~~~~~~~~~~~~~~~~~~~~~~~~~~~~~~~~~~~~~~
~~~~~~~~~~~~~~~~~~~~~~~~~~~~~~~~~~~~~~~~~~~~~~~~~~~~~~~~~~~~~~~~~~~~~~~~~~~~~~~
AFTER getting cat idx
Nominal Index : None
Ordinal Index : [1, 2, 3]
Cat Idx : [0]
Cat dims : [2]
~~~~~~~~~~~~~~~~~~~~~~~~~~~~~~~~~~~~~~~~~~~~~~~~~~~~~~~~~~~~~~~~~~~~~~~~~~~~~~~
BEFORE getting cat idx
Nominal Index : None
Ordinal Index : [1, 2, 3]
Cat Idx : [1, 2, 3]
Cat dims : []
No one Hot for this Baby!!! 

~~~~~~~~~~~~~~~~~~~~~~~~~~~~~~~~~~~~~~~~~~~~~~~~~~~~~~~~~~~~~~~~~~~~~~~~~~~~~~~ 


AFTER SEPARATING CATEGORICALS AND NUMERICALS
Ordinal Index : [1, 2, 3]
Numerical Index V1 : [0, 4, 5, 6, 7, 8]
Cat Idx V1 : [1, 2, 3] 
Cat Dims V1 : [5, 7, 8]
 

~~~~~~~~~~~~~~~~~~~~~~~~~~~~~~~~~~~~~~~~~~~~~~~~~~~~~~~~~~~~~~~~~~~~~~~~~~~~~~~ 


Scaling the data...
~~~~~~~~~~~~~~~~~~~~~~~~~~~~~~~~~~~~~~~~~~~~~~~~~~~~~~~~~~~~~~~~~~~~~~~~~~~~~~~
After OHE
Numerical Index V2 : [0, 4, 5, 6, 7, 8] 


OHE Idx : None


Ordinal Idx V2: [1, 2, 3]


Cat Dims V2 : [5, 7, 8]
Cat Idx V2 : [1, 2, 3] 
 

Train: [[0.6163086573556317 4.0 5.0 2.0 1.01417248467605]
 [-1.1952032599905673 2.0 3.0 6.0 -0.16517645221395355]
 [0.46886001292047585 3.0 2.0 4.0 0.11231741528957526]
 [0.8480136700394476 4.0 4.0 5.0 1.01417248467605]
 [-0.2051909330688076 1.0 4.0 7.0 0.2510643490413421]
 [1.4799364319044008 4.0 1.0 5.0 -1.5526457897316026]
 [-0.6054086822499445 2.0 2.0 5.0 -0.7895376540968947]
 [0.026514079615008745 1.0 3.0 3.0 -0.5120437865933658]
 [-0.16306274894447736 4.0 6.0 5.0 1.01417248467605]
 [0.4477959208583107 3.0 1.0 4.0 -0.6507907203451327]] 
 
 
Val : (17261, 9) 
 

~~~~~~~~~~~~~~~~~~~~~~~~~~~~~~~~~~~~~~~~~~~~~~~~~~~~~~~~~~~~~~~~~~~~~~~~~~~~~~~
Cat Idx V3 : None 
 

ERROR during preprocessing in inner fold 3: 'NoneType' object is not iterable
Skipping inner fold 3 due to preprocessing error.
  outer_3_inner Fold 4/5
Before Debugging -- Inner Fold 4
DEBUG Inner Fold 4: num_features: 9
DEBUG Inner Fold 4: num_classes: 1
DEBUG Inner Fold 4: cat_idx: [0]
DEBUG Inner Fold 4: nominal_idx: None
DEBUG Inner Fold 4: ordinal_idx: [1, 2, 3]
DEBUG Inner Fold 4: num_idx: None
DEBUG Inner Fold 4: cat_dims: [2]
DEBUG Inner Fold 4: bin_alt: None
~~~~~~~~~~~~~~~~~~~~~~~~~~~~~~~~~~~~~~~~~~~~~~~~~~~~~~~~~~~~~~~~~~~~~~~~~~~~~~~
BEFORE ANY ENCODING
num_features :9
num_classes : 1
cat_idx : [0]
nominal_idx : None
ordinal_idx : [1, 2, 3]
num_idx : None
cat_dims : [2]
bin_alt : None 


X_train shape : (17261, 9)
~~~~~~~~~~~~~~~~~~~~~~~~~~~~~~~~~~~~~~~~~~~~~~~~~~~~~~~~~~~~~~~~~~~~~~~~~~~~~~~
~~~~~~~~~~~~~~~~~~~~~~~~~~~~~~~~~~~~~~~~~~~~~~~~~~~~~~~~~~~~~~~~~~~~~~~~~~~~~~~
AFTER getting cat idx
Nominal Index : None
Ordinal Index : [1, 2, 3]
Cat Idx : [0]
Cat dims : [2]
~~~~~~~~~~~~~~~~~~~~~~~~~~~~~~~~~~~~~~~~~~~~~~~~~~~~~~~~~~~~~~~~~~~~~~~~~~~~~~~
BEFORE getting cat idx
Nominal Index : None
Ordinal Index : [1, 2, 3]
Cat Idx : [1, 2, 3]
Cat dims : []
No one Hot for this Baby!!! 

~~~~~~~~~~~~~~~~~~~~~~~~~~~~~~~~~~~~~~~~~~~~~~~~~~~~~~~~~~~~~~~~~~~~~~~~~~~~~~~ 


AFTER SEPARATING CATEGORICALS AND NUMERICALS
Ordinal Index : [1, 2, 3]
Numerical Index V1 : [0, 4, 5, 6, 7, 8]
Cat Idx V1 : [1, 2, 3] 
Cat Dims V1 : [5, 7, 8]
 

~~~~~~~~~~~~~~~~~~~~~~~~~~~~~~~~~~~~~~~~~~~~~~~~~~~~~~~~~~~~~~~~~~~~~~~~~~~~~~~ 


Scaling the data...
~~~~~~~~~~~~~~~~~~~~~~~~~~~~~~~~~~~~~~~~~~~~~~~~~~~~~~~~~~~~~~~~~~~~~~~~~~~~~~~
After OHE
Numerical Index V2 : [0, 4, 5, 6, 7, 8] 


OHE Idx : None


Ordinal Idx V2: [1, 2, 3]


Cat Dims V2 : [5, 7, 8]
Cat Idx V2 : [1, 2, 3] 
 

Train: [[0.619933549514922 4.0 5.0 2.0 1.017332292395879]
 [-1.1983159231295304 2.0 3.0 6.0 -0.16382343362779506]
 [0.47193649941595484 3.0 2.0 4.0 0.11409556073071503]
 [0.8525003425275842 4.0 4.0 5.0 1.017332292395879]
 [-0.2046214438936089 1.0 4.0 7.0 0.25305505790997257]
 [1.4867734143803002 4.0 1.0 5.0 -1.5534184054203504]
 [0.02794534911905379 1.0 3.0 3.0 -0.5112221765759339]
 [-0.16233657243676114 4.0 6.0 5.0 1.017332292395879]
 [0.45079406368753094 3.0 1.0 4.0 -0.6501816737551914]
 [-0.03548195806621785 4.0 3.0 2.0 0.8783727952166215]] 
 
 
Val : (17261, 9) 
 

~~~~~~~~~~~~~~~~~~~~~~~~~~~~~~~~~~~~~~~~~~~~~~~~~~~~~~~~~~~~~~~~~~~~~~~~~~~~~~~
Cat Idx V3 : None 
 

ERROR during preprocessing in inner fold 4: 'NoneType' object is not iterable
Skipping inner fold 4 due to preprocessing error.
  outer_3_inner Fold 5/5
Before Debugging -- Inner Fold 5
DEBUG Inner Fold 5: num_features: 9
DEBUG Inner Fold 5: num_classes: 1
DEBUG Inner Fold 5: cat_idx: [0]
DEBUG Inner Fold 5: nominal_idx: None
DEBUG Inner Fold 5: ordinal_idx: [1, 2, 3]
DEBUG Inner Fold 5: num_idx: None
DEBUG Inner Fold 5: cat_dims: [2]
DEBUG Inner Fold 5: bin_alt: None
~~~~~~~~~~~~~~~~~~~~~~~~~~~~~~~~~~~~~~~~~~~~~~~~~~~~~~~~~~~~~~~~~~~~~~~~~~~~~~~
BEFORE ANY ENCODING
num_features :9
num_classes : 1
cat_idx : [0]
nominal_idx : None
ordinal_idx : [1, 2, 3]
num_idx : None
cat_dims : [2]
bin_alt : None 


X_train shape : (17261, 9)
~~~~~~~~~~~~~~~~~~~~~~~~~~~~~~~~~~~~~~~~~~~~~~~~~~~~~~~~~~~~~~~~~~~~~~~~~~~~~~~
~~~~~~~~~~~~~~~~~~~~~~~~~~~~~~~~~~~~~~~~~~~~~~~~~~~~~~~~~~~~~~~~~~~~~~~~~~~~~~~
AFTER getting cat idx
Nominal Index : None
Ordinal Index : [1, 2, 3]
Cat Idx : [0]
Cat dims : [2]
~~~~~~~~~~~~~~~~~~~~~~~~~~~~~~~~~~~~~~~~~~~~~~~~~~~~~~~~~~~~~~~~~~~~~~~~~~~~~~~
BEFORE getting cat idx
Nominal Index : None
Ordinal Index : [1, 2, 3]
Cat Idx : [1, 2, 3]
Cat dims : []
No one Hot for this Baby!!! 

~~~~~~~~~~~~~~~~~~~~~~~~~~~~~~~~~~~~~~~~~~~~~~~~~~~~~~~~~~~~~~~~~~~~~~~~~~~~~~~ 


AFTER SEPARATING CATEGORICALS AND NUMERICALS
Ordinal Index : [1, 2, 3]
Numerical Index V1 : [0, 4, 5, 6, 7, 8]
Cat Idx V1 : [1, 2, 3] 
Cat Dims V1 : [5, 7, 8]
 

~~~~~~~~~~~~~~~~~~~~~~~~~~~~~~~~~~~~~~~~~~~~~~~~~~~~~~~~~~~~~~~~~~~~~~~~~~~~~~~ 


Scaling the data...
~~~~~~~~~~~~~~~~~~~~~~~~~~~~~~~~~~~~~~~~~~~~~~~~~~~~~~~~~~~~~~~~~~~~~~~~~~~~~~~
After OHE
Numerical Index V2 : [0, 4, 5, 6, 7, 8] 


OHE Idx : None


Ordinal Idx V2: [1, 2, 3]


Cat Dims V2 : [5, 7, 8]
Cat Idx V2 : [1, 2, 3] 
 

Train: [[0.4724994041046959 3.0 2.0 4.0 0.10794110061547957]
 [-0.20154162642257425 1.0 4.0 7.0 0.2462765750724545]
 [-0.6017534882981407 2.0 2.0 5.0 -0.791239483354843]
 [0.030159977821175004 1.0 3.0 3.0 -0.5145685344408979]
 [-0.15941406201461986 4.0 6.0 5.0 1.0071216845858069]
 [1.5256885143035552 3.0 1.0 2.0 0.5229475239863995]
 [0.6831372261444679 3.0 3.0 3.0 -0.5145685344408979]
 [0.8516474837762851 4.0 2.0 5.0 0.592115261214887]
 [-0.07515893319871103 1.0 0.0 5.0 1.2146248962712645]
 [-1.0230291323776846 3.0 0.0 1.0 -1.067910432268788]] 
 
 
Val : (17261, 9) 
 

~~~~~~~~~~~~~~~~~~~~~~~~~~~~~~~~~~~~~~~~~~~~~~~~~~~~~~~~~~~~~~~~~~~~~~~~~~~~~~~
Cat Idx V3 : None 
 

ERROR during preprocessing in inner fold 5: 'NoneType' object is not iterable
Skipping inner fold 5 due to preprocessing error.
Warning: No inner folds completed successfully for HPO trial.
ERROR saving hyperparameters to file coz inner_cs issues: 'float' object has no attribute 'get_results'
Best Hyperparameters found for Outer Fold 3: {'learning_rate': 0.10032007523677593, 'max_depth': 5, 'l2_leaf_reg': 7.678091201941347}
Best Inner CV Score : 0.0000
Hyperparameter Optimization for Outer Fold 3 finished in 0.85 seconds.
Before Debugging -- Outer Fold 3
DEBUG Outer Fold 3: num_features: 9
DEBUG Outer Fold 3: num_classes: 1
DEBUG Outer Fold 3: cat_idx: [0]
DEBUG Outer Fold 3: nominal_idx: None
DEBUG Outer Fold 3: ordinal_idx: [1, 2, 3]
DEBUG Outer Fold 3: num_idx: None
DEBUG Outer Fold 3: cat_dims: [2]
DEBUG Outer Fold 3: bin_alt: None
~~~~~~~~~~~~~~~~~~~~~~~~~~~~~~~~~~~~~~~~~~~~~~~~~~~~~~~~~~~~~~~~~~~~~~~~~~~~~~~
BEFORE ANY ENCODING
num_features :9
num_classes : 1
cat_idx : [0]
nominal_idx : None
ordinal_idx : [1, 2, 3]
num_idx : None
cat_dims : [2]
bin_alt : None 


X_train shape : (21576, 9)
~~~~~~~~~~~~~~~~~~~~~~~~~~~~~~~~~~~~~~~~~~~~~~~~~~~~~~~~~~~~~~~~~~~~~~~~~~~~~~~
~~~~~~~~~~~~~~~~~~~~~~~~~~~~~~~~~~~~~~~~~~~~~~~~~~~~~~~~~~~~~~~~~~~~~~~~~~~~~~~
AFTER getting cat idx
Nominal Index : None
Ordinal Index : [1, 2, 3]
Cat Idx : [0]
Cat dims : [2]
~~~~~~~~~~~~~~~~~~~~~~~~~~~~~~~~~~~~~~~~~~~~~~~~~~~~~~~~~~~~~~~~~~~~~~~~~~~~~~~
BEFORE getting cat idx
Nominal Index : None
Ordinal Index : [1, 2, 3]
Cat Idx : [1, 2, 3]
Cat dims : []
No one Hot for this Baby!!! 

~~~~~~~~~~~~~~~~~~~~~~~~~~~~~~~~~~~~~~~~~~~~~~~~~~~~~~~~~~~~~~~~~~~~~~~~~~~~~~~ 


AFTER SEPARATING CATEGORICALS AND NUMERICALS
Ordinal Index : [1, 2, 3]
Numerical Index V1 : [0, 4, 5, 6, 7, 8]
Cat Idx V1 : [1, 2, 3] 
Cat Dims V1 : [5, 7, 8]
 

~~~~~~~~~~~~~~~~~~~~~~~~~~~~~~~~~~~~~~~~~~~~~~~~~~~~~~~~~~~~~~~~~~~~~~~~~~~~~~~ 


Scaling the data...
~~~~~~~~~~~~~~~~~~~~~~~~~~~~~~~~~~~~~~~~~~~~~~~~~~~~~~~~~~~~~~~~~~~~~~~~~~~~~~~
After OHE
Numerical Index V2 : [0, 4, 5, 6, 7, 8] 


OHE Idx : None


Ordinal Idx V2: [1, 2, 3]


Cat Dims V2 : [5, 7, 8]
Cat Idx V2 : [1, 2, 3] 
 

Train: [[0.6190993885959705 4.0 5.0 2.0 1.0145648708241435]
 [-1.1966817542053276 2.0 3.0 6.0 -0.16462013136014447]
 [0.47130324906563215 3.0 2.0 4.0 0.11283516327145125]
 [0.8513504650007874 4.0 4.0 5.0 1.0145648708241435]
 [-0.20433624593019975 1.0 4.0 7.0 0.25156281058725155]
 [1.4847624915593798 4.0 1.0 5.0 -1.551896604518128]
 [-0.6054971960839748 2.0 2.0 5.0 -0.7888945442812361]
 [0.027914830474617628 1.0 3.0 3.0 -0.5114392496496404]
 [-0.16210877749296024 4.0 6.0 5.0 1.0145648708241435]
 [0.4501895148470124 3.0 1.0 4.0 -0.6501668969654406]] 
 
 
Val : (21576, 9) 
 

~~~~~~~~~~~~~~~~~~~~~~~~~~~~~~~~~~~~~~~~~~~~~~~~~~~~~~~~~~~~~~~~~~~~~~~~~~~~~~~
Cat Idx V3 : None 
 

ERROR during preprocessing for final model training in outer fold 3: 'NoneType' object is not iterable
Skipping outer fold 3 due to preprocessing error.

--- Outer Fold 4/2 ---
Starting Hyperparameter Optimization for Outer Fold 4...
  outer_4_inner Fold 1/5
Before Debugging -- Inner Fold 1
DEBUG Inner Fold 1: num_features: 9
DEBUG Inner Fold 1: num_classes: 1
DEBUG Inner Fold 1: cat_idx: [0]
DEBUG Inner Fold 1: nominal_idx: None
DEBUG Inner Fold 1: ordinal_idx: [1, 2, 3]
DEBUG Inner Fold 1: num_idx: None
DEBUG Inner Fold 1: cat_dims: [2]
DEBUG Inner Fold 1: bin_alt: None
~~~~~~~~~~~~~~~~~~~~~~~~~~~~~~~~~~~~~~~~~~~~~~~~~~~~~~~~~~~~~~~~~~~~~~~~~~~~~~~
BEFORE ANY ENCODING
num_features :9
num_classes : 1
cat_idx : [0]
nominal_idx : None
ordinal_idx : [1, 2, 3]
num_idx : None
cat_dims : [2]
bin_alt : None 


X_train shape : (17260, 9)
~~~~~~~~~~~~~~~~~~~~~~~~~~~~~~~~~~~~~~~~~~~~~~~~~~~~~~~~~~~~~~~~~~~~~~~~~~~~~~~
~~~~~~~~~~~~~~~~~~~~~~~~~~~~~~~~~~~~~~~~~~~~~~~~~~~~~~~~~~~~~~~~~~~~~~~~~~~~~~~
AFTER getting cat idx
Nominal Index : None
Ordinal Index : [1, 2, 3]
Cat Idx : [0]
Cat dims : [2]
~~~~~~~~~~~~~~~~~~~~~~~~~~~~~~~~~~~~~~~~~~~~~~~~~~~~~~~~~~~~~~~~~~~~~~~~~~~~~~~
BEFORE getting cat idx
Nominal Index : None
Ordinal Index : [1, 2, 3]
Cat Idx : [1, 2, 3]
Cat dims : []
No one Hot for this Baby!!! 

~~~~~~~~~~~~~~~~~~~~~~~~~~~~~~~~~~~~~~~~~~~~~~~~~~~~~~~~~~~~~~~~~~~~~~~~~~~~~~~ 


AFTER SEPARATING CATEGORICALS AND NUMERICALS
Ordinal Index : [1, 2, 3]
Numerical Index V1 : [0, 4, 5, 6, 7, 8]
Cat Idx V1 : [1, 2, 3] 
Cat Dims V1 : [5, 7, 8]
 

~~~~~~~~~~~~~~~~~~~~~~~~~~~~~~~~~~~~~~~~~~~~~~~~~~~~~~~~~~~~~~~~~~~~~~~~~~~~~~~ 


Scaling the data...
~~~~~~~~~~~~~~~~~~~~~~~~~~~~~~~~~~~~~~~~~~~~~~~~~~~~~~~~~~~~~~~~~~~~~~~~~~~~~~~
After OHE
Numerical Index V2 : [0, 4, 5, 6, 7, 8] 


OHE Idx : None


Ordinal Idx V2: [1, 2, 3]


Cat Dims V2 : [5, 7, 8]
Cat Idx V2 : [1, 2, 3] 
 

Train: [[0.6056122183850853 4.0 5.0 2.0 1.0026432502504303]
 [-1.2074014203259351 2.0 3.0 6.0 -0.17231085112176278]
 [0.8375093117085876 4.0 4.0 5.0 1.0026432502504303]
 [-0.21656838521642416 1.0 4.0 7.0 0.24237883171548216]
 [1.4699559298635947 4.0 1.0 5.0 -1.554609793912576]
 [0.01532870810707863 1.0 3.0 3.0 -0.5178855868194661]
 [-0.17440527733942365 4.0 6.0 5.0 1.0026432502504303]
 [1.5121190377405953 3.0 1.0 2.0 0.5188386202736438]
 [-0.04791595370842213 4.0 3.0 2.0 0.8644133559713472]
 [-1.0387489888179333 2.0 4.0 5.0 0.31149377885502383]] 
 
 
Val : (17260, 9) 
 

~~~~~~~~~~~~~~~~~~~~~~~~~~~~~~~~~~~~~~~~~~~~~~~~~~~~~~~~~~~~~~~~~~~~~~~~~~~~~~~
Cat Idx V3 : None 
 

ERROR during preprocessing in inner fold 1: 'NoneType' object is not iterable
Skipping inner fold 1 due to preprocessing error.
  outer_4_inner Fold 2/5
Before Debugging -- Inner Fold 2
DEBUG Inner Fold 2: num_features: 9
DEBUG Inner Fold 2: num_classes: 1
DEBUG Inner Fold 2: cat_idx: [0]
DEBUG Inner Fold 2: nominal_idx: None
DEBUG Inner Fold 2: ordinal_idx: [1, 2, 3]
DEBUG Inner Fold 2: num_idx: None
DEBUG Inner Fold 2: cat_dims: [2]
DEBUG Inner Fold 2: bin_alt: None
~~~~~~~~~~~~~~~~~~~~~~~~~~~~~~~~~~~~~~~~~~~~~~~~~~~~~~~~~~~~~~~~~~~~~~~~~~~~~~~
BEFORE ANY ENCODING
num_features :9
num_classes : 1
cat_idx : [0]
nominal_idx : None
ordinal_idx : [1, 2, 3]
num_idx : None
cat_dims : [2]
bin_alt : None 


X_train shape : (17261, 9)
~~~~~~~~~~~~~~~~~~~~~~~~~~~~~~~~~~~~~~~~~~~~~~~~~~~~~~~~~~~~~~~~~~~~~~~~~~~~~~~
~~~~~~~~~~~~~~~~~~~~~~~~~~~~~~~~~~~~~~~~~~~~~~~~~~~~~~~~~~~~~~~~~~~~~~~~~~~~~~~
AFTER getting cat idx
Nominal Index : None
Ordinal Index : [1, 2, 3]
Cat Idx : [0]
Cat dims : [2]
~~~~~~~~~~~~~~~~~~~~~~~~~~~~~~~~~~~~~~~~~~~~~~~~~~~~~~~~~~~~~~~~~~~~~~~~~~~~~~~
BEFORE getting cat idx
Nominal Index : None
Ordinal Index : [1, 2, 3]
Cat Idx : [1, 2, 3]
Cat dims : []
No one Hot for this Baby!!! 

~~~~~~~~~~~~~~~~~~~~~~~~~~~~~~~~~~~~~~~~~~~~~~~~~~~~~~~~~~~~~~~~~~~~~~~~~~~~~~~ 


AFTER SEPARATING CATEGORICALS AND NUMERICALS
Ordinal Index : [1, 2, 3]
Numerical Index V1 : [0, 4, 5, 6, 7, 8]
Cat Idx V1 : [1, 2, 3] 
Cat Dims V1 : [5, 7, 8]
 

~~~~~~~~~~~~~~~~~~~~~~~~~~~~~~~~~~~~~~~~~~~~~~~~~~~~~~~~~~~~~~~~~~~~~~~~~~~~~~~ 


Scaling the data...
~~~~~~~~~~~~~~~~~~~~~~~~~~~~~~~~~~~~~~~~~~~~~~~~~~~~~~~~~~~~~~~~~~~~~~~~~~~~~~~
After OHE
Numerical Index V2 : [0, 4, 5, 6, 7, 8] 


OHE Idx : None


Ordinal Idx V2: [1, 2, 3]


Cat Dims V2 : [5, 7, 8]
Cat Idx V2 : [1, 2, 3] 
 

Train: [[0.607785970610672 4.0 5.0 2.0 1.0121977008062089]
 [-1.2053462121385907 2.0 3.0 6.0 -0.16941101609055764]
 [0.4602054441078249 3.0 2.0 4.0 0.10861456435573892]
 [0.8396982265437168 4.0 4.0 5.0 1.0121977008062089]
 [1.472186197270204 4.0 1.0 5.0 -1.5595389183220454]
 [0.017463864599284118 1.0 3.0 3.0 -0.5169429916484296]
 [0.2493761205323293 1.0 1.0 3.0 0.03910816924416355]
 [1.514352061985303 3.0 1.0 2.0 0.5256529350251863]
 [-0.04578493247336463 4.0 3.0 2.0 0.8731849105830582]
 [-1.0366827532781941 2.0 4.0 5.0 0.31713374969046504]] 
 
 
Val : (17261, 9) 
 

~~~~~~~~~~~~~~~~~~~~~~~~~~~~~~~~~~~~~~~~~~~~~~~~~~~~~~~~~~~~~~~~~~~~~~~~~~~~~~~
Cat Idx V3 : None 
 

ERROR during preprocessing in inner fold 2: 'NoneType' object is not iterable
Skipping inner fold 2 due to preprocessing error.
  outer_4_inner Fold 3/5
Before Debugging -- Inner Fold 3
DEBUG Inner Fold 3: num_features: 9
DEBUG Inner Fold 3: num_classes: 1
DEBUG Inner Fold 3: cat_idx: [0]
DEBUG Inner Fold 3: nominal_idx: None
DEBUG Inner Fold 3: ordinal_idx: [1, 2, 3]
DEBUG Inner Fold 3: num_idx: None
DEBUG Inner Fold 3: cat_dims: [2]
DEBUG Inner Fold 3: bin_alt: None
~~~~~~~~~~~~~~~~~~~~~~~~~~~~~~~~~~~~~~~~~~~~~~~~~~~~~~~~~~~~~~~~~~~~~~~~~~~~~~~
BEFORE ANY ENCODING
num_features :9
num_classes : 1
cat_idx : [0]
nominal_idx : None
ordinal_idx : [1, 2, 3]
num_idx : None
cat_dims : [2]
bin_alt : None 


X_train shape : (17261, 9)
~~~~~~~~~~~~~~~~~~~~~~~~~~~~~~~~~~~~~~~~~~~~~~~~~~~~~~~~~~~~~~~~~~~~~~~~~~~~~~~
~~~~~~~~~~~~~~~~~~~~~~~~~~~~~~~~~~~~~~~~~~~~~~~~~~~~~~~~~~~~~~~~~~~~~~~~~~~~~~~
AFTER getting cat idx
Nominal Index : None
Ordinal Index : [1, 2, 3]
Cat Idx : [0]
Cat dims : [2]
~~~~~~~~~~~~~~~~~~~~~~~~~~~~~~~~~~~~~~~~~~~~~~~~~~~~~~~~~~~~~~~~~~~~~~~~~~~~~~~
BEFORE getting cat idx
Nominal Index : None
Ordinal Index : [1, 2, 3]
Cat Idx : [1, 2, 3]
Cat dims : []
No one Hot for this Baby!!! 

~~~~~~~~~~~~~~~~~~~~~~~~~~~~~~~~~~~~~~~~~~~~~~~~~~~~~~~~~~~~~~~~~~~~~~~~~~~~~~~ 


AFTER SEPARATING CATEGORICALS AND NUMERICALS
Ordinal Index : [1, 2, 3]
Numerical Index V1 : [0, 4, 5, 6, 7, 8]
Cat Idx V1 : [1, 2, 3] 
Cat Dims V1 : [5, 7, 8]
 

~~~~~~~~~~~~~~~~~~~~~~~~~~~~~~~~~~~~~~~~~~~~~~~~~~~~~~~~~~~~~~~~~~~~~~~~~~~~~~~ 


Scaling the data...
~~~~~~~~~~~~~~~~~~~~~~~~~~~~~~~~~~~~~~~~~~~~~~~~~~~~~~~~~~~~~~~~~~~~~~~~~~~~~~~
After OHE
Numerical Index V2 : [0, 4, 5, 6, 7, 8] 


OHE Idx : None


Ordinal Idx V2: [1, 2, 3]


Cat Dims V2 : [5, 7, 8]
Cat Idx V2 : [1, 2, 3] 
 

Train: [[0.6109382040777849 4.0 5.0 2.0 1.0117335995303174]
 [-1.2044798028572623 2.0 3.0 6.0 -0.16481653598763063]
 [0.4631716221179553 3.0 2.0 4.0 0.11201879001659097]
 [0.8431428328718023 4.0 4.0 5.0 1.0117335995303174]
 [-0.21233275255555067 1.0 4.0 7.0 0.2504364530187042]
 [1.476428184128214 4.0 1.0 5.0 -1.5489931660087435]
 [0.019871876238467166 1.0 3.0 3.0 -0.5108606934929089]
 [0.2520765050324848 1.0 1.0 3.0 0.04280995851553434]
 [-0.17011372913845652 4.0 6.0 5.0 1.0117335995303174]
 [1.5186472075453081 3.0 1.0 2.0 0.5272717790229259]] 
 
 
Val : (17261, 9) 
 

~~~~~~~~~~~~~~~~~~~~~~~~~~~~~~~~~~~~~~~~~~~~~~~~~~~~~~~~~~~~~~~~~~~~~~~~~~~~~~~
Cat Idx V3 : None 
 

ERROR during preprocessing in inner fold 3: 'NoneType' object is not iterable
Skipping inner fold 3 due to preprocessing error.
  outer_4_inner Fold 4/5
Before Debugging -- Inner Fold 4
DEBUG Inner Fold 4: num_features: 9
DEBUG Inner Fold 4: num_classes: 1
DEBUG Inner Fold 4: cat_idx: [0]
DEBUG Inner Fold 4: nominal_idx: None
DEBUG Inner Fold 4: ordinal_idx: [1, 2, 3]
DEBUG Inner Fold 4: num_idx: None
DEBUG Inner Fold 4: cat_dims: [2]
DEBUG Inner Fold 4: bin_alt: None
~~~~~~~~~~~~~~~~~~~~~~~~~~~~~~~~~~~~~~~~~~~~~~~~~~~~~~~~~~~~~~~~~~~~~~~~~~~~~~~
BEFORE ANY ENCODING
num_features :9
num_classes : 1
cat_idx : [0]
nominal_idx : None
ordinal_idx : [1, 2, 3]
num_idx : None
cat_dims : [2]
bin_alt : None 


X_train shape : (17261, 9)
~~~~~~~~~~~~~~~~~~~~~~~~~~~~~~~~~~~~~~~~~~~~~~~~~~~~~~~~~~~~~~~~~~~~~~~~~~~~~~~
~~~~~~~~~~~~~~~~~~~~~~~~~~~~~~~~~~~~~~~~~~~~~~~~~~~~~~~~~~~~~~~~~~~~~~~~~~~~~~~
AFTER getting cat idx
Nominal Index : None
Ordinal Index : [1, 2, 3]
Cat Idx : [0]
Cat dims : [2]
~~~~~~~~~~~~~~~~~~~~~~~~~~~~~~~~~~~~~~~~~~~~~~~~~~~~~~~~~~~~~~~~~~~~~~~~~~~~~~~
BEFORE getting cat idx
Nominal Index : None
Ordinal Index : [1, 2, 3]
Cat Idx : [1, 2, 3]
Cat dims : []
No one Hot for this Baby!!! 

~~~~~~~~~~~~~~~~~~~~~~~~~~~~~~~~~~~~~~~~~~~~~~~~~~~~~~~~~~~~~~~~~~~~~~~~~~~~~~~ 


AFTER SEPARATING CATEGORICALS AND NUMERICALS
Ordinal Index : [1, 2, 3]
Numerical Index V1 : [0, 4, 5, 6, 7, 8]
Cat Idx V1 : [1, 2, 3] 
Cat Dims V1 : [5, 7, 8]
 

~~~~~~~~~~~~~~~~~~~~~~~~~~~~~~~~~~~~~~~~~~~~~~~~~~~~~~~~~~~~~~~~~~~~~~~~~~~~~~~ 


Scaling the data...
~~~~~~~~~~~~~~~~~~~~~~~~~~~~~~~~~~~~~~~~~~~~~~~~~~~~~~~~~~~~~~~~~~~~~~~~~~~~~~~
After OHE
Numerical Index V2 : [0, 4, 5, 6, 7, 8] 


OHE Idx : None


Ordinal Idx V2: [1, 2, 3]


Cat Dims V2 : [5, 7, 8]
Cat Idx V2 : [1, 2, 3] 
 

Train: [[0.6125849979964727 4.0 5.0 2.0 1.0003980256446436]
 [-1.1997198902296093 2.0 3.0 6.0 -0.1716044155507287]
 [0.46507180941993104 3.0 2.0 4.0 0.10416086473053394]
 [0.8443914371881805 4.0 4.0 5.0 1.0003980256446436]
 [-0.20927419550140183 1.0 4.0 7.0 0.24204350487116771]
 [1.4765908168019302 4.0 1.0 5.0 -1.5504308169570469]
 [0.2543386828820146 1.0 1.0 3.0 0.03521954466021706]
 [-0.1671275701938185 4.0 6.0 5.0 1.0003980256446436]
 [1.5187374421095134 3.0 1.0 2.0 0.5178087851524303]
 [-1.031133388999276 2.0 4.0 5.0 0.3109848249414846]] 
 
 
Val : (17261, 9) 
 

~~~~~~~~~~~~~~~~~~~~~~~~~~~~~~~~~~~~~~~~~~~~~~~~~~~~~~~~~~~~~~~~~~~~~~~~~~~~~~~
Cat Idx V3 : None 
 

ERROR during preprocessing in inner fold 4: 'NoneType' object is not iterable
Skipping inner fold 4 due to preprocessing error.
  outer_4_inner Fold 5/5
Before Debugging -- Inner Fold 5
DEBUG Inner Fold 5: num_features: 9
DEBUG Inner Fold 5: num_classes: 1
DEBUG Inner Fold 5: cat_idx: [0]
DEBUG Inner Fold 5: nominal_idx: None
DEBUG Inner Fold 5: ordinal_idx: [1, 2, 3]
DEBUG Inner Fold 5: num_idx: None
DEBUG Inner Fold 5: cat_dims: [2]
DEBUG Inner Fold 5: bin_alt: None
~~~~~~~~~~~~~~~~~~~~~~~~~~~~~~~~~~~~~~~~~~~~~~~~~~~~~~~~~~~~~~~~~~~~~~~~~~~~~~~
BEFORE ANY ENCODING
num_features :9
num_classes : 1
cat_idx : [0]
nominal_idx : None
ordinal_idx : [1, 2, 3]
num_idx : None
cat_dims : [2]
bin_alt : None 


X_train shape : (17261, 9)
~~~~~~~~~~~~~~~~~~~~~~~~~~~~~~~~~~~~~~~~~~~~~~~~~~~~~~~~~~~~~~~~~~~~~~~~~~~~~~~
~~~~~~~~~~~~~~~~~~~~~~~~~~~~~~~~~~~~~~~~~~~~~~~~~~~~~~~~~~~~~~~~~~~~~~~~~~~~~~~
AFTER getting cat idx
Nominal Index : None
Ordinal Index : [1, 2, 3]
Cat Idx : [0]
Cat dims : [2]
~~~~~~~~~~~~~~~~~~~~~~~~~~~~~~~~~~~~~~~~~~~~~~~~~~~~~~~~~~~~~~~~~~~~~~~~~~~~~~~
BEFORE getting cat idx
Nominal Index : None
Ordinal Index : [1, 2, 3]
Cat Idx : [1, 2, 3]
Cat dims : []
No one Hot for this Baby!!! 

~~~~~~~~~~~~~~~~~~~~~~~~~~~~~~~~~~~~~~~~~~~~~~~~~~~~~~~~~~~~~~~~~~~~~~~~~~~~~~~ 


AFTER SEPARATING CATEGORICALS AND NUMERICALS
Ordinal Index : [1, 2, 3]
Numerical Index V1 : [0, 4, 5, 6, 7, 8]
Cat Idx V1 : [1, 2, 3] 
Cat Dims V1 : [5, 7, 8]
 

~~~~~~~~~~~~~~~~~~~~~~~~~~~~~~~~~~~~~~~~~~~~~~~~~~~~~~~~~~~~~~~~~~~~~~~~~~~~~~~ 


Scaling the data...
~~~~~~~~~~~~~~~~~~~~~~~~~~~~~~~~~~~~~~~~~~~~~~~~~~~~~~~~~~~~~~~~~~~~~~~~~~~~~~~
After OHE
Numerical Index V2 : [0, 4, 5, 6, 7, 8] 


OHE Idx : None


Ordinal Idx V2: [1, 2, 3]


Cat Dims V2 : [5, 7, 8]
Cat Idx V2 : [1, 2, 3] 
 

Train: [[0.4687592703832853 3.0 2.0 4.0 0.10755254250566874]
 [-0.20708885575152014 1.0 4.0 7.0 0.24502260331431983]
 [0.025233937607319384 1.0 3.0 3.0 -0.5110627311332514]
 [0.25755673096615866 1.0 1.0 3.0 0.038817512101343196]
 [-0.16484834786809477 4.0 6.0 5.0 1.001107937761891]
 [-0.03812682421781867 4.0 3.0 2.0 0.86363787695324]
 [0.6799618098004121 3.0 3.0 3.0 -0.5110627311332514]
 [-0.52389266487721 1.0 4.0 2.0 1.2760480593791883]
 [-0.18596860180980745 3.0 0.0 4.0 -2.504378612858663]
 [-0.6294939345857734 4.0 3.0 2.0 -1.679558248006771]] 
 
 
Val : (17261, 9) 
 

~~~~~~~~~~~~~~~~~~~~~~~~~~~~~~~~~~~~~~~~~~~~~~~~~~~~~~~~~~~~~~~~~~~~~~~~~~~~~~~
Cat Idx V3 : None 
 

ERROR during preprocessing in inner fold 5: 'NoneType' object is not iterable
Skipping inner fold 5 due to preprocessing error.
Warning: No inner folds completed successfully for HPO trial.
ERROR saving hyperparameters to file coz inner_cs issues: 'float' object has no attribute 'get_results'
  outer_4_inner Fold 1/5
Before Debugging -- Inner Fold 1
DEBUG Inner Fold 1: num_features: 9
DEBUG Inner Fold 1: num_classes: 1
DEBUG Inner Fold 1: cat_idx: [0]
DEBUG Inner Fold 1: nominal_idx: None
DEBUG Inner Fold 1: ordinal_idx: [1, 2, 3]
DEBUG Inner Fold 1: num_idx: None
DEBUG Inner Fold 1: cat_dims: [2]
DEBUG Inner Fold 1: bin_alt: None
~~~~~~~~~~~~~~~~~~~~~~~~~~~~~~~~~~~~~~~~~~~~~~~~~~~~~~~~~~~~~~~~~~~~~~~~~~~~~~~
BEFORE ANY ENCODING
num_features :9
num_classes : 1
cat_idx : [0]
nominal_idx : None
ordinal_idx : [1, 2, 3]
num_idx : None
cat_dims : [2]
bin_alt : None 


X_train shape : (17260, 9)
~~~~~~~~~~~~~~~~~~~~~~~~~~~~~~~~~~~~~~~~~~~~~~~~~~~~~~~~~~~~~~~~~~~~~~~~~~~~~~~
~~~~~~~~~~~~~~~~~~~~~~~~~~~~~~~~~~~~~~~~~~~~~~~~~~~~~~~~~~~~~~~~~~~~~~~~~~~~~~~
AFTER getting cat idx
Nominal Index : None
Ordinal Index : [1, 2, 3]
Cat Idx : [0]
Cat dims : [2]
~~~~~~~~~~~~~~~~~~~~~~~~~~~~~~~~~~~~~~~~~~~~~~~~~~~~~~~~~~~~~~~~~~~~~~~~~~~~~~~
BEFORE getting cat idx
Nominal Index : None
Ordinal Index : [1, 2, 3]
Cat Idx : [1, 2, 3]
Cat dims : []
No one Hot for this Baby!!! 

~~~~~~~~~~~~~~~~~~~~~~~~~~~~~~~~~~~~~~~~~~~~~~~~~~~~~~~~~~~~~~~~~~~~~~~~~~~~~~~ 


AFTER SEPARATING CATEGORICALS AND NUMERICALS
Ordinal Index : [1, 2, 3]
Numerical Index V1 : [0, 4, 5, 6, 7, 8]
Cat Idx V1 : [1, 2, 3] 
Cat Dims V1 : [5, 7, 8]
 

~~~~~~~~~~~~~~~~~~~~~~~~~~~~~~~~~~~~~~~~~~~~~~~~~~~~~~~~~~~~~~~~~~~~~~~~~~~~~~~ 


Scaling the data...
~~~~~~~~~~~~~~~~~~~~~~~~~~~~~~~~~~~~~~~~~~~~~~~~~~~~~~~~~~~~~~~~~~~~~~~~~~~~~~~
After OHE
Numerical Index V2 : [0, 4, 5, 6, 7, 8] 


OHE Idx : None


Ordinal Idx V2: [1, 2, 3]


Cat Dims V2 : [5, 7, 8]
Cat Idx V2 : [1, 2, 3] 
 

Train: [[0.6056122183850853 4.0 5.0 2.0 1.0026432502504303]
 [-1.2074014203259351 2.0 3.0 6.0 -0.17231085112176278]
 [0.8375093117085876 4.0 4.0 5.0 1.0026432502504303]
 [-0.21656838521642416 1.0 4.0 7.0 0.24237883171548216]
 [1.4699559298635947 4.0 1.0 5.0 -1.554609793912576]
 [0.01532870810707863 1.0 3.0 3.0 -0.5178855868194661]
 [-0.17440527733942365 4.0 6.0 5.0 1.0026432502504303]
 [1.5121190377405953 3.0 1.0 2.0 0.5188386202736438]
 [-0.04791595370842213 4.0 3.0 2.0 0.8644133559713472]
 [-1.0387489888179333 2.0 4.0 5.0 0.31149377885502383]] 
 
 
Val : (17260, 9) 
 

~~~~~~~~~~~~~~~~~~~~~~~~~~~~~~~~~~~~~~~~~~~~~~~~~~~~~~~~~~~~~~~~~~~~~~~~~~~~~~~
Cat Idx V3 : None 
 

ERROR during preprocessing in inner fold 1: 'NoneType' object is not iterable
Skipping inner fold 1 due to preprocessing error.
  outer_4_inner Fold 2/5
Before Debugging -- Inner Fold 2
DEBUG Inner Fold 2: num_features: 9
DEBUG Inner Fold 2: num_classes: 1
DEBUG Inner Fold 2: cat_idx: [0]
DEBUG Inner Fold 2: nominal_idx: None
DEBUG Inner Fold 2: ordinal_idx: [1, 2, 3]
DEBUG Inner Fold 2: num_idx: None
DEBUG Inner Fold 2: cat_dims: [2]
DEBUG Inner Fold 2: bin_alt: None
~~~~~~~~~~~~~~~~~~~~~~~~~~~~~~~~~~~~~~~~~~~~~~~~~~~~~~~~~~~~~~~~~~~~~~~~~~~~~~~
BEFORE ANY ENCODING
num_features :9
num_classes : 1
cat_idx : [0]
nominal_idx : None
ordinal_idx : [1, 2, 3]
num_idx : None
cat_dims : [2]
bin_alt : None 


X_train shape : (17261, 9)
~~~~~~~~~~~~~~~~~~~~~~~~~~~~~~~~~~~~~~~~~~~~~~~~~~~~~~~~~~~~~~~~~~~~~~~~~~~~~~~
~~~~~~~~~~~~~~~~~~~~~~~~~~~~~~~~~~~~~~~~~~~~~~~~~~~~~~~~~~~~~~~~~~~~~~~~~~~~~~~
AFTER getting cat idx
Nominal Index : None
Ordinal Index : [1, 2, 3]
Cat Idx : [0]
Cat dims : [2]
~~~~~~~~~~~~~~~~~~~~~~~~~~~~~~~~~~~~~~~~~~~~~~~~~~~~~~~~~~~~~~~~~~~~~~~~~~~~~~~
BEFORE getting cat idx
Nominal Index : None
Ordinal Index : [1, 2, 3]
Cat Idx : [1, 2, 3]
Cat dims : []
No one Hot for this Baby!!! 

~~~~~~~~~~~~~~~~~~~~~~~~~~~~~~~~~~~~~~~~~~~~~~~~~~~~~~~~~~~~~~~~~~~~~~~~~~~~~~~ 


AFTER SEPARATING CATEGORICALS AND NUMERICALS
Ordinal Index : [1, 2, 3]
Numerical Index V1 : [0, 4, 5, 6, 7, 8]
Cat Idx V1 : [1, 2, 3] 
Cat Dims V1 : [5, 7, 8]
 

~~~~~~~~~~~~~~~~~~~~~~~~~~~~~~~~~~~~~~~~~~~~~~~~~~~~~~~~~~~~~~~~~~~~~~~~~~~~~~~ 


Scaling the data...
~~~~~~~~~~~~~~~~~~~~~~~~~~~~~~~~~~~~~~~~~~~~~~~~~~~~~~~~~~~~~~~~~~~~~~~~~~~~~~~
After OHE
Numerical Index V2 : [0, 4, 5, 6, 7, 8] 


OHE Idx : None


Ordinal Idx V2: [1, 2, 3]


Cat Dims V2 : [5, 7, 8]
Cat Idx V2 : [1, 2, 3] 
 

Train: [[0.607785970610672 4.0 5.0 2.0 1.0121977008062089]
 [-1.2053462121385907 2.0 3.0 6.0 -0.16941101609055764]
 [0.4602054441078249 3.0 2.0 4.0 0.10861456435573892]
 [0.8396982265437168 4.0 4.0 5.0 1.0121977008062089]
 [1.472186197270204 4.0 1.0 5.0 -1.5595389183220454]
 [0.017463864599284118 1.0 3.0 3.0 -0.5169429916484296]
 [0.2493761205323293 1.0 1.0 3.0 0.03910816924416355]
 [1.514352061985303 3.0 1.0 2.0 0.5256529350251863]
 [-0.04578493247336463 4.0 3.0 2.0 0.8731849105830582]
 [-1.0366827532781941 2.0 4.0 5.0 0.31713374969046504]] 
 
 
Val : (17261, 9) 
 

~~~~~~~~~~~~~~~~~~~~~~~~~~~~~~~~~~~~~~~~~~~~~~~~~~~~~~~~~~~~~~~~~~~~~~~~~~~~~~~
Cat Idx V3 : None 
 

ERROR during preprocessing in inner fold 2: 'NoneType' object is not iterable
Skipping inner fold 2 due to preprocessing error.
  outer_4_inner Fold 3/5
Before Debugging -- Inner Fold 3
DEBUG Inner Fold 3: num_features: 9
DEBUG Inner Fold 3: num_classes: 1
DEBUG Inner Fold 3: cat_idx: [0]
DEBUG Inner Fold 3: nominal_idx: None
DEBUG Inner Fold 3: ordinal_idx: [1, 2, 3]
DEBUG Inner Fold 3: num_idx: None
DEBUG Inner Fold 3: cat_dims: [2]
DEBUG Inner Fold 3: bin_alt: None
~~~~~~~~~~~~~~~~~~~~~~~~~~~~~~~~~~~~~~~~~~~~~~~~~~~~~~~~~~~~~~~~~~~~~~~~~~~~~~~
BEFORE ANY ENCODING
num_features :9
num_classes : 1
cat_idx : [0]
nominal_idx : None
ordinal_idx : [1, 2, 3]
num_idx : None
cat_dims : [2]
bin_alt : None 


X_train shape : (17261, 9)
~~~~~~~~~~~~~~~~~~~~~~~~~~~~~~~~~~~~~~~~~~~~~~~~~~~~~~~~~~~~~~~~~~~~~~~~~~~~~~~
~~~~~~~~~~~~~~~~~~~~~~~~~~~~~~~~~~~~~~~~~~~~~~~~~~~~~~~~~~~~~~~~~~~~~~~~~~~~~~~
AFTER getting cat idx
Nominal Index : None
Ordinal Index : [1, 2, 3]
Cat Idx : [0]
Cat dims : [2]
~~~~~~~~~~~~~~~~~~~~~~~~~~~~~~~~~~~~~~~~~~~~~~~~~~~~~~~~~~~~~~~~~~~~~~~~~~~~~~~
BEFORE getting cat idx
Nominal Index : None
Ordinal Index : [1, 2, 3]
Cat Idx : [1, 2, 3]
Cat dims : []
No one Hot for this Baby!!! 

~~~~~~~~~~~~~~~~~~~~~~~~~~~~~~~~~~~~~~~~~~~~~~~~~~~~~~~~~~~~~~~~~~~~~~~~~~~~~~~ 


AFTER SEPARATING CATEGORICALS AND NUMERICALS
Ordinal Index : [1, 2, 3]
Numerical Index V1 : [0, 4, 5, 6, 7, 8]
Cat Idx V1 : [1, 2, 3] 
Cat Dims V1 : [5, 7, 8]
 

~~~~~~~~~~~~~~~~~~~~~~~~~~~~~~~~~~~~~~~~~~~~~~~~~~~~~~~~~~~~~~~~~~~~~~~~~~~~~~~ 


Scaling the data...
~~~~~~~~~~~~~~~~~~~~~~~~~~~~~~~~~~~~~~~~~~~~~~~~~~~~~~~~~~~~~~~~~~~~~~~~~~~~~~~
After OHE
Numerical Index V2 : [0, 4, 5, 6, 7, 8] 


OHE Idx : None


Ordinal Idx V2: [1, 2, 3]


Cat Dims V2 : [5, 7, 8]
Cat Idx V2 : [1, 2, 3] 
 

Train: [[0.6109382040777849 4.0 5.0 2.0 1.0117335995303174]
 [-1.2044798028572623 2.0 3.0 6.0 -0.16481653598763063]
 [0.4631716221179553 3.0 2.0 4.0 0.11201879001659097]
 [0.8431428328718023 4.0 4.0 5.0 1.0117335995303174]
 [-0.21233275255555067 1.0 4.0 7.0 0.2504364530187042]
 [1.476428184128214 4.0 1.0 5.0 -1.5489931660087435]
 [0.019871876238467166 1.0 3.0 3.0 -0.5108606934929089]
 [0.2520765050324848 1.0 1.0 3.0 0.04280995851553434]
 [-0.17011372913845652 4.0 6.0 5.0 1.0117335995303174]
 [1.5186472075453081 3.0 1.0 2.0 0.5272717790229259]] 
 
 
Val : (17261, 9) 
 

~~~~~~~~~~~~~~~~~~~~~~~~~~~~~~~~~~~~~~~~~~~~~~~~~~~~~~~~~~~~~~~~~~~~~~~~~~~~~~~
Cat Idx V3 : None 
 

ERROR during preprocessing in inner fold 3: 'NoneType' object is not iterable
Skipping inner fold 3 due to preprocessing error.
  outer_4_inner Fold 4/5
Before Debugging -- Inner Fold 4
DEBUG Inner Fold 4: num_features: 9
DEBUG Inner Fold 4: num_classes: 1
DEBUG Inner Fold 4: cat_idx: [0]
DEBUG Inner Fold 4: nominal_idx: None
DEBUG Inner Fold 4: ordinal_idx: [1, 2, 3]
DEBUG Inner Fold 4: num_idx: None
DEBUG Inner Fold 4: cat_dims: [2]
DEBUG Inner Fold 4: bin_alt: None
~~~~~~~~~~~~~~~~~~~~~~~~~~~~~~~~~~~~~~~~~~~~~~~~~~~~~~~~~~~~~~~~~~~~~~~~~~~~~~~
BEFORE ANY ENCODING
num_features :9
num_classes : 1
cat_idx : [0]
nominal_idx : None
ordinal_idx : [1, 2, 3]
num_idx : None
cat_dims : [2]
bin_alt : None 


X_train shape : (17261, 9)
~~~~~~~~~~~~~~~~~~~~~~~~~~~~~~~~~~~~~~~~~~~~~~~~~~~~~~~~~~~~~~~~~~~~~~~~~~~~~~~
~~~~~~~~~~~~~~~~~~~~~~~~~~~~~~~~~~~~~~~~~~~~~~~~~~~~~~~~~~~~~~~~~~~~~~~~~~~~~~~
AFTER getting cat idx
Nominal Index : None
Ordinal Index : [1, 2, 3]
Cat Idx : [0]
Cat dims : [2]
~~~~~~~~~~~~~~~~~~~~~~~~~~~~~~~~~~~~~~~~~~~~~~~~~~~~~~~~~~~~~~~~~~~~~~~~~~~~~~~
BEFORE getting cat idx
Nominal Index : None
Ordinal Index : [1, 2, 3]
Cat Idx : [1, 2, 3]
Cat dims : []
No one Hot for this Baby!!! 

~~~~~~~~~~~~~~~~~~~~~~~~~~~~~~~~~~~~~~~~~~~~~~~~~~~~~~~~~~~~~~~~~~~~~~~~~~~~~~~ 


AFTER SEPARATING CATEGORICALS AND NUMERICALS
Ordinal Index : [1, 2, 3]
Numerical Index V1 : [0, 4, 5, 6, 7, 8]
Cat Idx V1 : [1, 2, 3] 
Cat Dims V1 : [5, 7, 8]
 

~~~~~~~~~~~~~~~~~~~~~~~~~~~~~~~~~~~~~~~~~~~~~~~~~~~~~~~~~~~~~~~~~~~~~~~~~~~~~~~ 


Scaling the data...
~~~~~~~~~~~~~~~~~~~~~~~~~~~~~~~~~~~~~~~~~~~~~~~~~~~~~~~~~~~~~~~~~~~~~~~~~~~~~~~
After OHE
Numerical Index V2 : [0, 4, 5, 6, 7, 8] 


OHE Idx : None


Ordinal Idx V2: [1, 2, 3]


Cat Dims V2 : [5, 7, 8]
Cat Idx V2 : [1, 2, 3] 
 

Train: [[0.6125849979964727 4.0 5.0 2.0 1.0003980256446436]
 [-1.1997198902296093 2.0 3.0 6.0 -0.1716044155507287]
 [0.46507180941993104 3.0 2.0 4.0 0.10416086473053394]
 [0.8443914371881805 4.0 4.0 5.0 1.0003980256446436]
 [-0.20927419550140183 1.0 4.0 7.0 0.24204350487116771]
 [1.4765908168019302 4.0 1.0 5.0 -1.5504308169570469]
 [0.2543386828820146 1.0 1.0 3.0 0.03521954466021706]
 [-0.1671275701938185 4.0 6.0 5.0 1.0003980256446436]
 [1.5187374421095134 3.0 1.0 2.0 0.5178087851524303]
 [-1.031133388999276 2.0 4.0 5.0 0.3109848249414846]] 
 
 
Val : (17261, 9) 
 

~~~~~~~~~~~~~~~~~~~~~~~~~~~~~~~~~~~~~~~~~~~~~~~~~~~~~~~~~~~~~~~~~~~~~~~~~~~~~~~
Cat Idx V3 : None 
 

ERROR during preprocessing in inner fold 4: 'NoneType' object is not iterable
Skipping inner fold 4 due to preprocessing error.
  outer_4_inner Fold 5/5
Before Debugging -- Inner Fold 5
DEBUG Inner Fold 5: num_features: 9
DEBUG Inner Fold 5: num_classes: 1
DEBUG Inner Fold 5: cat_idx: [0]
DEBUG Inner Fold 5: nominal_idx: None
DEBUG Inner Fold 5: ordinal_idx: [1, 2, 3]
DEBUG Inner Fold 5: num_idx: None
DEBUG Inner Fold 5: cat_dims: [2]
DEBUG Inner Fold 5: bin_alt: None
~~~~~~~~~~~~~~~~~~~~~~~~~~~~~~~~~~~~~~~~~~~~~~~~~~~~~~~~~~~~~~~~~~~~~~~~~~~~~~~
BEFORE ANY ENCODING
num_features :9
num_classes : 1
cat_idx : [0]
nominal_idx : None
ordinal_idx : [1, 2, 3]
num_idx : None
cat_dims : [2]
bin_alt : None 


X_train shape : (17261, 9)
~~~~~~~~~~~~~~~~~~~~~~~~~~~~~~~~~~~~~~~~~~~~~~~~~~~~~~~~~~~~~~~~~~~~~~~~~~~~~~~
~~~~~~~~~~~~~~~~~~~~~~~~~~~~~~~~~~~~~~~~~~~~~~~~~~~~~~~~~~~~~~~~~~~~~~~~~~~~~~~
AFTER getting cat idx
Nominal Index : None
Ordinal Index : [1, 2, 3]
Cat Idx : [0]
Cat dims : [2]
~~~~~~~~~~~~~~~~~~~~~~~~~~~~~~~~~~~~~~~~~~~~~~~~~~~~~~~~~~~~~~~~~~~~~~~~~~~~~~~
BEFORE getting cat idx
Nominal Index : None
Ordinal Index : [1, 2, 3]
Cat Idx : [1, 2, 3]
Cat dims : []
No one Hot for this Baby!!! 

~~~~~~~~~~~~~~~~~~~~~~~~~~~~~~~~~~~~~~~~~~~~~~~~~~~~~~~~~~~~~~~~~~~~~~~~~~~~~~~ 


AFTER SEPARATING CATEGORICALS AND NUMERICALS
Ordinal Index : [1, 2, 3]
Numerical Index V1 : [0, 4, 5, 6, 7, 8]
Cat Idx V1 : [1, 2, 3] 
Cat Dims V1 : [5, 7, 8]
 

~~~~~~~~~~~~~~~~~~~~~~~~~~~~~~~~~~~~~~~~~~~~~~~~~~~~~~~~~~~~~~~~~~~~~~~~~~~~~~~ 


Scaling the data...
~~~~~~~~~~~~~~~~~~~~~~~~~~~~~~~~~~~~~~~~~~~~~~~~~~~~~~~~~~~~~~~~~~~~~~~~~~~~~~~
After OHE
Numerical Index V2 : [0, 4, 5, 6, 7, 8] 


OHE Idx : None


Ordinal Idx V2: [1, 2, 3]


Cat Dims V2 : [5, 7, 8]
Cat Idx V2 : [1, 2, 3] 
 

Train: [[0.4687592703832853 3.0 2.0 4.0 0.10755254250566874]
 [-0.20708885575152014 1.0 4.0 7.0 0.24502260331431983]
 [0.025233937607319384 1.0 3.0 3.0 -0.5110627311332514]
 [0.25755673096615866 1.0 1.0 3.0 0.038817512101343196]
 [-0.16484834786809477 4.0 6.0 5.0 1.001107937761891]
 [-0.03812682421781867 4.0 3.0 2.0 0.86363787695324]
 [0.6799618098004121 3.0 3.0 3.0 -0.5110627311332514]
 [-0.52389266487721 1.0 4.0 2.0 1.2760480593791883]
 [-0.18596860180980745 3.0 0.0 4.0 -2.504378612858663]
 [-0.6294939345857734 4.0 3.0 2.0 -1.679558248006771]] 
 
 
Val : (17261, 9) 
 

~~~~~~~~~~~~~~~~~~~~~~~~~~~~~~~~~~~~~~~~~~~~~~~~~~~~~~~~~~~~~~~~~~~~~~~~~~~~~~~
Cat Idx V3 : None 
 

ERROR during preprocessing in inner fold 5: 'NoneType' object is not iterable
Skipping inner fold 5 due to preprocessing error.
Warning: No inner folds completed successfully for HPO trial.
ERROR saving hyperparameters to file coz inner_cs issues: 'float' object has no attribute 'get_results'
  outer_4_inner Fold 1/5
Before Debugging -- Inner Fold 1
DEBUG Inner Fold 1: num_features: 9
DEBUG Inner Fold 1: num_classes: 1
DEBUG Inner Fold 1: cat_idx: [0]
DEBUG Inner Fold 1: nominal_idx: None
DEBUG Inner Fold 1: ordinal_idx: [1, 2, 3]
DEBUG Inner Fold 1: num_idx: None
DEBUG Inner Fold 1: cat_dims: [2]
DEBUG Inner Fold 1: bin_alt: None
~~~~~~~~~~~~~~~~~~~~~~~~~~~~~~~~~~~~~~~~~~~~~~~~~~~~~~~~~~~~~~~~~~~~~~~~~~~~~~~
BEFORE ANY ENCODING
num_features :9
num_classes : 1
cat_idx : [0]
nominal_idx : None
ordinal_idx : [1, 2, 3]
num_idx : None
cat_dims : [2]
bin_alt : None 


X_train shape : (17260, 9)
~~~~~~~~~~~~~~~~~~~~~~~~~~~~~~~~~~~~~~~~~~~~~~~~~~~~~~~~~~~~~~~~~~~~~~~~~~~~~~~
~~~~~~~~~~~~~~~~~~~~~~~~~~~~~~~~~~~~~~~~~~~~~~~~~~~~~~~~~~~~~~~~~~~~~~~~~~~~~~~
AFTER getting cat idx
Nominal Index : None
Ordinal Index : [1, 2, 3]
Cat Idx : [0]
Cat dims : [2]
~~~~~~~~~~~~~~~~~~~~~~~~~~~~~~~~~~~~~~~~~~~~~~~~~~~~~~~~~~~~~~~~~~~~~~~~~~~~~~~
BEFORE getting cat idx
Nominal Index : None
Ordinal Index : [1, 2, 3]
Cat Idx : [1, 2, 3]
Cat dims : []
No one Hot for this Baby!!! 

~~~~~~~~~~~~~~~~~~~~~~~~~~~~~~~~~~~~~~~~~~~~~~~~~~~~~~~~~~~~~~~~~~~~~~~~~~~~~~~ 


AFTER SEPARATING CATEGORICALS AND NUMERICALS
Ordinal Index : [1, 2, 3]
Numerical Index V1 : [0, 4, 5, 6, 7, 8]
Cat Idx V1 : [1, 2, 3] 
Cat Dims V1 : [5, 7, 8]
 

~~~~~~~~~~~~~~~~~~~~~~~~~~~~~~~~~~~~~~~~~~~~~~~~~~~~~~~~~~~~~~~~~~~~~~~~~~~~~~~ 


Scaling the data...
~~~~~~~~~~~~~~~~~~~~~~~~~~~~~~~~~~~~~~~~~~~~~~~~~~~~~~~~~~~~~~~~~~~~~~~~~~~~~~~
After OHE
Numerical Index V2 : [0, 4, 5, 6, 7, 8] 


OHE Idx : None


Ordinal Idx V2: [1, 2, 3]


Cat Dims V2 : [5, 7, 8]
Cat Idx V2 : [1, 2, 3] 
 

Train: [[0.6056122183850853 4.0 5.0 2.0 1.0026432502504303]
 [-1.2074014203259351 2.0 3.0 6.0 -0.17231085112176278]
 [0.8375093117085876 4.0 4.0 5.0 1.0026432502504303]
 [-0.21656838521642416 1.0 4.0 7.0 0.24237883171548216]
 [1.4699559298635947 4.0 1.0 5.0 -1.554609793912576]
 [0.01532870810707863 1.0 3.0 3.0 -0.5178855868194661]
 [-0.17440527733942365 4.0 6.0 5.0 1.0026432502504303]
 [1.5121190377405953 3.0 1.0 2.0 0.5188386202736438]
 [-0.04791595370842213 4.0 3.0 2.0 0.8644133559713472]
 [-1.0387489888179333 2.0 4.0 5.0 0.31149377885502383]] 
 
 
Val : (17260, 9) 
 

~~~~~~~~~~~~~~~~~~~~~~~~~~~~~~~~~~~~~~~~~~~~~~~~~~~~~~~~~~~~~~~~~~~~~~~~~~~~~~~
Cat Idx V3 : None 
 

ERROR during preprocessing in inner fold 1: 'NoneType' object is not iterable
Skipping inner fold 1 due to preprocessing error.
  outer_4_inner Fold 2/5
Before Debugging -- Inner Fold 2
DEBUG Inner Fold 2: num_features: 9
DEBUG Inner Fold 2: num_classes: 1
DEBUG Inner Fold 2: cat_idx: [0]
DEBUG Inner Fold 2: nominal_idx: None
DEBUG Inner Fold 2: ordinal_idx: [1, 2, 3]
DEBUG Inner Fold 2: num_idx: None
DEBUG Inner Fold 2: cat_dims: [2]
DEBUG Inner Fold 2: bin_alt: None
~~~~~~~~~~~~~~~~~~~~~~~~~~~~~~~~~~~~~~~~~~~~~~~~~~~~~~~~~~~~~~~~~~~~~~~~~~~~~~~
BEFORE ANY ENCODING
num_features :9
num_classes : 1
cat_idx : [0]
nominal_idx : None
ordinal_idx : [1, 2, 3]
num_idx : None
cat_dims : [2]
bin_alt : None 


X_train shape : (17261, 9)
~~~~~~~~~~~~~~~~~~~~~~~~~~~~~~~~~~~~~~~~~~~~~~~~~~~~~~~~~~~~~~~~~~~~~~~~~~~~~~~
~~~~~~~~~~~~~~~~~~~~~~~~~~~~~~~~~~~~~~~~~~~~~~~~~~~~~~~~~~~~~~~~~~~~~~~~~~~~~~~
AFTER getting cat idx
Nominal Index : None
Ordinal Index : [1, 2, 3]
Cat Idx : [0]
Cat dims : [2]
~~~~~~~~~~~~~~~~~~~~~~~~~~~~~~~~~~~~~~~~~~~~~~~~~~~~~~~~~~~~~~~~~~~~~~~~~~~~~~~
BEFORE getting cat idx
Nominal Index : None
Ordinal Index : [1, 2, 3]
Cat Idx : [1, 2, 3]
Cat dims : []
No one Hot for this Baby!!! 

~~~~~~~~~~~~~~~~~~~~~~~~~~~~~~~~~~~~~~~~~~~~~~~~~~~~~~~~~~~~~~~~~~~~~~~~~~~~~~~ 


AFTER SEPARATING CATEGORICALS AND NUMERICALS
Ordinal Index : [1, 2, 3]
Numerical Index V1 : [0, 4, 5, 6, 7, 8]
Cat Idx V1 : [1, 2, 3] 
Cat Dims V1 : [5, 7, 8]
 

~~~~~~~~~~~~~~~~~~~~~~~~~~~~~~~~~~~~~~~~~~~~~~~~~~~~~~~~~~~~~~~~~~~~~~~~~~~~~~~ 


Scaling the data...
~~~~~~~~~~~~~~~~~~~~~~~~~~~~~~~~~~~~~~~~~~~~~~~~~~~~~~~~~~~~~~~~~~~~~~~~~~~~~~~
After OHE
Numerical Index V2 : [0, 4, 5, 6, 7, 8] 


OHE Idx : None


Ordinal Idx V2: [1, 2, 3]


Cat Dims V2 : [5, 7, 8]
Cat Idx V2 : [1, 2, 3] 
 

Train: [[0.607785970610672 4.0 5.0 2.0 1.0121977008062089]
 [-1.2053462121385907 2.0 3.0 6.0 -0.16941101609055764]
 [0.4602054441078249 3.0 2.0 4.0 0.10861456435573892]
 [0.8396982265437168 4.0 4.0 5.0 1.0121977008062089]
 [1.472186197270204 4.0 1.0 5.0 -1.5595389183220454]
 [0.017463864599284118 1.0 3.0 3.0 -0.5169429916484296]
 [0.2493761205323293 1.0 1.0 3.0 0.03910816924416355]
 [1.514352061985303 3.0 1.0 2.0 0.5256529350251863]
 [-0.04578493247336463 4.0 3.0 2.0 0.8731849105830582]
 [-1.0366827532781941 2.0 4.0 5.0 0.31713374969046504]] 
 
 
Val : (17261, 9) 
 

~~~~~~~~~~~~~~~~~~~~~~~~~~~~~~~~~~~~~~~~~~~~~~~~~~~~~~~~~~~~~~~~~~~~~~~~~~~~~~~
Cat Idx V3 : None 
 

ERROR during preprocessing in inner fold 2: 'NoneType' object is not iterable
Skipping inner fold 2 due to preprocessing error.
  outer_4_inner Fold 3/5
Before Debugging -- Inner Fold 3
DEBUG Inner Fold 3: num_features: 9
DEBUG Inner Fold 3: num_classes: 1
DEBUG Inner Fold 3: cat_idx: [0]
DEBUG Inner Fold 3: nominal_idx: None
DEBUG Inner Fold 3: ordinal_idx: [1, 2, 3]
DEBUG Inner Fold 3: num_idx: None
DEBUG Inner Fold 3: cat_dims: [2]
DEBUG Inner Fold 3: bin_alt: None
~~~~~~~~~~~~~~~~~~~~~~~~~~~~~~~~~~~~~~~~~~~~~~~~~~~~~~~~~~~~~~~~~~~~~~~~~~~~~~~
BEFORE ANY ENCODING
num_features :9
num_classes : 1
cat_idx : [0]
nominal_idx : None
ordinal_idx : [1, 2, 3]
num_idx : None
cat_dims : [2]
bin_alt : None 


X_train shape : (17261, 9)
~~~~~~~~~~~~~~~~~~~~~~~~~~~~~~~~~~~~~~~~~~~~~~~~~~~~~~~~~~~~~~~~~~~~~~~~~~~~~~~
~~~~~~~~~~~~~~~~~~~~~~~~~~~~~~~~~~~~~~~~~~~~~~~~~~~~~~~~~~~~~~~~~~~~~~~~~~~~~~~
AFTER getting cat idx
Nominal Index : None
Ordinal Index : [1, 2, 3]
Cat Idx : [0]
Cat dims : [2]
~~~~~~~~~~~~~~~~~~~~~~~~~~~~~~~~~~~~~~~~~~~~~~~~~~~~~~~~~~~~~~~~~~~~~~~~~~~~~~~
BEFORE getting cat idx
Nominal Index : None
Ordinal Index : [1, 2, 3]
Cat Idx : [1, 2, 3]
Cat dims : []
No one Hot for this Baby!!! 

~~~~~~~~~~~~~~~~~~~~~~~~~~~~~~~~~~~~~~~~~~~~~~~~~~~~~~~~~~~~~~~~~~~~~~~~~~~~~~~ 


AFTER SEPARATING CATEGORICALS AND NUMERICALS
Ordinal Index : [1, 2, 3]
Numerical Index V1 : [0, 4, 5, 6, 7, 8]
Cat Idx V1 : [1, 2, 3] 
Cat Dims V1 : [5, 7, 8]
 

~~~~~~~~~~~~~~~~~~~~~~~~~~~~~~~~~~~~~~~~~~~~~~~~~~~~~~~~~~~~~~~~~~~~~~~~~~~~~~~ 


Scaling the data...
~~~~~~~~~~~~~~~~~~~~~~~~~~~~~~~~~~~~~~~~~~~~~~~~~~~~~~~~~~~~~~~~~~~~~~~~~~~~~~~
After OHE
Numerical Index V2 : [0, 4, 5, 6, 7, 8] 


OHE Idx : None


Ordinal Idx V2: [1, 2, 3]


Cat Dims V2 : [5, 7, 8]
Cat Idx V2 : [1, 2, 3] 
 

Train: [[0.6109382040777849 4.0 5.0 2.0 1.0117335995303174]
 [-1.2044798028572623 2.0 3.0 6.0 -0.16481653598763063]
 [0.4631716221179553 3.0 2.0 4.0 0.11201879001659097]
 [0.8431428328718023 4.0 4.0 5.0 1.0117335995303174]
 [-0.21233275255555067 1.0 4.0 7.0 0.2504364530187042]
 [1.476428184128214 4.0 1.0 5.0 -1.5489931660087435]
 [0.019871876238467166 1.0 3.0 3.0 -0.5108606934929089]
 [0.2520765050324848 1.0 1.0 3.0 0.04280995851553434]
 [-0.17011372913845652 4.0 6.0 5.0 1.0117335995303174]
 [1.5186472075453081 3.0 1.0 2.0 0.5272717790229259]] 
 
 
Val : (17261, 9) 
 

~~~~~~~~~~~~~~~~~~~~~~~~~~~~~~~~~~~~~~~~~~~~~~~~~~~~~~~~~~~~~~~~~~~~~~~~~~~~~~~
Cat Idx V3 : None 
 

ERROR during preprocessing in inner fold 3: 'NoneType' object is not iterable
Skipping inner fold 3 due to preprocessing error.
  outer_4_inner Fold 4/5
Before Debugging -- Inner Fold 4
DEBUG Inner Fold 4: num_features: 9
DEBUG Inner Fold 4: num_classes: 1
DEBUG Inner Fold 4: cat_idx: [0]
DEBUG Inner Fold 4: nominal_idx: None
DEBUG Inner Fold 4: ordinal_idx: [1, 2, 3]
DEBUG Inner Fold 4: num_idx: None
DEBUG Inner Fold 4: cat_dims: [2]
DEBUG Inner Fold 4: bin_alt: None
~~~~~~~~~~~~~~~~~~~~~~~~~~~~~~~~~~~~~~~~~~~~~~~~~~~~~~~~~~~~~~~~~~~~~~~~~~~~~~~
BEFORE ANY ENCODING
num_features :9
num_classes : 1
cat_idx : [0]
nominal_idx : None
ordinal_idx : [1, 2, 3]
num_idx : None
cat_dims : [2]
bin_alt : None 


X_train shape : (17261, 9)
~~~~~~~~~~~~~~~~~~~~~~~~~~~~~~~~~~~~~~~~~~~~~~~~~~~~~~~~~~~~~~~~~~~~~~~~~~~~~~~
~~~~~~~~~~~~~~~~~~~~~~~~~~~~~~~~~~~~~~~~~~~~~~~~~~~~~~~~~~~~~~~~~~~~~~~~~~~~~~~
AFTER getting cat idx
Nominal Index : None
Ordinal Index : [1, 2, 3]
Cat Idx : [0]
Cat dims : [2]
~~~~~~~~~~~~~~~~~~~~~~~~~~~~~~~~~~~~~~~~~~~~~~~~~~~~~~~~~~~~~~~~~~~~~~~~~~~~~~~
BEFORE getting cat idx
Nominal Index : None
Ordinal Index : [1, 2, 3]
Cat Idx : [1, 2, 3]
Cat dims : []
No one Hot for this Baby!!! 

~~~~~~~~~~~~~~~~~~~~~~~~~~~~~~~~~~~~~~~~~~~~~~~~~~~~~~~~~~~~~~~~~~~~~~~~~~~~~~~ 


AFTER SEPARATING CATEGORICALS AND NUMERICALS
Ordinal Index : [1, 2, 3]
Numerical Index V1 : [0, 4, 5, 6, 7, 8]
Cat Idx V1 : [1, 2, 3] 
Cat Dims V1 : [5, 7, 8]
 

~~~~~~~~~~~~~~~~~~~~~~~~~~~~~~~~~~~~~~~~~~~~~~~~~~~~~~~~~~~~~~~~~~~~~~~~~~~~~~~ 


Scaling the data...
~~~~~~~~~~~~~~~~~~~~~~~~~~~~~~~~~~~~~~~~~~~~~~~~~~~~~~~~~~~~~~~~~~~~~~~~~~~~~~~
After OHE
Numerical Index V2 : [0, 4, 5, 6, 7, 8] 


OHE Idx : None


Ordinal Idx V2: [1, 2, 3]


Cat Dims V2 : [5, 7, 8]
Cat Idx V2 : [1, 2, 3] 
 

Train: [[0.6125849979964727 4.0 5.0 2.0 1.0003980256446436]
 [-1.1997198902296093 2.0 3.0 6.0 -0.1716044155507287]
 [0.46507180941993104 3.0 2.0 4.0 0.10416086473053394]
 [0.8443914371881805 4.0 4.0 5.0 1.0003980256446436]
 [-0.20927419550140183 1.0 4.0 7.0 0.24204350487116771]
 [1.4765908168019302 4.0 1.0 5.0 -1.5504308169570469]
 [0.2543386828820146 1.0 1.0 3.0 0.03521954466021706]
 [-0.1671275701938185 4.0 6.0 5.0 1.0003980256446436]
 [1.5187374421095134 3.0 1.0 2.0 0.5178087851524303]
 [-1.031133388999276 2.0 4.0 5.0 0.3109848249414846]] 
 
 
Val : (17261, 9) 
 

~~~~~~~~~~~~~~~~~~~~~~~~~~~~~~~~~~~~~~~~~~~~~~~~~~~~~~~~~~~~~~~~~~~~~~~~~~~~~~~
Cat Idx V3 : None 
 

ERROR during preprocessing in inner fold 4: 'NoneType' object is not iterable
Skipping inner fold 4 due to preprocessing error.
  outer_4_inner Fold 5/5
Before Debugging -- Inner Fold 5
DEBUG Inner Fold 5: num_features: 9
DEBUG Inner Fold 5: num_classes: 1
DEBUG Inner Fold 5: cat_idx: [0]
DEBUG Inner Fold 5: nominal_idx: None
DEBUG Inner Fold 5: ordinal_idx: [1, 2, 3]
DEBUG Inner Fold 5: num_idx: None
DEBUG Inner Fold 5: cat_dims: [2]
DEBUG Inner Fold 5: bin_alt: None
~~~~~~~~~~~~~~~~~~~~~~~~~~~~~~~~~~~~~~~~~~~~~~~~~~~~~~~~~~~~~~~~~~~~~~~~~~~~~~~
BEFORE ANY ENCODING
num_features :9
num_classes : 1
cat_idx : [0]
nominal_idx : None
ordinal_idx : [1, 2, 3]
num_idx : None
cat_dims : [2]
bin_alt : None 


X_train shape : (17261, 9)
~~~~~~~~~~~~~~~~~~~~~~~~~~~~~~~~~~~~~~~~~~~~~~~~~~~~~~~~~~~~~~~~~~~~~~~~~~~~~~~
~~~~~~~~~~~~~~~~~~~~~~~~~~~~~~~~~~~~~~~~~~~~~~~~~~~~~~~~~~~~~~~~~~~~~~~~~~~~~~~
AFTER getting cat idx
Nominal Index : None
Ordinal Index : [1, 2, 3]
Cat Idx : [0]
Cat dims : [2]
~~~~~~~~~~~~~~~~~~~~~~~~~~~~~~~~~~~~~~~~~~~~~~~~~~~~~~~~~~~~~~~~~~~~~~~~~~~~~~~
BEFORE getting cat idx
Nominal Index : None
Ordinal Index : [1, 2, 3]
Cat Idx : [1, 2, 3]
Cat dims : []
No one Hot for this Baby!!! 

~~~~~~~~~~~~~~~~~~~~~~~~~~~~~~~~~~~~~~~~~~~~~~~~~~~~~~~~~~~~~~~~~~~~~~~~~~~~~~~ 


AFTER SEPARATING CATEGORICALS AND NUMERICALS
Ordinal Index : [1, 2, 3]
Numerical Index V1 : [0, 4, 5, 6, 7, 8]
Cat Idx V1 : [1, 2, 3] 
Cat Dims V1 : [5, 7, 8]
 

~~~~~~~~~~~~~~~~~~~~~~~~~~~~~~~~~~~~~~~~~~~~~~~~~~~~~~~~~~~~~~~~~~~~~~~~~~~~~~~ 


Scaling the data...
~~~~~~~~~~~~~~~~~~~~~~~~~~~~~~~~~~~~~~~~~~~~~~~~~~~~~~~~~~~~~~~~~~~~~~~~~~~~~~~
After OHE
Numerical Index V2 : [0, 4, 5, 6, 7, 8] 


OHE Idx : None


Ordinal Idx V2: [1, 2, 3]


Cat Dims V2 : [5, 7, 8]
Cat Idx V2 : [1, 2, 3] 
 

Train: [[0.4687592703832853 3.0 2.0 4.0 0.10755254250566874]
 [-0.20708885575152014 1.0 4.0 7.0 0.24502260331431983]
 [0.025233937607319384 1.0 3.0 3.0 -0.5110627311332514]
 [0.25755673096615866 1.0 1.0 3.0 0.038817512101343196]
 [-0.16484834786809477 4.0 6.0 5.0 1.001107937761891]
 [-0.03812682421781867 4.0 3.0 2.0 0.86363787695324]
 [0.6799618098004121 3.0 3.0 3.0 -0.5110627311332514]
 [-0.52389266487721 1.0 4.0 2.0 1.2760480593791883]
 [-0.18596860180980745 3.0 0.0 4.0 -2.504378612858663]
 [-0.6294939345857734 4.0 3.0 2.0 -1.679558248006771]] 
 
 
Val : (17261, 9) 
 

~~~~~~~~~~~~~~~~~~~~~~~~~~~~~~~~~~~~~~~~~~~~~~~~~~~~~~~~~~~~~~~~~~~~~~~~~~~~~~~
Cat Idx V3 : None 
 

ERROR during preprocessing in inner fold 5: 'NoneType' object is not iterable
Skipping inner fold 5 due to preprocessing error.
Warning: No inner folds completed successfully for HPO trial.
ERROR saving hyperparameters to file coz inner_cs issues: 'float' object has no attribute 'get_results'
  outer_4_inner Fold 1/5
Before Debugging -- Inner Fold 1
DEBUG Inner Fold 1: num_features: 9
DEBUG Inner Fold 1: num_classes: 1
DEBUG Inner Fold 1: cat_idx: [0]
DEBUG Inner Fold 1: nominal_idx: None
DEBUG Inner Fold 1: ordinal_idx: [1, 2, 3]
DEBUG Inner Fold 1: num_idx: None
DEBUG Inner Fold 1: cat_dims: [2]
DEBUG Inner Fold 1: bin_alt: None
~~~~~~~~~~~~~~~~~~~~~~~~~~~~~~~~~~~~~~~~~~~~~~~~~~~~~~~~~~~~~~~~~~~~~~~~~~~~~~~
BEFORE ANY ENCODING
num_features :9
num_classes : 1
cat_idx : [0]
nominal_idx : None
ordinal_idx : [1, 2, 3]
num_idx : None
cat_dims : [2]
bin_alt : None 


X_train shape : (17260, 9)
~~~~~~~~~~~~~~~~~~~~~~~~~~~~~~~~~~~~~~~~~~~~~~~~~~~~~~~~~~~~~~~~~~~~~~~~~~~~~~~
~~~~~~~~~~~~~~~~~~~~~~~~~~~~~~~~~~~~~~~~~~~~~~~~~~~~~~~~~~~~~~~~~~~~~~~~~~~~~~~
AFTER getting cat idx
Nominal Index : None
Ordinal Index : [1, 2, 3]
Cat Idx : [0]
Cat dims : [2]
~~~~~~~~~~~~~~~~~~~~~~~~~~~~~~~~~~~~~~~~~~~~~~~~~~~~~~~~~~~~~~~~~~~~~~~~~~~~~~~
BEFORE getting cat idx
Nominal Index : None
Ordinal Index : [1, 2, 3]
Cat Idx : [1, 2, 3]
Cat dims : []
No one Hot for this Baby!!! 

~~~~~~~~~~~~~~~~~~~~~~~~~~~~~~~~~~~~~~~~~~~~~~~~~~~~~~~~~~~~~~~~~~~~~~~~~~~~~~~ 


AFTER SEPARATING CATEGORICALS AND NUMERICALS
Ordinal Index : [1, 2, 3]
Numerical Index V1 : [0, 4, 5, 6, 7, 8]
Cat Idx V1 : [1, 2, 3] 
Cat Dims V1 : [5, 7, 8]
 

~~~~~~~~~~~~~~~~~~~~~~~~~~~~~~~~~~~~~~~~~~~~~~~~~~~~~~~~~~~~~~~~~~~~~~~~~~~~~~~ 


Scaling the data...
~~~~~~~~~~~~~~~~~~~~~~~~~~~~~~~~~~~~~~~~~~~~~~~~~~~~~~~~~~~~~~~~~~~~~~~~~~~~~~~
After OHE
Numerical Index V2 : [0, 4, 5, 6, 7, 8] 


OHE Idx : None


Ordinal Idx V2: [1, 2, 3]


Cat Dims V2 : [5, 7, 8]
Cat Idx V2 : [1, 2, 3] 
 

Train: [[0.6056122183850853 4.0 5.0 2.0 1.0026432502504303]
 [-1.2074014203259351 2.0 3.0 6.0 -0.17231085112176278]
 [0.8375093117085876 4.0 4.0 5.0 1.0026432502504303]
 [-0.21656838521642416 1.0 4.0 7.0 0.24237883171548216]
 [1.4699559298635947 4.0 1.0 5.0 -1.554609793912576]
 [0.01532870810707863 1.0 3.0 3.0 -0.5178855868194661]
 [-0.17440527733942365 4.0 6.0 5.0 1.0026432502504303]
 [1.5121190377405953 3.0 1.0 2.0 0.5188386202736438]
 [-0.04791595370842213 4.0 3.0 2.0 0.8644133559713472]
 [-1.0387489888179333 2.0 4.0 5.0 0.31149377885502383]] 
 
 
Val : (17260, 9) 
 

~~~~~~~~~~~~~~~~~~~~~~~~~~~~~~~~~~~~~~~~~~~~~~~~~~~~~~~~~~~~~~~~~~~~~~~~~~~~~~~
Cat Idx V3 : None 
 

ERROR during preprocessing in inner fold 1: 'NoneType' object is not iterable
Skipping inner fold 1 due to preprocessing error.
  outer_4_inner Fold 2/5
Before Debugging -- Inner Fold 2
DEBUG Inner Fold 2: num_features: 9
DEBUG Inner Fold 2: num_classes: 1
DEBUG Inner Fold 2: cat_idx: [0]
DEBUG Inner Fold 2: nominal_idx: None
DEBUG Inner Fold 2: ordinal_idx: [1, 2, 3]
DEBUG Inner Fold 2: num_idx: None
DEBUG Inner Fold 2: cat_dims: [2]
DEBUG Inner Fold 2: bin_alt: None
~~~~~~~~~~~~~~~~~~~~~~~~~~~~~~~~~~~~~~~~~~~~~~~~~~~~~~~~~~~~~~~~~~~~~~~~~~~~~~~
BEFORE ANY ENCODING
num_features :9
num_classes : 1
cat_idx : [0]
nominal_idx : None
ordinal_idx : [1, 2, 3]
num_idx : None
cat_dims : [2]
bin_alt : None 


X_train shape : (17261, 9)
~~~~~~~~~~~~~~~~~~~~~~~~~~~~~~~~~~~~~~~~~~~~~~~~~~~~~~~~~~~~~~~~~~~~~~~~~~~~~~~
~~~~~~~~~~~~~~~~~~~~~~~~~~~~~~~~~~~~~~~~~~~~~~~~~~~~~~~~~~~~~~~~~~~~~~~~~~~~~~~
AFTER getting cat idx
Nominal Index : None
Ordinal Index : [1, 2, 3]
Cat Idx : [0]
Cat dims : [2]
~~~~~~~~~~~~~~~~~~~~~~~~~~~~~~~~~~~~~~~~~~~~~~~~~~~~~~~~~~~~~~~~~~~~~~~~~~~~~~~
BEFORE getting cat idx
Nominal Index : None
Ordinal Index : [1, 2, 3]
Cat Idx : [1, 2, 3]
Cat dims : []
No one Hot for this Baby!!! 

~~~~~~~~~~~~~~~~~~~~~~~~~~~~~~~~~~~~~~~~~~~~~~~~~~~~~~~~~~~~~~~~~~~~~~~~~~~~~~~ 


AFTER SEPARATING CATEGORICALS AND NUMERICALS
Ordinal Index : [1, 2, 3]
Numerical Index V1 : [0, 4, 5, 6, 7, 8]
Cat Idx V1 : [1, 2, 3] 
Cat Dims V1 : [5, 7, 8]
 

~~~~~~~~~~~~~~~~~~~~~~~~~~~~~~~~~~~~~~~~~~~~~~~~~~~~~~~~~~~~~~~~~~~~~~~~~~~~~~~ 


Scaling the data...
~~~~~~~~~~~~~~~~~~~~~~~~~~~~~~~~~~~~~~~~~~~~~~~~~~~~~~~~~~~~~~~~~~~~~~~~~~~~~~~
After OHE
Numerical Index V2 : [0, 4, 5, 6, 7, 8] 


OHE Idx : None


Ordinal Idx V2: [1, 2, 3]


Cat Dims V2 : [5, 7, 8]
Cat Idx V2 : [1, 2, 3] 
 

Train: [[0.607785970610672 4.0 5.0 2.0 1.0121977008062089]
 [-1.2053462121385907 2.0 3.0 6.0 -0.16941101609055764]
 [0.4602054441078249 3.0 2.0 4.0 0.10861456435573892]
 [0.8396982265437168 4.0 4.0 5.0 1.0121977008062089]
 [1.472186197270204 4.0 1.0 5.0 -1.5595389183220454]
 [0.017463864599284118 1.0 3.0 3.0 -0.5169429916484296]
 [0.2493761205323293 1.0 1.0 3.0 0.03910816924416355]
 [1.514352061985303 3.0 1.0 2.0 0.5256529350251863]
 [-0.04578493247336463 4.0 3.0 2.0 0.8731849105830582]
 [-1.0366827532781941 2.0 4.0 5.0 0.31713374969046504]] 
 
 
Val : (17261, 9) 
 

~~~~~~~~~~~~~~~~~~~~~~~~~~~~~~~~~~~~~~~~~~~~~~~~~~~~~~~~~~~~~~~~~~~~~~~~~~~~~~~
Cat Idx V3 : None 
 

ERROR during preprocessing in inner fold 2: 'NoneType' object is not iterable
Skipping inner fold 2 due to preprocessing error.
  outer_4_inner Fold 3/5
Before Debugging -- Inner Fold 3
DEBUG Inner Fold 3: num_features: 9
DEBUG Inner Fold 3: num_classes: 1
DEBUG Inner Fold 3: cat_idx: [0]
DEBUG Inner Fold 3: nominal_idx: None
DEBUG Inner Fold 3: ordinal_idx: [1, 2, 3]
DEBUG Inner Fold 3: num_idx: None
DEBUG Inner Fold 3: cat_dims: [2]
DEBUG Inner Fold 3: bin_alt: None
~~~~~~~~~~~~~~~~~~~~~~~~~~~~~~~~~~~~~~~~~~~~~~~~~~~~~~~~~~~~~~~~~~~~~~~~~~~~~~~
BEFORE ANY ENCODING
num_features :9
num_classes : 1
cat_idx : [0]
nominal_idx : None
ordinal_idx : [1, 2, 3]
num_idx : None
cat_dims : [2]
bin_alt : None 


X_train shape : (17261, 9)
~~~~~~~~~~~~~~~~~~~~~~~~~~~~~~~~~~~~~~~~~~~~~~~~~~~~~~~~~~~~~~~~~~~~~~~~~~~~~~~
~~~~~~~~~~~~~~~~~~~~~~~~~~~~~~~~~~~~~~~~~~~~~~~~~~~~~~~~~~~~~~~~~~~~~~~~~~~~~~~
AFTER getting cat idx
Nominal Index : None
Ordinal Index : [1, 2, 3]
Cat Idx : [0]
Cat dims : [2]
~~~~~~~~~~~~~~~~~~~~~~~~~~~~~~~~~~~~~~~~~~~~~~~~~~~~~~~~~~~~~~~~~~~~~~~~~~~~~~~
BEFORE getting cat idx
Nominal Index : None
Ordinal Index : [1, 2, 3]
Cat Idx : [1, 2, 3]
Cat dims : []
No one Hot for this Baby!!! 

~~~~~~~~~~~~~~~~~~~~~~~~~~~~~~~~~~~~~~~~~~~~~~~~~~~~~~~~~~~~~~~~~~~~~~~~~~~~~~~ 


AFTER SEPARATING CATEGORICALS AND NUMERICALS
Ordinal Index : [1, 2, 3]
Numerical Index V1 : [0, 4, 5, 6, 7, 8]
Cat Idx V1 : [1, 2, 3] 
Cat Dims V1 : [5, 7, 8]
 

~~~~~~~~~~~~~~~~~~~~~~~~~~~~~~~~~~~~~~~~~~~~~~~~~~~~~~~~~~~~~~~~~~~~~~~~~~~~~~~ 


Scaling the data...
~~~~~~~~~~~~~~~~~~~~~~~~~~~~~~~~~~~~~~~~~~~~~~~~~~~~~~~~~~~~~~~~~~~~~~~~~~~~~~~
After OHE
Numerical Index V2 : [0, 4, 5, 6, 7, 8] 


OHE Idx : None


Ordinal Idx V2: [1, 2, 3]


Cat Dims V2 : [5, 7, 8]
Cat Idx V2 : [1, 2, 3] 
 

Train: [[0.6109382040777849 4.0 5.0 2.0 1.0117335995303174]
 [-1.2044798028572623 2.0 3.0 6.0 -0.16481653598763063]
 [0.4631716221179553 3.0 2.0 4.0 0.11201879001659097]
 [0.8431428328718023 4.0 4.0 5.0 1.0117335995303174]
 [-0.21233275255555067 1.0 4.0 7.0 0.2504364530187042]
 [1.476428184128214 4.0 1.0 5.0 -1.5489931660087435]
 [0.019871876238467166 1.0 3.0 3.0 -0.5108606934929089]
 [0.2520765050324848 1.0 1.0 3.0 0.04280995851553434]
 [-0.17011372913845652 4.0 6.0 5.0 1.0117335995303174]
 [1.5186472075453081 3.0 1.0 2.0 0.5272717790229259]] 
 
 
Val : (17261, 9) 
 

~~~~~~~~~~~~~~~~~~~~~~~~~~~~~~~~~~~~~~~~~~~~~~~~~~~~~~~~~~~~~~~~~~~~~~~~~~~~~~~
Cat Idx V3 : None 
 

ERROR during preprocessing in inner fold 3: 'NoneType' object is not iterable
Skipping inner fold 3 due to preprocessing error.
  outer_4_inner Fold 4/5
Before Debugging -- Inner Fold 4
DEBUG Inner Fold 4: num_features: 9
DEBUG Inner Fold 4: num_classes: 1
DEBUG Inner Fold 4: cat_idx: [0]
DEBUG Inner Fold 4: nominal_idx: None
DEBUG Inner Fold 4: ordinal_idx: [1, 2, 3]
DEBUG Inner Fold 4: num_idx: None
DEBUG Inner Fold 4: cat_dims: [2]
DEBUG Inner Fold 4: bin_alt: None
~~~~~~~~~~~~~~~~~~~~~~~~~~~~~~~~~~~~~~~~~~~~~~~~~~~~~~~~~~~~~~~~~~~~~~~~~~~~~~~
BEFORE ANY ENCODING
num_features :9
num_classes : 1
cat_idx : [0]
nominal_idx : None
ordinal_idx : [1, 2, 3]
num_idx : None
cat_dims : [2]
bin_alt : None 


X_train shape : (17261, 9)
~~~~~~~~~~~~~~~~~~~~~~~~~~~~~~~~~~~~~~~~~~~~~~~~~~~~~~~~~~~~~~~~~~~~~~~~~~~~~~~
~~~~~~~~~~~~~~~~~~~~~~~~~~~~~~~~~~~~~~~~~~~~~~~~~~~~~~~~~~~~~~~~~~~~~~~~~~~~~~~
AFTER getting cat idx
Nominal Index : None
Ordinal Index : [1, 2, 3]
Cat Idx : [0]
Cat dims : [2]
~~~~~~~~~~~~~~~~~~~~~~~~~~~~~~~~~~~~~~~~~~~~~~~~~~~~~~~~~~~~~~~~~~~~~~~~~~~~~~~
BEFORE getting cat idx
Nominal Index : None
Ordinal Index : [1, 2, 3]
Cat Idx : [1, 2, 3]
Cat dims : []
No one Hot for this Baby!!! 

~~~~~~~~~~~~~~~~~~~~~~~~~~~~~~~~~~~~~~~~~~~~~~~~~~~~~~~~~~~~~~~~~~~~~~~~~~~~~~~ 


AFTER SEPARATING CATEGORICALS AND NUMERICALS
Ordinal Index : [1, 2, 3]
Numerical Index V1 : [0, 4, 5, 6, 7, 8]
Cat Idx V1 : [1, 2, 3] 
Cat Dims V1 : [5, 7, 8]
 

~~~~~~~~~~~~~~~~~~~~~~~~~~~~~~~~~~~~~~~~~~~~~~~~~~~~~~~~~~~~~~~~~~~~~~~~~~~~~~~ 


Scaling the data...
~~~~~~~~~~~~~~~~~~~~~~~~~~~~~~~~~~~~~~~~~~~~~~~~~~~~~~~~~~~~~~~~~~~~~~~~~~~~~~~
After OHE
Numerical Index V2 : [0, 4, 5, 6, 7, 8] 


OHE Idx : None


Ordinal Idx V2: [1, 2, 3]


Cat Dims V2 : [5, 7, 8]
Cat Idx V2 : [1, 2, 3] 
 

Train: [[0.6125849979964727 4.0 5.0 2.0 1.0003980256446436]
 [-1.1997198902296093 2.0 3.0 6.0 -0.1716044155507287]
 [0.46507180941993104 3.0 2.0 4.0 0.10416086473053394]
 [0.8443914371881805 4.0 4.0 5.0 1.0003980256446436]
 [-0.20927419550140183 1.0 4.0 7.0 0.24204350487116771]
 [1.4765908168019302 4.0 1.0 5.0 -1.5504308169570469]
 [0.2543386828820146 1.0 1.0 3.0 0.03521954466021706]
 [-0.1671275701938185 4.0 6.0 5.0 1.0003980256446436]
 [1.5187374421095134 3.0 1.0 2.0 0.5178087851524303]
 [-1.031133388999276 2.0 4.0 5.0 0.3109848249414846]] 
 
 
Val : (17261, 9) 
 

~~~~~~~~~~~~~~~~~~~~~~~~~~~~~~~~~~~~~~~~~~~~~~~~~~~~~~~~~~~~~~~~~~~~~~~~~~~~~~~
Cat Idx V3 : None 
 

ERROR during preprocessing in inner fold 4: 'NoneType' object is not iterable
Skipping inner fold 4 due to preprocessing error.
  outer_4_inner Fold 5/5
Before Debugging -- Inner Fold 5
DEBUG Inner Fold 5: num_features: 9
DEBUG Inner Fold 5: num_classes: 1
DEBUG Inner Fold 5: cat_idx: [0]
DEBUG Inner Fold 5: nominal_idx: None
DEBUG Inner Fold 5: ordinal_idx: [1, 2, 3]
DEBUG Inner Fold 5: num_idx: None
DEBUG Inner Fold 5: cat_dims: [2]
DEBUG Inner Fold 5: bin_alt: None
~~~~~~~~~~~~~~~~~~~~~~~~~~~~~~~~~~~~~~~~~~~~~~~~~~~~~~~~~~~~~~~~~~~~~~~~~~~~~~~
BEFORE ANY ENCODING
num_features :9
num_classes : 1
cat_idx : [0]
nominal_idx : None
ordinal_idx : [1, 2, 3]
num_idx : None
cat_dims : [2]
bin_alt : None 


X_train shape : (17261, 9)
~~~~~~~~~~~~~~~~~~~~~~~~~~~~~~~~~~~~~~~~~~~~~~~~~~~~~~~~~~~~~~~~~~~~~~~~~~~~~~~
~~~~~~~~~~~~~~~~~~~~~~~~~~~~~~~~~~~~~~~~~~~~~~~~~~~~~~~~~~~~~~~~~~~~~~~~~~~~~~~
AFTER getting cat idx
Nominal Index : None
Ordinal Index : [1, 2, 3]
Cat Idx : [0]
Cat dims : [2]
~~~~~~~~~~~~~~~~~~~~~~~~~~~~~~~~~~~~~~~~~~~~~~~~~~~~~~~~~~~~~~~~~~~~~~~~~~~~~~~
BEFORE getting cat idx
Nominal Index : None
Ordinal Index : [1, 2, 3]
Cat Idx : [1, 2, 3]
Cat dims : []
No one Hot for this Baby!!! 

~~~~~~~~~~~~~~~~~~~~~~~~~~~~~~~~~~~~~~~~~~~~~~~~~~~~~~~~~~~~~~~~~~~~~~~~~~~~~~~ 


AFTER SEPARATING CATEGORICALS AND NUMERICALS
Ordinal Index : [1, 2, 3]
Numerical Index V1 : [0, 4, 5, 6, 7, 8]
Cat Idx V1 : [1, 2, 3] 
Cat Dims V1 : [5, 7, 8]
 

~~~~~~~~~~~~~~~~~~~~~~~~~~~~~~~~~~~~~~~~~~~~~~~~~~~~~~~~~~~~~~~~~~~~~~~~~~~~~~~ 


Scaling the data...
~~~~~~~~~~~~~~~~~~~~~~~~~~~~~~~~~~~~~~~~~~~~~~~~~~~~~~~~~~~~~~~~~~~~~~~~~~~~~~~
After OHE
Numerical Index V2 : [0, 4, 5, 6, 7, 8] 


OHE Idx : None


Ordinal Idx V2: [1, 2, 3]


Cat Dims V2 : [5, 7, 8]
Cat Idx V2 : [1, 2, 3] 
 

Train: [[0.4687592703832853 3.0 2.0 4.0 0.10755254250566874]
 [-0.20708885575152014 1.0 4.0 7.0 0.24502260331431983]
 [0.025233937607319384 1.0 3.0 3.0 -0.5110627311332514]
 [0.25755673096615866 1.0 1.0 3.0 0.038817512101343196]
 [-0.16484834786809477 4.0 6.0 5.0 1.001107937761891]
 [-0.03812682421781867 4.0 3.0 2.0 0.86363787695324]
 [0.6799618098004121 3.0 3.0 3.0 -0.5110627311332514]
 [-0.52389266487721 1.0 4.0 2.0 1.2760480593791883]
 [-0.18596860180980745 3.0 0.0 4.0 -2.504378612858663]
 [-0.6294939345857734 4.0 3.0 2.0 -1.679558248006771]] 
 
 
Val : (17261, 9) 
 

~~~~~~~~~~~~~~~~~~~~~~~~~~~~~~~~~~~~~~~~~~~~~~~~~~~~~~~~~~~~~~~~~~~~~~~~~~~~~~~
Cat Idx V3 : None 
 

ERROR during preprocessing in inner fold 5: 'NoneType' object is not iterable
Skipping inner fold 5 due to preprocessing error.
Warning: No inner folds completed successfully for HPO trial.
ERROR saving hyperparameters to file coz inner_cs issues: 'float' object has no attribute 'get_results'
  outer_4_inner Fold 1/5
Before Debugging -- Inner Fold 1
DEBUG Inner Fold 1: num_features: 9
DEBUG Inner Fold 1: num_classes: 1
DEBUG Inner Fold 1: cat_idx: [0]
DEBUG Inner Fold 1: nominal_idx: None
DEBUG Inner Fold 1: ordinal_idx: [1, 2, 3]
DEBUG Inner Fold 1: num_idx: None
DEBUG Inner Fold 1: cat_dims: [2]
DEBUG Inner Fold 1: bin_alt: None
~~~~~~~~~~~~~~~~~~~~~~~~~~~~~~~~~~~~~~~~~~~~~~~~~~~~~~~~~~~~~~~~~~~~~~~~~~~~~~~
BEFORE ANY ENCODING
num_features :9
num_classes : 1
cat_idx : [0]
nominal_idx : None
ordinal_idx : [1, 2, 3]
num_idx : None
cat_dims : [2]
bin_alt : None 


X_train shape : (17260, 9)
~~~~~~~~~~~~~~~~~~~~~~~~~~~~~~~~~~~~~~~~~~~~~~~~~~~~~~~~~~~~~~~~~~~~~~~~~~~~~~~
~~~~~~~~~~~~~~~~~~~~~~~~~~~~~~~~~~~~~~~~~~~~~~~~~~~~~~~~~~~~~~~~~~~~~~~~~~~~~~~
AFTER getting cat idx
Nominal Index : None
Ordinal Index : [1, 2, 3]
Cat Idx : [0]
Cat dims : [2]
~~~~~~~~~~~~~~~~~~~~~~~~~~~~~~~~~~~~~~~~~~~~~~~~~~~~~~~~~~~~~~~~~~~~~~~~~~~~~~~
BEFORE getting cat idx
Nominal Index : None
Ordinal Index : [1, 2, 3]
Cat Idx : [1, 2, 3]
Cat dims : []
No one Hot for this Baby!!! 

~~~~~~~~~~~~~~~~~~~~~~~~~~~~~~~~~~~~~~~~~~~~~~~~~~~~~~~~~~~~~~~~~~~~~~~~~~~~~~~ 


AFTER SEPARATING CATEGORICALS AND NUMERICALS
Ordinal Index : [1, 2, 3]
Numerical Index V1 : [0, 4, 5, 6, 7, 8]
Cat Idx V1 : [1, 2, 3] 
Cat Dims V1 : [5, 7, 8]
 

~~~~~~~~~~~~~~~~~~~~~~~~~~~~~~~~~~~~~~~~~~~~~~~~~~~~~~~~~~~~~~~~~~~~~~~~~~~~~~~ 


Scaling the data...
~~~~~~~~~~~~~~~~~~~~~~~~~~~~~~~~~~~~~~~~~~~~~~~~~~~~~~~~~~~~~~~~~~~~~~~~~~~~~~~
After OHE
Numerical Index V2 : [0, 4, 5, 6, 7, 8] 


OHE Idx : None


Ordinal Idx V2: [1, 2, 3]


Cat Dims V2 : [5, 7, 8]
Cat Idx V2 : [1, 2, 3] 
 

Train: [[0.6056122183850853 4.0 5.0 2.0 1.0026432502504303]
 [-1.2074014203259351 2.0 3.0 6.0 -0.17231085112176278]
 [0.8375093117085876 4.0 4.0 5.0 1.0026432502504303]
 [-0.21656838521642416 1.0 4.0 7.0 0.24237883171548216]
 [1.4699559298635947 4.0 1.0 5.0 -1.554609793912576]
 [0.01532870810707863 1.0 3.0 3.0 -0.5178855868194661]
 [-0.17440527733942365 4.0 6.0 5.0 1.0026432502504303]
 [1.5121190377405953 3.0 1.0 2.0 0.5188386202736438]
 [-0.04791595370842213 4.0 3.0 2.0 0.8644133559713472]
 [-1.0387489888179333 2.0 4.0 5.0 0.31149377885502383]] 
 
 
Val : (17260, 9) 
 

~~~~~~~~~~~~~~~~~~~~~~~~~~~~~~~~~~~~~~~~~~~~~~~~~~~~~~~~~~~~~~~~~~~~~~~~~~~~~~~
Cat Idx V3 : None 
 

ERROR during preprocessing in inner fold 1: 'NoneType' object is not iterable
Skipping inner fold 1 due to preprocessing error.
  outer_4_inner Fold 2/5
Before Debugging -- Inner Fold 2
DEBUG Inner Fold 2: num_features: 9
DEBUG Inner Fold 2: num_classes: 1
DEBUG Inner Fold 2: cat_idx: [0]
DEBUG Inner Fold 2: nominal_idx: None
DEBUG Inner Fold 2: ordinal_idx: [1, 2, 3]
DEBUG Inner Fold 2: num_idx: None
DEBUG Inner Fold 2: cat_dims: [2]
DEBUG Inner Fold 2: bin_alt: None
~~~~~~~~~~~~~~~~~~~~~~~~~~~~~~~~~~~~~~~~~~~~~~~~~~~~~~~~~~~~~~~~~~~~~~~~~~~~~~~
BEFORE ANY ENCODING
num_features :9
num_classes : 1
cat_idx : [0]
nominal_idx : None
ordinal_idx : [1, 2, 3]
num_idx : None
cat_dims : [2]
bin_alt : None 


X_train shape : (17261, 9)
~~~~~~~~~~~~~~~~~~~~~~~~~~~~~~~~~~~~~~~~~~~~~~~~~~~~~~~~~~~~~~~~~~~~~~~~~~~~~~~
~~~~~~~~~~~~~~~~~~~~~~~~~~~~~~~~~~~~~~~~~~~~~~~~~~~~~~~~~~~~~~~~~~~~~~~~~~~~~~~
AFTER getting cat idx
Nominal Index : None
Ordinal Index : [1, 2, 3]
Cat Idx : [0]
Cat dims : [2]
~~~~~~~~~~~~~~~~~~~~~~~~~~~~~~~~~~~~~~~~~~~~~~~~~~~~~~~~~~~~~~~~~~~~~~~~~~~~~~~
BEFORE getting cat idx
Nominal Index : None
Ordinal Index : [1, 2, 3]
Cat Idx : [1, 2, 3]
Cat dims : []
No one Hot for this Baby!!! 

~~~~~~~~~~~~~~~~~~~~~~~~~~~~~~~~~~~~~~~~~~~~~~~~~~~~~~~~~~~~~~~~~~~~~~~~~~~~~~~ 


AFTER SEPARATING CATEGORICALS AND NUMERICALS
Ordinal Index : [1, 2, 3]
Numerical Index V1 : [0, 4, 5, 6, 7, 8]
Cat Idx V1 : [1, 2, 3] 
Cat Dims V1 : [5, 7, 8]
 

~~~~~~~~~~~~~~~~~~~~~~~~~~~~~~~~~~~~~~~~~~~~~~~~~~~~~~~~~~~~~~~~~~~~~~~~~~~~~~~ 


Scaling the data...
~~~~~~~~~~~~~~~~~~~~~~~~~~~~~~~~~~~~~~~~~~~~~~~~~~~~~~~~~~~~~~~~~~~~~~~~~~~~~~~
After OHE
Numerical Index V2 : [0, 4, 5, 6, 7, 8] 


OHE Idx : None


Ordinal Idx V2: [1, 2, 3]


Cat Dims V2 : [5, 7, 8]
Cat Idx V2 : [1, 2, 3] 
 

Train: [[0.607785970610672 4.0 5.0 2.0 1.0121977008062089]
 [-1.2053462121385907 2.0 3.0 6.0 -0.16941101609055764]
 [0.4602054441078249 3.0 2.0 4.0 0.10861456435573892]
 [0.8396982265437168 4.0 4.0 5.0 1.0121977008062089]
 [1.472186197270204 4.0 1.0 5.0 -1.5595389183220454]
 [0.017463864599284118 1.0 3.0 3.0 -0.5169429916484296]
 [0.2493761205323293 1.0 1.0 3.0 0.03910816924416355]
 [1.514352061985303 3.0 1.0 2.0 0.5256529350251863]
 [-0.04578493247336463 4.0 3.0 2.0 0.8731849105830582]
 [-1.0366827532781941 2.0 4.0 5.0 0.31713374969046504]] 
 
 
Val : (17261, 9) 
 

~~~~~~~~~~~~~~~~~~~~~~~~~~~~~~~~~~~~~~~~~~~~~~~~~~~~~~~~~~~~~~~~~~~~~~~~~~~~~~~
Cat Idx V3 : None 
 

ERROR during preprocessing in inner fold 2: 'NoneType' object is not iterable
Skipping inner fold 2 due to preprocessing error.
  outer_4_inner Fold 3/5
Before Debugging -- Inner Fold 3
DEBUG Inner Fold 3: num_features: 9
DEBUG Inner Fold 3: num_classes: 1
DEBUG Inner Fold 3: cat_idx: [0]
DEBUG Inner Fold 3: nominal_idx: None
DEBUG Inner Fold 3: ordinal_idx: [1, 2, 3]
DEBUG Inner Fold 3: num_idx: None
DEBUG Inner Fold 3: cat_dims: [2]
DEBUG Inner Fold 3: bin_alt: None
~~~~~~~~~~~~~~~~~~~~~~~~~~~~~~~~~~~~~~~~~~~~~~~~~~~~~~~~~~~~~~~~~~~~~~~~~~~~~~~
BEFORE ANY ENCODING
num_features :9
num_classes : 1
cat_idx : [0]
nominal_idx : None
ordinal_idx : [1, 2, 3]
num_idx : None
cat_dims : [2]
bin_alt : None 


X_train shape : (17261, 9)
~~~~~~~~~~~~~~~~~~~~~~~~~~~~~~~~~~~~~~~~~~~~~~~~~~~~~~~~~~~~~~~~~~~~~~~~~~~~~~~
~~~~~~~~~~~~~~~~~~~~~~~~~~~~~~~~~~~~~~~~~~~~~~~~~~~~~~~~~~~~~~~~~~~~~~~~~~~~~~~
AFTER getting cat idx
Nominal Index : None
Ordinal Index : [1, 2, 3]
Cat Idx : [0]
Cat dims : [2]
~~~~~~~~~~~~~~~~~~~~~~~~~~~~~~~~~~~~~~~~~~~~~~~~~~~~~~~~~~~~~~~~~~~~~~~~~~~~~~~
BEFORE getting cat idx
Nominal Index : None
Ordinal Index : [1, 2, 3]
Cat Idx : [1, 2, 3]
Cat dims : []
No one Hot for this Baby!!! 

~~~~~~~~~~~~~~~~~~~~~~~~~~~~~~~~~~~~~~~~~~~~~~~~~~~~~~~~~~~~~~~~~~~~~~~~~~~~~~~ 


AFTER SEPARATING CATEGORICALS AND NUMERICALS
Ordinal Index : [1, 2, 3]
Numerical Index V1 : [0, 4, 5, 6, 7, 8]
Cat Idx V1 : [1, 2, 3] 
Cat Dims V1 : [5, 7, 8]
 

~~~~~~~~~~~~~~~~~~~~~~~~~~~~~~~~~~~~~~~~~~~~~~~~~~~~~~~~~~~~~~~~~~~~~~~~~~~~~~~ 


Scaling the data...
~~~~~~~~~~~~~~~~~~~~~~~~~~~~~~~~~~~~~~~~~~~~~~~~~~~~~~~~~~~~~~~~~~~~~~~~~~~~~~~
After OHE
Numerical Index V2 : [0, 4, 5, 6, 7, 8] 


OHE Idx : None


Ordinal Idx V2: [1, 2, 3]


Cat Dims V2 : [5, 7, 8]
Cat Idx V2 : [1, 2, 3] 
 

Train: [[0.6109382040777849 4.0 5.0 2.0 1.0117335995303174]
 [-1.2044798028572623 2.0 3.0 6.0 -0.16481653598763063]
 [0.4631716221179553 3.0 2.0 4.0 0.11201879001659097]
 [0.8431428328718023 4.0 4.0 5.0 1.0117335995303174]
 [-0.21233275255555067 1.0 4.0 7.0 0.2504364530187042]
 [1.476428184128214 4.0 1.0 5.0 -1.5489931660087435]
 [0.019871876238467166 1.0 3.0 3.0 -0.5108606934929089]
 [0.2520765050324848 1.0 1.0 3.0 0.04280995851553434]
 [-0.17011372913845652 4.0 6.0 5.0 1.0117335995303174]
 [1.5186472075453081 3.0 1.0 2.0 0.5272717790229259]] 
 
 
Val : (17261, 9) 
 

~~~~~~~~~~~~~~~~~~~~~~~~~~~~~~~~~~~~~~~~~~~~~~~~~~~~~~~~~~~~~~~~~~~~~~~~~~~~~~~
Cat Idx V3 : None 
 

ERROR during preprocessing in inner fold 3: 'NoneType' object is not iterable
Skipping inner fold 3 due to preprocessing error.
  outer_4_inner Fold 4/5
Before Debugging -- Inner Fold 4
DEBUG Inner Fold 4: num_features: 9
DEBUG Inner Fold 4: num_classes: 1
DEBUG Inner Fold 4: cat_idx: [0]
DEBUG Inner Fold 4: nominal_idx: None
DEBUG Inner Fold 4: ordinal_idx: [1, 2, 3]
DEBUG Inner Fold 4: num_idx: None
DEBUG Inner Fold 4: cat_dims: [2]
DEBUG Inner Fold 4: bin_alt: None
~~~~~~~~~~~~~~~~~~~~~~~~~~~~~~~~~~~~~~~~~~~~~~~~~~~~~~~~~~~~~~~~~~~~~~~~~~~~~~~
BEFORE ANY ENCODING
num_features :9
num_classes : 1
cat_idx : [0]
nominal_idx : None
ordinal_idx : [1, 2, 3]
num_idx : None
cat_dims : [2]
bin_alt : None 


X_train shape : (17261, 9)
~~~~~~~~~~~~~~~~~~~~~~~~~~~~~~~~~~~~~~~~~~~~~~~~~~~~~~~~~~~~~~~~~~~~~~~~~~~~~~~
~~~~~~~~~~~~~~~~~~~~~~~~~~~~~~~~~~~~~~~~~~~~~~~~~~~~~~~~~~~~~~~~~~~~~~~~~~~~~~~
AFTER getting cat idx
Nominal Index : None
Ordinal Index : [1, 2, 3]
Cat Idx : [0]
Cat dims : [2]
~~~~~~~~~~~~~~~~~~~~~~~~~~~~~~~~~~~~~~~~~~~~~~~~~~~~~~~~~~~~~~~~~~~~~~~~~~~~~~~
BEFORE getting cat idx
Nominal Index : None
Ordinal Index : [1, 2, 3]
Cat Idx : [1, 2, 3]
Cat dims : []
No one Hot for this Baby!!! 

~~~~~~~~~~~~~~~~~~~~~~~~~~~~~~~~~~~~~~~~~~~~~~~~~~~~~~~~~~~~~~~~~~~~~~~~~~~~~~~ 


AFTER SEPARATING CATEGORICALS AND NUMERICALS
Ordinal Index : [1, 2, 3]
Numerical Index V1 : [0, 4, 5, 6, 7, 8]
Cat Idx V1 : [1, 2, 3] 
Cat Dims V1 : [5, 7, 8]
 

~~~~~~~~~~~~~~~~~~~~~~~~~~~~~~~~~~~~~~~~~~~~~~~~~~~~~~~~~~~~~~~~~~~~~~~~~~~~~~~ 


Scaling the data...
~~~~~~~~~~~~~~~~~~~~~~~~~~~~~~~~~~~~~~~~~~~~~~~~~~~~~~~~~~~~~~~~~~~~~~~~~~~~~~~
After OHE
Numerical Index V2 : [0, 4, 5, 6, 7, 8] 


OHE Idx : None


Ordinal Idx V2: [1, 2, 3]


Cat Dims V2 : [5, 7, 8]
Cat Idx V2 : [1, 2, 3] 
 

Train: [[0.6125849979964727 4.0 5.0 2.0 1.0003980256446436]
 [-1.1997198902296093 2.0 3.0 6.0 -0.1716044155507287]
 [0.46507180941993104 3.0 2.0 4.0 0.10416086473053394]
 [0.8443914371881805 4.0 4.0 5.0 1.0003980256446436]
 [-0.20927419550140183 1.0 4.0 7.0 0.24204350487116771]
 [1.4765908168019302 4.0 1.0 5.0 -1.5504308169570469]
 [0.2543386828820146 1.0 1.0 3.0 0.03521954466021706]
 [-0.1671275701938185 4.0 6.0 5.0 1.0003980256446436]
 [1.5187374421095134 3.0 1.0 2.0 0.5178087851524303]
 [-1.031133388999276 2.0 4.0 5.0 0.3109848249414846]] 
 
 
Val : (17261, 9) 
 

~~~~~~~~~~~~~~~~~~~~~~~~~~~~~~~~~~~~~~~~~~~~~~~~~~~~~~~~~~~~~~~~~~~~~~~~~~~~~~~
Cat Idx V3 : None 
 

ERROR during preprocessing in inner fold 4: 'NoneType' object is not iterable
Skipping inner fold 4 due to preprocessing error.
  outer_4_inner Fold 5/5
Before Debugging -- Inner Fold 5
DEBUG Inner Fold 5: num_features: 9
DEBUG Inner Fold 5: num_classes: 1
DEBUG Inner Fold 5: cat_idx: [0]
DEBUG Inner Fold 5: nominal_idx: None
DEBUG Inner Fold 5: ordinal_idx: [1, 2, 3]
DEBUG Inner Fold 5: num_idx: None
DEBUG Inner Fold 5: cat_dims: [2]
DEBUG Inner Fold 5: bin_alt: None
~~~~~~~~~~~~~~~~~~~~~~~~~~~~~~~~~~~~~~~~~~~~~~~~~~~~~~~~~~~~~~~~~~~~~~~~~~~~~~~
BEFORE ANY ENCODING
num_features :9
num_classes : 1
cat_idx : [0]
nominal_idx : None
ordinal_idx : [1, 2, 3]
num_idx : None
cat_dims : [2]
bin_alt : None 


X_train shape : (17261, 9)
~~~~~~~~~~~~~~~~~~~~~~~~~~~~~~~~~~~~~~~~~~~~~~~~~~~~~~~~~~~~~~~~~~~~~~~~~~~~~~~
~~~~~~~~~~~~~~~~~~~~~~~~~~~~~~~~~~~~~~~~~~~~~~~~~~~~~~~~~~~~~~~~~~~~~~~~~~~~~~~
AFTER getting cat idx
Nominal Index : None
Ordinal Index : [1, 2, 3]
Cat Idx : [0]
Cat dims : [2]
~~~~~~~~~~~~~~~~~~~~~~~~~~~~~~~~~~~~~~~~~~~~~~~~~~~~~~~~~~~~~~~~~~~~~~~~~~~~~~~
BEFORE getting cat idx
Nominal Index : None
Ordinal Index : [1, 2, 3]
Cat Idx : [1, 2, 3]
Cat dims : []
No one Hot for this Baby!!! 

~~~~~~~~~~~~~~~~~~~~~~~~~~~~~~~~~~~~~~~~~~~~~~~~~~~~~~~~~~~~~~~~~~~~~~~~~~~~~~~ 


AFTER SEPARATING CATEGORICALS AND NUMERICALS
Ordinal Index : [1, 2, 3]
Numerical Index V1 : [0, 4, 5, 6, 7, 8]
Cat Idx V1 : [1, 2, 3] 
Cat Dims V1 : [5, 7, 8]
 

~~~~~~~~~~~~~~~~~~~~~~~~~~~~~~~~~~~~~~~~~~~~~~~~~~~~~~~~~~~~~~~~~~~~~~~~~~~~~~~ 


Scaling the data...
~~~~~~~~~~~~~~~~~~~~~~~~~~~~~~~~~~~~~~~~~~~~~~~~~~~~~~~~~~~~~~~~~~~~~~~~~~~~~~~
After OHE
Numerical Index V2 : [0, 4, 5, 6, 7, 8] 


OHE Idx : None


Ordinal Idx V2: [1, 2, 3]


Cat Dims V2 : [5, 7, 8]
Cat Idx V2 : [1, 2, 3] 
 

Train: [[0.4687592703832853 3.0 2.0 4.0 0.10755254250566874]
 [-0.20708885575152014 1.0 4.0 7.0 0.24502260331431983]
 [0.025233937607319384 1.0 3.0 3.0 -0.5110627311332514]
 [0.25755673096615866 1.0 1.0 3.0 0.038817512101343196]
 [-0.16484834786809477 4.0 6.0 5.0 1.001107937761891]
 [-0.03812682421781867 4.0 3.0 2.0 0.86363787695324]
 [0.6799618098004121 3.0 3.0 3.0 -0.5110627311332514]
 [-0.52389266487721 1.0 4.0 2.0 1.2760480593791883]
 [-0.18596860180980745 3.0 0.0 4.0 -2.504378612858663]
 [-0.6294939345857734 4.0 3.0 2.0 -1.679558248006771]] 
 
 
Val : (17261, 9) 
 

~~~~~~~~~~~~~~~~~~~~~~~~~~~~~~~~~~~~~~~~~~~~~~~~~~~~~~~~~~~~~~~~~~~~~~~~~~~~~~~
Cat Idx V3 : None 
 

ERROR during preprocessing in inner fold 5: 'NoneType' object is not iterable
Skipping inner fold 5 due to preprocessing error.
Warning: No inner folds completed successfully for HPO trial.
ERROR saving hyperparameters to file coz inner_cs issues: 'float' object has no attribute 'get_results'
Best Hyperparameters found for Outer Fold 4: {'learning_rate': 0.08056042898820634, 'max_depth': 3, 'l2_leaf_reg': 3.688330021150628}
Best Inner CV Score : 0.0000
Hyperparameter Optimization for Outer Fold 4 finished in 0.85 seconds.
Before Debugging -- Outer Fold 4
DEBUG Outer Fold 4: num_features: 9
DEBUG Outer Fold 4: num_classes: 1
DEBUG Outer Fold 4: cat_idx: [0]
DEBUG Outer Fold 4: nominal_idx: None
DEBUG Outer Fold 4: ordinal_idx: [1, 2, 3]
DEBUG Outer Fold 4: num_idx: None
DEBUG Outer Fold 4: cat_dims: [2]
DEBUG Outer Fold 4: bin_alt: None
~~~~~~~~~~~~~~~~~~~~~~~~~~~~~~~~~~~~~~~~~~~~~~~~~~~~~~~~~~~~~~~~~~~~~~~~~~~~~~~
BEFORE ANY ENCODING
num_features :9
num_classes : 1
cat_idx : [0]
nominal_idx : None
ordinal_idx : [1, 2, 3]
num_idx : None
cat_dims : [2]
bin_alt : None 


X_train shape : (21576, 9)
~~~~~~~~~~~~~~~~~~~~~~~~~~~~~~~~~~~~~~~~~~~~~~~~~~~~~~~~~~~~~~~~~~~~~~~~~~~~~~~
~~~~~~~~~~~~~~~~~~~~~~~~~~~~~~~~~~~~~~~~~~~~~~~~~~~~~~~~~~~~~~~~~~~~~~~~~~~~~~~
AFTER getting cat idx
Nominal Index : None
Ordinal Index : [1, 2, 3]
Cat Idx : [0]
Cat dims : [2]
~~~~~~~~~~~~~~~~~~~~~~~~~~~~~~~~~~~~~~~~~~~~~~~~~~~~~~~~~~~~~~~~~~~~~~~~~~~~~~~
BEFORE getting cat idx
Nominal Index : None
Ordinal Index : [1, 2, 3]
Cat Idx : [1, 2, 3]
Cat dims : []
No one Hot for this Baby!!! 

~~~~~~~~~~~~~~~~~~~~~~~~~~~~~~~~~~~~~~~~~~~~~~~~~~~~~~~~~~~~~~~~~~~~~~~~~~~~~~~ 


AFTER SEPARATING CATEGORICALS AND NUMERICALS
Ordinal Index : [1, 2, 3]
Numerical Index V1 : [0, 4, 5, 6, 7, 8]
Cat Idx V1 : [1, 2, 3] 
Cat Dims V1 : [5, 7, 8]
 

~~~~~~~~~~~~~~~~~~~~~~~~~~~~~~~~~~~~~~~~~~~~~~~~~~~~~~~~~~~~~~~~~~~~~~~~~~~~~~~ 


Scaling the data...
~~~~~~~~~~~~~~~~~~~~~~~~~~~~~~~~~~~~~~~~~~~~~~~~~~~~~~~~~~~~~~~~~~~~~~~~~~~~~~~
After OHE
Numerical Index V2 : [0, 4, 5, 6, 7, 8] 


OHE Idx : None


Ordinal Idx V2: [1, 2, 3]


Cat Dims V2 : [5, 7, 8]
Cat Idx V2 : [1, 2, 3] 
 

Train: [[0.6106985163032131 4.0 5.0 2.0 1.0055883487704447]
 [-1.2033304175167736 2.0 3.0 6.0 -0.1691043536156425]
 [0.4630449984341444 3.0 2.0 4.0 0.10729392929872952]
 [0.8427254729546065 4.0 4.0 5.0 1.0055883487704447]
 [-0.21194251182445542 1.0 4.0 7.0 0.24549307075591797]
 [1.4755262638220439 4.0 1.0 5.0 -1.5510957681875075]
 [0.020084444826938424 1.0 3.0 3.0 -0.5146022072586087]
 [0.25211140147833205 1.0 1.0 3.0 0.03819435857013529]
 [-0.16975579243329292 4.0 6.0 5.0 1.0055883487704447]
 [1.5177129832132064 3.0 1.0 2.0 0.52189135367029]] 
 
 
Val : (21576, 9) 
 

~~~~~~~~~~~~~~~~~~~~~~~~~~~~~~~~~~~~~~~~~~~~~~~~~~~~~~~~~~~~~~~~~~~~~~~~~~~~~~~
Cat Idx V3 : None 
 

ERROR during preprocessing for final model training in outer fold 4: 'NoneType' object is not iterable
Skipping outer fold 4 due to preprocessing error.

--- Outer Fold 5/2 ---
Starting Hyperparameter Optimization for Outer Fold 5...
  outer_5_inner Fold 1/5
Before Debugging -- Inner Fold 1
DEBUG Inner Fold 1: num_features: 9
DEBUG Inner Fold 1: num_classes: 1
DEBUG Inner Fold 1: cat_idx: [0]
DEBUG Inner Fold 1: nominal_idx: None
DEBUG Inner Fold 1: ordinal_idx: [1, 2, 3]
DEBUG Inner Fold 1: num_idx: None
DEBUG Inner Fold 1: cat_dims: [2]
DEBUG Inner Fold 1: bin_alt: None
~~~~~~~~~~~~~~~~~~~~~~~~~~~~~~~~~~~~~~~~~~~~~~~~~~~~~~~~~~~~~~~~~~~~~~~~~~~~~~~
BEFORE ANY ENCODING
num_features :9
num_classes : 1
cat_idx : [0]
nominal_idx : None
ordinal_idx : [1, 2, 3]
num_idx : None
cat_dims : [2]
bin_alt : None 


X_train shape : (17260, 9)
~~~~~~~~~~~~~~~~~~~~~~~~~~~~~~~~~~~~~~~~~~~~~~~~~~~~~~~~~~~~~~~~~~~~~~~~~~~~~~~
~~~~~~~~~~~~~~~~~~~~~~~~~~~~~~~~~~~~~~~~~~~~~~~~~~~~~~~~~~~~~~~~~~~~~~~~~~~~~~~
AFTER getting cat idx
Nominal Index : None
Ordinal Index : [1, 2, 3]
Cat Idx : [0]
Cat dims : [2]
~~~~~~~~~~~~~~~~~~~~~~~~~~~~~~~~~~~~~~~~~~~~~~~~~~~~~~~~~~~~~~~~~~~~~~~~~~~~~~~
BEFORE getting cat idx
Nominal Index : None
Ordinal Index : [1, 2, 3]
Cat Idx : [1, 2, 3]
Cat dims : []
No one Hot for this Baby!!! 

~~~~~~~~~~~~~~~~~~~~~~~~~~~~~~~~~~~~~~~~~~~~~~~~~~~~~~~~~~~~~~~~~~~~~~~~~~~~~~~ 


AFTER SEPARATING CATEGORICALS AND NUMERICALS
Ordinal Index : [1, 2, 3]
Numerical Index V1 : [0, 4, 5, 6, 7, 8]
Cat Idx V1 : [1, 2, 3] 
Cat Dims V1 : [5, 7, 8]
 

~~~~~~~~~~~~~~~~~~~~~~~~~~~~~~~~~~~~~~~~~~~~~~~~~~~~~~~~~~~~~~~~~~~~~~~~~~~~~~~ 


Scaling the data...
~~~~~~~~~~~~~~~~~~~~~~~~~~~~~~~~~~~~~~~~~~~~~~~~~~~~~~~~~~~~~~~~~~~~~~~~~~~~~~~
After OHE
Numerical Index V2 : [0, 4, 5, 6, 7, 8] 


OHE Idx : None


Ordinal Idx V2: [1, 2, 3]


Cat Dims V2 : [5, 7, 8]
Cat Idx V2 : [1, 2, 3] 
 

Train: [[0.45969704050202614 3.0 2.0 4.0 0.10607409954764287]
 [-0.21423325561359347 1.0 4.0 7.0 0.24357092341398656]
 [0.017430283676150928 1.0 3.0 3.0 -0.5126616078508939]
 [0.24909382296589508 1.0 1.0 3.0 0.03732568761447103]
 [0.438636718748413 3.0 1.0 4.0 -0.6501584317172376]
 [-0.04575068158468845 4.0 3.0 2.0 0.8623066308125233]
 [-0.5301380819177899 1.0 4.0 2.0 1.2747971024115494]
 [-0.19317293385998033 3.0 0.0 4.0 -2.506365553912848]
 [-0.0878713250919147 1.0 0.0 5.0 1.2060486904783776]
 [-0.6354396906858555 4.0 3.0 2.0 -1.6813846107148005]] 
 
 
Val : (17260, 9) 
 

~~~~~~~~~~~~~~~~~~~~~~~~~~~~~~~~~~~~~~~~~~~~~~~~~~~~~~~~~~~~~~~~~~~~~~~~~~~~~~~
Cat Idx V3 : None 
 

ERROR during preprocessing in inner fold 1: 'NoneType' object is not iterable
Skipping inner fold 1 due to preprocessing error.
  outer_5_inner Fold 2/5
Before Debugging -- Inner Fold 2
DEBUG Inner Fold 2: num_features: 9
DEBUG Inner Fold 2: num_classes: 1
DEBUG Inner Fold 2: cat_idx: [0]
DEBUG Inner Fold 2: nominal_idx: None
DEBUG Inner Fold 2: ordinal_idx: [1, 2, 3]
DEBUG Inner Fold 2: num_idx: None
DEBUG Inner Fold 2: cat_dims: [2]
DEBUG Inner Fold 2: bin_alt: None
~~~~~~~~~~~~~~~~~~~~~~~~~~~~~~~~~~~~~~~~~~~~~~~~~~~~~~~~~~~~~~~~~~~~~~~~~~~~~~~
BEFORE ANY ENCODING
num_features :9
num_classes : 1
cat_idx : [0]
nominal_idx : None
ordinal_idx : [1, 2, 3]
num_idx : None
cat_dims : [2]
bin_alt : None 


X_train shape : (17261, 9)
~~~~~~~~~~~~~~~~~~~~~~~~~~~~~~~~~~~~~~~~~~~~~~~~~~~~~~~~~~~~~~~~~~~~~~~~~~~~~~~
~~~~~~~~~~~~~~~~~~~~~~~~~~~~~~~~~~~~~~~~~~~~~~~~~~~~~~~~~~~~~~~~~~~~~~~~~~~~~~~
AFTER getting cat idx
Nominal Index : None
Ordinal Index : [1, 2, 3]
Cat Idx : [0]
Cat dims : [2]
~~~~~~~~~~~~~~~~~~~~~~~~~~~~~~~~~~~~~~~~~~~~~~~~~~~~~~~~~~~~~~~~~~~~~~~~~~~~~~~
BEFORE getting cat idx
Nominal Index : None
Ordinal Index : [1, 2, 3]
Cat Idx : [1, 2, 3]
Cat dims : []
No one Hot for this Baby!!! 

~~~~~~~~~~~~~~~~~~~~~~~~~~~~~~~~~~~~~~~~~~~~~~~~~~~~~~~~~~~~~~~~~~~~~~~~~~~~~~~ 


AFTER SEPARATING CATEGORICALS AND NUMERICALS
Ordinal Index : [1, 2, 3]
Numerical Index V1 : [0, 4, 5, 6, 7, 8]
Cat Idx V1 : [1, 2, 3] 
Cat Dims V1 : [5, 7, 8]
 

~~~~~~~~~~~~~~~~~~~~~~~~~~~~~~~~~~~~~~~~~~~~~~~~~~~~~~~~~~~~~~~~~~~~~~~~~~~~~~~ 


Scaling the data...
~~~~~~~~~~~~~~~~~~~~~~~~~~~~~~~~~~~~~~~~~~~~~~~~~~~~~~~~~~~~~~~~~~~~~~~~~~~~~~~
After OHE
Numerical Index V2 : [0, 4, 5, 6, 7, 8] 


OHE Idx : None


Ordinal Idx V2: [1, 2, 3]


Cat Dims V2 : [5, 7, 8]
Cat Idx V2 : [1, 2, 3] 
 

Train: [[0.46211154148056705 3.0 2.0 4.0 0.10862096508842112]
 [-0.21258787265656273 1.0 4.0 7.0 0.24665427719850883]
 [-0.6131906498004833 2.0 2.0 5.0 -0.7885955636271343]
 [0.019340050953075796 1.0 3.0 3.0 -0.5125289394069638]
 [0.4410271847887817 3.0 1.0 4.0 -0.6505622515170515]
 [-0.04391301912228016 4.0 3.0 2.0 0.8678041816938937]
 [-1.0348777836361893 2.0 4.0 5.0 0.31567093325355267]
 [-0.1915035159647774 3.0 0.0 4.0 -2.5140119650032062]
 [-0.08608173250585081 1.0 0.0 5.0 1.2128874619691081]
 [-0.6342750064922686 4.0 3.0 2.0 -1.6858120923426947]] 
 
 
Val : (17261, 9) 
 

~~~~~~~~~~~~~~~~~~~~~~~~~~~~~~~~~~~~~~~~~~~~~~~~~~~~~~~~~~~~~~~~~~~~~~~~~~~~~~~
Cat Idx V3 : None 
 

ERROR during preprocessing in inner fold 2: 'NoneType' object is not iterable
Skipping inner fold 2 due to preprocessing error.
  outer_5_inner Fold 3/5
Before Debugging -- Inner Fold 3
DEBUG Inner Fold 3: num_features: 9
DEBUG Inner Fold 3: num_classes: 1
DEBUG Inner Fold 3: cat_idx: [0]
DEBUG Inner Fold 3: nominal_idx: None
DEBUG Inner Fold 3: ordinal_idx: [1, 2, 3]
DEBUG Inner Fold 3: num_idx: None
DEBUG Inner Fold 3: cat_dims: [2]
DEBUG Inner Fold 3: bin_alt: None
~~~~~~~~~~~~~~~~~~~~~~~~~~~~~~~~~~~~~~~~~~~~~~~~~~~~~~~~~~~~~~~~~~~~~~~~~~~~~~~
BEFORE ANY ENCODING
num_features :9
num_classes : 1
cat_idx : [0]
nominal_idx : None
ordinal_idx : [1, 2, 3]
num_idx : None
cat_dims : [2]
bin_alt : None 


X_train shape : (17261, 9)
~~~~~~~~~~~~~~~~~~~~~~~~~~~~~~~~~~~~~~~~~~~~~~~~~~~~~~~~~~~~~~~~~~~~~~~~~~~~~~~
~~~~~~~~~~~~~~~~~~~~~~~~~~~~~~~~~~~~~~~~~~~~~~~~~~~~~~~~~~~~~~~~~~~~~~~~~~~~~~~
AFTER getting cat idx
Nominal Index : None
Ordinal Index : [1, 2, 3]
Cat Idx : [0]
Cat dims : [2]
~~~~~~~~~~~~~~~~~~~~~~~~~~~~~~~~~~~~~~~~~~~~~~~~~~~~~~~~~~~~~~~~~~~~~~~~~~~~~~~
BEFORE getting cat idx
Nominal Index : None
Ordinal Index : [1, 2, 3]
Cat Idx : [1, 2, 3]
Cat dims : []
No one Hot for this Baby!!! 

~~~~~~~~~~~~~~~~~~~~~~~~~~~~~~~~~~~~~~~~~~~~~~~~~~~~~~~~~~~~~~~~~~~~~~~~~~~~~~~ 


AFTER SEPARATING CATEGORICALS AND NUMERICALS
Ordinal Index : [1, 2, 3]
Numerical Index V1 : [0, 4, 5, 6, 7, 8]
Cat Idx V1 : [1, 2, 3] 
Cat Dims V1 : [5, 7, 8]
 

~~~~~~~~~~~~~~~~~~~~~~~~~~~~~~~~~~~~~~~~~~~~~~~~~~~~~~~~~~~~~~~~~~~~~~~~~~~~~~~ 


Scaling the data...
~~~~~~~~~~~~~~~~~~~~~~~~~~~~~~~~~~~~~~~~~~~~~~~~~~~~~~~~~~~~~~~~~~~~~~~~~~~~~~~
After OHE
Numerical Index V2 : [0, 4, 5, 6, 7, 8] 


OHE Idx : None


Ordinal Idx V2: [1, 2, 3]


Cat Dims V2 : [5, 7, 8]
Cat Idx V2 : [1, 2, 3] 
 

Train: [[0.4607056057947172 3.0 2.0 4.0 0.11394918249533156]
 [-0.2147675110231812 1.0 4.0 7.0 0.25175803441699385]
 [-0.6158296741338082 2.0 2.0 5.0 -0.7818083549954588]
 [0.017426372882971525 1.0 3.0 3.0 -0.506190651152139]
 [0.24962025678912403 1.0 1.0 3.0 0.04504475653450041]
 [0.43959707089415784 3.0 1.0 4.0 -0.6439995030738014]
 [-0.04589923181870649 4.0 3.0 2.0 0.8718978680644645]
 [-1.0380003721449946 2.0 4.0 5.0 0.32066246037782503]
 [-0.5313955345315708 1.0 4.0 2.0 1.2853244238294466]
 [-0.19365897612262187 3.0 0.0 4.0 -2.504419004016213]] 
 
 
Val : (17261, 9) 
 

~~~~~~~~~~~~~~~~~~~~~~~~~~~~~~~~~~~~~~~~~~~~~~~~~~~~~~~~~~~~~~~~~~~~~~~~~~~~~~~
Cat Idx V3 : None 
 

ERROR during preprocessing in inner fold 3: 'NoneType' object is not iterable
Skipping inner fold 3 due to preprocessing error.
  outer_5_inner Fold 4/5
Before Debugging -- Inner Fold 4
DEBUG Inner Fold 4: num_features: 9
DEBUG Inner Fold 4: num_classes: 1
DEBUG Inner Fold 4: cat_idx: [0]
DEBUG Inner Fold 4: nominal_idx: None
DEBUG Inner Fold 4: ordinal_idx: [1, 2, 3]
DEBUG Inner Fold 4: num_idx: None
DEBUG Inner Fold 4: cat_dims: [2]
DEBUG Inner Fold 4: bin_alt: None
~~~~~~~~~~~~~~~~~~~~~~~~~~~~~~~~~~~~~~~~~~~~~~~~~~~~~~~~~~~~~~~~~~~~~~~~~~~~~~~
BEFORE ANY ENCODING
num_features :9
num_classes : 1
cat_idx : [0]
nominal_idx : None
ordinal_idx : [1, 2, 3]
num_idx : None
cat_dims : [2]
bin_alt : None 


X_train shape : (17261, 9)
~~~~~~~~~~~~~~~~~~~~~~~~~~~~~~~~~~~~~~~~~~~~~~~~~~~~~~~~~~~~~~~~~~~~~~~~~~~~~~~
~~~~~~~~~~~~~~~~~~~~~~~~~~~~~~~~~~~~~~~~~~~~~~~~~~~~~~~~~~~~~~~~~~~~~~~~~~~~~~~
AFTER getting cat idx
Nominal Index : None
Ordinal Index : [1, 2, 3]
Cat Idx : [0]
Cat dims : [2]
~~~~~~~~~~~~~~~~~~~~~~~~~~~~~~~~~~~~~~~~~~~~~~~~~~~~~~~~~~~~~~~~~~~~~~~~~~~~~~~
BEFORE getting cat idx
Nominal Index : None
Ordinal Index : [1, 2, 3]
Cat Idx : [1, 2, 3]
Cat dims : []
No one Hot for this Baby!!! 

~~~~~~~~~~~~~~~~~~~~~~~~~~~~~~~~~~~~~~~~~~~~~~~~~~~~~~~~~~~~~~~~~~~~~~~~~~~~~~~ 


AFTER SEPARATING CATEGORICALS AND NUMERICALS
Ordinal Index : [1, 2, 3]
Numerical Index V1 : [0, 4, 5, 6, 7, 8]
Cat Idx V1 : [1, 2, 3] 
Cat Dims V1 : [5, 7, 8]
 

~~~~~~~~~~~~~~~~~~~~~~~~~~~~~~~~~~~~~~~~~~~~~~~~~~~~~~~~~~~~~~~~~~~~~~~~~~~~~~~ 


Scaling the data...
~~~~~~~~~~~~~~~~~~~~~~~~~~~~~~~~~~~~~~~~~~~~~~~~~~~~~~~~~~~~~~~~~~~~~~~~~~~~~~~
After OHE
Numerical Index V2 : [0, 4, 5, 6, 7, 8] 


OHE Idx : None


Ordinal Idx V2: [1, 2, 3]


Cat Dims V2 : [5, 7, 8]
Cat Idx V2 : [1, 2, 3] 
 

Train: [[0.4731554902504729 3.0 2.0 4.0 0.10778048210080737]
 [-0.2046960723084143 1.0 4.0 7.0 0.2445041465045759]
 [-0.6071704375777534 2.0 2.0 5.0 -0.7809233365236734]
 [0.02831540232120332 1.0 3.0 3.0 -0.5074760077161412]
 [0.2613268769508207 1.0 1.0 3.0 0.03941864989892311]
 [0.4519726289205076 3.0 1.0 4.0 -0.6441996721199098]
 [-1.0308276641770577 2.0 4.0 5.0 0.31286597870646016]
 [-0.5224389922578924 1.0 4.0 2.0 1.2699316295328251]
 [-0.18351321097844905 3.0 0.0 4.0 -2.4899691415707554]
 [-0.6283532989077186 4.0 3.0 2.0 -1.6696271551481592]] 
 
 
Val : (17261, 9) 
 

~~~~~~~~~~~~~~~~~~~~~~~~~~~~~~~~~~~~~~~~~~~~~~~~~~~~~~~~~~~~~~~~~~~~~~~~~~~~~~~
Cat Idx V3 : None 
 

ERROR during preprocessing in inner fold 4: 'NoneType' object is not iterable
Skipping inner fold 4 due to preprocessing error.
  outer_5_inner Fold 5/5
Before Debugging -- Inner Fold 5
DEBUG Inner Fold 5: num_features: 9
DEBUG Inner Fold 5: num_classes: 1
DEBUG Inner Fold 5: cat_idx: [0]
DEBUG Inner Fold 5: nominal_idx: None
DEBUG Inner Fold 5: ordinal_idx: [1, 2, 3]
DEBUG Inner Fold 5: num_idx: None
DEBUG Inner Fold 5: cat_dims: [2]
DEBUG Inner Fold 5: bin_alt: None
~~~~~~~~~~~~~~~~~~~~~~~~~~~~~~~~~~~~~~~~~~~~~~~~~~~~~~~~~~~~~~~~~~~~~~~~~~~~~~~
BEFORE ANY ENCODING
num_features :9
num_classes : 1
cat_idx : [0]
nominal_idx : None
ordinal_idx : [1, 2, 3]
num_idx : None
cat_dims : [2]
bin_alt : None 


X_train shape : (17261, 9)
~~~~~~~~~~~~~~~~~~~~~~~~~~~~~~~~~~~~~~~~~~~~~~~~~~~~~~~~~~~~~~~~~~~~~~~~~~~~~~~
~~~~~~~~~~~~~~~~~~~~~~~~~~~~~~~~~~~~~~~~~~~~~~~~~~~~~~~~~~~~~~~~~~~~~~~~~~~~~~~
AFTER getting cat idx
Nominal Index : None
Ordinal Index : [1, 2, 3]
Cat Idx : [0]
Cat dims : [2]
~~~~~~~~~~~~~~~~~~~~~~~~~~~~~~~~~~~~~~~~~~~~~~~~~~~~~~~~~~~~~~~~~~~~~~~~~~~~~~~
BEFORE getting cat idx
Nominal Index : None
Ordinal Index : [1, 2, 3]
Cat Idx : [1, 2, 3]
Cat dims : []
No one Hot for this Baby!!! 

~~~~~~~~~~~~~~~~~~~~~~~~~~~~~~~~~~~~~~~~~~~~~~~~~~~~~~~~~~~~~~~~~~~~~~~~~~~~~~~ 


AFTER SEPARATING CATEGORICALS AND NUMERICALS
Ordinal Index : [1, 2, 3]
Numerical Index V1 : [0, 4, 5, 6, 7, 8]
Cat Idx V1 : [1, 2, 3] 
Cat Dims V1 : [5, 7, 8]
 

~~~~~~~~~~~~~~~~~~~~~~~~~~~~~~~~~~~~~~~~~~~~~~~~~~~~~~~~~~~~~~~~~~~~~~~~~~~~~~~ 


Scaling the data...
~~~~~~~~~~~~~~~~~~~~~~~~~~~~~~~~~~~~~~~~~~~~~~~~~~~~~~~~~~~~~~~~~~~~~~~~~~~~~~~
After OHE
Numerical Index V2 : [0, 4, 5, 6, 7, 8] 


OHE Idx : None


Ordinal Idx V2: [1, 2, 3]


Cat Dims V2 : [5, 7, 8]
Cat Idx V2 : [1, 2, 3] 
 

Train: [[-0.6124157297795658 2.0 2.0 5.0 -0.7889824511638072]
 [0.25202151655447264 1.0 1.0 3.0 0.03902758625068568]
 [-0.04315217731568686 4.0 3.0 2.0 0.8670376236651834]
 [-1.034092435308365 2.0 4.0 5.0 0.3150309320555215]
 [-0.5280803886738059 1.0 4.0 2.0 1.2810426423724321]
 [-0.0853198478685668 1.0 0.0 5.0 1.2120418059212232]
 [0.7369497279125914 2.0 1.0 5.0 -0.23697575955414527]
 [-0.14857135369788674 4.0 5.0 4.0 0.4530326049579345]
 [-1.034092435308365 3.0 0.0 1.0 -1.064985796968638]
 [-0.04315217731568686 2.0 2.0 5.0 -0.9269841240662251]] 
 
 
Val : (17261, 9) 
 

~~~~~~~~~~~~~~~~~~~~~~~~~~~~~~~~~~~~~~~~~~~~~~~~~~~~~~~~~~~~~~~~~~~~~~~~~~~~~~~
Cat Idx V3 : None 
 

ERROR during preprocessing in inner fold 5: 'NoneType' object is not iterable
Skipping inner fold 5 due to preprocessing error.
Warning: No inner folds completed successfully for HPO trial.
ERROR saving hyperparameters to file coz inner_cs issues: 'float' object has no attribute 'get_results'
  outer_5_inner Fold 1/5
Before Debugging -- Inner Fold 1
DEBUG Inner Fold 1: num_features: 9
DEBUG Inner Fold 1: num_classes: 1
DEBUG Inner Fold 1: cat_idx: [0]
DEBUG Inner Fold 1: nominal_idx: None
DEBUG Inner Fold 1: ordinal_idx: [1, 2, 3]
DEBUG Inner Fold 1: num_idx: None
DEBUG Inner Fold 1: cat_dims: [2]
DEBUG Inner Fold 1: bin_alt: None
~~~~~~~~~~~~~~~~~~~~~~~~~~~~~~~~~~~~~~~~~~~~~~~~~~~~~~~~~~~~~~~~~~~~~~~~~~~~~~~
BEFORE ANY ENCODING
num_features :9
num_classes : 1
cat_idx : [0]
nominal_idx : None
ordinal_idx : [1, 2, 3]
num_idx : None
cat_dims : [2]
bin_alt : None 


X_train shape : (17260, 9)
~~~~~~~~~~~~~~~~~~~~~~~~~~~~~~~~~~~~~~~~~~~~~~~~~~~~~~~~~~~~~~~~~~~~~~~~~~~~~~~
~~~~~~~~~~~~~~~~~~~~~~~~~~~~~~~~~~~~~~~~~~~~~~~~~~~~~~~~~~~~~~~~~~~~~~~~~~~~~~~
AFTER getting cat idx
Nominal Index : None
Ordinal Index : [1, 2, 3]
Cat Idx : [0]
Cat dims : [2]
~~~~~~~~~~~~~~~~~~~~~~~~~~~~~~~~~~~~~~~~~~~~~~~~~~~~~~~~~~~~~~~~~~~~~~~~~~~~~~~
BEFORE getting cat idx
Nominal Index : None
Ordinal Index : [1, 2, 3]
Cat Idx : [1, 2, 3]
Cat dims : []
No one Hot for this Baby!!! 

~~~~~~~~~~~~~~~~~~~~~~~~~~~~~~~~~~~~~~~~~~~~~~~~~~~~~~~~~~~~~~~~~~~~~~~~~~~~~~~ 


AFTER SEPARATING CATEGORICALS AND NUMERICALS
Ordinal Index : [1, 2, 3]
Numerical Index V1 : [0, 4, 5, 6, 7, 8]
Cat Idx V1 : [1, 2, 3] 
Cat Dims V1 : [5, 7, 8]
 

~~~~~~~~~~~~~~~~~~~~~~~~~~~~~~~~~~~~~~~~~~~~~~~~~~~~~~~~~~~~~~~~~~~~~~~~~~~~~~~ 


Scaling the data...
~~~~~~~~~~~~~~~~~~~~~~~~~~~~~~~~~~~~~~~~~~~~~~~~~~~~~~~~~~~~~~~~~~~~~~~~~~~~~~~
After OHE
Numerical Index V2 : [0, 4, 5, 6, 7, 8] 


OHE Idx : None


Ordinal Idx V2: [1, 2, 3]


Cat Dims V2 : [5, 7, 8]
Cat Idx V2 : [1, 2, 3] 
 

Train: [[0.45969704050202614 3.0 2.0 4.0 0.10607409954764287]
 [-0.21423325561359347 1.0 4.0 7.0 0.24357092341398656]
 [0.017430283676150928 1.0 3.0 3.0 -0.5126616078508939]
 [0.24909382296589508 1.0 1.0 3.0 0.03732568761447103]
 [0.438636718748413 3.0 1.0 4.0 -0.6501584317172376]
 [-0.04575068158468845 4.0 3.0 2.0 0.8623066308125233]
 [-0.5301380819177899 1.0 4.0 2.0 1.2747971024115494]
 [-0.19317293385998033 3.0 0.0 4.0 -2.506365553912848]
 [-0.0878713250919147 1.0 0.0 5.0 1.2060486904783776]
 [-0.6354396906858555 4.0 3.0 2.0 -1.6813846107148005]] 
 
 
Val : (17260, 9) 
 

~~~~~~~~~~~~~~~~~~~~~~~~~~~~~~~~~~~~~~~~~~~~~~~~~~~~~~~~~~~~~~~~~~~~~~~~~~~~~~~
Cat Idx V3 : None 
 

ERROR during preprocessing in inner fold 1: 'NoneType' object is not iterable
Skipping inner fold 1 due to preprocessing error.
  outer_5_inner Fold 2/5
Before Debugging -- Inner Fold 2
DEBUG Inner Fold 2: num_features: 9
DEBUG Inner Fold 2: num_classes: 1
DEBUG Inner Fold 2: cat_idx: [0]
DEBUG Inner Fold 2: nominal_idx: None
DEBUG Inner Fold 2: ordinal_idx: [1, 2, 3]
DEBUG Inner Fold 2: num_idx: None
DEBUG Inner Fold 2: cat_dims: [2]
DEBUG Inner Fold 2: bin_alt: None
~~~~~~~~~~~~~~~~~~~~~~~~~~~~~~~~~~~~~~~~~~~~~~~~~~~~~~~~~~~~~~~~~~~~~~~~~~~~~~~
BEFORE ANY ENCODING
num_features :9
num_classes : 1
cat_idx : [0]
nominal_idx : None
ordinal_idx : [1, 2, 3]
num_idx : None
cat_dims : [2]
bin_alt : None 


X_train shape : (17261, 9)
~~~~~~~~~~~~~~~~~~~~~~~~~~~~~~~~~~~~~~~~~~~~~~~~~~~~~~~~~~~~~~~~~~~~~~~~~~~~~~~
~~~~~~~~~~~~~~~~~~~~~~~~~~~~~~~~~~~~~~~~~~~~~~~~~~~~~~~~~~~~~~~~~~~~~~~~~~~~~~~
AFTER getting cat idx
Nominal Index : None
Ordinal Index : [1, 2, 3]
Cat Idx : [0]
Cat dims : [2]
~~~~~~~~~~~~~~~~~~~~~~~~~~~~~~~~~~~~~~~~~~~~~~~~~~~~~~~~~~~~~~~~~~~~~~~~~~~~~~~
BEFORE getting cat idx
Nominal Index : None
Ordinal Index : [1, 2, 3]
Cat Idx : [1, 2, 3]
Cat dims : []
No one Hot for this Baby!!! 

~~~~~~~~~~~~~~~~~~~~~~~~~~~~~~~~~~~~~~~~~~~~~~~~~~~~~~~~~~~~~~~~~~~~~~~~~~~~~~~ 


AFTER SEPARATING CATEGORICALS AND NUMERICALS
Ordinal Index : [1, 2, 3]
Numerical Index V1 : [0, 4, 5, 6, 7, 8]
Cat Idx V1 : [1, 2, 3] 
Cat Dims V1 : [5, 7, 8]
 

~~~~~~~~~~~~~~~~~~~~~~~~~~~~~~~~~~~~~~~~~~~~~~~~~~~~~~~~~~~~~~~~~~~~~~~~~~~~~~~ 


Scaling the data...
~~~~~~~~~~~~~~~~~~~~~~~~~~~~~~~~~~~~~~~~~~~~~~~~~~~~~~~~~~~~~~~~~~~~~~~~~~~~~~~
After OHE
Numerical Index V2 : [0, 4, 5, 6, 7, 8] 


OHE Idx : None


Ordinal Idx V2: [1, 2, 3]


Cat Dims V2 : [5, 7, 8]
Cat Idx V2 : [1, 2, 3] 
 

Train: [[0.46211154148056705 3.0 2.0 4.0 0.10862096508842112]
 [-0.21258787265656273 1.0 4.0 7.0 0.24665427719850883]
 [-0.6131906498004833 2.0 2.0 5.0 -0.7885955636271343]
 [0.019340050953075796 1.0 3.0 3.0 -0.5125289394069638]
 [0.4410271847887817 3.0 1.0 4.0 -0.6505622515170515]
 [-0.04391301912228016 4.0 3.0 2.0 0.8678041816938937]
 [-1.0348777836361893 2.0 4.0 5.0 0.31567093325355267]
 [-0.1915035159647774 3.0 0.0 4.0 -2.5140119650032062]
 [-0.08608173250585081 1.0 0.0 5.0 1.2128874619691081]
 [-0.6342750064922686 4.0 3.0 2.0 -1.6858120923426947]] 
 
 
Val : (17261, 9) 
 

~~~~~~~~~~~~~~~~~~~~~~~~~~~~~~~~~~~~~~~~~~~~~~~~~~~~~~~~~~~~~~~~~~~~~~~~~~~~~~~
Cat Idx V3 : None 
 

ERROR during preprocessing in inner fold 2: 'NoneType' object is not iterable
Skipping inner fold 2 due to preprocessing error.
  outer_5_inner Fold 3/5
Before Debugging -- Inner Fold 3
DEBUG Inner Fold 3: num_features: 9
DEBUG Inner Fold 3: num_classes: 1
DEBUG Inner Fold 3: cat_idx: [0]
DEBUG Inner Fold 3: nominal_idx: None
DEBUG Inner Fold 3: ordinal_idx: [1, 2, 3]
DEBUG Inner Fold 3: num_idx: None
DEBUG Inner Fold 3: cat_dims: [2]
DEBUG Inner Fold 3: bin_alt: None
~~~~~~~~~~~~~~~~~~~~~~~~~~~~~~~~~~~~~~~~~~~~~~~~~~~~~~~~~~~~~~~~~~~~~~~~~~~~~~~
BEFORE ANY ENCODING
num_features :9
num_classes : 1
cat_idx : [0]
nominal_idx : None
ordinal_idx : [1, 2, 3]
num_idx : None
cat_dims : [2]
bin_alt : None 


X_train shape : (17261, 9)
~~~~~~~~~~~~~~~~~~~~~~~~~~~~~~~~~~~~~~~~~~~~~~~~~~~~~~~~~~~~~~~~~~~~~~~~~~~~~~~
~~~~~~~~~~~~~~~~~~~~~~~~~~~~~~~~~~~~~~~~~~~~~~~~~~~~~~~~~~~~~~~~~~~~~~~~~~~~~~~
AFTER getting cat idx
Nominal Index : None
Ordinal Index : [1, 2, 3]
Cat Idx : [0]
Cat dims : [2]
~~~~~~~~~~~~~~~~~~~~~~~~~~~~~~~~~~~~~~~~~~~~~~~~~~~~~~~~~~~~~~~~~~~~~~~~~~~~~~~
BEFORE getting cat idx
Nominal Index : None
Ordinal Index : [1, 2, 3]
Cat Idx : [1, 2, 3]
Cat dims : []
No one Hot for this Baby!!! 

~~~~~~~~~~~~~~~~~~~~~~~~~~~~~~~~~~~~~~~~~~~~~~~~~~~~~~~~~~~~~~~~~~~~~~~~~~~~~~~ 


AFTER SEPARATING CATEGORICALS AND NUMERICALS
Ordinal Index : [1, 2, 3]
Numerical Index V1 : [0, 4, 5, 6, 7, 8]
Cat Idx V1 : [1, 2, 3] 
Cat Dims V1 : [5, 7, 8]
 

~~~~~~~~~~~~~~~~~~~~~~~~~~~~~~~~~~~~~~~~~~~~~~~~~~~~~~~~~~~~~~~~~~~~~~~~~~~~~~~ 


Scaling the data...
~~~~~~~~~~~~~~~~~~~~~~~~~~~~~~~~~~~~~~~~~~~~~~~~~~~~~~~~~~~~~~~~~~~~~~~~~~~~~~~
After OHE
Numerical Index V2 : [0, 4, 5, 6, 7, 8] 


OHE Idx : None


Ordinal Idx V2: [1, 2, 3]


Cat Dims V2 : [5, 7, 8]
Cat Idx V2 : [1, 2, 3] 
 

Train: [[0.4607056057947172 3.0 2.0 4.0 0.11394918249533156]
 [-0.2147675110231812 1.0 4.0 7.0 0.25175803441699385]
 [-0.6158296741338082 2.0 2.0 5.0 -0.7818083549954588]
 [0.017426372882971525 1.0 3.0 3.0 -0.506190651152139]
 [0.24962025678912403 1.0 1.0 3.0 0.04504475653450041]
 [0.43959707089415784 3.0 1.0 4.0 -0.6439995030738014]
 [-0.04589923181870649 4.0 3.0 2.0 0.8718978680644645]
 [-1.0380003721449946 2.0 4.0 5.0 0.32066246037782503]
 [-0.5313955345315708 1.0 4.0 2.0 1.2853244238294466]
 [-0.19365897612262187 3.0 0.0 4.0 -2.504419004016213]] 
 
 
Val : (17261, 9) 
 

~~~~~~~~~~~~~~~~~~~~~~~~~~~~~~~~~~~~~~~~~~~~~~~~~~~~~~~~~~~~~~~~~~~~~~~~~~~~~~~
Cat Idx V3 : None 
 

ERROR during preprocessing in inner fold 3: 'NoneType' object is not iterable
Skipping inner fold 3 due to preprocessing error.
  outer_5_inner Fold 4/5
Before Debugging -- Inner Fold 4
DEBUG Inner Fold 4: num_features: 9
DEBUG Inner Fold 4: num_classes: 1
DEBUG Inner Fold 4: cat_idx: [0]
DEBUG Inner Fold 4: nominal_idx: None
DEBUG Inner Fold 4: ordinal_idx: [1, 2, 3]
DEBUG Inner Fold 4: num_idx: None
DEBUG Inner Fold 4: cat_dims: [2]
DEBUG Inner Fold 4: bin_alt: None
~~~~~~~~~~~~~~~~~~~~~~~~~~~~~~~~~~~~~~~~~~~~~~~~~~~~~~~~~~~~~~~~~~~~~~~~~~~~~~~
BEFORE ANY ENCODING
num_features :9
num_classes : 1
cat_idx : [0]
nominal_idx : None
ordinal_idx : [1, 2, 3]
num_idx : None
cat_dims : [2]
bin_alt : None 


X_train shape : (17261, 9)
~~~~~~~~~~~~~~~~~~~~~~~~~~~~~~~~~~~~~~~~~~~~~~~~~~~~~~~~~~~~~~~~~~~~~~~~~~~~~~~
~~~~~~~~~~~~~~~~~~~~~~~~~~~~~~~~~~~~~~~~~~~~~~~~~~~~~~~~~~~~~~~~~~~~~~~~~~~~~~~
AFTER getting cat idx
Nominal Index : None
Ordinal Index : [1, 2, 3]
Cat Idx : [0]
Cat dims : [2]
~~~~~~~~~~~~~~~~~~~~~~~~~~~~~~~~~~~~~~~~~~~~~~~~~~~~~~~~~~~~~~~~~~~~~~~~~~~~~~~
BEFORE getting cat idx
Nominal Index : None
Ordinal Index : [1, 2, 3]
Cat Idx : [1, 2, 3]
Cat dims : []
No one Hot for this Baby!!! 

~~~~~~~~~~~~~~~~~~~~~~~~~~~~~~~~~~~~~~~~~~~~~~~~~~~~~~~~~~~~~~~~~~~~~~~~~~~~~~~ 


AFTER SEPARATING CATEGORICALS AND NUMERICALS
Ordinal Index : [1, 2, 3]
Numerical Index V1 : [0, 4, 5, 6, 7, 8]
Cat Idx V1 : [1, 2, 3] 
Cat Dims V1 : [5, 7, 8]
 

~~~~~~~~~~~~~~~~~~~~~~~~~~~~~~~~~~~~~~~~~~~~~~~~~~~~~~~~~~~~~~~~~~~~~~~~~~~~~~~ 


Scaling the data...
~~~~~~~~~~~~~~~~~~~~~~~~~~~~~~~~~~~~~~~~~~~~~~~~~~~~~~~~~~~~~~~~~~~~~~~~~~~~~~~
After OHE
Numerical Index V2 : [0, 4, 5, 6, 7, 8] 


OHE Idx : None


Ordinal Idx V2: [1, 2, 3]


Cat Dims V2 : [5, 7, 8]
Cat Idx V2 : [1, 2, 3] 
 

Train: [[0.4731554902504729 3.0 2.0 4.0 0.10778048210080737]
 [-0.2046960723084143 1.0 4.0 7.0 0.2445041465045759]
 [-0.6071704375777534 2.0 2.0 5.0 -0.7809233365236734]
 [0.02831540232120332 1.0 3.0 3.0 -0.5074760077161412]
 [0.2613268769508207 1.0 1.0 3.0 0.03941864989892311]
 [0.4519726289205076 3.0 1.0 4.0 -0.6441996721199098]
 [-1.0308276641770577 2.0 4.0 5.0 0.31286597870646016]
 [-0.5224389922578924 1.0 4.0 2.0 1.2699316295328251]
 [-0.18351321097844905 3.0 0.0 4.0 -2.4899691415707554]
 [-0.6283532989077186 4.0 3.0 2.0 -1.6696271551481592]] 
 
 
Val : (17261, 9) 
 

~~~~~~~~~~~~~~~~~~~~~~~~~~~~~~~~~~~~~~~~~~~~~~~~~~~~~~~~~~~~~~~~~~~~~~~~~~~~~~~
Cat Idx V3 : None 
 

ERROR during preprocessing in inner fold 4: 'NoneType' object is not iterable
Skipping inner fold 4 due to preprocessing error.
  outer_5_inner Fold 5/5
Before Debugging -- Inner Fold 5
DEBUG Inner Fold 5: num_features: 9
DEBUG Inner Fold 5: num_classes: 1
DEBUG Inner Fold 5: cat_idx: [0]
DEBUG Inner Fold 5: nominal_idx: None
DEBUG Inner Fold 5: ordinal_idx: [1, 2, 3]
DEBUG Inner Fold 5: num_idx: None
DEBUG Inner Fold 5: cat_dims: [2]
DEBUG Inner Fold 5: bin_alt: None
~~~~~~~~~~~~~~~~~~~~~~~~~~~~~~~~~~~~~~~~~~~~~~~~~~~~~~~~~~~~~~~~~~~~~~~~~~~~~~~
BEFORE ANY ENCODING
num_features :9
num_classes : 1
cat_idx : [0]
nominal_idx : None
ordinal_idx : [1, 2, 3]
num_idx : None
cat_dims : [2]
bin_alt : None 


X_train shape : (17261, 9)
~~~~~~~~~~~~~~~~~~~~~~~~~~~~~~~~~~~~~~~~~~~~~~~~~~~~~~~~~~~~~~~~~~~~~~~~~~~~~~~
~~~~~~~~~~~~~~~~~~~~~~~~~~~~~~~~~~~~~~~~~~~~~~~~~~~~~~~~~~~~~~~~~~~~~~~~~~~~~~~
AFTER getting cat idx
Nominal Index : None
Ordinal Index : [1, 2, 3]
Cat Idx : [0]
Cat dims : [2]
~~~~~~~~~~~~~~~~~~~~~~~~~~~~~~~~~~~~~~~~~~~~~~~~~~~~~~~~~~~~~~~~~~~~~~~~~~~~~~~
BEFORE getting cat idx
Nominal Index : None
Ordinal Index : [1, 2, 3]
Cat Idx : [1, 2, 3]
Cat dims : []
No one Hot for this Baby!!! 

~~~~~~~~~~~~~~~~~~~~~~~~~~~~~~~~~~~~~~~~~~~~~~~~~~~~~~~~~~~~~~~~~~~~~~~~~~~~~~~ 


AFTER SEPARATING CATEGORICALS AND NUMERICALS
Ordinal Index : [1, 2, 3]
Numerical Index V1 : [0, 4, 5, 6, 7, 8]
Cat Idx V1 : [1, 2, 3] 
Cat Dims V1 : [5, 7, 8]
 

~~~~~~~~~~~~~~~~~~~~~~~~~~~~~~~~~~~~~~~~~~~~~~~~~~~~~~~~~~~~~~~~~~~~~~~~~~~~~~~ 


Scaling the data...
~~~~~~~~~~~~~~~~~~~~~~~~~~~~~~~~~~~~~~~~~~~~~~~~~~~~~~~~~~~~~~~~~~~~~~~~~~~~~~~
After OHE
Numerical Index V2 : [0, 4, 5, 6, 7, 8] 


OHE Idx : None


Ordinal Idx V2: [1, 2, 3]


Cat Dims V2 : [5, 7, 8]
Cat Idx V2 : [1, 2, 3] 
 

Train: [[-0.6124157297795658 2.0 2.0 5.0 -0.7889824511638072]
 [0.25202151655447264 1.0 1.0 3.0 0.03902758625068568]
 [-0.04315217731568686 4.0 3.0 2.0 0.8670376236651834]
 [-1.034092435308365 2.0 4.0 5.0 0.3150309320555215]
 [-0.5280803886738059 1.0 4.0 2.0 1.2810426423724321]
 [-0.0853198478685668 1.0 0.0 5.0 1.2120418059212232]
 [0.7369497279125914 2.0 1.0 5.0 -0.23697575955414527]
 [-0.14857135369788674 4.0 5.0 4.0 0.4530326049579345]
 [-1.034092435308365 3.0 0.0 1.0 -1.064985796968638]
 [-0.04315217731568686 2.0 2.0 5.0 -0.9269841240662251]] 
 
 
Val : (17261, 9) 
 

~~~~~~~~~~~~~~~~~~~~~~~~~~~~~~~~~~~~~~~~~~~~~~~~~~~~~~~~~~~~~~~~~~~~~~~~~~~~~~~
Cat Idx V3 : None 
 

ERROR during preprocessing in inner fold 5: 'NoneType' object is not iterable
Skipping inner fold 5 due to preprocessing error.
Warning: No inner folds completed successfully for HPO trial.
ERROR saving hyperparameters to file coz inner_cs issues: 'float' object has no attribute 'get_results'
  outer_5_inner Fold 1/5
Before Debugging -- Inner Fold 1
DEBUG Inner Fold 1: num_features: 9
DEBUG Inner Fold 1: num_classes: 1
DEBUG Inner Fold 1: cat_idx: [0]
DEBUG Inner Fold 1: nominal_idx: None
DEBUG Inner Fold 1: ordinal_idx: [1, 2, 3]
DEBUG Inner Fold 1: num_idx: None
DEBUG Inner Fold 1: cat_dims: [2]
DEBUG Inner Fold 1: bin_alt: None
~~~~~~~~~~~~~~~~~~~~~~~~~~~~~~~~~~~~~~~~~~~~~~~~~~~~~~~~~~~~~~~~~~~~~~~~~~~~~~~
BEFORE ANY ENCODING
num_features :9
num_classes : 1
cat_idx : [0]
nominal_idx : None
ordinal_idx : [1, 2, 3]
num_idx : None
cat_dims : [2]
bin_alt : None 


X_train shape : (17260, 9)
~~~~~~~~~~~~~~~~~~~~~~~~~~~~~~~~~~~~~~~~~~~~~~~~~~~~~~~~~~~~~~~~~~~~~~~~~~~~~~~
~~~~~~~~~~~~~~~~~~~~~~~~~~~~~~~~~~~~~~~~~~~~~~~~~~~~~~~~~~~~~~~~~~~~~~~~~~~~~~~
AFTER getting cat idx
Nominal Index : None
Ordinal Index : [1, 2, 3]
Cat Idx : [0]
Cat dims : [2]
~~~~~~~~~~~~~~~~~~~~~~~~~~~~~~~~~~~~~~~~~~~~~~~~~~~~~~~~~~~~~~~~~~~~~~~~~~~~~~~
BEFORE getting cat idx
Nominal Index : None
Ordinal Index : [1, 2, 3]
Cat Idx : [1, 2, 3]
Cat dims : []
No one Hot for this Baby!!! 

~~~~~~~~~~~~~~~~~~~~~~~~~~~~~~~~~~~~~~~~~~~~~~~~~~~~~~~~~~~~~~~~~~~~~~~~~~~~~~~ 


AFTER SEPARATING CATEGORICALS AND NUMERICALS
Ordinal Index : [1, 2, 3]
Numerical Index V1 : [0, 4, 5, 6, 7, 8]
Cat Idx V1 : [1, 2, 3] 
Cat Dims V1 : [5, 7, 8]
 

~~~~~~~~~~~~~~~~~~~~~~~~~~~~~~~~~~~~~~~~~~~~~~~~~~~~~~~~~~~~~~~~~~~~~~~~~~~~~~~ 


Scaling the data...
~~~~~~~~~~~~~~~~~~~~~~~~~~~~~~~~~~~~~~~~~~~~~~~~~~~~~~~~~~~~~~~~~~~~~~~~~~~~~~~
After OHE
Numerical Index V2 : [0, 4, 5, 6, 7, 8] 


OHE Idx : None


Ordinal Idx V2: [1, 2, 3]


Cat Dims V2 : [5, 7, 8]
Cat Idx V2 : [1, 2, 3] 
 

Train: [[0.45969704050202614 3.0 2.0 4.0 0.10607409954764287]
 [-0.21423325561359347 1.0 4.0 7.0 0.24357092341398656]
 [0.017430283676150928 1.0 3.0 3.0 -0.5126616078508939]
 [0.24909382296589508 1.0 1.0 3.0 0.03732568761447103]
 [0.438636718748413 3.0 1.0 4.0 -0.6501584317172376]
 [-0.04575068158468845 4.0 3.0 2.0 0.8623066308125233]
 [-0.5301380819177899 1.0 4.0 2.0 1.2747971024115494]
 [-0.19317293385998033 3.0 0.0 4.0 -2.506365553912848]
 [-0.0878713250919147 1.0 0.0 5.0 1.2060486904783776]
 [-0.6354396906858555 4.0 3.0 2.0 -1.6813846107148005]] 
 
 
Val : (17260, 9) 
 

~~~~~~~~~~~~~~~~~~~~~~~~~~~~~~~~~~~~~~~~~~~~~~~~~~~~~~~~~~~~~~~~~~~~~~~~~~~~~~~
Cat Idx V3 : None 
 

ERROR during preprocessing in inner fold 1: 'NoneType' object is not iterable
Skipping inner fold 1 due to preprocessing error.
  outer_5_inner Fold 2/5
Before Debugging -- Inner Fold 2
DEBUG Inner Fold 2: num_features: 9
DEBUG Inner Fold 2: num_classes: 1
DEBUG Inner Fold 2: cat_idx: [0]
DEBUG Inner Fold 2: nominal_idx: None
DEBUG Inner Fold 2: ordinal_idx: [1, 2, 3]
DEBUG Inner Fold 2: num_idx: None
DEBUG Inner Fold 2: cat_dims: [2]
DEBUG Inner Fold 2: bin_alt: None
~~~~~~~~~~~~~~~~~~~~~~~~~~~~~~~~~~~~~~~~~~~~~~~~~~~~~~~~~~~~~~~~~~~~~~~~~~~~~~~
BEFORE ANY ENCODING
num_features :9
num_classes : 1
cat_idx : [0]
nominal_idx : None
ordinal_idx : [1, 2, 3]
num_idx : None
cat_dims : [2]
bin_alt : None 


X_train shape : (17261, 9)
~~~~~~~~~~~~~~~~~~~~~~~~~~~~~~~~~~~~~~~~~~~~~~~~~~~~~~~~~~~~~~~~~~~~~~~~~~~~~~~
~~~~~~~~~~~~~~~~~~~~~~~~~~~~~~~~~~~~~~~~~~~~~~~~~~~~~~~~~~~~~~~~~~~~~~~~~~~~~~~
AFTER getting cat idx
Nominal Index : None
Ordinal Index : [1, 2, 3]
Cat Idx : [0]
Cat dims : [2]
~~~~~~~~~~~~~~~~~~~~~~~~~~~~~~~~~~~~~~~~~~~~~~~~~~~~~~~~~~~~~~~~~~~~~~~~~~~~~~~
BEFORE getting cat idx
Nominal Index : None
Ordinal Index : [1, 2, 3]
Cat Idx : [1, 2, 3]
Cat dims : []
No one Hot for this Baby!!! 

~~~~~~~~~~~~~~~~~~~~~~~~~~~~~~~~~~~~~~~~~~~~~~~~~~~~~~~~~~~~~~~~~~~~~~~~~~~~~~~ 


AFTER SEPARATING CATEGORICALS AND NUMERICALS
Ordinal Index : [1, 2, 3]
Numerical Index V1 : [0, 4, 5, 6, 7, 8]
Cat Idx V1 : [1, 2, 3] 
Cat Dims V1 : [5, 7, 8]
 

~~~~~~~~~~~~~~~~~~~~~~~~~~~~~~~~~~~~~~~~~~~~~~~~~~~~~~~~~~~~~~~~~~~~~~~~~~~~~~~ 


Scaling the data...
~~~~~~~~~~~~~~~~~~~~~~~~~~~~~~~~~~~~~~~~~~~~~~~~~~~~~~~~~~~~~~~~~~~~~~~~~~~~~~~
After OHE
Numerical Index V2 : [0, 4, 5, 6, 7, 8] 


OHE Idx : None


Ordinal Idx V2: [1, 2, 3]


Cat Dims V2 : [5, 7, 8]
Cat Idx V2 : [1, 2, 3] 
 

Train: [[0.46211154148056705 3.0 2.0 4.0 0.10862096508842112]
 [-0.21258787265656273 1.0 4.0 7.0 0.24665427719850883]
 [-0.6131906498004833 2.0 2.0 5.0 -0.7885955636271343]
 [0.019340050953075796 1.0 3.0 3.0 -0.5125289394069638]
 [0.4410271847887817 3.0 1.0 4.0 -0.6505622515170515]
 [-0.04391301912228016 4.0 3.0 2.0 0.8678041816938937]
 [-1.0348777836361893 2.0 4.0 5.0 0.31567093325355267]
 [-0.1915035159647774 3.0 0.0 4.0 -2.5140119650032062]
 [-0.08608173250585081 1.0 0.0 5.0 1.2128874619691081]
 [-0.6342750064922686 4.0 3.0 2.0 -1.6858120923426947]] 
 
 
Val : (17261, 9) 
 

~~~~~~~~~~~~~~~~~~~~~~~~~~~~~~~~~~~~~~~~~~~~~~~~~~~~~~~~~~~~~~~~~~~~~~~~~~~~~~~
Cat Idx V3 : None 
 

ERROR during preprocessing in inner fold 2: 'NoneType' object is not iterable
Skipping inner fold 2 due to preprocessing error.
  outer_5_inner Fold 3/5
Before Debugging -- Inner Fold 3
DEBUG Inner Fold 3: num_features: 9
DEBUG Inner Fold 3: num_classes: 1
DEBUG Inner Fold 3: cat_idx: [0]
DEBUG Inner Fold 3: nominal_idx: None
DEBUG Inner Fold 3: ordinal_idx: [1, 2, 3]
DEBUG Inner Fold 3: num_idx: None
DEBUG Inner Fold 3: cat_dims: [2]
DEBUG Inner Fold 3: bin_alt: None
~~~~~~~~~~~~~~~~~~~~~~~~~~~~~~~~~~~~~~~~~~~~~~~~~~~~~~~~~~~~~~~~~~~~~~~~~~~~~~~
BEFORE ANY ENCODING
num_features :9
num_classes : 1
cat_idx : [0]
nominal_idx : None
ordinal_idx : [1, 2, 3]
num_idx : None
cat_dims : [2]
bin_alt : None 


X_train shape : (17261, 9)
~~~~~~~~~~~~~~~~~~~~~~~~~~~~~~~~~~~~~~~~~~~~~~~~~~~~~~~~~~~~~~~~~~~~~~~~~~~~~~~
~~~~~~~~~~~~~~~~~~~~~~~~~~~~~~~~~~~~~~~~~~~~~~~~~~~~~~~~~~~~~~~~~~~~~~~~~~~~~~~
AFTER getting cat idx
Nominal Index : None
Ordinal Index : [1, 2, 3]
Cat Idx : [0]
Cat dims : [2]
~~~~~~~~~~~~~~~~~~~~~~~~~~~~~~~~~~~~~~~~~~~~~~~~~~~~~~~~~~~~~~~~~~~~~~~~~~~~~~~
BEFORE getting cat idx
Nominal Index : None
Ordinal Index : [1, 2, 3]
Cat Idx : [1, 2, 3]
Cat dims : []
No one Hot for this Baby!!! 

~~~~~~~~~~~~~~~~~~~~~~~~~~~~~~~~~~~~~~~~~~~~~~~~~~~~~~~~~~~~~~~~~~~~~~~~~~~~~~~ 


AFTER SEPARATING CATEGORICALS AND NUMERICALS
Ordinal Index : [1, 2, 3]
Numerical Index V1 : [0, 4, 5, 6, 7, 8]
Cat Idx V1 : [1, 2, 3] 
Cat Dims V1 : [5, 7, 8]
 

~~~~~~~~~~~~~~~~~~~~~~~~~~~~~~~~~~~~~~~~~~~~~~~~~~~~~~~~~~~~~~~~~~~~~~~~~~~~~~~ 


Scaling the data...
~~~~~~~~~~~~~~~~~~~~~~~~~~~~~~~~~~~~~~~~~~~~~~~~~~~~~~~~~~~~~~~~~~~~~~~~~~~~~~~
After OHE
Numerical Index V2 : [0, 4, 5, 6, 7, 8] 


OHE Idx : None


Ordinal Idx V2: [1, 2, 3]


Cat Dims V2 : [5, 7, 8]
Cat Idx V2 : [1, 2, 3] 
 

Train: [[0.4607056057947172 3.0 2.0 4.0 0.11394918249533156]
 [-0.2147675110231812 1.0 4.0 7.0 0.25175803441699385]
 [-0.6158296741338082 2.0 2.0 5.0 -0.7818083549954588]
 [0.017426372882971525 1.0 3.0 3.0 -0.506190651152139]
 [0.24962025678912403 1.0 1.0 3.0 0.04504475653450041]
 [0.43959707089415784 3.0 1.0 4.0 -0.6439995030738014]
 [-0.04589923181870649 4.0 3.0 2.0 0.8718978680644645]
 [-1.0380003721449946 2.0 4.0 5.0 0.32066246037782503]
 [-0.5313955345315708 1.0 4.0 2.0 1.2853244238294466]
 [-0.19365897612262187 3.0 0.0 4.0 -2.504419004016213]] 
 
 
Val : (17261, 9) 
 

~~~~~~~~~~~~~~~~~~~~~~~~~~~~~~~~~~~~~~~~~~~~~~~~~~~~~~~~~~~~~~~~~~~~~~~~~~~~~~~
Cat Idx V3 : None 
 

ERROR during preprocessing in inner fold 3: 'NoneType' object is not iterable
Skipping inner fold 3 due to preprocessing error.
  outer_5_inner Fold 4/5
Before Debugging -- Inner Fold 4
DEBUG Inner Fold 4: num_features: 9
DEBUG Inner Fold 4: num_classes: 1
DEBUG Inner Fold 4: cat_idx: [0]
DEBUG Inner Fold 4: nominal_idx: None
DEBUG Inner Fold 4: ordinal_idx: [1, 2, 3]
DEBUG Inner Fold 4: num_idx: None
DEBUG Inner Fold 4: cat_dims: [2]
DEBUG Inner Fold 4: bin_alt: None
~~~~~~~~~~~~~~~~~~~~~~~~~~~~~~~~~~~~~~~~~~~~~~~~~~~~~~~~~~~~~~~~~~~~~~~~~~~~~~~
BEFORE ANY ENCODING
num_features :9
num_classes : 1
cat_idx : [0]
nominal_idx : None
ordinal_idx : [1, 2, 3]
num_idx : None
cat_dims : [2]
bin_alt : None 


X_train shape : (17261, 9)
~~~~~~~~~~~~~~~~~~~~~~~~~~~~~~~~~~~~~~~~~~~~~~~~~~~~~~~~~~~~~~~~~~~~~~~~~~~~~~~
~~~~~~~~~~~~~~~~~~~~~~~~~~~~~~~~~~~~~~~~~~~~~~~~~~~~~~~~~~~~~~~~~~~~~~~~~~~~~~~
AFTER getting cat idx
Nominal Index : None
Ordinal Index : [1, 2, 3]
Cat Idx : [0]
Cat dims : [2]
~~~~~~~~~~~~~~~~~~~~~~~~~~~~~~~~~~~~~~~~~~~~~~~~~~~~~~~~~~~~~~~~~~~~~~~~~~~~~~~
BEFORE getting cat idx
Nominal Index : None
Ordinal Index : [1, 2, 3]
Cat Idx : [1, 2, 3]
Cat dims : []
No one Hot for this Baby!!! 

~~~~~~~~~~~~~~~~~~~~~~~~~~~~~~~~~~~~~~~~~~~~~~~~~~~~~~~~~~~~~~~~~~~~~~~~~~~~~~~ 


AFTER SEPARATING CATEGORICALS AND NUMERICALS
Ordinal Index : [1, 2, 3]
Numerical Index V1 : [0, 4, 5, 6, 7, 8]
Cat Idx V1 : [1, 2, 3] 
Cat Dims V1 : [5, 7, 8]
 

~~~~~~~~~~~~~~~~~~~~~~~~~~~~~~~~~~~~~~~~~~~~~~~~~~~~~~~~~~~~~~~~~~~~~~~~~~~~~~~ 


Scaling the data...
~~~~~~~~~~~~~~~~~~~~~~~~~~~~~~~~~~~~~~~~~~~~~~~~~~~~~~~~~~~~~~~~~~~~~~~~~~~~~~~
After OHE
Numerical Index V2 : [0, 4, 5, 6, 7, 8] 


OHE Idx : None


Ordinal Idx V2: [1, 2, 3]


Cat Dims V2 : [5, 7, 8]
Cat Idx V2 : [1, 2, 3] 
 

Train: [[0.4731554902504729 3.0 2.0 4.0 0.10778048210080737]
 [-0.2046960723084143 1.0 4.0 7.0 0.2445041465045759]
 [-0.6071704375777534 2.0 2.0 5.0 -0.7809233365236734]
 [0.02831540232120332 1.0 3.0 3.0 -0.5074760077161412]
 [0.2613268769508207 1.0 1.0 3.0 0.03941864989892311]
 [0.4519726289205076 3.0 1.0 4.0 -0.6441996721199098]
 [-1.0308276641770577 2.0 4.0 5.0 0.31286597870646016]
 [-0.5224389922578924 1.0 4.0 2.0 1.2699316295328251]
 [-0.18351321097844905 3.0 0.0 4.0 -2.4899691415707554]
 [-0.6283532989077186 4.0 3.0 2.0 -1.6696271551481592]] 
 
 
Val : (17261, 9) 
 

~~~~~~~~~~~~~~~~~~~~~~~~~~~~~~~~~~~~~~~~~~~~~~~~~~~~~~~~~~~~~~~~~~~~~~~~~~~~~~~
Cat Idx V3 : None 
 

ERROR during preprocessing in inner fold 4: 'NoneType' object is not iterable
Skipping inner fold 4 due to preprocessing error.
  outer_5_inner Fold 5/5
Before Debugging -- Inner Fold 5
DEBUG Inner Fold 5: num_features: 9
DEBUG Inner Fold 5: num_classes: 1
DEBUG Inner Fold 5: cat_idx: [0]
DEBUG Inner Fold 5: nominal_idx: None
DEBUG Inner Fold 5: ordinal_idx: [1, 2, 3]
DEBUG Inner Fold 5: num_idx: None
DEBUG Inner Fold 5: cat_dims: [2]
DEBUG Inner Fold 5: bin_alt: None
~~~~~~~~~~~~~~~~~~~~~~~~~~~~~~~~~~~~~~~~~~~~~~~~~~~~~~~~~~~~~~~~~~~~~~~~~~~~~~~
BEFORE ANY ENCODING
num_features :9
num_classes : 1
cat_idx : [0]
nominal_idx : None
ordinal_idx : [1, 2, 3]
num_idx : None
cat_dims : [2]
bin_alt : None 


X_train shape : (17261, 9)
~~~~~~~~~~~~~~~~~~~~~~~~~~~~~~~~~~~~~~~~~~~~~~~~~~~~~~~~~~~~~~~~~~~~~~~~~~~~~~~
~~~~~~~~~~~~~~~~~~~~~~~~~~~~~~~~~~~~~~~~~~~~~~~~~~~~~~~~~~~~~~~~~~~~~~~~~~~~~~~
AFTER getting cat idx
Nominal Index : None
Ordinal Index : [1, 2, 3]
Cat Idx : [0]
Cat dims : [2]
~~~~~~~~~~~~~~~~~~~~~~~~~~~~~~~~~~~~~~~~~~~~~~~~~~~~~~~~~~~~~~~~~~~~~~~~~~~~~~~
BEFORE getting cat idx
Nominal Index : None
Ordinal Index : [1, 2, 3]
Cat Idx : [1, 2, 3]
Cat dims : []
No one Hot for this Baby!!! 

~~~~~~~~~~~~~~~~~~~~~~~~~~~~~~~~~~~~~~~~~~~~~~~~~~~~~~~~~~~~~~~~~~~~~~~~~~~~~~~ 


AFTER SEPARATING CATEGORICALS AND NUMERICALS
Ordinal Index : [1, 2, 3]
Numerical Index V1 : [0, 4, 5, 6, 7, 8]
Cat Idx V1 : [1, 2, 3] 
Cat Dims V1 : [5, 7, 8]
 

~~~~~~~~~~~~~~~~~~~~~~~~~~~~~~~~~~~~~~~~~~~~~~~~~~~~~~~~~~~~~~~~~~~~~~~~~~~~~~~ 


Scaling the data...
~~~~~~~~~~~~~~~~~~~~~~~~~~~~~~~~~~~~~~~~~~~~~~~~~~~~~~~~~~~~~~~~~~~~~~~~~~~~~~~
After OHE
Numerical Index V2 : [0, 4, 5, 6, 7, 8] 


OHE Idx : None


Ordinal Idx V2: [1, 2, 3]


Cat Dims V2 : [5, 7, 8]
Cat Idx V2 : [1, 2, 3] 
 

Train: [[-0.6124157297795658 2.0 2.0 5.0 -0.7889824511638072]
 [0.25202151655447264 1.0 1.0 3.0 0.03902758625068568]
 [-0.04315217731568686 4.0 3.0 2.0 0.8670376236651834]
 [-1.034092435308365 2.0 4.0 5.0 0.3150309320555215]
 [-0.5280803886738059 1.0 4.0 2.0 1.2810426423724321]
 [-0.0853198478685668 1.0 0.0 5.0 1.2120418059212232]
 [0.7369497279125914 2.0 1.0 5.0 -0.23697575955414527]
 [-0.14857135369788674 4.0 5.0 4.0 0.4530326049579345]
 [-1.034092435308365 3.0 0.0 1.0 -1.064985796968638]
 [-0.04315217731568686 2.0 2.0 5.0 -0.9269841240662251]] 
 
 
Val : (17261, 9) 
 

~~~~~~~~~~~~~~~~~~~~~~~~~~~~~~~~~~~~~~~~~~~~~~~~~~~~~~~~~~~~~~~~~~~~~~~~~~~~~~~
Cat Idx V3 : None 
 

ERROR during preprocessing in inner fold 5: 'NoneType' object is not iterable
Skipping inner fold 5 due to preprocessing error.
Warning: No inner folds completed successfully for HPO trial.
ERROR saving hyperparameters to file coz inner_cs issues: 'float' object has no attribute 'get_results'
  outer_5_inner Fold 1/5
Before Debugging -- Inner Fold 1
DEBUG Inner Fold 1: num_features: 9
DEBUG Inner Fold 1: num_classes: 1
DEBUG Inner Fold 1: cat_idx: [0]
DEBUG Inner Fold 1: nominal_idx: None
DEBUG Inner Fold 1: ordinal_idx: [1, 2, 3]
DEBUG Inner Fold 1: num_idx: None
DEBUG Inner Fold 1: cat_dims: [2]
DEBUG Inner Fold 1: bin_alt: None
~~~~~~~~~~~~~~~~~~~~~~~~~~~~~~~~~~~~~~~~~~~~~~~~~~~~~~~~~~~~~~~~~~~~~~~~~~~~~~~
BEFORE ANY ENCODING
num_features :9
num_classes : 1
cat_idx : [0]
nominal_idx : None
ordinal_idx : [1, 2, 3]
num_idx : None
cat_dims : [2]
bin_alt : None 


X_train shape : (17260, 9)
~~~~~~~~~~~~~~~~~~~~~~~~~~~~~~~~~~~~~~~~~~~~~~~~~~~~~~~~~~~~~~~~~~~~~~~~~~~~~~~
~~~~~~~~~~~~~~~~~~~~~~~~~~~~~~~~~~~~~~~~~~~~~~~~~~~~~~~~~~~~~~~~~~~~~~~~~~~~~~~
AFTER getting cat idx
Nominal Index : None
Ordinal Index : [1, 2, 3]
Cat Idx : [0]
Cat dims : [2]
~~~~~~~~~~~~~~~~~~~~~~~~~~~~~~~~~~~~~~~~~~~~~~~~~~~~~~~~~~~~~~~~~~~~~~~~~~~~~~~
BEFORE getting cat idx
Nominal Index : None
Ordinal Index : [1, 2, 3]
Cat Idx : [1, 2, 3]
Cat dims : []
No one Hot for this Baby!!! 

~~~~~~~~~~~~~~~~~~~~~~~~~~~~~~~~~~~~~~~~~~~~~~~~~~~~~~~~~~~~~~~~~~~~~~~~~~~~~~~ 


AFTER SEPARATING CATEGORICALS AND NUMERICALS
Ordinal Index : [1, 2, 3]
Numerical Index V1 : [0, 4, 5, 6, 7, 8]
Cat Idx V1 : [1, 2, 3] 
Cat Dims V1 : [5, 7, 8]
 

~~~~~~~~~~~~~~~~~~~~~~~~~~~~~~~~~~~~~~~~~~~~~~~~~~~~~~~~~~~~~~~~~~~~~~~~~~~~~~~ 


Scaling the data...
~~~~~~~~~~~~~~~~~~~~~~~~~~~~~~~~~~~~~~~~~~~~~~~~~~~~~~~~~~~~~~~~~~~~~~~~~~~~~~~
After OHE
Numerical Index V2 : [0, 4, 5, 6, 7, 8] 


OHE Idx : None


Ordinal Idx V2: [1, 2, 3]


Cat Dims V2 : [5, 7, 8]
Cat Idx V2 : [1, 2, 3] 
 

Train: [[0.45969704050202614 3.0 2.0 4.0 0.10607409954764287]
 [-0.21423325561359347 1.0 4.0 7.0 0.24357092341398656]
 [0.017430283676150928 1.0 3.0 3.0 -0.5126616078508939]
 [0.24909382296589508 1.0 1.0 3.0 0.03732568761447103]
 [0.438636718748413 3.0 1.0 4.0 -0.6501584317172376]
 [-0.04575068158468845 4.0 3.0 2.0 0.8623066308125233]
 [-0.5301380819177899 1.0 4.0 2.0 1.2747971024115494]
 [-0.19317293385998033 3.0 0.0 4.0 -2.506365553912848]
 [-0.0878713250919147 1.0 0.0 5.0 1.2060486904783776]
 [-0.6354396906858555 4.0 3.0 2.0 -1.6813846107148005]] 
 
 
Val : (17260, 9) 
 

~~~~~~~~~~~~~~~~~~~~~~~~~~~~~~~~~~~~~~~~~~~~~~~~~~~~~~~~~~~~~~~~~~~~~~~~~~~~~~~
Cat Idx V3 : None 
 

ERROR during preprocessing in inner fold 1: 'NoneType' object is not iterable
Skipping inner fold 1 due to preprocessing error.
  outer_5_inner Fold 2/5
Before Debugging -- Inner Fold 2
DEBUG Inner Fold 2: num_features: 9
DEBUG Inner Fold 2: num_classes: 1
DEBUG Inner Fold 2: cat_idx: [0]
DEBUG Inner Fold 2: nominal_idx: None
DEBUG Inner Fold 2: ordinal_idx: [1, 2, 3]
DEBUG Inner Fold 2: num_idx: None
DEBUG Inner Fold 2: cat_dims: [2]
DEBUG Inner Fold 2: bin_alt: None
~~~~~~~~~~~~~~~~~~~~~~~~~~~~~~~~~~~~~~~~~~~~~~~~~~~~~~~~~~~~~~~~~~~~~~~~~~~~~~~
BEFORE ANY ENCODING
num_features :9
num_classes : 1
cat_idx : [0]
nominal_idx : None
ordinal_idx : [1, 2, 3]
num_idx : None
cat_dims : [2]
bin_alt : None 


X_train shape : (17261, 9)
~~~~~~~~~~~~~~~~~~~~~~~~~~~~~~~~~~~~~~~~~~~~~~~~~~~~~~~~~~~~~~~~~~~~~~~~~~~~~~~
~~~~~~~~~~~~~~~~~~~~~~~~~~~~~~~~~~~~~~~~~~~~~~~~~~~~~~~~~~~~~~~~~~~~~~~~~~~~~~~
AFTER getting cat idx
Nominal Index : None
Ordinal Index : [1, 2, 3]
Cat Idx : [0]
Cat dims : [2]
~~~~~~~~~~~~~~~~~~~~~~~~~~~~~~~~~~~~~~~~~~~~~~~~~~~~~~~~~~~~~~~~~~~~~~~~~~~~~~~
BEFORE getting cat idx
Nominal Index : None
Ordinal Index : [1, 2, 3]
Cat Idx : [1, 2, 3]
Cat dims : []
No one Hot for this Baby!!! 

~~~~~~~~~~~~~~~~~~~~~~~~~~~~~~~~~~~~~~~~~~~~~~~~~~~~~~~~~~~~~~~~~~~~~~~~~~~~~~~ 


AFTER SEPARATING CATEGORICALS AND NUMERICALS
Ordinal Index : [1, 2, 3]
Numerical Index V1 : [0, 4, 5, 6, 7, 8]
Cat Idx V1 : [1, 2, 3] 
Cat Dims V1 : [5, 7, 8]
 

~~~~~~~~~~~~~~~~~~~~~~~~~~~~~~~~~~~~~~~~~~~~~~~~~~~~~~~~~~~~~~~~~~~~~~~~~~~~~~~ 


Scaling the data...
~~~~~~~~~~~~~~~~~~~~~~~~~~~~~~~~~~~~~~~~~~~~~~~~~~~~~~~~~~~~~~~~~~~~~~~~~~~~~~~
After OHE
Numerical Index V2 : [0, 4, 5, 6, 7, 8] 


OHE Idx : None


Ordinal Idx V2: [1, 2, 3]


Cat Dims V2 : [5, 7, 8]
Cat Idx V2 : [1, 2, 3] 
 

Train: [[0.46211154148056705 3.0 2.0 4.0 0.10862096508842112]
 [-0.21258787265656273 1.0 4.0 7.0 0.24665427719850883]
 [-0.6131906498004833 2.0 2.0 5.0 -0.7885955636271343]
 [0.019340050953075796 1.0 3.0 3.0 -0.5125289394069638]
 [0.4410271847887817 3.0 1.0 4.0 -0.6505622515170515]
 [-0.04391301912228016 4.0 3.0 2.0 0.8678041816938937]
 [-1.0348777836361893 2.0 4.0 5.0 0.31567093325355267]
 [-0.1915035159647774 3.0 0.0 4.0 -2.5140119650032062]
 [-0.08608173250585081 1.0 0.0 5.0 1.2128874619691081]
 [-0.6342750064922686 4.0 3.0 2.0 -1.6858120923426947]] 
 
 
Val : (17261, 9) 
 

~~~~~~~~~~~~~~~~~~~~~~~~~~~~~~~~~~~~~~~~~~~~~~~~~~~~~~~~~~~~~~~~~~~~~~~~~~~~~~~
Cat Idx V3 : None 
 

ERROR during preprocessing in inner fold 2: 'NoneType' object is not iterable
Skipping inner fold 2 due to preprocessing error.
  outer_5_inner Fold 3/5
Before Debugging -- Inner Fold 3
DEBUG Inner Fold 3: num_features: 9
DEBUG Inner Fold 3: num_classes: 1
DEBUG Inner Fold 3: cat_idx: [0]
DEBUG Inner Fold 3: nominal_idx: None
DEBUG Inner Fold 3: ordinal_idx: [1, 2, 3]
DEBUG Inner Fold 3: num_idx: None
DEBUG Inner Fold 3: cat_dims: [2]
DEBUG Inner Fold 3: bin_alt: None
~~~~~~~~~~~~~~~~~~~~~~~~~~~~~~~~~~~~~~~~~~~~~~~~~~~~~~~~~~~~~~~~~~~~~~~~~~~~~~~
BEFORE ANY ENCODING
num_features :9
num_classes : 1
cat_idx : [0]
nominal_idx : None
ordinal_idx : [1, 2, 3]
num_idx : None
cat_dims : [2]
bin_alt : None 


X_train shape : (17261, 9)
~~~~~~~~~~~~~~~~~~~~~~~~~~~~~~~~~~~~~~~~~~~~~~~~~~~~~~~~~~~~~~~~~~~~~~~~~~~~~~~
~~~~~~~~~~~~~~~~~~~~~~~~~~~~~~~~~~~~~~~~~~~~~~~~~~~~~~~~~~~~~~~~~~~~~~~~~~~~~~~
AFTER getting cat idx
Nominal Index : None
Ordinal Index : [1, 2, 3]
Cat Idx : [0]
Cat dims : [2]
~~~~~~~~~~~~~~~~~~~~~~~~~~~~~~~~~~~~~~~~~~~~~~~~~~~~~~~~~~~~~~~~~~~~~~~~~~~~~~~
BEFORE getting cat idx
Nominal Index : None
Ordinal Index : [1, 2, 3]
Cat Idx : [1, 2, 3]
Cat dims : []
No one Hot for this Baby!!! 

~~~~~~~~~~~~~~~~~~~~~~~~~~~~~~~~~~~~~~~~~~~~~~~~~~~~~~~~~~~~~~~~~~~~~~~~~~~~~~~ 


AFTER SEPARATING CATEGORICALS AND NUMERICALS
Ordinal Index : [1, 2, 3]
Numerical Index V1 : [0, 4, 5, 6, 7, 8]
Cat Idx V1 : [1, 2, 3] 
Cat Dims V1 : [5, 7, 8]
 

~~~~~~~~~~~~~~~~~~~~~~~~~~~~~~~~~~~~~~~~~~~~~~~~~~~~~~~~~~~~~~~~~~~~~~~~~~~~~~~ 


Scaling the data...
~~~~~~~~~~~~~~~~~~~~~~~~~~~~~~~~~~~~~~~~~~~~~~~~~~~~~~~~~~~~~~~~~~~~~~~~~~~~~~~
After OHE
Numerical Index V2 : [0, 4, 5, 6, 7, 8] 


OHE Idx : None


Ordinal Idx V2: [1, 2, 3]


Cat Dims V2 : [5, 7, 8]
Cat Idx V2 : [1, 2, 3] 
 

Train: [[0.4607056057947172 3.0 2.0 4.0 0.11394918249533156]
 [-0.2147675110231812 1.0 4.0 7.0 0.25175803441699385]
 [-0.6158296741338082 2.0 2.0 5.0 -0.7818083549954588]
 [0.017426372882971525 1.0 3.0 3.0 -0.506190651152139]
 [0.24962025678912403 1.0 1.0 3.0 0.04504475653450041]
 [0.43959707089415784 3.0 1.0 4.0 -0.6439995030738014]
 [-0.04589923181870649 4.0 3.0 2.0 0.8718978680644645]
 [-1.0380003721449946 2.0 4.0 5.0 0.32066246037782503]
 [-0.5313955345315708 1.0 4.0 2.0 1.2853244238294466]
 [-0.19365897612262187 3.0 0.0 4.0 -2.504419004016213]] 
 
 
Val : (17261, 9) 
 

~~~~~~~~~~~~~~~~~~~~~~~~~~~~~~~~~~~~~~~~~~~~~~~~~~~~~~~~~~~~~~~~~~~~~~~~~~~~~~~
Cat Idx V3 : None 
 

ERROR during preprocessing in inner fold 3: 'NoneType' object is not iterable
Skipping inner fold 3 due to preprocessing error.
  outer_5_inner Fold 4/5
Before Debugging -- Inner Fold 4
DEBUG Inner Fold 4: num_features: 9
DEBUG Inner Fold 4: num_classes: 1
DEBUG Inner Fold 4: cat_idx: [0]
DEBUG Inner Fold 4: nominal_idx: None
DEBUG Inner Fold 4: ordinal_idx: [1, 2, 3]
DEBUG Inner Fold 4: num_idx: None
DEBUG Inner Fold 4: cat_dims: [2]
DEBUG Inner Fold 4: bin_alt: None
~~~~~~~~~~~~~~~~~~~~~~~~~~~~~~~~~~~~~~~~~~~~~~~~~~~~~~~~~~~~~~~~~~~~~~~~~~~~~~~
BEFORE ANY ENCODING
num_features :9
num_classes : 1
cat_idx : [0]
nominal_idx : None
ordinal_idx : [1, 2, 3]
num_idx : None
cat_dims : [2]
bin_alt : None 


X_train shape : (17261, 9)
~~~~~~~~~~~~~~~~~~~~~~~~~~~~~~~~~~~~~~~~~~~~~~~~~~~~~~~~~~~~~~~~~~~~~~~~~~~~~~~
~~~~~~~~~~~~~~~~~~~~~~~~~~~~~~~~~~~~~~~~~~~~~~~~~~~~~~~~~~~~~~~~~~~~~~~~~~~~~~~
AFTER getting cat idx
Nominal Index : None
Ordinal Index : [1, 2, 3]
Cat Idx : [0]
Cat dims : [2]
~~~~~~~~~~~~~~~~~~~~~~~~~~~~~~~~~~~~~~~~~~~~~~~~~~~~~~~~~~~~~~~~~~~~~~~~~~~~~~~
BEFORE getting cat idx
Nominal Index : None
Ordinal Index : [1, 2, 3]
Cat Idx : [1, 2, 3]
Cat dims : []
No one Hot for this Baby!!! 

~~~~~~~~~~~~~~~~~~~~~~~~~~~~~~~~~~~~~~~~~~~~~~~~~~~~~~~~~~~~~~~~~~~~~~~~~~~~~~~ 


AFTER SEPARATING CATEGORICALS AND NUMERICALS
Ordinal Index : [1, 2, 3]
Numerical Index V1 : [0, 4, 5, 6, 7, 8]
Cat Idx V1 : [1, 2, 3] 
Cat Dims V1 : [5, 7, 8]
 

~~~~~~~~~~~~~~~~~~~~~~~~~~~~~~~~~~~~~~~~~~~~~~~~~~~~~~~~~~~~~~~~~~~~~~~~~~~~~~~ 


Scaling the data...
~~~~~~~~~~~~~~~~~~~~~~~~~~~~~~~~~~~~~~~~~~~~~~~~~~~~~~~~~~~~~~~~~~~~~~~~~~~~~~~
After OHE
Numerical Index V2 : [0, 4, 5, 6, 7, 8] 


OHE Idx : None


Ordinal Idx V2: [1, 2, 3]


Cat Dims V2 : [5, 7, 8]
Cat Idx V2 : [1, 2, 3] 
 

Train: [[0.4731554902504729 3.0 2.0 4.0 0.10778048210080737]
 [-0.2046960723084143 1.0 4.0 7.0 0.2445041465045759]
 [-0.6071704375777534 2.0 2.0 5.0 -0.7809233365236734]
 [0.02831540232120332 1.0 3.0 3.0 -0.5074760077161412]
 [0.2613268769508207 1.0 1.0 3.0 0.03941864989892311]
 [0.4519726289205076 3.0 1.0 4.0 -0.6441996721199098]
 [-1.0308276641770577 2.0 4.0 5.0 0.31286597870646016]
 [-0.5224389922578924 1.0 4.0 2.0 1.2699316295328251]
 [-0.18351321097844905 3.0 0.0 4.0 -2.4899691415707554]
 [-0.6283532989077186 4.0 3.0 2.0 -1.6696271551481592]] 
 
 
Val : (17261, 9) 
 

~~~~~~~~~~~~~~~~~~~~~~~~~~~~~~~~~~~~~~~~~~~~~~~~~~~~~~~~~~~~~~~~~~~~~~~~~~~~~~~
Cat Idx V3 : None 
 

ERROR during preprocessing in inner fold 4: 'NoneType' object is not iterable
Skipping inner fold 4 due to preprocessing error.
  outer_5_inner Fold 5/5
Before Debugging -- Inner Fold 5
DEBUG Inner Fold 5: num_features: 9
DEBUG Inner Fold 5: num_classes: 1
DEBUG Inner Fold 5: cat_idx: [0]
DEBUG Inner Fold 5: nominal_idx: None
DEBUG Inner Fold 5: ordinal_idx: [1, 2, 3]
DEBUG Inner Fold 5: num_idx: None
DEBUG Inner Fold 5: cat_dims: [2]
DEBUG Inner Fold 5: bin_alt: None
~~~~~~~~~~~~~~~~~~~~~~~~~~~~~~~~~~~~~~~~~~~~~~~~~~~~~~~~~~~~~~~~~~~~~~~~~~~~~~~
BEFORE ANY ENCODING
num_features :9
num_classes : 1
cat_idx : [0]
nominal_idx : None
ordinal_idx : [1, 2, 3]
num_idx : None
cat_dims : [2]
bin_alt : None 


X_train shape : (17261, 9)
~~~~~~~~~~~~~~~~~~~~~~~~~~~~~~~~~~~~~~~~~~~~~~~~~~~~~~~~~~~~~~~~~~~~~~~~~~~~~~~
~~~~~~~~~~~~~~~~~~~~~~~~~~~~~~~~~~~~~~~~~~~~~~~~~~~~~~~~~~~~~~~~~~~~~~~~~~~~~~~
AFTER getting cat idx
Nominal Index : None
Ordinal Index : [1, 2, 3]
Cat Idx : [0]
Cat dims : [2]
~~~~~~~~~~~~~~~~~~~~~~~~~~~~~~~~~~~~~~~~~~~~~~~~~~~~~~~~~~~~~~~~~~~~~~~~~~~~~~~
BEFORE getting cat idx
Nominal Index : None
Ordinal Index : [1, 2, 3]
Cat Idx : [1, 2, 3]
Cat dims : []
No one Hot for this Baby!!! 

~~~~~~~~~~~~~~~~~~~~~~~~~~~~~~~~~~~~~~~~~~~~~~~~~~~~~~~~~~~~~~~~~~~~~~~~~~~~~~~ 


AFTER SEPARATING CATEGORICALS AND NUMERICALS
Ordinal Index : [1, 2, 3]
Numerical Index V1 : [0, 4, 5, 6, 7, 8]
Cat Idx V1 : [1, 2, 3] 
Cat Dims V1 : [5, 7, 8]
 

~~~~~~~~~~~~~~~~~~~~~~~~~~~~~~~~~~~~~~~~~~~~~~~~~~~~~~~~~~~~~~~~~~~~~~~~~~~~~~~ 


Scaling the data...
~~~~~~~~~~~~~~~~~~~~~~~~~~~~~~~~~~~~~~~~~~~~~~~~~~~~~~~~~~~~~~~~~~~~~~~~~~~~~~~
After OHE
Numerical Index V2 : [0, 4, 5, 6, 7, 8] 


OHE Idx : None


Ordinal Idx V2: [1, 2, 3]


Cat Dims V2 : [5, 7, 8]
Cat Idx V2 : [1, 2, 3] 
 

Train: [[-0.6124157297795658 2.0 2.0 5.0 -0.7889824511638072]
 [0.25202151655447264 1.0 1.0 3.0 0.03902758625068568]
 [-0.04315217731568686 4.0 3.0 2.0 0.8670376236651834]
 [-1.034092435308365 2.0 4.0 5.0 0.3150309320555215]
 [-0.5280803886738059 1.0 4.0 2.0 1.2810426423724321]
 [-0.0853198478685668 1.0 0.0 5.0 1.2120418059212232]
 [0.7369497279125914 2.0 1.0 5.0 -0.23697575955414527]
 [-0.14857135369788674 4.0 5.0 4.0 0.4530326049579345]
 [-1.034092435308365 3.0 0.0 1.0 -1.064985796968638]
 [-0.04315217731568686 2.0 2.0 5.0 -0.9269841240662251]] 
 
 
Val : (17261, 9) 
 

~~~~~~~~~~~~~~~~~~~~~~~~~~~~~~~~~~~~~~~~~~~~~~~~~~~~~~~~~~~~~~~~~~~~~~~~~~~~~~~
Cat Idx V3 : None 
 

ERROR during preprocessing in inner fold 5: 'NoneType' object is not iterable
Skipping inner fold 5 due to preprocessing error.
Warning: No inner folds completed successfully for HPO trial.
ERROR saving hyperparameters to file coz inner_cs issues: 'float' object has no attribute 'get_results'
  outer_5_inner Fold 1/5
Before Debugging -- Inner Fold 1
DEBUG Inner Fold 1: num_features: 9
DEBUG Inner Fold 1: num_classes: 1
DEBUG Inner Fold 1: cat_idx: [0]
DEBUG Inner Fold 1: nominal_idx: None
DEBUG Inner Fold 1: ordinal_idx: [1, 2, 3]
DEBUG Inner Fold 1: num_idx: None
DEBUG Inner Fold 1: cat_dims: [2]
DEBUG Inner Fold 1: bin_alt: None
~~~~~~~~~~~~~~~~~~~~~~~~~~~~~~~~~~~~~~~~~~~~~~~~~~~~~~~~~~~~~~~~~~~~~~~~~~~~~~~
BEFORE ANY ENCODING
num_features :9
num_classes : 1
cat_idx : [0]
nominal_idx : None
ordinal_idx : [1, 2, 3]
num_idx : None
cat_dims : [2]
bin_alt : None 


X_train shape : (17260, 9)
~~~~~~~~~~~~~~~~~~~~~~~~~~~~~~~~~~~~~~~~~~~~~~~~~~~~~~~~~~~~~~~~~~~~~~~~~~~~~~~
~~~~~~~~~~~~~~~~~~~~~~~~~~~~~~~~~~~~~~~~~~~~~~~~~~~~~~~~~~~~~~~~~~~~~~~~~~~~~~~
AFTER getting cat idx
Nominal Index : None
Ordinal Index : [1, 2, 3]
Cat Idx : [0]
Cat dims : [2]
~~~~~~~~~~~~~~~~~~~~~~~~~~~~~~~~~~~~~~~~~~~~~~~~~~~~~~~~~~~~~~~~~~~~~~~~~~~~~~~
BEFORE getting cat idx
Nominal Index : None
Ordinal Index : [1, 2, 3]
Cat Idx : [1, 2, 3]
Cat dims : []
No one Hot for this Baby!!! 

~~~~~~~~~~~~~~~~~~~~~~~~~~~~~~~~~~~~~~~~~~~~~~~~~~~~~~~~~~~~~~~~~~~~~~~~~~~~~~~ 


AFTER SEPARATING CATEGORICALS AND NUMERICALS
Ordinal Index : [1, 2, 3]
Numerical Index V1 : [0, 4, 5, 6, 7, 8]
Cat Idx V1 : [1, 2, 3] 
Cat Dims V1 : [5, 7, 8]
 

~~~~~~~~~~~~~~~~~~~~~~~~~~~~~~~~~~~~~~~~~~~~~~~~~~~~~~~~~~~~~~~~~~~~~~~~~~~~~~~ 


Scaling the data...
~~~~~~~~~~~~~~~~~~~~~~~~~~~~~~~~~~~~~~~~~~~~~~~~~~~~~~~~~~~~~~~~~~~~~~~~~~~~~~~
After OHE
Numerical Index V2 : [0, 4, 5, 6, 7, 8] 


OHE Idx : None


Ordinal Idx V2: [1, 2, 3]


Cat Dims V2 : [5, 7, 8]
Cat Idx V2 : [1, 2, 3] 
 

Train: [[0.45969704050202614 3.0 2.0 4.0 0.10607409954764287]
 [-0.21423325561359347 1.0 4.0 7.0 0.24357092341398656]
 [0.017430283676150928 1.0 3.0 3.0 -0.5126616078508939]
 [0.24909382296589508 1.0 1.0 3.0 0.03732568761447103]
 [0.438636718748413 3.0 1.0 4.0 -0.6501584317172376]
 [-0.04575068158468845 4.0 3.0 2.0 0.8623066308125233]
 [-0.5301380819177899 1.0 4.0 2.0 1.2747971024115494]
 [-0.19317293385998033 3.0 0.0 4.0 -2.506365553912848]
 [-0.0878713250919147 1.0 0.0 5.0 1.2060486904783776]
 [-0.6354396906858555 4.0 3.0 2.0 -1.6813846107148005]] 
 
 
Val : (17260, 9) 
 

~~~~~~~~~~~~~~~~~~~~~~~~~~~~~~~~~~~~~~~~~~~~~~~~~~~~~~~~~~~~~~~~~~~~~~~~~~~~~~~
Cat Idx V3 : None 
 

ERROR during preprocessing in inner fold 1: 'NoneType' object is not iterable
Skipping inner fold 1 due to preprocessing error.
  outer_5_inner Fold 2/5
Before Debugging -- Inner Fold 2
DEBUG Inner Fold 2: num_features: 9
DEBUG Inner Fold 2: num_classes: 1
DEBUG Inner Fold 2: cat_idx: [0]
DEBUG Inner Fold 2: nominal_idx: None
DEBUG Inner Fold 2: ordinal_idx: [1, 2, 3]
DEBUG Inner Fold 2: num_idx: None
DEBUG Inner Fold 2: cat_dims: [2]
DEBUG Inner Fold 2: bin_alt: None
~~~~~~~~~~~~~~~~~~~~~~~~~~~~~~~~~~~~~~~~~~~~~~~~~~~~~~~~~~~~~~~~~~~~~~~~~~~~~~~
BEFORE ANY ENCODING
num_features :9
num_classes : 1
cat_idx : [0]
nominal_idx : None
ordinal_idx : [1, 2, 3]
num_idx : None
cat_dims : [2]
bin_alt : None 


X_train shape : (17261, 9)
~~~~~~~~~~~~~~~~~~~~~~~~~~~~~~~~~~~~~~~~~~~~~~~~~~~~~~~~~~~~~~~~~~~~~~~~~~~~~~~
~~~~~~~~~~~~~~~~~~~~~~~~~~~~~~~~~~~~~~~~~~~~~~~~~~~~~~~~~~~~~~~~~~~~~~~~~~~~~~~
AFTER getting cat idx
Nominal Index : None
Ordinal Index : [1, 2, 3]
Cat Idx : [0]
Cat dims : [2]
~~~~~~~~~~~~~~~~~~~~~~~~~~~~~~~~~~~~~~~~~~~~~~~~~~~~~~~~~~~~~~~~~~~~~~~~~~~~~~~
BEFORE getting cat idx
Nominal Index : None
Ordinal Index : [1, 2, 3]
Cat Idx : [1, 2, 3]
Cat dims : []
No one Hot for this Baby!!! 

~~~~~~~~~~~~~~~~~~~~~~~~~~~~~~~~~~~~~~~~~~~~~~~~~~~~~~~~~~~~~~~~~~~~~~~~~~~~~~~ 


AFTER SEPARATING CATEGORICALS AND NUMERICALS
Ordinal Index : [1, 2, 3]
Numerical Index V1 : [0, 4, 5, 6, 7, 8]
Cat Idx V1 : [1, 2, 3] 
Cat Dims V1 : [5, 7, 8]
 

~~~~~~~~~~~~~~~~~~~~~~~~~~~~~~~~~~~~~~~~~~~~~~~~~~~~~~~~~~~~~~~~~~~~~~~~~~~~~~~ 


Scaling the data...
~~~~~~~~~~~~~~~~~~~~~~~~~~~~~~~~~~~~~~~~~~~~~~~~~~~~~~~~~~~~~~~~~~~~~~~~~~~~~~~
After OHE
Numerical Index V2 : [0, 4, 5, 6, 7, 8] 


OHE Idx : None


Ordinal Idx V2: [1, 2, 3]


Cat Dims V2 : [5, 7, 8]
Cat Idx V2 : [1, 2, 3] 
 

Train: [[0.46211154148056705 3.0 2.0 4.0 0.10862096508842112]
 [-0.21258787265656273 1.0 4.0 7.0 0.24665427719850883]
 [-0.6131906498004833 2.0 2.0 5.0 -0.7885955636271343]
 [0.019340050953075796 1.0 3.0 3.0 -0.5125289394069638]
 [0.4410271847887817 3.0 1.0 4.0 -0.6505622515170515]
 [-0.04391301912228016 4.0 3.0 2.0 0.8678041816938937]
 [-1.0348777836361893 2.0 4.0 5.0 0.31567093325355267]
 [-0.1915035159647774 3.0 0.0 4.0 -2.5140119650032062]
 [-0.08608173250585081 1.0 0.0 5.0 1.2128874619691081]
 [-0.6342750064922686 4.0 3.0 2.0 -1.6858120923426947]] 
 
 
Val : (17261, 9) 
 

~~~~~~~~~~~~~~~~~~~~~~~~~~~~~~~~~~~~~~~~~~~~~~~~~~~~~~~~~~~~~~~~~~~~~~~~~~~~~~~
Cat Idx V3 : None 
 

ERROR during preprocessing in inner fold 2: 'NoneType' object is not iterable
Skipping inner fold 2 due to preprocessing error.
  outer_5_inner Fold 3/5
Before Debugging -- Inner Fold 3
DEBUG Inner Fold 3: num_features: 9
DEBUG Inner Fold 3: num_classes: 1
DEBUG Inner Fold 3: cat_idx: [0]
DEBUG Inner Fold 3: nominal_idx: None
DEBUG Inner Fold 3: ordinal_idx: [1, 2, 3]
DEBUG Inner Fold 3: num_idx: None
DEBUG Inner Fold 3: cat_dims: [2]
DEBUG Inner Fold 3: bin_alt: None
~~~~~~~~~~~~~~~~~~~~~~~~~~~~~~~~~~~~~~~~~~~~~~~~~~~~~~~~~~~~~~~~~~~~~~~~~~~~~~~
BEFORE ANY ENCODING
num_features :9
num_classes : 1
cat_idx : [0]
nominal_idx : None
ordinal_idx : [1, 2, 3]
num_idx : None
cat_dims : [2]
bin_alt : None 


X_train shape : (17261, 9)
~~~~~~~~~~~~~~~~~~~~~~~~~~~~~~~~~~~~~~~~~~~~~~~~~~~~~~~~~~~~~~~~~~~~~~~~~~~~~~~
~~~~~~~~~~~~~~~~~~~~~~~~~~~~~~~~~~~~~~~~~~~~~~~~~~~~~~~~~~~~~~~~~~~~~~~~~~~~~~~
AFTER getting cat idx
Nominal Index : None
Ordinal Index : [1, 2, 3]
Cat Idx : [0]
Cat dims : [2]
~~~~~~~~~~~~~~~~~~~~~~~~~~~~~~~~~~~~~~~~~~~~~~~~~~~~~~~~~~~~~~~~~~~~~~~~~~~~~~~
BEFORE getting cat idx
Nominal Index : None
Ordinal Index : [1, 2, 3]
Cat Idx : [1, 2, 3]
Cat dims : []
No one Hot for this Baby!!! 

~~~~~~~~~~~~~~~~~~~~~~~~~~~~~~~~~~~~~~~~~~~~~~~~~~~~~~~~~~~~~~~~~~~~~~~~~~~~~~~ 


AFTER SEPARATING CATEGORICALS AND NUMERICALS
Ordinal Index : [1, 2, 3]
Numerical Index V1 : [0, 4, 5, 6, 7, 8]
Cat Idx V1 : [1, 2, 3] 
Cat Dims V1 : [5, 7, 8]
 

~~~~~~~~~~~~~~~~~~~~~~~~~~~~~~~~~~~~~~~~~~~~~~~~~~~~~~~~~~~~~~~~~~~~~~~~~~~~~~~ 


Scaling the data...
~~~~~~~~~~~~~~~~~~~~~~~~~~~~~~~~~~~~~~~~~~~~~~~~~~~~~~~~~~~~~~~~~~~~~~~~~~~~~~~
After OHE
Numerical Index V2 : [0, 4, 5, 6, 7, 8] 


OHE Idx : None


Ordinal Idx V2: [1, 2, 3]


Cat Dims V2 : [5, 7, 8]
Cat Idx V2 : [1, 2, 3] 
 

Train: [[0.4607056057947172 3.0 2.0 4.0 0.11394918249533156]
 [-0.2147675110231812 1.0 4.0 7.0 0.25175803441699385]
 [-0.6158296741338082 2.0 2.0 5.0 -0.7818083549954588]
 [0.017426372882971525 1.0 3.0 3.0 -0.506190651152139]
 [0.24962025678912403 1.0 1.0 3.0 0.04504475653450041]
 [0.43959707089415784 3.0 1.0 4.0 -0.6439995030738014]
 [-0.04589923181870649 4.0 3.0 2.0 0.8718978680644645]
 [-1.0380003721449946 2.0 4.0 5.0 0.32066246037782503]
 [-0.5313955345315708 1.0 4.0 2.0 1.2853244238294466]
 [-0.19365897612262187 3.0 0.0 4.0 -2.504419004016213]] 
 
 
Val : (17261, 9) 
 

~~~~~~~~~~~~~~~~~~~~~~~~~~~~~~~~~~~~~~~~~~~~~~~~~~~~~~~~~~~~~~~~~~~~~~~~~~~~~~~
Cat Idx V3 : None 
 

ERROR during preprocessing in inner fold 3: 'NoneType' object is not iterable
Skipping inner fold 3 due to preprocessing error.
  outer_5_inner Fold 4/5
Before Debugging -- Inner Fold 4
DEBUG Inner Fold 4: num_features: 9
DEBUG Inner Fold 4: num_classes: 1
DEBUG Inner Fold 4: cat_idx: [0]
DEBUG Inner Fold 4: nominal_idx: None
DEBUG Inner Fold 4: ordinal_idx: [1, 2, 3]
DEBUG Inner Fold 4: num_idx: None
DEBUG Inner Fold 4: cat_dims: [2]
DEBUG Inner Fold 4: bin_alt: None
~~~~~~~~~~~~~~~~~~~~~~~~~~~~~~~~~~~~~~~~~~~~~~~~~~~~~~~~~~~~~~~~~~~~~~~~~~~~~~~
BEFORE ANY ENCODING
num_features :9
num_classes : 1
cat_idx : [0]
nominal_idx : None
ordinal_idx : [1, 2, 3]
num_idx : None
cat_dims : [2]
bin_alt : None 


X_train shape : (17261, 9)
~~~~~~~~~~~~~~~~~~~~~~~~~~~~~~~~~~~~~~~~~~~~~~~~~~~~~~~~~~~~~~~~~~~~~~~~~~~~~~~
~~~~~~~~~~~~~~~~~~~~~~~~~~~~~~~~~~~~~~~~~~~~~~~~~~~~~~~~~~~~~~~~~~~~~~~~~~~~~~~
AFTER getting cat idx
Nominal Index : None
Ordinal Index : [1, 2, 3]
Cat Idx : [0]
Cat dims : [2]
~~~~~~~~~~~~~~~~~~~~~~~~~~~~~~~~~~~~~~~~~~~~~~~~~~~~~~~~~~~~~~~~~~~~~~~~~~~~~~~
BEFORE getting cat idx
Nominal Index : None
Ordinal Index : [1, 2, 3]
Cat Idx : [1, 2, 3]
Cat dims : []
No one Hot for this Baby!!! 

~~~~~~~~~~~~~~~~~~~~~~~~~~~~~~~~~~~~~~~~~~~~~~~~~~~~~~~~~~~~~~~~~~~~~~~~~~~~~~~ 


AFTER SEPARATING CATEGORICALS AND NUMERICALS
Ordinal Index : [1, 2, 3]
Numerical Index V1 : [0, 4, 5, 6, 7, 8]
Cat Idx V1 : [1, 2, 3] 
Cat Dims V1 : [5, 7, 8]
 

~~~~~~~~~~~~~~~~~~~~~~~~~~~~~~~~~~~~~~~~~~~~~~~~~~~~~~~~~~~~~~~~~~~~~~~~~~~~~~~ 


Scaling the data...
~~~~~~~~~~~~~~~~~~~~~~~~~~~~~~~~~~~~~~~~~~~~~~~~~~~~~~~~~~~~~~~~~~~~~~~~~~~~~~~
After OHE
Numerical Index V2 : [0, 4, 5, 6, 7, 8] 


OHE Idx : None


Ordinal Idx V2: [1, 2, 3]


Cat Dims V2 : [5, 7, 8]
Cat Idx V2 : [1, 2, 3] 
 

Train: [[0.4731554902504729 3.0 2.0 4.0 0.10778048210080737]
 [-0.2046960723084143 1.0 4.0 7.0 0.2445041465045759]
 [-0.6071704375777534 2.0 2.0 5.0 -0.7809233365236734]
 [0.02831540232120332 1.0 3.0 3.0 -0.5074760077161412]
 [0.2613268769508207 1.0 1.0 3.0 0.03941864989892311]
 [0.4519726289205076 3.0 1.0 4.0 -0.6441996721199098]
 [-1.0308276641770577 2.0 4.0 5.0 0.31286597870646016]
 [-0.5224389922578924 1.0 4.0 2.0 1.2699316295328251]
 [-0.18351321097844905 3.0 0.0 4.0 -2.4899691415707554]
 [-0.6283532989077186 4.0 3.0 2.0 -1.6696271551481592]] 
 
 
Val : (17261, 9) 
 

~~~~~~~~~~~~~~~~~~~~~~~~~~~~~~~~~~~~~~~~~~~~~~~~~~~~~~~~~~~~~~~~~~~~~~~~~~~~~~~
Cat Idx V3 : None 
 

ERROR during preprocessing in inner fold 4: 'NoneType' object is not iterable
Skipping inner fold 4 due to preprocessing error.
  outer_5_inner Fold 5/5
Before Debugging -- Inner Fold 5
DEBUG Inner Fold 5: num_features: 9
DEBUG Inner Fold 5: num_classes: 1
DEBUG Inner Fold 5: cat_idx: [0]
DEBUG Inner Fold 5: nominal_idx: None
DEBUG Inner Fold 5: ordinal_idx: [1, 2, 3]
DEBUG Inner Fold 5: num_idx: None
DEBUG Inner Fold 5: cat_dims: [2]
DEBUG Inner Fold 5: bin_alt: None
~~~~~~~~~~~~~~~~~~~~~~~~~~~~~~~~~~~~~~~~~~~~~~~~~~~~~~~~~~~~~~~~~~~~~~~~~~~~~~~
BEFORE ANY ENCODING
num_features :9
num_classes : 1
cat_idx : [0]
nominal_idx : None
ordinal_idx : [1, 2, 3]
num_idx : None
cat_dims : [2]
bin_alt : None 


X_train shape : (17261, 9)
~~~~~~~~~~~~~~~~~~~~~~~~~~~~~~~~~~~~~~~~~~~~~~~~~~~~~~~~~~~~~~~~~~~~~~~~~~~~~~~
~~~~~~~~~~~~~~~~~~~~~~~~~~~~~~~~~~~~~~~~~~~~~~~~~~~~~~~~~~~~~~~~~~~~~~~~~~~~~~~
AFTER getting cat idx
Nominal Index : None
Ordinal Index : [1, 2, 3]
Cat Idx : [0]
Cat dims : [2]
~~~~~~~~~~~~~~~~~~~~~~~~~~~~~~~~~~~~~~~~~~~~~~~~~~~~~~~~~~~~~~~~~~~~~~~~~~~~~~~
BEFORE getting cat idx
Nominal Index : None
Ordinal Index : [1, 2, 3]
Cat Idx : [1, 2, 3]
Cat dims : []
No one Hot for this Baby!!! 

~~~~~~~~~~~~~~~~~~~~~~~~~~~~~~~~~~~~~~~~~~~~~~~~~~~~~~~~~~~~~~~~~~~~~~~~~~~~~~~ 


AFTER SEPARATING CATEGORICALS AND NUMERICALS
Ordinal Index : [1, 2, 3]
Numerical Index V1 : [0, 4, 5, 6, 7, 8]
Cat Idx V1 : [1, 2, 3] 
Cat Dims V1 : [5, 7, 8]
 

~~~~~~~~~~~~~~~~~~~~~~~~~~~~~~~~~~~~~~~~~~~~~~~~~~~~~~~~~~~~~~~~~~~~~~~~~~~~~~~ 


Scaling the data...
~~~~~~~~~~~~~~~~~~~~~~~~~~~~~~~~~~~~~~~~~~~~~~~~~~~~~~~~~~~~~~~~~~~~~~~~~~~~~~~
After OHE
Numerical Index V2 : [0, 4, 5, 6, 7, 8] 


OHE Idx : None


Ordinal Idx V2: [1, 2, 3]


Cat Dims V2 : [5, 7, 8]
Cat Idx V2 : [1, 2, 3] 
 

Train: [[-0.6124157297795658 2.0 2.0 5.0 -0.7889824511638072]
 [0.25202151655447264 1.0 1.0 3.0 0.03902758625068568]
 [-0.04315217731568686 4.0 3.0 2.0 0.8670376236651834]
 [-1.034092435308365 2.0 4.0 5.0 0.3150309320555215]
 [-0.5280803886738059 1.0 4.0 2.0 1.2810426423724321]
 [-0.0853198478685668 1.0 0.0 5.0 1.2120418059212232]
 [0.7369497279125914 2.0 1.0 5.0 -0.23697575955414527]
 [-0.14857135369788674 4.0 5.0 4.0 0.4530326049579345]
 [-1.034092435308365 3.0 0.0 1.0 -1.064985796968638]
 [-0.04315217731568686 2.0 2.0 5.0 -0.9269841240662251]] 
 
 
Val : (17261, 9) 
 

~~~~~~~~~~~~~~~~~~~~~~~~~~~~~~~~~~~~~~~~~~~~~~~~~~~~~~~~~~~~~~~~~~~~~~~~~~~~~~~
Cat Idx V3 : None 
 

ERROR during preprocessing in inner fold 5: 'NoneType' object is not iterable
Skipping inner fold 5 due to preprocessing error.
Warning: No inner folds completed successfully for HPO trial.
ERROR saving hyperparameters to file coz inner_cs issues: 'float' object has no attribute 'get_results'
Best Hyperparameters found for Outer Fold 5: {'learning_rate': 0.23515725402412663, 'max_depth': 6, 'l2_leaf_reg': 0.9187679327753643}
Best Inner CV Score : 0.0000
Hyperparameter Optimization for Outer Fold 5 finished in 0.89 seconds.
Before Debugging -- Outer Fold 5
DEBUG Outer Fold 5: num_features: 9
DEBUG Outer Fold 5: num_classes: 1
DEBUG Outer Fold 5: cat_idx: [0]
DEBUG Outer Fold 5: nominal_idx: None
DEBUG Outer Fold 5: ordinal_idx: [1, 2, 3]
DEBUG Outer Fold 5: num_idx: None
DEBUG Outer Fold 5: cat_dims: [2]
DEBUG Outer Fold 5: bin_alt: None
~~~~~~~~~~~~~~~~~~~~~~~~~~~~~~~~~~~~~~~~~~~~~~~~~~~~~~~~~~~~~~~~~~~~~~~~~~~~~~~
BEFORE ANY ENCODING
num_features :9
num_classes : 1
cat_idx : [0]
nominal_idx : None
ordinal_idx : [1, 2, 3]
num_idx : None
cat_dims : [2]
bin_alt : None 


X_train shape : (21576, 9)
~~~~~~~~~~~~~~~~~~~~~~~~~~~~~~~~~~~~~~~~~~~~~~~~~~~~~~~~~~~~~~~~~~~~~~~~~~~~~~~
~~~~~~~~~~~~~~~~~~~~~~~~~~~~~~~~~~~~~~~~~~~~~~~~~~~~~~~~~~~~~~~~~~~~~~~~~~~~~~~
AFTER getting cat idx
Nominal Index : None
Ordinal Index : [1, 2, 3]
Cat Idx : [0]
Cat dims : [2]
~~~~~~~~~~~~~~~~~~~~~~~~~~~~~~~~~~~~~~~~~~~~~~~~~~~~~~~~~~~~~~~~~~~~~~~~~~~~~~~
BEFORE getting cat idx
Nominal Index : None
Ordinal Index : [1, 2, 3]
Cat Idx : [1, 2, 3]
Cat dims : []
No one Hot for this Baby!!! 

~~~~~~~~~~~~~~~~~~~~~~~~~~~~~~~~~~~~~~~~~~~~~~~~~~~~~~~~~~~~~~~~~~~~~~~~~~~~~~~ 


AFTER SEPARATING CATEGORICALS AND NUMERICALS
Ordinal Index : [1, 2, 3]
Numerical Index V1 : [0, 4, 5, 6, 7, 8]
Cat Idx V1 : [1, 2, 3] 
Cat Dims V1 : [5, 7, 8]
 

~~~~~~~~~~~~~~~~~~~~~~~~~~~~~~~~~~~~~~~~~~~~~~~~~~~~~~~~~~~~~~~~~~~~~~~~~~~~~~~ 


Scaling the data...
~~~~~~~~~~~~~~~~~~~~~~~~~~~~~~~~~~~~~~~~~~~~~~~~~~~~~~~~~~~~~~~~~~~~~~~~~~~~~~~
After OHE
Numerical Index V2 : [0, 4, 5, 6, 7, 8] 


OHE Idx : None


Ordinal Idx V2: [1, 2, 3]


Cat Dims V2 : [5, 7, 8]
Cat Idx V2 : [1, 2, 3] 
 

Train: [[0.4636923109411316 3.0 2.0 4.0 0.1088869145734958]
 [-0.2116257003814734 1.0 4.0 7.0 0.2464967589921624]
 [-0.61259576960427 2.0 2.0 5.0 -0.7855770741478224]
 [0.020514866010672227 1.0 3.0 3.0 -0.5103573853104941]
 [0.2526554324028176 1.0 1.0 3.0 0.04008199236416249]
 [0.4425886230873002 3.0 1.0 4.0 -0.6479672297291608]
 [-0.04279619755082204 4.0 3.0 2.0 0.8657410588761523]
 [-1.034669526680898 2.0 4.0 5.0 0.3153016812014957]
 [-0.5281810181889443 1.0 4.0 2.0 1.2785705921321473]
 [-0.190522012527642 3.0 0.0 4.0 -2.5057001293811307]] 
 
 
Val : (21576, 9) 
 

~~~~~~~~~~~~~~~~~~~~~~~~~~~~~~~~~~~~~~~~~~~~~~~~~~~~~~~~~~~~~~~~~~~~~~~~~~~~~~~
Cat Idx V3 : None 
 

ERROR during preprocessing for final model training in outer fold 5: 'NoneType' object is not iterable
Skipping outer fold 5 due to preprocessing error.
