

----------------------------------------------------------------------------
Training VIME Vesion 1 with Dataset: config/abalone.yml 



----------------------------------------------------------------------------
Namespace(batch_size=128, bin_alt=None, cat_dims=[2], cat_idx=[0], config='config/abalone.yml', data_parallel=False, dataset='Abalone', direction='maximize', dropna_idx=None, early_stopping_rounds=20, epochs=100, frequency_reg=False, gpu_ids=[0, 1], logging_period=100, miss_cat_idx=None, miss_num_idx=None, model_name='SAINT', n_trials=100, nominal_idx=[0], num_bins=10, num_classes=1, num_features=8, num_idx=None, num_splits=5, objective='probabilistic_regression', one_hot_encode=True, optimize_hyperparameters=False, ordinal_encode=False, ordinal_idx=None, scale=True, seed=221, shuffle=True, target_encode=False, use_gpu=True, val_batch_size=256, y_distribution='normal')
Train model with given hyperparameters
Loading dataset Abalone...
Dataset loaded! 

(4177, 8)
I am in Main Once
In get_device
Using dim 128 and batch size 128
Almost Cross Validating
Fold 1
num_features : 8
num_classes : 1
cat_idx : [0]
nominal_idx : [0]
ordinal_idx : None
num_idx : None
cat_dims : [2]
bin_alt : None
~~~~~~~~~~~~~~~~~~~~~~~~~~~~~~~~~~~~~~~~~~~~~~~~~~~~~~~~~~~~~~~~~~~~~~~~~~~~~~~
BEFORE ANY ENCODING
num_features :8
num_classes : 1
cat_idx : [0]
nominal_idx : [0]
ordinal_idx : None
num_idx : None
cat_dims : [2]
bin_alt : None 


X shape : (3341, 8)
~~~~~~~~~~~~~~~~~~~~~~~~~~~~~~~~~~~~~~~~~~~~~~~~~~~~~~~~~~~~~~~~~~~~~~~~~~~~~~~
~~~~~~~~~~~~~~~~~~~~~~~~~~~~~~~~~~~~~~~~~~~~~~~~~~~~~~~~~~~~~~~~~~~~~~~~~~~~~~~ 


AFTER SEPARATING CATEGORICALS AND NUMERICALS
Numerical Index V1 : [1, 2, 3, 4, 5, 6, 7]
Cat Dims V1 : []
Cat Idx V1 : [0] 
 

~~~~~~~~~~~~~~~~~~~~~~~~~~~~~~~~~~~~~~~~~~~~~~~~~~~~~~~~~~~~~~~~~~~~~~~~~~~~~~~ 


Scaling the data...
One Hot Encoding...
~~~~~~~~~~~~~~~~~~~~~~~~~~~~~~~~~~~~~~~~~~~~~~~~~~~~~~~~~~~~~~~~~~~~~~~~~~~~~~~
After OHE
Numerical Index V2 : [1, 2, 3, 4, 5, 6, 7] 


OHE Idx : [0, 1, 2]


Ordinal Idx V2: None


Cat Dims V2 : []
Cat Idx V2 : None 
 

Train: [[0.0 0.0 1.0 -0.5711722952584546 -0.42686139059459793]
 [0.0 0.0 1.0 -1.4481230668108207 -1.4372003130391107]
 [0.0 0.0 1.0 -0.6964509769087927 -0.42686139059459793]
 [0.0 1.0 0.0 -1.6151613090112709 -1.538234205283562]
 [0.0 1.0 0.0 -0.8217296585591307 -1.0835816901835313]
 [1.0 0.0 0.0 0.055221112993235226 0.07830807062765843]
 [1.0 0.0 0.0 0.1804997946435733 0.17934196287210982]
 [0.0 0.0 1.0 -0.4041340530580043 -0.3763444444723722]
 [1.0 0.0 0.0 0.013461552443122539 -0.27531055222792084]
 [0.0 0.0 1.0 -0.27885537140766625 -0.27531055222792084]] 
 
 
Val : (3341, 10) 
 

~~~~~~~~~~~~~~~~~~~~~~~~~~~~~~~~~~~~~~~~~~~~~~~~~~~~~~~~~~~~~~~~~~~~~~~~~~~~~~~
~~~~~~~~~~~~~~~~~~~~~~~~~~~~~~~~~~~~~~~~~~~~~~~~~~~~~~~~~~~~~~~~~~~~~~~~~~~~~~~
After ORDINAL
Numerical Index V2 : [1, 2, 3, 4, 5, 6, 7] 


OHE Idx : [0, 1, 2]


Ordinal Idx V2: None


Cat Dims V2 : []
Cat Idx V2 : None 
 

Train: [[0.0 0.0 1.0 -0.5711722952584546 -0.42686139059459793
  -1.1403358713163287 -0.6396371751892543 -0.6047860626063131
  -0.7242292401724562 -0.6378172121693153]
 [0.0 0.0 1.0 -1.4481230668108207 -1.4372003130391107 -1.268891079376386
  -1.2313829452130387 -1.1708398800472457 -1.207928885291349
  -1.2181336383713948]
 [0.0 0.0 1.0 -0.6964509769087927 -0.42686139059459793
  -0.3690046229559858 -0.6355349514802506 -0.6455419374620602
  -0.6044559947144446 -0.6015474355316853]
 [0.0 1.0 0.0 -1.6151613090112709 -1.538234205283562 -1.5260014954965002
  -1.273430738230327 -1.2161241854425204 -1.2908488244545877
  -1.3269429682842848]
 [0.0 1.0 0.0 -0.8217296585591307 -1.0835816901835313 -1.1403358713163287
  -0.9729428515458055 -0.9829100126568561 -0.9407424146542464
  -0.8554358719950952]
 [1.0 0.0 0.0 0.055221112993235226 0.07830807062765843
  0.27377141734429983 -0.09916920152801632 -0.5481806808622199
  -0.3510895139378818 0.6678947467853636]
 [1.0 0.0 0.0 0.1804997946435733 0.17934196287210982 -0.3690046229559858
  -0.11865476414578383 -0.2900601401091547 -0.27738290134833615
  0.16011787385854406]
 [0.0 0.0 1.0 -0.4041340530580043 -0.3763444444723722 -0.3690046229559858
  -0.6488671785345128 -0.6410135069225328 -0.6182759845749843
  -0.5290078822564254]
 [1.0 0.0 0.0 0.013461552443122539 -0.27531055222792084
  0.016661001224186022 -0.44990932864783295 -0.7429031940619006
  -0.2958095544957226 -0.20257989251775574]
 [0.0 0.0 1.0 -0.27885537140766625 -0.27531055222792084
  -0.11189420683587124 -0.5832315991904535 -0.6364850763830053
  -0.7795091996146154 -0.3476589990682755]] 
 
 
Val : (3341, 10) 
 

FINISHED ENCODING
~~~~~~~~~~~~~~~~~~~~~~~~~~~~~~~~~~~~~~~~~~~~~~~~~~~~~~~~~~~~~~~~~~~~~~~~~~~~~~~
Number of Classes B4 Bin Verifier: 10
Unique values in y_train: (array([0., 1., 2., 3., 4., 5., 6., 7., 8.]), 9)
Unique values in y_test: (array([0., 1., 2., 3., 4., 5., 6., 7., 8.]), 9)
WE ARE IN THE GUTTERS!!!!!
Final Train Labels Length: 9
Final Test Labels Length: 9
Final Num Classes: 9
Final Bin Labels: [0, 1, 2, 3, 4, 5, 6, 7, 8]
VERIFY SHIFT
Train after shift : [0 1 2 3 4 5 6 7 8], Length : 9
Test after shift : [0 1 2 3 4 5 6 7 8], Length : 9
Number of Classes After Bin Verifier: 9
In get_device
Using dim 128 and batch size 128
{'depth': 3, 'dim': 128, 'dropout': 0.8, 'heads': 4}
Epoch 0 loss 1.8573102951049805
Epoch 1 loss 1.7700283527374268
Epoch 2 loss 1.7109510898590088
Epoch 3 loss 1.699867844581604
Epoch 4 loss 1.6338359117507935
Epoch 5 loss 1.6059004068374634
Epoch 6 loss 1.6408711671829224
Epoch 7 loss 1.637434482574463
Epoch 8 loss 1.616027593612671
Epoch 9 loss 1.6339120864868164
Epoch 10 loss 1.6362074613571167
Epoch 11 loss 1.6411163806915283
Epoch 12 loss 1.576296091079712
Epoch 13 loss 1.577280044555664
Epoch 14 loss 1.587581992149353
Epoch 15 loss 1.633259892463684
Epoch 16 loss 1.6171647310256958
Epoch 17 loss 1.6054959297180176
Epoch 18 loss 1.6231040954589844
Epoch 19 loss 1.594684362411499
Epoch 20 loss 1.5647684335708618
Epoch 21 loss 1.58547842502594
Epoch 22 loss 1.6063275337219238
Epoch 23 loss 1.622267484664917
Epoch 24 loss 1.6627123355865479
Epoch 25 loss 1.6071975231170654
Epoch 26 loss 1.5668479204177856
Epoch 27 loss 1.6335663795471191
Epoch 28 loss 1.592260479927063
Epoch 29 loss 1.6110117435455322
Epoch 30 loss 1.5655919313430786
Epoch 31 loss 1.6049153804779053
Epoch 32 loss 1.5817621946334839
Epoch 33 loss 1.6377182006835938
Epoch 34 loss 1.5869503021240234
Epoch 35 loss 1.635830283164978
Epoch 36 loss 1.5884934663772583
Epoch 37 loss 1.574662208557129
Epoch 38 loss 1.6308870315551758
Epoch 39 loss 1.5798051357269287
Epoch 40 loss 1.6192388534545898
Epoch 41 loss 1.6067352294921875
Validation loss has not improved for 20 steps!
Early stopping applies.
State of save is True b4 loss saving
Log file exists at: output/SAINT/Abalone/logging/loss_0.txt
File name : output/SAINT/Abalone/logging/loss_0.txt . The file was saved
Log file exists at: output/SAINT/Abalone/logging/val_loss_0.txt
File name : output/SAINT/Abalone/logging/val_loss_0.txt . The file was saved
Saved Losses and Regularization
±±±±±±±±±±±±±±±±±±±±±±±±±±±±±±±±±±±±±±±±±±±±±±±±±±±±±±±±±±±±±±±±±±±±±±±±±±± 

B4 Evaluation
Number of classes : 9
Class label len :9
Class labels : [0, 1, 2, 3, 4, 5, 6, 7, 8]
Unique y_true : 9
Unique train : 9

Prediction shape : (836,)
Probabilities shape : (836, 9) 

±±±±±±±±±±±±±±±±±±±±±±±±±±±±±±±±±±±±±±±±±±±±±±±±±±±±±±±±±±±±±±±±±±±±±±±±±±± 

IN SCORER EVAL
y_true classes: 9
Probabilities shape: (836, 9)
DONE IN SCORER EVAL
After Evaluation
{'Log Loss - mean': 1.59432, 'Log Loss - std': 0.0, 'AUC - mean': 0.8330481595292345, 'AUC - std': 0.0, 'Accuracy - mean': 0.361244019138756, 'Accuracy - std': 0.0, 'F1 score - mean': 0.34474589945988743, 'F1 score - std': 0.0} 
 

Fold 2
num_features : 8
num_classes : 1
cat_idx : [0]
nominal_idx : [0]
ordinal_idx : None
num_idx : None
cat_dims : [2]
bin_alt : None
~~~~~~~~~~~~~~~~~~~~~~~~~~~~~~~~~~~~~~~~~~~~~~~~~~~~~~~~~~~~~~~~~~~~~~~~~~~~~~~
BEFORE ANY ENCODING
num_features :8
num_classes : 1
cat_idx : [0]
nominal_idx : [0]
ordinal_idx : None
num_idx : None
cat_dims : [2]
bin_alt : None 


X shape : (3341, 8)
~~~~~~~~~~~~~~~~~~~~~~~~~~~~~~~~~~~~~~~~~~~~~~~~~~~~~~~~~~~~~~~~~~~~~~~~~~~~~~~
~~~~~~~~~~~~~~~~~~~~~~~~~~~~~~~~~~~~~~~~~~~~~~~~~~~~~~~~~~~~~~~~~~~~~~~~~~~~~~~ 


AFTER SEPARATING CATEGORICALS AND NUMERICALS
Numerical Index V1 : [1, 2, 3, 4, 5, 6, 7]
Cat Dims V1 : []
Cat Idx V1 : [0] 
 

~~~~~~~~~~~~~~~~~~~~~~~~~~~~~~~~~~~~~~~~~~~~~~~~~~~~~~~~~~~~~~~~~~~~~~~~~~~~~~~ 


Scaling the data...
One Hot Encoding...
~~~~~~~~~~~~~~~~~~~~~~~~~~~~~~~~~~~~~~~~~~~~~~~~~~~~~~~~~~~~~~~~~~~~~~~~~~~~~~~
After OHE
Numerical Index V2 : [1, 2, 3, 4, 5, 6, 7] 


OHE Idx : [0, 1, 2]


Ordinal Idx V2: None


Cat Dims V2 : []
Cat Idx V2 : None 
 

Train: [[1.0 0.0 0.0 0.051808811977212994 0.1209546838869621]
 [0.0 0.0 1.0 -0.6975125768360658 -0.43337947093655044]
 [0.0 1.0 0.0 -1.613349829830073 -1.5420477805835755]
 [0.0 1.0 0.0 -0.8223994749716125 -1.0885016539097927]
 [1.0 0.0 0.0 0.051808811977212994 0.07056066981209727]
 [1.0 0.0 0.0 0.17669571011275956 0.17134869796182692]
 [0.0 0.0 1.0 -0.40610981451979106 -0.3829854568616856]
 [1.0 0.0 0.0 0.21832467615794174 0.3225307401864214]
 [0.0 0.0 1.0 -0.7807705089264303 -0.5845615131611449]
 [0.0 0.0 1.0 -0.2812229163842445 -0.28219742871195597]] 
 
 
Val : (3341, 10) 
 

~~~~~~~~~~~~~~~~~~~~~~~~~~~~~~~~~~~~~~~~~~~~~~~~~~~~~~~~~~~~~~~~~~~~~~~~~~~~~~~
~~~~~~~~~~~~~~~~~~~~~~~~~~~~~~~~~~~~~~~~~~~~~~~~~~~~~~~~~~~~~~~~~~~~~~~~~~~~~~~
After ORDINAL
Numerical Index V2 : [1, 2, 3, 4, 5, 6, 7] 


OHE Idx : [0, 1, 2]


Ordinal Idx V2: None


Cat Dims V2 : []
Cat Idx V2 : None 
 

Train: [[1.0 0.0 0.0 0.051808811977212994 0.1209546838869621
  -0.10725663378676703 -0.30947434175323335 -0.463709340293154
  -0.35856347602228766 -0.20891180319651964]
 [0.0 0.0 1.0 -0.6975125768360658 -0.43337947093655044
  -0.34231364492588795 -0.6402458656513711 -0.6493256004118436
  -0.6110682244346455 -0.6037444215028267]
 [0.0 1.0 0.0 -1.613349829830073 -1.5420477805835755 -1.400070195051931
  -1.2791896167837988 -1.2197560583375726 -1.2951265428608514
  -1.3216219093324761]
 [0.0 1.0 0.0 -0.8223994749716125 -1.0885016539097927 -1.04748467834325
  -0.9782080748516424 -0.9866039267250722 -0.9462108905092297
  -0.855001542243204]
 [1.0 0.0 0.0 0.051808811977212994 0.07056066981209727
  0.24532888292191368 -0.1029989495062593 -0.5519902444959455
  -0.35856347602228766 0.6525411821990598]
 [1.0 0.0 0.0 0.17669571011275956 0.17134869796182692
  -0.34231364492588795 -0.12251652389776423 -0.29393837067240147
  -0.28510754921141984 0.15002694071830516]
 [0.0 0.0 1.0 -0.40610981451979106 -0.3829854568616856
  -0.34231364492588795 -0.6535999954981905 -0.6447983745552902
  -0.6248412107116832 -0.5319566727198618]
 [1.0 0.0 0.0 0.21832467615794174 0.3225307401864214 0.24532888292191368
  0.13737538773648675 -0.20113024061305662 -0.27133456293438213
  0.5807534334160948]
 [0.0 0.0 1.0 -0.7807705089264303 -0.5845615131611449 -0.694899161634569
  -0.8662388322898503 -0.866632441526407 -0.914073922529475
  -0.7473199190687565]
 [0.0 0.0 1.0 -0.2812229163842445 -0.28219742871195597
  -0.10725663378676703 -0.587856587021542 -0.6402711486987368
  -0.7855260506104564 -0.35248730076244944]] 
 
 
Val : (3341, 10) 
 

FINISHED ENCODING
~~~~~~~~~~~~~~~~~~~~~~~~~~~~~~~~~~~~~~~~~~~~~~~~~~~~~~~~~~~~~~~~~~~~~~~~~~~~~~~
Number of Classes B4 Bin Verifier: 10
Unique values in y_train: (array([0., 1., 2., 3., 4., 5., 6., 7.]), 8)
Unique values in y_test: (array([0., 1., 2., 3., 4., 5., 6., 7.]), 8)
WE ARE IN THE GUTTERS!!!!!
Final Train Labels Length: 8
Final Test Labels Length: 8
Final Num Classes: 8
Final Bin Labels: [0, 1, 2, 3, 4, 5, 6, 7]
VERIFY SHIFT
Train after shift : [0 1 2 3 4 5 6 7], Length : 8
Test after shift : [0 1 2 3 4 5 6 7], Length : 8
Number of Classes After Bin Verifier: 8
In get_device
Using dim 128 and batch size 128
{'depth': 3, 'dim': 128, 'dropout': 0.8, 'heads': 4}
Epoch 0 loss 1.697072148323059
Epoch 1 loss 1.647918939590454
Epoch 2 loss 1.648516058921814
Epoch 3 loss 1.5926871299743652
Epoch 4 loss 1.617730975151062
Epoch 5 loss 1.6117589473724365
Epoch 6 loss 1.5629842281341553
Epoch 7 loss 1.5370569229125977
Epoch 8 loss 1.557533621788025
Epoch 9 loss 1.5515022277832031
Epoch 10 loss 1.5437393188476562
Epoch 11 loss 1.536064863204956
Epoch 12 loss 1.5558972358703613
Epoch 13 loss 1.5308618545532227
Epoch 14 loss 1.5247604846954346
Epoch 15 loss 1.582244873046875
Epoch 16 loss 1.5210379362106323
Epoch 17 loss 1.5894360542297363
Epoch 18 loss 1.5629818439483643
Epoch 19 loss 1.552781105041504
Epoch 20 loss 1.5351407527923584
Epoch 21 loss 1.5550189018249512
Epoch 22 loss 1.546407699584961
Epoch 23 loss 1.5372705459594727
Epoch 24 loss 1.5324573516845703
Epoch 25 loss 1.531437635421753
Epoch 26 loss 1.5001535415649414
Epoch 27 loss 1.5591576099395752
Epoch 28 loss 1.551069974899292
Epoch 29 loss 1.5548994541168213
Epoch 30 loss 1.5357043743133545
Epoch 31 loss 1.5111790895462036
Epoch 32 loss 1.552497386932373
Epoch 33 loss 1.5868027210235596
Epoch 34 loss 1.5267455577850342
Epoch 35 loss 1.5196197032928467
Epoch 36 loss 1.5051347017288208
Epoch 37 loss 1.4737193584442139
Epoch 38 loss 1.501814603805542
Epoch 39 loss 1.4964368343353271
Epoch 40 loss 1.4970245361328125
Epoch 41 loss 1.5353400707244873
Epoch 42 loss 1.5139551162719727
Epoch 43 loss 1.530620813369751
Epoch 44 loss 1.5137145519256592
Epoch 45 loss 1.5015755891799927
Epoch 46 loss 1.5270919799804688
Epoch 47 loss 1.5140630006790161
Epoch 48 loss 1.5219382047653198
Epoch 49 loss 1.5136440992355347
Epoch 50 loss 1.5300244092941284
Epoch 51 loss 1.5606815814971924
Epoch 52 loss 1.521984338760376
Epoch 53 loss 1.508887767791748
Epoch 54 loss 1.561826229095459
Epoch 55 loss 1.5322794914245605
Epoch 56 loss 1.5609544515609741
Epoch 57 loss 1.5181288719177246
Epoch 58 loss 1.5233416557312012
Validation loss has not improved for 20 steps!
Early stopping applies.
State of save is True b4 loss saving
Log file exists at: output/SAINT/Abalone/logging/loss_1.txt
File name : output/SAINT/Abalone/logging/loss_1.txt . The file was saved
Log file exists at: output/SAINT/Abalone/logging/val_loss_1.txt
File name : output/SAINT/Abalone/logging/val_loss_1.txt . The file was saved
Saved Losses and Regularization
±±±±±±±±±±±±±±±±±±±±±±±±±±±±±±±±±±±±±±±±±±±±±±±±±±±±±±±±±±±±±±±±±±±±±±±±±±± 

B4 Evaluation
Number of classes : 8
Class label len :8
Class labels : [0, 1, 2, 3, 4, 5, 6, 7]
Unique y_true : 8
Unique train : 8

Prediction shape : (836,)
Probabilities shape : (836, 8) 

±±±±±±±±±±±±±±±±±±±±±±±±±±±±±±±±±±±±±±±±±±±±±±±±±±±±±±±±±±±±±±±±±±±±±±±±±±± 

IN SCORER EVAL
y_true classes: 8
Probabilities shape: (836, 8)
DONE IN SCORER EVAL
After Evaluation
{'Log Loss - mean': 1.564865, 'Log Loss - std': 0.02945500000000001, 'AUC - mean': 0.8272231039912203, 'AUC - std': 0.005825055538014101, 'Accuracy - mean': 0.3672248803827751, 'Accuracy - std': 0.005980861244019142, 'F1 score - mean': 0.3418740838252764, 'F1 score - std': 0.002871815634611058} 
 

Fold 3
num_features : 8
num_classes : 1
cat_idx : [0]
nominal_idx : [0]
ordinal_idx : None
num_idx : None
cat_dims : [2]
bin_alt : None
~~~~~~~~~~~~~~~~~~~~~~~~~~~~~~~~~~~~~~~~~~~~~~~~~~~~~~~~~~~~~~~~~~~~~~~~~~~~~~~
BEFORE ANY ENCODING
num_features :8
num_classes : 1
cat_idx : [0]
nominal_idx : [0]
ordinal_idx : None
num_idx : None
cat_dims : [2]
bin_alt : None 


X shape : (3342, 8)
~~~~~~~~~~~~~~~~~~~~~~~~~~~~~~~~~~~~~~~~~~~~~~~~~~~~~~~~~~~~~~~~~~~~~~~~~~~~~~~
~~~~~~~~~~~~~~~~~~~~~~~~~~~~~~~~~~~~~~~~~~~~~~~~~~~~~~~~~~~~~~~~~~~~~~~~~~~~~~~ 


AFTER SEPARATING CATEGORICALS AND NUMERICALS
Numerical Index V1 : [1, 2, 3, 4, 5, 6, 7]
Cat Dims V1 : []
Cat Idx V1 : [0] 
 

~~~~~~~~~~~~~~~~~~~~~~~~~~~~~~~~~~~~~~~~~~~~~~~~~~~~~~~~~~~~~~~~~~~~~~~~~~~~~~~ 


Scaling the data...
One Hot Encoding...
~~~~~~~~~~~~~~~~~~~~~~~~~~~~~~~~~~~~~~~~~~~~~~~~~~~~~~~~~~~~~~~~~~~~~~~~~~~~~~~
After OHE
Numerical Index V2 : [1, 2, 3, 4, 5, 6, 7] 


OHE Idx : [0, 1, 2]


Ordinal Idx V2: None


Cat Dims V2 : []
Cat Idx V2 : None 
 

Train: [[0.0 0.0 1.0 -0.5698320158539575 -0.4271699725795722]
 [0.0 0.0 1.0 -1.4435910400327316 -1.4336221198959578]
 [1.0 0.0 0.0 0.05428157284516671 0.12637870844443994]
 [0.0 0.0 1.0 -0.6946547335937824 -0.4271699725795722]
 [1.0 0.0 0.0 0.05428157284516671 0.07605610107862061]
 [0.0 0.0 1.0 -0.4034017255341914 -0.37684736521375284]
 [1.0 0.0 0.0 0.22071186316493327 0.3276691379077173]
 [1.0 0.0 0.0 0.012674000265225062 -0.27620215048211416]
 [0.0 0.0 1.0 -0.7778698787536658 -0.5781377946770302]
 [0.0 0.0 1.0 -0.27857900779436645 -0.27620215048211416]] 
 
 
Val : (3342, 10) 
 

~~~~~~~~~~~~~~~~~~~~~~~~~~~~~~~~~~~~~~~~~~~~~~~~~~~~~~~~~~~~~~~~~~~~~~~~~~~~~~~
~~~~~~~~~~~~~~~~~~~~~~~~~~~~~~~~~~~~~~~~~~~~~~~~~~~~~~~~~~~~~~~~~~~~~~~~~~~~~~~
After ORDINAL
Numerical Index V2 : [1, 2, 3, 4, 5, 6, 7] 


OHE Idx : [0, 1, 2]


Ordinal Idx V2: None


Cat Dims V2 : []
Cat Idx V2 : None 
 

Train: [[0.0 0.0 1.0 -0.5698320158539575 -0.4271699725795722 -1.0389280503395208
  -0.6347153561730201 -0.6005026730450418 -0.7223571148557317
  -0.6306854501095174]
 [0.0 0.0 1.0 -1.4435910400327316 -1.4336221198959578 -1.156125699169423
  -1.2182459667920271 -1.160980331721523 -1.1969622573764345
  -1.2017803823001665]
 [1.0 0.0 0.0 0.05428157284516671 0.12637870844443994
  -0.10134685970030412 -0.3050256177643609 -0.4570203924238625
  -0.3562331477683324 -0.2023642509665306]
 [0.0 0.0 1.0 -0.6946547335937824 -0.4271699725795722 -0.3357421573601085
  -0.6306700833091101 -0.6408570644697484 -0.6048358414696529
  -0.5949920168476018]
 [1.0 0.0 0.0 0.05428157284516671 0.07605610107862061 0.25024608678940174
  -0.10175065635288713 -0.5444549071773936 -0.3562331477683324
  0.6542781473194431]
 [0.0 0.0 1.0 -0.4034017255341914 -0.37684736521375284
  -0.3357421573601085 -0.6438172201168175 -0.6363732432003366
  -0.6183959883988158 -0.5236051503237706]
 [1.0 0.0 0.0 0.22071186316493327 0.3276691379077173 0.25024608678940174
  0.13489780618584366 -0.19695875879797511 -0.27035221721696706
  0.5828912807956119]
 [1.0 0.0 0.0 0.012674000265225062 -0.27620215048211416
  0.015850789129598055 -0.44762148621718584 -0.7372592217621032
  -0.3019925600516806 -0.2023642509665306]
 [0.0 0.0 1.0 -0.7778698787536658 -0.5781377946770302 -0.6873351038498147
  -0.8531600908241561 -0.8560804854015173 -0.9031590739112376
  -0.737765749895264]
 [0.0 0.0 1.0 -0.27857900779436645 -0.27620215048211416
  -0.10134685970030412 -0.5790928542942586 -0.6318894219309248
  -0.7765977025723835 -0.3451379840141928]] 
 
 
Val : (3342, 10) 
 

FINISHED ENCODING
~~~~~~~~~~~~~~~~~~~~~~~~~~~~~~~~~~~~~~~~~~~~~~~~~~~~~~~~~~~~~~~~~~~~~~~~~~~~~~~
Number of Classes B4 Bin Verifier: 10
Unique values in y_train: (array([0., 1., 2., 3., 4., 5., 6., 7., 8.]), 9)
Unique values in y_test: (array([0., 1., 2., 3., 4., 5., 6., 7., 8.]), 9)
WE ARE IN THE GUTTERS!!!!!
Final Train Labels Length: 9
Final Test Labels Length: 9
Final Num Classes: 9
Final Bin Labels: [0, 1, 2, 3, 4, 5, 6, 7, 8]
VERIFY SHIFT
Train after shift : [0 1 2 3 4 5 6 7 8], Length : 9
Test after shift : [0 1 2 3 4 5 6 7 8], Length : 9
Number of Classes After Bin Verifier: 9
In get_device
Using dim 128 and batch size 128
{'depth': 3, 'dim': 128, 'dropout': 0.8, 'heads': 4}
Epoch 0 loss 1.8347634077072144
Epoch 1 loss 1.7614729404449463
Epoch 2 loss 1.715601921081543
Epoch 3 loss 1.6681890487670898
Epoch 4 loss 1.640378475189209
Epoch 5 loss 1.665889024734497
Epoch 6 loss 1.6322779655456543
Epoch 7 loss 1.6243200302124023
Epoch 8 loss 1.6931456327438354
Epoch 9 loss 1.590498685836792
Epoch 10 loss 1.62633216381073
Epoch 11 loss 1.6022289991378784
Epoch 12 loss 1.6098586320877075
Epoch 13 loss 1.6307305097579956
Epoch 14 loss 1.5790377855300903
Epoch 15 loss 1.612358570098877
Epoch 16 loss 1.598487377166748
Epoch 17 loss 1.6366089582443237
Epoch 18 loss 1.6360855102539062
Epoch 19 loss 1.611547827720642
Epoch 20 loss 1.6079015731811523
Epoch 21 loss 1.5463923215866089
Epoch 22 loss 1.6083025932312012
Epoch 23 loss 1.5813899040222168
Epoch 24 loss 1.5665152072906494
Epoch 25 loss 1.6176784038543701
Epoch 26 loss 1.5997141599655151
Epoch 27 loss 1.5669347047805786
Epoch 28 loss 1.6112154722213745
Epoch 29 loss 1.5561785697937012
Epoch 30 loss 1.5540939569473267
Epoch 31 loss 1.5838754177093506
Epoch 32 loss 1.5838857889175415
Epoch 33 loss 1.6157686710357666
Epoch 34 loss 1.6068501472473145
Epoch 35 loss 1.6361908912658691
Epoch 36 loss 1.560342788696289
Epoch 37 loss 1.5737240314483643
Epoch 38 loss 1.5814296007156372
Epoch 39 loss 1.562970519065857
Epoch 40 loss 1.6200268268585205
Epoch 41 loss 1.5507721900939941
Epoch 42 loss 1.6085017919540405
Validation loss has not improved for 20 steps!
Early stopping applies.
State of save is True b4 loss saving
Log file exists at: output/SAINT/Abalone/logging/loss_2.txt
File name : output/SAINT/Abalone/logging/loss_2.txt . The file was saved
Log file exists at: output/SAINT/Abalone/logging/val_loss_2.txt
File name : output/SAINT/Abalone/logging/val_loss_2.txt . The file was saved
Saved Losses and Regularization
±±±±±±±±±±±±±±±±±±±±±±±±±±±±±±±±±±±±±±±±±±±±±±±±±±±±±±±±±±±±±±±±±±±±±±±±±±± 

B4 Evaluation
Number of classes : 9
Class label len :9
Class labels : [0, 1, 2, 3, 4, 5, 6, 7, 8]
Unique y_true : 9
Unique train : 9

Prediction shape : (835,)
Probabilities shape : (835, 9) 

±±±±±±±±±±±±±±±±±±±±±±±±±±±±±±±±±±±±±±±±±±±±±±±±±±±±±±±±±±±±±±±±±±±±±±±±±±± 

IN SCORER EVAL
y_true classes: 9
Probabilities shape: (835, 9)
DONE IN SCORER EVAL
After Evaluation
{'Log Loss - mean': 1.57793, 'Log Loss - std': 0.030327981579173196, 'AUC - mean': 0.8305793435469427, 'AUC - std': 0.0067193404382244176, 'Accuracy - mean': 0.3506050100755427, 'Accuracy - std': 0.02400598492470698, 'F1 score - mean': 0.3262437000790125, 'F1 score - std': 0.022228720359115123} 
 

Fold 4
num_features : 8
num_classes : 1
cat_idx : [0]
nominal_idx : [0]
ordinal_idx : None
num_idx : None
cat_dims : [2]
bin_alt : None
~~~~~~~~~~~~~~~~~~~~~~~~~~~~~~~~~~~~~~~~~~~~~~~~~~~~~~~~~~~~~~~~~~~~~~~~~~~~~~~
BEFORE ANY ENCODING
num_features :8
num_classes : 1
cat_idx : [0]
nominal_idx : [0]
ordinal_idx : None
num_idx : None
cat_dims : [2]
bin_alt : None 


X shape : (3342, 8)
~~~~~~~~~~~~~~~~~~~~~~~~~~~~~~~~~~~~~~~~~~~~~~~~~~~~~~~~~~~~~~~~~~~~~~~~~~~~~~~
~~~~~~~~~~~~~~~~~~~~~~~~~~~~~~~~~~~~~~~~~~~~~~~~~~~~~~~~~~~~~~~~~~~~~~~~~~~~~~~ 


AFTER SEPARATING CATEGORICALS AND NUMERICALS
Numerical Index V1 : [1, 2, 3, 4, 5, 6, 7]
Cat Dims V1 : []
Cat Idx V1 : [0] 
 

~~~~~~~~~~~~~~~~~~~~~~~~~~~~~~~~~~~~~~~~~~~~~~~~~~~~~~~~~~~~~~~~~~~~~~~~~~~~~~~ 


Scaling the data...
One Hot Encoding...
~~~~~~~~~~~~~~~~~~~~~~~~~~~~~~~~~~~~~~~~~~~~~~~~~~~~~~~~~~~~~~~~~~~~~~~~~~~~~~~
After OHE
Numerical Index V2 : [1, 2, 3, 4, 5, 6, 7] 


OHE Idx : [0, 1, 2]


Ordinal Idx V2: None


Cat Dims V2 : []
Cat Idx V2 : None 
 

Train: [[0.0 0.0 1.0 -0.5690315405613264 -0.42535969270024443]
 [0.0 0.0 1.0 -1.4392625570934354 -1.4277233177208453]
 [1.0 0.0 0.0 0.05256204267589417 0.12594030106108614]
 [0.0 1.0 0.0 -1.605020845956694 -1.5279596802229054]
 [0.0 1.0 0.0 -0.8176689738562148 -1.0768960489636352]
 [1.0 0.0 0.0 0.05256204267589417 0.07582211981005604]
 [1.0 0.0 0.0 0.17688075932333838 0.17605848231211624]
 [1.0 0.0 0.0 0.21832033153915312 0.32641302606520656]
 [1.0 0.0 0.0 0.011122470460079437 -0.2750051489471541]
 [0.0 0.0 1.0 -0.7762294016404001 -0.5757142364533347]] 
 
 
Val : (3342, 10) 
 

~~~~~~~~~~~~~~~~~~~~~~~~~~~~~~~~~~~~~~~~~~~~~~~~~~~~~~~~~~~~~~~~~~~~~~~~~~~~~~~
~~~~~~~~~~~~~~~~~~~~~~~~~~~~~~~~~~~~~~~~~~~~~~~~~~~~~~~~~~~~~~~~~~~~~~~~~~~~~~~
After ORDINAL
Numerical Index V2 : [1, 2, 3, 4, 5, 6, 7] 


OHE Idx : [0, 1, 2]


Ordinal Idx V2: None


Cat Dims V2 : []
Cat Idx V2 : None 
 

Train: [[0.0 0.0 1.0 -0.5690315405613264 -0.42535969270024443
  -1.0500768981385924 -0.6384214848190454 -0.6042936766305018
  -0.7195875197860123 -0.6349568100929689]
 [0.0 0.0 1.0 -1.4392625570934354 -1.4277233177208453 -1.167955269492567
  -1.225152073368887 -1.1667739623949986 -1.1982585500483505
  -1.2058724559266103]
 [1.0 0.0 0.0 0.05256204267589417 0.12594030106108614
  -0.10704992730679613 -0.30692378660890945 -0.4602987234747907
  -0.35032701072649475 -0.20677007571773787]
 [0.0 1.0 0.0 -1.605020845956694 -1.5279596802229054 -1.403712012200516
  -1.266843501671389 -1.2117723852561584 -1.2803164409504653
  -1.312919139520418]
 [0.0 1.0 0.0 -0.8176689738562148 -1.0768960489636352 -1.0500768981385924
  -0.9689023189242423 -0.9800305075211857 -0.9338497904748684
  -0.8490501772805844]
 [1.0 0.0 0.0 0.05256204267589417 0.07582211981005604 0.24658518675512706
  -0.10253410151615713 -0.5480456480540523 -0.35032701072649475
  0.6496033930327244]
 [1.0 0.0 0.0 0.17688075932333838 0.17605848231211624
  -0.34280667001474535 -0.1218545195099993 -0.2915546377454418
  -0.277386663257948 0.1500522029282881]
 [1.0 0.0 0.0 0.21832033153915312 0.32641302606520656 0.24658518675512706
  0.13541209903958457 -0.1993078708800643 -0.2637103481075954
  0.5782389373035192]
 [1.0 0.0 0.0 0.011122470460079437 -0.2750051489471541
  0.010828444047178483 -0.45030162540531793 -0.741538866357039
  -0.2956217501250846 -0.20677007571773787]
 [0.0 0.0 1.0 -0.7762294016404001 -0.5757142364533347 -0.6964417840766689
  -0.8580641314858839 -0.8607846869391123 -0.9019383884573792
  -0.7420034936867765]] 
 
 
Val : (3342, 10) 
 

FINISHED ENCODING
~~~~~~~~~~~~~~~~~~~~~~~~~~~~~~~~~~~~~~~~~~~~~~~~~~~~~~~~~~~~~~~~~~~~~~~~~~~~~~~
Number of Classes B4 Bin Verifier: 10
Unique values in y_train: (array([0., 1., 2., 3., 4., 6., 7., 8., 9.]), 9)
Unique values in y_test: (array([0., 1., 2., 3., 4., 6., 7., 8., 9.]), 9)
WE ARE IN THE GUTTERS!!!!!
Final Train Labels Length: 9
Final Test Labels Length: 9
Final Num Classes: 9
Final Bin Labels: [0, 1, 2, 3, 4, 5, 6, 7, 8]
VERIFY SHIFT
Train after shift : [0 1 2 3 4 5 6 7 8], Length : 9
Test after shift : [0 1 2 3 4 5 6 7 8], Length : 9
Number of Classes After Bin Verifier: 9
In get_device
Using dim 128 and batch size 128
{'depth': 3, 'dim': 128, 'dropout': 0.8, 'heads': 4}
Epoch 0 loss 1.8351962566375732
Epoch 1 loss 1.7527966499328613
Epoch 2 loss 1.6998990774154663
Epoch 3 loss 1.7355663776397705
Epoch 4 loss 1.6821975708007812
Epoch 5 loss 1.6436128616333008
Epoch 6 loss 1.5961596965789795
Epoch 7 loss 1.641106367111206
Epoch 8 loss 1.5635437965393066
Epoch 9 loss 1.621848464012146
Epoch 10 loss 1.5851495265960693
Epoch 11 loss 1.6391818523406982
Epoch 12 loss 1.6059002876281738
Epoch 13 loss 1.6107144355773926
Epoch 14 loss 1.6128324270248413
Epoch 15 loss 1.6143734455108643
Epoch 16 loss 1.608649492263794
Epoch 17 loss 1.6082831621170044
Epoch 18 loss 1.6390676498413086
Epoch 19 loss 1.6028673648834229
Epoch 20 loss 1.6807968616485596
Epoch 21 loss 1.6469451189041138
Epoch 22 loss 1.5979812145233154
Epoch 23 loss 1.5955755710601807
Epoch 24 loss 1.590104579925537
Epoch 25 loss 1.6045968532562256
Epoch 26 loss 1.6335015296936035
Epoch 27 loss 1.591186285018921
Epoch 28 loss 1.6239917278289795
Epoch 29 loss 1.617506980895996
Validation loss has not improved for 20 steps!
Early stopping applies.
State of save is True b4 loss saving
Log file exists at: output/SAINT/Abalone/logging/loss_3.txt
File name : output/SAINT/Abalone/logging/loss_3.txt . The file was saved
Log file exists at: output/SAINT/Abalone/logging/val_loss_3.txt
File name : output/SAINT/Abalone/logging/val_loss_3.txt . The file was saved
Saved Losses and Regularization
±±±±±±±±±±±±±±±±±±±±±±±±±±±±±±±±±±±±±±±±±±±±±±±±±±±±±±±±±±±±±±±±±±±±±±±±±±± 

B4 Evaluation
Number of classes : 9
Class label len :9
Class labels : [0, 1, 2, 3, 4, 5, 6, 7, 8]
Unique y_true : 9
Unique train : 9

Prediction shape : (835,)
Probabilities shape : (835, 9) 

±±±±±±±±±±±±±±±±±±±±±±±±±±±±±±±±±±±±±±±±±±±±±±±±±±±±±±±±±±±±±±±±±±±±±±±±±±± 

IN SCORER EVAL
y_true classes: 9
Probabilities shape: (835, 9)
DONE IN SCORER EVAL
After Evaluation
{'Log Loss - mean': 1.5855275, 'Log Loss - std': 0.029376961530253622, 'AUC - mean': 0.8301625218921482, 'AUC - std': 0.005863733692732439, 'Accuracy - mean': 0.34409148210755525, 'Accuracy - std': 0.02365361756525223, 'F1 score - mean': 0.31851546269158093, 'F1 score - std': 0.0234470459962932} 
 

Fold 5
num_features : 8
num_classes : 1
cat_idx : [0]
nominal_idx : [0]
ordinal_idx : None
num_idx : None
cat_dims : [2]
bin_alt : None
~~~~~~~~~~~~~~~~~~~~~~~~~~~~~~~~~~~~~~~~~~~~~~~~~~~~~~~~~~~~~~~~~~~~~~~~~~~~~~~
BEFORE ANY ENCODING
num_features :8
num_classes : 1
cat_idx : [0]
nominal_idx : [0]
ordinal_idx : None
num_idx : None
cat_dims : [2]
bin_alt : None 


X shape : (3342, 8)
~~~~~~~~~~~~~~~~~~~~~~~~~~~~~~~~~~~~~~~~~~~~~~~~~~~~~~~~~~~~~~~~~~~~~~~~~~~~~~~
~~~~~~~~~~~~~~~~~~~~~~~~~~~~~~~~~~~~~~~~~~~~~~~~~~~~~~~~~~~~~~~~~~~~~~~~~~~~~~~ 


AFTER SEPARATING CATEGORICALS AND NUMERICALS
Numerical Index V1 : [1, 2, 3, 4, 5, 6, 7]
Cat Dims V1 : []
Cat Idx V1 : [0] 
 

~~~~~~~~~~~~~~~~~~~~~~~~~~~~~~~~~~~~~~~~~~~~~~~~~~~~~~~~~~~~~~~~~~~~~~~~~~~~~~~ 


Scaling the data...
One Hot Encoding...
~~~~~~~~~~~~~~~~~~~~~~~~~~~~~~~~~~~~~~~~~~~~~~~~~~~~~~~~~~~~~~~~~~~~~~~~~~~~~~~
After OHE
Numerical Index V2 : [1, 2, 3, 4, 5, 6, 7] 


OHE Idx : [0, 1, 2]


Ordinal Idx V2: None


Cat Dims V2 : []
Cat Idx V2 : None 
 

Train: [[0.0 0.0 1.0 -0.5902805359689328 -0.4481428509674965]
 [0.0 0.0 1.0 -1.4674337379289928 -1.4602346254866023]
 [1.0 0.0 0.0 0.036257465431109887 0.10850762501801176]
 [0.0 0.0 1.0 -0.7155881362489415 -0.4481428509674965]
 [0.0 1.0 0.0 -1.634510538302337 -1.561443802938513]
 [0.0 1.0 0.0 -0.8408957365289501 -1.1060025044049155]
 [1.0 0.0 0.0 0.1615650657111185 0.15911221374396708]
 [0.0 0.0 1.0 -0.42320373559558844 -0.39753826224154115]
 [1.0 0.0 0.0 0.20333426580445474 0.31092597992183313]
 [1.0 0.0 0.0 -0.0055117346622263206 -0.29632908478963044]] 
 
 
Val : (3342, 10) 
 

~~~~~~~~~~~~~~~~~~~~~~~~~~~~~~~~~~~~~~~~~~~~~~~~~~~~~~~~~~~~~~~~~~~~~~~~~~~~~~~
~~~~~~~~~~~~~~~~~~~~~~~~~~~~~~~~~~~~~~~~~~~~~~~~~~~~~~~~~~~~~~~~~~~~~~~~~~~~~~~
After ORDINAL
Numerical Index V2 : [1, 2, 3, 4, 5, 6, 7] 


OHE Idx : [0, 1, 2]


Ordinal Idx V2: None


Cat Dims V2 : []
Cat Idx V2 : None 
 

Train: [[0.0 0.0 1.0 -0.5902805359689328 -0.4481428509674965 -1.0550394761935622
  -0.652531118203336 -0.6203614871572382 -0.7346462314941438
  -0.6481967718014128]
 [0.0 0.0 1.0 -1.4674337379289928 -1.4602346254866023 -1.172782811845699
  -1.2399035204261921 -1.1817207861619912 -1.2109175474628806
  -1.2256252900914224]
 [1.0 0.0 0.0 0.036257465431109887 0.10850762501801176
  -0.11309279097646885 -0.32067080082959054 -0.4766535066120213
  -0.3672369306039755 -0.21512538308390547]
 [0.0 0.0 1.0 -0.7155881362489415 -0.4481428509674965 -0.3485794622807424
  -0.6484592124686889 -0.6607793566855803 -0.6167123818256947
  -0.6121074894082871]
 [0.0 1.0 0.0 -1.634510538302337 -1.561443802938513 -1.4082694831499722
  -1.2816405542063258 -1.2266295300823715 -1.292564058771807
  -1.3338931372707994]
 [0.0 1.0 0.0 -0.8408957365289501 -1.1060025044049155 -1.0550394761935622
  -0.9833734591434197 -0.9953494988924132 -0.9478343443563404
  -0.8647324661601664]
 [1.0 0.0 0.0 0.1615650657111185 0.15911221374396708 -0.3485794622807424
  -0.13539908990314378 -0.30824571691059555 -0.29466225388492984
  0.14576744084735074]
 [0.0 0.0 1.0 -0.42320373559558844 -0.39753826224154115
  -0.3485794622807424 -0.6616929061062923 -0.6562884822935423
  -0.6303201337105158 -0.5399289246220358]
 [1.0 0.0 0.0 0.20333426580445474 0.31092597992183313 0.24013721597994078
  0.12214894781329044 -0.21618279187381598 -0.28105450200010873
  0.578838829564858]
 [1.0 0.0 0.0 -0.0055117346622263206 -0.29632908478963044
  0.0046505446756679135 -0.4642054779759037 -0.7573331561143978
  -0.31280592306469124 -0.21512538308390547]] 
 
 
Val : (3342, 10) 
 

FINISHED ENCODING
~~~~~~~~~~~~~~~~~~~~~~~~~~~~~~~~~~~~~~~~~~~~~~~~~~~~~~~~~~~~~~~~~~~~~~~~~~~~~~~
Number of Classes B4 Bin Verifier: 10
Unique values in y_train: (array([0., 1., 2., 3., 4., 5., 6., 7.]), 8)
Unique values in y_test: (array([0., 1., 2., 3., 4., 5., 6., 7.]), 8)
WE ARE IN THE GUTTERS!!!!!
Final Train Labels Length: 8
Final Test Labels Length: 8
Final Num Classes: 8
Final Bin Labels: [0, 1, 2, 3, 4, 5, 6, 7]
VERIFY SHIFT
Train after shift : [0 1 2 3 4 5 6 7], Length : 8
Test after shift : [0 1 2 3 4 5 6 7], Length : 8
Number of Classes After Bin Verifier: 8
In get_device
Using dim 128 and batch size 128
{'depth': 3, 'dim': 128, 'dropout': 0.8, 'heads': 4}
Epoch 0 loss 1.7070889472961426
Epoch 1 loss 1.6679280996322632
Epoch 2 loss 1.6423832178115845
Epoch 3 loss 1.5913677215576172
Epoch 4 loss 1.5902827978134155
Epoch 5 loss 1.5713529586791992
Epoch 6 loss 1.606290578842163
Epoch 7 loss 1.5452288389205933
Epoch 8 loss 1.5435714721679688
Epoch 9 loss 1.5590956211090088
Epoch 10 loss 1.5833005905151367
Epoch 11 loss 1.505584955215454
Epoch 12 loss 1.5667067766189575
Epoch 13 loss 1.5473788976669312
Epoch 14 loss 1.5012073516845703
Epoch 15 loss 1.5288597345352173
Epoch 16 loss 1.514614462852478
Epoch 17 loss 1.5697306394577026
Epoch 18 loss 1.5184082984924316
Epoch 19 loss 1.5121617317199707
Epoch 20 loss 1.5182151794433594
Epoch 21 loss 1.5751932859420776
Epoch 22 loss 1.5315335988998413
Epoch 23 loss 1.489890456199646
Epoch 24 loss 1.5150821208953857
Epoch 25 loss 1.5186712741851807
Epoch 26 loss 1.5278210639953613
Epoch 27 loss 1.5426863431930542
Epoch 28 loss 1.5848698616027832
Epoch 29 loss 1.5469411611557007
Epoch 30 loss 1.487101435661316
Epoch 31 loss 1.5189275741577148
Epoch 32 loss 1.4822306632995605
Epoch 33 loss 1.5199185609817505
Epoch 34 loss 1.480558156967163
Epoch 35 loss 1.5041859149932861
Epoch 36 loss 1.5240293741226196
Epoch 37 loss 1.5382872819900513
Epoch 38 loss 1.5328551530838013
Epoch 39 loss 1.5263874530792236
Epoch 40 loss 1.5574461221694946
Epoch 41 loss 1.4932918548583984
Epoch 42 loss 1.5080945491790771
Epoch 43 loss 1.4943647384643555
Epoch 44 loss 1.5460996627807617
Epoch 45 loss 1.5239288806915283
Epoch 46 loss 1.4866032600402832
Epoch 47 loss 1.4558804035186768
Epoch 48 loss 1.529950737953186
Epoch 49 loss 1.5124953985214233
Epoch 50 loss 1.540368914604187
Epoch 51 loss 1.5429024696350098
Epoch 52 loss 1.501023292541504
Epoch 53 loss 1.5184251070022583
Epoch 54 loss 1.4884315729141235
Epoch 55 loss 1.4946279525756836
Epoch 56 loss 1.5116655826568604
Epoch 57 loss 1.4672315120697021
Epoch 58 loss 1.4736183881759644
Epoch 59 loss 1.4758327007293701
Epoch 60 loss 1.5034899711608887
Epoch 61 loss 1.5080528259277344
Epoch 62 loss 1.4821668863296509
Epoch 63 loss 1.5254408121109009
Epoch 64 loss 1.5008779764175415
Epoch 65 loss 1.5041697025299072
Epoch 66 loss 1.5089055299758911
Epoch 67 loss 1.5471292734146118
Epoch 68 loss 1.4799635410308838
Validation loss has not improved for 20 steps!
Early stopping applies.
State of save is True b4 loss saving
Log file exists at: output/SAINT/Abalone/logging/loss_4.txt
File name : output/SAINT/Abalone/logging/loss_4.txt . The file was saved
Log file exists at: output/SAINT/Abalone/logging/val_loss_4.txt
File name : output/SAINT/Abalone/logging/val_loss_4.txt . The file was saved
Saved Losses and Regularization
±±±±±±±±±±±±±±±±±±±±±±±±±±±±±±±±±±±±±±±±±±±±±±±±±±±±±±±±±±±±±±±±±±±±±±±±±±± 

B4 Evaluation
Number of classes : 8
Class label len :8
Class labels : [0, 1, 2, 3, 4, 5, 6, 7]
Unique y_true : 8
Unique train : 8

Prediction shape : (835,)
Probabilities shape : (835, 8) 

±±±±±±±±±±±±±±±±±±±±±±±±±±±±±±±±±±±±±±±±±±±±±±±±±±±±±±±±±±±±±±±±±±±±±±±±±±± 

IN SCORER EVAL
y_true classes: 8
Probabilities shape: (835, 8)
DONE IN SCORER EVAL
After Evaluation
{'Log Loss - mean': 1.5673359999999998, 'Log Loss - std': 0.0448790305599397, 'AUC - mean': 0.8290913413455849, 'AUC - std': 0.0056653693002990954, 'Accuracy - mean': 0.35742887430879866, 'Accuracy - std': 0.03404613079422865, 'F1 score - mean': 0.329701796274065, 'F1 score - std': 0.03066508452354685} 
 

Saving model.....
Results After CV: {'Log Loss - mean': 1.5673359999999998, 'Log Loss - std': 0.0448790305599397, 'AUC - mean': 0.8290913413455849, 'AUC - std': 0.0056653693002990954, 'Accuracy - mean': 0.35742887430879866, 'Accuracy - std': 0.03404613079422865, 'F1 score - mean': 0.329701796274065, 'F1 score - std': 0.03066508452354685}
Train time: 171.61813884580002
Inference time: 0.1984226011999965
Finished cross validation
Loss path :output/SAINT/Abalone/logging/
Plots saved successfully!
{'Log Loss - mean': 1.5673359999999998, 'Log Loss - std': 0.0448790305599397, 'AUC - mean': 0.8290913413455849, 'AUC - std': 0.0056653693002990954, 'Accuracy - mean': 0.35742887430879866, 'Accuracy - std': 0.03404613079422865, 'F1 score - mean': 0.329701796274065, 'F1 score - std': 0.03066508452354685}
(171.61813884580002, 0.1984226011999965)


----------------------------------------------------------------------------
Training VIME Vesion 1 with Dataset: config/black_friday.yml 



----------------------------------------------------------------------------
Namespace(batch_size=128, bin_alt=None, cat_dims=[2], cat_idx=[0], config='config/black_friday.yml', data_parallel=False, dataset='Black_Friday', direction='maximize', dropna_idx=None, early_stopping_rounds=20, epochs=100, frequency_reg=False, gpu_ids=[0, 1], logging_period=100, miss_cat_idx=None, miss_num_idx=None, model_name='SAINT', n_trials=100, nominal_idx=[0, 2, 3, 4, 5, 6, 7, 8], num_bins=10, num_classes=1, num_features=9, num_idx=None, num_splits=5, objective='probabilistic_regression', one_hot_encode=True, optimize_hyperparameters=False, ordinal_encode=True, ordinal_idx=[1], scale=False, seed=221, shuffle=True, target_encode=False, use_gpu=True, val_batch_size=256, y_distribution='bimodial')
Train model with given hyperparameters
Loading dataset Black_Friday...
Dataset loaded! 

(166821, 9)
I am in Main Once
In get_device
Using dim 256 and batch size 128
Almost Cross Validating
Fold 1
num_features : 9
num_classes : 1
cat_idx : [0]
nominal_idx : [0, 2, 3, 4, 5, 6, 7, 8]
ordinal_idx : [1]
num_idx : None
cat_dims : [2]
bin_alt : None
~~~~~~~~~~~~~~~~~~~~~~~~~~~~~~~~~~~~~~~~~~~~~~~~~~~~~~~~~~~~~~~~~~~~~~~~~~~~~~~
BEFORE ANY ENCODING
num_features :9
num_classes : 1
cat_idx : [0]
nominal_idx : [0, 2, 3, 4, 5, 6, 7, 8]
ordinal_idx : [1]
num_idx : None
cat_dims : [2]
bin_alt : None 


X shape : (133456, 9)
~~~~~~~~~~~~~~~~~~~~~~~~~~~~~~~~~~~~~~~~~~~~~~~~~~~~~~~~~~~~~~~~~~~~~~~~~~~~~~~
~~~~~~~~~~~~~~~~~~~~~~~~~~~~~~~~~~~~~~~~~~~~~~~~~~~~~~~~~~~~~~~~~~~~~~~~~~~~~~~ 


AFTER SEPARATING CATEGORICALS AND NUMERICALS
Numerical Index V1 : []
Cat Dims V1 : [8]
Cat Idx V1 : [0, 1, 2, 3, 4, 5, 6, 7, 8] 
 

~~~~~~~~~~~~~~~~~~~~~~~~~~~~~~~~~~~~~~~~~~~~~~~~~~~~~~~~~~~~~~~~~~~~~~~~~~~~~~~ 


One Hot Encoding...
~~~~~~~~~~~~~~~~~~~~~~~~~~~~~~~~~~~~~~~~~~~~~~~~~~~~~~~~~~~~~~~~~~~~~~~~~~~~~~~
After OHE
Numerical Index V2 : [] 


OHE Idx : [1, 2, 3, 4, 5, 6, 7, 8, 9, 10, 11, 12, 13, 14, 15, 16, 17, 18, 19, 20, 21, 22, 23, 24, 25, 26, 27, 28, 29, 30, 31, 32, 33, 34, 35, 36, 37, 38, 39, 40, 41, 42, 43, 44, 45, 46, 47, 48, 49, 50, 51, 52, 53, 54, 55, 56, 57, 58, 59, 60, 61, 62, 63, 64, 65, 66, 67, 68, 69, 70, 71, 72, 73, 74]


Ordinal Idx V2: [0]


Cat Dims V2 : [8]
Cat Idx V2 : [0] 
 

Train: [['0-17' 1.0 0.0 0.0 0.0]
 ['26-35' 0.0 1.0 0.0 0.0]
 ['51-55' 1.0 0.0 0.0 0.0]
 ['36-45' 0.0 1.0 0.0 1.0]
 ['26-35' 0.0 1.0 0.0 0.0]
 ['26-35' 0.0 1.0 0.0 0.0]
 ['36-45' 1.0 0.0 0.0 1.0]
 ['36-45' 1.0 0.0 0.0 1.0]
 ['36-45' 1.0 0.0 0.0 1.0]
 ['36-45' 1.0 0.0 0.0 1.0]] 
 
 
Val : (133456, 75) 
 

~~~~~~~~~~~~~~~~~~~~~~~~~~~~~~~~~~~~~~~~~~~~~~~~~~~~~~~~~~~~~~~~~~~~~~~~~~~~~~~
~~~~~~~~~~~~~~~~~~~~~~~~~~~~~~~~~~~~~~~~~~~~~~~~~~~~~~~~~~~~~~~~~~~~~~~~~~~~~~~
After ORDINAL
Numerical Index V2 : [] 


OHE Idx : [1, 2, 3, 4, 5, 6, 7, 8, 9, 10, 11, 12, 13, 14, 15, 16, 17, 18, 19, 20, 21, 22, 23, 24, 25, 26, 27, 28, 29, 30, 31, 32, 33, 34, 35, 36, 37, 38, 39, 40, 41, 42, 43, 44, 45, 46, 47, 48, 49, 50, 51, 52, 53, 54, 55, 56, 57, 58, 59, 60, 61, 62, 63, 64, 65, 66, 67, 68, 69, 70, 71, 72, 73, 74]


Ordinal Idx V2: [0]


Cat Dims V2 : [8]
Cat Idx V2 : [0] 
 

Train: [[1.0 1.0 0.0 0.0 0.0 1.0 0.0 0.0 0.0 0.0 0.0 0.0 0.0 0.0 0.0 0.0 0.0 0.0
  0.0 0.0 0.0 0.0 0.0 0.0 1.0 0.0 0.0 0.0 0.0 1.0 0.0 0.0 1.0 0.0 1.0 0.0
  0.0 0.0 0.0 0.0 0.0 0.0 0.0 0.0 0.0 0.0 0.0 0.0 0.0 0.0 1.0 0.0 0.0 0.0
  0.0 0.0 0.0 0.0 0.0 0.0 0.0 0.0 0.0 0.0 0.0 0.0 0.0 0.0 0.0 0.0 1.0 0.0
  0.0 0.0 0.0]
 [3.0 0.0 1.0 0.0 0.0 0.0 0.0 0.0 0.0 0.0 0.0 0.0 0.0 0.0 0.0 0.0 1.0 0.0
  0.0 0.0 0.0 0.0 0.0 0.0 1.0 0.0 0.0 0.0 1.0 0.0 0.0 0.0 0.0 1.0 1.0 0.0
  0.0 0.0 0.0 0.0 0.0 0.0 0.0 0.0 0.0 0.0 1.0 0.0 0.0 0.0 0.0 0.0 0.0 0.0
  0.0 0.0 0.0 0.0 0.0 0.0 0.0 0.0 1.0 0.0 0.0 0.0 0.0 0.0 0.0 0.0 0.0 0.0
  0.0 0.0 0.0]
 [6.0 1.0 0.0 0.0 0.0 0.0 0.0 0.0 0.0 0.0 0.0 0.0 0.0 0.0 0.0 0.0 0.0 0.0
  0.0 0.0 0.0 0.0 0.0 1.0 1.0 0.0 0.0 0.0 1.0 0.0 0.0 0.0 1.0 0.0 0.0 0.0
  0.0 0.0 1.0 0.0 0.0 0.0 0.0 0.0 0.0 0.0 0.0 0.0 0.0 0.0 0.0 1.0 0.0 0.0
  0.0 0.0 0.0 0.0 0.0 0.0 0.0 0.0 0.0 0.0 0.0 0.0 0.0 0.0 0.0 0.0 1.0 0.0
  0.0 0.0 0.0]
 [4.0 0.0 1.0 0.0 1.0 0.0 0.0 0.0 0.0 0.0 0.0 0.0 0.0 0.0 0.0 0.0 0.0 0.0
  0.0 0.0 0.0 0.0 0.0 0.0 0.0 1.0 0.0 0.0 1.0 0.0 0.0 0.0 0.0 1.0 1.0 0.0
  0.0 0.0 0.0 0.0 0.0 0.0 0.0 0.0 0.0 0.0 0.0 0.0 0.0 0.0 0.0 0.0 0.0 0.0
  0.0 0.0 0.0 1.0 0.0 0.0 0.0 0.0 0.0 0.0 0.0 0.0 0.0 0.0 0.0 0.0 0.0 0.0
  1.0 0.0 0.0]
 [3.0 0.0 1.0 0.0 0.0 0.0 0.0 1.0 0.0 0.0 0.0 0.0 0.0 0.0 0.0 0.0 0.0 0.0
  0.0 0.0 0.0 0.0 0.0 0.0 0.0 0.0 1.0 0.0 0.0 0.0 0.0 1.0 0.0 1.0 1.0 0.0
  0.0 0.0 0.0 0.0 0.0 0.0 0.0 0.0 0.0 0.0 0.0 0.0 0.0 0.0 0.0 1.0 0.0 0.0
  0.0 0.0 0.0 0.0 0.0 0.0 0.0 0.0 0.0 0.0 0.0 0.0 0.0 0.0 0.0 0.0 1.0 0.0
  0.0 0.0 0.0]
 [3.0 0.0 1.0 0.0 0.0 0.0 0.0 0.0 0.0 0.0 0.0 0.0 1.0 0.0 0.0 0.0 0.0 0.0
  0.0 0.0 0.0 0.0 0.0 0.0 0.0 0.0 1.0 1.0 0.0 0.0 0.0 0.0 1.0 0.0 0.0 0.0
  0.0 0.0 1.0 0.0 0.0 0.0 0.0 0.0 0.0 0.0 0.0 0.0 0.0 0.0 0.0 1.0 0.0 0.0
  0.0 0.0 0.0 0.0 0.0 0.0 0.0 0.0 0.0 0.0 0.0 0.0 0.0 0.0 0.0 0.0 1.0 0.0
  0.0 0.0 0.0]
 [4.0 1.0 0.0 0.0 1.0 0.0 0.0 0.0 0.0 0.0 0.0 0.0 0.0 0.0 0.0 0.0 0.0 0.0
  0.0 0.0 0.0 0.0 0.0 0.0 0.0 1.0 0.0 0.0 0.0 0.0 0.0 1.0 0.0 1.0 0.0 1.0
  0.0 0.0 0.0 0.0 0.0 0.0 0.0 0.0 0.0 0.0 0.0 0.0 1.0 0.0 0.0 0.0 0.0 0.0
  0.0 0.0 0.0 0.0 0.0 0.0 0.0 0.0 0.0 0.0 1.0 0.0 0.0 0.0 0.0 0.0 0.0 0.0
  0.0 0.0 0.0]
 [4.0 1.0 0.0 0.0 1.0 0.0 0.0 0.0 0.0 0.0 0.0 0.0 0.0 0.0 0.0 0.0 0.0 0.0
  0.0 0.0 0.0 0.0 0.0 0.0 0.0 1.0 0.0 0.0 0.0 0.0 0.0 1.0 0.0 1.0 1.0 0.0
  0.0 0.0 0.0 0.0 0.0 0.0 0.0 0.0 0.0 0.0 0.0 0.0 0.0 0.0 0.0 0.0 0.0 0.0
  1.0 0.0 0.0 0.0 0.0 0.0 0.0 0.0 0.0 0.0 0.0 0.0 0.0 0.0 0.0 0.0 0.0 1.0
  0.0 0.0 0.0]
 [4.0 1.0 0.0 0.0 1.0 0.0 0.0 0.0 0.0 0.0 0.0 0.0 0.0 0.0 0.0 0.0 0.0 0.0
  0.0 0.0 0.0 0.0 0.0 0.0 0.0 1.0 0.0 0.0 0.0 0.0 0.0 1.0 0.0 1.0 1.0 0.0
  0.0 0.0 0.0 0.0 0.0 0.0 0.0 0.0 0.0 0.0 1.0 0.0 0.0 0.0 0.0 0.0 0.0 0.0
  0.0 0.0 0.0 0.0 0.0 0.0 0.0 0.0 1.0 0.0 0.0 0.0 0.0 0.0 0.0 0.0 0.0 0.0
  0.0 0.0 0.0]
 [4.0 1.0 0.0 0.0 1.0 0.0 0.0 0.0 0.0 0.0 0.0 0.0 0.0 0.0 0.0 0.0 0.0 0.0
  0.0 0.0 0.0 0.0 0.0 0.0 0.0 1.0 0.0 0.0 0.0 0.0 0.0 1.0 0.0 1.0 1.0 0.0
  0.0 0.0 0.0 0.0 0.0 0.0 0.0 0.0 0.0 0.0 0.0 0.0 0.0 0.0 0.0 0.0 0.0 0.0
  0.0 0.0 0.0 0.0 1.0 0.0 0.0 0.0 0.0 0.0 0.0 0.0 0.0 0.0 0.0 0.0 0.0 0.0
  1.0 0.0 0.0]] 
 
 
Val : (133456, 75) 
 

FINISHED ENCODING
~~~~~~~~~~~~~~~~~~~~~~~~~~~~~~~~~~~~~~~~~~~~~~~~~~~~~~~~~~~~~~~~~~~~~~~~~~~~~~~
Number of Classes B4 Bin Verifier: 46
Unique values in y_train: (array([ 0.,  1.,  2.,  3.,  4.,  5.,  6.,  7.,  8.,  9., 10., 11., 12.,
       13., 14., 15., 16., 17., 18., 19., 20., 21., 22., 23., 24., 25.,
       26., 27., 28., 29., 30., 31., 32., 33., 34., 35., 36., 37., 38.,
       39., 40., 41., 42., 43., 44., 45.]), 46)
Unique values in y_test: (array([ 0.,  1.,  2.,  3.,  4.,  5.,  6.,  7.,  8.,  9., 10., 11., 12.,
       13., 14., 15., 16., 17., 18., 19., 20., 21., 22., 23., 24., 25.,
       26., 27., 28., 29., 30., 31., 32., 33., 34., 35., 36., 37., 38.,
       39., 40., 41., 42., 43., 44., 45.]), 46)
No need to shift labels.
VERIFY SHIFT
Train after shift : [ 0  1  2  3  4  5  6  7  8  9 10 11 12 13 14 15 16 17 18 19 20 21 22 23
 24 25 26 27 28 29 30 31 32 33 34 35 36 37 38 39 40 41 42 43 44 45], Length : 46
Test after shift : [ 0  1  2  3  4  5  6  7  8  9 10 11 12 13 14 15 16 17 18 19 20 21 22 23
 24 25 26 27 28 29 30 31 32 33 34 35 36 37 38 39 40 41 42 43 44 45], Length : 46
Number of Classes After Bin Verifier: 46
In get_device
Using dim 8 and batch size 64
{'depth': 6, 'dim': 256, 'dropout': 0.6, 'heads': 8}
Epoch 0 loss 2.194215774536133
Epoch 1 loss 2.1825144290924072
Epoch 2 loss 2.1691203117370605
Epoch 3 loss 2.1636712551116943
Epoch 4 loss 2.1565773487091064
Epoch 5 loss 2.158078908920288
Epoch 6 loss 2.150986909866333
Epoch 7 loss 2.148124933242798
Epoch 8 loss 2.1479644775390625
Epoch 9 loss 2.143537759780884
Epoch 10 loss 2.144024133682251
Epoch 11 loss 2.1445934772491455
Epoch 12 loss 2.143373727798462
Epoch 13 loss 2.1418564319610596
Epoch 14 loss 2.14343523979187
Epoch 15 loss 2.1390206813812256
Epoch 16 loss 2.1397266387939453
Epoch 17 loss 2.1438424587249756
Epoch 18 loss 2.141770601272583
Epoch 19 loss 2.13932728767395
Epoch 20 loss 2.1390087604522705
Epoch 21 loss 2.137740135192871
Epoch 22 loss 2.139291763305664
Epoch 23 loss 2.139331817626953
Epoch 24 loss 2.142786979675293
Epoch 25 loss 2.142158269882202
Epoch 26 loss 2.14574933052063
Epoch 27 loss 2.1455886363983154
Epoch 28 loss 2.1479952335357666
Epoch 29 loss 2.158857822418213
Epoch 30 loss 2.1523492336273193
Epoch 31 loss 2.1541330814361572
Epoch 32 loss 2.16340970993042
Epoch 33 loss 2.16339373588562
Epoch 34 loss 2.1612539291381836
Epoch 35 loss 2.1713337898254395
Epoch 36 loss 2.182474136352539
Epoch 37 loss 2.183471441268921
Epoch 38 loss 2.183757781982422
Epoch 39 loss 2.201334238052368
Epoch 40 loss 2.203723669052124
Epoch 41 loss 2.20585036277771
Epoch 42 loss 2.224395751953125
Validation loss has not improved for 20 steps!
Early stopping applies.
State of save is True b4 loss saving
Log file exists at: output/SAINT/Black_Friday/logging/loss_0.txt
File name : output/SAINT/Black_Friday/logging/loss_0.txt . The file was saved
Log file exists at: output/SAINT/Black_Friday/logging/val_loss_0.txt
File name : output/SAINT/Black_Friday/logging/val_loss_0.txt . The file was saved
Saved Losses and Regularization
±±±±±±±±±±±±±±±±±±±±±±±±±±±±±±±±±±±±±±±±±±±±±±±±±±±±±±±±±±±±±±±±±±±±±±±±±±± 

B4 Evaluation
Number of classes : 46
Class label len :46
Class labels : [0, 1, 2, 3, 4, 5, 6, 7, 8, 9, 10, 11, 12, 13, 14, 15, 16, 17, 18, 19, 20, 21, 22, 23, 24, 25, 26, 27, 28, 29, 30, 31, 32, 33, 34, 35, 36, 37, 38, 39, 40, 41, 42, 43, 44, 45]
Unique y_true : 46
Unique train : 46

Prediction shape : (33365,)
Probabilities shape : (33365, 46) 

±±±±±±±±±±±±±±±±±±±±±±±±±±±±±±±±±±±±±±±±±±±±±±±±±±±±±±±±±±±±±±±±±±±±±±±±±±± 

IN SCORER EVAL
y_true classes: 46
Probabilities shape: (33365, 46)
DONE IN SCORER EVAL
After Evaluation
{'Log Loss - mean': 2.13794, 'Log Loss - std': 0.0, 'AUC - mean': 0.935200199526587, 'AUC - std': 0.0, 'Accuracy - mean': 0.20626404915330437, 'Accuracy - std': 0.0, 'F1 score - mean': 0.15567921007896204, 'F1 score - std': 0.0} 
 

Fold 2
num_features : 9
num_classes : 1
cat_idx : [0]
nominal_idx : [0, 2, 3, 4, 5, 6, 7, 8]
ordinal_idx : [1]
num_idx : None
cat_dims : [2]
bin_alt : None
~~~~~~~~~~~~~~~~~~~~~~~~~~~~~~~~~~~~~~~~~~~~~~~~~~~~~~~~~~~~~~~~~~~~~~~~~~~~~~~
BEFORE ANY ENCODING
num_features :9
num_classes : 1
cat_idx : [0]
nominal_idx : [0, 2, 3, 4, 5, 6, 7, 8]
ordinal_idx : [1]
num_idx : None
cat_dims : [2]
bin_alt : None 


X shape : (133457, 9)
~~~~~~~~~~~~~~~~~~~~~~~~~~~~~~~~~~~~~~~~~~~~~~~~~~~~~~~~~~~~~~~~~~~~~~~~~~~~~~~
~~~~~~~~~~~~~~~~~~~~~~~~~~~~~~~~~~~~~~~~~~~~~~~~~~~~~~~~~~~~~~~~~~~~~~~~~~~~~~~ 


AFTER SEPARATING CATEGORICALS AND NUMERICALS
Numerical Index V1 : []
Cat Dims V1 : [8]
Cat Idx V1 : [0, 1, 2, 3, 4, 5, 6, 7, 8] 
 

~~~~~~~~~~~~~~~~~~~~~~~~~~~~~~~~~~~~~~~~~~~~~~~~~~~~~~~~~~~~~~~~~~~~~~~~~~~~~~~ 


One Hot Encoding...
~~~~~~~~~~~~~~~~~~~~~~~~~~~~~~~~~~~~~~~~~~~~~~~~~~~~~~~~~~~~~~~~~~~~~~~~~~~~~~~
After OHE
Numerical Index V2 : [] 


OHE Idx : [1, 2, 3, 4, 5, 6, 7, 8, 9, 10, 11, 12, 13, 14, 15, 16, 17, 18, 19, 20, 21, 22, 23, 24, 25, 26, 27, 28, 29, 30, 31, 32, 33, 34, 35, 36, 37, 38, 39, 40, 41, 42, 43, 44, 45, 46, 47, 48, 49, 50, 51, 52, 53, 54, 55, 56, 57, 58, 59, 60, 61, 62, 63, 64, 65, 66, 67, 68, 69, 70, 71, 72, 73, 74]


Ordinal Idx V2: [0]


Cat Dims V2 : [8]
Cat Idx V2 : [0] 
 

Train: [['0-17' 1.0 0.0 0.0 0.0]
 ['46-50' 0.0 1.0 0.0 0.0]
 ['26-35' 0.0 1.0 0.0 0.0]
 ['51-55' 1.0 0.0 0.0 0.0]
 ['51-55' 1.0 0.0 0.0 0.0]
 ['36-45' 0.0 1.0 0.0 1.0]
 ['26-35' 0.0 1.0 0.0 0.0]
 ['26-35' 0.0 1.0 0.0 0.0]
 ['36-45' 1.0 0.0 0.0 1.0]
 ['36-45' 1.0 0.0 0.0 1.0]] 
 
 
Val : (133457, 75) 
 

~~~~~~~~~~~~~~~~~~~~~~~~~~~~~~~~~~~~~~~~~~~~~~~~~~~~~~~~~~~~~~~~~~~~~~~~~~~~~~~
~~~~~~~~~~~~~~~~~~~~~~~~~~~~~~~~~~~~~~~~~~~~~~~~~~~~~~~~~~~~~~~~~~~~~~~~~~~~~~~
After ORDINAL
Numerical Index V2 : [] 


OHE Idx : [1, 2, 3, 4, 5, 6, 7, 8, 9, 10, 11, 12, 13, 14, 15, 16, 17, 18, 19, 20, 21, 22, 23, 24, 25, 26, 27, 28, 29, 30, 31, 32, 33, 34, 35, 36, 37, 38, 39, 40, 41, 42, 43, 44, 45, 46, 47, 48, 49, 50, 51, 52, 53, 54, 55, 56, 57, 58, 59, 60, 61, 62, 63, 64, 65, 66, 67, 68, 69, 70, 71, 72, 73, 74]


Ordinal Idx V2: [0]


Cat Dims V2 : [8]
Cat Idx V2 : [0] 
 

Train: [[1.0 1.0 0.0 0.0 0.0 1.0 0.0 0.0 0.0 0.0 0.0 0.0 0.0 0.0 0.0 0.0 0.0 0.0
  0.0 0.0 0.0 0.0 0.0 0.0 1.0 0.0 0.0 0.0 0.0 1.0 0.0 0.0 1.0 0.0 1.0 0.0
  0.0 0.0 0.0 0.0 0.0 0.0 0.0 0.0 0.0 0.0 0.0 0.0 0.0 0.0 1.0 0.0 0.0 0.0
  0.0 0.0 0.0 0.0 0.0 0.0 0.0 0.0 0.0 0.0 0.0 0.0 0.0 0.0 0.0 0.0 1.0 0.0
  0.0 0.0 0.0]
 [5.0 0.0 1.0 0.0 0.0 0.0 0.0 0.0 0.0 0.0 0.0 0.0 0.0 0.0 0.0 0.0 0.0 0.0
  0.0 0.0 0.0 1.0 0.0 0.0 0.0 1.0 0.0 0.0 0.0 1.0 0.0 0.0 0.0 1.0 1.0 0.0
  0.0 0.0 0.0 0.0 0.0 0.0 0.0 0.0 0.0 0.0 0.0 0.0 0.0 0.0 0.0 1.0 0.0 0.0
  0.0 0.0 0.0 0.0 0.0 0.0 0.0 0.0 0.0 0.0 0.0 0.0 0.0 0.0 0.0 0.0 0.0 0.0
  0.0 1.0 0.0]
 [3.0 0.0 1.0 0.0 0.0 0.0 0.0 0.0 0.0 0.0 0.0 0.0 0.0 0.0 0.0 0.0 1.0 0.0
  0.0 0.0 0.0 0.0 0.0 0.0 1.0 0.0 0.0 0.0 1.0 0.0 0.0 0.0 0.0 1.0 1.0 0.0
  0.0 0.0 0.0 0.0 0.0 0.0 0.0 0.0 0.0 0.0 1.0 0.0 0.0 0.0 0.0 0.0 0.0 0.0
  0.0 0.0 0.0 0.0 0.0 0.0 0.0 0.0 1.0 0.0 0.0 0.0 0.0 0.0 0.0 0.0 0.0 0.0
  0.0 0.0 0.0]
 [6.0 1.0 0.0 0.0 0.0 0.0 0.0 0.0 0.0 0.0 0.0 0.0 0.0 0.0 0.0 0.0 0.0 0.0
  0.0 0.0 0.0 0.0 0.0 1.0 1.0 0.0 0.0 0.0 1.0 0.0 0.0 0.0 1.0 0.0 0.0 0.0
  0.0 0.0 1.0 0.0 0.0 0.0 0.0 0.0 0.0 0.0 0.0 0.0 0.0 0.0 0.0 1.0 0.0 0.0
  0.0 0.0 0.0 0.0 0.0 0.0 0.0 0.0 0.0 0.0 0.0 0.0 0.0 0.0 0.0 0.0 1.0 0.0
  0.0 0.0 0.0]
 [6.0 1.0 0.0 0.0 0.0 0.0 0.0 0.0 0.0 0.0 0.0 0.0 0.0 0.0 0.0 0.0 0.0 0.0
  0.0 0.0 0.0 0.0 0.0 1.0 1.0 0.0 0.0 0.0 1.0 0.0 0.0 0.0 1.0 0.0 0.0 1.0
  0.0 0.0 0.0 0.0 0.0 0.0 0.0 0.0 0.0 0.0 0.0 1.0 0.0 0.0 0.0 0.0 0.0 0.0
  0.0 0.0 0.0 0.0 0.0 0.0 0.0 1.0 0.0 0.0 0.0 0.0 0.0 0.0 0.0 0.0 0.0 0.0
  0.0 0.0 0.0]
 [4.0 0.0 1.0 0.0 1.0 0.0 0.0 0.0 0.0 0.0 0.0 0.0 0.0 0.0 0.0 0.0 0.0 0.0
  0.0 0.0 0.0 0.0 0.0 0.0 0.0 1.0 0.0 0.0 1.0 0.0 0.0 0.0 0.0 1.0 1.0 0.0
  0.0 0.0 0.0 0.0 0.0 0.0 0.0 0.0 0.0 0.0 0.0 0.0 0.0 0.0 0.0 0.0 0.0 0.0
  0.0 0.0 0.0 1.0 0.0 0.0 0.0 0.0 0.0 0.0 0.0 0.0 0.0 0.0 0.0 0.0 0.0 0.0
  1.0 0.0 0.0]
 [3.0 0.0 1.0 0.0 0.0 0.0 0.0 1.0 0.0 0.0 0.0 0.0 0.0 0.0 0.0 0.0 0.0 0.0
  0.0 0.0 0.0 0.0 0.0 0.0 0.0 0.0 1.0 0.0 0.0 0.0 0.0 1.0 0.0 1.0 1.0 0.0
  0.0 0.0 0.0 0.0 0.0 0.0 0.0 0.0 0.0 0.0 0.0 0.0 0.0 1.0 0.0 0.0 0.0 0.0
  0.0 0.0 0.0 0.0 0.0 0.0 0.0 0.0 0.0 0.0 0.0 0.0 0.0 0.0 0.0 0.0 0.0 1.0
  0.0 0.0 0.0]
 [3.0 0.0 1.0 0.0 0.0 0.0 0.0 1.0 0.0 0.0 0.0 0.0 0.0 0.0 0.0 0.0 0.0 0.0
  0.0 0.0 0.0 0.0 0.0 0.0 0.0 0.0 1.0 0.0 0.0 0.0 0.0 1.0 0.0 1.0 1.0 0.0
  0.0 0.0 0.0 0.0 0.0 0.0 0.0 0.0 0.0 0.0 0.0 0.0 0.0 0.0 0.0 1.0 0.0 0.0
  0.0 0.0 0.0 0.0 0.0 0.0 0.0 0.0 0.0 0.0 0.0 0.0 0.0 0.0 0.0 0.0 1.0 0.0
  0.0 0.0 0.0]
 [4.0 1.0 0.0 0.0 1.0 0.0 0.0 0.0 0.0 0.0 0.0 0.0 0.0 0.0 0.0 0.0 0.0 0.0
  0.0 0.0 0.0 0.0 0.0 0.0 0.0 1.0 0.0 0.0 0.0 0.0 0.0 1.0 0.0 1.0 0.0 1.0
  0.0 0.0 0.0 0.0 0.0 0.0 0.0 0.0 0.0 0.0 0.0 0.0 1.0 0.0 0.0 0.0 0.0 0.0
  0.0 0.0 0.0 0.0 0.0 0.0 0.0 0.0 0.0 0.0 1.0 0.0 0.0 0.0 0.0 0.0 0.0 0.0
  0.0 0.0 0.0]
 [4.0 1.0 0.0 0.0 1.0 0.0 0.0 0.0 0.0 0.0 0.0 0.0 0.0 0.0 0.0 0.0 0.0 0.0
  0.0 0.0 0.0 0.0 0.0 0.0 0.0 1.0 0.0 0.0 0.0 0.0 0.0 1.0 0.0 1.0 0.0 1.0
  0.0 0.0 0.0 0.0 0.0 0.0 0.0 0.0 0.0 0.0 0.0 0.0 1.0 0.0 0.0 0.0 0.0 0.0
  0.0 0.0 0.0 0.0 0.0 0.0 0.0 0.0 0.0 0.0 0.0 1.0 0.0 0.0 0.0 0.0 0.0 0.0
  0.0 0.0 0.0]] 
 
 
Val : (133457, 75) 
 

FINISHED ENCODING
~~~~~~~~~~~~~~~~~~~~~~~~~~~~~~~~~~~~~~~~~~~~~~~~~~~~~~~~~~~~~~~~~~~~~~~~~~~~~~~
Number of Classes B4 Bin Verifier: 46
Unique values in y_train: (array([ 0.,  1.,  2.,  3.,  4.,  5.,  6.,  7.,  8.,  9., 10., 11., 12.,
       13., 14., 15., 16., 17., 18., 19., 20., 21., 22., 23., 24., 25.,
       26., 27., 28., 29., 30., 31., 32., 33., 34., 35., 36., 37., 38.,
       39., 40., 41., 42., 43., 44., 45.]), 46)
Unique values in y_test: (array([ 0.,  1.,  2.,  3.,  4.,  5.,  6.,  7.,  8.,  9., 10., 11., 12.,
       13., 14., 15., 16., 17., 18., 19., 20., 21., 22., 23., 24., 25.,
       26., 27., 28., 29., 30., 31., 32., 33., 34., 35., 36., 37., 38.,
       39., 40., 41., 42., 43., 44., 45.]), 46)
No need to shift labels.
VERIFY SHIFT
Train after shift : [ 0  1  2  3  4  5  6  7  8  9 10 11 12 13 14 15 16 17 18 19 20 21 22 23
 24 25 26 27 28 29 30 31 32 33 34 35 36 37 38 39 40 41 42 43 44 45], Length : 46
Test after shift : [ 0  1  2  3  4  5  6  7  8  9 10 11 12 13 14 15 16 17 18 19 20 21 22 23
 24 25 26 27 28 29 30 31 32 33 34 35 36 37 38 39 40 41 42 43 44 45], Length : 46
Number of Classes After Bin Verifier: 46
In get_device
Using dim 8 and batch size 64
{'depth': 6, 'dim': 256, 'dropout': 0.6, 'heads': 8}
Epoch 0 loss 2.204653024673462
Epoch 1 loss 2.1713128089904785
Epoch 2 loss 2.1592190265655518
Epoch 3 loss 2.153714179992676
Epoch 4 loss 2.1478734016418457
Epoch 5 loss 2.1433520317077637
Epoch 6 loss 2.1409354209899902
Epoch 7 loss 2.139662265777588
Epoch 8 loss 2.139967918395996
Epoch 9 loss 2.1370842456817627
Epoch 10 loss 2.1364290714263916
Epoch 11 loss 2.133537769317627
Epoch 12 loss 2.133465051651001
Epoch 13 loss 2.134162425994873
Epoch 14 loss 2.129276752471924
Epoch 15 loss 2.1335208415985107
Epoch 16 loss 2.1290156841278076
Epoch 17 loss 2.1327714920043945
Epoch 18 loss 2.1303062438964844
Epoch 19 loss 2.1278133392333984
Epoch 20 loss 2.129432439804077
Epoch 21 loss 2.1323068141937256
Epoch 22 loss 2.135158061981201
Epoch 23 loss 2.1315431594848633
Epoch 24 loss 2.135280132293701
Epoch 25 loss 2.134927749633789
Epoch 26 loss 2.1344590187072754
Epoch 27 loss 2.136979341506958
Epoch 28 loss 2.139246940612793
Epoch 29 loss 2.1413564682006836
Epoch 30 loss 2.1431725025177
Epoch 31 loss 2.152254819869995
Epoch 32 loss 2.1583547592163086
Epoch 33 loss 2.1562345027923584
Epoch 34 loss 2.1591856479644775
Epoch 35 loss 2.169471263885498
Epoch 36 loss 2.172548770904541
Epoch 37 loss 2.1766610145568848
Epoch 38 loss 2.191237688064575
Epoch 39 loss 2.185704231262207
Epoch 40 loss 2.1942718029022217
Validation loss has not improved for 20 steps!
Early stopping applies.
State of save is True b4 loss saving
Log file exists at: output/SAINT/Black_Friday/logging/loss_1.txt
File name : output/SAINT/Black_Friday/logging/loss_1.txt . The file was saved
Log file exists at: output/SAINT/Black_Friday/logging/val_loss_1.txt
File name : output/SAINT/Black_Friday/logging/val_loss_1.txt . The file was saved
Saved Losses and Regularization
±±±±±±±±±±±±±±±±±±±±±±±±±±±±±±±±±±±±±±±±±±±±±±±±±±±±±±±±±±±±±±±±±±±±±±±±±±± 

B4 Evaluation
Number of classes : 46
Class label len :46
Class labels : [0, 1, 2, 3, 4, 5, 6, 7, 8, 9, 10, 11, 12, 13, 14, 15, 16, 17, 18, 19, 20, 21, 22, 23, 24, 25, 26, 27, 28, 29, 30, 31, 32, 33, 34, 35, 36, 37, 38, 39, 40, 41, 42, 43, 44, 45]
Unique y_true : 46
Unique train : 46

Prediction shape : (33364,)
Probabilities shape : (33364, 46) 

±±±±±±±±±±±±±±±±±±±±±±±±±±±±±±±±±±±±±±±±±±±±±±±±±±±±±±±±±±±±±±±±±±±±±±±±±±± 

IN SCORER EVAL
y_true classes: 46
Probabilities shape: (33364, 46)
DONE IN SCORER EVAL
After Evaluation
{'Log Loss - mean': 2.133475, 'Log Loss - std': 0.004464999999999941, 'AUC - mean': 0.935838328702697, 'AUC - std': 0.0006381291761101138, 'Accuracy - mean': 0.20800554094159646, 'Accuracy - std': 0.0017414917882920683, 'F1 score - mean': 0.1565007120369946, 'F1 score - std': 0.0008215019580325444} 
 

Fold 3
num_features : 9
num_classes : 1
cat_idx : [0]
nominal_idx : [0, 2, 3, 4, 5, 6, 7, 8]
ordinal_idx : [1]
num_idx : None
cat_dims : [2]
bin_alt : None
~~~~~~~~~~~~~~~~~~~~~~~~~~~~~~~~~~~~~~~~~~~~~~~~~~~~~~~~~~~~~~~~~~~~~~~~~~~~~~~
BEFORE ANY ENCODING
num_features :9
num_classes : 1
cat_idx : [0]
nominal_idx : [0, 2, 3, 4, 5, 6, 7, 8]
ordinal_idx : [1]
num_idx : None
cat_dims : [2]
bin_alt : None 


X shape : (133457, 9)
~~~~~~~~~~~~~~~~~~~~~~~~~~~~~~~~~~~~~~~~~~~~~~~~~~~~~~~~~~~~~~~~~~~~~~~~~~~~~~~
~~~~~~~~~~~~~~~~~~~~~~~~~~~~~~~~~~~~~~~~~~~~~~~~~~~~~~~~~~~~~~~~~~~~~~~~~~~~~~~ 


AFTER SEPARATING CATEGORICALS AND NUMERICALS
Numerical Index V1 : []
Cat Dims V1 : [8]
Cat Idx V1 : [0, 1, 2, 3, 4, 5, 6, 7, 8] 
 

~~~~~~~~~~~~~~~~~~~~~~~~~~~~~~~~~~~~~~~~~~~~~~~~~~~~~~~~~~~~~~~~~~~~~~~~~~~~~~~ 


One Hot Encoding...
~~~~~~~~~~~~~~~~~~~~~~~~~~~~~~~~~~~~~~~~~~~~~~~~~~~~~~~~~~~~~~~~~~~~~~~~~~~~~~~
After OHE
Numerical Index V2 : [] 


OHE Idx : [1, 2, 3, 4, 5, 6, 7, 8, 9, 10, 11, 12, 13, 14, 15, 16, 17, 18, 19, 20, 21, 22, 23, 24, 25, 26, 27, 28, 29, 30, 31, 32, 33, 34, 35, 36, 37, 38, 39, 40, 41, 42, 43, 44, 45, 46, 47, 48, 49, 50, 51, 52, 53, 54, 55, 56, 57, 58, 59, 60, 61, 62, 63, 64, 65, 66, 67, 68, 69, 70, 71, 72, 73, 74]


Ordinal Idx V2: [0]


Cat Dims V2 : [8]
Cat Idx V2 : [0] 
 

Train: [['0-17' 1.0 0.0 0.0 0.0]
 ['46-50' 0.0 1.0 0.0 0.0]
 ['51-55' 1.0 0.0 0.0 0.0]
 ['51-55' 1.0 0.0 0.0 0.0]
 ['36-45' 0.0 1.0 0.0 1.0]
 ['26-35' 0.0 1.0 0.0 0.0]
 ['26-35' 0.0 1.0 0.0 0.0]
 ['26-35' 0.0 1.0 0.0 0.0]
 ['36-45' 1.0 0.0 0.0 1.0]
 ['36-45' 1.0 0.0 0.0 1.0]] 
 
 
Val : (133457, 75) 
 

~~~~~~~~~~~~~~~~~~~~~~~~~~~~~~~~~~~~~~~~~~~~~~~~~~~~~~~~~~~~~~~~~~~~~~~~~~~~~~~
~~~~~~~~~~~~~~~~~~~~~~~~~~~~~~~~~~~~~~~~~~~~~~~~~~~~~~~~~~~~~~~~~~~~~~~~~~~~~~~
After ORDINAL
Numerical Index V2 : [] 


OHE Idx : [1, 2, 3, 4, 5, 6, 7, 8, 9, 10, 11, 12, 13, 14, 15, 16, 17, 18, 19, 20, 21, 22, 23, 24, 25, 26, 27, 28, 29, 30, 31, 32, 33, 34, 35, 36, 37, 38, 39, 40, 41, 42, 43, 44, 45, 46, 47, 48, 49, 50, 51, 52, 53, 54, 55, 56, 57, 58, 59, 60, 61, 62, 63, 64, 65, 66, 67, 68, 69, 70, 71, 72, 73, 74]


Ordinal Idx V2: [0]


Cat Dims V2 : [8]
Cat Idx V2 : [0] 
 

Train: [[1.0 1.0 0.0 0.0 0.0 1.0 0.0 0.0 0.0 0.0 0.0 0.0 0.0 0.0 0.0 0.0 0.0 0.0
  0.0 0.0 0.0 0.0 0.0 0.0 1.0 0.0 0.0 0.0 0.0 1.0 0.0 0.0 1.0 0.0 1.0 0.0
  0.0 0.0 0.0 0.0 0.0 0.0 0.0 0.0 0.0 0.0 0.0 0.0 0.0 0.0 1.0 0.0 0.0 0.0
  0.0 0.0 0.0 0.0 0.0 0.0 0.0 0.0 0.0 0.0 0.0 0.0 0.0 0.0 0.0 0.0 1.0 0.0
  0.0 0.0 0.0]
 [5.0 0.0 1.0 0.0 0.0 0.0 0.0 0.0 0.0 0.0 0.0 0.0 0.0 0.0 0.0 0.0 0.0 0.0
  0.0 0.0 0.0 1.0 0.0 0.0 0.0 1.0 0.0 0.0 0.0 1.0 0.0 0.0 0.0 1.0 1.0 0.0
  0.0 0.0 0.0 0.0 0.0 0.0 0.0 0.0 0.0 0.0 0.0 0.0 0.0 0.0 0.0 1.0 0.0 0.0
  0.0 0.0 0.0 0.0 0.0 0.0 0.0 0.0 0.0 0.0 0.0 0.0 0.0 0.0 0.0 0.0 0.0 0.0
  0.0 1.0 0.0]
 [6.0 1.0 0.0 0.0 0.0 0.0 0.0 0.0 0.0 0.0 0.0 0.0 0.0 0.0 0.0 0.0 0.0 0.0
  0.0 0.0 0.0 0.0 0.0 1.0 1.0 0.0 0.0 0.0 1.0 0.0 0.0 0.0 1.0 0.0 0.0 0.0
  0.0 0.0 1.0 0.0 0.0 0.0 0.0 0.0 0.0 0.0 0.0 0.0 0.0 0.0 0.0 1.0 0.0 0.0
  0.0 0.0 0.0 0.0 0.0 0.0 0.0 0.0 0.0 0.0 0.0 0.0 0.0 0.0 0.0 0.0 1.0 0.0
  0.0 0.0 0.0]
 [6.0 1.0 0.0 0.0 0.0 0.0 0.0 0.0 0.0 0.0 0.0 0.0 0.0 0.0 0.0 0.0 0.0 0.0
  0.0 0.0 0.0 0.0 0.0 1.0 1.0 0.0 0.0 0.0 1.0 0.0 0.0 0.0 1.0 0.0 0.0 1.0
  0.0 0.0 0.0 0.0 0.0 0.0 0.0 0.0 0.0 0.0 0.0 1.0 0.0 0.0 0.0 0.0 0.0 0.0
  0.0 0.0 0.0 0.0 0.0 0.0 0.0 1.0 0.0 0.0 0.0 0.0 0.0 0.0 0.0 0.0 0.0 0.0
  0.0 0.0 0.0]
 [4.0 0.0 1.0 0.0 1.0 0.0 0.0 0.0 0.0 0.0 0.0 0.0 0.0 0.0 0.0 0.0 0.0 0.0
  0.0 0.0 0.0 0.0 0.0 0.0 0.0 1.0 0.0 0.0 1.0 0.0 0.0 0.0 0.0 1.0 1.0 0.0
  0.0 0.0 0.0 0.0 0.0 0.0 0.0 0.0 0.0 0.0 0.0 0.0 0.0 0.0 0.0 0.0 0.0 0.0
  0.0 0.0 0.0 1.0 0.0 0.0 0.0 0.0 0.0 0.0 0.0 0.0 0.0 0.0 0.0 0.0 0.0 0.0
  1.0 0.0 0.0]
 [3.0 0.0 1.0 0.0 0.0 0.0 0.0 1.0 0.0 0.0 0.0 0.0 0.0 0.0 0.0 0.0 0.0 0.0
  0.0 0.0 0.0 0.0 0.0 0.0 0.0 0.0 1.0 0.0 0.0 0.0 0.0 1.0 0.0 1.0 1.0 0.0
  0.0 0.0 0.0 0.0 0.0 0.0 0.0 0.0 0.0 0.0 0.0 0.0 0.0 1.0 0.0 0.0 0.0 0.0
  0.0 0.0 0.0 0.0 0.0 0.0 0.0 0.0 0.0 0.0 0.0 0.0 0.0 0.0 0.0 0.0 0.0 1.0
  0.0 0.0 0.0]
 [3.0 0.0 1.0 0.0 0.0 0.0 0.0 1.0 0.0 0.0 0.0 0.0 0.0 0.0 0.0 0.0 0.0 0.0
  0.0 0.0 0.0 0.0 0.0 0.0 0.0 0.0 1.0 0.0 0.0 0.0 0.0 1.0 0.0 1.0 1.0 0.0
  0.0 0.0 0.0 0.0 0.0 0.0 0.0 0.0 0.0 0.0 0.0 0.0 0.0 0.0 0.0 1.0 0.0 0.0
  0.0 0.0 0.0 0.0 0.0 0.0 0.0 0.0 0.0 0.0 0.0 0.0 0.0 0.0 0.0 0.0 1.0 0.0
  0.0 0.0 0.0]
 [3.0 0.0 1.0 0.0 0.0 0.0 0.0 0.0 0.0 0.0 0.0 0.0 1.0 0.0 0.0 0.0 0.0 0.0
  0.0 0.0 0.0 0.0 0.0 0.0 0.0 0.0 1.0 1.0 0.0 0.0 0.0 0.0 1.0 0.0 0.0 0.0
  0.0 0.0 1.0 0.0 0.0 0.0 0.0 0.0 0.0 0.0 0.0 0.0 0.0 0.0 0.0 1.0 0.0 0.0
  0.0 0.0 0.0 0.0 0.0 0.0 0.0 0.0 0.0 0.0 0.0 0.0 0.0 0.0 0.0 0.0 1.0 0.0
  0.0 0.0 0.0]
 [4.0 1.0 0.0 0.0 1.0 0.0 0.0 0.0 0.0 0.0 0.0 0.0 0.0 0.0 0.0 0.0 0.0 0.0
  0.0 0.0 0.0 0.0 0.0 0.0 0.0 1.0 0.0 0.0 0.0 0.0 0.0 1.0 0.0 1.0 0.0 1.0
  0.0 0.0 0.0 0.0 0.0 0.0 0.0 0.0 0.0 0.0 0.0 0.0 1.0 0.0 0.0 0.0 0.0 0.0
  0.0 0.0 0.0 0.0 0.0 0.0 0.0 0.0 0.0 0.0 1.0 0.0 0.0 0.0 0.0 0.0 0.0 0.0
  0.0 0.0 0.0]
 [4.0 1.0 0.0 0.0 1.0 0.0 0.0 0.0 0.0 0.0 0.0 0.0 0.0 0.0 0.0 0.0 0.0 0.0
  0.0 0.0 0.0 0.0 0.0 0.0 0.0 1.0 0.0 0.0 0.0 0.0 0.0 1.0 0.0 1.0 0.0 1.0
  0.0 0.0 0.0 0.0 0.0 0.0 0.0 0.0 0.0 0.0 0.0 0.0 1.0 0.0 0.0 0.0 0.0 0.0
  0.0 0.0 0.0 0.0 0.0 0.0 0.0 0.0 0.0 0.0 0.0 1.0 0.0 0.0 0.0 0.0 0.0 0.0
  0.0 0.0 0.0]] 
 
 
Val : (133457, 75) 
 

FINISHED ENCODING
~~~~~~~~~~~~~~~~~~~~~~~~~~~~~~~~~~~~~~~~~~~~~~~~~~~~~~~~~~~~~~~~~~~~~~~~~~~~~~~
Number of Classes B4 Bin Verifier: 46
Unique values in y_train: (array([ 0.,  1.,  2.,  3.,  4.,  5.,  6.,  7.,  8.,  9., 10., 11., 12.,
       13., 14., 15., 16., 17., 18., 19., 20., 21., 22., 23., 24., 25.,
       26., 27., 28., 29., 30., 31., 32., 33., 34., 35., 36., 37., 38.,
       39., 40., 41., 42., 43., 44., 45.]), 46)
Unique values in y_test: (array([ 0.,  1.,  2.,  3.,  4.,  5.,  6.,  7.,  8.,  9., 10., 11., 12.,
       13., 14., 15., 16., 17., 18., 19., 20., 21., 22., 23., 24., 25.,
       26., 27., 28., 29., 30., 31., 32., 33., 34., 35., 36., 37., 38.,
       39., 40., 41., 42., 43., 44., 45.]), 46)
No need to shift labels.
VERIFY SHIFT
Train after shift : [ 0  1  2  3  4  5  6  7  8  9 10 11 12 13 14 15 16 17 18 19 20 21 22 23
 24 25 26 27 28 29 30 31 32 33 34 35 36 37 38 39 40 41 42 43 44 45], Length : 46
Test after shift : [ 0  1  2  3  4  5  6  7  8  9 10 11 12 13 14 15 16 17 18 19 20 21 22 23
 24 25 26 27 28 29 30 31 32 33 34 35 36 37 38 39 40 41 42 43 44 45], Length : 46
Number of Classes After Bin Verifier: 46
In get_device
Using dim 8 and batch size 64
{'depth': 6, 'dim': 256, 'dropout': 0.6, 'heads': 8}
Epoch 0 loss 2.199014186859131
Epoch 1 loss 2.1782431602478027
Epoch 2 loss 2.166674852371216
Epoch 3 loss 2.1593058109283447
Epoch 4 loss 2.154482841491699
Epoch 5 loss 2.153848171234131
Epoch 6 loss 2.152918815612793
Epoch 7 loss 2.1498966217041016
Epoch 8 loss 2.1492362022399902
Epoch 9 loss 2.1433305740356445
Epoch 10 loss 2.144782066345215
Epoch 11 loss 2.1432249546051025
Epoch 12 loss 2.1419928073883057
Epoch 13 loss 2.1420555114746094
Epoch 14 loss 2.141700267791748
Epoch 15 loss 2.14213228225708
Epoch 16 loss 2.139451742172241
Epoch 17 loss 2.138805627822876
Epoch 18 loss 2.1412312984466553
Epoch 19 loss 2.1407272815704346
Epoch 20 loss 2.1409356594085693
Epoch 21 loss 2.1438469886779785
Epoch 22 loss 2.1390116214752197
Epoch 23 loss 2.137761354446411
Epoch 24 loss 2.1392321586608887
Epoch 25 loss 2.140007734298706
Epoch 26 loss 2.1425812244415283
Epoch 27 loss 2.1406407356262207
Epoch 28 loss 2.143970489501953
Epoch 29 loss 2.1469004154205322
Epoch 30 loss 2.148693323135376
Epoch 31 loss 2.1599690914154053
Epoch 32 loss 2.1608853340148926
Epoch 33 loss 2.157061815261841
Epoch 34 loss 2.165048122406006
Epoch 35 loss 2.166264533996582
Epoch 36 loss 2.164422035217285
Epoch 37 loss 2.176302909851074
Epoch 38 loss 2.180147886276245
Epoch 39 loss 2.189584493637085
Epoch 40 loss 2.1923437118530273
Epoch 41 loss 2.1940882205963135
Epoch 42 loss 2.207486391067505
Epoch 43 loss 2.2130584716796875
Epoch 44 loss 2.2221665382385254
Validation loss has not improved for 20 steps!
Early stopping applies.
State of save is True b4 loss saving
Log file exists at: output/SAINT/Black_Friday/logging/loss_2.txt
File name : output/SAINT/Black_Friday/logging/loss_2.txt . The file was saved
Log file exists at: output/SAINT/Black_Friday/logging/val_loss_2.txt
File name : output/SAINT/Black_Friday/logging/val_loss_2.txt . The file was saved
Saved Losses and Regularization
±±±±±±±±±±±±±±±±±±±±±±±±±±±±±±±±±±±±±±±±±±±±±±±±±±±±±±±±±±±±±±±±±±±±±±±±±±± 

B4 Evaluation
Number of classes : 46
Class label len :46
Class labels : [0, 1, 2, 3, 4, 5, 6, 7, 8, 9, 10, 11, 12, 13, 14, 15, 16, 17, 18, 19, 20, 21, 22, 23, 24, 25, 26, 27, 28, 29, 30, 31, 32, 33, 34, 35, 36, 37, 38, 39, 40, 41, 42, 43, 44, 45]
Unique y_true : 46
Unique train : 46

Prediction shape : (33364,)
Probabilities shape : (33364, 46) 

±±±±±±±±±±±±±±±±±±±±±±±±±±±±±±±±±±±±±±±±±±±±±±±±±±±±±±±±±±±±±±±±±±±±±±±±±±± 

IN SCORER EVAL
y_true classes: 46
Probabilities shape: (33364, 46)
DONE IN SCORER EVAL
After Evaluation
{'Log Loss - mean': 2.134863333333333, 'Log Loss - std': 0.004140743357847184, 'AUC - mean': 0.9352281262990596, 'AUC - std': 0.0010080508471361212, 'Accuracy - mean': 0.20847613931134204, 'Accuracy - std': 0.0015699643574532405, 'F1 score - mean': 0.1575754217990899, 'F1 score - std': 0.0016612984249837278} 
 

Fold 4
num_features : 9
num_classes : 1
cat_idx : [0]
nominal_idx : [0, 2, 3, 4, 5, 6, 7, 8]
ordinal_idx : [1]
num_idx : None
cat_dims : [2]
bin_alt : None
~~~~~~~~~~~~~~~~~~~~~~~~~~~~~~~~~~~~~~~~~~~~~~~~~~~~~~~~~~~~~~~~~~~~~~~~~~~~~~~
BEFORE ANY ENCODING
num_features :9
num_classes : 1
cat_idx : [0]
nominal_idx : [0, 2, 3, 4, 5, 6, 7, 8]
ordinal_idx : [1]
num_idx : None
cat_dims : [2]
bin_alt : None 


X shape : (133457, 9)
~~~~~~~~~~~~~~~~~~~~~~~~~~~~~~~~~~~~~~~~~~~~~~~~~~~~~~~~~~~~~~~~~~~~~~~~~~~~~~~
~~~~~~~~~~~~~~~~~~~~~~~~~~~~~~~~~~~~~~~~~~~~~~~~~~~~~~~~~~~~~~~~~~~~~~~~~~~~~~~ 


AFTER SEPARATING CATEGORICALS AND NUMERICALS
Numerical Index V1 : []
Cat Dims V1 : [8]
Cat Idx V1 : [0, 1, 2, 3, 4, 5, 6, 7, 8] 
 

~~~~~~~~~~~~~~~~~~~~~~~~~~~~~~~~~~~~~~~~~~~~~~~~~~~~~~~~~~~~~~~~~~~~~~~~~~~~~~~ 


One Hot Encoding...
~~~~~~~~~~~~~~~~~~~~~~~~~~~~~~~~~~~~~~~~~~~~~~~~~~~~~~~~~~~~~~~~~~~~~~~~~~~~~~~
After OHE
Numerical Index V2 : [] 


OHE Idx : [1, 2, 3, 4, 5, 6, 7, 8, 9, 10, 11, 12, 13, 14, 15, 16, 17, 18, 19, 20, 21, 22, 23, 24, 25, 26, 27, 28, 29, 30, 31, 32, 33, 34, 35, 36, 37, 38, 39, 40, 41, 42, 43, 44, 45, 46, 47, 48, 49, 50, 51, 52, 53, 54, 55, 56, 57, 58, 59, 60, 61, 62, 63, 64, 65, 66, 67, 68, 69, 70, 71, 72, 73, 74]


Ordinal Idx V2: [0]


Cat Dims V2 : [8]
Cat Idx V2 : [0] 
 

Train: [['46-50' 0.0 1.0 0.0 0.0]
 ['26-35' 0.0 1.0 0.0 0.0]
 ['51-55' 1.0 0.0 0.0 0.0]
 ['51-55' 1.0 0.0 0.0 0.0]
 ['36-45' 0.0 1.0 0.0 1.0]
 ['26-35' 0.0 1.0 0.0 0.0]
 ['26-35' 0.0 1.0 0.0 0.0]
 ['26-35' 0.0 1.0 0.0 0.0]
 ['36-45' 1.0 0.0 0.0 1.0]
 ['36-45' 1.0 0.0 0.0 1.0]] 
 
 
Val : (133457, 75) 
 

~~~~~~~~~~~~~~~~~~~~~~~~~~~~~~~~~~~~~~~~~~~~~~~~~~~~~~~~~~~~~~~~~~~~~~~~~~~~~~~
~~~~~~~~~~~~~~~~~~~~~~~~~~~~~~~~~~~~~~~~~~~~~~~~~~~~~~~~~~~~~~~~~~~~~~~~~~~~~~~
After ORDINAL
Numerical Index V2 : [] 


OHE Idx : [1, 2, 3, 4, 5, 6, 7, 8, 9, 10, 11, 12, 13, 14, 15, 16, 17, 18, 19, 20, 21, 22, 23, 24, 25, 26, 27, 28, 29, 30, 31, 32, 33, 34, 35, 36, 37, 38, 39, 40, 41, 42, 43, 44, 45, 46, 47, 48, 49, 50, 51, 52, 53, 54, 55, 56, 57, 58, 59, 60, 61, 62, 63, 64, 65, 66, 67, 68, 69, 70, 71, 72, 73, 74]


Ordinal Idx V2: [0]


Cat Dims V2 : [8]
Cat Idx V2 : [0] 
 

Train: [[5.0 0.0 1.0 0.0 0.0 0.0 0.0 0.0 0.0 0.0 0.0 0.0 0.0 0.0 0.0 0.0 0.0 0.0
  0.0 0.0 0.0 1.0 0.0 0.0 0.0 1.0 0.0 0.0 0.0 1.0 0.0 0.0 0.0 1.0 1.0 0.0
  0.0 0.0 0.0 0.0 0.0 0.0 0.0 0.0 0.0 0.0 0.0 0.0 0.0 0.0 0.0 1.0 0.0 0.0
  0.0 0.0 0.0 0.0 0.0 0.0 0.0 0.0 0.0 0.0 0.0 0.0 0.0 0.0 0.0 0.0 0.0 0.0
  0.0 1.0 0.0]
 [3.0 0.0 1.0 0.0 0.0 0.0 0.0 0.0 0.0 0.0 0.0 0.0 0.0 0.0 0.0 0.0 1.0 0.0
  0.0 0.0 0.0 0.0 0.0 0.0 1.0 0.0 0.0 0.0 1.0 0.0 0.0 0.0 0.0 1.0 1.0 0.0
  0.0 0.0 0.0 0.0 0.0 0.0 0.0 0.0 0.0 0.0 1.0 0.0 0.0 0.0 0.0 0.0 0.0 0.0
  0.0 0.0 0.0 0.0 0.0 0.0 0.0 0.0 1.0 0.0 0.0 0.0 0.0 0.0 0.0 0.0 0.0 0.0
  0.0 0.0 0.0]
 [6.0 1.0 0.0 0.0 0.0 0.0 0.0 0.0 0.0 0.0 0.0 0.0 0.0 0.0 0.0 0.0 0.0 0.0
  0.0 0.0 0.0 0.0 0.0 1.0 1.0 0.0 0.0 0.0 1.0 0.0 0.0 0.0 1.0 0.0 0.0 0.0
  0.0 0.0 1.0 0.0 0.0 0.0 0.0 0.0 0.0 0.0 0.0 0.0 0.0 0.0 0.0 1.0 0.0 0.0
  0.0 0.0 0.0 0.0 0.0 0.0 0.0 0.0 0.0 0.0 0.0 0.0 0.0 0.0 0.0 0.0 1.0 0.0
  0.0 0.0 0.0]
 [6.0 1.0 0.0 0.0 0.0 0.0 0.0 0.0 0.0 0.0 0.0 0.0 0.0 0.0 0.0 0.0 0.0 0.0
  0.0 0.0 0.0 0.0 0.0 1.0 1.0 0.0 0.0 0.0 1.0 0.0 0.0 0.0 1.0 0.0 0.0 1.0
  0.0 0.0 0.0 0.0 0.0 0.0 0.0 0.0 0.0 0.0 0.0 1.0 0.0 0.0 0.0 0.0 0.0 0.0
  0.0 0.0 0.0 0.0 0.0 0.0 0.0 1.0 0.0 0.0 0.0 0.0 0.0 0.0 0.0 0.0 0.0 0.0
  0.0 0.0 0.0]
 [4.0 0.0 1.0 0.0 1.0 0.0 0.0 0.0 0.0 0.0 0.0 0.0 0.0 0.0 0.0 0.0 0.0 0.0
  0.0 0.0 0.0 0.0 0.0 0.0 0.0 1.0 0.0 0.0 1.0 0.0 0.0 0.0 0.0 1.0 1.0 0.0
  0.0 0.0 0.0 0.0 0.0 0.0 0.0 0.0 0.0 0.0 0.0 0.0 0.0 0.0 0.0 0.0 0.0 0.0
  0.0 0.0 0.0 1.0 0.0 0.0 0.0 0.0 0.0 0.0 0.0 0.0 0.0 0.0 0.0 0.0 0.0 0.0
  1.0 0.0 0.0]
 [3.0 0.0 1.0 0.0 0.0 0.0 0.0 1.0 0.0 0.0 0.0 0.0 0.0 0.0 0.0 0.0 0.0 0.0
  0.0 0.0 0.0 0.0 0.0 0.0 0.0 0.0 1.0 0.0 0.0 0.0 0.0 1.0 0.0 1.0 1.0 0.0
  0.0 0.0 0.0 0.0 0.0 0.0 0.0 0.0 0.0 0.0 0.0 0.0 0.0 1.0 0.0 0.0 0.0 0.0
  0.0 0.0 0.0 0.0 0.0 0.0 0.0 0.0 0.0 0.0 0.0 0.0 0.0 0.0 0.0 0.0 0.0 1.0
  0.0 0.0 0.0]
 [3.0 0.0 1.0 0.0 0.0 0.0 0.0 1.0 0.0 0.0 0.0 0.0 0.0 0.0 0.0 0.0 0.0 0.0
  0.0 0.0 0.0 0.0 0.0 0.0 0.0 0.0 1.0 0.0 0.0 0.0 0.0 1.0 0.0 1.0 1.0 0.0
  0.0 0.0 0.0 0.0 0.0 0.0 0.0 0.0 0.0 0.0 0.0 0.0 0.0 0.0 0.0 1.0 0.0 0.0
  0.0 0.0 0.0 0.0 0.0 0.0 0.0 0.0 0.0 0.0 0.0 0.0 0.0 0.0 0.0 0.0 1.0 0.0
  0.0 0.0 0.0]
 [3.0 0.0 1.0 0.0 0.0 0.0 0.0 0.0 0.0 0.0 0.0 0.0 1.0 0.0 0.0 0.0 0.0 0.0
  0.0 0.0 0.0 0.0 0.0 0.0 0.0 0.0 1.0 1.0 0.0 0.0 0.0 0.0 1.0 0.0 0.0 0.0
  0.0 0.0 1.0 0.0 0.0 0.0 0.0 0.0 0.0 0.0 0.0 0.0 0.0 0.0 0.0 1.0 0.0 0.0
  0.0 0.0 0.0 0.0 0.0 0.0 0.0 0.0 0.0 0.0 0.0 0.0 0.0 0.0 0.0 0.0 1.0 0.0
  0.0 0.0 0.0]
 [4.0 1.0 0.0 0.0 1.0 0.0 0.0 0.0 0.0 0.0 0.0 0.0 0.0 0.0 0.0 0.0 0.0 0.0
  0.0 0.0 0.0 0.0 0.0 0.0 0.0 1.0 0.0 0.0 0.0 0.0 0.0 1.0 0.0 1.0 0.0 1.0
  0.0 0.0 0.0 0.0 0.0 0.0 0.0 0.0 0.0 0.0 0.0 0.0 1.0 0.0 0.0 0.0 0.0 0.0
  0.0 0.0 0.0 0.0 0.0 0.0 0.0 0.0 0.0 0.0 1.0 0.0 0.0 0.0 0.0 0.0 0.0 0.0
  0.0 0.0 0.0]
 [4.0 1.0 0.0 0.0 1.0 0.0 0.0 0.0 0.0 0.0 0.0 0.0 0.0 0.0 0.0 0.0 0.0 0.0
  0.0 0.0 0.0 0.0 0.0 0.0 0.0 1.0 0.0 0.0 0.0 0.0 0.0 1.0 0.0 1.0 0.0 1.0
  0.0 0.0 0.0 0.0 0.0 0.0 0.0 0.0 0.0 0.0 0.0 0.0 1.0 0.0 0.0 0.0 0.0 0.0
  0.0 0.0 0.0 0.0 0.0 0.0 0.0 0.0 0.0 0.0 0.0 1.0 0.0 0.0 0.0 0.0 0.0 0.0
  0.0 0.0 0.0]] 
 
 
Val : (133457, 75) 
 

FINISHED ENCODING
~~~~~~~~~~~~~~~~~~~~~~~~~~~~~~~~~~~~~~~~~~~~~~~~~~~~~~~~~~~~~~~~~~~~~~~~~~~~~~~
Number of Classes B4 Bin Verifier: 46
Unique values in y_train: (array([ 0.,  1.,  2.,  3.,  4.,  5.,  6.,  7.,  8.,  9., 10., 11., 12.,
       13., 14., 15., 16., 17., 18., 19., 20., 21., 22., 23., 24., 25.,
       26., 27., 28., 29., 30., 31., 32., 33., 34., 35., 36., 37., 38.,
       39., 40., 41., 42., 43., 44., 45.]), 46)
Unique values in y_test: (array([ 0.,  1.,  2.,  3.,  4.,  5.,  6.,  7.,  8.,  9., 10., 11., 12.,
       13., 14., 15., 16., 17., 18., 19., 20., 21., 22., 23., 24., 25.,
       26., 27., 28., 29., 30., 31., 32., 33., 34., 35., 36., 37., 38.,
       39., 40., 41., 42., 43., 44., 45.]), 46)
No need to shift labels.
VERIFY SHIFT
Train after shift : [ 0  1  2  3  4  5  6  7  8  9 10 11 12 13 14 15 16 17 18 19 20 21 22 23
 24 25 26 27 28 29 30 31 32 33 34 35 36 37 38 39 40 41 42 43 44 45], Length : 46
Test after shift : [ 0  1  2  3  4  5  6  7  8  9 10 11 12 13 14 15 16 17 18 19 20 21 22 23
 24 25 26 27 28 29 30 31 32 33 34 35 36 37 38 39 40 41 42 43 44 45], Length : 46
Number of Classes After Bin Verifier: 46
In get_device
Using dim 8 and batch size 64
{'depth': 6, 'dim': 256, 'dropout': 0.6, 'heads': 8}
Epoch 0 loss 2.210108518600464
Epoch 1 loss 2.190718650817871
Epoch 2 loss 2.1773922443389893
Epoch 3 loss 2.166564464569092
Epoch 4 loss 2.164085865020752
Epoch 5 loss 2.1577138900756836
Epoch 6 loss 2.159029006958008
Epoch 7 loss 2.155913829803467
Epoch 8 loss 2.15281081199646
Epoch 9 loss 2.1538913249969482
Epoch 10 loss 2.151080846786499
Epoch 11 loss 2.146742820739746
Epoch 12 loss 2.1500937938690186
Epoch 13 loss 2.1483001708984375
Epoch 14 loss 2.144066572189331
Epoch 15 loss 2.1468114852905273
Epoch 16 loss 2.1465651988983154
Epoch 17 loss 2.1492726802825928
Epoch 18 loss 2.1425981521606445
Epoch 19 loss 2.1481049060821533
Epoch 20 loss 2.148047685623169
Epoch 21 loss 2.1430954933166504
Epoch 22 loss 2.144890785217285
Epoch 23 loss 2.150005578994751
Epoch 24 loss 2.1435158252716064
Epoch 25 loss 2.144916296005249
Epoch 26 loss 2.149677038192749
Epoch 27 loss 2.1498820781707764
Epoch 28 loss 2.15250563621521
Epoch 29 loss 2.1576991081237793
Epoch 30 loss 2.1620256900787354
Epoch 31 loss 2.1697089672088623
Epoch 32 loss 2.170135498046875
Epoch 33 loss 2.1629300117492676
Epoch 34 loss 2.17846941947937
Epoch 35 loss 2.180694103240967
Epoch 36 loss 2.1847126483917236
Epoch 37 loss 2.1834559440612793
Epoch 38 loss 2.19891357421875
Epoch 39 loss 2.194389581680298
Validation loss has not improved for 20 steps!
Early stopping applies.
State of save is True b4 loss saving
Log file exists at: output/SAINT/Black_Friday/logging/loss_3.txt
File name : output/SAINT/Black_Friday/logging/loss_3.txt . The file was saved
Log file exists at: output/SAINT/Black_Friday/logging/val_loss_3.txt
File name : output/SAINT/Black_Friday/logging/val_loss_3.txt . The file was saved
Saved Losses and Regularization
±±±±±±±±±±±±±±±±±±±±±±±±±±±±±±±±±±±±±±±±±±±±±±±±±±±±±±±±±±±±±±±±±±±±±±±±±±± 

B4 Evaluation
Number of classes : 46
Class label len :46
Class labels : [0, 1, 2, 3, 4, 5, 6, 7, 8, 9, 10, 11, 12, 13, 14, 15, 16, 17, 18, 19, 20, 21, 22, 23, 24, 25, 26, 27, 28, 29, 30, 31, 32, 33, 34, 35, 36, 37, 38, 39, 40, 41, 42, 43, 44, 45]
Unique y_true : 46
Unique train : 46

Prediction shape : (33364,)
Probabilities shape : (33364, 46) 

±±±±±±±±±±±±±±±±±±±±±±±±±±±±±±±±±±±±±±±±±±±±±±±±±±±±±±±±±±±±±±±±±±±±±±±±±±± 

IN SCORER EVAL
y_true classes: 46
Probabilities shape: (33364, 46)
DONE IN SCORER EVAL
After Evaluation
{'Log Loss - mean': 2.1367725, 'Log Loss - std': 0.00487791643532359, 'AUC - mean': 0.9350919612803137, 'AUC - std': 0.0009042939896953144, 'Accuracy - mean': 0.20808201756347297, 'Accuracy - std': 0.0015213766526357968, 'F1 score - mean': 0.15551366619797136, 'F1 score - std': 0.0038499925738721876} 
 

Fold 5
num_features : 9
num_classes : 1
cat_idx : [0]
nominal_idx : [0, 2, 3, 4, 5, 6, 7, 8]
ordinal_idx : [1]
num_idx : None
cat_dims : [2]
bin_alt : None
~~~~~~~~~~~~~~~~~~~~~~~~~~~~~~~~~~~~~~~~~~~~~~~~~~~~~~~~~~~~~~~~~~~~~~~~~~~~~~~
BEFORE ANY ENCODING
num_features :9
num_classes : 1
cat_idx : [0]
nominal_idx : [0, 2, 3, 4, 5, 6, 7, 8]
ordinal_idx : [1]
num_idx : None
cat_dims : [2]
bin_alt : None 


X shape : (133457, 9)
~~~~~~~~~~~~~~~~~~~~~~~~~~~~~~~~~~~~~~~~~~~~~~~~~~~~~~~~~~~~~~~~~~~~~~~~~~~~~~~
~~~~~~~~~~~~~~~~~~~~~~~~~~~~~~~~~~~~~~~~~~~~~~~~~~~~~~~~~~~~~~~~~~~~~~~~~~~~~~~ 


AFTER SEPARATING CATEGORICALS AND NUMERICALS
Numerical Index V1 : []
Cat Dims V1 : [8]
Cat Idx V1 : [0, 1, 2, 3, 4, 5, 6, 7, 8] 
 

~~~~~~~~~~~~~~~~~~~~~~~~~~~~~~~~~~~~~~~~~~~~~~~~~~~~~~~~~~~~~~~~~~~~~~~~~~~~~~~ 


One Hot Encoding...
~~~~~~~~~~~~~~~~~~~~~~~~~~~~~~~~~~~~~~~~~~~~~~~~~~~~~~~~~~~~~~~~~~~~~~~~~~~~~~~
After OHE
Numerical Index V2 : [] 


OHE Idx : [1, 2, 3, 4, 5, 6, 7, 8, 9, 10, 11, 12, 13, 14, 15, 16, 17, 18, 19, 20, 21, 22, 23, 24, 25, 26, 27, 28, 29, 30, 31, 32, 33, 34, 35, 36, 37, 38, 39, 40, 41, 42, 43, 44, 45, 46, 47, 48, 49, 50, 51, 52, 53, 54, 55, 56, 57, 58, 59, 60, 61, 62, 63, 64, 65, 66, 67, 68, 69, 70, 71, 72, 73, 74]


Ordinal Idx V2: [0]


Cat Dims V2 : [8]
Cat Idx V2 : [0] 
 

Train: [['0-17' 1.0 0.0 0.0 0.0]
 ['46-50' 0.0 1.0 0.0 0.0]
 ['26-35' 0.0 1.0 0.0 0.0]
 ['51-55' 1.0 0.0 0.0 0.0]
 ['26-35' 0.0 1.0 0.0 0.0]
 ['26-35' 0.0 1.0 0.0 0.0]
 ['36-45' 1.0 0.0 0.0 1.0]
 ['36-45' 1.0 0.0 0.0 1.0]
 ['36-45' 1.0 0.0 0.0 1.0]
 ['36-45' 1.0 0.0 0.0 1.0]] 
 
 
Val : (133457, 75) 
 

~~~~~~~~~~~~~~~~~~~~~~~~~~~~~~~~~~~~~~~~~~~~~~~~~~~~~~~~~~~~~~~~~~~~~~~~~~~~~~~
~~~~~~~~~~~~~~~~~~~~~~~~~~~~~~~~~~~~~~~~~~~~~~~~~~~~~~~~~~~~~~~~~~~~~~~~~~~~~~~
After ORDINAL
Numerical Index V2 : [] 


OHE Idx : [1, 2, 3, 4, 5, 6, 7, 8, 9, 10, 11, 12, 13, 14, 15, 16, 17, 18, 19, 20, 21, 22, 23, 24, 25, 26, 27, 28, 29, 30, 31, 32, 33, 34, 35, 36, 37, 38, 39, 40, 41, 42, 43, 44, 45, 46, 47, 48, 49, 50, 51, 52, 53, 54, 55, 56, 57, 58, 59, 60, 61, 62, 63, 64, 65, 66, 67, 68, 69, 70, 71, 72, 73, 74]


Ordinal Idx V2: [0]


Cat Dims V2 : [8]
Cat Idx V2 : [0] 
 

Train: [[1.0 1.0 0.0 0.0 0.0 1.0 0.0 0.0 0.0 0.0 0.0 0.0 0.0 0.0 0.0 0.0 0.0 0.0
  0.0 0.0 0.0 0.0 0.0 0.0 1.0 0.0 0.0 0.0 0.0 1.0 0.0 0.0 1.0 0.0 1.0 0.0
  0.0 0.0 0.0 0.0 0.0 0.0 0.0 0.0 0.0 0.0 0.0 0.0 0.0 0.0 1.0 0.0 0.0 0.0
  0.0 0.0 0.0 0.0 0.0 0.0 0.0 0.0 0.0 0.0 0.0 0.0 0.0 0.0 0.0 0.0 1.0 0.0
  0.0 0.0 0.0]
 [5.0 0.0 1.0 0.0 0.0 0.0 0.0 0.0 0.0 0.0 0.0 0.0 0.0 0.0 0.0 0.0 0.0 0.0
  0.0 0.0 0.0 1.0 0.0 0.0 0.0 1.0 0.0 0.0 0.0 1.0 0.0 0.0 0.0 1.0 1.0 0.0
  0.0 0.0 0.0 0.0 0.0 0.0 0.0 0.0 0.0 0.0 0.0 0.0 0.0 0.0 0.0 1.0 0.0 0.0
  0.0 0.0 0.0 0.0 0.0 0.0 0.0 0.0 0.0 0.0 0.0 0.0 0.0 0.0 0.0 0.0 0.0 0.0
  0.0 1.0 0.0]
 [3.0 0.0 1.0 0.0 0.0 0.0 0.0 0.0 0.0 0.0 0.0 0.0 0.0 0.0 0.0 0.0 1.0 0.0
  0.0 0.0 0.0 0.0 0.0 0.0 1.0 0.0 0.0 0.0 1.0 0.0 0.0 0.0 0.0 1.0 1.0 0.0
  0.0 0.0 0.0 0.0 0.0 0.0 0.0 0.0 0.0 0.0 1.0 0.0 0.0 0.0 0.0 0.0 0.0 0.0
  0.0 0.0 0.0 0.0 0.0 0.0 0.0 0.0 1.0 0.0 0.0 0.0 0.0 0.0 0.0 0.0 0.0 0.0
  0.0 0.0 0.0]
 [6.0 1.0 0.0 0.0 0.0 0.0 0.0 0.0 0.0 0.0 0.0 0.0 0.0 0.0 0.0 0.0 0.0 0.0
  0.0 0.0 0.0 0.0 0.0 1.0 1.0 0.0 0.0 0.0 1.0 0.0 0.0 0.0 1.0 0.0 0.0 1.0
  0.0 0.0 0.0 0.0 0.0 0.0 0.0 0.0 0.0 0.0 0.0 1.0 0.0 0.0 0.0 0.0 0.0 0.0
  0.0 0.0 0.0 0.0 0.0 0.0 0.0 1.0 0.0 0.0 0.0 0.0 0.0 0.0 0.0 0.0 0.0 0.0
  0.0 0.0 0.0]
 [3.0 0.0 1.0 0.0 0.0 0.0 0.0 1.0 0.0 0.0 0.0 0.0 0.0 0.0 0.0 0.0 0.0 0.0
  0.0 0.0 0.0 0.0 0.0 0.0 0.0 0.0 1.0 0.0 0.0 0.0 0.0 1.0 0.0 1.0 1.0 0.0
  0.0 0.0 0.0 0.0 0.0 0.0 0.0 0.0 0.0 0.0 0.0 0.0 0.0 1.0 0.0 0.0 0.0 0.0
  0.0 0.0 0.0 0.0 0.0 0.0 0.0 0.0 0.0 0.0 0.0 0.0 0.0 0.0 0.0 0.0 0.0 1.0
  0.0 0.0 0.0]
 [3.0 0.0 1.0 0.0 0.0 0.0 0.0 0.0 0.0 0.0 0.0 0.0 1.0 0.0 0.0 0.0 0.0 0.0
  0.0 0.0 0.0 0.0 0.0 0.0 0.0 0.0 1.0 1.0 0.0 0.0 0.0 0.0 1.0 0.0 0.0 0.0
  0.0 0.0 1.0 0.0 0.0 0.0 0.0 0.0 0.0 0.0 0.0 0.0 0.0 0.0 0.0 1.0 0.0 0.0
  0.0 0.0 0.0 0.0 0.0 0.0 0.0 0.0 0.0 0.0 0.0 0.0 0.0 0.0 0.0 0.0 1.0 0.0
  0.0 0.0 0.0]
 [4.0 1.0 0.0 0.0 1.0 0.0 0.0 0.0 0.0 0.0 0.0 0.0 0.0 0.0 0.0 0.0 0.0 0.0
  0.0 0.0 0.0 0.0 0.0 0.0 0.0 1.0 0.0 0.0 0.0 0.0 0.0 1.0 0.0 1.0 0.0 1.0
  0.0 0.0 0.0 0.0 0.0 0.0 0.0 0.0 0.0 0.0 0.0 0.0 1.0 0.0 0.0 0.0 0.0 0.0
  0.0 0.0 0.0 0.0 0.0 0.0 0.0 0.0 0.0 0.0 0.0 1.0 0.0 0.0 0.0 0.0 0.0 0.0
  0.0 0.0 0.0]
 [4.0 1.0 0.0 0.0 1.0 0.0 0.0 0.0 0.0 0.0 0.0 0.0 0.0 0.0 0.0 0.0 0.0 0.0
  0.0 0.0 0.0 0.0 0.0 0.0 0.0 1.0 0.0 0.0 0.0 0.0 0.0 1.0 0.0 1.0 0.0 1.0
  0.0 0.0 0.0 0.0 0.0 0.0 0.0 0.0 0.0 0.0 0.0 0.0 1.0 0.0 0.0 0.0 0.0 0.0
  0.0 0.0 0.0 0.0 0.0 0.0 0.0 0.0 0.0 0.0 0.0 1.0 0.0 0.0 0.0 0.0 0.0 0.0
  0.0 0.0 0.0]
 [4.0 1.0 0.0 0.0 1.0 0.0 0.0 0.0 0.0 0.0 0.0 0.0 0.0 0.0 0.0 0.0 0.0 0.0
  0.0 0.0 0.0 0.0 0.0 0.0 0.0 1.0 0.0 0.0 0.0 0.0 0.0 1.0 0.0 1.0 0.0 0.0
  0.0 0.0 0.0 1.0 0.0 0.0 0.0 0.0 0.0 0.0 0.0 0.0 0.0 0.0 0.0 0.0 0.0 1.0
  0.0 0.0 0.0 0.0 0.0 0.0 0.0 0.0 0.0 0.0 0.0 0.0 0.0 0.0 0.0 1.0 0.0 0.0
  0.0 0.0 0.0]
 [4.0 1.0 0.0 0.0 1.0 0.0 0.0 0.0 0.0 0.0 0.0 0.0 0.0 0.0 0.0 0.0 0.0 0.0
  0.0 0.0 0.0 0.0 0.0 0.0 0.0 1.0 0.0 0.0 0.0 0.0 0.0 1.0 0.0 1.0 1.0 0.0
  0.0 0.0 0.0 0.0 0.0 0.0 0.0 0.0 0.0 0.0 0.0 0.0 0.0 0.0 1.0 0.0 0.0 0.0
  0.0 0.0 0.0 0.0 0.0 0.0 0.0 0.0 0.0 0.0 1.0 0.0 0.0 0.0 0.0 0.0 0.0 0.0
  0.0 0.0 0.0]] 
 
 
Val : (133457, 75) 
 

FINISHED ENCODING
~~~~~~~~~~~~~~~~~~~~~~~~~~~~~~~~~~~~~~~~~~~~~~~~~~~~~~~~~~~~~~~~~~~~~~~~~~~~~~~
Number of Classes B4 Bin Verifier: 46
Unique values in y_train: (array([ 0.,  1.,  2.,  3.,  4.,  5.,  6.,  7.,  8.,  9., 10., 11., 12.,
       13., 14., 15., 16., 17., 18., 19., 20., 21., 22., 23., 24., 25.,
       26., 27., 28., 29., 30., 31., 32., 33., 34., 35., 36., 37., 38.,
       39., 40., 41., 42., 43., 44., 45.]), 46)
Unique values in y_test: (array([ 0.,  1.,  2.,  3.,  4.,  5.,  6.,  7.,  8.,  9., 10., 11., 12.,
       13., 14., 15., 16., 17., 18., 19., 20., 21., 22., 23., 24., 25.,
       26., 27., 28., 29., 30., 31., 32., 33., 34., 35., 36., 37., 38.,
       39., 40., 41., 42., 43., 44., 45.]), 46)
No need to shift labels.
VERIFY SHIFT
Train after shift : [ 0  1  2  3  4  5  6  7  8  9 10 11 12 13 14 15 16 17 18 19 20 21 22 23
 24 25 26 27 28 29 30 31 32 33 34 35 36 37 38 39 40 41 42 43 44 45], Length : 46
Test after shift : [ 0  1  2  3  4  5  6  7  8  9 10 11 12 13 14 15 16 17 18 19 20 21 22 23
 24 25 26 27 28 29 30 31 32 33 34 35 36 37 38 39 40 41 42 43 44 45], Length : 46
Number of Classes After Bin Verifier: 46
In get_device
Using dim 8 and batch size 64
{'depth': 6, 'dim': 256, 'dropout': 0.6, 'heads': 8}
Epoch 0 loss 2.194032669067383
Epoch 1 loss 2.1768338680267334
Epoch 2 loss 2.167072057723999
Epoch 3 loss 2.1579666137695312
Epoch 4 loss 2.157473087310791
Epoch 5 loss 2.152345895767212
Epoch 6 loss 2.1529579162597656
Epoch 7 loss 2.1408591270446777
Epoch 8 loss 2.145594596862793
Epoch 9 loss 2.1434214115142822
Epoch 10 loss 2.142164945602417
Epoch 11 loss 2.137810230255127
Epoch 12 loss 2.1389925479888916
Epoch 13 loss 2.1385600566864014
Epoch 14 loss 2.1340227127075195
Epoch 15 loss 2.1350533962249756
Epoch 16 loss 2.1349031925201416
Epoch 17 loss 2.134033203125
Epoch 18 loss 2.1361446380615234
Epoch 19 loss 2.136005163192749
Epoch 20 loss 2.1303811073303223
Epoch 21 loss 2.1347949504852295
Epoch 22 loss 2.1327743530273438
Epoch 23 loss 2.135158061981201
Epoch 24 loss 2.1368091106414795
Epoch 25 loss 2.135490655899048
Epoch 26 loss 2.136615514755249
Epoch 27 loss 2.139699935913086
Epoch 28 loss 2.140268087387085
Epoch 29 loss 2.1462035179138184
Epoch 30 loss 2.150083065032959
Epoch 31 loss 2.1490538120269775
Epoch 32 loss 2.1576952934265137
Epoch 33 loss 2.1517598628997803
Epoch 34 loss 2.152137517929077
Epoch 35 loss 2.1642813682556152
Epoch 36 loss 2.1626501083374023
Epoch 37 loss 2.1750311851501465
Epoch 38 loss 2.176734447479248
Epoch 39 loss 2.186340570449829
Epoch 40 loss 2.1876933574676514
Epoch 41 loss 2.195782423019409
Validation loss has not improved for 20 steps!
Early stopping applies.
State of save is True b4 loss saving
Log file exists at: output/SAINT/Black_Friday/logging/loss_4.txt
File name : output/SAINT/Black_Friday/logging/loss_4.txt . The file was saved
Log file exists at: output/SAINT/Black_Friday/logging/val_loss_4.txt
File name : output/SAINT/Black_Friday/logging/val_loss_4.txt . The file was saved
Saved Losses and Regularization
±±±±±±±±±±±±±±±±±±±±±±±±±±±±±±±±±±±±±±±±±±±±±±±±±±±±±±±±±±±±±±±±±±±±±±±±±±± 

B4 Evaluation
Number of classes : 46
Class label len :46
Class labels : [0, 1, 2, 3, 4, 5, 6, 7, 8, 9, 10, 11, 12, 13, 14, 15, 16, 17, 18, 19, 20, 21, 22, 23, 24, 25, 26, 27, 28, 29, 30, 31, 32, 33, 34, 35, 36, 37, 38, 39, 40, 41, 42, 43, 44, 45]
Unique y_true : 46
Unique train : 46

Prediction shape : (33364,)
Probabilities shape : (33364, 46) 

±±±±±±±±±±±±±±±±±±±±±±±±±±±±±±±±±±±±±±±±±±±±±±±±±±±±±±±±±±±±±±±±±±±±±±±±±±± 

IN SCORER EVAL
y_true classes: 46
Probabilities shape: (33364, 46)
DONE IN SCORER EVAL
After Evaluation
{'Log Loss - mean': 2.135744, 'Log Loss - std': 0.004823536461974788, 'AUC - mean': 0.9352333389282412, 'AUC - std': 0.0008568247505606618, 'Accuracy - mean': 0.20885861249221227, 'Accuracy - std': 0.002064962050189439, 'F1 score - mean': 0.1556294374323644, 'F1 score - std': 0.003451313687561355} 
 

Saving model.....
Results After CV: {'Log Loss - mean': 2.135744, 'Log Loss - std': 0.004823536461974788, 'AUC - mean': 0.9352333389282412, 'AUC - std': 0.0008568247505606618, 'Accuracy - mean': 0.20885861249221227, 'Accuracy - std': 0.002064962050189439, 'F1 score - mean': 0.1556294374323644, 'F1 score - std': 0.003451313687561355}
Train time: 17946.900171631005
Inference time: 5.004895114401006
Finished cross validation
Loss path :output/SAINT/Black_Friday/logging/
Plots saved successfully!
{'Log Loss - mean': 2.135744, 'Log Loss - std': 0.004823536461974788, 'AUC - mean': 0.9352333389282412, 'AUC - std': 0.0008568247505606618, 'Accuracy - mean': 0.20885861249221227, 'Accuracy - std': 0.002064962050189439, 'F1 score - mean': 0.1556294374323644, 'F1 score - std': 0.003451313687561355}
(17946.900171631005, 5.004895114401006)


----------------------------------------------------------------------------
Training VIME Vesion 1 with Dataset: config/boston.yml 



----------------------------------------------------------------------------
Namespace(batch_size=128, bin_alt=None, cat_dims=[2], cat_idx=[0], config='config/boston.yml', data_parallel=False, dataset='Boston', direction='maximize', dropna_idx=None, early_stopping_rounds=20, epochs=100, frequency_reg=False, gpu_ids=[0, 1], logging_period=100, miss_cat_idx=None, miss_num_idx=None, model_name='SAINT', n_trials=100, nominal_idx=[3], num_bins=10, num_classes=1, num_features=13, num_idx=None, num_splits=5, objective='probabilistic_regression', one_hot_encode=True, optimize_hyperparameters=False, ordinal_encode=False, ordinal_idx=None, scale=True, seed=221, shuffle=True, target_encode=False, use_gpu=True, val_batch_size=256, y_distribution='normal')
Train model with given hyperparameters
Loading dataset Boston...
Dataset loaded! 

(506, 13)
I am in Main Once
In get_device
Using dim 64 and batch size 128
Almost Cross Validating
Fold 1
num_features : 13
num_classes : 1
cat_idx : [0]
nominal_idx : [3]
ordinal_idx : None
num_idx : None
cat_dims : [2]
bin_alt : None
~~~~~~~~~~~~~~~~~~~~~~~~~~~~~~~~~~~~~~~~~~~~~~~~~~~~~~~~~~~~~~~~~~~~~~~~~~~~~~~
BEFORE ANY ENCODING
num_features :13
num_classes : 1
cat_idx : [0]
nominal_idx : [3]
ordinal_idx : None
num_idx : None
cat_dims : [2]
bin_alt : None 


X shape : (404, 13)
~~~~~~~~~~~~~~~~~~~~~~~~~~~~~~~~~~~~~~~~~~~~~~~~~~~~~~~~~~~~~~~~~~~~~~~~~~~~~~~
~~~~~~~~~~~~~~~~~~~~~~~~~~~~~~~~~~~~~~~~~~~~~~~~~~~~~~~~~~~~~~~~~~~~~~~~~~~~~~~ 


AFTER SEPARATING CATEGORICALS AND NUMERICALS
Numerical Index V1 : [0, 1, 2, 4, 5, 6, 7, 8, 9, 10, 11, 12]
Cat Dims V1 : []
Cat Idx V1 : [3] 
 

~~~~~~~~~~~~~~~~~~~~~~~~~~~~~~~~~~~~~~~~~~~~~~~~~~~~~~~~~~~~~~~~~~~~~~~~~~~~~~~ 


Scaling the data...
One Hot Encoding...
~~~~~~~~~~~~~~~~~~~~~~~~~~~~~~~~~~~~~~~~~~~~~~~~~~~~~~~~~~~~~~~~~~~~~~~~~~~~~~~
After OHE
Numerical Index V2 : [0, 1, 2, 4, 5, 6, 7, 8, 9, 10, 11, 12] 


OHE Idx : [0, 1]


Ordinal Idx V2: None


Cat Dims V2 : []
Cat Idx V2 : None 
 

Train: [[ 1.          0.         -0.43225825  0.28085326 -1.26935664]
 [ 1.          0.         -0.42951432 -0.4935031  -0.57291426]
 [ 1.          0.         -0.42951694 -0.4935031  -0.57291426]
 [ 1.          0.         -0.42885285 -0.4935031  -1.28837713]
 [ 1.          0.         -0.42405785 -0.4935031  -1.28837713]
 [ 1.          0.         -0.42918228 -0.4935031  -1.28837713]
 [ 1.          0.         -0.42154269  0.04424437 -0.45586512]
 [ 1.          0.         -0.41418809  0.04424437 -0.45586512]
 [ 1.          0.         -0.40547001  0.04424437 -0.45586512]
 [ 1.          0.         -0.40368561  0.04424437 -0.45586512]] 
 
 
Val : (404, 14) 
 

~~~~~~~~~~~~~~~~~~~~~~~~~~~~~~~~~~~~~~~~~~~~~~~~~~~~~~~~~~~~~~~~~~~~~~~~~~~~~~~
~~~~~~~~~~~~~~~~~~~~~~~~~~~~~~~~~~~~~~~~~~~~~~~~~~~~~~~~~~~~~~~~~~~~~~~~~~~~~~~
After ORDINAL
Numerical Index V2 : [0, 1, 2, 4, 5, 6, 7, 8, 9, 10, 11, 12] 


OHE Idx : [0, 1]


Ordinal Idx V2: None


Cat Dims V2 : []
Cat Idx V2 : None 
 

Train: [[ 1.00000000e+00  0.00000000e+00 -4.32258247e-01  2.80853261e-01
  -1.26935664e+00 -1.33314879e-01  4.00328643e-01 -1.16382568e-01
   1.25618120e-01 -9.71860731e-01 -6.57926849e-01 -1.43057295e+00
   4.19508769e-01 -1.05567454e+00]
 [ 1.00000000e+00  0.00000000e+00 -4.29514322e-01 -4.93503105e-01
  -5.72914258e-01 -7.40690027e-01  1.83324680e-01  3.76165405e-01
   5.34978135e-01 -8.54376669e-01 -9.85150361e-01 -2.90809064e-01
   4.19508769e-01 -4.65019751e-01]
 [ 1.00000000e+00  0.00000000e+00 -4.29516937e-01 -4.93503105e-01
  -5.72914258e-01 -7.40690027e-01  1.25988980e+00 -2.63787436e-01
   5.34978135e-01 -8.54376669e-01 -9.85150361e-01 -2.90809064e-01
   3.73404289e-01 -1.19055965e+00]
 [ 1.00000000e+00  0.00000000e+00 -4.28852852e-01 -4.93503105e-01
  -1.28837713e+00 -8.37517949e-01  9.96384984e-01 -8.13859260e-01
   1.04608309e+00 -7.36892607e-01 -1.10634425e+00  1.19505936e-01
   3.93794477e-01 -1.34532257e+00]
 [ 1.00000000e+00  0.00000000e+00 -4.24057847e-01 -4.93503105e-01
  -1.28837713e+00 -8.37517949e-01  1.20634336e+00 -5.11859043e-01
   1.04608309e+00 -7.36892607e-01 -1.10634425e+00  1.19505936e-01
   4.19508769e-01 -1.00598003e+00]
 [ 1.00000000e+00  0.00000000e+00 -4.29182280e-01 -4.93503105e-01
  -1.28837713e+00 -8.37517949e-01  1.96006730e-01 -3.50073213e-01
   1.04608309e+00 -7.36892607e-01 -1.10634425e+00  1.19505936e-01
   3.88017257e-01 -1.02301815e+00]
 [ 1.00000000e+00  0.00000000e+00 -4.21542692e-01  4.42443716e-02
  -4.55865117e-01 -2.56550417e-01 -3.93004027e-01 -6.60491988e-02
   8.11929717e-01 -5.01924483e-01 -5.67031429e-01 -1.47616351e+00
   4.04782522e-01  2.10867810e-03]
 [ 1.00000000e+00  0.00000000e+00 -4.14188085e-01  4.42443716e-02
  -4.55865117e-01 -2.56550417e-01 -1.67545364e-01  9.94546802e-01
   9.93950473e-01 -5.01924483e-01 -5.67031429e-01 -1.47616351e+00
   4.19508769e-01  9.56243343e-01]
 [ 1.00000000e+00  0.00000000e+00 -4.05470014e-01  4.42443716e-02
  -4.55865117e-01 -2.56550417e-01 -9.29877468e-01  1.13476119e+00
   1.05537081e+00 -5.01924483e-01 -5.67031429e-01 -1.47616351e+00
   3.03171419e-01  2.48683437e+00]
 [ 1.00000000e+00  0.00000000e+00 -4.03685613e-01  4.42443716e-02
  -4.55865117e-01 -2.56550417e-01  1.21323548e-01  9.29832470e-01
   1.17886489e+00 -5.01924483e-01 -5.67031429e-01 -1.47616351e+00
   3.69892645e-01  1.14082297e+00]] 
 
 
Val : (404, 14) 
 

FINISHED ENCODING
~~~~~~~~~~~~~~~~~~~~~~~~~~~~~~~~~~~~~~~~~~~~~~~~~~~~~~~~~~~~~~~~~~~~~~~~~~~~~~~
Number of Classes B4 Bin Verifier: 7
Unique values in y_train: (array([0., 1., 2., 3., 4., 5., 6.]), 7)
Unique values in y_test: (array([0., 1., 2., 3., 4., 5., 6.]), 7)
No need to shift labels.
VERIFY SHIFT
Train after shift : [0 1 2 3 4 5 6], Length : 7
Test after shift : [0 1 2 3 4 5 6], Length : 7
Number of Classes After Bin Verifier: 7
In get_device
Using dim 64 and batch size 128
{'depth': 1, 'dim': 64, 'dropout': 0.2, 'heads': 4}
Epoch 0 loss 1.9098241329193115
Epoch 1 loss 1.8589526414871216
Epoch 2 loss 1.8134979009628296
Epoch 3 loss 1.767829418182373
Epoch 4 loss 1.7215598821640015
Epoch 5 loss 1.6683284044265747
Epoch 6 loss 1.619141936302185
Epoch 7 loss 1.57106351852417
Epoch 8 loss 1.5226202011108398
Epoch 9 loss 1.4752280712127686
Epoch 10 loss 1.429152488708496
Epoch 11 loss 1.3850785493850708
Epoch 12 loss 1.347985029220581
Epoch 13 loss 1.3149609565734863
Epoch 14 loss 1.2816262245178223
Epoch 15 loss 1.2592545747756958
Epoch 16 loss 1.2320337295532227
Epoch 17 loss 1.2069637775421143
Epoch 18 loss 1.1797330379486084
Epoch 19 loss 1.1567500829696655
Epoch 20 loss 1.14651358127594
Epoch 21 loss 1.148605227470398
Epoch 22 loss 1.1311777830123901
Epoch 23 loss 1.1257189512252808
Epoch 24 loss 1.1308457851409912
Epoch 25 loss 1.113702416419983
Epoch 26 loss 1.11724054813385
Epoch 27 loss 1.124901533126831
Epoch 28 loss 1.1156998872756958
Epoch 29 loss 1.1126575469970703
Epoch 30 loss 1.082003116607666
Epoch 31 loss 1.0876963138580322
Epoch 32 loss 1.1147968769073486
Epoch 33 loss 1.1302568912506104
Epoch 34 loss 1.1349128484725952
Epoch 35 loss 1.0939728021621704
Epoch 36 loss 1.1175868511199951
Epoch 37 loss 1.1310522556304932
Epoch 38 loss 1.1209343671798706
Epoch 39 loss 1.1104620695114136
Epoch 40 loss 1.1447899341583252
Epoch 41 loss 1.1138629913330078
Epoch 42 loss 1.084962010383606
Epoch 43 loss 1.1071009635925293
Epoch 44 loss 1.1525845527648926
Epoch 45 loss 1.1109336614608765
Epoch 46 loss 1.157726764678955
Epoch 47 loss 1.1897531747817993
Epoch 48 loss 1.137561321258545
Epoch 49 loss 1.1134421825408936
Epoch 50 loss 1.12735116481781
Epoch 51 loss 1.1583952903747559
Validation loss has not improved for 20 steps!
Early stopping applies.
State of save is True b4 loss saving
Log file exists at: output/SAINT/Boston/logging/loss_0.txt
File name : output/SAINT/Boston/logging/loss_0.txt . The file was saved
Log file exists at: output/SAINT/Boston/logging/val_loss_0.txt
File name : output/SAINT/Boston/logging/val_loss_0.txt . The file was saved
Saved Losses and Regularization
±±±±±±±±±±±±±±±±±±±±±±±±±±±±±±±±±±±±±±±±±±±±±±±±±±±±±±±±±±±±±±±±±±±±±±±±±±± 

B4 Evaluation
Number of classes : 7
Class label len :7
Class labels : [0, 1, 2, 3, 4, 5, 6]
Unique y_true : 7
Unique train : 7

Prediction shape : (102,)
Probabilities shape : (102, 7) 

±±±±±±±±±±±±±±±±±±±±±±±±±±±±±±±±±±±±±±±±±±±±±±±±±±±±±±±±±±±±±±±±±±±±±±±±±±± 

IN SCORER EVAL
y_true classes: 7
Probabilities shape: (102, 7)
DONE IN SCORER EVAL
After Evaluation
{'Log Loss - mean': 1.082, 'Log Loss - std': 0.0, 'AUC - mean': 0.8866027715198632, 'AUC - std': 0.0, 'Accuracy - mean': 0.5392156862745098, 'Accuracy - std': 0.0, 'F1 score - mean': 0.5296584993297796, 'F1 score - std': 0.0} 
 

Fold 2
num_features : 13
num_classes : 1
cat_idx : [0]
nominal_idx : [3]
ordinal_idx : None
num_idx : None
cat_dims : [2]
bin_alt : None
~~~~~~~~~~~~~~~~~~~~~~~~~~~~~~~~~~~~~~~~~~~~~~~~~~~~~~~~~~~~~~~~~~~~~~~~~~~~~~~
BEFORE ANY ENCODING
num_features :13
num_classes : 1
cat_idx : [0]
nominal_idx : [3]
ordinal_idx : None
num_idx : None
cat_dims : [2]
bin_alt : None 


X shape : (405, 13)
~~~~~~~~~~~~~~~~~~~~~~~~~~~~~~~~~~~~~~~~~~~~~~~~~~~~~~~~~~~~~~~~~~~~~~~~~~~~~~~
~~~~~~~~~~~~~~~~~~~~~~~~~~~~~~~~~~~~~~~~~~~~~~~~~~~~~~~~~~~~~~~~~~~~~~~~~~~~~~~ 


AFTER SEPARATING CATEGORICALS AND NUMERICALS
Numerical Index V1 : [0, 1, 2, 4, 5, 6, 7, 8, 9, 10, 11, 12]
Cat Dims V1 : []
Cat Idx V1 : [3] 
 

~~~~~~~~~~~~~~~~~~~~~~~~~~~~~~~~~~~~~~~~~~~~~~~~~~~~~~~~~~~~~~~~~~~~~~~~~~~~~~~ 


Scaling the data...
One Hot Encoding...
~~~~~~~~~~~~~~~~~~~~~~~~~~~~~~~~~~~~~~~~~~~~~~~~~~~~~~~~~~~~~~~~~~~~~~~~~~~~~~~
After OHE
Numerical Index V2 : [0, 1, 2, 4, 5, 6, 7, 8, 9, 10, 11, 12] 


OHE Idx : [0, 1]


Ordinal Idx V2: None


Cat Dims V2 : []
Cat Idx V2 : None 
 

Train: [[ 1.          0.         -0.4187734   0.27873242 -1.3111601 ]
 [ 1.          0.         -0.41648614 -0.49094914 -0.60984622]
 [ 1.          0.         -0.41648832 -0.49094914 -0.60984622]
 [ 1.          0.         -0.41593476 -0.49094914 -1.33031363]
 [ 1.          0.         -0.41620936 -0.49094914 -1.33031363]
 [ 1.          0.         -0.40984121  0.04355194 -0.49197834]
 [ 1.          0.         -0.40371062  0.04355194 -0.49197834]
 [ 1.          0.         -0.39644348  0.04355194 -0.49197834]
 [ 1.          0.         -0.400933    0.04355194 -0.49197834]
 [ 1.          0.         -0.39495605  0.04355194 -0.49197834]] 
 
 
Val : (405, 14) 
 

~~~~~~~~~~~~~~~~~~~~~~~~~~~~~~~~~~~~~~~~~~~~~~~~~~~~~~~~~~~~~~~~~~~~~~~~~~~~~~~
~~~~~~~~~~~~~~~~~~~~~~~~~~~~~~~~~~~~~~~~~~~~~~~~~~~~~~~~~~~~~~~~~~~~~~~~~~~~~~~
After ORDINAL
Numerical Index V2 : [0, 1, 2, 4, 5, 6, 7, 8, 9, 10, 11, 12] 


OHE Idx : [0, 1]


Ordinal Idx V2: None


Cat Dims V2 : []
Cat Idx V2 : None 
 

Train: [[ 1.          0.         -0.4187734   0.27873242 -1.3111601  -0.14644097
   0.43321145 -0.11061159  0.14775275 -0.99688337 -0.67131018 -1.47837754
   0.4487374  -1.08196   ]
 [ 1.          0.         -0.41648614 -0.49094914 -0.60984622 -0.73733458
   0.2147811   0.37093288  0.57290665 -0.88325045 -0.98796866 -0.30795197
   0.4487374  -0.50980847]
 [ 1.          0.         -0.41648832 -0.49094914 -0.60984622 -0.73733458
   1.29842261 -0.25472344  0.57290665 -0.88325045 -0.98796866 -0.30795197
   0.40426039 -1.2126196 ]
 [ 1.          0.         -0.41593476 -0.49094914 -1.33031363 -0.83153501
   1.03318575 -0.79250669  1.10373099 -0.76961753 -1.10524957  0.11340123
   0.42393081 -1.36253431]
 [ 1.          0.         -0.41620936 -0.49094914 -1.33031363 -0.83153501
   0.22754651 -0.3390816   1.10373099 -0.76961753 -1.10524957  0.11340123
   0.41835752 -1.05032662]
 [ 1.          0.         -0.40984121  0.04355194 -0.49197834 -0.26633243
  -0.36533589 -0.06140267  0.86054354 -0.54235169 -0.58334949 -1.52519456
   0.43453098 -0.05731364]
 [ 1.          0.         -0.40371062  0.04355194 -0.49197834 -0.26633243
  -0.13839526  0.97549967  1.049587   -0.54235169 -0.58334949 -1.52519456
   0.4487374   0.86693114]
 [ 1.          0.         -0.39644348  0.04355194 -0.49197834 -0.26633243
  -0.90573827  1.11258167  1.11337705 -0.54235169 -0.58334949 -1.52519456
   0.33650671  2.3495738 ]
 [ 1.          0.         -0.400933    0.04355194 -0.49197834 -0.26633243
  -0.37668292  0.6169775   1.36058773 -0.54235169 -0.58334949 -1.52519456
   0.33738095  0.58498147]
 [ 1.          0.         -0.39495605  0.04355194 -0.49197834 -0.26633243
   0.15237242  0.91223105  1.24163577 -0.54235169 -0.58334949 -1.52519456
   0.4008727   1.04572849]] 
 
 
Val : (405, 14) 
 

FINISHED ENCODING
~~~~~~~~~~~~~~~~~~~~~~~~~~~~~~~~~~~~~~~~~~~~~~~~~~~~~~~~~~~~~~~~~~~~~~~~~~~~~~~
Number of Classes B4 Bin Verifier: 7
Unique values in y_train: (array([0., 1., 2., 3., 4., 5., 6.]), 7)
Unique values in y_test: (array([0., 1., 2., 3., 4., 5., 6.]), 7)
No need to shift labels.
VERIFY SHIFT
Train after shift : [0 1 2 3 4 5 6], Length : 7
Test after shift : [0 1 2 3 4 5 6], Length : 7
Number of Classes After Bin Verifier: 7
In get_device
Using dim 64 and batch size 128
{'depth': 1, 'dim': 64, 'dropout': 0.2, 'heads': 4}
Epoch 0 loss 1.9086400270462036
Epoch 1 loss 1.8481440544128418
Epoch 2 loss 1.8010343313217163
Epoch 3 loss 1.7505344152450562
Epoch 4 loss 1.7014821767807007
Epoch 5 loss 1.6538560390472412
Epoch 6 loss 1.6114624738693237
Epoch 7 loss 1.5697358846664429
Epoch 8 loss 1.5220154523849487
Epoch 9 loss 1.475972056388855
Epoch 10 loss 1.4364562034606934
Epoch 11 loss 1.3984184265136719
Epoch 12 loss 1.3542380332946777
Epoch 13 loss 1.310090184211731
Epoch 14 loss 1.2632893323898315
Epoch 15 loss 1.2312654256820679
Epoch 16 loss 1.1957169771194458
Epoch 17 loss 1.1782459020614624
Epoch 18 loss 1.1682826280593872
Epoch 19 loss 1.1604249477386475
Epoch 20 loss 1.1402480602264404
Epoch 21 loss 1.1264064311981201
Epoch 22 loss 1.1084729433059692
Epoch 23 loss 1.1011922359466553
Epoch 24 loss 1.0947704315185547
Epoch 25 loss 1.1100958585739136
Epoch 26 loss 1.1109403371810913
Epoch 27 loss 1.0963670015335083
Epoch 28 loss 1.1008830070495605
Epoch 29 loss 1.1331181526184082
Epoch 30 loss 1.091313362121582
Epoch 31 loss 1.0786311626434326
Epoch 32 loss 1.0884175300598145
Epoch 33 loss 1.0776219367980957
Epoch 34 loss 1.108256220817566
Epoch 35 loss 1.124852180480957
Epoch 36 loss 1.0814144611358643
Epoch 37 loss 1.0528031587600708
Epoch 38 loss 1.054025650024414
Epoch 39 loss 1.109264850616455
Epoch 40 loss 1.061813235282898
Epoch 41 loss 1.0527927875518799
Epoch 42 loss 1.0754963159561157
Epoch 43 loss 1.0891871452331543
Epoch 44 loss 1.0652837753295898
Epoch 45 loss 1.0540190935134888
Epoch 46 loss 1.0895061492919922
Epoch 47 loss 1.0693504810333252
Epoch 48 loss 1.0407798290252686
Epoch 49 loss 1.0722944736480713
Epoch 50 loss 1.0989329814910889
Epoch 51 loss 1.070846438407898
Epoch 52 loss 1.0925050973892212
Epoch 53 loss 1.1066792011260986
Epoch 54 loss 1.0952119827270508
Epoch 55 loss 1.0698802471160889
Epoch 56 loss 1.0521577596664429
Epoch 57 loss 1.0629703998565674
Epoch 58 loss 1.0799654722213745
Epoch 59 loss 1.1558520793914795
Epoch 60 loss 1.0823777914047241
Epoch 61 loss 1.0400084257125854
Epoch 62 loss 1.0900567770004272
Epoch 63 loss 1.104590654373169
Epoch 64 loss 1.0580166578292847
Epoch 65 loss 1.053939700126648
Epoch 66 loss 1.1084682941436768
Epoch 67 loss 1.0771502256393433
Epoch 68 loss 1.0903539657592773
Epoch 69 loss 1.1693881750106812
Epoch 70 loss 1.0916433334350586
Epoch 71 loss 1.062112808227539
Epoch 72 loss 1.1393423080444336
Epoch 73 loss 1.1026909351348877
Epoch 74 loss 1.0699633359909058
Epoch 75 loss 1.1014243364334106
Epoch 76 loss 1.134757161140442
Epoch 77 loss 1.1241350173950195
Epoch 78 loss 1.1059919595718384
Epoch 79 loss 1.1188188791275024
Epoch 80 loss 1.173119068145752
Epoch 81 loss 1.0824034214019775
Epoch 82 loss 1.0861835479736328
Validation loss has not improved for 20 steps!
Early stopping applies.
State of save is True b4 loss saving
Log file exists at: output/SAINT/Boston/logging/loss_1.txt
File name : output/SAINT/Boston/logging/loss_1.txt . The file was saved
Log file exists at: output/SAINT/Boston/logging/val_loss_1.txt
File name : output/SAINT/Boston/logging/val_loss_1.txt . The file was saved
Saved Losses and Regularization
±±±±±±±±±±±±±±±±±±±±±±±±±±±±±±±±±±±±±±±±±±±±±±±±±±±±±±±±±±±±±±±±±±±±±±±±±±± 

B4 Evaluation
Number of classes : 7
Class label len :7
Class labels : [0, 1, 2, 3, 4, 5, 6]
Unique y_true : 7
Unique train : 7

Prediction shape : (101,)
Probabilities shape : (101, 7) 

±±±±±±±±±±±±±±±±±±±±±±±±±±±±±±±±±±±±±±±±±±±±±±±±±±±±±±±±±±±±±±±±±±±±±±±±±±± 

IN SCORER EVAL
y_true classes: 7
Probabilities shape: (101, 7)
DONE IN SCORER EVAL
After Evaluation
{'Log Loss - mean': 1.0610050000000002, 'Log Loss - std': 0.020994999999999986, 'AUC - mean': 0.8885771421587259, 'AUC - std': 0.001974370638862688, 'Accuracy - mean': 0.5715880411570569, 'Accuracy - std': 0.03237235488254708, 'F1 score - mean': 0.5667876053460748, 'F1 score - std': 0.0371291060162951} 
 

Fold 3
num_features : 13
num_classes : 1
cat_idx : [0]
nominal_idx : [3]
ordinal_idx : None
num_idx : None
cat_dims : [2]
bin_alt : None
~~~~~~~~~~~~~~~~~~~~~~~~~~~~~~~~~~~~~~~~~~~~~~~~~~~~~~~~~~~~~~~~~~~~~~~~~~~~~~~
BEFORE ANY ENCODING
num_features :13
num_classes : 1
cat_idx : [0]
nominal_idx : [3]
ordinal_idx : None
num_idx : None
cat_dims : [2]
bin_alt : None 


X shape : (405, 13)
~~~~~~~~~~~~~~~~~~~~~~~~~~~~~~~~~~~~~~~~~~~~~~~~~~~~~~~~~~~~~~~~~~~~~~~~~~~~~~~
~~~~~~~~~~~~~~~~~~~~~~~~~~~~~~~~~~~~~~~~~~~~~~~~~~~~~~~~~~~~~~~~~~~~~~~~~~~~~~~ 


AFTER SEPARATING CATEGORICALS AND NUMERICALS
Numerical Index V1 : [0, 1, 2, 4, 5, 6, 7, 8, 9, 10, 11, 12]
Cat Dims V1 : []
Cat Idx V1 : [3] 
 

~~~~~~~~~~~~~~~~~~~~~~~~~~~~~~~~~~~~~~~~~~~~~~~~~~~~~~~~~~~~~~~~~~~~~~~~~~~~~~~ 


Scaling the data...
One Hot Encoding...
~~~~~~~~~~~~~~~~~~~~~~~~~~~~~~~~~~~~~~~~~~~~~~~~~~~~~~~~~~~~~~~~~~~~~~~~~~~~~~~
After OHE
Numerical Index V2 : [0, 1, 2, 4, 5, 6, 7, 8, 9, 10, 11, 12] 


OHE Idx : [0, 1]


Ordinal Idx V2: None


Cat Dims V2 : []
Cat Idx V2 : None 
 

Train: [[ 1.          0.         -0.42056938 -0.4888212  -0.60741492]
 [ 1.          0.         -0.41596666 -0.4888212  -1.31758369]
 [ 1.          0.         -0.40483039  0.03480498 -0.49123189]
 [ 1.          0.         -0.39878202  0.03480498 -0.49123189]
 [ 1.          0.         -0.41323966  0.03480498 -0.49123189]
 [ 1.          0.         -0.35413658 -0.4888212  -0.45202012]
 [ 1.          0.         -0.35439792 -0.4888212  -0.45202012]
 [ 1.          0.         -0.30736291 -0.4888212  -0.45202012]
 [ 1.          0.         -0.33710632 -0.4888212  -0.45202012]
 [ 1.          0.         -0.3350652  -0.4888212  -0.45202012]] 
 
 
Val : (405, 14) 
 

~~~~~~~~~~~~~~~~~~~~~~~~~~~~~~~~~~~~~~~~~~~~~~~~~~~~~~~~~~~~~~~~~~~~~~~~~~~~~~~
~~~~~~~~~~~~~~~~~~~~~~~~~~~~~~~~~~~~~~~~~~~~~~~~~~~~~~~~~~~~~~~~~~~~~~~~~~~~~~~
After ORDINAL
Numerical Index V2 : [0, 1, 2, 4, 5, 6, 7, 8, 9, 10, 11, 12] 


OHE Idx : [0, 1]


Ordinal Idx V2: None


Cat Dims V2 : []
Cat Idx V2 : None 
 

Train: [[ 1.          0.         -0.42056938 -0.4888212  -0.60741492 -0.74392033
   0.23876567  0.35529727  0.55426555 -0.87364684 -1.00997446 -0.31587901
   0.45531939 -0.528203  ]
 [ 1.          0.         -0.41596666 -0.4888212  -1.31758369 -0.83699472
   1.30685234 -0.52159414  1.06231866 -0.76085533 -1.12764816  0.09576882
   0.45531939 -1.06900562]
 [ 1.          0.         -0.40483039  0.03480498 -0.49123189 -0.27854836
  -0.37472213  0.60380901  1.3081568  -0.53527231 -0.6040002  -1.50508385
   0.3472664   0.60166285]
 [ 1.          0.         -0.39878202  0.03480498 -0.49123189 -0.27854836
   0.17403314  0.90202309  1.19430763 -0.53527231 -0.6040002  -1.50508385
   0.40887463  1.07717172]
 [ 1.          0.         -0.41323966  0.03480498 -0.49123189 -0.27854836
  -0.54390941 -1.06121963  0.77871637 -0.53527231 -0.6040002  -1.50508385
   0.3874549   0.40436216]
 [ 1.          0.         -0.35413658 -0.4888212  -0.45202012 -0.16009005
  -0.45563779 -0.2517814   0.43382852 -0.64806382 -0.62753494  1.14775772
   0.45531939 -0.65311279]
 [ 1.          0.         -0.35439792 -0.4888212  -0.45202012 -0.16009005
  -0.62482507 -0.43994028  0.3369129  -0.64806382 -0.62753494  1.14775772
   0.44174649 -0.62330477]
 [ 1.          0.         -0.30736291 -0.4888212  -0.45202012 -0.16009005
  -0.4762345  -1.40558589  0.3369129  -0.64806382 -0.62753494  1.14775772
   0.34875094 -0.89157694]
 [ 1.          0.         -0.33710632 -0.4888212  -0.45202012 -0.16009005
  -0.39531884  0.45470197  0.22524421 -0.64806382 -0.62753494  1.14775772
   0.34769055  0.25674149]
 [ 1.          0.         -0.3350652  -0.4888212  -0.45202012 -0.16009005
  -1.18093631 -1.14642365  0.01118548 -0.64806382 -0.62753494  1.14775772
  -0.68893948 -0.16624848]] 
 
 
Val : (405, 14) 
 

FINISHED ENCODING
~~~~~~~~~~~~~~~~~~~~~~~~~~~~~~~~~~~~~~~~~~~~~~~~~~~~~~~~~~~~~~~~~~~~~~~~~~~~~~~
Number of Classes B4 Bin Verifier: 7
Unique values in y_train: (array([0., 1., 2., 3., 4., 5., 6.]), 7)
Unique values in y_test: (array([0., 1., 2., 3., 4., 5., 6.]), 7)
No need to shift labels.
VERIFY SHIFT
Train after shift : [0 1 2 3 4 5 6], Length : 7
Test after shift : [0 1 2 3 4 5 6], Length : 7
Number of Classes After Bin Verifier: 7
In get_device
Using dim 64 and batch size 128
{'depth': 1, 'dim': 64, 'dropout': 0.2, 'heads': 4}
Epoch 0 loss 1.8997796773910522
Epoch 1 loss 1.8612849712371826
Epoch 2 loss 1.8200548887252808
Epoch 3 loss 1.777169108390808
Epoch 4 loss 1.7397257089614868
Epoch 5 loss 1.6997041702270508
Epoch 6 loss 1.6585030555725098
Epoch 7 loss 1.624032974243164
Epoch 8 loss 1.5992629528045654
Epoch 9 loss 1.5590603351593018
Epoch 10 loss 1.5116442441940308
Epoch 11 loss 1.4749220609664917
Epoch 12 loss 1.4566468000411987
Epoch 13 loss 1.4362096786499023
Epoch 14 loss 1.3766885995864868
Epoch 15 loss 1.3150402307510376
Epoch 16 loss 1.2799135446548462
Epoch 17 loss 1.2520016431808472
Epoch 18 loss 1.2229875326156616
Epoch 19 loss 1.2054173946380615
Epoch 20 loss 1.2208620309829712
Epoch 21 loss 1.187870979309082
Epoch 22 loss 1.1637479066848755
Epoch 23 loss 1.1573010683059692
Epoch 24 loss 1.1551188230514526
Epoch 25 loss 1.1349395513534546
Epoch 26 loss 1.1122686862945557
Epoch 27 loss 1.110082983970642
Epoch 28 loss 1.0848387479782104
Epoch 29 loss 1.1002925634384155
Epoch 30 loss 1.1530159711837769
Epoch 31 loss 1.1168997287750244
Epoch 32 loss 1.1092027425765991
Epoch 33 loss 1.1142375469207764
Epoch 34 loss 1.1094082593917847
Epoch 35 loss 1.11850905418396
Epoch 36 loss 1.104261040687561
Epoch 37 loss 1.0978208780288696
Epoch 38 loss 1.1123155355453491
Epoch 39 loss 1.088559627532959
Epoch 40 loss 1.1081931591033936
Epoch 41 loss 1.0847587585449219
Epoch 42 loss 1.1068382263183594
Epoch 43 loss 1.1261513233184814
Epoch 44 loss 1.0930191278457642
Epoch 45 loss 1.096072793006897
Epoch 46 loss 1.1084799766540527
Epoch 47 loss 1.103050708770752
Epoch 48 loss 1.0940911769866943
Epoch 49 loss 1.0959010124206543
Epoch 50 loss 1.093019723892212
Epoch 51 loss 1.1165134906768799
Epoch 52 loss 1.1201667785644531
Epoch 53 loss 1.1792925596237183
Epoch 54 loss 1.1135094165802002
Epoch 55 loss 1.1066244840621948
Epoch 56 loss 1.1187233924865723
Epoch 57 loss 1.127542495727539
Epoch 58 loss 1.1251472234725952
Epoch 59 loss 1.113958716392517
Epoch 60 loss 1.1095311641693115
Epoch 61 loss 1.117053508758545
Epoch 62 loss 1.1086288690567017
Validation loss has not improved for 20 steps!
Early stopping applies.
State of save is True b4 loss saving
Log file exists at: output/SAINT/Boston/logging/loss_2.txt
File name : output/SAINT/Boston/logging/loss_2.txt . The file was saved
Log file exists at: output/SAINT/Boston/logging/val_loss_2.txt
File name : output/SAINT/Boston/logging/val_loss_2.txt . The file was saved
Saved Losses and Regularization
±±±±±±±±±±±±±±±±±±±±±±±±±±±±±±±±±±±±±±±±±±±±±±±±±±±±±±±±±±±±±±±±±±±±±±±±±±± 

B4 Evaluation
Number of classes : 7
Class label len :7
Class labels : [0, 1, 2, 3, 4, 5, 6]
Unique y_true : 7
Unique train : 7

Prediction shape : (101,)
Probabilities shape : (101, 7) 

±±±±±±±±±±±±±±±±±±±±±±±±±±±±±±±±±±±±±±±±±±±±±±±±±±±±±±±±±±±±±±±±±±±±±±±±±±± 

IN SCORER EVAL
y_true classes: 7
Probabilities shape: (101, 7)
DONE IN SCORER EVAL
After Evaluation
{'Log Loss - mean': 1.0689233333333334, 'Log Loss - std': 0.020475839963777318, 'AUC - mean': 0.8903848139095493, 'AUC - std': 0.003022269665420148, 'Accuracy - mean': 0.572477836018896, 'Accuracy - std': 0.026461853869674815, 'F1 score - mean': 0.5681602513116658, 'F1 score - std': 0.030377875550141653} 
 

Fold 4
num_features : 13
num_classes : 1
cat_idx : [0]
nominal_idx : [3]
ordinal_idx : None
num_idx : None
cat_dims : [2]
bin_alt : None
~~~~~~~~~~~~~~~~~~~~~~~~~~~~~~~~~~~~~~~~~~~~~~~~~~~~~~~~~~~~~~~~~~~~~~~~~~~~~~~
BEFORE ANY ENCODING
num_features :13
num_classes : 1
cat_idx : [0]
nominal_idx : [3]
ordinal_idx : None
num_idx : None
cat_dims : [2]
bin_alt : None 


X shape : (405, 13)
~~~~~~~~~~~~~~~~~~~~~~~~~~~~~~~~~~~~~~~~~~~~~~~~~~~~~~~~~~~~~~~~~~~~~~~~~~~~~~~
~~~~~~~~~~~~~~~~~~~~~~~~~~~~~~~~~~~~~~~~~~~~~~~~~~~~~~~~~~~~~~~~~~~~~~~~~~~~~~~ 


AFTER SEPARATING CATEGORICALS AND NUMERICALS
Numerical Index V1 : [0, 1, 2, 4, 5, 6, 7, 8, 9, 10, 11, 12]
Cat Dims V1 : []
Cat Idx V1 : [3] 
 

~~~~~~~~~~~~~~~~~~~~~~~~~~~~~~~~~~~~~~~~~~~~~~~~~~~~~~~~~~~~~~~~~~~~~~~~~~~~~~~ 


Scaling the data...
One Hot Encoding...
~~~~~~~~~~~~~~~~~~~~~~~~~~~~~~~~~~~~~~~~~~~~~~~~~~~~~~~~~~~~~~~~~~~~~~~~~~~~~~~
After OHE
Numerical Index V2 : [0, 1, 2, 4, 5, 6, 7, 8, 9, 10, 11, 12] 


OHE Idx : [0, 1]


Ordinal Idx V2: None


Cat Dims V2 : []
Cat Idx V2 : None 
 

Train: [[ 1.          0.         -0.40199982  0.30903267 -1.27877395]
 [ 1.          0.         -0.39968202 -0.48478275 -0.59044753]
 [ 1.          0.         -0.39912053 -0.48478275 -1.29757279]
 [ 1.          0.         -0.39506632 -0.48478275 -1.29757279]
 [ 1.          0.         -0.39939907 -0.48478275 -1.29757279]
 [ 1.          0.         -0.39293974  0.06647796 -0.47476242]
 [ 1.          0.         -0.38672137  0.06647796 -0.47476242]
 [ 1.          0.         -0.37935017  0.06647796 -0.47476242]
 [ 1.          0.         -0.38390398  0.06647796 -0.47476242]
 [ 1.          0.         -0.3897145   0.06647796 -0.47476242]] 
 
 
Val : (405, 14) 
 

~~~~~~~~~~~~~~~~~~~~~~~~~~~~~~~~~~~~~~~~~~~~~~~~~~~~~~~~~~~~~~~~~~~~~~~~~~~~~~~
~~~~~~~~~~~~~~~~~~~~~~~~~~~~~~~~~~~~~~~~~~~~~~~~~~~~~~~~~~~~~~~~~~~~~~~~~~~~~~~
After ORDINAL
Numerical Index V2 : [0, 1, 2, 4, 5, 6, 7, 8, 9, 10, 11, 12] 


OHE Idx : [0, 1]


Ordinal Idx V2: None


Cat Dims V2 : []
Cat Idx V2 : None 
 

Train: [[ 1.          0.         -0.40199982  0.30903267 -1.27877395 -0.14778782
   0.37199413 -0.12658697  0.14599729 -0.98899287 -0.67900701 -1.4532496
   0.43873734 -1.05010173]
 [ 1.          0.         -0.39968202 -0.48478275 -0.59044753 -0.75071501
   1.24288869 -0.27245627  0.56534951 -0.87386148 -0.99912348 -0.30460384
   0.39343964 -1.18278002]
 [ 1.          0.         -0.39912053 -0.48478275 -1.29757279 -0.84683384
   0.97590954 -0.8167978   1.08893019 -0.75873009 -1.11768514  0.10890864
   0.41347302 -1.33501091]
 [ 1.          0.         -0.39506632 -0.48478275 -1.29757279 -0.84683384
   1.18863624 -0.51794363  1.08893019 -0.75873009 -1.11768514  0.10890864
   0.43873734 -1.00122025]
 [ 1.          0.         -0.39939907 -0.48478275 -1.29757279 -0.84683384
   0.16497821 -0.35784318  1.08893019 -0.75873009 -1.11768514  0.10890864
   0.4077969  -1.01797961]
 [ 1.          0.         -0.39293974  0.06647796 -0.47476242 -0.27012088
  -0.43179873 -0.07677794  0.84906129 -0.5284673  -0.59008576 -1.49919543
   0.42426879 -0.00962456]
 [ 1.          0.         -0.38672137  0.06647796 -0.47476242 -0.27012088
  -0.20336736  0.97276947  1.03552505 -0.5284673  -0.59008576 -1.49919543
   0.43873734  0.9288998 ]
 [ 1.          0.         -0.37935017  0.06647796 -0.47476242 -0.27012088
  -0.9757509   1.11152319  1.09844462 -0.5284673  -0.59008576 -1.49919543
   0.32443578  2.43444931]
 [ 1.          0.         -0.38390398  0.06647796 -0.47476242 -0.27012088
  -0.44322029  0.60987511  1.34228185 -0.5284673  -0.59008576 -1.49919543
   0.32532615  0.64259401]
 [ 1.          0.         -0.3897145   0.06647796 -0.47476242 -0.27012088
  -0.43608181  0.50314147  1.16757965 -0.5284673  -0.59008576 -1.49919543
   0.43873734  0.10769098]] 
 
 
Val : (405, 14) 
 

FINISHED ENCODING
~~~~~~~~~~~~~~~~~~~~~~~~~~~~~~~~~~~~~~~~~~~~~~~~~~~~~~~~~~~~~~~~~~~~~~~~~~~~~~~
Number of Classes B4 Bin Verifier: 7
Unique values in y_train: (array([0., 1., 2., 3., 4., 5., 6.]), 7)
Unique values in y_test: (array([0., 1., 2., 3., 4., 5., 6.]), 7)
No need to shift labels.
VERIFY SHIFT
Train after shift : [0 1 2 3 4 5 6], Length : 7
Test after shift : [0 1 2 3 4 5 6], Length : 7
Number of Classes After Bin Verifier: 7
In get_device
Using dim 64 and batch size 128
{'depth': 1, 'dim': 64, 'dropout': 0.2, 'heads': 4}
Epoch 0 loss 1.90780770778656
Epoch 1 loss 1.860498309135437
Epoch 2 loss 1.8185774087905884
Epoch 3 loss 1.7726373672485352
Epoch 4 loss 1.7262523174285889
Epoch 5 loss 1.6852537393569946
Epoch 6 loss 1.6430439949035645
Epoch 7 loss 1.5957030057907104
Epoch 8 loss 1.5455704927444458
Epoch 9 loss 1.4985742568969727
Epoch 10 loss 1.4609335660934448
Epoch 11 loss 1.4228712320327759
Epoch 12 loss 1.3828493356704712
Epoch 13 loss 1.3488825559616089
Epoch 14 loss 1.3162989616394043
Epoch 15 loss 1.2918403148651123
Epoch 16 loss 1.2687028646469116
Epoch 17 loss 1.253922700881958
Epoch 18 loss 1.2401164770126343
Epoch 19 loss 1.216868281364441
Epoch 20 loss 1.1982494592666626
Epoch 21 loss 1.1962045431137085
Epoch 22 loss 1.1774221658706665
Epoch 23 loss 1.1722490787506104
Epoch 24 loss 1.1640928983688354
Epoch 25 loss 1.1547770500183105
Epoch 26 loss 1.1580021381378174
Epoch 27 loss 1.1552059650421143
Epoch 28 loss 1.1628365516662598
Epoch 29 loss 1.1521964073181152
Epoch 30 loss 1.1287249326705933
Epoch 31 loss 1.1186095476150513
Epoch 32 loss 1.1515575647354126
Epoch 33 loss 1.1357530355453491
Epoch 34 loss 1.1381266117095947
Epoch 35 loss 1.1097140312194824
Epoch 36 loss 1.100696086883545
Epoch 37 loss 1.1407369375228882
Epoch 38 loss 1.125054955482483
Epoch 39 loss 1.1052461862564087
Epoch 40 loss 1.111308217048645
Epoch 41 loss 1.1162656545639038
Epoch 42 loss 1.0973243713378906
Epoch 43 loss 1.1236059665679932
Epoch 44 loss 1.1486786603927612
Epoch 45 loss 1.1110448837280273
Epoch 46 loss 1.0909558534622192
Epoch 47 loss 1.1163966655731201
Epoch 48 loss 1.1482822895050049
Epoch 49 loss 1.1009154319763184
Epoch 50 loss 1.101665735244751
Epoch 51 loss 1.1029973030090332
Epoch 52 loss 1.1035127639770508
Epoch 53 loss 1.1060041189193726
Epoch 54 loss 1.0980467796325684
Epoch 55 loss 1.1169310808181763
Epoch 56 loss 1.1058349609375
Epoch 57 loss 1.0988582372665405
Epoch 58 loss 1.1009169816970825
Epoch 59 loss 1.1189512014389038
Epoch 60 loss 1.1110025644302368
Epoch 61 loss 1.105892539024353
Epoch 62 loss 1.1174126863479614
Epoch 63 loss 1.1014634370803833
Epoch 64 loss 1.1072251796722412
Epoch 65 loss 1.1228551864624023
Epoch 66 loss 1.107790231704712
Epoch 67 loss 1.122542381286621
Validation loss has not improved for 20 steps!
Early stopping applies.
State of save is True b4 loss saving
Log file exists at: output/SAINT/Boston/logging/loss_3.txt
File name : output/SAINT/Boston/logging/loss_3.txt . The file was saved
Log file exists at: output/SAINT/Boston/logging/val_loss_3.txt
File name : output/SAINT/Boston/logging/val_loss_3.txt . The file was saved
Saved Losses and Regularization
±±±±±±±±±±±±±±±±±±±±±±±±±±±±±±±±±±±±±±±±±±±±±±±±±±±±±±±±±±±±±±±±±±±±±±±±±±± 

B4 Evaluation
Number of classes : 7
Class label len :7
Class labels : [0, 1, 2, 3, 4, 5, 6]
Unique y_true : 7
Unique train : 7

Prediction shape : (101,)
Probabilities shape : (101, 7) 

±±±±±±±±±±±±±±±±±±±±±±±±±±±±±±±±±±±±±±±±±±±±±±±±±±±±±±±±±±±±±±±±±±±±±±±±±±± 

IN SCORER EVAL
y_true classes: 7
Probabilities shape: (101, 7)
DONE IN SCORER EVAL
After Evaluation
{'Log Loss - mean': 1.0744325000000001, 'Log Loss - std': 0.020136975163862064, 'AUC - mean': 0.8923294367422897, 'AUC - std': 0.004265590150581188, 'Accuracy - mean': 0.5630217433508057, 'Accuracy - std': 0.028167806948847695, 'F1 score - mean': 0.5580462202562549, 'F1 score - std': 0.03160684047440311} 
 

Fold 5
num_features : 13
num_classes : 1
cat_idx : [0]
nominal_idx : [3]
ordinal_idx : None
num_idx : None
cat_dims : [2]
bin_alt : None
~~~~~~~~~~~~~~~~~~~~~~~~~~~~~~~~~~~~~~~~~~~~~~~~~~~~~~~~~~~~~~~~~~~~~~~~~~~~~~~
BEFORE ANY ENCODING
num_features :13
num_classes : 1
cat_idx : [0]
nominal_idx : [3]
ordinal_idx : None
num_idx : None
cat_dims : [2]
bin_alt : None 


X shape : (405, 13)
~~~~~~~~~~~~~~~~~~~~~~~~~~~~~~~~~~~~~~~~~~~~~~~~~~~~~~~~~~~~~~~~~~~~~~~~~~~~~~~
~~~~~~~~~~~~~~~~~~~~~~~~~~~~~~~~~~~~~~~~~~~~~~~~~~~~~~~~~~~~~~~~~~~~~~~~~~~~~~~ 


AFTER SEPARATING CATEGORICALS AND NUMERICALS
Numerical Index V1 : [0, 1, 2, 4, 5, 6, 7, 8, 9, 10, 11, 12]
Cat Dims V1 : []
Cat Idx V1 : [3] 
 

~~~~~~~~~~~~~~~~~~~~~~~~~~~~~~~~~~~~~~~~~~~~~~~~~~~~~~~~~~~~~~~~~~~~~~~~~~~~~~~ 


Scaling the data...
One Hot Encoding...
~~~~~~~~~~~~~~~~~~~~~~~~~~~~~~~~~~~~~~~~~~~~~~~~~~~~~~~~~~~~~~~~~~~~~~~~~~~~~~~
After OHE
Numerical Index V2 : [0, 1, 2, 4, 5, 6, 7, 8, 9, 10, 11, 12] 


OHE Idx : [0, 1]


Ordinal Idx V2: None


Cat Dims V2 : []
Cat Idx V2 : None 
 

Train: [[ 1.          0.         -0.43317572  0.29173066 -1.28244722]
 [ 1.          0.         -0.43051216 -0.48091839 -0.58662593]
 [ 1.          0.         -0.4305147  -0.48091839 -0.58662593]
 [ 1.          0.         -0.42987006 -0.48091839 -1.30145074]
 [ 1.          0.         -0.4252155  -0.48091839 -1.30145074]
 [ 1.          0.         -0.43018984 -0.48091839 -1.30145074]
 [ 1.          0.         -0.42277401  0.05564345 -0.46968118]
 [ 1.          0.         -0.41563481  0.05564345 -0.46968118]
 [ 1.          0.         -0.40717208  0.05564345 -0.46968118]
 [ 1.          0.         -0.41240021  0.05564345 -0.46968118]] 
 
 
Val : (405, 14) 
 

~~~~~~~~~~~~~~~~~~~~~~~~~~~~~~~~~~~~~~~~~~~~~~~~~~~~~~~~~~~~~~~~~~~~~~~~~~~~~~~
~~~~~~~~~~~~~~~~~~~~~~~~~~~~~~~~~~~~~~~~~~~~~~~~~~~~~~~~~~~~~~~~~~~~~~~~~~~~~~~
After ORDINAL
Numerical Index V2 : [0, 1, 2, 4, 5, 6, 7, 8, 9, 10, 11, 12] 


OHE Idx : [0, 1]


Ordinal Idx V2: None


Cat Dims V2 : []
Cat Idx V2 : None 
 

Train: [[ 1.          0.         -0.43317572  0.29173066 -1.28244722 -0.13302913
   0.40034384 -0.11547912  0.13462698 -0.97126473 -0.63313291 -1.47540215
   0.44270655 -1.07367538]
 [ 1.          0.         -0.43051216 -0.48091839 -0.58662593 -0.72934599
   0.18434892  0.37281223  0.55971144 -0.85516018 -0.95589786 -0.29636136
   0.44270655 -0.49078942]
 [ 1.          0.         -0.4305147  -0.48091839 -0.58662593 -0.72934599
   1.25590816 -0.26161011  0.55971144 -0.85516018 -0.95589786 -0.29636136
   0.39839877 -1.20678636]
 [ 1.          0.         -0.42987006 -0.48091839 -1.30145074 -0.82441099
   0.99362861 -0.8069282   1.09044908 -0.73905563 -1.07544044  0.12809332
   0.41799435 -1.35951369]
 [ 1.          0.         -0.4252155  -0.48091839 -1.30145074 -0.82441099
   1.20261071 -0.50753788  1.09044908 -0.73905563 -1.07544044  0.12809332
   0.44270655 -1.0246345 ]
 [ 1.          0.         -0.43018984 -0.48091839 -1.30145074 -0.82441099
   0.196972   -0.34715021  1.09044908 -0.73905563 -1.07544044  0.12809332
   0.41244227 -1.04144852]
 [ 1.          0.         -0.42277401  0.05564345 -0.46968118 -0.25402095
  -0.38929995 -0.06558074  0.84730135 -0.50684653 -0.54347597 -1.52256379
   0.42855419 -0.0298051 ]
 [ 1.          0.         -0.41563481  0.05564345 -0.46968118 -0.25402095
  -0.16488963  0.98584956  1.03631394 -0.50684653 -0.54347597 -1.52256379
   0.44270655  0.91177992]
 [ 1.          0.         -0.40717208  0.05564345 -0.46968118 -0.25402095
  -0.923677    1.12485221  1.10009357 -0.50684653 -0.54347597 -1.52256379
   0.3309029   2.4222392 ]
 [ 1.          0.         -0.41240021  0.05564345 -0.46968118 -0.25402095
  -0.40052046  0.62230417  1.34726387 -0.50684653 -0.54347597 -1.52256379
   0.33177381  0.62454044]] 
 
 
Val : (405, 14) 
 

FINISHED ENCODING
~~~~~~~~~~~~~~~~~~~~~~~~~~~~~~~~~~~~~~~~~~~~~~~~~~~~~~~~~~~~~~~~~~~~~~~~~~~~~~~
Number of Classes B4 Bin Verifier: 7
Unique values in y_train: (array([0., 1., 2., 3., 4., 5., 6.]), 7)
Unique values in y_test: (array([0., 1., 2., 3., 4., 5., 6.]), 7)
No need to shift labels.
VERIFY SHIFT
Train after shift : [0 1 2 3 4 5 6], Length : 7
Test after shift : [0 1 2 3 4 5 6], Length : 7
Number of Classes After Bin Verifier: 7
In get_device
Using dim 64 and batch size 128
{'depth': 1, 'dim': 64, 'dropout': 0.2, 'heads': 4}
Epoch 0 loss 1.907486915588379
Epoch 1 loss 1.8521174192428589
Epoch 2 loss 1.8005765676498413
Epoch 3 loss 1.743280053138733
Epoch 4 loss 1.6855976581573486
Epoch 5 loss 1.6368300914764404
Epoch 6 loss 1.5979150533676147
Epoch 7 loss 1.5577579736709595
Epoch 8 loss 1.516992449760437
Epoch 9 loss 1.470638632774353
Epoch 10 loss 1.4215420484542847
Epoch 11 loss 1.3903471231460571
Epoch 12 loss 1.3547859191894531
Epoch 13 loss 1.314355492591858
Epoch 14 loss 1.2736132144927979
Epoch 15 loss 1.2442713975906372
Epoch 16 loss 1.2248741388320923
Epoch 17 loss 1.227831244468689
Epoch 18 loss 1.2007399797439575
Epoch 19 loss 1.1602551937103271
Epoch 20 loss 1.107484221458435
Epoch 21 loss 1.0902336835861206
Epoch 22 loss 1.1109191179275513
Epoch 23 loss 1.1223475933074951
Epoch 24 loss 1.0960190296173096
Epoch 25 loss 1.0628539323806763
Epoch 26 loss 1.0330147743225098
Epoch 27 loss 1.0148634910583496
Epoch 28 loss 1.023488163948059
Epoch 29 loss 1.057137131690979
Epoch 30 loss 1.0265040397644043
Epoch 31 loss 1.0144379138946533
Epoch 32 loss 1.049015998840332
Epoch 33 loss 1.04720938205719
Epoch 34 loss 0.9898203611373901
Epoch 35 loss 0.9915432929992676
Epoch 36 loss 1.0336782932281494
Epoch 37 loss 1.0030577182769775
Epoch 38 loss 0.9952205419540405
Epoch 39 loss 0.985073983669281
Epoch 40 loss 1.0091114044189453
Epoch 41 loss 0.9673633575439453
Epoch 42 loss 0.9907260537147522
Epoch 43 loss 0.9956266283988953
Epoch 44 loss 0.9792157411575317
Epoch 45 loss 0.9770420789718628
Epoch 46 loss 1.0129395723342896
Epoch 47 loss 1.024046778678894
Epoch 48 loss 0.9962676167488098
Epoch 49 loss 0.9959637522697449
Epoch 50 loss 0.9897276163101196
Epoch 51 loss 1.0130528211593628
Epoch 52 loss 0.9914577007293701
Epoch 53 loss 1.0017789602279663
Epoch 54 loss 1.0139553546905518
Epoch 55 loss 1.0465364456176758
Epoch 56 loss 1.031893014907837
Epoch 57 loss 1.0275148153305054
Epoch 58 loss 1.0180213451385498
Epoch 59 loss 1.0135924816131592
Epoch 60 loss 0.9918078184127808
Epoch 61 loss 0.9987425804138184
Epoch 62 loss 1.0250215530395508
Validation loss has not improved for 20 steps!
Early stopping applies.
State of save is True b4 loss saving
Log file exists at: output/SAINT/Boston/logging/loss_4.txt
File name : output/SAINT/Boston/logging/loss_4.txt . The file was saved
Log file exists at: output/SAINT/Boston/logging/val_loss_4.txt
File name : output/SAINT/Boston/logging/val_loss_4.txt . The file was saved
Saved Losses and Regularization
±±±±±±±±±±±±±±±±±±±±±±±±±±±±±±±±±±±±±±±±±±±±±±±±±±±±±±±±±±±±±±±±±±±±±±±±±±± 

B4 Evaluation
Number of classes : 7
Class label len :7
Class labels : [0, 1, 2, 3, 4, 5, 6]
Unique y_true : 7
Unique train : 7

Prediction shape : (101,)
Probabilities shape : (101, 7) 

±±±±±±±±±±±±±±±±±±±±±±±±±±±±±±±±±±±±±±±±±±±±±±±±±±±±±±±±±±±±±±±±±±±±±±±±±±± 

IN SCORER EVAL
y_true classes: 7
Probabilities shape: (101, 7)
DONE IN SCORER EVAL
After Evaluation
{'Log Loss - mean': 1.0530180000000002, 'Log Loss - std': 0.04646204317504772, 'AUC - mean': 0.8937099117742078, 'AUC - std': 0.004709464164975076, 'Accuracy - mean': 0.5672490778489614, 'Accuracy - std': 0.02657483220047177, 'F1 score - mean': 0.562802460303323, 'F1 score - std': 0.029827523688044092} 
 

Saving model.....
Results After CV: {'Log Loss - mean': 1.0530180000000002, 'Log Loss - std': 0.04646204317504772, 'AUC - mean': 0.8937099117742078, 'AUC - std': 0.004709464164975076, 'Accuracy - mean': 0.5672490778489614, 'Accuracy - std': 0.02657483220047177, 'F1 score - mean': 0.562802460303323, 'F1 score - std': 0.029827523688044092}
Train time: 49.431482518200006
Inference time: 0.12027004300000357
Finished cross validation
Loss path :output/SAINT/Boston/logging/
Plots saved successfully!
{'Log Loss - mean': 1.0530180000000002, 'Log Loss - std': 0.04646204317504772, 'AUC - mean': 0.8937099117742078, 'AUC - std': 0.004709464164975076, 'Accuracy - mean': 0.5672490778489614, 'Accuracy - std': 0.02657483220047177, 'F1 score - mean': 0.562802460303323, 'F1 score - std': 0.029827523688044092}
(49.431482518200006, 0.12027004300000357)


----------------------------------------------------------------------------
Training VIME Vesion 1 with Dataset: config/diamonds.yml 



----------------------------------------------------------------------------
Namespace(batch_size=128, bin_alt=None, cat_dims=[2], cat_idx=[0], config='config/diamonds.yml', data_parallel=False, dataset='Diamonds', direction='maximize', dropna_idx=None, early_stopping_rounds=20, epochs=100, frequency_reg=False, gpu_ids=[0, 1], logging_period=100, miss_cat_idx=None, miss_num_idx=None, model_name='SAINT', n_trials=100, nominal_idx=None, num_bins=10, num_classes=1, num_features=9, num_idx=None, num_splits=5, objective='probabilistic_regression', one_hot_encode=False, optimize_hyperparameters=False, ordinal_encode=True, ordinal_idx=[1, 2, 3], scale=True, seed=221, shuffle=True, target_encode=False, use_gpu=True, val_batch_size=256, y_distribution='normal')
Train model with given hyperparameters
Loading dataset Diamonds...
Dataset loaded! 

(53940, 9)
I am in Main Once
In get_device
Using dim 128 and batch size 128
Almost Cross Validating
Fold 1
num_features : 9
num_classes : 1
cat_idx : [0]
nominal_idx : None
ordinal_idx : [1, 2, 3]
num_idx : None
cat_dims : [2]
bin_alt : None
~~~~~~~~~~~~~~~~~~~~~~~~~~~~~~~~~~~~~~~~~~~~~~~~~~~~~~~~~~~~~~~~~~~~~~~~~~~~~~~
BEFORE ANY ENCODING
num_features :9
num_classes : 1
cat_idx : [0]
nominal_idx : None
ordinal_idx : [1, 2, 3]
num_idx : None
cat_dims : [2]
bin_alt : None 


X shape : (43152, 9)
~~~~~~~~~~~~~~~~~~~~~~~~~~~~~~~~~~~~~~~~~~~~~~~~~~~~~~~~~~~~~~~~~~~~~~~~~~~~~~~
~~~~~~~~~~~~~~~~~~~~~~~~~~~~~~~~~~~~~~~~~~~~~~~~~~~~~~~~~~~~~~~~~~~~~~~~~~~~~~~ 


AFTER SEPARATING CATEGORICALS AND NUMERICALS
Numerical Index V1 : [0, 4, 5, 6, 7, 8]
Cat Dims V1 : [6, 8, 9]
Cat Idx V1 : [1, 2, 3] 
 

~~~~~~~~~~~~~~~~~~~~~~~~~~~~~~~~~~~~~~~~~~~~~~~~~~~~~~~~~~~~~~~~~~~~~~~~~~~~~~~ 


Scaling the data...
~~~~~~~~~~~~~~~~~~~~~~~~~~~~~~~~~~~~~~~~~~~~~~~~~~~~~~~~~~~~~~~~~~~~~~~~~~~~~~~
After OHE
Numerical Index V2 : [0, 4, 5, 6, 7, 8] 


OHE Idx : None


Ordinal Idx V2: [1, 2, 3]


Cat Dims V2 : [6, 8, 9]
Cat Idx V2 : [1, 2, 3] 
 

Train: [[-1.1950384527976465 'Ideal' 'E' 'SI2' -0.17767576091934348]
 [-1.236976378485391 'Premium' 'E' 'SI1' -1.3637394355688461]
 [-1.069224675734413 'Premium' 'I' 'VS2' 0.45024030213039123]
 [-1.1740694899537742 'Very Good' 'J' 'VVS2' 0.7293141079302727]
 [-1.1740694899537742 'Very Good' 'I' 'VVS1' 0.3804718506804196]
 [-1.1321315642660297 'Very Good' 'H' 'SI1' 0.10139804488053805]
 [-1.2160074156415188 'Fair' 'E' 'VS2' 2.3339884912795954]
 [-1.1950384527976465 'Very Good' 'H' 'VS1' -1.6428132413687278]
 [-1.0482557128905408 'Good' 'J' 'SI1' 1.5665355253299222]
 [-1.1950384527976465 'Ideal' 'J' 'VS1' 0.7293141079302727]] 
 
 
Val : (43152, 9) 
 

~~~~~~~~~~~~~~~~~~~~~~~~~~~~~~~~~~~~~~~~~~~~~~~~~~~~~~~~~~~~~~~~~~~~~~~~~~~~~~~
~~~~~~~~~~~~~~~~~~~~~~~~~~~~~~~~~~~~~~~~~~~~~~~~~~~~~~~~~~~~~~~~~~~~~~~~~~~~~~~
After ORDINAL
Numerical Index V2 : [0, 4, 5, 6, 7, 8] 


OHE Idx : None


Ordinal Idx V2: [1, 2, 3]


Cat Dims V2 : [6, 8, 9]
Cat Idx V2 : [1, 2, 3] 
 

Train: [[-1.1950384527976465 5 6 2 -0.17767576091934348 -1.0997679290240274
  -1.5847483029459433 -1.5624470539339794 -1.5635817068251905]
 [-1.236976378485391 4 6 3 -1.3637394355688461 1.5843835902987453
  -1.6380368496537203 -1.6869504169773575 -1.7324417222907198]
 [-1.069224675734413 4 2 4 0.45024030213039123 0.24230783063735892
  -1.3627126916635395 -1.3401196199279468 -1.2821483477159754]
 [-1.1740694899537742 3 1 6 0.7293141079302727 -0.20505075591643654
  -1.5936297273972397 -1.580233248654462 -1.493223367047887]
 [-1.1740694899537742 3 2 7 0.3804718506804196 -0.20505075591643654
  -1.5847483029459433 -1.5624470539339794 -1.5072950350033474]
 [-1.1321315642660297 3 3 3 0.10139804488053805 -1.0997679290240274
  -1.4781712095303894 -1.4468367882508424 -1.4228650272705832]
 [-1.2160074156415188 1 6 4 2.3339884912795954 1.5843835902987453
  -1.6557996985563126 -1.7403090011388052 -1.4791516990924258]
 [-1.1950384527976465 3 3 5 -1.6428132413687278 1.5843835902987453
  -1.5403411806894627 -1.5001953724122905 -1.6198683786470336]
 [-1.0482557128905408 2 1 3 1.5665355253299222 -1.0997679290240274
  -1.318305569407059 -1.2956541331267404 -1.1414316681613677]
 [-1.1950384527976465 5 1 5 0.7293141079302727 -0.652409342470232
  -1.6025111518485355 -1.6335918328159098 -1.5213667029588085]] 
 
 
Val : (43152, 9) 
 

FINISHED ENCODING
~~~~~~~~~~~~~~~~~~~~~~~~~~~~~~~~~~~~~~~~~~~~~~~~~~~~~~~~~~~~~~~~~~~~~~~~~~~~~~~
Number of Classes B4 Bin Verifier: 14
Unique values in y_train: (array([ 0.,  1.,  2.,  3.,  4.,  5.,  6.,  7.,  8.,  9., 10., 11., 12.,
       13.]), 14)
Unique values in y_test: (array([ 0.,  1.,  2.,  3.,  4.,  5.,  6.,  7.,  8.,  9., 10., 11., 12.,
       13.]), 14)
No need to shift labels.
VERIFY SHIFT
Train after shift : [ 0  1  2  3  4  5  6  7  8  9 10 11 12 13], Length : 14
Test after shift : [ 0  1  2  3  4  5  6  7  8  9 10 11 12 13], Length : 14
Number of Classes After Bin Verifier: 14
In get_device
Using dim 128 and batch size 128
{'depth': 6, 'dim': 128, 'dropout': 0.6, 'heads': 2}
Epoch 0 loss 0.7390425205230713
Epoch 1 loss 0.7260357737541199
Epoch 2 loss 0.7699636220932007
Epoch 3 loss 0.6798531413078308
Epoch 4 loss 0.6649464964866638
Epoch 5 loss 0.6899045705795288
Epoch 6 loss 0.6669752597808838
Epoch 7 loss 0.6906920671463013
Epoch 8 loss 0.6637041568756104
Epoch 9 loss 0.6543813347816467
Epoch 10 loss 0.6451605558395386
Epoch 11 loss 0.6272603273391724
Epoch 12 loss 0.641782820224762
Epoch 13 loss 0.6415355801582336
Epoch 14 loss 0.6269711256027222
Epoch 15 loss 0.6307432651519775
Epoch 16 loss 0.6293520927429199
Epoch 17 loss 0.608587384223938
Epoch 18 loss 0.5915634632110596
Epoch 19 loss 0.5801393985748291
Epoch 20 loss 0.5814679265022278
Epoch 21 loss 0.5781742930412292
Epoch 22 loss 0.5840612649917603
Epoch 23 loss 0.576420247554779
Epoch 24 loss 0.5722291469573975
Epoch 25 loss 0.5816847085952759
Epoch 26 loss 0.5849900841712952
Epoch 27 loss 0.5876259207725525
Epoch 28 loss 0.5711699724197388
Epoch 29 loss 0.5799279808998108
Epoch 30 loss 0.586657702922821
Epoch 31 loss 0.5754951238632202
Epoch 32 loss 0.5655094385147095
Epoch 33 loss 0.5820223093032837
Epoch 34 loss 0.5844311118125916
Epoch 35 loss 0.5890966653823853
Epoch 36 loss 0.5919408202171326
Epoch 37 loss 0.5982213616371155
Epoch 38 loss 0.6131085753440857
Epoch 39 loss 0.6083248257637024
Epoch 40 loss 0.6016990542411804
Epoch 41 loss 0.6190670728683472
Epoch 42 loss 0.6231629252433777
Epoch 43 loss 0.6204239130020142
Epoch 44 loss 0.6300254464149475
Epoch 45 loss 0.6180344223976135
Epoch 46 loss 0.6310610175132751
Epoch 47 loss 0.6424265503883362
Epoch 48 loss 0.6555284857749939
Epoch 49 loss 0.6376757621765137
Epoch 50 loss 0.6528226137161255
Epoch 51 loss 0.659290611743927
Epoch 52 loss 0.6826522350311279
Epoch 53 loss 0.6917702555656433
Validation loss has not improved for 20 steps!
Early stopping applies.
State of save is True b4 loss saving
Log file exists at: output/SAINT/Diamonds/logging/loss_0.txt
File name : output/SAINT/Diamonds/logging/loss_0.txt . The file was saved
Log file exists at: output/SAINT/Diamonds/logging/val_loss_0.txt
File name : output/SAINT/Diamonds/logging/val_loss_0.txt . The file was saved
Saved Losses and Regularization
±±±±±±±±±±±±±±±±±±±±±±±±±±±±±±±±±±±±±±±±±±±±±±±±±±±±±±±±±±±±±±±±±±±±±±±±±±± 

B4 Evaluation
Number of classes : 14
Class label len :14
Class labels : [0, 1, 2, 3, 4, 5, 6, 7, 8, 9, 10, 11, 12, 13]
Unique y_true : 14
Unique train : 14

Prediction shape : (10788,)
Probabilities shape : (10788, 14) 

±±±±±±±±±±±±±±±±±±±±±±±±±±±±±±±±±±±±±±±±±±±±±±±±±±±±±±±±±±±±±±±±±±±±±±±±±±± 

IN SCORER EVAL
y_true classes: 14
Probabilities shape: (10788, 14)
DONE IN SCORER EVAL
After Evaluation
{'Log Loss - mean': 0.75206, 'Log Loss - std': 0.0, 'AUC - mean': 0.978089614406606, 'AUC - std': 0.0, 'Accuracy - mean': 0.7079162031887282, 'Accuracy - std': 0.0, 'F1 score - mean': 0.706341253083288, 'F1 score - std': 0.0} 
 

Fold 2
num_features : 9
num_classes : 1
cat_idx : [0]
nominal_idx : None
ordinal_idx : [1, 2, 3]
num_idx : None
cat_dims : [2]
bin_alt : None
~~~~~~~~~~~~~~~~~~~~~~~~~~~~~~~~~~~~~~~~~~~~~~~~~~~~~~~~~~~~~~~~~~~~~~~~~~~~~~~
BEFORE ANY ENCODING
num_features :9
num_classes : 1
cat_idx : [0]
nominal_idx : None
ordinal_idx : [1, 2, 3]
num_idx : None
cat_dims : [2]
bin_alt : None 


X shape : (43152, 9)
~~~~~~~~~~~~~~~~~~~~~~~~~~~~~~~~~~~~~~~~~~~~~~~~~~~~~~~~~~~~~~~~~~~~~~~~~~~~~~~
~~~~~~~~~~~~~~~~~~~~~~~~~~~~~~~~~~~~~~~~~~~~~~~~~~~~~~~~~~~~~~~~~~~~~~~~~~~~~~~ 


AFTER SEPARATING CATEGORICALS AND NUMERICALS
Numerical Index V1 : [0, 4, 5, 6, 7, 8]
Cat Dims V1 : [6, 8, 9]
Cat Idx V1 : [1, 2, 3] 
 

~~~~~~~~~~~~~~~~~~~~~~~~~~~~~~~~~~~~~~~~~~~~~~~~~~~~~~~~~~~~~~~~~~~~~~~~~~~~~~~ 


Scaling the data...
~~~~~~~~~~~~~~~~~~~~~~~~~~~~~~~~~~~~~~~~~~~~~~~~~~~~~~~~~~~~~~~~~~~~~~~~~~~~~~~
After OHE
Numerical Index V2 : [0, 4, 5, 6, 7, 8] 


OHE Idx : None


Ordinal Idx V2: [1, 2, 3]


Cat Dims V2 : [6, 8, 9]
Cat Idx V2 : [1, 2, 3] 
 

Train: [[-1.241399929719489 'Premium' 'E' 'SI1' -1.3617245236890496]
 [-1.1991826034964022 'Good' 'E' 'VS1' -3.3871902928108906]
 [-1.0725306248271413 'Premium' 'I' 'VS2' 0.4542103037994991]
 [-1.0303132986040544 'Good' 'J' 'SI2' 1.08280312869938]
 [-1.1780739403848586 'Very Good' 'J' 'VVS2' 0.73358489264389]
 [-1.1780739403848586 'Very Good' 'I' 'VVS1' 0.38436665658840014]
 [-1.1358566141617716 'Very Good' 'H' 'SI1' 0.10499206774400914]
 [-1.2202912666079455 'Fair' 'E' 'VS2' 2.339988778499142]
 [-1.1991826034964022 'Very Good' 'H' 'VS1' -1.6410991125334407]
 [-1.051421961715598 'Good' 'J' 'SI1' 1.571708659177068]] 
 
 
Val : (43152, 9) 
 

~~~~~~~~~~~~~~~~~~~~~~~~~~~~~~~~~~~~~~~~~~~~~~~~~~~~~~~~~~~~~~~~~~~~~~~~~~~~~~~
~~~~~~~~~~~~~~~~~~~~~~~~~~~~~~~~~~~~~~~~~~~~~~~~~~~~~~~~~~~~~~~~~~~~~~~~~~~~~~~
After ORDINAL
Numerical Index V2 : [0, 4, 5, 6, 7, 8] 


OHE Idx : None


Ordinal Idx V2: [1, 2, 3]


Cat Dims V2 : [6, 8, 9]
Cat Idx V2 : [1, 2, 3] 
 

Train: [[-1.241399929719489 4 6 3 -1.3617245236890496 1.5949518123380095
  -1.6437879201752599 -1.6514473425787888 -1.7685832176092422]
 [-1.1991826034964022 2 6 5 -3.3871902928108906 3.3941876961159525
  -1.5010019420077028 -1.4510608771835314 -1.7685832176092422]
 [-1.0725306248271413 4 2 4 0.4542103037994991 0.24552489950455236
  -1.3671400874756174 -1.3116615969085696 -1.307955447116008]
 [-1.0303132986040544 2 1 2 1.08280312869938 0.24552489950455236
  -1.242202356579005 -1.2071121367023494 -1.135220033181045]
 [-1.1780739403848586 3 1 6 0.73358489264389 -0.20428407143993338
  -1.5991673019978982 -1.5468978823725676 -1.5238747145347116]
 [-1.1780739403848586 3 2 7 0.38436665658840014 -0.20428407143993338
  -1.5902431783624258 -1.5294729723381975 -1.5382693323626249]
 [-1.1358566141617716 3 3 3 0.10499206774400914 -1.1039020133289048
  -1.4831536947367576 -1.416211057114791 -1.4519016253951438]
 [-1.2202912666079455 1 6 4 2.339988778499142 1.5949518123380095
  -1.6616361674462046 -1.7037220726818993 -1.5094800967067976]
 [-1.1991826034964022 3 3 5 -1.6410991125334407 1.5949518123380095
  -1.5456225601850642 -1.4684857872179018 -1.6534262749859334]
 [-1.051421961715598 2 1 3 1.571708659177068 -1.1039020133289048
  -1.3225194692982558 -1.2680993218226444 -1.164009268836872]] 
 
 
Val : (43152, 9) 
 

FINISHED ENCODING
~~~~~~~~~~~~~~~~~~~~~~~~~~~~~~~~~~~~~~~~~~~~~~~~~~~~~~~~~~~~~~~~~~~~~~~~~~~~~~~
Number of Classes B4 Bin Verifier: 14
Unique values in y_train: (array([ 0.,  1.,  2.,  3.,  4.,  5.,  6.,  7.,  8.,  9., 10., 11., 12.,
       13.]), 14)
Unique values in y_test: (array([ 0.,  1.,  2.,  3.,  4.,  5.,  6.,  7.,  8.,  9., 10., 11., 12.,
       13.]), 14)
No need to shift labels.
VERIFY SHIFT
Train after shift : [ 0  1  2  3  4  5  6  7  8  9 10 11 12 13], Length : 14
Test after shift : [ 0  1  2  3  4  5  6  7  8  9 10 11 12 13], Length : 14
Number of Classes After Bin Verifier: 14
In get_device
Using dim 128 and batch size 128
{'depth': 6, 'dim': 128, 'dropout': 0.6, 'heads': 2}
Epoch 0 loss 0.753082275390625
Epoch 1 loss 0.7008026838302612
Epoch 2 loss 0.708426296710968
Epoch 3 loss 0.6900545358657837
Epoch 4 loss 0.6981343030929565
Epoch 5 loss 0.6791631579399109
Epoch 6 loss 0.6685030460357666
Epoch 7 loss 0.6668904423713684
Epoch 8 loss 0.6506903767585754
Epoch 9 loss 0.6547247171401978
Epoch 10 loss 0.6483023166656494
Epoch 11 loss 0.6611108779907227
Epoch 12 loss 0.6329425573348999
Epoch 13 loss 0.6569989919662476
Epoch 14 loss 0.6635562777519226
Epoch 15 loss 0.6494216322898865
Epoch 16 loss 0.6323629021644592
Epoch 17 loss 0.6001502871513367
Epoch 18 loss 0.6128992438316345
Epoch 19 loss 0.5944735407829285
Epoch 20 loss 0.5972402691841125
Epoch 21 loss 0.5971016883850098
Epoch 22 loss 0.6059614419937134
Epoch 23 loss 0.5852459073066711
Epoch 24 loss 0.5773512125015259
Epoch 25 loss 0.5931907296180725
Epoch 26 loss 0.5734241008758545
Epoch 27 loss 0.5958800911903381
Epoch 28 loss 0.5675222873687744
Epoch 29 loss 0.5883665680885315
Epoch 30 loss 0.5804678797721863
Epoch 31 loss 0.5937930345535278
Epoch 32 loss 0.5899979472160339
Epoch 33 loss 0.5983352065086365
Epoch 34 loss 0.6084339022636414
Epoch 35 loss 0.5920469760894775
Epoch 36 loss 0.6041122078895569
Epoch 37 loss 0.6018082499504089
Epoch 38 loss 0.6214315295219421
Epoch 39 loss 0.628210186958313
Epoch 40 loss 0.6131157875061035
Epoch 41 loss 0.6238284111022949
Epoch 42 loss 0.6231158971786499
Epoch 43 loss 0.6422569751739502
Epoch 44 loss 0.6388620734214783
Epoch 45 loss 0.6458446979522705
Epoch 46 loss 0.6817429661750793
Epoch 47 loss 0.660424530506134
Epoch 48 loss 0.6666123867034912
Epoch 49 loss 0.6694779396057129
Validation loss has not improved for 20 steps!
Early stopping applies.
State of save is True b4 loss saving
Log file exists at: output/SAINT/Diamonds/logging/loss_1.txt
File name : output/SAINT/Diamonds/logging/loss_1.txt . The file was saved
Log file exists at: output/SAINT/Diamonds/logging/val_loss_1.txt
File name : output/SAINT/Diamonds/logging/val_loss_1.txt . The file was saved
Saved Losses and Regularization
±±±±±±±±±±±±±±±±±±±±±±±±±±±±±±±±±±±±±±±±±±±±±±±±±±±±±±±±±±±±±±±±±±±±±±±±±±± 

B4 Evaluation
Number of classes : 14
Class label len :14
Class labels : [0, 1, 2, 3, 4, 5, 6, 7, 8, 9, 10, 11, 12, 13]
Unique y_true : 14
Unique train : 14

Prediction shape : (10788,)
Probabilities shape : (10788, 14) 

±±±±±±±±±±±±±±±±±±±±±±±±±±±±±±±±±±±±±±±±±±±±±±±±±±±±±±±±±±±±±±±±±±±±±±±±±±± 

IN SCORER EVAL
y_true classes: 14
Probabilities shape: (10788, 14)
DONE IN SCORER EVAL
After Evaluation
{'Log Loss - mean': 0.71378, 'Log Loss - std': 0.03827999999999998, 'AUC - mean': 0.9795516116053988, 'AUC - std': 0.0014619971987928637, 'Accuracy - mean': 0.7178809788654059, 'Accuracy - std': 0.009964775676677806, 'F1 score - mean': 0.7175751267373995, 'F1 score - std': 0.011233873654111604} 
 

Fold 3
num_features : 9
num_classes : 1
cat_idx : [0]
nominal_idx : None
ordinal_idx : [1, 2, 3]
num_idx : None
cat_dims : [2]
bin_alt : None
~~~~~~~~~~~~~~~~~~~~~~~~~~~~~~~~~~~~~~~~~~~~~~~~~~~~~~~~~~~~~~~~~~~~~~~~~~~~~~~
BEFORE ANY ENCODING
num_features :9
num_classes : 1
cat_idx : [0]
nominal_idx : None
ordinal_idx : [1, 2, 3]
num_idx : None
cat_dims : [2]
bin_alt : None 


X shape : (43152, 9)
~~~~~~~~~~~~~~~~~~~~~~~~~~~~~~~~~~~~~~~~~~~~~~~~~~~~~~~~~~~~~~~~~~~~~~~~~~~~~~~
~~~~~~~~~~~~~~~~~~~~~~~~~~~~~~~~~~~~~~~~~~~~~~~~~~~~~~~~~~~~~~~~~~~~~~~~~~~~~~~ 


AFTER SEPARATING CATEGORICALS AND NUMERICALS
Numerical Index V1 : [0, 4, 5, 6, 7, 8]
Cat Dims V1 : [6, 8, 9]
Cat Idx V1 : [1, 2, 3] 
 

~~~~~~~~~~~~~~~~~~~~~~~~~~~~~~~~~~~~~~~~~~~~~~~~~~~~~~~~~~~~~~~~~~~~~~~~~~~~~~~ 


Scaling the data...
~~~~~~~~~~~~~~~~~~~~~~~~~~~~~~~~~~~~~~~~~~~~~~~~~~~~~~~~~~~~~~~~~~~~~~~~~~~~~~~
After OHE
Numerical Index V2 : [0, 4, 5, 6, 7, 8] 


OHE Idx : None


Ordinal Idx V2: [1, 2, 3]


Cat Dims V2 : [6, 8, 9]
Cat Idx V2 : [1, 2, 3] 
 

Train: [[-1.2007760315615899 'Ideal' 'E' 'SI2' -0.17299106375200937]
 [-1.2431374791872112 'Premium' 'E' 'SI1' -1.358384470113667]
 [-1.2007760315615899 'Good' 'E' 'VS1' -3.380526163318843]
 [-1.0736916886847254 'Premium' 'I' 'VS2' 0.45457015138063084]
 [-1.031330241059104 'Good' 'J' 'SI2' 1.082131366513271]
 [-1.179595307748779 'Very Good' 'J' 'VVS2' 0.733486246995137]
 [-1.179595307748779 'Very Good' 'I' 'VVS1' 0.38484112747700305]
 [-1.2219567553744004 'Fair' 'E' 'VS2' 2.3372537967785516]
 [-1.2007760315615899 'Very Good' 'H' 'VS1' -1.6373005657281732]
 [-1.0525109648719149 'Good' 'J' 'SI1' 1.5702345338386605]] 
 
 
Val : (43152, 9) 
 

~~~~~~~~~~~~~~~~~~~~~~~~~~~~~~~~~~~~~~~~~~~~~~~~~~~~~~~~~~~~~~~~~~~~~~~~~~~~~~~
~~~~~~~~~~~~~~~~~~~~~~~~~~~~~~~~~~~~~~~~~~~~~~~~~~~~~~~~~~~~~~~~~~~~~~~~~~~~~~~
After ORDINAL
Numerical Index V2 : [0, 4, 5, 6, 7, 8] 


OHE Idx : None


Ordinal Idx V2: [1, 2, 3]


Cat Dims V2 : [6, 8, 9]
Cat Idx V2 : [1, 2, 3] 
 

Train: [[-1.2007760315615899 5 6 2 -0.17299106375200937 -1.0991811176282293
  -1.5887751661204468 -1.52741996295235 -1.5654913782973074]
 [-1.2431374791872112 4 6 3 -1.358384470113667 1.580885495554982
  -1.642349354189251 -1.6494018572095064 -1.7351080246385664]
 [-1.2007760315615899 2 6 5 -3.380526163318843 3.367596571010456
  -1.4994848526724398 -1.449003030929892 -1.7351080246385664]
 [-1.0736916886847254 4 2 4 0.45457015138063084 0.2408521889633763
  -1.3655493825004286 -1.309595151778856 -1.282796967728543]
 [-1.031330241059104 2 1 2 1.082131366513271 0.2408521889633763
  -1.2405429436732185 -1.2050392424155796 -1.113180321387284]
 [-1.179595307748779 3 1 6 0.733486246995137 -0.20582557990049227
  -1.5977041974652477 -1.5448459478462293 -1.4948177756551164]
 [-1.179595307748779 3 2 7 0.38484112747700305 -0.20582557990049227
  -1.5887751661204468 -1.52741996295235 -1.5089524961835543]
 [-1.2219567553744004 1 6 4 2.3372537967785516 1.580885495554982
  -1.6602074168788525 -1.701679811891145 -1.4806830551266779]
 [-1.2007760315615899 3 3 5 -1.6373005657281732 1.580885495554982
  -1.5441300093964432 -1.4664290158237718 -1.6220302604110604]
 [-1.0525109648719149 2 1 3 1.5702345338386605 -1.0991811176282293
  -1.320904225776425 -1.2660301895441572 -1.1414497624441604]] 
 
 
Val : (43152, 9) 
 

FINISHED ENCODING
~~~~~~~~~~~~~~~~~~~~~~~~~~~~~~~~~~~~~~~~~~~~~~~~~~~~~~~~~~~~~~~~~~~~~~~~~~~~~~~
Number of Classes B4 Bin Verifier: 14
Unique values in y_train: (array([ 0.,  1.,  2.,  3.,  4.,  5.,  6.,  7.,  8.,  9., 10., 11., 12.,
       13.]), 14)
Unique values in y_test: (array([ 0.,  1.,  2.,  3.,  4.,  5.,  6.,  7.,  8.,  9., 10., 11., 12.,
       13.]), 14)
No need to shift labels.
VERIFY SHIFT
Train after shift : [ 0  1  2  3  4  5  6  7  8  9 10 11 12 13], Length : 14
Test after shift : [ 0  1  2  3  4  5  6  7  8  9 10 11 12 13], Length : 14
Number of Classes After Bin Verifier: 14
In get_device
Using dim 128 and batch size 128
{'depth': 6, 'dim': 128, 'dropout': 0.6, 'heads': 2}
Epoch 0 loss 0.783318817615509
Epoch 1 loss 0.7044385671615601
Epoch 2 loss 0.7020740509033203
Epoch 3 loss 0.6936905980110168
Epoch 4 loss 0.7003486752510071
Epoch 5 loss 0.7062345743179321
Epoch 6 loss 0.6971122026443481
Epoch 7 loss 0.6652942299842834
Epoch 8 loss 0.6876487731933594
Epoch 9 loss 0.7155669331550598
Epoch 10 loss 0.6553018689155579
Epoch 11 loss 0.6627160906791687
Epoch 12 loss 0.65610271692276
Epoch 13 loss 0.6641635298728943
Epoch 14 loss 0.6317076683044434
Epoch 15 loss 0.6150206327438354
Epoch 16 loss 0.6054452061653137
Epoch 17 loss 0.6035760641098022
Epoch 18 loss 0.6034120321273804
Epoch 19 loss 0.618615984916687
Epoch 20 loss 0.6050588488578796
Epoch 21 loss 0.585136890411377
Epoch 22 loss 0.597859799861908
Epoch 23 loss 0.6081106066703796
Epoch 24 loss 0.6176086068153381
Epoch 25 loss 0.5881221890449524
Epoch 26 loss 0.6002469062805176
Epoch 27 loss 0.6031108498573303
Epoch 28 loss 0.5911076068878174
Epoch 29 loss 0.6096420884132385
Epoch 30 loss 0.6130611300468445
Epoch 31 loss 0.6247379183769226
Epoch 32 loss 0.6387155652046204
Epoch 33 loss 0.6295663118362427
Epoch 34 loss 0.635621964931488
Epoch 35 loss 0.640217661857605
Epoch 36 loss 0.6219612956047058
Epoch 37 loss 0.6568567156791687
Epoch 38 loss 0.63346928358078
Epoch 39 loss 0.6549393534660339
Epoch 40 loss 0.6337260007858276
Epoch 41 loss 0.658877432346344
Epoch 42 loss 0.6785581707954407
Validation loss has not improved for 20 steps!
Early stopping applies.
State of save is True b4 loss saving
Log file exists at: output/SAINT/Diamonds/logging/loss_2.txt
File name : output/SAINT/Diamonds/logging/loss_2.txt . The file was saved
Log file exists at: output/SAINT/Diamonds/logging/val_loss_2.txt
File name : output/SAINT/Diamonds/logging/val_loss_2.txt . The file was saved
Saved Losses and Regularization
±±±±±±±±±±±±±±±±±±±±±±±±±±±±±±±±±±±±±±±±±±±±±±±±±±±±±±±±±±±±±±±±±±±±±±±±±±± 

B4 Evaluation
Number of classes : 14
Class label len :14
Class labels : [0, 1, 2, 3, 4, 5, 6, 7, 8, 9, 10, 11, 12, 13]
Unique y_true : 14
Unique train : 14

Prediction shape : (10788,)
Probabilities shape : (10788, 14) 

±±±±±±±±±±±±±±±±±±±±±±±±±±±±±±±±±±±±±±±±±±±±±±±±±±±±±±±±±±±±±±±±±±±±±±±±±±± 

IN SCORER EVAL
y_true classes: 14
Probabilities shape: (10788, 14)
DONE IN SCORER EVAL
After Evaluation
{'Log Loss - mean': 0.7114633333333332, 'Log Loss - std': 0.031426732074603114, 'AUC - mean': 0.9793005666948633, 'AUC - std': 0.0012453932312314361, 'Accuracy - mean': 0.7142813002101099, 'Accuracy - std': 0.009597562661102746, 'F1 score - mean': 0.7143263141884034, 'F1 score - std': 0.010258793503204503} 
 

Fold 4
num_features : 9
num_classes : 1
cat_idx : [0]
nominal_idx : None
ordinal_idx : [1, 2, 3]
num_idx : None
cat_dims : [2]
bin_alt : None
~~~~~~~~~~~~~~~~~~~~~~~~~~~~~~~~~~~~~~~~~~~~~~~~~~~~~~~~~~~~~~~~~~~~~~~~~~~~~~~
BEFORE ANY ENCODING
num_features :9
num_classes : 1
cat_idx : [0]
nominal_idx : None
ordinal_idx : [1, 2, 3]
num_idx : None
cat_dims : [2]
bin_alt : None 


X shape : (43152, 9)
~~~~~~~~~~~~~~~~~~~~~~~~~~~~~~~~~~~~~~~~~~~~~~~~~~~~~~~~~~~~~~~~~~~~~~~~~~~~~~~
~~~~~~~~~~~~~~~~~~~~~~~~~~~~~~~~~~~~~~~~~~~~~~~~~~~~~~~~~~~~~~~~~~~~~~~~~~~~~~~ 


AFTER SEPARATING CATEGORICALS AND NUMERICALS
Numerical Index V1 : [0, 4, 5, 6, 7, 8]
Cat Dims V1 : [6, 8, 9]
Cat Idx V1 : [1, 2, 3] 
 

~~~~~~~~~~~~~~~~~~~~~~~~~~~~~~~~~~~~~~~~~~~~~~~~~~~~~~~~~~~~~~~~~~~~~~~~~~~~~~~ 


Scaling the data...
~~~~~~~~~~~~~~~~~~~~~~~~~~~~~~~~~~~~~~~~~~~~~~~~~~~~~~~~~~~~~~~~~~~~~~~~~~~~~~~
After OHE
Numerical Index V2 : [0, 4, 5, 6, 7, 8] 


OHE Idx : None


Ordinal Idx V2: [1, 2, 3]


Cat Dims V2 : [6, 8, 9]
Cat Idx V2 : [1, 2, 3] 
 

Train: [[-1.2007693433003284 'Ideal' 'E' 'SI2' -0.17623676016550302]
 [-1.2007693433003284 'Good' 'E' 'VS1' -3.3952118794129094]
 [-1.0318275851408616 'Good' 'J' 'SI2' 1.0833621995400016]
 [-1.1796516235303949 'Very Good' 'J' 'VVS2' 0.7334735996218053]
 [-1.1374161839905281 'Very Good' 'H' 'SI1' 0.10367411976905298]
 [-1.2007693433003284 'Very Good' 'H' 'VS1' -1.6457688798219283]
 [-1.0529453049107949 'Good' 'J' 'SI1' 1.5732062394254782]
 [-1.2007693433003284 'Ideal' 'J' 'VS1' 0.7334735996218053]
 [-1.2218870630702616 'Premium' 'F' 'SI1' -0.9459916799855358]
 [-1.2641225026101284 'Premium' 'E' 'SI2' -1.0859471199528112]] 
 
 
Val : (43152, 9) 
 

~~~~~~~~~~~~~~~~~~~~~~~~~~~~~~~~~~~~~~~~~~~~~~~~~~~~~~~~~~~~~~~~~~~~~~~~~~~~~~~
~~~~~~~~~~~~~~~~~~~~~~~~~~~~~~~~~~~~~~~~~~~~~~~~~~~~~~~~~~~~~~~~~~~~~~~~~~~~~~~
After ORDINAL
Numerical Index V2 : [0, 4, 5, 6, 7, 8] 


OHE Idx : None


Ordinal Idx V2: [1, 2, 3]


Cat Dims V2 : [6, 8, 9]
Cat Idx V2 : [1, 2, 3] 
 

Train: [[-1.2007693433003284 5 6 2 -0.17623676016550302 -1.1001014896248056
  -1.5915444854651115 -1.5301186577850108 -1.5696115327877844]
 [-1.2007693433003284 2 6 5 -3.3952118794129094 3.3772680777522917
  -1.5023022126050385 -1.4517413942698225 -1.739235168570439]
 [-1.0318275851408616 2 1 2 1.0833621995400016 0.2431093805883235
  -1.2434996213108258 -1.2079010188892378 -1.1172818373673723]
 [-1.1796516235303949 3 1 6 0.7334735996218053 -0.20462757614938623
  -1.600468712751119 -1.5475358274550528 -1.4989350178783452]
 [-1.1374161839905281 3 3 3 0.10367411976905298 -1.1001014896248056
  -1.4844537580330235 -1.416907054929739 -1.428258502968906]
 [-1.2007693433003284 3 3 5 -1.6457688798219283 1.5863202508014527
  -1.5469233490350751 -1.4691585639398648 -1.6261527447153359]
 [-1.0529453049107949 2 1 3 1.5732062394254782 -1.1001014896248056
  -1.3238176668848918 -1.2688611127343836 -1.1455524433311481]
 [-1.2007693433003284 5 1 5 0.7334735996218053 -0.652364532887096
  -1.6093929400371263 -1.5997873364651782 -1.527205623842121]
 [-1.2218870630702616 4 5 3 -0.9459916799855358 1.5863202508014527
  -1.6540140764671631 -1.6520388454753037 -1.7109645626066634]
 [-1.2641225026101284 4 6 2 -1.0859471199528112 2.0340572075391625
  -1.7343321220412289 -1.7304161089904915 -1.7957763804979907]] 
 
 
Val : (43152, 9) 
 

FINISHED ENCODING
~~~~~~~~~~~~~~~~~~~~~~~~~~~~~~~~~~~~~~~~~~~~~~~~~~~~~~~~~~~~~~~~~~~~~~~~~~~~~~~
Number of Classes B4 Bin Verifier: 14
Unique values in y_train: (array([ 0.,  1.,  2.,  3.,  4.,  5.,  6.,  7.,  8.,  9., 10., 11., 12.,
       13.]), 14)
Unique values in y_test: (array([ 0.,  1.,  2.,  3.,  4.,  5.,  6.,  7.,  8.,  9., 10., 11., 12.,
       13.]), 14)
No need to shift labels.
VERIFY SHIFT
Train after shift : [ 0  1  2  3  4  5  6  7  8  9 10 11 12 13], Length : 14
Test after shift : [ 0  1  2  3  4  5  6  7  8  9 10 11 12 13], Length : 14
Number of Classes After Bin Verifier: 14
In get_device
Using dim 128 and batch size 128
{'depth': 6, 'dim': 128, 'dropout': 0.6, 'heads': 2}
Epoch 0 loss 0.7904773950576782
Epoch 1 loss 0.6889054179191589
Epoch 2 loss 0.6918302178382874
Epoch 3 loss 0.7535796165466309
Epoch 4 loss 0.6894372701644897
Epoch 5 loss 0.6990013718605042
Epoch 6 loss 0.6374554634094238
Epoch 7 loss 0.6649607419967651
Epoch 8 loss 0.6514561772346497
Epoch 9 loss 0.6576233506202698
Epoch 10 loss 0.6508859992027283
Epoch 11 loss 0.6516979336738586
Epoch 12 loss 0.6523122787475586
Epoch 13 loss 0.6484664678573608
Epoch 14 loss 0.6703647375106812
Epoch 15 loss 0.6292011737823486
Epoch 16 loss 0.6392588019371033
Epoch 17 loss 0.6318256855010986
Epoch 18 loss 0.620248556137085
Epoch 19 loss 0.6225636005401611
Epoch 20 loss 0.6015753746032715
Epoch 21 loss 0.5846111178398132
Epoch 22 loss 0.5765376687049866
Epoch 23 loss 0.5936517715454102
Epoch 24 loss 0.5838993787765503
Epoch 25 loss 0.5946122407913208
Epoch 26 loss 0.5803523659706116
Epoch 27 loss 0.603513240814209
Epoch 28 loss 0.5759742856025696
Epoch 29 loss 0.5806635618209839
Epoch 30 loss 0.6030901670455933
Epoch 31 loss 0.5950033068656921
Epoch 32 loss 0.5981804728507996
Epoch 33 loss 0.5841867327690125
Epoch 34 loss 0.6117191910743713
Epoch 35 loss 0.6076151728630066
Epoch 36 loss 0.6154586672782898
Epoch 37 loss 0.6287870407104492
Epoch 38 loss 0.6223116517066956
Epoch 39 loss 0.6174436807632446
Epoch 40 loss 0.633849024772644
Epoch 41 loss 0.644393265247345
Epoch 42 loss 0.6218761801719666
Epoch 43 loss 0.6506449580192566
Epoch 44 loss 0.6672989130020142
Epoch 45 loss 0.6527612805366516
Epoch 46 loss 0.6604241132736206
Epoch 47 loss 0.6589510440826416
Epoch 48 loss 0.6858053803443909
Epoch 49 loss 0.7065397500991821
Validation loss has not improved for 20 steps!
Early stopping applies.
State of save is True b4 loss saving
Log file exists at: output/SAINT/Diamonds/logging/loss_3.txt
File name : output/SAINT/Diamonds/logging/loss_3.txt . The file was saved
Log file exists at: output/SAINT/Diamonds/logging/val_loss_3.txt
File name : output/SAINT/Diamonds/logging/val_loss_3.txt . The file was saved
Saved Losses and Regularization
±±±±±±±±±±±±±±±±±±±±±±±±±±±±±±±±±±±±±±±±±±±±±±±±±±±±±±±±±±±±±±±±±±±±±±±±±±± 

B4 Evaluation
Number of classes : 14
Class label len :14
Class labels : [0, 1, 2, 3, 4, 5, 6, 7, 8, 9, 10, 11, 12, 13]
Unique y_true : 14
Unique train : 14

Prediction shape : (10788,)
Probabilities shape : (10788, 14) 

±±±±±±±±±±±±±±±±±±±±±±±±±±±±±±±±±±±±±±±±±±±±±±±±±±±±±±±±±±±±±±±±±±±±±±±±±±± 

IN SCORER EVAL
y_true classes: 14
Probabilities shape: (10788, 14)
DONE IN SCORER EVAL
After Evaluation
{'Log Loss - mean': 0.6962299999999999, 'Log Loss - std': 0.037906370836575706, 'AUC - mean': 0.979929385240562, 'AUC - std': 0.0015328051133595597, 'Accuracy - mean': 0.7195494994438265, 'Accuracy - std': 0.012342879577867477, 'F1 score - mean': 0.7196643088534604, 'F1 score - std': 0.012822429342311596} 
 

Fold 5
num_features : 9
num_classes : 1
cat_idx : [0]
nominal_idx : None
ordinal_idx : [1, 2, 3]
num_idx : None
cat_dims : [2]
bin_alt : None
~~~~~~~~~~~~~~~~~~~~~~~~~~~~~~~~~~~~~~~~~~~~~~~~~~~~~~~~~~~~~~~~~~~~~~~~~~~~~~~
BEFORE ANY ENCODING
num_features :9
num_classes : 1
cat_idx : [0]
nominal_idx : None
ordinal_idx : [1, 2, 3]
num_idx : None
cat_dims : [2]
bin_alt : None 


X shape : (43152, 9)
~~~~~~~~~~~~~~~~~~~~~~~~~~~~~~~~~~~~~~~~~~~~~~~~~~~~~~~~~~~~~~~~~~~~~~~~~~~~~~~
~~~~~~~~~~~~~~~~~~~~~~~~~~~~~~~~~~~~~~~~~~~~~~~~~~~~~~~~~~~~~~~~~~~~~~~~~~~~~~~ 


AFTER SEPARATING CATEGORICALS AND NUMERICALS
Numerical Index V1 : [0, 4, 5, 6, 7, 8]
Cat Dims V1 : [6, 8, 9]
Cat Idx V1 : [1, 2, 3] 
 

~~~~~~~~~~~~~~~~~~~~~~~~~~~~~~~~~~~~~~~~~~~~~~~~~~~~~~~~~~~~~~~~~~~~~~~~~~~~~~~ 


Scaling the data...
~~~~~~~~~~~~~~~~~~~~~~~~~~~~~~~~~~~~~~~~~~~~~~~~~~~~~~~~~~~~~~~~~~~~~~~~~~~~~~~
After OHE
Numerical Index V2 : [0, 4, 5, 6, 7, 8] 


OHE Idx : None


Ordinal Idx V2: [1, 2, 3]


Cat Dims V2 : [6, 8, 9]
Cat Idx V2 : [1, 2, 3] 
 

Train: [[-1.1951587568816937 'Ideal' 'E' 'SI2' -0.16918805719128635]
 [-1.2373782800036142 'Premium' 'E' 'SI1' -1.354043921120755]
 [-1.1951587568816937 'Good' 'E' 'VS1' -3.375268630176903]
 [-1.0685001875159332 'Premium' 'I' 'VS2' 0.4580885766537244]
 [-1.0262806643940128 'Good' 'J' 'SI2' 1.085365210498735]
 [-1.1740489953207336 'Very Good' 'I' 'VVS1' 0.3883911728931665]
 [-1.1318294721988134 'Very Good' 'H' 'SI1' 0.10960155785094007]
 [-1.2162685184426538 'Fair' 'E' 'VS2' 2.3399184781887565]
 [-1.1951587568816937 'Ideal' 'J' 'VS1' 0.7368781916959508]
 [-1.2162685184426538 'Premium' 'F' 'SI1' -0.9358594985574128]] 
 
 
Val : (43152, 9) 
 

~~~~~~~~~~~~~~~~~~~~~~~~~~~~~~~~~~~~~~~~~~~~~~~~~~~~~~~~~~~~~~~~~~~~~~~~~~~~~~~
~~~~~~~~~~~~~~~~~~~~~~~~~~~~~~~~~~~~~~~~~~~~~~~~~~~~~~~~~~~~~~~~~~~~~~~~~~~~~~~
After ORDINAL
Numerical Index V2 : [0, 4, 5, 6, 7, 8] 


OHE Idx : None


Ordinal Idx V2: [1, 2, 3]


Cat Dims V2 : [6, 8, 9]
Cat Idx V2 : [1, 2, 3] 
 

Train: [[-1.1951587568816937 5 6 2 -0.16918805719128635 -1.095468028782346
  -1.5839349366235063 -1.5322976251522233 -1.56187701865597]
 [-1.2373782800036142 4 6 3 -1.354043921120755 1.5812091849357435
  -1.6374236122792667 -1.6548711768767947 -1.731354397531372]
 [-1.1951587568816937 2 6 5 -3.375268630176903 3.3656606607478032
  -1.4947871438639058 -1.4535003419007129 -1.731354397531372]
 [-1.0685001875159332 4 2 4 0.4580885766537244 0.24287057807669882
  -1.3610654547245045 -1.313416282786917 -1.2794147205303008]
 [-1.0262806643940128 2 1 2 1.085365210498735 0.24287057807669882
  -1.236258544861064 -1.2083532384515707 -1.1099373416548988]
 [-1.1740489953207336 3 2 7 0.3883911728931665 -0.2032422908763161
  -1.5839349366235063 -1.5322976251522233 -1.5053845590308361]
 [-1.1318294721988134 3 3 3 0.10960155785094007 -1.095468028782346
  -1.4769575853119854 -1.418479327122264 -1.4206458695931359]
 [-1.2162685184426538 1 6 4 2.3399184781887565 1.5812091849357435
  -1.6552531708311868 -1.7074026990444682 -1.4771383292182692]
 [-1.1951587568816937 5 1 5 0.7368781916959508 -0.649355159829331
  -1.6017644951754264 -1.602339654709121 -1.51950767393712]
 [-1.2162685184426538 4 5 3 -0.9358594985574128 1.5812091849357435
  -1.646338391555227 -1.6548711768767947 -1.7031081677188051]] 
 
 
Val : (43152, 9) 
 

FINISHED ENCODING
~~~~~~~~~~~~~~~~~~~~~~~~~~~~~~~~~~~~~~~~~~~~~~~~~~~~~~~~~~~~~~~~~~~~~~~~~~~~~~~
Number of Classes B4 Bin Verifier: 14
Unique values in y_train: (array([ 0.,  1.,  2.,  3.,  4.,  5.,  6.,  7.,  8.,  9., 10., 11., 12.,
       13.]), 14)
Unique values in y_test: (array([ 0.,  1.,  2.,  3.,  4.,  5.,  6.,  7.,  8.,  9., 10., 11., 12.,
       13.]), 14)
No need to shift labels.
VERIFY SHIFT
Train after shift : [ 0  1  2  3  4  5  6  7  8  9 10 11 12 13], Length : 14
Test after shift : [ 0  1  2  3  4  5  6  7  8  9 10 11 12 13], Length : 14
Number of Classes After Bin Verifier: 14
In get_device
Using dim 128 and batch size 128
{'depth': 6, 'dim': 128, 'dropout': 0.6, 'heads': 2}
Epoch 0 loss 0.8570491075515747
Epoch 1 loss 0.7328056693077087
Epoch 2 loss 0.6866623759269714
Epoch 3 loss 0.7131612300872803
Epoch 4 loss 0.6850993633270264
Epoch 5 loss 0.692416250705719
Epoch 6 loss 0.6680498123168945
Epoch 7 loss 0.6623687148094177
Epoch 8 loss 0.6833519339561462
Epoch 9 loss 0.6532105803489685
Epoch 10 loss 0.6554762125015259
Epoch 11 loss 0.6359580159187317
Epoch 12 loss 0.6237528324127197
Epoch 13 loss 0.6183615922927856
Epoch 14 loss 0.6038740277290344
Epoch 15 loss 0.6108430624008179
Epoch 16 loss 0.6049709916114807
Epoch 17 loss 0.6034239530563354
Epoch 18 loss 0.6042039394378662
Epoch 19 loss 0.6047022342681885
Epoch 20 loss 0.5788667798042297
Epoch 21 loss 0.5783357620239258
Epoch 22 loss 0.5979831218719482
Epoch 23 loss 0.6024581789970398
Epoch 24 loss 0.5785753130912781
Epoch 25 loss 0.5962334275245667
Epoch 26 loss 0.5991218686103821
Epoch 27 loss 0.6201810836791992
Epoch 28 loss 0.5974285006523132
Epoch 29 loss 0.5998585820198059
Epoch 30 loss 0.6264693737030029
Epoch 31 loss 0.6073170304298401
Epoch 32 loss 0.6119676828384399
Epoch 33 loss 0.6322140097618103
Epoch 34 loss 0.6129300594329834
Epoch 35 loss 0.6219401955604553
Epoch 36 loss 0.6296772360801697
Epoch 37 loss 0.648678719997406
Epoch 38 loss 0.6291287541389465
Epoch 39 loss 0.6319448351860046
Epoch 40 loss 0.6281757950782776
Epoch 41 loss 0.6561070084571838
Epoch 42 loss 0.6519518494606018
Validation loss has not improved for 20 steps!
Early stopping applies.
State of save is True b4 loss saving
Log file exists at: output/SAINT/Diamonds/logging/loss_4.txt
File name : output/SAINT/Diamonds/logging/loss_4.txt . The file was saved
Log file exists at: output/SAINT/Diamonds/logging/val_loss_4.txt
File name : output/SAINT/Diamonds/logging/val_loss_4.txt . The file was saved
Saved Losses and Regularization
±±±±±±±±±±±±±±±±±±±±±±±±±±±±±±±±±±±±±±±±±±±±±±±±±±±±±±±±±±±±±±±±±±±±±±±±±±± 

B4 Evaluation
Number of classes : 14
Class label len :14
Class labels : [0, 1, 2, 3, 4, 5, 6, 7, 8, 9, 10, 11, 12, 13]
Unique y_true : 14
Unique train : 14

Prediction shape : (10788,)
Probabilities shape : (10788, 14) 

±±±±±±±±±±±±±±±±±±±±±±±±±±±±±±±±±±±±±±±±±±±±±±±±±±±±±±±±±±±±±±±±±±±±±±±±±±± 

IN SCORER EVAL
y_true classes: 14
Probabilities shape: (10788, 14)
DONE IN SCORER EVAL
After Evaluation
{'Log Loss - mean': 0.6965999999999999, 'Log Loss - std': 0.03391256345368185, 'AUC - mean': 0.9796526330010484, 'AUC - std': 0.0014784993813782516, 'Accuracy - mean': 0.7173711531331108, 'Accuracy - std': 0.011868366004493786, 'F1 score - mean': 0.7176943207889213, 'F1 score - std': 0.012126630500207581} 
 

Saving model.....
Results After CV: {'Log Loss - mean': 0.6965999999999999, 'Log Loss - std': 0.03391256345368185, 'AUC - mean': 0.9796526330010484, 'AUC - std': 0.0014784993813782516, 'Accuracy - mean': 0.7173711531331108, 'Accuracy - std': 0.011868366004493786, 'F1 score - mean': 0.7176943207889213, 'F1 score - std': 0.012126630500207581}
Train time: 2381.3441788135997
Inference time: 0.8885113842004102
Finished cross validation
Loss path :output/SAINT/Diamonds/logging/
Plots saved successfully!
{'Log Loss - mean': 0.6965999999999999, 'Log Loss - std': 0.03391256345368185, 'AUC - mean': 0.9796526330010484, 'AUC - std': 0.0014784993813782516, 'Accuracy - mean': 0.7173711531331108, 'Accuracy - std': 0.011868366004493786, 'F1 score - mean': 0.7176943207889213, 'F1 score - std': 0.012126630500207581}
(2381.3441788135997, 0.8885113842004102)


----------------------------------------------------------------------------
Training VIME Vesion 1 with Dataset: config/house_prices_nominal.yml 



----------------------------------------------------------------------------
Namespace(batch_size=128, bin_alt=None, cat_dims=[2], cat_idx=[0], config='config/house_prices_nominal.yml', data_parallel=False, dataset='House_Prices_Nominal', direction='maximize', dropna_idx=[0], early_stopping_rounds=20, epochs=100, frequency_reg=False, gpu_ids=[0, 1], logging_period=100, miss_cat_idx=[6, 25, 30, 31, 32, 33, 35, 42, 57, 58, 60, 63, 64, 72, 73, 74], miss_num_idx=[3, 26, 59], model_name='SAINT', n_trials=100, nominal_idx=[2, 7, 12], num_bins=10, num_classes=1, num_features=80, num_idx=None, num_splits=5, objective='probabilistic_regression', one_hot_encode=True, optimize_hyperparameters=False, ordinal_encode=True, ordinal_idx=[5, 6, 8, 9, 10, 11, 13, 14, 15, 16, 21, 22, 23, 24, 25, 27, 28, 29, 30, 31, 32, 33, 35, 39, 40, 41, 42, 53, 55, 57, 58, 60, 63, 64, 65, 72, 73, 74, 78, 79], scale=True, seed=221, shuffle=True, target_encode=False, use_gpu=True, val_batch_size=256, y_distribution='normal')
Train model with given hyperparameters
Loading dataset House_Prices_Nominal...
Dataset loaded! 

(1460, 79)
I am in Main Once
In get_device
Using dim 8 and batch size 64
Almost Cross Validating
Fold 1
num_features : 79
num_classes : 1
cat_idx : [0]
nominal_idx : [1, 6, 11]
ordinal_idx : [4, 5, 7, 8, 9, 10, 12, 13, 14, 15, 20, 21, 22, 23, 24, 26, 27, 28, 29, 30, 31, 32, 34, 38, 39, 40, 41, 52, 54, 56, 57, 59, 62, 63, 64, 71, 72, 73, 77, 78]
num_idx : None
cat_dims : [2]
bin_alt : None
~~~~~~~~~~~~~~~~~~~~~~~~~~~~~~~~~~~~~~~~~~~~~~~~~~~~~~~~~~~~~~~~~~~~~~~~~~~~~~~
BEFORE ANY ENCODING
num_features :79
num_classes : 1
cat_idx : [0]
nominal_idx : [1, 6, 11]
ordinal_idx : [4, 5, 7, 8, 9, 10, 12, 13, 14, 15, 20, 21, 22, 23, 24, 26, 27, 28, 29, 30, 31, 32, 34, 38, 39, 40, 41, 52, 54, 56, 57, 59, 62, 63, 64, 71, 72, 73, 77, 78]
num_idx : None
cat_dims : [2]
bin_alt : None 


X shape : (1168, 79)
~~~~~~~~~~~~~~~~~~~~~~~~~~~~~~~~~~~~~~~~~~~~~~~~~~~~~~~~~~~~~~~~~~~~~~~~~~~~~~~
~~~~~~~~~~~~~~~~~~~~~~~~~~~~~~~~~~~~~~~~~~~~~~~~~~~~~~~~~~~~~~~~~~~~~~~~~~~~~~~ 


AFTER SEPARATING CATEGORICALS AND NUMERICALS
Numerical Index V1 : [0, 2, 3, 16, 17, 18, 19, 25, 33, 35, 36, 37, 42, 43, 44, 45, 46, 47, 48, 49, 50, 51, 53, 55, 58, 60, 61, 65, 66, 67, 68, 69, 70, 74, 75, 76]
Cat Dims V1 : [3, 3, 5, 3, 6, 4, 10, 9, 6, 9, 7, 8, 15, 17, 4, 5, 6, 7, 5, 5, 5, 7, 7, 7, 6, 3, 6, 5, 8, 6, 7, 4, 6, 6, 4, 4, 5, 4, 10, 7]
Cat Idx V1 : [1, 4, 5, 6, 7, 8, 9, 10, 11, 12, 13, 14, 15, 20, 21, 22, 23, 24, 26, 27, 28, 29, 30, 31, 32, 34, 38, 39, 40, 41, 52, 54, 56, 57, 59, 62, 63, 64, 71, 72, 73, 77, 78] 
 

~~~~~~~~~~~~~~~~~~~~~~~~~~~~~~~~~~~~~~~~~~~~~~~~~~~~~~~~~~~~~~~~~~~~~~~~~~~~~~~ 


Scaling the data...
One Hot Encoding...
~~~~~~~~~~~~~~~~~~~~~~~~~~~~~~~~~~~~~~~~~~~~~~~~~~~~~~~~~~~~~~~~~~~~~~~~~~~~~~~
After OHE
Numerical Index V2 : [0, 2, 3, 16, 17, 18, 19, 25, 33, 35, 36, 37, 42, 43, 44, 45, 46, 47, 48, 49, 50, 51, 53, 55, 58, 60, 61, 65, 66, 67, 68, 69, 70, 74, 75, 76] 


OHE Idx : [40, 41, 42, 43, 44, 45, 46, 47, 48, 49, 50, 51, 52, 53, 54, 55, 56, 57, 58, 59, 60, 61, 62, 63, 64, 65, 66, 67, 68, 69, 70, 71, 72, 73]


Ordinal Idx V2: [0, 1, 2, 3, 4, 5, 6, 7, 8, 9, 10, 11, 12, 13, 14, 15, 16, 17, 18, 19, 20, 21, 22, 23, 24, 25, 26, 27, 28, 29, 30, 31, 32, 33, 34, 35, 36, 37, 38, 39]


Cat Dims V2 : [3, 3, 5, 3, 6, 4, 10, 9, 6, 9, 7, 8, 15, 17, 4, 5, 6, 7, 5, 5, 5, 7, 7, 7, 6, 3, 6, 5, 8, 6, 7, 4, 6, 6, 4, 4, 5, 4, 10, 7]
Cat Idx V2 : [0, 1, 2, 3, 4, 5, 6, 7, 8, 9, 10, 11, 12, 13, 14, 15, 16, 17, 18, 19, 20, 21, 22, 23, 24, 25, 26, 27, 28, 29, 30, 31, 32, 33, 34, 35, 36, 37, 38, 39] 
 

Train: [['Pave' 'None' 'Lvl' 'AllPub' 'Inside']
 ['Pave' 'None' 'Lvl' 'AllPub' 'FR2']
 ['Pave' 'None' 'Lvl' 'AllPub' 'Corner']
 ['Pave' 'None' 'Lvl' 'AllPub' 'FR2']
 ['Pave' 'None' 'Lvl' 'AllPub' 'Inside']
 ['Pave' 'None' 'Lvl' 'AllPub' 'Inside']
 ['Pave' 'None' 'Lvl' 'AllPub' 'Corner']
 ['Pave' 'None' 'Lvl' 'AllPub' 'Inside']
 ['Pave' 'None' 'Lvl' 'AllPub' 'Corner']
 ['Pave' 'None' 'Lvl' 'AllPub' 'Inside']] 
 
 
Val : (1168, 110) 
 

~~~~~~~~~~~~~~~~~~~~~~~~~~~~~~~~~~~~~~~~~~~~~~~~~~~~~~~~~~~~~~~~~~~~~~~~~~~~~~~
~~~~~~~~~~~~~~~~~~~~~~~~~~~~~~~~~~~~~~~~~~~~~~~~~~~~~~~~~~~~~~~~~~~~~~~~~~~~~~~
After ORDINAL
Numerical Index V2 : [0, 2, 3, 16, 17, 18, 19, 25, 33, 35, 36, 37, 42, 43, 44, 45, 46, 47, 48, 49, 50, 51, 53, 55, 58, 60, 61, 65, 66, 67, 68, 69, 70, 74, 75, 76] 


OHE Idx : [40, 41, 42, 43, 44, 45, 46, 47, 48, 49, 50, 51, 52, 53, 54, 55, 56, 57, 58, 59, 60, 61, 62, 63, 64, 65, 66, 67, 68, 69, 70, 71, 72, 73]


Ordinal Idx V2: [0, 1, 2, 3, 4, 5, 6, 7, 8, 9, 10, 11, 12, 13, 14, 15, 16, 17, 18, 19, 20, 21, 22, 23, 24, 25, 26, 27, 28, 29, 30, 31, 32, 33, 34, 35, 36, 37, 38, 39]


Cat Dims V2 : [3, 3, 5, 3, 6, 4, 10, 9, 6, 9, 7, 8, 15, 17, 4, 5, 6, 7, 5, 5, 5, 7, 7, 7, 6, 3, 6, 5, 8, 6, 7, 4, 6, 6, 4, 4, 5, 4, 10, 7]
Cat Idx V2 : [0, 1, 2, 3, 4, 5, 6, 7, 8, 9, 10, 11, 12, 13, 14, 15, 16, 17, 18, 19, 20, 21, 22, 23, 24, 25, 26, 27, 28, 29, 30, 31, 32, 33, 34, 35, 36, 37, 38, 39] 
 

Train: [[2 0 4 ... -0.08549072883692027 -1.6038865594520038 0.11325845825763112]
 [2 0 4 ... -0.08549072883692027 -0.4812300464036975 -0.6383658556335169]
 [2 0 4 ... -0.08549072883692027 -1.6038865594520038 -1.389990169524665]
 ...
 [2 0 4 ... -0.08549072883692027 -0.8554488840864662 0.11325845825763112]
 [2 0 4 ... -0.08549072883692027 -1.9781053971347726 0.11325845825763112]
 [2 0 4 ... -0.08549072883692027 0.2672076289618401 -1.389990169524665]] 
 
 
Val : (1168, 110) 
 

FINISHED ENCODING
~~~~~~~~~~~~~~~~~~~~~~~~~~~~~~~~~~~~~~~~~~~~~~~~~~~~~~~~~~~~~~~~~~~~~~~~~~~~~~~
Number of Classes B4 Bin Verifier: 8
Unique values in y_train: (array([0., 1., 2., 3., 4., 5., 6., 7.]), 8)
Unique values in y_test: (array([0., 1., 2., 3., 4., 5., 6., 7.]), 8)
No need to shift labels.
VERIFY SHIFT
Train after shift : [0 1 2 3 4 5 6 7], Length : 8
Test after shift : [0 1 2 3 4 5 6 7], Length : 8
Number of Classes After Bin Verifier: 8
In get_device
Using dim 8 and batch size 64
{'depth': 6, 'dim': 256, 'dropout': 0.8, 'heads': 2}
Epoch 0 loss 2.0690078735351562
Epoch 1 loss 2.0124154090881348
Epoch 2 loss 1.8867247104644775
Epoch 3 loss 1.7353949546813965
Epoch 4 loss 1.602981686592102
Epoch 5 loss 1.4008159637451172
Epoch 6 loss 1.241999864578247
Epoch 7 loss 1.1999945640563965
Epoch 8 loss 1.1812503337860107
Epoch 9 loss 1.0798548460006714
Epoch 10 loss 1.111654281616211
Epoch 11 loss 1.0530041456222534
Epoch 12 loss 1.0190205574035645
Epoch 13 loss 0.9377376437187195
Epoch 14 loss 0.9739739894866943
Epoch 15 loss 1.0101971626281738
Epoch 16 loss 0.9662235975265503
Epoch 17 loss 1.07138991355896
Epoch 18 loss 0.9517982006072998
Epoch 19 loss 1.069000482559204
Epoch 20 loss 1.0747424364089966
Epoch 21 loss 1.2370527982711792
Epoch 22 loss 0.9238067269325256
Epoch 23 loss 1.0590524673461914
Epoch 24 loss 0.979079008102417
Epoch 25 loss 0.8925970792770386
Epoch 26 loss 1.109459400177002
Epoch 27 loss 0.861488938331604
Epoch 28 loss 1.0089508295059204
Epoch 29 loss 1.063161849975586
Epoch 30 loss 1.026236653327942
Epoch 31 loss 0.9042982459068298
Epoch 32 loss 0.9762149453163147
Epoch 33 loss 0.9101511240005493
Epoch 34 loss 1.0291461944580078
Epoch 35 loss 1.0680079460144043
Epoch 36 loss 1.2049065828323364
Epoch 37 loss 0.8891783952713013
Epoch 38 loss 1.1511719226837158
Epoch 39 loss 1.0130243301391602
Epoch 40 loss 0.9060195684432983
Epoch 41 loss 1.0478999614715576
Epoch 42 loss 0.8453027009963989
Epoch 43 loss 1.2664531469345093
Epoch 44 loss 1.2382395267486572
Epoch 45 loss 1.1749423742294312
Epoch 46 loss 1.0949424505233765
Epoch 47 loss 0.8603110909461975
Epoch 48 loss 1.0060303211212158
Epoch 49 loss 0.9862253069877625
Epoch 50 loss 0.9566057324409485
Epoch 51 loss 1.1399028301239014
Epoch 52 loss 1.0345473289489746
Epoch 53 loss 1.1593141555786133
Epoch 54 loss 1.2333366870880127
Epoch 55 loss 1.3071422576904297
Epoch 56 loss 1.0401835441589355
Epoch 57 loss 1.2190895080566406
Epoch 58 loss 1.5602978467941284
Epoch 59 loss 1.1201714277267456
Epoch 60 loss 1.101118564605713
Epoch 61 loss 1.168813943862915
Epoch 62 loss 1.2438228130340576
Epoch 63 loss 1.0874757766723633
Validation loss has not improved for 20 steps!
Early stopping applies.
State of save is True b4 loss saving
Log file exists at: output/SAINT/House_Prices_Nominal/logging/loss_0.txt
File name : output/SAINT/House_Prices_Nominal/logging/loss_0.txt . The file was saved
Log file exists at: output/SAINT/House_Prices_Nominal/logging/val_loss_0.txt
File name : output/SAINT/House_Prices_Nominal/logging/val_loss_0.txt . The file was saved
Saved Losses and Regularization
±±±±±±±±±±±±±±±±±±±±±±±±±±±±±±±±±±±±±±±±±±±±±±±±±±±±±±±±±±±±±±±±±±±±±±±±±±± 

B4 Evaluation
Number of classes : 8
Class label len :8
Class labels : [0, 1, 2, 3, 4, 5, 6, 7]
Unique y_true : 8
Unique train : 8

Prediction shape : (292,)
Probabilities shape : (292, 8) 

±±±±±±±±±±±±±±±±±±±±±±±±±±±±±±±±±±±±±±±±±±±±±±±±±±±±±±±±±±±±±±±±±±±±±±±±±±± 

IN SCORER EVAL
y_true classes: 8
Probabilities shape: (292, 8)
DONE IN SCORER EVAL
After Evaluation
{'Log Loss - mean': 0.99702, 'Log Loss - std': 0.0, 'AUC - mean': 0.9373900510803271, 'AUC - std': 0.0, 'Accuracy - mean': 0.6198630136986302, 'Accuracy - std': 0.0, 'F1 score - mean': 0.6164931896122758, 'F1 score - std': 0.0} 
 

Fold 2
num_features : 79
num_classes : 1
cat_idx : [0]
nominal_idx : [1, 6, 11]
ordinal_idx : [4, 5, 7, 8, 9, 10, 12, 13, 14, 15, 20, 21, 22, 23, 24, 26, 27, 28, 29, 30, 31, 32, 34, 38, 39, 40, 41, 52, 54, 56, 57, 59, 62, 63, 64, 71, 72, 73, 77, 78]
num_idx : None
cat_dims : [2]
bin_alt : None
~~~~~~~~~~~~~~~~~~~~~~~~~~~~~~~~~~~~~~~~~~~~~~~~~~~~~~~~~~~~~~~~~~~~~~~~~~~~~~~
BEFORE ANY ENCODING
num_features :79
num_classes : 1
cat_idx : [0]
nominal_idx : [1, 6, 11]
ordinal_idx : [4, 5, 7, 8, 9, 10, 12, 13, 14, 15, 20, 21, 22, 23, 24, 26, 27, 28, 29, 30, 31, 32, 34, 38, 39, 40, 41, 52, 54, 56, 57, 59, 62, 63, 64, 71, 72, 73, 77, 78]
num_idx : None
cat_dims : [2]
bin_alt : None 


X shape : (1168, 79)
~~~~~~~~~~~~~~~~~~~~~~~~~~~~~~~~~~~~~~~~~~~~~~~~~~~~~~~~~~~~~~~~~~~~~~~~~~~~~~~
~~~~~~~~~~~~~~~~~~~~~~~~~~~~~~~~~~~~~~~~~~~~~~~~~~~~~~~~~~~~~~~~~~~~~~~~~~~~~~~ 


AFTER SEPARATING CATEGORICALS AND NUMERICALS
Numerical Index V1 : [0, 2, 3, 16, 17, 18, 19, 25, 33, 35, 36, 37, 42, 43, 44, 45, 46, 47, 48, 49, 50, 51, 53, 55, 58, 60, 61, 65, 66, 67, 68, 69, 70, 74, 75, 76]
Cat Dims V1 : [3, 3, 5, 3, 6, 4, 10, 9, 6, 9, 7, 7, 14, 16, 4, 5, 5, 7, 5, 5, 5, 7, 7, 6, 6, 3, 6, 5, 8, 6, 7, 4, 6, 6, 4, 4, 5, 5, 10, 7]
Cat Idx V1 : [1, 4, 5, 6, 7, 8, 9, 10, 11, 12, 13, 14, 15, 20, 21, 22, 23, 24, 26, 27, 28, 29, 30, 31, 32, 34, 38, 39, 40, 41, 52, 54, 56, 57, 59, 62, 63, 64, 71, 72, 73, 77, 78] 
 

~~~~~~~~~~~~~~~~~~~~~~~~~~~~~~~~~~~~~~~~~~~~~~~~~~~~~~~~~~~~~~~~~~~~~~~~~~~~~~~ 


Scaling the data...
One Hot Encoding...
~~~~~~~~~~~~~~~~~~~~~~~~~~~~~~~~~~~~~~~~~~~~~~~~~~~~~~~~~~~~~~~~~~~~~~~~~~~~~~~
After OHE
Numerical Index V2 : [0, 2, 3, 16, 17, 18, 19, 25, 33, 35, 36, 37, 42, 43, 44, 45, 46, 47, 48, 49, 50, 51, 53, 55, 58, 60, 61, 65, 66, 67, 68, 69, 70, 74, 75, 76] 


OHE Idx : [40, 41, 42, 43, 44, 45, 46, 47, 48, 49, 50, 51, 52, 53, 54, 55, 56, 57, 58, 59, 60, 61, 62, 63, 64, 65, 66, 67, 68, 69, 70, 71, 72, 73]


Ordinal Idx V2: [0, 1, 2, 3, 4, 5, 6, 7, 8, 9, 10, 11, 12, 13, 14, 15, 16, 17, 18, 19, 20, 21, 22, 23, 24, 25, 26, 27, 28, 29, 30, 31, 32, 33, 34, 35, 36, 37, 38, 39]


Cat Dims V2 : [3, 3, 5, 3, 6, 4, 10, 9, 6, 9, 7, 7, 14, 16, 4, 5, 5, 7, 5, 5, 5, 7, 7, 6, 6, 3, 6, 5, 8, 6, 7, 4, 6, 6, 4, 4, 5, 5, 10, 7]
Cat Idx V2 : [0, 1, 2, 3, 4, 5, 6, 7, 8, 9, 10, 11, 12, 13, 14, 15, 16, 17, 18, 19, 20, 21, 22, 23, 24, 25, 26, 27, 28, 29, 30, 31, 32, 33, 34, 35, 36, 37, 38, 39] 
 

Train: [['Pave' 'None' 'Lvl' 'AllPub' 'Inside']
 ['Pave' 'None' 'Lvl' 'AllPub' 'FR2']
 ['Pave' 'None' 'Lvl' 'AllPub' 'Inside']
 ['Pave' 'None' 'Lvl' 'AllPub' 'Inside']
 ['Pave' 'None' 'Lvl' 'AllPub' 'Inside']
 ['Pave' 'None' 'Lvl' 'AllPub' 'Corner']
 ['Pave' 'None' 'Lvl' 'AllPub' 'Inside']
 ['Pave' 'None' 'Lvl' 'AllPub' 'Inside']
 ['Pave' 'None' 'Lvl' 'AllPub' 'Inside']
 ['Pave' 'None' 'Lvl' 'AllPub' 'Corner']] 
 
 
Val : (1168, 110) 
 

~~~~~~~~~~~~~~~~~~~~~~~~~~~~~~~~~~~~~~~~~~~~~~~~~~~~~~~~~~~~~~~~~~~~~~~~~~~~~~~
~~~~~~~~~~~~~~~~~~~~~~~~~~~~~~~~~~~~~~~~~~~~~~~~~~~~~~~~~~~~~~~~~~~~~~~~~~~~~~~
After ORDINAL
Numerical Index V2 : [0, 2, 3, 16, 17, 18, 19, 25, 33, 35, 36, 37, 42, 43, 44, 45, 46, 47, 48, 49, 50, 51, 53, 55, 58, 60, 61, 65, 66, 67, 68, 69, 70, 74, 75, 76] 


OHE Idx : [40, 41, 42, 43, 44, 45, 46, 47, 48, 49, 50, 51, 52, 53, 54, 55, 56, 57, 58, 59, 60, 61, 62, 63, 64, 65, 66, 67, 68, 69, 70, 71, 72, 73]


Ordinal Idx V2: [0, 1, 2, 3, 4, 5, 6, 7, 8, 9, 10, 11, 12, 13, 14, 15, 16, 17, 18, 19, 20, 21, 22, 23, 24, 25, 26, 27, 28, 29, 30, 31, 32, 33, 34, 35, 36, 37, 38, 39]


Cat Dims V2 : [3, 3, 5, 3, 6, 4, 10, 9, 6, 9, 7, 7, 14, 16, 4, 5, 5, 7, 5, 5, 5, 7, 7, 6, 6, 3, 6, 5, 8, 6, 7, 4, 6, 6, 4, 4, 5, 5, 10, 7]
Cat Idx V2 : [0, 1, 2, 3, 4, 5, 6, 7, 8, 9, 10, 11, 12, 13, 14, 15, 16, 17, 18, 19, 20, 21, 22, 23, 24, 25, 26, 27, 28, 29, 30, 31, 32, 33, 34, 35, 36, 37, 38, 39] 
 

Train: [[2 0 4 ... -0.08520364902762013 -1.5988030922284444 0.1703502411395687]
 [2 0 4 ... -0.08520364902762013 -0.4931772711965776 -0.5890737346279431]
 [2 0 4 ... -0.08520364902762013 0.9809904901792448 0.1703502411395687]
 ...
 [2 0 4 ... -0.08520364902762013 0.9809904901792448 0.1703502411395687]
 [2 0 4 ... -0.08520364902762013 0.6124485498352892 -0.5890737346279431]
 [2 0 4 ... -0.08520364902762013 0.24390660949133355 -0.5890737346279431]] 
 
 
Val : (1168, 110) 
 

FINISHED ENCODING
~~~~~~~~~~~~~~~~~~~~~~~~~~~~~~~~~~~~~~~~~~~~~~~~~~~~~~~~~~~~~~~~~~~~~~~~~~~~~~~
Number of Classes B4 Bin Verifier: 8
Unique values in y_train: (array([0., 1., 2., 3., 4., 5., 6., 7.]), 8)
Unique values in y_test: (array([0., 1., 2., 3., 4., 5., 6., 7.]), 8)
No need to shift labels.
VERIFY SHIFT
Train after shift : [0 1 2 3 4 5 6 7], Length : 8
Test after shift : [0 1 2 3 4 5 6 7], Length : 8
Number of Classes After Bin Verifier: 8
In get_device
Using dim 8 and batch size 64
{'depth': 6, 'dim': 256, 'dropout': 0.8, 'heads': 2}
Epoch 0 loss 2.0317087173461914
Epoch 1 loss 1.8386951684951782
Epoch 2 loss 1.7050316333770752
Epoch 3 loss 1.512091875076294
Epoch 4 loss 1.3868160247802734
Epoch 5 loss 1.246060848236084
Epoch 6 loss 1.1346774101257324
Epoch 7 loss 1.0241179466247559
Epoch 8 loss 1.1154725551605225
Epoch 9 loss 1.0072686672210693
Epoch 10 loss 1.0562223196029663
Epoch 11 loss 1.0486857891082764
Epoch 12 loss 1.0331127643585205
Epoch 13 loss 1.0036580562591553
Epoch 14 loss 1.0972247123718262
Epoch 15 loss 1.131964921951294
Epoch 16 loss 0.9768832921981812
Epoch 17 loss 0.9636014103889465
Epoch 18 loss 1.049593448638916
Epoch 19 loss 1.016744613647461
Epoch 20 loss 1.0484035015106201
Epoch 21 loss 1.114333152770996
Epoch 22 loss 0.9586669206619263
Epoch 23 loss 0.948799192905426
Epoch 24 loss 1.0608781576156616
Epoch 25 loss 1.208690881729126
Epoch 26 loss 1.252663493156433
Epoch 27 loss 0.967918872833252
Epoch 28 loss 1.0782215595245361
Epoch 29 loss 1.1059808731079102
Epoch 30 loss 1.12907874584198
Epoch 31 loss 1.027787685394287
Epoch 32 loss 0.9723244309425354
Epoch 33 loss 1.0230351686477661
Epoch 34 loss 1.0447399616241455
Epoch 35 loss 1.0534836053848267
Epoch 36 loss 1.2349209785461426
Epoch 37 loss 1.166799545288086
Epoch 38 loss 1.1993972063064575
Epoch 39 loss 1.2719241380691528
Epoch 40 loss 1.0281736850738525
Epoch 41 loss 1.242213487625122
Epoch 42 loss 1.1122663021087646
Epoch 43 loss 1.3321971893310547
Epoch 44 loss 1.639383316040039
Validation loss has not improved for 20 steps!
Early stopping applies.
State of save is True b4 loss saving
Log file exists at: output/SAINT/House_Prices_Nominal/logging/loss_1.txt
File name : output/SAINT/House_Prices_Nominal/logging/loss_1.txt . The file was saved
Log file exists at: output/SAINT/House_Prices_Nominal/logging/val_loss_1.txt
File name : output/SAINT/House_Prices_Nominal/logging/val_loss_1.txt . The file was saved
Saved Losses and Regularization
±±±±±±±±±±±±±±±±±±±±±±±±±±±±±±±±±±±±±±±±±±±±±±±±±±±±±±±±±±±±±±±±±±±±±±±±±±± 

B4 Evaluation
Number of classes : 8
Class label len :8
Class labels : [0, 1, 2, 3, 4, 5, 6, 7]
Unique y_true : 8
Unique train : 8

Prediction shape : (292,)
Probabilities shape : (292, 8) 

±±±±±±±±±±±±±±±±±±±±±±±±±±±±±±±±±±±±±±±±±±±±±±±±±±±±±±±±±±±±±±±±±±±±±±±±±±± 

IN SCORER EVAL
y_true classes: 8
Probabilities shape: (292, 8)
DONE IN SCORER EVAL
After Evaluation
{'Log Loss - mean': 0.993255, 'Log Loss - std': 0.0037650000000000183, 'AUC - mean': 0.9317553657895212, 'AUC - std': 0.005634685290805963, 'Accuracy - mean': 0.625, 'Accuracy - std': 0.005136986301369828, 'F1 score - mean': 0.6221633269987747, 'F1 score - std': 0.005670137386498908} 
 

Fold 3
num_features : 79
num_classes : 1
cat_idx : [0]
nominal_idx : [1, 6, 11]
ordinal_idx : [4, 5, 7, 8, 9, 10, 12, 13, 14, 15, 20, 21, 22, 23, 24, 26, 27, 28, 29, 30, 31, 32, 34, 38, 39, 40, 41, 52, 54, 56, 57, 59, 62, 63, 64, 71, 72, 73, 77, 78]
num_idx : None
cat_dims : [2]
bin_alt : None
~~~~~~~~~~~~~~~~~~~~~~~~~~~~~~~~~~~~~~~~~~~~~~~~~~~~~~~~~~~~~~~~~~~~~~~~~~~~~~~
BEFORE ANY ENCODING
num_features :79
num_classes : 1
cat_idx : [0]
nominal_idx : [1, 6, 11]
ordinal_idx : [4, 5, 7, 8, 9, 10, 12, 13, 14, 15, 20, 21, 22, 23, 24, 26, 27, 28, 29, 30, 31, 32, 34, 38, 39, 40, 41, 52, 54, 56, 57, 59, 62, 63, 64, 71, 72, 73, 77, 78]
num_idx : None
cat_dims : [2]
bin_alt : None 


X shape : (1168, 79)
~~~~~~~~~~~~~~~~~~~~~~~~~~~~~~~~~~~~~~~~~~~~~~~~~~~~~~~~~~~~~~~~~~~~~~~~~~~~~~~
~~~~~~~~~~~~~~~~~~~~~~~~~~~~~~~~~~~~~~~~~~~~~~~~~~~~~~~~~~~~~~~~~~~~~~~~~~~~~~~ 


AFTER SEPARATING CATEGORICALS AND NUMERICALS
Numerical Index V1 : [0, 2, 3, 16, 17, 18, 19, 25, 33, 35, 36, 37, 42, 43, 44, 45, 46, 47, 48, 49, 50, 51, 53, 55, 58, 60, 61, 65, 66, 67, 68, 69, 70, 74, 75, 76]
Cat Dims V1 : [3, 3, 5, 3, 6, 4, 10, 8, 6, 9, 7, 9, 16, 17, 4, 5, 6, 7, 5, 5, 5, 7, 7, 7, 6, 3, 6, 5, 8, 6, 7, 4, 6, 6, 4, 3, 5, 5, 10, 7]
Cat Idx V1 : [1, 4, 5, 6, 7, 8, 9, 10, 11, 12, 13, 14, 15, 20, 21, 22, 23, 24, 26, 27, 28, 29, 30, 31, 32, 34, 38, 39, 40, 41, 52, 54, 56, 57, 59, 62, 63, 64, 71, 72, 73, 77, 78] 
 

~~~~~~~~~~~~~~~~~~~~~~~~~~~~~~~~~~~~~~~~~~~~~~~~~~~~~~~~~~~~~~~~~~~~~~~~~~~~~~~ 


Scaling the data...
One Hot Encoding...
~~~~~~~~~~~~~~~~~~~~~~~~~~~~~~~~~~~~~~~~~~~~~~~~~~~~~~~~~~~~~~~~~~~~~~~~~~~~~~~
After OHE
Numerical Index V2 : [0, 2, 3, 16, 17, 18, 19, 25, 33, 35, 36, 37, 42, 43, 44, 45, 46, 47, 48, 49, 50, 51, 53, 55, 58, 60, 61, 65, 66, 67, 68, 69, 70, 74, 75, 76] 


OHE Idx : [40, 41, 42, 43, 44, 45, 46, 47, 48, 49, 50, 51, 52, 53, 54, 55, 56, 57, 58, 59, 60, 61, 62, 63, 64, 65, 66, 67, 68, 69, 70, 71, 72, 73]


Ordinal Idx V2: [0, 1, 2, 3, 4, 5, 6, 7, 8, 9, 10, 11, 12, 13, 14, 15, 16, 17, 18, 19, 20, 21, 22, 23, 24, 25, 26, 27, 28, 29, 30, 31, 32, 33, 34, 35, 36, 37, 38, 39]


Cat Dims V2 : [3, 3, 5, 3, 6, 4, 10, 8, 6, 9, 7, 9, 16, 17, 4, 5, 6, 7, 5, 5, 5, 7, 7, 7, 6, 3, 6, 5, 8, 6, 7, 4, 6, 6, 4, 3, 5, 5, 10, 7]
Cat Idx V2 : [0, 1, 2, 3, 4, 5, 6, 7, 8, 9, 10, 11, 12, 13, 14, 15, 16, 17, 18, 19, 20, 21, 22, 23, 24, 25, 26, 27, 28, 29, 30, 31, 32, 33, 34, 35, 36, 37, 38, 39] 
 

Train: [['Pave' 'None' 'Lvl' 'AllPub' 'Inside']
 ['Pave' 'None' 'Lvl' 'AllPub' 'FR2']
 ['Pave' 'None' 'Lvl' 'AllPub' 'Inside']
 ['Pave' 'None' 'Lvl' 'AllPub' 'Corner']
 ['Pave' 'None' 'Lvl' 'AllPub' 'FR2']
 ['Pave' 'None' 'Lvl' 'AllPub' 'Inside']
 ['Pave' 'None' 'Lvl' 'AllPub' 'Corner']
 ['Pave' 'None' 'Lvl' 'AllPub' 'Inside']
 ['Pave' 'None' 'Lvl' 'AllPub' 'Corner']
 ['Pave' 'None' 'Lvl' 'AllPub' 'Inside']] 
 
 
Val : (1168, 110) 
 

~~~~~~~~~~~~~~~~~~~~~~~~~~~~~~~~~~~~~~~~~~~~~~~~~~~~~~~~~~~~~~~~~~~~~~~~~~~~~~~
~~~~~~~~~~~~~~~~~~~~~~~~~~~~~~~~~~~~~~~~~~~~~~~~~~~~~~~~~~~~~~~~~~~~~~~~~~~~~~~
After ORDINAL
Numerical Index V2 : [0, 2, 3, 16, 17, 18, 19, 25, 33, 35, 36, 37, 42, 43, 44, 45, 46, 47, 48, 49, 50, 51, 53, 55, 58, 60, 61, 65, 66, 67, 68, 69, 70, 74, 75, 76] 


OHE Idx : [40, 41, 42, 43, 44, 45, 46, 47, 48, 49, 50, 51, 52, 53, 54, 55, 56, 57, 58, 59, 60, 61, 62, 63, 64, 65, 66, 67, 68, 69, 70, 71, 72, 73]


Ordinal Idx V2: [0, 1, 2, 3, 4, 5, 6, 7, 8, 9, 10, 11, 12, 13, 14, 15, 16, 17, 18, 19, 20, 21, 22, 23, 24, 25, 26, 27, 28, 29, 30, 31, 32, 33, 34, 35, 36, 37, 38, 39]


Cat Dims V2 : [3, 3, 5, 3, 6, 4, 10, 8, 6, 9, 7, 9, 16, 17, 4, 5, 6, 7, 5, 5, 5, 7, 7, 7, 6, 3, 6, 5, 8, 6, 7, 4, 6, 6, 4, 3, 5, 5, 10, 7]
Cat Idx V2 : [0, 1, 2, 3, 4, 5, 6, 7, 8, 9, 10, 11, 12, 13, 14, 15, 16, 17, 18, 19, 20, 21, 22, 23, 24, 25, 26, 27, 28, 29, 30, 31, 32, 33, 34, 35, 36, 37, 38, 39] 
 

Train: [[2 0 4 ... -0.0941079206995686 -1.5874135342477218 0.13744535892851478]
 [2 0 4 ... -0.0941079206995686 -0.48114920966458397 -0.6162456233646283]
 [2 0 4 ... -0.0941079206995686 0.9938698897795997 0.13744535892851478]
 ...
 [2 0 4 ... -0.0941079206995686 -0.8499039845256299 0.13744535892851478]
 [2 0 4 ... -0.0941079206995686 -1.9561683091087676 0.13744535892851478]
 [2 0 4 ... -0.0941079206995686 -1.5874135342477218 0.13744535892851478]] 
 
 
Val : (1168, 110) 
 

FINISHED ENCODING
~~~~~~~~~~~~~~~~~~~~~~~~~~~~~~~~~~~~~~~~~~~~~~~~~~~~~~~~~~~~~~~~~~~~~~~~~~~~~~~
Number of Classes B4 Bin Verifier: 8
Unique values in y_train: (array([0., 1., 2., 3., 4., 5., 6., 7.]), 8)
Unique values in y_test: (array([0., 1., 2., 3., 4., 5., 6., 7.]), 8)
No need to shift labels.
VERIFY SHIFT
Train after shift : [0 1 2 3 4 5 6 7], Length : 8
Test after shift : [0 1 2 3 4 5 6 7], Length : 8
Number of Classes After Bin Verifier: 8
In get_device
Using dim 8 and batch size 64
{'depth': 6, 'dim': 256, 'dropout': 0.8, 'heads': 2}
Epoch 0 loss 2.0319390296936035
Epoch 1 loss 1.9347925186157227
Epoch 2 loss 1.7959944009780884
Epoch 3 loss 1.569272756576538
Epoch 4 loss 1.4381630420684814
Epoch 5 loss 1.3613345623016357
Epoch 6 loss 1.1869103908538818
Epoch 7 loss 1.0593470335006714
Epoch 8 loss 1.1144850254058838
Epoch 9 loss 1.1172900199890137
Epoch 10 loss 1.037617564201355
Epoch 11 loss 1.0536057949066162
Epoch 12 loss 0.9415780305862427
Epoch 13 loss 0.9682033061981201
Epoch 14 loss 1.0014843940734863
Epoch 15 loss 0.9236394762992859
Epoch 16 loss 0.8776600956916809
Epoch 17 loss 1.0192086696624756
Epoch 18 loss 0.9943580627441406
Epoch 19 loss 1.1124587059020996
Epoch 20 loss 0.9038301706314087
Epoch 21 loss 0.9674540162086487
Epoch 22 loss 1.1384907960891724
Epoch 23 loss 1.0938822031021118
Epoch 24 loss 0.9205566048622131
Epoch 25 loss 0.9820713996887207
Epoch 26 loss 1.215536117553711
Epoch 27 loss 1.0582704544067383
Epoch 28 loss 1.1818909645080566
Epoch 29 loss 1.0312297344207764
Epoch 30 loss 1.060139536857605
Epoch 31 loss 0.973949134349823
Epoch 32 loss 1.0545130968093872
Epoch 33 loss 1.1177103519439697
Epoch 34 loss 1.0419583320617676
Epoch 35 loss 1.185606598854065
Epoch 36 loss 1.0144884586334229
Epoch 37 loss 0.9808715581893921
Validation loss has not improved for 20 steps!
Early stopping applies.
State of save is True b4 loss saving
Log file exists at: output/SAINT/House_Prices_Nominal/logging/loss_2.txt
File name : output/SAINT/House_Prices_Nominal/logging/loss_2.txt . The file was saved
Log file exists at: output/SAINT/House_Prices_Nominal/logging/val_loss_2.txt
File name : output/SAINT/House_Prices_Nominal/logging/val_loss_2.txt . The file was saved
Saved Losses and Regularization
±±±±±±±±±±±±±±±±±±±±±±±±±±±±±±±±±±±±±±±±±±±±±±±±±±±±±±±±±±±±±±±±±±±±±±±±±±± 

B4 Evaluation
Number of classes : 8
Class label len :8
Class labels : [0, 1, 2, 3, 4, 5, 6, 7]
Unique y_true : 8
Unique train : 8

Prediction shape : (292,)
Probabilities shape : (292, 8) 

±±±±±±±±±±±±±±±±±±±±±±±±±±±±±±±±±±±±±±±±±±±±±±±±±±±±±±±±±±±±±±±±±±±±±±±±±±± 

IN SCORER EVAL
y_true classes: 8
Probabilities shape: (292, 8)
DONE IN SCORER EVAL
After Evaluation
{'Log Loss - mean': 0.9905233333333333, 'Log Loss - std': 0.004937018893578946, 'AUC - mean': 0.9315343606534837, 'AUC - std': 0.004611305537255867, 'Accuracy - mean': 0.615296803652968, 'Accuracy - std': 0.014349092568466334, 'F1 score - mean': 0.6094605670881318, 'F1 score - std': 0.018551384243484122} 
 

Fold 4
num_features : 79
num_classes : 1
cat_idx : [0]
nominal_idx : [1, 6, 11]
ordinal_idx : [4, 5, 7, 8, 9, 10, 12, 13, 14, 15, 20, 21, 22, 23, 24, 26, 27, 28, 29, 30, 31, 32, 34, 38, 39, 40, 41, 52, 54, 56, 57, 59, 62, 63, 64, 71, 72, 73, 77, 78]
num_idx : None
cat_dims : [2]
bin_alt : None
~~~~~~~~~~~~~~~~~~~~~~~~~~~~~~~~~~~~~~~~~~~~~~~~~~~~~~~~~~~~~~~~~~~~~~~~~~~~~~~
BEFORE ANY ENCODING
num_features :79
num_classes : 1
cat_idx : [0]
nominal_idx : [1, 6, 11]
ordinal_idx : [4, 5, 7, 8, 9, 10, 12, 13, 14, 15, 20, 21, 22, 23, 24, 26, 27, 28, 29, 30, 31, 32, 34, 38, 39, 40, 41, 52, 54, 56, 57, 59, 62, 63, 64, 71, 72, 73, 77, 78]
num_idx : None
cat_dims : [2]
bin_alt : None 


X shape : (1168, 79)
~~~~~~~~~~~~~~~~~~~~~~~~~~~~~~~~~~~~~~~~~~~~~~~~~~~~~~~~~~~~~~~~~~~~~~~~~~~~~~~
~~~~~~~~~~~~~~~~~~~~~~~~~~~~~~~~~~~~~~~~~~~~~~~~~~~~~~~~~~~~~~~~~~~~~~~~~~~~~~~ 


AFTER SEPARATING CATEGORICALS AND NUMERICALS
Numerical Index V1 : [0, 2, 3, 16, 17, 18, 19, 25, 33, 35, 36, 37, 42, 43, 44, 45, 46, 47, 48, 49, 50, 51, 53, 55, 58, 60, 61, 65, 66, 67, 68, 69, 70, 74, 75, 76]
Cat Dims V1 : [3, 3, 5, 3, 6, 4, 10, 8, 6, 9, 7, 9, 15, 16, 4, 5, 6, 7, 5, 5, 5, 7, 7, 7, 5, 3, 5, 5, 7, 6, 7, 4, 6, 6, 4, 4, 5, 5, 10, 7]
Cat Idx V1 : [1, 4, 5, 6, 7, 8, 9, 10, 11, 12, 13, 14, 15, 20, 21, 22, 23, 24, 26, 27, 28, 29, 30, 31, 32, 34, 38, 39, 40, 41, 52, 54, 56, 57, 59, 62, 63, 64, 71, 72, 73, 77, 78] 
 

~~~~~~~~~~~~~~~~~~~~~~~~~~~~~~~~~~~~~~~~~~~~~~~~~~~~~~~~~~~~~~~~~~~~~~~~~~~~~~~ 


Scaling the data...
One Hot Encoding...
~~~~~~~~~~~~~~~~~~~~~~~~~~~~~~~~~~~~~~~~~~~~~~~~~~~~~~~~~~~~~~~~~~~~~~~~~~~~~~~
After OHE
Numerical Index V2 : [0, 2, 3, 16, 17, 18, 19, 25, 33, 35, 36, 37, 42, 43, 44, 45, 46, 47, 48, 49, 50, 51, 53, 55, 58, 60, 61, 65, 66, 67, 68, 69, 70, 74, 75, 76] 


OHE Idx : [40, 41, 42, 43, 44, 45, 46, 47, 48, 49, 50, 51, 52, 53, 54, 55, 56, 57, 58, 59, 60, 61, 62, 63, 64, 65, 66, 67, 68, 69, 70, 71, 72, 73]


Ordinal Idx V2: [0, 1, 2, 3, 4, 5, 6, 7, 8, 9, 10, 11, 12, 13, 14, 15, 16, 17, 18, 19, 20, 21, 22, 23, 24, 25, 26, 27, 28, 29, 30, 31, 32, 33, 34, 35, 36, 37, 38, 39]


Cat Dims V2 : [3, 3, 5, 3, 6, 4, 10, 8, 6, 9, 7, 9, 15, 16, 4, 5, 6, 7, 5, 5, 5, 7, 7, 7, 5, 3, 5, 5, 7, 6, 7, 4, 6, 6, 4, 4, 5, 5, 10, 7]
Cat Idx V2 : [0, 1, 2, 3, 4, 5, 6, 7, 8, 9, 10, 11, 12, 13, 14, 15, 16, 17, 18, 19, 20, 21, 22, 23, 24, 25, 26, 27, 28, 29, 30, 31, 32, 33, 34, 35, 36, 37, 38, 39] 
 

Train: [['Pave' 'None' 'Lvl' 'AllPub' 'Inside']
 ['Pave' 'None' 'Lvl' 'AllPub' 'FR2']
 ['Pave' 'None' 'Lvl' 'AllPub' 'Inside']
 ['Pave' 'None' 'Lvl' 'AllPub' 'Corner']
 ['Pave' 'None' 'Lvl' 'AllPub' 'FR2']
 ['Pave' 'None' 'Lvl' 'AllPub' 'Inside']
 ['Pave' 'None' 'Lvl' 'AllPub' 'Inside']
 ['Pave' 'None' 'Lvl' 'AllPub' 'Corner']
 ['Pave' 'None' 'Lvl' 'AllPub' 'Inside']
 ['Pave' 'None' 'Lvl' 'AllPub' 'Inside']] 
 
 
Val : (1168, 110) 
 

~~~~~~~~~~~~~~~~~~~~~~~~~~~~~~~~~~~~~~~~~~~~~~~~~~~~~~~~~~~~~~~~~~~~~~~~~~~~~~~
~~~~~~~~~~~~~~~~~~~~~~~~~~~~~~~~~~~~~~~~~~~~~~~~~~~~~~~~~~~~~~~~~~~~~~~~~~~~~~~
After ORDINAL
Numerical Index V2 : [0, 2, 3, 16, 17, 18, 19, 25, 33, 35, 36, 37, 42, 43, 44, 45, 46, 47, 48, 49, 50, 51, 53, 55, 58, 60, 61, 65, 66, 67, 68, 69, 70, 74, 75, 76] 


OHE Idx : [40, 41, 42, 43, 44, 45, 46, 47, 48, 49, 50, 51, 52, 53, 54, 55, 56, 57, 58, 59, 60, 61, 62, 63, 64, 65, 66, 67, 68, 69, 70, 71, 72, 73]


Ordinal Idx V2: [0, 1, 2, 3, 4, 5, 6, 7, 8, 9, 10, 11, 12, 13, 14, 15, 16, 17, 18, 19, 20, 21, 22, 23, 24, 25, 26, 27, 28, 29, 30, 31, 32, 33, 34, 35, 36, 37, 38, 39]


Cat Dims V2 : [3, 3, 5, 3, 6, 4, 10, 8, 6, 9, 7, 9, 15, 16, 4, 5, 6, 7, 5, 5, 5, 7, 7, 7, 5, 3, 5, 5, 7, 6, 7, 4, 6, 6, 4, 4, 5, 5, 10, 7]
Cat Idx V2 : [0, 1, 2, 3, 4, 5, 6, 7, 8, 9, 10, 11, 12, 13, 14, 15, 16, 17, 18, 19, 20, 21, 22, 23, 24, 25, 26, 27, 28, 29, 30, 31, 32, 33, 34, 35, 36, 37, 38, 39] 
 

Train: [[2 0 4 ... -0.08629838735429034 -1.602306212589185 0.12515378534790741]
 [2 0 4 ... -0.08629838735429034 -0.49206674869507705 -0.6244852981715446]
 [2 0 4 ... -0.08629838735429034 0.9882525364970667 0.12515378534790741]
 ...
 [2 0 4 ... 0.5549707577802916 1.7284121790931386 0.8747928688673595]
 [2 0 4 ... -0.08629838735429034 -0.862146569993113 0.12515378534790741]
 [2 0 4 ... -0.08629838735429034 -1.602306212589185 0.12515378534790741]] 
 
 
Val : (1168, 110) 
 

FINISHED ENCODING
~~~~~~~~~~~~~~~~~~~~~~~~~~~~~~~~~~~~~~~~~~~~~~~~~~~~~~~~~~~~~~~~~~~~~~~~~~~~~~~
Number of Classes B4 Bin Verifier: 8
Unique values in y_train: (array([0., 1., 2., 3., 4., 5., 6., 7.]), 8)
Unique values in y_test: (array([0., 1., 2., 3., 4., 5., 6., 7.]), 8)
No need to shift labels.
VERIFY SHIFT
Train after shift : [0 1 2 3 4 5 6 7], Length : 8
Test after shift : [0 1 2 3 4 5 6 7], Length : 8
Number of Classes After Bin Verifier: 8
In get_device
Using dim 8 and batch size 64
{'depth': 6, 'dim': 256, 'dropout': 0.8, 'heads': 2}
Epoch 0 loss 2.0014936923980713
Epoch 1 loss 1.8122587203979492
Epoch 2 loss 1.6263341903686523
Epoch 3 loss 1.4497753381729126
Epoch 4 loss 1.2867448329925537
Epoch 5 loss 1.2903414964675903
Epoch 6 loss 1.1835486888885498
Epoch 7 loss 1.2357274293899536
Epoch 8 loss 1.2499797344207764
Epoch 9 loss 1.0715532302856445
Epoch 10 loss 1.11793053150177
Epoch 11 loss 1.0588111877441406
Epoch 12 loss 1.1473208665847778
Epoch 13 loss 1.038047194480896
Epoch 14 loss 1.0551838874816895
Epoch 15 loss 0.9983155131340027
Epoch 16 loss 0.8992340564727783
Epoch 17 loss 1.0658677816390991
Epoch 18 loss 0.9814525842666626
Epoch 19 loss 0.9785892963409424
Epoch 20 loss 1.016617774963379
Epoch 21 loss 0.9201430678367615
Epoch 22 loss 0.9198139309883118
Epoch 23 loss 0.9836152791976929
Epoch 24 loss 0.9264332056045532
Epoch 25 loss 0.9194936752319336
Epoch 26 loss 0.9284367561340332
Epoch 27 loss 0.9050443172454834
Epoch 28 loss 0.9912980794906616
Epoch 29 loss 0.8933396339416504
Epoch 30 loss 0.8164292573928833
Epoch 31 loss 0.9307657480239868
Epoch 32 loss 0.988480806350708
Epoch 33 loss 0.7634897828102112
Epoch 34 loss 0.8439595699310303
Epoch 35 loss 0.9587327241897583
Epoch 36 loss 0.9065567255020142
Epoch 37 loss 1.0339323282241821
Epoch 38 loss 1.1232054233551025
Epoch 39 loss 1.192502498626709
Epoch 40 loss 1.1248887777328491
Epoch 41 loss 1.0726344585418701
Epoch 42 loss 1.0154457092285156
Epoch 43 loss 1.0583213567733765
Epoch 44 loss 1.372727632522583
Epoch 45 loss 1.0110224485397339
Epoch 46 loss 1.0829036235809326
Epoch 47 loss 0.9949755668640137
Epoch 48 loss 0.954985499382019
Epoch 49 loss 1.1522233486175537
Epoch 50 loss 0.9726280570030212
Epoch 51 loss 0.9259812831878662
Epoch 52 loss 1.1031475067138672
Epoch 53 loss 1.185397744178772
Epoch 54 loss 0.9635432362556458
Validation loss has not improved for 20 steps!
Early stopping applies.
State of save is True b4 loss saving
Log file exists at: output/SAINT/House_Prices_Nominal/logging/loss_3.txt
File name : output/SAINT/House_Prices_Nominal/logging/loss_3.txt . The file was saved
Log file exists at: output/SAINT/House_Prices_Nominal/logging/val_loss_3.txt
File name : output/SAINT/House_Prices_Nominal/logging/val_loss_3.txt . The file was saved
Saved Losses and Regularization
±±±±±±±±±±±±±±±±±±±±±±±±±±±±±±±±±±±±±±±±±±±±±±±±±±±±±±±±±±±±±±±±±±±±±±±±±±± 

B4 Evaluation
Number of classes : 8
Class label len :8
Class labels : [0, 1, 2, 3, 4, 5, 6, 7]
Unique y_true : 8
Unique train : 8

Prediction shape : (292,)
Probabilities shape : (292, 8) 

±±±±±±±±±±±±±±±±±±±±±±±±±±±±±±±±±±±±±±±±±±±±±±±±±±±±±±±±±±±±±±±±±±±±±±±±±±± 

IN SCORER EVAL
y_true classes: 8
Probabilities shape: (292, 8)
DONE IN SCORER EVAL
After Evaluation
{'Log Loss - mean': 0.9799325, 'Log Loss - std': 0.018835548007690144, 'AUC - mean': 0.9337901619808799, 'AUC - std': 0.005586951132280716, 'Accuracy - mean': 0.6198630136986301, 'Accuracy - std': 0.014730009018908575, 'F1 score - mean': 0.6147357566209064, 'F1 score - std': 0.018482377196457428} 
 

Fold 5
num_features : 79
num_classes : 1
cat_idx : [0]
nominal_idx : [1, 6, 11]
ordinal_idx : [4, 5, 7, 8, 9, 10, 12, 13, 14, 15, 20, 21, 22, 23, 24, 26, 27, 28, 29, 30, 31, 32, 34, 38, 39, 40, 41, 52, 54, 56, 57, 59, 62, 63, 64, 71, 72, 73, 77, 78]
num_idx : None
cat_dims : [2]
bin_alt : None
~~~~~~~~~~~~~~~~~~~~~~~~~~~~~~~~~~~~~~~~~~~~~~~~~~~~~~~~~~~~~~~~~~~~~~~~~~~~~~~
BEFORE ANY ENCODING
num_features :79
num_classes : 1
cat_idx : [0]
nominal_idx : [1, 6, 11]
ordinal_idx : [4, 5, 7, 8, 9, 10, 12, 13, 14, 15, 20, 21, 22, 23, 24, 26, 27, 28, 29, 30, 31, 32, 34, 38, 39, 40, 41, 52, 54, 56, 57, 59, 62, 63, 64, 71, 72, 73, 77, 78]
num_idx : None
cat_dims : [2]
bin_alt : None 


X shape : (1168, 79)
~~~~~~~~~~~~~~~~~~~~~~~~~~~~~~~~~~~~~~~~~~~~~~~~~~~~~~~~~~~~~~~~~~~~~~~~~~~~~~~
~~~~~~~~~~~~~~~~~~~~~~~~~~~~~~~~~~~~~~~~~~~~~~~~~~~~~~~~~~~~~~~~~~~~~~~~~~~~~~~ 


AFTER SEPARATING CATEGORICALS AND NUMERICALS
Numerical Index V1 : [0, 2, 3, 16, 17, 18, 19, 25, 33, 35, 36, 37, 42, 43, 44, 45, 46, 47, 48, 49, 50, 51, 53, 55, 58, 60, 61, 65, 66, 67, 68, 69, 70, 74, 75, 76]
Cat Dims V1 : [3, 3, 5, 2, 6, 4, 10, 8, 6, 9, 7, 8, 16, 17, 4, 5, 6, 7, 5, 5, 5, 7, 7, 7, 6, 3, 6, 5, 8, 6, 7, 4, 6, 6, 4, 4, 5, 3, 10, 7]
Cat Idx V1 : [1, 4, 5, 6, 7, 8, 9, 10, 11, 12, 13, 14, 15, 20, 21, 22, 23, 24, 26, 27, 28, 29, 30, 31, 32, 34, 38, 39, 40, 41, 52, 54, 56, 57, 59, 62, 63, 64, 71, 72, 73, 77, 78] 
 

~~~~~~~~~~~~~~~~~~~~~~~~~~~~~~~~~~~~~~~~~~~~~~~~~~~~~~~~~~~~~~~~~~~~~~~~~~~~~~~ 


Scaling the data...
One Hot Encoding...
~~~~~~~~~~~~~~~~~~~~~~~~~~~~~~~~~~~~~~~~~~~~~~~~~~~~~~~~~~~~~~~~~~~~~~~~~~~~~~~
After OHE
Numerical Index V2 : [0, 2, 3, 16, 17, 18, 19, 25, 33, 35, 36, 37, 42, 43, 44, 45, 46, 47, 48, 49, 50, 51, 53, 55, 58, 60, 61, 65, 66, 67, 68, 69, 70, 74, 75, 76] 


OHE Idx : [40, 41, 42, 43, 44, 45, 46, 47, 48, 49, 50, 51, 52, 53, 54, 55, 56, 57, 58, 59, 60, 61, 62, 63, 64, 65, 66, 67, 68, 69, 70, 71, 72]


Ordinal Idx V2: [0, 1, 2, 3, 4, 5, 6, 7, 8, 9, 10, 11, 12, 13, 14, 15, 16, 17, 18, 19, 20, 21, 22, 23, 24, 25, 26, 27, 28, 29, 30, 31, 32, 33, 34, 35, 36, 37, 38, 39]


Cat Dims V2 : [3, 3, 5, 2, 6, 4, 10, 8, 6, 9, 7, 8, 16, 17, 4, 5, 6, 7, 5, 5, 5, 7, 7, 7, 6, 3, 6, 5, 8, 6, 7, 4, 6, 6, 4, 4, 5, 3, 10, 7]
Cat Idx V2 : [0, 1, 2, 3, 4, 5, 6, 7, 8, 9, 10, 11, 12, 13, 14, 15, 16, 17, 18, 19, 20, 21, 22, 23, 24, 25, 26, 27, 28, 29, 30, 31, 32, 33, 34, 35, 36, 37, 38, 39] 
 

Train: [['Pave' 'None' 'Lvl' 'AllPub' 'Inside']
 ['Pave' 'None' 'Lvl' 'AllPub' 'Corner']
 ['Pave' 'None' 'Lvl' 'AllPub' 'FR2']
 ['Pave' 'None' 'Lvl' 'AllPub' 'Inside']
 ['Pave' 'None' 'Lvl' 'AllPub' 'Corner']
 ['Pave' 'None' 'Lvl' 'AllPub' 'Inside']
 ['Pave' 'None' 'Lvl' 'AllPub' 'Corner']
 ['Pave' 'None' 'Lvl' 'AllPub' 'Inside']
 ['Pave' 'None' 'Lvl' 'AllPub' 'Inside']
 ['Pave' 'None' 'Lvl' 'AllPub' 'Inside']] 
 
 
Val : (1168, 109) 
 

~~~~~~~~~~~~~~~~~~~~~~~~~~~~~~~~~~~~~~~~~~~~~~~~~~~~~~~~~~~~~~~~~~~~~~~~~~~~~~~
~~~~~~~~~~~~~~~~~~~~~~~~~~~~~~~~~~~~~~~~~~~~~~~~~~~~~~~~~~~~~~~~~~~~~~~~~~~~~~~
After ORDINAL
Numerical Index V2 : [0, 2, 3, 16, 17, 18, 19, 25, 33, 35, 36, 37, 42, 43, 44, 45, 46, 47, 48, 49, 50, 51, 53, 55, 58, 60, 61, 65, 66, 67, 68, 69, 70, 74, 75, 76] 


OHE Idx : [40, 41, 42, 43, 44, 45, 46, 47, 48, 49, 50, 51, 52, 53, 54, 55, 56, 57, 58, 59, 60, 61, 62, 63, 64, 65, 66, 67, 68, 69, 70, 71, 72]


Ordinal Idx V2: [0, 1, 2, 3, 4, 5, 6, 7, 8, 9, 10, 11, 12, 13, 14, 15, 16, 17, 18, 19, 20, 21, 22, 23, 24, 25, 26, 27, 28, 29, 30, 31, 32, 33, 34, 35, 36, 37, 38, 39]


Cat Dims V2 : [3, 3, 5, 2, 6, 4, 10, 8, 6, 9, 7, 8, 16, 17, 4, 5, 6, 7, 5, 5, 5, 7, 7, 7, 6, 3, 6, 5, 8, 6, 7, 4, 6, 6, 4, 4, 5, 3, 10, 7]
Cat Idx V2 : [0, 1, 2, 3, 4, 5, 6, 7, 8, 9, 10, 11, 12, 13, 14, 15, 16, 17, 18, 19, 20, 21, 22, 23, 24, 25, 26, 27, 28, 29, 30, 31, 32, 33, 34, 35, 36, 37, 38, 39] 
 

Train: [[2 0 4 ... -0.139514558791527 0.9763334711966383 0.148179267290661]
 [2 0 4 ... -0.139514558791527 -1.6036608599293196 -1.3568066822346665]
 [2 0 4 ... -0.139514558791527 2.0820453273934776 0.148179267290661]
 ...
 [2 0 4 ... -0.139514558791527 -1.6036608599293196 0.148179267290661]
 [2 0 4 ... -0.139514558791527 0.23919223373207887 -1.3568066822346665]
 [2 0 4 ... -0.139514558791527 0.9763334711966383 0.148179267290661]] 
 
 
Val : (1168, 109) 
 

FINISHED ENCODING
~~~~~~~~~~~~~~~~~~~~~~~~~~~~~~~~~~~~~~~~~~~~~~~~~~~~~~~~~~~~~~~~~~~~~~~~~~~~~~~
Number of Classes B4 Bin Verifier: 8
Unique values in y_train: (array([0., 1., 2., 3., 4., 5., 6., 7.]), 8)
Unique values in y_test: (array([0., 1., 2., 3., 4., 5., 6., 7.]), 8)
No need to shift labels.
VERIFY SHIFT
Train after shift : [0 1 2 3 4 5 6 7], Length : 8
Test after shift : [0 1 2 3 4 5 6 7], Length : 8
Number of Classes After Bin Verifier: 8
In get_device
Using dim 8 and batch size 64
{'depth': 6, 'dim': 256, 'dropout': 0.8, 'heads': 2}
Epoch 0 loss 2.037536859512329
Epoch 1 loss 1.8329136371612549
Epoch 2 loss 1.7531840801239014
Epoch 3 loss 1.5690932273864746
Epoch 4 loss 1.4125877618789673
Epoch 5 loss 1.2910261154174805
Epoch 6 loss 1.3233393430709839
Epoch 7 loss 1.163777470588684
Epoch 8 loss 1.1254125833511353
Epoch 9 loss 1.060227632522583
Epoch 10 loss 1.0894113779067993
Epoch 11 loss 1.0720832347869873
Epoch 12 loss 0.980894923210144
Epoch 13 loss 1.1627197265625
Epoch 14 loss 1.0816621780395508
Epoch 15 loss 0.9207152128219604
Epoch 16 loss 0.9571453332901001
Epoch 17 loss 1.1285592317581177
Epoch 18 loss 1.0629686117172241
Epoch 19 loss 1.0043244361877441
Epoch 20 loss 0.9520432949066162
Epoch 21 loss 1.0252214670181274
Epoch 22 loss 1.0991275310516357
Epoch 23 loss 0.8738583922386169
Epoch 24 loss 0.9035688638687134
Epoch 25 loss 1.1031360626220703
Epoch 26 loss 1.084897756576538
Epoch 27 loss 0.9765794277191162
Epoch 28 loss 0.8245248198509216
Epoch 29 loss 0.9877718687057495
Epoch 30 loss 0.9885849952697754
Epoch 31 loss 1.125110149383545
Epoch 32 loss 1.0293340682983398
Epoch 33 loss 1.1387282609939575
Epoch 34 loss 1.0484182834625244
Epoch 35 loss 0.9949220418930054
Epoch 36 loss 1.2233762741088867
Epoch 37 loss 1.0318483114242554
Epoch 38 loss 0.9624441862106323
Epoch 39 loss 1.0583668947219849
Epoch 40 loss 1.1949882507324219
Epoch 41 loss 0.9878822565078735
Epoch 42 loss 1.036491870880127
Epoch 43 loss 1.1126210689544678
Epoch 44 loss 1.1275955438613892
Epoch 45 loss 1.1411452293395996
Epoch 46 loss 1.0284005403518677
Epoch 47 loss 1.2300844192504883
Epoch 48 loss 1.1167072057724
Epoch 49 loss 0.9764916300773621
Validation loss has not improved for 20 steps!
Early stopping applies.
State of save is True b4 loss saving
Log file exists at: output/SAINT/House_Prices_Nominal/logging/loss_4.txt
File name : output/SAINT/House_Prices_Nominal/logging/loss_4.txt . The file was saved
Log file exists at: output/SAINT/House_Prices_Nominal/logging/val_loss_4.txt
File name : output/SAINT/House_Prices_Nominal/logging/val_loss_4.txt . The file was saved
Saved Losses and Regularization
±±±±±±±±±±±±±±±±±±±±±±±±±±±±±±±±±±±±±±±±±±±±±±±±±±±±±±±±±±±±±±±±±±±±±±±±±±± 

B4 Evaluation
Number of classes : 8
Class label len :8
Class labels : [0, 1, 2, 3, 4, 5, 6, 7]
Unique y_true : 8
Unique train : 8

Prediction shape : (292,)
Probabilities shape : (292, 8) 

±±±±±±±±±±±±±±±±±±±±±±±±±±±±±±±±±±±±±±±±±±±±±±±±±±±±±±±±±±±±±±±±±±±±±±±±±±± 

IN SCORER EVAL
y_true classes: 8
Probabilities shape: (292, 8)
DONE IN SCORER EVAL
After Evaluation
{'Log Loss - mean': 0.984802, 'Log Loss - std': 0.019459455696396045, 'AUC - mean': 0.9328715507773284, 'AUC - std': 0.005324152940774306, 'Accuracy - mean': 0.6191780821917808, 'Accuracy - std': 0.01324594493548882, 'F1 score - mean': 0.6130522814408239, 'F1 score - std': 0.016870535504053208} 
 

Saving model.....
Results After CV: {'Log Loss - mean': 0.984802, 'Log Loss - std': 0.019459455696396045, 'AUC - mean': 0.9328715507773284, 'AUC - std': 0.005324152940774306, 'Accuracy - mean': 0.6191780821917808, 'Accuracy - std': 0.01324594493548882, 'F1 score - mean': 0.6130522814408239, 'F1 score - std': 0.016870535504053208}
Train time: 181.34830634160002
Inference time: 0.2048239439999918
Finished cross validation
Loss path :output/SAINT/House_Prices_Nominal/logging/
Plots saved successfully!
{'Log Loss - mean': 0.984802, 'Log Loss - std': 0.019459455696396045, 'AUC - mean': 0.9328715507773284, 'AUC - std': 0.005324152940774306, 'Accuracy - mean': 0.6191780821917808, 'Accuracy - std': 0.01324594493548882, 'F1 score - mean': 0.6130522814408239, 'F1 score - std': 0.016870535504053208}
(181.34830634160002, 0.2048239439999918)


----------------------------------------------------------------------------
Training VIME Vesion 1 with Dataset: config/house_sales.yml 



----------------------------------------------------------------------------
Namespace(batch_size=128, bin_alt=None, cat_dims=[2], cat_idx=[0], config='config/house_sales.yml', data_parallel=False, dataset='House_Sales', direction='maximize', dropna_idx=[0], early_stopping_rounds=20, epochs=100, frequency_reg=False, gpu_ids=[0, 1], logging_period=100, miss_cat_idx=None, miss_num_idx=None, model_name='SAINT', n_trials=100, nominal_idx=[14], num_bins=10, num_classes=1, num_features=21, num_idx=None, num_splits=5, objective='probabilistic_regression', one_hot_encode=True, optimize_hyperparameters=False, ordinal_encode=False, ordinal_idx=None, scale=True, seed=221, shuffle=True, target_encode=False, use_gpu=True, val_batch_size=256, y_distribution='skewed')
Train model with given hyperparameters
Loading dataset House_Sales...
Dataset loaded! 

(21613, 21)
I am in Main Once
In get_device
Using dim 64 and batch size 128
Almost Cross Validating
Fold 1
num_features : 21
num_classes : 1
cat_idx : [0]
nominal_idx : [13]
ordinal_idx : None
num_idx : None
cat_dims : [2]
bin_alt : None
~~~~~~~~~~~~~~~~~~~~~~~~~~~~~~~~~~~~~~~~~~~~~~~~~~~~~~~~~~~~~~~~~~~~~~~~~~~~~~~
BEFORE ANY ENCODING
num_features :21
num_classes : 1
cat_idx : [0]
nominal_idx : [13]
ordinal_idx : None
num_idx : None
cat_dims : [2]
bin_alt : None 


X shape : (17290, 21)
~~~~~~~~~~~~~~~~~~~~~~~~~~~~~~~~~~~~~~~~~~~~~~~~~~~~~~~~~~~~~~~~~~~~~~~~~~~~~~~
~~~~~~~~~~~~~~~~~~~~~~~~~~~~~~~~~~~~~~~~~~~~~~~~~~~~~~~~~~~~~~~~~~~~~~~~~~~~~~~ 


AFTER SEPARATING CATEGORICALS AND NUMERICALS
Numerical Index V1 : [0, 1, 2, 3, 4, 5, 6, 7, 8, 9, 10, 11, 12, 14, 15, 16, 17, 18, 19, 20]
Cat Dims V1 : []
Cat Idx V1 : [13] 
 

~~~~~~~~~~~~~~~~~~~~~~~~~~~~~~~~~~~~~~~~~~~~~~~~~~~~~~~~~~~~~~~~~~~~~~~~~~~~~~~ 


Scaling the data...
One Hot Encoding...
~~~~~~~~~~~~~~~~~~~~~~~~~~~~~~~~~~~~~~~~~~~~~~~~~~~~~~~~~~~~~~~~~~~~~~~~~~~~~~~
After OHE
Numerical Index V2 : [0, 1, 2, 3, 4, 5, 6, 7, 8, 9, 10, 11, 12, 14, 15, 16, 17, 18, 19, 20] 


OHE Idx : [0, 1, 2, 3, 4, 5, 6, 7, 8, 9, 10, 11, 12, 13, 14, 15, 16, 17, 18, 19, 20, 21, 22, 23, 24, 25, 26, 27, 28, 29, 30, 31, 32, 33, 34, 35, 36, 37, 38, 39, 40, 41, 42, 43, 44, 45, 46, 47, 48, 49, 50, 51, 52, 53, 54, 55, 56, 57, 58, 59, 60, 61, 62, 63, 64, 65, 66, 67, 68, 69]


Ordinal Idx V2: None


Cat Dims V2 : []
Cat Idx V2 : None 
 

Train: [[0. 0. 0. 0. 0.]
 [0. 0. 0. 0. 0.]
 [0. 0. 0. 0. 0.]
 [0. 0. 0. 0. 0.]
 [0. 0. 0. 0. 0.]
 [0. 0. 1. 0. 0.]
 [0. 0. 0. 0. 0.]
 [0. 0. 0. 0. 0.]
 [0. 0. 0. 0. 0.]
 [0. 0. 0. 0. 0.]] 
 
 
Val : (17290, 90) 
 

~~~~~~~~~~~~~~~~~~~~~~~~~~~~~~~~~~~~~~~~~~~~~~~~~~~~~~~~~~~~~~~~~~~~~~~~~~~~~~~
~~~~~~~~~~~~~~~~~~~~~~~~~~~~~~~~~~~~~~~~~~~~~~~~~~~~~~~~~~~~~~~~~~~~~~~~~~~~~~~
After ORDINAL
Numerical Index V2 : [0, 1, 2, 3, 4, 5, 6, 7, 8, 9, 10, 11, 12, 14, 15, 16, 17, 18, 19, 20] 


OHE Idx : [0, 1, 2, 3, 4, 5, 6, 7, 8, 9, 10, 11, 12, 13, 14, 15, 16, 17, 18, 19, 20, 21, 22, 23, 24, 25, 26, 27, 28, 29, 30, 31, 32, 33, 34, 35, 36, 37, 38, 39, 40, 41, 42, 43, 44, 45, 46, 47, 48, 49, 50, 51, 52, 53, 54, 55, 56, 57, 58, 59, 60, 61, 62, 63, 64, 65, 66, 67, 68, 69]


Ordinal Idx V2: None


Cat Dims V2 : []
Cat Idx V2 : None 
 

Train: [[ 0.          0.          0.          0.          0.          0.
   0.          0.          0.          0.          0.          0.
   0.          0.          0.          0.          0.          0.
   0.          0.          0.          0.          0.          0.
   0.          0.          0.          0.          0.          0.
   0.          0.          0.          0.          0.          0.
   0.          0.          0.          0.          0.          0.
   0.          0.          0.          0.          0.          0.
   0.          0.          0.          0.          0.          0.
   0.          0.          0.          0.          0.          0.
   0.          0.          0.          0.          0.          0.
   1.          0.          0.          0.         -0.3947275  -1.43868499
  -0.97562257 -0.22635649 -0.91101164 -0.08969788 -0.30794673 -0.63260734
  -0.55213581 -0.73157015 -0.65849042 -0.53844893 -0.2111493  -0.35633908
  -0.30229791 -0.94097085 -0.26202697 -0.69194575  1.10260759 -0.31933766]
 [ 0.          0.          0.          0.          0.          0.
   0.          0.          0.          0.          0.          0.
   0.          0.          0.          0.          0.          0.
   0.          0.          0.          0.          0.          0.
   0.          0.          0.          0.          0.          0.
   0.          0.          0.          0.          0.          0.
   0.          0.          0.          0.          0.          0.
   0.          0.          0.          0.          0.          0.
   0.          0.          0.          0.          0.          0.
   0.          1.          0.          0.          0.          0.
   0.          0.          0.          0.          0.          0.
   0.          0.          0.          0.         -0.3947275   0.18260889
   0.53685987 -0.18786591  0.94460375 -0.08969788 -0.30794673 -0.63260734
  -0.55213581  0.46756773  0.24158981 -0.67496901  4.7231026   1.15996359
  -0.74230143 -0.43016988 -0.18783684 -0.69194575  1.7441072  -0.78340423]
 [ 0.          0.          0.          0.          0.          0.
   0.          0.          0.          0.          0.          0.
   0.          0.          0.          0.          0.          0.
   0.          0.          0.          0.          0.          0.
   0.          0.          0.          0.          0.          0.
   0.          0.          0.          0.          0.          0.
   0.          0.          0.          0.          0.          0.
   0.          0.          0.          0.          0.          0.
   0.          0.          0.          0.          0.          0.
   0.          0.          0.          0.          1.          0.
   0.          0.          0.          0.          0.          0.
   0.          0.          0.          0.          0.67633942  1.15538522
  -0.12689142 -0.24207186 -0.91101164 -0.08969788 -0.30794673  2.43033886
  -0.55213581 -0.8890327   1.38919211 -0.19714873 -0.2111493  -0.28695631
  -1.26746693 -0.91178223 -0.2862721  -0.69194575  1.7441072  -0.78340423]
 [ 0.          0.          0.          0.          0.          0.
   0.          0.          0.          0.          0.          0.
   0.          0.          0.          0.          0.          0.
   0.          0.          0.          0.          0.          0.
   0.          0.          0.          0.          0.          0.
   0.          0.          0.          0.          0.          0.
   0.          1.          0.          0.          0.          0.
   0.          0.          0.          0.          0.          0.
   0.          0.          0.          0.          0.          0.
   0.          0.          0.          0.          0.          0.
   0.          0.          0.          0.          0.          0.
   0.          0.          0.          0.         -0.3947275  -0.14164989
  -0.43156414 -0.16760517 -0.91101164 -0.08969788 -0.30794673 -0.63260734
   0.29583258 -0.12594496 -0.65849042  0.5537117  -0.2111493   0.40687141
   1.20223026 -0.26963243 -0.19290967  1.44520001 -1.46339083  0.26074556]
 [ 0.          0.          0.          0.          0.          0.
   0.          0.          0.          0.          0.          0.
   0.          0.          0.          0.          0.          0.
   0.          0.          0.          0.          0.          0.
   0.          0.          0.          0.          0.          1.
   0.          0.          0.          0.          0.          0.
   0.          0.          0.          0.          0.          0.
   0.          0.          0.          0.          0.          0.
   0.          0.          0.          0.          0.          0.
   0.          0.          0.          0.          0.          0.
   0.          0.          0.          0.          0.          0.
   0.          0.          0.          0.          0.67633942  3.10093788
   3.63799292  2.10145304 -0.91101164 -0.08969788 -0.30794673 -0.63260734
   2.83973773  2.55091839  2.78431647  1.03153198 -0.2111493   0.69090714
   1.4861035   4.05028437  3.32923754 -0.69194575 -0.50114142 -0.4353543 ]
 [ 0.          0.          1.          0.          0.          0.
   0.          0.          0.          0.          0.          0.
   0.          0.          0.          0.          0.          0.
   0.          0.          0.          0.          0.          0.
   0.          0.          0.          0.          0.          0.
   0.          0.          0.          0.          0.          0.
   0.          0.          0.          0.          0.          0.
   0.          0.          0.          0.          0.          0.
   0.          0.          0.          0.          0.          0.
   0.          0.          0.          0.          0.          0.
   0.          0.          0.          0.          0.          0.
   0.          0.          0.          0.         -0.3947275   0.18260889
  -0.39348005 -0.19809299  0.94460375 -0.08969788 -0.30794673 -0.63260734
  -0.55213581 -0.0835512  -0.65849042  0.82675186 -0.2111493  -1.81265457
  -0.79907608  0.3695985  -0.21842302 -0.69194575 -0.18039162  1.30489535]
 [ 0.          0.          0.          0.          0.          0.
   0.          0.          0.          0.          0.          0.
   0.          0.          0.          0.          0.          0.
   0.          0.          0.          0.          0.          0.
   0.          0.          0.          0.          0.          0.
   0.          0.          0.          0.          0.          0.
   0.          0.          0.          0.          0.          0.
   0.          0.          0.          0.          0.          0.
   0.          0.          0.          0.          0.          0.
   0.          0.          0.          0.          0.          0.
   1.          0.          0.          0.          0.          0.
   0.          0.          0.          0.         -0.3947275  -1.43868499
  -0.32275245 -0.18235344 -0.91101164 -0.08969788 -0.30794673 -0.63260734
  -0.55213581 -0.8890327   0.98415601 -0.36779883 -0.2111493  -0.34838897
  -0.87004439 -0.29882106 -0.17015654  1.44520001 -0.82189122 -0.08730437]
 [ 0.          0.          0.          0.          0.          0.
   0.          0.          0.          0.          0.          0.
   0.          0.          0.          0.          0.          0.
   0.          0.          0.          0.          0.          1.
   0.          0.          0.          0.          0.          0.
   0.          0.          0.          0.          0.          0.
   0.          0.          0.          0.          0.          0.
   0.          0.          0.          0.          0.          0.
   0.          0.          0.          0.          0.          0.
   0.          0.          0.          0.          0.          0.
   0.          0.          0.          0.          0.          0.
   0.          0.          0.          0.         -0.3947275   0.50686767
  -0.2030596  -0.20435496  0.94460375 -0.08969788 -0.30794673 -0.63260734
  -0.55213581  0.12841762 -0.65849042  1.09979202 -0.2111493  -1.38840783
   1.3015859   0.59143207 -0.19041056  1.44520001 -1.14264102 -0.4353543 ]
 [ 0.          0.          0.          0.          0.          0.
   1.          0.          0.          0.          0.          0.
   0.          0.          0.          0.          0.          0.
   0.          0.          0.          0.          0.          0.
   0.          0.          0.          0.          0.          0.
   0.          0.          0.          0.          0.          0.
   0.          0.          0.          0.          0.          0.
   0.          0.          0.          0.          0.          0.
   0.          0.          0.          0.          0.          0.
   0.          0.          0.          0.          0.          0.
   0.          0.          0.          0.          0.          0.
   0.          0.          0.          0.         -0.3947275   0.50686767
   1.61409556 -0.12611658 -0.91101164 -0.08969788 -0.30794673 -0.63260734
   0.29583258  0.09208011  3.16685057 -0.19714873 -0.2111493   0.29051072
   0.49254716  0.32873442 -0.13986877  1.44520001 -0.82189122 -1.47950409]
 [ 0.          0.          0.          0.          0.          0.
   0.          0.          0.          0.          0.          0.
   0.          0.          0.          0.          0.          0.
   0.          0.          0.          0.          0.          0.
   0.          0.          0.          0.          0.          0.
   0.          0.          0.          0.          0.          0.
   0.          0.          0.          0.          0.          0.
   0.          0.          0.          0.          0.          0.
   0.          1.          0.          0.          0.          0.
   0.          0.          0.          0.          0.          0.
   0.          0.          0.          0.          0.          0.
   0.          0.          0.          0.         -1.46579442 -1.43868499
  -0.99738491 -0.21789436 -0.91101164 -0.08969788 -0.30794673  0.89886576
  -0.55213581 -1.11917028  0.01656975 -0.98213919 -0.2111493   0.93591506
  -0.550687   -0.95556517 -0.24897189 -0.69194575 -0.50114142  1.30489535]] 
 
 
Val : (17290, 90) 
 

FINISHED ENCODING
~~~~~~~~~~~~~~~~~~~~~~~~~~~~~~~~~~~~~~~~~~~~~~~~~~~~~~~~~~~~~~~~~~~~~~~~~~~~~~~
Number of Classes B4 Bin Verifier: 178
Unique values in y_train: (array([  0.,   1.,   2.,   3.,   4.,   5.,   6.,   7.,   8.,   9.,  10.,
        11.,  12.,  13.,  14.,  15.,  16.,  17.,  18.,  19.,  20.,  21.,
        22.,  23.,  24.,  25.,  26.,  27.,  28.,  29.,  30.,  31.,  32.,
        33.,  34.,  35.,  36.,  37.,  38.,  39.,  40.,  41.,  42.,  43.,
        44.,  45.,  46.,  47.,  48.,  49.,  50.,  51.,  52.,  53.,  54.,
        55.,  56.,  57.,  58.,  59.,  60.,  61.,  62.,  63.,  64.,  65.,
        66.,  67.,  68.,  69.,  70.,  71.,  72.,  73.,  74.,  75.,  76.,
        77.,  78.,  79.,  80.,  81.,  82.,  83.,  84.,  85.,  86.,  87.,
        88.,  89.,  90.,  91.,  92.,  93.,  94.,  95.,  96.,  97.,  98.,
        99., 100., 101., 102., 103., 104., 105., 106., 107., 108., 109.,
       110., 111., 112., 113., 114., 115., 116., 117., 118., 119., 120.,
       121., 122., 123., 124., 125., 126., 127., 128., 129., 130., 131.,
       132., 133., 134., 135., 136., 137., 138., 139., 140., 141., 142.,
       143., 144., 145., 146., 147., 148., 149., 150., 151., 152., 153.,
       154., 155., 156., 157., 158., 159., 160., 161., 162., 163., 164.,
       165., 166., 167., 168., 169., 170., 171., 172., 173., 174., 175.]), 176)
Unique values in y_test: (array([  0.,   1.,   2.,   3.,   4.,   5.,   6.,   7.,   8.,   9.,  10.,
        11.,  12.,  13.,  14.,  15.,  16.,  17.,  18.,  19.,  20.,  21.,
        22.,  23.,  24.,  25.,  26.,  27.,  28.,  29.,  30.,  31.,  32.,
        33.,  34.,  35.,  36.,  37.,  38.,  39.,  40.,  41.,  42.,  43.,
        44.,  45.,  46.,  47.,  48.,  49.,  50.,  51.,  52.,  53.,  54.,
        55.,  56.,  57.,  58.,  59.,  60.,  61.,  62.,  63.,  64.,  65.,
        66.,  67.,  68.,  69.,  70.,  71.,  72.,  73.,  74.,  75.,  76.,
        77.,  78.,  79.,  80.,  81.,  82.,  83.,  84.,  85.,  86.,  87.,
        88.,  89.,  90.,  91.,  92.,  93.,  94.,  95.,  96.,  97.,  98.,
        99., 100., 101., 102., 103., 104., 105., 106., 107., 108., 109.,
       110., 111., 112., 113., 114., 115., 116., 117., 118., 119., 120.,
       121., 122., 123., 124., 125., 126., 127., 128., 129., 130., 131.,
       132., 133., 134., 135., 136., 137., 138., 139., 140., 141., 142.,
       143., 144., 145., 146., 147., 148., 149., 150., 151., 152., 153.,
       154., 155., 156., 157., 158., 159., 160., 161., 162., 163., 164.,
       165., 166., 167., 168., 169., 170., 171., 172., 173., 174., 175.]), 176)
WE ARE IN THE GUTTERS!!!!!
Final Train Labels Length: 176
Final Test Labels Length: 176
Final Num Classes: 176
Final Bin Labels: [0, 1, 2, 3, 4, 5, 6, 7, 8, 9, 10, 11, 12, 13, 14, 15, 16, 17, 18, 19, 20, 21, 22, 23, 24, 25, 26, 27, 28, 29, 30, 31, 32, 33, 34, 35, 36, 37, 38, 39, 40, 41, 42, 43, 44, 45, 46, 47, 48, 49, 50, 51, 52, 53, 54, 55, 56, 57, 58, 59, 60, 61, 62, 63, 64, 65, 66, 67, 68, 69, 70, 71, 72, 73, 74, 75, 76, 77, 78, 79, 80, 81, 82, 83, 84, 85, 86, 87, 88, 89, 90, 91, 92, 93, 94, 95, 96, 97, 98, 99, 100, 101, 102, 103, 104, 105, 106, 107, 108, 109, 110, 111, 112, 113, 114, 115, 116, 117, 118, 119, 120, 121, 122, 123, 124, 125, 126, 127, 128, 129, 130, 131, 132, 133, 134, 135, 136, 137, 138, 139, 140, 141, 142, 143, 144, 145, 146, 147, 148, 149, 150, 151, 152, 153, 154, 155, 156, 157, 158, 159, 160, 161, 162, 163, 164, 165, 166, 167, 168, 169, 170, 171, 172, 173, 174, 175]
VERIFY SHIFT
Train after shift : [  0   1   2   3   4   5   6   7   8   9  10  11  12  13  14  15  16  17
  18  19  20  21  22  23  24  25  26  27  28  29  30  31  32  33  34  35
  36  37  38  39  40  41  42  43  44  45  46  47  48  49  50  51  52  53
  54  55  56  57  58  59  60  61  62  63  64  65  66  67  68  69  70  71
  72  73  74  75  76  77  78  79  80  81  82  83  84  85  86  87  88  89
  90  91  92  93  94  95  96  97  98  99 100 101 102 103 104 105 106 107
 108 109 110 111 112 113 114 115 116 117 118 119 120 121 122 123 124 125
 126 127 128 129 130 131 132 133 134 135 136 137 138 139 140 141 142 143
 144 145 146 147 148 149 150 151 152 153 154 155 156 157 158 159 160 161
 162 163 164 165 166 167 168 169 170 171 172 173 174 175], Length : 176
Test after shift : [  0   1   2   3   4   5   6   7   8   9  10  11  12  13  14  15  16  17
  18  19  20  21  22  23  24  25  26  27  28  29  30  31  32  33  34  35
  36  37  38  39  40  41  42  43  44  45  46  47  48  49  50  51  52  53
  54  55  56  57  58  59  60  61  62  63  64  65  66  67  68  69  70  71
  72  73  74  75  76  77  78  79  80  81  82  83  84  85  86  87  88  89
  90  91  92  93  94  95  96  97  98  99 100 101 102 103 104 105 106 107
 108 109 110 111 112 113 114 115 116 117 118 119 120 121 122 123 124 125
 126 127 128 129 130 131 132 133 134 135 136 137 138 139 140 141 142 143
 144 145 146 147 148 149 150 151 152 153 154 155 156 157 158 159 160 161
 162 163 164 165 166 167 168 169 170 171 172 173 174 175], Length : 176
Number of Classes After Bin Verifier: 176
In get_device
Using dim 8 and batch size 64
{'depth': 2, 'dim': 64, 'dropout': 0.2, 'heads': 2}
Epoch 0 loss 4.533182621002197
Epoch 1 loss 4.148856163024902
Epoch 2 loss 4.104227542877197
Epoch 3 loss 4.062356472015381
Epoch 4 loss 3.9576165676116943
Epoch 5 loss 3.9762959480285645
Epoch 6 loss 3.952934741973877
Epoch 7 loss 3.878241539001465
Epoch 8 loss 3.94220232963562
Epoch 9 loss 3.8823490142822266
Epoch 10 loss 3.863050699234009
Epoch 11 loss 3.869441270828247
Epoch 12 loss 3.883899450302124
Epoch 13 loss 3.850663661956787
Epoch 14 loss 3.8499836921691895
Epoch 15 loss 3.873671054840088
Epoch 16 loss 3.8641810417175293
Epoch 17 loss 3.873382091522217
Epoch 18 loss 3.8860177993774414
Epoch 19 loss 3.8919453620910645
Epoch 20 loss 3.8692946434020996
Epoch 21 loss 3.8872056007385254
Epoch 22 loss 3.875009536743164
Epoch 23 loss 3.8878402709960938
Epoch 24 loss 3.8851592540740967
Epoch 25 loss 3.8783483505249023
Epoch 26 loss 3.903935194015503
Epoch 27 loss 3.946272373199463
Epoch 28 loss 3.9390625953674316
Epoch 29 loss 3.9405643939971924
Epoch 30 loss 3.95434832572937
Epoch 31 loss 3.9712584018707275
Epoch 32 loss 4.014318466186523
Epoch 33 loss 4.034365653991699
Epoch 34 loss 4.044654369354248
Epoch 35 loss 4.060616493225098
Validation loss has not improved for 20 steps!
Early stopping applies.
State of save is True b4 loss saving
Log file exists at: output/SAINT/House_Sales/logging/loss_0.txt
File name : output/SAINT/House_Sales/logging/loss_0.txt . The file was saved
Log file exists at: output/SAINT/House_Sales/logging/val_loss_0.txt
File name : output/SAINT/House_Sales/logging/val_loss_0.txt . The file was saved
Saved Losses and Regularization
±±±±±±±±±±±±±±±±±±±±±±±±±±±±±±±±±±±±±±±±±±±±±±±±±±±±±±±±±±±±±±±±±±±±±±±±±±± 

B4 Evaluation
Number of classes : 176
Class label len :176
Class labels : [0, 1, 2, 3, 4, 5, 6, 7, 8, 9, 10, 11, 12, 13, 14, 15, 16, 17, 18, 19, 20, 21, 22, 23, 24, 25, 26, 27, 28, 29, 30, 31, 32, 33, 34, 35, 36, 37, 38, 39, 40, 41, 42, 43, 44, 45, 46, 47, 48, 49, 50, 51, 52, 53, 54, 55, 56, 57, 58, 59, 60, 61, 62, 63, 64, 65, 66, 67, 68, 69, 70, 71, 72, 73, 74, 75, 76, 77, 78, 79, 80, 81, 82, 83, 84, 85, 86, 87, 88, 89, 90, 91, 92, 93, 94, 95, 96, 97, 98, 99, 100, 101, 102, 103, 104, 105, 106, 107, 108, 109, 110, 111, 112, 113, 114, 115, 116, 117, 118, 119, 120, 121, 122, 123, 124, 125, 126, 127, 128, 129, 130, 131, 132, 133, 134, 135, 136, 137, 138, 139, 140, 141, 142, 143, 144, 145, 146, 147, 148, 149, 150, 151, 152, 153, 154, 155, 156, 157, 158, 159, 160, 161, 162, 163, 164, 165, 166, 167, 168, 169, 170, 171, 172, 173, 174, 175]
Unique y_true : 176
Unique train : 176

Prediction shape : (4323,)
Probabilities shape : (4323, 176) 

±±±±±±±±±±±±±±±±±±±±±±±±±±±±±±±±±±±±±±±±±±±±±±±±±±±±±±±±±±±±±±±±±±±±±±±±±±± 

IN SCORER EVAL
y_true classes: 176
Probabilities shape: (4323, 176)
DONE IN SCORER EVAL
After Evaluation
{'Log Loss - mean': 3.84659, 'Log Loss - std': 0.0, 'AUC - mean': 0.8932415686089126, 'AUC - std': 0.0, 'Accuracy - mean': 0.054823039555863984, 'Accuracy - std': 0.0, 'F1 score - mean': 0.03292687472717181, 'F1 score - std': 0.0} 
 

Fold 2
num_features : 21
num_classes : 1
cat_idx : [0]
nominal_idx : [13]
ordinal_idx : None
num_idx : None
cat_dims : [2]
bin_alt : None
~~~~~~~~~~~~~~~~~~~~~~~~~~~~~~~~~~~~~~~~~~~~~~~~~~~~~~~~~~~~~~~~~~~~~~~~~~~~~~~
BEFORE ANY ENCODING
num_features :21
num_classes : 1
cat_idx : [0]
nominal_idx : [13]
ordinal_idx : None
num_idx : None
cat_dims : [2]
bin_alt : None 


X shape : (17290, 21)
~~~~~~~~~~~~~~~~~~~~~~~~~~~~~~~~~~~~~~~~~~~~~~~~~~~~~~~~~~~~~~~~~~~~~~~~~~~~~~~
~~~~~~~~~~~~~~~~~~~~~~~~~~~~~~~~~~~~~~~~~~~~~~~~~~~~~~~~~~~~~~~~~~~~~~~~~~~~~~~ 


AFTER SEPARATING CATEGORICALS AND NUMERICALS
Numerical Index V1 : [0, 1, 2, 3, 4, 5, 6, 7, 8, 9, 10, 11, 12, 14, 15, 16, 17, 18, 19, 20]
Cat Dims V1 : []
Cat Idx V1 : [13] 
 

~~~~~~~~~~~~~~~~~~~~~~~~~~~~~~~~~~~~~~~~~~~~~~~~~~~~~~~~~~~~~~~~~~~~~~~~~~~~~~~ 


Scaling the data...
One Hot Encoding...
~~~~~~~~~~~~~~~~~~~~~~~~~~~~~~~~~~~~~~~~~~~~~~~~~~~~~~~~~~~~~~~~~~~~~~~~~~~~~~~
After OHE
Numerical Index V2 : [0, 1, 2, 3, 4, 5, 6, 7, 8, 9, 10, 11, 12, 14, 15, 16, 17, 18, 19, 20] 


OHE Idx : [0, 1, 2, 3, 4, 5, 6, 7, 8, 9, 10, 11, 12, 13, 14, 15, 16, 17, 18, 19, 20, 21, 22, 23, 24, 25, 26, 27, 28, 29, 30, 31, 32, 33, 34, 35, 36, 37, 38, 39, 40, 41, 42, 43, 44, 45, 46, 47, 48, 49, 50, 51, 52, 53, 54, 55, 56, 57, 58, 59, 60, 61, 62, 63, 64, 65, 66, 67, 68, 69]


Ordinal Idx V2: None


Cat Dims V2 : []
Cat Idx V2 : None 
 

Train: [[0. 0. 0. 0. 0.]
 [0. 0. 0. 0. 0.]
 [0. 0. 0. 0. 0.]
 [0. 0. 0. 0. 0.]
 [0. 0. 0. 0. 0.]
 [0. 0. 1. 0. 0.]
 [0. 0. 0. 0. 0.]
 [0. 0. 0. 0. 0.]
 [0. 0. 0. 0. 0.]
 [0. 0. 0. 0. 0.]] 
 
 
Val : (17290, 90) 
 

~~~~~~~~~~~~~~~~~~~~~~~~~~~~~~~~~~~~~~~~~~~~~~~~~~~~~~~~~~~~~~~~~~~~~~~~~~~~~~~
~~~~~~~~~~~~~~~~~~~~~~~~~~~~~~~~~~~~~~~~~~~~~~~~~~~~~~~~~~~~~~~~~~~~~~~~~~~~~~~
After ORDINAL
Numerical Index V2 : [0, 1, 2, 3, 4, 5, 6, 7, 8, 9, 10, 11, 12, 14, 15, 16, 17, 18, 19, 20] 


OHE Idx : [0, 1, 2, 3, 4, 5, 6, 7, 8, 9, 10, 11, 12, 13, 14, 15, 16, 17, 18, 19, 20, 21, 22, 23, 24, 25, 26, 27, 28, 29, 30, 31, 32, 33, 34, 35, 36, 37, 38, 39, 40, 41, 42, 43, 44, 45, 46, 47, 48, 49, 50, 51, 52, 53, 54, 55, 56, 57, 58, 59, 60, 61, 62, 63, 64, 65, 66, 67, 68, 69]


Ordinal Idx V2: None


Cat Dims V2 : []
Cat Idx V2 : None 
 

Train: [[ 0.          0.          0.          0.          0.          0.
   0.          0.          0.          0.          0.          0.
   0.          0.          0.          0.          0.          0.
   0.          0.          0.          0.          0.          0.
   0.          0.          0.          0.          0.          0.
   0.          0.          0.          0.          0.          0.
   0.          0.          0.          0.          0.          0.
   0.          0.          0.          0.          0.          0.
   0.          0.          0.          0.          0.          0.
   0.          0.          0.          0.          0.          0.
   0.          0.          0.          0.          0.          0.
   1.          0.          0.          0.         -0.39750492 -1.4464586
  -0.98108962 -0.22364056 -0.91453407 -0.08636167 -0.30417801 -0.62978376
  -0.5589008  -0.73686418 -0.65800361 -0.53911901 -0.21352892 -0.35612463
  -0.30928015 -0.94471799 -0.26449285 -0.69176297  1.10470474 -0.31585982]
 [ 0.          0.          0.          0.          0.          0.
   0.          0.          0.          0.          0.          0.
   0.          0.          0.          0.          0.          0.
   0.          0.          0.          0.          0.          0.
   0.          0.          0.          0.          0.          0.
   0.          0.          0.          0.          0.          0.
   0.          0.          0.          0.          0.          0.
   0.          0.          0.          0.          0.          0.
   0.          0.          0.          0.          0.          0.
   0.          1.          0.          0.          0.          0.
   0.          0.          0.          0.          0.          0.
   0.          0.          0.          0.         -0.39750492  0.17501401
   0.531249   -0.18624395  0.93832439 -0.08636167 -0.30417801 -0.62978376
  -0.5589008   0.456921    0.24756427 -0.67481406  4.67126434  1.16025966
  -0.75053031 -0.43578594 -0.18976687 -0.69176297  1.74745691 -0.77958846]
 [ 0.          0.          0.          0.          0.          0.
   0.          0.          0.          0.          0.          0.
   0.          0.          0.          0.          1.          0.
   0.          0.          0.          0.          0.          0.
   0.          0.          0.          0.          0.          0.
   0.          0.          0.          0.          0.          0.
   0.          0.          0.          0.          0.          0.
   0.          0.          0.          0.          0.          0.
   0.          0.          0.          0.          0.          0.
   0.          0.          0.          0.          0.          0.
   0.          0.          0.          0.          0.          0.
   0.          0.          0.          0.         -1.46971399 -1.4464586
  -1.42717512 -0.12145761 -0.91453407 -0.08636167 -0.30417801 -0.62978376
  -1.4070134  -1.23126007 -0.65800361 -1.28544178 -0.21352892  1.28240883
  -0.13847364  1.06192837 -0.17387492  1.44558187 -1.46630395  1.0753261 ]
 [ 0.          0.          0.          0.          0.          0.
   0.          0.          0.          0.          0.          0.
   0.          0.          0.          0.          0.          0.
   0.          0.          0.          0.          0.          0.
   0.          0.          0.          0.          0.          0.
   0.          0.          0.          0.          0.          0.
   0.          0.          0.          0.          0.          0.
   0.          0.          0.          0.          0.          0.
   0.          0.          0.          0.          0.          0.
   0.          0.          0.          0.          1.          0.
   0.          0.          0.          0.          0.          0.
   0.          0.          0.          0.          0.67470414  1.14789757
  -0.13243917 -0.23890927 -0.91453407 -0.08636167 -0.30417801  2.43580216
  -0.5589008  -0.89362385  1.40216332 -0.1998814  -0.21352892 -0.28673812
  -1.27718374 -0.91563616 -0.28891311 -0.69176297  1.74745691 -0.77958846]
 [ 0.          0.          0.          0.          0.          0.
   0.          0.          0.          0.          0.          0.
   0.          0.          0.          0.          0.          0.
   0.          0.          0.          0.          0.          0.
   0.          0.          0.          0.          0.          1.
   0.          0.          0.          0.          0.          0.
   0.          0.          0.          0.          0.          0.
   0.          0.          0.          0.          0.          0.
   0.          0.          0.          0.          0.          0.
   0.          0.          0.          0.          0.          0.
   0.          0.          0.          0.          0.          0.
   0.          0.          0.          0.          0.67470414  3.09366471
   3.6320872   2.03800863 -0.91453407 -0.08636167 -0.30417801 -0.62978376
   2.83354957  2.53097202  2.80579354  1.02137403 -0.21352892  0.69117797
   1.48418826  4.02827516  3.35271046 -0.69176297 -0.50217569 -0.43179198]
 [ 0.          0.          1.          0.          0.          0.
   0.          0.          0.          0.          0.          0.
   0.          0.          0.          0.          0.          0.
   0.          0.          0.          0.          0.          0.
   0.          0.          0.          0.          0.          0.
   0.          0.          0.          0.          0.          0.
   0.          0.          0.          0.          0.          0.
   0.          0.          0.          0.          0.          0.
   0.          0.          0.          0.          0.          0.
   0.          0.          0.          0.          0.          0.
   0.          0.          0.          0.          0.          0.
   0.          0.          0.          0.         -0.39750492  0.17501401
  -0.39900245 -0.19618036  0.93832439 -0.08636167 -0.30417801 -0.62978376
  -0.5589008  -0.09173785 -0.65800361  0.81783146 -0.21352892 -1.8125185
  -0.80746582  0.36105623 -0.22057397 -0.69176297 -0.18079961  1.30719042]
 [ 0.          0.          0.          0.          0.          0.
   0.          0.          0.          0.          0.          0.
   0.          0.          0.          0.          0.          0.
   0.          0.          0.          0.          0.          0.
   0.          0.          0.          0.          0.          0.
   0.          0.          0.          0.          0.          0.
   0.          0.          0.          0.          0.          0.
   0.          0.          0.          0.          0.          0.
   0.          0.          0.          0.          0.          0.
   0.          0.          0.          0.          0.          0.
   0.          0.          0.          0.          0.          0.
   0.          0.          1.          0.         -0.39750492 -0.79786956
  -1.11165123 -0.12824632 -0.91453407 -0.08636167 -0.30417801 -0.62978376
  -0.5589008  -0.88156542 -0.65800361 -0.26772892 -0.21352892 -1.09118793
  -0.72206256 -0.49394961 -0.11192261  1.44558187 -1.78768004 -0.0839955 ]
 [ 0.          0.          0.          0.          0.          0.
   0.          0.          0.          0.          0.          0.
   0.          0.          0.          0.          0.          0.
   0.          0.          0.          0.          0.          1.
   0.          0.          0.          0.          0.          0.
   0.          0.          0.          0.          0.          0.
   0.          0.          0.          0.          0.          0.
   0.          0.          0.          0.          0.          0.
   0.          0.          0.          0.          0.          0.
   0.          0.          0.          0.          0.          0.
   0.          0.          0.          0.          0.          0.
   0.          0.          0.          0.         -0.39750492  0.49930853
  -0.20860011 -0.20226435  0.93832439 -0.08636167 -0.30417801 -0.62978376
  -0.5589008   0.11928478 -0.65800361  1.08922156 -0.21352892 -1.38824892
   1.29914787  0.58207815 -0.19235918  1.44558187 -1.14492787 -0.43179198]
 [ 0.          0.          0.          0.          0.          0.
   1.          0.          0.          0.          0.          0.
   0.          0.          0.          0.          0.          0.
   0.          0.          0.          0.          0.          0.
   0.          0.          0.          0.          0.          0.
   0.          0.          0.          0.          0.          0.
   0.          0.          0.          0.          0.          0.
   0.          0.          0.          0.          0.          0.
   0.          0.          0.          0.          0.          0.
   0.          0.          0.          0.          0.          0.
   0.          0.          0.          0.          0.          0.
   0.          0.          0.          0.         -0.39750492  0.49930853
   1.60838227 -0.12624964 -0.91453407 -0.08636167 -0.30417801 -0.62978376
   0.28921179  0.08310948  3.19065989 -0.1998814  -0.21352892  0.29076
   0.48781692  0.32034167 -0.14145234  1.44558187 -0.82355178 -1.47518142]
 [ 0.          0.          0.          0.          0.          0.
   0.          0.          0.          0.          0.          0.
   0.          0.          0.          0.          0.          0.
   0.          0.          0.          0.          0.          0.
   0.          0.          0.          0.          0.          0.
   0.          0.          0.          0.          0.          0.
   0.          0.          0.          0.          0.          0.
   0.          0.          0.          0.          0.          0.
   0.          1.          0.          0.          0.          0.
   0.          0.          0.          0.          0.          0.
   0.          0.          0.          0.          0.          0.
   0.          0.          0.          0.         -1.46971399 -1.4464586
  -1.00284989 -0.21541894 -0.91453407 -0.08636167 -0.30417801  0.9030092
  -0.5589008  -1.12273414  0.0211723  -0.98012792 -0.21352892  0.93619907
  -0.55837299 -0.95925891 -0.25134349 -0.69176297 -0.50217569  1.30719042]] 
 
 
Val : (17290, 90) 
 

FINISHED ENCODING
~~~~~~~~~~~~~~~~~~~~~~~~~~~~~~~~~~~~~~~~~~~~~~~~~~~~~~~~~~~~~~~~~~~~~~~~~~~~~~~
Number of Classes B4 Bin Verifier: 157
Unique values in y_train: (array([  0.,   1.,   2.,   3.,   4.,   5.,   6.,   7.,   8.,   9.,  10.,
        11.,  12.,  13.,  14.,  15.,  16.,  17.,  18.,  19.,  20.,  21.,
        22.,  23.,  24.,  25.,  26.,  27.,  28.,  29.,  30.,  31.,  32.,
        33.,  34.,  35.,  36.,  37.,  38.,  39.,  40.,  41.,  42.,  43.,
        44.,  45.,  46.,  47.,  48.,  49.,  50.,  51.,  52.,  53.,  54.,
        55.,  56.,  57.,  58.,  59.,  60.,  61.,  62.,  63.,  64.,  65.,
        66.,  67.,  68.,  69.,  70.,  71.,  72.,  73.,  74.,  75.,  76.,
        77.,  78.,  79.,  80.,  81.,  82.,  83.,  84.,  85.,  86.,  87.,
        88.,  89.,  90.,  91.,  92.,  93.,  94.,  95.,  96.,  97.,  98.,
        99., 100., 101., 102., 103., 104., 105., 106., 107., 108., 109.,
       110., 111., 112., 113., 114., 115., 116., 117., 118., 119., 120.,
       121., 122., 123., 124., 125., 126., 127., 128., 129., 130., 131.,
       132., 133., 134., 135., 136., 137., 138., 139., 140., 141., 142.,
       143., 144., 145., 146., 147., 148., 149., 150., 151., 152., 153.,
       154., 155., 156.]), 157)
Unique values in y_test: (array([  0.,   1.,   2.,   3.,   4.,   5.,   6.,   7.,   8.,   9.,  10.,
        11.,  12.,  13.,  14.,  15.,  16.,  17.,  18.,  19.,  20.,  21.,
        22.,  23.,  24.,  25.,  26.,  27.,  28.,  29.,  30.,  31.,  32.,
        33.,  34.,  35.,  36.,  37.,  38.,  39.,  40.,  41.,  42.,  43.,
        44.,  45.,  46.,  47.,  48.,  49.,  50.,  51.,  52.,  53.,  54.,
        55.,  56.,  57.,  58.,  59.,  60.,  61.,  62.,  63.,  64.,  65.,
        66.,  67.,  68.,  69.,  70.,  71.,  72.,  73.,  74.,  75.,  76.,
        77.,  78.,  79.,  80.,  81.,  82.,  83.,  84.,  85.,  86.,  87.,
        88.,  89.,  90.,  91.,  92.,  93.,  94.,  95.,  96.,  97.,  98.,
        99., 100., 101., 102., 103., 104., 105., 106., 107., 108., 109.,
       110., 111., 112., 113., 114., 115., 116., 117., 118., 119., 120.,
       121., 122., 123., 124., 125., 126., 127., 128., 129., 130., 131.,
       132., 133., 134., 135., 136., 137., 138., 139., 140., 141., 142.,
       143., 144., 145., 146., 147., 148., 149., 150., 151., 152., 153.,
       154., 155., 156.]), 157)
No need to shift labels.
VERIFY SHIFT
Train after shift : [  0   1   2   3   4   5   6   7   8   9  10  11  12  13  14  15  16  17
  18  19  20  21  22  23  24  25  26  27  28  29  30  31  32  33  34  35
  36  37  38  39  40  41  42  43  44  45  46  47  48  49  50  51  52  53
  54  55  56  57  58  59  60  61  62  63  64  65  66  67  68  69  70  71
  72  73  74  75  76  77  78  79  80  81  82  83  84  85  86  87  88  89
  90  91  92  93  94  95  96  97  98  99 100 101 102 103 104 105 106 107
 108 109 110 111 112 113 114 115 116 117 118 119 120 121 122 123 124 125
 126 127 128 129 130 131 132 133 134 135 136 137 138 139 140 141 142 143
 144 145 146 147 148 149 150 151 152 153 154 155 156], Length : 157
Test after shift : [  0   1   2   3   4   5   6   7   8   9  10  11  12  13  14  15  16  17
  18  19  20  21  22  23  24  25  26  27  28  29  30  31  32  33  34  35
  36  37  38  39  40  41  42  43  44  45  46  47  48  49  50  51  52  53
  54  55  56  57  58  59  60  61  62  63  64  65  66  67  68  69  70  71
  72  73  74  75  76  77  78  79  80  81  82  83  84  85  86  87  88  89
  90  91  92  93  94  95  96  97  98  99 100 101 102 103 104 105 106 107
 108 109 110 111 112 113 114 115 116 117 118 119 120 121 122 123 124 125
 126 127 128 129 130 131 132 133 134 135 136 137 138 139 140 141 142 143
 144 145 146 147 148 149 150 151 152 153 154 155 156], Length : 157
Number of Classes After Bin Verifier: 157
In get_device
Using dim 8 and batch size 64
{'depth': 2, 'dim': 64, 'dropout': 0.2, 'heads': 2}
Epoch 0 loss 4.434604644775391
Epoch 1 loss 4.035852432250977
Epoch 2 loss 4.069424152374268
Epoch 3 loss 3.8604695796966553
Epoch 4 loss 3.834115505218506
Epoch 5 loss 3.79821515083313
Epoch 6 loss 3.7993600368499756
Epoch 7 loss 3.8025624752044678
Epoch 8 loss 3.7920124530792236
Epoch 9 loss 3.7612812519073486
Epoch 10 loss 3.771535634994507
Epoch 11 loss 3.753175973892212
Epoch 12 loss 3.7538065910339355
Epoch 13 loss 3.7588446140289307
Epoch 14 loss 3.7361388206481934
Epoch 15 loss 3.76003098487854
Epoch 16 loss 3.7696359157562256
Epoch 17 loss 3.7236788272857666
Epoch 18 loss 3.752877712249756
Epoch 19 loss 3.7471916675567627
Epoch 20 loss 3.7492616176605225
Epoch 21 loss 3.773569107055664
Epoch 22 loss 3.784256935119629
Epoch 23 loss 3.797983407974243
Epoch 24 loss 3.7804062366485596
Epoch 25 loss 3.789926052093506
Epoch 26 loss 3.8244872093200684
Epoch 27 loss 3.808962106704712
Epoch 28 loss 3.8264520168304443
Epoch 29 loss 3.838792324066162
Epoch 30 loss 3.8641419410705566
Epoch 31 loss 3.8727498054504395
Epoch 32 loss 3.887937307357788
Epoch 33 loss 3.933690309524536
Epoch 34 loss 3.933500051498413
Epoch 35 loss 3.960798501968384
Epoch 36 loss 4.0391526222229
Epoch 37 loss 4.052496433258057
Epoch 38 loss 4.086203575134277
Validation loss has not improved for 20 steps!
Early stopping applies.
State of save is True b4 loss saving
Log file exists at: output/SAINT/House_Sales/logging/loss_1.txt
File name : output/SAINT/House_Sales/logging/loss_1.txt . The file was saved
Log file exists at: output/SAINT/House_Sales/logging/val_loss_1.txt
File name : output/SAINT/House_Sales/logging/val_loss_1.txt . The file was saved
Saved Losses and Regularization
±±±±±±±±±±±±±±±±±±±±±±±±±±±±±±±±±±±±±±±±±±±±±±±±±±±±±±±±±±±±±±±±±±±±±±±±±±± 

B4 Evaluation
Number of classes : 157
Class label len :157
Class labels : [0, 1, 2, 3, 4, 5, 6, 7, 8, 9, 10, 11, 12, 13, 14, 15, 16, 17, 18, 19, 20, 21, 22, 23, 24, 25, 26, 27, 28, 29, 30, 31, 32, 33, 34, 35, 36, 37, 38, 39, 40, 41, 42, 43, 44, 45, 46, 47, 48, 49, 50, 51, 52, 53, 54, 55, 56, 57, 58, 59, 60, 61, 62, 63, 64, 65, 66, 67, 68, 69, 70, 71, 72, 73, 74, 75, 76, 77, 78, 79, 80, 81, 82, 83, 84, 85, 86, 87, 88, 89, 90, 91, 92, 93, 94, 95, 96, 97, 98, 99, 100, 101, 102, 103, 104, 105, 106, 107, 108, 109, 110, 111, 112, 113, 114, 115, 116, 117, 118, 119, 120, 121, 122, 123, 124, 125, 126, 127, 128, 129, 130, 131, 132, 133, 134, 135, 136, 137, 138, 139, 140, 141, 142, 143, 144, 145, 146, 147, 148, 149, 150, 151, 152, 153, 154, 155, 156]
Unique y_true : 157
Unique train : 157

Prediction shape : (4323,)
Probabilities shape : (4323, 157) 

±±±±±±±±±±±±±±±±±±±±±±±±±±±±±±±±±±±±±±±±±±±±±±±±±±±±±±±±±±±±±±±±±±±±±±±±±±± 

IN SCORER EVAL
y_true classes: 157
Probabilities shape: (4323, 157)
DONE IN SCORER EVAL
After Evaluation
{'Log Loss - mean': 3.78399, 'Log Loss - std': 0.06259999999999999, 'AUC - mean': 0.8936859781010953, 'AUC - std': 0.00044440949218271797, 'Accuracy - mean': 0.06291926902613926, 'Accuracy - std': 0.008096229470275274, 'F1 score - mean': 0.04068550037732072, 'F1 score - std': 0.007758625650148912} 
 

Fold 3
num_features : 21
num_classes : 1
cat_idx : [0]
nominal_idx : [13]
ordinal_idx : None
num_idx : None
cat_dims : [2]
bin_alt : None
~~~~~~~~~~~~~~~~~~~~~~~~~~~~~~~~~~~~~~~~~~~~~~~~~~~~~~~~~~~~~~~~~~~~~~~~~~~~~~~
BEFORE ANY ENCODING
num_features :21
num_classes : 1
cat_idx : [0]
nominal_idx : [13]
ordinal_idx : None
num_idx : None
cat_dims : [2]
bin_alt : None 


X shape : (17290, 21)
~~~~~~~~~~~~~~~~~~~~~~~~~~~~~~~~~~~~~~~~~~~~~~~~~~~~~~~~~~~~~~~~~~~~~~~~~~~~~~~
~~~~~~~~~~~~~~~~~~~~~~~~~~~~~~~~~~~~~~~~~~~~~~~~~~~~~~~~~~~~~~~~~~~~~~~~~~~~~~~ 


AFTER SEPARATING CATEGORICALS AND NUMERICALS
Numerical Index V1 : [0, 1, 2, 3, 4, 5, 6, 7, 8, 9, 10, 11, 12, 14, 15, 16, 17, 18, 19, 20]
Cat Dims V1 : []
Cat Idx V1 : [13] 
 

~~~~~~~~~~~~~~~~~~~~~~~~~~~~~~~~~~~~~~~~~~~~~~~~~~~~~~~~~~~~~~~~~~~~~~~~~~~~~~~ 


Scaling the data...
One Hot Encoding...
~~~~~~~~~~~~~~~~~~~~~~~~~~~~~~~~~~~~~~~~~~~~~~~~~~~~~~~~~~~~~~~~~~~~~~~~~~~~~~~
After OHE
Numerical Index V2 : [0, 1, 2, 3, 4, 5, 6, 7, 8, 9, 10, 11, 12, 14, 15, 16, 17, 18, 19, 20] 


OHE Idx : [0, 1, 2, 3, 4, 5, 6, 7, 8, 9, 10, 11, 12, 13, 14, 15, 16, 17, 18, 19, 20, 21, 22, 23, 24, 25, 26, 27, 28, 29, 30, 31, 32, 33, 34, 35, 36, 37, 38, 39, 40, 41, 42, 43, 44, 45, 46, 47, 48, 49, 50, 51, 52, 53, 54, 55, 56, 57, 58, 59, 60, 61, 62, 63, 64, 65, 66, 67, 68, 69]


Ordinal Idx V2: None


Cat Dims V2 : []
Cat Idx V2 : None 
 

Train: [[0. 0. 0. 0. 0.]
 [0. 0. 0. 0. 0.]
 [0. 0. 0. 0. 0.]
 [0. 0. 0. 0. 0.]
 [0. 0. 0. 0. 0.]
 [0. 0. 0. 0. 0.]
 [0. 0. 1. 0. 0.]
 [0. 0. 0. 0. 0.]
 [0. 0. 0. 0. 0.]
 [0. 0. 0. 0. 0.]] 
 
 
Val : (17290, 90) 
 

~~~~~~~~~~~~~~~~~~~~~~~~~~~~~~~~~~~~~~~~~~~~~~~~~~~~~~~~~~~~~~~~~~~~~~~~~~~~~~~
~~~~~~~~~~~~~~~~~~~~~~~~~~~~~~~~~~~~~~~~~~~~~~~~~~~~~~~~~~~~~~~~~~~~~~~~~~~~~~~
After ORDINAL
Numerical Index V2 : [0, 1, 2, 3, 4, 5, 6, 7, 8, 9, 10, 11, 12, 14, 15, 16, 17, 18, 19, 20] 


OHE Idx : [0, 1, 2, 3, 4, 5, 6, 7, 8, 9, 10, 11, 12, 13, 14, 15, 16, 17, 18, 19, 20, 21, 22, 23, 24, 25, 26, 27, 28, 29, 30, 31, 32, 33, 34, 35, 36, 37, 38, 39, 40, 41, 42, 43, 44, 45, 46, 47, 48, 49, 50, 51, 52, 53, 54, 55, 56, 57, 58, 59, 60, 61, 62, 63, 64, 65, 66, 67, 68, 69]


Ordinal Idx V2: None


Cat Dims V2 : []
Cat Idx V2 : None 
 

Train: [[ 0.          0.          0.          0.          0.          0.
   0.          0.          0.          0.          0.          0.
   0.          0.          0.          0.          0.          0.
   0.          0.          0.          0.          0.          0.
   0.          0.          0.          0.          0.          0.
   0.          0.          0.          0.          0.          0.
   0.          0.          0.          0.          0.          0.
   0.          0.          0.          0.          0.          0.
   0.          0.          0.          0.          0.          0.
   0.          0.          0.          0.          0.          0.
   0.          0.          0.          0.          0.          0.
   1.          0.          0.          0.         -0.39741079 -1.45113378
  -0.98251964 -0.23408869 -0.92135604 -0.08636167 -0.30822085 -0.62679295
  -0.56095038 -0.73776602 -0.65958158 -0.55261468 -0.20509978 -0.34621257
  -0.3075573  -0.94534346 -0.25697128 -0.68738047  1.09900948 -0.30696442]
 [ 0.          0.          0.          0.          0.          0.
   0.          0.          0.          0.          0.          0.
   0.          0.          0.          0.          0.          0.
   0.          0.          0.          0.          0.          0.
   0.          0.          0.          0.          0.          0.
   0.          0.          0.          0.          0.          0.
   0.          0.          0.          0.          0.          0.
   0.          0.          0.          0.          0.          0.
   0.          0.          0.          0.          0.          0.
   0.          1.          0.          0.          0.          0.
   0.          0.          0.          0.          0.          0.
   0.          0.          0.          0.         -0.39741079  0.17240078
   0.53142887 -0.19516535  0.92830967 -0.08636167 -0.30822085 -0.62679295
  -0.56095038  0.45948399  0.24387824 -0.68858798  4.86346877  1.16478766
  -0.74817205 -0.43462874 -0.18749435 -0.68738047  1.74261719 -0.76887036]
 [ 0.          0.          0.          0.          0.          0.
   0.          0.          0.          0.          0.          0.
   0.          0.          0.          0.          1.          0.
   0.          0.          0.          0.          0.          0.
   0.          0.          0.          0.          0.          0.
   0.          0.          0.          0.          0.          0.
   0.          0.          0.          0.          0.          0.
   0.          0.          0.          0.          0.          0.
   0.          0.          0.          0.          0.          0.
   0.          0.          0.          0.          0.          0.
   0.          0.          0.          0.          0.          0.
   0.          0.          0.          0.         -1.46903157 -1.45113378
  -1.42907999 -0.12773409 -0.92135604 -0.08636167 -0.30822085 -0.62679295
  -1.41023515 -1.23359683 -0.65958158 -1.30046783 -0.20509978  1.28650312
  -0.13699675  1.06833174 -0.17271872  1.45479839 -1.47542134  1.07875341]
 [ 0.          0.          0.          0.          0.          0.
   0.          0.          0.          0.          0.          0.
   0.          0.          0.          0.          0.          0.
   0.          0.          0.          0.          0.          0.
   0.          0.          0.          0.          0.          0.
   0.          0.          0.          0.          0.          0.
   0.          0.          0.          0.          0.          0.
   0.          0.          0.          0.          0.          0.
   0.          0.          0.          0.          0.          0.
   0.          0.          0.          0.          1.          0.
   0.          0.          0.          0.          0.          0.
   0.          0.          0.          0.          0.67421     1.14652152
  -0.1329658  -0.24998075 -0.92135604 -0.08636167 -0.30822085  2.44891305
  -0.56095038 -0.89498067  1.39578951 -0.21268143 -0.20509978 -0.27707243
  -1.27406708 -0.91615976 -0.27967615 -0.68738047  1.74261719 -0.76887036]
 [ 0.          0.          0.          0.          0.          0.
   0.          0.          0.          0.          0.          0.
   0.          0.          0.          0.          0.          0.
   0.          0.          0.          0.          0.          0.
   0.          0.          0.          0.          0.          0.
   0.          0.          0.          0.          0.          0.
   0.          1.          0.          0.          0.          0.
   0.          0.          0.          0.          0.          0.
   0.          0.          0.          0.          0.          0.
   0.          0.          0.          0.          0.          0.
   0.          0.          0.          0.          0.          0.
   0.          0.          0.          0.         -0.39741079 -0.15230613
  -0.43793385 -0.17467681 -0.92135604 -0.08636167 -0.30822085 -0.62679295
   0.28833439 -0.1330943  -0.65958158  0.53517172 -0.20509978  0.41432901
   1.19906088 -0.2741184  -0.19224491  1.45479839 -1.47542134  0.27041801]
 [ 0.          0.          0.          0.          0.          0.
   0.          0.          0.          0.          0.          0.
   0.          0.          0.          0.          0.          0.
   0.          0.          0.          0.          0.          0.
   0.          0.          0.          0.          0.          1.
   0.          0.          0.          0.          0.          0.
   0.          0.          0.          0.          0.          0.
   0.          0.          0.          0.          0.          0.
   0.          0.          0.          0.          0.          0.
   0.          0.          0.          0.          0.          0.
   0.          0.          0.          0.          0.          0.
   0.          0.          0.          0.          0.67421     3.09476299
   3.63556789  2.11989316 -0.92135604 -0.08636167 -0.30822085 -0.62679295
   2.8361887   2.53955472  2.79615222  1.01107827 -0.20509978  0.69737148
   1.48332846  4.04506898  3.10614501 -0.68738047 -0.51000978 -0.4224409 ]
 [ 0.          0.          1.          0.          0.          0.
   0.          0.          0.          0.          0.          0.
   0.          0.          0.          0.          0.          0.
   0.          0.          0.          0.          0.          0.
   0.          0.          0.          0.          0.          0.
   0.          0.          0.          0.          0.          0.
   0.          0.          0.          0.          0.          0.
   0.          0.          0.          0.          0.          0.
   0.          0.          0.          0.          0.          0.
   0.          0.          0.          0.          0.          0.
   0.          0.          0.          0.          0.          0.
   0.          0.          0.          0.         -0.39741079  0.17240078
  -0.39981284 -0.20550742  0.92830967 -0.08636167 -0.30822085 -0.62679295
  -0.56095038 -0.09076728 -0.65958158  0.80711832 -0.20509978 -1.79743539
  -0.80502557  0.3650046  -0.21613743 -0.68738047 -0.18820593  1.30970638]
 [ 0.          0.          0.          0.          0.          0.
   0.          0.          0.          0.          0.          0.
   0.          0.          0.          0.          0.          0.
   0.          0.          0.          0.          0.          0.
   0.          0.          0.          0.          0.          0.
   0.          0.          0.          0.          0.          0.
   0.          0.          0.          0.          0.          0.
   0.          0.          0.          0.          0.          0.
   0.          0.          0.          0.          0.          0.
   0.          0.          0.          0.          0.          0.
   0.          0.          0.          0.          0.          0.
   0.          0.          1.          0.         -0.39741079 -0.80171996
  -1.11322023 -0.13479994 -0.92135604 -0.08636167 -0.30822085 -0.62679295
  -0.56095038 -0.88288723 -0.65958158 -0.28066808 -0.20509978 -1.07866597
  -0.71974529 -0.49299613 -0.11511819  1.45479839 -1.7972252  -0.07601144]
 [ 0.          0.          0.          0.          0.          0.
   0.          0.          0.          0.          0.          0.
   0.          0.          0.          0.          0.          0.
   0.          0.          0.          0.          0.          0.
   0.          0.          0.          0.          0.          0.
   0.          0.          0.          0.          0.          0.
   0.          0.          0.          0.          0.          0.
   0.          0.          0.          0.          0.          0.
   0.          0.          0.          0.          0.          0.
   0.          0.          0.          0.          0.          0.
   1.          0.          0.          0.          0.          0.
   0.          0.          0.          0.         -0.39741079 -1.45113378
  -0.32901669 -0.1895909  -0.92135604 -0.08636167 -0.30822085 -0.62679295
  -0.56095038 -0.89498067  0.98923259 -0.38264805 -0.20509978 -0.33829026
  -0.87609246 -0.30330209 -0.17093726  1.45479839 -0.83181364 -0.07601144]
 [ 0.          0.          0.          0.          0.          0.
   0.          0.          0.          0.          0.          0.
   0.          0.          0.          0.          0.          0.
   0.          0.          0.          0.          0.          1.
   0.          0.          0.          0.          0.          0.
   0.          0.          0.          0.          0.          0.
   0.          0.          0.          0.          0.          0.
   0.          0.          0.          0.          0.          0.
   0.          0.          0.          0.          0.          0.
   0.          0.          0.          0.          0.          0.
   0.          0.          0.          0.          0.          0.
   0.          0.          0.          0.         -0.39741079  0.49710769
  -0.20920781 -0.21183979  0.92830967 -0.08636167 -0.30822085 -0.62679295
  -0.56095038  0.12086783 -0.65958158  1.07906492 -0.20509978 -1.37467222
   1.29855453  0.58680071 -0.18990456  1.45479839 -1.15361749 -0.4224409 ]] 
 
 
Val : (17290, 90) 
 

FINISHED ENCODING
~~~~~~~~~~~~~~~~~~~~~~~~~~~~~~~~~~~~~~~~~~~~~~~~~~~~~~~~~~~~~~~~~~~~~~~~~~~~~~~
Number of Classes B4 Bin Verifier: 180
Unique values in y_train: (array([  0.,   1.,   2.,   3.,   4.,   5.,   6.,   7.,   8.,   9.,  10.,
        11.,  12.,  13.,  14.,  15.,  16.,  17.,  18.,  19.,  20.,  21.,
        22.,  23.,  24.,  25.,  26.,  27.,  28.,  29.,  30.,  31.,  32.,
        33.,  34.,  35.,  36.,  37.,  38.,  39.,  40.,  41.,  42.,  43.,
        44.,  45.,  46.,  47.,  48.,  49.,  50.,  51.,  52.,  53.,  54.,
        55.,  56.,  57.,  58.,  59.,  60.,  61.,  62.,  63.,  64.,  65.,
        66.,  67.,  68.,  69.,  70.,  71.,  72.,  73.,  74.,  75.,  76.,
        77.,  78.,  79.,  80.,  81.,  82.,  83.,  84.,  85.,  86.,  87.,
        88.,  89.,  90.,  91.,  92.,  93.,  94.,  95.,  96.,  97.,  98.,
        99., 100., 101., 102., 103., 104., 105., 106., 107., 108., 109.,
       110., 111., 112., 113., 114., 115., 116., 117., 118., 119., 120.,
       121., 122., 123., 124., 125., 126., 127., 128., 129., 130., 131.,
       132., 133., 134., 135., 136., 137., 138., 139., 140., 141., 142.,
       143., 144., 145., 146., 147., 148., 149., 150., 151., 152., 153.,
       154., 155., 156., 157., 158., 159., 160., 161., 162., 163., 164.,
       165., 166., 167., 168., 169., 170., 171., 172., 173., 174., 175.,
       176., 177.]), 178)
Unique values in y_test: (array([  0.,   1.,   2.,   3.,   4.,   5.,   6.,   7.,   8.,   9.,  10.,
        11.,  12.,  13.,  14.,  15.,  16.,  17.,  18.,  19.,  20.,  21.,
        22.,  23.,  24.,  25.,  26.,  27.,  28.,  29.,  30.,  31.,  32.,
        33.,  34.,  35.,  36.,  37.,  38.,  39.,  40.,  41.,  42.,  43.,
        44.,  45.,  46.,  47.,  49.,  50.,  51.,  52.,  53.,  54.,  55.,
        56.,  57.,  58.,  59.,  60.,  61.,  62.,  63.,  64.,  65.,  66.,
        67.,  68.,  69.,  70.,  71.,  72.,  73.,  74.,  75.,  76.,  77.,
        78.,  79.,  80.,  81.,  82.,  83.,  84.,  85.,  86.,  87.,  88.,
        89.,  90.,  91.,  92.,  93.,  94.,  95.,  96.,  97.,  98.,  99.,
       100., 101., 102., 103., 104., 105., 106., 107., 109., 110., 111.,
       112., 113., 114., 115., 116., 117., 118., 119., 120., 121., 122.,
       123., 124., 125., 126., 127., 128., 129., 130., 131., 132., 133.,
       134., 135., 136., 137., 138., 139., 140., 141., 142., 143., 144.,
       145., 146., 147., 148., 149., 150., 151., 152., 153., 154., 155.,
       156., 157., 158., 159., 160., 161., 162., 163., 164., 165., 166.,
       167., 168., 169., 170., 171., 172., 173., 174., 175., 176., 177.]), 176)
WE ARE IN THE GUTTERS!!!!!
Final Train Labels Length: 178
Final Test Labels Length: 176
Final Num Classes: 178
Final Bin Labels: [0, 1, 2, 3, 4, 5, 6, 7, 8, 9, 10, 11, 12, 13, 14, 15, 16, 17, 18, 19, 20, 21, 22, 23, 24, 25, 26, 27, 28, 29, 30, 31, 32, 33, 34, 35, 36, 37, 38, 39, 40, 41, 42, 43, 44, 45, 46, 47, 48, 49, 50, 51, 52, 53, 54, 55, 56, 57, 58, 59, 60, 61, 62, 63, 64, 65, 66, 67, 68, 69, 70, 71, 72, 73, 74, 75, 76, 77, 78, 79, 80, 81, 82, 83, 84, 85, 86, 87, 88, 89, 90, 91, 92, 93, 94, 95, 96, 97, 98, 99, 100, 101, 102, 103, 104, 105, 106, 107, 108, 109, 110, 111, 112, 113, 114, 115, 116, 117, 118, 119, 120, 121, 122, 123, 124, 125, 126, 127, 128, 129, 130, 131, 132, 133, 134, 135, 136, 137, 138, 139, 140, 141, 142, 143, 144, 145, 146, 147, 148, 149, 150, 151, 152, 153, 154, 155, 156, 157, 158, 159, 160, 161, 162, 163, 164, 165, 166, 167, 168, 169, 170, 171, 172, 173, 174, 175, 176, 177]
VERIFY SHIFT
Train after shift : [  0   1   2   3   4   5   6   7   8   9  10  11  12  13  14  15  16  17
  18  19  20  21  22  23  24  25  26  27  28  29  30  31  32  33  34  35
  36  37  38  39  40  41  42  43  44  45  46  47  48  49  50  51  52  53
  54  55  56  57  58  59  60  61  62  63  64  65  66  67  68  69  70  71
  72  73  74  75  76  77  78  79  80  81  82  83  84  85  86  87  88  89
  90  91  92  93  94  95  96  97  98  99 100 101 102 103 104 105 106 107
 108 109 110 111 112 113 114 115 116 117 118 119 120 121 122 123 124 125
 126 127 128 129 130 131 132 133 134 135 136 137 138 139 140 141 142 143
 144 145 146 147 148 149 150 151 152 153 154 155 156 157 158 159 160 161
 162 163 164 165 166 167 168 169 170 171 172 173 174 175 176 177], Length : 178
Test after shift : [  0   1   2   3   4   5   6   7   8   9  10  11  12  13  14  15  16  17
  18  19  20  21  22  23  24  25  26  27  28  29  30  31  32  33  34  35
  36  37  38  39  40  41  42  43  44  45  46  47  49  50  51  52  53  54
  55  56  57  58  59  60  61  62  63  64  65  66  67  68  69  70  71  72
  73  74  75  76  77  78  79  80  81  82  83  84  85  86  87  88  89  90
  91  92  93  94  95  96  97  98  99 100 101 102 103 104 105 106 107 109
 110 111 112 113 114 115 116 117 118 119 120 121 122 123 124 125 126 127
 128 129 130 131 132 133 134 135 136 137 138 139 140 141 142 143 144 145
 146 147 148 149 150 151 152 153 154 155 156 157 158 159 160 161 162 163
 164 165 166 167 168 169 170 171 172 173 174 175 176 177], Length : 176
Number of Classes After Bin Verifier: 178
In get_device
Using dim 8 and batch size 64
{'depth': 2, 'dim': 64, 'dropout': 0.2, 'heads': 2}
Epoch 0 loss 4.438955307006836
Epoch 1 loss 4.15986967086792
Epoch 2 loss 4.026632785797119
Epoch 3 loss 3.9974207878112793
Epoch 4 loss 3.994311571121216
Epoch 5 loss 3.9802017211914062
Epoch 6 loss 3.9516053199768066
Epoch 7 loss 3.927337646484375
Epoch 8 loss 3.9013919830322266
Epoch 9 loss 3.8935134410858154
Epoch 10 loss 3.9418299198150635
Epoch 11 loss 3.8804361820220947
Epoch 12 loss 3.8671066761016846
Epoch 13 loss 3.8649306297302246
Epoch 14 loss 3.88991641998291
Epoch 15 loss 3.880521535873413
Epoch 16 loss 3.8842530250549316
Epoch 17 loss 3.88594913482666
Epoch 18 loss 3.8777103424072266
Epoch 19 loss 3.9069137573242188
Epoch 20 loss 3.8809382915496826
Epoch 21 loss 3.8898773193359375
Epoch 22 loss 3.9041554927825928
Epoch 23 loss 3.906367063522339
Epoch 24 loss 3.9375076293945312
Epoch 25 loss 3.949352502822876
Epoch 26 loss 3.9378576278686523
Epoch 27 loss 3.973703384399414
Epoch 28 loss 3.9593353271484375
Epoch 29 loss 3.970728635787964
Epoch 30 loss 4.0163726806640625
Epoch 31 loss 4.009649753570557
Epoch 32 loss 4.008945941925049
Epoch 33 loss 4.062489986419678
Epoch 34 loss 4.098835468292236
Validation loss has not improved for 20 steps!
Early stopping applies.
State of save is True b4 loss saving
Log file exists at: output/SAINT/House_Sales/logging/loss_2.txt
File name : output/SAINT/House_Sales/logging/loss_2.txt . The file was saved
Log file exists at: output/SAINT/House_Sales/logging/val_loss_2.txt
File name : output/SAINT/House_Sales/logging/val_loss_2.txt . The file was saved
Saved Losses and Regularization
±±±±±±±±±±±±±±±±±±±±±±±±±±±±±±±±±±±±±±±±±±±±±±±±±±±±±±±±±±±±±±±±±±±±±±±±±±± 

B4 Evaluation
Number of classes : 178
Class label len :178
Class labels : [0, 1, 2, 3, 4, 5, 6, 7, 8, 9, 10, 11, 12, 13, 14, 15, 16, 17, 18, 19, 20, 21, 22, 23, 24, 25, 26, 27, 28, 29, 30, 31, 32, 33, 34, 35, 36, 37, 38, 39, 40, 41, 42, 43, 44, 45, 46, 47, 48, 49, 50, 51, 52, 53, 54, 55, 56, 57, 58, 59, 60, 61, 62, 63, 64, 65, 66, 67, 68, 69, 70, 71, 72, 73, 74, 75, 76, 77, 78, 79, 80, 81, 82, 83, 84, 85, 86, 87, 88, 89, 90, 91, 92, 93, 94, 95, 96, 97, 98, 99, 100, 101, 102, 103, 104, 105, 106, 107, 108, 109, 110, 111, 112, 113, 114, 115, 116, 117, 118, 119, 120, 121, 122, 123, 124, 125, 126, 127, 128, 129, 130, 131, 132, 133, 134, 135, 136, 137, 138, 139, 140, 141, 142, 143, 144, 145, 146, 147, 148, 149, 150, 151, 152, 153, 154, 155, 156, 157, 158, 159, 160, 161, 162, 163, 164, 165, 166, 167, 168, 169, 170, 171, 172, 173, 174, 175, 176, 177]
Unique y_true : 176
Unique train : 178

Prediction shape : (4323,)
Probabilities shape : (4323, 178) 

±±±±±±±±±±±±±±±±±±±±±±±±±±±±±±±±±±±±±±±±±±±±±±±±±±±±±±±±±±±±±±±±±±±±±±±±±±± 

IN SCORER EVAL
y_true classes: 176
Probabilities shape: (4323, 178)
DONE IN SCORER EVAL
After Evaluation
{'Log Loss - mean': 3.8106033333333333, 'Log Loss - std': 0.06347476418931301, 'AUC - mean': 0.8918573317203732, 'AUC - std': 0.0026114290537210378, 'Accuracy - mean': 0.0643843010255224, 'Accuracy - std': 0.006927620462708367, 'F1 score - mean': 0.04122377643701747, 'F1 score - std': 0.006380464733777971} 
 

Fold 4
num_features : 21
num_classes : 1
cat_idx : [0]
nominal_idx : [13]
ordinal_idx : None
num_idx : None
cat_dims : [2]
bin_alt : None
~~~~~~~~~~~~~~~~~~~~~~~~~~~~~~~~~~~~~~~~~~~~~~~~~~~~~~~~~~~~~~~~~~~~~~~~~~~~~~~
BEFORE ANY ENCODING
num_features :21
num_classes : 1
cat_idx : [0]
nominal_idx : [13]
ordinal_idx : None
num_idx : None
cat_dims : [2]
bin_alt : None 


X shape : (17291, 21)
~~~~~~~~~~~~~~~~~~~~~~~~~~~~~~~~~~~~~~~~~~~~~~~~~~~~~~~~~~~~~~~~~~~~~~~~~~~~~~~
~~~~~~~~~~~~~~~~~~~~~~~~~~~~~~~~~~~~~~~~~~~~~~~~~~~~~~~~~~~~~~~~~~~~~~~~~~~~~~~ 


AFTER SEPARATING CATEGORICALS AND NUMERICALS
Numerical Index V1 : [0, 1, 2, 3, 4, 5, 6, 7, 8, 9, 10, 11, 12, 14, 15, 16, 17, 18, 19, 20]
Cat Dims V1 : []
Cat Idx V1 : [13] 
 

~~~~~~~~~~~~~~~~~~~~~~~~~~~~~~~~~~~~~~~~~~~~~~~~~~~~~~~~~~~~~~~~~~~~~~~~~~~~~~~ 


Scaling the data...
One Hot Encoding...
~~~~~~~~~~~~~~~~~~~~~~~~~~~~~~~~~~~~~~~~~~~~~~~~~~~~~~~~~~~~~~~~~~~~~~~~~~~~~~~
After OHE
Numerical Index V2 : [0, 1, 2, 3, 4, 5, 6, 7, 8, 9, 10, 11, 12, 14, 15, 16, 17, 18, 19, 20] 


OHE Idx : [0, 1, 2, 3, 4, 5, 6, 7, 8, 9, 10, 11, 12, 13, 14, 15, 16, 17, 18, 19, 20, 21, 22, 23, 24, 25, 26, 27, 28, 29, 30, 31, 32, 33, 34, 35, 36, 37, 38, 39, 40, 41, 42, 43, 44, 45, 46, 47, 48, 49, 50, 51, 52, 53, 54, 55, 56, 57, 58, 59, 60, 61, 62, 63, 64, 65, 66, 67, 68, 69]


Ordinal Idx V2: None


Cat Dims V2 : []
Cat Idx V2 : None 
 

Train: [[0. 0. 0. 0. 0.]
 [0. 0. 0. 0. 0.]
 [0. 0. 0. 0. 0.]
 [0. 0. 0. 0. 0.]
 [0. 0. 0. 0. 0.]
 [0. 0. 0. 0. 0.]
 [0. 0. 0. 0. 0.]
 [0. 0. 0. 0. 0.]
 [0. 0. 0. 0. 0.]
 [0. 0. 0. 0. 0.]] 
 
 
Val : (17291, 90) 
 

~~~~~~~~~~~~~~~~~~~~~~~~~~~~~~~~~~~~~~~~~~~~~~~~~~~~~~~~~~~~~~~~~~~~~~~~~~~~~~~
~~~~~~~~~~~~~~~~~~~~~~~~~~~~~~~~~~~~~~~~~~~~~~~~~~~~~~~~~~~~~~~~~~~~~~~~~~~~~~~
After ORDINAL
Numerical Index V2 : [0, 1, 2, 3, 4, 5, 6, 7, 8, 9, 10, 11, 12, 14, 15, 16, 17, 18, 19, 20] 


OHE Idx : [0, 1, 2, 3, 4, 5, 6, 7, 8, 9, 10, 11, 12, 13, 14, 15, 16, 17, 18, 19, 20, 21, 22, 23, 24, 25, 26, 27, 28, 29, 30, 31, 32, 33, 34, 35, 36, 37, 38, 39, 40, 41, 42, 43, 44, 45, 46, 47, 48, 49, 50, 51, 52, 53, 54, 55, 56, 57, 58, 59, 60, 61, 62, 63, 64, 65, 66, 67, 68, 69]


Ordinal Idx V2: None


Cat Dims V2 : []
Cat Idx V2 : None 
 

Train: [[ 0.          0.          0.          0.          0.          0.
   0.          0.          0.          0.          0.          0.
   0.          0.          0.          0.          0.          0.
   0.          0.          0.          0.          0.          0.
   0.          0.          0.          0.          0.          0.
   0.          0.          0.          0.          0.          0.
   0.          0.          0.          0.          0.          0.
   0.          0.          0.          0.          0.          0.
   0.          0.          0.          0.          0.          0.
   0.          0.          0.          0.          0.          0.
   0.          0.          0.          0.          0.          0.
   1.          0.          0.          0.         -0.40689056 -1.45158542
  -0.9793635  -0.22406432 -0.91901629 -0.08601865 -0.30335866 -0.62818566
  -0.56114848 -0.73483377 -0.65814255 -0.54856633 -0.21024459 -0.35275491
  -0.30866343 -0.94078658 -0.25941786 -0.69164201  1.09428478 -0.3072261 ]
 [ 0.          0.          0.          0.          0.          0.
   0.          0.          0.          0.          0.          0.
   0.          0.          0.          0.          0.          0.
   0.          0.          0.          0.          0.          0.
   0.          0.          0.          0.          0.          0.
   0.          0.          0.          0.          0.          0.
   0.          0.          0.          0.          0.          0.
   0.          0.          0.          0.          0.          0.
   0.          0.          0.          0.          0.          0.
   0.          1.          0.          0.          0.          0.
   0.          0.          0.          0.          0.          0.
   0.          0.          0.          0.         -0.40689056  0.16718528
   0.52910389 -0.1869132   0.92755982 -0.08601865 -0.30335866 -0.62818566
  -0.56114848  0.4529345   0.2497395  -0.68467086  4.7430623   1.15877468
  -0.74752539 -0.42980973 -0.18731522 -0.69164201  1.73531463 -0.76998549]
 [ 0.          0.          0.          0.          0.          0.
   0.          0.          0.          0.          0.          0.
   0.          0.          0.          0.          1.          0.
   0.          0.          0.          0.          0.          0.
   0.          0.          0.          0.          0.          0.
   0.          0.          0.          0.          0.          0.
   0.          0.          0.          0.          0.          0.
   0.          0.          0.          0.          0.          0.
   0.          0.          0.          0.          0.          0.
   0.          0.          0.          0.          0.          0.
   0.          0.          0.          0.          0.          0.
   0.          0.          0.          0.         -1.50089531 -1.45158542
  -1.42430711 -0.12255214 -0.91901629 -0.08601865 -0.30335866 -0.62818566
  -1.41302015 -1.2267378  -0.65814255 -1.29714122 -0.21024459  1.28053279
  -0.13878138  1.07392215 -0.17198117  1.44583467 -1.46983462  1.08105208]
 [ 0.          0.          0.          0.          0.          0.
   0.          0.          0.          0.          0.          0.
   0.          0.          0.          0.          0.          0.
   0.          0.          0.          0.          0.          0.
   0.          0.          0.          0.          0.          0.
   0.          0.          0.          0.          0.          0.
   0.          0.          0.          0.          0.          0.
   0.          0.          0.          0.          0.          0.
   0.          0.          0.          0.          0.          0.
   0.          0.          0.          0.          1.          0.
   0.          0.          0.          0.          0.          0.
   0.          0.          0.          0.          0.6871142   1.13844771
  -0.1328854  -0.23923281 -0.91901629 -0.08601865 -0.30335866  2.45803631
  -0.56114848 -0.89080334  1.40728911 -0.20830502 -0.21024459 -0.28359054
  -1.27132837 -0.9115879  -0.28298081 -0.69164201  1.73531463 -0.76998549]
 [ 0.          0.          0.          0.          0.          0.
   0.          0.          0.          0.          0.          0.
   0.          0.          0.          0.          0.          0.
   0.          0.          0.          0.          0.          0.
   0.          0.          0.          0.          0.          0.
   0.          0.          0.          0.          0.          0.
   0.          1.          0.          0.          0.          0.
   0.          0.          0.          0.          0.          0.
   0.          0.          0.          0.          0.          0.
   0.          0.          0.          0.          0.          0.
   0.          0.          0.          0.          0.          0.
   0.          0.          0.          0.         -0.40689056 -0.15656886
  -0.43674933 -0.16735752 -0.91901629 -0.08601865 -0.30335866 -0.62818566
   0.29072319 -0.1349508  -0.65814255  0.54026987 -0.21024459  0.40805312
   1.19196133 -0.269217   -0.19224531  1.44583467 -1.46983462  0.27122314]
 [ 0.          0.          0.          0.          0.          0.
   0.          0.          0.          0.          0.          0.
   0.          0.          0.          0.          0.          0.
   0.          0.          0.          0.          0.          0.
   0.          0.          0.          0.          0.          1.
   0.          0.          0.          0.          0.          0.
   0.          0.          0.          0.          0.          0.
   0.          0.          0.          0.          0.          0.
   0.          0.          0.          0.          0.          0.
   0.          0.          0.          0.          0.          0.
   0.          0.          0.          0.          0.          0.
   0.          0.          0.          0.          0.6871142   3.08097255
   3.62200464  2.0227386  -0.91901629 -0.08601865 -0.30335866 -0.62818566
   2.8463382   2.5165319   2.81450628  1.01663571 -0.21024459  0.69119475
   1.47509807  4.05218722  3.23079943 -0.69164201 -0.50828985 -0.42291595]
 [ 0.          0.          0.          0.          0.          0.
   0.          0.          0.          0.          0.          0.
   0.          0.          0.          0.          0.          0.
   0.          0.          0.          0.          0.          0.
   0.          0.          0.          0.          0.          0.
   0.          0.          0.          0.          0.          0.
   0.          0.          0.          0.          0.          0.
   0.          0.          0.          0.          0.          0.
   0.          0.          0.          0.          0.          0.
   0.          0.          0.          0.          0.          0.
   0.          0.          0.          0.          0.          0.
   0.          0.          1.          0.         -0.40689056 -0.80407714
  -1.1095909  -0.12929629 -0.91901629 -0.08601865 -0.30335866 -0.62818566
  -0.56114848 -0.87880568 -0.65814255 -0.27635728 -0.21024459 -1.08546492
  -0.71921171 -0.48820708 -0.11220377  1.44583467 -1.79034955 -0.0758464 ]
 [ 0.          0.          0.          0.          0.          0.
   0.          0.          0.          0.          0.          0.
   0.          0.          0.          0.          0.          0.
   0.          0.          0.          0.          0.          0.
   0.          0.          0.          0.          0.          0.
   0.          0.          0.          0.          0.          0.
   0.          0.          0.          0.          0.          0.
   0.          0.          0.          0.          0.          0.
   0.          0.          0.          0.          0.          0.
   0.          0.          0.          0.          0.          0.
   1.          0.          0.          0.          0.          0.
   0.          0.          0.          0.         -0.40689056 -1.45158542
  -0.3282265  -0.18159256 -0.91901629 -0.08601865 -0.30335866 -0.62818566
  -0.56114848 -0.89080334  0.99874218 -0.37843568 -0.21024459 -0.34482983
  -0.87493692 -0.29841568 -0.17013239  1.44583467 -0.82880477 -0.0758464 ]
 [ 0.          0.          0.          0.          0.          0.
   0.          0.          0.          0.          0.          0.
   0.          0.          0.          0.          0.          0.
   0.          0.          0.          0.          0.          1.
   0.          0.          0.          0.          0.          0.
   0.          0.          0.          0.          0.          0.
   0.          0.          0.          0.          0.          0.
   0.          0.          0.          0.          0.          0.
   0.          0.          0.          0.          0.          0.
   0.          0.          0.          0.          0.          0.
   0.          0.          0.          0.          0.          0.
   0.          0.          0.          0.         -0.40689056  0.49093942
  -0.20885138 -0.20282844  0.92755982 -0.08601865 -0.30335866 -0.62818566
  -0.56114848  0.11700004 -0.65814255  1.08468797 -0.21024459 -1.38157486
   1.29105919  0.59214397 -0.18981652  1.44583467 -1.1493197  -0.42291595]
 [ 0.          0.          0.          0.          0.          0.
   0.          0.          0.          0.          0.          0.
   0.          0.          0.          0.          0.          0.
   0.          0.          0.          0.          0.          0.
   0.          0.          0.          0.          0.          0.
   0.          0.          0.          0.          0.          0.
   0.          0.          0.          0.          0.          0.
   0.          0.          0.          0.          0.          0.
   0.          1.          0.          0.          0.          0.
   0.          0.          0.          0.          0.          0.
   0.          0.          0.          0.          0.          0.
   0.          0.          0.          0.         -1.50089531 -1.45158542
  -1.00106806 -0.21589668 -0.91901629 -0.08601865 -0.30335866  0.91492532
  -0.56114848 -1.11875887  0.02276898 -0.99090604 -0.21024459  0.93543142
  -0.55640808 -0.95538592 -0.24673011 -0.69164201 -0.50828985  1.31243178]] 
 
 
Val : (17291, 90) 
 

FINISHED ENCODING
~~~~~~~~~~~~~~~~~~~~~~~~~~~~~~~~~~~~~~~~~~~~~~~~~~~~~~~~~~~~~~~~~~~~~~~~~~~~~~~
Number of Classes B4 Bin Verifier: 181
Unique values in y_train: (array([  0.,   1.,   2.,   3.,   4.,   5.,   6.,   7.,   8.,   9.,  10.,
        11.,  12.,  13.,  14.,  15.,  16.,  17.,  18.,  19.,  20.,  21.,
        22.,  23.,  24.,  25.,  26.,  27.,  28.,  29.,  30.,  31.,  32.,
        33.,  34.,  35.,  36.,  37.,  38.,  39.,  40.,  41.,  42.,  43.,
        44.,  45.,  46.,  47.,  48.,  49.,  50.,  51.,  52.,  53.,  54.,
        55.,  56.,  57.,  58.,  59.,  60.,  61.,  62.,  63.,  64.,  65.,
        66.,  67.,  68.,  69.,  70.,  71.,  72.,  73.,  74.,  75.,  76.,
        77.,  78.,  79.,  80.,  81.,  82.,  83.,  84.,  85.,  86.,  87.,
        88.,  89.,  90.,  91.,  92.,  93.,  94.,  95.,  96.,  97.,  98.,
        99., 100., 101., 102., 103., 104., 105., 106., 107., 108., 109.,
       110., 111., 112., 113., 114., 115., 116., 117., 118., 119., 120.,
       121., 122., 123., 124., 125., 126., 127., 128., 129., 130., 131.,
       132., 133., 134., 135., 136., 137., 138., 139., 140., 141., 142.,
       143., 144., 145., 146., 147., 148., 149., 150., 151., 152., 153.,
       154., 155., 156., 157., 158., 159., 160., 161., 162., 163., 164.,
       165., 166., 167., 168., 169., 170., 171., 172., 173., 174., 175.,
       176.]), 177)
Unique values in y_test: (array([  0.,   1.,   2.,   3.,   4.,   5.,   6.,   7.,   8.,   9.,  10.,
        11.,  12.,  13.,  14.,  15.,  16.,  17.,  18.,  19.,  20.,  21.,
        22.,  23.,  24.,  25.,  26.,  27.,  28.,  29.,  30.,  31.,  32.,
        33.,  34.,  35.,  36.,  37.,  38.,  39.,  40.,  41.,  42.,  43.,
        44.,  45.,  46.,  47.,  48.,  49.,  50.,  51.,  52.,  53.,  54.,
        55.,  56.,  57.,  58.,  59.,  60.,  61.,  62.,  63.,  64.,  65.,
        66.,  67.,  68.,  69.,  70.,  71.,  72.,  73.,  74.,  75.,  76.,
        77.,  78.,  79.,  80.,  81.,  82.,  83.,  84.,  85.,  86.,  87.,
        88.,  89.,  90.,  91.,  92.,  93.,  94.,  95.,  96.,  97.,  98.,
        99., 100., 101., 102., 103., 104., 105., 106., 107., 108., 109.,
       110., 111., 112., 113., 114., 115., 116., 117., 118., 119., 120.,
       121., 122., 123., 124., 125., 126., 127., 128., 129., 130., 131.,
       132., 133., 134., 135., 136., 137., 138., 139., 140., 141., 142.,
       143., 144., 145., 146., 147., 148., 149., 150., 151., 152., 153.,
       154., 155., 156., 157., 158., 159., 160., 161., 162., 163., 164.,
       165., 166., 167., 168., 169., 170., 171., 172., 173., 174., 175.,
       176.]), 177)
WE ARE IN THE GUTTERS!!!!!
Final Train Labels Length: 177
Final Test Labels Length: 177
Final Num Classes: 177
Final Bin Labels: [0, 1, 2, 3, 4, 5, 6, 7, 8, 9, 10, 11, 12, 13, 14, 15, 16, 17, 18, 19, 20, 21, 22, 23, 24, 25, 26, 27, 28, 29, 30, 31, 32, 33, 34, 35, 36, 37, 38, 39, 40, 41, 42, 43, 44, 45, 46, 47, 48, 49, 50, 51, 52, 53, 54, 55, 56, 57, 58, 59, 60, 61, 62, 63, 64, 65, 66, 67, 68, 69, 70, 71, 72, 73, 74, 75, 76, 77, 78, 79, 80, 81, 82, 83, 84, 85, 86, 87, 88, 89, 90, 91, 92, 93, 94, 95, 96, 97, 98, 99, 100, 101, 102, 103, 104, 105, 106, 107, 108, 109, 110, 111, 112, 113, 114, 115, 116, 117, 118, 119, 120, 121, 122, 123, 124, 125, 126, 127, 128, 129, 130, 131, 132, 133, 134, 135, 136, 137, 138, 139, 140, 141, 142, 143, 144, 145, 146, 147, 148, 149, 150, 151, 152, 153, 154, 155, 156, 157, 158, 159, 160, 161, 162, 163, 164, 165, 166, 167, 168, 169, 170, 171, 172, 173, 174, 175, 176]
VERIFY SHIFT
Train after shift : [  0   1   2   3   4   5   6   7   8   9  10  11  12  13  14  15  16  17
  18  19  20  21  22  23  24  25  26  27  28  29  30  31  32  33  34  35
  36  37  38  39  40  41  42  43  44  45  46  47  48  49  50  51  52  53
  54  55  56  57  58  59  60  61  62  63  64  65  66  67  68  69  70  71
  72  73  74  75  76  77  78  79  80  81  82  83  84  85  86  87  88  89
  90  91  92  93  94  95  96  97  98  99 100 101 102 103 104 105 106 107
 108 109 110 111 112 113 114 115 116 117 118 119 120 121 122 123 124 125
 126 127 128 129 130 131 132 133 134 135 136 137 138 139 140 141 142 143
 144 145 146 147 148 149 150 151 152 153 154 155 156 157 158 159 160 161
 162 163 164 165 166 167 168 169 170 171 172 173 174 175 176], Length : 177
Test after shift : [  0   1   2   3   4   5   6   7   8   9  10  11  12  13  14  15  16  17
  18  19  20  21  22  23  24  25  26  27  28  29  30  31  32  33  34  35
  36  37  38  39  40  41  42  43  44  45  46  47  48  49  50  51  52  53
  54  55  56  57  58  59  60  61  62  63  64  65  66  67  68  69  70  71
  72  73  74  75  76  77  78  79  80  81  82  83  84  85  86  87  88  89
  90  91  92  93  94  95  96  97  98  99 100 101 102 103 104 105 106 107
 108 109 110 111 112 113 114 115 116 117 118 119 120 121 122 123 124 125
 126 127 128 129 130 131 132 133 134 135 136 137 138 139 140 141 142 143
 144 145 146 147 148 149 150 151 152 153 154 155 156 157 158 159 160 161
 162 163 164 165 166 167 168 169 170 171 172 173 174 175 176], Length : 177
Number of Classes After Bin Verifier: 177
In get_device
Using dim 8 and batch size 64
{'depth': 2, 'dim': 64, 'dropout': 0.2, 'heads': 2}
Epoch 0 loss 4.42708158493042
Epoch 1 loss 4.2380452156066895
Epoch 2 loss 4.067291259765625
Epoch 3 loss 3.9896154403686523
Epoch 4 loss 3.9873414039611816
Epoch 5 loss 3.9402003288269043
Epoch 6 loss 3.9199767112731934
Epoch 7 loss 3.9045088291168213
Epoch 8 loss 3.8954198360443115
Epoch 9 loss 3.9564707279205322
Epoch 10 loss 3.889260768890381
Epoch 11 loss 3.8801212310791016
Epoch 12 loss 3.8873159885406494
Epoch 13 loss 3.8829915523529053
Epoch 14 loss 3.864464282989502
Epoch 15 loss 3.874368190765381
Epoch 16 loss 3.860902786254883
Epoch 17 loss 3.8585214614868164
Epoch 18 loss 3.8699207305908203
Epoch 19 loss 3.8704097270965576
Epoch 20 loss 3.871083974838257
Epoch 21 loss 3.868104934692383
Epoch 22 loss 3.8775343894958496
Epoch 23 loss 3.8901264667510986
Epoch 24 loss 3.9082672595977783
Epoch 25 loss 3.8931522369384766
Epoch 26 loss 3.89607834815979
Epoch 27 loss 3.9254775047302246
Epoch 28 loss 3.9340882301330566
Epoch 29 loss 3.934706687927246
Epoch 30 loss 3.9722039699554443
Epoch 31 loss 3.9697763919830322
Epoch 32 loss 3.979749917984009
Epoch 33 loss 4.030454158782959
Epoch 34 loss 4.030537128448486
Epoch 35 loss 4.0640950202941895
Epoch 36 loss 4.081383228302002
Epoch 37 loss 4.106828689575195
Epoch 38 loss 4.145541667938232
Validation loss has not improved for 20 steps!
Early stopping applies.
State of save is True b4 loss saving
Log file exists at: output/SAINT/House_Sales/logging/loss_3.txt
File name : output/SAINT/House_Sales/logging/loss_3.txt . The file was saved
Log file exists at: output/SAINT/House_Sales/logging/val_loss_3.txt
File name : output/SAINT/House_Sales/logging/val_loss_3.txt . The file was saved
Saved Losses and Regularization
±±±±±±±±±±±±±±±±±±±±±±±±±±±±±±±±±±±±±±±±±±±±±±±±±±±±±±±±±±±±±±±±±±±±±±±±±±± 

B4 Evaluation
Number of classes : 177
Class label len :177
Class labels : [0, 1, 2, 3, 4, 5, 6, 7, 8, 9, 10, 11, 12, 13, 14, 15, 16, 17, 18, 19, 20, 21, 22, 23, 24, 25, 26, 27, 28, 29, 30, 31, 32, 33, 34, 35, 36, 37, 38, 39, 40, 41, 42, 43, 44, 45, 46, 47, 48, 49, 50, 51, 52, 53, 54, 55, 56, 57, 58, 59, 60, 61, 62, 63, 64, 65, 66, 67, 68, 69, 70, 71, 72, 73, 74, 75, 76, 77, 78, 79, 80, 81, 82, 83, 84, 85, 86, 87, 88, 89, 90, 91, 92, 93, 94, 95, 96, 97, 98, 99, 100, 101, 102, 103, 104, 105, 106, 107, 108, 109, 110, 111, 112, 113, 114, 115, 116, 117, 118, 119, 120, 121, 122, 123, 124, 125, 126, 127, 128, 129, 130, 131, 132, 133, 134, 135, 136, 137, 138, 139, 140, 141, 142, 143, 144, 145, 146, 147, 148, 149, 150, 151, 152, 153, 154, 155, 156, 157, 158, 159, 160, 161, 162, 163, 164, 165, 166, 167, 168, 169, 170, 171, 172, 173, 174, 175, 176]
Unique y_true : 177
Unique train : 177

Prediction shape : (4322,)
Probabilities shape : (4322, 177) 

±±±±±±±±±±±±±±±±±±±±±±±±±±±±±±±±±±±±±±±±±±±±±±±±±±±±±±±±±±±±±±±±±±±±±±±±±±± 

IN SCORER EVAL
y_true classes: 177
Probabilities shape: (4322, 177)
DONE IN SCORER EVAL
After Evaluation
{'Log Loss - mean': 3.8219625, 'Log Loss - std': 0.0583855827131151, 'AUC - mean': 0.8916054429873072, 'AUC - std': 0.0023032618345512766, 'Accuracy - mean': 0.061534408092140405, 'Accuracy - std': 0.0077691449434106686, 'F1 score - mean': 0.038595811693758246, 'F1 score - std': 0.007159004381873138} 
 

Fold 5
num_features : 21
num_classes : 1
cat_idx : [0]
nominal_idx : [13]
ordinal_idx : None
num_idx : None
cat_dims : [2]
bin_alt : None
~~~~~~~~~~~~~~~~~~~~~~~~~~~~~~~~~~~~~~~~~~~~~~~~~~~~~~~~~~~~~~~~~~~~~~~~~~~~~~~
BEFORE ANY ENCODING
num_features :21
num_classes : 1
cat_idx : [0]
nominal_idx : [13]
ordinal_idx : None
num_idx : None
cat_dims : [2]
bin_alt : None 


X shape : (17291, 21)
~~~~~~~~~~~~~~~~~~~~~~~~~~~~~~~~~~~~~~~~~~~~~~~~~~~~~~~~~~~~~~~~~~~~~~~~~~~~~~~
~~~~~~~~~~~~~~~~~~~~~~~~~~~~~~~~~~~~~~~~~~~~~~~~~~~~~~~~~~~~~~~~~~~~~~~~~~~~~~~ 


AFTER SEPARATING CATEGORICALS AND NUMERICALS
Numerical Index V1 : [0, 1, 2, 3, 4, 5, 6, 7, 8, 9, 10, 11, 12, 14, 15, 16, 17, 18, 19, 20]
Cat Dims V1 : []
Cat Idx V1 : [13] 
 

~~~~~~~~~~~~~~~~~~~~~~~~~~~~~~~~~~~~~~~~~~~~~~~~~~~~~~~~~~~~~~~~~~~~~~~~~~~~~~~ 


Scaling the data...
One Hot Encoding...
~~~~~~~~~~~~~~~~~~~~~~~~~~~~~~~~~~~~~~~~~~~~~~~~~~~~~~~~~~~~~~~~~~~~~~~~~~~~~~~
After OHE
Numerical Index V2 : [0, 1, 2, 3, 4, 5, 6, 7, 8, 9, 10, 11, 12, 14, 15, 16, 17, 18, 19, 20] 


OHE Idx : [0, 1, 2, 3, 4, 5, 6, 7, 8, 9, 10, 11, 12, 13, 14, 15, 16, 17, 18, 19, 20, 21, 22, 23, 24, 25, 26, 27, 28, 29, 30, 31, 32, 33, 34, 35, 36, 37, 38, 39, 40, 41, 42, 43, 44, 45, 46, 47, 48, 49, 50, 51, 52, 53, 54, 55, 56, 57, 58, 59, 60, 61, 62, 63, 64, 65, 66, 67, 68, 69]


Ordinal Idx V2: None


Cat Dims V2 : []
Cat Idx V2 : None 
 

Train: [[0. 0. 0. 0. 0.]
 [0. 0. 0. 0. 0.]
 [0. 0. 1. 0. 0.]
 [0. 0. 0. 0. 0.]
 [0. 0. 0. 0. 0.]
 [0. 0. 0. 0. 0.]
 [0. 0. 0. 0. 0.]
 [0. 0. 0. 0. 0.]
 [0. 0. 0. 0. 0.]
 [0. 0. 0. 0. 0.]] 
 
 
Val : (17291, 90) 
 

~~~~~~~~~~~~~~~~~~~~~~~~~~~~~~~~~~~~~~~~~~~~~~~~~~~~~~~~~~~~~~~~~~~~~~~~~~~~~~~
~~~~~~~~~~~~~~~~~~~~~~~~~~~~~~~~~~~~~~~~~~~~~~~~~~~~~~~~~~~~~~~~~~~~~~~~~~~~~~~
After ORDINAL
Numerical Index V2 : [0, 1, 2, 3, 4, 5, 6, 7, 8, 9, 10, 11, 12, 14, 15, 16, 17, 18, 19, 20] 


OHE Idx : [0, 1, 2, 3, 4, 5, 6, 7, 8, 9, 10, 11, 12, 13, 14, 15, 16, 17, 18, 19, 20, 21, 22, 23, 24, 25, 26, 27, 28, 29, 30, 31, 32, 33, 34, 35, 36, 37, 38, 39, 40, 41, 42, 43, 44, 45, 46, 47, 48, 49, 50, 51, 52, 53, 54, 55, 56, 57, 58, 59, 60, 61, 62, 63, 64, 65, 66, 67, 68, 69]


Ordinal Idx V2: None


Cat Dims V2 : []
Cat Idx V2 : None 
 

Train: [[ 0.00000000e+00  0.00000000e+00  0.00000000e+00  0.00000000e+00
   0.00000000e+00  0.00000000e+00  0.00000000e+00  0.00000000e+00
   0.00000000e+00  0.00000000e+00  0.00000000e+00  0.00000000e+00
   0.00000000e+00  0.00000000e+00  0.00000000e+00  0.00000000e+00
   1.00000000e+00  0.00000000e+00  0.00000000e+00  0.00000000e+00
   0.00000000e+00  0.00000000e+00  0.00000000e+00  0.00000000e+00
   0.00000000e+00  0.00000000e+00  0.00000000e+00  0.00000000e+00
   0.00000000e+00  0.00000000e+00  0.00000000e+00  0.00000000e+00
   0.00000000e+00  0.00000000e+00  0.00000000e+00  0.00000000e+00
   0.00000000e+00  0.00000000e+00  0.00000000e+00  0.00000000e+00
   0.00000000e+00  0.00000000e+00  0.00000000e+00  0.00000000e+00
   0.00000000e+00  0.00000000e+00  0.00000000e+00  0.00000000e+00
   0.00000000e+00  0.00000000e+00  0.00000000e+00  0.00000000e+00
   0.00000000e+00  0.00000000e+00  0.00000000e+00  0.00000000e+00
   0.00000000e+00  0.00000000e+00  0.00000000e+00  0.00000000e+00
   0.00000000e+00  0.00000000e+00  0.00000000e+00  0.00000000e+00
   0.00000000e+00  0.00000000e+00  0.00000000e+00  0.00000000e+00
   0.00000000e+00  0.00000000e+00 -1.46522841e+00 -1.44959243e+00
  -1.42903253e+00 -1.24024562e-01 -9.11265105e-01 -8.73729514e-02
  -3.05090810e-01 -6.28575252e-01 -1.41774071e+00 -1.22950778e+00
  -6.59206226e-01 -1.29724427e+00 -2.10543891e-01  1.28617272e+00
  -1.32049290e-01  1.07354326e+00 -1.71578976e-01  1.44812997e+00
  -1.46713375e+00  1.08404858e+00]
 [ 0.00000000e+00  0.00000000e+00  0.00000000e+00  0.00000000e+00
   0.00000000e+00  0.00000000e+00  0.00000000e+00  0.00000000e+00
   0.00000000e+00  0.00000000e+00  0.00000000e+00  0.00000000e+00
   0.00000000e+00  0.00000000e+00  0.00000000e+00  0.00000000e+00
   0.00000000e+00  0.00000000e+00  0.00000000e+00  0.00000000e+00
   0.00000000e+00  0.00000000e+00  0.00000000e+00  0.00000000e+00
   0.00000000e+00  0.00000000e+00  0.00000000e+00  0.00000000e+00
   0.00000000e+00  0.00000000e+00  0.00000000e+00  0.00000000e+00
   0.00000000e+00  0.00000000e+00  0.00000000e+00  0.00000000e+00
   0.00000000e+00  1.00000000e+00  0.00000000e+00  0.00000000e+00
   0.00000000e+00  0.00000000e+00  0.00000000e+00  0.00000000e+00
   0.00000000e+00  0.00000000e+00  0.00000000e+00  0.00000000e+00
   0.00000000e+00  0.00000000e+00  0.00000000e+00  0.00000000e+00
   0.00000000e+00  0.00000000e+00  0.00000000e+00  0.00000000e+00
   0.00000000e+00  0.00000000e+00  0.00000000e+00  0.00000000e+00
   0.00000000e+00  0.00000000e+00  0.00000000e+00  0.00000000e+00
   0.00000000e+00  0.00000000e+00  0.00000000e+00  0.00000000e+00
   0.00000000e+00  0.00000000e+00 -3.97401366e-01 -1.45215728e-01
  -4.33784316e-01 -1.72861315e-01 -9.11265105e-01 -8.73729514e-02
  -3.05090810e-01 -6.28575252e-01  2.95517466e-01 -1.26495482e-01
  -6.59206226e-01  5.47241157e-01 -2.10543891e-01  4.11371019e-01
   1.20397428e+00 -2.72140904e-01 -1.92417981e-01  1.44812997e+00
  -1.46713375e+00  2.72452120e-01]
 [ 0.00000000e+00  0.00000000e+00  1.00000000e+00  0.00000000e+00
   0.00000000e+00  0.00000000e+00  0.00000000e+00  0.00000000e+00
   0.00000000e+00  0.00000000e+00  0.00000000e+00  0.00000000e+00
   0.00000000e+00  0.00000000e+00  0.00000000e+00  0.00000000e+00
   0.00000000e+00  0.00000000e+00  0.00000000e+00  0.00000000e+00
   0.00000000e+00  0.00000000e+00  0.00000000e+00  0.00000000e+00
   0.00000000e+00  0.00000000e+00  0.00000000e+00  0.00000000e+00
   0.00000000e+00  0.00000000e+00  0.00000000e+00  0.00000000e+00
   0.00000000e+00  0.00000000e+00  0.00000000e+00  0.00000000e+00
   0.00000000e+00  0.00000000e+00  0.00000000e+00  0.00000000e+00
   0.00000000e+00  0.00000000e+00  0.00000000e+00  0.00000000e+00
   0.00000000e+00  0.00000000e+00  0.00000000e+00  0.00000000e+00
   0.00000000e+00  0.00000000e+00  0.00000000e+00  0.00000000e+00
   0.00000000e+00  0.00000000e+00  0.00000000e+00  0.00000000e+00
   0.00000000e+00  0.00000000e+00  0.00000000e+00  0.00000000e+00
   0.00000000e+00  0.00000000e+00  0.00000000e+00  0.00000000e+00
   0.00000000e+00  0.00000000e+00  0.00000000e+00  0.00000000e+00
   0.00000000e+00  0.00000000e+00 -3.97401366e-01  1.80878448e-01
  -3.95505538e-01 -2.04935871e-01  9.43881175e-01 -8.73729514e-02
  -3.05090810e-01 -6.28575252e-01 -5.61111621e-01 -8.40719324e-02
  -6.59206226e-01  8.20498257e-01 -2.10543891e-01 -1.80705676e+00
  -8.00061074e-01  3.68521773e-01 -2.17916871e-01 -6.90545751e-01
  -1.84793849e-01  1.31593328e+00]
 [ 0.00000000e+00  0.00000000e+00  0.00000000e+00  0.00000000e+00
   0.00000000e+00  0.00000000e+00  0.00000000e+00  0.00000000e+00
   0.00000000e+00  0.00000000e+00  0.00000000e+00  0.00000000e+00
   0.00000000e+00  0.00000000e+00  0.00000000e+00  0.00000000e+00
   0.00000000e+00  0.00000000e+00  0.00000000e+00  0.00000000e+00
   0.00000000e+00  0.00000000e+00  0.00000000e+00  0.00000000e+00
   0.00000000e+00  0.00000000e+00  0.00000000e+00  0.00000000e+00
   0.00000000e+00  0.00000000e+00  0.00000000e+00  0.00000000e+00
   0.00000000e+00  0.00000000e+00  0.00000000e+00  0.00000000e+00
   0.00000000e+00  0.00000000e+00  0.00000000e+00  0.00000000e+00
   0.00000000e+00  0.00000000e+00  0.00000000e+00  0.00000000e+00
   0.00000000e+00  0.00000000e+00  0.00000000e+00  0.00000000e+00
   0.00000000e+00  0.00000000e+00  0.00000000e+00  0.00000000e+00
   0.00000000e+00  0.00000000e+00  0.00000000e+00  0.00000000e+00
   0.00000000e+00  0.00000000e+00  0.00000000e+00  0.00000000e+00
   0.00000000e+00  0.00000000e+00  0.00000000e+00  0.00000000e+00
   0.00000000e+00  0.00000000e+00  0.00000000e+00  0.00000000e+00
   1.00000000e+00  0.00000000e+00 -3.97401366e-01 -7.97404081e-01
  -1.11186552e+00 -1.31375511e-01 -9.11265105e-01 -8.73729514e-02
  -3.05090810e-01 -6.28575252e-01 -5.61111621e-01 -8.77998365e-01
  -6.59206226e-01 -2.72530142e-01 -2.10543891e-01 -1.08612191e+00
  -7.14782974e-01 -4.91545931e-01 -1.10105776e-01  1.44812997e+00
  -1.78771873e+00 -7.53749332e-02]
 [ 0.00000000e+00  0.00000000e+00  0.00000000e+00  0.00000000e+00
   0.00000000e+00  0.00000000e+00  0.00000000e+00  0.00000000e+00
   0.00000000e+00  0.00000000e+00  0.00000000e+00  0.00000000e+00
   0.00000000e+00  0.00000000e+00  0.00000000e+00  0.00000000e+00
   0.00000000e+00  0.00000000e+00  0.00000000e+00  0.00000000e+00
   0.00000000e+00  0.00000000e+00  0.00000000e+00  0.00000000e+00
   0.00000000e+00  0.00000000e+00  0.00000000e+00  0.00000000e+00
   0.00000000e+00  0.00000000e+00  0.00000000e+00  0.00000000e+00
   0.00000000e+00  0.00000000e+00  0.00000000e+00  0.00000000e+00
   0.00000000e+00  0.00000000e+00  0.00000000e+00  0.00000000e+00
   0.00000000e+00  0.00000000e+00  0.00000000e+00  0.00000000e+00
   0.00000000e+00  0.00000000e+00  0.00000000e+00  0.00000000e+00
   0.00000000e+00  0.00000000e+00  0.00000000e+00  0.00000000e+00
   0.00000000e+00  0.00000000e+00  0.00000000e+00  0.00000000e+00
   0.00000000e+00  0.00000000e+00  0.00000000e+00  0.00000000e+00
   1.00000000e+00  0.00000000e+00  0.00000000e+00  0.00000000e+00
   0.00000000e+00  0.00000000e+00  0.00000000e+00  0.00000000e+00
   0.00000000e+00  0.00000000e+00 -3.97401366e-01 -1.44959243e+00
  -3.24416380e-01 -1.88377159e-01 -9.11265105e-01 -8.73729514e-02
  -3.05090810e-01 -6.28575252e-01 -5.61111621e-01 -8.90119380e-01
   9.87298486e-01 -3.75001554e-01 -2.10543891e-01 -3.43515672e-01
  -8.71126158e-01 -3.01394908e-01 -1.69677743e-01  1.44812997e+00
  -8.25963800e-01 -7.53749332e-02]
 [ 0.00000000e+00  0.00000000e+00  0.00000000e+00  0.00000000e+00
   0.00000000e+00  0.00000000e+00  1.00000000e+00  0.00000000e+00
   0.00000000e+00  0.00000000e+00  0.00000000e+00  0.00000000e+00
   0.00000000e+00  0.00000000e+00  0.00000000e+00  0.00000000e+00
   0.00000000e+00  0.00000000e+00  0.00000000e+00  0.00000000e+00
   0.00000000e+00  0.00000000e+00  0.00000000e+00  0.00000000e+00
   0.00000000e+00  0.00000000e+00  0.00000000e+00  0.00000000e+00
   0.00000000e+00  0.00000000e+00  0.00000000e+00  0.00000000e+00
   0.00000000e+00  0.00000000e+00  0.00000000e+00  0.00000000e+00
   0.00000000e+00  0.00000000e+00  0.00000000e+00  0.00000000e+00
   0.00000000e+00  0.00000000e+00  0.00000000e+00  0.00000000e+00
   0.00000000e+00  0.00000000e+00  0.00000000e+00  0.00000000e+00
   0.00000000e+00  0.00000000e+00  0.00000000e+00  0.00000000e+00
   0.00000000e+00  0.00000000e+00  0.00000000e+00  0.00000000e+00
   0.00000000e+00  0.00000000e+00  0.00000000e+00  0.00000000e+00
   0.00000000e+00  0.00000000e+00  0.00000000e+00  0.00000000e+00
   0.00000000e+00  0.00000000e+00  0.00000000e+00  0.00000000e+00
   0.00000000e+00  0.00000000e+00 -3.97401366e-01  5.06972624e-01
   1.62233288e+00 -1.29213467e-01 -9.11265105e-01 -8.73729514e-02
  -3.05090810e-01 -6.28575252e-01  2.95517466e-01  9.16827741e-02
   3.17511982e+00 -2.04215867e-01 -2.10543891e-01  2.95067902e-01
   4.93323444e-01  3.27566168e-01 -1.39407132e-01  1.44812997e+00
  -8.25963800e-01 -1.46668315e+00]
 [ 0.00000000e+00  0.00000000e+00  0.00000000e+00  0.00000000e+00
   0.00000000e+00  0.00000000e+00  0.00000000e+00  0.00000000e+00
   0.00000000e+00  0.00000000e+00  0.00000000e+00  0.00000000e+00
   0.00000000e+00  0.00000000e+00  0.00000000e+00  0.00000000e+00
   1.00000000e+00  0.00000000e+00  0.00000000e+00  0.00000000e+00
   0.00000000e+00  0.00000000e+00  0.00000000e+00  0.00000000e+00
   0.00000000e+00  0.00000000e+00  0.00000000e+00  0.00000000e+00
   0.00000000e+00  0.00000000e+00  0.00000000e+00  0.00000000e+00
   0.00000000e+00  0.00000000e+00  0.00000000e+00  0.00000000e+00
   0.00000000e+00  0.00000000e+00  0.00000000e+00  0.00000000e+00
   0.00000000e+00  0.00000000e+00  0.00000000e+00  0.00000000e+00
   0.00000000e+00  0.00000000e+00  0.00000000e+00  0.00000000e+00
   0.00000000e+00  0.00000000e+00  0.00000000e+00  0.00000000e+00
   0.00000000e+00  0.00000000e+00  0.00000000e+00  0.00000000e+00
   0.00000000e+00  0.00000000e+00  0.00000000e+00  0.00000000e+00
   0.00000000e+00  0.00000000e+00  0.00000000e+00  0.00000000e+00
   0.00000000e+00  0.00000000e+00  0.00000000e+00  0.00000000e+00
   0.00000000e+00  0.00000000e+00 -3.97401366e-01 -1.44959243e+00
  -7.07204156e-01  1.27815383e-01  1.63080351e-02 -8.73729514e-02
  -3.05090810e-01  9.10028186e-01 -5.61111621e-01 -4.29520838e-01
  -6.59206226e-01 -1.50218709e+00 -2.10543891e-01  1.41547867e+00
  -1.03623257e-01 -3.01394908e-01  1.20955314e-03 -6.90545751e-01
  -5.05378825e-01  1.43187563e+00]
 [ 0.00000000e+00  0.00000000e+00  0.00000000e+00  0.00000000e+00
   0.00000000e+00  0.00000000e+00  0.00000000e+00  0.00000000e+00
   0.00000000e+00  0.00000000e+00  0.00000000e+00  0.00000000e+00
   0.00000000e+00  0.00000000e+00  0.00000000e+00  0.00000000e+00
   0.00000000e+00  0.00000000e+00  0.00000000e+00  0.00000000e+00
   0.00000000e+00  0.00000000e+00  0.00000000e+00  0.00000000e+00
   0.00000000e+00  0.00000000e+00  0.00000000e+00  0.00000000e+00
   0.00000000e+00  0.00000000e+00  0.00000000e+00  0.00000000e+00
   0.00000000e+00  0.00000000e+00  0.00000000e+00  0.00000000e+00
   0.00000000e+00  1.00000000e+00  0.00000000e+00  0.00000000e+00
   0.00000000e+00  0.00000000e+00  0.00000000e+00  0.00000000e+00
   0.00000000e+00  0.00000000e+00  0.00000000e+00  0.00000000e+00
   0.00000000e+00  0.00000000e+00  0.00000000e+00  0.00000000e+00
   0.00000000e+00  0.00000000e+00  0.00000000e+00  0.00000000e+00
   0.00000000e+00  0.00000000e+00  0.00000000e+00  0.00000000e+00
   0.00000000e+00  0.00000000e+00  0.00000000e+00  0.00000000e+00
   0.00000000e+00  0.00000000e+00  0.00000000e+00  0.00000000e+00
   0.00000000e+00  0.00000000e+00 -3.97401366e-01 -4.71309904e-01
  -7.72824917e-01 -1.32164021e-01 -9.11265105e-01 -8.73729514e-02
  -3.05090810e-01  9.10028186e-01 -5.61111621e-01 -5.02246924e-01
  -6.59206226e-01  2.05669783e-01 -2.10543891e-01  3.81753455e-01
   1.20397428e+00 -9.01101980e-01 -9.15780737e-02 -6.90545751e-01
   1.09754605e+00 -1.00291374e+00]
 [ 0.00000000e+00  0.00000000e+00  0.00000000e+00  0.00000000e+00
   0.00000000e+00  0.00000000e+00  0.00000000e+00  0.00000000e+00
   0.00000000e+00  0.00000000e+00  0.00000000e+00  0.00000000e+00
   0.00000000e+00  0.00000000e+00  0.00000000e+00  0.00000000e+00
   0.00000000e+00  0.00000000e+00  0.00000000e+00  0.00000000e+00
   0.00000000e+00  0.00000000e+00  0.00000000e+00  0.00000000e+00
   0.00000000e+00  0.00000000e+00  0.00000000e+00  0.00000000e+00
   0.00000000e+00  0.00000000e+00  0.00000000e+00  0.00000000e+00
   0.00000000e+00  0.00000000e+00  0.00000000e+00  0.00000000e+00
   0.00000000e+00  0.00000000e+00  0.00000000e+00  0.00000000e+00
   0.00000000e+00  0.00000000e+00  0.00000000e+00  0.00000000e+00
   0.00000000e+00  0.00000000e+00  0.00000000e+00  0.00000000e+00
   0.00000000e+00  0.00000000e+00  0.00000000e+00  0.00000000e+00
   0.00000000e+00  0.00000000e+00  0.00000000e+00  0.00000000e+00
   1.00000000e+00  0.00000000e+00  0.00000000e+00  0.00000000e+00
   0.00000000e+00  0.00000000e+00  0.00000000e+00  0.00000000e+00
   0.00000000e+00  0.00000000e+00  0.00000000e+00  0.00000000e+00
   0.00000000e+00  0.00000000e+00  6.70425676e-01  1.15916098e+00
   9.55188471e-01 -2.51203607e-01  9.43881175e-01 -8.73729514e-02
   3.63073997e+00 -6.28575252e-01  1.15214655e+00  2.37134945e-01
   1.52861510e+00  2.73984057e-01 -2.10543891e-01  8.34106764e-02
  -1.14117347e+00  2.25177156e-01 -3.23006594e-01  1.44812997e+00
  -1.78771873e+00  9.68106228e-01]
 [ 0.00000000e+00  0.00000000e+00  0.00000000e+00  0.00000000e+00
   0.00000000e+00  0.00000000e+00  0.00000000e+00  0.00000000e+00
   0.00000000e+00  0.00000000e+00  0.00000000e+00  0.00000000e+00
   0.00000000e+00  0.00000000e+00  0.00000000e+00  0.00000000e+00
   0.00000000e+00  0.00000000e+00  0.00000000e+00  0.00000000e+00
   0.00000000e+00  0.00000000e+00  0.00000000e+00  0.00000000e+00
   0.00000000e+00  0.00000000e+00  0.00000000e+00  0.00000000e+00
   0.00000000e+00  0.00000000e+00  0.00000000e+00  0.00000000e+00
   0.00000000e+00  0.00000000e+00  0.00000000e+00  0.00000000e+00
   0.00000000e+00  0.00000000e+00  0.00000000e+00  0.00000000e+00
   0.00000000e+00  0.00000000e+00  1.00000000e+00  0.00000000e+00
   0.00000000e+00  0.00000000e+00  0.00000000e+00  0.00000000e+00
   0.00000000e+00  0.00000000e+00  0.00000000e+00  0.00000000e+00
   0.00000000e+00  0.00000000e+00  0.00000000e+00  0.00000000e+00
   0.00000000e+00  0.00000000e+00  0.00000000e+00  0.00000000e+00
   0.00000000e+00  0.00000000e+00  0.00000000e+00  0.00000000e+00
   0.00000000e+00  0.00000000e+00  0.00000000e+00  0.00000000e+00
   0.00000000e+00  0.00000000e+00  6.70425676e-01 -1.44959243e+00
  -5.21278664e-01 -2.69008674e-01  1.63080351e-02 -8.73729514e-02
  -3.05090810e-01  9.10028186e-01 -5.61111621e-01 -2.23463596e-01
  -6.59206226e-01 -1.87791560e+00 -2.10543891e-01  7.58113231e-01
  -9.13765208e-01 -5.50053938e-01 -3.11822870e-01 -6.90545751e-01
  -5.05378825e-01  1.54781798e+00]] 
 
 
Val : (17291, 90) 
 

FINISHED ENCODING
~~~~~~~~~~~~~~~~~~~~~~~~~~~~~~~~~~~~~~~~~~~~~~~~~~~~~~~~~~~~~~~~~~~~~~~~~~~~~~~
Number of Classes B4 Bin Verifier: 180
Unique values in y_train: (array([  0.,   1.,   2.,   3.,   4.,   5.,   6.,   7.,   8.,   9.,  10.,
        11.,  12.,  13.,  14.,  15.,  16.,  17.,  18.,  19.,  20.,  21.,
        22.,  23.,  24.,  25.,  26.,  27.,  28.,  29.,  30.,  31.,  32.,
        33.,  34.,  35.,  36.,  37.,  38.,  39.,  40.,  41.,  42.,  43.,
        44.,  45.,  46.,  47.,  48.,  49.,  50.,  51.,  52.,  53.,  54.,
        55.,  56.,  57.,  58.,  59.,  60.,  61.,  62.,  63.,  64.,  65.,
        66.,  67.,  68.,  69.,  70.,  71.,  72.,  73.,  74.,  75.,  76.,
        77.,  78.,  79.,  80.,  81.,  82.,  83.,  84.,  85.,  86.,  87.,
        88.,  89.,  90.,  91.,  92.,  93.,  94.,  95.,  96.,  97.,  98.,
        99., 100., 101., 102., 103., 104., 105., 106., 107., 108., 109.,
       110., 111., 112., 113., 114., 115., 116., 117., 118., 119., 120.,
       121., 122., 123., 124., 125., 126., 127., 128., 129., 130., 131.,
       132., 133., 134., 135., 136., 137., 138., 139., 140., 141., 142.,
       143., 144., 145., 146., 147., 148., 149., 150., 151., 152., 153.,
       154., 155., 156., 157., 158., 159., 160., 161., 162., 163., 164.,
       165., 166., 167., 168., 169., 170., 171., 172., 173., 174., 175.,
       176.]), 177)
Unique values in y_test: (array([  0.,   1.,   2.,   3.,   4.,   5.,   6.,   7.,   8.,   9.,  10.,
        11.,  12.,  13.,  14.,  15.,  16.,  17.,  18.,  19.,  20.,  21.,
        22.,  23.,  24.,  25.,  26.,  27.,  28.,  29.,  30.,  31.,  32.,
        33.,  34.,  35.,  36.,  37.,  38.,  39.,  40.,  41.,  42.,  43.,
        44.,  45.,  46.,  47.,  48.,  49.,  50.,  51.,  52.,  53.,  54.,
        55.,  56.,  57.,  58.,  59.,  60.,  61.,  62.,  63.,  64.,  65.,
        66.,  67.,  68.,  69.,  70.,  71.,  72.,  73.,  74.,  75.,  76.,
        77.,  78.,  79.,  80.,  81.,  82.,  83.,  84.,  85.,  86.,  87.,
        88.,  89.,  90.,  91.,  92.,  93.,  94.,  95.,  96.,  97.,  98.,
        99., 100., 101., 102., 103., 104., 105., 106., 107., 108., 109.,
       110., 111., 112., 114., 115., 116., 117., 118., 119., 120., 121.,
       122., 123., 124., 125., 126., 127., 128., 129., 130., 131., 132.,
       133., 134., 135., 136., 137., 138., 139., 140., 141., 142., 143.,
       144., 145., 146., 147., 148., 149., 150., 151., 152., 153., 154.,
       155., 156., 157., 158., 159., 160., 161., 162., 163., 164., 165.,
       166., 167., 168., 169., 170., 171., 172., 173., 174., 175., 176.]), 176)
WE ARE IN THE GUTTERS!!!!!
Final Train Labels Length: 177
Final Test Labels Length: 176
Final Num Classes: 177
Final Bin Labels: [0, 1, 2, 3, 4, 5, 6, 7, 8, 9, 10, 11, 12, 13, 14, 15, 16, 17, 18, 19, 20, 21, 22, 23, 24, 25, 26, 27, 28, 29, 30, 31, 32, 33, 34, 35, 36, 37, 38, 39, 40, 41, 42, 43, 44, 45, 46, 47, 48, 49, 50, 51, 52, 53, 54, 55, 56, 57, 58, 59, 60, 61, 62, 63, 64, 65, 66, 67, 68, 69, 70, 71, 72, 73, 74, 75, 76, 77, 78, 79, 80, 81, 82, 83, 84, 85, 86, 87, 88, 89, 90, 91, 92, 93, 94, 95, 96, 97, 98, 99, 100, 101, 102, 103, 104, 105, 106, 107, 108, 109, 110, 111, 112, 113, 114, 115, 116, 117, 118, 119, 120, 121, 122, 123, 124, 125, 126, 127, 128, 129, 130, 131, 132, 133, 134, 135, 136, 137, 138, 139, 140, 141, 142, 143, 144, 145, 146, 147, 148, 149, 150, 151, 152, 153, 154, 155, 156, 157, 158, 159, 160, 161, 162, 163, 164, 165, 166, 167, 168, 169, 170, 171, 172, 173, 174, 175, 176]
VERIFY SHIFT
Train after shift : [  0   1   2   3   4   5   6   7   8   9  10  11  12  13  14  15  16  17
  18  19  20  21  22  23  24  25  26  27  28  29  30  31  32  33  34  35
  36  37  38  39  40  41  42  43  44  45  46  47  48  49  50  51  52  53
  54  55  56  57  58  59  60  61  62  63  64  65  66  67  68  69  70  71
  72  73  74  75  76  77  78  79  80  81  82  83  84  85  86  87  88  89
  90  91  92  93  94  95  96  97  98  99 100 101 102 103 104 105 106 107
 108 109 110 111 112 113 114 115 116 117 118 119 120 121 122 123 124 125
 126 127 128 129 130 131 132 133 134 135 136 137 138 139 140 141 142 143
 144 145 146 147 148 149 150 151 152 153 154 155 156 157 158 159 160 161
 162 163 164 165 166 167 168 169 170 171 172 173 174 175 176], Length : 177
Test after shift : [  0   1   2   3   4   5   6   7   8   9  10  11  12  13  14  15  16  17
  18  19  20  21  22  23  24  25  26  27  28  29  30  31  32  33  34  35
  36  37  38  39  40  41  42  43  44  45  46  47  48  49  50  51  52  53
  54  55  56  57  58  59  60  61  62  63  64  65  66  67  68  69  70  71
  72  73  74  75  76  77  78  79  80  81  82  83  84  85  86  87  88  89
  90  91  92  93  94  95  96  97  98  99 100 101 102 103 104 105 106 107
 108 109 110 111 112 114 115 116 117 118 119 120 121 122 123 124 125 126
 127 128 129 130 131 132 133 134 135 136 137 138 139 140 141 142 143 144
 145 146 147 148 149 150 151 152 153 154 155 156 157 158 159 160 161 162
 163 164 165 166 167 168 169 170 171 172 173 174 175 176], Length : 176
Number of Classes After Bin Verifier: 177
In get_device
Using dim 8 and batch size 64
{'depth': 2, 'dim': 64, 'dropout': 0.2, 'heads': 2}
Epoch 0 loss 4.52647066116333
Epoch 1 loss 4.138462066650391
Epoch 2 loss 4.04581880569458
Epoch 3 loss 4.023343563079834
Epoch 4 loss 3.935117483139038
Epoch 5 loss 3.925180673599243
Epoch 6 loss 3.91304612159729
Epoch 7 loss 3.9060583114624023
Epoch 8 loss 3.881274938583374
Epoch 9 loss 3.8909966945648193
Epoch 10 loss 3.8586618900299072
Epoch 11 loss 3.899672508239746
Epoch 12 loss 3.8590571880340576
Epoch 13 loss 3.880786657333374
Epoch 14 loss 3.8609232902526855
Epoch 15 loss 3.858513355255127
Epoch 16 loss 3.8546061515808105
Epoch 17 loss 3.8715693950653076
Epoch 18 loss 3.8759775161743164
Epoch 19 loss 3.8784565925598145
Epoch 20 loss 3.8663079738616943
Epoch 21 loss 3.9040257930755615
Epoch 22 loss 3.8852295875549316
Epoch 23 loss 3.9327077865600586
Epoch 24 loss 3.905533790588379
Epoch 25 loss 3.92470383644104
Epoch 26 loss 3.9247117042541504
Epoch 27 loss 3.938678026199341
Epoch 28 loss 3.9480504989624023
Epoch 29 loss 3.9985365867614746
Epoch 30 loss 4.05219030380249
Epoch 31 loss 3.9905543327331543
Epoch 32 loss 4.036149024963379
Epoch 33 loss 4.061870098114014
Epoch 34 loss 4.119545936584473
Epoch 35 loss 4.1157660484313965
Epoch 36 loss 4.174072265625
Epoch 37 loss 4.203370571136475
Validation loss has not improved for 20 steps!
Early stopping applies.
State of save is True b4 loss saving
Log file exists at: output/SAINT/House_Sales/logging/loss_4.txt
File name : output/SAINT/House_Sales/logging/loss_4.txt . The file was saved
Log file exists at: output/SAINT/House_Sales/logging/val_loss_4.txt
File name : output/SAINT/House_Sales/logging/val_loss_4.txt . The file was saved
Saved Losses and Regularization
±±±±±±±±±±±±±±±±±±±±±±±±±±±±±±±±±±±±±±±±±±±±±±±±±±±±±±±±±±±±±±±±±±±±±±±±±±± 

B4 Evaluation
Number of classes : 177
Class label len :177
Class labels : [0, 1, 2, 3, 4, 5, 6, 7, 8, 9, 10, 11, 12, 13, 14, 15, 16, 17, 18, 19, 20, 21, 22, 23, 24, 25, 26, 27, 28, 29, 30, 31, 32, 33, 34, 35, 36, 37, 38, 39, 40, 41, 42, 43, 44, 45, 46, 47, 48, 49, 50, 51, 52, 53, 54, 55, 56, 57, 58, 59, 60, 61, 62, 63, 64, 65, 66, 67, 68, 69, 70, 71, 72, 73, 74, 75, 76, 77, 78, 79, 80, 81, 82, 83, 84, 85, 86, 87, 88, 89, 90, 91, 92, 93, 94, 95, 96, 97, 98, 99, 100, 101, 102, 103, 104, 105, 106, 107, 108, 109, 110, 111, 112, 113, 114, 115, 116, 117, 118, 119, 120, 121, 122, 123, 124, 125, 126, 127, 128, 129, 130, 131, 132, 133, 134, 135, 136, 137, 138, 139, 140, 141, 142, 143, 144, 145, 146, 147, 148, 149, 150, 151, 152, 153, 154, 155, 156, 157, 158, 159, 160, 161, 162, 163, 164, 165, 166, 167, 168, 169, 170, 171, 172, 173, 174, 175, 176]
Unique y_true : 176
Unique train : 177

Prediction shape : (4322,)
Probabilities shape : (4322, 177) 

±±±±±±±±±±±±±±±±±±±±±±±±±±±±±±±±±±±±±±±±±±±±±±±±±±±±±±±±±±±±±±±±±±±±±±±±±±± 

IN SCORER EVAL
y_true classes: 176
Probabilities shape: (4322, 177)
DONE IN SCORER EVAL
After Evaluation
{'Log Loss - mean': 3.8274280000000003, 'Log Loss - std': 0.05335342328285977, 'AUC - mean': 0.8907186902384426, 'AUC - std': 0.002718332910677999, 'Accuracy - mean': 0.06065742004150502, 'Accuracy - std': 0.007166876773407502, 'F1 score - mean': 0.03785904939124871, 'F1 score - std': 0.006570566927848741} 
 

Saving model.....
Results After CV: {'Log Loss - mean': 3.8274280000000003, 'Log Loss - std': 0.05335342328285977, 'AUC - mean': 0.8907186902384426, 'AUC - std': 0.002718332910677999, 'Accuracy - mean': 0.06065742004150502, 'Accuracy - std': 0.007166876773407502, 'F1 score - mean': 0.03785904939124871, 'F1 score - std': 0.006570566927848741}
Train time: 1929.8072778624003
Inference time: 0.5158372156001405
Finished cross validation
Loss path :output/SAINT/House_Sales/logging/
Plots saved successfully!
{'Log Loss - mean': 3.8274280000000003, 'Log Loss - std': 0.05335342328285977, 'AUC - mean': 0.8907186902384426, 'AUC - std': 0.002718332910677999, 'Accuracy - mean': 0.06065742004150502, 'Accuracy - std': 0.007166876773407502, 'F1 score - mean': 0.03785904939124871, 'F1 score - std': 0.006570566927848741}
(1929.8072778624003, 0.5158372156001405)


----------------------------------------------------------------------------
Training VIME Vesion 1 with Dataset: config/mip_2016.yml 



----------------------------------------------------------------------------
Namespace(batch_size=128, bin_alt=None, cat_dims=[2], cat_idx=[0], config='config/mip_2016.yml', data_parallel=False, dataset='MIP', direction='maximize', dropna_idx=[0], early_stopping_rounds=20, epochs=100, frequency_reg=False, gpu_ids=[0, 1], logging_period=100, miss_cat_idx=None, miss_num_idx=None, model_name='SAINT', n_trials=100, nominal_idx=[145, 146], num_bins=10, num_classes=1, num_features=147, num_idx=None, num_splits=5, objective='probabilistic_regression', one_hot_encode=True, optimize_hyperparameters=False, ordinal_encode=False, ordinal_idx=None, scale=True, seed=221, shuffle=True, target_encode=False, use_gpu=True, val_batch_size=256, y_distribution='bimodial')
Train model with given hyperparameters
Loading dataset MIP...
Dataset loaded! 

(1090, 146)
I am in Main Once
In get_device
Using dim 8 and batch size 64
Almost Cross Validating
Fold 1
num_features : 146
num_classes : 1
cat_idx : [0]
nominal_idx : [144, 145]
ordinal_idx : None
num_idx : None
cat_dims : [2]
bin_alt : None
~~~~~~~~~~~~~~~~~~~~~~~~~~~~~~~~~~~~~~~~~~~~~~~~~~~~~~~~~~~~~~~~~~~~~~~~~~~~~~~
BEFORE ANY ENCODING
num_features :146
num_classes : 1
cat_idx : [0]
nominal_idx : [144, 145]
ordinal_idx : None
num_idx : None
cat_dims : [2]
bin_alt : None 


X shape : (872, 146)
~~~~~~~~~~~~~~~~~~~~~~~~~~~~~~~~~~~~~~~~~~~~~~~~~~~~~~~~~~~~~~~~~~~~~~~~~~~~~~~
~~~~~~~~~~~~~~~~~~~~~~~~~~~~~~~~~~~~~~~~~~~~~~~~~~~~~~~~~~~~~~~~~~~~~~~~~~~~~~~ 


AFTER SEPARATING CATEGORICALS AND NUMERICALS
Numerical Index V1 : [0, 1, 2, 3, 4, 5, 6, 7, 8, 9, 10, 11, 12, 13, 14, 15, 16, 17, 18, 19, 20, 21, 22, 23, 24, 25, 26, 27, 28, 29, 30, 31, 32, 33, 34, 35, 36, 37, 38, 39, 40, 41, 42, 43, 44, 45, 46, 47, 48, 49, 50, 51, 52, 53, 54, 55, 56, 57, 58, 59, 60, 61, 62, 63, 64, 65, 66, 67, 68, 69, 70, 71, 72, 73, 74, 75, 76, 77, 78, 79, 80, 81, 82, 83, 84, 85, 86, 87, 88, 89, 90, 91, 92, 93, 94, 95, 96, 97, 98, 99, 100, 101, 102, 103, 104, 105, 106, 107, 108, 109, 110, 111, 112, 113, 114, 115, 116, 117, 118, 119, 120, 121, 122, 123, 124, 125, 126, 127, 128, 129, 130, 131, 132, 133, 134, 135, 136, 137, 138, 139, 140, 141, 142, 143]
Cat Dims V1 : []
Cat Idx V1 : [144, 145] 
 

~~~~~~~~~~~~~~~~~~~~~~~~~~~~~~~~~~~~~~~~~~~~~~~~~~~~~~~~~~~~~~~~~~~~~~~~~~~~~~~ 


Scaling the data...
One Hot Encoding...
~~~~~~~~~~~~~~~~~~~~~~~~~~~~~~~~~~~~~~~~~~~~~~~~~~~~~~~~~~~~~~~~~~~~~~~~~~~~~~~
After OHE
Numerical Index V2 : [0, 1, 2, 3, 4, 5, 6, 7, 8, 9, 10, 11, 12, 13, 14, 15, 16, 17, 18, 19, 20, 21, 22, 23, 24, 25, 26, 27, 28, 29, 30, 31, 32, 33, 34, 35, 36, 37, 38, 39, 40, 41, 42, 43, 44, 45, 46, 47, 48, 49, 50, 51, 52, 53, 54, 55, 56, 57, 58, 59, 60, 61, 62, 63, 64, 65, 66, 67, 68, 69, 70, 71, 72, 73, 74, 75, 76, 77, 78, 79, 80, 81, 82, 83, 84, 85, 86, 87, 88, 89, 90, 91, 92, 93, 94, 95, 96, 97, 98, 99, 100, 101, 102, 103, 104, 105, 106, 107, 108, 109, 110, 111, 112, 113, 114, 115, 116, 117, 118, 119, 120, 121, 122, 123, 124, 125, 126, 127, 128, 129, 130, 131, 132, 133, 134, 135, 136, 137, 138, 139, 140, 141, 142, 143] 


OHE Idx : [0, 1, 2, 3, 4, 5, 6]


Ordinal Idx V2: None


Cat Dims V2 : []
Cat Idx V2 : None 
 

Train: [[0.0 0.0 0.0 1.0 0.0]
 [0.0 0.0 1.0 0.0 0.0]
 [0.0 0.0 0.0 0.0 1.0]
 [0.0 1.0 0.0 0.0 0.0]
 [0.0 0.0 0.0 1.0 0.0]
 [0.0 0.0 1.0 0.0 0.0]
 [0.0 1.0 0.0 0.0 0.0]
 [0.0 0.0 0.0 1.0 0.0]
 [0.0 0.0 1.0 0.0 0.0]
 [0.0 0.0 0.0 0.0 1.0]] 
 
 
Val : (872, 151) 
 

~~~~~~~~~~~~~~~~~~~~~~~~~~~~~~~~~~~~~~~~~~~~~~~~~~~~~~~~~~~~~~~~~~~~~~~~~~~~~~~
~~~~~~~~~~~~~~~~~~~~~~~~~~~~~~~~~~~~~~~~~~~~~~~~~~~~~~~~~~~~~~~~~~~~~~~~~~~~~~~
After ORDINAL
Numerical Index V2 : [0, 1, 2, 3, 4, 5, 6, 7, 8, 9, 10, 11, 12, 13, 14, 15, 16, 17, 18, 19, 20, 21, 22, 23, 24, 25, 26, 27, 28, 29, 30, 31, 32, 33, 34, 35, 36, 37, 38, 39, 40, 41, 42, 43, 44, 45, 46, 47, 48, 49, 50, 51, 52, 53, 54, 55, 56, 57, 58, 59, 60, 61, 62, 63, 64, 65, 66, 67, 68, 69, 70, 71, 72, 73, 74, 75, 76, 77, 78, 79, 80, 81, 82, 83, 84, 85, 86, 87, 88, 89, 90, 91, 92, 93, 94, 95, 96, 97, 98, 99, 100, 101, 102, 103, 104, 105, 106, 107, 108, 109, 110, 111, 112, 113, 114, 115, 116, 117, 118, 119, 120, 121, 122, 123, 124, 125, 126, 127, 128, 129, 130, 131, 132, 133, 134, 135, 136, 137, 138, 139, 140, 141, 142, 143] 


OHE Idx : [0, 1, 2, 3, 4, 5, 6]


Ordinal Idx V2: None


Cat Dims V2 : []
Cat Idx V2 : None 
 

Train: [[0.0 0.0 0.0 ... -0.19374589191821132 -0.3222709797011101
  -0.1425475732690336]
 [0.0 0.0 1.0 ... -0.19374589191821132 -0.3222709797011101
  -0.1425475732690336]
 [0.0 0.0 0.0 ... -0.19374589191821132 -0.3222709797011101
  -0.1425475732690336]
 ...
 [0.0 0.0 0.0 ... -0.17479792177884007 0.9407415789477349
  0.026954450218144525]
 [0.0 0.0 1.0 ... -0.17479792177884007 0.9407415789477349
  0.026954450218144525]
 [0.0 0.0 0.0 ... -0.17479792177884007 0.9407415789477349
  0.026954450218144525]] 
 
 
Val : (872, 151) 
 

FINISHED ENCODING
~~~~~~~~~~~~~~~~~~~~~~~~~~~~~~~~~~~~~~~~~~~~~~~~~~~~~~~~~~~~~~~~~~~~~~~~~~~~~~~
Number of Classes B4 Bin Verifier: 91
Unique values in y_train: (array([ 0.,  1.,  2.,  3.,  4.,  5.,  6.,  7.,  8.,  9., 10., 11., 12.,
       13., 14., 15., 16., 17., 18., 19., 20., 21., 22., 23., 24., 25.,
       26., 27., 28., 29., 30., 31., 32., 33., 34., 35., 36., 37., 38.,
       39., 40., 41., 42., 43., 44., 45., 46., 47., 48., 49., 50., 51.,
       52., 53., 54., 55., 56., 57., 58., 59., 60., 61., 62., 63., 64.,
       65., 66., 67., 68., 69., 70., 71., 72., 73., 74., 75., 76., 77.,
       78., 79., 80., 81., 82., 83., 84., 85., 86., 87., 88., 89., 90.]), 91)
Unique values in y_test: (array([ 0.,  1.,  3.,  6., 17., 20., 21., 22., 24., 27., 31., 38., 41.,
       42., 43., 44., 45., 46., 47., 50., 52., 54., 55., 58., 59., 60.,
       61., 62., 64., 65., 66., 67., 69., 70., 71., 72., 73., 75., 77.,
       78., 80., 84., 85., 86.]), 44)
No need to shift labels.
VERIFY SHIFT
Train after shift : [ 0  1  2  3  4  5  6  7  8  9 10 11 12 13 14 15 16 17 18 19 20 21 22 23
 24 25 26 27 28 29 30 31 32 33 34 35 36 37 38 39 40 41 42 43 44 45 46 47
 48 49 50 51 52 53 54 55 56 57 58 59 60 61 62 63 64 65 66 67 68 69 70 71
 72 73 74 75 76 77 78 79 80 81 82 83 84 85 86 87 88 89 90], Length : 91
Test after shift : [ 0  1  3  6 17 20 21 22 24 27 31 38 41 42 43 44 45 46 47 50 52 54 55 58
 59 60 61 62 64 65 66 67 69 70 71 72 73 75 77 78 80 84 85 86], Length : 44
Number of Classes After Bin Verifier: 91
In get_device
Using dim 8 and batch size 64
{'depth': 6, 'dim': 32, 'dropout': 0.5, 'heads': 2}
Epoch 0 loss 3.7351953983306885
Epoch 1 loss 3.352463483810425
Epoch 2 loss 3.223846912384033
Epoch 3 loss 3.176934003829956
Epoch 4 loss 3.1078438758850098
Epoch 5 loss 2.9857256412506104
Epoch 6 loss 2.7968380451202393
Epoch 7 loss 2.63907527923584
Epoch 8 loss 2.5834755897521973
Epoch 9 loss 2.62589168548584
Epoch 10 loss 2.583282947540283
Epoch 11 loss 2.5324463844299316
Epoch 12 loss 2.5863938331604004
Epoch 13 loss 2.5799405574798584
Epoch 14 loss 2.538654327392578
Epoch 15 loss 2.55108904838562
Epoch 16 loss 2.55208158493042
Epoch 17 loss 2.5822434425354004
Epoch 18 loss 2.5444700717926025
Epoch 19 loss 2.5616204738616943
Epoch 20 loss 2.492730140686035
Epoch 21 loss 2.52378511428833
Epoch 22 loss 2.520376205444336
Epoch 23 loss 2.5843958854675293
Epoch 24 loss 2.578845500946045
Epoch 25 loss 2.5477073192596436
Epoch 26 loss 2.567547082901001
Epoch 27 loss 2.4972822666168213
Epoch 28 loss 2.5879013538360596
Epoch 29 loss 2.5153870582580566
Epoch 30 loss 2.5967166423797607
Epoch 31 loss 2.5328798294067383
Epoch 32 loss 2.667086601257324
Epoch 33 loss 2.5083439350128174
Epoch 34 loss 2.5620827674865723
Epoch 35 loss 2.6841702461242676
Epoch 36 loss 2.6478350162506104
Epoch 37 loss 2.594353437423706
Epoch 38 loss 2.6379363536834717
Epoch 39 loss 2.5896947383880615
Epoch 40 loss 2.6868178844451904
Epoch 41 loss 2.684204578399658
Validation loss has not improved for 20 steps!
Early stopping applies.
State of save is True b4 loss saving
Log file exists at: output/SAINT/MIP/logging/loss_0.txt
File name : output/SAINT/MIP/logging/loss_0.txt . The file was saved
Log file exists at: output/SAINT/MIP/logging/val_loss_0.txt
File name : output/SAINT/MIP/logging/val_loss_0.txt . The file was saved
Saved Losses and Regularization
±±±±±±±±±±±±±±±±±±±±±±±±±±±±±±±±±±±±±±±±±±±±±±±±±±±±±±±±±±±±±±±±±±±±±±±±±±± 

B4 Evaluation
Number of classes : 91
Class label len :91
Class labels : [0, 1, 2, 3, 4, 5, 6, 7, 8, 9, 10, 11, 12, 13, 14, 15, 16, 17, 18, 19, 20, 21, 22, 23, 24, 25, 26, 27, 28, 29, 30, 31, 32, 33, 34, 35, 36, 37, 38, 39, 40, 41, 42, 43, 44, 45, 46, 47, 48, 49, 50, 51, 52, 53, 54, 55, 56, 57, 58, 59, 60, 61, 62, 63, 64, 65, 66, 67, 68, 69, 70, 71, 72, 73, 74, 75, 76, 77, 78, 79, 80, 81, 82, 83, 84, 85, 86, 87, 88, 89, 90]
Unique y_true : 44
Unique train : 91

Prediction shape : (218,)
Probabilities shape : (218, 91) 

±±±±±±±±±±±±±±±±±±±±±±±±±±±±±±±±±±±±±±±±±±±±±±±±±±±±±±±±±±±±±±±±±±±±±±±±±±± 

IN SCORER EVAL
y_true classes: 44
Probabilities shape: (218, 91)
DONE IN SCORER EVAL
After Evaluation
{'Log Loss - mean': 2.49286, 'Log Loss - std': 0.0, 'AUC - mean': 0.5604688967355299, 'AUC - std': 0.0, 'Accuracy - mean': 0.41743119266055045, 'Accuracy - std': 0.0, 'F1 score - mean': 0.33658584092996874, 'F1 score - std': 0.0} 
 

Fold 2
num_features : 146
num_classes : 1
cat_idx : [0]
nominal_idx : [144, 145]
ordinal_idx : None
num_idx : None
cat_dims : [2]
bin_alt : None
~~~~~~~~~~~~~~~~~~~~~~~~~~~~~~~~~~~~~~~~~~~~~~~~~~~~~~~~~~~~~~~~~~~~~~~~~~~~~~~
BEFORE ANY ENCODING
num_features :146
num_classes : 1
cat_idx : [0]
nominal_idx : [144, 145]
ordinal_idx : None
num_idx : None
cat_dims : [2]
bin_alt : None 


X shape : (872, 146)
~~~~~~~~~~~~~~~~~~~~~~~~~~~~~~~~~~~~~~~~~~~~~~~~~~~~~~~~~~~~~~~~~~~~~~~~~~~~~~~
~~~~~~~~~~~~~~~~~~~~~~~~~~~~~~~~~~~~~~~~~~~~~~~~~~~~~~~~~~~~~~~~~~~~~~~~~~~~~~~ 


AFTER SEPARATING CATEGORICALS AND NUMERICALS
Numerical Index V1 : [0, 1, 2, 3, 4, 5, 6, 7, 8, 9, 10, 11, 12, 13, 14, 15, 16, 17, 18, 19, 20, 21, 22, 23, 24, 25, 26, 27, 28, 29, 30, 31, 32, 33, 34, 35, 36, 37, 38, 39, 40, 41, 42, 43, 44, 45, 46, 47, 48, 49, 50, 51, 52, 53, 54, 55, 56, 57, 58, 59, 60, 61, 62, 63, 64, 65, 66, 67, 68, 69, 70, 71, 72, 73, 74, 75, 76, 77, 78, 79, 80, 81, 82, 83, 84, 85, 86, 87, 88, 89, 90, 91, 92, 93, 94, 95, 96, 97, 98, 99, 100, 101, 102, 103, 104, 105, 106, 107, 108, 109, 110, 111, 112, 113, 114, 115, 116, 117, 118, 119, 120, 121, 122, 123, 124, 125, 126, 127, 128, 129, 130, 131, 132, 133, 134, 135, 136, 137, 138, 139, 140, 141, 142, 143]
Cat Dims V1 : []
Cat Idx V1 : [144, 145] 
 

~~~~~~~~~~~~~~~~~~~~~~~~~~~~~~~~~~~~~~~~~~~~~~~~~~~~~~~~~~~~~~~~~~~~~~~~~~~~~~~ 


Scaling the data...
One Hot Encoding...
~~~~~~~~~~~~~~~~~~~~~~~~~~~~~~~~~~~~~~~~~~~~~~~~~~~~~~~~~~~~~~~~~~~~~~~~~~~~~~~
After OHE
Numerical Index V2 : [0, 1, 2, 3, 4, 5, 6, 7, 8, 9, 10, 11, 12, 13, 14, 15, 16, 17, 18, 19, 20, 21, 22, 23, 24, 25, 26, 27, 28, 29, 30, 31, 32, 33, 34, 35, 36, 37, 38, 39, 40, 41, 42, 43, 44, 45, 46, 47, 48, 49, 50, 51, 52, 53, 54, 55, 56, 57, 58, 59, 60, 61, 62, 63, 64, 65, 66, 67, 68, 69, 70, 71, 72, 73, 74, 75, 76, 77, 78, 79, 80, 81, 82, 83, 84, 85, 86, 87, 88, 89, 90, 91, 92, 93, 94, 95, 96, 97, 98, 99, 100, 101, 102, 103, 104, 105, 106, 107, 108, 109, 110, 111, 112, 113, 114, 115, 116, 117, 118, 119, 120, 121, 122, 123, 124, 125, 126, 127, 128, 129, 130, 131, 132, 133, 134, 135, 136, 137, 138, 139, 140, 141, 142, 143] 


OHE Idx : [0, 1, 2, 3, 4, 5, 6]


Ordinal Idx V2: None


Cat Dims V2 : []
Cat Idx V2 : None 
 

Train: [[0.0 0.0 0.0 1.0 0.0]
 [0.0 0.0 1.0 0.0 0.0]
 [0.0 0.0 0.0 0.0 1.0]
 [1.0 0.0 0.0 0.0 0.0]
 [0.0 1.0 0.0 0.0 0.0]
 [0.0 0.0 0.0 1.0 0.0]
 [0.0 0.0 1.0 0.0 0.0]
 [0.0 0.0 0.0 0.0 1.0]
 [1.0 0.0 0.0 0.0 0.0]
 [0.0 1.0 0.0 0.0 0.0]] 
 
 
Val : (872, 151) 
 

~~~~~~~~~~~~~~~~~~~~~~~~~~~~~~~~~~~~~~~~~~~~~~~~~~~~~~~~~~~~~~~~~~~~~~~~~~~~~~~
~~~~~~~~~~~~~~~~~~~~~~~~~~~~~~~~~~~~~~~~~~~~~~~~~~~~~~~~~~~~~~~~~~~~~~~~~~~~~~~
After ORDINAL
Numerical Index V2 : [0, 1, 2, 3, 4, 5, 6, 7, 8, 9, 10, 11, 12, 13, 14, 15, 16, 17, 18, 19, 20, 21, 22, 23, 24, 25, 26, 27, 28, 29, 30, 31, 32, 33, 34, 35, 36, 37, 38, 39, 40, 41, 42, 43, 44, 45, 46, 47, 48, 49, 50, 51, 52, 53, 54, 55, 56, 57, 58, 59, 60, 61, 62, 63, 64, 65, 66, 67, 68, 69, 70, 71, 72, 73, 74, 75, 76, 77, 78, 79, 80, 81, 82, 83, 84, 85, 86, 87, 88, 89, 90, 91, 92, 93, 94, 95, 96, 97, 98, 99, 100, 101, 102, 103, 104, 105, 106, 107, 108, 109, 110, 111, 112, 113, 114, 115, 116, 117, 118, 119, 120, 121, 122, 123, 124, 125, 126, 127, 128, 129, 130, 131, 132, 133, 134, 135, 136, 137, 138, 139, 140, 141, 142, 143] 


OHE Idx : [0, 1, 2, 3, 4, 5, 6]


Ordinal Idx V2: None


Cat Dims V2 : []
Cat Idx V2 : None 
 

Train: [[0.0 0.0 0.0 ... -0.17952568337830488 -0.31636181927831675
  -0.13934454596398707]
 [0.0 0.0 1.0 ... -0.17952568337830488 -0.31636181927831675
  -0.13934454596398707]
 [0.0 0.0 0.0 ... -0.17952568337830488 -0.31636181927831675
  -0.13934454596398707]
 ...
 [0.0 0.0 0.0 ... -0.17952568337830488 0.8393834541148507
  -0.1108080396040536]
 [1.0 0.0 0.0 ... -0.17952568337830488 0.8393834541148507
  -0.1108080396040536]
 [0.0 1.0 0.0 ... -0.17952568337830488 0.8393834541148507
  -0.1108080396040536]] 
 
 
Val : (872, 151) 
 

FINISHED ENCODING
~~~~~~~~~~~~~~~~~~~~~~~~~~~~~~~~~~~~~~~~~~~~~~~~~~~~~~~~~~~~~~~~~~~~~~~~~~~~~~~
Number of Classes B4 Bin Verifier: 83
Unique values in y_train: (array([ 0.,  1.,  2.,  3.,  4.,  5.,  6.,  7.,  8.,  9., 10., 11., 12.,
       13., 14., 15., 16., 17., 18., 19., 20., 21., 22., 23., 24., 25.,
       26., 27., 28., 29., 30., 31., 32., 33., 34., 35., 36., 37., 38.,
       39., 40., 41., 42., 43., 44., 45., 46., 47., 48., 49., 50., 51.,
       52., 53., 54., 55., 56., 57., 58., 59., 60., 61., 62., 63., 64.,
       65., 66., 67., 68., 69., 70., 71., 72., 73., 74., 75., 76., 77.,
       78., 79., 80., 81., 82.]), 83)
Unique values in y_test: (array([ 3.,  4.,  6., 11., 15., 16., 17., 22., 23., 26., 27., 34., 35.,
       36., 37., 38., 39., 42., 56., 57., 58., 59., 60., 61., 62., 63.,
       65., 66., 68., 69., 71., 73., 74., 75., 78., 79., 81., 82.]), 38)
No need to shift labels.
VERIFY SHIFT
Train after shift : [ 0  1  2  3  4  5  6  7  8  9 10 11 12 13 14 15 16 17 18 19 20 21 22 23
 24 25 26 27 28 29 30 31 32 33 34 35 36 37 38 39 40 41 42 43 44 45 46 47
 48 49 50 51 52 53 54 55 56 57 58 59 60 61 62 63 64 65 66 67 68 69 70 71
 72 73 74 75 76 77 78 79 80 81 82], Length : 83
Test after shift : [ 3  4  6 11 15 16 17 22 23 26 27 34 35 36 37 38 39 42 56 57 58 59 60 61
 62 63 65 66 68 69 71 73 74 75 78 79 81 82], Length : 38
Number of Classes After Bin Verifier: 83
In get_device
Using dim 8 and batch size 64
{'depth': 6, 'dim': 32, 'dropout': 0.5, 'heads': 2}
Epoch 0 loss 3.9038166999816895
Epoch 1 loss 3.249135971069336
Epoch 2 loss 2.8864872455596924
Epoch 3 loss 2.626685857772827
Epoch 4 loss 2.539093494415283
Epoch 5 loss 2.490755796432495
Epoch 6 loss 2.472808599472046
Epoch 7 loss 2.491593837738037
Epoch 8 loss 2.432361364364624
Epoch 9 loss 2.4076507091522217
Epoch 10 loss 2.389439582824707
Epoch 11 loss 2.3726625442504883
Epoch 12 loss 2.3832268714904785
Epoch 13 loss 2.4006221294403076
Epoch 14 loss 2.3779919147491455
Epoch 15 loss 2.36545991897583
Epoch 16 loss 2.3466875553131104
Epoch 17 loss 2.359602928161621
Epoch 18 loss 2.304266929626465
Epoch 19 loss 2.3109567165374756
Epoch 20 loss 2.3232412338256836
Epoch 21 loss 2.3324012756347656
Epoch 22 loss 2.2832601070404053
Epoch 23 loss 2.3482420444488525
Epoch 24 loss 2.276597499847412
Epoch 25 loss 2.306842565536499
Epoch 26 loss 2.3053414821624756
Epoch 27 loss 2.2823643684387207
Epoch 28 loss 2.3171138763427734
Epoch 29 loss 2.2906224727630615
Epoch 30 loss 2.2864606380462646
Epoch 31 loss 2.340851068496704
Epoch 32 loss 2.313232898712158
Epoch 33 loss 2.302321434020996
Epoch 34 loss 2.322267532348633
Epoch 35 loss 2.347616672515869
Epoch 36 loss 2.34163498878479
Epoch 37 loss 2.3645386695861816
Epoch 38 loss 2.311173915863037
Epoch 39 loss 2.3958334922790527
Epoch 40 loss 2.431640386581421
Epoch 41 loss 2.3485360145568848
Epoch 42 loss 2.3926098346710205
Epoch 43 loss 2.411893606185913
Epoch 44 loss 2.392395257949829
Epoch 45 loss 2.4002768993377686
Validation loss has not improved for 20 steps!
Early stopping applies.
State of save is True b4 loss saving
Log file exists at: output/SAINT/MIP/logging/loss_1.txt
File name : output/SAINT/MIP/logging/loss_1.txt . The file was saved
Log file exists at: output/SAINT/MIP/logging/val_loss_1.txt
File name : output/SAINT/MIP/logging/val_loss_1.txt . The file was saved
Saved Losses and Regularization
±±±±±±±±±±±±±±±±±±±±±±±±±±±±±±±±±±±±±±±±±±±±±±±±±±±±±±±±±±±±±±±±±±±±±±±±±±± 

B4 Evaluation
Number of classes : 83
Class label len :83
Class labels : [0, 1, 2, 3, 4, 5, 6, 7, 8, 9, 10, 11, 12, 13, 14, 15, 16, 17, 18, 19, 20, 21, 22, 23, 24, 25, 26, 27, 28, 29, 30, 31, 32, 33, 34, 35, 36, 37, 38, 39, 40, 41, 42, 43, 44, 45, 46, 47, 48, 49, 50, 51, 52, 53, 54, 55, 56, 57, 58, 59, 60, 61, 62, 63, 64, 65, 66, 67, 68, 69, 70, 71, 72, 73, 74, 75, 76, 77, 78, 79, 80, 81, 82]
Unique y_true : 38
Unique train : 83

Prediction shape : (218,)
Probabilities shape : (218, 83) 

±±±±±±±±±±±±±±±±±±±±±±±±±±±±±±±±±±±±±±±±±±±±±±±±±±±±±±±±±±±±±±±±±±±±±±±±±±± 

IN SCORER EVAL
y_true classes: 38
Probabilities shape: (218, 83)
DONE IN SCORER EVAL
After Evaluation
{'Log Loss - mean': 2.384775, 'Log Loss - std': 0.10808499999999999, 'AUC - mean': 0.6247295440041141, 'AUC - std': 0.0642606472685841, 'Accuracy - mean': 0.4288990825688074, 'Accuracy - std': 0.011467889908256895, 'F1 score - mean': 0.345729807526041, 'F1 score - std': 0.00914396659607225} 
 

Fold 3
num_features : 146
num_classes : 1
cat_idx : [0]
nominal_idx : [144, 145]
ordinal_idx : None
num_idx : None
cat_dims : [2]
bin_alt : None
~~~~~~~~~~~~~~~~~~~~~~~~~~~~~~~~~~~~~~~~~~~~~~~~~~~~~~~~~~~~~~~~~~~~~~~~~~~~~~~
BEFORE ANY ENCODING
num_features :146
num_classes : 1
cat_idx : [0]
nominal_idx : [144, 145]
ordinal_idx : None
num_idx : None
cat_dims : [2]
bin_alt : None 


X shape : (872, 146)
~~~~~~~~~~~~~~~~~~~~~~~~~~~~~~~~~~~~~~~~~~~~~~~~~~~~~~~~~~~~~~~~~~~~~~~~~~~~~~~
~~~~~~~~~~~~~~~~~~~~~~~~~~~~~~~~~~~~~~~~~~~~~~~~~~~~~~~~~~~~~~~~~~~~~~~~~~~~~~~ 


AFTER SEPARATING CATEGORICALS AND NUMERICALS
Numerical Index V1 : [0, 1, 2, 3, 4, 5, 6, 7, 8, 9, 10, 11, 12, 13, 14, 15, 16, 17, 18, 19, 20, 21, 22, 23, 24, 25, 26, 27, 28, 29, 30, 31, 32, 33, 34, 35, 36, 37, 38, 39, 40, 41, 42, 43, 44, 45, 46, 47, 48, 49, 50, 51, 52, 53, 54, 55, 56, 57, 58, 59, 60, 61, 62, 63, 64, 65, 66, 67, 68, 69, 70, 71, 72, 73, 74, 75, 76, 77, 78, 79, 80, 81, 82, 83, 84, 85, 86, 87, 88, 89, 90, 91, 92, 93, 94, 95, 96, 97, 98, 99, 100, 101, 102, 103, 104, 105, 106, 107, 108, 109, 110, 111, 112, 113, 114, 115, 116, 117, 118, 119, 120, 121, 122, 123, 124, 125, 126, 127, 128, 129, 130, 131, 132, 133, 134, 135, 136, 137, 138, 139, 140, 141, 142, 143]
Cat Dims V1 : []
Cat Idx V1 : [144, 145] 
 

~~~~~~~~~~~~~~~~~~~~~~~~~~~~~~~~~~~~~~~~~~~~~~~~~~~~~~~~~~~~~~~~~~~~~~~~~~~~~~~ 


Scaling the data...
One Hot Encoding...
~~~~~~~~~~~~~~~~~~~~~~~~~~~~~~~~~~~~~~~~~~~~~~~~~~~~~~~~~~~~~~~~~~~~~~~~~~~~~~~
After OHE
Numerical Index V2 : [0, 1, 2, 3, 4, 5, 6, 7, 8, 9, 10, 11, 12, 13, 14, 15, 16, 17, 18, 19, 20, 21, 22, 23, 24, 25, 26, 27, 28, 29, 30, 31, 32, 33, 34, 35, 36, 37, 38, 39, 40, 41, 42, 43, 44, 45, 46, 47, 48, 49, 50, 51, 52, 53, 54, 55, 56, 57, 58, 59, 60, 61, 62, 63, 64, 65, 66, 67, 68, 69, 70, 71, 72, 73, 74, 75, 76, 77, 78, 79, 80, 81, 82, 83, 84, 85, 86, 87, 88, 89, 90, 91, 92, 93, 94, 95, 96, 97, 98, 99, 100, 101, 102, 103, 104, 105, 106, 107, 108, 109, 110, 111, 112, 113, 114, 115, 116, 117, 118, 119, 120, 121, 122, 123, 124, 125, 126, 127, 128, 129, 130, 131, 132, 133, 134, 135, 136, 137, 138, 139, 140, 141, 142, 143] 


OHE Idx : [0, 1, 2, 3, 4, 5, 6]


Ordinal Idx V2: None


Cat Dims V2 : []
Cat Idx V2 : None 
 

Train: [[0.0 0.0 0.0 1.0 0.0]
 [0.0 0.0 1.0 0.0 0.0]
 [0.0 0.0 0.0 0.0 1.0]
 [1.0 0.0 0.0 0.0 0.0]
 [0.0 1.0 0.0 0.0 0.0]
 [0.0 0.0 0.0 1.0 0.0]
 [0.0 0.0 1.0 0.0 0.0]
 [0.0 0.0 0.0 0.0 1.0]
 [1.0 0.0 0.0 0.0 0.0]
 [0.0 0.0 0.0 1.0 0.0]] 
 
 
Val : (872, 151) 
 

~~~~~~~~~~~~~~~~~~~~~~~~~~~~~~~~~~~~~~~~~~~~~~~~~~~~~~~~~~~~~~~~~~~~~~~~~~~~~~~
~~~~~~~~~~~~~~~~~~~~~~~~~~~~~~~~~~~~~~~~~~~~~~~~~~~~~~~~~~~~~~~~~~~~~~~~~~~~~~~
After ORDINAL
Numerical Index V2 : [0, 1, 2, 3, 4, 5, 6, 7, 8, 9, 10, 11, 12, 13, 14, 15, 16, 17, 18, 19, 20, 21, 22, 23, 24, 25, 26, 27, 28, 29, 30, 31, 32, 33, 34, 35, 36, 37, 38, 39, 40, 41, 42, 43, 44, 45, 46, 47, 48, 49, 50, 51, 52, 53, 54, 55, 56, 57, 58, 59, 60, 61, 62, 63, 64, 65, 66, 67, 68, 69, 70, 71, 72, 73, 74, 75, 76, 77, 78, 79, 80, 81, 82, 83, 84, 85, 86, 87, 88, 89, 90, 91, 92, 93, 94, 95, 96, 97, 98, 99, 100, 101, 102, 103, 104, 105, 106, 107, 108, 109, 110, 111, 112, 113, 114, 115, 116, 117, 118, 119, 120, 121, 122, 123, 124, 125, 126, 127, 128, 129, 130, 131, 132, 133, 134, 135, 136, 137, 138, 139, 140, 141, 142, 143] 


OHE Idx : [0, 1, 2, 3, 4, 5, 6]


Ordinal Idx V2: None


Cat Dims V2 : []
Cat Idx V2 : None 
 

Train: [[0.0 0.0 0.0 ... -0.1611878054707481 -0.2996250596929442
  -0.08654600809530559]
 [0.0 0.0 1.0 ... -0.1611878054707481 -0.2996250596929442
  -0.08654600809530559]
 [0.0 0.0 0.0 ... -0.1611878054707481 -0.2996250596929442
  -0.08654600809530559]
 ...
 [0.0 0.0 0.0 ... -0.1611878054707481 0.7938257097234661
  -0.06343172966985185]
 [1.0 0.0 0.0 ... -0.1611878054707481 0.7938257097234661
  -0.06343172966985185]
 [0.0 0.0 0.0 ... -0.14328869268055042 0.9115819464298488
  0.05213966245741688]] 
 
 
Val : (872, 151) 
 

FINISHED ENCODING
~~~~~~~~~~~~~~~~~~~~~~~~~~~~~~~~~~~~~~~~~~~~~~~~~~~~~~~~~~~~~~~~~~~~~~~~~~~~~~~
Number of Classes B4 Bin Verifier: 76
Unique values in y_train: (array([ 0.,  1.,  2.,  3.,  4.,  5.,  6.,  7.,  8.,  9., 10., 11., 12.,
       13., 14., 15., 16., 17., 18., 19., 20., 21., 22., 23., 24., 25.,
       26., 27., 28., 29., 30., 31., 32., 33., 34., 35., 36., 37., 38.,
       39., 40., 41., 42., 43., 44., 45., 46., 47., 48., 49., 50., 51.,
       52., 53., 54., 55., 56., 57., 58., 59., 60., 61., 62., 63., 64.,
       65., 66., 67., 68., 69., 70., 71., 72., 73., 74., 75.]), 76)
Unique values in y_test: (array([ 1.,  3.,  4.,  5.,  6.,  7.,  8.,  9., 11., 23., 24., 26., 27.,
       28., 32., 33., 36., 37., 38., 39., 40., 41., 42., 58., 59., 60.,
       61., 62., 63., 64., 65., 69., 70., 71., 72., 73., 74., 75.]), 38)
No need to shift labels.
VERIFY SHIFT
Train after shift : [ 0  1  2  3  4  5  6  7  8  9 10 11 12 13 14 15 16 17 18 19 20 21 22 23
 24 25 26 27 28 29 30 31 32 33 34 35 36 37 38 39 40 41 42 43 44 45 46 47
 48 49 50 51 52 53 54 55 56 57 58 59 60 61 62 63 64 65 66 67 68 69 70 71
 72 73 74 75], Length : 76
Test after shift : [ 1  3  4  5  6  7  8  9 11 23 24 26 27 28 32 33 36 37 38 39 40 41 42 58
 59 60 61 62 63 64 65 69 70 71 72 73 74 75], Length : 38
Number of Classes After Bin Verifier: 76
In get_device
Using dim 8 and batch size 64
{'depth': 6, 'dim': 32, 'dropout': 0.5, 'heads': 2}
Epoch 0 loss 3.6969778537750244
Epoch 1 loss 3.0848143100738525
Epoch 2 loss 2.8220019340515137
Epoch 3 loss 2.730088472366333
Epoch 4 loss 2.6082763671875
Epoch 5 loss 2.457942247390747
Epoch 6 loss 2.372795820236206
Epoch 7 loss 2.337833881378174
Epoch 8 loss 2.3013522624969482
Epoch 9 loss 2.2251107692718506
Epoch 10 loss 2.2047834396362305
Epoch 11 loss 2.2216131687164307
Epoch 12 loss 2.1757071018218994
Epoch 13 loss 2.1463992595672607
Epoch 14 loss 2.1494534015655518
Epoch 15 loss 2.1400704383850098
Epoch 16 loss 2.1571338176727295
Epoch 17 loss 2.134901285171509
Epoch 18 loss 2.085728883743286
Epoch 19 loss 2.226565361022949
Epoch 20 loss 2.0835447311401367
Epoch 21 loss 2.1380503177642822
Epoch 22 loss 2.0749738216400146
Epoch 23 loss 2.024310827255249
Epoch 24 loss 2.1067099571228027
Epoch 25 loss 2.0294322967529297
Epoch 26 loss 1.9873274564743042
Epoch 27 loss 2.011261463165283
Epoch 28 loss 1.9859174489974976
Epoch 29 loss 2.0133869647979736
Epoch 30 loss 1.9633655548095703
Epoch 31 loss 2.0060904026031494
Epoch 32 loss 1.9811419248580933
Epoch 33 loss 1.9714951515197754
Epoch 34 loss 1.9296367168426514
Epoch 35 loss 1.992823600769043
Epoch 36 loss 2.105733633041382
Epoch 37 loss 1.8984181880950928
Epoch 38 loss 2.022359609603882
Epoch 39 loss 1.9094653129577637
Epoch 40 loss 2.1080195903778076
Epoch 41 loss 1.964345097541809
Epoch 42 loss 1.9077446460723877
Epoch 43 loss 2.112377405166626
Epoch 44 loss 1.895762324333191
Epoch 45 loss 1.982843279838562
Epoch 46 loss 1.952427625656128
Epoch 47 loss 2.0133652687072754
Epoch 48 loss 2.006261110305786
Epoch 49 loss 1.988901138305664
Epoch 50 loss 2.1127820014953613
Epoch 51 loss 1.9839887619018555
Epoch 52 loss 1.9517149925231934
Epoch 53 loss 1.9165513515472412
Epoch 54 loss 1.9515494108200073
Epoch 55 loss 2.13476824760437
Epoch 56 loss 2.062598705291748
Epoch 57 loss 1.9872403144836426
Epoch 58 loss 2.012375831604004
Epoch 59 loss 1.9321249723434448
Epoch 60 loss 1.9893910884857178
Epoch 61 loss 2.0784778594970703
Epoch 62 loss 2.029433012008667
Epoch 63 loss 2.0854415893554688
Epoch 64 loss 2.2188596725463867
Epoch 65 loss 2.072786331176758
Validation loss has not improved for 20 steps!
Early stopping applies.
State of save is True b4 loss saving
Log file exists at: output/SAINT/MIP/logging/loss_2.txt
File name : output/SAINT/MIP/logging/loss_2.txt . The file was saved
Log file exists at: output/SAINT/MIP/logging/val_loss_2.txt
File name : output/SAINT/MIP/logging/val_loss_2.txt . The file was saved
Saved Losses and Regularization
±±±±±±±±±±±±±±±±±±±±±±±±±±±±±±±±±±±±±±±±±±±±±±±±±±±±±±±±±±±±±±±±±±±±±±±±±±± 

B4 Evaluation
Number of classes : 76
Class label len :76
Class labels : [0, 1, 2, 3, 4, 5, 6, 7, 8, 9, 10, 11, 12, 13, 14, 15, 16, 17, 18, 19, 20, 21, 22, 23, 24, 25, 26, 27, 28, 29, 30, 31, 32, 33, 34, 35, 36, 37, 38, 39, 40, 41, 42, 43, 44, 45, 46, 47, 48, 49, 50, 51, 52, 53, 54, 55, 56, 57, 58, 59, 60, 61, 62, 63, 64, 65, 66, 67, 68, 69, 70, 71, 72, 73, 74, 75]
Unique y_true : 38
Unique train : 76

Prediction shape : (218,)
Probabilities shape : (218, 76) 

±±±±±±±±±±±±±±±±±±±±±±±±±±±±±±±±±±±±±±±±±±±±±±±±±±±±±±±±±±±±±±±±±±±±±±±±±±± 

IN SCORER EVAL
y_true classes: 38
Probabilities shape: (218, 76)
DONE IN SCORER EVAL
After Evaluation
{'Log Loss - mean': 2.2218266666666664, 'Log Loss - std': 0.24676418599320463, 'AUC - mean': 0.6827620019659403, 'AUC - std': 0.09740886105706116, 'Accuracy - mean': 0.44801223241590216, 'Accuracy - std': 0.02860594332395981, 'F1 score - mean': 0.37739277124503157, 'F1 score - std': 0.045396343020999895} 
 

Fold 4
num_features : 146
num_classes : 1
cat_idx : [0]
nominal_idx : [144, 145]
ordinal_idx : None
num_idx : None
cat_dims : [2]
bin_alt : None
~~~~~~~~~~~~~~~~~~~~~~~~~~~~~~~~~~~~~~~~~~~~~~~~~~~~~~~~~~~~~~~~~~~~~~~~~~~~~~~
BEFORE ANY ENCODING
num_features :146
num_classes : 1
cat_idx : [0]
nominal_idx : [144, 145]
ordinal_idx : None
num_idx : None
cat_dims : [2]
bin_alt : None 


X shape : (872, 146)
~~~~~~~~~~~~~~~~~~~~~~~~~~~~~~~~~~~~~~~~~~~~~~~~~~~~~~~~~~~~~~~~~~~~~~~~~~~~~~~
~~~~~~~~~~~~~~~~~~~~~~~~~~~~~~~~~~~~~~~~~~~~~~~~~~~~~~~~~~~~~~~~~~~~~~~~~~~~~~~ 


AFTER SEPARATING CATEGORICALS AND NUMERICALS
Numerical Index V1 : [0, 1, 2, 3, 4, 5, 6, 7, 8, 9, 10, 11, 12, 13, 14, 15, 16, 17, 18, 19, 20, 21, 22, 23, 24, 25, 26, 27, 28, 29, 30, 31, 32, 33, 34, 35, 36, 37, 38, 39, 40, 41, 42, 43, 44, 45, 46, 47, 48, 49, 50, 51, 52, 53, 54, 55, 56, 57, 58, 59, 60, 61, 62, 63, 64, 65, 66, 67, 68, 69, 70, 71, 72, 73, 74, 75, 76, 77, 78, 79, 80, 81, 82, 83, 84, 85, 86, 87, 88, 89, 90, 91, 92, 93, 94, 95, 96, 97, 98, 99, 100, 101, 102, 103, 104, 105, 106, 107, 108, 109, 110, 111, 112, 113, 114, 115, 116, 117, 118, 119, 120, 121, 122, 123, 124, 125, 126, 127, 128, 129, 130, 131, 132, 133, 134, 135, 136, 137, 138, 139, 140, 141, 142, 143]
Cat Dims V1 : []
Cat Idx V1 : [144, 145] 
 

~~~~~~~~~~~~~~~~~~~~~~~~~~~~~~~~~~~~~~~~~~~~~~~~~~~~~~~~~~~~~~~~~~~~~~~~~~~~~~~ 


Scaling the data...
One Hot Encoding...
~~~~~~~~~~~~~~~~~~~~~~~~~~~~~~~~~~~~~~~~~~~~~~~~~~~~~~~~~~~~~~~~~~~~~~~~~~~~~~~
After OHE
Numerical Index V2 : [0, 1, 2, 3, 4, 5, 6, 7, 8, 9, 10, 11, 12, 13, 14, 15, 16, 17, 18, 19, 20, 21, 22, 23, 24, 25, 26, 27, 28, 29, 30, 31, 32, 33, 34, 35, 36, 37, 38, 39, 40, 41, 42, 43, 44, 45, 46, 47, 48, 49, 50, 51, 52, 53, 54, 55, 56, 57, 58, 59, 60, 61, 62, 63, 64, 65, 66, 67, 68, 69, 70, 71, 72, 73, 74, 75, 76, 77, 78, 79, 80, 81, 82, 83, 84, 85, 86, 87, 88, 89, 90, 91, 92, 93, 94, 95, 96, 97, 98, 99, 100, 101, 102, 103, 104, 105, 106, 107, 108, 109, 110, 111, 112, 113, 114, 115, 116, 117, 118, 119, 120, 121, 122, 123, 124, 125, 126, 127, 128, 129, 130, 131, 132, 133, 134, 135, 136, 137, 138, 139, 140, 141, 142, 143] 


OHE Idx : [0, 1, 2, 3, 4, 5, 6]


Ordinal Idx V2: None


Cat Dims V2 : []
Cat Idx V2 : None 
 

Train: [[0.0 0.0 0.0 1.0 0.0]
 [0.0 0.0 1.0 0.0 0.0]
 [0.0 0.0 0.0 0.0 1.0]
 [1.0 0.0 0.0 0.0 0.0]
 [0.0 0.0 0.0 0.0 1.0]
 [1.0 0.0 0.0 0.0 0.0]
 [0.0 1.0 0.0 0.0 0.0]
 [0.0 0.0 0.0 1.0 0.0]
 [0.0 0.0 1.0 0.0 0.0]
 [1.0 0.0 0.0 0.0 0.0]] 
 
 
Val : (872, 151) 
 

~~~~~~~~~~~~~~~~~~~~~~~~~~~~~~~~~~~~~~~~~~~~~~~~~~~~~~~~~~~~~~~~~~~~~~~~~~~~~~~
~~~~~~~~~~~~~~~~~~~~~~~~~~~~~~~~~~~~~~~~~~~~~~~~~~~~~~~~~~~~~~~~~~~~~~~~~~~~~~~
After ORDINAL
Numerical Index V2 : [0, 1, 2, 3, 4, 5, 6, 7, 8, 9, 10, 11, 12, 13, 14, 15, 16, 17, 18, 19, 20, 21, 22, 23, 24, 25, 26, 27, 28, 29, 30, 31, 32, 33, 34, 35, 36, 37, 38, 39, 40, 41, 42, 43, 44, 45, 46, 47, 48, 49, 50, 51, 52, 53, 54, 55, 56, 57, 58, 59, 60, 61, 62, 63, 64, 65, 66, 67, 68, 69, 70, 71, 72, 73, 74, 75, 76, 77, 78, 79, 80, 81, 82, 83, 84, 85, 86, 87, 88, 89, 90, 91, 92, 93, 94, 95, 96, 97, 98, 99, 100, 101, 102, 103, 104, 105, 106, 107, 108, 109, 110, 111, 112, 113, 114, 115, 116, 117, 118, 119, 120, 121, 122, 123, 124, 125, 126, 127, 128, 129, 130, 131, 132, 133, 134, 135, 136, 137, 138, 139, 140, 141, 142, 143] 


OHE Idx : [0, 1, 2, 3, 4, 5, 6]


Ordinal Idx V2: None


Cat Dims V2 : []
Cat Idx V2 : None 
 

Train: [[0.0 0.0 0.0 ... -0.1632559473456111 -0.29118644171452457
  -0.0731320902969777]
 [0.0 0.0 1.0 ... -0.1632559473456111 -0.29118644171452457
  -0.0731320902969777]
 [0.0 0.0 0.0 ... -0.1632559473456111 -0.29118644171452457
  -0.0731320902969777]
 ...
 [0.0 0.0 0.0 ... -0.14659405758842795 1.0204373456778975
  0.06702435528316418]
 [0.0 0.0 1.0 ... -0.14659405758842795 1.0204373456778975
  0.06702435528316418]
 [1.0 0.0 0.0 ... -0.14659405758842795 1.0204373456778975
  0.06702435528316418]] 
 
 
Val : (872, 151) 
 

FINISHED ENCODING
~~~~~~~~~~~~~~~~~~~~~~~~~~~~~~~~~~~~~~~~~~~~~~~~~~~~~~~~~~~~~~~~~~~~~~~~~~~~~~~
Number of Classes B4 Bin Verifier: 91
Unique values in y_train: (array([ 0.,  1.,  2.,  3.,  4.,  5.,  6.,  7.,  8.,  9., 10., 11., 12.,
       13., 14., 15., 16., 17., 18., 19., 20., 21., 22., 23., 24., 25.,
       26., 27., 28., 29., 30., 31., 32., 33., 34., 35., 36., 37., 38.,
       39., 40., 41., 42., 43., 44., 45., 46., 47., 48., 49., 50., 51.,
       52., 53., 54., 55., 56., 57., 58., 59., 60., 61., 62., 63., 64.,
       65., 66., 67., 68., 69., 70., 71., 72., 73., 74., 75., 76., 77.,
       78., 79., 80., 81., 82., 83., 84., 85., 86., 87., 88., 89., 90.]), 91)
Unique values in y_test: (array([ 0.,  2.,  4.,  5.,  8.,  9., 13., 17., 19., 28., 32., 33., 39.,
       40., 41., 42., 43., 44., 45., 56., 57., 59., 60., 61., 62., 63.,
       64., 65., 66., 67., 68., 69., 71., 72., 73., 74., 75., 82., 85.,
       87., 88., 90.]), 42)
No need to shift labels.
VERIFY SHIFT
Train after shift : [ 0  1  2  3  4  5  6  7  8  9 10 11 12 13 14 15 16 17 18 19 20 21 22 23
 24 25 26 27 28 29 30 31 32 33 34 35 36 37 38 39 40 41 42 43 44 45 46 47
 48 49 50 51 52 53 54 55 56 57 58 59 60 61 62 63 64 65 66 67 68 69 70 71
 72 73 74 75 76 77 78 79 80 81 82 83 84 85 86 87 88 89 90], Length : 91
Test after shift : [ 0  2  4  5  8  9 13 17 19 28 32 33 39 40 41 42 43 44 45 56 57 59 60 61
 62 63 64 65 66 67 68 69 71 72 73 74 75 82 85 87 88 90], Length : 42
Number of Classes After Bin Verifier: 91
In get_device
Using dim 8 and batch size 64
{'depth': 6, 'dim': 32, 'dropout': 0.5, 'heads': 2}
Epoch 0 loss 3.5981786251068115
Epoch 1 loss 3.1249277591705322
Epoch 2 loss 2.8738291263580322
Epoch 3 loss 2.6258506774902344
Epoch 4 loss 2.5205297470092773
Epoch 5 loss 2.509678363800049
Epoch 6 loss 2.454874038696289
Epoch 7 loss 2.456181287765503
Epoch 8 loss 2.435946226119995
Epoch 9 loss 2.425724983215332
Epoch 10 loss 2.436946153640747
Epoch 11 loss 2.4052956104278564
Epoch 12 loss 2.3864543437957764
Epoch 13 loss 2.398186445236206
Epoch 14 loss 2.457034111022949
Epoch 15 loss 2.385674476623535
Epoch 16 loss 2.387519598007202
Epoch 17 loss 2.4073071479797363
Epoch 18 loss 2.373112678527832
Epoch 19 loss 2.398125410079956
Epoch 20 loss 2.3752973079681396
Epoch 21 loss 2.358872413635254
Epoch 22 loss 2.407623529434204
Epoch 23 loss 2.3581042289733887
Epoch 24 loss 2.3889057636260986
Epoch 25 loss 2.3372113704681396
Epoch 26 loss 2.3450663089752197
Epoch 27 loss 2.2926108837127686
Epoch 28 loss 2.28149151802063
Epoch 29 loss 2.3567891120910645
Epoch 30 loss 2.34232234954834
Epoch 31 loss 2.3632912635803223
Epoch 32 loss 2.404391288757324
Epoch 33 loss 2.341381311416626
Epoch 34 loss 2.4958302974700928
Epoch 35 loss 2.3329503536224365
Epoch 36 loss 2.33522629737854
Epoch 37 loss 2.3931846618652344
Epoch 38 loss 2.4379336833953857
Epoch 39 loss 2.440474033355713
Epoch 40 loss 2.421705961227417
Epoch 41 loss 2.4745285511016846
Epoch 42 loss 2.4914515018463135
Epoch 43 loss 2.503493070602417
Epoch 44 loss 2.524165153503418
Epoch 45 loss 2.446171522140503
Epoch 46 loss 2.5912559032440186
Epoch 47 loss 2.592949151992798
Epoch 48 loss 2.513028860092163
Epoch 49 loss 2.6283950805664062
Validation loss has not improved for 20 steps!
Early stopping applies.
State of save is True b4 loss saving
Log file exists at: output/SAINT/MIP/logging/loss_3.txt
File name : output/SAINT/MIP/logging/loss_3.txt . The file was saved
Log file exists at: output/SAINT/MIP/logging/val_loss_3.txt
File name : output/SAINT/MIP/logging/val_loss_3.txt . The file was saved
Saved Losses and Regularization
±±±±±±±±±±±±±±±±±±±±±±±±±±±±±±±±±±±±±±±±±±±±±±±±±±±±±±±±±±±±±±±±±±±±±±±±±±± 

B4 Evaluation
Number of classes : 91
Class label len :91
Class labels : [0, 1, 2, 3, 4, 5, 6, 7, 8, 9, 10, 11, 12, 13, 14, 15, 16, 17, 18, 19, 20, 21, 22, 23, 24, 25, 26, 27, 28, 29, 30, 31, 32, 33, 34, 35, 36, 37, 38, 39, 40, 41, 42, 43, 44, 45, 46, 47, 48, 49, 50, 51, 52, 53, 54, 55, 56, 57, 58, 59, 60, 61, 62, 63, 64, 65, 66, 67, 68, 69, 70, 71, 72, 73, 74, 75, 76, 77, 78, 79, 80, 81, 82, 83, 84, 85, 86, 87, 88, 89, 90]
Unique y_true : 42
Unique train : 91

Prediction shape : (218,)
Probabilities shape : (218, 91) 

±±±±±±±±±±±±±±±±±±±±±±±±±±±±±±±±±±±±±±±±±±±±±±±±±±±±±±±±±±±±±±±±±±±±±±±±±±± 

IN SCORER EVAL
y_true classes: 42
Probabilities shape: (218, 91)
DONE IN SCORER EVAL
After Evaluation
{'Log Loss - mean': 2.23678, 'Log Loss - std': 0.2152678079741604, 'AUC - mean': 0.6928104520140598, 'AUC - std': 0.0861352349763675, 'Accuracy - mean': 0.4472477064220184, 'Accuracy - std': 0.024808839051357737, 'F1 score - mean': 0.3757504448981164, 'F1 score - std': 0.03941716221710449} 
 

Fold 5
num_features : 146
num_classes : 1
cat_idx : [0]
nominal_idx : [144, 145]
ordinal_idx : None
num_idx : None
cat_dims : [2]
bin_alt : None
~~~~~~~~~~~~~~~~~~~~~~~~~~~~~~~~~~~~~~~~~~~~~~~~~~~~~~~~~~~~~~~~~~~~~~~~~~~~~~~
BEFORE ANY ENCODING
num_features :146
num_classes : 1
cat_idx : [0]
nominal_idx : [144, 145]
ordinal_idx : None
num_idx : None
cat_dims : [2]
bin_alt : None 


X shape : (872, 146)
~~~~~~~~~~~~~~~~~~~~~~~~~~~~~~~~~~~~~~~~~~~~~~~~~~~~~~~~~~~~~~~~~~~~~~~~~~~~~~~
~~~~~~~~~~~~~~~~~~~~~~~~~~~~~~~~~~~~~~~~~~~~~~~~~~~~~~~~~~~~~~~~~~~~~~~~~~~~~~~ 


AFTER SEPARATING CATEGORICALS AND NUMERICALS
Numerical Index V1 : [0, 1, 2, 3, 4, 5, 6, 7, 8, 9, 10, 11, 12, 13, 14, 15, 16, 17, 18, 19, 20, 21, 22, 23, 24, 25, 26, 27, 28, 29, 30, 31, 32, 33, 34, 35, 36, 37, 38, 39, 40, 41, 42, 43, 44, 45, 46, 47, 48, 49, 50, 51, 52, 53, 54, 55, 56, 57, 58, 59, 60, 61, 62, 63, 64, 65, 66, 67, 68, 69, 70, 71, 72, 73, 74, 75, 76, 77, 78, 79, 80, 81, 82, 83, 84, 85, 86, 87, 88, 89, 90, 91, 92, 93, 94, 95, 96, 97, 98, 99, 100, 101, 102, 103, 104, 105, 106, 107, 108, 109, 110, 111, 112, 113, 114, 115, 116, 117, 118, 119, 120, 121, 122, 123, 124, 125, 126, 127, 128, 129, 130, 131, 132, 133, 134, 135, 136, 137, 138, 139, 140, 141, 142, 143]
Cat Dims V1 : []
Cat Idx V1 : [144, 145] 
 

~~~~~~~~~~~~~~~~~~~~~~~~~~~~~~~~~~~~~~~~~~~~~~~~~~~~~~~~~~~~~~~~~~~~~~~~~~~~~~~ 


Scaling the data...
One Hot Encoding...
~~~~~~~~~~~~~~~~~~~~~~~~~~~~~~~~~~~~~~~~~~~~~~~~~~~~~~~~~~~~~~~~~~~~~~~~~~~~~~~
After OHE
Numerical Index V2 : [0, 1, 2, 3, 4, 5, 6, 7, 8, 9, 10, 11, 12, 13, 14, 15, 16, 17, 18, 19, 20, 21, 22, 23, 24, 25, 26, 27, 28, 29, 30, 31, 32, 33, 34, 35, 36, 37, 38, 39, 40, 41, 42, 43, 44, 45, 46, 47, 48, 49, 50, 51, 52, 53, 54, 55, 56, 57, 58, 59, 60, 61, 62, 63, 64, 65, 66, 67, 68, 69, 70, 71, 72, 73, 74, 75, 76, 77, 78, 79, 80, 81, 82, 83, 84, 85, 86, 87, 88, 89, 90, 91, 92, 93, 94, 95, 96, 97, 98, 99, 100, 101, 102, 103, 104, 105, 106, 107, 108, 109, 110, 111, 112, 113, 114, 115, 116, 117, 118, 119, 120, 121, 122, 123, 124, 125, 126, 127, 128, 129, 130, 131, 132, 133, 134, 135, 136, 137, 138, 139, 140, 141, 142, 143] 


OHE Idx : [0, 1, 2, 3, 4, 5, 6]


Ordinal Idx V2: None


Cat Dims V2 : []
Cat Idx V2 : None 
 

Train: [[1.0 0.0 0.0 0.0 0.0]
 [0.0 1.0 0.0 0.0 0.0]
 [0.0 0.0 0.0 1.0 0.0]
 [0.0 0.0 1.0 0.0 0.0]
 [0.0 0.0 0.0 0.0 1.0]
 [1.0 0.0 0.0 0.0 0.0]
 [0.0 1.0 0.0 0.0 0.0]
 [0.0 0.0 1.0 0.0 0.0]
 [0.0 0.0 0.0 0.0 1.0]
 [1.0 0.0 0.0 0.0 0.0]] 
 
 
Val : (872, 151) 
 

~~~~~~~~~~~~~~~~~~~~~~~~~~~~~~~~~~~~~~~~~~~~~~~~~~~~~~~~~~~~~~~~~~~~~~~~~~~~~~~
~~~~~~~~~~~~~~~~~~~~~~~~~~~~~~~~~~~~~~~~~~~~~~~~~~~~~~~~~~~~~~~~~~~~~~~~~~~~~~~
After ORDINAL
Numerical Index V2 : [0, 1, 2, 3, 4, 5, 6, 7, 8, 9, 10, 11, 12, 13, 14, 15, 16, 17, 18, 19, 20, 21, 22, 23, 24, 25, 26, 27, 28, 29, 30, 31, 32, 33, 34, 35, 36, 37, 38, 39, 40, 41, 42, 43, 44, 45, 46, 47, 48, 49, 50, 51, 52, 53, 54, 55, 56, 57, 58, 59, 60, 61, 62, 63, 64, 65, 66, 67, 68, 69, 70, 71, 72, 73, 74, 75, 76, 77, 78, 79, 80, 81, 82, 83, 84, 85, 86, 87, 88, 89, 90, 91, 92, 93, 94, 95, 96, 97, 98, 99, 100, 101, 102, 103, 104, 105, 106, 107, 108, 109, 110, 111, 112, 113, 114, 115, 116, 117, 118, 119, 120, 121, 122, 123, 124, 125, 126, 127, 128, 129, 130, 131, 132, 133, 134, 135, 136, 137, 138, 139, 140, 141, 142, 143] 


OHE Idx : [0, 1, 2, 3, 4, 5, 6]


Ordinal Idx V2: None


Cat Dims V2 : []
Cat Idx V2 : None 
 

Train: [[1.0 0.0 0.0 ... -0.17343812715392498 -0.3178376562796553
  -0.10019977071911866]
 [0.0 1.0 0.0 ... -0.17343812715392498 -0.3178376562796553
  -0.10019977071911866]
 [0.0 0.0 0.0 ... -0.17343812715392498 0.8883649744794527
  -0.07440284126323692]
 ...
 [0.0 0.0 1.0 ... -0.15538129025995961 1.0182637193304336
  0.054581806016171804]
 [0.0 0.0 0.0 ... -0.15538129025995961 1.0182637193304336
  0.054581806016171804]
 [1.0 0.0 0.0 ... -0.15538129025995961 1.0182637193304336
  0.054581806016171804]] 
 
 
Val : (872, 151) 
 

FINISHED ENCODING
~~~~~~~~~~~~~~~~~~~~~~~~~~~~~~~~~~~~~~~~~~~~~~~~~~~~~~~~~~~~~~~~~~~~~~~~~~~~~~~
Number of Classes B4 Bin Verifier: 91
Unique values in y_train: (array([ 0.,  1.,  2.,  3.,  4.,  5.,  6.,  7.,  8.,  9., 10., 11., 12.,
       13., 14., 15., 16., 17., 18., 19., 20., 21., 22., 23., 24., 25.,
       26., 27., 28., 29., 30., 31., 32., 33., 34., 35., 36., 37., 38.,
       39., 40., 41., 42., 43., 44., 45., 46., 47., 48., 49., 50., 51.,
       52., 53., 54., 55., 56., 57., 58., 59., 60., 61., 62., 63., 64.,
       65., 66., 67., 68., 69., 70., 71., 72., 73., 74., 75., 76., 77.,
       78., 79., 80., 81., 82., 83., 84., 85., 86., 87., 88., 89., 90.]), 91)
Unique values in y_test: (array([ 0.,  2.,  3.,  4.,  8., 10., 13., 15., 19., 31., 36., 37., 40.,
       41., 42., 43., 44., 45., 46., 47., 48., 49., 54., 59., 62., 63.,
       64., 65., 66., 67., 68., 69., 70., 71., 72., 79., 80., 83., 85.,
       87., 88., 89.]), 42)
No need to shift labels.
VERIFY SHIFT
Train after shift : [ 0  1  2  3  4  5  6  7  8  9 10 11 12 13 14 15 16 17 18 19 20 21 22 23
 24 25 26 27 28 29 30 31 32 33 34 35 36 37 38 39 40 41 42 43 44 45 46 47
 48 49 50 51 52 53 54 55 56 57 58 59 60 61 62 63 64 65 66 67 68 69 70 71
 72 73 74 75 76 77 78 79 80 81 82 83 84 85 86 87 88 89 90], Length : 91
Test after shift : [ 0  2  3  4  8 10 13 15 19 31 36 37 40 41 42 43 44 45 46 47 48 49 54 59
 62 63 64 65 66 67 68 69 70 71 72 79 80 83 85 87 88 89], Length : 42
Number of Classes After Bin Verifier: 91
In get_device
Using dim 8 and batch size 64
{'depth': 6, 'dim': 32, 'dropout': 0.5, 'heads': 2}
Epoch 0 loss 3.6745223999023438
Epoch 1 loss 3.3353755474090576
Epoch 2 loss 3.084465980529785
Epoch 3 loss 2.8192551136016846
Epoch 4 loss 2.704265832901001
Epoch 5 loss 2.664745569229126
Epoch 6 loss 2.6296918392181396
Epoch 7 loss 2.6038732528686523
Epoch 8 loss 2.597135543823242
Epoch 9 loss 2.596212387084961
Epoch 10 loss 2.633573532104492
Epoch 11 loss 2.589139699935913
Epoch 12 loss 2.5634124279022217
Epoch 13 loss 2.585885763168335
Epoch 14 loss 2.5417346954345703
Epoch 15 loss 2.562861204147339
Epoch 16 loss 2.5637683868408203
Epoch 17 loss 2.5373878479003906
Epoch 18 loss 2.570261240005493
Epoch 19 loss 2.5649232864379883
Epoch 20 loss 2.4711008071899414
Epoch 21 loss 2.5392165184020996
Epoch 22 loss 2.4662749767303467
Epoch 23 loss 2.506169319152832
Epoch 24 loss 2.502399444580078
Epoch 25 loss 2.4779698848724365
Epoch 26 loss 2.5100691318511963
Epoch 27 loss 2.4457643032073975
Epoch 28 loss 2.51815128326416
Epoch 29 loss 2.4086129665374756
Epoch 30 loss 2.539905548095703
Epoch 31 loss 2.4988913536071777
Epoch 32 loss 2.4864935874938965
Epoch 33 loss 2.4951913356781006
Epoch 34 loss 2.5165441036224365
Epoch 35 loss 2.5044198036193848
Epoch 36 loss 2.468897581100464
Epoch 37 loss 2.4721627235412598
Epoch 38 loss 2.5236830711364746
Epoch 39 loss 2.561079502105713
Epoch 40 loss 2.50990629196167
Epoch 41 loss 2.492438316345215
Epoch 42 loss 2.6222410202026367
Epoch 43 loss 2.5679969787597656
Epoch 44 loss 2.5650718212127686
Epoch 45 loss 2.6006319522857666
Epoch 46 loss 2.618650436401367
Epoch 47 loss 2.59958815574646
Epoch 48 loss 2.7143149375915527
Epoch 49 loss 2.706134796142578
Epoch 50 loss 2.7243621349334717
Validation loss has not improved for 20 steps!
Early stopping applies.
State of save is True b4 loss saving
Log file exists at: output/SAINT/MIP/logging/loss_4.txt
File name : output/SAINT/MIP/logging/loss_4.txt . The file was saved
Log file exists at: output/SAINT/MIP/logging/val_loss_4.txt
File name : output/SAINT/MIP/logging/val_loss_4.txt . The file was saved
Saved Losses and Regularization
±±±±±±±±±±±±±±±±±±±±±±±±±±±±±±±±±±±±±±±±±±±±±±±±±±±±±±±±±±±±±±±±±±±±±±±±±±± 

B4 Evaluation
Number of classes : 91
Class label len :91
Class labels : [0, 1, 2, 3, 4, 5, 6, 7, 8, 9, 10, 11, 12, 13, 14, 15, 16, 17, 18, 19, 20, 21, 22, 23, 24, 25, 26, 27, 28, 29, 30, 31, 32, 33, 34, 35, 36, 37, 38, 39, 40, 41, 42, 43, 44, 45, 46, 47, 48, 49, 50, 51, 52, 53, 54, 55, 56, 57, 58, 59, 60, 61, 62, 63, 64, 65, 66, 67, 68, 69, 70, 71, 72, 73, 74, 75, 76, 77, 78, 79, 80, 81, 82, 83, 84, 85, 86, 87, 88, 89, 90]
Unique y_true : 42
Unique train : 91

Prediction shape : (218,)
Probabilities shape : (218, 91) 

±±±±±±±±±±±±±±±±±±±±±±±±±±±±±±±±±±±±±±±±±±±±±±±±±±±±±±±±±±±±±±±±±±±±±±±±±±± 

IN SCORER EVAL
y_true classes: 42
Probabilities shape: (218, 91)
DONE IN SCORER EVAL
After Evaluation
{'Log Loss - mean': 2.271172, 'Log Loss - std': 0.20445885154720006, 'AUC - mean': 0.698920525979932, 'AUC - std': 0.07800483945897818, 'Accuracy - mean': 0.43669724770642204, 'Accuracy - std': 0.03062076929959383, 'F1 score - mean': 0.3631644150570652, 'F1 score - std': 0.04331977297307715} 
 

Saving model.....
Results After CV: {'Log Loss - mean': 2.271172, 'Log Loss - std': 0.20445885154720006, 'AUC - mean': 0.698920525979932, 'AUC - std': 0.07800483945897818, 'Accuracy - mean': 0.43669724770642204, 'Accuracy - std': 0.03062076929959383, 'F1 score - mean': 0.3631644150570652, 'F1 score - std': 0.04331977297307715}
Train time: 254.0879191208
Inference time: 0.22741261420001707
Finished cross validation
Loss path :output/SAINT/MIP/logging/
Plots saved successfully!
{'Log Loss - mean': 2.271172, 'Log Loss - std': 0.20445885154720006, 'AUC - mean': 0.698920525979932, 'AUC - std': 0.07800483945897818, 'Accuracy - mean': 0.43669724770642204, 'Accuracy - std': 0.03062076929959383, 'F1 score - mean': 0.3631644150570652, 'F1 score - std': 0.04331977297307715}
(254.0879191208, 0.22741261420001707)


----------------------------------------------------------------------------
Training VIME Vesion 1 with Dataset: config/moneyball.yml 



----------------------------------------------------------------------------
Namespace(batch_size=128, bin_alt=None, cat_dims=[2], cat_idx=[0], config='config/moneyball.yml', data_parallel=False, dataset='Moneyball', direction='maximize', dropna_idx=[9, 10, 12, 13], early_stopping_rounds=20, epochs=100, frequency_reg=False, gpu_ids=[0, 1], logging_period=100, miss_cat_idx=None, miss_num_idx=None, model_name='SAINT', n_trials=100, nominal_idx=[0, 1, 8], num_bins=10, num_classes=1, num_features=14, num_idx=None, num_splits=5, objective='probabilistic_regression', one_hot_encode=True, optimize_hyperparameters=False, ordinal_encode=False, ordinal_idx=None, scale=True, seed=221, shuffle=True, target_encode=False, use_gpu=True, val_batch_size=256, y_distribution='normal')
Train model with given hyperparameters
Loading dataset Moneyball...
Dataset loaded! 

(1232, 10)
I am in Main Once
In get_device
Using dim 32 and batch size 128
Almost Cross Validating
Fold 1
num_features : 10
num_classes : 1
cat_idx : [0]
nominal_idx : [0, 1, 8]
ordinal_idx : None
num_idx : None
cat_dims : [2]
bin_alt : None
~~~~~~~~~~~~~~~~~~~~~~~~~~~~~~~~~~~~~~~~~~~~~~~~~~~~~~~~~~~~~~~~~~~~~~~~~~~~~~~
BEFORE ANY ENCODING
num_features :10
num_classes : 1
cat_idx : [0]
nominal_idx : [0, 1, 8]
ordinal_idx : None
num_idx : None
cat_dims : [2]
bin_alt : None 


X shape : (985, 10)
~~~~~~~~~~~~~~~~~~~~~~~~~~~~~~~~~~~~~~~~~~~~~~~~~~~~~~~~~~~~~~~~~~~~~~~~~~~~~~~
~~~~~~~~~~~~~~~~~~~~~~~~~~~~~~~~~~~~~~~~~~~~~~~~~~~~~~~~~~~~~~~~~~~~~~~~~~~~~~~ 


AFTER SEPARATING CATEGORICALS AND NUMERICALS
Numerical Index V1 : [2, 3, 4, 5, 6, 7, 9]
Cat Dims V1 : []
Cat Idx V1 : [0, 1, 8] 
 

~~~~~~~~~~~~~~~~~~~~~~~~~~~~~~~~~~~~~~~~~~~~~~~~~~~~~~~~~~~~~~~~~~~~~~~~~~~~~~~ 


Scaling the data...
One Hot Encoding...
~~~~~~~~~~~~~~~~~~~~~~~~~~~~~~~~~~~~~~~~~~~~~~~~~~~~~~~~~~~~~~~~~~~~~~~~~~~~~~~
After OHE
Numerical Index V2 : [2, 3, 4, 5, 6, 7, 9] 


OHE Idx : [0, 1, 2, 3, 4, 5, 6, 7, 8, 9, 10, 11, 12, 13, 14, 15, 16, 17, 18, 19, 20, 21, 22, 23, 24, 25, 26, 27, 28, 29, 30, 31, 32, 33, 34, 35, 36, 37, 38, 39, 40, 41]


Ordinal Idx V2: None


Cat Dims V2 : []
Cat Idx V2 : None 
 

Train: [[0.0 1.0 0.0 0.0 0.0]
 [0.0 0.0 1.0 0.0 0.0]
 [0.0 0.0 0.0 0.0 1.0]
 [0.0 0.0 0.0 0.0 0.0]
 [0.0 0.0 0.0 0.0 0.0]
 [0.0 0.0 0.0 0.0 0.0]
 [0.0 0.0 0.0 0.0 0.0]
 [0.0 0.0 0.0 0.0 0.0]
 [0.0 0.0 0.0 0.0 0.0]
 [0.0 0.0 0.0 0.0 0.0]] 
 
 
Val : (985, 49) 
 

~~~~~~~~~~~~~~~~~~~~~~~~~~~~~~~~~~~~~~~~~~~~~~~~~~~~~~~~~~~~~~~~~~~~~~~~~~~~~~~
~~~~~~~~~~~~~~~~~~~~~~~~~~~~~~~~~~~~~~~~~~~~~~~~~~~~~~~~~~~~~~~~~~~~~~~~~~~~~~~
After ORDINAL
Numerical Index V2 : [2, 3, 4, 5, 6, 7, 9] 


OHE Idx : [0, 1, 2, 3, 4, 5, 6, 7, 8, 9, 10, 11, 12, 13, 14, 15, 16, 17, 18, 19, 20, 21, 22, 23, 24, 25, 26, 27, 28, 29, 30, 31, 32, 33, 34, 35, 36, 37, 38, 39, 40, 41]


Ordinal Idx V2: None


Cat Dims V2 : []
Cat Idx V2 : None 
 

Train: [[0.0 1.0 0.0 0.0 0.0 0.0 0.0 0.0 0.0 0.0 0.0 0.0 0.0 0.0 0.0 0.0 0.0 0.0
  0.0 0.0 0.0 0.0 0.0 0.0 0.0 0.0 0.0 0.0 0.0 0.0 0.0 0.0 0.0 0.0 0.0 0.0
  0.0 0.0 0.0 1.0 1.0 0.0 1.54401046003895 -0.2932461762834204
  0.005101287982464569 0.11257683392679009 0.6073689431980099
  -0.017330738916979668 0.15210539120410443]
 [0.0 0.0 1.0 0.0 0.0 0.0 0.0 0.0 0.0 0.0 0.0 0.0 0.0 0.0 0.0 0.0 0.0 0.0
  0.0 0.0 0.0 0.0 0.0 0.0 0.0 0.0 0.0 0.0 0.0 0.0 0.0 0.0 0.0 0.0 0.0 0.0
  0.0 0.0 0.0 1.0 0.0 1.0 1.54401046003895 -1.2331085745177286
  1.1511011584291242 -0.42311486374418245 -0.2622798719624465
  -0.9484640752747441 0.15210539120410443]
 [0.0 0.0 0.0 0.0 1.0 0.0 0.0 0.0 0.0 0.0 0.0 0.0 0.0 0.0 0.0 0.0 0.0 0.0
  0.0 0.0 0.0 0.0 0.0 0.0 0.0 0.0 0.0 0.0 0.0 0.0 0.0 0.0 0.0 0.0 0.0 0.0
  0.0 0.0 1.0 0.0 1.0 0.0 1.54401046003895 0.9670238577125837
  -1.0527447462759905 -0.757922174788545 0.5174052726641695
  0.06026370577950071 0.15210539120410443]
 [0.0 0.0 0.0 0.0 0.0 0.0 1.0 0.0 0.0 0.0 0.0 0.0 0.0 0.0 0.0 0.0 0.0 0.0
  0.0 0.0 0.0 0.0 0.0 0.0 0.0 0.0 0.0 0.0 0.0 0.0 0.0 0.0 0.0 0.0 0.0 0.0
  0.0 0.0 0.0 1.0 1.0 0.0 1.54401046003895 0.46505189501926003
  -1.757975435781627 -1.6284211835038873 -0.592146663919865
  -1.4916251881501068 0.15210539120410443]
 [0.0 0.0 0.0 0.0 0.0 0.0 0.0 1.0 0.0 0.0 0.0 0.0 0.0 0.0 0.0 0.0 0.0 0.0
  0.0 0.0 0.0 0.0 0.0 0.0 0.0 0.0 0.0 0.0 0.0 0.0 0.0 0.0 0.0 0.0 0.0 0.0
  0.0 0.0 1.0 0.0 1.0 0.0 1.54401046003895 -0.42140923058809876
  0.35771663273528287 -0.5570377881619274 0.7273205039097973
  -0.32770851770290116 0.15210539120410443]
 [0.0 0.0 0.0 0.0 0.0 0.0 0.0 0.0 1.0 0.0 0.0 0.0 0.0 0.0 0.0 0.0 0.0 0.0
  0.0 0.0 0.0 0.0 0.0 0.0 0.0 0.0 0.0 0.0 0.0 0.0 0.0 0.0 0.0 0.0 0.0 0.0
  0.0 0.0 0.0 1.0 0.0 1.0 1.54401046003895 -1.361271628822407
  1.4155626669937378 -0.757922174788545 0.39745371195238216
  -0.6380862964888226 0.15210539120410443]
 [0.0 0.0 0.0 0.0 0.0 0.0 0.0 0.0 0.0 0.0 1.0 0.0 0.0 0.0 0.0 0.0 0.0 0.0
  0.0 0.0 0.0 0.0 0.0 0.0 0.0 0.0 0.0 0.0 0.0 0.0 0.0 0.0 0.0 0.0 0.0 0.0
  0.0 0.0 0.0 1.0 1.0 0.0 1.54401046003895 1.8641652378453324
  -1.4935139272170133 0.24649975834454252 1.147150966401053
  1.1465859315302174 0.15210539120410443]
 [0.0 0.0 0.0 0.0 0.0 0.0 0.0 0.0 0.0 0.0 0.0 1.0 0.0 0.0 0.0 0.0 0.0 0.0
  0.0 0.0 0.0 0.0 0.0 0.0 0.0 0.0 0.0 0.0 0.0 0.0 0.0 0.0 0.0 0.0 0.0 0.0
  0.0 0.0 1.0 0.0 0.0 1.0 1.54401046003895 -0.485490757740438
  0.6221781412998967 0.581307069388905 0.7273205039097973
  0.6810192633513437 0.15210539120410443]
 [0.0 0.0 0.0 0.0 0.0 0.0 0.0 0.0 0.0 0.0 0.0 0.0 0.0 0.0 0.0 1.0 0.0 0.0
  0.0 0.0 0.0 0.0 0.0 0.0 0.0 0.0 0.0 0.0 0.0 0.0 0.0 0.0 0.0 0.0 0.0 0.0
  0.0 0.0 1.0 0.0 1.0 0.0 1.54401046003895 0.3262085861891918
  -0.7882832377113766 -0.6239992503708 0.06758691999496864
  0.4482359292619026 0.15210539120410443]
 [0.0 0.0 0.0 0.0 0.0 0.0 0.0 0.0 0.0 0.0 0.0 0.0 0.0 0.0 0.0 0.0 1.0 0.0
  0.0 0.0 0.0 0.0 0.0 0.0 0.0 0.0 0.0 0.0 0.0 0.0 0.0 0.0 0.0 0.0 0.0 0.0
  0.0 0.0 1.0 0.0 1.0 0.0 1.54401046003895 -0.17576337650413187
  0.7103319774881012 0.3804226827622875 1.0571872958672126
  1.1465859315302174 0.15210539120410443]] 
 
 
Val : (985, 49) 
 

FINISHED ENCODING
~~~~~~~~~~~~~~~~~~~~~~~~~~~~~~~~~~~~~~~~~~~~~~~~~~~~~~~~~~~~~~~~~~~~~~~~~~~~~~~
Number of Classes B4 Bin Verifier: 8
Unique values in y_train: (array([0., 1., 2., 3., 4., 5., 6., 7.]), 8)
Unique values in y_test: (array([0., 1., 2., 3., 4., 5., 6., 7.]), 8)
No need to shift labels.
VERIFY SHIFT
Train after shift : [0 1 2 3 4 5 6 7], Length : 8
Test after shift : [0 1 2 3 4 5 6 7], Length : 8
Number of Classes After Bin Verifier: 8
In get_device
Using dim 32 and batch size 128
{'depth': 3, 'dim': 32, 'dropout': 0.3, 'heads': 4}
Epoch 0 loss 1.9849120378494263
Epoch 1 loss 1.748795986175537
Epoch 2 loss 1.5005416870117188
Epoch 3 loss 1.3214880228042603
Epoch 4 loss 1.1630709171295166
Epoch 5 loss 1.0745997428894043
Epoch 6 loss 0.9753011465072632
Epoch 7 loss 1.0016447305679321
Epoch 8 loss 0.9520851969718933
Epoch 9 loss 0.9471642971038818
Epoch 10 loss 0.9649626612663269
Epoch 11 loss 0.9421105980873108
Epoch 12 loss 0.9239259958267212
Epoch 13 loss 1.0489575862884521
Epoch 14 loss 1.005476474761963
Epoch 15 loss 1.0542417764663696
Epoch 16 loss 0.9441113471984863
Epoch 17 loss 0.979275107383728
Epoch 18 loss 0.9127257466316223
Epoch 19 loss 0.907490074634552
Epoch 20 loss 0.928907573223114
Epoch 21 loss 0.9362969994544983
Epoch 22 loss 0.9417065382003784
Epoch 23 loss 1.0188257694244385
Epoch 24 loss 0.9736403226852417
Epoch 25 loss 0.9484226703643799
Epoch 26 loss 0.9834232926368713
Epoch 27 loss 0.9641857147216797
Epoch 28 loss 1.0173389911651611
Epoch 29 loss 1.033888816833496
Epoch 30 loss 0.9994301199913025
Epoch 31 loss 0.9958685040473938
Epoch 32 loss 1.0294815301895142
Epoch 33 loss 1.0379197597503662
Epoch 34 loss 1.1067417860031128
Epoch 35 loss 1.0417194366455078
Epoch 36 loss 1.05478835105896
Epoch 37 loss 1.0982110500335693
Epoch 38 loss 1.1095811128616333
Epoch 39 loss 1.1082446575164795
Epoch 40 loss 1.1496015787124634
Validation loss has not improved for 20 steps!
Early stopping applies.
State of save is True b4 loss saving
Log file exists at: output/SAINT/Moneyball/logging/loss_0.txt
File name : output/SAINT/Moneyball/logging/loss_0.txt . The file was saved
Log file exists at: output/SAINT/Moneyball/logging/val_loss_0.txt
File name : output/SAINT/Moneyball/logging/val_loss_0.txt . The file was saved
Saved Losses and Regularization
±±±±±±±±±±±±±±±±±±±±±±±±±±±±±±±±±±±±±±±±±±±±±±±±±±±±±±±±±±±±±±±±±±±±±±±±±±± 

B4 Evaluation
Number of classes : 8
Class label len :8
Class labels : [0, 1, 2, 3, 4, 5, 6, 7]
Unique y_true : 8
Unique train : 8

Prediction shape : (247,)
Probabilities shape : (247, 8) 

±±±±±±±±±±±±±±±±±±±±±±±±±±±±±±±±±±±±±±±±±±±±±±±±±±±±±±±±±±±±±±±±±±±±±±±±±±± 

IN SCORER EVAL
y_true classes: 8
Probabilities shape: (247, 8)
DONE IN SCORER EVAL
After Evaluation
{'Log Loss - mean': 0.90749, 'Log Loss - std': 0.0, 'AUC - mean': 0.9301382369883423, 'AUC - std': 0.0, 'Accuracy - mean': 0.6032388663967612, 'Accuracy - std': 0.0, 'F1 score - mean': 0.6026408767767382, 'F1 score - std': 0.0} 
 

Fold 2
num_features : 10
num_classes : 1
cat_idx : [0]
nominal_idx : [0, 1, 8]
ordinal_idx : None
num_idx : None
cat_dims : [2]
bin_alt : None
~~~~~~~~~~~~~~~~~~~~~~~~~~~~~~~~~~~~~~~~~~~~~~~~~~~~~~~~~~~~~~~~~~~~~~~~~~~~~~~
BEFORE ANY ENCODING
num_features :10
num_classes : 1
cat_idx : [0]
nominal_idx : [0, 1, 8]
ordinal_idx : None
num_idx : None
cat_dims : [2]
bin_alt : None 


X shape : (985, 10)
~~~~~~~~~~~~~~~~~~~~~~~~~~~~~~~~~~~~~~~~~~~~~~~~~~~~~~~~~~~~~~~~~~~~~~~~~~~~~~~
~~~~~~~~~~~~~~~~~~~~~~~~~~~~~~~~~~~~~~~~~~~~~~~~~~~~~~~~~~~~~~~~~~~~~~~~~~~~~~~ 


AFTER SEPARATING CATEGORICALS AND NUMERICALS
Numerical Index V1 : [2, 3, 4, 5, 6, 7, 9]
Cat Dims V1 : []
Cat Idx V1 : [0, 1, 8] 
 

~~~~~~~~~~~~~~~~~~~~~~~~~~~~~~~~~~~~~~~~~~~~~~~~~~~~~~~~~~~~~~~~~~~~~~~~~~~~~~~ 


Scaling the data...
One Hot Encoding...
~~~~~~~~~~~~~~~~~~~~~~~~~~~~~~~~~~~~~~~~~~~~~~~~~~~~~~~~~~~~~~~~~~~~~~~~~~~~~~~
After OHE
Numerical Index V2 : [2, 3, 4, 5, 6, 7, 9] 


OHE Idx : [0, 1, 2, 3, 4, 5, 6, 7, 8, 9, 10, 11, 12, 13, 14, 15, 16, 17, 18, 19, 20, 21, 22, 23, 24, 25, 26, 27, 28, 29, 30, 31, 32, 33, 34, 35, 36, 37, 38, 39, 40, 41, 42]


Ordinal Idx V2: None


Cat Dims V2 : []
Cat Idx V2 : None 
 

Train: [[0.0 1.0 0.0 0.0 0.0]
 [0.0 0.0 1.0 0.0 0.0]
 [0.0 0.0 0.0 1.0 0.0]
 [0.0 0.0 0.0 0.0 0.0]
 [0.0 0.0 0.0 0.0 0.0]
 [0.0 0.0 0.0 0.0 0.0]
 [0.0 0.0 0.0 0.0 0.0]
 [0.0 0.0 0.0 0.0 0.0]
 [0.0 0.0 0.0 0.0 0.0]
 [0.0 0.0 0.0 0.0 0.0]] 
 
 
Val : (985, 50) 
 

~~~~~~~~~~~~~~~~~~~~~~~~~~~~~~~~~~~~~~~~~~~~~~~~~~~~~~~~~~~~~~~~~~~~~~~~~~~~~~~
~~~~~~~~~~~~~~~~~~~~~~~~~~~~~~~~~~~~~~~~~~~~~~~~~~~~~~~~~~~~~~~~~~~~~~~~~~~~~~~
After ORDINAL
Numerical Index V2 : [2, 3, 4, 5, 6, 7, 9] 


OHE Idx : [0, 1, 2, 3, 4, 5, 6, 7, 8, 9, 10, 11, 12, 13, 14, 15, 16, 17, 18, 19, 20, 21, 22, 23, 24, 25, 26, 27, 28, 29, 30, 31, 32, 33, 34, 35, 36, 37, 38, 39, 40, 41, 42]


Ordinal Idx V2: None


Cat Dims V2 : []
Cat Idx V2 : None 
 

Train: [[0.0 1.0 0.0 0.0 0.0 0.0 0.0 0.0 0.0 0.0 0.0 0.0 0.0 0.0 0.0 0.0 0.0 0.0
  0.0 0.0 0.0 0.0 0.0 0.0 0.0 0.0 0.0 0.0 0.0 0.0 0.0 0.0 0.0 0.0 0.0 0.0
  0.0 0.0 0.0 0.0 1.0 1.0 0.0 1.5518309595756514 -0.2984739322018782
  0.03428077988573539 0.124993940297029 0.6192431259002107
  -0.016467038676321873 0.12620928561553893]
 [0.0 0.0 1.0 0.0 0.0 0.0 0.0 0.0 0.0 0.0 0.0 0.0 0.0 0.0 0.0 0.0 0.0 0.0
  0.0 0.0 0.0 0.0 0.0 0.0 0.0 0.0 0.0 0.0 0.0 0.0 0.0 0.0 0.0 0.0 0.0 0.0
  0.0 0.0 0.0 0.0 1.0 0.0 1.0 1.5518309595756514 -1.225908705762921
  1.154090439163381 -0.4008748528373132 -0.24374559885655983
  -0.9433260727437409 0.12620928561553893]
 [0.0 0.0 0.0 1.0 0.0 0.0 0.0 0.0 0.0 0.0 0.0 0.0 0.0 0.0 0.0 0.0 0.0 0.0
  0.0 0.0 0.0 0.0 0.0 0.0 0.0 0.0 0.0 0.0 0.0 0.0 0.0 0.0 0.0 0.0 0.0 0.0
  0.0 0.0 0.0 1.0 0.0 0.0 1.0 1.5518309595756514 -0.11931039640031312
  1.0679512346035622 -0.9924772451134565 0.5894848940120462
  -0.9433260727437409 0.12620928561553893]
 [0.0 0.0 0.0 0.0 0.0 0.0 1.0 0.0 0.0 0.0 0.0 0.0 0.0 0.0 0.0 0.0 0.0 0.0
  0.0 0.0 0.0 0.0 0.0 0.0 0.0 0.0 0.0 0.0 0.0 0.0 0.0 0.0 0.0 0.0 0.0 0.0
  0.0 0.0 0.0 0.0 1.0 1.0 0.0 1.5518309595756514 0.4497973055575995
  -1.6885033113106425 -1.5840796373895998 -0.5710861496263733
  -1.4839938426164019 0.12620928561553893]
 [0.0 0.0 0.0 0.0 0.0 0.0 0.0 1.0 0.0 0.0 0.0 0.0 0.0 0.0 0.0 0.0 0.0 0.0
  0.0 0.0 0.0 0.0 0.0 0.0 0.0 0.0 0.0 0.0 0.0 0.0 0.0 0.0 0.0 0.0 0.0 0.0
  0.0 0.0 0.0 1.0 0.0 1.0 0.0 1.5518309595756514 -0.42494231041474767
  0.378837598125011 -0.5323420511209006 0.738276053452869
  -0.3254200500321282 0.12620928561553893]
 [0.0 0.0 0.0 0.0 0.0 0.0 0.0 0.0 1.0 0.0 0.0 0.0 0.0 0.0 0.0 0.0 0.0 0.0
  0.0 0.0 0.0 0.0 0.0 0.0 0.0 0.0 0.0 0.0 0.0 0.0 0.0 0.0 0.0 0.0 0.0 0.0
  0.0 0.0 0.0 0.0 1.0 0.0 1.0 1.5518309595756514 -1.3523770839757905
  1.4125080528428378 -0.7295428485462817 0.4109355026830588
  -0.6343730613879346 0.12620928561553893]
 [0.0 0.0 0.0 0.0 0.0 0.0 0.0 0.0 0.0 1.0 0.0 0.0 0.0 0.0 0.0 0.0 0.0 0.0
  0.0 0.0 0.0 0.0 0.0 0.0 0.0 0.0 0.0 0.0 0.0 0.0 0.0 0.0 0.0 0.0 0.0 0.0
  0.0 0.0 0.0 1.0 0.0 1.0 0.0 1.5518309595756514 1.356154016083164
  -1.0855288793919102 -0.13794045627013848 -0.4818114539618763
  -0.6343730613879346 0.12620928561553893]
 [0.0 0.0 0.0 0.0 0.0 0.0 0.0 0.0 0.0 0.0 0.0 1.0 0.0 0.0 0.0 0.0 0.0 0.0
  0.0 0.0 0.0 0.0 0.0 0.0 0.0 0.0 0.0 0.0 0.0 0.0 0.0 0.0 0.0 0.0 0.0 0.0
  0.0 0.0 0.0 1.0 0.0 0.0 1.0 1.5518309595756514 -0.48817649952118236
  0.6372552118044676 0.5851291342895921 0.738276053452869
  0.6786772368742424 0.12620928561553893]
 [0.0 0.0 0.0 0.0 0.0 0.0 0.0 0.0 0.0 0.0 0.0 0.0 0.0 1.0 0.0 0.0 0.0 0.0
  0.0 0.0 0.0 0.0 0.0 0.0 0.0 0.0 0.0 0.0 0.0 0.0 0.0 0.0 0.0 0.0 0.0 0.0
  0.0 0.0 0.0 0.0 1.0 1.0 0.0 1.5518309595756514 0.8186634086784688
  -2.205338538669556 -1.5840796373895998 -0.7793937728435218
  -1.7929468539722082 0.12620928561553893]
 [0.0 0.0 0.0 0.0 0.0 0.0 0.0 0.0 0.0 0.0 0.0 0.0 0.0 0.0 0.0 0.0 1.0 0.0
  0.0 0.0 0.0 0.0 0.0 0.0 0.0 0.0 0.0 0.0 0.0 0.0 0.0 0.0 0.0 0.0 0.0 0.0
  0.0 0.0 0.0 1.0 0.0 1.0 0.0 1.5518309595756514 -0.18254458550674785
  0.7233944163642866 0.3879283368642111 1.0656166042226791
  1.1421067539079433 0.12620928561553893]] 
 
 
Val : (985, 50) 
 

FINISHED ENCODING
~~~~~~~~~~~~~~~~~~~~~~~~~~~~~~~~~~~~~~~~~~~~~~~~~~~~~~~~~~~~~~~~~~~~~~~~~~~~~~~
Number of Classes B4 Bin Verifier: 8
Unique values in y_train: (array([0., 1., 2., 3., 4., 5., 6., 7.]), 8)
Unique values in y_test: (array([0., 1., 2., 3., 4., 5., 6., 7.]), 8)
No need to shift labels.
VERIFY SHIFT
Train after shift : [0 1 2 3 4 5 6 7], Length : 8
Test after shift : [0 1 2 3 4 5 6 7], Length : 8
Number of Classes After Bin Verifier: 8
In get_device
Using dim 8 and batch size 64
{'depth': 3, 'dim': 32, 'dropout': 0.3, 'heads': 4}
Epoch 0 loss 2.0653269290924072
Epoch 1 loss 2.023811101913452
Epoch 2 loss 1.9199213981628418
Epoch 3 loss 1.724731206893921
Epoch 4 loss 1.5129544734954834
Epoch 5 loss 1.3514504432678223
Epoch 6 loss 1.2292321920394897
Epoch 7 loss 1.0994642972946167
Epoch 8 loss 1.0740351676940918
Epoch 9 loss 1.0069996118545532
Epoch 10 loss 0.9765269756317139
Epoch 11 loss 0.9592893123626709
Epoch 12 loss 0.9571228623390198
Epoch 13 loss 0.9149226546287537
Epoch 14 loss 0.9285036325454712
Epoch 15 loss 0.907076358795166
Epoch 16 loss 0.916688084602356
Epoch 17 loss 0.9126556515693665
Epoch 18 loss 0.8889703154563904
Epoch 19 loss 0.8831719756126404
Epoch 20 loss 0.8820696473121643
Epoch 21 loss 0.8921962380409241
Epoch 22 loss 0.8746781349182129
Epoch 23 loss 0.9442445635795593
Epoch 24 loss 0.8666929006576538
Epoch 25 loss 0.8800314664840698
Epoch 26 loss 0.8655514717102051
Epoch 27 loss 0.8644103407859802
Epoch 28 loss 0.880937933921814
Epoch 29 loss 0.8998209238052368
Epoch 30 loss 0.8741230368614197
Epoch 31 loss 0.8542436361312866
Epoch 32 loss 0.8566200733184814
Epoch 33 loss 0.86341792345047
Epoch 34 loss 0.8768588304519653
Epoch 35 loss 0.8677428960800171
Epoch 36 loss 0.8565928339958191
Epoch 37 loss 0.854337215423584
Epoch 38 loss 0.8780943155288696
Epoch 39 loss 0.8441231846809387
Epoch 40 loss 0.8600815534591675
Epoch 41 loss 0.9107340574264526
Epoch 42 loss 0.9372485280036926
Epoch 43 loss 0.8421831727027893
Epoch 44 loss 0.8474993109703064
Epoch 45 loss 0.8610050082206726
Epoch 46 loss 0.8497636318206787
Epoch 47 loss 0.8580504059791565
Epoch 48 loss 0.8636970520019531
Epoch 49 loss 0.8456183075904846
Epoch 50 loss 0.8693099021911621
Epoch 51 loss 0.851077139377594
Epoch 52 loss 0.8731973171234131
Epoch 53 loss 0.8529422283172607
Epoch 54 loss 0.8867310881614685
Epoch 55 loss 0.8920239210128784
Epoch 56 loss 0.8954777717590332
Epoch 57 loss 0.9055432677268982
Epoch 58 loss 0.8810069561004639
Epoch 59 loss 0.8914686441421509
Epoch 60 loss 0.9214972853660583
Epoch 61 loss 0.8939863443374634
Epoch 62 loss 0.8685184717178345
Epoch 63 loss 0.9082143306732178
Epoch 64 loss 0.9493054747581482
Validation loss has not improved for 20 steps!
Early stopping applies.
State of save is True b4 loss saving
Log file exists at: output/SAINT/Moneyball/logging/loss_1.txt
File name : output/SAINT/Moneyball/logging/loss_1.txt . The file was saved
Log file exists at: output/SAINT/Moneyball/logging/val_loss_1.txt
File name : output/SAINT/Moneyball/logging/val_loss_1.txt . The file was saved
Saved Losses and Regularization
±±±±±±±±±±±±±±±±±±±±±±±±±±±±±±±±±±±±±±±±±±±±±±±±±±±±±±±±±±±±±±±±±±±±±±±±±±± 

B4 Evaluation
Number of classes : 8
Class label len :8
Class labels : [0, 1, 2, 3, 4, 5, 6, 7]
Unique y_true : 8
Unique train : 8

Prediction shape : (247,)
Probabilities shape : (247, 8) 

±±±±±±±±±±±±±±±±±±±±±±±±±±±±±±±±±±±±±±±±±±±±±±±±±±±±±±±±±±±±±±±±±±±±±±±±±±± 

IN SCORER EVAL
y_true classes: 8
Probabilities shape: (247, 8)
DONE IN SCORER EVAL
After Evaluation
{'Log Loss - mean': 0.8748400000000001, 'Log Loss - std': 0.03265000000000001, 'AUC - mean': 0.9344316813818596, 'AUC - std': 0.004293444393517254, 'Accuracy - mean': 0.6153846153846154, 'Accuracy - std': 0.012145748987854255, 'F1 score - mean': 0.6178574242707977, 'F1 score - std': 0.01521654749405954} 
 

Fold 3
num_features : 10
num_classes : 1
cat_idx : [0]
nominal_idx : [0, 1, 8]
ordinal_idx : None
num_idx : None
cat_dims : [2]
bin_alt : None
~~~~~~~~~~~~~~~~~~~~~~~~~~~~~~~~~~~~~~~~~~~~~~~~~~~~~~~~~~~~~~~~~~~~~~~~~~~~~~~
BEFORE ANY ENCODING
num_features :10
num_classes : 1
cat_idx : [0]
nominal_idx : [0, 1, 8]
ordinal_idx : None
num_idx : None
cat_dims : [2]
bin_alt : None 


X shape : (986, 10)
~~~~~~~~~~~~~~~~~~~~~~~~~~~~~~~~~~~~~~~~~~~~~~~~~~~~~~~~~~~~~~~~~~~~~~~~~~~~~~~
~~~~~~~~~~~~~~~~~~~~~~~~~~~~~~~~~~~~~~~~~~~~~~~~~~~~~~~~~~~~~~~~~~~~~~~~~~~~~~~ 


AFTER SEPARATING CATEGORICALS AND NUMERICALS
Numerical Index V1 : [2, 3, 4, 5, 6, 7, 9]
Cat Dims V1 : []
Cat Idx V1 : [0, 1, 8] 
 

~~~~~~~~~~~~~~~~~~~~~~~~~~~~~~~~~~~~~~~~~~~~~~~~~~~~~~~~~~~~~~~~~~~~~~~~~~~~~~~ 


Scaling the data...
One Hot Encoding...
~~~~~~~~~~~~~~~~~~~~~~~~~~~~~~~~~~~~~~~~~~~~~~~~~~~~~~~~~~~~~~~~~~~~~~~~~~~~~~~
After OHE
Numerical Index V2 : [2, 3, 4, 5, 6, 7, 9] 


OHE Idx : [0, 1, 2, 3, 4, 5, 6, 7, 8, 9, 10, 11, 12, 13, 14, 15, 16, 17, 18, 19, 20, 21, 22, 23, 24, 25, 26, 27, 28, 29, 30, 31, 32, 33, 34, 35, 36, 37, 38, 39, 40, 41, 42]


Ordinal Idx V2: None


Cat Dims V2 : []
Cat Idx V2 : None 
 

Train: [[0.0 1.0 0.0 0.0 0.0]
 [0.0 0.0 1.0 0.0 0.0]
 [0.0 0.0 0.0 1.0 0.0]
 [0.0 0.0 0.0 0.0 1.0]
 [0.0 0.0 0.0 0.0 0.0]
 [0.0 0.0 0.0 0.0 0.0]
 [0.0 0.0 0.0 0.0 0.0]
 [0.0 0.0 0.0 0.0 0.0]
 [0.0 0.0 0.0 0.0 0.0]
 [0.0 0.0 0.0 0.0 0.0]] 
 
 
Val : (986, 50) 
 

~~~~~~~~~~~~~~~~~~~~~~~~~~~~~~~~~~~~~~~~~~~~~~~~~~~~~~~~~~~~~~~~~~~~~~~~~~~~~~~
~~~~~~~~~~~~~~~~~~~~~~~~~~~~~~~~~~~~~~~~~~~~~~~~~~~~~~~~~~~~~~~~~~~~~~~~~~~~~~~
After ORDINAL
Numerical Index V2 : [2, 3, 4, 5, 6, 7, 9] 


OHE Idx : [0, 1, 2, 3, 4, 5, 6, 7, 8, 9, 10, 11, 12, 13, 14, 15, 16, 17, 18, 19, 20, 21, 22, 23, 24, 25, 26, 27, 28, 29, 30, 31, 32, 33, 34, 35, 36, 37, 38, 39, 40, 41, 42]


Ordinal Idx V2: None


Cat Dims V2 : []
Cat Idx V2 : None 
 

Train: [[0.0 1.0 0.0 0.0 0.0 0.0 0.0 0.0 0.0 0.0 0.0 0.0 0.0 0.0 0.0 0.0 0.0 0.0
  0.0 0.0 0.0 0.0 0.0 0.0 0.0 0.0 0.0 0.0 0.0 0.0 0.0 0.0 0.0 0.0 0.0 0.0
  0.0 0.0 0.0 0.0 1.0 1.0 0.0 1.5511319556733212 -0.29955527895669254
  0.006058531598584041 0.10159790047279765 0.6382535614917421
  -0.02166551570739544 0.1324923812219859]
 [0.0 0.0 1.0 0.0 0.0 0.0 0.0 0.0 0.0 0.0 0.0 0.0 0.0 0.0 0.0 0.0 0.0 0.0
  0.0 0.0 0.0 0.0 0.0 0.0 0.0 0.0 0.0 0.0 0.0 0.0 0.0 0.0 0.0 0.0 0.0 0.0
  0.0 0.0 0.0 0.0 1.0 0.0 1.0 1.5511319556733212 -1.2648248019081667
  1.1480917379316513 -0.44025756871546906 -0.24974869314502668
  -0.9675931240096076 0.1324923812219859]
 [0.0 0.0 0.0 1.0 0.0 0.0 0.0 0.0 0.0 0.0 0.0 0.0 0.0 0.0 0.0 0.0 0.0 0.0
  0.0 0.0 0.0 0.0 0.0 0.0 0.0 0.0 0.0 0.0 0.0 0.0 0.0 0.0 0.0 0.0 0.0 0.0
  0.0 0.0 0.0 1.0 0.0 0.0 1.0 1.5511319556733212 -0.11308275747743048
  1.0602430297521845 -1.0498449715522775 0.6076327940904741
  -0.9675931240096076 0.1324923812219859]
 [0.0 0.0 0.0 0.0 1.0 0.0 0.0 0.0 0.0 0.0 0.0 0.0 0.0 0.0 0.0 0.0 0.0 0.0
  0.0 0.0 0.0 0.0 0.0 0.0 0.0 0.0 0.0 0.0 0.0 0.0 0.0 0.0 0.0 0.0 0.0 0.0
  0.0 0.0 0.0 1.0 0.0 1.0 0.0 1.5511319556733212 0.9947833995464206
  -1.0481259665550164 -0.7789172369581404 0.5463912592879382
  0.05716178498445557 0.1324923812219859]
 [0.0 0.0 0.0 0.0 0.0 0.0 1.0 0.0 0.0 0.0 0.0 0.0 0.0 0.0 0.0 0.0 0.0 0.0
  0.0 0.0 0.0 0.0 0.0 0.0 0.0 0.0 0.0 0.0 0.0 0.0 0.0 0.0 0.0 0.0 0.0 0.0
  0.0 0.0 0.0 0.0 1.0 1.0 0.0 1.5511319556733212 0.4792417225155196
  -1.7509156319907502 -1.659432374389086 -0.5865771345589774
  -1.5193842288525647 0.1324923812219859]
 [0.0 0.0 0.0 0.0 0.0 0.0 0.0 0.0 1.0 0.0 0.0 0.0 0.0 0.0 0.0 0.0 0.0 0.0
  0.0 0.0 0.0 0.0 0.0 0.0 0.0 0.0 0.0 0.0 0.0 0.0 0.0 0.0 0.0 0.0 0.0 0.0
  0.0 0.0 0.0 0.0 1.0 0.0 1.0 1.5511319556733212 -1.3964524641288223
  1.4116378624700514 -0.7789172369581404 0.4239081896828664
  -0.6522839212422036 0.1324923812219859]
 [0.0 0.0 0.0 0.0 0.0 0.0 0.0 0.0 0.0 1.0 0.0 0.0 0.0 0.0 0.0 0.0 0.0 0.0
  0.0 0.0 0.0 0.0 0.0 0.0 0.0 0.0 0.0 0.0 0.0 0.0 0.0 0.0 0.0 0.0 0.0 0.0
  0.0 0.0 0.0 1.0 0.0 1.0 0.0 1.5511319556733212 1.4225733017635511
  -1.1359746747344832 -0.16932983412133193 -0.4947148323551702
  -0.6522839212422036 0.1324923812219859]
 [0.0 0.0 0.0 0.0 0.0 0.0 0.0 0.0 0.0 0.0 1.0 0.0 0.0 0.0 0.0 0.0 0.0 0.0
  0.0 0.0 0.0 0.0 0.0 0.0 0.0 0.0 0.0 0.0 0.0 0.0 0.0 0.0 0.0 0.0 0.0 0.0
  0.0 0.0 0.0 0.0 1.0 1.0 0.0 1.5511319556733212 1.9161770350910097
  -1.48736950745235 0.23706176776987373 1.189427374714565
  1.160743994670361 0.1324923812219859]
 [0.0 0.0 0.0 0.0 0.0 0.0 0.0 0.0 0.0 0.0 0.0 1.0 0.0 0.0 0.0 0.0 0.0 0.0
  0.0 0.0 0.0 0.0 0.0 0.0 0.0 0.0 0.0 0.0 0.0 0.0 0.0 0.0 0.0 0.0 0.0 0.0
  0.0 0.0 0.0 1.0 0.0 0.0 1.0 1.5511319556733212 -0.4969967722876759
  0.620999488854851 0.5757214360125451 0.7607366310968138
  0.6877801905192638 0.1324923812219859]
 [0.0 0.0 0.0 0.0 0.0 0.0 0.0 0.0 0.0 0.0 0.0 0.0 0.0 1.0 0.0 0.0 0.0 0.0
  0.0 0.0 0.0 0.0 0.0 0.0 0.0 0.0 0.0 0.0 0.0 0.0 0.0 0.0 0.0 0.0 0.0 0.0
  0.0 0.0 0.0 0.0 1.0 1.0 0.0 1.5511319556733212 0.863155737325765
  -2.2780078810675506 -1.659432374389086 -0.8009225063678497
  -1.8346934316199688 0.1324923812219859]] 
 
 
Val : (986, 50) 
 

FINISHED ENCODING
~~~~~~~~~~~~~~~~~~~~~~~~~~~~~~~~~~~~~~~~~~~~~~~~~~~~~~~~~~~~~~~~~~~~~~~~~~~~~~~
Number of Classes B4 Bin Verifier: 8
Unique values in y_train: (array([0., 1., 2., 3., 4., 5., 6., 7.]), 8)
Unique values in y_test: (array([0., 1., 2., 3., 4., 5., 6., 7.]), 8)
No need to shift labels.
VERIFY SHIFT
Train after shift : [0 1 2 3 4 5 6 7], Length : 8
Test after shift : [0 1 2 3 4 5 6 7], Length : 8
Number of Classes After Bin Verifier: 8
In get_device
Using dim 8 and batch size 64
{'depth': 3, 'dim': 32, 'dropout': 0.3, 'heads': 4}
Epoch 0 loss 2.046212911605835
Epoch 1 loss 1.9680895805358887
Epoch 2 loss 1.8008151054382324
Epoch 3 loss 1.6150078773498535
Epoch 4 loss 1.4610079526901245
Epoch 5 loss 1.3185033798217773
Epoch 6 loss 1.2239805459976196
Epoch 7 loss 1.140113353729248
Epoch 8 loss 1.0842273235321045
Epoch 9 loss 1.0402891635894775
Epoch 10 loss 1.0085091590881348
Epoch 11 loss 1.0287598371505737
Epoch 12 loss 0.97159743309021
Epoch 13 loss 0.9661617875099182
Epoch 14 loss 0.9773305654525757
Epoch 15 loss 0.9580042362213135
Epoch 16 loss 0.933370053768158
Epoch 17 loss 0.9380156993865967
Epoch 18 loss 0.9375956058502197
Epoch 19 loss 0.9117428064346313
Epoch 20 loss 0.9816552996635437
Epoch 21 loss 0.9599334001541138
Epoch 22 loss 0.9085419774055481
Epoch 23 loss 0.9315850734710693
Epoch 24 loss 0.9130431413650513
Epoch 25 loss 0.918740451335907
Epoch 26 loss 0.9433778524398804
Epoch 27 loss 0.910063624382019
Epoch 28 loss 0.9071131348609924
Epoch 29 loss 0.9172552824020386
Epoch 30 loss 0.9195811152458191
Epoch 31 loss 0.9274241924285889
Epoch 32 loss 0.9252974390983582
Epoch 33 loss 0.9205966591835022
Epoch 34 loss 0.9544885754585266
Epoch 35 loss 0.9109582901000977
Epoch 36 loss 0.9063620567321777
Epoch 37 loss 0.930854320526123
Epoch 38 loss 0.9123375415802002
Epoch 39 loss 0.9206161499023438
Epoch 40 loss 0.9197201132774353
Epoch 41 loss 0.9147236347198486
Epoch 42 loss 0.9687122106552124
Epoch 43 loss 0.9540716409683228
Epoch 44 loss 0.9497878551483154
Epoch 45 loss 0.9355867505073547
Epoch 46 loss 0.9440305233001709
Epoch 47 loss 0.9432815909385681
Epoch 48 loss 0.9507473111152649
Epoch 49 loss 0.9698932766914368
Epoch 50 loss 0.9753890633583069
Epoch 51 loss 0.9691576361656189
Epoch 52 loss 1.0447288751602173
Epoch 53 loss 0.9686877131462097
Epoch 54 loss 0.9564956426620483
Epoch 55 loss 0.9774198532104492
Epoch 56 loss 0.963171660900116
Epoch 57 loss 0.9996442794799805
Validation loss has not improved for 20 steps!
Early stopping applies.
State of save is True b4 loss saving
Log file exists at: output/SAINT/Moneyball/logging/loss_2.txt
File name : output/SAINT/Moneyball/logging/loss_2.txt . The file was saved
Log file exists at: output/SAINT/Moneyball/logging/val_loss_2.txt
File name : output/SAINT/Moneyball/logging/val_loss_2.txt . The file was saved
Saved Losses and Regularization
±±±±±±±±±±±±±±±±±±±±±±±±±±±±±±±±±±±±±±±±±±±±±±±±±±±±±±±±±±±±±±±±±±±±±±±±±±± 

B4 Evaluation
Number of classes : 8
Class label len :8
Class labels : [0, 1, 2, 3, 4, 5, 6, 7]
Unique y_true : 8
Unique train : 8

Prediction shape : (246,)
Probabilities shape : (246, 8) 

±±±±±±±±±±±±±±±±±±±±±±±±±±±±±±±±±±±±±±±±±±±±±±±±±±±±±±±±±±±±±±±±±±±±±±±±±±± 

IN SCORER EVAL
y_true classes: 8
Probabilities shape: (246, 8)
DONE IN SCORER EVAL
After Evaluation
{'Log Loss - mean': 0.8853533333333333, 'Log Loss - std': 0.030524449580987077, 'AUC - mean': 0.9306493830030732, 'AUC - std': 0.006395363312001048, 'Accuracy - mean': 0.6162184698770065, 'Accuracy - std': 0.009986829941458067, 'F1 score - mean': 0.6196807603330056, 'F1 score - std': 0.012689023624802991} 
 

Fold 4
num_features : 10
num_classes : 1
cat_idx : [0]
nominal_idx : [0, 1, 8]
ordinal_idx : None
num_idx : None
cat_dims : [2]
bin_alt : None
~~~~~~~~~~~~~~~~~~~~~~~~~~~~~~~~~~~~~~~~~~~~~~~~~~~~~~~~~~~~~~~~~~~~~~~~~~~~~~~
BEFORE ANY ENCODING
num_features :10
num_classes : 1
cat_idx : [0]
nominal_idx : [0, 1, 8]
ordinal_idx : None
num_idx : None
cat_dims : [2]
bin_alt : None 


X shape : (986, 10)
~~~~~~~~~~~~~~~~~~~~~~~~~~~~~~~~~~~~~~~~~~~~~~~~~~~~~~~~~~~~~~~~~~~~~~~~~~~~~~~
~~~~~~~~~~~~~~~~~~~~~~~~~~~~~~~~~~~~~~~~~~~~~~~~~~~~~~~~~~~~~~~~~~~~~~~~~~~~~~~ 


AFTER SEPARATING CATEGORICALS AND NUMERICALS
Numerical Index V1 : [2, 3, 4, 5, 6, 7, 9]
Cat Dims V1 : []
Cat Idx V1 : [0, 1, 8] 
 

~~~~~~~~~~~~~~~~~~~~~~~~~~~~~~~~~~~~~~~~~~~~~~~~~~~~~~~~~~~~~~~~~~~~~~~~~~~~~~~ 


Scaling the data...
One Hot Encoding...
~~~~~~~~~~~~~~~~~~~~~~~~~~~~~~~~~~~~~~~~~~~~~~~~~~~~~~~~~~~~~~~~~~~~~~~~~~~~~~~
After OHE
Numerical Index V2 : [2, 3, 4, 5, 6, 7, 9] 


OHE Idx : [0, 1, 2, 3, 4, 5, 6, 7, 8, 9, 10, 11, 12, 13, 14, 15, 16, 17, 18, 19, 20, 21, 22, 23, 24, 25, 26, 27, 28, 29, 30, 31, 32, 33, 34, 35, 36, 37, 38, 39, 40, 41]


Ordinal Idx V2: None


Cat Dims V2 : []
Cat Idx V2 : None 
 

Train: [[0.0 1.0 0.0 0.0 0.0]
 [0.0 0.0 1.0 0.0 0.0]
 [0.0 0.0 0.0 1.0 0.0]
 [0.0 0.0 0.0 0.0 1.0]
 [0.0 0.0 0.0 0.0 0.0]
 [0.0 0.0 0.0 0.0 0.0]
 [0.0 0.0 0.0 0.0 0.0]
 [0.0 0.0 0.0 0.0 0.0]
 [0.0 0.0 0.0 0.0 0.0]
 [0.0 0.0 0.0 0.0 0.0]] 
 
 
Val : (986, 49) 
 

~~~~~~~~~~~~~~~~~~~~~~~~~~~~~~~~~~~~~~~~~~~~~~~~~~~~~~~~~~~~~~~~~~~~~~~~~~~~~~~
~~~~~~~~~~~~~~~~~~~~~~~~~~~~~~~~~~~~~~~~~~~~~~~~~~~~~~~~~~~~~~~~~~~~~~~~~~~~~~~
After ORDINAL
Numerical Index V2 : [2, 3, 4, 5, 6, 7, 9] 


OHE Idx : [0, 1, 2, 3, 4, 5, 6, 7, 8, 9, 10, 11, 12, 13, 14, 15, 16, 17, 18, 19, 20, 21, 22, 23, 24, 25, 26, 27, 28, 29, 30, 31, 32, 33, 34, 35, 36, 37, 38, 39, 40, 41]


Ordinal Idx V2: None


Cat Dims V2 : []
Cat Idx V2 : None 
 

Train: [[0.0 1.0 0.0 0.0 0.0 0.0 0.0 0.0 0.0 0.0 0.0 0.0 0.0 0.0 0.0 0.0 0.0 0.0
  0.0 0.0 0.0 0.0 0.0 0.0 0.0 0.0 0.0 0.0 0.0 0.0 0.0 0.0 0.0 0.0 0.0 0.0
  0.0 0.0 0.0 1.0 1.0 0.0 1.5866258884921898 -0.2544455216877482
  -0.020989786171218102 0.11353605845597158 0.6341337701362169
  -0.013054365583245546 0.12105516374115395]
 [0.0 0.0 1.0 0.0 0.0 0.0 0.0 0.0 0.0 0.0 0.0 0.0 0.0 0.0 0.0 0.0 0.0 0.0
  0.0 0.0 0.0 0.0 0.0 0.0 0.0 0.0 0.0 0.0 0.0 0.0 0.0 0.0 0.0 0.0 0.0 0.0
  0.0 0.0 0.0 1.0 0.0 1.0 1.5866258884921898 -1.2041069560392008
  1.1047302102416192 -0.4163884558048092 -0.23640351073540256
  -0.9324546845174484 0.12105516374115395]
 [0.0 0.0 0.0 1.0 0.0 0.0 0.0 0.0 0.0 0.0 0.0 0.0 0.0 0.0 0.0 0.0 0.0 0.0
  0.0 0.0 0.0 0.0 0.0 0.0 0.0 0.0 0.0 0.0 0.0 0.0 0.0 0.0 0.0 0.0 0.0 0.0
  0.0 0.0 1.0 0.0 0.0 1.0 1.5866258884921898 -0.07098819914258123
  1.0181363643637087 -1.012553534348196 0.6041152432096092
  -0.9324546845174484 0.12105516374115395]
 [0.0 0.0 0.0 0.0 1.0 0.0 0.0 0.0 0.0 0.0 0.0 0.0 0.0 0.0 0.0 0.0 0.0 0.0
  0.0 0.0 0.0 0.0 0.0 0.0 0.0 0.0 0.0 0.0 0.0 0.0 0.0 0.0 0.0 0.0 0.0 0.0
  0.0 0.0 1.0 0.0 1.0 0.0 1.5866258884921898 1.0189641289198814
  -1.060115936706145 -0.7475912772178018 0.544078189356394
  0.06356232766127136 0.12105516374115395]
 [0.0 0.0 0.0 0.0 0.0 0.0 0.0 1.0 0.0 0.0 0.0 0.0 0.0 0.0 0.0 0.0 0.0 0.0
  0.0 0.0 0.0 0.0 0.0 0.0 0.0 0.0 0.0 0.0 0.0 0.0 0.0 0.0 0.0 0.0 0.0 0.0
  0.0 0.0 1.0 0.0 1.0 0.0 1.5866258884921898 -0.383944808190219
  0.32538559734042416 -0.5488695843700062 0.7542078778426473
  -0.31952113856131314 0.12105516374115395]
 [0.0 0.0 0.0 0.0 0.0 0.0 0.0 0.0 1.0 0.0 0.0 0.0 0.0 0.0 0.0 0.0 0.0 0.0
  0.0 0.0 0.0 0.0 0.0 0.0 0.0 0.0 0.0 0.0 0.0 0.0 0.0 0.0 0.0 0.0 0.0 0.0
  0.0 0.0 0.0 1.0 0.0 1.0 1.5866258884921898 -1.3336062425416715
  1.364511747875351 -0.7475912772178018 0.4240040816499635
  -0.6259879115393808 0.12105516374115395]
 [0.0 0.0 0.0 0.0 0.0 0.0 0.0 0.0 0.0 1.0 0.0 0.0 0.0 0.0 0.0 0.0 0.0 0.0
  0.0 0.0 0.0 0.0 0.0 0.0 0.0 0.0 0.0 0.0 0.0 0.0 0.0 0.0 0.0 0.0 0.0 0.0
  0.0 0.0 1.0 0.0 1.0 0.0 1.5866258884921898 1.4398368100529115
  -1.1467097825840555 -0.15142619867441515 -0.4765517261482635
  -0.6259879115393808 0.12105516374115395]
 [0.0 0.0 0.0 0.0 0.0 0.0 0.0 0.0 0.0 0.0 1.0 0.0 0.0 0.0 0.0 0.0 0.0 0.0
  0.0 0.0 0.0 0.0 0.0 0.0 0.0 0.0 0.0 0.0 0.0 0.0 0.0 0.0 0.0 0.0 0.0 0.0
  0.0 0.0 0.0 1.0 1.0 0.0 1.5866258884921898 1.925459134437177
  -1.4930851660956979 0.24601718702117598 1.174467254815154
  1.1361960330844996 0.12105516374115395]
 [0.0 0.0 0.0 0.0 0.0 0.0 0.0 0.0 0.0 0.0 0.0 0.0 0.0 1.0 0.0 0.0 0.0 0.0
  0.0 0.0 0.0 0.0 0.0 0.0 0.0 0.0 0.0 0.0 0.0 0.0 0.0 0.0 0.0 0.0 0.0 0.0
  0.0 0.0 0.0 1.0 1.0 0.0 1.5866258884921898 0.8894648424174105
  -2.272429778996893 -1.6087186128915825 -0.7767369954143398
  -1.7752383102071343 0.12105516374115395]
 [0.0 0.0 0.0 0.0 0.0 0.0 0.0 0.0 0.0 0.0 0.0 0.0 0.0 0.0 0.0 1.0 0.0 0.0
  0.0 0.0 0.0 0.0 0.0 0.0 0.0 0.0 0.0 0.0 0.0 0.0 0.0 0.0 0.0 0.0 0.0 0.0
  0.0 0.0 1.0 0.0 1.0 0.0 1.5866258884921898 0.37146769640752736
  -0.8003343990724132 -0.6151101486526048 0.0938002854572813
  0.4466457938838559 0.12105516374115395]] 
 
 
Val : (986, 49) 
 

FINISHED ENCODING
~~~~~~~~~~~~~~~~~~~~~~~~~~~~~~~~~~~~~~~~~~~~~~~~~~~~~~~~~~~~~~~~~~~~~~~~~~~~~~~
Number of Classes B4 Bin Verifier: 8
Unique values in y_train: (array([0., 1., 2., 3., 4., 5., 6., 7.]), 8)
Unique values in y_test: (array([0., 1., 2., 3., 4., 5., 6., 7.]), 8)
No need to shift labels.
VERIFY SHIFT
Train after shift : [0 1 2 3 4 5 6 7], Length : 8
Test after shift : [0 1 2 3 4 5 6 7], Length : 8
Number of Classes After Bin Verifier: 8
In get_device
Using dim 32 and batch size 128
{'depth': 3, 'dim': 32, 'dropout': 0.3, 'heads': 4}
Epoch 0 loss 1.9533995389938354
Epoch 1 loss 1.6920201778411865
Epoch 2 loss 1.4842820167541504
Epoch 3 loss 1.3222707509994507
Epoch 4 loss 1.2037009000778198
Epoch 5 loss 1.131860375404358
Epoch 6 loss 1.0146055221557617
Epoch 7 loss 1.0830183029174805
Epoch 8 loss 1.0088248252868652
Epoch 9 loss 0.9608219861984253
Epoch 10 loss 1.002258539199829
Epoch 11 loss 0.997885525226593
Epoch 12 loss 1.0222171545028687
Epoch 13 loss 0.9941808581352234
Epoch 14 loss 1.0058242082595825
Epoch 15 loss 1.1009160280227661
Epoch 16 loss 1.118895411491394
Epoch 17 loss 1.1606501340866089
Epoch 18 loss 1.0539742708206177
Epoch 19 loss 0.9994189739227295
Epoch 20 loss 1.0511258840560913
Epoch 21 loss 1.0002737045288086
Epoch 22 loss 1.0760420560836792
Epoch 23 loss 1.0420010089874268
Epoch 24 loss 1.0752190351486206
Epoch 25 loss 1.0625427961349487
Epoch 26 loss 1.0478830337524414
Epoch 27 loss 1.0691382884979248
Epoch 28 loss 1.0906028747558594
Epoch 29 loss 1.0237129926681519
Epoch 30 loss 1.0861480236053467
Validation loss has not improved for 20 steps!
Early stopping applies.
State of save is True b4 loss saving
Log file exists at: output/SAINT/Moneyball/logging/loss_3.txt
File name : output/SAINT/Moneyball/logging/loss_3.txt . The file was saved
Log file exists at: output/SAINT/Moneyball/logging/val_loss_3.txt
File name : output/SAINT/Moneyball/logging/val_loss_3.txt . The file was saved
Saved Losses and Regularization
±±±±±±±±±±±±±±±±±±±±±±±±±±±±±±±±±±±±±±±±±±±±±±±±±±±±±±±±±±±±±±±±±±±±±±±±±±± 

B4 Evaluation
Number of classes : 8
Class label len :8
Class labels : [0, 1, 2, 3, 4, 5, 6, 7]
Unique y_true : 8
Unique train : 8

Prediction shape : (246,)
Probabilities shape : (246, 8) 

±±±±±±±±±±±±±±±±±±±±±±±±±±±±±±±±±±±±±±±±±±±±±±±±±±±±±±±±±±±±±±±±±±±±±±±±±±± 

IN SCORER EVAL
y_true classes: 8
Probabilities shape: (246, 8)
DONE IN SCORER EVAL
After Evaluation
{'Log Loss - mean': 0.9042225, 'Log Loss - std': 0.04203501955215436, 'AUC - mean': 0.9286349844116435, 'AUC - std': 0.006545907803721999, 'Accuracy - mean': 0.6125703564727956, 'Accuracy - std': 0.010711151826001419, 'F1 score - mean': 0.6160337536650347, 'F1 score - std': 0.012675190859382691} 
 

Fold 5
num_features : 10
num_classes : 1
cat_idx : [0]
nominal_idx : [0, 1, 8]
ordinal_idx : None
num_idx : None
cat_dims : [2]
bin_alt : None
~~~~~~~~~~~~~~~~~~~~~~~~~~~~~~~~~~~~~~~~~~~~~~~~~~~~~~~~~~~~~~~~~~~~~~~~~~~~~~~
BEFORE ANY ENCODING
num_features :10
num_classes : 1
cat_idx : [0]
nominal_idx : [0, 1, 8]
ordinal_idx : None
num_idx : None
cat_dims : [2]
bin_alt : None 


X shape : (986, 10)
~~~~~~~~~~~~~~~~~~~~~~~~~~~~~~~~~~~~~~~~~~~~~~~~~~~~~~~~~~~~~~~~~~~~~~~~~~~~~~~
~~~~~~~~~~~~~~~~~~~~~~~~~~~~~~~~~~~~~~~~~~~~~~~~~~~~~~~~~~~~~~~~~~~~~~~~~~~~~~~ 


AFTER SEPARATING CATEGORICALS AND NUMERICALS
Numerical Index V1 : [2, 3, 4, 5, 6, 7, 9]
Cat Dims V1 : []
Cat Idx V1 : [0, 1, 8] 
 

~~~~~~~~~~~~~~~~~~~~~~~~~~~~~~~~~~~~~~~~~~~~~~~~~~~~~~~~~~~~~~~~~~~~~~~~~~~~~~~ 


Scaling the data...
One Hot Encoding...
~~~~~~~~~~~~~~~~~~~~~~~~~~~~~~~~~~~~~~~~~~~~~~~~~~~~~~~~~~~~~~~~~~~~~~~~~~~~~~~
After OHE
Numerical Index V2 : [2, 3, 4, 5, 6, 7, 9] 


OHE Idx : [0, 1, 2, 3, 4, 5, 6, 7, 8, 9, 10, 11, 12, 13, 14, 15, 16, 17, 18, 19, 20, 21, 22, 23, 24, 25, 26, 27, 28, 29, 30, 31, 32, 33, 34, 35, 36, 37, 38, 39, 40, 41, 42]


Ordinal Idx V2: None


Cat Dims V2 : []
Cat Idx V2 : None 
 

Train: [[0.0 0.0 0.0 1.0 0.0]
 [0.0 0.0 0.0 0.0 1.0]
 [0.0 0.0 0.0 0.0 0.0]
 [0.0 0.0 0.0 0.0 0.0]
 [0.0 0.0 0.0 0.0 0.0]
 [0.0 0.0 0.0 0.0 0.0]
 [0.0 0.0 0.0 0.0 0.0]
 [0.0 0.0 0.0 0.0 0.0]
 [0.0 0.0 0.0 0.0 0.0]
 [0.0 0.0 0.0 0.0 0.0]] 
 
 
Val : (986, 50) 
 

~~~~~~~~~~~~~~~~~~~~~~~~~~~~~~~~~~~~~~~~~~~~~~~~~~~~~~~~~~~~~~~~~~~~~~~~~~~~~~~
~~~~~~~~~~~~~~~~~~~~~~~~~~~~~~~~~~~~~~~~~~~~~~~~~~~~~~~~~~~~~~~~~~~~~~~~~~~~~~~
After ORDINAL
Numerical Index V2 : [2, 3, 4, 5, 6, 7, 9] 


OHE Idx : [0, 1, 2, 3, 4, 5, 6, 7, 8, 9, 10, 11, 12, 13, 14, 15, 16, 17, 18, 19, 20, 21, 22, 23, 24, 25, 26, 27, 28, 29, 30, 31, 32, 33, 34, 35, 36, 37, 38, 39, 40, 41, 42]


Ordinal Idx V2: None


Cat Dims V2 : []
Cat Idx V2 : None 
 

Train: [[0.0 0.0 0.0 1.0 0.0 0.0 0.0 0.0 0.0 0.0 0.0 0.0 0.0 0.0 0.0 0.0 0.0 0.0
  0.0 0.0 0.0 0.0 0.0 0.0 0.0 0.0 0.0 0.0 0.0 0.0 0.0 0.0 0.0 0.0 0.0 0.0
  0.0 0.0 0.0 1.0 0.0 0.0 1.0 1.5453194098373437 -0.12666570459245366
  1.07260090432717 -1.0288571925021945 0.5778518225514135
  -0.9651510526932938 0.1189606070994637]
 [0.0 0.0 0.0 0.0 1.0 0.0 0.0 0.0 0.0 0.0 0.0 0.0 0.0 0.0 0.0 0.0 0.0 0.0
  0.0 0.0 0.0 0.0 0.0 0.0 0.0 0.0 0.0 0.0 0.0 0.0 0.0 0.0 0.0 0.0 0.0 0.0
  0.0 0.0 0.0 1.0 0.0 1.0 0.0 1.5453194098373437 0.9624493754925159
  -1.0379951209512384 -0.7625266091976093 0.5178453036429677
  0.040074119438229035 0.1189606070994637]
 [0.0 0.0 0.0 0.0 0.0 0.0 1.0 0.0 0.0 0.0 0.0 0.0 0.0 0.0 0.0 0.0 0.0 0.0
  0.0 0.0 0.0 0.0 0.0 0.0 0.0 0.0 0.0 0.0 0.0 0.0 0.0 0.0 0.0 0.0 0.0 0.0
  0.0 0.0 0.0 0.0 1.0 1.0 0.0 1.5453194098373437 0.4556334471361439
  -1.7415271293773744 -1.628101004937511 -0.5922752961632846
  -1.5064261453794985 0.1189606070994637]
 [0.0 0.0 0.0 0.0 0.0 0.0 0.0 1.0 0.0 0.0 0.0 0.0 0.0 0.0 0.0 0.0 0.0 0.0
  0.0 0.0 0.0 0.0 0.0 0.0 0.0 0.0 0.0 0.0 0.0 0.0 0.0 0.0 0.0 0.0 0.0 0.0
  0.0 0.0 0.0 1.0 0.0 1.0 0.0 1.5453194098373437 -0.4393819157059598
  0.3690688959010339 -0.5627786717191704 0.7278681198225285
  -0.3465509467662028 0.1189606070994637]
 [0.0 0.0 0.0 0.0 0.0 0.0 0.0 0.0 0.0 1.0 0.0 0.0 0.0 0.0 0.0 0.0 0.0 0.0
  0.0 0.0 0.0 0.0 0.0 0.0 0.0 0.0 0.0 0.0 0.0 0.0 0.0 0.0 0.0 0.0 0.0 0.0
  0.0 0.0 0.0 1.0 0.0 1.0 0.0 1.5453194098373437 1.3829987628520586
  -1.1259366220045053 -0.16328279676229265 -0.5022655178006122
  -0.6558509997297483 0.1189606070994637]
 [0.0 0.0 0.0 0.0 0.0 0.0 0.0 0.0 0.0 0.0 1.0 0.0 0.0 0.0 0.0 0.0 0.0 0.0
  0.0 0.0 0.0 0.0 0.0 0.0 0.0 0.0 0.0 0.0 0.0 0.0 0.0 0.0 0.0 0.0 0.0 0.0
  0.0 0.0 0.0 0.0 1.0 1.0 0.0 1.5453194098373437 1.8682480559592232
  -1.4777026262175734 0.23621307819458515 1.1479137521816503
  1.1226243048106297 0.1189606070994637]
 [0.0 0.0 0.0 0.0 0.0 0.0 0.0 0.0 0.0 0.0 0.0 1.0 0.0 0.0 0.0 0.0 0.0 0.0
  0.0 0.0 0.0 0.0 0.0 0.0 0.0 0.0 0.0 0.0 0.0 0.0 0.0 0.0 0.0 0.0 0.0 0.0
  0.0 0.0 0.0 1.0 0.0 0.0 1.0 1.5453194098373437 -0.5040818214535817
  0.632893399060835 0.5691263073253167 0.7278681198225285
  0.65867422536532 0.1189606070994637]
 [0.0 0.0 0.0 0.0 0.0 0.0 0.0 0.0 0.0 0.0 0.0 0.0 0.0 1.0 0.0 0.0 0.0 0.0
  0.0 0.0 0.0 0.0 0.0 0.0 0.0 0.0 0.0 0.0 0.0 0.0 0.0 0.0 0.0 0.0 0.0 0.0
  0.0 0.0 0.0 0.0 1.0 1.0 0.0 1.5453194098373437 0.8330495639972719
  -2.2691761356969766 -1.628101004937511 -0.8022981123428422
  -1.815726198343044 0.1189606070994637]
 [0.0 0.0 0.0 0.0 0.0 0.0 0.0 0.0 0.0 0.0 0.0 0.0 0.0 0.0 0.0 1.0 0.0 0.0
  0.0 0.0 0.0 0.0 0.0 0.0 0.0 0.0 0.0 0.0 0.0 0.0 0.0 0.0 0.0 0.0 0.0 0.0
  0.0 0.0 0.0 1.0 0.0 1.0 0.0 1.5453194098373437 0.31545031801629636
  -0.7741706177914373 -0.6293613175453168 0.06779641182962447
  0.4266991856426609 0.1189606070994637]
 [0.0 0.0 0.0 0.0 0.0 0.0 0.0 0.0 0.0 0.0 0.0 0.0 0.0 0.0 0.0 0.0 1.0 0.0
  0.0 0.0 0.0 0.0 0.0 0.0 0.0 0.0 0.0 0.0 0.0 0.0 0.0 0.0 0.0 0.0 0.0 0.0
  0.0 0.0 0.0 1.0 0.0 1.0 0.0 1.5453194098373437 -0.19136561034007563
  0.720834900114102 0.3693783698468777 1.0579039738189815
  1.1226243048106297 0.1189606070994637]] 
 
 
Val : (986, 50) 
 

FINISHED ENCODING
~~~~~~~~~~~~~~~~~~~~~~~~~~~~~~~~~~~~~~~~~~~~~~~~~~~~~~~~~~~~~~~~~~~~~~~~~~~~~~~
Number of Classes B4 Bin Verifier: 8
Unique values in y_train: (array([0., 1., 2., 3., 4., 5., 6., 7.]), 8)
Unique values in y_test: (array([0., 1., 2., 3., 4., 5., 6., 7.]), 8)
No need to shift labels.
VERIFY SHIFT
Train after shift : [0 1 2 3 4 5 6 7], Length : 8
Test after shift : [0 1 2 3 4 5 6 7], Length : 8
Number of Classes After Bin Verifier: 8
In get_device
Using dim 8 and batch size 64
{'depth': 3, 'dim': 32, 'dropout': 0.3, 'heads': 4}
Epoch 0 loss 2.0435116291046143
Epoch 1 loss 1.9629881381988525
Epoch 2 loss 1.7815542221069336
Epoch 3 loss 1.575555443763733
Epoch 4 loss 1.393703818321228
Epoch 5 loss 1.2505311965942383
Epoch 6 loss 1.1507346630096436
Epoch 7 loss 1.0681616067886353
Epoch 8 loss 1.026924729347229
Epoch 9 loss 1.0313001871109009
Epoch 10 loss 0.9699639678001404
Epoch 11 loss 0.9592304825782776
Epoch 12 loss 0.9289081692695618
Epoch 13 loss 0.9660272598266602
Epoch 14 loss 0.9098376631736755
Epoch 15 loss 0.8959690928459167
Epoch 16 loss 0.9292078614234924
Epoch 17 loss 0.8776644468307495
Epoch 18 loss 0.8924930095672607
Epoch 19 loss 0.8833668231964111
Epoch 20 loss 0.9001206159591675
Epoch 21 loss 0.8803308010101318
Epoch 22 loss 0.9048838019371033
Epoch 23 loss 0.8925186395645142
Epoch 24 loss 0.8728770613670349
Epoch 25 loss 0.8787244558334351
Epoch 26 loss 0.8696591854095459
Epoch 27 loss 0.9073696136474609
Epoch 28 loss 0.890680193901062
Epoch 29 loss 0.8766373991966248
Epoch 30 loss 0.8790601491928101
Epoch 31 loss 0.8932619094848633
Epoch 32 loss 0.8802616000175476
Epoch 33 loss 0.9293137788772583
Epoch 34 loss 0.8768483996391296
Epoch 35 loss 0.9300429224967957
Epoch 36 loss 0.8993026614189148
Epoch 37 loss 0.891645610332489
Epoch 38 loss 0.8807663321495056
Epoch 39 loss 0.9339632987976074
Epoch 40 loss 0.8803818225860596
Epoch 41 loss 0.9170255661010742
Epoch 42 loss 0.9242705702781677
Epoch 43 loss 0.9166700839996338
Epoch 44 loss 0.9415241479873657
Epoch 45 loss 0.9071202874183655
Epoch 46 loss 0.9527637958526611
Epoch 47 loss 0.9291043281555176
Validation loss has not improved for 20 steps!
Early stopping applies.
State of save is True b4 loss saving
Log file exists at: output/SAINT/Moneyball/logging/loss_4.txt
File name : output/SAINT/Moneyball/logging/loss_4.txt . The file was saved
Log file exists at: output/SAINT/Moneyball/logging/val_loss_4.txt
File name : output/SAINT/Moneyball/logging/val_loss_4.txt . The file was saved
Saved Losses and Regularization
±±±±±±±±±±±±±±±±±±±±±±±±±±±±±±±±±±±±±±±±±±±±±±±±±±±±±±±±±±±±±±±±±±±±±±±±±±± 

B4 Evaluation
Number of classes : 8
Class label len :8
Class labels : [0, 1, 2, 3, 4, 5, 6, 7]
Unique y_true : 8
Unique train : 8

Prediction shape : (246,)
Probabilities shape : (246, 8) 

±±±±±±±±±±±±±±±±±±±±±±±±±±±±±±±±±±±±±±±±±±±±±±±±±±±±±±±±±±±±±±±±±±±±±±±±±±± 

IN SCORER EVAL
y_true classes: 8
Probabilities shape: (246, 8)
DONE IN SCORER EVAL
After Evaluation
{'Log Loss - mean': 0.897312, 'Log Loss - std': 0.04005713839005475, 'AUC - mean': 0.9297451197251773, 'AUC - std': 0.00626168737939562, 'Accuracy - mean': 0.6111944965603502, 'Accuracy - std': 0.009967696862686915, 'F1 score - mean': 0.6131469969094205, 'F1 score - std': 0.012722493030917973} 
 

Saving model.....
Results After CV: {'Log Loss - mean': 0.897312, 'Log Loss - std': 0.04005713839005475, 'AUC - mean': 0.9297451197251773, 'AUC - std': 0.00626168737939562, 'Accuracy - mean': 0.6111944965603502, 'Accuracy - std': 0.009967696862686915, 'F1 score - mean': 0.6131469969094205, 'F1 score - std': 0.012722493030917973}
Train time: 66.72946042080001
Inference time: 0.129486938200003
Finished cross validation
Loss path :output/SAINT/Moneyball/logging/
Plots saved successfully!
{'Log Loss - mean': 0.897312, 'Log Loss - std': 0.04005713839005475, 'AUC - mean': 0.9297451197251773, 'AUC - std': 0.00626168737939562, 'Accuracy - mean': 0.6111944965603502, 'Accuracy - std': 0.009967696862686915, 'F1 score - mean': 0.6131469969094205, 'F1 score - std': 0.012722493030917973}
(66.72946042080001, 0.129486938200003)


----------------------------------------------------------------------------
Training VIME Vesion 1 with Dataset: config/sat11.yml 



----------------------------------------------------------------------------
Namespace(batch_size=128, bin_alt=None, cat_dims=[2], cat_idx=[0], config='config/sat11.yml', data_parallel=False, dataset='SAT11', direction='maximize', dropna_idx=[116], early_stopping_rounds=20, epochs=100, frequency_reg=False, gpu_ids=[0, 1], logging_period=100, miss_cat_idx=None, miss_num_idx=None, model_name='SAINT', n_trials=100, nominal_idx=[115], num_bins=10, num_classes=1, num_features=117, num_idx=None, num_splits=5, objective='probabilistic_regression', one_hot_encode=True, optimize_hyperparameters=False, ordinal_encode=False, ordinal_idx=None, scale=True, seed=221, shuffle=True, target_encode=False, use_gpu=True, val_batch_size=256, y_distribution='bimodial')
Train model with given hyperparameters
Loading dataset SAT11...
Dataset loaded! 

(1725, 116)
I am in Main Once
In get_device
Using dim 8 and batch size 64
Almost Cross Validating
Fold 1
num_features : 116
num_classes : 1
cat_idx : [0]
nominal_idx : [115]
ordinal_idx : None
num_idx : None
cat_dims : [2]
bin_alt : None
~~~~~~~~~~~~~~~~~~~~~~~~~~~~~~~~~~~~~~~~~~~~~~~~~~~~~~~~~~~~~~~~~~~~~~~~~~~~~~~
BEFORE ANY ENCODING
num_features :116
num_classes : 1
cat_idx : [0]
nominal_idx : [115]
ordinal_idx : None
num_idx : None
cat_dims : [2]
bin_alt : None 


X shape : (1380, 116)
~~~~~~~~~~~~~~~~~~~~~~~~~~~~~~~~~~~~~~~~~~~~~~~~~~~~~~~~~~~~~~~~~~~~~~~~~~~~~~~
~~~~~~~~~~~~~~~~~~~~~~~~~~~~~~~~~~~~~~~~~~~~~~~~~~~~~~~~~~~~~~~~~~~~~~~~~~~~~~~ 


AFTER SEPARATING CATEGORICALS AND NUMERICALS
Numerical Index V1 : [0, 1, 2, 3, 4, 5, 6, 7, 8, 9, 10, 11, 12, 13, 14, 15, 16, 17, 18, 19, 20, 21, 22, 23, 24, 25, 26, 27, 28, 29, 30, 31, 32, 33, 34, 35, 36, 37, 38, 39, 40, 41, 42, 43, 44, 45, 46, 47, 48, 49, 50, 51, 52, 53, 54, 55, 56, 57, 58, 59, 60, 61, 62, 63, 64, 65, 66, 67, 68, 69, 70, 71, 72, 73, 74, 75, 76, 77, 78, 79, 80, 81, 82, 83, 84, 85, 86, 87, 88, 89, 90, 91, 92, 93, 94, 95, 96, 97, 98, 99, 100, 101, 102, 103, 104, 105, 106, 107, 108, 109, 110, 111, 112, 113, 114]
Cat Dims V1 : []
Cat Idx V1 : [115] 
 

~~~~~~~~~~~~~~~~~~~~~~~~~~~~~~~~~~~~~~~~~~~~~~~~~~~~~~~~~~~~~~~~~~~~~~~~~~~~~~~ 


Scaling the data...
One Hot Encoding...
~~~~~~~~~~~~~~~~~~~~~~~~~~~~~~~~~~~~~~~~~~~~~~~~~~~~~~~~~~~~~~~~~~~~~~~~~~~~~~~
After OHE
Numerical Index V2 : [0, 1, 2, 3, 4, 5, 6, 7, 8, 9, 10, 11, 12, 13, 14, 15, 16, 17, 18, 19, 20, 21, 22, 23, 24, 25, 26, 27, 28, 29, 30, 31, 32, 33, 34, 35, 36, 37, 38, 39, 40, 41, 42, 43, 44, 45, 46, 47, 48, 49, 50, 51, 52, 53, 54, 55, 56, 57, 58, 59, 60, 61, 62, 63, 64, 65, 66, 67, 68, 69, 70, 71, 72, 73, 74, 75, 76, 77, 78, 79, 80, 81, 82, 83, 84, 85, 86, 87, 88, 89, 90, 91, 92, 93, 94, 95, 96, 97, 98, 99, 100, 101, 102, 103, 104, 105, 106, 107, 108, 109, 110, 111, 112, 113, 114] 


OHE Idx : [0, 1, 2, 3, 4, 5, 6, 7, 8, 9, 10, 11, 12, 13, 14]


Ordinal Idx V2: None


Cat Dims V2 : []
Cat Idx V2 : None 
 

Train: [[0.0 1.0 0.0 0.0 0.0]
 [0.0 0.0 0.0 0.0 0.0]
 [1.0 0.0 0.0 0.0 0.0]
 [0.0 0.0 0.0 0.0 0.0]
 [0.0 0.0 0.0 0.0 0.0]
 [0.0 0.0 0.0 0.0 0.0]
 [0.0 0.0 0.0 0.0 1.0]
 [0.0 0.0 0.0 0.0 0.0]
 [0.0 0.0 0.0 0.0 0.0]
 [0.0 0.0 0.0 0.0 0.0]] 
 
 
Val : (1380, 130) 
 

~~~~~~~~~~~~~~~~~~~~~~~~~~~~~~~~~~~~~~~~~~~~~~~~~~~~~~~~~~~~~~~~~~~~~~~~~~~~~~~
~~~~~~~~~~~~~~~~~~~~~~~~~~~~~~~~~~~~~~~~~~~~~~~~~~~~~~~~~~~~~~~~~~~~~~~~~~~~~~~
After ORDINAL
Numerical Index V2 : [0, 1, 2, 3, 4, 5, 6, 7, 8, 9, 10, 11, 12, 13, 14, 15, 16, 17, 18, 19, 20, 21, 22, 23, 24, 25, 26, 27, 28, 29, 30, 31, 32, 33, 34, 35, 36, 37, 38, 39, 40, 41, 42, 43, 44, 45, 46, 47, 48, 49, 50, 51, 52, 53, 54, 55, 56, 57, 58, 59, 60, 61, 62, 63, 64, 65, 66, 67, 68, 69, 70, 71, 72, 73, 74, 75, 76, 77, 78, 79, 80, 81, 82, 83, 84, 85, 86, 87, 88, 89, 90, 91, 92, 93, 94, 95, 96, 97, 98, 99, 100, 101, 102, 103, 104, 105, 106, 107, 108, 109, 110, 111, 112, 113, 114] 


OHE Idx : [0, 1, 2, 3, 4, 5, 6, 7, 8, 9, 10, 11, 12, 13, 14]


Ordinal Idx V2: None


Cat Dims V2 : []
Cat Idx V2 : None 
 

Train: [[0.0 1.0 0.0 ... 2.579169386727153 1.2837928753303054 0.9948004955077808]
 [0.0 0.0 0.0 ... 2.579169386727153 1.2837928753303054 0.9948004955077808]
 [1.0 0.0 0.0 ... 2.579169386727153 1.2837928753303054 0.9948004955077808]
 ...
 [0.0 0.0 0.0 ... 2.579169386727153 1.2837928753303054 0.9948004955077808]
 [0.0 0.0 0.0 ... 2.579169386727153 1.2837928753303054 0.9948004955077808]
 [0.0 0.0 0.0 ... 2.579169386727153 1.2837928753303054 0.9948004955077808]] 
 
 
Val : (1380, 130) 
 

FINISHED ENCODING
~~~~~~~~~~~~~~~~~~~~~~~~~~~~~~~~~~~~~~~~~~~~~~~~~~~~~~~~~~~~~~~~~~~~~~~~~~~~~~~
Number of Classes B4 Bin Verifier: 3
Unique values in y_train: (array([0., 1., 2.]), 3)
Unique values in y_test: (array([0., 1., 2.]), 3)
No need to shift labels.
VERIFY SHIFT
Train after shift : [0 1 2], Length : 3
Test after shift : [0 1 2], Length : 3
Number of Classes After Bin Verifier: 3
In get_device
Using dim 8 and batch size 64
{'depth': 2, 'dim': 32, 'dropout': 0.6, 'heads': 2}
Epoch 0 loss 0.7402759790420532
Epoch 1 loss 0.6250977516174316
Epoch 2 loss 0.53304123878479
Epoch 3 loss 0.5789109468460083
Epoch 4 loss 0.5551972389221191
Epoch 5 loss 0.5593572854995728
Epoch 6 loss 0.5129268169403076
Epoch 7 loss 0.4741317331790924
Epoch 8 loss 0.45140671730041504
Epoch 9 loss 0.4794047474861145
Epoch 10 loss 0.5152366161346436
Epoch 11 loss 0.4590079188346863
Epoch 12 loss 0.48196476697921753
Epoch 13 loss 0.4543420076370239
Epoch 14 loss 0.5364431738853455
Epoch 15 loss 0.538955807685852
Epoch 16 loss 0.42509332299232483
Epoch 17 loss 0.5071684718132019
Epoch 18 loss 0.5336192846298218
Epoch 19 loss 0.4884764552116394
Epoch 20 loss 0.4434954524040222
Epoch 21 loss 0.48596274852752686
Epoch 22 loss 0.48977768421173096
Epoch 23 loss 0.4811685085296631
Epoch 24 loss 0.4529144763946533
Epoch 25 loss 0.47072428464889526
Epoch 26 loss 0.4627950191497803
Epoch 27 loss 0.4570126533508301
Epoch 28 loss 0.4700787663459778
Epoch 29 loss 0.4747278094291687
Epoch 30 loss 0.43514373898506165
Epoch 31 loss 0.49282118678092957
Epoch 32 loss 0.4419580101966858
Epoch 33 loss 0.42852407693862915
Epoch 34 loss 0.4545758366584778
Epoch 35 loss 0.45281314849853516
Epoch 36 loss 0.40129125118255615
Epoch 37 loss 0.4529950022697449
Epoch 38 loss 0.4733925759792328
Epoch 39 loss 0.43466782569885254
Epoch 40 loss 0.41423308849334717
Epoch 41 loss 0.40818339586257935
Epoch 42 loss 0.45069923996925354
Epoch 43 loss 0.3928028345108032
Epoch 44 loss 0.3854506015777588
Epoch 45 loss 0.3551084101200104
Epoch 46 loss 0.38225507736206055
Epoch 47 loss 0.37402695417404175
Epoch 48 loss 0.36150527000427246
Epoch 49 loss 0.3194894790649414
Epoch 50 loss 0.3506925702095032
Epoch 51 loss 0.35660290718078613
Epoch 52 loss 0.3394862413406372
Epoch 53 loss 0.3129783570766449
Epoch 54 loss 0.32446086406707764
Epoch 55 loss 0.3399549126625061
Epoch 56 loss 0.3312551975250244
Epoch 57 loss 0.33944910764694214
Epoch 58 loss 0.33234965801239014
Epoch 59 loss 0.3719199299812317
Epoch 60 loss 0.38474178314208984
Epoch 61 loss 0.3134279251098633
Epoch 62 loss 0.3421363830566406
Epoch 63 loss 0.3449631929397583
Epoch 64 loss 0.301287978887558
Epoch 65 loss 0.31514352560043335
Epoch 66 loss 0.34370994567871094
Epoch 67 loss 0.2925741374492645
Epoch 68 loss 0.3544010519981384
Epoch 69 loss 0.3364659547805786
Epoch 70 loss 0.3107708692550659
Epoch 71 loss 0.3525717854499817
Epoch 72 loss 0.33612143993377686
Epoch 73 loss 0.34633752703666687
Epoch 74 loss 0.41713398694992065
Epoch 75 loss 0.3533780872821808
Epoch 76 loss 0.29166340827941895
Epoch 77 loss 0.4023280143737793
Epoch 78 loss 0.32098081707954407
Epoch 79 loss 0.29450738430023193
Epoch 80 loss 0.3291946351528168
Epoch 81 loss 0.35971951484680176
Epoch 82 loss 0.3004404902458191
Epoch 83 loss 0.36189839243888855
Epoch 84 loss 0.3152131736278534
Epoch 85 loss 0.28447335958480835
Epoch 86 loss 0.39279794692993164
Epoch 87 loss 0.33279725909233093
Epoch 88 loss 0.3927616477012634
Epoch 89 loss 0.4676322340965271
Epoch 90 loss 0.37969541549682617
Epoch 91 loss 0.41969043016433716
Epoch 92 loss 0.37589141726493835
Epoch 93 loss 0.37014585733413696
Epoch 94 loss 0.33419838547706604
Epoch 95 loss 0.33605021238327026
Epoch 96 loss 0.420985609292984
Epoch 97 loss 0.32173067331314087
Epoch 98 loss 0.4106409251689911
Epoch 99 loss 0.3311280608177185
State of save is True b4 loss saving
Log file exists at: output/SAINT/SAT11/logging/loss_0.txt
File name : output/SAINT/SAT11/logging/loss_0.txt . The file was saved
Log file exists at: output/SAINT/SAT11/logging/val_loss_0.txt
File name : output/SAINT/SAT11/logging/val_loss_0.txt . The file was saved
Saved Losses and Regularization
±±±±±±±±±±±±±±±±±±±±±±±±±±±±±±±±±±±±±±±±±±±±±±±±±±±±±±±±±±±±±±±±±±±±±±±±±±± 

B4 Evaluation
Number of classes : 3
Class label len :3
Class labels : [0, 1, 2]
Unique y_true : 3
Unique train : 3

Prediction shape : (345,)
Probabilities shape : (345, 3) 

±±±±±±±±±±±±±±±±±±±±±±±±±±±±±±±±±±±±±±±±±±±±±±±±±±±±±±±±±±±±±±±±±±±±±±±±±±± 

IN SCORER EVAL
y_true classes: 3
Probabilities shape: (345, 3)
DONE IN SCORER EVAL
After Evaluation
{'Log Loss - mean': 0.33273, 'Log Loss - std': 0.0, 'AUC - mean': 0.913077615914787, 'AUC - std': 0.0, 'Accuracy - mean': 0.8927536231884058, 'Accuracy - std': 0.0, 'F1 score - mean': 0.8936353181352633, 'F1 score - std': 0.0} 
 

Fold 2
num_features : 116
num_classes : 1
cat_idx : [0]
nominal_idx : [115]
ordinal_idx : None
num_idx : None
cat_dims : [2]
bin_alt : None
~~~~~~~~~~~~~~~~~~~~~~~~~~~~~~~~~~~~~~~~~~~~~~~~~~~~~~~~~~~~~~~~~~~~~~~~~~~~~~~
BEFORE ANY ENCODING
num_features :116
num_classes : 1
cat_idx : [0]
nominal_idx : [115]
ordinal_idx : None
num_idx : None
cat_dims : [2]
bin_alt : None 


X shape : (1380, 116)
~~~~~~~~~~~~~~~~~~~~~~~~~~~~~~~~~~~~~~~~~~~~~~~~~~~~~~~~~~~~~~~~~~~~~~~~~~~~~~~
~~~~~~~~~~~~~~~~~~~~~~~~~~~~~~~~~~~~~~~~~~~~~~~~~~~~~~~~~~~~~~~~~~~~~~~~~~~~~~~ 


AFTER SEPARATING CATEGORICALS AND NUMERICALS
Numerical Index V1 : [0, 1, 2, 3, 4, 5, 6, 7, 8, 9, 10, 11, 12, 13, 14, 15, 16, 17, 18, 19, 20, 21, 22, 23, 24, 25, 26, 27, 28, 29, 30, 31, 32, 33, 34, 35, 36, 37, 38, 39, 40, 41, 42, 43, 44, 45, 46, 47, 48, 49, 50, 51, 52, 53, 54, 55, 56, 57, 58, 59, 60, 61, 62, 63, 64, 65, 66, 67, 68, 69, 70, 71, 72, 73, 74, 75, 76, 77, 78, 79, 80, 81, 82, 83, 84, 85, 86, 87, 88, 89, 90, 91, 92, 93, 94, 95, 96, 97, 98, 99, 100, 101, 102, 103, 104, 105, 106, 107, 108, 109, 110, 111, 112, 113, 114]
Cat Dims V1 : []
Cat Idx V1 : [115] 
 

~~~~~~~~~~~~~~~~~~~~~~~~~~~~~~~~~~~~~~~~~~~~~~~~~~~~~~~~~~~~~~~~~~~~~~~~~~~~~~~ 


Scaling the data...
One Hot Encoding...
~~~~~~~~~~~~~~~~~~~~~~~~~~~~~~~~~~~~~~~~~~~~~~~~~~~~~~~~~~~~~~~~~~~~~~~~~~~~~~~
After OHE
Numerical Index V2 : [0, 1, 2, 3, 4, 5, 6, 7, 8, 9, 10, 11, 12, 13, 14, 15, 16, 17, 18, 19, 20, 21, 22, 23, 24, 25, 26, 27, 28, 29, 30, 31, 32, 33, 34, 35, 36, 37, 38, 39, 40, 41, 42, 43, 44, 45, 46, 47, 48, 49, 50, 51, 52, 53, 54, 55, 56, 57, 58, 59, 60, 61, 62, 63, 64, 65, 66, 67, 68, 69, 70, 71, 72, 73, 74, 75, 76, 77, 78, 79, 80, 81, 82, 83, 84, 85, 86, 87, 88, 89, 90, 91, 92, 93, 94, 95, 96, 97, 98, 99, 100, 101, 102, 103, 104, 105, 106, 107, 108, 109, 110, 111, 112, 113, 114] 


OHE Idx : [0, 1, 2, 3, 4, 5, 6, 7, 8, 9, 10, 11, 12, 13, 14]


Ordinal Idx V2: None


Cat Dims V2 : []
Cat Idx V2 : None 
 

Train: [[0.0 1.0 0.0 0.0 0.0]
 [0.0 0.0 0.0 0.0 0.0]
 [0.0 0.0 0.0 1.0 0.0]
 [1.0 0.0 0.0 0.0 0.0]
 [0.0 0.0 1.0 0.0 0.0]
 [0.0 0.0 0.0 0.0 0.0]
 [0.0 0.0 0.0 0.0 0.0]
 [0.0 0.0 0.0 0.0 0.0]
 [0.0 0.0 0.0 0.0 1.0]
 [0.0 0.0 0.0 0.0 0.0]] 
 
 
Val : (1380, 130) 
 

~~~~~~~~~~~~~~~~~~~~~~~~~~~~~~~~~~~~~~~~~~~~~~~~~~~~~~~~~~~~~~~~~~~~~~~~~~~~~~~
~~~~~~~~~~~~~~~~~~~~~~~~~~~~~~~~~~~~~~~~~~~~~~~~~~~~~~~~~~~~~~~~~~~~~~~~~~~~~~~
After ORDINAL
Numerical Index V2 : [0, 1, 2, 3, 4, 5, 6, 7, 8, 9, 10, 11, 12, 13, 14, 15, 16, 17, 18, 19, 20, 21, 22, 23, 24, 25, 26, 27, 28, 29, 30, 31, 32, 33, 34, 35, 36, 37, 38, 39, 40, 41, 42, 43, 44, 45, 46, 47, 48, 49, 50, 51, 52, 53, 54, 55, 56, 57, 58, 59, 60, 61, 62, 63, 64, 65, 66, 67, 68, 69, 70, 71, 72, 73, 74, 75, 76, 77, 78, 79, 80, 81, 82, 83, 84, 85, 86, 87, 88, 89, 90, 91, 92, 93, 94, 95, 96, 97, 98, 99, 100, 101, 102, 103, 104, 105, 106, 107, 108, 109, 110, 111, 112, 113, 114] 


OHE Idx : [0, 1, 2, 3, 4, 5, 6, 7, 8, 9, 10, 11, 12, 13, 14]


Ordinal Idx V2: None


Cat Dims V2 : []
Cat Idx V2 : None 
 

Train: [[0.0 1.0 0.0 ... 2.5554593677083233 1.2724838377231176
  0.9898050177516838]
 [0.0 0.0 0.0 ... 2.5554593677083233 1.2724838377231176
  0.9898050177516838]
 [0.0 0.0 0.0 ... 2.5554593677083233 1.2724838377231176
  0.9898050177516838]
 ...
 [0.0 0.0 0.0 ... 2.5554593677083233 1.2724838377231176
  0.9898050177516838]
 [0.0 0.0 0.0 ... 2.5554593677083233 1.2724838377231176
  0.9898050177516838]
 [0.0 0.0 0.0 ... 2.5554593677083233 1.2724838377231176
  0.9898050177516838]] 
 
 
Val : (1380, 130) 
 

FINISHED ENCODING
~~~~~~~~~~~~~~~~~~~~~~~~~~~~~~~~~~~~~~~~~~~~~~~~~~~~~~~~~~~~~~~~~~~~~~~~~~~~~~~
Number of Classes B4 Bin Verifier: 3
Unique values in y_train: (array([0., 1., 2.]), 3)
Unique values in y_test: (array([0., 1., 2.]), 3)
No need to shift labels.
VERIFY SHIFT
Train after shift : [0 1 2], Length : 3
Test after shift : [0 1 2], Length : 3
Number of Classes After Bin Verifier: 3
In get_device
Using dim 8 and batch size 64
{'depth': 2, 'dim': 32, 'dropout': 0.6, 'heads': 2}
Epoch 0 loss 0.8342276811599731
Epoch 1 loss 0.7964934706687927
Epoch 2 loss 0.6874306201934814
Epoch 3 loss 0.6766743659973145
Epoch 4 loss 0.6070511341094971
Epoch 5 loss 0.6411654353141785
Epoch 6 loss 0.6003073453903198
Epoch 7 loss 0.6320739984512329
Epoch 8 loss 0.6465643644332886
Epoch 9 loss 0.6878231167793274
Epoch 10 loss 0.5558972358703613
Epoch 11 loss 0.6414470076560974
Epoch 12 loss 0.5735956430435181
Epoch 13 loss 0.614944577217102
Epoch 14 loss 0.6331931352615356
Epoch 15 loss 0.6116431951522827
Epoch 16 loss 0.6717711091041565
Epoch 17 loss 0.5907931923866272
Epoch 18 loss 0.5712893605232239
Epoch 19 loss 0.5803415775299072
Epoch 20 loss 0.5163208842277527
Epoch 21 loss 0.5269563794136047
Epoch 22 loss 0.5479944944381714
Epoch 23 loss 0.6103026270866394
Epoch 24 loss 0.6171990633010864
Epoch 25 loss 0.586889386177063
Epoch 26 loss 0.5406239032745361
Epoch 27 loss 0.552822470664978
Epoch 28 loss 0.554439127445221
Epoch 29 loss 0.6145955324172974
Epoch 30 loss 0.566723644733429
Epoch 31 loss 0.537665843963623
Epoch 32 loss 0.5585675239562988
Epoch 33 loss 0.564440131187439
Epoch 34 loss 0.5718075633049011
Epoch 35 loss 0.572806715965271
Epoch 36 loss 0.5444322824478149
Epoch 37 loss 0.6074404716491699
Epoch 38 loss 0.5543777942657471
Epoch 39 loss 0.5598083734512329
Epoch 40 loss 0.6354901194572449
Epoch 41 loss 0.48899561166763306
Epoch 42 loss 0.4937655031681061
Epoch 43 loss 0.47578805685043335
Epoch 44 loss 0.5704696178436279
Epoch 45 loss 0.46828532218933105
Epoch 46 loss 0.5445327162742615
Epoch 47 loss 0.6213988661766052
Epoch 48 loss 0.4996808171272278
Epoch 49 loss 0.4887474775314331
Epoch 50 loss 0.469799280166626
Epoch 51 loss 0.628154993057251
Epoch 52 loss 0.5314979553222656
Epoch 53 loss 0.4521107077598572
Epoch 54 loss 0.4447730779647827
Epoch 55 loss 0.5231490731239319
Epoch 56 loss 0.46880561113357544
Epoch 57 loss 0.5637775659561157
Epoch 58 loss 0.5208854675292969
Epoch 59 loss 0.4830615520477295
Epoch 60 loss 0.46184098720550537
Epoch 61 loss 0.4816051721572876
Epoch 62 loss 0.51822829246521
Epoch 63 loss 0.5448998212814331
Epoch 64 loss 0.5339082479476929
Epoch 65 loss 0.5243322253227234
Epoch 66 loss 0.4935293197631836
Epoch 67 loss 0.5640912652015686
Epoch 68 loss 0.6592757701873779
Epoch 69 loss 0.5482112169265747
Epoch 70 loss 0.5165809988975525
Epoch 71 loss 0.45466846227645874
Epoch 72 loss 0.5658594965934753
Epoch 73 loss 0.5633732080459595
Epoch 74 loss 0.5023826360702515
Epoch 75 loss 0.5026606321334839
Validation loss has not improved for 20 steps!
Early stopping applies.
State of save is True b4 loss saving
Log file exists at: output/SAINT/SAT11/logging/loss_1.txt
File name : output/SAINT/SAT11/logging/loss_1.txt . The file was saved
Log file exists at: output/SAINT/SAT11/logging/val_loss_1.txt
File name : output/SAINT/SAT11/logging/val_loss_1.txt . The file was saved
Saved Losses and Regularization
±±±±±±±±±±±±±±±±±±±±±±±±±±±±±±±±±±±±±±±±±±±±±±±±±±±±±±±±±±±±±±±±±±±±±±±±±±± 

B4 Evaluation
Number of classes : 3
Class label len :3
Class labels : [0, 1, 2]
Unique y_true : 3
Unique train : 3

Prediction shape : (345,)
Probabilities shape : (345, 3) 

±±±±±±±±±±±±±±±±±±±±±±±±±±±±±±±±±±±±±±±±±±±±±±±±±±±±±±±±±±±±±±±±±±±±±±±±±±± 

IN SCORER EVAL
y_true classes: 3
Probabilities shape: (345, 3)
DONE IN SCORER EVAL
After Evaluation
{'Log Loss - mean': 0.39720500000000003, 'Log Loss - std': 0.06447499999999998, 'AUC - mean': 0.8955050942946633, 'AUC - std': 0.017572521620123682, 'Accuracy - mean': 0.8695652173913043, 'Accuracy - std': 0.023188405797101463, 'F1 score - mean': 0.8634606662863218, 'F1 score - std': 0.03017465184894147} 
 

Fold 3
num_features : 116
num_classes : 1
cat_idx : [0]
nominal_idx : [115]
ordinal_idx : None
num_idx : None
cat_dims : [2]
bin_alt : None
~~~~~~~~~~~~~~~~~~~~~~~~~~~~~~~~~~~~~~~~~~~~~~~~~~~~~~~~~~~~~~~~~~~~~~~~~~~~~~~
BEFORE ANY ENCODING
num_features :116
num_classes : 1
cat_idx : [0]
nominal_idx : [115]
ordinal_idx : None
num_idx : None
cat_dims : [2]
bin_alt : None 


X shape : (1380, 116)
~~~~~~~~~~~~~~~~~~~~~~~~~~~~~~~~~~~~~~~~~~~~~~~~~~~~~~~~~~~~~~~~~~~~~~~~~~~~~~~
~~~~~~~~~~~~~~~~~~~~~~~~~~~~~~~~~~~~~~~~~~~~~~~~~~~~~~~~~~~~~~~~~~~~~~~~~~~~~~~ 


AFTER SEPARATING CATEGORICALS AND NUMERICALS
Numerical Index V1 : [0, 1, 2, 3, 4, 5, 6, 7, 8, 9, 10, 11, 12, 13, 14, 15, 16, 17, 18, 19, 20, 21, 22, 23, 24, 25, 26, 27, 28, 29, 30, 31, 32, 33, 34, 35, 36, 37, 38, 39, 40, 41, 42, 43, 44, 45, 46, 47, 48, 49, 50, 51, 52, 53, 54, 55, 56, 57, 58, 59, 60, 61, 62, 63, 64, 65, 66, 67, 68, 69, 70, 71, 72, 73, 74, 75, 76, 77, 78, 79, 80, 81, 82, 83, 84, 85, 86, 87, 88, 89, 90, 91, 92, 93, 94, 95, 96, 97, 98, 99, 100, 101, 102, 103, 104, 105, 106, 107, 108, 109, 110, 111, 112, 113, 114]
Cat Dims V1 : []
Cat Idx V1 : [115] 
 

~~~~~~~~~~~~~~~~~~~~~~~~~~~~~~~~~~~~~~~~~~~~~~~~~~~~~~~~~~~~~~~~~~~~~~~~~~~~~~~ 


Scaling the data...
One Hot Encoding...
~~~~~~~~~~~~~~~~~~~~~~~~~~~~~~~~~~~~~~~~~~~~~~~~~~~~~~~~~~~~~~~~~~~~~~~~~~~~~~~
After OHE
Numerical Index V2 : [0, 1, 2, 3, 4, 5, 6, 7, 8, 9, 10, 11, 12, 13, 14, 15, 16, 17, 18, 19, 20, 21, 22, 23, 24, 25, 26, 27, 28, 29, 30, 31, 32, 33, 34, 35, 36, 37, 38, 39, 40, 41, 42, 43, 44, 45, 46, 47, 48, 49, 50, 51, 52, 53, 54, 55, 56, 57, 58, 59, 60, 61, 62, 63, 64, 65, 66, 67, 68, 69, 70, 71, 72, 73, 74, 75, 76, 77, 78, 79, 80, 81, 82, 83, 84, 85, 86, 87, 88, 89, 90, 91, 92, 93, 94, 95, 96, 97, 98, 99, 100, 101, 102, 103, 104, 105, 106, 107, 108, 109, 110, 111, 112, 113, 114] 


OHE Idx : [0, 1, 2, 3, 4, 5, 6, 7, 8, 9, 10, 11, 12, 13, 14]


Ordinal Idx V2: None


Cat Dims V2 : []
Cat Idx V2 : None 
 

Train: [[0.0 1.0 0.0 0.0 0.0]
 [0.0 0.0 0.0 0.0 0.0]
 [0.0 0.0 0.0 1.0 0.0]
 [0.0 0.0 1.0 0.0 0.0]
 [0.0 0.0 0.0 0.0 0.0]
 [0.0 0.0 0.0 0.0 0.0]
 [0.0 0.0 0.0 0.0 0.0]
 [0.0 0.0 0.0 0.0 1.0]
 [0.0 0.0 0.0 0.0 0.0]
 [0.0 0.0 0.0 0.0 0.0]] 
 
 
Val : (1380, 130) 
 

~~~~~~~~~~~~~~~~~~~~~~~~~~~~~~~~~~~~~~~~~~~~~~~~~~~~~~~~~~~~~~~~~~~~~~~~~~~~~~~
~~~~~~~~~~~~~~~~~~~~~~~~~~~~~~~~~~~~~~~~~~~~~~~~~~~~~~~~~~~~~~~~~~~~~~~~~~~~~~~
After ORDINAL
Numerical Index V2 : [0, 1, 2, 3, 4, 5, 6, 7, 8, 9, 10, 11, 12, 13, 14, 15, 16, 17, 18, 19, 20, 21, 22, 23, 24, 25, 26, 27, 28, 29, 30, 31, 32, 33, 34, 35, 36, 37, 38, 39, 40, 41, 42, 43, 44, 45, 46, 47, 48, 49, 50, 51, 52, 53, 54, 55, 56, 57, 58, 59, 60, 61, 62, 63, 64, 65, 66, 67, 68, 69, 70, 71, 72, 73, 74, 75, 76, 77, 78, 79, 80, 81, 82, 83, 84, 85, 86, 87, 88, 89, 90, 91, 92, 93, 94, 95, 96, 97, 98, 99, 100, 101, 102, 103, 104, 105, 106, 107, 108, 109, 110, 111, 112, 113, 114] 


OHE Idx : [0, 1, 2, 3, 4, 5, 6, 7, 8, 9, 10, 11, 12, 13, 14]


Ordinal Idx V2: None


Cat Dims V2 : []
Cat Idx V2 : None 
 

Train: [[0.0 1.0 0.0 ... 2.572681656950333 1.2836416330199947 0.9931480745530373]
 [0.0 0.0 0.0 ... 2.572681656950333 1.2836416330199947 0.9931480745530373]
 [0.0 0.0 0.0 ... 2.572681656950333 1.2836416330199947 0.9931480745530373]
 ...
 [0.0 0.0 0.0 ... 2.572681656950333 1.2836416330199947 0.9931480745530373]
 [0.0 0.0 0.0 ... 2.572681656950333 1.2836416330199947 0.9931480745530373]
 [0.0 0.0 0.0 ... 2.572681656950333 1.2836416330199947 0.9931480745530373]] 
 
 
Val : (1380, 130) 
 

FINISHED ENCODING
~~~~~~~~~~~~~~~~~~~~~~~~~~~~~~~~~~~~~~~~~~~~~~~~~~~~~~~~~~~~~~~~~~~~~~~~~~~~~~~
Number of Classes B4 Bin Verifier: 3
Unique values in y_train: (array([0., 1., 2.]), 3)
Unique values in y_test: (array([0., 1., 2.]), 3)
No need to shift labels.
VERIFY SHIFT
Train after shift : [0 1 2], Length : 3
Test after shift : [0 1 2], Length : 3
Number of Classes After Bin Verifier: 3
In get_device
Using dim 8 and batch size 64
{'depth': 2, 'dim': 32, 'dropout': 0.6, 'heads': 2}
Epoch 0 loss 0.7328518629074097
Epoch 1 loss 0.6452960968017578
Epoch 2 loss 0.5833656191825867
Epoch 3 loss 0.5093151926994324
Epoch 4 loss 0.5492058992385864
Epoch 5 loss 0.5037773847579956
Epoch 6 loss 0.5496213436126709
Epoch 7 loss 0.5579753518104553
Epoch 8 loss 0.46685612201690674
Epoch 9 loss 0.5138738751411438
Epoch 10 loss 0.5298609733581543
Epoch 11 loss 0.5465847849845886
Epoch 12 loss 0.4818110764026642
Epoch 13 loss 0.5422709584236145
Epoch 14 loss 0.46822237968444824
Epoch 15 loss 0.4347640872001648
Epoch 16 loss 0.4602051377296448
Epoch 17 loss 0.448009729385376
Epoch 18 loss 0.46195682883262634
Epoch 19 loss 0.4568295478820801
Epoch 20 loss 0.4554670453071594
Epoch 21 loss 0.44097429513931274
Epoch 22 loss 0.46002596616744995
Epoch 23 loss 0.48308444023132324
Epoch 24 loss 0.45482704043388367
Epoch 25 loss 0.44670453667640686
Epoch 26 loss 0.4288037121295929
Epoch 27 loss 0.40937918424606323
Epoch 28 loss 0.45630040764808655
Epoch 29 loss 0.4097124934196472
Epoch 30 loss 0.4200516939163208
Epoch 31 loss 0.36687517166137695
Epoch 32 loss 0.3986442983150482
Epoch 33 loss 0.4245465099811554
Epoch 34 loss 0.40472859144210815
Epoch 35 loss 0.418999046087265
Epoch 36 loss 0.42001277208328247
Epoch 37 loss 0.3943551182746887
Epoch 38 loss 0.34526342153549194
Epoch 39 loss 0.4387415945529938
Epoch 40 loss 0.39478302001953125
Epoch 41 loss 0.4023107886314392
Epoch 42 loss 0.3696499764919281
Epoch 43 loss 0.3783670663833618
Epoch 44 loss 0.39656591415405273
Epoch 45 loss 0.38756901025772095
Epoch 46 loss 0.3247483968734741
Epoch 47 loss 0.3210453987121582
Epoch 48 loss 0.3315568268299103
Epoch 49 loss 0.3063845932483673
Epoch 50 loss 0.2845645546913147
Epoch 51 loss 0.2623899579048157
Epoch 52 loss 0.3012009859085083
Epoch 53 loss 0.3093552589416504
Epoch 54 loss 0.39203473925590515
Epoch 55 loss 0.29384803771972656
Epoch 56 loss 0.33182060718536377
Epoch 57 loss 0.2905159294605255
Epoch 58 loss 0.2840206027030945
Epoch 59 loss 0.3012378513813019
Epoch 60 loss 0.2937881350517273
Epoch 61 loss 0.3375421166419983
Epoch 62 loss 0.28404250741004944
Epoch 63 loss 0.25922268629074097
Epoch 64 loss 0.25434359908103943
Epoch 65 loss 0.30119889974594116
Epoch 66 loss 0.2433241605758667
Epoch 67 loss 0.30308669805526733
Epoch 68 loss 0.3037453293800354
Epoch 69 loss 0.33112239837646484
Epoch 70 loss 0.33421579003334045
Epoch 71 loss 0.3437768220901489
Epoch 72 loss 0.39561596512794495
Epoch 73 loss 0.30370771884918213
Epoch 74 loss 0.24559691548347473
Epoch 75 loss 0.24848397076129913
Epoch 76 loss 0.26063060760498047
Epoch 77 loss 0.2982178032398224
Epoch 78 loss 0.2661302387714386
Epoch 79 loss 0.32800915837287903
Epoch 80 loss 0.29626208543777466
Epoch 81 loss 0.289835125207901
Epoch 82 loss 0.28902873396873474
Epoch 83 loss 0.33159175515174866
Epoch 84 loss 0.3187828063964844
Epoch 85 loss 0.3109116554260254
Epoch 86 loss 0.3726300001144409
Epoch 87 loss 0.2837233245372772
Validation loss has not improved for 20 steps!
Early stopping applies.
State of save is True b4 loss saving
Log file exists at: output/SAINT/SAT11/logging/loss_2.txt
File name : output/SAINT/SAT11/logging/loss_2.txt . The file was saved
Log file exists at: output/SAINT/SAT11/logging/val_loss_2.txt
File name : output/SAINT/SAT11/logging/val_loss_2.txt . The file was saved
Saved Losses and Regularization
±±±±±±±±±±±±±±±±±±±±±±±±±±±±±±±±±±±±±±±±±±±±±±±±±±±±±±±±±±±±±±±±±±±±±±±±±±± 

B4 Evaluation
Number of classes : 3
Class label len :3
Class labels : [0, 1, 2]
Unique y_true : 3
Unique train : 3

Prediction shape : (345,)
Probabilities shape : (345, 3) 

±±±±±±±±±±±±±±±±±±±±±±±±±±±±±±±±±±±±±±±±±±±±±±±±±±±±±±±±±±±±±±±±±±±±±±±±±±± 

IN SCORER EVAL
y_true classes: 3
Probabilities shape: (345, 3)
DONE IN SCORER EVAL
After Evaluation
{'Log Loss - mean': 0.35985, 'Log Loss - std': 0.07457977250345207, 'AUC - mean': 0.9079584782131267, 'AUC - std': 0.022716423268223658, 'Accuracy - mean': 0.8792270531400966, 'Accuracy - std': 0.023348881108395322, 'F1 score - mean': 0.8720346958338342, 'F1 score - std': 0.027459686357151198} 
 

Fold 4
num_features : 116
num_classes : 1
cat_idx : [0]
nominal_idx : [115]
ordinal_idx : None
num_idx : None
cat_dims : [2]
bin_alt : None
~~~~~~~~~~~~~~~~~~~~~~~~~~~~~~~~~~~~~~~~~~~~~~~~~~~~~~~~~~~~~~~~~~~~~~~~~~~~~~~
BEFORE ANY ENCODING
num_features :116
num_classes : 1
cat_idx : [0]
nominal_idx : [115]
ordinal_idx : None
num_idx : None
cat_dims : [2]
bin_alt : None 


X shape : (1380, 116)
~~~~~~~~~~~~~~~~~~~~~~~~~~~~~~~~~~~~~~~~~~~~~~~~~~~~~~~~~~~~~~~~~~~~~~~~~~~~~~~
~~~~~~~~~~~~~~~~~~~~~~~~~~~~~~~~~~~~~~~~~~~~~~~~~~~~~~~~~~~~~~~~~~~~~~~~~~~~~~~ 


AFTER SEPARATING CATEGORICALS AND NUMERICALS
Numerical Index V1 : [0, 1, 2, 3, 4, 5, 6, 7, 8, 9, 10, 11, 12, 13, 14, 15, 16, 17, 18, 19, 20, 21, 22, 23, 24, 25, 26, 27, 28, 29, 30, 31, 32, 33, 34, 35, 36, 37, 38, 39, 40, 41, 42, 43, 44, 45, 46, 47, 48, 49, 50, 51, 52, 53, 54, 55, 56, 57, 58, 59, 60, 61, 62, 63, 64, 65, 66, 67, 68, 69, 70, 71, 72, 73, 74, 75, 76, 77, 78, 79, 80, 81, 82, 83, 84, 85, 86, 87, 88, 89, 90, 91, 92, 93, 94, 95, 96, 97, 98, 99, 100, 101, 102, 103, 104, 105, 106, 107, 108, 109, 110, 111, 112, 113, 114]
Cat Dims V1 : []
Cat Idx V1 : [115] 
 

~~~~~~~~~~~~~~~~~~~~~~~~~~~~~~~~~~~~~~~~~~~~~~~~~~~~~~~~~~~~~~~~~~~~~~~~~~~~~~~ 


Scaling the data...
One Hot Encoding...
~~~~~~~~~~~~~~~~~~~~~~~~~~~~~~~~~~~~~~~~~~~~~~~~~~~~~~~~~~~~~~~~~~~~~~~~~~~~~~~
After OHE
Numerical Index V2 : [0, 1, 2, 3, 4, 5, 6, 7, 8, 9, 10, 11, 12, 13, 14, 15, 16, 17, 18, 19, 20, 21, 22, 23, 24, 25, 26, 27, 28, 29, 30, 31, 32, 33, 34, 35, 36, 37, 38, 39, 40, 41, 42, 43, 44, 45, 46, 47, 48, 49, 50, 51, 52, 53, 54, 55, 56, 57, 58, 59, 60, 61, 62, 63, 64, 65, 66, 67, 68, 69, 70, 71, 72, 73, 74, 75, 76, 77, 78, 79, 80, 81, 82, 83, 84, 85, 86, 87, 88, 89, 90, 91, 92, 93, 94, 95, 96, 97, 98, 99, 100, 101, 102, 103, 104, 105, 106, 107, 108, 109, 110, 111, 112, 113, 114] 


OHE Idx : [0, 1, 2, 3, 4, 5, 6, 7, 8, 9, 10, 11, 12, 13, 14]


Ordinal Idx V2: None


Cat Dims V2 : []
Cat Idx V2 : None 
 

Train: [[0.0 1.0 0.0 0.0 0.0]
 [0.0 0.0 0.0 0.0 0.0]
 [0.0 0.0 0.0 1.0 0.0]
 [1.0 0.0 0.0 0.0 0.0]
 [0.0 0.0 1.0 0.0 0.0]
 [0.0 0.0 0.0 0.0 0.0]
 [0.0 0.0 0.0 0.0 0.0]
 [0.0 0.0 0.0 0.0 0.0]
 [0.0 0.0 0.0 0.0 0.0]
 [0.0 0.0 0.0 0.0 0.0]] 
 
 
Val : (1380, 130) 
 

~~~~~~~~~~~~~~~~~~~~~~~~~~~~~~~~~~~~~~~~~~~~~~~~~~~~~~~~~~~~~~~~~~~~~~~~~~~~~~~
~~~~~~~~~~~~~~~~~~~~~~~~~~~~~~~~~~~~~~~~~~~~~~~~~~~~~~~~~~~~~~~~~~~~~~~~~~~~~~~
After ORDINAL
Numerical Index V2 : [0, 1, 2, 3, 4, 5, 6, 7, 8, 9, 10, 11, 12, 13, 14, 15, 16, 17, 18, 19, 20, 21, 22, 23, 24, 25, 26, 27, 28, 29, 30, 31, 32, 33, 34, 35, 36, 37, 38, 39, 40, 41, 42, 43, 44, 45, 46, 47, 48, 49, 50, 51, 52, 53, 54, 55, 56, 57, 58, 59, 60, 61, 62, 63, 64, 65, 66, 67, 68, 69, 70, 71, 72, 73, 74, 75, 76, 77, 78, 79, 80, 81, 82, 83, 84, 85, 86, 87, 88, 89, 90, 91, 92, 93, 94, 95, 96, 97, 98, 99, 100, 101, 102, 103, 104, 105, 106, 107, 108, 109, 110, 111, 112, 113, 114] 


OHE Idx : [0, 1, 2, 3, 4, 5, 6, 7, 8, 9, 10, 11, 12, 13, 14]


Ordinal Idx V2: None


Cat Dims V2 : []
Cat Idx V2 : None 
 

Train: [[0.0 1.0 0.0 ... 2.5776931347039733 1.2593157823662984
  0.9810282088831183]
 [0.0 0.0 0.0 ... 2.5776931347039733 1.2593157823662984
  0.9810282088831183]
 [0.0 0.0 0.0 ... 2.5776931347039733 1.2593157823662984
  0.9810282088831183]
 ...
 [0.0 0.0 0.0 ... 2.5776931347039733 1.2593157823662984
  0.9810282088831183]
 [0.0 0.0 0.0 ... 2.5776931347039733 1.2593157823662984
  0.9810282088831183]
 [0.0 0.0 0.0 ... 2.5776931347039733 1.2593157823662984
  0.9810282088831183]] 
 
 
Val : (1380, 130) 
 

FINISHED ENCODING
~~~~~~~~~~~~~~~~~~~~~~~~~~~~~~~~~~~~~~~~~~~~~~~~~~~~~~~~~~~~~~~~~~~~~~~~~~~~~~~
Number of Classes B4 Bin Verifier: 3
Unique values in y_train: (array([0., 1., 2.]), 3)
Unique values in y_test: (array([0., 1., 2.]), 3)
No need to shift labels.
VERIFY SHIFT
Train after shift : [0 1 2], Length : 3
Test after shift : [0 1 2], Length : 3
Number of Classes After Bin Verifier: 3
In get_device
Using dim 8 and batch size 64
{'depth': 2, 'dim': 32, 'dropout': 0.6, 'heads': 2}
Epoch 0 loss 0.7818132638931274
Epoch 1 loss 0.693950891494751
Epoch 2 loss 0.5838699340820312
Epoch 3 loss 0.5506173968315125
Epoch 4 loss 0.5605258345603943
Epoch 5 loss 0.5167386531829834
Epoch 6 loss 0.5045640468597412
Epoch 7 loss 0.5586355328559875
Epoch 8 loss 0.530549168586731
Epoch 9 loss 0.5483710169792175
Epoch 10 loss 0.4975162744522095
Epoch 11 loss 0.5752953290939331
Epoch 12 loss 0.4554181694984436
Epoch 13 loss 0.48653751611709595
Epoch 14 loss 0.5598112344741821
Epoch 15 loss 0.5266173481941223
Epoch 16 loss 0.4749796688556671
Epoch 17 loss 0.48068469762802124
Epoch 18 loss 0.5319960117340088
Epoch 19 loss 0.49959781765937805
Epoch 20 loss 0.5116011500358582
Epoch 21 loss 0.4928049147129059
Epoch 22 loss 0.5422624349594116
Epoch 23 loss 0.5070019960403442
Epoch 24 loss 0.5650262236595154
Epoch 25 loss 0.5133762359619141
Epoch 26 loss 0.5048502683639526
Epoch 27 loss 0.4825572967529297
Epoch 28 loss 0.4560261368751526
Epoch 29 loss 0.508992075920105
Epoch 30 loss 0.4843456447124481
Epoch 31 loss 0.47955089807510376
Epoch 32 loss 0.524337887763977
Epoch 33 loss 0.46509936451911926
Validation loss has not improved for 20 steps!
Early stopping applies.
State of save is True b4 loss saving
Log file exists at: output/SAINT/SAT11/logging/loss_3.txt
File name : output/SAINT/SAT11/logging/loss_3.txt . The file was saved
Log file exists at: output/SAINT/SAT11/logging/val_loss_3.txt
File name : output/SAINT/SAT11/logging/val_loss_3.txt . The file was saved
Saved Losses and Regularization
±±±±±±±±±±±±±±±±±±±±±±±±±±±±±±±±±±±±±±±±±±±±±±±±±±±±±±±±±±±±±±±±±±±±±±±±±±± 

B4 Evaluation
Number of classes : 3
Class label len :3
Class labels : [0, 1, 2]
Unique y_true : 3
Unique train : 3

Prediction shape : (345,)
Probabilities shape : (345, 3) 

±±±±±±±±±±±±±±±±±±±±±±±±±±±±±±±±±±±±±±±±±±±±±±±±±±±±±±±±±±±±±±±±±±±±±±±±±±± 

IN SCORER EVAL
y_true classes: 3
Probabilities shape: (345, 3)
DONE IN SCORER EVAL
After Evaluation
{'Log Loss - mean': 0.398305, 'Log Loss - std': 0.09277913518135421, 'AUC - mean': 0.8851383831225793, 'AUC - std': 0.044150845228610174, 'Accuracy - mean': 0.8644927536231884, 'Accuracy - std': 0.03256035063574054, 'F1 score - mean': 0.8536405664549377, 'F1 score - std': 0.03975622929740175} 
 

Fold 5
num_features : 116
num_classes : 1
cat_idx : [0]
nominal_idx : [115]
ordinal_idx : None
num_idx : None
cat_dims : [2]
bin_alt : None
~~~~~~~~~~~~~~~~~~~~~~~~~~~~~~~~~~~~~~~~~~~~~~~~~~~~~~~~~~~~~~~~~~~~~~~~~~~~~~~
BEFORE ANY ENCODING
num_features :116
num_classes : 1
cat_idx : [0]
nominal_idx : [115]
ordinal_idx : None
num_idx : None
cat_dims : [2]
bin_alt : None 


X shape : (1380, 116)
~~~~~~~~~~~~~~~~~~~~~~~~~~~~~~~~~~~~~~~~~~~~~~~~~~~~~~~~~~~~~~~~~~~~~~~~~~~~~~~
~~~~~~~~~~~~~~~~~~~~~~~~~~~~~~~~~~~~~~~~~~~~~~~~~~~~~~~~~~~~~~~~~~~~~~~~~~~~~~~ 


AFTER SEPARATING CATEGORICALS AND NUMERICALS
Numerical Index V1 : [0, 1, 2, 3, 4, 5, 6, 7, 8, 9, 10, 11, 12, 13, 14, 15, 16, 17, 18, 19, 20, 21, 22, 23, 24, 25, 26, 27, 28, 29, 30, 31, 32, 33, 34, 35, 36, 37, 38, 39, 40, 41, 42, 43, 44, 45, 46, 47, 48, 49, 50, 51, 52, 53, 54, 55, 56, 57, 58, 59, 60, 61, 62, 63, 64, 65, 66, 67, 68, 69, 70, 71, 72, 73, 74, 75, 76, 77, 78, 79, 80, 81, 82, 83, 84, 85, 86, 87, 88, 89, 90, 91, 92, 93, 94, 95, 96, 97, 98, 99, 100, 101, 102, 103, 104, 105, 106, 107, 108, 109, 110, 111, 112, 113, 114]
Cat Dims V1 : []
Cat Idx V1 : [115] 
 

~~~~~~~~~~~~~~~~~~~~~~~~~~~~~~~~~~~~~~~~~~~~~~~~~~~~~~~~~~~~~~~~~~~~~~~~~~~~~~~ 


Scaling the data...
One Hot Encoding...
~~~~~~~~~~~~~~~~~~~~~~~~~~~~~~~~~~~~~~~~~~~~~~~~~~~~~~~~~~~~~~~~~~~~~~~~~~~~~~~
After OHE
Numerical Index V2 : [0, 1, 2, 3, 4, 5, 6, 7, 8, 9, 10, 11, 12, 13, 14, 15, 16, 17, 18, 19, 20, 21, 22, 23, 24, 25, 26, 27, 28, 29, 30, 31, 32, 33, 34, 35, 36, 37, 38, 39, 40, 41, 42, 43, 44, 45, 46, 47, 48, 49, 50, 51, 52, 53, 54, 55, 56, 57, 58, 59, 60, 61, 62, 63, 64, 65, 66, 67, 68, 69, 70, 71, 72, 73, 74, 75, 76, 77, 78, 79, 80, 81, 82, 83, 84, 85, 86, 87, 88, 89, 90, 91, 92, 93, 94, 95, 96, 97, 98, 99, 100, 101, 102, 103, 104, 105, 106, 107, 108, 109, 110, 111, 112, 113, 114] 


OHE Idx : [0, 1, 2, 3, 4, 5, 6, 7, 8, 9, 10, 11, 12, 13, 14]


Ordinal Idx V2: None


Cat Dims V2 : []
Cat Idx V2 : None 
 

Train: [[0.0 0.0 0.0 1.0 0.0]
 [1.0 0.0 0.0 0.0 0.0]
 [0.0 0.0 1.0 0.0 0.0]
 [0.0 0.0 0.0 0.0 0.0]
 [0.0 0.0 0.0 0.0 0.0]
 [0.0 0.0 0.0 0.0 0.0]
 [0.0 0.0 0.0 0.0 1.0]
 [0.0 0.0 0.0 0.0 0.0]
 [0.0 0.0 0.0 0.0 0.0]
 [0.0 0.0 0.0 0.0 0.0]] 
 
 
Val : (1380, 130) 
 

~~~~~~~~~~~~~~~~~~~~~~~~~~~~~~~~~~~~~~~~~~~~~~~~~~~~~~~~~~~~~~~~~~~~~~~~~~~~~~~
~~~~~~~~~~~~~~~~~~~~~~~~~~~~~~~~~~~~~~~~~~~~~~~~~~~~~~~~~~~~~~~~~~~~~~~~~~~~~~~
After ORDINAL
Numerical Index V2 : [0, 1, 2, 3, 4, 5, 6, 7, 8, 9, 10, 11, 12, 13, 14, 15, 16, 17, 18, 19, 20, 21, 22, 23, 24, 25, 26, 27, 28, 29, 30, 31, 32, 33, 34, 35, 36, 37, 38, 39, 40, 41, 42, 43, 44, 45, 46, 47, 48, 49, 50, 51, 52, 53, 54, 55, 56, 57, 58, 59, 60, 61, 62, 63, 64, 65, 66, 67, 68, 69, 70, 71, 72, 73, 74, 75, 76, 77, 78, 79, 80, 81, 82, 83, 84, 85, 86, 87, 88, 89, 90, 91, 92, 93, 94, 95, 96, 97, 98, 99, 100, 101, 102, 103, 104, 105, 106, 107, 108, 109, 110, 111, 112, 113, 114] 


OHE Idx : [0, 1, 2, 3, 4, 5, 6, 7, 8, 9, 10, 11, 12, 13, 14]


Ordinal Idx V2: None


Cat Dims V2 : []
Cat Idx V2 : None 
 

Train: [[0.0 0.0 0.0 ... 2.6560947038188796 1.2792309188622057
  0.9870369058550037]
 [1.0 0.0 0.0 ... 2.6560947038188796 1.2792309188622057
  0.9870369058550037]
 [0.0 0.0 1.0 ... 2.6560947038188796 1.2792309188622057
  0.9870369058550037]
 ...
 [0.0 0.0 0.0 ... 2.6560947038188796 1.2792309188622057
  0.9870369058550037]
 [0.0 0.0 0.0 ... 2.6560947038188796 1.2792309188622057
  0.9870369058550037]
 [0.0 0.0 0.0 ... 2.6560947038188796 1.2792309188622057
  0.9870369058550037]] 
 
 
Val : (1380, 130) 
 

FINISHED ENCODING
~~~~~~~~~~~~~~~~~~~~~~~~~~~~~~~~~~~~~~~~~~~~~~~~~~~~~~~~~~~~~~~~~~~~~~~~~~~~~~~
Number of Classes B4 Bin Verifier: 3
Unique values in y_train: (array([0., 1., 2.]), 3)
Unique values in y_test: (array([0., 1., 2.]), 3)
No need to shift labels.
VERIFY SHIFT
Train after shift : [0 1 2], Length : 3
Test after shift : [0 1 2], Length : 3
Number of Classes After Bin Verifier: 3
In get_device
Using dim 8 and batch size 64
{'depth': 2, 'dim': 32, 'dropout': 0.6, 'heads': 2}
Epoch 0 loss 0.7695674896240234
Epoch 1 loss 0.6722961068153381
Epoch 2 loss 0.5274958610534668
Epoch 3 loss 0.4554901719093323
Epoch 4 loss 0.5052197575569153
Epoch 5 loss 0.45431751012802124
Epoch 6 loss 0.41657784581184387
Epoch 7 loss 0.4405556917190552
Epoch 8 loss 0.39943426847457886
Epoch 9 loss 0.38777846097946167
Epoch 10 loss 0.427693247795105
Epoch 11 loss 0.40231430530548096
Epoch 12 loss 0.4003050923347473
Epoch 13 loss 0.39660438895225525
Epoch 14 loss 0.4380124509334564
Epoch 15 loss 0.4060977101325989
Epoch 16 loss 0.4257867932319641
Epoch 17 loss 0.39936548471450806
Epoch 18 loss 0.4279993176460266
Epoch 19 loss 0.3816026449203491
Epoch 20 loss 0.41632261872291565
Epoch 21 loss 0.38111039996147156
Epoch 22 loss 0.38109511137008667
Epoch 23 loss 0.4229050576686859
Epoch 24 loss 0.3657902479171753
Epoch 25 loss 0.35989075899124146
Epoch 26 loss 0.4113086462020874
Epoch 27 loss 0.3823871612548828
Epoch 28 loss 0.34846338629722595
Epoch 29 loss 0.37635481357574463
Epoch 30 loss 0.35259199142456055
Epoch 31 loss 0.3888598680496216
Epoch 32 loss 0.34507322311401367
Epoch 33 loss 0.3269319534301758
Epoch 34 loss 0.33551812171936035
Epoch 35 loss 0.3236899971961975
Epoch 36 loss 0.2522411346435547
Epoch 37 loss 0.3631139397621155
Epoch 38 loss 0.33163148164749146
Epoch 39 loss 0.27687257528305054
Epoch 40 loss 0.31248196959495544
Epoch 41 loss 0.2846223711967468
Epoch 42 loss 0.2924865186214447
Epoch 43 loss 0.27476274967193604
Epoch 44 loss 0.28629523515701294
Epoch 45 loss 0.286000519990921
Epoch 46 loss 0.36350759863853455
Epoch 47 loss 0.2859574854373932
Epoch 48 loss 0.3282496929168701
Epoch 49 loss 0.3334922194480896
Epoch 50 loss 0.2964099049568176
Epoch 51 loss 0.32000792026519775
Epoch 52 loss 0.28689032793045044
Epoch 53 loss 0.25776153802871704
Epoch 54 loss 0.27419474720954895
Epoch 55 loss 0.2530464231967926
Epoch 56 loss 0.2548394203186035
Epoch 57 loss 0.28092673420906067
Validation loss has not improved for 20 steps!
Early stopping applies.
State of save is True b4 loss saving
Log file exists at: output/SAINT/SAT11/logging/loss_4.txt
File name : output/SAINT/SAT11/logging/loss_4.txt . The file was saved
Log file exists at: output/SAINT/SAT11/logging/val_loss_4.txt
File name : output/SAINT/SAT11/logging/val_loss_4.txt . The file was saved
Saved Losses and Regularization
±±±±±±±±±±±±±±±±±±±±±±±±±±±±±±±±±±±±±±±±±±±±±±±±±±±±±±±±±±±±±±±±±±±±±±±±±±± 

B4 Evaluation
Number of classes : 3
Class label len :3
Class labels : [0, 1, 2]
Unique y_true : 3
Unique train : 3

Prediction shape : (345,)
Probabilities shape : (345, 3) 

±±±±±±±±±±±±±±±±±±±±±±±±±±±±±±±±±±±±±±±±±±±±±±±±±±±±±±±±±±±±±±±±±±±±±±±±±±± 

IN SCORER EVAL
y_true classes: 3
Probabilities shape: (345, 3)
DONE IN SCORER EVAL
After Evaluation
{'Log Loss - mean': 0.380562, 'Log Loss - std': 0.0902531469589842, 'AUC - mean': 0.8902674763529465, 'AUC - std': 0.04080034432432827, 'Accuracy - mean': 0.870144927536232, 'Accuracy - std': 0.031239869183321695, 'F1 score - mean': 0.8588222760302948, 'F1 score - std': 0.03703844854811628} 
 

Saving model.....
Results After CV: {'Log Loss - mean': 0.380562, 'Log Loss - std': 0.0902531469589842, 'AUC - mean': 0.8902674763529465, 'AUC - std': 0.04080034432432827, 'Accuracy - mean': 0.870144927536232, 'Accuracy - std': 0.031239869183321695, 'F1 score - mean': 0.8588222760302948, 'F1 score - std': 0.03703844854811628}
Train time: 390.88431675699997
Inference time: 0.19204318220001823
Finished cross validation
Loss path :output/SAINT/SAT11/logging/
Plots saved successfully!
{'Log Loss - mean': 0.380562, 'Log Loss - std': 0.0902531469589842, 'AUC - mean': 0.8902674763529465, 'AUC - std': 0.04080034432432827, 'Accuracy - mean': 0.870144927536232, 'Accuracy - std': 0.031239869183321695, 'F1 score - mean': 0.8588222760302948, 'F1 score - std': 0.03703844854811628}
(390.88431675699997, 0.19204318220001823)


----------------------------------------------------------------------------
Training VIME Vesion 1 with Dataset: config/sensory.yml 



----------------------------------------------------------------------------
Namespace(batch_size=128, bin_alt=None, cat_dims=[2], cat_idx=[0], config='config/sensory.yml', data_parallel=False, dataset='Sensory', direction='maximize', dropna_idx=None, early_stopping_rounds=20, epochs=300, frequency_reg=False, gpu_ids=[0, 1], logging_period=100, miss_cat_idx=None, miss_num_idx=None, model_name='SAINT', n_trials=100, nominal_idx=[0, 1, 2, 3, 4, 5, 6, 7, 8, 9, 10], num_bins=10, num_classes=1, num_features=11, num_idx=None, num_splits=5, objective='probabilistic_regression', one_hot_encode=True, optimize_hyperparameters=False, ordinal_encode=False, ordinal_idx=None, scale=False, seed=221, shuffle=True, target_encode=False, use_gpu=True, val_batch_size=256, y_distribution='normal')
Train model with given hyperparameters
Loading dataset Sensory...
Dataset loaded! 

(576, 11)
I am in Main Once
In get_device
Using dim 128 and batch size 128
Almost Cross Validating
Fold 1
num_features : 11
num_classes : 1
cat_idx : [0]
nominal_idx : [0, 1, 2, 3, 4, 5, 6, 7, 8, 9, 10]
ordinal_idx : None
num_idx : None
cat_dims : [2]
bin_alt : None
~~~~~~~~~~~~~~~~~~~~~~~~~~~~~~~~~~~~~~~~~~~~~~~~~~~~~~~~~~~~~~~~~~~~~~~~~~~~~~~
BEFORE ANY ENCODING
num_features :11
num_classes : 1
cat_idx : [0]
nominal_idx : [0, 1, 2, 3, 4, 5, 6, 7, 8, 9, 10]
ordinal_idx : None
num_idx : None
cat_dims : [2]
bin_alt : None 


X shape : (460, 11)
~~~~~~~~~~~~~~~~~~~~~~~~~~~~~~~~~~~~~~~~~~~~~~~~~~~~~~~~~~~~~~~~~~~~~~~~~~~~~~~
~~~~~~~~~~~~~~~~~~~~~~~~~~~~~~~~~~~~~~~~~~~~~~~~~~~~~~~~~~~~~~~~~~~~~~~~~~~~~~~ 


AFTER SEPARATING CATEGORICALS AND NUMERICALS
Numerical Index V1 : []
Cat Dims V1 : []
Cat Idx V1 : [0, 1, 2, 3, 4, 5, 6, 7, 8, 9, 10] 
 

~~~~~~~~~~~~~~~~~~~~~~~~~~~~~~~~~~~~~~~~~~~~~~~~~~~~~~~~~~~~~~~~~~~~~~~~~~~~~~~ 


One Hot Encoding...
~~~~~~~~~~~~~~~~~~~~~~~~~~~~~~~~~~~~~~~~~~~~~~~~~~~~~~~~~~~~~~~~~~~~~~~~~~~~~~~
After OHE
Numerical Index V2 : [] 


OHE Idx : [0, 1, 2, 3, 4, 5, 6, 7, 8, 9, 10, 11, 12, 13, 14, 15, 16, 17, 18, 19, 20, 21, 22, 23, 24, 25, 26, 27, 28, 29, 30, 31, 32, 33, 34, 35]


Ordinal Idx V2: None


Cat Dims V2 : []
Cat Idx V2 : None 
 

Train: [[1. 0. 1. 0. 0.]
 [1. 0. 1. 0. 0.]
 [1. 0. 1. 0. 0.]
 [1. 0. 1. 0. 0.]
 [1. 0. 1. 0. 0.]
 [1. 0. 1. 0. 0.]
 [1. 0. 1. 0. 0.]
 [1. 0. 1. 0. 0.]
 [1. 0. 1. 0. 0.]
 [1. 0. 1. 0. 0.]] 
 
 
Val : (460, 36) 
 

~~~~~~~~~~~~~~~~~~~~~~~~~~~~~~~~~~~~~~~~~~~~~~~~~~~~~~~~~~~~~~~~~~~~~~~~~~~~~~~
~~~~~~~~~~~~~~~~~~~~~~~~~~~~~~~~~~~~~~~~~~~~~~~~~~~~~~~~~~~~~~~~~~~~~~~~~~~~~~~
After ORDINAL
Numerical Index V2 : [] 


OHE Idx : [0, 1, 2, 3, 4, 5, 6, 7, 8, 9, 10, 11, 12, 13, 14, 15, 16, 17, 18, 19, 20, 21, 22, 23, 24, 25, 26, 27, 28, 29, 30, 31, 32, 33, 34, 35]


Ordinal Idx V2: None


Cat Dims V2 : []
Cat Idx V2 : None 
 

Train: [[1. 0. 1. 0. 0. 0. 0. 0. 1. 0. 0. 1. 0. 0. 0. 1. 0. 0. 0. 1. 0. 0. 0. 1.
  0. 0. 1. 0. 1. 0. 0. 1. 0. 0. 1. 0.]
 [1. 0. 1. 0. 0. 0. 0. 0. 1. 0. 0. 1. 0. 0. 0. 0. 1. 0. 0. 1. 0. 0. 0. 1.
  0. 0. 1. 0. 0. 1. 0. 1. 0. 0. 0. 1.]
 [1. 0. 1. 0. 0. 0. 0. 0. 1. 0. 0. 1. 0. 0. 0. 0. 0. 1. 0. 1. 0. 0. 0. 1.
  0. 0. 1. 0. 1. 0. 0. 1. 0. 0. 1. 0.]
 [1. 0. 1. 0. 0. 0. 0. 0. 1. 0. 0. 0. 1. 0. 0. 1. 0. 0. 0. 1. 0. 0. 0. 1.
  1. 0. 0. 0. 1. 0. 0. 0. 1. 0. 1. 0.]
 [1. 0. 1. 0. 0. 0. 0. 0. 1. 0. 0. 0. 1. 0. 0. 0. 1. 0. 0. 1. 0. 0. 0. 1.
  1. 0. 0. 0. 0. 1. 0. 0. 1. 0. 0. 1.]
 [1. 0. 1. 0. 0. 0. 0. 0. 1. 0. 0. 0. 1. 0. 0. 0. 0. 1. 0. 1. 0. 0. 0. 1.
  1. 0. 0. 0. 0. 1. 0. 0. 1. 0. 0. 1.]
 [1. 0. 1. 0. 0. 0. 0. 0. 1. 0. 0. 0. 1. 0. 0. 0. 0. 0. 1. 1. 0. 0. 0. 1.
  1. 0. 0. 0. 1. 0. 0. 0. 1. 0. 1. 0.]
 [1. 0. 1. 0. 0. 0. 0. 0. 1. 0. 0. 0. 0. 1. 0. 1. 0. 0. 0. 1. 0. 0. 0. 1.
  0. 1. 0. 0. 0. 1. 1. 0. 0. 0. 0. 1.]
 [1. 0. 1. 0. 0. 0. 0. 0. 1. 0. 0. 0. 0. 1. 0. 0. 1. 0. 0. 1. 0. 0. 0. 1.
  0. 1. 0. 0. 1. 0. 1. 0. 0. 0. 1. 0.]
 [1. 0. 1. 0. 0. 0. 0. 0. 1. 0. 0. 0. 0. 1. 0. 0. 0. 1. 0. 1. 0. 0. 0. 1.
  0. 1. 0. 0. 1. 0. 1. 0. 0. 0. 1. 0.]] 
 
 
Val : (460, 36) 
 

FINISHED ENCODING
~~~~~~~~~~~~~~~~~~~~~~~~~~~~~~~~~~~~~~~~~~~~~~~~~~~~~~~~~~~~~~~~~~~~~~~~~~~~~~~
Number of Classes B4 Bin Verifier: 7
Unique values in y_train: (array([0., 1., 2., 3., 4., 5.]), 6)
Unique values in y_test: (array([0., 1., 2., 3., 4., 5.]), 6)
WE ARE IN THE GUTTERS!!!!!
Final Train Labels Length: 6
Final Test Labels Length: 6
Final Num Classes: 6
Final Bin Labels: [0, 1, 2, 3, 4, 5]
VERIFY SHIFT
Train after shift : [0 1 2 3 4 5], Length : 6
Test after shift : [0 1 2 3 4 5], Length : 6
Number of Classes After Bin Verifier: 6
In get_device
Using dim 128 and batch size 128
{'depth': 1, 'dim': 128, 'dropout': 0, 'heads': 8}
Epoch 0 loss 1.7414679527282715
Epoch 1 loss 1.712157964706421
Epoch 2 loss 1.688204288482666
Epoch 3 loss 1.6923203468322754
Epoch 4 loss 1.6966042518615723
Epoch 5 loss 1.6735955476760864
Epoch 6 loss 1.7251877784729004
Epoch 7 loss 1.6592411994934082
Epoch 8 loss 1.7680600881576538
Epoch 9 loss 1.680920124053955
Epoch 10 loss 1.8221840858459473
Epoch 11 loss 1.7008179426193237
Epoch 12 loss 1.7295849323272705
Epoch 13 loss 1.708176851272583
Epoch 14 loss 1.7431590557098389
Epoch 15 loss 1.766149878501892
Epoch 16 loss 1.7125566005706787
Epoch 17 loss 1.7822847366333008
Epoch 18 loss 1.7803398370742798
Epoch 19 loss 1.7429572343826294
Epoch 20 loss 1.7855017185211182
Epoch 21 loss 1.7958221435546875
Epoch 22 loss 1.7905505895614624
Epoch 23 loss 1.77298104763031
Epoch 24 loss 1.8482848405838013
Epoch 25 loss 1.848003625869751
Epoch 26 loss 1.8693585395812988
Epoch 27 loss 1.9662833213806152
Epoch 28 loss 1.936935544013977
Validation loss has not improved for 20 steps!
Early stopping applies.
State of save is True b4 loss saving
Log file exists at: output/SAINT/Sensory/logging/loss_0.txt
File name : output/SAINT/Sensory/logging/loss_0.txt . The file was saved
Log file exists at: output/SAINT/Sensory/logging/val_loss_0.txt
File name : output/SAINT/Sensory/logging/val_loss_0.txt . The file was saved
Saved Losses and Regularization
±±±±±±±±±±±±±±±±±±±±±±±±±±±±±±±±±±±±±±±±±±±±±±±±±±±±±±±±±±±±±±±±±±±±±±±±±±± 

B4 Evaluation
Number of classes : 6
Class label len :6
Class labels : [0, 1, 2, 3, 4, 5]
Unique y_true : 6
Unique train : 6

Prediction shape : (116,)
Probabilities shape : (116, 6) 

±±±±±±±±±±±±±±±±±±±±±±±±±±±±±±±±±±±±±±±±±±±±±±±±±±±±±±±±±±±±±±±±±±±±±±±±±±± 

IN SCORER EVAL
y_true classes: 6
Probabilities shape: (116, 6)
DONE IN SCORER EVAL
After Evaluation
{'Log Loss - mean': 1.65924, 'Log Loss - std': 0.0, 'AUC - mean': 0.6140555564117977, 'AUC - std': 0.0, 'Accuracy - mean': 0.25862068965517243, 'Accuracy - std': 0.0, 'F1 score - mean': 0.21851114560136758, 'F1 score - std': 0.0} 
 

Fold 2
num_features : 11
num_classes : 1
cat_idx : [0]
nominal_idx : [0, 1, 2, 3, 4, 5, 6, 7, 8, 9, 10]
ordinal_idx : None
num_idx : None
cat_dims : [2]
bin_alt : None
~~~~~~~~~~~~~~~~~~~~~~~~~~~~~~~~~~~~~~~~~~~~~~~~~~~~~~~~~~~~~~~~~~~~~~~~~~~~~~~
BEFORE ANY ENCODING
num_features :11
num_classes : 1
cat_idx : [0]
nominal_idx : [0, 1, 2, 3, 4, 5, 6, 7, 8, 9, 10]
ordinal_idx : None
num_idx : None
cat_dims : [2]
bin_alt : None 


X shape : (461, 11)
~~~~~~~~~~~~~~~~~~~~~~~~~~~~~~~~~~~~~~~~~~~~~~~~~~~~~~~~~~~~~~~~~~~~~~~~~~~~~~~
~~~~~~~~~~~~~~~~~~~~~~~~~~~~~~~~~~~~~~~~~~~~~~~~~~~~~~~~~~~~~~~~~~~~~~~~~~~~~~~ 


AFTER SEPARATING CATEGORICALS AND NUMERICALS
Numerical Index V1 : []
Cat Dims V1 : []
Cat Idx V1 : [0, 1, 2, 3, 4, 5, 6, 7, 8, 9, 10] 
 

~~~~~~~~~~~~~~~~~~~~~~~~~~~~~~~~~~~~~~~~~~~~~~~~~~~~~~~~~~~~~~~~~~~~~~~~~~~~~~~ 


One Hot Encoding...
~~~~~~~~~~~~~~~~~~~~~~~~~~~~~~~~~~~~~~~~~~~~~~~~~~~~~~~~~~~~~~~~~~~~~~~~~~~~~~~
After OHE
Numerical Index V2 : [] 


OHE Idx : [0, 1, 2, 3, 4, 5, 6, 7, 8, 9, 10, 11, 12, 13, 14, 15, 16, 17, 18, 19, 20, 21, 22, 23, 24, 25, 26, 27, 28, 29, 30, 31, 32, 33, 34, 35]


Ordinal Idx V2: None


Cat Dims V2 : []
Cat Idx V2 : None 
 

Train: [[1. 0. 1. 0. 0.]
 [1. 0. 1. 0. 0.]
 [1. 0. 1. 0. 0.]
 [1. 0. 1. 0. 0.]
 [1. 0. 1. 0. 0.]
 [1. 0. 1. 0. 0.]
 [1. 0. 1. 0. 0.]
 [1. 0. 1. 0. 0.]
 [1. 0. 1. 0. 0.]
 [1. 0. 1. 0. 0.]] 
 
 
Val : (461, 36) 
 

~~~~~~~~~~~~~~~~~~~~~~~~~~~~~~~~~~~~~~~~~~~~~~~~~~~~~~~~~~~~~~~~~~~~~~~~~~~~~~~
~~~~~~~~~~~~~~~~~~~~~~~~~~~~~~~~~~~~~~~~~~~~~~~~~~~~~~~~~~~~~~~~~~~~~~~~~~~~~~~
After ORDINAL
Numerical Index V2 : [] 


OHE Idx : [0, 1, 2, 3, 4, 5, 6, 7, 8, 9, 10, 11, 12, 13, 14, 15, 16, 17, 18, 19, 20, 21, 22, 23, 24, 25, 26, 27, 28, 29, 30, 31, 32, 33, 34, 35]


Ordinal Idx V2: None


Cat Dims V2 : []
Cat Idx V2 : None 
 

Train: [[1. 0. 1. 0. 0. 0. 0. 0. 1. 0. 0. 1. 0. 0. 0. 1. 0. 0. 0. 1. 0. 0. 0. 1.
  0. 0. 1. 0. 1. 0. 0. 1. 0. 0. 1. 0.]
 [1. 0. 1. 0. 0. 0. 0. 0. 1. 0. 0. 1. 0. 0. 0. 0. 1. 0. 0. 1. 0. 0. 0. 1.
  0. 0. 1. 0. 0. 1. 0. 1. 0. 0. 0. 1.]
 [1. 0. 1. 0. 0. 0. 0. 0. 1. 0. 0. 1. 0. 0. 0. 0. 0. 1. 0. 1. 0. 0. 0. 1.
  0. 0. 1. 0. 1. 0. 0. 1. 0. 0. 1. 0.]
 [1. 0. 1. 0. 0. 0. 0. 0. 1. 0. 0. 1. 0. 0. 0. 0. 0. 0. 1. 1. 0. 0. 0. 1.
  0. 0. 1. 0. 0. 1. 0. 1. 0. 0. 0. 1.]
 [1. 0. 1. 0. 0. 0. 0. 0. 1. 0. 0. 0. 1. 0. 0. 0. 1. 0. 0. 1. 0. 0. 0. 1.
  1. 0. 0. 0. 0. 1. 0. 0. 1. 0. 0. 1.]
 [1. 0. 1. 0. 0. 0. 0. 0. 1. 0. 0. 0. 1. 0. 0. 0. 0. 1. 0. 1. 0. 0. 0. 1.
  1. 0. 0. 0. 0. 1. 0. 0. 1. 0. 0. 1.]
 [1. 0. 1. 0. 0. 0. 0. 0. 1. 0. 0. 0. 1. 0. 0. 0. 0. 0. 1. 1. 0. 0. 0. 1.
  1. 0. 0. 0. 1. 0. 0. 0. 1. 0. 1. 0.]
 [1. 0. 1. 0. 0. 0. 0. 0. 1. 0. 0. 0. 0. 1. 0. 1. 0. 0. 0. 1. 0. 0. 0. 1.
  0. 1. 0. 0. 0. 1. 1. 0. 0. 0. 0. 1.]
 [1. 0. 1. 0. 0. 0. 0. 0. 1. 0. 0. 0. 0. 1. 0. 0. 0. 1. 0. 1. 0. 0. 0. 1.
  0. 1. 0. 0. 1. 0. 1. 0. 0. 0. 1. 0.]
 [1. 0. 1. 0. 0. 0. 0. 0. 1. 0. 0. 0. 0. 1. 0. 0. 0. 0. 1. 1. 0. 0. 0. 1.
  0. 1. 0. 0. 0. 1. 1. 0. 0. 0. 0. 1.]] 
 
 
Val : (461, 36) 
 

FINISHED ENCODING
~~~~~~~~~~~~~~~~~~~~~~~~~~~~~~~~~~~~~~~~~~~~~~~~~~~~~~~~~~~~~~~~~~~~~~~~~~~~~~~
Number of Classes B4 Bin Verifier: 7
Unique values in y_train: (array([0., 1., 2., 3., 4., 5.]), 6)
Unique values in y_test: (array([0., 1., 2., 3., 4., 5.]), 6)
WE ARE IN THE GUTTERS!!!!!
Final Train Labels Length: 6
Final Test Labels Length: 6
Final Num Classes: 6
Final Bin Labels: [0, 1, 2, 3, 4, 5]
VERIFY SHIFT
Train after shift : [0 1 2 3 4 5], Length : 6
Test after shift : [0 1 2 3 4 5], Length : 6
Number of Classes After Bin Verifier: 6
In get_device
Using dim 128 and batch size 128
{'depth': 1, 'dim': 128, 'dropout': 0, 'heads': 8}
Epoch 0 loss 1.6940362453460693
Epoch 1 loss 1.7063535451889038
Epoch 2 loss 1.729672908782959
Epoch 3 loss 1.7122882604599
Epoch 4 loss 1.6602979898452759
Epoch 5 loss 1.662065029144287
Epoch 6 loss 1.6668810844421387
Epoch 7 loss 1.688289761543274
Epoch 8 loss 1.6361325979232788
Epoch 9 loss 1.7216166257858276
Epoch 10 loss 1.630365252494812
Epoch 11 loss 1.6603989601135254
Epoch 12 loss 1.6545889377593994
Epoch 13 loss 1.6196554899215698
Epoch 14 loss 1.6802760362625122
Epoch 15 loss 1.6412901878356934
Epoch 16 loss 1.6848573684692383
Epoch 17 loss 1.6602438688278198
Epoch 18 loss 1.6811240911483765
Epoch 19 loss 1.6805611848831177
Epoch 20 loss 1.6691858768463135
Epoch 21 loss 1.6773676872253418
Epoch 22 loss 1.68355393409729
Epoch 23 loss 1.64725661277771
Epoch 24 loss 1.6922264099121094
Epoch 25 loss 1.7908689975738525
Epoch 26 loss 1.686533808708191
Epoch 27 loss 1.7710407972335815
Epoch 28 loss 1.764635682106018
Epoch 29 loss 1.7772072553634644
Epoch 30 loss 1.860994577407837
Epoch 31 loss 1.8879884481430054
Epoch 32 loss 2.0876808166503906
Epoch 33 loss 1.9370441436767578
Epoch 34 loss 2.1080479621887207
Validation loss has not improved for 20 steps!
Early stopping applies.
State of save is True b4 loss saving
Log file exists at: output/SAINT/Sensory/logging/loss_1.txt
File name : output/SAINT/Sensory/logging/loss_1.txt . The file was saved
Log file exists at: output/SAINT/Sensory/logging/val_loss_1.txt
File name : output/SAINT/Sensory/logging/val_loss_1.txt . The file was saved
Saved Losses and Regularization
±±±±±±±±±±±±±±±±±±±±±±±±±±±±±±±±±±±±±±±±±±±±±±±±±±±±±±±±±±±±±±±±±±±±±±±±±±± 

B4 Evaluation
Number of classes : 6
Class label len :6
Class labels : [0, 1, 2, 3, 4, 5]
Unique y_true : 6
Unique train : 6

Prediction shape : (115,)
Probabilities shape : (115, 6) 

±±±±±±±±±±±±±±±±±±±±±±±±±±±±±±±±±±±±±±±±±±±±±±±±±±±±±±±±±±±±±±±±±±±±±±±±±±± 

IN SCORER EVAL
y_true classes: 6
Probabilities shape: (115, 6)
DONE IN SCORER EVAL
After Evaluation
{'Log Loss - mean': 1.63945, 'Log Loss - std': 0.019789999999999974, 'AUC - mean': 0.6397131303373857, 'AUC - std': 0.025657573925588095, 'Accuracy - mean': 0.2684407796101949, 'Accuracy - std': 0.009820089955022482, 'F1 score - mean': 0.23339896506098362, 'F1 score - std': 0.014887819459616036} 
 

Fold 3
num_features : 11
num_classes : 1
cat_idx : [0]
nominal_idx : [0, 1, 2, 3, 4, 5, 6, 7, 8, 9, 10]
ordinal_idx : None
num_idx : None
cat_dims : [2]
bin_alt : None
~~~~~~~~~~~~~~~~~~~~~~~~~~~~~~~~~~~~~~~~~~~~~~~~~~~~~~~~~~~~~~~~~~~~~~~~~~~~~~~
BEFORE ANY ENCODING
num_features :11
num_classes : 1
cat_idx : [0]
nominal_idx : [0, 1, 2, 3, 4, 5, 6, 7, 8, 9, 10]
ordinal_idx : None
num_idx : None
cat_dims : [2]
bin_alt : None 


X shape : (461, 11)
~~~~~~~~~~~~~~~~~~~~~~~~~~~~~~~~~~~~~~~~~~~~~~~~~~~~~~~~~~~~~~~~~~~~~~~~~~~~~~~
~~~~~~~~~~~~~~~~~~~~~~~~~~~~~~~~~~~~~~~~~~~~~~~~~~~~~~~~~~~~~~~~~~~~~~~~~~~~~~~ 


AFTER SEPARATING CATEGORICALS AND NUMERICALS
Numerical Index V1 : []
Cat Dims V1 : []
Cat Idx V1 : [0, 1, 2, 3, 4, 5, 6, 7, 8, 9, 10] 
 

~~~~~~~~~~~~~~~~~~~~~~~~~~~~~~~~~~~~~~~~~~~~~~~~~~~~~~~~~~~~~~~~~~~~~~~~~~~~~~~ 


One Hot Encoding...
~~~~~~~~~~~~~~~~~~~~~~~~~~~~~~~~~~~~~~~~~~~~~~~~~~~~~~~~~~~~~~~~~~~~~~~~~~~~~~~
After OHE
Numerical Index V2 : [] 


OHE Idx : [0, 1, 2, 3, 4, 5, 6, 7, 8, 9, 10, 11, 12, 13, 14, 15, 16, 17, 18, 19, 20, 21, 22, 23, 24, 25, 26, 27, 28, 29, 30, 31, 32, 33, 34, 35]


Ordinal Idx V2: None


Cat Dims V2 : []
Cat Idx V2 : None 
 

Train: [[1. 0. 1. 0. 0.]
 [1. 0. 1. 0. 0.]
 [1. 0. 1. 0. 0.]
 [1. 0. 1. 0. 0.]
 [1. 0. 1. 0. 0.]
 [1. 0. 1. 0. 0.]
 [1. 0. 1. 0. 0.]
 [1. 0. 1. 0. 0.]
 [1. 0. 1. 0. 0.]
 [1. 0. 1. 0. 0.]] 
 
 
Val : (461, 36) 
 

~~~~~~~~~~~~~~~~~~~~~~~~~~~~~~~~~~~~~~~~~~~~~~~~~~~~~~~~~~~~~~~~~~~~~~~~~~~~~~~
~~~~~~~~~~~~~~~~~~~~~~~~~~~~~~~~~~~~~~~~~~~~~~~~~~~~~~~~~~~~~~~~~~~~~~~~~~~~~~~
After ORDINAL
Numerical Index V2 : [] 


OHE Idx : [0, 1, 2, 3, 4, 5, 6, 7, 8, 9, 10, 11, 12, 13, 14, 15, 16, 17, 18, 19, 20, 21, 22, 23, 24, 25, 26, 27, 28, 29, 30, 31, 32, 33, 34, 35]


Ordinal Idx V2: None


Cat Dims V2 : []
Cat Idx V2 : None 
 

Train: [[1. 0. 1. 0. 0. 0. 0. 0. 1. 0. 0. 1. 0. 0. 0. 1. 0. 0. 0. 1. 0. 0. 0. 1.
  0. 0. 1. 0. 1. 0. 0. 1. 0. 0. 1. 0.]
 [1. 0. 1. 0. 0. 0. 0. 0. 1. 0. 0. 1. 0. 0. 0. 0. 1. 0. 0. 1. 0. 0. 0. 1.
  0. 0. 1. 0. 0. 1. 0. 1. 0. 0. 0. 1.]
 [1. 0. 1. 0. 0. 0. 0. 0. 1. 0. 0. 1. 0. 0. 0. 0. 0. 1. 0. 1. 0. 0. 0. 1.
  0. 0. 1. 0. 1. 0. 0. 1. 0. 0. 1. 0.]
 [1. 0. 1. 0. 0. 0. 0. 0. 1. 0. 0. 1. 0. 0. 0. 0. 0. 0. 1. 1. 0. 0. 0. 1.
  0. 0. 1. 0. 0. 1. 0. 1. 0. 0. 0. 1.]
 [1. 0. 1. 0. 0. 0. 0. 0. 1. 0. 0. 0. 1. 0. 0. 1. 0. 0. 0. 1. 0. 0. 0. 1.
  1. 0. 0. 0. 1. 0. 0. 0. 1. 0. 1. 0.]
 [1. 0. 1. 0. 0. 0. 0. 0. 1. 0. 0. 0. 1. 0. 0. 0. 1. 0. 0. 1. 0. 0. 0. 1.
  1. 0. 0. 0. 0. 1. 0. 0. 1. 0. 0. 1.]
 [1. 0. 1. 0. 0. 0. 0. 0. 1. 0. 0. 0. 1. 0. 0. 0. 0. 1. 0. 1. 0. 0. 0. 1.
  1. 0. 0. 0. 0. 1. 0. 0. 1. 0. 0. 1.]
 [1. 0. 1. 0. 0. 0. 0. 0. 1. 0. 0. 0. 0. 1. 0. 0. 1. 0. 0. 1. 0. 0. 0. 1.
  0. 1. 0. 0. 1. 0. 1. 0. 0. 0. 1. 0.]
 [1. 0. 1. 0. 0. 0. 0. 0. 1. 0. 0. 0. 0. 1. 0. 0. 0. 1. 0. 1. 0. 0. 0. 1.
  0. 1. 0. 0. 1. 0. 1. 0. 0. 0. 1. 0.]
 [1. 0. 1. 0. 0. 0. 0. 0. 1. 0. 0. 0. 0. 1. 0. 0. 0. 0. 1. 1. 0. 0. 0. 1.
  0. 1. 0. 0. 0. 1. 1. 0. 0. 0. 0. 1.]] 
 
 
Val : (461, 36) 
 

FINISHED ENCODING
~~~~~~~~~~~~~~~~~~~~~~~~~~~~~~~~~~~~~~~~~~~~~~~~~~~~~~~~~~~~~~~~~~~~~~~~~~~~~~~
Number of Classes B4 Bin Verifier: 7
Unique values in y_train: (array([0., 1., 2., 3., 4., 5.]), 6)
Unique values in y_test: (array([0., 1., 2., 3., 4., 5.]), 6)
WE ARE IN THE GUTTERS!!!!!
Final Train Labels Length: 6
Final Test Labels Length: 6
Final Num Classes: 6
Final Bin Labels: [0, 1, 2, 3, 4, 5]
VERIFY SHIFT
Train after shift : [0 1 2 3 4 5], Length : 6
Test after shift : [0 1 2 3 4 5], Length : 6
Number of Classes After Bin Verifier: 6
In get_device
Using dim 128 and batch size 128
{'depth': 1, 'dim': 128, 'dropout': 0, 'heads': 8}
Epoch 0 loss 1.7022645473480225
Epoch 1 loss 1.760511040687561
Epoch 2 loss 1.7166204452514648
Epoch 3 loss 1.754386305809021
Epoch 4 loss 1.7147624492645264
Epoch 5 loss 1.7595176696777344
Epoch 6 loss 1.7272835969924927
Epoch 7 loss 1.7790471315383911
Epoch 8 loss 1.7750593423843384
Epoch 9 loss 1.8245569467544556
Epoch 10 loss 1.839599847793579
Epoch 11 loss 1.80645751953125
Epoch 12 loss 1.806073546409607
Epoch 13 loss 1.8725817203521729
Epoch 14 loss 1.8263607025146484
Epoch 15 loss 1.8349772691726685
Epoch 16 loss 1.8267756700515747
Epoch 17 loss 1.8257291316986084
Epoch 18 loss 1.8245465755462646
Epoch 19 loss 1.8388817310333252
Epoch 20 loss 1.8342230319976807
Epoch 21 loss 1.828210473060608
Validation loss has not improved for 20 steps!
Early stopping applies.
State of save is True b4 loss saving
Log file exists at: output/SAINT/Sensory/logging/loss_2.txt
File name : output/SAINT/Sensory/logging/loss_2.txt . The file was saved
Log file exists at: output/SAINT/Sensory/logging/val_loss_2.txt
File name : output/SAINT/Sensory/logging/val_loss_2.txt . The file was saved
Saved Losses and Regularization
±±±±±±±±±±±±±±±±±±±±±±±±±±±±±±±±±±±±±±±±±±±±±±±±±±±±±±±±±±±±±±±±±±±±±±±±±±± 

B4 Evaluation
Number of classes : 6
Class label len :6
Class labels : [0, 1, 2, 3, 4, 5]
Unique y_true : 6
Unique train : 6

Prediction shape : (115,)
Probabilities shape : (115, 6) 

±±±±±±±±±±±±±±±±±±±±±±±±±±±±±±±±±±±±±±±±±±±±±±±±±±±±±±±±±±±±±±±±±±±±±±±±±±± 

IN SCORER EVAL
y_true classes: 6
Probabilities shape: (115, 6)
DONE IN SCORER EVAL
After Evaluation
{'Log Loss - mean': 1.6603866666666667, 'Log Loss - std': 0.033731055259047106, 'AUC - mean': 0.6157076078755023, 'AUC - std': 0.03989240884972979, 'Accuracy - mean': 0.25432283858070964, 'Accuracy - std': 0.021515621355359515, 'F1 score - mean': 0.1990114095792375, 'F1 score - std': 0.050127564501596826} 
 

Fold 4
num_features : 11
num_classes : 1
cat_idx : [0]
nominal_idx : [0, 1, 2, 3, 4, 5, 6, 7, 8, 9, 10]
ordinal_idx : None
num_idx : None
cat_dims : [2]
bin_alt : None
~~~~~~~~~~~~~~~~~~~~~~~~~~~~~~~~~~~~~~~~~~~~~~~~~~~~~~~~~~~~~~~~~~~~~~~~~~~~~~~
BEFORE ANY ENCODING
num_features :11
num_classes : 1
cat_idx : [0]
nominal_idx : [0, 1, 2, 3, 4, 5, 6, 7, 8, 9, 10]
ordinal_idx : None
num_idx : None
cat_dims : [2]
bin_alt : None 


X shape : (461, 11)
~~~~~~~~~~~~~~~~~~~~~~~~~~~~~~~~~~~~~~~~~~~~~~~~~~~~~~~~~~~~~~~~~~~~~~~~~~~~~~~
~~~~~~~~~~~~~~~~~~~~~~~~~~~~~~~~~~~~~~~~~~~~~~~~~~~~~~~~~~~~~~~~~~~~~~~~~~~~~~~ 


AFTER SEPARATING CATEGORICALS AND NUMERICALS
Numerical Index V1 : []
Cat Dims V1 : []
Cat Idx V1 : [0, 1, 2, 3, 4, 5, 6, 7, 8, 9, 10] 
 

~~~~~~~~~~~~~~~~~~~~~~~~~~~~~~~~~~~~~~~~~~~~~~~~~~~~~~~~~~~~~~~~~~~~~~~~~~~~~~~ 


One Hot Encoding...
~~~~~~~~~~~~~~~~~~~~~~~~~~~~~~~~~~~~~~~~~~~~~~~~~~~~~~~~~~~~~~~~~~~~~~~~~~~~~~~
After OHE
Numerical Index V2 : [] 


OHE Idx : [0, 1, 2, 3, 4, 5, 6, 7, 8, 9, 10, 11, 12, 13, 14, 15, 16, 17, 18, 19, 20, 21, 22, 23, 24, 25, 26, 27, 28, 29, 30, 31, 32, 33, 34, 35]


Ordinal Idx V2: None


Cat Dims V2 : []
Cat Idx V2 : None 
 

Train: [[1. 0. 1. 0. 0.]
 [1. 0. 1. 0. 0.]
 [1. 0. 1. 0. 0.]
 [1. 0. 1. 0. 0.]
 [1. 0. 1. 0. 0.]
 [1. 0. 1. 0. 0.]
 [1. 0. 1. 0. 0.]
 [1. 0. 1. 0. 0.]
 [1. 0. 1. 0. 0.]
 [1. 0. 1. 0. 0.]] 
 
 
Val : (461, 36) 
 

~~~~~~~~~~~~~~~~~~~~~~~~~~~~~~~~~~~~~~~~~~~~~~~~~~~~~~~~~~~~~~~~~~~~~~~~~~~~~~~
~~~~~~~~~~~~~~~~~~~~~~~~~~~~~~~~~~~~~~~~~~~~~~~~~~~~~~~~~~~~~~~~~~~~~~~~~~~~~~~
After ORDINAL
Numerical Index V2 : [] 


OHE Idx : [0, 1, 2, 3, 4, 5, 6, 7, 8, 9, 10, 11, 12, 13, 14, 15, 16, 17, 18, 19, 20, 21, 22, 23, 24, 25, 26, 27, 28, 29, 30, 31, 32, 33, 34, 35]


Ordinal Idx V2: None


Cat Dims V2 : []
Cat Idx V2 : None 
 

Train: [[1. 0. 1. 0. 0. 0. 0. 0. 1. 0. 0. 1. 0. 0. 0. 0. 1. 0. 0. 1. 0. 0. 0. 1.
  0. 0. 1. 0. 0. 1. 0. 1. 0. 0. 0. 1.]
 [1. 0. 1. 0. 0. 0. 0. 0. 1. 0. 0. 1. 0. 0. 0. 0. 0. 0. 1. 1. 0. 0. 0. 1.
  0. 0. 1. 0. 0. 1. 0. 1. 0. 0. 0. 1.]
 [1. 0. 1. 0. 0. 0. 0. 0. 1. 0. 0. 0. 1. 0. 0. 1. 0. 0. 0. 1. 0. 0. 0. 1.
  1. 0. 0. 0. 1. 0. 0. 0. 1. 0. 1. 0.]
 [1. 0. 1. 0. 0. 0. 0. 0. 1. 0. 0. 0. 1. 0. 0. 0. 0. 0. 1. 1. 0. 0. 0. 1.
  1. 0. 0. 0. 1. 0. 0. 0. 1. 0. 1. 0.]
 [1. 0. 1. 0. 0. 0. 0. 0. 1. 0. 0. 0. 0. 1. 0. 1. 0. 0. 0. 1. 0. 0. 0. 1.
  0. 1. 0. 0. 0. 1. 1. 0. 0. 0. 0. 1.]
 [1. 0. 1. 0. 0. 0. 0. 0. 1. 0. 0. 0. 0. 1. 0. 0. 1. 0. 0. 1. 0. 0. 0. 1.
  0. 1. 0. 0. 1. 0. 1. 0. 0. 0. 1. 0.]
 [1. 0. 1. 0. 0. 0. 0. 0. 1. 0. 0. 0. 0. 1. 0. 0. 0. 1. 0. 1. 0. 0. 0. 1.
  0. 1. 0. 0. 1. 0. 1. 0. 0. 0. 1. 0.]
 [1. 0. 1. 0. 0. 0. 0. 0. 1. 0. 0. 0. 0. 1. 0. 0. 0. 0. 1. 1. 0. 0. 0. 1.
  0. 1. 0. 0. 0. 1. 1. 0. 0. 0. 0. 1.]
 [1. 0. 1. 0. 0. 0. 0. 0. 1. 0. 0. 0. 0. 0. 1. 1. 0. 0. 0. 1. 0. 0. 0. 1.
  0. 0. 0. 1. 0. 1. 0. 0. 0. 1. 0. 1.]
 [1. 0. 1. 0. 0. 0. 0. 0. 1. 0. 0. 0. 0. 0. 1. 0. 1. 0. 0. 1. 0. 0. 0. 1.
  0. 0. 0. 1. 0. 1. 0. 0. 0. 1. 0. 1.]] 
 
 
Val : (461, 36) 
 

FINISHED ENCODING
~~~~~~~~~~~~~~~~~~~~~~~~~~~~~~~~~~~~~~~~~~~~~~~~~~~~~~~~~~~~~~~~~~~~~~~~~~~~~~~
Number of Classes B4 Bin Verifier: 7
Unique values in y_train: (array([0., 1., 2., 3., 4., 5.]), 6)
Unique values in y_test: (array([0., 1., 2., 3., 4., 5.]), 6)
WE ARE IN THE GUTTERS!!!!!
Final Train Labels Length: 6
Final Test Labels Length: 6
Final Num Classes: 6
Final Bin Labels: [0, 1, 2, 3, 4, 5]
VERIFY SHIFT
Train after shift : [0 1 2 3 4 5], Length : 6
Test after shift : [0 1 2 3 4 5], Length : 6
Number of Classes After Bin Verifier: 6
In get_device
Using dim 128 and batch size 128
{'depth': 1, 'dim': 128, 'dropout': 0, 'heads': 8}
Epoch 0 loss 1.7432177066802979
Epoch 1 loss 1.7115514278411865
Epoch 2 loss 1.6897135972976685
Epoch 3 loss 1.694077968597412
Epoch 4 loss 1.68034827709198
Epoch 5 loss 1.694918155670166
Epoch 6 loss 1.7093733549118042
Epoch 7 loss 1.6977909803390503
Epoch 8 loss 1.7174791097640991
Epoch 9 loss 1.7198766469955444
Epoch 10 loss 1.7385984659194946
Epoch 11 loss 1.7503610849380493
Epoch 12 loss 1.7341221570968628
Epoch 13 loss 1.7139960527420044
Epoch 14 loss 1.700380802154541
Epoch 15 loss 1.7285270690917969
Epoch 16 loss 1.7035714387893677
Epoch 17 loss 1.7327159643173218
Epoch 18 loss 1.7381258010864258
Epoch 19 loss 1.7206474542617798
Epoch 20 loss 1.7392600774765015
Epoch 21 loss 1.739696979522705
Epoch 22 loss 1.7830173969268799
Epoch 23 loss 1.7958375215530396
Epoch 24 loss 1.8070893287658691
Epoch 25 loss 1.839821696281433
Validation loss has not improved for 20 steps!
Early stopping applies.
State of save is True b4 loss saving
Log file exists at: output/SAINT/Sensory/logging/loss_3.txt
File name : output/SAINT/Sensory/logging/loss_3.txt . The file was saved
Log file exists at: output/SAINT/Sensory/logging/val_loss_3.txt
File name : output/SAINT/Sensory/logging/val_loss_3.txt . The file was saved
Saved Losses and Regularization
±±±±±±±±±±±±±±±±±±±±±±±±±±±±±±±±±±±±±±±±±±±±±±±±±±±±±±±±±±±±±±±±±±±±±±±±±±± 

B4 Evaluation
Number of classes : 6
Class label len :6
Class labels : [0, 1, 2, 3, 4, 5]
Unique y_true : 6
Unique train : 6

Prediction shape : (115,)
Probabilities shape : (115, 6) 

±±±±±±±±±±±±±±±±±±±±±±±±±±±±±±±±±±±±±±±±±±±±±±±±±±±±±±±±±±±±±±±±±±±±±±±±±±± 

IN SCORER EVAL
y_true classes: 6
Probabilities shape: (115, 6)
DONE IN SCORER EVAL
After Evaluation
{'Log Loss - mean': 1.6653775, 'Log Loss - std': 0.030464131675627972, 'AUC - mean': 0.6074887110971054, 'AUC - std': 0.03736581332765722, 'Accuracy - mean': 0.25813343328335836, 'Accuracy - std': 0.019767482583626175, 'F1 score - mean': 0.197073567428224, 'F1 score - std': 0.04354130497301437} 
 

Fold 5
num_features : 11
num_classes : 1
cat_idx : [0]
nominal_idx : [0, 1, 2, 3, 4, 5, 6, 7, 8, 9, 10]
ordinal_idx : None
num_idx : None
cat_dims : [2]
bin_alt : None
~~~~~~~~~~~~~~~~~~~~~~~~~~~~~~~~~~~~~~~~~~~~~~~~~~~~~~~~~~~~~~~~~~~~~~~~~~~~~~~
BEFORE ANY ENCODING
num_features :11
num_classes : 1
cat_idx : [0]
nominal_idx : [0, 1, 2, 3, 4, 5, 6, 7, 8, 9, 10]
ordinal_idx : None
num_idx : None
cat_dims : [2]
bin_alt : None 


X shape : (461, 11)
~~~~~~~~~~~~~~~~~~~~~~~~~~~~~~~~~~~~~~~~~~~~~~~~~~~~~~~~~~~~~~~~~~~~~~~~~~~~~~~
~~~~~~~~~~~~~~~~~~~~~~~~~~~~~~~~~~~~~~~~~~~~~~~~~~~~~~~~~~~~~~~~~~~~~~~~~~~~~~~ 


AFTER SEPARATING CATEGORICALS AND NUMERICALS
Numerical Index V1 : []
Cat Dims V1 : []
Cat Idx V1 : [0, 1, 2, 3, 4, 5, 6, 7, 8, 9, 10] 
 

~~~~~~~~~~~~~~~~~~~~~~~~~~~~~~~~~~~~~~~~~~~~~~~~~~~~~~~~~~~~~~~~~~~~~~~~~~~~~~~ 


One Hot Encoding...
~~~~~~~~~~~~~~~~~~~~~~~~~~~~~~~~~~~~~~~~~~~~~~~~~~~~~~~~~~~~~~~~~~~~~~~~~~~~~~~
After OHE
Numerical Index V2 : [] 


OHE Idx : [0, 1, 2, 3, 4, 5, 6, 7, 8, 9, 10, 11, 12, 13, 14, 15, 16, 17, 18, 19, 20, 21, 22, 23, 24, 25, 26, 27, 28, 29, 30, 31, 32, 33, 34, 35]


Ordinal Idx V2: None


Cat Dims V2 : []
Cat Idx V2 : None 
 

Train: [[1. 0. 1. 0. 0.]
 [1. 0. 1. 0. 0.]
 [1. 0. 1. 0. 0.]
 [1. 0. 1. 0. 0.]
 [1. 0. 1. 0. 0.]
 [1. 0. 1. 0. 0.]
 [1. 0. 1. 0. 0.]
 [1. 0. 1. 0. 0.]
 [1. 0. 1. 0. 0.]
 [1. 0. 1. 0. 0.]] 
 
 
Val : (461, 36) 
 

~~~~~~~~~~~~~~~~~~~~~~~~~~~~~~~~~~~~~~~~~~~~~~~~~~~~~~~~~~~~~~~~~~~~~~~~~~~~~~~
~~~~~~~~~~~~~~~~~~~~~~~~~~~~~~~~~~~~~~~~~~~~~~~~~~~~~~~~~~~~~~~~~~~~~~~~~~~~~~~
After ORDINAL
Numerical Index V2 : [] 


OHE Idx : [0, 1, 2, 3, 4, 5, 6, 7, 8, 9, 10, 11, 12, 13, 14, 15, 16, 17, 18, 19, 20, 21, 22, 23, 24, 25, 26, 27, 28, 29, 30, 31, 32, 33, 34, 35]


Ordinal Idx V2: None


Cat Dims V2 : []
Cat Idx V2 : None 
 

Train: [[1. 0. 1. 0. 0. 0. 0. 0. 1. 0. 0. 1. 0. 0. 0. 1. 0. 0. 0. 1. 0. 0. 0. 1.
  0. 0. 1. 0. 1. 0. 0. 1. 0. 0. 1. 0.]
 [1. 0. 1. 0. 0. 0. 0. 0. 1. 0. 0. 1. 0. 0. 0. 0. 0. 1. 0. 1. 0. 0. 0. 1.
  0. 0. 1. 0. 1. 0. 0. 1. 0. 0. 1. 0.]
 [1. 0. 1. 0. 0. 0. 0. 0. 1. 0. 0. 1. 0. 0. 0. 0. 0. 0. 1. 1. 0. 0. 0. 1.
  0. 0. 1. 0. 0. 1. 0. 1. 0. 0. 0. 1.]
 [1. 0. 1. 0. 0. 0. 0. 0. 1. 0. 0. 0. 1. 0. 0. 1. 0. 0. 0. 1. 0. 0. 0. 1.
  1. 0. 0. 0. 1. 0. 0. 0. 1. 0. 1. 0.]
 [1. 0. 1. 0. 0. 0. 0. 0. 1. 0. 0. 0. 1. 0. 0. 0. 1. 0. 0. 1. 0. 0. 0. 1.
  1. 0. 0. 0. 0. 1. 0. 0. 1. 0. 0. 1.]
 [1. 0. 1. 0. 0. 0. 0. 0. 1. 0. 0. 0. 1. 0. 0. 0. 0. 1. 0. 1. 0. 0. 0. 1.
  1. 0. 0. 0. 0. 1. 0. 0. 1. 0. 0. 1.]
 [1. 0. 1. 0. 0. 0. 0. 0. 1. 0. 0. 0. 1. 0. 0. 0. 0. 0. 1. 1. 0. 0. 0. 1.
  1. 0. 0. 0. 1. 0. 0. 0. 1. 0. 1. 0.]
 [1. 0. 1. 0. 0. 0. 0. 0. 1. 0. 0. 0. 0. 1. 0. 1. 0. 0. 0. 1. 0. 0. 0. 1.
  0. 1. 0. 0. 0. 1. 1. 0. 0. 0. 0. 1.]
 [1. 0. 1. 0. 0. 0. 0. 0. 1. 0. 0. 0. 0. 1. 0. 0. 1. 0. 0. 1. 0. 0. 0. 1.
  0. 1. 0. 0. 1. 0. 1. 0. 0. 0. 1. 0.]
 [1. 0. 1. 0. 0. 0. 0. 0. 1. 0. 0. 0. 0. 1. 0. 0. 0. 0. 1. 1. 0. 0. 0. 1.
  0. 1. 0. 0. 0. 1. 1. 0. 0. 0. 0. 1.]] 
 
 
Val : (461, 36) 
 

FINISHED ENCODING
~~~~~~~~~~~~~~~~~~~~~~~~~~~~~~~~~~~~~~~~~~~~~~~~~~~~~~~~~~~~~~~~~~~~~~~~~~~~~~~
Number of Classes B4 Bin Verifier: 7
Unique values in y_train: (array([0., 1., 2., 3., 4., 5.]), 6)
Unique values in y_test: (array([0., 1., 2., 3., 4., 5.]), 6)
WE ARE IN THE GUTTERS!!!!!
Final Train Labels Length: 6
Final Test Labels Length: 6
Final Num Classes: 6
Final Bin Labels: [0, 1, 2, 3, 4, 5]
VERIFY SHIFT
Train after shift : [0 1 2 3 4 5], Length : 6
Test after shift : [0 1 2 3 4 5], Length : 6
Number of Classes After Bin Verifier: 6
In get_device
Using dim 128 and batch size 128
{'depth': 1, 'dim': 128, 'dropout': 0, 'heads': 8}
Epoch 0 loss 1.668915867805481
Epoch 1 loss 1.6827305555343628
Epoch 2 loss 1.6694867610931396
Epoch 3 loss 1.656054139137268
Epoch 4 loss 1.6463669538497925
Epoch 5 loss 1.662551760673523
Epoch 6 loss 1.6539088487625122
Epoch 7 loss 1.6934517621994019
Epoch 8 loss 1.6446521282196045
Epoch 9 loss 1.653853178024292
Epoch 10 loss 1.7119641304016113
Epoch 11 loss 1.6801484823226929
Epoch 12 loss 1.6837315559387207
Epoch 13 loss 1.7250899076461792
Epoch 14 loss 1.6953761577606201
Epoch 15 loss 1.699231505393982
Epoch 16 loss 1.7059532403945923
Epoch 17 loss 1.6823550462722778
Epoch 18 loss 1.692186951637268
Epoch 19 loss 1.7151321172714233
Epoch 20 loss 1.694271206855774
Epoch 21 loss 1.7194217443466187
Epoch 22 loss 1.7217047214508057
Epoch 23 loss 1.71188485622406
Epoch 24 loss 1.8033552169799805
Epoch 25 loss 1.738142967224121
Epoch 26 loss 1.7539997100830078
Epoch 27 loss 1.7716394662857056
Epoch 28 loss 1.828316330909729
Epoch 29 loss 1.8777538537979126
Validation loss has not improved for 20 steps!
Early stopping applies.
State of save is True b4 loss saving
Log file exists at: output/SAINT/Sensory/logging/loss_4.txt
File name : output/SAINT/Sensory/logging/loss_4.txt . The file was saved
Log file exists at: output/SAINT/Sensory/logging/val_loss_4.txt
File name : output/SAINT/Sensory/logging/val_loss_4.txt . The file was saved
Saved Losses and Regularization
±±±±±±±±±±±±±±±±±±±±±±±±±±±±±±±±±±±±±±±±±±±±±±±±±±±±±±±±±±±±±±±±±±±±±±±±±±± 

B4 Evaluation
Number of classes : 6
Class label len :6
Class labels : [0, 1, 2, 3, 4, 5]
Unique y_true : 6
Unique train : 6

Prediction shape : (115,)
Probabilities shape : (115, 6) 

±±±±±±±±±±±±±±±±±±±±±±±±±±±±±±±±±±±±±±±±±±±±±±±±±±±±±±±±±±±±±±±±±±±±±±±±±±± 

IN SCORER EVAL
y_true classes: 6
Probabilities shape: (115, 6)
DONE IN SCORER EVAL
After Evaluation
{'Log Loss - mean': 1.661232, 'Log Loss - std': 0.02848142089152155, 'AUC - mean': 0.6064914938492239, 'AUC - std': 0.03348045658989362, 'Accuracy - mean': 0.267376311844078, 'Accuracy - std': 0.025579794966105858, 'F1 score - mean': 0.21348204461690146, 'F1 score - std': 0.050927680936871986} 
 

Saving model.....
Results After CV: {'Log Loss - mean': 1.661232, 'Log Loss - std': 0.02848142089152155, 'AUC - mean': 0.6064914938492239, 'AUC - std': 0.03348045658989362, 'Accuracy - mean': 0.267376311844078, 'Accuracy - std': 0.025579794966105858, 'F1 score - mean': 0.21348204461690146, 'F1 score - std': 0.050927680936871986}
Train time: 56.7724451704
Inference time: 0.14821249579999857
Finished cross validation
Loss path :output/SAINT/Sensory/logging/
Plots saved successfully!
{'Log Loss - mean': 1.661232, 'Log Loss - std': 0.02848142089152155, 'AUC - mean': 0.6064914938492239, 'AUC - std': 0.03348045658989362, 'Accuracy - mean': 0.267376311844078, 'Accuracy - std': 0.025579794966105858, 'F1 score - mean': 0.21348204461690146, 'F1 score - std': 0.050927680936871986}
(56.7724451704, 0.14821249579999857)


----------------------------------------------------------------------------
Training VIME Vesion 1 with Dataset: config/socmob.yml 



----------------------------------------------------------------------------
Namespace(batch_size=128, bin_alt=None, cat_dims=[2], cat_idx=[0], config='config/socmob.yml', data_parallel=False, dataset='Socmob', direction='maximize', dropna_idx=None, early_stopping_rounds=20, epochs=100, frequency_reg=False, gpu_ids=[0, 1], logging_period=100, miss_cat_idx=None, miss_num_idx=None, model_name='SAINT', n_trials=100, nominal_idx=[0, 1, 2, 3], num_bins=10, num_classes=1, num_features=5, num_idx=None, num_splits=5, objective='probabilistic_regression', one_hot_encode=True, optimize_hyperparameters=False, ordinal_encode=False, ordinal_idx=None, scale=True, seed=221, shuffle=True, target_encode=False, use_gpu=True, val_batch_size=256, y_distribution='skewed')
Train model with given hyperparameters
Loading dataset Socmob...
Dataset loaded! 

(1156, 5)
I am in Main Once
In get_device
Using dim 64 and batch size 128
Almost Cross Validating
Fold 1
num_features : 5
num_classes : 1
cat_idx : [0]
nominal_idx : [0, 1, 2, 3]
ordinal_idx : None
num_idx : None
cat_dims : [2]
bin_alt : None
~~~~~~~~~~~~~~~~~~~~~~~~~~~~~~~~~~~~~~~~~~~~~~~~~~~~~~~~~~~~~~~~~~~~~~~~~~~~~~~
BEFORE ANY ENCODING
num_features :5
num_classes : 1
cat_idx : [0]
nominal_idx : [0, 1, 2, 3]
ordinal_idx : None
num_idx : None
cat_dims : [2]
bin_alt : None 


X shape : (924, 5)
~~~~~~~~~~~~~~~~~~~~~~~~~~~~~~~~~~~~~~~~~~~~~~~~~~~~~~~~~~~~~~~~~~~~~~~~~~~~~~~
~~~~~~~~~~~~~~~~~~~~~~~~~~~~~~~~~~~~~~~~~~~~~~~~~~~~~~~~~~~~~~~~~~~~~~~~~~~~~~~ 


AFTER SEPARATING CATEGORICALS AND NUMERICALS
Numerical Index V1 : [4]
Cat Dims V1 : []
Cat Idx V1 : [0, 1, 2, 3] 
 

~~~~~~~~~~~~~~~~~~~~~~~~~~~~~~~~~~~~~~~~~~~~~~~~~~~~~~~~~~~~~~~~~~~~~~~~~~~~~~~ 


Scaling the data...
One Hot Encoding...
~~~~~~~~~~~~~~~~~~~~~~~~~~~~~~~~~~~~~~~~~~~~~~~~~~~~~~~~~~~~~~~~~~~~~~~~~~~~~~~
After OHE
Numerical Index V2 : [4] 


OHE Idx : [0, 1, 2, 3, 4, 5, 6, 7, 8, 9, 10, 11, 12, 13, 14, 15, 16, 17, 18, 19, 20, 21, 22, 23, 24, 25, 26, 27, 28, 29, 30, 31, 32, 33, 34, 35, 36, 37]


Ordinal Idx V2: None


Cat Dims V2 : []
Cat Idx V2 : None 
 

Train: [[0.0 0.0 0.0 0.0 0.0]
 [0.0 0.0 0.0 0.0 0.0]
 [0.0 0.0 0.0 0.0 0.0]
 [0.0 0.0 0.0 0.0 0.0]
 [0.0 0.0 0.0 0.0 0.0]
 [0.0 0.0 0.0 0.0 0.0]
 [0.0 0.0 0.0 0.0 0.0]
 [0.0 0.0 0.0 0.0 0.0]
 [0.0 0.0 0.0 0.0 0.0]
 [0.0 0.0 0.0 0.0 0.0]] 
 
 
Val : (924, 39) 
 

~~~~~~~~~~~~~~~~~~~~~~~~~~~~~~~~~~~~~~~~~~~~~~~~~~~~~~~~~~~~~~~~~~~~~~~~~~~~~~~
~~~~~~~~~~~~~~~~~~~~~~~~~~~~~~~~~~~~~~~~~~~~~~~~~~~~~~~~~~~~~~~~~~~~~~~~~~~~~~~
After ORDINAL
Numerical Index V2 : [4] 


OHE Idx : [0, 1, 2, 3, 4, 5, 6, 7, 8, 9, 10, 11, 12, 13, 14, 15, 16, 17, 18, 19, 20, 21, 22, 23, 24, 25, 26, 27, 28, 29, 30, 31, 32, 33, 34, 35, 36, 37]


Ordinal Idx V2: None


Cat Dims V2 : []
Cat Idx V2 : None 
 

Train: [[0.0 0.0 0.0 0.0 0.0 0.0 0.0 0.0 0.0 0.0 0.0 0.0 1.0 0.0 0.0 0.0 0.0 0.0
  0.0 0.0 0.0 0.0 0.0 0.0 0.0 0.0 0.0 0.0 0.0 1.0 0.0 0.0 0.0 0.0 1.0 0.0
  0.0 1.0 0.1479241496870315]
 [0.0 0.0 0.0 0.0 0.0 0.0 0.0 0.0 0.0 0.0 0.0 0.0 1.0 0.0 0.0 0.0 0.0 0.0
  0.0 0.0 0.0 0.0 0.0 0.0 0.0 0.0 0.0 0.0 1.0 0.0 0.0 0.0 0.0 0.0 1.0 0.0
  0.0 1.0 1.944725440775985]
 [0.0 0.0 0.0 0.0 0.0 0.0 0.0 0.0 0.0 0.0 0.0 0.0 1.0 0.0 0.0 0.0 0.0 0.0
  0.0 0.0 0.0 0.0 0.0 0.0 0.0 1.0 0.0 0.0 0.0 0.0 0.0 0.0 0.0 0.0 1.0 0.0
  0.0 1.0 0.030261855045462985]
 [0.0 0.0 0.0 0.0 0.0 0.0 0.0 0.0 0.0 0.0 0.0 0.0 1.0 0.0 0.0 0.0 0.0 0.0
  0.0 0.0 0.0 0.0 0.0 0.0 0.0 0.0 0.0 0.0 0.0 0.0 1.0 0.0 0.0 0.0 1.0 0.0
  0.0 1.0 -0.34478670912453685]
 [0.0 0.0 0.0 0.0 0.0 0.0 0.0 0.0 0.0 0.0 0.0 0.0 1.0 0.0 0.0 0.0 0.0 1.0
  0.0 0.0 0.0 0.0 0.0 0.0 0.0 0.0 0.0 0.0 0.0 0.0 0.0 0.0 0.0 0.0 1.0 0.0
  0.0 1.0 0.13566766066186808]
 [0.0 0.0 0.0 0.0 0.0 0.0 0.0 0.0 0.0 0.0 0.0 0.0 1.0 0.0 0.0 0.0 0.0 0.0
  0.0 0.0 0.0 0.0 0.0 0.0 0.0 0.0 0.0 0.0 0.0 0.0 0.0 0.0 1.0 0.0 1.0 0.0
  0.0 1.0 -0.27369907277858924]
 [0.0 0.0 0.0 0.0 0.0 0.0 0.0 0.0 0.0 0.0 0.0 0.0 1.0 0.0 0.0 0.0 0.0 0.0
  1.0 0.0 0.0 0.0 0.0 0.0 0.0 0.0 0.0 0.0 0.0 0.0 0.0 0.0 0.0 0.0 1.0 0.0
  0.0 1.0 -0.24673479692322972]
 [0.0 0.0 0.0 0.0 0.0 0.0 0.0 0.0 0.0 0.0 0.0 0.0 1.0 0.0 0.0 0.0 0.0 0.0
  0.0 0.0 0.0 0.0 0.0 0.0 0.0 0.0 0.0 1.0 0.0 0.0 0.0 0.0 0.0 0.0 1.0 0.0
  0.0 1.0 -0.17809845838231475]
 [0.0 0.0 0.0 0.0 0.0 0.0 0.0 0.0 0.0 0.0 0.0 0.0 1.0 0.0 0.0 0.0 0.0 0.0
  0.0 0.0 0.0 0.0 0.0 0.0 0.0 0.0 1.0 0.0 0.0 0.0 0.0 0.0 0.0 0.0 1.0 0.0
  0.0 1.0 -0.2173192232628376]
 [0.0 0.0 0.0 0.0 0.0 0.0 0.0 0.0 0.0 0.0 0.0 0.0 1.0 0.0 0.0 0.0 0.0 0.0
  0.0 0.0 0.0 0.0 0.0 1.0 0.0 0.0 0.0 0.0 0.0 0.0 0.0 0.0 0.0 0.0 1.0 0.0
  0.0 1.0 -0.3545919003446676]] 
 
 
Val : (924, 39) 
 

FINISHED ENCODING
~~~~~~~~~~~~~~~~~~~~~~~~~~~~~~~~~~~~~~~~~~~~~~~~~~~~~~~~~~~~~~~~~~~~~~~~~~~~~~~
Number of Classes B4 Bin Verifier: 88
Unique values in y_train: (array([ 0.,  1.,  2.,  3.,  4.,  5.,  6.,  7.,  8.,  9., 10., 11., 12.,
       13., 14., 15., 16., 17., 18., 19., 20., 21., 22., 23., 24., 25.,
       26., 27., 28., 29., 30., 31., 32., 33., 34., 35., 36., 37., 38.,
       39., 40., 41., 42., 43., 44., 45., 46., 47., 48., 49., 50., 51.,
       52., 53., 54., 55., 56., 57., 58., 59., 60., 61., 62., 63., 64.,
       65., 66.]), 67)
Unique values in y_test: (array([ 0.,  1.,  2.,  3.,  4.,  5.,  6.,  7.,  8.,  9., 10., 11., 13.,
       14., 15., 17., 18., 19., 20., 21., 22., 23., 24., 25., 26., 27.,
       28., 30., 31., 32., 33., 35., 36., 37., 38., 39., 40., 41., 42.,
       43., 44., 45., 46., 47., 48., 49., 51., 52., 53., 54., 55., 56.,
       57., 58., 59., 60., 61., 62., 63., 64., 65., 66.]), 62)
WE ARE IN THE GUTTERS!!!!!
Final Train Labels Length: 67
Final Test Labels Length: 62
Final Num Classes: 67
Final Bin Labels: [0, 1, 2, 3, 4, 5, 6, 7, 8, 9, 10, 11, 12, 13, 14, 15, 16, 17, 18, 19, 20, 21, 22, 23, 24, 25, 26, 27, 28, 29, 30, 31, 32, 33, 34, 35, 36, 37, 38, 39, 40, 41, 42, 43, 44, 45, 46, 47, 48, 49, 50, 51, 52, 53, 54, 55, 56, 57, 58, 59, 60, 61, 62, 63, 64, 65, 66]
VERIFY SHIFT
Train after shift : [ 0  1  2  3  4  5  6  7  8  9 10 11 12 13 14 15 16 17 18 19 20 21 22 23
 24 25 26 27 28 29 30 31 32 33 34 35 36 37 38 39 40 41 42 43 44 45 46 47
 48 49 50 51 52 53 54 55 56 57 58 59 60 61 62 63 64 65 66], Length : 67
Test after shift : [ 0  1  2  3  4  5  6  7  8  9 10 11 13 14 15 17 18 19 20 21 22 23 24 25
 26 27 28 30 31 32 33 35 36 37 38 39 40 41 42 43 44 45 46 47 48 49 51 52
 53 54 55 56 57 58 59 60 61 62 63 64 65 66], Length : 62
Number of Classes After Bin Verifier: 67
In get_device
Using dim 64 and batch size 128
{'depth': 1, 'dim': 64, 'dropout': 0.2, 'heads': 2}
Epoch 0 loss 3.960465908050537
Epoch 1 loss 3.925142288208008
Epoch 2 loss 3.8656294345855713
Epoch 3 loss 3.8192615509033203
Epoch 4 loss 3.7906606197357178
Epoch 5 loss 3.743482828140259
Epoch 6 loss 3.6833972930908203
Epoch 7 loss 3.6497297286987305
Epoch 8 loss 3.579347848892212
Epoch 9 loss 3.529449462890625
Epoch 10 loss 3.517652988433838
Epoch 11 loss 3.426328420639038
Epoch 12 loss 3.405435085296631
Epoch 13 loss 3.370222330093384
Epoch 14 loss 3.3323512077331543
Epoch 15 loss 3.2628774642944336
Epoch 16 loss 3.2216739654541016
Epoch 17 loss 3.206402540206909
Epoch 18 loss 3.1400561332702637
Epoch 19 loss 3.1481542587280273
Epoch 20 loss 3.105276107788086
Epoch 21 loss 3.164213180541992
Epoch 22 loss 3.1333203315734863
Epoch 23 loss 3.0815927982330322
Epoch 24 loss 3.1624701023101807
Epoch 25 loss 3.1792924404144287
Epoch 26 loss 3.137301206588745
Epoch 27 loss 3.086049795150757
Epoch 28 loss 3.066993236541748
Epoch 29 loss 3.0891542434692383
Epoch 30 loss 3.113081455230713
Epoch 31 loss 3.111389636993408
Epoch 32 loss 3.1253132820129395
Epoch 33 loss 3.1458475589752197
Epoch 34 loss 3.1425154209136963
Epoch 35 loss 3.1935393810272217
Epoch 36 loss 3.226135015487671
Epoch 37 loss 3.1957194805145264
Epoch 38 loss 3.2161734104156494
Epoch 39 loss 3.2136688232421875
Epoch 40 loss 3.2973687648773193
Epoch 41 loss 3.2687978744506836
Epoch 42 loss 3.324211597442627
Epoch 43 loss 3.2941360473632812
Epoch 44 loss 3.4146854877471924
Epoch 45 loss 3.4446065425872803
Epoch 46 loss 3.4343903064727783
Epoch 47 loss 3.5200655460357666
Epoch 48 loss 3.399780035018921
Epoch 49 loss 3.4636282920837402
Validation loss has not improved for 20 steps!
Early stopping applies.
State of save is True b4 loss saving
Log file exists at: output/SAINT/Socmob/logging/loss_0.txt
File name : output/SAINT/Socmob/logging/loss_0.txt . The file was saved
Log file exists at: output/SAINT/Socmob/logging/val_loss_0.txt
File name : output/SAINT/Socmob/logging/val_loss_0.txt . The file was saved
Saved Losses and Regularization
±±±±±±±±±±±±±±±±±±±±±±±±±±±±±±±±±±±±±±±±±±±±±±±±±±±±±±±±±±±±±±±±±±±±±±±±±±± 

B4 Evaluation
Number of classes : 67
Class label len :67
Class labels : [0, 1, 2, 3, 4, 5, 6, 7, 8, 9, 10, 11, 12, 13, 14, 15, 16, 17, 18, 19, 20, 21, 22, 23, 24, 25, 26, 27, 28, 29, 30, 31, 32, 33, 34, 35, 36, 37, 38, 39, 40, 41, 42, 43, 44, 45, 46, 47, 48, 49, 50, 51, 52, 53, 54, 55, 56, 57, 58, 59, 60, 61, 62, 63, 64, 65, 66]
Unique y_true : 62
Unique train : 67

Prediction shape : (232,)
Probabilities shape : (232, 67) 

±±±±±±±±±±±±±±±±±±±±±±±±±±±±±±±±±±±±±±±±±±±±±±±±±±±±±±±±±±±±±±±±±±±±±±±±±±± 

IN SCORER EVAL
y_true classes: 62
Probabilities shape: (232, 67)
DONE IN SCORER EVAL
After Evaluation
{'Log Loss - mean': 3.06706, 'Log Loss - std': 0.0, 'AUC - mean': 0.8134501918405936, 'AUC - std': 0.0, 'Accuracy - mean': 0.22413793103448276, 'Accuracy - std': 0.0, 'F1 score - mean': 0.16120575897685696, 'F1 score - std': 0.0} 
 

Fold 2
num_features : 5
num_classes : 1
cat_idx : [0]
nominal_idx : [0, 1, 2, 3]
ordinal_idx : None
num_idx : None
cat_dims : [2]
bin_alt : None
~~~~~~~~~~~~~~~~~~~~~~~~~~~~~~~~~~~~~~~~~~~~~~~~~~~~~~~~~~~~~~~~~~~~~~~~~~~~~~~
BEFORE ANY ENCODING
num_features :5
num_classes : 1
cat_idx : [0]
nominal_idx : [0, 1, 2, 3]
ordinal_idx : None
num_idx : None
cat_dims : [2]
bin_alt : None 


X shape : (925, 5)
~~~~~~~~~~~~~~~~~~~~~~~~~~~~~~~~~~~~~~~~~~~~~~~~~~~~~~~~~~~~~~~~~~~~~~~~~~~~~~~
~~~~~~~~~~~~~~~~~~~~~~~~~~~~~~~~~~~~~~~~~~~~~~~~~~~~~~~~~~~~~~~~~~~~~~~~~~~~~~~ 


AFTER SEPARATING CATEGORICALS AND NUMERICALS
Numerical Index V1 : [4]
Cat Dims V1 : []
Cat Idx V1 : [0, 1, 2, 3] 
 

~~~~~~~~~~~~~~~~~~~~~~~~~~~~~~~~~~~~~~~~~~~~~~~~~~~~~~~~~~~~~~~~~~~~~~~~~~~~~~~ 


Scaling the data...
One Hot Encoding...
~~~~~~~~~~~~~~~~~~~~~~~~~~~~~~~~~~~~~~~~~~~~~~~~~~~~~~~~~~~~~~~~~~~~~~~~~~~~~~~
After OHE
Numerical Index V2 : [4] 


OHE Idx : [0, 1, 2, 3, 4, 5, 6, 7, 8, 9, 10, 11, 12, 13, 14, 15, 16, 17, 18, 19, 20, 21, 22, 23, 24, 25, 26, 27, 28, 29, 30, 31, 32, 33, 34, 35, 36, 37]


Ordinal Idx V2: None


Cat Dims V2 : []
Cat Idx V2 : None 
 

Train: [[0.0 0.0 0.0 0.0 0.0]
 [0.0 0.0 0.0 0.0 0.0]
 [0.0 0.0 0.0 0.0 0.0]
 [0.0 0.0 0.0 0.0 0.0]
 [0.0 0.0 0.0 0.0 0.0]
 [0.0 0.0 0.0 0.0 0.0]
 [0.0 0.0 0.0 0.0 0.0]
 [0.0 0.0 0.0 0.0 0.0]
 [0.0 0.0 0.0 0.0 0.0]
 [0.0 0.0 0.0 0.0 0.0]] 
 
 
Val : (925, 39) 
 

~~~~~~~~~~~~~~~~~~~~~~~~~~~~~~~~~~~~~~~~~~~~~~~~~~~~~~~~~~~~~~~~~~~~~~~~~~~~~~~
~~~~~~~~~~~~~~~~~~~~~~~~~~~~~~~~~~~~~~~~~~~~~~~~~~~~~~~~~~~~~~~~~~~~~~~~~~~~~~~
After ORDINAL
Numerical Index V2 : [4] 


OHE Idx : [0, 1, 2, 3, 4, 5, 6, 7, 8, 9, 10, 11, 12, 13, 14, 15, 16, 17, 18, 19, 20, 21, 22, 23, 24, 25, 26, 27, 28, 29, 30, 31, 32, 33, 34, 35, 36, 37]


Ordinal Idx V2: None


Cat Dims V2 : []
Cat Idx V2 : None 
 

Train: [[0.0 0.0 0.0 0.0 0.0 0.0 0.0 0.0 0.0 0.0 0.0 0.0 1.0 0.0 0.0 0.0 0.0 0.0
  0.0 0.0 0.0 0.0 0.0 0.0 0.0 0.0 0.0 0.0 0.0 1.0 0.0 0.0 0.0 0.0 1.0 0.0
  0.0 1.0 0.12247671780470655]
 [0.0 0.0 0.0 0.0 0.0 0.0 0.0 0.0 0.0 0.0 0.0 0.0 1.0 0.0 0.0 0.0 0.0 0.0
  0.0 0.0 0.0 0.0 0.0 0.0 0.0 0.0 0.0 0.0 1.0 0.0 0.0 0.0 0.0 0.0 1.0 0.0
  0.0 1.0 1.6994284190872018]
 [0.0 0.0 0.0 0.0 0.0 0.0 0.0 0.0 0.0 0.0 0.0 0.0 1.0 0.0 0.0 0.0 0.0 0.0
  0.0 0.0 0.0 0.0 0.0 0.0 0.0 1.0 0.0 0.0 0.0 0.0 0.0 0.0 0.0 0.0 1.0 0.0
  0.0 1.0 0.01921112208634404]
 [0.0 0.0 0.0 0.0 0.0 0.0 0.0 0.0 0.0 0.0 0.0 0.0 1.0 0.0 0.0 0.0 0.0 0.0
  0.0 0.0 0.0 0.0 0.0 0.0 0.0 0.0 0.0 0.0 0.0 0.0 0.0 1.0 0.0 0.0 1.0 0.0
  0.0 1.0 -0.17871460304051756]
 [0.0 0.0 0.0 0.0 0.0 0.0 0.0 0.0 0.0 0.0 0.0 0.0 1.0 0.0 0.0 0.0 0.0 0.0
  0.0 0.0 0.0 0.0 0.0 0.0 0.0 0.0 0.0 0.0 0.0 0.0 1.0 0.0 0.0 0.0 1.0 0.0
  0.0 1.0 -0.3099479642659366]
 [0.0 0.0 0.0 0.0 0.0 0.0 0.0 0.0 0.0 0.0 0.0 0.0 1.0 0.0 0.0 0.0 0.0 1.0
  0.0 0.0 0.0 0.0 0.0 0.0 0.0 0.0 0.0 0.0 0.0 0.0 0.0 0.0 0.0 0.0 1.0 0.0
  0.0 1.0 0.11171988491737711]
 [0.0 0.0 0.0 0.0 0.0 0.0 0.0 0.0 0.0 0.0 0.0 0.0 1.0 0.0 0.0 0.0 0.0 0.0
  0.0 0.0 0.0 0.0 0.0 0.0 0.0 0.0 0.0 0.0 0.0 0.0 0.0 0.0 1.0 0.0 1.0 0.0
  0.0 1.0 -0.24755833351942597]
 [0.0 0.0 0.0 0.0 0.0 0.0 0.0 0.0 0.0 0.0 0.0 0.0 1.0 0.0 0.0 0.0 0.0 0.0
  0.0 1.0 0.0 0.0 0.0 0.0 0.0 0.0 0.0 0.0 0.0 0.0 0.0 0.0 0.0 0.0 1.0 0.0
  0.0 1.0 -0.2066823685475741]
 [0.0 0.0 0.0 0.0 0.0 0.0 0.0 0.0 0.0 0.0 0.0 0.0 1.0 0.0 0.0 0.0 0.0 0.0
  0.0 0.0 1.0 0.0 0.0 0.0 0.0 0.0 0.0 0.0 0.0 0.0 0.0 0.0 0.0 0.0 1.0 0.0
  0.0 1.0 -0.22819603432223298]
 [0.0 0.0 0.0 0.0 0.0 0.0 0.0 0.0 0.0 0.0 0.0 0.0 1.0 0.0 0.0 0.0 0.0 0.0
  1.0 0.0 0.0 0.0 0.0 0.0 0.0 0.0 0.0 0.0 0.0 0.0 0.0 0.0 0.0 0.0 1.0 0.0
  0.0 1.0 -0.2238933011673012]] 
 
 
Val : (925, 39) 
 

FINISHED ENCODING
~~~~~~~~~~~~~~~~~~~~~~~~~~~~~~~~~~~~~~~~~~~~~~~~~~~~~~~~~~~~~~~~~~~~~~~~~~~~~~~
Number of Classes B4 Bin Verifier: 87
Unique values in y_train: (array([ 0.,  1.,  2.,  3.,  4.,  5.,  6.,  7.,  8.,  9., 10., 11., 12.,
       13., 14., 15., 16., 17., 18., 19., 20., 21., 22., 23., 24., 25.,
       26., 27., 28., 29., 30., 31., 32., 33., 34., 35., 36., 37., 38.,
       39., 40., 41., 42., 43., 44., 45., 46., 47., 48., 49., 50., 51.,
       52., 53., 54., 55., 56., 57., 58., 59., 60., 61., 62., 63., 64.,
       65.]), 66)
Unique values in y_test: (array([ 0.,  1.,  2.,  3.,  4.,  5.,  6.,  7.,  8.,  9., 10., 11., 12.,
       13., 15., 16., 17., 18., 19., 20., 21., 22., 23., 24., 25., 26.,
       28., 29., 31., 32., 33., 34., 35., 36., 37., 38., 39., 40., 41.,
       42., 43., 44., 45., 46., 47., 48., 49., 50., 51., 52., 53., 54.,
       55., 56., 57., 58., 59., 60., 61., 62., 63., 64., 65.]), 63)
WE ARE IN THE GUTTERS!!!!!
Final Train Labels Length: 66
Final Test Labels Length: 63
Final Num Classes: 66
Final Bin Labels: [0, 1, 2, 3, 4, 5, 6, 7, 8, 9, 10, 11, 12, 13, 14, 15, 16, 17, 18, 19, 20, 21, 22, 23, 24, 25, 26, 27, 28, 29, 30, 31, 32, 33, 34, 35, 36, 37, 38, 39, 40, 41, 42, 43, 44, 45, 46, 47, 48, 49, 50, 51, 52, 53, 54, 55, 56, 57, 58, 59, 60, 61, 62, 63, 64, 65]
VERIFY SHIFT
Train after shift : [ 0  1  2  3  4  5  6  7  8  9 10 11 12 13 14 15 16 17 18 19 20 21 22 23
 24 25 26 27 28 29 30 31 32 33 34 35 36 37 38 39 40 41 42 43 44 45 46 47
 48 49 50 51 52 53 54 55 56 57 58 59 60 61 62 63 64 65], Length : 66
Test after shift : [ 0  1  2  3  4  5  6  7  8  9 10 11 12 13 15 16 17 18 19 20 21 22 23 24
 25 26 28 29 31 32 33 34 35 36 37 38 39 40 41 42 43 44 45 46 47 48 49 50
 51 52 53 54 55 56 57 58 59 60 61 62 63 64 65], Length : 63
Number of Classes After Bin Verifier: 66
In get_device
Using dim 64 and batch size 128
{'depth': 1, 'dim': 64, 'dropout': 0.2, 'heads': 2}
Epoch 0 loss 3.921935796737671
Epoch 1 loss 3.872819423675537
Epoch 2 loss 3.828787088394165
Epoch 3 loss 3.797595977783203
Epoch 4 loss 3.7637691497802734
Epoch 5 loss 3.7205023765563965
Epoch 6 loss 3.6848831176757812
Epoch 7 loss 3.6194417476654053
Epoch 8 loss 3.575918197631836
Epoch 9 loss 3.5146172046661377
Epoch 10 loss 3.501088857650757
Epoch 11 loss 3.4279255867004395
Epoch 12 loss 3.3850347995758057
Epoch 13 loss 3.3262298107147217
Epoch 14 loss 3.316284656524658
Epoch 15 loss 3.280459403991699
Epoch 16 loss 3.2381186485290527
Epoch 17 loss 3.1860623359680176
Epoch 18 loss 3.180957794189453
Epoch 19 loss 3.1692841053009033
Epoch 20 loss 3.1806180477142334
Epoch 21 loss 3.1551718711853027
Epoch 22 loss 3.130286455154419
Epoch 23 loss 3.1682393550872803
Epoch 24 loss 3.1649584770202637
Epoch 25 loss 3.1255345344543457
Epoch 26 loss 3.1254587173461914
Epoch 27 loss 3.1497175693511963
Epoch 28 loss 3.1066391468048096
Epoch 29 loss 3.0945193767547607
Epoch 30 loss 3.1003224849700928
Epoch 31 loss 3.112644672393799
Epoch 32 loss 3.1259920597076416
Epoch 33 loss 3.1627278327941895
Epoch 34 loss 3.123413324356079
Epoch 35 loss 3.1372969150543213
Epoch 36 loss 3.135977029800415
Epoch 37 loss 3.21378755569458
Epoch 38 loss 3.17061710357666
Epoch 39 loss 3.215355396270752
Epoch 40 loss 3.21744704246521
Epoch 41 loss 3.301301956176758
Epoch 42 loss 3.2787225246429443
Epoch 43 loss 3.2933621406555176
Epoch 44 loss 3.339769124984741
Epoch 45 loss 3.3155879974365234
Epoch 46 loss 3.4048614501953125
Epoch 47 loss 3.427947521209717
Epoch 48 loss 3.3679795265197754
Epoch 49 loss 3.411106824874878
Epoch 50 loss 3.4319379329681396
Validation loss has not improved for 20 steps!
Early stopping applies.
State of save is True b4 loss saving
Log file exists at: output/SAINT/Socmob/logging/loss_1.txt
File name : output/SAINT/Socmob/logging/loss_1.txt . The file was saved
Log file exists at: output/SAINT/Socmob/logging/val_loss_1.txt
File name : output/SAINT/Socmob/logging/val_loss_1.txt . The file was saved
Saved Losses and Regularization
±±±±±±±±±±±±±±±±±±±±±±±±±±±±±±±±±±±±±±±±±±±±±±±±±±±±±±±±±±±±±±±±±±±±±±±±±±± 

B4 Evaluation
Number of classes : 66
Class label len :66
Class labels : [0, 1, 2, 3, 4, 5, 6, 7, 8, 9, 10, 11, 12, 13, 14, 15, 16, 17, 18, 19, 20, 21, 22, 23, 24, 25, 26, 27, 28, 29, 30, 31, 32, 33, 34, 35, 36, 37, 38, 39, 40, 41, 42, 43, 44, 45, 46, 47, 48, 49, 50, 51, 52, 53, 54, 55, 56, 57, 58, 59, 60, 61, 62, 63, 64, 65]
Unique y_true : 63
Unique train : 66

Prediction shape : (231,)
Probabilities shape : (231, 66) 

±±±±±±±±±±±±±±±±±±±±±±±±±±±±±±±±±±±±±±±±±±±±±±±±±±±±±±±±±±±±±±±±±±±±±±±±±±± 

IN SCORER EVAL
y_true classes: 63
Probabilities shape: (231, 66)
DONE IN SCORER EVAL
After Evaluation
{'Log Loss - mean': 3.080835, 'Log Loss - std': 0.01377499999999987, 'AUC - mean': 0.8098517751605595, 'AUC - std': 0.0035984166800341333, 'Accuracy - mean': 0.22245857590685175, 'Accuracy - std': 0.0016793551276309965, 'F1 score - mean': 0.15858727973196496, 'F1 score - std': 0.0026184792448920163} 
 

Fold 3
num_features : 5
num_classes : 1
cat_idx : [0]
nominal_idx : [0, 1, 2, 3]
ordinal_idx : None
num_idx : None
cat_dims : [2]
bin_alt : None
~~~~~~~~~~~~~~~~~~~~~~~~~~~~~~~~~~~~~~~~~~~~~~~~~~~~~~~~~~~~~~~~~~~~~~~~~~~~~~~
BEFORE ANY ENCODING
num_features :5
num_classes : 1
cat_idx : [0]
nominal_idx : [0, 1, 2, 3]
ordinal_idx : None
num_idx : None
cat_dims : [2]
bin_alt : None 


X shape : (925, 5)
~~~~~~~~~~~~~~~~~~~~~~~~~~~~~~~~~~~~~~~~~~~~~~~~~~~~~~~~~~~~~~~~~~~~~~~~~~~~~~~
~~~~~~~~~~~~~~~~~~~~~~~~~~~~~~~~~~~~~~~~~~~~~~~~~~~~~~~~~~~~~~~~~~~~~~~~~~~~~~~ 


AFTER SEPARATING CATEGORICALS AND NUMERICALS
Numerical Index V1 : [4]
Cat Dims V1 : []
Cat Idx V1 : [0, 1, 2, 3] 
 

~~~~~~~~~~~~~~~~~~~~~~~~~~~~~~~~~~~~~~~~~~~~~~~~~~~~~~~~~~~~~~~~~~~~~~~~~~~~~~~ 


Scaling the data...
One Hot Encoding...
~~~~~~~~~~~~~~~~~~~~~~~~~~~~~~~~~~~~~~~~~~~~~~~~~~~~~~~~~~~~~~~~~~~~~~~~~~~~~~~
After OHE
Numerical Index V2 : [4] 


OHE Idx : [0, 1, 2, 3, 4, 5, 6, 7, 8, 9, 10, 11, 12, 13, 14, 15, 16, 17, 18, 19, 20, 21, 22, 23, 24, 25, 26, 27, 28, 29, 30, 31, 32, 33, 34, 35, 36, 37]


Ordinal Idx V2: None


Cat Dims V2 : []
Cat Idx V2 : None 
 

Train: [[0.0 0.0 0.0 0.0 0.0]
 [0.0 0.0 0.0 0.0 0.0]
 [0.0 0.0 0.0 0.0 0.0]
 [0.0 0.0 0.0 0.0 0.0]
 [0.0 0.0 0.0 0.0 0.0]
 [0.0 0.0 0.0 0.0 0.0]
 [0.0 0.0 0.0 0.0 0.0]
 [0.0 0.0 0.0 0.0 0.0]
 [0.0 0.0 0.0 0.0 0.0]
 [0.0 0.0 0.0 0.0 0.0]] 
 
 
Val : (925, 39) 
 

~~~~~~~~~~~~~~~~~~~~~~~~~~~~~~~~~~~~~~~~~~~~~~~~~~~~~~~~~~~~~~~~~~~~~~~~~~~~~~~
~~~~~~~~~~~~~~~~~~~~~~~~~~~~~~~~~~~~~~~~~~~~~~~~~~~~~~~~~~~~~~~~~~~~~~~~~~~~~~~
After ORDINAL
Numerical Index V2 : [4] 


OHE Idx : [0, 1, 2, 3, 4, 5, 6, 7, 8, 9, 10, 11, 12, 13, 14, 15, 16, 17, 18, 19, 20, 21, 22, 23, 24, 25, 26, 27, 28, 29, 30, 31, 32, 33, 34, 35, 36, 37]


Ordinal Idx V2: None


Cat Dims V2 : []
Cat Idx V2 : None 
 

Train: [[0.0 0.0 0.0 0.0 0.0 0.0 0.0 0.0 0.0 0.0 0.0 0.0 1.0 0.0 0.0 0.0 0.0 0.0
  0.0 0.0 0.0 0.0 0.0 0.0 0.0 0.0 0.0 0.0 0.0 1.0 0.0 0.0 0.0 0.0 1.0 0.0
  0.0 1.0 0.13813816811230006]
 [0.0 0.0 0.0 0.0 0.0 0.0 0.0 0.0 0.0 0.0 0.0 0.0 1.0 0.0 0.0 0.0 0.0 0.0
  0.0 0.0 0.0 0.0 0.0 0.0 0.0 0.0 0.0 0.0 1.0 0.0 0.0 0.0 0.0 0.0 1.0 0.0
  0.0 1.0 1.8314926804939649]
 [0.0 0.0 0.0 0.0 0.0 0.0 0.0 0.0 0.0 0.0 0.0 0.0 1.0 0.0 0.0 0.0 0.0 0.0
  0.0 0.0 0.0 0.0 0.0 0.0 0.0 1.0 0.0 0.0 0.0 0.0 0.0 0.0 0.0 0.0 1.0 0.0
  0.0 1.0 0.027250014504769566]
 [0.0 0.0 0.0 0.0 0.0 0.0 0.0 0.0 0.0 0.0 0.0 0.0 1.0 0.0 0.0 0.0 0.0 0.0
  0.0 0.0 0.0 0.0 0.0 0.0 0.0 0.0 0.0 0.0 0.0 0.0 0.0 1.0 0.0 0.0 1.0 0.0
  0.0 1.0 -0.18528561324299736]
 [0.0 0.0 0.0 0.0 0.0 0.0 0.0 0.0 0.0 0.0 0.0 0.0 1.0 0.0 0.0 0.0 0.0 0.0
  0.0 0.0 0.0 0.0 0.0 0.0 0.0 0.0 0.0 0.0 0.0 0.0 1.0 0.0 0.0 0.0 1.0 0.0
  0.0 1.0 -0.3262059751192341]
 [0.0 0.0 0.0 0.0 0.0 0.0 0.0 0.0 0.0 0.0 0.0 0.0 1.0 0.0 0.0 0.0 0.0 1.0
  0.0 0.0 0.0 0.0 0.0 0.0 0.0 0.0 0.0 0.0 0.0 0.0 0.0 0.0 0.0 0.0 1.0 0.0
  0.0 1.0 0.1265873187781823]
 [0.0 0.0 0.0 0.0 0.0 0.0 0.0 0.0 0.0 0.0 0.0 0.0 1.0 0.0 0.0 0.0 0.0 0.0
  0.0 0.0 0.0 0.0 0.0 0.0 0.0 0.0 0.0 0.0 0.0 0.0 0.0 0.0 1.0 0.0 1.0 0.0
  0.0 1.0 -0.2592110489813511]
 [0.0 0.0 0.0 0.0 0.0 0.0 0.0 0.0 0.0 0.0 0.0 0.0 1.0 0.0 0.0 0.0 0.0 0.0
  0.0 1.0 0.0 0.0 0.0 0.0 0.0 0.0 0.0 0.0 0.0 0.0 0.0 0.0 0.0 0.0 1.0 0.0
  0.0 1.0 -0.2153178215117036]
 [0.0 0.0 0.0 0.0 0.0 0.0 0.0 0.0 0.0 0.0 0.0 0.0 1.0 0.0 0.0 0.0 0.0 0.0
  0.0 0.0 1.0 0.0 0.0 0.0 0.0 0.0 0.0 0.0 0.0 0.0 0.0 0.0 0.0 0.0 1.0 0.0
  0.0 1.0 -0.23841952017993912]
 [0.0 0.0 0.0 0.0 0.0 0.0 0.0 0.0 0.0 0.0 0.0 0.0 1.0 0.0 0.0 0.0 0.0 0.0
  0.0 0.0 0.0 0.0 0.0 0.0 0.0 0.0 0.0 0.0 0.0 0.0 0.0 0.0 0.0 1.0 1.0 0.0
  0.0 1.0 -0.30079410658417505]] 
 
 
Val : (925, 39) 
 

FINISHED ENCODING
~~~~~~~~~~~~~~~~~~~~~~~~~~~~~~~~~~~~~~~~~~~~~~~~~~~~~~~~~~~~~~~~~~~~~~~~~~~~~~~
Number of Classes B4 Bin Verifier: 76
Unique values in y_train: (array([ 0.,  1.,  2.,  3.,  4.,  5.,  6.,  7.,  8.,  9., 10., 11., 13.,
       14., 15., 16., 17., 18., 19., 20., 21., 22., 23., 24., 25., 26.,
       27., 28., 29., 30., 31., 32., 33., 34., 35., 36., 37., 38., 39.,
       40., 41., 42., 43., 44., 45., 46., 47., 48., 49., 50., 51., 52.,
       53., 54., 55., 56., 57., 58., 59., 60.]), 60)
Unique values in y_test: (array([ 0.,  1.,  2.,  3.,  4.,  5.,  6.,  7.,  8.,  9., 10., 11., 13.,
       14., 15., 16., 17., 18., 19., 20., 21., 22., 23., 24., 25., 26.,
       27., 28., 29., 30., 31., 32., 33., 34., 35., 37., 38., 39., 40.,
       41., 42., 45., 46., 48., 49., 50., 51., 52., 53., 54., 55., 56.,
       57., 59., 60.]), 55)
WE ARE IN THE GUTTERS!!!!!
Final Train Labels Length: 60
Final Test Labels Length: 55
Final Num Classes: 60
Final Bin Labels: [0, 1, 2, 3, 4, 5, 6, 7, 8, 9, 10, 11, 12, 13, 14, 15, 16, 17, 18, 19, 20, 21, 22, 23, 24, 25, 26, 27, 28, 29, 30, 31, 32, 33, 34, 35, 36, 37, 38, 39, 40, 41, 42, 43, 44, 45, 46, 47, 48, 49, 50, 51, 52, 53, 54, 55, 56, 57, 58, 59]
VERIFY SHIFT
Train after shift : [ 0  1  2  3  4  5  6  7  8  9 10 11 12 13 14 15 16 17 18 19 20 21 22 23
 24 25 26 27 28 29 30 31 32 33 34 35 36 37 38 39 40 41 42 43 44 45 46 47
 48 49 50 51 52 53 54 55 56 57 58 59], Length : 60
Test after shift : [ 0  1  2  3  4  5  6  7  8  9 10 11 12 13 14 15 16 17 18 19 20 21 22 23
 24 25 26 27 28 29 30 31 32 33 34 36 37 38 39 40 41 44 45 47 48 49 50 51
 52 53 54 55 56 58 59], Length : 55
Number of Classes After Bin Verifier: 60
In get_device
Using dim 64 and batch size 128
{'depth': 1, 'dim': 64, 'dropout': 0.2, 'heads': 2}
Epoch 0 loss 3.754267692565918
Epoch 1 loss 3.722531795501709
Epoch 2 loss 3.6800894737243652
Epoch 3 loss 3.6542985439300537
Epoch 4 loss 3.60121488571167
Epoch 5 loss 3.561558246612549
Epoch 6 loss 3.5267460346221924
Epoch 7 loss 3.464052677154541
Epoch 8 loss 3.4242708683013916
Epoch 9 loss 3.3492987155914307
Epoch 10 loss 3.281712055206299
Epoch 11 loss 3.2247121334075928
Epoch 12 loss 3.23172926902771
Epoch 13 loss 3.1419777870178223
Epoch 14 loss 3.095592737197876
Epoch 15 loss 3.100019693374634
Epoch 16 loss 3.0673770904541016
Epoch 17 loss 3.0094823837280273
Epoch 18 loss 3.001091957092285
Epoch 19 loss 2.974148988723755
Epoch 20 loss 2.979557991027832
Epoch 21 loss 3.0038275718688965
Epoch 22 loss 2.951616048812866
Epoch 23 loss 2.991361379623413
Epoch 24 loss 3.0345022678375244
Epoch 25 loss 2.8976128101348877
Epoch 26 loss 2.884944438934326
Epoch 27 loss 2.8700685501098633
Epoch 28 loss 2.844835042953491
Epoch 29 loss 2.8590235710144043
Epoch 30 loss 2.870762586593628
Epoch 31 loss 2.9128496646881104
Epoch 32 loss 2.882345676422119
Epoch 33 loss 2.9102988243103027
Epoch 34 loss 2.8297476768493652
Epoch 35 loss 2.8623995780944824
Epoch 36 loss 2.8695435523986816
Epoch 37 loss 2.9056193828582764
Epoch 38 loss 2.940659523010254
Epoch 39 loss 2.858344554901123
Epoch 40 loss 2.931046724319458
Epoch 41 loss 2.8752102851867676
Epoch 42 loss 2.9242756366729736
Epoch 43 loss 2.939875364303589
Epoch 44 loss 2.9733569622039795
Epoch 45 loss 2.951676368713379
Epoch 46 loss 3.039076089859009
Epoch 47 loss 3.003688097000122
Epoch 48 loss 3.0369551181793213
Epoch 49 loss 3.028296947479248
Epoch 50 loss 3.075392484664917
Epoch 51 loss 3.0979366302490234
Epoch 52 loss 3.083649158477783
Epoch 53 loss 3.1084907054901123
Epoch 54 loss 3.155451774597168
Epoch 55 loss 3.134342670440674
Validation loss has not improved for 20 steps!
Early stopping applies.
State of save is True b4 loss saving
Log file exists at: output/SAINT/Socmob/logging/loss_2.txt
File name : output/SAINT/Socmob/logging/loss_2.txt . The file was saved
Log file exists at: output/SAINT/Socmob/logging/val_loss_2.txt
File name : output/SAINT/Socmob/logging/val_loss_2.txt . The file was saved
Saved Losses and Regularization
±±±±±±±±±±±±±±±±±±±±±±±±±±±±±±±±±±±±±±±±±±±±±±±±±±±±±±±±±±±±±±±±±±±±±±±±±±± 

B4 Evaluation
Number of classes : 60
Class label len :60
Class labels : [0, 1, 2, 3, 4, 5, 6, 7, 8, 9, 10, 11, 12, 13, 14, 15, 16, 17, 18, 19, 20, 21, 22, 23, 24, 25, 26, 27, 28, 29, 30, 31, 32, 33, 34, 35, 36, 37, 38, 39, 40, 41, 42, 43, 44, 45, 46, 47, 48, 49, 50, 51, 52, 53, 54, 55, 56, 57, 58, 59]
Unique y_true : 55
Unique train : 60

Prediction shape : (231,)
Probabilities shape : (231, 60) 

±±±±±±±±±±±±±±±±±±±±±±±±±±±±±±±±±±±±±±±±±±±±±±±±±±±±±±±±±±±±±±±±±±±±±±±±±±± 

IN SCORER EVAL
y_true classes: 55
Probabilities shape: (231, 60)
DONE IN SCORER EVAL
After Evaluation
{'Log Loss - mean': 2.997176666666667, 'Log Loss - std': 0.1188441579922584, 'AUC - mean': 0.8143242251448962, 'AUC - std': 0.006974096318536057, 'Accuracy - mean': 0.23488580385132107, 'Accuracy - std': 0.017628163390743003, 'F1 score - mean': 0.17493856704013896, 'F1 score - std': 0.023222836798566564} 
 

Fold 4
num_features : 5
num_classes : 1
cat_idx : [0]
nominal_idx : [0, 1, 2, 3]
ordinal_idx : None
num_idx : None
cat_dims : [2]
bin_alt : None
~~~~~~~~~~~~~~~~~~~~~~~~~~~~~~~~~~~~~~~~~~~~~~~~~~~~~~~~~~~~~~~~~~~~~~~~~~~~~~~
BEFORE ANY ENCODING
num_features :5
num_classes : 1
cat_idx : [0]
nominal_idx : [0, 1, 2, 3]
ordinal_idx : None
num_idx : None
cat_dims : [2]
bin_alt : None 


X shape : (925, 5)
~~~~~~~~~~~~~~~~~~~~~~~~~~~~~~~~~~~~~~~~~~~~~~~~~~~~~~~~~~~~~~~~~~~~~~~~~~~~~~~
~~~~~~~~~~~~~~~~~~~~~~~~~~~~~~~~~~~~~~~~~~~~~~~~~~~~~~~~~~~~~~~~~~~~~~~~~~~~~~~ 


AFTER SEPARATING CATEGORICALS AND NUMERICALS
Numerical Index V1 : [4]
Cat Dims V1 : []
Cat Idx V1 : [0, 1, 2, 3] 
 

~~~~~~~~~~~~~~~~~~~~~~~~~~~~~~~~~~~~~~~~~~~~~~~~~~~~~~~~~~~~~~~~~~~~~~~~~~~~~~~ 


Scaling the data...
One Hot Encoding...
~~~~~~~~~~~~~~~~~~~~~~~~~~~~~~~~~~~~~~~~~~~~~~~~~~~~~~~~~~~~~~~~~~~~~~~~~~~~~~~
After OHE
Numerical Index V2 : [4] 


OHE Idx : [0, 1, 2, 3, 4, 5, 6, 7, 8, 9, 10, 11, 12, 13, 14, 15, 16, 17, 18, 19, 20, 21, 22, 23, 24, 25, 26, 27, 28, 29, 30, 31, 32, 33, 34, 35, 36, 37]


Ordinal Idx V2: None


Cat Dims V2 : []
Cat Idx V2 : None 
 

Train: [[0.0 0.0 0.0 0.0 0.0]
 [0.0 0.0 0.0 0.0 0.0]
 [0.0 0.0 0.0 0.0 0.0]
 [0.0 0.0 0.0 0.0 0.0]
 [0.0 0.0 0.0 0.0 0.0]
 [0.0 0.0 0.0 0.0 0.0]
 [0.0 0.0 0.0 0.0 0.0]
 [0.0 0.0 0.0 0.0 0.0]
 [0.0 0.0 0.0 0.0 0.0]
 [0.0 0.0 0.0 0.0 0.0]] 
 
 
Val : (925, 39) 
 

~~~~~~~~~~~~~~~~~~~~~~~~~~~~~~~~~~~~~~~~~~~~~~~~~~~~~~~~~~~~~~~~~~~~~~~~~~~~~~~
~~~~~~~~~~~~~~~~~~~~~~~~~~~~~~~~~~~~~~~~~~~~~~~~~~~~~~~~~~~~~~~~~~~~~~~~~~~~~~~
After ORDINAL
Numerical Index V2 : [4] 


OHE Idx : [0, 1, 2, 3, 4, 5, 6, 7, 8, 9, 10, 11, 12, 13, 14, 15, 16, 17, 18, 19, 20, 21, 22, 23, 24, 25, 26, 27, 28, 29, 30, 31, 32, 33, 34, 35, 36, 37]


Ordinal Idx V2: None


Cat Dims V2 : []
Cat Idx V2 : None 
 

Train: [[0.0 0.0 0.0 0.0 0.0 0.0 0.0 0.0 0.0 0.0 0.0 0.0 1.0 0.0 0.0 0.0 0.0 0.0
  0.0 0.0 0.0 0.0 0.0 0.0 0.0 0.0 0.0 0.0 0.0 1.0 0.0 0.0 0.0 0.0 1.0 0.0
  0.0 1.0 0.1465777323646361]
 [0.0 0.0 0.0 0.0 0.0 0.0 0.0 0.0 0.0 0.0 0.0 0.0 1.0 0.0 0.0 0.0 0.0 0.0
  0.0 0.0 0.0 0.0 0.0 0.0 0.0 0.0 0.0 0.0 1.0 0.0 0.0 0.0 0.0 0.0 1.0 0.0
  0.0 1.0 1.7813876906902784]
 [0.0 0.0 0.0 0.0 0.0 0.0 0.0 0.0 0.0 0.0 0.0 0.0 1.0 0.0 0.0 0.0 0.0 0.0
  0.0 0.0 0.0 0.0 0.0 0.0 0.0 1.0 0.0 0.0 0.0 0.0 0.0 0.0 0.0 0.0 1.0 0.0
  0.0 1.0 0.03952332854522165]
 [0.0 0.0 0.0 0.0 0.0 0.0 0.0 0.0 0.0 0.0 0.0 0.0 1.0 0.0 0.0 0.0 0.0 0.0
  0.0 0.0 0.0 0.0 0.0 0.0 0.0 0.0 0.0 0.0 0.0 0.0 0.0 1.0 0.0 0.0 1.0 0.0
  0.0 1.0 -0.16566427877532283]
 [0.0 0.0 0.0 0.0 0.0 0.0 0.0 0.0 0.0 0.0 0.0 0.0 1.0 0.0 0.0 0.0 0.0 1.0
  0.0 0.0 0.0 0.0 0.0 0.0 0.0 0.0 0.0 0.0 0.0 0.0 0.0 0.0 0.0 0.0 1.0 0.0
  0.0 1.0 0.1354262319667804]
 [0.0 0.0 0.0 0.0 0.0 0.0 0.0 0.0 0.0 0.0 0.0 0.0 1.0 0.0 0.0 0.0 0.0 0.0
  0.0 1.0 0.0 0.0 0.0 0.0 0.0 0.0 0.0 0.0 0.0 0.0 0.0 0.0 0.0 0.0 1.0 0.0
  0.0 1.0 -0.19465817980974762]
 [0.0 0.0 0.0 0.0 0.0 0.0 0.0 0.0 0.0 0.0 0.0 0.0 1.0 0.0 0.0 0.0 0.0 0.0
  0.0 0.0 1.0 0.0 0.0 0.0 0.0 0.0 0.0 0.0 0.0 0.0 0.0 0.0 0.0 0.0 1.0 0.0
  0.0 1.0 -0.21696118060545896]
 [0.0 0.0 0.0 0.0 0.0 0.0 0.0 0.0 0.0 0.0 0.0 0.0 1.0 0.0 0.0 0.0 0.0 0.0
  1.0 0.0 0.0 0.0 0.0 0.0 0.0 0.0 0.0 0.0 0.0 0.0 0.0 0.0 0.0 0.0 1.0 0.0
  0.0 1.0 -0.21250058044631667]
 [0.0 0.0 0.0 0.0 0.0 0.0 0.0 0.0 0.0 0.0 0.0 0.0 1.0 0.0 0.0 0.0 0.0 0.0
  0.0 0.0 0.0 0.0 0.0 0.0 0.0 0.0 0.0 0.0 0.0 0.0 0.0 0.0 0.0 1.0 1.0 0.0
  0.0 1.0 -0.2771792827538796]
 [0.0 0.0 0.0 0.0 0.0 0.0 0.0 0.0 0.0 0.0 0.0 0.0 1.0 0.0 0.0 0.0 0.0 0.0
  0.0 0.0 0.0 0.0 0.0 0.0 0.0 0.0 0.0 1.0 0.0 0.0 0.0 0.0 0.0 0.0 1.0 0.0
  0.0 1.0 -0.1500521782183249]] 
 
 
Val : (925, 39) 
 

FINISHED ENCODING
~~~~~~~~~~~~~~~~~~~~~~~~~~~~~~~~~~~~~~~~~~~~~~~~~~~~~~~~~~~~~~~~~~~~~~~~~~~~~~~
Number of Classes B4 Bin Verifier: 91
Unique values in y_train: (array([ 0.,  1.,  2.,  3.,  4.,  6.,  7.,  8.,  9., 10., 11., 12., 13.,
       14., 15., 16., 17., 18., 19., 20., 21., 22., 23., 24., 26., 27.,
       28., 29., 30., 31., 32., 33., 34., 35., 36., 37., 38., 39., 40.,
       41., 42., 43., 44., 45., 46., 47., 48., 49., 50., 51., 52., 53.,
       54., 55., 56., 57., 58., 59., 60., 61., 62., 63., 64., 65., 66.,
       67., 68.]), 67)
Unique values in y_test: (array([ 0.,  1.,  2.,  3.,  4.,  6.,  7.,  8.,  9., 10., 11., 12., 13.,
       14., 15., 17., 18., 19., 20., 21., 22., 23., 26., 27., 28., 29.,
       30., 31., 32., 33., 34., 35., 36., 37., 38., 39., 40., 41., 42.,
       43., 44., 45., 46., 48., 49., 50., 51., 52., 53., 54., 55., 56.,
       57., 58., 60., 61., 62., 63., 64., 65., 66., 67., 68.]), 63)
WE ARE IN THE GUTTERS!!!!!
Final Train Labels Length: 67
Final Test Labels Length: 63
Final Num Classes: 67
Final Bin Labels: [0, 1, 2, 3, 4, 5, 6, 7, 8, 9, 10, 11, 12, 13, 14, 15, 16, 17, 18, 19, 20, 21, 22, 23, 24, 25, 26, 27, 28, 29, 30, 31, 32, 33, 34, 35, 36, 37, 38, 39, 40, 41, 42, 43, 44, 45, 46, 47, 48, 49, 50, 51, 52, 53, 54, 55, 56, 57, 58, 59, 60, 61, 62, 63, 64, 65, 66]
VERIFY SHIFT
Train after shift : [ 0  1  2  3  4  5  6  7  8  9 10 11 12 13 14 15 16 17 18 19 20 21 22 23
 24 25 26 27 28 29 30 31 32 33 34 35 36 37 38 39 40 41 42 43 44 45 46 47
 48 49 50 51 52 53 54 55 56 57 58 59 60 61 62 63 64 65 66], Length : 67
Test after shift : [ 0  1  2  3  4  5  6  7  8  9 10 11 12 13 14 16 17 18 19 20 21 22 24 25
 26 27 28 29 30 31 32 33 34 35 36 37 38 39 40 41 42 43 44 46 47 48 49 50
 51 52 53 54 55 56 58 59 60 61 62 63 64 65 66], Length : 63
Number of Classes After Bin Verifier: 67
In get_device
Using dim 64 and batch size 128
{'depth': 1, 'dim': 64, 'dropout': 0.2, 'heads': 2}
Epoch 0 loss 4.007896900177002
Epoch 1 loss 3.9728481769561768
Epoch 2 loss 3.925096035003662
Epoch 3 loss 3.8907670974731445
Epoch 4 loss 3.8441057205200195
Epoch 5 loss 3.7879793643951416
Epoch 6 loss 3.7590250968933105
Epoch 7 loss 3.7250630855560303
Epoch 8 loss 3.704258441925049
Epoch 9 loss 3.642946720123291
Epoch 10 loss 3.5870940685272217
Epoch 11 loss 3.5200881958007812
Epoch 12 loss 3.470736265182495
Epoch 13 loss 3.394529342651367
Epoch 14 loss 3.375638723373413
Epoch 15 loss 3.3373968601226807
Epoch 16 loss 3.263040542602539
Epoch 17 loss 3.257261276245117
Epoch 18 loss 3.2081329822540283
Epoch 19 loss 3.2332863807678223
Epoch 20 loss 3.139791488647461
Epoch 21 loss 3.210298538208008
Epoch 22 loss 3.1594676971435547
Epoch 23 loss 3.1380648612976074
Epoch 24 loss 3.149784564971924
Epoch 25 loss 3.1162497997283936
Epoch 26 loss 3.1642892360687256
Epoch 27 loss 3.2359025478363037
Epoch 28 loss 3.1035513877868652
Epoch 29 loss 3.1594362258911133
Epoch 30 loss 3.1327202320098877
Epoch 31 loss 3.110175132751465
Epoch 32 loss 3.181422472000122
Epoch 33 loss 3.1644392013549805
Epoch 34 loss 3.1752095222473145
Epoch 35 loss 3.135468006134033
Epoch 36 loss 3.1484131813049316
Epoch 37 loss 3.1450066566467285
Epoch 38 loss 3.1639037132263184
Epoch 39 loss 3.2619545459747314
Epoch 40 loss 3.1855783462524414
Epoch 41 loss 3.2204856872558594
Epoch 42 loss 3.2163002490997314
Epoch 43 loss 3.2314260005950928
Epoch 44 loss 3.220607042312622
Epoch 45 loss 3.3367960453033447
Epoch 46 loss 3.3343698978424072
Epoch 47 loss 3.2722907066345215
Epoch 48 loss 3.2761130332946777
Epoch 49 loss 3.3729336261749268
Validation loss has not improved for 20 steps!
Early stopping applies.
State of save is True b4 loss saving
Log file exists at: output/SAINT/Socmob/logging/loss_3.txt
File name : output/SAINT/Socmob/logging/loss_3.txt . The file was saved
Log file exists at: output/SAINT/Socmob/logging/val_loss_3.txt
File name : output/SAINT/Socmob/logging/val_loss_3.txt . The file was saved
Saved Losses and Regularization
±±±±±±±±±±±±±±±±±±±±±±±±±±±±±±±±±±±±±±±±±±±±±±±±±±±±±±±±±±±±±±±±±±±±±±±±±±± 

B4 Evaluation
Number of classes : 67
Class label len :67
Class labels : [0, 1, 2, 3, 4, 5, 6, 7, 8, 9, 10, 11, 12, 13, 14, 15, 16, 17, 18, 19, 20, 21, 22, 23, 24, 25, 26, 27, 28, 29, 30, 31, 32, 33, 34, 35, 36, 37, 38, 39, 40, 41, 42, 43, 44, 45, 46, 47, 48, 49, 50, 51, 52, 53, 54, 55, 56, 57, 58, 59, 60, 61, 62, 63, 64, 65, 66]
Unique y_true : 63
Unique train : 67

Prediction shape : (231,)
Probabilities shape : (231, 67) 

±±±±±±±±±±±±±±±±±±±±±±±±±±±±±±±±±±±±±±±±±±±±±±±±±±±±±±±±±±±±±±±±±±±±±±±±±±± 

IN SCORER EVAL
y_true classes: 63
Probabilities shape: (231, 67)
DONE IN SCORER EVAL
After Evaluation
{'Log Loss - mean': 3.0237950000000002, 'Log Loss - std': 0.1127765818997898, 'AUC - mean': 0.8138029583359925, 'AUC - std': 0.006106854497477235, 'Accuracy - mean': 0.231359158083296, 'Accuracy - std': 0.01644310796405097, 'F1 score - mean': 0.17141554306380588, 'F1 score - std': 0.02101690285325352} 
 

Fold 5
num_features : 5
num_classes : 1
cat_idx : [0]
nominal_idx : [0, 1, 2, 3]
ordinal_idx : None
num_idx : None
cat_dims : [2]
bin_alt : None
~~~~~~~~~~~~~~~~~~~~~~~~~~~~~~~~~~~~~~~~~~~~~~~~~~~~~~~~~~~~~~~~~~~~~~~~~~~~~~~
BEFORE ANY ENCODING
num_features :5
num_classes : 1
cat_idx : [0]
nominal_idx : [0, 1, 2, 3]
ordinal_idx : None
num_idx : None
cat_dims : [2]
bin_alt : None 


X shape : (925, 5)
~~~~~~~~~~~~~~~~~~~~~~~~~~~~~~~~~~~~~~~~~~~~~~~~~~~~~~~~~~~~~~~~~~~~~~~~~~~~~~~
~~~~~~~~~~~~~~~~~~~~~~~~~~~~~~~~~~~~~~~~~~~~~~~~~~~~~~~~~~~~~~~~~~~~~~~~~~~~~~~ 


AFTER SEPARATING CATEGORICALS AND NUMERICALS
Numerical Index V1 : [4]
Cat Dims V1 : []
Cat Idx V1 : [0, 1, 2, 3] 
 

~~~~~~~~~~~~~~~~~~~~~~~~~~~~~~~~~~~~~~~~~~~~~~~~~~~~~~~~~~~~~~~~~~~~~~~~~~~~~~~ 


Scaling the data...
One Hot Encoding...
~~~~~~~~~~~~~~~~~~~~~~~~~~~~~~~~~~~~~~~~~~~~~~~~~~~~~~~~~~~~~~~~~~~~~~~~~~~~~~~
After OHE
Numerical Index V2 : [4] 


OHE Idx : [0, 1, 2, 3, 4, 5, 6, 7, 8, 9, 10, 11, 12, 13, 14, 15, 16, 17, 18, 19, 20, 21, 22, 23, 24, 25, 26, 27, 28, 29, 30, 31, 32, 33, 34, 35, 36, 37]


Ordinal Idx V2: None


Cat Dims V2 : []
Cat Idx V2 : None 
 

Train: [[0.0 0.0 0.0 0.0 0.0]
 [0.0 0.0 0.0 0.0 0.0]
 [0.0 0.0 0.0 0.0 0.0]
 [0.0 0.0 0.0 0.0 0.0]
 [0.0 0.0 0.0 0.0 0.0]
 [0.0 0.0 0.0 0.0 0.0]
 [0.0 0.0 0.0 0.0 0.0]
 [0.0 0.0 0.0 0.0 0.0]
 [0.0 0.0 0.0 0.0 0.0]
 [0.0 0.0 0.0 0.0 0.0]] 
 
 
Val : (925, 39) 
 

~~~~~~~~~~~~~~~~~~~~~~~~~~~~~~~~~~~~~~~~~~~~~~~~~~~~~~~~~~~~~~~~~~~~~~~~~~~~~~~
~~~~~~~~~~~~~~~~~~~~~~~~~~~~~~~~~~~~~~~~~~~~~~~~~~~~~~~~~~~~~~~~~~~~~~~~~~~~~~~
After ORDINAL
Numerical Index V2 : [4] 


OHE Idx : [0, 1, 2, 3, 4, 5, 6, 7, 8, 9, 10, 11, 12, 13, 14, 15, 16, 17, 18, 19, 20, 21, 22, 23, 24, 25, 26, 27, 28, 29, 30, 31, 32, 33, 34, 35, 36, 37]


Ordinal Idx V2: None


Cat Dims V2 : []
Cat Idx V2 : None 
 

Train: [[0.0 0.0 0.0 0.0 0.0 0.0 0.0 0.0 0.0 0.0 0.0 0.0 1.0 0.0 0.0 0.0 0.0 0.0
  0.0 0.0 0.0 0.0 0.0 0.0 0.0 0.0 0.0 0.0 0.0 0.0 0.0 1.0 0.0 0.0 1.0 0.0
  0.0 1.0 -0.18423956343471162]
 [0.0 0.0 0.0 0.0 0.0 0.0 0.0 0.0 0.0 0.0 0.0 0.0 1.0 0.0 0.0 0.0 0.0 0.0
  0.0 0.0 0.0 0.0 0.0 0.0 0.0 0.0 0.0 0.0 0.0 0.0 1.0 0.0 0.0 0.0 1.0 0.0
  0.0 1.0 -0.31672646689358047]
 [0.0 0.0 0.0 0.0 0.0 0.0 0.0 0.0 0.0 0.0 0.0 0.0 1.0 0.0 0.0 0.0 0.0 0.0
  0.0 0.0 0.0 0.0 0.0 0.0 0.0 0.0 0.0 0.0 0.0 0.0 0.0 0.0 1.0 0.0 1.0 0.0
  0.0 1.0 -0.25374088983936416]
 [0.0 0.0 0.0 0.0 0.0 0.0 0.0 0.0 0.0 0.0 0.0 0.0 1.0 0.0 0.0 0.0 0.0 0.0
  0.0 1.0 0.0 0.0 0.0 0.0 0.0 0.0 0.0 0.0 0.0 0.0 0.0 0.0 0.0 0.0 1.0 0.0
  0.0 1.0 -0.21247447728660174]
 [0.0 0.0 0.0 0.0 0.0 0.0 0.0 0.0 0.0 0.0 0.0 0.0 1.0 0.0 0.0 0.0 0.0 0.0
  0.0 0.0 1.0 0.0 0.0 0.0 0.0 0.0 0.0 0.0 0.0 0.0 0.0 0.0 0.0 0.0 1.0 0.0
  0.0 1.0 -0.23419364178805563]
 [0.0 0.0 0.0 0.0 0.0 0.0 0.0 0.0 0.0 0.0 0.0 0.0 1.0 0.0 0.0 0.0 0.0 0.0
  1.0 0.0 0.0 0.0 0.0 0.0 0.0 0.0 0.0 0.0 0.0 0.0 0.0 0.0 0.0 0.0 1.0 0.0
  0.0 1.0 -0.22984980888776482]
 [0.0 0.0 0.0 0.0 0.0 0.0 0.0 0.0 0.0 0.0 0.0 0.0 1.0 0.0 0.0 0.0 0.0 0.0
  0.0 0.0 0.0 0.0 0.0 0.0 0.0 0.0 0.0 0.0 0.0 0.0 0.0 0.0 0.0 1.0 1.0 0.0
  0.0 1.0 -0.29283538594198116]
 [0.0 0.0 0.0 0.0 0.0 0.0 0.0 0.0 0.0 0.0 0.0 0.0 1.0 0.0 0.0 0.0 0.0 0.0
  0.0 0.0 0.0 0.0 0.0 0.0 0.0 0.0 0.0 1.0 0.0 0.0 0.0 0.0 0.0 0.0 1.0 0.0
  0.0 1.0 -0.1690361482836939]
 [0.0 0.0 0.0 0.0 0.0 0.0 0.0 0.0 0.0 0.0 0.0 0.0 1.0 0.0 0.0 0.0 0.0 0.0
  0.0 0.0 0.0 0.0 0.0 0.0 0.0 0.0 1.0 0.0 0.0 0.0 0.0 0.0 0.0 0.0 1.0 0.0
  0.0 1.0 -0.20378681148602015]
 [0.0 0.0 0.0 0.0 0.0 0.0 0.0 0.0 0.0 0.0 0.0 0.0 1.0 0.0 0.0 0.0 0.0 0.0
  0.0 0.0 0.0 0.0 0.0 1.0 0.0 0.0 0.0 0.0 0.0 0.0 0.0 0.0 0.0 0.0 1.0 0.0
  0.0 1.0 -0.3254141326941621]] 
 
 
Val : (925, 39) 
 

FINISHED ENCODING
~~~~~~~~~~~~~~~~~~~~~~~~~~~~~~~~~~~~~~~~~~~~~~~~~~~~~~~~~~~~~~~~~~~~~~~~~~~~~~~
Number of Classes B4 Bin Verifier: 68
Unique values in y_train: (array([ 0.,  1.,  2.,  3.,  4.,  5.,  6.,  8.,  9., 10., 11., 12., 13.,
       14., 15., 16., 17., 18., 19., 20., 21., 22., 23., 24., 25., 26.,
       27., 28., 29., 30., 31., 32., 33., 34., 35., 36., 37., 38., 39.,
       40., 41., 42., 43., 44., 45., 46., 47., 48., 49., 50., 51., 52.,
       53., 54.]), 54)
Unique values in y_test: (array([ 0.,  2.,  3.,  4.,  5.,  6.,  8.,  9., 10., 11., 12., 13., 14.,
       15., 16., 18., 19., 20., 21., 22., 23., 24., 25., 26., 28., 29.,
       30., 31., 32., 33., 34., 35., 36., 37., 38., 40., 41., 42., 43.,
       44., 45., 46., 47., 48., 49., 50., 51., 52., 53., 54.]), 50)
WE ARE IN THE GUTTERS!!!!!
Final Train Labels Length: 54
Final Test Labels Length: 50
Final Num Classes: 54
Final Bin Labels: [0, 1, 2, 3, 4, 5, 6, 7, 8, 9, 10, 11, 12, 13, 14, 15, 16, 17, 18, 19, 20, 21, 22, 23, 24, 25, 26, 27, 28, 29, 30, 31, 32, 33, 34, 35, 36, 37, 38, 39, 40, 41, 42, 43, 44, 45, 46, 47, 48, 49, 50, 51, 52, 53]
VERIFY SHIFT
Train after shift : [ 0  1  2  3  4  5  6  7  8  9 10 11 12 13 14 15 16 17 18 19 20 21 22 23
 24 25 26 27 28 29 30 31 32 33 34 35 36 37 38 39 40 41 42 43 44 45 46 47
 48 49 50 51 52 53], Length : 54
Test after shift : [ 0  2  3  4  5  6  7  8  9 10 11 12 13 14 15 17 18 19 20 21 22 23 24 25
 27 28 29 30 31 32 33 34 35 36 37 39 40 41 42 43 44 45 46 47 48 49 50 51
 52 53], Length : 50
Number of Classes After Bin Verifier: 54
In get_device
Using dim 64 and batch size 128
{'depth': 1, 'dim': 64, 'dropout': 0.2, 'heads': 2}
Epoch 0 loss 3.5989065170288086
Epoch 1 loss 3.5161800384521484
Epoch 2 loss 3.4644086360931396
Epoch 3 loss 3.4156196117401123
Epoch 4 loss 3.345573902130127
Epoch 5 loss 3.2997772693634033
Epoch 6 loss 3.246457576751709
Epoch 7 loss 3.2198829650878906
Epoch 8 loss 3.1169705390930176
Epoch 9 loss 3.0659544467926025
Epoch 10 loss 3.0179545879364014
Epoch 11 loss 3.0236570835113525
Epoch 12 loss 2.9430994987487793
Epoch 13 loss 2.911400556564331
Epoch 14 loss 2.8876497745513916
Epoch 15 loss 2.868410587310791
Epoch 16 loss 2.8639721870422363
Epoch 17 loss 2.8069820404052734
Epoch 18 loss 2.795586585998535
Epoch 19 loss 2.763657569885254
Epoch 20 loss 2.9540460109710693
Epoch 21 loss 2.842285633087158
Epoch 22 loss 2.758665084838867
Epoch 23 loss 2.758152723312378
Epoch 24 loss 2.7718236446380615
Epoch 25 loss 2.790564775466919
Epoch 26 loss 2.7748050689697266
Epoch 27 loss 2.7618446350097656
Epoch 28 loss 2.7688117027282715
Epoch 29 loss 2.7513363361358643
Epoch 30 loss 2.7744998931884766
Epoch 31 loss 2.816162347793579
Epoch 32 loss 2.8793392181396484
Epoch 33 loss 2.854149341583252
Epoch 34 loss 2.890982151031494
Epoch 35 loss 2.8079304695129395
Epoch 36 loss 2.906334400177002
Epoch 37 loss 2.868483304977417
Epoch 38 loss 2.912212610244751
Epoch 39 loss 2.948343276977539
Epoch 40 loss 2.9536972045898438
Epoch 41 loss 2.9067747592926025
Epoch 42 loss 2.9011383056640625
Epoch 43 loss 2.9712493419647217
Epoch 44 loss 2.9678173065185547
Epoch 45 loss 2.995981216430664
Epoch 46 loss 2.9645543098449707
Epoch 47 loss 2.9776997566223145
Epoch 48 loss 3.0853464603424072
Epoch 49 loss 2.954664468765259
Epoch 50 loss 3.0479893684387207
Validation loss has not improved for 20 steps!
Early stopping applies.
State of save is True b4 loss saving
Log file exists at: output/SAINT/Socmob/logging/loss_4.txt
File name : output/SAINT/Socmob/logging/loss_4.txt . The file was saved
Log file exists at: output/SAINT/Socmob/logging/val_loss_4.txt
File name : output/SAINT/Socmob/logging/val_loss_4.txt . The file was saved
Saved Losses and Regularization
±±±±±±±±±±±±±±±±±±±±±±±±±±±±±±±±±±±±±±±±±±±±±±±±±±±±±±±±±±±±±±±±±±±±±±±±±±± 

B4 Evaluation
Number of classes : 54
Class label len :54
Class labels : [0, 1, 2, 3, 4, 5, 6, 7, 8, 9, 10, 11, 12, 13, 14, 15, 16, 17, 18, 19, 20, 21, 22, 23, 24, 25, 26, 27, 28, 29, 30, 31, 32, 33, 34, 35, 36, 37, 38, 39, 40, 41, 42, 43, 44, 45, 46, 47, 48, 49, 50, 51, 52, 53]
Unique y_true : 50
Unique train : 54

Prediction shape : (231,)
Probabilities shape : (231, 54) 

±±±±±±±±±±±±±±±±±±±±±±±±±±±±±±±±±±±±±±±±±±±±±±±±±±±±±±±±±±±±±±±±±±±±±±±±±±± 

IN SCORER EVAL
y_true classes: 50
Probabilities shape: (231, 54)
DONE IN SCORER EVAL
After Evaluation
{'Log Loss - mean': 2.9693220000000005, 'Log Loss - std': 0.1484724784463437, 'AUC - mean': 0.8119102934301419, 'AUC - std': 0.0066455744120460306, 'Accuracy - mean': 0.23876698014629047, 'Accuracy - std': 0.020875917955431336, 'F1 score - mean': 0.17601689181525762, 'F1 score - std': 0.02092983052402533} 
 

Saving model.....
Results After CV: {'Log Loss - mean': 2.9693220000000005, 'Log Loss - std': 0.1484724784463437, 'AUC - mean': 0.8119102934301419, 'AUC - std': 0.0066455744120460306, 'Accuracy - mean': 0.23876698014629047, 'Accuracy - std': 0.020875917955431336, 'F1 score - mean': 0.17601689181525762, 'F1 score - std': 0.02092983052402533}
Train time: 115.09936780979999
Inference time: 0.13684009479999587
Finished cross validation
Loss path :output/SAINT/Socmob/logging/
Plots saved successfully!
{'Log Loss - mean': 2.9693220000000005, 'Log Loss - std': 0.1484724784463437, 'AUC - mean': 0.8119102934301419, 'AUC - std': 0.0066455744120460306, 'Accuracy - mean': 0.23876698014629047, 'Accuracy - std': 0.020875917955431336, 'F1 score - mean': 0.17601689181525762, 'F1 score - std': 0.02092983052402533}
(115.09936780979999, 0.13684009479999587)
