[I 2025-05-11 02:14:04,482] A new study created in memory with name: FTTransformer_Diamonds_outer1
/home/mburu/anaconda3/envs/TabSurvey/lib/python3.8/site-packages/torch/nn/modules/loss.py:535: UserWarning: Using a target size (torch.Size([64])) that is different to the input size (torch.Size([64, 1])). This will likely lead to incorrect results due to broadcasting. Please ensure they have the same size.
  return F.mse_loss(input, target, reduction=self.reduction)
/home/mburu/Master_Thesis/master-thesis-da/DNN_Trial/models/rtdl_models.py:479: UserWarning: To copy construct from a tensor, it is recommended to use sourceTensor.clone().detach() or sourceTensor.clone().detach().requires_grad_(True), rather than torch.tensor(sourceTensor).
  X = torch.tensor(X, dtype=torch.float32).to(self.device)
/home/mburu/anaconda3/envs/TabSurvey/lib/python3.8/site-packages/torch/nn/modules/loss.py:535: UserWarning: Using a target size (torch.Size([4316])) that is different to the input size (torch.Size([4316, 1])). This will likely lead to incorrect results due to broadcasting. Please ensure they have the same size.
  return F.mse_loss(input, target, reduction=self.reduction)
/home/mburu/anaconda3/envs/TabSurvey/lib/python3.8/site-packages/torch/nn/modules/loss.py:535: UserWarning: Using a target size (torch.Size([44])) that is different to the input size (torch.Size([44, 1])). This will likely lead to incorrect results due to broadcasting. Please ensure they have the same size.
  return F.mse_loss(input, target, reduction=self.reduction)
/home/mburu/anaconda3/envs/TabSurvey/lib/python3.8/site-packages/torch/nn/modules/loss.py:535: UserWarning: Using a target size (torch.Size([64])) that is different to the input size (torch.Size([64, 1])). This will likely lead to incorrect results due to broadcasting. Please ensure they have the same size.
  return F.mse_loss(input, target, reduction=self.reduction)
/home/mburu/Master_Thesis/master-thesis-da/DNN_Trial/models/rtdl_models.py:479: UserWarning: To copy construct from a tensor, it is recommended to use sourceTensor.clone().detach() or sourceTensor.clone().detach().requires_grad_(True), rather than torch.tensor(sourceTensor).
  X = torch.tensor(X, dtype=torch.float32).to(self.device)
/home/mburu/anaconda3/envs/TabSurvey/lib/python3.8/site-packages/torch/nn/modules/loss.py:535: UserWarning: Using a target size (torch.Size([4315])) that is different to the input size (torch.Size([4315, 1])). This will likely lead to incorrect results due to broadcasting. Please ensure they have the same size.
  return F.mse_loss(input, target, reduction=self.reduction)
/home/mburu/anaconda3/envs/TabSurvey/lib/python3.8/site-packages/torch/nn/modules/loss.py:535: UserWarning: Using a target size (torch.Size([45])) that is different to the input size (torch.Size([45, 1])). This will likely lead to incorrect results due to broadcasting. Please ensure they have the same size.
  return F.mse_loss(input, target, reduction=self.reduction)
/home/mburu/anaconda3/envs/TabSurvey/lib/python3.8/site-packages/torch/nn/modules/loss.py:535: UserWarning: Using a target size (torch.Size([64])) that is different to the input size (torch.Size([64, 1])). This will likely lead to incorrect results due to broadcasting. Please ensure they have the same size.
  return F.mse_loss(input, target, reduction=self.reduction)
/home/mburu/Master_Thesis/master-thesis-da/DNN_Trial/models/rtdl_models.py:479: UserWarning: To copy construct from a tensor, it is recommended to use sourceTensor.clone().detach() or sourceTensor.clone().detach().requires_grad_(True), rather than torch.tensor(sourceTensor).
  X = torch.tensor(X, dtype=torch.float32).to(self.device)
/home/mburu/anaconda3/envs/TabSurvey/lib/python3.8/site-packages/torch/nn/modules/loss.py:535: UserWarning: Using a target size (torch.Size([4315])) that is different to the input size (torch.Size([4315, 1])). This will likely lead to incorrect results due to broadcasting. Please ensure they have the same size.
  return F.mse_loss(input, target, reduction=self.reduction)
/home/mburu/anaconda3/envs/TabSurvey/lib/python3.8/site-packages/torch/nn/modules/loss.py:535: UserWarning: Using a target size (torch.Size([45])) that is different to the input size (torch.Size([45, 1])). This will likely lead to incorrect results due to broadcasting. Please ensure they have the same size.
  return F.mse_loss(input, target, reduction=self.reduction)
/home/mburu/anaconda3/envs/TabSurvey/lib/python3.8/site-packages/torch/nn/modules/loss.py:535: UserWarning: Using a target size (torch.Size([64])) that is different to the input size (torch.Size([64, 1])). This will likely lead to incorrect results due to broadcasting. Please ensure they have the same size.
  return F.mse_loss(input, target, reduction=self.reduction)
/home/mburu/Master_Thesis/master-thesis-da/DNN_Trial/models/rtdl_models.py:479: UserWarning: To copy construct from a tensor, it is recommended to use sourceTensor.clone().detach() or sourceTensor.clone().detach().requires_grad_(True), rather than torch.tensor(sourceTensor).
  X = torch.tensor(X, dtype=torch.float32).to(self.device)
/home/mburu/anaconda3/envs/TabSurvey/lib/python3.8/site-packages/torch/nn/modules/loss.py:535: UserWarning: Using a target size (torch.Size([4315])) that is different to the input size (torch.Size([4315, 1])). This will likely lead to incorrect results due to broadcasting. Please ensure they have the same size.
  return F.mse_loss(input, target, reduction=self.reduction)
/home/mburu/anaconda3/envs/TabSurvey/lib/python3.8/site-packages/torch/nn/modules/loss.py:535: UserWarning: Using a target size (torch.Size([45])) that is different to the input size (torch.Size([45, 1])). This will likely lead to incorrect results due to broadcasting. Please ensure they have the same size.
  return F.mse_loss(input, target, reduction=self.reduction)
/home/mburu/anaconda3/envs/TabSurvey/lib/python3.8/site-packages/torch/nn/modules/loss.py:535: UserWarning: Using a target size (torch.Size([64])) that is different to the input size (torch.Size([64, 1])). This will likely lead to incorrect results due to broadcasting. Please ensure they have the same size.
  return F.mse_loss(input, target, reduction=self.reduction)
/home/mburu/Master_Thesis/master-thesis-da/DNN_Trial/models/rtdl_models.py:479: UserWarning: To copy construct from a tensor, it is recommended to use sourceTensor.clone().detach() or sourceTensor.clone().detach().requires_grad_(True), rather than torch.tensor(sourceTensor).
  X = torch.tensor(X, dtype=torch.float32).to(self.device)
/home/mburu/anaconda3/envs/TabSurvey/lib/python3.8/site-packages/torch/nn/modules/loss.py:535: UserWarning: Using a target size (torch.Size([4315])) that is different to the input size (torch.Size([4315, 1])). This will likely lead to incorrect results due to broadcasting. Please ensure they have the same size.
  return F.mse_loss(input, target, reduction=self.reduction)
/home/mburu/anaconda3/envs/TabSurvey/lib/python3.8/site-packages/torch/nn/modules/loss.py:535: UserWarning: Using a target size (torch.Size([45])) that is different to the input size (torch.Size([45, 1])). This will likely lead to incorrect results due to broadcasting. Please ensure they have the same size.
  return F.mse_loss(input, target, reduction=self.reduction)
[I 2025-05-11 02:14:54,903] Trial 0 finished with value: 31743334.668190945 and parameters: {'learning_rate': 0.00017670755986217898, 'weight_decay': 3.3954463074622255e-05}. Best is trial 0 with value: 31743334.668190945.
/home/mburu/anaconda3/envs/TabSurvey/lib/python3.8/site-packages/torch/nn/modules/loss.py:535: UserWarning: Using a target size (torch.Size([64])) that is different to the input size (torch.Size([64, 1])). This will likely lead to incorrect results due to broadcasting. Please ensure they have the same size.
  return F.mse_loss(input, target, reduction=self.reduction)
/home/mburu/Master_Thesis/master-thesis-da/DNN_Trial/models/rtdl_models.py:479: UserWarning: To copy construct from a tensor, it is recommended to use sourceTensor.clone().detach() or sourceTensor.clone().detach().requires_grad_(True), rather than torch.tensor(sourceTensor).
  X = torch.tensor(X, dtype=torch.float32).to(self.device)
/home/mburu/anaconda3/envs/TabSurvey/lib/python3.8/site-packages/torch/nn/modules/loss.py:535: UserWarning: Using a target size (torch.Size([4316])) that is different to the input size (torch.Size([4316, 1])). This will likely lead to incorrect results due to broadcasting. Please ensure they have the same size.
  return F.mse_loss(input, target, reduction=self.reduction)
/home/mburu/anaconda3/envs/TabSurvey/lib/python3.8/site-packages/torch/nn/modules/loss.py:535: UserWarning: Using a target size (torch.Size([44])) that is different to the input size (torch.Size([44, 1])). This will likely lead to incorrect results due to broadcasting. Please ensure they have the same size.
  return F.mse_loss(input, target, reduction=self.reduction)
/home/mburu/anaconda3/envs/TabSurvey/lib/python3.8/site-packages/torch/nn/modules/loss.py:535: UserWarning: Using a target size (torch.Size([64])) that is different to the input size (torch.Size([64, 1])). This will likely lead to incorrect results due to broadcasting. Please ensure they have the same size.
  return F.mse_loss(input, target, reduction=self.reduction)
/home/mburu/Master_Thesis/master-thesis-da/DNN_Trial/models/rtdl_models.py:479: UserWarning: To copy construct from a tensor, it is recommended to use sourceTensor.clone().detach() or sourceTensor.clone().detach().requires_grad_(True), rather than torch.tensor(sourceTensor).
  X = torch.tensor(X, dtype=torch.float32).to(self.device)
/home/mburu/anaconda3/envs/TabSurvey/lib/python3.8/site-packages/torch/nn/modules/loss.py:535: UserWarning: Using a target size (torch.Size([4315])) that is different to the input size (torch.Size([4315, 1])). This will likely lead to incorrect results due to broadcasting. Please ensure they have the same size.
  return F.mse_loss(input, target, reduction=self.reduction)
/home/mburu/anaconda3/envs/TabSurvey/lib/python3.8/site-packages/torch/nn/modules/loss.py:535: UserWarning: Using a target size (torch.Size([45])) that is different to the input size (torch.Size([45, 1])). This will likely lead to incorrect results due to broadcasting. Please ensure they have the same size.
  return F.mse_loss(input, target, reduction=self.reduction)
/home/mburu/anaconda3/envs/TabSurvey/lib/python3.8/site-packages/torch/nn/modules/loss.py:535: UserWarning: Using a target size (torch.Size([64])) that is different to the input size (torch.Size([64, 1])). This will likely lead to incorrect results due to broadcasting. Please ensure they have the same size.
  return F.mse_loss(input, target, reduction=self.reduction)
/home/mburu/Master_Thesis/master-thesis-da/DNN_Trial/models/rtdl_models.py:479: UserWarning: To copy construct from a tensor, it is recommended to use sourceTensor.clone().detach() or sourceTensor.clone().detach().requires_grad_(True), rather than torch.tensor(sourceTensor).
  X = torch.tensor(X, dtype=torch.float32).to(self.device)
/home/mburu/anaconda3/envs/TabSurvey/lib/python3.8/site-packages/torch/nn/modules/loss.py:535: UserWarning: Using a target size (torch.Size([4315])) that is different to the input size (torch.Size([4315, 1])). This will likely lead to incorrect results due to broadcasting. Please ensure they have the same size.
  return F.mse_loss(input, target, reduction=self.reduction)
/home/mburu/anaconda3/envs/TabSurvey/lib/python3.8/site-packages/torch/nn/modules/loss.py:535: UserWarning: Using a target size (torch.Size([45])) that is different to the input size (torch.Size([45, 1])). This will likely lead to incorrect results due to broadcasting. Please ensure they have the same size.
  return F.mse_loss(input, target, reduction=self.reduction)
/home/mburu/anaconda3/envs/TabSurvey/lib/python3.8/site-packages/torch/nn/modules/loss.py:535: UserWarning: Using a target size (torch.Size([64])) that is different to the input size (torch.Size([64, 1])). This will likely lead to incorrect results due to broadcasting. Please ensure they have the same size.
  return F.mse_loss(input, target, reduction=self.reduction)
/home/mburu/Master_Thesis/master-thesis-da/DNN_Trial/models/rtdl_models.py:479: UserWarning: To copy construct from a tensor, it is recommended to use sourceTensor.clone().detach() or sourceTensor.clone().detach().requires_grad_(True), rather than torch.tensor(sourceTensor).
  X = torch.tensor(X, dtype=torch.float32).to(self.device)
/home/mburu/anaconda3/envs/TabSurvey/lib/python3.8/site-packages/torch/nn/modules/loss.py:535: UserWarning: Using a target size (torch.Size([4315])) that is different to the input size (torch.Size([4315, 1])). This will likely lead to incorrect results due to broadcasting. Please ensure they have the same size.
  return F.mse_loss(input, target, reduction=self.reduction)
/home/mburu/anaconda3/envs/TabSurvey/lib/python3.8/site-packages/torch/nn/modules/loss.py:535: UserWarning: Using a target size (torch.Size([45])) that is different to the input size (torch.Size([45, 1])). This will likely lead to incorrect results due to broadcasting. Please ensure they have the same size.
  return F.mse_loss(input, target, reduction=self.reduction)
/home/mburu/anaconda3/envs/TabSurvey/lib/python3.8/site-packages/torch/nn/modules/loss.py:535: UserWarning: Using a target size (torch.Size([64])) that is different to the input size (torch.Size([64, 1])). This will likely lead to incorrect results due to broadcasting. Please ensure they have the same size.
  return F.mse_loss(input, target, reduction=self.reduction)
/home/mburu/Master_Thesis/master-thesis-da/DNN_Trial/models/rtdl_models.py:479: UserWarning: To copy construct from a tensor, it is recommended to use sourceTensor.clone().detach() or sourceTensor.clone().detach().requires_grad_(True), rather than torch.tensor(sourceTensor).
  X = torch.tensor(X, dtype=torch.float32).to(self.device)
/home/mburu/anaconda3/envs/TabSurvey/lib/python3.8/site-packages/torch/nn/modules/loss.py:535: UserWarning: Using a target size (torch.Size([4315])) that is different to the input size (torch.Size([4315, 1])). This will likely lead to incorrect results due to broadcasting. Please ensure they have the same size.
  return F.mse_loss(input, target, reduction=self.reduction)
/home/mburu/anaconda3/envs/TabSurvey/lib/python3.8/site-packages/torch/nn/modules/loss.py:535: UserWarning: Using a target size (torch.Size([45])) that is different to the input size (torch.Size([45, 1])). This will likely lead to incorrect results due to broadcasting. Please ensure they have the same size.
  return F.mse_loss(input, target, reduction=self.reduction)
[I 2025-05-11 02:15:43,054] Trial 1 finished with value: 31777109.174444567 and parameters: {'learning_rate': 2.264163842655334e-05, 'weight_decay': 3.9636520349229924e-06}. Best is trial 0 with value: 31743334.668190945.
/home/mburu/anaconda3/envs/TabSurvey/lib/python3.8/site-packages/torch/nn/modules/loss.py:535: UserWarning: Using a target size (torch.Size([64])) that is different to the input size (torch.Size([64, 1])). This will likely lead to incorrect results due to broadcasting. Please ensure they have the same size.
  return F.mse_loss(input, target, reduction=self.reduction)
/home/mburu/Master_Thesis/master-thesis-da/DNN_Trial/models/rtdl_models.py:479: UserWarning: To copy construct from a tensor, it is recommended to use sourceTensor.clone().detach() or sourceTensor.clone().detach().requires_grad_(True), rather than torch.tensor(sourceTensor).
  X = torch.tensor(X, dtype=torch.float32).to(self.device)
/home/mburu/anaconda3/envs/TabSurvey/lib/python3.8/site-packages/torch/nn/modules/loss.py:535: UserWarning: Using a target size (torch.Size([4316])) that is different to the input size (torch.Size([4316, 1])). This will likely lead to incorrect results due to broadcasting. Please ensure they have the same size.
  return F.mse_loss(input, target, reduction=self.reduction)
/home/mburu/anaconda3/envs/TabSurvey/lib/python3.8/site-packages/torch/nn/modules/loss.py:535: UserWarning: Using a target size (torch.Size([44])) that is different to the input size (torch.Size([44, 1])). This will likely lead to incorrect results due to broadcasting. Please ensure they have the same size.
  return F.mse_loss(input, target, reduction=self.reduction)
/home/mburu/anaconda3/envs/TabSurvey/lib/python3.8/site-packages/torch/nn/modules/loss.py:535: UserWarning: Using a target size (torch.Size([64])) that is different to the input size (torch.Size([64, 1])). This will likely lead to incorrect results due to broadcasting. Please ensure they have the same size.
  return F.mse_loss(input, target, reduction=self.reduction)
/home/mburu/Master_Thesis/master-thesis-da/DNN_Trial/models/rtdl_models.py:479: UserWarning: To copy construct from a tensor, it is recommended to use sourceTensor.clone().detach() or sourceTensor.clone().detach().requires_grad_(True), rather than torch.tensor(sourceTensor).
  X = torch.tensor(X, dtype=torch.float32).to(self.device)
/home/mburu/anaconda3/envs/TabSurvey/lib/python3.8/site-packages/torch/nn/modules/loss.py:535: UserWarning: Using a target size (torch.Size([4315])) that is different to the input size (torch.Size([4315, 1])). This will likely lead to incorrect results due to broadcasting. Please ensure they have the same size.
  return F.mse_loss(input, target, reduction=self.reduction)
/home/mburu/anaconda3/envs/TabSurvey/lib/python3.8/site-packages/torch/nn/modules/loss.py:535: UserWarning: Using a target size (torch.Size([45])) that is different to the input size (torch.Size([45, 1])). This will likely lead to incorrect results due to broadcasting. Please ensure they have the same size.
  return F.mse_loss(input, target, reduction=self.reduction)
/home/mburu/anaconda3/envs/TabSurvey/lib/python3.8/site-packages/torch/nn/modules/loss.py:535: UserWarning: Using a target size (torch.Size([64])) that is different to the input size (torch.Size([64, 1])). This will likely lead to incorrect results due to broadcasting. Please ensure they have the same size.
  return F.mse_loss(input, target, reduction=self.reduction)
/home/mburu/Master_Thesis/master-thesis-da/DNN_Trial/models/rtdl_models.py:479: UserWarning: To copy construct from a tensor, it is recommended to use sourceTensor.clone().detach() or sourceTensor.clone().detach().requires_grad_(True), rather than torch.tensor(sourceTensor).
  X = torch.tensor(X, dtype=torch.float32).to(self.device)
/home/mburu/anaconda3/envs/TabSurvey/lib/python3.8/site-packages/torch/nn/modules/loss.py:535: UserWarning: Using a target size (torch.Size([4315])) that is different to the input size (torch.Size([4315, 1])). This will likely lead to incorrect results due to broadcasting. Please ensure they have the same size.
  return F.mse_loss(input, target, reduction=self.reduction)
/home/mburu/anaconda3/envs/TabSurvey/lib/python3.8/site-packages/torch/nn/modules/loss.py:535: UserWarning: Using a target size (torch.Size([45])) that is different to the input size (torch.Size([45, 1])). This will likely lead to incorrect results due to broadcasting. Please ensure they have the same size.
  return F.mse_loss(input, target, reduction=self.reduction)
/home/mburu/anaconda3/envs/TabSurvey/lib/python3.8/site-packages/torch/nn/modules/loss.py:535: UserWarning: Using a target size (torch.Size([64])) that is different to the input size (torch.Size([64, 1])). This will likely lead to incorrect results due to broadcasting. Please ensure they have the same size.
  return F.mse_loss(input, target, reduction=self.reduction)
/home/mburu/Master_Thesis/master-thesis-da/DNN_Trial/models/rtdl_models.py:479: UserWarning: To copy construct from a tensor, it is recommended to use sourceTensor.clone().detach() or sourceTensor.clone().detach().requires_grad_(True), rather than torch.tensor(sourceTensor).
  X = torch.tensor(X, dtype=torch.float32).to(self.device)
/home/mburu/anaconda3/envs/TabSurvey/lib/python3.8/site-packages/torch/nn/modules/loss.py:535: UserWarning: Using a target size (torch.Size([4315])) that is different to the input size (torch.Size([4315, 1])). This will likely lead to incorrect results due to broadcasting. Please ensure they have the same size.
  return F.mse_loss(input, target, reduction=self.reduction)
/home/mburu/anaconda3/envs/TabSurvey/lib/python3.8/site-packages/torch/nn/modules/loss.py:535: UserWarning: Using a target size (torch.Size([45])) that is different to the input size (torch.Size([45, 1])). This will likely lead to incorrect results due to broadcasting. Please ensure they have the same size.
  return F.mse_loss(input, target, reduction=self.reduction)
/home/mburu/anaconda3/envs/TabSurvey/lib/python3.8/site-packages/torch/nn/modules/loss.py:535: UserWarning: Using a target size (torch.Size([64])) that is different to the input size (torch.Size([64, 1])). This will likely lead to incorrect results due to broadcasting. Please ensure they have the same size.
  return F.mse_loss(input, target, reduction=self.reduction)
/home/mburu/Master_Thesis/master-thesis-da/DNN_Trial/models/rtdl_models.py:479: UserWarning: To copy construct from a tensor, it is recommended to use sourceTensor.clone().detach() or sourceTensor.clone().detach().requires_grad_(True), rather than torch.tensor(sourceTensor).
  X = torch.tensor(X, dtype=torch.float32).to(self.device)
/home/mburu/anaconda3/envs/TabSurvey/lib/python3.8/site-packages/torch/nn/modules/loss.py:535: UserWarning: Using a target size (torch.Size([4315])) that is different to the input size (torch.Size([4315, 1])). This will likely lead to incorrect results due to broadcasting. Please ensure they have the same size.
  return F.mse_loss(input, target, reduction=self.reduction)
/home/mburu/anaconda3/envs/TabSurvey/lib/python3.8/site-packages/torch/nn/modules/loss.py:535: UserWarning: Using a target size (torch.Size([45])) that is different to the input size (torch.Size([45, 1])). This will likely lead to incorrect results due to broadcasting. Please ensure they have the same size.
  return F.mse_loss(input, target, reduction=self.reduction)
[I 2025-05-11 02:16:32,695] Trial 2 finished with value: 29840684.12909754 and parameters: {'learning_rate': 0.00288709999475604, 'weight_decay': 0.001225510890887893}. Best is trial 2 with value: 29840684.12909754.
/home/mburu/anaconda3/envs/TabSurvey/lib/python3.8/site-packages/torch/nn/modules/loss.py:535: UserWarning: Using a target size (torch.Size([64])) that is different to the input size (torch.Size([64, 1])). This will likely lead to incorrect results due to broadcasting. Please ensure they have the same size.
  return F.mse_loss(input, target, reduction=self.reduction)
/home/mburu/Master_Thesis/master-thesis-da/DNN_Trial/models/rtdl_models.py:479: UserWarning: To copy construct from a tensor, it is recommended to use sourceTensor.clone().detach() or sourceTensor.clone().detach().requires_grad_(True), rather than torch.tensor(sourceTensor).
  X = torch.tensor(X, dtype=torch.float32).to(self.device)
/home/mburu/anaconda3/envs/TabSurvey/lib/python3.8/site-packages/torch/nn/modules/loss.py:535: UserWarning: Using a target size (torch.Size([4316])) that is different to the input size (torch.Size([4316, 1])). This will likely lead to incorrect results due to broadcasting. Please ensure they have the same size.
  return F.mse_loss(input, target, reduction=self.reduction)
/home/mburu/anaconda3/envs/TabSurvey/lib/python3.8/site-packages/torch/nn/modules/loss.py:535: UserWarning: Using a target size (torch.Size([44])) that is different to the input size (torch.Size([44, 1])). This will likely lead to incorrect results due to broadcasting. Please ensure they have the same size.
  return F.mse_loss(input, target, reduction=self.reduction)
/home/mburu/anaconda3/envs/TabSurvey/lib/python3.8/site-packages/torch/nn/modules/loss.py:535: UserWarning: Using a target size (torch.Size([64])) that is different to the input size (torch.Size([64, 1])). This will likely lead to incorrect results due to broadcasting. Please ensure they have the same size.
  return F.mse_loss(input, target, reduction=self.reduction)
/home/mburu/Master_Thesis/master-thesis-da/DNN_Trial/models/rtdl_models.py:479: UserWarning: To copy construct from a tensor, it is recommended to use sourceTensor.clone().detach() or sourceTensor.clone().detach().requires_grad_(True), rather than torch.tensor(sourceTensor).
  X = torch.tensor(X, dtype=torch.float32).to(self.device)
/home/mburu/anaconda3/envs/TabSurvey/lib/python3.8/site-packages/torch/nn/modules/loss.py:535: UserWarning: Using a target size (torch.Size([4315])) that is different to the input size (torch.Size([4315, 1])). This will likely lead to incorrect results due to broadcasting. Please ensure they have the same size.
  return F.mse_loss(input, target, reduction=self.reduction)
/home/mburu/anaconda3/envs/TabSurvey/lib/python3.8/site-packages/torch/nn/modules/loss.py:535: UserWarning: Using a target size (torch.Size([45])) that is different to the input size (torch.Size([45, 1])). This will likely lead to incorrect results due to broadcasting. Please ensure they have the same size.
  return F.mse_loss(input, target, reduction=self.reduction)
/home/mburu/anaconda3/envs/TabSurvey/lib/python3.8/site-packages/torch/nn/modules/loss.py:535: UserWarning: Using a target size (torch.Size([64])) that is different to the input size (torch.Size([64, 1])). This will likely lead to incorrect results due to broadcasting. Please ensure they have the same size.
  return F.mse_loss(input, target, reduction=self.reduction)
/home/mburu/Master_Thesis/master-thesis-da/DNN_Trial/models/rtdl_models.py:479: UserWarning: To copy construct from a tensor, it is recommended to use sourceTensor.clone().detach() or sourceTensor.clone().detach().requires_grad_(True), rather than torch.tensor(sourceTensor).
  X = torch.tensor(X, dtype=torch.float32).to(self.device)
/home/mburu/anaconda3/envs/TabSurvey/lib/python3.8/site-packages/torch/nn/modules/loss.py:535: UserWarning: Using a target size (torch.Size([4315])) that is different to the input size (torch.Size([4315, 1])). This will likely lead to incorrect results due to broadcasting. Please ensure they have the same size.
  return F.mse_loss(input, target, reduction=self.reduction)
/home/mburu/anaconda3/envs/TabSurvey/lib/python3.8/site-packages/torch/nn/modules/loss.py:535: UserWarning: Using a target size (torch.Size([45])) that is different to the input size (torch.Size([45, 1])). This will likely lead to incorrect results due to broadcasting. Please ensure they have the same size.
  return F.mse_loss(input, target, reduction=self.reduction)
/home/mburu/anaconda3/envs/TabSurvey/lib/python3.8/site-packages/torch/nn/modules/loss.py:535: UserWarning: Using a target size (torch.Size([64])) that is different to the input size (torch.Size([64, 1])). This will likely lead to incorrect results due to broadcasting. Please ensure they have the same size.
  return F.mse_loss(input, target, reduction=self.reduction)
/home/mburu/Master_Thesis/master-thesis-da/DNN_Trial/models/rtdl_models.py:479: UserWarning: To copy construct from a tensor, it is recommended to use sourceTensor.clone().detach() or sourceTensor.clone().detach().requires_grad_(True), rather than torch.tensor(sourceTensor).
  X = torch.tensor(X, dtype=torch.float32).to(self.device)
/home/mburu/anaconda3/envs/TabSurvey/lib/python3.8/site-packages/torch/nn/modules/loss.py:535: UserWarning: Using a target size (torch.Size([4315])) that is different to the input size (torch.Size([4315, 1])). This will likely lead to incorrect results due to broadcasting. Please ensure they have the same size.
  return F.mse_loss(input, target, reduction=self.reduction)
/home/mburu/anaconda3/envs/TabSurvey/lib/python3.8/site-packages/torch/nn/modules/loss.py:535: UserWarning: Using a target size (torch.Size([45])) that is different to the input size (torch.Size([45, 1])). This will likely lead to incorrect results due to broadcasting. Please ensure they have the same size.
  return F.mse_loss(input, target, reduction=self.reduction)
/home/mburu/anaconda3/envs/TabSurvey/lib/python3.8/site-packages/torch/nn/modules/loss.py:535: UserWarning: Using a target size (torch.Size([64])) that is different to the input size (torch.Size([64, 1])). This will likely lead to incorrect results due to broadcasting. Please ensure they have the same size.
  return F.mse_loss(input, target, reduction=self.reduction)
/home/mburu/Master_Thesis/master-thesis-da/DNN_Trial/models/rtdl_models.py:479: UserWarning: To copy construct from a tensor, it is recommended to use sourceTensor.clone().detach() or sourceTensor.clone().detach().requires_grad_(True), rather than torch.tensor(sourceTensor).
  X = torch.tensor(X, dtype=torch.float32).to(self.device)
/home/mburu/anaconda3/envs/TabSurvey/lib/python3.8/site-packages/torch/nn/modules/loss.py:535: UserWarning: Using a target size (torch.Size([4315])) that is different to the input size (torch.Size([4315, 1])). This will likely lead to incorrect results due to broadcasting. Please ensure they have the same size.
  return F.mse_loss(input, target, reduction=self.reduction)
/home/mburu/anaconda3/envs/TabSurvey/lib/python3.8/site-packages/torch/nn/modules/loss.py:535: UserWarning: Using a target size (torch.Size([45])) that is different to the input size (torch.Size([45, 1])). This will likely lead to incorrect results due to broadcasting. Please ensure they have the same size.
  return F.mse_loss(input, target, reduction=self.reduction)
[I 2025-05-11 02:17:21,750] Trial 3 finished with value: 30060067.386128258 and parameters: {'learning_rate': 0.0027216244298457737, 'weight_decay': 8.782327405362433e-05}. Best is trial 2 with value: 29840684.12909754.
/home/mburu/anaconda3/envs/TabSurvey/lib/python3.8/site-packages/torch/nn/modules/loss.py:535: UserWarning: Using a target size (torch.Size([64])) that is different to the input size (torch.Size([64, 1])). This will likely lead to incorrect results due to broadcasting. Please ensure they have the same size.
  return F.mse_loss(input, target, reduction=self.reduction)
/home/mburu/Master_Thesis/master-thesis-da/DNN_Trial/models/rtdl_models.py:479: UserWarning: To copy construct from a tensor, it is recommended to use sourceTensor.clone().detach() or sourceTensor.clone().detach().requires_grad_(True), rather than torch.tensor(sourceTensor).
  X = torch.tensor(X, dtype=torch.float32).to(self.device)
/home/mburu/anaconda3/envs/TabSurvey/lib/python3.8/site-packages/torch/nn/modules/loss.py:535: UserWarning: Using a target size (torch.Size([4316])) that is different to the input size (torch.Size([4316, 1])). This will likely lead to incorrect results due to broadcasting. Please ensure they have the same size.
  return F.mse_loss(input, target, reduction=self.reduction)
/home/mburu/anaconda3/envs/TabSurvey/lib/python3.8/site-packages/torch/nn/modules/loss.py:535: UserWarning: Using a target size (torch.Size([44])) that is different to the input size (torch.Size([44, 1])). This will likely lead to incorrect results due to broadcasting. Please ensure they have the same size.
  return F.mse_loss(input, target, reduction=self.reduction)
/home/mburu/anaconda3/envs/TabSurvey/lib/python3.8/site-packages/torch/nn/modules/loss.py:535: UserWarning: Using a target size (torch.Size([64])) that is different to the input size (torch.Size([64, 1])). This will likely lead to incorrect results due to broadcasting. Please ensure they have the same size.
  return F.mse_loss(input, target, reduction=self.reduction)
/home/mburu/Master_Thesis/master-thesis-da/DNN_Trial/models/rtdl_models.py:479: UserWarning: To copy construct from a tensor, it is recommended to use sourceTensor.clone().detach() or sourceTensor.clone().detach().requires_grad_(True), rather than torch.tensor(sourceTensor).
  X = torch.tensor(X, dtype=torch.float32).to(self.device)
/home/mburu/anaconda3/envs/TabSurvey/lib/python3.8/site-packages/torch/nn/modules/loss.py:535: UserWarning: Using a target size (torch.Size([4315])) that is different to the input size (torch.Size([4315, 1])). This will likely lead to incorrect results due to broadcasting. Please ensure they have the same size.
  return F.mse_loss(input, target, reduction=self.reduction)
/home/mburu/anaconda3/envs/TabSurvey/lib/python3.8/site-packages/torch/nn/modules/loss.py:535: UserWarning: Using a target size (torch.Size([45])) that is different to the input size (torch.Size([45, 1])). This will likely lead to incorrect results due to broadcasting. Please ensure they have the same size.
  return F.mse_loss(input, target, reduction=self.reduction)
/home/mburu/anaconda3/envs/TabSurvey/lib/python3.8/site-packages/torch/nn/modules/loss.py:535: UserWarning: Using a target size (torch.Size([64])) that is different to the input size (torch.Size([64, 1])). This will likely lead to incorrect results due to broadcasting. Please ensure they have the same size.
  return F.mse_loss(input, target, reduction=self.reduction)
/home/mburu/Master_Thesis/master-thesis-da/DNN_Trial/models/rtdl_models.py:479: UserWarning: To copy construct from a tensor, it is recommended to use sourceTensor.clone().detach() or sourceTensor.clone().detach().requires_grad_(True), rather than torch.tensor(sourceTensor).
  X = torch.tensor(X, dtype=torch.float32).to(self.device)
/home/mburu/anaconda3/envs/TabSurvey/lib/python3.8/site-packages/torch/nn/modules/loss.py:535: UserWarning: Using a target size (torch.Size([4315])) that is different to the input size (torch.Size([4315, 1])). This will likely lead to incorrect results due to broadcasting. Please ensure they have the same size.
  return F.mse_loss(input, target, reduction=self.reduction)
/home/mburu/anaconda3/envs/TabSurvey/lib/python3.8/site-packages/torch/nn/modules/loss.py:535: UserWarning: Using a target size (torch.Size([45])) that is different to the input size (torch.Size([45, 1])). This will likely lead to incorrect results due to broadcasting. Please ensure they have the same size.
  return F.mse_loss(input, target, reduction=self.reduction)
/home/mburu/anaconda3/envs/TabSurvey/lib/python3.8/site-packages/torch/nn/modules/loss.py:535: UserWarning: Using a target size (torch.Size([64])) that is different to the input size (torch.Size([64, 1])). This will likely lead to incorrect results due to broadcasting. Please ensure they have the same size.
  return F.mse_loss(input, target, reduction=self.reduction)
/home/mburu/Master_Thesis/master-thesis-da/DNN_Trial/models/rtdl_models.py:479: UserWarning: To copy construct from a tensor, it is recommended to use sourceTensor.clone().detach() or sourceTensor.clone().detach().requires_grad_(True), rather than torch.tensor(sourceTensor).
  X = torch.tensor(X, dtype=torch.float32).to(self.device)
/home/mburu/anaconda3/envs/TabSurvey/lib/python3.8/site-packages/torch/nn/modules/loss.py:535: UserWarning: Using a target size (torch.Size([4315])) that is different to the input size (torch.Size([4315, 1])). This will likely lead to incorrect results due to broadcasting. Please ensure they have the same size.
  return F.mse_loss(input, target, reduction=self.reduction)
/home/mburu/anaconda3/envs/TabSurvey/lib/python3.8/site-packages/torch/nn/modules/loss.py:535: UserWarning: Using a target size (torch.Size([45])) that is different to the input size (torch.Size([45, 1])). This will likely lead to incorrect results due to broadcasting. Please ensure they have the same size.
  return F.mse_loss(input, target, reduction=self.reduction)
/home/mburu/anaconda3/envs/TabSurvey/lib/python3.8/site-packages/torch/nn/modules/loss.py:535: UserWarning: Using a target size (torch.Size([64])) that is different to the input size (torch.Size([64, 1])). This will likely lead to incorrect results due to broadcasting. Please ensure they have the same size.
  return F.mse_loss(input, target, reduction=self.reduction)
/home/mburu/Master_Thesis/master-thesis-da/DNN_Trial/models/rtdl_models.py:479: UserWarning: To copy construct from a tensor, it is recommended to use sourceTensor.clone().detach() or sourceTensor.clone().detach().requires_grad_(True), rather than torch.tensor(sourceTensor).
  X = torch.tensor(X, dtype=torch.float32).to(self.device)
/home/mburu/anaconda3/envs/TabSurvey/lib/python3.8/site-packages/torch/nn/modules/loss.py:535: UserWarning: Using a target size (torch.Size([4315])) that is different to the input size (torch.Size([4315, 1])). This will likely lead to incorrect results due to broadcasting. Please ensure they have the same size.
  return F.mse_loss(input, target, reduction=self.reduction)
/home/mburu/anaconda3/envs/TabSurvey/lib/python3.8/site-packages/torch/nn/modules/loss.py:535: UserWarning: Using a target size (torch.Size([45])) that is different to the input size (torch.Size([45, 1])). This will likely lead to incorrect results due to broadcasting. Please ensure they have the same size.
  return F.mse_loss(input, target, reduction=self.reduction)
[I 2025-05-11 02:18:10,717] Trial 4 finished with value: 31539472.443244793 and parameters: {'learning_rate': 0.0007778904741148208, 'weight_decay': 0.0004136534866582654}. Best is trial 2 with value: 29840684.12909754.
/home/mburu/anaconda3/envs/TabSurvey/lib/python3.8/site-packages/torch/nn/modules/loss.py:535: UserWarning: Using a target size (torch.Size([64])) that is different to the input size (torch.Size([64, 1])). This will likely lead to incorrect results due to broadcasting. Please ensure they have the same size.
  return F.mse_loss(input, target, reduction=self.reduction)
/home/mburu/Master_Thesis/master-thesis-da/DNN_Trial/models/rtdl_models.py:479: UserWarning: To copy construct from a tensor, it is recommended to use sourceTensor.clone().detach() or sourceTensor.clone().detach().requires_grad_(True), rather than torch.tensor(sourceTensor).
  X = torch.tensor(X, dtype=torch.float32).to(self.device)
/home/mburu/anaconda3/envs/TabSurvey/lib/python3.8/site-packages/torch/nn/modules/loss.py:535: UserWarning: Using a target size (torch.Size([5394])) that is different to the input size (torch.Size([5394, 1])). This will likely lead to incorrect results due to broadcasting. Please ensure they have the same size.
  return F.mse_loss(input, target, reduction=self.reduction)
/home/mburu/anaconda3/envs/TabSurvey/lib/python3.8/site-packages/torch/nn/modules/loss.py:535: UserWarning: Using a target size (torch.Size([8])) that is different to the input size (torch.Size([8, 1])). This will likely lead to incorrect results due to broadcasting. Please ensure they have the same size.
  return F.mse_loss(input, target, reduction=self.reduction)
[I 2025-05-11 02:18:25,001] A new study created in memory with name: FTTransformer_Diamonds_outer2
/home/mburu/anaconda3/envs/TabSurvey/lib/python3.8/site-packages/torch/nn/modules/loss.py:535: UserWarning: Using a target size (torch.Size([64])) that is different to the input size (torch.Size([64, 1])). This will likely lead to incorrect results due to broadcasting. Please ensure they have the same size.
  return F.mse_loss(input, target, reduction=self.reduction)
/home/mburu/Master_Thesis/master-thesis-da/DNN_Trial/models/rtdl_models.py:479: UserWarning: To copy construct from a tensor, it is recommended to use sourceTensor.clone().detach() or sourceTensor.clone().detach().requires_grad_(True), rather than torch.tensor(sourceTensor).
  X = torch.tensor(X, dtype=torch.float32).to(self.device)
/home/mburu/anaconda3/envs/TabSurvey/lib/python3.8/site-packages/torch/nn/modules/loss.py:535: UserWarning: Using a target size (torch.Size([4316])) that is different to the input size (torch.Size([4316, 1])). This will likely lead to incorrect results due to broadcasting. Please ensure they have the same size.
  return F.mse_loss(input, target, reduction=self.reduction)
/home/mburu/anaconda3/envs/TabSurvey/lib/python3.8/site-packages/torch/nn/modules/loss.py:535: UserWarning: Using a target size (torch.Size([44])) that is different to the input size (torch.Size([44, 1])). This will likely lead to incorrect results due to broadcasting. Please ensure they have the same size.
  return F.mse_loss(input, target, reduction=self.reduction)
/home/mburu/anaconda3/envs/TabSurvey/lib/python3.8/site-packages/torch/nn/modules/loss.py:535: UserWarning: Using a target size (torch.Size([64])) that is different to the input size (torch.Size([64, 1])). This will likely lead to incorrect results due to broadcasting. Please ensure they have the same size.
  return F.mse_loss(input, target, reduction=self.reduction)
/home/mburu/Master_Thesis/master-thesis-da/DNN_Trial/models/rtdl_models.py:479: UserWarning: To copy construct from a tensor, it is recommended to use sourceTensor.clone().detach() or sourceTensor.clone().detach().requires_grad_(True), rather than torch.tensor(sourceTensor).
  X = torch.tensor(X, dtype=torch.float32).to(self.device)
/home/mburu/anaconda3/envs/TabSurvey/lib/python3.8/site-packages/torch/nn/modules/loss.py:535: UserWarning: Using a target size (torch.Size([4315])) that is different to the input size (torch.Size([4315, 1])). This will likely lead to incorrect results due to broadcasting. Please ensure they have the same size.
  return F.mse_loss(input, target, reduction=self.reduction)
/home/mburu/anaconda3/envs/TabSurvey/lib/python3.8/site-packages/torch/nn/modules/loss.py:535: UserWarning: Using a target size (torch.Size([45])) that is different to the input size (torch.Size([45, 1])). This will likely lead to incorrect results due to broadcasting. Please ensure they have the same size.
  return F.mse_loss(input, target, reduction=self.reduction)
/home/mburu/anaconda3/envs/TabSurvey/lib/python3.8/site-packages/torch/nn/modules/loss.py:535: UserWarning: Using a target size (torch.Size([64])) that is different to the input size (torch.Size([64, 1])). This will likely lead to incorrect results due to broadcasting. Please ensure they have the same size.
  return F.mse_loss(input, target, reduction=self.reduction)
/home/mburu/Master_Thesis/master-thesis-da/DNN_Trial/models/rtdl_models.py:479: UserWarning: To copy construct from a tensor, it is recommended to use sourceTensor.clone().detach() or sourceTensor.clone().detach().requires_grad_(True), rather than torch.tensor(sourceTensor).
  X = torch.tensor(X, dtype=torch.float32).to(self.device)
/home/mburu/anaconda3/envs/TabSurvey/lib/python3.8/site-packages/torch/nn/modules/loss.py:535: UserWarning: Using a target size (torch.Size([4315])) that is different to the input size (torch.Size([4315, 1])). This will likely lead to incorrect results due to broadcasting. Please ensure they have the same size.
  return F.mse_loss(input, target, reduction=self.reduction)
/home/mburu/anaconda3/envs/TabSurvey/lib/python3.8/site-packages/torch/nn/modules/loss.py:535: UserWarning: Using a target size (torch.Size([45])) that is different to the input size (torch.Size([45, 1])). This will likely lead to incorrect results due to broadcasting. Please ensure they have the same size.
  return F.mse_loss(input, target, reduction=self.reduction)
/home/mburu/anaconda3/envs/TabSurvey/lib/python3.8/site-packages/torch/nn/modules/loss.py:535: UserWarning: Using a target size (torch.Size([64])) that is different to the input size (torch.Size([64, 1])). This will likely lead to incorrect results due to broadcasting. Please ensure they have the same size.
  return F.mse_loss(input, target, reduction=self.reduction)
/home/mburu/Master_Thesis/master-thesis-da/DNN_Trial/models/rtdl_models.py:479: UserWarning: To copy construct from a tensor, it is recommended to use sourceTensor.clone().detach() or sourceTensor.clone().detach().requires_grad_(True), rather than torch.tensor(sourceTensor).
  X = torch.tensor(X, dtype=torch.float32).to(self.device)
/home/mburu/anaconda3/envs/TabSurvey/lib/python3.8/site-packages/torch/nn/modules/loss.py:535: UserWarning: Using a target size (torch.Size([4315])) that is different to the input size (torch.Size([4315, 1])). This will likely lead to incorrect results due to broadcasting. Please ensure they have the same size.
  return F.mse_loss(input, target, reduction=self.reduction)
/home/mburu/anaconda3/envs/TabSurvey/lib/python3.8/site-packages/torch/nn/modules/loss.py:535: UserWarning: Using a target size (torch.Size([45])) that is different to the input size (torch.Size([45, 1])). This will likely lead to incorrect results due to broadcasting. Please ensure they have the same size.
  return F.mse_loss(input, target, reduction=self.reduction)
/home/mburu/anaconda3/envs/TabSurvey/lib/python3.8/site-packages/torch/nn/modules/loss.py:535: UserWarning: Using a target size (torch.Size([64])) that is different to the input size (torch.Size([64, 1])). This will likely lead to incorrect results due to broadcasting. Please ensure they have the same size.
  return F.mse_loss(input, target, reduction=self.reduction)
/home/mburu/Master_Thesis/master-thesis-da/DNN_Trial/models/rtdl_models.py:479: UserWarning: To copy construct from a tensor, it is recommended to use sourceTensor.clone().detach() or sourceTensor.clone().detach().requires_grad_(True), rather than torch.tensor(sourceTensor).
  X = torch.tensor(X, dtype=torch.float32).to(self.device)
/home/mburu/anaconda3/envs/TabSurvey/lib/python3.8/site-packages/torch/nn/modules/loss.py:535: UserWarning: Using a target size (torch.Size([4315])) that is different to the input size (torch.Size([4315, 1])). This will likely lead to incorrect results due to broadcasting. Please ensure they have the same size.
  return F.mse_loss(input, target, reduction=self.reduction)
/home/mburu/anaconda3/envs/TabSurvey/lib/python3.8/site-packages/torch/nn/modules/loss.py:535: UserWarning: Using a target size (torch.Size([45])) that is different to the input size (torch.Size([45, 1])). This will likely lead to incorrect results due to broadcasting. Please ensure they have the same size.
  return F.mse_loss(input, target, reduction=self.reduction)
[I 2025-05-11 02:19:13,013] Trial 0 finished with value: 31269011.091809265 and parameters: {'learning_rate': 0.0004957680538681404, 'weight_decay': 0.0026687899001922436}. Best is trial 0 with value: 31269011.091809265.
/home/mburu/anaconda3/envs/TabSurvey/lib/python3.8/site-packages/torch/nn/modules/loss.py:535: UserWarning: Using a target size (torch.Size([64])) that is different to the input size (torch.Size([64, 1])). This will likely lead to incorrect results due to broadcasting. Please ensure they have the same size.
  return F.mse_loss(input, target, reduction=self.reduction)
/home/mburu/Master_Thesis/master-thesis-da/DNN_Trial/models/rtdl_models.py:479: UserWarning: To copy construct from a tensor, it is recommended to use sourceTensor.clone().detach() or sourceTensor.clone().detach().requires_grad_(True), rather than torch.tensor(sourceTensor).
  X = torch.tensor(X, dtype=torch.float32).to(self.device)
/home/mburu/anaconda3/envs/TabSurvey/lib/python3.8/site-packages/torch/nn/modules/loss.py:535: UserWarning: Using a target size (torch.Size([4316])) that is different to the input size (torch.Size([4316, 1])). This will likely lead to incorrect results due to broadcasting. Please ensure they have the same size.
  return F.mse_loss(input, target, reduction=self.reduction)
/home/mburu/anaconda3/envs/TabSurvey/lib/python3.8/site-packages/torch/nn/modules/loss.py:535: UserWarning: Using a target size (torch.Size([44])) that is different to the input size (torch.Size([44, 1])). This will likely lead to incorrect results due to broadcasting. Please ensure they have the same size.
  return F.mse_loss(input, target, reduction=self.reduction)
/home/mburu/anaconda3/envs/TabSurvey/lib/python3.8/site-packages/torch/nn/modules/loss.py:535: UserWarning: Using a target size (torch.Size([64])) that is different to the input size (torch.Size([64, 1])). This will likely lead to incorrect results due to broadcasting. Please ensure they have the same size.
  return F.mse_loss(input, target, reduction=self.reduction)
/home/mburu/Master_Thesis/master-thesis-da/DNN_Trial/models/rtdl_models.py:479: UserWarning: To copy construct from a tensor, it is recommended to use sourceTensor.clone().detach() or sourceTensor.clone().detach().requires_grad_(True), rather than torch.tensor(sourceTensor).
  X = torch.tensor(X, dtype=torch.float32).to(self.device)
/home/mburu/anaconda3/envs/TabSurvey/lib/python3.8/site-packages/torch/nn/modules/loss.py:535: UserWarning: Using a target size (torch.Size([4315])) that is different to the input size (torch.Size([4315, 1])). This will likely lead to incorrect results due to broadcasting. Please ensure they have the same size.
  return F.mse_loss(input, target, reduction=self.reduction)
/home/mburu/anaconda3/envs/TabSurvey/lib/python3.8/site-packages/torch/nn/modules/loss.py:535: UserWarning: Using a target size (torch.Size([45])) that is different to the input size (torch.Size([45, 1])). This will likely lead to incorrect results due to broadcasting. Please ensure they have the same size.
  return F.mse_loss(input, target, reduction=self.reduction)
/home/mburu/anaconda3/envs/TabSurvey/lib/python3.8/site-packages/torch/nn/modules/loss.py:535: UserWarning: Using a target size (torch.Size([64])) that is different to the input size (torch.Size([64, 1])). This will likely lead to incorrect results due to broadcasting. Please ensure they have the same size.
  return F.mse_loss(input, target, reduction=self.reduction)
/home/mburu/Master_Thesis/master-thesis-da/DNN_Trial/models/rtdl_models.py:479: UserWarning: To copy construct from a tensor, it is recommended to use sourceTensor.clone().detach() or sourceTensor.clone().detach().requires_grad_(True), rather than torch.tensor(sourceTensor).
  X = torch.tensor(X, dtype=torch.float32).to(self.device)
/home/mburu/anaconda3/envs/TabSurvey/lib/python3.8/site-packages/torch/nn/modules/loss.py:535: UserWarning: Using a target size (torch.Size([4315])) that is different to the input size (torch.Size([4315, 1])). This will likely lead to incorrect results due to broadcasting. Please ensure they have the same size.
  return F.mse_loss(input, target, reduction=self.reduction)
/home/mburu/anaconda3/envs/TabSurvey/lib/python3.8/site-packages/torch/nn/modules/loss.py:535: UserWarning: Using a target size (torch.Size([45])) that is different to the input size (torch.Size([45, 1])). This will likely lead to incorrect results due to broadcasting. Please ensure they have the same size.
  return F.mse_loss(input, target, reduction=self.reduction)
/home/mburu/anaconda3/envs/TabSurvey/lib/python3.8/site-packages/torch/nn/modules/loss.py:535: UserWarning: Using a target size (torch.Size([64])) that is different to the input size (torch.Size([64, 1])). This will likely lead to incorrect results due to broadcasting. Please ensure they have the same size.
  return F.mse_loss(input, target, reduction=self.reduction)
/home/mburu/Master_Thesis/master-thesis-da/DNN_Trial/models/rtdl_models.py:479: UserWarning: To copy construct from a tensor, it is recommended to use sourceTensor.clone().detach() or sourceTensor.clone().detach().requires_grad_(True), rather than torch.tensor(sourceTensor).
  X = torch.tensor(X, dtype=torch.float32).to(self.device)
/home/mburu/anaconda3/envs/TabSurvey/lib/python3.8/site-packages/torch/nn/modules/loss.py:535: UserWarning: Using a target size (torch.Size([4315])) that is different to the input size (torch.Size([4315, 1])). This will likely lead to incorrect results due to broadcasting. Please ensure they have the same size.
  return F.mse_loss(input, target, reduction=self.reduction)
/home/mburu/anaconda3/envs/TabSurvey/lib/python3.8/site-packages/torch/nn/modules/loss.py:535: UserWarning: Using a target size (torch.Size([45])) that is different to the input size (torch.Size([45, 1])). This will likely lead to incorrect results due to broadcasting. Please ensure they have the same size.
  return F.mse_loss(input, target, reduction=self.reduction)
/home/mburu/anaconda3/envs/TabSurvey/lib/python3.8/site-packages/torch/nn/modules/loss.py:535: UserWarning: Using a target size (torch.Size([64])) that is different to the input size (torch.Size([64, 1])). This will likely lead to incorrect results due to broadcasting. Please ensure they have the same size.
  return F.mse_loss(input, target, reduction=self.reduction)
/home/mburu/Master_Thesis/master-thesis-da/DNN_Trial/models/rtdl_models.py:479: UserWarning: To copy construct from a tensor, it is recommended to use sourceTensor.clone().detach() or sourceTensor.clone().detach().requires_grad_(True), rather than torch.tensor(sourceTensor).
  X = torch.tensor(X, dtype=torch.float32).to(self.device)
/home/mburu/anaconda3/envs/TabSurvey/lib/python3.8/site-packages/torch/nn/modules/loss.py:535: UserWarning: Using a target size (torch.Size([4315])) that is different to the input size (torch.Size([4315, 1])). This will likely lead to incorrect results due to broadcasting. Please ensure they have the same size.
  return F.mse_loss(input, target, reduction=self.reduction)
/home/mburu/anaconda3/envs/TabSurvey/lib/python3.8/site-packages/torch/nn/modules/loss.py:535: UserWarning: Using a target size (torch.Size([45])) that is different to the input size (torch.Size([45, 1])). This will likely lead to incorrect results due to broadcasting. Please ensure they have the same size.
  return F.mse_loss(input, target, reduction=self.reduction)
[I 2025-05-11 02:20:02,169] Trial 1 finished with value: 30982182.037532307 and parameters: {'learning_rate': 0.00112627897455268, 'weight_decay': 1.0715353343155474e-06}. Best is trial 1 with value: 30982182.037532307.
/home/mburu/anaconda3/envs/TabSurvey/lib/python3.8/site-packages/torch/nn/modules/loss.py:535: UserWarning: Using a target size (torch.Size([64])) that is different to the input size (torch.Size([64, 1])). This will likely lead to incorrect results due to broadcasting. Please ensure they have the same size.
  return F.mse_loss(input, target, reduction=self.reduction)
/home/mburu/Master_Thesis/master-thesis-da/DNN_Trial/models/rtdl_models.py:479: UserWarning: To copy construct from a tensor, it is recommended to use sourceTensor.clone().detach() or sourceTensor.clone().detach().requires_grad_(True), rather than torch.tensor(sourceTensor).
  X = torch.tensor(X, dtype=torch.float32).to(self.device)
/home/mburu/anaconda3/envs/TabSurvey/lib/python3.8/site-packages/torch/nn/modules/loss.py:535: UserWarning: Using a target size (torch.Size([4316])) that is different to the input size (torch.Size([4316, 1])). This will likely lead to incorrect results due to broadcasting. Please ensure they have the same size.
  return F.mse_loss(input, target, reduction=self.reduction)
/home/mburu/anaconda3/envs/TabSurvey/lib/python3.8/site-packages/torch/nn/modules/loss.py:535: UserWarning: Using a target size (torch.Size([44])) that is different to the input size (torch.Size([44, 1])). This will likely lead to incorrect results due to broadcasting. Please ensure they have the same size.
  return F.mse_loss(input, target, reduction=self.reduction)
/home/mburu/anaconda3/envs/TabSurvey/lib/python3.8/site-packages/torch/nn/modules/loss.py:535: UserWarning: Using a target size (torch.Size([64])) that is different to the input size (torch.Size([64, 1])). This will likely lead to incorrect results due to broadcasting. Please ensure they have the same size.
  return F.mse_loss(input, target, reduction=self.reduction)
/home/mburu/Master_Thesis/master-thesis-da/DNN_Trial/models/rtdl_models.py:479: UserWarning: To copy construct from a tensor, it is recommended to use sourceTensor.clone().detach() or sourceTensor.clone().detach().requires_grad_(True), rather than torch.tensor(sourceTensor).
  X = torch.tensor(X, dtype=torch.float32).to(self.device)
/home/mburu/anaconda3/envs/TabSurvey/lib/python3.8/site-packages/torch/nn/modules/loss.py:535: UserWarning: Using a target size (torch.Size([4315])) that is different to the input size (torch.Size([4315, 1])). This will likely lead to incorrect results due to broadcasting. Please ensure they have the same size.
  return F.mse_loss(input, target, reduction=self.reduction)
/home/mburu/anaconda3/envs/TabSurvey/lib/python3.8/site-packages/torch/nn/modules/loss.py:535: UserWarning: Using a target size (torch.Size([45])) that is different to the input size (torch.Size([45, 1])). This will likely lead to incorrect results due to broadcasting. Please ensure they have the same size.
  return F.mse_loss(input, target, reduction=self.reduction)
/home/mburu/anaconda3/envs/TabSurvey/lib/python3.8/site-packages/torch/nn/modules/loss.py:535: UserWarning: Using a target size (torch.Size([64])) that is different to the input size (torch.Size([64, 1])). This will likely lead to incorrect results due to broadcasting. Please ensure they have the same size.
  return F.mse_loss(input, target, reduction=self.reduction)
/home/mburu/Master_Thesis/master-thesis-da/DNN_Trial/models/rtdl_models.py:479: UserWarning: To copy construct from a tensor, it is recommended to use sourceTensor.clone().detach() or sourceTensor.clone().detach().requires_grad_(True), rather than torch.tensor(sourceTensor).
  X = torch.tensor(X, dtype=torch.float32).to(self.device)
/home/mburu/anaconda3/envs/TabSurvey/lib/python3.8/site-packages/torch/nn/modules/loss.py:535: UserWarning: Using a target size (torch.Size([4315])) that is different to the input size (torch.Size([4315, 1])). This will likely lead to incorrect results due to broadcasting. Please ensure they have the same size.
  return F.mse_loss(input, target, reduction=self.reduction)
/home/mburu/anaconda3/envs/TabSurvey/lib/python3.8/site-packages/torch/nn/modules/loss.py:535: UserWarning: Using a target size (torch.Size([45])) that is different to the input size (torch.Size([45, 1])). This will likely lead to incorrect results due to broadcasting. Please ensure they have the same size.
  return F.mse_loss(input, target, reduction=self.reduction)
/home/mburu/anaconda3/envs/TabSurvey/lib/python3.8/site-packages/torch/nn/modules/loss.py:535: UserWarning: Using a target size (torch.Size([64])) that is different to the input size (torch.Size([64, 1])). This will likely lead to incorrect results due to broadcasting. Please ensure they have the same size.
  return F.mse_loss(input, target, reduction=self.reduction)
/home/mburu/Master_Thesis/master-thesis-da/DNN_Trial/models/rtdl_models.py:479: UserWarning: To copy construct from a tensor, it is recommended to use sourceTensor.clone().detach() or sourceTensor.clone().detach().requires_grad_(True), rather than torch.tensor(sourceTensor).
  X = torch.tensor(X, dtype=torch.float32).to(self.device)
/home/mburu/anaconda3/envs/TabSurvey/lib/python3.8/site-packages/torch/nn/modules/loss.py:535: UserWarning: Using a target size (torch.Size([4315])) that is different to the input size (torch.Size([4315, 1])). This will likely lead to incorrect results due to broadcasting. Please ensure they have the same size.
  return F.mse_loss(input, target, reduction=self.reduction)
/home/mburu/anaconda3/envs/TabSurvey/lib/python3.8/site-packages/torch/nn/modules/loss.py:535: UserWarning: Using a target size (torch.Size([45])) that is different to the input size (torch.Size([45, 1])). This will likely lead to incorrect results due to broadcasting. Please ensure they have the same size.
  return F.mse_loss(input, target, reduction=self.reduction)
/home/mburu/anaconda3/envs/TabSurvey/lib/python3.8/site-packages/torch/nn/modules/loss.py:535: UserWarning: Using a target size (torch.Size([64])) that is different to the input size (torch.Size([64, 1])). This will likely lead to incorrect results due to broadcasting. Please ensure they have the same size.
  return F.mse_loss(input, target, reduction=self.reduction)
/home/mburu/Master_Thesis/master-thesis-da/DNN_Trial/models/rtdl_models.py:479: UserWarning: To copy construct from a tensor, it is recommended to use sourceTensor.clone().detach() or sourceTensor.clone().detach().requires_grad_(True), rather than torch.tensor(sourceTensor).
  X = torch.tensor(X, dtype=torch.float32).to(self.device)
/home/mburu/anaconda3/envs/TabSurvey/lib/python3.8/site-packages/torch/nn/modules/loss.py:535: UserWarning: Using a target size (torch.Size([4315])) that is different to the input size (torch.Size([4315, 1])). This will likely lead to incorrect results due to broadcasting. Please ensure they have the same size.
  return F.mse_loss(input, target, reduction=self.reduction)
/home/mburu/anaconda3/envs/TabSurvey/lib/python3.8/site-packages/torch/nn/modules/loss.py:535: UserWarning: Using a target size (torch.Size([45])) that is different to the input size (torch.Size([45, 1])). This will likely lead to incorrect results due to broadcasting. Please ensure they have the same size.
  return F.mse_loss(input, target, reduction=self.reduction)
[I 2025-05-11 02:20:51,470] Trial 2 finished with value: 31282357.476696867 and parameters: {'learning_rate': 0.00045728896325309266, 'weight_decay': 1.4392844351736537e-06}. Best is trial 1 with value: 30982182.037532307.
/home/mburu/anaconda3/envs/TabSurvey/lib/python3.8/site-packages/torch/nn/modules/loss.py:535: UserWarning: Using a target size (torch.Size([64])) that is different to the input size (torch.Size([64, 1])). This will likely lead to incorrect results due to broadcasting. Please ensure they have the same size.
  return F.mse_loss(input, target, reduction=self.reduction)
/home/mburu/Master_Thesis/master-thesis-da/DNN_Trial/models/rtdl_models.py:479: UserWarning: To copy construct from a tensor, it is recommended to use sourceTensor.clone().detach() or sourceTensor.clone().detach().requires_grad_(True), rather than torch.tensor(sourceTensor).
  X = torch.tensor(X, dtype=torch.float32).to(self.device)
/home/mburu/anaconda3/envs/TabSurvey/lib/python3.8/site-packages/torch/nn/modules/loss.py:535: UserWarning: Using a target size (torch.Size([4316])) that is different to the input size (torch.Size([4316, 1])). This will likely lead to incorrect results due to broadcasting. Please ensure they have the same size.
  return F.mse_loss(input, target, reduction=self.reduction)
/home/mburu/anaconda3/envs/TabSurvey/lib/python3.8/site-packages/torch/nn/modules/loss.py:535: UserWarning: Using a target size (torch.Size([44])) that is different to the input size (torch.Size([44, 1])). This will likely lead to incorrect results due to broadcasting. Please ensure they have the same size.
  return F.mse_loss(input, target, reduction=self.reduction)
/home/mburu/anaconda3/envs/TabSurvey/lib/python3.8/site-packages/torch/nn/modules/loss.py:535: UserWarning: Using a target size (torch.Size([64])) that is different to the input size (torch.Size([64, 1])). This will likely lead to incorrect results due to broadcasting. Please ensure they have the same size.
  return F.mse_loss(input, target, reduction=self.reduction)
/home/mburu/Master_Thesis/master-thesis-da/DNN_Trial/models/rtdl_models.py:479: UserWarning: To copy construct from a tensor, it is recommended to use sourceTensor.clone().detach() or sourceTensor.clone().detach().requires_grad_(True), rather than torch.tensor(sourceTensor).
  X = torch.tensor(X, dtype=torch.float32).to(self.device)
/home/mburu/anaconda3/envs/TabSurvey/lib/python3.8/site-packages/torch/nn/modules/loss.py:535: UserWarning: Using a target size (torch.Size([4315])) that is different to the input size (torch.Size([4315, 1])). This will likely lead to incorrect results due to broadcasting. Please ensure they have the same size.
  return F.mse_loss(input, target, reduction=self.reduction)
/home/mburu/anaconda3/envs/TabSurvey/lib/python3.8/site-packages/torch/nn/modules/loss.py:535: UserWarning: Using a target size (torch.Size([45])) that is different to the input size (torch.Size([45, 1])). This will likely lead to incorrect results due to broadcasting. Please ensure they have the same size.
  return F.mse_loss(input, target, reduction=self.reduction)
/home/mburu/anaconda3/envs/TabSurvey/lib/python3.8/site-packages/torch/nn/modules/loss.py:535: UserWarning: Using a target size (torch.Size([64])) that is different to the input size (torch.Size([64, 1])). This will likely lead to incorrect results due to broadcasting. Please ensure they have the same size.
  return F.mse_loss(input, target, reduction=self.reduction)
/home/mburu/Master_Thesis/master-thesis-da/DNN_Trial/models/rtdl_models.py:479: UserWarning: To copy construct from a tensor, it is recommended to use sourceTensor.clone().detach() or sourceTensor.clone().detach().requires_grad_(True), rather than torch.tensor(sourceTensor).
  X = torch.tensor(X, dtype=torch.float32).to(self.device)
/home/mburu/anaconda3/envs/TabSurvey/lib/python3.8/site-packages/torch/nn/modules/loss.py:535: UserWarning: Using a target size (torch.Size([4315])) that is different to the input size (torch.Size([4315, 1])). This will likely lead to incorrect results due to broadcasting. Please ensure they have the same size.
  return F.mse_loss(input, target, reduction=self.reduction)
/home/mburu/anaconda3/envs/TabSurvey/lib/python3.8/site-packages/torch/nn/modules/loss.py:535: UserWarning: Using a target size (torch.Size([45])) that is different to the input size (torch.Size([45, 1])). This will likely lead to incorrect results due to broadcasting. Please ensure they have the same size.
  return F.mse_loss(input, target, reduction=self.reduction)
/home/mburu/anaconda3/envs/TabSurvey/lib/python3.8/site-packages/torch/nn/modules/loss.py:535: UserWarning: Using a target size (torch.Size([64])) that is different to the input size (torch.Size([64, 1])). This will likely lead to incorrect results due to broadcasting. Please ensure they have the same size.
  return F.mse_loss(input, target, reduction=self.reduction)
/home/mburu/Master_Thesis/master-thesis-da/DNN_Trial/models/rtdl_models.py:479: UserWarning: To copy construct from a tensor, it is recommended to use sourceTensor.clone().detach() or sourceTensor.clone().detach().requires_grad_(True), rather than torch.tensor(sourceTensor).
  X = torch.tensor(X, dtype=torch.float32).to(self.device)
/home/mburu/anaconda3/envs/TabSurvey/lib/python3.8/site-packages/torch/nn/modules/loss.py:535: UserWarning: Using a target size (torch.Size([4315])) that is different to the input size (torch.Size([4315, 1])). This will likely lead to incorrect results due to broadcasting. Please ensure they have the same size.
  return F.mse_loss(input, target, reduction=self.reduction)
/home/mburu/anaconda3/envs/TabSurvey/lib/python3.8/site-packages/torch/nn/modules/loss.py:535: UserWarning: Using a target size (torch.Size([45])) that is different to the input size (torch.Size([45, 1])). This will likely lead to incorrect results due to broadcasting. Please ensure they have the same size.
  return F.mse_loss(input, target, reduction=self.reduction)
/home/mburu/anaconda3/envs/TabSurvey/lib/python3.8/site-packages/torch/nn/modules/loss.py:535: UserWarning: Using a target size (torch.Size([64])) that is different to the input size (torch.Size([64, 1])). This will likely lead to incorrect results due to broadcasting. Please ensure they have the same size.
  return F.mse_loss(input, target, reduction=self.reduction)
/home/mburu/Master_Thesis/master-thesis-da/DNN_Trial/models/rtdl_models.py:479: UserWarning: To copy construct from a tensor, it is recommended to use sourceTensor.clone().detach() or sourceTensor.clone().detach().requires_grad_(True), rather than torch.tensor(sourceTensor).
  X = torch.tensor(X, dtype=torch.float32).to(self.device)
/home/mburu/anaconda3/envs/TabSurvey/lib/python3.8/site-packages/torch/nn/modules/loss.py:535: UserWarning: Using a target size (torch.Size([4315])) that is different to the input size (torch.Size([4315, 1])). This will likely lead to incorrect results due to broadcasting. Please ensure they have the same size.
  return F.mse_loss(input, target, reduction=self.reduction)
/home/mburu/anaconda3/envs/TabSurvey/lib/python3.8/site-packages/torch/nn/modules/loss.py:535: UserWarning: Using a target size (torch.Size([45])) that is different to the input size (torch.Size([45, 1])). This will likely lead to incorrect results due to broadcasting. Please ensure they have the same size.
  return F.mse_loss(input, target, reduction=self.reduction)
[I 2025-05-11 02:21:41,814] Trial 3 finished with value: 31399231.26865089 and parameters: {'learning_rate': 1.9247143625294357e-05, 'weight_decay': 0.0005873451784323644}. Best is trial 1 with value: 30982182.037532307.
/home/mburu/anaconda3/envs/TabSurvey/lib/python3.8/site-packages/torch/nn/modules/loss.py:535: UserWarning: Using a target size (torch.Size([64])) that is different to the input size (torch.Size([64, 1])). This will likely lead to incorrect results due to broadcasting. Please ensure they have the same size.
  return F.mse_loss(input, target, reduction=self.reduction)
/home/mburu/Master_Thesis/master-thesis-da/DNN_Trial/models/rtdl_models.py:479: UserWarning: To copy construct from a tensor, it is recommended to use sourceTensor.clone().detach() or sourceTensor.clone().detach().requires_grad_(True), rather than torch.tensor(sourceTensor).
  X = torch.tensor(X, dtype=torch.float32).to(self.device)
/home/mburu/anaconda3/envs/TabSurvey/lib/python3.8/site-packages/torch/nn/modules/loss.py:535: UserWarning: Using a target size (torch.Size([4316])) that is different to the input size (torch.Size([4316, 1])). This will likely lead to incorrect results due to broadcasting. Please ensure they have the same size.
  return F.mse_loss(input, target, reduction=self.reduction)
/home/mburu/anaconda3/envs/TabSurvey/lib/python3.8/site-packages/torch/nn/modules/loss.py:535: UserWarning: Using a target size (torch.Size([44])) that is different to the input size (torch.Size([44, 1])). This will likely lead to incorrect results due to broadcasting. Please ensure they have the same size.
  return F.mse_loss(input, target, reduction=self.reduction)
/home/mburu/anaconda3/envs/TabSurvey/lib/python3.8/site-packages/torch/nn/modules/loss.py:535: UserWarning: Using a target size (torch.Size([64])) that is different to the input size (torch.Size([64, 1])). This will likely lead to incorrect results due to broadcasting. Please ensure they have the same size.
  return F.mse_loss(input, target, reduction=self.reduction)
/home/mburu/Master_Thesis/master-thesis-da/DNN_Trial/models/rtdl_models.py:479: UserWarning: To copy construct from a tensor, it is recommended to use sourceTensor.clone().detach() or sourceTensor.clone().detach().requires_grad_(True), rather than torch.tensor(sourceTensor).
  X = torch.tensor(X, dtype=torch.float32).to(self.device)
/home/mburu/anaconda3/envs/TabSurvey/lib/python3.8/site-packages/torch/nn/modules/loss.py:535: UserWarning: Using a target size (torch.Size([4315])) that is different to the input size (torch.Size([4315, 1])). This will likely lead to incorrect results due to broadcasting. Please ensure they have the same size.
  return F.mse_loss(input, target, reduction=self.reduction)
/home/mburu/anaconda3/envs/TabSurvey/lib/python3.8/site-packages/torch/nn/modules/loss.py:535: UserWarning: Using a target size (torch.Size([45])) that is different to the input size (torch.Size([45, 1])). This will likely lead to incorrect results due to broadcasting. Please ensure they have the same size.
  return F.mse_loss(input, target, reduction=self.reduction)
/home/mburu/anaconda3/envs/TabSurvey/lib/python3.8/site-packages/torch/nn/modules/loss.py:535: UserWarning: Using a target size (torch.Size([64])) that is different to the input size (torch.Size([64, 1])). This will likely lead to incorrect results due to broadcasting. Please ensure they have the same size.
  return F.mse_loss(input, target, reduction=self.reduction)
/home/mburu/Master_Thesis/master-thesis-da/DNN_Trial/models/rtdl_models.py:479: UserWarning: To copy construct from a tensor, it is recommended to use sourceTensor.clone().detach() or sourceTensor.clone().detach().requires_grad_(True), rather than torch.tensor(sourceTensor).
  X = torch.tensor(X, dtype=torch.float32).to(self.device)
/home/mburu/anaconda3/envs/TabSurvey/lib/python3.8/site-packages/torch/nn/modules/loss.py:535: UserWarning: Using a target size (torch.Size([4315])) that is different to the input size (torch.Size([4315, 1])). This will likely lead to incorrect results due to broadcasting. Please ensure they have the same size.
  return F.mse_loss(input, target, reduction=self.reduction)
/home/mburu/anaconda3/envs/TabSurvey/lib/python3.8/site-packages/torch/nn/modules/loss.py:535: UserWarning: Using a target size (torch.Size([45])) that is different to the input size (torch.Size([45, 1])). This will likely lead to incorrect results due to broadcasting. Please ensure they have the same size.
  return F.mse_loss(input, target, reduction=self.reduction)
/home/mburu/anaconda3/envs/TabSurvey/lib/python3.8/site-packages/torch/nn/modules/loss.py:535: UserWarning: Using a target size (torch.Size([64])) that is different to the input size (torch.Size([64, 1])). This will likely lead to incorrect results due to broadcasting. Please ensure they have the same size.
  return F.mse_loss(input, target, reduction=self.reduction)
/home/mburu/Master_Thesis/master-thesis-da/DNN_Trial/models/rtdl_models.py:479: UserWarning: To copy construct from a tensor, it is recommended to use sourceTensor.clone().detach() or sourceTensor.clone().detach().requires_grad_(True), rather than torch.tensor(sourceTensor).
  X = torch.tensor(X, dtype=torch.float32).to(self.device)
/home/mburu/anaconda3/envs/TabSurvey/lib/python3.8/site-packages/torch/nn/modules/loss.py:535: UserWarning: Using a target size (torch.Size([4315])) that is different to the input size (torch.Size([4315, 1])). This will likely lead to incorrect results due to broadcasting. Please ensure they have the same size.
  return F.mse_loss(input, target, reduction=self.reduction)
/home/mburu/anaconda3/envs/TabSurvey/lib/python3.8/site-packages/torch/nn/modules/loss.py:535: UserWarning: Using a target size (torch.Size([45])) that is different to the input size (torch.Size([45, 1])). This will likely lead to incorrect results due to broadcasting. Please ensure they have the same size.
  return F.mse_loss(input, target, reduction=self.reduction)
/home/mburu/anaconda3/envs/TabSurvey/lib/python3.8/site-packages/torch/nn/modules/loss.py:535: UserWarning: Using a target size (torch.Size([64])) that is different to the input size (torch.Size([64, 1])). This will likely lead to incorrect results due to broadcasting. Please ensure they have the same size.
  return F.mse_loss(input, target, reduction=self.reduction)
/home/mburu/Master_Thesis/master-thesis-da/DNN_Trial/models/rtdl_models.py:479: UserWarning: To copy construct from a tensor, it is recommended to use sourceTensor.clone().detach() or sourceTensor.clone().detach().requires_grad_(True), rather than torch.tensor(sourceTensor).
  X = torch.tensor(X, dtype=torch.float32).to(self.device)
/home/mburu/anaconda3/envs/TabSurvey/lib/python3.8/site-packages/torch/nn/modules/loss.py:535: UserWarning: Using a target size (torch.Size([4315])) that is different to the input size (torch.Size([4315, 1])). This will likely lead to incorrect results due to broadcasting. Please ensure they have the same size.
  return F.mse_loss(input, target, reduction=self.reduction)
/home/mburu/anaconda3/envs/TabSurvey/lib/python3.8/site-packages/torch/nn/modules/loss.py:535: UserWarning: Using a target size (torch.Size([45])) that is different to the input size (torch.Size([45, 1])). This will likely lead to incorrect results due to broadcasting. Please ensure they have the same size.
  return F.mse_loss(input, target, reduction=self.reduction)
[I 2025-05-11 02:22:31,391] Trial 4 finished with value: 31397084.437632103 and parameters: {'learning_rate': 3.251473042666773e-05, 'weight_decay': 4.210192935282446e-05}. Best is trial 1 with value: 30982182.037532307.
/home/mburu/anaconda3/envs/TabSurvey/lib/python3.8/site-packages/torch/nn/modules/loss.py:535: UserWarning: Using a target size (torch.Size([64])) that is different to the input size (torch.Size([64, 1])). This will likely lead to incorrect results due to broadcasting. Please ensure they have the same size.
  return F.mse_loss(input, target, reduction=self.reduction)
/home/mburu/Master_Thesis/master-thesis-da/DNN_Trial/models/rtdl_models.py:479: UserWarning: To copy construct from a tensor, it is recommended to use sourceTensor.clone().detach() or sourceTensor.clone().detach().requires_grad_(True), rather than torch.tensor(sourceTensor).
  X = torch.tensor(X, dtype=torch.float32).to(self.device)
/home/mburu/anaconda3/envs/TabSurvey/lib/python3.8/site-packages/torch/nn/modules/loss.py:535: UserWarning: Using a target size (torch.Size([5394])) that is different to the input size (torch.Size([5394, 1])). This will likely lead to incorrect results due to broadcasting. Please ensure they have the same size.
  return F.mse_loss(input, target, reduction=self.reduction)
/home/mburu/anaconda3/envs/TabSurvey/lib/python3.8/site-packages/torch/nn/modules/loss.py:535: UserWarning: Using a target size (torch.Size([8])) that is different to the input size (torch.Size([8, 1])). This will likely lead to incorrect results due to broadcasting. Please ensure they have the same size.
  return F.mse_loss(input, target, reduction=self.reduction)
[I 2025-05-11 02:22:45,925] A new study created in memory with name: FTTransformer_Diamonds_outer3
/home/mburu/anaconda3/envs/TabSurvey/lib/python3.8/site-packages/torch/nn/modules/loss.py:535: UserWarning: Using a target size (torch.Size([64])) that is different to the input size (torch.Size([64, 1])). This will likely lead to incorrect results due to broadcasting. Please ensure they have the same size.
  return F.mse_loss(input, target, reduction=self.reduction)
/home/mburu/Master_Thesis/master-thesis-da/DNN_Trial/models/rtdl_models.py:479: UserWarning: To copy construct from a tensor, it is recommended to use sourceTensor.clone().detach() or sourceTensor.clone().detach().requires_grad_(True), rather than torch.tensor(sourceTensor).
  X = torch.tensor(X, dtype=torch.float32).to(self.device)
/home/mburu/anaconda3/envs/TabSurvey/lib/python3.8/site-packages/torch/nn/modules/loss.py:535: UserWarning: Using a target size (torch.Size([4316])) that is different to the input size (torch.Size([4316, 1])). This will likely lead to incorrect results due to broadcasting. Please ensure they have the same size.
  return F.mse_loss(input, target, reduction=self.reduction)
/home/mburu/anaconda3/envs/TabSurvey/lib/python3.8/site-packages/torch/nn/modules/loss.py:535: UserWarning: Using a target size (torch.Size([44])) that is different to the input size (torch.Size([44, 1])). This will likely lead to incorrect results due to broadcasting. Please ensure they have the same size.
  return F.mse_loss(input, target, reduction=self.reduction)
/home/mburu/anaconda3/envs/TabSurvey/lib/python3.8/site-packages/torch/nn/modules/loss.py:535: UserWarning: Using a target size (torch.Size([64])) that is different to the input size (torch.Size([64, 1])). This will likely lead to incorrect results due to broadcasting. Please ensure they have the same size.
  return F.mse_loss(input, target, reduction=self.reduction)
/home/mburu/Master_Thesis/master-thesis-da/DNN_Trial/models/rtdl_models.py:479: UserWarning: To copy construct from a tensor, it is recommended to use sourceTensor.clone().detach() or sourceTensor.clone().detach().requires_grad_(True), rather than torch.tensor(sourceTensor).
  X = torch.tensor(X, dtype=torch.float32).to(self.device)
/home/mburu/anaconda3/envs/TabSurvey/lib/python3.8/site-packages/torch/nn/modules/loss.py:535: UserWarning: Using a target size (torch.Size([4315])) that is different to the input size (torch.Size([4315, 1])). This will likely lead to incorrect results due to broadcasting. Please ensure they have the same size.
  return F.mse_loss(input, target, reduction=self.reduction)
/home/mburu/anaconda3/envs/TabSurvey/lib/python3.8/site-packages/torch/nn/modules/loss.py:535: UserWarning: Using a target size (torch.Size([45])) that is different to the input size (torch.Size([45, 1])). This will likely lead to incorrect results due to broadcasting. Please ensure they have the same size.
  return F.mse_loss(input, target, reduction=self.reduction)
/home/mburu/anaconda3/envs/TabSurvey/lib/python3.8/site-packages/torch/nn/modules/loss.py:535: UserWarning: Using a target size (torch.Size([64])) that is different to the input size (torch.Size([64, 1])). This will likely lead to incorrect results due to broadcasting. Please ensure they have the same size.
  return F.mse_loss(input, target, reduction=self.reduction)
/home/mburu/Master_Thesis/master-thesis-da/DNN_Trial/models/rtdl_models.py:479: UserWarning: To copy construct from a tensor, it is recommended to use sourceTensor.clone().detach() or sourceTensor.clone().detach().requires_grad_(True), rather than torch.tensor(sourceTensor).
  X = torch.tensor(X, dtype=torch.float32).to(self.device)
/home/mburu/anaconda3/envs/TabSurvey/lib/python3.8/site-packages/torch/nn/modules/loss.py:535: UserWarning: Using a target size (torch.Size([4315])) that is different to the input size (torch.Size([4315, 1])). This will likely lead to incorrect results due to broadcasting. Please ensure they have the same size.
  return F.mse_loss(input, target, reduction=self.reduction)
/home/mburu/anaconda3/envs/TabSurvey/lib/python3.8/site-packages/torch/nn/modules/loss.py:535: UserWarning: Using a target size (torch.Size([45])) that is different to the input size (torch.Size([45, 1])). This will likely lead to incorrect results due to broadcasting. Please ensure they have the same size.
  return F.mse_loss(input, target, reduction=self.reduction)
/home/mburu/anaconda3/envs/TabSurvey/lib/python3.8/site-packages/torch/nn/modules/loss.py:535: UserWarning: Using a target size (torch.Size([64])) that is different to the input size (torch.Size([64, 1])). This will likely lead to incorrect results due to broadcasting. Please ensure they have the same size.
  return F.mse_loss(input, target, reduction=self.reduction)
/home/mburu/Master_Thesis/master-thesis-da/DNN_Trial/models/rtdl_models.py:479: UserWarning: To copy construct from a tensor, it is recommended to use sourceTensor.clone().detach() or sourceTensor.clone().detach().requires_grad_(True), rather than torch.tensor(sourceTensor).
  X = torch.tensor(X, dtype=torch.float32).to(self.device)
/home/mburu/anaconda3/envs/TabSurvey/lib/python3.8/site-packages/torch/nn/modules/loss.py:535: UserWarning: Using a target size (torch.Size([4315])) that is different to the input size (torch.Size([4315, 1])). This will likely lead to incorrect results due to broadcasting. Please ensure they have the same size.
  return F.mse_loss(input, target, reduction=self.reduction)
/home/mburu/anaconda3/envs/TabSurvey/lib/python3.8/site-packages/torch/nn/modules/loss.py:535: UserWarning: Using a target size (torch.Size([45])) that is different to the input size (torch.Size([45, 1])). This will likely lead to incorrect results due to broadcasting. Please ensure they have the same size.
  return F.mse_loss(input, target, reduction=self.reduction)
/home/mburu/anaconda3/envs/TabSurvey/lib/python3.8/site-packages/torch/nn/modules/loss.py:535: UserWarning: Using a target size (torch.Size([64])) that is different to the input size (torch.Size([64, 1])). This will likely lead to incorrect results due to broadcasting. Please ensure they have the same size.
  return F.mse_loss(input, target, reduction=self.reduction)
/home/mburu/Master_Thesis/master-thesis-da/DNN_Trial/models/rtdl_models.py:479: UserWarning: To copy construct from a tensor, it is recommended to use sourceTensor.clone().detach() or sourceTensor.clone().detach().requires_grad_(True), rather than torch.tensor(sourceTensor).
  X = torch.tensor(X, dtype=torch.float32).to(self.device)
/home/mburu/anaconda3/envs/TabSurvey/lib/python3.8/site-packages/torch/nn/modules/loss.py:535: UserWarning: Using a target size (torch.Size([4315])) that is different to the input size (torch.Size([4315, 1])). This will likely lead to incorrect results due to broadcasting. Please ensure they have the same size.
  return F.mse_loss(input, target, reduction=self.reduction)
/home/mburu/anaconda3/envs/TabSurvey/lib/python3.8/site-packages/torch/nn/modules/loss.py:535: UserWarning: Using a target size (torch.Size([45])) that is different to the input size (torch.Size([45, 1])). This will likely lead to incorrect results due to broadcasting. Please ensure they have the same size.
  return F.mse_loss(input, target, reduction=self.reduction)
[I 2025-05-11 02:23:36,035] Trial 0 finished with value: 30871040.445858173 and parameters: {'learning_rate': 0.00013787928716779238, 'weight_decay': 3.584090957619629e-06}. Best is trial 0 with value: 30871040.445858173.
/home/mburu/anaconda3/envs/TabSurvey/lib/python3.8/site-packages/torch/nn/modules/loss.py:535: UserWarning: Using a target size (torch.Size([64])) that is different to the input size (torch.Size([64, 1])). This will likely lead to incorrect results due to broadcasting. Please ensure they have the same size.
  return F.mse_loss(input, target, reduction=self.reduction)
/home/mburu/Master_Thesis/master-thesis-da/DNN_Trial/models/rtdl_models.py:479: UserWarning: To copy construct from a tensor, it is recommended to use sourceTensor.clone().detach() or sourceTensor.clone().detach().requires_grad_(True), rather than torch.tensor(sourceTensor).
  X = torch.tensor(X, dtype=torch.float32).to(self.device)
/home/mburu/anaconda3/envs/TabSurvey/lib/python3.8/site-packages/torch/nn/modules/loss.py:535: UserWarning: Using a target size (torch.Size([4316])) that is different to the input size (torch.Size([4316, 1])). This will likely lead to incorrect results due to broadcasting. Please ensure they have the same size.
  return F.mse_loss(input, target, reduction=self.reduction)
/home/mburu/anaconda3/envs/TabSurvey/lib/python3.8/site-packages/torch/nn/modules/loss.py:535: UserWarning: Using a target size (torch.Size([44])) that is different to the input size (torch.Size([44, 1])). This will likely lead to incorrect results due to broadcasting. Please ensure they have the same size.
  return F.mse_loss(input, target, reduction=self.reduction)
/home/mburu/anaconda3/envs/TabSurvey/lib/python3.8/site-packages/torch/nn/modules/loss.py:535: UserWarning: Using a target size (torch.Size([64])) that is different to the input size (torch.Size([64, 1])). This will likely lead to incorrect results due to broadcasting. Please ensure they have the same size.
  return F.mse_loss(input, target, reduction=self.reduction)
/home/mburu/Master_Thesis/master-thesis-da/DNN_Trial/models/rtdl_models.py:479: UserWarning: To copy construct from a tensor, it is recommended to use sourceTensor.clone().detach() or sourceTensor.clone().detach().requires_grad_(True), rather than torch.tensor(sourceTensor).
  X = torch.tensor(X, dtype=torch.float32).to(self.device)
/home/mburu/anaconda3/envs/TabSurvey/lib/python3.8/site-packages/torch/nn/modules/loss.py:535: UserWarning: Using a target size (torch.Size([4315])) that is different to the input size (torch.Size([4315, 1])). This will likely lead to incorrect results due to broadcasting. Please ensure they have the same size.
  return F.mse_loss(input, target, reduction=self.reduction)
/home/mburu/anaconda3/envs/TabSurvey/lib/python3.8/site-packages/torch/nn/modules/loss.py:535: UserWarning: Using a target size (torch.Size([45])) that is different to the input size (torch.Size([45, 1])). This will likely lead to incorrect results due to broadcasting. Please ensure they have the same size.
  return F.mse_loss(input, target, reduction=self.reduction)
/home/mburu/anaconda3/envs/TabSurvey/lib/python3.8/site-packages/torch/nn/modules/loss.py:535: UserWarning: Using a target size (torch.Size([64])) that is different to the input size (torch.Size([64, 1])). This will likely lead to incorrect results due to broadcasting. Please ensure they have the same size.
  return F.mse_loss(input, target, reduction=self.reduction)
/home/mburu/Master_Thesis/master-thesis-da/DNN_Trial/models/rtdl_models.py:479: UserWarning: To copy construct from a tensor, it is recommended to use sourceTensor.clone().detach() or sourceTensor.clone().detach().requires_grad_(True), rather than torch.tensor(sourceTensor).
  X = torch.tensor(X, dtype=torch.float32).to(self.device)
/home/mburu/anaconda3/envs/TabSurvey/lib/python3.8/site-packages/torch/nn/modules/loss.py:535: UserWarning: Using a target size (torch.Size([4315])) that is different to the input size (torch.Size([4315, 1])). This will likely lead to incorrect results due to broadcasting. Please ensure they have the same size.
  return F.mse_loss(input, target, reduction=self.reduction)
/home/mburu/anaconda3/envs/TabSurvey/lib/python3.8/site-packages/torch/nn/modules/loss.py:535: UserWarning: Using a target size (torch.Size([45])) that is different to the input size (torch.Size([45, 1])). This will likely lead to incorrect results due to broadcasting. Please ensure they have the same size.
  return F.mse_loss(input, target, reduction=self.reduction)
/home/mburu/anaconda3/envs/TabSurvey/lib/python3.8/site-packages/torch/nn/modules/loss.py:535: UserWarning: Using a target size (torch.Size([64])) that is different to the input size (torch.Size([64, 1])). This will likely lead to incorrect results due to broadcasting. Please ensure they have the same size.
  return F.mse_loss(input, target, reduction=self.reduction)
/home/mburu/Master_Thesis/master-thesis-da/DNN_Trial/models/rtdl_models.py:479: UserWarning: To copy construct from a tensor, it is recommended to use sourceTensor.clone().detach() or sourceTensor.clone().detach().requires_grad_(True), rather than torch.tensor(sourceTensor).
  X = torch.tensor(X, dtype=torch.float32).to(self.device)
/home/mburu/anaconda3/envs/TabSurvey/lib/python3.8/site-packages/torch/nn/modules/loss.py:535: UserWarning: Using a target size (torch.Size([4315])) that is different to the input size (torch.Size([4315, 1])). This will likely lead to incorrect results due to broadcasting. Please ensure they have the same size.
  return F.mse_loss(input, target, reduction=self.reduction)
/home/mburu/anaconda3/envs/TabSurvey/lib/python3.8/site-packages/torch/nn/modules/loss.py:535: UserWarning: Using a target size (torch.Size([45])) that is different to the input size (torch.Size([45, 1])). This will likely lead to incorrect results due to broadcasting. Please ensure they have the same size.
  return F.mse_loss(input, target, reduction=self.reduction)
/home/mburu/anaconda3/envs/TabSurvey/lib/python3.8/site-packages/torch/nn/modules/loss.py:535: UserWarning: Using a target size (torch.Size([64])) that is different to the input size (torch.Size([64, 1])). This will likely lead to incorrect results due to broadcasting. Please ensure they have the same size.
  return F.mse_loss(input, target, reduction=self.reduction)
/home/mburu/Master_Thesis/master-thesis-da/DNN_Trial/models/rtdl_models.py:479: UserWarning: To copy construct from a tensor, it is recommended to use sourceTensor.clone().detach() or sourceTensor.clone().detach().requires_grad_(True), rather than torch.tensor(sourceTensor).
  X = torch.tensor(X, dtype=torch.float32).to(self.device)
/home/mburu/anaconda3/envs/TabSurvey/lib/python3.8/site-packages/torch/nn/modules/loss.py:535: UserWarning: Using a target size (torch.Size([4315])) that is different to the input size (torch.Size([4315, 1])). This will likely lead to incorrect results due to broadcasting. Please ensure they have the same size.
  return F.mse_loss(input, target, reduction=self.reduction)
/home/mburu/anaconda3/envs/TabSurvey/lib/python3.8/site-packages/torch/nn/modules/loss.py:535: UserWarning: Using a target size (torch.Size([45])) that is different to the input size (torch.Size([45, 1])). This will likely lead to incorrect results due to broadcasting. Please ensure they have the same size.
  return F.mse_loss(input, target, reduction=self.reduction)
[I 2025-05-11 02:24:25,567] Trial 1 finished with value: 25600658.199289393 and parameters: {'learning_rate': 0.005211970296231711, 'weight_decay': 1.0756377751388832e-06}. Best is trial 1 with value: 25600658.199289393.
/home/mburu/anaconda3/envs/TabSurvey/lib/python3.8/site-packages/torch/nn/modules/loss.py:535: UserWarning: Using a target size (torch.Size([64])) that is different to the input size (torch.Size([64, 1])). This will likely lead to incorrect results due to broadcasting. Please ensure they have the same size.
  return F.mse_loss(input, target, reduction=self.reduction)
/home/mburu/Master_Thesis/master-thesis-da/DNN_Trial/models/rtdl_models.py:479: UserWarning: To copy construct from a tensor, it is recommended to use sourceTensor.clone().detach() or sourceTensor.clone().detach().requires_grad_(True), rather than torch.tensor(sourceTensor).
  X = torch.tensor(X, dtype=torch.float32).to(self.device)
/home/mburu/anaconda3/envs/TabSurvey/lib/python3.8/site-packages/torch/nn/modules/loss.py:535: UserWarning: Using a target size (torch.Size([4316])) that is different to the input size (torch.Size([4316, 1])). This will likely lead to incorrect results due to broadcasting. Please ensure they have the same size.
  return F.mse_loss(input, target, reduction=self.reduction)
/home/mburu/anaconda3/envs/TabSurvey/lib/python3.8/site-packages/torch/nn/modules/loss.py:535: UserWarning: Using a target size (torch.Size([44])) that is different to the input size (torch.Size([44, 1])). This will likely lead to incorrect results due to broadcasting. Please ensure they have the same size.
  return F.mse_loss(input, target, reduction=self.reduction)
/home/mburu/anaconda3/envs/TabSurvey/lib/python3.8/site-packages/torch/nn/modules/loss.py:535: UserWarning: Using a target size (torch.Size([64])) that is different to the input size (torch.Size([64, 1])). This will likely lead to incorrect results due to broadcasting. Please ensure they have the same size.
  return F.mse_loss(input, target, reduction=self.reduction)
/home/mburu/Master_Thesis/master-thesis-da/DNN_Trial/models/rtdl_models.py:479: UserWarning: To copy construct from a tensor, it is recommended to use sourceTensor.clone().detach() or sourceTensor.clone().detach().requires_grad_(True), rather than torch.tensor(sourceTensor).
  X = torch.tensor(X, dtype=torch.float32).to(self.device)
/home/mburu/anaconda3/envs/TabSurvey/lib/python3.8/site-packages/torch/nn/modules/loss.py:535: UserWarning: Using a target size (torch.Size([4315])) that is different to the input size (torch.Size([4315, 1])). This will likely lead to incorrect results due to broadcasting. Please ensure they have the same size.
  return F.mse_loss(input, target, reduction=self.reduction)
/home/mburu/anaconda3/envs/TabSurvey/lib/python3.8/site-packages/torch/nn/modules/loss.py:535: UserWarning: Using a target size (torch.Size([45])) that is different to the input size (torch.Size([45, 1])). This will likely lead to incorrect results due to broadcasting. Please ensure they have the same size.
  return F.mse_loss(input, target, reduction=self.reduction)
/home/mburu/anaconda3/envs/TabSurvey/lib/python3.8/site-packages/torch/nn/modules/loss.py:535: UserWarning: Using a target size (torch.Size([64])) that is different to the input size (torch.Size([64, 1])). This will likely lead to incorrect results due to broadcasting. Please ensure they have the same size.
  return F.mse_loss(input, target, reduction=self.reduction)
/home/mburu/Master_Thesis/master-thesis-da/DNN_Trial/models/rtdl_models.py:479: UserWarning: To copy construct from a tensor, it is recommended to use sourceTensor.clone().detach() or sourceTensor.clone().detach().requires_grad_(True), rather than torch.tensor(sourceTensor).
  X = torch.tensor(X, dtype=torch.float32).to(self.device)
/home/mburu/anaconda3/envs/TabSurvey/lib/python3.8/site-packages/torch/nn/modules/loss.py:535: UserWarning: Using a target size (torch.Size([4315])) that is different to the input size (torch.Size([4315, 1])). This will likely lead to incorrect results due to broadcasting. Please ensure they have the same size.
  return F.mse_loss(input, target, reduction=self.reduction)
/home/mburu/anaconda3/envs/TabSurvey/lib/python3.8/site-packages/torch/nn/modules/loss.py:535: UserWarning: Using a target size (torch.Size([45])) that is different to the input size (torch.Size([45, 1])). This will likely lead to incorrect results due to broadcasting. Please ensure they have the same size.
  return F.mse_loss(input, target, reduction=self.reduction)
/home/mburu/anaconda3/envs/TabSurvey/lib/python3.8/site-packages/torch/nn/modules/loss.py:535: UserWarning: Using a target size (torch.Size([64])) that is different to the input size (torch.Size([64, 1])). This will likely lead to incorrect results due to broadcasting. Please ensure they have the same size.
  return F.mse_loss(input, target, reduction=self.reduction)
/home/mburu/Master_Thesis/master-thesis-da/DNN_Trial/models/rtdl_models.py:479: UserWarning: To copy construct from a tensor, it is recommended to use sourceTensor.clone().detach() or sourceTensor.clone().detach().requires_grad_(True), rather than torch.tensor(sourceTensor).
  X = torch.tensor(X, dtype=torch.float32).to(self.device)
/home/mburu/anaconda3/envs/TabSurvey/lib/python3.8/site-packages/torch/nn/modules/loss.py:535: UserWarning: Using a target size (torch.Size([4315])) that is different to the input size (torch.Size([4315, 1])). This will likely lead to incorrect results due to broadcasting. Please ensure they have the same size.
  return F.mse_loss(input, target, reduction=self.reduction)
/home/mburu/anaconda3/envs/TabSurvey/lib/python3.8/site-packages/torch/nn/modules/loss.py:535: UserWarning: Using a target size (torch.Size([45])) that is different to the input size (torch.Size([45, 1])). This will likely lead to incorrect results due to broadcasting. Please ensure they have the same size.
  return F.mse_loss(input, target, reduction=self.reduction)
/home/mburu/anaconda3/envs/TabSurvey/lib/python3.8/site-packages/torch/nn/modules/loss.py:535: UserWarning: Using a target size (torch.Size([64])) that is different to the input size (torch.Size([64, 1])). This will likely lead to incorrect results due to broadcasting. Please ensure they have the same size.
  return F.mse_loss(input, target, reduction=self.reduction)
/home/mburu/Master_Thesis/master-thesis-da/DNN_Trial/models/rtdl_models.py:479: UserWarning: To copy construct from a tensor, it is recommended to use sourceTensor.clone().detach() or sourceTensor.clone().detach().requires_grad_(True), rather than torch.tensor(sourceTensor).
  X = torch.tensor(X, dtype=torch.float32).to(self.device)
/home/mburu/anaconda3/envs/TabSurvey/lib/python3.8/site-packages/torch/nn/modules/loss.py:535: UserWarning: Using a target size (torch.Size([4315])) that is different to the input size (torch.Size([4315, 1])). This will likely lead to incorrect results due to broadcasting. Please ensure they have the same size.
  return F.mse_loss(input, target, reduction=self.reduction)
/home/mburu/anaconda3/envs/TabSurvey/lib/python3.8/site-packages/torch/nn/modules/loss.py:535: UserWarning: Using a target size (torch.Size([45])) that is different to the input size (torch.Size([45, 1])). This will likely lead to incorrect results due to broadcasting. Please ensure they have the same size.
  return F.mse_loss(input, target, reduction=self.reduction)
[I 2025-05-11 02:25:14,796] Trial 2 finished with value: 30774997.502563335 and parameters: {'learning_rate': 0.00047242728069019134, 'weight_decay': 1.937905283448646e-06}. Best is trial 1 with value: 25600658.199289393.
/home/mburu/anaconda3/envs/TabSurvey/lib/python3.8/site-packages/torch/nn/modules/loss.py:535: UserWarning: Using a target size (torch.Size([64])) that is different to the input size (torch.Size([64, 1])). This will likely lead to incorrect results due to broadcasting. Please ensure they have the same size.
  return F.mse_loss(input, target, reduction=self.reduction)
/home/mburu/Master_Thesis/master-thesis-da/DNN_Trial/models/rtdl_models.py:479: UserWarning: To copy construct from a tensor, it is recommended to use sourceTensor.clone().detach() or sourceTensor.clone().detach().requires_grad_(True), rather than torch.tensor(sourceTensor).
  X = torch.tensor(X, dtype=torch.float32).to(self.device)
/home/mburu/anaconda3/envs/TabSurvey/lib/python3.8/site-packages/torch/nn/modules/loss.py:535: UserWarning: Using a target size (torch.Size([4316])) that is different to the input size (torch.Size([4316, 1])). This will likely lead to incorrect results due to broadcasting. Please ensure they have the same size.
  return F.mse_loss(input, target, reduction=self.reduction)
/home/mburu/anaconda3/envs/TabSurvey/lib/python3.8/site-packages/torch/nn/modules/loss.py:535: UserWarning: Using a target size (torch.Size([44])) that is different to the input size (torch.Size([44, 1])). This will likely lead to incorrect results due to broadcasting. Please ensure they have the same size.
  return F.mse_loss(input, target, reduction=self.reduction)
/home/mburu/anaconda3/envs/TabSurvey/lib/python3.8/site-packages/torch/nn/modules/loss.py:535: UserWarning: Using a target size (torch.Size([64])) that is different to the input size (torch.Size([64, 1])). This will likely lead to incorrect results due to broadcasting. Please ensure they have the same size.
  return F.mse_loss(input, target, reduction=self.reduction)
/home/mburu/Master_Thesis/master-thesis-da/DNN_Trial/models/rtdl_models.py:479: UserWarning: To copy construct from a tensor, it is recommended to use sourceTensor.clone().detach() or sourceTensor.clone().detach().requires_grad_(True), rather than torch.tensor(sourceTensor).
  X = torch.tensor(X, dtype=torch.float32).to(self.device)
/home/mburu/anaconda3/envs/TabSurvey/lib/python3.8/site-packages/torch/nn/modules/loss.py:535: UserWarning: Using a target size (torch.Size([4315])) that is different to the input size (torch.Size([4315, 1])). This will likely lead to incorrect results due to broadcasting. Please ensure they have the same size.
  return F.mse_loss(input, target, reduction=self.reduction)
/home/mburu/anaconda3/envs/TabSurvey/lib/python3.8/site-packages/torch/nn/modules/loss.py:535: UserWarning: Using a target size (torch.Size([45])) that is different to the input size (torch.Size([45, 1])). This will likely lead to incorrect results due to broadcasting. Please ensure they have the same size.
  return F.mse_loss(input, target, reduction=self.reduction)
/home/mburu/anaconda3/envs/TabSurvey/lib/python3.8/site-packages/torch/nn/modules/loss.py:535: UserWarning: Using a target size (torch.Size([64])) that is different to the input size (torch.Size([64, 1])). This will likely lead to incorrect results due to broadcasting. Please ensure they have the same size.
  return F.mse_loss(input, target, reduction=self.reduction)
/home/mburu/Master_Thesis/master-thesis-da/DNN_Trial/models/rtdl_models.py:479: UserWarning: To copy construct from a tensor, it is recommended to use sourceTensor.clone().detach() or sourceTensor.clone().detach().requires_grad_(True), rather than torch.tensor(sourceTensor).
  X = torch.tensor(X, dtype=torch.float32).to(self.device)
/home/mburu/anaconda3/envs/TabSurvey/lib/python3.8/site-packages/torch/nn/modules/loss.py:535: UserWarning: Using a target size (torch.Size([4315])) that is different to the input size (torch.Size([4315, 1])). This will likely lead to incorrect results due to broadcasting. Please ensure they have the same size.
  return F.mse_loss(input, target, reduction=self.reduction)
/home/mburu/anaconda3/envs/TabSurvey/lib/python3.8/site-packages/torch/nn/modules/loss.py:535: UserWarning: Using a target size (torch.Size([45])) that is different to the input size (torch.Size([45, 1])). This will likely lead to incorrect results due to broadcasting. Please ensure they have the same size.
  return F.mse_loss(input, target, reduction=self.reduction)
/home/mburu/anaconda3/envs/TabSurvey/lib/python3.8/site-packages/torch/nn/modules/loss.py:535: UserWarning: Using a target size (torch.Size([64])) that is different to the input size (torch.Size([64, 1])). This will likely lead to incorrect results due to broadcasting. Please ensure they have the same size.
  return F.mse_loss(input, target, reduction=self.reduction)
/home/mburu/Master_Thesis/master-thesis-da/DNN_Trial/models/rtdl_models.py:479: UserWarning: To copy construct from a tensor, it is recommended to use sourceTensor.clone().detach() or sourceTensor.clone().detach().requires_grad_(True), rather than torch.tensor(sourceTensor).
  X = torch.tensor(X, dtype=torch.float32).to(self.device)
/home/mburu/anaconda3/envs/TabSurvey/lib/python3.8/site-packages/torch/nn/modules/loss.py:535: UserWarning: Using a target size (torch.Size([4315])) that is different to the input size (torch.Size([4315, 1])). This will likely lead to incorrect results due to broadcasting. Please ensure they have the same size.
  return F.mse_loss(input, target, reduction=self.reduction)
/home/mburu/anaconda3/envs/TabSurvey/lib/python3.8/site-packages/torch/nn/modules/loss.py:535: UserWarning: Using a target size (torch.Size([45])) that is different to the input size (torch.Size([45, 1])). This will likely lead to incorrect results due to broadcasting. Please ensure they have the same size.
  return F.mse_loss(input, target, reduction=self.reduction)
/home/mburu/anaconda3/envs/TabSurvey/lib/python3.8/site-packages/torch/nn/modules/loss.py:535: UserWarning: Using a target size (torch.Size([64])) that is different to the input size (torch.Size([64, 1])). This will likely lead to incorrect results due to broadcasting. Please ensure they have the same size.
  return F.mse_loss(input, target, reduction=self.reduction)
/home/mburu/Master_Thesis/master-thesis-da/DNN_Trial/models/rtdl_models.py:479: UserWarning: To copy construct from a tensor, it is recommended to use sourceTensor.clone().detach() or sourceTensor.clone().detach().requires_grad_(True), rather than torch.tensor(sourceTensor).
  X = torch.tensor(X, dtype=torch.float32).to(self.device)
/home/mburu/anaconda3/envs/TabSurvey/lib/python3.8/site-packages/torch/nn/modules/loss.py:535: UserWarning: Using a target size (torch.Size([4315])) that is different to the input size (torch.Size([4315, 1])). This will likely lead to incorrect results due to broadcasting. Please ensure they have the same size.
  return F.mse_loss(input, target, reduction=self.reduction)
/home/mburu/anaconda3/envs/TabSurvey/lib/python3.8/site-packages/torch/nn/modules/loss.py:535: UserWarning: Using a target size (torch.Size([45])) that is different to the input size (torch.Size([45, 1])). This will likely lead to incorrect results due to broadcasting. Please ensure they have the same size.
  return F.mse_loss(input, target, reduction=self.reduction)
[I 2025-05-11 02:26:04,567] Trial 3 finished with value: 30887315.80987994 and parameters: {'learning_rate': 6.341926581857169e-05, 'weight_decay': 0.007584571618554309}. Best is trial 1 with value: 25600658.199289393.
/home/mburu/anaconda3/envs/TabSurvey/lib/python3.8/site-packages/torch/nn/modules/loss.py:535: UserWarning: Using a target size (torch.Size([64])) that is different to the input size (torch.Size([64, 1])). This will likely lead to incorrect results due to broadcasting. Please ensure they have the same size.
  return F.mse_loss(input, target, reduction=self.reduction)
/home/mburu/Master_Thesis/master-thesis-da/DNN_Trial/models/rtdl_models.py:479: UserWarning: To copy construct from a tensor, it is recommended to use sourceTensor.clone().detach() or sourceTensor.clone().detach().requires_grad_(True), rather than torch.tensor(sourceTensor).
  X = torch.tensor(X, dtype=torch.float32).to(self.device)
/home/mburu/anaconda3/envs/TabSurvey/lib/python3.8/site-packages/torch/nn/modules/loss.py:535: UserWarning: Using a target size (torch.Size([4316])) that is different to the input size (torch.Size([4316, 1])). This will likely lead to incorrect results due to broadcasting. Please ensure they have the same size.
  return F.mse_loss(input, target, reduction=self.reduction)
/home/mburu/anaconda3/envs/TabSurvey/lib/python3.8/site-packages/torch/nn/modules/loss.py:535: UserWarning: Using a target size (torch.Size([44])) that is different to the input size (torch.Size([44, 1])). This will likely lead to incorrect results due to broadcasting. Please ensure they have the same size.
  return F.mse_loss(input, target, reduction=self.reduction)
/home/mburu/anaconda3/envs/TabSurvey/lib/python3.8/site-packages/torch/nn/modules/loss.py:535: UserWarning: Using a target size (torch.Size([64])) that is different to the input size (torch.Size([64, 1])). This will likely lead to incorrect results due to broadcasting. Please ensure they have the same size.
  return F.mse_loss(input, target, reduction=self.reduction)
/home/mburu/Master_Thesis/master-thesis-da/DNN_Trial/models/rtdl_models.py:479: UserWarning: To copy construct from a tensor, it is recommended to use sourceTensor.clone().detach() or sourceTensor.clone().detach().requires_grad_(True), rather than torch.tensor(sourceTensor).
  X = torch.tensor(X, dtype=torch.float32).to(self.device)
/home/mburu/anaconda3/envs/TabSurvey/lib/python3.8/site-packages/torch/nn/modules/loss.py:535: UserWarning: Using a target size (torch.Size([4315])) that is different to the input size (torch.Size([4315, 1])). This will likely lead to incorrect results due to broadcasting. Please ensure they have the same size.
  return F.mse_loss(input, target, reduction=self.reduction)
/home/mburu/anaconda3/envs/TabSurvey/lib/python3.8/site-packages/torch/nn/modules/loss.py:535: UserWarning: Using a target size (torch.Size([45])) that is different to the input size (torch.Size([45, 1])). This will likely lead to incorrect results due to broadcasting. Please ensure they have the same size.
  return F.mse_loss(input, target, reduction=self.reduction)
/home/mburu/anaconda3/envs/TabSurvey/lib/python3.8/site-packages/torch/nn/modules/loss.py:535: UserWarning: Using a target size (torch.Size([64])) that is different to the input size (torch.Size([64, 1])). This will likely lead to incorrect results due to broadcasting. Please ensure they have the same size.
  return F.mse_loss(input, target, reduction=self.reduction)
/home/mburu/Master_Thesis/master-thesis-da/DNN_Trial/models/rtdl_models.py:479: UserWarning: To copy construct from a tensor, it is recommended to use sourceTensor.clone().detach() or sourceTensor.clone().detach().requires_grad_(True), rather than torch.tensor(sourceTensor).
  X = torch.tensor(X, dtype=torch.float32).to(self.device)
/home/mburu/anaconda3/envs/TabSurvey/lib/python3.8/site-packages/torch/nn/modules/loss.py:535: UserWarning: Using a target size (torch.Size([4315])) that is different to the input size (torch.Size([4315, 1])). This will likely lead to incorrect results due to broadcasting. Please ensure they have the same size.
  return F.mse_loss(input, target, reduction=self.reduction)
/home/mburu/anaconda3/envs/TabSurvey/lib/python3.8/site-packages/torch/nn/modules/loss.py:535: UserWarning: Using a target size (torch.Size([45])) that is different to the input size (torch.Size([45, 1])). This will likely lead to incorrect results due to broadcasting. Please ensure they have the same size.
  return F.mse_loss(input, target, reduction=self.reduction)
/home/mburu/anaconda3/envs/TabSurvey/lib/python3.8/site-packages/torch/nn/modules/loss.py:535: UserWarning: Using a target size (torch.Size([64])) that is different to the input size (torch.Size([64, 1])). This will likely lead to incorrect results due to broadcasting. Please ensure they have the same size.
  return F.mse_loss(input, target, reduction=self.reduction)
/home/mburu/Master_Thesis/master-thesis-da/DNN_Trial/models/rtdl_models.py:479: UserWarning: To copy construct from a tensor, it is recommended to use sourceTensor.clone().detach() or sourceTensor.clone().detach().requires_grad_(True), rather than torch.tensor(sourceTensor).
  X = torch.tensor(X, dtype=torch.float32).to(self.device)
/home/mburu/anaconda3/envs/TabSurvey/lib/python3.8/site-packages/torch/nn/modules/loss.py:535: UserWarning: Using a target size (torch.Size([4315])) that is different to the input size (torch.Size([4315, 1])). This will likely lead to incorrect results due to broadcasting. Please ensure they have the same size.
  return F.mse_loss(input, target, reduction=self.reduction)
/home/mburu/anaconda3/envs/TabSurvey/lib/python3.8/site-packages/torch/nn/modules/loss.py:535: UserWarning: Using a target size (torch.Size([45])) that is different to the input size (torch.Size([45, 1])). This will likely lead to incorrect results due to broadcasting. Please ensure they have the same size.
  return F.mse_loss(input, target, reduction=self.reduction)
/home/mburu/anaconda3/envs/TabSurvey/lib/python3.8/site-packages/torch/nn/modules/loss.py:535: UserWarning: Using a target size (torch.Size([64])) that is different to the input size (torch.Size([64, 1])). This will likely lead to incorrect results due to broadcasting. Please ensure they have the same size.
  return F.mse_loss(input, target, reduction=self.reduction)
/home/mburu/Master_Thesis/master-thesis-da/DNN_Trial/models/rtdl_models.py:479: UserWarning: To copy construct from a tensor, it is recommended to use sourceTensor.clone().detach() or sourceTensor.clone().detach().requires_grad_(True), rather than torch.tensor(sourceTensor).
  X = torch.tensor(X, dtype=torch.float32).to(self.device)
/home/mburu/anaconda3/envs/TabSurvey/lib/python3.8/site-packages/torch/nn/modules/loss.py:535: UserWarning: Using a target size (torch.Size([4315])) that is different to the input size (torch.Size([4315, 1])). This will likely lead to incorrect results due to broadcasting. Please ensure they have the same size.
  return F.mse_loss(input, target, reduction=self.reduction)
/home/mburu/anaconda3/envs/TabSurvey/lib/python3.8/site-packages/torch/nn/modules/loss.py:535: UserWarning: Using a target size (torch.Size([45])) that is different to the input size (torch.Size([45, 1])). This will likely lead to incorrect results due to broadcasting. Please ensure they have the same size.
  return F.mse_loss(input, target, reduction=self.reduction)
[I 2025-05-11 02:26:53,965] Trial 4 finished with value: 30857731.590112947 and parameters: {'learning_rate': 0.00018631207703525562, 'weight_decay': 1.595309711844567e-05}. Best is trial 1 with value: 25600658.199289393.
/home/mburu/anaconda3/envs/TabSurvey/lib/python3.8/site-packages/torch/nn/modules/loss.py:535: UserWarning: Using a target size (torch.Size([64])) that is different to the input size (torch.Size([64, 1])). This will likely lead to incorrect results due to broadcasting. Please ensure they have the same size.
  return F.mse_loss(input, target, reduction=self.reduction)
/home/mburu/Master_Thesis/master-thesis-da/DNN_Trial/models/rtdl_models.py:479: UserWarning: To copy construct from a tensor, it is recommended to use sourceTensor.clone().detach() or sourceTensor.clone().detach().requires_grad_(True), rather than torch.tensor(sourceTensor).
  X = torch.tensor(X, dtype=torch.float32).to(self.device)
/home/mburu/anaconda3/envs/TabSurvey/lib/python3.8/site-packages/torch/nn/modules/loss.py:535: UserWarning: Using a target size (torch.Size([5394])) that is different to the input size (torch.Size([5394, 1])). This will likely lead to incorrect results due to broadcasting. Please ensure they have the same size.
  return F.mse_loss(input, target, reduction=self.reduction)
/home/mburu/anaconda3/envs/TabSurvey/lib/python3.8/site-packages/torch/nn/modules/loss.py:535: UserWarning: Using a target size (torch.Size([8])) that is different to the input size (torch.Size([8, 1])). This will likely lead to incorrect results due to broadcasting. Please ensure they have the same size.
  return F.mse_loss(input, target, reduction=self.reduction)
[I 2025-05-11 02:27:09,011] A new study created in memory with name: FTTransformer_Diamonds_outer4
/home/mburu/anaconda3/envs/TabSurvey/lib/python3.8/site-packages/torch/nn/modules/loss.py:535: UserWarning: Using a target size (torch.Size([64])) that is different to the input size (torch.Size([64, 1])). This will likely lead to incorrect results due to broadcasting. Please ensure they have the same size.
  return F.mse_loss(input, target, reduction=self.reduction)
/home/mburu/Master_Thesis/master-thesis-da/DNN_Trial/models/rtdl_models.py:479: UserWarning: To copy construct from a tensor, it is recommended to use sourceTensor.clone().detach() or sourceTensor.clone().detach().requires_grad_(True), rather than torch.tensor(sourceTensor).
  X = torch.tensor(X, dtype=torch.float32).to(self.device)
/home/mburu/anaconda3/envs/TabSurvey/lib/python3.8/site-packages/torch/nn/modules/loss.py:535: UserWarning: Using a target size (torch.Size([4316])) that is different to the input size (torch.Size([4316, 1])). This will likely lead to incorrect results due to broadcasting. Please ensure they have the same size.
  return F.mse_loss(input, target, reduction=self.reduction)
/home/mburu/anaconda3/envs/TabSurvey/lib/python3.8/site-packages/torch/nn/modules/loss.py:535: UserWarning: Using a target size (torch.Size([44])) that is different to the input size (torch.Size([44, 1])). This will likely lead to incorrect results due to broadcasting. Please ensure they have the same size.
  return F.mse_loss(input, target, reduction=self.reduction)
/home/mburu/anaconda3/envs/TabSurvey/lib/python3.8/site-packages/torch/nn/modules/loss.py:535: UserWarning: Using a target size (torch.Size([64])) that is different to the input size (torch.Size([64, 1])). This will likely lead to incorrect results due to broadcasting. Please ensure they have the same size.
  return F.mse_loss(input, target, reduction=self.reduction)
/home/mburu/Master_Thesis/master-thesis-da/DNN_Trial/models/rtdl_models.py:479: UserWarning: To copy construct from a tensor, it is recommended to use sourceTensor.clone().detach() or sourceTensor.clone().detach().requires_grad_(True), rather than torch.tensor(sourceTensor).
  X = torch.tensor(X, dtype=torch.float32).to(self.device)
/home/mburu/anaconda3/envs/TabSurvey/lib/python3.8/site-packages/torch/nn/modules/loss.py:535: UserWarning: Using a target size (torch.Size([4315])) that is different to the input size (torch.Size([4315, 1])). This will likely lead to incorrect results due to broadcasting. Please ensure they have the same size.
  return F.mse_loss(input, target, reduction=self.reduction)
/home/mburu/anaconda3/envs/TabSurvey/lib/python3.8/site-packages/torch/nn/modules/loss.py:535: UserWarning: Using a target size (torch.Size([45])) that is different to the input size (torch.Size([45, 1])). This will likely lead to incorrect results due to broadcasting. Please ensure they have the same size.
  return F.mse_loss(input, target, reduction=self.reduction)
/home/mburu/anaconda3/envs/TabSurvey/lib/python3.8/site-packages/torch/nn/modules/loss.py:535: UserWarning: Using a target size (torch.Size([64])) that is different to the input size (torch.Size([64, 1])). This will likely lead to incorrect results due to broadcasting. Please ensure they have the same size.
  return F.mse_loss(input, target, reduction=self.reduction)
/home/mburu/Master_Thesis/master-thesis-da/DNN_Trial/models/rtdl_models.py:479: UserWarning: To copy construct from a tensor, it is recommended to use sourceTensor.clone().detach() or sourceTensor.clone().detach().requires_grad_(True), rather than torch.tensor(sourceTensor).
  X = torch.tensor(X, dtype=torch.float32).to(self.device)
/home/mburu/anaconda3/envs/TabSurvey/lib/python3.8/site-packages/torch/nn/modules/loss.py:535: UserWarning: Using a target size (torch.Size([4315])) that is different to the input size (torch.Size([4315, 1])). This will likely lead to incorrect results due to broadcasting. Please ensure they have the same size.
  return F.mse_loss(input, target, reduction=self.reduction)
/home/mburu/anaconda3/envs/TabSurvey/lib/python3.8/site-packages/torch/nn/modules/loss.py:535: UserWarning: Using a target size (torch.Size([45])) that is different to the input size (torch.Size([45, 1])). This will likely lead to incorrect results due to broadcasting. Please ensure they have the same size.
  return F.mse_loss(input, target, reduction=self.reduction)
/home/mburu/anaconda3/envs/TabSurvey/lib/python3.8/site-packages/torch/nn/modules/loss.py:535: UserWarning: Using a target size (torch.Size([64])) that is different to the input size (torch.Size([64, 1])). This will likely lead to incorrect results due to broadcasting. Please ensure they have the same size.
  return F.mse_loss(input, target, reduction=self.reduction)
/home/mburu/Master_Thesis/master-thesis-da/DNN_Trial/models/rtdl_models.py:479: UserWarning: To copy construct from a tensor, it is recommended to use sourceTensor.clone().detach() or sourceTensor.clone().detach().requires_grad_(True), rather than torch.tensor(sourceTensor).
  X = torch.tensor(X, dtype=torch.float32).to(self.device)
/home/mburu/anaconda3/envs/TabSurvey/lib/python3.8/site-packages/torch/nn/modules/loss.py:535: UserWarning: Using a target size (torch.Size([4315])) that is different to the input size (torch.Size([4315, 1])). This will likely lead to incorrect results due to broadcasting. Please ensure they have the same size.
  return F.mse_loss(input, target, reduction=self.reduction)
/home/mburu/anaconda3/envs/TabSurvey/lib/python3.8/site-packages/torch/nn/modules/loss.py:535: UserWarning: Using a target size (torch.Size([45])) that is different to the input size (torch.Size([45, 1])). This will likely lead to incorrect results due to broadcasting. Please ensure they have the same size.
  return F.mse_loss(input, target, reduction=self.reduction)
/home/mburu/anaconda3/envs/TabSurvey/lib/python3.8/site-packages/torch/nn/modules/loss.py:535: UserWarning: Using a target size (torch.Size([64])) that is different to the input size (torch.Size([64, 1])). This will likely lead to incorrect results due to broadcasting. Please ensure they have the same size.
  return F.mse_loss(input, target, reduction=self.reduction)
/home/mburu/Master_Thesis/master-thesis-da/DNN_Trial/models/rtdl_models.py:479: UserWarning: To copy construct from a tensor, it is recommended to use sourceTensor.clone().detach() or sourceTensor.clone().detach().requires_grad_(True), rather than torch.tensor(sourceTensor).
  X = torch.tensor(X, dtype=torch.float32).to(self.device)
/home/mburu/anaconda3/envs/TabSurvey/lib/python3.8/site-packages/torch/nn/modules/loss.py:535: UserWarning: Using a target size (torch.Size([4315])) that is different to the input size (torch.Size([4315, 1])). This will likely lead to incorrect results due to broadcasting. Please ensure they have the same size.
  return F.mse_loss(input, target, reduction=self.reduction)
/home/mburu/anaconda3/envs/TabSurvey/lib/python3.8/site-packages/torch/nn/modules/loss.py:535: UserWarning: Using a target size (torch.Size([45])) that is different to the input size (torch.Size([45, 1])). This will likely lead to incorrect results due to broadcasting. Please ensure they have the same size.
  return F.mse_loss(input, target, reduction=self.reduction)
[I 2025-05-11 02:27:58,570] Trial 0 finished with value: 30942703.552758873 and parameters: {'learning_rate': 0.0003019431679795244, 'weight_decay': 2.150528097216891e-06}. Best is trial 0 with value: 30942703.552758873.
/home/mburu/anaconda3/envs/TabSurvey/lib/python3.8/site-packages/torch/nn/modules/loss.py:535: UserWarning: Using a target size (torch.Size([64])) that is different to the input size (torch.Size([64, 1])). This will likely lead to incorrect results due to broadcasting. Please ensure they have the same size.
  return F.mse_loss(input, target, reduction=self.reduction)
/home/mburu/Master_Thesis/master-thesis-da/DNN_Trial/models/rtdl_models.py:479: UserWarning: To copy construct from a tensor, it is recommended to use sourceTensor.clone().detach() or sourceTensor.clone().detach().requires_grad_(True), rather than torch.tensor(sourceTensor).
  X = torch.tensor(X, dtype=torch.float32).to(self.device)
/home/mburu/anaconda3/envs/TabSurvey/lib/python3.8/site-packages/torch/nn/modules/loss.py:535: UserWarning: Using a target size (torch.Size([4316])) that is different to the input size (torch.Size([4316, 1])). This will likely lead to incorrect results due to broadcasting. Please ensure they have the same size.
  return F.mse_loss(input, target, reduction=self.reduction)
/home/mburu/anaconda3/envs/TabSurvey/lib/python3.8/site-packages/torch/nn/modules/loss.py:535: UserWarning: Using a target size (torch.Size([44])) that is different to the input size (torch.Size([44, 1])). This will likely lead to incorrect results due to broadcasting. Please ensure they have the same size.
  return F.mse_loss(input, target, reduction=self.reduction)
/home/mburu/anaconda3/envs/TabSurvey/lib/python3.8/site-packages/torch/nn/modules/loss.py:535: UserWarning: Using a target size (torch.Size([64])) that is different to the input size (torch.Size([64, 1])). This will likely lead to incorrect results due to broadcasting. Please ensure they have the same size.
  return F.mse_loss(input, target, reduction=self.reduction)
/home/mburu/Master_Thesis/master-thesis-da/DNN_Trial/models/rtdl_models.py:479: UserWarning: To copy construct from a tensor, it is recommended to use sourceTensor.clone().detach() or sourceTensor.clone().detach().requires_grad_(True), rather than torch.tensor(sourceTensor).
  X = torch.tensor(X, dtype=torch.float32).to(self.device)
/home/mburu/anaconda3/envs/TabSurvey/lib/python3.8/site-packages/torch/nn/modules/loss.py:535: UserWarning: Using a target size (torch.Size([4315])) that is different to the input size (torch.Size([4315, 1])). This will likely lead to incorrect results due to broadcasting. Please ensure they have the same size.
  return F.mse_loss(input, target, reduction=self.reduction)
/home/mburu/anaconda3/envs/TabSurvey/lib/python3.8/site-packages/torch/nn/modules/loss.py:535: UserWarning: Using a target size (torch.Size([45])) that is different to the input size (torch.Size([45, 1])). This will likely lead to incorrect results due to broadcasting. Please ensure they have the same size.
  return F.mse_loss(input, target, reduction=self.reduction)
/home/mburu/anaconda3/envs/TabSurvey/lib/python3.8/site-packages/torch/nn/modules/loss.py:535: UserWarning: Using a target size (torch.Size([64])) that is different to the input size (torch.Size([64, 1])). This will likely lead to incorrect results due to broadcasting. Please ensure they have the same size.
  return F.mse_loss(input, target, reduction=self.reduction)
/home/mburu/Master_Thesis/master-thesis-da/DNN_Trial/models/rtdl_models.py:479: UserWarning: To copy construct from a tensor, it is recommended to use sourceTensor.clone().detach() or sourceTensor.clone().detach().requires_grad_(True), rather than torch.tensor(sourceTensor).
  X = torch.tensor(X, dtype=torch.float32).to(self.device)
/home/mburu/anaconda3/envs/TabSurvey/lib/python3.8/site-packages/torch/nn/modules/loss.py:535: UserWarning: Using a target size (torch.Size([4315])) that is different to the input size (torch.Size([4315, 1])). This will likely lead to incorrect results due to broadcasting. Please ensure they have the same size.
  return F.mse_loss(input, target, reduction=self.reduction)
/home/mburu/anaconda3/envs/TabSurvey/lib/python3.8/site-packages/torch/nn/modules/loss.py:535: UserWarning: Using a target size (torch.Size([45])) that is different to the input size (torch.Size([45, 1])). This will likely lead to incorrect results due to broadcasting. Please ensure they have the same size.
  return F.mse_loss(input, target, reduction=self.reduction)
/home/mburu/anaconda3/envs/TabSurvey/lib/python3.8/site-packages/torch/nn/modules/loss.py:535: UserWarning: Using a target size (torch.Size([64])) that is different to the input size (torch.Size([64, 1])). This will likely lead to incorrect results due to broadcasting. Please ensure they have the same size.
  return F.mse_loss(input, target, reduction=self.reduction)
/home/mburu/Master_Thesis/master-thesis-da/DNN_Trial/models/rtdl_models.py:479: UserWarning: To copy construct from a tensor, it is recommended to use sourceTensor.clone().detach() or sourceTensor.clone().detach().requires_grad_(True), rather than torch.tensor(sourceTensor).
  X = torch.tensor(X, dtype=torch.float32).to(self.device)
/home/mburu/anaconda3/envs/TabSurvey/lib/python3.8/site-packages/torch/nn/modules/loss.py:535: UserWarning: Using a target size (torch.Size([4315])) that is different to the input size (torch.Size([4315, 1])). This will likely lead to incorrect results due to broadcasting. Please ensure they have the same size.
  return F.mse_loss(input, target, reduction=self.reduction)
/home/mburu/anaconda3/envs/TabSurvey/lib/python3.8/site-packages/torch/nn/modules/loss.py:535: UserWarning: Using a target size (torch.Size([45])) that is different to the input size (torch.Size([45, 1])). This will likely lead to incorrect results due to broadcasting. Please ensure they have the same size.
  return F.mse_loss(input, target, reduction=self.reduction)
/home/mburu/anaconda3/envs/TabSurvey/lib/python3.8/site-packages/torch/nn/modules/loss.py:535: UserWarning: Using a target size (torch.Size([64])) that is different to the input size (torch.Size([64, 1])). This will likely lead to incorrect results due to broadcasting. Please ensure they have the same size.
  return F.mse_loss(input, target, reduction=self.reduction)
/home/mburu/Master_Thesis/master-thesis-da/DNN_Trial/models/rtdl_models.py:479: UserWarning: To copy construct from a tensor, it is recommended to use sourceTensor.clone().detach() or sourceTensor.clone().detach().requires_grad_(True), rather than torch.tensor(sourceTensor).
  X = torch.tensor(X, dtype=torch.float32).to(self.device)
/home/mburu/anaconda3/envs/TabSurvey/lib/python3.8/site-packages/torch/nn/modules/loss.py:535: UserWarning: Using a target size (torch.Size([4315])) that is different to the input size (torch.Size([4315, 1])). This will likely lead to incorrect results due to broadcasting. Please ensure they have the same size.
  return F.mse_loss(input, target, reduction=self.reduction)
/home/mburu/anaconda3/envs/TabSurvey/lib/python3.8/site-packages/torch/nn/modules/loss.py:535: UserWarning: Using a target size (torch.Size([45])) that is different to the input size (torch.Size([45, 1])). This will likely lead to incorrect results due to broadcasting. Please ensure they have the same size.
  return F.mse_loss(input, target, reduction=self.reduction)
[I 2025-05-11 02:28:47,744] Trial 1 finished with value: 30995488.339823663 and parameters: {'learning_rate': 9.964937516866874e-05, 'weight_decay': 1.1605426642492396e-06}. Best is trial 0 with value: 30942703.552758873.
/home/mburu/anaconda3/envs/TabSurvey/lib/python3.8/site-packages/torch/nn/modules/loss.py:535: UserWarning: Using a target size (torch.Size([64])) that is different to the input size (torch.Size([64, 1])). This will likely lead to incorrect results due to broadcasting. Please ensure they have the same size.
  return F.mse_loss(input, target, reduction=self.reduction)
/home/mburu/Master_Thesis/master-thesis-da/DNN_Trial/models/rtdl_models.py:479: UserWarning: To copy construct from a tensor, it is recommended to use sourceTensor.clone().detach() or sourceTensor.clone().detach().requires_grad_(True), rather than torch.tensor(sourceTensor).
  X = torch.tensor(X, dtype=torch.float32).to(self.device)
/home/mburu/anaconda3/envs/TabSurvey/lib/python3.8/site-packages/torch/nn/modules/loss.py:535: UserWarning: Using a target size (torch.Size([4316])) that is different to the input size (torch.Size([4316, 1])). This will likely lead to incorrect results due to broadcasting. Please ensure they have the same size.
  return F.mse_loss(input, target, reduction=self.reduction)
/home/mburu/anaconda3/envs/TabSurvey/lib/python3.8/site-packages/torch/nn/modules/loss.py:535: UserWarning: Using a target size (torch.Size([44])) that is different to the input size (torch.Size([44, 1])). This will likely lead to incorrect results due to broadcasting. Please ensure they have the same size.
  return F.mse_loss(input, target, reduction=self.reduction)
/home/mburu/anaconda3/envs/TabSurvey/lib/python3.8/site-packages/torch/nn/modules/loss.py:535: UserWarning: Using a target size (torch.Size([64])) that is different to the input size (torch.Size([64, 1])). This will likely lead to incorrect results due to broadcasting. Please ensure they have the same size.
  return F.mse_loss(input, target, reduction=self.reduction)
/home/mburu/Master_Thesis/master-thesis-da/DNN_Trial/models/rtdl_models.py:479: UserWarning: To copy construct from a tensor, it is recommended to use sourceTensor.clone().detach() or sourceTensor.clone().detach().requires_grad_(True), rather than torch.tensor(sourceTensor).
  X = torch.tensor(X, dtype=torch.float32).to(self.device)
/home/mburu/anaconda3/envs/TabSurvey/lib/python3.8/site-packages/torch/nn/modules/loss.py:535: UserWarning: Using a target size (torch.Size([4315])) that is different to the input size (torch.Size([4315, 1])). This will likely lead to incorrect results due to broadcasting. Please ensure they have the same size.
  return F.mse_loss(input, target, reduction=self.reduction)
/home/mburu/anaconda3/envs/TabSurvey/lib/python3.8/site-packages/torch/nn/modules/loss.py:535: UserWarning: Using a target size (torch.Size([45])) that is different to the input size (torch.Size([45, 1])). This will likely lead to incorrect results due to broadcasting. Please ensure they have the same size.
  return F.mse_loss(input, target, reduction=self.reduction)
/home/mburu/anaconda3/envs/TabSurvey/lib/python3.8/site-packages/torch/nn/modules/loss.py:535: UserWarning: Using a target size (torch.Size([64])) that is different to the input size (torch.Size([64, 1])). This will likely lead to incorrect results due to broadcasting. Please ensure they have the same size.
  return F.mse_loss(input, target, reduction=self.reduction)
/home/mburu/Master_Thesis/master-thesis-da/DNN_Trial/models/rtdl_models.py:479: UserWarning: To copy construct from a tensor, it is recommended to use sourceTensor.clone().detach() or sourceTensor.clone().detach().requires_grad_(True), rather than torch.tensor(sourceTensor).
  X = torch.tensor(X, dtype=torch.float32).to(self.device)
/home/mburu/anaconda3/envs/TabSurvey/lib/python3.8/site-packages/torch/nn/modules/loss.py:535: UserWarning: Using a target size (torch.Size([4315])) that is different to the input size (torch.Size([4315, 1])). This will likely lead to incorrect results due to broadcasting. Please ensure they have the same size.
  return F.mse_loss(input, target, reduction=self.reduction)
/home/mburu/anaconda3/envs/TabSurvey/lib/python3.8/site-packages/torch/nn/modules/loss.py:535: UserWarning: Using a target size (torch.Size([45])) that is different to the input size (torch.Size([45, 1])). This will likely lead to incorrect results due to broadcasting. Please ensure they have the same size.
  return F.mse_loss(input, target, reduction=self.reduction)
/home/mburu/anaconda3/envs/TabSurvey/lib/python3.8/site-packages/torch/nn/modules/loss.py:535: UserWarning: Using a target size (torch.Size([64])) that is different to the input size (torch.Size([64, 1])). This will likely lead to incorrect results due to broadcasting. Please ensure they have the same size.
  return F.mse_loss(input, target, reduction=self.reduction)
/home/mburu/Master_Thesis/master-thesis-da/DNN_Trial/models/rtdl_models.py:479: UserWarning: To copy construct from a tensor, it is recommended to use sourceTensor.clone().detach() or sourceTensor.clone().detach().requires_grad_(True), rather than torch.tensor(sourceTensor).
  X = torch.tensor(X, dtype=torch.float32).to(self.device)
/home/mburu/anaconda3/envs/TabSurvey/lib/python3.8/site-packages/torch/nn/modules/loss.py:535: UserWarning: Using a target size (torch.Size([4315])) that is different to the input size (torch.Size([4315, 1])). This will likely lead to incorrect results due to broadcasting. Please ensure they have the same size.
  return F.mse_loss(input, target, reduction=self.reduction)
/home/mburu/anaconda3/envs/TabSurvey/lib/python3.8/site-packages/torch/nn/modules/loss.py:535: UserWarning: Using a target size (torch.Size([45])) that is different to the input size (torch.Size([45, 1])). This will likely lead to incorrect results due to broadcasting. Please ensure they have the same size.
  return F.mse_loss(input, target, reduction=self.reduction)
/home/mburu/anaconda3/envs/TabSurvey/lib/python3.8/site-packages/torch/nn/modules/loss.py:535: UserWarning: Using a target size (torch.Size([64])) that is different to the input size (torch.Size([64, 1])). This will likely lead to incorrect results due to broadcasting. Please ensure they have the same size.
  return F.mse_loss(input, target, reduction=self.reduction)
/home/mburu/Master_Thesis/master-thesis-da/DNN_Trial/models/rtdl_models.py:479: UserWarning: To copy construct from a tensor, it is recommended to use sourceTensor.clone().detach() or sourceTensor.clone().detach().requires_grad_(True), rather than torch.tensor(sourceTensor).
  X = torch.tensor(X, dtype=torch.float32).to(self.device)
/home/mburu/anaconda3/envs/TabSurvey/lib/python3.8/site-packages/torch/nn/modules/loss.py:535: UserWarning: Using a target size (torch.Size([4315])) that is different to the input size (torch.Size([4315, 1])). This will likely lead to incorrect results due to broadcasting. Please ensure they have the same size.
  return F.mse_loss(input, target, reduction=self.reduction)
/home/mburu/anaconda3/envs/TabSurvey/lib/python3.8/site-packages/torch/nn/modules/loss.py:535: UserWarning: Using a target size (torch.Size([45])) that is different to the input size (torch.Size([45, 1])). This will likely lead to incorrect results due to broadcasting. Please ensure they have the same size.
  return F.mse_loss(input, target, reduction=self.reduction)
[I 2025-05-11 02:29:36,759] Trial 2 finished with value: 30823645.355932724 and parameters: {'learning_rate': 0.000649168756073292, 'weight_decay': 0.0017035929664679975}. Best is trial 2 with value: 30823645.355932724.
/home/mburu/anaconda3/envs/TabSurvey/lib/python3.8/site-packages/torch/nn/modules/loss.py:535: UserWarning: Using a target size (torch.Size([64])) that is different to the input size (torch.Size([64, 1])). This will likely lead to incorrect results due to broadcasting. Please ensure they have the same size.
  return F.mse_loss(input, target, reduction=self.reduction)
/home/mburu/Master_Thesis/master-thesis-da/DNN_Trial/models/rtdl_models.py:479: UserWarning: To copy construct from a tensor, it is recommended to use sourceTensor.clone().detach() or sourceTensor.clone().detach().requires_grad_(True), rather than torch.tensor(sourceTensor).
  X = torch.tensor(X, dtype=torch.float32).to(self.device)
/home/mburu/anaconda3/envs/TabSurvey/lib/python3.8/site-packages/torch/nn/modules/loss.py:535: UserWarning: Using a target size (torch.Size([4316])) that is different to the input size (torch.Size([4316, 1])). This will likely lead to incorrect results due to broadcasting. Please ensure they have the same size.
  return F.mse_loss(input, target, reduction=self.reduction)
/home/mburu/anaconda3/envs/TabSurvey/lib/python3.8/site-packages/torch/nn/modules/loss.py:535: UserWarning: Using a target size (torch.Size([44])) that is different to the input size (torch.Size([44, 1])). This will likely lead to incorrect results due to broadcasting. Please ensure they have the same size.
  return F.mse_loss(input, target, reduction=self.reduction)
/home/mburu/anaconda3/envs/TabSurvey/lib/python3.8/site-packages/torch/nn/modules/loss.py:535: UserWarning: Using a target size (torch.Size([64])) that is different to the input size (torch.Size([64, 1])). This will likely lead to incorrect results due to broadcasting. Please ensure they have the same size.
  return F.mse_loss(input, target, reduction=self.reduction)
/home/mburu/Master_Thesis/master-thesis-da/DNN_Trial/models/rtdl_models.py:479: UserWarning: To copy construct from a tensor, it is recommended to use sourceTensor.clone().detach() or sourceTensor.clone().detach().requires_grad_(True), rather than torch.tensor(sourceTensor).
  X = torch.tensor(X, dtype=torch.float32).to(self.device)
/home/mburu/anaconda3/envs/TabSurvey/lib/python3.8/site-packages/torch/nn/modules/loss.py:535: UserWarning: Using a target size (torch.Size([4315])) that is different to the input size (torch.Size([4315, 1])). This will likely lead to incorrect results due to broadcasting. Please ensure they have the same size.
  return F.mse_loss(input, target, reduction=self.reduction)
/home/mburu/anaconda3/envs/TabSurvey/lib/python3.8/site-packages/torch/nn/modules/loss.py:535: UserWarning: Using a target size (torch.Size([45])) that is different to the input size (torch.Size([45, 1])). This will likely lead to incorrect results due to broadcasting. Please ensure they have the same size.
  return F.mse_loss(input, target, reduction=self.reduction)
/home/mburu/anaconda3/envs/TabSurvey/lib/python3.8/site-packages/torch/nn/modules/loss.py:535: UserWarning: Using a target size (torch.Size([64])) that is different to the input size (torch.Size([64, 1])). This will likely lead to incorrect results due to broadcasting. Please ensure they have the same size.
  return F.mse_loss(input, target, reduction=self.reduction)
/home/mburu/Master_Thesis/master-thesis-da/DNN_Trial/models/rtdl_models.py:479: UserWarning: To copy construct from a tensor, it is recommended to use sourceTensor.clone().detach() or sourceTensor.clone().detach().requires_grad_(True), rather than torch.tensor(sourceTensor).
  X = torch.tensor(X, dtype=torch.float32).to(self.device)
/home/mburu/anaconda3/envs/TabSurvey/lib/python3.8/site-packages/torch/nn/modules/loss.py:535: UserWarning: Using a target size (torch.Size([4315])) that is different to the input size (torch.Size([4315, 1])). This will likely lead to incorrect results due to broadcasting. Please ensure they have the same size.
  return F.mse_loss(input, target, reduction=self.reduction)
/home/mburu/anaconda3/envs/TabSurvey/lib/python3.8/site-packages/torch/nn/modules/loss.py:535: UserWarning: Using a target size (torch.Size([45])) that is different to the input size (torch.Size([45, 1])). This will likely lead to incorrect results due to broadcasting. Please ensure they have the same size.
  return F.mse_loss(input, target, reduction=self.reduction)
/home/mburu/anaconda3/envs/TabSurvey/lib/python3.8/site-packages/torch/nn/modules/loss.py:535: UserWarning: Using a target size (torch.Size([64])) that is different to the input size (torch.Size([64, 1])). This will likely lead to incorrect results due to broadcasting. Please ensure they have the same size.
  return F.mse_loss(input, target, reduction=self.reduction)
/home/mburu/Master_Thesis/master-thesis-da/DNN_Trial/models/rtdl_models.py:479: UserWarning: To copy construct from a tensor, it is recommended to use sourceTensor.clone().detach() or sourceTensor.clone().detach().requires_grad_(True), rather than torch.tensor(sourceTensor).
  X = torch.tensor(X, dtype=torch.float32).to(self.device)
/home/mburu/anaconda3/envs/TabSurvey/lib/python3.8/site-packages/torch/nn/modules/loss.py:535: UserWarning: Using a target size (torch.Size([4315])) that is different to the input size (torch.Size([4315, 1])). This will likely lead to incorrect results due to broadcasting. Please ensure they have the same size.
  return F.mse_loss(input, target, reduction=self.reduction)
/home/mburu/anaconda3/envs/TabSurvey/lib/python3.8/site-packages/torch/nn/modules/loss.py:535: UserWarning: Using a target size (torch.Size([45])) that is different to the input size (torch.Size([45, 1])). This will likely lead to incorrect results due to broadcasting. Please ensure they have the same size.
  return F.mse_loss(input, target, reduction=self.reduction)
/home/mburu/anaconda3/envs/TabSurvey/lib/python3.8/site-packages/torch/nn/modules/loss.py:535: UserWarning: Using a target size (torch.Size([64])) that is different to the input size (torch.Size([64, 1])). This will likely lead to incorrect results due to broadcasting. Please ensure they have the same size.
  return F.mse_loss(input, target, reduction=self.reduction)
/home/mburu/Master_Thesis/master-thesis-da/DNN_Trial/models/rtdl_models.py:479: UserWarning: To copy construct from a tensor, it is recommended to use sourceTensor.clone().detach() or sourceTensor.clone().detach().requires_grad_(True), rather than torch.tensor(sourceTensor).
  X = torch.tensor(X, dtype=torch.float32).to(self.device)
/home/mburu/anaconda3/envs/TabSurvey/lib/python3.8/site-packages/torch/nn/modules/loss.py:535: UserWarning: Using a target size (torch.Size([4315])) that is different to the input size (torch.Size([4315, 1])). This will likely lead to incorrect results due to broadcasting. Please ensure they have the same size.
  return F.mse_loss(input, target, reduction=self.reduction)
/home/mburu/anaconda3/envs/TabSurvey/lib/python3.8/site-packages/torch/nn/modules/loss.py:535: UserWarning: Using a target size (torch.Size([45])) that is different to the input size (torch.Size([45, 1])). This will likely lead to incorrect results due to broadcasting. Please ensure they have the same size.
  return F.mse_loss(input, target, reduction=self.reduction)
[I 2025-05-11 02:30:26,120] Trial 3 finished with value: 31013609.998472847 and parameters: {'learning_rate': 1.5680919884910607e-05, 'weight_decay': 0.00025556280204600326}. Best is trial 2 with value: 30823645.355932724.
/home/mburu/anaconda3/envs/TabSurvey/lib/python3.8/site-packages/torch/nn/modules/loss.py:535: UserWarning: Using a target size (torch.Size([64])) that is different to the input size (torch.Size([64, 1])). This will likely lead to incorrect results due to broadcasting. Please ensure they have the same size.
  return F.mse_loss(input, target, reduction=self.reduction)
/home/mburu/Master_Thesis/master-thesis-da/DNN_Trial/models/rtdl_models.py:479: UserWarning: To copy construct from a tensor, it is recommended to use sourceTensor.clone().detach() or sourceTensor.clone().detach().requires_grad_(True), rather than torch.tensor(sourceTensor).
  X = torch.tensor(X, dtype=torch.float32).to(self.device)
/home/mburu/anaconda3/envs/TabSurvey/lib/python3.8/site-packages/torch/nn/modules/loss.py:535: UserWarning: Using a target size (torch.Size([4316])) that is different to the input size (torch.Size([4316, 1])). This will likely lead to incorrect results due to broadcasting. Please ensure they have the same size.
  return F.mse_loss(input, target, reduction=self.reduction)
/home/mburu/anaconda3/envs/TabSurvey/lib/python3.8/site-packages/torch/nn/modules/loss.py:535: UserWarning: Using a target size (torch.Size([44])) that is different to the input size (torch.Size([44, 1])). This will likely lead to incorrect results due to broadcasting. Please ensure they have the same size.
  return F.mse_loss(input, target, reduction=self.reduction)
/home/mburu/anaconda3/envs/TabSurvey/lib/python3.8/site-packages/torch/nn/modules/loss.py:535: UserWarning: Using a target size (torch.Size([64])) that is different to the input size (torch.Size([64, 1])). This will likely lead to incorrect results due to broadcasting. Please ensure they have the same size.
  return F.mse_loss(input, target, reduction=self.reduction)
/home/mburu/Master_Thesis/master-thesis-da/DNN_Trial/models/rtdl_models.py:479: UserWarning: To copy construct from a tensor, it is recommended to use sourceTensor.clone().detach() or sourceTensor.clone().detach().requires_grad_(True), rather than torch.tensor(sourceTensor).
  X = torch.tensor(X, dtype=torch.float32).to(self.device)
/home/mburu/anaconda3/envs/TabSurvey/lib/python3.8/site-packages/torch/nn/modules/loss.py:535: UserWarning: Using a target size (torch.Size([4315])) that is different to the input size (torch.Size([4315, 1])). This will likely lead to incorrect results due to broadcasting. Please ensure they have the same size.
  return F.mse_loss(input, target, reduction=self.reduction)
/home/mburu/anaconda3/envs/TabSurvey/lib/python3.8/site-packages/torch/nn/modules/loss.py:535: UserWarning: Using a target size (torch.Size([45])) that is different to the input size (torch.Size([45, 1])). This will likely lead to incorrect results due to broadcasting. Please ensure they have the same size.
  return F.mse_loss(input, target, reduction=self.reduction)
/home/mburu/anaconda3/envs/TabSurvey/lib/python3.8/site-packages/torch/nn/modules/loss.py:535: UserWarning: Using a target size (torch.Size([64])) that is different to the input size (torch.Size([64, 1])). This will likely lead to incorrect results due to broadcasting. Please ensure they have the same size.
  return F.mse_loss(input, target, reduction=self.reduction)
/home/mburu/Master_Thesis/master-thesis-da/DNN_Trial/models/rtdl_models.py:479: UserWarning: To copy construct from a tensor, it is recommended to use sourceTensor.clone().detach() or sourceTensor.clone().detach().requires_grad_(True), rather than torch.tensor(sourceTensor).
  X = torch.tensor(X, dtype=torch.float32).to(self.device)
/home/mburu/anaconda3/envs/TabSurvey/lib/python3.8/site-packages/torch/nn/modules/loss.py:535: UserWarning: Using a target size (torch.Size([4315])) that is different to the input size (torch.Size([4315, 1])). This will likely lead to incorrect results due to broadcasting. Please ensure they have the same size.
  return F.mse_loss(input, target, reduction=self.reduction)
/home/mburu/anaconda3/envs/TabSurvey/lib/python3.8/site-packages/torch/nn/modules/loss.py:535: UserWarning: Using a target size (torch.Size([45])) that is different to the input size (torch.Size([45, 1])). This will likely lead to incorrect results due to broadcasting. Please ensure they have the same size.
  return F.mse_loss(input, target, reduction=self.reduction)
/home/mburu/anaconda3/envs/TabSurvey/lib/python3.8/site-packages/torch/nn/modules/loss.py:535: UserWarning: Using a target size (torch.Size([64])) that is different to the input size (torch.Size([64, 1])). This will likely lead to incorrect results due to broadcasting. Please ensure they have the same size.
  return F.mse_loss(input, target, reduction=self.reduction)
/home/mburu/Master_Thesis/master-thesis-da/DNN_Trial/models/rtdl_models.py:479: UserWarning: To copy construct from a tensor, it is recommended to use sourceTensor.clone().detach() or sourceTensor.clone().detach().requires_grad_(True), rather than torch.tensor(sourceTensor).
  X = torch.tensor(X, dtype=torch.float32).to(self.device)
/home/mburu/anaconda3/envs/TabSurvey/lib/python3.8/site-packages/torch/nn/modules/loss.py:535: UserWarning: Using a target size (torch.Size([4315])) that is different to the input size (torch.Size([4315, 1])). This will likely lead to incorrect results due to broadcasting. Please ensure they have the same size.
  return F.mse_loss(input, target, reduction=self.reduction)
/home/mburu/anaconda3/envs/TabSurvey/lib/python3.8/site-packages/torch/nn/modules/loss.py:535: UserWarning: Using a target size (torch.Size([45])) that is different to the input size (torch.Size([45, 1])). This will likely lead to incorrect results due to broadcasting. Please ensure they have the same size.
  return F.mse_loss(input, target, reduction=self.reduction)
/home/mburu/anaconda3/envs/TabSurvey/lib/python3.8/site-packages/torch/nn/modules/loss.py:535: UserWarning: Using a target size (torch.Size([64])) that is different to the input size (torch.Size([64, 1])). This will likely lead to incorrect results due to broadcasting. Please ensure they have the same size.
  return F.mse_loss(input, target, reduction=self.reduction)
/home/mburu/Master_Thesis/master-thesis-da/DNN_Trial/models/rtdl_models.py:479: UserWarning: To copy construct from a tensor, it is recommended to use sourceTensor.clone().detach() or sourceTensor.clone().detach().requires_grad_(True), rather than torch.tensor(sourceTensor).
  X = torch.tensor(X, dtype=torch.float32).to(self.device)
/home/mburu/anaconda3/envs/TabSurvey/lib/python3.8/site-packages/torch/nn/modules/loss.py:535: UserWarning: Using a target size (torch.Size([4315])) that is different to the input size (torch.Size([4315, 1])). This will likely lead to incorrect results due to broadcasting. Please ensure they have the same size.
  return F.mse_loss(input, target, reduction=self.reduction)
/home/mburu/anaconda3/envs/TabSurvey/lib/python3.8/site-packages/torch/nn/modules/loss.py:535: UserWarning: Using a target size (torch.Size([45])) that is different to the input size (torch.Size([45, 1])). This will likely lead to incorrect results due to broadcasting. Please ensure they have the same size.
  return F.mse_loss(input, target, reduction=self.reduction)
[I 2025-05-11 02:31:15,345] Trial 4 finished with value: 22523281.339463316 and parameters: {'learning_rate': 0.007101255154561158, 'weight_decay': 0.0009434149491471733}. Best is trial 4 with value: 22523281.339463316.
/home/mburu/anaconda3/envs/TabSurvey/lib/python3.8/site-packages/torch/nn/modules/loss.py:535: UserWarning: Using a target size (torch.Size([64])) that is different to the input size (torch.Size([64, 1])). This will likely lead to incorrect results due to broadcasting. Please ensure they have the same size.
  return F.mse_loss(input, target, reduction=self.reduction)
/home/mburu/Master_Thesis/master-thesis-da/DNN_Trial/models/rtdl_models.py:479: UserWarning: To copy construct from a tensor, it is recommended to use sourceTensor.clone().detach() or sourceTensor.clone().detach().requires_grad_(True), rather than torch.tensor(sourceTensor).
  X = torch.tensor(X, dtype=torch.float32).to(self.device)
/home/mburu/anaconda3/envs/TabSurvey/lib/python3.8/site-packages/torch/nn/modules/loss.py:535: UserWarning: Using a target size (torch.Size([5394])) that is different to the input size (torch.Size([5394, 1])). This will likely lead to incorrect results due to broadcasting. Please ensure they have the same size.
  return F.mse_loss(input, target, reduction=self.reduction)
/home/mburu/anaconda3/envs/TabSurvey/lib/python3.8/site-packages/torch/nn/modules/loss.py:535: UserWarning: Using a target size (torch.Size([8])) that is different to the input size (torch.Size([8, 1])). This will likely lead to incorrect results due to broadcasting. Please ensure they have the same size.
  return F.mse_loss(input, target, reduction=self.reduction)
[I 2025-05-11 02:31:30,046] A new study created in memory with name: FTTransformer_Diamonds_outer5
/home/mburu/anaconda3/envs/TabSurvey/lib/python3.8/site-packages/torch/nn/modules/loss.py:535: UserWarning: Using a target size (torch.Size([64])) that is different to the input size (torch.Size([64, 1])). This will likely lead to incorrect results due to broadcasting. Please ensure they have the same size.
  return F.mse_loss(input, target, reduction=self.reduction)
/home/mburu/Master_Thesis/master-thesis-da/DNN_Trial/models/rtdl_models.py:479: UserWarning: To copy construct from a tensor, it is recommended to use sourceTensor.clone().detach() or sourceTensor.clone().detach().requires_grad_(True), rather than torch.tensor(sourceTensor).
  X = torch.tensor(X, dtype=torch.float32).to(self.device)
/home/mburu/anaconda3/envs/TabSurvey/lib/python3.8/site-packages/torch/nn/modules/loss.py:535: UserWarning: Using a target size (torch.Size([4316])) that is different to the input size (torch.Size([4316, 1])). This will likely lead to incorrect results due to broadcasting. Please ensure they have the same size.
  return F.mse_loss(input, target, reduction=self.reduction)
/home/mburu/anaconda3/envs/TabSurvey/lib/python3.8/site-packages/torch/nn/modules/loss.py:535: UserWarning: Using a target size (torch.Size([44])) that is different to the input size (torch.Size([44, 1])). This will likely lead to incorrect results due to broadcasting. Please ensure they have the same size.
  return F.mse_loss(input, target, reduction=self.reduction)
/home/mburu/anaconda3/envs/TabSurvey/lib/python3.8/site-packages/torch/nn/modules/loss.py:535: UserWarning: Using a target size (torch.Size([64])) that is different to the input size (torch.Size([64, 1])). This will likely lead to incorrect results due to broadcasting. Please ensure they have the same size.
  return F.mse_loss(input, target, reduction=self.reduction)
/home/mburu/Master_Thesis/master-thesis-da/DNN_Trial/models/rtdl_models.py:479: UserWarning: To copy construct from a tensor, it is recommended to use sourceTensor.clone().detach() or sourceTensor.clone().detach().requires_grad_(True), rather than torch.tensor(sourceTensor).
  X = torch.tensor(X, dtype=torch.float32).to(self.device)
/home/mburu/anaconda3/envs/TabSurvey/lib/python3.8/site-packages/torch/nn/modules/loss.py:535: UserWarning: Using a target size (torch.Size([4315])) that is different to the input size (torch.Size([4315, 1])). This will likely lead to incorrect results due to broadcasting. Please ensure they have the same size.
  return F.mse_loss(input, target, reduction=self.reduction)
/home/mburu/anaconda3/envs/TabSurvey/lib/python3.8/site-packages/torch/nn/modules/loss.py:535: UserWarning: Using a target size (torch.Size([45])) that is different to the input size (torch.Size([45, 1])). This will likely lead to incorrect results due to broadcasting. Please ensure they have the same size.
  return F.mse_loss(input, target, reduction=self.reduction)
/home/mburu/anaconda3/envs/TabSurvey/lib/python3.8/site-packages/torch/nn/modules/loss.py:535: UserWarning: Using a target size (torch.Size([64])) that is different to the input size (torch.Size([64, 1])). This will likely lead to incorrect results due to broadcasting. Please ensure they have the same size.
  return F.mse_loss(input, target, reduction=self.reduction)
/home/mburu/Master_Thesis/master-thesis-da/DNN_Trial/models/rtdl_models.py:479: UserWarning: To copy construct from a tensor, it is recommended to use sourceTensor.clone().detach() or sourceTensor.clone().detach().requires_grad_(True), rather than torch.tensor(sourceTensor).
  X = torch.tensor(X, dtype=torch.float32).to(self.device)
/home/mburu/anaconda3/envs/TabSurvey/lib/python3.8/site-packages/torch/nn/modules/loss.py:535: UserWarning: Using a target size (torch.Size([4315])) that is different to the input size (torch.Size([4315, 1])). This will likely lead to incorrect results due to broadcasting. Please ensure they have the same size.
  return F.mse_loss(input, target, reduction=self.reduction)
/home/mburu/anaconda3/envs/TabSurvey/lib/python3.8/site-packages/torch/nn/modules/loss.py:535: UserWarning: Using a target size (torch.Size([45])) that is different to the input size (torch.Size([45, 1])). This will likely lead to incorrect results due to broadcasting. Please ensure they have the same size.
  return F.mse_loss(input, target, reduction=self.reduction)
/home/mburu/anaconda3/envs/TabSurvey/lib/python3.8/site-packages/torch/nn/modules/loss.py:535: UserWarning: Using a target size (torch.Size([64])) that is different to the input size (torch.Size([64, 1])). This will likely lead to incorrect results due to broadcasting. Please ensure they have the same size.
  return F.mse_loss(input, target, reduction=self.reduction)
/home/mburu/Master_Thesis/master-thesis-da/DNN_Trial/models/rtdl_models.py:479: UserWarning: To copy construct from a tensor, it is recommended to use sourceTensor.clone().detach() or sourceTensor.clone().detach().requires_grad_(True), rather than torch.tensor(sourceTensor).
  X = torch.tensor(X, dtype=torch.float32).to(self.device)
/home/mburu/anaconda3/envs/TabSurvey/lib/python3.8/site-packages/torch/nn/modules/loss.py:535: UserWarning: Using a target size (torch.Size([4315])) that is different to the input size (torch.Size([4315, 1])). This will likely lead to incorrect results due to broadcasting. Please ensure they have the same size.
  return F.mse_loss(input, target, reduction=self.reduction)
/home/mburu/anaconda3/envs/TabSurvey/lib/python3.8/site-packages/torch/nn/modules/loss.py:535: UserWarning: Using a target size (torch.Size([45])) that is different to the input size (torch.Size([45, 1])). This will likely lead to incorrect results due to broadcasting. Please ensure they have the same size.
  return F.mse_loss(input, target, reduction=self.reduction)
/home/mburu/anaconda3/envs/TabSurvey/lib/python3.8/site-packages/torch/nn/modules/loss.py:535: UserWarning: Using a target size (torch.Size([64])) that is different to the input size (torch.Size([64, 1])). This will likely lead to incorrect results due to broadcasting. Please ensure they have the same size.
  return F.mse_loss(input, target, reduction=self.reduction)
/home/mburu/Master_Thesis/master-thesis-da/DNN_Trial/models/rtdl_models.py:479: UserWarning: To copy construct from a tensor, it is recommended to use sourceTensor.clone().detach() or sourceTensor.clone().detach().requires_grad_(True), rather than torch.tensor(sourceTensor).
  X = torch.tensor(X, dtype=torch.float32).to(self.device)
/home/mburu/anaconda3/envs/TabSurvey/lib/python3.8/site-packages/torch/nn/modules/loss.py:535: UserWarning: Using a target size (torch.Size([4315])) that is different to the input size (torch.Size([4315, 1])). This will likely lead to incorrect results due to broadcasting. Please ensure they have the same size.
  return F.mse_loss(input, target, reduction=self.reduction)
/home/mburu/anaconda3/envs/TabSurvey/lib/python3.8/site-packages/torch/nn/modules/loss.py:535: UserWarning: Using a target size (torch.Size([45])) that is different to the input size (torch.Size([45, 1])). This will likely lead to incorrect results due to broadcasting. Please ensure they have the same size.
  return F.mse_loss(input, target, reduction=self.reduction)
[I 2025-05-11 02:32:19,853] Trial 0 finished with value: 29784609.971236307 and parameters: {'learning_rate': 0.0025544109640085297, 'weight_decay': 0.006418937313661015}. Best is trial 0 with value: 29784609.971236307.
/home/mburu/anaconda3/envs/TabSurvey/lib/python3.8/site-packages/torch/nn/modules/loss.py:535: UserWarning: Using a target size (torch.Size([64])) that is different to the input size (torch.Size([64, 1])). This will likely lead to incorrect results due to broadcasting. Please ensure they have the same size.
  return F.mse_loss(input, target, reduction=self.reduction)
/home/mburu/Master_Thesis/master-thesis-da/DNN_Trial/models/rtdl_models.py:479: UserWarning: To copy construct from a tensor, it is recommended to use sourceTensor.clone().detach() or sourceTensor.clone().detach().requires_grad_(True), rather than torch.tensor(sourceTensor).
  X = torch.tensor(X, dtype=torch.float32).to(self.device)
/home/mburu/anaconda3/envs/TabSurvey/lib/python3.8/site-packages/torch/nn/modules/loss.py:535: UserWarning: Using a target size (torch.Size([4316])) that is different to the input size (torch.Size([4316, 1])). This will likely lead to incorrect results due to broadcasting. Please ensure they have the same size.
  return F.mse_loss(input, target, reduction=self.reduction)
/home/mburu/anaconda3/envs/TabSurvey/lib/python3.8/site-packages/torch/nn/modules/loss.py:535: UserWarning: Using a target size (torch.Size([44])) that is different to the input size (torch.Size([44, 1])). This will likely lead to incorrect results due to broadcasting. Please ensure they have the same size.
  return F.mse_loss(input, target, reduction=self.reduction)
/home/mburu/anaconda3/envs/TabSurvey/lib/python3.8/site-packages/torch/nn/modules/loss.py:535: UserWarning: Using a target size (torch.Size([64])) that is different to the input size (torch.Size([64, 1])). This will likely lead to incorrect results due to broadcasting. Please ensure they have the same size.
  return F.mse_loss(input, target, reduction=self.reduction)
/home/mburu/Master_Thesis/master-thesis-da/DNN_Trial/models/rtdl_models.py:479: UserWarning: To copy construct from a tensor, it is recommended to use sourceTensor.clone().detach() or sourceTensor.clone().detach().requires_grad_(True), rather than torch.tensor(sourceTensor).
  X = torch.tensor(X, dtype=torch.float32).to(self.device)
/home/mburu/anaconda3/envs/TabSurvey/lib/python3.8/site-packages/torch/nn/modules/loss.py:535: UserWarning: Using a target size (torch.Size([4315])) that is different to the input size (torch.Size([4315, 1])). This will likely lead to incorrect results due to broadcasting. Please ensure they have the same size.
  return F.mse_loss(input, target, reduction=self.reduction)
/home/mburu/anaconda3/envs/TabSurvey/lib/python3.8/site-packages/torch/nn/modules/loss.py:535: UserWarning: Using a target size (torch.Size([45])) that is different to the input size (torch.Size([45, 1])). This will likely lead to incorrect results due to broadcasting. Please ensure they have the same size.
  return F.mse_loss(input, target, reduction=self.reduction)
/home/mburu/anaconda3/envs/TabSurvey/lib/python3.8/site-packages/torch/nn/modules/loss.py:535: UserWarning: Using a target size (torch.Size([64])) that is different to the input size (torch.Size([64, 1])). This will likely lead to incorrect results due to broadcasting. Please ensure they have the same size.
  return F.mse_loss(input, target, reduction=self.reduction)
/home/mburu/Master_Thesis/master-thesis-da/DNN_Trial/models/rtdl_models.py:479: UserWarning: To copy construct from a tensor, it is recommended to use sourceTensor.clone().detach() or sourceTensor.clone().detach().requires_grad_(True), rather than torch.tensor(sourceTensor).
  X = torch.tensor(X, dtype=torch.float32).to(self.device)
/home/mburu/anaconda3/envs/TabSurvey/lib/python3.8/site-packages/torch/nn/modules/loss.py:535: UserWarning: Using a target size (torch.Size([4315])) that is different to the input size (torch.Size([4315, 1])). This will likely lead to incorrect results due to broadcasting. Please ensure they have the same size.
  return F.mse_loss(input, target, reduction=self.reduction)
/home/mburu/anaconda3/envs/TabSurvey/lib/python3.8/site-packages/torch/nn/modules/loss.py:535: UserWarning: Using a target size (torch.Size([45])) that is different to the input size (torch.Size([45, 1])). This will likely lead to incorrect results due to broadcasting. Please ensure they have the same size.
  return F.mse_loss(input, target, reduction=self.reduction)
/home/mburu/anaconda3/envs/TabSurvey/lib/python3.8/site-packages/torch/nn/modules/loss.py:535: UserWarning: Using a target size (torch.Size([64])) that is different to the input size (torch.Size([64, 1])). This will likely lead to incorrect results due to broadcasting. Please ensure they have the same size.
  return F.mse_loss(input, target, reduction=self.reduction)
/home/mburu/Master_Thesis/master-thesis-da/DNN_Trial/models/rtdl_models.py:479: UserWarning: To copy construct from a tensor, it is recommended to use sourceTensor.clone().detach() or sourceTensor.clone().detach().requires_grad_(True), rather than torch.tensor(sourceTensor).
  X = torch.tensor(X, dtype=torch.float32).to(self.device)
/home/mburu/anaconda3/envs/TabSurvey/lib/python3.8/site-packages/torch/nn/modules/loss.py:535: UserWarning: Using a target size (torch.Size([4315])) that is different to the input size (torch.Size([4315, 1])). This will likely lead to incorrect results due to broadcasting. Please ensure they have the same size.
  return F.mse_loss(input, target, reduction=self.reduction)
/home/mburu/anaconda3/envs/TabSurvey/lib/python3.8/site-packages/torch/nn/modules/loss.py:535: UserWarning: Using a target size (torch.Size([45])) that is different to the input size (torch.Size([45, 1])). This will likely lead to incorrect results due to broadcasting. Please ensure they have the same size.
  return F.mse_loss(input, target, reduction=self.reduction)
/home/mburu/anaconda3/envs/TabSurvey/lib/python3.8/site-packages/torch/nn/modules/loss.py:535: UserWarning: Using a target size (torch.Size([64])) that is different to the input size (torch.Size([64, 1])). This will likely lead to incorrect results due to broadcasting. Please ensure they have the same size.
  return F.mse_loss(input, target, reduction=self.reduction)
/home/mburu/Master_Thesis/master-thesis-da/DNN_Trial/models/rtdl_models.py:479: UserWarning: To copy construct from a tensor, it is recommended to use sourceTensor.clone().detach() or sourceTensor.clone().detach().requires_grad_(True), rather than torch.tensor(sourceTensor).
  X = torch.tensor(X, dtype=torch.float32).to(self.device)
/home/mburu/anaconda3/envs/TabSurvey/lib/python3.8/site-packages/torch/nn/modules/loss.py:535: UserWarning: Using a target size (torch.Size([4315])) that is different to the input size (torch.Size([4315, 1])). This will likely lead to incorrect results due to broadcasting. Please ensure they have the same size.
  return F.mse_loss(input, target, reduction=self.reduction)
/home/mburu/anaconda3/envs/TabSurvey/lib/python3.8/site-packages/torch/nn/modules/loss.py:535: UserWarning: Using a target size (torch.Size([45])) that is different to the input size (torch.Size([45, 1])). This will likely lead to incorrect results due to broadcasting. Please ensure they have the same size.
  return F.mse_loss(input, target, reduction=self.reduction)
[I 2025-05-11 02:33:09,989] Trial 1 finished with value: 31233006.90212177 and parameters: {'learning_rate': 0.00022952623706998988, 'weight_decay': 0.0005865506438588714}. Best is trial 0 with value: 29784609.971236307.
/home/mburu/anaconda3/envs/TabSurvey/lib/python3.8/site-packages/torch/nn/modules/loss.py:535: UserWarning: Using a target size (torch.Size([64])) that is different to the input size (torch.Size([64, 1])). This will likely lead to incorrect results due to broadcasting. Please ensure they have the same size.
  return F.mse_loss(input, target, reduction=self.reduction)
/home/mburu/Master_Thesis/master-thesis-da/DNN_Trial/models/rtdl_models.py:479: UserWarning: To copy construct from a tensor, it is recommended to use sourceTensor.clone().detach() or sourceTensor.clone().detach().requires_grad_(True), rather than torch.tensor(sourceTensor).
  X = torch.tensor(X, dtype=torch.float32).to(self.device)
/home/mburu/anaconda3/envs/TabSurvey/lib/python3.8/site-packages/torch/nn/modules/loss.py:535: UserWarning: Using a target size (torch.Size([4316])) that is different to the input size (torch.Size([4316, 1])). This will likely lead to incorrect results due to broadcasting. Please ensure they have the same size.
  return F.mse_loss(input, target, reduction=self.reduction)
/home/mburu/anaconda3/envs/TabSurvey/lib/python3.8/site-packages/torch/nn/modules/loss.py:535: UserWarning: Using a target size (torch.Size([44])) that is different to the input size (torch.Size([44, 1])). This will likely lead to incorrect results due to broadcasting. Please ensure they have the same size.
  return F.mse_loss(input, target, reduction=self.reduction)
/home/mburu/anaconda3/envs/TabSurvey/lib/python3.8/site-packages/torch/nn/modules/loss.py:535: UserWarning: Using a target size (torch.Size([64])) that is different to the input size (torch.Size([64, 1])). This will likely lead to incorrect results due to broadcasting. Please ensure they have the same size.
  return F.mse_loss(input, target, reduction=self.reduction)
/home/mburu/Master_Thesis/master-thesis-da/DNN_Trial/models/rtdl_models.py:479: UserWarning: To copy construct from a tensor, it is recommended to use sourceTensor.clone().detach() or sourceTensor.clone().detach().requires_grad_(True), rather than torch.tensor(sourceTensor).
  X = torch.tensor(X, dtype=torch.float32).to(self.device)
/home/mburu/anaconda3/envs/TabSurvey/lib/python3.8/site-packages/torch/nn/modules/loss.py:535: UserWarning: Using a target size (torch.Size([4315])) that is different to the input size (torch.Size([4315, 1])). This will likely lead to incorrect results due to broadcasting. Please ensure they have the same size.
  return F.mse_loss(input, target, reduction=self.reduction)
/home/mburu/anaconda3/envs/TabSurvey/lib/python3.8/site-packages/torch/nn/modules/loss.py:535: UserWarning: Using a target size (torch.Size([45])) that is different to the input size (torch.Size([45, 1])). This will likely lead to incorrect results due to broadcasting. Please ensure they have the same size.
  return F.mse_loss(input, target, reduction=self.reduction)
/home/mburu/anaconda3/envs/TabSurvey/lib/python3.8/site-packages/torch/nn/modules/loss.py:535: UserWarning: Using a target size (torch.Size([64])) that is different to the input size (torch.Size([64, 1])). This will likely lead to incorrect results due to broadcasting. Please ensure they have the same size.
  return F.mse_loss(input, target, reduction=self.reduction)
/home/mburu/Master_Thesis/master-thesis-da/DNN_Trial/models/rtdl_models.py:479: UserWarning: To copy construct from a tensor, it is recommended to use sourceTensor.clone().detach() or sourceTensor.clone().detach().requires_grad_(True), rather than torch.tensor(sourceTensor).
  X = torch.tensor(X, dtype=torch.float32).to(self.device)
/home/mburu/anaconda3/envs/TabSurvey/lib/python3.8/site-packages/torch/nn/modules/loss.py:535: UserWarning: Using a target size (torch.Size([4315])) that is different to the input size (torch.Size([4315, 1])). This will likely lead to incorrect results due to broadcasting. Please ensure they have the same size.
  return F.mse_loss(input, target, reduction=self.reduction)
/home/mburu/anaconda3/envs/TabSurvey/lib/python3.8/site-packages/torch/nn/modules/loss.py:535: UserWarning: Using a target size (torch.Size([45])) that is different to the input size (torch.Size([45, 1])). This will likely lead to incorrect results due to broadcasting. Please ensure they have the same size.
  return F.mse_loss(input, target, reduction=self.reduction)
/home/mburu/anaconda3/envs/TabSurvey/lib/python3.8/site-packages/torch/nn/modules/loss.py:535: UserWarning: Using a target size (torch.Size([64])) that is different to the input size (torch.Size([64, 1])). This will likely lead to incorrect results due to broadcasting. Please ensure they have the same size.
  return F.mse_loss(input, target, reduction=self.reduction)
/home/mburu/Master_Thesis/master-thesis-da/DNN_Trial/models/rtdl_models.py:479: UserWarning: To copy construct from a tensor, it is recommended to use sourceTensor.clone().detach() or sourceTensor.clone().detach().requires_grad_(True), rather than torch.tensor(sourceTensor).
  X = torch.tensor(X, dtype=torch.float32).to(self.device)
/home/mburu/anaconda3/envs/TabSurvey/lib/python3.8/site-packages/torch/nn/modules/loss.py:535: UserWarning: Using a target size (torch.Size([4315])) that is different to the input size (torch.Size([4315, 1])). This will likely lead to incorrect results due to broadcasting. Please ensure they have the same size.
  return F.mse_loss(input, target, reduction=self.reduction)
/home/mburu/anaconda3/envs/TabSurvey/lib/python3.8/site-packages/torch/nn/modules/loss.py:535: UserWarning: Using a target size (torch.Size([45])) that is different to the input size (torch.Size([45, 1])). This will likely lead to incorrect results due to broadcasting. Please ensure they have the same size.
  return F.mse_loss(input, target, reduction=self.reduction)
/home/mburu/anaconda3/envs/TabSurvey/lib/python3.8/site-packages/torch/nn/modules/loss.py:535: UserWarning: Using a target size (torch.Size([64])) that is different to the input size (torch.Size([64, 1])). This will likely lead to incorrect results due to broadcasting. Please ensure they have the same size.
  return F.mse_loss(input, target, reduction=self.reduction)
/home/mburu/Master_Thesis/master-thesis-da/DNN_Trial/models/rtdl_models.py:479: UserWarning: To copy construct from a tensor, it is recommended to use sourceTensor.clone().detach() or sourceTensor.clone().detach().requires_grad_(True), rather than torch.tensor(sourceTensor).
  X = torch.tensor(X, dtype=torch.float32).to(self.device)
/home/mburu/anaconda3/envs/TabSurvey/lib/python3.8/site-packages/torch/nn/modules/loss.py:535: UserWarning: Using a target size (torch.Size([4315])) that is different to the input size (torch.Size([4315, 1])). This will likely lead to incorrect results due to broadcasting. Please ensure they have the same size.
  return F.mse_loss(input, target, reduction=self.reduction)
/home/mburu/anaconda3/envs/TabSurvey/lib/python3.8/site-packages/torch/nn/modules/loss.py:535: UserWarning: Using a target size (torch.Size([45])) that is different to the input size (torch.Size([45, 1])). This will likely lead to incorrect results due to broadcasting. Please ensure they have the same size.
  return F.mse_loss(input, target, reduction=self.reduction)
[I 2025-05-11 02:33:58,646] Trial 2 finished with value: 29017417.826932173 and parameters: {'learning_rate': 0.0031647725452910334, 'weight_decay': 0.0006636888905277778}. Best is trial 2 with value: 29017417.826932173.
/home/mburu/anaconda3/envs/TabSurvey/lib/python3.8/site-packages/torch/nn/modules/loss.py:535: UserWarning: Using a target size (torch.Size([64])) that is different to the input size (torch.Size([64, 1])). This will likely lead to incorrect results due to broadcasting. Please ensure they have the same size.
  return F.mse_loss(input, target, reduction=self.reduction)
/home/mburu/Master_Thesis/master-thesis-da/DNN_Trial/models/rtdl_models.py:479: UserWarning: To copy construct from a tensor, it is recommended to use sourceTensor.clone().detach() or sourceTensor.clone().detach().requires_grad_(True), rather than torch.tensor(sourceTensor).
  X = torch.tensor(X, dtype=torch.float32).to(self.device)
/home/mburu/anaconda3/envs/TabSurvey/lib/python3.8/site-packages/torch/nn/modules/loss.py:535: UserWarning: Using a target size (torch.Size([4316])) that is different to the input size (torch.Size([4316, 1])). This will likely lead to incorrect results due to broadcasting. Please ensure they have the same size.
  return F.mse_loss(input, target, reduction=self.reduction)
/home/mburu/anaconda3/envs/TabSurvey/lib/python3.8/site-packages/torch/nn/modules/loss.py:535: UserWarning: Using a target size (torch.Size([44])) that is different to the input size (torch.Size([44, 1])). This will likely lead to incorrect results due to broadcasting. Please ensure they have the same size.
  return F.mse_loss(input, target, reduction=self.reduction)
/home/mburu/anaconda3/envs/TabSurvey/lib/python3.8/site-packages/torch/nn/modules/loss.py:535: UserWarning: Using a target size (torch.Size([64])) that is different to the input size (torch.Size([64, 1])). This will likely lead to incorrect results due to broadcasting. Please ensure they have the same size.
  return F.mse_loss(input, target, reduction=self.reduction)
/home/mburu/Master_Thesis/master-thesis-da/DNN_Trial/models/rtdl_models.py:479: UserWarning: To copy construct from a tensor, it is recommended to use sourceTensor.clone().detach() or sourceTensor.clone().detach().requires_grad_(True), rather than torch.tensor(sourceTensor).
  X = torch.tensor(X, dtype=torch.float32).to(self.device)
/home/mburu/anaconda3/envs/TabSurvey/lib/python3.8/site-packages/torch/nn/modules/loss.py:535: UserWarning: Using a target size (torch.Size([4315])) that is different to the input size (torch.Size([4315, 1])). This will likely lead to incorrect results due to broadcasting. Please ensure they have the same size.
  return F.mse_loss(input, target, reduction=self.reduction)
/home/mburu/anaconda3/envs/TabSurvey/lib/python3.8/site-packages/torch/nn/modules/loss.py:535: UserWarning: Using a target size (torch.Size([45])) that is different to the input size (torch.Size([45, 1])). This will likely lead to incorrect results due to broadcasting. Please ensure they have the same size.
  return F.mse_loss(input, target, reduction=self.reduction)
/home/mburu/anaconda3/envs/TabSurvey/lib/python3.8/site-packages/torch/nn/modules/loss.py:535: UserWarning: Using a target size (torch.Size([64])) that is different to the input size (torch.Size([64, 1])). This will likely lead to incorrect results due to broadcasting. Please ensure they have the same size.
  return F.mse_loss(input, target, reduction=self.reduction)
/home/mburu/Master_Thesis/master-thesis-da/DNN_Trial/models/rtdl_models.py:479: UserWarning: To copy construct from a tensor, it is recommended to use sourceTensor.clone().detach() or sourceTensor.clone().detach().requires_grad_(True), rather than torch.tensor(sourceTensor).
  X = torch.tensor(X, dtype=torch.float32).to(self.device)
/home/mburu/anaconda3/envs/TabSurvey/lib/python3.8/site-packages/torch/nn/modules/loss.py:535: UserWarning: Using a target size (torch.Size([4315])) that is different to the input size (torch.Size([4315, 1])). This will likely lead to incorrect results due to broadcasting. Please ensure they have the same size.
  return F.mse_loss(input, target, reduction=self.reduction)
/home/mburu/anaconda3/envs/TabSurvey/lib/python3.8/site-packages/torch/nn/modules/loss.py:535: UserWarning: Using a target size (torch.Size([45])) that is different to the input size (torch.Size([45, 1])). This will likely lead to incorrect results due to broadcasting. Please ensure they have the same size.
  return F.mse_loss(input, target, reduction=self.reduction)
/home/mburu/anaconda3/envs/TabSurvey/lib/python3.8/site-packages/torch/nn/modules/loss.py:535: UserWarning: Using a target size (torch.Size([64])) that is different to the input size (torch.Size([64, 1])). This will likely lead to incorrect results due to broadcasting. Please ensure they have the same size.
  return F.mse_loss(input, target, reduction=self.reduction)
/home/mburu/Master_Thesis/master-thesis-da/DNN_Trial/models/rtdl_models.py:479: UserWarning: To copy construct from a tensor, it is recommended to use sourceTensor.clone().detach() or sourceTensor.clone().detach().requires_grad_(True), rather than torch.tensor(sourceTensor).
  X = torch.tensor(X, dtype=torch.float32).to(self.device)
/home/mburu/anaconda3/envs/TabSurvey/lib/python3.8/site-packages/torch/nn/modules/loss.py:535: UserWarning: Using a target size (torch.Size([4315])) that is different to the input size (torch.Size([4315, 1])). This will likely lead to incorrect results due to broadcasting. Please ensure they have the same size.
  return F.mse_loss(input, target, reduction=self.reduction)
/home/mburu/anaconda3/envs/TabSurvey/lib/python3.8/site-packages/torch/nn/modules/loss.py:535: UserWarning: Using a target size (torch.Size([45])) that is different to the input size (torch.Size([45, 1])). This will likely lead to incorrect results due to broadcasting. Please ensure they have the same size.
  return F.mse_loss(input, target, reduction=self.reduction)
/home/mburu/anaconda3/envs/TabSurvey/lib/python3.8/site-packages/torch/nn/modules/loss.py:535: UserWarning: Using a target size (torch.Size([64])) that is different to the input size (torch.Size([64, 1])). This will likely lead to incorrect results due to broadcasting. Please ensure they have the same size.
  return F.mse_loss(input, target, reduction=self.reduction)
/home/mburu/Master_Thesis/master-thesis-da/DNN_Trial/models/rtdl_models.py:479: UserWarning: To copy construct from a tensor, it is recommended to use sourceTensor.clone().detach() or sourceTensor.clone().detach().requires_grad_(True), rather than torch.tensor(sourceTensor).
  X = torch.tensor(X, dtype=torch.float32).to(self.device)
/home/mburu/anaconda3/envs/TabSurvey/lib/python3.8/site-packages/torch/nn/modules/loss.py:535: UserWarning: Using a target size (torch.Size([4315])) that is different to the input size (torch.Size([4315, 1])). This will likely lead to incorrect results due to broadcasting. Please ensure they have the same size.
  return F.mse_loss(input, target, reduction=self.reduction)
/home/mburu/anaconda3/envs/TabSurvey/lib/python3.8/site-packages/torch/nn/modules/loss.py:535: UserWarning: Using a target size (torch.Size([45])) that is different to the input size (torch.Size([45, 1])). This will likely lead to incorrect results due to broadcasting. Please ensure they have the same size.
  return F.mse_loss(input, target, reduction=self.reduction)
[I 2025-05-11 02:34:46,898] Trial 3 finished with value: 27378550.122973435 and parameters: {'learning_rate': 0.004275511698914001, 'weight_decay': 0.0004329156687132349}. Best is trial 3 with value: 27378550.122973435.
/home/mburu/anaconda3/envs/TabSurvey/lib/python3.8/site-packages/torch/nn/modules/loss.py:535: UserWarning: Using a target size (torch.Size([64])) that is different to the input size (torch.Size([64, 1])). This will likely lead to incorrect results due to broadcasting. Please ensure they have the same size.
  return F.mse_loss(input, target, reduction=self.reduction)
/home/mburu/Master_Thesis/master-thesis-da/DNN_Trial/models/rtdl_models.py:479: UserWarning: To copy construct from a tensor, it is recommended to use sourceTensor.clone().detach() or sourceTensor.clone().detach().requires_grad_(True), rather than torch.tensor(sourceTensor).
  X = torch.tensor(X, dtype=torch.float32).to(self.device)
/home/mburu/anaconda3/envs/TabSurvey/lib/python3.8/site-packages/torch/nn/modules/loss.py:535: UserWarning: Using a target size (torch.Size([4316])) that is different to the input size (torch.Size([4316, 1])). This will likely lead to incorrect results due to broadcasting. Please ensure they have the same size.
  return F.mse_loss(input, target, reduction=self.reduction)
/home/mburu/anaconda3/envs/TabSurvey/lib/python3.8/site-packages/torch/nn/modules/loss.py:535: UserWarning: Using a target size (torch.Size([44])) that is different to the input size (torch.Size([44, 1])). This will likely lead to incorrect results due to broadcasting. Please ensure they have the same size.
  return F.mse_loss(input, target, reduction=self.reduction)
/home/mburu/anaconda3/envs/TabSurvey/lib/python3.8/site-packages/torch/nn/modules/loss.py:535: UserWarning: Using a target size (torch.Size([64])) that is different to the input size (torch.Size([64, 1])). This will likely lead to incorrect results due to broadcasting. Please ensure they have the same size.
  return F.mse_loss(input, target, reduction=self.reduction)
/home/mburu/Master_Thesis/master-thesis-da/DNN_Trial/models/rtdl_models.py:479: UserWarning: To copy construct from a tensor, it is recommended to use sourceTensor.clone().detach() or sourceTensor.clone().detach().requires_grad_(True), rather than torch.tensor(sourceTensor).
  X = torch.tensor(X, dtype=torch.float32).to(self.device)
/home/mburu/anaconda3/envs/TabSurvey/lib/python3.8/site-packages/torch/nn/modules/loss.py:535: UserWarning: Using a target size (torch.Size([4315])) that is different to the input size (torch.Size([4315, 1])). This will likely lead to incorrect results due to broadcasting. Please ensure they have the same size.
  return F.mse_loss(input, target, reduction=self.reduction)
/home/mburu/anaconda3/envs/TabSurvey/lib/python3.8/site-packages/torch/nn/modules/loss.py:535: UserWarning: Using a target size (torch.Size([45])) that is different to the input size (torch.Size([45, 1])). This will likely lead to incorrect results due to broadcasting. Please ensure they have the same size.
  return F.mse_loss(input, target, reduction=self.reduction)
/home/mburu/anaconda3/envs/TabSurvey/lib/python3.8/site-packages/torch/nn/modules/loss.py:535: UserWarning: Using a target size (torch.Size([64])) that is different to the input size (torch.Size([64, 1])). This will likely lead to incorrect results due to broadcasting. Please ensure they have the same size.
  return F.mse_loss(input, target, reduction=self.reduction)
/home/mburu/Master_Thesis/master-thesis-da/DNN_Trial/models/rtdl_models.py:479: UserWarning: To copy construct from a tensor, it is recommended to use sourceTensor.clone().detach() or sourceTensor.clone().detach().requires_grad_(True), rather than torch.tensor(sourceTensor).
  X = torch.tensor(X, dtype=torch.float32).to(self.device)
/home/mburu/anaconda3/envs/TabSurvey/lib/python3.8/site-packages/torch/nn/modules/loss.py:535: UserWarning: Using a target size (torch.Size([4315])) that is different to the input size (torch.Size([4315, 1])). This will likely lead to incorrect results due to broadcasting. Please ensure they have the same size.
  return F.mse_loss(input, target, reduction=self.reduction)
/home/mburu/anaconda3/envs/TabSurvey/lib/python3.8/site-packages/torch/nn/modules/loss.py:535: UserWarning: Using a target size (torch.Size([45])) that is different to the input size (torch.Size([45, 1])). This will likely lead to incorrect results due to broadcasting. Please ensure they have the same size.
  return F.mse_loss(input, target, reduction=self.reduction)
/home/mburu/anaconda3/envs/TabSurvey/lib/python3.8/site-packages/torch/nn/modules/loss.py:535: UserWarning: Using a target size (torch.Size([64])) that is different to the input size (torch.Size([64, 1])). This will likely lead to incorrect results due to broadcasting. Please ensure they have the same size.
  return F.mse_loss(input, target, reduction=self.reduction)
/home/mburu/Master_Thesis/master-thesis-da/DNN_Trial/models/rtdl_models.py:479: UserWarning: To copy construct from a tensor, it is recommended to use sourceTensor.clone().detach() or sourceTensor.clone().detach().requires_grad_(True), rather than torch.tensor(sourceTensor).
  X = torch.tensor(X, dtype=torch.float32).to(self.device)
/home/mburu/anaconda3/envs/TabSurvey/lib/python3.8/site-packages/torch/nn/modules/loss.py:535: UserWarning: Using a target size (torch.Size([4315])) that is different to the input size (torch.Size([4315, 1])). This will likely lead to incorrect results due to broadcasting. Please ensure they have the same size.
  return F.mse_loss(input, target, reduction=self.reduction)
/home/mburu/anaconda3/envs/TabSurvey/lib/python3.8/site-packages/torch/nn/modules/loss.py:535: UserWarning: Using a target size (torch.Size([45])) that is different to the input size (torch.Size([45, 1])). This will likely lead to incorrect results due to broadcasting. Please ensure they have the same size.
  return F.mse_loss(input, target, reduction=self.reduction)
/home/mburu/anaconda3/envs/TabSurvey/lib/python3.8/site-packages/torch/nn/modules/loss.py:535: UserWarning: Using a target size (torch.Size([64])) that is different to the input size (torch.Size([64, 1])). This will likely lead to incorrect results due to broadcasting. Please ensure they have the same size.
  return F.mse_loss(input, target, reduction=self.reduction)
/home/mburu/Master_Thesis/master-thesis-da/DNN_Trial/models/rtdl_models.py:479: UserWarning: To copy construct from a tensor, it is recommended to use sourceTensor.clone().detach() or sourceTensor.clone().detach().requires_grad_(True), rather than torch.tensor(sourceTensor).
  X = torch.tensor(X, dtype=torch.float32).to(self.device)
/home/mburu/anaconda3/envs/TabSurvey/lib/python3.8/site-packages/torch/nn/modules/loss.py:535: UserWarning: Using a target size (torch.Size([4315])) that is different to the input size (torch.Size([4315, 1])). This will likely lead to incorrect results due to broadcasting. Please ensure they have the same size.
  return F.mse_loss(input, target, reduction=self.reduction)
/home/mburu/anaconda3/envs/TabSurvey/lib/python3.8/site-packages/torch/nn/modules/loss.py:535: UserWarning: Using a target size (torch.Size([45])) that is different to the input size (torch.Size([45, 1])). This will likely lead to incorrect results due to broadcasting. Please ensure they have the same size.
  return F.mse_loss(input, target, reduction=self.reduction)
[I 2025-05-11 02:35:36,351] Trial 4 finished with value: 31283399.977638 and parameters: {'learning_rate': 1.2624056038636394e-05, 'weight_decay': 0.00015835814437540003}. Best is trial 3 with value: 27378550.122973435.
/home/mburu/anaconda3/envs/TabSurvey/lib/python3.8/site-packages/torch/nn/modules/loss.py:535: UserWarning: Using a target size (torch.Size([64])) that is different to the input size (torch.Size([64, 1])). This will likely lead to incorrect results due to broadcasting. Please ensure they have the same size.
  return F.mse_loss(input, target, reduction=self.reduction)
/home/mburu/Master_Thesis/master-thesis-da/DNN_Trial/models/rtdl_models.py:479: UserWarning: To copy construct from a tensor, it is recommended to use sourceTensor.clone().detach() or sourceTensor.clone().detach().requires_grad_(True), rather than torch.tensor(sourceTensor).
  X = torch.tensor(X, dtype=torch.float32).to(self.device)
/home/mburu/anaconda3/envs/TabSurvey/lib/python3.8/site-packages/torch/nn/modules/loss.py:535: UserWarning: Using a target size (torch.Size([5394])) that is different to the input size (torch.Size([5394, 1])). This will likely lead to incorrect results due to broadcasting. Please ensure they have the same size.
  return F.mse_loss(input, target, reduction=self.reduction)
/home/mburu/anaconda3/envs/TabSurvey/lib/python3.8/site-packages/torch/nn/modules/loss.py:535: UserWarning: Using a target size (torch.Size([8])) that is different to the input size (torch.Size([8, 1])). This will likely lead to incorrect results due to broadcasting. Please ensure they have the same size.
  return F.mse_loss(input, target, reduction=self.reduction)
