Running Mode: Nested CV with Hyperparameter Optimization
Arguements: Namespace(batch_size=64, bin_alt=None, cat_dims=[2], cat_idx=[0], class_comp=False, config='config/diamonds.yml', data_parallel=False, dataset='Diamonds', direction='minimize', dropna_idx=None, early_stopping_rounds=20, epochs=100, frequency_reg=False, gpu_ids=[0, 1], logging_period=100, miss_cat_idx=None, miss_num_idx=None, model_name='FTTransformer', n_trials=5, nominal_idx=None, num_bins=10, num_classes=1, num_features=9, num_idx=None, num_splits=5, objective='regression', one_hot_encode=False, optimize_hyperparameters=True, ordinal_encode=True, ordinal_idx=[1, 2, 3], outer_splits=2, save_results=False, scale=True, seed=221, shuffle=True, target_encode=False, use_gpu=True, val_batch_size=128, weighted_loss=False, y_distribution='skewed')
--- Running Nested Cross-Validation with Hyperparameter Optimization ---
Loading dataset Diamonds...
Dataset loaded! 

(53940, 9)
--- Starting Nested Cross-Validation (2 Outer Folds, 5 Inner Folds) ---
Hyperparameter Optimization per Outer Fold: True

--- Outer Fold 1/2 ---
Starting Hyperparameter Optimization for Outer Fold 1...
  outer_1_inner Fold 1/5
Before Debugging -- Inner Fold 1
DEBUG Inner Fold 1: num_features: 9
DEBUG Inner Fold 1: num_classes: 1
DEBUG Inner Fold 1: cat_idx: [0]
DEBUG Inner Fold 1: nominal_idx: None
DEBUG Inner Fold 1: ordinal_idx: [1, 2, 3]
DEBUG Inner Fold 1: num_idx: None
DEBUG Inner Fold 1: cat_dims: [2]
DEBUG Inner Fold 1: bin_alt: None
~~~~~~~~~~~~~~~~~~~~~~~~~~~~~~~~~~~~~~~~~~~~~~~~~~~~~~~~~~~~~~~~~~~~~~~~~~~~~~~
BEFORE ANY ENCODING
num_features :9
num_classes : 1
cat_idx : [0]
nominal_idx : None
ordinal_idx : [1, 2, 3]
num_idx : None
cat_dims : [2]
bin_alt : None 


X_train shape : (17260, 9)
~~~~~~~~~~~~~~~~~~~~~~~~~~~~~~~~~~~~~~~~~~~~~~~~~~~~~~~~~~~~~~~~~~~~~~~~~~~~~~~
~~~~~~~~~~~~~~~~~~~~~~~~~~~~~~~~~~~~~~~~~~~~~~~~~~~~~~~~~~~~~~~~~~~~~~~~~~~~~~~
AFTER getting cat idx
Nominal Index : None
Ordinal Index : [1, 2, 3]
Cat Idx : [0]
Cat dims : [2]
~~~~~~~~~~~~~~~~~~~~~~~~~~~~~~~~~~~~~~~~~~~~~~~~~~~~~~~~~~~~~~~~~~~~~~~~~~~~~~~
BEFORE getting cat idx
Nominal Index : None
Ordinal Index : [1, 2, 3]
Cat Idx : [1, 2, 3]
Cat dims : []
~~~~~~~~~~~~~~~~~~~~~~~~~~~~~~~~~~~~~~~~~~~~~~~~~~~~~~~~~~~~~~~~~~~~~~~~~~~~~~~ 


AFTER SEPARATING CATEGORICALS AND NUMERICALS
Ordinal Index : [1, 2, 3]
Numerical Index V1 : [0, 4, 5, 6, 7, 8]
Cat Idx V1 : [1, 2, 3] 
Cat Dims V1 : []
 

~~~~~~~~~~~~~~~~~~~~~~~~~~~~~~~~~~~~~~~~~~~~~~~~~~~~~~~~~~~~~~~~~~~~~~~~~~~~~~~ 


Scaling the data...
~~~~~~~~~~~~~~~~~~~~~~~~~~~~~~~~~~~~~~~~~~~~~~~~~~~~~~~~~~~~~~~~~~~~~~~~~~~~~~~
After OHE
Numerical Index V2 : [0, 4, 5, 6, 7, 8] 


OHE Idx : None


Ordinal Idx V2: [1, 2, 3]


Cat Dims V2 : []
Cat Idx V2 : [1, 2, 3] 
 

Train: [[0.6225457054620511 'Very Good' 'I' 'SI1' 0.9989248448935043]
 [-1.194670981085347 'Ideal' 'G' 'VVS1' -0.176742812466039]
 [1.4888931955602291 'Very Good' 'E' 'VS2' -1.5598812328890288]
 [-0.6030190366280547 'Ideal' 'F' 'VS2' -0.7991551016563834]
 [0.030893761004758692 'Good' 'G' 'SI2' -0.5225274175717864]
 [0.2633284534701235 'Good' 'E' 'SI2' 0.030727950597407492]
 [0.45350229275996745 'Premium' 'E' 'VS1' -0.6608412596140874]
 [1.53115404873575 'Premium' 'E' 'SI1' 0.5148263977454559]
 [-0.03249751875852269 'Very Good' 'G' 'SI1' 0.8606110028512033]
 [-1.0256275683832636 'Ideal' 'H' 'VS2' 0.3073556346820094]] 
 
 
Val : (17260, 9) 
 

~~~~~~~~~~~~~~~~~~~~~~~~~~~~~~~~~~~~~~~~~~~~~~~~~~~~~~~~~~~~~~~~~~~~~~~~~~~~~~~
Ordinal Encoding...
Cat Idx V3 : [1, 2, 3] 
 

~~~~~~~~~~~~~~~~~~~~~~~~~~~~~~~~~~~~~~~~~~~~~~~~~~~~~~~~~~~~~~~~~~~~~~~~~~~~~~~
After ORDINAL
Numerical Index V2 : [0, 4, 5, 6, 7, 8] 


OHE Idx : None


Ordinal Idx V2: [1, 2, 3]


Cat Dims V2 : [6, 8, 9]
Cat Idx V2 : [1, 2, 3] 
 

Train: [[0.6225457054620511 3 2 3 0.9989248448935043 0.6883479421453319
  0.7289809406566548 0.6840528659395524 0.8438541148845126]
 [-1.194670981085347 5 4 7 -0.176742812466039 -0.21224448536377827
  -1.5943199056713777 -1.5570639259416408 -1.5931381199874275]
 [1.4888931955602291 3 6 4 -1.5598812328890288 0.23805172839077682
  1.5332004643855894 1.552153441450845 1.3052964315466555]
 [-0.6030190366280547 5 5 4 -0.7991551016563834 -0.6625406991183334
  -0.4773483449367464 -0.49408362939720146 -0.5693129798932989]
 [0.030893761004758692 2 4 2 -0.5225274175717864 1.5889403696544422
  0.19283459150403218 0.2322862399081658 0.15169063989129883]
 [0.2633284534701235 2 6 2 0.030727950597407492 0.6883479421453319
  0.34474272376394194 0.40944962266557255 0.38241179822236965]
 [0.45350229275996745 4 6 5 -0.6608412596140874 0.6883479421453319
  0.6574947607696383 0.6131875128365897 0.5554526669706733]
 [1.53115404873575 4 6 3 0.5148263977454559 0.6883479421453319
  1.4349069670409416 1.3572737204176972 1.4783373002949578]
 [-0.03249751875852269 3 4 3 0.8606110028512033 0.23805172839077682
  0.08560532167350751 0.11713004111585161 0.2093709294740667]
 [-1.0256275683832636 5 3 4 0.3073556346820094 -1.1128369128728886
  -1.1922101438069108 -1.2115953295646977 -1.1749560205123608]] 
 
 
Val : (17260, 9) 
 

FINISHED ENCODING
~~~~~~~~~~~~~~~~~~~~~~~~~~~~~~~~~~~~~~~~~~~~~~~~~~~~~~~~~~~~~~~~~~~~~~~~~~~~~~~


~~~~~~~~~~~~~~~~~~~~~~~~~~~~~~~~~~~~~~~~~~~~~~~~~~~~~~~~~~~~~~~~~~~~~~~~~~~~~~~
Test numpy array issues
X dtype: object
X Val dtype: object
X dtype: float32
X Val dtype: float32
After Debugging -- Inner Fold 1
DEBUG Inner Fold 1: num_features: 9
DEBUG Inner Fold 1: num_classes: 1
DEBUG Inner Fold 1: cat_idx: [1, 2, 3]
DEBUG Inner Fold 1: nominal_idx: None
DEBUG Inner Fold 1: ordinal_idx: [1, 2, 3]
DEBUG Inner Fold 1: num_idx: [0, 4, 5, 6, 7, 8]
DEBUG Inner Fold 1: cat_dims: [6, 8, 9]
DEBUG Inner Fold 1: bin_alt: None
In get_device
On Device: cuda
**** Data b4 Fitting ****
Train Data b4 training...
X: <class 'numpy.ndarray'> , y : (<class 'numpy.ndarray'>,), X_val: <class 'numpy.ndarray'> , y : <class 'numpy.ndarray'>

Train Data after...
X: <class 'torch.Tensor'> , y : (<class 'torch.Tensor'>,), X_val: <class 'torch.Tensor'> , y : <class 'torch.Tensor'>

Inner Fold 1 Results: {'MSE - mean': 32738933.77925517, 'MSE - std': 0.0, 'R2 - mean': -0.9745076871034266, 'R2 - std': 0.0}
  outer_1_inner Fold 2/5
Before Debugging -- Inner Fold 2
DEBUG Inner Fold 2: num_features: 9
DEBUG Inner Fold 2: num_classes: 1
DEBUG Inner Fold 2: cat_idx: [0]
DEBUG Inner Fold 2: nominal_idx: None
DEBUG Inner Fold 2: ordinal_idx: [1, 2, 3]
DEBUG Inner Fold 2: num_idx: None
DEBUG Inner Fold 2: cat_dims: [2]
DEBUG Inner Fold 2: bin_alt: None
~~~~~~~~~~~~~~~~~~~~~~~~~~~~~~~~~~~~~~~~~~~~~~~~~~~~~~~~~~~~~~~~~~~~~~~~~~~~~~~
BEFORE ANY ENCODING
num_features :9
num_classes : 1
cat_idx : [0]
nominal_idx : None
ordinal_idx : [1, 2, 3]
num_idx : None
cat_dims : [2]
bin_alt : None 


X_train shape : (17261, 9)
~~~~~~~~~~~~~~~~~~~~~~~~~~~~~~~~~~~~~~~~~~~~~~~~~~~~~~~~~~~~~~~~~~~~~~~~~~~~~~~
~~~~~~~~~~~~~~~~~~~~~~~~~~~~~~~~~~~~~~~~~~~~~~~~~~~~~~~~~~~~~~~~~~~~~~~~~~~~~~~
AFTER getting cat idx
Nominal Index : None
Ordinal Index : [1, 2, 3]
Cat Idx : [0]
Cat dims : [2]
~~~~~~~~~~~~~~~~~~~~~~~~~~~~~~~~~~~~~~~~~~~~~~~~~~~~~~~~~~~~~~~~~~~~~~~~~~~~~~~
BEFORE getting cat idx
Nominal Index : None
Ordinal Index : [1, 2, 3]
Cat Idx : [1, 2, 3]
Cat dims : []
~~~~~~~~~~~~~~~~~~~~~~~~~~~~~~~~~~~~~~~~~~~~~~~~~~~~~~~~~~~~~~~~~~~~~~~~~~~~~~~ 


AFTER SEPARATING CATEGORICALS AND NUMERICALS
Ordinal Index : [1, 2, 3]
Numerical Index V1 : [0, 4, 5, 6, 7, 8]
Cat Idx V1 : [1, 2, 3] 
Cat Dims V1 : []
 

~~~~~~~~~~~~~~~~~~~~~~~~~~~~~~~~~~~~~~~~~~~~~~~~~~~~~~~~~~~~~~~~~~~~~~~~~~~~~~~ 


Scaling the data...
~~~~~~~~~~~~~~~~~~~~~~~~~~~~~~~~~~~~~~~~~~~~~~~~~~~~~~~~~~~~~~~~~~~~~~~~~~~~~~~
After OHE
Numerical Index V2 : [0, 4, 5, 6, 7, 8] 


OHE Idx : None


Ordinal Idx V2: [1, 2, 3]


Cat Dims V2 : []
Cat Idx V2 : [1, 2, 3] 
 

Train: [[0.6109617739717782 'Very Good' 'I' 'SI1' 1.000277349647564]
 [-1.1923108992151565 'Ideal' 'G' 'VVS1' -0.17921240590405657]
 [0.8416129298445254 'Very Good' 'H' 'VS2' 1.000277349647564]
 [1.4706615367702003 'Very Good' 'E' 'VS2' -1.5668474124353726]
 [0.023849740841148288 'Good' 'G' 'SI2' -0.5261211575368856]
 [0.2545008967138957 'Good' 'E' 'SI2' 0.02893284507563885]
 [-0.16486484123655434 'Very Good' 'J' 'VS2' 1.000277349647564]
 [1.5125981105652453 'Premium' 'E' 'SI1' 0.5146050973616014]
 [-0.039055119851419254 'Very Good' 'G' 'SI1' 0.8615138489944304]
 [-1.0245646040349765 'Ideal' 'H' 'VS2' 0.306459846381906]] 
 
 
Val : (17261, 9) 
 

~~~~~~~~~~~~~~~~~~~~~~~~~~~~~~~~~~~~~~~~~~~~~~~~~~~~~~~~~~~~~~~~~~~~~~~~~~~~~~~
Ordinal Encoding...
Cat Idx V3 : [1, 2, 3] 
 

~~~~~~~~~~~~~~~~~~~~~~~~~~~~~~~~~~~~~~~~~~~~~~~~~~~~~~~~~~~~~~~~~~~~~~~~~~~~~~~
After ORDINAL
Numerical Index V2 : [0, 4, 5, 6, 7, 8] 


OHE Idx : None


Ordinal Idx V2: [1, 2, 3]


Cat Dims V2 : [6, 8, 9]
Cat Idx V2 : [1, 2, 3] 
 

Train: [[0.6109617739717782 3 2 3 1.000277349647564 0.6861103434752243
  0.7201536662746001 0.6340252447178121 0.8326142222276542]
 [-1.1923108992151565 5 4 7 -0.17921240590405657 -0.20636022994692158
  -1.5939979909098583 -1.4690445574901931 -1.5876613852394543]
 [0.8416129298445254 3 3 4 1.000277349647564 -1.5450660900801403
  0.8892647489150032 0.866776052867315 1.0474315838371602]
 [1.4706615367702003 3 6 4 -1.5668474124353726 0.23987505676415136
  1.5212061629922975 1.4486530732410716 1.2908912603279357]
 [0.023849740841148288 2 4 2 -0.5261211575368856 1.5785809168973701
  0.18611866846280234 0.2100862727312183 0.14519866507723286]
 [0.2545008967138957 2 6 2 0.02893284507563885 0.6861103434752243
  0.3374285845094784 0.37633684998086314 0.3743371841273729]
 [-0.16486484123655434 3 1 4 1.000277349647564 1.1323456301862973
  0.034808752416125494 -0.030977064280766547 0.13087750763659875]
 [1.5125981105652453 4 6 3 0.5146050973616014 0.6861103434752243
  1.423299746726801 1.2657774382664617 1.4627451496155397]
 [-0.039055119851419254 3 4 3 0.8615138489944304 0.23987505676415136
  0.07931166890044264 0.10202339751894933 0.202483294839768]
 [-1.0245646040349765 5 3 4 0.306459846381906 -1.0988308033690675
  -1.19347174255101 -1.144855931853386 -1.1723478194610748]] 
 
 
Val : (17261, 9) 
 

FINISHED ENCODING
~~~~~~~~~~~~~~~~~~~~~~~~~~~~~~~~~~~~~~~~~~~~~~~~~~~~~~~~~~~~~~~~~~~~~~~~~~~~~~~


~~~~~~~~~~~~~~~~~~~~~~~~~~~~~~~~~~~~~~~~~~~~~~~~~~~~~~~~~~~~~~~~~~~~~~~~~~~~~~~
Test numpy array issues
X dtype: object
X Val dtype: object
X dtype: float32
X Val dtype: float32
After Debugging -- Inner Fold 2
DEBUG Inner Fold 2: num_features: 9
DEBUG Inner Fold 2: num_classes: 1
DEBUG Inner Fold 2: cat_idx: [1, 2, 3]
DEBUG Inner Fold 2: nominal_idx: None
DEBUG Inner Fold 2: ordinal_idx: [1, 2, 3]
DEBUG Inner Fold 2: num_idx: [0, 4, 5, 6, 7, 8]
DEBUG Inner Fold 2: cat_dims: [6, 8, 9]
DEBUG Inner Fold 2: bin_alt: None
In get_device
On Device: cuda
**** Data b4 Fitting ****
Train Data b4 training...
X: <class 'numpy.ndarray'> , y : (<class 'numpy.ndarray'>,), X_val: <class 'numpy.ndarray'> , y : <class 'numpy.ndarray'>

Train Data after...
X: <class 'torch.Tensor'> , y : (<class 'torch.Tensor'>,), X_val: <class 'torch.Tensor'> , y : <class 'torch.Tensor'>

Inner Fold 2 Results: {'MSE - mean': 31812390.00722964, 'MSE - std': 926543.7720255312, 'R2 - mean': -0.9721988723569333, 'R2 - std': 0.0023088147464933595}
  outer_1_inner Fold 3/5
Before Debugging -- Inner Fold 3
DEBUG Inner Fold 3: num_features: 9
DEBUG Inner Fold 3: num_classes: 1
DEBUG Inner Fold 3: cat_idx: [0]
DEBUG Inner Fold 3: nominal_idx: None
DEBUG Inner Fold 3: ordinal_idx: [1, 2, 3]
DEBUG Inner Fold 3: num_idx: None
DEBUG Inner Fold 3: cat_dims: [2]
DEBUG Inner Fold 3: bin_alt: None
~~~~~~~~~~~~~~~~~~~~~~~~~~~~~~~~~~~~~~~~~~~~~~~~~~~~~~~~~~~~~~~~~~~~~~~~~~~~~~~
BEFORE ANY ENCODING
num_features :9
num_classes : 1
cat_idx : [0]
nominal_idx : None
ordinal_idx : [1, 2, 3]
num_idx : None
cat_dims : [2]
bin_alt : None 


X_train shape : (17261, 9)
~~~~~~~~~~~~~~~~~~~~~~~~~~~~~~~~~~~~~~~~~~~~~~~~~~~~~~~~~~~~~~~~~~~~~~~~~~~~~~~
~~~~~~~~~~~~~~~~~~~~~~~~~~~~~~~~~~~~~~~~~~~~~~~~~~~~~~~~~~~~~~~~~~~~~~~~~~~~~~~
AFTER getting cat idx
Nominal Index : None
Ordinal Index : [1, 2, 3]
Cat Idx : [0]
Cat dims : [2]
~~~~~~~~~~~~~~~~~~~~~~~~~~~~~~~~~~~~~~~~~~~~~~~~~~~~~~~~~~~~~~~~~~~~~~~~~~~~~~~
BEFORE getting cat idx
Nominal Index : None
Ordinal Index : [1, 2, 3]
Cat Idx : [1, 2, 3]
Cat dims : []
~~~~~~~~~~~~~~~~~~~~~~~~~~~~~~~~~~~~~~~~~~~~~~~~~~~~~~~~~~~~~~~~~~~~~~~~~~~~~~~ 


AFTER SEPARATING CATEGORICALS AND NUMERICALS
Ordinal Index : [1, 2, 3]
Numerical Index V1 : [0, 4, 5, 6, 7, 8]
Cat Idx V1 : [1, 2, 3] 
Cat Dims V1 : []
 

~~~~~~~~~~~~~~~~~~~~~~~~~~~~~~~~~~~~~~~~~~~~~~~~~~~~~~~~~~~~~~~~~~~~~~~~~~~~~~~ 


Scaling the data...
~~~~~~~~~~~~~~~~~~~~~~~~~~~~~~~~~~~~~~~~~~~~~~~~~~~~~~~~~~~~~~~~~~~~~~~~~~~~~~~
After OHE
Numerical Index V2 : [0, 4, 5, 6, 7, 8] 


OHE Idx : None


Ordinal Idx V2: [1, 2, 3]


Cat Dims V2 : []
Cat Idx V2 : [1, 2, 3] 
 

Train: [[0.6112431208100558 'Very Good' 'I' 'SI1' 1.0136727753581982]
 [-1.201032367810269 'Ideal' 'G' 'VVS1' -0.17665688506079638]
 [0.8430457995870739 'Very Good' 'H' 'VS2' 1.0136727753581982]
 [1.4752349235243964 'Very Good' 'E' 'VS2' -1.5770447208478466]
 [-0.6109891854687679 'Ideal' 'F' 'VS2' -0.8068314111649679]
 [0.021199938468554752 'Good' 'G' 'SI2' -0.526753844007559]
 [0.253002617245573 'Good' 'E' 'SI2' 0.03340129030725914]
 [-0.1684567987126422 'Very Good' 'J' 'VS2' 1.0136727753581982]
 [0.4426593544267697 'Premium' 'E' 'VS1' -0.6667926275862659]
 [1.517380865120218 'Premium' 'E' 'SI1' 0.5235370328327287]] 
 
 
Val : (17261, 9) 
 

~~~~~~~~~~~~~~~~~~~~~~~~~~~~~~~~~~~~~~~~~~~~~~~~~~~~~~~~~~~~~~~~~~~~~~~~~~~~~~~
Ordinal Encoding...
Cat Idx V3 : [1, 2, 3] 
 

~~~~~~~~~~~~~~~~~~~~~~~~~~~~~~~~~~~~~~~~~~~~~~~~~~~~~~~~~~~~~~~~~~~~~~~~~~~~~~~
After ORDINAL
Numerical Index V2 : [0, 4, 5, 6, 7, 8] 


OHE Idx : None


Ordinal Idx V2: [1, 2, 3]


Cat Dims V2 : [6, 8, 9]
Cat Idx V2 : [1, 2, 3] 
 

Train: [[0.6112431208100558 3 2 3 1.0136727753581982 0.6818117192555013
  0.7173279774270517 0.6410109943505509 0.8326580303585318]
 [-1.201032367810269 5 4 7 -0.17665688506079638 -0.2128034555488829
  -1.6031173732206732 -1.4961423897360342 -1.5998890759987037]
 [0.8430457995870739 3 3 4 1.0136727753581982 -1.5547262177554593
  0.8868989838205397 0.8775338985182364 1.0485645782600608]
 [1.4752349235243964 3 6 4 -1.5770447208478466 0.2345041318533092
  1.5205590603435721 1.46884115893745 1.2932586658817957]
 [-0.6109891854687679 5 5 4 -0.8068314111649679 -0.660111042951075
  -0.4875186469477282 -0.4824728004459544 -0.5779314159314628]
 [0.021199938468554752 2 4 2 -0.526753844007559 1.5764268940598856
  0.1818405888160386 0.2102014189022671 0.14175707707363652]
 [0.253002617245573 2 6 2 0.03340129030725914 0.6818117192555013
  0.333562015589159 0.3791463504506139 0.37205739483526784]
 [-0.1684567987126422 3 1 4 1.0136727753581982 1.1291193066576934
  0.030119162042917397 -0.03476873184283558 0.1273633072135342]
 [0.4426593544267697 4 6 5 -0.6667926275862659 0.6818117192555013
  0.6459296589455832 0.5734330217312121 0.5447826331564918]
 [1.517380865120218 4 6 3 0.5235370328327287 0.6818117192555013
  1.4223863724315529 1.2830017342342679 1.4659839042030185]] 
 
 
Val : (17261, 9) 
 

FINISHED ENCODING
~~~~~~~~~~~~~~~~~~~~~~~~~~~~~~~~~~~~~~~~~~~~~~~~~~~~~~~~~~~~~~~~~~~~~~~~~~~~~~~


~~~~~~~~~~~~~~~~~~~~~~~~~~~~~~~~~~~~~~~~~~~~~~~~~~~~~~~~~~~~~~~~~~~~~~~~~~~~~~~
Test numpy array issues
X dtype: object
X Val dtype: object
X dtype: float32
X Val dtype: float32
After Debugging -- Inner Fold 3
DEBUG Inner Fold 3: num_features: 9
DEBUG Inner Fold 3: num_classes: 1
DEBUG Inner Fold 3: cat_idx: [1, 2, 3]
DEBUG Inner Fold 3: nominal_idx: None
DEBUG Inner Fold 3: ordinal_idx: [1, 2, 3]
DEBUG Inner Fold 3: num_idx: [0, 4, 5, 6, 7, 8]
DEBUG Inner Fold 3: cat_dims: [6, 8, 9]
DEBUG Inner Fold 3: bin_alt: None
In get_device
On Device: cuda
**** Data b4 Fitting ****
Train Data b4 training...
X: <class 'numpy.ndarray'> , y : (<class 'numpy.ndarray'>,), X_val: <class 'numpy.ndarray'> , y : <class 'numpy.ndarray'>

Train Data after...
X: <class 'torch.Tensor'> , y : (<class 'torch.Tensor'>,), X_val: <class 'torch.Tensor'> , y : <class 'torch.Tensor'>

Inner Fold 3 Results: {'MSE - mean': 31402561.94547182, 'MSE - std': 953016.4329089747, 'R2 - mean': -0.969019622863129, 'R2 - std': 0.004875346658798472}
  outer_1_inner Fold 4/5
Before Debugging -- Inner Fold 4
DEBUG Inner Fold 4: num_features: 9
DEBUG Inner Fold 4: num_classes: 1
DEBUG Inner Fold 4: cat_idx: [0]
DEBUG Inner Fold 4: nominal_idx: None
DEBUG Inner Fold 4: ordinal_idx: [1, 2, 3]
DEBUG Inner Fold 4: num_idx: None
DEBUG Inner Fold 4: cat_dims: [2]
DEBUG Inner Fold 4: bin_alt: None
~~~~~~~~~~~~~~~~~~~~~~~~~~~~~~~~~~~~~~~~~~~~~~~~~~~~~~~~~~~~~~~~~~~~~~~~~~~~~~~
BEFORE ANY ENCODING
num_features :9
num_classes : 1
cat_idx : [0]
nominal_idx : None
ordinal_idx : [1, 2, 3]
num_idx : None
cat_dims : [2]
bin_alt : None 


X_train shape : (17261, 9)
~~~~~~~~~~~~~~~~~~~~~~~~~~~~~~~~~~~~~~~~~~~~~~~~~~~~~~~~~~~~~~~~~~~~~~~~~~~~~~~
~~~~~~~~~~~~~~~~~~~~~~~~~~~~~~~~~~~~~~~~~~~~~~~~~~~~~~~~~~~~~~~~~~~~~~~~~~~~~~~
AFTER getting cat idx
Nominal Index : None
Ordinal Index : [1, 2, 3]
Cat Idx : [0]
Cat dims : [2]
~~~~~~~~~~~~~~~~~~~~~~~~~~~~~~~~~~~~~~~~~~~~~~~~~~~~~~~~~~~~~~~~~~~~~~~~~~~~~~~
BEFORE getting cat idx
Nominal Index : None
Ordinal Index : [1, 2, 3]
Cat Idx : [1, 2, 3]
Cat dims : []
~~~~~~~~~~~~~~~~~~~~~~~~~~~~~~~~~~~~~~~~~~~~~~~~~~~~~~~~~~~~~~~~~~~~~~~~~~~~~~~ 


AFTER SEPARATING CATEGORICALS AND NUMERICALS
Ordinal Index : [1, 2, 3]
Numerical Index V1 : [0, 4, 5, 6, 7, 8]
Cat Idx V1 : [1, 2, 3] 
Cat Dims V1 : []
 

~~~~~~~~~~~~~~~~~~~~~~~~~~~~~~~~~~~~~~~~~~~~~~~~~~~~~~~~~~~~~~~~~~~~~~~~~~~~~~~ 


Scaling the data...
~~~~~~~~~~~~~~~~~~~~~~~~~~~~~~~~~~~~~~~~~~~~~~~~~~~~~~~~~~~~~~~~~~~~~~~~~~~~~~~
After OHE
Numerical Index V2 : [0, 4, 5, 6, 7, 8] 


OHE Idx : None


Ordinal Idx V2: [1, 2, 3]


Cat Dims V2 : []
Cat Idx V2 : [1, 2, 3] 
 

Train: [[0.616760552569223 'Very Good' 'I' 'SI1' 1.0102506504486326]
 [-1.1965499682806273 'Ideal' 'G' 'VVS1' -0.16954041058832597]
 [0.8486956191895524 'Very Good' 'H' 'VS2' 1.0102506504486326]
 [1.4812458008813605 'Very Good' 'E' 'VS2' -1.5575298941612161]
 [-0.6061697987016063 'Ideal' 'F' 'VS2' -0.7941356781961255]
 [0.026380382990201984 'Good' 'G' 'SI2' -0.5165377814815485]
 [-0.16338467151734062 'Very Good' 'J' 'VS2' 1.0102506504486326]
 [0.448080504118074 'Premium' 'E' 'VS1' -0.6553367298388395]
 [1.5234158129941477 'Premium' 'E' 'SI1' 0.5244543311981191]
 [-1.0278699198294783 'Ideal' 'H' 'VS2' 0.31625590866218756]] 
 
 
Val : (17261, 9) 
 

~~~~~~~~~~~~~~~~~~~~~~~~~~~~~~~~~~~~~~~~~~~~~~~~~~~~~~~~~~~~~~~~~~~~~~~~~~~~~~~
Ordinal Encoding...
Cat Idx V3 : [1, 2, 3] 
 

~~~~~~~~~~~~~~~~~~~~~~~~~~~~~~~~~~~~~~~~~~~~~~~~~~~~~~~~~~~~~~~~~~~~~~~~~~~~~~~
After ORDINAL
Numerical Index V2 : [0, 4, 5, 6, 7, 8] 


OHE Idx : None


Ordinal Idx V2: [1, 2, 3]


Cat Dims V2 : [6, 8, 9]
Cat Idx V2 : [1, 2, 3] 
 

Train: [[0.616760552569223 3 2 3 1.0102506504486326 0.6793189324485923
  0.723284806708149 0.6365328810880501 0.8385064718388299]
 [-1.1965499682806273 5 4 7 -0.16954041058832597 -0.21210334701842315
  -1.6003095856235845 -1.473981116924701 -1.5955449410262352]
 [0.8486956191895524 3 3 4 1.0102506504486326 -1.5492367662189463
  0.8930859353785452 0.8701075528048765 1.054546538069456]
 [1.4812458008813605 3 6 4 -1.5575298941612161 0.23360779271508456
  1.527605942515288 1.4540442320969422 1.2993919464641681]
 [-0.6061697987016063 5 5 4 -0.7941356781961255 -0.6578144867519309
  -0.48319689700255847 -0.47294680956687457 -0.5729552942012671]
 [0.026380382990201984 2 4 2 -0.5165377814815485 1.5707412119156077
  0.18707071617005697 0.2110933004609739 0.1471782599008232]
 [-0.16338467151734062 3 1 4 1.0102506504486326 1.1250300721821
  0.03514339051759675 -0.030823323817167583 0.13277558881878104]
 [0.448080504118074 4 6 5 -0.6553367298388395 0.6793189324485923
  0.6517895946364033 0.5697972605975282 0.5504530501979935]
 [1.5234158129941477 4 6 3 0.5244543311981191 0.6793189324485923
  1.4293000259166373 1.2705212757480069 1.4722239994486686]
 [-1.0278699198294783 5 3 4 0.31625590866218756 -1.1035256264854385
  -1.1981490177200156 -1.1486449670334073 -1.1778674796470228]] 
 
 
Val : (17261, 9) 
 

FINISHED ENCODING
~~~~~~~~~~~~~~~~~~~~~~~~~~~~~~~~~~~~~~~~~~~~~~~~~~~~~~~~~~~~~~~~~~~~~~~~~~~~~~~


~~~~~~~~~~~~~~~~~~~~~~~~~~~~~~~~~~~~~~~~~~~~~~~~~~~~~~~~~~~~~~~~~~~~~~~~~~~~~~~
Test numpy array issues
X dtype: object
X Val dtype: object
X dtype: float32
X Val dtype: float32
After Debugging -- Inner Fold 4
DEBUG Inner Fold 4: num_features: 9
DEBUG Inner Fold 4: num_classes: 1
DEBUG Inner Fold 4: cat_idx: [1, 2, 3]
DEBUG Inner Fold 4: nominal_idx: None
DEBUG Inner Fold 4: ordinal_idx: [1, 2, 3]
DEBUG Inner Fold 4: num_idx: [0, 4, 5, 6, 7, 8]
DEBUG Inner Fold 4: cat_dims: [6, 8, 9]
DEBUG Inner Fold 4: bin_alt: None
In get_device
On Device: cuda
**** Data b4 Fitting ****
Train Data b4 training...
X: <class 'numpy.ndarray'> , y : (<class 'numpy.ndarray'>,), X_val: <class 'numpy.ndarray'> , y : <class 'numpy.ndarray'>

Train Data after...
X: <class 'torch.Tensor'> , y : (<class 'torch.Tensor'>,), X_val: <class 'torch.Tensor'> , y : <class 'torch.Tensor'>

Inner Fold 4 Results: {'MSE - mean': 31447929.14819742, 'MSE - std': 829068.6282180431, 'R2 - mean': -0.967210562505888, 'R2 - std': 0.005257837189474047}
  outer_1_inner Fold 5/5
Before Debugging -- Inner Fold 5
DEBUG Inner Fold 5: num_features: 9
DEBUG Inner Fold 5: num_classes: 1
DEBUG Inner Fold 5: cat_idx: [0]
DEBUG Inner Fold 5: nominal_idx: None
DEBUG Inner Fold 5: ordinal_idx: [1, 2, 3]
DEBUG Inner Fold 5: num_idx: None
DEBUG Inner Fold 5: cat_dims: [2]
DEBUG Inner Fold 5: bin_alt: None
~~~~~~~~~~~~~~~~~~~~~~~~~~~~~~~~~~~~~~~~~~~~~~~~~~~~~~~~~~~~~~~~~~~~~~~~~~~~~~~
BEFORE ANY ENCODING
num_features :9
num_classes : 1
cat_idx : [0]
nominal_idx : None
ordinal_idx : [1, 2, 3]
num_idx : None
cat_dims : [2]
bin_alt : None 


X_train shape : (17261, 9)
~~~~~~~~~~~~~~~~~~~~~~~~~~~~~~~~~~~~~~~~~~~~~~~~~~~~~~~~~~~~~~~~~~~~~~~~~~~~~~~
~~~~~~~~~~~~~~~~~~~~~~~~~~~~~~~~~~~~~~~~~~~~~~~~~~~~~~~~~~~~~~~~~~~~~~~~~~~~~~~
AFTER getting cat idx
Nominal Index : None
Ordinal Index : [1, 2, 3]
Cat Idx : [0]
Cat dims : [2]
~~~~~~~~~~~~~~~~~~~~~~~~~~~~~~~~~~~~~~~~~~~~~~~~~~~~~~~~~~~~~~~~~~~~~~~~~~~~~~~
BEFORE getting cat idx
Nominal Index : None
Ordinal Index : [1, 2, 3]
Cat Idx : [1, 2, 3]
Cat dims : []
~~~~~~~~~~~~~~~~~~~~~~~~~~~~~~~~~~~~~~~~~~~~~~~~~~~~~~~~~~~~~~~~~~~~~~~~~~~~~~~ 


AFTER SEPARATING CATEGORICALS AND NUMERICALS
Ordinal Index : [1, 2, 3]
Numerical Index V1 : [0, 4, 5, 6, 7, 8]
Cat Idx V1 : [1, 2, 3] 
Cat Dims V1 : []
 

~~~~~~~~~~~~~~~~~~~~~~~~~~~~~~~~~~~~~~~~~~~~~~~~~~~~~~~~~~~~~~~~~~~~~~~~~~~~~~~ 


Scaling the data...
~~~~~~~~~~~~~~~~~~~~~~~~~~~~~~~~~~~~~~~~~~~~~~~~~~~~~~~~~~~~~~~~~~~~~~~~~~~~~~~
After OHE
Numerical Index V2 : [0, 4, 5, 6, 7, 8] 


OHE Idx : None


Ordinal Idx V2: [1, 2, 3]


Cat Dims V2 : []
Cat Idx V2 : [1, 2, 3] 
 

Train: [[0.8395779267362239 'Very Good' 'H' 'VS2' 1.0024612546444691]
 [-0.6066370721272537 'Ideal' 'F' 'VS2' -0.7978643899363277]
 [0.2527080721249577 'Good' 'E' 'SI2' 0.03305513833172896]
 [-0.16648468116880408 'Very Good' 'J' 'VS2' 1.0024612546444691]
 [0.4413448111071504 'Premium' 'E' 'VS1' -0.659377801891654]
 [-0.04072685518067547 'Very Good' 'G' 'SI1' 0.8639746665997905]
 [0.6719008254187195 'Premium' 'G' 'SI2' -0.5208912138469755]
 [-0.5227985214685014 'Good' 'H' 'SI1' 1.2794344307338212]
 [-0.1874443188334922 'Premium' 'D' 'VS1' -2.528946740494785]
 [-0.6275967097919418 'Very Good' 'G' 'SI1' -1.6980272122267284]] 
 
 
Val : (17261, 9) 
 

~~~~~~~~~~~~~~~~~~~~~~~~~~~~~~~~~~~~~~~~~~~~~~~~~~~~~~~~~~~~~~~~~~~~~~~~~~~~~~~
Ordinal Encoding...
Cat Idx V3 : [1, 2, 3] 
 

~~~~~~~~~~~~~~~~~~~~~~~~~~~~~~~~~~~~~~~~~~~~~~~~~~~~~~~~~~~~~~~~~~~~~~~~~~~~~~~
After ORDINAL
Numerical Index V2 : [0, 4, 5, 6, 7, 8] 


OHE Idx : None


Ordinal Idx V2: [1, 2, 3]


Cat Dims V2 : [6, 8, 9]
Cat Idx V2 : [1, 2, 3] 
 

Train: [[0.8395779267362239 3 3 4 1.0024612546444691 -1.5485409726878063
  0.8869574383926734 0.8647181610891942 1.0464350376124902]
 [-0.6066370721272537 5 5 4 -0.7978643899363277 -0.6509709592368921
  -0.4836084128019686 -0.4735242919543713 -0.5733762066014101]
 [0.2527080721249577 2 6 2 0.03305513833172896 0.695384060939479
  0.33517118661301226 0.37430633047074496 0.372708236921753]
 [-0.16648468116880408 3 1 4 1.0024612546444691 1.144169067664936
  0.03257872595964909 -0.03298485089034029 0.12901981965063522]
 [0.4413448111071504 4 6 5 -0.659377801891654 0.695384060939479
  0.6466634255208851 0.5654838237626825 0.544723590289601]
 [-0.04072685518067547 3 4 3 0.8639746665997905 0.246599054214022
  0.07707761723220304 0.10000818792144271 0.20069288355390555]
 [0.6719008254187195 4 4 2 -0.5208912138469755 1.144169067664936
  0.8602581036291412 0.7483492521288837 0.7597427819994115]
 [-0.5227985214685014 2 3 3 1.2794344307338212 -1.0997559659623493
  -0.49250819105647986 -0.42365190239995226 -0.3296877893302923]
 [-0.1874443188334922 4 7 5 -2.528946740494785 2.0417390811158502
  0.13937606501377714 0.08338405806996946 -0.18634166152375226]
 [-0.6275967097919418 3 4 3 -1.6980272122267284 0.246599054214022
  -0.4836084128019686 -0.41533983747421604 -0.6450492705046804]] 
 
 
Val : (17261, 9) 
 

FINISHED ENCODING
~~~~~~~~~~~~~~~~~~~~~~~~~~~~~~~~~~~~~~~~~~~~~~~~~~~~~~~~~~~~~~~~~~~~~~~~~~~~~~~


~~~~~~~~~~~~~~~~~~~~~~~~~~~~~~~~~~~~~~~~~~~~~~~~~~~~~~~~~~~~~~~~~~~~~~~~~~~~~~~
Test numpy array issues
X dtype: object
X Val dtype: object
X dtype: float32
X Val dtype: float32
After Debugging -- Inner Fold 5
DEBUG Inner Fold 5: num_features: 9
DEBUG Inner Fold 5: num_classes: 1
DEBUG Inner Fold 5: cat_idx: [1, 2, 3]
DEBUG Inner Fold 5: nominal_idx: None
DEBUG Inner Fold 5: ordinal_idx: [1, 2, 3]
DEBUG Inner Fold 5: num_idx: [0, 4, 5, 6, 7, 8]
DEBUG Inner Fold 5: cat_dims: [6, 8, 9]
DEBUG Inner Fold 5: bin_alt: None
In get_device
On Device: cuda
**** Data b4 Fitting ****
Train Data b4 training...
X: <class 'numpy.ndarray'> , y : (<class 'numpy.ndarray'>,), X_val: <class 'numpy.ndarray'> , y : <class 'numpy.ndarray'>

Train Data after...
X: <class 'torch.Tensor'> , y : (<class 'torch.Tensor'>,), X_val: <class 'torch.Tensor'> , y : <class 'torch.Tensor'>

Inner Fold 5 Results: {'MSE - mean': 31314858.460800666, 'MSE - std': 787854.7224033475, 'R2 - mean': -0.9708563481603031, 'R2 - std': 0.008676571539529224}
Trial Results B4 Saving: {'MSE - mean': 31314858.460800666, 'MSE - std': 787854.7224033475, 'R2 - mean': -0.9708563481603031, 'R2 - std': 0.008676571539529224}
Score: 31314858.460800666
  outer_1_inner Fold 1/5
Before Debugging -- Inner Fold 1
DEBUG Inner Fold 1: num_features: 9
DEBUG Inner Fold 1: num_classes: 1
DEBUG Inner Fold 1: cat_idx: [0]
DEBUG Inner Fold 1: nominal_idx: None
DEBUG Inner Fold 1: ordinal_idx: [1, 2, 3]
DEBUG Inner Fold 1: num_idx: None
DEBUG Inner Fold 1: cat_dims: [2]
DEBUG Inner Fold 1: bin_alt: None
~~~~~~~~~~~~~~~~~~~~~~~~~~~~~~~~~~~~~~~~~~~~~~~~~~~~~~~~~~~~~~~~~~~~~~~~~~~~~~~
BEFORE ANY ENCODING
num_features :9
num_classes : 1
cat_idx : [0]
nominal_idx : None
ordinal_idx : [1, 2, 3]
num_idx : None
cat_dims : [2]
bin_alt : None 


X_train shape : (17260, 9)
~~~~~~~~~~~~~~~~~~~~~~~~~~~~~~~~~~~~~~~~~~~~~~~~~~~~~~~~~~~~~~~~~~~~~~~~~~~~~~~
~~~~~~~~~~~~~~~~~~~~~~~~~~~~~~~~~~~~~~~~~~~~~~~~~~~~~~~~~~~~~~~~~~~~~~~~~~~~~~~
AFTER getting cat idx
Nominal Index : None
Ordinal Index : [1, 2, 3]
Cat Idx : [0]
Cat dims : [2]
~~~~~~~~~~~~~~~~~~~~~~~~~~~~~~~~~~~~~~~~~~~~~~~~~~~~~~~~~~~~~~~~~~~~~~~~~~~~~~~
BEFORE getting cat idx
Nominal Index : None
Ordinal Index : [1, 2, 3]
Cat Idx : [1, 2, 3]
Cat dims : []
~~~~~~~~~~~~~~~~~~~~~~~~~~~~~~~~~~~~~~~~~~~~~~~~~~~~~~~~~~~~~~~~~~~~~~~~~~~~~~~ 


AFTER SEPARATING CATEGORICALS AND NUMERICALS
Ordinal Index : [1, 2, 3]
Numerical Index V1 : [0, 4, 5, 6, 7, 8]
Cat Idx V1 : [1, 2, 3] 
Cat Dims V1 : []
 

~~~~~~~~~~~~~~~~~~~~~~~~~~~~~~~~~~~~~~~~~~~~~~~~~~~~~~~~~~~~~~~~~~~~~~~~~~~~~~~ 


Scaling the data...
~~~~~~~~~~~~~~~~~~~~~~~~~~~~~~~~~~~~~~~~~~~~~~~~~~~~~~~~~~~~~~~~~~~~~~~~~~~~~~~
After OHE
Numerical Index V2 : [0, 4, 5, 6, 7, 8] 


OHE Idx : None


Ordinal Idx V2: [1, 2, 3]


Cat Dims V2 : []
Cat Idx V2 : [1, 2, 3] 
 

Train: [[0.6225457054620511 'Very Good' 'I' 'SI1' 0.9989248448935043]
 [-1.194670981085347 'Ideal' 'G' 'VVS1' -0.176742812466039]
 [1.4888931955602291 'Very Good' 'E' 'VS2' -1.5598812328890288]
 [-0.6030190366280547 'Ideal' 'F' 'VS2' -0.7991551016563834]
 [0.030893761004758692 'Good' 'G' 'SI2' -0.5225274175717864]
 [0.2633284534701235 'Good' 'E' 'SI2' 0.030727950597407492]
 [0.45350229275996745 'Premium' 'E' 'VS1' -0.6608412596140874]
 [1.53115404873575 'Premium' 'E' 'SI1' 0.5148263977454559]
 [-0.03249751875852269 'Very Good' 'G' 'SI1' 0.8606110028512033]
 [-1.0256275683832636 'Ideal' 'H' 'VS2' 0.3073556346820094]] 
 
 
Val : (17260, 9) 
 

~~~~~~~~~~~~~~~~~~~~~~~~~~~~~~~~~~~~~~~~~~~~~~~~~~~~~~~~~~~~~~~~~~~~~~~~~~~~~~~
Ordinal Encoding...
Cat Idx V3 : [1, 2, 3] 
 

~~~~~~~~~~~~~~~~~~~~~~~~~~~~~~~~~~~~~~~~~~~~~~~~~~~~~~~~~~~~~~~~~~~~~~~~~~~~~~~
After ORDINAL
Numerical Index V2 : [0, 4, 5, 6, 7, 8] 


OHE Idx : None


Ordinal Idx V2: [1, 2, 3]


Cat Dims V2 : [6, 8, 9]
Cat Idx V2 : [1, 2, 3] 
 

Train: [[0.6225457054620511 3 2 3 0.9989248448935043 0.6883479421453319
  0.7289809406566548 0.6840528659395524 0.8438541148845126]
 [-1.194670981085347 5 4 7 -0.176742812466039 -0.21224448536377827
  -1.5943199056713777 -1.5570639259416408 -1.5931381199874275]
 [1.4888931955602291 3 6 4 -1.5598812328890288 0.23805172839077682
  1.5332004643855894 1.552153441450845 1.3052964315466555]
 [-0.6030190366280547 5 5 4 -0.7991551016563834 -0.6625406991183334
  -0.4773483449367464 -0.49408362939720146 -0.5693129798932989]
 [0.030893761004758692 2 4 2 -0.5225274175717864 1.5889403696544422
  0.19283459150403218 0.2322862399081658 0.15169063989129883]
 [0.2633284534701235 2 6 2 0.030727950597407492 0.6883479421453319
  0.34474272376394194 0.40944962266557255 0.38241179822236965]
 [0.45350229275996745 4 6 5 -0.6608412596140874 0.6883479421453319
  0.6574947607696383 0.6131875128365897 0.5554526669706733]
 [1.53115404873575 4 6 3 0.5148263977454559 0.6883479421453319
  1.4349069670409416 1.3572737204176972 1.4783373002949578]
 [-0.03249751875852269 3 4 3 0.8606110028512033 0.23805172839077682
  0.08560532167350751 0.11713004111585161 0.2093709294740667]
 [-1.0256275683832636 5 3 4 0.3073556346820094 -1.1128369128728886
  -1.1922101438069108 -1.2115953295646977 -1.1749560205123608]] 
 
 
Val : (17260, 9) 
 

FINISHED ENCODING
~~~~~~~~~~~~~~~~~~~~~~~~~~~~~~~~~~~~~~~~~~~~~~~~~~~~~~~~~~~~~~~~~~~~~~~~~~~~~~~


~~~~~~~~~~~~~~~~~~~~~~~~~~~~~~~~~~~~~~~~~~~~~~~~~~~~~~~~~~~~~~~~~~~~~~~~~~~~~~~
Test numpy array issues
X dtype: object
X Val dtype: object
X dtype: float32
X Val dtype: float32
After Debugging -- Inner Fold 1
DEBUG Inner Fold 1: num_features: 9
DEBUG Inner Fold 1: num_classes: 1
DEBUG Inner Fold 1: cat_idx: [1, 2, 3]
DEBUG Inner Fold 1: nominal_idx: None
DEBUG Inner Fold 1: ordinal_idx: [1, 2, 3]
DEBUG Inner Fold 1: num_idx: [0, 4, 5, 6, 7, 8]
DEBUG Inner Fold 1: cat_dims: [6, 8, 9]
DEBUG Inner Fold 1: bin_alt: None
In get_device
On Device: cuda
**** Data b4 Fitting ****
Train Data b4 training...
X: <class 'numpy.ndarray'> , y : (<class 'numpy.ndarray'>,), X_val: <class 'numpy.ndarray'> , y : <class 'numpy.ndarray'>

Train Data after...
X: <class 'torch.Tensor'> , y : (<class 'torch.Tensor'>,), X_val: <class 'torch.Tensor'> , y : <class 'torch.Tensor'>

Inner Fold 1 Results: {'MSE - mean': 32771070.114272874, 'MSE - std': 0.0, 'R2 - mean': -0.9764458516434089, 'R2 - std': 0.0}
  outer_1_inner Fold 2/5
Before Debugging -- Inner Fold 2
DEBUG Inner Fold 2: num_features: 9
DEBUG Inner Fold 2: num_classes: 1
DEBUG Inner Fold 2: cat_idx: [0]
DEBUG Inner Fold 2: nominal_idx: None
DEBUG Inner Fold 2: ordinal_idx: [1, 2, 3]
DEBUG Inner Fold 2: num_idx: None
DEBUG Inner Fold 2: cat_dims: [2]
DEBUG Inner Fold 2: bin_alt: None
~~~~~~~~~~~~~~~~~~~~~~~~~~~~~~~~~~~~~~~~~~~~~~~~~~~~~~~~~~~~~~~~~~~~~~~~~~~~~~~
BEFORE ANY ENCODING
num_features :9
num_classes : 1
cat_idx : [0]
nominal_idx : None
ordinal_idx : [1, 2, 3]
num_idx : None
cat_dims : [2]
bin_alt : None 


X_train shape : (17261, 9)
~~~~~~~~~~~~~~~~~~~~~~~~~~~~~~~~~~~~~~~~~~~~~~~~~~~~~~~~~~~~~~~~~~~~~~~~~~~~~~~
~~~~~~~~~~~~~~~~~~~~~~~~~~~~~~~~~~~~~~~~~~~~~~~~~~~~~~~~~~~~~~~~~~~~~~~~~~~~~~~
AFTER getting cat idx
Nominal Index : None
Ordinal Index : [1, 2, 3]
Cat Idx : [0]
Cat dims : [2]
~~~~~~~~~~~~~~~~~~~~~~~~~~~~~~~~~~~~~~~~~~~~~~~~~~~~~~~~~~~~~~~~~~~~~~~~~~~~~~~
BEFORE getting cat idx
Nominal Index : None
Ordinal Index : [1, 2, 3]
Cat Idx : [1, 2, 3]
Cat dims : []
~~~~~~~~~~~~~~~~~~~~~~~~~~~~~~~~~~~~~~~~~~~~~~~~~~~~~~~~~~~~~~~~~~~~~~~~~~~~~~~ 


AFTER SEPARATING CATEGORICALS AND NUMERICALS
Ordinal Index : [1, 2, 3]
Numerical Index V1 : [0, 4, 5, 6, 7, 8]
Cat Idx V1 : [1, 2, 3] 
Cat Dims V1 : []
 

~~~~~~~~~~~~~~~~~~~~~~~~~~~~~~~~~~~~~~~~~~~~~~~~~~~~~~~~~~~~~~~~~~~~~~~~~~~~~~~ 


Scaling the data...
~~~~~~~~~~~~~~~~~~~~~~~~~~~~~~~~~~~~~~~~~~~~~~~~~~~~~~~~~~~~~~~~~~~~~~~~~~~~~~~
After OHE
Numerical Index V2 : [0, 4, 5, 6, 7, 8] 


OHE Idx : None


Ordinal Idx V2: [1, 2, 3]


Cat Dims V2 : []
Cat Idx V2 : [1, 2, 3] 
 

Train: [[0.6109617739717782 'Very Good' 'I' 'SI1' 1.000277349647564]
 [-1.1923108992151565 'Ideal' 'G' 'VVS1' -0.17921240590405657]
 [0.8416129298445254 'Very Good' 'H' 'VS2' 1.000277349647564]
 [1.4706615367702003 'Very Good' 'E' 'VS2' -1.5668474124353726]
 [0.023849740841148288 'Good' 'G' 'SI2' -0.5261211575368856]
 [0.2545008967138957 'Good' 'E' 'SI2' 0.02893284507563885]
 [-0.16486484123655434 'Very Good' 'J' 'VS2' 1.000277349647564]
 [1.5125981105652453 'Premium' 'E' 'SI1' 0.5146050973616014]
 [-0.039055119851419254 'Very Good' 'G' 'SI1' 0.8615138489944304]
 [-1.0245646040349765 'Ideal' 'H' 'VS2' 0.306459846381906]] 
 
 
Val : (17261, 9) 
 

~~~~~~~~~~~~~~~~~~~~~~~~~~~~~~~~~~~~~~~~~~~~~~~~~~~~~~~~~~~~~~~~~~~~~~~~~~~~~~~
Ordinal Encoding...
Cat Idx V3 : [1, 2, 3] 
 

~~~~~~~~~~~~~~~~~~~~~~~~~~~~~~~~~~~~~~~~~~~~~~~~~~~~~~~~~~~~~~~~~~~~~~~~~~~~~~~
After ORDINAL
Numerical Index V2 : [0, 4, 5, 6, 7, 8] 


OHE Idx : None


Ordinal Idx V2: [1, 2, 3]


Cat Dims V2 : [6, 8, 9]
Cat Idx V2 : [1, 2, 3] 
 

Train: [[0.6109617739717782 3 2 3 1.000277349647564 0.6861103434752243
  0.7201536662746001 0.6340252447178121 0.8326142222276542]
 [-1.1923108992151565 5 4 7 -0.17921240590405657 -0.20636022994692158
  -1.5939979909098583 -1.4690445574901931 -1.5876613852394543]
 [0.8416129298445254 3 3 4 1.000277349647564 -1.5450660900801403
  0.8892647489150032 0.866776052867315 1.0474315838371602]
 [1.4706615367702003 3 6 4 -1.5668474124353726 0.23987505676415136
  1.5212061629922975 1.4486530732410716 1.2908912603279357]
 [0.023849740841148288 2 4 2 -0.5261211575368856 1.5785809168973701
  0.18611866846280234 0.2100862727312183 0.14519866507723286]
 [0.2545008967138957 2 6 2 0.02893284507563885 0.6861103434752243
  0.3374285845094784 0.37633684998086314 0.3743371841273729]
 [-0.16486484123655434 3 1 4 1.000277349647564 1.1323456301862973
  0.034808752416125494 -0.030977064280766547 0.13087750763659875]
 [1.5125981105652453 4 6 3 0.5146050973616014 0.6861103434752243
  1.423299746726801 1.2657774382664617 1.4627451496155397]
 [-0.039055119851419254 3 4 3 0.8615138489944304 0.23987505676415136
  0.07931166890044264 0.10202339751894933 0.202483294839768]
 [-1.0245646040349765 5 3 4 0.306459846381906 -1.0988308033690675
  -1.19347174255101 -1.144855931853386 -1.1723478194610748]] 
 
 
Val : (17261, 9) 
 

FINISHED ENCODING
~~~~~~~~~~~~~~~~~~~~~~~~~~~~~~~~~~~~~~~~~~~~~~~~~~~~~~~~~~~~~~~~~~~~~~~~~~~~~~~


~~~~~~~~~~~~~~~~~~~~~~~~~~~~~~~~~~~~~~~~~~~~~~~~~~~~~~~~~~~~~~~~~~~~~~~~~~~~~~~
Test numpy array issues
X dtype: object
X Val dtype: object
X dtype: float32
X Val dtype: float32
After Debugging -- Inner Fold 2
DEBUG Inner Fold 2: num_features: 9
DEBUG Inner Fold 2: num_classes: 1
DEBUG Inner Fold 2: cat_idx: [1, 2, 3]
DEBUG Inner Fold 2: nominal_idx: None
DEBUG Inner Fold 2: ordinal_idx: [1, 2, 3]
DEBUG Inner Fold 2: num_idx: [0, 4, 5, 6, 7, 8]
DEBUG Inner Fold 2: cat_dims: [6, 8, 9]
DEBUG Inner Fold 2: bin_alt: None
In get_device
On Device: cuda
**** Data b4 Fitting ****
Train Data b4 training...
X: <class 'numpy.ndarray'> , y : (<class 'numpy.ndarray'>,), X_val: <class 'numpy.ndarray'> , y : <class 'numpy.ndarray'>

Train Data after...
X: <class 'torch.Tensor'> , y : (<class 'torch.Tensor'>,), X_val: <class 'torch.Tensor'> , y : <class 'torch.Tensor'>

Inner Fold 2 Results: {'MSE - mean': 31845929.59226742, 'MSE - std': 925140.5220054537, 'R2 - mean': -0.9742822764240513, 'R2 - std': 0.0021635752193576163}
  outer_1_inner Fold 3/5
Before Debugging -- Inner Fold 3
DEBUG Inner Fold 3: num_features: 9
DEBUG Inner Fold 3: num_classes: 1
DEBUG Inner Fold 3: cat_idx: [0]
DEBUG Inner Fold 3: nominal_idx: None
DEBUG Inner Fold 3: ordinal_idx: [1, 2, 3]
DEBUG Inner Fold 3: num_idx: None
DEBUG Inner Fold 3: cat_dims: [2]
DEBUG Inner Fold 3: bin_alt: None
~~~~~~~~~~~~~~~~~~~~~~~~~~~~~~~~~~~~~~~~~~~~~~~~~~~~~~~~~~~~~~~~~~~~~~~~~~~~~~~
BEFORE ANY ENCODING
num_features :9
num_classes : 1
cat_idx : [0]
nominal_idx : None
ordinal_idx : [1, 2, 3]
num_idx : None
cat_dims : [2]
bin_alt : None 


X_train shape : (17261, 9)
~~~~~~~~~~~~~~~~~~~~~~~~~~~~~~~~~~~~~~~~~~~~~~~~~~~~~~~~~~~~~~~~~~~~~~~~~~~~~~~
~~~~~~~~~~~~~~~~~~~~~~~~~~~~~~~~~~~~~~~~~~~~~~~~~~~~~~~~~~~~~~~~~~~~~~~~~~~~~~~
AFTER getting cat idx
Nominal Index : None
Ordinal Index : [1, 2, 3]
Cat Idx : [0]
Cat dims : [2]
~~~~~~~~~~~~~~~~~~~~~~~~~~~~~~~~~~~~~~~~~~~~~~~~~~~~~~~~~~~~~~~~~~~~~~~~~~~~~~~
BEFORE getting cat idx
Nominal Index : None
Ordinal Index : [1, 2, 3]
Cat Idx : [1, 2, 3]
Cat dims : []
~~~~~~~~~~~~~~~~~~~~~~~~~~~~~~~~~~~~~~~~~~~~~~~~~~~~~~~~~~~~~~~~~~~~~~~~~~~~~~~ 


AFTER SEPARATING CATEGORICALS AND NUMERICALS
Ordinal Index : [1, 2, 3]
Numerical Index V1 : [0, 4, 5, 6, 7, 8]
Cat Idx V1 : [1, 2, 3] 
Cat Dims V1 : []
 

~~~~~~~~~~~~~~~~~~~~~~~~~~~~~~~~~~~~~~~~~~~~~~~~~~~~~~~~~~~~~~~~~~~~~~~~~~~~~~~ 


Scaling the data...
~~~~~~~~~~~~~~~~~~~~~~~~~~~~~~~~~~~~~~~~~~~~~~~~~~~~~~~~~~~~~~~~~~~~~~~~~~~~~~~
After OHE
Numerical Index V2 : [0, 4, 5, 6, 7, 8] 


OHE Idx : None


Ordinal Idx V2: [1, 2, 3]


Cat Dims V2 : []
Cat Idx V2 : [1, 2, 3] 
 

Train: [[0.6112431208100558 'Very Good' 'I' 'SI1' 1.0136727753581982]
 [-1.201032367810269 'Ideal' 'G' 'VVS1' -0.17665688506079638]
 [0.8430457995870739 'Very Good' 'H' 'VS2' 1.0136727753581982]
 [1.4752349235243964 'Very Good' 'E' 'VS2' -1.5770447208478466]
 [-0.6109891854687679 'Ideal' 'F' 'VS2' -0.8068314111649679]
 [0.021199938468554752 'Good' 'G' 'SI2' -0.526753844007559]
 [0.253002617245573 'Good' 'E' 'SI2' 0.03340129030725914]
 [-0.1684567987126422 'Very Good' 'J' 'VS2' 1.0136727753581982]
 [0.4426593544267697 'Premium' 'E' 'VS1' -0.6667926275862659]
 [1.517380865120218 'Premium' 'E' 'SI1' 0.5235370328327287]] 
 
 
Val : (17261, 9) 
 

~~~~~~~~~~~~~~~~~~~~~~~~~~~~~~~~~~~~~~~~~~~~~~~~~~~~~~~~~~~~~~~~~~~~~~~~~~~~~~~
Ordinal Encoding...
Cat Idx V3 : [1, 2, 3] 
 

~~~~~~~~~~~~~~~~~~~~~~~~~~~~~~~~~~~~~~~~~~~~~~~~~~~~~~~~~~~~~~~~~~~~~~~~~~~~~~~
After ORDINAL
Numerical Index V2 : [0, 4, 5, 6, 7, 8] 


OHE Idx : None


Ordinal Idx V2: [1, 2, 3]


Cat Dims V2 : [6, 8, 9]
Cat Idx V2 : [1, 2, 3] 
 

Train: [[0.6112431208100558 3 2 3 1.0136727753581982 0.6818117192555013
  0.7173279774270517 0.6410109943505509 0.8326580303585318]
 [-1.201032367810269 5 4 7 -0.17665688506079638 -0.2128034555488829
  -1.6031173732206732 -1.4961423897360342 -1.5998890759987037]
 [0.8430457995870739 3 3 4 1.0136727753581982 -1.5547262177554593
  0.8868989838205397 0.8775338985182364 1.0485645782600608]
 [1.4752349235243964 3 6 4 -1.5770447208478466 0.2345041318533092
  1.5205590603435721 1.46884115893745 1.2932586658817957]
 [-0.6109891854687679 5 5 4 -0.8068314111649679 -0.660111042951075
  -0.4875186469477282 -0.4824728004459544 -0.5779314159314628]
 [0.021199938468554752 2 4 2 -0.526753844007559 1.5764268940598856
  0.1818405888160386 0.2102014189022671 0.14175707707363652]
 [0.253002617245573 2 6 2 0.03340129030725914 0.6818117192555013
  0.333562015589159 0.3791463504506139 0.37205739483526784]
 [-0.1684567987126422 3 1 4 1.0136727753581982 1.1291193066576934
  0.030119162042917397 -0.03476873184283558 0.1273633072135342]
 [0.4426593544267697 4 6 5 -0.6667926275862659 0.6818117192555013
  0.6459296589455832 0.5734330217312121 0.5447826331564918]
 [1.517380865120218 4 6 3 0.5235370328327287 0.6818117192555013
  1.4223863724315529 1.2830017342342679 1.4659839042030185]] 
 
 
Val : (17261, 9) 
 

FINISHED ENCODING
~~~~~~~~~~~~~~~~~~~~~~~~~~~~~~~~~~~~~~~~~~~~~~~~~~~~~~~~~~~~~~~~~~~~~~~~~~~~~~~


~~~~~~~~~~~~~~~~~~~~~~~~~~~~~~~~~~~~~~~~~~~~~~~~~~~~~~~~~~~~~~~~~~~~~~~~~~~~~~~
Test numpy array issues
X dtype: object
X Val dtype: object
X dtype: float32
X Val dtype: float32
After Debugging -- Inner Fold 3
DEBUG Inner Fold 3: num_features: 9
DEBUG Inner Fold 3: num_classes: 1
DEBUG Inner Fold 3: cat_idx: [1, 2, 3]
DEBUG Inner Fold 3: nominal_idx: None
DEBUG Inner Fold 3: ordinal_idx: [1, 2, 3]
DEBUG Inner Fold 3: num_idx: [0, 4, 5, 6, 7, 8]
DEBUG Inner Fold 3: cat_dims: [6, 8, 9]
DEBUG Inner Fold 3: bin_alt: None
In get_device
On Device: cuda
**** Data b4 Fitting ****
Train Data b4 training...
X: <class 'numpy.ndarray'> , y : (<class 'numpy.ndarray'>,), X_val: <class 'numpy.ndarray'> , y : <class 'numpy.ndarray'>

Train Data after...
X: <class 'torch.Tensor'> , y : (<class 'torch.Tensor'>,), X_val: <class 'torch.Tensor'> , y : <class 'torch.Tensor'>

Inner Fold 3 Results: {'MSE - mean': 31438113.265107155, 'MSE - std': 950377.979385742, 'R2 - mean': -0.9712551309545301, 'R2 - std': 0.004631190402099421}
  outer_1_inner Fold 4/5
Before Debugging -- Inner Fold 4
DEBUG Inner Fold 4: num_features: 9
DEBUG Inner Fold 4: num_classes: 1
DEBUG Inner Fold 4: cat_idx: [0]
DEBUG Inner Fold 4: nominal_idx: None
DEBUG Inner Fold 4: ordinal_idx: [1, 2, 3]
DEBUG Inner Fold 4: num_idx: None
DEBUG Inner Fold 4: cat_dims: [2]
DEBUG Inner Fold 4: bin_alt: None
~~~~~~~~~~~~~~~~~~~~~~~~~~~~~~~~~~~~~~~~~~~~~~~~~~~~~~~~~~~~~~~~~~~~~~~~~~~~~~~
BEFORE ANY ENCODING
num_features :9
num_classes : 1
cat_idx : [0]
nominal_idx : None
ordinal_idx : [1, 2, 3]
num_idx : None
cat_dims : [2]
bin_alt : None 


X_train shape : (17261, 9)
~~~~~~~~~~~~~~~~~~~~~~~~~~~~~~~~~~~~~~~~~~~~~~~~~~~~~~~~~~~~~~~~~~~~~~~~~~~~~~~
~~~~~~~~~~~~~~~~~~~~~~~~~~~~~~~~~~~~~~~~~~~~~~~~~~~~~~~~~~~~~~~~~~~~~~~~~~~~~~~
AFTER getting cat idx
Nominal Index : None
Ordinal Index : [1, 2, 3]
Cat Idx : [0]
Cat dims : [2]
~~~~~~~~~~~~~~~~~~~~~~~~~~~~~~~~~~~~~~~~~~~~~~~~~~~~~~~~~~~~~~~~~~~~~~~~~~~~~~~
BEFORE getting cat idx
Nominal Index : None
Ordinal Index : [1, 2, 3]
Cat Idx : [1, 2, 3]
Cat dims : []
~~~~~~~~~~~~~~~~~~~~~~~~~~~~~~~~~~~~~~~~~~~~~~~~~~~~~~~~~~~~~~~~~~~~~~~~~~~~~~~ 


AFTER SEPARATING CATEGORICALS AND NUMERICALS
Ordinal Index : [1, 2, 3]
Numerical Index V1 : [0, 4, 5, 6, 7, 8]
Cat Idx V1 : [1, 2, 3] 
Cat Dims V1 : []
 

~~~~~~~~~~~~~~~~~~~~~~~~~~~~~~~~~~~~~~~~~~~~~~~~~~~~~~~~~~~~~~~~~~~~~~~~~~~~~~~ 


Scaling the data...
~~~~~~~~~~~~~~~~~~~~~~~~~~~~~~~~~~~~~~~~~~~~~~~~~~~~~~~~~~~~~~~~~~~~~~~~~~~~~~~
After OHE
Numerical Index V2 : [0, 4, 5, 6, 7, 8] 


OHE Idx : None


Ordinal Idx V2: [1, 2, 3]


Cat Dims V2 : []
Cat Idx V2 : [1, 2, 3] 
 

Train: [[0.616760552569223 'Very Good' 'I' 'SI1' 1.0102506504486326]
 [-1.1965499682806273 'Ideal' 'G' 'VVS1' -0.16954041058832597]
 [0.8486956191895524 'Very Good' 'H' 'VS2' 1.0102506504486326]
 [1.4812458008813605 'Very Good' 'E' 'VS2' -1.5575298941612161]
 [-0.6061697987016063 'Ideal' 'F' 'VS2' -0.7941356781961255]
 [0.026380382990201984 'Good' 'G' 'SI2' -0.5165377814815485]
 [-0.16338467151734062 'Very Good' 'J' 'VS2' 1.0102506504486326]
 [0.448080504118074 'Premium' 'E' 'VS1' -0.6553367298388395]
 [1.5234158129941477 'Premium' 'E' 'SI1' 0.5244543311981191]
 [-1.0278699198294783 'Ideal' 'H' 'VS2' 0.31625590866218756]] 
 
 
Val : (17261, 9) 
 

~~~~~~~~~~~~~~~~~~~~~~~~~~~~~~~~~~~~~~~~~~~~~~~~~~~~~~~~~~~~~~~~~~~~~~~~~~~~~~~
Ordinal Encoding...
Cat Idx V3 : [1, 2, 3] 
 

~~~~~~~~~~~~~~~~~~~~~~~~~~~~~~~~~~~~~~~~~~~~~~~~~~~~~~~~~~~~~~~~~~~~~~~~~~~~~~~
After ORDINAL
Numerical Index V2 : [0, 4, 5, 6, 7, 8] 


OHE Idx : None


Ordinal Idx V2: [1, 2, 3]


Cat Dims V2 : [6, 8, 9]
Cat Idx V2 : [1, 2, 3] 
 

Train: [[0.616760552569223 3 2 3 1.0102506504486326 0.6793189324485923
  0.723284806708149 0.6365328810880501 0.8385064718388299]
 [-1.1965499682806273 5 4 7 -0.16954041058832597 -0.21210334701842315
  -1.6003095856235845 -1.473981116924701 -1.5955449410262352]
 [0.8486956191895524 3 3 4 1.0102506504486326 -1.5492367662189463
  0.8930859353785452 0.8701075528048765 1.054546538069456]
 [1.4812458008813605 3 6 4 -1.5575298941612161 0.23360779271508456
  1.527605942515288 1.4540442320969422 1.2993919464641681]
 [-0.6061697987016063 5 5 4 -0.7941356781961255 -0.6578144867519309
  -0.48319689700255847 -0.47294680956687457 -0.5729552942012671]
 [0.026380382990201984 2 4 2 -0.5165377814815485 1.5707412119156077
  0.18707071617005697 0.2110933004609739 0.1471782599008232]
 [-0.16338467151734062 3 1 4 1.0102506504486326 1.1250300721821
  0.03514339051759675 -0.030823323817167583 0.13277558881878104]
 [0.448080504118074 4 6 5 -0.6553367298388395 0.6793189324485923
  0.6517895946364033 0.5697972605975282 0.5504530501979935]
 [1.5234158129941477 4 6 3 0.5244543311981191 0.6793189324485923
  1.4293000259166373 1.2705212757480069 1.4722239994486686]
 [-1.0278699198294783 5 3 4 0.31625590866218756 -1.1035256264854385
  -1.1981490177200156 -1.1486449670334073 -1.1778674796470228]] 
 
 
Val : (17261, 9) 
 

FINISHED ENCODING
~~~~~~~~~~~~~~~~~~~~~~~~~~~~~~~~~~~~~~~~~~~~~~~~~~~~~~~~~~~~~~~~~~~~~~~~~~~~~~~


~~~~~~~~~~~~~~~~~~~~~~~~~~~~~~~~~~~~~~~~~~~~~~~~~~~~~~~~~~~~~~~~~~~~~~~~~~~~~~~
Test numpy array issues
X dtype: object
X Val dtype: object
X dtype: float32
X Val dtype: float32
After Debugging -- Inner Fold 4
DEBUG Inner Fold 4: num_features: 9
DEBUG Inner Fold 4: num_classes: 1
DEBUG Inner Fold 4: cat_idx: [1, 2, 3]
DEBUG Inner Fold 4: nominal_idx: None
DEBUG Inner Fold 4: ordinal_idx: [1, 2, 3]
DEBUG Inner Fold 4: num_idx: [0, 4, 5, 6, 7, 8]
DEBUG Inner Fold 4: cat_dims: [6, 8, 9]
DEBUG Inner Fold 4: bin_alt: None
In get_device
On Device: cuda
**** Data b4 Fitting ****
Train Data b4 training...
X: <class 'numpy.ndarray'> , y : (<class 'numpy.ndarray'>,), X_val: <class 'numpy.ndarray'> , y : <class 'numpy.ndarray'>

Train Data after...
X: <class 'torch.Tensor'> , y : (<class 'torch.Tensor'>,), X_val: <class 'torch.Tensor'> , y : <class 'torch.Tensor'>

Inner Fold 4 Results: {'MSE - mean': 31482379.917439945, 'MSE - std': 826614.98734432, 'R2 - mean': -0.9693708859713639, 'R2 - std': 0.005170791126620146}
  outer_1_inner Fold 5/5
Before Debugging -- Inner Fold 5
DEBUG Inner Fold 5: num_features: 9
DEBUG Inner Fold 5: num_classes: 1
DEBUG Inner Fold 5: cat_idx: [0]
DEBUG Inner Fold 5: nominal_idx: None
DEBUG Inner Fold 5: ordinal_idx: [1, 2, 3]
DEBUG Inner Fold 5: num_idx: None
DEBUG Inner Fold 5: cat_dims: [2]
DEBUG Inner Fold 5: bin_alt: None
~~~~~~~~~~~~~~~~~~~~~~~~~~~~~~~~~~~~~~~~~~~~~~~~~~~~~~~~~~~~~~~~~~~~~~~~~~~~~~~
BEFORE ANY ENCODING
num_features :9
num_classes : 1
cat_idx : [0]
nominal_idx : None
ordinal_idx : [1, 2, 3]
num_idx : None
cat_dims : [2]
bin_alt : None 


X_train shape : (17261, 9)
~~~~~~~~~~~~~~~~~~~~~~~~~~~~~~~~~~~~~~~~~~~~~~~~~~~~~~~~~~~~~~~~~~~~~~~~~~~~~~~
~~~~~~~~~~~~~~~~~~~~~~~~~~~~~~~~~~~~~~~~~~~~~~~~~~~~~~~~~~~~~~~~~~~~~~~~~~~~~~~
AFTER getting cat idx
Nominal Index : None
Ordinal Index : [1, 2, 3]
Cat Idx : [0]
Cat dims : [2]
~~~~~~~~~~~~~~~~~~~~~~~~~~~~~~~~~~~~~~~~~~~~~~~~~~~~~~~~~~~~~~~~~~~~~~~~~~~~~~~
BEFORE getting cat idx
Nominal Index : None
Ordinal Index : [1, 2, 3]
Cat Idx : [1, 2, 3]
Cat dims : []
~~~~~~~~~~~~~~~~~~~~~~~~~~~~~~~~~~~~~~~~~~~~~~~~~~~~~~~~~~~~~~~~~~~~~~~~~~~~~~~ 


AFTER SEPARATING CATEGORICALS AND NUMERICALS
Ordinal Index : [1, 2, 3]
Numerical Index V1 : [0, 4, 5, 6, 7, 8]
Cat Idx V1 : [1, 2, 3] 
Cat Dims V1 : []
 

~~~~~~~~~~~~~~~~~~~~~~~~~~~~~~~~~~~~~~~~~~~~~~~~~~~~~~~~~~~~~~~~~~~~~~~~~~~~~~~ 


Scaling the data...
~~~~~~~~~~~~~~~~~~~~~~~~~~~~~~~~~~~~~~~~~~~~~~~~~~~~~~~~~~~~~~~~~~~~~~~~~~~~~~~
After OHE
Numerical Index V2 : [0, 4, 5, 6, 7, 8] 


OHE Idx : None


Ordinal Idx V2: [1, 2, 3]


Cat Dims V2 : []
Cat Idx V2 : [1, 2, 3] 
 

Train: [[0.8395779267362239 'Very Good' 'H' 'VS2' 1.0024612546444691]
 [-0.6066370721272537 'Ideal' 'F' 'VS2' -0.7978643899363277]
 [0.2527080721249577 'Good' 'E' 'SI2' 0.03305513833172896]
 [-0.16648468116880408 'Very Good' 'J' 'VS2' 1.0024612546444691]
 [0.4413448111071504 'Premium' 'E' 'VS1' -0.659377801891654]
 [-0.04072685518067547 'Very Good' 'G' 'SI1' 0.8639746665997905]
 [0.6719008254187195 'Premium' 'G' 'SI2' -0.5208912138469755]
 [-0.5227985214685014 'Good' 'H' 'SI1' 1.2794344307338212]
 [-0.1874443188334922 'Premium' 'D' 'VS1' -2.528946740494785]
 [-0.6275967097919418 'Very Good' 'G' 'SI1' -1.6980272122267284]] 
 
 
Val : (17261, 9) 
 

~~~~~~~~~~~~~~~~~~~~~~~~~~~~~~~~~~~~~~~~~~~~~~~~~~~~~~~~~~~~~~~~~~~~~~~~~~~~~~~
Ordinal Encoding...
Cat Idx V3 : [1, 2, 3] 
 

~~~~~~~~~~~~~~~~~~~~~~~~~~~~~~~~~~~~~~~~~~~~~~~~~~~~~~~~~~~~~~~~~~~~~~~~~~~~~~~
After ORDINAL
Numerical Index V2 : [0, 4, 5, 6, 7, 8] 


OHE Idx : None


Ordinal Idx V2: [1, 2, 3]


Cat Dims V2 : [6, 8, 9]
Cat Idx V2 : [1, 2, 3] 
 

Train: [[0.8395779267362239 3 3 4 1.0024612546444691 -1.5485409726878063
  0.8869574383926734 0.8647181610891942 1.0464350376124902]
 [-0.6066370721272537 5 5 4 -0.7978643899363277 -0.6509709592368921
  -0.4836084128019686 -0.4735242919543713 -0.5733762066014101]
 [0.2527080721249577 2 6 2 0.03305513833172896 0.695384060939479
  0.33517118661301226 0.37430633047074496 0.372708236921753]
 [-0.16648468116880408 3 1 4 1.0024612546444691 1.144169067664936
  0.03257872595964909 -0.03298485089034029 0.12901981965063522]
 [0.4413448111071504 4 6 5 -0.659377801891654 0.695384060939479
  0.6466634255208851 0.5654838237626825 0.544723590289601]
 [-0.04072685518067547 3 4 3 0.8639746665997905 0.246599054214022
  0.07707761723220304 0.10000818792144271 0.20069288355390555]
 [0.6719008254187195 4 4 2 -0.5208912138469755 1.144169067664936
  0.8602581036291412 0.7483492521288837 0.7597427819994115]
 [-0.5227985214685014 2 3 3 1.2794344307338212 -1.0997559659623493
  -0.49250819105647986 -0.42365190239995226 -0.3296877893302923]
 [-0.1874443188334922 4 7 5 -2.528946740494785 2.0417390811158502
  0.13937606501377714 0.08338405806996946 -0.18634166152375226]
 [-0.6275967097919418 3 4 3 -1.6980272122267284 0.246599054214022
  -0.4836084128019686 -0.41533983747421604 -0.6450492705046804]] 
 
 
Val : (17261, 9) 
 

FINISHED ENCODING
~~~~~~~~~~~~~~~~~~~~~~~~~~~~~~~~~~~~~~~~~~~~~~~~~~~~~~~~~~~~~~~~~~~~~~~~~~~~~~~


~~~~~~~~~~~~~~~~~~~~~~~~~~~~~~~~~~~~~~~~~~~~~~~~~~~~~~~~~~~~~~~~~~~~~~~~~~~~~~~
Test numpy array issues
X dtype: object
X Val dtype: object
X dtype: float32
X Val dtype: float32
After Debugging -- Inner Fold 5
DEBUG Inner Fold 5: num_features: 9
DEBUG Inner Fold 5: num_classes: 1
DEBUG Inner Fold 5: cat_idx: [1, 2, 3]
DEBUG Inner Fold 5: nominal_idx: None
DEBUG Inner Fold 5: ordinal_idx: [1, 2, 3]
DEBUG Inner Fold 5: num_idx: [0, 4, 5, 6, 7, 8]
DEBUG Inner Fold 5: cat_dims: [6, 8, 9]
DEBUG Inner Fold 5: bin_alt: None
In get_device
On Device: cuda
**** Data b4 Fitting ****
Train Data b4 training...
X: <class 'numpy.ndarray'> , y : (<class 'numpy.ndarray'>,), X_val: <class 'numpy.ndarray'> , y : <class 'numpy.ndarray'>

Train Data after...
X: <class 'torch.Tensor'> , y : (<class 'torch.Tensor'>,), X_val: <class 'torch.Tensor'> , y : <class 'torch.Tensor'>

Inner Fold 5 Results: {'MSE - mean': 31348052.983135473, 'MSE - std': 786643.992515263, 'R2 - mean': -0.9729479872239415, 'R2 - std': 0.00851893644681507}
Trial Results B4 Saving: {'MSE - mean': 31348052.983135473, 'MSE - std': 786643.992515263, 'R2 - mean': -0.9729479872239415, 'R2 - std': 0.00851893644681507}
Score: 31348052.983135473
  outer_1_inner Fold 1/5
Before Debugging -- Inner Fold 1
DEBUG Inner Fold 1: num_features: 9
DEBUG Inner Fold 1: num_classes: 1
DEBUG Inner Fold 1: cat_idx: [0]
DEBUG Inner Fold 1: nominal_idx: None
DEBUG Inner Fold 1: ordinal_idx: [1, 2, 3]
DEBUG Inner Fold 1: num_idx: None
DEBUG Inner Fold 1: cat_dims: [2]
DEBUG Inner Fold 1: bin_alt: None
~~~~~~~~~~~~~~~~~~~~~~~~~~~~~~~~~~~~~~~~~~~~~~~~~~~~~~~~~~~~~~~~~~~~~~~~~~~~~~~
BEFORE ANY ENCODING
num_features :9
num_classes : 1
cat_idx : [0]
nominal_idx : None
ordinal_idx : [1, 2, 3]
num_idx : None
cat_dims : [2]
bin_alt : None 


X_train shape : (17260, 9)
~~~~~~~~~~~~~~~~~~~~~~~~~~~~~~~~~~~~~~~~~~~~~~~~~~~~~~~~~~~~~~~~~~~~~~~~~~~~~~~
~~~~~~~~~~~~~~~~~~~~~~~~~~~~~~~~~~~~~~~~~~~~~~~~~~~~~~~~~~~~~~~~~~~~~~~~~~~~~~~
AFTER getting cat idx
Nominal Index : None
Ordinal Index : [1, 2, 3]
Cat Idx : [0]
Cat dims : [2]
~~~~~~~~~~~~~~~~~~~~~~~~~~~~~~~~~~~~~~~~~~~~~~~~~~~~~~~~~~~~~~~~~~~~~~~~~~~~~~~
BEFORE getting cat idx
Nominal Index : None
Ordinal Index : [1, 2, 3]
Cat Idx : [1, 2, 3]
Cat dims : []
~~~~~~~~~~~~~~~~~~~~~~~~~~~~~~~~~~~~~~~~~~~~~~~~~~~~~~~~~~~~~~~~~~~~~~~~~~~~~~~ 


AFTER SEPARATING CATEGORICALS AND NUMERICALS
Ordinal Index : [1, 2, 3]
Numerical Index V1 : [0, 4, 5, 6, 7, 8]
Cat Idx V1 : [1, 2, 3] 
Cat Dims V1 : []
 

~~~~~~~~~~~~~~~~~~~~~~~~~~~~~~~~~~~~~~~~~~~~~~~~~~~~~~~~~~~~~~~~~~~~~~~~~~~~~~~ 


Scaling the data...
~~~~~~~~~~~~~~~~~~~~~~~~~~~~~~~~~~~~~~~~~~~~~~~~~~~~~~~~~~~~~~~~~~~~~~~~~~~~~~~
After OHE
Numerical Index V2 : [0, 4, 5, 6, 7, 8] 


OHE Idx : None


Ordinal Idx V2: [1, 2, 3]


Cat Dims V2 : []
Cat Idx V2 : [1, 2, 3] 
 

Train: [[0.6225457054620511 'Very Good' 'I' 'SI1' 0.9989248448935043]
 [-1.194670981085347 'Ideal' 'G' 'VVS1' -0.176742812466039]
 [1.4888931955602291 'Very Good' 'E' 'VS2' -1.5598812328890288]
 [-0.6030190366280547 'Ideal' 'F' 'VS2' -0.7991551016563834]
 [0.030893761004758692 'Good' 'G' 'SI2' -0.5225274175717864]
 [0.2633284534701235 'Good' 'E' 'SI2' 0.030727950597407492]
 [0.45350229275996745 'Premium' 'E' 'VS1' -0.6608412596140874]
 [1.53115404873575 'Premium' 'E' 'SI1' 0.5148263977454559]
 [-0.03249751875852269 'Very Good' 'G' 'SI1' 0.8606110028512033]
 [-1.0256275683832636 'Ideal' 'H' 'VS2' 0.3073556346820094]] 
 
 
Val : (17260, 9) 
 

~~~~~~~~~~~~~~~~~~~~~~~~~~~~~~~~~~~~~~~~~~~~~~~~~~~~~~~~~~~~~~~~~~~~~~~~~~~~~~~
Ordinal Encoding...
Cat Idx V3 : [1, 2, 3] 
 

~~~~~~~~~~~~~~~~~~~~~~~~~~~~~~~~~~~~~~~~~~~~~~~~~~~~~~~~~~~~~~~~~~~~~~~~~~~~~~~
After ORDINAL
Numerical Index V2 : [0, 4, 5, 6, 7, 8] 


OHE Idx : None


Ordinal Idx V2: [1, 2, 3]


Cat Dims V2 : [6, 8, 9]
Cat Idx V2 : [1, 2, 3] 
 

Train: [[0.6225457054620511 3 2 3 0.9989248448935043 0.6883479421453319
  0.7289809406566548 0.6840528659395524 0.8438541148845126]
 [-1.194670981085347 5 4 7 -0.176742812466039 -0.21224448536377827
  -1.5943199056713777 -1.5570639259416408 -1.5931381199874275]
 [1.4888931955602291 3 6 4 -1.5598812328890288 0.23805172839077682
  1.5332004643855894 1.552153441450845 1.3052964315466555]
 [-0.6030190366280547 5 5 4 -0.7991551016563834 -0.6625406991183334
  -0.4773483449367464 -0.49408362939720146 -0.5693129798932989]
 [0.030893761004758692 2 4 2 -0.5225274175717864 1.5889403696544422
  0.19283459150403218 0.2322862399081658 0.15169063989129883]
 [0.2633284534701235 2 6 2 0.030727950597407492 0.6883479421453319
  0.34474272376394194 0.40944962266557255 0.38241179822236965]
 [0.45350229275996745 4 6 5 -0.6608412596140874 0.6883479421453319
  0.6574947607696383 0.6131875128365897 0.5554526669706733]
 [1.53115404873575 4 6 3 0.5148263977454559 0.6883479421453319
  1.4349069670409416 1.3572737204176972 1.4783373002949578]
 [-0.03249751875852269 3 4 3 0.8606110028512033 0.23805172839077682
  0.08560532167350751 0.11713004111585161 0.2093709294740667]
 [-1.0256275683832636 5 3 4 0.3073556346820094 -1.1128369128728886
  -1.1922101438069108 -1.2115953295646977 -1.1749560205123608]] 
 
 
Val : (17260, 9) 
 

FINISHED ENCODING
~~~~~~~~~~~~~~~~~~~~~~~~~~~~~~~~~~~~~~~~~~~~~~~~~~~~~~~~~~~~~~~~~~~~~~~~~~~~~~~


~~~~~~~~~~~~~~~~~~~~~~~~~~~~~~~~~~~~~~~~~~~~~~~~~~~~~~~~~~~~~~~~~~~~~~~~~~~~~~~
Test numpy array issues
X dtype: object
X Val dtype: object
X dtype: float32
X Val dtype: float32
After Debugging -- Inner Fold 1
DEBUG Inner Fold 1: num_features: 9
DEBUG Inner Fold 1: num_classes: 1
DEBUG Inner Fold 1: cat_idx: [1, 2, 3]
DEBUG Inner Fold 1: nominal_idx: None
DEBUG Inner Fold 1: ordinal_idx: [1, 2, 3]
DEBUG Inner Fold 1: num_idx: [0, 4, 5, 6, 7, 8]
DEBUG Inner Fold 1: cat_dims: [6, 8, 9]
DEBUG Inner Fold 1: bin_alt: None
In get_device
On Device: cuda
**** Data b4 Fitting ****
Train Data b4 training...
X: <class 'numpy.ndarray'> , y : (<class 'numpy.ndarray'>,), X_val: <class 'numpy.ndarray'> , y : <class 'numpy.ndarray'>

Train Data after...
X: <class 'torch.Tensor'> , y : (<class 'torch.Tensor'>,), X_val: <class 'torch.Tensor'> , y : <class 'torch.Tensor'>

Inner Fold 1 Results: {'MSE - mean': 30805335.845724706, 'MSE - std': 0.0, 'R2 - mean': -0.8578910614898461, 'R2 - std': 0.0}
  outer_1_inner Fold 2/5
Before Debugging -- Inner Fold 2
DEBUG Inner Fold 2: num_features: 9
DEBUG Inner Fold 2: num_classes: 1
DEBUG Inner Fold 2: cat_idx: [0]
DEBUG Inner Fold 2: nominal_idx: None
DEBUG Inner Fold 2: ordinal_idx: [1, 2, 3]
DEBUG Inner Fold 2: num_idx: None
DEBUG Inner Fold 2: cat_dims: [2]
DEBUG Inner Fold 2: bin_alt: None
~~~~~~~~~~~~~~~~~~~~~~~~~~~~~~~~~~~~~~~~~~~~~~~~~~~~~~~~~~~~~~~~~~~~~~~~~~~~~~~
BEFORE ANY ENCODING
num_features :9
num_classes : 1
cat_idx : [0]
nominal_idx : None
ordinal_idx : [1, 2, 3]
num_idx : None
cat_dims : [2]
bin_alt : None 


X_train shape : (17261, 9)
~~~~~~~~~~~~~~~~~~~~~~~~~~~~~~~~~~~~~~~~~~~~~~~~~~~~~~~~~~~~~~~~~~~~~~~~~~~~~~~
~~~~~~~~~~~~~~~~~~~~~~~~~~~~~~~~~~~~~~~~~~~~~~~~~~~~~~~~~~~~~~~~~~~~~~~~~~~~~~~
AFTER getting cat idx
Nominal Index : None
Ordinal Index : [1, 2, 3]
Cat Idx : [0]
Cat dims : [2]
~~~~~~~~~~~~~~~~~~~~~~~~~~~~~~~~~~~~~~~~~~~~~~~~~~~~~~~~~~~~~~~~~~~~~~~~~~~~~~~
BEFORE getting cat idx
Nominal Index : None
Ordinal Index : [1, 2, 3]
Cat Idx : [1, 2, 3]
Cat dims : []
~~~~~~~~~~~~~~~~~~~~~~~~~~~~~~~~~~~~~~~~~~~~~~~~~~~~~~~~~~~~~~~~~~~~~~~~~~~~~~~ 


AFTER SEPARATING CATEGORICALS AND NUMERICALS
Ordinal Index : [1, 2, 3]
Numerical Index V1 : [0, 4, 5, 6, 7, 8]
Cat Idx V1 : [1, 2, 3] 
Cat Dims V1 : []
 

~~~~~~~~~~~~~~~~~~~~~~~~~~~~~~~~~~~~~~~~~~~~~~~~~~~~~~~~~~~~~~~~~~~~~~~~~~~~~~~ 


Scaling the data...
~~~~~~~~~~~~~~~~~~~~~~~~~~~~~~~~~~~~~~~~~~~~~~~~~~~~~~~~~~~~~~~~~~~~~~~~~~~~~~~
After OHE
Numerical Index V2 : [0, 4, 5, 6, 7, 8] 


OHE Idx : None


Ordinal Idx V2: [1, 2, 3]


Cat Dims V2 : []
Cat Idx V2 : [1, 2, 3] 
 

Train: [[0.6109617739717782 'Very Good' 'I' 'SI1' 1.000277349647564]
 [-1.1923108992151565 'Ideal' 'G' 'VVS1' -0.17921240590405657]
 [0.8416129298445254 'Very Good' 'H' 'VS2' 1.000277349647564]
 [1.4706615367702003 'Very Good' 'E' 'VS2' -1.5668474124353726]
 [0.023849740841148288 'Good' 'G' 'SI2' -0.5261211575368856]
 [0.2545008967138957 'Good' 'E' 'SI2' 0.02893284507563885]
 [-0.16486484123655434 'Very Good' 'J' 'VS2' 1.000277349647564]
 [1.5125981105652453 'Premium' 'E' 'SI1' 0.5146050973616014]
 [-0.039055119851419254 'Very Good' 'G' 'SI1' 0.8615138489944304]
 [-1.0245646040349765 'Ideal' 'H' 'VS2' 0.306459846381906]] 
 
 
Val : (17261, 9) 
 

~~~~~~~~~~~~~~~~~~~~~~~~~~~~~~~~~~~~~~~~~~~~~~~~~~~~~~~~~~~~~~~~~~~~~~~~~~~~~~~
Ordinal Encoding...
Cat Idx V3 : [1, 2, 3] 
 

~~~~~~~~~~~~~~~~~~~~~~~~~~~~~~~~~~~~~~~~~~~~~~~~~~~~~~~~~~~~~~~~~~~~~~~~~~~~~~~
After ORDINAL
Numerical Index V2 : [0, 4, 5, 6, 7, 8] 


OHE Idx : None


Ordinal Idx V2: [1, 2, 3]


Cat Dims V2 : [6, 8, 9]
Cat Idx V2 : [1, 2, 3] 
 

Train: [[0.6109617739717782 3 2 3 1.000277349647564 0.6861103434752243
  0.7201536662746001 0.6340252447178121 0.8326142222276542]
 [-1.1923108992151565 5 4 7 -0.17921240590405657 -0.20636022994692158
  -1.5939979909098583 -1.4690445574901931 -1.5876613852394543]
 [0.8416129298445254 3 3 4 1.000277349647564 -1.5450660900801403
  0.8892647489150032 0.866776052867315 1.0474315838371602]
 [1.4706615367702003 3 6 4 -1.5668474124353726 0.23987505676415136
  1.5212061629922975 1.4486530732410716 1.2908912603279357]
 [0.023849740841148288 2 4 2 -0.5261211575368856 1.5785809168973701
  0.18611866846280234 0.2100862727312183 0.14519866507723286]
 [0.2545008967138957 2 6 2 0.02893284507563885 0.6861103434752243
  0.3374285845094784 0.37633684998086314 0.3743371841273729]
 [-0.16486484123655434 3 1 4 1.000277349647564 1.1323456301862973
  0.034808752416125494 -0.030977064280766547 0.13087750763659875]
 [1.5125981105652453 4 6 3 0.5146050973616014 0.6861103434752243
  1.423299746726801 1.2657774382664617 1.4627451496155397]
 [-0.039055119851419254 3 4 3 0.8615138489944304 0.23987505676415136
  0.07931166890044264 0.10202339751894933 0.202483294839768]
 [-1.0245646040349765 5 3 4 0.306459846381906 -1.0988308033690675
  -1.19347174255101 -1.144855931853386 -1.1723478194610748]] 
 
 
Val : (17261, 9) 
 

FINISHED ENCODING
~~~~~~~~~~~~~~~~~~~~~~~~~~~~~~~~~~~~~~~~~~~~~~~~~~~~~~~~~~~~~~~~~~~~~~~~~~~~~~~


~~~~~~~~~~~~~~~~~~~~~~~~~~~~~~~~~~~~~~~~~~~~~~~~~~~~~~~~~~~~~~~~~~~~~~~~~~~~~~~
Test numpy array issues
X dtype: object
X Val dtype: object
X dtype: float32
X Val dtype: float32
After Debugging -- Inner Fold 2
DEBUG Inner Fold 2: num_features: 9
DEBUG Inner Fold 2: num_classes: 1
DEBUG Inner Fold 2: cat_idx: [1, 2, 3]
DEBUG Inner Fold 2: nominal_idx: None
DEBUG Inner Fold 2: ordinal_idx: [1, 2, 3]
DEBUG Inner Fold 2: num_idx: [0, 4, 5, 6, 7, 8]
DEBUG Inner Fold 2: cat_dims: [6, 8, 9]
DEBUG Inner Fold 2: bin_alt: None
In get_device
On Device: cuda
**** Data b4 Fitting ****
Train Data b4 training...
X: <class 'numpy.ndarray'> , y : (<class 'numpy.ndarray'>,), X_val: <class 'numpy.ndarray'> , y : <class 'numpy.ndarray'>

Train Data after...
X: <class 'torch.Tensor'> , y : (<class 'torch.Tensor'>,), X_val: <class 'torch.Tensor'> , y : <class 'torch.Tensor'>

Inner Fold 2 Results: {'MSE - mean': 29914183.81916993, 'MSE - std': 891152.0265547745, 'R2 - mean': -0.8544856848757603, 'R2 - std': 0.0034053766140857977}
  outer_1_inner Fold 3/5
Before Debugging -- Inner Fold 3
DEBUG Inner Fold 3: num_features: 9
DEBUG Inner Fold 3: num_classes: 1
DEBUG Inner Fold 3: cat_idx: [0]
DEBUG Inner Fold 3: nominal_idx: None
DEBUG Inner Fold 3: ordinal_idx: [1, 2, 3]
DEBUG Inner Fold 3: num_idx: None
DEBUG Inner Fold 3: cat_dims: [2]
DEBUG Inner Fold 3: bin_alt: None
~~~~~~~~~~~~~~~~~~~~~~~~~~~~~~~~~~~~~~~~~~~~~~~~~~~~~~~~~~~~~~~~~~~~~~~~~~~~~~~
BEFORE ANY ENCODING
num_features :9
num_classes : 1
cat_idx : [0]
nominal_idx : None
ordinal_idx : [1, 2, 3]
num_idx : None
cat_dims : [2]
bin_alt : None 


X_train shape : (17261, 9)
~~~~~~~~~~~~~~~~~~~~~~~~~~~~~~~~~~~~~~~~~~~~~~~~~~~~~~~~~~~~~~~~~~~~~~~~~~~~~~~
~~~~~~~~~~~~~~~~~~~~~~~~~~~~~~~~~~~~~~~~~~~~~~~~~~~~~~~~~~~~~~~~~~~~~~~~~~~~~~~
AFTER getting cat idx
Nominal Index : None
Ordinal Index : [1, 2, 3]
Cat Idx : [0]
Cat dims : [2]
~~~~~~~~~~~~~~~~~~~~~~~~~~~~~~~~~~~~~~~~~~~~~~~~~~~~~~~~~~~~~~~~~~~~~~~~~~~~~~~
BEFORE getting cat idx
Nominal Index : None
Ordinal Index : [1, 2, 3]
Cat Idx : [1, 2, 3]
Cat dims : []
~~~~~~~~~~~~~~~~~~~~~~~~~~~~~~~~~~~~~~~~~~~~~~~~~~~~~~~~~~~~~~~~~~~~~~~~~~~~~~~ 


AFTER SEPARATING CATEGORICALS AND NUMERICALS
Ordinal Index : [1, 2, 3]
Numerical Index V1 : [0, 4, 5, 6, 7, 8]
Cat Idx V1 : [1, 2, 3] 
Cat Dims V1 : []
 

~~~~~~~~~~~~~~~~~~~~~~~~~~~~~~~~~~~~~~~~~~~~~~~~~~~~~~~~~~~~~~~~~~~~~~~~~~~~~~~ 


Scaling the data...
~~~~~~~~~~~~~~~~~~~~~~~~~~~~~~~~~~~~~~~~~~~~~~~~~~~~~~~~~~~~~~~~~~~~~~~~~~~~~~~
After OHE
Numerical Index V2 : [0, 4, 5, 6, 7, 8] 


OHE Idx : None


Ordinal Idx V2: [1, 2, 3]


Cat Dims V2 : []
Cat Idx V2 : [1, 2, 3] 
 

Train: [[0.6112431208100558 'Very Good' 'I' 'SI1' 1.0136727753581982]
 [-1.201032367810269 'Ideal' 'G' 'VVS1' -0.17665688506079638]
 [0.8430457995870739 'Very Good' 'H' 'VS2' 1.0136727753581982]
 [1.4752349235243964 'Very Good' 'E' 'VS2' -1.5770447208478466]
 [-0.6109891854687679 'Ideal' 'F' 'VS2' -0.8068314111649679]
 [0.021199938468554752 'Good' 'G' 'SI2' -0.526753844007559]
 [0.253002617245573 'Good' 'E' 'SI2' 0.03340129030725914]
 [-0.1684567987126422 'Very Good' 'J' 'VS2' 1.0136727753581982]
 [0.4426593544267697 'Premium' 'E' 'VS1' -0.6667926275862659]
 [1.517380865120218 'Premium' 'E' 'SI1' 0.5235370328327287]] 
 
 
Val : (17261, 9) 
 

~~~~~~~~~~~~~~~~~~~~~~~~~~~~~~~~~~~~~~~~~~~~~~~~~~~~~~~~~~~~~~~~~~~~~~~~~~~~~~~
Ordinal Encoding...
Cat Idx V3 : [1, 2, 3] 
 

~~~~~~~~~~~~~~~~~~~~~~~~~~~~~~~~~~~~~~~~~~~~~~~~~~~~~~~~~~~~~~~~~~~~~~~~~~~~~~~
After ORDINAL
Numerical Index V2 : [0, 4, 5, 6, 7, 8] 


OHE Idx : None


Ordinal Idx V2: [1, 2, 3]


Cat Dims V2 : [6, 8, 9]
Cat Idx V2 : [1, 2, 3] 
 

Train: [[0.6112431208100558 3 2 3 1.0136727753581982 0.6818117192555013
  0.7173279774270517 0.6410109943505509 0.8326580303585318]
 [-1.201032367810269 5 4 7 -0.17665688506079638 -0.2128034555488829
  -1.6031173732206732 -1.4961423897360342 -1.5998890759987037]
 [0.8430457995870739 3 3 4 1.0136727753581982 -1.5547262177554593
  0.8868989838205397 0.8775338985182364 1.0485645782600608]
 [1.4752349235243964 3 6 4 -1.5770447208478466 0.2345041318533092
  1.5205590603435721 1.46884115893745 1.2932586658817957]
 [-0.6109891854687679 5 5 4 -0.8068314111649679 -0.660111042951075
  -0.4875186469477282 -0.4824728004459544 -0.5779314159314628]
 [0.021199938468554752 2 4 2 -0.526753844007559 1.5764268940598856
  0.1818405888160386 0.2102014189022671 0.14175707707363652]
 [0.253002617245573 2 6 2 0.03340129030725914 0.6818117192555013
  0.333562015589159 0.3791463504506139 0.37205739483526784]
 [-0.1684567987126422 3 1 4 1.0136727753581982 1.1291193066576934
  0.030119162042917397 -0.03476873184283558 0.1273633072135342]
 [0.4426593544267697 4 6 5 -0.6667926275862659 0.6818117192555013
  0.6459296589455832 0.5734330217312121 0.5447826331564918]
 [1.517380865120218 4 6 3 0.5235370328327287 0.6818117192555013
  1.4223863724315529 1.2830017342342679 1.4659839042030185]] 
 
 
Val : (17261, 9) 
 

FINISHED ENCODING
~~~~~~~~~~~~~~~~~~~~~~~~~~~~~~~~~~~~~~~~~~~~~~~~~~~~~~~~~~~~~~~~~~~~~~~~~~~~~~~


~~~~~~~~~~~~~~~~~~~~~~~~~~~~~~~~~~~~~~~~~~~~~~~~~~~~~~~~~~~~~~~~~~~~~~~~~~~~~~~
Test numpy array issues
X dtype: object
X Val dtype: object
X dtype: float32
X Val dtype: float32
After Debugging -- Inner Fold 3
DEBUG Inner Fold 3: num_features: 9
DEBUG Inner Fold 3: num_classes: 1
DEBUG Inner Fold 3: cat_idx: [1, 2, 3]
DEBUG Inner Fold 3: nominal_idx: None
DEBUG Inner Fold 3: ordinal_idx: [1, 2, 3]
DEBUG Inner Fold 3: num_idx: [0, 4, 5, 6, 7, 8]
DEBUG Inner Fold 3: cat_dims: [6, 8, 9]
DEBUG Inner Fold 3: bin_alt: None
In get_device
On Device: cuda
**** Data b4 Fitting ****
Train Data b4 training...
X: <class 'numpy.ndarray'> , y : (<class 'numpy.ndarray'>,), X_val: <class 'numpy.ndarray'> , y : <class 'numpy.ndarray'>

Train Data after...
X: <class 'torch.Tensor'> , y : (<class 'torch.Tensor'>,), X_val: <class 'torch.Tensor'> , y : <class 'torch.Tensor'>

Inner Fold 3 Results: {'MSE - mean': 29515356.86573726, 'MSE - std': 920630.4907637461, 'R2 - mean': -0.8506443027390622, 'R2 - std': 0.006102744740098109}
  outer_1_inner Fold 4/5
Before Debugging -- Inner Fold 4
DEBUG Inner Fold 4: num_features: 9
DEBUG Inner Fold 4: num_classes: 1
DEBUG Inner Fold 4: cat_idx: [0]
DEBUG Inner Fold 4: nominal_idx: None
DEBUG Inner Fold 4: ordinal_idx: [1, 2, 3]
DEBUG Inner Fold 4: num_idx: None
DEBUG Inner Fold 4: cat_dims: [2]
DEBUG Inner Fold 4: bin_alt: None
~~~~~~~~~~~~~~~~~~~~~~~~~~~~~~~~~~~~~~~~~~~~~~~~~~~~~~~~~~~~~~~~~~~~~~~~~~~~~~~
BEFORE ANY ENCODING
num_features :9
num_classes : 1
cat_idx : [0]
nominal_idx : None
ordinal_idx : [1, 2, 3]
num_idx : None
cat_dims : [2]
bin_alt : None 


X_train shape : (17261, 9)
~~~~~~~~~~~~~~~~~~~~~~~~~~~~~~~~~~~~~~~~~~~~~~~~~~~~~~~~~~~~~~~~~~~~~~~~~~~~~~~
~~~~~~~~~~~~~~~~~~~~~~~~~~~~~~~~~~~~~~~~~~~~~~~~~~~~~~~~~~~~~~~~~~~~~~~~~~~~~~~
AFTER getting cat idx
Nominal Index : None
Ordinal Index : [1, 2, 3]
Cat Idx : [0]
Cat dims : [2]
~~~~~~~~~~~~~~~~~~~~~~~~~~~~~~~~~~~~~~~~~~~~~~~~~~~~~~~~~~~~~~~~~~~~~~~~~~~~~~~
BEFORE getting cat idx
Nominal Index : None
Ordinal Index : [1, 2, 3]
Cat Idx : [1, 2, 3]
Cat dims : []
~~~~~~~~~~~~~~~~~~~~~~~~~~~~~~~~~~~~~~~~~~~~~~~~~~~~~~~~~~~~~~~~~~~~~~~~~~~~~~~ 


AFTER SEPARATING CATEGORICALS AND NUMERICALS
Ordinal Index : [1, 2, 3]
Numerical Index V1 : [0, 4, 5, 6, 7, 8]
Cat Idx V1 : [1, 2, 3] 
Cat Dims V1 : []
 

~~~~~~~~~~~~~~~~~~~~~~~~~~~~~~~~~~~~~~~~~~~~~~~~~~~~~~~~~~~~~~~~~~~~~~~~~~~~~~~ 


Scaling the data...
~~~~~~~~~~~~~~~~~~~~~~~~~~~~~~~~~~~~~~~~~~~~~~~~~~~~~~~~~~~~~~~~~~~~~~~~~~~~~~~
After OHE
Numerical Index V2 : [0, 4, 5, 6, 7, 8] 


OHE Idx : None


Ordinal Idx V2: [1, 2, 3]


Cat Dims V2 : []
Cat Idx V2 : [1, 2, 3] 
 

Train: [[0.616760552569223 'Very Good' 'I' 'SI1' 1.0102506504486326]
 [-1.1965499682806273 'Ideal' 'G' 'VVS1' -0.16954041058832597]
 [0.8486956191895524 'Very Good' 'H' 'VS2' 1.0102506504486326]
 [1.4812458008813605 'Very Good' 'E' 'VS2' -1.5575298941612161]
 [-0.6061697987016063 'Ideal' 'F' 'VS2' -0.7941356781961255]
 [0.026380382990201984 'Good' 'G' 'SI2' -0.5165377814815485]
 [-0.16338467151734062 'Very Good' 'J' 'VS2' 1.0102506504486326]
 [0.448080504118074 'Premium' 'E' 'VS1' -0.6553367298388395]
 [1.5234158129941477 'Premium' 'E' 'SI1' 0.5244543311981191]
 [-1.0278699198294783 'Ideal' 'H' 'VS2' 0.31625590866218756]] 
 
 
Val : (17261, 9) 
 

~~~~~~~~~~~~~~~~~~~~~~~~~~~~~~~~~~~~~~~~~~~~~~~~~~~~~~~~~~~~~~~~~~~~~~~~~~~~~~~
Ordinal Encoding...
Cat Idx V3 : [1, 2, 3] 
 

~~~~~~~~~~~~~~~~~~~~~~~~~~~~~~~~~~~~~~~~~~~~~~~~~~~~~~~~~~~~~~~~~~~~~~~~~~~~~~~
After ORDINAL
Numerical Index V2 : [0, 4, 5, 6, 7, 8] 


OHE Idx : None


Ordinal Idx V2: [1, 2, 3]


Cat Dims V2 : [6, 8, 9]
Cat Idx V2 : [1, 2, 3] 
 

Train: [[0.616760552569223 3 2 3 1.0102506504486326 0.6793189324485923
  0.723284806708149 0.6365328810880501 0.8385064718388299]
 [-1.1965499682806273 5 4 7 -0.16954041058832597 -0.21210334701842315
  -1.6003095856235845 -1.473981116924701 -1.5955449410262352]
 [0.8486956191895524 3 3 4 1.0102506504486326 -1.5492367662189463
  0.8930859353785452 0.8701075528048765 1.054546538069456]
 [1.4812458008813605 3 6 4 -1.5575298941612161 0.23360779271508456
  1.527605942515288 1.4540442320969422 1.2993919464641681]
 [-0.6061697987016063 5 5 4 -0.7941356781961255 -0.6578144867519309
  -0.48319689700255847 -0.47294680956687457 -0.5729552942012671]
 [0.026380382990201984 2 4 2 -0.5165377814815485 1.5707412119156077
  0.18707071617005697 0.2110933004609739 0.1471782599008232]
 [-0.16338467151734062 3 1 4 1.0102506504486326 1.1250300721821
  0.03514339051759675 -0.030823323817167583 0.13277558881878104]
 [0.448080504118074 4 6 5 -0.6553367298388395 0.6793189324485923
  0.6517895946364033 0.5697972605975282 0.5504530501979935]
 [1.5234158129941477 4 6 3 0.5244543311981191 0.6793189324485923
  1.4293000259166373 1.2705212757480069 1.4722239994486686]
 [-1.0278699198294783 5 3 4 0.31625590866218756 -1.1035256264854385
  -1.1981490177200156 -1.1486449670334073 -1.1778674796470228]] 
 
 
Val : (17261, 9) 
 

FINISHED ENCODING
~~~~~~~~~~~~~~~~~~~~~~~~~~~~~~~~~~~~~~~~~~~~~~~~~~~~~~~~~~~~~~~~~~~~~~~~~~~~~~~


~~~~~~~~~~~~~~~~~~~~~~~~~~~~~~~~~~~~~~~~~~~~~~~~~~~~~~~~~~~~~~~~~~~~~~~~~~~~~~~
Test numpy array issues
X dtype: object
X Val dtype: object
X dtype: float32
X Val dtype: float32
After Debugging -- Inner Fold 4
DEBUG Inner Fold 4: num_features: 9
DEBUG Inner Fold 4: num_classes: 1
DEBUG Inner Fold 4: cat_idx: [1, 2, 3]
DEBUG Inner Fold 4: nominal_idx: None
DEBUG Inner Fold 4: ordinal_idx: [1, 2, 3]
DEBUG Inner Fold 4: num_idx: [0, 4, 5, 6, 7, 8]
DEBUG Inner Fold 4: cat_dims: [6, 8, 9]
DEBUG Inner Fold 4: bin_alt: None
In get_device
On Device: cuda
**** Data b4 Fitting ****
Train Data b4 training...
X: <class 'numpy.ndarray'> , y : (<class 'numpy.ndarray'>,), X_val: <class 'numpy.ndarray'> , y : <class 'numpy.ndarray'>

Train Data after...
X: <class 'torch.Tensor'> , y : (<class 'torch.Tensor'>,), X_val: <class 'torch.Tensor'> , y : <class 'torch.Tensor'>

Inner Fold 4 Results: {'MSE - mean': 29552629.50517275, 'MSE - std': 799898.8213170383, 'R2 - mean': -0.848621234467776, 'R2 - std': 0.006341217210674197}
  outer_1_inner Fold 5/5
Before Debugging -- Inner Fold 5
DEBUG Inner Fold 5: num_features: 9
DEBUG Inner Fold 5: num_classes: 1
DEBUG Inner Fold 5: cat_idx: [0]
DEBUG Inner Fold 5: nominal_idx: None
DEBUG Inner Fold 5: ordinal_idx: [1, 2, 3]
DEBUG Inner Fold 5: num_idx: None
DEBUG Inner Fold 5: cat_dims: [2]
DEBUG Inner Fold 5: bin_alt: None
~~~~~~~~~~~~~~~~~~~~~~~~~~~~~~~~~~~~~~~~~~~~~~~~~~~~~~~~~~~~~~~~~~~~~~~~~~~~~~~
BEFORE ANY ENCODING
num_features :9
num_classes : 1
cat_idx : [0]
nominal_idx : None
ordinal_idx : [1, 2, 3]
num_idx : None
cat_dims : [2]
bin_alt : None 


X_train shape : (17261, 9)
~~~~~~~~~~~~~~~~~~~~~~~~~~~~~~~~~~~~~~~~~~~~~~~~~~~~~~~~~~~~~~~~~~~~~~~~~~~~~~~
~~~~~~~~~~~~~~~~~~~~~~~~~~~~~~~~~~~~~~~~~~~~~~~~~~~~~~~~~~~~~~~~~~~~~~~~~~~~~~~
AFTER getting cat idx
Nominal Index : None
Ordinal Index : [1, 2, 3]
Cat Idx : [0]
Cat dims : [2]
~~~~~~~~~~~~~~~~~~~~~~~~~~~~~~~~~~~~~~~~~~~~~~~~~~~~~~~~~~~~~~~~~~~~~~~~~~~~~~~
BEFORE getting cat idx
Nominal Index : None
Ordinal Index : [1, 2, 3]
Cat Idx : [1, 2, 3]
Cat dims : []
~~~~~~~~~~~~~~~~~~~~~~~~~~~~~~~~~~~~~~~~~~~~~~~~~~~~~~~~~~~~~~~~~~~~~~~~~~~~~~~ 


AFTER SEPARATING CATEGORICALS AND NUMERICALS
Ordinal Index : [1, 2, 3]
Numerical Index V1 : [0, 4, 5, 6, 7, 8]
Cat Idx V1 : [1, 2, 3] 
Cat Dims V1 : []
 

~~~~~~~~~~~~~~~~~~~~~~~~~~~~~~~~~~~~~~~~~~~~~~~~~~~~~~~~~~~~~~~~~~~~~~~~~~~~~~~ 


Scaling the data...
~~~~~~~~~~~~~~~~~~~~~~~~~~~~~~~~~~~~~~~~~~~~~~~~~~~~~~~~~~~~~~~~~~~~~~~~~~~~~~~
After OHE
Numerical Index V2 : [0, 4, 5, 6, 7, 8] 


OHE Idx : None


Ordinal Idx V2: [1, 2, 3]


Cat Dims V2 : []
Cat Idx V2 : [1, 2, 3] 
 

Train: [[0.8395779267362239 'Very Good' 'H' 'VS2' 1.0024612546444691]
 [-0.6066370721272537 'Ideal' 'F' 'VS2' -0.7978643899363277]
 [0.2527080721249577 'Good' 'E' 'SI2' 0.03305513833172896]
 [-0.16648468116880408 'Very Good' 'J' 'VS2' 1.0024612546444691]
 [0.4413448111071504 'Premium' 'E' 'VS1' -0.659377801891654]
 [-0.04072685518067547 'Very Good' 'G' 'SI1' 0.8639746665997905]
 [0.6719008254187195 'Premium' 'G' 'SI2' -0.5208912138469755]
 [-0.5227985214685014 'Good' 'H' 'SI1' 1.2794344307338212]
 [-0.1874443188334922 'Premium' 'D' 'VS1' -2.528946740494785]
 [-0.6275967097919418 'Very Good' 'G' 'SI1' -1.6980272122267284]] 
 
 
Val : (17261, 9) 
 

~~~~~~~~~~~~~~~~~~~~~~~~~~~~~~~~~~~~~~~~~~~~~~~~~~~~~~~~~~~~~~~~~~~~~~~~~~~~~~~
Ordinal Encoding...
Cat Idx V3 : [1, 2, 3] 
 

~~~~~~~~~~~~~~~~~~~~~~~~~~~~~~~~~~~~~~~~~~~~~~~~~~~~~~~~~~~~~~~~~~~~~~~~~~~~~~~
After ORDINAL
Numerical Index V2 : [0, 4, 5, 6, 7, 8] 


OHE Idx : None


Ordinal Idx V2: [1, 2, 3]


Cat Dims V2 : [6, 8, 9]
Cat Idx V2 : [1, 2, 3] 
 

Train: [[0.8395779267362239 3 3 4 1.0024612546444691 -1.5485409726878063
  0.8869574383926734 0.8647181610891942 1.0464350376124902]
 [-0.6066370721272537 5 5 4 -0.7978643899363277 -0.6509709592368921
  -0.4836084128019686 -0.4735242919543713 -0.5733762066014101]
 [0.2527080721249577 2 6 2 0.03305513833172896 0.695384060939479
  0.33517118661301226 0.37430633047074496 0.372708236921753]
 [-0.16648468116880408 3 1 4 1.0024612546444691 1.144169067664936
  0.03257872595964909 -0.03298485089034029 0.12901981965063522]
 [0.4413448111071504 4 6 5 -0.659377801891654 0.695384060939479
  0.6466634255208851 0.5654838237626825 0.544723590289601]
 [-0.04072685518067547 3 4 3 0.8639746665997905 0.246599054214022
  0.07707761723220304 0.10000818792144271 0.20069288355390555]
 [0.6719008254187195 4 4 2 -0.5208912138469755 1.144169067664936
  0.8602581036291412 0.7483492521288837 0.7597427819994115]
 [-0.5227985214685014 2 3 3 1.2794344307338212 -1.0997559659623493
  -0.49250819105647986 -0.42365190239995226 -0.3296877893302923]
 [-0.1874443188334922 4 7 5 -2.528946740494785 2.0417390811158502
  0.13937606501377714 0.08338405806996946 -0.18634166152375226]
 [-0.6275967097919418 3 4 3 -1.6980272122267284 0.246599054214022
  -0.4836084128019686 -0.41533983747421604 -0.6450492705046804]] 
 
 
Val : (17261, 9) 
 

FINISHED ENCODING
~~~~~~~~~~~~~~~~~~~~~~~~~~~~~~~~~~~~~~~~~~~~~~~~~~~~~~~~~~~~~~~~~~~~~~~~~~~~~~~


~~~~~~~~~~~~~~~~~~~~~~~~~~~~~~~~~~~~~~~~~~~~~~~~~~~~~~~~~~~~~~~~~~~~~~~~~~~~~~~
Test numpy array issues
X dtype: object
X Val dtype: object
X dtype: float32
X Val dtype: float32
After Debugging -- Inner Fold 5
DEBUG Inner Fold 5: num_features: 9
DEBUG Inner Fold 5: num_classes: 1
DEBUG Inner Fold 5: cat_idx: [1, 2, 3]
DEBUG Inner Fold 5: nominal_idx: None
DEBUG Inner Fold 5: ordinal_idx: [1, 2, 3]
DEBUG Inner Fold 5: num_idx: [0, 4, 5, 6, 7, 8]
DEBUG Inner Fold 5: cat_dims: [6, 8, 9]
DEBUG Inner Fold 5: bin_alt: None
In get_device
On Device: cuda
**** Data b4 Fitting ****
Train Data b4 training...
X: <class 'numpy.ndarray'> , y : (<class 'numpy.ndarray'>,), X_val: <class 'numpy.ndarray'> , y : <class 'numpy.ndarray'>

Train Data after...
X: <class 'torch.Tensor'> , y : (<class 'torch.Tensor'>,), X_val: <class 'torch.Tensor'> , y : <class 'torch.Tensor'>

Inner Fold 5 Results: {'MSE - mean': 29415914.609683048, 'MSE - std': 765920.5899246659, 'R2 - mean': -0.8513009244715859, 'R2 - std': 0.007803318693763101}
Trial Results B4 Saving: {'MSE - mean': 29415914.609683048, 'MSE - std': 765920.5899246659, 'R2 - mean': -0.8513009244715859, 'R2 - std': 0.007803318693763101}
Score: 29415914.609683048
  outer_1_inner Fold 1/5
Before Debugging -- Inner Fold 1
DEBUG Inner Fold 1: num_features: 9
DEBUG Inner Fold 1: num_classes: 1
DEBUG Inner Fold 1: cat_idx: [0]
DEBUG Inner Fold 1: nominal_idx: None
DEBUG Inner Fold 1: ordinal_idx: [1, 2, 3]
DEBUG Inner Fold 1: num_idx: None
DEBUG Inner Fold 1: cat_dims: [2]
DEBUG Inner Fold 1: bin_alt: None
~~~~~~~~~~~~~~~~~~~~~~~~~~~~~~~~~~~~~~~~~~~~~~~~~~~~~~~~~~~~~~~~~~~~~~~~~~~~~~~
BEFORE ANY ENCODING
num_features :9
num_classes : 1
cat_idx : [0]
nominal_idx : None
ordinal_idx : [1, 2, 3]
num_idx : None
cat_dims : [2]
bin_alt : None 


X_train shape : (17260, 9)
~~~~~~~~~~~~~~~~~~~~~~~~~~~~~~~~~~~~~~~~~~~~~~~~~~~~~~~~~~~~~~~~~~~~~~~~~~~~~~~
~~~~~~~~~~~~~~~~~~~~~~~~~~~~~~~~~~~~~~~~~~~~~~~~~~~~~~~~~~~~~~~~~~~~~~~~~~~~~~~
AFTER getting cat idx
Nominal Index : None
Ordinal Index : [1, 2, 3]
Cat Idx : [0]
Cat dims : [2]
~~~~~~~~~~~~~~~~~~~~~~~~~~~~~~~~~~~~~~~~~~~~~~~~~~~~~~~~~~~~~~~~~~~~~~~~~~~~~~~
BEFORE getting cat idx
Nominal Index : None
Ordinal Index : [1, 2, 3]
Cat Idx : [1, 2, 3]
Cat dims : []
~~~~~~~~~~~~~~~~~~~~~~~~~~~~~~~~~~~~~~~~~~~~~~~~~~~~~~~~~~~~~~~~~~~~~~~~~~~~~~~ 


AFTER SEPARATING CATEGORICALS AND NUMERICALS
Ordinal Index : [1, 2, 3]
Numerical Index V1 : [0, 4, 5, 6, 7, 8]
Cat Idx V1 : [1, 2, 3] 
Cat Dims V1 : []
 

~~~~~~~~~~~~~~~~~~~~~~~~~~~~~~~~~~~~~~~~~~~~~~~~~~~~~~~~~~~~~~~~~~~~~~~~~~~~~~~ 


Scaling the data...
~~~~~~~~~~~~~~~~~~~~~~~~~~~~~~~~~~~~~~~~~~~~~~~~~~~~~~~~~~~~~~~~~~~~~~~~~~~~~~~
After OHE
Numerical Index V2 : [0, 4, 5, 6, 7, 8] 


OHE Idx : None


Ordinal Idx V2: [1, 2, 3]


Cat Dims V2 : []
Cat Idx V2 : [1, 2, 3] 
 

Train: [[0.6225457054620511 'Very Good' 'I' 'SI1' 0.9989248448935043]
 [-1.194670981085347 'Ideal' 'G' 'VVS1' -0.176742812466039]
 [1.4888931955602291 'Very Good' 'E' 'VS2' -1.5598812328890288]
 [-0.6030190366280547 'Ideal' 'F' 'VS2' -0.7991551016563834]
 [0.030893761004758692 'Good' 'G' 'SI2' -0.5225274175717864]
 [0.2633284534701235 'Good' 'E' 'SI2' 0.030727950597407492]
 [0.45350229275996745 'Premium' 'E' 'VS1' -0.6608412596140874]
 [1.53115404873575 'Premium' 'E' 'SI1' 0.5148263977454559]
 [-0.03249751875852269 'Very Good' 'G' 'SI1' 0.8606110028512033]
 [-1.0256275683832636 'Ideal' 'H' 'VS2' 0.3073556346820094]] 
 
 
Val : (17260, 9) 
 

~~~~~~~~~~~~~~~~~~~~~~~~~~~~~~~~~~~~~~~~~~~~~~~~~~~~~~~~~~~~~~~~~~~~~~~~~~~~~~~
Ordinal Encoding...
Cat Idx V3 : [1, 2, 3] 
 

~~~~~~~~~~~~~~~~~~~~~~~~~~~~~~~~~~~~~~~~~~~~~~~~~~~~~~~~~~~~~~~~~~~~~~~~~~~~~~~
After ORDINAL
Numerical Index V2 : [0, 4, 5, 6, 7, 8] 


OHE Idx : None


Ordinal Idx V2: [1, 2, 3]


Cat Dims V2 : [6, 8, 9]
Cat Idx V2 : [1, 2, 3] 
 

Train: [[0.6225457054620511 3 2 3 0.9989248448935043 0.6883479421453319
  0.7289809406566548 0.6840528659395524 0.8438541148845126]
 [-1.194670981085347 5 4 7 -0.176742812466039 -0.21224448536377827
  -1.5943199056713777 -1.5570639259416408 -1.5931381199874275]
 [1.4888931955602291 3 6 4 -1.5598812328890288 0.23805172839077682
  1.5332004643855894 1.552153441450845 1.3052964315466555]
 [-0.6030190366280547 5 5 4 -0.7991551016563834 -0.6625406991183334
  -0.4773483449367464 -0.49408362939720146 -0.5693129798932989]
 [0.030893761004758692 2 4 2 -0.5225274175717864 1.5889403696544422
  0.19283459150403218 0.2322862399081658 0.15169063989129883]
 [0.2633284534701235 2 6 2 0.030727950597407492 0.6883479421453319
  0.34474272376394194 0.40944962266557255 0.38241179822236965]
 [0.45350229275996745 4 6 5 -0.6608412596140874 0.6883479421453319
  0.6574947607696383 0.6131875128365897 0.5554526669706733]
 [1.53115404873575 4 6 3 0.5148263977454559 0.6883479421453319
  1.4349069670409416 1.3572737204176972 1.4783373002949578]
 [-0.03249751875852269 3 4 3 0.8606110028512033 0.23805172839077682
  0.08560532167350751 0.11713004111585161 0.2093709294740667]
 [-1.0256275683832636 5 3 4 0.3073556346820094 -1.1128369128728886
  -1.1922101438069108 -1.2115953295646977 -1.1749560205123608]] 
 
 
Val : (17260, 9) 
 

FINISHED ENCODING
~~~~~~~~~~~~~~~~~~~~~~~~~~~~~~~~~~~~~~~~~~~~~~~~~~~~~~~~~~~~~~~~~~~~~~~~~~~~~~~


~~~~~~~~~~~~~~~~~~~~~~~~~~~~~~~~~~~~~~~~~~~~~~~~~~~~~~~~~~~~~~~~~~~~~~~~~~~~~~~
Test numpy array issues
X dtype: object
X Val dtype: object
X dtype: float32
X Val dtype: float32
After Debugging -- Inner Fold 1
DEBUG Inner Fold 1: num_features: 9
DEBUG Inner Fold 1: num_classes: 1
DEBUG Inner Fold 1: cat_idx: [1, 2, 3]
DEBUG Inner Fold 1: nominal_idx: None
DEBUG Inner Fold 1: ordinal_idx: [1, 2, 3]
DEBUG Inner Fold 1: num_idx: [0, 4, 5, 6, 7, 8]
DEBUG Inner Fold 1: cat_dims: [6, 8, 9]
DEBUG Inner Fold 1: bin_alt: None
In get_device
On Device: cuda
**** Data b4 Fitting ****
Train Data b4 training...
X: <class 'numpy.ndarray'> , y : (<class 'numpy.ndarray'>,), X_val: <class 'numpy.ndarray'> , y : <class 'numpy.ndarray'>

Train Data after...
X: <class 'torch.Tensor'> , y : (<class 'torch.Tensor'>,), X_val: <class 'torch.Tensor'> , y : <class 'torch.Tensor'>

Inner Fold 1 Results: {'MSE - mean': 31045544.954175316, 'MSE - std': 0.0, 'R2 - mean': -0.8723782385722141, 'R2 - std': 0.0}
  outer_1_inner Fold 2/5
Before Debugging -- Inner Fold 2
DEBUG Inner Fold 2: num_features: 9
DEBUG Inner Fold 2: num_classes: 1
DEBUG Inner Fold 2: cat_idx: [0]
DEBUG Inner Fold 2: nominal_idx: None
DEBUG Inner Fold 2: ordinal_idx: [1, 2, 3]
DEBUG Inner Fold 2: num_idx: None
DEBUG Inner Fold 2: cat_dims: [2]
DEBUG Inner Fold 2: bin_alt: None
~~~~~~~~~~~~~~~~~~~~~~~~~~~~~~~~~~~~~~~~~~~~~~~~~~~~~~~~~~~~~~~~~~~~~~~~~~~~~~~
BEFORE ANY ENCODING
num_features :9
num_classes : 1
cat_idx : [0]
nominal_idx : None
ordinal_idx : [1, 2, 3]
num_idx : None
cat_dims : [2]
bin_alt : None 


X_train shape : (17261, 9)
~~~~~~~~~~~~~~~~~~~~~~~~~~~~~~~~~~~~~~~~~~~~~~~~~~~~~~~~~~~~~~~~~~~~~~~~~~~~~~~
~~~~~~~~~~~~~~~~~~~~~~~~~~~~~~~~~~~~~~~~~~~~~~~~~~~~~~~~~~~~~~~~~~~~~~~~~~~~~~~
AFTER getting cat idx
Nominal Index : None
Ordinal Index : [1, 2, 3]
Cat Idx : [0]
Cat dims : [2]
~~~~~~~~~~~~~~~~~~~~~~~~~~~~~~~~~~~~~~~~~~~~~~~~~~~~~~~~~~~~~~~~~~~~~~~~~~~~~~~
BEFORE getting cat idx
Nominal Index : None
Ordinal Index : [1, 2, 3]
Cat Idx : [1, 2, 3]
Cat dims : []
~~~~~~~~~~~~~~~~~~~~~~~~~~~~~~~~~~~~~~~~~~~~~~~~~~~~~~~~~~~~~~~~~~~~~~~~~~~~~~~ 


AFTER SEPARATING CATEGORICALS AND NUMERICALS
Ordinal Index : [1, 2, 3]
Numerical Index V1 : [0, 4, 5, 6, 7, 8]
Cat Idx V1 : [1, 2, 3] 
Cat Dims V1 : []
 

~~~~~~~~~~~~~~~~~~~~~~~~~~~~~~~~~~~~~~~~~~~~~~~~~~~~~~~~~~~~~~~~~~~~~~~~~~~~~~~ 


Scaling the data...
~~~~~~~~~~~~~~~~~~~~~~~~~~~~~~~~~~~~~~~~~~~~~~~~~~~~~~~~~~~~~~~~~~~~~~~~~~~~~~~
After OHE
Numerical Index V2 : [0, 4, 5, 6, 7, 8] 


OHE Idx : None


Ordinal Idx V2: [1, 2, 3]


Cat Dims V2 : []
Cat Idx V2 : [1, 2, 3] 
 

Train: [[0.6109617739717782 'Very Good' 'I' 'SI1' 1.000277349647564]
 [-1.1923108992151565 'Ideal' 'G' 'VVS1' -0.17921240590405657]
 [0.8416129298445254 'Very Good' 'H' 'VS2' 1.000277349647564]
 [1.4706615367702003 'Very Good' 'E' 'VS2' -1.5668474124353726]
 [0.023849740841148288 'Good' 'G' 'SI2' -0.5261211575368856]
 [0.2545008967138957 'Good' 'E' 'SI2' 0.02893284507563885]
 [-0.16486484123655434 'Very Good' 'J' 'VS2' 1.000277349647564]
 [1.5125981105652453 'Premium' 'E' 'SI1' 0.5146050973616014]
 [-0.039055119851419254 'Very Good' 'G' 'SI1' 0.8615138489944304]
 [-1.0245646040349765 'Ideal' 'H' 'VS2' 0.306459846381906]] 
 
 
Val : (17261, 9) 
 

~~~~~~~~~~~~~~~~~~~~~~~~~~~~~~~~~~~~~~~~~~~~~~~~~~~~~~~~~~~~~~~~~~~~~~~~~~~~~~~
Ordinal Encoding...
Cat Idx V3 : [1, 2, 3] 
 

~~~~~~~~~~~~~~~~~~~~~~~~~~~~~~~~~~~~~~~~~~~~~~~~~~~~~~~~~~~~~~~~~~~~~~~~~~~~~~~
After ORDINAL
Numerical Index V2 : [0, 4, 5, 6, 7, 8] 


OHE Idx : None


Ordinal Idx V2: [1, 2, 3]


Cat Dims V2 : [6, 8, 9]
Cat Idx V2 : [1, 2, 3] 
 

Train: [[0.6109617739717782 3 2 3 1.000277349647564 0.6861103434752243
  0.7201536662746001 0.6340252447178121 0.8326142222276542]
 [-1.1923108992151565 5 4 7 -0.17921240590405657 -0.20636022994692158
  -1.5939979909098583 -1.4690445574901931 -1.5876613852394543]
 [0.8416129298445254 3 3 4 1.000277349647564 -1.5450660900801403
  0.8892647489150032 0.866776052867315 1.0474315838371602]
 [1.4706615367702003 3 6 4 -1.5668474124353726 0.23987505676415136
  1.5212061629922975 1.4486530732410716 1.2908912603279357]
 [0.023849740841148288 2 4 2 -0.5261211575368856 1.5785809168973701
  0.18611866846280234 0.2100862727312183 0.14519866507723286]
 [0.2545008967138957 2 6 2 0.02893284507563885 0.6861103434752243
  0.3374285845094784 0.37633684998086314 0.3743371841273729]
 [-0.16486484123655434 3 1 4 1.000277349647564 1.1323456301862973
  0.034808752416125494 -0.030977064280766547 0.13087750763659875]
 [1.5125981105652453 4 6 3 0.5146050973616014 0.6861103434752243
  1.423299746726801 1.2657774382664617 1.4627451496155397]
 [-0.039055119851419254 3 4 3 0.8615138489944304 0.23987505676415136
  0.07931166890044264 0.10202339751894933 0.202483294839768]
 [-1.0245646040349765 5 3 4 0.306459846381906 -1.0988308033690675
  -1.19347174255101 -1.144855931853386 -1.1723478194610748]] 
 
 
Val : (17261, 9) 
 

FINISHED ENCODING
~~~~~~~~~~~~~~~~~~~~~~~~~~~~~~~~~~~~~~~~~~~~~~~~~~~~~~~~~~~~~~~~~~~~~~~~~~~~~~~


~~~~~~~~~~~~~~~~~~~~~~~~~~~~~~~~~~~~~~~~~~~~~~~~~~~~~~~~~~~~~~~~~~~~~~~~~~~~~~~
Test numpy array issues
X dtype: object
X Val dtype: object
X dtype: float32
X Val dtype: float32
After Debugging -- Inner Fold 2
DEBUG Inner Fold 2: num_features: 9
DEBUG Inner Fold 2: num_classes: 1
DEBUG Inner Fold 2: cat_idx: [1, 2, 3]
DEBUG Inner Fold 2: nominal_idx: None
DEBUG Inner Fold 2: ordinal_idx: [1, 2, 3]
DEBUG Inner Fold 2: num_idx: [0, 4, 5, 6, 7, 8]
DEBUG Inner Fold 2: cat_dims: [6, 8, 9]
DEBUG Inner Fold 2: bin_alt: None
In get_device
On Device: cuda
**** Data b4 Fitting ****
Train Data b4 training...
X: <class 'numpy.ndarray'> , y : (<class 'numpy.ndarray'>,), X_val: <class 'numpy.ndarray'> , y : <class 'numpy.ndarray'>

Train Data after...
X: <class 'torch.Tensor'> , y : (<class 'torch.Tensor'>,), X_val: <class 'torch.Tensor'> , y : <class 'torch.Tensor'>

Inner Fold 2 Results: {'MSE - mean': 30160282.507036615, 'MSE - std': 885262.4471387006, 'R2 - mean': -0.869765141668289, 'R2 - std': 0.002613096903925083}
  outer_1_inner Fold 3/5
Before Debugging -- Inner Fold 3
DEBUG Inner Fold 3: num_features: 9
DEBUG Inner Fold 3: num_classes: 1
DEBUG Inner Fold 3: cat_idx: [0]
DEBUG Inner Fold 3: nominal_idx: None
DEBUG Inner Fold 3: ordinal_idx: [1, 2, 3]
DEBUG Inner Fold 3: num_idx: None
DEBUG Inner Fold 3: cat_dims: [2]
DEBUG Inner Fold 3: bin_alt: None
~~~~~~~~~~~~~~~~~~~~~~~~~~~~~~~~~~~~~~~~~~~~~~~~~~~~~~~~~~~~~~~~~~~~~~~~~~~~~~~
BEFORE ANY ENCODING
num_features :9
num_classes : 1
cat_idx : [0]
nominal_idx : None
ordinal_idx : [1, 2, 3]
num_idx : None
cat_dims : [2]
bin_alt : None 


X_train shape : (17261, 9)
~~~~~~~~~~~~~~~~~~~~~~~~~~~~~~~~~~~~~~~~~~~~~~~~~~~~~~~~~~~~~~~~~~~~~~~~~~~~~~~
~~~~~~~~~~~~~~~~~~~~~~~~~~~~~~~~~~~~~~~~~~~~~~~~~~~~~~~~~~~~~~~~~~~~~~~~~~~~~~~
AFTER getting cat idx
Nominal Index : None
Ordinal Index : [1, 2, 3]
Cat Idx : [0]
Cat dims : [2]
~~~~~~~~~~~~~~~~~~~~~~~~~~~~~~~~~~~~~~~~~~~~~~~~~~~~~~~~~~~~~~~~~~~~~~~~~~~~~~~
BEFORE getting cat idx
Nominal Index : None
Ordinal Index : [1, 2, 3]
Cat Idx : [1, 2, 3]
Cat dims : []
~~~~~~~~~~~~~~~~~~~~~~~~~~~~~~~~~~~~~~~~~~~~~~~~~~~~~~~~~~~~~~~~~~~~~~~~~~~~~~~ 


AFTER SEPARATING CATEGORICALS AND NUMERICALS
Ordinal Index : [1, 2, 3]
Numerical Index V1 : [0, 4, 5, 6, 7, 8]
Cat Idx V1 : [1, 2, 3] 
Cat Dims V1 : []
 

~~~~~~~~~~~~~~~~~~~~~~~~~~~~~~~~~~~~~~~~~~~~~~~~~~~~~~~~~~~~~~~~~~~~~~~~~~~~~~~ 


Scaling the data...
~~~~~~~~~~~~~~~~~~~~~~~~~~~~~~~~~~~~~~~~~~~~~~~~~~~~~~~~~~~~~~~~~~~~~~~~~~~~~~~
After OHE
Numerical Index V2 : [0, 4, 5, 6, 7, 8] 


OHE Idx : None


Ordinal Idx V2: [1, 2, 3]


Cat Dims V2 : []
Cat Idx V2 : [1, 2, 3] 
 

Train: [[0.6112431208100558 'Very Good' 'I' 'SI1' 1.0136727753581982]
 [-1.201032367810269 'Ideal' 'G' 'VVS1' -0.17665688506079638]
 [0.8430457995870739 'Very Good' 'H' 'VS2' 1.0136727753581982]
 [1.4752349235243964 'Very Good' 'E' 'VS2' -1.5770447208478466]
 [-0.6109891854687679 'Ideal' 'F' 'VS2' -0.8068314111649679]
 [0.021199938468554752 'Good' 'G' 'SI2' -0.526753844007559]
 [0.253002617245573 'Good' 'E' 'SI2' 0.03340129030725914]
 [-0.1684567987126422 'Very Good' 'J' 'VS2' 1.0136727753581982]
 [0.4426593544267697 'Premium' 'E' 'VS1' -0.6667926275862659]
 [1.517380865120218 'Premium' 'E' 'SI1' 0.5235370328327287]] 
 
 
Val : (17261, 9) 
 

~~~~~~~~~~~~~~~~~~~~~~~~~~~~~~~~~~~~~~~~~~~~~~~~~~~~~~~~~~~~~~~~~~~~~~~~~~~~~~~
Ordinal Encoding...
Cat Idx V3 : [1, 2, 3] 
 

~~~~~~~~~~~~~~~~~~~~~~~~~~~~~~~~~~~~~~~~~~~~~~~~~~~~~~~~~~~~~~~~~~~~~~~~~~~~~~~
After ORDINAL
Numerical Index V2 : [0, 4, 5, 6, 7, 8] 


OHE Idx : None


Ordinal Idx V2: [1, 2, 3]


Cat Dims V2 : [6, 8, 9]
Cat Idx V2 : [1, 2, 3] 
 

Train: [[0.6112431208100558 3 2 3 1.0136727753581982 0.6818117192555013
  0.7173279774270517 0.6410109943505509 0.8326580303585318]
 [-1.201032367810269 5 4 7 -0.17665688506079638 -0.2128034555488829
  -1.6031173732206732 -1.4961423897360342 -1.5998890759987037]
 [0.8430457995870739 3 3 4 1.0136727753581982 -1.5547262177554593
  0.8868989838205397 0.8775338985182364 1.0485645782600608]
 [1.4752349235243964 3 6 4 -1.5770447208478466 0.2345041318533092
  1.5205590603435721 1.46884115893745 1.2932586658817957]
 [-0.6109891854687679 5 5 4 -0.8068314111649679 -0.660111042951075
  -0.4875186469477282 -0.4824728004459544 -0.5779314159314628]
 [0.021199938468554752 2 4 2 -0.526753844007559 1.5764268940598856
  0.1818405888160386 0.2102014189022671 0.14175707707363652]
 [0.253002617245573 2 6 2 0.03340129030725914 0.6818117192555013
  0.333562015589159 0.3791463504506139 0.37205739483526784]
 [-0.1684567987126422 3 1 4 1.0136727753581982 1.1291193066576934
  0.030119162042917397 -0.03476873184283558 0.1273633072135342]
 [0.4426593544267697 4 6 5 -0.6667926275862659 0.6818117192555013
  0.6459296589455832 0.5734330217312121 0.5447826331564918]
 [1.517380865120218 4 6 3 0.5235370328327287 0.6818117192555013
  1.4223863724315529 1.2830017342342679 1.4659839042030185]] 
 
 
Val : (17261, 9) 
 

FINISHED ENCODING
~~~~~~~~~~~~~~~~~~~~~~~~~~~~~~~~~~~~~~~~~~~~~~~~~~~~~~~~~~~~~~~~~~~~~~~~~~~~~~~


~~~~~~~~~~~~~~~~~~~~~~~~~~~~~~~~~~~~~~~~~~~~~~~~~~~~~~~~~~~~~~~~~~~~~~~~~~~~~~~
Test numpy array issues
X dtype: object
X Val dtype: object
X dtype: float32
X Val dtype: float32
After Debugging -- Inner Fold 3
DEBUG Inner Fold 3: num_features: 9
DEBUG Inner Fold 3: num_classes: 1
DEBUG Inner Fold 3: cat_idx: [1, 2, 3]
DEBUG Inner Fold 3: nominal_idx: None
DEBUG Inner Fold 3: ordinal_idx: [1, 2, 3]
DEBUG Inner Fold 3: num_idx: [0, 4, 5, 6, 7, 8]
DEBUG Inner Fold 3: cat_dims: [6, 8, 9]
DEBUG Inner Fold 3: bin_alt: None
In get_device
On Device: cuda
**** Data b4 Fitting ****
Train Data b4 training...
X: <class 'numpy.ndarray'> , y : (<class 'numpy.ndarray'>,), X_val: <class 'numpy.ndarray'> , y : <class 'numpy.ndarray'>

Train Data after...
X: <class 'torch.Tensor'> , y : (<class 'torch.Tensor'>,), X_val: <class 'torch.Tensor'> , y : <class 'torch.Tensor'>

Inner Fold 3 Results: {'MSE - mean': 29709003.29551406, 'MSE - std': 964243.5309855641, 'R2 - mean': -0.8627289477422012, 'R2 - std': 0.010176847918219352}
  outer_1_inner Fold 4/5
Before Debugging -- Inner Fold 4
DEBUG Inner Fold 4: num_features: 9
DEBUG Inner Fold 4: num_classes: 1
DEBUG Inner Fold 4: cat_idx: [0]
DEBUG Inner Fold 4: nominal_idx: None
DEBUG Inner Fold 4: ordinal_idx: [1, 2, 3]
DEBUG Inner Fold 4: num_idx: None
DEBUG Inner Fold 4: cat_dims: [2]
DEBUG Inner Fold 4: bin_alt: None
~~~~~~~~~~~~~~~~~~~~~~~~~~~~~~~~~~~~~~~~~~~~~~~~~~~~~~~~~~~~~~~~~~~~~~~~~~~~~~~
BEFORE ANY ENCODING
num_features :9
num_classes : 1
cat_idx : [0]
nominal_idx : None
ordinal_idx : [1, 2, 3]
num_idx : None
cat_dims : [2]
bin_alt : None 


X_train shape : (17261, 9)
~~~~~~~~~~~~~~~~~~~~~~~~~~~~~~~~~~~~~~~~~~~~~~~~~~~~~~~~~~~~~~~~~~~~~~~~~~~~~~~
~~~~~~~~~~~~~~~~~~~~~~~~~~~~~~~~~~~~~~~~~~~~~~~~~~~~~~~~~~~~~~~~~~~~~~~~~~~~~~~
AFTER getting cat idx
Nominal Index : None
Ordinal Index : [1, 2, 3]
Cat Idx : [0]
Cat dims : [2]
~~~~~~~~~~~~~~~~~~~~~~~~~~~~~~~~~~~~~~~~~~~~~~~~~~~~~~~~~~~~~~~~~~~~~~~~~~~~~~~
BEFORE getting cat idx
Nominal Index : None
Ordinal Index : [1, 2, 3]
Cat Idx : [1, 2, 3]
Cat dims : []
~~~~~~~~~~~~~~~~~~~~~~~~~~~~~~~~~~~~~~~~~~~~~~~~~~~~~~~~~~~~~~~~~~~~~~~~~~~~~~~ 


AFTER SEPARATING CATEGORICALS AND NUMERICALS
Ordinal Index : [1, 2, 3]
Numerical Index V1 : [0, 4, 5, 6, 7, 8]
Cat Idx V1 : [1, 2, 3] 
Cat Dims V1 : []
 

~~~~~~~~~~~~~~~~~~~~~~~~~~~~~~~~~~~~~~~~~~~~~~~~~~~~~~~~~~~~~~~~~~~~~~~~~~~~~~~ 


Scaling the data...
~~~~~~~~~~~~~~~~~~~~~~~~~~~~~~~~~~~~~~~~~~~~~~~~~~~~~~~~~~~~~~~~~~~~~~~~~~~~~~~
After OHE
Numerical Index V2 : [0, 4, 5, 6, 7, 8] 


OHE Idx : None


Ordinal Idx V2: [1, 2, 3]


Cat Dims V2 : []
Cat Idx V2 : [1, 2, 3] 
 

Train: [[0.616760552569223 'Very Good' 'I' 'SI1' 1.0102506504486326]
 [-1.1965499682806273 'Ideal' 'G' 'VVS1' -0.16954041058832597]
 [0.8486956191895524 'Very Good' 'H' 'VS2' 1.0102506504486326]
 [1.4812458008813605 'Very Good' 'E' 'VS2' -1.5575298941612161]
 [-0.6061697987016063 'Ideal' 'F' 'VS2' -0.7941356781961255]
 [0.026380382990201984 'Good' 'G' 'SI2' -0.5165377814815485]
 [-0.16338467151734062 'Very Good' 'J' 'VS2' 1.0102506504486326]
 [0.448080504118074 'Premium' 'E' 'VS1' -0.6553367298388395]
 [1.5234158129941477 'Premium' 'E' 'SI1' 0.5244543311981191]
 [-1.0278699198294783 'Ideal' 'H' 'VS2' 0.31625590866218756]] 
 
 
Val : (17261, 9) 
 

~~~~~~~~~~~~~~~~~~~~~~~~~~~~~~~~~~~~~~~~~~~~~~~~~~~~~~~~~~~~~~~~~~~~~~~~~~~~~~~
Ordinal Encoding...
Cat Idx V3 : [1, 2, 3] 
 

~~~~~~~~~~~~~~~~~~~~~~~~~~~~~~~~~~~~~~~~~~~~~~~~~~~~~~~~~~~~~~~~~~~~~~~~~~~~~~~
After ORDINAL
Numerical Index V2 : [0, 4, 5, 6, 7, 8] 


OHE Idx : None


Ordinal Idx V2: [1, 2, 3]


Cat Dims V2 : [6, 8, 9]
Cat Idx V2 : [1, 2, 3] 
 

Train: [[0.616760552569223 3 2 3 1.0102506504486326 0.6793189324485923
  0.723284806708149 0.6365328810880501 0.8385064718388299]
 [-1.1965499682806273 5 4 7 -0.16954041058832597 -0.21210334701842315
  -1.6003095856235845 -1.473981116924701 -1.5955449410262352]
 [0.8486956191895524 3 3 4 1.0102506504486326 -1.5492367662189463
  0.8930859353785452 0.8701075528048765 1.054546538069456]
 [1.4812458008813605 3 6 4 -1.5575298941612161 0.23360779271508456
  1.527605942515288 1.4540442320969422 1.2993919464641681]
 [-0.6061697987016063 5 5 4 -0.7941356781961255 -0.6578144867519309
  -0.48319689700255847 -0.47294680956687457 -0.5729552942012671]
 [0.026380382990201984 2 4 2 -0.5165377814815485 1.5707412119156077
  0.18707071617005697 0.2110933004609739 0.1471782599008232]
 [-0.16338467151734062 3 1 4 1.0102506504486326 1.1250300721821
  0.03514339051759675 -0.030823323817167583 0.13277558881878104]
 [0.448080504118074 4 6 5 -0.6553367298388395 0.6793189324485923
  0.6517895946364033 0.5697972605975282 0.5504530501979935]
 [1.5234158129941477 4 6 3 0.5244543311981191 0.6793189324485923
  1.4293000259166373 1.2705212757480069 1.4722239994486686]
 [-1.0278699198294783 5 3 4 0.31625590866218756 -1.1035256264854385
  -1.1981490177200156 -1.1486449670334073 -1.1778674796470228]] 
 
 
Val : (17261, 9) 
 

FINISHED ENCODING
~~~~~~~~~~~~~~~~~~~~~~~~~~~~~~~~~~~~~~~~~~~~~~~~~~~~~~~~~~~~~~~~~~~~~~~~~~~~~~~


~~~~~~~~~~~~~~~~~~~~~~~~~~~~~~~~~~~~~~~~~~~~~~~~~~~~~~~~~~~~~~~~~~~~~~~~~~~~~~~
Test numpy array issues
X dtype: object
X Val dtype: object
X dtype: float32
X Val dtype: float32
After Debugging -- Inner Fold 4
DEBUG Inner Fold 4: num_features: 9
DEBUG Inner Fold 4: num_classes: 1
DEBUG Inner Fold 4: cat_idx: [1, 2, 3]
DEBUG Inner Fold 4: nominal_idx: None
DEBUG Inner Fold 4: ordinal_idx: [1, 2, 3]
DEBUG Inner Fold 4: num_idx: [0, 4, 5, 6, 7, 8]
DEBUG Inner Fold 4: cat_dims: [6, 8, 9]
DEBUG Inner Fold 4: bin_alt: None
In get_device
On Device: cuda
**** Data b4 Fitting ****
Train Data b4 training...
X: <class 'numpy.ndarray'> , y : (<class 'numpy.ndarray'>,), X_val: <class 'numpy.ndarray'> , y : <class 'numpy.ndarray'>

Train Data after...
X: <class 'torch.Tensor'> , y : (<class 'torch.Tensor'>,), X_val: <class 'torch.Tensor'> , y : <class 'torch.Tensor'>

Inner Fold 4 Results: {'MSE - mean': 29764135.045841016, 'MSE - std': 840501.4693431382, 'R2 - mean': -0.8618010007462412, 'R2 - std': 0.008958762863524043}
  outer_1_inner Fold 5/5
Before Debugging -- Inner Fold 5
DEBUG Inner Fold 5: num_features: 9
DEBUG Inner Fold 5: num_classes: 1
DEBUG Inner Fold 5: cat_idx: [0]
DEBUG Inner Fold 5: nominal_idx: None
DEBUG Inner Fold 5: ordinal_idx: [1, 2, 3]
DEBUG Inner Fold 5: num_idx: None
DEBUG Inner Fold 5: cat_dims: [2]
DEBUG Inner Fold 5: bin_alt: None
~~~~~~~~~~~~~~~~~~~~~~~~~~~~~~~~~~~~~~~~~~~~~~~~~~~~~~~~~~~~~~~~~~~~~~~~~~~~~~~
BEFORE ANY ENCODING
num_features :9
num_classes : 1
cat_idx : [0]
nominal_idx : None
ordinal_idx : [1, 2, 3]
num_idx : None
cat_dims : [2]
bin_alt : None 


X_train shape : (17261, 9)
~~~~~~~~~~~~~~~~~~~~~~~~~~~~~~~~~~~~~~~~~~~~~~~~~~~~~~~~~~~~~~~~~~~~~~~~~~~~~~~
~~~~~~~~~~~~~~~~~~~~~~~~~~~~~~~~~~~~~~~~~~~~~~~~~~~~~~~~~~~~~~~~~~~~~~~~~~~~~~~
AFTER getting cat idx
Nominal Index : None
Ordinal Index : [1, 2, 3]
Cat Idx : [0]
Cat dims : [2]
~~~~~~~~~~~~~~~~~~~~~~~~~~~~~~~~~~~~~~~~~~~~~~~~~~~~~~~~~~~~~~~~~~~~~~~~~~~~~~~
BEFORE getting cat idx
Nominal Index : None
Ordinal Index : [1, 2, 3]
Cat Idx : [1, 2, 3]
Cat dims : []
~~~~~~~~~~~~~~~~~~~~~~~~~~~~~~~~~~~~~~~~~~~~~~~~~~~~~~~~~~~~~~~~~~~~~~~~~~~~~~~ 


AFTER SEPARATING CATEGORICALS AND NUMERICALS
Ordinal Index : [1, 2, 3]
Numerical Index V1 : [0, 4, 5, 6, 7, 8]
Cat Idx V1 : [1, 2, 3] 
Cat Dims V1 : []
 

~~~~~~~~~~~~~~~~~~~~~~~~~~~~~~~~~~~~~~~~~~~~~~~~~~~~~~~~~~~~~~~~~~~~~~~~~~~~~~~ 


Scaling the data...
~~~~~~~~~~~~~~~~~~~~~~~~~~~~~~~~~~~~~~~~~~~~~~~~~~~~~~~~~~~~~~~~~~~~~~~~~~~~~~~
After OHE
Numerical Index V2 : [0, 4, 5, 6, 7, 8] 


OHE Idx : None


Ordinal Idx V2: [1, 2, 3]


Cat Dims V2 : []
Cat Idx V2 : [1, 2, 3] 
 

Train: [[0.8395779267362239 'Very Good' 'H' 'VS2' 1.0024612546444691]
 [-0.6066370721272537 'Ideal' 'F' 'VS2' -0.7978643899363277]
 [0.2527080721249577 'Good' 'E' 'SI2' 0.03305513833172896]
 [-0.16648468116880408 'Very Good' 'J' 'VS2' 1.0024612546444691]
 [0.4413448111071504 'Premium' 'E' 'VS1' -0.659377801891654]
 [-0.04072685518067547 'Very Good' 'G' 'SI1' 0.8639746665997905]
 [0.6719008254187195 'Premium' 'G' 'SI2' -0.5208912138469755]
 [-0.5227985214685014 'Good' 'H' 'SI1' 1.2794344307338212]
 [-0.1874443188334922 'Premium' 'D' 'VS1' -2.528946740494785]
 [-0.6275967097919418 'Very Good' 'G' 'SI1' -1.6980272122267284]] 
 
 
Val : (17261, 9) 
 

~~~~~~~~~~~~~~~~~~~~~~~~~~~~~~~~~~~~~~~~~~~~~~~~~~~~~~~~~~~~~~~~~~~~~~~~~~~~~~~
Ordinal Encoding...
Cat Idx V3 : [1, 2, 3] 
 

~~~~~~~~~~~~~~~~~~~~~~~~~~~~~~~~~~~~~~~~~~~~~~~~~~~~~~~~~~~~~~~~~~~~~~~~~~~~~~~
After ORDINAL
Numerical Index V2 : [0, 4, 5, 6, 7, 8] 


OHE Idx : None


Ordinal Idx V2: [1, 2, 3]


Cat Dims V2 : [6, 8, 9]
Cat Idx V2 : [1, 2, 3] 
 

Train: [[0.8395779267362239 3 3 4 1.0024612546444691 -1.5485409726878063
  0.8869574383926734 0.8647181610891942 1.0464350376124902]
 [-0.6066370721272537 5 5 4 -0.7978643899363277 -0.6509709592368921
  -0.4836084128019686 -0.4735242919543713 -0.5733762066014101]
 [0.2527080721249577 2 6 2 0.03305513833172896 0.695384060939479
  0.33517118661301226 0.37430633047074496 0.372708236921753]
 [-0.16648468116880408 3 1 4 1.0024612546444691 1.144169067664936
  0.03257872595964909 -0.03298485089034029 0.12901981965063522]
 [0.4413448111071504 4 6 5 -0.659377801891654 0.695384060939479
  0.6466634255208851 0.5654838237626825 0.544723590289601]
 [-0.04072685518067547 3 4 3 0.8639746665997905 0.246599054214022
  0.07707761723220304 0.10000818792144271 0.20069288355390555]
 [0.6719008254187195 4 4 2 -0.5208912138469755 1.144169067664936
  0.8602581036291412 0.7483492521288837 0.7597427819994115]
 [-0.5227985214685014 2 3 3 1.2794344307338212 -1.0997559659623493
  -0.49250819105647986 -0.42365190239995226 -0.3296877893302923]
 [-0.1874443188334922 4 7 5 -2.528946740494785 2.0417390811158502
  0.13937606501377714 0.08338405806996946 -0.18634166152375226]
 [-0.6275967097919418 3 4 3 -1.6980272122267284 0.246599054214022
  -0.4836084128019686 -0.41533983747421604 -0.6450492705046804]] 
 
 
Val : (17261, 9) 
 

FINISHED ENCODING
~~~~~~~~~~~~~~~~~~~~~~~~~~~~~~~~~~~~~~~~~~~~~~~~~~~~~~~~~~~~~~~~~~~~~~~~~~~~~~~


~~~~~~~~~~~~~~~~~~~~~~~~~~~~~~~~~~~~~~~~~~~~~~~~~~~~~~~~~~~~~~~~~~~~~~~~~~~~~~~
Test numpy array issues
X dtype: object
X Val dtype: object
X dtype: float32
X Val dtype: float32
After Debugging -- Inner Fold 5
DEBUG Inner Fold 5: num_features: 9
DEBUG Inner Fold 5: num_classes: 1
DEBUG Inner Fold 5: cat_idx: [1, 2, 3]
DEBUG Inner Fold 5: nominal_idx: None
DEBUG Inner Fold 5: ordinal_idx: [1, 2, 3]
DEBUG Inner Fold 5: num_idx: [0, 4, 5, 6, 7, 8]
DEBUG Inner Fold 5: cat_dims: [6, 8, 9]
DEBUG Inner Fold 5: bin_alt: None
In get_device
On Device: cuda
**** Data b4 Fitting ****
Train Data b4 training...
X: <class 'numpy.ndarray'> , y : (<class 'numpy.ndarray'>,), X_val: <class 'numpy.ndarray'> , y : <class 'numpy.ndarray'>

Train Data after...
X: <class 'torch.Tensor'> , y : (<class 'torch.Tensor'>,), X_val: <class 'torch.Tensor'> , y : <class 'torch.Tensor'>

Inner Fold 5 Results: {'MSE - mean': 29621371.128074277, 'MSE - std': 804164.3618308464, 'R2 - mean': -0.8641829538787841, 'R2 - std': 0.009322142915575135}
Trial Results B4 Saving: {'MSE - mean': 29621371.128074277, 'MSE - std': 804164.3618308464, 'R2 - mean': -0.8641829538787841, 'R2 - std': 0.009322142915575135}
Score: 29621371.128074277
  outer_1_inner Fold 1/5
Before Debugging -- Inner Fold 1
DEBUG Inner Fold 1: num_features: 9
DEBUG Inner Fold 1: num_classes: 1
DEBUG Inner Fold 1: cat_idx: [0]
DEBUG Inner Fold 1: nominal_idx: None
DEBUG Inner Fold 1: ordinal_idx: [1, 2, 3]
DEBUG Inner Fold 1: num_idx: None
DEBUG Inner Fold 1: cat_dims: [2]
DEBUG Inner Fold 1: bin_alt: None
~~~~~~~~~~~~~~~~~~~~~~~~~~~~~~~~~~~~~~~~~~~~~~~~~~~~~~~~~~~~~~~~~~~~~~~~~~~~~~~
BEFORE ANY ENCODING
num_features :9
num_classes : 1
cat_idx : [0]
nominal_idx : None
ordinal_idx : [1, 2, 3]
num_idx : None
cat_dims : [2]
bin_alt : None 


X_train shape : (17260, 9)
~~~~~~~~~~~~~~~~~~~~~~~~~~~~~~~~~~~~~~~~~~~~~~~~~~~~~~~~~~~~~~~~~~~~~~~~~~~~~~~
~~~~~~~~~~~~~~~~~~~~~~~~~~~~~~~~~~~~~~~~~~~~~~~~~~~~~~~~~~~~~~~~~~~~~~~~~~~~~~~
AFTER getting cat idx
Nominal Index : None
Ordinal Index : [1, 2, 3]
Cat Idx : [0]
Cat dims : [2]
~~~~~~~~~~~~~~~~~~~~~~~~~~~~~~~~~~~~~~~~~~~~~~~~~~~~~~~~~~~~~~~~~~~~~~~~~~~~~~~
BEFORE getting cat idx
Nominal Index : None
Ordinal Index : [1, 2, 3]
Cat Idx : [1, 2, 3]
Cat dims : []
~~~~~~~~~~~~~~~~~~~~~~~~~~~~~~~~~~~~~~~~~~~~~~~~~~~~~~~~~~~~~~~~~~~~~~~~~~~~~~~ 


AFTER SEPARATING CATEGORICALS AND NUMERICALS
Ordinal Index : [1, 2, 3]
Numerical Index V1 : [0, 4, 5, 6, 7, 8]
Cat Idx V1 : [1, 2, 3] 
Cat Dims V1 : []
 

~~~~~~~~~~~~~~~~~~~~~~~~~~~~~~~~~~~~~~~~~~~~~~~~~~~~~~~~~~~~~~~~~~~~~~~~~~~~~~~ 


Scaling the data...
~~~~~~~~~~~~~~~~~~~~~~~~~~~~~~~~~~~~~~~~~~~~~~~~~~~~~~~~~~~~~~~~~~~~~~~~~~~~~~~
After OHE
Numerical Index V2 : [0, 4, 5, 6, 7, 8] 


OHE Idx : None


Ordinal Idx V2: [1, 2, 3]


Cat Dims V2 : []
Cat Idx V2 : [1, 2, 3] 
 

Train: [[0.6225457054620511 'Very Good' 'I' 'SI1' 0.9989248448935043]
 [-1.194670981085347 'Ideal' 'G' 'VVS1' -0.176742812466039]
 [1.4888931955602291 'Very Good' 'E' 'VS2' -1.5598812328890288]
 [-0.6030190366280547 'Ideal' 'F' 'VS2' -0.7991551016563834]
 [0.030893761004758692 'Good' 'G' 'SI2' -0.5225274175717864]
 [0.2633284534701235 'Good' 'E' 'SI2' 0.030727950597407492]
 [0.45350229275996745 'Premium' 'E' 'VS1' -0.6608412596140874]
 [1.53115404873575 'Premium' 'E' 'SI1' 0.5148263977454559]
 [-0.03249751875852269 'Very Good' 'G' 'SI1' 0.8606110028512033]
 [-1.0256275683832636 'Ideal' 'H' 'VS2' 0.3073556346820094]] 
 
 
Val : (17260, 9) 
 

~~~~~~~~~~~~~~~~~~~~~~~~~~~~~~~~~~~~~~~~~~~~~~~~~~~~~~~~~~~~~~~~~~~~~~~~~~~~~~~
Ordinal Encoding...
Cat Idx V3 : [1, 2, 3] 
 

~~~~~~~~~~~~~~~~~~~~~~~~~~~~~~~~~~~~~~~~~~~~~~~~~~~~~~~~~~~~~~~~~~~~~~~~~~~~~~~
After ORDINAL
Numerical Index V2 : [0, 4, 5, 6, 7, 8] 


OHE Idx : None


Ordinal Idx V2: [1, 2, 3]


Cat Dims V2 : [6, 8, 9]
Cat Idx V2 : [1, 2, 3] 
 

Train: [[0.6225457054620511 3 2 3 0.9989248448935043 0.6883479421453319
  0.7289809406566548 0.6840528659395524 0.8438541148845126]
 [-1.194670981085347 5 4 7 -0.176742812466039 -0.21224448536377827
  -1.5943199056713777 -1.5570639259416408 -1.5931381199874275]
 [1.4888931955602291 3 6 4 -1.5598812328890288 0.23805172839077682
  1.5332004643855894 1.552153441450845 1.3052964315466555]
 [-0.6030190366280547 5 5 4 -0.7991551016563834 -0.6625406991183334
  -0.4773483449367464 -0.49408362939720146 -0.5693129798932989]
 [0.030893761004758692 2 4 2 -0.5225274175717864 1.5889403696544422
  0.19283459150403218 0.2322862399081658 0.15169063989129883]
 [0.2633284534701235 2 6 2 0.030727950597407492 0.6883479421453319
  0.34474272376394194 0.40944962266557255 0.38241179822236965]
 [0.45350229275996745 4 6 5 -0.6608412596140874 0.6883479421453319
  0.6574947607696383 0.6131875128365897 0.5554526669706733]
 [1.53115404873575 4 6 3 0.5148263977454559 0.6883479421453319
  1.4349069670409416 1.3572737204176972 1.4783373002949578]
 [-0.03249751875852269 3 4 3 0.8606110028512033 0.23805172839077682
  0.08560532167350751 0.11713004111585161 0.2093709294740667]
 [-1.0256275683832636 5 3 4 0.3073556346820094 -1.1128369128728886
  -1.1922101438069108 -1.2115953295646977 -1.1749560205123608]] 
 
 
Val : (17260, 9) 
 

FINISHED ENCODING
~~~~~~~~~~~~~~~~~~~~~~~~~~~~~~~~~~~~~~~~~~~~~~~~~~~~~~~~~~~~~~~~~~~~~~~~~~~~~~~


~~~~~~~~~~~~~~~~~~~~~~~~~~~~~~~~~~~~~~~~~~~~~~~~~~~~~~~~~~~~~~~~~~~~~~~~~~~~~~~
Test numpy array issues
X dtype: object
X Val dtype: object
X dtype: float32
X Val dtype: float32
After Debugging -- Inner Fold 1
DEBUG Inner Fold 1: num_features: 9
DEBUG Inner Fold 1: num_classes: 1
DEBUG Inner Fold 1: cat_idx: [1, 2, 3]
DEBUG Inner Fold 1: nominal_idx: None
DEBUG Inner Fold 1: ordinal_idx: [1, 2, 3]
DEBUG Inner Fold 1: num_idx: [0, 4, 5, 6, 7, 8]
DEBUG Inner Fold 1: cat_dims: [6, 8, 9]
DEBUG Inner Fold 1: bin_alt: None
In get_device
On Device: cuda
**** Data b4 Fitting ****
Train Data b4 training...
X: <class 'numpy.ndarray'> , y : (<class 'numpy.ndarray'>,), X_val: <class 'numpy.ndarray'> , y : <class 'numpy.ndarray'>

Train Data after...
X: <class 'torch.Tensor'> , y : (<class 'torch.Tensor'>,), X_val: <class 'torch.Tensor'> , y : <class 'torch.Tensor'>

Inner Fold 1 Results: {'MSE - mean': 32530364.87156074, 'MSE - std': 0.0, 'R2 - mean': -0.9619287523613806, 'R2 - std': 0.0}
  outer_1_inner Fold 2/5
Before Debugging -- Inner Fold 2
DEBUG Inner Fold 2: num_features: 9
DEBUG Inner Fold 2: num_classes: 1
DEBUG Inner Fold 2: cat_idx: [0]
DEBUG Inner Fold 2: nominal_idx: None
DEBUG Inner Fold 2: ordinal_idx: [1, 2, 3]
DEBUG Inner Fold 2: num_idx: None
DEBUG Inner Fold 2: cat_dims: [2]
DEBUG Inner Fold 2: bin_alt: None
~~~~~~~~~~~~~~~~~~~~~~~~~~~~~~~~~~~~~~~~~~~~~~~~~~~~~~~~~~~~~~~~~~~~~~~~~~~~~~~
BEFORE ANY ENCODING
num_features :9
num_classes : 1
cat_idx : [0]
nominal_idx : None
ordinal_idx : [1, 2, 3]
num_idx : None
cat_dims : [2]
bin_alt : None 


X_train shape : (17261, 9)
~~~~~~~~~~~~~~~~~~~~~~~~~~~~~~~~~~~~~~~~~~~~~~~~~~~~~~~~~~~~~~~~~~~~~~~~~~~~~~~
~~~~~~~~~~~~~~~~~~~~~~~~~~~~~~~~~~~~~~~~~~~~~~~~~~~~~~~~~~~~~~~~~~~~~~~~~~~~~~~
AFTER getting cat idx
Nominal Index : None
Ordinal Index : [1, 2, 3]
Cat Idx : [0]
Cat dims : [2]
~~~~~~~~~~~~~~~~~~~~~~~~~~~~~~~~~~~~~~~~~~~~~~~~~~~~~~~~~~~~~~~~~~~~~~~~~~~~~~~
BEFORE getting cat idx
Nominal Index : None
Ordinal Index : [1, 2, 3]
Cat Idx : [1, 2, 3]
Cat dims : []
~~~~~~~~~~~~~~~~~~~~~~~~~~~~~~~~~~~~~~~~~~~~~~~~~~~~~~~~~~~~~~~~~~~~~~~~~~~~~~~ 


AFTER SEPARATING CATEGORICALS AND NUMERICALS
Ordinal Index : [1, 2, 3]
Numerical Index V1 : [0, 4, 5, 6, 7, 8]
Cat Idx V1 : [1, 2, 3] 
Cat Dims V1 : []
 

~~~~~~~~~~~~~~~~~~~~~~~~~~~~~~~~~~~~~~~~~~~~~~~~~~~~~~~~~~~~~~~~~~~~~~~~~~~~~~~ 


Scaling the data...
~~~~~~~~~~~~~~~~~~~~~~~~~~~~~~~~~~~~~~~~~~~~~~~~~~~~~~~~~~~~~~~~~~~~~~~~~~~~~~~
After OHE
Numerical Index V2 : [0, 4, 5, 6, 7, 8] 


OHE Idx : None


Ordinal Idx V2: [1, 2, 3]


Cat Dims V2 : []
Cat Idx V2 : [1, 2, 3] 
 

Train: [[0.6109617739717782 'Very Good' 'I' 'SI1' 1.000277349647564]
 [-1.1923108992151565 'Ideal' 'G' 'VVS1' -0.17921240590405657]
 [0.8416129298445254 'Very Good' 'H' 'VS2' 1.000277349647564]
 [1.4706615367702003 'Very Good' 'E' 'VS2' -1.5668474124353726]
 [0.023849740841148288 'Good' 'G' 'SI2' -0.5261211575368856]
 [0.2545008967138957 'Good' 'E' 'SI2' 0.02893284507563885]
 [-0.16486484123655434 'Very Good' 'J' 'VS2' 1.000277349647564]
 [1.5125981105652453 'Premium' 'E' 'SI1' 0.5146050973616014]
 [-0.039055119851419254 'Very Good' 'G' 'SI1' 0.8615138489944304]
 [-1.0245646040349765 'Ideal' 'H' 'VS2' 0.306459846381906]] 
 
 
Val : (17261, 9) 
 

~~~~~~~~~~~~~~~~~~~~~~~~~~~~~~~~~~~~~~~~~~~~~~~~~~~~~~~~~~~~~~~~~~~~~~~~~~~~~~~
Ordinal Encoding...
Cat Idx V3 : [1, 2, 3] 
 

~~~~~~~~~~~~~~~~~~~~~~~~~~~~~~~~~~~~~~~~~~~~~~~~~~~~~~~~~~~~~~~~~~~~~~~~~~~~~~~
After ORDINAL
Numerical Index V2 : [0, 4, 5, 6, 7, 8] 


OHE Idx : None


Ordinal Idx V2: [1, 2, 3]


Cat Dims V2 : [6, 8, 9]
Cat Idx V2 : [1, 2, 3] 
 

Train: [[0.6109617739717782 3 2 3 1.000277349647564 0.6861103434752243
  0.7201536662746001 0.6340252447178121 0.8326142222276542]
 [-1.1923108992151565 5 4 7 -0.17921240590405657 -0.20636022994692158
  -1.5939979909098583 -1.4690445574901931 -1.5876613852394543]
 [0.8416129298445254 3 3 4 1.000277349647564 -1.5450660900801403
  0.8892647489150032 0.866776052867315 1.0474315838371602]
 [1.4706615367702003 3 6 4 -1.5668474124353726 0.23987505676415136
  1.5212061629922975 1.4486530732410716 1.2908912603279357]
 [0.023849740841148288 2 4 2 -0.5261211575368856 1.5785809168973701
  0.18611866846280234 0.2100862727312183 0.14519866507723286]
 [0.2545008967138957 2 6 2 0.02893284507563885 0.6861103434752243
  0.3374285845094784 0.37633684998086314 0.3743371841273729]
 [-0.16486484123655434 3 1 4 1.000277349647564 1.1323456301862973
  0.034808752416125494 -0.030977064280766547 0.13087750763659875]
 [1.5125981105652453 4 6 3 0.5146050973616014 0.6861103434752243
  1.423299746726801 1.2657774382664617 1.4627451496155397]
 [-0.039055119851419254 3 4 3 0.8615138489944304 0.23987505676415136
  0.07931166890044264 0.10202339751894933 0.202483294839768]
 [-1.0245646040349765 5 3 4 0.306459846381906 -1.0988308033690675
  -1.19347174255101 -1.144855931853386 -1.1723478194610748]] 
 
 
Val : (17261, 9) 
 

FINISHED ENCODING
~~~~~~~~~~~~~~~~~~~~~~~~~~~~~~~~~~~~~~~~~~~~~~~~~~~~~~~~~~~~~~~~~~~~~~~~~~~~~~~


~~~~~~~~~~~~~~~~~~~~~~~~~~~~~~~~~~~~~~~~~~~~~~~~~~~~~~~~~~~~~~~~~~~~~~~~~~~~~~~
Test numpy array issues
X dtype: object
X Val dtype: object
X dtype: float32
X Val dtype: float32
After Debugging -- Inner Fold 2
DEBUG Inner Fold 2: num_features: 9
DEBUG Inner Fold 2: num_classes: 1
DEBUG Inner Fold 2: cat_idx: [1, 2, 3]
DEBUG Inner Fold 2: nominal_idx: None
DEBUG Inner Fold 2: ordinal_idx: [1, 2, 3]
DEBUG Inner Fold 2: num_idx: [0, 4, 5, 6, 7, 8]
DEBUG Inner Fold 2: cat_dims: [6, 8, 9]
DEBUG Inner Fold 2: bin_alt: None
In get_device
On Device: cuda
**** Data b4 Fitting ****
Train Data b4 training...
X: <class 'numpy.ndarray'> , y : (<class 'numpy.ndarray'>,), X_val: <class 'numpy.ndarray'> , y : <class 'numpy.ndarray'>

Train Data after...
X: <class 'torch.Tensor'> , y : (<class 'torch.Tensor'>,), X_val: <class 'torch.Tensor'> , y : <class 'torch.Tensor'>

Inner Fold 2 Results: {'MSE - mean': 31604753.6894631, 'MSE - std': 925611.182097638, 'R2 - mean': -0.9593176539417662, 'R2 - std': 0.002611098419614488}
  outer_1_inner Fold 3/5
Before Debugging -- Inner Fold 3
DEBUG Inner Fold 3: num_features: 9
DEBUG Inner Fold 3: num_classes: 1
DEBUG Inner Fold 3: cat_idx: [0]
DEBUG Inner Fold 3: nominal_idx: None
DEBUG Inner Fold 3: ordinal_idx: [1, 2, 3]
DEBUG Inner Fold 3: num_idx: None
DEBUG Inner Fold 3: cat_dims: [2]
DEBUG Inner Fold 3: bin_alt: None
~~~~~~~~~~~~~~~~~~~~~~~~~~~~~~~~~~~~~~~~~~~~~~~~~~~~~~~~~~~~~~~~~~~~~~~~~~~~~~~
BEFORE ANY ENCODING
num_features :9
num_classes : 1
cat_idx : [0]
nominal_idx : None
ordinal_idx : [1, 2, 3]
num_idx : None
cat_dims : [2]
bin_alt : None 


X_train shape : (17261, 9)
~~~~~~~~~~~~~~~~~~~~~~~~~~~~~~~~~~~~~~~~~~~~~~~~~~~~~~~~~~~~~~~~~~~~~~~~~~~~~~~
~~~~~~~~~~~~~~~~~~~~~~~~~~~~~~~~~~~~~~~~~~~~~~~~~~~~~~~~~~~~~~~~~~~~~~~~~~~~~~~
AFTER getting cat idx
Nominal Index : None
Ordinal Index : [1, 2, 3]
Cat Idx : [0]
Cat dims : [2]
~~~~~~~~~~~~~~~~~~~~~~~~~~~~~~~~~~~~~~~~~~~~~~~~~~~~~~~~~~~~~~~~~~~~~~~~~~~~~~~
BEFORE getting cat idx
Nominal Index : None
Ordinal Index : [1, 2, 3]
Cat Idx : [1, 2, 3]
Cat dims : []
~~~~~~~~~~~~~~~~~~~~~~~~~~~~~~~~~~~~~~~~~~~~~~~~~~~~~~~~~~~~~~~~~~~~~~~~~~~~~~~ 


AFTER SEPARATING CATEGORICALS AND NUMERICALS
Ordinal Index : [1, 2, 3]
Numerical Index V1 : [0, 4, 5, 6, 7, 8]
Cat Idx V1 : [1, 2, 3] 
Cat Dims V1 : []
 

~~~~~~~~~~~~~~~~~~~~~~~~~~~~~~~~~~~~~~~~~~~~~~~~~~~~~~~~~~~~~~~~~~~~~~~~~~~~~~~ 


Scaling the data...
~~~~~~~~~~~~~~~~~~~~~~~~~~~~~~~~~~~~~~~~~~~~~~~~~~~~~~~~~~~~~~~~~~~~~~~~~~~~~~~
After OHE
Numerical Index V2 : [0, 4, 5, 6, 7, 8] 


OHE Idx : None


Ordinal Idx V2: [1, 2, 3]


Cat Dims V2 : []
Cat Idx V2 : [1, 2, 3] 
 

Train: [[0.6112431208100558 'Very Good' 'I' 'SI1' 1.0136727753581982]
 [-1.201032367810269 'Ideal' 'G' 'VVS1' -0.17665688506079638]
 [0.8430457995870739 'Very Good' 'H' 'VS2' 1.0136727753581982]
 [1.4752349235243964 'Very Good' 'E' 'VS2' -1.5770447208478466]
 [-0.6109891854687679 'Ideal' 'F' 'VS2' -0.8068314111649679]
 [0.021199938468554752 'Good' 'G' 'SI2' -0.526753844007559]
 [0.253002617245573 'Good' 'E' 'SI2' 0.03340129030725914]
 [-0.1684567987126422 'Very Good' 'J' 'VS2' 1.0136727753581982]
 [0.4426593544267697 'Premium' 'E' 'VS1' -0.6667926275862659]
 [1.517380865120218 'Premium' 'E' 'SI1' 0.5235370328327287]] 
 
 
Val : (17261, 9) 
 

~~~~~~~~~~~~~~~~~~~~~~~~~~~~~~~~~~~~~~~~~~~~~~~~~~~~~~~~~~~~~~~~~~~~~~~~~~~~~~~
Ordinal Encoding...
Cat Idx V3 : [1, 2, 3] 
 

~~~~~~~~~~~~~~~~~~~~~~~~~~~~~~~~~~~~~~~~~~~~~~~~~~~~~~~~~~~~~~~~~~~~~~~~~~~~~~~
After ORDINAL
Numerical Index V2 : [0, 4, 5, 6, 7, 8] 


OHE Idx : None


Ordinal Idx V2: [1, 2, 3]


Cat Dims V2 : [6, 8, 9]
Cat Idx V2 : [1, 2, 3] 
 

Train: [[0.6112431208100558 3 2 3 1.0136727753581982 0.6818117192555013
  0.7173279774270517 0.6410109943505509 0.8326580303585318]
 [-1.201032367810269 5 4 7 -0.17665688506079638 -0.2128034555488829
  -1.6031173732206732 -1.4961423897360342 -1.5998890759987037]
 [0.8430457995870739 3 3 4 1.0136727753581982 -1.5547262177554593
  0.8868989838205397 0.8775338985182364 1.0485645782600608]
 [1.4752349235243964 3 6 4 -1.5770447208478466 0.2345041318533092
  1.5205590603435721 1.46884115893745 1.2932586658817957]
 [-0.6109891854687679 5 5 4 -0.8068314111649679 -0.660111042951075
  -0.4875186469477282 -0.4824728004459544 -0.5779314159314628]
 [0.021199938468554752 2 4 2 -0.526753844007559 1.5764268940598856
  0.1818405888160386 0.2102014189022671 0.14175707707363652]
 [0.253002617245573 2 6 2 0.03340129030725914 0.6818117192555013
  0.333562015589159 0.3791463504506139 0.37205739483526784]
 [-0.1684567987126422 3 1 4 1.0136727753581982 1.1291193066576934
  0.030119162042917397 -0.03476873184283558 0.1273633072135342]
 [0.4426593544267697 4 6 5 -0.6667926275862659 0.6818117192555013
  0.6459296589455832 0.5734330217312121 0.5447826331564918]
 [1.517380865120218 4 6 3 0.5235370328327287 0.6818117192555013
  1.4223863724315529 1.2830017342342679 1.4659839042030185]] 
 
 
Val : (17261, 9) 
 

FINISHED ENCODING
~~~~~~~~~~~~~~~~~~~~~~~~~~~~~~~~~~~~~~~~~~~~~~~~~~~~~~~~~~~~~~~~~~~~~~~~~~~~~~~


~~~~~~~~~~~~~~~~~~~~~~~~~~~~~~~~~~~~~~~~~~~~~~~~~~~~~~~~~~~~~~~~~~~~~~~~~~~~~~~
Test numpy array issues
X dtype: object
X Val dtype: object
X dtype: float32
X Val dtype: float32
After Debugging -- Inner Fold 3
DEBUG Inner Fold 3: num_features: 9
DEBUG Inner Fold 3: num_classes: 1
DEBUG Inner Fold 3: cat_idx: [1, 2, 3]
DEBUG Inner Fold 3: nominal_idx: None
DEBUG Inner Fold 3: ordinal_idx: [1, 2, 3]
DEBUG Inner Fold 3: num_idx: [0, 4, 5, 6, 7, 8]
DEBUG Inner Fold 3: cat_dims: [6, 8, 9]
DEBUG Inner Fold 3: bin_alt: None
In get_device
On Device: cuda
**** Data b4 Fitting ****
Train Data b4 training...
X: <class 'numpy.ndarray'> , y : (<class 'numpy.ndarray'>,), X_val: <class 'numpy.ndarray'> , y : <class 'numpy.ndarray'>

Train Data after...
X: <class 'torch.Tensor'> , y : (<class 'torch.Tensor'>,), X_val: <class 'torch.Tensor'> , y : <class 'torch.Tensor'>

Inner Fold 3 Results: {'MSE - mean': 31200361.49137889, 'MSE - std': 947753.5579950198, 'R2 - mean': -0.956339297019627, 'R2 - std': 0.004720851958695098}
  outer_1_inner Fold 4/5
Before Debugging -- Inner Fold 4
DEBUG Inner Fold 4: num_features: 9
DEBUG Inner Fold 4: num_classes: 1
DEBUG Inner Fold 4: cat_idx: [0]
DEBUG Inner Fold 4: nominal_idx: None
DEBUG Inner Fold 4: ordinal_idx: [1, 2, 3]
DEBUG Inner Fold 4: num_idx: None
DEBUG Inner Fold 4: cat_dims: [2]
DEBUG Inner Fold 4: bin_alt: None
~~~~~~~~~~~~~~~~~~~~~~~~~~~~~~~~~~~~~~~~~~~~~~~~~~~~~~~~~~~~~~~~~~~~~~~~~~~~~~~
BEFORE ANY ENCODING
num_features :9
num_classes : 1
cat_idx : [0]
nominal_idx : None
ordinal_idx : [1, 2, 3]
num_idx : None
cat_dims : [2]
bin_alt : None 


X_train shape : (17261, 9)
~~~~~~~~~~~~~~~~~~~~~~~~~~~~~~~~~~~~~~~~~~~~~~~~~~~~~~~~~~~~~~~~~~~~~~~~~~~~~~~
~~~~~~~~~~~~~~~~~~~~~~~~~~~~~~~~~~~~~~~~~~~~~~~~~~~~~~~~~~~~~~~~~~~~~~~~~~~~~~~
AFTER getting cat idx
Nominal Index : None
Ordinal Index : [1, 2, 3]
Cat Idx : [0]
Cat dims : [2]
~~~~~~~~~~~~~~~~~~~~~~~~~~~~~~~~~~~~~~~~~~~~~~~~~~~~~~~~~~~~~~~~~~~~~~~~~~~~~~~
BEFORE getting cat idx
Nominal Index : None
Ordinal Index : [1, 2, 3]
Cat Idx : [1, 2, 3]
Cat dims : []
~~~~~~~~~~~~~~~~~~~~~~~~~~~~~~~~~~~~~~~~~~~~~~~~~~~~~~~~~~~~~~~~~~~~~~~~~~~~~~~ 


AFTER SEPARATING CATEGORICALS AND NUMERICALS
Ordinal Index : [1, 2, 3]
Numerical Index V1 : [0, 4, 5, 6, 7, 8]
Cat Idx V1 : [1, 2, 3] 
Cat Dims V1 : []
 

~~~~~~~~~~~~~~~~~~~~~~~~~~~~~~~~~~~~~~~~~~~~~~~~~~~~~~~~~~~~~~~~~~~~~~~~~~~~~~~ 


Scaling the data...
~~~~~~~~~~~~~~~~~~~~~~~~~~~~~~~~~~~~~~~~~~~~~~~~~~~~~~~~~~~~~~~~~~~~~~~~~~~~~~~
After OHE
Numerical Index V2 : [0, 4, 5, 6, 7, 8] 


OHE Idx : None


Ordinal Idx V2: [1, 2, 3]


Cat Dims V2 : []
Cat Idx V2 : [1, 2, 3] 
 

Train: [[0.616760552569223 'Very Good' 'I' 'SI1' 1.0102506504486326]
 [-1.1965499682806273 'Ideal' 'G' 'VVS1' -0.16954041058832597]
 [0.8486956191895524 'Very Good' 'H' 'VS2' 1.0102506504486326]
 [1.4812458008813605 'Very Good' 'E' 'VS2' -1.5575298941612161]
 [-0.6061697987016063 'Ideal' 'F' 'VS2' -0.7941356781961255]
 [0.026380382990201984 'Good' 'G' 'SI2' -0.5165377814815485]
 [-0.16338467151734062 'Very Good' 'J' 'VS2' 1.0102506504486326]
 [0.448080504118074 'Premium' 'E' 'VS1' -0.6553367298388395]
 [1.5234158129941477 'Premium' 'E' 'SI1' 0.5244543311981191]
 [-1.0278699198294783 'Ideal' 'H' 'VS2' 0.31625590866218756]] 
 
 
Val : (17261, 9) 
 

~~~~~~~~~~~~~~~~~~~~~~~~~~~~~~~~~~~~~~~~~~~~~~~~~~~~~~~~~~~~~~~~~~~~~~~~~~~~~~~
Ordinal Encoding...
Cat Idx V3 : [1, 2, 3] 
 

~~~~~~~~~~~~~~~~~~~~~~~~~~~~~~~~~~~~~~~~~~~~~~~~~~~~~~~~~~~~~~~~~~~~~~~~~~~~~~~
After ORDINAL
Numerical Index V2 : [0, 4, 5, 6, 7, 8] 


OHE Idx : None


Ordinal Idx V2: [1, 2, 3]


Cat Dims V2 : [6, 8, 9]
Cat Idx V2 : [1, 2, 3] 
 

Train: [[0.616760552569223 3 2 3 1.0102506504486326 0.6793189324485923
  0.723284806708149 0.6365328810880501 0.8385064718388299]
 [-1.1965499682806273 5 4 7 -0.16954041058832597 -0.21210334701842315
  -1.6003095856235845 -1.473981116924701 -1.5955449410262352]
 [0.8486956191895524 3 3 4 1.0102506504486326 -1.5492367662189463
  0.8930859353785452 0.8701075528048765 1.054546538069456]
 [1.4812458008813605 3 6 4 -1.5575298941612161 0.23360779271508456
  1.527605942515288 1.4540442320969422 1.2993919464641681]
 [-0.6061697987016063 5 5 4 -0.7941356781961255 -0.6578144867519309
  -0.48319689700255847 -0.47294680956687457 -0.5729552942012671]
 [0.026380382990201984 2 4 2 -0.5165377814815485 1.5707412119156077
  0.18707071617005697 0.2110933004609739 0.1471782599008232]
 [-0.16338467151734062 3 1 4 1.0102506504486326 1.1250300721821
  0.03514339051759675 -0.030823323817167583 0.13277558881878104]
 [0.448080504118074 4 6 5 -0.6553367298388395 0.6793189324485923
  0.6517895946364033 0.5697972605975282 0.5504530501979935]
 [1.5234158129941477 4 6 3 0.5244543311981191 0.6793189324485923
  1.4293000259166373 1.2705212757480069 1.4722239994486686]
 [-1.0278699198294783 5 3 4 0.31625590866218756 -1.1035256264854385
  -1.1981490177200156 -1.1486449670334073 -1.1778674796470228]] 
 
 
Val : (17261, 9) 
 

FINISHED ENCODING
~~~~~~~~~~~~~~~~~~~~~~~~~~~~~~~~~~~~~~~~~~~~~~~~~~~~~~~~~~~~~~~~~~~~~~~~~~~~~~~


~~~~~~~~~~~~~~~~~~~~~~~~~~~~~~~~~~~~~~~~~~~~~~~~~~~~~~~~~~~~~~~~~~~~~~~~~~~~~~~
Test numpy array issues
X dtype: object
X Val dtype: object
X dtype: float32
X Val dtype: float32
After Debugging -- Inner Fold 4
DEBUG Inner Fold 4: num_features: 9
DEBUG Inner Fold 4: num_classes: 1
DEBUG Inner Fold 4: cat_idx: [1, 2, 3]
DEBUG Inner Fold 4: nominal_idx: None
DEBUG Inner Fold 4: ordinal_idx: [1, 2, 3]
DEBUG Inner Fold 4: num_idx: [0, 4, 5, 6, 7, 8]
DEBUG Inner Fold 4: cat_dims: [6, 8, 9]
DEBUG Inner Fold 4: bin_alt: None
In get_device
On Device: cuda
**** Data b4 Fitting ****
Train Data b4 training...
X: <class 'numpy.ndarray'> , y : (<class 'numpy.ndarray'>,), X_val: <class 'numpy.ndarray'> , y : <class 'numpy.ndarray'>

Train Data after...
X: <class 'torch.Tensor'> , y : (<class 'torch.Tensor'>,), X_val: <class 'torch.Tensor'> , y : <class 'torch.Tensor'>

Inner Fold 4 Results: {'MSE - mean': 31248401.7427108, 'MSE - std': 824985.5770031763, 'R2 - mean': -0.9547265232004298, 'R2 - std': 0.004951560419463905}
  outer_1_inner Fold 5/5
Before Debugging -- Inner Fold 5
DEBUG Inner Fold 5: num_features: 9
DEBUG Inner Fold 5: num_classes: 1
DEBUG Inner Fold 5: cat_idx: [0]
DEBUG Inner Fold 5: nominal_idx: None
DEBUG Inner Fold 5: ordinal_idx: [1, 2, 3]
DEBUG Inner Fold 5: num_idx: None
DEBUG Inner Fold 5: cat_dims: [2]
DEBUG Inner Fold 5: bin_alt: None
~~~~~~~~~~~~~~~~~~~~~~~~~~~~~~~~~~~~~~~~~~~~~~~~~~~~~~~~~~~~~~~~~~~~~~~~~~~~~~~
BEFORE ANY ENCODING
num_features :9
num_classes : 1
cat_idx : [0]
nominal_idx : None
ordinal_idx : [1, 2, 3]
num_idx : None
cat_dims : [2]
bin_alt : None 


X_train shape : (17261, 9)
~~~~~~~~~~~~~~~~~~~~~~~~~~~~~~~~~~~~~~~~~~~~~~~~~~~~~~~~~~~~~~~~~~~~~~~~~~~~~~~
~~~~~~~~~~~~~~~~~~~~~~~~~~~~~~~~~~~~~~~~~~~~~~~~~~~~~~~~~~~~~~~~~~~~~~~~~~~~~~~
AFTER getting cat idx
Nominal Index : None
Ordinal Index : [1, 2, 3]
Cat Idx : [0]
Cat dims : [2]
~~~~~~~~~~~~~~~~~~~~~~~~~~~~~~~~~~~~~~~~~~~~~~~~~~~~~~~~~~~~~~~~~~~~~~~~~~~~~~~
BEFORE getting cat idx
Nominal Index : None
Ordinal Index : [1, 2, 3]
Cat Idx : [1, 2, 3]
Cat dims : []
~~~~~~~~~~~~~~~~~~~~~~~~~~~~~~~~~~~~~~~~~~~~~~~~~~~~~~~~~~~~~~~~~~~~~~~~~~~~~~~ 


AFTER SEPARATING CATEGORICALS AND NUMERICALS
Ordinal Index : [1, 2, 3]
Numerical Index V1 : [0, 4, 5, 6, 7, 8]
Cat Idx V1 : [1, 2, 3] 
Cat Dims V1 : []
 

~~~~~~~~~~~~~~~~~~~~~~~~~~~~~~~~~~~~~~~~~~~~~~~~~~~~~~~~~~~~~~~~~~~~~~~~~~~~~~~ 


Scaling the data...
~~~~~~~~~~~~~~~~~~~~~~~~~~~~~~~~~~~~~~~~~~~~~~~~~~~~~~~~~~~~~~~~~~~~~~~~~~~~~~~
After OHE
Numerical Index V2 : [0, 4, 5, 6, 7, 8] 


OHE Idx : None


Ordinal Idx V2: [1, 2, 3]


Cat Dims V2 : []
Cat Idx V2 : [1, 2, 3] 
 

Train: [[0.8395779267362239 'Very Good' 'H' 'VS2' 1.0024612546444691]
 [-0.6066370721272537 'Ideal' 'F' 'VS2' -0.7978643899363277]
 [0.2527080721249577 'Good' 'E' 'SI2' 0.03305513833172896]
 [-0.16648468116880408 'Very Good' 'J' 'VS2' 1.0024612546444691]
 [0.4413448111071504 'Premium' 'E' 'VS1' -0.659377801891654]
 [-0.04072685518067547 'Very Good' 'G' 'SI1' 0.8639746665997905]
 [0.6719008254187195 'Premium' 'G' 'SI2' -0.5208912138469755]
 [-0.5227985214685014 'Good' 'H' 'SI1' 1.2794344307338212]
 [-0.1874443188334922 'Premium' 'D' 'VS1' -2.528946740494785]
 [-0.6275967097919418 'Very Good' 'G' 'SI1' -1.6980272122267284]] 
 
 
Val : (17261, 9) 
 

~~~~~~~~~~~~~~~~~~~~~~~~~~~~~~~~~~~~~~~~~~~~~~~~~~~~~~~~~~~~~~~~~~~~~~~~~~~~~~~
Ordinal Encoding...
Cat Idx V3 : [1, 2, 3] 
 

~~~~~~~~~~~~~~~~~~~~~~~~~~~~~~~~~~~~~~~~~~~~~~~~~~~~~~~~~~~~~~~~~~~~~~~~~~~~~~~
After ORDINAL
Numerical Index V2 : [0, 4, 5, 6, 7, 8] 


OHE Idx : None


Ordinal Idx V2: [1, 2, 3]


Cat Dims V2 : [6, 8, 9]
Cat Idx V2 : [1, 2, 3] 
 

Train: [[0.8395779267362239 3 3 4 1.0024612546444691 -1.5485409726878063
  0.8869574383926734 0.8647181610891942 1.0464350376124902]
 [-0.6066370721272537 5 5 4 -0.7978643899363277 -0.6509709592368921
  -0.4836084128019686 -0.4735242919543713 -0.5733762066014101]
 [0.2527080721249577 2 6 2 0.03305513833172896 0.695384060939479
  0.33517118661301226 0.37430633047074496 0.372708236921753]
 [-0.16648468116880408 3 1 4 1.0024612546444691 1.144169067664936
  0.03257872595964909 -0.03298485089034029 0.12901981965063522]
 [0.4413448111071504 4 6 5 -0.659377801891654 0.695384060939479
  0.6466634255208851 0.5654838237626825 0.544723590289601]
 [-0.04072685518067547 3 4 3 0.8639746665997905 0.246599054214022
  0.07707761723220304 0.10000818792144271 0.20069288355390555]
 [0.6719008254187195 4 4 2 -0.5208912138469755 1.144169067664936
  0.8602581036291412 0.7483492521288837 0.7597427819994115]
 [-0.5227985214685014 2 3 3 1.2794344307338212 -1.0997559659623493
  -0.49250819105647986 -0.42365190239995226 -0.3296877893302923]
 [-0.1874443188334922 4 7 5 -2.528946740494785 2.0417390811158502
  0.13937606501377714 0.08338405806996946 -0.18634166152375226]
 [-0.6275967097919418 3 4 3 -1.6980272122267284 0.246599054214022
  -0.4836084128019686 -0.41533983747421604 -0.6450492705046804]] 
 
 
Val : (17261, 9) 
 

FINISHED ENCODING
~~~~~~~~~~~~~~~~~~~~~~~~~~~~~~~~~~~~~~~~~~~~~~~~~~~~~~~~~~~~~~~~~~~~~~~~~~~~~~~


~~~~~~~~~~~~~~~~~~~~~~~~~~~~~~~~~~~~~~~~~~~~~~~~~~~~~~~~~~~~~~~~~~~~~~~~~~~~~~~
Test numpy array issues
X dtype: object
X Val dtype: object
X dtype: float32
X Val dtype: float32
After Debugging -- Inner Fold 5
DEBUG Inner Fold 5: num_features: 9
DEBUG Inner Fold 5: num_classes: 1
DEBUG Inner Fold 5: cat_idx: [1, 2, 3]
DEBUG Inner Fold 5: nominal_idx: None
DEBUG Inner Fold 5: ordinal_idx: [1, 2, 3]
DEBUG Inner Fold 5: num_idx: [0, 4, 5, 6, 7, 8]
DEBUG Inner Fold 5: cat_dims: [6, 8, 9]
DEBUG Inner Fold 5: bin_alt: None
In get_device
On Device: cuda
**** Data b4 Fitting ****
Train Data b4 training...
X: <class 'numpy.ndarray'> , y : (<class 'numpy.ndarray'>,), X_val: <class 'numpy.ndarray'> , y : <class 'numpy.ndarray'>

Train Data after...
X: <class 'torch.Tensor'> , y : (<class 'torch.Tensor'>,), X_val: <class 'torch.Tensor'> , y : <class 'torch.Tensor'>

Inner Fold 5 Results: {'MSE - mean': 31113480.42111041, 'MSE - std': 785681.8783071132, 'R2 - mean': -0.9581758969841712, 'R2 - std': 0.008197992343856457}
Trial Results B4 Saving: {'MSE - mean': 31113480.42111041, 'MSE - std': 785681.8783071132, 'R2 - mean': -0.9581758969841712, 'R2 - std': 0.008197992343856457}
Score: 31113480.42111041
Best Hyperparameters found for Outer Fold 1: {'learning_rate': 0.00288709999475604, 'weight_decay': 0.001225510890887893}
Best Inner CV Score : 29840684.1291
Hyperparameter Optimization for Outer Fold 1 finished in 246.23 seconds.
Before Debugging -- Outer Fold 1
DEBUG Outer Fold 1: num_features: 9
DEBUG Outer Fold 1: num_classes: 1
DEBUG Outer Fold 1: cat_idx: [0]
DEBUG Outer Fold 1: nominal_idx: None
DEBUG Outer Fold 1: ordinal_idx: [1, 2, 3]
DEBUG Outer Fold 1: num_idx: None
DEBUG Outer Fold 1: cat_dims: [2]
DEBUG Outer Fold 1: bin_alt: None
~~~~~~~~~~~~~~~~~~~~~~~~~~~~~~~~~~~~~~~~~~~~~~~~~~~~~~~~~~~~~~~~~~~~~~~~~~~~~~~
BEFORE ANY ENCODING
num_features :9
num_classes : 1
cat_idx : [0]
nominal_idx : None
ordinal_idx : [1, 2, 3]
num_idx : None
cat_dims : [2]
bin_alt : None 


X_train shape : (21576, 9)
~~~~~~~~~~~~~~~~~~~~~~~~~~~~~~~~~~~~~~~~~~~~~~~~~~~~~~~~~~~~~~~~~~~~~~~~~~~~~~~
~~~~~~~~~~~~~~~~~~~~~~~~~~~~~~~~~~~~~~~~~~~~~~~~~~~~~~~~~~~~~~~~~~~~~~~~~~~~~~~
AFTER getting cat idx
Nominal Index : None
Ordinal Index : [1, 2, 3]
Cat Idx : [0]
Cat dims : [2]
~~~~~~~~~~~~~~~~~~~~~~~~~~~~~~~~~~~~~~~~~~~~~~~~~~~~~~~~~~~~~~~~~~~~~~~~~~~~~~~
BEFORE getting cat idx
Nominal Index : None
Ordinal Index : [1, 2, 3]
Cat Idx : [1, 2, 3]
Cat dims : []
~~~~~~~~~~~~~~~~~~~~~~~~~~~~~~~~~~~~~~~~~~~~~~~~~~~~~~~~~~~~~~~~~~~~~~~~~~~~~~~ 


AFTER SEPARATING CATEGORICALS AND NUMERICALS
Ordinal Index : [1, 2, 3]
Numerical Index V1 : [0, 4, 5, 6, 7, 8]
Cat Idx V1 : [1, 2, 3] 
Cat Dims V1 : []
 

~~~~~~~~~~~~~~~~~~~~~~~~~~~~~~~~~~~~~~~~~~~~~~~~~~~~~~~~~~~~~~~~~~~~~~~~~~~~~~~ 


Scaling the data...
~~~~~~~~~~~~~~~~~~~~~~~~~~~~~~~~~~~~~~~~~~~~~~~~~~~~~~~~~~~~~~~~~~~~~~~~~~~~~~~
After OHE
Numerical Index V2 : [0, 4, 5, 6, 7, 8] 


OHE Idx : None


Ordinal Idx V2: [1, 2, 3]


Cat Dims V2 : []
Cat Idx V2 : [1, 2, 3] 
 

Train: [[0.6140862490560484 'Very Good' 'I' 'SI1' 1.0050816633459132]
 [-1.1955959250996897 'Ideal' 'G' 'VVS1' -0.175361411046495]
 [0.845557224820154 'Very Good' 'H' 'VS2' 1.0050816633459132]
 [1.476841704176807 'Very Good' 'E' 'VS2' -1.5641179691552083]
 [-0.6063970777001471 'Ideal' 'F' 'VS2' -0.800301862195415]
 [0.024887401656505714 'Good' 'G' 'SI2' -0.5225505505736733]
 [0.2563583774206117 'Good' 'E' 'SI2' 0.03295207266981003]
 [-0.16449794215049027 'Very Good' 'J' 'VS2' 1.0050816633459132]
 [0.4457437212276074 'Premium' 'E' 'VS1' -0.6614262063845466]
 [1.518927336133917 'Premium' 'E' 'SI1' 0.5190168680078616]] 
 
 
Val : (21576, 9) 
 

~~~~~~~~~~~~~~~~~~~~~~~~~~~~~~~~~~~~~~~~~~~~~~~~~~~~~~~~~~~~~~~~~~~~~~~~~~~~~~~
Ordinal Encoding...
Cat Idx V3 : [1, 2, 3] 
 

~~~~~~~~~~~~~~~~~~~~~~~~~~~~~~~~~~~~~~~~~~~~~~~~~~~~~~~~~~~~~~~~~~~~~~~~~~~~~~~
After ORDINAL
Numerical Index V2 : [0, 4, 5, 6, 7, 8] 


OHE Idx : None


Ordinal Idx V2: [1, 2, 3]


Cat Dims V2 : [6, 8, 9]
Cat Idx V2 : [1, 2, 3] 
 

Train: [[0.6140862490560484 3 2 3 1.0050816633459132 0.6861694402990297
  0.7215108221135363 0.644870338926782 0.8357920179615237]
 [-1.1955959250996897 5 4 7 -0.175361411046495 -0.20913727498228699
  -1.597549607755846 -1.4922130946092897 -1.593451195247046]
 [0.845557224820154 3 3 4 1.0050816633459132 -1.5520973479042621
  0.8909806227578376 0.8813855015315649 1.051405320909029]
 [1.476841704176807 3 6 4 -1.5641179691552083 0.23851608265837138
  1.5242625093760152 1.4726734080435218 1.2957670642495374]
 [-0.6063970777001471 5 5 4 -0.800301862195415 -0.6567906326229453
  -0.4826167087801811 -0.4785766834459357 -0.5728815612955167]
 [0.024887401656505714 2 4 2 -0.5225505505736733 1.5814761555803465
  0.18634303060521762 0.21407486418235666 0.14582944852950386]
 [0.2563583774206117 2 6 2 0.03295207266981003 0.6861694402990297
  0.33797390486590795 0.38301426604291583 0.37581697167351]
 [-0.16449794215049027 3 1 4 1.0050816633459132 1.1338227979396882
  0.034712156344526526 -0.03088726851545399 0.13145522833300313]
 [0.4457437212276074 4 6 5 -0.6614262063845466 0.6861694402990297
  0.6501551165790938 0.5772945781825584 0.5483076140315152]
 [1.518927336133917 4 6 3 0.5190168680078616 0.6861694402990297
  1.4261484142661562 1.2868400659969061 1.468257706607541]] 
 
 
Val : (21576, 9) 
 

FINISHED ENCODING
~~~~~~~~~~~~~~~~~~~~~~~~~~~~~~~~~~~~~~~~~~~~~~~~~~~~~~~~~~~~~~~~~~~~~~~~~~~~~~~


~~~~~~~~~~~~~~~~~~~~~~~~~~~~~~~~~~~~~~~~~~~~~~~~~~~~~~~~~~~~~~~~~~~~~~~~~~~~~~~
Test numpy array issues
X dtype: object
X Val dtype: object
X dtype: float32
X Val dtype: float32
After Debugging -- Outer Fold 1
DEBUG Outer Fold 1: num_features: 9
DEBUG Outer Fold 1: num_classes: 1
DEBUG Outer Fold 1: cat_idx: [1, 2, 3]
DEBUG Outer Fold 1: nominal_idx: None
DEBUG Outer Fold 1: ordinal_idx: [1, 2, 3]
DEBUG Outer Fold 1: num_idx: [0, 4, 5, 6, 7, 8]
DEBUG Outer Fold 1: cat_dims: [6, 8, 9]
DEBUG Outer Fold 1: bin_alt: None
Training final model for Outer Fold 1...
In get_device
On Device: cuda
Train Data b4 training...
X: <class 'numpy.ndarray'> , y : (<class 'numpy.ndarray'>,), X_val: <class 'numpy.ndarray'> , y : <class 'numpy.ndarray'>

Train Data after...
X: <class 'torch.Tensor'> , y : (<class 'torch.Tensor'>,), X_val: <class 'torch.Tensor'> , y : <class 'torch.Tensor'>

Evaluating final model on Outer Test Set for Fold 1...
Outer Fold 1 Results: {'MSE - mean': 28317692.921548415, 'MSE - std': 0.0, 'R2 - mean': -0.801595547413817, 'R2 - std': 0.0}

--- Outer Fold 2/2 ---
Starting Hyperparameter Optimization for Outer Fold 2...
  outer_2_inner Fold 1/5
Before Debugging -- Inner Fold 1
DEBUG Inner Fold 1: num_features: 9
DEBUG Inner Fold 1: num_classes: 1
DEBUG Inner Fold 1: cat_idx: [0]
DEBUG Inner Fold 1: nominal_idx: None
DEBUG Inner Fold 1: ordinal_idx: [1, 2, 3]
DEBUG Inner Fold 1: num_idx: None
DEBUG Inner Fold 1: cat_dims: [2]
DEBUG Inner Fold 1: bin_alt: None
~~~~~~~~~~~~~~~~~~~~~~~~~~~~~~~~~~~~~~~~~~~~~~~~~~~~~~~~~~~~~~~~~~~~~~~~~~~~~~~
BEFORE ANY ENCODING
num_features :9
num_classes : 1
cat_idx : [0]
nominal_idx : None
ordinal_idx : [1, 2, 3]
num_idx : None
cat_dims : [2]
bin_alt : None 


X_train shape : (17260, 9)
~~~~~~~~~~~~~~~~~~~~~~~~~~~~~~~~~~~~~~~~~~~~~~~~~~~~~~~~~~~~~~~~~~~~~~~~~~~~~~~
~~~~~~~~~~~~~~~~~~~~~~~~~~~~~~~~~~~~~~~~~~~~~~~~~~~~~~~~~~~~~~~~~~~~~~~~~~~~~~~
AFTER getting cat idx
Nominal Index : None
Ordinal Index : [1, 2, 3]
Cat Idx : [0]
Cat dims : [2]
~~~~~~~~~~~~~~~~~~~~~~~~~~~~~~~~~~~~~~~~~~~~~~~~~~~~~~~~~~~~~~~~~~~~~~~~~~~~~~~
BEFORE getting cat idx
Nominal Index : None
Ordinal Index : [1, 2, 3]
Cat Idx : [1, 2, 3]
Cat dims : []
~~~~~~~~~~~~~~~~~~~~~~~~~~~~~~~~~~~~~~~~~~~~~~~~~~~~~~~~~~~~~~~~~~~~~~~~~~~~~~~ 


AFTER SEPARATING CATEGORICALS AND NUMERICALS
Ordinal Index : [1, 2, 3]
Numerical Index V1 : [0, 4, 5, 6, 7, 8]
Cat Idx V1 : [1, 2, 3] 
Cat Dims V1 : []
 

~~~~~~~~~~~~~~~~~~~~~~~~~~~~~~~~~~~~~~~~~~~~~~~~~~~~~~~~~~~~~~~~~~~~~~~~~~~~~~~ 


Scaling the data...
~~~~~~~~~~~~~~~~~~~~~~~~~~~~~~~~~~~~~~~~~~~~~~~~~~~~~~~~~~~~~~~~~~~~~~~~~~~~~~~
After OHE
Numerical Index V2 : [0, 4, 5, 6, 7, 8] 


OHE Idx : None


Ordinal Idx V2: [1, 2, 3]


Cat Dims V2 : []
Cat Idx V2 : [1, 2, 3] 
 

Train: [[0.6185148921667437 'Very Good' 'I' 'SI1' 1.0206070134939544]
 [-1.2031349429234803 'Ideal' 'G' 'VVS1' -0.1663344171757495]
 [0.851516615259679 'Very Good' 'H' 'VS2' 1.0206070134939544]
 [-0.20758212607184648 'Good' 'H' 'VVS2' 0.25258608776649927]
 [1.4869758600585943 'Very Good' 'E' 'VS2' -1.5627361003165754]
 [-0.610039647777826 'Ideal' 'F' 'VS2' -0.7947151745891201]
 [-0.1652181764185854 'Very Good' 'J' 'VS2' 1.0206070134939544]
 [0.44905909355369944 'Premium' 'E' 'VS1' -0.6550750062750406]
 [1.5293398097118553 'Premium' 'E' 'SI1' 0.5318664243946635]
 [-1.0336791443104363 'Ideal' 'H' 'VS2' 0.32240617192354154]] 
 
 
Val : (17260, 9) 
 

~~~~~~~~~~~~~~~~~~~~~~~~~~~~~~~~~~~~~~~~~~~~~~~~~~~~~~~~~~~~~~~~~~~~~~~~~~~~~~~
Ordinal Encoding...
Cat Idx V3 : [1, 2, 3] 
 

~~~~~~~~~~~~~~~~~~~~~~~~~~~~~~~~~~~~~~~~~~~~~~~~~~~~~~~~~~~~~~~~~~~~~~~~~~~~~~~
After ORDINAL
Numerical Index V2 : [0, 4, 5, 6, 7, 8] 


OHE Idx : None


Ordinal Idx V2: [1, 2, 3]


Cat Dims V2 : [6, 8, 9]
Cat Idx V2 : [1, 2, 3] 
 

Train: [[0.6185148921667437 3 2 3 1.0206070134939544 0.6836593988772659
  0.7231332078567079 0.6785868313450086 0.840624738859004]
 [-1.2031349429234803 5 4 7 -0.1663344171757495 -0.21462899258147766
  -1.6104704506656398 -1.5728753257057286 -1.606357040661213]
 [0.851516615259679 3 3 4 1.0206070134939544 -1.5620615797695931
  0.893665782902572 0.9277605088051695 1.0578124707690817]
 [-0.20758212607184648 2 3 6 0.25258608776649927 2.929380377524125
  -0.10260347131273814 -0.07783326094476453 -0.05708455303598712]
 [1.4869758600585943 3 6 4 -1.5627361003165754 0.23451520314789415
  1.5309190896529055 1.5506947024555713 1.3039585669338385]
 [-0.610039647777826 5 5 4 -0.7947151745891201 -0.6637731883108494
  -0.4885456148375877 -0.5049881365907546 -0.5783351096201752]
 [-0.1652181764185854 3 1 4 1.0206070134939544 1.1328035946066377
  0.03202750898662758 -0.03333796139830742 0.13114481461941405]
 [0.44905909355369944 4 6 5 -0.6550750062750406 0.6836593988772659
  0.6513300183637125 0.6073943520706769 0.5510410963122324]
 [1.5293398097118553 4 6 3 0.5318664243946635 0.6836593988772659
  1.4321897041000367 1.3549153844511588 1.4777087524619001]
 [-1.0336791443104363 5 3 4 0.32240617192354154 -1.1129173840402213
  -1.2065775097675413 -1.2258119892433619 -1.1864607589683949]] 
 
 
Val : (17260, 9) 
 

FINISHED ENCODING
~~~~~~~~~~~~~~~~~~~~~~~~~~~~~~~~~~~~~~~~~~~~~~~~~~~~~~~~~~~~~~~~~~~~~~~~~~~~~~~


~~~~~~~~~~~~~~~~~~~~~~~~~~~~~~~~~~~~~~~~~~~~~~~~~~~~~~~~~~~~~~~~~~~~~~~~~~~~~~~
Test numpy array issues
X dtype: object
X Val dtype: object
X dtype: float32
X Val dtype: float32
After Debugging -- Inner Fold 1
DEBUG Inner Fold 1: num_features: 9
DEBUG Inner Fold 1: num_classes: 1
DEBUG Inner Fold 1: cat_idx: [1, 2, 3]
DEBUG Inner Fold 1: nominal_idx: None
DEBUG Inner Fold 1: ordinal_idx: [1, 2, 3]
DEBUG Inner Fold 1: num_idx: [0, 4, 5, 6, 7, 8]
DEBUG Inner Fold 1: cat_dims: [6, 8, 9]
DEBUG Inner Fold 1: bin_alt: None
In get_device
On Device: cuda
**** Data b4 Fitting ****
Train Data b4 training...
X: <class 'numpy.ndarray'> , y : (<class 'numpy.ndarray'>,), X_val: <class 'numpy.ndarray'> , y : <class 'numpy.ndarray'>

Train Data after...
X: <class 'torch.Tensor'> , y : (<class 'torch.Tensor'>,), X_val: <class 'torch.Tensor'> , y : <class 'torch.Tensor'>

Inner Fold 1 Results: {'MSE - mean': 31751201.052296422, 'MSE - std': 0.0, 'R2 - mean': -0.9670545140448026, 'R2 - std': 0.0}
  outer_2_inner Fold 2/5
Before Debugging -- Inner Fold 2
DEBUG Inner Fold 2: num_features: 9
DEBUG Inner Fold 2: num_classes: 1
DEBUG Inner Fold 2: cat_idx: [0]
DEBUG Inner Fold 2: nominal_idx: None
DEBUG Inner Fold 2: ordinal_idx: [1, 2, 3]
DEBUG Inner Fold 2: num_idx: None
DEBUG Inner Fold 2: cat_dims: [2]
DEBUG Inner Fold 2: bin_alt: None
~~~~~~~~~~~~~~~~~~~~~~~~~~~~~~~~~~~~~~~~~~~~~~~~~~~~~~~~~~~~~~~~~~~~~~~~~~~~~~~
BEFORE ANY ENCODING
num_features :9
num_classes : 1
cat_idx : [0]
nominal_idx : None
ordinal_idx : [1, 2, 3]
num_idx : None
cat_dims : [2]
bin_alt : None 


X_train shape : (17261, 9)
~~~~~~~~~~~~~~~~~~~~~~~~~~~~~~~~~~~~~~~~~~~~~~~~~~~~~~~~~~~~~~~~~~~~~~~~~~~~~~~
~~~~~~~~~~~~~~~~~~~~~~~~~~~~~~~~~~~~~~~~~~~~~~~~~~~~~~~~~~~~~~~~~~~~~~~~~~~~~~~
AFTER getting cat idx
Nominal Index : None
Ordinal Index : [1, 2, 3]
Cat Idx : [0]
Cat dims : [2]
~~~~~~~~~~~~~~~~~~~~~~~~~~~~~~~~~~~~~~~~~~~~~~~~~~~~~~~~~~~~~~~~~~~~~~~~~~~~~~~
BEFORE getting cat idx
Nominal Index : None
Ordinal Index : [1, 2, 3]
Cat Idx : [1, 2, 3]
Cat dims : []
~~~~~~~~~~~~~~~~~~~~~~~~~~~~~~~~~~~~~~~~~~~~~~~~~~~~~~~~~~~~~~~~~~~~~~~~~~~~~~~ 


AFTER SEPARATING CATEGORICALS AND NUMERICALS
Ordinal Index : [1, 2, 3]
Numerical Index V1 : [0, 4, 5, 6, 7, 8]
Cat Idx V1 : [1, 2, 3] 
Cat Dims V1 : []
 

~~~~~~~~~~~~~~~~~~~~~~~~~~~~~~~~~~~~~~~~~~~~~~~~~~~~~~~~~~~~~~~~~~~~~~~~~~~~~~~ 


Scaling the data...
~~~~~~~~~~~~~~~~~~~~~~~~~~~~~~~~~~~~~~~~~~~~~~~~~~~~~~~~~~~~~~~~~~~~~~~~~~~~~~~
After OHE
Numerical Index V2 : [0, 4, 5, 6, 7, 8] 


OHE Idx : None


Ordinal Idx V2: [1, 2, 3]


Cat Dims V2 : []
Cat Idx V2 : [1, 2, 3] 
 

Train: [[0.6169811862022413 'Very Good' 'I' 'SI1' 1.0050571338200192]
 [-1.199925196517285 'Ideal' 'G' 'VVS1' -0.16840263626641364]
 [0.46909345737623326 'Premium' 'F' 'VS1' 0.10770554493039264]
 [0.8493761886431107 'Very Good' 'H' 'VS2' 1.0050571338200192]
 [1.4831807407545734 'Very Good' 'E' 'VS2' -1.5489435422504498]
 [-0.6083742812132532 'Ideal' 'F' 'VS2' -0.789646043959229]
 [0.25782527333907906 'Good' 'E' 'SI2' 0.03867849963118984]
 [0.4479666389725178 'Premium' 'E' 'VS1' -0.6515919533608283]
 [1.5254343775620043 'Premium' 'E' 'SI1' 0.5218678167256044]
 [-1.0309106492875617 'Ideal' 'H' 'VS2' 0.31478668082800104]] 
 
 
Val : (17261, 9) 
 

~~~~~~~~~~~~~~~~~~~~~~~~~~~~~~~~~~~~~~~~~~~~~~~~~~~~~~~~~~~~~~~~~~~~~~~~~~~~~~~
Ordinal Encoding...
Cat Idx V3 : [1, 2, 3] 
 

~~~~~~~~~~~~~~~~~~~~~~~~~~~~~~~~~~~~~~~~~~~~~~~~~~~~~~~~~~~~~~~~~~~~~~~~~~~~~~~
After ORDINAL
Numerical Index V2 : [0, 4, 5, 6, 7, 8] 


OHE Idx : None


Ordinal Idx V2: [1, 2, 3]


Cat Dims V2 : [6, 8, 9]
Cat Idx V2 : [1, 2, 3] 
 

Train: [[0.6169811862022413 3 2 3 1.0050571338200192 0.6913449933841491
  0.7230057830425559 0.6781689995334108 0.7984659753915058]
 [-1.199925196517285 5 4 7 -0.16840263626641364 -0.2113358941299903
  -1.6059022107800582 -1.5684457398770404 -1.528193961665881]
 [0.46909345737623326 4 5 5 0.10770554493039264 0.2400045496270794
  0.6423897371025425 0.6781689995334108 0.6470265712043382]
 [0.8493761886431107 3 3 4 1.0050571338200192 -1.5653572254011994
  0.8931952133603627 0.926806203895042 1.004974253828551]
 [1.4831807407545734 3 6 4 -1.5489435422504498 0.2400045496270794
  1.529166242442692 1.5483992147991197 1.239016969390538]
 [-0.6083742812132532 5 5 4 -0.789646043959229 -0.66267633788706
  -0.4862349060576472 -0.5028577211843364 -0.5507214437305292]
 [0.25782527333907906 2 6 2 0.03867849963118984 0.6913449933841491
  0.33784023021804693 0.4028920947044626 0.3579149813924735]
 [0.4479666389725178 4 6 5 -0.6515919533608283 0.6913449933841491
  0.6513470755403216 0.6071297982872305 0.5231216041421106]
 [1.5254343775620043 4 6 3 0.5218678167256044 0.6913449933841491
  1.4306355196271194 1.3530414113721232 1.4042235921401738]
 [-1.0309106492875617 5 3 4 0.31478668082800104 -1.1140167816441298
  -1.2028219810799905 -1.2221296338019114 -1.1289446233542584]] 
 
 
Val : (17261, 9) 
 

FINISHED ENCODING
~~~~~~~~~~~~~~~~~~~~~~~~~~~~~~~~~~~~~~~~~~~~~~~~~~~~~~~~~~~~~~~~~~~~~~~~~~~~~~~


~~~~~~~~~~~~~~~~~~~~~~~~~~~~~~~~~~~~~~~~~~~~~~~~~~~~~~~~~~~~~~~~~~~~~~~~~~~~~~~
Test numpy array issues
X dtype: object
X Val dtype: object
X dtype: float32
X Val dtype: float32
After Debugging -- Inner Fold 2
DEBUG Inner Fold 2: num_features: 9
DEBUG Inner Fold 2: num_classes: 1
DEBUG Inner Fold 2: cat_idx: [1, 2, 3]
DEBUG Inner Fold 2: nominal_idx: None
DEBUG Inner Fold 2: ordinal_idx: [1, 2, 3]
DEBUG Inner Fold 2: num_idx: [0, 4, 5, 6, 7, 8]
DEBUG Inner Fold 2: cat_dims: [6, 8, 9]
DEBUG Inner Fold 2: bin_alt: None
In get_device
On Device: cuda
**** Data b4 Fitting ****
Train Data b4 training...
X: <class 'numpy.ndarray'> , y : (<class 'numpy.ndarray'>,), X_val: <class 'numpy.ndarray'> , y : <class 'numpy.ndarray'>

Train Data after...
X: <class 'torch.Tensor'> , y : (<class 'torch.Tensor'>,), X_val: <class 'torch.Tensor'> , y : <class 'torch.Tensor'>

Inner Fold 2 Results: {'MSE - mean': 31770459.25823412, 'MSE - std': 19258.205937700346, 'R2 - mean': -0.9796278487847954, 'R2 - std': 0.01257333473999278}
  outer_2_inner Fold 3/5
Before Debugging -- Inner Fold 3
DEBUG Inner Fold 3: num_features: 9
DEBUG Inner Fold 3: num_classes: 1
DEBUG Inner Fold 3: cat_idx: [0]
DEBUG Inner Fold 3: nominal_idx: None
DEBUG Inner Fold 3: ordinal_idx: [1, 2, 3]
DEBUG Inner Fold 3: num_idx: None
DEBUG Inner Fold 3: cat_dims: [2]
DEBUG Inner Fold 3: bin_alt: None
~~~~~~~~~~~~~~~~~~~~~~~~~~~~~~~~~~~~~~~~~~~~~~~~~~~~~~~~~~~~~~~~~~~~~~~~~~~~~~~
BEFORE ANY ENCODING
num_features :9
num_classes : 1
cat_idx : [0]
nominal_idx : None
ordinal_idx : [1, 2, 3]
num_idx : None
cat_dims : [2]
bin_alt : None 


X_train shape : (17261, 9)
~~~~~~~~~~~~~~~~~~~~~~~~~~~~~~~~~~~~~~~~~~~~~~~~~~~~~~~~~~~~~~~~~~~~~~~~~~~~~~~
~~~~~~~~~~~~~~~~~~~~~~~~~~~~~~~~~~~~~~~~~~~~~~~~~~~~~~~~~~~~~~~~~~~~~~~~~~~~~~~
AFTER getting cat idx
Nominal Index : None
Ordinal Index : [1, 2, 3]
Cat Idx : [0]
Cat dims : [2]
~~~~~~~~~~~~~~~~~~~~~~~~~~~~~~~~~~~~~~~~~~~~~~~~~~~~~~~~~~~~~~~~~~~~~~~~~~~~~~~
BEFORE getting cat idx
Nominal Index : None
Ordinal Index : [1, 2, 3]
Cat Idx : [1, 2, 3]
Cat dims : []
~~~~~~~~~~~~~~~~~~~~~~~~~~~~~~~~~~~~~~~~~~~~~~~~~~~~~~~~~~~~~~~~~~~~~~~~~~~~~~~ 


AFTER SEPARATING CATEGORICALS AND NUMERICALS
Ordinal Index : [1, 2, 3]
Numerical Index V1 : [0, 4, 5, 6, 7, 8]
Cat Idx V1 : [1, 2, 3] 
Cat Dims V1 : []
 

~~~~~~~~~~~~~~~~~~~~~~~~~~~~~~~~~~~~~~~~~~~~~~~~~~~~~~~~~~~~~~~~~~~~~~~~~~~~~~~ 


Scaling the data...
~~~~~~~~~~~~~~~~~~~~~~~~~~~~~~~~~~~~~~~~~~~~~~~~~~~~~~~~~~~~~~~~~~~~~~~~~~~~~~~
After OHE
Numerical Index V2 : [0, 4, 5, 6, 7, 8] 


OHE Idx : None


Ordinal Idx V2: [1, 2, 3]


Cat Dims V2 : []
Cat Idx V2 : [1, 2, 3] 
 

Train: [[0.6072843181424744 'Very Good' 'I' 'SI1' 1.0078898873043258]
 [-1.205889028001656 'Ideal' 'G' 'VVS1' -0.17010999663284473]
 [0.45970044113074277 'Premium' 'F' 'VS1' 0.10706644664648807]
 [0.8392018391609095 'Very Good' 'H' 'VS2' 1.0078898873043258]
 [-0.21496871092288725 'Good' 'H' 'VVS2' 0.24565466828615692]
 [1.4717041692111876 'Very Good' 'E' 'VS2' -1.5559922130295136]
 [-0.61555351995473 'Ideal' 'F' 'VS2' -0.7937569940113448]
 [0.24886633111398349 'Good' 'E' 'SI2' 0.03777233582665363]
 [-0.17280188891953535 'Very Good' 'J' 'VS2' 1.0078898873043258]
 [0.43861703012906683 'Premium' 'E' 'VS1' -0.6551687723716808]] 
 
 
Val : (17261, 9) 
 

~~~~~~~~~~~~~~~~~~~~~~~~~~~~~~~~~~~~~~~~~~~~~~~~~~~~~~~~~~~~~~~~~~~~~~~~~~~~~~~
Ordinal Encoding...
Cat Idx V3 : [1, 2, 3] 
 

~~~~~~~~~~~~~~~~~~~~~~~~~~~~~~~~~~~~~~~~~~~~~~~~~~~~~~~~~~~~~~~~~~~~~~~~~~~~~~~
After ORDINAL
Numerical Index V2 : [0, 4, 5, 6, 7, 8] 


OHE Idx : None


Ordinal Idx V2: [1, 2, 3]


Cat Dims V2 : [6, 8, 9]
Cat Idx V2 : [1, 2, 3] 
 

Train: [[0.6072843181424744 3 2 3 1.0078898873043258 0.6805074009227426
  0.712616734045217 0.6806158086515192 0.7897544840976937]
 [-1.205889028001656 5 4 7 -0.17010999663284473 -0.21712844320750932
  -1.6103673028161334 -1.5971196738002342 -1.5365665431185256]
 [0.45970044113074277 4 5 5 0.10706644664648807 0.23168947885761665
  0.6322057481538627 0.6806158086515192 0.6383371391309571]
 [0.8392018391609095 3 3 4 1.0078898873043258 -1.5635822094028873
  0.8823732598158545 0.9326972059189071 0.9962326817796059]
 [-0.21496871092288725 2 3 6 0.24565466828615692 2.9245970112483723
  -0.10936223284418382 -0.08463129019590757 -0.06368873298754671]
 [1.4717041692111876 3 6 4 -1.5559922130295136 0.23168947885761665
  1.5167265929587614 1.5629006990873766 1.2302413058191084]
 [-0.61555351995473 5 5 4 -0.7937569940113448 -0.6659463652726353
  -0.4935480543250992 -0.5167708283685727 -0.5592364074241376]
 [0.24886633111398349 2 6 2 0.03777233582665363 0.6805074009227426
  0.32843091256430157 0.4015256902483403 0.349267662376279]
 [-0.17280188891953535 3 1 4 1.0078898873043258 1.1293253229878686
  0.024656076974739743 -0.03961675496958848 0.11525903833677771]
 [0.43861703012906683 4 6 5 -0.6551687723716808 0.6805074009227426
  0.6411403021417907 0.6085925522894083 0.5144502205218094]] 
 
 
Val : (17261, 9) 
 

FINISHED ENCODING
~~~~~~~~~~~~~~~~~~~~~~~~~~~~~~~~~~~~~~~~~~~~~~~~~~~~~~~~~~~~~~~~~~~~~~~~~~~~~~~


~~~~~~~~~~~~~~~~~~~~~~~~~~~~~~~~~~~~~~~~~~~~~~~~~~~~~~~~~~~~~~~~~~~~~~~~~~~~~~~
Test numpy array issues
X dtype: object
X Val dtype: object
X dtype: float32
X Val dtype: float32
After Debugging -- Inner Fold 3
DEBUG Inner Fold 3: num_features: 9
DEBUG Inner Fold 3: num_classes: 1
DEBUG Inner Fold 3: cat_idx: [1, 2, 3]
DEBUG Inner Fold 3: nominal_idx: None
DEBUG Inner Fold 3: ordinal_idx: [1, 2, 3]
DEBUG Inner Fold 3: num_idx: [0, 4, 5, 6, 7, 8]
DEBUG Inner Fold 3: cat_dims: [6, 8, 9]
DEBUG Inner Fold 3: bin_alt: None
In get_device
On Device: cuda
**** Data b4 Fitting ****
Train Data b4 training...
X: <class 'numpy.ndarray'> , y : (<class 'numpy.ndarray'>,), X_val: <class 'numpy.ndarray'> , y : <class 'numpy.ndarray'>

Train Data after...
X: <class 'torch.Tensor'> , y : (<class 'torch.Tensor'>,), X_val: <class 'torch.Tensor'> , y : <class 'torch.Tensor'>

Inner Fold 3 Results: {'MSE - mean': 30856086.98345339, 'MSE - std': 1293213.2717019327, 'R2 - mean': -0.9707128737042243, 'R2 - std': 0.016258722552228537}
  outer_2_inner Fold 4/5
Before Debugging -- Inner Fold 4
DEBUG Inner Fold 4: num_features: 9
DEBUG Inner Fold 4: num_classes: 1
DEBUG Inner Fold 4: cat_idx: [0]
DEBUG Inner Fold 4: nominal_idx: None
DEBUG Inner Fold 4: ordinal_idx: [1, 2, 3]
DEBUG Inner Fold 4: num_idx: None
DEBUG Inner Fold 4: cat_dims: [2]
DEBUG Inner Fold 4: bin_alt: None
~~~~~~~~~~~~~~~~~~~~~~~~~~~~~~~~~~~~~~~~~~~~~~~~~~~~~~~~~~~~~~~~~~~~~~~~~~~~~~~
BEFORE ANY ENCODING
num_features :9
num_classes : 1
cat_idx : [0]
nominal_idx : None
ordinal_idx : [1, 2, 3]
num_idx : None
cat_dims : [2]
bin_alt : None 


X_train shape : (17261, 9)
~~~~~~~~~~~~~~~~~~~~~~~~~~~~~~~~~~~~~~~~~~~~~~~~~~~~~~~~~~~~~~~~~~~~~~~~~~~~~~~
~~~~~~~~~~~~~~~~~~~~~~~~~~~~~~~~~~~~~~~~~~~~~~~~~~~~~~~~~~~~~~~~~~~~~~~~~~~~~~~
AFTER getting cat idx
Nominal Index : None
Ordinal Index : [1, 2, 3]
Cat Idx : [0]
Cat dims : [2]
~~~~~~~~~~~~~~~~~~~~~~~~~~~~~~~~~~~~~~~~~~~~~~~~~~~~~~~~~~~~~~~~~~~~~~~~~~~~~~~
BEFORE getting cat idx
Nominal Index : None
Ordinal Index : [1, 2, 3]
Cat Idx : [1, 2, 3]
Cat dims : []
~~~~~~~~~~~~~~~~~~~~~~~~~~~~~~~~~~~~~~~~~~~~~~~~~~~~~~~~~~~~~~~~~~~~~~~~~~~~~~~ 


AFTER SEPARATING CATEGORICALS AND NUMERICALS
Ordinal Index : [1, 2, 3]
Numerical Index V1 : [0, 4, 5, 6, 7, 8]
Cat Idx V1 : [1, 2, 3] 
Cat Dims V1 : []
 

~~~~~~~~~~~~~~~~~~~~~~~~~~~~~~~~~~~~~~~~~~~~~~~~~~~~~~~~~~~~~~~~~~~~~~~~~~~~~~~ 


Scaling the data...
~~~~~~~~~~~~~~~~~~~~~~~~~~~~~~~~~~~~~~~~~~~~~~~~~~~~~~~~~~~~~~~~~~~~~~~~~~~~~~~
After OHE
Numerical Index V2 : [0, 4, 5, 6, 7, 8] 


OHE Idx : None


Ordinal Idx V2: [1, 2, 3]


Cat Dims V2 : []
Cat Idx V2 : [1, 2, 3] 
 

Train: [[0.6108816158222454 'Very Good' 'I' 'SI1' 1.0085131122693196]
 [-1.2012558522409988 'Ideal' 'G' 'VVS1' -0.16166246098539674]
 [0.46338205446826025 'Premium' 'F' 'VS1' 0.11367296801571154]
 [0.8426666408070786 'Very Good' 'H' 'VS2' 1.0085131122693196]
 [-0.21090165457852839 'Good' 'H' 'VVS2' 0.2513406825162681]
 [1.474807618038443 'Very Good' 'E' 'VS2' -1.5383396059909429]
 [0.2526683953911389 'Good' 'E' 'SI2' 0.044839110765433246]
 [-0.16875892276310406 'Very Good' 'J' 'VS2' 1.0085131122693196]
 [0.4423106885605481 'Premium' 'E' 'VS1' -0.6434994617373399]
 [-1.0326849249793018 'Ideal' 'H' 'VS2' 0.3201745397665464]] 
 
 
Val : (17261, 9) 
 

~~~~~~~~~~~~~~~~~~~~~~~~~~~~~~~~~~~~~~~~~~~~~~~~~~~~~~~~~~~~~~~~~~~~~~~~~~~~~~~
Ordinal Encoding...
Cat Idx V3 : [1, 2, 3] 
 

~~~~~~~~~~~~~~~~~~~~~~~~~~~~~~~~~~~~~~~~~~~~~~~~~~~~~~~~~~~~~~~~~~~~~~~~~~~~~~~
After ORDINAL
Numerical Index V2 : [0, 4, 5, 6, 7, 8] 


OHE Idx : None


Ordinal Idx V2: [1, 2, 3]


Cat Dims V2 : [6, 8, 9]
Cat Idx V2 : [1, 2, 3] 
 

Train: [[0.6108816158222454 3 2 3 1.0085131122693196 0.6738845388275362
  0.7169572121113307 0.6730546494904568 0.7945138167943704]
 [-1.2012558522409988 5 4 7 -0.16166246098539674 -0.22079259027174855
  -1.6096441459481101 -1.5723305321824272 -1.5319426561603493]
 [0.46338205446826025 4 5 5 0.11367296801571154 0.22654597427789383
  0.6364210112554272 0.6730546494904568 0.6430876558328201]
 [0.8426666408070786 3 3 4 1.0085131122693196 -1.5628082839206758
  0.8869780805849056 0.9215557763159146 1.001004036287392]
 [-0.21090165457852839 2 3 6 0.2513406825162681 2.910577361575748
  -0.10630172997124059 -0.08132377122968183 -0.05897909044345597]
 [1.474807618038443 3 6 4 -1.5383396059909429 0.22654597427789383
  1.5223192206703682 1.5428085933795586 1.235026285046152]
 [0.2526683953911389 2 6 2 0.044839110765433246 0.6738845388275362
  0.33217314135534654 0.3979284019337006 0.3540013485425887]
 [-0.16875892276310406 3 1 4 1.0085131122693196 1.1212231033771787
  0.02792527145526514 -0.03694857001085029 0.11997909978383]
 [0.4423106885605481 4 6 5 -0.6434994617373399 0.6738845388275362
  0.645369478017194 0.602054327540326 0.5191935241370068]
 [-1.0326849249793018 5 3 4 0.3201745397665464 -1.1154697193710332
  -1.2069631416685918 -1.2262039626755397 -1.1327282318071725]] 
 
 
Val : (17261, 9) 
 

FINISHED ENCODING
~~~~~~~~~~~~~~~~~~~~~~~~~~~~~~~~~~~~~~~~~~~~~~~~~~~~~~~~~~~~~~~~~~~~~~~~~~~~~~~


~~~~~~~~~~~~~~~~~~~~~~~~~~~~~~~~~~~~~~~~~~~~~~~~~~~~~~~~~~~~~~~~~~~~~~~~~~~~~~~
Test numpy array issues
X dtype: object
X Val dtype: object
X dtype: float32
X Val dtype: float32
After Debugging -- Inner Fold 4
DEBUG Inner Fold 4: num_features: 9
DEBUG Inner Fold 4: num_classes: 1
DEBUG Inner Fold 4: cat_idx: [1, 2, 3]
DEBUG Inner Fold 4: nominal_idx: None
DEBUG Inner Fold 4: ordinal_idx: [1, 2, 3]
DEBUG Inner Fold 4: num_idx: [0, 4, 5, 6, 7, 8]
DEBUG Inner Fold 4: cat_dims: [6, 8, 9]
DEBUG Inner Fold 4: bin_alt: None
In get_device
On Device: cuda
**** Data b4 Fitting ****
Train Data b4 training...
X: <class 'numpy.ndarray'> , y : (<class 'numpy.ndarray'>,), X_val: <class 'numpy.ndarray'> , y : <class 'numpy.ndarray'>

Train Data after...
X: <class 'torch.Tensor'> , y : (<class 'torch.Tensor'>,), X_val: <class 'torch.Tensor'> , y : <class 'torch.Tensor'>

Inner Fold 4 Results: {'MSE - mean': 30873267.61081558, 'MSE - std': 1120350.814008357, 'R2 - mean': -0.9692899230972705, 'R2 - std': 0.01429454125050014}
  outer_2_inner Fold 5/5
Before Debugging -- Inner Fold 5
DEBUG Inner Fold 5: num_features: 9
DEBUG Inner Fold 5: num_classes: 1
DEBUG Inner Fold 5: cat_idx: [0]
DEBUG Inner Fold 5: nominal_idx: None
DEBUG Inner Fold 5: ordinal_idx: [1, 2, 3]
DEBUG Inner Fold 5: num_idx: None
DEBUG Inner Fold 5: cat_dims: [2]
DEBUG Inner Fold 5: bin_alt: None
~~~~~~~~~~~~~~~~~~~~~~~~~~~~~~~~~~~~~~~~~~~~~~~~~~~~~~~~~~~~~~~~~~~~~~~~~~~~~~~
BEFORE ANY ENCODING
num_features :9
num_classes : 1
cat_idx : [0]
nominal_idx : None
ordinal_idx : [1, 2, 3]
num_idx : None
cat_dims : [2]
bin_alt : None 


X_train shape : (17261, 9)
~~~~~~~~~~~~~~~~~~~~~~~~~~~~~~~~~~~~~~~~~~~~~~~~~~~~~~~~~~~~~~~~~~~~~~~~~~~~~~~
~~~~~~~~~~~~~~~~~~~~~~~~~~~~~~~~~~~~~~~~~~~~~~~~~~~~~~~~~~~~~~~~~~~~~~~~~~~~~~~
AFTER getting cat idx
Nominal Index : None
Ordinal Index : [1, 2, 3]
Cat Idx : [0]
Cat dims : [2]
~~~~~~~~~~~~~~~~~~~~~~~~~~~~~~~~~~~~~~~~~~~~~~~~~~~~~~~~~~~~~~~~~~~~~~~~~~~~~~~
BEFORE getting cat idx
Nominal Index : None
Ordinal Index : [1, 2, 3]
Cat Idx : [1, 2, 3]
Cat dims : []
~~~~~~~~~~~~~~~~~~~~~~~~~~~~~~~~~~~~~~~~~~~~~~~~~~~~~~~~~~~~~~~~~~~~~~~~~~~~~~~ 


AFTER SEPARATING CATEGORICALS AND NUMERICALS
Ordinal Index : [1, 2, 3]
Numerical Index V1 : [0, 4, 5, 6, 7, 8]
Cat Idx V1 : [1, 2, 3] 
Cat Dims V1 : []
 

~~~~~~~~~~~~~~~~~~~~~~~~~~~~~~~~~~~~~~~~~~~~~~~~~~~~~~~~~~~~~~~~~~~~~~~~~~~~~~~ 


Scaling the data...
~~~~~~~~~~~~~~~~~~~~~~~~~~~~~~~~~~~~~~~~~~~~~~~~~~~~~~~~~~~~~~~~~~~~~~~~~~~~~~~
After OHE
Numerical Index V2 : [0, 4, 5, 6, 7, 8] 


OHE Idx : None


Ordinal Idx V2: [1, 2, 3]


Cat Dims V2 : []
Cat Idx V2 : [1, 2, 3] 
 

Train: [[0.4679925617898262 'Premium' 'F' 'VS1' 0.10629854407086942]
 [-0.2084735110698812 'Good' 'H' 'VVS2' 0.24545285518591095]
 [-0.6101252418303322 'Ideal' 'F' 'VS2' -0.7982044781768859]
 [0.2565969140211677 'Good' 'E' 'SI2' 0.036721388513348635]
 [-0.1661943815161495 'Very Good' 'J' 'VS2' 1.0108015663186296]
 [1.5249708006331186 'Premium' 'E' 'SI1' 0.5237614774159891]
 [0.6793882095584849 'Premium' 'G' 'SI2' -0.5198958559468077]
 [-0.5255669827228688 'Good' 'H' 'SI1' 1.2891101885487077]
 [-0.6312648066071982 'Very Good' 'G' 'SI1' -1.7027075004246461]
 [-0.1450548167392836 'Very Good' 'I' 'VS1' 0.45418432185846835]] 
 
 
Val : (17261, 9) 
 

~~~~~~~~~~~~~~~~~~~~~~~~~~~~~~~~~~~~~~~~~~~~~~~~~~~~~~~~~~~~~~~~~~~~~~~~~~~~~~~
Ordinal Encoding...
Cat Idx V3 : [1, 2, 3] 
 

~~~~~~~~~~~~~~~~~~~~~~~~~~~~~~~~~~~~~~~~~~~~~~~~~~~~~~~~~~~~~~~~~~~~~~~~~~~~~~~
After ORDINAL
Numerical Index V2 : [0, 4, 5, 6, 7, 8] 


OHE Idx : None


Ordinal Idx V2: [1, 2, 3]


Cat Dims V2 : [6, 8, 9]
Cat Idx V2 : [1, 2, 3] 
 

Train: [[0.4679925617898262 4 5 5 0.10629854407086942 0.23235749511491352
  0.6411197948022186 0.67710756903109 0.6462295613896554]
 [-0.2084735110698812 2 3 6 0.24545285518591095 2.9241177120132624
  -0.1021412403809533 -0.07757371710048366 -0.05580390548888506]
 [-0.6101252418303322 5 5 4 -0.7982044781768859 -0.6648959105178694
  -0.48720418631922274 -0.503746678680667 -0.5513569409325607]
 [0.2565969140211677 2 6 2 0.036721388513348635 0.680984197931305
  0.33665141894405193 0.4018708646772222 0.3571569573808445]
 [-0.1661943815161495 3 1 4 1.0108015663186296 1.1296109007476964
  0.032183043085884495 -0.03318070026921476 0.12314580175466439]
 [1.5249708006331186 4 6 3 0.5237614774159891 0.680984197931305
  1.429155591141003 1.3518814248663795 1.4033244766508264]
 [0.6793882095584849 4 4 2 -0.5198958559468077 1.1296109007476964
  0.8649936005802823 0.8014080161586431 0.7288217339636021]
 [-0.5255669827228688 2 3 3 1.2891101885487077 -1.113522613334261
  -0.49615913855034594 -0.45047505848314373 -0.3173457853063805]
 [-0.6312648066071982 3 4 3 -1.7027075004246461 0.23235749511491352
  -0.48720418631922274 -0.4415964551168901 -0.6201837514108494]
 [-0.1450548167392836 3 2 5 0.45418432185846835 -0.6648959105178694
  -0.012591718069728104 0.020090919928307763 0.05431899127637632]] 
 
 
Val : (17261, 9) 
 

FINISHED ENCODING
~~~~~~~~~~~~~~~~~~~~~~~~~~~~~~~~~~~~~~~~~~~~~~~~~~~~~~~~~~~~~~~~~~~~~~~~~~~~~~~


~~~~~~~~~~~~~~~~~~~~~~~~~~~~~~~~~~~~~~~~~~~~~~~~~~~~~~~~~~~~~~~~~~~~~~~~~~~~~~~
Test numpy array issues
X dtype: object
X Val dtype: object
X dtype: float32
X Val dtype: float32
After Debugging -- Inner Fold 5
DEBUG Inner Fold 5: num_features: 9
DEBUG Inner Fold 5: num_classes: 1
DEBUG Inner Fold 5: cat_idx: [1, 2, 3]
DEBUG Inner Fold 5: nominal_idx: None
DEBUG Inner Fold 5: ordinal_idx: [1, 2, 3]
DEBUG Inner Fold 5: num_idx: [0, 4, 5, 6, 7, 8]
DEBUG Inner Fold 5: cat_dims: [6, 8, 9]
DEBUG Inner Fold 5: bin_alt: None
In get_device
On Device: cuda
**** Data b4 Fitting ****
Train Data b4 training...
X: <class 'numpy.ndarray'> , y : (<class 'numpy.ndarray'>,), X_val: <class 'numpy.ndarray'> , y : <class 'numpy.ndarray'>

Train Data after...
X: <class 'torch.Tensor'> , y : (<class 'torch.Tensor'>,), X_val: <class 'torch.Tensor'> , y : <class 'torch.Tensor'>

Inner Fold 5 Results: {'MSE - mean': 31094040.55424682, 'MSE - std': 1095039.509499324, 'R2 - mean': -0.9689630038822964, 'R2 - std': 0.012802133897998308}
Trial Results B4 Saving: {'MSE - mean': 31094040.55424682, 'MSE - std': 1095039.509499324, 'R2 - mean': -0.9689630038822964, 'R2 - std': 0.012802133897998308}
Score: 31094040.55424682
  outer_2_inner Fold 1/5
Before Debugging -- Inner Fold 1
DEBUG Inner Fold 1: num_features: 9
DEBUG Inner Fold 1: num_classes: 1
DEBUG Inner Fold 1: cat_idx: [0]
DEBUG Inner Fold 1: nominal_idx: None
DEBUG Inner Fold 1: ordinal_idx: [1, 2, 3]
DEBUG Inner Fold 1: num_idx: None
DEBUG Inner Fold 1: cat_dims: [2]
DEBUG Inner Fold 1: bin_alt: None
~~~~~~~~~~~~~~~~~~~~~~~~~~~~~~~~~~~~~~~~~~~~~~~~~~~~~~~~~~~~~~~~~~~~~~~~~~~~~~~
BEFORE ANY ENCODING
num_features :9
num_classes : 1
cat_idx : [0]
nominal_idx : None
ordinal_idx : [1, 2, 3]
num_idx : None
cat_dims : [2]
bin_alt : None 


X_train shape : (17260, 9)
~~~~~~~~~~~~~~~~~~~~~~~~~~~~~~~~~~~~~~~~~~~~~~~~~~~~~~~~~~~~~~~~~~~~~~~~~~~~~~~
~~~~~~~~~~~~~~~~~~~~~~~~~~~~~~~~~~~~~~~~~~~~~~~~~~~~~~~~~~~~~~~~~~~~~~~~~~~~~~~
AFTER getting cat idx
Nominal Index : None
Ordinal Index : [1, 2, 3]
Cat Idx : [0]
Cat dims : [2]
~~~~~~~~~~~~~~~~~~~~~~~~~~~~~~~~~~~~~~~~~~~~~~~~~~~~~~~~~~~~~~~~~~~~~~~~~~~~~~~
BEFORE getting cat idx
Nominal Index : None
Ordinal Index : [1, 2, 3]
Cat Idx : [1, 2, 3]
Cat dims : []
~~~~~~~~~~~~~~~~~~~~~~~~~~~~~~~~~~~~~~~~~~~~~~~~~~~~~~~~~~~~~~~~~~~~~~~~~~~~~~~ 


AFTER SEPARATING CATEGORICALS AND NUMERICALS
Ordinal Index : [1, 2, 3]
Numerical Index V1 : [0, 4, 5, 6, 7, 8]
Cat Idx V1 : [1, 2, 3] 
Cat Dims V1 : []
 

~~~~~~~~~~~~~~~~~~~~~~~~~~~~~~~~~~~~~~~~~~~~~~~~~~~~~~~~~~~~~~~~~~~~~~~~~~~~~~~ 


Scaling the data...
~~~~~~~~~~~~~~~~~~~~~~~~~~~~~~~~~~~~~~~~~~~~~~~~~~~~~~~~~~~~~~~~~~~~~~~~~~~~~~~
After OHE
Numerical Index V2 : [0, 4, 5, 6, 7, 8] 


OHE Idx : None


Ordinal Idx V2: [1, 2, 3]


Cat Dims V2 : []
Cat Idx V2 : [1, 2, 3] 
 

Train: [[0.6185148921667437 'Very Good' 'I' 'SI1' 1.0206070134939544]
 [-1.2031349429234803 'Ideal' 'G' 'VVS1' -0.1663344171757495]
 [0.851516615259679 'Very Good' 'H' 'VS2' 1.0206070134939544]
 [-0.20758212607184648 'Good' 'H' 'VVS2' 0.25258608776649927]
 [1.4869758600585943 'Very Good' 'E' 'VS2' -1.5627361003165754]
 [-0.610039647777826 'Ideal' 'F' 'VS2' -0.7947151745891201]
 [-0.1652181764185854 'Very Good' 'J' 'VS2' 1.0206070134939544]
 [0.44905909355369944 'Premium' 'E' 'VS1' -0.6550750062750406]
 [1.5293398097118553 'Premium' 'E' 'SI1' 0.5318664243946635]
 [-1.0336791443104363 'Ideal' 'H' 'VS2' 0.32240617192354154]] 
 
 
Val : (17260, 9) 
 

~~~~~~~~~~~~~~~~~~~~~~~~~~~~~~~~~~~~~~~~~~~~~~~~~~~~~~~~~~~~~~~~~~~~~~~~~~~~~~~
Ordinal Encoding...
Cat Idx V3 : [1, 2, 3] 
 

~~~~~~~~~~~~~~~~~~~~~~~~~~~~~~~~~~~~~~~~~~~~~~~~~~~~~~~~~~~~~~~~~~~~~~~~~~~~~~~
After ORDINAL
Numerical Index V2 : [0, 4, 5, 6, 7, 8] 


OHE Idx : None


Ordinal Idx V2: [1, 2, 3]


Cat Dims V2 : [6, 8, 9]
Cat Idx V2 : [1, 2, 3] 
 

Train: [[0.6185148921667437 3 2 3 1.0206070134939544 0.6836593988772659
  0.7231332078567079 0.6785868313450086 0.840624738859004]
 [-1.2031349429234803 5 4 7 -0.1663344171757495 -0.21462899258147766
  -1.6104704506656398 -1.5728753257057286 -1.606357040661213]
 [0.851516615259679 3 3 4 1.0206070134939544 -1.5620615797695931
  0.893665782902572 0.9277605088051695 1.0578124707690817]
 [-0.20758212607184648 2 3 6 0.25258608776649927 2.929380377524125
  -0.10260347131273814 -0.07783326094476453 -0.05708455303598712]
 [1.4869758600585943 3 6 4 -1.5627361003165754 0.23451520314789415
  1.5309190896529055 1.5506947024555713 1.3039585669338385]
 [-0.610039647777826 5 5 4 -0.7947151745891201 -0.6637731883108494
  -0.4885456148375877 -0.5049881365907546 -0.5783351096201752]
 [-0.1652181764185854 3 1 4 1.0206070134939544 1.1328035946066377
  0.03202750898662758 -0.03333796139830742 0.13114481461941405]
 [0.44905909355369944 4 6 5 -0.6550750062750406 0.6836593988772659
  0.6513300183637125 0.6073943520706769 0.5510410963122324]
 [1.5293398097118553 4 6 3 0.5318664243946635 0.6836593988772659
  1.4321897041000367 1.3549153844511588 1.4777087524619001]
 [-1.0336791443104363 5 3 4 0.32240617192354154 -1.1129173840402213
  -1.2065775097675413 -1.2258119892433619 -1.1864607589683949]] 
 
 
Val : (17260, 9) 
 

FINISHED ENCODING
~~~~~~~~~~~~~~~~~~~~~~~~~~~~~~~~~~~~~~~~~~~~~~~~~~~~~~~~~~~~~~~~~~~~~~~~~~~~~~~


~~~~~~~~~~~~~~~~~~~~~~~~~~~~~~~~~~~~~~~~~~~~~~~~~~~~~~~~~~~~~~~~~~~~~~~~~~~~~~~
Test numpy array issues
X dtype: object
X Val dtype: object
X dtype: float32
X Val dtype: float32
After Debugging -- Inner Fold 1
DEBUG Inner Fold 1: num_features: 9
DEBUG Inner Fold 1: num_classes: 1
DEBUG Inner Fold 1: cat_idx: [1, 2, 3]
DEBUG Inner Fold 1: nominal_idx: None
DEBUG Inner Fold 1: ordinal_idx: [1, 2, 3]
DEBUG Inner Fold 1: num_idx: [0, 4, 5, 6, 7, 8]
DEBUG Inner Fold 1: cat_dims: [6, 8, 9]
DEBUG Inner Fold 1: bin_alt: None
In get_device
On Device: cuda
**** Data b4 Fitting ****
Train Data b4 training...
X: <class 'numpy.ndarray'> , y : (<class 'numpy.ndarray'>,), X_val: <class 'numpy.ndarray'> , y : <class 'numpy.ndarray'>

Train Data after...
X: <class 'torch.Tensor'> , y : (<class 'torch.Tensor'>,), X_val: <class 'torch.Tensor'> , y : <class 'torch.Tensor'>

Inner Fold 1 Results: {'MSE - mean': 31465336.727428425, 'MSE - std': 0.0, 'R2 - mean': -0.9493446104191161, 'R2 - std': 0.0}
  outer_2_inner Fold 2/5
Before Debugging -- Inner Fold 2
DEBUG Inner Fold 2: num_features: 9
DEBUG Inner Fold 2: num_classes: 1
DEBUG Inner Fold 2: cat_idx: [0]
DEBUG Inner Fold 2: nominal_idx: None
DEBUG Inner Fold 2: ordinal_idx: [1, 2, 3]
DEBUG Inner Fold 2: num_idx: None
DEBUG Inner Fold 2: cat_dims: [2]
DEBUG Inner Fold 2: bin_alt: None
~~~~~~~~~~~~~~~~~~~~~~~~~~~~~~~~~~~~~~~~~~~~~~~~~~~~~~~~~~~~~~~~~~~~~~~~~~~~~~~
BEFORE ANY ENCODING
num_features :9
num_classes : 1
cat_idx : [0]
nominal_idx : None
ordinal_idx : [1, 2, 3]
num_idx : None
cat_dims : [2]
bin_alt : None 


X_train shape : (17261, 9)
~~~~~~~~~~~~~~~~~~~~~~~~~~~~~~~~~~~~~~~~~~~~~~~~~~~~~~~~~~~~~~~~~~~~~~~~~~~~~~~
~~~~~~~~~~~~~~~~~~~~~~~~~~~~~~~~~~~~~~~~~~~~~~~~~~~~~~~~~~~~~~~~~~~~~~~~~~~~~~~
AFTER getting cat idx
Nominal Index : None
Ordinal Index : [1, 2, 3]
Cat Idx : [0]
Cat dims : [2]
~~~~~~~~~~~~~~~~~~~~~~~~~~~~~~~~~~~~~~~~~~~~~~~~~~~~~~~~~~~~~~~~~~~~~~~~~~~~~~~
BEFORE getting cat idx
Nominal Index : None
Ordinal Index : [1, 2, 3]
Cat Idx : [1, 2, 3]
Cat dims : []
~~~~~~~~~~~~~~~~~~~~~~~~~~~~~~~~~~~~~~~~~~~~~~~~~~~~~~~~~~~~~~~~~~~~~~~~~~~~~~~ 


AFTER SEPARATING CATEGORICALS AND NUMERICALS
Ordinal Index : [1, 2, 3]
Numerical Index V1 : [0, 4, 5, 6, 7, 8]
Cat Idx V1 : [1, 2, 3] 
Cat Dims V1 : []
 

~~~~~~~~~~~~~~~~~~~~~~~~~~~~~~~~~~~~~~~~~~~~~~~~~~~~~~~~~~~~~~~~~~~~~~~~~~~~~~~ 


Scaling the data...
~~~~~~~~~~~~~~~~~~~~~~~~~~~~~~~~~~~~~~~~~~~~~~~~~~~~~~~~~~~~~~~~~~~~~~~~~~~~~~~
After OHE
Numerical Index V2 : [0, 4, 5, 6, 7, 8] 


OHE Idx : None


Ordinal Idx V2: [1, 2, 3]


Cat Dims V2 : []
Cat Idx V2 : [1, 2, 3] 
 

Train: [[0.6169811862022413 'Very Good' 'I' 'SI1' 1.0050571338200192]
 [-1.199925196517285 'Ideal' 'G' 'VVS1' -0.16840263626641364]
 [0.46909345737623326 'Premium' 'F' 'VS1' 0.10770554493039264]
 [0.8493761886431107 'Very Good' 'H' 'VS2' 1.0050571338200192]
 [1.4831807407545734 'Very Good' 'E' 'VS2' -1.5489435422504498]
 [-0.6083742812132532 'Ideal' 'F' 'VS2' -0.789646043959229]
 [0.25782527333907906 'Good' 'E' 'SI2' 0.03867849963118984]
 [0.4479666389725178 'Premium' 'E' 'VS1' -0.6515919533608283]
 [1.5254343775620043 'Premium' 'E' 'SI1' 0.5218678167256044]
 [-1.0309106492875617 'Ideal' 'H' 'VS2' 0.31478668082800104]] 
 
 
Val : (17261, 9) 
 

~~~~~~~~~~~~~~~~~~~~~~~~~~~~~~~~~~~~~~~~~~~~~~~~~~~~~~~~~~~~~~~~~~~~~~~~~~~~~~~
Ordinal Encoding...
Cat Idx V3 : [1, 2, 3] 
 

~~~~~~~~~~~~~~~~~~~~~~~~~~~~~~~~~~~~~~~~~~~~~~~~~~~~~~~~~~~~~~~~~~~~~~~~~~~~~~~
After ORDINAL
Numerical Index V2 : [0, 4, 5, 6, 7, 8] 


OHE Idx : None


Ordinal Idx V2: [1, 2, 3]


Cat Dims V2 : [6, 8, 9]
Cat Idx V2 : [1, 2, 3] 
 

Train: [[0.6169811862022413 3 2 3 1.0050571338200192 0.6913449933841491
  0.7230057830425559 0.6781689995334108 0.7984659753915058]
 [-1.199925196517285 5 4 7 -0.16840263626641364 -0.2113358941299903
  -1.6059022107800582 -1.5684457398770404 -1.528193961665881]
 [0.46909345737623326 4 5 5 0.10770554493039264 0.2400045496270794
  0.6423897371025425 0.6781689995334108 0.6470265712043382]
 [0.8493761886431107 3 3 4 1.0050571338200192 -1.5653572254011994
  0.8931952133603627 0.926806203895042 1.004974253828551]
 [1.4831807407545734 3 6 4 -1.5489435422504498 0.2400045496270794
  1.529166242442692 1.5483992147991197 1.239016969390538]
 [-0.6083742812132532 5 5 4 -0.789646043959229 -0.66267633788706
  -0.4862349060576472 -0.5028577211843364 -0.5507214437305292]
 [0.25782527333907906 2 6 2 0.03867849963118984 0.6913449933841491
  0.33784023021804693 0.4028920947044626 0.3579149813924735]
 [0.4479666389725178 4 6 5 -0.6515919533608283 0.6913449933841491
  0.6513470755403216 0.6071297982872305 0.5231216041421106]
 [1.5254343775620043 4 6 3 0.5218678167256044 0.6913449933841491
  1.4306355196271194 1.3530414113721232 1.4042235921401738]
 [-1.0309106492875617 5 3 4 0.31478668082800104 -1.1140167816441298
  -1.2028219810799905 -1.2221296338019114 -1.1289446233542584]] 
 
 
Val : (17261, 9) 
 

FINISHED ENCODING
~~~~~~~~~~~~~~~~~~~~~~~~~~~~~~~~~~~~~~~~~~~~~~~~~~~~~~~~~~~~~~~~~~~~~~~~~~~~~~~


~~~~~~~~~~~~~~~~~~~~~~~~~~~~~~~~~~~~~~~~~~~~~~~~~~~~~~~~~~~~~~~~~~~~~~~~~~~~~~~
Test numpy array issues
X dtype: object
X Val dtype: object
X dtype: float32
X Val dtype: float32
After Debugging -- Inner Fold 2
DEBUG Inner Fold 2: num_features: 9
DEBUG Inner Fold 2: num_classes: 1
DEBUG Inner Fold 2: cat_idx: [1, 2, 3]
DEBUG Inner Fold 2: nominal_idx: None
DEBUG Inner Fold 2: ordinal_idx: [1, 2, 3]
DEBUG Inner Fold 2: num_idx: [0, 4, 5, 6, 7, 8]
DEBUG Inner Fold 2: cat_dims: [6, 8, 9]
DEBUG Inner Fold 2: bin_alt: None
In get_device
On Device: cuda
**** Data b4 Fitting ****
Train Data b4 training...
X: <class 'numpy.ndarray'> , y : (<class 'numpy.ndarray'>,), X_val: <class 'numpy.ndarray'> , y : <class 'numpy.ndarray'>

Train Data after...
X: <class 'torch.Tensor'> , y : (<class 'torch.Tensor'>,), X_val: <class 'torch.Tensor'> , y : <class 'torch.Tensor'>

Inner Fold 2 Results: {'MSE - mean': 31479271.013230912, 'MSE - std': 13934.285802489147, 'R2 - mean': -0.9614819700081625, 'R2 - std': 0.012137359589046381}
  outer_2_inner Fold 3/5
Before Debugging -- Inner Fold 3
DEBUG Inner Fold 3: num_features: 9
DEBUG Inner Fold 3: num_classes: 1
DEBUG Inner Fold 3: cat_idx: [0]
DEBUG Inner Fold 3: nominal_idx: None
DEBUG Inner Fold 3: ordinal_idx: [1, 2, 3]
DEBUG Inner Fold 3: num_idx: None
DEBUG Inner Fold 3: cat_dims: [2]
DEBUG Inner Fold 3: bin_alt: None
~~~~~~~~~~~~~~~~~~~~~~~~~~~~~~~~~~~~~~~~~~~~~~~~~~~~~~~~~~~~~~~~~~~~~~~~~~~~~~~
BEFORE ANY ENCODING
num_features :9
num_classes : 1
cat_idx : [0]
nominal_idx : None
ordinal_idx : [1, 2, 3]
num_idx : None
cat_dims : [2]
bin_alt : None 


X_train shape : (17261, 9)
~~~~~~~~~~~~~~~~~~~~~~~~~~~~~~~~~~~~~~~~~~~~~~~~~~~~~~~~~~~~~~~~~~~~~~~~~~~~~~~
~~~~~~~~~~~~~~~~~~~~~~~~~~~~~~~~~~~~~~~~~~~~~~~~~~~~~~~~~~~~~~~~~~~~~~~~~~~~~~~
AFTER getting cat idx
Nominal Index : None
Ordinal Index : [1, 2, 3]
Cat Idx : [0]
Cat dims : [2]
~~~~~~~~~~~~~~~~~~~~~~~~~~~~~~~~~~~~~~~~~~~~~~~~~~~~~~~~~~~~~~~~~~~~~~~~~~~~~~~
BEFORE getting cat idx
Nominal Index : None
Ordinal Index : [1, 2, 3]
Cat Idx : [1, 2, 3]
Cat dims : []
~~~~~~~~~~~~~~~~~~~~~~~~~~~~~~~~~~~~~~~~~~~~~~~~~~~~~~~~~~~~~~~~~~~~~~~~~~~~~~~ 


AFTER SEPARATING CATEGORICALS AND NUMERICALS
Ordinal Index : [1, 2, 3]
Numerical Index V1 : [0, 4, 5, 6, 7, 8]
Cat Idx V1 : [1, 2, 3] 
Cat Dims V1 : []
 

~~~~~~~~~~~~~~~~~~~~~~~~~~~~~~~~~~~~~~~~~~~~~~~~~~~~~~~~~~~~~~~~~~~~~~~~~~~~~~~ 


Scaling the data...
~~~~~~~~~~~~~~~~~~~~~~~~~~~~~~~~~~~~~~~~~~~~~~~~~~~~~~~~~~~~~~~~~~~~~~~~~~~~~~~
After OHE
Numerical Index V2 : [0, 4, 5, 6, 7, 8] 


OHE Idx : None


Ordinal Idx V2: [1, 2, 3]


Cat Dims V2 : []
Cat Idx V2 : [1, 2, 3] 
 

Train: [[0.6072843181424744 'Very Good' 'I' 'SI1' 1.0078898873043258]
 [-1.205889028001656 'Ideal' 'G' 'VVS1' -0.17010999663284473]
 [0.45970044113074277 'Premium' 'F' 'VS1' 0.10706644664648807]
 [0.8392018391609095 'Very Good' 'H' 'VS2' 1.0078898873043258]
 [-0.21496871092288725 'Good' 'H' 'VVS2' 0.24565466828615692]
 [1.4717041692111876 'Very Good' 'E' 'VS2' -1.5559922130295136]
 [-0.61555351995473 'Ideal' 'F' 'VS2' -0.7937569940113448]
 [0.24886633111398349 'Good' 'E' 'SI2' 0.03777233582665363]
 [-0.17280188891953535 'Very Good' 'J' 'VS2' 1.0078898873043258]
 [0.43861703012906683 'Premium' 'E' 'VS1' -0.6551687723716808]] 
 
 
Val : (17261, 9) 
 

~~~~~~~~~~~~~~~~~~~~~~~~~~~~~~~~~~~~~~~~~~~~~~~~~~~~~~~~~~~~~~~~~~~~~~~~~~~~~~~
Ordinal Encoding...
Cat Idx V3 : [1, 2, 3] 
 

~~~~~~~~~~~~~~~~~~~~~~~~~~~~~~~~~~~~~~~~~~~~~~~~~~~~~~~~~~~~~~~~~~~~~~~~~~~~~~~
After ORDINAL
Numerical Index V2 : [0, 4, 5, 6, 7, 8] 


OHE Idx : None


Ordinal Idx V2: [1, 2, 3]


Cat Dims V2 : [6, 8, 9]
Cat Idx V2 : [1, 2, 3] 
 

Train: [[0.6072843181424744 3 2 3 1.0078898873043258 0.6805074009227426
  0.712616734045217 0.6806158086515192 0.7897544840976937]
 [-1.205889028001656 5 4 7 -0.17010999663284473 -0.21712844320750932
  -1.6103673028161334 -1.5971196738002342 -1.5365665431185256]
 [0.45970044113074277 4 5 5 0.10706644664648807 0.23168947885761665
  0.6322057481538627 0.6806158086515192 0.6383371391309571]
 [0.8392018391609095 3 3 4 1.0078898873043258 -1.5635822094028873
  0.8823732598158545 0.9326972059189071 0.9962326817796059]
 [-0.21496871092288725 2 3 6 0.24565466828615692 2.9245970112483723
  -0.10936223284418382 -0.08463129019590757 -0.06368873298754671]
 [1.4717041692111876 3 6 4 -1.5559922130295136 0.23168947885761665
  1.5167265929587614 1.5629006990873766 1.2302413058191084]
 [-0.61555351995473 5 5 4 -0.7937569940113448 -0.6659463652726353
  -0.4935480543250992 -0.5167708283685727 -0.5592364074241376]
 [0.24886633111398349 2 6 2 0.03777233582665363 0.6805074009227426
  0.32843091256430157 0.4015256902483403 0.349267662376279]
 [-0.17280188891953535 3 1 4 1.0078898873043258 1.1293253229878686
  0.024656076974739743 -0.03961675496958848 0.11525903833677771]
 [0.43861703012906683 4 6 5 -0.6551687723716808 0.6805074009227426
  0.6411403021417907 0.6085925522894083 0.5144502205218094]] 
 
 
Val : (17261, 9) 
 

FINISHED ENCODING
~~~~~~~~~~~~~~~~~~~~~~~~~~~~~~~~~~~~~~~~~~~~~~~~~~~~~~~~~~~~~~~~~~~~~~~~~~~~~~~


~~~~~~~~~~~~~~~~~~~~~~~~~~~~~~~~~~~~~~~~~~~~~~~~~~~~~~~~~~~~~~~~~~~~~~~~~~~~~~~
Test numpy array issues
X dtype: object
X Val dtype: object
X dtype: float32
X Val dtype: float32
After Debugging -- Inner Fold 3
DEBUG Inner Fold 3: num_features: 9
DEBUG Inner Fold 3: num_classes: 1
DEBUG Inner Fold 3: cat_idx: [1, 2, 3]
DEBUG Inner Fold 3: nominal_idx: None
DEBUG Inner Fold 3: ordinal_idx: [1, 2, 3]
DEBUG Inner Fold 3: num_idx: [0, 4, 5, 6, 7, 8]
DEBUG Inner Fold 3: cat_dims: [6, 8, 9]
DEBUG Inner Fold 3: bin_alt: None
In get_device
On Device: cuda
**** Data b4 Fitting ****
Train Data b4 training...
X: <class 'numpy.ndarray'> , y : (<class 'numpy.ndarray'>,), X_val: <class 'numpy.ndarray'> , y : <class 'numpy.ndarray'>

Train Data after...
X: <class 'torch.Tensor'> , y : (<class 'torch.Tensor'>,), X_val: <class 'torch.Tensor'> , y : <class 'torch.Tensor'>

Inner Fold 3 Results: {'MSE - mean': 30567683.60167445, 'MSE - std': 1289229.4833337425, 'R2 - mean': -0.9522728541102667, 'R2 - std': 0.016365389182793476}
  outer_2_inner Fold 4/5
Before Debugging -- Inner Fold 4
DEBUG Inner Fold 4: num_features: 9
DEBUG Inner Fold 4: num_classes: 1
DEBUG Inner Fold 4: cat_idx: [0]
DEBUG Inner Fold 4: nominal_idx: None
DEBUG Inner Fold 4: ordinal_idx: [1, 2, 3]
DEBUG Inner Fold 4: num_idx: None
DEBUG Inner Fold 4: cat_dims: [2]
DEBUG Inner Fold 4: bin_alt: None
~~~~~~~~~~~~~~~~~~~~~~~~~~~~~~~~~~~~~~~~~~~~~~~~~~~~~~~~~~~~~~~~~~~~~~~~~~~~~~~
BEFORE ANY ENCODING
num_features :9
num_classes : 1
cat_idx : [0]
nominal_idx : None
ordinal_idx : [1, 2, 3]
num_idx : None
cat_dims : [2]
bin_alt : None 


X_train shape : (17261, 9)
~~~~~~~~~~~~~~~~~~~~~~~~~~~~~~~~~~~~~~~~~~~~~~~~~~~~~~~~~~~~~~~~~~~~~~~~~~~~~~~
~~~~~~~~~~~~~~~~~~~~~~~~~~~~~~~~~~~~~~~~~~~~~~~~~~~~~~~~~~~~~~~~~~~~~~~~~~~~~~~
AFTER getting cat idx
Nominal Index : None
Ordinal Index : [1, 2, 3]
Cat Idx : [0]
Cat dims : [2]
~~~~~~~~~~~~~~~~~~~~~~~~~~~~~~~~~~~~~~~~~~~~~~~~~~~~~~~~~~~~~~~~~~~~~~~~~~~~~~~
BEFORE getting cat idx
Nominal Index : None
Ordinal Index : [1, 2, 3]
Cat Idx : [1, 2, 3]
Cat dims : []
~~~~~~~~~~~~~~~~~~~~~~~~~~~~~~~~~~~~~~~~~~~~~~~~~~~~~~~~~~~~~~~~~~~~~~~~~~~~~~~ 


AFTER SEPARATING CATEGORICALS AND NUMERICALS
Ordinal Index : [1, 2, 3]
Numerical Index V1 : [0, 4, 5, 6, 7, 8]
Cat Idx V1 : [1, 2, 3] 
Cat Dims V1 : []
 

~~~~~~~~~~~~~~~~~~~~~~~~~~~~~~~~~~~~~~~~~~~~~~~~~~~~~~~~~~~~~~~~~~~~~~~~~~~~~~~ 


Scaling the data...
~~~~~~~~~~~~~~~~~~~~~~~~~~~~~~~~~~~~~~~~~~~~~~~~~~~~~~~~~~~~~~~~~~~~~~~~~~~~~~~
After OHE
Numerical Index V2 : [0, 4, 5, 6, 7, 8] 


OHE Idx : None


Ordinal Idx V2: [1, 2, 3]


Cat Dims V2 : []
Cat Idx V2 : [1, 2, 3] 
 

Train: [[0.6108816158222454 'Very Good' 'I' 'SI1' 1.0085131122693196]
 [-1.2012558522409988 'Ideal' 'G' 'VVS1' -0.16166246098539674]
 [0.46338205446826025 'Premium' 'F' 'VS1' 0.11367296801571154]
 [0.8426666408070786 'Very Good' 'H' 'VS2' 1.0085131122693196]
 [-0.21090165457852839 'Good' 'H' 'VVS2' 0.2513406825162681]
 [1.474807618038443 'Very Good' 'E' 'VS2' -1.5383396059909429]
 [0.2526683953911389 'Good' 'E' 'SI2' 0.044839110765433246]
 [-0.16875892276310406 'Very Good' 'J' 'VS2' 1.0085131122693196]
 [0.4423106885605481 'Premium' 'E' 'VS1' -0.6434994617373399]
 [-1.0326849249793018 'Ideal' 'H' 'VS2' 0.3201745397665464]] 
 
 
Val : (17261, 9) 
 

~~~~~~~~~~~~~~~~~~~~~~~~~~~~~~~~~~~~~~~~~~~~~~~~~~~~~~~~~~~~~~~~~~~~~~~~~~~~~~~
Ordinal Encoding...
Cat Idx V3 : [1, 2, 3] 
 

~~~~~~~~~~~~~~~~~~~~~~~~~~~~~~~~~~~~~~~~~~~~~~~~~~~~~~~~~~~~~~~~~~~~~~~~~~~~~~~
After ORDINAL
Numerical Index V2 : [0, 4, 5, 6, 7, 8] 


OHE Idx : None


Ordinal Idx V2: [1, 2, 3]


Cat Dims V2 : [6, 8, 9]
Cat Idx V2 : [1, 2, 3] 
 

Train: [[0.6108816158222454 3 2 3 1.0085131122693196 0.6738845388275362
  0.7169572121113307 0.6730546494904568 0.7945138167943704]
 [-1.2012558522409988 5 4 7 -0.16166246098539674 -0.22079259027174855
  -1.6096441459481101 -1.5723305321824272 -1.5319426561603493]
 [0.46338205446826025 4 5 5 0.11367296801571154 0.22654597427789383
  0.6364210112554272 0.6730546494904568 0.6430876558328201]
 [0.8426666408070786 3 3 4 1.0085131122693196 -1.5628082839206758
  0.8869780805849056 0.9215557763159146 1.001004036287392]
 [-0.21090165457852839 2 3 6 0.2513406825162681 2.910577361575748
  -0.10630172997124059 -0.08132377122968183 -0.05897909044345597]
 [1.474807618038443 3 6 4 -1.5383396059909429 0.22654597427789383
  1.5223192206703682 1.5428085933795586 1.235026285046152]
 [0.2526683953911389 2 6 2 0.044839110765433246 0.6738845388275362
  0.33217314135534654 0.3979284019337006 0.3540013485425887]
 [-0.16875892276310406 3 1 4 1.0085131122693196 1.1212231033771787
  0.02792527145526514 -0.03694857001085029 0.11997909978383]
 [0.4423106885605481 4 6 5 -0.6434994617373399 0.6738845388275362
  0.645369478017194 0.602054327540326 0.5191935241370068]
 [-1.0326849249793018 5 3 4 0.3201745397665464 -1.1154697193710332
  -1.2069631416685918 -1.2262039626755397 -1.1327282318071725]] 
 
 
Val : (17261, 9) 
 

FINISHED ENCODING
~~~~~~~~~~~~~~~~~~~~~~~~~~~~~~~~~~~~~~~~~~~~~~~~~~~~~~~~~~~~~~~~~~~~~~~~~~~~~~~


~~~~~~~~~~~~~~~~~~~~~~~~~~~~~~~~~~~~~~~~~~~~~~~~~~~~~~~~~~~~~~~~~~~~~~~~~~~~~~~
Test numpy array issues
X dtype: object
X Val dtype: object
X dtype: float32
X Val dtype: float32
After Debugging -- Inner Fold 4
DEBUG Inner Fold 4: num_features: 9
DEBUG Inner Fold 4: num_classes: 1
DEBUG Inner Fold 4: cat_idx: [1, 2, 3]
DEBUG Inner Fold 4: nominal_idx: None
DEBUG Inner Fold 4: ordinal_idx: [1, 2, 3]
DEBUG Inner Fold 4: num_idx: [0, 4, 5, 6, 7, 8]
DEBUG Inner Fold 4: cat_dims: [6, 8, 9]
DEBUG Inner Fold 4: bin_alt: None
In get_device
On Device: cuda
**** Data b4 Fitting ****
Train Data b4 training...
X: <class 'numpy.ndarray'> , y : (<class 'numpy.ndarray'>,), X_val: <class 'numpy.ndarray'> , y : <class 'numpy.ndarray'>

Train Data after...
X: <class 'torch.Tensor'> , y : (<class 'torch.Tensor'>,), X_val: <class 'torch.Tensor'> , y : <class 'torch.Tensor'>

Inner Fold 4 Results: {'MSE - mean': 30589873.24453658, 'MSE - std': 1117166.789818686, 'R2 - mean': -0.9511967662284517, 'R2 - std': 0.014294872077650357}
  outer_2_inner Fold 5/5
Before Debugging -- Inner Fold 5
DEBUG Inner Fold 5: num_features: 9
DEBUG Inner Fold 5: num_classes: 1
DEBUG Inner Fold 5: cat_idx: [0]
DEBUG Inner Fold 5: nominal_idx: None
DEBUG Inner Fold 5: ordinal_idx: [1, 2, 3]
DEBUG Inner Fold 5: num_idx: None
DEBUG Inner Fold 5: cat_dims: [2]
DEBUG Inner Fold 5: bin_alt: None
~~~~~~~~~~~~~~~~~~~~~~~~~~~~~~~~~~~~~~~~~~~~~~~~~~~~~~~~~~~~~~~~~~~~~~~~~~~~~~~
BEFORE ANY ENCODING
num_features :9
num_classes : 1
cat_idx : [0]
nominal_idx : None
ordinal_idx : [1, 2, 3]
num_idx : None
cat_dims : [2]
bin_alt : None 


X_train shape : (17261, 9)
~~~~~~~~~~~~~~~~~~~~~~~~~~~~~~~~~~~~~~~~~~~~~~~~~~~~~~~~~~~~~~~~~~~~~~~~~~~~~~~
~~~~~~~~~~~~~~~~~~~~~~~~~~~~~~~~~~~~~~~~~~~~~~~~~~~~~~~~~~~~~~~~~~~~~~~~~~~~~~~
AFTER getting cat idx
Nominal Index : None
Ordinal Index : [1, 2, 3]
Cat Idx : [0]
Cat dims : [2]
~~~~~~~~~~~~~~~~~~~~~~~~~~~~~~~~~~~~~~~~~~~~~~~~~~~~~~~~~~~~~~~~~~~~~~~~~~~~~~~
BEFORE getting cat idx
Nominal Index : None
Ordinal Index : [1, 2, 3]
Cat Idx : [1, 2, 3]
Cat dims : []
~~~~~~~~~~~~~~~~~~~~~~~~~~~~~~~~~~~~~~~~~~~~~~~~~~~~~~~~~~~~~~~~~~~~~~~~~~~~~~~ 


AFTER SEPARATING CATEGORICALS AND NUMERICALS
Ordinal Index : [1, 2, 3]
Numerical Index V1 : [0, 4, 5, 6, 7, 8]
Cat Idx V1 : [1, 2, 3] 
Cat Dims V1 : []
 

~~~~~~~~~~~~~~~~~~~~~~~~~~~~~~~~~~~~~~~~~~~~~~~~~~~~~~~~~~~~~~~~~~~~~~~~~~~~~~~ 


Scaling the data...
~~~~~~~~~~~~~~~~~~~~~~~~~~~~~~~~~~~~~~~~~~~~~~~~~~~~~~~~~~~~~~~~~~~~~~~~~~~~~~~
After OHE
Numerical Index V2 : [0, 4, 5, 6, 7, 8] 


OHE Idx : None


Ordinal Idx V2: [1, 2, 3]


Cat Dims V2 : []
Cat Idx V2 : [1, 2, 3] 
 

Train: [[0.4679925617898262 'Premium' 'F' 'VS1' 0.10629854407086942]
 [-0.2084735110698812 'Good' 'H' 'VVS2' 0.24545285518591095]
 [-0.6101252418303322 'Ideal' 'F' 'VS2' -0.7982044781768859]
 [0.2565969140211677 'Good' 'E' 'SI2' 0.036721388513348635]
 [-0.1661943815161495 'Very Good' 'J' 'VS2' 1.0108015663186296]
 [1.5249708006331186 'Premium' 'E' 'SI1' 0.5237614774159891]
 [0.6793882095584849 'Premium' 'G' 'SI2' -0.5198958559468077]
 [-0.5255669827228688 'Good' 'H' 'SI1' 1.2891101885487077]
 [-0.6312648066071982 'Very Good' 'G' 'SI1' -1.7027075004246461]
 [-0.1450548167392836 'Very Good' 'I' 'VS1' 0.45418432185846835]] 
 
 
Val : (17261, 9) 
 

~~~~~~~~~~~~~~~~~~~~~~~~~~~~~~~~~~~~~~~~~~~~~~~~~~~~~~~~~~~~~~~~~~~~~~~~~~~~~~~
Ordinal Encoding...
Cat Idx V3 : [1, 2, 3] 
 

~~~~~~~~~~~~~~~~~~~~~~~~~~~~~~~~~~~~~~~~~~~~~~~~~~~~~~~~~~~~~~~~~~~~~~~~~~~~~~~
After ORDINAL
Numerical Index V2 : [0, 4, 5, 6, 7, 8] 


OHE Idx : None


Ordinal Idx V2: [1, 2, 3]


Cat Dims V2 : [6, 8, 9]
Cat Idx V2 : [1, 2, 3] 
 

Train: [[0.4679925617898262 4 5 5 0.10629854407086942 0.23235749511491352
  0.6411197948022186 0.67710756903109 0.6462295613896554]
 [-0.2084735110698812 2 3 6 0.24545285518591095 2.9241177120132624
  -0.1021412403809533 -0.07757371710048366 -0.05580390548888506]
 [-0.6101252418303322 5 5 4 -0.7982044781768859 -0.6648959105178694
  -0.48720418631922274 -0.503746678680667 -0.5513569409325607]
 [0.2565969140211677 2 6 2 0.036721388513348635 0.680984197931305
  0.33665141894405193 0.4018708646772222 0.3571569573808445]
 [-0.1661943815161495 3 1 4 1.0108015663186296 1.1296109007476964
  0.032183043085884495 -0.03318070026921476 0.12314580175466439]
 [1.5249708006331186 4 6 3 0.5237614774159891 0.680984197931305
  1.429155591141003 1.3518814248663795 1.4033244766508264]
 [0.6793882095584849 4 4 2 -0.5198958559468077 1.1296109007476964
  0.8649936005802823 0.8014080161586431 0.7288217339636021]
 [-0.5255669827228688 2 3 3 1.2891101885487077 -1.113522613334261
  -0.49615913855034594 -0.45047505848314373 -0.3173457853063805]
 [-0.6312648066071982 3 4 3 -1.7027075004246461 0.23235749511491352
  -0.48720418631922274 -0.4415964551168901 -0.6201837514108494]
 [-0.1450548167392836 3 2 5 0.45418432185846835 -0.6648959105178694
  -0.012591718069728104 0.020090919928307763 0.05431899127637632]] 
 
 
Val : (17261, 9) 
 

FINISHED ENCODING
~~~~~~~~~~~~~~~~~~~~~~~~~~~~~~~~~~~~~~~~~~~~~~~~~~~~~~~~~~~~~~~~~~~~~~~~~~~~~~~


~~~~~~~~~~~~~~~~~~~~~~~~~~~~~~~~~~~~~~~~~~~~~~~~~~~~~~~~~~~~~~~~~~~~~~~~~~~~~~~
Test numpy array issues
X dtype: object
X Val dtype: object
X dtype: float32
X Val dtype: float32
After Debugging -- Inner Fold 5
DEBUG Inner Fold 5: num_features: 9
DEBUG Inner Fold 5: num_classes: 1
DEBUG Inner Fold 5: cat_idx: [1, 2, 3]
DEBUG Inner Fold 5: nominal_idx: None
DEBUG Inner Fold 5: ordinal_idx: [1, 2, 3]
DEBUG Inner Fold 5: num_idx: [0, 4, 5, 6, 7, 8]
DEBUG Inner Fold 5: cat_dims: [6, 8, 9]
DEBUG Inner Fold 5: bin_alt: None
In get_device
On Device: cuda
**** Data b4 Fitting ****
Train Data b4 training...
X: <class 'numpy.ndarray'> , y : (<class 'numpy.ndarray'>,), X_val: <class 'numpy.ndarray'> , y : <class 'numpy.ndarray'>

Train Data after...
X: <class 'torch.Tensor'> , y : (<class 'torch.Tensor'>,), X_val: <class 'torch.Tensor'> , y : <class 'torch.Tensor'>

Inner Fold 5 Results: {'MSE - mean': 30808745.600791167, 'MSE - std': 1090903.1773483749, 'R2 - mean': -0.9508838966445197, 'R2 - std': 0.012801025102674763}
Trial Results B4 Saving: {'MSE - mean': 30808745.600791167, 'MSE - std': 1090903.1773483749, 'R2 - mean': -0.9508838966445197, 'R2 - std': 0.012801025102674763}
Score: 30808745.600791167
  outer_2_inner Fold 1/5
Before Debugging -- Inner Fold 1
DEBUG Inner Fold 1: num_features: 9
DEBUG Inner Fold 1: num_classes: 1
DEBUG Inner Fold 1: cat_idx: [0]
DEBUG Inner Fold 1: nominal_idx: None
DEBUG Inner Fold 1: ordinal_idx: [1, 2, 3]
DEBUG Inner Fold 1: num_idx: None
DEBUG Inner Fold 1: cat_dims: [2]
DEBUG Inner Fold 1: bin_alt: None
~~~~~~~~~~~~~~~~~~~~~~~~~~~~~~~~~~~~~~~~~~~~~~~~~~~~~~~~~~~~~~~~~~~~~~~~~~~~~~~
BEFORE ANY ENCODING
num_features :9
num_classes : 1
cat_idx : [0]
nominal_idx : None
ordinal_idx : [1, 2, 3]
num_idx : None
cat_dims : [2]
bin_alt : None 


X_train shape : (17260, 9)
~~~~~~~~~~~~~~~~~~~~~~~~~~~~~~~~~~~~~~~~~~~~~~~~~~~~~~~~~~~~~~~~~~~~~~~~~~~~~~~
~~~~~~~~~~~~~~~~~~~~~~~~~~~~~~~~~~~~~~~~~~~~~~~~~~~~~~~~~~~~~~~~~~~~~~~~~~~~~~~
AFTER getting cat idx
Nominal Index : None
Ordinal Index : [1, 2, 3]
Cat Idx : [0]
Cat dims : [2]
~~~~~~~~~~~~~~~~~~~~~~~~~~~~~~~~~~~~~~~~~~~~~~~~~~~~~~~~~~~~~~~~~~~~~~~~~~~~~~~
BEFORE getting cat idx
Nominal Index : None
Ordinal Index : [1, 2, 3]
Cat Idx : [1, 2, 3]
Cat dims : []
~~~~~~~~~~~~~~~~~~~~~~~~~~~~~~~~~~~~~~~~~~~~~~~~~~~~~~~~~~~~~~~~~~~~~~~~~~~~~~~ 


AFTER SEPARATING CATEGORICALS AND NUMERICALS
Ordinal Index : [1, 2, 3]
Numerical Index V1 : [0, 4, 5, 6, 7, 8]
Cat Idx V1 : [1, 2, 3] 
Cat Dims V1 : []
 

~~~~~~~~~~~~~~~~~~~~~~~~~~~~~~~~~~~~~~~~~~~~~~~~~~~~~~~~~~~~~~~~~~~~~~~~~~~~~~~ 


Scaling the data...
~~~~~~~~~~~~~~~~~~~~~~~~~~~~~~~~~~~~~~~~~~~~~~~~~~~~~~~~~~~~~~~~~~~~~~~~~~~~~~~
After OHE
Numerical Index V2 : [0, 4, 5, 6, 7, 8] 


OHE Idx : None


Ordinal Idx V2: [1, 2, 3]


Cat Dims V2 : []
Cat Idx V2 : [1, 2, 3] 
 

Train: [[0.6185148921667437 'Very Good' 'I' 'SI1' 1.0206070134939544]
 [-1.2031349429234803 'Ideal' 'G' 'VVS1' -0.1663344171757495]
 [0.851516615259679 'Very Good' 'H' 'VS2' 1.0206070134939544]
 [-0.20758212607184648 'Good' 'H' 'VVS2' 0.25258608776649927]
 [1.4869758600585943 'Very Good' 'E' 'VS2' -1.5627361003165754]
 [-0.610039647777826 'Ideal' 'F' 'VS2' -0.7947151745891201]
 [-0.1652181764185854 'Very Good' 'J' 'VS2' 1.0206070134939544]
 [0.44905909355369944 'Premium' 'E' 'VS1' -0.6550750062750406]
 [1.5293398097118553 'Premium' 'E' 'SI1' 0.5318664243946635]
 [-1.0336791443104363 'Ideal' 'H' 'VS2' 0.32240617192354154]] 
 
 
Val : (17260, 9) 
 

~~~~~~~~~~~~~~~~~~~~~~~~~~~~~~~~~~~~~~~~~~~~~~~~~~~~~~~~~~~~~~~~~~~~~~~~~~~~~~~
Ordinal Encoding...
Cat Idx V3 : [1, 2, 3] 
 

~~~~~~~~~~~~~~~~~~~~~~~~~~~~~~~~~~~~~~~~~~~~~~~~~~~~~~~~~~~~~~~~~~~~~~~~~~~~~~~
After ORDINAL
Numerical Index V2 : [0, 4, 5, 6, 7, 8] 


OHE Idx : None


Ordinal Idx V2: [1, 2, 3]


Cat Dims V2 : [6, 8, 9]
Cat Idx V2 : [1, 2, 3] 
 

Train: [[0.6185148921667437 3 2 3 1.0206070134939544 0.6836593988772659
  0.7231332078567079 0.6785868313450086 0.840624738859004]
 [-1.2031349429234803 5 4 7 -0.1663344171757495 -0.21462899258147766
  -1.6104704506656398 -1.5728753257057286 -1.606357040661213]
 [0.851516615259679 3 3 4 1.0206070134939544 -1.5620615797695931
  0.893665782902572 0.9277605088051695 1.0578124707690817]
 [-0.20758212607184648 2 3 6 0.25258608776649927 2.929380377524125
  -0.10260347131273814 -0.07783326094476453 -0.05708455303598712]
 [1.4869758600585943 3 6 4 -1.5627361003165754 0.23451520314789415
  1.5309190896529055 1.5506947024555713 1.3039585669338385]
 [-0.610039647777826 5 5 4 -0.7947151745891201 -0.6637731883108494
  -0.4885456148375877 -0.5049881365907546 -0.5783351096201752]
 [-0.1652181764185854 3 1 4 1.0206070134939544 1.1328035946066377
  0.03202750898662758 -0.03333796139830742 0.13114481461941405]
 [0.44905909355369944 4 6 5 -0.6550750062750406 0.6836593988772659
  0.6513300183637125 0.6073943520706769 0.5510410963122324]
 [1.5293398097118553 4 6 3 0.5318664243946635 0.6836593988772659
  1.4321897041000367 1.3549153844511588 1.4777087524619001]
 [-1.0336791443104363 5 3 4 0.32240617192354154 -1.1129173840402213
  -1.2065775097675413 -1.2258119892433619 -1.1864607589683949]] 
 
 
Val : (17260, 9) 
 

FINISHED ENCODING
~~~~~~~~~~~~~~~~~~~~~~~~~~~~~~~~~~~~~~~~~~~~~~~~~~~~~~~~~~~~~~~~~~~~~~~~~~~~~~~


~~~~~~~~~~~~~~~~~~~~~~~~~~~~~~~~~~~~~~~~~~~~~~~~~~~~~~~~~~~~~~~~~~~~~~~~~~~~~~~
Test numpy array issues
X dtype: object
X Val dtype: object
X dtype: float32
X Val dtype: float32
After Debugging -- Inner Fold 1
DEBUG Inner Fold 1: num_features: 9
DEBUG Inner Fold 1: num_classes: 1
DEBUG Inner Fold 1: cat_idx: [1, 2, 3]
DEBUG Inner Fold 1: nominal_idx: None
DEBUG Inner Fold 1: ordinal_idx: [1, 2, 3]
DEBUG Inner Fold 1: num_idx: [0, 4, 5, 6, 7, 8]
DEBUG Inner Fold 1: cat_dims: [6, 8, 9]
DEBUG Inner Fold 1: bin_alt: None
In get_device
On Device: cuda
**** Data b4 Fitting ****
Train Data b4 training...
X: <class 'numpy.ndarray'> , y : (<class 'numpy.ndarray'>,), X_val: <class 'numpy.ndarray'> , y : <class 'numpy.ndarray'>

Train Data after...
X: <class 'torch.Tensor'> , y : (<class 'torch.Tensor'>,), X_val: <class 'torch.Tensor'> , y : <class 'torch.Tensor'>

Inner Fold 1 Results: {'MSE - mean': 31764451.523330092, 'MSE - std': 0.0, 'R2 - mean': -0.967875408939993, 'R2 - std': 0.0}
  outer_2_inner Fold 2/5
Before Debugging -- Inner Fold 2
DEBUG Inner Fold 2: num_features: 9
DEBUG Inner Fold 2: num_classes: 1
DEBUG Inner Fold 2: cat_idx: [0]
DEBUG Inner Fold 2: nominal_idx: None
DEBUG Inner Fold 2: ordinal_idx: [1, 2, 3]
DEBUG Inner Fold 2: num_idx: None
DEBUG Inner Fold 2: cat_dims: [2]
DEBUG Inner Fold 2: bin_alt: None
~~~~~~~~~~~~~~~~~~~~~~~~~~~~~~~~~~~~~~~~~~~~~~~~~~~~~~~~~~~~~~~~~~~~~~~~~~~~~~~
BEFORE ANY ENCODING
num_features :9
num_classes : 1
cat_idx : [0]
nominal_idx : None
ordinal_idx : [1, 2, 3]
num_idx : None
cat_dims : [2]
bin_alt : None 


X_train shape : (17261, 9)
~~~~~~~~~~~~~~~~~~~~~~~~~~~~~~~~~~~~~~~~~~~~~~~~~~~~~~~~~~~~~~~~~~~~~~~~~~~~~~~
~~~~~~~~~~~~~~~~~~~~~~~~~~~~~~~~~~~~~~~~~~~~~~~~~~~~~~~~~~~~~~~~~~~~~~~~~~~~~~~
AFTER getting cat idx
Nominal Index : None
Ordinal Index : [1, 2, 3]
Cat Idx : [0]
Cat dims : [2]
~~~~~~~~~~~~~~~~~~~~~~~~~~~~~~~~~~~~~~~~~~~~~~~~~~~~~~~~~~~~~~~~~~~~~~~~~~~~~~~
BEFORE getting cat idx
Nominal Index : None
Ordinal Index : [1, 2, 3]
Cat Idx : [1, 2, 3]
Cat dims : []
~~~~~~~~~~~~~~~~~~~~~~~~~~~~~~~~~~~~~~~~~~~~~~~~~~~~~~~~~~~~~~~~~~~~~~~~~~~~~~~ 


AFTER SEPARATING CATEGORICALS AND NUMERICALS
Ordinal Index : [1, 2, 3]
Numerical Index V1 : [0, 4, 5, 6, 7, 8]
Cat Idx V1 : [1, 2, 3] 
Cat Dims V1 : []
 

~~~~~~~~~~~~~~~~~~~~~~~~~~~~~~~~~~~~~~~~~~~~~~~~~~~~~~~~~~~~~~~~~~~~~~~~~~~~~~~ 


Scaling the data...
~~~~~~~~~~~~~~~~~~~~~~~~~~~~~~~~~~~~~~~~~~~~~~~~~~~~~~~~~~~~~~~~~~~~~~~~~~~~~~~
After OHE
Numerical Index V2 : [0, 4, 5, 6, 7, 8] 


OHE Idx : None


Ordinal Idx V2: [1, 2, 3]


Cat Dims V2 : []
Cat Idx V2 : [1, 2, 3] 
 

Train: [[0.6169811862022413 'Very Good' 'I' 'SI1' 1.0050571338200192]
 [-1.199925196517285 'Ideal' 'G' 'VVS1' -0.16840263626641364]
 [0.46909345737623326 'Premium' 'F' 'VS1' 0.10770554493039264]
 [0.8493761886431107 'Very Good' 'H' 'VS2' 1.0050571338200192]
 [1.4831807407545734 'Very Good' 'E' 'VS2' -1.5489435422504498]
 [-0.6083742812132532 'Ideal' 'F' 'VS2' -0.789646043959229]
 [0.25782527333907906 'Good' 'E' 'SI2' 0.03867849963118984]
 [0.4479666389725178 'Premium' 'E' 'VS1' -0.6515919533608283]
 [1.5254343775620043 'Premium' 'E' 'SI1' 0.5218678167256044]
 [-1.0309106492875617 'Ideal' 'H' 'VS2' 0.31478668082800104]] 
 
 
Val : (17261, 9) 
 

~~~~~~~~~~~~~~~~~~~~~~~~~~~~~~~~~~~~~~~~~~~~~~~~~~~~~~~~~~~~~~~~~~~~~~~~~~~~~~~
Ordinal Encoding...
Cat Idx V3 : [1, 2, 3] 
 

~~~~~~~~~~~~~~~~~~~~~~~~~~~~~~~~~~~~~~~~~~~~~~~~~~~~~~~~~~~~~~~~~~~~~~~~~~~~~~~
After ORDINAL
Numerical Index V2 : [0, 4, 5, 6, 7, 8] 


OHE Idx : None


Ordinal Idx V2: [1, 2, 3]


Cat Dims V2 : [6, 8, 9]
Cat Idx V2 : [1, 2, 3] 
 

Train: [[0.6169811862022413 3 2 3 1.0050571338200192 0.6913449933841491
  0.7230057830425559 0.6781689995334108 0.7984659753915058]
 [-1.199925196517285 5 4 7 -0.16840263626641364 -0.2113358941299903
  -1.6059022107800582 -1.5684457398770404 -1.528193961665881]
 [0.46909345737623326 4 5 5 0.10770554493039264 0.2400045496270794
  0.6423897371025425 0.6781689995334108 0.6470265712043382]
 [0.8493761886431107 3 3 4 1.0050571338200192 -1.5653572254011994
  0.8931952133603627 0.926806203895042 1.004974253828551]
 [1.4831807407545734 3 6 4 -1.5489435422504498 0.2400045496270794
  1.529166242442692 1.5483992147991197 1.239016969390538]
 [-0.6083742812132532 5 5 4 -0.789646043959229 -0.66267633788706
  -0.4862349060576472 -0.5028577211843364 -0.5507214437305292]
 [0.25782527333907906 2 6 2 0.03867849963118984 0.6913449933841491
  0.33784023021804693 0.4028920947044626 0.3579149813924735]
 [0.4479666389725178 4 6 5 -0.6515919533608283 0.6913449933841491
  0.6513470755403216 0.6071297982872305 0.5231216041421106]
 [1.5254343775620043 4 6 3 0.5218678167256044 0.6913449933841491
  1.4306355196271194 1.3530414113721232 1.4042235921401738]
 [-1.0309106492875617 5 3 4 0.31478668082800104 -1.1140167816441298
  -1.2028219810799905 -1.2221296338019114 -1.1289446233542584]] 
 
 
Val : (17261, 9) 
 

FINISHED ENCODING
~~~~~~~~~~~~~~~~~~~~~~~~~~~~~~~~~~~~~~~~~~~~~~~~~~~~~~~~~~~~~~~~~~~~~~~~~~~~~~~


~~~~~~~~~~~~~~~~~~~~~~~~~~~~~~~~~~~~~~~~~~~~~~~~~~~~~~~~~~~~~~~~~~~~~~~~~~~~~~~
Test numpy array issues
X dtype: object
X Val dtype: object
X dtype: float32
X Val dtype: float32
After Debugging -- Inner Fold 2
DEBUG Inner Fold 2: num_features: 9
DEBUG Inner Fold 2: num_classes: 1
DEBUG Inner Fold 2: cat_idx: [1, 2, 3]
DEBUG Inner Fold 2: nominal_idx: None
DEBUG Inner Fold 2: ordinal_idx: [1, 2, 3]
DEBUG Inner Fold 2: num_idx: [0, 4, 5, 6, 7, 8]
DEBUG Inner Fold 2: cat_dims: [6, 8, 9]
DEBUG Inner Fold 2: bin_alt: None
In get_device
On Device: cuda
**** Data b4 Fitting ****
Train Data b4 training...
X: <class 'numpy.ndarray'> , y : (<class 'numpy.ndarray'>,), X_val: <class 'numpy.ndarray'> , y : <class 'numpy.ndarray'>

Train Data after...
X: <class 'torch.Tensor'> , y : (<class 'torch.Tensor'>,), X_val: <class 'torch.Tensor'> , y : <class 'torch.Tensor'>

Inner Fold 2 Results: {'MSE - mean': 31786265.751653966, 'MSE - std': 21814.228323873132, 'R2 - mean': -0.9806136682180407, 'R2 - std': 0.012738259278047726}
  outer_2_inner Fold 3/5
Before Debugging -- Inner Fold 3
DEBUG Inner Fold 3: num_features: 9
DEBUG Inner Fold 3: num_classes: 1
DEBUG Inner Fold 3: cat_idx: [0]
DEBUG Inner Fold 3: nominal_idx: None
DEBUG Inner Fold 3: ordinal_idx: [1, 2, 3]
DEBUG Inner Fold 3: num_idx: None
DEBUG Inner Fold 3: cat_dims: [2]
DEBUG Inner Fold 3: bin_alt: None
~~~~~~~~~~~~~~~~~~~~~~~~~~~~~~~~~~~~~~~~~~~~~~~~~~~~~~~~~~~~~~~~~~~~~~~~~~~~~~~
BEFORE ANY ENCODING
num_features :9
num_classes : 1
cat_idx : [0]
nominal_idx : None
ordinal_idx : [1, 2, 3]
num_idx : None
cat_dims : [2]
bin_alt : None 


X_train shape : (17261, 9)
~~~~~~~~~~~~~~~~~~~~~~~~~~~~~~~~~~~~~~~~~~~~~~~~~~~~~~~~~~~~~~~~~~~~~~~~~~~~~~~
~~~~~~~~~~~~~~~~~~~~~~~~~~~~~~~~~~~~~~~~~~~~~~~~~~~~~~~~~~~~~~~~~~~~~~~~~~~~~~~
AFTER getting cat idx
Nominal Index : None
Ordinal Index : [1, 2, 3]
Cat Idx : [0]
Cat dims : [2]
~~~~~~~~~~~~~~~~~~~~~~~~~~~~~~~~~~~~~~~~~~~~~~~~~~~~~~~~~~~~~~~~~~~~~~~~~~~~~~~
BEFORE getting cat idx
Nominal Index : None
Ordinal Index : [1, 2, 3]
Cat Idx : [1, 2, 3]
Cat dims : []
~~~~~~~~~~~~~~~~~~~~~~~~~~~~~~~~~~~~~~~~~~~~~~~~~~~~~~~~~~~~~~~~~~~~~~~~~~~~~~~ 


AFTER SEPARATING CATEGORICALS AND NUMERICALS
Ordinal Index : [1, 2, 3]
Numerical Index V1 : [0, 4, 5, 6, 7, 8]
Cat Idx V1 : [1, 2, 3] 
Cat Dims V1 : []
 

~~~~~~~~~~~~~~~~~~~~~~~~~~~~~~~~~~~~~~~~~~~~~~~~~~~~~~~~~~~~~~~~~~~~~~~~~~~~~~~ 


Scaling the data...
~~~~~~~~~~~~~~~~~~~~~~~~~~~~~~~~~~~~~~~~~~~~~~~~~~~~~~~~~~~~~~~~~~~~~~~~~~~~~~~
After OHE
Numerical Index V2 : [0, 4, 5, 6, 7, 8] 


OHE Idx : None


Ordinal Idx V2: [1, 2, 3]


Cat Dims V2 : []
Cat Idx V2 : [1, 2, 3] 
 

Train: [[0.6072843181424744 'Very Good' 'I' 'SI1' 1.0078898873043258]
 [-1.205889028001656 'Ideal' 'G' 'VVS1' -0.17010999663284473]
 [0.45970044113074277 'Premium' 'F' 'VS1' 0.10706644664648807]
 [0.8392018391609095 'Very Good' 'H' 'VS2' 1.0078898873043258]
 [-0.21496871092288725 'Good' 'H' 'VVS2' 0.24565466828615692]
 [1.4717041692111876 'Very Good' 'E' 'VS2' -1.5559922130295136]
 [-0.61555351995473 'Ideal' 'F' 'VS2' -0.7937569940113448]
 [0.24886633111398349 'Good' 'E' 'SI2' 0.03777233582665363]
 [-0.17280188891953535 'Very Good' 'J' 'VS2' 1.0078898873043258]
 [0.43861703012906683 'Premium' 'E' 'VS1' -0.6551687723716808]] 
 
 
Val : (17261, 9) 
 

~~~~~~~~~~~~~~~~~~~~~~~~~~~~~~~~~~~~~~~~~~~~~~~~~~~~~~~~~~~~~~~~~~~~~~~~~~~~~~~
Ordinal Encoding...
Cat Idx V3 : [1, 2, 3] 
 

~~~~~~~~~~~~~~~~~~~~~~~~~~~~~~~~~~~~~~~~~~~~~~~~~~~~~~~~~~~~~~~~~~~~~~~~~~~~~~~
After ORDINAL
Numerical Index V2 : [0, 4, 5, 6, 7, 8] 


OHE Idx : None


Ordinal Idx V2: [1, 2, 3]


Cat Dims V2 : [6, 8, 9]
Cat Idx V2 : [1, 2, 3] 
 

Train: [[0.6072843181424744 3 2 3 1.0078898873043258 0.6805074009227426
  0.712616734045217 0.6806158086515192 0.7897544840976937]
 [-1.205889028001656 5 4 7 -0.17010999663284473 -0.21712844320750932
  -1.6103673028161334 -1.5971196738002342 -1.5365665431185256]
 [0.45970044113074277 4 5 5 0.10706644664648807 0.23168947885761665
  0.6322057481538627 0.6806158086515192 0.6383371391309571]
 [0.8392018391609095 3 3 4 1.0078898873043258 -1.5635822094028873
  0.8823732598158545 0.9326972059189071 0.9962326817796059]
 [-0.21496871092288725 2 3 6 0.24565466828615692 2.9245970112483723
  -0.10936223284418382 -0.08463129019590757 -0.06368873298754671]
 [1.4717041692111876 3 6 4 -1.5559922130295136 0.23168947885761665
  1.5167265929587614 1.5629006990873766 1.2302413058191084]
 [-0.61555351995473 5 5 4 -0.7937569940113448 -0.6659463652726353
  -0.4935480543250992 -0.5167708283685727 -0.5592364074241376]
 [0.24886633111398349 2 6 2 0.03777233582665363 0.6805074009227426
  0.32843091256430157 0.4015256902483403 0.349267662376279]
 [-0.17280188891953535 3 1 4 1.0078898873043258 1.1293253229878686
  0.024656076974739743 -0.03961675496958848 0.11525903833677771]
 [0.43861703012906683 4 6 5 -0.6551687723716808 0.6805074009227426
  0.6411403021417907 0.6085925522894083 0.5144502205218094]] 
 
 
Val : (17261, 9) 
 

FINISHED ENCODING
~~~~~~~~~~~~~~~~~~~~~~~~~~~~~~~~~~~~~~~~~~~~~~~~~~~~~~~~~~~~~~~~~~~~~~~~~~~~~~~


~~~~~~~~~~~~~~~~~~~~~~~~~~~~~~~~~~~~~~~~~~~~~~~~~~~~~~~~~~~~~~~~~~~~~~~~~~~~~~~
Test numpy array issues
X dtype: object
X Val dtype: object
X dtype: float32
X Val dtype: float32
After Debugging -- Inner Fold 3
DEBUG Inner Fold 3: num_features: 9
DEBUG Inner Fold 3: num_classes: 1
DEBUG Inner Fold 3: cat_idx: [1, 2, 3]
DEBUG Inner Fold 3: nominal_idx: None
DEBUG Inner Fold 3: ordinal_idx: [1, 2, 3]
DEBUG Inner Fold 3: num_idx: [0, 4, 5, 6, 7, 8]
DEBUG Inner Fold 3: cat_dims: [6, 8, 9]
DEBUG Inner Fold 3: bin_alt: None
In get_device
On Device: cuda
**** Data b4 Fitting ****
Train Data b4 training...
X: <class 'numpy.ndarray'> , y : (<class 'numpy.ndarray'>,), X_val: <class 'numpy.ndarray'> , y : <class 'numpy.ndarray'>

Train Data after...
X: <class 'torch.Tensor'> , y : (<class 'torch.Tensor'>,), X_val: <class 'torch.Tensor'> , y : <class 'torch.Tensor'>

Inner Fold 3 Results: {'MSE - mean': 30868951.199601814, 'MSE - std': 1297400.9461939128, 'R2 - mean': -0.9715266110584292, 'R2 - std': 0.01653253505265521}
  outer_2_inner Fold 4/5
Before Debugging -- Inner Fold 4
DEBUG Inner Fold 4: num_features: 9
DEBUG Inner Fold 4: num_classes: 1
DEBUG Inner Fold 4: cat_idx: [0]
DEBUG Inner Fold 4: nominal_idx: None
DEBUG Inner Fold 4: ordinal_idx: [1, 2, 3]
DEBUG Inner Fold 4: num_idx: None
DEBUG Inner Fold 4: cat_dims: [2]
DEBUG Inner Fold 4: bin_alt: None
~~~~~~~~~~~~~~~~~~~~~~~~~~~~~~~~~~~~~~~~~~~~~~~~~~~~~~~~~~~~~~~~~~~~~~~~~~~~~~~
BEFORE ANY ENCODING
num_features :9
num_classes : 1
cat_idx : [0]
nominal_idx : None
ordinal_idx : [1, 2, 3]
num_idx : None
cat_dims : [2]
bin_alt : None 


X_train shape : (17261, 9)
~~~~~~~~~~~~~~~~~~~~~~~~~~~~~~~~~~~~~~~~~~~~~~~~~~~~~~~~~~~~~~~~~~~~~~~~~~~~~~~
~~~~~~~~~~~~~~~~~~~~~~~~~~~~~~~~~~~~~~~~~~~~~~~~~~~~~~~~~~~~~~~~~~~~~~~~~~~~~~~
AFTER getting cat idx
Nominal Index : None
Ordinal Index : [1, 2, 3]
Cat Idx : [0]
Cat dims : [2]
~~~~~~~~~~~~~~~~~~~~~~~~~~~~~~~~~~~~~~~~~~~~~~~~~~~~~~~~~~~~~~~~~~~~~~~~~~~~~~~
BEFORE getting cat idx
Nominal Index : None
Ordinal Index : [1, 2, 3]
Cat Idx : [1, 2, 3]
Cat dims : []
~~~~~~~~~~~~~~~~~~~~~~~~~~~~~~~~~~~~~~~~~~~~~~~~~~~~~~~~~~~~~~~~~~~~~~~~~~~~~~~ 


AFTER SEPARATING CATEGORICALS AND NUMERICALS
Ordinal Index : [1, 2, 3]
Numerical Index V1 : [0, 4, 5, 6, 7, 8]
Cat Idx V1 : [1, 2, 3] 
Cat Dims V1 : []
 

~~~~~~~~~~~~~~~~~~~~~~~~~~~~~~~~~~~~~~~~~~~~~~~~~~~~~~~~~~~~~~~~~~~~~~~~~~~~~~~ 


Scaling the data...
~~~~~~~~~~~~~~~~~~~~~~~~~~~~~~~~~~~~~~~~~~~~~~~~~~~~~~~~~~~~~~~~~~~~~~~~~~~~~~~
After OHE
Numerical Index V2 : [0, 4, 5, 6, 7, 8] 


OHE Idx : None


Ordinal Idx V2: [1, 2, 3]


Cat Dims V2 : []
Cat Idx V2 : [1, 2, 3] 
 

Train: [[0.6108816158222454 'Very Good' 'I' 'SI1' 1.0085131122693196]
 [-1.2012558522409988 'Ideal' 'G' 'VVS1' -0.16166246098539674]
 [0.46338205446826025 'Premium' 'F' 'VS1' 0.11367296801571154]
 [0.8426666408070786 'Very Good' 'H' 'VS2' 1.0085131122693196]
 [-0.21090165457852839 'Good' 'H' 'VVS2' 0.2513406825162681]
 [1.474807618038443 'Very Good' 'E' 'VS2' -1.5383396059909429]
 [0.2526683953911389 'Good' 'E' 'SI2' 0.044839110765433246]
 [-0.16875892276310406 'Very Good' 'J' 'VS2' 1.0085131122693196]
 [0.4423106885605481 'Premium' 'E' 'VS1' -0.6434994617373399]
 [-1.0326849249793018 'Ideal' 'H' 'VS2' 0.3201745397665464]] 
 
 
Val : (17261, 9) 
 

~~~~~~~~~~~~~~~~~~~~~~~~~~~~~~~~~~~~~~~~~~~~~~~~~~~~~~~~~~~~~~~~~~~~~~~~~~~~~~~
Ordinal Encoding...
Cat Idx V3 : [1, 2, 3] 
 

~~~~~~~~~~~~~~~~~~~~~~~~~~~~~~~~~~~~~~~~~~~~~~~~~~~~~~~~~~~~~~~~~~~~~~~~~~~~~~~
After ORDINAL
Numerical Index V2 : [0, 4, 5, 6, 7, 8] 


OHE Idx : None


Ordinal Idx V2: [1, 2, 3]


Cat Dims V2 : [6, 8, 9]
Cat Idx V2 : [1, 2, 3] 
 

Train: [[0.6108816158222454 3 2 3 1.0085131122693196 0.6738845388275362
  0.7169572121113307 0.6730546494904568 0.7945138167943704]
 [-1.2012558522409988 5 4 7 -0.16166246098539674 -0.22079259027174855
  -1.6096441459481101 -1.5723305321824272 -1.5319426561603493]
 [0.46338205446826025 4 5 5 0.11367296801571154 0.22654597427789383
  0.6364210112554272 0.6730546494904568 0.6430876558328201]
 [0.8426666408070786 3 3 4 1.0085131122693196 -1.5628082839206758
  0.8869780805849056 0.9215557763159146 1.001004036287392]
 [-0.21090165457852839 2 3 6 0.2513406825162681 2.910577361575748
  -0.10630172997124059 -0.08132377122968183 -0.05897909044345597]
 [1.474807618038443 3 6 4 -1.5383396059909429 0.22654597427789383
  1.5223192206703682 1.5428085933795586 1.235026285046152]
 [0.2526683953911389 2 6 2 0.044839110765433246 0.6738845388275362
  0.33217314135534654 0.3979284019337006 0.3540013485425887]
 [-0.16875892276310406 3 1 4 1.0085131122693196 1.1212231033771787
  0.02792527145526514 -0.03694857001085029 0.11997909978383]
 [0.4423106885605481 4 6 5 -0.6434994617373399 0.6738845388275362
  0.645369478017194 0.602054327540326 0.5191935241370068]
 [-1.0326849249793018 5 3 4 0.3201745397665464 -1.1154697193710332
  -1.2069631416685918 -1.2262039626755397 -1.1327282318071725]] 
 
 
Val : (17261, 9) 
 

FINISHED ENCODING
~~~~~~~~~~~~~~~~~~~~~~~~~~~~~~~~~~~~~~~~~~~~~~~~~~~~~~~~~~~~~~~~~~~~~~~~~~~~~~~


~~~~~~~~~~~~~~~~~~~~~~~~~~~~~~~~~~~~~~~~~~~~~~~~~~~~~~~~~~~~~~~~~~~~~~~~~~~~~~~
Test numpy array issues
X dtype: object
X Val dtype: object
X dtype: float32
X Val dtype: float32
After Debugging -- Inner Fold 4
DEBUG Inner Fold 4: num_features: 9
DEBUG Inner Fold 4: num_classes: 1
DEBUG Inner Fold 4: cat_idx: [1, 2, 3]
DEBUG Inner Fold 4: nominal_idx: None
DEBUG Inner Fold 4: ordinal_idx: [1, 2, 3]
DEBUG Inner Fold 4: num_idx: [0, 4, 5, 6, 7, 8]
DEBUG Inner Fold 4: cat_dims: [6, 8, 9]
DEBUG Inner Fold 4: bin_alt: None
In get_device
On Device: cuda
**** Data b4 Fitting ****
Train Data b4 training...
X: <class 'numpy.ndarray'> , y : (<class 'numpy.ndarray'>,), X_val: <class 'numpy.ndarray'> , y : <class 'numpy.ndarray'>

Train Data after...
X: <class 'torch.Tensor'> , y : (<class 'torch.Tensor'>,), X_val: <class 'torch.Tensor'> , y : <class 'torch.Tensor'>

Inner Fold 4 Results: {'MSE - mean': 30884955.430190694, 'MSE - std': 1123924.0710914913, 'R2 - mean': -0.9700298298054693, 'R2 - std': 0.014550415760660988}
  outer_2_inner Fold 5/5
Before Debugging -- Inner Fold 5
DEBUG Inner Fold 5: num_features: 9
DEBUG Inner Fold 5: num_classes: 1
DEBUG Inner Fold 5: cat_idx: [0]
DEBUG Inner Fold 5: nominal_idx: None
DEBUG Inner Fold 5: ordinal_idx: [1, 2, 3]
DEBUG Inner Fold 5: num_idx: None
DEBUG Inner Fold 5: cat_dims: [2]
DEBUG Inner Fold 5: bin_alt: None
~~~~~~~~~~~~~~~~~~~~~~~~~~~~~~~~~~~~~~~~~~~~~~~~~~~~~~~~~~~~~~~~~~~~~~~~~~~~~~~
BEFORE ANY ENCODING
num_features :9
num_classes : 1
cat_idx : [0]
nominal_idx : None
ordinal_idx : [1, 2, 3]
num_idx : None
cat_dims : [2]
bin_alt : None 


X_train shape : (17261, 9)
~~~~~~~~~~~~~~~~~~~~~~~~~~~~~~~~~~~~~~~~~~~~~~~~~~~~~~~~~~~~~~~~~~~~~~~~~~~~~~~
~~~~~~~~~~~~~~~~~~~~~~~~~~~~~~~~~~~~~~~~~~~~~~~~~~~~~~~~~~~~~~~~~~~~~~~~~~~~~~~
AFTER getting cat idx
Nominal Index : None
Ordinal Index : [1, 2, 3]
Cat Idx : [0]
Cat dims : [2]
~~~~~~~~~~~~~~~~~~~~~~~~~~~~~~~~~~~~~~~~~~~~~~~~~~~~~~~~~~~~~~~~~~~~~~~~~~~~~~~
BEFORE getting cat idx
Nominal Index : None
Ordinal Index : [1, 2, 3]
Cat Idx : [1, 2, 3]
Cat dims : []
~~~~~~~~~~~~~~~~~~~~~~~~~~~~~~~~~~~~~~~~~~~~~~~~~~~~~~~~~~~~~~~~~~~~~~~~~~~~~~~ 


AFTER SEPARATING CATEGORICALS AND NUMERICALS
Ordinal Index : [1, 2, 3]
Numerical Index V1 : [0, 4, 5, 6, 7, 8]
Cat Idx V1 : [1, 2, 3] 
Cat Dims V1 : []
 

~~~~~~~~~~~~~~~~~~~~~~~~~~~~~~~~~~~~~~~~~~~~~~~~~~~~~~~~~~~~~~~~~~~~~~~~~~~~~~~ 


Scaling the data...
~~~~~~~~~~~~~~~~~~~~~~~~~~~~~~~~~~~~~~~~~~~~~~~~~~~~~~~~~~~~~~~~~~~~~~~~~~~~~~~
After OHE
Numerical Index V2 : [0, 4, 5, 6, 7, 8] 


OHE Idx : None


Ordinal Idx V2: [1, 2, 3]


Cat Dims V2 : []
Cat Idx V2 : [1, 2, 3] 
 

Train: [[0.4679925617898262 'Premium' 'F' 'VS1' 0.10629854407086942]
 [-0.2084735110698812 'Good' 'H' 'VVS2' 0.24545285518591095]
 [-0.6101252418303322 'Ideal' 'F' 'VS2' -0.7982044781768859]
 [0.2565969140211677 'Good' 'E' 'SI2' 0.036721388513348635]
 [-0.1661943815161495 'Very Good' 'J' 'VS2' 1.0108015663186296]
 [1.5249708006331186 'Premium' 'E' 'SI1' 0.5237614774159891]
 [0.6793882095584849 'Premium' 'G' 'SI2' -0.5198958559468077]
 [-0.5255669827228688 'Good' 'H' 'SI1' 1.2891101885487077]
 [-0.6312648066071982 'Very Good' 'G' 'SI1' -1.7027075004246461]
 [-0.1450548167392836 'Very Good' 'I' 'VS1' 0.45418432185846835]] 
 
 
Val : (17261, 9) 
 

~~~~~~~~~~~~~~~~~~~~~~~~~~~~~~~~~~~~~~~~~~~~~~~~~~~~~~~~~~~~~~~~~~~~~~~~~~~~~~~
Ordinal Encoding...
Cat Idx V3 : [1, 2, 3] 
 

~~~~~~~~~~~~~~~~~~~~~~~~~~~~~~~~~~~~~~~~~~~~~~~~~~~~~~~~~~~~~~~~~~~~~~~~~~~~~~~
After ORDINAL
Numerical Index V2 : [0, 4, 5, 6, 7, 8] 


OHE Idx : None


Ordinal Idx V2: [1, 2, 3]


Cat Dims V2 : [6, 8, 9]
Cat Idx V2 : [1, 2, 3] 
 

Train: [[0.4679925617898262 4 5 5 0.10629854407086942 0.23235749511491352
  0.6411197948022186 0.67710756903109 0.6462295613896554]
 [-0.2084735110698812 2 3 6 0.24545285518591095 2.9241177120132624
  -0.1021412403809533 -0.07757371710048366 -0.05580390548888506]
 [-0.6101252418303322 5 5 4 -0.7982044781768859 -0.6648959105178694
  -0.48720418631922274 -0.503746678680667 -0.5513569409325607]
 [0.2565969140211677 2 6 2 0.036721388513348635 0.680984197931305
  0.33665141894405193 0.4018708646772222 0.3571569573808445]
 [-0.1661943815161495 3 1 4 1.0108015663186296 1.1296109007476964
  0.032183043085884495 -0.03318070026921476 0.12314580175466439]
 [1.5249708006331186 4 6 3 0.5237614774159891 0.680984197931305
  1.429155591141003 1.3518814248663795 1.4033244766508264]
 [0.6793882095584849 4 4 2 -0.5198958559468077 1.1296109007476964
  0.8649936005802823 0.8014080161586431 0.7288217339636021]
 [-0.5255669827228688 2 3 3 1.2891101885487077 -1.113522613334261
  -0.49615913855034594 -0.45047505848314373 -0.3173457853063805]
 [-0.6312648066071982 3 4 3 -1.7027075004246461 0.23235749511491352
  -0.48720418631922274 -0.4415964551168901 -0.6201837514108494]
 [-0.1450548167392836 3 2 5 0.45418432185846835 -0.6648959105178694
  -0.012591718069728104 0.020090919928307763 0.05431899127637632]] 
 
 
Val : (17261, 9) 
 

FINISHED ENCODING
~~~~~~~~~~~~~~~~~~~~~~~~~~~~~~~~~~~~~~~~~~~~~~~~~~~~~~~~~~~~~~~~~~~~~~~~~~~~~~~


~~~~~~~~~~~~~~~~~~~~~~~~~~~~~~~~~~~~~~~~~~~~~~~~~~~~~~~~~~~~~~~~~~~~~~~~~~~~~~~
Test numpy array issues
X dtype: object
X Val dtype: object
X dtype: float32
X Val dtype: float32
After Debugging -- Inner Fold 5
DEBUG Inner Fold 5: num_features: 9
DEBUG Inner Fold 5: num_classes: 1
DEBUG Inner Fold 5: cat_idx: [1, 2, 3]
DEBUG Inner Fold 5: nominal_idx: None
DEBUG Inner Fold 5: ordinal_idx: [1, 2, 3]
DEBUG Inner Fold 5: num_idx: [0, 4, 5, 6, 7, 8]
DEBUG Inner Fold 5: cat_dims: [6, 8, 9]
DEBUG Inner Fold 5: bin_alt: None
In get_device
On Device: cuda
**** Data b4 Fitting ****
Train Data b4 training...
X: <class 'numpy.ndarray'> , y : (<class 'numpy.ndarray'>,), X_val: <class 'numpy.ndarray'> , y : <class 'numpy.ndarray'>

Train Data after...
X: <class 'torch.Tensor'> , y : (<class 'torch.Tensor'>,), X_val: <class 'torch.Tensor'> , y : <class 'torch.Tensor'>

Inner Fold 5 Results: {'MSE - mean': 31107163.47870775, 'MSE - std': 1099122.3414006878, 'R2 - mean': -0.9697870736482266, 'R2 - std': 0.013023340633416236}
Trial Results B4 Saving: {'MSE - mean': 31107163.47870775, 'MSE - std': 1099122.3414006878, 'R2 - mean': -0.9697870736482266, 'R2 - std': 0.013023340633416236}
Score: 31107163.47870775
  outer_2_inner Fold 1/5
Before Debugging -- Inner Fold 1
DEBUG Inner Fold 1: num_features: 9
DEBUG Inner Fold 1: num_classes: 1
DEBUG Inner Fold 1: cat_idx: [0]
DEBUG Inner Fold 1: nominal_idx: None
DEBUG Inner Fold 1: ordinal_idx: [1, 2, 3]
DEBUG Inner Fold 1: num_idx: None
DEBUG Inner Fold 1: cat_dims: [2]
DEBUG Inner Fold 1: bin_alt: None
~~~~~~~~~~~~~~~~~~~~~~~~~~~~~~~~~~~~~~~~~~~~~~~~~~~~~~~~~~~~~~~~~~~~~~~~~~~~~~~
BEFORE ANY ENCODING
num_features :9
num_classes : 1
cat_idx : [0]
nominal_idx : None
ordinal_idx : [1, 2, 3]
num_idx : None
cat_dims : [2]
bin_alt : None 


X_train shape : (17260, 9)
~~~~~~~~~~~~~~~~~~~~~~~~~~~~~~~~~~~~~~~~~~~~~~~~~~~~~~~~~~~~~~~~~~~~~~~~~~~~~~~
~~~~~~~~~~~~~~~~~~~~~~~~~~~~~~~~~~~~~~~~~~~~~~~~~~~~~~~~~~~~~~~~~~~~~~~~~~~~~~~
AFTER getting cat idx
Nominal Index : None
Ordinal Index : [1, 2, 3]
Cat Idx : [0]
Cat dims : [2]
~~~~~~~~~~~~~~~~~~~~~~~~~~~~~~~~~~~~~~~~~~~~~~~~~~~~~~~~~~~~~~~~~~~~~~~~~~~~~~~
BEFORE getting cat idx
Nominal Index : None
Ordinal Index : [1, 2, 3]
Cat Idx : [1, 2, 3]
Cat dims : []
~~~~~~~~~~~~~~~~~~~~~~~~~~~~~~~~~~~~~~~~~~~~~~~~~~~~~~~~~~~~~~~~~~~~~~~~~~~~~~~ 


AFTER SEPARATING CATEGORICALS AND NUMERICALS
Ordinal Index : [1, 2, 3]
Numerical Index V1 : [0, 4, 5, 6, 7, 8]
Cat Idx V1 : [1, 2, 3] 
Cat Dims V1 : []
 

~~~~~~~~~~~~~~~~~~~~~~~~~~~~~~~~~~~~~~~~~~~~~~~~~~~~~~~~~~~~~~~~~~~~~~~~~~~~~~~ 


Scaling the data...
~~~~~~~~~~~~~~~~~~~~~~~~~~~~~~~~~~~~~~~~~~~~~~~~~~~~~~~~~~~~~~~~~~~~~~~~~~~~~~~
After OHE
Numerical Index V2 : [0, 4, 5, 6, 7, 8] 


OHE Idx : None


Ordinal Idx V2: [1, 2, 3]


Cat Dims V2 : []
Cat Idx V2 : [1, 2, 3] 
 

Train: [[0.6185148921667437 'Very Good' 'I' 'SI1' 1.0206070134939544]
 [-1.2031349429234803 'Ideal' 'G' 'VVS1' -0.1663344171757495]
 [0.851516615259679 'Very Good' 'H' 'VS2' 1.0206070134939544]
 [-0.20758212607184648 'Good' 'H' 'VVS2' 0.25258608776649927]
 [1.4869758600585943 'Very Good' 'E' 'VS2' -1.5627361003165754]
 [-0.610039647777826 'Ideal' 'F' 'VS2' -0.7947151745891201]
 [-0.1652181764185854 'Very Good' 'J' 'VS2' 1.0206070134939544]
 [0.44905909355369944 'Premium' 'E' 'VS1' -0.6550750062750406]
 [1.5293398097118553 'Premium' 'E' 'SI1' 0.5318664243946635]
 [-1.0336791443104363 'Ideal' 'H' 'VS2' 0.32240617192354154]] 
 
 
Val : (17260, 9) 
 

~~~~~~~~~~~~~~~~~~~~~~~~~~~~~~~~~~~~~~~~~~~~~~~~~~~~~~~~~~~~~~~~~~~~~~~~~~~~~~~
Ordinal Encoding...
Cat Idx V3 : [1, 2, 3] 
 

~~~~~~~~~~~~~~~~~~~~~~~~~~~~~~~~~~~~~~~~~~~~~~~~~~~~~~~~~~~~~~~~~~~~~~~~~~~~~~~
After ORDINAL
Numerical Index V2 : [0, 4, 5, 6, 7, 8] 


OHE Idx : None


Ordinal Idx V2: [1, 2, 3]


Cat Dims V2 : [6, 8, 9]
Cat Idx V2 : [1, 2, 3] 
 

Train: [[0.6185148921667437 3 2 3 1.0206070134939544 0.6836593988772659
  0.7231332078567079 0.6785868313450086 0.840624738859004]
 [-1.2031349429234803 5 4 7 -0.1663344171757495 -0.21462899258147766
  -1.6104704506656398 -1.5728753257057286 -1.606357040661213]
 [0.851516615259679 3 3 4 1.0206070134939544 -1.5620615797695931
  0.893665782902572 0.9277605088051695 1.0578124707690817]
 [-0.20758212607184648 2 3 6 0.25258608776649927 2.929380377524125
  -0.10260347131273814 -0.07783326094476453 -0.05708455303598712]
 [1.4869758600585943 3 6 4 -1.5627361003165754 0.23451520314789415
  1.5309190896529055 1.5506947024555713 1.3039585669338385]
 [-0.610039647777826 5 5 4 -0.7947151745891201 -0.6637731883108494
  -0.4885456148375877 -0.5049881365907546 -0.5783351096201752]
 [-0.1652181764185854 3 1 4 1.0206070134939544 1.1328035946066377
  0.03202750898662758 -0.03333796139830742 0.13114481461941405]
 [0.44905909355369944 4 6 5 -0.6550750062750406 0.6836593988772659
  0.6513300183637125 0.6073943520706769 0.5510410963122324]
 [1.5293398097118553 4 6 3 0.5318664243946635 0.6836593988772659
  1.4321897041000367 1.3549153844511588 1.4777087524619001]
 [-1.0336791443104363 5 3 4 0.32240617192354154 -1.1129173840402213
  -1.2065775097675413 -1.2258119892433619 -1.1864607589683949]] 
 
 
Val : (17260, 9) 
 

FINISHED ENCODING
~~~~~~~~~~~~~~~~~~~~~~~~~~~~~~~~~~~~~~~~~~~~~~~~~~~~~~~~~~~~~~~~~~~~~~~~~~~~~~~


~~~~~~~~~~~~~~~~~~~~~~~~~~~~~~~~~~~~~~~~~~~~~~~~~~~~~~~~~~~~~~~~~~~~~~~~~~~~~~~
Test numpy array issues
X dtype: object
X Val dtype: object
X dtype: float32
X Val dtype: float32
After Debugging -- Inner Fold 1
DEBUG Inner Fold 1: num_features: 9
DEBUG Inner Fold 1: num_classes: 1
DEBUG Inner Fold 1: cat_idx: [1, 2, 3]
DEBUG Inner Fold 1: nominal_idx: None
DEBUG Inner Fold 1: ordinal_idx: [1, 2, 3]
DEBUG Inner Fold 1: num_idx: [0, 4, 5, 6, 7, 8]
DEBUG Inner Fold 1: cat_dims: [6, 8, 9]
DEBUG Inner Fold 1: bin_alt: None
In get_device
On Device: cuda
**** Data b4 Fitting ****
Train Data b4 training...
X: <class 'numpy.ndarray'> , y : (<class 'numpy.ndarray'>,), X_val: <class 'numpy.ndarray'> , y : <class 'numpy.ndarray'>

Train Data after...
X: <class 'torch.Tensor'> , y : (<class 'torch.Tensor'>,), X_val: <class 'torch.Tensor'> , y : <class 'torch.Tensor'>

Inner Fold 1 Results: {'MSE - mean': 31880693.043137047, 'MSE - std': 0.0, 'R2 - mean': -0.9750768186088461, 'R2 - std': 0.0}
  outer_2_inner Fold 2/5
Before Debugging -- Inner Fold 2
DEBUG Inner Fold 2: num_features: 9
DEBUG Inner Fold 2: num_classes: 1
DEBUG Inner Fold 2: cat_idx: [0]
DEBUG Inner Fold 2: nominal_idx: None
DEBUG Inner Fold 2: ordinal_idx: [1, 2, 3]
DEBUG Inner Fold 2: num_idx: None
DEBUG Inner Fold 2: cat_dims: [2]
DEBUG Inner Fold 2: bin_alt: None
~~~~~~~~~~~~~~~~~~~~~~~~~~~~~~~~~~~~~~~~~~~~~~~~~~~~~~~~~~~~~~~~~~~~~~~~~~~~~~~
BEFORE ANY ENCODING
num_features :9
num_classes : 1
cat_idx : [0]
nominal_idx : None
ordinal_idx : [1, 2, 3]
num_idx : None
cat_dims : [2]
bin_alt : None 


X_train shape : (17261, 9)
~~~~~~~~~~~~~~~~~~~~~~~~~~~~~~~~~~~~~~~~~~~~~~~~~~~~~~~~~~~~~~~~~~~~~~~~~~~~~~~
~~~~~~~~~~~~~~~~~~~~~~~~~~~~~~~~~~~~~~~~~~~~~~~~~~~~~~~~~~~~~~~~~~~~~~~~~~~~~~~
AFTER getting cat idx
Nominal Index : None
Ordinal Index : [1, 2, 3]
Cat Idx : [0]
Cat dims : [2]
~~~~~~~~~~~~~~~~~~~~~~~~~~~~~~~~~~~~~~~~~~~~~~~~~~~~~~~~~~~~~~~~~~~~~~~~~~~~~~~
BEFORE getting cat idx
Nominal Index : None
Ordinal Index : [1, 2, 3]
Cat Idx : [1, 2, 3]
Cat dims : []
~~~~~~~~~~~~~~~~~~~~~~~~~~~~~~~~~~~~~~~~~~~~~~~~~~~~~~~~~~~~~~~~~~~~~~~~~~~~~~~ 


AFTER SEPARATING CATEGORICALS AND NUMERICALS
Ordinal Index : [1, 2, 3]
Numerical Index V1 : [0, 4, 5, 6, 7, 8]
Cat Idx V1 : [1, 2, 3] 
Cat Dims V1 : []
 

~~~~~~~~~~~~~~~~~~~~~~~~~~~~~~~~~~~~~~~~~~~~~~~~~~~~~~~~~~~~~~~~~~~~~~~~~~~~~~~ 


Scaling the data...
~~~~~~~~~~~~~~~~~~~~~~~~~~~~~~~~~~~~~~~~~~~~~~~~~~~~~~~~~~~~~~~~~~~~~~~~~~~~~~~
After OHE
Numerical Index V2 : [0, 4, 5, 6, 7, 8] 


OHE Idx : None


Ordinal Idx V2: [1, 2, 3]


Cat Dims V2 : []
Cat Idx V2 : [1, 2, 3] 
 

Train: [[0.6169811862022413 'Very Good' 'I' 'SI1' 1.0050571338200192]
 [-1.199925196517285 'Ideal' 'G' 'VVS1' -0.16840263626641364]
 [0.46909345737623326 'Premium' 'F' 'VS1' 0.10770554493039264]
 [0.8493761886431107 'Very Good' 'H' 'VS2' 1.0050571338200192]
 [1.4831807407545734 'Very Good' 'E' 'VS2' -1.5489435422504498]
 [-0.6083742812132532 'Ideal' 'F' 'VS2' -0.789646043959229]
 [0.25782527333907906 'Good' 'E' 'SI2' 0.03867849963118984]
 [0.4479666389725178 'Premium' 'E' 'VS1' -0.6515919533608283]
 [1.5254343775620043 'Premium' 'E' 'SI1' 0.5218678167256044]
 [-1.0309106492875617 'Ideal' 'H' 'VS2' 0.31478668082800104]] 
 
 
Val : (17261, 9) 
 

~~~~~~~~~~~~~~~~~~~~~~~~~~~~~~~~~~~~~~~~~~~~~~~~~~~~~~~~~~~~~~~~~~~~~~~~~~~~~~~
Ordinal Encoding...
Cat Idx V3 : [1, 2, 3] 
 

~~~~~~~~~~~~~~~~~~~~~~~~~~~~~~~~~~~~~~~~~~~~~~~~~~~~~~~~~~~~~~~~~~~~~~~~~~~~~~~
After ORDINAL
Numerical Index V2 : [0, 4, 5, 6, 7, 8] 


OHE Idx : None


Ordinal Idx V2: [1, 2, 3]


Cat Dims V2 : [6, 8, 9]
Cat Idx V2 : [1, 2, 3] 
 

Train: [[0.6169811862022413 3 2 3 1.0050571338200192 0.6913449933841491
  0.7230057830425559 0.6781689995334108 0.7984659753915058]
 [-1.199925196517285 5 4 7 -0.16840263626641364 -0.2113358941299903
  -1.6059022107800582 -1.5684457398770404 -1.528193961665881]
 [0.46909345737623326 4 5 5 0.10770554493039264 0.2400045496270794
  0.6423897371025425 0.6781689995334108 0.6470265712043382]
 [0.8493761886431107 3 3 4 1.0050571338200192 -1.5653572254011994
  0.8931952133603627 0.926806203895042 1.004974253828551]
 [1.4831807407545734 3 6 4 -1.5489435422504498 0.2400045496270794
  1.529166242442692 1.5483992147991197 1.239016969390538]
 [-0.6083742812132532 5 5 4 -0.789646043959229 -0.66267633788706
  -0.4862349060576472 -0.5028577211843364 -0.5507214437305292]
 [0.25782527333907906 2 6 2 0.03867849963118984 0.6913449933841491
  0.33784023021804693 0.4028920947044626 0.3579149813924735]
 [0.4479666389725178 4 6 5 -0.6515919533608283 0.6913449933841491
  0.6513470755403216 0.6071297982872305 0.5231216041421106]
 [1.5254343775620043 4 6 3 0.5218678167256044 0.6913449933841491
  1.4306355196271194 1.3530414113721232 1.4042235921401738]
 [-1.0309106492875617 5 3 4 0.31478668082800104 -1.1140167816441298
  -1.2028219810799905 -1.2221296338019114 -1.1289446233542584]] 
 
 
Val : (17261, 9) 
 

FINISHED ENCODING
~~~~~~~~~~~~~~~~~~~~~~~~~~~~~~~~~~~~~~~~~~~~~~~~~~~~~~~~~~~~~~~~~~~~~~~~~~~~~~~


~~~~~~~~~~~~~~~~~~~~~~~~~~~~~~~~~~~~~~~~~~~~~~~~~~~~~~~~~~~~~~~~~~~~~~~~~~~~~~~
Test numpy array issues
X dtype: object
X Val dtype: object
X dtype: float32
X Val dtype: float32
After Debugging -- Inner Fold 2
DEBUG Inner Fold 2: num_features: 9
DEBUG Inner Fold 2: num_classes: 1
DEBUG Inner Fold 2: cat_idx: [1, 2, 3]
DEBUG Inner Fold 2: nominal_idx: None
DEBUG Inner Fold 2: ordinal_idx: [1, 2, 3]
DEBUG Inner Fold 2: num_idx: [0, 4, 5, 6, 7, 8]
DEBUG Inner Fold 2: cat_dims: [6, 8, 9]
DEBUG Inner Fold 2: bin_alt: None
In get_device
On Device: cuda
**** Data b4 Fitting ****
Train Data b4 training...
X: <class 'numpy.ndarray'> , y : (<class 'numpy.ndarray'>,), X_val: <class 'numpy.ndarray'> , y : <class 'numpy.ndarray'>

Train Data after...
X: <class 'torch.Tensor'> , y : (<class 'torch.Tensor'>,), X_val: <class 'torch.Tensor'> , y : <class 'torch.Tensor'>

Inner Fold 2 Results: {'MSE - mean': 31902963.17996266, 'MSE - std': 22270.136825613678, 'R2 - mean': -0.9878852615482627, 'R2 - std': 0.012808442939416631}
  outer_2_inner Fold 3/5
Before Debugging -- Inner Fold 3
DEBUG Inner Fold 3: num_features: 9
DEBUG Inner Fold 3: num_classes: 1
DEBUG Inner Fold 3: cat_idx: [0]
DEBUG Inner Fold 3: nominal_idx: None
DEBUG Inner Fold 3: ordinal_idx: [1, 2, 3]
DEBUG Inner Fold 3: num_idx: None
DEBUG Inner Fold 3: cat_dims: [2]
DEBUG Inner Fold 3: bin_alt: None
~~~~~~~~~~~~~~~~~~~~~~~~~~~~~~~~~~~~~~~~~~~~~~~~~~~~~~~~~~~~~~~~~~~~~~~~~~~~~~~
BEFORE ANY ENCODING
num_features :9
num_classes : 1
cat_idx : [0]
nominal_idx : None
ordinal_idx : [1, 2, 3]
num_idx : None
cat_dims : [2]
bin_alt : None 


X_train shape : (17261, 9)
~~~~~~~~~~~~~~~~~~~~~~~~~~~~~~~~~~~~~~~~~~~~~~~~~~~~~~~~~~~~~~~~~~~~~~~~~~~~~~~
~~~~~~~~~~~~~~~~~~~~~~~~~~~~~~~~~~~~~~~~~~~~~~~~~~~~~~~~~~~~~~~~~~~~~~~~~~~~~~~
AFTER getting cat idx
Nominal Index : None
Ordinal Index : [1, 2, 3]
Cat Idx : [0]
Cat dims : [2]
~~~~~~~~~~~~~~~~~~~~~~~~~~~~~~~~~~~~~~~~~~~~~~~~~~~~~~~~~~~~~~~~~~~~~~~~~~~~~~~
BEFORE getting cat idx
Nominal Index : None
Ordinal Index : [1, 2, 3]
Cat Idx : [1, 2, 3]
Cat dims : []
~~~~~~~~~~~~~~~~~~~~~~~~~~~~~~~~~~~~~~~~~~~~~~~~~~~~~~~~~~~~~~~~~~~~~~~~~~~~~~~ 


AFTER SEPARATING CATEGORICALS AND NUMERICALS
Ordinal Index : [1, 2, 3]
Numerical Index V1 : [0, 4, 5, 6, 7, 8]
Cat Idx V1 : [1, 2, 3] 
Cat Dims V1 : []
 

~~~~~~~~~~~~~~~~~~~~~~~~~~~~~~~~~~~~~~~~~~~~~~~~~~~~~~~~~~~~~~~~~~~~~~~~~~~~~~~ 


Scaling the data...
~~~~~~~~~~~~~~~~~~~~~~~~~~~~~~~~~~~~~~~~~~~~~~~~~~~~~~~~~~~~~~~~~~~~~~~~~~~~~~~
After OHE
Numerical Index V2 : [0, 4, 5, 6, 7, 8] 


OHE Idx : None


Ordinal Idx V2: [1, 2, 3]


Cat Dims V2 : []
Cat Idx V2 : [1, 2, 3] 
 

Train: [[0.6072843181424744 'Very Good' 'I' 'SI1' 1.0078898873043258]
 [-1.205889028001656 'Ideal' 'G' 'VVS1' -0.17010999663284473]
 [0.45970044113074277 'Premium' 'F' 'VS1' 0.10706644664648807]
 [0.8392018391609095 'Very Good' 'H' 'VS2' 1.0078898873043258]
 [-0.21496871092288725 'Good' 'H' 'VVS2' 0.24565466828615692]
 [1.4717041692111876 'Very Good' 'E' 'VS2' -1.5559922130295136]
 [-0.61555351995473 'Ideal' 'F' 'VS2' -0.7937569940113448]
 [0.24886633111398349 'Good' 'E' 'SI2' 0.03777233582665363]
 [-0.17280188891953535 'Very Good' 'J' 'VS2' 1.0078898873043258]
 [0.43861703012906683 'Premium' 'E' 'VS1' -0.6551687723716808]] 
 
 
Val : (17261, 9) 
 

~~~~~~~~~~~~~~~~~~~~~~~~~~~~~~~~~~~~~~~~~~~~~~~~~~~~~~~~~~~~~~~~~~~~~~~~~~~~~~~
Ordinal Encoding...
Cat Idx V3 : [1, 2, 3] 
 

~~~~~~~~~~~~~~~~~~~~~~~~~~~~~~~~~~~~~~~~~~~~~~~~~~~~~~~~~~~~~~~~~~~~~~~~~~~~~~~
After ORDINAL
Numerical Index V2 : [0, 4, 5, 6, 7, 8] 


OHE Idx : None


Ordinal Idx V2: [1, 2, 3]


Cat Dims V2 : [6, 8, 9]
Cat Idx V2 : [1, 2, 3] 
 

Train: [[0.6072843181424744 3 2 3 1.0078898873043258 0.6805074009227426
  0.712616734045217 0.6806158086515192 0.7897544840976937]
 [-1.205889028001656 5 4 7 -0.17010999663284473 -0.21712844320750932
  -1.6103673028161334 -1.5971196738002342 -1.5365665431185256]
 [0.45970044113074277 4 5 5 0.10706644664648807 0.23168947885761665
  0.6322057481538627 0.6806158086515192 0.6383371391309571]
 [0.8392018391609095 3 3 4 1.0078898873043258 -1.5635822094028873
  0.8823732598158545 0.9326972059189071 0.9962326817796059]
 [-0.21496871092288725 2 3 6 0.24565466828615692 2.9245970112483723
  -0.10936223284418382 -0.08463129019590757 -0.06368873298754671]
 [1.4717041692111876 3 6 4 -1.5559922130295136 0.23168947885761665
  1.5167265929587614 1.5629006990873766 1.2302413058191084]
 [-0.61555351995473 5 5 4 -0.7937569940113448 -0.6659463652726353
  -0.4935480543250992 -0.5167708283685727 -0.5592364074241376]
 [0.24886633111398349 2 6 2 0.03777233582665363 0.6805074009227426
  0.32843091256430157 0.4015256902483403 0.349267662376279]
 [-0.17280188891953535 3 1 4 1.0078898873043258 1.1293253229878686
  0.024656076974739743 -0.03961675496958848 0.11525903833677771]
 [0.43861703012906683 4 6 5 -0.6551687723716808 0.6805074009227426
  0.6411403021417907 0.6085925522894083 0.5144502205218094]] 
 
 
Val : (17261, 9) 
 

FINISHED ENCODING
~~~~~~~~~~~~~~~~~~~~~~~~~~~~~~~~~~~~~~~~~~~~~~~~~~~~~~~~~~~~~~~~~~~~~~~~~~~~~~~


~~~~~~~~~~~~~~~~~~~~~~~~~~~~~~~~~~~~~~~~~~~~~~~~~~~~~~~~~~~~~~~~~~~~~~~~~~~~~~~
Test numpy array issues
X dtype: object
X Val dtype: object
X dtype: float32
X Val dtype: float32
After Debugging -- Inner Fold 3
DEBUG Inner Fold 3: num_features: 9
DEBUG Inner Fold 3: num_classes: 1
DEBUG Inner Fold 3: cat_idx: [1, 2, 3]
DEBUG Inner Fold 3: nominal_idx: None
DEBUG Inner Fold 3: ordinal_idx: [1, 2, 3]
DEBUG Inner Fold 3: num_idx: [0, 4, 5, 6, 7, 8]
DEBUG Inner Fold 3: cat_dims: [6, 8, 9]
DEBUG Inner Fold 3: bin_alt: None
In get_device
On Device: cuda
**** Data b4 Fitting ****
Train Data b4 training...
X: <class 'numpy.ndarray'> , y : (<class 'numpy.ndarray'>,), X_val: <class 'numpy.ndarray'> , y : <class 'numpy.ndarray'>

Train Data after...
X: <class 'torch.Tensor'> , y : (<class 'torch.Tensor'>,), X_val: <class 'torch.Tensor'> , y : <class 'torch.Tensor'>

Inner Fold 3 Results: {'MSE - mean': 30985590.033031505, 'MSE - std': 1297488.967486905, 'R2 - mean': -0.9789874294104361, 'R2 - std': 0.016361957111770103}
  outer_2_inner Fold 4/5
Before Debugging -- Inner Fold 4
DEBUG Inner Fold 4: num_features: 9
DEBUG Inner Fold 4: num_classes: 1
DEBUG Inner Fold 4: cat_idx: [0]
DEBUG Inner Fold 4: nominal_idx: None
DEBUG Inner Fold 4: ordinal_idx: [1, 2, 3]
DEBUG Inner Fold 4: num_idx: None
DEBUG Inner Fold 4: cat_dims: [2]
DEBUG Inner Fold 4: bin_alt: None
~~~~~~~~~~~~~~~~~~~~~~~~~~~~~~~~~~~~~~~~~~~~~~~~~~~~~~~~~~~~~~~~~~~~~~~~~~~~~~~
BEFORE ANY ENCODING
num_features :9
num_classes : 1
cat_idx : [0]
nominal_idx : None
ordinal_idx : [1, 2, 3]
num_idx : None
cat_dims : [2]
bin_alt : None 


X_train shape : (17261, 9)
~~~~~~~~~~~~~~~~~~~~~~~~~~~~~~~~~~~~~~~~~~~~~~~~~~~~~~~~~~~~~~~~~~~~~~~~~~~~~~~
~~~~~~~~~~~~~~~~~~~~~~~~~~~~~~~~~~~~~~~~~~~~~~~~~~~~~~~~~~~~~~~~~~~~~~~~~~~~~~~
AFTER getting cat idx
Nominal Index : None
Ordinal Index : [1, 2, 3]
Cat Idx : [0]
Cat dims : [2]
~~~~~~~~~~~~~~~~~~~~~~~~~~~~~~~~~~~~~~~~~~~~~~~~~~~~~~~~~~~~~~~~~~~~~~~~~~~~~~~
BEFORE getting cat idx
Nominal Index : None
Ordinal Index : [1, 2, 3]
Cat Idx : [1, 2, 3]
Cat dims : []
~~~~~~~~~~~~~~~~~~~~~~~~~~~~~~~~~~~~~~~~~~~~~~~~~~~~~~~~~~~~~~~~~~~~~~~~~~~~~~~ 


AFTER SEPARATING CATEGORICALS AND NUMERICALS
Ordinal Index : [1, 2, 3]
Numerical Index V1 : [0, 4, 5, 6, 7, 8]
Cat Idx V1 : [1, 2, 3] 
Cat Dims V1 : []
 

~~~~~~~~~~~~~~~~~~~~~~~~~~~~~~~~~~~~~~~~~~~~~~~~~~~~~~~~~~~~~~~~~~~~~~~~~~~~~~~ 


Scaling the data...
~~~~~~~~~~~~~~~~~~~~~~~~~~~~~~~~~~~~~~~~~~~~~~~~~~~~~~~~~~~~~~~~~~~~~~~~~~~~~~~
After OHE
Numerical Index V2 : [0, 4, 5, 6, 7, 8] 


OHE Idx : None


Ordinal Idx V2: [1, 2, 3]


Cat Dims V2 : []
Cat Idx V2 : [1, 2, 3] 
 

Train: [[0.6108816158222454 'Very Good' 'I' 'SI1' 1.0085131122693196]
 [-1.2012558522409988 'Ideal' 'G' 'VVS1' -0.16166246098539674]
 [0.46338205446826025 'Premium' 'F' 'VS1' 0.11367296801571154]
 [0.8426666408070786 'Very Good' 'H' 'VS2' 1.0085131122693196]
 [-0.21090165457852839 'Good' 'H' 'VVS2' 0.2513406825162681]
 [1.474807618038443 'Very Good' 'E' 'VS2' -1.5383396059909429]
 [0.2526683953911389 'Good' 'E' 'SI2' 0.044839110765433246]
 [-0.16875892276310406 'Very Good' 'J' 'VS2' 1.0085131122693196]
 [0.4423106885605481 'Premium' 'E' 'VS1' -0.6434994617373399]
 [-1.0326849249793018 'Ideal' 'H' 'VS2' 0.3201745397665464]] 
 
 
Val : (17261, 9) 
 

~~~~~~~~~~~~~~~~~~~~~~~~~~~~~~~~~~~~~~~~~~~~~~~~~~~~~~~~~~~~~~~~~~~~~~~~~~~~~~~
Ordinal Encoding...
Cat Idx V3 : [1, 2, 3] 
 

~~~~~~~~~~~~~~~~~~~~~~~~~~~~~~~~~~~~~~~~~~~~~~~~~~~~~~~~~~~~~~~~~~~~~~~~~~~~~~~
After ORDINAL
Numerical Index V2 : [0, 4, 5, 6, 7, 8] 


OHE Idx : None


Ordinal Idx V2: [1, 2, 3]


Cat Dims V2 : [6, 8, 9]
Cat Idx V2 : [1, 2, 3] 
 

Train: [[0.6108816158222454 3 2 3 1.0085131122693196 0.6738845388275362
  0.7169572121113307 0.6730546494904568 0.7945138167943704]
 [-1.2012558522409988 5 4 7 -0.16166246098539674 -0.22079259027174855
  -1.6096441459481101 -1.5723305321824272 -1.5319426561603493]
 [0.46338205446826025 4 5 5 0.11367296801571154 0.22654597427789383
  0.6364210112554272 0.6730546494904568 0.6430876558328201]
 [0.8426666408070786 3 3 4 1.0085131122693196 -1.5628082839206758
  0.8869780805849056 0.9215557763159146 1.001004036287392]
 [-0.21090165457852839 2 3 6 0.2513406825162681 2.910577361575748
  -0.10630172997124059 -0.08132377122968183 -0.05897909044345597]
 [1.474807618038443 3 6 4 -1.5383396059909429 0.22654597427789383
  1.5223192206703682 1.5428085933795586 1.235026285046152]
 [0.2526683953911389 2 6 2 0.044839110765433246 0.6738845388275362
  0.33217314135534654 0.3979284019337006 0.3540013485425887]
 [-0.16875892276310406 3 1 4 1.0085131122693196 1.1212231033771787
  0.02792527145526514 -0.03694857001085029 0.11997909978383]
 [0.4423106885605481 4 6 5 -0.6434994617373399 0.6738845388275362
  0.645369478017194 0.602054327540326 0.5191935241370068]
 [-1.0326849249793018 5 3 4 0.3201745397665464 -1.1154697193710332
  -1.2069631416685918 -1.2262039626755397 -1.1327282318071725]] 
 
 
Val : (17261, 9) 
 

FINISHED ENCODING
~~~~~~~~~~~~~~~~~~~~~~~~~~~~~~~~~~~~~~~~~~~~~~~~~~~~~~~~~~~~~~~~~~~~~~~~~~~~~~~


~~~~~~~~~~~~~~~~~~~~~~~~~~~~~~~~~~~~~~~~~~~~~~~~~~~~~~~~~~~~~~~~~~~~~~~~~~~~~~~
Test numpy array issues
X dtype: object
X Val dtype: object
X dtype: float32
X Val dtype: float32
After Debugging -- Inner Fold 4
DEBUG Inner Fold 4: num_features: 9
DEBUG Inner Fold 4: num_classes: 1
DEBUG Inner Fold 4: cat_idx: [1, 2, 3]
DEBUG Inner Fold 4: nominal_idx: None
DEBUG Inner Fold 4: ordinal_idx: [1, 2, 3]
DEBUG Inner Fold 4: num_idx: [0, 4, 5, 6, 7, 8]
DEBUG Inner Fold 4: cat_dims: [6, 8, 9]
DEBUG Inner Fold 4: bin_alt: None
In get_device
On Device: cuda
**** Data b4 Fitting ****
Train Data b4 training...
X: <class 'numpy.ndarray'> , y : (<class 'numpy.ndarray'>,), X_val: <class 'numpy.ndarray'> , y : <class 'numpy.ndarray'>

Train Data after...
X: <class 'torch.Tensor'> , y : (<class 'torch.Tensor'>,), X_val: <class 'torch.Tensor'> , y : <class 'torch.Tensor'>

Inner Fold 4 Results: {'MSE - mean': 31002476.23895998, 'MSE - std': 1124038.988387259, 'R2 - mean': -0.9775343491520556, 'R2 - std': 0.01439164886687549}
  outer_2_inner Fold 5/5
Before Debugging -- Inner Fold 5
DEBUG Inner Fold 5: num_features: 9
DEBUG Inner Fold 5: num_classes: 1
DEBUG Inner Fold 5: cat_idx: [0]
DEBUG Inner Fold 5: nominal_idx: None
DEBUG Inner Fold 5: ordinal_idx: [1, 2, 3]
DEBUG Inner Fold 5: num_idx: None
DEBUG Inner Fold 5: cat_dims: [2]
DEBUG Inner Fold 5: bin_alt: None
~~~~~~~~~~~~~~~~~~~~~~~~~~~~~~~~~~~~~~~~~~~~~~~~~~~~~~~~~~~~~~~~~~~~~~~~~~~~~~~
BEFORE ANY ENCODING
num_features :9
num_classes : 1
cat_idx : [0]
nominal_idx : None
ordinal_idx : [1, 2, 3]
num_idx : None
cat_dims : [2]
bin_alt : None 


X_train shape : (17261, 9)
~~~~~~~~~~~~~~~~~~~~~~~~~~~~~~~~~~~~~~~~~~~~~~~~~~~~~~~~~~~~~~~~~~~~~~~~~~~~~~~
~~~~~~~~~~~~~~~~~~~~~~~~~~~~~~~~~~~~~~~~~~~~~~~~~~~~~~~~~~~~~~~~~~~~~~~~~~~~~~~
AFTER getting cat idx
Nominal Index : None
Ordinal Index : [1, 2, 3]
Cat Idx : [0]
Cat dims : [2]
~~~~~~~~~~~~~~~~~~~~~~~~~~~~~~~~~~~~~~~~~~~~~~~~~~~~~~~~~~~~~~~~~~~~~~~~~~~~~~~
BEFORE getting cat idx
Nominal Index : None
Ordinal Index : [1, 2, 3]
Cat Idx : [1, 2, 3]
Cat dims : []
~~~~~~~~~~~~~~~~~~~~~~~~~~~~~~~~~~~~~~~~~~~~~~~~~~~~~~~~~~~~~~~~~~~~~~~~~~~~~~~ 


AFTER SEPARATING CATEGORICALS AND NUMERICALS
Ordinal Index : [1, 2, 3]
Numerical Index V1 : [0, 4, 5, 6, 7, 8]
Cat Idx V1 : [1, 2, 3] 
Cat Dims V1 : []
 

~~~~~~~~~~~~~~~~~~~~~~~~~~~~~~~~~~~~~~~~~~~~~~~~~~~~~~~~~~~~~~~~~~~~~~~~~~~~~~~ 


Scaling the data...
~~~~~~~~~~~~~~~~~~~~~~~~~~~~~~~~~~~~~~~~~~~~~~~~~~~~~~~~~~~~~~~~~~~~~~~~~~~~~~~
After OHE
Numerical Index V2 : [0, 4, 5, 6, 7, 8] 


OHE Idx : None


Ordinal Idx V2: [1, 2, 3]


Cat Dims V2 : []
Cat Idx V2 : [1, 2, 3] 
 

Train: [[0.4679925617898262 'Premium' 'F' 'VS1' 0.10629854407086942]
 [-0.2084735110698812 'Good' 'H' 'VVS2' 0.24545285518591095]
 [-0.6101252418303322 'Ideal' 'F' 'VS2' -0.7982044781768859]
 [0.2565969140211677 'Good' 'E' 'SI2' 0.036721388513348635]
 [-0.1661943815161495 'Very Good' 'J' 'VS2' 1.0108015663186296]
 [1.5249708006331186 'Premium' 'E' 'SI1' 0.5237614774159891]
 [0.6793882095584849 'Premium' 'G' 'SI2' -0.5198958559468077]
 [-0.5255669827228688 'Good' 'H' 'SI1' 1.2891101885487077]
 [-0.6312648066071982 'Very Good' 'G' 'SI1' -1.7027075004246461]
 [-0.1450548167392836 'Very Good' 'I' 'VS1' 0.45418432185846835]] 
 
 
Val : (17261, 9) 
 

~~~~~~~~~~~~~~~~~~~~~~~~~~~~~~~~~~~~~~~~~~~~~~~~~~~~~~~~~~~~~~~~~~~~~~~~~~~~~~~
Ordinal Encoding...
Cat Idx V3 : [1, 2, 3] 
 

~~~~~~~~~~~~~~~~~~~~~~~~~~~~~~~~~~~~~~~~~~~~~~~~~~~~~~~~~~~~~~~~~~~~~~~~~~~~~~~
After ORDINAL
Numerical Index V2 : [0, 4, 5, 6, 7, 8] 


OHE Idx : None


Ordinal Idx V2: [1, 2, 3]


Cat Dims V2 : [6, 8, 9]
Cat Idx V2 : [1, 2, 3] 
 

Train: [[0.4679925617898262 4 5 5 0.10629854407086942 0.23235749511491352
  0.6411197948022186 0.67710756903109 0.6462295613896554]
 [-0.2084735110698812 2 3 6 0.24545285518591095 2.9241177120132624
  -0.1021412403809533 -0.07757371710048366 -0.05580390548888506]
 [-0.6101252418303322 5 5 4 -0.7982044781768859 -0.6648959105178694
  -0.48720418631922274 -0.503746678680667 -0.5513569409325607]
 [0.2565969140211677 2 6 2 0.036721388513348635 0.680984197931305
  0.33665141894405193 0.4018708646772222 0.3571569573808445]
 [-0.1661943815161495 3 1 4 1.0108015663186296 1.1296109007476964
  0.032183043085884495 -0.03318070026921476 0.12314580175466439]
 [1.5249708006331186 4 6 3 0.5237614774159891 0.680984197931305
  1.429155591141003 1.3518814248663795 1.4033244766508264]
 [0.6793882095584849 4 4 2 -0.5198958559468077 1.1296109007476964
  0.8649936005802823 0.8014080161586431 0.7288217339636021]
 [-0.5255669827228688 2 3 3 1.2891101885487077 -1.113522613334261
  -0.49615913855034594 -0.45047505848314373 -0.3173457853063805]
 [-0.6312648066071982 3 4 3 -1.7027075004246461 0.23235749511491352
  -0.48720418631922274 -0.4415964551168901 -0.6201837514108494]
 [-0.1450548167392836 3 2 5 0.45418432185846835 -0.6648959105178694
  -0.012591718069728104 0.020090919928307763 0.05431899127637632]] 
 
 
Val : (17261, 9) 
 

FINISHED ENCODING
~~~~~~~~~~~~~~~~~~~~~~~~~~~~~~~~~~~~~~~~~~~~~~~~~~~~~~~~~~~~~~~~~~~~~~~~~~~~~~~


~~~~~~~~~~~~~~~~~~~~~~~~~~~~~~~~~~~~~~~~~~~~~~~~~~~~~~~~~~~~~~~~~~~~~~~~~~~~~~~
Test numpy array issues
X dtype: object
X Val dtype: object
X dtype: float32
X Val dtype: float32
After Debugging -- Inner Fold 5
DEBUG Inner Fold 5: num_features: 9
DEBUG Inner Fold 5: num_classes: 1
DEBUG Inner Fold 5: cat_idx: [1, 2, 3]
DEBUG Inner Fold 5: nominal_idx: None
DEBUG Inner Fold 5: ordinal_idx: [1, 2, 3]
DEBUG Inner Fold 5: num_idx: [0, 4, 5, 6, 7, 8]
DEBUG Inner Fold 5: cat_dims: [6, 8, 9]
DEBUG Inner Fold 5: bin_alt: None
In get_device
On Device: cuda
**** Data b4 Fitting ****
Train Data b4 training...
X: <class 'numpy.ndarray'> , y : (<class 'numpy.ndarray'>,), X_val: <class 'numpy.ndarray'> , y : <class 'numpy.ndarray'>

Train Data after...
X: <class 'torch.Tensor'> , y : (<class 'torch.Tensor'>,), X_val: <class 'torch.Tensor'> , y : <class 'torch.Tensor'>

Inner Fold 5 Results: {'MSE - mean': 31224433.848163255, 'MSE - std': 1099013.9394314578, 'R2 - mean': -0.9772215651140936, 'R2 - std': 0.012887473806125326}
Trial Results B4 Saving: {'MSE - mean': 31224433.848163255, 'MSE - std': 1099013.9394314578, 'R2 - mean': -0.9772215651140936, 'R2 - std': 0.012887473806125326}
Score: 31224433.848163255
  outer_2_inner Fold 1/5
Before Debugging -- Inner Fold 1
DEBUG Inner Fold 1: num_features: 9
DEBUG Inner Fold 1: num_classes: 1
DEBUG Inner Fold 1: cat_idx: [0]
DEBUG Inner Fold 1: nominal_idx: None
DEBUG Inner Fold 1: ordinal_idx: [1, 2, 3]
DEBUG Inner Fold 1: num_idx: None
DEBUG Inner Fold 1: cat_dims: [2]
DEBUG Inner Fold 1: bin_alt: None
~~~~~~~~~~~~~~~~~~~~~~~~~~~~~~~~~~~~~~~~~~~~~~~~~~~~~~~~~~~~~~~~~~~~~~~~~~~~~~~
BEFORE ANY ENCODING
num_features :9
num_classes : 1
cat_idx : [0]
nominal_idx : None
ordinal_idx : [1, 2, 3]
num_idx : None
cat_dims : [2]
bin_alt : None 


X_train shape : (17260, 9)
~~~~~~~~~~~~~~~~~~~~~~~~~~~~~~~~~~~~~~~~~~~~~~~~~~~~~~~~~~~~~~~~~~~~~~~~~~~~~~~
~~~~~~~~~~~~~~~~~~~~~~~~~~~~~~~~~~~~~~~~~~~~~~~~~~~~~~~~~~~~~~~~~~~~~~~~~~~~~~~
AFTER getting cat idx
Nominal Index : None
Ordinal Index : [1, 2, 3]
Cat Idx : [0]
Cat dims : [2]
~~~~~~~~~~~~~~~~~~~~~~~~~~~~~~~~~~~~~~~~~~~~~~~~~~~~~~~~~~~~~~~~~~~~~~~~~~~~~~~
BEFORE getting cat idx
Nominal Index : None
Ordinal Index : [1, 2, 3]
Cat Idx : [1, 2, 3]
Cat dims : []
~~~~~~~~~~~~~~~~~~~~~~~~~~~~~~~~~~~~~~~~~~~~~~~~~~~~~~~~~~~~~~~~~~~~~~~~~~~~~~~ 


AFTER SEPARATING CATEGORICALS AND NUMERICALS
Ordinal Index : [1, 2, 3]
Numerical Index V1 : [0, 4, 5, 6, 7, 8]
Cat Idx V1 : [1, 2, 3] 
Cat Dims V1 : []
 

~~~~~~~~~~~~~~~~~~~~~~~~~~~~~~~~~~~~~~~~~~~~~~~~~~~~~~~~~~~~~~~~~~~~~~~~~~~~~~~ 


Scaling the data...
~~~~~~~~~~~~~~~~~~~~~~~~~~~~~~~~~~~~~~~~~~~~~~~~~~~~~~~~~~~~~~~~~~~~~~~~~~~~~~~
After OHE
Numerical Index V2 : [0, 4, 5, 6, 7, 8] 


OHE Idx : None


Ordinal Idx V2: [1, 2, 3]


Cat Dims V2 : []
Cat Idx V2 : [1, 2, 3] 
 

Train: [[0.6185148921667437 'Very Good' 'I' 'SI1' 1.0206070134939544]
 [-1.2031349429234803 'Ideal' 'G' 'VVS1' -0.1663344171757495]
 [0.851516615259679 'Very Good' 'H' 'VS2' 1.0206070134939544]
 [-0.20758212607184648 'Good' 'H' 'VVS2' 0.25258608776649927]
 [1.4869758600585943 'Very Good' 'E' 'VS2' -1.5627361003165754]
 [-0.610039647777826 'Ideal' 'F' 'VS2' -0.7947151745891201]
 [-0.1652181764185854 'Very Good' 'J' 'VS2' 1.0206070134939544]
 [0.44905909355369944 'Premium' 'E' 'VS1' -0.6550750062750406]
 [1.5293398097118553 'Premium' 'E' 'SI1' 0.5318664243946635]
 [-1.0336791443104363 'Ideal' 'H' 'VS2' 0.32240617192354154]] 
 
 
Val : (17260, 9) 
 

~~~~~~~~~~~~~~~~~~~~~~~~~~~~~~~~~~~~~~~~~~~~~~~~~~~~~~~~~~~~~~~~~~~~~~~~~~~~~~~
Ordinal Encoding...
Cat Idx V3 : [1, 2, 3] 
 

~~~~~~~~~~~~~~~~~~~~~~~~~~~~~~~~~~~~~~~~~~~~~~~~~~~~~~~~~~~~~~~~~~~~~~~~~~~~~~~
After ORDINAL
Numerical Index V2 : [0, 4, 5, 6, 7, 8] 


OHE Idx : None


Ordinal Idx V2: [1, 2, 3]


Cat Dims V2 : [6, 8, 9]
Cat Idx V2 : [1, 2, 3] 
 

Train: [[0.6185148921667437 3 2 3 1.0206070134939544 0.6836593988772659
  0.7231332078567079 0.6785868313450086 0.840624738859004]
 [-1.2031349429234803 5 4 7 -0.1663344171757495 -0.21462899258147766
  -1.6104704506656398 -1.5728753257057286 -1.606357040661213]
 [0.851516615259679 3 3 4 1.0206070134939544 -1.5620615797695931
  0.893665782902572 0.9277605088051695 1.0578124707690817]
 [-0.20758212607184648 2 3 6 0.25258608776649927 2.929380377524125
  -0.10260347131273814 -0.07783326094476453 -0.05708455303598712]
 [1.4869758600585943 3 6 4 -1.5627361003165754 0.23451520314789415
  1.5309190896529055 1.5506947024555713 1.3039585669338385]
 [-0.610039647777826 5 5 4 -0.7947151745891201 -0.6637731883108494
  -0.4885456148375877 -0.5049881365907546 -0.5783351096201752]
 [-0.1652181764185854 3 1 4 1.0206070134939544 1.1328035946066377
  0.03202750898662758 -0.03333796139830742 0.13114481461941405]
 [0.44905909355369944 4 6 5 -0.6550750062750406 0.6836593988772659
  0.6513300183637125 0.6073943520706769 0.5510410963122324]
 [1.5293398097118553 4 6 3 0.5318664243946635 0.6836593988772659
  1.4321897041000367 1.3549153844511588 1.4777087524619001]
 [-1.0336791443104363 5 3 4 0.32240617192354154 -1.1129173840402213
  -1.2065775097675413 -1.2258119892433619 -1.1864607589683949]] 
 
 
Val : (17260, 9) 
 

FINISHED ENCODING
~~~~~~~~~~~~~~~~~~~~~~~~~~~~~~~~~~~~~~~~~~~~~~~~~~~~~~~~~~~~~~~~~~~~~~~~~~~~~~~


~~~~~~~~~~~~~~~~~~~~~~~~~~~~~~~~~~~~~~~~~~~~~~~~~~~~~~~~~~~~~~~~~~~~~~~~~~~~~~~
Test numpy array issues
X dtype: object
X Val dtype: object
X dtype: float32
X Val dtype: float32
After Debugging -- Inner Fold 1
DEBUG Inner Fold 1: num_features: 9
DEBUG Inner Fold 1: num_classes: 1
DEBUG Inner Fold 1: cat_idx: [1, 2, 3]
DEBUG Inner Fold 1: nominal_idx: None
DEBUG Inner Fold 1: ordinal_idx: [1, 2, 3]
DEBUG Inner Fold 1: num_idx: [0, 4, 5, 6, 7, 8]
DEBUG Inner Fold 1: cat_dims: [6, 8, 9]
DEBUG Inner Fold 1: bin_alt: None
In get_device
On Device: cuda
**** Data b4 Fitting ****
Train Data b4 training...
X: <class 'numpy.ndarray'> , y : (<class 'numpy.ndarray'>,), X_val: <class 'numpy.ndarray'> , y : <class 'numpy.ndarray'>

Train Data after...
X: <class 'torch.Tensor'> , y : (<class 'torch.Tensor'>,), X_val: <class 'torch.Tensor'> , y : <class 'torch.Tensor'>

Inner Fold 1 Results: {'MSE - mean': 31878636.650121935, 'MSE - std': 0.0, 'R2 - mean': -0.9749494206828158, 'R2 - std': 0.0}
  outer_2_inner Fold 2/5
Before Debugging -- Inner Fold 2
DEBUG Inner Fold 2: num_features: 9
DEBUG Inner Fold 2: num_classes: 1
DEBUG Inner Fold 2: cat_idx: [0]
DEBUG Inner Fold 2: nominal_idx: None
DEBUG Inner Fold 2: ordinal_idx: [1, 2, 3]
DEBUG Inner Fold 2: num_idx: None
DEBUG Inner Fold 2: cat_dims: [2]
DEBUG Inner Fold 2: bin_alt: None
~~~~~~~~~~~~~~~~~~~~~~~~~~~~~~~~~~~~~~~~~~~~~~~~~~~~~~~~~~~~~~~~~~~~~~~~~~~~~~~
BEFORE ANY ENCODING
num_features :9
num_classes : 1
cat_idx : [0]
nominal_idx : None
ordinal_idx : [1, 2, 3]
num_idx : None
cat_dims : [2]
bin_alt : None 


X_train shape : (17261, 9)
~~~~~~~~~~~~~~~~~~~~~~~~~~~~~~~~~~~~~~~~~~~~~~~~~~~~~~~~~~~~~~~~~~~~~~~~~~~~~~~
~~~~~~~~~~~~~~~~~~~~~~~~~~~~~~~~~~~~~~~~~~~~~~~~~~~~~~~~~~~~~~~~~~~~~~~~~~~~~~~
AFTER getting cat idx
Nominal Index : None
Ordinal Index : [1, 2, 3]
Cat Idx : [0]
Cat dims : [2]
~~~~~~~~~~~~~~~~~~~~~~~~~~~~~~~~~~~~~~~~~~~~~~~~~~~~~~~~~~~~~~~~~~~~~~~~~~~~~~~
BEFORE getting cat idx
Nominal Index : None
Ordinal Index : [1, 2, 3]
Cat Idx : [1, 2, 3]
Cat dims : []
~~~~~~~~~~~~~~~~~~~~~~~~~~~~~~~~~~~~~~~~~~~~~~~~~~~~~~~~~~~~~~~~~~~~~~~~~~~~~~~ 


AFTER SEPARATING CATEGORICALS AND NUMERICALS
Ordinal Index : [1, 2, 3]
Numerical Index V1 : [0, 4, 5, 6, 7, 8]
Cat Idx V1 : [1, 2, 3] 
Cat Dims V1 : []
 

~~~~~~~~~~~~~~~~~~~~~~~~~~~~~~~~~~~~~~~~~~~~~~~~~~~~~~~~~~~~~~~~~~~~~~~~~~~~~~~ 


Scaling the data...
~~~~~~~~~~~~~~~~~~~~~~~~~~~~~~~~~~~~~~~~~~~~~~~~~~~~~~~~~~~~~~~~~~~~~~~~~~~~~~~
After OHE
Numerical Index V2 : [0, 4, 5, 6, 7, 8] 


OHE Idx : None


Ordinal Idx V2: [1, 2, 3]


Cat Dims V2 : []
Cat Idx V2 : [1, 2, 3] 
 

Train: [[0.6169811862022413 'Very Good' 'I' 'SI1' 1.0050571338200192]
 [-1.199925196517285 'Ideal' 'G' 'VVS1' -0.16840263626641364]
 [0.46909345737623326 'Premium' 'F' 'VS1' 0.10770554493039264]
 [0.8493761886431107 'Very Good' 'H' 'VS2' 1.0050571338200192]
 [1.4831807407545734 'Very Good' 'E' 'VS2' -1.5489435422504498]
 [-0.6083742812132532 'Ideal' 'F' 'VS2' -0.789646043959229]
 [0.25782527333907906 'Good' 'E' 'SI2' 0.03867849963118984]
 [0.4479666389725178 'Premium' 'E' 'VS1' -0.6515919533608283]
 [1.5254343775620043 'Premium' 'E' 'SI1' 0.5218678167256044]
 [-1.0309106492875617 'Ideal' 'H' 'VS2' 0.31478668082800104]] 
 
 
Val : (17261, 9) 
 

~~~~~~~~~~~~~~~~~~~~~~~~~~~~~~~~~~~~~~~~~~~~~~~~~~~~~~~~~~~~~~~~~~~~~~~~~~~~~~~
Ordinal Encoding...
Cat Idx V3 : [1, 2, 3] 
 

~~~~~~~~~~~~~~~~~~~~~~~~~~~~~~~~~~~~~~~~~~~~~~~~~~~~~~~~~~~~~~~~~~~~~~~~~~~~~~~
After ORDINAL
Numerical Index V2 : [0, 4, 5, 6, 7, 8] 


OHE Idx : None


Ordinal Idx V2: [1, 2, 3]


Cat Dims V2 : [6, 8, 9]
Cat Idx V2 : [1, 2, 3] 
 

Train: [[0.6169811862022413 3 2 3 1.0050571338200192 0.6913449933841491
  0.7230057830425559 0.6781689995334108 0.7984659753915058]
 [-1.199925196517285 5 4 7 -0.16840263626641364 -0.2113358941299903
  -1.6059022107800582 -1.5684457398770404 -1.528193961665881]
 [0.46909345737623326 4 5 5 0.10770554493039264 0.2400045496270794
  0.6423897371025425 0.6781689995334108 0.6470265712043382]
 [0.8493761886431107 3 3 4 1.0050571338200192 -1.5653572254011994
  0.8931952133603627 0.926806203895042 1.004974253828551]
 [1.4831807407545734 3 6 4 -1.5489435422504498 0.2400045496270794
  1.529166242442692 1.5483992147991197 1.239016969390538]
 [-0.6083742812132532 5 5 4 -0.789646043959229 -0.66267633788706
  -0.4862349060576472 -0.5028577211843364 -0.5507214437305292]
 [0.25782527333907906 2 6 2 0.03867849963118984 0.6913449933841491
  0.33784023021804693 0.4028920947044626 0.3579149813924735]
 [0.4479666389725178 4 6 5 -0.6515919533608283 0.6913449933841491
  0.6513470755403216 0.6071297982872305 0.5231216041421106]
 [1.5254343775620043 4 6 3 0.5218678167256044 0.6913449933841491
  1.4306355196271194 1.3530414113721232 1.4042235921401738]
 [-1.0309106492875617 5 3 4 0.31478668082800104 -1.1140167816441298
  -1.2028219810799905 -1.2221296338019114 -1.1289446233542584]] 
 
 
Val : (17261, 9) 
 

FINISHED ENCODING
~~~~~~~~~~~~~~~~~~~~~~~~~~~~~~~~~~~~~~~~~~~~~~~~~~~~~~~~~~~~~~~~~~~~~~~~~~~~~~~


~~~~~~~~~~~~~~~~~~~~~~~~~~~~~~~~~~~~~~~~~~~~~~~~~~~~~~~~~~~~~~~~~~~~~~~~~~~~~~~
Test numpy array issues
X dtype: object
X Val dtype: object
X dtype: float32
X Val dtype: float32
After Debugging -- Inner Fold 2
DEBUG Inner Fold 2: num_features: 9
DEBUG Inner Fold 2: num_classes: 1
DEBUG Inner Fold 2: cat_idx: [1, 2, 3]
DEBUG Inner Fold 2: nominal_idx: None
DEBUG Inner Fold 2: ordinal_idx: [1, 2, 3]
DEBUG Inner Fold 2: num_idx: [0, 4, 5, 6, 7, 8]
DEBUG Inner Fold 2: cat_dims: [6, 8, 9]
DEBUG Inner Fold 2: bin_alt: None
In get_device
On Device: cuda
**** Data b4 Fitting ****
Train Data b4 training...
X: <class 'numpy.ndarray'> , y : (<class 'numpy.ndarray'>,), X_val: <class 'numpy.ndarray'> , y : <class 'numpy.ndarray'>

Train Data after...
X: <class 'torch.Tensor'> , y : (<class 'torch.Tensor'>,), X_val: <class 'torch.Tensor'> , y : <class 'torch.Tensor'>

Inner Fold 2 Results: {'MSE - mean': 31900912.002403613, 'MSE - std': 22275.352281678468, 'R2 - mean': -0.98775745430672, 'R2 - std': 0.012808033623904258}
  outer_2_inner Fold 3/5
Before Debugging -- Inner Fold 3
DEBUG Inner Fold 3: num_features: 9
DEBUG Inner Fold 3: num_classes: 1
DEBUG Inner Fold 3: cat_idx: [0]
DEBUG Inner Fold 3: nominal_idx: None
DEBUG Inner Fold 3: ordinal_idx: [1, 2, 3]
DEBUG Inner Fold 3: num_idx: None
DEBUG Inner Fold 3: cat_dims: [2]
DEBUG Inner Fold 3: bin_alt: None
~~~~~~~~~~~~~~~~~~~~~~~~~~~~~~~~~~~~~~~~~~~~~~~~~~~~~~~~~~~~~~~~~~~~~~~~~~~~~~~
BEFORE ANY ENCODING
num_features :9
num_classes : 1
cat_idx : [0]
nominal_idx : None
ordinal_idx : [1, 2, 3]
num_idx : None
cat_dims : [2]
bin_alt : None 


X_train shape : (17261, 9)
~~~~~~~~~~~~~~~~~~~~~~~~~~~~~~~~~~~~~~~~~~~~~~~~~~~~~~~~~~~~~~~~~~~~~~~~~~~~~~~
~~~~~~~~~~~~~~~~~~~~~~~~~~~~~~~~~~~~~~~~~~~~~~~~~~~~~~~~~~~~~~~~~~~~~~~~~~~~~~~
AFTER getting cat idx
Nominal Index : None
Ordinal Index : [1, 2, 3]
Cat Idx : [0]
Cat dims : [2]
~~~~~~~~~~~~~~~~~~~~~~~~~~~~~~~~~~~~~~~~~~~~~~~~~~~~~~~~~~~~~~~~~~~~~~~~~~~~~~~
BEFORE getting cat idx
Nominal Index : None
Ordinal Index : [1, 2, 3]
Cat Idx : [1, 2, 3]
Cat dims : []
~~~~~~~~~~~~~~~~~~~~~~~~~~~~~~~~~~~~~~~~~~~~~~~~~~~~~~~~~~~~~~~~~~~~~~~~~~~~~~~ 


AFTER SEPARATING CATEGORICALS AND NUMERICALS
Ordinal Index : [1, 2, 3]
Numerical Index V1 : [0, 4, 5, 6, 7, 8]
Cat Idx V1 : [1, 2, 3] 
Cat Dims V1 : []
 

~~~~~~~~~~~~~~~~~~~~~~~~~~~~~~~~~~~~~~~~~~~~~~~~~~~~~~~~~~~~~~~~~~~~~~~~~~~~~~~ 


Scaling the data...
~~~~~~~~~~~~~~~~~~~~~~~~~~~~~~~~~~~~~~~~~~~~~~~~~~~~~~~~~~~~~~~~~~~~~~~~~~~~~~~
After OHE
Numerical Index V2 : [0, 4, 5, 6, 7, 8] 


OHE Idx : None


Ordinal Idx V2: [1, 2, 3]


Cat Dims V2 : []
Cat Idx V2 : [1, 2, 3] 
 

Train: [[0.6072843181424744 'Very Good' 'I' 'SI1' 1.0078898873043258]
 [-1.205889028001656 'Ideal' 'G' 'VVS1' -0.17010999663284473]
 [0.45970044113074277 'Premium' 'F' 'VS1' 0.10706644664648807]
 [0.8392018391609095 'Very Good' 'H' 'VS2' 1.0078898873043258]
 [-0.21496871092288725 'Good' 'H' 'VVS2' 0.24565466828615692]
 [1.4717041692111876 'Very Good' 'E' 'VS2' -1.5559922130295136]
 [-0.61555351995473 'Ideal' 'F' 'VS2' -0.7937569940113448]
 [0.24886633111398349 'Good' 'E' 'SI2' 0.03777233582665363]
 [-0.17280188891953535 'Very Good' 'J' 'VS2' 1.0078898873043258]
 [0.43861703012906683 'Premium' 'E' 'VS1' -0.6551687723716808]] 
 
 
Val : (17261, 9) 
 

~~~~~~~~~~~~~~~~~~~~~~~~~~~~~~~~~~~~~~~~~~~~~~~~~~~~~~~~~~~~~~~~~~~~~~~~~~~~~~~
Ordinal Encoding...
Cat Idx V3 : [1, 2, 3] 
 

~~~~~~~~~~~~~~~~~~~~~~~~~~~~~~~~~~~~~~~~~~~~~~~~~~~~~~~~~~~~~~~~~~~~~~~~~~~~~~~
After ORDINAL
Numerical Index V2 : [0, 4, 5, 6, 7, 8] 


OHE Idx : None


Ordinal Idx V2: [1, 2, 3]


Cat Dims V2 : [6, 8, 9]
Cat Idx V2 : [1, 2, 3] 
 

Train: [[0.6072843181424744 3 2 3 1.0078898873043258 0.6805074009227426
  0.712616734045217 0.6806158086515192 0.7897544840976937]
 [-1.205889028001656 5 4 7 -0.17010999663284473 -0.21712844320750932
  -1.6103673028161334 -1.5971196738002342 -1.5365665431185256]
 [0.45970044113074277 4 5 5 0.10706644664648807 0.23168947885761665
  0.6322057481538627 0.6806158086515192 0.6383371391309571]
 [0.8392018391609095 3 3 4 1.0078898873043258 -1.5635822094028873
  0.8823732598158545 0.9326972059189071 0.9962326817796059]
 [-0.21496871092288725 2 3 6 0.24565466828615692 2.9245970112483723
  -0.10936223284418382 -0.08463129019590757 -0.06368873298754671]
 [1.4717041692111876 3 6 4 -1.5559922130295136 0.23168947885761665
  1.5167265929587614 1.5629006990873766 1.2302413058191084]
 [-0.61555351995473 5 5 4 -0.7937569940113448 -0.6659463652726353
  -0.4935480543250992 -0.5167708283685727 -0.5592364074241376]
 [0.24886633111398349 2 6 2 0.03777233582665363 0.6805074009227426
  0.32843091256430157 0.4015256902483403 0.349267662376279]
 [-0.17280188891953535 3 1 4 1.0078898873043258 1.1293253229878686
  0.024656076974739743 -0.03961675496958848 0.11525903833677771]
 [0.43861703012906683 4 6 5 -0.6551687723716808 0.6805074009227426
  0.6411403021417907 0.6085925522894083 0.5144502205218094]] 
 
 
Val : (17261, 9) 
 

FINISHED ENCODING
~~~~~~~~~~~~~~~~~~~~~~~~~~~~~~~~~~~~~~~~~~~~~~~~~~~~~~~~~~~~~~~~~~~~~~~~~~~~~~~


~~~~~~~~~~~~~~~~~~~~~~~~~~~~~~~~~~~~~~~~~~~~~~~~~~~~~~~~~~~~~~~~~~~~~~~~~~~~~~~
Test numpy array issues
X dtype: object
X Val dtype: object
X dtype: float32
X Val dtype: float32
After Debugging -- Inner Fold 3
DEBUG Inner Fold 3: num_features: 9
DEBUG Inner Fold 3: num_classes: 1
DEBUG Inner Fold 3: cat_idx: [1, 2, 3]
DEBUG Inner Fold 3: nominal_idx: None
DEBUG Inner Fold 3: ordinal_idx: [1, 2, 3]
DEBUG Inner Fold 3: num_idx: [0, 4, 5, 6, 7, 8]
DEBUG Inner Fold 3: cat_dims: [6, 8, 9]
DEBUG Inner Fold 3: bin_alt: None
In get_device
On Device: cuda
**** Data b4 Fitting ****
Train Data b4 training...
X: <class 'numpy.ndarray'> , y : (<class 'numpy.ndarray'>,), X_val: <class 'numpy.ndarray'> , y : <class 'numpy.ndarray'>

Train Data after...
X: <class 'torch.Tensor'> , y : (<class 'torch.Tensor'>,), X_val: <class 'torch.Tensor'> , y : <class 'torch.Tensor'>

Inner Fold 3 Results: {'MSE - mean': 30984018.720675502, 'MSE - std': 1296810.462006353, 'R2 - mean': -0.9788885093767069, 'R2 - std': 0.016330345532696196}
  outer_2_inner Fold 4/5
Before Debugging -- Inner Fold 4
DEBUG Inner Fold 4: num_features: 9
DEBUG Inner Fold 4: num_classes: 1
DEBUG Inner Fold 4: cat_idx: [0]
DEBUG Inner Fold 4: nominal_idx: None
DEBUG Inner Fold 4: ordinal_idx: [1, 2, 3]
DEBUG Inner Fold 4: num_idx: None
DEBUG Inner Fold 4: cat_dims: [2]
DEBUG Inner Fold 4: bin_alt: None
~~~~~~~~~~~~~~~~~~~~~~~~~~~~~~~~~~~~~~~~~~~~~~~~~~~~~~~~~~~~~~~~~~~~~~~~~~~~~~~
BEFORE ANY ENCODING
num_features :9
num_classes : 1
cat_idx : [0]
nominal_idx : None
ordinal_idx : [1, 2, 3]
num_idx : None
cat_dims : [2]
bin_alt : None 


X_train shape : (17261, 9)
~~~~~~~~~~~~~~~~~~~~~~~~~~~~~~~~~~~~~~~~~~~~~~~~~~~~~~~~~~~~~~~~~~~~~~~~~~~~~~~
~~~~~~~~~~~~~~~~~~~~~~~~~~~~~~~~~~~~~~~~~~~~~~~~~~~~~~~~~~~~~~~~~~~~~~~~~~~~~~~
AFTER getting cat idx
Nominal Index : None
Ordinal Index : [1, 2, 3]
Cat Idx : [0]
Cat dims : [2]
~~~~~~~~~~~~~~~~~~~~~~~~~~~~~~~~~~~~~~~~~~~~~~~~~~~~~~~~~~~~~~~~~~~~~~~~~~~~~~~
BEFORE getting cat idx
Nominal Index : None
Ordinal Index : [1, 2, 3]
Cat Idx : [1, 2, 3]
Cat dims : []
~~~~~~~~~~~~~~~~~~~~~~~~~~~~~~~~~~~~~~~~~~~~~~~~~~~~~~~~~~~~~~~~~~~~~~~~~~~~~~~ 


AFTER SEPARATING CATEGORICALS AND NUMERICALS
Ordinal Index : [1, 2, 3]
Numerical Index V1 : [0, 4, 5, 6, 7, 8]
Cat Idx V1 : [1, 2, 3] 
Cat Dims V1 : []
 

~~~~~~~~~~~~~~~~~~~~~~~~~~~~~~~~~~~~~~~~~~~~~~~~~~~~~~~~~~~~~~~~~~~~~~~~~~~~~~~ 


Scaling the data...
~~~~~~~~~~~~~~~~~~~~~~~~~~~~~~~~~~~~~~~~~~~~~~~~~~~~~~~~~~~~~~~~~~~~~~~~~~~~~~~
After OHE
Numerical Index V2 : [0, 4, 5, 6, 7, 8] 


OHE Idx : None


Ordinal Idx V2: [1, 2, 3]


Cat Dims V2 : []
Cat Idx V2 : [1, 2, 3] 
 

Train: [[0.6108816158222454 'Very Good' 'I' 'SI1' 1.0085131122693196]
 [-1.2012558522409988 'Ideal' 'G' 'VVS1' -0.16166246098539674]
 [0.46338205446826025 'Premium' 'F' 'VS1' 0.11367296801571154]
 [0.8426666408070786 'Very Good' 'H' 'VS2' 1.0085131122693196]
 [-0.21090165457852839 'Good' 'H' 'VVS2' 0.2513406825162681]
 [1.474807618038443 'Very Good' 'E' 'VS2' -1.5383396059909429]
 [0.2526683953911389 'Good' 'E' 'SI2' 0.044839110765433246]
 [-0.16875892276310406 'Very Good' 'J' 'VS2' 1.0085131122693196]
 [0.4423106885605481 'Premium' 'E' 'VS1' -0.6434994617373399]
 [-1.0326849249793018 'Ideal' 'H' 'VS2' 0.3201745397665464]] 
 
 
Val : (17261, 9) 
 

~~~~~~~~~~~~~~~~~~~~~~~~~~~~~~~~~~~~~~~~~~~~~~~~~~~~~~~~~~~~~~~~~~~~~~~~~~~~~~~
Ordinal Encoding...
Cat Idx V3 : [1, 2, 3] 
 

~~~~~~~~~~~~~~~~~~~~~~~~~~~~~~~~~~~~~~~~~~~~~~~~~~~~~~~~~~~~~~~~~~~~~~~~~~~~~~~
After ORDINAL
Numerical Index V2 : [0, 4, 5, 6, 7, 8] 


OHE Idx : None


Ordinal Idx V2: [1, 2, 3]


Cat Dims V2 : [6, 8, 9]
Cat Idx V2 : [1, 2, 3] 
 

Train: [[0.6108816158222454 3 2 3 1.0085131122693196 0.6738845388275362
  0.7169572121113307 0.6730546494904568 0.7945138167943704]
 [-1.2012558522409988 5 4 7 -0.16166246098539674 -0.22079259027174855
  -1.6096441459481101 -1.5723305321824272 -1.5319426561603493]
 [0.46338205446826025 4 5 5 0.11367296801571154 0.22654597427789383
  0.6364210112554272 0.6730546494904568 0.6430876558328201]
 [0.8426666408070786 3 3 4 1.0085131122693196 -1.5628082839206758
  0.8869780805849056 0.9215557763159146 1.001004036287392]
 [-0.21090165457852839 2 3 6 0.2513406825162681 2.910577361575748
  -0.10630172997124059 -0.08132377122968183 -0.05897909044345597]
 [1.474807618038443 3 6 4 -1.5383396059909429 0.22654597427789383
  1.5223192206703682 1.5428085933795586 1.235026285046152]
 [0.2526683953911389 2 6 2 0.044839110765433246 0.6738845388275362
  0.33217314135534654 0.3979284019337006 0.3540013485425887]
 [-0.16875892276310406 3 1 4 1.0085131122693196 1.1212231033771787
  0.02792527145526514 -0.03694857001085029 0.11997909978383]
 [0.4423106885605481 4 6 5 -0.6434994617373399 0.6738845388275362
  0.645369478017194 0.602054327540326 0.5191935241370068]
 [-1.0326849249793018 5 3 4 0.3201745397665464 -1.1154697193710332
  -1.2069631416685918 -1.2262039626755397 -1.1327282318071725]] 
 
 
Val : (17261, 9) 
 

FINISHED ENCODING
~~~~~~~~~~~~~~~~~~~~~~~~~~~~~~~~~~~~~~~~~~~~~~~~~~~~~~~~~~~~~~~~~~~~~~~~~~~~~~~


~~~~~~~~~~~~~~~~~~~~~~~~~~~~~~~~~~~~~~~~~~~~~~~~~~~~~~~~~~~~~~~~~~~~~~~~~~~~~~~
Test numpy array issues
X dtype: object
X Val dtype: object
X dtype: float32
X Val dtype: float32
After Debugging -- Inner Fold 4
DEBUG Inner Fold 4: num_features: 9
DEBUG Inner Fold 4: num_classes: 1
DEBUG Inner Fold 4: cat_idx: [1, 2, 3]
DEBUG Inner Fold 4: nominal_idx: None
DEBUG Inner Fold 4: ordinal_idx: [1, 2, 3]
DEBUG Inner Fold 4: num_idx: [0, 4, 5, 6, 7, 8]
DEBUG Inner Fold 4: cat_dims: [6, 8, 9]
DEBUG Inner Fold 4: bin_alt: None
In get_device
On Device: cuda
**** Data b4 Fitting ****
Train Data b4 training...
X: <class 'numpy.ndarray'> , y : (<class 'numpy.ndarray'>,), X_val: <class 'numpy.ndarray'> , y : <class 'numpy.ndarray'>

Train Data after...
X: <class 'torch.Tensor'> , y : (<class 'torch.Tensor'>,), X_val: <class 'torch.Tensor'> , y : <class 'torch.Tensor'>

Inner Fold 4 Results: {'MSE - mean': 31000202.332459614, 'MSE - std': 1123420.5617879638, 'R2 - mean': -0.9773905539196193, 'R2 - std': 0.014378516980801401}
  outer_2_inner Fold 5/5
Before Debugging -- Inner Fold 5
DEBUG Inner Fold 5: num_features: 9
DEBUG Inner Fold 5: num_classes: 1
DEBUG Inner Fold 5: cat_idx: [0]
DEBUG Inner Fold 5: nominal_idx: None
DEBUG Inner Fold 5: ordinal_idx: [1, 2, 3]
DEBUG Inner Fold 5: num_idx: None
DEBUG Inner Fold 5: cat_dims: [2]
DEBUG Inner Fold 5: bin_alt: None
~~~~~~~~~~~~~~~~~~~~~~~~~~~~~~~~~~~~~~~~~~~~~~~~~~~~~~~~~~~~~~~~~~~~~~~~~~~~~~~
BEFORE ANY ENCODING
num_features :9
num_classes : 1
cat_idx : [0]
nominal_idx : None
ordinal_idx : [1, 2, 3]
num_idx : None
cat_dims : [2]
bin_alt : None 


X_train shape : (17261, 9)
~~~~~~~~~~~~~~~~~~~~~~~~~~~~~~~~~~~~~~~~~~~~~~~~~~~~~~~~~~~~~~~~~~~~~~~~~~~~~~~
~~~~~~~~~~~~~~~~~~~~~~~~~~~~~~~~~~~~~~~~~~~~~~~~~~~~~~~~~~~~~~~~~~~~~~~~~~~~~~~
AFTER getting cat idx
Nominal Index : None
Ordinal Index : [1, 2, 3]
Cat Idx : [0]
Cat dims : [2]
~~~~~~~~~~~~~~~~~~~~~~~~~~~~~~~~~~~~~~~~~~~~~~~~~~~~~~~~~~~~~~~~~~~~~~~~~~~~~~~
BEFORE getting cat idx
Nominal Index : None
Ordinal Index : [1, 2, 3]
Cat Idx : [1, 2, 3]
Cat dims : []
~~~~~~~~~~~~~~~~~~~~~~~~~~~~~~~~~~~~~~~~~~~~~~~~~~~~~~~~~~~~~~~~~~~~~~~~~~~~~~~ 


AFTER SEPARATING CATEGORICALS AND NUMERICALS
Ordinal Index : [1, 2, 3]
Numerical Index V1 : [0, 4, 5, 6, 7, 8]
Cat Idx V1 : [1, 2, 3] 
Cat Dims V1 : []
 

~~~~~~~~~~~~~~~~~~~~~~~~~~~~~~~~~~~~~~~~~~~~~~~~~~~~~~~~~~~~~~~~~~~~~~~~~~~~~~~ 


Scaling the data...
~~~~~~~~~~~~~~~~~~~~~~~~~~~~~~~~~~~~~~~~~~~~~~~~~~~~~~~~~~~~~~~~~~~~~~~~~~~~~~~
After OHE
Numerical Index V2 : [0, 4, 5, 6, 7, 8] 


OHE Idx : None


Ordinal Idx V2: [1, 2, 3]


Cat Dims V2 : []
Cat Idx V2 : [1, 2, 3] 
 

Train: [[0.4679925617898262 'Premium' 'F' 'VS1' 0.10629854407086942]
 [-0.2084735110698812 'Good' 'H' 'VVS2' 0.24545285518591095]
 [-0.6101252418303322 'Ideal' 'F' 'VS2' -0.7982044781768859]
 [0.2565969140211677 'Good' 'E' 'SI2' 0.036721388513348635]
 [-0.1661943815161495 'Very Good' 'J' 'VS2' 1.0108015663186296]
 [1.5249708006331186 'Premium' 'E' 'SI1' 0.5237614774159891]
 [0.6793882095584849 'Premium' 'G' 'SI2' -0.5198958559468077]
 [-0.5255669827228688 'Good' 'H' 'SI1' 1.2891101885487077]
 [-0.6312648066071982 'Very Good' 'G' 'SI1' -1.7027075004246461]
 [-0.1450548167392836 'Very Good' 'I' 'VS1' 0.45418432185846835]] 
 
 
Val : (17261, 9) 
 

~~~~~~~~~~~~~~~~~~~~~~~~~~~~~~~~~~~~~~~~~~~~~~~~~~~~~~~~~~~~~~~~~~~~~~~~~~~~~~~
Ordinal Encoding...
Cat Idx V3 : [1, 2, 3] 
 

~~~~~~~~~~~~~~~~~~~~~~~~~~~~~~~~~~~~~~~~~~~~~~~~~~~~~~~~~~~~~~~~~~~~~~~~~~~~~~~
After ORDINAL
Numerical Index V2 : [0, 4, 5, 6, 7, 8] 


OHE Idx : None


Ordinal Idx V2: [1, 2, 3]


Cat Dims V2 : [6, 8, 9]
Cat Idx V2 : [1, 2, 3] 
 

Train: [[0.4679925617898262 4 5 5 0.10629854407086942 0.23235749511491352
  0.6411197948022186 0.67710756903109 0.6462295613896554]
 [-0.2084735110698812 2 3 6 0.24545285518591095 2.9241177120132624
  -0.1021412403809533 -0.07757371710048366 -0.05580390548888506]
 [-0.6101252418303322 5 5 4 -0.7982044781768859 -0.6648959105178694
  -0.48720418631922274 -0.503746678680667 -0.5513569409325607]
 [0.2565969140211677 2 6 2 0.036721388513348635 0.680984197931305
  0.33665141894405193 0.4018708646772222 0.3571569573808445]
 [-0.1661943815161495 3 1 4 1.0108015663186296 1.1296109007476964
  0.032183043085884495 -0.03318070026921476 0.12314580175466439]
 [1.5249708006331186 4 6 3 0.5237614774159891 0.680984197931305
  1.429155591141003 1.3518814248663795 1.4033244766508264]
 [0.6793882095584849 4 4 2 -0.5198958559468077 1.1296109007476964
  0.8649936005802823 0.8014080161586431 0.7288217339636021]
 [-0.5255669827228688 2 3 3 1.2891101885487077 -1.113522613334261
  -0.49615913855034594 -0.45047505848314373 -0.3173457853063805]
 [-0.6312648066071982 3 4 3 -1.7027075004246461 0.23235749511491352
  -0.48720418631922274 -0.4415964551168901 -0.6201837514108494]
 [-0.1450548167392836 3 2 5 0.45418432185846835 -0.6648959105178694
  -0.012591718069728104 0.020090919928307763 0.05431899127637632]] 
 
 
Val : (17261, 9) 
 

FINISHED ENCODING
~~~~~~~~~~~~~~~~~~~~~~~~~~~~~~~~~~~~~~~~~~~~~~~~~~~~~~~~~~~~~~~~~~~~~~~~~~~~~~~


~~~~~~~~~~~~~~~~~~~~~~~~~~~~~~~~~~~~~~~~~~~~~~~~~~~~~~~~~~~~~~~~~~~~~~~~~~~~~~~
Test numpy array issues
X dtype: object
X Val dtype: object
X dtype: float32
X Val dtype: float32
After Debugging -- Inner Fold 5
DEBUG Inner Fold 5: num_features: 9
DEBUG Inner Fold 5: num_classes: 1
DEBUG Inner Fold 5: cat_idx: [1, 2, 3]
DEBUG Inner Fold 5: nominal_idx: None
DEBUG Inner Fold 5: ordinal_idx: [1, 2, 3]
DEBUG Inner Fold 5: num_idx: [0, 4, 5, 6, 7, 8]
DEBUG Inner Fold 5: cat_dims: [6, 8, 9]
DEBUG Inner Fold 5: bin_alt: None
In get_device
On Device: cuda
**** Data b4 Fitting ****
Train Data b4 training...
X: <class 'numpy.ndarray'> , y : (<class 'numpy.ndarray'>,), X_val: <class 'numpy.ndarray'> , y : <class 'numpy.ndarray'>

Train Data after...
X: <class 'torch.Tensor'> , y : (<class 'torch.Tensor'>,), X_val: <class 'torch.Tensor'> , y : <class 'torch.Tensor'>

Inner Fold 5 Results: {'MSE - mean': 31221652.48249986, 'MSE - std': 1098098.2117869877, 'R2 - mean': -0.9770473191918343, 'R2 - std': 0.012878844698465215}
Trial Results B4 Saving: {'MSE - mean': 31221652.48249986, 'MSE - std': 1098098.2117869877, 'R2 - mean': -0.9770473191918343, 'R2 - std': 0.012878844698465215}
Score: 31221652.48249986
Best Hyperparameters found for Outer Fold 2: {'learning_rate': 0.00112627897455268, 'weight_decay': 1.0715353343155474e-06}
Best Inner CV Score : 30982182.0375
Hyperparameter Optimization for Outer Fold 2 finished in 246.39 seconds.
Before Debugging -- Outer Fold 2
DEBUG Outer Fold 2: num_features: 9
DEBUG Outer Fold 2: num_classes: 1
DEBUG Outer Fold 2: cat_idx: [0]
DEBUG Outer Fold 2: nominal_idx: None
DEBUG Outer Fold 2: ordinal_idx: [1, 2, 3]
DEBUG Outer Fold 2: num_idx: None
DEBUG Outer Fold 2: cat_dims: [2]
DEBUG Outer Fold 2: bin_alt: None
~~~~~~~~~~~~~~~~~~~~~~~~~~~~~~~~~~~~~~~~~~~~~~~~~~~~~~~~~~~~~~~~~~~~~~~~~~~~~~~
BEFORE ANY ENCODING
num_features :9
num_classes : 1
cat_idx : [0]
nominal_idx : None
ordinal_idx : [1, 2, 3]
num_idx : None
cat_dims : [2]
bin_alt : None 


X_train shape : (21576, 9)
~~~~~~~~~~~~~~~~~~~~~~~~~~~~~~~~~~~~~~~~~~~~~~~~~~~~~~~~~~~~~~~~~~~~~~~~~~~~~~~
~~~~~~~~~~~~~~~~~~~~~~~~~~~~~~~~~~~~~~~~~~~~~~~~~~~~~~~~~~~~~~~~~~~~~~~~~~~~~~~
AFTER getting cat idx
Nominal Index : None
Ordinal Index : [1, 2, 3]
Cat Idx : [0]
Cat dims : [2]
~~~~~~~~~~~~~~~~~~~~~~~~~~~~~~~~~~~~~~~~~~~~~~~~~~~~~~~~~~~~~~~~~~~~~~~~~~~~~~~
BEFORE getting cat idx
Nominal Index : None
Ordinal Index : [1, 2, 3]
Cat Idx : [1, 2, 3]
Cat dims : []
~~~~~~~~~~~~~~~~~~~~~~~~~~~~~~~~~~~~~~~~~~~~~~~~~~~~~~~~~~~~~~~~~~~~~~~~~~~~~~~ 


AFTER SEPARATING CATEGORICALS AND NUMERICALS
Ordinal Index : [1, 2, 3]
Numerical Index V1 : [0, 4, 5, 6, 7, 8]
Cat Idx V1 : [1, 2, 3] 
Cat Dims V1 : []
 

~~~~~~~~~~~~~~~~~~~~~~~~~~~~~~~~~~~~~~~~~~~~~~~~~~~~~~~~~~~~~~~~~~~~~~~~~~~~~~~ 


Scaling the data...
~~~~~~~~~~~~~~~~~~~~~~~~~~~~~~~~~~~~~~~~~~~~~~~~~~~~~~~~~~~~~~~~~~~~~~~~~~~~~~~
After OHE
Numerical Index V2 : [0, 4, 5, 6, 7, 8] 


OHE Idx : None


Ordinal Idx V2: [1, 2, 3]


Cat Dims V2 : []
Cat Idx V2 : [1, 2, 3] 
 

Train: [[0.6139149955616992 'Very Good' 'I' 'SI1' 1.0105326085290642]
 [-1.2024396952890473 'Ideal' 'G' 'VVS1' -0.16769185186864635]
 [0.4660721718878011 'Premium' 'F' 'VS1' 0.10953743293081354]
 [0.8462394327635386 'Very Good' 'H' 'VS2' 1.0105326085290642]
 [-0.20978073633573255 'Good' 'H' 'VVS2' 0.24815207533054595]
 [1.4798515342231013 'Very Good' 'E' 'VS2' -1.5538382758659508]
 [-0.6110684005934555 'Ideal' 'F' 'VS2' -0.7914577426674323]
 [0.25486813806794695 'Good' 'E' 'SI2' 0.040230111730947336]
 [-0.16753992957176167 'Very Good' 'J' 'VS2' 1.0105326085290642]
 [0.4449517685058157 'Premium' 'E' 'VS1' -0.6528431002677049]] 
 
 
Val : (21576, 9) 
 

~~~~~~~~~~~~~~~~~~~~~~~~~~~~~~~~~~~~~~~~~~~~~~~~~~~~~~~~~~~~~~~~~~~~~~~~~~~~~~~
Ordinal Encoding...
Cat Idx V3 : [1, 2, 3] 
 

~~~~~~~~~~~~~~~~~~~~~~~~~~~~~~~~~~~~~~~~~~~~~~~~~~~~~~~~~~~~~~~~~~~~~~~~~~~~~~~
After ORDINAL
Numerical Index V2 : [0, 4, 5, 6, 7, 8] 


OHE Idx : None


Ordinal Idx V2: [1, 2, 3]


Cat Dims V2 : [6, 8, 9]
Cat Idx V2 : [1, 2, 3] 
 

Train: [[0.6139149955616992 3 2 3 1.0105326085290642 0.6820524720872638
  0.7194755710987699 0.6774849756150132 0.803674612421797]
 [-1.2024396952890473 5 4 7 -0.16769185186864635 -0.21603729058935686
  -1.608581643751703 -1.5759043375106374 -1.545438601291714]
 [0.4660721718878011 4 5 5 0.10953743293081354 0.2330075907489535
  0.6388889752000998 0.6774849756150132 0.6507737523576036]
 [0.8462394327635386 3 3 4 1.0105326085290642 -1.563171934604288
  0.889602829107074 0.9268719351704214 1.0121757852366051]
 [-0.20978073633573255 2 3 6 0.24815207533054595 2.927276878778816
  -0.10429852030985892 -0.07958258017818927 -0.058130235212745636]
 [1.4798515342231013 3 6 4 -1.5538382758659508 0.2330075907489535
  1.5253415300854725 1.5503393340589415 1.2484771144267226]
 [-0.6110684005934555 5 5 4 -0.7914577426674323 -0.6650821719276673
  -0.489323367381283 -0.5071030822731748 -0.5585330499682863]
 [0.25486813806794695 2 6 2 0.040230111730947336 0.6820524720872638
  0.33445072402734577 0.40137798467866903 0.3588721104168715]
 [-0.16753992957176167 3 1 4 1.0105326085290642 1.1310973534255742
  0.030012472854590966 -0.03504919454329514 0.12257078122675508]
 [0.4449517685058157 4 6 5 -0.6528431002677049 0.6820524720872638
  0.647843041411063 0.6062315585991823 0.5256730486687186]] 
 
 
Val : (21576, 9) 
 

FINISHED ENCODING
~~~~~~~~~~~~~~~~~~~~~~~~~~~~~~~~~~~~~~~~~~~~~~~~~~~~~~~~~~~~~~~~~~~~~~~~~~~~~~~


~~~~~~~~~~~~~~~~~~~~~~~~~~~~~~~~~~~~~~~~~~~~~~~~~~~~~~~~~~~~~~~~~~~~~~~~~~~~~~~
Test numpy array issues
X dtype: object
X Val dtype: object
X dtype: float32
X Val dtype: float32
After Debugging -- Outer Fold 2
DEBUG Outer Fold 2: num_features: 9
DEBUG Outer Fold 2: num_classes: 1
DEBUG Outer Fold 2: cat_idx: [1, 2, 3]
DEBUG Outer Fold 2: nominal_idx: None
DEBUG Outer Fold 2: ordinal_idx: [1, 2, 3]
DEBUG Outer Fold 2: num_idx: [0, 4, 5, 6, 7, 8]
DEBUG Outer Fold 2: cat_dims: [6, 8, 9]
DEBUG Outer Fold 2: bin_alt: None
Training final model for Outer Fold 2...
In get_device
On Device: cuda
Train Data b4 training...
X: <class 'numpy.ndarray'> , y : (<class 'numpy.ndarray'>,), X_val: <class 'numpy.ndarray'> , y : <class 'numpy.ndarray'>

Train Data after...
X: <class 'torch.Tensor'> , y : (<class 'torch.Tensor'>,), X_val: <class 'torch.Tensor'> , y : <class 'torch.Tensor'>

Evaluating final model on Outer Test Set for Fold 2...
Outer Fold 2 Results: {'MSE - mean': 31150275.443412423, 'MSE - std': 0.0, 'R2 - mean': -0.9350060783532432, 'R2 - std': 0.0}

--- Outer Fold 3/2 ---
Starting Hyperparameter Optimization for Outer Fold 3...
  outer_3_inner Fold 1/5
Before Debugging -- Inner Fold 1
DEBUG Inner Fold 1: num_features: 9
DEBUG Inner Fold 1: num_classes: 1
DEBUG Inner Fold 1: cat_idx: [0]
DEBUG Inner Fold 1: nominal_idx: None
DEBUG Inner Fold 1: ordinal_idx: [1, 2, 3]
DEBUG Inner Fold 1: num_idx: None
DEBUG Inner Fold 1: cat_dims: [2]
DEBUG Inner Fold 1: bin_alt: None
~~~~~~~~~~~~~~~~~~~~~~~~~~~~~~~~~~~~~~~~~~~~~~~~~~~~~~~~~~~~~~~~~~~~~~~~~~~~~~~
BEFORE ANY ENCODING
num_features :9
num_classes : 1
cat_idx : [0]
nominal_idx : None
ordinal_idx : [1, 2, 3]
num_idx : None
cat_dims : [2]
bin_alt : None 


X_train shape : (17260, 9)
~~~~~~~~~~~~~~~~~~~~~~~~~~~~~~~~~~~~~~~~~~~~~~~~~~~~~~~~~~~~~~~~~~~~~~~~~~~~~~~
~~~~~~~~~~~~~~~~~~~~~~~~~~~~~~~~~~~~~~~~~~~~~~~~~~~~~~~~~~~~~~~~~~~~~~~~~~~~~~~
AFTER getting cat idx
Nominal Index : None
Ordinal Index : [1, 2, 3]
Cat Idx : [0]
Cat dims : [2]
~~~~~~~~~~~~~~~~~~~~~~~~~~~~~~~~~~~~~~~~~~~~~~~~~~~~~~~~~~~~~~~~~~~~~~~~~~~~~~~
BEFORE getting cat idx
Nominal Index : None
Ordinal Index : [1, 2, 3]
Cat Idx : [1, 2, 3]
Cat dims : []
~~~~~~~~~~~~~~~~~~~~~~~~~~~~~~~~~~~~~~~~~~~~~~~~~~~~~~~~~~~~~~~~~~~~~~~~~~~~~~~ 


AFTER SEPARATING CATEGORICALS AND NUMERICALS
Ordinal Index : [1, 2, 3]
Numerical Index V1 : [0, 4, 5, 6, 7, 8]
Cat Idx V1 : [1, 2, 3] 
Cat Dims V1 : []
 

~~~~~~~~~~~~~~~~~~~~~~~~~~~~~~~~~~~~~~~~~~~~~~~~~~~~~~~~~~~~~~~~~~~~~~~~~~~~~~~ 


Scaling the data...
~~~~~~~~~~~~~~~~~~~~~~~~~~~~~~~~~~~~~~~~~~~~~~~~~~~~~~~~~~~~~~~~~~~~~~~~~~~~~~~
After OHE
Numerical Index V2 : [0, 4, 5, 6, 7, 8] 


OHE Idx : None


Ordinal Idx V2: [1, 2, 3]


Cat Dims V2 : []
Cat Idx V2 : [1, 2, 3] 
 

Train: [[0.611811219419684 'Very Good' 'I' 'SI1' 1.0097753906801221]
 [-1.1985037033909538 'Ideal' 'G' 'VVS1' -0.15832815056531033]
 [0.8433631281512769 'Very Good' 'H' 'VS2' 1.0097753906801221]
 [-0.20914554790141932 'Good' 'H' 'VVS2' 0.2539436875213132]
 [1.4748683337828947 'Very Good' 'E' 'VS2' -1.532567610854052]
 [-0.6090988448014438 'Ideal' 'F' 'VS2' -0.7767359076952431]
 [-0.16704520085931143 'Very Good' 'J' 'VS2' 1.0097753906801221]
 [0.44340983125125244 'Premium' 'E' 'VS1' -0.6393119616663718]
 [1.5169686808250027 'Premium' 'E' 'SI1' 0.5287915795790605]
 [-0.040744159732987784 'Very Good' 'G' 'SI1' 0.8723514446512459]] 
 
 
Val : (17260, 9) 
 

~~~~~~~~~~~~~~~~~~~~~~~~~~~~~~~~~~~~~~~~~~~~~~~~~~~~~~~~~~~~~~~~~~~~~~~~~~~~~~~
Ordinal Encoding...
Cat Idx V3 : [1, 2, 3] 
 

~~~~~~~~~~~~~~~~~~~~~~~~~~~~~~~~~~~~~~~~~~~~~~~~~~~~~~~~~~~~~~~~~~~~~~~~~~~~~~~
After ORDINAL
Numerical Index V2 : [0, 4, 5, 6, 7, 8] 


OHE Idx : None


Ordinal Idx V2: [1, 2, 3]


Cat Dims V2 : [6, 8, 9]
Cat Idx V2 : [1, 2, 3] 
 

Train: [[0.611811219419684 3 2 3 1.0097753906801221 0.6906933111346477
  0.7175019955531756 0.6415692767609531 0.8342307576131831]
 [-1.1985037033909538 5 4 7 -0.15832815056531033 -0.20729748025587727
  -1.6027262578557462 -1.495998017490497 -1.5984234836469495]
 [0.8433631281512769 3 3 4 1.0097753906801221 -1.5542836673416647
  0.8870571371484434 0.8781379891682284 1.050146814529762]
 [-0.20914554790141932 2 3 6 0.2539436875213132 2.93567028961096
  -0.10350184796075046 -0.07658574304684607 -0.058222277642013646]
 [1.4748683337828947 3 6 4 -1.532567610854052 0.2416979154393852
  1.5206579294254952 1.4695597701864165 1.2948516790352205]
 [-0.6090988448014438 5 5 4 -0.7767359076952431 -0.6562928759511397
  -0.4872319052553027 -0.4821321071736038 -0.576420814241805]
 [-0.16704520085931143 3 1 4 1.0097753906801221 1.1396887068299102
  0.030357474351302247 -0.03434133011697566 0.1289049716856887]
 [0.44340983125125244 4 6 5 -0.6393119616663718 0.6906933111346477
  0.6461103569867472 0.5739782160731601 0.5463426817244098]
 [1.5169686808250027 4 6 3 0.5287915795790605 0.6906933111346477
  1.422494426396656 1.2836843532949853 1.4675845245684833]
 [-0.040744159732987784 3 4 3 0.8723514446512459 0.2416979154393852
  0.07497724845532061 0.10084079125861024 0.2008769906578824]] 
 
 
Val : (17260, 9) 
 

FINISHED ENCODING
~~~~~~~~~~~~~~~~~~~~~~~~~~~~~~~~~~~~~~~~~~~~~~~~~~~~~~~~~~~~~~~~~~~~~~~~~~~~~~~


~~~~~~~~~~~~~~~~~~~~~~~~~~~~~~~~~~~~~~~~~~~~~~~~~~~~~~~~~~~~~~~~~~~~~~~~~~~~~~~
Test numpy array issues
X dtype: object
X Val dtype: object
X dtype: float32
X Val dtype: float32
After Debugging -- Inner Fold 1
DEBUG Inner Fold 1: num_features: 9
DEBUG Inner Fold 1: num_classes: 1
DEBUG Inner Fold 1: cat_idx: [1, 2, 3]
DEBUG Inner Fold 1: nominal_idx: None
DEBUG Inner Fold 1: ordinal_idx: [1, 2, 3]
DEBUG Inner Fold 1: num_idx: [0, 4, 5, 6, 7, 8]
DEBUG Inner Fold 1: cat_dims: [6, 8, 9]
DEBUG Inner Fold 1: bin_alt: None
In get_device
On Device: cuda
**** Data b4 Fitting ****
Train Data b4 training...
X: <class 'numpy.ndarray'> , y : (<class 'numpy.ndarray'>,), X_val: <class 'numpy.ndarray'> , y : <class 'numpy.ndarray'>

Train Data after...
X: <class 'torch.Tensor'> , y : (<class 'torch.Tensor'>,), X_val: <class 'torch.Tensor'> , y : <class 'torch.Tensor'>

Inner Fold 1 Results: {'MSE - mean': 30279666.86255964, 'MSE - std': 0.0, 'R2 - mean': -0.9668685353670357, 'R2 - std': 0.0}
  outer_3_inner Fold 2/5
Before Debugging -- Inner Fold 2
DEBUG Inner Fold 2: num_features: 9
DEBUG Inner Fold 2: num_classes: 1
DEBUG Inner Fold 2: cat_idx: [0]
DEBUG Inner Fold 2: nominal_idx: None
DEBUG Inner Fold 2: ordinal_idx: [1, 2, 3]
DEBUG Inner Fold 2: num_idx: None
DEBUG Inner Fold 2: cat_dims: [2]
DEBUG Inner Fold 2: bin_alt: None
~~~~~~~~~~~~~~~~~~~~~~~~~~~~~~~~~~~~~~~~~~~~~~~~~~~~~~~~~~~~~~~~~~~~~~~~~~~~~~~
BEFORE ANY ENCODING
num_features :9
num_classes : 1
cat_idx : [0]
nominal_idx : None
ordinal_idx : [1, 2, 3]
num_idx : None
cat_dims : [2]
bin_alt : None 


X_train shape : (17261, 9)
~~~~~~~~~~~~~~~~~~~~~~~~~~~~~~~~~~~~~~~~~~~~~~~~~~~~~~~~~~~~~~~~~~~~~~~~~~~~~~~
~~~~~~~~~~~~~~~~~~~~~~~~~~~~~~~~~~~~~~~~~~~~~~~~~~~~~~~~~~~~~~~~~~~~~~~~~~~~~~~
AFTER getting cat idx
Nominal Index : None
Ordinal Index : [1, 2, 3]
Cat Idx : [0]
Cat dims : [2]
~~~~~~~~~~~~~~~~~~~~~~~~~~~~~~~~~~~~~~~~~~~~~~~~~~~~~~~~~~~~~~~~~~~~~~~~~~~~~~~
BEFORE getting cat idx
Nominal Index : None
Ordinal Index : [1, 2, 3]
Cat Idx : [1, 2, 3]
Cat dims : []
~~~~~~~~~~~~~~~~~~~~~~~~~~~~~~~~~~~~~~~~~~~~~~~~~~~~~~~~~~~~~~~~~~~~~~~~~~~~~~~ 


AFTER SEPARATING CATEGORICALS AND NUMERICALS
Ordinal Index : [1, 2, 3]
Numerical Index V1 : [0, 4, 5, 6, 7, 8]
Cat Idx V1 : [1, 2, 3] 
Cat Dims V1 : []
 

~~~~~~~~~~~~~~~~~~~~~~~~~~~~~~~~~~~~~~~~~~~~~~~~~~~~~~~~~~~~~~~~~~~~~~~~~~~~~~~ 


Scaling the data...
~~~~~~~~~~~~~~~~~~~~~~~~~~~~~~~~~~~~~~~~~~~~~~~~~~~~~~~~~~~~~~~~~~~~~~~~~~~~~~~
After OHE
Numerical Index V2 : [0, 4, 5, 6, 7, 8] 


OHE Idx : None


Ordinal Idx V2: [1, 2, 3]


Cat Dims V2 : []
Cat Idx V2 : [1, 2, 3] 
 

Train: [[0.627617157378436 'Very Good' 'I' 'SI1' 1.0247334911490789]
 [-1.1999521785974394 'Ideal' 'G' 'VVS1' -0.1671373922948845]
 [0.4788615137524926 'Premium' 'F' 'VS1' 0.11330281557428189]
 [0.8613760259334896 'Very Good' 'H' 'VS2' 1.0247334911490789]
 [1.4989002129018183 'Very Good' 'E' 'VS2' -1.5693384316407215]
 [-0.604929604093666 'Ideal' 'F' 'VS2' -0.7981278600005102]
 [0.03259458287466266 'Good' 'G' 'SI2' -0.5176876521313437]
 [0.45761070752021493 'Premium' 'E' 'VS1' -0.6579077560659294]
 [1.5414018253663735 'Premium' 'E' 'SI1' 0.533963127378034]
 [-0.031157835822170254 'Very Good' 'G' 'SI1' 0.8845133872144932]] 
 
 
Val : (17261, 9) 
 

~~~~~~~~~~~~~~~~~~~~~~~~~~~~~~~~~~~~~~~~~~~~~~~~~~~~~~~~~~~~~~~~~~~~~~~~~~~~~~~
Ordinal Encoding...
Cat Idx V3 : [1, 2, 3] 
 

~~~~~~~~~~~~~~~~~~~~~~~~~~~~~~~~~~~~~~~~~~~~~~~~~~~~~~~~~~~~~~~~~~~~~~~~~~~~~~~
After ORDINAL
Numerical Index V2 : [0, 4, 5, 6, 7, 8] 


OHE Idx : None


Ordinal Idx V2: [1, 2, 3]


Cat Dims V2 : [6, 8, 9]
Cat Idx V2 : [1, 2, 3] 
 

Train: [[0.627617157378436 3 2 3 1.0247334911490789 0.6940223422410932
  0.7298285887943268 0.6523415571227338 0.805438198386237]
 [-1.1999521785974394 5 4 7 -0.1671373922948845 -0.20769683770527966
  -1.597511798848288 -1.4903828580812128 -1.5227655191836416]
 [0.4788615137524926 4 5 5 0.11330281557428189 0.24316275226790676
  0.6492668061451595 0.6523415571227338 0.6538983114438184]
 [0.8613760259334896 3 3 4 1.0247334911490789 -1.560275607624839
  0.8999034632759029 0.8894810180939219 1.012083498762261]
 [1.4989002129018183 3 6 4 -1.5693384316407215 0.24316275226790676
  1.5354464152860015 1.4823296705218916 1.24628150585509]
 [-0.604929604093666 5 5 4 -0.7981278600005102 -0.6585564276784661
  -0.4785981509431844 -0.47407088249040824 -0.5446444307371245]
 [0.03259458287466266 2 4 2 -0.5176876521313437 1.595741522187466
  0.19275003779987757 0.22040896749664196 0.14417323718295785]
 [0.45761070752021493 4 6 5 -0.6579077560659294 0.6940223422410932
  0.6582181153284001 0.5845874254166801 0.5299111312182038]
 [1.5414018253663735 4 6 3 0.533963127378034 0.6940223422410932
  1.436982014270352 1.2960058083302435 1.4115977461559088]
 [-0.031157835822170254 3 4 3 0.8845133872144932 0.24316275226790676
  0.08533432760098755 0.11030850347430485 0.1992786506165645]] 
 
 
Val : (17261, 9) 
 

FINISHED ENCODING
~~~~~~~~~~~~~~~~~~~~~~~~~~~~~~~~~~~~~~~~~~~~~~~~~~~~~~~~~~~~~~~~~~~~~~~~~~~~~~~


~~~~~~~~~~~~~~~~~~~~~~~~~~~~~~~~~~~~~~~~~~~~~~~~~~~~~~~~~~~~~~~~~~~~~~~~~~~~~~~
Test numpy array issues
X dtype: object
X Val dtype: object
X dtype: float32
X Val dtype: float32
After Debugging -- Inner Fold 2
DEBUG Inner Fold 2: num_features: 9
DEBUG Inner Fold 2: num_classes: 1
DEBUG Inner Fold 2: cat_idx: [1, 2, 3]
DEBUG Inner Fold 2: nominal_idx: None
DEBUG Inner Fold 2: ordinal_idx: [1, 2, 3]
DEBUG Inner Fold 2: num_idx: [0, 4, 5, 6, 7, 8]
DEBUG Inner Fold 2: cat_dims: [6, 8, 9]
DEBUG Inner Fold 2: bin_alt: None
In get_device
On Device: cuda
**** Data b4 Fitting ****
Train Data b4 training...
X: <class 'numpy.ndarray'> , y : (<class 'numpy.ndarray'>,), X_val: <class 'numpy.ndarray'> , y : <class 'numpy.ndarray'>

Train Data after...
X: <class 'torch.Tensor'> , y : (<class 'torch.Tensor'>,), X_val: <class 'torch.Tensor'> , y : <class 'torch.Tensor'>

Inner Fold 2 Results: {'MSE - mean': 30883152.612784825, 'MSE - std': 603485.7502251882, 'R2 - mean': -0.9674140802029991, 'R2 - std': 0.000545544835963474}
  outer_3_inner Fold 3/5
Before Debugging -- Inner Fold 3
DEBUG Inner Fold 3: num_features: 9
DEBUG Inner Fold 3: num_classes: 1
DEBUG Inner Fold 3: cat_idx: [0]
DEBUG Inner Fold 3: nominal_idx: None
DEBUG Inner Fold 3: ordinal_idx: [1, 2, 3]
DEBUG Inner Fold 3: num_idx: None
DEBUG Inner Fold 3: cat_dims: [2]
DEBUG Inner Fold 3: bin_alt: None
~~~~~~~~~~~~~~~~~~~~~~~~~~~~~~~~~~~~~~~~~~~~~~~~~~~~~~~~~~~~~~~~~~~~~~~~~~~~~~~
BEFORE ANY ENCODING
num_features :9
num_classes : 1
cat_idx : [0]
nominal_idx : None
ordinal_idx : [1, 2, 3]
num_idx : None
cat_dims : [2]
bin_alt : None 


X_train shape : (17261, 9)
~~~~~~~~~~~~~~~~~~~~~~~~~~~~~~~~~~~~~~~~~~~~~~~~~~~~~~~~~~~~~~~~~~~~~~~~~~~~~~~
~~~~~~~~~~~~~~~~~~~~~~~~~~~~~~~~~~~~~~~~~~~~~~~~~~~~~~~~~~~~~~~~~~~~~~~~~~~~~~~
AFTER getting cat idx
Nominal Index : None
Ordinal Index : [1, 2, 3]
Cat Idx : [0]
Cat dims : [2]
~~~~~~~~~~~~~~~~~~~~~~~~~~~~~~~~~~~~~~~~~~~~~~~~~~~~~~~~~~~~~~~~~~~~~~~~~~~~~~~
BEFORE getting cat idx
Nominal Index : None
Ordinal Index : [1, 2, 3]
Cat Idx : [1, 2, 3]
Cat dims : []
~~~~~~~~~~~~~~~~~~~~~~~~~~~~~~~~~~~~~~~~~~~~~~~~~~~~~~~~~~~~~~~~~~~~~~~~~~~~~~~ 


AFTER SEPARATING CATEGORICALS AND NUMERICALS
Ordinal Index : [1, 2, 3]
Numerical Index V1 : [0, 4, 5, 6, 7, 8]
Cat Idx V1 : [1, 2, 3] 
Cat Dims V1 : []
 

~~~~~~~~~~~~~~~~~~~~~~~~~~~~~~~~~~~~~~~~~~~~~~~~~~~~~~~~~~~~~~~~~~~~~~~~~~~~~~~ 


Scaling the data...
~~~~~~~~~~~~~~~~~~~~~~~~~~~~~~~~~~~~~~~~~~~~~~~~~~~~~~~~~~~~~~~~~~~~~~~~~~~~~~~
After OHE
Numerical Index V2 : [0, 4, 5, 6, 7, 8] 


OHE Idx : None


Ordinal Idx V2: [1, 2, 3]


Cat Dims V2 : []
Cat Idx V2 : [1, 2, 3] 
 

Train: [[0.6163086573556317 'Very Good' 'I' 'SI1' 1.01417248467605]
 [-1.1952032599905673 'Ideal' 'G' 'VVS1' -0.16517645221395355]
 [0.46886001292047585 'Premium' 'F' 'VS1' 0.11231741528957526]
 [0.8480136700394476 'Very Good' 'H' 'VS2' 1.01417248467605]
 [-0.2051909330688076 'Good' 'H' 'VVS2' 0.2510643490413421]
 [1.4799364319044008 'Very Good' 'E' 'VS2' -1.5526457897316026]
 [-0.6054086822499445 'Ideal' 'F' 'VS2' -0.7895376540968947]
 [0.026514079615008745 'Good' 'G' 'SI2' -0.5120437865933658]
 [-0.16306274894447736 'Very Good' 'J' 'VS2' 1.01417248467605]
 [0.4477959208583107 'Premium' 'E' 'VS1' -0.6507907203451327]] 
 
 
Val : (17261, 9) 
 

~~~~~~~~~~~~~~~~~~~~~~~~~~~~~~~~~~~~~~~~~~~~~~~~~~~~~~~~~~~~~~~~~~~~~~~~~~~~~~~
Ordinal Encoding...
Cat Idx V3 : [1, 2, 3] 
 

~~~~~~~~~~~~~~~~~~~~~~~~~~~~~~~~~~~~~~~~~~~~~~~~~~~~~~~~~~~~~~~~~~~~~~~~~~~~~~~
After ORDINAL
Numerical Index V2 : [0, 4, 5, 6, 7, 8] 


OHE Idx : None


Ordinal Idx V2: [1, 2, 3]


Cat Dims V2 : [6, 8, 9]
Cat Idx V2 : [1, 2, 3] 
 

Train: [[0.6163086573556317 3 2 3 1.01417248467605 0.6933918087730161
  0.721596787808808 0.6453068436442716 0.798336081081993]
 [-1.1952032599905673 5 4 7 -0.16517645221395355 -0.20256142052440085
  -1.5926568420375937 -1.4870502940504944 -1.5214570522265132]
 [0.46886001292047585 4 5 5 0.11231741528957526 0.2454151941243076
  0.641488008314125 0.6453068436442716 0.6473436286181253]
 [0.8480136700394476 3 3 4 1.01417248467605 -1.5464912644705262
  0.8907153222975839 0.8812989379346017 1.0042348798963567]
 [-0.2051909330688076 2 3 6 0.2510643490413421 2.9332748820165584
  -0.09729295813684173 -0.07109772830851513 -0.05271228735071349]
 [1.4799364319044008 3 6 4 -1.5526457897316026 0.2454151941243076
  1.5226845827556397 1.4712791736604265 1.237586851885971]
 [-0.6054086822499445 5 5 4 -0.7895376540968947 -0.6505380351731093
  -0.48003490461143866 -0.47565560423479525 -0.5468694045051881]
 [0.026514079615008745 2 4 2 -0.5120437865933658 1.589345038070433
  0.18753825784425412 0.2154641004725996 0.13945992487602685]
 [-0.16306274894447736 3 1 4 1.01417248467605 1.1413684234217245
  0.03622167435429635 -0.028956282899527803 0.12573333828840222]
 [0.4477959208583107 4 6 5 -0.6507907203451327 0.6933918087730161
  0.650388983813534 0.5778805309898917 0.5238043493295069]] 
 
 
Val : (17261, 9) 
 

FINISHED ENCODING
~~~~~~~~~~~~~~~~~~~~~~~~~~~~~~~~~~~~~~~~~~~~~~~~~~~~~~~~~~~~~~~~~~~~~~~~~~~~~~~


~~~~~~~~~~~~~~~~~~~~~~~~~~~~~~~~~~~~~~~~~~~~~~~~~~~~~~~~~~~~~~~~~~~~~~~~~~~~~~~
Test numpy array issues
X dtype: object
X Val dtype: object
X dtype: float32
X Val dtype: float32
After Debugging -- Inner Fold 3
DEBUG Inner Fold 3: num_features: 9
DEBUG Inner Fold 3: num_classes: 1
DEBUG Inner Fold 3: cat_idx: [1, 2, 3]
DEBUG Inner Fold 3: nominal_idx: None
DEBUG Inner Fold 3: ordinal_idx: [1, 2, 3]
DEBUG Inner Fold 3: num_idx: [0, 4, 5, 6, 7, 8]
DEBUG Inner Fold 3: cat_dims: [6, 8, 9]
DEBUG Inner Fold 3: bin_alt: None
In get_device
On Device: cuda
**** Data b4 Fitting ****
Train Data b4 training...
X: <class 'numpy.ndarray'> , y : (<class 'numpy.ndarray'>,), X_val: <class 'numpy.ndarray'> , y : <class 'numpy.ndarray'>

Train Data after...
X: <class 'torch.Tensor'> , y : (<class 'torch.Tensor'>,), X_val: <class 'torch.Tensor'> , y : <class 'torch.Tensor'>

Inner Fold 3 Results: {'MSE - mean': 30986998.72890467, 'MSE - std': 514164.11013371055, 'R2 - mean': -0.965104262674406, 'R2 - std': 0.003296805546205199}
  outer_3_inner Fold 4/5
Before Debugging -- Inner Fold 4
DEBUG Inner Fold 4: num_features: 9
DEBUG Inner Fold 4: num_classes: 1
DEBUG Inner Fold 4: cat_idx: [0]
DEBUG Inner Fold 4: nominal_idx: None
DEBUG Inner Fold 4: ordinal_idx: [1, 2, 3]
DEBUG Inner Fold 4: num_idx: None
DEBUG Inner Fold 4: cat_dims: [2]
DEBUG Inner Fold 4: bin_alt: None
~~~~~~~~~~~~~~~~~~~~~~~~~~~~~~~~~~~~~~~~~~~~~~~~~~~~~~~~~~~~~~~~~~~~~~~~~~~~~~~
BEFORE ANY ENCODING
num_features :9
num_classes : 1
cat_idx : [0]
nominal_idx : None
ordinal_idx : [1, 2, 3]
num_idx : None
cat_dims : [2]
bin_alt : None 


X_train shape : (17261, 9)
~~~~~~~~~~~~~~~~~~~~~~~~~~~~~~~~~~~~~~~~~~~~~~~~~~~~~~~~~~~~~~~~~~~~~~~~~~~~~~~
~~~~~~~~~~~~~~~~~~~~~~~~~~~~~~~~~~~~~~~~~~~~~~~~~~~~~~~~~~~~~~~~~~~~~~~~~~~~~~~
AFTER getting cat idx
Nominal Index : None
Ordinal Index : [1, 2, 3]
Cat Idx : [0]
Cat dims : [2]
~~~~~~~~~~~~~~~~~~~~~~~~~~~~~~~~~~~~~~~~~~~~~~~~~~~~~~~~~~~~~~~~~~~~~~~~~~~~~~~
BEFORE getting cat idx
Nominal Index : None
Ordinal Index : [1, 2, 3]
Cat Idx : [1, 2, 3]
Cat dims : []
~~~~~~~~~~~~~~~~~~~~~~~~~~~~~~~~~~~~~~~~~~~~~~~~~~~~~~~~~~~~~~~~~~~~~~~~~~~~~~~ 


AFTER SEPARATING CATEGORICALS AND NUMERICALS
Ordinal Index : [1, 2, 3]
Numerical Index V1 : [0, 4, 5, 6, 7, 8]
Cat Idx V1 : [1, 2, 3] 
Cat Dims V1 : []
 

~~~~~~~~~~~~~~~~~~~~~~~~~~~~~~~~~~~~~~~~~~~~~~~~~~~~~~~~~~~~~~~~~~~~~~~~~~~~~~~ 


Scaling the data...
~~~~~~~~~~~~~~~~~~~~~~~~~~~~~~~~~~~~~~~~~~~~~~~~~~~~~~~~~~~~~~~~~~~~~~~~~~~~~~~
After OHE
Numerical Index V2 : [0, 4, 5, 6, 7, 8] 


OHE Idx : None


Ordinal Idx V2: [1, 2, 3]


Cat Dims V2 : []
Cat Idx V2 : [1, 2, 3] 
 

Train: [[0.619933549514922 'Very Good' 'I' 'SI1' 1.017332292395879]
 [-1.1983159231295304 'Ideal' 'G' 'VVS1' -0.16382343362779506]
 [0.47193649941595484 'Premium' 'F' 'VS1' 0.11409556073071503]
 [0.8525003425275842 'Very Good' 'H' 'VS2' 1.017332292395879]
 [-0.2046214438936089 'Good' 'H' 'VVS2' 0.25305505790997257]
 [1.4867734143803002 'Very Good' 'E' 'VS2' -1.5534184054203504]
 [0.02794534911905379 'Good' 'G' 'SI2' -0.5112221765759339]
 [-0.16233657243676114 'Very Good' 'J' 'VS2' 1.017332292395879]
 [0.45079406368753094 'Premium' 'E' 'VS1' -0.6501816737551914]
 [-0.03548195806621785 'Very Good' 'G' 'SI1' 0.8783727952166215]] 
 
 
Val : (17261, 9) 
 

~~~~~~~~~~~~~~~~~~~~~~~~~~~~~~~~~~~~~~~~~~~~~~~~~~~~~~~~~~~~~~~~~~~~~~~~~~~~~~~
Ordinal Encoding...
Cat Idx V3 : [1, 2, 3] 
 

~~~~~~~~~~~~~~~~~~~~~~~~~~~~~~~~~~~~~~~~~~~~~~~~~~~~~~~~~~~~~~~~~~~~~~~~~~~~~~~
After ORDINAL
Numerical Index V2 : [0, 4, 5, 6, 7, 8] 


OHE Idx : None


Ordinal Idx V2: [1, 2, 3]


Cat Dims V2 : [6, 8, 9]
Cat Idx V2 : [1, 2, 3] 
 

Train: [[0.619933549514922 3 2 3 1.017332292395879 0.6935866532528318
  0.7243868238818078 0.6475796384728195 0.8004884096495952]
 [-1.1983159231295304 5 4 7 -0.16382343362779506 -0.20555297714736842
  -1.599769825435883 -1.4928043826304394 -1.524188061854345]
 [0.47193649941595484 4 5 5 0.11409556073071503 0.2440168380527317
  0.6439352475592725 0.6475796384728195 0.6491781067706401]
 [0.8525003425275842 3 3 4 1.017332292395879 -1.5542624227476687
  0.8942290405627163 0.8844600834961054 1.006820640848169]
 [-0.2046214438936089 2 3 6 0.25305505790997257 2.941435729253332
  -0.0980070674152212 -0.07152171249072566 -0.05235147930451317]
 [1.4867734143803002 3 6 4 -1.5534184054203504 0.2440168380527317
  1.5289025871071626 1.4766611960543194 1.2406638362065547]
 [0.02794534911905379 2 4 2 -0.5112221765759339 1.592726283653032
  0.18804298173157177 0.21611882789469242 0.14022526981415662]
 [-0.16233657243676114 3 1 4 1.017332292395879 1.1431564684529318
  0.03607889312233741 -0.029221633022281947 0.12646978773425133]
 [0.45079406368753094 4 6 5 -0.6501816737551914 0.6935866532528318
  0.6528743115951096 0.5798995113233093 0.5253787680514955]
 [-0.03548195806621785 3 4 3 0.8783727952166215 0.2440168380527317
  0.0807742133015244 0.1061386212767385 0.19524719813377656]] 
 
 
Val : (17261, 9) 
 

FINISHED ENCODING
~~~~~~~~~~~~~~~~~~~~~~~~~~~~~~~~~~~~~~~~~~~~~~~~~~~~~~~~~~~~~~~~~~~~~~~~~~~~~~~


~~~~~~~~~~~~~~~~~~~~~~~~~~~~~~~~~~~~~~~~~~~~~~~~~~~~~~~~~~~~~~~~~~~~~~~~~~~~~~~
Test numpy array issues
X dtype: object
X Val dtype: object
X dtype: float32
X Val dtype: float32
After Debugging -- Inner Fold 4
DEBUG Inner Fold 4: num_features: 9
DEBUG Inner Fold 4: num_classes: 1
DEBUG Inner Fold 4: cat_idx: [1, 2, 3]
DEBUG Inner Fold 4: nominal_idx: None
DEBUG Inner Fold 4: ordinal_idx: [1, 2, 3]
DEBUG Inner Fold 4: num_idx: [0, 4, 5, 6, 7, 8]
DEBUG Inner Fold 4: cat_dims: [6, 8, 9]
DEBUG Inner Fold 4: bin_alt: None
In get_device
On Device: cuda
**** Data b4 Fitting ****
Train Data b4 training...
X: <class 'numpy.ndarray'> , y : (<class 'numpy.ndarray'>,), X_val: <class 'numpy.ndarray'> , y : <class 'numpy.ndarray'>

Train Data after...
X: <class 'torch.Tensor'> , y : (<class 'torch.Tensor'>,), X_val: <class 'torch.Tensor'> , y : <class 'torch.Tensor'>

Inner Fold 4 Results: {'MSE - mean': 31136295.55072815, 'MSE - std': 514919.57831487677, 'R2 - mean': -0.9631540775459853, 'R2 - std': 0.004422822765209698}
  outer_3_inner Fold 5/5
Before Debugging -- Inner Fold 5
DEBUG Inner Fold 5: num_features: 9
DEBUG Inner Fold 5: num_classes: 1
DEBUG Inner Fold 5: cat_idx: [0]
DEBUG Inner Fold 5: nominal_idx: None
DEBUG Inner Fold 5: ordinal_idx: [1, 2, 3]
DEBUG Inner Fold 5: num_idx: None
DEBUG Inner Fold 5: cat_dims: [2]
DEBUG Inner Fold 5: bin_alt: None
~~~~~~~~~~~~~~~~~~~~~~~~~~~~~~~~~~~~~~~~~~~~~~~~~~~~~~~~~~~~~~~~~~~~~~~~~~~~~~~
BEFORE ANY ENCODING
num_features :9
num_classes : 1
cat_idx : [0]
nominal_idx : None
ordinal_idx : [1, 2, 3]
num_idx : None
cat_dims : [2]
bin_alt : None 


X_train shape : (17261, 9)
~~~~~~~~~~~~~~~~~~~~~~~~~~~~~~~~~~~~~~~~~~~~~~~~~~~~~~~~~~~~~~~~~~~~~~~~~~~~~~~
~~~~~~~~~~~~~~~~~~~~~~~~~~~~~~~~~~~~~~~~~~~~~~~~~~~~~~~~~~~~~~~~~~~~~~~~~~~~~~~
AFTER getting cat idx
Nominal Index : None
Ordinal Index : [1, 2, 3]
Cat Idx : [0]
Cat dims : [2]
~~~~~~~~~~~~~~~~~~~~~~~~~~~~~~~~~~~~~~~~~~~~~~~~~~~~~~~~~~~~~~~~~~~~~~~~~~~~~~~
BEFORE getting cat idx
Nominal Index : None
Ordinal Index : [1, 2, 3]
Cat Idx : [1, 2, 3]
Cat dims : []
~~~~~~~~~~~~~~~~~~~~~~~~~~~~~~~~~~~~~~~~~~~~~~~~~~~~~~~~~~~~~~~~~~~~~~~~~~~~~~~ 


AFTER SEPARATING CATEGORICALS AND NUMERICALS
Ordinal Index : [1, 2, 3]
Numerical Index V1 : [0, 4, 5, 6, 7, 8]
Cat Idx V1 : [1, 2, 3] 
Cat Dims V1 : []
 

~~~~~~~~~~~~~~~~~~~~~~~~~~~~~~~~~~~~~~~~~~~~~~~~~~~~~~~~~~~~~~~~~~~~~~~~~~~~~~~ 


Scaling the data...
~~~~~~~~~~~~~~~~~~~~~~~~~~~~~~~~~~~~~~~~~~~~~~~~~~~~~~~~~~~~~~~~~~~~~~~~~~~~~~~
After OHE
Numerical Index V2 : [0, 4, 5, 6, 7, 8] 


OHE Idx : None


Ordinal Idx V2: [1, 2, 3]


Cat Dims V2 : []
Cat Idx V2 : [1, 2, 3] 
 

Train: [[0.4724994041046959 'Premium' 'F' 'VS1' 0.10794110061547957]
 [-0.20154162642257425 'Good' 'H' 'VVS2' 0.2462765750724545]
 [-0.6017534882981407 'Ideal' 'F' 'VS2' -0.791239483354843]
 [0.030159977821175004 'Good' 'G' 'SI2' -0.5145685344408979]
 [-0.15941406201461986 'Very Good' 'J' 'VS2' 1.0071216845858069]
 [1.5256885143035552 'Premium' 'E' 'SI1' 0.5229475239863995]
 [0.6831372261444679 'Premium' 'G' 'SI2' -0.5145685344408979]
 [0.8516474837762851 'Very Good' 'F' 'VS2' 0.592115261214887]
 [-0.07515893319871103 'Good' 'D' 'VS2' 1.2146248962712645]
 [-1.0230291323776846 'Premium' 'D' 'IF' -1.067910432268788]] 
 
 
Val : (17261, 9) 
 

~~~~~~~~~~~~~~~~~~~~~~~~~~~~~~~~~~~~~~~~~~~~~~~~~~~~~~~~~~~~~~~~~~~~~~~~~~~~~~~
Ordinal Encoding...
Cat Idx V3 : [1, 2, 3] 
 

~~~~~~~~~~~~~~~~~~~~~~~~~~~~~~~~~~~~~~~~~~~~~~~~~~~~~~~~~~~~~~~~~~~~~~~~~~~~~~~
After ORDINAL
Numerical Index V2 : [0, 4, 5, 6, 7, 8] 


OHE Idx : None


Ordinal Idx V2: [1, 2, 3]


Cat Dims V2 : [6, 8, 9]
Cat Idx V2 : [1, 2, 3] 
 

Train: [[0.4724994041046959 4 5 5 0.10794110061547957 0.2506764659250819
  0.6463170429773962 0.6938985301146872 0.6524992986311963]
 [-0.20154162642257425 2 3 6 0.2462765750724545 2.96121717066479
  -0.09369530747892056 -0.06917448239734655 -0.048953682687475505]
 [-0.6017534882981407 5 5 4 -0.791239483354843 -0.6528371023214874
  -0.47707519988400005 -0.5000863012276721 -0.5440969636183027]
 [0.030159977821175004 2 4 2 -0.5145685344408979 1.6059468182949357
  0.19161065896206927 0.23605472260746693 0.14360203767451307]
 [-0.15941406201461986 3 1 4 1.0071216845858069 1.1541900341716511
  0.040041864290292835 -0.02428783460252118 0.12984805764865645]
 [1.5256885143035552 4 6 3 0.5229475239863995 0.7024332500483665
  1.4309084506901175 1.376175576596035 1.4089682000532935]
 [0.6831372261444679 4 4 2 -0.5145685344408979 1.1541900341716511
  0.8692123292594194 0.8195811439401984 0.7350231787863348]
 [0.8516474837762851 3 5 4 0.592115261214887 -0.6528371023214874
  0.8959597636132623 0.9452637577657104 0.9550868592000361]
 [-0.07515893319871103 2 7 4 1.2146248962712645 -1.104593886444772
  0.07570511009541657 0.11037210878195494 0.22612591782965105]
 [-1.0230291323776846 4 7 8 -1.067910432268788 0.7024332500483665
  -1.1635926816326316 -1.2003180068269506 -1.2180419848852624]] 
 
 
Val : (17261, 9) 
 

FINISHED ENCODING
~~~~~~~~~~~~~~~~~~~~~~~~~~~~~~~~~~~~~~~~~~~~~~~~~~~~~~~~~~~~~~~~~~~~~~~~~~~~~~~


~~~~~~~~~~~~~~~~~~~~~~~~~~~~~~~~~~~~~~~~~~~~~~~~~~~~~~~~~~~~~~~~~~~~~~~~~~~~~~~
Test numpy array issues
X dtype: object
X Val dtype: object
X dtype: float32
X Val dtype: float32
After Debugging -- Inner Fold 5
DEBUG Inner Fold 5: num_features: 9
DEBUG Inner Fold 5: num_classes: 1
DEBUG Inner Fold 5: cat_idx: [1, 2, 3]
DEBUG Inner Fold 5: nominal_idx: None
DEBUG Inner Fold 5: ordinal_idx: [1, 2, 3]
DEBUG Inner Fold 5: num_idx: [0, 4, 5, 6, 7, 8]
DEBUG Inner Fold 5: cat_dims: [6, 8, 9]
DEBUG Inner Fold 5: bin_alt: None
In get_device
On Device: cuda
**** Data b4 Fitting ****
Train Data b4 training...
X: <class 'numpy.ndarray'> , y : (<class 'numpy.ndarray'>,), X_val: <class 'numpy.ndarray'> , y : <class 'numpy.ndarray'>

Train Data after...
X: <class 'torch.Tensor'> , y : (<class 'torch.Tensor'>,), X_val: <class 'torch.Tensor'> , y : <class 'torch.Tensor'>

Inner Fold 5 Results: {'MSE - mean': 31069088.474313587, 'MSE - std': 479771.718827139, 'R2 - mean': -0.9709704758871526, 'R2 - std': 0.016125551807029095}
Trial Results B4 Saving: {'MSE - mean': 31069088.474313587, 'MSE - std': 479771.718827139, 'R2 - mean': -0.9709704758871526, 'R2 - std': 0.016125551807029095}
Score: 31069088.474313587
  outer_3_inner Fold 1/5
Before Debugging -- Inner Fold 1
DEBUG Inner Fold 1: num_features: 9
DEBUG Inner Fold 1: num_classes: 1
DEBUG Inner Fold 1: cat_idx: [0]
DEBUG Inner Fold 1: nominal_idx: None
DEBUG Inner Fold 1: ordinal_idx: [1, 2, 3]
DEBUG Inner Fold 1: num_idx: None
DEBUG Inner Fold 1: cat_dims: [2]
DEBUG Inner Fold 1: bin_alt: None
~~~~~~~~~~~~~~~~~~~~~~~~~~~~~~~~~~~~~~~~~~~~~~~~~~~~~~~~~~~~~~~~~~~~~~~~~~~~~~~
BEFORE ANY ENCODING
num_features :9
num_classes : 1
cat_idx : [0]
nominal_idx : None
ordinal_idx : [1, 2, 3]
num_idx : None
cat_dims : [2]
bin_alt : None 


X_train shape : (17260, 9)
~~~~~~~~~~~~~~~~~~~~~~~~~~~~~~~~~~~~~~~~~~~~~~~~~~~~~~~~~~~~~~~~~~~~~~~~~~~~~~~
~~~~~~~~~~~~~~~~~~~~~~~~~~~~~~~~~~~~~~~~~~~~~~~~~~~~~~~~~~~~~~~~~~~~~~~~~~~~~~~
AFTER getting cat idx
Nominal Index : None
Ordinal Index : [1, 2, 3]
Cat Idx : [0]
Cat dims : [2]
~~~~~~~~~~~~~~~~~~~~~~~~~~~~~~~~~~~~~~~~~~~~~~~~~~~~~~~~~~~~~~~~~~~~~~~~~~~~~~~
BEFORE getting cat idx
Nominal Index : None
Ordinal Index : [1, 2, 3]
Cat Idx : [1, 2, 3]
Cat dims : []
~~~~~~~~~~~~~~~~~~~~~~~~~~~~~~~~~~~~~~~~~~~~~~~~~~~~~~~~~~~~~~~~~~~~~~~~~~~~~~~ 


AFTER SEPARATING CATEGORICALS AND NUMERICALS
Ordinal Index : [1, 2, 3]
Numerical Index V1 : [0, 4, 5, 6, 7, 8]
Cat Idx V1 : [1, 2, 3] 
Cat Dims V1 : []
 

~~~~~~~~~~~~~~~~~~~~~~~~~~~~~~~~~~~~~~~~~~~~~~~~~~~~~~~~~~~~~~~~~~~~~~~~~~~~~~~ 


Scaling the data...
~~~~~~~~~~~~~~~~~~~~~~~~~~~~~~~~~~~~~~~~~~~~~~~~~~~~~~~~~~~~~~~~~~~~~~~~~~~~~~~
After OHE
Numerical Index V2 : [0, 4, 5, 6, 7, 8] 


OHE Idx : None


Ordinal Idx V2: [1, 2, 3]


Cat Dims V2 : []
Cat Idx V2 : [1, 2, 3] 
 

Train: [[0.611811219419684 'Very Good' 'I' 'SI1' 1.0097753906801221]
 [-1.1985037033909538 'Ideal' 'G' 'VVS1' -0.15832815056531033]
 [0.8433631281512769 'Very Good' 'H' 'VS2' 1.0097753906801221]
 [-0.20914554790141932 'Good' 'H' 'VVS2' 0.2539436875213132]
 [1.4748683337828947 'Very Good' 'E' 'VS2' -1.532567610854052]
 [-0.6090988448014438 'Ideal' 'F' 'VS2' -0.7767359076952431]
 [-0.16704520085931143 'Very Good' 'J' 'VS2' 1.0097753906801221]
 [0.44340983125125244 'Premium' 'E' 'VS1' -0.6393119616663718]
 [1.5169686808250027 'Premium' 'E' 'SI1' 0.5287915795790605]
 [-0.040744159732987784 'Very Good' 'G' 'SI1' 0.8723514446512459]] 
 
 
Val : (17260, 9) 
 

~~~~~~~~~~~~~~~~~~~~~~~~~~~~~~~~~~~~~~~~~~~~~~~~~~~~~~~~~~~~~~~~~~~~~~~~~~~~~~~
Ordinal Encoding...
Cat Idx V3 : [1, 2, 3] 
 

~~~~~~~~~~~~~~~~~~~~~~~~~~~~~~~~~~~~~~~~~~~~~~~~~~~~~~~~~~~~~~~~~~~~~~~~~~~~~~~
After ORDINAL
Numerical Index V2 : [0, 4, 5, 6, 7, 8] 


OHE Idx : None


Ordinal Idx V2: [1, 2, 3]


Cat Dims V2 : [6, 8, 9]
Cat Idx V2 : [1, 2, 3] 
 

Train: [[0.611811219419684 3 2 3 1.0097753906801221 0.6906933111346477
  0.7175019955531756 0.6415692767609531 0.8342307576131831]
 [-1.1985037033909538 5 4 7 -0.15832815056531033 -0.20729748025587727
  -1.6027262578557462 -1.495998017490497 -1.5984234836469495]
 [0.8433631281512769 3 3 4 1.0097753906801221 -1.5542836673416647
  0.8870571371484434 0.8781379891682284 1.050146814529762]
 [-0.20914554790141932 2 3 6 0.2539436875213132 2.93567028961096
  -0.10350184796075046 -0.07658574304684607 -0.058222277642013646]
 [1.4748683337828947 3 6 4 -1.532567610854052 0.2416979154393852
  1.5206579294254952 1.4695597701864165 1.2948516790352205]
 [-0.6090988448014438 5 5 4 -0.7767359076952431 -0.6562928759511397
  -0.4872319052553027 -0.4821321071736038 -0.576420814241805]
 [-0.16704520085931143 3 1 4 1.0097753906801221 1.1396887068299102
  0.030357474351302247 -0.03434133011697566 0.1289049716856887]
 [0.44340983125125244 4 6 5 -0.6393119616663718 0.6906933111346477
  0.6461103569867472 0.5739782160731601 0.5463426817244098]
 [1.5169686808250027 4 6 3 0.5287915795790605 0.6906933111346477
  1.422494426396656 1.2836843532949853 1.4675845245684833]
 [-0.040744159732987784 3 4 3 0.8723514446512459 0.2416979154393852
  0.07497724845532061 0.10084079125861024 0.2008769906578824]] 
 
 
Val : (17260, 9) 
 

FINISHED ENCODING
~~~~~~~~~~~~~~~~~~~~~~~~~~~~~~~~~~~~~~~~~~~~~~~~~~~~~~~~~~~~~~~~~~~~~~~~~~~~~~~


~~~~~~~~~~~~~~~~~~~~~~~~~~~~~~~~~~~~~~~~~~~~~~~~~~~~~~~~~~~~~~~~~~~~~~~~~~~~~~~
Test numpy array issues
X dtype: object
X Val dtype: object
X dtype: float32
X Val dtype: float32
After Debugging -- Inner Fold 1
DEBUG Inner Fold 1: num_features: 9
DEBUG Inner Fold 1: num_classes: 1
DEBUG Inner Fold 1: cat_idx: [1, 2, 3]
DEBUG Inner Fold 1: nominal_idx: None
DEBUG Inner Fold 1: ordinal_idx: [1, 2, 3]
DEBUG Inner Fold 1: num_idx: [0, 4, 5, 6, 7, 8]
DEBUG Inner Fold 1: cat_dims: [6, 8, 9]
DEBUG Inner Fold 1: bin_alt: None
In get_device
On Device: cuda
**** Data b4 Fitting ****
Train Data b4 training...
X: <class 'numpy.ndarray'> , y : (<class 'numpy.ndarray'>,), X_val: <class 'numpy.ndarray'> , y : <class 'numpy.ndarray'>

Train Data after...
X: <class 'torch.Tensor'> , y : (<class 'torch.Tensor'>,), X_val: <class 'torch.Tensor'> , y : <class 'torch.Tensor'>

Inner Fold 1 Results: {'MSE - mean': 25126123.52680029, 'MSE - std': 0.0, 'R2 - mean': -0.6321111459028543, 'R2 - std': 0.0}
  outer_3_inner Fold 2/5
Before Debugging -- Inner Fold 2
DEBUG Inner Fold 2: num_features: 9
DEBUG Inner Fold 2: num_classes: 1
DEBUG Inner Fold 2: cat_idx: [0]
DEBUG Inner Fold 2: nominal_idx: None
DEBUG Inner Fold 2: ordinal_idx: [1, 2, 3]
DEBUG Inner Fold 2: num_idx: None
DEBUG Inner Fold 2: cat_dims: [2]
DEBUG Inner Fold 2: bin_alt: None
~~~~~~~~~~~~~~~~~~~~~~~~~~~~~~~~~~~~~~~~~~~~~~~~~~~~~~~~~~~~~~~~~~~~~~~~~~~~~~~
BEFORE ANY ENCODING
num_features :9
num_classes : 1
cat_idx : [0]
nominal_idx : None
ordinal_idx : [1, 2, 3]
num_idx : None
cat_dims : [2]
bin_alt : None 


X_train shape : (17261, 9)
~~~~~~~~~~~~~~~~~~~~~~~~~~~~~~~~~~~~~~~~~~~~~~~~~~~~~~~~~~~~~~~~~~~~~~~~~~~~~~~
~~~~~~~~~~~~~~~~~~~~~~~~~~~~~~~~~~~~~~~~~~~~~~~~~~~~~~~~~~~~~~~~~~~~~~~~~~~~~~~
AFTER getting cat idx
Nominal Index : None
Ordinal Index : [1, 2, 3]
Cat Idx : [0]
Cat dims : [2]
~~~~~~~~~~~~~~~~~~~~~~~~~~~~~~~~~~~~~~~~~~~~~~~~~~~~~~~~~~~~~~~~~~~~~~~~~~~~~~~
BEFORE getting cat idx
Nominal Index : None
Ordinal Index : [1, 2, 3]
Cat Idx : [1, 2, 3]
Cat dims : []
~~~~~~~~~~~~~~~~~~~~~~~~~~~~~~~~~~~~~~~~~~~~~~~~~~~~~~~~~~~~~~~~~~~~~~~~~~~~~~~ 


AFTER SEPARATING CATEGORICALS AND NUMERICALS
Ordinal Index : [1, 2, 3]
Numerical Index V1 : [0, 4, 5, 6, 7, 8]
Cat Idx V1 : [1, 2, 3] 
Cat Dims V1 : []
 

~~~~~~~~~~~~~~~~~~~~~~~~~~~~~~~~~~~~~~~~~~~~~~~~~~~~~~~~~~~~~~~~~~~~~~~~~~~~~~~ 


Scaling the data...
~~~~~~~~~~~~~~~~~~~~~~~~~~~~~~~~~~~~~~~~~~~~~~~~~~~~~~~~~~~~~~~~~~~~~~~~~~~~~~~
After OHE
Numerical Index V2 : [0, 4, 5, 6, 7, 8] 


OHE Idx : None


Ordinal Idx V2: [1, 2, 3]


Cat Dims V2 : []
Cat Idx V2 : [1, 2, 3] 
 

Train: [[0.627617157378436 'Very Good' 'I' 'SI1' 1.0247334911490789]
 [-1.1999521785974394 'Ideal' 'G' 'VVS1' -0.1671373922948845]
 [0.4788615137524926 'Premium' 'F' 'VS1' 0.11330281557428189]
 [0.8613760259334896 'Very Good' 'H' 'VS2' 1.0247334911490789]
 [1.4989002129018183 'Very Good' 'E' 'VS2' -1.5693384316407215]
 [-0.604929604093666 'Ideal' 'F' 'VS2' -0.7981278600005102]
 [0.03259458287466266 'Good' 'G' 'SI2' -0.5176876521313437]
 [0.45761070752021493 'Premium' 'E' 'VS1' -0.6579077560659294]
 [1.5414018253663735 'Premium' 'E' 'SI1' 0.533963127378034]
 [-0.031157835822170254 'Very Good' 'G' 'SI1' 0.8845133872144932]] 
 
 
Val : (17261, 9) 
 

~~~~~~~~~~~~~~~~~~~~~~~~~~~~~~~~~~~~~~~~~~~~~~~~~~~~~~~~~~~~~~~~~~~~~~~~~~~~~~~
Ordinal Encoding...
Cat Idx V3 : [1, 2, 3] 
 

~~~~~~~~~~~~~~~~~~~~~~~~~~~~~~~~~~~~~~~~~~~~~~~~~~~~~~~~~~~~~~~~~~~~~~~~~~~~~~~
After ORDINAL
Numerical Index V2 : [0, 4, 5, 6, 7, 8] 


OHE Idx : None


Ordinal Idx V2: [1, 2, 3]


Cat Dims V2 : [6, 8, 9]
Cat Idx V2 : [1, 2, 3] 
 

Train: [[0.627617157378436 3 2 3 1.0247334911490789 0.6940223422410932
  0.7298285887943268 0.6523415571227338 0.805438198386237]
 [-1.1999521785974394 5 4 7 -0.1671373922948845 -0.20769683770527966
  -1.597511798848288 -1.4903828580812128 -1.5227655191836416]
 [0.4788615137524926 4 5 5 0.11330281557428189 0.24316275226790676
  0.6492668061451595 0.6523415571227338 0.6538983114438184]
 [0.8613760259334896 3 3 4 1.0247334911490789 -1.560275607624839
  0.8999034632759029 0.8894810180939219 1.012083498762261]
 [1.4989002129018183 3 6 4 -1.5693384316407215 0.24316275226790676
  1.5354464152860015 1.4823296705218916 1.24628150585509]
 [-0.604929604093666 5 5 4 -0.7981278600005102 -0.6585564276784661
  -0.4785981509431844 -0.47407088249040824 -0.5446444307371245]
 [0.03259458287466266 2 4 2 -0.5176876521313437 1.595741522187466
  0.19275003779987757 0.22040896749664196 0.14417323718295785]
 [0.45761070752021493 4 6 5 -0.6579077560659294 0.6940223422410932
  0.6582181153284001 0.5845874254166801 0.5299111312182038]
 [1.5414018253663735 4 6 3 0.533963127378034 0.6940223422410932
  1.436982014270352 1.2960058083302435 1.4115977461559088]
 [-0.031157835822170254 3 4 3 0.8845133872144932 0.24316275226790676
  0.08533432760098755 0.11030850347430485 0.1992786506165645]] 
 
 
Val : (17261, 9) 
 

FINISHED ENCODING
~~~~~~~~~~~~~~~~~~~~~~~~~~~~~~~~~~~~~~~~~~~~~~~~~~~~~~~~~~~~~~~~~~~~~~~~~~~~~~~


~~~~~~~~~~~~~~~~~~~~~~~~~~~~~~~~~~~~~~~~~~~~~~~~~~~~~~~~~~~~~~~~~~~~~~~~~~~~~~~
Test numpy array issues
X dtype: object
X Val dtype: object
X dtype: float32
X Val dtype: float32
After Debugging -- Inner Fold 2
DEBUG Inner Fold 2: num_features: 9
DEBUG Inner Fold 2: num_classes: 1
DEBUG Inner Fold 2: cat_idx: [1, 2, 3]
DEBUG Inner Fold 2: nominal_idx: None
DEBUG Inner Fold 2: ordinal_idx: [1, 2, 3]
DEBUG Inner Fold 2: num_idx: [0, 4, 5, 6, 7, 8]
DEBUG Inner Fold 2: cat_dims: [6, 8, 9]
DEBUG Inner Fold 2: bin_alt: None
In get_device
On Device: cuda
**** Data b4 Fitting ****
Train Data b4 training...
X: <class 'numpy.ndarray'> , y : (<class 'numpy.ndarray'>,), X_val: <class 'numpy.ndarray'> , y : <class 'numpy.ndarray'>

Train Data after...
X: <class 'torch.Tensor'> , y : (<class 'torch.Tensor'>,), X_val: <class 'torch.Tensor'> , y : <class 'torch.Tensor'>

Inner Fold 2 Results: {'MSE - mean': 25582790.463145282, 'MSE - std': 456666.93634499237, 'R2 - mean': -0.6298071114503772, 'R2 - std': 0.002304034452477177}
  outer_3_inner Fold 3/5
Before Debugging -- Inner Fold 3
DEBUG Inner Fold 3: num_features: 9
DEBUG Inner Fold 3: num_classes: 1
DEBUG Inner Fold 3: cat_idx: [0]
DEBUG Inner Fold 3: nominal_idx: None
DEBUG Inner Fold 3: ordinal_idx: [1, 2, 3]
DEBUG Inner Fold 3: num_idx: None
DEBUG Inner Fold 3: cat_dims: [2]
DEBUG Inner Fold 3: bin_alt: None
~~~~~~~~~~~~~~~~~~~~~~~~~~~~~~~~~~~~~~~~~~~~~~~~~~~~~~~~~~~~~~~~~~~~~~~~~~~~~~~
BEFORE ANY ENCODING
num_features :9
num_classes : 1
cat_idx : [0]
nominal_idx : None
ordinal_idx : [1, 2, 3]
num_idx : None
cat_dims : [2]
bin_alt : None 


X_train shape : (17261, 9)
~~~~~~~~~~~~~~~~~~~~~~~~~~~~~~~~~~~~~~~~~~~~~~~~~~~~~~~~~~~~~~~~~~~~~~~~~~~~~~~
~~~~~~~~~~~~~~~~~~~~~~~~~~~~~~~~~~~~~~~~~~~~~~~~~~~~~~~~~~~~~~~~~~~~~~~~~~~~~~~
AFTER getting cat idx
Nominal Index : None
Ordinal Index : [1, 2, 3]
Cat Idx : [0]
Cat dims : [2]
~~~~~~~~~~~~~~~~~~~~~~~~~~~~~~~~~~~~~~~~~~~~~~~~~~~~~~~~~~~~~~~~~~~~~~~~~~~~~~~
BEFORE getting cat idx
Nominal Index : None
Ordinal Index : [1, 2, 3]
Cat Idx : [1, 2, 3]
Cat dims : []
~~~~~~~~~~~~~~~~~~~~~~~~~~~~~~~~~~~~~~~~~~~~~~~~~~~~~~~~~~~~~~~~~~~~~~~~~~~~~~~ 


AFTER SEPARATING CATEGORICALS AND NUMERICALS
Ordinal Index : [1, 2, 3]
Numerical Index V1 : [0, 4, 5, 6, 7, 8]
Cat Idx V1 : [1, 2, 3] 
Cat Dims V1 : []
 

~~~~~~~~~~~~~~~~~~~~~~~~~~~~~~~~~~~~~~~~~~~~~~~~~~~~~~~~~~~~~~~~~~~~~~~~~~~~~~~ 


Scaling the data...
~~~~~~~~~~~~~~~~~~~~~~~~~~~~~~~~~~~~~~~~~~~~~~~~~~~~~~~~~~~~~~~~~~~~~~~~~~~~~~~
After OHE
Numerical Index V2 : [0, 4, 5, 6, 7, 8] 


OHE Idx : None


Ordinal Idx V2: [1, 2, 3]


Cat Dims V2 : []
Cat Idx V2 : [1, 2, 3] 
 

Train: [[0.6163086573556317 'Very Good' 'I' 'SI1' 1.01417248467605]
 [-1.1952032599905673 'Ideal' 'G' 'VVS1' -0.16517645221395355]
 [0.46886001292047585 'Premium' 'F' 'VS1' 0.11231741528957526]
 [0.8480136700394476 'Very Good' 'H' 'VS2' 1.01417248467605]
 [-0.2051909330688076 'Good' 'H' 'VVS2' 0.2510643490413421]
 [1.4799364319044008 'Very Good' 'E' 'VS2' -1.5526457897316026]
 [-0.6054086822499445 'Ideal' 'F' 'VS2' -0.7895376540968947]
 [0.026514079615008745 'Good' 'G' 'SI2' -0.5120437865933658]
 [-0.16306274894447736 'Very Good' 'J' 'VS2' 1.01417248467605]
 [0.4477959208583107 'Premium' 'E' 'VS1' -0.6507907203451327]] 
 
 
Val : (17261, 9) 
 

~~~~~~~~~~~~~~~~~~~~~~~~~~~~~~~~~~~~~~~~~~~~~~~~~~~~~~~~~~~~~~~~~~~~~~~~~~~~~~~
Ordinal Encoding...
Cat Idx V3 : [1, 2, 3] 
 

~~~~~~~~~~~~~~~~~~~~~~~~~~~~~~~~~~~~~~~~~~~~~~~~~~~~~~~~~~~~~~~~~~~~~~~~~~~~~~~
After ORDINAL
Numerical Index V2 : [0, 4, 5, 6, 7, 8] 


OHE Idx : None


Ordinal Idx V2: [1, 2, 3]


Cat Dims V2 : [6, 8, 9]
Cat Idx V2 : [1, 2, 3] 
 

Train: [[0.6163086573556317 3 2 3 1.01417248467605 0.6933918087730161
  0.721596787808808 0.6453068436442716 0.798336081081993]
 [-1.1952032599905673 5 4 7 -0.16517645221395355 -0.20256142052440085
  -1.5926568420375937 -1.4870502940504944 -1.5214570522265132]
 [0.46886001292047585 4 5 5 0.11231741528957526 0.2454151941243076
  0.641488008314125 0.6453068436442716 0.6473436286181253]
 [0.8480136700394476 3 3 4 1.01417248467605 -1.5464912644705262
  0.8907153222975839 0.8812989379346017 1.0042348798963567]
 [-0.2051909330688076 2 3 6 0.2510643490413421 2.9332748820165584
  -0.09729295813684173 -0.07109772830851513 -0.05271228735071349]
 [1.4799364319044008 3 6 4 -1.5526457897316026 0.2454151941243076
  1.5226845827556397 1.4712791736604265 1.237586851885971]
 [-0.6054086822499445 5 5 4 -0.7895376540968947 -0.6505380351731093
  -0.48003490461143866 -0.47565560423479525 -0.5468694045051881]
 [0.026514079615008745 2 4 2 -0.5120437865933658 1.589345038070433
  0.18753825784425412 0.2154641004725996 0.13945992487602685]
 [-0.16306274894447736 3 1 4 1.01417248467605 1.1413684234217245
  0.03622167435429635 -0.028956282899527803 0.12573333828840222]
 [0.4477959208583107 4 6 5 -0.6507907203451327 0.6933918087730161
  0.650388983813534 0.5778805309898917 0.5238043493295069]] 
 
 
Val : (17261, 9) 
 

FINISHED ENCODING
~~~~~~~~~~~~~~~~~~~~~~~~~~~~~~~~~~~~~~~~~~~~~~~~~~~~~~~~~~~~~~~~~~~~~~~~~~~~~~~


~~~~~~~~~~~~~~~~~~~~~~~~~~~~~~~~~~~~~~~~~~~~~~~~~~~~~~~~~~~~~~~~~~~~~~~~~~~~~~~
Test numpy array issues
X dtype: object
X Val dtype: object
X dtype: float32
X Val dtype: float32
After Debugging -- Inner Fold 3
DEBUG Inner Fold 3: num_features: 9
DEBUG Inner Fold 3: num_classes: 1
DEBUG Inner Fold 3: cat_idx: [1, 2, 3]
DEBUG Inner Fold 3: nominal_idx: None
DEBUG Inner Fold 3: ordinal_idx: [1, 2, 3]
DEBUG Inner Fold 3: num_idx: [0, 4, 5, 6, 7, 8]
DEBUG Inner Fold 3: cat_dims: [6, 8, 9]
DEBUG Inner Fold 3: bin_alt: None
In get_device
On Device: cuda
**** Data b4 Fitting ****
Train Data b4 training...
X: <class 'numpy.ndarray'> , y : (<class 'numpy.ndarray'>,), X_val: <class 'numpy.ndarray'> , y : <class 'numpy.ndarray'>

Train Data after...
X: <class 'torch.Tensor'> , y : (<class 'torch.Tensor'>,), X_val: <class 'torch.Tensor'> , y : <class 'torch.Tensor'>

Inner Fold 3 Results: {'MSE - mean': 25704207.92747377, 'MSE - std': 410504.805235861, 'R2 - mean': -0.6301004250747354, 'R2 - std': 0.0019264256028379359}
  outer_3_inner Fold 4/5
Before Debugging -- Inner Fold 4
DEBUG Inner Fold 4: num_features: 9
DEBUG Inner Fold 4: num_classes: 1
DEBUG Inner Fold 4: cat_idx: [0]
DEBUG Inner Fold 4: nominal_idx: None
DEBUG Inner Fold 4: ordinal_idx: [1, 2, 3]
DEBUG Inner Fold 4: num_idx: None
DEBUG Inner Fold 4: cat_dims: [2]
DEBUG Inner Fold 4: bin_alt: None
~~~~~~~~~~~~~~~~~~~~~~~~~~~~~~~~~~~~~~~~~~~~~~~~~~~~~~~~~~~~~~~~~~~~~~~~~~~~~~~
BEFORE ANY ENCODING
num_features :9
num_classes : 1
cat_idx : [0]
nominal_idx : None
ordinal_idx : [1, 2, 3]
num_idx : None
cat_dims : [2]
bin_alt : None 


X_train shape : (17261, 9)
~~~~~~~~~~~~~~~~~~~~~~~~~~~~~~~~~~~~~~~~~~~~~~~~~~~~~~~~~~~~~~~~~~~~~~~~~~~~~~~
~~~~~~~~~~~~~~~~~~~~~~~~~~~~~~~~~~~~~~~~~~~~~~~~~~~~~~~~~~~~~~~~~~~~~~~~~~~~~~~
AFTER getting cat idx
Nominal Index : None
Ordinal Index : [1, 2, 3]
Cat Idx : [0]
Cat dims : [2]
~~~~~~~~~~~~~~~~~~~~~~~~~~~~~~~~~~~~~~~~~~~~~~~~~~~~~~~~~~~~~~~~~~~~~~~~~~~~~~~
BEFORE getting cat idx
Nominal Index : None
Ordinal Index : [1, 2, 3]
Cat Idx : [1, 2, 3]
Cat dims : []
~~~~~~~~~~~~~~~~~~~~~~~~~~~~~~~~~~~~~~~~~~~~~~~~~~~~~~~~~~~~~~~~~~~~~~~~~~~~~~~ 


AFTER SEPARATING CATEGORICALS AND NUMERICALS
Ordinal Index : [1, 2, 3]
Numerical Index V1 : [0, 4, 5, 6, 7, 8]
Cat Idx V1 : [1, 2, 3] 
Cat Dims V1 : []
 

~~~~~~~~~~~~~~~~~~~~~~~~~~~~~~~~~~~~~~~~~~~~~~~~~~~~~~~~~~~~~~~~~~~~~~~~~~~~~~~ 


Scaling the data...
~~~~~~~~~~~~~~~~~~~~~~~~~~~~~~~~~~~~~~~~~~~~~~~~~~~~~~~~~~~~~~~~~~~~~~~~~~~~~~~
After OHE
Numerical Index V2 : [0, 4, 5, 6, 7, 8] 


OHE Idx : None


Ordinal Idx V2: [1, 2, 3]


Cat Dims V2 : []
Cat Idx V2 : [1, 2, 3] 
 

Train: [[0.619933549514922 'Very Good' 'I' 'SI1' 1.017332292395879]
 [-1.1983159231295304 'Ideal' 'G' 'VVS1' -0.16382343362779506]
 [0.47193649941595484 'Premium' 'F' 'VS1' 0.11409556073071503]
 [0.8525003425275842 'Very Good' 'H' 'VS2' 1.017332292395879]
 [-0.2046214438936089 'Good' 'H' 'VVS2' 0.25305505790997257]
 [1.4867734143803002 'Very Good' 'E' 'VS2' -1.5534184054203504]
 [0.02794534911905379 'Good' 'G' 'SI2' -0.5112221765759339]
 [-0.16233657243676114 'Very Good' 'J' 'VS2' 1.017332292395879]
 [0.45079406368753094 'Premium' 'E' 'VS1' -0.6501816737551914]
 [-0.03548195806621785 'Very Good' 'G' 'SI1' 0.8783727952166215]] 
 
 
Val : (17261, 9) 
 

~~~~~~~~~~~~~~~~~~~~~~~~~~~~~~~~~~~~~~~~~~~~~~~~~~~~~~~~~~~~~~~~~~~~~~~~~~~~~~~
Ordinal Encoding...
Cat Idx V3 : [1, 2, 3] 
 

~~~~~~~~~~~~~~~~~~~~~~~~~~~~~~~~~~~~~~~~~~~~~~~~~~~~~~~~~~~~~~~~~~~~~~~~~~~~~~~
After ORDINAL
Numerical Index V2 : [0, 4, 5, 6, 7, 8] 


OHE Idx : None


Ordinal Idx V2: [1, 2, 3]


Cat Dims V2 : [6, 8, 9]
Cat Idx V2 : [1, 2, 3] 
 

Train: [[0.619933549514922 3 2 3 1.017332292395879 0.6935866532528318
  0.7243868238818078 0.6475796384728195 0.8004884096495952]
 [-1.1983159231295304 5 4 7 -0.16382343362779506 -0.20555297714736842
  -1.599769825435883 -1.4928043826304394 -1.524188061854345]
 [0.47193649941595484 4 5 5 0.11409556073071503 0.2440168380527317
  0.6439352475592725 0.6475796384728195 0.6491781067706401]
 [0.8525003425275842 3 3 4 1.017332292395879 -1.5542624227476687
  0.8942290405627163 0.8844600834961054 1.006820640848169]
 [-0.2046214438936089 2 3 6 0.25305505790997257 2.941435729253332
  -0.0980070674152212 -0.07152171249072566 -0.05235147930451317]
 [1.4867734143803002 3 6 4 -1.5534184054203504 0.2440168380527317
  1.5289025871071626 1.4766611960543194 1.2406638362065547]
 [0.02794534911905379 2 4 2 -0.5112221765759339 1.592726283653032
  0.18804298173157177 0.21611882789469242 0.14022526981415662]
 [-0.16233657243676114 3 1 4 1.017332292395879 1.1431564684529318
  0.03607889312233741 -0.029221633022281947 0.12646978773425133]
 [0.45079406368753094 4 6 5 -0.6501816737551914 0.6935866532528318
  0.6528743115951096 0.5798995113233093 0.5253787680514955]
 [-0.03548195806621785 3 4 3 0.8783727952166215 0.2440168380527317
  0.0807742133015244 0.1061386212767385 0.19524719813377656]] 
 
 
Val : (17261, 9) 
 

FINISHED ENCODING
~~~~~~~~~~~~~~~~~~~~~~~~~~~~~~~~~~~~~~~~~~~~~~~~~~~~~~~~~~~~~~~~~~~~~~~~~~~~~~~


~~~~~~~~~~~~~~~~~~~~~~~~~~~~~~~~~~~~~~~~~~~~~~~~~~~~~~~~~~~~~~~~~~~~~~~~~~~~~~~
Test numpy array issues
X dtype: object
X Val dtype: object
X dtype: float32
X Val dtype: float32
After Debugging -- Inner Fold 4
DEBUG Inner Fold 4: num_features: 9
DEBUG Inner Fold 4: num_classes: 1
DEBUG Inner Fold 4: cat_idx: [1, 2, 3]
DEBUG Inner Fold 4: nominal_idx: None
DEBUG Inner Fold 4: ordinal_idx: [1, 2, 3]
DEBUG Inner Fold 4: num_idx: [0, 4, 5, 6, 7, 8]
DEBUG Inner Fold 4: cat_dims: [6, 8, 9]
DEBUG Inner Fold 4: bin_alt: None
In get_device
On Device: cuda
**** Data b4 Fitting ****
Train Data b4 training...
X: <class 'numpy.ndarray'> , y : (<class 'numpy.ndarray'>,), X_val: <class 'numpy.ndarray'> , y : <class 'numpy.ndarray'>

Train Data after...
X: <class 'torch.Tensor'> , y : (<class 'torch.Tensor'>,), X_val: <class 'torch.Tensor'> , y : <class 'torch.Tensor'>

Inner Fold 4 Results: {'MSE - mean': 25815004.162901968, 'MSE - std': 403996.36594464746, 'R2 - mean': -0.6276703253065448, 'R2 - std': 0.004527636398004263}
  outer_3_inner Fold 5/5
Before Debugging -- Inner Fold 5
DEBUG Inner Fold 5: num_features: 9
DEBUG Inner Fold 5: num_classes: 1
DEBUG Inner Fold 5: cat_idx: [0]
DEBUG Inner Fold 5: nominal_idx: None
DEBUG Inner Fold 5: ordinal_idx: [1, 2, 3]
DEBUG Inner Fold 5: num_idx: None
DEBUG Inner Fold 5: cat_dims: [2]
DEBUG Inner Fold 5: bin_alt: None
~~~~~~~~~~~~~~~~~~~~~~~~~~~~~~~~~~~~~~~~~~~~~~~~~~~~~~~~~~~~~~~~~~~~~~~~~~~~~~~
BEFORE ANY ENCODING
num_features :9
num_classes : 1
cat_idx : [0]
nominal_idx : None
ordinal_idx : [1, 2, 3]
num_idx : None
cat_dims : [2]
bin_alt : None 


X_train shape : (17261, 9)
~~~~~~~~~~~~~~~~~~~~~~~~~~~~~~~~~~~~~~~~~~~~~~~~~~~~~~~~~~~~~~~~~~~~~~~~~~~~~~~
~~~~~~~~~~~~~~~~~~~~~~~~~~~~~~~~~~~~~~~~~~~~~~~~~~~~~~~~~~~~~~~~~~~~~~~~~~~~~~~
AFTER getting cat idx
Nominal Index : None
Ordinal Index : [1, 2, 3]
Cat Idx : [0]
Cat dims : [2]
~~~~~~~~~~~~~~~~~~~~~~~~~~~~~~~~~~~~~~~~~~~~~~~~~~~~~~~~~~~~~~~~~~~~~~~~~~~~~~~
BEFORE getting cat idx
Nominal Index : None
Ordinal Index : [1, 2, 3]
Cat Idx : [1, 2, 3]
Cat dims : []
~~~~~~~~~~~~~~~~~~~~~~~~~~~~~~~~~~~~~~~~~~~~~~~~~~~~~~~~~~~~~~~~~~~~~~~~~~~~~~~ 


AFTER SEPARATING CATEGORICALS AND NUMERICALS
Ordinal Index : [1, 2, 3]
Numerical Index V1 : [0, 4, 5, 6, 7, 8]
Cat Idx V1 : [1, 2, 3] 
Cat Dims V1 : []
 

~~~~~~~~~~~~~~~~~~~~~~~~~~~~~~~~~~~~~~~~~~~~~~~~~~~~~~~~~~~~~~~~~~~~~~~~~~~~~~~ 


Scaling the data...
~~~~~~~~~~~~~~~~~~~~~~~~~~~~~~~~~~~~~~~~~~~~~~~~~~~~~~~~~~~~~~~~~~~~~~~~~~~~~~~
After OHE
Numerical Index V2 : [0, 4, 5, 6, 7, 8] 


OHE Idx : None


Ordinal Idx V2: [1, 2, 3]


Cat Dims V2 : []
Cat Idx V2 : [1, 2, 3] 
 

Train: [[0.4724994041046959 'Premium' 'F' 'VS1' 0.10794110061547957]
 [-0.20154162642257425 'Good' 'H' 'VVS2' 0.2462765750724545]
 [-0.6017534882981407 'Ideal' 'F' 'VS2' -0.791239483354843]
 [0.030159977821175004 'Good' 'G' 'SI2' -0.5145685344408979]
 [-0.15941406201461986 'Very Good' 'J' 'VS2' 1.0071216845858069]
 [1.5256885143035552 'Premium' 'E' 'SI1' 0.5229475239863995]
 [0.6831372261444679 'Premium' 'G' 'SI2' -0.5145685344408979]
 [0.8516474837762851 'Very Good' 'F' 'VS2' 0.592115261214887]
 [-0.07515893319871103 'Good' 'D' 'VS2' 1.2146248962712645]
 [-1.0230291323776846 'Premium' 'D' 'IF' -1.067910432268788]] 
 
 
Val : (17261, 9) 
 

~~~~~~~~~~~~~~~~~~~~~~~~~~~~~~~~~~~~~~~~~~~~~~~~~~~~~~~~~~~~~~~~~~~~~~~~~~~~~~~
Ordinal Encoding...
Cat Idx V3 : [1, 2, 3] 
 

~~~~~~~~~~~~~~~~~~~~~~~~~~~~~~~~~~~~~~~~~~~~~~~~~~~~~~~~~~~~~~~~~~~~~~~~~~~~~~~
After ORDINAL
Numerical Index V2 : [0, 4, 5, 6, 7, 8] 


OHE Idx : None


Ordinal Idx V2: [1, 2, 3]


Cat Dims V2 : [6, 8, 9]
Cat Idx V2 : [1, 2, 3] 
 

Train: [[0.4724994041046959 4 5 5 0.10794110061547957 0.2506764659250819
  0.6463170429773962 0.6938985301146872 0.6524992986311963]
 [-0.20154162642257425 2 3 6 0.2462765750724545 2.96121717066479
  -0.09369530747892056 -0.06917448239734655 -0.048953682687475505]
 [-0.6017534882981407 5 5 4 -0.791239483354843 -0.6528371023214874
  -0.47707519988400005 -0.5000863012276721 -0.5440969636183027]
 [0.030159977821175004 2 4 2 -0.5145685344408979 1.6059468182949357
  0.19161065896206927 0.23605472260746693 0.14360203767451307]
 [-0.15941406201461986 3 1 4 1.0071216845858069 1.1541900341716511
  0.040041864290292835 -0.02428783460252118 0.12984805764865645]
 [1.5256885143035552 4 6 3 0.5229475239863995 0.7024332500483665
  1.4309084506901175 1.376175576596035 1.4089682000532935]
 [0.6831372261444679 4 4 2 -0.5145685344408979 1.1541900341716511
  0.8692123292594194 0.8195811439401984 0.7350231787863348]
 [0.8516474837762851 3 5 4 0.592115261214887 -0.6528371023214874
  0.8959597636132623 0.9452637577657104 0.9550868592000361]
 [-0.07515893319871103 2 7 4 1.2146248962712645 -1.104593886444772
  0.07570511009541657 0.11037210878195494 0.22612591782965105]
 [-1.0230291323776846 4 7 8 -1.067910432268788 0.7024332500483665
  -1.1635926816326316 -1.2003180068269506 -1.2180419848852624]] 
 
 
Val : (17261, 9) 
 

FINISHED ENCODING
~~~~~~~~~~~~~~~~~~~~~~~~~~~~~~~~~~~~~~~~~~~~~~~~~~~~~~~~~~~~~~~~~~~~~~~~~~~~~~~


~~~~~~~~~~~~~~~~~~~~~~~~~~~~~~~~~~~~~~~~~~~~~~~~~~~~~~~~~~~~~~~~~~~~~~~~~~~~~~~
Test numpy array issues
X dtype: object
X Val dtype: object
X dtype: float32
X Val dtype: float32
After Debugging -- Inner Fold 5
DEBUG Inner Fold 5: num_features: 9
DEBUG Inner Fold 5: num_classes: 1
DEBUG Inner Fold 5: cat_idx: [1, 2, 3]
DEBUG Inner Fold 5: nominal_idx: None
DEBUG Inner Fold 5: ordinal_idx: [1, 2, 3]
DEBUG Inner Fold 5: num_idx: [0, 4, 5, 6, 7, 8]
DEBUG Inner Fold 5: cat_dims: [6, 8, 9]
DEBUG Inner Fold 5: bin_alt: None
In get_device
On Device: cuda
**** Data b4 Fitting ****
Train Data b4 training...
X: <class 'numpy.ndarray'> , y : (<class 'numpy.ndarray'>,), X_val: <class 'numpy.ndarray'> , y : <class 'numpy.ndarray'>

Train Data after...
X: <class 'torch.Tensor'> , y : (<class 'torch.Tensor'>,), X_val: <class 'torch.Tensor'> , y : <class 'torch.Tensor'>

Inner Fold 5 Results: {'MSE - mean': 25775164.916125648, 'MSE - std': 370025.8278715196, 'R2 - mean': -0.6351782170187492, 'R2 - std': 0.01555227780522125}
Trial Results B4 Saving: {'MSE - mean': 25775164.916125648, 'MSE - std': 370025.8278715196, 'R2 - mean': -0.6351782170187492, 'R2 - std': 0.01555227780522125}
Score: 25775164.916125648
  outer_3_inner Fold 1/5
Before Debugging -- Inner Fold 1
DEBUG Inner Fold 1: num_features: 9
DEBUG Inner Fold 1: num_classes: 1
DEBUG Inner Fold 1: cat_idx: [0]
DEBUG Inner Fold 1: nominal_idx: None
DEBUG Inner Fold 1: ordinal_idx: [1, 2, 3]
DEBUG Inner Fold 1: num_idx: None
DEBUG Inner Fold 1: cat_dims: [2]
DEBUG Inner Fold 1: bin_alt: None
~~~~~~~~~~~~~~~~~~~~~~~~~~~~~~~~~~~~~~~~~~~~~~~~~~~~~~~~~~~~~~~~~~~~~~~~~~~~~~~
BEFORE ANY ENCODING
num_features :9
num_classes : 1
cat_idx : [0]
nominal_idx : None
ordinal_idx : [1, 2, 3]
num_idx : None
cat_dims : [2]
bin_alt : None 


X_train shape : (17260, 9)
~~~~~~~~~~~~~~~~~~~~~~~~~~~~~~~~~~~~~~~~~~~~~~~~~~~~~~~~~~~~~~~~~~~~~~~~~~~~~~~
~~~~~~~~~~~~~~~~~~~~~~~~~~~~~~~~~~~~~~~~~~~~~~~~~~~~~~~~~~~~~~~~~~~~~~~~~~~~~~~
AFTER getting cat idx
Nominal Index : None
Ordinal Index : [1, 2, 3]
Cat Idx : [0]
Cat dims : [2]
~~~~~~~~~~~~~~~~~~~~~~~~~~~~~~~~~~~~~~~~~~~~~~~~~~~~~~~~~~~~~~~~~~~~~~~~~~~~~~~
BEFORE getting cat idx
Nominal Index : None
Ordinal Index : [1, 2, 3]
Cat Idx : [1, 2, 3]
Cat dims : []
~~~~~~~~~~~~~~~~~~~~~~~~~~~~~~~~~~~~~~~~~~~~~~~~~~~~~~~~~~~~~~~~~~~~~~~~~~~~~~~ 


AFTER SEPARATING CATEGORICALS AND NUMERICALS
Ordinal Index : [1, 2, 3]
Numerical Index V1 : [0, 4, 5, 6, 7, 8]
Cat Idx V1 : [1, 2, 3] 
Cat Dims V1 : []
 

~~~~~~~~~~~~~~~~~~~~~~~~~~~~~~~~~~~~~~~~~~~~~~~~~~~~~~~~~~~~~~~~~~~~~~~~~~~~~~~ 


Scaling the data...
~~~~~~~~~~~~~~~~~~~~~~~~~~~~~~~~~~~~~~~~~~~~~~~~~~~~~~~~~~~~~~~~~~~~~~~~~~~~~~~
After OHE
Numerical Index V2 : [0, 4, 5, 6, 7, 8] 


OHE Idx : None


Ordinal Idx V2: [1, 2, 3]


Cat Dims V2 : []
Cat Idx V2 : [1, 2, 3] 
 

Train: [[0.611811219419684 'Very Good' 'I' 'SI1' 1.0097753906801221]
 [-1.1985037033909538 'Ideal' 'G' 'VVS1' -0.15832815056531033]
 [0.8433631281512769 'Very Good' 'H' 'VS2' 1.0097753906801221]
 [-0.20914554790141932 'Good' 'H' 'VVS2' 0.2539436875213132]
 [1.4748683337828947 'Very Good' 'E' 'VS2' -1.532567610854052]
 [-0.6090988448014438 'Ideal' 'F' 'VS2' -0.7767359076952431]
 [-0.16704520085931143 'Very Good' 'J' 'VS2' 1.0097753906801221]
 [0.44340983125125244 'Premium' 'E' 'VS1' -0.6393119616663718]
 [1.5169686808250027 'Premium' 'E' 'SI1' 0.5287915795790605]
 [-0.040744159732987784 'Very Good' 'G' 'SI1' 0.8723514446512459]] 
 
 
Val : (17260, 9) 
 

~~~~~~~~~~~~~~~~~~~~~~~~~~~~~~~~~~~~~~~~~~~~~~~~~~~~~~~~~~~~~~~~~~~~~~~~~~~~~~~
Ordinal Encoding...
Cat Idx V3 : [1, 2, 3] 
 

~~~~~~~~~~~~~~~~~~~~~~~~~~~~~~~~~~~~~~~~~~~~~~~~~~~~~~~~~~~~~~~~~~~~~~~~~~~~~~~
After ORDINAL
Numerical Index V2 : [0, 4, 5, 6, 7, 8] 


OHE Idx : None


Ordinal Idx V2: [1, 2, 3]


Cat Dims V2 : [6, 8, 9]
Cat Idx V2 : [1, 2, 3] 
 

Train: [[0.611811219419684 3 2 3 1.0097753906801221 0.6906933111346477
  0.7175019955531756 0.6415692767609531 0.8342307576131831]
 [-1.1985037033909538 5 4 7 -0.15832815056531033 -0.20729748025587727
  -1.6027262578557462 -1.495998017490497 -1.5984234836469495]
 [0.8433631281512769 3 3 4 1.0097753906801221 -1.5542836673416647
  0.8870571371484434 0.8781379891682284 1.050146814529762]
 [-0.20914554790141932 2 3 6 0.2539436875213132 2.93567028961096
  -0.10350184796075046 -0.07658574304684607 -0.058222277642013646]
 [1.4748683337828947 3 6 4 -1.532567610854052 0.2416979154393852
  1.5206579294254952 1.4695597701864165 1.2948516790352205]
 [-0.6090988448014438 5 5 4 -0.7767359076952431 -0.6562928759511397
  -0.4872319052553027 -0.4821321071736038 -0.576420814241805]
 [-0.16704520085931143 3 1 4 1.0097753906801221 1.1396887068299102
  0.030357474351302247 -0.03434133011697566 0.1289049716856887]
 [0.44340983125125244 4 6 5 -0.6393119616663718 0.6906933111346477
  0.6461103569867472 0.5739782160731601 0.5463426817244098]
 [1.5169686808250027 4 6 3 0.5287915795790605 0.6906933111346477
  1.422494426396656 1.2836843532949853 1.4675845245684833]
 [-0.040744159732987784 3 4 3 0.8723514446512459 0.2416979154393852
  0.07497724845532061 0.10084079125861024 0.2008769906578824]] 
 
 
Val : (17260, 9) 
 

FINISHED ENCODING
~~~~~~~~~~~~~~~~~~~~~~~~~~~~~~~~~~~~~~~~~~~~~~~~~~~~~~~~~~~~~~~~~~~~~~~~~~~~~~~


~~~~~~~~~~~~~~~~~~~~~~~~~~~~~~~~~~~~~~~~~~~~~~~~~~~~~~~~~~~~~~~~~~~~~~~~~~~~~~~
Test numpy array issues
X dtype: object
X Val dtype: object
X dtype: float32
X Val dtype: float32
After Debugging -- Inner Fold 1
DEBUG Inner Fold 1: num_features: 9
DEBUG Inner Fold 1: num_classes: 1
DEBUG Inner Fold 1: cat_idx: [1, 2, 3]
DEBUG Inner Fold 1: nominal_idx: None
DEBUG Inner Fold 1: ordinal_idx: [1, 2, 3]
DEBUG Inner Fold 1: num_idx: [0, 4, 5, 6, 7, 8]
DEBUG Inner Fold 1: cat_dims: [6, 8, 9]
DEBUG Inner Fold 1: bin_alt: None
In get_device
On Device: cuda
**** Data b4 Fitting ****
Train Data b4 training...
X: <class 'numpy.ndarray'> , y : (<class 'numpy.ndarray'>,), X_val: <class 'numpy.ndarray'> , y : <class 'numpy.ndarray'>

Train Data after...
X: <class 'torch.Tensor'> , y : (<class 'torch.Tensor'>,), X_val: <class 'torch.Tensor'> , y : <class 'torch.Tensor'>

Inner Fold 1 Results: {'MSE - mean': 30181455.514452994, 'MSE - std': 0.0, 'R2 - mean': -0.9604890460786051, 'R2 - std': 0.0}
  outer_3_inner Fold 2/5
Before Debugging -- Inner Fold 2
DEBUG Inner Fold 2: num_features: 9
DEBUG Inner Fold 2: num_classes: 1
DEBUG Inner Fold 2: cat_idx: [0]
DEBUG Inner Fold 2: nominal_idx: None
DEBUG Inner Fold 2: ordinal_idx: [1, 2, 3]
DEBUG Inner Fold 2: num_idx: None
DEBUG Inner Fold 2: cat_dims: [2]
DEBUG Inner Fold 2: bin_alt: None
~~~~~~~~~~~~~~~~~~~~~~~~~~~~~~~~~~~~~~~~~~~~~~~~~~~~~~~~~~~~~~~~~~~~~~~~~~~~~~~
BEFORE ANY ENCODING
num_features :9
num_classes : 1
cat_idx : [0]
nominal_idx : None
ordinal_idx : [1, 2, 3]
num_idx : None
cat_dims : [2]
bin_alt : None 


X_train shape : (17261, 9)
~~~~~~~~~~~~~~~~~~~~~~~~~~~~~~~~~~~~~~~~~~~~~~~~~~~~~~~~~~~~~~~~~~~~~~~~~~~~~~~
~~~~~~~~~~~~~~~~~~~~~~~~~~~~~~~~~~~~~~~~~~~~~~~~~~~~~~~~~~~~~~~~~~~~~~~~~~~~~~~
AFTER getting cat idx
Nominal Index : None
Ordinal Index : [1, 2, 3]
Cat Idx : [0]
Cat dims : [2]
~~~~~~~~~~~~~~~~~~~~~~~~~~~~~~~~~~~~~~~~~~~~~~~~~~~~~~~~~~~~~~~~~~~~~~~~~~~~~~~
BEFORE getting cat idx
Nominal Index : None
Ordinal Index : [1, 2, 3]
Cat Idx : [1, 2, 3]
Cat dims : []
~~~~~~~~~~~~~~~~~~~~~~~~~~~~~~~~~~~~~~~~~~~~~~~~~~~~~~~~~~~~~~~~~~~~~~~~~~~~~~~ 


AFTER SEPARATING CATEGORICALS AND NUMERICALS
Ordinal Index : [1, 2, 3]
Numerical Index V1 : [0, 4, 5, 6, 7, 8]
Cat Idx V1 : [1, 2, 3] 
Cat Dims V1 : []
 

~~~~~~~~~~~~~~~~~~~~~~~~~~~~~~~~~~~~~~~~~~~~~~~~~~~~~~~~~~~~~~~~~~~~~~~~~~~~~~~ 


Scaling the data...
~~~~~~~~~~~~~~~~~~~~~~~~~~~~~~~~~~~~~~~~~~~~~~~~~~~~~~~~~~~~~~~~~~~~~~~~~~~~~~~
After OHE
Numerical Index V2 : [0, 4, 5, 6, 7, 8] 


OHE Idx : None


Ordinal Idx V2: [1, 2, 3]


Cat Dims V2 : []
Cat Idx V2 : [1, 2, 3] 
 

Train: [[0.627617157378436 'Very Good' 'I' 'SI1' 1.0247334911490789]
 [-1.1999521785974394 'Ideal' 'G' 'VVS1' -0.1671373922948845]
 [0.4788615137524926 'Premium' 'F' 'VS1' 0.11330281557428189]
 [0.8613760259334896 'Very Good' 'H' 'VS2' 1.0247334911490789]
 [1.4989002129018183 'Very Good' 'E' 'VS2' -1.5693384316407215]
 [-0.604929604093666 'Ideal' 'F' 'VS2' -0.7981278600005102]
 [0.03259458287466266 'Good' 'G' 'SI2' -0.5176876521313437]
 [0.45761070752021493 'Premium' 'E' 'VS1' -0.6579077560659294]
 [1.5414018253663735 'Premium' 'E' 'SI1' 0.533963127378034]
 [-0.031157835822170254 'Very Good' 'G' 'SI1' 0.8845133872144932]] 
 
 
Val : (17261, 9) 
 

~~~~~~~~~~~~~~~~~~~~~~~~~~~~~~~~~~~~~~~~~~~~~~~~~~~~~~~~~~~~~~~~~~~~~~~~~~~~~~~
Ordinal Encoding...
Cat Idx V3 : [1, 2, 3] 
 

~~~~~~~~~~~~~~~~~~~~~~~~~~~~~~~~~~~~~~~~~~~~~~~~~~~~~~~~~~~~~~~~~~~~~~~~~~~~~~~
After ORDINAL
Numerical Index V2 : [0, 4, 5, 6, 7, 8] 


OHE Idx : None


Ordinal Idx V2: [1, 2, 3]


Cat Dims V2 : [6, 8, 9]
Cat Idx V2 : [1, 2, 3] 
 

Train: [[0.627617157378436 3 2 3 1.0247334911490789 0.6940223422410932
  0.7298285887943268 0.6523415571227338 0.805438198386237]
 [-1.1999521785974394 5 4 7 -0.1671373922948845 -0.20769683770527966
  -1.597511798848288 -1.4903828580812128 -1.5227655191836416]
 [0.4788615137524926 4 5 5 0.11330281557428189 0.24316275226790676
  0.6492668061451595 0.6523415571227338 0.6538983114438184]
 [0.8613760259334896 3 3 4 1.0247334911490789 -1.560275607624839
  0.8999034632759029 0.8894810180939219 1.012083498762261]
 [1.4989002129018183 3 6 4 -1.5693384316407215 0.24316275226790676
  1.5354464152860015 1.4823296705218916 1.24628150585509]
 [-0.604929604093666 5 5 4 -0.7981278600005102 -0.6585564276784661
  -0.4785981509431844 -0.47407088249040824 -0.5446444307371245]
 [0.03259458287466266 2 4 2 -0.5176876521313437 1.595741522187466
  0.19275003779987757 0.22040896749664196 0.14417323718295785]
 [0.45761070752021493 4 6 5 -0.6579077560659294 0.6940223422410932
  0.6582181153284001 0.5845874254166801 0.5299111312182038]
 [1.5414018253663735 4 6 3 0.533963127378034 0.6940223422410932
  1.436982014270352 1.2960058083302435 1.4115977461559088]
 [-0.031157835822170254 3 4 3 0.8845133872144932 0.24316275226790676
  0.08533432760098755 0.11030850347430485 0.1992786506165645]] 
 
 
Val : (17261, 9) 
 

FINISHED ENCODING
~~~~~~~~~~~~~~~~~~~~~~~~~~~~~~~~~~~~~~~~~~~~~~~~~~~~~~~~~~~~~~~~~~~~~~~~~~~~~~~


~~~~~~~~~~~~~~~~~~~~~~~~~~~~~~~~~~~~~~~~~~~~~~~~~~~~~~~~~~~~~~~~~~~~~~~~~~~~~~~
Test numpy array issues
X dtype: object
X Val dtype: object
X dtype: float32
X Val dtype: float32
After Debugging -- Inner Fold 2
DEBUG Inner Fold 2: num_features: 9
DEBUG Inner Fold 2: num_classes: 1
DEBUG Inner Fold 2: cat_idx: [1, 2, 3]
DEBUG Inner Fold 2: nominal_idx: None
DEBUG Inner Fold 2: ordinal_idx: [1, 2, 3]
DEBUG Inner Fold 2: num_idx: [0, 4, 5, 6, 7, 8]
DEBUG Inner Fold 2: cat_dims: [6, 8, 9]
DEBUG Inner Fold 2: bin_alt: None
In get_device
On Device: cuda
**** Data b4 Fitting ****
Train Data b4 training...
X: <class 'numpy.ndarray'> , y : (<class 'numpy.ndarray'>,), X_val: <class 'numpy.ndarray'> , y : <class 'numpy.ndarray'>

Train Data after...
X: <class 'torch.Tensor'> , y : (<class 'torch.Tensor'>,), X_val: <class 'torch.Tensor'> , y : <class 'torch.Tensor'>

Inner Fold 2 Results: {'MSE - mean': 30787954.666203003, 'MSE - std': 606499.1517500095, 'R2 - mean': -0.9613435030508288, 'R2 - std': 0.0008544569722237494}
  outer_3_inner Fold 3/5
Before Debugging -- Inner Fold 3
DEBUG Inner Fold 3: num_features: 9
DEBUG Inner Fold 3: num_classes: 1
DEBUG Inner Fold 3: cat_idx: [0]
DEBUG Inner Fold 3: nominal_idx: None
DEBUG Inner Fold 3: ordinal_idx: [1, 2, 3]
DEBUG Inner Fold 3: num_idx: None
DEBUG Inner Fold 3: cat_dims: [2]
DEBUG Inner Fold 3: bin_alt: None
~~~~~~~~~~~~~~~~~~~~~~~~~~~~~~~~~~~~~~~~~~~~~~~~~~~~~~~~~~~~~~~~~~~~~~~~~~~~~~~
BEFORE ANY ENCODING
num_features :9
num_classes : 1
cat_idx : [0]
nominal_idx : None
ordinal_idx : [1, 2, 3]
num_idx : None
cat_dims : [2]
bin_alt : None 


X_train shape : (17261, 9)
~~~~~~~~~~~~~~~~~~~~~~~~~~~~~~~~~~~~~~~~~~~~~~~~~~~~~~~~~~~~~~~~~~~~~~~~~~~~~~~
~~~~~~~~~~~~~~~~~~~~~~~~~~~~~~~~~~~~~~~~~~~~~~~~~~~~~~~~~~~~~~~~~~~~~~~~~~~~~~~
AFTER getting cat idx
Nominal Index : None
Ordinal Index : [1, 2, 3]
Cat Idx : [0]
Cat dims : [2]
~~~~~~~~~~~~~~~~~~~~~~~~~~~~~~~~~~~~~~~~~~~~~~~~~~~~~~~~~~~~~~~~~~~~~~~~~~~~~~~
BEFORE getting cat idx
Nominal Index : None
Ordinal Index : [1, 2, 3]
Cat Idx : [1, 2, 3]
Cat dims : []
~~~~~~~~~~~~~~~~~~~~~~~~~~~~~~~~~~~~~~~~~~~~~~~~~~~~~~~~~~~~~~~~~~~~~~~~~~~~~~~ 


AFTER SEPARATING CATEGORICALS AND NUMERICALS
Ordinal Index : [1, 2, 3]
Numerical Index V1 : [0, 4, 5, 6, 7, 8]
Cat Idx V1 : [1, 2, 3] 
Cat Dims V1 : []
 

~~~~~~~~~~~~~~~~~~~~~~~~~~~~~~~~~~~~~~~~~~~~~~~~~~~~~~~~~~~~~~~~~~~~~~~~~~~~~~~ 


Scaling the data...
~~~~~~~~~~~~~~~~~~~~~~~~~~~~~~~~~~~~~~~~~~~~~~~~~~~~~~~~~~~~~~~~~~~~~~~~~~~~~~~
After OHE
Numerical Index V2 : [0, 4, 5, 6, 7, 8] 


OHE Idx : None


Ordinal Idx V2: [1, 2, 3]


Cat Dims V2 : []
Cat Idx V2 : [1, 2, 3] 
 

Train: [[0.6163086573556317 'Very Good' 'I' 'SI1' 1.01417248467605]
 [-1.1952032599905673 'Ideal' 'G' 'VVS1' -0.16517645221395355]
 [0.46886001292047585 'Premium' 'F' 'VS1' 0.11231741528957526]
 [0.8480136700394476 'Very Good' 'H' 'VS2' 1.01417248467605]
 [-0.2051909330688076 'Good' 'H' 'VVS2' 0.2510643490413421]
 [1.4799364319044008 'Very Good' 'E' 'VS2' -1.5526457897316026]
 [-0.6054086822499445 'Ideal' 'F' 'VS2' -0.7895376540968947]
 [0.026514079615008745 'Good' 'G' 'SI2' -0.5120437865933658]
 [-0.16306274894447736 'Very Good' 'J' 'VS2' 1.01417248467605]
 [0.4477959208583107 'Premium' 'E' 'VS1' -0.6507907203451327]] 
 
 
Val : (17261, 9) 
 

~~~~~~~~~~~~~~~~~~~~~~~~~~~~~~~~~~~~~~~~~~~~~~~~~~~~~~~~~~~~~~~~~~~~~~~~~~~~~~~
Ordinal Encoding...
Cat Idx V3 : [1, 2, 3] 
 

~~~~~~~~~~~~~~~~~~~~~~~~~~~~~~~~~~~~~~~~~~~~~~~~~~~~~~~~~~~~~~~~~~~~~~~~~~~~~~~
After ORDINAL
Numerical Index V2 : [0, 4, 5, 6, 7, 8] 


OHE Idx : None


Ordinal Idx V2: [1, 2, 3]


Cat Dims V2 : [6, 8, 9]
Cat Idx V2 : [1, 2, 3] 
 

Train: [[0.6163086573556317 3 2 3 1.01417248467605 0.6933918087730161
  0.721596787808808 0.6453068436442716 0.798336081081993]
 [-1.1952032599905673 5 4 7 -0.16517645221395355 -0.20256142052440085
  -1.5926568420375937 -1.4870502940504944 -1.5214570522265132]
 [0.46886001292047585 4 5 5 0.11231741528957526 0.2454151941243076
  0.641488008314125 0.6453068436442716 0.6473436286181253]
 [0.8480136700394476 3 3 4 1.01417248467605 -1.5464912644705262
  0.8907153222975839 0.8812989379346017 1.0042348798963567]
 [-0.2051909330688076 2 3 6 0.2510643490413421 2.9332748820165584
  -0.09729295813684173 -0.07109772830851513 -0.05271228735071349]
 [1.4799364319044008 3 6 4 -1.5526457897316026 0.2454151941243076
  1.5226845827556397 1.4712791736604265 1.237586851885971]
 [-0.6054086822499445 5 5 4 -0.7895376540968947 -0.6505380351731093
  -0.48003490461143866 -0.47565560423479525 -0.5468694045051881]
 [0.026514079615008745 2 4 2 -0.5120437865933658 1.589345038070433
  0.18753825784425412 0.2154641004725996 0.13945992487602685]
 [-0.16306274894447736 3 1 4 1.01417248467605 1.1413684234217245
  0.03622167435429635 -0.028956282899527803 0.12573333828840222]
 [0.4477959208583107 4 6 5 -0.6507907203451327 0.6933918087730161
  0.650388983813534 0.5778805309898917 0.5238043493295069]] 
 
 
Val : (17261, 9) 
 

FINISHED ENCODING
~~~~~~~~~~~~~~~~~~~~~~~~~~~~~~~~~~~~~~~~~~~~~~~~~~~~~~~~~~~~~~~~~~~~~~~~~~~~~~~


~~~~~~~~~~~~~~~~~~~~~~~~~~~~~~~~~~~~~~~~~~~~~~~~~~~~~~~~~~~~~~~~~~~~~~~~~~~~~~~
Test numpy array issues
X dtype: object
X Val dtype: object
X dtype: float32
X Val dtype: float32
After Debugging -- Inner Fold 3
DEBUG Inner Fold 3: num_features: 9
DEBUG Inner Fold 3: num_classes: 1
DEBUG Inner Fold 3: cat_idx: [1, 2, 3]
DEBUG Inner Fold 3: nominal_idx: None
DEBUG Inner Fold 3: ordinal_idx: [1, 2, 3]
DEBUG Inner Fold 3: num_idx: [0, 4, 5, 6, 7, 8]
DEBUG Inner Fold 3: cat_dims: [6, 8, 9]
DEBUG Inner Fold 3: bin_alt: None
In get_device
On Device: cuda
**** Data b4 Fitting ****
Train Data b4 training...
X: <class 'numpy.ndarray'> , y : (<class 'numpy.ndarray'>,), X_val: <class 'numpy.ndarray'> , y : <class 'numpy.ndarray'>

Train Data after...
X: <class 'torch.Tensor'> , y : (<class 'torch.Tensor'>,), X_val: <class 'torch.Tensor'> , y : <class 'torch.Tensor'>

Inner Fold 3 Results: {'MSE - mean': 30890535.80180061, 'MSE - std': 516016.7240280528, 'R2 - mean': -0.9589834178100499, 'R2 - std': 0.003409799969559272}
  outer_3_inner Fold 4/5
Before Debugging -- Inner Fold 4
DEBUG Inner Fold 4: num_features: 9
DEBUG Inner Fold 4: num_classes: 1
DEBUG Inner Fold 4: cat_idx: [0]
DEBUG Inner Fold 4: nominal_idx: None
DEBUG Inner Fold 4: ordinal_idx: [1, 2, 3]
DEBUG Inner Fold 4: num_idx: None
DEBUG Inner Fold 4: cat_dims: [2]
DEBUG Inner Fold 4: bin_alt: None
~~~~~~~~~~~~~~~~~~~~~~~~~~~~~~~~~~~~~~~~~~~~~~~~~~~~~~~~~~~~~~~~~~~~~~~~~~~~~~~
BEFORE ANY ENCODING
num_features :9
num_classes : 1
cat_idx : [0]
nominal_idx : None
ordinal_idx : [1, 2, 3]
num_idx : None
cat_dims : [2]
bin_alt : None 


X_train shape : (17261, 9)
~~~~~~~~~~~~~~~~~~~~~~~~~~~~~~~~~~~~~~~~~~~~~~~~~~~~~~~~~~~~~~~~~~~~~~~~~~~~~~~
~~~~~~~~~~~~~~~~~~~~~~~~~~~~~~~~~~~~~~~~~~~~~~~~~~~~~~~~~~~~~~~~~~~~~~~~~~~~~~~
AFTER getting cat idx
Nominal Index : None
Ordinal Index : [1, 2, 3]
Cat Idx : [0]
Cat dims : [2]
~~~~~~~~~~~~~~~~~~~~~~~~~~~~~~~~~~~~~~~~~~~~~~~~~~~~~~~~~~~~~~~~~~~~~~~~~~~~~~~
BEFORE getting cat idx
Nominal Index : None
Ordinal Index : [1, 2, 3]
Cat Idx : [1, 2, 3]
Cat dims : []
~~~~~~~~~~~~~~~~~~~~~~~~~~~~~~~~~~~~~~~~~~~~~~~~~~~~~~~~~~~~~~~~~~~~~~~~~~~~~~~ 


AFTER SEPARATING CATEGORICALS AND NUMERICALS
Ordinal Index : [1, 2, 3]
Numerical Index V1 : [0, 4, 5, 6, 7, 8]
Cat Idx V1 : [1, 2, 3] 
Cat Dims V1 : []
 

~~~~~~~~~~~~~~~~~~~~~~~~~~~~~~~~~~~~~~~~~~~~~~~~~~~~~~~~~~~~~~~~~~~~~~~~~~~~~~~ 


Scaling the data...
~~~~~~~~~~~~~~~~~~~~~~~~~~~~~~~~~~~~~~~~~~~~~~~~~~~~~~~~~~~~~~~~~~~~~~~~~~~~~~~
After OHE
Numerical Index V2 : [0, 4, 5, 6, 7, 8] 


OHE Idx : None


Ordinal Idx V2: [1, 2, 3]


Cat Dims V2 : []
Cat Idx V2 : [1, 2, 3] 
 

Train: [[0.619933549514922 'Very Good' 'I' 'SI1' 1.017332292395879]
 [-1.1983159231295304 'Ideal' 'G' 'VVS1' -0.16382343362779506]
 [0.47193649941595484 'Premium' 'F' 'VS1' 0.11409556073071503]
 [0.8525003425275842 'Very Good' 'H' 'VS2' 1.017332292395879]
 [-0.2046214438936089 'Good' 'H' 'VVS2' 0.25305505790997257]
 [1.4867734143803002 'Very Good' 'E' 'VS2' -1.5534184054203504]
 [0.02794534911905379 'Good' 'G' 'SI2' -0.5112221765759339]
 [-0.16233657243676114 'Very Good' 'J' 'VS2' 1.017332292395879]
 [0.45079406368753094 'Premium' 'E' 'VS1' -0.6501816737551914]
 [-0.03548195806621785 'Very Good' 'G' 'SI1' 0.8783727952166215]] 
 
 
Val : (17261, 9) 
 

~~~~~~~~~~~~~~~~~~~~~~~~~~~~~~~~~~~~~~~~~~~~~~~~~~~~~~~~~~~~~~~~~~~~~~~~~~~~~~~
Ordinal Encoding...
Cat Idx V3 : [1, 2, 3] 
 

~~~~~~~~~~~~~~~~~~~~~~~~~~~~~~~~~~~~~~~~~~~~~~~~~~~~~~~~~~~~~~~~~~~~~~~~~~~~~~~
After ORDINAL
Numerical Index V2 : [0, 4, 5, 6, 7, 8] 


OHE Idx : None


Ordinal Idx V2: [1, 2, 3]


Cat Dims V2 : [6, 8, 9]
Cat Idx V2 : [1, 2, 3] 
 

Train: [[0.619933549514922 3 2 3 1.017332292395879 0.6935866532528318
  0.7243868238818078 0.6475796384728195 0.8004884096495952]
 [-1.1983159231295304 5 4 7 -0.16382343362779506 -0.20555297714736842
  -1.599769825435883 -1.4928043826304394 -1.524188061854345]
 [0.47193649941595484 4 5 5 0.11409556073071503 0.2440168380527317
  0.6439352475592725 0.6475796384728195 0.6491781067706401]
 [0.8525003425275842 3 3 4 1.017332292395879 -1.5542624227476687
  0.8942290405627163 0.8844600834961054 1.006820640848169]
 [-0.2046214438936089 2 3 6 0.25305505790997257 2.941435729253332
  -0.0980070674152212 -0.07152171249072566 -0.05235147930451317]
 [1.4867734143803002 3 6 4 -1.5534184054203504 0.2440168380527317
  1.5289025871071626 1.4766611960543194 1.2406638362065547]
 [0.02794534911905379 2 4 2 -0.5112221765759339 1.592726283653032
  0.18804298173157177 0.21611882789469242 0.14022526981415662]
 [-0.16233657243676114 3 1 4 1.017332292395879 1.1431564684529318
  0.03607889312233741 -0.029221633022281947 0.12646978773425133]
 [0.45079406368753094 4 6 5 -0.6501816737551914 0.6935866532528318
  0.6528743115951096 0.5798995113233093 0.5253787680514955]
 [-0.03548195806621785 3 4 3 0.8783727952166215 0.2440168380527317
  0.0807742133015244 0.1061386212767385 0.19524719813377656]] 
 
 
Val : (17261, 9) 
 

FINISHED ENCODING
~~~~~~~~~~~~~~~~~~~~~~~~~~~~~~~~~~~~~~~~~~~~~~~~~~~~~~~~~~~~~~~~~~~~~~~~~~~~~~~


~~~~~~~~~~~~~~~~~~~~~~~~~~~~~~~~~~~~~~~~~~~~~~~~~~~~~~~~~~~~~~~~~~~~~~~~~~~~~~~
Test numpy array issues
X dtype: object
X Val dtype: object
X dtype: float32
X Val dtype: float32
After Debugging -- Inner Fold 4
DEBUG Inner Fold 4: num_features: 9
DEBUG Inner Fold 4: num_classes: 1
DEBUG Inner Fold 4: cat_idx: [1, 2, 3]
DEBUG Inner Fold 4: nominal_idx: None
DEBUG Inner Fold 4: ordinal_idx: [1, 2, 3]
DEBUG Inner Fold 4: num_idx: [0, 4, 5, 6, 7, 8]
DEBUG Inner Fold 4: cat_dims: [6, 8, 9]
DEBUG Inner Fold 4: bin_alt: None
In get_device
On Device: cuda
**** Data b4 Fitting ****
Train Data b4 training...
X: <class 'numpy.ndarray'> , y : (<class 'numpy.ndarray'>,), X_val: <class 'numpy.ndarray'> , y : <class 'numpy.ndarray'>

Train Data after...
X: <class 'torch.Tensor'> , y : (<class 'torch.Tensor'>,), X_val: <class 'torch.Tensor'> , y : <class 'torch.Tensor'>

Inner Fold 4 Results: {'MSE - mean': 31040359.505936973, 'MSE - std': 516765.29640728055, 'R2 - mean': -0.9571016193595068, 'R2 - std': 0.004398130068529528}
  outer_3_inner Fold 5/5
Before Debugging -- Inner Fold 5
DEBUG Inner Fold 5: num_features: 9
DEBUG Inner Fold 5: num_classes: 1
DEBUG Inner Fold 5: cat_idx: [0]
DEBUG Inner Fold 5: nominal_idx: None
DEBUG Inner Fold 5: ordinal_idx: [1, 2, 3]
DEBUG Inner Fold 5: num_idx: None
DEBUG Inner Fold 5: cat_dims: [2]
DEBUG Inner Fold 5: bin_alt: None
~~~~~~~~~~~~~~~~~~~~~~~~~~~~~~~~~~~~~~~~~~~~~~~~~~~~~~~~~~~~~~~~~~~~~~~~~~~~~~~
BEFORE ANY ENCODING
num_features :9
num_classes : 1
cat_idx : [0]
nominal_idx : None
ordinal_idx : [1, 2, 3]
num_idx : None
cat_dims : [2]
bin_alt : None 


X_train shape : (17261, 9)
~~~~~~~~~~~~~~~~~~~~~~~~~~~~~~~~~~~~~~~~~~~~~~~~~~~~~~~~~~~~~~~~~~~~~~~~~~~~~~~
~~~~~~~~~~~~~~~~~~~~~~~~~~~~~~~~~~~~~~~~~~~~~~~~~~~~~~~~~~~~~~~~~~~~~~~~~~~~~~~
AFTER getting cat idx
Nominal Index : None
Ordinal Index : [1, 2, 3]
Cat Idx : [0]
Cat dims : [2]
~~~~~~~~~~~~~~~~~~~~~~~~~~~~~~~~~~~~~~~~~~~~~~~~~~~~~~~~~~~~~~~~~~~~~~~~~~~~~~~
BEFORE getting cat idx
Nominal Index : None
Ordinal Index : [1, 2, 3]
Cat Idx : [1, 2, 3]
Cat dims : []
~~~~~~~~~~~~~~~~~~~~~~~~~~~~~~~~~~~~~~~~~~~~~~~~~~~~~~~~~~~~~~~~~~~~~~~~~~~~~~~ 


AFTER SEPARATING CATEGORICALS AND NUMERICALS
Ordinal Index : [1, 2, 3]
Numerical Index V1 : [0, 4, 5, 6, 7, 8]
Cat Idx V1 : [1, 2, 3] 
Cat Dims V1 : []
 

~~~~~~~~~~~~~~~~~~~~~~~~~~~~~~~~~~~~~~~~~~~~~~~~~~~~~~~~~~~~~~~~~~~~~~~~~~~~~~~ 


Scaling the data...
~~~~~~~~~~~~~~~~~~~~~~~~~~~~~~~~~~~~~~~~~~~~~~~~~~~~~~~~~~~~~~~~~~~~~~~~~~~~~~~
After OHE
Numerical Index V2 : [0, 4, 5, 6, 7, 8] 


OHE Idx : None


Ordinal Idx V2: [1, 2, 3]


Cat Dims V2 : []
Cat Idx V2 : [1, 2, 3] 
 

Train: [[0.4724994041046959 'Premium' 'F' 'VS1' 0.10794110061547957]
 [-0.20154162642257425 'Good' 'H' 'VVS2' 0.2462765750724545]
 [-0.6017534882981407 'Ideal' 'F' 'VS2' -0.791239483354843]
 [0.030159977821175004 'Good' 'G' 'SI2' -0.5145685344408979]
 [-0.15941406201461986 'Very Good' 'J' 'VS2' 1.0071216845858069]
 [1.5256885143035552 'Premium' 'E' 'SI1' 0.5229475239863995]
 [0.6831372261444679 'Premium' 'G' 'SI2' -0.5145685344408979]
 [0.8516474837762851 'Very Good' 'F' 'VS2' 0.592115261214887]
 [-0.07515893319871103 'Good' 'D' 'VS2' 1.2146248962712645]
 [-1.0230291323776846 'Premium' 'D' 'IF' -1.067910432268788]] 
 
 
Val : (17261, 9) 
 

~~~~~~~~~~~~~~~~~~~~~~~~~~~~~~~~~~~~~~~~~~~~~~~~~~~~~~~~~~~~~~~~~~~~~~~~~~~~~~~
Ordinal Encoding...
Cat Idx V3 : [1, 2, 3] 
 

~~~~~~~~~~~~~~~~~~~~~~~~~~~~~~~~~~~~~~~~~~~~~~~~~~~~~~~~~~~~~~~~~~~~~~~~~~~~~~~
After ORDINAL
Numerical Index V2 : [0, 4, 5, 6, 7, 8] 


OHE Idx : None


Ordinal Idx V2: [1, 2, 3]


Cat Dims V2 : [6, 8, 9]
Cat Idx V2 : [1, 2, 3] 
 

Train: [[0.4724994041046959 4 5 5 0.10794110061547957 0.2506764659250819
  0.6463170429773962 0.6938985301146872 0.6524992986311963]
 [-0.20154162642257425 2 3 6 0.2462765750724545 2.96121717066479
  -0.09369530747892056 -0.06917448239734655 -0.048953682687475505]
 [-0.6017534882981407 5 5 4 -0.791239483354843 -0.6528371023214874
  -0.47707519988400005 -0.5000863012276721 -0.5440969636183027]
 [0.030159977821175004 2 4 2 -0.5145685344408979 1.6059468182949357
  0.19161065896206927 0.23605472260746693 0.14360203767451307]
 [-0.15941406201461986 3 1 4 1.0071216845858069 1.1541900341716511
  0.040041864290292835 -0.02428783460252118 0.12984805764865645]
 [1.5256885143035552 4 6 3 0.5229475239863995 0.7024332500483665
  1.4309084506901175 1.376175576596035 1.4089682000532935]
 [0.6831372261444679 4 4 2 -0.5145685344408979 1.1541900341716511
  0.8692123292594194 0.8195811439401984 0.7350231787863348]
 [0.8516474837762851 3 5 4 0.592115261214887 -0.6528371023214874
  0.8959597636132623 0.9452637577657104 0.9550868592000361]
 [-0.07515893319871103 2 7 4 1.2146248962712645 -1.104593886444772
  0.07570511009541657 0.11037210878195494 0.22612591782965105]
 [-1.0230291323776846 4 7 8 -1.067910432268788 0.7024332500483665
  -1.1635926816326316 -1.2003180068269506 -1.2180419848852624]] 
 
 
Val : (17261, 9) 
 

FINISHED ENCODING
~~~~~~~~~~~~~~~~~~~~~~~~~~~~~~~~~~~~~~~~~~~~~~~~~~~~~~~~~~~~~~~~~~~~~~~~~~~~~~~


~~~~~~~~~~~~~~~~~~~~~~~~~~~~~~~~~~~~~~~~~~~~~~~~~~~~~~~~~~~~~~~~~~~~~~~~~~~~~~~
Test numpy array issues
X dtype: object
X Val dtype: object
X dtype: float32
X Val dtype: float32
After Debugging -- Inner Fold 5
DEBUG Inner Fold 5: num_features: 9
DEBUG Inner Fold 5: num_classes: 1
DEBUG Inner Fold 5: cat_idx: [1, 2, 3]
DEBUG Inner Fold 5: nominal_idx: None
DEBUG Inner Fold 5: ordinal_idx: [1, 2, 3]
DEBUG Inner Fold 5: num_idx: [0, 4, 5, 6, 7, 8]
DEBUG Inner Fold 5: cat_dims: [6, 8, 9]
DEBUG Inner Fold 5: bin_alt: None
In get_device
On Device: cuda
**** Data b4 Fitting ****
Train Data b4 training...
X: <class 'numpy.ndarray'> , y : (<class 'numpy.ndarray'>,), X_val: <class 'numpy.ndarray'> , y : <class 'numpy.ndarray'>

Train Data after...
X: <class 'torch.Tensor'> , y : (<class 'torch.Tensor'>,), X_val: <class 'torch.Tensor'> , y : <class 'torch.Tensor'>

Inner Fold 5 Results: {'MSE - mean': 30974682.02442308, 'MSE - std': 480511.4187704129, 'R2 - mean': -0.9649806387820267, 'R2 - std': 0.016241632514053004}
Trial Results B4 Saving: {'MSE - mean': 30974682.02442308, 'MSE - std': 480511.4187704129, 'R2 - mean': -0.9649806387820267, 'R2 - std': 0.016241632514053004}
Score: 30974682.02442308
  outer_3_inner Fold 1/5
Before Debugging -- Inner Fold 1
DEBUG Inner Fold 1: num_features: 9
DEBUG Inner Fold 1: num_classes: 1
DEBUG Inner Fold 1: cat_idx: [0]
DEBUG Inner Fold 1: nominal_idx: None
DEBUG Inner Fold 1: ordinal_idx: [1, 2, 3]
DEBUG Inner Fold 1: num_idx: None
DEBUG Inner Fold 1: cat_dims: [2]
DEBUG Inner Fold 1: bin_alt: None
~~~~~~~~~~~~~~~~~~~~~~~~~~~~~~~~~~~~~~~~~~~~~~~~~~~~~~~~~~~~~~~~~~~~~~~~~~~~~~~
BEFORE ANY ENCODING
num_features :9
num_classes : 1
cat_idx : [0]
nominal_idx : None
ordinal_idx : [1, 2, 3]
num_idx : None
cat_dims : [2]
bin_alt : None 


X_train shape : (17260, 9)
~~~~~~~~~~~~~~~~~~~~~~~~~~~~~~~~~~~~~~~~~~~~~~~~~~~~~~~~~~~~~~~~~~~~~~~~~~~~~~~
~~~~~~~~~~~~~~~~~~~~~~~~~~~~~~~~~~~~~~~~~~~~~~~~~~~~~~~~~~~~~~~~~~~~~~~~~~~~~~~
AFTER getting cat idx
Nominal Index : None
Ordinal Index : [1, 2, 3]
Cat Idx : [0]
Cat dims : [2]
~~~~~~~~~~~~~~~~~~~~~~~~~~~~~~~~~~~~~~~~~~~~~~~~~~~~~~~~~~~~~~~~~~~~~~~~~~~~~~~
BEFORE getting cat idx
Nominal Index : None
Ordinal Index : [1, 2, 3]
Cat Idx : [1, 2, 3]
Cat dims : []
~~~~~~~~~~~~~~~~~~~~~~~~~~~~~~~~~~~~~~~~~~~~~~~~~~~~~~~~~~~~~~~~~~~~~~~~~~~~~~~ 


AFTER SEPARATING CATEGORICALS AND NUMERICALS
Ordinal Index : [1, 2, 3]
Numerical Index V1 : [0, 4, 5, 6, 7, 8]
Cat Idx V1 : [1, 2, 3] 
Cat Dims V1 : []
 

~~~~~~~~~~~~~~~~~~~~~~~~~~~~~~~~~~~~~~~~~~~~~~~~~~~~~~~~~~~~~~~~~~~~~~~~~~~~~~~ 


Scaling the data...
~~~~~~~~~~~~~~~~~~~~~~~~~~~~~~~~~~~~~~~~~~~~~~~~~~~~~~~~~~~~~~~~~~~~~~~~~~~~~~~
After OHE
Numerical Index V2 : [0, 4, 5, 6, 7, 8] 


OHE Idx : None


Ordinal Idx V2: [1, 2, 3]


Cat Dims V2 : []
Cat Idx V2 : [1, 2, 3] 
 

Train: [[0.611811219419684 'Very Good' 'I' 'SI1' 1.0097753906801221]
 [-1.1985037033909538 'Ideal' 'G' 'VVS1' -0.15832815056531033]
 [0.8433631281512769 'Very Good' 'H' 'VS2' 1.0097753906801221]
 [-0.20914554790141932 'Good' 'H' 'VVS2' 0.2539436875213132]
 [1.4748683337828947 'Very Good' 'E' 'VS2' -1.532567610854052]
 [-0.6090988448014438 'Ideal' 'F' 'VS2' -0.7767359076952431]
 [-0.16704520085931143 'Very Good' 'J' 'VS2' 1.0097753906801221]
 [0.44340983125125244 'Premium' 'E' 'VS1' -0.6393119616663718]
 [1.5169686808250027 'Premium' 'E' 'SI1' 0.5287915795790605]
 [-0.040744159732987784 'Very Good' 'G' 'SI1' 0.8723514446512459]] 
 
 
Val : (17260, 9) 
 

~~~~~~~~~~~~~~~~~~~~~~~~~~~~~~~~~~~~~~~~~~~~~~~~~~~~~~~~~~~~~~~~~~~~~~~~~~~~~~~
Ordinal Encoding...
Cat Idx V3 : [1, 2, 3] 
 

~~~~~~~~~~~~~~~~~~~~~~~~~~~~~~~~~~~~~~~~~~~~~~~~~~~~~~~~~~~~~~~~~~~~~~~~~~~~~~~
After ORDINAL
Numerical Index V2 : [0, 4, 5, 6, 7, 8] 


OHE Idx : None


Ordinal Idx V2: [1, 2, 3]


Cat Dims V2 : [6, 8, 9]
Cat Idx V2 : [1, 2, 3] 
 

Train: [[0.611811219419684 3 2 3 1.0097753906801221 0.6906933111346477
  0.7175019955531756 0.6415692767609531 0.8342307576131831]
 [-1.1985037033909538 5 4 7 -0.15832815056531033 -0.20729748025587727
  -1.6027262578557462 -1.495998017490497 -1.5984234836469495]
 [0.8433631281512769 3 3 4 1.0097753906801221 -1.5542836673416647
  0.8870571371484434 0.8781379891682284 1.050146814529762]
 [-0.20914554790141932 2 3 6 0.2539436875213132 2.93567028961096
  -0.10350184796075046 -0.07658574304684607 -0.058222277642013646]
 [1.4748683337828947 3 6 4 -1.532567610854052 0.2416979154393852
  1.5206579294254952 1.4695597701864165 1.2948516790352205]
 [-0.6090988448014438 5 5 4 -0.7767359076952431 -0.6562928759511397
  -0.4872319052553027 -0.4821321071736038 -0.576420814241805]
 [-0.16704520085931143 3 1 4 1.0097753906801221 1.1396887068299102
  0.030357474351302247 -0.03434133011697566 0.1289049716856887]
 [0.44340983125125244 4 6 5 -0.6393119616663718 0.6906933111346477
  0.6461103569867472 0.5739782160731601 0.5463426817244098]
 [1.5169686808250027 4 6 3 0.5287915795790605 0.6906933111346477
  1.422494426396656 1.2836843532949853 1.4675845245684833]
 [-0.040744159732987784 3 4 3 0.8723514446512459 0.2416979154393852
  0.07497724845532061 0.10084079125861024 0.2008769906578824]] 
 
 
Val : (17260, 9) 
 

FINISHED ENCODING
~~~~~~~~~~~~~~~~~~~~~~~~~~~~~~~~~~~~~~~~~~~~~~~~~~~~~~~~~~~~~~~~~~~~~~~~~~~~~~~


~~~~~~~~~~~~~~~~~~~~~~~~~~~~~~~~~~~~~~~~~~~~~~~~~~~~~~~~~~~~~~~~~~~~~~~~~~~~~~~
Test numpy array issues
X dtype: object
X Val dtype: object
X dtype: float32
X Val dtype: float32
After Debugging -- Inner Fold 1
DEBUG Inner Fold 1: num_features: 9
DEBUG Inner Fold 1: num_classes: 1
DEBUG Inner Fold 1: cat_idx: [1, 2, 3]
DEBUG Inner Fold 1: nominal_idx: None
DEBUG Inner Fold 1: ordinal_idx: [1, 2, 3]
DEBUG Inner Fold 1: num_idx: [0, 4, 5, 6, 7, 8]
DEBUG Inner Fold 1: cat_dims: [6, 8, 9]
DEBUG Inner Fold 1: bin_alt: None
In get_device
On Device: cuda
**** Data b4 Fitting ****
Train Data b4 training...
X: <class 'numpy.ndarray'> , y : (<class 'numpy.ndarray'>,), X_val: <class 'numpy.ndarray'> , y : <class 'numpy.ndarray'>

Train Data after...
X: <class 'torch.Tensor'> , y : (<class 'torch.Tensor'>,), X_val: <class 'torch.Tensor'> , y : <class 'torch.Tensor'>

Inner Fold 1 Results: {'MSE - mean': 30297227.343737617, 'MSE - std': 0.0, 'R2 - mean': -0.9680092070280428, 'R2 - std': 0.0}
  outer_3_inner Fold 2/5
Before Debugging -- Inner Fold 2
DEBUG Inner Fold 2: num_features: 9
DEBUG Inner Fold 2: num_classes: 1
DEBUG Inner Fold 2: cat_idx: [0]
DEBUG Inner Fold 2: nominal_idx: None
DEBUG Inner Fold 2: ordinal_idx: [1, 2, 3]
DEBUG Inner Fold 2: num_idx: None
DEBUG Inner Fold 2: cat_dims: [2]
DEBUG Inner Fold 2: bin_alt: None
~~~~~~~~~~~~~~~~~~~~~~~~~~~~~~~~~~~~~~~~~~~~~~~~~~~~~~~~~~~~~~~~~~~~~~~~~~~~~~~
BEFORE ANY ENCODING
num_features :9
num_classes : 1
cat_idx : [0]
nominal_idx : None
ordinal_idx : [1, 2, 3]
num_idx : None
cat_dims : [2]
bin_alt : None 


X_train shape : (17261, 9)
~~~~~~~~~~~~~~~~~~~~~~~~~~~~~~~~~~~~~~~~~~~~~~~~~~~~~~~~~~~~~~~~~~~~~~~~~~~~~~~
~~~~~~~~~~~~~~~~~~~~~~~~~~~~~~~~~~~~~~~~~~~~~~~~~~~~~~~~~~~~~~~~~~~~~~~~~~~~~~~
AFTER getting cat idx
Nominal Index : None
Ordinal Index : [1, 2, 3]
Cat Idx : [0]
Cat dims : [2]
~~~~~~~~~~~~~~~~~~~~~~~~~~~~~~~~~~~~~~~~~~~~~~~~~~~~~~~~~~~~~~~~~~~~~~~~~~~~~~~
BEFORE getting cat idx
Nominal Index : None
Ordinal Index : [1, 2, 3]
Cat Idx : [1, 2, 3]
Cat dims : []
~~~~~~~~~~~~~~~~~~~~~~~~~~~~~~~~~~~~~~~~~~~~~~~~~~~~~~~~~~~~~~~~~~~~~~~~~~~~~~~ 


AFTER SEPARATING CATEGORICALS AND NUMERICALS
Ordinal Index : [1, 2, 3]
Numerical Index V1 : [0, 4, 5, 6, 7, 8]
Cat Idx V1 : [1, 2, 3] 
Cat Dims V1 : []
 

~~~~~~~~~~~~~~~~~~~~~~~~~~~~~~~~~~~~~~~~~~~~~~~~~~~~~~~~~~~~~~~~~~~~~~~~~~~~~~~ 


Scaling the data...
~~~~~~~~~~~~~~~~~~~~~~~~~~~~~~~~~~~~~~~~~~~~~~~~~~~~~~~~~~~~~~~~~~~~~~~~~~~~~~~
After OHE
Numerical Index V2 : [0, 4, 5, 6, 7, 8] 


OHE Idx : None


Ordinal Idx V2: [1, 2, 3]


Cat Dims V2 : []
Cat Idx V2 : [1, 2, 3] 
 

Train: [[0.627617157378436 'Very Good' 'I' 'SI1' 1.0247334911490789]
 [-1.1999521785974394 'Ideal' 'G' 'VVS1' -0.1671373922948845]
 [0.4788615137524926 'Premium' 'F' 'VS1' 0.11330281557428189]
 [0.8613760259334896 'Very Good' 'H' 'VS2' 1.0247334911490789]
 [1.4989002129018183 'Very Good' 'E' 'VS2' -1.5693384316407215]
 [-0.604929604093666 'Ideal' 'F' 'VS2' -0.7981278600005102]
 [0.03259458287466266 'Good' 'G' 'SI2' -0.5176876521313437]
 [0.45761070752021493 'Premium' 'E' 'VS1' -0.6579077560659294]
 [1.5414018253663735 'Premium' 'E' 'SI1' 0.533963127378034]
 [-0.031157835822170254 'Very Good' 'G' 'SI1' 0.8845133872144932]] 
 
 
Val : (17261, 9) 
 

~~~~~~~~~~~~~~~~~~~~~~~~~~~~~~~~~~~~~~~~~~~~~~~~~~~~~~~~~~~~~~~~~~~~~~~~~~~~~~~
Ordinal Encoding...
Cat Idx V3 : [1, 2, 3] 
 

~~~~~~~~~~~~~~~~~~~~~~~~~~~~~~~~~~~~~~~~~~~~~~~~~~~~~~~~~~~~~~~~~~~~~~~~~~~~~~~
After ORDINAL
Numerical Index V2 : [0, 4, 5, 6, 7, 8] 


OHE Idx : None


Ordinal Idx V2: [1, 2, 3]


Cat Dims V2 : [6, 8, 9]
Cat Idx V2 : [1, 2, 3] 
 

Train: [[0.627617157378436 3 2 3 1.0247334911490789 0.6940223422410932
  0.7298285887943268 0.6523415571227338 0.805438198386237]
 [-1.1999521785974394 5 4 7 -0.1671373922948845 -0.20769683770527966
  -1.597511798848288 -1.4903828580812128 -1.5227655191836416]
 [0.4788615137524926 4 5 5 0.11330281557428189 0.24316275226790676
  0.6492668061451595 0.6523415571227338 0.6538983114438184]
 [0.8613760259334896 3 3 4 1.0247334911490789 -1.560275607624839
  0.8999034632759029 0.8894810180939219 1.012083498762261]
 [1.4989002129018183 3 6 4 -1.5693384316407215 0.24316275226790676
  1.5354464152860015 1.4823296705218916 1.24628150585509]
 [-0.604929604093666 5 5 4 -0.7981278600005102 -0.6585564276784661
  -0.4785981509431844 -0.47407088249040824 -0.5446444307371245]
 [0.03259458287466266 2 4 2 -0.5176876521313437 1.595741522187466
  0.19275003779987757 0.22040896749664196 0.14417323718295785]
 [0.45761070752021493 4 6 5 -0.6579077560659294 0.6940223422410932
  0.6582181153284001 0.5845874254166801 0.5299111312182038]
 [1.5414018253663735 4 6 3 0.533963127378034 0.6940223422410932
  1.436982014270352 1.2960058083302435 1.4115977461559088]
 [-0.031157835822170254 3 4 3 0.8845133872144932 0.24316275226790676
  0.08533432760098755 0.11030850347430485 0.1992786506165645]] 
 
 
Val : (17261, 9) 
 

FINISHED ENCODING
~~~~~~~~~~~~~~~~~~~~~~~~~~~~~~~~~~~~~~~~~~~~~~~~~~~~~~~~~~~~~~~~~~~~~~~~~~~~~~~


~~~~~~~~~~~~~~~~~~~~~~~~~~~~~~~~~~~~~~~~~~~~~~~~~~~~~~~~~~~~~~~~~~~~~~~~~~~~~~~
Test numpy array issues
X dtype: object
X Val dtype: object
X dtype: float32
X Val dtype: float32
After Debugging -- Inner Fold 2
DEBUG Inner Fold 2: num_features: 9
DEBUG Inner Fold 2: num_classes: 1
DEBUG Inner Fold 2: cat_idx: [1, 2, 3]
DEBUG Inner Fold 2: nominal_idx: None
DEBUG Inner Fold 2: ordinal_idx: [1, 2, 3]
DEBUG Inner Fold 2: num_idx: [0, 4, 5, 6, 7, 8]
DEBUG Inner Fold 2: cat_dims: [6, 8, 9]
DEBUG Inner Fold 2: bin_alt: None
In get_device
On Device: cuda
**** Data b4 Fitting ****
Train Data b4 training...
X: <class 'numpy.ndarray'> , y : (<class 'numpy.ndarray'>,), X_val: <class 'numpy.ndarray'> , y : <class 'numpy.ndarray'>

Train Data after...
X: <class 'torch.Tensor'> , y : (<class 'torch.Tensor'>,), X_val: <class 'torch.Tensor'> , y : <class 'torch.Tensor'>

Inner Fold 2 Results: {'MSE - mean': 30899139.877142847, 'MSE - std': 601912.5334052276, 'R2 - mean': -0.9684348652567772, 'R2 - std': 0.0004256582287344157}
  outer_3_inner Fold 3/5
Before Debugging -- Inner Fold 3
DEBUG Inner Fold 3: num_features: 9
DEBUG Inner Fold 3: num_classes: 1
DEBUG Inner Fold 3: cat_idx: [0]
DEBUG Inner Fold 3: nominal_idx: None
DEBUG Inner Fold 3: ordinal_idx: [1, 2, 3]
DEBUG Inner Fold 3: num_idx: None
DEBUG Inner Fold 3: cat_dims: [2]
DEBUG Inner Fold 3: bin_alt: None
~~~~~~~~~~~~~~~~~~~~~~~~~~~~~~~~~~~~~~~~~~~~~~~~~~~~~~~~~~~~~~~~~~~~~~~~~~~~~~~
BEFORE ANY ENCODING
num_features :9
num_classes : 1
cat_idx : [0]
nominal_idx : None
ordinal_idx : [1, 2, 3]
num_idx : None
cat_dims : [2]
bin_alt : None 


X_train shape : (17261, 9)
~~~~~~~~~~~~~~~~~~~~~~~~~~~~~~~~~~~~~~~~~~~~~~~~~~~~~~~~~~~~~~~~~~~~~~~~~~~~~~~
~~~~~~~~~~~~~~~~~~~~~~~~~~~~~~~~~~~~~~~~~~~~~~~~~~~~~~~~~~~~~~~~~~~~~~~~~~~~~~~
AFTER getting cat idx
Nominal Index : None
Ordinal Index : [1, 2, 3]
Cat Idx : [0]
Cat dims : [2]
~~~~~~~~~~~~~~~~~~~~~~~~~~~~~~~~~~~~~~~~~~~~~~~~~~~~~~~~~~~~~~~~~~~~~~~~~~~~~~~
BEFORE getting cat idx
Nominal Index : None
Ordinal Index : [1, 2, 3]
Cat Idx : [1, 2, 3]
Cat dims : []
~~~~~~~~~~~~~~~~~~~~~~~~~~~~~~~~~~~~~~~~~~~~~~~~~~~~~~~~~~~~~~~~~~~~~~~~~~~~~~~ 


AFTER SEPARATING CATEGORICALS AND NUMERICALS
Ordinal Index : [1, 2, 3]
Numerical Index V1 : [0, 4, 5, 6, 7, 8]
Cat Idx V1 : [1, 2, 3] 
Cat Dims V1 : []
 

~~~~~~~~~~~~~~~~~~~~~~~~~~~~~~~~~~~~~~~~~~~~~~~~~~~~~~~~~~~~~~~~~~~~~~~~~~~~~~~ 


Scaling the data...
~~~~~~~~~~~~~~~~~~~~~~~~~~~~~~~~~~~~~~~~~~~~~~~~~~~~~~~~~~~~~~~~~~~~~~~~~~~~~~~
After OHE
Numerical Index V2 : [0, 4, 5, 6, 7, 8] 


OHE Idx : None


Ordinal Idx V2: [1, 2, 3]


Cat Dims V2 : []
Cat Idx V2 : [1, 2, 3] 
 

Train: [[0.6163086573556317 'Very Good' 'I' 'SI1' 1.01417248467605]
 [-1.1952032599905673 'Ideal' 'G' 'VVS1' -0.16517645221395355]
 [0.46886001292047585 'Premium' 'F' 'VS1' 0.11231741528957526]
 [0.8480136700394476 'Very Good' 'H' 'VS2' 1.01417248467605]
 [-0.2051909330688076 'Good' 'H' 'VVS2' 0.2510643490413421]
 [1.4799364319044008 'Very Good' 'E' 'VS2' -1.5526457897316026]
 [-0.6054086822499445 'Ideal' 'F' 'VS2' -0.7895376540968947]
 [0.026514079615008745 'Good' 'G' 'SI2' -0.5120437865933658]
 [-0.16306274894447736 'Very Good' 'J' 'VS2' 1.01417248467605]
 [0.4477959208583107 'Premium' 'E' 'VS1' -0.6507907203451327]] 
 
 
Val : (17261, 9) 
 

~~~~~~~~~~~~~~~~~~~~~~~~~~~~~~~~~~~~~~~~~~~~~~~~~~~~~~~~~~~~~~~~~~~~~~~~~~~~~~~
Ordinal Encoding...
Cat Idx V3 : [1, 2, 3] 
 

~~~~~~~~~~~~~~~~~~~~~~~~~~~~~~~~~~~~~~~~~~~~~~~~~~~~~~~~~~~~~~~~~~~~~~~~~~~~~~~
After ORDINAL
Numerical Index V2 : [0, 4, 5, 6, 7, 8] 


OHE Idx : None


Ordinal Idx V2: [1, 2, 3]


Cat Dims V2 : [6, 8, 9]
Cat Idx V2 : [1, 2, 3] 
 

Train: [[0.6163086573556317 3 2 3 1.01417248467605 0.6933918087730161
  0.721596787808808 0.6453068436442716 0.798336081081993]
 [-1.1952032599905673 5 4 7 -0.16517645221395355 -0.20256142052440085
  -1.5926568420375937 -1.4870502940504944 -1.5214570522265132]
 [0.46886001292047585 4 5 5 0.11231741528957526 0.2454151941243076
  0.641488008314125 0.6453068436442716 0.6473436286181253]
 [0.8480136700394476 3 3 4 1.01417248467605 -1.5464912644705262
  0.8907153222975839 0.8812989379346017 1.0042348798963567]
 [-0.2051909330688076 2 3 6 0.2510643490413421 2.9332748820165584
  -0.09729295813684173 -0.07109772830851513 -0.05271228735071349]
 [1.4799364319044008 3 6 4 -1.5526457897316026 0.2454151941243076
  1.5226845827556397 1.4712791736604265 1.237586851885971]
 [-0.6054086822499445 5 5 4 -0.7895376540968947 -0.6505380351731093
  -0.48003490461143866 -0.47565560423479525 -0.5468694045051881]
 [0.026514079615008745 2 4 2 -0.5120437865933658 1.589345038070433
  0.18753825784425412 0.2154641004725996 0.13945992487602685]
 [-0.16306274894447736 3 1 4 1.01417248467605 1.1413684234217245
  0.03622167435429635 -0.028956282899527803 0.12573333828840222]
 [0.4477959208583107 4 6 5 -0.6507907203451327 0.6933918087730161
  0.650388983813534 0.5778805309898917 0.5238043493295069]] 
 
 
Val : (17261, 9) 
 

FINISHED ENCODING
~~~~~~~~~~~~~~~~~~~~~~~~~~~~~~~~~~~~~~~~~~~~~~~~~~~~~~~~~~~~~~~~~~~~~~~~~~~~~~~


~~~~~~~~~~~~~~~~~~~~~~~~~~~~~~~~~~~~~~~~~~~~~~~~~~~~~~~~~~~~~~~~~~~~~~~~~~~~~~~
Test numpy array issues
X dtype: object
X Val dtype: object
X dtype: float32
X Val dtype: float32
After Debugging -- Inner Fold 3
DEBUG Inner Fold 3: num_features: 9
DEBUG Inner Fold 3: num_classes: 1
DEBUG Inner Fold 3: cat_idx: [1, 2, 3]
DEBUG Inner Fold 3: nominal_idx: None
DEBUG Inner Fold 3: ordinal_idx: [1, 2, 3]
DEBUG Inner Fold 3: num_idx: [0, 4, 5, 6, 7, 8]
DEBUG Inner Fold 3: cat_dims: [6, 8, 9]
DEBUG Inner Fold 3: bin_alt: None
In get_device
On Device: cuda
**** Data b4 Fitting ****
Train Data b4 training...
X: <class 'numpy.ndarray'> , y : (<class 'numpy.ndarray'>,), X_val: <class 'numpy.ndarray'> , y : <class 'numpy.ndarray'>

Train Data after...
X: <class 'torch.Tensor'> , y : (<class 'torch.Tensor'>,), X_val: <class 'torch.Tensor'> , y : <class 'torch.Tensor'>

Inner Fold 3 Results: {'MSE - mean': 31002382.013154626, 'MSE - std': 512689.32360974356, 'R2 - mean': -0.9660817436775516, 'R2 - std': 0.0033459157617948387}
  outer_3_inner Fold 4/5
Before Debugging -- Inner Fold 4
DEBUG Inner Fold 4: num_features: 9
DEBUG Inner Fold 4: num_classes: 1
DEBUG Inner Fold 4: cat_idx: [0]
DEBUG Inner Fold 4: nominal_idx: None
DEBUG Inner Fold 4: ordinal_idx: [1, 2, 3]
DEBUG Inner Fold 4: num_idx: None
DEBUG Inner Fold 4: cat_dims: [2]
DEBUG Inner Fold 4: bin_alt: None
~~~~~~~~~~~~~~~~~~~~~~~~~~~~~~~~~~~~~~~~~~~~~~~~~~~~~~~~~~~~~~~~~~~~~~~~~~~~~~~
BEFORE ANY ENCODING
num_features :9
num_classes : 1
cat_idx : [0]
nominal_idx : None
ordinal_idx : [1, 2, 3]
num_idx : None
cat_dims : [2]
bin_alt : None 


X_train shape : (17261, 9)
~~~~~~~~~~~~~~~~~~~~~~~~~~~~~~~~~~~~~~~~~~~~~~~~~~~~~~~~~~~~~~~~~~~~~~~~~~~~~~~
~~~~~~~~~~~~~~~~~~~~~~~~~~~~~~~~~~~~~~~~~~~~~~~~~~~~~~~~~~~~~~~~~~~~~~~~~~~~~~~
AFTER getting cat idx
Nominal Index : None
Ordinal Index : [1, 2, 3]
Cat Idx : [0]
Cat dims : [2]
~~~~~~~~~~~~~~~~~~~~~~~~~~~~~~~~~~~~~~~~~~~~~~~~~~~~~~~~~~~~~~~~~~~~~~~~~~~~~~~
BEFORE getting cat idx
Nominal Index : None
Ordinal Index : [1, 2, 3]
Cat Idx : [1, 2, 3]
Cat dims : []
~~~~~~~~~~~~~~~~~~~~~~~~~~~~~~~~~~~~~~~~~~~~~~~~~~~~~~~~~~~~~~~~~~~~~~~~~~~~~~~ 


AFTER SEPARATING CATEGORICALS AND NUMERICALS
Ordinal Index : [1, 2, 3]
Numerical Index V1 : [0, 4, 5, 6, 7, 8]
Cat Idx V1 : [1, 2, 3] 
Cat Dims V1 : []
 

~~~~~~~~~~~~~~~~~~~~~~~~~~~~~~~~~~~~~~~~~~~~~~~~~~~~~~~~~~~~~~~~~~~~~~~~~~~~~~~ 


Scaling the data...
~~~~~~~~~~~~~~~~~~~~~~~~~~~~~~~~~~~~~~~~~~~~~~~~~~~~~~~~~~~~~~~~~~~~~~~~~~~~~~~
After OHE
Numerical Index V2 : [0, 4, 5, 6, 7, 8] 


OHE Idx : None


Ordinal Idx V2: [1, 2, 3]


Cat Dims V2 : []
Cat Idx V2 : [1, 2, 3] 
 

Train: [[0.619933549514922 'Very Good' 'I' 'SI1' 1.017332292395879]
 [-1.1983159231295304 'Ideal' 'G' 'VVS1' -0.16382343362779506]
 [0.47193649941595484 'Premium' 'F' 'VS1' 0.11409556073071503]
 [0.8525003425275842 'Very Good' 'H' 'VS2' 1.017332292395879]
 [-0.2046214438936089 'Good' 'H' 'VVS2' 0.25305505790997257]
 [1.4867734143803002 'Very Good' 'E' 'VS2' -1.5534184054203504]
 [0.02794534911905379 'Good' 'G' 'SI2' -0.5112221765759339]
 [-0.16233657243676114 'Very Good' 'J' 'VS2' 1.017332292395879]
 [0.45079406368753094 'Premium' 'E' 'VS1' -0.6501816737551914]
 [-0.03548195806621785 'Very Good' 'G' 'SI1' 0.8783727952166215]] 
 
 
Val : (17261, 9) 
 

~~~~~~~~~~~~~~~~~~~~~~~~~~~~~~~~~~~~~~~~~~~~~~~~~~~~~~~~~~~~~~~~~~~~~~~~~~~~~~~
Ordinal Encoding...
Cat Idx V3 : [1, 2, 3] 
 

~~~~~~~~~~~~~~~~~~~~~~~~~~~~~~~~~~~~~~~~~~~~~~~~~~~~~~~~~~~~~~~~~~~~~~~~~~~~~~~
After ORDINAL
Numerical Index V2 : [0, 4, 5, 6, 7, 8] 


OHE Idx : None


Ordinal Idx V2: [1, 2, 3]


Cat Dims V2 : [6, 8, 9]
Cat Idx V2 : [1, 2, 3] 
 

Train: [[0.619933549514922 3 2 3 1.017332292395879 0.6935866532528318
  0.7243868238818078 0.6475796384728195 0.8004884096495952]
 [-1.1983159231295304 5 4 7 -0.16382343362779506 -0.20555297714736842
  -1.599769825435883 -1.4928043826304394 -1.524188061854345]
 [0.47193649941595484 4 5 5 0.11409556073071503 0.2440168380527317
  0.6439352475592725 0.6475796384728195 0.6491781067706401]
 [0.8525003425275842 3 3 4 1.017332292395879 -1.5542624227476687
  0.8942290405627163 0.8844600834961054 1.006820640848169]
 [-0.2046214438936089 2 3 6 0.25305505790997257 2.941435729253332
  -0.0980070674152212 -0.07152171249072566 -0.05235147930451317]
 [1.4867734143803002 3 6 4 -1.5534184054203504 0.2440168380527317
  1.5289025871071626 1.4766611960543194 1.2406638362065547]
 [0.02794534911905379 2 4 2 -0.5112221765759339 1.592726283653032
  0.18804298173157177 0.21611882789469242 0.14022526981415662]
 [-0.16233657243676114 3 1 4 1.017332292395879 1.1431564684529318
  0.03607889312233741 -0.029221633022281947 0.12646978773425133]
 [0.45079406368753094 4 6 5 -0.6501816737551914 0.6935866532528318
  0.6528743115951096 0.5798995113233093 0.5253787680514955]
 [-0.03548195806621785 3 4 3 0.8783727952166215 0.2440168380527317
  0.0807742133015244 0.1061386212767385 0.19524719813377656]] 
 
 
Val : (17261, 9) 
 

FINISHED ENCODING
~~~~~~~~~~~~~~~~~~~~~~~~~~~~~~~~~~~~~~~~~~~~~~~~~~~~~~~~~~~~~~~~~~~~~~~~~~~~~~~


~~~~~~~~~~~~~~~~~~~~~~~~~~~~~~~~~~~~~~~~~~~~~~~~~~~~~~~~~~~~~~~~~~~~~~~~~~~~~~~
Test numpy array issues
X dtype: object
X Val dtype: object
X dtype: float32
X Val dtype: float32
After Debugging -- Inner Fold 4
DEBUG Inner Fold 4: num_features: 9
DEBUG Inner Fold 4: num_classes: 1
DEBUG Inner Fold 4: cat_idx: [1, 2, 3]
DEBUG Inner Fold 4: nominal_idx: None
DEBUG Inner Fold 4: ordinal_idx: [1, 2, 3]
DEBUG Inner Fold 4: num_idx: [0, 4, 5, 6, 7, 8]
DEBUG Inner Fold 4: cat_dims: [6, 8, 9]
DEBUG Inner Fold 4: bin_alt: None
In get_device
On Device: cuda
**** Data b4 Fitting ****
Train Data b4 training...
X: <class 'numpy.ndarray'> , y : (<class 'numpy.ndarray'>,), X_val: <class 'numpy.ndarray'> , y : <class 'numpy.ndarray'>

Train Data after...
X: <class 'torch.Tensor'> , y : (<class 'torch.Tensor'>,), X_val: <class 'torch.Tensor'> , y : <class 'torch.Tensor'>

Inner Fold 4 Results: {'MSE - mean': 31152117.80697202, 'MSE - std': 514198.58105398883, 'R2 - mean': -0.9641527211994209, 'R2 - std': 0.004422640317409046}
  outer_3_inner Fold 5/5
Before Debugging -- Inner Fold 5
DEBUG Inner Fold 5: num_features: 9
DEBUG Inner Fold 5: num_classes: 1
DEBUG Inner Fold 5: cat_idx: [0]
DEBUG Inner Fold 5: nominal_idx: None
DEBUG Inner Fold 5: ordinal_idx: [1, 2, 3]
DEBUG Inner Fold 5: num_idx: None
DEBUG Inner Fold 5: cat_dims: [2]
DEBUG Inner Fold 5: bin_alt: None
~~~~~~~~~~~~~~~~~~~~~~~~~~~~~~~~~~~~~~~~~~~~~~~~~~~~~~~~~~~~~~~~~~~~~~~~~~~~~~~
BEFORE ANY ENCODING
num_features :9
num_classes : 1
cat_idx : [0]
nominal_idx : None
ordinal_idx : [1, 2, 3]
num_idx : None
cat_dims : [2]
bin_alt : None 


X_train shape : (17261, 9)
~~~~~~~~~~~~~~~~~~~~~~~~~~~~~~~~~~~~~~~~~~~~~~~~~~~~~~~~~~~~~~~~~~~~~~~~~~~~~~~
~~~~~~~~~~~~~~~~~~~~~~~~~~~~~~~~~~~~~~~~~~~~~~~~~~~~~~~~~~~~~~~~~~~~~~~~~~~~~~~
AFTER getting cat idx
Nominal Index : None
Ordinal Index : [1, 2, 3]
Cat Idx : [0]
Cat dims : [2]
~~~~~~~~~~~~~~~~~~~~~~~~~~~~~~~~~~~~~~~~~~~~~~~~~~~~~~~~~~~~~~~~~~~~~~~~~~~~~~~
BEFORE getting cat idx
Nominal Index : None
Ordinal Index : [1, 2, 3]
Cat Idx : [1, 2, 3]
Cat dims : []
~~~~~~~~~~~~~~~~~~~~~~~~~~~~~~~~~~~~~~~~~~~~~~~~~~~~~~~~~~~~~~~~~~~~~~~~~~~~~~~ 


AFTER SEPARATING CATEGORICALS AND NUMERICALS
Ordinal Index : [1, 2, 3]
Numerical Index V1 : [0, 4, 5, 6, 7, 8]
Cat Idx V1 : [1, 2, 3] 
Cat Dims V1 : []
 

~~~~~~~~~~~~~~~~~~~~~~~~~~~~~~~~~~~~~~~~~~~~~~~~~~~~~~~~~~~~~~~~~~~~~~~~~~~~~~~ 


Scaling the data...
~~~~~~~~~~~~~~~~~~~~~~~~~~~~~~~~~~~~~~~~~~~~~~~~~~~~~~~~~~~~~~~~~~~~~~~~~~~~~~~
After OHE
Numerical Index V2 : [0, 4, 5, 6, 7, 8] 


OHE Idx : None


Ordinal Idx V2: [1, 2, 3]


Cat Dims V2 : []
Cat Idx V2 : [1, 2, 3] 
 

Train: [[0.4724994041046959 'Premium' 'F' 'VS1' 0.10794110061547957]
 [-0.20154162642257425 'Good' 'H' 'VVS2' 0.2462765750724545]
 [-0.6017534882981407 'Ideal' 'F' 'VS2' -0.791239483354843]
 [0.030159977821175004 'Good' 'G' 'SI2' -0.5145685344408979]
 [-0.15941406201461986 'Very Good' 'J' 'VS2' 1.0071216845858069]
 [1.5256885143035552 'Premium' 'E' 'SI1' 0.5229475239863995]
 [0.6831372261444679 'Premium' 'G' 'SI2' -0.5145685344408979]
 [0.8516474837762851 'Very Good' 'F' 'VS2' 0.592115261214887]
 [-0.07515893319871103 'Good' 'D' 'VS2' 1.2146248962712645]
 [-1.0230291323776846 'Premium' 'D' 'IF' -1.067910432268788]] 
 
 
Val : (17261, 9) 
 

~~~~~~~~~~~~~~~~~~~~~~~~~~~~~~~~~~~~~~~~~~~~~~~~~~~~~~~~~~~~~~~~~~~~~~~~~~~~~~~
Ordinal Encoding...
Cat Idx V3 : [1, 2, 3] 
 

~~~~~~~~~~~~~~~~~~~~~~~~~~~~~~~~~~~~~~~~~~~~~~~~~~~~~~~~~~~~~~~~~~~~~~~~~~~~~~~
After ORDINAL
Numerical Index V2 : [0, 4, 5, 6, 7, 8] 


OHE Idx : None


Ordinal Idx V2: [1, 2, 3]


Cat Dims V2 : [6, 8, 9]
Cat Idx V2 : [1, 2, 3] 
 

Train: [[0.4724994041046959 4 5 5 0.10794110061547957 0.2506764659250819
  0.6463170429773962 0.6938985301146872 0.6524992986311963]
 [-0.20154162642257425 2 3 6 0.2462765750724545 2.96121717066479
  -0.09369530747892056 -0.06917448239734655 -0.048953682687475505]
 [-0.6017534882981407 5 5 4 -0.791239483354843 -0.6528371023214874
  -0.47707519988400005 -0.5000863012276721 -0.5440969636183027]
 [0.030159977821175004 2 4 2 -0.5145685344408979 1.6059468182949357
  0.19161065896206927 0.23605472260746693 0.14360203767451307]
 [-0.15941406201461986 3 1 4 1.0071216845858069 1.1541900341716511
  0.040041864290292835 -0.02428783460252118 0.12984805764865645]
 [1.5256885143035552 4 6 3 0.5229475239863995 0.7024332500483665
  1.4309084506901175 1.376175576596035 1.4089682000532935]
 [0.6831372261444679 4 4 2 -0.5145685344408979 1.1541900341716511
  0.8692123292594194 0.8195811439401984 0.7350231787863348]
 [0.8516474837762851 3 5 4 0.592115261214887 -0.6528371023214874
  0.8959597636132623 0.9452637577657104 0.9550868592000361]
 [-0.07515893319871103 2 7 4 1.2146248962712645 -1.104593886444772
  0.07570511009541657 0.11037210878195494 0.22612591782965105]
 [-1.0230291323776846 4 7 8 -1.067910432268788 0.7024332500483665
  -1.1635926816326316 -1.2003180068269506 -1.2180419848852624]] 
 
 
Val : (17261, 9) 
 

FINISHED ENCODING
~~~~~~~~~~~~~~~~~~~~~~~~~~~~~~~~~~~~~~~~~~~~~~~~~~~~~~~~~~~~~~~~~~~~~~~~~~~~~~~


~~~~~~~~~~~~~~~~~~~~~~~~~~~~~~~~~~~~~~~~~~~~~~~~~~~~~~~~~~~~~~~~~~~~~~~~~~~~~~~
Test numpy array issues
X dtype: object
X Val dtype: object
X dtype: float32
X Val dtype: float32
After Debugging -- Inner Fold 5
DEBUG Inner Fold 5: num_features: 9
DEBUG Inner Fold 5: num_classes: 1
DEBUG Inner Fold 5: cat_idx: [1, 2, 3]
DEBUG Inner Fold 5: nominal_idx: None
DEBUG Inner Fold 5: ordinal_idx: [1, 2, 3]
DEBUG Inner Fold 5: num_idx: [0, 4, 5, 6, 7, 8]
DEBUG Inner Fold 5: cat_dims: [6, 8, 9]
DEBUG Inner Fold 5: bin_alt: None
In get_device
On Device: cuda
**** Data b4 Fitting ****
Train Data b4 training...
X: <class 'numpy.ndarray'> , y : (<class 'numpy.ndarray'>,), X_val: <class 'numpy.ndarray'> , y : <class 'numpy.ndarray'>

Train Data after...
X: <class 'torch.Tensor'> , y : (<class 'torch.Tensor'>,), X_val: <class 'torch.Tensor'> , y : <class 'torch.Tensor'>

Inner Fold 5 Results: {'MSE - mean': 31085712.008392602, 'MSE - std': 478705.6140742754, 'R2 - mean': -0.9720271914183772, 'R2 - std': 0.016238131752718873}
Trial Results B4 Saving: {'MSE - mean': 31085712.008392602, 'MSE - std': 478705.6140742754, 'R2 - mean': -0.9720271914183772, 'R2 - std': 0.016238131752718873}
Score: 31085712.008392602
  outer_3_inner Fold 1/5
Before Debugging -- Inner Fold 1
DEBUG Inner Fold 1: num_features: 9
DEBUG Inner Fold 1: num_classes: 1
DEBUG Inner Fold 1: cat_idx: [0]
DEBUG Inner Fold 1: nominal_idx: None
DEBUG Inner Fold 1: ordinal_idx: [1, 2, 3]
DEBUG Inner Fold 1: num_idx: None
DEBUG Inner Fold 1: cat_dims: [2]
DEBUG Inner Fold 1: bin_alt: None
~~~~~~~~~~~~~~~~~~~~~~~~~~~~~~~~~~~~~~~~~~~~~~~~~~~~~~~~~~~~~~~~~~~~~~~~~~~~~~~
BEFORE ANY ENCODING
num_features :9
num_classes : 1
cat_idx : [0]
nominal_idx : None
ordinal_idx : [1, 2, 3]
num_idx : None
cat_dims : [2]
bin_alt : None 


X_train shape : (17260, 9)
~~~~~~~~~~~~~~~~~~~~~~~~~~~~~~~~~~~~~~~~~~~~~~~~~~~~~~~~~~~~~~~~~~~~~~~~~~~~~~~
~~~~~~~~~~~~~~~~~~~~~~~~~~~~~~~~~~~~~~~~~~~~~~~~~~~~~~~~~~~~~~~~~~~~~~~~~~~~~~~
AFTER getting cat idx
Nominal Index : None
Ordinal Index : [1, 2, 3]
Cat Idx : [0]
Cat dims : [2]
~~~~~~~~~~~~~~~~~~~~~~~~~~~~~~~~~~~~~~~~~~~~~~~~~~~~~~~~~~~~~~~~~~~~~~~~~~~~~~~
BEFORE getting cat idx
Nominal Index : None
Ordinal Index : [1, 2, 3]
Cat Idx : [1, 2, 3]
Cat dims : []
~~~~~~~~~~~~~~~~~~~~~~~~~~~~~~~~~~~~~~~~~~~~~~~~~~~~~~~~~~~~~~~~~~~~~~~~~~~~~~~ 


AFTER SEPARATING CATEGORICALS AND NUMERICALS
Ordinal Index : [1, 2, 3]
Numerical Index V1 : [0, 4, 5, 6, 7, 8]
Cat Idx V1 : [1, 2, 3] 
Cat Dims V1 : []
 

~~~~~~~~~~~~~~~~~~~~~~~~~~~~~~~~~~~~~~~~~~~~~~~~~~~~~~~~~~~~~~~~~~~~~~~~~~~~~~~ 


Scaling the data...
~~~~~~~~~~~~~~~~~~~~~~~~~~~~~~~~~~~~~~~~~~~~~~~~~~~~~~~~~~~~~~~~~~~~~~~~~~~~~~~
After OHE
Numerical Index V2 : [0, 4, 5, 6, 7, 8] 


OHE Idx : None


Ordinal Idx V2: [1, 2, 3]


Cat Dims V2 : []
Cat Idx V2 : [1, 2, 3] 
 

Train: [[0.611811219419684 'Very Good' 'I' 'SI1' 1.0097753906801221]
 [-1.1985037033909538 'Ideal' 'G' 'VVS1' -0.15832815056531033]
 [0.8433631281512769 'Very Good' 'H' 'VS2' 1.0097753906801221]
 [-0.20914554790141932 'Good' 'H' 'VVS2' 0.2539436875213132]
 [1.4748683337828947 'Very Good' 'E' 'VS2' -1.532567610854052]
 [-0.6090988448014438 'Ideal' 'F' 'VS2' -0.7767359076952431]
 [-0.16704520085931143 'Very Good' 'J' 'VS2' 1.0097753906801221]
 [0.44340983125125244 'Premium' 'E' 'VS1' -0.6393119616663718]
 [1.5169686808250027 'Premium' 'E' 'SI1' 0.5287915795790605]
 [-0.040744159732987784 'Very Good' 'G' 'SI1' 0.8723514446512459]] 
 
 
Val : (17260, 9) 
 

~~~~~~~~~~~~~~~~~~~~~~~~~~~~~~~~~~~~~~~~~~~~~~~~~~~~~~~~~~~~~~~~~~~~~~~~~~~~~~~
Ordinal Encoding...
Cat Idx V3 : [1, 2, 3] 
 

~~~~~~~~~~~~~~~~~~~~~~~~~~~~~~~~~~~~~~~~~~~~~~~~~~~~~~~~~~~~~~~~~~~~~~~~~~~~~~~
After ORDINAL
Numerical Index V2 : [0, 4, 5, 6, 7, 8] 


OHE Idx : None


Ordinal Idx V2: [1, 2, 3]


Cat Dims V2 : [6, 8, 9]
Cat Idx V2 : [1, 2, 3] 
 

Train: [[0.611811219419684 3 2 3 1.0097753906801221 0.6906933111346477
  0.7175019955531756 0.6415692767609531 0.8342307576131831]
 [-1.1985037033909538 5 4 7 -0.15832815056531033 -0.20729748025587727
  -1.6027262578557462 -1.495998017490497 -1.5984234836469495]
 [0.8433631281512769 3 3 4 1.0097753906801221 -1.5542836673416647
  0.8870571371484434 0.8781379891682284 1.050146814529762]
 [-0.20914554790141932 2 3 6 0.2539436875213132 2.93567028961096
  -0.10350184796075046 -0.07658574304684607 -0.058222277642013646]
 [1.4748683337828947 3 6 4 -1.532567610854052 0.2416979154393852
  1.5206579294254952 1.4695597701864165 1.2948516790352205]
 [-0.6090988448014438 5 5 4 -0.7767359076952431 -0.6562928759511397
  -0.4872319052553027 -0.4821321071736038 -0.576420814241805]
 [-0.16704520085931143 3 1 4 1.0097753906801221 1.1396887068299102
  0.030357474351302247 -0.03434133011697566 0.1289049716856887]
 [0.44340983125125244 4 6 5 -0.6393119616663718 0.6906933111346477
  0.6461103569867472 0.5739782160731601 0.5463426817244098]
 [1.5169686808250027 4 6 3 0.5287915795790605 0.6906933111346477
  1.422494426396656 1.2836843532949853 1.4675845245684833]
 [-0.040744159732987784 3 4 3 0.8723514446512459 0.2416979154393852
  0.07497724845532061 0.10084079125861024 0.2008769906578824]] 
 
 
Val : (17260, 9) 
 

FINISHED ENCODING
~~~~~~~~~~~~~~~~~~~~~~~~~~~~~~~~~~~~~~~~~~~~~~~~~~~~~~~~~~~~~~~~~~~~~~~~~~~~~~~


~~~~~~~~~~~~~~~~~~~~~~~~~~~~~~~~~~~~~~~~~~~~~~~~~~~~~~~~~~~~~~~~~~~~~~~~~~~~~~~
Test numpy array issues
X dtype: object
X Val dtype: object
X dtype: float32
X Val dtype: float32
After Debugging -- Inner Fold 1
DEBUG Inner Fold 1: num_features: 9
DEBUG Inner Fold 1: num_classes: 1
DEBUG Inner Fold 1: cat_idx: [1, 2, 3]
DEBUG Inner Fold 1: nominal_idx: None
DEBUG Inner Fold 1: ordinal_idx: [1, 2, 3]
DEBUG Inner Fold 1: num_idx: [0, 4, 5, 6, 7, 8]
DEBUG Inner Fold 1: cat_dims: [6, 8, 9]
DEBUG Inner Fold 1: bin_alt: None
In get_device
On Device: cuda
**** Data b4 Fitting ****
Train Data b4 training...
X: <class 'numpy.ndarray'> , y : (<class 'numpy.ndarray'>,), X_val: <class 'numpy.ndarray'> , y : <class 'numpy.ndarray'>

Train Data after...
X: <class 'torch.Tensor'> , y : (<class 'torch.Tensor'>,), X_val: <class 'torch.Tensor'> , y : <class 'torch.Tensor'>

Inner Fold 1 Results: {'MSE - mean': 30264138.015154973, 'MSE - std': 0.0, 'R2 - mean': -0.9658598320186997, 'R2 - std': 0.0}
  outer_3_inner Fold 2/5
Before Debugging -- Inner Fold 2
DEBUG Inner Fold 2: num_features: 9
DEBUG Inner Fold 2: num_classes: 1
DEBUG Inner Fold 2: cat_idx: [0]
DEBUG Inner Fold 2: nominal_idx: None
DEBUG Inner Fold 2: ordinal_idx: [1, 2, 3]
DEBUG Inner Fold 2: num_idx: None
DEBUG Inner Fold 2: cat_dims: [2]
DEBUG Inner Fold 2: bin_alt: None
~~~~~~~~~~~~~~~~~~~~~~~~~~~~~~~~~~~~~~~~~~~~~~~~~~~~~~~~~~~~~~~~~~~~~~~~~~~~~~~
BEFORE ANY ENCODING
num_features :9
num_classes : 1
cat_idx : [0]
nominal_idx : None
ordinal_idx : [1, 2, 3]
num_idx : None
cat_dims : [2]
bin_alt : None 


X_train shape : (17261, 9)
~~~~~~~~~~~~~~~~~~~~~~~~~~~~~~~~~~~~~~~~~~~~~~~~~~~~~~~~~~~~~~~~~~~~~~~~~~~~~~~
~~~~~~~~~~~~~~~~~~~~~~~~~~~~~~~~~~~~~~~~~~~~~~~~~~~~~~~~~~~~~~~~~~~~~~~~~~~~~~~
AFTER getting cat idx
Nominal Index : None
Ordinal Index : [1, 2, 3]
Cat Idx : [0]
Cat dims : [2]
~~~~~~~~~~~~~~~~~~~~~~~~~~~~~~~~~~~~~~~~~~~~~~~~~~~~~~~~~~~~~~~~~~~~~~~~~~~~~~~
BEFORE getting cat idx
Nominal Index : None
Ordinal Index : [1, 2, 3]
Cat Idx : [1, 2, 3]
Cat dims : []
~~~~~~~~~~~~~~~~~~~~~~~~~~~~~~~~~~~~~~~~~~~~~~~~~~~~~~~~~~~~~~~~~~~~~~~~~~~~~~~ 


AFTER SEPARATING CATEGORICALS AND NUMERICALS
Ordinal Index : [1, 2, 3]
Numerical Index V1 : [0, 4, 5, 6, 7, 8]
Cat Idx V1 : [1, 2, 3] 
Cat Dims V1 : []
 

~~~~~~~~~~~~~~~~~~~~~~~~~~~~~~~~~~~~~~~~~~~~~~~~~~~~~~~~~~~~~~~~~~~~~~~~~~~~~~~ 


Scaling the data...
~~~~~~~~~~~~~~~~~~~~~~~~~~~~~~~~~~~~~~~~~~~~~~~~~~~~~~~~~~~~~~~~~~~~~~~~~~~~~~~
After OHE
Numerical Index V2 : [0, 4, 5, 6, 7, 8] 


OHE Idx : None


Ordinal Idx V2: [1, 2, 3]


Cat Dims V2 : []
Cat Idx V2 : [1, 2, 3] 
 

Train: [[0.627617157378436 'Very Good' 'I' 'SI1' 1.0247334911490789]
 [-1.1999521785974394 'Ideal' 'G' 'VVS1' -0.1671373922948845]
 [0.4788615137524926 'Premium' 'F' 'VS1' 0.11330281557428189]
 [0.8613760259334896 'Very Good' 'H' 'VS2' 1.0247334911490789]
 [1.4989002129018183 'Very Good' 'E' 'VS2' -1.5693384316407215]
 [-0.604929604093666 'Ideal' 'F' 'VS2' -0.7981278600005102]
 [0.03259458287466266 'Good' 'G' 'SI2' -0.5176876521313437]
 [0.45761070752021493 'Premium' 'E' 'VS1' -0.6579077560659294]
 [1.5414018253663735 'Premium' 'E' 'SI1' 0.533963127378034]
 [-0.031157835822170254 'Very Good' 'G' 'SI1' 0.8845133872144932]] 
 
 
Val : (17261, 9) 
 

~~~~~~~~~~~~~~~~~~~~~~~~~~~~~~~~~~~~~~~~~~~~~~~~~~~~~~~~~~~~~~~~~~~~~~~~~~~~~~~
Ordinal Encoding...
Cat Idx V3 : [1, 2, 3] 
 

~~~~~~~~~~~~~~~~~~~~~~~~~~~~~~~~~~~~~~~~~~~~~~~~~~~~~~~~~~~~~~~~~~~~~~~~~~~~~~~
After ORDINAL
Numerical Index V2 : [0, 4, 5, 6, 7, 8] 


OHE Idx : None


Ordinal Idx V2: [1, 2, 3]


Cat Dims V2 : [6, 8, 9]
Cat Idx V2 : [1, 2, 3] 
 

Train: [[0.627617157378436 3 2 3 1.0247334911490789 0.6940223422410932
  0.7298285887943268 0.6523415571227338 0.805438198386237]
 [-1.1999521785974394 5 4 7 -0.1671373922948845 -0.20769683770527966
  -1.597511798848288 -1.4903828580812128 -1.5227655191836416]
 [0.4788615137524926 4 5 5 0.11330281557428189 0.24316275226790676
  0.6492668061451595 0.6523415571227338 0.6538983114438184]
 [0.8613760259334896 3 3 4 1.0247334911490789 -1.560275607624839
  0.8999034632759029 0.8894810180939219 1.012083498762261]
 [1.4989002129018183 3 6 4 -1.5693384316407215 0.24316275226790676
  1.5354464152860015 1.4823296705218916 1.24628150585509]
 [-0.604929604093666 5 5 4 -0.7981278600005102 -0.6585564276784661
  -0.4785981509431844 -0.47407088249040824 -0.5446444307371245]
 [0.03259458287466266 2 4 2 -0.5176876521313437 1.595741522187466
  0.19275003779987757 0.22040896749664196 0.14417323718295785]
 [0.45761070752021493 4 6 5 -0.6579077560659294 0.6940223422410932
  0.6582181153284001 0.5845874254166801 0.5299111312182038]
 [1.5414018253663735 4 6 3 0.533963127378034 0.6940223422410932
  1.436982014270352 1.2960058083302435 1.4115977461559088]
 [-0.031157835822170254 3 4 3 0.8845133872144932 0.24316275226790676
  0.08533432760098755 0.11030850347430485 0.1992786506165645]] 
 
 
Val : (17261, 9) 
 

FINISHED ENCODING
~~~~~~~~~~~~~~~~~~~~~~~~~~~~~~~~~~~~~~~~~~~~~~~~~~~~~~~~~~~~~~~~~~~~~~~~~~~~~~~


~~~~~~~~~~~~~~~~~~~~~~~~~~~~~~~~~~~~~~~~~~~~~~~~~~~~~~~~~~~~~~~~~~~~~~~~~~~~~~~
Test numpy array issues
X dtype: object
X Val dtype: object
X dtype: float32
X Val dtype: float32
After Debugging -- Inner Fold 2
DEBUG Inner Fold 2: num_features: 9
DEBUG Inner Fold 2: num_classes: 1
DEBUG Inner Fold 2: cat_idx: [1, 2, 3]
DEBUG Inner Fold 2: nominal_idx: None
DEBUG Inner Fold 2: ordinal_idx: [1, 2, 3]
DEBUG Inner Fold 2: num_idx: [0, 4, 5, 6, 7, 8]
DEBUG Inner Fold 2: cat_dims: [6, 8, 9]
DEBUG Inner Fold 2: bin_alt: None
In get_device
On Device: cuda
**** Data b4 Fitting ****
Train Data b4 training...
X: <class 'numpy.ndarray'> , y : (<class 'numpy.ndarray'>,), X_val: <class 'numpy.ndarray'> , y : <class 'numpy.ndarray'>

Train Data after...
X: <class 'torch.Tensor'> , y : (<class 'torch.Tensor'>,), X_val: <class 'torch.Tensor'> , y : <class 'torch.Tensor'>

Inner Fold 2 Results: {'MSE - mean': 30871158.666786365, 'MSE - std': 607020.6516313944, 'R2 - mean': -0.9666453773772088, 'R2 - std': 0.0007855453585090544}
  outer_3_inner Fold 3/5
Before Debugging -- Inner Fold 3
DEBUG Inner Fold 3: num_features: 9
DEBUG Inner Fold 3: num_classes: 1
DEBUG Inner Fold 3: cat_idx: [0]
DEBUG Inner Fold 3: nominal_idx: None
DEBUG Inner Fold 3: ordinal_idx: [1, 2, 3]
DEBUG Inner Fold 3: num_idx: None
DEBUG Inner Fold 3: cat_dims: [2]
DEBUG Inner Fold 3: bin_alt: None
~~~~~~~~~~~~~~~~~~~~~~~~~~~~~~~~~~~~~~~~~~~~~~~~~~~~~~~~~~~~~~~~~~~~~~~~~~~~~~~
BEFORE ANY ENCODING
num_features :9
num_classes : 1
cat_idx : [0]
nominal_idx : None
ordinal_idx : [1, 2, 3]
num_idx : None
cat_dims : [2]
bin_alt : None 


X_train shape : (17261, 9)
~~~~~~~~~~~~~~~~~~~~~~~~~~~~~~~~~~~~~~~~~~~~~~~~~~~~~~~~~~~~~~~~~~~~~~~~~~~~~~~
~~~~~~~~~~~~~~~~~~~~~~~~~~~~~~~~~~~~~~~~~~~~~~~~~~~~~~~~~~~~~~~~~~~~~~~~~~~~~~~
AFTER getting cat idx
Nominal Index : None
Ordinal Index : [1, 2, 3]
Cat Idx : [0]
Cat dims : [2]
~~~~~~~~~~~~~~~~~~~~~~~~~~~~~~~~~~~~~~~~~~~~~~~~~~~~~~~~~~~~~~~~~~~~~~~~~~~~~~~
BEFORE getting cat idx
Nominal Index : None
Ordinal Index : [1, 2, 3]
Cat Idx : [1, 2, 3]
Cat dims : []
~~~~~~~~~~~~~~~~~~~~~~~~~~~~~~~~~~~~~~~~~~~~~~~~~~~~~~~~~~~~~~~~~~~~~~~~~~~~~~~ 


AFTER SEPARATING CATEGORICALS AND NUMERICALS
Ordinal Index : [1, 2, 3]
Numerical Index V1 : [0, 4, 5, 6, 7, 8]
Cat Idx V1 : [1, 2, 3] 
Cat Dims V1 : []
 

~~~~~~~~~~~~~~~~~~~~~~~~~~~~~~~~~~~~~~~~~~~~~~~~~~~~~~~~~~~~~~~~~~~~~~~~~~~~~~~ 


Scaling the data...
~~~~~~~~~~~~~~~~~~~~~~~~~~~~~~~~~~~~~~~~~~~~~~~~~~~~~~~~~~~~~~~~~~~~~~~~~~~~~~~
After OHE
Numerical Index V2 : [0, 4, 5, 6, 7, 8] 


OHE Idx : None


Ordinal Idx V2: [1, 2, 3]


Cat Dims V2 : []
Cat Idx V2 : [1, 2, 3] 
 

Train: [[0.6163086573556317 'Very Good' 'I' 'SI1' 1.01417248467605]
 [-1.1952032599905673 'Ideal' 'G' 'VVS1' -0.16517645221395355]
 [0.46886001292047585 'Premium' 'F' 'VS1' 0.11231741528957526]
 [0.8480136700394476 'Very Good' 'H' 'VS2' 1.01417248467605]
 [-0.2051909330688076 'Good' 'H' 'VVS2' 0.2510643490413421]
 [1.4799364319044008 'Very Good' 'E' 'VS2' -1.5526457897316026]
 [-0.6054086822499445 'Ideal' 'F' 'VS2' -0.7895376540968947]
 [0.026514079615008745 'Good' 'G' 'SI2' -0.5120437865933658]
 [-0.16306274894447736 'Very Good' 'J' 'VS2' 1.01417248467605]
 [0.4477959208583107 'Premium' 'E' 'VS1' -0.6507907203451327]] 
 
 
Val : (17261, 9) 
 

~~~~~~~~~~~~~~~~~~~~~~~~~~~~~~~~~~~~~~~~~~~~~~~~~~~~~~~~~~~~~~~~~~~~~~~~~~~~~~~
Ordinal Encoding...
Cat Idx V3 : [1, 2, 3] 
 

~~~~~~~~~~~~~~~~~~~~~~~~~~~~~~~~~~~~~~~~~~~~~~~~~~~~~~~~~~~~~~~~~~~~~~~~~~~~~~~
After ORDINAL
Numerical Index V2 : [0, 4, 5, 6, 7, 8] 


OHE Idx : None


Ordinal Idx V2: [1, 2, 3]


Cat Dims V2 : [6, 8, 9]
Cat Idx V2 : [1, 2, 3] 
 

Train: [[0.6163086573556317 3 2 3 1.01417248467605 0.6933918087730161
  0.721596787808808 0.6453068436442716 0.798336081081993]
 [-1.1952032599905673 5 4 7 -0.16517645221395355 -0.20256142052440085
  -1.5926568420375937 -1.4870502940504944 -1.5214570522265132]
 [0.46886001292047585 4 5 5 0.11231741528957526 0.2454151941243076
  0.641488008314125 0.6453068436442716 0.6473436286181253]
 [0.8480136700394476 3 3 4 1.01417248467605 -1.5464912644705262
  0.8907153222975839 0.8812989379346017 1.0042348798963567]
 [-0.2051909330688076 2 3 6 0.2510643490413421 2.9332748820165584
  -0.09729295813684173 -0.07109772830851513 -0.05271228735071349]
 [1.4799364319044008 3 6 4 -1.5526457897316026 0.2454151941243076
  1.5226845827556397 1.4712791736604265 1.237586851885971]
 [-0.6054086822499445 5 5 4 -0.7895376540968947 -0.6505380351731093
  -0.48003490461143866 -0.47565560423479525 -0.5468694045051881]
 [0.026514079615008745 2 4 2 -0.5120437865933658 1.589345038070433
  0.18753825784425412 0.2154641004725996 0.13945992487602685]
 [-0.16306274894447736 3 1 4 1.01417248467605 1.1413684234217245
  0.03622167435429635 -0.028956282899527803 0.12573333828840222]
 [0.4477959208583107 4 6 5 -0.6507907203451327 0.6933918087730161
  0.650388983813534 0.5778805309898917 0.5238043493295069]] 
 
 
Val : (17261, 9) 
 

FINISHED ENCODING
~~~~~~~~~~~~~~~~~~~~~~~~~~~~~~~~~~~~~~~~~~~~~~~~~~~~~~~~~~~~~~~~~~~~~~~~~~~~~~~


~~~~~~~~~~~~~~~~~~~~~~~~~~~~~~~~~~~~~~~~~~~~~~~~~~~~~~~~~~~~~~~~~~~~~~~~~~~~~~~
Test numpy array issues
X dtype: object
X Val dtype: object
X dtype: float32
X Val dtype: float32
After Debugging -- Inner Fold 3
DEBUG Inner Fold 3: num_features: 9
DEBUG Inner Fold 3: num_classes: 1
DEBUG Inner Fold 3: cat_idx: [1, 2, 3]
DEBUG Inner Fold 3: nominal_idx: None
DEBUG Inner Fold 3: ordinal_idx: [1, 2, 3]
DEBUG Inner Fold 3: num_idx: [0, 4, 5, 6, 7, 8]
DEBUG Inner Fold 3: cat_dims: [6, 8, 9]
DEBUG Inner Fold 3: bin_alt: None
In get_device
On Device: cuda
**** Data b4 Fitting ****
Train Data b4 training...
X: <class 'numpy.ndarray'> , y : (<class 'numpy.ndarray'>,), X_val: <class 'numpy.ndarray'> , y : <class 'numpy.ndarray'>

Train Data after...
X: <class 'torch.Tensor'> , y : (<class 'torch.Tensor'>,), X_val: <class 'torch.Tensor'> , y : <class 'torch.Tensor'>

Inner Fold 3 Results: {'MSE - mean': 30972870.511420462, 'MSE - std': 516081.36924559687, 'R2 - mean': -0.9642064019843826, 'R2 - std': 0.003508359959744682}
  outer_3_inner Fold 4/5
Before Debugging -- Inner Fold 4
DEBUG Inner Fold 4: num_features: 9
DEBUG Inner Fold 4: num_classes: 1
DEBUG Inner Fold 4: cat_idx: [0]
DEBUG Inner Fold 4: nominal_idx: None
DEBUG Inner Fold 4: ordinal_idx: [1, 2, 3]
DEBUG Inner Fold 4: num_idx: None
DEBUG Inner Fold 4: cat_dims: [2]
DEBUG Inner Fold 4: bin_alt: None
~~~~~~~~~~~~~~~~~~~~~~~~~~~~~~~~~~~~~~~~~~~~~~~~~~~~~~~~~~~~~~~~~~~~~~~~~~~~~~~
BEFORE ANY ENCODING
num_features :9
num_classes : 1
cat_idx : [0]
nominal_idx : None
ordinal_idx : [1, 2, 3]
num_idx : None
cat_dims : [2]
bin_alt : None 


X_train shape : (17261, 9)
~~~~~~~~~~~~~~~~~~~~~~~~~~~~~~~~~~~~~~~~~~~~~~~~~~~~~~~~~~~~~~~~~~~~~~~~~~~~~~~
~~~~~~~~~~~~~~~~~~~~~~~~~~~~~~~~~~~~~~~~~~~~~~~~~~~~~~~~~~~~~~~~~~~~~~~~~~~~~~~
AFTER getting cat idx
Nominal Index : None
Ordinal Index : [1, 2, 3]
Cat Idx : [0]
Cat dims : [2]
~~~~~~~~~~~~~~~~~~~~~~~~~~~~~~~~~~~~~~~~~~~~~~~~~~~~~~~~~~~~~~~~~~~~~~~~~~~~~~~
BEFORE getting cat idx
Nominal Index : None
Ordinal Index : [1, 2, 3]
Cat Idx : [1, 2, 3]
Cat dims : []
~~~~~~~~~~~~~~~~~~~~~~~~~~~~~~~~~~~~~~~~~~~~~~~~~~~~~~~~~~~~~~~~~~~~~~~~~~~~~~~ 


AFTER SEPARATING CATEGORICALS AND NUMERICALS
Ordinal Index : [1, 2, 3]
Numerical Index V1 : [0, 4, 5, 6, 7, 8]
Cat Idx V1 : [1, 2, 3] 
Cat Dims V1 : []
 

~~~~~~~~~~~~~~~~~~~~~~~~~~~~~~~~~~~~~~~~~~~~~~~~~~~~~~~~~~~~~~~~~~~~~~~~~~~~~~~ 


Scaling the data...
~~~~~~~~~~~~~~~~~~~~~~~~~~~~~~~~~~~~~~~~~~~~~~~~~~~~~~~~~~~~~~~~~~~~~~~~~~~~~~~
After OHE
Numerical Index V2 : [0, 4, 5, 6, 7, 8] 


OHE Idx : None


Ordinal Idx V2: [1, 2, 3]


Cat Dims V2 : []
Cat Idx V2 : [1, 2, 3] 
 

Train: [[0.619933549514922 'Very Good' 'I' 'SI1' 1.017332292395879]
 [-1.1983159231295304 'Ideal' 'G' 'VVS1' -0.16382343362779506]
 [0.47193649941595484 'Premium' 'F' 'VS1' 0.11409556073071503]
 [0.8525003425275842 'Very Good' 'H' 'VS2' 1.017332292395879]
 [-0.2046214438936089 'Good' 'H' 'VVS2' 0.25305505790997257]
 [1.4867734143803002 'Very Good' 'E' 'VS2' -1.5534184054203504]
 [0.02794534911905379 'Good' 'G' 'SI2' -0.5112221765759339]
 [-0.16233657243676114 'Very Good' 'J' 'VS2' 1.017332292395879]
 [0.45079406368753094 'Premium' 'E' 'VS1' -0.6501816737551914]
 [-0.03548195806621785 'Very Good' 'G' 'SI1' 0.8783727952166215]] 
 
 
Val : (17261, 9) 
 

~~~~~~~~~~~~~~~~~~~~~~~~~~~~~~~~~~~~~~~~~~~~~~~~~~~~~~~~~~~~~~~~~~~~~~~~~~~~~~~
Ordinal Encoding...
Cat Idx V3 : [1, 2, 3] 
 

~~~~~~~~~~~~~~~~~~~~~~~~~~~~~~~~~~~~~~~~~~~~~~~~~~~~~~~~~~~~~~~~~~~~~~~~~~~~~~~
After ORDINAL
Numerical Index V2 : [0, 4, 5, 6, 7, 8] 


OHE Idx : None


Ordinal Idx V2: [1, 2, 3]


Cat Dims V2 : [6, 8, 9]
Cat Idx V2 : [1, 2, 3] 
 

Train: [[0.619933549514922 3 2 3 1.017332292395879 0.6935866532528318
  0.7243868238818078 0.6475796384728195 0.8004884096495952]
 [-1.1983159231295304 5 4 7 -0.16382343362779506 -0.20555297714736842
  -1.599769825435883 -1.4928043826304394 -1.524188061854345]
 [0.47193649941595484 4 5 5 0.11409556073071503 0.2440168380527317
  0.6439352475592725 0.6475796384728195 0.6491781067706401]
 [0.8525003425275842 3 3 4 1.017332292395879 -1.5542624227476687
  0.8942290405627163 0.8844600834961054 1.006820640848169]
 [-0.2046214438936089 2 3 6 0.25305505790997257 2.941435729253332
  -0.0980070674152212 -0.07152171249072566 -0.05235147930451317]
 [1.4867734143803002 3 6 4 -1.5534184054203504 0.2440168380527317
  1.5289025871071626 1.4766611960543194 1.2406638362065547]
 [0.02794534911905379 2 4 2 -0.5112221765759339 1.592726283653032
  0.18804298173157177 0.21611882789469242 0.14022526981415662]
 [-0.16233657243676114 3 1 4 1.017332292395879 1.1431564684529318
  0.03607889312233741 -0.029221633022281947 0.12646978773425133]
 [0.45079406368753094 4 6 5 -0.6501816737551914 0.6935866532528318
  0.6528743115951096 0.5798995113233093 0.5253787680514955]
 [-0.03548195806621785 3 4 3 0.8783727952166215 0.2440168380527317
  0.0807742133015244 0.1061386212767385 0.19524719813377656]] 
 
 
Val : (17261, 9) 
 

FINISHED ENCODING
~~~~~~~~~~~~~~~~~~~~~~~~~~~~~~~~~~~~~~~~~~~~~~~~~~~~~~~~~~~~~~~~~~~~~~~~~~~~~~~


~~~~~~~~~~~~~~~~~~~~~~~~~~~~~~~~~~~~~~~~~~~~~~~~~~~~~~~~~~~~~~~~~~~~~~~~~~~~~~~
Test numpy array issues
X dtype: object
X Val dtype: object
X dtype: float32
X Val dtype: float32
After Debugging -- Inner Fold 4
DEBUG Inner Fold 4: num_features: 9
DEBUG Inner Fold 4: num_classes: 1
DEBUG Inner Fold 4: cat_idx: [1, 2, 3]
DEBUG Inner Fold 4: nominal_idx: None
DEBUG Inner Fold 4: ordinal_idx: [1, 2, 3]
DEBUG Inner Fold 4: num_idx: [0, 4, 5, 6, 7, 8]
DEBUG Inner Fold 4: cat_dims: [6, 8, 9]
DEBUG Inner Fold 4: bin_alt: None
In get_device
On Device: cuda
**** Data b4 Fitting ****
Train Data b4 training...
X: <class 'numpy.ndarray'> , y : (<class 'numpy.ndarray'>,), X_val: <class 'numpy.ndarray'> , y : <class 'numpy.ndarray'>

Train Data after...
X: <class 'torch.Tensor'> , y : (<class 'torch.Tensor'>,), X_val: <class 'torch.Tensor'> , y : <class 'torch.Tensor'>

Inner Fold 4 Results: {'MSE - mean': 31123250.786322556, 'MSE - std': 517298.43030952185, 'R2 - mean': -0.962328939763158, 'R2 - std': 0.004450397216174202}
  outer_3_inner Fold 5/5
Before Debugging -- Inner Fold 5
DEBUG Inner Fold 5: num_features: 9
DEBUG Inner Fold 5: num_classes: 1
DEBUG Inner Fold 5: cat_idx: [0]
DEBUG Inner Fold 5: nominal_idx: None
DEBUG Inner Fold 5: ordinal_idx: [1, 2, 3]
DEBUG Inner Fold 5: num_idx: None
DEBUG Inner Fold 5: cat_dims: [2]
DEBUG Inner Fold 5: bin_alt: None
~~~~~~~~~~~~~~~~~~~~~~~~~~~~~~~~~~~~~~~~~~~~~~~~~~~~~~~~~~~~~~~~~~~~~~~~~~~~~~~
BEFORE ANY ENCODING
num_features :9
num_classes : 1
cat_idx : [0]
nominal_idx : None
ordinal_idx : [1, 2, 3]
num_idx : None
cat_dims : [2]
bin_alt : None 


X_train shape : (17261, 9)
~~~~~~~~~~~~~~~~~~~~~~~~~~~~~~~~~~~~~~~~~~~~~~~~~~~~~~~~~~~~~~~~~~~~~~~~~~~~~~~
~~~~~~~~~~~~~~~~~~~~~~~~~~~~~~~~~~~~~~~~~~~~~~~~~~~~~~~~~~~~~~~~~~~~~~~~~~~~~~~
AFTER getting cat idx
Nominal Index : None
Ordinal Index : [1, 2, 3]
Cat Idx : [0]
Cat dims : [2]
~~~~~~~~~~~~~~~~~~~~~~~~~~~~~~~~~~~~~~~~~~~~~~~~~~~~~~~~~~~~~~~~~~~~~~~~~~~~~~~
BEFORE getting cat idx
Nominal Index : None
Ordinal Index : [1, 2, 3]
Cat Idx : [1, 2, 3]
Cat dims : []
~~~~~~~~~~~~~~~~~~~~~~~~~~~~~~~~~~~~~~~~~~~~~~~~~~~~~~~~~~~~~~~~~~~~~~~~~~~~~~~ 


AFTER SEPARATING CATEGORICALS AND NUMERICALS
Ordinal Index : [1, 2, 3]
Numerical Index V1 : [0, 4, 5, 6, 7, 8]
Cat Idx V1 : [1, 2, 3] 
Cat Dims V1 : []
 

~~~~~~~~~~~~~~~~~~~~~~~~~~~~~~~~~~~~~~~~~~~~~~~~~~~~~~~~~~~~~~~~~~~~~~~~~~~~~~~ 


Scaling the data...
~~~~~~~~~~~~~~~~~~~~~~~~~~~~~~~~~~~~~~~~~~~~~~~~~~~~~~~~~~~~~~~~~~~~~~~~~~~~~~~
After OHE
Numerical Index V2 : [0, 4, 5, 6, 7, 8] 


OHE Idx : None


Ordinal Idx V2: [1, 2, 3]


Cat Dims V2 : []
Cat Idx V2 : [1, 2, 3] 
 

Train: [[0.4724994041046959 'Premium' 'F' 'VS1' 0.10794110061547957]
 [-0.20154162642257425 'Good' 'H' 'VVS2' 0.2462765750724545]
 [-0.6017534882981407 'Ideal' 'F' 'VS2' -0.791239483354843]
 [0.030159977821175004 'Good' 'G' 'SI2' -0.5145685344408979]
 [-0.15941406201461986 'Very Good' 'J' 'VS2' 1.0071216845858069]
 [1.5256885143035552 'Premium' 'E' 'SI1' 0.5229475239863995]
 [0.6831372261444679 'Premium' 'G' 'SI2' -0.5145685344408979]
 [0.8516474837762851 'Very Good' 'F' 'VS2' 0.592115261214887]
 [-0.07515893319871103 'Good' 'D' 'VS2' 1.2146248962712645]
 [-1.0230291323776846 'Premium' 'D' 'IF' -1.067910432268788]] 
 
 
Val : (17261, 9) 
 

~~~~~~~~~~~~~~~~~~~~~~~~~~~~~~~~~~~~~~~~~~~~~~~~~~~~~~~~~~~~~~~~~~~~~~~~~~~~~~~
Ordinal Encoding...
Cat Idx V3 : [1, 2, 3] 
 

~~~~~~~~~~~~~~~~~~~~~~~~~~~~~~~~~~~~~~~~~~~~~~~~~~~~~~~~~~~~~~~~~~~~~~~~~~~~~~~
After ORDINAL
Numerical Index V2 : [0, 4, 5, 6, 7, 8] 


OHE Idx : None


Ordinal Idx V2: [1, 2, 3]


Cat Dims V2 : [6, 8, 9]
Cat Idx V2 : [1, 2, 3] 
 

Train: [[0.4724994041046959 4 5 5 0.10794110061547957 0.2506764659250819
  0.6463170429773962 0.6938985301146872 0.6524992986311963]
 [-0.20154162642257425 2 3 6 0.2462765750724545 2.96121717066479
  -0.09369530747892056 -0.06917448239734655 -0.048953682687475505]
 [-0.6017534882981407 5 5 4 -0.791239483354843 -0.6528371023214874
  -0.47707519988400005 -0.5000863012276721 -0.5440969636183027]
 [0.030159977821175004 2 4 2 -0.5145685344408979 1.6059468182949357
  0.19161065896206927 0.23605472260746693 0.14360203767451307]
 [-0.15941406201461986 3 1 4 1.0071216845858069 1.1541900341716511
  0.040041864290292835 -0.02428783460252118 0.12984805764865645]
 [1.5256885143035552 4 6 3 0.5229475239863995 0.7024332500483665
  1.4309084506901175 1.376175576596035 1.4089682000532935]
 [0.6831372261444679 4 4 2 -0.5145685344408979 1.1541900341716511
  0.8692123292594194 0.8195811439401984 0.7350231787863348]
 [0.8516474837762851 3 5 4 0.592115261214887 -0.6528371023214874
  0.8959597636132623 0.9452637577657104 0.9550868592000361]
 [-0.07515893319871103 2 7 4 1.2146248962712645 -1.104593886444772
  0.07570511009541657 0.11037210878195494 0.22612591782965105]
 [-1.0230291323776846 4 7 8 -1.067910432268788 0.7024332500483665
  -1.1635926816326316 -1.2003180068269506 -1.2180419848852624]] 
 
 
Val : (17261, 9) 
 

FINISHED ENCODING
~~~~~~~~~~~~~~~~~~~~~~~~~~~~~~~~~~~~~~~~~~~~~~~~~~~~~~~~~~~~~~~~~~~~~~~~~~~~~~~


~~~~~~~~~~~~~~~~~~~~~~~~~~~~~~~~~~~~~~~~~~~~~~~~~~~~~~~~~~~~~~~~~~~~~~~~~~~~~~~
Test numpy array issues
X dtype: object
X Val dtype: object
X dtype: float32
X Val dtype: float32
After Debugging -- Inner Fold 5
DEBUG Inner Fold 5: num_features: 9
DEBUG Inner Fold 5: num_classes: 1
DEBUG Inner Fold 5: cat_idx: [1, 2, 3]
DEBUG Inner Fold 5: nominal_idx: None
DEBUG Inner Fold 5: ordinal_idx: [1, 2, 3]
DEBUG Inner Fold 5: num_idx: [0, 4, 5, 6, 7, 8]
DEBUG Inner Fold 5: cat_dims: [6, 8, 9]
DEBUG Inner Fold 5: bin_alt: None
In get_device
On Device: cuda
**** Data b4 Fitting ****
Train Data b4 training...
X: <class 'numpy.ndarray'> , y : (<class 'numpy.ndarray'>,), X_val: <class 'numpy.ndarray'> , y : <class 'numpy.ndarray'>

Train Data after...
X: <class 'torch.Tensor'> , y : (<class 'torch.Tensor'>,), X_val: <class 'torch.Tensor'> , y : <class 'torch.Tensor'>

Inner Fold 5 Results: {'MSE - mean': 31057239.9708804, 'MSE - std': 481152.6200925319, 'R2 - mean': -0.9702185306348596, 'R2 - std': 0.01627351851311595}
Trial Results B4 Saving: {'MSE - mean': 31057239.9708804, 'MSE - std': 481152.6200925319, 'R2 - mean': -0.9702185306348596, 'R2 - std': 0.01627351851311595}
Score: 31057239.9708804
Best Hyperparameters found for Outer Fold 3: {'learning_rate': 0.005211970296231711, 'weight_decay': 1.0756377751388832e-06}
Best Inner CV Score : 25600658.1993
Hyperparameter Optimization for Outer Fold 3 finished in 248.04 seconds.
Before Debugging -- Outer Fold 3
DEBUG Outer Fold 3: num_features: 9
DEBUG Outer Fold 3: num_classes: 1
DEBUG Outer Fold 3: cat_idx: [0]
DEBUG Outer Fold 3: nominal_idx: None
DEBUG Outer Fold 3: ordinal_idx: [1, 2, 3]
DEBUG Outer Fold 3: num_idx: None
DEBUG Outer Fold 3: cat_dims: [2]
DEBUG Outer Fold 3: bin_alt: None
~~~~~~~~~~~~~~~~~~~~~~~~~~~~~~~~~~~~~~~~~~~~~~~~~~~~~~~~~~~~~~~~~~~~~~~~~~~~~~~
BEFORE ANY ENCODING
num_features :9
num_classes : 1
cat_idx : [0]
nominal_idx : None
ordinal_idx : [1, 2, 3]
num_idx : None
cat_dims : [2]
bin_alt : None 


X_train shape : (21576, 9)
~~~~~~~~~~~~~~~~~~~~~~~~~~~~~~~~~~~~~~~~~~~~~~~~~~~~~~~~~~~~~~~~~~~~~~~~~~~~~~~
~~~~~~~~~~~~~~~~~~~~~~~~~~~~~~~~~~~~~~~~~~~~~~~~~~~~~~~~~~~~~~~~~~~~~~~~~~~~~~~
AFTER getting cat idx
Nominal Index : None
Ordinal Index : [1, 2, 3]
Cat Idx : [0]
Cat dims : [2]
~~~~~~~~~~~~~~~~~~~~~~~~~~~~~~~~~~~~~~~~~~~~~~~~~~~~~~~~~~~~~~~~~~~~~~~~~~~~~~~
BEFORE getting cat idx
Nominal Index : None
Ordinal Index : [1, 2, 3]
Cat Idx : [1, 2, 3]
Cat dims : []
~~~~~~~~~~~~~~~~~~~~~~~~~~~~~~~~~~~~~~~~~~~~~~~~~~~~~~~~~~~~~~~~~~~~~~~~~~~~~~~ 


AFTER SEPARATING CATEGORICALS AND NUMERICALS
Ordinal Index : [1, 2, 3]
Numerical Index V1 : [0, 4, 5, 6, 7, 8]
Cat Idx V1 : [1, 2, 3] 
Cat Dims V1 : []
 

~~~~~~~~~~~~~~~~~~~~~~~~~~~~~~~~~~~~~~~~~~~~~~~~~~~~~~~~~~~~~~~~~~~~~~~~~~~~~~~ 


Scaling the data...
~~~~~~~~~~~~~~~~~~~~~~~~~~~~~~~~~~~~~~~~~~~~~~~~~~~~~~~~~~~~~~~~~~~~~~~~~~~~~~~
After OHE
Numerical Index V2 : [0, 4, 5, 6, 7, 8] 


OHE Idx : None


Ordinal Idx V2: [1, 2, 3]


Cat Dims V2 : []
Cat Idx V2 : [1, 2, 3] 
 

Train: [[0.6190993885959705 'Very Good' 'I' 'SI1' 1.0145648708241435]
 [-1.1966817542053276 'Ideal' 'G' 'VVS1' -0.16462013136014447]
 [0.47130324906563215 'Premium' 'F' 'VS1' 0.11283516327145125]
 [0.8513504650007874 'Very Good' 'H' 'VS2' 1.0145648708241435]
 [-0.20433624593019975 'Good' 'H' 'VVS2' 0.25156281058725155]
 [1.4847624915593798 'Very Good' 'E' 'VS2' -1.551896604518128]
 [-0.6054971960839748 'Ideal' 'F' 'VS2' -0.7888945442812361]
 [0.027914830474617628 'Good' 'G' 'SI2' -0.5114392496496404]
 [-0.16210877749296024 'Very Good' 'J' 'VS2' 1.0145648708241435]
 [0.4501895148470124 'Premium' 'E' 'VS1' -0.6501668969654406]] 
 
 
Val : (21576, 9) 
 

~~~~~~~~~~~~~~~~~~~~~~~~~~~~~~~~~~~~~~~~~~~~~~~~~~~~~~~~~~~~~~~~~~~~~~~~~~~~~~~
Ordinal Encoding...
Cat Idx V3 : [1, 2, 3] 
 

~~~~~~~~~~~~~~~~~~~~~~~~~~~~~~~~~~~~~~~~~~~~~~~~~~~~~~~~~~~~~~~~~~~~~~~~~~~~~~~
After ORDINAL
Numerical Index V2 : [0, 4, 5, 6, 7, 8] 


OHE Idx : None


Ordinal Idx V2: [1, 2, 3]


Cat Dims V2 : [6, 8, 9]
Cat Idx V2 : [1, 2, 3] 
 

Train: [[0.6190993885959705 3 2 3 1.0145648708241435 0.694810824037516
  0.7239641012865092 0.6554979776550255 0.808088734389265]
 [-1.1966817542053276 5 4 7 -0.16462013136014447 -0.2048371083794487
  -1.596824982306171 -1.5074675161676423 -1.5366889034196838]
 [0.47130324906563215 4 5 5 0.11283516327145125 0.24498685782903365
  0.6436290945467626 0.6554979776550255 0.6554700715732974]
 [0.8513504650007874 3 3 4 1.0145648708241435 -1.5543090070048957
  0.8935602266259747 0.8948775579990363 1.0162050927746737]
 [-0.20433624593019975 2 3 6 0.25156281058725155 2.943930655079928
  -0.0972381898309007 -0.0711900341035781 -0.05212554693709513]
 [1.4847624915593798 3 6 4 -1.551896604518128 0.24498685782903365
  1.5273141686839757 1.4933265088590633 1.252070298944806]
 [-0.6054971960839748 5 5 4 -0.7888945442812361 -0.6546610745879311
  -0.48106099980968986 -0.48155502897902536 -0.5516048070620782]
 [0.027914830474617628 2 4 2 -0.5114392496496404 1.5944587564544808
  0.18839738968819866 0.2194851705998633 0.14211638755595404]
 [-0.16210877749296024 3 1 4 1.0145648708241435 1.1446347902459983
  0.036653488068676535 -0.028443680470719206 0.12824196366359308]
 [0.4501895148470124 4 6 5 -0.6501668969654406 0.694810824037516
  0.6525552064067344 0.5871038118424509 0.5306002565420518]] 
 
 
Val : (21576, 9) 
 

FINISHED ENCODING
~~~~~~~~~~~~~~~~~~~~~~~~~~~~~~~~~~~~~~~~~~~~~~~~~~~~~~~~~~~~~~~~~~~~~~~~~~~~~~~


~~~~~~~~~~~~~~~~~~~~~~~~~~~~~~~~~~~~~~~~~~~~~~~~~~~~~~~~~~~~~~~~~~~~~~~~~~~~~~~
Test numpy array issues
X dtype: object
X Val dtype: object
X dtype: float32
X Val dtype: float32
After Debugging -- Outer Fold 3
DEBUG Outer Fold 3: num_features: 9
DEBUG Outer Fold 3: num_classes: 1
DEBUG Outer Fold 3: cat_idx: [1, 2, 3]
DEBUG Outer Fold 3: nominal_idx: None
DEBUG Outer Fold 3: ordinal_idx: [1, 2, 3]
DEBUG Outer Fold 3: num_idx: [0, 4, 5, 6, 7, 8]
DEBUG Outer Fold 3: cat_dims: [6, 8, 9]
DEBUG Outer Fold 3: bin_alt: None
Training final model for Outer Fold 3...
In get_device
On Device: cuda
Train Data b4 training...
X: <class 'numpy.ndarray'> , y : (<class 'numpy.ndarray'>,), X_val: <class 'numpy.ndarray'> , y : <class 'numpy.ndarray'>

Train Data after...
X: <class 'torch.Tensor'> , y : (<class 'torch.Tensor'>,), X_val: <class 'torch.Tensor'> , y : <class 'torch.Tensor'>

Evaluating final model on Outer Test Set for Fold 3...
Outer Fold 3 Results: {'MSE - mean': 24230385.929218315, 'MSE - std': 0.0, 'R2 - mean': -0.4943522822828408, 'R2 - std': 0.0}

--- Outer Fold 4/2 ---
Starting Hyperparameter Optimization for Outer Fold 4...
  outer_4_inner Fold 1/5
Before Debugging -- Inner Fold 1
DEBUG Inner Fold 1: num_features: 9
DEBUG Inner Fold 1: num_classes: 1
DEBUG Inner Fold 1: cat_idx: [0]
DEBUG Inner Fold 1: nominal_idx: None
DEBUG Inner Fold 1: ordinal_idx: [1, 2, 3]
DEBUG Inner Fold 1: num_idx: None
DEBUG Inner Fold 1: cat_dims: [2]
DEBUG Inner Fold 1: bin_alt: None
~~~~~~~~~~~~~~~~~~~~~~~~~~~~~~~~~~~~~~~~~~~~~~~~~~~~~~~~~~~~~~~~~~~~~~~~~~~~~~~
BEFORE ANY ENCODING
num_features :9
num_classes : 1
cat_idx : [0]
nominal_idx : None
ordinal_idx : [1, 2, 3]
num_idx : None
cat_dims : [2]
bin_alt : None 


X_train shape : (17260, 9)
~~~~~~~~~~~~~~~~~~~~~~~~~~~~~~~~~~~~~~~~~~~~~~~~~~~~~~~~~~~~~~~~~~~~~~~~~~~~~~~
~~~~~~~~~~~~~~~~~~~~~~~~~~~~~~~~~~~~~~~~~~~~~~~~~~~~~~~~~~~~~~~~~~~~~~~~~~~~~~~
AFTER getting cat idx
Nominal Index : None
Ordinal Index : [1, 2, 3]
Cat Idx : [0]
Cat dims : [2]
~~~~~~~~~~~~~~~~~~~~~~~~~~~~~~~~~~~~~~~~~~~~~~~~~~~~~~~~~~~~~~~~~~~~~~~~~~~~~~~
BEFORE getting cat idx
Nominal Index : None
Ordinal Index : [1, 2, 3]
Cat Idx : [1, 2, 3]
Cat dims : []
~~~~~~~~~~~~~~~~~~~~~~~~~~~~~~~~~~~~~~~~~~~~~~~~~~~~~~~~~~~~~~~~~~~~~~~~~~~~~~~ 


AFTER SEPARATING CATEGORICALS AND NUMERICALS
Ordinal Index : [1, 2, 3]
Numerical Index V1 : [0, 4, 5, 6, 7, 8]
Cat Idx V1 : [1, 2, 3] 
Cat Dims V1 : []
 

~~~~~~~~~~~~~~~~~~~~~~~~~~~~~~~~~~~~~~~~~~~~~~~~~~~~~~~~~~~~~~~~~~~~~~~~~~~~~~~ 


Scaling the data...
~~~~~~~~~~~~~~~~~~~~~~~~~~~~~~~~~~~~~~~~~~~~~~~~~~~~~~~~~~~~~~~~~~~~~~~~~~~~~~~
After OHE
Numerical Index V2 : [0, 4, 5, 6, 7, 8] 


OHE Idx : None


Ordinal Idx V2: [1, 2, 3]


Cat Dims V2 : []
Cat Idx V2 : [1, 2, 3] 
 

Train: [[0.6056122183850853 'Very Good' 'I' 'SI1' 1.0026432502504303]
 [-1.2074014203259351 'Ideal' 'G' 'VVS1' -0.17231085112176278]
 [0.8375093117085876 'Very Good' 'H' 'VS2' 1.0026432502504303]
 [-0.21656838521642416 'Good' 'H' 'VVS2' 0.24237883171548216]
 [1.4699559298635947 'Very Good' 'E' 'VS2' -1.554609793912576]
 [0.01532870810707863 'Good' 'G' 'SI2' -0.5178855868194661]
 [-0.17440527733942365 'Very Good' 'J' 'VS2' 1.0026432502504303]
 [1.5121190377405953 'Premium' 'E' 'SI1' 0.5188386202736438]
 [-0.04791595370842213 'Very Good' 'G' 'SI1' 0.8644133559713472]
 [-1.0387489888179333 'Ideal' 'H' 'VS2' 0.31149377885502383]] 
 
 
Val : (17260, 9) 
 

~~~~~~~~~~~~~~~~~~~~~~~~~~~~~~~~~~~~~~~~~~~~~~~~~~~~~~~~~~~~~~~~~~~~~~~~~~~~~~~
Ordinal Encoding...
Cat Idx V3 : [1, 2, 3] 
 

~~~~~~~~~~~~~~~~~~~~~~~~~~~~~~~~~~~~~~~~~~~~~~~~~~~~~~~~~~~~~~~~~~~~~~~~~~~~~~~
After ORDINAL
Numerical Index V2 : [0, 4, 5, 6, 7, 8] 


OHE Idx : None


Ordinal Idx V2: [1, 2, 3]


Cat Dims V2 : [6, 8, 9]
Cat Idx V2 : [1, 2, 3] 
 

Train: [[0.6056122183850853 3 2 3 1.0026432502504303 0.6910429737359822
  0.7112260024593693 0.625830308316474 0.7857819795166546]
 [-1.2074014203259351 5 4 7 -0.17231085112176278 -0.20581483819738808
  -1.6111843293425183 -1.4840684715020724 -1.533401201652985]
 [0.8375093117085876 3 3 4 1.0026432502504303 -1.5511015560974435
  0.8809406036295075 0.8593368926442185 0.9916266405672136]
 [-0.21656838521642416 2 3 6 0.24237883171548216 2.9331875035694077
  -0.11054996110129857 -0.08302896553560661 -0.0650426194923258]
 [1.4699559298635947 3 6 4 -1.554609793912576 0.24261406776929706
  1.515137271160023 1.4431033534635793 1.2249172564245159]
 [0.01532870810707863 2 4 2 -0.5178855868194661 1.5879007856693526
  0.17528515665893402 0.20051474400522562 0.12707906415486347]
 [-0.17440527733942365 3 1 4 1.0026432502504303 1.1394718797026673
  0.023435250348809854 -0.04133136119136671 0.1133560867514925]
 [1.5121190377405953 4 6 3 0.5188386202736438 0.6910429737359822
  1.4168814494299429 1.2596338943489227 1.3895929852649624]
 [-0.04791595370842213 3 4 3 0.8644133559713472 0.24261406776929706
  0.06809698749884678 0.09210097271020158 0.18197097376834612]
 [-1.0387489888179333 5 3 4 0.31149377885502383 -1.1026726501307584
  -1.209228694992192 -1.158827157617 -1.1354348569552362]] 
 
 
Val : (17260, 9) 
 

FINISHED ENCODING
~~~~~~~~~~~~~~~~~~~~~~~~~~~~~~~~~~~~~~~~~~~~~~~~~~~~~~~~~~~~~~~~~~~~~~~~~~~~~~~


~~~~~~~~~~~~~~~~~~~~~~~~~~~~~~~~~~~~~~~~~~~~~~~~~~~~~~~~~~~~~~~~~~~~~~~~~~~~~~~
Test numpy array issues
X dtype: object
X Val dtype: object
X dtype: float32
X Val dtype: float32
After Debugging -- Inner Fold 1
DEBUG Inner Fold 1: num_features: 9
DEBUG Inner Fold 1: num_classes: 1
DEBUG Inner Fold 1: cat_idx: [1, 2, 3]
DEBUG Inner Fold 1: nominal_idx: None
DEBUG Inner Fold 1: ordinal_idx: [1, 2, 3]
DEBUG Inner Fold 1: num_idx: [0, 4, 5, 6, 7, 8]
DEBUG Inner Fold 1: cat_dims: [6, 8, 9]
DEBUG Inner Fold 1: bin_alt: None
In get_device
On Device: cuda
**** Data b4 Fitting ****
Train Data b4 training...
X: <class 'numpy.ndarray'> , y : (<class 'numpy.ndarray'>,), X_val: <class 'numpy.ndarray'> , y : <class 'numpy.ndarray'>

Train Data after...
X: <class 'torch.Tensor'> , y : (<class 'torch.Tensor'>,), X_val: <class 'torch.Tensor'> , y : <class 'torch.Tensor'>

Inner Fold 1 Results: {'MSE - mean': 30716765.00460056, 'MSE - std': 0.0, 'R2 - mean': -0.9550590720044851, 'R2 - std': 0.0}
  outer_4_inner Fold 2/5
Before Debugging -- Inner Fold 2
DEBUG Inner Fold 2: num_features: 9
DEBUG Inner Fold 2: num_classes: 1
DEBUG Inner Fold 2: cat_idx: [0]
DEBUG Inner Fold 2: nominal_idx: None
DEBUG Inner Fold 2: ordinal_idx: [1, 2, 3]
DEBUG Inner Fold 2: num_idx: None
DEBUG Inner Fold 2: cat_dims: [2]
DEBUG Inner Fold 2: bin_alt: None
~~~~~~~~~~~~~~~~~~~~~~~~~~~~~~~~~~~~~~~~~~~~~~~~~~~~~~~~~~~~~~~~~~~~~~~~~~~~~~~
BEFORE ANY ENCODING
num_features :9
num_classes : 1
cat_idx : [0]
nominal_idx : None
ordinal_idx : [1, 2, 3]
num_idx : None
cat_dims : [2]
bin_alt : None 


X_train shape : (17261, 9)
~~~~~~~~~~~~~~~~~~~~~~~~~~~~~~~~~~~~~~~~~~~~~~~~~~~~~~~~~~~~~~~~~~~~~~~~~~~~~~~
~~~~~~~~~~~~~~~~~~~~~~~~~~~~~~~~~~~~~~~~~~~~~~~~~~~~~~~~~~~~~~~~~~~~~~~~~~~~~~~
AFTER getting cat idx
Nominal Index : None
Ordinal Index : [1, 2, 3]
Cat Idx : [0]
Cat dims : [2]
~~~~~~~~~~~~~~~~~~~~~~~~~~~~~~~~~~~~~~~~~~~~~~~~~~~~~~~~~~~~~~~~~~~~~~~~~~~~~~~
BEFORE getting cat idx
Nominal Index : None
Ordinal Index : [1, 2, 3]
Cat Idx : [1, 2, 3]
Cat dims : []
~~~~~~~~~~~~~~~~~~~~~~~~~~~~~~~~~~~~~~~~~~~~~~~~~~~~~~~~~~~~~~~~~~~~~~~~~~~~~~~ 


AFTER SEPARATING CATEGORICALS AND NUMERICALS
Ordinal Index : [1, 2, 3]
Numerical Index V1 : [0, 4, 5, 6, 7, 8]
Cat Idx V1 : [1, 2, 3] 
Cat Dims V1 : []
 

~~~~~~~~~~~~~~~~~~~~~~~~~~~~~~~~~~~~~~~~~~~~~~~~~~~~~~~~~~~~~~~~~~~~~~~~~~~~~~~ 


Scaling the data...
~~~~~~~~~~~~~~~~~~~~~~~~~~~~~~~~~~~~~~~~~~~~~~~~~~~~~~~~~~~~~~~~~~~~~~~~~~~~~~~
After OHE
Numerical Index V2 : [0, 4, 5, 6, 7, 8] 


OHE Idx : None


Ordinal Idx V2: [1, 2, 3]


Cat Dims V2 : []
Cat Idx V2 : [1, 2, 3] 
 

Train: [[0.607785970610672 'Very Good' 'I' 'SI1' 1.0121977008062089]
 [-1.2053462121385907 'Ideal' 'G' 'VVS1' -0.16941101609055764]
 [0.4602054441078249 'Premium' 'F' 'VS1' 0.10861456435573892]
 [0.8396982265437168 'Very Good' 'H' 'VS2' 1.0121977008062089]
 [1.472186197270204 'Very Good' 'E' 'VS2' -1.5595389183220454]
 [0.017463864599284118 'Good' 'G' 'SI2' -0.5169429916484296]
 [0.2493761205323293 'Good' 'E' 'SI2' 0.03910816924416355]
 [1.514352061985303 'Premium' 'E' 'SI1' 0.5256529350251863]
 [-0.04578493247336463 'Very Good' 'G' 'SI1' 0.8731849105830582]
 [-1.0366827532781941 'Ideal' 'H' 'VS2' 0.31713374969046504]] 
 
 
Val : (17261, 9) 
 

~~~~~~~~~~~~~~~~~~~~~~~~~~~~~~~~~~~~~~~~~~~~~~~~~~~~~~~~~~~~~~~~~~~~~~~~~~~~~~~
Ordinal Encoding...
Cat Idx V3 : [1, 2, 3] 
 

~~~~~~~~~~~~~~~~~~~~~~~~~~~~~~~~~~~~~~~~~~~~~~~~~~~~~~~~~~~~~~~~~~~~~~~~~~~~~~~
After ORDINAL
Numerical Index V2 : [0, 4, 5, 6, 7, 8] 


OHE Idx : None


Ordinal Idx V2: [1, 2, 3]


Cat Dims V2 : [6, 8, 9]
Cat Idx V2 : [1, 2, 3] 
 

Train: [[0.607785970610672 3 2 3 1.0121977008062089 0.6898283430350188
  0.7121782842340401 0.6368400440057588 0.7882273520529737]
 [-1.2053462121385907 5 4 7 -0.16941101609055764 -0.2135510069308389
  -1.6054154480422937 -1.4982708363668316 -1.5309513670728871]
 [0.4602054441078249 4 5 5 0.10861456435573892 0.23813866805208997
  0.6319538858090902 0.6368400440057588 0.6372748910447811]
 [0.8396982265437168 3 3 4 1.0121977008062089 -1.5686200318796255
  0.8815409031311571 0.8731369003315793 0.994071617064144]
 [1.472186197270204 3 6 4 -1.5595389183220454 0.23813866805208997
  1.5144222684835404 1.4638790411461302 1.2273617840768056]
 [0.017463864599284118 2 4 2 -0.5169429916484296 1.5932076930008765
  0.17734896140104026 0.20644219855515777 0.1295257040172262]
 [0.2493761205323293 2 6 2 0.03910816924416355 0.6898283430350188
  0.3288839362037236 0.3752256673593153 0.3490929200291416]
 [1.514352061985303 4 6 3 0.5256529350251863 0.6898283430350188
  1.4163702259641568 1.2782172254615567 1.3920371960857416]
 [-0.04578493247336463 3 4 3 0.8731849105830582 0.23813866805208997
  0.07038309683444016 0.09673294383245558 0.18441750802020523]
 [-1.0366827532781941 5 3 4 0.31713374969046504 -1.1169303568966966
  -1.2042934559175438 -1.1691430721987246 -1.1329857880512897]] 
 
 
Val : (17261, 9) 
 

FINISHED ENCODING
~~~~~~~~~~~~~~~~~~~~~~~~~~~~~~~~~~~~~~~~~~~~~~~~~~~~~~~~~~~~~~~~~~~~~~~~~~~~~~~


~~~~~~~~~~~~~~~~~~~~~~~~~~~~~~~~~~~~~~~~~~~~~~~~~~~~~~~~~~~~~~~~~~~~~~~~~~~~~~~
Test numpy array issues
X dtype: object
X Val dtype: object
X dtype: float32
X Val dtype: float32
After Debugging -- Inner Fold 2
DEBUG Inner Fold 2: num_features: 9
DEBUG Inner Fold 2: num_classes: 1
DEBUG Inner Fold 2: cat_idx: [1, 2, 3]
DEBUG Inner Fold 2: nominal_idx: None
DEBUG Inner Fold 2: ordinal_idx: [1, 2, 3]
DEBUG Inner Fold 2: num_idx: [0, 4, 5, 6, 7, 8]
DEBUG Inner Fold 2: cat_dims: [6, 8, 9]
DEBUG Inner Fold 2: bin_alt: None
In get_device
On Device: cuda
**** Data b4 Fitting ****
Train Data b4 training...
X: <class 'numpy.ndarray'> , y : (<class 'numpy.ndarray'>,), X_val: <class 'numpy.ndarray'> , y : <class 'numpy.ndarray'>

Train Data after...
X: <class 'torch.Tensor'> , y : (<class 'torch.Tensor'>,), X_val: <class 'torch.Tensor'> , y : <class 'torch.Tensor'>

Inner Fold 2 Results: {'MSE - mean': 30648474.16445136, 'MSE - std': 68290.84014919773, 'R2 - mean': -0.9574501534172215, 'R2 - std': 0.002391081412736362}
  outer_4_inner Fold 3/5
Before Debugging -- Inner Fold 3
DEBUG Inner Fold 3: num_features: 9
DEBUG Inner Fold 3: num_classes: 1
DEBUG Inner Fold 3: cat_idx: [0]
DEBUG Inner Fold 3: nominal_idx: None
DEBUG Inner Fold 3: ordinal_idx: [1, 2, 3]
DEBUG Inner Fold 3: num_idx: None
DEBUG Inner Fold 3: cat_dims: [2]
DEBUG Inner Fold 3: bin_alt: None
~~~~~~~~~~~~~~~~~~~~~~~~~~~~~~~~~~~~~~~~~~~~~~~~~~~~~~~~~~~~~~~~~~~~~~~~~~~~~~~
BEFORE ANY ENCODING
num_features :9
num_classes : 1
cat_idx : [0]
nominal_idx : None
ordinal_idx : [1, 2, 3]
num_idx : None
cat_dims : [2]
bin_alt : None 


X_train shape : (17261, 9)
~~~~~~~~~~~~~~~~~~~~~~~~~~~~~~~~~~~~~~~~~~~~~~~~~~~~~~~~~~~~~~~~~~~~~~~~~~~~~~~
~~~~~~~~~~~~~~~~~~~~~~~~~~~~~~~~~~~~~~~~~~~~~~~~~~~~~~~~~~~~~~~~~~~~~~~~~~~~~~~
AFTER getting cat idx
Nominal Index : None
Ordinal Index : [1, 2, 3]
Cat Idx : [0]
Cat dims : [2]
~~~~~~~~~~~~~~~~~~~~~~~~~~~~~~~~~~~~~~~~~~~~~~~~~~~~~~~~~~~~~~~~~~~~~~~~~~~~~~~
BEFORE getting cat idx
Nominal Index : None
Ordinal Index : [1, 2, 3]
Cat Idx : [1, 2, 3]
Cat dims : []
~~~~~~~~~~~~~~~~~~~~~~~~~~~~~~~~~~~~~~~~~~~~~~~~~~~~~~~~~~~~~~~~~~~~~~~~~~~~~~~ 


AFTER SEPARATING CATEGORICALS AND NUMERICALS
Ordinal Index : [1, 2, 3]
Numerical Index V1 : [0, 4, 5, 6, 7, 8]
Cat Idx V1 : [1, 2, 3] 
Cat Dims V1 : []
 

~~~~~~~~~~~~~~~~~~~~~~~~~~~~~~~~~~~~~~~~~~~~~~~~~~~~~~~~~~~~~~~~~~~~~~~~~~~~~~~ 


Scaling the data...
~~~~~~~~~~~~~~~~~~~~~~~~~~~~~~~~~~~~~~~~~~~~~~~~~~~~~~~~~~~~~~~~~~~~~~~~~~~~~~~
After OHE
Numerical Index V2 : [0, 4, 5, 6, 7, 8] 


OHE Idx : None


Ordinal Idx V2: [1, 2, 3]


Cat Dims V2 : []
Cat Idx V2 : [1, 2, 3] 
 

Train: [[0.6109382040777849 'Very Good' 'I' 'SI1' 1.0117335995303174]
 [-1.2044798028572623 'Ideal' 'G' 'VVS1' -0.16481653598763063]
 [0.4631716221179553 'Premium' 'F' 'VS1' 0.11201879001659097]
 [0.8431428328718023 'Very Good' 'H' 'VS2' 1.0117335995303174]
 [-0.21233275255555067 'Good' 'H' 'VVS2' 0.2504364530187042]
 [1.476428184128214 'Very Good' 'E' 'VS2' -1.5489931660087435]
 [0.019871876238467166 'Good' 'G' 'SI2' -0.5108606934929089]
 [0.2520765050324848 'Good' 'E' 'SI2' 0.04280995851553434]
 [-0.17011372913845652 'Very Good' 'J' 'VS2' 1.0117335995303174]
 [1.5186472075453081 'Premium' 'E' 'SI1' 0.5272717790229259]] 
 
 
Val : (17261, 9) 
 

~~~~~~~~~~~~~~~~~~~~~~~~~~~~~~~~~~~~~~~~~~~~~~~~~~~~~~~~~~~~~~~~~~~~~~~~~~~~~~~
Ordinal Encoding...
Cat Idx V3 : [1, 2, 3] 
 

~~~~~~~~~~~~~~~~~~~~~~~~~~~~~~~~~~~~~~~~~~~~~~~~~~~~~~~~~~~~~~~~~~~~~~~~~~~~~~~
After ORDINAL
Numerical Index V2 : [0, 4, 5, 6, 7, 8] 


OHE Idx : None


Ordinal Idx V2: [1, 2, 3]


Cat Dims V2 : [6, 8, 9]
Cat Idx V2 : [1, 2, 3] 
 

Train: [[0.6109382040777849 3 2 3 1.0117335995303174 0.6813313073525943
  0.7142979641224916 0.6288798646995667 0.7911297332776006]
 [-1.2044798028572623 5 4 7 -0.16481653598763063 -0.21353102134527316
  -1.6029433099183048 -1.4767369160355326 -1.5275752076465492]
 [0.4631716221179553 4 5 5 0.11201879001659097 0.2339001430036606
  0.6340857661749256 0.6288798646995667 0.6402081099038389]
 [0.8431428328718023 3 3 4 1.0117335995303174 -1.5558245143920744
  0.8836348264562425 0.8619125518955463 0.9969319469690925]
 [-0.21233275255555067 2 3 6 0.2504364530187042 2.918487129097263
  -0.10564894823040555 -0.0785407928596561 -0.05951941664723556]
 [1.476428184128214 3 6 4 -1.5489931660087435 0.2339001430036606
  1.5164199435981522 1.4444942698854948 1.2301744558194518]
 [0.019871876238467166 2 4 2 -0.5108606934929089 1.5761936360504618
  0.17954997780538504 0.20442747016403304 0.13256264946482435]
 [0.2520765050324848 2 6 2 0.04280995851553434 0.6813313073525943
  0.3310619072618986 0.3708793895897327 0.3520850107357494]
 [-0.17011372913845652 3 1 4 1.0117335995303174 1.128762471701528
  0.028038048348870692 -0.03692781300323135 0.11884250188539121]
 [1.5186472075453081 4 6 3 0.5272717790229259 0.6813313073525943
  1.4183828127733489 1.2613971585172248 1.394816226772645]] 
 
 
Val : (17261, 9) 
 

FINISHED ENCODING
~~~~~~~~~~~~~~~~~~~~~~~~~~~~~~~~~~~~~~~~~~~~~~~~~~~~~~~~~~~~~~~~~~~~~~~~~~~~~~~


~~~~~~~~~~~~~~~~~~~~~~~~~~~~~~~~~~~~~~~~~~~~~~~~~~~~~~~~~~~~~~~~~~~~~~~~~~~~~~~
Test numpy array issues
X dtype: object
X Val dtype: object
X dtype: float32
X Val dtype: float32
After Debugging -- Inner Fold 3
DEBUG Inner Fold 3: num_features: 9
DEBUG Inner Fold 3: num_classes: 1
DEBUG Inner Fold 3: cat_idx: [1, 2, 3]
DEBUG Inner Fold 3: nominal_idx: None
DEBUG Inner Fold 3: ordinal_idx: [1, 2, 3]
DEBUG Inner Fold 3: num_idx: [0, 4, 5, 6, 7, 8]
DEBUG Inner Fold 3: cat_dims: [6, 8, 9]
DEBUG Inner Fold 3: bin_alt: None
In get_device
On Device: cuda
**** Data b4 Fitting ****
Train Data b4 training...
X: <class 'numpy.ndarray'> , y : (<class 'numpy.ndarray'>,), X_val: <class 'numpy.ndarray'> , y : <class 'numpy.ndarray'>

Train Data after...
X: <class 'torch.Tensor'> , y : (<class 'torch.Tensor'>,), X_val: <class 'torch.Tensor'> , y : <class 'torch.Tensor'>

Inner Fold 3 Results: {'MSE - mean': 30827454.898138497, 'MSE - std': 259185.83801568943, 'R2 - mean': -0.9646134095139054, 'R2 - std': 0.010316781928565815}
  outer_4_inner Fold 4/5
Before Debugging -- Inner Fold 4
DEBUG Inner Fold 4: num_features: 9
DEBUG Inner Fold 4: num_classes: 1
DEBUG Inner Fold 4: cat_idx: [0]
DEBUG Inner Fold 4: nominal_idx: None
DEBUG Inner Fold 4: ordinal_idx: [1, 2, 3]
DEBUG Inner Fold 4: num_idx: None
DEBUG Inner Fold 4: cat_dims: [2]
DEBUG Inner Fold 4: bin_alt: None
~~~~~~~~~~~~~~~~~~~~~~~~~~~~~~~~~~~~~~~~~~~~~~~~~~~~~~~~~~~~~~~~~~~~~~~~~~~~~~~
BEFORE ANY ENCODING
num_features :9
num_classes : 1
cat_idx : [0]
nominal_idx : None
ordinal_idx : [1, 2, 3]
num_idx : None
cat_dims : [2]
bin_alt : None 


X_train shape : (17261, 9)
~~~~~~~~~~~~~~~~~~~~~~~~~~~~~~~~~~~~~~~~~~~~~~~~~~~~~~~~~~~~~~~~~~~~~~~~~~~~~~~
~~~~~~~~~~~~~~~~~~~~~~~~~~~~~~~~~~~~~~~~~~~~~~~~~~~~~~~~~~~~~~~~~~~~~~~~~~~~~~~
AFTER getting cat idx
Nominal Index : None
Ordinal Index : [1, 2, 3]
Cat Idx : [0]
Cat dims : [2]
~~~~~~~~~~~~~~~~~~~~~~~~~~~~~~~~~~~~~~~~~~~~~~~~~~~~~~~~~~~~~~~~~~~~~~~~~~~~~~~
BEFORE getting cat idx
Nominal Index : None
Ordinal Index : [1, 2, 3]
Cat Idx : [1, 2, 3]
Cat dims : []
~~~~~~~~~~~~~~~~~~~~~~~~~~~~~~~~~~~~~~~~~~~~~~~~~~~~~~~~~~~~~~~~~~~~~~~~~~~~~~~ 


AFTER SEPARATING CATEGORICALS AND NUMERICALS
Ordinal Index : [1, 2, 3]
Numerical Index V1 : [0, 4, 5, 6, 7, 8]
Cat Idx V1 : [1, 2, 3] 
Cat Dims V1 : []
 

~~~~~~~~~~~~~~~~~~~~~~~~~~~~~~~~~~~~~~~~~~~~~~~~~~~~~~~~~~~~~~~~~~~~~~~~~~~~~~~ 


Scaling the data...
~~~~~~~~~~~~~~~~~~~~~~~~~~~~~~~~~~~~~~~~~~~~~~~~~~~~~~~~~~~~~~~~~~~~~~~~~~~~~~~
After OHE
Numerical Index V2 : [0, 4, 5, 6, 7, 8] 


OHE Idx : None


Ordinal Idx V2: [1, 2, 3]


Cat Dims V2 : []
Cat Idx V2 : [1, 2, 3] 
 

Train: [[0.6125849979964727 'Very Good' 'I' 'SI1' 1.0003980256446436]
 [-1.1997198902296093 'Ideal' 'G' 'VVS1' -0.1716044155507287]
 [0.46507180941993104 'Premium' 'F' 'VS1' 0.10416086473053394]
 [0.8443914371881805 'Very Good' 'H' 'VS2' 1.0003980256446436]
 [-0.20927419550140183 'Good' 'H' 'VVS2' 0.24204350487116771]
 [1.4765908168019302 'Very Good' 'E' 'VS2' -1.5504308169570469]
 [0.2543386828820146 'Good' 'E' 'SI2' 0.03521954466021706]
 [-0.1671275701938185 'Very Good' 'J' 'VS2' 1.0003980256446436]
 [1.5187374421095134 'Premium' 'E' 'SI1' 0.5178087851524303]
 [-1.031133388999276 'Ideal' 'H' 'VS2' 0.3109848249414846]] 
 
 
Val : (17261, 9) 
 

~~~~~~~~~~~~~~~~~~~~~~~~~~~~~~~~~~~~~~~~~~~~~~~~~~~~~~~~~~~~~~~~~~~~~~~~~~~~~~~
Ordinal Encoding...
Cat Idx V3 : [1, 2, 3] 
 

~~~~~~~~~~~~~~~~~~~~~~~~~~~~~~~~~~~~~~~~~~~~~~~~~~~~~~~~~~~~~~~~~~~~~~~~~~~~~~~
After ORDINAL
Numerical Index V2 : [0, 4, 5, 6, 7, 8] 


OHE Idx : None


Ordinal Idx V2: [1, 2, 3]


Cat Dims V2 : [6, 8, 9]
Cat Idx V2 : [1, 2, 3] 
 

Train: [[0.6125849979964727 3 2 3 1.0003980256446436 0.6818477980138942
  0.7181266017086537 0.6743891293634702 0.8336327416079901]
 [-1.1997198902296093 5 4 7 -0.1716044155507287 -0.2148391480233909
  -1.5992879928108343 -1.5617274544070479 -1.5944838069437477]
 [0.46507180941993104 4 5 5 0.10416086473053394 0.23350432499525162
  0.6379084042060562 0.6743891293634702 0.6755896526490007]
 [0.8443914371881805 3 3 4 1.0003980256446436 -1.5598695670793186
  0.8874761297696936 0.9218644825080338 1.0491460447338832]
 [-0.20927419550140183 2 3 6 0.24204350487116771 2.923565163107107
  -0.10188163942901116 -0.07687533553966802 -0.05715557797903817]
 [1.4765908168019302 3 6 4 -1.5504308169570469 0.23350432499525162
  1.5203085767346307 1.540552865369442 1.2933944549432308]
 [0.2543386828820146 2 6 2 0.03521954466021706 0.6818477980138942
  0.33486188030735403 0.4003985598105612 0.3738710282727494]
 [-0.1671275701938185 3 1 4 1.0003980256446436 1.1301912710325368
  0.03181535640865112 -0.03268330819242474 0.12962261806340306]
 [1.5187374421095134 4 6 3 0.5178087851524303 0.6818477980138942
  1.4222641131203444 1.3461079450415703 1.4658050974439447]
 [-1.031133388999276 5 3 4 0.3109848249414846 -1.111526094060676
  -1.1981970052978461 -1.2170296410985488 -1.1778247542336862]] 
 
 
Val : (17261, 9) 
 

FINISHED ENCODING
~~~~~~~~~~~~~~~~~~~~~~~~~~~~~~~~~~~~~~~~~~~~~~~~~~~~~~~~~~~~~~~~~~~~~~~~~~~~~~~


~~~~~~~~~~~~~~~~~~~~~~~~~~~~~~~~~~~~~~~~~~~~~~~~~~~~~~~~~~~~~~~~~~~~~~~~~~~~~~~
Test numpy array issues
X dtype: object
X Val dtype: object
X dtype: float32
X Val dtype: float32
After Debugging -- Inner Fold 4
DEBUG Inner Fold 4: num_features: 9
DEBUG Inner Fold 4: num_classes: 1
DEBUG Inner Fold 4: cat_idx: [1, 2, 3]
DEBUG Inner Fold 4: nominal_idx: None
DEBUG Inner Fold 4: ordinal_idx: [1, 2, 3]
DEBUG Inner Fold 4: num_idx: [0, 4, 5, 6, 7, 8]
DEBUG Inner Fold 4: cat_dims: [6, 8, 9]
DEBUG Inner Fold 4: bin_alt: None
In get_device
On Device: cuda
**** Data b4 Fitting ****
Train Data b4 training...
X: <class 'numpy.ndarray'> , y : (<class 'numpy.ndarray'>,), X_val: <class 'numpy.ndarray'> , y : <class 'numpy.ndarray'>

Train Data after...
X: <class 'torch.Tensor'> , y : (<class 'torch.Tensor'>,), X_val: <class 'torch.Tensor'> , y : <class 'torch.Tensor'>

Inner Fold 4 Results: {'MSE - mean': 31110637.024843793, 'MSE - std': 539406.4558632236, 'R2 - mean': -0.9708548361200607, 'R2 - std': 0.014024735657446713}
  outer_4_inner Fold 5/5
Before Debugging -- Inner Fold 5
DEBUG Inner Fold 5: num_features: 9
DEBUG Inner Fold 5: num_classes: 1
DEBUG Inner Fold 5: cat_idx: [0]
DEBUG Inner Fold 5: nominal_idx: None
DEBUG Inner Fold 5: ordinal_idx: [1, 2, 3]
DEBUG Inner Fold 5: num_idx: None
DEBUG Inner Fold 5: cat_dims: [2]
DEBUG Inner Fold 5: bin_alt: None
~~~~~~~~~~~~~~~~~~~~~~~~~~~~~~~~~~~~~~~~~~~~~~~~~~~~~~~~~~~~~~~~~~~~~~~~~~~~~~~
BEFORE ANY ENCODING
num_features :9
num_classes : 1
cat_idx : [0]
nominal_idx : None
ordinal_idx : [1, 2, 3]
num_idx : None
cat_dims : [2]
bin_alt : None 


X_train shape : (17261, 9)
~~~~~~~~~~~~~~~~~~~~~~~~~~~~~~~~~~~~~~~~~~~~~~~~~~~~~~~~~~~~~~~~~~~~~~~~~~~~~~~
~~~~~~~~~~~~~~~~~~~~~~~~~~~~~~~~~~~~~~~~~~~~~~~~~~~~~~~~~~~~~~~~~~~~~~~~~~~~~~~
AFTER getting cat idx
Nominal Index : None
Ordinal Index : [1, 2, 3]
Cat Idx : [0]
Cat dims : [2]
~~~~~~~~~~~~~~~~~~~~~~~~~~~~~~~~~~~~~~~~~~~~~~~~~~~~~~~~~~~~~~~~~~~~~~~~~~~~~~~
BEFORE getting cat idx
Nominal Index : None
Ordinal Index : [1, 2, 3]
Cat Idx : [1, 2, 3]
Cat dims : []
~~~~~~~~~~~~~~~~~~~~~~~~~~~~~~~~~~~~~~~~~~~~~~~~~~~~~~~~~~~~~~~~~~~~~~~~~~~~~~~ 


AFTER SEPARATING CATEGORICALS AND NUMERICALS
Ordinal Index : [1, 2, 3]
Numerical Index V1 : [0, 4, 5, 6, 7, 8]
Cat Idx V1 : [1, 2, 3] 
Cat Dims V1 : []
 

~~~~~~~~~~~~~~~~~~~~~~~~~~~~~~~~~~~~~~~~~~~~~~~~~~~~~~~~~~~~~~~~~~~~~~~~~~~~~~~ 


Scaling the data...
~~~~~~~~~~~~~~~~~~~~~~~~~~~~~~~~~~~~~~~~~~~~~~~~~~~~~~~~~~~~~~~~~~~~~~~~~~~~~~~
After OHE
Numerical Index V2 : [0, 4, 5, 6, 7, 8] 


OHE Idx : None


Ordinal Idx V2: [1, 2, 3]


Cat Dims V2 : []
Cat Idx V2 : [1, 2, 3] 
 

Train: [[0.4687592703832853 'Premium' 'F' 'VS1' 0.10755254250566874]
 [-0.20708885575152014 'Good' 'H' 'VVS2' 0.24502260331431983]
 [0.025233937607319384 'Good' 'G' 'SI2' -0.5110627311332514]
 [0.25755673096615866 'Good' 'E' 'SI2' 0.038817512101343196]
 [-0.16484834786809477 'Very Good' 'J' 'VS2' 1.001107937761891]
 [-0.03812682421781867 'Very Good' 'G' 'SI1' 0.86363787695324]
 [0.6799618098004121 'Premium' 'G' 'SI2' -0.5110627311332514]
 [-0.52389266487721 'Good' 'H' 'SI1' 1.2760480593791883]
 [-0.18596860180980745 'Premium' 'D' 'VS1' -2.504378612858663]
 [-0.6294939345857734 'Very Good' 'G' 'SI1' -1.679558248006771]] 
 
 
Val : (17261, 9) 
 

~~~~~~~~~~~~~~~~~~~~~~~~~~~~~~~~~~~~~~~~~~~~~~~~~~~~~~~~~~~~~~~~~~~~~~~~~~~~~~~
Ordinal Encoding...
Cat Idx V3 : [1, 2, 3] 
 

~~~~~~~~~~~~~~~~~~~~~~~~~~~~~~~~~~~~~~~~~~~~~~~~~~~~~~~~~~~~~~~~~~~~~~~~~~~~~~~
After ORDINAL
Numerical Index V2 : [0, 4, 5, 6, 7, 8] 


OHE Idx : None


Ordinal Idx V2: [1, 2, 3]


Cat Dims V2 : [6, 8, 9]
Cat Idx V2 : [1, 2, 3] 
 

Train: [[0.4687592703832853 4 5 5 0.10755254250566874 0.23283543223512176
  0.640476514444756 0.6348645012546086 0.6452527650263569]
 [-0.20708885575152014 2 3 6 0.24502260331431983 2.926426394877456
  -0.09882497804849394 -0.07224955865941347 -0.05469856918079232]
 [0.025233937607319384 2 4 2 -0.5110627311332514 1.579630913556289
  0.18620692267179542 0.21059606530619535 0.13744493432705282]
 [0.25755673096615866 2 6 2 0.038817512101343196 0.6817672593421774
  0.33763011992944897 0.37697584410949486 0.35703750976458953]
 [-0.16484834786809477 3 1 4 1.001107937761891 1.1306990864492332
  0.03478372541414111 -0.03065461395858878 0.12372039836220643]
 [-0.03812682421781867 3 4 3 0.86363787695324 0.23283543223512176
  0.07931995990168692 0.10244920908405084 0.19234307818643714]
 [0.6799618098004121 4 4 2 -0.5110627311332514 1.1306990864492332
  0.8631576868824818 0.7513303464169179 0.727599980815434]
 [-0.52389266487721 2 3 3 1.2760480593791883 -1.1139600490860453
  -0.49074384153889183 -0.4216470941463421 -0.31546475251286754]
 [-0.18596860180980745 4 7 5 -2.504378612858663 2.0285627406633444
  0.14167068818424963 0.08581123120372051 -0.17821939286440674]
 [-0.6294939345857734 3 4 3 -1.679558248006771 0.23283543223512176
  -0.4818365946413822 -0.4133281052061773 -0.6174045437394814]] 
 
 
Val : (17261, 9) 
 

FINISHED ENCODING
~~~~~~~~~~~~~~~~~~~~~~~~~~~~~~~~~~~~~~~~~~~~~~~~~~~~~~~~~~~~~~~~~~~~~~~~~~~~~~~


~~~~~~~~~~~~~~~~~~~~~~~~~~~~~~~~~~~~~~~~~~~~~~~~~~~~~~~~~~~~~~~~~~~~~~~~~~~~~~~
Test numpy array issues
X dtype: object
X Val dtype: object
X dtype: float32
X Val dtype: float32
After Debugging -- Inner Fold 5
DEBUG Inner Fold 5: num_features: 9
DEBUG Inner Fold 5: num_classes: 1
DEBUG Inner Fold 5: cat_idx: [1, 2, 3]
DEBUG Inner Fold 5: nominal_idx: None
DEBUG Inner Fold 5: ordinal_idx: [1, 2, 3]
DEBUG Inner Fold 5: num_idx: [0, 4, 5, 6, 7, 8]
DEBUG Inner Fold 5: cat_dims: [6, 8, 9]
DEBUG Inner Fold 5: bin_alt: None
In get_device
On Device: cuda
**** Data b4 Fitting ****
Train Data b4 training...
X: <class 'numpy.ndarray'> , y : (<class 'numpy.ndarray'>,), X_val: <class 'numpy.ndarray'> , y : <class 'numpy.ndarray'>

Train Data after...
X: <class 'torch.Tensor'> , y : (<class 'torch.Tensor'>,), X_val: <class 'torch.Tensor'> , y : <class 'torch.Tensor'>

Inner Fold 5 Results: {'MSE - mean': 31410186.67176017, 'MSE - std': 769212.2097135771, 'R2 - mean': -0.9740446602634524, 'R2 - std': 0.014073183025600879}
Trial Results B4 Saving: {'MSE - mean': 31410186.67176017, 'MSE - std': 769212.2097135771, 'R2 - mean': -0.9740446602634524, 'R2 - std': 0.014073183025600879}
Score: 31410186.67176017
  outer_4_inner Fold 1/5
Before Debugging -- Inner Fold 1
DEBUG Inner Fold 1: num_features: 9
DEBUG Inner Fold 1: num_classes: 1
DEBUG Inner Fold 1: cat_idx: [0]
DEBUG Inner Fold 1: nominal_idx: None
DEBUG Inner Fold 1: ordinal_idx: [1, 2, 3]
DEBUG Inner Fold 1: num_idx: None
DEBUG Inner Fold 1: cat_dims: [2]
DEBUG Inner Fold 1: bin_alt: None
~~~~~~~~~~~~~~~~~~~~~~~~~~~~~~~~~~~~~~~~~~~~~~~~~~~~~~~~~~~~~~~~~~~~~~~~~~~~~~~
BEFORE ANY ENCODING
num_features :9
num_classes : 1
cat_idx : [0]
nominal_idx : None
ordinal_idx : [1, 2, 3]
num_idx : None
cat_dims : [2]
bin_alt : None 


X_train shape : (17260, 9)
~~~~~~~~~~~~~~~~~~~~~~~~~~~~~~~~~~~~~~~~~~~~~~~~~~~~~~~~~~~~~~~~~~~~~~~~~~~~~~~
~~~~~~~~~~~~~~~~~~~~~~~~~~~~~~~~~~~~~~~~~~~~~~~~~~~~~~~~~~~~~~~~~~~~~~~~~~~~~~~
AFTER getting cat idx
Nominal Index : None
Ordinal Index : [1, 2, 3]
Cat Idx : [0]
Cat dims : [2]
~~~~~~~~~~~~~~~~~~~~~~~~~~~~~~~~~~~~~~~~~~~~~~~~~~~~~~~~~~~~~~~~~~~~~~~~~~~~~~~
BEFORE getting cat idx
Nominal Index : None
Ordinal Index : [1, 2, 3]
Cat Idx : [1, 2, 3]
Cat dims : []
~~~~~~~~~~~~~~~~~~~~~~~~~~~~~~~~~~~~~~~~~~~~~~~~~~~~~~~~~~~~~~~~~~~~~~~~~~~~~~~ 


AFTER SEPARATING CATEGORICALS AND NUMERICALS
Ordinal Index : [1, 2, 3]
Numerical Index V1 : [0, 4, 5, 6, 7, 8]
Cat Idx V1 : [1, 2, 3] 
Cat Dims V1 : []
 

~~~~~~~~~~~~~~~~~~~~~~~~~~~~~~~~~~~~~~~~~~~~~~~~~~~~~~~~~~~~~~~~~~~~~~~~~~~~~~~ 


Scaling the data...
~~~~~~~~~~~~~~~~~~~~~~~~~~~~~~~~~~~~~~~~~~~~~~~~~~~~~~~~~~~~~~~~~~~~~~~~~~~~~~~
After OHE
Numerical Index V2 : [0, 4, 5, 6, 7, 8] 


OHE Idx : None


Ordinal Idx V2: [1, 2, 3]


Cat Dims V2 : []
Cat Idx V2 : [1, 2, 3] 
 

Train: [[0.6056122183850853 'Very Good' 'I' 'SI1' 1.0026432502504303]
 [-1.2074014203259351 'Ideal' 'G' 'VVS1' -0.17231085112176278]
 [0.8375093117085876 'Very Good' 'H' 'VS2' 1.0026432502504303]
 [-0.21656838521642416 'Good' 'H' 'VVS2' 0.24237883171548216]
 [1.4699559298635947 'Very Good' 'E' 'VS2' -1.554609793912576]
 [0.01532870810707863 'Good' 'G' 'SI2' -0.5178855868194661]
 [-0.17440527733942365 'Very Good' 'J' 'VS2' 1.0026432502504303]
 [1.5121190377405953 'Premium' 'E' 'SI1' 0.5188386202736438]
 [-0.04791595370842213 'Very Good' 'G' 'SI1' 0.8644133559713472]
 [-1.0387489888179333 'Ideal' 'H' 'VS2' 0.31149377885502383]] 
 
 
Val : (17260, 9) 
 

~~~~~~~~~~~~~~~~~~~~~~~~~~~~~~~~~~~~~~~~~~~~~~~~~~~~~~~~~~~~~~~~~~~~~~~~~~~~~~~
Ordinal Encoding...
Cat Idx V3 : [1, 2, 3] 
 

~~~~~~~~~~~~~~~~~~~~~~~~~~~~~~~~~~~~~~~~~~~~~~~~~~~~~~~~~~~~~~~~~~~~~~~~~~~~~~~
After ORDINAL
Numerical Index V2 : [0, 4, 5, 6, 7, 8] 


OHE Idx : None


Ordinal Idx V2: [1, 2, 3]


Cat Dims V2 : [6, 8, 9]
Cat Idx V2 : [1, 2, 3] 
 

Train: [[0.6056122183850853 3 2 3 1.0026432502504303 0.6910429737359822
  0.7112260024593693 0.625830308316474 0.7857819795166546]
 [-1.2074014203259351 5 4 7 -0.17231085112176278 -0.20581483819738808
  -1.6111843293425183 -1.4840684715020724 -1.533401201652985]
 [0.8375093117085876 3 3 4 1.0026432502504303 -1.5511015560974435
  0.8809406036295075 0.8593368926442185 0.9916266405672136]
 [-0.21656838521642416 2 3 6 0.24237883171548216 2.9331875035694077
  -0.11054996110129857 -0.08302896553560661 -0.0650426194923258]
 [1.4699559298635947 3 6 4 -1.554609793912576 0.24261406776929706
  1.515137271160023 1.4431033534635793 1.2249172564245159]
 [0.01532870810707863 2 4 2 -0.5178855868194661 1.5879007856693526
  0.17528515665893402 0.20051474400522562 0.12707906415486347]
 [-0.17440527733942365 3 1 4 1.0026432502504303 1.1394718797026673
  0.023435250348809854 -0.04133136119136671 0.1133560867514925]
 [1.5121190377405953 4 6 3 0.5188386202736438 0.6910429737359822
  1.4168814494299429 1.2596338943489227 1.3895929852649624]
 [-0.04791595370842213 3 4 3 0.8644133559713472 0.24261406776929706
  0.06809698749884678 0.09210097271020158 0.18197097376834612]
 [-1.0387489888179333 5 3 4 0.31149377885502383 -1.1026726501307584
  -1.209228694992192 -1.158827157617 -1.1354348569552362]] 
 
 
Val : (17260, 9) 
 

FINISHED ENCODING
~~~~~~~~~~~~~~~~~~~~~~~~~~~~~~~~~~~~~~~~~~~~~~~~~~~~~~~~~~~~~~~~~~~~~~~~~~~~~~~


~~~~~~~~~~~~~~~~~~~~~~~~~~~~~~~~~~~~~~~~~~~~~~~~~~~~~~~~~~~~~~~~~~~~~~~~~~~~~~~
Test numpy array issues
X dtype: object
X Val dtype: object
X dtype: float32
X Val dtype: float32
After Debugging -- Inner Fold 1
DEBUG Inner Fold 1: num_features: 9
DEBUG Inner Fold 1: num_classes: 1
DEBUG Inner Fold 1: cat_idx: [1, 2, 3]
DEBUG Inner Fold 1: nominal_idx: None
DEBUG Inner Fold 1: ordinal_idx: [1, 2, 3]
DEBUG Inner Fold 1: num_idx: [0, 4, 5, 6, 7, 8]
DEBUG Inner Fold 1: cat_dims: [6, 8, 9]
DEBUG Inner Fold 1: bin_alt: None
In get_device
On Device: cuda
**** Data b4 Fitting ****
Train Data b4 training...
X: <class 'numpy.ndarray'> , y : (<class 'numpy.ndarray'>,), X_val: <class 'numpy.ndarray'> , y : <class 'numpy.ndarray'>

Train Data after...
X: <class 'torch.Tensor'> , y : (<class 'torch.Tensor'>,), X_val: <class 'torch.Tensor'> , y : <class 'torch.Tensor'>

Inner Fold 1 Results: {'MSE - mean': 30769571.75563765, 'MSE - std': 0.0, 'R2 - mean': -0.9584201133661874, 'R2 - std': 0.0}
  outer_4_inner Fold 2/5
Before Debugging -- Inner Fold 2
DEBUG Inner Fold 2: num_features: 9
DEBUG Inner Fold 2: num_classes: 1
DEBUG Inner Fold 2: cat_idx: [0]
DEBUG Inner Fold 2: nominal_idx: None
DEBUG Inner Fold 2: ordinal_idx: [1, 2, 3]
DEBUG Inner Fold 2: num_idx: None
DEBUG Inner Fold 2: cat_dims: [2]
DEBUG Inner Fold 2: bin_alt: None
~~~~~~~~~~~~~~~~~~~~~~~~~~~~~~~~~~~~~~~~~~~~~~~~~~~~~~~~~~~~~~~~~~~~~~~~~~~~~~~
BEFORE ANY ENCODING
num_features :9
num_classes : 1
cat_idx : [0]
nominal_idx : None
ordinal_idx : [1, 2, 3]
num_idx : None
cat_dims : [2]
bin_alt : None 


X_train shape : (17261, 9)
~~~~~~~~~~~~~~~~~~~~~~~~~~~~~~~~~~~~~~~~~~~~~~~~~~~~~~~~~~~~~~~~~~~~~~~~~~~~~~~
~~~~~~~~~~~~~~~~~~~~~~~~~~~~~~~~~~~~~~~~~~~~~~~~~~~~~~~~~~~~~~~~~~~~~~~~~~~~~~~
AFTER getting cat idx
Nominal Index : None
Ordinal Index : [1, 2, 3]
Cat Idx : [0]
Cat dims : [2]
~~~~~~~~~~~~~~~~~~~~~~~~~~~~~~~~~~~~~~~~~~~~~~~~~~~~~~~~~~~~~~~~~~~~~~~~~~~~~~~
BEFORE getting cat idx
Nominal Index : None
Ordinal Index : [1, 2, 3]
Cat Idx : [1, 2, 3]
Cat dims : []
~~~~~~~~~~~~~~~~~~~~~~~~~~~~~~~~~~~~~~~~~~~~~~~~~~~~~~~~~~~~~~~~~~~~~~~~~~~~~~~ 


AFTER SEPARATING CATEGORICALS AND NUMERICALS
Ordinal Index : [1, 2, 3]
Numerical Index V1 : [0, 4, 5, 6, 7, 8]
Cat Idx V1 : [1, 2, 3] 
Cat Dims V1 : []
 

~~~~~~~~~~~~~~~~~~~~~~~~~~~~~~~~~~~~~~~~~~~~~~~~~~~~~~~~~~~~~~~~~~~~~~~~~~~~~~~ 


Scaling the data...
~~~~~~~~~~~~~~~~~~~~~~~~~~~~~~~~~~~~~~~~~~~~~~~~~~~~~~~~~~~~~~~~~~~~~~~~~~~~~~~
After OHE
Numerical Index V2 : [0, 4, 5, 6, 7, 8] 


OHE Idx : None


Ordinal Idx V2: [1, 2, 3]


Cat Dims V2 : []
Cat Idx V2 : [1, 2, 3] 
 

Train: [[0.607785970610672 'Very Good' 'I' 'SI1' 1.0121977008062089]
 [-1.2053462121385907 'Ideal' 'G' 'VVS1' -0.16941101609055764]
 [0.4602054441078249 'Premium' 'F' 'VS1' 0.10861456435573892]
 [0.8396982265437168 'Very Good' 'H' 'VS2' 1.0121977008062089]
 [1.472186197270204 'Very Good' 'E' 'VS2' -1.5595389183220454]
 [0.017463864599284118 'Good' 'G' 'SI2' -0.5169429916484296]
 [0.2493761205323293 'Good' 'E' 'SI2' 0.03910816924416355]
 [1.514352061985303 'Premium' 'E' 'SI1' 0.5256529350251863]
 [-0.04578493247336463 'Very Good' 'G' 'SI1' 0.8731849105830582]
 [-1.0366827532781941 'Ideal' 'H' 'VS2' 0.31713374969046504]] 
 
 
Val : (17261, 9) 
 

~~~~~~~~~~~~~~~~~~~~~~~~~~~~~~~~~~~~~~~~~~~~~~~~~~~~~~~~~~~~~~~~~~~~~~~~~~~~~~~
Ordinal Encoding...
Cat Idx V3 : [1, 2, 3] 
 

~~~~~~~~~~~~~~~~~~~~~~~~~~~~~~~~~~~~~~~~~~~~~~~~~~~~~~~~~~~~~~~~~~~~~~~~~~~~~~~
After ORDINAL
Numerical Index V2 : [0, 4, 5, 6, 7, 8] 


OHE Idx : None


Ordinal Idx V2: [1, 2, 3]


Cat Dims V2 : [6, 8, 9]
Cat Idx V2 : [1, 2, 3] 
 

Train: [[0.607785970610672 3 2 3 1.0121977008062089 0.6898283430350188
  0.7121782842340401 0.6368400440057588 0.7882273520529737]
 [-1.2053462121385907 5 4 7 -0.16941101609055764 -0.2135510069308389
  -1.6054154480422937 -1.4982708363668316 -1.5309513670728871]
 [0.4602054441078249 4 5 5 0.10861456435573892 0.23813866805208997
  0.6319538858090902 0.6368400440057588 0.6372748910447811]
 [0.8396982265437168 3 3 4 1.0121977008062089 -1.5686200318796255
  0.8815409031311571 0.8731369003315793 0.994071617064144]
 [1.472186197270204 3 6 4 -1.5595389183220454 0.23813866805208997
  1.5144222684835404 1.4638790411461302 1.2273617840768056]
 [0.017463864599284118 2 4 2 -0.5169429916484296 1.5932076930008765
  0.17734896140104026 0.20644219855515777 0.1295257040172262]
 [0.2493761205323293 2 6 2 0.03910816924416355 0.6898283430350188
  0.3288839362037236 0.3752256673593153 0.3490929200291416]
 [1.514352061985303 4 6 3 0.5256529350251863 0.6898283430350188
  1.4163702259641568 1.2782172254615567 1.3920371960857416]
 [-0.04578493247336463 3 4 3 0.8731849105830582 0.23813866805208997
  0.07038309683444016 0.09673294383245558 0.18441750802020523]
 [-1.0366827532781941 5 3 4 0.31713374969046504 -1.1169303568966966
  -1.2042934559175438 -1.1691430721987246 -1.1329857880512897]] 
 
 
Val : (17261, 9) 
 

FINISHED ENCODING
~~~~~~~~~~~~~~~~~~~~~~~~~~~~~~~~~~~~~~~~~~~~~~~~~~~~~~~~~~~~~~~~~~~~~~~~~~~~~~~


~~~~~~~~~~~~~~~~~~~~~~~~~~~~~~~~~~~~~~~~~~~~~~~~~~~~~~~~~~~~~~~~~~~~~~~~~~~~~~~
Test numpy array issues
X dtype: object
X Val dtype: object
X dtype: float32
X Val dtype: float32
After Debugging -- Inner Fold 2
DEBUG Inner Fold 2: num_features: 9
DEBUG Inner Fold 2: num_classes: 1
DEBUG Inner Fold 2: cat_idx: [1, 2, 3]
DEBUG Inner Fold 2: nominal_idx: None
DEBUG Inner Fold 2: ordinal_idx: [1, 2, 3]
DEBUG Inner Fold 2: num_idx: [0, 4, 5, 6, 7, 8]
DEBUG Inner Fold 2: cat_dims: [6, 8, 9]
DEBUG Inner Fold 2: bin_alt: None
In get_device
On Device: cuda
**** Data b4 Fitting ****
Train Data b4 training...
X: <class 'numpy.ndarray'> , y : (<class 'numpy.ndarray'>,), X_val: <class 'numpy.ndarray'> , y : <class 'numpy.ndarray'>

Train Data after...
X: <class 'torch.Tensor'> , y : (<class 'torch.Tensor'>,), X_val: <class 'torch.Tensor'> , y : <class 'torch.Tensor'>

Inner Fold 2 Results: {'MSE - mean': 30702464.511016592, 'MSE - std': 67107.24462105706, 'R2 - mean': -0.9608986845389514, 'R2 - std': 0.002478571172764066}
  outer_4_inner Fold 3/5
Before Debugging -- Inner Fold 3
DEBUG Inner Fold 3: num_features: 9
DEBUG Inner Fold 3: num_classes: 1
DEBUG Inner Fold 3: cat_idx: [0]
DEBUG Inner Fold 3: nominal_idx: None
DEBUG Inner Fold 3: ordinal_idx: [1, 2, 3]
DEBUG Inner Fold 3: num_idx: None
DEBUG Inner Fold 3: cat_dims: [2]
DEBUG Inner Fold 3: bin_alt: None
~~~~~~~~~~~~~~~~~~~~~~~~~~~~~~~~~~~~~~~~~~~~~~~~~~~~~~~~~~~~~~~~~~~~~~~~~~~~~~~
BEFORE ANY ENCODING
num_features :9
num_classes : 1
cat_idx : [0]
nominal_idx : None
ordinal_idx : [1, 2, 3]
num_idx : None
cat_dims : [2]
bin_alt : None 


X_train shape : (17261, 9)
~~~~~~~~~~~~~~~~~~~~~~~~~~~~~~~~~~~~~~~~~~~~~~~~~~~~~~~~~~~~~~~~~~~~~~~~~~~~~~~
~~~~~~~~~~~~~~~~~~~~~~~~~~~~~~~~~~~~~~~~~~~~~~~~~~~~~~~~~~~~~~~~~~~~~~~~~~~~~~~
AFTER getting cat idx
Nominal Index : None
Ordinal Index : [1, 2, 3]
Cat Idx : [0]
Cat dims : [2]
~~~~~~~~~~~~~~~~~~~~~~~~~~~~~~~~~~~~~~~~~~~~~~~~~~~~~~~~~~~~~~~~~~~~~~~~~~~~~~~
BEFORE getting cat idx
Nominal Index : None
Ordinal Index : [1, 2, 3]
Cat Idx : [1, 2, 3]
Cat dims : []
~~~~~~~~~~~~~~~~~~~~~~~~~~~~~~~~~~~~~~~~~~~~~~~~~~~~~~~~~~~~~~~~~~~~~~~~~~~~~~~ 


AFTER SEPARATING CATEGORICALS AND NUMERICALS
Ordinal Index : [1, 2, 3]
Numerical Index V1 : [0, 4, 5, 6, 7, 8]
Cat Idx V1 : [1, 2, 3] 
Cat Dims V1 : []
 

~~~~~~~~~~~~~~~~~~~~~~~~~~~~~~~~~~~~~~~~~~~~~~~~~~~~~~~~~~~~~~~~~~~~~~~~~~~~~~~ 


Scaling the data...
~~~~~~~~~~~~~~~~~~~~~~~~~~~~~~~~~~~~~~~~~~~~~~~~~~~~~~~~~~~~~~~~~~~~~~~~~~~~~~~
After OHE
Numerical Index V2 : [0, 4, 5, 6, 7, 8] 


OHE Idx : None


Ordinal Idx V2: [1, 2, 3]


Cat Dims V2 : []
Cat Idx V2 : [1, 2, 3] 
 

Train: [[0.6109382040777849 'Very Good' 'I' 'SI1' 1.0117335995303174]
 [-1.2044798028572623 'Ideal' 'G' 'VVS1' -0.16481653598763063]
 [0.4631716221179553 'Premium' 'F' 'VS1' 0.11201879001659097]
 [0.8431428328718023 'Very Good' 'H' 'VS2' 1.0117335995303174]
 [-0.21233275255555067 'Good' 'H' 'VVS2' 0.2504364530187042]
 [1.476428184128214 'Very Good' 'E' 'VS2' -1.5489931660087435]
 [0.019871876238467166 'Good' 'G' 'SI2' -0.5108606934929089]
 [0.2520765050324848 'Good' 'E' 'SI2' 0.04280995851553434]
 [-0.17011372913845652 'Very Good' 'J' 'VS2' 1.0117335995303174]
 [1.5186472075453081 'Premium' 'E' 'SI1' 0.5272717790229259]] 
 
 
Val : (17261, 9) 
 

~~~~~~~~~~~~~~~~~~~~~~~~~~~~~~~~~~~~~~~~~~~~~~~~~~~~~~~~~~~~~~~~~~~~~~~~~~~~~~~
Ordinal Encoding...
Cat Idx V3 : [1, 2, 3] 
 

~~~~~~~~~~~~~~~~~~~~~~~~~~~~~~~~~~~~~~~~~~~~~~~~~~~~~~~~~~~~~~~~~~~~~~~~~~~~~~~
After ORDINAL
Numerical Index V2 : [0, 4, 5, 6, 7, 8] 


OHE Idx : None


Ordinal Idx V2: [1, 2, 3]


Cat Dims V2 : [6, 8, 9]
Cat Idx V2 : [1, 2, 3] 
 

Train: [[0.6109382040777849 3 2 3 1.0117335995303174 0.6813313073525943
  0.7142979641224916 0.6288798646995667 0.7911297332776006]
 [-1.2044798028572623 5 4 7 -0.16481653598763063 -0.21353102134527316
  -1.6029433099183048 -1.4767369160355326 -1.5275752076465492]
 [0.4631716221179553 4 5 5 0.11201879001659097 0.2339001430036606
  0.6340857661749256 0.6288798646995667 0.6402081099038389]
 [0.8431428328718023 3 3 4 1.0117335995303174 -1.5558245143920744
  0.8836348264562425 0.8619125518955463 0.9969319469690925]
 [-0.21233275255555067 2 3 6 0.2504364530187042 2.918487129097263
  -0.10564894823040555 -0.0785407928596561 -0.05951941664723556]
 [1.476428184128214 3 6 4 -1.5489931660087435 0.2339001430036606
  1.5164199435981522 1.4444942698854948 1.2301744558194518]
 [0.019871876238467166 2 4 2 -0.5108606934929089 1.5761936360504618
  0.17954997780538504 0.20442747016403304 0.13256264946482435]
 [0.2520765050324848 2 6 2 0.04280995851553434 0.6813313073525943
  0.3310619072618986 0.3708793895897327 0.3520850107357494]
 [-0.17011372913845652 3 1 4 1.0117335995303174 1.128762471701528
  0.028038048348870692 -0.03692781300323135 0.11884250188539121]
 [1.5186472075453081 4 6 3 0.5272717790229259 0.6813313073525943
  1.4183828127733489 1.2613971585172248 1.394816226772645]] 
 
 
Val : (17261, 9) 
 

FINISHED ENCODING
~~~~~~~~~~~~~~~~~~~~~~~~~~~~~~~~~~~~~~~~~~~~~~~~~~~~~~~~~~~~~~~~~~~~~~~~~~~~~~~


~~~~~~~~~~~~~~~~~~~~~~~~~~~~~~~~~~~~~~~~~~~~~~~~~~~~~~~~~~~~~~~~~~~~~~~~~~~~~~~
Test numpy array issues
X dtype: object
X Val dtype: object
X dtype: float32
X Val dtype: float32
After Debugging -- Inner Fold 3
DEBUG Inner Fold 3: num_features: 9
DEBUG Inner Fold 3: num_classes: 1
DEBUG Inner Fold 3: cat_idx: [1, 2, 3]
DEBUG Inner Fold 3: nominal_idx: None
DEBUG Inner Fold 3: ordinal_idx: [1, 2, 3]
DEBUG Inner Fold 3: num_idx: [0, 4, 5, 6, 7, 8]
DEBUG Inner Fold 3: cat_dims: [6, 8, 9]
DEBUG Inner Fold 3: bin_alt: None
In get_device
On Device: cuda
**** Data b4 Fitting ****
Train Data b4 training...
X: <class 'numpy.ndarray'> , y : (<class 'numpy.ndarray'>,), X_val: <class 'numpy.ndarray'> , y : <class 'numpy.ndarray'>

Train Data after...
X: <class 'torch.Tensor'> , y : (<class 'torch.Tensor'>,), X_val: <class 'torch.Tensor'> , y : <class 'torch.Tensor'>

Inner Fold 3 Results: {'MSE - mean': 30879416.05513276, 'MSE - std': 256175.62878608474, 'R2 - mean': -0.9679256893477626, 'R2 - std': 0.010141653540641895}
  outer_4_inner Fold 4/5
Before Debugging -- Inner Fold 4
DEBUG Inner Fold 4: num_features: 9
DEBUG Inner Fold 4: num_classes: 1
DEBUG Inner Fold 4: cat_idx: [0]
DEBUG Inner Fold 4: nominal_idx: None
DEBUG Inner Fold 4: ordinal_idx: [1, 2, 3]
DEBUG Inner Fold 4: num_idx: None
DEBUG Inner Fold 4: cat_dims: [2]
DEBUG Inner Fold 4: bin_alt: None
~~~~~~~~~~~~~~~~~~~~~~~~~~~~~~~~~~~~~~~~~~~~~~~~~~~~~~~~~~~~~~~~~~~~~~~~~~~~~~~
BEFORE ANY ENCODING
num_features :9
num_classes : 1
cat_idx : [0]
nominal_idx : None
ordinal_idx : [1, 2, 3]
num_idx : None
cat_dims : [2]
bin_alt : None 


X_train shape : (17261, 9)
~~~~~~~~~~~~~~~~~~~~~~~~~~~~~~~~~~~~~~~~~~~~~~~~~~~~~~~~~~~~~~~~~~~~~~~~~~~~~~~
~~~~~~~~~~~~~~~~~~~~~~~~~~~~~~~~~~~~~~~~~~~~~~~~~~~~~~~~~~~~~~~~~~~~~~~~~~~~~~~
AFTER getting cat idx
Nominal Index : None
Ordinal Index : [1, 2, 3]
Cat Idx : [0]
Cat dims : [2]
~~~~~~~~~~~~~~~~~~~~~~~~~~~~~~~~~~~~~~~~~~~~~~~~~~~~~~~~~~~~~~~~~~~~~~~~~~~~~~~
BEFORE getting cat idx
Nominal Index : None
Ordinal Index : [1, 2, 3]
Cat Idx : [1, 2, 3]
Cat dims : []
~~~~~~~~~~~~~~~~~~~~~~~~~~~~~~~~~~~~~~~~~~~~~~~~~~~~~~~~~~~~~~~~~~~~~~~~~~~~~~~ 


AFTER SEPARATING CATEGORICALS AND NUMERICALS
Ordinal Index : [1, 2, 3]
Numerical Index V1 : [0, 4, 5, 6, 7, 8]
Cat Idx V1 : [1, 2, 3] 
Cat Dims V1 : []
 

~~~~~~~~~~~~~~~~~~~~~~~~~~~~~~~~~~~~~~~~~~~~~~~~~~~~~~~~~~~~~~~~~~~~~~~~~~~~~~~ 


Scaling the data...
~~~~~~~~~~~~~~~~~~~~~~~~~~~~~~~~~~~~~~~~~~~~~~~~~~~~~~~~~~~~~~~~~~~~~~~~~~~~~~~
After OHE
Numerical Index V2 : [0, 4, 5, 6, 7, 8] 


OHE Idx : None


Ordinal Idx V2: [1, 2, 3]


Cat Dims V2 : []
Cat Idx V2 : [1, 2, 3] 
 

Train: [[0.6125849979964727 'Very Good' 'I' 'SI1' 1.0003980256446436]
 [-1.1997198902296093 'Ideal' 'G' 'VVS1' -0.1716044155507287]
 [0.46507180941993104 'Premium' 'F' 'VS1' 0.10416086473053394]
 [0.8443914371881805 'Very Good' 'H' 'VS2' 1.0003980256446436]
 [-0.20927419550140183 'Good' 'H' 'VVS2' 0.24204350487116771]
 [1.4765908168019302 'Very Good' 'E' 'VS2' -1.5504308169570469]
 [0.2543386828820146 'Good' 'E' 'SI2' 0.03521954466021706]
 [-0.1671275701938185 'Very Good' 'J' 'VS2' 1.0003980256446436]
 [1.5187374421095134 'Premium' 'E' 'SI1' 0.5178087851524303]
 [-1.031133388999276 'Ideal' 'H' 'VS2' 0.3109848249414846]] 
 
 
Val : (17261, 9) 
 

~~~~~~~~~~~~~~~~~~~~~~~~~~~~~~~~~~~~~~~~~~~~~~~~~~~~~~~~~~~~~~~~~~~~~~~~~~~~~~~
Ordinal Encoding...
Cat Idx V3 : [1, 2, 3] 
 

~~~~~~~~~~~~~~~~~~~~~~~~~~~~~~~~~~~~~~~~~~~~~~~~~~~~~~~~~~~~~~~~~~~~~~~~~~~~~~~
After ORDINAL
Numerical Index V2 : [0, 4, 5, 6, 7, 8] 


OHE Idx : None


Ordinal Idx V2: [1, 2, 3]


Cat Dims V2 : [6, 8, 9]
Cat Idx V2 : [1, 2, 3] 
 

Train: [[0.6125849979964727 3 2 3 1.0003980256446436 0.6818477980138942
  0.7181266017086537 0.6743891293634702 0.8336327416079901]
 [-1.1997198902296093 5 4 7 -0.1716044155507287 -0.2148391480233909
  -1.5992879928108343 -1.5617274544070479 -1.5944838069437477]
 [0.46507180941993104 4 5 5 0.10416086473053394 0.23350432499525162
  0.6379084042060562 0.6743891293634702 0.6755896526490007]
 [0.8443914371881805 3 3 4 1.0003980256446436 -1.5598695670793186
  0.8874761297696936 0.9218644825080338 1.0491460447338832]
 [-0.20927419550140183 2 3 6 0.24204350487116771 2.923565163107107
  -0.10188163942901116 -0.07687533553966802 -0.05715557797903817]
 [1.4765908168019302 3 6 4 -1.5504308169570469 0.23350432499525162
  1.5203085767346307 1.540552865369442 1.2933944549432308]
 [0.2543386828820146 2 6 2 0.03521954466021706 0.6818477980138942
  0.33486188030735403 0.4003985598105612 0.3738710282727494]
 [-0.1671275701938185 3 1 4 1.0003980256446436 1.1301912710325368
  0.03181535640865112 -0.03268330819242474 0.12962261806340306]
 [1.5187374421095134 4 6 3 0.5178087851524303 0.6818477980138942
  1.4222641131203444 1.3461079450415703 1.4658050974439447]
 [-1.031133388999276 5 3 4 0.3109848249414846 -1.111526094060676
  -1.1981970052978461 -1.2170296410985488 -1.1778247542336862]] 
 
 
Val : (17261, 9) 
 

FINISHED ENCODING
~~~~~~~~~~~~~~~~~~~~~~~~~~~~~~~~~~~~~~~~~~~~~~~~~~~~~~~~~~~~~~~~~~~~~~~~~~~~~~~


~~~~~~~~~~~~~~~~~~~~~~~~~~~~~~~~~~~~~~~~~~~~~~~~~~~~~~~~~~~~~~~~~~~~~~~~~~~~~~~
Test numpy array issues
X dtype: object
X Val dtype: object
X dtype: float32
X Val dtype: float32
After Debugging -- Inner Fold 4
DEBUG Inner Fold 4: num_features: 9
DEBUG Inner Fold 4: num_classes: 1
DEBUG Inner Fold 4: cat_idx: [1, 2, 3]
DEBUG Inner Fold 4: nominal_idx: None
DEBUG Inner Fold 4: ordinal_idx: [1, 2, 3]
DEBUG Inner Fold 4: num_idx: [0, 4, 5, 6, 7, 8]
DEBUG Inner Fold 4: cat_dims: [6, 8, 9]
DEBUG Inner Fold 4: bin_alt: None
In get_device
On Device: cuda
**** Data b4 Fitting ****
Train Data b4 training...
X: <class 'numpy.ndarray'> , y : (<class 'numpy.ndarray'>,), X_val: <class 'numpy.ndarray'> , y : <class 'numpy.ndarray'>

Train Data after...
X: <class 'torch.Tensor'> , y : (<class 'torch.Tensor'>,), X_val: <class 'torch.Tensor'> , y : <class 'torch.Tensor'>

Inner Fold 4 Results: {'MSE - mean': 31163592.168250564, 'MSE - std': 539895.9662640465, 'R2 - mean': -0.9742095924017199, 'R2 - std': 0.013985784396250823}
  outer_4_inner Fold 5/5
Before Debugging -- Inner Fold 5
DEBUG Inner Fold 5: num_features: 9
DEBUG Inner Fold 5: num_classes: 1
DEBUG Inner Fold 5: cat_idx: [0]
DEBUG Inner Fold 5: nominal_idx: None
DEBUG Inner Fold 5: ordinal_idx: [1, 2, 3]
DEBUG Inner Fold 5: num_idx: None
DEBUG Inner Fold 5: cat_dims: [2]
DEBUG Inner Fold 5: bin_alt: None
~~~~~~~~~~~~~~~~~~~~~~~~~~~~~~~~~~~~~~~~~~~~~~~~~~~~~~~~~~~~~~~~~~~~~~~~~~~~~~~
BEFORE ANY ENCODING
num_features :9
num_classes : 1
cat_idx : [0]
nominal_idx : None
ordinal_idx : [1, 2, 3]
num_idx : None
cat_dims : [2]
bin_alt : None 


X_train shape : (17261, 9)
~~~~~~~~~~~~~~~~~~~~~~~~~~~~~~~~~~~~~~~~~~~~~~~~~~~~~~~~~~~~~~~~~~~~~~~~~~~~~~~
~~~~~~~~~~~~~~~~~~~~~~~~~~~~~~~~~~~~~~~~~~~~~~~~~~~~~~~~~~~~~~~~~~~~~~~~~~~~~~~
AFTER getting cat idx
Nominal Index : None
Ordinal Index : [1, 2, 3]
Cat Idx : [0]
Cat dims : [2]
~~~~~~~~~~~~~~~~~~~~~~~~~~~~~~~~~~~~~~~~~~~~~~~~~~~~~~~~~~~~~~~~~~~~~~~~~~~~~~~
BEFORE getting cat idx
Nominal Index : None
Ordinal Index : [1, 2, 3]
Cat Idx : [1, 2, 3]
Cat dims : []
~~~~~~~~~~~~~~~~~~~~~~~~~~~~~~~~~~~~~~~~~~~~~~~~~~~~~~~~~~~~~~~~~~~~~~~~~~~~~~~ 


AFTER SEPARATING CATEGORICALS AND NUMERICALS
Ordinal Index : [1, 2, 3]
Numerical Index V1 : [0, 4, 5, 6, 7, 8]
Cat Idx V1 : [1, 2, 3] 
Cat Dims V1 : []
 

~~~~~~~~~~~~~~~~~~~~~~~~~~~~~~~~~~~~~~~~~~~~~~~~~~~~~~~~~~~~~~~~~~~~~~~~~~~~~~~ 


Scaling the data...
~~~~~~~~~~~~~~~~~~~~~~~~~~~~~~~~~~~~~~~~~~~~~~~~~~~~~~~~~~~~~~~~~~~~~~~~~~~~~~~
After OHE
Numerical Index V2 : [0, 4, 5, 6, 7, 8] 


OHE Idx : None


Ordinal Idx V2: [1, 2, 3]


Cat Dims V2 : []
Cat Idx V2 : [1, 2, 3] 
 

Train: [[0.4687592703832853 'Premium' 'F' 'VS1' 0.10755254250566874]
 [-0.20708885575152014 'Good' 'H' 'VVS2' 0.24502260331431983]
 [0.025233937607319384 'Good' 'G' 'SI2' -0.5110627311332514]
 [0.25755673096615866 'Good' 'E' 'SI2' 0.038817512101343196]
 [-0.16484834786809477 'Very Good' 'J' 'VS2' 1.001107937761891]
 [-0.03812682421781867 'Very Good' 'G' 'SI1' 0.86363787695324]
 [0.6799618098004121 'Premium' 'G' 'SI2' -0.5110627311332514]
 [-0.52389266487721 'Good' 'H' 'SI1' 1.2760480593791883]
 [-0.18596860180980745 'Premium' 'D' 'VS1' -2.504378612858663]
 [-0.6294939345857734 'Very Good' 'G' 'SI1' -1.679558248006771]] 
 
 
Val : (17261, 9) 
 

~~~~~~~~~~~~~~~~~~~~~~~~~~~~~~~~~~~~~~~~~~~~~~~~~~~~~~~~~~~~~~~~~~~~~~~~~~~~~~~
Ordinal Encoding...
Cat Idx V3 : [1, 2, 3] 
 

~~~~~~~~~~~~~~~~~~~~~~~~~~~~~~~~~~~~~~~~~~~~~~~~~~~~~~~~~~~~~~~~~~~~~~~~~~~~~~~
After ORDINAL
Numerical Index V2 : [0, 4, 5, 6, 7, 8] 


OHE Idx : None


Ordinal Idx V2: [1, 2, 3]


Cat Dims V2 : [6, 8, 9]
Cat Idx V2 : [1, 2, 3] 
 

Train: [[0.4687592703832853 4 5 5 0.10755254250566874 0.23283543223512176
  0.640476514444756 0.6348645012546086 0.6452527650263569]
 [-0.20708885575152014 2 3 6 0.24502260331431983 2.926426394877456
  -0.09882497804849394 -0.07224955865941347 -0.05469856918079232]
 [0.025233937607319384 2 4 2 -0.5110627311332514 1.579630913556289
  0.18620692267179542 0.21059606530619535 0.13744493432705282]
 [0.25755673096615866 2 6 2 0.038817512101343196 0.6817672593421774
  0.33763011992944897 0.37697584410949486 0.35703750976458953]
 [-0.16484834786809477 3 1 4 1.001107937761891 1.1306990864492332
  0.03478372541414111 -0.03065461395858878 0.12372039836220643]
 [-0.03812682421781867 3 4 3 0.86363787695324 0.23283543223512176
  0.07931995990168692 0.10244920908405084 0.19234307818643714]
 [0.6799618098004121 4 4 2 -0.5110627311332514 1.1306990864492332
  0.8631576868824818 0.7513303464169179 0.727599980815434]
 [-0.52389266487721 2 3 3 1.2760480593791883 -1.1139600490860453
  -0.49074384153889183 -0.4216470941463421 -0.31546475251286754]
 [-0.18596860180980745 4 7 5 -2.504378612858663 2.0285627406633444
  0.14167068818424963 0.08581123120372051 -0.17821939286440674]
 [-0.6294939345857734 3 4 3 -1.679558248006771 0.23283543223512176
  -0.4818365946413822 -0.4133281052061773 -0.6174045437394814]] 
 
 
Val : (17261, 9) 
 

FINISHED ENCODING
~~~~~~~~~~~~~~~~~~~~~~~~~~~~~~~~~~~~~~~~~~~~~~~~~~~~~~~~~~~~~~~~~~~~~~~~~~~~~~~


~~~~~~~~~~~~~~~~~~~~~~~~~~~~~~~~~~~~~~~~~~~~~~~~~~~~~~~~~~~~~~~~~~~~~~~~~~~~~~~
Test numpy array issues
X dtype: object
X Val dtype: object
X dtype: float32
X Val dtype: float32
After Debugging -- Inner Fold 5
DEBUG Inner Fold 5: num_features: 9
DEBUG Inner Fold 5: num_classes: 1
DEBUG Inner Fold 5: cat_idx: [1, 2, 3]
DEBUG Inner Fold 5: nominal_idx: None
DEBUG Inner Fold 5: ordinal_idx: [1, 2, 3]
DEBUG Inner Fold 5: num_idx: [0, 4, 5, 6, 7, 8]
DEBUG Inner Fold 5: cat_dims: [6, 8, 9]
DEBUG Inner Fold 5: bin_alt: None
In get_device
On Device: cuda
**** Data b4 Fitting ****
Train Data b4 training...
X: <class 'numpy.ndarray'> , y : (<class 'numpy.ndarray'>,), X_val: <class 'numpy.ndarray'> , y : <class 'numpy.ndarray'>

Train Data after...
X: <class 'torch.Tensor'> , y : (<class 'torch.Tensor'>,), X_val: <class 'torch.Tensor'> , y : <class 'torch.Tensor'>

Inner Fold 5 Results: {'MSE - mean': 31462397.20908075, 'MSE - std': 768328.0114720997, 'R2 - mean': -0.9773284002814855, 'R2 - std': 0.013978182374911309}
Trial Results B4 Saving: {'MSE - mean': 31462397.20908075, 'MSE - std': 768328.0114720997, 'R2 - mean': -0.9773284002814855, 'R2 - std': 0.013978182374911309}
Score: 31462397.20908075
  outer_4_inner Fold 1/5
Before Debugging -- Inner Fold 1
DEBUG Inner Fold 1: num_features: 9
DEBUG Inner Fold 1: num_classes: 1
DEBUG Inner Fold 1: cat_idx: [0]
DEBUG Inner Fold 1: nominal_idx: None
DEBUG Inner Fold 1: ordinal_idx: [1, 2, 3]
DEBUG Inner Fold 1: num_idx: None
DEBUG Inner Fold 1: cat_dims: [2]
DEBUG Inner Fold 1: bin_alt: None
~~~~~~~~~~~~~~~~~~~~~~~~~~~~~~~~~~~~~~~~~~~~~~~~~~~~~~~~~~~~~~~~~~~~~~~~~~~~~~~
BEFORE ANY ENCODING
num_features :9
num_classes : 1
cat_idx : [0]
nominal_idx : None
ordinal_idx : [1, 2, 3]
num_idx : None
cat_dims : [2]
bin_alt : None 


X_train shape : (17260, 9)
~~~~~~~~~~~~~~~~~~~~~~~~~~~~~~~~~~~~~~~~~~~~~~~~~~~~~~~~~~~~~~~~~~~~~~~~~~~~~~~
~~~~~~~~~~~~~~~~~~~~~~~~~~~~~~~~~~~~~~~~~~~~~~~~~~~~~~~~~~~~~~~~~~~~~~~~~~~~~~~
AFTER getting cat idx
Nominal Index : None
Ordinal Index : [1, 2, 3]
Cat Idx : [0]
Cat dims : [2]
~~~~~~~~~~~~~~~~~~~~~~~~~~~~~~~~~~~~~~~~~~~~~~~~~~~~~~~~~~~~~~~~~~~~~~~~~~~~~~~
BEFORE getting cat idx
Nominal Index : None
Ordinal Index : [1, 2, 3]
Cat Idx : [1, 2, 3]
Cat dims : []
~~~~~~~~~~~~~~~~~~~~~~~~~~~~~~~~~~~~~~~~~~~~~~~~~~~~~~~~~~~~~~~~~~~~~~~~~~~~~~~ 


AFTER SEPARATING CATEGORICALS AND NUMERICALS
Ordinal Index : [1, 2, 3]
Numerical Index V1 : [0, 4, 5, 6, 7, 8]
Cat Idx V1 : [1, 2, 3] 
Cat Dims V1 : []
 

~~~~~~~~~~~~~~~~~~~~~~~~~~~~~~~~~~~~~~~~~~~~~~~~~~~~~~~~~~~~~~~~~~~~~~~~~~~~~~~ 


Scaling the data...
~~~~~~~~~~~~~~~~~~~~~~~~~~~~~~~~~~~~~~~~~~~~~~~~~~~~~~~~~~~~~~~~~~~~~~~~~~~~~~~
After OHE
Numerical Index V2 : [0, 4, 5, 6, 7, 8] 


OHE Idx : None


Ordinal Idx V2: [1, 2, 3]


Cat Dims V2 : []
Cat Idx V2 : [1, 2, 3] 
 

Train: [[0.6056122183850853 'Very Good' 'I' 'SI1' 1.0026432502504303]
 [-1.2074014203259351 'Ideal' 'G' 'VVS1' -0.17231085112176278]
 [0.8375093117085876 'Very Good' 'H' 'VS2' 1.0026432502504303]
 [-0.21656838521642416 'Good' 'H' 'VVS2' 0.24237883171548216]
 [1.4699559298635947 'Very Good' 'E' 'VS2' -1.554609793912576]
 [0.01532870810707863 'Good' 'G' 'SI2' -0.5178855868194661]
 [-0.17440527733942365 'Very Good' 'J' 'VS2' 1.0026432502504303]
 [1.5121190377405953 'Premium' 'E' 'SI1' 0.5188386202736438]
 [-0.04791595370842213 'Very Good' 'G' 'SI1' 0.8644133559713472]
 [-1.0387489888179333 'Ideal' 'H' 'VS2' 0.31149377885502383]] 
 
 
Val : (17260, 9) 
 

~~~~~~~~~~~~~~~~~~~~~~~~~~~~~~~~~~~~~~~~~~~~~~~~~~~~~~~~~~~~~~~~~~~~~~~~~~~~~~~
Ordinal Encoding...
Cat Idx V3 : [1, 2, 3] 
 

~~~~~~~~~~~~~~~~~~~~~~~~~~~~~~~~~~~~~~~~~~~~~~~~~~~~~~~~~~~~~~~~~~~~~~~~~~~~~~~
After ORDINAL
Numerical Index V2 : [0, 4, 5, 6, 7, 8] 


OHE Idx : None


Ordinal Idx V2: [1, 2, 3]


Cat Dims V2 : [6, 8, 9]
Cat Idx V2 : [1, 2, 3] 
 

Train: [[0.6056122183850853 3 2 3 1.0026432502504303 0.6910429737359822
  0.7112260024593693 0.625830308316474 0.7857819795166546]
 [-1.2074014203259351 5 4 7 -0.17231085112176278 -0.20581483819738808
  -1.6111843293425183 -1.4840684715020724 -1.533401201652985]
 [0.8375093117085876 3 3 4 1.0026432502504303 -1.5511015560974435
  0.8809406036295075 0.8593368926442185 0.9916266405672136]
 [-0.21656838521642416 2 3 6 0.24237883171548216 2.9331875035694077
  -0.11054996110129857 -0.08302896553560661 -0.0650426194923258]
 [1.4699559298635947 3 6 4 -1.554609793912576 0.24261406776929706
  1.515137271160023 1.4431033534635793 1.2249172564245159]
 [0.01532870810707863 2 4 2 -0.5178855868194661 1.5879007856693526
  0.17528515665893402 0.20051474400522562 0.12707906415486347]
 [-0.17440527733942365 3 1 4 1.0026432502504303 1.1394718797026673
  0.023435250348809854 -0.04133136119136671 0.1133560867514925]
 [1.5121190377405953 4 6 3 0.5188386202736438 0.6910429737359822
  1.4168814494299429 1.2596338943489227 1.3895929852649624]
 [-0.04791595370842213 3 4 3 0.8644133559713472 0.24261406776929706
  0.06809698749884678 0.09210097271020158 0.18197097376834612]
 [-1.0387489888179333 5 3 4 0.31149377885502383 -1.1026726501307584
  -1.209228694992192 -1.158827157617 -1.1354348569552362]] 
 
 
Val : (17260, 9) 
 

FINISHED ENCODING
~~~~~~~~~~~~~~~~~~~~~~~~~~~~~~~~~~~~~~~~~~~~~~~~~~~~~~~~~~~~~~~~~~~~~~~~~~~~~~~


~~~~~~~~~~~~~~~~~~~~~~~~~~~~~~~~~~~~~~~~~~~~~~~~~~~~~~~~~~~~~~~~~~~~~~~~~~~~~~~
Test numpy array issues
X dtype: object
X Val dtype: object
X dtype: float32
X Val dtype: float32
After Debugging -- Inner Fold 1
DEBUG Inner Fold 1: num_features: 9
DEBUG Inner Fold 1: num_classes: 1
DEBUG Inner Fold 1: cat_idx: [1, 2, 3]
DEBUG Inner Fold 1: nominal_idx: None
DEBUG Inner Fold 1: ordinal_idx: [1, 2, 3]
DEBUG Inner Fold 1: num_idx: [0, 4, 5, 6, 7, 8]
DEBUG Inner Fold 1: cat_dims: [6, 8, 9]
DEBUG Inner Fold 1: bin_alt: None
In get_device
On Device: cuda
**** Data b4 Fitting ****
Train Data b4 training...
X: <class 'numpy.ndarray'> , y : (<class 'numpy.ndarray'>,), X_val: <class 'numpy.ndarray'> , y : <class 'numpy.ndarray'>

Train Data after...
X: <class 'torch.Tensor'> , y : (<class 'torch.Tensor'>,), X_val: <class 'torch.Tensor'> , y : <class 'torch.Tensor'>

Inner Fold 1 Results: {'MSE - mean': 30597763.835384402, 'MSE - std': 0.0, 'R2 - mean': -0.947484891734514, 'R2 - std': 0.0}
  outer_4_inner Fold 2/5
Before Debugging -- Inner Fold 2
DEBUG Inner Fold 2: num_features: 9
DEBUG Inner Fold 2: num_classes: 1
DEBUG Inner Fold 2: cat_idx: [0]
DEBUG Inner Fold 2: nominal_idx: None
DEBUG Inner Fold 2: ordinal_idx: [1, 2, 3]
DEBUG Inner Fold 2: num_idx: None
DEBUG Inner Fold 2: cat_dims: [2]
DEBUG Inner Fold 2: bin_alt: None
~~~~~~~~~~~~~~~~~~~~~~~~~~~~~~~~~~~~~~~~~~~~~~~~~~~~~~~~~~~~~~~~~~~~~~~~~~~~~~~
BEFORE ANY ENCODING
num_features :9
num_classes : 1
cat_idx : [0]
nominal_idx : None
ordinal_idx : [1, 2, 3]
num_idx : None
cat_dims : [2]
bin_alt : None 


X_train shape : (17261, 9)
~~~~~~~~~~~~~~~~~~~~~~~~~~~~~~~~~~~~~~~~~~~~~~~~~~~~~~~~~~~~~~~~~~~~~~~~~~~~~~~
~~~~~~~~~~~~~~~~~~~~~~~~~~~~~~~~~~~~~~~~~~~~~~~~~~~~~~~~~~~~~~~~~~~~~~~~~~~~~~~
AFTER getting cat idx
Nominal Index : None
Ordinal Index : [1, 2, 3]
Cat Idx : [0]
Cat dims : [2]
~~~~~~~~~~~~~~~~~~~~~~~~~~~~~~~~~~~~~~~~~~~~~~~~~~~~~~~~~~~~~~~~~~~~~~~~~~~~~~~
BEFORE getting cat idx
Nominal Index : None
Ordinal Index : [1, 2, 3]
Cat Idx : [1, 2, 3]
Cat dims : []
~~~~~~~~~~~~~~~~~~~~~~~~~~~~~~~~~~~~~~~~~~~~~~~~~~~~~~~~~~~~~~~~~~~~~~~~~~~~~~~ 


AFTER SEPARATING CATEGORICALS AND NUMERICALS
Ordinal Index : [1, 2, 3]
Numerical Index V1 : [0, 4, 5, 6, 7, 8]
Cat Idx V1 : [1, 2, 3] 
Cat Dims V1 : []
 

~~~~~~~~~~~~~~~~~~~~~~~~~~~~~~~~~~~~~~~~~~~~~~~~~~~~~~~~~~~~~~~~~~~~~~~~~~~~~~~ 


Scaling the data...
~~~~~~~~~~~~~~~~~~~~~~~~~~~~~~~~~~~~~~~~~~~~~~~~~~~~~~~~~~~~~~~~~~~~~~~~~~~~~~~
After OHE
Numerical Index V2 : [0, 4, 5, 6, 7, 8] 


OHE Idx : None


Ordinal Idx V2: [1, 2, 3]


Cat Dims V2 : []
Cat Idx V2 : [1, 2, 3] 
 

Train: [[0.607785970610672 'Very Good' 'I' 'SI1' 1.0121977008062089]
 [-1.2053462121385907 'Ideal' 'G' 'VVS1' -0.16941101609055764]
 [0.4602054441078249 'Premium' 'F' 'VS1' 0.10861456435573892]
 [0.8396982265437168 'Very Good' 'H' 'VS2' 1.0121977008062089]
 [1.472186197270204 'Very Good' 'E' 'VS2' -1.5595389183220454]
 [0.017463864599284118 'Good' 'G' 'SI2' -0.5169429916484296]
 [0.2493761205323293 'Good' 'E' 'SI2' 0.03910816924416355]
 [1.514352061985303 'Premium' 'E' 'SI1' 0.5256529350251863]
 [-0.04578493247336463 'Very Good' 'G' 'SI1' 0.8731849105830582]
 [-1.0366827532781941 'Ideal' 'H' 'VS2' 0.31713374969046504]] 
 
 
Val : (17261, 9) 
 

~~~~~~~~~~~~~~~~~~~~~~~~~~~~~~~~~~~~~~~~~~~~~~~~~~~~~~~~~~~~~~~~~~~~~~~~~~~~~~~
Ordinal Encoding...
Cat Idx V3 : [1, 2, 3] 
 

~~~~~~~~~~~~~~~~~~~~~~~~~~~~~~~~~~~~~~~~~~~~~~~~~~~~~~~~~~~~~~~~~~~~~~~~~~~~~~~
After ORDINAL
Numerical Index V2 : [0, 4, 5, 6, 7, 8] 


OHE Idx : None


Ordinal Idx V2: [1, 2, 3]


Cat Dims V2 : [6, 8, 9]
Cat Idx V2 : [1, 2, 3] 
 

Train: [[0.607785970610672 3 2 3 1.0121977008062089 0.6898283430350188
  0.7121782842340401 0.6368400440057588 0.7882273520529737]
 [-1.2053462121385907 5 4 7 -0.16941101609055764 -0.2135510069308389
  -1.6054154480422937 -1.4982708363668316 -1.5309513670728871]
 [0.4602054441078249 4 5 5 0.10861456435573892 0.23813866805208997
  0.6319538858090902 0.6368400440057588 0.6372748910447811]
 [0.8396982265437168 3 3 4 1.0121977008062089 -1.5686200318796255
  0.8815409031311571 0.8731369003315793 0.994071617064144]
 [1.472186197270204 3 6 4 -1.5595389183220454 0.23813866805208997
  1.5144222684835404 1.4638790411461302 1.2273617840768056]
 [0.017463864599284118 2 4 2 -0.5169429916484296 1.5932076930008765
  0.17734896140104026 0.20644219855515777 0.1295257040172262]
 [0.2493761205323293 2 6 2 0.03910816924416355 0.6898283430350188
  0.3288839362037236 0.3752256673593153 0.3490929200291416]
 [1.514352061985303 4 6 3 0.5256529350251863 0.6898283430350188
  1.4163702259641568 1.2782172254615567 1.3920371960857416]
 [-0.04578493247336463 3 4 3 0.8731849105830582 0.23813866805208997
  0.07038309683444016 0.09673294383245558 0.18441750802020523]
 [-1.0366827532781941 5 3 4 0.31713374969046504 -1.1169303568966966
  -1.2042934559175438 -1.1691430721987246 -1.1329857880512897]] 
 
 
Val : (17261, 9) 
 

FINISHED ENCODING
~~~~~~~~~~~~~~~~~~~~~~~~~~~~~~~~~~~~~~~~~~~~~~~~~~~~~~~~~~~~~~~~~~~~~~~~~~~~~~~


~~~~~~~~~~~~~~~~~~~~~~~~~~~~~~~~~~~~~~~~~~~~~~~~~~~~~~~~~~~~~~~~~~~~~~~~~~~~~~~
Test numpy array issues
X dtype: object
X Val dtype: object
X dtype: float32
X Val dtype: float32
After Debugging -- Inner Fold 2
DEBUG Inner Fold 2: num_features: 9
DEBUG Inner Fold 2: num_classes: 1
DEBUG Inner Fold 2: cat_idx: [1, 2, 3]
DEBUG Inner Fold 2: nominal_idx: None
DEBUG Inner Fold 2: ordinal_idx: [1, 2, 3]
DEBUG Inner Fold 2: num_idx: [0, 4, 5, 6, 7, 8]
DEBUG Inner Fold 2: cat_dims: [6, 8, 9]
DEBUG Inner Fold 2: bin_alt: None
In get_device
On Device: cuda
**** Data b4 Fitting ****
Train Data b4 training...
X: <class 'numpy.ndarray'> , y : (<class 'numpy.ndarray'>,), X_val: <class 'numpy.ndarray'> , y : <class 'numpy.ndarray'>

Train Data after...
X: <class 'torch.Tensor'> , y : (<class 'torch.Tensor'>,), X_val: <class 'torch.Tensor'> , y : <class 'torch.Tensor'>

Inner Fold 2 Results: {'MSE - mean': 30531650.540726006, 'MSE - std': 66113.29465839453, 'R2 - mean': -0.9499893097740767, 'R2 - std': 0.0025044180395626947}
  outer_4_inner Fold 3/5
Before Debugging -- Inner Fold 3
DEBUG Inner Fold 3: num_features: 9
DEBUG Inner Fold 3: num_classes: 1
DEBUG Inner Fold 3: cat_idx: [0]
DEBUG Inner Fold 3: nominal_idx: None
DEBUG Inner Fold 3: ordinal_idx: [1, 2, 3]
DEBUG Inner Fold 3: num_idx: None
DEBUG Inner Fold 3: cat_dims: [2]
DEBUG Inner Fold 3: bin_alt: None
~~~~~~~~~~~~~~~~~~~~~~~~~~~~~~~~~~~~~~~~~~~~~~~~~~~~~~~~~~~~~~~~~~~~~~~~~~~~~~~
BEFORE ANY ENCODING
num_features :9
num_classes : 1
cat_idx : [0]
nominal_idx : None
ordinal_idx : [1, 2, 3]
num_idx : None
cat_dims : [2]
bin_alt : None 


X_train shape : (17261, 9)
~~~~~~~~~~~~~~~~~~~~~~~~~~~~~~~~~~~~~~~~~~~~~~~~~~~~~~~~~~~~~~~~~~~~~~~~~~~~~~~
~~~~~~~~~~~~~~~~~~~~~~~~~~~~~~~~~~~~~~~~~~~~~~~~~~~~~~~~~~~~~~~~~~~~~~~~~~~~~~~
AFTER getting cat idx
Nominal Index : None
Ordinal Index : [1, 2, 3]
Cat Idx : [0]
Cat dims : [2]
~~~~~~~~~~~~~~~~~~~~~~~~~~~~~~~~~~~~~~~~~~~~~~~~~~~~~~~~~~~~~~~~~~~~~~~~~~~~~~~
BEFORE getting cat idx
Nominal Index : None
Ordinal Index : [1, 2, 3]
Cat Idx : [1, 2, 3]
Cat dims : []
~~~~~~~~~~~~~~~~~~~~~~~~~~~~~~~~~~~~~~~~~~~~~~~~~~~~~~~~~~~~~~~~~~~~~~~~~~~~~~~ 


AFTER SEPARATING CATEGORICALS AND NUMERICALS
Ordinal Index : [1, 2, 3]
Numerical Index V1 : [0, 4, 5, 6, 7, 8]
Cat Idx V1 : [1, 2, 3] 
Cat Dims V1 : []
 

~~~~~~~~~~~~~~~~~~~~~~~~~~~~~~~~~~~~~~~~~~~~~~~~~~~~~~~~~~~~~~~~~~~~~~~~~~~~~~~ 


Scaling the data...
~~~~~~~~~~~~~~~~~~~~~~~~~~~~~~~~~~~~~~~~~~~~~~~~~~~~~~~~~~~~~~~~~~~~~~~~~~~~~~~
After OHE
Numerical Index V2 : [0, 4, 5, 6, 7, 8] 


OHE Idx : None


Ordinal Idx V2: [1, 2, 3]


Cat Dims V2 : []
Cat Idx V2 : [1, 2, 3] 
 

Train: [[0.6109382040777849 'Very Good' 'I' 'SI1' 1.0117335995303174]
 [-1.2044798028572623 'Ideal' 'G' 'VVS1' -0.16481653598763063]
 [0.4631716221179553 'Premium' 'F' 'VS1' 0.11201879001659097]
 [0.8431428328718023 'Very Good' 'H' 'VS2' 1.0117335995303174]
 [-0.21233275255555067 'Good' 'H' 'VVS2' 0.2504364530187042]
 [1.476428184128214 'Very Good' 'E' 'VS2' -1.5489931660087435]
 [0.019871876238467166 'Good' 'G' 'SI2' -0.5108606934929089]
 [0.2520765050324848 'Good' 'E' 'SI2' 0.04280995851553434]
 [-0.17011372913845652 'Very Good' 'J' 'VS2' 1.0117335995303174]
 [1.5186472075453081 'Premium' 'E' 'SI1' 0.5272717790229259]] 
 
 
Val : (17261, 9) 
 

~~~~~~~~~~~~~~~~~~~~~~~~~~~~~~~~~~~~~~~~~~~~~~~~~~~~~~~~~~~~~~~~~~~~~~~~~~~~~~~
Ordinal Encoding...
Cat Idx V3 : [1, 2, 3] 
 

~~~~~~~~~~~~~~~~~~~~~~~~~~~~~~~~~~~~~~~~~~~~~~~~~~~~~~~~~~~~~~~~~~~~~~~~~~~~~~~
After ORDINAL
Numerical Index V2 : [0, 4, 5, 6, 7, 8] 


OHE Idx : None


Ordinal Idx V2: [1, 2, 3]


Cat Dims V2 : [6, 8, 9]
Cat Idx V2 : [1, 2, 3] 
 

Train: [[0.6109382040777849 3 2 3 1.0117335995303174 0.6813313073525943
  0.7142979641224916 0.6288798646995667 0.7911297332776006]
 [-1.2044798028572623 5 4 7 -0.16481653598763063 -0.21353102134527316
  -1.6029433099183048 -1.4767369160355326 -1.5275752076465492]
 [0.4631716221179553 4 5 5 0.11201879001659097 0.2339001430036606
  0.6340857661749256 0.6288798646995667 0.6402081099038389]
 [0.8431428328718023 3 3 4 1.0117335995303174 -1.5558245143920744
  0.8836348264562425 0.8619125518955463 0.9969319469690925]
 [-0.21233275255555067 2 3 6 0.2504364530187042 2.918487129097263
  -0.10564894823040555 -0.0785407928596561 -0.05951941664723556]
 [1.476428184128214 3 6 4 -1.5489931660087435 0.2339001430036606
  1.5164199435981522 1.4444942698854948 1.2301744558194518]
 [0.019871876238467166 2 4 2 -0.5108606934929089 1.5761936360504618
  0.17954997780538504 0.20442747016403304 0.13256264946482435]
 [0.2520765050324848 2 6 2 0.04280995851553434 0.6813313073525943
  0.3310619072618986 0.3708793895897327 0.3520850107357494]
 [-0.17011372913845652 3 1 4 1.0117335995303174 1.128762471701528
  0.028038048348870692 -0.03692781300323135 0.11884250188539121]
 [1.5186472075453081 4 6 3 0.5272717790229259 0.6813313073525943
  1.4183828127733489 1.2613971585172248 1.394816226772645]] 
 
 
Val : (17261, 9) 
 

FINISHED ENCODING
~~~~~~~~~~~~~~~~~~~~~~~~~~~~~~~~~~~~~~~~~~~~~~~~~~~~~~~~~~~~~~~~~~~~~~~~~~~~~~~


~~~~~~~~~~~~~~~~~~~~~~~~~~~~~~~~~~~~~~~~~~~~~~~~~~~~~~~~~~~~~~~~~~~~~~~~~~~~~~~
Test numpy array issues
X dtype: object
X Val dtype: object
X dtype: float32
X Val dtype: float32
After Debugging -- Inner Fold 3
DEBUG Inner Fold 3: num_features: 9
DEBUG Inner Fold 3: num_classes: 1
DEBUG Inner Fold 3: cat_idx: [1, 2, 3]
DEBUG Inner Fold 3: nominal_idx: None
DEBUG Inner Fold 3: ordinal_idx: [1, 2, 3]
DEBUG Inner Fold 3: num_idx: [0, 4, 5, 6, 7, 8]
DEBUG Inner Fold 3: cat_dims: [6, 8, 9]
DEBUG Inner Fold 3: bin_alt: None
In get_device
On Device: cuda
**** Data b4 Fitting ****
Train Data b4 training...
X: <class 'numpy.ndarray'> , y : (<class 'numpy.ndarray'>,), X_val: <class 'numpy.ndarray'> , y : <class 'numpy.ndarray'>

Train Data after...
X: <class 'torch.Tensor'> , y : (<class 'torch.Tensor'>,), X_val: <class 'torch.Tensor'> , y : <class 'torch.Tensor'>

Inner Fold 3 Results: {'MSE - mean': 30706558.997513995, 'MSE - std': 253179.61015644475, 'R2 - mean': -0.9569099974529133, 'R2 - std': 0.009998662029187932}
  outer_4_inner Fold 4/5
Before Debugging -- Inner Fold 4
DEBUG Inner Fold 4: num_features: 9
DEBUG Inner Fold 4: num_classes: 1
DEBUG Inner Fold 4: cat_idx: [0]
DEBUG Inner Fold 4: nominal_idx: None
DEBUG Inner Fold 4: ordinal_idx: [1, 2, 3]
DEBUG Inner Fold 4: num_idx: None
DEBUG Inner Fold 4: cat_dims: [2]
DEBUG Inner Fold 4: bin_alt: None
~~~~~~~~~~~~~~~~~~~~~~~~~~~~~~~~~~~~~~~~~~~~~~~~~~~~~~~~~~~~~~~~~~~~~~~~~~~~~~~
BEFORE ANY ENCODING
num_features :9
num_classes : 1
cat_idx : [0]
nominal_idx : None
ordinal_idx : [1, 2, 3]
num_idx : None
cat_dims : [2]
bin_alt : None 


X_train shape : (17261, 9)
~~~~~~~~~~~~~~~~~~~~~~~~~~~~~~~~~~~~~~~~~~~~~~~~~~~~~~~~~~~~~~~~~~~~~~~~~~~~~~~
~~~~~~~~~~~~~~~~~~~~~~~~~~~~~~~~~~~~~~~~~~~~~~~~~~~~~~~~~~~~~~~~~~~~~~~~~~~~~~~
AFTER getting cat idx
Nominal Index : None
Ordinal Index : [1, 2, 3]
Cat Idx : [0]
Cat dims : [2]
~~~~~~~~~~~~~~~~~~~~~~~~~~~~~~~~~~~~~~~~~~~~~~~~~~~~~~~~~~~~~~~~~~~~~~~~~~~~~~~
BEFORE getting cat idx
Nominal Index : None
Ordinal Index : [1, 2, 3]
Cat Idx : [1, 2, 3]
Cat dims : []
~~~~~~~~~~~~~~~~~~~~~~~~~~~~~~~~~~~~~~~~~~~~~~~~~~~~~~~~~~~~~~~~~~~~~~~~~~~~~~~ 


AFTER SEPARATING CATEGORICALS AND NUMERICALS
Ordinal Index : [1, 2, 3]
Numerical Index V1 : [0, 4, 5, 6, 7, 8]
Cat Idx V1 : [1, 2, 3] 
Cat Dims V1 : []
 

~~~~~~~~~~~~~~~~~~~~~~~~~~~~~~~~~~~~~~~~~~~~~~~~~~~~~~~~~~~~~~~~~~~~~~~~~~~~~~~ 


Scaling the data...
~~~~~~~~~~~~~~~~~~~~~~~~~~~~~~~~~~~~~~~~~~~~~~~~~~~~~~~~~~~~~~~~~~~~~~~~~~~~~~~
After OHE
Numerical Index V2 : [0, 4, 5, 6, 7, 8] 


OHE Idx : None


Ordinal Idx V2: [1, 2, 3]


Cat Dims V2 : []
Cat Idx V2 : [1, 2, 3] 
 

Train: [[0.6125849979964727 'Very Good' 'I' 'SI1' 1.0003980256446436]
 [-1.1997198902296093 'Ideal' 'G' 'VVS1' -0.1716044155507287]
 [0.46507180941993104 'Premium' 'F' 'VS1' 0.10416086473053394]
 [0.8443914371881805 'Very Good' 'H' 'VS2' 1.0003980256446436]
 [-0.20927419550140183 'Good' 'H' 'VVS2' 0.24204350487116771]
 [1.4765908168019302 'Very Good' 'E' 'VS2' -1.5504308169570469]
 [0.2543386828820146 'Good' 'E' 'SI2' 0.03521954466021706]
 [-0.1671275701938185 'Very Good' 'J' 'VS2' 1.0003980256446436]
 [1.5187374421095134 'Premium' 'E' 'SI1' 0.5178087851524303]
 [-1.031133388999276 'Ideal' 'H' 'VS2' 0.3109848249414846]] 
 
 
Val : (17261, 9) 
 

~~~~~~~~~~~~~~~~~~~~~~~~~~~~~~~~~~~~~~~~~~~~~~~~~~~~~~~~~~~~~~~~~~~~~~~~~~~~~~~
Ordinal Encoding...
Cat Idx V3 : [1, 2, 3] 
 

~~~~~~~~~~~~~~~~~~~~~~~~~~~~~~~~~~~~~~~~~~~~~~~~~~~~~~~~~~~~~~~~~~~~~~~~~~~~~~~
After ORDINAL
Numerical Index V2 : [0, 4, 5, 6, 7, 8] 


OHE Idx : None


Ordinal Idx V2: [1, 2, 3]


Cat Dims V2 : [6, 8, 9]
Cat Idx V2 : [1, 2, 3] 
 

Train: [[0.6125849979964727 3 2 3 1.0003980256446436 0.6818477980138942
  0.7181266017086537 0.6743891293634702 0.8336327416079901]
 [-1.1997198902296093 5 4 7 -0.1716044155507287 -0.2148391480233909
  -1.5992879928108343 -1.5617274544070479 -1.5944838069437477]
 [0.46507180941993104 4 5 5 0.10416086473053394 0.23350432499525162
  0.6379084042060562 0.6743891293634702 0.6755896526490007]
 [0.8443914371881805 3 3 4 1.0003980256446436 -1.5598695670793186
  0.8874761297696936 0.9218644825080338 1.0491460447338832]
 [-0.20927419550140183 2 3 6 0.24204350487116771 2.923565163107107
  -0.10188163942901116 -0.07687533553966802 -0.05715557797903817]
 [1.4765908168019302 3 6 4 -1.5504308169570469 0.23350432499525162
  1.5203085767346307 1.540552865369442 1.2933944549432308]
 [0.2543386828820146 2 6 2 0.03521954466021706 0.6818477980138942
  0.33486188030735403 0.4003985598105612 0.3738710282727494]
 [-0.1671275701938185 3 1 4 1.0003980256446436 1.1301912710325368
  0.03181535640865112 -0.03268330819242474 0.12962261806340306]
 [1.5187374421095134 4 6 3 0.5178087851524303 0.6818477980138942
  1.4222641131203444 1.3461079450415703 1.4658050974439447]
 [-1.031133388999276 5 3 4 0.3109848249414846 -1.111526094060676
  -1.1981970052978461 -1.2170296410985488 -1.1778247542336862]] 
 
 
Val : (17261, 9) 
 

FINISHED ENCODING
~~~~~~~~~~~~~~~~~~~~~~~~~~~~~~~~~~~~~~~~~~~~~~~~~~~~~~~~~~~~~~~~~~~~~~~~~~~~~~~


~~~~~~~~~~~~~~~~~~~~~~~~~~~~~~~~~~~~~~~~~~~~~~~~~~~~~~~~~~~~~~~~~~~~~~~~~~~~~~~
Test numpy array issues
X dtype: object
X Val dtype: object
X dtype: float32
X Val dtype: float32
After Debugging -- Inner Fold 4
DEBUG Inner Fold 4: num_features: 9
DEBUG Inner Fold 4: num_classes: 1
DEBUG Inner Fold 4: cat_idx: [1, 2, 3]
DEBUG Inner Fold 4: nominal_idx: None
DEBUG Inner Fold 4: ordinal_idx: [1, 2, 3]
DEBUG Inner Fold 4: num_idx: [0, 4, 5, 6, 7, 8]
DEBUG Inner Fold 4: cat_dims: [6, 8, 9]
DEBUG Inner Fold 4: bin_alt: None
In get_device
On Device: cuda
**** Data b4 Fitting ****
Train Data b4 training...
X: <class 'numpy.ndarray'> , y : (<class 'numpy.ndarray'>,), X_val: <class 'numpy.ndarray'> , y : <class 'numpy.ndarray'>

Train Data after...
X: <class 'torch.Tensor'> , y : (<class 'torch.Tensor'>,), X_val: <class 'torch.Tensor'> , y : <class 'torch.Tensor'>

Inner Fold 4 Results: {'MSE - mean': 30991438.45833724, 'MSE - std': 539948.0140217717, 'R2 - mean': -0.9633014421694199, 'R2 - std': 0.01405459456807357}
  outer_4_inner Fold 5/5
Before Debugging -- Inner Fold 5
DEBUG Inner Fold 5: num_features: 9
DEBUG Inner Fold 5: num_classes: 1
DEBUG Inner Fold 5: cat_idx: [0]
DEBUG Inner Fold 5: nominal_idx: None
DEBUG Inner Fold 5: ordinal_idx: [1, 2, 3]
DEBUG Inner Fold 5: num_idx: None
DEBUG Inner Fold 5: cat_dims: [2]
DEBUG Inner Fold 5: bin_alt: None
~~~~~~~~~~~~~~~~~~~~~~~~~~~~~~~~~~~~~~~~~~~~~~~~~~~~~~~~~~~~~~~~~~~~~~~~~~~~~~~
BEFORE ANY ENCODING
num_features :9
num_classes : 1
cat_idx : [0]
nominal_idx : None
ordinal_idx : [1, 2, 3]
num_idx : None
cat_dims : [2]
bin_alt : None 


X_train shape : (17261, 9)
~~~~~~~~~~~~~~~~~~~~~~~~~~~~~~~~~~~~~~~~~~~~~~~~~~~~~~~~~~~~~~~~~~~~~~~~~~~~~~~
~~~~~~~~~~~~~~~~~~~~~~~~~~~~~~~~~~~~~~~~~~~~~~~~~~~~~~~~~~~~~~~~~~~~~~~~~~~~~~~
AFTER getting cat idx
Nominal Index : None
Ordinal Index : [1, 2, 3]
Cat Idx : [0]
Cat dims : [2]
~~~~~~~~~~~~~~~~~~~~~~~~~~~~~~~~~~~~~~~~~~~~~~~~~~~~~~~~~~~~~~~~~~~~~~~~~~~~~~~
BEFORE getting cat idx
Nominal Index : None
Ordinal Index : [1, 2, 3]
Cat Idx : [1, 2, 3]
Cat dims : []
~~~~~~~~~~~~~~~~~~~~~~~~~~~~~~~~~~~~~~~~~~~~~~~~~~~~~~~~~~~~~~~~~~~~~~~~~~~~~~~ 


AFTER SEPARATING CATEGORICALS AND NUMERICALS
Ordinal Index : [1, 2, 3]
Numerical Index V1 : [0, 4, 5, 6, 7, 8]
Cat Idx V1 : [1, 2, 3] 
Cat Dims V1 : []
 

~~~~~~~~~~~~~~~~~~~~~~~~~~~~~~~~~~~~~~~~~~~~~~~~~~~~~~~~~~~~~~~~~~~~~~~~~~~~~~~ 


Scaling the data...
~~~~~~~~~~~~~~~~~~~~~~~~~~~~~~~~~~~~~~~~~~~~~~~~~~~~~~~~~~~~~~~~~~~~~~~~~~~~~~~
After OHE
Numerical Index V2 : [0, 4, 5, 6, 7, 8] 


OHE Idx : None


Ordinal Idx V2: [1, 2, 3]


Cat Dims V2 : []
Cat Idx V2 : [1, 2, 3] 
 

Train: [[0.4687592703832853 'Premium' 'F' 'VS1' 0.10755254250566874]
 [-0.20708885575152014 'Good' 'H' 'VVS2' 0.24502260331431983]
 [0.025233937607319384 'Good' 'G' 'SI2' -0.5110627311332514]
 [0.25755673096615866 'Good' 'E' 'SI2' 0.038817512101343196]
 [-0.16484834786809477 'Very Good' 'J' 'VS2' 1.001107937761891]
 [-0.03812682421781867 'Very Good' 'G' 'SI1' 0.86363787695324]
 [0.6799618098004121 'Premium' 'G' 'SI2' -0.5110627311332514]
 [-0.52389266487721 'Good' 'H' 'SI1' 1.2760480593791883]
 [-0.18596860180980745 'Premium' 'D' 'VS1' -2.504378612858663]
 [-0.6294939345857734 'Very Good' 'G' 'SI1' -1.679558248006771]] 
 
 
Val : (17261, 9) 
 

~~~~~~~~~~~~~~~~~~~~~~~~~~~~~~~~~~~~~~~~~~~~~~~~~~~~~~~~~~~~~~~~~~~~~~~~~~~~~~~
Ordinal Encoding...
Cat Idx V3 : [1, 2, 3] 
 

~~~~~~~~~~~~~~~~~~~~~~~~~~~~~~~~~~~~~~~~~~~~~~~~~~~~~~~~~~~~~~~~~~~~~~~~~~~~~~~
After ORDINAL
Numerical Index V2 : [0, 4, 5, 6, 7, 8] 


OHE Idx : None


Ordinal Idx V2: [1, 2, 3]


Cat Dims V2 : [6, 8, 9]
Cat Idx V2 : [1, 2, 3] 
 

Train: [[0.4687592703832853 4 5 5 0.10755254250566874 0.23283543223512176
  0.640476514444756 0.6348645012546086 0.6452527650263569]
 [-0.20708885575152014 2 3 6 0.24502260331431983 2.926426394877456
  -0.09882497804849394 -0.07224955865941347 -0.05469856918079232]
 [0.025233937607319384 2 4 2 -0.5110627311332514 1.579630913556289
  0.18620692267179542 0.21059606530619535 0.13744493432705282]
 [0.25755673096615866 2 6 2 0.038817512101343196 0.6817672593421774
  0.33763011992944897 0.37697584410949486 0.35703750976458953]
 [-0.16484834786809477 3 1 4 1.001107937761891 1.1306990864492332
  0.03478372541414111 -0.03065461395858878 0.12372039836220643]
 [-0.03812682421781867 3 4 3 0.86363787695324 0.23283543223512176
  0.07931995990168692 0.10244920908405084 0.19234307818643714]
 [0.6799618098004121 4 4 2 -0.5110627311332514 1.1306990864492332
  0.8631576868824818 0.7513303464169179 0.727599980815434]
 [-0.52389266487721 2 3 3 1.2760480593791883 -1.1139600490860453
  -0.49074384153889183 -0.4216470941463421 -0.31546475251286754]
 [-0.18596860180980745 4 7 5 -2.504378612858663 2.0285627406633444
  0.14167068818424963 0.08581123120372051 -0.17821939286440674]
 [-0.6294939345857734 3 4 3 -1.679558248006771 0.23283543223512176
  -0.4818365946413822 -0.4133281052061773 -0.6174045437394814]] 
 
 
Val : (17261, 9) 
 

FINISHED ENCODING
~~~~~~~~~~~~~~~~~~~~~~~~~~~~~~~~~~~~~~~~~~~~~~~~~~~~~~~~~~~~~~~~~~~~~~~~~~~~~~~


~~~~~~~~~~~~~~~~~~~~~~~~~~~~~~~~~~~~~~~~~~~~~~~~~~~~~~~~~~~~~~~~~~~~~~~~~~~~~~~
Test numpy array issues
X dtype: object
X Val dtype: object
X dtype: float32
X Val dtype: float32
After Debugging -- Inner Fold 5
DEBUG Inner Fold 5: num_features: 9
DEBUG Inner Fold 5: num_classes: 1
DEBUG Inner Fold 5: cat_idx: [1, 2, 3]
DEBUG Inner Fold 5: nominal_idx: None
DEBUG Inner Fold 5: ordinal_idx: [1, 2, 3]
DEBUG Inner Fold 5: num_idx: [0, 4, 5, 6, 7, 8]
DEBUG Inner Fold 5: cat_dims: [6, 8, 9]
DEBUG Inner Fold 5: bin_alt: None
In get_device
On Device: cuda
**** Data b4 Fitting ****
Train Data b4 training...
X: <class 'numpy.ndarray'> , y : (<class 'numpy.ndarray'>,), X_val: <class 'numpy.ndarray'> , y : <class 'numpy.ndarray'>

Train Data after...
X: <class 'torch.Tensor'> , y : (<class 'torch.Tensor'>,), X_val: <class 'torch.Tensor'> , y : <class 'torch.Tensor'>

Inner Fold 5 Results: {'MSE - mean': 31290814.94770198, 'MSE - std': 769246.5247333008, 'R2 - mean': -0.9665388592602614, 'R2 - std': 0.014140324623523734}
Trial Results B4 Saving: {'MSE - mean': 31290814.94770198, 'MSE - std': 769246.5247333008, 'R2 - mean': -0.9665388592602614, 'R2 - std': 0.014140324623523734}
Score: 31290814.94770198
  outer_4_inner Fold 1/5
Before Debugging -- Inner Fold 1
DEBUG Inner Fold 1: num_features: 9
DEBUG Inner Fold 1: num_classes: 1
DEBUG Inner Fold 1: cat_idx: [0]
DEBUG Inner Fold 1: nominal_idx: None
DEBUG Inner Fold 1: ordinal_idx: [1, 2, 3]
DEBUG Inner Fold 1: num_idx: None
DEBUG Inner Fold 1: cat_dims: [2]
DEBUG Inner Fold 1: bin_alt: None
~~~~~~~~~~~~~~~~~~~~~~~~~~~~~~~~~~~~~~~~~~~~~~~~~~~~~~~~~~~~~~~~~~~~~~~~~~~~~~~
BEFORE ANY ENCODING
num_features :9
num_classes : 1
cat_idx : [0]
nominal_idx : None
ordinal_idx : [1, 2, 3]
num_idx : None
cat_dims : [2]
bin_alt : None 


X_train shape : (17260, 9)
~~~~~~~~~~~~~~~~~~~~~~~~~~~~~~~~~~~~~~~~~~~~~~~~~~~~~~~~~~~~~~~~~~~~~~~~~~~~~~~
~~~~~~~~~~~~~~~~~~~~~~~~~~~~~~~~~~~~~~~~~~~~~~~~~~~~~~~~~~~~~~~~~~~~~~~~~~~~~~~
AFTER getting cat idx
Nominal Index : None
Ordinal Index : [1, 2, 3]
Cat Idx : [0]
Cat dims : [2]
~~~~~~~~~~~~~~~~~~~~~~~~~~~~~~~~~~~~~~~~~~~~~~~~~~~~~~~~~~~~~~~~~~~~~~~~~~~~~~~
BEFORE getting cat idx
Nominal Index : None
Ordinal Index : [1, 2, 3]
Cat Idx : [1, 2, 3]
Cat dims : []
~~~~~~~~~~~~~~~~~~~~~~~~~~~~~~~~~~~~~~~~~~~~~~~~~~~~~~~~~~~~~~~~~~~~~~~~~~~~~~~ 


AFTER SEPARATING CATEGORICALS AND NUMERICALS
Ordinal Index : [1, 2, 3]
Numerical Index V1 : [0, 4, 5, 6, 7, 8]
Cat Idx V1 : [1, 2, 3] 
Cat Dims V1 : []
 

~~~~~~~~~~~~~~~~~~~~~~~~~~~~~~~~~~~~~~~~~~~~~~~~~~~~~~~~~~~~~~~~~~~~~~~~~~~~~~~ 


Scaling the data...
~~~~~~~~~~~~~~~~~~~~~~~~~~~~~~~~~~~~~~~~~~~~~~~~~~~~~~~~~~~~~~~~~~~~~~~~~~~~~~~
After OHE
Numerical Index V2 : [0, 4, 5, 6, 7, 8] 


OHE Idx : None


Ordinal Idx V2: [1, 2, 3]


Cat Dims V2 : []
Cat Idx V2 : [1, 2, 3] 
 

Train: [[0.6056122183850853 'Very Good' 'I' 'SI1' 1.0026432502504303]
 [-1.2074014203259351 'Ideal' 'G' 'VVS1' -0.17231085112176278]
 [0.8375093117085876 'Very Good' 'H' 'VS2' 1.0026432502504303]
 [-0.21656838521642416 'Good' 'H' 'VVS2' 0.24237883171548216]
 [1.4699559298635947 'Very Good' 'E' 'VS2' -1.554609793912576]
 [0.01532870810707863 'Good' 'G' 'SI2' -0.5178855868194661]
 [-0.17440527733942365 'Very Good' 'J' 'VS2' 1.0026432502504303]
 [1.5121190377405953 'Premium' 'E' 'SI1' 0.5188386202736438]
 [-0.04791595370842213 'Very Good' 'G' 'SI1' 0.8644133559713472]
 [-1.0387489888179333 'Ideal' 'H' 'VS2' 0.31149377885502383]] 
 
 
Val : (17260, 9) 
 

~~~~~~~~~~~~~~~~~~~~~~~~~~~~~~~~~~~~~~~~~~~~~~~~~~~~~~~~~~~~~~~~~~~~~~~~~~~~~~~
Ordinal Encoding...
Cat Idx V3 : [1, 2, 3] 
 

~~~~~~~~~~~~~~~~~~~~~~~~~~~~~~~~~~~~~~~~~~~~~~~~~~~~~~~~~~~~~~~~~~~~~~~~~~~~~~~
After ORDINAL
Numerical Index V2 : [0, 4, 5, 6, 7, 8] 


OHE Idx : None


Ordinal Idx V2: [1, 2, 3]


Cat Dims V2 : [6, 8, 9]
Cat Idx V2 : [1, 2, 3] 
 

Train: [[0.6056122183850853 3 2 3 1.0026432502504303 0.6910429737359822
  0.7112260024593693 0.625830308316474 0.7857819795166546]
 [-1.2074014203259351 5 4 7 -0.17231085112176278 -0.20581483819738808
  -1.6111843293425183 -1.4840684715020724 -1.533401201652985]
 [0.8375093117085876 3 3 4 1.0026432502504303 -1.5511015560974435
  0.8809406036295075 0.8593368926442185 0.9916266405672136]
 [-0.21656838521642416 2 3 6 0.24237883171548216 2.9331875035694077
  -0.11054996110129857 -0.08302896553560661 -0.0650426194923258]
 [1.4699559298635947 3 6 4 -1.554609793912576 0.24261406776929706
  1.515137271160023 1.4431033534635793 1.2249172564245159]
 [0.01532870810707863 2 4 2 -0.5178855868194661 1.5879007856693526
  0.17528515665893402 0.20051474400522562 0.12707906415486347]
 [-0.17440527733942365 3 1 4 1.0026432502504303 1.1394718797026673
  0.023435250348809854 -0.04133136119136671 0.1133560867514925]
 [1.5121190377405953 4 6 3 0.5188386202736438 0.6910429737359822
  1.4168814494299429 1.2596338943489227 1.3895929852649624]
 [-0.04791595370842213 3 4 3 0.8644133559713472 0.24261406776929706
  0.06809698749884678 0.09210097271020158 0.18197097376834612]
 [-1.0387489888179333 5 3 4 0.31149377885502383 -1.1026726501307584
  -1.209228694992192 -1.158827157617 -1.1354348569552362]] 
 
 
Val : (17260, 9) 
 

FINISHED ENCODING
~~~~~~~~~~~~~~~~~~~~~~~~~~~~~~~~~~~~~~~~~~~~~~~~~~~~~~~~~~~~~~~~~~~~~~~~~~~~~~~


~~~~~~~~~~~~~~~~~~~~~~~~~~~~~~~~~~~~~~~~~~~~~~~~~~~~~~~~~~~~~~~~~~~~~~~~~~~~~~~
Test numpy array issues
X dtype: object
X Val dtype: object
X dtype: float32
X Val dtype: float32
After Debugging -- Inner Fold 1
DEBUG Inner Fold 1: num_features: 9
DEBUG Inner Fold 1: num_classes: 1
DEBUG Inner Fold 1: cat_idx: [1, 2, 3]
DEBUG Inner Fold 1: nominal_idx: None
DEBUG Inner Fold 1: ordinal_idx: [1, 2, 3]
DEBUG Inner Fold 1: num_idx: [0, 4, 5, 6, 7, 8]
DEBUG Inner Fold 1: cat_dims: [6, 8, 9]
DEBUG Inner Fold 1: bin_alt: None
In get_device
On Device: cuda
**** Data b4 Fitting ****
Train Data b4 training...
X: <class 'numpy.ndarray'> , y : (<class 'numpy.ndarray'>,), X_val: <class 'numpy.ndarray'> , y : <class 'numpy.ndarray'>

Train Data after...
X: <class 'torch.Tensor'> , y : (<class 'torch.Tensor'>,), X_val: <class 'torch.Tensor'> , y : <class 'torch.Tensor'>

Inner Fold 1 Results: {'MSE - mean': 30787483.42532761, 'MSE - std': 0.0, 'R2 - mean': -0.959560154393192, 'R2 - std': 0.0}
  outer_4_inner Fold 2/5
Before Debugging -- Inner Fold 2
DEBUG Inner Fold 2: num_features: 9
DEBUG Inner Fold 2: num_classes: 1
DEBUG Inner Fold 2: cat_idx: [0]
DEBUG Inner Fold 2: nominal_idx: None
DEBUG Inner Fold 2: ordinal_idx: [1, 2, 3]
DEBUG Inner Fold 2: num_idx: None
DEBUG Inner Fold 2: cat_dims: [2]
DEBUG Inner Fold 2: bin_alt: None
~~~~~~~~~~~~~~~~~~~~~~~~~~~~~~~~~~~~~~~~~~~~~~~~~~~~~~~~~~~~~~~~~~~~~~~~~~~~~~~
BEFORE ANY ENCODING
num_features :9
num_classes : 1
cat_idx : [0]
nominal_idx : None
ordinal_idx : [1, 2, 3]
num_idx : None
cat_dims : [2]
bin_alt : None 


X_train shape : (17261, 9)
~~~~~~~~~~~~~~~~~~~~~~~~~~~~~~~~~~~~~~~~~~~~~~~~~~~~~~~~~~~~~~~~~~~~~~~~~~~~~~~
~~~~~~~~~~~~~~~~~~~~~~~~~~~~~~~~~~~~~~~~~~~~~~~~~~~~~~~~~~~~~~~~~~~~~~~~~~~~~~~
AFTER getting cat idx
Nominal Index : None
Ordinal Index : [1, 2, 3]
Cat Idx : [0]
Cat dims : [2]
~~~~~~~~~~~~~~~~~~~~~~~~~~~~~~~~~~~~~~~~~~~~~~~~~~~~~~~~~~~~~~~~~~~~~~~~~~~~~~~
BEFORE getting cat idx
Nominal Index : None
Ordinal Index : [1, 2, 3]
Cat Idx : [1, 2, 3]
Cat dims : []
~~~~~~~~~~~~~~~~~~~~~~~~~~~~~~~~~~~~~~~~~~~~~~~~~~~~~~~~~~~~~~~~~~~~~~~~~~~~~~~ 


AFTER SEPARATING CATEGORICALS AND NUMERICALS
Ordinal Index : [1, 2, 3]
Numerical Index V1 : [0, 4, 5, 6, 7, 8]
Cat Idx V1 : [1, 2, 3] 
Cat Dims V1 : []
 

~~~~~~~~~~~~~~~~~~~~~~~~~~~~~~~~~~~~~~~~~~~~~~~~~~~~~~~~~~~~~~~~~~~~~~~~~~~~~~~ 


Scaling the data...
~~~~~~~~~~~~~~~~~~~~~~~~~~~~~~~~~~~~~~~~~~~~~~~~~~~~~~~~~~~~~~~~~~~~~~~~~~~~~~~
After OHE
Numerical Index V2 : [0, 4, 5, 6, 7, 8] 


OHE Idx : None


Ordinal Idx V2: [1, 2, 3]


Cat Dims V2 : []
Cat Idx V2 : [1, 2, 3] 
 

Train: [[0.607785970610672 'Very Good' 'I' 'SI1' 1.0121977008062089]
 [-1.2053462121385907 'Ideal' 'G' 'VVS1' -0.16941101609055764]
 [0.4602054441078249 'Premium' 'F' 'VS1' 0.10861456435573892]
 [0.8396982265437168 'Very Good' 'H' 'VS2' 1.0121977008062089]
 [1.472186197270204 'Very Good' 'E' 'VS2' -1.5595389183220454]
 [0.017463864599284118 'Good' 'G' 'SI2' -0.5169429916484296]
 [0.2493761205323293 'Good' 'E' 'SI2' 0.03910816924416355]
 [1.514352061985303 'Premium' 'E' 'SI1' 0.5256529350251863]
 [-0.04578493247336463 'Very Good' 'G' 'SI1' 0.8731849105830582]
 [-1.0366827532781941 'Ideal' 'H' 'VS2' 0.31713374969046504]] 
 
 
Val : (17261, 9) 
 

~~~~~~~~~~~~~~~~~~~~~~~~~~~~~~~~~~~~~~~~~~~~~~~~~~~~~~~~~~~~~~~~~~~~~~~~~~~~~~~
Ordinal Encoding...
Cat Idx V3 : [1, 2, 3] 
 

~~~~~~~~~~~~~~~~~~~~~~~~~~~~~~~~~~~~~~~~~~~~~~~~~~~~~~~~~~~~~~~~~~~~~~~~~~~~~~~
After ORDINAL
Numerical Index V2 : [0, 4, 5, 6, 7, 8] 


OHE Idx : None


Ordinal Idx V2: [1, 2, 3]


Cat Dims V2 : [6, 8, 9]
Cat Idx V2 : [1, 2, 3] 
 

Train: [[0.607785970610672 3 2 3 1.0121977008062089 0.6898283430350188
  0.7121782842340401 0.6368400440057588 0.7882273520529737]
 [-1.2053462121385907 5 4 7 -0.16941101609055764 -0.2135510069308389
  -1.6054154480422937 -1.4982708363668316 -1.5309513670728871]
 [0.4602054441078249 4 5 5 0.10861456435573892 0.23813866805208997
  0.6319538858090902 0.6368400440057588 0.6372748910447811]
 [0.8396982265437168 3 3 4 1.0121977008062089 -1.5686200318796255
  0.8815409031311571 0.8731369003315793 0.994071617064144]
 [1.472186197270204 3 6 4 -1.5595389183220454 0.23813866805208997
  1.5144222684835404 1.4638790411461302 1.2273617840768056]
 [0.017463864599284118 2 4 2 -0.5169429916484296 1.5932076930008765
  0.17734896140104026 0.20644219855515777 0.1295257040172262]
 [0.2493761205323293 2 6 2 0.03910816924416355 0.6898283430350188
  0.3288839362037236 0.3752256673593153 0.3490929200291416]
 [1.514352061985303 4 6 3 0.5256529350251863 0.6898283430350188
  1.4163702259641568 1.2782172254615567 1.3920371960857416]
 [-0.04578493247336463 3 4 3 0.8731849105830582 0.23813866805208997
  0.07038309683444016 0.09673294383245558 0.18441750802020523]
 [-1.0366827532781941 5 3 4 0.31713374969046504 -1.1169303568966966
  -1.2042934559175438 -1.1691430721987246 -1.1329857880512897]] 
 
 
Val : (17261, 9) 
 

FINISHED ENCODING
~~~~~~~~~~~~~~~~~~~~~~~~~~~~~~~~~~~~~~~~~~~~~~~~~~~~~~~~~~~~~~~~~~~~~~~~~~~~~~~


~~~~~~~~~~~~~~~~~~~~~~~~~~~~~~~~~~~~~~~~~~~~~~~~~~~~~~~~~~~~~~~~~~~~~~~~~~~~~~~
Test numpy array issues
X dtype: object
X Val dtype: object
X dtype: float32
X Val dtype: float32
After Debugging -- Inner Fold 2
DEBUG Inner Fold 2: num_features: 9
DEBUG Inner Fold 2: num_classes: 1
DEBUG Inner Fold 2: cat_idx: [1, 2, 3]
DEBUG Inner Fold 2: nominal_idx: None
DEBUG Inner Fold 2: ordinal_idx: [1, 2, 3]
DEBUG Inner Fold 2: num_idx: [0, 4, 5, 6, 7, 8]
DEBUG Inner Fold 2: cat_dims: [6, 8, 9]
DEBUG Inner Fold 2: bin_alt: None
In get_device
On Device: cuda
**** Data b4 Fitting ****
Train Data b4 training...
X: <class 'numpy.ndarray'> , y : (<class 'numpy.ndarray'>,), X_val: <class 'numpy.ndarray'> , y : <class 'numpy.ndarray'>

Train Data after...
X: <class 'torch.Tensor'> , y : (<class 'torch.Tensor'>,), X_val: <class 'torch.Tensor'> , y : <class 'torch.Tensor'>

Inner Fold 2 Results: {'MSE - mean': 30720283.58332573, 'MSE - std': 67199.84200188145, 'R2 - mean': -0.9620367375613542, 'R2 - std': 0.0024765831681622386}
  outer_4_inner Fold 3/5
Before Debugging -- Inner Fold 3
DEBUG Inner Fold 3: num_features: 9
DEBUG Inner Fold 3: num_classes: 1
DEBUG Inner Fold 3: cat_idx: [0]
DEBUG Inner Fold 3: nominal_idx: None
DEBUG Inner Fold 3: ordinal_idx: [1, 2, 3]
DEBUG Inner Fold 3: num_idx: None
DEBUG Inner Fold 3: cat_dims: [2]
DEBUG Inner Fold 3: bin_alt: None
~~~~~~~~~~~~~~~~~~~~~~~~~~~~~~~~~~~~~~~~~~~~~~~~~~~~~~~~~~~~~~~~~~~~~~~~~~~~~~~
BEFORE ANY ENCODING
num_features :9
num_classes : 1
cat_idx : [0]
nominal_idx : None
ordinal_idx : [1, 2, 3]
num_idx : None
cat_dims : [2]
bin_alt : None 


X_train shape : (17261, 9)
~~~~~~~~~~~~~~~~~~~~~~~~~~~~~~~~~~~~~~~~~~~~~~~~~~~~~~~~~~~~~~~~~~~~~~~~~~~~~~~
~~~~~~~~~~~~~~~~~~~~~~~~~~~~~~~~~~~~~~~~~~~~~~~~~~~~~~~~~~~~~~~~~~~~~~~~~~~~~~~
AFTER getting cat idx
Nominal Index : None
Ordinal Index : [1, 2, 3]
Cat Idx : [0]
Cat dims : [2]
~~~~~~~~~~~~~~~~~~~~~~~~~~~~~~~~~~~~~~~~~~~~~~~~~~~~~~~~~~~~~~~~~~~~~~~~~~~~~~~
BEFORE getting cat idx
Nominal Index : None
Ordinal Index : [1, 2, 3]
Cat Idx : [1, 2, 3]
Cat dims : []
~~~~~~~~~~~~~~~~~~~~~~~~~~~~~~~~~~~~~~~~~~~~~~~~~~~~~~~~~~~~~~~~~~~~~~~~~~~~~~~ 


AFTER SEPARATING CATEGORICALS AND NUMERICALS
Ordinal Index : [1, 2, 3]
Numerical Index V1 : [0, 4, 5, 6, 7, 8]
Cat Idx V1 : [1, 2, 3] 
Cat Dims V1 : []
 

~~~~~~~~~~~~~~~~~~~~~~~~~~~~~~~~~~~~~~~~~~~~~~~~~~~~~~~~~~~~~~~~~~~~~~~~~~~~~~~ 


Scaling the data...
~~~~~~~~~~~~~~~~~~~~~~~~~~~~~~~~~~~~~~~~~~~~~~~~~~~~~~~~~~~~~~~~~~~~~~~~~~~~~~~
After OHE
Numerical Index V2 : [0, 4, 5, 6, 7, 8] 


OHE Idx : None


Ordinal Idx V2: [1, 2, 3]


Cat Dims V2 : []
Cat Idx V2 : [1, 2, 3] 
 

Train: [[0.6109382040777849 'Very Good' 'I' 'SI1' 1.0117335995303174]
 [-1.2044798028572623 'Ideal' 'G' 'VVS1' -0.16481653598763063]
 [0.4631716221179553 'Premium' 'F' 'VS1' 0.11201879001659097]
 [0.8431428328718023 'Very Good' 'H' 'VS2' 1.0117335995303174]
 [-0.21233275255555067 'Good' 'H' 'VVS2' 0.2504364530187042]
 [1.476428184128214 'Very Good' 'E' 'VS2' -1.5489931660087435]
 [0.019871876238467166 'Good' 'G' 'SI2' -0.5108606934929089]
 [0.2520765050324848 'Good' 'E' 'SI2' 0.04280995851553434]
 [-0.17011372913845652 'Very Good' 'J' 'VS2' 1.0117335995303174]
 [1.5186472075453081 'Premium' 'E' 'SI1' 0.5272717790229259]] 
 
 
Val : (17261, 9) 
 

~~~~~~~~~~~~~~~~~~~~~~~~~~~~~~~~~~~~~~~~~~~~~~~~~~~~~~~~~~~~~~~~~~~~~~~~~~~~~~~
Ordinal Encoding...
Cat Idx V3 : [1, 2, 3] 
 

~~~~~~~~~~~~~~~~~~~~~~~~~~~~~~~~~~~~~~~~~~~~~~~~~~~~~~~~~~~~~~~~~~~~~~~~~~~~~~~
After ORDINAL
Numerical Index V2 : [0, 4, 5, 6, 7, 8] 


OHE Idx : None


Ordinal Idx V2: [1, 2, 3]


Cat Dims V2 : [6, 8, 9]
Cat Idx V2 : [1, 2, 3] 
 

Train: [[0.6109382040777849 3 2 3 1.0117335995303174 0.6813313073525943
  0.7142979641224916 0.6288798646995667 0.7911297332776006]
 [-1.2044798028572623 5 4 7 -0.16481653598763063 -0.21353102134527316
  -1.6029433099183048 -1.4767369160355326 -1.5275752076465492]
 [0.4631716221179553 4 5 5 0.11201879001659097 0.2339001430036606
  0.6340857661749256 0.6288798646995667 0.6402081099038389]
 [0.8431428328718023 3 3 4 1.0117335995303174 -1.5558245143920744
  0.8836348264562425 0.8619125518955463 0.9969319469690925]
 [-0.21233275255555067 2 3 6 0.2504364530187042 2.918487129097263
  -0.10564894823040555 -0.0785407928596561 -0.05951941664723556]
 [1.476428184128214 3 6 4 -1.5489931660087435 0.2339001430036606
  1.5164199435981522 1.4444942698854948 1.2301744558194518]
 [0.019871876238467166 2 4 2 -0.5108606934929089 1.5761936360504618
  0.17954997780538504 0.20442747016403304 0.13256264946482435]
 [0.2520765050324848 2 6 2 0.04280995851553434 0.6813313073525943
  0.3310619072618986 0.3708793895897327 0.3520850107357494]
 [-0.17011372913845652 3 1 4 1.0117335995303174 1.128762471701528
  0.028038048348870692 -0.03692781300323135 0.11884250188539121]
 [1.5186472075453081 4 6 3 0.5272717790229259 0.6813313073525943
  1.4183828127733489 1.2613971585172248 1.394816226772645]] 
 
 
Val : (17261, 9) 
 

FINISHED ENCODING
~~~~~~~~~~~~~~~~~~~~~~~~~~~~~~~~~~~~~~~~~~~~~~~~~~~~~~~~~~~~~~~~~~~~~~~~~~~~~~~


~~~~~~~~~~~~~~~~~~~~~~~~~~~~~~~~~~~~~~~~~~~~~~~~~~~~~~~~~~~~~~~~~~~~~~~~~~~~~~~
Test numpy array issues
X dtype: object
X Val dtype: object
X dtype: float32
X Val dtype: float32
After Debugging -- Inner Fold 3
DEBUG Inner Fold 3: num_features: 9
DEBUG Inner Fold 3: num_classes: 1
DEBUG Inner Fold 3: cat_idx: [1, 2, 3]
DEBUG Inner Fold 3: nominal_idx: None
DEBUG Inner Fold 3: ordinal_idx: [1, 2, 3]
DEBUG Inner Fold 3: num_idx: [0, 4, 5, 6, 7, 8]
DEBUG Inner Fold 3: cat_dims: [6, 8, 9]
DEBUG Inner Fold 3: bin_alt: None
In get_device
On Device: cuda
**** Data b4 Fitting ****
Train Data b4 training...
X: <class 'numpy.ndarray'> , y : (<class 'numpy.ndarray'>,), X_val: <class 'numpy.ndarray'> , y : <class 'numpy.ndarray'>

Train Data after...
X: <class 'torch.Tensor'> , y : (<class 'torch.Tensor'>,), X_val: <class 'torch.Tensor'> , y : <class 'torch.Tensor'>

Inner Fold 3 Results: {'MSE - mean': 30898001.82908689, 'MSE - std': 257251.03614219386, 'R2 - mean': -0.9691099604019096, 'R2 - std': 0.010205387735416443}
  outer_4_inner Fold 4/5
Before Debugging -- Inner Fold 4
DEBUG Inner Fold 4: num_features: 9
DEBUG Inner Fold 4: num_classes: 1
DEBUG Inner Fold 4: cat_idx: [0]
DEBUG Inner Fold 4: nominal_idx: None
DEBUG Inner Fold 4: ordinal_idx: [1, 2, 3]
DEBUG Inner Fold 4: num_idx: None
DEBUG Inner Fold 4: cat_dims: [2]
DEBUG Inner Fold 4: bin_alt: None
~~~~~~~~~~~~~~~~~~~~~~~~~~~~~~~~~~~~~~~~~~~~~~~~~~~~~~~~~~~~~~~~~~~~~~~~~~~~~~~
BEFORE ANY ENCODING
num_features :9
num_classes : 1
cat_idx : [0]
nominal_idx : None
ordinal_idx : [1, 2, 3]
num_idx : None
cat_dims : [2]
bin_alt : None 


X_train shape : (17261, 9)
~~~~~~~~~~~~~~~~~~~~~~~~~~~~~~~~~~~~~~~~~~~~~~~~~~~~~~~~~~~~~~~~~~~~~~~~~~~~~~~
~~~~~~~~~~~~~~~~~~~~~~~~~~~~~~~~~~~~~~~~~~~~~~~~~~~~~~~~~~~~~~~~~~~~~~~~~~~~~~~
AFTER getting cat idx
Nominal Index : None
Ordinal Index : [1, 2, 3]
Cat Idx : [0]
Cat dims : [2]
~~~~~~~~~~~~~~~~~~~~~~~~~~~~~~~~~~~~~~~~~~~~~~~~~~~~~~~~~~~~~~~~~~~~~~~~~~~~~~~
BEFORE getting cat idx
Nominal Index : None
Ordinal Index : [1, 2, 3]
Cat Idx : [1, 2, 3]
Cat dims : []
~~~~~~~~~~~~~~~~~~~~~~~~~~~~~~~~~~~~~~~~~~~~~~~~~~~~~~~~~~~~~~~~~~~~~~~~~~~~~~~ 


AFTER SEPARATING CATEGORICALS AND NUMERICALS
Ordinal Index : [1, 2, 3]
Numerical Index V1 : [0, 4, 5, 6, 7, 8]
Cat Idx V1 : [1, 2, 3] 
Cat Dims V1 : []
 

~~~~~~~~~~~~~~~~~~~~~~~~~~~~~~~~~~~~~~~~~~~~~~~~~~~~~~~~~~~~~~~~~~~~~~~~~~~~~~~ 


Scaling the data...
~~~~~~~~~~~~~~~~~~~~~~~~~~~~~~~~~~~~~~~~~~~~~~~~~~~~~~~~~~~~~~~~~~~~~~~~~~~~~~~
After OHE
Numerical Index V2 : [0, 4, 5, 6, 7, 8] 


OHE Idx : None


Ordinal Idx V2: [1, 2, 3]


Cat Dims V2 : []
Cat Idx V2 : [1, 2, 3] 
 

Train: [[0.6125849979964727 'Very Good' 'I' 'SI1' 1.0003980256446436]
 [-1.1997198902296093 'Ideal' 'G' 'VVS1' -0.1716044155507287]
 [0.46507180941993104 'Premium' 'F' 'VS1' 0.10416086473053394]
 [0.8443914371881805 'Very Good' 'H' 'VS2' 1.0003980256446436]
 [-0.20927419550140183 'Good' 'H' 'VVS2' 0.24204350487116771]
 [1.4765908168019302 'Very Good' 'E' 'VS2' -1.5504308169570469]
 [0.2543386828820146 'Good' 'E' 'SI2' 0.03521954466021706]
 [-0.1671275701938185 'Very Good' 'J' 'VS2' 1.0003980256446436]
 [1.5187374421095134 'Premium' 'E' 'SI1' 0.5178087851524303]
 [-1.031133388999276 'Ideal' 'H' 'VS2' 0.3109848249414846]] 
 
 
Val : (17261, 9) 
 

~~~~~~~~~~~~~~~~~~~~~~~~~~~~~~~~~~~~~~~~~~~~~~~~~~~~~~~~~~~~~~~~~~~~~~~~~~~~~~~
Ordinal Encoding...
Cat Idx V3 : [1, 2, 3] 
 

~~~~~~~~~~~~~~~~~~~~~~~~~~~~~~~~~~~~~~~~~~~~~~~~~~~~~~~~~~~~~~~~~~~~~~~~~~~~~~~
After ORDINAL
Numerical Index V2 : [0, 4, 5, 6, 7, 8] 


OHE Idx : None


Ordinal Idx V2: [1, 2, 3]


Cat Dims V2 : [6, 8, 9]
Cat Idx V2 : [1, 2, 3] 
 

Train: [[0.6125849979964727 3 2 3 1.0003980256446436 0.6818477980138942
  0.7181266017086537 0.6743891293634702 0.8336327416079901]
 [-1.1997198902296093 5 4 7 -0.1716044155507287 -0.2148391480233909
  -1.5992879928108343 -1.5617274544070479 -1.5944838069437477]
 [0.46507180941993104 4 5 5 0.10416086473053394 0.23350432499525162
  0.6379084042060562 0.6743891293634702 0.6755896526490007]
 [0.8443914371881805 3 3 4 1.0003980256446436 -1.5598695670793186
  0.8874761297696936 0.9218644825080338 1.0491460447338832]
 [-0.20927419550140183 2 3 6 0.24204350487116771 2.923565163107107
  -0.10188163942901116 -0.07687533553966802 -0.05715557797903817]
 [1.4765908168019302 3 6 4 -1.5504308169570469 0.23350432499525162
  1.5203085767346307 1.540552865369442 1.2933944549432308]
 [0.2543386828820146 2 6 2 0.03521954466021706 0.6818477980138942
  0.33486188030735403 0.4003985598105612 0.3738710282727494]
 [-0.1671275701938185 3 1 4 1.0003980256446436 1.1301912710325368
  0.03181535640865112 -0.03268330819242474 0.12962261806340306]
 [1.5187374421095134 4 6 3 0.5178087851524303 0.6818477980138942
  1.4222641131203444 1.3461079450415703 1.4658050974439447]
 [-1.031133388999276 5 3 4 0.3109848249414846 -1.111526094060676
  -1.1981970052978461 -1.2170296410985488 -1.1778247542336862]] 
 
 
Val : (17261, 9) 
 

FINISHED ENCODING
~~~~~~~~~~~~~~~~~~~~~~~~~~~~~~~~~~~~~~~~~~~~~~~~~~~~~~~~~~~~~~~~~~~~~~~~~~~~~~~


~~~~~~~~~~~~~~~~~~~~~~~~~~~~~~~~~~~~~~~~~~~~~~~~~~~~~~~~~~~~~~~~~~~~~~~~~~~~~~~
Test numpy array issues
X dtype: object
X Val dtype: object
X dtype: float32
X Val dtype: float32
After Debugging -- Inner Fold 4
DEBUG Inner Fold 4: num_features: 9
DEBUG Inner Fold 4: num_classes: 1
DEBUG Inner Fold 4: cat_idx: [1, 2, 3]
DEBUG Inner Fold 4: nominal_idx: None
DEBUG Inner Fold 4: ordinal_idx: [1, 2, 3]
DEBUG Inner Fold 4: num_idx: [0, 4, 5, 6, 7, 8]
DEBUG Inner Fold 4: cat_dims: [6, 8, 9]
DEBUG Inner Fold 4: bin_alt: None
In get_device
On Device: cuda
**** Data b4 Fitting ****
Train Data b4 training...
X: <class 'numpy.ndarray'> , y : (<class 'numpy.ndarray'>,), X_val: <class 'numpy.ndarray'> , y : <class 'numpy.ndarray'>

Train Data after...
X: <class 'torch.Tensor'> , y : (<class 'torch.Tensor'>,), X_val: <class 'torch.Tensor'> , y : <class 'torch.Tensor'>

Inner Fold 4 Results: {'MSE - mean': 31181927.802927528, 'MSE - std': 539884.6613502159, 'R2 - mean': -0.975371473566309, 'R2 - std': 0.013990428708459448}
  outer_4_inner Fold 5/5
Before Debugging -- Inner Fold 5
DEBUG Inner Fold 5: num_features: 9
DEBUG Inner Fold 5: num_classes: 1
DEBUG Inner Fold 5: cat_idx: [0]
DEBUG Inner Fold 5: nominal_idx: None
DEBUG Inner Fold 5: ordinal_idx: [1, 2, 3]
DEBUG Inner Fold 5: num_idx: None
DEBUG Inner Fold 5: cat_dims: [2]
DEBUG Inner Fold 5: bin_alt: None
~~~~~~~~~~~~~~~~~~~~~~~~~~~~~~~~~~~~~~~~~~~~~~~~~~~~~~~~~~~~~~~~~~~~~~~~~~~~~~~
BEFORE ANY ENCODING
num_features :9
num_classes : 1
cat_idx : [0]
nominal_idx : None
ordinal_idx : [1, 2, 3]
num_idx : None
cat_dims : [2]
bin_alt : None 


X_train shape : (17261, 9)
~~~~~~~~~~~~~~~~~~~~~~~~~~~~~~~~~~~~~~~~~~~~~~~~~~~~~~~~~~~~~~~~~~~~~~~~~~~~~~~
~~~~~~~~~~~~~~~~~~~~~~~~~~~~~~~~~~~~~~~~~~~~~~~~~~~~~~~~~~~~~~~~~~~~~~~~~~~~~~~
AFTER getting cat idx
Nominal Index : None
Ordinal Index : [1, 2, 3]
Cat Idx : [0]
Cat dims : [2]
~~~~~~~~~~~~~~~~~~~~~~~~~~~~~~~~~~~~~~~~~~~~~~~~~~~~~~~~~~~~~~~~~~~~~~~~~~~~~~~
BEFORE getting cat idx
Nominal Index : None
Ordinal Index : [1, 2, 3]
Cat Idx : [1, 2, 3]
Cat dims : []
~~~~~~~~~~~~~~~~~~~~~~~~~~~~~~~~~~~~~~~~~~~~~~~~~~~~~~~~~~~~~~~~~~~~~~~~~~~~~~~ 


AFTER SEPARATING CATEGORICALS AND NUMERICALS
Ordinal Index : [1, 2, 3]
Numerical Index V1 : [0, 4, 5, 6, 7, 8]
Cat Idx V1 : [1, 2, 3] 
Cat Dims V1 : []
 

~~~~~~~~~~~~~~~~~~~~~~~~~~~~~~~~~~~~~~~~~~~~~~~~~~~~~~~~~~~~~~~~~~~~~~~~~~~~~~~ 


Scaling the data...
~~~~~~~~~~~~~~~~~~~~~~~~~~~~~~~~~~~~~~~~~~~~~~~~~~~~~~~~~~~~~~~~~~~~~~~~~~~~~~~
After OHE
Numerical Index V2 : [0, 4, 5, 6, 7, 8] 


OHE Idx : None


Ordinal Idx V2: [1, 2, 3]


Cat Dims V2 : []
Cat Idx V2 : [1, 2, 3] 
 

Train: [[0.4687592703832853 'Premium' 'F' 'VS1' 0.10755254250566874]
 [-0.20708885575152014 'Good' 'H' 'VVS2' 0.24502260331431983]
 [0.025233937607319384 'Good' 'G' 'SI2' -0.5110627311332514]
 [0.25755673096615866 'Good' 'E' 'SI2' 0.038817512101343196]
 [-0.16484834786809477 'Very Good' 'J' 'VS2' 1.001107937761891]
 [-0.03812682421781867 'Very Good' 'G' 'SI1' 0.86363787695324]
 [0.6799618098004121 'Premium' 'G' 'SI2' -0.5110627311332514]
 [-0.52389266487721 'Good' 'H' 'SI1' 1.2760480593791883]
 [-0.18596860180980745 'Premium' 'D' 'VS1' -2.504378612858663]
 [-0.6294939345857734 'Very Good' 'G' 'SI1' -1.679558248006771]] 
 
 
Val : (17261, 9) 
 

~~~~~~~~~~~~~~~~~~~~~~~~~~~~~~~~~~~~~~~~~~~~~~~~~~~~~~~~~~~~~~~~~~~~~~~~~~~~~~~
Ordinal Encoding...
Cat Idx V3 : [1, 2, 3] 
 

~~~~~~~~~~~~~~~~~~~~~~~~~~~~~~~~~~~~~~~~~~~~~~~~~~~~~~~~~~~~~~~~~~~~~~~~~~~~~~~
After ORDINAL
Numerical Index V2 : [0, 4, 5, 6, 7, 8] 


OHE Idx : None


Ordinal Idx V2: [1, 2, 3]


Cat Dims V2 : [6, 8, 9]
Cat Idx V2 : [1, 2, 3] 
 

Train: [[0.4687592703832853 4 5 5 0.10755254250566874 0.23283543223512176
  0.640476514444756 0.6348645012546086 0.6452527650263569]
 [-0.20708885575152014 2 3 6 0.24502260331431983 2.926426394877456
  -0.09882497804849394 -0.07224955865941347 -0.05469856918079232]
 [0.025233937607319384 2 4 2 -0.5110627311332514 1.579630913556289
  0.18620692267179542 0.21059606530619535 0.13744493432705282]
 [0.25755673096615866 2 6 2 0.038817512101343196 0.6817672593421774
  0.33763011992944897 0.37697584410949486 0.35703750976458953]
 [-0.16484834786809477 3 1 4 1.001107937761891 1.1306990864492332
  0.03478372541414111 -0.03065461395858878 0.12372039836220643]
 [-0.03812682421781867 3 4 3 0.86363787695324 0.23283543223512176
  0.07931995990168692 0.10244920908405084 0.19234307818643714]
 [0.6799618098004121 4 4 2 -0.5110627311332514 1.1306990864492332
  0.8631576868824818 0.7513303464169179 0.727599980815434]
 [-0.52389266487721 2 3 3 1.2760480593791883 -1.1139600490860453
  -0.49074384153889183 -0.4216470941463421 -0.31546475251286754]
 [-0.18596860180980745 4 7 5 -2.504378612858663 2.0285627406633444
  0.14167068818424963 0.08581123120372051 -0.17821939286440674]
 [-0.6294939345857734 3 4 3 -1.679558248006771 0.23283543223512176
  -0.4818365946413822 -0.4133281052061773 -0.6174045437394814]] 
 
 
Val : (17261, 9) 
 

FINISHED ENCODING
~~~~~~~~~~~~~~~~~~~~~~~~~~~~~~~~~~~~~~~~~~~~~~~~~~~~~~~~~~~~~~~~~~~~~~~~~~~~~~~


~~~~~~~~~~~~~~~~~~~~~~~~~~~~~~~~~~~~~~~~~~~~~~~~~~~~~~~~~~~~~~~~~~~~~~~~~~~~~~~
Test numpy array issues
X dtype: object
X Val dtype: object
X dtype: float32
X Val dtype: float32
After Debugging -- Inner Fold 5
DEBUG Inner Fold 5: num_features: 9
DEBUG Inner Fold 5: num_classes: 1
DEBUG Inner Fold 5: cat_idx: [1, 2, 3]
DEBUG Inner Fold 5: nominal_idx: None
DEBUG Inner Fold 5: ordinal_idx: [1, 2, 3]
DEBUG Inner Fold 5: num_idx: [0, 4, 5, 6, 7, 8]
DEBUG Inner Fold 5: cat_dims: [6, 8, 9]
DEBUG Inner Fold 5: bin_alt: None
In get_device
On Device: cuda
**** Data b4 Fitting ****
Train Data b4 training...
X: <class 'numpy.ndarray'> , y : (<class 'numpy.ndarray'>,), X_val: <class 'numpy.ndarray'> , y : <class 'numpy.ndarray'>

Train Data after...
X: <class 'torch.Tensor'> , y : (<class 'torch.Tensor'>,), X_val: <class 'torch.Tensor'> , y : <class 'torch.Tensor'>

Inner Fold 5 Results: {'MSE - mean': 31480353.35169648, 'MSE - std': 767731.4573997853, 'R2 - mean': -0.9784582182898287, 'R2 - std': 0.01395340991693045}
Trial Results B4 Saving: {'MSE - mean': 31480353.35169648, 'MSE - std': 767731.4573997853, 'R2 - mean': -0.9784582182898287, 'R2 - std': 0.01395340991693045}
Score: 31480353.35169648
  outer_4_inner Fold 1/5
Before Debugging -- Inner Fold 1
DEBUG Inner Fold 1: num_features: 9
DEBUG Inner Fold 1: num_classes: 1
DEBUG Inner Fold 1: cat_idx: [0]
DEBUG Inner Fold 1: nominal_idx: None
DEBUG Inner Fold 1: ordinal_idx: [1, 2, 3]
DEBUG Inner Fold 1: num_idx: None
DEBUG Inner Fold 1: cat_dims: [2]
DEBUG Inner Fold 1: bin_alt: None
~~~~~~~~~~~~~~~~~~~~~~~~~~~~~~~~~~~~~~~~~~~~~~~~~~~~~~~~~~~~~~~~~~~~~~~~~~~~~~~
BEFORE ANY ENCODING
num_features :9
num_classes : 1
cat_idx : [0]
nominal_idx : None
ordinal_idx : [1, 2, 3]
num_idx : None
cat_dims : [2]
bin_alt : None 


X_train shape : (17260, 9)
~~~~~~~~~~~~~~~~~~~~~~~~~~~~~~~~~~~~~~~~~~~~~~~~~~~~~~~~~~~~~~~~~~~~~~~~~~~~~~~
~~~~~~~~~~~~~~~~~~~~~~~~~~~~~~~~~~~~~~~~~~~~~~~~~~~~~~~~~~~~~~~~~~~~~~~~~~~~~~~
AFTER getting cat idx
Nominal Index : None
Ordinal Index : [1, 2, 3]
Cat Idx : [0]
Cat dims : [2]
~~~~~~~~~~~~~~~~~~~~~~~~~~~~~~~~~~~~~~~~~~~~~~~~~~~~~~~~~~~~~~~~~~~~~~~~~~~~~~~
BEFORE getting cat idx
Nominal Index : None
Ordinal Index : [1, 2, 3]
Cat Idx : [1, 2, 3]
Cat dims : []
~~~~~~~~~~~~~~~~~~~~~~~~~~~~~~~~~~~~~~~~~~~~~~~~~~~~~~~~~~~~~~~~~~~~~~~~~~~~~~~ 


AFTER SEPARATING CATEGORICALS AND NUMERICALS
Ordinal Index : [1, 2, 3]
Numerical Index V1 : [0, 4, 5, 6, 7, 8]
Cat Idx V1 : [1, 2, 3] 
Cat Dims V1 : []
 

~~~~~~~~~~~~~~~~~~~~~~~~~~~~~~~~~~~~~~~~~~~~~~~~~~~~~~~~~~~~~~~~~~~~~~~~~~~~~~~ 


Scaling the data...
~~~~~~~~~~~~~~~~~~~~~~~~~~~~~~~~~~~~~~~~~~~~~~~~~~~~~~~~~~~~~~~~~~~~~~~~~~~~~~~
After OHE
Numerical Index V2 : [0, 4, 5, 6, 7, 8] 


OHE Idx : None


Ordinal Idx V2: [1, 2, 3]


Cat Dims V2 : []
Cat Idx V2 : [1, 2, 3] 
 

Train: [[0.6056122183850853 'Very Good' 'I' 'SI1' 1.0026432502504303]
 [-1.2074014203259351 'Ideal' 'G' 'VVS1' -0.17231085112176278]
 [0.8375093117085876 'Very Good' 'H' 'VS2' 1.0026432502504303]
 [-0.21656838521642416 'Good' 'H' 'VVS2' 0.24237883171548216]
 [1.4699559298635947 'Very Good' 'E' 'VS2' -1.554609793912576]
 [0.01532870810707863 'Good' 'G' 'SI2' -0.5178855868194661]
 [-0.17440527733942365 'Very Good' 'J' 'VS2' 1.0026432502504303]
 [1.5121190377405953 'Premium' 'E' 'SI1' 0.5188386202736438]
 [-0.04791595370842213 'Very Good' 'G' 'SI1' 0.8644133559713472]
 [-1.0387489888179333 'Ideal' 'H' 'VS2' 0.31149377885502383]] 
 
 
Val : (17260, 9) 
 

~~~~~~~~~~~~~~~~~~~~~~~~~~~~~~~~~~~~~~~~~~~~~~~~~~~~~~~~~~~~~~~~~~~~~~~~~~~~~~~
Ordinal Encoding...
Cat Idx V3 : [1, 2, 3] 
 

~~~~~~~~~~~~~~~~~~~~~~~~~~~~~~~~~~~~~~~~~~~~~~~~~~~~~~~~~~~~~~~~~~~~~~~~~~~~~~~
After ORDINAL
Numerical Index V2 : [0, 4, 5, 6, 7, 8] 


OHE Idx : None


Ordinal Idx V2: [1, 2, 3]


Cat Dims V2 : [6, 8, 9]
Cat Idx V2 : [1, 2, 3] 
 

Train: [[0.6056122183850853 3 2 3 1.0026432502504303 0.6910429737359822
  0.7112260024593693 0.625830308316474 0.7857819795166546]
 [-1.2074014203259351 5 4 7 -0.17231085112176278 -0.20581483819738808
  -1.6111843293425183 -1.4840684715020724 -1.533401201652985]
 [0.8375093117085876 3 3 4 1.0026432502504303 -1.5511015560974435
  0.8809406036295075 0.8593368926442185 0.9916266405672136]
 [-0.21656838521642416 2 3 6 0.24237883171548216 2.9331875035694077
  -0.11054996110129857 -0.08302896553560661 -0.0650426194923258]
 [1.4699559298635947 3 6 4 -1.554609793912576 0.24261406776929706
  1.515137271160023 1.4431033534635793 1.2249172564245159]
 [0.01532870810707863 2 4 2 -0.5178855868194661 1.5879007856693526
  0.17528515665893402 0.20051474400522562 0.12707906415486347]
 [-0.17440527733942365 3 1 4 1.0026432502504303 1.1394718797026673
  0.023435250348809854 -0.04133136119136671 0.1133560867514925]
 [1.5121190377405953 4 6 3 0.5188386202736438 0.6910429737359822
  1.4168814494299429 1.2596338943489227 1.3895929852649624]
 [-0.04791595370842213 3 4 3 0.8644133559713472 0.24261406776929706
  0.06809698749884678 0.09210097271020158 0.18197097376834612]
 [-1.0387489888179333 5 3 4 0.31149377885502383 -1.1026726501307584
  -1.209228694992192 -1.158827157617 -1.1354348569552362]] 
 
 
Val : (17260, 9) 
 

FINISHED ENCODING
~~~~~~~~~~~~~~~~~~~~~~~~~~~~~~~~~~~~~~~~~~~~~~~~~~~~~~~~~~~~~~~~~~~~~~~~~~~~~~~


~~~~~~~~~~~~~~~~~~~~~~~~~~~~~~~~~~~~~~~~~~~~~~~~~~~~~~~~~~~~~~~~~~~~~~~~~~~~~~~
Test numpy array issues
X dtype: object
X Val dtype: object
X dtype: float32
X Val dtype: float32
After Debugging -- Inner Fold 1
DEBUG Inner Fold 1: num_features: 9
DEBUG Inner Fold 1: num_classes: 1
DEBUG Inner Fold 1: cat_idx: [1, 2, 3]
DEBUG Inner Fold 1: nominal_idx: None
DEBUG Inner Fold 1: ordinal_idx: [1, 2, 3]
DEBUG Inner Fold 1: num_idx: [0, 4, 5, 6, 7, 8]
DEBUG Inner Fold 1: cat_dims: [6, 8, 9]
DEBUG Inner Fold 1: bin_alt: None
In get_device
On Device: cuda
**** Data b4 Fitting ****
Train Data b4 training...
X: <class 'numpy.ndarray'> , y : (<class 'numpy.ndarray'>,), X_val: <class 'numpy.ndarray'> , y : <class 'numpy.ndarray'>

Train Data after...
X: <class 'torch.Tensor'> , y : (<class 'torch.Tensor'>,), X_val: <class 'torch.Tensor'> , y : <class 'torch.Tensor'>

Inner Fold 1 Results: {'MSE - mean': 22471246.452764615, 'MSE - std': 0.0, 'R2 - mean': -0.4302487332291056, 'R2 - std': 0.0}
  outer_4_inner Fold 2/5
Before Debugging -- Inner Fold 2
DEBUG Inner Fold 2: num_features: 9
DEBUG Inner Fold 2: num_classes: 1
DEBUG Inner Fold 2: cat_idx: [0]
DEBUG Inner Fold 2: nominal_idx: None
DEBUG Inner Fold 2: ordinal_idx: [1, 2, 3]
DEBUG Inner Fold 2: num_idx: None
DEBUG Inner Fold 2: cat_dims: [2]
DEBUG Inner Fold 2: bin_alt: None
~~~~~~~~~~~~~~~~~~~~~~~~~~~~~~~~~~~~~~~~~~~~~~~~~~~~~~~~~~~~~~~~~~~~~~~~~~~~~~~
BEFORE ANY ENCODING
num_features :9
num_classes : 1
cat_idx : [0]
nominal_idx : None
ordinal_idx : [1, 2, 3]
num_idx : None
cat_dims : [2]
bin_alt : None 


X_train shape : (17261, 9)
~~~~~~~~~~~~~~~~~~~~~~~~~~~~~~~~~~~~~~~~~~~~~~~~~~~~~~~~~~~~~~~~~~~~~~~~~~~~~~~
~~~~~~~~~~~~~~~~~~~~~~~~~~~~~~~~~~~~~~~~~~~~~~~~~~~~~~~~~~~~~~~~~~~~~~~~~~~~~~~
AFTER getting cat idx
Nominal Index : None
Ordinal Index : [1, 2, 3]
Cat Idx : [0]
Cat dims : [2]
~~~~~~~~~~~~~~~~~~~~~~~~~~~~~~~~~~~~~~~~~~~~~~~~~~~~~~~~~~~~~~~~~~~~~~~~~~~~~~~
BEFORE getting cat idx
Nominal Index : None
Ordinal Index : [1, 2, 3]
Cat Idx : [1, 2, 3]
Cat dims : []
~~~~~~~~~~~~~~~~~~~~~~~~~~~~~~~~~~~~~~~~~~~~~~~~~~~~~~~~~~~~~~~~~~~~~~~~~~~~~~~ 


AFTER SEPARATING CATEGORICALS AND NUMERICALS
Ordinal Index : [1, 2, 3]
Numerical Index V1 : [0, 4, 5, 6, 7, 8]
Cat Idx V1 : [1, 2, 3] 
Cat Dims V1 : []
 

~~~~~~~~~~~~~~~~~~~~~~~~~~~~~~~~~~~~~~~~~~~~~~~~~~~~~~~~~~~~~~~~~~~~~~~~~~~~~~~ 


Scaling the data...
~~~~~~~~~~~~~~~~~~~~~~~~~~~~~~~~~~~~~~~~~~~~~~~~~~~~~~~~~~~~~~~~~~~~~~~~~~~~~~~
After OHE
Numerical Index V2 : [0, 4, 5, 6, 7, 8] 


OHE Idx : None


Ordinal Idx V2: [1, 2, 3]


Cat Dims V2 : []
Cat Idx V2 : [1, 2, 3] 
 

Train: [[0.607785970610672 'Very Good' 'I' 'SI1' 1.0121977008062089]
 [-1.2053462121385907 'Ideal' 'G' 'VVS1' -0.16941101609055764]
 [0.4602054441078249 'Premium' 'F' 'VS1' 0.10861456435573892]
 [0.8396982265437168 'Very Good' 'H' 'VS2' 1.0121977008062089]
 [1.472186197270204 'Very Good' 'E' 'VS2' -1.5595389183220454]
 [0.017463864599284118 'Good' 'G' 'SI2' -0.5169429916484296]
 [0.2493761205323293 'Good' 'E' 'SI2' 0.03910816924416355]
 [1.514352061985303 'Premium' 'E' 'SI1' 0.5256529350251863]
 [-0.04578493247336463 'Very Good' 'G' 'SI1' 0.8731849105830582]
 [-1.0366827532781941 'Ideal' 'H' 'VS2' 0.31713374969046504]] 
 
 
Val : (17261, 9) 
 

~~~~~~~~~~~~~~~~~~~~~~~~~~~~~~~~~~~~~~~~~~~~~~~~~~~~~~~~~~~~~~~~~~~~~~~~~~~~~~~
Ordinal Encoding...
Cat Idx V3 : [1, 2, 3] 
 

~~~~~~~~~~~~~~~~~~~~~~~~~~~~~~~~~~~~~~~~~~~~~~~~~~~~~~~~~~~~~~~~~~~~~~~~~~~~~~~
After ORDINAL
Numerical Index V2 : [0, 4, 5, 6, 7, 8] 


OHE Idx : None


Ordinal Idx V2: [1, 2, 3]


Cat Dims V2 : [6, 8, 9]
Cat Idx V2 : [1, 2, 3] 
 

Train: [[0.607785970610672 3 2 3 1.0121977008062089 0.6898283430350188
  0.7121782842340401 0.6368400440057588 0.7882273520529737]
 [-1.2053462121385907 5 4 7 -0.16941101609055764 -0.2135510069308389
  -1.6054154480422937 -1.4982708363668316 -1.5309513670728871]
 [0.4602054441078249 4 5 5 0.10861456435573892 0.23813866805208997
  0.6319538858090902 0.6368400440057588 0.6372748910447811]
 [0.8396982265437168 3 3 4 1.0121977008062089 -1.5686200318796255
  0.8815409031311571 0.8731369003315793 0.994071617064144]
 [1.472186197270204 3 6 4 -1.5595389183220454 0.23813866805208997
  1.5144222684835404 1.4638790411461302 1.2273617840768056]
 [0.017463864599284118 2 4 2 -0.5169429916484296 1.5932076930008765
  0.17734896140104026 0.20644219855515777 0.1295257040172262]
 [0.2493761205323293 2 6 2 0.03910816924416355 0.6898283430350188
  0.3288839362037236 0.3752256673593153 0.3490929200291416]
 [1.514352061985303 4 6 3 0.5256529350251863 0.6898283430350188
  1.4163702259641568 1.2782172254615567 1.3920371960857416]
 [-0.04578493247336463 3 4 3 0.8731849105830582 0.23813866805208997
  0.07038309683444016 0.09673294383245558 0.18441750802020523]
 [-1.0366827532781941 5 3 4 0.31713374969046504 -1.1169303568966966
  -1.2042934559175438 -1.1691430721987246 -1.1329857880512897]] 
 
 
Val : (17261, 9) 
 

FINISHED ENCODING
~~~~~~~~~~~~~~~~~~~~~~~~~~~~~~~~~~~~~~~~~~~~~~~~~~~~~~~~~~~~~~~~~~~~~~~~~~~~~~~


~~~~~~~~~~~~~~~~~~~~~~~~~~~~~~~~~~~~~~~~~~~~~~~~~~~~~~~~~~~~~~~~~~~~~~~~~~~~~~~
Test numpy array issues
X dtype: object
X Val dtype: object
X dtype: float32
X Val dtype: float32
After Debugging -- Inner Fold 2
DEBUG Inner Fold 2: num_features: 9
DEBUG Inner Fold 2: num_classes: 1
DEBUG Inner Fold 2: cat_idx: [1, 2, 3]
DEBUG Inner Fold 2: nominal_idx: None
DEBUG Inner Fold 2: ordinal_idx: [1, 2, 3]
DEBUG Inner Fold 2: num_idx: [0, 4, 5, 6, 7, 8]
DEBUG Inner Fold 2: cat_dims: [6, 8, 9]
DEBUG Inner Fold 2: bin_alt: None
In get_device
On Device: cuda
**** Data b4 Fitting ****
Train Data b4 training...
X: <class 'numpy.ndarray'> , y : (<class 'numpy.ndarray'>,), X_val: <class 'numpy.ndarray'> , y : <class 'numpy.ndarray'>

Train Data after...
X: <class 'torch.Tensor'> , y : (<class 'torch.Tensor'>,), X_val: <class 'torch.Tensor'> , y : <class 'torch.Tensor'>

Inner Fold 2 Results: {'MSE - mean': 22264806.824603505, 'MSE - std': 206439.62816110812, 'R2 - mean': -0.42196933785206314, 'R2 - std': 0.008279395377042476}
  outer_4_inner Fold 3/5
Before Debugging -- Inner Fold 3
DEBUG Inner Fold 3: num_features: 9
DEBUG Inner Fold 3: num_classes: 1
DEBUG Inner Fold 3: cat_idx: [0]
DEBUG Inner Fold 3: nominal_idx: None
DEBUG Inner Fold 3: ordinal_idx: [1, 2, 3]
DEBUG Inner Fold 3: num_idx: None
DEBUG Inner Fold 3: cat_dims: [2]
DEBUG Inner Fold 3: bin_alt: None
~~~~~~~~~~~~~~~~~~~~~~~~~~~~~~~~~~~~~~~~~~~~~~~~~~~~~~~~~~~~~~~~~~~~~~~~~~~~~~~
BEFORE ANY ENCODING
num_features :9
num_classes : 1
cat_idx : [0]
nominal_idx : None
ordinal_idx : [1, 2, 3]
num_idx : None
cat_dims : [2]
bin_alt : None 


X_train shape : (17261, 9)
~~~~~~~~~~~~~~~~~~~~~~~~~~~~~~~~~~~~~~~~~~~~~~~~~~~~~~~~~~~~~~~~~~~~~~~~~~~~~~~
~~~~~~~~~~~~~~~~~~~~~~~~~~~~~~~~~~~~~~~~~~~~~~~~~~~~~~~~~~~~~~~~~~~~~~~~~~~~~~~
AFTER getting cat idx
Nominal Index : None
Ordinal Index : [1, 2, 3]
Cat Idx : [0]
Cat dims : [2]
~~~~~~~~~~~~~~~~~~~~~~~~~~~~~~~~~~~~~~~~~~~~~~~~~~~~~~~~~~~~~~~~~~~~~~~~~~~~~~~
BEFORE getting cat idx
Nominal Index : None
Ordinal Index : [1, 2, 3]
Cat Idx : [1, 2, 3]
Cat dims : []
~~~~~~~~~~~~~~~~~~~~~~~~~~~~~~~~~~~~~~~~~~~~~~~~~~~~~~~~~~~~~~~~~~~~~~~~~~~~~~~ 


AFTER SEPARATING CATEGORICALS AND NUMERICALS
Ordinal Index : [1, 2, 3]
Numerical Index V1 : [0, 4, 5, 6, 7, 8]
Cat Idx V1 : [1, 2, 3] 
Cat Dims V1 : []
 

~~~~~~~~~~~~~~~~~~~~~~~~~~~~~~~~~~~~~~~~~~~~~~~~~~~~~~~~~~~~~~~~~~~~~~~~~~~~~~~ 


Scaling the data...
~~~~~~~~~~~~~~~~~~~~~~~~~~~~~~~~~~~~~~~~~~~~~~~~~~~~~~~~~~~~~~~~~~~~~~~~~~~~~~~
After OHE
Numerical Index V2 : [0, 4, 5, 6, 7, 8] 


OHE Idx : None


Ordinal Idx V2: [1, 2, 3]


Cat Dims V2 : []
Cat Idx V2 : [1, 2, 3] 
 

Train: [[0.6109382040777849 'Very Good' 'I' 'SI1' 1.0117335995303174]
 [-1.2044798028572623 'Ideal' 'G' 'VVS1' -0.16481653598763063]
 [0.4631716221179553 'Premium' 'F' 'VS1' 0.11201879001659097]
 [0.8431428328718023 'Very Good' 'H' 'VS2' 1.0117335995303174]
 [-0.21233275255555067 'Good' 'H' 'VVS2' 0.2504364530187042]
 [1.476428184128214 'Very Good' 'E' 'VS2' -1.5489931660087435]
 [0.019871876238467166 'Good' 'G' 'SI2' -0.5108606934929089]
 [0.2520765050324848 'Good' 'E' 'SI2' 0.04280995851553434]
 [-0.17011372913845652 'Very Good' 'J' 'VS2' 1.0117335995303174]
 [1.5186472075453081 'Premium' 'E' 'SI1' 0.5272717790229259]] 
 
 
Val : (17261, 9) 
 

~~~~~~~~~~~~~~~~~~~~~~~~~~~~~~~~~~~~~~~~~~~~~~~~~~~~~~~~~~~~~~~~~~~~~~~~~~~~~~~
Ordinal Encoding...
Cat Idx V3 : [1, 2, 3] 
 

~~~~~~~~~~~~~~~~~~~~~~~~~~~~~~~~~~~~~~~~~~~~~~~~~~~~~~~~~~~~~~~~~~~~~~~~~~~~~~~
After ORDINAL
Numerical Index V2 : [0, 4, 5, 6, 7, 8] 


OHE Idx : None


Ordinal Idx V2: [1, 2, 3]


Cat Dims V2 : [6, 8, 9]
Cat Idx V2 : [1, 2, 3] 
 

Train: [[0.6109382040777849 3 2 3 1.0117335995303174 0.6813313073525943
  0.7142979641224916 0.6288798646995667 0.7911297332776006]
 [-1.2044798028572623 5 4 7 -0.16481653598763063 -0.21353102134527316
  -1.6029433099183048 -1.4767369160355326 -1.5275752076465492]
 [0.4631716221179553 4 5 5 0.11201879001659097 0.2339001430036606
  0.6340857661749256 0.6288798646995667 0.6402081099038389]
 [0.8431428328718023 3 3 4 1.0117335995303174 -1.5558245143920744
  0.8836348264562425 0.8619125518955463 0.9969319469690925]
 [-0.21233275255555067 2 3 6 0.2504364530187042 2.918487129097263
  -0.10564894823040555 -0.0785407928596561 -0.05951941664723556]
 [1.476428184128214 3 6 4 -1.5489931660087435 0.2339001430036606
  1.5164199435981522 1.4444942698854948 1.2301744558194518]
 [0.019871876238467166 2 4 2 -0.5108606934929089 1.5761936360504618
  0.17954997780538504 0.20442747016403304 0.13256264946482435]
 [0.2520765050324848 2 6 2 0.04280995851553434 0.6813313073525943
  0.3310619072618986 0.3708793895897327 0.3520850107357494]
 [-0.17011372913845652 3 1 4 1.0117335995303174 1.128762471701528
  0.028038048348870692 -0.03692781300323135 0.11884250188539121]
 [1.5186472075453081 4 6 3 0.5272717790229259 0.6813313073525943
  1.4183828127733489 1.2613971585172248 1.394816226772645]] 
 
 
Val : (17261, 9) 
 

FINISHED ENCODING
~~~~~~~~~~~~~~~~~~~~~~~~~~~~~~~~~~~~~~~~~~~~~~~~~~~~~~~~~~~~~~~~~~~~~~~~~~~~~~~


~~~~~~~~~~~~~~~~~~~~~~~~~~~~~~~~~~~~~~~~~~~~~~~~~~~~~~~~~~~~~~~~~~~~~~~~~~~~~~~
Test numpy array issues
X dtype: object
X Val dtype: object
X dtype: float32
X Val dtype: float32
After Debugging -- Inner Fold 3
DEBUG Inner Fold 3: num_features: 9
DEBUG Inner Fold 3: num_classes: 1
DEBUG Inner Fold 3: cat_idx: [1, 2, 3]
DEBUG Inner Fold 3: nominal_idx: None
DEBUG Inner Fold 3: ordinal_idx: [1, 2, 3]
DEBUG Inner Fold 3: num_idx: [0, 4, 5, 6, 7, 8]
DEBUG Inner Fold 3: cat_dims: [6, 8, 9]
DEBUG Inner Fold 3: bin_alt: None
In get_device
On Device: cuda
**** Data b4 Fitting ****
Train Data b4 training...
X: <class 'numpy.ndarray'> , y : (<class 'numpy.ndarray'>,), X_val: <class 'numpy.ndarray'> , y : <class 'numpy.ndarray'>

Train Data after...
X: <class 'torch.Tensor'> , y : (<class 'torch.Tensor'>,), X_val: <class 'torch.Tensor'> , y : <class 'torch.Tensor'>

Inner Fold 3 Results: {'MSE - mean': 22410758.33430894, 'MSE - std': 266486.8347357064, 'R2 - mean': -0.42819550689574576, 'R2 - std': 0.011100868755520238}
  outer_4_inner Fold 4/5
Before Debugging -- Inner Fold 4
DEBUG Inner Fold 4: num_features: 9
DEBUG Inner Fold 4: num_classes: 1
DEBUG Inner Fold 4: cat_idx: [0]
DEBUG Inner Fold 4: nominal_idx: None
DEBUG Inner Fold 4: ordinal_idx: [1, 2, 3]
DEBUG Inner Fold 4: num_idx: None
DEBUG Inner Fold 4: cat_dims: [2]
DEBUG Inner Fold 4: bin_alt: None
~~~~~~~~~~~~~~~~~~~~~~~~~~~~~~~~~~~~~~~~~~~~~~~~~~~~~~~~~~~~~~~~~~~~~~~~~~~~~~~
BEFORE ANY ENCODING
num_features :9
num_classes : 1
cat_idx : [0]
nominal_idx : None
ordinal_idx : [1, 2, 3]
num_idx : None
cat_dims : [2]
bin_alt : None 


X_train shape : (17261, 9)
~~~~~~~~~~~~~~~~~~~~~~~~~~~~~~~~~~~~~~~~~~~~~~~~~~~~~~~~~~~~~~~~~~~~~~~~~~~~~~~
~~~~~~~~~~~~~~~~~~~~~~~~~~~~~~~~~~~~~~~~~~~~~~~~~~~~~~~~~~~~~~~~~~~~~~~~~~~~~~~
AFTER getting cat idx
Nominal Index : None
Ordinal Index : [1, 2, 3]
Cat Idx : [0]
Cat dims : [2]
~~~~~~~~~~~~~~~~~~~~~~~~~~~~~~~~~~~~~~~~~~~~~~~~~~~~~~~~~~~~~~~~~~~~~~~~~~~~~~~
BEFORE getting cat idx
Nominal Index : None
Ordinal Index : [1, 2, 3]
Cat Idx : [1, 2, 3]
Cat dims : []
~~~~~~~~~~~~~~~~~~~~~~~~~~~~~~~~~~~~~~~~~~~~~~~~~~~~~~~~~~~~~~~~~~~~~~~~~~~~~~~ 


AFTER SEPARATING CATEGORICALS AND NUMERICALS
Ordinal Index : [1, 2, 3]
Numerical Index V1 : [0, 4, 5, 6, 7, 8]
Cat Idx V1 : [1, 2, 3] 
Cat Dims V1 : []
 

~~~~~~~~~~~~~~~~~~~~~~~~~~~~~~~~~~~~~~~~~~~~~~~~~~~~~~~~~~~~~~~~~~~~~~~~~~~~~~~ 


Scaling the data...
~~~~~~~~~~~~~~~~~~~~~~~~~~~~~~~~~~~~~~~~~~~~~~~~~~~~~~~~~~~~~~~~~~~~~~~~~~~~~~~
After OHE
Numerical Index V2 : [0, 4, 5, 6, 7, 8] 


OHE Idx : None


Ordinal Idx V2: [1, 2, 3]


Cat Dims V2 : []
Cat Idx V2 : [1, 2, 3] 
 

Train: [[0.6125849979964727 'Very Good' 'I' 'SI1' 1.0003980256446436]
 [-1.1997198902296093 'Ideal' 'G' 'VVS1' -0.1716044155507287]
 [0.46507180941993104 'Premium' 'F' 'VS1' 0.10416086473053394]
 [0.8443914371881805 'Very Good' 'H' 'VS2' 1.0003980256446436]
 [-0.20927419550140183 'Good' 'H' 'VVS2' 0.24204350487116771]
 [1.4765908168019302 'Very Good' 'E' 'VS2' -1.5504308169570469]
 [0.2543386828820146 'Good' 'E' 'SI2' 0.03521954466021706]
 [-0.1671275701938185 'Very Good' 'J' 'VS2' 1.0003980256446436]
 [1.5187374421095134 'Premium' 'E' 'SI1' 0.5178087851524303]
 [-1.031133388999276 'Ideal' 'H' 'VS2' 0.3109848249414846]] 
 
 
Val : (17261, 9) 
 

~~~~~~~~~~~~~~~~~~~~~~~~~~~~~~~~~~~~~~~~~~~~~~~~~~~~~~~~~~~~~~~~~~~~~~~~~~~~~~~
Ordinal Encoding...
Cat Idx V3 : [1, 2, 3] 
 

~~~~~~~~~~~~~~~~~~~~~~~~~~~~~~~~~~~~~~~~~~~~~~~~~~~~~~~~~~~~~~~~~~~~~~~~~~~~~~~
After ORDINAL
Numerical Index V2 : [0, 4, 5, 6, 7, 8] 


OHE Idx : None


Ordinal Idx V2: [1, 2, 3]


Cat Dims V2 : [6, 8, 9]
Cat Idx V2 : [1, 2, 3] 
 

Train: [[0.6125849979964727 3 2 3 1.0003980256446436 0.6818477980138942
  0.7181266017086537 0.6743891293634702 0.8336327416079901]
 [-1.1997198902296093 5 4 7 -0.1716044155507287 -0.2148391480233909
  -1.5992879928108343 -1.5617274544070479 -1.5944838069437477]
 [0.46507180941993104 4 5 5 0.10416086473053394 0.23350432499525162
  0.6379084042060562 0.6743891293634702 0.6755896526490007]
 [0.8443914371881805 3 3 4 1.0003980256446436 -1.5598695670793186
  0.8874761297696936 0.9218644825080338 1.0491460447338832]
 [-0.20927419550140183 2 3 6 0.24204350487116771 2.923565163107107
  -0.10188163942901116 -0.07687533553966802 -0.05715557797903817]
 [1.4765908168019302 3 6 4 -1.5504308169570469 0.23350432499525162
  1.5203085767346307 1.540552865369442 1.2933944549432308]
 [0.2543386828820146 2 6 2 0.03521954466021706 0.6818477980138942
  0.33486188030735403 0.4003985598105612 0.3738710282727494]
 [-0.1671275701938185 3 1 4 1.0003980256446436 1.1301912710325368
  0.03181535640865112 -0.03268330819242474 0.12962261806340306]
 [1.5187374421095134 4 6 3 0.5178087851524303 0.6818477980138942
  1.4222641131203444 1.3461079450415703 1.4658050974439447]
 [-1.031133388999276 5 3 4 0.3109848249414846 -1.111526094060676
  -1.1981970052978461 -1.2170296410985488 -1.1778247542336862]] 
 
 
Val : (17261, 9) 
 

FINISHED ENCODING
~~~~~~~~~~~~~~~~~~~~~~~~~~~~~~~~~~~~~~~~~~~~~~~~~~~~~~~~~~~~~~~~~~~~~~~~~~~~~~~


~~~~~~~~~~~~~~~~~~~~~~~~~~~~~~~~~~~~~~~~~~~~~~~~~~~~~~~~~~~~~~~~~~~~~~~~~~~~~~~
Test numpy array issues
X dtype: object
X Val dtype: object
X dtype: float32
X Val dtype: float32
After Debugging -- Inner Fold 4
DEBUG Inner Fold 4: num_features: 9
DEBUG Inner Fold 4: num_classes: 1
DEBUG Inner Fold 4: cat_idx: [1, 2, 3]
DEBUG Inner Fold 4: nominal_idx: None
DEBUG Inner Fold 4: ordinal_idx: [1, 2, 3]
DEBUG Inner Fold 4: num_idx: [0, 4, 5, 6, 7, 8]
DEBUG Inner Fold 4: cat_dims: [6, 8, 9]
DEBUG Inner Fold 4: bin_alt: None
In get_device
On Device: cuda
**** Data b4 Fitting ****
Train Data b4 training...
X: <class 'numpy.ndarray'> , y : (<class 'numpy.ndarray'>,), X_val: <class 'numpy.ndarray'> , y : <class 'numpy.ndarray'>

Train Data after...
X: <class 'torch.Tensor'> , y : (<class 'torch.Tensor'>,), X_val: <class 'torch.Tensor'> , y : <class 'torch.Tensor'>

Inner Fold 4 Results: {'MSE - mean': 22590256.983423453, 'MSE - std': 387195.97094674606, 'R2 - mean': -0.43109828646936826, 'R2 - std': 0.010848979357736094}
  outer_4_inner Fold 5/5
Before Debugging -- Inner Fold 5
DEBUG Inner Fold 5: num_features: 9
DEBUG Inner Fold 5: num_classes: 1
DEBUG Inner Fold 5: cat_idx: [0]
DEBUG Inner Fold 5: nominal_idx: None
DEBUG Inner Fold 5: ordinal_idx: [1, 2, 3]
DEBUG Inner Fold 5: num_idx: None
DEBUG Inner Fold 5: cat_dims: [2]
DEBUG Inner Fold 5: bin_alt: None
~~~~~~~~~~~~~~~~~~~~~~~~~~~~~~~~~~~~~~~~~~~~~~~~~~~~~~~~~~~~~~~~~~~~~~~~~~~~~~~
BEFORE ANY ENCODING
num_features :9
num_classes : 1
cat_idx : [0]
nominal_idx : None
ordinal_idx : [1, 2, 3]
num_idx : None
cat_dims : [2]
bin_alt : None 


X_train shape : (17261, 9)
~~~~~~~~~~~~~~~~~~~~~~~~~~~~~~~~~~~~~~~~~~~~~~~~~~~~~~~~~~~~~~~~~~~~~~~~~~~~~~~
~~~~~~~~~~~~~~~~~~~~~~~~~~~~~~~~~~~~~~~~~~~~~~~~~~~~~~~~~~~~~~~~~~~~~~~~~~~~~~~
AFTER getting cat idx
Nominal Index : None
Ordinal Index : [1, 2, 3]
Cat Idx : [0]
Cat dims : [2]
~~~~~~~~~~~~~~~~~~~~~~~~~~~~~~~~~~~~~~~~~~~~~~~~~~~~~~~~~~~~~~~~~~~~~~~~~~~~~~~
BEFORE getting cat idx
Nominal Index : None
Ordinal Index : [1, 2, 3]
Cat Idx : [1, 2, 3]
Cat dims : []
~~~~~~~~~~~~~~~~~~~~~~~~~~~~~~~~~~~~~~~~~~~~~~~~~~~~~~~~~~~~~~~~~~~~~~~~~~~~~~~ 


AFTER SEPARATING CATEGORICALS AND NUMERICALS
Ordinal Index : [1, 2, 3]
Numerical Index V1 : [0, 4, 5, 6, 7, 8]
Cat Idx V1 : [1, 2, 3] 
Cat Dims V1 : []
 

~~~~~~~~~~~~~~~~~~~~~~~~~~~~~~~~~~~~~~~~~~~~~~~~~~~~~~~~~~~~~~~~~~~~~~~~~~~~~~~ 


Scaling the data...
~~~~~~~~~~~~~~~~~~~~~~~~~~~~~~~~~~~~~~~~~~~~~~~~~~~~~~~~~~~~~~~~~~~~~~~~~~~~~~~
After OHE
Numerical Index V2 : [0, 4, 5, 6, 7, 8] 


OHE Idx : None


Ordinal Idx V2: [1, 2, 3]


Cat Dims V2 : []
Cat Idx V2 : [1, 2, 3] 
 

Train: [[0.4687592703832853 'Premium' 'F' 'VS1' 0.10755254250566874]
 [-0.20708885575152014 'Good' 'H' 'VVS2' 0.24502260331431983]
 [0.025233937607319384 'Good' 'G' 'SI2' -0.5110627311332514]
 [0.25755673096615866 'Good' 'E' 'SI2' 0.038817512101343196]
 [-0.16484834786809477 'Very Good' 'J' 'VS2' 1.001107937761891]
 [-0.03812682421781867 'Very Good' 'G' 'SI1' 0.86363787695324]
 [0.6799618098004121 'Premium' 'G' 'SI2' -0.5110627311332514]
 [-0.52389266487721 'Good' 'H' 'SI1' 1.2760480593791883]
 [-0.18596860180980745 'Premium' 'D' 'VS1' -2.504378612858663]
 [-0.6294939345857734 'Very Good' 'G' 'SI1' -1.679558248006771]] 
 
 
Val : (17261, 9) 
 

~~~~~~~~~~~~~~~~~~~~~~~~~~~~~~~~~~~~~~~~~~~~~~~~~~~~~~~~~~~~~~~~~~~~~~~~~~~~~~~
Ordinal Encoding...
Cat Idx V3 : [1, 2, 3] 
 

~~~~~~~~~~~~~~~~~~~~~~~~~~~~~~~~~~~~~~~~~~~~~~~~~~~~~~~~~~~~~~~~~~~~~~~~~~~~~~~
After ORDINAL
Numerical Index V2 : [0, 4, 5, 6, 7, 8] 


OHE Idx : None


Ordinal Idx V2: [1, 2, 3]


Cat Dims V2 : [6, 8, 9]
Cat Idx V2 : [1, 2, 3] 
 

Train: [[0.4687592703832853 4 5 5 0.10755254250566874 0.23283543223512176
  0.640476514444756 0.6348645012546086 0.6452527650263569]
 [-0.20708885575152014 2 3 6 0.24502260331431983 2.926426394877456
  -0.09882497804849394 -0.07224955865941347 -0.05469856918079232]
 [0.025233937607319384 2 4 2 -0.5110627311332514 1.579630913556289
  0.18620692267179542 0.21059606530619535 0.13744493432705282]
 [0.25755673096615866 2 6 2 0.038817512101343196 0.6817672593421774
  0.33763011992944897 0.37697584410949486 0.35703750976458953]
 [-0.16484834786809477 3 1 4 1.001107937761891 1.1306990864492332
  0.03478372541414111 -0.03065461395858878 0.12372039836220643]
 [-0.03812682421781867 3 4 3 0.86363787695324 0.23283543223512176
  0.07931995990168692 0.10244920908405084 0.19234307818643714]
 [0.6799618098004121 4 4 2 -0.5110627311332514 1.1306990864492332
  0.8631576868824818 0.7513303464169179 0.727599980815434]
 [-0.52389266487721 2 3 3 1.2760480593791883 -1.1139600490860453
  -0.49074384153889183 -0.4216470941463421 -0.31546475251286754]
 [-0.18596860180980745 4 7 5 -2.504378612858663 2.0285627406633444
  0.14167068818424963 0.08581123120372051 -0.17821939286440674]
 [-0.6294939345857734 3 4 3 -1.679558248006771 0.23283543223512176
  -0.4818365946413822 -0.4133281052061773 -0.6174045437394814]] 
 
 
Val : (17261, 9) 
 

FINISHED ENCODING
~~~~~~~~~~~~~~~~~~~~~~~~~~~~~~~~~~~~~~~~~~~~~~~~~~~~~~~~~~~~~~~~~~~~~~~~~~~~~~~


~~~~~~~~~~~~~~~~~~~~~~~~~~~~~~~~~~~~~~~~~~~~~~~~~~~~~~~~~~~~~~~~~~~~~~~~~~~~~~~
Test numpy array issues
X dtype: object
X Val dtype: object
X dtype: float32
X Val dtype: float32
After Debugging -- Inner Fold 5
DEBUG Inner Fold 5: num_features: 9
DEBUG Inner Fold 5: num_classes: 1
DEBUG Inner Fold 5: cat_idx: [1, 2, 3]
DEBUG Inner Fold 5: nominal_idx: None
DEBUG Inner Fold 5: ordinal_idx: [1, 2, 3]
DEBUG Inner Fold 5: num_idx: [0, 4, 5, 6, 7, 8]
DEBUG Inner Fold 5: cat_dims: [6, 8, 9]
DEBUG Inner Fold 5: bin_alt: None
In get_device
On Device: cuda
**** Data b4 Fitting ****
Train Data b4 training...
X: <class 'numpy.ndarray'> , y : (<class 'numpy.ndarray'>,), X_val: <class 'numpy.ndarray'> , y : <class 'numpy.ndarray'>

Train Data after...
X: <class 'torch.Tensor'> , y : (<class 'torch.Tensor'>,), X_val: <class 'torch.Tensor'> , y : <class 'torch.Tensor'>

Inner Fold 5 Results: {'MSE - mean': 22879338.102216054, 'MSE - std': 673949.6634789852, 'R2 - mean': -0.4377735341763313, 'R2 - std': 0.016504423960893907}
Trial Results B4 Saving: {'MSE - mean': 22879338.102216054, 'MSE - std': 673949.6634789852, 'R2 - mean': -0.4377735341763313, 'R2 - std': 0.016504423960893907}
Score: 22879338.102216054
Best Hyperparameters found for Outer Fold 4: {'learning_rate': 0.007101255154561158, 'weight_decay': 0.0009434149491471733}
Best Inner CV Score : 22523281.3395
Hyperparameter Optimization for Outer Fold 4 finished in 246.33 seconds.
Before Debugging -- Outer Fold 4
DEBUG Outer Fold 4: num_features: 9
DEBUG Outer Fold 4: num_classes: 1
DEBUG Outer Fold 4: cat_idx: [0]
DEBUG Outer Fold 4: nominal_idx: None
DEBUG Outer Fold 4: ordinal_idx: [1, 2, 3]
DEBUG Outer Fold 4: num_idx: None
DEBUG Outer Fold 4: cat_dims: [2]
DEBUG Outer Fold 4: bin_alt: None
~~~~~~~~~~~~~~~~~~~~~~~~~~~~~~~~~~~~~~~~~~~~~~~~~~~~~~~~~~~~~~~~~~~~~~~~~~~~~~~
BEFORE ANY ENCODING
num_features :9
num_classes : 1
cat_idx : [0]
nominal_idx : None
ordinal_idx : [1, 2, 3]
num_idx : None
cat_dims : [2]
bin_alt : None 


X_train shape : (21576, 9)
~~~~~~~~~~~~~~~~~~~~~~~~~~~~~~~~~~~~~~~~~~~~~~~~~~~~~~~~~~~~~~~~~~~~~~~~~~~~~~~
~~~~~~~~~~~~~~~~~~~~~~~~~~~~~~~~~~~~~~~~~~~~~~~~~~~~~~~~~~~~~~~~~~~~~~~~~~~~~~~
AFTER getting cat idx
Nominal Index : None
Ordinal Index : [1, 2, 3]
Cat Idx : [0]
Cat dims : [2]
~~~~~~~~~~~~~~~~~~~~~~~~~~~~~~~~~~~~~~~~~~~~~~~~~~~~~~~~~~~~~~~~~~~~~~~~~~~~~~~
BEFORE getting cat idx
Nominal Index : None
Ordinal Index : [1, 2, 3]
Cat Idx : [1, 2, 3]
Cat dims : []
~~~~~~~~~~~~~~~~~~~~~~~~~~~~~~~~~~~~~~~~~~~~~~~~~~~~~~~~~~~~~~~~~~~~~~~~~~~~~~~ 


AFTER SEPARATING CATEGORICALS AND NUMERICALS
Ordinal Index : [1, 2, 3]
Numerical Index V1 : [0, 4, 5, 6, 7, 8]
Cat Idx V1 : [1, 2, 3] 
Cat Dims V1 : []
 

~~~~~~~~~~~~~~~~~~~~~~~~~~~~~~~~~~~~~~~~~~~~~~~~~~~~~~~~~~~~~~~~~~~~~~~~~~~~~~~ 


Scaling the data...
~~~~~~~~~~~~~~~~~~~~~~~~~~~~~~~~~~~~~~~~~~~~~~~~~~~~~~~~~~~~~~~~~~~~~~~~~~~~~~~
After OHE
Numerical Index V2 : [0, 4, 5, 6, 7, 8] 


OHE Idx : None


Ordinal Idx V2: [1, 2, 3]


Cat Dims V2 : []
Cat Idx V2 : [1, 2, 3] 
 

Train: [[0.6106985163032131 'Very Good' 'I' 'SI1' 1.0055883487704447]
 [-1.2033304175167736 'Ideal' 'G' 'VVS1' -0.1691043536156425]
 [0.4630449984341444 'Premium' 'F' 'VS1' 0.10729392929872952]
 [0.8427254729546065 'Very Good' 'H' 'VS2' 1.0055883487704447]
 [-0.21194251182445542 'Good' 'H' 'VVS2' 0.24549307075591797]
 [1.4755262638220439 'Very Good' 'E' 'VS2' -1.5510957681875075]
 [0.020084444826938424 'Good' 'G' 'SI2' -0.5146022072586087]
 [0.25211140147833205 'Good' 'E' 'SI2' 0.03819435857013529]
 [-0.16975579243329292 'Very Good' 'J' 'VS2' 1.0055883487704447]
 [1.5177129832132064 'Premium' 'E' 'SI1' 0.52189135367029]] 
 
 
Val : (21576, 9) 
 

~~~~~~~~~~~~~~~~~~~~~~~~~~~~~~~~~~~~~~~~~~~~~~~~~~~~~~~~~~~~~~~~~~~~~~~~~~~~~~~
Ordinal Encoding...
Cat Idx V3 : [1, 2, 3] 
 

~~~~~~~~~~~~~~~~~~~~~~~~~~~~~~~~~~~~~~~~~~~~~~~~~~~~~~~~~~~~~~~~~~~~~~~~~~~~~~~
After ORDINAL
Numerical Index V2 : [0, 4, 5, 6, 7, 8] 


OHE Idx : None


Ordinal Idx V2: [1, 2, 3]


Cat Dims V2 : [6, 8, 9]
Cat Idx V2 : [1, 2, 3] 
 

Train: [[0.6106985163032131 3 2 3 1.0055883487704447 0.6851477176338062
  0.7152903126557065 0.6395989938574986 0.7985470679760345]
 [-1.2033304175167736 5 4 7 -0.1691043536156425 -0.21276263895300704
  -1.6027957556998553 -1.4969776195253108 -1.541184573554813]
 [0.4630449984341444 4 5 5 0.10729392929872952 0.23619253934039958
  0.6350488718280141 0.6395989938574986 0.6462568427876356]
 [0.8427254729546065 3 3 4 1.0055883487704447 -1.559628173833227
  0.8846889099586133 0.8760580656943315 1.0062155568693043]
 [-0.21194251182445542 2 3 6 0.24549307075591797 2.929923609100839
  -0.10495552691626144 -0.07822318850431459 -0.059816019449483754]
 [1.4755262638220439 3 6 4 -1.5510957681875075 0.23619253934039958
  1.517704720932632 1.4672057452864133 1.2415731776150118]
 [0.020084444826938424 2 4 2 -0.5146022072586087 1.5830580742206195
  0.18034737380442334 0.2089056844404107 0.1340079035175689]
 [0.25211140147833205 2 6 2 0.03819435857013529 0.6851477176338062
  0.3319145398122869 0.3778050214667199 0.355520958337057]
 [-0.16975579243329292 3 1 4 1.0055883487704447 1.1341028959272128
  0.028780207796558953 -0.03599835424773748 0.12016333759135053]
 [1.5177129832132064 4 6 3 0.52189135367029 0.6851477176338062
  1.4196318488098965 1.2814164745574728 1.4077079687296272]] 
 
 
Val : (21576, 9) 
 

FINISHED ENCODING
~~~~~~~~~~~~~~~~~~~~~~~~~~~~~~~~~~~~~~~~~~~~~~~~~~~~~~~~~~~~~~~~~~~~~~~~~~~~~~~


~~~~~~~~~~~~~~~~~~~~~~~~~~~~~~~~~~~~~~~~~~~~~~~~~~~~~~~~~~~~~~~~~~~~~~~~~~~~~~~
Test numpy array issues
X dtype: object
X Val dtype: object
X dtype: float32
X Val dtype: float32
After Debugging -- Outer Fold 4
DEBUG Outer Fold 4: num_features: 9
DEBUG Outer Fold 4: num_classes: 1
DEBUG Outer Fold 4: cat_idx: [1, 2, 3]
DEBUG Outer Fold 4: nominal_idx: None
DEBUG Outer Fold 4: ordinal_idx: [1, 2, 3]
DEBUG Outer Fold 4: num_idx: [0, 4, 5, 6, 7, 8]
DEBUG Outer Fold 4: cat_dims: [6, 8, 9]
DEBUG Outer Fold 4: bin_alt: None
Training final model for Outer Fold 4...
In get_device
On Device: cuda
Train Data b4 training...
X: <class 'numpy.ndarray'> , y : (<class 'numpy.ndarray'>,), X_val: <class 'numpy.ndarray'> , y : <class 'numpy.ndarray'>

Train Data after...
X: <class 'torch.Tensor'> , y : (<class 'torch.Tensor'>,), X_val: <class 'torch.Tensor'> , y : <class 'torch.Tensor'>

Evaluating final model on Outer Test Set for Fold 4...
Outer Fold 4 Results: {'MSE - mean': 19716332.815560583, 'MSE - std': 0.0, 'R2 - mean': -0.26161575583949603, 'R2 - std': 0.0}

--- Outer Fold 5/2 ---
Starting Hyperparameter Optimization for Outer Fold 5...
  outer_5_inner Fold 1/5
Before Debugging -- Inner Fold 1
DEBUG Inner Fold 1: num_features: 9
DEBUG Inner Fold 1: num_classes: 1
DEBUG Inner Fold 1: cat_idx: [0]
DEBUG Inner Fold 1: nominal_idx: None
DEBUG Inner Fold 1: ordinal_idx: [1, 2, 3]
DEBUG Inner Fold 1: num_idx: None
DEBUG Inner Fold 1: cat_dims: [2]
DEBUG Inner Fold 1: bin_alt: None
~~~~~~~~~~~~~~~~~~~~~~~~~~~~~~~~~~~~~~~~~~~~~~~~~~~~~~~~~~~~~~~~~~~~~~~~~~~~~~~
BEFORE ANY ENCODING
num_features :9
num_classes : 1
cat_idx : [0]
nominal_idx : None
ordinal_idx : [1, 2, 3]
num_idx : None
cat_dims : [2]
bin_alt : None 


X_train shape : (17260, 9)
~~~~~~~~~~~~~~~~~~~~~~~~~~~~~~~~~~~~~~~~~~~~~~~~~~~~~~~~~~~~~~~~~~~~~~~~~~~~~~~
~~~~~~~~~~~~~~~~~~~~~~~~~~~~~~~~~~~~~~~~~~~~~~~~~~~~~~~~~~~~~~~~~~~~~~~~~~~~~~~
AFTER getting cat idx
Nominal Index : None
Ordinal Index : [1, 2, 3]
Cat Idx : [0]
Cat dims : [2]
~~~~~~~~~~~~~~~~~~~~~~~~~~~~~~~~~~~~~~~~~~~~~~~~~~~~~~~~~~~~~~~~~~~~~~~~~~~~~~~
BEFORE getting cat idx
Nominal Index : None
Ordinal Index : [1, 2, 3]
Cat Idx : [1, 2, 3]
Cat dims : []
~~~~~~~~~~~~~~~~~~~~~~~~~~~~~~~~~~~~~~~~~~~~~~~~~~~~~~~~~~~~~~~~~~~~~~~~~~~~~~~ 


AFTER SEPARATING CATEGORICALS AND NUMERICALS
Ordinal Index : [1, 2, 3]
Numerical Index V1 : [0, 4, 5, 6, 7, 8]
Cat Idx V1 : [1, 2, 3] 
Cat Dims V1 : []
 

~~~~~~~~~~~~~~~~~~~~~~~~~~~~~~~~~~~~~~~~~~~~~~~~~~~~~~~~~~~~~~~~~~~~~~~~~~~~~~~ 


Scaling the data...
~~~~~~~~~~~~~~~~~~~~~~~~~~~~~~~~~~~~~~~~~~~~~~~~~~~~~~~~~~~~~~~~~~~~~~~~~~~~~~~
After OHE
Numerical Index V2 : [0, 4, 5, 6, 7, 8] 


OHE Idx : None


Ordinal Idx V2: [1, 2, 3]


Cat Dims V2 : []
Cat Idx V2 : [1, 2, 3] 
 

Train: [[0.45969704050202614 'Premium' 'F' 'VS1' 0.10607409954764287]
 [-0.21423325561359347 'Good' 'H' 'VVS2' 0.24357092341398656]
 [0.017430283676150928 'Good' 'G' 'SI2' -0.5126616078508939]
 [0.24909382296589508 'Good' 'E' 'SI2' 0.03732568761447103]
 [0.438636718748413 'Premium' 'E' 'VS1' -0.6501584317172376]
 [-0.04575068158468845 'Very Good' 'G' 'SI1' 0.8623066308125233]
 [-0.5301380819177899 'Good' 'H' 'SI1' 1.2747971024115494]
 [-0.19317293385998033 'Premium' 'D' 'VS1' -2.506365553912848]
 [-0.0878713250919147 'Good' 'D' 'VS2' 1.2060486904783776]
 [-0.6354396906858555 'Very Good' 'G' 'SI1' -1.6813846107148005]] 
 
 
Val : (17260, 9) 
 

~~~~~~~~~~~~~~~~~~~~~~~~~~~~~~~~~~~~~~~~~~~~~~~~~~~~~~~~~~~~~~~~~~~~~~~~~~~~~~~
Ordinal Encoding...
Cat Idx V3 : [1, 2, 3] 
 

~~~~~~~~~~~~~~~~~~~~~~~~~~~~~~~~~~~~~~~~~~~~~~~~~~~~~~~~~~~~~~~~~~~~~~~~~~~~~~~
After ORDINAL
Numerical Index V2 : [0, 4, 5, 6, 7, 8] 


OHE Idx : None


Ordinal Idx V2: [1, 2, 3]


Cat Dims V2 : [6, 8, 9]
Cat Idx V2 : [1, 2, 3] 
 

Train: [[0.45969704050202614 4 5 5 0.10607409954764287 0.2335378194767114
  0.6329606885984675 0.6272292942668771 0.6697299724510806]
 [-0.21423325561359347 2 3 6 0.24357092341398656 2.921944638543641
  -0.10889769313910021 -0.08184651701284319 -0.06417796739309398]
 [0.017430283676150928 2 4 2 -0.5126616078508939 1.577741229010176
  0.17711999620550445 0.20178380749904493 0.13728695727001303]
 [0.24909382296589508 2 6 2 0.03732568761447103 0.681605622654533
  0.3290668936698255 0.36862517485897933 0.36753258545642037]
 [0.438636718748413 4 6 5 -0.6501584317172376 0.681605622654533
  0.6418987413904862 0.5604927473229033 0.5402168065962264]
 [-0.04575068158468845 3 4 3 0.8623066308125233 0.2335378194767114
  0.06986336270127771 0.09333691871508776 0.194848364316615]
 [-0.5301380819177899 2 3 3 1.2747971024115494 -1.1106655900567532
  -0.5021720159879316 -0.43221338846870505 -0.33759465086445317]
 [-0.19317293385998033 4 7 5 -2.506365553912848 2.025809032187998
  0.13242973224540938 0.07665278197909395 -0.19369113324794815]
 [-0.0878713250919147 2 7 4 1.2060486904783776 -1.1106655900567532
  0.06092530990925822 0.08499485034709048 0.223629067839916]
 [-0.6354396906858555 3 4 3 -1.6813846107148005 0.2335378194767114
  -0.4932339631959121 -0.42387132010070855 -0.6541823896207641]] 
 
 
Val : (17260, 9) 
 

FINISHED ENCODING
~~~~~~~~~~~~~~~~~~~~~~~~~~~~~~~~~~~~~~~~~~~~~~~~~~~~~~~~~~~~~~~~~~~~~~~~~~~~~~~


~~~~~~~~~~~~~~~~~~~~~~~~~~~~~~~~~~~~~~~~~~~~~~~~~~~~~~~~~~~~~~~~~~~~~~~~~~~~~~~
Test numpy array issues
X dtype: object
X Val dtype: object
X dtype: float32
X Val dtype: float32
After Debugging -- Inner Fold 1
DEBUG Inner Fold 1: num_features: 9
DEBUG Inner Fold 1: num_classes: 1
DEBUG Inner Fold 1: cat_idx: [1, 2, 3]
DEBUG Inner Fold 1: nominal_idx: None
DEBUG Inner Fold 1: ordinal_idx: [1, 2, 3]
DEBUG Inner Fold 1: num_idx: [0, 4, 5, 6, 7, 8]
DEBUG Inner Fold 1: cat_dims: [6, 8, 9]
DEBUG Inner Fold 1: bin_alt: None
In get_device
On Device: cuda
**** Data b4 Fitting ****
Train Data b4 training...
X: <class 'numpy.ndarray'> , y : (<class 'numpy.ndarray'>,), X_val: <class 'numpy.ndarray'> , y : <class 'numpy.ndarray'>

Train Data after...
X: <class 'torch.Tensor'> , y : (<class 'torch.Tensor'>,), X_val: <class 'torch.Tensor'> , y : <class 'torch.Tensor'>

Inner Fold 1 Results: {'MSE - mean': 29893140.193526212, 'MSE - std': 0.0, 'R2 - mean': -0.8770991981955645, 'R2 - std': 0.0}
  outer_5_inner Fold 2/5
Before Debugging -- Inner Fold 2
DEBUG Inner Fold 2: num_features: 9
DEBUG Inner Fold 2: num_classes: 1
DEBUG Inner Fold 2: cat_idx: [0]
DEBUG Inner Fold 2: nominal_idx: None
DEBUG Inner Fold 2: ordinal_idx: [1, 2, 3]
DEBUG Inner Fold 2: num_idx: None
DEBUG Inner Fold 2: cat_dims: [2]
DEBUG Inner Fold 2: bin_alt: None
~~~~~~~~~~~~~~~~~~~~~~~~~~~~~~~~~~~~~~~~~~~~~~~~~~~~~~~~~~~~~~~~~~~~~~~~~~~~~~~
BEFORE ANY ENCODING
num_features :9
num_classes : 1
cat_idx : [0]
nominal_idx : None
ordinal_idx : [1, 2, 3]
num_idx : None
cat_dims : [2]
bin_alt : None 


X_train shape : (17261, 9)
~~~~~~~~~~~~~~~~~~~~~~~~~~~~~~~~~~~~~~~~~~~~~~~~~~~~~~~~~~~~~~~~~~~~~~~~~~~~~~~
~~~~~~~~~~~~~~~~~~~~~~~~~~~~~~~~~~~~~~~~~~~~~~~~~~~~~~~~~~~~~~~~~~~~~~~~~~~~~~~
AFTER getting cat idx
Nominal Index : None
Ordinal Index : [1, 2, 3]
Cat Idx : [0]
Cat dims : [2]
~~~~~~~~~~~~~~~~~~~~~~~~~~~~~~~~~~~~~~~~~~~~~~~~~~~~~~~~~~~~~~~~~~~~~~~~~~~~~~~
BEFORE getting cat idx
Nominal Index : None
Ordinal Index : [1, 2, 3]
Cat Idx : [1, 2, 3]
Cat dims : []
~~~~~~~~~~~~~~~~~~~~~~~~~~~~~~~~~~~~~~~~~~~~~~~~~~~~~~~~~~~~~~~~~~~~~~~~~~~~~~~ 


AFTER SEPARATING CATEGORICALS AND NUMERICALS
Ordinal Index : [1, 2, 3]
Numerical Index V1 : [0, 4, 5, 6, 7, 8]
Cat Idx V1 : [1, 2, 3] 
Cat Dims V1 : []
 

~~~~~~~~~~~~~~~~~~~~~~~~~~~~~~~~~~~~~~~~~~~~~~~~~~~~~~~~~~~~~~~~~~~~~~~~~~~~~~~ 


Scaling the data...
~~~~~~~~~~~~~~~~~~~~~~~~~~~~~~~~~~~~~~~~~~~~~~~~~~~~~~~~~~~~~~~~~~~~~~~~~~~~~~~
After OHE
Numerical Index V2 : [0, 4, 5, 6, 7, 8] 


OHE Idx : None


Ordinal Idx V2: [1, 2, 3]


Cat Dims V2 : []
Cat Idx V2 : [1, 2, 3] 
 

Train: [[0.46211154148056705 'Premium' 'F' 'VS1' 0.10862096508842112]
 [-0.21258787265656273 'Good' 'H' 'VVS2' 0.24665427719850883]
 [-0.6131906498004833 'Ideal' 'F' 'VS2' -0.7885955636271343]
 [0.019340050953075796 'Good' 'G' 'SI2' -0.5125289394069638]
 [0.4410271847887817 'Premium' 'E' 'VS1' -0.6505622515170515]
 [-0.04391301912228016 'Very Good' 'G' 'SI1' 0.8678041816938937]
 [-1.0348777836361893 'Ideal' 'H' 'VS2' 0.31567093325355267]
 [-0.1915035159647774 'Premium' 'D' 'VS1' -2.5140119650032062]
 [-0.08608173250585081 'Good' 'D' 'VS2' 1.2128874619691081]
 [-0.6342750064922686 'Very Good' 'G' 'SI1' -1.6858120923426947]] 
 
 
Val : (17261, 9) 
 

~~~~~~~~~~~~~~~~~~~~~~~~~~~~~~~~~~~~~~~~~~~~~~~~~~~~~~~~~~~~~~~~~~~~~~~~~~~~~~~
Ordinal Encoding...
Cat Idx V3 : [1, 2, 3] 
 

~~~~~~~~~~~~~~~~~~~~~~~~~~~~~~~~~~~~~~~~~~~~~~~~~~~~~~~~~~~~~~~~~~~~~~~~~~~~~~~
After ORDINAL
Numerical Index V2 : [0, 4, 5, 6, 7, 8] 


OHE Idx : None


Ordinal Idx V2: [1, 2, 3]


Cat Dims V2 : [6, 8, 9]
Cat Idx V2 : [1, 2, 3] 
 

Train: [[0.46211154148056705 4 5 5 0.10862096508842112 0.23648300699472372
  0.6353065985709246 0.6712306261392791 0.64016513769008]
 [-0.21258787265656273 2 3 6 0.24665427719850883 2.926330468051674
  -0.10617236505363199 -0.08178159723067265 -0.060609088441443415]
 [-0.6131906498004833 5 5 4 -0.7885955636271343 -0.660132813357593
  -0.4903120691000888 -0.5070120292513518 -0.5552732480636953]
 [0.019340050953075796 2 4 2 -0.5125289394069638 1.5814067375231988
  0.17969904260884792 0.21942329211730807 0.1317603069672103]
 [0.4410271847887817 4 6 5 -0.6505622515170515 0.684790917170882
  0.6442400800603769 0.6003588874691659 0.5164990977845172]
 [-0.04391301912228016 3 4 3 0.8678041816938937 0.23648300699472372
  0.07249726473541794 0.10425671677837431 0.1867229913696828]
 [-1.0348777836361893 5 3 4 0.31567093325355267 -1.1084407235337514
  -1.2049905882562886 -1.224588383286247 -1.1323814342896559]
 [-0.1915035159647774 4 7 5 -2.5140119650032062 2.029714647699357
  0.13503163516158484 0.08653878211084562 -0.1842751283470062]
 [-0.08608173250585081 2 7 4 1.2128874619691081 -1.1084407235337514
  0.06356378324596486 0.09539774944460958 0.21420433357091906]
 [-0.6342750064922686 3 4 3 -1.6858120923426947 0.23648300699472372
  -0.4903120691000888 -0.4449992579150026 -0.6239766035667862]] 
 
 
Val : (17261, 9) 
 

FINISHED ENCODING
~~~~~~~~~~~~~~~~~~~~~~~~~~~~~~~~~~~~~~~~~~~~~~~~~~~~~~~~~~~~~~~~~~~~~~~~~~~~~~~


~~~~~~~~~~~~~~~~~~~~~~~~~~~~~~~~~~~~~~~~~~~~~~~~~~~~~~~~~~~~~~~~~~~~~~~~~~~~~~~
Test numpy array issues
X dtype: object
X Val dtype: object
X dtype: float32
X Val dtype: float32
After Debugging -- Inner Fold 2
DEBUG Inner Fold 2: num_features: 9
DEBUG Inner Fold 2: num_classes: 1
DEBUG Inner Fold 2: cat_idx: [1, 2, 3]
DEBUG Inner Fold 2: nominal_idx: None
DEBUG Inner Fold 2: ordinal_idx: [1, 2, 3]
DEBUG Inner Fold 2: num_idx: [0, 4, 5, 6, 7, 8]
DEBUG Inner Fold 2: cat_dims: [6, 8, 9]
DEBUG Inner Fold 2: bin_alt: None
In get_device
On Device: cuda
**** Data b4 Fitting ****
Train Data b4 training...
X: <class 'numpy.ndarray'> , y : (<class 'numpy.ndarray'>,), X_val: <class 'numpy.ndarray'> , y : <class 'numpy.ndarray'>

Train Data after...
X: <class 'torch.Tensor'> , y : (<class 'torch.Tensor'>,), X_val: <class 'torch.Tensor'> , y : <class 'torch.Tensor'>

Inner Fold 2 Results: {'MSE - mean': 29765273.277637728, 'MSE - std': 127866.9158884827, 'R2 - mean': -0.8799181211797781, 'R2 - std': 0.002818922984213601}
  outer_5_inner Fold 3/5
Before Debugging -- Inner Fold 3
DEBUG Inner Fold 3: num_features: 9
DEBUG Inner Fold 3: num_classes: 1
DEBUG Inner Fold 3: cat_idx: [0]
DEBUG Inner Fold 3: nominal_idx: None
DEBUG Inner Fold 3: ordinal_idx: [1, 2, 3]
DEBUG Inner Fold 3: num_idx: None
DEBUG Inner Fold 3: cat_dims: [2]
DEBUG Inner Fold 3: bin_alt: None
~~~~~~~~~~~~~~~~~~~~~~~~~~~~~~~~~~~~~~~~~~~~~~~~~~~~~~~~~~~~~~~~~~~~~~~~~~~~~~~
BEFORE ANY ENCODING
num_features :9
num_classes : 1
cat_idx : [0]
nominal_idx : None
ordinal_idx : [1, 2, 3]
num_idx : None
cat_dims : [2]
bin_alt : None 


X_train shape : (17261, 9)
~~~~~~~~~~~~~~~~~~~~~~~~~~~~~~~~~~~~~~~~~~~~~~~~~~~~~~~~~~~~~~~~~~~~~~~~~~~~~~~
~~~~~~~~~~~~~~~~~~~~~~~~~~~~~~~~~~~~~~~~~~~~~~~~~~~~~~~~~~~~~~~~~~~~~~~~~~~~~~~
AFTER getting cat idx
Nominal Index : None
Ordinal Index : [1, 2, 3]
Cat Idx : [0]
Cat dims : [2]
~~~~~~~~~~~~~~~~~~~~~~~~~~~~~~~~~~~~~~~~~~~~~~~~~~~~~~~~~~~~~~~~~~~~~~~~~~~~~~~
BEFORE getting cat idx
Nominal Index : None
Ordinal Index : [1, 2, 3]
Cat Idx : [1, 2, 3]
Cat dims : []
~~~~~~~~~~~~~~~~~~~~~~~~~~~~~~~~~~~~~~~~~~~~~~~~~~~~~~~~~~~~~~~~~~~~~~~~~~~~~~~ 


AFTER SEPARATING CATEGORICALS AND NUMERICALS
Ordinal Index : [1, 2, 3]
Numerical Index V1 : [0, 4, 5, 6, 7, 8]
Cat Idx V1 : [1, 2, 3] 
Cat Dims V1 : []
 

~~~~~~~~~~~~~~~~~~~~~~~~~~~~~~~~~~~~~~~~~~~~~~~~~~~~~~~~~~~~~~~~~~~~~~~~~~~~~~~ 


Scaling the data...
~~~~~~~~~~~~~~~~~~~~~~~~~~~~~~~~~~~~~~~~~~~~~~~~~~~~~~~~~~~~~~~~~~~~~~~~~~~~~~~
After OHE
Numerical Index V2 : [0, 4, 5, 6, 7, 8] 


OHE Idx : None


Ordinal Idx V2: [1, 2, 3]


Cat Dims V2 : []
Cat Idx V2 : [1, 2, 3] 
 

Train: [[0.4607056057947172 'Premium' 'F' 'VS1' 0.11394918249533156]
 [-0.2147675110231812 'Good' 'H' 'VVS2' 0.25175803441699385]
 [-0.6158296741338082 'Ideal' 'F' 'VS2' -0.7818083549954588]
 [0.017426372882971525 'Good' 'G' 'SI2' -0.506190651152139]
 [0.24962025678912403 'Good' 'E' 'SI2' 0.04504475653450041]
 [0.43959707089415784 'Premium' 'E' 'VS1' -0.6439995030738014]
 [-0.04589923181870649 'Very Good' 'G' 'SI1' 0.8718978680644645]
 [-1.0380003721449946 'Ideal' 'H' 'VS2' 0.32066246037782503]
 [-0.5313955345315708 'Good' 'H' 'SI1' 1.2853244238294466]
 [-0.19365897612262187 'Premium' 'D' 'VS1' -2.504419004016213]] 
 
 
Val : (17261, 9) 
 

~~~~~~~~~~~~~~~~~~~~~~~~~~~~~~~~~~~~~~~~~~~~~~~~~~~~~~~~~~~~~~~~~~~~~~~~~~~~~~~
Ordinal Encoding...
Cat Idx V3 : [1, 2, 3] 
 

~~~~~~~~~~~~~~~~~~~~~~~~~~~~~~~~~~~~~~~~~~~~~~~~~~~~~~~~~~~~~~~~~~~~~~~~~~~~~~~
After ORDINAL
Numerical Index V2 : [0, 4, 5, 6, 7, 8] 


OHE Idx : None


Ordinal Idx V2: [1, 2, 3]


Cat Dims V2 : [6, 8, 9]
Cat Idx V2 : [1, 2, 3] 
 

Train: [[0.4607056057947172 4 5 5 0.11394918249533156 0.22922658535970966
  0.6324150125139028 0.6366652897458769 0.6382938499010384]
 [-0.2147675110231812 2 3 6 0.25175803441699385 2.919168292839547
  -0.10929519636235105 -0.0823493892210175 -0.06306581041424879]
 [-0.6158296741338082 5 5 4 -0.7818083549954588 -0.6674206504669028
  -0.4935547021657112 -0.48838120793173484 -0.558143217695628]
 [0.017426372882971525 2 4 2 -0.506190651152139 1.5741974390996283
  0.17666536609596392 0.20525648236574023 0.12946429241739893]
 [0.24962025678912403 2 6 2 0.04504475653450041 0.6775502032730158
  0.32858191490194355 0.3744364068285391 0.3494986956535671]
 [0.43959707089415784 4 6 5 -0.6439995030738014 0.6775502032730158
  0.641351280090725 0.5689933199607573 0.5145244980806938]
 [-0.04589923181870649 3 4 3 0.8718978680644645 0.22922658535970966
  0.0694301551740958 0.09528953146492114 0.18447289322644111]
 [-1.0380003721449946 5 3 4 0.32066246037782503 -1.115744268380209
  -1.2084561083114986 -1.1735599020060694 -1.1357335261905706]
 [-0.5313955345315708 2 3 3 1.2853244238294466 -1.115744268380209
  -0.5024909697425342 -0.4376272305928948 -0.32435666425719895]
 [-0.19365897612262187 4 7 5 -2.504419004016213 2.0225210570129346
  0.13198402821185162 0.07837153901864088 -0.18683516223459345]] 
 
 
Val : (17261, 9) 
 

FINISHED ENCODING
~~~~~~~~~~~~~~~~~~~~~~~~~~~~~~~~~~~~~~~~~~~~~~~~~~~~~~~~~~~~~~~~~~~~~~~~~~~~~~~


~~~~~~~~~~~~~~~~~~~~~~~~~~~~~~~~~~~~~~~~~~~~~~~~~~~~~~~~~~~~~~~~~~~~~~~~~~~~~~~
Test numpy array issues
X dtype: object
X Val dtype: object
X dtype: float32
X Val dtype: float32
After Debugging -- Inner Fold 3
DEBUG Inner Fold 3: num_features: 9
DEBUG Inner Fold 3: num_classes: 1
DEBUG Inner Fold 3: cat_idx: [1, 2, 3]
DEBUG Inner Fold 3: nominal_idx: None
DEBUG Inner Fold 3: ordinal_idx: [1, 2, 3]
DEBUG Inner Fold 3: num_idx: [0, 4, 5, 6, 7, 8]
DEBUG Inner Fold 3: cat_dims: [6, 8, 9]
DEBUG Inner Fold 3: bin_alt: None
In get_device
On Device: cuda
**** Data b4 Fitting ****
Train Data b4 training...
X: <class 'numpy.ndarray'> , y : (<class 'numpy.ndarray'>,), X_val: <class 'numpy.ndarray'> , y : <class 'numpy.ndarray'>

Train Data after...
X: <class 'torch.Tensor'> , y : (<class 'torch.Tensor'>,), X_val: <class 'torch.Tensor'> , y : <class 'torch.Tensor'>

Inner Fold 3 Results: {'MSE - mean': 29365693.27988039, 'MSE - std': 574654.9527047203, 'R2 - mean': -0.8804615424131729, 'R2 - std': 0.0024265540314941524}
  outer_5_inner Fold 4/5
Before Debugging -- Inner Fold 4
DEBUG Inner Fold 4: num_features: 9
DEBUG Inner Fold 4: num_classes: 1
DEBUG Inner Fold 4: cat_idx: [0]
DEBUG Inner Fold 4: nominal_idx: None
DEBUG Inner Fold 4: ordinal_idx: [1, 2, 3]
DEBUG Inner Fold 4: num_idx: None
DEBUG Inner Fold 4: cat_dims: [2]
DEBUG Inner Fold 4: bin_alt: None
~~~~~~~~~~~~~~~~~~~~~~~~~~~~~~~~~~~~~~~~~~~~~~~~~~~~~~~~~~~~~~~~~~~~~~~~~~~~~~~
BEFORE ANY ENCODING
num_features :9
num_classes : 1
cat_idx : [0]
nominal_idx : None
ordinal_idx : [1, 2, 3]
num_idx : None
cat_dims : [2]
bin_alt : None 


X_train shape : (17261, 9)
~~~~~~~~~~~~~~~~~~~~~~~~~~~~~~~~~~~~~~~~~~~~~~~~~~~~~~~~~~~~~~~~~~~~~~~~~~~~~~~
~~~~~~~~~~~~~~~~~~~~~~~~~~~~~~~~~~~~~~~~~~~~~~~~~~~~~~~~~~~~~~~~~~~~~~~~~~~~~~~
AFTER getting cat idx
Nominal Index : None
Ordinal Index : [1, 2, 3]
Cat Idx : [0]
Cat dims : [2]
~~~~~~~~~~~~~~~~~~~~~~~~~~~~~~~~~~~~~~~~~~~~~~~~~~~~~~~~~~~~~~~~~~~~~~~~~~~~~~~
BEFORE getting cat idx
Nominal Index : None
Ordinal Index : [1, 2, 3]
Cat Idx : [1, 2, 3]
Cat dims : []
~~~~~~~~~~~~~~~~~~~~~~~~~~~~~~~~~~~~~~~~~~~~~~~~~~~~~~~~~~~~~~~~~~~~~~~~~~~~~~~ 


AFTER SEPARATING CATEGORICALS AND NUMERICALS
Ordinal Index : [1, 2, 3]
Numerical Index V1 : [0, 4, 5, 6, 7, 8]
Cat Idx V1 : [1, 2, 3] 
Cat Dims V1 : []
 

~~~~~~~~~~~~~~~~~~~~~~~~~~~~~~~~~~~~~~~~~~~~~~~~~~~~~~~~~~~~~~~~~~~~~~~~~~~~~~~ 


Scaling the data...
~~~~~~~~~~~~~~~~~~~~~~~~~~~~~~~~~~~~~~~~~~~~~~~~~~~~~~~~~~~~~~~~~~~~~~~~~~~~~~~
After OHE
Numerical Index V2 : [0, 4, 5, 6, 7, 8] 


OHE Idx : None


Ordinal Idx V2: [1, 2, 3]


Cat Dims V2 : []
Cat Idx V2 : [1, 2, 3] 
 

Train: [[0.4731554902504729 'Premium' 'F' 'VS1' 0.10778048210080737]
 [-0.2046960723084143 'Good' 'H' 'VVS2' 0.2445041465045759]
 [-0.6071704375777534 'Ideal' 'F' 'VS2' -0.7809233365236734]
 [0.02831540232120332 'Good' 'G' 'SI2' -0.5074760077161412]
 [0.2613268769508207 'Good' 'E' 'SI2' 0.03941864989892311]
 [0.4519726289205076 'Premium' 'E' 'VS1' -0.6441996721199098]
 [-1.0308276641770577 'Ideal' 'H' 'VS2' 0.31286597870646016]
 [-0.5224389922578924 'Good' 'H' 'SI1' 1.2699316295328251]
 [-0.18351321097844905 'Premium' 'D' 'VS1' -2.4899691415707554]
 [-0.6283532989077186 'Very Good' 'G' 'SI1' -1.6696271551481592]] 
 
 
Val : (17261, 9) 
 

~~~~~~~~~~~~~~~~~~~~~~~~~~~~~~~~~~~~~~~~~~~~~~~~~~~~~~~~~~~~~~~~~~~~~~~~~~~~~~~
Ordinal Encoding...
Cat Idx V3 : [1, 2, 3] 
 

~~~~~~~~~~~~~~~~~~~~~~~~~~~~~~~~~~~~~~~~~~~~~~~~~~~~~~~~~~~~~~~~~~~~~~~~~~~~~~~
After ORDINAL
Numerical Index V2 : [0, 4, 5, 6, 7, 8] 


OHE Idx : None


Ordinal Idx V2: [1, 2, 3]


Cat Dims V2 : [6, 8, 9]
Cat Idx V2 : [1, 2, 3] 
 

Train: [[0.4731554902504729 4 5 5 0.10778048210080737 0.23192279435700777
  0.6446357847439013 0.6381538711764909 0.6495490981793045]
 [-0.2046960723084143 2 3 6 0.2445041465045759 2.9241279682431625
  -0.09785393449760792 -0.07143879824284503 -0.05265551457683194]
 [-0.6071704375777534 5 5 4 -0.7809233365236734 -0.6654789302717105
  -0.4825172830203172 -0.47214995273847055 -0.5483293588752812]
 [0.02831540232120332 2 4 2 -0.5074760077161412 1.578025381300085
  0.18840716207743197 0.21239826952488933 0.14010653598367637]
 [0.2613268769508207 2 6 2 0.03941864989892311 0.6806236566713669
  0.34048336963292175 0.3793612505647333 0.36040602233854235]
 [0.4519726289205076 4 6 5 -0.6441996721199098 0.6806236566713669
  0.653581444011871 0.5713686787605533 0.5256306371046924]
 [-1.0308276641770577 5 3 4 0.31286597870646016 -1.1141797925860695
  -1.198170024457917 -1.1483500259498376 -1.1266155105568054]
 [-0.5224389922578924 2 3 3 1.2699316295328251 -1.1141797925860695
  -0.4914629422882878 -0.422061058426517 -0.31426115462323573]
 [-0.18351321097844905 4 7 5 -2.4899691415707554 2.026726243614444
  0.1436788657375814 0.08717603374500617 -0.17657397565144411]
 [-0.6283532989077186 3 4 3 -1.6696271551481592 0.23192279435700777
  -0.4825172830203172 -0.413712909374525 -0.6171729483611773]] 
 
 
Val : (17261, 9) 
 

FINISHED ENCODING
~~~~~~~~~~~~~~~~~~~~~~~~~~~~~~~~~~~~~~~~~~~~~~~~~~~~~~~~~~~~~~~~~~~~~~~~~~~~~~~


~~~~~~~~~~~~~~~~~~~~~~~~~~~~~~~~~~~~~~~~~~~~~~~~~~~~~~~~~~~~~~~~~~~~~~~~~~~~~~~
Test numpy array issues
X dtype: object
X Val dtype: object
X dtype: float32
X Val dtype: float32
After Debugging -- Inner Fold 4
DEBUG Inner Fold 4: num_features: 9
DEBUG Inner Fold 4: num_classes: 1
DEBUG Inner Fold 4: cat_idx: [1, 2, 3]
DEBUG Inner Fold 4: nominal_idx: None
DEBUG Inner Fold 4: ordinal_idx: [1, 2, 3]
DEBUG Inner Fold 4: num_idx: [0, 4, 5, 6, 7, 8]
DEBUG Inner Fold 4: cat_dims: [6, 8, 9]
DEBUG Inner Fold 4: bin_alt: None
In get_device
On Device: cuda
**** Data b4 Fitting ****
Train Data b4 training...
X: <class 'numpy.ndarray'> , y : (<class 'numpy.ndarray'>,), X_val: <class 'numpy.ndarray'> , y : <class 'numpy.ndarray'>

Train Data after...
X: <class 'torch.Tensor'> , y : (<class 'torch.Tensor'>,), X_val: <class 'torch.Tensor'> , y : <class 'torch.Tensor'>

Inner Fold 4 Results: {'MSE - mean': 29911904.212827805, 'MSE - std': 1068976.326124629, 'R2 - mean': -0.8825618775827857, 'R2 - std': 0.004201231584304574}
  outer_5_inner Fold 5/5
Before Debugging -- Inner Fold 5
DEBUG Inner Fold 5: num_features: 9
DEBUG Inner Fold 5: num_classes: 1
DEBUG Inner Fold 5: cat_idx: [0]
DEBUG Inner Fold 5: nominal_idx: None
DEBUG Inner Fold 5: ordinal_idx: [1, 2, 3]
DEBUG Inner Fold 5: num_idx: None
DEBUG Inner Fold 5: cat_dims: [2]
DEBUG Inner Fold 5: bin_alt: None
~~~~~~~~~~~~~~~~~~~~~~~~~~~~~~~~~~~~~~~~~~~~~~~~~~~~~~~~~~~~~~~~~~~~~~~~~~~~~~~
BEFORE ANY ENCODING
num_features :9
num_classes : 1
cat_idx : [0]
nominal_idx : None
ordinal_idx : [1, 2, 3]
num_idx : None
cat_dims : [2]
bin_alt : None 


X_train shape : (17261, 9)
~~~~~~~~~~~~~~~~~~~~~~~~~~~~~~~~~~~~~~~~~~~~~~~~~~~~~~~~~~~~~~~~~~~~~~~~~~~~~~~
~~~~~~~~~~~~~~~~~~~~~~~~~~~~~~~~~~~~~~~~~~~~~~~~~~~~~~~~~~~~~~~~~~~~~~~~~~~~~~~
AFTER getting cat idx
Nominal Index : None
Ordinal Index : [1, 2, 3]
Cat Idx : [0]
Cat dims : [2]
~~~~~~~~~~~~~~~~~~~~~~~~~~~~~~~~~~~~~~~~~~~~~~~~~~~~~~~~~~~~~~~~~~~~~~~~~~~~~~~
BEFORE getting cat idx
Nominal Index : None
Ordinal Index : [1, 2, 3]
Cat Idx : [1, 2, 3]
Cat dims : []
~~~~~~~~~~~~~~~~~~~~~~~~~~~~~~~~~~~~~~~~~~~~~~~~~~~~~~~~~~~~~~~~~~~~~~~~~~~~~~~ 


AFTER SEPARATING CATEGORICALS AND NUMERICALS
Ordinal Index : [1, 2, 3]
Numerical Index V1 : [0, 4, 5, 6, 7, 8]
Cat Idx V1 : [1, 2, 3] 
Cat Dims V1 : []
 

~~~~~~~~~~~~~~~~~~~~~~~~~~~~~~~~~~~~~~~~~~~~~~~~~~~~~~~~~~~~~~~~~~~~~~~~~~~~~~~ 


Scaling the data...
~~~~~~~~~~~~~~~~~~~~~~~~~~~~~~~~~~~~~~~~~~~~~~~~~~~~~~~~~~~~~~~~~~~~~~~~~~~~~~~
After OHE
Numerical Index V2 : [0, 4, 5, 6, 7, 8] 


OHE Idx : None


Ordinal Idx V2: [1, 2, 3]


Cat Dims V2 : []
Cat Idx V2 : [1, 2, 3] 
 

Train: [[-0.6124157297795658 'Ideal' 'F' 'VS2' -0.7889824511638072]
 [0.25202151655447264 'Good' 'E' 'SI2' 0.03902758625068568]
 [-0.04315217731568686 'Very Good' 'G' 'SI1' 0.8670376236651834]
 [-1.034092435308365 'Ideal' 'H' 'VS2' 0.3150309320555215]
 [-0.5280803886738059 'Good' 'H' 'SI1' 1.2810426423724321]
 [-0.0853198478685668 'Good' 'D' 'VS2' 1.2120418059212232]
 [0.7369497279125914 'Ideal' 'E' 'VS2' -0.23697575955414527]
 [-0.14857135369788674 'Very Good' 'I' 'VS1' 0.4530326049579345]
 [-1.034092435308365 'Premium' 'D' 'IF' -1.064985796968638]
 [-0.04315217731568686 'Ideal' 'F' 'VS2' -0.9269841240662251]] 
 
 
Val : (17261, 9) 
 

~~~~~~~~~~~~~~~~~~~~~~~~~~~~~~~~~~~~~~~~~~~~~~~~~~~~~~~~~~~~~~~~~~~~~~~~~~~~~~~
Ordinal Encoding...
Cat Idx V3 : [1, 2, 3] 
 

~~~~~~~~~~~~~~~~~~~~~~~~~~~~~~~~~~~~~~~~~~~~~~~~~~~~~~~~~~~~~~~~~~~~~~~~~~~~~~~
After ORDINAL
Numerical Index V2 : [0, 4, 5, 6, 7, 8] 


OHE Idx : None


Ordinal Idx V2: [1, 2, 3]


Cat Dims V2 : [6, 8, 9]
Cat Idx V2 : [1, 2, 3] 
 

Train: [[-0.6124157297795658 5 5 4 -0.7889824511638072 -0.6615331985124372
  -0.4898858731758127 -0.4793762080994451 -0.5547921263906226]
 [0.25202151655447264 2 6 2 0.03902758625068568 0.6876768629519923
  0.3321399043792453 0.37161240867799233 0.3521098845855839]
 [-0.04315217731568686 3 4 3 0.8670376236651834 0.23794017579718246
  0.07302308319341175 0.09629256207352735 0.18721860986263764]
 [-1.034092435308365 5 3 4 0.3150309320555215 -1.111269885667247
  -1.2046908971367334 -1.1551612861285858 -1.131911587920936]
 [-0.5280803886738059 2 3 3 1.2810426423724321 -1.111269885667247
  -0.4988209359753248 -0.42931805417136015 -0.32119615386644823]
 [-0.0853198478685668 2 7 4 1.2120418059212232 -1.111269885667247
  0.06408802039389964 0.08794953641884602 0.21470048898312877]
 [0.7369497279125914 5 6 4 -0.23697575955414527 -0.21179651135762734
  0.8861137979489585 0.8471648709947949 0.8193018296339327]
 [-0.14857135369788674 3 2 5 0.4530326049579345 -0.6615331985124372
  -0.016327544801703734 0.012862305526719348 0.049809214260181915]
 [-1.034092435308365 4 7 8 -1.064985796968638 0.6876768629519923
  -1.1778857087381986 -1.1301322091645443 -1.2280981648426552]
 [-0.04315217731568686 5 5 4 -0.9269841240662251 0.23794017579718246
  0.23385421358461853 0.17137979296565403 0.09103203294091833]] 
 
 
Val : (17261, 9) 
 

FINISHED ENCODING
~~~~~~~~~~~~~~~~~~~~~~~~~~~~~~~~~~~~~~~~~~~~~~~~~~~~~~~~~~~~~~~~~~~~~~~~~~~~~~~


~~~~~~~~~~~~~~~~~~~~~~~~~~~~~~~~~~~~~~~~~~~~~~~~~~~~~~~~~~~~~~~~~~~~~~~~~~~~~~~
Test numpy array issues
X dtype: object
X Val dtype: object
X dtype: float32
X Val dtype: float32
After Debugging -- Inner Fold 5
DEBUG Inner Fold 5: num_features: 9
DEBUG Inner Fold 5: num_classes: 1
DEBUG Inner Fold 5: cat_idx: [1, 2, 3]
DEBUG Inner Fold 5: nominal_idx: None
DEBUG Inner Fold 5: ordinal_idx: [1, 2, 3]
DEBUG Inner Fold 5: num_idx: [0, 4, 5, 6, 7, 8]
DEBUG Inner Fold 5: cat_dims: [6, 8, 9]
DEBUG Inner Fold 5: bin_alt: None
In get_device
On Device: cuda
**** Data b4 Fitting ****
Train Data b4 training...
X: <class 'numpy.ndarray'> , y : (<class 'numpy.ndarray'>,), X_val: <class 'numpy.ndarray'> , y : <class 'numpy.ndarray'>

Train Data after...
X: <class 'torch.Tensor'> , y : (<class 'torch.Tensor'>,), X_val: <class 'torch.Tensor'> , y : <class 'torch.Tensor'>

Inner Fold 5 Results: {'MSE - mean': 29987038.892309397, 'MSE - std': 967858.0417060831, 'R2 - mean': -0.8844529772591144, 'R2 - std': 0.005331539121417869}
Trial Results B4 Saving: {'MSE - mean': 29987038.892309397, 'MSE - std': 967858.0417060831, 'R2 - mean': -0.8844529772591144, 'R2 - std': 0.005331539121417869}
Score: 29987038.892309397
  outer_5_inner Fold 1/5
Before Debugging -- Inner Fold 1
DEBUG Inner Fold 1: num_features: 9
DEBUG Inner Fold 1: num_classes: 1
DEBUG Inner Fold 1: cat_idx: [0]
DEBUG Inner Fold 1: nominal_idx: None
DEBUG Inner Fold 1: ordinal_idx: [1, 2, 3]
DEBUG Inner Fold 1: num_idx: None
DEBUG Inner Fold 1: cat_dims: [2]
DEBUG Inner Fold 1: bin_alt: None
~~~~~~~~~~~~~~~~~~~~~~~~~~~~~~~~~~~~~~~~~~~~~~~~~~~~~~~~~~~~~~~~~~~~~~~~~~~~~~~
BEFORE ANY ENCODING
num_features :9
num_classes : 1
cat_idx : [0]
nominal_idx : None
ordinal_idx : [1, 2, 3]
num_idx : None
cat_dims : [2]
bin_alt : None 


X_train shape : (17260, 9)
~~~~~~~~~~~~~~~~~~~~~~~~~~~~~~~~~~~~~~~~~~~~~~~~~~~~~~~~~~~~~~~~~~~~~~~~~~~~~~~
~~~~~~~~~~~~~~~~~~~~~~~~~~~~~~~~~~~~~~~~~~~~~~~~~~~~~~~~~~~~~~~~~~~~~~~~~~~~~~~
AFTER getting cat idx
Nominal Index : None
Ordinal Index : [1, 2, 3]
Cat Idx : [0]
Cat dims : [2]
~~~~~~~~~~~~~~~~~~~~~~~~~~~~~~~~~~~~~~~~~~~~~~~~~~~~~~~~~~~~~~~~~~~~~~~~~~~~~~~
BEFORE getting cat idx
Nominal Index : None
Ordinal Index : [1, 2, 3]
Cat Idx : [1, 2, 3]
Cat dims : []
~~~~~~~~~~~~~~~~~~~~~~~~~~~~~~~~~~~~~~~~~~~~~~~~~~~~~~~~~~~~~~~~~~~~~~~~~~~~~~~ 


AFTER SEPARATING CATEGORICALS AND NUMERICALS
Ordinal Index : [1, 2, 3]
Numerical Index V1 : [0, 4, 5, 6, 7, 8]
Cat Idx V1 : [1, 2, 3] 
Cat Dims V1 : []
 

~~~~~~~~~~~~~~~~~~~~~~~~~~~~~~~~~~~~~~~~~~~~~~~~~~~~~~~~~~~~~~~~~~~~~~~~~~~~~~~ 


Scaling the data...
~~~~~~~~~~~~~~~~~~~~~~~~~~~~~~~~~~~~~~~~~~~~~~~~~~~~~~~~~~~~~~~~~~~~~~~~~~~~~~~
After OHE
Numerical Index V2 : [0, 4, 5, 6, 7, 8] 


OHE Idx : None


Ordinal Idx V2: [1, 2, 3]


Cat Dims V2 : []
Cat Idx V2 : [1, 2, 3] 
 

Train: [[0.45969704050202614 'Premium' 'F' 'VS1' 0.10607409954764287]
 [-0.21423325561359347 'Good' 'H' 'VVS2' 0.24357092341398656]
 [0.017430283676150928 'Good' 'G' 'SI2' -0.5126616078508939]
 [0.24909382296589508 'Good' 'E' 'SI2' 0.03732568761447103]
 [0.438636718748413 'Premium' 'E' 'VS1' -0.6501584317172376]
 [-0.04575068158468845 'Very Good' 'G' 'SI1' 0.8623066308125233]
 [-0.5301380819177899 'Good' 'H' 'SI1' 1.2747971024115494]
 [-0.19317293385998033 'Premium' 'D' 'VS1' -2.506365553912848]
 [-0.0878713250919147 'Good' 'D' 'VS2' 1.2060486904783776]
 [-0.6354396906858555 'Very Good' 'G' 'SI1' -1.6813846107148005]] 
 
 
Val : (17260, 9) 
 

~~~~~~~~~~~~~~~~~~~~~~~~~~~~~~~~~~~~~~~~~~~~~~~~~~~~~~~~~~~~~~~~~~~~~~~~~~~~~~~
Ordinal Encoding...
Cat Idx V3 : [1, 2, 3] 
 

~~~~~~~~~~~~~~~~~~~~~~~~~~~~~~~~~~~~~~~~~~~~~~~~~~~~~~~~~~~~~~~~~~~~~~~~~~~~~~~
After ORDINAL
Numerical Index V2 : [0, 4, 5, 6, 7, 8] 


OHE Idx : None


Ordinal Idx V2: [1, 2, 3]


Cat Dims V2 : [6, 8, 9]
Cat Idx V2 : [1, 2, 3] 
 

Train: [[0.45969704050202614 4 5 5 0.10607409954764287 0.2335378194767114
  0.6329606885984675 0.6272292942668771 0.6697299724510806]
 [-0.21423325561359347 2 3 6 0.24357092341398656 2.921944638543641
  -0.10889769313910021 -0.08184651701284319 -0.06417796739309398]
 [0.017430283676150928 2 4 2 -0.5126616078508939 1.577741229010176
  0.17711999620550445 0.20178380749904493 0.13728695727001303]
 [0.24909382296589508 2 6 2 0.03732568761447103 0.681605622654533
  0.3290668936698255 0.36862517485897933 0.36753258545642037]
 [0.438636718748413 4 6 5 -0.6501584317172376 0.681605622654533
  0.6418987413904862 0.5604927473229033 0.5402168065962264]
 [-0.04575068158468845 3 4 3 0.8623066308125233 0.2335378194767114
  0.06986336270127771 0.09333691871508776 0.194848364316615]
 [-0.5301380819177899 2 3 3 1.2747971024115494 -1.1106655900567532
  -0.5021720159879316 -0.43221338846870505 -0.33759465086445317]
 [-0.19317293385998033 4 7 5 -2.506365553912848 2.025809032187998
  0.13242973224540938 0.07665278197909395 -0.19369113324794815]
 [-0.0878713250919147 2 7 4 1.2060486904783776 -1.1106655900567532
  0.06092530990925822 0.08499485034709048 0.223629067839916]
 [-0.6354396906858555 3 4 3 -1.6813846107148005 0.2335378194767114
  -0.4932339631959121 -0.42387132010070855 -0.6541823896207641]] 
 
 
Val : (17260, 9) 
 

FINISHED ENCODING
~~~~~~~~~~~~~~~~~~~~~~~~~~~~~~~~~~~~~~~~~~~~~~~~~~~~~~~~~~~~~~~~~~~~~~~~~~~~~~~


~~~~~~~~~~~~~~~~~~~~~~~~~~~~~~~~~~~~~~~~~~~~~~~~~~~~~~~~~~~~~~~~~~~~~~~~~~~~~~~
Test numpy array issues
X dtype: object
X Val dtype: object
X dtype: float32
X Val dtype: float32
After Debugging -- Inner Fold 1
DEBUG Inner Fold 1: num_features: 9
DEBUG Inner Fold 1: num_classes: 1
DEBUG Inner Fold 1: cat_idx: [1, 2, 3]
DEBUG Inner Fold 1: nominal_idx: None
DEBUG Inner Fold 1: ordinal_idx: [1, 2, 3]
DEBUG Inner Fold 1: num_idx: [0, 4, 5, 6, 7, 8]
DEBUG Inner Fold 1: cat_dims: [6, 8, 9]
DEBUG Inner Fold 1: bin_alt: None
In get_device
On Device: cuda
**** Data b4 Fitting ****
Train Data b4 training...
X: <class 'numpy.ndarray'> , y : (<class 'numpy.ndarray'>,), X_val: <class 'numpy.ndarray'> , y : <class 'numpy.ndarray'>

Train Data after...
X: <class 'torch.Tensor'> , y : (<class 'torch.Tensor'>,), X_val: <class 'torch.Tensor'> , y : <class 'torch.Tensor'>

Inner Fold 1 Results: {'MSE - mean': 31315965.542606592, 'MSE - std': 0.0, 'R2 - mean': -0.9664435863943492, 'R2 - std': 0.0}
  outer_5_inner Fold 2/5
Before Debugging -- Inner Fold 2
DEBUG Inner Fold 2: num_features: 9
DEBUG Inner Fold 2: num_classes: 1
DEBUG Inner Fold 2: cat_idx: [0]
DEBUG Inner Fold 2: nominal_idx: None
DEBUG Inner Fold 2: ordinal_idx: [1, 2, 3]
DEBUG Inner Fold 2: num_idx: None
DEBUG Inner Fold 2: cat_dims: [2]
DEBUG Inner Fold 2: bin_alt: None
~~~~~~~~~~~~~~~~~~~~~~~~~~~~~~~~~~~~~~~~~~~~~~~~~~~~~~~~~~~~~~~~~~~~~~~~~~~~~~~
BEFORE ANY ENCODING
num_features :9
num_classes : 1
cat_idx : [0]
nominal_idx : None
ordinal_idx : [1, 2, 3]
num_idx : None
cat_dims : [2]
bin_alt : None 


X_train shape : (17261, 9)
~~~~~~~~~~~~~~~~~~~~~~~~~~~~~~~~~~~~~~~~~~~~~~~~~~~~~~~~~~~~~~~~~~~~~~~~~~~~~~~
~~~~~~~~~~~~~~~~~~~~~~~~~~~~~~~~~~~~~~~~~~~~~~~~~~~~~~~~~~~~~~~~~~~~~~~~~~~~~~~
AFTER getting cat idx
Nominal Index : None
Ordinal Index : [1, 2, 3]
Cat Idx : [0]
Cat dims : [2]
~~~~~~~~~~~~~~~~~~~~~~~~~~~~~~~~~~~~~~~~~~~~~~~~~~~~~~~~~~~~~~~~~~~~~~~~~~~~~~~
BEFORE getting cat idx
Nominal Index : None
Ordinal Index : [1, 2, 3]
Cat Idx : [1, 2, 3]
Cat dims : []
~~~~~~~~~~~~~~~~~~~~~~~~~~~~~~~~~~~~~~~~~~~~~~~~~~~~~~~~~~~~~~~~~~~~~~~~~~~~~~~ 


AFTER SEPARATING CATEGORICALS AND NUMERICALS
Ordinal Index : [1, 2, 3]
Numerical Index V1 : [0, 4, 5, 6, 7, 8]
Cat Idx V1 : [1, 2, 3] 
Cat Dims V1 : []
 

~~~~~~~~~~~~~~~~~~~~~~~~~~~~~~~~~~~~~~~~~~~~~~~~~~~~~~~~~~~~~~~~~~~~~~~~~~~~~~~ 


Scaling the data...
~~~~~~~~~~~~~~~~~~~~~~~~~~~~~~~~~~~~~~~~~~~~~~~~~~~~~~~~~~~~~~~~~~~~~~~~~~~~~~~
After OHE
Numerical Index V2 : [0, 4, 5, 6, 7, 8] 


OHE Idx : None


Ordinal Idx V2: [1, 2, 3]


Cat Dims V2 : []
Cat Idx V2 : [1, 2, 3] 
 

Train: [[0.46211154148056705 'Premium' 'F' 'VS1' 0.10862096508842112]
 [-0.21258787265656273 'Good' 'H' 'VVS2' 0.24665427719850883]
 [-0.6131906498004833 'Ideal' 'F' 'VS2' -0.7885955636271343]
 [0.019340050953075796 'Good' 'G' 'SI2' -0.5125289394069638]
 [0.4410271847887817 'Premium' 'E' 'VS1' -0.6505622515170515]
 [-0.04391301912228016 'Very Good' 'G' 'SI1' 0.8678041816938937]
 [-1.0348777836361893 'Ideal' 'H' 'VS2' 0.31567093325355267]
 [-0.1915035159647774 'Premium' 'D' 'VS1' -2.5140119650032062]
 [-0.08608173250585081 'Good' 'D' 'VS2' 1.2128874619691081]
 [-0.6342750064922686 'Very Good' 'G' 'SI1' -1.6858120923426947]] 
 
 
Val : (17261, 9) 
 

~~~~~~~~~~~~~~~~~~~~~~~~~~~~~~~~~~~~~~~~~~~~~~~~~~~~~~~~~~~~~~~~~~~~~~~~~~~~~~~
Ordinal Encoding...
Cat Idx V3 : [1, 2, 3] 
 

~~~~~~~~~~~~~~~~~~~~~~~~~~~~~~~~~~~~~~~~~~~~~~~~~~~~~~~~~~~~~~~~~~~~~~~~~~~~~~~
After ORDINAL
Numerical Index V2 : [0, 4, 5, 6, 7, 8] 


OHE Idx : None


Ordinal Idx V2: [1, 2, 3]


Cat Dims V2 : [6, 8, 9]
Cat Idx V2 : [1, 2, 3] 
 

Train: [[0.46211154148056705 4 5 5 0.10862096508842112 0.23648300699472372
  0.6353065985709246 0.6712306261392791 0.64016513769008]
 [-0.21258787265656273 2 3 6 0.24665427719850883 2.926330468051674
  -0.10617236505363199 -0.08178159723067265 -0.060609088441443415]
 [-0.6131906498004833 5 5 4 -0.7885955636271343 -0.660132813357593
  -0.4903120691000888 -0.5070120292513518 -0.5552732480636953]
 [0.019340050953075796 2 4 2 -0.5125289394069638 1.5814067375231988
  0.17969904260884792 0.21942329211730807 0.1317603069672103]
 [0.4410271847887817 4 6 5 -0.6505622515170515 0.684790917170882
  0.6442400800603769 0.6003588874691659 0.5164990977845172]
 [-0.04391301912228016 3 4 3 0.8678041816938937 0.23648300699472372
  0.07249726473541794 0.10425671677837431 0.1867229913696828]
 [-1.0348777836361893 5 3 4 0.31567093325355267 -1.1084407235337514
  -1.2049905882562886 -1.224588383286247 -1.1323814342896559]
 [-0.1915035159647774 4 7 5 -2.5140119650032062 2.029714647699357
  0.13503163516158484 0.08653878211084562 -0.1842751283470062]
 [-0.08608173250585081 2 7 4 1.2128874619691081 -1.1084407235337514
  0.06356378324596486 0.09539774944460958 0.21420433357091906]
 [-0.6342750064922686 3 4 3 -1.6858120923426947 0.23648300699472372
  -0.4903120691000888 -0.4449992579150026 -0.6239766035667862]] 
 
 
Val : (17261, 9) 
 

FINISHED ENCODING
~~~~~~~~~~~~~~~~~~~~~~~~~~~~~~~~~~~~~~~~~~~~~~~~~~~~~~~~~~~~~~~~~~~~~~~~~~~~~~~


~~~~~~~~~~~~~~~~~~~~~~~~~~~~~~~~~~~~~~~~~~~~~~~~~~~~~~~~~~~~~~~~~~~~~~~~~~~~~~~
Test numpy array issues
X dtype: object
X Val dtype: object
X dtype: float32
X Val dtype: float32
After Debugging -- Inner Fold 2
DEBUG Inner Fold 2: num_features: 9
DEBUG Inner Fold 2: num_classes: 1
DEBUG Inner Fold 2: cat_idx: [1, 2, 3]
DEBUG Inner Fold 2: nominal_idx: None
DEBUG Inner Fold 2: ordinal_idx: [1, 2, 3]
DEBUG Inner Fold 2: num_idx: [0, 4, 5, 6, 7, 8]
DEBUG Inner Fold 2: cat_dims: [6, 8, 9]
DEBUG Inner Fold 2: bin_alt: None
In get_device
On Device: cuda
**** Data b4 Fitting ****
Train Data b4 training...
X: <class 'numpy.ndarray'> , y : (<class 'numpy.ndarray'>,), X_val: <class 'numpy.ndarray'> , y : <class 'numpy.ndarray'>

Train Data after...
X: <class 'torch.Tensor'> , y : (<class 'torch.Tensor'>,), X_val: <class 'torch.Tensor'> , y : <class 'torch.Tensor'>

Inner Fold 2 Results: {'MSE - mean': 31213396.69000407, 'MSE - std': 102568.85260252282, 'R2 - mean': -0.9713903820599404, 'R2 - std': 0.004946795665591197}
  outer_5_inner Fold 3/5
Before Debugging -- Inner Fold 3
DEBUG Inner Fold 3: num_features: 9
DEBUG Inner Fold 3: num_classes: 1
DEBUG Inner Fold 3: cat_idx: [0]
DEBUG Inner Fold 3: nominal_idx: None
DEBUG Inner Fold 3: ordinal_idx: [1, 2, 3]
DEBUG Inner Fold 3: num_idx: None
DEBUG Inner Fold 3: cat_dims: [2]
DEBUG Inner Fold 3: bin_alt: None
~~~~~~~~~~~~~~~~~~~~~~~~~~~~~~~~~~~~~~~~~~~~~~~~~~~~~~~~~~~~~~~~~~~~~~~~~~~~~~~
BEFORE ANY ENCODING
num_features :9
num_classes : 1
cat_idx : [0]
nominal_idx : None
ordinal_idx : [1, 2, 3]
num_idx : None
cat_dims : [2]
bin_alt : None 


X_train shape : (17261, 9)
~~~~~~~~~~~~~~~~~~~~~~~~~~~~~~~~~~~~~~~~~~~~~~~~~~~~~~~~~~~~~~~~~~~~~~~~~~~~~~~
~~~~~~~~~~~~~~~~~~~~~~~~~~~~~~~~~~~~~~~~~~~~~~~~~~~~~~~~~~~~~~~~~~~~~~~~~~~~~~~
AFTER getting cat idx
Nominal Index : None
Ordinal Index : [1, 2, 3]
Cat Idx : [0]
Cat dims : [2]
~~~~~~~~~~~~~~~~~~~~~~~~~~~~~~~~~~~~~~~~~~~~~~~~~~~~~~~~~~~~~~~~~~~~~~~~~~~~~~~
BEFORE getting cat idx
Nominal Index : None
Ordinal Index : [1, 2, 3]
Cat Idx : [1, 2, 3]
Cat dims : []
~~~~~~~~~~~~~~~~~~~~~~~~~~~~~~~~~~~~~~~~~~~~~~~~~~~~~~~~~~~~~~~~~~~~~~~~~~~~~~~ 


AFTER SEPARATING CATEGORICALS AND NUMERICALS
Ordinal Index : [1, 2, 3]
Numerical Index V1 : [0, 4, 5, 6, 7, 8]
Cat Idx V1 : [1, 2, 3] 
Cat Dims V1 : []
 

~~~~~~~~~~~~~~~~~~~~~~~~~~~~~~~~~~~~~~~~~~~~~~~~~~~~~~~~~~~~~~~~~~~~~~~~~~~~~~~ 


Scaling the data...
~~~~~~~~~~~~~~~~~~~~~~~~~~~~~~~~~~~~~~~~~~~~~~~~~~~~~~~~~~~~~~~~~~~~~~~~~~~~~~~
After OHE
Numerical Index V2 : [0, 4, 5, 6, 7, 8] 


OHE Idx : None


Ordinal Idx V2: [1, 2, 3]


Cat Dims V2 : []
Cat Idx V2 : [1, 2, 3] 
 

Train: [[0.4607056057947172 'Premium' 'F' 'VS1' 0.11394918249533156]
 [-0.2147675110231812 'Good' 'H' 'VVS2' 0.25175803441699385]
 [-0.6158296741338082 'Ideal' 'F' 'VS2' -0.7818083549954588]
 [0.017426372882971525 'Good' 'G' 'SI2' -0.506190651152139]
 [0.24962025678912403 'Good' 'E' 'SI2' 0.04504475653450041]
 [0.43959707089415784 'Premium' 'E' 'VS1' -0.6439995030738014]
 [-0.04589923181870649 'Very Good' 'G' 'SI1' 0.8718978680644645]
 [-1.0380003721449946 'Ideal' 'H' 'VS2' 0.32066246037782503]
 [-0.5313955345315708 'Good' 'H' 'SI1' 1.2853244238294466]
 [-0.19365897612262187 'Premium' 'D' 'VS1' -2.504419004016213]] 
 
 
Val : (17261, 9) 
 

~~~~~~~~~~~~~~~~~~~~~~~~~~~~~~~~~~~~~~~~~~~~~~~~~~~~~~~~~~~~~~~~~~~~~~~~~~~~~~~
Ordinal Encoding...
Cat Idx V3 : [1, 2, 3] 
 

~~~~~~~~~~~~~~~~~~~~~~~~~~~~~~~~~~~~~~~~~~~~~~~~~~~~~~~~~~~~~~~~~~~~~~~~~~~~~~~
After ORDINAL
Numerical Index V2 : [0, 4, 5, 6, 7, 8] 


OHE Idx : None


Ordinal Idx V2: [1, 2, 3]


Cat Dims V2 : [6, 8, 9]
Cat Idx V2 : [1, 2, 3] 
 

Train: [[0.4607056057947172 4 5 5 0.11394918249533156 0.22922658535970966
  0.6324150125139028 0.6366652897458769 0.6382938499010384]
 [-0.2147675110231812 2 3 6 0.25175803441699385 2.919168292839547
  -0.10929519636235105 -0.0823493892210175 -0.06306581041424879]
 [-0.6158296741338082 5 5 4 -0.7818083549954588 -0.6674206504669028
  -0.4935547021657112 -0.48838120793173484 -0.558143217695628]
 [0.017426372882971525 2 4 2 -0.506190651152139 1.5741974390996283
  0.17666536609596392 0.20525648236574023 0.12946429241739893]
 [0.24962025678912403 2 6 2 0.04504475653450041 0.6775502032730158
  0.32858191490194355 0.3744364068285391 0.3494986956535671]
 [0.43959707089415784 4 6 5 -0.6439995030738014 0.6775502032730158
  0.641351280090725 0.5689933199607573 0.5145244980806938]
 [-0.04589923181870649 3 4 3 0.8718978680644645 0.22922658535970966
  0.0694301551740958 0.09528953146492114 0.18447289322644111]
 [-1.0380003721449946 5 3 4 0.32066246037782503 -1.115744268380209
  -1.2084561083114986 -1.1735599020060694 -1.1357335261905706]
 [-0.5313955345315708 2 3 3 1.2853244238294466 -1.115744268380209
  -0.5024909697425342 -0.4376272305928948 -0.32435666425719895]
 [-0.19365897612262187 4 7 5 -2.504419004016213 2.0225210570129346
  0.13198402821185162 0.07837153901864088 -0.18683516223459345]] 
 
 
Val : (17261, 9) 
 

FINISHED ENCODING
~~~~~~~~~~~~~~~~~~~~~~~~~~~~~~~~~~~~~~~~~~~~~~~~~~~~~~~~~~~~~~~~~~~~~~~~~~~~~~~


~~~~~~~~~~~~~~~~~~~~~~~~~~~~~~~~~~~~~~~~~~~~~~~~~~~~~~~~~~~~~~~~~~~~~~~~~~~~~~~
Test numpy array issues
X dtype: object
X Val dtype: object
X dtype: float32
X Val dtype: float32
After Debugging -- Inner Fold 3
DEBUG Inner Fold 3: num_features: 9
DEBUG Inner Fold 3: num_classes: 1
DEBUG Inner Fold 3: cat_idx: [1, 2, 3]
DEBUG Inner Fold 3: nominal_idx: None
DEBUG Inner Fold 3: ordinal_idx: [1, 2, 3]
DEBUG Inner Fold 3: num_idx: [0, 4, 5, 6, 7, 8]
DEBUG Inner Fold 3: cat_dims: [6, 8, 9]
DEBUG Inner Fold 3: bin_alt: None
In get_device
On Device: cuda
**** Data b4 Fitting ****
Train Data b4 training...
X: <class 'numpy.ndarray'> , y : (<class 'numpy.ndarray'>,), X_val: <class 'numpy.ndarray'> , y : <class 'numpy.ndarray'>

Train Data after...
X: <class 'torch.Tensor'> , y : (<class 'torch.Tensor'>,), X_val: <class 'torch.Tensor'> , y : <class 'torch.Tensor'>

Inner Fold 3 Results: {'MSE - mean': 30803516.94181685, 'MSE - std': 585676.0159258965, 'R2 - mean': -0.9725584321871592, 'R2 - std': 0.004363775938045642}
  outer_5_inner Fold 4/5
Before Debugging -- Inner Fold 4
DEBUG Inner Fold 4: num_features: 9
DEBUG Inner Fold 4: num_classes: 1
DEBUG Inner Fold 4: cat_idx: [0]
DEBUG Inner Fold 4: nominal_idx: None
DEBUG Inner Fold 4: ordinal_idx: [1, 2, 3]
DEBUG Inner Fold 4: num_idx: None
DEBUG Inner Fold 4: cat_dims: [2]
DEBUG Inner Fold 4: bin_alt: None
~~~~~~~~~~~~~~~~~~~~~~~~~~~~~~~~~~~~~~~~~~~~~~~~~~~~~~~~~~~~~~~~~~~~~~~~~~~~~~~
BEFORE ANY ENCODING
num_features :9
num_classes : 1
cat_idx : [0]
nominal_idx : None
ordinal_idx : [1, 2, 3]
num_idx : None
cat_dims : [2]
bin_alt : None 


X_train shape : (17261, 9)
~~~~~~~~~~~~~~~~~~~~~~~~~~~~~~~~~~~~~~~~~~~~~~~~~~~~~~~~~~~~~~~~~~~~~~~~~~~~~~~
~~~~~~~~~~~~~~~~~~~~~~~~~~~~~~~~~~~~~~~~~~~~~~~~~~~~~~~~~~~~~~~~~~~~~~~~~~~~~~~
AFTER getting cat idx
Nominal Index : None
Ordinal Index : [1, 2, 3]
Cat Idx : [0]
Cat dims : [2]
~~~~~~~~~~~~~~~~~~~~~~~~~~~~~~~~~~~~~~~~~~~~~~~~~~~~~~~~~~~~~~~~~~~~~~~~~~~~~~~
BEFORE getting cat idx
Nominal Index : None
Ordinal Index : [1, 2, 3]
Cat Idx : [1, 2, 3]
Cat dims : []
~~~~~~~~~~~~~~~~~~~~~~~~~~~~~~~~~~~~~~~~~~~~~~~~~~~~~~~~~~~~~~~~~~~~~~~~~~~~~~~ 


AFTER SEPARATING CATEGORICALS AND NUMERICALS
Ordinal Index : [1, 2, 3]
Numerical Index V1 : [0, 4, 5, 6, 7, 8]
Cat Idx V1 : [1, 2, 3] 
Cat Dims V1 : []
 

~~~~~~~~~~~~~~~~~~~~~~~~~~~~~~~~~~~~~~~~~~~~~~~~~~~~~~~~~~~~~~~~~~~~~~~~~~~~~~~ 


Scaling the data...
~~~~~~~~~~~~~~~~~~~~~~~~~~~~~~~~~~~~~~~~~~~~~~~~~~~~~~~~~~~~~~~~~~~~~~~~~~~~~~~
After OHE
Numerical Index V2 : [0, 4, 5, 6, 7, 8] 


OHE Idx : None


Ordinal Idx V2: [1, 2, 3]


Cat Dims V2 : []
Cat Idx V2 : [1, 2, 3] 
 

Train: [[0.4731554902504729 'Premium' 'F' 'VS1' 0.10778048210080737]
 [-0.2046960723084143 'Good' 'H' 'VVS2' 0.2445041465045759]
 [-0.6071704375777534 'Ideal' 'F' 'VS2' -0.7809233365236734]
 [0.02831540232120332 'Good' 'G' 'SI2' -0.5074760077161412]
 [0.2613268769508207 'Good' 'E' 'SI2' 0.03941864989892311]
 [0.4519726289205076 'Premium' 'E' 'VS1' -0.6441996721199098]
 [-1.0308276641770577 'Ideal' 'H' 'VS2' 0.31286597870646016]
 [-0.5224389922578924 'Good' 'H' 'SI1' 1.2699316295328251]
 [-0.18351321097844905 'Premium' 'D' 'VS1' -2.4899691415707554]
 [-0.6283532989077186 'Very Good' 'G' 'SI1' -1.6696271551481592]] 
 
 
Val : (17261, 9) 
 

~~~~~~~~~~~~~~~~~~~~~~~~~~~~~~~~~~~~~~~~~~~~~~~~~~~~~~~~~~~~~~~~~~~~~~~~~~~~~~~
Ordinal Encoding...
Cat Idx V3 : [1, 2, 3] 
 

~~~~~~~~~~~~~~~~~~~~~~~~~~~~~~~~~~~~~~~~~~~~~~~~~~~~~~~~~~~~~~~~~~~~~~~~~~~~~~~
After ORDINAL
Numerical Index V2 : [0, 4, 5, 6, 7, 8] 


OHE Idx : None


Ordinal Idx V2: [1, 2, 3]


Cat Dims V2 : [6, 8, 9]
Cat Idx V2 : [1, 2, 3] 
 

Train: [[0.4731554902504729 4 5 5 0.10778048210080737 0.23192279435700777
  0.6446357847439013 0.6381538711764909 0.6495490981793045]
 [-0.2046960723084143 2 3 6 0.2445041465045759 2.9241279682431625
  -0.09785393449760792 -0.07143879824284503 -0.05265551457683194]
 [-0.6071704375777534 5 5 4 -0.7809233365236734 -0.6654789302717105
  -0.4825172830203172 -0.47214995273847055 -0.5483293588752812]
 [0.02831540232120332 2 4 2 -0.5074760077161412 1.578025381300085
  0.18840716207743197 0.21239826952488933 0.14010653598367637]
 [0.2613268769508207 2 6 2 0.03941864989892311 0.6806236566713669
  0.34048336963292175 0.3793612505647333 0.36040602233854235]
 [0.4519726289205076 4 6 5 -0.6441996721199098 0.6806236566713669
  0.653581444011871 0.5713686787605533 0.5256306371046924]
 [-1.0308276641770577 5 3 4 0.31286597870646016 -1.1141797925860695
  -1.198170024457917 -1.1483500259498376 -1.1266155105568054]
 [-0.5224389922578924 2 3 3 1.2699316295328251 -1.1141797925860695
  -0.4914629422882878 -0.422061058426517 -0.31426115462323573]
 [-0.18351321097844905 4 7 5 -2.4899691415707554 2.026726243614444
  0.1436788657375814 0.08717603374500617 -0.17657397565144411]
 [-0.6283532989077186 3 4 3 -1.6696271551481592 0.23192279435700777
  -0.4825172830203172 -0.413712909374525 -0.6171729483611773]] 
 
 
Val : (17261, 9) 
 

FINISHED ENCODING
~~~~~~~~~~~~~~~~~~~~~~~~~~~~~~~~~~~~~~~~~~~~~~~~~~~~~~~~~~~~~~~~~~~~~~~~~~~~~~~


~~~~~~~~~~~~~~~~~~~~~~~~~~~~~~~~~~~~~~~~~~~~~~~~~~~~~~~~~~~~~~~~~~~~~~~~~~~~~~~
Test numpy array issues
X dtype: object
X Val dtype: object
X dtype: float32
X Val dtype: float32
After Debugging -- Inner Fold 4
DEBUG Inner Fold 4: num_features: 9
DEBUG Inner Fold 4: num_classes: 1
DEBUG Inner Fold 4: cat_idx: [1, 2, 3]
DEBUG Inner Fold 4: nominal_idx: None
DEBUG Inner Fold 4: ordinal_idx: [1, 2, 3]
DEBUG Inner Fold 4: num_idx: [0, 4, 5, 6, 7, 8]
DEBUG Inner Fold 4: cat_dims: [6, 8, 9]
DEBUG Inner Fold 4: bin_alt: None
In get_device
On Device: cuda
**** Data b4 Fitting ****
Train Data b4 training...
X: <class 'numpy.ndarray'> , y : (<class 'numpy.ndarray'>,), X_val: <class 'numpy.ndarray'> , y : <class 'numpy.ndarray'>

Train Data after...
X: <class 'torch.Tensor'> , y : (<class 'torch.Tensor'>,), X_val: <class 'torch.Tensor'> , y : <class 'torch.Tensor'>

Inner Fold 4 Results: {'MSE - mean': 31376887.645928193, 'MSE - std': 1115134.157723873, 'R2 - mean': -0.9747803956561758, 'R2 - std': 0.00539381778530128}
  outer_5_inner Fold 5/5
Before Debugging -- Inner Fold 5
DEBUG Inner Fold 5: num_features: 9
DEBUG Inner Fold 5: num_classes: 1
DEBUG Inner Fold 5: cat_idx: [0]
DEBUG Inner Fold 5: nominal_idx: None
DEBUG Inner Fold 5: ordinal_idx: [1, 2, 3]
DEBUG Inner Fold 5: num_idx: None
DEBUG Inner Fold 5: cat_dims: [2]
DEBUG Inner Fold 5: bin_alt: None
~~~~~~~~~~~~~~~~~~~~~~~~~~~~~~~~~~~~~~~~~~~~~~~~~~~~~~~~~~~~~~~~~~~~~~~~~~~~~~~
BEFORE ANY ENCODING
num_features :9
num_classes : 1
cat_idx : [0]
nominal_idx : None
ordinal_idx : [1, 2, 3]
num_idx : None
cat_dims : [2]
bin_alt : None 


X_train shape : (17261, 9)
~~~~~~~~~~~~~~~~~~~~~~~~~~~~~~~~~~~~~~~~~~~~~~~~~~~~~~~~~~~~~~~~~~~~~~~~~~~~~~~
~~~~~~~~~~~~~~~~~~~~~~~~~~~~~~~~~~~~~~~~~~~~~~~~~~~~~~~~~~~~~~~~~~~~~~~~~~~~~~~
AFTER getting cat idx
Nominal Index : None
Ordinal Index : [1, 2, 3]
Cat Idx : [0]
Cat dims : [2]
~~~~~~~~~~~~~~~~~~~~~~~~~~~~~~~~~~~~~~~~~~~~~~~~~~~~~~~~~~~~~~~~~~~~~~~~~~~~~~~
BEFORE getting cat idx
Nominal Index : None
Ordinal Index : [1, 2, 3]
Cat Idx : [1, 2, 3]
Cat dims : []
~~~~~~~~~~~~~~~~~~~~~~~~~~~~~~~~~~~~~~~~~~~~~~~~~~~~~~~~~~~~~~~~~~~~~~~~~~~~~~~ 


AFTER SEPARATING CATEGORICALS AND NUMERICALS
Ordinal Index : [1, 2, 3]
Numerical Index V1 : [0, 4, 5, 6, 7, 8]
Cat Idx V1 : [1, 2, 3] 
Cat Dims V1 : []
 

~~~~~~~~~~~~~~~~~~~~~~~~~~~~~~~~~~~~~~~~~~~~~~~~~~~~~~~~~~~~~~~~~~~~~~~~~~~~~~~ 


Scaling the data...
~~~~~~~~~~~~~~~~~~~~~~~~~~~~~~~~~~~~~~~~~~~~~~~~~~~~~~~~~~~~~~~~~~~~~~~~~~~~~~~
After OHE
Numerical Index V2 : [0, 4, 5, 6, 7, 8] 


OHE Idx : None


Ordinal Idx V2: [1, 2, 3]


Cat Dims V2 : []
Cat Idx V2 : [1, 2, 3] 
 

Train: [[-0.6124157297795658 'Ideal' 'F' 'VS2' -0.7889824511638072]
 [0.25202151655447264 'Good' 'E' 'SI2' 0.03902758625068568]
 [-0.04315217731568686 'Very Good' 'G' 'SI1' 0.8670376236651834]
 [-1.034092435308365 'Ideal' 'H' 'VS2' 0.3150309320555215]
 [-0.5280803886738059 'Good' 'H' 'SI1' 1.2810426423724321]
 [-0.0853198478685668 'Good' 'D' 'VS2' 1.2120418059212232]
 [0.7369497279125914 'Ideal' 'E' 'VS2' -0.23697575955414527]
 [-0.14857135369788674 'Very Good' 'I' 'VS1' 0.4530326049579345]
 [-1.034092435308365 'Premium' 'D' 'IF' -1.064985796968638]
 [-0.04315217731568686 'Ideal' 'F' 'VS2' -0.9269841240662251]] 
 
 
Val : (17261, 9) 
 

~~~~~~~~~~~~~~~~~~~~~~~~~~~~~~~~~~~~~~~~~~~~~~~~~~~~~~~~~~~~~~~~~~~~~~~~~~~~~~~
Ordinal Encoding...
Cat Idx V3 : [1, 2, 3] 
 

~~~~~~~~~~~~~~~~~~~~~~~~~~~~~~~~~~~~~~~~~~~~~~~~~~~~~~~~~~~~~~~~~~~~~~~~~~~~~~~
After ORDINAL
Numerical Index V2 : [0, 4, 5, 6, 7, 8] 


OHE Idx : None


Ordinal Idx V2: [1, 2, 3]


Cat Dims V2 : [6, 8, 9]
Cat Idx V2 : [1, 2, 3] 
 

Train: [[-0.6124157297795658 5 5 4 -0.7889824511638072 -0.6615331985124372
  -0.4898858731758127 -0.4793762080994451 -0.5547921263906226]
 [0.25202151655447264 2 6 2 0.03902758625068568 0.6876768629519923
  0.3321399043792453 0.37161240867799233 0.3521098845855839]
 [-0.04315217731568686 3 4 3 0.8670376236651834 0.23794017579718246
  0.07302308319341175 0.09629256207352735 0.18721860986263764]
 [-1.034092435308365 5 3 4 0.3150309320555215 -1.111269885667247
  -1.2046908971367334 -1.1551612861285858 -1.131911587920936]
 [-0.5280803886738059 2 3 3 1.2810426423724321 -1.111269885667247
  -0.4988209359753248 -0.42931805417136015 -0.32119615386644823]
 [-0.0853198478685668 2 7 4 1.2120418059212232 -1.111269885667247
  0.06408802039389964 0.08794953641884602 0.21470048898312877]
 [0.7369497279125914 5 6 4 -0.23697575955414527 -0.21179651135762734
  0.8861137979489585 0.8471648709947949 0.8193018296339327]
 [-0.14857135369788674 3 2 5 0.4530326049579345 -0.6615331985124372
  -0.016327544801703734 0.012862305526719348 0.049809214260181915]
 [-1.034092435308365 4 7 8 -1.064985796968638 0.6876768629519923
  -1.1778857087381986 -1.1301322091645443 -1.2280981648426552]
 [-0.04315217731568686 5 5 4 -0.9269841240662251 0.23794017579718246
  0.23385421358461853 0.17137979296565403 0.09103203294091833]] 
 
 
Val : (17261, 9) 
 

FINISHED ENCODING
~~~~~~~~~~~~~~~~~~~~~~~~~~~~~~~~~~~~~~~~~~~~~~~~~~~~~~~~~~~~~~~~~~~~~~~~~~~~~~~


~~~~~~~~~~~~~~~~~~~~~~~~~~~~~~~~~~~~~~~~~~~~~~~~~~~~~~~~~~~~~~~~~~~~~~~~~~~~~~~
Test numpy array issues
X dtype: object
X Val dtype: object
X dtype: float32
X Val dtype: float32
After Debugging -- Inner Fold 5
DEBUG Inner Fold 5: num_features: 9
DEBUG Inner Fold 5: num_classes: 1
DEBUG Inner Fold 5: cat_idx: [1, 2, 3]
DEBUG Inner Fold 5: nominal_idx: None
DEBUG Inner Fold 5: ordinal_idx: [1, 2, 3]
DEBUG Inner Fold 5: num_idx: [0, 4, 5, 6, 7, 8]
DEBUG Inner Fold 5: cat_dims: [6, 8, 9]
DEBUG Inner Fold 5: bin_alt: None
In get_device
On Device: cuda
**** Data b4 Fitting ****
Train Data b4 training...
X: <class 'numpy.ndarray'> , y : (<class 'numpy.ndarray'>,), X_val: <class 'numpy.ndarray'> , y : <class 'numpy.ndarray'>

Train Data after...
X: <class 'torch.Tensor'> , y : (<class 'torch.Tensor'>,), X_val: <class 'torch.Tensor'> , y : <class 'torch.Tensor'>

Inner Fold 5 Results: {'MSE - mean': 31455267.69025316, 'MSE - std': 1009649.9775523999, 'R2 - mean': -0.9767335671242685, 'R2 - std': 0.00620758659834171}
Trial Results B4 Saving: {'MSE - mean': 31455267.69025316, 'MSE - std': 1009649.9775523999, 'R2 - mean': -0.9767335671242685, 'R2 - std': 0.00620758659834171}
Score: 31455267.69025316
  outer_5_inner Fold 1/5
Before Debugging -- Inner Fold 1
DEBUG Inner Fold 1: num_features: 9
DEBUG Inner Fold 1: num_classes: 1
DEBUG Inner Fold 1: cat_idx: [0]
DEBUG Inner Fold 1: nominal_idx: None
DEBUG Inner Fold 1: ordinal_idx: [1, 2, 3]
DEBUG Inner Fold 1: num_idx: None
DEBUG Inner Fold 1: cat_dims: [2]
DEBUG Inner Fold 1: bin_alt: None
~~~~~~~~~~~~~~~~~~~~~~~~~~~~~~~~~~~~~~~~~~~~~~~~~~~~~~~~~~~~~~~~~~~~~~~~~~~~~~~
BEFORE ANY ENCODING
num_features :9
num_classes : 1
cat_idx : [0]
nominal_idx : None
ordinal_idx : [1, 2, 3]
num_idx : None
cat_dims : [2]
bin_alt : None 


X_train shape : (17260, 9)
~~~~~~~~~~~~~~~~~~~~~~~~~~~~~~~~~~~~~~~~~~~~~~~~~~~~~~~~~~~~~~~~~~~~~~~~~~~~~~~
~~~~~~~~~~~~~~~~~~~~~~~~~~~~~~~~~~~~~~~~~~~~~~~~~~~~~~~~~~~~~~~~~~~~~~~~~~~~~~~
AFTER getting cat idx
Nominal Index : None
Ordinal Index : [1, 2, 3]
Cat Idx : [0]
Cat dims : [2]
~~~~~~~~~~~~~~~~~~~~~~~~~~~~~~~~~~~~~~~~~~~~~~~~~~~~~~~~~~~~~~~~~~~~~~~~~~~~~~~
BEFORE getting cat idx
Nominal Index : None
Ordinal Index : [1, 2, 3]
Cat Idx : [1, 2, 3]
Cat dims : []
~~~~~~~~~~~~~~~~~~~~~~~~~~~~~~~~~~~~~~~~~~~~~~~~~~~~~~~~~~~~~~~~~~~~~~~~~~~~~~~ 


AFTER SEPARATING CATEGORICALS AND NUMERICALS
Ordinal Index : [1, 2, 3]
Numerical Index V1 : [0, 4, 5, 6, 7, 8]
Cat Idx V1 : [1, 2, 3] 
Cat Dims V1 : []
 

~~~~~~~~~~~~~~~~~~~~~~~~~~~~~~~~~~~~~~~~~~~~~~~~~~~~~~~~~~~~~~~~~~~~~~~~~~~~~~~ 


Scaling the data...
~~~~~~~~~~~~~~~~~~~~~~~~~~~~~~~~~~~~~~~~~~~~~~~~~~~~~~~~~~~~~~~~~~~~~~~~~~~~~~~
After OHE
Numerical Index V2 : [0, 4, 5, 6, 7, 8] 


OHE Idx : None


Ordinal Idx V2: [1, 2, 3]


Cat Dims V2 : []
Cat Idx V2 : [1, 2, 3] 
 

Train: [[0.45969704050202614 'Premium' 'F' 'VS1' 0.10607409954764287]
 [-0.21423325561359347 'Good' 'H' 'VVS2' 0.24357092341398656]
 [0.017430283676150928 'Good' 'G' 'SI2' -0.5126616078508939]
 [0.24909382296589508 'Good' 'E' 'SI2' 0.03732568761447103]
 [0.438636718748413 'Premium' 'E' 'VS1' -0.6501584317172376]
 [-0.04575068158468845 'Very Good' 'G' 'SI1' 0.8623066308125233]
 [-0.5301380819177899 'Good' 'H' 'SI1' 1.2747971024115494]
 [-0.19317293385998033 'Premium' 'D' 'VS1' -2.506365553912848]
 [-0.0878713250919147 'Good' 'D' 'VS2' 1.2060486904783776]
 [-0.6354396906858555 'Very Good' 'G' 'SI1' -1.6813846107148005]] 
 
 
Val : (17260, 9) 
 

~~~~~~~~~~~~~~~~~~~~~~~~~~~~~~~~~~~~~~~~~~~~~~~~~~~~~~~~~~~~~~~~~~~~~~~~~~~~~~~
Ordinal Encoding...
Cat Idx V3 : [1, 2, 3] 
 

~~~~~~~~~~~~~~~~~~~~~~~~~~~~~~~~~~~~~~~~~~~~~~~~~~~~~~~~~~~~~~~~~~~~~~~~~~~~~~~
After ORDINAL
Numerical Index V2 : [0, 4, 5, 6, 7, 8] 


OHE Idx : None


Ordinal Idx V2: [1, 2, 3]


Cat Dims V2 : [6, 8, 9]
Cat Idx V2 : [1, 2, 3] 
 

Train: [[0.45969704050202614 4 5 5 0.10607409954764287 0.2335378194767114
  0.6329606885984675 0.6272292942668771 0.6697299724510806]
 [-0.21423325561359347 2 3 6 0.24357092341398656 2.921944638543641
  -0.10889769313910021 -0.08184651701284319 -0.06417796739309398]
 [0.017430283676150928 2 4 2 -0.5126616078508939 1.577741229010176
  0.17711999620550445 0.20178380749904493 0.13728695727001303]
 [0.24909382296589508 2 6 2 0.03732568761447103 0.681605622654533
  0.3290668936698255 0.36862517485897933 0.36753258545642037]
 [0.438636718748413 4 6 5 -0.6501584317172376 0.681605622654533
  0.6418987413904862 0.5604927473229033 0.5402168065962264]
 [-0.04575068158468845 3 4 3 0.8623066308125233 0.2335378194767114
  0.06986336270127771 0.09333691871508776 0.194848364316615]
 [-0.5301380819177899 2 3 3 1.2747971024115494 -1.1106655900567532
  -0.5021720159879316 -0.43221338846870505 -0.33759465086445317]
 [-0.19317293385998033 4 7 5 -2.506365553912848 2.025809032187998
  0.13242973224540938 0.07665278197909395 -0.19369113324794815]
 [-0.0878713250919147 2 7 4 1.2060486904783776 -1.1106655900567532
  0.06092530990925822 0.08499485034709048 0.223629067839916]
 [-0.6354396906858555 3 4 3 -1.6813846107148005 0.2335378194767114
  -0.4932339631959121 -0.42387132010070855 -0.6541823896207641]] 
 
 
Val : (17260, 9) 
 

FINISHED ENCODING
~~~~~~~~~~~~~~~~~~~~~~~~~~~~~~~~~~~~~~~~~~~~~~~~~~~~~~~~~~~~~~~~~~~~~~~~~~~~~~~


~~~~~~~~~~~~~~~~~~~~~~~~~~~~~~~~~~~~~~~~~~~~~~~~~~~~~~~~~~~~~~~~~~~~~~~~~~~~~~~
Test numpy array issues
X dtype: object
X Val dtype: object
X dtype: float32
X Val dtype: float32
After Debugging -- Inner Fold 1
DEBUG Inner Fold 1: num_features: 9
DEBUG Inner Fold 1: num_classes: 1
DEBUG Inner Fold 1: cat_idx: [1, 2, 3]
DEBUG Inner Fold 1: nominal_idx: None
DEBUG Inner Fold 1: ordinal_idx: [1, 2, 3]
DEBUG Inner Fold 1: num_idx: [0, 4, 5, 6, 7, 8]
DEBUG Inner Fold 1: cat_dims: [6, 8, 9]
DEBUG Inner Fold 1: bin_alt: None
In get_device
On Device: cuda
**** Data b4 Fitting ****
Train Data b4 training...
X: <class 'numpy.ndarray'> , y : (<class 'numpy.ndarray'>,), X_val: <class 'numpy.ndarray'> , y : <class 'numpy.ndarray'>

Train Data after...
X: <class 'torch.Tensor'> , y : (<class 'torch.Tensor'>,), X_val: <class 'torch.Tensor'> , y : <class 'torch.Tensor'>

Inner Fold 1 Results: {'MSE - mean': 29097208.89840027, 'MSE - std': 0.0, 'R2 - mean': -0.827119771938325, 'R2 - std': 0.0}
  outer_5_inner Fold 2/5
Before Debugging -- Inner Fold 2
DEBUG Inner Fold 2: num_features: 9
DEBUG Inner Fold 2: num_classes: 1
DEBUG Inner Fold 2: cat_idx: [0]
DEBUG Inner Fold 2: nominal_idx: None
DEBUG Inner Fold 2: ordinal_idx: [1, 2, 3]
DEBUG Inner Fold 2: num_idx: None
DEBUG Inner Fold 2: cat_dims: [2]
DEBUG Inner Fold 2: bin_alt: None
~~~~~~~~~~~~~~~~~~~~~~~~~~~~~~~~~~~~~~~~~~~~~~~~~~~~~~~~~~~~~~~~~~~~~~~~~~~~~~~
BEFORE ANY ENCODING
num_features :9
num_classes : 1
cat_idx : [0]
nominal_idx : None
ordinal_idx : [1, 2, 3]
num_idx : None
cat_dims : [2]
bin_alt : None 


X_train shape : (17261, 9)
~~~~~~~~~~~~~~~~~~~~~~~~~~~~~~~~~~~~~~~~~~~~~~~~~~~~~~~~~~~~~~~~~~~~~~~~~~~~~~~
~~~~~~~~~~~~~~~~~~~~~~~~~~~~~~~~~~~~~~~~~~~~~~~~~~~~~~~~~~~~~~~~~~~~~~~~~~~~~~~
AFTER getting cat idx
Nominal Index : None
Ordinal Index : [1, 2, 3]
Cat Idx : [0]
Cat dims : [2]
~~~~~~~~~~~~~~~~~~~~~~~~~~~~~~~~~~~~~~~~~~~~~~~~~~~~~~~~~~~~~~~~~~~~~~~~~~~~~~~
BEFORE getting cat idx
Nominal Index : None
Ordinal Index : [1, 2, 3]
Cat Idx : [1, 2, 3]
Cat dims : []
~~~~~~~~~~~~~~~~~~~~~~~~~~~~~~~~~~~~~~~~~~~~~~~~~~~~~~~~~~~~~~~~~~~~~~~~~~~~~~~ 


AFTER SEPARATING CATEGORICALS AND NUMERICALS
Ordinal Index : [1, 2, 3]
Numerical Index V1 : [0, 4, 5, 6, 7, 8]
Cat Idx V1 : [1, 2, 3] 
Cat Dims V1 : []
 

~~~~~~~~~~~~~~~~~~~~~~~~~~~~~~~~~~~~~~~~~~~~~~~~~~~~~~~~~~~~~~~~~~~~~~~~~~~~~~~ 


Scaling the data...
~~~~~~~~~~~~~~~~~~~~~~~~~~~~~~~~~~~~~~~~~~~~~~~~~~~~~~~~~~~~~~~~~~~~~~~~~~~~~~~
After OHE
Numerical Index V2 : [0, 4, 5, 6, 7, 8] 


OHE Idx : None


Ordinal Idx V2: [1, 2, 3]


Cat Dims V2 : []
Cat Idx V2 : [1, 2, 3] 
 

Train: [[0.46211154148056705 'Premium' 'F' 'VS1' 0.10862096508842112]
 [-0.21258787265656273 'Good' 'H' 'VVS2' 0.24665427719850883]
 [-0.6131906498004833 'Ideal' 'F' 'VS2' -0.7885955636271343]
 [0.019340050953075796 'Good' 'G' 'SI2' -0.5125289394069638]
 [0.4410271847887817 'Premium' 'E' 'VS1' -0.6505622515170515]
 [-0.04391301912228016 'Very Good' 'G' 'SI1' 0.8678041816938937]
 [-1.0348777836361893 'Ideal' 'H' 'VS2' 0.31567093325355267]
 [-0.1915035159647774 'Premium' 'D' 'VS1' -2.5140119650032062]
 [-0.08608173250585081 'Good' 'D' 'VS2' 1.2128874619691081]
 [-0.6342750064922686 'Very Good' 'G' 'SI1' -1.6858120923426947]] 
 
 
Val : (17261, 9) 
 

~~~~~~~~~~~~~~~~~~~~~~~~~~~~~~~~~~~~~~~~~~~~~~~~~~~~~~~~~~~~~~~~~~~~~~~~~~~~~~~
Ordinal Encoding...
Cat Idx V3 : [1, 2, 3] 
 

~~~~~~~~~~~~~~~~~~~~~~~~~~~~~~~~~~~~~~~~~~~~~~~~~~~~~~~~~~~~~~~~~~~~~~~~~~~~~~~
After ORDINAL
Numerical Index V2 : [0, 4, 5, 6, 7, 8] 


OHE Idx : None


Ordinal Idx V2: [1, 2, 3]


Cat Dims V2 : [6, 8, 9]
Cat Idx V2 : [1, 2, 3] 
 

Train: [[0.46211154148056705 4 5 5 0.10862096508842112 0.23648300699472372
  0.6353065985709246 0.6712306261392791 0.64016513769008]
 [-0.21258787265656273 2 3 6 0.24665427719850883 2.926330468051674
  -0.10617236505363199 -0.08178159723067265 -0.060609088441443415]
 [-0.6131906498004833 5 5 4 -0.7885955636271343 -0.660132813357593
  -0.4903120691000888 -0.5070120292513518 -0.5552732480636953]
 [0.019340050953075796 2 4 2 -0.5125289394069638 1.5814067375231988
  0.17969904260884792 0.21942329211730807 0.1317603069672103]
 [0.4410271847887817 4 6 5 -0.6505622515170515 0.684790917170882
  0.6442400800603769 0.6003588874691659 0.5164990977845172]
 [-0.04391301912228016 3 4 3 0.8678041816938937 0.23648300699472372
  0.07249726473541794 0.10425671677837431 0.1867229913696828]
 [-1.0348777836361893 5 3 4 0.31567093325355267 -1.1084407235337514
  -1.2049905882562886 -1.224588383286247 -1.1323814342896559]
 [-0.1915035159647774 4 7 5 -2.5140119650032062 2.029714647699357
  0.13503163516158484 0.08653878211084562 -0.1842751283470062]
 [-0.08608173250585081 2 7 4 1.2128874619691081 -1.1084407235337514
  0.06356378324596486 0.09539774944460958 0.21420433357091906]
 [-0.6342750064922686 3 4 3 -1.6858120923426947 0.23648300699472372
  -0.4903120691000888 -0.4449992579150026 -0.6239766035667862]] 
 
 
Val : (17261, 9) 
 

FINISHED ENCODING
~~~~~~~~~~~~~~~~~~~~~~~~~~~~~~~~~~~~~~~~~~~~~~~~~~~~~~~~~~~~~~~~~~~~~~~~~~~~~~~


~~~~~~~~~~~~~~~~~~~~~~~~~~~~~~~~~~~~~~~~~~~~~~~~~~~~~~~~~~~~~~~~~~~~~~~~~~~~~~~
Test numpy array issues
X dtype: object
X Val dtype: object
X dtype: float32
X Val dtype: float32
After Debugging -- Inner Fold 2
DEBUG Inner Fold 2: num_features: 9
DEBUG Inner Fold 2: num_classes: 1
DEBUG Inner Fold 2: cat_idx: [1, 2, 3]
DEBUG Inner Fold 2: nominal_idx: None
DEBUG Inner Fold 2: ordinal_idx: [1, 2, 3]
DEBUG Inner Fold 2: num_idx: [0, 4, 5, 6, 7, 8]
DEBUG Inner Fold 2: cat_dims: [6, 8, 9]
DEBUG Inner Fold 2: bin_alt: None
In get_device
On Device: cuda
**** Data b4 Fitting ****
Train Data b4 training...
X: <class 'numpy.ndarray'> , y : (<class 'numpy.ndarray'>,), X_val: <class 'numpy.ndarray'> , y : <class 'numpy.ndarray'>

Train Data after...
X: <class 'torch.Tensor'> , y : (<class 'torch.Tensor'>,), X_val: <class 'torch.Tensor'> , y : <class 'torch.Tensor'>

Inner Fold 2 Results: {'MSE - mean': 29001506.475143302, 'MSE - std': 95702.42325696722, 'R2 - mean': -0.8316906328969773, 'R2 - std': 0.004570860958652334}
  outer_5_inner Fold 3/5
Before Debugging -- Inner Fold 3
DEBUG Inner Fold 3: num_features: 9
DEBUG Inner Fold 3: num_classes: 1
DEBUG Inner Fold 3: cat_idx: [0]
DEBUG Inner Fold 3: nominal_idx: None
DEBUG Inner Fold 3: ordinal_idx: [1, 2, 3]
DEBUG Inner Fold 3: num_idx: None
DEBUG Inner Fold 3: cat_dims: [2]
DEBUG Inner Fold 3: bin_alt: None
~~~~~~~~~~~~~~~~~~~~~~~~~~~~~~~~~~~~~~~~~~~~~~~~~~~~~~~~~~~~~~~~~~~~~~~~~~~~~~~
BEFORE ANY ENCODING
num_features :9
num_classes : 1
cat_idx : [0]
nominal_idx : None
ordinal_idx : [1, 2, 3]
num_idx : None
cat_dims : [2]
bin_alt : None 


X_train shape : (17261, 9)
~~~~~~~~~~~~~~~~~~~~~~~~~~~~~~~~~~~~~~~~~~~~~~~~~~~~~~~~~~~~~~~~~~~~~~~~~~~~~~~
~~~~~~~~~~~~~~~~~~~~~~~~~~~~~~~~~~~~~~~~~~~~~~~~~~~~~~~~~~~~~~~~~~~~~~~~~~~~~~~
AFTER getting cat idx
Nominal Index : None
Ordinal Index : [1, 2, 3]
Cat Idx : [0]
Cat dims : [2]
~~~~~~~~~~~~~~~~~~~~~~~~~~~~~~~~~~~~~~~~~~~~~~~~~~~~~~~~~~~~~~~~~~~~~~~~~~~~~~~
BEFORE getting cat idx
Nominal Index : None
Ordinal Index : [1, 2, 3]
Cat Idx : [1, 2, 3]
Cat dims : []
~~~~~~~~~~~~~~~~~~~~~~~~~~~~~~~~~~~~~~~~~~~~~~~~~~~~~~~~~~~~~~~~~~~~~~~~~~~~~~~ 


AFTER SEPARATING CATEGORICALS AND NUMERICALS
Ordinal Index : [1, 2, 3]
Numerical Index V1 : [0, 4, 5, 6, 7, 8]
Cat Idx V1 : [1, 2, 3] 
Cat Dims V1 : []
 

~~~~~~~~~~~~~~~~~~~~~~~~~~~~~~~~~~~~~~~~~~~~~~~~~~~~~~~~~~~~~~~~~~~~~~~~~~~~~~~ 


Scaling the data...
~~~~~~~~~~~~~~~~~~~~~~~~~~~~~~~~~~~~~~~~~~~~~~~~~~~~~~~~~~~~~~~~~~~~~~~~~~~~~~~
After OHE
Numerical Index V2 : [0, 4, 5, 6, 7, 8] 


OHE Idx : None


Ordinal Idx V2: [1, 2, 3]


Cat Dims V2 : []
Cat Idx V2 : [1, 2, 3] 
 

Train: [[0.4607056057947172 'Premium' 'F' 'VS1' 0.11394918249533156]
 [-0.2147675110231812 'Good' 'H' 'VVS2' 0.25175803441699385]
 [-0.6158296741338082 'Ideal' 'F' 'VS2' -0.7818083549954588]
 [0.017426372882971525 'Good' 'G' 'SI2' -0.506190651152139]
 [0.24962025678912403 'Good' 'E' 'SI2' 0.04504475653450041]
 [0.43959707089415784 'Premium' 'E' 'VS1' -0.6439995030738014]
 [-0.04589923181870649 'Very Good' 'G' 'SI1' 0.8718978680644645]
 [-1.0380003721449946 'Ideal' 'H' 'VS2' 0.32066246037782503]
 [-0.5313955345315708 'Good' 'H' 'SI1' 1.2853244238294466]
 [-0.19365897612262187 'Premium' 'D' 'VS1' -2.504419004016213]] 
 
 
Val : (17261, 9) 
 

~~~~~~~~~~~~~~~~~~~~~~~~~~~~~~~~~~~~~~~~~~~~~~~~~~~~~~~~~~~~~~~~~~~~~~~~~~~~~~~
Ordinal Encoding...
Cat Idx V3 : [1, 2, 3] 
 

~~~~~~~~~~~~~~~~~~~~~~~~~~~~~~~~~~~~~~~~~~~~~~~~~~~~~~~~~~~~~~~~~~~~~~~~~~~~~~~
After ORDINAL
Numerical Index V2 : [0, 4, 5, 6, 7, 8] 


OHE Idx : None


Ordinal Idx V2: [1, 2, 3]


Cat Dims V2 : [6, 8, 9]
Cat Idx V2 : [1, 2, 3] 
 

Train: [[0.4607056057947172 4 5 5 0.11394918249533156 0.22922658535970966
  0.6324150125139028 0.6366652897458769 0.6382938499010384]
 [-0.2147675110231812 2 3 6 0.25175803441699385 2.919168292839547
  -0.10929519636235105 -0.0823493892210175 -0.06306581041424879]
 [-0.6158296741338082 5 5 4 -0.7818083549954588 -0.6674206504669028
  -0.4935547021657112 -0.48838120793173484 -0.558143217695628]
 [0.017426372882971525 2 4 2 -0.506190651152139 1.5741974390996283
  0.17666536609596392 0.20525648236574023 0.12946429241739893]
 [0.24962025678912403 2 6 2 0.04504475653450041 0.6775502032730158
  0.32858191490194355 0.3744364068285391 0.3494986956535671]
 [0.43959707089415784 4 6 5 -0.6439995030738014 0.6775502032730158
  0.641351280090725 0.5689933199607573 0.5145244980806938]
 [-0.04589923181870649 3 4 3 0.8718978680644645 0.22922658535970966
  0.0694301551740958 0.09528953146492114 0.18447289322644111]
 [-1.0380003721449946 5 3 4 0.32066246037782503 -1.115744268380209
  -1.2084561083114986 -1.1735599020060694 -1.1357335261905706]
 [-0.5313955345315708 2 3 3 1.2853244238294466 -1.115744268380209
  -0.5024909697425342 -0.4376272305928948 -0.32435666425719895]
 [-0.19365897612262187 4 7 5 -2.504419004016213 2.0225210570129346
  0.13198402821185162 0.07837153901864088 -0.18683516223459345]] 
 
 
Val : (17261, 9) 
 

FINISHED ENCODING
~~~~~~~~~~~~~~~~~~~~~~~~~~~~~~~~~~~~~~~~~~~~~~~~~~~~~~~~~~~~~~~~~~~~~~~~~~~~~~~


~~~~~~~~~~~~~~~~~~~~~~~~~~~~~~~~~~~~~~~~~~~~~~~~~~~~~~~~~~~~~~~~~~~~~~~~~~~~~~~
Test numpy array issues
X dtype: object
X Val dtype: object
X dtype: float32
X Val dtype: float32
After Debugging -- Inner Fold 3
DEBUG Inner Fold 3: num_features: 9
DEBUG Inner Fold 3: num_classes: 1
DEBUG Inner Fold 3: cat_idx: [1, 2, 3]
DEBUG Inner Fold 3: nominal_idx: None
DEBUG Inner Fold 3: ordinal_idx: [1, 2, 3]
DEBUG Inner Fold 3: num_idx: [0, 4, 5, 6, 7, 8]
DEBUG Inner Fold 3: cat_dims: [6, 8, 9]
DEBUG Inner Fold 3: bin_alt: None
In get_device
On Device: cuda
**** Data b4 Fitting ****
Train Data b4 training...
X: <class 'numpy.ndarray'> , y : (<class 'numpy.ndarray'>,), X_val: <class 'numpy.ndarray'> , y : <class 'numpy.ndarray'>

Train Data after...
X: <class 'torch.Tensor'> , y : (<class 'torch.Tensor'>,), X_val: <class 'torch.Tensor'> , y : <class 'torch.Tensor'>

Inner Fold 3 Results: {'MSE - mean': 28605727.221339043, 'MSE - std': 565144.5874245102, 'R2 - mean': -0.8317915993985814, 'R2 - std': 0.0037348228522622626}
  outer_5_inner Fold 4/5
Before Debugging -- Inner Fold 4
DEBUG Inner Fold 4: num_features: 9
DEBUG Inner Fold 4: num_classes: 1
DEBUG Inner Fold 4: cat_idx: [0]
DEBUG Inner Fold 4: nominal_idx: None
DEBUG Inner Fold 4: ordinal_idx: [1, 2, 3]
DEBUG Inner Fold 4: num_idx: None
DEBUG Inner Fold 4: cat_dims: [2]
DEBUG Inner Fold 4: bin_alt: None
~~~~~~~~~~~~~~~~~~~~~~~~~~~~~~~~~~~~~~~~~~~~~~~~~~~~~~~~~~~~~~~~~~~~~~~~~~~~~~~
BEFORE ANY ENCODING
num_features :9
num_classes : 1
cat_idx : [0]
nominal_idx : None
ordinal_idx : [1, 2, 3]
num_idx : None
cat_dims : [2]
bin_alt : None 


X_train shape : (17261, 9)
~~~~~~~~~~~~~~~~~~~~~~~~~~~~~~~~~~~~~~~~~~~~~~~~~~~~~~~~~~~~~~~~~~~~~~~~~~~~~~~
~~~~~~~~~~~~~~~~~~~~~~~~~~~~~~~~~~~~~~~~~~~~~~~~~~~~~~~~~~~~~~~~~~~~~~~~~~~~~~~
AFTER getting cat idx
Nominal Index : None
Ordinal Index : [1, 2, 3]
Cat Idx : [0]
Cat dims : [2]
~~~~~~~~~~~~~~~~~~~~~~~~~~~~~~~~~~~~~~~~~~~~~~~~~~~~~~~~~~~~~~~~~~~~~~~~~~~~~~~
BEFORE getting cat idx
Nominal Index : None
Ordinal Index : [1, 2, 3]
Cat Idx : [1, 2, 3]
Cat dims : []
~~~~~~~~~~~~~~~~~~~~~~~~~~~~~~~~~~~~~~~~~~~~~~~~~~~~~~~~~~~~~~~~~~~~~~~~~~~~~~~ 


AFTER SEPARATING CATEGORICALS AND NUMERICALS
Ordinal Index : [1, 2, 3]
Numerical Index V1 : [0, 4, 5, 6, 7, 8]
Cat Idx V1 : [1, 2, 3] 
Cat Dims V1 : []
 

~~~~~~~~~~~~~~~~~~~~~~~~~~~~~~~~~~~~~~~~~~~~~~~~~~~~~~~~~~~~~~~~~~~~~~~~~~~~~~~ 


Scaling the data...
~~~~~~~~~~~~~~~~~~~~~~~~~~~~~~~~~~~~~~~~~~~~~~~~~~~~~~~~~~~~~~~~~~~~~~~~~~~~~~~
After OHE
Numerical Index V2 : [0, 4, 5, 6, 7, 8] 


OHE Idx : None


Ordinal Idx V2: [1, 2, 3]


Cat Dims V2 : []
Cat Idx V2 : [1, 2, 3] 
 

Train: [[0.4731554902504729 'Premium' 'F' 'VS1' 0.10778048210080737]
 [-0.2046960723084143 'Good' 'H' 'VVS2' 0.2445041465045759]
 [-0.6071704375777534 'Ideal' 'F' 'VS2' -0.7809233365236734]
 [0.02831540232120332 'Good' 'G' 'SI2' -0.5074760077161412]
 [0.2613268769508207 'Good' 'E' 'SI2' 0.03941864989892311]
 [0.4519726289205076 'Premium' 'E' 'VS1' -0.6441996721199098]
 [-1.0308276641770577 'Ideal' 'H' 'VS2' 0.31286597870646016]
 [-0.5224389922578924 'Good' 'H' 'SI1' 1.2699316295328251]
 [-0.18351321097844905 'Premium' 'D' 'VS1' -2.4899691415707554]
 [-0.6283532989077186 'Very Good' 'G' 'SI1' -1.6696271551481592]] 
 
 
Val : (17261, 9) 
 

~~~~~~~~~~~~~~~~~~~~~~~~~~~~~~~~~~~~~~~~~~~~~~~~~~~~~~~~~~~~~~~~~~~~~~~~~~~~~~~
Ordinal Encoding...
Cat Idx V3 : [1, 2, 3] 
 

~~~~~~~~~~~~~~~~~~~~~~~~~~~~~~~~~~~~~~~~~~~~~~~~~~~~~~~~~~~~~~~~~~~~~~~~~~~~~~~
After ORDINAL
Numerical Index V2 : [0, 4, 5, 6, 7, 8] 


OHE Idx : None


Ordinal Idx V2: [1, 2, 3]


Cat Dims V2 : [6, 8, 9]
Cat Idx V2 : [1, 2, 3] 
 

Train: [[0.4731554902504729 4 5 5 0.10778048210080737 0.23192279435700777
  0.6446357847439013 0.6381538711764909 0.6495490981793045]
 [-0.2046960723084143 2 3 6 0.2445041465045759 2.9241279682431625
  -0.09785393449760792 -0.07143879824284503 -0.05265551457683194]
 [-0.6071704375777534 5 5 4 -0.7809233365236734 -0.6654789302717105
  -0.4825172830203172 -0.47214995273847055 -0.5483293588752812]
 [0.02831540232120332 2 4 2 -0.5074760077161412 1.578025381300085
  0.18840716207743197 0.21239826952488933 0.14010653598367637]
 [0.2613268769508207 2 6 2 0.03941864989892311 0.6806236566713669
  0.34048336963292175 0.3793612505647333 0.36040602233854235]
 [0.4519726289205076 4 6 5 -0.6441996721199098 0.6806236566713669
  0.653581444011871 0.5713686787605533 0.5256306371046924]
 [-1.0308276641770577 5 3 4 0.31286597870646016 -1.1141797925860695
  -1.198170024457917 -1.1483500259498376 -1.1266155105568054]
 [-0.5224389922578924 2 3 3 1.2699316295328251 -1.1141797925860695
  -0.4914629422882878 -0.422061058426517 -0.31426115462323573]
 [-0.18351321097844905 4 7 5 -2.4899691415707554 2.026726243614444
  0.1436788657375814 0.08717603374500617 -0.17657397565144411]
 [-0.6283532989077186 3 4 3 -1.6696271551481592 0.23192279435700777
  -0.4825172830203172 -0.413712909374525 -0.6171729483611773]] 
 
 
Val : (17261, 9) 
 

FINISHED ENCODING
~~~~~~~~~~~~~~~~~~~~~~~~~~~~~~~~~~~~~~~~~~~~~~~~~~~~~~~~~~~~~~~~~~~~~~~~~~~~~~~


~~~~~~~~~~~~~~~~~~~~~~~~~~~~~~~~~~~~~~~~~~~~~~~~~~~~~~~~~~~~~~~~~~~~~~~~~~~~~~~
Test numpy array issues
X dtype: object
X Val dtype: object
X dtype: float32
X Val dtype: float32
After Debugging -- Inner Fold 4
DEBUG Inner Fold 4: num_features: 9
DEBUG Inner Fold 4: num_classes: 1
DEBUG Inner Fold 4: cat_idx: [1, 2, 3]
DEBUG Inner Fold 4: nominal_idx: None
DEBUG Inner Fold 4: ordinal_idx: [1, 2, 3]
DEBUG Inner Fold 4: num_idx: [0, 4, 5, 6, 7, 8]
DEBUG Inner Fold 4: cat_dims: [6, 8, 9]
DEBUG Inner Fold 4: bin_alt: None
In get_device
On Device: cuda
**** Data b4 Fitting ****
Train Data b4 training...
X: <class 'numpy.ndarray'> , y : (<class 'numpy.ndarray'>,), X_val: <class 'numpy.ndarray'> , y : <class 'numpy.ndarray'>

Train Data after...
X: <class 'torch.Tensor'> , y : (<class 'torch.Tensor'>,), X_val: <class 'torch.Tensor'> , y : <class 'torch.Tensor'>

Inner Fold 4 Results: {'MSE - mean': 29161241.80319336, 'MSE - std': 1079504.8195722648, 'R2 - mean': -0.8352420259024302, 'R2 - std': 0.006795440050410516}
  outer_5_inner Fold 5/5
Before Debugging -- Inner Fold 5
DEBUG Inner Fold 5: num_features: 9
DEBUG Inner Fold 5: num_classes: 1
DEBUG Inner Fold 5: cat_idx: [0]
DEBUG Inner Fold 5: nominal_idx: None
DEBUG Inner Fold 5: ordinal_idx: [1, 2, 3]
DEBUG Inner Fold 5: num_idx: None
DEBUG Inner Fold 5: cat_dims: [2]
DEBUG Inner Fold 5: bin_alt: None
~~~~~~~~~~~~~~~~~~~~~~~~~~~~~~~~~~~~~~~~~~~~~~~~~~~~~~~~~~~~~~~~~~~~~~~~~~~~~~~
BEFORE ANY ENCODING
num_features :9
num_classes : 1
cat_idx : [0]
nominal_idx : None
ordinal_idx : [1, 2, 3]
num_idx : None
cat_dims : [2]
bin_alt : None 


X_train shape : (17261, 9)
~~~~~~~~~~~~~~~~~~~~~~~~~~~~~~~~~~~~~~~~~~~~~~~~~~~~~~~~~~~~~~~~~~~~~~~~~~~~~~~
~~~~~~~~~~~~~~~~~~~~~~~~~~~~~~~~~~~~~~~~~~~~~~~~~~~~~~~~~~~~~~~~~~~~~~~~~~~~~~~
AFTER getting cat idx
Nominal Index : None
Ordinal Index : [1, 2, 3]
Cat Idx : [0]
Cat dims : [2]
~~~~~~~~~~~~~~~~~~~~~~~~~~~~~~~~~~~~~~~~~~~~~~~~~~~~~~~~~~~~~~~~~~~~~~~~~~~~~~~
BEFORE getting cat idx
Nominal Index : None
Ordinal Index : [1, 2, 3]
Cat Idx : [1, 2, 3]
Cat dims : []
~~~~~~~~~~~~~~~~~~~~~~~~~~~~~~~~~~~~~~~~~~~~~~~~~~~~~~~~~~~~~~~~~~~~~~~~~~~~~~~ 


AFTER SEPARATING CATEGORICALS AND NUMERICALS
Ordinal Index : [1, 2, 3]
Numerical Index V1 : [0, 4, 5, 6, 7, 8]
Cat Idx V1 : [1, 2, 3] 
Cat Dims V1 : []
 

~~~~~~~~~~~~~~~~~~~~~~~~~~~~~~~~~~~~~~~~~~~~~~~~~~~~~~~~~~~~~~~~~~~~~~~~~~~~~~~ 


Scaling the data...
~~~~~~~~~~~~~~~~~~~~~~~~~~~~~~~~~~~~~~~~~~~~~~~~~~~~~~~~~~~~~~~~~~~~~~~~~~~~~~~
After OHE
Numerical Index V2 : [0, 4, 5, 6, 7, 8] 


OHE Idx : None


Ordinal Idx V2: [1, 2, 3]


Cat Dims V2 : []
Cat Idx V2 : [1, 2, 3] 
 

Train: [[-0.6124157297795658 'Ideal' 'F' 'VS2' -0.7889824511638072]
 [0.25202151655447264 'Good' 'E' 'SI2' 0.03902758625068568]
 [-0.04315217731568686 'Very Good' 'G' 'SI1' 0.8670376236651834]
 [-1.034092435308365 'Ideal' 'H' 'VS2' 0.3150309320555215]
 [-0.5280803886738059 'Good' 'H' 'SI1' 1.2810426423724321]
 [-0.0853198478685668 'Good' 'D' 'VS2' 1.2120418059212232]
 [0.7369497279125914 'Ideal' 'E' 'VS2' -0.23697575955414527]
 [-0.14857135369788674 'Very Good' 'I' 'VS1' 0.4530326049579345]
 [-1.034092435308365 'Premium' 'D' 'IF' -1.064985796968638]
 [-0.04315217731568686 'Ideal' 'F' 'VS2' -0.9269841240662251]] 
 
 
Val : (17261, 9) 
 

~~~~~~~~~~~~~~~~~~~~~~~~~~~~~~~~~~~~~~~~~~~~~~~~~~~~~~~~~~~~~~~~~~~~~~~~~~~~~~~
Ordinal Encoding...
Cat Idx V3 : [1, 2, 3] 
 

~~~~~~~~~~~~~~~~~~~~~~~~~~~~~~~~~~~~~~~~~~~~~~~~~~~~~~~~~~~~~~~~~~~~~~~~~~~~~~~
After ORDINAL
Numerical Index V2 : [0, 4, 5, 6, 7, 8] 


OHE Idx : None


Ordinal Idx V2: [1, 2, 3]


Cat Dims V2 : [6, 8, 9]
Cat Idx V2 : [1, 2, 3] 
 

Train: [[-0.6124157297795658 5 5 4 -0.7889824511638072 -0.6615331985124372
  -0.4898858731758127 -0.4793762080994451 -0.5547921263906226]
 [0.25202151655447264 2 6 2 0.03902758625068568 0.6876768629519923
  0.3321399043792453 0.37161240867799233 0.3521098845855839]
 [-0.04315217731568686 3 4 3 0.8670376236651834 0.23794017579718246
  0.07302308319341175 0.09629256207352735 0.18721860986263764]
 [-1.034092435308365 5 3 4 0.3150309320555215 -1.111269885667247
  -1.2046908971367334 -1.1551612861285858 -1.131911587920936]
 [-0.5280803886738059 2 3 3 1.2810426423724321 -1.111269885667247
  -0.4988209359753248 -0.42931805417136015 -0.32119615386644823]
 [-0.0853198478685668 2 7 4 1.2120418059212232 -1.111269885667247
  0.06408802039389964 0.08794953641884602 0.21470048898312877]
 [0.7369497279125914 5 6 4 -0.23697575955414527 -0.21179651135762734
  0.8861137979489585 0.8471648709947949 0.8193018296339327]
 [-0.14857135369788674 3 2 5 0.4530326049579345 -0.6615331985124372
  -0.016327544801703734 0.012862305526719348 0.049809214260181915]
 [-1.034092435308365 4 7 8 -1.064985796968638 0.6876768629519923
  -1.1778857087381986 -1.1301322091645443 -1.2280981648426552]
 [-0.04315217731568686 5 5 4 -0.9269841240662251 0.23794017579718246
  0.23385421358461853 0.17137979296565403 0.09103203294091833]] 
 
 
Val : (17261, 9) 
 

FINISHED ENCODING
~~~~~~~~~~~~~~~~~~~~~~~~~~~~~~~~~~~~~~~~~~~~~~~~~~~~~~~~~~~~~~~~~~~~~~~~~~~~~~~


~~~~~~~~~~~~~~~~~~~~~~~~~~~~~~~~~~~~~~~~~~~~~~~~~~~~~~~~~~~~~~~~~~~~~~~~~~~~~~~
Test numpy array issues
X dtype: object
X Val dtype: object
X dtype: float32
X Val dtype: float32
After Debugging -- Inner Fold 5
DEBUG Inner Fold 5: num_features: 9
DEBUG Inner Fold 5: num_classes: 1
DEBUG Inner Fold 5: cat_idx: [1, 2, 3]
DEBUG Inner Fold 5: nominal_idx: None
DEBUG Inner Fold 5: ordinal_idx: [1, 2, 3]
DEBUG Inner Fold 5: num_idx: [0, 4, 5, 6, 7, 8]
DEBUG Inner Fold 5: cat_dims: [6, 8, 9]
DEBUG Inner Fold 5: bin_alt: None
In get_device
On Device: cuda
**** Data b4 Fitting ****
Train Data b4 training...
X: <class 'numpy.ndarray'> , y : (<class 'numpy.ndarray'>,), X_val: <class 'numpy.ndarray'> , y : <class 'numpy.ndarray'>

Train Data after...
X: <class 'torch.Tensor'> , y : (<class 'torch.Tensor'>,), X_val: <class 'torch.Tensor'> , y : <class 'torch.Tensor'>

Inner Fold 5 Results: {'MSE - mean': 29221404.736584894, 'MSE - std': 973007.1112797149, 'R2 - mean': -0.8362832942541886, 'R2 - std': 0.0064249018283918415}
Trial Results B4 Saving: {'MSE - mean': 29221404.736584894, 'MSE - std': 973007.1112797149, 'R2 - mean': -0.8362832942541886, 'R2 - std': 0.0064249018283918415}
Score: 29221404.736584894
  outer_5_inner Fold 1/5
Before Debugging -- Inner Fold 1
DEBUG Inner Fold 1: num_features: 9
DEBUG Inner Fold 1: num_classes: 1
DEBUG Inner Fold 1: cat_idx: [0]
DEBUG Inner Fold 1: nominal_idx: None
DEBUG Inner Fold 1: ordinal_idx: [1, 2, 3]
DEBUG Inner Fold 1: num_idx: None
DEBUG Inner Fold 1: cat_dims: [2]
DEBUG Inner Fold 1: bin_alt: None
~~~~~~~~~~~~~~~~~~~~~~~~~~~~~~~~~~~~~~~~~~~~~~~~~~~~~~~~~~~~~~~~~~~~~~~~~~~~~~~
BEFORE ANY ENCODING
num_features :9
num_classes : 1
cat_idx : [0]
nominal_idx : None
ordinal_idx : [1, 2, 3]
num_idx : None
cat_dims : [2]
bin_alt : None 


X_train shape : (17260, 9)
~~~~~~~~~~~~~~~~~~~~~~~~~~~~~~~~~~~~~~~~~~~~~~~~~~~~~~~~~~~~~~~~~~~~~~~~~~~~~~~
~~~~~~~~~~~~~~~~~~~~~~~~~~~~~~~~~~~~~~~~~~~~~~~~~~~~~~~~~~~~~~~~~~~~~~~~~~~~~~~
AFTER getting cat idx
Nominal Index : None
Ordinal Index : [1, 2, 3]
Cat Idx : [0]
Cat dims : [2]
~~~~~~~~~~~~~~~~~~~~~~~~~~~~~~~~~~~~~~~~~~~~~~~~~~~~~~~~~~~~~~~~~~~~~~~~~~~~~~~
BEFORE getting cat idx
Nominal Index : None
Ordinal Index : [1, 2, 3]
Cat Idx : [1, 2, 3]
Cat dims : []
~~~~~~~~~~~~~~~~~~~~~~~~~~~~~~~~~~~~~~~~~~~~~~~~~~~~~~~~~~~~~~~~~~~~~~~~~~~~~~~ 


AFTER SEPARATING CATEGORICALS AND NUMERICALS
Ordinal Index : [1, 2, 3]
Numerical Index V1 : [0, 4, 5, 6, 7, 8]
Cat Idx V1 : [1, 2, 3] 
Cat Dims V1 : []
 

~~~~~~~~~~~~~~~~~~~~~~~~~~~~~~~~~~~~~~~~~~~~~~~~~~~~~~~~~~~~~~~~~~~~~~~~~~~~~~~ 


Scaling the data...
~~~~~~~~~~~~~~~~~~~~~~~~~~~~~~~~~~~~~~~~~~~~~~~~~~~~~~~~~~~~~~~~~~~~~~~~~~~~~~~
After OHE
Numerical Index V2 : [0, 4, 5, 6, 7, 8] 


OHE Idx : None


Ordinal Idx V2: [1, 2, 3]


Cat Dims V2 : []
Cat Idx V2 : [1, 2, 3] 
 

Train: [[0.45969704050202614 'Premium' 'F' 'VS1' 0.10607409954764287]
 [-0.21423325561359347 'Good' 'H' 'VVS2' 0.24357092341398656]
 [0.017430283676150928 'Good' 'G' 'SI2' -0.5126616078508939]
 [0.24909382296589508 'Good' 'E' 'SI2' 0.03732568761447103]
 [0.438636718748413 'Premium' 'E' 'VS1' -0.6501584317172376]
 [-0.04575068158468845 'Very Good' 'G' 'SI1' 0.8623066308125233]
 [-0.5301380819177899 'Good' 'H' 'SI1' 1.2747971024115494]
 [-0.19317293385998033 'Premium' 'D' 'VS1' -2.506365553912848]
 [-0.0878713250919147 'Good' 'D' 'VS2' 1.2060486904783776]
 [-0.6354396906858555 'Very Good' 'G' 'SI1' -1.6813846107148005]] 
 
 
Val : (17260, 9) 
 

~~~~~~~~~~~~~~~~~~~~~~~~~~~~~~~~~~~~~~~~~~~~~~~~~~~~~~~~~~~~~~~~~~~~~~~~~~~~~~~
Ordinal Encoding...
Cat Idx V3 : [1, 2, 3] 
 

~~~~~~~~~~~~~~~~~~~~~~~~~~~~~~~~~~~~~~~~~~~~~~~~~~~~~~~~~~~~~~~~~~~~~~~~~~~~~~~
After ORDINAL
Numerical Index V2 : [0, 4, 5, 6, 7, 8] 


OHE Idx : None


Ordinal Idx V2: [1, 2, 3]


Cat Dims V2 : [6, 8, 9]
Cat Idx V2 : [1, 2, 3] 
 

Train: [[0.45969704050202614 4 5 5 0.10607409954764287 0.2335378194767114
  0.6329606885984675 0.6272292942668771 0.6697299724510806]
 [-0.21423325561359347 2 3 6 0.24357092341398656 2.921944638543641
  -0.10889769313910021 -0.08184651701284319 -0.06417796739309398]
 [0.017430283676150928 2 4 2 -0.5126616078508939 1.577741229010176
  0.17711999620550445 0.20178380749904493 0.13728695727001303]
 [0.24909382296589508 2 6 2 0.03732568761447103 0.681605622654533
  0.3290668936698255 0.36862517485897933 0.36753258545642037]
 [0.438636718748413 4 6 5 -0.6501584317172376 0.681605622654533
  0.6418987413904862 0.5604927473229033 0.5402168065962264]
 [-0.04575068158468845 3 4 3 0.8623066308125233 0.2335378194767114
  0.06986336270127771 0.09333691871508776 0.194848364316615]
 [-0.5301380819177899 2 3 3 1.2747971024115494 -1.1106655900567532
  -0.5021720159879316 -0.43221338846870505 -0.33759465086445317]
 [-0.19317293385998033 4 7 5 -2.506365553912848 2.025809032187998
  0.13242973224540938 0.07665278197909395 -0.19369113324794815]
 [-0.0878713250919147 2 7 4 1.2060486904783776 -1.1106655900567532
  0.06092530990925822 0.08499485034709048 0.223629067839916]
 [-0.6354396906858555 3 4 3 -1.6813846107148005 0.2335378194767114
  -0.4932339631959121 -0.42387132010070855 -0.6541823896207641]] 
 
 
Val : (17260, 9) 
 

FINISHED ENCODING
~~~~~~~~~~~~~~~~~~~~~~~~~~~~~~~~~~~~~~~~~~~~~~~~~~~~~~~~~~~~~~~~~~~~~~~~~~~~~~~


~~~~~~~~~~~~~~~~~~~~~~~~~~~~~~~~~~~~~~~~~~~~~~~~~~~~~~~~~~~~~~~~~~~~~~~~~~~~~~~
Test numpy array issues
X dtype: object
X Val dtype: object
X dtype: float32
X Val dtype: float32
After Debugging -- Inner Fold 1
DEBUG Inner Fold 1: num_features: 9
DEBUG Inner Fold 1: num_classes: 1
DEBUG Inner Fold 1: cat_idx: [1, 2, 3]
DEBUG Inner Fold 1: nominal_idx: None
DEBUG Inner Fold 1: ordinal_idx: [1, 2, 3]
DEBUG Inner Fold 1: num_idx: [0, 4, 5, 6, 7, 8]
DEBUG Inner Fold 1: cat_dims: [6, 8, 9]
DEBUG Inner Fold 1: bin_alt: None
In get_device
On Device: cuda
**** Data b4 Fitting ****
Train Data b4 training...
X: <class 'numpy.ndarray'> , y : (<class 'numpy.ndarray'>,), X_val: <class 'numpy.ndarray'> , y : <class 'numpy.ndarray'>

Train Data after...
X: <class 'torch.Tensor'> , y : (<class 'torch.Tensor'>,), X_val: <class 'torch.Tensor'> , y : <class 'torch.Tensor'>

Inner Fold 1 Results: {'MSE - mean': 27423955.357064232, 'MSE - std': 0.0, 'R2 - mean': -0.7220500850306926, 'R2 - std': 0.0}
  outer_5_inner Fold 2/5
Before Debugging -- Inner Fold 2
DEBUG Inner Fold 2: num_features: 9
DEBUG Inner Fold 2: num_classes: 1
DEBUG Inner Fold 2: cat_idx: [0]
DEBUG Inner Fold 2: nominal_idx: None
DEBUG Inner Fold 2: ordinal_idx: [1, 2, 3]
DEBUG Inner Fold 2: num_idx: None
DEBUG Inner Fold 2: cat_dims: [2]
DEBUG Inner Fold 2: bin_alt: None
~~~~~~~~~~~~~~~~~~~~~~~~~~~~~~~~~~~~~~~~~~~~~~~~~~~~~~~~~~~~~~~~~~~~~~~~~~~~~~~
BEFORE ANY ENCODING
num_features :9
num_classes : 1
cat_idx : [0]
nominal_idx : None
ordinal_idx : [1, 2, 3]
num_idx : None
cat_dims : [2]
bin_alt : None 


X_train shape : (17261, 9)
~~~~~~~~~~~~~~~~~~~~~~~~~~~~~~~~~~~~~~~~~~~~~~~~~~~~~~~~~~~~~~~~~~~~~~~~~~~~~~~
~~~~~~~~~~~~~~~~~~~~~~~~~~~~~~~~~~~~~~~~~~~~~~~~~~~~~~~~~~~~~~~~~~~~~~~~~~~~~~~
AFTER getting cat idx
Nominal Index : None
Ordinal Index : [1, 2, 3]
Cat Idx : [0]
Cat dims : [2]
~~~~~~~~~~~~~~~~~~~~~~~~~~~~~~~~~~~~~~~~~~~~~~~~~~~~~~~~~~~~~~~~~~~~~~~~~~~~~~~
BEFORE getting cat idx
Nominal Index : None
Ordinal Index : [1, 2, 3]
Cat Idx : [1, 2, 3]
Cat dims : []
~~~~~~~~~~~~~~~~~~~~~~~~~~~~~~~~~~~~~~~~~~~~~~~~~~~~~~~~~~~~~~~~~~~~~~~~~~~~~~~ 


AFTER SEPARATING CATEGORICALS AND NUMERICALS
Ordinal Index : [1, 2, 3]
Numerical Index V1 : [0, 4, 5, 6, 7, 8]
Cat Idx V1 : [1, 2, 3] 
Cat Dims V1 : []
 

~~~~~~~~~~~~~~~~~~~~~~~~~~~~~~~~~~~~~~~~~~~~~~~~~~~~~~~~~~~~~~~~~~~~~~~~~~~~~~~ 


Scaling the data...
~~~~~~~~~~~~~~~~~~~~~~~~~~~~~~~~~~~~~~~~~~~~~~~~~~~~~~~~~~~~~~~~~~~~~~~~~~~~~~~
After OHE
Numerical Index V2 : [0, 4, 5, 6, 7, 8] 


OHE Idx : None


Ordinal Idx V2: [1, 2, 3]


Cat Dims V2 : []
Cat Idx V2 : [1, 2, 3] 
 

Train: [[0.46211154148056705 'Premium' 'F' 'VS1' 0.10862096508842112]
 [-0.21258787265656273 'Good' 'H' 'VVS2' 0.24665427719850883]
 [-0.6131906498004833 'Ideal' 'F' 'VS2' -0.7885955636271343]
 [0.019340050953075796 'Good' 'G' 'SI2' -0.5125289394069638]
 [0.4410271847887817 'Premium' 'E' 'VS1' -0.6505622515170515]
 [-0.04391301912228016 'Very Good' 'G' 'SI1' 0.8678041816938937]
 [-1.0348777836361893 'Ideal' 'H' 'VS2' 0.31567093325355267]
 [-0.1915035159647774 'Premium' 'D' 'VS1' -2.5140119650032062]
 [-0.08608173250585081 'Good' 'D' 'VS2' 1.2128874619691081]
 [-0.6342750064922686 'Very Good' 'G' 'SI1' -1.6858120923426947]] 
 
 
Val : (17261, 9) 
 

~~~~~~~~~~~~~~~~~~~~~~~~~~~~~~~~~~~~~~~~~~~~~~~~~~~~~~~~~~~~~~~~~~~~~~~~~~~~~~~
Ordinal Encoding...
Cat Idx V3 : [1, 2, 3] 
 

~~~~~~~~~~~~~~~~~~~~~~~~~~~~~~~~~~~~~~~~~~~~~~~~~~~~~~~~~~~~~~~~~~~~~~~~~~~~~~~
After ORDINAL
Numerical Index V2 : [0, 4, 5, 6, 7, 8] 


OHE Idx : None


Ordinal Idx V2: [1, 2, 3]


Cat Dims V2 : [6, 8, 9]
Cat Idx V2 : [1, 2, 3] 
 

Train: [[0.46211154148056705 4 5 5 0.10862096508842112 0.23648300699472372
  0.6353065985709246 0.6712306261392791 0.64016513769008]
 [-0.21258787265656273 2 3 6 0.24665427719850883 2.926330468051674
  -0.10617236505363199 -0.08178159723067265 -0.060609088441443415]
 [-0.6131906498004833 5 5 4 -0.7885955636271343 -0.660132813357593
  -0.4903120691000888 -0.5070120292513518 -0.5552732480636953]
 [0.019340050953075796 2 4 2 -0.5125289394069638 1.5814067375231988
  0.17969904260884792 0.21942329211730807 0.1317603069672103]
 [0.4410271847887817 4 6 5 -0.6505622515170515 0.684790917170882
  0.6442400800603769 0.6003588874691659 0.5164990977845172]
 [-0.04391301912228016 3 4 3 0.8678041816938937 0.23648300699472372
  0.07249726473541794 0.10425671677837431 0.1867229913696828]
 [-1.0348777836361893 5 3 4 0.31567093325355267 -1.1084407235337514
  -1.2049905882562886 -1.224588383286247 -1.1323814342896559]
 [-0.1915035159647774 4 7 5 -2.5140119650032062 2.029714647699357
  0.13503163516158484 0.08653878211084562 -0.1842751283470062]
 [-0.08608173250585081 2 7 4 1.2128874619691081 -1.1084407235337514
  0.06356378324596486 0.09539774944460958 0.21420433357091906]
 [-0.6342750064922686 3 4 3 -1.6858120923426947 0.23648300699472372
  -0.4903120691000888 -0.4449992579150026 -0.6239766035667862]] 
 
 
Val : (17261, 9) 
 

FINISHED ENCODING
~~~~~~~~~~~~~~~~~~~~~~~~~~~~~~~~~~~~~~~~~~~~~~~~~~~~~~~~~~~~~~~~~~~~~~~~~~~~~~~


~~~~~~~~~~~~~~~~~~~~~~~~~~~~~~~~~~~~~~~~~~~~~~~~~~~~~~~~~~~~~~~~~~~~~~~~~~~~~~~
Test numpy array issues
X dtype: object
X Val dtype: object
X dtype: float32
X Val dtype: float32
After Debugging -- Inner Fold 2
DEBUG Inner Fold 2: num_features: 9
DEBUG Inner Fold 2: num_classes: 1
DEBUG Inner Fold 2: cat_idx: [1, 2, 3]
DEBUG Inner Fold 2: nominal_idx: None
DEBUG Inner Fold 2: ordinal_idx: [1, 2, 3]
DEBUG Inner Fold 2: num_idx: [0, 4, 5, 6, 7, 8]
DEBUG Inner Fold 2: cat_dims: [6, 8, 9]
DEBUG Inner Fold 2: bin_alt: None
In get_device
On Device: cuda
**** Data b4 Fitting ****
Train Data b4 training...
X: <class 'numpy.ndarray'> , y : (<class 'numpy.ndarray'>,), X_val: <class 'numpy.ndarray'> , y : <class 'numpy.ndarray'>

Train Data after...
X: <class 'torch.Tensor'> , y : (<class 'torch.Tensor'>,), X_val: <class 'torch.Tensor'> , y : <class 'torch.Tensor'>

Inner Fold 2 Results: {'MSE - mean': 27343457.999134116, 'MSE - std': 80497.3579301145, 'R2 - mean': -0.7269743989851165, 'R2 - std': 0.004924313954423942}
  outer_5_inner Fold 3/5
Before Debugging -- Inner Fold 3
DEBUG Inner Fold 3: num_features: 9
DEBUG Inner Fold 3: num_classes: 1
DEBUG Inner Fold 3: cat_idx: [0]
DEBUG Inner Fold 3: nominal_idx: None
DEBUG Inner Fold 3: ordinal_idx: [1, 2, 3]
DEBUG Inner Fold 3: num_idx: None
DEBUG Inner Fold 3: cat_dims: [2]
DEBUG Inner Fold 3: bin_alt: None
~~~~~~~~~~~~~~~~~~~~~~~~~~~~~~~~~~~~~~~~~~~~~~~~~~~~~~~~~~~~~~~~~~~~~~~~~~~~~~~
BEFORE ANY ENCODING
num_features :9
num_classes : 1
cat_idx : [0]
nominal_idx : None
ordinal_idx : [1, 2, 3]
num_idx : None
cat_dims : [2]
bin_alt : None 


X_train shape : (17261, 9)
~~~~~~~~~~~~~~~~~~~~~~~~~~~~~~~~~~~~~~~~~~~~~~~~~~~~~~~~~~~~~~~~~~~~~~~~~~~~~~~
~~~~~~~~~~~~~~~~~~~~~~~~~~~~~~~~~~~~~~~~~~~~~~~~~~~~~~~~~~~~~~~~~~~~~~~~~~~~~~~
AFTER getting cat idx
Nominal Index : None
Ordinal Index : [1, 2, 3]
Cat Idx : [0]
Cat dims : [2]
~~~~~~~~~~~~~~~~~~~~~~~~~~~~~~~~~~~~~~~~~~~~~~~~~~~~~~~~~~~~~~~~~~~~~~~~~~~~~~~
BEFORE getting cat idx
Nominal Index : None
Ordinal Index : [1, 2, 3]
Cat Idx : [1, 2, 3]
Cat dims : []
~~~~~~~~~~~~~~~~~~~~~~~~~~~~~~~~~~~~~~~~~~~~~~~~~~~~~~~~~~~~~~~~~~~~~~~~~~~~~~~ 


AFTER SEPARATING CATEGORICALS AND NUMERICALS
Ordinal Index : [1, 2, 3]
Numerical Index V1 : [0, 4, 5, 6, 7, 8]
Cat Idx V1 : [1, 2, 3] 
Cat Dims V1 : []
 

~~~~~~~~~~~~~~~~~~~~~~~~~~~~~~~~~~~~~~~~~~~~~~~~~~~~~~~~~~~~~~~~~~~~~~~~~~~~~~~ 


Scaling the data...
~~~~~~~~~~~~~~~~~~~~~~~~~~~~~~~~~~~~~~~~~~~~~~~~~~~~~~~~~~~~~~~~~~~~~~~~~~~~~~~
After OHE
Numerical Index V2 : [0, 4, 5, 6, 7, 8] 


OHE Idx : None


Ordinal Idx V2: [1, 2, 3]


Cat Dims V2 : []
Cat Idx V2 : [1, 2, 3] 
 

Train: [[0.4607056057947172 'Premium' 'F' 'VS1' 0.11394918249533156]
 [-0.2147675110231812 'Good' 'H' 'VVS2' 0.25175803441699385]
 [-0.6158296741338082 'Ideal' 'F' 'VS2' -0.7818083549954588]
 [0.017426372882971525 'Good' 'G' 'SI2' -0.506190651152139]
 [0.24962025678912403 'Good' 'E' 'SI2' 0.04504475653450041]
 [0.43959707089415784 'Premium' 'E' 'VS1' -0.6439995030738014]
 [-0.04589923181870649 'Very Good' 'G' 'SI1' 0.8718978680644645]
 [-1.0380003721449946 'Ideal' 'H' 'VS2' 0.32066246037782503]
 [-0.5313955345315708 'Good' 'H' 'SI1' 1.2853244238294466]
 [-0.19365897612262187 'Premium' 'D' 'VS1' -2.504419004016213]] 
 
 
Val : (17261, 9) 
 

~~~~~~~~~~~~~~~~~~~~~~~~~~~~~~~~~~~~~~~~~~~~~~~~~~~~~~~~~~~~~~~~~~~~~~~~~~~~~~~
Ordinal Encoding...
Cat Idx V3 : [1, 2, 3] 
 

~~~~~~~~~~~~~~~~~~~~~~~~~~~~~~~~~~~~~~~~~~~~~~~~~~~~~~~~~~~~~~~~~~~~~~~~~~~~~~~
After ORDINAL
Numerical Index V2 : [0, 4, 5, 6, 7, 8] 


OHE Idx : None


Ordinal Idx V2: [1, 2, 3]


Cat Dims V2 : [6, 8, 9]
Cat Idx V2 : [1, 2, 3] 
 

Train: [[0.4607056057947172 4 5 5 0.11394918249533156 0.22922658535970966
  0.6324150125139028 0.6366652897458769 0.6382938499010384]
 [-0.2147675110231812 2 3 6 0.25175803441699385 2.919168292839547
  -0.10929519636235105 -0.0823493892210175 -0.06306581041424879]
 [-0.6158296741338082 5 5 4 -0.7818083549954588 -0.6674206504669028
  -0.4935547021657112 -0.48838120793173484 -0.558143217695628]
 [0.017426372882971525 2 4 2 -0.506190651152139 1.5741974390996283
  0.17666536609596392 0.20525648236574023 0.12946429241739893]
 [0.24962025678912403 2 6 2 0.04504475653450041 0.6775502032730158
  0.32858191490194355 0.3744364068285391 0.3494986956535671]
 [0.43959707089415784 4 6 5 -0.6439995030738014 0.6775502032730158
  0.641351280090725 0.5689933199607573 0.5145244980806938]
 [-0.04589923181870649 3 4 3 0.8718978680644645 0.22922658535970966
  0.0694301551740958 0.09528953146492114 0.18447289322644111]
 [-1.0380003721449946 5 3 4 0.32066246037782503 -1.115744268380209
  -1.2084561083114986 -1.1735599020060694 -1.1357335261905706]
 [-0.5313955345315708 2 3 3 1.2853244238294466 -1.115744268380209
  -0.5024909697425342 -0.4376272305928948 -0.32435666425719895]
 [-0.19365897612262187 4 7 5 -2.504419004016213 2.0225210570129346
  0.13198402821185162 0.07837153901864088 -0.18683516223459345]] 
 
 
Val : (17261, 9) 
 

FINISHED ENCODING
~~~~~~~~~~~~~~~~~~~~~~~~~~~~~~~~~~~~~~~~~~~~~~~~~~~~~~~~~~~~~~~~~~~~~~~~~~~~~~~


~~~~~~~~~~~~~~~~~~~~~~~~~~~~~~~~~~~~~~~~~~~~~~~~~~~~~~~~~~~~~~~~~~~~~~~~~~~~~~~
Test numpy array issues
X dtype: object
X Val dtype: object
X dtype: float32
X Val dtype: float32
After Debugging -- Inner Fold 3
DEBUG Inner Fold 3: num_features: 9
DEBUG Inner Fold 3: num_classes: 1
DEBUG Inner Fold 3: cat_idx: [1, 2, 3]
DEBUG Inner Fold 3: nominal_idx: None
DEBUG Inner Fold 3: ordinal_idx: [1, 2, 3]
DEBUG Inner Fold 3: num_idx: [0, 4, 5, 6, 7, 8]
DEBUG Inner Fold 3: cat_dims: [6, 8, 9]
DEBUG Inner Fold 3: bin_alt: None
In get_device
On Device: cuda
**** Data b4 Fitting ****
Train Data b4 training...
X: <class 'numpy.ndarray'> , y : (<class 'numpy.ndarray'>,), X_val: <class 'numpy.ndarray'> , y : <class 'numpy.ndarray'>

Train Data after...
X: <class 'torch.Tensor'> , y : (<class 'torch.Tensor'>,), X_val: <class 'torch.Tensor'> , y : <class 'torch.Tensor'>

Inner Fold 3 Results: {'MSE - mean': 27016120.284844663, 'MSE - std': 467568.00733330805, 'R2 - mean': -0.7300859927733061, 'R2 - std': 0.005960699938197033}
  outer_5_inner Fold 4/5
Before Debugging -- Inner Fold 4
DEBUG Inner Fold 4: num_features: 9
DEBUG Inner Fold 4: num_classes: 1
DEBUG Inner Fold 4: cat_idx: [0]
DEBUG Inner Fold 4: nominal_idx: None
DEBUG Inner Fold 4: ordinal_idx: [1, 2, 3]
DEBUG Inner Fold 4: num_idx: None
DEBUG Inner Fold 4: cat_dims: [2]
DEBUG Inner Fold 4: bin_alt: None
~~~~~~~~~~~~~~~~~~~~~~~~~~~~~~~~~~~~~~~~~~~~~~~~~~~~~~~~~~~~~~~~~~~~~~~~~~~~~~~
BEFORE ANY ENCODING
num_features :9
num_classes : 1
cat_idx : [0]
nominal_idx : None
ordinal_idx : [1, 2, 3]
num_idx : None
cat_dims : [2]
bin_alt : None 


X_train shape : (17261, 9)
~~~~~~~~~~~~~~~~~~~~~~~~~~~~~~~~~~~~~~~~~~~~~~~~~~~~~~~~~~~~~~~~~~~~~~~~~~~~~~~
~~~~~~~~~~~~~~~~~~~~~~~~~~~~~~~~~~~~~~~~~~~~~~~~~~~~~~~~~~~~~~~~~~~~~~~~~~~~~~~
AFTER getting cat idx
Nominal Index : None
Ordinal Index : [1, 2, 3]
Cat Idx : [0]
Cat dims : [2]
~~~~~~~~~~~~~~~~~~~~~~~~~~~~~~~~~~~~~~~~~~~~~~~~~~~~~~~~~~~~~~~~~~~~~~~~~~~~~~~
BEFORE getting cat idx
Nominal Index : None
Ordinal Index : [1, 2, 3]
Cat Idx : [1, 2, 3]
Cat dims : []
~~~~~~~~~~~~~~~~~~~~~~~~~~~~~~~~~~~~~~~~~~~~~~~~~~~~~~~~~~~~~~~~~~~~~~~~~~~~~~~ 


AFTER SEPARATING CATEGORICALS AND NUMERICALS
Ordinal Index : [1, 2, 3]
Numerical Index V1 : [0, 4, 5, 6, 7, 8]
Cat Idx V1 : [1, 2, 3] 
Cat Dims V1 : []
 

~~~~~~~~~~~~~~~~~~~~~~~~~~~~~~~~~~~~~~~~~~~~~~~~~~~~~~~~~~~~~~~~~~~~~~~~~~~~~~~ 


Scaling the data...
~~~~~~~~~~~~~~~~~~~~~~~~~~~~~~~~~~~~~~~~~~~~~~~~~~~~~~~~~~~~~~~~~~~~~~~~~~~~~~~
After OHE
Numerical Index V2 : [0, 4, 5, 6, 7, 8] 


OHE Idx : None


Ordinal Idx V2: [1, 2, 3]


Cat Dims V2 : []
Cat Idx V2 : [1, 2, 3] 
 

Train: [[0.4731554902504729 'Premium' 'F' 'VS1' 0.10778048210080737]
 [-0.2046960723084143 'Good' 'H' 'VVS2' 0.2445041465045759]
 [-0.6071704375777534 'Ideal' 'F' 'VS2' -0.7809233365236734]
 [0.02831540232120332 'Good' 'G' 'SI2' -0.5074760077161412]
 [0.2613268769508207 'Good' 'E' 'SI2' 0.03941864989892311]
 [0.4519726289205076 'Premium' 'E' 'VS1' -0.6441996721199098]
 [-1.0308276641770577 'Ideal' 'H' 'VS2' 0.31286597870646016]
 [-0.5224389922578924 'Good' 'H' 'SI1' 1.2699316295328251]
 [-0.18351321097844905 'Premium' 'D' 'VS1' -2.4899691415707554]
 [-0.6283532989077186 'Very Good' 'G' 'SI1' -1.6696271551481592]] 
 
 
Val : (17261, 9) 
 

~~~~~~~~~~~~~~~~~~~~~~~~~~~~~~~~~~~~~~~~~~~~~~~~~~~~~~~~~~~~~~~~~~~~~~~~~~~~~~~
Ordinal Encoding...
Cat Idx V3 : [1, 2, 3] 
 

~~~~~~~~~~~~~~~~~~~~~~~~~~~~~~~~~~~~~~~~~~~~~~~~~~~~~~~~~~~~~~~~~~~~~~~~~~~~~~~
After ORDINAL
Numerical Index V2 : [0, 4, 5, 6, 7, 8] 


OHE Idx : None


Ordinal Idx V2: [1, 2, 3]


Cat Dims V2 : [6, 8, 9]
Cat Idx V2 : [1, 2, 3] 
 

Train: [[0.4731554902504729 4 5 5 0.10778048210080737 0.23192279435700777
  0.6446357847439013 0.6381538711764909 0.6495490981793045]
 [-0.2046960723084143 2 3 6 0.2445041465045759 2.9241279682431625
  -0.09785393449760792 -0.07143879824284503 -0.05265551457683194]
 [-0.6071704375777534 5 5 4 -0.7809233365236734 -0.6654789302717105
  -0.4825172830203172 -0.47214995273847055 -0.5483293588752812]
 [0.02831540232120332 2 4 2 -0.5074760077161412 1.578025381300085
  0.18840716207743197 0.21239826952488933 0.14010653598367637]
 [0.2613268769508207 2 6 2 0.03941864989892311 0.6806236566713669
  0.34048336963292175 0.3793612505647333 0.36040602233854235]
 [0.4519726289205076 4 6 5 -0.6441996721199098 0.6806236566713669
  0.653581444011871 0.5713686787605533 0.5256306371046924]
 [-1.0308276641770577 5 3 4 0.31286597870646016 -1.1141797925860695
  -1.198170024457917 -1.1483500259498376 -1.1266155105568054]
 [-0.5224389922578924 2 3 3 1.2699316295328251 -1.1141797925860695
  -0.4914629422882878 -0.422061058426517 -0.31426115462323573]
 [-0.18351321097844905 4 7 5 -2.4899691415707554 2.026726243614444
  0.1436788657375814 0.08717603374500617 -0.17657397565144411]
 [-0.6283532989077186 3 4 3 -1.6696271551481592 0.23192279435700777
  -0.4825172830203172 -0.413712909374525 -0.6171729483611773]] 
 
 
Val : (17261, 9) 
 

FINISHED ENCODING
~~~~~~~~~~~~~~~~~~~~~~~~~~~~~~~~~~~~~~~~~~~~~~~~~~~~~~~~~~~~~~~~~~~~~~~~~~~~~~~


~~~~~~~~~~~~~~~~~~~~~~~~~~~~~~~~~~~~~~~~~~~~~~~~~~~~~~~~~~~~~~~~~~~~~~~~~~~~~~~
Test numpy array issues
X dtype: object
X Val dtype: object
X dtype: float32
X Val dtype: float32
After Debugging -- Inner Fold 4
DEBUG Inner Fold 4: num_features: 9
DEBUG Inner Fold 4: num_classes: 1
DEBUG Inner Fold 4: cat_idx: [1, 2, 3]
DEBUG Inner Fold 4: nominal_idx: None
DEBUG Inner Fold 4: ordinal_idx: [1, 2, 3]
DEBUG Inner Fold 4: num_idx: [0, 4, 5, 6, 7, 8]
DEBUG Inner Fold 4: cat_dims: [6, 8, 9]
DEBUG Inner Fold 4: bin_alt: None
In get_device
On Device: cuda
**** Data b4 Fitting ****
Train Data b4 training...
X: <class 'numpy.ndarray'> , y : (<class 'numpy.ndarray'>,), X_val: <class 'numpy.ndarray'> , y : <class 'numpy.ndarray'>

Train Data after...
X: <class 'torch.Tensor'> , y : (<class 'torch.Tensor'>,), X_val: <class 'torch.Tensor'> , y : <class 'torch.Tensor'>

Inner Fold 4 Results: {'MSE - mean': 27514159.63153778, 'MSE - std': 952939.9003477375, 'R2 - mean': -0.7317303138183826, 'R2 - std': 0.00589566221155526}
  outer_5_inner Fold 5/5
Before Debugging -- Inner Fold 5
DEBUG Inner Fold 5: num_features: 9
DEBUG Inner Fold 5: num_classes: 1
DEBUG Inner Fold 5: cat_idx: [0]
DEBUG Inner Fold 5: nominal_idx: None
DEBUG Inner Fold 5: ordinal_idx: [1, 2, 3]
DEBUG Inner Fold 5: num_idx: None
DEBUG Inner Fold 5: cat_dims: [2]
DEBUG Inner Fold 5: bin_alt: None
~~~~~~~~~~~~~~~~~~~~~~~~~~~~~~~~~~~~~~~~~~~~~~~~~~~~~~~~~~~~~~~~~~~~~~~~~~~~~~~
BEFORE ANY ENCODING
num_features :9
num_classes : 1
cat_idx : [0]
nominal_idx : None
ordinal_idx : [1, 2, 3]
num_idx : None
cat_dims : [2]
bin_alt : None 


X_train shape : (17261, 9)
~~~~~~~~~~~~~~~~~~~~~~~~~~~~~~~~~~~~~~~~~~~~~~~~~~~~~~~~~~~~~~~~~~~~~~~~~~~~~~~
~~~~~~~~~~~~~~~~~~~~~~~~~~~~~~~~~~~~~~~~~~~~~~~~~~~~~~~~~~~~~~~~~~~~~~~~~~~~~~~
AFTER getting cat idx
Nominal Index : None
Ordinal Index : [1, 2, 3]
Cat Idx : [0]
Cat dims : [2]
~~~~~~~~~~~~~~~~~~~~~~~~~~~~~~~~~~~~~~~~~~~~~~~~~~~~~~~~~~~~~~~~~~~~~~~~~~~~~~~
BEFORE getting cat idx
Nominal Index : None
Ordinal Index : [1, 2, 3]
Cat Idx : [1, 2, 3]
Cat dims : []
~~~~~~~~~~~~~~~~~~~~~~~~~~~~~~~~~~~~~~~~~~~~~~~~~~~~~~~~~~~~~~~~~~~~~~~~~~~~~~~ 


AFTER SEPARATING CATEGORICALS AND NUMERICALS
Ordinal Index : [1, 2, 3]
Numerical Index V1 : [0, 4, 5, 6, 7, 8]
Cat Idx V1 : [1, 2, 3] 
Cat Dims V1 : []
 

~~~~~~~~~~~~~~~~~~~~~~~~~~~~~~~~~~~~~~~~~~~~~~~~~~~~~~~~~~~~~~~~~~~~~~~~~~~~~~~ 


Scaling the data...
~~~~~~~~~~~~~~~~~~~~~~~~~~~~~~~~~~~~~~~~~~~~~~~~~~~~~~~~~~~~~~~~~~~~~~~~~~~~~~~
After OHE
Numerical Index V2 : [0, 4, 5, 6, 7, 8] 


OHE Idx : None


Ordinal Idx V2: [1, 2, 3]


Cat Dims V2 : []
Cat Idx V2 : [1, 2, 3] 
 

Train: [[-0.6124157297795658 'Ideal' 'F' 'VS2' -0.7889824511638072]
 [0.25202151655447264 'Good' 'E' 'SI2' 0.03902758625068568]
 [-0.04315217731568686 'Very Good' 'G' 'SI1' 0.8670376236651834]
 [-1.034092435308365 'Ideal' 'H' 'VS2' 0.3150309320555215]
 [-0.5280803886738059 'Good' 'H' 'SI1' 1.2810426423724321]
 [-0.0853198478685668 'Good' 'D' 'VS2' 1.2120418059212232]
 [0.7369497279125914 'Ideal' 'E' 'VS2' -0.23697575955414527]
 [-0.14857135369788674 'Very Good' 'I' 'VS1' 0.4530326049579345]
 [-1.034092435308365 'Premium' 'D' 'IF' -1.064985796968638]
 [-0.04315217731568686 'Ideal' 'F' 'VS2' -0.9269841240662251]] 
 
 
Val : (17261, 9) 
 

~~~~~~~~~~~~~~~~~~~~~~~~~~~~~~~~~~~~~~~~~~~~~~~~~~~~~~~~~~~~~~~~~~~~~~~~~~~~~~~
Ordinal Encoding...
Cat Idx V3 : [1, 2, 3] 
 

~~~~~~~~~~~~~~~~~~~~~~~~~~~~~~~~~~~~~~~~~~~~~~~~~~~~~~~~~~~~~~~~~~~~~~~~~~~~~~~
After ORDINAL
Numerical Index V2 : [0, 4, 5, 6, 7, 8] 


OHE Idx : None


Ordinal Idx V2: [1, 2, 3]


Cat Dims V2 : [6, 8, 9]
Cat Idx V2 : [1, 2, 3] 
 

Train: [[-0.6124157297795658 5 5 4 -0.7889824511638072 -0.6615331985124372
  -0.4898858731758127 -0.4793762080994451 -0.5547921263906226]
 [0.25202151655447264 2 6 2 0.03902758625068568 0.6876768629519923
  0.3321399043792453 0.37161240867799233 0.3521098845855839]
 [-0.04315217731568686 3 4 3 0.8670376236651834 0.23794017579718246
  0.07302308319341175 0.09629256207352735 0.18721860986263764]
 [-1.034092435308365 5 3 4 0.3150309320555215 -1.111269885667247
  -1.2046908971367334 -1.1551612861285858 -1.131911587920936]
 [-0.5280803886738059 2 3 3 1.2810426423724321 -1.111269885667247
  -0.4988209359753248 -0.42931805417136015 -0.32119615386644823]
 [-0.0853198478685668 2 7 4 1.2120418059212232 -1.111269885667247
  0.06408802039389964 0.08794953641884602 0.21470048898312877]
 [0.7369497279125914 5 6 4 -0.23697575955414527 -0.21179651135762734
  0.8861137979489585 0.8471648709947949 0.8193018296339327]
 [-0.14857135369788674 3 2 5 0.4530326049579345 -0.6615331985124372
  -0.016327544801703734 0.012862305526719348 0.049809214260181915]
 [-1.034092435308365 4 7 8 -1.064985796968638 0.6876768629519923
  -1.1778857087381986 -1.1301322091645443 -1.2280981648426552]
 [-0.04315217731568686 5 5 4 -0.9269841240662251 0.23794017579718246
  0.23385421358461853 0.17137979296565403 0.09103203294091833]] 
 
 
Val : (17261, 9) 
 

FINISHED ENCODING
~~~~~~~~~~~~~~~~~~~~~~~~~~~~~~~~~~~~~~~~~~~~~~~~~~~~~~~~~~~~~~~~~~~~~~~~~~~~~~~


~~~~~~~~~~~~~~~~~~~~~~~~~~~~~~~~~~~~~~~~~~~~~~~~~~~~~~~~~~~~~~~~~~~~~~~~~~~~~~~
Test numpy array issues
X dtype: object
X Val dtype: object
X dtype: float32
X Val dtype: float32
After Debugging -- Inner Fold 5
DEBUG Inner Fold 5: num_features: 9
DEBUG Inner Fold 5: num_classes: 1
DEBUG Inner Fold 5: cat_idx: [1, 2, 3]
DEBUG Inner Fold 5: nominal_idx: None
DEBUG Inner Fold 5: ordinal_idx: [1, 2, 3]
DEBUG Inner Fold 5: num_idx: [0, 4, 5, 6, 7, 8]
DEBUG Inner Fold 5: cat_dims: [6, 8, 9]
DEBUG Inner Fold 5: bin_alt: None
In get_device
On Device: cuda
**** Data b4 Fitting ****
Train Data b4 training...
X: <class 'numpy.ndarray'> , y : (<class 'numpy.ndarray'>,), X_val: <class 'numpy.ndarray'> , y : <class 'numpy.ndarray'>

Train Data after...
X: <class 'torch.Tensor'> , y : (<class 'torch.Tensor'>,), X_val: <class 'torch.Tensor'> , y : <class 'torch.Tensor'>

Inner Fold 5 Results: {'MSE - mean': 27595057.3422864, 'MSE - std': 867555.9471050124, 'R2 - mean': -0.7341910665732749, 'R2 - std': 0.007213063344588797}
Trial Results B4 Saving: {'MSE - mean': 27595057.3422864, 'MSE - std': 867555.9471050124, 'R2 - mean': -0.7341910665732749, 'R2 - std': 0.007213063344588797}
Score: 27595057.3422864
  outer_5_inner Fold 1/5
Before Debugging -- Inner Fold 1
DEBUG Inner Fold 1: num_features: 9
DEBUG Inner Fold 1: num_classes: 1
DEBUG Inner Fold 1: cat_idx: [0]
DEBUG Inner Fold 1: nominal_idx: None
DEBUG Inner Fold 1: ordinal_idx: [1, 2, 3]
DEBUG Inner Fold 1: num_idx: None
DEBUG Inner Fold 1: cat_dims: [2]
DEBUG Inner Fold 1: bin_alt: None
~~~~~~~~~~~~~~~~~~~~~~~~~~~~~~~~~~~~~~~~~~~~~~~~~~~~~~~~~~~~~~~~~~~~~~~~~~~~~~~
BEFORE ANY ENCODING
num_features :9
num_classes : 1
cat_idx : [0]
nominal_idx : None
ordinal_idx : [1, 2, 3]
num_idx : None
cat_dims : [2]
bin_alt : None 


X_train shape : (17260, 9)
~~~~~~~~~~~~~~~~~~~~~~~~~~~~~~~~~~~~~~~~~~~~~~~~~~~~~~~~~~~~~~~~~~~~~~~~~~~~~~~
~~~~~~~~~~~~~~~~~~~~~~~~~~~~~~~~~~~~~~~~~~~~~~~~~~~~~~~~~~~~~~~~~~~~~~~~~~~~~~~
AFTER getting cat idx
Nominal Index : None
Ordinal Index : [1, 2, 3]
Cat Idx : [0]
Cat dims : [2]
~~~~~~~~~~~~~~~~~~~~~~~~~~~~~~~~~~~~~~~~~~~~~~~~~~~~~~~~~~~~~~~~~~~~~~~~~~~~~~~
BEFORE getting cat idx
Nominal Index : None
Ordinal Index : [1, 2, 3]
Cat Idx : [1, 2, 3]
Cat dims : []
~~~~~~~~~~~~~~~~~~~~~~~~~~~~~~~~~~~~~~~~~~~~~~~~~~~~~~~~~~~~~~~~~~~~~~~~~~~~~~~ 


AFTER SEPARATING CATEGORICALS AND NUMERICALS
Ordinal Index : [1, 2, 3]
Numerical Index V1 : [0, 4, 5, 6, 7, 8]
Cat Idx V1 : [1, 2, 3] 
Cat Dims V1 : []
 

~~~~~~~~~~~~~~~~~~~~~~~~~~~~~~~~~~~~~~~~~~~~~~~~~~~~~~~~~~~~~~~~~~~~~~~~~~~~~~~ 


Scaling the data...
~~~~~~~~~~~~~~~~~~~~~~~~~~~~~~~~~~~~~~~~~~~~~~~~~~~~~~~~~~~~~~~~~~~~~~~~~~~~~~~
After OHE
Numerical Index V2 : [0, 4, 5, 6, 7, 8] 


OHE Idx : None


Ordinal Idx V2: [1, 2, 3]


Cat Dims V2 : []
Cat Idx V2 : [1, 2, 3] 
 

Train: [[0.45969704050202614 'Premium' 'F' 'VS1' 0.10607409954764287]
 [-0.21423325561359347 'Good' 'H' 'VVS2' 0.24357092341398656]
 [0.017430283676150928 'Good' 'G' 'SI2' -0.5126616078508939]
 [0.24909382296589508 'Good' 'E' 'SI2' 0.03732568761447103]
 [0.438636718748413 'Premium' 'E' 'VS1' -0.6501584317172376]
 [-0.04575068158468845 'Very Good' 'G' 'SI1' 0.8623066308125233]
 [-0.5301380819177899 'Good' 'H' 'SI1' 1.2747971024115494]
 [-0.19317293385998033 'Premium' 'D' 'VS1' -2.506365553912848]
 [-0.0878713250919147 'Good' 'D' 'VS2' 1.2060486904783776]
 [-0.6354396906858555 'Very Good' 'G' 'SI1' -1.6813846107148005]] 
 
 
Val : (17260, 9) 
 

~~~~~~~~~~~~~~~~~~~~~~~~~~~~~~~~~~~~~~~~~~~~~~~~~~~~~~~~~~~~~~~~~~~~~~~~~~~~~~~
Ordinal Encoding...
Cat Idx V3 : [1, 2, 3] 
 

~~~~~~~~~~~~~~~~~~~~~~~~~~~~~~~~~~~~~~~~~~~~~~~~~~~~~~~~~~~~~~~~~~~~~~~~~~~~~~~
After ORDINAL
Numerical Index V2 : [0, 4, 5, 6, 7, 8] 


OHE Idx : None


Ordinal Idx V2: [1, 2, 3]


Cat Dims V2 : [6, 8, 9]
Cat Idx V2 : [1, 2, 3] 
 

Train: [[0.45969704050202614 4 5 5 0.10607409954764287 0.2335378194767114
  0.6329606885984675 0.6272292942668771 0.6697299724510806]
 [-0.21423325561359347 2 3 6 0.24357092341398656 2.921944638543641
  -0.10889769313910021 -0.08184651701284319 -0.06417796739309398]
 [0.017430283676150928 2 4 2 -0.5126616078508939 1.577741229010176
  0.17711999620550445 0.20178380749904493 0.13728695727001303]
 [0.24909382296589508 2 6 2 0.03732568761447103 0.681605622654533
  0.3290668936698255 0.36862517485897933 0.36753258545642037]
 [0.438636718748413 4 6 5 -0.6501584317172376 0.681605622654533
  0.6418987413904862 0.5604927473229033 0.5402168065962264]
 [-0.04575068158468845 3 4 3 0.8623066308125233 0.2335378194767114
  0.06986336270127771 0.09333691871508776 0.194848364316615]
 [-0.5301380819177899 2 3 3 1.2747971024115494 -1.1106655900567532
  -0.5021720159879316 -0.43221338846870505 -0.33759465086445317]
 [-0.19317293385998033 4 7 5 -2.506365553912848 2.025809032187998
  0.13242973224540938 0.07665278197909395 -0.19369113324794815]
 [-0.0878713250919147 2 7 4 1.2060486904783776 -1.1106655900567532
  0.06092530990925822 0.08499485034709048 0.223629067839916]
 [-0.6354396906858555 3 4 3 -1.6813846107148005 0.2335378194767114
  -0.4932339631959121 -0.42387132010070855 -0.6541823896207641]] 
 
 
Val : (17260, 9) 
 

FINISHED ENCODING
~~~~~~~~~~~~~~~~~~~~~~~~~~~~~~~~~~~~~~~~~~~~~~~~~~~~~~~~~~~~~~~~~~~~~~~~~~~~~~~


~~~~~~~~~~~~~~~~~~~~~~~~~~~~~~~~~~~~~~~~~~~~~~~~~~~~~~~~~~~~~~~~~~~~~~~~~~~~~~~
Test numpy array issues
X dtype: object
X Val dtype: object
X dtype: float32
X Val dtype: float32
After Debugging -- Inner Fold 1
DEBUG Inner Fold 1: num_features: 9
DEBUG Inner Fold 1: num_classes: 1
DEBUG Inner Fold 1: cat_idx: [1, 2, 3]
DEBUG Inner Fold 1: nominal_idx: None
DEBUG Inner Fold 1: ordinal_idx: [1, 2, 3]
DEBUG Inner Fold 1: num_idx: [0, 4, 5, 6, 7, 8]
DEBUG Inner Fold 1: cat_dims: [6, 8, 9]
DEBUG Inner Fold 1: bin_alt: None
In get_device
On Device: cuda
**** Data b4 Fitting ****
Train Data b4 training...
X: <class 'numpy.ndarray'> , y : (<class 'numpy.ndarray'>,), X_val: <class 'numpy.ndarray'> , y : <class 'numpy.ndarray'>

Train Data after...
X: <class 'torch.Tensor'> , y : (<class 'torch.Tensor'>,), X_val: <class 'torch.Tensor'> , y : <class 'torch.Tensor'>

Inner Fold 1 Results: {'MSE - mean': 31366705.191475533, 'MSE - std': 0.0, 'R2 - mean': -0.9696297138333543, 'R2 - std': 0.0}
  outer_5_inner Fold 2/5
Before Debugging -- Inner Fold 2
DEBUG Inner Fold 2: num_features: 9
DEBUG Inner Fold 2: num_classes: 1
DEBUG Inner Fold 2: cat_idx: [0]
DEBUG Inner Fold 2: nominal_idx: None
DEBUG Inner Fold 2: ordinal_idx: [1, 2, 3]
DEBUG Inner Fold 2: num_idx: None
DEBUG Inner Fold 2: cat_dims: [2]
DEBUG Inner Fold 2: bin_alt: None
~~~~~~~~~~~~~~~~~~~~~~~~~~~~~~~~~~~~~~~~~~~~~~~~~~~~~~~~~~~~~~~~~~~~~~~~~~~~~~~
BEFORE ANY ENCODING
num_features :9
num_classes : 1
cat_idx : [0]
nominal_idx : None
ordinal_idx : [1, 2, 3]
num_idx : None
cat_dims : [2]
bin_alt : None 


X_train shape : (17261, 9)
~~~~~~~~~~~~~~~~~~~~~~~~~~~~~~~~~~~~~~~~~~~~~~~~~~~~~~~~~~~~~~~~~~~~~~~~~~~~~~~
~~~~~~~~~~~~~~~~~~~~~~~~~~~~~~~~~~~~~~~~~~~~~~~~~~~~~~~~~~~~~~~~~~~~~~~~~~~~~~~
AFTER getting cat idx
Nominal Index : None
Ordinal Index : [1, 2, 3]
Cat Idx : [0]
Cat dims : [2]
~~~~~~~~~~~~~~~~~~~~~~~~~~~~~~~~~~~~~~~~~~~~~~~~~~~~~~~~~~~~~~~~~~~~~~~~~~~~~~~
BEFORE getting cat idx
Nominal Index : None
Ordinal Index : [1, 2, 3]
Cat Idx : [1, 2, 3]
Cat dims : []
~~~~~~~~~~~~~~~~~~~~~~~~~~~~~~~~~~~~~~~~~~~~~~~~~~~~~~~~~~~~~~~~~~~~~~~~~~~~~~~ 


AFTER SEPARATING CATEGORICALS AND NUMERICALS
Ordinal Index : [1, 2, 3]
Numerical Index V1 : [0, 4, 5, 6, 7, 8]
Cat Idx V1 : [1, 2, 3] 
Cat Dims V1 : []
 

~~~~~~~~~~~~~~~~~~~~~~~~~~~~~~~~~~~~~~~~~~~~~~~~~~~~~~~~~~~~~~~~~~~~~~~~~~~~~~~ 


Scaling the data...
~~~~~~~~~~~~~~~~~~~~~~~~~~~~~~~~~~~~~~~~~~~~~~~~~~~~~~~~~~~~~~~~~~~~~~~~~~~~~~~
After OHE
Numerical Index V2 : [0, 4, 5, 6, 7, 8] 


OHE Idx : None


Ordinal Idx V2: [1, 2, 3]


Cat Dims V2 : []
Cat Idx V2 : [1, 2, 3] 
 

Train: [[0.46211154148056705 'Premium' 'F' 'VS1' 0.10862096508842112]
 [-0.21258787265656273 'Good' 'H' 'VVS2' 0.24665427719850883]
 [-0.6131906498004833 'Ideal' 'F' 'VS2' -0.7885955636271343]
 [0.019340050953075796 'Good' 'G' 'SI2' -0.5125289394069638]
 [0.4410271847887817 'Premium' 'E' 'VS1' -0.6505622515170515]
 [-0.04391301912228016 'Very Good' 'G' 'SI1' 0.8678041816938937]
 [-1.0348777836361893 'Ideal' 'H' 'VS2' 0.31567093325355267]
 [-0.1915035159647774 'Premium' 'D' 'VS1' -2.5140119650032062]
 [-0.08608173250585081 'Good' 'D' 'VS2' 1.2128874619691081]
 [-0.6342750064922686 'Very Good' 'G' 'SI1' -1.6858120923426947]] 
 
 
Val : (17261, 9) 
 

~~~~~~~~~~~~~~~~~~~~~~~~~~~~~~~~~~~~~~~~~~~~~~~~~~~~~~~~~~~~~~~~~~~~~~~~~~~~~~~
Ordinal Encoding...
Cat Idx V3 : [1, 2, 3] 
 

~~~~~~~~~~~~~~~~~~~~~~~~~~~~~~~~~~~~~~~~~~~~~~~~~~~~~~~~~~~~~~~~~~~~~~~~~~~~~~~
After ORDINAL
Numerical Index V2 : [0, 4, 5, 6, 7, 8] 


OHE Idx : None


Ordinal Idx V2: [1, 2, 3]


Cat Dims V2 : [6, 8, 9]
Cat Idx V2 : [1, 2, 3] 
 

Train: [[0.46211154148056705 4 5 5 0.10862096508842112 0.23648300699472372
  0.6353065985709246 0.6712306261392791 0.64016513769008]
 [-0.21258787265656273 2 3 6 0.24665427719850883 2.926330468051674
  -0.10617236505363199 -0.08178159723067265 -0.060609088441443415]
 [-0.6131906498004833 5 5 4 -0.7885955636271343 -0.660132813357593
  -0.4903120691000888 -0.5070120292513518 -0.5552732480636953]
 [0.019340050953075796 2 4 2 -0.5125289394069638 1.5814067375231988
  0.17969904260884792 0.21942329211730807 0.1317603069672103]
 [0.4410271847887817 4 6 5 -0.6505622515170515 0.684790917170882
  0.6442400800603769 0.6003588874691659 0.5164990977845172]
 [-0.04391301912228016 3 4 3 0.8678041816938937 0.23648300699472372
  0.07249726473541794 0.10425671677837431 0.1867229913696828]
 [-1.0348777836361893 5 3 4 0.31567093325355267 -1.1084407235337514
  -1.2049905882562886 -1.224588383286247 -1.1323814342896559]
 [-0.1915035159647774 4 7 5 -2.5140119650032062 2.029714647699357
  0.13503163516158484 0.08653878211084562 -0.1842751283470062]
 [-0.08608173250585081 2 7 4 1.2128874619691081 -1.1084407235337514
  0.06356378324596486 0.09539774944460958 0.21420433357091906]
 [-0.6342750064922686 3 4 3 -1.6858120923426947 0.23648300699472372
  -0.4903120691000888 -0.4449992579150026 -0.6239766035667862]] 
 
 
Val : (17261, 9) 
 

FINISHED ENCODING
~~~~~~~~~~~~~~~~~~~~~~~~~~~~~~~~~~~~~~~~~~~~~~~~~~~~~~~~~~~~~~~~~~~~~~~~~~~~~~~


~~~~~~~~~~~~~~~~~~~~~~~~~~~~~~~~~~~~~~~~~~~~~~~~~~~~~~~~~~~~~~~~~~~~~~~~~~~~~~~
Test numpy array issues
X dtype: object
X Val dtype: object
X dtype: float32
X Val dtype: float32
After Debugging -- Inner Fold 2
DEBUG Inner Fold 2: num_features: 9
DEBUG Inner Fold 2: num_classes: 1
DEBUG Inner Fold 2: cat_idx: [1, 2, 3]
DEBUG Inner Fold 2: nominal_idx: None
DEBUG Inner Fold 2: ordinal_idx: [1, 2, 3]
DEBUG Inner Fold 2: num_idx: [0, 4, 5, 6, 7, 8]
DEBUG Inner Fold 2: cat_dims: [6, 8, 9]
DEBUG Inner Fold 2: bin_alt: None
In get_device
On Device: cuda
**** Data b4 Fitting ****
Train Data b4 training...
X: <class 'numpy.ndarray'> , y : (<class 'numpy.ndarray'>,), X_val: <class 'numpy.ndarray'> , y : <class 'numpy.ndarray'>

Train Data after...
X: <class 'torch.Tensor'> , y : (<class 'torch.Tensor'>,), X_val: <class 'torch.Tensor'> , y : <class 'torch.Tensor'>

Inner Fold 2 Results: {'MSE - mean': 31264443.646016516, 'MSE - std': 102261.54545901716, 'R2 - mean': -0.9746146035879116, 'R2 - std': 0.004984889754557353}
  outer_5_inner Fold 3/5
Before Debugging -- Inner Fold 3
DEBUG Inner Fold 3: num_features: 9
DEBUG Inner Fold 3: num_classes: 1
DEBUG Inner Fold 3: cat_idx: [0]
DEBUG Inner Fold 3: nominal_idx: None
DEBUG Inner Fold 3: ordinal_idx: [1, 2, 3]
DEBUG Inner Fold 3: num_idx: None
DEBUG Inner Fold 3: cat_dims: [2]
DEBUG Inner Fold 3: bin_alt: None
~~~~~~~~~~~~~~~~~~~~~~~~~~~~~~~~~~~~~~~~~~~~~~~~~~~~~~~~~~~~~~~~~~~~~~~~~~~~~~~
BEFORE ANY ENCODING
num_features :9
num_classes : 1
cat_idx : [0]
nominal_idx : None
ordinal_idx : [1, 2, 3]
num_idx : None
cat_dims : [2]
bin_alt : None 


X_train shape : (17261, 9)
~~~~~~~~~~~~~~~~~~~~~~~~~~~~~~~~~~~~~~~~~~~~~~~~~~~~~~~~~~~~~~~~~~~~~~~~~~~~~~~
~~~~~~~~~~~~~~~~~~~~~~~~~~~~~~~~~~~~~~~~~~~~~~~~~~~~~~~~~~~~~~~~~~~~~~~~~~~~~~~
AFTER getting cat idx
Nominal Index : None
Ordinal Index : [1, 2, 3]
Cat Idx : [0]
Cat dims : [2]
~~~~~~~~~~~~~~~~~~~~~~~~~~~~~~~~~~~~~~~~~~~~~~~~~~~~~~~~~~~~~~~~~~~~~~~~~~~~~~~
BEFORE getting cat idx
Nominal Index : None
Ordinal Index : [1, 2, 3]
Cat Idx : [1, 2, 3]
Cat dims : []
~~~~~~~~~~~~~~~~~~~~~~~~~~~~~~~~~~~~~~~~~~~~~~~~~~~~~~~~~~~~~~~~~~~~~~~~~~~~~~~ 


AFTER SEPARATING CATEGORICALS AND NUMERICALS
Ordinal Index : [1, 2, 3]
Numerical Index V1 : [0, 4, 5, 6, 7, 8]
Cat Idx V1 : [1, 2, 3] 
Cat Dims V1 : []
 

~~~~~~~~~~~~~~~~~~~~~~~~~~~~~~~~~~~~~~~~~~~~~~~~~~~~~~~~~~~~~~~~~~~~~~~~~~~~~~~ 


Scaling the data...
~~~~~~~~~~~~~~~~~~~~~~~~~~~~~~~~~~~~~~~~~~~~~~~~~~~~~~~~~~~~~~~~~~~~~~~~~~~~~~~
After OHE
Numerical Index V2 : [0, 4, 5, 6, 7, 8] 


OHE Idx : None


Ordinal Idx V2: [1, 2, 3]


Cat Dims V2 : []
Cat Idx V2 : [1, 2, 3] 
 

Train: [[0.4607056057947172 'Premium' 'F' 'VS1' 0.11394918249533156]
 [-0.2147675110231812 'Good' 'H' 'VVS2' 0.25175803441699385]
 [-0.6158296741338082 'Ideal' 'F' 'VS2' -0.7818083549954588]
 [0.017426372882971525 'Good' 'G' 'SI2' -0.506190651152139]
 [0.24962025678912403 'Good' 'E' 'SI2' 0.04504475653450041]
 [0.43959707089415784 'Premium' 'E' 'VS1' -0.6439995030738014]
 [-0.04589923181870649 'Very Good' 'G' 'SI1' 0.8718978680644645]
 [-1.0380003721449946 'Ideal' 'H' 'VS2' 0.32066246037782503]
 [-0.5313955345315708 'Good' 'H' 'SI1' 1.2853244238294466]
 [-0.19365897612262187 'Premium' 'D' 'VS1' -2.504419004016213]] 
 
 
Val : (17261, 9) 
 

~~~~~~~~~~~~~~~~~~~~~~~~~~~~~~~~~~~~~~~~~~~~~~~~~~~~~~~~~~~~~~~~~~~~~~~~~~~~~~~
Ordinal Encoding...
Cat Idx V3 : [1, 2, 3] 
 

~~~~~~~~~~~~~~~~~~~~~~~~~~~~~~~~~~~~~~~~~~~~~~~~~~~~~~~~~~~~~~~~~~~~~~~~~~~~~~~
After ORDINAL
Numerical Index V2 : [0, 4, 5, 6, 7, 8] 


OHE Idx : None


Ordinal Idx V2: [1, 2, 3]


Cat Dims V2 : [6, 8, 9]
Cat Idx V2 : [1, 2, 3] 
 

Train: [[0.4607056057947172 4 5 5 0.11394918249533156 0.22922658535970966
  0.6324150125139028 0.6366652897458769 0.6382938499010384]
 [-0.2147675110231812 2 3 6 0.25175803441699385 2.919168292839547
  -0.10929519636235105 -0.0823493892210175 -0.06306581041424879]
 [-0.6158296741338082 5 5 4 -0.7818083549954588 -0.6674206504669028
  -0.4935547021657112 -0.48838120793173484 -0.558143217695628]
 [0.017426372882971525 2 4 2 -0.506190651152139 1.5741974390996283
  0.17666536609596392 0.20525648236574023 0.12946429241739893]
 [0.24962025678912403 2 6 2 0.04504475653450041 0.6775502032730158
  0.32858191490194355 0.3744364068285391 0.3494986956535671]
 [0.43959707089415784 4 6 5 -0.6439995030738014 0.6775502032730158
  0.641351280090725 0.5689933199607573 0.5145244980806938]
 [-0.04589923181870649 3 4 3 0.8718978680644645 0.22922658535970966
  0.0694301551740958 0.09528953146492114 0.18447289322644111]
 [-1.0380003721449946 5 3 4 0.32066246037782503 -1.115744268380209
  -1.2084561083114986 -1.1735599020060694 -1.1357335261905706]
 [-0.5313955345315708 2 3 3 1.2853244238294466 -1.115744268380209
  -0.5024909697425342 -0.4376272305928948 -0.32435666425719895]
 [-0.19365897612262187 4 7 5 -2.504419004016213 2.0225210570129346
  0.13198402821185162 0.07837153901864088 -0.18683516223459345]] 
 
 
Val : (17261, 9) 
 

FINISHED ENCODING
~~~~~~~~~~~~~~~~~~~~~~~~~~~~~~~~~~~~~~~~~~~~~~~~~~~~~~~~~~~~~~~~~~~~~~~~~~~~~~~


~~~~~~~~~~~~~~~~~~~~~~~~~~~~~~~~~~~~~~~~~~~~~~~~~~~~~~~~~~~~~~~~~~~~~~~~~~~~~~~
Test numpy array issues
X dtype: object
X Val dtype: object
X dtype: float32
X Val dtype: float32
After Debugging -- Inner Fold 3
DEBUG Inner Fold 3: num_features: 9
DEBUG Inner Fold 3: num_classes: 1
DEBUG Inner Fold 3: cat_idx: [1, 2, 3]
DEBUG Inner Fold 3: nominal_idx: None
DEBUG Inner Fold 3: ordinal_idx: [1, 2, 3]
DEBUG Inner Fold 3: num_idx: [0, 4, 5, 6, 7, 8]
DEBUG Inner Fold 3: cat_dims: [6, 8, 9]
DEBUG Inner Fold 3: bin_alt: None
In get_device
On Device: cuda
**** Data b4 Fitting ****
Train Data b4 training...
X: <class 'numpy.ndarray'> , y : (<class 'numpy.ndarray'>,), X_val: <class 'numpy.ndarray'> , y : <class 'numpy.ndarray'>

Train Data after...
X: <class 'torch.Tensor'> , y : (<class 'torch.Tensor'>,), X_val: <class 'torch.Tensor'> , y : <class 'torch.Tensor'>

Inner Fold 3 Results: {'MSE - mean': 30853900.778058853, 'MSE - std': 586568.4177044076, 'R2 - mean': -0.9757849805666495, 'R2 - std': 0.00439381934708055}
  outer_5_inner Fold 4/5
Before Debugging -- Inner Fold 4
DEBUG Inner Fold 4: num_features: 9
DEBUG Inner Fold 4: num_classes: 1
DEBUG Inner Fold 4: cat_idx: [0]
DEBUG Inner Fold 4: nominal_idx: None
DEBUG Inner Fold 4: ordinal_idx: [1, 2, 3]
DEBUG Inner Fold 4: num_idx: None
DEBUG Inner Fold 4: cat_dims: [2]
DEBUG Inner Fold 4: bin_alt: None
~~~~~~~~~~~~~~~~~~~~~~~~~~~~~~~~~~~~~~~~~~~~~~~~~~~~~~~~~~~~~~~~~~~~~~~~~~~~~~~
BEFORE ANY ENCODING
num_features :9
num_classes : 1
cat_idx : [0]
nominal_idx : None
ordinal_idx : [1, 2, 3]
num_idx : None
cat_dims : [2]
bin_alt : None 


X_train shape : (17261, 9)
~~~~~~~~~~~~~~~~~~~~~~~~~~~~~~~~~~~~~~~~~~~~~~~~~~~~~~~~~~~~~~~~~~~~~~~~~~~~~~~
~~~~~~~~~~~~~~~~~~~~~~~~~~~~~~~~~~~~~~~~~~~~~~~~~~~~~~~~~~~~~~~~~~~~~~~~~~~~~~~
AFTER getting cat idx
Nominal Index : None
Ordinal Index : [1, 2, 3]
Cat Idx : [0]
Cat dims : [2]
~~~~~~~~~~~~~~~~~~~~~~~~~~~~~~~~~~~~~~~~~~~~~~~~~~~~~~~~~~~~~~~~~~~~~~~~~~~~~~~
BEFORE getting cat idx
Nominal Index : None
Ordinal Index : [1, 2, 3]
Cat Idx : [1, 2, 3]
Cat dims : []
~~~~~~~~~~~~~~~~~~~~~~~~~~~~~~~~~~~~~~~~~~~~~~~~~~~~~~~~~~~~~~~~~~~~~~~~~~~~~~~ 


AFTER SEPARATING CATEGORICALS AND NUMERICALS
Ordinal Index : [1, 2, 3]
Numerical Index V1 : [0, 4, 5, 6, 7, 8]
Cat Idx V1 : [1, 2, 3] 
Cat Dims V1 : []
 

~~~~~~~~~~~~~~~~~~~~~~~~~~~~~~~~~~~~~~~~~~~~~~~~~~~~~~~~~~~~~~~~~~~~~~~~~~~~~~~ 


Scaling the data...
~~~~~~~~~~~~~~~~~~~~~~~~~~~~~~~~~~~~~~~~~~~~~~~~~~~~~~~~~~~~~~~~~~~~~~~~~~~~~~~
After OHE
Numerical Index V2 : [0, 4, 5, 6, 7, 8] 


OHE Idx : None


Ordinal Idx V2: [1, 2, 3]


Cat Dims V2 : []
Cat Idx V2 : [1, 2, 3] 
 

Train: [[0.4731554902504729 'Premium' 'F' 'VS1' 0.10778048210080737]
 [-0.2046960723084143 'Good' 'H' 'VVS2' 0.2445041465045759]
 [-0.6071704375777534 'Ideal' 'F' 'VS2' -0.7809233365236734]
 [0.02831540232120332 'Good' 'G' 'SI2' -0.5074760077161412]
 [0.2613268769508207 'Good' 'E' 'SI2' 0.03941864989892311]
 [0.4519726289205076 'Premium' 'E' 'VS1' -0.6441996721199098]
 [-1.0308276641770577 'Ideal' 'H' 'VS2' 0.31286597870646016]
 [-0.5224389922578924 'Good' 'H' 'SI1' 1.2699316295328251]
 [-0.18351321097844905 'Premium' 'D' 'VS1' -2.4899691415707554]
 [-0.6283532989077186 'Very Good' 'G' 'SI1' -1.6696271551481592]] 
 
 
Val : (17261, 9) 
 

~~~~~~~~~~~~~~~~~~~~~~~~~~~~~~~~~~~~~~~~~~~~~~~~~~~~~~~~~~~~~~~~~~~~~~~~~~~~~~~
Ordinal Encoding...
Cat Idx V3 : [1, 2, 3] 
 

~~~~~~~~~~~~~~~~~~~~~~~~~~~~~~~~~~~~~~~~~~~~~~~~~~~~~~~~~~~~~~~~~~~~~~~~~~~~~~~
After ORDINAL
Numerical Index V2 : [0, 4, 5, 6, 7, 8] 


OHE Idx : None


Ordinal Idx V2: [1, 2, 3]


Cat Dims V2 : [6, 8, 9]
Cat Idx V2 : [1, 2, 3] 
 

Train: [[0.4731554902504729 4 5 5 0.10778048210080737 0.23192279435700777
  0.6446357847439013 0.6381538711764909 0.6495490981793045]
 [-0.2046960723084143 2 3 6 0.2445041465045759 2.9241279682431625
  -0.09785393449760792 -0.07143879824284503 -0.05265551457683194]
 [-0.6071704375777534 5 5 4 -0.7809233365236734 -0.6654789302717105
  -0.4825172830203172 -0.47214995273847055 -0.5483293588752812]
 [0.02831540232120332 2 4 2 -0.5074760077161412 1.578025381300085
  0.18840716207743197 0.21239826952488933 0.14010653598367637]
 [0.2613268769508207 2 6 2 0.03941864989892311 0.6806236566713669
  0.34048336963292175 0.3793612505647333 0.36040602233854235]
 [0.4519726289205076 4 6 5 -0.6441996721199098 0.6806236566713669
  0.653581444011871 0.5713686787605533 0.5256306371046924]
 [-1.0308276641770577 5 3 4 0.31286597870646016 -1.1141797925860695
  -1.198170024457917 -1.1483500259498376 -1.1266155105568054]
 [-0.5224389922578924 2 3 3 1.2699316295328251 -1.1141797925860695
  -0.4914629422882878 -0.422061058426517 -0.31426115462323573]
 [-0.18351321097844905 4 7 5 -2.4899691415707554 2.026726243614444
  0.1436788657375814 0.08717603374500617 -0.17657397565144411]
 [-0.6283532989077186 3 4 3 -1.6696271551481592 0.23192279435700777
  -0.4825172830203172 -0.413712909374525 -0.6171729483611773]] 
 
 
Val : (17261, 9) 
 

FINISHED ENCODING
~~~~~~~~~~~~~~~~~~~~~~~~~~~~~~~~~~~~~~~~~~~~~~~~~~~~~~~~~~~~~~~~~~~~~~~~~~~~~~~


~~~~~~~~~~~~~~~~~~~~~~~~~~~~~~~~~~~~~~~~~~~~~~~~~~~~~~~~~~~~~~~~~~~~~~~~~~~~~~~
Test numpy array issues
X dtype: object
X Val dtype: object
X dtype: float32
X Val dtype: float32
After Debugging -- Inner Fold 4
DEBUG Inner Fold 4: num_features: 9
DEBUG Inner Fold 4: num_classes: 1
DEBUG Inner Fold 4: cat_idx: [1, 2, 3]
DEBUG Inner Fold 4: nominal_idx: None
DEBUG Inner Fold 4: ordinal_idx: [1, 2, 3]
DEBUG Inner Fold 4: num_idx: [0, 4, 5, 6, 7, 8]
DEBUG Inner Fold 4: cat_dims: [6, 8, 9]
DEBUG Inner Fold 4: bin_alt: None
In get_device
On Device: cuda
**** Data b4 Fitting ****
Train Data b4 training...
X: <class 'numpy.ndarray'> , y : (<class 'numpy.ndarray'>,), X_val: <class 'numpy.ndarray'> , y : <class 'numpy.ndarray'>

Train Data after...
X: <class 'torch.Tensor'> , y : (<class 'torch.Tensor'>,), X_val: <class 'torch.Tensor'> , y : <class 'torch.Tensor'>

Inner Fold 4 Results: {'MSE - mean': 31426425.40864054, 'MSE - std': 1114181.421203161, 'R2 - mean': -0.9779037473497978, 'R2 - std': 0.005286468990281059}
  outer_5_inner Fold 5/5
Before Debugging -- Inner Fold 5
DEBUG Inner Fold 5: num_features: 9
DEBUG Inner Fold 5: num_classes: 1
DEBUG Inner Fold 5: cat_idx: [0]
DEBUG Inner Fold 5: nominal_idx: None
DEBUG Inner Fold 5: ordinal_idx: [1, 2, 3]
DEBUG Inner Fold 5: num_idx: None
DEBUG Inner Fold 5: cat_dims: [2]
DEBUG Inner Fold 5: bin_alt: None
~~~~~~~~~~~~~~~~~~~~~~~~~~~~~~~~~~~~~~~~~~~~~~~~~~~~~~~~~~~~~~~~~~~~~~~~~~~~~~~
BEFORE ANY ENCODING
num_features :9
num_classes : 1
cat_idx : [0]
nominal_idx : None
ordinal_idx : [1, 2, 3]
num_idx : None
cat_dims : [2]
bin_alt : None 


X_train shape : (17261, 9)
~~~~~~~~~~~~~~~~~~~~~~~~~~~~~~~~~~~~~~~~~~~~~~~~~~~~~~~~~~~~~~~~~~~~~~~~~~~~~~~
~~~~~~~~~~~~~~~~~~~~~~~~~~~~~~~~~~~~~~~~~~~~~~~~~~~~~~~~~~~~~~~~~~~~~~~~~~~~~~~
AFTER getting cat idx
Nominal Index : None
Ordinal Index : [1, 2, 3]
Cat Idx : [0]
Cat dims : [2]
~~~~~~~~~~~~~~~~~~~~~~~~~~~~~~~~~~~~~~~~~~~~~~~~~~~~~~~~~~~~~~~~~~~~~~~~~~~~~~~
BEFORE getting cat idx
Nominal Index : None
Ordinal Index : [1, 2, 3]
Cat Idx : [1, 2, 3]
Cat dims : []
~~~~~~~~~~~~~~~~~~~~~~~~~~~~~~~~~~~~~~~~~~~~~~~~~~~~~~~~~~~~~~~~~~~~~~~~~~~~~~~ 


AFTER SEPARATING CATEGORICALS AND NUMERICALS
Ordinal Index : [1, 2, 3]
Numerical Index V1 : [0, 4, 5, 6, 7, 8]
Cat Idx V1 : [1, 2, 3] 
Cat Dims V1 : []
 

~~~~~~~~~~~~~~~~~~~~~~~~~~~~~~~~~~~~~~~~~~~~~~~~~~~~~~~~~~~~~~~~~~~~~~~~~~~~~~~ 


Scaling the data...
~~~~~~~~~~~~~~~~~~~~~~~~~~~~~~~~~~~~~~~~~~~~~~~~~~~~~~~~~~~~~~~~~~~~~~~~~~~~~~~
After OHE
Numerical Index V2 : [0, 4, 5, 6, 7, 8] 


OHE Idx : None


Ordinal Idx V2: [1, 2, 3]


Cat Dims V2 : []
Cat Idx V2 : [1, 2, 3] 
 

Train: [[-0.6124157297795658 'Ideal' 'F' 'VS2' -0.7889824511638072]
 [0.25202151655447264 'Good' 'E' 'SI2' 0.03902758625068568]
 [-0.04315217731568686 'Very Good' 'G' 'SI1' 0.8670376236651834]
 [-1.034092435308365 'Ideal' 'H' 'VS2' 0.3150309320555215]
 [-0.5280803886738059 'Good' 'H' 'SI1' 1.2810426423724321]
 [-0.0853198478685668 'Good' 'D' 'VS2' 1.2120418059212232]
 [0.7369497279125914 'Ideal' 'E' 'VS2' -0.23697575955414527]
 [-0.14857135369788674 'Very Good' 'I' 'VS1' 0.4530326049579345]
 [-1.034092435308365 'Premium' 'D' 'IF' -1.064985796968638]
 [-0.04315217731568686 'Ideal' 'F' 'VS2' -0.9269841240662251]] 
 
 
Val : (17261, 9) 
 

~~~~~~~~~~~~~~~~~~~~~~~~~~~~~~~~~~~~~~~~~~~~~~~~~~~~~~~~~~~~~~~~~~~~~~~~~~~~~~~
Ordinal Encoding...
Cat Idx V3 : [1, 2, 3] 
 

~~~~~~~~~~~~~~~~~~~~~~~~~~~~~~~~~~~~~~~~~~~~~~~~~~~~~~~~~~~~~~~~~~~~~~~~~~~~~~~
After ORDINAL
Numerical Index V2 : [0, 4, 5, 6, 7, 8] 


OHE Idx : None


Ordinal Idx V2: [1, 2, 3]


Cat Dims V2 : [6, 8, 9]
Cat Idx V2 : [1, 2, 3] 
 

Train: [[-0.6124157297795658 5 5 4 -0.7889824511638072 -0.6615331985124372
  -0.4898858731758127 -0.4793762080994451 -0.5547921263906226]
 [0.25202151655447264 2 6 2 0.03902758625068568 0.6876768629519923
  0.3321399043792453 0.37161240867799233 0.3521098845855839]
 [-0.04315217731568686 3 4 3 0.8670376236651834 0.23794017579718246
  0.07302308319341175 0.09629256207352735 0.18721860986263764]
 [-1.034092435308365 5 3 4 0.3150309320555215 -1.111269885667247
  -1.2046908971367334 -1.1551612861285858 -1.131911587920936]
 [-0.5280803886738059 2 3 3 1.2810426423724321 -1.111269885667247
  -0.4988209359753248 -0.42931805417136015 -0.32119615386644823]
 [-0.0853198478685668 2 7 4 1.2120418059212232 -1.111269885667247
  0.06408802039389964 0.08794953641884602 0.21470048898312877]
 [0.7369497279125914 5 6 4 -0.23697575955414527 -0.21179651135762734
  0.8861137979489585 0.8471648709947949 0.8193018296339327]
 [-0.14857135369788674 3 2 5 0.4530326049579345 -0.6615331985124372
  -0.016327544801703734 0.012862305526719348 0.049809214260181915]
 [-1.034092435308365 4 7 8 -1.064985796968638 0.6876768629519923
  -1.1778857087381986 -1.1301322091645443 -1.2280981648426552]
 [-0.04315217731568686 5 5 4 -0.9269841240662251 0.23794017579718246
  0.23385421358461853 0.17137979296565403 0.09103203294091833]] 
 
 
Val : (17261, 9) 
 

FINISHED ENCODING
~~~~~~~~~~~~~~~~~~~~~~~~~~~~~~~~~~~~~~~~~~~~~~~~~~~~~~~~~~~~~~~~~~~~~~~~~~~~~~~


~~~~~~~~~~~~~~~~~~~~~~~~~~~~~~~~~~~~~~~~~~~~~~~~~~~~~~~~~~~~~~~~~~~~~~~~~~~~~~~
Test numpy array issues
X dtype: object
X Val dtype: object
X dtype: float32
X Val dtype: float32
After Debugging -- Inner Fold 5
DEBUG Inner Fold 5: num_features: 9
DEBUG Inner Fold 5: num_classes: 1
DEBUG Inner Fold 5: cat_idx: [1, 2, 3]
DEBUG Inner Fold 5: nominal_idx: None
DEBUG Inner Fold 5: ordinal_idx: [1, 2, 3]
DEBUG Inner Fold 5: num_idx: [0, 4, 5, 6, 7, 8]
DEBUG Inner Fold 5: cat_dims: [6, 8, 9]
DEBUG Inner Fold 5: bin_alt: None
In get_device
On Device: cuda
**** Data b4 Fitting ****
Train Data b4 training...
X: <class 'numpy.ndarray'> , y : (<class 'numpy.ndarray'>,), X_val: <class 'numpy.ndarray'> , y : <class 'numpy.ndarray'>

Train Data after...
X: <class 'torch.Tensor'> , y : (<class 'torch.Tensor'>,), X_val: <class 'torch.Tensor'> , y : <class 'torch.Tensor'>

Inner Fold 5 Results: {'MSE - mean': 31505524.863998573, 'MSE - std': 1009032.7481480406, 'R2 - mean': -0.9798960981933096, 'R2 - std': 0.006183465940937323}
Trial Results B4 Saving: {'MSE - mean': 31505524.863998573, 'MSE - std': 1009032.7481480406, 'R2 - mean': -0.9798960981933096, 'R2 - std': 0.006183465940937323}
Score: 31505524.863998573
Best Hyperparameters found for Outer Fold 5: {'learning_rate': 0.004275511698914001, 'weight_decay': 0.0004329156687132349}
Best Inner CV Score : 27378550.1230
Hyperparameter Optimization for Outer Fold 5 finished in 246.31 seconds.
Before Debugging -- Outer Fold 5
DEBUG Outer Fold 5: num_features: 9
DEBUG Outer Fold 5: num_classes: 1
DEBUG Outer Fold 5: cat_idx: [0]
DEBUG Outer Fold 5: nominal_idx: None
DEBUG Outer Fold 5: ordinal_idx: [1, 2, 3]
DEBUG Outer Fold 5: num_idx: None
DEBUG Outer Fold 5: cat_dims: [2]
DEBUG Outer Fold 5: bin_alt: None
~~~~~~~~~~~~~~~~~~~~~~~~~~~~~~~~~~~~~~~~~~~~~~~~~~~~~~~~~~~~~~~~~~~~~~~~~~~~~~~
BEFORE ANY ENCODING
num_features :9
num_classes : 1
cat_idx : [0]
nominal_idx : None
ordinal_idx : [1, 2, 3]
num_idx : None
cat_dims : [2]
bin_alt : None 


X_train shape : (21576, 9)
~~~~~~~~~~~~~~~~~~~~~~~~~~~~~~~~~~~~~~~~~~~~~~~~~~~~~~~~~~~~~~~~~~~~~~~~~~~~~~~
~~~~~~~~~~~~~~~~~~~~~~~~~~~~~~~~~~~~~~~~~~~~~~~~~~~~~~~~~~~~~~~~~~~~~~~~~~~~~~~
AFTER getting cat idx
Nominal Index : None
Ordinal Index : [1, 2, 3]
Cat Idx : [0]
Cat dims : [2]
~~~~~~~~~~~~~~~~~~~~~~~~~~~~~~~~~~~~~~~~~~~~~~~~~~~~~~~~~~~~~~~~~~~~~~~~~~~~~~~
BEFORE getting cat idx
Nominal Index : None
Ordinal Index : [1, 2, 3]
Cat Idx : [1, 2, 3]
Cat dims : []
~~~~~~~~~~~~~~~~~~~~~~~~~~~~~~~~~~~~~~~~~~~~~~~~~~~~~~~~~~~~~~~~~~~~~~~~~~~~~~~ 


AFTER SEPARATING CATEGORICALS AND NUMERICALS
Ordinal Index : [1, 2, 3]
Numerical Index V1 : [0, 4, 5, 6, 7, 8]
Cat Idx V1 : [1, 2, 3] 
Cat Dims V1 : []
 

~~~~~~~~~~~~~~~~~~~~~~~~~~~~~~~~~~~~~~~~~~~~~~~~~~~~~~~~~~~~~~~~~~~~~~~~~~~~~~~ 


Scaling the data...
~~~~~~~~~~~~~~~~~~~~~~~~~~~~~~~~~~~~~~~~~~~~~~~~~~~~~~~~~~~~~~~~~~~~~~~~~~~~~~~
After OHE
Numerical Index V2 : [0, 4, 5, 6, 7, 8] 


OHE Idx : None


Ordinal Idx V2: [1, 2, 3]


Cat Dims V2 : []
Cat Idx V2 : [1, 2, 3] 
 

Train: [[0.4636923109411316 'Premium' 'F' 'VS1' 0.1088869145734958]
 [-0.2116257003814734 'Good' 'H' 'VVS2' 0.2464967589921624]
 [-0.61259576960427 'Ideal' 'F' 'VS2' -0.7855770741478224]
 [0.020514866010672227 'Good' 'G' 'SI2' -0.5103573853104941]
 [0.2526554324028176 'Good' 'E' 'SI2' 0.04008199236416249]
 [0.4425886230873002 'Premium' 'E' 'VS1' -0.6479672297291608]
 [-0.04279619755082204 'Very Good' 'G' 'SI1' 0.8657410588761523]
 [-1.034669526680898 'Ideal' 'H' 'VS2' 0.3153016812014957]
 [-0.5281810181889443 'Good' 'H' 'SI1' 1.2785705921321473]
 [-0.190522012527642 'Premium' 'D' 'VS1' -2.5057001293811307]] 
 
 
Val : (21576, 9) 
 

~~~~~~~~~~~~~~~~~~~~~~~~~~~~~~~~~~~~~~~~~~~~~~~~~~~~~~~~~~~~~~~~~~~~~~~~~~~~~~~
Ordinal Encoding...
Cat Idx V3 : [1, 2, 3] 
 

~~~~~~~~~~~~~~~~~~~~~~~~~~~~~~~~~~~~~~~~~~~~~~~~~~~~~~~~~~~~~~~~~~~~~~~~~~~~~~~
After ORDINAL
Numerical Index V2 : [0, 4, 5, 6, 7, 8] 


OHE Idx : None


Ordinal Idx V2: [1, 2, 3]


Cat Dims V2 : [6, 8, 9]
Cat Idx V2 : [1, 2, 3] 
 

Train: [[0.4636923109411316 4 5 5 0.1088869145734958 0.23381856643086585
  0.6362427977204432 0.6401842420634601 0.6473724239453806]
 [-0.2116257003814734 2 3 6 0.2464967589921624 2.925564052138033
  -0.10558003943835674 -0.07920693103241674 -0.0600808331671799]
 [-0.61259576960427 5 5 4 -0.7855770741478224 -0.6634299288048565
  -0.4898978948338793 -0.4854513581924419 -0.5594596028936932]
 [0.020514866010672227 2 4 2 -0.5103573853104941 1.5796913092844496
  0.18042394597226516 0.20854953820593403 0.13412202172646442]
 [0.2526554324028176 2 6 2 0.04008199236416249 0.6824428140487271
  0.33236356322165783 0.37781804952261117 0.35606814160491446]
 [0.4425886230873002 4 6 5 -0.6479672297291608 0.6824428140487271
  0.645180422264525 0.5724768375367894 0.5225277315137524]
 [-0.04279619755082204 3 4 3 0.8657410588761523 0.23381856643086585
  0.07317245144328194 0.09852500585009408 0.18960855169607707]
 [-1.034669526680898 5 3 4 0.3153016812014957 -1.1120541764227179
  -1.204907858360434 -1.1709888290249835 -1.1420681675746256]
 [-0.5281810181889443 2 3 3 1.2785705921321473 -1.1120541764227179
  -0.49883551937796183 -0.43467080479743836 -0.3236418505228397]
 [-0.190522012527642 4 7 5 -2.5057001293811307 2.0283155569023106
  0.13573582325185488 0.08159815471842599 -0.1849255255988081]] 
 
 
Val : (21576, 9) 
 

FINISHED ENCODING
~~~~~~~~~~~~~~~~~~~~~~~~~~~~~~~~~~~~~~~~~~~~~~~~~~~~~~~~~~~~~~~~~~~~~~~~~~~~~~~


~~~~~~~~~~~~~~~~~~~~~~~~~~~~~~~~~~~~~~~~~~~~~~~~~~~~~~~~~~~~~~~~~~~~~~~~~~~~~~~
Test numpy array issues
X dtype: object
X Val dtype: object
X dtype: float32
X Val dtype: float32
After Debugging -- Outer Fold 5
DEBUG Outer Fold 5: num_features: 9
DEBUG Outer Fold 5: num_classes: 1
DEBUG Outer Fold 5: cat_idx: [1, 2, 3]
DEBUG Outer Fold 5: nominal_idx: None
DEBUG Outer Fold 5: ordinal_idx: [1, 2, 3]
DEBUG Outer Fold 5: num_idx: [0, 4, 5, 6, 7, 8]
DEBUG Outer Fold 5: cat_dims: [6, 8, 9]
DEBUG Outer Fold 5: bin_alt: None
Training final model for Outer Fold 5...
In get_device
On Device: cuda
Train Data b4 training...
X: <class 'numpy.ndarray'> , y : (<class 'numpy.ndarray'>,), X_val: <class 'numpy.ndarray'> , y : <class 'numpy.ndarray'>

Train Data after...
X: <class 'torch.Tensor'> , y : (<class 'torch.Tensor'>,), X_val: <class 'torch.Tensor'> , y : <class 'torch.Tensor'>

Evaluating final model on Outer Test Set for Fold 5...
Outer Fold 5 Results: {'MSE - mean': 25270715.120914944, 'MSE - std': 0.0, 'R2 - mean': -0.6183876178978251, 'R2 - std': 0.0}

--- Nested Cross-Validation Summary ---
Outer Fold Results :[{'MSE - mean': 28317692.921548415, 'MSE - std': 0.0, 'R2 - mean': -0.801595547413817, 'R2 - std': 0.0}, {'MSE - mean': 31150275.443412423, 'MSE - std': 0.0, 'R2 - mean': -0.9350060783532432, 'R2 - std': 0.0}, {'MSE - mean': 24230385.929218315, 'MSE - std': 0.0, 'R2 - mean': -0.4943522822828408, 'R2 - std': 0.0}, {'MSE - mean': 19716332.815560583, 'MSE - std': 0.0, 'R2 - mean': -0.26161575583949603, 'R2 - std': 0.0}, {'MSE - mean': 25270715.120914944, 'MSE - std': 0.0, 'R2 - mean': -0.6183876178978251, 'R2 - std': 0.0}]
Successful Outer Folds: [{'MSE - mean': 28317692.921548415, 'MSE - std': 0.0, 'R2 - mean': -0.801595547413817, 'R2 - std': 0.0}, {'MSE - mean': 31150275.443412423, 'MSE - std': 0.0, 'R2 - mean': -0.9350060783532432, 'R2 - std': 0.0}, {'MSE - mean': 24230385.929218315, 'MSE - std': 0.0, 'R2 - mean': -0.4943522822828408, 'R2 - std': 0.0}, {'MSE - mean': 19716332.815560583, 'MSE - std': 0.0, 'R2 - mean': -0.26161575583949603, 'R2 - std': 0.0}, {'MSE - mean': 25270715.120914944, 'MSE - std': 0.0, 'R2 - mean': -0.6183876178978251, 'R2 - std': 0.0}]
Number of Successful Outer Folds: 5/2

Aggregated Results over 5/2 Outer Folds:
  MSE - mean: 25737080.4461
  MSE - mean_std: 3865210.6758
  R2 - mean: -0.6222
  R2 - mean_std: 0.2351
Average Outer Fold Train Time: 14.5744 sec
Average Outer Fold Inference Time: 0.1239 sec
Saving model.....
Results After CV Manual: {'MSE - mean': 25737080.44613093, 'MSE - mean_std': 3865210.675804116, 'R2 - mean': -0.6221914563574444, 'R2 - mean_std': 0.23512166001508691}
Train time: 14.574359947600021
Inference time: 0.12387870740003563
Aggregated results saved.
Loss per Fold {0: [28317692.921548415, 29840684.12909754, {'learning_rate': 0.00288709999475604, 'weight_decay': 0.001225510890887893}], 1: [31150275.443412423, 30982182.037532307, {'learning_rate': 0.00112627897455268, 'weight_decay': 1.0715353343155474e-06}], 2: [24230385.929218315, 25600658.199289393, {'learning_rate': 0.005211970296231711, 'weight_decay': 1.0756377751388832e-06}], 3: [19716332.815560583, 22523281.339463316, {'learning_rate': 0.007101255154561158, 'weight_decay': 0.0009434149491471733}], 4: [25270715.120914944, 27378550.122973435, {'learning_rate': 0.004275511698914001, 'weight_decay': 0.0004329156687132349}]}

--- Nested Cross-Validation Finished ---
Aggregated Results: {'MSE - mean': 25737080.44613093, 'MSE - mean_std': 3865210.675804116, 'R2 - mean': -0.6221914563574444, 'R2 - mean_std': 0.23512166001508691}
Avg Outer Fold Train Time: 14.5744 sec
Avg Outer Fold Inference Time: 0.1239 sec
