0.002807055,0.003308989,0.006746309,0.00866123,0.6925265,0.13565813,0.059009425,0.045711763,0.013347577,0.015044077,0.0123478435,0.00483109
0.0029222171,0.0051839994,0.010606271,0.53471625,0.051689103,0.17214017,0.040852215,0.005925993,0.09078976,0.008727163,0.07583526,0.0006115838
0.0017809573,0.208561,0.19627161,0.18528928,0.15968814,0.11407505,0.08787147,0.028117163,0.008793594,0.0011203183,0.0071417596,0.0012896451
0.0027324266,0.11035079,0.33301696,0.12643093,0.07189238,0.21294719,0.06469776,0.01489724,0.011874771,0.016782083,0.02475821,0.009619283
0.004762897,0.23614314,0.17220405,0.081205405,0.090953305,0.20262003,0.1420296,0.031636655,0.017403228,0.0063130828,0.010749958,0.0039786613
0.0032115951,0.009620146,0.009336213,0.26602894,0.3457454,0.25057948,0.030973693,0.008112931,0.034564294,0.018609984,0.020833971,0.0023833509
0.00015570121,0.0009110356,0.002279563,0.010665687,0.096718475,0.8150287,0.06602479,0.001549148,0.0033203796,0.0009484841,0.0023319472,6.603161e-05
1.995657e-05,0.41870943,0.5032675,0.053186957,0.0053924588,0.017028242,0.001850279,0.000236331,0.0001529437,2.0990175e-05,8.639325e-05,4.845852e-05
0.00054307666,0.1265971,0.22526161,0.30278125,0.086417004,0.17090069,0.061364315,0.0033387416,0.011821532,0.0022013355,0.008200509,0.0005728437
0.0016188632,0.025792958,0.031684484,0.17191945,0.44660094,0.13179773,0.1084656,0.002871806,0.0065067606,0.032192484,0.03770008,0.0028488513
0.0013362673,0.45317054,0.11797552,0.10465088,0.1316941,0.05947317,0.11222457,0.009923542,0.0055677197,0.0011019418,0.0021050542,0.00077666197
1.0892732e-05,0.5695715,0.33144897,0.07504669,0.0022576249,0.016499897,0.004727819,8.9302965e-05,6.254361e-05,5.6893572e-05,0.00020434821,2.3529332e-05
0.0007475969,0.09069686,0.4045404,0.20991747,0.07019158,0.15334737,0.034573384,0.00079850777,0.01615215,0.00603128,0.010826756,0.0021766385
0.00018227384,0.00011547421,0.000109582135,0.00032237696,0.019004278,0.96328515,0.012465467,0.00043602422,0.003445913,0.00032676643,0.0002572116,4.9408176e-05
0.9555099,0.038928684,9.4972456e-05,0.0005256836,0.0011009945,0.0016011121,0.0011399701,0.00057534396,0.00011207066,8.1622136e-05,9.021221e-05,0.00023939619
3.0584812e-07,1.3446318e-07,2.0318628e-06,3.3333385e-05,0.9988355,0.0010513641,4.7583694e-06,4.584525e-07,5.5356337e-05,1.6315105e-05,4.719275e-07,3.4256225e-08
0.00047483994,0.021932902,0.045721702,0.13931987,0.26423147,0.3712411,0.1283819,0.00453783,0.0069280933,0.0027238978,0.014316433,0.00018998342
0.0047939275,0.0015422676,0.0055263373,0.0069249924,0.5209179,0.11636763,0.041330103,0.015205279,0.04410774,0.16532494,0.025055982,0.052902795
0.0013849699,0.0014535448,0.017555695,0.14695993,0.6502233,0.048525736,0.019777987,0.007314909,0.017067753,0.073317364,0.013871059,0.0025477076
0.0037226838,0.08931124,0.2920252,0.123464786,0.08115878,0.24186403,0.07129126,0.016503602,0.01812557,0.023780137,0.027220234,0.011532507
0.0028536303,0.00089405023,0.0008738535,0.0012308359,0.014218759,0.11058084,0.26156485,0.008041285,0.5953872,0.0021755202,0.0013733192,0.0008057563
0.0071813595,0.004225647,0.009697066,0.023475233,0.32860118,0.0784062,0.19817913,0.16373579,0.07586797,0.0851305,0.01697178,0.008528177
0.004638361,0.00082289544,0.0005587514,0.0055170455,0.49499446,0.24725497,0.07699842,0.15115185,0.0033772367,0.002884097,0.010980853,0.00082103256
0.0016002065,0.21696813,0.32418248,0.08390351,0.027132627,0.089916304,0.062804535,0.18412082,0.0024322532,0.00085437705,0.004965013,0.0011197352
0.0026078012,0.0019321485,0.0017713035,0.0018926508,0.02042955,0.11453549,0.65307826,0.012736673,0.18565218,0.002817982,0.0014463644,0.001099616
1.3758606e-05,9.526927e-06,3.0798205e-05,0.0001939859,0.0023949323,0.0018222257,0.001474439,0.9940153,1.2119461e-05,9.618933e-06,2.2104092e-05,1.1493854e-06
2.040242e-05,0.6352127,0.30068874,0.05142871,0.0033578083,0.006478582,0.0023108425,0.00014990734,0.000119729426,1.5797556e-05,0.00019791808,1.8770297e-05
4.1475723e-05,0.4325352,0.47179943,0.0711553,0.0058243424,0.014614504,0.002757017,0.0007468177,0.0002548724,3.0414687e-05,0.00019370539,4.685865e-05
1.7192318e-06,5.1822465e-08,1.3922471e-06,9.685789e-07,0.99833626,0.0012927089,9.849072e-06,2.8128563e-06,0.0002812422,7.2442475e-05,3.427855e-07,2.0853922e-07
0.00065324723,0.012791949,0.013570244,0.7882083,0.04504024,0.097719155,0.008467127,0.0017393532,0.0054922076,0.011510268,0.01388506,0.00092285307
0.99306834,0.0031623996,0.0001717959,0.0005075674,0.00083674357,0.0013192615,0.00063672324,3.735844e-05,8.188466e-05,3.7603502e-05,3.8938873e-05,0.000101323625
0.0013734973,0.015233664,0.019162608,0.5911114,0.089965604,0.23039798,0.007887956,0.007948567,0.008766046,0.014324667,0.012659652,0.0011683959
0.0047920556,0.010597116,0.023382315,0.35817152,0.13613334,0.13892397,0.08246154,0.09493681,0.073906824,0.020700905,0.053229824,0.0027637756
0.007063904,0.009306738,0.017590681,0.021457233,0.25962284,0.086657524,0.05063679,0.044208154,0.48091865,0.009606212,0.00879913,0.004132095
0.95349413,0.04014659,0.000115571886,0.0006298422,0.0014400331,0.0016856194,0.0012086543,0.0005364415,0.00014570779,0.00010975654,0.00013391368,0.00035370846
0.0025691018,0.00550859,0.0045406604,0.09545498,0.05171297,0.2338102,0.009672299,0.5903659,0.003200404,0.0008670755,0.0019969486,0.00030082092
0.0037029216,0.004979605,0.059864663,0.006202294,0.029312097,0.012816099,0.010348309,0.0057217223,0.0035855956,0.0058689304,0.005826755,0.8517711
0.0054284222,0.0019971707,0.0034470188,0.014296895,0.49103487,0.14125372,0.052911345,0.06065863,0.18350528,0.012870697,0.030456671,0.0021393395
0.006765043,0.0037038606,0.005992497,0.0134724565,0.3577649,0.11253333,0.18920295,0.08620083,0.14246124,0.04050703,0.0334519,0.007943934
3.5546174e-07,1.4931248e-07,2.287387e-06,2.6466816e-05,0.9987644,0.001128049,6.2414015e-06,5.775312e-07,5.275485e-05,1.8192144e-05,5.211021e-07,4.575854e-08
0.0019954008,0.05752616,0.5433231,0.06583049,0.12366716,0.093243875,0.05379565,0.011236781,0.023067454,0.006976769,0.008153648,0.011183538
0.00039062247,0.059657,0.29645923,0.3142746,0.08544821,0.13818927,0.0631046,0.0311718,0.0031247458,0.005415072,0.0024836569,0.00028120595
0.00022027631,0.37024948,0.33714238,0.095630854,0.029959792,0.060549557,0.09680352,0.0044934503,0.0028146673,0.00041965506,0.0015907778,0.00012552169
0.0014218445,0.1411392,0.36412948,0.3979414,0.029996816,0.017796854,0.015570611,0.0058904877,0.0022524444,0.018613644,0.002391983,0.002855227
0.00020251493,0.5399199,0.28319457,0.12238907,0.00839245,0.028026057,0.0072128754,0.0009916725,0.0006608921,0.0003257697,0.008264214,0.00042011784
0.00075898506,0.0010066816,0.0014668177,0.063376434,0.07554095,0.014055706,0.2140746,0.623095,0.0024852084,0.0023005933,0.0016115694,0.00022742522
0.0006698997,0.29861316,0.3324704,0.15081033,0.028817022,0.08555568,0.025661664,0.0019277027,0.0034253018,0.0024819393,0.06736862,0.0021982861
0.00065326877,0.5749849,0.2221936,0.123797625,0.011494308,0.0362794,0.020831753,0.004370743,0.0015666988,0.0006733466,0.0025721865,0.00058218325
0.00023513135,0.0042177904,0.01257616,0.041465398,0.19123067,0.5925784,0.12016573,0.00096769765,0.017563628,0.004329793,0.014498047,0.00017156603
0.0007461748,0.19375406,0.32870778,0.20759603,0.066143,0.07659132,0.07149825,0.0058096973,0.007917865,0.0030178248,0.036967743,0.0012503436
0.0056176446,0.016730092,0.012271223,0.056027014,0.23022932,0.1643402,0.26421773,0.11857696,0.033297308,0.0065194997,0.090633616,0.0015394026
0.003907682,0.004188473,0.010423234,0.021478053,0.22025771,0.3662111,0.09944012,0.01161051,0.1394632,0.027623488,0.09092557,0.0044708555
0.0023364539,0.076039635,0.28937232,0.13956757,0.08107385,0.29033816,0.037921563,0.012139149,0.021260262,0.015277259,0.025602022,0.009071688
0.0007452129,0.55821246,0.14036475,0.15788017,0.04643016,0.040334307,0.047116995,0.0056869346,0.0015833797,0.0003930078,0.00084072846,0.00041187077
0.0003152086,0.00019791069,0.0004743761,0.0060182973,0.07861312,0.009888497,0.56603765,0.3326834,0.002889772,0.0016191627,0.001141911,0.00012066639
0.0007878963,0.38978097,0.26139462,0.14634162,0.028889418,0.102093324,0.05141901,0.0038693321,0.0058193207,0.0030616526,0.0051535307,0.0013892555
0.0011339475,0.041734826,0.10141674,0.06567633,0.1175429,0.22137775,0.13903925,0.30115125,0.006873319,0.0013777404,0.002331179,0.00034473397
0.00023725962,0.00021952807,0.0004740762,0.0010147478,0.07939803,0.56625086,0.020285001,0.32160258,0.006221344,0.0040284386,0.00010233274,0.0001657578
0.0012279167,0.41489923,0.12958519,0.23266964,0.09805636,0.05405956,0.053869747,0.008694704,0.0039258087,0.00079817406,0.0015339492,0.00067970797
0.0025695472,0.39888456,0.19751891,0.15189531,0.029035006,0.0949804,0.04475048,0.068509415,0.0051319906,0.001250917,0.0045301453,0.00094333966
0.00040868353,0.0011651975,0.0049769334,0.027384218,0.18353502,0.39079788,0.33701512,0.0027893262,0.03021569,0.0058577685,0.015714865,0.00013934965
0.9523037,0.042023867,0.00010649754,0.00058414607,0.0011219846,0.0015764141,0.0011881901,0.00055609836,0.00011136849,8.569217e-05,9.39033e-05,0.0002481312
0.009186367,0.0645589,0.12683317,0.07469482,0.041111555,0.03750848,0.13561247,0.47672042,0.00846702,0.0047715614,0.0063940366,0.014141169
0.0001165283,0.011367297,0.52132785,0.3543935,0.04710639,0.028486196,0.015729044,0.0054166727,0.0010269784,0.0002425986,0.014746749,4.0167466e-05
0.0019343366,0.31512153,0.1300067,0.12712352,0.19376096,0.09234815,0.10756601,0.013767122,0.012344197,0.0016928429,0.0032471397,0.0010874824
0.008718973,0.19139192,0.23248632,0.07198784,0.08606644,0.1489671,0.10168353,0.093351394,0.027608644,0.007817269,0.021919271,0.008001272
0.00043068777,0.005372916,0.014079359,0.043825433,0.37111583,0.43660632,0.097164996,0.003757962,0.0047080684,0.017142309,0.0046812613,0.0011148877
0.002591681,0.0067325924,0.01057828,0.057323497,0.2891174,0.3546894,0.075257584,0.0056404173,0.10588892,0.061546158,0.027246188,0.0033878654
0.002083408,0.13134138,0.28263098,0.19261117,0.12043878,0.157629,0.04976135,0.012262434,0.022522822,0.015945021,0.0072663194,0.005507385
0.0007265882,0.0011707827,0.004720493,0.02639535,0.21237113,0.44373256,0.17041236,0.006167144,0.111211926,0.009065387,0.01370074,0.00032555673
0.008571891,0.015304278,0.03861745,0.11966831,0.33253834,0.07860765,0.05035054,0.013885891,0.030408807,0.25106728,0.04679272,0.014186813
6.3212033e-06,5.9789045e-07,4.933942e-06,2.0796004e-05,0.0004947559,0.00018458787,0.00080410857,0.9984586,1.1170805e-05,6.962275e-06,5.5138457e-06,1.7151599e-06
0.0025613084,0.00086935697,0.000940529,0.001274045,0.014740359,0.11716562,0.28790057,0.006994516,0.56326145,0.002231914,0.0013138666,0.000746535
0.013577933,0.11792822,0.21747418,0.101577885,0.084734924,0.10238573,0.16066644,0.06915849,0.055107035,0.025094854,0.027954599,0.024339685
0.0017463566,0.30757406,0.32689977,0.14643821,0.030818742,0.085756235,0.06885449,0.016584236,0.0034285828,0.0029246903,0.0072834254,0.0016912317
1.4267429e-05,3.9243092e-05,5.7127603e-05,9.853497e-05,0.02312261,0.015912531,0.9537577,0.0063688043,0.00028218536,0.00027498163,6.409891e-05,7.9169295e-06
0.0009837033,0.0022614344,0.0033961688,0.009460773,0.1459966,0.11046963,0.51061,0.05702212,0.0062568667,0.012605428,0.1400069,0.0009303967
0.0013138676,0.0045753205,0.0084585985,0.07761272,0.2769246,0.49430832,0.036268737,0.015051892,0.0224726,0.052438404,0.008653624,0.0019212394
0.0020181783,0.002621848,0.0029763263,0.013601836,0.100090384,0.1507179,0.3093126,0.012754165,0.025497256,0.0045327847,0.3754789,0.00039781755
0.004060846,0.0076808166,0.012672421,0.26991397,0.20955126,0.21212554,0.06485233,0.16313659,0.032719817,0.012389937,0.009948314,0.00094818225
0.0020289705,0.3352431,0.22718962,0.21421987,0.042700816,0.083154894,0.05956025,0.0074017714,0.012133844,0.005300597,0.008461824,0.0026044608
0.00047758123,0.32067937,0.32918996,0.13398367,0.026366502,0.0789073,0.03325731,0.0024292027,0.003679157,0.0019473154,0.0679705,0.0011121434
0.0025208688,0.0012645804,0.0014274715,0.020046419,0.052393865,0.26318547,0.01831776,0.6320805,0.0047699106,0.0012503477,0.0022349928,0.0005078122
0.00028720568,0.185722,0.38185602,0.12091726,0.04151009,0.09020616,0.16254449,0.0018920964,0.005094758,0.0012824934,0.008407493,0.0002799136
0.009968371,0.014453096,0.11161398,0.023325592,0.12553255,0.038270585,0.032049336,0.010361374,0.01601152,0.08577825,0.013930792,0.5187045
0.0014027724,0.20677036,0.301295,0.24380425,0.057440378,0.07680278,0.066221006,0.009586404,0.018339276,0.005117164,0.0112427985,0.0019778071
0.001037825,0.010836694,0.01105222,0.74079067,0.04304399,0.15195464,0.0077091767,0.0019751654,0.010061476,0.010521611,0.010188771,0.00082786183
4.0652852e-05,0.00019586491,0.0004953679,0.0024192918,0.019899169,0.9502207,0.01364946,0.00037599466,0.002355867,0.00018389561,0.01015585,7.858437e-06
0.00010684775,0.6074582,0.29029334,0.05128421,0.0067453845,0.037099883,0.004307566,0.0019816647,0.0003458026,4.8127455e-05,0.0002373121,9.166511e-05
0.0006924617,0.00032034342,0.001349495,0.013082331,0.078212224,0.19301254,0.03452197,0.0019793597,0.66593486,0.0038093273,0.0069129206,0.0001721201
0.005278724,0.010173876,0.026029408,0.4254209,0.2232982,0.16087374,0.03825593,0.024925867,0.026113091,0.036269784,0.020332253,0.0030281967
0.9068537,0.001573526,0.0012042943,0.0038649216,0.060929775,0.018974947,0.001986848,0.00020438171,0.0009360593,0.001291729,0.000120599936,0.0020592029
0.0006336925,0.21979283,0.3280956,0.17926681,0.03394898,0.20643093,0.014441476,0.005124719,0.0018671036,0.0013903328,0.0075694555,0.0014380972
0.00032162937,0.13098769,0.3677741,0.19585632,0.042625695,0.096725166,0.1463309,0.002970778,0.0103677735,0.0018170215,0.0039226934,0.0003001856
0.00039741455,0.38488138,0.19622575,0.22250803,0.113774866,0.048171066,0.027544977,0.0035192547,0.0011598001,0.00048733086,0.00095234026,0.00037788873
0.002822731,0.002145343,0.0070910803,0.022073412,0.20138498,0.32720533,0.093192354,0.007953564,0.24036835,0.02490709,0.06906574,0.0017900174
0.0009264719,0.018869612,0.011271029,0.64189744,0.06955845,0.21282591,0.011120929,0.0070099332,0.0020922855,0.0117401285,0.011651367,0.0010363958
0.00021534697,0.0012262386,0.0010597141,0.0016179567,0.025111483,0.7606613,0.16115038,0.0021157053,0.045591608,0.00033376564,0.00084014365,7.638234e-05
0.0014296763,0.21226971,0.28773227,0.29183203,0.06016757,0.055806883,0.046079736,0.0022411544,0.008773472,0.015917575,0.014197227,0.003552725
0.0029475614,0.00095344137,0.0009088297,0.0012478272,0.014266072,0.12884054,0.28635854,0.0063046226,0.5536622,0.0021981068,0.0014760565,0.00083618396
0.009151991,0.0032269682,0.0063342806,0.009492541,0.1397237,0.15439329,0.16724662,0.4444404,0.013966192,0.018648632,0.029290883,0.0040844977
0.004075124,0.021748057,0.028537115,0.3392305,0.14956437,0.19961472,0.086369,0.09966594,0.028289037,0.0067274855,0.03368034,0.0024982856
0.0014797214,0.46048656,0.27574033,0.09648412,0.020640124,0.045507073,0.037676793,0.053042963,0.0018042991,0.00078193354,0.0051051774,0.0012509217
8.650791e-06,0.41629052,0.519251,0.049010422,0.0029954468,0.010653858,0.0014835745,0.0001486945,9.199436e-05,7.3288334e-06,4.6679066e-05,1.1831075e-05
0.0034459317,0.065298446,0.33953398,0.2505047,0.06950988,0.024819018,0.03147206,0.0083789565,0.00834437,0.17884463,0.0077038477,0.012144142
0.99757403,0.00012298017,8.2277875e-06,0.00015057574,0.0008539044,0.0008637709,0.0003259416,1.5014547e-05,4.9754486e-05,1.9630961e-05,4.1117423e-06,1.2091978e-05
4.3064512e-05,0.009606486,0.3722386,0.5699695,0.026621945,0.013174839,0.0027544224,0.00038898535,0.0002576225,0.000109744884,0.0048082853,2.655725e-05
0.00010483304,0.022891102,0.010421547,0.07783,0.12527673,0.7343836,0.021767264,0.0010711822,0.0004289616,0.00093623763,0.0045262505,0.00036235427
0.0054284222,0.0019971707,0.0034470188,0.014296895,0.49103487,0.14125372,0.052911345,0.06065863,0.18350528,0.012870697,0.030456671,0.0021393395
0.0020631556,0.28781137,0.30859157,0.121762946,0.029376058,0.1095697,0.031538397,0.09492765,0.004408687,0.0008816062,0.007954473,0.0011143972
0.0010347439,0.00017016381,0.0002711485,0.0004440964,0.066311434,0.11954875,0.054725733,0.70955,0.043530166,0.0022640156,0.0020112323,0.00013853364
4.6324963e-05,0.69112265,0.07565304,0.109866716,0.008894376,0.10942207,0.0033726871,0.0009677615,0.00018886897,5.1245086e-05,0.00020689146,0.0002073869
6.9881185e-05,0.42180848,0.22628155,0.20199266,0.06764208,0.07434329,0.006474478,0.00025196365,0.0004133122,7.863737e-05,0.0005397467,0.00010397155
0.0014532615,0.00091474946,0.001234715,0.004049614,0.3433032,0.3215607,0.22083917,0.07342875,0.016734516,0.00905353,0.0064989896,0.00092879497
0.0009171466,0.049851567,0.21853404,0.0853098,0.16799314,0.17627414,0.0827701,0.19624253,0.012869896,0.0030436341,0.005766735,0.00042731117
0.0037855264,0.007474244,0.022609236,0.24939875,0.1709222,0.2121342,0.0896777,0.12078282,0.016978893,0.03271551,0.06992786,0.0035930409
0.0028878807,0.00043876152,0.0047554653,0.0024900525,0.011581814,0.41837782,0.0050395033,0.0024849698,0.54151976,0.000929806,0.009348532,0.0001456342
0.007216671,0.005357275,0.008408009,0.012103261,0.5211022,0.10621961,0.121032685,0.15536125,0.008494902,0.011939754,0.03541173,0.007352665
0.006874442,0.18650566,0.15463841,0.111378424,0.09611221,0.097117245,0.13620949,0.15176176,0.014525995,0.00998899,0.026344934,0.008542412
0.0011296654,0.0001858533,0.00028023767,0.00047286614,0.07862818,0.13353305,0.057809334,0.6764419,0.046960764,0.0023406653,0.0020776815,0.00013980943
0.000573685,0.0012901053,0.0040039564,0.0065304358,0.11174043,0.051037427,0.5562627,0.25508204,0.0043708696,0.0033622354,0.0054865796,0.0002595982
0.00016951488,0.00023323786,0.000289122,0.0009863221,0.2119472,0.08542694,0.6832907,0.0040793857,0.0058299294,0.006748402,0.0009495423,4.9667382e-05
0.009196916,0.030734403,0.029399231,0.024723388,0.73469305,0.07991206,0.043828752,0.004665804,0.018420594,0.015315513,0.0026922682,0.006418051
1.7894996e-05,0.0086405715,0.57096475,0.37294173,0.019190773,0.014472607,0.005137715,0.00065658183,0.00024803693,6.8543995e-05,0.0076493346,1.1417922e-05
0.003249833,0.07869077,0.34939447,0.26416263,0.06789224,0.023251858,0.032790706,0.0077843876,0.008097358,0.14653517,0.007102899,0.011047685
0.0024189856,0.08598475,0.32075584,0.12990187,0.076634265,0.26233217,0.042488895,0.01049758,0.017400049,0.017522572,0.023305366,0.010757702
0.0006100963,0.16211668,0.3853266,0.12003467,0.05129858,0.12059796,0.12606305,0.0056148507,0.016037952,0.0047099316,0.006129402,0.0014602393
0.0011255804,0.2980977,0.23307239,0.14873013,0.16011743,0.060299,0.08007607,0.007102344,0.003234615,0.0020562757,0.0029571766,0.0031312075
0.00073199905,0.00118583,0.0022521757,0.004078669,0.16103382,0.6481378,0.069901586,0.08372054,0.024218634,0.0036122634,0.0009118938,0.00021476138
0.00013567784,0.0017140135,0.0023438628,0.0047803167,0.108322285,0.7505345,0.12667927,0.00052948494,0.0024780086,0.00065335573,0.0017937244,3.5493937e-05
0.0016931242,0.0011196269,0.0014291827,0.0040533827,0.35236156,0.28082374,0.22683331,0.09863958,0.016685277,0.008251914,0.00691911,0.0011901318
5.686133e-05,0.46927762,0.28899252,0.19921593,0.010638826,0.026997207,0.003453109,0.00012003794,0.00036940613,0.00016945928,0.0005832787,0.00012572456
0.0035738705,0.123249464,0.25584024,0.114994496,0.05161327,0.13051838,0.07507693,0.21332799,0.0069031543,0.0031014087,0.018905614,0.002895146
0.00033319579,0.00020808497,0.0010701362,0.010851381,0.16880059,0.4822983,0.020055983,0.0024746337,0.30835214,0.0033888905,0.0020320802,0.00013455524
1.2606755e-05,0.42995578,0.49104246,0.059821073,0.0035483495,0.013579969,0.0016140941,0.00020836189,0.00012526812,9.905117e-06,6.921018e-05,1.30247e-05
0.00011549479,0.17985997,0.35648584,0.1923166,0.08734982,0.0768364,0.09705015,0.006151935,0.0017533256,0.0005219108,0.0014690568,8.953081e-05
0.0006802566,0.23401336,0.1506932,0.27937147,0.04002507,0.027127251,0.21125458,0.0352277,0.0040425784,0.0022625206,0.014895104,0.0004069301
0.0016685042,0.0022195354,0.0051353984,0.03402718,0.29989132,0.5146045,0.033444032,0.033133,0.034872238,0.02128722,0.018185157,0.0015319324
0.0013253104,0.2017003,0.30065864,0.27171415,0.05446665,0.06731411,0.056812484,0.010051703,0.01745385,0.0047198515,0.012089251,0.0016937001
0.0019616438,0.0030481773,0.0050932094,0.015563546,0.43537554,0.27547207,0.116019405,0.008576888,0.05586389,0.039807323,0.040568896,0.0026493305
0.0016251742,0.00096763665,0.0012286806,0.004397664,0.3465521,0.30962408,0.21229923,0.08685671,0.019741701,0.008839471,0.0068898946,0.0009777052
0.00022054705,0.008351491,0.023305982,0.09242301,0.22034536,0.57316655,0.06345578,0.0008091042,0.008090999,0.0021256914,0.007575007,0.00013045875
0.007799573,0.07947263,0.21001036,0.11167418,0.15123141,0.24600525,0.0671999,0.02483094,0.047015022,0.025525376,0.018600443,0.010634848
0.0013827097,0.0023801832,0.008724869,0.02177962,0.29651567,0.31756487,0.21288271,0.0069939196,0.090559185,0.01812697,0.022270977,0.0008183348
0.0003957576,0.31947598,0.33555356,0.09527629,0.13810211,0.02740711,0.07526044,0.0037169391,0.0014590822,0.0010980646,0.0016087235,0.0006459164
0.00055450626,0.00038317856,0.0036006393,0.00050466874,0.0068223616,0.0020019677,0.00079632545,0.00015600324,0.00027194864,0.0039959303,0.00046766436,0.9804448
0.00027624515,0.00017624984,0.00043609008,0.005455563,0.067205995,0.008274439,0.4740664,0.43936795,0.0019384638,0.0017114927,0.00095469324,0.00013636643
0.0035503283,0.0035421252,0.014105366,0.033204578,0.12883899,0.031091606,0.017811464,0.0073680817,0.013715212,0.729396,0.008008781,0.009367514
0.0010622917,0.019370707,0.031683583,0.84402573,0.04323796,0.01484525,0.0038798086,0.0023115082,0.0010289145,0.033387188,0.0036331362,0.0015338268
0.0022120993,0.052358463,0.040769286,0.61116564,0.04863871,0.14318487,0.010614259,0.06891096,0.0033737726,0.00163579,0.01654682,0.0005893561
0.00014708978,0.34961358,0.2647752,0.28947064,0.013183342,0.043307673,0.02842791,0.00972699,0.00044987808,0.00025749757,0.00058445014,5.5702843e-05
0.0003596043,0.043711342,0.030936778,0.016941257,0.025244046,0.02810694,0.050140835,0.801267,0.0027352846,0.00014235076,0.00034118452,7.3323354e-05
0.00013267681,0.011277298,0.005593806,0.016355122,0.18632765,0.6158136,0.10397781,0.006163435,0.00094124355,0.0007032932,0.052452788,0.00026118703
0.0017369492,0.001899769,0.005231774,0.038416825,0.26450822,0.44440085,0.05702738,0.13185166,0.022347022,0.021241162,0.010150853,0.001187556
0.0013115255,0.0021773414,0.022059666,0.0020036865,0.007817839,0.004739133,0.0054481192,0.0018814078,0.00027573307,0.006743973,0.0010126012,0.94452906
0.0013980368,0.018923676,0.006996975,0.08037246,0.031339236,0.028735261,0.13190389,0.10150562,0.0018306007,0.0016072073,0.59488267,0.00050445355
0.000764412,0.00023428601,0.0005866002,0.0005341165,0.028542757,0.00997441,0.36211738,0.53179353,0.061409418,0.0023753424,0.0013496707,0.00031801555
0.0017597674,0.006708987,0.01622032,0.05385395,0.044122025,0.02297263,0.22237056,0.6227427,0.0037523804,0.001126539,0.0034424176,0.00092771265
0.00025247855,0.0013683791,0.0011536871,0.0017173837,0.026815752,0.7539599,0.16027457,0.0025705248,0.05064324,0.00036626792,0.00079385244,8.39971e-05
0.0023588242,0.0059767873,0.010065247,0.06828458,0.25814196,0.34919477,0.06617632,0.003994602,0.14587694,0.059909906,0.027136063,0.0028839998
0.0016374893,0.026021712,0.025880912,0.5130157,0.124251276,0.21407501,0.035099346,0.007751427,0.007055019,0.017829645,0.025607565,0.0017749099
0.00097256224,0.18507968,0.17826614,0.39105386,0.050433673,0.11280673,0.052241668,0.006473172,0.007584052,0.001648678,0.012894843,0.0005449114
0.0012344152,0.12485038,0.27845982,0.2874091,0.08058067,0.10598611,0.06637021,0.006936769,0.027135158,0.005713387,0.013549181,0.0017748062
0.0030769275,0.069861025,0.3573604,0.23826475,0.0714933,0.024524096,0.03194948,0.008540858,0.007310153,0.16985409,0.0069906386,0.010774235
0.0021040908,0.08932328,0.30965406,0.14160123,0.07614962,0.27024895,0.037048165,0.009993041,0.018750368,0.013574007,0.02311262,0.008440576
0.004276996,0.014838279,0.010170193,0.051818028,0.15259323,0.047418572,0.2175459,0.34672806,0.0064888475,0.003391541,0.14381586,0.0009145034
0.0010117921,0.45393318,0.264807,0.102616444,0.027817743,0.036731943,0.052259892,0.014374312,0.0029133067,0.0026236232,0.03898857,0.0019222719
0.0021837165,0.0062595597,0.10653075,0.010817855,0.091463275,0.01599048,0.27756956,0.05064134,0.005545067,0.42002338,0.004216613,0.008758422
0.0118051665,0.017153818,0.03216707,0.06813304,0.1857336,0.23544239,0.053397726,0.1775182,0.116690286,0.011921335,0.083994776,0.006042628
0.0019751315,0.0015559951,0.0015315408,0.001597101,0.01857672,0.10589493,0.7034081,0.010354849,0.15037015,0.0026414543,0.0012510048,0.0008430362
0.002403238,0.0034937274,0.007812462,0.026218131,0.22929704,0.33466968,0.14325085,0.0059819645,0.10692296,0.02587422,0.11216619,0.0019095727
0.006188938,0.007271951,0.015619942,0.018526565,0.2721525,0.08357342,0.04531896,0.036956467,0.49321815,0.009521605,0.008046706,0.003604705
0.0020854617,0.0026911702,0.0034939505,0.028394092,0.33908126,0.17187455,0.32730043,0.080923066,0.018349072,0.00390266,0.021635333,0.00026897155
0.00074597966,0.16605094,0.42876837,0.1561949,0.08224987,0.057391334,0.08150948,0.0069342167,0.008343786,0.0040737595,0.0066927685,0.0010446233
0.0013248589,0.3940716,0.1281234,0.122318,0.15745305,0.08840673,0.087001525,0.008760074,0.007901451,0.0011770006,0.0026813394,0.00078094256
0.00019868012,0.17816329,0.3412564,0.19231078,0.046348043,0.11094644,0.11808205,0.0011388618,0.0028329783,0.0008068053,0.007745789,0.00016994937
0.00018434331,0.0054794373,0.004194672,0.010325532,0.22531877,0.69522655,0.04268173,0.001979168,0.010867276,0.0008386128,0.0027650944,0.00013866452
0.015825998,0.039543647,0.11726063,0.05950678,0.2016964,0.107536756,0.12786052,0.16282435,0.09076271,0.019954551,0.032102697,0.025125016
0.00197835,0.0016933833,0.0023565947,0.017445656,0.31141308,0.14559717,0.39033657,0.0885667,0.018891472,0.003988587,0.017470043,0.00026243908
0.00050962466,0.0011152216,0.004317397,0.03521093,0.18459363,0.4546749,0.086226806,0.0012235891,0.20893066,0.0077280975,0.015251547,0.0002176968
0.0005608416,0.17289667,0.373233,0.24454595,0.038773596,0.08648717,0.047342267,0.014022193,0.004522623,0.0018609107,0.015126968,0.00062780373
0.00026104425,0.017837718,0.010212187,0.5273204,0.07994203,0.34039024,0.0064262217,0.0036251047,0.0014170386,0.0047201146,0.0073684123,0.0004795067
0.0015435104,0.16507722,0.3537276,0.24585024,0.047167726,0.052938968,0.0892442,0.0035431252,0.009769205,0.014917108,0.012042808,0.0041781818
0.0008820118,0.22940204,0.08091392,0.17203459,0.10677206,0.37058026,0.016719846,0.0006618522,0.007011774,0.007570312,0.0053817825,0.002069563
0.0004058327,0.0011159984,0.0026372878,0.008557163,0.1805064,0.2673225,0.48958465,0.022031557,0.011805861,0.0029564316,0.012907718,0.00016862761
0.00021974568,0.0019460454,0.0022865883,0.0071682665,0.26515785,0.17364576,0.5417098,0.0047320053,0.00070718024,0.00042576494,0.0019588934,4.213407e-05
0.00048206383,0.05259388,0.27129984,0.31179297,0.09098804,0.14281523,0.07172719,0.045254372,0.00389457,0.0060321945,0.002800389,0.00031916422
0.0034056737,0.31792617,0.19848515,0.19132838,0.048152592,0.12372314,0.06151143,0.026224812,0.01063833,0.0038089121,0.012527002,0.0022684112
6.979925e-05,0.7793713,0.14177483,0.046493813,0.0066706976,0.01443006,0.008245169,0.0023631323,0.0002839542,3.129843e-05,0.00022505253,4.0902254e-05
3.6051642e-07,1.5004272e-07,2.341695e-06,2.4145373e-05,0.9988213,0.0010767633,6.874195e-06,5.8795047e-07,4.7661433e-05,1.927436e-05,5.5990597e-07,4.8818613e-08
0.0027266564,0.45493123,0.16751163,0.12527058,0.026014078,0.07512591,0.106848665,0.018248504,0.009761315,0.0034127312,0.007864417,0.0022843417
0.99725276,0.0009308502,2.9225179e-05,0.000121496436,0.00021901773,0.0009037555,0.00025150986,0.00014493828,7.477687e-05,1.5637801e-05,1.7688917e-05,3.8416176e-05
0.0003193912,0.023948278,0.19037381,0.6800018,0.06814196,0.013916567,0.0103014745,0.0027561483,0.0032496015,0.0037473054,0.0021037494,0.0011399958
0.0011953684,0.00680385,0.012151678,0.017370714,0.13167079,0.074388765,0.6059887,0.12910114,0.014445726,0.0023449664,0.004022862,0.0005154584
0.00071760075,0.14348757,0.42165685,0.33622274,0.042269204,0.011539363,0.012945439,0.0015823769,0.0018225773,0.023587689,0.0018457125,0.0023229262
0.0025454499,0.0017121674,0.003954778,0.007170862,0.123248436,0.051198125,0.38706467,0.36322188,0.02062081,0.011909385,0.025329148,0.0020243414
0.0017492688,0.22808732,0.24627723,0.20313217,0.06272093,0.0997163,0.083138086,0.039891098,0.011920937,0.002576691,0.019712353,0.0010776429
0.0014144657,0.1393744,0.31071088,0.4614037,0.029499661,0.015058334,0.011519467,0.00410889,0.0022116264,0.019018745,0.0024633412,0.0032164264
0.0022497554,0.0065867393,0.019367456,0.28285512,0.1473079,0.37436846,0.041482195,0.05086513,0.014479385,0.015761018,0.042685144,0.0019917171
0.002181821,0.06283795,0.4166804,0.090574175,0.05286389,0.016373076,0.122669086,0.021685185,0.0028187928,0.19525196,0.004700272,0.011363442
0.0005869088,0.5914103,0.22666766,0.112788446,0.010413412,0.031461515,0.018463738,0.0037986003,0.0013774093,0.0005556002,0.0019740264,0.0005023756
0.00054938445,0.028657854,0.13946281,0.21428542,0.19522706,0.19196476,0.14338027,0.060299296,0.016584573,0.007928334,0.0013032472,0.0003569605
0.0046599647,0.20716284,0.36998835,0.114133574,0.05490726,0.046599485,0.06792644,0.07625489,0.035689536,0.0041418513,0.014242277,0.00429359
0.0072247204,0.01904052,0.047846768,0.026006727,0.0706905,0.031088743,0.37030947,0.36802527,0.033478044,0.011093467,0.0067925025,0.008403268
3.474563e-05,0.2569476,0.5559596,0.1544883,0.004509016,0.018639721,0.007780979,8.848887e-05,0.0004231871,0.00041392937,0.00061886664,9.563522e-05
3.251282e-05,0.79771936,0.16294266,0.026195677,0.0019245674,0.0075455206,0.0031123685,0.0003366364,3.877698e-05,1.3564997e-05,9.573425e-05,4.2547665e-05
0.0014875792,0.0022224037,0.0038850722,0.013627765,0.09926322,0.092355736,0.40439954,0.015651008,0.051977057,0.008992,0.3055989,0.0005396721
0.015110026,0.050074603,0.058089573,0.048897665,0.12524779,0.08756148,0.20121671,0.2832348,0.09568355,0.008050384,0.021325547,0.005507917
0.00055001484,0.3118889,0.36023438,0.13050558,0.02675722,0.07439063,0.033911962,0.0022404734,0.0037759654,0.0021665003,0.052186195,0.0013922113
0.0010033435,0.13285738,0.29069784,0.3036808,0.07179731,0.093620755,0.061379515,0.0050961007,0.023139624,0.004877386,0.010391995,0.001457902
0.99792457,0.00016926769,1.0466215e-05,7.7945566e-05,0.00066113984,0.00092667365,0.00013509246,6.409421e-05,8.6331e-06,9.373426e-07,1.6665434e-05,4.3908426e-06
1.4060488e-05,0.79615873,0.17322834,0.02170889,0.0016333755,0.00533846,0.0016391892,0.00017250558,2.5250152e-05,6.5762247e-06,4.9643193e-05,2.4936637e-05
0.001572969,0.0012415566,0.0056285155,0.015186596,0.08824309,0.53747565,0.1631184,0.14162986,0.02281489,0.018041141,0.004137228,0.0009100986
0.0007994358,0.3194474,0.347074,0.17317961,0.048087373,0.066688195,0.025708461,0.0017466472,0.008239853,0.0037675474,0.0037301248,0.0015313628
0.0019946774,0.001987496,0.0027595754,0.02040526,0.3065575,0.15353705,0.3906147,0.08203988,0.016798545,0.0039574336,0.019085368,0.00026253503
0.98819005,0.0016520629,0.00039634045,0.00078111043,0.0015221795,0.005433529,0.00060822954,5.7474237e-05,0.00044908366,0.00021444942,0.00023121818,0.00046429652
0.005215241,0.008650254,0.0149302045,0.2269502,0.11174617,0.2615567,0.043382246,0.23966524,0.01782586,0.010498544,0.057287972,0.0022913746
0.0023082788,0.046970155,0.041130982,0.49328405,0.10485639,0.2034643,0.04114382,0.0310839,0.0100860335,0.008043614,0.016538672,0.0010898234
0.03531102,0.019600397,0.010630416,0.04628002,0.35586023,0.23950145,0.07211881,0.075000115,0.031033086,0.06287723,0.041359324,0.01042785
0.0034398763,0.003967582,0.014280263,0.030123912,0.111984365,0.024089795,0.020318285,0.008893813,0.00991338,0.7534686,0.008952179,0.010568087
0.013757161,0.062695295,0.10247421,0.08023851,0.068452634,0.05029929,0.25908872,0.29968986,0.034026608,0.009746324,0.008175081,0.011356267
3.417744e-05,0.45115432,0.18873875,0.3329987,0.006790012,0.010795537,0.008476706,0.0003101294,0.00018093853,5.425651e-05,0.0004514704,1.4970199e-05
0.003309821,0.32817096,0.20513166,0.1795466,0.045740586,0.12267019,0.05912352,0.029551644,0.010551101,0.0032161535,0.010961394,0.0020263907
0.99278,0.0031725692,0.000120098535,0.0005871196,0.0007011094,0.0014632973,0.0007658853,3.135669e-05,2.7200638e-05,4.8158334e-05,8.012313e-05,0.00022308872
0.0066596107,0.0075654243,0.011975315,0.031392183,0.25171733,0.2658131,0.066655636,0.023589365,0.21204677,0.085656844,0.030107068,0.0068212957
0.00018563305,0.008064825,0.011296256,0.08677802,0.24226402,0.048679877,0.56685394,0.003588168,0.0022020843,0.018243724,0.011507043,0.00033644048
8.158762e-05,0.0050641377,0.020300813,0.031459846,0.48178914,0.36294317,0.092165485,0.00025574633,0.0008643804,0.00095150335,0.004077812,4.645359e-05
0.0007384626,0.00032481182,0.0059296032,0.0020575083,0.07822749,0.015437911,0.07913891,0.017321255,0.0043998137,0.7880548,0.005888904,0.0024804326
0.00085699826,0.004185091,0.02326924,0.006661582,0.026935607,0.7397901,0.09621513,0.05487837,0.034198184,0.0011827478,0.011637449,0.00018953222
0.003058066,0.5009805,0.2133125,0.08830805,0.03915144,0.042452727,0.06038115,0.0401219,0.0030281714,0.00130254,0.0055374163,0.0023655235
0.0026677574,0.02309821,0.09362578,0.2008629,0.4879003,0.104790725,0.020767344,0.040598355,0.007289294,0.012349506,0.0044340948,0.0016157907
0.00043769708,0.0004351455,0.00051961135,0.013632194,0.032024454,0.009680742,0.10804295,0.8326013,0.0011735822,0.00054398715,0.0007897248,0.000118645774
0.0010109211,0.0037771992,0.011470675,0.029301487,0.2219704,0.33309913,0.31218597,0.004242097,0.03313856,0.01255968,0.03670441,0.0005395133
0.015937047,0.11338952,0.20038676,0.095541164,0.08233268,0.09874717,0.16024,0.097147375,0.057755683,0.025730217,0.027065827,0.025726616
0.0013053702,0.0015843387,0.0007127271,0.0013467482,0.013131894,0.29451096,0.62480915,0.004341204,0.054824136,0.0008549544,0.002106539,0.0004719508
0.0005327601,0.0021792194,0.003003157,0.07483367,0.056329496,0.0071409503,0.6461727,0.20106803,0.0011653875,0.0047098687,0.0026735454,0.00019127814
0.0031106174,0.0014401769,0.0043039816,0.0071493727,0.59919906,0.15217872,0.04152049,0.013340206,0.06717606,0.073335946,0.023174832,0.014070502
0.00055102946,0.0003989796,0.0009524309,0.0013586099,0.6266765,0.21868391,0.12965855,0.004085372,0.013958444,0.0019654194,0.0016109186,9.983175e-05
0.0020488948,0.006086021,0.017578093,0.281687,0.14886557,0.37926325,0.045217313,0.04528794,0.01367518,0.01613357,0.042301983,0.0018552018
0.00030189854,0.0003927233,0.0011235403,0.0029905778,0.055674095,0.64615244,0.14967349,0.13725848,0.0027062192,0.001861976,0.0017824861,8.207157e-05
0.014883802,0.017365206,0.11180957,0.029914342,0.187525,0.051533733,0.053375285,0.021680798,0.027027193,0.110715754,0.02524417,0.34892514
0.0029236963,0.1125829,0.18672176,0.2007019,0.1017817,0.23039657,0.06894759,0.014527204,0.04389539,0.015613099,0.016870888,0.005037352
3.567057e-05,0.0024069329,0.018450126,0.015887978,0.055642128,0.010451413,0.0025773307,6.266659e-05,0.00035336646,0.893874,6.597628e-05,0.00019240455
0.0010884628,0.0060059777,0.011790154,0.0053186417,0.08178065,0.5810344,0.029833185,0.26646098,0.012772933,0.0013593781,0.0015710904,0.0009841436
0.001350943,0.10799971,0.023689663,0.08966205,0.27746943,0.27763656,0.20843802,0.0059971455,0.0008406528,0.0021960952,0.0039830087,0.0007366978
0.007827707,0.05921664,0.1272083,0.07088349,0.109280564,0.02465879,0.33063757,0.182873,0.03175645,0.03382122,0.009561449,0.012274833
0.0006172044,0.0014903458,0.0049274955,0.047828116,0.19202699,0.43560144,0.101532556,0.0015591998,0.18329954,0.008774245,0.022090375,0.00025242553
0.0002784101,0.00020622466,0.0005053539,0.004728191,0.082855724,0.009236604,0.35790116,0.5392622,0.0023005104,0.0019059564,0.0006882113,0.00013148201
0.99483514,0.003676899,1.7745384e-05,0.0001462752,0.00039958482,0.00028569953,0.00033427743,8.585572e-05,4.8764334e-05,5.1125106e-05,2.071004e-05,9.80403e-05
0.9951245,0.003553613,1.5961214e-05,0.00012959674,0.00034202822,0.00025208227,0.00030753182,7.7882236e-05,4.2764677e-05,4.3395354e-05,1.8673278e-05,9.214022e-05
7.798706e-06,7.531066e-07,5.725802e-06,2.6343589e-05,0.0005610524,0.00020782284,0.00088876043,0.9982716,1.2958639e-05,8.2815e-06,6.8048384e-06,2.133864e-06
0.00021571618,0.00020777773,0.00043572419,0.0009906531,0.0804962,0.58001286,0.018717023,0.30857795,0.0059558423,0.0041351146,9.9064215e-05,0.00015608757
0.0013641319,0.6159876,0.13096495,0.09879839,0.020118406,0.038533583,0.07302411,0.013291438,0.0027869653,0.0012713332,0.0027136495,0.0011454128
4.0046914e-05,0.022471284,0.46158472,0.45501873,0.02960235,0.018505992,0.006733982,0.0014016324,0.00024993173,5.126799e-05,0.004326604,1.3498412e-05
0.00047872448,0.2897113,0.18750966,0.31373343,0.037238754,0.031636372,0.10106365,0.023307241,0.003812814,0.0017774571,0.00930591,0.00042468982
0.0008998629,0.4506263,0.26052788,0.123175316,0.02637546,0.07241779,0.046291787,0.0039498727,0.005855512,0.0027393803,0.005630069,0.0015107663
0.0011219839,0.015317148,0.01894773,0.8056595,0.032884,0.08213495,0.010400381,0.0069193686,0.003680215,0.012067675,0.009790522,0.0010764975
0.0005087802,0.0018378182,0.0025818874,0.06549636,0.057058886,0.0071304445,0.67661613,0.17940962,0.0011877661,0.0052381787,0.0027462852,0.00018784034
0.00084113603,0.16951269,0.24121647,0.26149973,0.07116611,0.13589108,0.089899756,0.0069190855,0.011992934,0.0023561544,0.007844603,0.0008602326
0.0012261231,0.17005734,0.4018375,0.20902175,0.05092136,0.099158145,0.035873298,0.009667091,0.0052867336,0.00279112,0.011848449,0.0023110965
0.0003311023,0.21260405,0.3929465,0.18863244,0.045050338,0.06571209,0.06604158,0.01415548,0.003100775,0.0012140187,0.009793798,0.0004178169
0.0016140342,0.13879576,0.04603291,0.3678666,0.078642584,0.26162902,0.036801387,0.00846945,0.0068843355,0.0026821888,0.0495524,0.001029303
0.001077921,0.12961397,0.27251923,0.3386033,0.06758413,0.10067174,0.044591725,0.00409232,0.02410348,0.004651029,0.011012784,0.0014783073
0.004441337,0.0326644,0.032552354,0.05973539,0.1049245,0.14173155,0.4207882,0.11902467,0.03879252,0.006688195,0.036770463,0.0018864622
0.00081525615,0.00075517397,0.004187684,0.014088029,0.3740563,0.17078444,0.1847767,0.19602,0.029063338,0.008624823,0.016522303,0.00030593632
0.0031999925,0.0038107587,0.0075878263,0.03640415,0.23454316,0.22260278,0.3024476,0.088450596,0.031271107,0.028973531,0.038547363,0.002161151
0.0041396846,0.0034449685,0.013775386,0.03217138,0.12014714,0.030146055,0.017344788,0.008598375,0.016778875,0.73516,0.007852231,0.010441095
0.0005738057,0.00029041446,0.0005805482,0.002310244,0.82163423,0.15720822,0.0032952146,0.0026625618,0.0052844444,0.004474172,0.0014313875,0.00025469952
0.00018567656,0.6790482,0.1796137,0.08024239,0.0068032937,0.035145316,0.015728138,0.0016910859,0.000567288,0.00020906521,0.00058774033,0.00017812154
8.8495995e-05,0.43831018,0.43741965,0.07698715,0.012259761,0.02514394,0.007428234,0.00067401136,0.0011890956,0.000100642595,0.00027656887,0.00012227644
0.000109350935,0.8111129,0.111402236,0.05214782,0.0060819336,0.0098925745,0.0062033325,0.0011406182,0.00016612618,0.00012975791,0.001468889,0.00014444102
0.00037459304,0.0003390258,0.00042223846,0.011748554,0.02661823,0.007744125,0.09271283,0.8580684,0.00091294956,0.00040711608,0.0005576785,9.420227e-05
0.0128311515,0.13760813,0.20156097,0.17039558,0.08483703,0.10705985,0.060985398,0.13452429,0.06558576,0.0059502064,0.0124463,0.0062153656
0.0035549458,0.25939396,0.36606845,0.113896534,0.03615982,0.118164904,0.056666754,0.0063005146,0.011883624,0.006383893,0.016614785,0.0049118106
0.0005175546,0.0070900084,0.027461166,0.05265482,0.33769873,0.3282455,0.19988674,0.004628734,0.009353553,0.0037596333,0.028470218,0.00023330361
0.0027545698,0.20355375,0.4127078,0.15430379,0.051221192,0.06590224,0.044243272,0.002792607,0.006635219,0.02226742,0.019556014,0.014062037
0.0004188853,0.3894896,0.11098576,0.15738979,0.056126744,0.2523329,0.021384833,0.005651952,0.002667524,0.0011153467,0.000977783,0.0014589132
0.0034015358,0.31941256,0.3450631,0.13321142,0.04860845,0.06410312,0.042599782,0.015707873,0.014882243,0.0026473359,0.007914988,0.0024476396
0.007937776,0.034257453,0.029254565,0.07414194,0.15662894,0.3989637,0.108646326,0.035262514,0.04361839,0.035021346,0.06926972,0.006997358
0.00022485292,0.00016965215,0.0005052359,0.0040124813,0.07102946,0.0074937795,0.33221555,0.57997197,0.002007057,0.001663876,0.00058851775,0.000117614516
0.002803944,0.07452056,0.07168316,0.16372748,0.11794905,0.10472193,0.3213345,0.0814807,0.0009614643,0.017941782,0.037908368,0.00496703
0.00032108848,0.00786889,0.010442302,0.8216225,0.03863034,0.101622716,0.0043591573,0.005399273,0.0012366822,0.005104789,0.0030752688,0.00031693152
0.00035223967,0.17414035,0.42784068,0.14496668,0.040938687,0.07386307,0.12111058,0.0026141466,0.0064348346,0.002047599,0.0053018676,0.00038926458
0.013735996,0.026031945,0.032933433,0.18039052,0.19453205,0.13563319,0.1099696,0.13998295,0.022479115,0.047775492,0.07826624,0.018269423
0.015854634,0.07809404,0.19867334,0.07070717,0.15881243,0.084591225,0.111137345,0.03697782,0.061483532,0.056223396,0.025961123,0.10148401
0.0012873973,0.0009921424,0.0038706523,0.007195234,0.45217878,0.35279587,0.10521004,0.029666174,0.027428303,0.016104339,0.002137924,0.0011331063
0.0035929102,0.038768154,0.1808685,0.039823476,0.31111178,0.1480662,0.0873236,0.15460357,0.012004731,0.0025381015,0.01529455,0.006004389
0.0012297084,0.38235795,0.24137713,0.14779495,0.031567577,0.11512602,0.055584256,0.00670839,0.0076037566,0.0029189994,0.0061463816,0.0015848938
0.002879257,0.00868191,0.014338629,0.62189347,0.045143794,0.1454211,0.029005848,0.0046768445,0.046127036,0.008908353,0.072045505,0.00087817654
0.00024121477,0.34753636,0.39316222,0.16246338,0.020177864,0.04544911,0.017090067,0.005808325,0.0012744062,0.0003098163,0.0062341657,0.00025303307
0.9502281,0.043918177,0.00010596799,0.0005521954,0.0011861902,0.0017103484,0.0011984357,0.0005791966,0.00011272426,7.692371e-05,8.448223e-05,0.00024719685
0.9945157,0.003490714,2.0098074e-05,0.0001784248,0.00056420197,0.0004610837,0.00042275942,7.7386205e-05,7.949231e-05,5.9477337e-05,2.7251624e-05,0.00010338506
0.0010037033,0.20257899,0.36534837,0.35928947,0.023390468,0.01464801,0.015292762,0.004356215,0.0014302008,0.0092953695,0.0015527821,0.0018136887
0.0022803617,0.0049547656,0.009105869,0.066172704,0.27228782,0.35727718,0.0622085,0.0033232856,0.106046505,0.08385424,0.029279636,0.0032090656
0.0016691039,0.3275818,0.12071829,0.122703664,0.20283131,0.09924742,0.09639201,0.013813238,0.009694865,0.0013025992,0.0031947985,0.0008508749
0.00102182,0.0038468922,0.0064442772,0.06052771,0.29028696,0.5038908,0.024642756,0.004589663,0.04335868,0.046933297,0.012508246,0.001948842
0.0021113493,0.0014891544,0.0013230485,0.0014779618,0.019213451,0.10553885,0.68434703,0.011677528,0.16804682,0.002601168,0.0012850347,0.0008886412
1.1393925e-05,0.42174637,0.5062125,0.05286318,0.0035359384,0.012753404,0.002576104,0.00011236599,6.664115e-05,1.8417775e-05,7.003869e-05,3.3658074e-05
6.3212033e-06,5.9789045e-07,4.933942e-06,2.0796004e-05,0.0004947559,0.00018458787,0.00080410857,0.9984586,1.1170805e-05,6.962275e-06,5.5138457e-06,1.7151599e-06
0.00028764957,0.0055749062,0.008201489,0.82268155,0.050253112,0.095979996,0.002936853,0.003423,0.0016523888,0.0058617475,0.0028211984,0.00032610935
0.0011214317,0.039800726,0.17489173,0.06640406,0.34204823,0.29311255,0.05112876,0.004071254,0.01609563,0.0059779384,0.003878665,0.0014690013
0.0012402184,0.3914338,0.24910268,0.094524845,0.04292793,0.10655566,0.0890869,0.012039022,0.004498729,0.0018088247,0.004962331,0.0018190433
0.0010823703,0.012998737,0.019341456,0.6806967,0.053732608,0.11503953,0.04743308,0.00657518,0.01032796,0.0058660167,0.046532594,0.00037375995
8.461711e-05,0.005277773,0.0061471555,0.010972252,0.12699549,0.4438466,0.38920555,0.0017885166,0.0012959586,0.0008890445,0.013426582,7.040768e-05
0.00030764792,0.14835392,0.025731448,0.29984352,0.018005187,0.050037272,0.015937058,0.0028004036,0.00025973457,0.00046677535,0.43813893,0.00011813898
1.8526638e-06,5.712808e-08,1.472757e-06,7.8776594e-07,0.99831617,0.0013143189,1.2742581e-05,3.24926e-06,0.00026841,8.033822e-05,3.8191868e-07,2.5127392e-07
0.0005141656,0.66537756,0.16642794,0.066651516,0.022779457,0.024314916,0.035632964,0.006121374,0.0012577929,0.0010194406,0.008951977,0.0009509534
0.0024432922,0.002004586,0.0039342414,0.009538021,0.14101501,0.064078614,0.28273734,0.3861699,0.02966356,0.0078070397,0.06992112,0.0006873142
0.00045362342,0.00022591745,0.00049613236,0.0019879173,0.82602704,0.15437067,0.003146674,0.0020148691,0.005351104,0.0043642893,0.0013537246,0.00020795132
0.004809632,0.08522507,0.2548265,0.12807076,0.08708716,0.23555334,0.08215412,0.02649598,0.0230525,0.026431246,0.032986272,0.013307422
0.001203743,0.0020489758,0.0024973268,0.23248738,0.099130504,0.02041722,0.24840686,0.3832597,0.0029948847,0.0030990038,0.004141764,0.0003126063
0.0058130957,0.02600504,0.06743413,0.14060085,0.06737114,0.15845284,0.081986025,0.42703283,0.008472049,0.005907387,0.0073445416,0.003580127
0.0054284222,0.0019971707,0.0034470188,0.014296895,0.49103487,0.14125372,0.052911345,0.06065863,0.18350528,0.012870697,0.030456671,0.0021393395
0.0033793794,0.011792892,0.12805411,0.011747925,0.039814245,0.016603392,0.011865125,0.0049651065,0.0038027465,0.0047016577,0.005002183,0.7582713
0.0029216541,0.0027892555,0.012003522,0.024513936,0.11148572,0.02228333,0.016473312,0.008080069,0.00985562,0.77275544,0.007246565,0.009591519
0.0014081325,0.0053521413,0.0069611655,0.18147177,0.041431054,0.07829902,0.041504156,0.41515243,0.0048561236,0.0013139541,0.22207837,0.00017166119
1.8823739e-05,0.9605543,0.01690191,0.0111863855,0.0018997772,0.0021027315,0.0022671837,0.0050202576,2.1806369e-05,2.2378301e-06,2.259788e-05,1.9424983e-06
0.0029734808,0.05719462,0.09337787,0.41695178,0.15889418,0.2026496,0.012128918,0.020582216,0.012091084,0.008214459,0.012402469,0.0025393008
0.004900904,0.07161268,0.31564763,0.1884886,0.07706624,0.020419857,0.05299052,0.016233483,0.008157107,0.22125061,0.008203466,0.015028879
0.9853823,0.0027698765,0.00044188058,0.00070704834,0.0013953305,0.0064299465,0.0011021864,0.00037226506,0.0005146805,9.709309e-05,0.0003495646,0.00043762344
0.0003304225,0.024715971,0.04210059,0.105822824,0.08176216,0.029626012,0.51720065,0.19205649,0.0012379885,0.003973707,0.0009883244,0.0001848052
0.0009999134,0.5166355,0.11774485,0.20225376,0.06358768,0.0362956,0.050752904,0.0074555026,0.0019214447,0.00053802365,0.0013242988,0.0004904675
0.00012031609,0.61478823,0.10827787,0.19388333,0.031524926,0.027313685,0.02234309,0.0010557628,0.00023127522,9.2121176e-05,0.00025193766,0.00011748167
0.00024218703,0.004300945,0.010992729,0.7577887,0.047760066,0.15498137,0.007923815,0.0050297766,0.003138653,0.0027321083,0.005000678,0.0001089291
0.0032324167,0.011186675,0.033945076,0.63276064,0.07912956,0.03306291,0.008731771,0.008631138,0.0044329045,0.16907124,0.01066518,0.005150527
0.0036718796,0.1826339,0.26673436,0.07587263,0.06460084,0.11677653,0.10796533,0.14699273,0.009720613,0.0040976526,0.016922617,0.0040109237
3.098373e-05,0.24906352,0.56945217,0.14816709,0.0045032077,0.019202983,0.008007833,8.056136e-05,0.00038534307,0.00041647564,0.00060031714,8.9538866e-05
0.0024247514,0.34704936,0.2050147,0.21019928,0.035713706,0.11119816,0.02919583,0.04374538,0.007787427,0.0017752453,0.0047127507,0.001183349
0.00020934985,0.4589378,0.2185762,0.17818934,0.012925363,0.060148463,0.008703516,0.0017011657,0.00058965286,0.00041560322,0.059224445,0.0003791277
0.00031505458,0.5133139,0.18227303,0.160566,0.017696496,0.02894991,0.08227611,0.0026911166,0.0014524278,0.0003627956,0.009933147,0.00017004204
0.9947142,0.0034779347,2.3588664e-05,0.0002036475,0.00051928824,0.0003009583,0.00030954165,0.000111235706,6.505949e-05,7.947163e-05,3.5381272e-05,0.00015964534
0.0036341362,0.16934092,0.22726256,0.10803967,0.10201772,0.11222749,0.13841443,0.087149695,0.03827431,0.0021901946,0.0088876225,0.0025611806
0.0030206195,0.0028473153,0.011334088,0.025792284,0.11177585,0.022482948,0.01688979,0.008293283,0.010094066,0.77006555,0.008281957,0.009122268
0.0004984529,0.07980786,0.50459105,0.29073295,0.04219246,0.058612425,0.007961083,0.0014916393,0.006647831,0.0045715217,0.0016896863,0.0012030388
0.0031709715,0.008025348,0.005927513,0.009679643,0.22506593,0.290214,0.283962,0.0963092,0.027611844,0.006542737,0.04253703,0.0009536995
0.0062155286,0.05851654,0.036443185,0.18043783,0.1375828,0.121263996,0.15175375,0.26242772,0.0066313436,0.0018974419,0.035935346,0.00089456735
0.0014817349,0.12397205,0.27114943,0.28878686,0.084931806,0.09705235,0.07071226,0.0074223094,0.029420832,0.0071623605,0.015806604,0.0021013166
0.0016514075,0.26258683,0.37351155,0.09708886,0.024991965,0.11222599,0.018024778,0.1022486,0.003672242,0.0005190694,0.0027452342,0.0007334811
0.94831324,0.04471874,0.0001323698,0.00066638546,0.0015989589,0.0018004808,0.0014000739,0.0005076346,0.00014829225,0.00012080867,0.00016361708,0.00042935944
0.00038457708,0.07493387,0.29939032,0.32382616,0.07835691,0.115224645,0.06591156,0.032023124,0.0029073912,0.004526167,0.002267839,0.0002474172
0.00024276663,0.060395762,0.040310126,0.10378011,0.3834986,0.12582316,0.27035713,0.008465684,0.00066157634,0.00040740136,0.0059574107,0.000100262456
0.0004237621,0.00035137057,0.00042679315,0.011744898,0.027067486,0.008769764,0.085540526,0.8633785,0.001085292,0.00046756412,0.0006381432,0.00010594578
0.0009453159,0.005628169,0.005203481,0.048876833,0.037242267,0.048235755,0.064921975,0.021312328,0.0034606522,0.0030775277,0.7605739,0.00052172743
0.0015780712,0.122777276,0.27519953,0.2934192,0.075962536,0.10052536,0.067305,0.007831316,0.029935384,0.0069290246,0.016225124,0.0023121892
0.0013919498,0.0009437511,0.0013626899,0.003958303,0.34419107,0.31010777,0.23796365,0.0674179,0.015449148,0.008890474,0.0073763896,0.0009469422
0.010094639,0.010050803,0.02006393,0.018383468,0.24075685,0.07800852,0.08261334,0.06895834,0.43863553,0.01508376,0.010769687,0.0065810545
0.0010932201,0.044056717,0.12927148,0.04036553,0.08336137,0.31027818,0.08372031,0.30141163,0.0038897898,0.00089020125,0.0013272158,0.00033441896
0.0053421133,0.09634715,0.25148255,0.06949979,0.05245692,0.11593532,0.11141097,0.2274236,0.01355842,0.007423555,0.041841548,0.0072780666
0.0019441566,0.46719044,0.29176134,0.07754617,0.03942019,0.037180122,0.04940888,0.012385898,0.0028978016,0.004672078,0.010026137,0.0055668647
0.0016715343,0.001833969,0.0024528923,0.018251166,0.28084075,0.13518368,0.43996355,0.084904574,0.012902386,0.0036570388,0.018119486,0.00021901663
0.0039175358,0.018344436,0.016346527,0.37120172,0.11788233,0.32431766,0.05017751,0.03556528,0.009500711,0.025864422,0.02284533,0.00403651
0.0007551014,0.21023762,0.089876465,0.10275745,0.11207857,0.43923515,0.0238026,0.004301628,0.0071391314,0.0031284548,0.0017665289,0.0049213637
1.3296755e-05,0.0022916724,0.19945545,0.76874566,0.012427423,0.014595555,0.0007630582,8.960963e-05,0.00015945209,8.258156e-05,0.0013693823,6.8208583e-06
0.0012883446,0.14854467,0.042218477,0.44360298,0.060244348,0.22077464,0.04277864,0.007346815,0.0019365259,0.00083875254,0.030118195,0.00030757897
0.0012442033,0.0006902097,0.0021165612,0.01339871,0.156149,0.25802332,0.18749131,0.0042653345,0.3364059,0.008500085,0.03133874,0.0003767084
0.001377215,0.06447467,0.47657302,0.2784035,0.060617175,0.066352494,0.014683935,0.0037183247,0.018409574,0.008443625,0.0045977444,0.0023486787
0.0013218438,0.28728038,0.2505361,0.09686406,0.04391007,0.22141638,0.0284514,0.06359633,0.0033171447,0.0004884283,0.0022604035,0.00055740273
0.0015734772,0.4875147,0.13346174,0.10075766,0.09170109,0.041844614,0.12567778,0.007952344,0.0037900303,0.0014188609,0.0028782764,0.001429437
0.00138181,0.010691655,0.01330853,0.7629993,0.038352553,0.12069697,0.009044945,0.0021904025,0.008540441,0.012955193,0.018788226,0.0010499572
0.002502312,0.001563658,0.0034356136,0.0132085895,0.12588672,0.090322,0.30172306,0.025757698,0.113384396,0.012285925,0.30903116,0.0008988988
0.0019642948,0.34143624,0.21012557,0.35744384,0.02055998,0.031089075,0.020258838,0.007935662,0.0024452175,0.0024881146,0.0032649462,0.000988091
0.00016990356,0.13051432,0.4106044,0.20815016,0.03357657,0.0917918,0.10969894,0.0006658315,0.006916115,0.0012419112,0.0064399256,0.00023003643
8.074967e-05,0.00070072786,0.0009968672,0.0071419417,0.030421305,0.8970702,0.04212413,0.0008915626,0.0019611893,0.0004170481,0.018176632,1.7571076e-05
0.0030949076,0.007984442,0.009158967,0.13396876,0.033963796,0.058359895,0.030496795,0.67192286,0.0048431456,0.0020802426,0.043319672,0.0008065942
0.00034156625,0.59848326,0.22309417,0.10842549,0.009227444,0.039091542,0.015765077,0.0023962732,0.0010143691,0.00044736758,0.0013341949,0.00037926063
0.0009812173,0.44445145,0.28704438,0.10076718,0.025634708,0.038345758,0.04382132,0.013357098,0.0030893867,0.0025417123,0.038018413,0.0019474616
6.120008e-05,3.3648186e-05,6.170014e-05,0.00055803027,0.00329492,0.0020150791,0.004714173,0.9876803,5.4542907e-05,4.8664002e-05,0.001466922,1.0782643e-05
0.007704966,0.3008394,0.3065269,0.11026453,0.054018114,0.02624915,0.070852466,0.0074811927,0.0019185805,0.006635956,0.01852083,0.0889879
0.005279634,0.35063884,0.256197,0.15030667,0.031364877,0.050304353,0.09938949,0.032567374,0.007138266,0.006210236,0.006545745,0.00405755
0.00018853587,0.38645414,0.42544267,0.13383877,0.012127559,0.029006835,0.006830431,0.0044523734,0.0007722672,9.227613e-05,0.0006875709,0.000106545376
0.005148707,0.0058079166,0.009991603,0.070316166,0.19192089,0.36747283,0.07103648,0.019680515,0.18756543,0.051467754,0.015841572,0.0037501194
0.004596174,0.024049962,0.017586142,0.24338423,0.1450758,0.3299648,0.046409424,0.011917735,0.018629633,0.006828271,0.15016429,0.0013936025
0.0003509037,0.017402725,0.01699575,0.8639565,0.025065308,0.061464652,0.0037819596,0.00047491505,0.0016933773,0.0029409807,0.005592936,0.0002800244
0.0035902224,0.050209224,0.10725521,0.05066506,0.084390394,0.38951638,0.25308952,0.011123909,0.008916454,0.018419022,0.008735535,0.014088983
0.99555355,0.0025242306,5.45357e-05,0.00021374164,0.00027709885,0.00049897016,0.0003732964,3.0855692e-05,0.00014015743,0.00016181216,1.8579629e-05,0.00015318682
0.0002470582,0.19550982,0.34158128,0.15483065,0.03731323,0.12224303,0.13453038,0.0014097809,0.003259733,0.0009551517,0.007897832,0.00022199014
7.0960705e-06,0.34285393,0.5875441,0.053726595,0.0036190702,0.010784864,0.0012417453,6.8599984e-05,6.170164e-05,1.4893569e-05,4.6158308e-05,3.130488e-05
0.0013222558,0.14592366,0.27661297,0.28819424,0.07676378,0.09563115,0.06386845,0.0066883834,0.024333656,0.005330996,0.013492026,0.001838472
0.0018033087,0.12390623,0.3563459,0.20597199,0.11412675,0.09632647,0.056925993,0.007100776,0.011800009,0.008242102,0.014160073,0.0032904034
0.0015012043,0.40059844,0.32522318,0.07865365,0.037002914,0.07643849,0.04196467,0.001868263,0.004816297,0.0074578514,0.009282911,0.015192141
0.0005164649,0.615159,0.1290741,0.15133472,0.031651653,0.026542235,0.0403034,0.0030032648,0.0007096474,0.00034895455,0.0008967858,0.0004597307
0.0007363185,0.0010244803,0.0027656748,0.0136012975,0.17729066,0.61266124,0.11330244,0.008168255,0.049286835,0.008927802,0.011750957,0.00048405188
0.0013777558,0.0029895895,0.007021925,0.01651051,0.21115962,0.43722337,0.25160602,0.017995965,0.03171319,0.008003033,0.013867301,0.0005317776
0.0001248521,0.16758427,0.5002505,0.20818879,0.029691849,0.059740245,0.025413672,0.0021126259,0.004039657,0.0007319381,0.0018862266,0.00023536125
0.0013738,0.008014401,0.020445928,0.08957849,0.37274233,0.22155459,0.16216658,0.005170259,0.048077043,0.02341984,0.046405468,0.0010512768
0.00031454442,0.019364143,0.19526194,0.66173935,0.083384804,0.014494922,0.010369854,0.0027035368,0.0036338144,0.0052349283,0.002237684,0.0012605352
0.013751333,0.039724745,0.061707254,0.044780146,0.15126358,0.071243845,0.15232243,0.14610702,0.27950972,0.014510679,0.015826214,0.009253087
0.0022497554,0.0065867393,0.019367456,0.28285512,0.1473079,0.37436846,0.041482195,0.05086513,0.014479385,0.015761018,0.042685144,0.0019917171
0.024017736,0.11063548,0.14247555,0.06456488,0.10657592,0.09317128,0.16381772,0.14060736,0.027610512,0.052067034,0.03606568,0.038390853
0.0024373783,0.0007609075,0.00080574176,0.001077459,0.013913875,0.10943673,0.27882588,0.0076694563,0.58110255,0.0019695833,0.0012992583,0.0007012065
0.00034175493,0.2151039,0.42720738,0.21860597,0.033921957,0.06773447,0.021271288,0.00091214036,0.0042866836,0.002479873,0.0071618897,0.0009727524
0.00039284094,0.22629283,0.2887116,0.32490975,0.055692744,0.066346794,0.020290064,0.012411123,0.0021227233,0.0008316942,0.0016121053,0.000385769
0.002161273,0.34838495,0.21297416,0.21961513,0.040003695,0.10958131,0.031651575,0.014501618,0.007958847,0.002656537,0.008793296,0.001717607
0.0024387462,0.14200193,0.41311845,0.11677194,0.057239737,0.14045437,0.06496885,0.011747803,0.011910318,0.013214697,0.01803163,0.00810153
0.001568548,0.32473034,0.22959794,0.15112472,0.043073393,0.1483714,0.06713219,0.009339607,0.011304446,0.0043721376,0.007297022,0.0020882702
0.0008181273,0.0024558466,0.016019538,0.0055835857,0.027139137,0.7423901,0.083152115,0.06097306,0.04693871,0.0012533091,0.013161945,0.00011459718
0.0028763453,0.09599578,0.22475791,0.10198159,0.076662354,0.25995827,0.103342056,0.081484444,0.016963374,0.008628571,0.02319314,0.0041561658
0.00022140358,0.70393497,0.1704235,0.05145455,0.014968288,0.017664831,0.030840626,0.0027468526,0.00055965205,0.000715408,0.0059733097,0.00049665716
0.00040518056,0.000109493885,0.00041503683,0.0003734411,0.018268533,0.005384549,0.23562576,0.687186,0.049750637,0.0015712488,0.0007454458,0.00016468234
0.0027257265,0.30334863,0.30621585,0.15949225,0.035166986,0.09079459,0.055100538,0.025569472,0.0058659376,0.0039361175,0.009214233,0.0025696466
0.0051799403,0.008105841,0.011751356,0.082485266,0.20918144,0.36159608,0.07018596,0.015482592,0.15666008,0.059468526,0.015786322,0.0041166455
0.00026838598,0.39644116,0.3577556,0.15507998,0.01890627,0.039467305,0.017610671,0.0068655745,0.0012898046,0.00027383777,0.0057950066,0.0002463675
0.99602216,0.0011024532,2.3702922e-05,8.648556e-05,0.00070886343,0.0015674857,0.00016821621,1.5691854e-05,0.00013869934,2.6884016e-05,2.7006308e-05,0.00011237808
0.0016360821,0.37657928,0.20576951,0.14583011,0.04576705,0.043145504,0.06941274,0.09248809,0.0037029854,0.0023398723,0.012313734,0.0010149935
6.7334277e-06,0.47235942,0.44941232,0.06700986,0.002277796,0.00810645,0.00057721883,2.331201e-05,2.6089445e-05,1.0360044e-05,0.00017030945,2.014998e-05
0.0066424333,0.0068848715,0.007656656,0.020691542,0.080399096,0.03857476,0.15910344,0.57974005,0.016939348,0.0046984656,0.076750726,0.0019186453
0.0063677044,0.14921862,0.16089632,0.05950744,0.054953966,0.19919117,0.16362318,0.1663571,0.021205407,0.0040581212,0.009813901,0.004807097
0.007718923,0.07281259,0.16194068,0.0822315,0.0375061,0.080188304,0.05771887,0.47794926,0.013122946,0.0018041151,0.0027587325,0.0042479127
0.0016818693,0.38657737,0.124224804,0.12092832,0.14663324,0.09023872,0.10608774,0.010659137,0.00815015,0.0012368652,0.0025903624,0.0009913944
0.002106563,0.002667266,0.0032380696,0.026948903,0.30593485,0.16905384,0.37069008,0.07699004,0.016596062,0.0038308012,0.021686938,0.00025658196
0.002533084,0.00083778606,0.00088656397,0.0012138544,0.014148991,0.11087233,0.28205124,0.007312438,0.57592416,0.0021617473,0.0013135583,0.00074419996
0.0013279245,0.11910593,0.1889946,0.25729614,0.1087131,0.1626732,0.06664651,0.018152818,0.028911559,0.0044997004,0.042503815,0.001174691
0.0050042025,0.1830944,0.17475142,0.06295061,0.058839943,0.22994289,0.128473,0.12080075,0.021133022,0.0035853717,0.0073305736,0.004093838
0.0007206057,0.25084132,0.35949427,0.16808031,0.03365177,0.15201838,0.018487336,0.0048504705,0.002308746,0.0018320003,0.00591397,0.0018008265
0.0017884054,0.25979337,0.32431978,0.18646075,0.050952516,0.06857111,0.0697558,0.008724271,0.011541116,0.008519486,0.006374868,0.0031985806
0.0015798269,0.09104211,0.30750364,0.1316229,0.06325478,0.28615096,0.03874039,0.010298099,0.008621306,0.008645999,0.047715288,0.0048247343
0.005381712,0.0026063626,0.0075650425,0.018509911,0.1741443,0.08102924,0.0926944,0.44696835,0.14186792,0.010396582,0.016603276,0.002232919
0.0025678216,0.011211143,0.011796659,0.4078811,0.029349947,0.049995374,0.05994429,0.070372485,0.006614906,0.004412655,0.34522298,0.00063059194
0.014696681,0.0400317,0.056338508,0.0478148,0.16215174,0.07451665,0.13692868,0.16198808,0.2673194,0.014085668,0.015642408,0.008485656
0.0012848168,0.006302397,0.0058956165,0.21136399,0.02431324,0.024375401,0.104217075,0.060200512,0.0030376683,0.002882428,0.5558206,0.00030624887
0.0025441041,0.37715888,0.19900611,0.13234672,0.04572754,0.108420454,0.094578944,0.010080109,0.012857527,0.0053470037,0.008895108,0.003037501
0.0060051354,0.11698742,0.14863475,0.05653219,0.066172384,0.22819503,0.1480949,0.18613072,0.024715478,0.0046110973,0.008996348,0.0049245134
0.0006546388,0.27259818,0.28798822,0.13008052,0.03200785,0.105998665,0.04200313,0.0024917217,0.0042296415,0.0027877458,0.117368765,0.0017908985
0.00042496863,0.38186732,0.2993302,0.2375621,0.017469518,0.036272626,0.014732048,0.0010701653,0.00061626907,0.001777627,0.007296349,0.0015807655
0.00084113603,0.16951269,0.24121647,0.26149973,0.07116611,0.13589108,0.089899756,0.0069190855,0.011992934,0.0023561544,0.007844603,0.0008602326
0.0002454338,0.0065879133,0.010210987,0.849244,0.04588899,0.071929276,0.0032046144,0.0027938965,0.0012424589,0.005837138,0.0024214867,0.0003938357
0.00023368442,0.49142355,0.2748342,0.17517996,0.013235072,0.031847086,0.007799233,0.0007763809,0.0010842903,0.00057970174,0.0025837366,0.00042308625
0.002127001,0.35976082,0.21180493,0.10850848,0.13591914,0.05081842,0.09668112,0.020540651,0.0055490085,0.001926796,0.0035653708,0.002798223
0.9549389,0.0068349997,0.0010085899,0.005176208,0.02040876,0.0046307812,0.0037347327,0.0001189613,0.0002669675,0.0014784423,0.00017353459,0.0012290932
0.00015167122,0.0023171157,0.010054162,0.034158234,0.35281962,0.548118,0.028600296,0.0010631691,0.00847817,0.0049269353,0.009044913,0.0002677021
0.004989073,0.19660684,0.35739303,0.11407685,0.057056762,0.043083847,0.066155404,0.09604293,0.041490834,0.0041272035,0.014741401,0.004235797
0.003780704,0.16526963,0.19838361,0.34132618,0.046755947,0.08779863,0.024069889,0.117768675,0.007004977,0.0026957225,0.003646363,0.0014996139
0.00221977,0.36865804,0.22556691,0.14386879,0.040534645,0.11791048,0.06337355,0.0088624945,0.012454279,0.004477786,0.0091588665,0.0029143787
0.0056677917,0.009163567,0.016623981,0.24909198,0.10876129,0.23607728,0.04754735,0.23183252,0.017662294,0.012274916,0.06278823,0.0025088766
0.0006794555,0.0006826807,0.0013003506,0.0027783464,0.07954648,0.028960215,0.62497604,0.21731351,0.010547315,0.003272921,0.029666193,0.0002765023
0.0049450444,0.022090774,0.056287188,0.061884303,0.102958225,0.034406863,0.3865205,0.26001015,0.02535727,0.028248752,0.005578835,0.011712136
0.0035161918,0.0005149503,0.0052199247,0.002722943,0.012181873,0.42355984,0.00584092,0.002953126,0.5313007,0.0009981911,0.011022899,0.00016846773
0.0003422448,0.000638093,0.00097402517,0.0011185491,0.0108378455,0.05155434,0.88090944,0.004486731,0.048057254,0.00071982597,0.00017121946,0.0001903746
0.0011873463,0.5558189,0.18430254,0.103040844,0.014592082,0.028536098,0.0357718,0.009067551,0.0022167661,0.0008581829,0.0634753,0.0011326448
0.0025688354,0.14650452,0.086013235,0.4208888,0.05689436,0.1945902,0.04091952,0.013255571,0.0052489345,0.00867998,0.021408735,0.0030272985
0.00039756304,0.23488556,0.1504563,0.066099964,0.06925156,0.17990658,0.28716615,0.003050938,0.0033582407,0.00062321126,0.004631832,0.00017207568
1.7869019e-05,0.0001806415,0.00038699267,0.0017518429,0.031957787,0.93495625,0.030236918,0.0002528422,0.00014477459,2.5653613e-05,8.319273e-05,5.2328455e-06
0.0020499104,0.0021307962,0.0061011603,0.039167844,0.27053586,0.424563,0.060856562,0.13582683,0.023566883,0.022594519,0.011146716,0.0014599559
0.022089206,0.107452996,0.18287581,0.06306914,0.13809262,0.049538165,0.16573557,0.060175784,0.052722607,0.035868235,0.023774935,0.09860497
0.0041174,0.22180274,0.350797,0.11817586,0.047207076,0.0998875,0.08523562,0.024890656,0.01445748,0.009763737,0.017107269,0.0065576625
0.0006256065,0.16043416,0.53690666,0.16035703,0.030801069,0.07381937,0.015745832,0.013030752,0.002855509,0.0010603004,0.003267918,0.0010957946
0.00018520925,0.0020394453,0.007554084,0.040520832,0.23295073,0.6236092,0.07323594,0.0012391402,0.010909942,0.0022683777,0.0053775646,0.000109525965
0.0018799903,0.0016159042,0.0031261165,0.0137537625,0.105016716,0.08742627,0.32980782,0.028266031,0.0678537,0.010434261,0.35005838,0.0007609519
0.0043932768,0.06205568,0.15980841,0.1712351,0.17170052,0.21668676,0.07424726,0.035125475,0.05454102,0.035721764,0.010325422,0.0041593737
0.00016666687,0.44750065,0.13170111,0.09364399,0.06297806,0.05763073,0.18464085,0.017155508,0.00043691983,0.0001569846,0.003889896,9.857785e-05
0.00018503795,0.0033714038,0.008579597,0.040938832,0.23239593,0.5638385,0.13131663,0.0025493326,0.007262417,0.0023411189,0.007144797,7.640609e-05
0.95691144,0.037745237,8.938102e-05,0.0005483931,0.0010557693,0.0014817104,0.0011126496,0.00058052747,9.9979974e-05,7.5441996e-05,8.217926e-05,0.00021734579
0.0048586274,0.39496425,0.18556415,0.169831,0.034769744,0.07764681,0.07741918,0.025867755,0.013138101,0.004616829,0.00835591,0.0029676452
0.0083947005,0.009334582,0.01863575,0.019627765,0.25927773,0.089498185,0.053958483,0.0510072,0.4645532,0.011214381,0.009638389,0.004859555
0.00020829207,0.50216633,0.30753562,0.1333488,0.008696255,0.030077036,0.006747987,0.0009220001,0.0007272277,0.000371143,0.008712081,0.00048722848
9.7154996e-05,0.007579862,0.47211686,0.39389437,0.07151866,0.027103808,0.015867531,0.0018770271,0.00089699315,0.00027667635,0.0087192925,5.1888986e-05
0.00010793569,0.029043823,0.036302008,0.016167706,0.10736238,0.64705455,0.15356557,0.0076024127,0.0007488321,0.00043652757,0.0015358963,7.235065e-05
0.012498904,0.035905506,0.055458874,0.04318012,0.17669716,0.07349922,0.15350926,0.12736213,0.28032205,0.016314724,0.016545435,0.008706672
0.0007251199,0.45469657,0.21684241,0.23699498,0.013855134,0.027808128,0.029884532,0.008653831,0.0023231127,0.000617824,0.0072560655,0.00034223127
0.00019140716,0.6863539,0.17469147,0.095881544,0.0059212875,0.017716639,0.016113898,0.0013491208,0.00036418345,0.0002983733,0.0008854917,0.00023262147
0.001670511,0.0018601272,0.0032120256,0.02048986,0.240818,0.29655108,0.33921582,0.02910278,0.040611304,0.003470093,0.022710359,0.00028807533
6.4050105e-06,0.36948955,0.5554127,0.062464356,0.0024262492,0.008740919,0.0012591351,7.016167e-05,6.309406e-05,7.5486455e-06,4.959116e-05,1.0292223e-05
0.00445151,0.21358547,0.37305874,0.1094296,0.054941416,0.043004245,0.06501054,0.07622987,0.038438722,0.0036883838,0.013878077,0.0042834035
0.0031023046,0.011595313,0.021856911,0.09310568,0.2834748,0.26526117,0.09518408,0.0053075226,0.089198306,0.083677106,0.043621387,0.0046154126
0.008197073,0.06876475,0.1320514,0.10578271,0.15603714,0.1763532,0.122741014,0.012894862,0.14088038,0.03713258,0.027249755,0.011915147
0.0017476948,0.0039653345,0.008231542,0.29851314,0.11353732,0.26621598,0.05583995,0.0040390403,0.19195828,0.014115185,0.041148543,0.0006880018
0.00020474191,0.052323222,0.21155918,0.32749978,0.07590765,0.2847994,0.026932793,0.007903947,0.007003502,0.004303715,0.0014150458,0.00014712746
0.00021726593,0.0005282733,0.0006569754,0.015481902,0.045185886,0.67421746,0.0676308,0.1888789,0.003706073,0.0013416869,0.0020636413,9.1211514e-05
0.00029165306,0.23484789,0.28841418,0.24061537,0.078073464,0.112723134,0.026588198,0.0007144282,0.0032678163,0.0071900208,0.004991733,0.0022820954
0.006469412,0.008178691,0.024285186,0.051841717,0.31712994,0.13424456,0.061074965,0.0115248235,0.053471535,0.20812707,0.1137571,0.009895015
0.003990875,0.13222156,0.06774445,0.36143428,0.06789276,0.24441698,0.04038278,0.022286864,0.009230634,0.0107964305,0.035518862,0.0040834188
0.0038035112,0.0055575515,0.007500151,0.021694338,0.111694224,0.22852956,0.040188644,0.53697735,0.025187286,0.0027405752,0.014926247,0.0012005811
0.0018744146,0.34336147,0.21053596,0.1530904,0.03992051,0.14347976,0.07003762,0.010602163,0.011501937,0.0042102137,0.009132741,0.0022528546
0.0020943172,0.029844308,0.045619667,0.43237332,0.08362478,0.20976192,0.012385836,0.0042976653,0.005099875,0.022394832,0.1459345,0.006568928
0.0012846803,0.0018350568,0.0140527245,0.16138898,0.6473418,0.052122653,0.028212221,0.0076485644,0.016815182,0.05465724,0.012591364,0.0020496114
0.0027916136,0.00045068437,0.004432558,0.0023878461,0.011679327,0.43575835,0.00505978,0.0028460424,0.52633494,0.0008177769,0.0073066666,0.00013449228
0.0022546514,0.47130147,0.18333709,0.06368479,0.02038304,0.12875243,0.07169781,0.050895363,0.0037762665,0.00068916177,0.0020546098,0.0011733702
3.0746756e-05,0.08039545,0.6411182,0.19335063,0.02012777,0.038151372,0.023267755,0.00014059321,0.0016801606,0.0005233752,0.001147187,6.674334e-05
0.00052703195,0.00012831076,0.00072863733,0.0015333797,0.027166026,0.010082034,0.05669667,0.87216836,0.028480072,0.0007752515,0.0015262229,0.00018794062
0.003273186,0.0029240646,0.011816437,0.026364192,0.11061631,0.023084983,0.017192364,0.008126861,0.011808934,0.7664591,0.007951154,0.010382347
0.0007738032,0.4354024,0.29658288,0.105564676,0.027346747,0.039372288,0.04531353,0.010462946,0.0025599084,0.0024973517,0.03227956,0.0018439236
0.0023315742,0.049405463,0.036576044,0.44157657,0.093368806,0.28176713,0.017532924,0.057254907,0.0030136234,0.001772614,0.014606463,0.000793887
0.0017304395,0.44664302,0.10656192,0.21776623,0.094323985,0.04530284,0.06533036,0.015523768,0.0035077059,0.00082798355,0.0017638078,0.0007178617
2.4529303e-05,0.016343625,0.008861278,0.021600595,0.02620021,0.2951618,0.63027024,0.0011774735,0.000105631356,3.3497286e-05,0.0002186371,2.4058313e-06
0.015480971,0.17715251,0.15644193,0.15822563,0.06324223,0.10255462,0.09301545,0.16859044,0.047064196,0.004526855,0.008434336,0.005270821
0.0004262259,0.26584044,0.18593104,0.34401888,0.036772557,0.03194862,0.100409314,0.019701673,0.0035765802,0.0017408459,0.009263676,0.0003701162
0.00014206266,0.00040989538,0.0011851806,0.0040823077,0.4763612,0.27528843,0.229695,0.0016241319,0.003971265,0.0013437127,0.0058301706,6.664448e-05
0.012098172,0.013971009,0.019965893,0.3675308,0.14792286,0.069644816,0.09289761,0.14123136,0.029052695,0.070033036,0.02661862,0.009033189
0.0011367532,0.38007823,0.32987642,0.1612821,0.01695827,0.07495633,0.015636683,0.0135774715,0.003400032,0.0007070189,0.0017090125,0.00068169355
0.0006240629,0.015934194,0.018320046,0.8145664,0.037570678,0.07830661,0.00974727,0.003860865,0.0029762015,0.009112108,0.008174983,0.00080666866
0.0008194678,0.00069130637,0.0033325718,0.012323904,0.7303643,0.12374643,0.017614935,0.0035873689,0.005385962,0.09356317,0.007032836,0.001537694
0.00055603485,0.0008229332,0.0033447437,0.024557382,0.1519922,0.47355455,0.1403684,0.0015848753,0.1771449,0.005820836,0.020073755,0.00017941179
0.9952421,0.002604677,1.8894578e-05,0.00017503594,0.00063017226,0.00047077273,0.00048716847,0.00010073078,9.029966e-05,5.903765e-05,2.6537446e-05,9.459361e-05
0.0081485845,0.014566603,0.037311893,0.116705164,0.35557696,0.1654191,0.07440648,0.03907182,0.038730737,0.08149276,0.0579757,0.010594254
0.996305,0.00081609626,6.9443864e-05,0.00012112276,0.00028358545,0.0011796864,0.0003483726,2.5107453e-05,0.00024014029,6.99731e-05,0.00012283122,0.00041859844
0.0024408738,0.003237173,0.0036268556,0.027952446,0.32101014,0.1609647,0.33935982,0.09784353,0.016759027,0.0037175324,0.02278775,0.00030026297
0.0018274823,0.0073945653,0.008503093,0.04920468,0.2792645,0.45676365,0.050338537,0.015779203,0.018565908,0.09156746,0.016049357,0.0047414913
0.0031615004,0.0036609871,0.013779466,0.03017511,0.1258591,0.023516795,0.01891894,0.0072089694,0.010177825,0.7459074,0.0074880216,0.01014583
0.0009909536,0.0022466802,0.004165851,0.013546225,0.1414169,0.1122541,0.36288226,0.010509713,0.044114057,0.011868432,0.29540652,0.00059841573
0.002033267,0.034748096,0.044014327,0.5232832,0.0394856,0.1915881,0.011005785,0.055554528,0.0017981445,0.0026186674,0.09265442,0.0012158654
0.0070872754,0.0071932883,0.013663423,0.16487308,0.16578397,0.19624278,0.07977459,0.30454484,0.010881642,0.018189339,0.02497474,0.0067910277
0.0050991275,0.19319797,0.24255471,0.0734949,0.052168068,0.11717263,0.056727335,0.23387146,0.014090634,0.0018040361,0.0071726306,0.0026464988
0.0147958845,0.033700224,0.04873346,0.043556064,0.115559295,0.09183756,0.18234362,0.32793996,0.10361494,0.009230965,0.022815226,0.00587285
0.0048130327,0.03185482,0.046338446,0.32487416,0.07445837,0.2896856,0.020331116,0.063393876,0.0051651937,0.008768903,0.1271962,0.0031202908
0.0017611232,0.0056018285,0.018424407,0.3405205,0.13765703,0.36293894,0.031267542,0.033451308,0.012694921,0.014662084,0.039443754,0.0015765625
4.9084403e-05,0.16351673,0.52520907,0.14655235,0.05579374,0.048027996,0.05678068,0.0010616052,0.00074390415,0.00037335715,0.0018140901,7.725515e-05
0.0012607676,0.0011263196,0.002366549,0.0041765,0.6340505,0.29238522,0.04098854,0.0010992824,0.012419731,0.005536009,0.0043008635,0.000289703
0.0025752373,0.16318502,0.3024029,0.26149756,0.05430882,0.082589716,0.072542846,0.009647908,0.021243881,0.015880076,0.009978678,0.0041473475
0.00044328131,0.14011914,0.071309365,0.42866978,0.08513772,0.14476332,0.024785995,0.0017284331,0.0012518166,0.0033716813,0.097783655,0.0006357716
0.008653967,0.020451283,0.045618065,0.1445533,0.2966915,0.17033923,0.080258235,0.07191744,0.031287972,0.061568696,0.058515772,0.010144512
0.0012735598,0.12101059,0.27550715,0.31134287,0.0748757,0.09725499,0.06295109,0.0068454808,0.025079174,0.0064955642,0.015539021,0.0018248219
9.164092e-05,0.00014065878,0.00039695128,0.0021376668,0.0262078,0.002175205,0.863803,0.10189236,0.0007437561,0.0017896092,0.00057983113,4.1520645e-05
0.0019109788,0.10683276,0.45444822,0.113089755,0.07482536,0.095438644,0.082925275,0.015842775,0.008205069,0.006576603,0.029664457,0.010240074
0.0032197547,0.0005086299,0.005464614,0.0027545302,0.01232977,0.42063534,0.005389085,0.0028932767,0.5350593,0.0010163633,0.010566887,0.00016246791
0.00084113603,0.16951269,0.24121647,0.26149973,0.07116611,0.13589108,0.089899756,0.0069190855,0.011992934,0.0023561544,0.007844603,0.0008602326
0.010097395,0.012972671,0.09712341,0.021833515,0.1453728,0.042891935,0.03685474,0.011095371,0.019222742,0.105231,0.014616401,0.482688
0.0009647939,0.4389967,0.22052059,0.10532518,0.02506512,0.1404696,0.044807047,0.012018336,0.004211433,0.0015344907,0.004730853,0.001355902
1.7425472e-06,5.1757645e-08,1.3215158e-06,7.513394e-07,0.99829406,0.0013335102,1.2741545e-05,3.1661546e-06,0.00027391617,7.818754e-05,3.740861e-07,2.3610512e-07
0.0018067186,0.010507833,0.0096450085,0.5264357,0.02905446,0.048904296,0.052391615,0.06610859,0.0051494134,0.003246974,0.24640886,0.0003405822
0.0014641639,0.00038239697,0.0012357648,0.001626571,0.023314998,0.02305004,0.08219976,0.5564083,0.30287296,0.004281585,0.0027284464,0.00043506868
0.0041216123,0.059660584,0.4881516,0.08309559,0.101784706,0.076202296,0.05155232,0.032560147,0.037589494,0.011388925,0.019544471,0.034348268
0.00022047822,0.0032305028,0.017607832,0.0537818,0.31775934,0.44254684,0.0839064,0.0004370599,0.038920034,0.012081052,0.029230842,0.00027788186
0.07742152,0.05441726,0.018230204,0.02836857,0.16920538,0.59687066,0.01812704,0.031345095,9.9028104e-05,0.0015687019,0.00016086057,0.0041856472
0.0056591984,0.008061443,0.04350125,0.0053793667,0.026432924,0.011350713,0.013967541,0.011460397,0.0023052949,0.005439617,0.0045336955,0.8619087
0.011848114,0.005545199,0.00787677,0.025025334,0.21306597,0.18980402,0.1252907,0.12350668,0.20503655,0.056453776,0.029432673,0.007114193
0.0022220146,0.0016586015,0.00160039,0.0017259627,0.01940016,0.1070387,0.68007594,0.01178722,0.16961823,0.0026276973,0.0013189022,0.0009262452
0.00077692204,0.20477413,0.4017944,0.1847473,0.05161145,0.08989022,0.039258555,0.002094434,0.008009692,0.004771961,0.010321067,0.0019498373
0.0029278044,0.002825782,0.012253755,0.02368602,0.100968435,0.021066612,0.017183986,0.00782138,0.008953034,0.78544086,0.0071881562,0.00968414
0.00033741587,0.00063420524,0.0015911016,0.0056399526,0.1807124,0.13298033,0.6215663,0.01968981,0.01848528,0.0059063993,0.012297515,0.00015923586
0.00030421847,0.00023161162,0.0018380671,0.0071960897,0.52746475,0.3126972,0.100022994,0.010249514,0.01293764,0.025599124,0.0013088653,0.00014994864
0.0023465822,0.0016352861,0.0040252386,0.012681987,0.12969925,0.091079,0.32223535,0.026842512,0.10191761,0.01353767,0.29307368,0.00092580833
0.0008019739,0.0026914075,0.0073156655,0.023312226,0.3049579,0.11884674,0.489048,0.009510921,0.008208524,0.009966828,0.025096638,0.00024317422
0.001348039,0.0020253733,0.0059651164,0.017959688,0.40932956,0.4412221,0.030666161,0.0112484,0.034635965,0.026070775,0.018353773,0.0011751136
0.0007946863,0.09103182,0.27060813,0.18655807,0.055165276,0.11633071,0.23520574,0.004537232,0.023164894,0.0029638165,0.0130856475,0.00055397203
0.00019258092,0.21318647,0.19380085,0.48128986,0.018541314,0.052379753,0.031808466,0.0011997024,0.0017393542,0.0006717931,0.005053706,0.00013613369
0.0004813224,0.00070021645,0.003369065,0.02184696,0.20400932,0.5881523,0.11436805,0.008984957,0.040937517,0.0073970794,0.009532979,0.00022023583
0.0024963086,0.031818558,0.021069298,0.3708032,0.10371945,0.2079472,0.15011251,0.040044777,0.010771575,0.005560396,0.054905318,0.00075142586
0.9907877,0.0020964677,5.2335166e-05,0.0002583225,0.0023237348,0.0030497645,0.0008049878,8.183112e-05,0.00019997041,0.00017291131,6.0629547e-05,0.000111409776
3.2004325e-06,0.43788683,0.5229902,0.03096573,0.0018300263,0.005543017,0.00066514453,5.28058e-05,3.5955214e-05,3.0476012e-06,1.7834005e-05,6.196436e-06
0.0002755053,0.35256976,0.24664468,0.33218732,0.014534145,0.030602869,0.016857374,0.0032811067,0.0011404696,0.00038757586,0.0013949078,0.00012422148
0.0033818458,0.10637712,0.16390663,0.17754446,0.15086442,0.1733586,0.08858681,0.022876063,0.093154944,0.007932378,0.009483859,0.0025328812
0.0030206195,0.0028473153,0.011334088,0.025792284,0.11177585,0.022482948,0.01688979,0.008293283,0.010094066,0.77006555,0.008281957,0.009122268
0.00080056064,0.1533005,0.38920164,0.21772482,0.07406292,0.08348071,0.049957782,0.0036874004,0.006694815,0.005033772,0.014182559,0.0018724798
0.0017199218,0.0013686517,0.0025701104,0.008514025,0.07358542,0.06382501,0.37841183,0.021027151,0.03794986,0.008428924,0.40194646,0.00065265404
0.00015177987,0.1272574,0.35250995,0.17006452,0.06241161,0.2002801,0.07780817,0.0007412166,0.0051673558,0.0009002017,0.0025147344,0.0001929473
0.0019584252,0.20367149,0.16483276,0.12024293,0.27208745,0.1091594,0.09001913,0.01872055,0.009882603,0.0026415188,0.0039098603,0.002873871
0.00016988188,0.8232897,0.06800027,0.06760099,0.007482031,0.026378416,0.005269023,0.00028399576,0.000228762,0.00022081677,0.0007661866,0.0003099449
0.00050572096,0.0381148,0.39388576,0.087902255,0.17949143,0.22823192,0.049538974,0.0028841353,0.010195292,0.00396386,0.0034719012,0.0018139741
0.0010613003,0.3272165,0.33847907,0.17763743,0.02070813,0.0995871,0.02018073,0.005027862,0.004206571,0.0014062601,0.003403198,0.0010857845
0.008204138,0.0545515,0.12113172,0.06325567,0.12617198,0.15421349,0.020978635,0.0022336203,0.019341404,0.042719103,0.008065173,0.3791336
0.0015925871,0.26468876,0.2427595,0.17250738,0.16024923,0.057074476,0.07971334,0.0061026933,0.0031726533,0.0027425855,0.0038978537,0.005498957
0.008236772,0.024919994,0.017344665,0.23704898,0.084360115,0.21940923,0.10597805,0.073317364,0.024464622,0.0076842243,0.19482848,0.0024075313
0.00032839284,0.7209385,0.19188923,0.023189196,0.007788946,0.03133172,0.015124863,0.0063704615,0.0007495597,6.725001e-05,0.002017132,0.00020485437
0.019757824,0.030857252,0.08770944,0.04752905,0.2538729,0.08295157,0.057077777,0.015100068,0.09720716,0.09373001,0.028172694,0.18603425
0.0015616536,0.006457559,0.0059695947,0.010691061,0.16180503,0.08009262,0.5721233,0.12097757,0.0075912983,0.005793754,0.026345262,0.00059128756
0.0001747717,0.00096613436,0.002447122,0.008681297,0.13119267,0.28508615,0.53911144,0.0024384258,0.011484332,0.0013995465,0.016965674,5.2441465e-05
0.99744654,0.00090626674,5.3300635e-05,0.00013258313,0.00018249471,0.00085990137,0.00019220929,2.7238208e-05,7.9422636e-05,1.9858158e-05,2.8695431e-05,7.151129e-05
0.00029920205,0.44106287,0.23461427,0.26145408,0.0137784695,0.021628246,0.020840434,0.0020840066,0.0009102818,0.0009876023,0.0019328764,0.00040768948
0.0013606984,0.0053596986,0.005297135,0.25667584,0.019448008,0.04054073,0.042083576,0.016002176,0.0060576354,0.0034243842,0.60337085,0.00037929192
0.001331055,0.1425531,0.09369035,0.10238594,0.23395637,0.2928598,0.12250493,0.0032655702,0.0035874366,0.0016666384,0.0016255253,0.0005732568
0.00054000615,0.34087837,0.34502828,0.17475064,0.028562851,0.05547791,0.026091272,0.015543437,0.0024164207,0.0005059498,0.009757331,0.00044750108
0.0026978506,0.0006631175,0.015162969,0.0034046443,0.017024053,0.5592316,0.008869783,0.004071155,0.37781933,0.0011785789,0.009662033,0.00021484568
0.014058359,0.017258441,0.10881601,0.024750423,0.16711205,0.043605283,0.047954403,0.018491348,0.022237739,0.09831606,0.019601915,0.4177979
0.00035756023,0.66878533,0.20746522,0.062379837,0.0115033565,0.022214957,0.019949064,0.0048147924,0.000381484,0.00042900685,0.0012044089,0.0005149634
4.462662e-06,0.00060736964,0.00090254896,0.0022539722,0.026333783,0.95306,0.01636465,0.00018200665,0.00010294877,8.377423e-05,9.685707e-05,7.712592e-06
0.0031669629,0.340809,0.3562577,0.11105622,0.025611855,0.08023571,0.022974914,0.04509209,0.005167808,0.0010300664,0.0068679573,0.0017297793
0.0027927998,0.0004356637,0.004891929,0.0026611914,0.012542028,0.432918,0.004854566,0.0023806107,0.525964,0.0009736684,0.009441691,0.00014382588
0.00034123057,0.21469474,0.1906294,0.18837805,0.08798833,0.2263981,0.08441025,0.0023569039,0.0016288189,0.00056442095,0.002460811,0.00014896507
0.0021170243,0.11356266,0.3157371,0.21678619,0.12468841,0.110515445,0.057375755,0.007345123,0.017316988,0.008939466,0.021449193,0.004166639
0.0003674954,0.00018966747,0.00040709428,0.0016542554,0.004921503,0.010323642,0.011981143,0.95656455,0.012577437,0.00020624307,0.0007342258,7.272142e-05
0.0008884908,0.2680339,0.30663812,0.19545728,0.039445017,0.10810499,0.0601583,0.0026089365,0.005033612,0.0021096403,0.010635372,0.00088635215
0.0006812342,0.053607214,0.2103914,0.21719663,0.1316184,0.13758986,0.19097205,0.003965387,0.033821218,0.00528303,0.014304244,0.00056927657
0.0005314776,0.28104603,0.18726523,0.32034907,0.0392747,0.03395423,0.09513681,0.026273498,0.0043277573,0.0017975523,0.009595023,0.0004485485
0.014027379,0.053862195,0.071869105,0.042435784,0.07949244,0.08643157,0.16715431,0.41185614,0.034732606,0.016349861,0.01360405,0.008184516
0.0010101564,0.010553272,0.017950742,0.08433755,0.24408422,0.19101578,0.2997102,0.12275526,0.011859642,0.0036524732,0.012726129,0.00034451915
0.0007623274,0.5041482,0.23283416,0.098388106,0.022995658,0.072715454,0.05238703,0.0055538043,0.0043974137,0.0014306486,0.0033857285,0.0010014887
0.0017307403,0.0018645339,0.0028757693,0.018996703,0.3067077,0.15709557,0.39997545,0.07334515,0.015834609,0.0039398493,0.017392587,0.00024136077
0.9958211,0.0022387127,2.2023907e-05,0.00020175755,0.00072038313,0.00040285758,0.0002703027,8.968336e-05,5.8673315e-05,5.0302577e-05,2.6011805e-05,9.820329e-05
0.0013490875,0.23068334,0.37563357,0.11644243,0.028890546,0.12704119,0.02080206,0.09088582,0.003908855,0.000654312,0.003022206,0.00068666914
0.0020436265,0.016133977,0.021163022,0.04142017,0.33750406,0.17800413,0.28406572,0.08028382,0.02249435,0.0063058445,0.00989337,0.00068795745
0.00012348864,0.22809157,0.48424152,0.19303523,0.017727299,0.063689694,0.005508179,0.00032781952,0.0012940344,0.0004915141,0.0048575997,0.0006120805
0.00034076438,0.6196281,0.20130163,0.10227462,0.010010495,0.041382805,0.018936362,0.003046644,0.0010864179,0.0004069109,0.0012430081,0.00034223727
0.00069376617,0.60299397,0.19938442,0.11623519,0.009593874,0.03715381,0.02433769,0.0043653855,0.0015509296,0.00074275024,0.0023407799,0.00060741184
0.015107067,0.03759428,0.05032692,0.04736663,0.13117471,0.09716547,0.17712244,0.29612714,0.10999205,0.009197832,0.023093013,0.0057324707
0.00830138,0.16676775,0.29066125,0.08683914,0.055243224,0.08968378,0.14841916,0.07779879,0.01962074,0.015442467,0.031127675,0.010094678
0.0074652503,0.027812116,0.060284603,0.15816432,0.26939067,0.17584895,0.08981351,0.061285842,0.028704593,0.05829249,0.053242546,0.009695065
0.99602497,0.0024471548,1.596218e-05,0.00012509774,0.00047457233,0.00028335332,0.0003362469,7.168947e-05,5.5140066e-05,5.1722636e-05,2.0109675e-05,9.395935e-05
0.004224624,0.10478263,0.27300036,0.13545458,0.06725455,0.20089865,0.10595516,0.011453723,0.049283925,0.009703333,0.035260003,0.0027285172
0.0011426932,0.007064019,0.1849739,0.02041021,0.057844944,0.016333696,0.08693544,0.009427961,0.0045172586,0.59790564,0.003895064,0.009549079
0.002499033,0.00080455607,0.00081670244,0.0011508808,0.013946433,0.109866425,0.2685914,0.0076176063,0.59064037,0.002016931,0.0013236625,0.00072594284
0.0004362962,0.00057909737,0.0009128962,0.0022101405,0.052045196,0.01828857,0.68620807,0.20591159,0.0052289977,0.0014803684,0.026546754,0.00015199266
0.00032585318,0.003202558,0.015845504,0.11403201,0.70134264,0.11328659,0.016035538,0.00026987592,0.0039002646,0.026021695,0.005212915,0.0005244777
0.0012048895,0.49815893,0.19015117,0.102084525,0.023773834,0.0890721,0.07268985,0.0107811205,0.005371101,0.0017149358,0.0037667719,0.0012307178
0.0023368478,0.013039079,0.017915975,0.3804193,0.12427824,0.37773424,0.013069841,0.0143574765,0.015809277,0.022577962,0.016556868,0.0019048731
0.0018803151,0.40003976,0.22445975,0.11261406,0.032262776,0.09567003,0.09660777,0.015928203,0.009286089,0.0031606809,0.0062591694,0.0018313301
0.00021078244,0.46744826,0.2253315,0.17721717,0.011737322,0.054388285,0.007763107,0.0018311857,0.0005937088,0.0004150422,0.052729663,0.0003340232
0.0043601305,0.014284032,0.030850684,0.08425402,0.26637876,0.40473467,0.03595715,0.04930146,0.050195012,0.026304495,0.028053546,0.005325995
0.0011201147,0.1699423,0.340471,0.2366772,0.05460008,0.07427169,0.0840405,0.002621186,0.013516288,0.011109973,0.008710169,0.0029195352
0.0006563741,0.07380503,0.35592684,0.16628936,0.11650573,0.06712017,0.1910667,0.006227192,0.006712235,0.0025607392,0.012648003,0.00048151502
0.0014916506,0.13232681,0.20890842,0.2448027,0.09829948,0.15734775,0.06632271,0.017911177,0.029407332,0.004506984,0.037271105,0.0014038744
0.0012988877,0.010986557,0.018731097,0.086217456,0.3264659,0.329803,0.094943866,0.001075019,0.05177152,0.05224918,0.023626303,0.0028312053
0.0019080591,0.002763824,0.006394883,0.0834648,0.046653707,0.18517126,0.010015919,0.65390337,0.006316488,0.0016057175,0.0015313756,0.00027057153
8.751176e-06,0.035645414,0.18425141,0.24478452,0.027883478,0.11398991,0.039231256,0.35392043,2.4818528e-05,5.3783195e-05,0.00020337309,2.8405761e-06
0.00081261096,0.012070394,0.2548406,0.028322436,0.3471526,0.15968448,0.16910772,0.0047685117,0.0060352054,0.013845187,0.001191459,0.0021687623
0.0005596545,0.0026150078,0.0033293795,0.008324041,0.12408109,0.48309463,0.36291572,0.007419009,0.0025587126,0.0016116251,0.0033988701,9.219322e-05
0.00036723437,0.0030910233,0.0030898086,0.0038603703,0.002364603,0.002651089,0.026310679,0.95498717,0.0027858154,0.00017995233,0.00022890951,8.335823e-05
0.00108978,0.00093258504,0.0033507647,0.018189635,0.1650433,0.3153081,0.17604432,0.0026044927,0.27799582,0.008047801,0.031040134,0.00035329082
0.0001375194,0.006348508,0.049062286,0.57603323,0.06622361,0.29507682,0.00081752735,0.0007952014,0.0012942442,0.00079533714,0.0032368281,0.00017889668
0.0003619041,0.0006650572,0.0010688141,0.0012079149,0.011413189,0.051866505,0.87570614,0.004843094,0.05173606,0.00075479824,0.00017869411,0.00019792072
0.00023726447,0.54947984,0.18028699,0.12082443,0.04298597,0.022542423,0.08001185,0.00099433,0.00040633947,0.000547043,0.0012171894,0.00046638123
0.00046763394,0.36873755,0.2825733,0.12664117,0.022681313,0.0721491,0.032657463,0.002011047,0.00227323,0.0018046759,0.08685868,0.0011448901
0.004305919,0.15563247,0.12562452,0.32243836,0.14192419,0.119272456,0.068300724,0.011785792,0.030264826,0.0072999503,0.007933235,0.0052175787
0.000301832,0.17873043,0.4411155,0.16046506,0.04507512,0.08078045,0.07894924,0.0015363243,0.0072959773,0.0015729873,0.0037927693,0.00038430313
0.0069881496,0.016543003,0.027996626,0.017097533,0.056804616,0.024477076,0.08998714,0.7098834,0.037940122,0.0036092354,0.0045428677,0.00413034
0.0008994707,0.0007178589,0.003235608,0.013260594,0.7197314,0.12363133,0.018825721,0.0039405995,0.0058439206,0.09976559,0.0086044995,0.0015434228
0.0039794636,0.20975217,0.3923238,0.113124564,0.055294134,0.04566559,0.06264877,0.06371716,0.03309682,0.0037971658,0.012482818,0.0041174428
0.0036683793,0.0074759214,0.006355736,0.29730922,0.20813964,0.25222936,0.03903116,0.15222265,0.009633926,0.014750051,0.007432873,0.0017510357
0.0042829923,0.007526834,0.017105551,0.03134058,0.15510349,0.4684694,0.071423784,0.03327658,0.027377393,0.061132,0.11342361,0.009537745
0.004310444,0.07135159,0.05156355,0.4419166,0.039455205,0.11094904,0.01609755,0.203945,0.0047533554,0.0015283083,0.053133413,0.0009958938
0.0009781718,0.0077299904,0.013575993,0.058582865,0.2755284,0.40417778,0.18498352,0.020987453,0.011676537,0.008585575,0.012622454,0.0005713586
0.0065628975,0.003533265,0.008317388,0.020557169,0.28884545,0.06593432,0.22231878,0.21224464,0.071375966,0.075661406,0.01755756,0.007091171
0.007315386,0.011188939,0.021328144,0.03643704,0.23271048,0.2129385,0.08507974,0.012103707,0.042426024,0.2004322,0.110563636,0.027476262
0.003133433,0.006137357,0.0029154446,0.037921276,0.07945264,0.46078143,0.05689318,0.23560794,0.10071942,0.0074631744,0.0080741495,0.00090057077
0.000806852,0.49274886,0.18494302,0.20151988,0.04351561,0.017427403,0.048721697,0.0065975324,0.0005569294,0.0005520423,0.0012555734,0.0013545762
0.00013140574,0.26829806,0.33892626,0.14788258,0.025988577,0.08098887,0.12978226,0.0010045937,0.0017667878,0.00048733893,0.0046410514,0.000102162456
0.004132687,0.029251963,0.09155691,0.0394151,0.50768566,0.16507603,0.09995276,0.01256753,0.00872108,0.017517045,0.013574935,0.010548286
0.0017531173,0.0010166654,0.0013269362,0.0042453962,0.34508178,0.32244927,0.19524291,0.088724665,0.022871807,0.009164973,0.007054544,0.0010679109
0.0014918953,0.027199201,0.019426707,0.3524395,0.10011105,0.36531,0.05884749,0.028012542,0.007488887,0.0027904082,0.03643979,0.0004424766
0.00054389826,0.007910863,0.014877789,0.6744332,0.19467275,0.07258367,0.008492274,0.0015396297,0.0036569114,0.013244498,0.0067275013,0.0013171248
0.0051900432,0.06084574,0.20813513,0.098422654,0.09753919,0.05253872,0.01867955,0.00086132175,0.010731585,0.04490578,0.0132849235,0.38886535
0.0019896103,0.4785899,0.09148718,0.12626047,0.05117048,0.20784873,0.021956792,0.0037537517,0.006061187,0.0036699062,0.0044180597,0.0027939992
0.0002389241,0.3869338,0.2385199,0.0958406,0.038034923,0.09719165,0.1074168,0.006770807,0.00103244,0.00038107246,0.02732989,0.00030917616
0.0025110922,0.39499304,0.20261782,0.16059498,0.0374955,0.08351807,0.08204073,0.014834177,0.0101537695,0.0036815887,0.005566885,0.001992322
0.0030188218,0.0014960679,0.0044598747,0.017668987,0.17457215,0.28830764,0.09189968,0.03596051,0.36365288,0.00823673,0.010044,0.0006826071
0.010168787,0.03306788,0.050413057,0.038965005,0.051435363,0.034907278,0.15015191,0.58932906,0.024067163,0.004695974,0.0075418614,0.005256614
0.00051223405,0.55861884,0.25769252,0.0974097,0.014694343,0.03279813,0.030033948,0.0013167263,0.0017139678,0.0012252493,0.0028836285,0.0011007717
0.008971257,0.010091517,0.006920622,0.09778842,0.12601718,0.47493038,0.025550982,0.1990389,0.024466697,0.009744478,0.013636602,0.0028429006
0.95224476,0.040900834,0.0001164336,0.0006453012,0.0015752022,0.001833235,0.0013175823,0.00057719636,0.00014918295,0.0001109157,0.00013923505,0.00039016642
0.010025774,0.071827166,0.104212955,0.06950773,0.061490897,0.06423375,0.21542376,0.3592428,0.021378946,0.00548126,0.009898392,0.007276614
0.0057297642,0.00714849,0.01708213,0.010598332,0.074980445,0.03969755,0.071762934,0.73610866,0.021343442,0.006079013,0.0027525143,0.0067167357
0.00014068687,0.14570902,0.3095944,0.2042755,0.10964377,0.09457328,0.1261017,0.004893407,0.0023606305,0.00073719426,0.0018551347,0.00011524649
0.003627395,0.0024935093,0.005795383,0.014842488,0.24668708,0.31694737,0.13404922,0.077179514,0.07364815,0.028829655,0.09320777,0.002692492
1.44421265e-05,0.43872336,0.48453724,0.058037214,0.0040883063,0.012877852,0.0012678856,0.00021399131,0.00016289088,1.1261514e-05,4.7052254e-05,1.8541228e-05
0.0028764184,0.0130536575,0.013788584,0.052508663,0.23854072,0.39008942,0.12651958,0.010288541,0.044785924,0.007199746,0.09898096,0.0013676981
0.00023359986,0.00017686583,0.00050175656,0.0042313286,0.07299308,0.00818289,0.35578158,0.55346006,0.0020024197,0.0017043112,0.00061165553,0.000120388846
0.0013614133,0.09042201,0.35369316,0.26746193,0.059151195,0.14442517,0.0362611,0.02551774,0.007433267,0.0032977213,0.009182531,0.0017927912
0.0013828859,0.0009075074,0.0012720582,0.0040749637,0.3590693,0.33724877,0.19975534,0.06398212,0.016795447,0.008722683,0.0058539775,0.00093489344
0.0043254327,0.25529638,0.36125064,0.100706644,0.049694795,0.038174674,0.065626144,0.07622522,0.029486848,0.003079955,0.012359709,0.0037736038
0.0021853023,0.0074684145,0.007943137,0.33813047,0.02592124,0.04021446,0.07806963,0.07630681,0.005498929,0.0029816176,0.41486683,0.00041313018
0.00057214574,0.002462995,0.005763019,0.037241954,0.13089709,0.63609594,0.12127536,0.0010362522,0.0297206,0.0040267636,0.030721338,0.00018652924
0.00034063493,0.39445427,0.28411275,0.22954015,0.019450875,0.047952287,0.015338841,0.004475914,0.0027246908,0.00039211288,0.001077557,0.00013992973
0.0009790515,0.40660262,0.15296419,0.1493091,0.13279817,0.070585124,0.07046241,0.0063311984,0.005979023,0.0010612943,0.002250704,0.0006770954
0.0002784101,0.00020622466,0.0005053539,0.004728191,0.082855724,0.009236604,0.35790116,0.5392622,0.0023005104,0.0019059564,0.0006882113,0.00013148201
0.0018487021,0.005285756,0.014405268,0.029826183,0.2205465,0.31577507,0.29483956,0.0062913797,0.044889063,0.010216074,0.05545181,0.0006246597
0.0008625827,0.36636752,0.1923436,0.331623,0.031336717,0.03765419,0.02534213,0.008068033,0.0025261077,0.0008501877,0.0026923378,0.00033360318
0.007063904,0.009306738,0.017590681,0.021457233,0.25962284,0.086657524,0.05063679,0.044208154,0.48091865,0.009606212,0.00879913,0.004132095
0.0013766596,0.0019264768,0.0037271634,0.03416123,0.39687693,0.29143324,0.2240881,0.0068052723,0.014301178,0.006421944,0.01866003,0.00022175431
0.0012217056,0.00039071954,0.0019172968,0.011844751,0.09869413,0.14678851,0.07454126,0.009948309,0.64384496,0.0046595843,0.005834585,0.00031420583
0.00077720085,0.00078558223,0.00059538754,0.023717182,0.039074183,0.012905942,0.13962792,0.7786843,0.0015883198,0.00053557474,0.0015428893,0.0001654737
0.00043152063,0.0671133,0.16251981,0.5656278,0.064546406,0.08639289,0.02370612,0.0013661581,0.0028633692,0.011661144,0.012291971,0.0014794777
0.018467901,0.07704861,0.17278977,0.06569607,0.17552824,0.08909069,0.12014482,0.059756998,0.07257399,0.042664748,0.029782642,0.07645552
0.0012424329,0.44205797,0.16760361,0.20230553,0.021590097,0.06922166,0.014642812,0.007036868,0.0013270823,0.00095457607,0.070834056,0.0011833531
0.00030460345,0.0040104105,0.009741722,0.028982298,0.7133183,0.19714214,0.03598768,0.00046832085,0.00091531005,0.0053822678,0.0021545102,0.0015924653
0.00477955,0.039014466,0.07200996,0.04141868,0.0319103,0.036979772,0.1196402,0.63575333,0.010469765,0.0019592152,0.0036177072,0.0024470394
0.00028527883,0.48462334,0.07989909,0.033396542,0.029324941,0.020835087,0.31497568,0.024516486,0.00068341405,0.0002106651,0.011070948,0.00017846045
0.00091445853,0.54925054,0.14588805,0.090950765,0.068030424,0.029695764,0.10329596,0.005632107,0.0020192612,0.001018271,0.0023147278,0.0009896801
0.0015123715,0.0059389295,0.009958584,0.021509869,0.32102272,0.2101768,0.2971634,0.10854115,0.0083251055,0.00497443,0.009976183,0.00090046437
0.0010176406,0.11127577,0.08298361,0.55749476,0.03325826,0.15705395,0.031154532,0.011394515,0.0033946708,0.0033359462,0.0067115743,0.0009248216
0.001229934,0.40309548,0.22517562,0.13701116,0.030768503,0.120554246,0.057335634,0.007091368,0.007124452,0.0029289539,0.006079358,0.001605235
0.0029656917,0.0044674394,0.0029840642,0.0044275657,0.02231485,0.12581085,0.7046007,0.010183445,0.11770555,0.002167643,0.0014605018,0.0009116975
0.0009401827,0.0015281286,0.0021782904,0.10879833,0.09436429,0.018671947,0.1782989,0.58663523,0.0028164007,0.0033430613,0.0021075476,0.00031760382
0.00029517466,0.00021210824,0.00047845577,0.0060816556,0.07013909,0.008528062,0.5451707,0.36404133,0.0024752165,0.0013725477,0.0010909382,0.00011479264
0.00053107395,0.0047940183,0.010679974,0.05621765,0.37732425,0.37220967,0.12712355,0.0027832307,0.013831158,0.009584772,0.024554351,0.00036621827
0.99673945,0.0014372866,1.4710082e-05,5.0717827e-05,0.00038660681,0.0006157869,0.00054147484,8.610632e-05,3.498924e-05,3.3846823e-05,1.7033051e-05,4.210116e-05
0.00083273055,0.011927172,0.013685014,0.83315486,0.02765816,0.08608268,0.006134528,0.004940364,0.0038635212,0.005945539,0.005191222,0.00058432977
0.0014461459,0.13751666,0.19863303,0.24958156,0.10051066,0.15397936,0.06774913,0.01810199,0.027454488,0.004507119,0.039235085,0.001284802
0.0010660621,0.27676022,0.40478772,0.10661352,0.023755418,0.09933557,0.018537464,0.062833495,0.003134966,0.00046890747,0.0021638393,0.00054279953
0.0018063431,0.00226747,0.0032410899,0.016161846,0.1626138,0.19635169,0.26077136,0.013653158,0.074983425,0.0075818584,0.25993526,0.0006327094
0.00067673187,0.00063096464,0.0011711963,0.003265869,0.14411542,0.4897319,0.052839898,0.2905542,0.010928573,0.002172109,0.0035749392,0.00033812693
0.0022005744,0.11340045,0.23689082,0.25813118,0.12768507,0.09257134,0.09694653,0.010658989,0.030157696,0.006833973,0.022189995,0.0023334092
0.99455255,0.0037322333,2.0286612e-05,0.00015654087,0.00056440476,0.00029667537,0.0003089841,7.366574e-05,6.337624e-05,6.343289e-05,2.6753622e-05,0.00014095136
0.00020712805,0.20427692,0.46923396,0.19418132,0.032256465,0.05430316,0.032903392,0.0034467834,0.005377078,0.000861373,0.002609228,0.0003431439
0.00096784695,0.0002798721,0.0011974416,0.0009313891,0.7291859,0.0671708,0.10574154,0.071193255,0.015664788,0.0062893718,0.0011271066,0.00025077575
0.009270131,0.015132225,0.026682762,0.017082239,0.1893156,0.10125498,0.10798102,0.4436335,0.056165025,0.010726316,0.01402403,0.008732162
0.0063236225,0.11928167,0.18949993,0.13392588,0.09181348,0.12928411,0.17461593,0.015657984,0.06755538,0.033593044,0.02896431,0.009484634
0.0041342666,0.0040271394,0.013667349,0.033881526,0.12923801,0.03084087,0.020750206,0.009310057,0.014523849,0.7214802,0.00841585,0.009730786
0.0015147637,0.0082319835,0.009657954,0.73372346,0.030691698,0.075453416,0.021273633,0.05494413,0.0027374707,0.0033947965,0.057947062,0.00042966253
4.0962015e-05,0.0002466712,0.0005101299,0.002570351,0.019886432,0.94891137,0.014679979,0.00034478953,0.0022818753,0.00018661513,0.010332093,8.771623e-06
0.0022849909,0.11498259,0.31506154,0.27884758,0.08558866,0.05881538,0.06624721,0.0023318524,0.02001953,0.031540126,0.01580364,0.008476924
0.00012633682,0.00019196904,0.0005828327,0.0033303003,0.035841294,0.0029667814,0.85600436,0.09630522,0.0010543879,0.002720935,0.0008157544,5.979344e-05
0.0054284222,0.0019971707,0.0034470188,0.014296895,0.49103487,0.14125372,0.052911345,0.06065863,0.18350528,0.012870697,0.030456671,0.0021393395
0.0037519946,0.004353852,0.014990345,0.023229731,0.22263259,0.18393464,0.22626743,0.08928085,0.023022933,0.02976363,0.16921104,0.009560949
0.0023661982,0.4093535,0.1993167,0.17149343,0.0327035,0.07608042,0.07629484,0.011139693,0.008742887,0.003879919,0.0065570143,0.0020718768
0.00034454017,0.0016285181,0.0049224263,0.25982964,0.38473994,0.29986054,0.014647372,0.019641055,0.0024860369,0.009310068,0.0023807986,0.00020901067
4.873239e-05,0.0003676883,0.002020644,0.0006042458,0.05760658,0.9255619,0.009525738,0.0012829269,0.0025610025,4.9618116e-05,0.00036437679,6.6472935e-06
0.000394206,0.00033969962,0.0004014868,0.011045512,0.026697172,0.008374713,0.08562884,0.8649286,0.0010759744,0.00041868494,0.0005911086,0.00010400643
0.0005159848,0.02808147,0.036997683,0.2002238,0.026187817,0.09715085,0.013004292,0.028453598,0.0012762133,0.0012404664,0.5664813,0.0003865268
0.0016843269,0.19548474,0.34015855,0.08567752,0.028280674,0.089071654,0.06412369,0.18520619,0.0027257667,0.0010111986,0.005347833,0.0012278426
0.0021425525,0.002303529,0.00591826,0.009945888,0.48411974,0.15199625,0.18028362,0.08612856,0.039443083,0.028967049,0.0063334946,0.002418034
0.0011903358,0.11554598,0.1839813,0.13946539,0.05664287,0.22238317,0.17450441,0.00249952,0.01383851,0.0029760425,0.08580833,0.0011641209
0.0012810306,0.37436506,0.2848405,0.19726223,0.023968546,0.07417756,0.024929807,0.011782096,0.0034448872,0.0013397057,0.001834472,0.0007741279
0.0005253682,0.0007446469,0.0029456436,0.018963736,0.1536961,0.51845384,0.1373059,0.0015503641,0.1355045,0.006558904,0.023551406,0.00019960696
0.9523037,0.042023867,0.00010649754,0.00058414607,0.0011219846,0.0015764141,0.0011881901,0.00055609836,0.00011136849,8.569217e-05,9.39033e-05,0.0002481312
0.001580814,0.018049981,0.021704627,0.6976632,0.07826403,0.08117702,0.018107127,0.002571539,0.008746189,0.027496444,0.042134155,0.0025049695
0.0019689421,0.049854305,0.059881162,0.05000306,0.25554582,0.5037412,0.05208848,0.011072619,0.0025142215,0.0018389773,0.0047896635,0.0067016217
0.0026255206,0.001825339,0.0100099435,0.0017777667,0.0154458955,0.003491417,0.0036108708,0.0009272833,0.00058106903,0.008749123,0.0031587807,0.947797
0.0018121024,0.0024269037,0.0026214062,0.008369014,0.052505553,0.028583204,0.26990885,0.09603272,0.0074491445,0.0028146054,0.5269786,0.0004979486
0.0003502197,0.0051289536,0.010369396,0.1969554,0.061108153,0.66944265,0.0043797987,0.0029314922,0.002068541,0.0040265718,0.042659044,0.0005798609
0.003383665,0.0005186568,0.0053418227,0.0027027559,0.012506935,0.42633295,0.0060366425,0.0030766313,0.52768326,0.0010288613,0.011218826,0.00016903199
0.0018306167,0.39499223,0.21889977,0.11054615,0.034000874,0.0985281,0.10391649,0.016373595,0.009122292,0.0031449085,0.006925226,0.0017197452
0.0006491247,0.7132287,0.15476166,0.07861343,0.007833172,0.022754814,0.014861553,0.004168085,0.0009553018,0.0003791597,0.0013056464,0.00048935437
0.006241617,0.010876882,0.014519398,0.008324543,0.02470271,0.12274475,0.34304228,0.44705138,0.0020715247,0.0016702802,0.013852868,0.004901837
0.015936913,0.082881324,0.20660041,0.052006386,0.12905739,0.053886663,0.17080766,0.055304952,0.037642233,0.053781673,0.023420393,0.11867407
0.005940072,0.28268075,0.14801124,0.097922005,0.076464646,0.22914213,0.07491109,0.03296914,0.022802182,0.00639013,0.016489191,0.006277475
0.0008148386,0.046632566,0.058633637,0.45079365,0.08218056,0.31447172,0.009611736,0.008060828,0.0011806615,0.002358639,0.024416003,0.0008450724
0.0019902368,0.0021384943,0.0028997872,0.019823931,0.31074744,0.1447536,0.4030793,0.07619043,0.015428803,0.0040209885,0.018668545,0.00025840208
0.00015575971,0.7210741,0.21157558,0.037847936,0.004482696,0.014240431,0.007590573,0.0022046303,0.00019134287,5.6226327e-05,0.00041585372,0.00016490335
0.0012999717,0.020030688,0.14288026,0.023978539,0.09464564,0.014362156,0.5222941,0.051818322,0.0042072358,0.11628433,0.004558324,0.0036404377
0.0018246423,0.40833563,0.11914961,0.10604855,0.1456501,0.066355556,0.12559478,0.01432521,0.0073221056,0.0014456797,0.0029383947,0.0010097015
0.001043469,0.24076435,0.40796623,0.13438168,0.027924763,0.10511342,0.016511567,0.057839867,0.0037856856,0.00061575684,0.0034161424,0.00063710654
0.00035628994,0.2523818,0.48299423,0.15942006,0.019598546,0.060936883,0.015515925,0.00507183,0.0010647438,0.0003712745,0.0018234503,0.00046495878
0.0018218921,0.51338136,0.17483985,0.110276856,0.033809897,0.041644547,0.03276247,0.083353505,0.0025403313,0.0006565686,0.004270883,0.00064193114
0.003257713,0.00050921214,0.005439268,0.0027236715,0.012869429,0.42557156,0.0055616354,0.0028568136,0.52961737,0.0010127298,0.010412277,0.00016839005
0.0015230387,0.0025642999,0.0070865112,0.036418628,0.24192317,0.10610539,0.1618284,0.41811317,0.0120689925,0.007711035,0.0040646796,0.0005927434
0.0038598198,0.0076825465,0.016709834,0.03288654,0.162435,0.49015817,0.07045772,0.030895844,0.033200152,0.054321744,0.08928018,0.00811246
0.0002672513,0.005775619,0.10380316,0.0326967,0.2612322,0.06659637,0.4839486,0.010589473,0.006849644,0.020567186,0.0071199667,0.0005538817
0.0009239438,0.56801414,0.22788559,0.02909592,0.01551708,0.050374147,0.029916652,0.073840536,0.0021647501,0.00019425197,0.0014675759,0.0006054395
0.025476687,0.139294,0.20243907,0.1536348,0.15413848,0.04365808,0.08477997,0.051664624,0.024131067,0.039991103,0.024548395,0.05624374
0.00045653974,0.5628966,0.215189,0.1339642,0.0122602265,0.049791317,0.017523883,0.00367142,0.0014573389,0.000585771,0.00175364,0.0004500783
0.0003380829,0.0007360125,0.0031736316,0.026561275,0.1885284,0.5458599,0.116027825,0.0011008588,0.08893844,0.005548105,0.02307188,0.00011567474
0.0010443935,0.14107634,0.29930037,0.28696537,0.07228791,0.0910234,0.062310707,0.005482772,0.02355799,0.0050026434,0.0104890475,0.0014589726
0.9478457,0.045408163,0.0001293698,0.00067068794,0.0015299204,0.0018103853,0.0012867971,0.00056353305,0.00014013273,0.000105171595,0.0001329458,0.00037715133
1.6694825e-05,0.45354635,0.21224017,0.2690173,0.010662365,0.051825013,0.001847516,0.0004136316,6.662122e-05,2.1987438e-05,0.00032103073,2.1294274e-05
0.0017431327,0.0025816555,0.003452516,0.026558973,0.3087622,0.17625749,0.37498996,0.062232908,0.015765805,0.0038562843,0.023568353,0.00023068917
0.19644362,0.18041569,0.05872106,0.0709975,0.11948982,0.23331966,0.031586356,0.100052014,0.00014141617,0.003073253,0.00024363864,0.005516
0.00027333942,0.7519194,0.16141437,0.028709669,0.0058589396,0.026333176,0.00881788,0.015803237,0.00043340446,3.6072666e-05,0.0002745883,0.00012597718
0.011954429,0.16247125,0.21828438,0.16766399,0.09651985,0.15191795,0.050383985,0.016036242,0.05212001,0.029397644,0.02765963,0.0155906
0.0024981608,0.006933203,0.05427861,0.39806408,0.32467216,0.047133446,0.029868076,0.015018081,0.011814861,0.05217696,0.0519873,0.0055551357
0.017365396,0.08122102,0.25798985,0.05686766,0.09383863,0.11105443,0.12218269,0.059744358,0.01774069,0.06729626,0.029260006,0.085439
3.5353976e-05,0.73951614,0.06472555,0.09824544,0.007800514,0.08517265,0.0032693518,0.00076366024,0.00013874815,3.662735e-05,0.0001481964,0.00014781191
0.001235565,0.5115567,0.18800528,0.100150645,0.023734404,0.07851904,0.075801834,0.008444474,0.005169834,0.0019371002,0.0041687065,0.001276392
0.009251158,0.057772677,0.09959715,0.09447504,0.23642021,0.13485393,0.05211182,0.0046540545,0.009478573,0.13126063,0.11447668,0.055648036
0.010935775,0.03262385,0.045734096,0.037063617,0.20181069,0.10009899,0.19290349,0.11921141,0.22619437,0.013148467,0.013010219,0.0072649517
0.00020576129,0.063669324,0.49063313,0.24887279,0.041612357,0.041079696,0.09103889,0.0016891703,0.01217144,0.004953492,0.0037350643,0.00033898055
0.001124889,0.00033612153,0.0015890321,0.0011113214,0.022627193,0.0074584307,0.28184143,0.64609605,0.025289467,0.008202757,0.0027743147,0.0015490045
0.00439898,0.002911612,0.0028747928,0.031780146,0.7867102,0.117625535,0.022080587,0.0052890433,0.005859903,0.016729906,0.0018691386,0.001870187
0.0027229534,0.0021210315,0.0019991572,0.0023161187,0.02193229,0.117404014,0.6415485,0.011763139,0.19236317,0.0031622346,0.0015264722,0.0011408711
0.0053125503,0.20680685,0.3401323,0.1020586,0.057505302,0.040159866,0.07770259,0.106998146,0.03741754,0.004210087,0.016916769,0.0047793807
0.0009406343,0.45764735,0.21463844,0.13578993,0.026319237,0.09567559,0.051240556,0.004867418,0.005279224,0.0020190296,0.0044498276,0.0011327323
0.0041719275,0.015476431,0.03316477,0.11027211,0.27273878,0.38763976,0.03069154,0.037729293,0.048897583,0.025978481,0.027823463,0.005415878
1.8717249e-06,5.5553286e-08,1.444051e-06,8.49629e-07,0.99821055,0.001389026,1.2211572e-05,3.2786854e-06,0.0003036994,7.643523e-05,3.6915156e-07,2.3708037e-07
0.0010619469,0.16292223,0.23631854,0.24149086,0.08906387,0.14891893,0.052415878,0.013620113,0.020421367,0.0029101758,0.029848007,0.0010081016
0.9959896,0.002568948,1.7466553e-05,0.00013697954,0.00039061336,0.00024069604,0.00032035122,0.00010127136,5.3405976e-05,5.719432e-05,2.0311627e-05,0.000103152124
0.0054880106,0.013309092,0.01423636,0.44873846,0.19798857,0.1260714,0.04037849,0.0147626195,0.037916582,0.056253918,0.038561128,0.0062954323
0.0008263255,0.008581644,0.04761546,0.061353214,0.45633444,0.19909097,0.062642865,0.13877928,0.018641006,0.005138867,0.0007225804,0.00027330106
0.0033062445,0.017623646,0.01866375,0.38855308,0.09010902,0.31803837,0.020071646,0.022516472,0.0072973445,0.008646808,0.10279702,0.0023766058
0.00053872046,0.0019700653,0.0028834075,0.06798082,0.057325967,0.0071380096,0.6632935,0.18973418,0.0012395788,0.0050250413,0.002675438,0.00019528437
0.00034793903,0.1635591,0.3281231,0.16026688,0.043528046,0.13272995,0.15485394,0.0016235294,0.004235769,0.0012636278,0.009179232,0.00028886882
1.1859718e-05,3.2629607e-05,5.349247e-05,9.2243376e-05,0.022091886,0.015040758,0.9567456,0.0053403354,0.00025954712,0.00025955378,6.532145e-05,6.724163e-06
0.005935954,0.0069269785,0.014642512,0.020611554,0.2799534,0.08598748,0.03954523,0.036026895,0.48858008,0.009765568,0.008435005,0.0035892988
0.00095051,0.25745085,0.23299816,0.39450654,0.02743291,0.054175224,0.015685365,0.005119284,0.0036684608,0.0014927953,0.005450993,0.0010688793
4.0418217e-06,0.0028846355,0.3553049,0.6265959,0.005212612,0.0059414934,0.0007816305,7.7498175e-05,9.584388e-05,3.0071738e-05,0.0030690832,2.2495417e-06
0.0014303359,0.022193238,0.014461089,0.53260106,0.054009184,0.045009285,0.028198477,0.009270117,0.002334554,0.0024669273,0.28757787,0.0004478678
4.809954e-05,0.50869864,0.41055554,0.05014587,0.0073066237,0.016681166,0.005315048,0.00040926546,0.0005379975,5.8849335e-05,0.00016945093,7.341449e-05
0.0004306368,0.0030955903,0.009368919,0.015718263,0.4185038,0.37545422,0.15321213,0.0012310209,0.018833397,0.0017966342,0.0022262374,0.00012910164
0.0037775086,0.07019863,0.3252065,0.24029243,0.07212381,0.024286935,0.034366526,0.010353784,0.008201559,0.18975388,0.008477673,0.012960709
0.001068768,0.0026218677,0.008332484,0.019646673,0.15935995,0.24968119,0.47535038,0.010811155,0.025467766,0.008321192,0.038966164,0.0003724173
0.00036946646,0.0003530842,0.00041675684,0.010785995,0.025625465,0.007430599,0.087797046,0.86529577,0.0008689479,0.0004072679,0.0005529087,9.670246e-05
0.0015544465,0.0010390815,0.0013969687,0.0047446075,0.38372615,0.31456164,0.18837346,0.06907299,0.018489417,0.009213101,0.00677593,0.001052233
0.0043023154,0.00356921,0.0050207605,0.011354965,0.13947263,0.11743592,0.3237865,0.03067628,0.067717485,0.020763475,0.27391446,0.0019860114
3.3836168e-05,0.00018706318,0.00045426472,0.0027298094,0.019524304,0.9517586,0.012506527,0.00028811587,0.00210502,0.00017278026,0.01023293,6.744606e-06
0.00022577209,0.00017686174,0.00048546915,0.0042805215,0.07748742,0.008420226,0.35833567,0.54600286,0.002044729,0.0017804006,0.0006372575,0.00012278878
0.012155408,0.061161377,0.0974333,0.100461476,0.06292891,0.04890526,0.1782786,0.38314122,0.02731954,0.009732062,0.009114344,0.009368488
0.0066359905,0.00523184,0.008736602,0.014822713,0.5543943,0.17457968,0.07479092,0.10855957,0.026577251,0.0088265175,0.014624624,0.0022199405
0.0008966145,0.3532509,0.23578173,0.32190543,0.02738753,0.028106801,0.019428143,0.0018799555,0.0020535162,0.0030325048,0.0043275817,0.0019493282
0.00023640257,0.6301022,0.22047465,0.07439236,0.014926606,0.0283744,0.019626305,0.0010357783,0.0010145697,0.0006124567,0.008659114,0.00054512883
0.0006655342,0.0017228903,0.0043173158,0.019532578,0.26098996,0.46846595,0.17780797,0.0068546156,0.024276411,0.01338806,0.021432107,0.00054661016
0.0029564823,0.0031344772,0.0124887945,0.025380732,0.11522929,0.022806399,0.01733812,0.0070022526,0.009229629,0.7678727,0.007129871,0.00943126
0.0071813595,0.004225647,0.009697066,0.023475233,0.32860118,0.0784062,0.19817913,0.16373579,0.07586797,0.0851305,0.01697178,0.008528177
0.9594064,0.03543506,8.0989295e-05,0.000518409,0.0010776999,0.0015860177,0.0009526648,0.00048357388,9.887497e-05,7.328623e-05,6.998072e-05,0.0002170124
0.00018542276,0.016231578,0.041711412,0.77538764,0.05088893,0.0901557,0.0066549904,0.0006921666,0.0021145884,0.0078515485,0.007697689,0.0004282932
0.0069442615,0.0064924136,0.012809284,0.016319187,0.26171166,0.0810977,0.044656828,0.04968454,0.49899673,0.009196801,0.008086985,0.0040035904
0.004645237,0.007942447,0.010054282,0.033144705,0.23347884,0.27033326,0.19433905,0.027437104,0.06876541,0.010697681,0.1372909,0.0018710629
0.0004865077,0.6245712,0.111682534,0.17325258,0.03323228,0.0144127365,0.03642651,0.003566871,0.00059032044,0.00032188228,0.0010877895,0.00036876925
0.0042209155,0.0029265243,0.006779649,0.007920616,0.43333554,0.33900622,0.06267209,0.06751845,0.013851421,0.037052374,0.020573573,0.004142704
0.001131484,0.038743522,0.20697398,0.11573818,0.37474647,0.08122614,0.12594102,0.030845512,0.0033467282,0.0032879598,0.010193392,0.007825539
0.0016294527,0.02538456,0.023665108,0.18373443,0.6131548,0.07343445,0.05243637,0.0050829705,0.0024820468,0.0077617215,0.006002411,0.0052316026
0.0019552994,0.002425319,0.0032580197,0.024412211,0.31916285,0.1454776,0.3853885,0.07781184,0.016320616,0.0040323897,0.019488353,0.00026705174
9.092113e-05,0.74304616,0.14915709,0.07328156,0.0074338317,0.017202036,0.0070285043,0.0019595681,0.0003094787,4.126719e-05,0.00040448565,4.507232e-05
0.0009522833,0.23403974,0.36849353,0.19699731,0.032888103,0.044532835,0.093577124,0.002359742,0.005394376,0.0076014767,0.010886557,0.0022768793
0.0012022484,0.018113578,0.0061561284,0.085529074,0.021584915,0.07050054,0.025900964,0.010729794,0.0023602012,0.001754181,0.75577885,0.00038951772
0.00024082014,0.00017668761,0.00052812527,0.004550684,0.07942239,0.008524469,0.32581395,0.5757818,0.0023051784,0.0018838681,0.0006433026,0.00012870734
0.00023052741,0.00020136424,0.00040726247,0.00093812065,0.07750567,0.5548082,0.018194932,0.33737287,0.0064319787,0.0036519656,9.838285e-05,0.0001587017
0.002707937,0.011635745,0.03827262,0.6517306,0.07765385,0.030713258,0.008529646,0.0070176236,0.0035740882,0.15466404,0.008725519,0.0047750724
0.0020104283,0.009143332,0.11012374,0.020704957,0.0808842,0.016030306,0.4265787,0.059284873,0.0060863597,0.2577176,0.0065372866,0.004898222
0.0011211938,0.36454046,0.2282799,0.10005741,0.052468292,0.045507126,0.14906096,0.036692362,0.0063119354,0.0017717587,0.013504416,0.00068419386
0.006933606,0.122536555,0.19481316,0.094693795,0.033603486,0.038204234,0.08631949,0.40482423,0.00596271,0.0024755187,0.0037129682,0.0059202556
5.031082e-05,0.008132604,0.0067108995,0.268346,0.069773376,0.5729371,0.060201038,0.00086270337,0.0008207563,0.0005703499,0.011565032,2.980914e-05
0.0020044222,0.03093624,0.02645893,0.4819777,0.09975708,0.27801585,0.023408268,0.026988944,0.0025103819,0.0043681017,0.02260798,0.00096614205
0.0013632915,0.00058398745,0.0006904587,0.0039604246,0.12396628,0.09960667,0.07968666,0.6705476,0.009764159,0.0017538982,0.0077899387,0.00028672098
7.436264e-05,0.020068564,0.051690917,0.82655936,0.032364063,0.05048444,0.007043489,0.00033877342,0.00076683477,0.003557487,0.006856304,0.00019537333
0.012535427,0.090580136,0.08421594,0.066754036,0.15846403,0.22920196,0.07049038,0.23140073,0.024577325,0.0095623825,0.014187981,0.008029645
0.0018923454,0.44273522,0.21610579,0.14070627,0.027163198,0.099055946,0.044073038,0.008505491,0.008286543,0.0033241848,0.005917585,0.0022344247
0.00031266306,0.6967315,0.16206408,0.051133763,0.017230133,0.01753845,0.041801523,0.004653708,0.0007214183,0.00083631417,0.006353572,0.00062292296
0.0034891816,0.012877315,0.01014678,0.25574332,0.2327454,0.18528913,0.14614034,0.11317377,0.008897151,0.004535967,0.026505705,0.00045593674
3.917106e-05,4.5215613e-05,0.00032508717,0.00030369195,0.033148568,0.003506946,0.0007703584,2.2550064e-05,0.0014117999,0.95987934,0.0001087864,0.0004385974
0.0035964139,0.0075450386,0.00985613,0.11752099,0.099978596,0.14471766,0.10269385,0.36225238,0.018665684,0.005083066,0.12710725,0.000982964
0.001144702,0.37333563,0.2514401,0.097667746,0.047714423,0.04605564,0.12573196,0.0341715,0.006925461,0.0018116031,0.013286142,0.0007151178
1.9815545e-05,0.1524552,0.28479204,0.07790915,0.08281345,0.3814458,0.011250425,0.0047506928,0.00067538157,5.2990323e-05,0.0038123648,2.2636583e-05
1.9967008e-06,6.464999e-08,1.8567597e-06,8.817829e-07,0.9982596,0.0013310235,1.3917294e-05,2.874177e-06,0.0002942061,9.293078e-05,4.3060612e-07,2.9938016e-07
0.0004922713,0.00023751034,0.00051662367,0.0021143798,0.8209313,0.1590571,0.0030041707,0.002164305,0.00556173,0.004425109,0.0012747103,0.000220881
5.3685962e-05,0.4000113,0.5083631,0.062468458,0.0061489334,0.016963243,0.0040487633,0.0011647928,0.00045246453,4.081218e-05,0.00023238595,5.2026775e-05
0.0038141527,0.07520074,0.33415583,0.24639705,0.07277137,0.025796276,0.034589045,0.009374779,0.008348349,0.16950133,0.007982294,0.012068783
0.00043558097,0.068607174,0.2760667,0.32638147,0.082886994,0.13407457,0.06693215,0.033691123,0.0032710207,0.0049752733,0.002418474,0.00025949124
0.0004237621,0.00035137057,0.00042679315,0.011744898,0.027067486,0.008769764,0.085540526,0.8633785,0.001085292,0.00046756412,0.0006381432,0.00010594578
0.0013714638,0.3899851,0.22293231,0.14651243,0.032944128,0.11946838,0.061428793,0.0067673246,0.007827057,0.003063474,0.006038419,0.0016610712
0.00036359183,0.79931873,0.059348967,0.07382573,0.008929188,0.049311012,0.006334412,0.0011693616,0.00035105582,0.0002257957,0.0004970578,0.00032499232
0.010283942,0.09421526,0.18599266,0.067323364,0.11626564,0.07778645,0.17460647,0.15197618,0.07810643,0.014561681,0.017381392,0.011500617
0.00033861012,0.116896965,0.0910222,0.09843209,0.13680708,0.44135153,0.09147298,0.0017338798,0.00358119,0.0032026737,0.01426007,0.0009007447
0.012166912,0.008827897,0.015036996,0.049659073,0.17636631,0.10185124,0.13655281,0.31775647,0.038333435,0.024477907,0.11212786,0.0068430738
0.0022491114,0.40159056,0.26232907,0.22479479,0.01860808,0.036559936,0.028516786,0.0038236985,0.004770677,0.0046293633,0.009127362,0.0030005986
0.00013305503,0.2608195,0.48345986,0.18702762,0.00948041,0.036962252,0.017543294,0.0019293346,0.0009375559,0.0003946778,0.0011679763,0.00014446955
0.00022318288,0.012655765,0.32666633,0.5553579,0.05988477,0.030486772,0.006446719,0.00097506586,0.00039340847,0.00021963591,0.006603707,8.6817956e-05
0.007866511,0.01215527,0.017184129,0.20225935,0.120414704,0.102358885,0.116225585,0.3550289,0.019875912,0.016933827,0.024338122,0.005358793
0.00092446,0.07584632,0.29737148,0.22507268,0.067184895,0.15643327,0.11813976,0.0046444647,0.04259132,0.0042505884,0.0067797005,0.0007610556
0.0014081325,0.0053521413,0.0069611655,0.18147177,0.041431054,0.07829902,0.041504156,0.41515243,0.0048561236,0.0013139541,0.22207837,0.00017166119
0.0009245994,0.019763218,0.016366342,0.5428822,0.14441195,0.23132314,0.016130377,0.0038458938,0.003960093,0.0139268795,0.005578758,0.0008865156
0.013569153,0.043110378,0.061675325,0.04656605,0.16964217,0.07398771,0.13989447,0.12383428,0.2899785,0.013730982,0.015301113,0.008709815
5.5842843e-06,0.2968485,0.4451715,0.23946236,0.0030543942,0.012987141,0.0022034363,9.550085e-05,4.6610876e-05,4.5527227e-05,6.853282e-05,1.0899507e-05
0.00041787498,0.66521513,0.1866157,0.04276571,0.008133827,0.055396102,0.032849006,0.0057892916,0.0014160436,0.00022213499,0.00080364203,0.00037562367
0.006295915,0.065399796,0.10430815,0.1614265,0.17451103,0.2747993,0.042369578,0.03559761,0.03689876,0.0062186224,0.0867088,0.0054659187
0.0010320348,0.17063947,0.29434794,0.28258398,0.06652221,0.08355063,0.061519884,0.005177617,0.019229138,0.0040950393,0.009895629,0.0014064703
0.00027981808,0.01912818,0.19694452,0.6653429,0.078823775,0.014496294,0.010573874,0.0020721653,0.0031990928,0.0054169735,0.0024502159,0.0012722401
0.0043983227,0.012052166,0.02247976,0.48891488,0.06891462,0.22091372,0.024800105,0.077768914,0.019779755,0.031961087,0.024294166,0.0037225536
0.0066482937,0.22230917,0.22080202,0.075466245,0.055634078,0.13343063,0.163206,0.076170705,0.014744171,0.008336082,0.014663452,0.008589117
0.0044505335,0.2057927,0.36898473,0.112459816,0.059540644,0.04855653,0.06606648,0.073819034,0.037899498,0.00399674,0.014024023,0.0044092736
0.017907439,0.08254837,0.15872495,0.08393835,0.07379948,0.063235804,0.09215788,0.3654168,0.018616972,0.006756102,0.010510144,0.026387757
0.002172735,0.007068869,0.007974563,0.72125846,0.04952239,0.116381295,0.008441654,0.0044615613,0.008653352,0.011008376,0.061862357,0.0011944044
0.004932414,0.20745713,0.3486552,0.106390014,0.05954622,0.048303545,0.07319142,0.08661424,0.03947415,0.004287563,0.016369957,0.0047781575
0.00093807833,0.0002513802,0.00096597866,0.0007841332,0.009793766,0.018670972,0.08239061,0.85576445,0.028303683,0.0009443084,0.00090083864,0.0002917715
0.0013632327,0.0026250675,0.003987958,0.015162951,0.0808013,0.04803214,0.5996157,0.068702,0.013072271,0.005637678,0.16053502,0.0004647311
0.0011945734,0.24166948,0.46931985,0.14358187,0.022454537,0.08250375,0.014780913,0.012292238,0.0043168757,0.0010604556,0.005554114,0.0012713922
0.010265378,0.33544797,0.2792423,0.07759579,0.037974875,0.08664592,0.04421439,0.008336461,0.009950893,0.0055719092,0.0101521835,0.09460189
0.001402549,0.4908584,0.18764307,0.10842976,0.024832254,0.08879248,0.072358154,0.011628793,0.0062182327,0.0019919237,0.004411901,0.0014324792
0.0032121667,0.12278709,0.042894576,0.39036572,0.08821693,0.19927251,0.0522757,0.017356623,0.008530366,0.004181619,0.06943537,0.0014714183
0.0032046216,0.025593514,0.018878656,0.31879812,0.13660347,0.26759145,0.086664736,0.04542302,0.012260883,0.0049215257,0.07907127,0.0009887044
0.00677404,0.24032271,0.2987181,0.14383446,0.065257,0.086590976,0.06541884,0.030459167,0.03205733,0.013748415,0.009884232,0.0069347457
7.153696e-05,0.8519062,0.089052595,0.038891472,0.004425637,0.008171255,0.005421054,0.0008493399,0.000111745816,7.431237e-05,0.0009367523,8.804771e-05
0.0008950296,0.54999924,0.22279932,0.030534113,0.016585898,0.053543683,0.03477574,0.08636608,0.0021894197,0.00020251572,0.0015370784,0.0005718866
0.0033416783,0.0059728604,0.00979876,0.018826922,0.5389177,0.1681136,0.10614622,0.020979814,0.05931434,0.041278463,0.016116261,0.011193353
0.015221567,0.034772716,0.049296197,0.04109606,0.16305682,0.07784243,0.14360796,0.1623884,0.27366218,0.014692654,0.015888222,0.008474835
4.6834484e-06,0.0030783413,0.003776662,0.039290495,0.061686724,0.8099922,0.08178696,0.0003049023,1.342854e-05,2.2988655e-05,4.1425264e-05,1.1713881e-06
0.0074589904,0.007660274,0.016284455,0.018421179,0.26052737,0.08190338,0.052270137,0.045609403,0.48609543,0.010055672,0.009567002,0.004146655
0.00037858772,0.65461683,0.21903872,0.06469159,0.011846922,0.021823814,0.020662524,0.0040817717,0.00041554234,0.00048866385,0.0013531371,0.0006019548
0.011403431,0.006274959,0.0031660956,0.092192285,0.31267846,0.33328122,0.05432444,0.1535401,0.0034111578,0.004397089,0.022705209,0.0026255583
0.00047955543,0.001814106,0.0025323108,0.059070807,0.053773645,0.006339988,0.6823645,0.18528649,0.0010720746,0.004607821,0.0024825088,0.00017618184
5.568334e-06,0.2243869,0.15621705,0.57924527,0.005641446,0.03226874,0.0019765573,2.4158971e-05,0.00013422336,1.619499e-05,8.0394624e-05,3.4317982e-06
0.0013545702,0.011982198,0.013493896,0.8384434,0.031832255,0.06732286,0.0072127776,0.0065313075,0.0061074453,0.007378724,0.0074370746,0.00090342324
0.0006185623,0.0001976908,0.0009504872,0.0019455194,0.022569567,0.009091964,0.060442533,0.87809724,0.023430724,0.0007730576,0.0016555873,0.0002270612
6.804988e-05,4.015965e-05,0.00012415332,0.0009537599,0.27867326,0.16696359,0.47174913,0.06944048,0.0065803914,0.0018485091,0.0035411513,1.733797e-05
0.00077756064,0.2994575,0.26757294,0.12134198,0.035180427,0.10445496,0.052407242,0.00310943,0.0045929267,0.003012532,0.10625622,0.0018362729
0.0018010386,0.0034807646,0.0039823824,0.019889446,0.1627425,0.21758701,0.4851979,0.035947673,0.020679059,0.003535,0.04484775,0.00030955326
0.9932453,0.002593809,8.667519e-05,0.00075027876,0.0012729365,0.0009950299,0.0005307879,2.4670784e-05,9.053041e-05,0.00013210252,7.976924e-05,0.0001979445
0.0011861945,0.32522988,0.1750006,0.25231758,0.050497103,0.10072303,0.043341503,0.03619879,0.004401436,0.0008589066,0.0097508645,0.00049411296
0.0009122736,0.22058484,0.15155362,0.3873057,0.13229409,0.08309698,0.013067853,0.0021849906,0.000611629,0.0024922364,0.0042279176,0.0016679001
0.0033068964,0.016045494,0.0960107,0.032688223,0.089285724,0.020683331,0.4933332,0.057022743,0.009789025,0.15478778,0.016561557,0.010485432
0.00040376012,0.006563731,0.006589179,0.06139631,0.36003172,0.35010093,0.14897199,0.0010654753,0.001363859,0.0043666577,0.058776878,0.00036941853
0.0013132299,0.0034293984,0.011205893,0.02275935,0.40589833,0.35487202,0.062311377,0.037366744,0.013617961,0.076733485,0.0082078595,0.0022843366
0.008224626,0.008272508,0.016075071,0.018565303,0.25941095,0.087043576,0.052351665,0.055432484,0.47004083,0.010382737,0.009660014,0.004540216
0.00073928904,0.0007011791,0.0005656429,0.028510673,0.038322017,0.013943088,0.13190618,0.78140396,0.0015415838,0.0005845918,0.0016261869,0.00015572428
0.0010716955,0.13094397,0.21494068,0.2613608,0.0982033,0.16186376,0.055209436,0.013829216,0.025939692,0.0034903416,0.03213178,0.0010153701
0.9730987,0.0025454478,0.00010921076,0.0005567962,0.0054793884,0.010186346,0.0049172323,0.000626267,0.0016207827,0.0003716714,0.00026736097,0.00022081575
0.00044004025,0.0017874958,0.001840714,0.006815366,0.85615563,0.0823055,0.03277583,0.015005178,0.0007217165,0.0007383444,0.0010214142,0.00039272325
0.000985877,0.30426875,0.320081,0.28807613,0.015821699,0.029196827,0.018150387,0.0025662142,0.0048681013,0.0023804302,0.012202241,0.0014023352
0.00071584596,0.0078073004,0.008804557,0.050897043,0.19736953,0.56056327,0.151387,0.0057555507,0.0053396756,0.0013998292,0.009788706,0.00017169975
0.0007306782,0.00054794305,0.00055780757,0.023555767,0.044918817,0.017402645,0.089886524,0.8180083,0.0018033797,0.00061307574,0.0018063696,0.00016865596
0.0018800016,0.011753793,0.013480867,0.8084873,0.035789672,0.08313389,0.007931258,0.008865018,0.008335963,0.009723614,0.0094252825,0.001193286
0.0002574585,0.6964456,0.15205035,0.05825389,0.019627586,0.02518167,0.036899444,0.0029387171,0.00097245636,0.0006918533,0.006158391,0.0005226451
0.0012479572,0.23237546,0.2768326,0.21206033,0.037229728,0.06524832,0.098318495,0.0041099195,0.014635395,0.0028206871,0.05376709,0.0013540564
0.0019372406,0.3615118,0.18334359,0.10377385,0.14918746,0.065645926,0.09978348,0.022065641,0.006665501,0.0016626045,0.0023646066,0.0020583887
0.00052502065,0.016075304,0.015730139,0.03514011,0.5303467,0.26280707,0.12592351,0.0036475263,0.0006032448,0.0018340889,0.0062943995,0.0010728787
0.019919727,0.06383346,0.04709954,0.061172977,0.20730709,0.17195022,0.13450526,0.04525275,0.17117392,0.028308887,0.017102052,0.032374106
0.00029754252,0.00019258335,0.00046927028,0.005178933,0.09905258,0.0109333545,0.3755677,0.50227785,0.0027946949,0.0023460137,0.0007518477,0.00013757641
0.0026346885,0.0487603,0.065114066,0.3832916,0.11931358,0.19351858,0.09204212,0.010509934,0.017639209,0.010671778,0.055164803,0.0013393292
0.0007257973,0.3339956,0.19791028,0.15679675,0.12865421,0.1325823,0.034523524,0.008623509,0.0010715823,0.0005584291,0.0034149988,0.0011430397
0.002435085,0.0048401593,0.01880832,0.022990141,0.261761,0.089162365,0.27414453,0.2665912,0.015697068,0.03134159,0.009672382,0.0025561904
0.0012287156,0.42019293,0.22326827,0.1342086,0.04526845,0.059106912,0.03430543,0.07341202,0.0031001598,0.00072058674,0.00467631,0.00051159784
0.0019976792,0.0013477394,0.003006251,0.011933811,0.11646392,0.08092489,0.34441638,0.028805813,0.08527786,0.011239375,0.31385908,0.00072716875
0.00010123685,0.0034130265,0.005302662,0.92263323,0.009446276,0.04270782,0.0011290967,0.011555331,0.000505439,4.9601927e-05,0.0031474903,8.8412135e-06
0.00042974917,0.0003783553,0.00043343002,0.012202196,0.029210614,0.008420767,0.09196525,0.85474515,0.0010470982,0.00044976588,0.0006129634,0.00010466833
0.001088917,0.011667961,0.020613048,0.28946215,0.32880896,0.24567248,0.03874204,0.012392256,0.0028689785,0.035829708,0.012281919,0.00057161646
0.0004557996,0.006915835,0.01278666,0.015228211,0.13036561,0.1517741,0.6449028,0.009365829,0.0030821718,0.0011314759,0.023802325,0.00018914118
0.0034726434,0.0035532964,0.013287688,0.029450063,0.12036352,0.023575148,0.017692462,0.0079128025,0.010971081,0.751293,0.007906531,0.010521666
0.0030246677,0.0011037835,0.0026928163,0.005394124,0.11809733,0.034583434,0.23610461,0.5329959,0.04465915,0.010655479,0.008254441,0.0024342567
0.0009076935,0.0018549211,0.015349031,0.22904898,0.60746586,0.04921995,0.018073075,0.0048473636,0.014001119,0.047652747,0.009942051,0.0016370972
0.00033504033,0.27502012,0.4190212,0.21638155,0.021297926,0.03866217,0.011610342,0.0020004704,0.0021892362,0.00083464896,0.012021492,0.00062573596
0.00043769708,0.0004351455,0.00051961135,0.013632194,0.032024454,0.009680742,0.10804295,0.8326013,0.0011735822,0.00054398715,0.0007897248,0.000118645774
6.5972476e-05,0.77268064,0.17689703,0.03464925,0.0029134809,0.0056704897,0.00592983,0.00066974945,0.00010743364,3.0982636e-05,0.00031258323,7.262996e-05
0.00023927276,0.00024181163,0.000483033,0.0011116702,0.08571594,0.5927683,0.020187862,0.28842974,0.0064760824,0.0040782625,0.00010692146,0.0001610067
0.00085136923,0.003706284,0.007851874,0.6707471,0.03973662,0.14038748,0.010587982,0.10254889,0.0013961196,0.0025151817,0.019467901,0.00020320667
0.0036254465,0.02442302,0.021222776,0.38607222,0.10074253,0.32146937,0.025191048,0.01864538,0.017897103,0.012060132,0.06615076,0.0025002118
0.00043038145,0.18157741,0.38794795,0.1313097,0.04779192,0.10660204,0.124521814,0.0017958677,0.008270526,0.0017381348,0.007587604,0.00042668803
2.555841e-05,1.5719519e-05,9.812257e-05,5.9916118e-05,0.47734144,0.50610095,0.0017953396,3.546654e-05,0.014404912,7.525959e-05,4.428386e-05,3.0091235e-06
0.00012973876,0.00019446902,0.0004411276,0.0034104688,0.62982285,0.25446004,0.10338105,0.00029387116,0.00084142276,0.001153854,0.005841768,2.9290375e-05
0.0005593392,0.019803692,0.02314567,0.55442387,0.119607314,0.2409906,0.012441757,0.0044824504,0.0024195171,0.016970102,0.004557266,0.0005984603
0.00055605633,0.005808528,0.021054473,0.048563626,0.50712264,0.23761788,0.14233063,0.008292646,0.006645664,0.0052162167,0.016507694,0.00028390074
0.0062965658,0.28184474,0.13724637,0.08302448,0.03534095,0.11327588,0.0883895,0.238891,0.0073250323,0.0012251922,0.004492307,0.0026479438
0.95490515,0.039785374,9.599535e-05,0.0005263104,0.0010427885,0.001586581,0.0011040838,0.0004500321,0.0001017561,7.7120596e-05,7.8963836e-05,0.0002457938
0.00035581397,0.012026258,0.045369375,0.09239674,0.055270217,0.014347588,0.38616577,0.39000803,0.0017414595,0.0016342005,0.00057364465,0.000110899164
0.0012066144,0.14474323,0.23418684,0.2461557,0.08869772,0.15584911,0.05583059,0.0136672845,0.026423438,0.0034977102,0.028549237,0.0011925553
0.015815701,0.032317724,0.04447823,0.038173705,0.15084887,0.07537332,0.16351876,0.19507353,0.2464502,0.013990494,0.015709635,0.008249808
0.0091929175,0.0035236897,0.007285187,0.012664658,0.49054408,0.09798529,0.06689277,0.021550613,0.118130945,0.10718695,0.038203966,0.026838934
0.00063068495,0.31066918,0.30059516,0.13217627,0.026465466,0.088810064,0.037928823,0.0025392536,0.004264499,0.0024552105,0.092000775,0.0014646045
0.0035362395,0.0006037058,0.0058087264,0.0029622312,0.012219976,0.4399309,0.0057927635,0.0030479275,0.51361585,0.0010095463,0.011299937,0.00017220822
0.00039644595,0.31245133,0.34269053,0.15606225,0.024870034,0.07512926,0.025717726,0.0018541767,0.003284794,0.0017587972,0.054793265,0.0009913432
0.0018206063,0.0067466884,0.010546518,0.016531922,0.5492588,0.336465,0.02016935,0.005324947,0.00943846,0.035614584,0.0052421964,0.0028409495
0.00010239865,0.00017319953,0.0002462906,0.0056465003,0.13039403,0.83633393,0.0071328506,0.014048149,0.00356342,0.00033506178,0.0019984618,2.5816931e-05
0.002897374,0.104749635,0.3494914,0.10223323,0.070237435,0.1736312,0.043872934,0.11936899,0.01823374,0.0032296197,0.009494142,0.00256023
0.00012317595,0.27631328,0.2122779,0.09471278,0.037914217,0.12533072,0.24562117,0.0018367467,0.002401716,0.0003745686,0.0029958158,9.785725e-05
1.2380267e-05,0.41743103,0.509409,0.04827414,0.005267681,0.017792618,0.0014145742,0.00017869707,0.00011646284,1.4662207e-05,5.4370827e-05,3.442973e-05
0.0037816279,0.006245345,0.0144069735,0.13234246,0.1255907,0.40333346,0.041804228,0.21405022,0.027348354,0.012683473,0.016249906,0.0021633266
0.0003740873,0.0002973701,0.00035883056,0.010699098,0.025209008,0.0077487756,0.08207806,0.8712345,0.0009769835,0.0003892251,0.0005409697,9.309014e-05
0.00056477194,0.29255754,0.33045766,0.13160007,0.029983785,0.0888175,0.04134563,0.003189918,0.0043436512,0.0023002524,0.07351553,0.001323767
0.00040287967,0.10667274,0.31430942,0.15939988,0.059788458,0.21610464,0.11412393,0.0013095457,0.0068182005,0.004216656,0.016258674,0.000594979
0.00040642484,0.0004175296,0.00046747277,0.012399591,0.02734858,0.008784345,0.0887589,0.8592546,0.0010060142,0.00042451223,0.0006273746,0.000104722014
0.00044104632,0.004881263,0.010801061,0.6979545,0.06955288,0.17964669,0.0071133734,0.0025003934,0.010285329,0.004037122,0.012571426,0.0002148961
0.00029675817,0.00013891178,0.00067920453,0.004669543,0.6388264,0.2809444,0.026205631,0.0011648202,0.0356664,0.004055538,0.00727385,7.858282e-05
0.0020087182,0.0014781762,0.0013842329,0.00152026,0.018930582,0.10239609,0.70451283,0.011091044,0.151911,0.0026220959,0.0012846617,0.0008603398
0.0005004865,0.0005304204,0.001871892,0.009789448,0.18056804,0.4772965,0.08718557,0.0019572075,0.22811997,0.0041928766,0.00782227,0.00016535149
1.22160545e-05,3.1329666e-05,5.0215767e-05,9.156792e-05,0.022661226,0.015566213,0.955036,0.005942838,0.00027984186,0.00025315987,6.864055e-05,6.781741e-06
0.0011501786,0.001033313,0.0029473705,0.007975539,0.2685757,0.46023077,0.13554615,0.013475916,0.09162152,0.007943926,0.009069626,0.00042995313
0.0010192432,0.43250734,0.27766952,0.099802,0.028031906,0.043757822,0.049277913,0.013229825,0.0032452778,0.0028251137,0.046487376,0.0021466673
0.0009155002,0.020244025,0.021284545,0.8034711,0.033140197,0.07376518,0.014629136,0.005525226,0.0030067216,0.008320756,0.01483505,0.00086253806
0.001045763,0.022008395,0.03659925,0.42867088,0.07174168,0.3326593,0.009532354,0.0116550885,0.0018648505,0.0038318858,0.0791653,0.0012252857
0.0025293783,0.4128581,0.38237357,0.08525443,0.015660394,0.050301425,0.024623344,0.015307928,0.0023608922,0.0010583292,0.0056017763,0.0020703687
0.0024424957,0.0025084072,0.004087833,0.015287959,0.4463694,0.23928456,0.13677296,0.04211152,0.06097283,0.031373322,0.014918138,0.0038705813
0.0017540795,0.0023199767,0.0042480207,0.017390756,0.13058282,0.062892035,0.52980185,0.079195336,0.03882115,0.00864397,0.123722196,0.00062783447
0.012157706,0.119600505,0.09469789,0.060338233,0.06416423,0.1306696,0.2567272,0.17799756,0.04554725,0.012493288,0.018042734,0.007563852
0.11299989,0.23224175,0.10013496,0.053440776,0.11774553,0.2192651,0.0439704,0.10762725,0.00067471276,0.007030752,0.00024605467,0.004622813
0.00019473866,0.00025483142,0.0012845732,0.010118314,0.17634523,0.569359,0.09845493,0.0010389376,0.13393244,0.0034973458,0.005459113,6.056981e-05
0.0023393615,0.023250693,0.01849631,0.52597374,0.09997513,0.16456857,0.025023352,0.03118055,0.015269078,0.0052584913,0.08793446,0.0007302314
0.0022428208,0.0018576162,0.0041558323,0.014784285,0.13312848,0.088410415,0.32585958,0.025550643,0.10361169,0.011656418,0.28783187,0.0009103253
0.00038949682,0.010621122,0.011815001,0.8560094,0.04058349,0.058611806,0.0049207117,0.0014400077,0.0027250957,0.0076133376,0.0047368007,0.00053371146
0.0012602219,0.026697224,0.025240207,0.008220391,0.02509294,0.03507912,0.069585875,0.8039533,0.00303762,0.0002502336,0.00080610707,0.0007767042
0.0012052383,0.0024728104,0.019033879,0.24184339,0.58016694,0.050574854,0.023839386,0.0073987544,0.014551737,0.04481117,0.012102252,0.0019995726
9.658778e-05,0.00024957373,0.0008037629,0.003042539,0.18036354,0.6273404,0.17888051,0.00040207617,0.005017708,0.0012593607,0.0025335774,1.0395322e-05
0.000647923,0.0051531917,0.012675935,0.1663244,0.3191367,0.13593526,0.24159425,0.10109864,0.0043488727,0.0057681045,0.0071072993,0.000209374
0.9930443,0.0046003484,5.5166965e-05,0.00025484874,0.0007473934,0.0004484536,0.0004134992,0.00014786638,6.244652e-05,7.708558e-05,2.4487057e-05,0.00012392744
0.0005738057,0.00029041446,0.0005805482,0.002310244,0.82163423,0.15720822,0.0032952146,0.0026625618,0.0052844444,0.004474172,0.0014313875,0.00025469952
0.0012867692,0.012306902,0.0150958,0.7956876,0.049228005,0.08020793,0.007940812,0.0038229276,0.005683386,0.017442401,0.009851447,0.0014459693
0.00074822485,0.5743773,0.17989683,0.100743696,0.017773123,0.062214095,0.050737463,0.0057709236,0.0032552513,0.0011446372,0.0025653723,0.0007730982
0.0060702264,0.0048685526,0.010250715,0.024780674,0.17699254,0.16879225,0.2861844,0.058688626,0.13782527,0.01594302,0.10708847,0.0025152555
4.8338584e-06,0.45074978,0.5105088,0.029979996,0.001964245,0.005832996,0.00079729536,7.6099386e-05,4.8751608e-05,4.041853e-06,2.482716e-05,8.294744e-06
0.00061309605,0.36993363,0.2663883,0.18830207,0.05952956,0.05113468,0.044105433,0.0014085448,0.003130109,0.0008925162,0.013626534,0.00093550945
0.00091565977,0.050904475,0.36581397,0.08663144,0.13691595,0.118053384,0.20025837,0.0011608559,0.012407672,0.0062552746,0.01685759,0.003825352
0.0004946312,0.24347009,0.2819102,0.2452138,0.05472075,0.11595842,0.04163797,0.000969854,0.004821298,0.004332121,0.0049912883,0.0014796198
0.0034778742,0.0041519445,0.010347779,0.031142093,0.23620057,0.267614,0.120334834,0.0077188015,0.18973422,0.03178856,0.094196305,0.0032929971
0.0061233887,0.0077355737,0.016802825,0.02155184,0.27885202,0.08847684,0.040837258,0.03347666,0.4832888,0.01061578,0.008406352,0.003832695
0.0017652609,0.19520132,0.31272966,0.08758335,0.030069225,0.09435533,0.07094071,0.1953727,0.0029006158,0.0012068416,0.0065656463,0.0013093321
0.000104816354,0.00013988894,0.00041109827,0.0021829735,0.030099204,0.0025563687,0.8484662,0.112407655,0.0009254829,0.0020421697,0.00061496394,4.919127e-05
0.0005141656,0.66537756,0.16642794,0.066651516,0.022779457,0.024314916,0.035632964,0.006121374,0.0012577929,0.0010194406,0.008951977,0.0009509534
0.0037590235,0.0014358985,0.0033164695,0.02027504,0.2300918,0.09198009,0.2616858,0.17745541,0.17656665,0.0179184,0.01477171,0.0007436453
0.0006152219,0.0031202172,0.013285689,0.14594676,0.23212731,0.37672466,0.062033176,0.0008164073,0.1347993,0.0077689127,0.022491287,0.00027103786
0.00012878996,1.4690984e-05,0.0001409027,0.00032057305,0.012121324,0.113781534,0.03505507,0.8365999,0.0015011758,0.00012643308,0.00017930988,3.0404943e-05
1.8311814e-05,0.34648263,0.5591224,0.06505746,0.0051898174,0.020680143,0.0029393698,0.00019477477,0.00012011696,2.9895084e-05,0.00011139598,5.3685315e-05
0.00097555266,0.54905677,0.18279698,0.120150715,0.051239703,0.022996416,0.06198334,0.0054720026,0.0010457801,0.00084225077,0.0013255714,0.0021148985
0.0019367392,0.009721036,0.012489178,0.7220252,0.033723626,0.086021,0.018609453,0.06418966,0.0036993974,0.005613257,0.04127071,0.00070083525
0.0015060899,0.0014232512,0.004185157,0.004355171,0.6665948,0.12577994,0.10495516,0.029191162,0.03192142,0.02408162,0.0032123113,0.002793875
0.0062856637,0.07697619,0.2544769,0.10710994,0.12744944,0.08351174,0.1610459,0.13776293,0.014993401,0.010018345,0.011219939,0.00914961
0.00050022616,0.6380582,0.21028267,0.0863619,0.009082552,0.030155594,0.018636132,0.0030780588,0.0012663183,0.0004984459,0.0015502468,0.000529656
0.002087339,0.002823169,0.003271194,0.02772191,0.33049694,0.16313563,0.3491644,0.08005003,0.01780141,0.003566498,0.01961954,0.00026193509
0.0016001383,0.0016922506,0.0024316185,0.0178825,0.2904897,0.14546824,0.42925248,0.07546724,0.014089475,0.0038507844,0.017558644,0.0002170336
0.0013419616,0.36900234,0.2992762,0.20313737,0.021019908,0.065458566,0.013680889,0.02035931,0.003684935,0.00073227007,0.0017453857,0.00056084763
0.0010392275,0.0016040658,0.0018496132,0.14213175,0.08553818,0.015802503,0.30045432,0.4434348,0.0024531172,0.0022083889,0.003225512,0.00025850267
0.00044950904,0.15410237,0.3252639,0.36103418,0.046167966,0.065615736,0.0256811,0.00084394065,0.008464628,0.006102585,0.0048067854,0.0014672938
0.0014405019,0.16865584,0.35648993,0.28563058,0.063514665,0.043004952,0.04328084,0.00907621,0.008613753,0.009291868,0.0074122967,0.0035885666
3.3168328e-06,0.0016050474,0.2998729,0.68295264,0.0056624864,0.006726681,0.0006669249,6.7555746e-05,0.0001315572,3.527864e-05,0.0022736348,1.9786987e-06
0.0009745329,0.001780045,0.014698244,0.19790713,0.62553847,0.05698601,0.019443894,0.0050483616,0.015722834,0.049887426,0.010259944,0.0017530916
0.99450845,0.0036984559,2.1028607e-05,0.0001776003,0.00056660245,0.00031072123,0.0003304435,8.519982e-05,6.244448e-05,6.576954e-05,3.0727853e-05,0.00014250634
0.00047636247,0.28366083,0.18875404,0.32219747,0.035012923,0.029138714,0.10383951,0.02233722,0.003952537,0.0015929476,0.008660648,0.0003767892
6.356396e-05,0.015396544,0.23415543,0.076976284,0.16661726,0.24251097,0.23133218,0.025619723,0.0012936854,0.0037297653,0.002177341,0.00012730694
0.0012733921,0.022488918,0.022716295,0.7474512,0.04747541,0.105217256,0.0133663695,0.0071046767,0.0054751774,0.0142009705,0.011561464,0.0016688963
0.0064877016,0.007088844,0.013475892,0.016740534,0.26848662,0.08315436,0.047168236,0.041390646,0.49507323,0.009222407,0.007865635,0.0038458526
1.5982368e-05,0.96496207,0.016242186,0.009526995,0.0016924526,0.0018366519,0.002047684,0.003637107,1.9187986e-05,1.736875e-06,1.6343662e-05,1.6736387e-06
0.008634221,0.0027122519,0.005359249,0.008077474,0.4664481,0.09505226,0.09279102,0.032982662,0.10054404,0.11809763,0.045926236,0.023374803
0.0003576169,0.3411426,0.37063068,0.17899553,0.025253847,0.048099387,0.019302318,0.0071962806,0.0021288889,0.00041415484,0.0061325096,0.0003461806
0.987573,0.0032711315,9.905384e-05,0.0012958103,0.0018343243,0.0019377302,0.0021873496,0.0006509232,0.00036974574,0.00030714038,0.00012021173,0.00035359836
0.003199668,0.0031065836,0.008372248,0.03851653,0.40313157,0.29135618,0.05721369,0.036316644,0.08971993,0.056223277,0.010308571,0.002535086
0.001243367,0.00028976367,0.0010029911,0.0012412821,0.021465307,0.02309015,0.08956643,0.553092,0.30199802,0.004102819,0.0025186886,0.00038913323
0.0005986439,0.0004445546,0.0043352945,0.0006070074,0.008032666,0.0024184058,0.0009639305,0.00018669774,0.0003241097,0.0042549875,0.0005207794,0.97731304
0.0023097566,0.0097109275,0.009037485,0.15674949,0.12774183,0.39388922,0.082737334,0.01183441,0.020024696,0.005681196,0.17951165,0.00077200186
0.003813682,0.07309736,0.3405946,0.24971788,0.06752227,0.024034321,0.033586834,0.010237835,0.008434344,0.16813208,0.007884944,0.012943828
1.3758606e-05,9.526927e-06,3.0798205e-05,0.0001939859,0.0023949323,0.0018222257,0.001474439,0.9940153,1.2119461e-05,9.618933e-06,2.2104092e-05,1.1493854e-06
0.00019334798,0.16261433,0.41548842,0.20713975,0.050498262,0.080581024,0.059122637,0.002213887,0.0036464205,0.001516739,0.016510602,0.00047460786
0.00077570084,0.00981806,0.007971464,0.857522,0.023546416,0.046885386,0.0053602383,0.0072645857,0.0019108918,0.0021547927,0.036517996,0.0002723905
0.0040746625,0.01335377,0.015221782,0.07867113,0.07400985,0.058209006,0.101894386,0.6130956,0.0065173777,0.0018432268,0.031899273,0.0012100104
0.001909066,0.0019821606,0.0026157587,0.018916996,0.30010426,0.1463087,0.4042956,0.08464012,0.015729168,0.0039331126,0.01930454,0.00026049057
0.010675456,0.10619235,0.17360315,0.0967759,0.02866387,0.038825225,0.11136509,0.37801507,0.026850458,0.010110861,0.011362374,0.00756022
4.2254317e-07,8.7469736e-08,1.5084565e-06,1.12078815e-05,0.99865913,0.0011908364,9.242258e-06,1.1518428e-06,0.00010031396,2.5431644e-05,5.784212e-07,5.5959703e-08
4.4389645e-07,8.782435e-08,1.4807165e-06,1.0795051e-05,0.9987282,0.0011246746,9.788175e-06,1.1700781e-06,9.611051e-05,2.6554319e-05,5.9938975e-07,6.0034424e-08
0.0014099756,0.016795404,0.016647635,0.7159956,0.045784794,0.15844022,0.008774678,0.0038104013,0.009356167,0.009326238,0.012444101,0.0012147797
0.0010494218,0.014555059,0.017409442,0.80755824,0.03383494,0.09175013,0.008066434,0.005934325,0.004633586,0.0076092435,0.006773532,0.0008255629
0.00092427956,0.013369468,0.01549293,0.77865076,0.055597395,0.09050612,0.0089096185,0.0030921544,0.005866115,0.016488807,0.009684802,0.0014174549
3.0151261e-05,0.010200442,0.020195393,0.04067419,0.3024143,0.43142763,0.18725713,0.006487032,0.00029402782,0.00010106774,0.00088382565,3.4793567e-05
0.004768887,0.00586476,0.011037896,0.094653696,0.3824067,0.2771737,0.030962598,0.008837677,0.017801192,0.11818737,0.026613541,0.021692056
0.00018916665,0.54804176,0.25109145,0.13538232,0.008724754,0.033528242,0.0069401637,0.0010525718,0.0006015076,0.00039074456,0.013638963,0.00041834466
0.0010655136,0.4141986,0.21869467,0.13648908,0.034522016,0.112380736,0.05902858,0.0069314064,0.007500146,0.0026784646,0.0052312044,0.0012795775
0.0009765163,0.0018377688,0.014959458,0.21587992,0.6142552,0.05335159,0.01851309,0.0052449214,0.015778605,0.047406156,0.010115956,0.0016808631
0.0018701958,0.0015949624,0.004522701,0.018522654,0.1806204,0.1709568,0.25628734,0.04192904,0.054728515,0.0094540585,0.25872877,0.00078453135
0.001138695,0.42706996,0.14332397,0.11681412,0.111203596,0.04055579,0.1433212,0.008065426,0.0030295404,0.0015789703,0.0027534738,0.0011452065
0.0023477306,0.27565074,0.36583498,0.1555525,0.049161423,0.058657877,0.047295686,0.029396288,0.006783834,0.0025604388,0.00455889,0.0021995727
0.0034501543,0.3557853,0.22240363,0.1055178,0.04325243,0.09182305,0.114965126,0.02859362,0.015188042,0.0051086983,0.010744483,0.003167687
0.0005649819,0.0015486078,0.0062424587,0.034335982,0.19477123,0.49384573,0.13327749,0.0020910525,0.103471175,0.0065514464,0.023053164,0.00024667714
0.00020020167,0.0064544408,0.0090368185,0.86369514,0.032889627,0.07438632,0.0031020502,0.003307634,0.0007870902,0.0035963932,0.0023416744,0.00020260044
0.0147958845,0.033700224,0.04873346,0.043556064,0.115559295,0.09183756,0.18234362,0.32793996,0.10361494,0.009230965,0.022815226,0.00587285
0.0016944066,0.39798784,0.24508864,0.10323708,0.08529882,0.026939094,0.115468875,0.010738148,0.0022914985,0.0023294038,0.005416551,0.0035096284
0.0009686488,0.010236227,0.016564304,0.5020497,0.11391931,0.2595033,0.016276093,0.036827713,0.002488904,0.017968759,0.022380017,0.000816987
0.013588875,0.043338317,0.18879455,0.0879238,0.078179486,0.03254802,0.028201144,0.014217451,0.008123259,0.04902091,0.014892628,0.44117156
0.0012008564,0.002101934,0.00860561,0.014781034,0.49639013,0.24220304,0.16349179,0.024440322,0.03572695,0.004129131,0.006171721,0.00075741607
0.0025163337,0.3496934,0.19788852,0.13532473,0.043742627,0.14960203,0.07955401,0.012352883,0.012563747,0.004642702,0.0091383355,0.0029807491
0.0023994371,0.0017742859,0.0016024632,0.0016923399,0.020083316,0.11554601,0.6624446,0.012295704,0.17693226,0.0027640683,0.0014409444,0.0010245689
0.0046359287,0.008914472,0.049226604,0.12240066,0.4705989,0.16294976,0.04824388,0.015793724,0.04134747,0.041315306,0.02614338,0.008429966
0.006062581,0.05808889,0.086075574,0.068032086,0.10425318,0.23316237,0.03741258,0.36595148,0.01948597,0.0038264398,0.015120395,0.0025283853
0.0074220067,0.008676262,0.017411564,0.019722542,0.2612881,0.08739309,0.052323956,0.042224884,0.48062283,0.009965352,0.008717417,0.004231972
0.0010719188,0.0016700162,0.0043349927,0.013179646,0.18115799,0.13690403,0.30222103,0.02589063,0.023810277,0.0095911985,0.29962072,0.0005475637
0.00077280606,0.0018294981,0.0076454696,0.0124517605,0.2917991,0.30130062,0.19796954,0.0122705195,0.022947943,0.0072984113,0.14333136,0.00038291462
0.0009734404,0.23370087,0.17647932,0.08137586,0.068216845,0.086903915,0.29866597,0.0148895355,0.0073926738,0.0033691723,0.026620561,0.0014118393
0.00083527993,0.0011165892,0.0017348733,0.076316446,0.085084856,0.016986331,0.18911876,0.62090945,0.0029808343,0.0028521384,0.0017997108,0.00026467876
0.002964782,0.0028529004,0.011874605,0.025450878,0.10925169,0.022998791,0.01583221,0.0070986683,0.011201201,0.7740875,0.0072815213,0.009105261
0.00017646395,0.03718432,0.05557942,0.043950118,0.32704198,0.17751448,0.35144103,0.0051676864,0.00046377766,0.00048464202,0.00091771595,7.835568e-05
1.99269e-06,6.153877e-08,1.6099513e-06,8.904792e-07,0.9982345,0.001368687,1.2193082e-05,3.3558872e-06,0.00029761728,7.844331e-05,3.7771918e-07,2.5148424e-07
0.004063602,0.21429713,0.14702426,0.12373256,0.05342166,0.23434113,0.026522027,0.18133953,0.0049043545,0.0010760612,0.00800128,0.0012763903
0.00036475557,0.00054540404,0.0024659813,0.020667452,0.18739946,0.48885813,0.07248155,0.0009453991,0.21026689,0.0052589583,0.010624533,0.000121407094
0.014275794,0.09824283,0.16107708,0.11746593,0.06826926,0.11456766,0.083999395,0.29046953,0.031837452,0.0039053557,0.0072793528,0.008610391
0.0005592127,0.36754194,0.23224713,0.28673518,0.024132403,0.041789614,0.037009336,0.0016901197,0.0029509016,0.0015136567,0.0033514511,0.0004790782
0.001154986,0.00033537898,0.0008390822,0.0027447296,0.0539534,0.009739988,0.18263844,0.71751654,0.022229921,0.005700192,0.002316948,0.0008303995
0.00019635161,0.00044993727,0.0006198627,0.014508613,0.04162661,0.6607611,0.06528908,0.20972905,0.003504129,0.0013175398,0.0019143265,8.338913e-05
0.00038485025,0.56794584,0.22058824,0.11702532,0.013928804,0.050547905,0.022196485,0.0029654303,0.0016410775,0.0007110536,0.0015919026,0.00047316312
0.0020023026,0.013829867,0.00816715,0.121178575,0.028323648,0.043098666,0.041040957,0.09070883,0.005284025,0.0024882036,0.6431949,0.00068280986
0.00024082014,0.00017668761,0.00052812527,0.004550684,0.07942239,0.008524469,0.32581395,0.5757818,0.0023051784,0.0018838681,0.0006433026,0.00012870734
0.00020657742,0.6635449,0.1898517,0.08277566,0.0069589587,0.03692377,0.016173307,0.0018072892,0.00064557604,0.00023010623,0.0006699571,0.00021218351
0.0024192326,0.34210566,0.21255644,0.21998936,0.038690276,0.0914873,0.051951487,0.0130229015,0.013054479,0.004454552,0.007919527,0.00234877
0.00022793721,0.0001556489,0.00045079374,0.0040402166,0.07521614,0.007995534,0.32800588,0.5793589,0.002184863,0.0016507042,0.000592816,0.00012051417
0.9498344,0.043185752,0.00012484836,0.0006736606,0.0015923844,0.0018548094,0.0013707295,0.00057793496,0.00014328494,0.00011281541,0.00014563187,0.00038373153
0.0094116805,0.01831952,0.037182916,0.15571253,0.13482478,0.37784785,0.048174933,0.066752106,0.010463502,0.050964374,0.07004312,0.02030272
0.00028343138,0.48039195,0.29084307,0.15333466,0.0110291615,0.040103775,0.0077406913,0.0016829428,0.0009269661,0.0005190536,0.012576352,0.00056795636
0.0018284393,0.6081462,0.1987233,0.08534427,0.012455903,0.02061595,0.022519302,0.042048875,0.0011824458,0.0005104136,0.005638735,0.0009861758
4.1797534e-06,0.753868,0.21495001,0.026034128,0.0010716938,0.0033642405,0.00063190394,2.5586887e-05,1.5577789e-05,1.906339e-06,2.664894e-05,6.1496958e-06
0.016749743,0.13110952,0.096548416,0.12689757,0.081154235,0.08590335,0.1253436,0.26854584,0.043303043,0.004626709,0.014766203,0.0050517437
0.001621301,0.6371729,0.061589167,0.10055225,0.024851196,0.03250542,0.04435873,0.09141591,0.0007387236,0.0001727861,0.004653403,0.00036824177
0.0014218445,0.1411392,0.36412948,0.3979414,0.029996816,0.017796854,0.015570611,0.0058904877,0.0022524444,0.018613644,0.002391983,0.002855227
0.0012539391,0.006472241,0.010248134,0.78561205,0.04627813,0.1037952,0.0065199095,0.0135143325,0.0032358132,0.014771337,0.0072240983,0.0010748497
0.0022521664,0.02953068,0.43576586,0.03775055,0.0572303,0.017318912,0.2123773,0.008379416,0.00525173,0.15334834,0.007166608,0.033628132
0.0020123792,0.0030701393,0.0077003064,0.03261575,0.49175876,0.24942026,0.08096013,0.008016758,0.03531946,0.06499637,0.02218541,0.0019442767
0.0011356128,0.35413492,0.1940341,0.24853164,0.03615593,0.07177989,0.051684733,0.0081815235,0.004802422,0.0014123815,0.02755265,0.00059414166
0.0029870193,0.00494234,0.01592771,0.0321941,0.31574166,0.31805542,0.17878786,0.007716725,0.06723748,0.011447696,0.043838292,0.0011237327
0.013506543,0.007195906,0.0035699585,0.091347754,0.29271242,0.33113685,0.058261096,0.16946603,0.0037673174,0.0046940674,0.021008637,0.0033333322
0.004420083,0.0046538953,0.0059169387,0.021744328,0.2680421,0.2531978,0.055013303,0.016079683,0.30731314,0.033622738,0.026585566,0.0034104555
0.006828173,0.0428688,0.034584645,0.37536693,0.100066386,0.25798315,0.029962959,0.087243676,0.017348813,0.008665285,0.035426173,0.0036549761
0.0014969235,0.0106707895,0.027132792,0.70810854,0.1102104,0.08299871,0.016570117,0.02249808,0.002469944,0.011572409,0.00499558,0.0012757306
0.0023548333,0.0019925938,0.008755918,0.010019281,0.18483952,0.35659665,0.22988825,0.007016683,0.13598864,0.013758915,0.047945116,0.0008436219
0.0018835618,0.3855144,0.24590828,0.122933775,0.039572414,0.1009579,0.06882168,0.009937037,0.011080242,0.0039345142,0.007280661,0.0021755716
0.0013940299,0.17268187,0.4263965,0.18550988,0.038720343,0.075415425,0.044152915,0.0387034,0.003936778,0.0022155994,0.009177897,0.001695386
0.0008969787,0.45360172,0.259792,0.12229208,0.02182041,0.07891135,0.046429344,0.0038068627,0.003943163,0.002563803,0.0044692587,0.001473047
0.0019742104,0.0093968585,0.009439166,0.74736387,0.051461414,0.12721428,0.011842805,0.004807934,0.009875609,0.013744076,0.0118282605,0.0010515068
0.002213863,0.004421494,0.008560753,0.38258237,0.14867619,0.16859503,0.039754737,0.22396277,0.0072598876,0.008673325,0.004399313,0.00090030406
0.0002349818,0.005972105,0.018146519,0.011333395,0.24275456,0.09823647,0.0057660276,4.8188587e-05,0.0010682703,0.61275584,0.00054641446,0.0031372542
0.00082745287,0.40943047,0.27855983,0.11704979,0.07449916,0.033410653,0.07150396,0.007715194,0.0016106754,0.0010743253,0.002324288,0.0019942003
0.000801236,0.00021464193,0.0010045976,0.0069348444,0.05941922,0.13304627,0.04480679,0.0018715967,0.74148285,0.0028644507,0.0073875263,0.00016587491
0.00031123016,0.17908245,0.3036529,0.46859893,0.015646113,0.015904812,0.008931946,0.0010992422,0.0026594042,0.0018737396,0.0018510757,0.00038805982
0.0023390139,0.0051734233,0.01590103,0.26056632,0.14797074,0.37629184,0.050065793,0.06463018,0.014571861,0.017949328,0.042682335,0.0018581063
0.00033161382,0.30596828,0.24385242,0.11943262,0.019840287,0.07731106,0.020612827,0.0020253821,0.0015415197,0.0011973071,0.20719975,0.0006869271
0.0056844684,0.023851156,0.054244217,0.031255893,0.06922459,0.031429116,0.28978267,0.4334588,0.038365114,0.0090449015,0.007807878,0.005851164
8.251191e-05,0.07763211,0.09325174,0.10219505,0.047054715,0.50495756,0.16572922,0.00061131245,0.00070062256,0.00024362012,0.0074658915,7.560715e-05
0.0054284222,0.0019971707,0.0034470188,0.014296895,0.49103487,0.14125372,0.052911345,0.06065863,0.18350528,0.012870697,0.030456671,0.0021393395
0.010269855,0.28917927,0.24191734,0.16170704,0.06253633,0.064230986,0.04485424,0.038635176,0.012071067,0.017258262,0.03300252,0.024337951
0.0028592783,0.000904927,0.0008620105,0.0157563,0.04140789,0.060154118,0.017420454,0.852965,0.0053411075,0.00048029041,0.0014566912,0.0003920592
0.0035620362,0.000514522,0.0052443547,0.002597393,0.013210286,0.4180631,0.0063634743,0.0030822253,0.5347961,0.0010174176,0.01137357,0.00017553443
0.00025656354,0.33811295,0.36185002,0.2204348,0.019133614,0.044483464,0.008990629,0.00053675316,0.0018109583,0.0010017174,0.0027044783,0.0006840324
0.0070231264,0.004117958,0.009167583,0.023150941,0.29935533,0.07170492,0.22202146,0.18235143,0.07295604,0.082680725,0.017287705,0.008182769
0.0012308378,0.0028796569,0.014184331,0.018667746,0.12462421,0.06584004,0.08977571,0.6698082,0.0053519947,0.0015450375,0.0054600732,0.0006321563
0.002561924,0.10800858,0.16699854,0.05589026,0.21932782,0.2289957,0.13790846,0.0103790015,0.01887118,0.02634462,0.015878983,0.008834941
0.004337251,0.073656276,0.51963794,0.07721303,0.082212806,0.06660043,0.051390514,0.03679785,0.022637205,0.009341734,0.020662071,0.0355128
0.0024417245,0.0018954211,0.0017790913,0.0019660976,0.019727541,0.10991993,0.66948223,0.011002703,0.17648236,0.0028573454,0.0013933353,0.0010522659
0.011226579,0.006843087,0.0032218166,0.08877138,0.31844023,0.34898826,0.05441643,0.13344958,0.0033159507,0.004326721,0.02416028,0.002839681
0.0033472374,0.07465234,0.34606218,0.25089532,0.071278885,0.024357194,0.03166302,0.009591945,0.008189352,0.1613428,0.007299756,0.0113200005
0.008490453,0.005074857,0.008864229,0.09008067,0.11610093,0.068954185,0.13825406,0.48153907,0.039009046,0.019989667,0.01853028,0.0051126326
5.488314e-05,0.006721865,0.36286616,0.55004555,0.030277628,0.022094073,0.009138166,0.002204518,0.00043994994,0.00011735701,0.016022883,1.6937931e-05
0.00021962334,0.00018733497,0.00041192851,0.0009088852,0.07434316,0.54999024,0.018828746,0.3448264,0.00621947,0.0038084008,9.7357406e-05,0.00015850332
0.0009998141,0.012506297,0.016853074,0.6632231,0.102881484,0.16294861,0.0065493574,0.0030147058,0.005191459,0.013735119,0.010905898,0.0011910732
0.0050174003,0.14243159,0.29399016,0.16786106,0.061039865,0.18950512,0.044394128,0.038535517,0.035892725,0.0073744613,0.009835476,0.0041224887
0.9460942,0.04814375,9.428641e-05,0.0007854651,0.0012330747,0.0012257661,0.0012271652,0.0006132225,6.400909e-05,5.7485715e-05,0.00011063367,0.00035088087
0.0014209384,0.45918614,0.18988019,0.156934,0.03088521,0.081907265,0.058484744,0.008009344,0.005885213,0.0021262225,0.003961861,0.0013188362
0.0026233925,0.0016541277,0.003541021,0.013321705,0.11929309,0.088923864,0.2852625,0.02873433,0.11145459,0.013308968,0.33085963,0.0010227364
0.0028276048,0.0028617885,0.011735961,0.023169387,0.10085185,0.02011261,0.017183939,0.007866553,0.008349974,0.7888434,0.0073392373,0.00885762
0.000330799,0.00044728597,0.0027656998,0.0076606786,0.4321015,0.3926126,0.108214065,0.018786248,0.02279311,0.0070132245,0.0071574044,0.00011740359
0.00029565033,0.56446904,0.18165776,0.09544087,0.015435198,0.10844866,0.024329927,0.0070398017,0.0011740593,0.00031258631,0.0011219471,0.00027449746
0.00022867396,0.78296196,0.14734158,0.03879715,0.005475137,0.011431796,0.009552142,0.0035798335,0.0001156098,4.4922712e-05,0.00033566222,0.00013560479
0.0016942287,0.24095446,0.061803445,0.18636058,0.09826314,0.36812788,0.020595776,0.004008402,0.007023974,0.0057037123,0.0038012585,0.0016631836
0.9964175,0.0022635951,1.395664e-05,0.00010890365,0.00041703068,0.0002630674,0.0002677986,6.273266e-05,4.450839e-05,5.2704425e-05,1.6558011e-05,7.163639e-05
0.00043829452,0.2561682,0.19071384,0.34570888,0.038229942,0.03258453,0.10016713,0.021317486,0.0037953088,0.0017228477,0.008777112,0.00037634594
0.0038512468,0.001707896,0.004018552,0.01626187,0.16600785,0.14454187,0.20430593,0.015638536,0.24925064,0.013824028,0.17949076,0.0011008198
0.00013574272,0.31252643,0.19716668,0.122389935,0.05363225,0.10379229,0.19706759,0.0063834353,0.0015404838,0.00029503717,0.004997586,7.25445e-05
0.00013980192,0.0040866607,0.003852978,0.0073377904,0.101145975,0.3937509,0.4771373,0.003751651,0.00047971032,0.00054950145,0.007643488,0.00012421333
0.0030876864,0.0023600534,0.004437859,0.020033117,0.34113878,0.12484849,0.24478762,0.1435969,0.084953725,0.02088639,0.00766788,0.0022014547
0.004900904,0.07161268,0.31564763,0.1884886,0.07706624,0.020419857,0.05299052,0.016233483,0.008157107,0.22125061,0.008203466,0.015028879
0.0041105435,0.0020019477,0.004724903,0.017998677,0.27879614,0.1332242,0.2051871,0.23292395,0.09389721,0.01776616,0.007016302,0.0023528652
0.9974954,0.0009689425,3.2198543e-05,0.00013722143,0.00015487496,0.00076762645,0.0002213424,7.084926e-05,8.013251e-05,1.7912165e-05,1.783102e-05,3.577051e-05
0.0004035539,0.16942208,0.3989437,0.2230781,0.042902023,0.108087644,0.0306105,0.0007887728,0.006417181,0.0040202374,0.013962116,0.0013641147
2.7766886e-05,0.27427265,0.5517747,0.14330232,0.0042174323,0.017158188,0.007890018,7.131661e-05,0.00034847032,0.00034293495,0.00051731936,7.6911565e-05
0.0005386065,0.3399446,0.29770795,0.13302906,0.026735626,0.08173691,0.0340285,0.002324091,0.0039601782,0.0018990145,0.07685679,0.0012386655
0.00210059,0.0016559223,0.0016239695,0.0017416246,0.01946247,0.111940585,0.684735,0.010026354,0.16174741,0.0027502354,0.0012774935,0.00093832536
0.00042357456,0.31229246,0.18254769,0.3122276,0.03556288,0.029069137,0.094692476,0.019886473,0.0035161811,0.0014468645,0.007982356,0.00035229223
0.00036749506,0.00068581535,0.0010011997,0.0011926875,0.011751198,0.050623875,0.8761487,0.0050425366,0.052065626,0.0007389625,0.0001884382,0.00019346733
0.00061523047,0.63022614,0.19803414,0.102227114,0.010373009,0.032887165,0.01793456,0.0034182274,0.0015198708,0.0005121411,0.0016802181,0.0005721138
0.0021972603,0.005283062,0.016242284,0.2904155,0.13937995,0.3840351,0.041420076,0.0499782,0.014330864,0.016403321,0.038624153,0.0016901533
0.0082646925,0.01857086,0.0297232,0.05936709,0.19329955,0.20428972,0.062870994,0.008004414,0.030460006,0.18698241,0.166402,0.03176516
0.00095847965,0.40772173,0.24072887,0.13416736,0.028845206,0.10599513,0.058158252,0.0053371424,0.006523855,0.0032516764,0.00675068,0.0015615885
0.0028328814,0.0117799295,0.036343038,0.6781377,0.07271221,0.029131364,0.0078920005,0.007396376,0.0037986278,0.13674502,0.008503651,0.004727153
0.002381039,0.008505648,0.0089059,0.39868897,0.030473666,0.04476692,0.06489835,0.08274329,0.007234997,0.0037994487,0.3471403,0.0004614022
0.99576426,0.0025925376,2.66811e-05,0.0001579244,0.00025274858,0.0004959306,0.00038416442,6.1066254e-05,8.919378e-05,5.833905e-05,1.6699662e-05,0.00010048727
1.99269e-06,6.153877e-08,1.6099513e-06,8.904792e-07,0.9982345,0.001368687,1.2193082e-05,3.3558872e-06,0.00029761728,7.844331e-05,3.7771918e-07,2.5148424e-07
0.0018597968,0.122228876,0.31625336,0.14612247,0.06423167,0.24881014,0.03891094,0.0068068937,0.010140782,0.011662272,0.02580014,0.00717268
0.00019316116,0.3456309,0.35961536,0.2222738,0.016427148,0.041972585,0.008165295,0.00046697306,0.0014780015,0.0008317711,0.0024397864,0.0005052649
0.0014686723,0.46611592,0.23575523,0.11331392,0.06433578,0.028722346,0.0715264,0.0070368242,0.0023317498,0.0020419706,0.0039662,0.0033850132
0.0016747852,0.033323564,0.0363119,0.49605215,0.15044276,0.13290529,0.052284233,0.07089252,0.0061350283,0.0048325136,0.0146036595,0.0005415677
0.0009745329,0.001780045,0.014698244,0.19790713,0.62553847,0.05698601,0.019443894,0.0050483616,0.015722834,0.049887426,0.010259944,0.0017530916
0.0016218815,0.029838415,0.03726697,0.59469223,0.03600073,0.1676118,0.008187334,0.042875372,0.0016742516,0.0022428269,0.07705625,0.0009318569
0.0015829507,0.008244142,0.010822246,0.69920534,0.037153043,0.10923258,0.013141441,0.01893002,0.006071286,0.0070865536,0.087647066,0.0008832396
0.0003576889,0.80599713,0.055554647,0.07478978,0.008981923,0.04583007,0.00598379,0.0012794827,0.00029888388,0.00019991469,0.00044451043,0.000282195
0.020240571,0.16978614,0.2009416,0.1428184,0.07973504,0.043485556,0.13862841,0.09116645,0.016516179,0.020086976,0.021350136,0.055244498
0.0021590798,0.1657902,0.34992725,0.15140457,0.059385706,0.17908143,0.037327725,0.0064559635,0.010829344,0.009439502,0.020005899,0.008193333
0.0049769282,0.007136269,0.010814989,0.077641904,0.20944713,0.36261725,0.07382966,0.016477896,0.16214778,0.05595974,0.015167457,0.0037830204
0.0015689188,0.39993104,0.222106,0.13338754,0.034018897,0.11900276,0.061419513,0.007681543,0.009391789,0.0031112651,0.006331356,0.0020494098
0.0019688222,0.35027865,0.22469458,0.11453177,0.03961877,0.11199113,0.113092706,0.019544268,0.010866862,0.0038867581,0.007604885,0.0019207894
0.0008945039,0.06776015,0.1437464,0.1085834,0.17219432,0.15867127,0.32235265,0.013433855,0.002218823,0.0012775807,0.007853327,0.0010137222
0.0016002065,0.21696813,0.32418248,0.08390351,0.027132627,0.089916304,0.062804535,0.18412082,0.0024322532,0.00085437705,0.004965013,0.0011197352
0.00051115884,0.35396662,0.11269162,0.16262181,0.05925731,0.27528632,0.020883234,0.007475518,0.003148732,0.0013127633,0.0011239228,0.0017209873
0.00072934746,0.0009443176,0.0041493587,0.0358109,0.24522918,0.53768384,0.056895353,0.012717575,0.08794045,0.009867157,0.0076886485,0.00034388504
0.0016166712,0.0058217905,0.0015166576,0.020952007,0.18648349,0.73151153,0.014478218,0.0058300747,0.012340267,0.0128696,0.0057920376,0.00078758865
0.0014825396,0.14843172,0.39153108,0.25452343,0.040186603,0.08089858,0.031445045,0.03312446,0.0039536846,0.0020761648,0.010684842,0.0016619166
0.0007200865,0.0026216023,0.008265822,0.25701782,0.038211998,0.5469294,0.025630422,0.11226213,0.0021456499,0.0031552908,0.0028238029,0.00021594405
0.00029019767,0.08019579,0.21629089,0.14254183,0.1516027,0.37693933,0.017588908,0.00018892564,0.0028015422,0.002488364,0.003906368,0.005165211
0.00977669,0.00948848,0.016805794,0.017112378,0.2516805,0.07856213,0.07764473,0.07019309,0.43922707,0.013638123,0.009973783,0.005897212
0.01537076,0.03183239,0.044880908,0.04110854,0.16225366,0.07573373,0.1439865,0.1767893,0.2700651,0.014434962,0.01555003,0.007994142
0.0010716955,0.13094397,0.21494068,0.2613608,0.0982033,0.16186376,0.055209436,0.013829216,0.025939692,0.0034903416,0.03213178,0.0010153701
0.0016117914,0.34209764,0.23277101,0.1423557,0.04008297,0.13898465,0.06966531,0.009028777,0.010698568,0.0038238615,0.006883673,0.001996003
0.0010564802,0.40788922,0.24309191,0.13136216,0.065625444,0.098135136,0.039305016,0.003663426,0.0028160368,0.002561026,0.0034238612,0.0010702914
0.0006668791,0.4698809,0.27124298,0.08464017,0.031754196,0.041335452,0.054849915,0.013579543,0.0019860615,0.002111516,0.026397115,0.0015553061
0.00011327019,0.82979226,0.12119093,0.019327667,0.0038519227,0.015471783,0.0046416866,0.0052870023,0.00015851238,9.421271e-06,0.000111187655,4.432181e-05
0.002123284,0.0016248669,0.0016639857,0.0016332273,0.018932499,0.108272724,0.6845168,0.0107444115,0.16550544,0.0027741613,0.0012745579,0.0009341385
0.0077151423,0.10542814,0.15822974,0.120437056,0.100355506,0.15013827,0.17452377,0.02292152,0.094617814,0.028845854,0.026896069,0.009891056
0.0032787775,0.0017839676,0.008594822,0.035292525,0.37925586,0.1658309,0.07456889,0.0065766876,0.22754863,0.07771042,0.017383268,0.0021753113
0.008176293,0.028605623,0.14047123,0.047351666,0.35298166,0.12557599,0.061413564,0.06788128,0.12792638,0.018045543,0.014186374,0.007384413
0.0019403422,0.02190139,0.019081512,0.24403705,0.060089134,0.06679642,0.109194756,0.14910217,0.0051194536,0.0058447463,0.31618646,0.00070660753
0.9957509,0.0027576636,1.57199e-05,0.00013335359,0.00044729887,0.0002724705,0.00031783112,8.8372726e-05,5.0205625e-05,5.0939234e-05,1.8041545e-05,9.718275e-05
0.019356094,0.086056635,0.1824659,0.058453638,0.13810569,0.059092138,0.18790261,0.073155984,0.045305006,0.04381912,0.02970158,0.076585636
0.00027028756,0.004001824,0.0033659989,0.011171469,0.014831037,0.027593346,0.018255476,0.0021551587,0.0010042943,0.001219791,0.9159041,0.0002271268
3.713421e-07,1.4921287e-07,2.2742731e-06,2.6764887e-05,0.99881506,0.0010800011,5.8029427e-06,6.2653913e-07,5.1154588e-05,1.7295153e-05,5.260068e-07,4.5733113e-08
0.0064348197,0.0072002057,0.015404253,0.017273823,0.26867262,0.09155596,0.04842587,0.039425936,0.4823665,0.010743567,0.008418797,0.0040775663
1.7941603e-07,1.7155351e-07,4.6597315e-06,4.491007e-05,0.9985176,0.001380488,4.4479248e-06,4.3615546e-07,2.8729452e-05,1.7883234e-05,3.5857977e-07,3.7964938e-08
0.0041010533,0.0038636746,0.00808862,0.036079198,0.30252615,0.2977708,0.05084491,0.013488537,0.15813838,0.0999594,0.019844009,0.0052953446
0.0006725251,0.36478373,0.31264117,0.15157965,0.030927202,0.061528504,0.028689288,0.03640138,0.0026973216,0.00042155155,0.009275157,0.00038256412
0.9956831,0.0028347778,2.0249448e-05,0.00016244804,0.00040345028,0.00024984698,0.00030812144,9.755945e-05,5.5015633e-05,6.2071194e-05,2.041113e-05,0.00010299732
0.00024304542,0.00024183342,0.0004992362,0.001043647,0.0888352,0.5858496,0.020613957,0.29182592,0.0063682334,0.0042085033,0.000102934784,0.00016783133
0.0027782018,0.15327302,0.43272743,0.17192493,0.058411654,0.08030238,0.028589915,0.0021652232,0.009108453,0.023694292,0.018176282,0.018848283
0.0020330471,0.05099342,0.031850807,0.5688933,0.07300359,0.18548153,0.024973482,0.036673553,0.0019813187,0.0025938363,0.020559868,0.00096235354
1.8381734e-05,0.055402156,0.18756317,0.09252646,0.08947586,0.5624194,0.00866036,0.001287718,0.001509298,5.8744576e-05,0.0010599619,1.8545277e-05
0.0030769275,0.069861025,0.3573604,0.23826475,0.0714933,0.024524096,0.03194948,0.008540858,0.007310153,0.16985409,0.0069906386,0.010774235
0.0017812252,0.007935673,0.0076858285,0.22424111,0.018794028,0.029322935,0.030762825,0.0068624658,0.0103251375,0.0053110514,0.6564493,0.00052842667
9.999987e-05,0.0029266037,0.00043652847,0.0048286086,0.0706866,0.90634125,0.009824673,0.0010628563,0.0013137509,0.0010417657,0.0013471495,9.014724e-05
0.00039861398,0.3066348,0.18391028,0.31800607,0.03607497,0.02965114,0.095563106,0.017101908,0.0035079382,0.0013164026,0.007523851,0.00031092291
0.020311968,0.023004169,0.010178884,0.050700404,0.3916587,0.25969076,0.063590005,0.043897152,0.025110204,0.056691837,0.045147344,0.010018588
0.0019751315,0.0015559951,0.0015315408,0.001597101,0.01857672,0.10589493,0.7034081,0.010354849,0.15037015,0.0026414543,0.0012510048,0.0008430362
0.0032799575,0.035517726,0.13650861,0.049655512,0.034823354,0.05548588,0.05397461,0.59547704,0.022288753,0.0053534675,0.005498595,0.0021364565
3.0584812e-07,1.3446318e-07,2.0318628e-06,3.3333385e-05,0.9988355,0.0010513641,4.7583694e-06,4.584525e-07,5.5356337e-05,1.6315105e-05,4.719275e-07,3.4256225e-08
0.0018019822,0.0017519018,0.0028083047,0.019756258,0.24858059,0.2599689,0.35772488,0.0433289,0.03849092,0.0033771077,0.022106001,0.00030430194
0.0019441566,0.46719044,0.29176134,0.07754617,0.03942019,0.037180122,0.04940888,0.012385898,0.0028978016,0.004672078,0.010026137,0.0055668647
0.014163498,0.040755358,0.100926615,0.05014979,0.18574597,0.09171562,0.13791482,0.17688964,0.14619222,0.017810844,0.015888164,0.021847451
0.00022793721,0.0001556489,0.00045079374,0.0040402166,0.07521614,0.007995534,0.32800588,0.5793589,0.002184863,0.0016507042,0.000592816,0.00012051417
0.000669254,0.5304376,0.26738828,0.08434638,0.014115122,0.03887159,0.052379213,0.0032772236,0.0018514909,0.001634663,0.0038442232,0.0011850586
0.0003312955,0.15876628,0.43140587,0.18175493,0.03636646,0.079010546,0.09054669,0.0012632458,0.010950643,0.0016511512,0.007529458,0.00042343588
0.0025172913,0.025836805,0.098940946,0.20463143,0.48172364,0.104320735,0.02225923,0.03571347,0.0066546486,0.011697802,0.0041767103,0.0015272527
0.00016949579,0.742298,0.11156765,0.115271464,0.008583889,0.010264042,0.0072094817,0.0012617903,0.00021613858,0.00014728073,0.0029008961,0.0001099081
0.00072537205,0.0128078405,0.012785927,0.7321162,0.070592135,0.12671551,0.007052469,0.001178637,0.0091047445,0.014211101,0.011678995,0.0010310722
0.0008052539,0.00028074,0.0011877093,0.00086559897,0.017643368,0.006781855,0.22971195,0.71199626,0.024705723,0.0036009285,0.001586539,0.00083405746
0.0011952136,0.0059370883,0.02288564,0.04643786,0.26389757,0.34624127,0.21707377,0.0036852953,0.03969033,0.011073683,0.04125027,0.0006320103
1.5062892e-06,0.56380963,0.36964786,0.05604852,0.0036452902,0.005963575,0.0008380866,7.0680308e-06,7.935842e-06,4.040145e-06,1.6652883e-05,9.835082e-06
0.010151919,0.016683998,0.13373296,0.035457082,0.177706,0.060673974,0.030342314,0.010620723,0.028418869,0.101222105,0.019864013,0.37512603
0.0040538544,0.008824882,0.009411863,0.040079102,0.20196766,0.25577095,0.24219152,0.027539315,0.04857217,0.007944519,0.15236776,0.0012764301
0.0002590955,0.0001809438,0.0004115598,0.0048364066,0.06620185,0.0077470187,0.58127004,0.33450818,0.0022126734,0.0012927937,0.000976905,0.00010256821
0.006018752,0.0033601073,0.007811885,0.02653925,0.17868878,0.11951305,0.23296127,0.020353967,0.17131814,0.03750185,0.19234258,0.0035903323
0.0014156408,0.0061933477,0.011350417,0.7123559,0.039739337,0.15392645,0.025873408,0.007255764,0.018782698,0.0041882256,0.018681282,0.00023749385
0.0009794824,0.23458971,0.46194312,0.15730296,0.024341559,0.08600462,0.013491973,0.010480016,0.0039643077,0.0009297405,0.0049035926,0.0010689737
0.009645038,0.12903091,0.11277344,0.101801455,0.13192832,0.15355052,0.111495085,0.1557642,0.028877784,0.0074700373,0.05182091,0.0058422843
7.225408e-05,0.1326752,0.108887486,0.09219192,0.0700644,0.14788064,0.4399962,0.0046858033,0.0009088776,0.00016508679,0.0024422714,2.98522e-05
0.0006615583,0.0011843006,0.005352802,0.031045731,0.20565961,0.4366522,0.17700465,0.0051836674,0.11537977,0.009145607,0.012473169,0.00025685705
0.00047955543,0.001814106,0.0025323108,0.059070807,0.053773645,0.006339988,0.6823645,0.18528649,0.0010720746,0.004607821,0.0024825088,0.00017618184
0.0006377832,0.0016834426,0.006122967,0.048444837,0.28774875,0.28666064,0.25139648,0.0026498826,0.057967808,0.012088062,0.044378407,0.00022094096
0.0013022512,0.42930096,0.19405219,0.120238066,0.0347981,0.13522746,0.06073702,0.006733455,0.008037848,0.0025983,0.005275411,0.001698991
0.0016619404,0.02052429,0.022610666,0.7400331,0.045141466,0.09297634,0.023730863,0.008207356,0.00549777,0.015668996,0.02241934,0.0015278815
0.0006155423,0.28961885,0.09753446,0.14327975,0.07140883,0.35164464,0.027036868,0.009843566,0.0038460738,0.0017395407,0.0012585511,0.002173317
0.00011385065,0.7916165,0.10745484,0.064294346,0.008580914,0.017393144,0.006257816,0.0033633735,0.0002615564,5.0899394e-05,0.0005664124,4.631553e-05
0.009788178,0.04691522,0.203334,0.110671856,0.09682874,0.057193026,0.03146461,0.009141841,0.010842957,0.047007408,0.012189282,0.36462292
2.857703e-05,0.7367117,0.15896644,0.084213056,0.0033669658,0.013174595,0.0018247904,0.00014561719,9.4332936e-05,3.596477e-05,0.001385878,5.211016e-05
0.0010612104,0.07741533,0.056800626,0.10787302,0.17376037,0.1738701,0.39056924,0.0054861167,0.0014584238,0.0047806376,0.006393345,0.000531559
0.0014224643,0.11549258,0.25640818,0.31176522,0.08230055,0.102943435,0.06518354,0.008084593,0.029636828,0.0068277945,0.017954413,0.001980341
0.9881258,0.00475929,0.0001141421,0.00054964103,0.0021443139,0.0025272637,0.0008001544,0.00019338242,0.00034635686,0.00010460462,0.00010740989,0.00022766492
0.0020971368,0.00211587,0.002930339,0.019384637,0.3091751,0.15253097,0.3914214,0.07836722,0.01695172,0.004682175,0.020038739,0.0003046607
0.00018517624,0.45987695,0.22798827,0.17872924,0.012304891,0.06082418,0.0076349457,0.0014741605,0.00055735616,0.00037575586,0.049714077,0.0003350555
0.009330302,0.011646921,0.08375917,0.020279,0.122559205,0.034711283,0.02688081,0.00777431,0.01388342,0.09511064,0.0120634595,0.5620014
0.00049234513,0.0002420263,0.00054226187,0.0021234904,0.82843757,0.15141115,0.0028908472,0.002269806,0.0054619,0.004593645,0.0013099868,0.00022485915
0.0022497554,0.0065867393,0.019367456,0.28285512,0.1473079,0.37436846,0.041482195,0.05086513,0.014479385,0.015761018,0.042685144,0.0019917171
0.013702447,0.07157632,0.1172498,0.14143902,0.054088067,0.05902946,0.05793135,0.42905256,0.042285495,0.004026177,0.005633513,0.0039858753
0.0006129946,0.22438033,0.26336968,0.15688716,0.056891546,0.15476315,0.103349276,0.001936948,0.006172477,0.0021728445,0.028494846,0.00096873683
0.00037938013,0.3203769,0.1604634,0.08293507,0.019520123,0.073116414,0.04935165,0.0027081165,0.0012025116,0.0009910228,0.28842476,0.00053061114
0.0005761543,0.006110415,0.012399821,0.035560664,0.21700822,0.53096104,0.15732875,0.012075254,0.016364815,0.002553409,0.008852254,0.00020919819
0.00023942725,0.29100737,0.47470823,0.16007985,0.011050926,0.03110724,0.024652887,0.00094546785,0.0013704962,0.0016141109,0.0028768794,0.0003471203
0.001793616,0.0028372281,0.004847218,0.018796049,0.14550252,0.08137292,0.47446394,0.0908413,0.027431468,0.012473264,0.13888139,0.00075901736
0.00054876297,0.00023871416,0.00048184115,0.0019669337,0.8250567,0.15430097,0.0031708456,0.002631836,0.0057645524,0.0042810068,0.001325902,0.00023194564
0.0048906095,0.008138685,0.018270971,0.036545437,0.16360845,0.47878963,0.05576642,0.030141931,0.04022834,0.051706802,0.10234939,0.0095633315
0.0018304663,0.001918961,0.0038039042,0.02859366,0.21494943,0.27228025,0.02766237,0.0027148435,0.4058237,0.03045514,0.0084147705,0.0015525501
0.0016289427,0.0007940889,0.0016426857,0.0027635922,0.19487639,0.53276294,0.076684356,0.15865739,0.018661741,0.0070583154,0.003658624,0.00081096846
0.0009796375,0.018004833,0.037760865,0.015907168,0.43084326,0.3031487,0.17512913,0.00281411,0.010660867,0.002454942,0.0018506108,0.00044592147
0.0008294069,0.16034237,0.38012928,0.2135263,0.05591762,0.10427253,0.046729285,0.0025041024,0.011081938,0.0062942533,0.016415987,0.0019570047
0.00064121187,0.0005664736,0.00048144287,0.023963107,0.035826333,0.012481332,0.119109124,0.8033317,0.0014510003,0.00051817123,0.0014956879,0.00013440217
0.00019557906,0.744646,0.15380083,0.04597425,0.0121701695,0.014513493,0.0211507,0.0018300007,0.00050616823,0.0005017359,0.004277419,0.00043365138
0.0064215166,0.040653557,0.11719342,0.051149324,0.08074246,0.09508107,0.07241105,0.48148474,0.041244708,0.004379992,0.0041301996,0.005107911
0.0033300337,0.007944182,0.023627413,0.056139804,0.21750247,0.30581754,0.20199798,0.029685525,0.062938616,0.052545577,0.03510872,0.0033620943
0.95224476,0.040900834,0.0001164336,0.0006453012,0.0015752022,0.001833235,0.0013175823,0.00057719636,0.00014918295,0.0001109157,0.00013923505,0.00039016642
1.00163035e-07,0.0019639058,0.9958847,0.00054027705,0.0005003873,0.0008450497,0.00025492604,9.094024e-06,8.264302e-07,3.7309292e-07,1.6602016e-07,2.5910887e-07
0.0030845648,0.012166921,0.019085899,0.12618153,0.27273762,0.32503408,0.077043034,0.011434705,0.04812881,0.076844946,0.02425985,0.003997972
0.0042723673,0.005384395,0.017798241,0.025459843,0.26683322,0.20692825,0.17144339,0.21654338,0.03905351,0.015465531,0.02713105,0.003686822
0.0016924856,0.49484754,0.10825707,0.086188674,0.11175948,0.058092073,0.115453914,0.013964349,0.005974701,0.00090707856,0.0019683845,0.0008943162
0.0038206843,0.007291089,0.018502321,0.035429835,0.13255543,0.11371401,0.26737833,0.114891894,0.022604877,0.0058427686,0.27638385,0.0015849335
1.5269728e-05,0.0026669106,0.017218707,0.023774615,0.7637174,0.18598987,0.005239655,0.00012055557,0.00090869126,0.00012988766,0.00017777563,4.0607632e-05
3.7238162e-05,0.06041342,0.65387803,0.17059763,0.027180504,0.04836707,0.034475755,0.00019244915,0.0024361345,0.0008377292,0.0015027854,8.126026e-05
0.0050647915,0.522153,0.17479414,0.12685658,0.034809813,0.057717092,0.0399991,0.017664606,0.0029849072,0.0033794977,0.008912192,0.005664297
0.00054508983,0.19008751,0.2532669,0.25864288,0.06848927,0.12470556,0.08325406,0.0047733192,0.008767899,0.0016890187,0.0052395537,0.0005389588
0.0064676516,0.0068151844,0.014954871,0.017764242,0.26774034,0.08521091,0.044759717,0.046747476,0.4888898,0.008907702,0.008064174,0.0036778892
0.0004112881,0.0009955569,0.004375086,0.04759156,0.2333419,0.59662485,0.059772756,0.007826328,0.0352666,0.006850035,0.0067635374,0.00018049648
0.0118773375,0.14859748,0.094075024,0.061510026,0.055397168,0.10779341,0.2738827,0.17815268,0.03638959,0.009535219,0.015763935,0.0070254253
0.0008649899,0.4222922,0.18987316,0.2737902,0.013953156,0.028579367,0.038771097,0.009499427,0.002020168,0.00060727313,0.01939888,0.00035013125
0.00090695784,0.28242454,0.208576,0.14518493,0.03400387,0.043891456,0.22963445,0.010836182,0.006060569,0.0015223722,0.03636641,0.0005923289
0.0002567978,0.722781,0.16245487,0.06726963,0.008520641,0.016879255,0.011230301,0.006008373,0.00063842005,0.00019967092,0.00349965,0.00026133726
0.0008865556,0.0013412653,0.001860124,0.07478702,0.07983018,0.016230604,0.17507692,0.64266026,0.0025235252,0.0027590827,0.0017333367,0.0003111603
0.0001196792,0.0046372106,0.009458138,0.37876374,0.151185,0.4185715,0.014212634,0.00068327505,0.005235965,0.003659326,0.013335389,0.00013816013
0.0013507265,0.31073776,0.25880018,0.14133516,0.04428924,0.14324497,0.06987664,0.008170966,0.009706819,0.0040552737,0.006658559,0.001773737
0.0004247007,0.0015689596,0.0018751204,0.0038297668,0.113021985,0.04610556,0.7282402,0.082269415,0.0058682747,0.00222578,0.0144645125,0.0001057334
3.6140705e-06,0.0012497115,0.002158096,0.0031058514,0.24716908,0.6605393,0.085556395,0.00016094444,2.9360941e-05,9.084351e-06,1.7934824e-05,6.464593e-07
0.00054876297,0.00023871416,0.00048184115,0.0019669337,0.8250567,0.15430097,0.0031708456,0.002631836,0.0057645524,0.0042810068,0.001325902,0.00023194564
0.00050305435,0.00039827943,0.0009517128,0.0012010594,0.6335743,0.20818198,0.134983,0.004431763,0.012438404,0.0017567466,0.0014889677,9.070616e-05
0.00024926706,0.6472484,0.18783419,0.09086778,0.0080924835,0.043343373,0.01795128,0.002289588,0.0007639785,0.0002859069,0.0008258084,0.00024800136
0.0013222558,0.14592366,0.27661297,0.28819424,0.07676378,0.09563115,0.06386845,0.0066883834,0.024333656,0.005330996,0.013492026,0.001838472
0.0020794426,0.0036527512,0.00405787,0.035314735,0.32178482,0.1728979,0.33975527,0.0797006,0.015572447,0.0034680609,0.021454096,0.000262004
0.00087939703,0.00073461625,0.005341247,0.0007581035,0.0060269265,0.0017772357,0.0011729565,0.00020296118,0.00025546216,0.003556806,0.0007251868,0.97856915
0.00078868424,0.22103117,0.1319399,0.067900136,0.07181216,0.21612114,0.2651154,0.010865129,0.007245865,0.0015669323,0.004956499,0.00065697654
0.0029409276,0.00045044275,0.0051213945,0.0022710399,0.012114026,0.43555194,0.0055340636,0.0024677871,0.5227164,0.0009924859,0.0096792085,0.00016025934
0.002756144,0.026612973,0.03450764,0.05479816,0.18726097,0.37735093,0.10504681,0.14832516,0.026904734,0.018188532,0.014819808,0.0034281407
0.0019315362,0.002334378,0.0031107368,0.023767175,0.30915454,0.1536617,0.39539683,0.07190301,0.015844066,0.003858803,0.01878065,0.00025652998
0.004959062,0.0018138835,0.0050722514,0.012093516,0.10463049,0.2483575,0.2998462,0.13303556,0.032471456,0.006763823,0.14904912,0.0019071138
0.0049720155,0.06536293,0.31683785,0.17836271,0.072155096,0.020079304,0.056364913,0.0151604675,0.0073523307,0.23913689,0.00831069,0.015904812
0.008047114,0.022208158,0.05208845,0.1345787,0.27317896,0.18536842,0.094671056,0.07317998,0.028533699,0.064152785,0.054096773,0.009895875
0.105117805,0.18963015,0.059689797,0.050780907,0.14849326,0.28691307,0.03537277,0.11998665,0.00021121904,0.0017794138,9.942384e-05,0.0019255414
0.0028629154,0.004082764,0.004541783,0.026628101,0.18442303,0.24319436,0.41966152,0.041620675,0.02483908,0.0033583373,0.044353314,0.00043413756
0.00018022502,0.0025627722,0.0115557285,0.024652625,0.24130946,0.42797667,0.22490808,0.00044069483,0.013932279,0.009415754,0.042877637,0.00018809829
0.00023359404,0.7091449,0.16063218,0.033437897,0.013970736,0.06945898,0.0073381998,0.0043748766,0.00059111574,7.2845556e-05,0.00050099334,0.00024367291
2.1317092e-06,0.3077953,0.44565132,0.20295969,0.007873117,0.031418853,0.0041263714,6.3800835e-06,6.9842776e-05,8.450158e-06,8.5330634e-05,3.271641e-06
0.00045307248,0.22313444,0.39306885,0.21765244,0.04038848,0.076090306,0.030876286,0.0014024847,0.0052453354,0.0032989434,0.0072433027,0.0011459723
0.0066554127,0.109224185,0.34595862,0.08341245,0.0923219,0.063467234,0.09568959,0.09222947,0.06351326,0.009970458,0.022703389,0.014854079
0.00094858126,0.015553665,0.018761199,0.80546486,0.033522706,0.08629898,0.009827502,0.0054708673,0.0034938615,0.0109602455,0.008753487,0.00094402843
0.006567667,0.006071779,0.012038168,0.015310325,0.26536888,0.08559175,0.04640677,0.049084816,0.4922252,0.009308651,0.008197214,0.0038287619
0.011576006,0.08453458,0.11585418,0.09380661,0.04026477,0.07338712,0.07160151,0.47446507,0.02643853,0.0021692007,0.003159829,0.0027426311
0.0034459317,0.065298446,0.33953398,0.2505047,0.06950988,0.024819018,0.03147206,0.0083789565,0.00834437,0.17884463,0.0077038477,0.012144142
0.00038785115,0.0016139233,0.0058944207,0.011715042,0.22357576,0.6381846,0.09234854,0.0030487385,0.014123194,0.003109443,0.0057869456,0.00021158118
0.00024978665,0.13839217,0.32369128,0.14572375,0.04728038,0.13714977,0.19034925,0.0016763216,0.004440554,0.0011613013,0.009674823,0.00021066988
0.003891702,0.22162932,0.18077259,0.2493389,0.068625584,0.14229485,0.03663208,0.08141376,0.005919206,0.002271219,0.0051043513,0.0021063446
0.00026271588,0.5026272,0.32953984,0.068138495,0.008901194,0.069291644,0.014938578,0.00484585,0.0008541851,0.00012487746,0.00034617152,0.00012927168
0.0131083345,0.034063354,0.0468177,0.03631635,0.086816214,0.064142145,0.15664136,0.4610706,0.07299678,0.0057141976,0.017790195,0.0045227
0.001489985,0.003325423,0.0053032315,0.021122564,0.2695202,0.49135834,0.067240044,0.0054436093,0.08180817,0.03943326,0.0123058725,0.0016493261
0.0047017257,0.0023006308,0.00571309,0.026095992,0.2029808,0.23489171,0.1171446,0.052909642,0.09521566,0.014099625,0.24218717,0.0017593278
0.0031893859,0.0020694241,0.0020913014,0.004648737,0.14567526,0.21049601,0.109816246,0.37608582,0.11379754,0.022832936,0.008192126,0.0011051474
7.2238356e-05,0.0029886721,0.015299936,0.05421228,0.22486581,0.56418705,0.10113672,0.00014115419,0.009024982,0.006352697,0.021619653,9.8794735e-05
0.00022666276,0.00020653149,0.0004352392,0.0009361912,0.08348438,0.5699859,0.01919288,0.314874,0.006394025,0.0040038833,9.847702e-05,0.00016176442
0.0062576793,0.0061566485,0.013891129,0.016941747,0.26826772,0.086032115,0.044368833,0.04391591,0.49257016,0.009601571,0.008402847,0.0035936078
0.00055374193,0.106940605,0.3861696,0.15185754,0.07603384,0.1433638,0.1022992,0.0022378808,0.019635148,0.00248615,0.007831446,0.00059105695
0.0012382106,0.0009177596,0.0011174167,0.0052769314,0.14985813,0.09907415,0.5878798,0.08597263,0.013015979,0.0037743256,0.051643975,0.00023073694
0.0023585325,0.0042579216,0.010379221,0.02714877,0.30349183,0.3128827,0.17981535,0.037196837,0.095003895,0.012801604,0.01359709,0.0010662697
0.9402521,0.0493683,0.00030522153,0.00097116485,0.0025199086,0.002781952,0.0016911936,0.0011147368,0.00018098201,0.0001452917,0.00016266221,0.00050637126
0.0014224643,0.11549258,0.25640818,0.31176522,0.08230055,0.102943435,0.06518354,0.008084593,0.029636828,0.0068277945,0.017954413,0.001980341
0.0014518816,0.4736987,0.11143275,0.14705877,0.050083444,0.055051006,0.08539868,0.0656304,0.0020100435,0.0007465884,0.0070970487,0.00034068662
0.008736839,0.051969808,0.099213734,0.06094068,0.06059588,0.06675671,0.17042534,0.43587953,0.023359586,0.0055563613,0.010758967,0.005806505
0.0013714638,0.3899851,0.22293231,0.14651243,0.032944128,0.11946838,0.061428793,0.0067673246,0.007827057,0.003063474,0.006038419,0.0016610712
0.0011162816,0.26639864,0.3499785,0.24577779,0.03538211,0.030403344,0.04240271,0.013284037,0.0052214,0.0030185601,0.005343998,0.0016726158
0.001465243,0.2872526,0.44432572,0.11380455,0.02273871,0.08495234,0.017278813,0.016205827,0.0038878487,0.0009932085,0.0058594495,0.0012356342
0.00062157336,0.30667433,0.2612169,0.25234854,0.062440425,0.041472267,0.05584014,0.006607137,0.0028725872,0.00514945,0.0031646248,0.0015920027
0.006420745,0.0026837941,0.008524275,0.0074965954,0.4858387,0.14046064,0.040627792,0.012836608,0.030052193,0.13597053,0.021671545,0.107416555
0.0011426837,0.0068397326,0.008978604,0.7905268,0.029155457,0.082496434,0.009909888,0.03625329,0.002810657,0.0040058964,0.02745341,0.00042718355
0.00052410434,0.07298423,0.12490055,0.039987683,0.13180523,0.08092647,0.5302103,0.008175663,0.001127518,0.0007912517,0.0074300286,0.001136907
0.0060530826,0.077510074,0.11174657,0.08557881,0.20793632,0.15963018,0.2090262,0.029033665,0.08005371,0.012856078,0.013524932,0.007050391
0.001018822,0.008290769,0.008980554,0.49606636,0.08895272,0.32824776,0.020160398,0.007805462,0.013466171,0.013226852,0.0127749555,0.0010092524
0.0002410613,0.00019436165,0.0005232633,0.0040702536,0.068994485,0.0074276756,0.32689288,0.58734953,0.0019536358,0.0016249215,0.0006031613,0.00012480009
0.004133743,0.0027118116,0.007273092,0.019310964,0.19036002,0.09972103,0.2409751,0.03242214,0.11385048,0.055129495,0.23100463,0.0031075065
0.0034006652,0.49957335,0.20609073,0.08351659,0.038585685,0.04446027,0.062732324,0.04859652,0.0031960253,0.0013753945,0.0061155967,0.0023567753
0.96376836,0.030864108,0.00010627142,0.00054236245,0.0009572376,0.0013644148,0.0012069234,0.0005913612,0.00011825397,9.66643e-05,9.318758e-05,0.00029090268
0.00013280014,0.014952584,0.005989444,0.016068,0.17693824,0.6045534,0.1266461,0.0070520686,0.0008280451,0.0005805046,0.046011787,0.0002469801
0.96630156,0.028489605,7.96658e-05,0.00048468498,0.0010920695,0.0014466662,0.0010654695,0.0005530063,0.00011104892,8.219325e-05,7.453382e-05,0.00021958392
0.005015853,0.14082213,0.13917255,0.309917,0.07448815,0.05015906,0.11108841,0.13898352,0.016429419,0.005488375,0.0055309986,0.0029044482
0.0005543826,0.0007689782,0.0027236266,0.0036350104,0.4909617,0.25355336,0.17308488,0.038435705,0.010534174,0.0125565035,0.012820532,0.00037115684
0.0153078325,0.041878372,0.18212159,0.11796458,0.15121998,0.083232865,0.05472554,0.026750803,0.019089095,0.06027339,0.021424375,0.22601159
0.00040925253,0.19922575,0.30753425,0.15675925,0.04612517,0.14389928,0.12842466,0.0015642002,0.0048349113,0.0013251344,0.009556277,0.00034192178
3.1650045e-06,0.4276552,0.5304333,0.03230738,0.0019824917,0.0067539643,0.00073233614,5.7378504e-05,4.0786555e-05,3.267968e-06,2.5008336e-05,5.842357e-06
0.0011406529,0.28399897,0.39953318,0.18198615,0.026433013,0.070942834,0.016731285,0.0041472726,0.0058190995,0.0022812265,0.005210199,0.0017761957
1.7957067e-05,0.9603897,0.01807387,0.010585636,0.0018756359,0.002064462,0.002196786,0.0047510057,2.2025895e-05,2.0712664e-06,1.9064277e-05,1.8648377e-06
0.0045972397,0.28144366,0.26095763,0.09929843,0.028053908,0.052957296,0.06561178,0.1879726,0.0037634573,0.0019408287,0.010320382,0.003082799
0.991463,0.0054685893,8.496784e-05,0.0004649021,0.0003724269,0.00067159126,0.0008420128,0.000113014365,0.00013093365,0.0001748692,4.0550716e-05,0.00017315299
0.00051491323,0.00045337525,0.0010313764,0.0014665157,0.63294506,0.21259753,0.1313275,0.0035127548,0.012696139,0.0018764858,0.0014832414,9.508447e-05
0.004607818,0.05884801,0.47174048,0.09067032,0.11363049,0.08349088,0.047005124,0.028952513,0.03267251,0.01094176,0.01765171,0.03978848
1.8823739e-05,0.9605543,0.01690191,0.0111863855,0.0018997772,0.0021027315,0.0022671837,0.0050202576,2.1806369e-05,2.2378301e-06,2.259788e-05,1.9424983e-06
0.00059743086,0.01125802,0.008099448,0.050735556,0.28703728,0.031388752,0.5695661,0.029768638,0.00051021256,0.007317064,0.0034083254,0.0003132359
0.00012423695,0.55347806,0.21296424,0.13585235,0.008631653,0.04542758,0.008226913,0.00091531407,0.00030467694,0.00022303461,0.033633616,0.00021831834
0.007681355,0.104809634,0.16223289,0.11425496,0.09507596,0.15197727,0.17836201,0.02710926,0.092205584,0.028335812,0.028716488,0.009238844
0.0015663293,0.011051151,0.010756382,0.4832693,0.02402915,0.04575395,0.054324355,0.04024384,0.0040091434,0.0027888245,0.32187182,0.0003358073
0.0009521991,0.00088940375,0.0012951538,0.003139831,0.059438303,0.024147293,0.24846728,0.64912707,0.0059884503,0.0012597073,0.005107628,0.00018767659
0.0012244384,0.0003389876,0.0016538537,0.0091237845,0.07899268,0.122878455,0.064117834,0.00949424,0.70225835,0.0041383402,0.0054841205,0.00029496584
0.9543839,0.03434737,0.00028375682,0.0008985229,0.0030305274,0.0030383987,0.0017975284,0.0011873512,0.00019670918,0.00017158818,0.00014763528,0.000516664
9.25104e-08,0.0021229738,0.99600154,0.00052530627,0.0004202286,0.00068897766,0.00023188246,7.5836606e-06,7.4167673e-07,3.04608e-07,1.3755539e-07,2.1147748e-07
0.003941144,0.06800089,0.3297341,0.23829068,0.07021673,0.025054188,0.03437602,0.010414677,0.008694815,0.1889495,0.008343211,0.013984003
0.0052850368,0.5232087,0.17759484,0.12624204,0.033662755,0.05482351,0.038274053,0.02098153,0.003021757,0.0033440576,0.008300795,0.0052609514
0.0013616727,0.19242647,0.29159543,0.2670895,0.05944463,0.07634975,0.0618685,0.010294438,0.01894232,0.005163679,0.013628713,0.0018349591
0.0030789499,0.13588463,0.3785025,0.12030719,0.061965946,0.159016,0.06539957,0.015155823,0.014617428,0.01415851,0.022068633,0.009844879
0.00013398736,0.5834693,0.323028,0.04877593,0.007887069,0.024507158,0.009752097,0.00086797273,0.00046157115,0.00013207649,0.0006670129,0.00031792498
0.00049358024,0.00024148294,0.0005086085,0.0019790565,0.8239034,0.15617849,0.0031117548,0.002229059,0.0053934287,0.004436016,0.0012981761,0.00022691974
0.0005628788,0.409631,0.19167069,0.14913568,0.083950944,0.034540378,0.11038265,0.015882047,0.0013952386,0.0006882652,0.0018408712,0.000319401
0.0008049353,0.54259944,0.2372344,0.13175736,0.012835552,0.040817138,0.02291474,0.004760192,0.0019203541,0.0008533254,0.0027413315,0.00076128426
0.002848706,0.0024868725,0.0060823797,0.12214197,0.1569614,0.039829213,0.17113228,0.45498997,0.008533287,0.028273096,0.004448945,0.0022719393
0.0009126442,0.001050092,0.0048424634,0.039873045,0.27299604,0.46851054,0.06746875,0.015052309,0.10941313,0.010069718,0.00941938,0.00039188884
0.0002244793,0.0058503896,0.11983762,0.604456,0.078194335,0.04866789,0.053437825,0.0075839055,0.0018301238,0.07176251,0.0059190895,0.00223581
0.005924474,0.048117954,0.11247113,0.05806485,0.22415394,0.0829067,0.08527619,0.34885183,0.00452179,0.0017816824,0.004825978,0.023103496
0.0001960773,0.0004921562,0.00063360535,0.016421447,0.041838802,0.6848573,0.06345415,0.18524669,0.003402601,0.0013422078,0.0020312287,8.3727726e-05
0.00062395114,0.0044114296,0.028872347,0.49629086,0.11273964,0.31450006,0.0030776586,0.010150561,0.005572065,0.007865427,0.015384074,0.0005118986
0.0017384537,0.37986842,0.16316536,0.13121973,0.14378896,0.06857134,0.086126275,0.014625246,0.0050975075,0.0014032519,0.0021818199,0.0022135985
0.006816576,0.06078807,0.1342827,0.06491521,0.10118225,0.0235519,0.36298472,0.16959052,0.025239086,0.030548485,0.0086974045,0.011403068
0.0003621057,0.00023033263,0.00029074764,0.0014360755,0.4426509,0.5155311,0.029920453,0.0058035427,0.0024894911,0.00039743938,0.00083596155,5.175537e-05
0.0021309757,0.001991425,0.0028237908,0.018884579,0.29637387,0.1571754,0.3988297,0.07719248,0.019180894,0.004509409,0.020618917,0.0002885017
0.00134137,0.00830489,0.010335504,0.6053844,0.061110727,0.10100529,0.019736394,0.009014,0.0070460546,0.015408299,0.16002901,0.0012841023
0.0010537617,0.0037002598,0.009119948,0.70002496,0.06531484,0.16610529,0.0103990445,0.014625562,0.012691546,0.0058900528,0.010773605,0.00030109045
0.0024803018,0.0017617989,0.0016591675,0.001823502,0.02045719,0.113035925,0.6472035,0.012482301,0.19366808,0.002874895,0.0015271709,0.00102619
0.95132124,0.043220516,0.000103021084,0.0005447144,0.0010925633,0.001549894,0.0011220052,0.00052382,0.00010872326,7.981126e-05,8.332605e-05,0.00025033348
0.0007281803,0.0006693559,0.00053216866,0.022701891,0.036677808,0.011777911,0.13301316,0.79041415,0.0014447252,0.0004932302,0.0014008007,0.00014652564
0.00027733488,0.0066879704,0.001222868,0.010885893,0.11225725,0.8468698,0.008513661,0.0003117155,0.005417607,0.0038783525,0.0033292298,0.00034831432
0.00075868913,0.21257433,0.098869234,0.0635589,0.10497742,0.2343038,0.24552198,0.026532454,0.0023515527,0.00078036205,0.008929436,0.00084177445
0.00063420256,0.0006213008,0.0026458192,0.020656932,0.121901825,0.3102645,0.057456005,0.0015821458,0.46749127,0.0061045606,0.010414434,0.00022705084
0.0007040772,0.001413903,0.0017308457,0.010150375,0.11403691,0.029109739,0.6436643,0.18861882,0.0026463952,0.0016951255,0.0061098933,0.00011954681
0.0048028287,0.30475146,0.27345306,0.16938972,0.039240055,0.08224298,0.06591429,0.036269806,0.005814212,0.004659752,0.009822436,0.0036394333
0.0002766889,0.5092283,0.13461287,0.10964018,0.086486116,0.07294824,0.08235781,0.0023146505,0.00091425976,0.00029852038,0.000614827,0.00030756346
5.5260898e-05,0.25215298,0.43482462,0.17476928,0.029347505,0.04013187,0.06497582,0.00094588776,0.0014214367,0.00040912474,0.00089699635,6.9214664e-05
0.0025765651,0.0028834343,0.012293511,0.026559087,0.11391412,0.02305504,0.017836452,0.0065776194,0.00850984,0.7694602,0.007737893,0.008596261
0.0046513197,0.0025408422,0.007118175,0.025861386,0.19477355,0.13312632,0.16112529,0.018962236,0.29162148,0.039295945,0.11791636,0.0030071072
0.0007419673,0.07608332,0.21578333,0.063190654,0.08711055,0.02858344,0.3518976,0.16233939,0.007863688,0.0028647291,0.0029699104,0.0005713885
0.0001395364,0.32786697,0.49739957,0.12330083,0.0120198,0.03150759,0.0047780396,0.0013389663,0.00076065696,0.00010126667,0.0005569152,0.00022986605
0.0010793903,0.0007566898,0.0028189446,0.02093291,0.14748353,0.23005177,0.092736684,0.0028349198,0.47158498,0.008393116,0.020944294,0.00038281217
0.000824091,0.0007949928,0.0034740188,0.013036234,0.73553544,0.121857695,0.017596604,0.0030137498,0.004948202,0.09031346,0.0071085035,0.0014970488
0.00024082014,0.00017668761,0.00052812527,0.004550684,0.07942239,0.008524469,0.32581395,0.5757818,0.0023051784,0.0018838681,0.0006433026,0.00012870734
0.002592971,0.00080819154,0.0034618904,0.009141492,0.17872481,0.0944145,0.17717372,0.25084186,0.26263374,0.009236461,0.009597986,0.0013723718
0.0008600622,0.042810116,0.021765564,0.5446159,0.18477161,0.15584733,0.036132745,0.0025579783,0.0005518995,0.004558626,0.00477524,0.0007528217
0.0010108668,0.008328206,0.015632246,0.044616234,0.20253307,0.38842377,0.27284363,0.0063527348,0.019516088,0.0047686603,0.035581056,0.0003933625
0.003733591,0.039483886,0.031155784,0.20954998,0.2217272,0.25485197,0.13484988,0.020703034,0.0029826597,0.017405258,0.054420285,0.009136479
0.0023149422,0.0012810223,0.005783058,0.012297419,0.3804009,0.12487577,0.20884785,0.097474426,0.12663278,0.019286478,0.018570272,0.0022350878
0.0021540006,0.002885044,0.0035306741,0.028657893,0.32799792,0.1625835,0.3392408,0.090311274,0.016847296,0.0036990403,0.021823263,0.00026930205
0.0024514557,0.0071745464,0.011482085,0.06680106,0.2623547,0.3633761,0.061128385,0.0038110986,0.1337359,0.057960585,0.02673605,0.0029880183
0.0010992192,0.1675413,0.37581107,0.2876657,0.056657694,0.037472423,0.041835766,0.00670591,0.007225904,0.00834557,0.006670834,0.002968608
0.0019965554,0.25120488,0.43686998,0.16314492,0.028387887,0.054585055,0.021187423,0.0028496506,0.0035526322,0.0071175704,0.023583556,0.0055199135
0.000739352,0.00034330558,0.0015098418,0.0030924845,0.13076042,0.013137129,0.608758,0.21603431,0.004923761,0.01780231,0.0024221833,0.00047693684
3.0584812e-07,1.3446318e-07,2.0318628e-06,3.3333385e-05,0.9988355,0.0010513641,4.7583694e-06,4.584525e-07,5.5356337e-05,1.6315105e-05,4.719275e-07,3.4256225e-08
0.0014627418,0.02451054,0.12542765,0.13179797,0.48871833,0.11548741,0.024898637,0.004718637,0.004927809,0.06409413,0.008434501,0.005521661
0.0012759131,0.015810654,0.026021695,0.03984363,0.17841713,0.3673549,0.2791748,0.016529772,0.005985984,0.0047227414,0.06403078,0.0008319999
0.00089207594,0.0007840534,0.0037320096,0.014113642,0.7290657,0.119449966,0.017344274,0.0037938198,0.005599731,0.09621715,0.0073879804,0.0016195526
0.005681623,0.00856499,0.009673871,0.26698115,0.16766,0.34491113,0.04185422,0.05226233,0.01849746,0.041090365,0.03841125,0.00441164
1.5669188e-05,0.00424699,0.59340084,0.29856387,0.051677782,0.040051498,0.0074862097,0.0002366858,0.000480999,0.00025450185,0.0035594304,2.5483714e-05
0.0073745674,0.008298755,0.017576676,0.019476203,0.261612,0.08180197,0.052301843,0.044625815,0.48427704,0.009878393,0.008735365,0.0040413495
0.0009095977,0.00077489344,0.0014122339,0.0032398005,0.79228747,0.1449297,0.03326279,0.012197094,0.0042578964,0.0040223626,0.0023041642,0.00040203336
0.0146775525,0.14014746,0.19432965,0.1476668,0.0685322,0.11697261,0.081842296,0.16545272,0.04708544,0.005895562,0.011165268,0.0062324503
0.00047636247,0.28366083,0.18875404,0.32219747,0.035012923,0.029138714,0.10383951,0.02233722,0.003952537,0.0015929476,0.008660648,0.0003767892
0.0009399583,0.0019439164,0.017352467,0.21015789,0.61051875,0.051409096,0.021948805,0.0051635653,0.013097171,0.053640533,0.0119723715,0.0018554501
0.0028900576,0.048432212,0.036137596,0.4107616,0.09489536,0.2830268,0.019936664,0.08094707,0.00335965,0.001929236,0.01681448,0.00086925516
0.0024105066,0.1082816,0.22878544,0.35633305,0.08617686,0.07295032,0.04998386,0.068678506,0.0064933677,0.006465835,0.0040177926,0.009422858
0.0055630105,0.13386528,0.2604894,0.107809514,0.28671873,0.07295348,0.06638804,0.012091847,0.016779555,0.011640915,0.005091867,0.02060835
0.001160569,0.25388268,0.45529276,0.14409311,0.023465263,0.08232638,0.014938087,0.012678876,0.0041052247,0.0010473591,0.0058123553,0.0011972691
0.0017941745,0.01834856,0.024685945,0.2945613,0.07651511,0.49009678,0.015171023,0.014216335,0.005935609,0.012275157,0.04317753,0.0032225272
0.0015063108,0.32230327,0.1279212,0.1413115,0.20314065,0.099722184,0.079817064,0.009154728,0.009536904,0.001564139,0.0030089908,0.0010130885
6.207896e-05,0.04933063,0.19887228,0.18757871,0.1695578,0.30820835,0.076841675,0.00078842085,0.0038362287,0.00107777,0.003732461,0.00011364564
0.0009747947,0.1528616,0.4663634,0.13980561,0.06318242,0.05530459,0.075990334,0.017442456,0.01740952,0.0030950194,0.0053299493,0.002240334
0.004650879,0.0018719081,0.002674957,0.01573091,0.21604325,0.22399433,0.2919847,0.074073166,0.076364726,0.014050368,0.07610895,0.0024518757
0.00045500702,0.6829622,0.15796971,0.05555175,0.020377373,0.02040454,0.044334922,0.006491671,0.00097075105,0.00101688,0.008611039,0.0008542353
0.00026577635,0.004908831,0.009778057,0.5423333,0.07880615,0.33125108,0.007596554,0.0009694694,0.0072673955,0.002879721,0.013775746,0.00016793597
0.007852576,0.020939143,0.06502054,0.030583592,0.09859781,0.040048163,0.12072549,0.5504758,0.041972816,0.008986043,0.0042983,0.010499748
0.0034398763,0.003967582,0.014280263,0.030123912,0.111984365,0.024089795,0.020318285,0.008893813,0.00991338,0.7534686,0.008952179,0.010568087
0.0010586056,0.0006161374,0.00113822,0.021213636,0.029461915,0.16543159,0.008373852,0.7693324,0.001822879,0.0004938775,0.00085922884,0.0001976786
0.00044629976,0.00040131508,0.00047743387,0.012113431,0.028715352,0.009462946,0.08929418,0.8565794,0.0011925971,0.0005026885,0.0006961583,0.000118189004
0.000764015,0.00014425037,0.0003801981,0.00027970521,0.16842672,0.4340701,0.12256091,0.23321158,0.037761316,0.0012056198,0.0011100975,8.552487e-05
1.5938498e-05,0.33576587,0.57121855,0.067352,0.004917791,0.017467363,0.0028338446,0.00015204467,9.998005e-05,3.1220057e-05,9.46101e-05,5.090309e-05
0.02208824,0.019620588,0.034161024,0.07022372,0.24863994,0.09398189,0.07393658,0.020222401,0.04194808,0.30084488,0.048524152,0.025808468
0.0057085273,0.16810814,0.35850626,0.1012316,0.060601413,0.14105313,0.04824146,0.061188184,0.020346299,0.0043526455,0.025510078,0.00515224
0.00073853845,0.62565386,0.1830853,0.10727096,0.012752983,0.03384592,0.025802786,0.0060070213,0.0017449298,0.0006985949,0.0018174793,0.0005816707
0.000527591,0.63933134,0.21429601,0.07246657,0.01521581,0.025018066,0.024042241,0.0057605794,0.0005526673,0.00057520834,0.0014835915,0.0007302301
0.0029670545,0.0028316611,0.011995292,0.025420098,0.10698269,0.022031948,0.017119735,0.007541596,0.010225712,0.77588075,0.0074077295,0.009595712
0.0021552886,0.14196129,0.25657836,0.18179849,0.11344857,0.13861059,0.12379196,0.009241034,0.0127119105,0.008386801,0.008442735,0.002872973
0.003248112,0.031870145,0.06245717,0.3677888,0.1292472,0.09658371,0.10590638,0.12616672,0.014156169,0.01102959,0.04589046,0.005655599
0.00080320454,0.006750315,0.007385633,0.2325136,0.10277028,0.023333982,0.37291974,0.24232212,0.0013973678,0.006950998,0.0026885078,0.00016422854
0.0011612789,0.35775575,0.31174365,0.1615746,0.0463561,0.060878575,0.039044436,0.0027964758,0.008115681,0.004469267,0.004188981,0.0019152497
3.2264737e-07,1.5581716e-07,2.3213645e-06,2.5881202e-05,0.9987809,0.0011196925,6.5463014e-06,4.807913e-07,4.586448e-05,1.728808e-05,4.8405735e-07,4.4123276e-08
0.003051688,0.25391522,0.29716572,0.0956205,0.02513551,0.0927377,0.06451185,0.14436086,0.0171617,0.0023861295,0.0022294794,0.001723684
0.0010566063,0.34936428,0.26312205,0.10682927,0.09333128,0.036956336,0.12689249,0.0099939415,0.0018298964,0.0022657043,0.003008087,0.0053500435
0.0009258357,0.123210795,0.35497004,0.22264354,0.05817643,0.14787234,0.045521427,0.0016169465,0.0152559355,0.007579847,0.019841516,0.0023852864
0.001052042,0.0017360715,0.0005528542,0.0012433315,0.010443823,0.13078687,0.82382315,0.0042006643,0.02387587,0.00065776746,0.0012250819,0.00040245673
0.0002620131,0.32524782,0.44919908,0.14904162,0.015680809,0.04474551,0.0074766483,0.005651323,0.0013023219,0.00013099638,0.0010944688,0.000167405
0.00049191003,0.0022098524,0.0031013312,0.066320926,0.054972477,0.0062661013,0.66676354,0.19148472,0.001090551,0.0046383194,0.0024678593,0.00019254508
0.0014924014,0.033137847,0.04459218,0.64847803,0.046041317,0.081953645,0.060441554,0.028676111,0.0030501427,0.011039923,0.0402853,0.0008115698
0.98965657,0.0014385383,0.00022166016,0.0008304907,0.0011187097,0.0045268917,0.0011552726,8.342076e-05,0.0005193674,0.00018003477,8.6300686e-05,0.00018287948
0.0014750365,0.011352803,0.012326114,0.7049446,0.047867555,0.16125278,0.0122438865,0.0026070678,0.011956983,0.012734597,0.020247277,0.0009913463
1.6479733e-05,0.71497375,0.23877558,0.033119753,0.0028173744,0.008387933,0.0015441267,0.00020278181,8.5656706e-05,1.0188922e-05,4.7598543e-05,1.8648001e-05
0.00022313412,0.63921446,0.14392102,0.14906007,0.025680507,0.013439108,0.025392499,0.0013608582,0.00045373692,0.0002339147,0.0007372853,0.00028337212
0.0012805796,0.11409468,0.2702336,0.30740374,0.080957435,0.10576986,0.06300401,0.0065003214,0.028815776,0.0062183235,0.013846684,0.0018750263
0.0018514644,0.008222524,0.008074827,0.3726557,0.02402768,0.035105098,0.07456565,0.053807877,0.004666551,0.0025808855,0.41408455,0.00035718604
0.0036332808,0.19421165,0.23540282,0.18368489,0.07796932,0.16539128,0.053656038,0.007924862,0.016240401,0.0046165297,0.052527662,0.004741231
0.0025905077,0.00434185,0.0022540898,0.0034766598,0.05765717,0.3762417,0.38991073,0.16068408,0.00046802894,0.000537399,0.0015780122,0.00025979584
0.0023465822,0.0016352861,0.0040252386,0.012681987,0.12969925,0.091079,0.32223535,0.026842512,0.10191761,0.01353767,0.29307368,0.00092580833
0.00615946,0.0019828512,0.006907794,0.0075494573,0.50255615,0.120596185,0.04852905,0.019862117,0.036818862,0.1567386,0.034669057,0.057630487
0.0011271724,0.26025382,0.41451672,0.15741275,0.04113515,0.030467125,0.044952087,0.039034583,0.004219104,0.0017206294,0.0037942543,0.0013666532
0.9950003,0.003208546,2.0002368e-05,0.00017986548,0.00058135396,0.00028555546,0.0003349211,9.728469e-05,7.053536e-05,6.5825174e-05,2.7275331e-05,0.00012853452
0.0069442615,0.0064924136,0.012809284,0.016319187,0.26171166,0.0810977,0.044656828,0.04968454,0.49899673,0.009196801,0.008086985,0.0040035904
0.00049358024,0.00024148294,0.0005086085,0.0019790565,0.8239034,0.15617849,0.0031117548,0.002229059,0.0053934287,0.004436016,0.0012981761,0.00022691974
0.0005695046,0.0009940552,0.0020613307,0.018276727,0.1876491,0.61909443,0.076974355,0.0020930564,0.07744842,0.0029485107,0.011719964,0.00017059821
0.0041636406,0.34424236,0.20929734,0.07901544,0.038323864,0.13389285,0.1242391,0.043269165,0.009231439,0.004062674,0.00644495,0.0038171075
0.0014610221,0.24739553,0.396938,0.13381702,0.02294776,0.110650346,0.019688468,0.05884767,0.003698366,0.0006204164,0.0031483856,0.00078702555
0.012547326,0.09184944,0.18353654,0.1252413,0.13742211,0.19677958,0.10860436,0.036639858,0.05296441,0.009771042,0.018886281,0.02575779
0.0003175667,0.15917416,0.41659588,0.15307024,0.057726335,0.106782414,0.088922754,0.0015048168,0.00956082,0.0014011193,0.004606898,0.0003368981
0.00013553108,0.0022991295,0.0015211179,0.0028019415,0.02921138,0.82475936,0.11769897,0.0008574967,0.020062817,0.00016637066,0.00045145355,3.4358727e-05
0.0018780408,0.09502941,0.44657955,0.11263403,0.08560796,0.121173434,0.07522955,0.016860846,0.009391749,0.006470229,0.020064645,0.009080548
0.0023365708,0.015280412,0.007468148,0.06468972,0.31465763,0.5466263,0.031492267,0.004434468,0.003641646,0.0023983393,0.005664555,0.0013098991
0.0051691993,0.029199341,0.08979798,0.083755106,0.40697366,0.1149381,0.07803016,0.06864189,0.053669494,0.033667617,0.010255641,0.025901841
0.00026850437,0.44528556,0.24720734,0.23847365,0.012618204,0.018838894,0.022932159,0.0040186225,0.0010336945,0.0004469264,0.0086549185,0.00022150515
0.0012160778,0.28002137,0.34753108,0.21749496,0.037419997,0.038533226,0.04773046,0.012557103,0.005808461,0.003515482,0.005897529,0.0022742574
0.0009165798,0.00070963555,0.0049573136,0.000739355,0.0072559267,0.001991499,0.0013988914,0.00025769355,0.00028711246,0.0042841258,0.00076524704,0.9764365
0.0017386193,0.0026928827,0.008712014,0.029870797,0.28367123,0.31859708,0.20228456,0.011383242,0.10586472,0.01380642,0.020680824,0.0006975982
0.0035525786,0.07032896,0.3276668,0.26235265,0.07182657,0.024192186,0.03044885,0.009803086,0.008431828,0.17143333,0.008361788,0.011601358
9.954394e-05,0.00032559864,0.00021584082,0.0012038152,0.15933229,0.037966184,0.7902734,0.0028742217,0.0014261847,0.005784207,0.00046162689,3.6974994e-05
0.0017047019,0.15079974,0.29295585,0.19391774,0.063393846,0.13644442,0.08721567,0.0055874423,0.044906575,0.0064858617,0.014283856,0.0023043123
0.00022273799,0.0051444615,0.022579802,0.7675262,0.033617835,0.14497793,0.0071366513,0.0006680442,0.00818545,0.0023196465,0.007531512,8.974385e-05
0.00029188147,0.0001894862,0.00044657485,0.0055057346,0.07133719,0.008626787,0.5670298,0.34151265,0.0025121954,0.0013974562,0.0010400662,0.00011016863
0.0048741573,0.012305056,0.03535281,0.18919013,0.17824337,0.18584198,0.070331484,0.20334576,0.019123847,0.006944148,0.09170976,0.0027374632
0.00074822485,0.5743773,0.17989683,0.100743696,0.017773123,0.062214095,0.050737463,0.0057709236,0.0032552513,0.0011446372,0.0025653723,0.0007730982
0.0065775174,0.044711377,0.30269945,0.047700305,0.23296414,0.058792334,0.07502864,0.008616345,0.013869291,0.079181634,0.013870491,0.11598844
2.5929725e-05,0.0001009667,0.0003643507,0.006150354,0.13404413,0.84194314,0.010744811,0.00011873176,0.0052429345,0.00049173256,0.00076278934,1.0222931e-05
1.3758606e-05,9.526927e-06,3.0798205e-05,0.0001939859,0.0023949323,0.0018222257,0.001474439,0.9940153,1.2119461e-05,9.618933e-06,2.2104092e-05,1.1493854e-06
0.00021525027,0.58247393,0.19103353,0.16158094,0.012951605,0.01688679,0.02488807,0.004351378,0.00071255653,0.00044412902,0.0042689447,0.00019297191
0.006331407,0.1902405,0.18509252,0.07769908,0.056057364,0.18611827,0.14868177,0.10401818,0.02236235,0.005776098,0.011428812,0.0061935787
0.95370275,0.04082069,9.616612e-05,0.00055337936,0.0011099989,0.001542756,0.0010850994,0.0005946096,0.00010371436,7.654882e-05,8.445631e-05,0.00022994043
0.0016245875,0.008007446,0.008031657,0.41851443,0.025293093,0.048537668,0.06995325,0.037696313,0.0045791883,0.0028326798,0.37460244,0.00032727825
0.0008058369,0.0011690392,0.0016811477,0.07313029,0.07913947,0.016192665,0.19269335,0.62821317,0.0026322466,0.0023781147,0.0017169886,0.000247753
0.00065459515,0.586506,0.19147891,0.11690616,0.013709335,0.053250182,0.028006516,0.0041202223,0.0019010822,0.0008018386,0.0020062348,0.00065899227
0.00053981115,0.010004929,0.012570211,0.7696715,0.06580008,0.103508726,0.0056575714,0.00076703867,0.0075717643,0.013900725,0.009137852,0.0008698066
8.615102e-08,0.0019273218,0.996151,0.000580402,0.00044743784,0.0006755432,0.00020976509,7.1322943e-06,7.119148e-07,3.0761905e-07,1.4112922e-07,2.1616887e-07
0.0047962195,0.026228521,0.04595805,0.36673832,0.105141364,0.23861147,0.025416894,0.009736275,0.015403135,0.053394124,0.094905786,0.013669798
9.015336e-07,5.153541e-05,0.0016936855,0.00067751453,0.72525924,0.12934361,0.00048729527,4.585416e-07,0.000110355875,0.14232492,4.2628362e-06,4.627581e-05
0.00094595057,0.001837932,0.0030324261,0.013056318,0.16979308,0.21903042,0.4368012,0.021720817,0.021981807,0.007093175,0.104258254,0.00044856544
9.357299e-05,0.3479115,0.48761395,0.113982014,0.011464315,0.03110301,0.004348137,0.0023428202,0.0005720518,5.549613e-05,0.00043877718,7.4299285e-05
0.01363883,0.122875385,0.087635286,0.060248762,0.058630273,0.10921153,0.28626114,0.18180844,0.041850287,0.011783158,0.018014908,0.008041965
0.0012758188,0.019752895,0.038070474,0.053645197,0.52670586,0.22132999,0.07676605,0.0017196479,0.0019475518,0.019947885,0.02048705,0.018351609
0.0021265664,0.0021944956,0.0048482516,0.017444039,0.13175915,0.11240487,0.31349617,0.020516643,0.10008529,0.013801736,0.28037184,0.0009509305
0.004411296,0.23828188,0.36318424,0.106909685,0.05282369,0.041379414,0.06603859,0.07270011,0.033931457,0.003523064,0.012745325,0.0040712506
0.000102073245,0.0103362035,0.01807779,0.020677354,0.75234747,0.16623226,0.029503543,0.0018822217,0.00033625276,0.00023104175,0.00013728697,0.00013663247
0.0013388692,0.12042845,0.27811265,0.29022938,0.0828195,0.103918664,0.064261675,0.00716749,0.029246453,0.0063628396,0.014252423,0.001861552
0.0013714638,0.3899851,0.22293231,0.14651243,0.032944128,0.11946838,0.061428793,0.0067673246,0.007827057,0.003063474,0.006038419,0.0016610712
0.0014640966,0.21012549,0.33544412,0.1393665,0.036820922,0.13339016,0.021137998,0.11231851,0.0046130894,0.00076729816,0.003837867,0.0007140392
0.9523891,0.04104153,0.00011987197,0.0006230015,0.0014739702,0.0018061684,0.0012443204,0.000521628,0.0001500393,0.00011100987,0.00013936723,0.00037990726
0.001176716,0.15604858,0.2813535,0.30745608,0.06729751,0.096730836,0.04667027,0.0045172474,0.022676723,0.0040514884,0.010535865,0.0014851879
0.017940585,0.07578378,0.08198697,0.19782959,0.12611328,0.08876184,0.090887085,0.2095081,0.07735508,0.012450349,0.013811713,0.0075716125
0.9500201,0.043051228,0.00013092508,0.0006624557,0.0016154075,0.001833567,0.0013078002,0.00057808106,0.0001504856,0.00011407743,0.00014408202,0.00039173753
0.010821033,0.115540646,0.30188102,0.1260078,0.05857089,0.11368967,0.063953206,0.1557793,0.025918657,0.005237814,0.010198813,0.012401105
0.00022250734,0.0013666566,0.0010313096,0.0015897735,0.02414235,0.7642304,0.16107975,0.002535078,0.04263378,0.0003221326,0.0007699623,7.638871e-05
0.005059934,0.013007372,0.030184142,0.17073222,0.17526416,0.09851878,0.11952796,0.3038059,0.017184552,0.01766918,0.04548693,0.003558842
0.0010611617,0.09087473,0.37252417,0.27364108,0.053531107,0.13877676,0.03141646,0.019604994,0.00618566,0.0028817088,0.008067875,0.0014342436
0.0024417245,0.0018954211,0.0017790913,0.0019660976,0.019727541,0.10991993,0.66948223,0.011002703,0.17648236,0.0028573454,0.0013933353,0.0010522659
0.002050271,0.393328,0.24885292,0.13743448,0.031668015,0.09556726,0.05680119,0.00986586,0.010483768,0.003771263,0.007713112,0.0024638204
0.0009945378,0.30394918,0.34537095,0.21303922,0.034507226,0.03918796,0.039257172,0.010376415,0.0044410457,0.002572497,0.0044887653,0.0018150319
0.9987067,0.0003262974,1.1858436e-05,3.5740864e-05,0.00015552451,0.000593815,0.0001135603,7.756767e-06,1.574605e-05,2.7404558e-06,5.215739e-06,2.5187042e-05
0.0030035193,0.0064413305,0.02088828,0.025296504,0.18526317,0.42606014,0.09691693,0.024674155,0.027520336,0.0866325,0.087743536,0.009559559
3.713421e-07,1.4921287e-07,2.2742731e-06,2.6764887e-05,0.99881506,0.0010800011,5.8029427e-06,6.2653913e-07,5.1154588e-05,1.7295153e-05,5.260068e-07,4.5733113e-08
0.0005599095,0.0065194056,0.01424147,0.71729034,0.065173715,0.16474831,0.0072908923,0.010370435,0.0026244381,0.008283394,0.002652732,0.00024494377
0.00011491405,0.02339103,0.029710598,0.12033637,0.23037156,0.38136527,0.21151815,0.001239416,0.00038026736,0.0005293644,0.0009259524,0.000117158175
2.5661906e-05,0.67640245,0.25116497,0.05742075,0.003935128,0.00869806,0.0017330141,0.000391515,0.00013211338,1.5551112e-05,6.296171e-05,1.7809674e-05
9.558882e-05,0.028842183,0.10033485,0.10920851,0.064897254,0.01922122,0.47022948,0.20544931,0.0011341925,0.00025735813,0.00028070743,4.9384533e-05
0.00015388815,0.545346,0.15637773,0.13117959,0.026281942,0.077289626,0.058265954,0.003346695,0.0007491842,0.00016087982,0.00080595375,4.2449476e-05
8.8001114e-05,0.5977189,0.31624228,0.059049543,0.007404669,0.012617669,0.004315574,0.0016562816,0.00054078375,6.0915565e-05,0.0002468457,5.859891e-05
0.0042384416,0.06369401,0.49203372,0.088993356,0.09503726,0.07261888,0.054531768,0.02975341,0.03352272,0.011532795,0.019413995,0.034629717
0.00018880937,0.56102335,0.22332351,0.12734514,0.00896031,0.042597547,0.007848701,0.001489296,0.00041746083,0.00027438233,0.026243398,0.00028803514
0.0019208202,0.00049179816,0.0008440099,0.0036456357,0.4591867,0.08727894,0.030587807,0.030764507,0.3738696,0.00640584,0.0042331275,0.00077117264
0.00034716536,0.285793,0.29897848,0.22777313,0.087446705,0.05066187,0.042453784,0.0010890575,0.00065830484,0.0012143534,0.002006717,0.0015773957
0.00046652614,0.00024583298,0.00055493385,0.0025080917,0.83515644,0.1454506,0.0025071558,0.0018494116,0.005188911,0.004601948,0.0012480167,0.0002221488
0.0014145392,0.15563814,0.3236048,0.43267855,0.02890248,0.014593796,0.012972735,0.0041736965,0.0021028908,0.01849209,0.002368294,0.0030579583
0.0003983701,0.057095792,0.27198112,0.32870048,0.08218623,0.16360652,0.05439719,0.029298348,0.0038201844,0.005165373,0.0030970345,0.0002533402
0.0012211977,0.0005471426,0.0022866533,0.07154752,0.1933797,0.588688,0.011682496,0.11212219,0.013014008,0.0020352758,0.003137119,0.00033867673
0.004446453,0.15432096,0.3017252,0.12205355,0.13006774,0.10975988,0.1102651,0.013244876,0.018121472,0.01128044,0.01218038,0.012533932
0.001160569,0.25388268,0.45529276,0.14409311,0.023465263,0.08232638,0.014938087,0.012678876,0.0041052247,0.0010473591,0.0058123553,0.0011972691
0.00058493967,0.0052352557,0.010308119,0.20683701,0.06987018,0.65471417,0.00601527,0.005146861,0.003915635,0.0076519283,0.028563963,0.001156637
4.6087825e-06,0.39512265,0.5525439,0.042506672,0.0021610428,0.006874254,0.00064488064,5.4631226e-05,4.7735528e-05,4.9124274e-06,2.5919098e-05,8.889923e-06
0.0007140559,0.42268303,0.26365614,0.13439906,0.029212965,0.08690096,0.045915373,0.0033388608,0.005565506,0.0024839283,0.0039786105,0.0011515614
0.00015462267,0.026221799,0.034771137,0.58501506,0.086565055,0.21571209,0.039661128,0.0021242548,0.0017173399,0.0014149494,0.0065588877,8.368388e-05
0.0021799924,0.0017760672,0.0017041435,0.0018312106,0.019016897,0.10831491,0.69372904,0.009724832,0.15658069,0.0028600937,0.0013212754,0.0009607392
0.0004819735,0.15903273,0.2600565,0.2853938,0.070338376,0.1425413,0.06180444,0.0025718284,0.009734081,0.001794646,0.0057015815,0.0005487716
0.004435234,0.026159503,0.029582165,0.31596053,0.13505675,0.19127113,0.103473894,0.13011801,0.023070669,0.0051715695,0.033558417,0.0021421306
0.001575045,0.0005028703,0.0026838835,0.03262441,0.027945941,0.10565205,0.05447786,0.76752096,0.0023044464,0.0021989748,0.0020728686,0.00044071148
1.306336e-05,0.6935389,0.17395994,0.0633649,0.0141672185,0.02441261,0.029740976,0.000244864,2.7292204e-05,2.5467629e-05,0.00047424933,3.0506411e-05
0.0007531343,0.58676577,0.19597858,0.109556615,0.0131713115,0.052565664,0.03063571,0.0046773725,0.0021891787,0.0008441976,0.0021190026,0.00074349093
0.0032756547,0.3145009,0.3664535,0.11396463,0.030860346,0.08480809,0.027393797,0.043275103,0.0059929327,0.0011592977,0.006494301,0.0018214412
0.0039794636,0.20975217,0.3923238,0.113124564,0.055294134,0.04566559,0.06264877,0.06371716,0.03309682,0.0037971658,0.012482818,0.0041174428
0.0001504066,0.14080378,0.36128312,0.16462564,0.0671467,0.19827527,0.058424193,0.0007160794,0.0051434743,0.0008201439,0.0023930192,0.00021816995
0.9992587,0.00031126084,1.330093e-06,2.2671687e-05,0.00021288625,0.00012727923,4.329161e-05,7.746192e-06,4.574492e-06,3.0822275e-06,1.3343595e-06,5.905172e-06
4.1547915e-05,0.46997777,0.118099116,0.31978396,0.038693123,0.0391725,0.013498426,0.00023841708,0.00010678088,7.785733e-05,0.00021672597,9.380485e-05
0.004891002,0.014925389,0.02634838,0.062414892,0.1137374,0.18284896,0.033720654,0.0075236103,0.013348057,0.06870718,0.45677984,0.014754653
0.0013224524,0.58627903,0.10696553,0.15621212,0.05485875,0.032584105,0.046646573,0.010733774,0.0021622698,0.00044579958,0.0011941,0.0005954845
0.009251624,0.014224201,0.012006261,0.3043726,0.10639514,0.31364965,0.04301099,0.031373896,0.05299336,0.00995073,0.1010421,0.0017294688
6.1127146e-05,0.01629382,0.33092627,0.61531186,0.0136859575,0.014127487,0.0026665076,0.002460427,0.00019434172,4.7060934e-05,0.004210844,1.4280917e-05
0.004810654,0.0049816514,0.016587177,0.03863331,0.1267787,0.03266222,0.020699594,0.010165908,0.015779562,0.7079693,0.009386958,0.011544949
0.013381399,0.03409586,0.049158897,0.04175415,0.1749507,0.07374768,0.14487132,0.1381177,0.28758454,0.016334383,0.017088998,0.008914301
0.013634651,0.03547487,0.05038346,0.042867154,0.17155193,0.0770727,0.15633836,0.155449,0.25896025,0.014364538,0.01653815,0.007364965
0.0062564807,0.0030754984,0.006519658,0.029327793,0.25445518,0.13606642,0.19723071,0.25658193,0.07602957,0.021617044,0.009604624,0.0032351168
0.00032441126,0.31815073,0.23624985,0.12396732,0.0292528,0.0524056,0.20241977,0.0068370122,0.0025376778,0.001241537,0.026243687,0.00036961725
0.0011002884,0.27881154,0.41067538,0.11879453,0.02298048,0.09004504,0.01600115,0.05514062,0.0029891687,0.00047419965,0.0024339727,0.0005536374
0.00036359183,0.79931873,0.059348967,0.07382573,0.008929188,0.049311012,0.006334412,0.0011693616,0.00035105582,0.0002257957,0.0004970578,0.00032499232
0.0003065539,0.001658777,0.0064318776,0.027848437,0.22103204,0.5286031,0.1706758,0.0010937316,0.019188192,0.0038016213,0.019243926,0.00011594788
0.0013079152,0.002450896,0.003880628,0.013034019,0.11877263,0.0523649,0.5664699,0.0626837,0.018710233,0.009096801,0.15062682,0.0006014611
0.00032266555,0.0042755827,0.009029268,0.6468183,0.06043501,0.22847949,0.012771454,0.00084142643,0.019515295,0.003658453,0.013720521,0.00013260145
3.5546174e-07,1.4931248e-07,2.287387e-06,2.6466816e-05,0.9987644,0.001128049,6.2414015e-06,5.775312e-07,5.275485e-05,1.8192144e-05,5.211021e-07,4.575854e-08
0.00032755922,0.011325749,0.023187522,0.6084681,0.1000511,0.20182045,0.02203508,0.023675803,0.0011135727,0.0015894378,0.006241465,0.00016418833
0.0030206195,0.0028473153,0.011334088,0.025792284,0.11177585,0.022482948,0.01688979,0.008293283,0.010094066,0.77006555,0.008281957,0.009122268
0.00024380194,0.38464078,0.2711376,0.26167873,0.014911069,0.024441995,0.02187708,0.0014524949,0.0014926272,0.0007202382,0.01702543,0.0003781084
0.0008050626,0.44847926,0.2738111,0.09834799,0.029357651,0.041794688,0.050641775,0.013012086,0.0027510421,0.0023673358,0.03686886,0.0017631723
0.015132395,0.074612714,0.25281176,0.055256546,0.10481293,0.14853804,0.088209584,0.048330184,0.011881403,0.048357192,0.058809385,0.0932479
0.0047333823,0.0031181849,0.0055776592,0.024629181,0.28055596,0.2204761,0.12907434,0.030175937,0.2067664,0.038922727,0.052287612,0.0036825212
0.0002492394,0.002632757,0.0081927655,0.055345755,0.48688635,0.37175512,0.059817404,0.00043521367,0.006238823,0.0025018377,0.00585844,8.627036e-05
0.004757209,0.26637295,0.20565678,0.22749664,0.0478628,0.06332506,0.04905475,0.1203315,0.0050115744,0.0026539392,0.005145076,0.002331672
0.00063470774,0.0005846468,0.0012006412,0.0026239126,0.07414282,0.028134597,0.5893026,0.2598284,0.010718787,0.0031427762,0.029415715,0.00027047298
0.004953503,0.0069836774,0.010581889,0.082035795,0.21416086,0.14690673,0.10943812,0.13222241,0.060609672,0.012994784,0.21766408,0.0014484728
0.00017419676,0.010131706,0.013863789,0.08613771,0.23773342,0.04656176,0.57105184,0.0031005545,0.00195592,0.017261779,0.011665271,0.00036205226
0.0018032632,0.011219748,0.011598129,0.035467908,0.48230177,0.1361888,0.21616127,0.016458277,0.012982702,0.0071519325,0.06787449,0.0007917996
0.0030823601,0.003912758,0.012799346,0.05021756,0.3031056,0.42997426,0.09138204,0.0041106,0.06585946,0.019238275,0.015383913,0.00093383965
0.00019343391,0.48215634,0.26113462,0.15095055,0.010754304,0.0497946,0.0072370986,0.0015914815,0.0006077176,0.00036640433,0.03487536,0.00033801974
0.006130484,0.05094663,0.12974858,0.083484225,0.17944758,0.0688058,0.2115788,0.18776827,0.03953271,0.019184193,0.008645966,0.014726823
0.00026022567,0.0057402016,0.007480143,0.022798479,0.12421446,0.50089616,0.3107123,0.0026702615,0.009381989,0.0021117958,0.013575138,0.00015887657
0.00027856627,0.00018798032,0.0004332901,0.005265881,0.07277108,0.008815601,0.5821799,0.32484502,0.0025331546,0.0015037543,0.0010733389,0.00011240865
0.003424317,0.010979665,0.018277556,0.098166816,0.28178144,0.24137856,0.0830807,0.0064499932,0.07885086,0.11209122,0.06042436,0.0050945454
0.00022929117,0.00046623102,0.0006345929,0.0146304285,0.0393633,0.6386802,0.06953974,0.22910157,0.0038390586,0.0013669421,0.0020541272,9.453729e-05
0.0024408738,0.003237173,0.0036268556,0.027952446,0.32101014,0.1609647,0.33935982,0.09784353,0.016759027,0.0037175324,0.02278775,0.00030026297
0.0009067301,0.16388153,0.48863208,0.19515087,0.035190385,0.07053027,0.017686179,0.016090188,0.0032461204,0.0013857209,0.005801521,0.0014984279
1.1888491e-05,0.5418774,0.34709302,0.098759845,0.0013319197,0.006850129,0.0037387772,0.00015283893,3.279648e-05,3.1885873e-05,0.00010641668,1.3105344e-05
0.0014563422,0.014139432,0.010738979,0.3212233,0.026348352,0.03260478,0.06785906,0.041427035,0.003903236,0.004105521,0.47572175,0.00047226588
0.004996393,0.0965189,0.13204731,0.10500496,0.19280593,0.17805521,0.16845691,0.020708168,0.0734424,0.010991556,0.010550627,0.0064216293
0.00258219,0.042560097,0.049301673,0.05064294,0.03664659,0.11922269,0.058990702,0.6326961,0.0020389378,0.0008831174,0.0032205426,0.0012143906
0.023340652,0.0061894306,0.0049366397,0.017983142,0.29294965,0.089658104,0.18745568,0.27078834,0.022616895,0.0051469305,0.07662264,0.002311904
0.0015664938,0.19875006,0.31422547,0.09107762,0.062065106,0.06656487,0.13296068,0.11032311,0.010677861,0.0011245534,0.009449707,0.0012144633
0.0026047798,0.14440487,0.22795755,0.07220925,0.086662695,0.014848528,0.3847576,0.027100863,0.00092804874,0.006342125,0.0042169373,0.027966728
0.011239562,0.011742838,0.067225,0.016410021,0.14995955,0.04603682,0.027207252,0.008620829,0.018052628,0.065775044,0.010358204,0.56737226
0.0011108639,0.3600765,0.15364672,0.17563355,0.14530909,0.062070422,0.08501425,0.0057520494,0.005582683,0.0016815716,0.002987685,0.0011346425
0.00017595319,8.715881e-05,0.0008777233,0.005531565,0.054381534,0.42958418,0.07579921,0.4296743,0.0019106589,0.0013501527,0.00053467066,9.292079e-05
0.0017250819,0.002916646,0.0036542402,0.030440051,0.3250782,0.17420995,0.3602206,0.05917476,0.015883654,0.0036002672,0.022871397,0.0002250971
0.00042596352,0.0004008,0.00048501822,0.012865777,0.028803822,0.009109456,0.088909544,0.8565871,0.0011446715,0.0004897611,0.00066200976,0.00011610674
0.0007869129,0.0006997123,0.0005481906,0.0257003,0.039013136,0.013418067,0.13088141,0.7851173,0.0016008236,0.000551758,0.0015244074,0.00015794326
0.001793569,0.12822935,0.38555992,0.27042314,0.057732105,0.08417145,0.026777854,0.01035645,0.0061295377,0.005013092,0.019748146,0.00406538
0.0051886067,0.0008033693,0.0007032933,0.004796426,0.49511263,0.24249832,0.08300062,0.14815286,0.00375934,0.0035952907,0.011353526,0.0010356688
0.00017783728,0.39433056,0.33053574,0.14861566,0.031993546,0.031881113,0.055750817,0.0020856224,0.0009498309,0.00072768476,0.0026955376,0.00025613589
0.005935954,0.0069269785,0.014642512,0.020611554,0.2799534,0.08598748,0.03954523,0.036026895,0.48858008,0.009765568,0.008435005,0.0035892988
0.0010885978,0.25724426,0.45749518,0.14116266,0.02362883,0.08354137,0.013575095,0.010971492,0.0040055146,0.0009527633,0.005154604,0.0011796395
0.0015648707,0.25537157,0.4626321,0.13672216,0.024845442,0.07317076,0.013824787,0.017301157,0.00462558,0.0011955375,0.0072957226,0.0014501807
0.0006285282,0.50660324,0.13415074,0.2332059,0.020303747,0.037713643,0.016040528,0.0061869887,0.00047162664,0.0006187343,0.043030765,0.0010455225
0.0034461145,0.0031991515,0.013036303,0.027344042,0.10493069,0.021765606,0.017498903,0.008875818,0.010622289,0.7704674,0.00793688,0.010876839
0.00040073195,0.0017178236,0.005724648,0.035656977,0.27366838,0.53031206,0.09464003,0.003410878,0.032565664,0.008538482,0.013047029,0.00031721313
0.0007526979,0.27762848,0.28490046,0.3534993,0.015765987,0.038572293,0.01948284,0.0036520644,0.0016947921,0.0016326244,0.0017112629,0.00070721697
0.0016314123,0.0020289463,0.0042773546,0.018446514,0.15042284,0.09161306,0.491916,0.078889355,0.040364314,0.01023186,0.109608345,0.0005699839
3.098373e-05,0.24906352,0.56945217,0.14816709,0.0045032077,0.019202983,0.008007833,8.056136e-05,0.00038534307,0.00041647564,0.00060031714,8.9538866e-05
0.00077616423,0.63118106,0.18905453,0.061045546,0.011002535,0.04421978,0.04566503,0.013590053,0.0010442309,0.00038938446,0.0015766786,0.00045494552
0.9519208,0.042417966,9.950066e-05,0.0005524465,0.0011235038,0.0016166348,0.001201876,0.0005610313,0.00010288173,7.71857e-05,8.891953e-05,0.00023706674
0.0012850423,0.003490203,0.006813034,0.01734918,0.2593277,0.32138026,0.22506055,0.045321364,0.0155067975,0.020567114,0.082212195,0.0016866082
0.0006435486,0.054662455,0.27202666,0.29634365,0.09174661,0.13901891,0.0793166,0.050651506,0.0042432183,0.00739696,0.0035407394,0.00040912698
0.00029647403,0.00021428133,0.00053001667,0.0053109825,0.09272133,0.010546064,0.35235667,0.532335,0.0026176309,0.0021739784,0.00075414474,0.00014339582
0.00019286362,0.0022600882,0.007409209,0.070718475,0.49191976,0.32793906,0.07251794,0.00051779,0.011025259,0.0044433638,0.010927404,0.00012887074
0.0026910906,0.00076086266,0.0013330327,0.004646487,0.42696714,0.12326805,0.06686778,0.073998004,0.2846753,0.0070566237,0.006708225,0.0010273464
0.01388059,0.03556864,0.051473606,0.039236117,0.16456763,0.07184123,0.16833338,0.14940579,0.2631975,0.016162181,0.017009603,0.0093237
0.0003175667,0.15917416,0.41659588,0.15307024,0.057726335,0.106782414,0.088922754,0.0015048168,0.00956082,0.0014011193,0.004606898,0.0003368981
0.00920771,0.06699409,0.14171433,0.06998047,0.1153929,0.028005278,0.31049716,0.15693527,0.038451765,0.03771364,0.009831245,0.015276087
0.0012687503,0.3490127,0.3119617,0.19698124,0.024930175,0.07445094,0.021293212,0.008072174,0.005060353,0.002069849,0.003694459,0.001204436
0.00042357456,0.31229246,0.18254769,0.3122276,0.03556288,0.029069137,0.094692476,0.019886473,0.0035161811,0.0014468645,0.007982356,0.00035229223
0.0004552335,0.10891524,0.38871703,0.15942839,0.073892824,0.14423205,0.09759277,0.0019494455,0.015623598,0.0020988716,0.0066043893,0.00049016066
5.254734e-05,0.0043606074,0.012904992,0.07520446,0.3204072,0.4945923,0.087441795,8.388189e-05,0.001211616,0.0012397892,0.0024761613,2.4719344e-05
0.014909468,0.064452276,0.1948627,0.15571168,0.11453651,0.058402207,0.042031053,0.020378968,0.011710852,0.04571571,0.017144226,0.26014435
0.0019886019,0.0030568154,0.003795603,0.03233996,0.3332655,0.18327634,0.33491802,0.0655701,0.017090252,0.0036422084,0.020801628,0.00025495223
0.0023807366,0.001730051,0.0016160395,0.0018314747,0.019523168,0.112043425,0.66504073,0.011492248,0.17932872,0.0026731284,0.0013627905,0.000977546
5.4595945e-05,0.9011152,0.06410591,0.014334113,0.0023774789,0.012490495,0.0030179154,0.002358148,5.8530968e-05,5.2262444e-06,5.824154e-05,2.4095629e-05
0.006916617,0.0062652617,0.011834822,0.014788492,0.27063328,0.08122834,0.05010326,0.049112022,0.4865775,0.009885902,0.008537567,0.0041169743
0.017732956,0.035222948,0.09951383,0.049211126,0.17625889,0.09476778,0.13030252,0.24829827,0.08535468,0.015345006,0.027760644,0.020231247
0.0007221556,0.0016221638,0.0030469282,0.005072079,0.07814452,0.03930782,0.42574528,0.43189195,0.0087935105,0.0013115471,0.003996679,0.00034536904
0.011164184,0.038059432,0.037184924,0.06274959,0.13980308,0.13873821,0.12047221,0.24674337,0.011093463,0.01571904,0.17021857,0.008053918
0.002321332,0.0015487011,0.0036690263,0.013240667,0.12599578,0.093605176,0.3080242,0.028945856,0.10869863,0.011942194,0.30110377,0.0009046964
0.000551227,0.3461105,0.10309603,0.13157259,0.021806225,0.14327915,0.19437279,0.056629602,0.00071671006,0.00021818143,0.0016058374,4.1198447e-05
0.0014440574,0.14267164,0.19000039,0.44475436,0.061656106,0.10839914,0.012000539,0.025792649,0.00707951,0.002744914,0.0024110167,0.0010456712
0.001560051,0.007102034,0.09641628,0.017690865,0.0915857,0.017891139,0.35131106,0.043834906,0.0065681105,0.35479316,0.0066615213,0.0045851506
0.00847027,0.17234947,0.35640982,0.13160343,0.11266219,0.047571864,0.07459335,0.04313767,0.013065758,0.009820499,0.009152525,0.021163132
0.0016728082,0.0044024903,0.004764367,0.19576237,0.018295644,0.03387711,0.04635969,0.019255048,0.008875652,0.003876847,0.6623794,0.0004785389
0.00031843543,0.0007734502,0.009649004,0.04404907,0.20791215,0.4858838,0.05875852,0.0009464011,0.17151278,0.007831585,0.012215851,0.0001489664
0.004656633,0.010106931,0.014486623,0.4200371,0.17159648,0.11533653,0.09683845,0.09584052,0.020392735,0.031348057,0.015767638,0.0035922774
0.0021829058,0.002293997,0.0029599739,0.019790616,0.29862478,0.14266272,0.4023563,0.08809482,0.015618982,0.0044544684,0.020651856,0.00030855418
0.0020452824,0.0015222313,0.0014388959,0.0015388161,0.019072868,0.108357094,0.6880851,0.01135323,0.1618252,0.002580982,0.0013171629,0.0008631606
0.0052929847,0.0025045846,0.0076993695,0.018927852,0.18129721,0.22435662,0.16437815,0.011796558,0.31868148,0.015597239,0.04789729,0.0015707067
0.010073882,0.013349905,0.08643652,0.0208665,0.12386302,0.032617576,0.031699475,0.009583604,0.01394034,0.08209618,0.013054485,0.5624185
0.0045597316,0.010419865,0.01928637,0.013042199,0.17047068,0.5362214,0.10126779,0.09052912,0.020124912,0.0119380485,0.0132984,0.008841471
0.0003215454,0.0012193231,0.0058696484,0.039624844,0.39332992,0.37594217,0.12801002,0.004515021,0.029927986,0.0067012305,0.014373942,0.00016434901
0.0020847735,0.05011499,0.29282635,0.27663058,0.12615018,0.11249752,0.029879754,0.0018293052,0.06862323,0.027580066,0.00911817,0.0026650778
0.0005719902,0.27036282,0.40076157,0.17782347,0.026601255,0.097277805,0.015158199,0.0027289453,0.0016804194,0.0015156905,0.0037310116,0.0017868917
0.007076858,0.008119398,0.016580774,0.018718047,0.2686783,0.09096348,0.04671457,0.042915724,0.47616065,0.010756316,0.008957059,0.004358872
0.008481732,0.0047246576,0.009034208,0.021503318,0.21841395,0.06707252,0.27524555,0.16458063,0.0824813,0.018664362,0.12694442,0.0028533642
0.0030617355,0.068761334,0.34693247,0.2554528,0.0705046,0.02469605,0.031093046,0.0074996804,0.0075141117,0.16563411,0.00778443,0.011065548
0.0009772293,0.40260446,0.24483536,0.1367948,0.030778393,0.108558044,0.052543472,0.005006672,0.0069195703,0.0031933712,0.006099064,0.0016895223
0.004708621,0.21013746,0.35213518,0.1129975,0.058450032,0.043769818,0.06672873,0.08657527,0.03887141,0.004060967,0.017062614,0.0045024347
0.0012033454,0.017440543,0.01405073,0.3936277,0.027403139,0.039943475,0.05803222,0.036930613,0.0037184004,0.004357902,0.402841,0.00045092372
0.0010800642,0.2524176,0.23254387,0.24913508,0.07572887,0.12286674,0.035174407,0.006110901,0.007841197,0.009166303,0.0049711945,0.0029638289
0.002006341,0.001720448,0.0026215506,0.008497844,0.093625896,0.07079693,0.44154835,0.02749314,0.034382883,0.008316217,0.30837294,0.0006175571
0.003346075,0.0032960277,0.011874723,0.02616152,0.11500363,0.023321701,0.01939436,0.008657053,0.010651714,0.7602581,0.008044017,0.009991036
0.00048140335,0.0012759776,0.006002588,0.032718502,0.32197714,0.4429447,0.061964575,0.0015685543,0.08847715,0.010346671,0.031746466,0.00049631373
0.0008167984,0.45053574,0.22909509,0.14438626,0.026174696,0.08812053,0.044893403,0.0041226507,0.0049010427,0.0019277713,0.0040145665,0.0010113999
0.00010268028,0.6987685,0.096775755,0.046704087,0.012059384,0.043618556,0.086209886,0.001019583,0.00040334574,0.00016948806,0.014028328,0.00014040887
0.008861636,0.062610656,0.12395641,0.08700255,0.17374848,0.16397437,0.20355198,0.034268588,0.021616751,0.07737963,0.026456011,0.016572973
0.0026332089,0.00572782,0.022208814,0.024968825,0.284288,0.20688653,0.219962,0.09279388,0.1038574,0.013211945,0.019695735,0.003765886
0.0012601807,0.00040184657,0.0016284847,0.008724244,0.11203781,0.21116519,0.0904031,0.004066224,0.5528264,0.004002849,0.013199788,0.00028387792
0.00022547958,0.07534669,0.34763765,0.2684045,0.061278187,0.15109652,0.06633057,0.00052240497,0.021874858,0.0019651852,0.0050460384,0.00027181552
0.00095977687,0.00032388716,0.0006390085,0.00084788265,0.0050476245,0.006945052,0.036609028,0.93466824,0.012671647,0.0004288255,0.00059359695,0.00026538453
0.0017192704,0.010807645,0.019863266,0.0740443,0.17441183,0.14823702,0.08390862,0.008460908,0.014898762,0.013916214,0.44795224,0.0017798498
0.0004199508,0.065450855,0.28965086,0.3220638,0.08237519,0.12684487,0.06637553,0.036002632,0.003229385,0.0049749645,0.0023573479,0.0002545654
0.00027981808,0.01912818,0.19694452,0.6653429,0.078823775,0.014496294,0.010573874,0.0020721653,0.0031990928,0.0054169735,0.0024502159,0.0012722401
0.0036997613,0.38648957,0.18382023,0.1687905,0.037569687,0.07820005,0.095004275,0.016691405,0.012469138,0.005299168,0.008840366,0.003125801
0.0009846619,0.2496684,0.45686823,0.153391,0.023530018,0.08225685,0.013049722,0.009488904,0.003762998,0.0009671388,0.0049620606,0.0010700024
0.0008661448,0.004478866,0.0062481393,0.06346585,0.033759553,0.097632796,0.02476003,0.0061198436,0.006742031,0.005845544,0.7492796,0.00080162
0.0039078505,0.022371685,0.027562952,0.3853254,0.14422578,0.24681766,0.05624349,0.023055997,0.008041132,0.04354907,0.031667255,0.007231838
0.996185,0.0024211842,1.620856e-05,0.00013334496,0.00036393624,0.0002312756,0.00031246705,0.0001073703,4.9138027e-05,6.069148e-05,2.1578988e-05,9.775422e-05
0.0014065218,0.30539918,0.2651795,0.1518785,0.04404679,0.13287216,0.06781933,0.008244248,0.010116547,0.0040047984,0.007268373,0.0017639666
0.0023375577,0.0018247972,0.0017014871,0.0017595224,0.019643156,0.1131412,0.6778626,0.011261029,0.16525638,0.0028330775,0.0013720487,0.0010071743
0.0010859808,0.0007738155,0.0057128742,0.00094295386,0.012795158,0.0033871217,0.0017014496,0.00037984608,0.00055821537,0.00590156,0.0009465077,0.96581453
0.0005666025,0.51139367,0.14122634,0.06343134,0.035451405,0.03679555,0.17751074,0.009793661,0.0020600152,0.0008948952,0.020118218,0.00075759814
0.0026458288,0.23103063,0.2725501,0.14827164,0.080935016,0.09995996,0.08498698,0.034230072,0.030936945,0.0022024973,0.009961585,0.0022887054
0.0015677862,0.00392687,0.007488129,0.041795045,0.19743352,0.549692,0.061596904,0.010635544,0.07698295,0.028000228,0.019016394,0.0018646832
0.0014526891,0.40563646,0.22103605,0.10197342,0.033833973,0.10199674,0.1001114,0.015979493,0.008031633,0.002660396,0.005855956,0.0014318314
0.0005805847,0.26751047,0.17643896,0.3196269,0.0402899,0.03405832,0.11373254,0.028986434,0.004558166,0.0020373743,0.011717792,0.00046247302
0.009016814,0.014543807,0.10587682,0.030099098,0.15692072,0.055730727,0.026266186,0.006693398,0.02596101,0.08663135,0.014217332,0.46804273
0.0047667813,0.00887313,0.017454246,0.04443692,0.19979107,0.20380594,0.030343926,0.0045037745,0.024544848,0.10985427,0.33455473,0.017070375
0.00045384056,0.00048141548,0.00056008383,0.0154749965,0.031334173,0.009331984,0.09482292,0.8449529,0.0011920029,0.00052646076,0.0007494332,0.00011978409
0.0011710403,0.3725321,0.21131745,0.20552959,0.08317344,0.06071467,0.048395418,0.011394506,0.001978801,0.00083439803,0.0014167731,0.0015417954
0.0056704176,0.19962074,0.33265862,0.106156245,0.058909193,0.04479791,0.07628382,0.107275225,0.0408351,0.004646229,0.018177615,0.004968847
0.0024780766,0.0017991238,0.0016839455,0.0018217206,0.019737678,0.11040981,0.65729624,0.012814351,0.18662965,0.0028223756,0.0014519246,0.0010550387
0.008049744,0.00854395,0.013844995,0.035654634,0.18957509,0.15858471,0.18517947,0.13858998,0.1402954,0.015099288,0.1031563,0.0034263572
0.0021084454,0.00095724524,0.0031953778,0.002477636,0.11311344,0.61399215,0.07253128,0.13374108,0.04866524,0.0050054737,0.0023919551,0.0018206191
0.0006360047,0.40501285,0.14103791,0.1013145,0.017267035,0.03178453,0.013577345,0.28824806,0.0007688131,8.006637e-05,0.00021285273,6.004786e-05
0.0025225836,0.3022576,0.26106998,0.14931582,0.048942793,0.11770896,0.071683235,0.012600235,0.015212641,0.0056448784,0.009966036,0.0030752968
0.0008176927,0.0012510954,0.0017422654,0.07292083,0.08315611,0.016525578,0.19819948,0.61816144,0.0023542058,0.0028135625,0.0017627036,0.00029499127
0.00038002484,0.0005332596,0.00086662057,0.0019337998,0.051992226,0.018808786,0.7212282,0.16597813,0.004588952,0.0015615178,0.031989004,0.00013947824
0.00045967448,0.060529053,0.2793785,0.31798467,0.08318075,0.14088815,0.0687489,0.03641714,0.0034139506,0.005959518,0.0027451993,0.0002944833
0.00022377438,0.14493167,0.21276091,0.14628494,0.0650916,0.23442568,0.18529573,0.0020184238,0.0053764866,0.00050470146,0.0029262688,0.00015973784
4.1025145e-05,0.0006926203,0.0010830153,0.0013159359,0.017899277,0.3220967,0.6466533,0.0005626583,0.009261635,0.00022430082,0.00014111912,2.8381022e-05
1.99269e-06,6.153877e-08,1.6099513e-06,8.904792e-07,0.9982345,0.001368687,1.2193082e-05,3.3558872e-06,0.00029761728,7.844331e-05,3.7771918e-07,2.5148424e-07
0.0017755803,0.14171687,0.30676147,0.45779833,0.028334513,0.014725383,0.013514224,0.0056519844,0.0024931433,0.020851184,0.0028014167,0.003575905
0.00011427985,0.0032787034,0.01120081,0.42096177,0.12280233,0.41896644,0.0115607055,0.0018787705,0.003242759,0.0025337813,0.0034089189,5.0728693e-05
2.6013564e-05,0.30387226,0.52845305,0.123457775,0.008970342,0.031737935,0.0026620417,0.00011521326,0.000291504,6.556051e-05,0.0002436345,0.000104702674
0.00018397768,0.10807897,0.023269257,0.027785419,0.025084032,0.7758781,0.03116713,0.0058981064,0.0012672433,0.00036229013,0.00032878833,0.0006967101
0.002338332,0.0028645678,0.0035435606,0.026635941,0.30784187,0.17546634,0.3557966,0.07808466,0.019046381,0.0041668536,0.023918916,0.00029605592
0.0020322197,0.038949665,0.030953271,0.024886295,0.27448398,0.37522137,0.1507146,0.08112476,0.009191083,0.0016541787,0.00982855,0.00095995166
0.00028908846,0.0010564226,0.0021928952,0.59692353,0.2195459,0.15081507,0.009521642,0.00277069,0.007184777,0.0045838407,0.0050201877,9.593575e-05
0.0008388437,0.00081724086,0.0031691508,0.023571083,0.17742969,0.27512315,0.09304079,0.0017805117,0.39926,0.007372366,0.01730365,0.00029355477
0.0011185353,0.2533179,0.42915216,0.1595925,0.04425482,0.055927,0.03645024,0.009256605,0.0027336825,0.0011308977,0.005917788,0.0011479126
0.00010570192,0.0010314086,0.0025748254,0.02028584,0.29337102,0.6321974,0.018954203,0.00023328401,0.020273209,0.006537943,0.0043348554,0.00010035822
0.00024253581,0.51424587,0.25529984,0.15390083,0.01142689,0.037878066,0.009261304,0.0014834154,0.00090653606,0.00049077166,0.014367114,0.00049680634
0.00030968664,0.23360941,0.12667896,0.104015894,0.086294934,0.41120824,0.02257104,0.0010020081,0.0056342436,0.0034703093,0.0016566423,0.0035486452
0.0020243954,0.02057544,0.0141929705,0.21115339,0.12857197,0.5267381,0.012747604,0.070773184,0.0033059677,0.0013837954,0.0079231355,0.0006100952
0.003988318,0.017777672,0.018383306,0.36884454,0.11709116,0.33348542,0.023825688,0.012353731,0.03964628,0.023220764,0.037863392,0.0035197558
0.0008731955,0.13695337,0.29851198,0.30185264,0.06806906,0.0890398,0.06272463,0.004273962,0.02052198,0.004661366,0.011181092,0.0013368537
0.009968385,0.011936803,0.021525705,0.021431297,0.25426677,0.07383102,0.08456523,0.06259744,0.42778453,0.015215965,0.010780972,0.0060958997
0.00010590997,0.14475352,0.1936753,0.5296698,0.023897542,0.08753775,0.011467912,0.0064447876,0.0011527406,0.0009555885,0.00029532664,4.3718912e-05
0.0017783729,0.2053479,0.3281389,0.08396528,0.02766352,0.08799601,0.061928805,0.19291204,0.0026341313,0.0009724301,0.0054037217,0.0012589078
0.004465649,0.004159038,0.015608272,0.03700688,0.13269982,0.03232995,0.01823437,0.009984962,0.016785666,0.70946133,0.008286445,0.01097772
0.0014163036,0.013975961,0.017385095,0.7803608,0.03515903,0.109117985,0.009176457,0.0072225137,0.0062282663,0.010105899,0.008740527,0.0011110817
0.0016129358,0.00604334,0.009613087,0.71282697,0.033510648,0.10091776,0.0118521685,0.014417184,0.005448005,0.008835408,0.094075926,0.0008465694
0.00093446625,0.048320424,0.59930134,0.11338671,0.059589084,0.013844515,0.13569656,0.013663487,0.0048091626,0.0066322125,0.0021674032,0.001654656
0.0020670716,0.0057001575,0.017169047,0.28072208,0.14221127,0.39347556,0.041870695,0.044300653,0.013912997,0.01600984,0.040790673,0.0017699993
0.0030465135,0.32614064,0.29854226,0.15635861,0.03415758,0.0833008,0.053815436,0.022274483,0.0059765824,0.0042133667,0.009290333,0.0028833926
0.0006254133,0.6719619,0.1702447,0.096227385,0.0074329125,0.025186883,0.01957537,0.004238075,0.0012970971,0.00051394565,0.0021937082,0.000502574
0.001838857,0.0028996621,0.010066062,0.011752366,0.20474604,0.19339076,0.13713929,0.39751223,0.0067699887,0.018068865,0.013552865,0.0022630475
0.0011377176,0.0041229064,0.0070436005,0.057807084,0.2713531,0.5320621,0.025450308,0.0057275314,0.041903976,0.039744418,0.011600524,0.0020467232
0.0015262126,0.14897618,0.21710731,0.23800883,0.09245134,0.14549983,0.06778788,0.019477228,0.026424924,0.0040980005,0.03728388,0.0013584425
0.00057009514,0.0025673779,0.010094059,0.023614097,0.46685052,0.29597476,0.14783351,0.015860025,0.006602296,0.02092369,0.007384232,0.0017253597
0.00016711328,0.8159549,0.09659593,0.055140536,0.0077263657,0.01062912,0.009056573,0.0024726635,0.00017627566,0.00014348916,0.0017659729,0.00017104231
0.00052626966,0.27776045,0.3471193,0.15386362,0.028329788,0.08428502,0.031853057,0.002509743,0.00409651,0.0023459552,0.066029705,0.0012806447
0.0007946446,0.0012483142,0.0018151454,0.0736686,0.0783312,0.0147535065,0.20410526,0.61815697,0.002623733,0.0025122247,0.001739847,0.00025050557
3.4782443e-07,7.2868474e-08,1.2848296e-06,9.348792e-06,0.9987445,0.0011033264,8.8385295e-06,9.037483e-07,0.000109809516,2.096483e-05,5.4555227e-07,4.4112078e-08
0.0027251784,0.0038862745,0.009304448,0.009515517,0.14718004,0.24447769,0.12057895,0.4518535,0.007173712,0.00092598156,0.00040046105,0.0019782071
0.0072524603,0.0039231293,0.009280338,0.01922186,0.24854825,0.06068336,0.25429395,0.23780955,0.064209975,0.06947405,0.017048864,0.008254146
0.0005822544,0.011869865,0.01899712,0.7425404,0.041253228,0.12467201,0.024964595,0.004389683,0.0077101053,0.0037673654,0.019031307,0.00022212577
0.00084682455,0.42128322,0.23816277,0.09181128,0.043940976,0.04135732,0.116343595,0.030443748,0.0047308314,0.0012460252,0.009313858,0.0005194793
0.0020075843,0.002161268,0.0049207946,0.01888372,0.14545162,0.123898394,0.29589278,0.01923805,0.108444504,0.013720603,0.26451796,0.0008627434
0.009545676,0.0029762434,0.007045988,0.009218471,0.44164822,0.099839084,0.08771642,0.031614598,0.096422195,0.13756415,0.04979435,0.02661464
1.116591e-06,0.86111915,0.115777776,0.020537067,0.0005083266,0.0017664062,0.00026449893,1.5554406e-05,2.696887e-06,4.0516446e-07,5.96525e-06,1.019919e-06
0.0009554831,0.016781729,0.016815016,0.6046948,0.061592937,0.09423083,0.0411134,0.0074706376,0.008100709,0.008523839,0.1391894,0.000531219
0.0009222457,0.3100959,0.19194485,0.09759837,0.10050446,0.053766254,0.22143006,0.015080443,0.0050113304,0.0013762922,0.0017851681,0.0004846568
0.0017518678,0.46173644,0.23203944,0.11963229,0.029003337,0.07871194,0.05012368,0.007832903,0.008286693,0.0027968122,0.0060705743,0.0020140628
0.0024184533,0.0006643029,0.0011667428,0.0045118667,0.43055308,0.12585239,0.065270215,0.082690485,0.27340475,0.006758967,0.005767946,0.0009408242
0.0004766984,0.36589617,0.11854883,0.13793802,0.058861848,0.2837666,0.021108355,0.005964413,0.0033026454,0.0012563199,0.00097299204,0.0019070901
0.0027241204,0.0048553064,0.0031274443,0.0043425565,0.02134781,0.12185516,0.7261388,0.008933734,0.10220718,0.0022081784,0.0013977062,0.00086206774
0.004136128,0.011580597,0.124362215,0.009816012,0.04118941,0.01893212,0.015394742,0.008434961,0.0037736935,0.0043897033,0.005084626,0.7529059
0.0009392989,0.015306502,0.018122561,0.73973167,0.07341594,0.104044065,0.013237612,0.0044204937,0.0027645945,0.010157047,0.016356647,0.0015036245
0.0018831448,0.014802801,0.019925192,0.17875832,0.47105238,0.18798992,0.04986605,0.0023652874,0.018661885,0.032474693,0.01968386,0.0025364712
0.0011173971,0.0101539465,0.010270969,0.6095004,0.06140543,0.19629201,0.013168444,0.051147327,0.001630735,0.008722072,0.035718814,0.00087249256
0.9851577,0.0041098353,9.902592e-05,0.00034286638,0.0033604929,0.002443716,0.0041361246,1.61863e-05,9.250296e-05,6.923126e-05,2.652416e-05,0.00014575786
0.006642133,0.2463273,0.23646145,0.1665425,0.0452178,0.06596333,0.14248474,0.046024423,0.0118148355,0.013952443,0.010811204,0.007757817
0.012083999,0.14276089,0.10782278,0.072733276,0.04016177,0.16264299,0.08083376,0.35785735,0.003006755,0.0012844319,0.007871418,0.010940556
0.0015257713,0.0349201,0.08760495,0.3871788,0.05683239,0.052172225,0.029483296,0.32738385,0.01667419,0.0012016348,0.0047816765,0.00024114035
0.00046159967,0.071618244,0.28583947,0.31501612,0.082657605,0.12758604,0.06787579,0.03813065,0.0032608393,0.004814849,0.0024575547,0.00028134894
0.00018080273,0.0018150901,0.016904633,0.08559639,0.2790604,0.47188616,0.077194385,0.0005980845,0.038503785,0.009745441,0.018377306,0.00013755455
0.0022082145,0.0042987703,0.0077460343,0.028935257,0.34156057,0.2886977,0.14975137,0.013693971,0.05876887,0.040885665,0.06062532,0.0028282534
0.0009353227,0.0013767313,0.0020388376,0.10858458,0.09646281,0.019405028,0.18692073,0.57519114,0.0032864197,0.0033167677,0.0021987162,0.0002828483
0.0006504514,0.00046046253,0.0028631,0.0012242345,0.02739991,0.010801771,0.34385377,0.5589877,0.04913929,0.002095544,0.002067147,0.00045672146
0.010135863,0.015602513,0.12508175,0.025498644,0.12885861,0.032735158,0.035762805,0.011430512,0.015991138,0.09937986,0.01699962,0.48252353
0.0011117335,0.027132986,0.2315787,0.07197925,0.35205263,0.21970658,0.05857618,0.0016989525,0.010221328,0.019391187,0.003299343,0.0032511312
0.0019751315,0.0015559951,0.0015315408,0.001597101,0.01857672,0.10589493,0.7034081,0.010354849,0.15037015,0.0026414543,0.0012510048,0.0008430362
0.00020091551,0.00043844513,0.00059834204,0.014803504,0.041133735,0.6461078,0.06580509,0.22373982,0.0036168434,0.0012931906,0.002182097,8.0274396e-05
0.0014081092,0.0043688454,0.011312837,0.11252221,0.24108045,0.30748707,0.0841528,0.010897787,0.036285535,0.0107947355,0.17902207,0.00066755
0.0035015976,0.07725905,0.5418237,0.09152602,0.08795208,0.05135606,0.04268719,0.029494142,0.021859305,0.008935352,0.013320387,0.030285126
0.0019374313,0.03918033,0.027389005,0.4547004,0.09954229,0.29596755,0.025031919,0.031261846,0.0023122453,0.00326352,0.018536018,0.00087738625
0.0005479844,0.0033695814,0.004888966,0.011554666,0.09547316,0.13812816,0.41453183,0.014149125,0.006154398,0.0062198103,0.30459356,0.00038877706
0.0008050626,0.44847926,0.2738111,0.09834799,0.029357651,0.041794688,0.050641775,0.013012086,0.0027510421,0.0023673358,0.03686886,0.0017631723
0.00039151646,0.52590454,0.2084616,0.19009255,0.031435464,0.0140894195,0.024387134,0.0022878307,0.0003548434,0.00040255144,0.0009401868,0.0012523372
0.002376458,0.0015003751,0.003545616,0.0131667,0.13743232,0.102895595,0.30721614,0.022682436,0.11758314,0.012649933,0.278077,0.0008743084
0.00060767314,0.0022345125,0.0031011996,0.076896645,0.060081616,0.00749795,0.6328279,0.20668375,0.0013469198,0.005628313,0.002870686,0.00022289733
0.0005062823,0.56365025,0.13200387,0.20106639,0.039751817,0.026294688,0.03104079,0.0028848695,0.0009947884,0.00038959517,0.0009857803,0.00043090567
0.9550391,0.03911124,9.5037714e-05,0.0005500408,0.0011618785,0.0016904884,0.0012052222,0.000617618,0.00011298456,8.1127655e-05,8.8873014e-05,0.00024648485
0.0024134952,0.23897251,0.31781226,0.10017767,0.06212031,0.0717814,0.1284014,0.046434425,0.020864787,0.0020922008,0.0065384908,0.0023910801
0.00021312168,0.0012663074,0.0009581119,0.0014696738,0.025968334,0.75009644,0.17085719,0.002295218,0.045768134,0.00031305413,0.00072348845,7.0933354e-05
0.00019194414,0.51428807,0.26889214,0.1423603,0.01042936,0.0382608,0.008721882,0.0013142508,0.0008004388,0.00042947163,0.013862499,0.00044890915
1.703069e-05,0.0041253166,0.25637114,0.69605565,0.018164894,0.018464247,0.0024785183,0.00070324296,0.00015481553,2.3550525e-05,0.0034388066,2.8535064e-06
0.001858209,0.12159725,0.22143874,0.21179016,0.1262847,0.14222041,0.09487627,0.017816331,0.042508896,0.004812442,0.0134896785,0.0013068493
0.0006071852,0.20447719,0.24638526,0.4399274,0.029501421,0.03400332,0.029158993,0.0070011597,0.0035853134,0.0016629617,0.0032855878,0.00040426006
0.0009500054,0.42997184,0.2140587,0.15133807,0.03013611,0.10529259,0.04852157,0.005131027,0.0062968936,0.0022188118,0.004902347,0.0011820782
0.0005030735,0.0018412707,0.0028345871,0.007833532,0.17435391,0.6990699,0.05193949,0.047405623,0.010795114,0.0025042854,0.00079008075,0.0001291263
0.0007183711,0.64534974,0.15484388,0.115311906,0.012129124,0.04160805,0.020290377,0.006032199,0.0013728664,0.0005150658,0.0013548,0.00047361606
0.00026388967,0.19777726,0.15606838,0.33627903,0.04073086,0.20088619,0.059037007,0.0010887287,0.0028668935,0.00062889635,0.0042539868,0.00011885413
0.0037172602,0.00242806,0.0046048304,0.01892987,0.124160595,0.081145264,0.24779099,0.02382125,0.1105186,0.0154955415,0.36569744,0.0016902332
0.009098396,0.009806252,0.018268328,0.018974898,0.2696127,0.07761541,0.07898257,0.056385845,0.43055764,0.014591638,0.0100284135,0.006077988
0.00016525997,0.00028973052,0.00067064347,0.0046818773,0.17177019,0.6807685,0.11535863,0.0010062386,0.020284094,0.0017855,0.003168569,5.0744657e-05
1.3758606e-05,9.526927e-06,3.0798205e-05,0.0001939859,0.0023949323,0.0018222257,0.001474439,0.9940153,1.2119461e-05,9.618933e-06,2.2104092e-05,1.1493854e-06
0.003879996,0.41653648,0.17178768,0.18711694,0.037459586,0.093069576,0.04104518,0.026022919,0.008965616,0.002434063,0.00975267,0.0019292795
0.003546847,0.33341032,0.21011814,0.20420933,0.040065896,0.113781475,0.04356142,0.014180414,0.0033164206,0.0013009777,0.03057978,0.0019288893
0.0028009443,0.07994317,0.010678375,0.3356141,0.07279987,0.45842054,0.012795678,0.010003523,0.0031768489,0.005181896,0.007316368,0.0012686441
0.001160569,0.25388268,0.45529276,0.14409311,0.023465263,0.08232638,0.014938087,0.012678876,0.0041052247,0.0010473591,0.0058123553,0.0011972691
0.0004668715,0.22145604,0.24682787,0.1503612,0.048283808,0.17502671,0.10425691,0.0029609401,0.006158565,0.002598483,0.04071613,0.00088646
0.94606376,0.048153035,9.9769015e-05,0.00081773347,0.0012574918,0.0012202536,0.0012395952,0.0005667116,6.534487e-05,6.018125e-05,0.00010881671,0.0003473707
2.8389734e-06,0.46099886,0.5024457,0.02862228,0.0017275622,0.00542447,0.0006685709,5.2261472e-05,3.282272e-05,2.6170292e-06,1.6805312e-05,5.1998754e-06
0.0013665109,0.009467721,0.01965771,0.03874307,0.37717086,0.18022521,0.29658335,0.038275976,0.018096322,0.007778129,0.012068275,0.0005669037
0.0013276577,0.022866413,0.05341303,0.13073218,0.4364704,0.19452524,0.086696416,0.027591096,0.0090743685,0.0034121613,0.03316708,0.00072396727
4.9650644e-05,0.00029004813,0.00025809425,0.0013714251,0.53808886,0.32764414,0.13145614,9.91209e-05,0.0002734765,0.00016721924,0.00029774223,4.204075e-06
4.148382e-06,0.46867847,0.49404758,0.028782975,0.0018999906,0.0057551893,0.00069404586,6.467099e-05,4.0486982e-05,3.3565639e-06,2.1572352e-05,7.536282e-06
0.0032883198,0.019681968,0.020123878,0.43599612,0.09542681,0.32886046,0.014093716,0.036838695,0.013545628,0.008653688,0.021428443,0.002062277
0.0029150604,0.0026968527,0.002918455,0.012373514,0.25736248,0.23227425,0.24911174,0.16820139,0.03399871,0.004364953,0.0332977,0.00048492197
0.0009489406,0.0012811121,0.0022942584,0.04519354,0.08257275,0.014629063,0.37575704,0.46373037,0.0022259534,0.00879158,0.0023619828,0.00021333873
0.00021804968,0.0029579413,0.002771398,0.025864495,0.0062963883,0.016035162,0.005835919,0.004884536,0.0005754709,0.00073245197,0.93368655,0.00014168292
0.0030698916,0.00046742585,0.005247152,0.0025507312,0.012378387,0.4227288,0.0055030184,0.0029147116,0.5335944,0.0010012441,0.010383545,0.0001605721
0.009292823,0.010156756,0.0149810305,0.061738513,0.22626992,0.17643616,0.10173897,0.009368905,0.2167613,0.08044966,0.08340815,0.009397792
0.002711267,0.12998845,0.38113946,0.12927003,0.06155429,0.15951236,0.06585034,0.013156799,0.013354993,0.014512934,0.020482905,0.008466174
0.0015723394,0.48001897,0.17748386,0.106927924,0.027387656,0.095217265,0.082007885,0.013955989,0.0066257208,0.0021484836,0.0050932528,0.0015607447
0.00033796226,0.5031567,0.20102258,0.08771353,0.028330225,0.06295742,0.07113964,0.0060767517,0.0015384074,0.0011958395,0.035831746,0.00069917843
0.00096487184,0.11808954,0.38789356,0.23123157,0.062001783,0.117486574,0.038872197,0.0017983004,0.017062573,0.00722415,0.014850673,0.002524205
0.00041706936,0.0063821594,0.030836122,0.5529027,0.15965174,0.12430495,0.06060857,0.0028864916,0.009379641,0.01599641,0.036355134,0.0002789982
0.0011344724,0.59696615,0.12811822,0.14213611,0.02932044,0.073879,0.015715934,0.0069394927,0.0024428656,0.00026216157,0.0024426815,0.0006424123
0.994612,0.0039617405,1.7749086e-05,0.00015084335,0.00037492378,0.00026503438,0.00032220568,7.4922886e-05,4.649664e-05,4.9472434e-05,2.1056845e-05,0.000103610044
0.004546278,0.35225827,0.15048788,0.097796254,0.06602512,0.1995451,0.065309145,0.02458765,0.016630625,0.004716014,0.013227138,0.004870551
0.0009774189,0.45233858,0.27256238,0.09537083,0.028263126,0.040576052,0.04750673,0.012633623,0.0027632725,0.0027084008,0.042019438,0.0022801273
0.9601083,0.03398001,9.401975e-05,0.0005431354,0.0012800222,0.0016493341,0.0012503734,0.0005895625,0.00011507769,8.36473e-05,7.244091e-05,0.00023409894
0.0019711,0.0055038836,0.017544866,0.29174906,0.14897549,0.3778949,0.04195515,0.04478757,0.01367153,0.0154499775,0.03874444,0.0017519528
0.006089032,0.26582792,0.23101461,0.1637577,0.06834109,0.096492045,0.08040075,0.029164718,0.019539777,0.018009216,0.013535712,0.007827484
0.0020427904,0.0028848043,0.0036647643,0.029438589,0.3134502,0.17613992,0.35830212,0.07048531,0.016596416,0.004160254,0.022561636,0.00027316515
0.0029777722,0.00050134974,0.0010477784,0.009349383,0.7429264,0.16510649,0.01785452,0.011445818,0.036085155,0.0073114266,0.004648188,0.00074576086
0.0003095939,0.36182323,0.19854777,0.15881367,0.12418381,0.08308661,0.06724041,0.002216847,0.0016797754,0.0005045169,0.0011779683,0.00041575375
0.0072564217,0.16223344,0.1946951,0.10493666,0.05733088,0.13351007,0.14656119,0.13088141,0.03129341,0.007780172,0.019088602,0.004432696
0.008997358,0.004801873,0.003947394,0.025567168,0.12430411,0.08748799,0.3983105,0.14923267,0.07561194,0.013517431,0.10630078,0.0019207768
0.0031564715,0.008848736,0.014631938,0.076199375,0.24134034,0.3536436,0.10159467,0.01216728,0.07390662,0.08750648,0.022921497,0.0040829936
0.001781723,0.0043040463,0.004663836,0.1914916,0.018356862,0.032904454,0.04725174,0.022605292,0.008766616,0.0039483174,0.66343874,0.0004868183
0.00062075607,0.0019067369,0.0026306473,0.0055556484,0.02742149,0.027961224,0.0746037,0.009375533,0.004541001,0.0052573346,0.83960307,0.0005229664
0.0005336473,0.6806077,0.19354881,0.055704772,0.018082278,0.015957266,0.023384145,0.0046954714,0.0012991148,0.0008705199,0.004570464,0.0007458663
0.005135379,0.036536627,0.05189634,0.034155868,0.038548507,0.12291404,0.0376699,0.66341406,0.0041976464,0.0011627399,0.0029025674,0.0014663751
0.0057509816,0.002614889,0.005817066,0.018275345,0.17323,0.15567224,0.2114374,0.181363,0.18995072,0.010941165,0.04317616,0.0017709963
0.002315069,0.0012155849,0.0030224153,0.03374644,0.5532895,0.31748644,0.023316432,0.022728788,0.014269223,0.022290295,0.0039749043,0.002344894
0.0008080951,0.0015681594,0.0042295693,0.018393228,0.26567897,0.38179082,0.23699643,0.0024438875,0.04052452,0.004131394,0.04324322,0.0001916663
0.0017059414,0.005834311,0.010021858,0.027596863,0.40994346,0.18637304,0.24674149,0.067788266,0.022868533,0.008672407,0.011873442,0.00058041426
0.0013247469,0.03683471,0.029042844,0.7007714,0.051874425,0.11200449,0.02533773,0.014664836,0.0034177338,0.011108299,0.012311383,0.0013073772
0.00225671,0.001988429,0.004432309,0.013772082,0.12977692,0.09232485,0.32877555,0.021357147,0.11120492,0.013639868,0.27937725,0.0010940142
0.0026677574,0.02309821,0.09362578,0.2008629,0.4879003,0.104790725,0.020767344,0.040598355,0.007289294,0.012349506,0.0044340948,0.0016157907
0.005111675,0.011910704,0.029213205,0.14918885,0.17357813,0.08634274,0.12341937,0.34352824,0.01643005,0.01675075,0.04093438,0.0035919417
0.0009642478,0.26588708,0.4735118,0.11698065,0.01993141,0.08655411,0.016297972,0.010167299,0.0033175638,0.0008717395,0.0044698594,0.001046237
0.0003345199,0.00039892682,0.0035591614,0.012692696,0.46623373,0.42525217,0.036064688,0.002362194,0.03834244,0.009592732,0.005058955,0.00010775867
0.0041115033,0.0013781638,0.0022384948,0.0062589375,0.08722001,0.07083993,0.35450238,0.25514463,0.0057839,0.004495406,0.2057779,0.002248789
0.00030397074,0.02001234,0.18990749,0.67913973,0.07347731,0.013931212,0.0096329255,0.0025341345,0.003514213,0.004314483,0.002118223,0.0011139802
0.00015401027,0.026863556,0.42706287,0.09097191,0.19093113,0.21234787,0.039018206,0.0010388306,0.006788037,0.0025114901,0.001942543,0.00036955735
0.0004732353,0.13941085,0.23866847,0.28759003,0.08116143,0.17125541,0.059622426,0.0025799384,0.010338845,0.0018997184,0.0064527704,0.00054685597
0.0130772665,0.06361895,0.07655302,0.056310486,0.16082425,0.23401128,0.10681955,0.13952568,0.118670315,0.011114763,0.011004322,0.008470095
0.00034536986,0.78114027,0.0547627,0.097265884,0.010621248,0.047820244,0.0054438557,0.0012050127,0.00036899734,0.0002351844,0.0005008356,0.0002903672
0.0021006067,0.3289817,0.18090017,0.11608307,0.04641507,0.184277,0.0777007,0.0416959,0.010310174,0.002169471,0.007410339,0.001955777
0.0016241368,0.19676585,0.3185937,0.08382023,0.028603194,0.09127623,0.0661441,0.20285106,0.00257134,0.0010478577,0.0055042543,0.0011980362
0.0022486807,0.015897172,0.02051373,0.4399077,0.099692464,0.31353065,0.013613095,0.057314515,0.0071576526,0.004458883,0.024372185,0.0012931806
0.0009757051,0.00044813292,0.0018770386,0.014203377,0.07784536,0.25011542,0.072783925,0.0023380716,0.563445,0.0042892867,0.011461839,0.00021695459
0.0025051462,0.009411211,0.009670049,0.46575284,0.030673154,0.053290427,0.049969316,0.08045857,0.00734549,0.0038175392,0.28661707,0.00048920524
0.00013866587,0.0026760278,0.0038089685,0.17939489,0.18231633,0.59207743,0.014004801,0.000487382,0.012991645,0.005514851,0.0064710663,0.000117939126
5.4614164e-05,0.7163803,0.14676309,0.1126319,0.0060333926,0.012042983,0.0047331154,0.0006523311,0.00023540648,5.2446798e-05,0.00038912555,3.1287203e-05
3.4992478e-05,0.02536951,0.46976116,0.4501569,0.025778128,0.017325344,0.006808695,0.0010605345,0.00023546761,4.166396e-05,0.0034163108,1.1278203e-05
0.0101918755,0.15512766,0.15609993,0.10412491,0.05775324,0.09838882,0.21653466,0.117779285,0.046995297,0.014307342,0.015567377,0.0071296203
0.00027500695,0.12310967,0.16889144,0.5783923,0.020051958,0.08509757,0.0041455114,0.008206349,0.0005696584,0.00044553253,0.010514778,0.00030019376
0.0005723562,0.0021877275,0.0030072662,0.06833319,0.056211695,0.0066414247,0.6425908,0.21153629,0.0012172443,0.004911051,0.002584318,0.00020663397
0.0003098869,0.005368524,0.020303162,0.041812804,0.2515019,0.4996769,0.12791298,0.00080876204,0.010740301,0.0061240727,0.03499139,0.00044925182
0.00033517717,0.41783053,0.297764,0.117658146,0.018933294,0.06329179,0.02482173,0.0016223629,0.0016713259,0.0012364228,0.05399413,0.00084105565
0.015025127,0.10974902,0.14934272,0.16155031,0.08848421,0.09050676,0.06367747,0.23217705,0.066549815,0.006379714,0.010563037,0.0059947297
0.00028636146,0.28274998,0.25590256,0.3050236,0.06743247,0.028251762,0.052811325,0.0015157792,0.00072140375,0.0028869733,0.0018047928,0.00061303296
0.0010385134,0.00060763874,0.0029916612,0.0022588049,0.010661448,0.025517361,0.047102332,0.90069115,0.008055973,0.00042343567,0.00048485908,0.00016684619
0.008727603,0.009514875,0.01857615,0.019353652,0.26218385,0.08180903,0.073151834,0.05665443,0.44110233,0.013650196,0.009641127,0.0056349235
0.009483786,0.013687893,0.11233172,0.024120929,0.14564814,0.041891426,0.039611615,0.010554983,0.017638866,0.10093049,0.017457673,0.46664253
0.0011542558,0.11922689,0.28846014,0.3039853,0.07465517,0.101029135,0.061796505,0.0055756643,0.024414372,0.0059008542,0.012098259,0.0017034303
0.00044474273,0.00080125185,0.0011553529,0.0013519113,0.012283202,0.052335452,0.8655303,0.0056771734,0.05919656,0.0007905677,0.00019989864,0.00023360158
0.00053424074,0.02048921,0.052799437,0.09417024,0.2105638,0.36210248,0.21090163,0.0015494796,0.010048855,0.003512755,0.033065584,0.00026232717
0.0032088545,0.0028837977,0.0119574,0.02450464,0.10397376,0.021956183,0.017236153,0.008479583,0.010262372,0.7774598,0.00765248,0.01042495
0.00068711425,0.00018586201,0.00085119926,0.0020641068,0.027332965,0.011067439,0.09236879,0.8411835,0.021033637,0.00083152327,0.0021642672,0.00022961161
0.0016057959,0.18058394,0.3398679,0.26263657,0.0667589,0.047597587,0.056731,0.011746515,0.009282411,0.010296059,0.008874585,0.0040187165
0.0003644036,0.0066803503,0.025098005,0.043211818,0.25773415,0.45897,0.15295736,0.0011314558,0.01091913,0.005433407,0.037084293,0.0004155682
0.006093791,0.12942202,0.09866852,0.047885094,0.1051853,0.15634802,0.12440121,0.29043117,0.010800762,0.0052120774,0.019825261,0.005726752
0.0020147264,0.48273334,0.26869583,0.14097513,0.024718108,0.036939863,0.02354482,0.010742203,0.0029872928,0.001531579,0.0033809715,0.0017361196
0.003741489,0.013124121,0.01356604,0.3084277,0.13974579,0.41446123,0.02984468,0.015688822,0.010066373,0.030394161,0.017296819,0.0036427465
0.0005338951,0.0020910234,0.0075959875,0.037363153,0.27185765,0.40747795,0.20229225,0.001637789,0.03093989,0.004700556,0.033331156,0.00017871746
0.001106726,0.16750538,0.27358136,0.1962109,0.04498675,0.10274055,0.110681586,0.004304445,0.018061208,0.003786669,0.07559279,0.0014416889
0.0017316801,0.102295116,0.38908485,0.2704032,0.053496566,0.07622473,0.047746755,0.032979798,0.0066013406,0.004946883,0.0122741815,0.0022148865
0.0015148972,0.0077984887,0.01040089,0.74441737,0.033275764,0.09411198,0.013670686,0.05435323,0.0035560783,0.0048642876,0.031487286,0.00054898136
0.000640575,0.021705199,0.023132965,0.5674831,0.11365314,0.22820175,0.013513982,0.0051560644,0.0024785758,0.018273303,0.0050637256,0.0006976018
0.00030298546,0.0031261786,0.008734607,0.6281413,0.09164942,0.22942229,0.008563039,0.0016567912,0.012597061,0.004543759,0.0111151785,0.00014744457
0.00010417713,0.011914682,0.51219696,0.3627024,0.04962134,0.028973108,0.015516172,0.004473532,0.0009911028,0.00021106988,0.013260379,3.5081255e-05
0.00064121187,0.0005664736,0.00048144287,0.023963107,0.035826333,0.012481332,0.119109124,0.8033317,0.0014510003,0.00051817123,0.0014956879,0.00013440217
0.0018928964,0.0041283686,0.0065321242,0.04100701,0.3925366,0.2572492,0.040691506,0.0024494273,0.16989648,0.06437886,0.016524013,0.0027134751
8.234035e-06,0.35670555,0.578472,0.048489004,0.0036740648,0.01113374,0.0012721426,7.909745e-05,6.600129e-05,1.48150175e-05,4.9757564e-05,3.5556128e-05
0.00013602014,0.0028935033,0.015168017,0.059899826,0.2687628,0.51580375,0.07556829,0.00032182105,0.02777039,0.0112799965,0.02221645,0.00017910296
0.007026602,0.02223312,0.12964882,0.031117568,0.13759704,0.04161046,0.030124558,0.0053952127,0.013066089,0.061614502,0.012110547,0.50845546
0.99480116,0.0039962013,1.4140882e-05,0.00018612733,0.00025532543,0.00016805583,0.00028930834,0.00012951695,2.2539556e-05,3.1783562e-05,1.7436647e-05,8.840529e-05
0.0014863376,0.45854983,0.15583372,0.103102624,0.08707954,0.032771267,0.14322616,0.008197319,0.0027850766,0.0018788754,0.0034012923,0.001687913
0.0017100736,0.18752477,0.30970278,0.088602126,0.028271157,0.09004245,0.06202639,0.22239518,0.0025918086,0.00092232984,0.0051042605,0.0011067567
6.798706e-05,0.71302587,0.17273173,0.087163396,0.0049342257,0.016531704,0.0031945375,0.00023890602,0.00017214996,7.528044e-05,0.0017404455,0.00012375315
0.0032680128,0.06728425,0.33478162,0.25529236,0.07414991,0.024846438,0.030603925,0.008590911,0.008002108,0.17386134,0.007444577,0.0118746245
0.0006578091,0.15968059,0.3791057,0.21233964,0.05154801,0.1258571,0.03621447,0.0011343576,0.010120982,0.005586524,0.015650952,0.0021038158
0.004699004,0.24865998,0.3664762,0.09979151,0.049274568,0.03859386,0.061981764,0.07808403,0.03138566,0.0031037864,0.013658512,0.0042911773
0.0008938315,0.15419185,0.38533825,0.20093453,0.05782526,0.110882245,0.05338657,0.0022780956,0.012300592,0.0065692463,0.013317091,0.0020824205
0.0017884054,0.20599258,0.32304367,0.08979708,0.02876506,0.096454516,0.06458018,0.17868333,0.0028214091,0.0010627582,0.005732476,0.0012785941
0.0012211252,0.00892479,0.010703901,0.7339984,0.046730228,0.15385853,0.007623231,0.0028489206,0.012985726,0.009697301,0.010603261,0.0008046421
0.00035822642,0.6428719,0.12883349,0.09092923,0.014098206,0.08625548,0.022664964,0.011572919,0.0009927639,0.00018341644,0.001015717,0.0002237104
0.0012243962,0.014340343,0.013046971,0.40339586,0.027632194,0.040615514,0.055131853,0.038840618,0.0038849807,0.0043925513,0.39705998,0.00043470794
0.0020318064,0.0035270802,0.0047572036,0.01263399,0.11691202,0.0537172,0.53583276,0.08384829,0.01791613,0.010382518,0.15744482,0.0009961916
0.013500344,0.014177225,0.03995232,0.122314766,0.19950636,0.117177896,0.10368061,0.20265132,0.031261977,0.028608944,0.09454944,0.032618817
0.0031085336,0.07577546,0.20960279,0.35437316,0.13721251,0.0980187,0.04584624,0.035431385,0.009169725,0.011030345,0.0056273295,0.014803831
4.8576426e-06,1.9475709e-05,2.9610766e-05,0.0001266095,0.72756296,0.052659996,0.218439,0.00043908195,0.00040049423,0.00029106624,2.5728341e-05,1.043005e-06
0.00046022027,0.60034925,0.2070961,0.10179773,0.011831681,0.04794219,0.022667652,0.003612731,0.0015384505,0.0006056105,0.0016010808,0.00049733266
0.00082389254,0.0019343175,0.004229123,0.023263503,0.22042081,0.33050784,0.18061356,0.21933179,0.0044556414,0.0043698866,0.009782918,0.00026671507
0.0018406105,0.3311946,0.11718485,0.12364061,0.1898176,0.10129551,0.105877474,0.013375612,0.009578513,0.0015711066,0.0035473416,0.0010761244
7.2497373e-06,0.6113185,0.33805144,0.041882746,0.001746847,0.0062573673,0.0005777394,5.5088254e-05,1.6459313e-05,5.450612e-06,6.764587e-05,1.3461145e-05
7.879579e-05,0.63732034,0.2747786,0.0436599,0.005808243,0.032594457,0.0036228686,0.0016025553,0.0002583477,3.3000517e-05,0.00017457806,6.831178e-05
0.0021565047,0.2411241,0.29530454,0.16767128,0.07544195,0.083801694,0.06739048,0.028324297,0.026823645,0.0018947962,0.008188035,0.0018786762
0.00080001936,0.17791952,0.23061515,0.26757854,0.07262295,0.13441221,0.08715046,0.0068631037,0.010999395,0.0022795538,0.0079747345,0.0007844065
0.00052024354,0.00076892326,0.0010081333,0.0056427997,0.18215244,0.57878345,0.18579105,0.002977788,0.016267305,0.006016318,0.019784687,0.00028683853
0.0012673804,0.3844754,0.307794,0.15317145,0.017514002,0.09429278,0.018929135,0.016327875,0.0032366011,0.0007170981,0.0016221339,0.0006521592
0.00047872448,0.2897113,0.18750966,0.31373343,0.037238754,0.031636372,0.10106365,0.023307241,0.003812814,0.0017774571,0.00930591,0.00042468982
0.0008929806,0.3236791,0.33757192,0.21142718,0.02837129,0.064662,0.012646071,0.0024006565,0.0014604122,0.0024520895,0.011394076,0.003042209
0.0017884054,0.20599258,0.32304367,0.08979708,0.02876506,0.096454516,0.06458018,0.17868333,0.0028214091,0.0010627582,0.005732476,0.0012785941
0.0038549644,0.3649226,0.20037904,0.13602713,0.04218426,0.10436108,0.053188786,0.08016151,0.0034583802,0.0024799095,0.006245126,0.0027371568
0.00026231355,0.0013359217,0.0010755932,0.0016495787,0.0261517,0.74624306,0.16882497,0.0028596448,0.050237298,0.000381617,0.0008884229,8.987049e-05
0.000374376,0.02329548,0.19973549,0.64870167,0.08427085,0.015840935,0.011845007,0.002882519,0.004244703,0.0047973604,0.0025344163,0.001477214
0.00055951515,0.056466717,0.2695481,0.30042416,0.08658414,0.13800782,0.07927373,0.055200536,0.003909118,0.0064789015,0.0032091956,0.00033807917
0.00075395056,0.0047080223,0.005830739,0.046946775,0.024720179,0.06623517,0.025480779,0.00508418,0.0026962764,0.003646079,0.81324345,0.0006544551
0.0024447253,0.024567146,0.093296826,0.21498874,0.47972336,0.10284489,0.021939784,0.035797395,0.0067041493,0.011579866,0.0046549267,0.001458171
0.0017697035,0.0044356002,0.009941784,0.051163606,0.40142384,0.31515542,0.035756115,0.0044293953,0.035234507,0.11225061,0.023407338,0.005032122
0.9768444,0.01814013,0.0001365669,0.00041489757,0.0010449002,0.0017521856,0.0009200824,0.00032413565,9.0846326e-05,5.8015477e-05,4.599624e-05,0.00022791745
0.0017589544,0.007706208,0.017427871,0.7405259,0.07325417,0.06332968,0.014978349,0.002741914,0.0148160765,0.03269608,0.029717222,0.0010475512
0.0020776936,0.25687295,0.41652447,0.17839123,0.026640233,0.045878775,0.030587839,0.015294327,0.0030192377,0.0023654439,0.019498734,0.002849061
0.002970852,0.009097831,0.0035317224,0.020567974,0.38916734,0.24235094,0.25204104,0.05789097,0.0032018262,0.0055512884,0.011623671,0.0020045096
0.000506043,0.27240095,0.12883925,0.3879595,0.033630285,0.1008552,0.05678262,0.007982039,0.0024337275,0.0012724942,0.0070321504,0.00030568038
0.00046891728,0.0022228826,0.0053870725,0.06255708,0.062522784,0.56241995,0.023228325,0.001282859,0.0018979952,0.0026188975,0.27512336,0.00026986783
0.0016171129,0.51124305,0.09504905,0.11353824,0.04585571,0.1943005,0.021078805,0.0028976724,0.004873974,0.0029497193,0.0040638517,0.0025322514
0.0012910812,0.35683405,0.26986852,0.10659673,0.099682875,0.035871353,0.10928969,0.00950794,0.0022162364,0.002062477,0.002889821,0.0038891966
0.00030847205,0.7079154,0.15061684,0.08348767,0.01144219,0.026602846,0.012444117,0.0049837693,0.0007223092,0.00014092845,0.0011819486,0.0001533968
0.0009302917,0.0008527983,0.00095603976,0.002882411,0.057832237,0.15909946,0.058379296,0.6988116,0.013730297,0.005473134,0.000657194,0.00039519262
0.0023837178,0.011667991,0.0111389905,0.5113939,0.030427812,0.06262745,0.04405484,0.07227062,0.0055960263,0.0038734553,0.24405779,0.00050743954
0.99501306,0.0035374677,1.6810793e-05,0.00014614504,0.0003922652,0.00028662235,0.00031813094,8.315968e-05,4.776201e-05,4.815213e-05,1.9338348e-05,9.1026166e-05
0.0025709188,0.048106335,0.03778087,0.4108007,0.09743439,0.2939529,0.018293526,0.070099235,0.0033551608,0.0018141302,0.014980866,0.0008109235
0.0018585149,0.0028147674,0.004992129,0.09412485,0.06945289,0.03377993,0.09623003,0.67931294,0.00606227,0.0036339837,0.0072704176,0.00046725263
0.014291323,0.08877875,0.2248357,0.111906454,0.12138517,0.12337283,0.06275185,0.0728428,0.017437233,0.008006094,0.008878603,0.14551319
0.00038718153,0.021392364,0.18421362,0.6650664,0.085160896,0.015508466,0.011629751,0.0033438704,0.0043155854,0.0050210874,0.0025690035,0.0013917461
0.00042145528,0.00017854843,0.0012274556,0.0027724986,0.019949496,0.11323676,0.1913036,0.6664873,0.0018867981,0.0014937299,0.0009040876,0.0001383254
0.0008279412,0.0080345385,0.014430663,0.24591517,0.07377219,0.59324944,0.007310519,0.0053400444,0.004142319,0.010821234,0.034259576,0.0018962639
0.0035827875,0.15704507,0.31190586,0.12240656,0.04516761,0.115788996,0.06813044,0.14573525,0.006206354,0.0031390341,0.017641082,0.0032509412
0.00011974512,0.005421877,0.47961614,0.39939165,0.053578574,0.02742786,0.008670326,0.0016904961,0.001094139,0.00045582387,0.022458017,7.539119e-05
0.002000171,0.3104644,0.23308738,0.28367928,0.046551865,0.06787405,0.035145864,0.0022727493,0.00527177,0.00556722,0.004564367,0.0035209393
0.0020779606,0.008881602,0.0077891545,0.3590046,0.023654323,0.034204826,0.07803703,0.0670261,0.0045771,0.0026070364,0.41177088,0.0003692847
0.0058916374,0.0018121637,0.00697677,0.007018341,0.46461305,0.11288603,0.04465619,0.017264187,0.036719654,0.2017817,0.030138725,0.0702415
0.0005798224,0.62221146,0.19694719,0.10294296,0.011458682,0.037849404,0.019995894,0.0038190293,0.0016158526,0.00054291025,0.0014840976,0.00055270636
0.0027266564,0.45493123,0.16751163,0.12527058,0.026014078,0.07512591,0.106848665,0.018248504,0.009761315,0.0034127312,0.007864417,0.0022843417
0.008392142,0.010720476,0.019822339,0.0224745,0.24895994,0.08519479,0.058912404,0.053301655,0.46814594,0.009959798,0.009519135,0.0045968476
6.296165e-06,7.413938e-07,1.2101479e-05,3.2071555e-05,0.00068461744,0.00026291565,0.0009515819,0.9980191,1.3481276e-05,1.0045088e-05,4.0119103e-06,3.046183e-06
0.00014740347,0.00062370853,0.000977615,0.0022237697,0.008275609,0.010750541,0.01915009,0.002405379,0.0010146986,0.0013461355,0.952949,0.00013612
0.005931619,0.0014110642,0.001975249,0.015305421,0.63746935,0.1858203,0.049794666,0.05900314,0.0243759,0.009984343,0.0072565256,0.0016724664
0.005075956,0.24339725,0.19921677,0.13437822,0.036638733,0.056238458,0.053009883,0.25279626,0.0047982926,0.0017324456,0.010203256,0.0025145444
0.00028158372,0.0001855942,0.00045009915,0.0046175458,0.08852805,0.0095109455,0.38200477,0.5090673,0.0024565477,0.0020812643,0.00068921305,0.00012717648
0.000332626,0.0001072446,0.00030255716,0.0005034335,0.0055660745,0.00951522,0.13449025,0.84521955,0.003528251,0.0001401294,0.0002546956,4.0011677e-05
0.0026969821,0.39270696,0.10757349,0.18082035,0.05529492,0.12598027,0.08312566,0.034151785,0.00286291,0.001145035,0.012795998,0.00084562274
0.0006063029,0.33179867,0.26139668,0.123087294,0.03404663,0.0920161,0.058941174,0.0030909006,0.0037762367,0.0026355267,0.08720048,0.0014039791
0.9528165,0.040631935,0.00011519375,0.0006076143,0.0014957804,0.0017457568,0.001274551,0.0005188395,0.00014616185,0.00011325695,0.00014741081,0.00038701252
0.0016967332,0.0019817182,0.0028181614,0.019455995,0.2881643,0.14667276,0.43083942,0.06848031,0.0145559115,0.004034744,0.021069145,0.00023087388
0.00011775956,0.1593625,0.36681858,0.16277157,0.0528052,0.18116605,0.069577985,0.000657213,0.003791011,0.0006782294,0.0020958455,0.00015807814
0.0035684803,0.01371184,0.009749455,0.24416588,0.22512692,0.18683612,0.16019939,0.11702578,0.00834054,0.004146588,0.026678827,0.00045019848
0.00044728437,0.0013528294,0.0026742849,0.0085674655,0.23209311,0.1293269,0.55723894,0.014244549,0.006751722,0.0077679246,0.039371572,0.00016346967
0.00096212496,0.00930344,0.012943878,0.569577,0.19945057,0.14289448,0.009976067,0.0021458361,0.009787335,0.028174799,0.013209638,0.0015748849
0.0019963705,0.19021866,0.3083582,0.08568848,0.029147826,0.09183506,0.06972385,0.21152294,0.0029280307,0.0011024773,0.0060740784,0.0014040342
0.00031855633,0.030806463,0.016739754,0.706425,0.07501875,0.14222577,0.008787724,0.0026390804,0.0011240061,0.009073861,0.0060312585,0.0008097669
0.0028577922,0.457947,0.15569788,0.1283486,0.026343906,0.07910925,0.1079625,0.01780654,0.009995668,0.0034547069,0.008164659,0.002311525
0.0017281894,0.49652553,0.09811618,0.13618413,0.047316287,0.18026659,0.021091992,0.003246486,0.005412309,0.0034764898,0.004074476,0.002561365
0.00076940976,0.0023536598,0.008839612,0.36910826,0.10163392,0.3998008,0.012400577,0.0682502,0.003943227,0.0035159644,0.029228127,0.00015629914
0.0050641154,0.0038194554,0.0061395005,0.0108073875,0.14852,0.043120597,0.29853177,0.20212306,0.030176578,0.011729401,0.23774984,0.0022183768
4.7920515e-05,0.13223411,0.41962132,0.3766476,0.029703766,0.03210662,0.007506271,0.00023641015,0.0010462353,0.0002537644,0.00053504313,6.091652e-05
0.00080899795,0.014609884,0.016039057,0.7140107,0.05441888,0.12156349,0.012406575,0.032351926,0.0015962498,0.0041938513,0.027557844,0.00044241798
0.0024699816,0.18428633,0.2667873,0.06581945,0.070696354,0.08454379,0.23876852,0.050692294,0.006681047,0.005319015,0.020649739,0.0032861712
0.00024663654,0.660556,0.1837388,0.09464541,0.008223931,0.033362262,0.01471282,0.0021763502,0.00079649274,0.00029659888,0.0009961781,0.00024844782
0.0007253559,0.046081893,0.1211035,0.19968078,0.13229457,0.35575962,0.050732113,0.064399764,0.021154393,0.006147374,0.0015537852,0.00036686452
0.00029230907,0.00020270627,0.0005002865,0.004932744,0.10096517,0.011366826,0.38143837,0.49419308,0.0027370441,0.002446615,0.0007786334,0.0001462388
1.6884655e-07,1.197112e-05,0.00012124684,0.0007979149,0.97460836,0.02328297,0.0011390381,8.390906e-06,9.026156e-06,4.7131557e-06,1.6195518e-05,3.7337323e-08
0.0011151748,0.01685284,0.038358614,0.267258,0.2893555,0.23036897,0.09676837,0.0021594109,0.0075697764,0.009103394,0.040678605,0.0004113737
0.9965162,0.0003938688,3.892593e-05,6.8497844e-05,0.0010020392,0.0014377113,0.00022791323,4.7087424e-06,9.697412e-05,6.5415225e-05,6.85582e-06,0.00014085534
0.002151195,0.0025001653,0.0032737143,0.024243632,0.3081424,0.14011852,0.38627055,0.090430945,0.01637571,0.004419298,0.021774855,0.00029905987
0.95438975,0.03927206,0.00011963013,0.00065081863,0.0015140799,0.001654491,0.0011687179,0.00050234725,0.00013931985,0.00010760435,0.00011867448,0.00036247665
0.0012234492,0.19491512,0.3087245,0.26601535,0.05407139,0.07170671,0.0599688,0.008807557,0.015982134,0.004957712,0.011947581,0.0016796924
4.0918426e-06,0.6283531,0.32525724,0.039157387,0.0013436881,0.005296499,0.0004649569,2.9429733e-05,1.0954224e-05,3.92359e-06,6.899838e-05,9.725807e-06
0.00026843447,0.0014076527,0.0022431728,0.0052896384,0.09430643,0.23391932,0.6321406,0.006281532,0.009628399,0.0019994534,0.012419069,9.63777e-05
0.0004810896,0.13339601,0.5517648,0.090145834,0.034885377,0.027332649,0.116706714,0.03584237,0.0056693805,0.001572363,0.0018283146,0.00037515795
0.00022577209,0.00017686174,0.00048546915,0.0042805215,0.07748742,0.008420226,0.35833567,0.54600286,0.002044729,0.0017804006,0.0006372575,0.00012278878
0.0023611442,0.30598766,0.19420314,0.24083142,0.051652476,0.13201754,0.032986943,0.016006725,0.010564102,0.0031646336,0.008388626,0.0018356465
0.0021341136,0.015313566,0.044044115,0.0102311075,0.56756043,0.1013515,0.18007316,0.047346864,0.020578738,0.0081991,0.0019459587,0.0012212924
0.005639598,0.0090983575,0.012289812,0.29532647,0.0795311,0.103237905,0.096039385,0.33630824,0.010708855,0.03970938,0.008903768,0.003207145
0.0026910906,0.00076086266,0.0013330327,0.004646487,0.42696714,0.12326805,0.06686778,0.073998004,0.2846753,0.0070566237,0.006708225,0.0010273464
0.0006047139,0.0118933385,0.29599187,0.031651404,0.33125877,0.15720966,0.14811723,0.0032802082,0.0047379024,0.012580434,0.0009414136,0.0017330592
0.00092485157,0.105937235,0.32567167,0.18288448,0.07587018,0.14672902,0.116963506,0.009374287,0.024212742,0.0040208525,0.0067213457,0.00068979186
0.011643723,0.13123968,0.09432025,0.09479031,0.054779112,0.15380578,0.085211575,0.34122005,0.015350782,0.0032214057,0.011015358,0.003401993
0.0004635401,0.29518956,0.22412793,0.3998743,0.012094191,0.042482592,0.018103879,0.0023929412,0.0027765776,0.00044472655,0.0018948796,0.00015492938
6.000162e-05,0.5719747,0.072112985,0.06925139,0.0219792,0.2525693,0.0095583685,0.0002383474,0.0007765546,0.0003044569,0.00044316342,0.0007315621
0.0032730345,0.046483368,0.021795126,0.5837525,0.08703021,0.18586369,0.015634388,0.015899364,0.0053911414,0.0061760065,0.02655773,0.002143409
0.0016597839,0.13673253,0.32357568,0.44438756,0.028561171,0.015011433,0.013874668,0.0052080667,0.002310964,0.022373836,0.0027745087,0.0035298083
0.005323372,0.22565687,0.20165576,0.1222204,0.064268075,0.14044638,0.14404336,0.028775413,0.027188068,0.009728947,0.026001805,0.004691527
0.004457846,0.15886308,0.31203115,0.1390573,0.06647346,0.16489393,0.061723385,0.012595241,0.013111121,0.022713743,0.026198372,0.017881403
0.0015780247,0.17849211,0.39880213,0.23925196,0.037811603,0.081777215,0.022922365,0.028034398,0.0034030445,0.0014277654,0.0049676145,0.0015317557
0.012150626,0.10100835,0.2192994,0.11921847,0.064562805,0.13738269,0.07411209,0.22622535,0.023590224,0.004026205,0.0076296357,0.010794203
0.0002337654,0.33985123,0.35457054,0.22586139,0.018553233,0.04597898,0.008394944,0.0005011027,0.0018104147,0.0009592491,0.002648165,0.0006369725
0.0021911385,0.0028712044,0.003274022,0.027424073,0.29718143,0.1586045,0.3805662,0.08675682,0.015441017,0.0036387097,0.021792281,0.00025854926
0.007071214,0.13840015,0.17444551,0.12014563,0.08340844,0.14721508,0.17076579,0.024605544,0.076290175,0.023307685,0.025712175,0.008632628
0.0007635231,0.6624716,0.18637833,0.08619306,0.009562147,0.02854184,0.017615106,0.0040025003,0.0013683173,0.0006181858,0.0017408682,0.0007444934
3.4095672e-05,0.00023109009,0.0002546499,0.0006497308,0.01402854,0.9559688,0.027959984,0.00024536034,0.0001900094,0.00011269414,0.00031521692,9.710466e-06
0.0070994175,0.10937356,0.12454668,0.07734473,0.035554066,0.074748434,0.09639059,0.45753935,0.0054198806,0.0024296162,0.006204447,0.0033492108
0.0022064582,0.13653487,0.25324425,0.20281242,0.051878583,0.05839181,0.04198638,0.239921,0.0035211055,0.0031171236,0.004736544,0.0016494339
0.1262411,0.52713805,0.11610799,0.034492005,0.059776783,0.06879017,0.016068911,0.04566316,9.569918e-05,0.0021839503,0.00014588944,0.0032963222
0.0029670545,0.0028316611,0.011995292,0.025420098,0.10698269,0.022031948,0.017119735,0.007541596,0.010225712,0.77588075,0.0074077295,0.009595712
0.0024090565,0.0017909069,0.0016595104,0.0018687707,0.019786127,0.11825855,0.64675075,0.011353096,0.19100885,0.0027355992,0.0013795446,0.0009992268
0.96276873,0.014171536,0.00046479816,0.0015670094,0.008154486,0.0067229266,0.0034364213,4.4339104e-05,0.0004723165,0.0006714671,0.00027462112,0.0012513757
0.0009278385,0.43368557,0.2567038,0.100281976,0.031800725,0.04190596,0.063784726,0.014853609,0.0027787576,0.0028397045,0.04853526,0.0019021777
0.0023129631,0.00055050664,0.0009044953,0.003602275,0.459989,0.090532914,0.04340313,0.047257606,0.33902773,0.006640318,0.004946699,0.00083233253
0.002620372,0.015618574,0.052838158,0.02531312,0.023987034,0.03355618,0.03758263,0.7837884,0.016764158,0.0034870866,0.0029655362,0.0014788113
0.00041479085,0.060537428,0.08471092,0.09126015,0.10280805,0.22056106,0.424566,0.0052335886,0.0029730326,0.0014357971,0.005311118,0.00018811875
0.0014601815,0.14137465,0.29336336,0.30687872,0.06693441,0.091900885,0.0557567,0.008410545,0.011620728,0.011105929,0.008020142,0.0031737736
0.0015991959,0.38119537,0.2315009,0.10894926,0.03603536,0.10251588,0.10261238,0.01573765,0.008786249,0.0031058849,0.006371064,0.0015907948
6.8412395e-05,0.10617622,0.7439905,0.06318178,0.026262669,0.03659834,0.011132862,0.0102828145,0.0008498829,0.00015085941,0.0011849819,0.00012058618
0.0024447253,0.024567146,0.093296826,0.21498874,0.47972336,0.10284489,0.021939784,0.035797395,0.0067041493,0.011579866,0.0046549267,0.001458171
0.0032962824,0.074350744,0.5447743,0.08685132,0.07988321,0.06818335,0.045443516,0.024975026,0.019270219,0.008970523,0.015501797,0.02849968
0.0026362005,0.15303202,0.23620127,0.07893959,0.044200096,0.028828146,0.066290535,0.3778303,0.0059354748,0.00075598306,0.003211611,0.0021387902
0.0016405074,0.018800259,0.014946388,0.27296814,0.043709524,0.077631444,0.037974145,0.017957235,0.0024917927,0.009848377,0.50028336,0.0017488018
0.001568548,0.32473034,0.22959794,0.15112472,0.043073393,0.1483714,0.06713219,0.009339607,0.011304446,0.0043721376,0.007297022,0.0020882702
0.00022152335,0.21500444,0.3558212,0.18348978,0.03594316,0.09175351,0.106379464,0.0011255969,0.0025089642,0.00085788814,0.0066942843,0.00020016439
0.0031011936,0.009019512,0.015172876,0.51410013,0.046157695,0.1059255,0.020180546,0.052492797,0.011509042,0.012613737,0.20848788,0.0012390775
0.016487453,0.10282431,0.07582983,0.120052494,0.08712521,0.093846574,0.11696179,0.31375664,0.04764115,0.0051408825,0.015321997,0.0050116917
2.38604e-06,0.041502036,0.45153543,0.11921593,0.00804037,0.10109468,0.014890623,0.2636522,9.581761e-06,1.151593e-06,5.5521796e-05,1.4990604e-07
1.8823739e-05,0.9605543,0.01690191,0.0111863855,0.0018997772,0.0021027315,0.0022671837,0.0050202576,2.1806369e-05,2.2378301e-06,2.259788e-05,1.9424983e-06
0.9945182,0.00291481,2.1231534e-05,0.00020141882,0.00095512666,0.00053851993,0.00039627124,9.3253024e-05,0.00012151322,7.925316e-05,3.5056262e-05,0.00012535002
0.01136453,0.010487055,0.06890417,0.014995719,0.116903216,0.041974664,0.020990746,0.00708699,0.01364935,0.06533241,0.008725709,0.61958545
0.0019191483,0.015835617,0.029015483,0.08818057,0.25273603,0.38914567,0.0899676,0.002214935,0.027576216,0.014298635,0.08736066,0.0017494704
0.0031929307,0.0014105798,0.002521811,0.0042621708,0.24326354,0.4374136,0.08136403,0.19605607,0.010370196,0.010743045,0.0073270286,0.0020750402
0.0006996373,0.18069507,0.4476579,0.17614858,0.044636514,0.08622543,0.039514434,0.0014969385,0.007493127,0.0046556937,0.008809965,0.0019666932
0.002319844,0.008951723,0.017761564,0.10412878,0.26270765,0.4115082,0.04174273,0.01898909,0.02048898,0.08816883,0.016996935,0.006235627
0.0011135294,0.001580242,0.006094165,0.04009732,0.19976597,0.35980687,0.18698257,0.009787409,0.16665022,0.011146211,0.01654509,0.00043035633
0.0025334184,0.006713755,0.00906213,0.06980089,0.15171416,0.08539183,0.38316262,0.04493993,0.024151506,0.009320584,0.21247539,0.0007337711
0.011869221,0.15513194,0.23603393,0.1331751,0.0696561,0.04404231,0.13839023,0.1536131,0.020513173,0.011523864,0.007680627,0.018370511
0.0072340234,0.031180864,0.122728296,0.047745276,0.046031132,0.056035537,0.1308728,0.5243356,0.0103975,0.0051986543,0.008174703,0.010065549
0.0005252371,0.603518,0.21851566,0.09642211,0.008654734,0.043055877,0.021736354,0.0042943996,0.0012149852,0.00043809222,0.0011560431,0.00046844533
7.569268e-05,0.00037298448,0.00038616965,0.0032041438,0.1747479,0.71487063,0.097822644,0.00087887404,0.00015684246,0.00022066275,0.0072482363,1.5246753e-05
0.00017833436,0.59707654,0.29650262,0.07588557,0.008328062,0.012016464,0.005870984,0.0010060981,0.0003768865,0.00013932765,0.002412886,0.000206178
0.0010878571,0.0013949883,0.002621439,0.009878095,0.10906491,0.055130072,0.6170746,0.08380254,0.018586718,0.004994583,0.096081525,0.00028263684
0.000599543,0.003924919,0.007670879,0.20227869,0.15853857,0.54580396,0.026867896,0.041570466,0.0017982216,0.0073648836,0.0031281011,0.00045388527
0.0026631835,0.004148035,0.009125516,0.49580136,0.05405778,0.20140532,0.035482872,0.004791304,0.12735368,0.007565643,0.057107706,0.0004975826
0.0032473945,0.0010753317,0.0021907852,0.009649053,0.3904123,0.14775953,0.06804453,0.101681575,0.25771847,0.010136588,0.0066834325,0.0014010278
0.0020688886,0.115599945,0.27179462,0.17772317,0.07569663,0.09541579,0.17915663,0.0135189155,0.047946423,0.009383748,0.00958276,0.0021124287
0.008392142,0.010720476,0.019822339,0.0224745,0.24895994,0.08519479,0.058912404,0.053301655,0.46814594,0.009959798,0.009519135,0.0045968476
0.002142371,0.003299018,0.0038633277,0.029164793,0.32376653,0.16137598,0.34599385,0.08768468,0.015814593,0.0036995376,0.022914562,0.00028072885
0.00046735888,0.5946847,0.20972347,0.10799116,0.01156093,0.04286365,0.024728743,0.0030970343,0.0016518349,0.00080371875,0.001842532,0.00058483967
0.002395859,0.00076915347,0.00078152074,0.0010911876,0.013961804,0.1109281,0.2883817,0.007287326,0.57039464,0.0020328641,0.0012908344,0.0006849946
0.014220404,0.13127455,0.24831232,0.16346489,0.06588232,0.08917195,0.0791083,0.13588569,0.01812937,0.008929381,0.012021001,0.033599917
0.0001956861,0.6138142,0.21784037,0.10866765,0.008389197,0.033141665,0.014055157,0.0015303527,0.00080754096,0.00033805444,0.0009565808,0.00026355567
0.0031080628,0.23078746,0.27145457,0.1413029,0.08081505,0.09159002,0.089907065,0.041886266,0.03213632,0.0024543786,0.011877423,0.0026804933
4.727787e-06,4.4307915e-05,9.555946e-05,0.0004882955,0.62437433,0.36699682,0.00784672,4.898774e-05,1.9582758e-05,5.4414915e-05,2.4449773e-05,1.7944502e-06
0.001909066,0.0019821606,0.0026157587,0.018916996,0.30010426,0.1463087,0.4042956,0.08464012,0.015729168,0.0039331126,0.01930454,0.00026049057
4.7864392e-05,0.64207804,0.22414838,0.1022129,0.0051118596,0.017289558,0.008084443,0.00021278005,0.0002868694,0.00010851865,0.00033406817,8.4749125e-05
2.3112589e-05,0.42951962,0.47415957,0.061631046,0.006213534,0.025008755,0.0027982043,0.00030914383,0.00016103206,2.5157697e-05,0.0001052872,4.550373e-05
0.00028918317,0.00027334882,0.00044063598,0.010057179,0.06212998,0.9157192,0.004476781,0.0010446407,0.004244368,0.0008952588,0.00035654416,7.287824e-05
0.00032853795,5.2254476e-05,0.00017110087,0.00024482087,0.011865117,0.0041347817,0.09083893,0.8437408,0.047639444,0.00056357816,0.0003526434,6.799688e-05
0.00041567805,0.010631613,0.015442288,0.5709883,0.07316324,0.2687102,0.022840513,0.0011136221,0.00820149,0.0025768916,0.025770586,0.00014552314
0.0022247662,0.0036129365,0.004771951,0.012909295,0.099611424,0.04168475,0.31752223,0.3617615,0.011846432,0.003966141,0.13917924,0.0009093269
0.0026411156,0.044196416,0.03279263,0.4354078,0.09200803,0.2836536,0.01770775,0.070986636,0.0033378901,0.0018793539,0.014643942,0.00074487855
0.9939713,0.0032124575,6.341717e-05,0.00027885867,0.0005436661,0.0008396228,0.00059364736,0.00013692271,0.000107231586,9.963391e-05,2.4292358e-05,0.00012895961
0.0008451118,0.4196016,0.20854333,0.20290613,0.02738523,0.045872476,0.013719658,0.078986414,0.000872788,0.00014124461,0.0009875526,0.00013853634
0.99521565,0.0024411122,4.8964528e-05,0.00018193276,0.00044399392,0.00085432065,0.0003796993,3.542822e-05,0.00011860796,6.533483e-05,2.5647101e-05,0.00018942729
1.2619243e-05,0.5668328,0.1951587,0.1451076,0.023239909,0.03395918,0.03526525,4.542574e-05,1.94653e-05,8.627026e-05,0.00012045678,0.00015231317
0.00051072834,0.26086634,0.19401874,0.32979864,0.04038928,0.03482851,0.098423116,0.024821633,0.0044507748,0.0018471336,0.009618249,0.00042676768
0.0008837294,0.22985202,0.31093928,0.16910493,0.066084154,0.10561744,0.062229585,0.0030025297,0.01045233,0.0039024837,0.035285633,0.0026458625
0.0017475245,0.0019514363,0.0067957668,0.021527456,0.27369723,0.31673533,0.19844244,0.012147514,0.13529664,0.013877502,0.017068394,0.0007127431
0.001365488,0.21905805,0.42151368,0.117778674,0.027563844,0.11748575,0.020114798,0.06644521,0.004528055,0.00066392915,0.002727832,0.00075463904
0.00024926706,0.6472484,0.18783419,0.09086778,0.0080924835,0.043343373,0.01795128,0.002289588,0.0007639785,0.0002859069,0.0008258084,0.00024800136
0.0011114901,0.19828837,0.37061176,0.28588653,0.049946878,0.03684569,0.030224817,0.007391049,0.006839518,0.004682952,0.0055011446,0.002669812
0.0019956604,0.005739146,0.005585701,0.039776333,0.48465493,0.34621313,0.09508411,0.0056108655,0.0065652337,0.0035731986,0.004894967,0.00030671674
0.0029509983,0.019731166,0.01683197,0.51724285,0.07329941,0.24893981,0.036785077,0.050417032,0.005651394,0.0152486805,0.011022137,0.0018795307
0.0019974413,0.002140362,0.0028613906,0.021634601,0.30462992,0.15338531,0.38598785,0.08690473,0.016744869,0.0039644726,0.019479066,0.00027001393
8.3972256e-05,0.42063308,0.25553814,0.21726862,0.017364416,0.05404956,0.032327197,0.0006111143,0.00044995727,0.00017857869,0.0014353665,6.0049715e-05
0.0015995441,0.43419164,0.121285826,0.11179575,0.13596009,0.061193276,0.11033014,0.0125013925,0.0064878794,0.0012517091,0.0024916118,0.0009111234
0.00062898087,0.22223857,0.3222817,0.20412062,0.043634925,0.116233654,0.041949864,0.0024095026,0.0049665673,0.003618717,0.036715195,0.0012017506
6.103606e-05,0.11202309,0.32076398,0.12630887,0.08822995,0.33013207,0.01592922,0.0027405566,0.002761088,0.00012074322,0.0008797532,4.969105e-05
0.00039190942,0.00502094,0.008073985,0.013911056,0.08523693,0.06287328,0.7101185,0.10316497,0.003146918,0.001639649,0.006258146,0.00016374169
0.0022201557,0.0016877238,0.0015415682,0.0017473131,0.019446556,0.10497845,0.694784,0.010477122,0.15794398,0.002839077,0.0013563627,0.0009776449
0.002215953,0.0016780798,0.0015571361,0.001622368,0.019323517,0.11446347,0.66997886,0.011140084,0.17292853,0.0027434924,0.00137083,0.0009777462
0.00039337022,0.0020718235,0.0042018937,0.14811203,0.5713575,0.24454108,0.0077754944,0.0038181075,0.0038140097,0.010596444,0.0028013878,0.0005169388
0.013845173,0.119357064,0.2017743,0.09266573,0.085657775,0.11054454,0.16146077,0.08943765,0.05607759,0.022538401,0.024401514,0.022239454
0.00040397205,0.73633283,0.17134516,0.03239599,0.0072559514,0.023775829,0.009849976,0.017410126,0.00060832594,4.2431195e-05,0.00041239007,0.00016702301
0.00063299696,0.000910771,0.004732793,0.0007625323,0.008391096,0.005197879,0.0008996337,0.00012318883,0.00029446444,0.002601913,0.00029897384,0.97515374
0.00042927143,0.00011949831,0.0003932019,0.00041824102,0.011954607,0.00420289,0.15102467,0.79751444,0.03200035,0.001098336,0.0006723938,0.00017210134
0.00017285714,0.0019169439,0.017066836,0.06921867,0.23131147,0.49391016,0.121640734,0.0005691185,0.028657619,0.0072675287,0.028159175,0.00010885652
0.0008085378,0.00041258457,0.0017473096,0.012221354,0.11521736,0.25330836,0.047800463,0.0022464942,0.55639225,0.004170087,0.0054584527,0.00021672733
0.00251588,0.0029674831,0.008893792,0.042869985,0.18829365,0.35786965,0.1977526,0.0050110244,0.12377004,0.011506651,0.057861175,0.000688005
0.006967005,0.0023510074,0.0035697927,0.009384248,0.070620656,0.24096505,0.10818717,0.5390797,0.0052971095,0.0061802547,0.006464787,0.00093319727
0.00047070193,0.640481,0.17270209,0.098025456,0.011818902,0.04582592,0.02375318,0.0029780883,0.0014817799,0.0005415607,0.001443969,0.00047738882
0.00024304542,0.00024183342,0.0004992362,0.001043647,0.0888352,0.5858496,0.020613957,0.29182592,0.0063682334,0.0042085033,0.000102934784,0.00016783133
0.00047267604,0.002703545,0.0062512564,0.032475524,0.27481225,0.5399404,0.055075664,0.0014359287,0.051689938,0.009907528,0.024682289,0.0005529427
0.00034979108,0.014882588,0.021468202,0.2876976,0.37860593,0.2126824,0.06658614,0.0022651055,0.0025341236,0.0016064103,0.011130752,0.00019099038
0.010822478,0.005602482,0.0027584562,0.07997445,0.32288057,0.33309624,0.061680354,0.14911494,0.003106667,0.004329739,0.023930147,0.0027035282
0.0035150503,0.0031962607,0.012908858,0.02937293,0.11074724,0.022793183,0.017375028,0.008512399,0.012147,0.76049954,0.008163677,0.010768817
0.001245425,0.06531193,0.055266522,0.07336496,0.12340044,0.29239267,0.33944392,0.012260581,0.01055627,0.0014865285,0.025048457,0.00022230354
0.00024082068,0.0075805727,0.016848033,0.23633786,0.2959405,0.3558568,0.06282421,0.0012320004,0.005341564,0.0031665564,0.014508722,0.0001223495
0.00014609948,0.40136275,0.25099763,0.25650698,0.011973776,0.027353624,0.029538492,0.0012282677,0.0009537142,0.00047581317,0.01927187,0.00019098046
0.0087792305,0.0853876,0.38260022,0.04720512,0.095813945,0.057998683,0.0907361,0.10898836,0.011427189,0.009891669,0.0091913985,0.091980524
0.00024777732,0.3326643,0.36641806,0.18057857,0.023136327,0.061815944,0.020397898,0.007893979,0.0016657303,0.00028375263,0.0046805725,0.0002171308
0.0005805847,0.26751047,0.17643896,0.3196269,0.0402899,0.03405832,0.11373254,0.028986434,0.004558166,0.0020373743,0.011717792,0.00046247302
0.0024056346,0.0024884588,0.00829321,0.065704,0.050772566,0.18329161,0.18179196,0.43488237,0.0054455823,0.0037780658,0.060809743,0.0003367734
0.0018184877,0.002487794,0.010325405,0.033710513,0.39887586,0.36960083,0.027613707,0.029623128,0.055467315,0.064141296,0.0049076094,0.0014281473
0.004074388,0.22939675,0.30079612,0.1761288,0.046904743,0.10983448,0.067074694,0.036094725,0.008191456,0.0056529935,0.011783125,0.004067788
0.99558926,0.00285311,1.6668091e-05,0.0001393263,0.00046947395,0.00028172694,0.00033548896,8.8521585e-05,5.4041404e-05,5.5107063e-05,1.91078e-05,9.814943e-05
0.0017789811,0.0042385655,0.0046548494,0.2101835,0.018530672,0.034431875,0.049240496,0.02132926,0.009136696,0.003768147,0.64223415,0.00047271984
0.00078355114,0.021080578,0.033243656,0.67717934,0.0833284,0.11769688,0.013544496,0.002099474,0.0049828393,0.02818914,0.01645718,0.0014145166
0.947651,0.010596576,0.0016949194,0.0030653349,0.008466734,0.010972096,0.0032141197,0.0011375755,0.005886532,0.0024633408,0.0013209138,0.0035306513
0.00022666276,0.00020653149,0.0004352392,0.0009361912,0.08348438,0.5699859,0.01919288,0.314874,0.006394025,0.0040038833,9.847702e-05,0.00016176442
0.00040568985,0.0054742903,0.0068415976,0.008107647,0.17640793,0.7438162,0.029820183,0.01914616,0.0065431516,0.0005902342,0.0026176672,0.0002292741
0.003250254,0.0032233184,0.012158733,0.026342444,0.1189054,0.023808075,0.017567012,0.007584504,0.010557531,0.75879186,0.007610366,0.010200557
0.00017107803,0.4976837,0.22971739,0.14363767,0.010242492,0.057590388,0.009286246,0.0014372136,0.0004269595,0.00030659253,0.049203,0.0002973123
0.0003951577,0.60998553,0.25257388,0.0753696,0.01370469,0.02593806,0.015967617,0.0014569637,0.0005555944,0.00070391863,0.002344323,0.0010046526
0.019423336,0.03481524,0.09065217,0.04589918,0.22175759,0.08080109,0.1519668,0.12756981,0.14105731,0.028554266,0.02058758,0.036915626
0.00012964997,0.66723716,0.18497777,0.10357602,0.012549287,0.017920928,0.010498039,0.00080393784,0.000288842,0.00051953946,0.0012566167,0.00024220477
0.00021565825,0.29017904,0.39690945,0.1676387,0.053673055,0.06917798,0.015009378,0.00018972617,0.0005019238,0.00049993955,0.004593524,0.0014116346
0.004975902,0.008904441,0.009973097,0.4651539,0.15032972,0.096681006,0.07244238,0.13686576,0.020484816,0.018733144,0.013376108,0.0020797474
0.00014267057,1.617449e-05,3.8338414e-05,0.00012668222,0.043831058,0.016813548,0.027252538,0.9093203,0.0019845201,0.00034465798,7.4400305e-05,5.51347e-05
0.0036468029,0.069489755,0.32818034,0.2664849,0.07064346,0.025535852,0.02846026,0.008744696,0.009855175,0.16891347,0.008031111,0.0120141925
0.01286072,0.028277056,0.04773703,0.06643793,0.26127726,0.119902216,0.08763372,0.08291539,0.22703952,0.017727908,0.04125655,0.0069347424
0.99696475,0.0007422964,9.224351e-06,8.961125e-05,0.00040300417,0.0011572534,0.00038362,3.4949087e-05,5.7435158e-05,3.404264e-05,3.8915754e-05,8.4930136e-05
0.0023708805,0.0091960635,0.00888406,0.09805713,0.36714178,0.16698416,0.252345,0.045001086,0.009353054,0.0038923805,0.036481198,0.00029324682
0.0010303715,0.23425543,0.283187,0.17868008,0.079450674,0.0506553,0.12438756,0.030028494,0.008805394,0.0030586962,0.0058034044,0.0006576468
0.0013047128,0.44608262,0.12305349,0.10217036,0.13524935,0.06143853,0.11050637,0.010426734,0.0058951005,0.0010612799,0.002093829,0.0007176776
0.99532926,0.0030836905,1.7168011e-05,0.000140339,0.00047064896,0.00030675172,0.0003586876,8.0163416e-05,5.190449e-05,4.8889993e-05,2.1800062e-05,9.074926e-05
0.005828754,0.30129656,0.33818123,0.10966266,0.043946933,0.05695367,0.06123812,0.034776982,0.015710104,0.007840982,0.01667458,0.007889426
0.001958293,0.30306524,0.22067986,0.17624961,0.066644385,0.1417966,0.046057288,0.010300777,0.006862105,0.0021288383,0.02195459,0.0023024497
0.013583803,0.01199108,0.018069448,0.11555541,0.13403928,0.11142835,0.1482864,0.32542318,0.026678706,0.021570148,0.061743803,0.011630364
0.0070234993,0.01192103,0.022371072,0.04261183,0.13766828,0.2073077,0.06420719,0.016090272,0.024627257,0.088305905,0.36106595,0.016800009
0.0010108942,0.0021026293,0.0066708336,0.025900943,0.17855296,0.46657792,0.20151585,0.0032373136,0.06405954,0.007569848,0.04239413,0.00040709545
0.0023176507,0.052081745,0.3026391,0.34436998,0.087779865,0.07751061,0.036823444,0.0037608386,0.065403946,0.017774282,0.007371006,0.0021675667
0.0019730073,0.39769012,0.2409628,0.13091007,0.03316624,0.10170728,0.059029683,0.010523242,0.010505543,0.0035154177,0.007662878,0.0023537339
0.0009778907,0.0023263309,0.0053492906,0.018938271,0.2793817,0.121955946,0.493091,0.033413935,0.012396152,0.013739903,0.018084193,0.00034543744
0.00020513518,0.00024288411,0.0013140822,0.012153142,0.17693138,0.5609911,0.09088663,0.00070927315,0.1454956,0.0040784273,0.0069414144,5.0971274e-05
0.00033207756,0.010670807,0.019698225,0.5232294,0.09266936,0.2790375,0.018336633,0.0012058504,0.0045667705,0.0043943464,0.045523487,0.00033548288
0.006698021,0.30039138,0.24795198,0.16606438,0.046477627,0.08662966,0.06746328,0.045101475,0.012087629,0.0047075325,0.008586082,0.007840924
0.00037125932,0.77735627,0.09217501,0.06021726,0.013307872,0.008966275,0.035502013,0.0070017898,0.00040268467,0.0005577681,0.0035291668,0.00061260274
0.0012959961,0.026018512,0.006539626,0.04591557,0.22058319,0.6227406,0.021875445,0.0013859064,0.015600296,0.018408515,0.017682368,0.0019539439
0.0020854617,0.0026911702,0.0034939505,0.028394092,0.33908126,0.17187455,0.32730043,0.080923066,0.018349072,0.00390266,0.021635333,0.00026897155
0.009903761,0.047652524,0.067456834,0.08416736,0.047189802,0.0512824,0.1084367,0.5551455,0.016897177,0.0030332871,0.0053693308,0.0034652972
