Running Mode: Nested CV with Hyperparameter Optimization
Arguements: Namespace(batch_size=128, bin_alt=None, cat_dims=[2], cat_idx=[0], config='config/mercedes_benz.yml', data_parallel=False, dataset='Mercedes_Benz', direction='minimize', dropna_idx=[0], early_stopping_rounds=20, epochs=100, frequency_reg=False, gpu_ids=[0, 1], logging_period=100, miss_cat_idx=None, miss_num_idx=None, model_name='XGBoost', n_trials=5, nominal_idx=[1, 2, 3, 4, 5, 6, 7, 8], num_bins=10, num_classes=1, num_features=377, num_idx=None, num_splits=5, objective='probabilistic_regression', one_hot_encode=True, optimize_hyperparameters=True, ordinal_encode=False, ordinal_idx=None, outer_splits=2, save_results=False, scale=True, seed=221, shuffle=True, target_encode=False, use_gpu=True, val_batch_size=256, weighted_loss=False, y_distribution='bimodial')
--- Running Nested Cross-Validation with Hyperparameter Optimization ---
Loading dataset Mercedes_Benz...
Dataset loaded! 

(4209, 376)
--- Starting Nested Cross-Validation (2 Outer Folds, 5 Inner Folds) ---
Hyperparameter Optimization per Outer Fold: True

--- Outer Fold 1/2 ---
Starting Hyperparameter Optimization for Outer Fold 1...
  outer_1_inner Fold 1/5
Before Debugging -- Inner Fold 1
DEBUG Inner Fold 1: num_features: 376
DEBUG Inner Fold 1: num_classes: 1
DEBUG Inner Fold 1: cat_idx: [0]
DEBUG Inner Fold 1: nominal_idx: [0, 1, 2, 3, 4, 5, 6, 7]
DEBUG Inner Fold 1: ordinal_idx: None
DEBUG Inner Fold 1: num_idx: None
DEBUG Inner Fold 1: cat_dims: [2]
DEBUG Inner Fold 1: bin_alt: None
~~~~~~~~~~~~~~~~~~~~~~~~~~~~~~~~~~~~~~~~~~~~~~~~~~~~~~~~~~~~~~~~~~~~~~~~~~~~~~~
BEFORE ANY ENCODING
num_features :376
num_classes : 1
cat_idx : [0]
nominal_idx : [0, 1, 2, 3, 4, 5, 6, 7]
ordinal_idx : None
args.num_idx : None
cat_dims : [2]
bin_alt : None 


X_train shape : (1346, 376)
~~~~~~~~~~~~~~~~~~~~~~~~~~~~~~~~~~~~~~~~~~~~~~~~~~~~~~~~~~~~~~~~~~~~~~~~~~~~~~~
~~~~~~~~~~~~~~~~~~~~~~~~~~~~~~~~~~~~~~~~~~~~~~~~~~~~~~~~~~~~~~~~~~~~~~~~~~~~~~~
AFTER getting cat idx
Nominal Index : [0, 1, 2, 3, 4, 5, 6, 7]
Ordinal Index : None
Cat Idx : [0]
Cat dims : [2]
~~~~~~~~~~~~~~~~~~~~~~~~~~~~~~~~~~~~~~~~~~~~~~~~~~~~~~~~~~~~~~~~~~~~~~~~~~~~~~~
BEFORE getting cat idx
Nominal Index : [0, 1, 2, 3, 4, 5, 6, 7]
Ordinal Index : None
Cat Idx : [0, 1, 2, 3, 4, 5, 6, 7]
Cat dims : []
No one Hot for this Baby!!! 

ERROR during preprocessing in inner fold 1: y contains previously unseen labels: 'c'
Skipping inner fold 1 due to preprocessing error.
  outer_1_inner Fold 2/5
Before Debugging -- Inner Fold 2
DEBUG Inner Fold 2: num_features: 376
DEBUG Inner Fold 2: num_classes: 1
DEBUG Inner Fold 2: cat_idx: [0]
DEBUG Inner Fold 2: nominal_idx: [0, 1, 2, 3, 4, 5, 6, 7]
DEBUG Inner Fold 2: ordinal_idx: None
DEBUG Inner Fold 2: num_idx: None
DEBUG Inner Fold 2: cat_dims: [2]
DEBUG Inner Fold 2: bin_alt: None
~~~~~~~~~~~~~~~~~~~~~~~~~~~~~~~~~~~~~~~~~~~~~~~~~~~~~~~~~~~~~~~~~~~~~~~~~~~~~~~
BEFORE ANY ENCODING
num_features :376
num_classes : 1
cat_idx : [0]
nominal_idx : [0, 1, 2, 3, 4, 5, 6, 7]
ordinal_idx : None
args.num_idx : None
cat_dims : [2]
bin_alt : None 


X_train shape : (1346, 376)
~~~~~~~~~~~~~~~~~~~~~~~~~~~~~~~~~~~~~~~~~~~~~~~~~~~~~~~~~~~~~~~~~~~~~~~~~~~~~~~
~~~~~~~~~~~~~~~~~~~~~~~~~~~~~~~~~~~~~~~~~~~~~~~~~~~~~~~~~~~~~~~~~~~~~~~~~~~~~~~
AFTER getting cat idx
Nominal Index : [0, 1, 2, 3, 4, 5, 6, 7]
Ordinal Index : None
Cat Idx : [0]
Cat dims : [2]
~~~~~~~~~~~~~~~~~~~~~~~~~~~~~~~~~~~~~~~~~~~~~~~~~~~~~~~~~~~~~~~~~~~~~~~~~~~~~~~
BEFORE getting cat idx
Nominal Index : [0, 1, 2, 3, 4, 5, 6, 7]
Ordinal Index : None
Cat Idx : [0, 1, 2, 3, 4, 5, 6, 7]
Cat dims : []
No one Hot for this Baby!!! 

ERROR during preprocessing in inner fold 2: y contains previously unseen labels: 'ab'
Skipping inner fold 2 due to preprocessing error.
  outer_1_inner Fold 3/5
Before Debugging -- Inner Fold 3
DEBUG Inner Fold 3: num_features: 376
DEBUG Inner Fold 3: num_classes: 1
DEBUG Inner Fold 3: cat_idx: [0]
DEBUG Inner Fold 3: nominal_idx: [0, 1, 2, 3, 4, 5, 6, 7]
DEBUG Inner Fold 3: ordinal_idx: None
DEBUG Inner Fold 3: num_idx: None
DEBUG Inner Fold 3: cat_dims: [2]
DEBUG Inner Fold 3: bin_alt: None
~~~~~~~~~~~~~~~~~~~~~~~~~~~~~~~~~~~~~~~~~~~~~~~~~~~~~~~~~~~~~~~~~~~~~~~~~~~~~~~
BEFORE ANY ENCODING
num_features :376
num_classes : 1
cat_idx : [0]
nominal_idx : [0, 1, 2, 3, 4, 5, 6, 7]
ordinal_idx : None
args.num_idx : None
cat_dims : [2]
bin_alt : None 


X_train shape : (1346, 376)
~~~~~~~~~~~~~~~~~~~~~~~~~~~~~~~~~~~~~~~~~~~~~~~~~~~~~~~~~~~~~~~~~~~~~~~~~~~~~~~
~~~~~~~~~~~~~~~~~~~~~~~~~~~~~~~~~~~~~~~~~~~~~~~~~~~~~~~~~~~~~~~~~~~~~~~~~~~~~~~
AFTER getting cat idx
Nominal Index : [0, 1, 2, 3, 4, 5, 6, 7]
Ordinal Index : None
Cat Idx : [0]
Cat dims : [2]
~~~~~~~~~~~~~~~~~~~~~~~~~~~~~~~~~~~~~~~~~~~~~~~~~~~~~~~~~~~~~~~~~~~~~~~~~~~~~~~
BEFORE getting cat idx
Nominal Index : [0, 1, 2, 3, 4, 5, 6, 7]
Ordinal Index : None
Cat Idx : [0, 1, 2, 3, 4, 5, 6, 7]
Cat dims : []
No one Hot for this Baby!!! 

ERROR during preprocessing in inner fold 3: y contains previously unseen labels: 'aa'
Skipping inner fold 3 due to preprocessing error.
  outer_1_inner Fold 4/5
Before Debugging -- Inner Fold 4
DEBUG Inner Fold 4: num_features: 376
DEBUG Inner Fold 4: num_classes: 1
DEBUG Inner Fold 4: cat_idx: [0]
DEBUG Inner Fold 4: nominal_idx: [0, 1, 2, 3, 4, 5, 6, 7]
DEBUG Inner Fold 4: ordinal_idx: None
DEBUG Inner Fold 4: num_idx: None
DEBUG Inner Fold 4: cat_dims: [2]
DEBUG Inner Fold 4: bin_alt: None
~~~~~~~~~~~~~~~~~~~~~~~~~~~~~~~~~~~~~~~~~~~~~~~~~~~~~~~~~~~~~~~~~~~~~~~~~~~~~~~
BEFORE ANY ENCODING
num_features :376
num_classes : 1
cat_idx : [0]
nominal_idx : [0, 1, 2, 3, 4, 5, 6, 7]
ordinal_idx : None
args.num_idx : None
cat_dims : [2]
bin_alt : None 


X_train shape : (1347, 376)
~~~~~~~~~~~~~~~~~~~~~~~~~~~~~~~~~~~~~~~~~~~~~~~~~~~~~~~~~~~~~~~~~~~~~~~~~~~~~~~
~~~~~~~~~~~~~~~~~~~~~~~~~~~~~~~~~~~~~~~~~~~~~~~~~~~~~~~~~~~~~~~~~~~~~~~~~~~~~~~
AFTER getting cat idx
Nominal Index : [0, 1, 2, 3, 4, 5, 6, 7]
Ordinal Index : None
Cat Idx : [0]
Cat dims : [2]
~~~~~~~~~~~~~~~~~~~~~~~~~~~~~~~~~~~~~~~~~~~~~~~~~~~~~~~~~~~~~~~~~~~~~~~~~~~~~~~
BEFORE getting cat idx
Nominal Index : [0, 1, 2, 3, 4, 5, 6, 7]
Ordinal Index : None
Cat Idx : [0, 1, 2, 3, 4, 5, 6, 7]
Cat dims : []
No one Hot for this Baby!!! 

ERROR during preprocessing in inner fold 4: y contains previously unseen labels: 'd'
Skipping inner fold 4 due to preprocessing error.
  outer_1_inner Fold 5/5
Before Debugging -- Inner Fold 5
DEBUG Inner Fold 5: num_features: 376
DEBUG Inner Fold 5: num_classes: 1
DEBUG Inner Fold 5: cat_idx: [0]
DEBUG Inner Fold 5: nominal_idx: [0, 1, 2, 3, 4, 5, 6, 7]
DEBUG Inner Fold 5: ordinal_idx: None
DEBUG Inner Fold 5: num_idx: None
DEBUG Inner Fold 5: cat_dims: [2]
DEBUG Inner Fold 5: bin_alt: None
~~~~~~~~~~~~~~~~~~~~~~~~~~~~~~~~~~~~~~~~~~~~~~~~~~~~~~~~~~~~~~~~~~~~~~~~~~~~~~~
BEFORE ANY ENCODING
num_features :376
num_classes : 1
cat_idx : [0]
nominal_idx : [0, 1, 2, 3, 4, 5, 6, 7]
ordinal_idx : None
args.num_idx : None
cat_dims : [2]
bin_alt : None 


X_train shape : (1347, 376)
~~~~~~~~~~~~~~~~~~~~~~~~~~~~~~~~~~~~~~~~~~~~~~~~~~~~~~~~~~~~~~~~~~~~~~~~~~~~~~~
~~~~~~~~~~~~~~~~~~~~~~~~~~~~~~~~~~~~~~~~~~~~~~~~~~~~~~~~~~~~~~~~~~~~~~~~~~~~~~~
AFTER getting cat idx
Nominal Index : [0, 1, 2, 3, 4, 5, 6, 7]
Ordinal Index : None
Cat Idx : [0]
Cat dims : [2]
~~~~~~~~~~~~~~~~~~~~~~~~~~~~~~~~~~~~~~~~~~~~~~~~~~~~~~~~~~~~~~~~~~~~~~~~~~~~~~~
BEFORE getting cat idx
Nominal Index : [0, 1, 2, 3, 4, 5, 6, 7]
Ordinal Index : None
Cat Idx : [0, 1, 2, 3, 4, 5, 6, 7]
Cat dims : []
No one Hot for this Baby!!! 

ERROR during preprocessing in inner fold 5: y contains previously unseen labels: 'q'
Skipping inner fold 5 due to preprocessing error.
Warning: No inner folds completed successfully for HPO trial.
ERROR saving hyperparameters to file coz inner_cs issues: 'float' object has no attribute 'get_results'
  outer_1_inner Fold 1/5
Before Debugging -- Inner Fold 1
DEBUG Inner Fold 1: num_features: 376
DEBUG Inner Fold 1: num_classes: 1
DEBUG Inner Fold 1: cat_idx: [0]
DEBUG Inner Fold 1: nominal_idx: [0, 1, 2, 3, 4, 5, 6, 7]
DEBUG Inner Fold 1: ordinal_idx: None
DEBUG Inner Fold 1: num_idx: None
DEBUG Inner Fold 1: cat_dims: [2]
DEBUG Inner Fold 1: bin_alt: None
~~~~~~~~~~~~~~~~~~~~~~~~~~~~~~~~~~~~~~~~~~~~~~~~~~~~~~~~~~~~~~~~~~~~~~~~~~~~~~~
BEFORE ANY ENCODING
num_features :376
num_classes : 1
cat_idx : [0]
nominal_idx : [0, 1, 2, 3, 4, 5, 6, 7]
ordinal_idx : None
args.num_idx : None
cat_dims : [2]
bin_alt : None 


X_train shape : (1346, 376)
~~~~~~~~~~~~~~~~~~~~~~~~~~~~~~~~~~~~~~~~~~~~~~~~~~~~~~~~~~~~~~~~~~~~~~~~~~~~~~~
~~~~~~~~~~~~~~~~~~~~~~~~~~~~~~~~~~~~~~~~~~~~~~~~~~~~~~~~~~~~~~~~~~~~~~~~~~~~~~~
AFTER getting cat idx
Nominal Index : [0, 1, 2, 3, 4, 5, 6, 7]
Ordinal Index : None
Cat Idx : [0]
Cat dims : [2]
~~~~~~~~~~~~~~~~~~~~~~~~~~~~~~~~~~~~~~~~~~~~~~~~~~~~~~~~~~~~~~~~~~~~~~~~~~~~~~~
BEFORE getting cat idx
Nominal Index : [0, 1, 2, 3, 4, 5, 6, 7]
Ordinal Index : None
Cat Idx : [0, 1, 2, 3, 4, 5, 6, 7]
Cat dims : []
No one Hot for this Baby!!! 

ERROR during preprocessing in inner fold 1: y contains previously unseen labels: 'c'
Skipping inner fold 1 due to preprocessing error.
  outer_1_inner Fold 2/5
Before Debugging -- Inner Fold 2
DEBUG Inner Fold 2: num_features: 376
DEBUG Inner Fold 2: num_classes: 1
DEBUG Inner Fold 2: cat_idx: [0]
DEBUG Inner Fold 2: nominal_idx: [0, 1, 2, 3, 4, 5, 6, 7]
DEBUG Inner Fold 2: ordinal_idx: None
DEBUG Inner Fold 2: num_idx: None
DEBUG Inner Fold 2: cat_dims: [2]
DEBUG Inner Fold 2: bin_alt: None
~~~~~~~~~~~~~~~~~~~~~~~~~~~~~~~~~~~~~~~~~~~~~~~~~~~~~~~~~~~~~~~~~~~~~~~~~~~~~~~
BEFORE ANY ENCODING
num_features :376
num_classes : 1
cat_idx : [0]
nominal_idx : [0, 1, 2, 3, 4, 5, 6, 7]
ordinal_idx : None
args.num_idx : None
cat_dims : [2]
bin_alt : None 


X_train shape : (1346, 376)
~~~~~~~~~~~~~~~~~~~~~~~~~~~~~~~~~~~~~~~~~~~~~~~~~~~~~~~~~~~~~~~~~~~~~~~~~~~~~~~
~~~~~~~~~~~~~~~~~~~~~~~~~~~~~~~~~~~~~~~~~~~~~~~~~~~~~~~~~~~~~~~~~~~~~~~~~~~~~~~
AFTER getting cat idx
Nominal Index : [0, 1, 2, 3, 4, 5, 6, 7]
Ordinal Index : None
Cat Idx : [0]
Cat dims : [2]
~~~~~~~~~~~~~~~~~~~~~~~~~~~~~~~~~~~~~~~~~~~~~~~~~~~~~~~~~~~~~~~~~~~~~~~~~~~~~~~
BEFORE getting cat idx
Nominal Index : [0, 1, 2, 3, 4, 5, 6, 7]
Ordinal Index : None
Cat Idx : [0, 1, 2, 3, 4, 5, 6, 7]
Cat dims : []
No one Hot for this Baby!!! 

ERROR during preprocessing in inner fold 2: y contains previously unseen labels: 'ab'
Skipping inner fold 2 due to preprocessing error.
  outer_1_inner Fold 3/5
Before Debugging -- Inner Fold 3
DEBUG Inner Fold 3: num_features: 376
DEBUG Inner Fold 3: num_classes: 1
DEBUG Inner Fold 3: cat_idx: [0]
DEBUG Inner Fold 3: nominal_idx: [0, 1, 2, 3, 4, 5, 6, 7]
DEBUG Inner Fold 3: ordinal_idx: None
DEBUG Inner Fold 3: num_idx: None
DEBUG Inner Fold 3: cat_dims: [2]
DEBUG Inner Fold 3: bin_alt: None
~~~~~~~~~~~~~~~~~~~~~~~~~~~~~~~~~~~~~~~~~~~~~~~~~~~~~~~~~~~~~~~~~~~~~~~~~~~~~~~
BEFORE ANY ENCODING
num_features :376
num_classes : 1
cat_idx : [0]
nominal_idx : [0, 1, 2, 3, 4, 5, 6, 7]
ordinal_idx : None
args.num_idx : None
cat_dims : [2]
bin_alt : None 


X_train shape : (1346, 376)
~~~~~~~~~~~~~~~~~~~~~~~~~~~~~~~~~~~~~~~~~~~~~~~~~~~~~~~~~~~~~~~~~~~~~~~~~~~~~~~
~~~~~~~~~~~~~~~~~~~~~~~~~~~~~~~~~~~~~~~~~~~~~~~~~~~~~~~~~~~~~~~~~~~~~~~~~~~~~~~
AFTER getting cat idx
Nominal Index : [0, 1, 2, 3, 4, 5, 6, 7]
Ordinal Index : None
Cat Idx : [0]
Cat dims : [2]
~~~~~~~~~~~~~~~~~~~~~~~~~~~~~~~~~~~~~~~~~~~~~~~~~~~~~~~~~~~~~~~~~~~~~~~~~~~~~~~
BEFORE getting cat idx
Nominal Index : [0, 1, 2, 3, 4, 5, 6, 7]
Ordinal Index : None
Cat Idx : [0, 1, 2, 3, 4, 5, 6, 7]
Cat dims : []
No one Hot for this Baby!!! 

ERROR during preprocessing in inner fold 3: y contains previously unseen labels: 'aa'
Skipping inner fold 3 due to preprocessing error.
  outer_1_inner Fold 4/5
Before Debugging -- Inner Fold 4
DEBUG Inner Fold 4: num_features: 376
DEBUG Inner Fold 4: num_classes: 1
DEBUG Inner Fold 4: cat_idx: [0]
DEBUG Inner Fold 4: nominal_idx: [0, 1, 2, 3, 4, 5, 6, 7]
DEBUG Inner Fold 4: ordinal_idx: None
DEBUG Inner Fold 4: num_idx: None
DEBUG Inner Fold 4: cat_dims: [2]
DEBUG Inner Fold 4: bin_alt: None
~~~~~~~~~~~~~~~~~~~~~~~~~~~~~~~~~~~~~~~~~~~~~~~~~~~~~~~~~~~~~~~~~~~~~~~~~~~~~~~
BEFORE ANY ENCODING
num_features :376
num_classes : 1
cat_idx : [0]
nominal_idx : [0, 1, 2, 3, 4, 5, 6, 7]
ordinal_idx : None
args.num_idx : None
cat_dims : [2]
bin_alt : None 


X_train shape : (1347, 376)
~~~~~~~~~~~~~~~~~~~~~~~~~~~~~~~~~~~~~~~~~~~~~~~~~~~~~~~~~~~~~~~~~~~~~~~~~~~~~~~
~~~~~~~~~~~~~~~~~~~~~~~~~~~~~~~~~~~~~~~~~~~~~~~~~~~~~~~~~~~~~~~~~~~~~~~~~~~~~~~
AFTER getting cat idx
Nominal Index : [0, 1, 2, 3, 4, 5, 6, 7]
Ordinal Index : None
Cat Idx : [0]
Cat dims : [2]
~~~~~~~~~~~~~~~~~~~~~~~~~~~~~~~~~~~~~~~~~~~~~~~~~~~~~~~~~~~~~~~~~~~~~~~~~~~~~~~
BEFORE getting cat idx
Nominal Index : [0, 1, 2, 3, 4, 5, 6, 7]
Ordinal Index : None
Cat Idx : [0, 1, 2, 3, 4, 5, 6, 7]
Cat dims : []
No one Hot for this Baby!!! 

ERROR during preprocessing in inner fold 4: y contains previously unseen labels: 'd'
Skipping inner fold 4 due to preprocessing error.
  outer_1_inner Fold 5/5
Before Debugging -- Inner Fold 5
DEBUG Inner Fold 5: num_features: 376
DEBUG Inner Fold 5: num_classes: 1
DEBUG Inner Fold 5: cat_idx: [0]
DEBUG Inner Fold 5: nominal_idx: [0, 1, 2, 3, 4, 5, 6, 7]
DEBUG Inner Fold 5: ordinal_idx: None
DEBUG Inner Fold 5: num_idx: None
DEBUG Inner Fold 5: cat_dims: [2]
DEBUG Inner Fold 5: bin_alt: None
~~~~~~~~~~~~~~~~~~~~~~~~~~~~~~~~~~~~~~~~~~~~~~~~~~~~~~~~~~~~~~~~~~~~~~~~~~~~~~~
BEFORE ANY ENCODING
num_features :376
num_classes : 1
cat_idx : [0]
nominal_idx : [0, 1, 2, 3, 4, 5, 6, 7]
ordinal_idx : None
args.num_idx : None
cat_dims : [2]
bin_alt : None 


X_train shape : (1347, 376)
~~~~~~~~~~~~~~~~~~~~~~~~~~~~~~~~~~~~~~~~~~~~~~~~~~~~~~~~~~~~~~~~~~~~~~~~~~~~~~~
~~~~~~~~~~~~~~~~~~~~~~~~~~~~~~~~~~~~~~~~~~~~~~~~~~~~~~~~~~~~~~~~~~~~~~~~~~~~~~~
AFTER getting cat idx
Nominal Index : [0, 1, 2, 3, 4, 5, 6, 7]
Ordinal Index : None
Cat Idx : [0]
Cat dims : [2]
~~~~~~~~~~~~~~~~~~~~~~~~~~~~~~~~~~~~~~~~~~~~~~~~~~~~~~~~~~~~~~~~~~~~~~~~~~~~~~~
BEFORE getting cat idx
Nominal Index : [0, 1, 2, 3, 4, 5, 6, 7]
Ordinal Index : None
Cat Idx : [0, 1, 2, 3, 4, 5, 6, 7]
Cat dims : []
No one Hot for this Baby!!! 

ERROR during preprocessing in inner fold 5: y contains previously unseen labels: 'q'
Skipping inner fold 5 due to preprocessing error.
Warning: No inner folds completed successfully for HPO trial.
ERROR saving hyperparameters to file coz inner_cs issues: 'float' object has no attribute 'get_results'
  outer_1_inner Fold 1/5
Before Debugging -- Inner Fold 1
DEBUG Inner Fold 1: num_features: 376
DEBUG Inner Fold 1: num_classes: 1
DEBUG Inner Fold 1: cat_idx: [0]
DEBUG Inner Fold 1: nominal_idx: [0, 1, 2, 3, 4, 5, 6, 7]
DEBUG Inner Fold 1: ordinal_idx: None
DEBUG Inner Fold 1: num_idx: None
DEBUG Inner Fold 1: cat_dims: [2]
DEBUG Inner Fold 1: bin_alt: None
~~~~~~~~~~~~~~~~~~~~~~~~~~~~~~~~~~~~~~~~~~~~~~~~~~~~~~~~~~~~~~~~~~~~~~~~~~~~~~~
BEFORE ANY ENCODING
num_features :376
num_classes : 1
cat_idx : [0]
nominal_idx : [0, 1, 2, 3, 4, 5, 6, 7]
ordinal_idx : None
args.num_idx : None
cat_dims : [2]
bin_alt : None 


X_train shape : (1346, 376)
~~~~~~~~~~~~~~~~~~~~~~~~~~~~~~~~~~~~~~~~~~~~~~~~~~~~~~~~~~~~~~~~~~~~~~~~~~~~~~~
~~~~~~~~~~~~~~~~~~~~~~~~~~~~~~~~~~~~~~~~~~~~~~~~~~~~~~~~~~~~~~~~~~~~~~~~~~~~~~~
AFTER getting cat idx
Nominal Index : [0, 1, 2, 3, 4, 5, 6, 7]
Ordinal Index : None
Cat Idx : [0]
Cat dims : [2]
~~~~~~~~~~~~~~~~~~~~~~~~~~~~~~~~~~~~~~~~~~~~~~~~~~~~~~~~~~~~~~~~~~~~~~~~~~~~~~~
BEFORE getting cat idx
Nominal Index : [0, 1, 2, 3, 4, 5, 6, 7]
Ordinal Index : None
Cat Idx : [0, 1, 2, 3, 4, 5, 6, 7]
Cat dims : []
No one Hot for this Baby!!! 

ERROR during preprocessing in inner fold 1: y contains previously unseen labels: 'c'
Skipping inner fold 1 due to preprocessing error.
  outer_1_inner Fold 2/5
Before Debugging -- Inner Fold 2
DEBUG Inner Fold 2: num_features: 376
DEBUG Inner Fold 2: num_classes: 1
DEBUG Inner Fold 2: cat_idx: [0]
DEBUG Inner Fold 2: nominal_idx: [0, 1, 2, 3, 4, 5, 6, 7]
DEBUG Inner Fold 2: ordinal_idx: None
DEBUG Inner Fold 2: num_idx: None
DEBUG Inner Fold 2: cat_dims: [2]
DEBUG Inner Fold 2: bin_alt: None
~~~~~~~~~~~~~~~~~~~~~~~~~~~~~~~~~~~~~~~~~~~~~~~~~~~~~~~~~~~~~~~~~~~~~~~~~~~~~~~
BEFORE ANY ENCODING
num_features :376
num_classes : 1
cat_idx : [0]
nominal_idx : [0, 1, 2, 3, 4, 5, 6, 7]
ordinal_idx : None
args.num_idx : None
cat_dims : [2]
bin_alt : None 


X_train shape : (1346, 376)
~~~~~~~~~~~~~~~~~~~~~~~~~~~~~~~~~~~~~~~~~~~~~~~~~~~~~~~~~~~~~~~~~~~~~~~~~~~~~~~
~~~~~~~~~~~~~~~~~~~~~~~~~~~~~~~~~~~~~~~~~~~~~~~~~~~~~~~~~~~~~~~~~~~~~~~~~~~~~~~
AFTER getting cat idx
Nominal Index : [0, 1, 2, 3, 4, 5, 6, 7]
Ordinal Index : None
Cat Idx : [0]
Cat dims : [2]
~~~~~~~~~~~~~~~~~~~~~~~~~~~~~~~~~~~~~~~~~~~~~~~~~~~~~~~~~~~~~~~~~~~~~~~~~~~~~~~
BEFORE getting cat idx
Nominal Index : [0, 1, 2, 3, 4, 5, 6, 7]
Ordinal Index : None
Cat Idx : [0, 1, 2, 3, 4, 5, 6, 7]
Cat dims : []
No one Hot for this Baby!!! 

ERROR during preprocessing in inner fold 2: y contains previously unseen labels: 'ab'
Skipping inner fold 2 due to preprocessing error.
  outer_1_inner Fold 3/5
Before Debugging -- Inner Fold 3
DEBUG Inner Fold 3: num_features: 376
DEBUG Inner Fold 3: num_classes: 1
DEBUG Inner Fold 3: cat_idx: [0]
DEBUG Inner Fold 3: nominal_idx: [0, 1, 2, 3, 4, 5, 6, 7]
DEBUG Inner Fold 3: ordinal_idx: None
DEBUG Inner Fold 3: num_idx: None
DEBUG Inner Fold 3: cat_dims: [2]
DEBUG Inner Fold 3: bin_alt: None
~~~~~~~~~~~~~~~~~~~~~~~~~~~~~~~~~~~~~~~~~~~~~~~~~~~~~~~~~~~~~~~~~~~~~~~~~~~~~~~
BEFORE ANY ENCODING
num_features :376
num_classes : 1
cat_idx : [0]
nominal_idx : [0, 1, 2, 3, 4, 5, 6, 7]
ordinal_idx : None
args.num_idx : None
cat_dims : [2]
bin_alt : None 


X_train shape : (1346, 376)
~~~~~~~~~~~~~~~~~~~~~~~~~~~~~~~~~~~~~~~~~~~~~~~~~~~~~~~~~~~~~~~~~~~~~~~~~~~~~~~
~~~~~~~~~~~~~~~~~~~~~~~~~~~~~~~~~~~~~~~~~~~~~~~~~~~~~~~~~~~~~~~~~~~~~~~~~~~~~~~
AFTER getting cat idx
Nominal Index : [0, 1, 2, 3, 4, 5, 6, 7]
Ordinal Index : None
Cat Idx : [0]
Cat dims : [2]
~~~~~~~~~~~~~~~~~~~~~~~~~~~~~~~~~~~~~~~~~~~~~~~~~~~~~~~~~~~~~~~~~~~~~~~~~~~~~~~
BEFORE getting cat idx
Nominal Index : [0, 1, 2, 3, 4, 5, 6, 7]
Ordinal Index : None
Cat Idx : [0, 1, 2, 3, 4, 5, 6, 7]
Cat dims : []
No one Hot for this Baby!!! 

ERROR during preprocessing in inner fold 3: y contains previously unseen labels: 'aa'
Skipping inner fold 3 due to preprocessing error.
  outer_1_inner Fold 4/5
Before Debugging -- Inner Fold 4
DEBUG Inner Fold 4: num_features: 376
DEBUG Inner Fold 4: num_classes: 1
DEBUG Inner Fold 4: cat_idx: [0]
DEBUG Inner Fold 4: nominal_idx: [0, 1, 2, 3, 4, 5, 6, 7]
DEBUG Inner Fold 4: ordinal_idx: None
DEBUG Inner Fold 4: num_idx: None
DEBUG Inner Fold 4: cat_dims: [2]
DEBUG Inner Fold 4: bin_alt: None
~~~~~~~~~~~~~~~~~~~~~~~~~~~~~~~~~~~~~~~~~~~~~~~~~~~~~~~~~~~~~~~~~~~~~~~~~~~~~~~
BEFORE ANY ENCODING
num_features :376
num_classes : 1
cat_idx : [0]
nominal_idx : [0, 1, 2, 3, 4, 5, 6, 7]
ordinal_idx : None
args.num_idx : None
cat_dims : [2]
bin_alt : None 


X_train shape : (1347, 376)
~~~~~~~~~~~~~~~~~~~~~~~~~~~~~~~~~~~~~~~~~~~~~~~~~~~~~~~~~~~~~~~~~~~~~~~~~~~~~~~
~~~~~~~~~~~~~~~~~~~~~~~~~~~~~~~~~~~~~~~~~~~~~~~~~~~~~~~~~~~~~~~~~~~~~~~~~~~~~~~
AFTER getting cat idx
Nominal Index : [0, 1, 2, 3, 4, 5, 6, 7]
Ordinal Index : None
Cat Idx : [0]
Cat dims : [2]
~~~~~~~~~~~~~~~~~~~~~~~~~~~~~~~~~~~~~~~~~~~~~~~~~~~~~~~~~~~~~~~~~~~~~~~~~~~~~~~
BEFORE getting cat idx
Nominal Index : [0, 1, 2, 3, 4, 5, 6, 7]
Ordinal Index : None
Cat Idx : [0, 1, 2, 3, 4, 5, 6, 7]
Cat dims : []
No one Hot for this Baby!!! 

ERROR during preprocessing in inner fold 4: y contains previously unseen labels: 'd'
Skipping inner fold 4 due to preprocessing error.
  outer_1_inner Fold 5/5
Before Debugging -- Inner Fold 5
DEBUG Inner Fold 5: num_features: 376
DEBUG Inner Fold 5: num_classes: 1
DEBUG Inner Fold 5: cat_idx: [0]
DEBUG Inner Fold 5: nominal_idx: [0, 1, 2, 3, 4, 5, 6, 7]
DEBUG Inner Fold 5: ordinal_idx: None
DEBUG Inner Fold 5: num_idx: None
DEBUG Inner Fold 5: cat_dims: [2]
DEBUG Inner Fold 5: bin_alt: None
~~~~~~~~~~~~~~~~~~~~~~~~~~~~~~~~~~~~~~~~~~~~~~~~~~~~~~~~~~~~~~~~~~~~~~~~~~~~~~~
BEFORE ANY ENCODING
num_features :376
num_classes : 1
cat_idx : [0]
nominal_idx : [0, 1, 2, 3, 4, 5, 6, 7]
ordinal_idx : None
args.num_idx : None
cat_dims : [2]
bin_alt : None 


X_train shape : (1347, 376)
~~~~~~~~~~~~~~~~~~~~~~~~~~~~~~~~~~~~~~~~~~~~~~~~~~~~~~~~~~~~~~~~~~~~~~~~~~~~~~~
~~~~~~~~~~~~~~~~~~~~~~~~~~~~~~~~~~~~~~~~~~~~~~~~~~~~~~~~~~~~~~~~~~~~~~~~~~~~~~~
AFTER getting cat idx
Nominal Index : [0, 1, 2, 3, 4, 5, 6, 7]
Ordinal Index : None
Cat Idx : [0]
Cat dims : [2]
~~~~~~~~~~~~~~~~~~~~~~~~~~~~~~~~~~~~~~~~~~~~~~~~~~~~~~~~~~~~~~~~~~~~~~~~~~~~~~~
BEFORE getting cat idx
Nominal Index : [0, 1, 2, 3, 4, 5, 6, 7]
Ordinal Index : None
Cat Idx : [0, 1, 2, 3, 4, 5, 6, 7]
Cat dims : []
No one Hot for this Baby!!! 

ERROR during preprocessing in inner fold 5: y contains previously unseen labels: 'q'
Skipping inner fold 5 due to preprocessing error.
Warning: No inner folds completed successfully for HPO trial.
ERROR saving hyperparameters to file coz inner_cs issues: 'float' object has no attribute 'get_results'
  outer_1_inner Fold 1/5
Before Debugging -- Inner Fold 1
DEBUG Inner Fold 1: num_features: 376
DEBUG Inner Fold 1: num_classes: 1
DEBUG Inner Fold 1: cat_idx: [0]
DEBUG Inner Fold 1: nominal_idx: [0, 1, 2, 3, 4, 5, 6, 7]
DEBUG Inner Fold 1: ordinal_idx: None
DEBUG Inner Fold 1: num_idx: None
DEBUG Inner Fold 1: cat_dims: [2]
DEBUG Inner Fold 1: bin_alt: None
~~~~~~~~~~~~~~~~~~~~~~~~~~~~~~~~~~~~~~~~~~~~~~~~~~~~~~~~~~~~~~~~~~~~~~~~~~~~~~~
BEFORE ANY ENCODING
num_features :376
num_classes : 1
cat_idx : [0]
nominal_idx : [0, 1, 2, 3, 4, 5, 6, 7]
ordinal_idx : None
args.num_idx : None
cat_dims : [2]
bin_alt : None 


X_train shape : (1346, 376)
~~~~~~~~~~~~~~~~~~~~~~~~~~~~~~~~~~~~~~~~~~~~~~~~~~~~~~~~~~~~~~~~~~~~~~~~~~~~~~~
~~~~~~~~~~~~~~~~~~~~~~~~~~~~~~~~~~~~~~~~~~~~~~~~~~~~~~~~~~~~~~~~~~~~~~~~~~~~~~~
AFTER getting cat idx
Nominal Index : [0, 1, 2, 3, 4, 5, 6, 7]
Ordinal Index : None
Cat Idx : [0]
Cat dims : [2]
~~~~~~~~~~~~~~~~~~~~~~~~~~~~~~~~~~~~~~~~~~~~~~~~~~~~~~~~~~~~~~~~~~~~~~~~~~~~~~~
BEFORE getting cat idx
Nominal Index : [0, 1, 2, 3, 4, 5, 6, 7]
Ordinal Index : None
Cat Idx : [0, 1, 2, 3, 4, 5, 6, 7]
Cat dims : []
No one Hot for this Baby!!! 

ERROR during preprocessing in inner fold 1: y contains previously unseen labels: 'c'
Skipping inner fold 1 due to preprocessing error.
  outer_1_inner Fold 2/5
Before Debugging -- Inner Fold 2
DEBUG Inner Fold 2: num_features: 376
DEBUG Inner Fold 2: num_classes: 1
DEBUG Inner Fold 2: cat_idx: [0]
DEBUG Inner Fold 2: nominal_idx: [0, 1, 2, 3, 4, 5, 6, 7]
DEBUG Inner Fold 2: ordinal_idx: None
DEBUG Inner Fold 2: num_idx: None
DEBUG Inner Fold 2: cat_dims: [2]
DEBUG Inner Fold 2: bin_alt: None
~~~~~~~~~~~~~~~~~~~~~~~~~~~~~~~~~~~~~~~~~~~~~~~~~~~~~~~~~~~~~~~~~~~~~~~~~~~~~~~
BEFORE ANY ENCODING
num_features :376
num_classes : 1
cat_idx : [0]
nominal_idx : [0, 1, 2, 3, 4, 5, 6, 7]
ordinal_idx : None
args.num_idx : None
cat_dims : [2]
bin_alt : None 


X_train shape : (1346, 376)
~~~~~~~~~~~~~~~~~~~~~~~~~~~~~~~~~~~~~~~~~~~~~~~~~~~~~~~~~~~~~~~~~~~~~~~~~~~~~~~
~~~~~~~~~~~~~~~~~~~~~~~~~~~~~~~~~~~~~~~~~~~~~~~~~~~~~~~~~~~~~~~~~~~~~~~~~~~~~~~
AFTER getting cat idx
Nominal Index : [0, 1, 2, 3, 4, 5, 6, 7]
Ordinal Index : None
Cat Idx : [0]
Cat dims : [2]
~~~~~~~~~~~~~~~~~~~~~~~~~~~~~~~~~~~~~~~~~~~~~~~~~~~~~~~~~~~~~~~~~~~~~~~~~~~~~~~
BEFORE getting cat idx
Nominal Index : [0, 1, 2, 3, 4, 5, 6, 7]
Ordinal Index : None
Cat Idx : [0, 1, 2, 3, 4, 5, 6, 7]
Cat dims : []
No one Hot for this Baby!!! 

ERROR during preprocessing in inner fold 2: y contains previously unseen labels: 'ab'
Skipping inner fold 2 due to preprocessing error.
  outer_1_inner Fold 3/5
Before Debugging -- Inner Fold 3
DEBUG Inner Fold 3: num_features: 376
DEBUG Inner Fold 3: num_classes: 1
DEBUG Inner Fold 3: cat_idx: [0]
DEBUG Inner Fold 3: nominal_idx: [0, 1, 2, 3, 4, 5, 6, 7]
DEBUG Inner Fold 3: ordinal_idx: None
DEBUG Inner Fold 3: num_idx: None
DEBUG Inner Fold 3: cat_dims: [2]
DEBUG Inner Fold 3: bin_alt: None
~~~~~~~~~~~~~~~~~~~~~~~~~~~~~~~~~~~~~~~~~~~~~~~~~~~~~~~~~~~~~~~~~~~~~~~~~~~~~~~
BEFORE ANY ENCODING
num_features :376
num_classes : 1
cat_idx : [0]
nominal_idx : [0, 1, 2, 3, 4, 5, 6, 7]
ordinal_idx : None
args.num_idx : None
cat_dims : [2]
bin_alt : None 


X_train shape : (1346, 376)
~~~~~~~~~~~~~~~~~~~~~~~~~~~~~~~~~~~~~~~~~~~~~~~~~~~~~~~~~~~~~~~~~~~~~~~~~~~~~~~
~~~~~~~~~~~~~~~~~~~~~~~~~~~~~~~~~~~~~~~~~~~~~~~~~~~~~~~~~~~~~~~~~~~~~~~~~~~~~~~
AFTER getting cat idx
Nominal Index : [0, 1, 2, 3, 4, 5, 6, 7]
Ordinal Index : None
Cat Idx : [0]
Cat dims : [2]
~~~~~~~~~~~~~~~~~~~~~~~~~~~~~~~~~~~~~~~~~~~~~~~~~~~~~~~~~~~~~~~~~~~~~~~~~~~~~~~
BEFORE getting cat idx
Nominal Index : [0, 1, 2, 3, 4, 5, 6, 7]
Ordinal Index : None
Cat Idx : [0, 1, 2, 3, 4, 5, 6, 7]
Cat dims : []
No one Hot for this Baby!!! 

ERROR during preprocessing in inner fold 3: y contains previously unseen labels: 'aa'
Skipping inner fold 3 due to preprocessing error.
  outer_1_inner Fold 4/5
Before Debugging -- Inner Fold 4
DEBUG Inner Fold 4: num_features: 376
DEBUG Inner Fold 4: num_classes: 1
DEBUG Inner Fold 4: cat_idx: [0]
DEBUG Inner Fold 4: nominal_idx: [0, 1, 2, 3, 4, 5, 6, 7]
DEBUG Inner Fold 4: ordinal_idx: None
DEBUG Inner Fold 4: num_idx: None
DEBUG Inner Fold 4: cat_dims: [2]
DEBUG Inner Fold 4: bin_alt: None
~~~~~~~~~~~~~~~~~~~~~~~~~~~~~~~~~~~~~~~~~~~~~~~~~~~~~~~~~~~~~~~~~~~~~~~~~~~~~~~
BEFORE ANY ENCODING
num_features :376
num_classes : 1
cat_idx : [0]
nominal_idx : [0, 1, 2, 3, 4, 5, 6, 7]
ordinal_idx : None
args.num_idx : None
cat_dims : [2]
bin_alt : None 


X_train shape : (1347, 376)
~~~~~~~~~~~~~~~~~~~~~~~~~~~~~~~~~~~~~~~~~~~~~~~~~~~~~~~~~~~~~~~~~~~~~~~~~~~~~~~
~~~~~~~~~~~~~~~~~~~~~~~~~~~~~~~~~~~~~~~~~~~~~~~~~~~~~~~~~~~~~~~~~~~~~~~~~~~~~~~
AFTER getting cat idx
Nominal Index : [0, 1, 2, 3, 4, 5, 6, 7]
Ordinal Index : None
Cat Idx : [0]
Cat dims : [2]
~~~~~~~~~~~~~~~~~~~~~~~~~~~~~~~~~~~~~~~~~~~~~~~~~~~~~~~~~~~~~~~~~~~~~~~~~~~~~~~
BEFORE getting cat idx
Nominal Index : [0, 1, 2, 3, 4, 5, 6, 7]
Ordinal Index : None
Cat Idx : [0, 1, 2, 3, 4, 5, 6, 7]
Cat dims : []
No one Hot for this Baby!!! 

ERROR during preprocessing in inner fold 4: y contains previously unseen labels: 'd'
Skipping inner fold 4 due to preprocessing error.
  outer_1_inner Fold 5/5
Before Debugging -- Inner Fold 5
DEBUG Inner Fold 5: num_features: 376
DEBUG Inner Fold 5: num_classes: 1
DEBUG Inner Fold 5: cat_idx: [0]
DEBUG Inner Fold 5: nominal_idx: [0, 1, 2, 3, 4, 5, 6, 7]
DEBUG Inner Fold 5: ordinal_idx: None
DEBUG Inner Fold 5: num_idx: None
DEBUG Inner Fold 5: cat_dims: [2]
DEBUG Inner Fold 5: bin_alt: None
~~~~~~~~~~~~~~~~~~~~~~~~~~~~~~~~~~~~~~~~~~~~~~~~~~~~~~~~~~~~~~~~~~~~~~~~~~~~~~~
BEFORE ANY ENCODING
num_features :376
num_classes : 1
cat_idx : [0]
nominal_idx : [0, 1, 2, 3, 4, 5, 6, 7]
ordinal_idx : None
args.num_idx : None
cat_dims : [2]
bin_alt : None 


X_train shape : (1347, 376)
~~~~~~~~~~~~~~~~~~~~~~~~~~~~~~~~~~~~~~~~~~~~~~~~~~~~~~~~~~~~~~~~~~~~~~~~~~~~~~~
~~~~~~~~~~~~~~~~~~~~~~~~~~~~~~~~~~~~~~~~~~~~~~~~~~~~~~~~~~~~~~~~~~~~~~~~~~~~~~~
AFTER getting cat idx
Nominal Index : [0, 1, 2, 3, 4, 5, 6, 7]
Ordinal Index : None
Cat Idx : [0]
Cat dims : [2]
~~~~~~~~~~~~~~~~~~~~~~~~~~~~~~~~~~~~~~~~~~~~~~~~~~~~~~~~~~~~~~~~~~~~~~~~~~~~~~~
BEFORE getting cat idx
Nominal Index : [0, 1, 2, 3, 4, 5, 6, 7]
Ordinal Index : None
Cat Idx : [0, 1, 2, 3, 4, 5, 6, 7]
Cat dims : []
No one Hot for this Baby!!! 

ERROR during preprocessing in inner fold 5: y contains previously unseen labels: 'q'
Skipping inner fold 5 due to preprocessing error.
Warning: No inner folds completed successfully for HPO trial.
ERROR saving hyperparameters to file coz inner_cs issues: 'float' object has no attribute 'get_results'
  outer_1_inner Fold 1/5
Before Debugging -- Inner Fold 1
DEBUG Inner Fold 1: num_features: 376
DEBUG Inner Fold 1: num_classes: 1
DEBUG Inner Fold 1: cat_idx: [0]
DEBUG Inner Fold 1: nominal_idx: [0, 1, 2, 3, 4, 5, 6, 7]
DEBUG Inner Fold 1: ordinal_idx: None
DEBUG Inner Fold 1: num_idx: None
DEBUG Inner Fold 1: cat_dims: [2]
DEBUG Inner Fold 1: bin_alt: None
~~~~~~~~~~~~~~~~~~~~~~~~~~~~~~~~~~~~~~~~~~~~~~~~~~~~~~~~~~~~~~~~~~~~~~~~~~~~~~~
BEFORE ANY ENCODING
num_features :376
num_classes : 1
cat_idx : [0]
nominal_idx : [0, 1, 2, 3, 4, 5, 6, 7]
ordinal_idx : None
args.num_idx : None
cat_dims : [2]
bin_alt : None 


X_train shape : (1346, 376)
~~~~~~~~~~~~~~~~~~~~~~~~~~~~~~~~~~~~~~~~~~~~~~~~~~~~~~~~~~~~~~~~~~~~~~~~~~~~~~~
~~~~~~~~~~~~~~~~~~~~~~~~~~~~~~~~~~~~~~~~~~~~~~~~~~~~~~~~~~~~~~~~~~~~~~~~~~~~~~~
AFTER getting cat idx
Nominal Index : [0, 1, 2, 3, 4, 5, 6, 7]
Ordinal Index : None
Cat Idx : [0]
Cat dims : [2]
~~~~~~~~~~~~~~~~~~~~~~~~~~~~~~~~~~~~~~~~~~~~~~~~~~~~~~~~~~~~~~~~~~~~~~~~~~~~~~~
BEFORE getting cat idx
Nominal Index : [0, 1, 2, 3, 4, 5, 6, 7]
Ordinal Index : None
Cat Idx : [0, 1, 2, 3, 4, 5, 6, 7]
Cat dims : []
No one Hot for this Baby!!! 

ERROR during preprocessing in inner fold 1: y contains previously unseen labels: 'c'
Skipping inner fold 1 due to preprocessing error.
  outer_1_inner Fold 2/5
Before Debugging -- Inner Fold 2
DEBUG Inner Fold 2: num_features: 376
DEBUG Inner Fold 2: num_classes: 1
DEBUG Inner Fold 2: cat_idx: [0]
DEBUG Inner Fold 2: nominal_idx: [0, 1, 2, 3, 4, 5, 6, 7]
DEBUG Inner Fold 2: ordinal_idx: None
DEBUG Inner Fold 2: num_idx: None
DEBUG Inner Fold 2: cat_dims: [2]
DEBUG Inner Fold 2: bin_alt: None
~~~~~~~~~~~~~~~~~~~~~~~~~~~~~~~~~~~~~~~~~~~~~~~~~~~~~~~~~~~~~~~~~~~~~~~~~~~~~~~
BEFORE ANY ENCODING
num_features :376
num_classes : 1
cat_idx : [0]
nominal_idx : [0, 1, 2, 3, 4, 5, 6, 7]
ordinal_idx : None
args.num_idx : None
cat_dims : [2]
bin_alt : None 


X_train shape : (1346, 376)
~~~~~~~~~~~~~~~~~~~~~~~~~~~~~~~~~~~~~~~~~~~~~~~~~~~~~~~~~~~~~~~~~~~~~~~~~~~~~~~
~~~~~~~~~~~~~~~~~~~~~~~~~~~~~~~~~~~~~~~~~~~~~~~~~~~~~~~~~~~~~~~~~~~~~~~~~~~~~~~
AFTER getting cat idx
Nominal Index : [0, 1, 2, 3, 4, 5, 6, 7]
Ordinal Index : None
Cat Idx : [0]
Cat dims : [2]
~~~~~~~~~~~~~~~~~~~~~~~~~~~~~~~~~~~~~~~~~~~~~~~~~~~~~~~~~~~~~~~~~~~~~~~~~~~~~~~
BEFORE getting cat idx
Nominal Index : [0, 1, 2, 3, 4, 5, 6, 7]
Ordinal Index : None
Cat Idx : [0, 1, 2, 3, 4, 5, 6, 7]
Cat dims : []
No one Hot for this Baby!!! 

ERROR during preprocessing in inner fold 2: y contains previously unseen labels: 'ab'
Skipping inner fold 2 due to preprocessing error.
  outer_1_inner Fold 3/5
Before Debugging -- Inner Fold 3
DEBUG Inner Fold 3: num_features: 376
DEBUG Inner Fold 3: num_classes: 1
DEBUG Inner Fold 3: cat_idx: [0]
DEBUG Inner Fold 3: nominal_idx: [0, 1, 2, 3, 4, 5, 6, 7]
DEBUG Inner Fold 3: ordinal_idx: None
DEBUG Inner Fold 3: num_idx: None
DEBUG Inner Fold 3: cat_dims: [2]
DEBUG Inner Fold 3: bin_alt: None
~~~~~~~~~~~~~~~~~~~~~~~~~~~~~~~~~~~~~~~~~~~~~~~~~~~~~~~~~~~~~~~~~~~~~~~~~~~~~~~
BEFORE ANY ENCODING
num_features :376
num_classes : 1
cat_idx : [0]
nominal_idx : [0, 1, 2, 3, 4, 5, 6, 7]
ordinal_idx : None
args.num_idx : None
cat_dims : [2]
bin_alt : None 


X_train shape : (1346, 376)
~~~~~~~~~~~~~~~~~~~~~~~~~~~~~~~~~~~~~~~~~~~~~~~~~~~~~~~~~~~~~~~~~~~~~~~~~~~~~~~
~~~~~~~~~~~~~~~~~~~~~~~~~~~~~~~~~~~~~~~~~~~~~~~~~~~~~~~~~~~~~~~~~~~~~~~~~~~~~~~
AFTER getting cat idx
Nominal Index : [0, 1, 2, 3, 4, 5, 6, 7]
Ordinal Index : None
Cat Idx : [0]
Cat dims : [2]
~~~~~~~~~~~~~~~~~~~~~~~~~~~~~~~~~~~~~~~~~~~~~~~~~~~~~~~~~~~~~~~~~~~~~~~~~~~~~~~
BEFORE getting cat idx
Nominal Index : [0, 1, 2, 3, 4, 5, 6, 7]
Ordinal Index : None
Cat Idx : [0, 1, 2, 3, 4, 5, 6, 7]
Cat dims : []
No one Hot for this Baby!!! 

ERROR during preprocessing in inner fold 3: y contains previously unseen labels: 'aa'
Skipping inner fold 3 due to preprocessing error.
  outer_1_inner Fold 4/5
Before Debugging -- Inner Fold 4
DEBUG Inner Fold 4: num_features: 376
DEBUG Inner Fold 4: num_classes: 1
DEBUG Inner Fold 4: cat_idx: [0]
DEBUG Inner Fold 4: nominal_idx: [0, 1, 2, 3, 4, 5, 6, 7]
DEBUG Inner Fold 4: ordinal_idx: None
DEBUG Inner Fold 4: num_idx: None
DEBUG Inner Fold 4: cat_dims: [2]
DEBUG Inner Fold 4: bin_alt: None
~~~~~~~~~~~~~~~~~~~~~~~~~~~~~~~~~~~~~~~~~~~~~~~~~~~~~~~~~~~~~~~~~~~~~~~~~~~~~~~
BEFORE ANY ENCODING
num_features :376
num_classes : 1
cat_idx : [0]
nominal_idx : [0, 1, 2, 3, 4, 5, 6, 7]
ordinal_idx : None
args.num_idx : None
cat_dims : [2]
bin_alt : None 


X_train shape : (1347, 376)
~~~~~~~~~~~~~~~~~~~~~~~~~~~~~~~~~~~~~~~~~~~~~~~~~~~~~~~~~~~~~~~~~~~~~~~~~~~~~~~
~~~~~~~~~~~~~~~~~~~~~~~~~~~~~~~~~~~~~~~~~~~~~~~~~~~~~~~~~~~~~~~~~~~~~~~~~~~~~~~
AFTER getting cat idx
Nominal Index : [0, 1, 2, 3, 4, 5, 6, 7]
Ordinal Index : None
Cat Idx : [0]
Cat dims : [2]
~~~~~~~~~~~~~~~~~~~~~~~~~~~~~~~~~~~~~~~~~~~~~~~~~~~~~~~~~~~~~~~~~~~~~~~~~~~~~~~
BEFORE getting cat idx
Nominal Index : [0, 1, 2, 3, 4, 5, 6, 7]
Ordinal Index : None
Cat Idx : [0, 1, 2, 3, 4, 5, 6, 7]
Cat dims : []
No one Hot for this Baby!!! 

ERROR during preprocessing in inner fold 4: y contains previously unseen labels: 'd'
Skipping inner fold 4 due to preprocessing error.
  outer_1_inner Fold 5/5
Before Debugging -- Inner Fold 5
DEBUG Inner Fold 5: num_features: 376
DEBUG Inner Fold 5: num_classes: 1
DEBUG Inner Fold 5: cat_idx: [0]
DEBUG Inner Fold 5: nominal_idx: [0, 1, 2, 3, 4, 5, 6, 7]
DEBUG Inner Fold 5: ordinal_idx: None
DEBUG Inner Fold 5: num_idx: None
DEBUG Inner Fold 5: cat_dims: [2]
DEBUG Inner Fold 5: bin_alt: None
~~~~~~~~~~~~~~~~~~~~~~~~~~~~~~~~~~~~~~~~~~~~~~~~~~~~~~~~~~~~~~~~~~~~~~~~~~~~~~~
BEFORE ANY ENCODING
num_features :376
num_classes : 1
cat_idx : [0]
nominal_idx : [0, 1, 2, 3, 4, 5, 6, 7]
ordinal_idx : None
args.num_idx : None
cat_dims : [2]
bin_alt : None 


X_train shape : (1347, 376)
~~~~~~~~~~~~~~~~~~~~~~~~~~~~~~~~~~~~~~~~~~~~~~~~~~~~~~~~~~~~~~~~~~~~~~~~~~~~~~~
~~~~~~~~~~~~~~~~~~~~~~~~~~~~~~~~~~~~~~~~~~~~~~~~~~~~~~~~~~~~~~~~~~~~~~~~~~~~~~~
AFTER getting cat idx
Nominal Index : [0, 1, 2, 3, 4, 5, 6, 7]
Ordinal Index : None
Cat Idx : [0]
Cat dims : [2]
~~~~~~~~~~~~~~~~~~~~~~~~~~~~~~~~~~~~~~~~~~~~~~~~~~~~~~~~~~~~~~~~~~~~~~~~~~~~~~~
BEFORE getting cat idx
Nominal Index : [0, 1, 2, 3, 4, 5, 6, 7]
Ordinal Index : None
Cat Idx : [0, 1, 2, 3, 4, 5, 6, 7]
Cat dims : []
No one Hot for this Baby!!! 

ERROR during preprocessing in inner fold 5: y contains previously unseen labels: 'q'
Skipping inner fold 5 due to preprocessing error.
Warning: No inner folds completed successfully for HPO trial.
ERROR saving hyperparameters to file coz inner_cs issues: 'float' object has no attribute 'get_results'
Best Hyperparameters found for Outer Fold 1: {'max_depth': 4, 'alpha': 0.0016221782352462079, 'lambda': 0.0002486207897449771, 'eta': 0.05667919356233059}
Best Inner CV Score : 0.0000
Hyperparameter Optimization for Outer Fold 1 finished in 0.09 seconds.
Before Debugging -- Outer Fold 1
DEBUG Outer Fold 1: num_features: 376
DEBUG Outer Fold 1: num_classes: 1
DEBUG Outer Fold 1: cat_idx: [0]
DEBUG Outer Fold 1: nominal_idx: [0, 1, 2, 3, 4, 5, 6, 7]
DEBUG Outer Fold 1: ordinal_idx: None
DEBUG Outer Fold 1: num_idx: None
DEBUG Outer Fold 1: cat_dims: [2]
DEBUG Outer Fold 1: bin_alt: None
~~~~~~~~~~~~~~~~~~~~~~~~~~~~~~~~~~~~~~~~~~~~~~~~~~~~~~~~~~~~~~~~~~~~~~~~~~~~~~~
BEFORE ANY ENCODING
num_features :376
num_classes : 1
cat_idx : [0]
nominal_idx : [0, 1, 2, 3, 4, 5, 6, 7]
ordinal_idx : None
args.num_idx : None
cat_dims : [2]
bin_alt : None 


X_train shape : (1683, 376)
~~~~~~~~~~~~~~~~~~~~~~~~~~~~~~~~~~~~~~~~~~~~~~~~~~~~~~~~~~~~~~~~~~~~~~~~~~~~~~~
~~~~~~~~~~~~~~~~~~~~~~~~~~~~~~~~~~~~~~~~~~~~~~~~~~~~~~~~~~~~~~~~~~~~~~~~~~~~~~~
AFTER getting cat idx
Nominal Index : [0, 1, 2, 3, 4, 5, 6, 7]
Ordinal Index : None
Cat Idx : [0]
Cat dims : [2]
~~~~~~~~~~~~~~~~~~~~~~~~~~~~~~~~~~~~~~~~~~~~~~~~~~~~~~~~~~~~~~~~~~~~~~~~~~~~~~~
BEFORE getting cat idx
Nominal Index : [0, 1, 2, 3, 4, 5, 6, 7]
Ordinal Index : None
Cat Idx : [0, 1, 2, 3, 4, 5, 6, 7]
Cat dims : []
No one Hot for this Baby!!! 

ERROR during preprocessing for final model training in outer fold 1: y contains previously unseen labels: 'af'
Skipping outer fold 1 due to preprocessing error.

--- Outer Fold 2/2 ---
Starting Hyperparameter Optimization for Outer Fold 2...
  outer_2_inner Fold 1/5
Before Debugging -- Inner Fold 1
DEBUG Inner Fold 1: num_features: 376
DEBUG Inner Fold 1: num_classes: 1
DEBUG Inner Fold 1: cat_idx: [0]
DEBUG Inner Fold 1: nominal_idx: [0, 1, 2, 3, 4, 5, 6, 7]
DEBUG Inner Fold 1: ordinal_idx: None
DEBUG Inner Fold 1: num_idx: None
DEBUG Inner Fold 1: cat_dims: [2]
DEBUG Inner Fold 1: bin_alt: None
~~~~~~~~~~~~~~~~~~~~~~~~~~~~~~~~~~~~~~~~~~~~~~~~~~~~~~~~~~~~~~~~~~~~~~~~~~~~~~~
BEFORE ANY ENCODING
num_features :376
num_classes : 1
cat_idx : [0]
nominal_idx : [0, 1, 2, 3, 4, 5, 6, 7]
ordinal_idx : None
args.num_idx : None
cat_dims : [2]
bin_alt : None 


X_train shape : (1346, 376)
~~~~~~~~~~~~~~~~~~~~~~~~~~~~~~~~~~~~~~~~~~~~~~~~~~~~~~~~~~~~~~~~~~~~~~~~~~~~~~~
~~~~~~~~~~~~~~~~~~~~~~~~~~~~~~~~~~~~~~~~~~~~~~~~~~~~~~~~~~~~~~~~~~~~~~~~~~~~~~~
AFTER getting cat idx
Nominal Index : [0, 1, 2, 3, 4, 5, 6, 7]
Ordinal Index : None
Cat Idx : [0]
Cat dims : [2]
~~~~~~~~~~~~~~~~~~~~~~~~~~~~~~~~~~~~~~~~~~~~~~~~~~~~~~~~~~~~~~~~~~~~~~~~~~~~~~~
BEFORE getting cat idx
Nominal Index : [0, 1, 2, 3, 4, 5, 6, 7]
Ordinal Index : None
Cat Idx : [0, 1, 2, 3, 4, 5, 6, 7]
Cat dims : []
No one Hot for this Baby!!! 

ERROR during preprocessing in inner fold 1: y contains previously unseen labels: 'g'
Skipping inner fold 1 due to preprocessing error.
  outer_2_inner Fold 2/5
Before Debugging -- Inner Fold 2
DEBUG Inner Fold 2: num_features: 376
DEBUG Inner Fold 2: num_classes: 1
DEBUG Inner Fold 2: cat_idx: [0]
DEBUG Inner Fold 2: nominal_idx: [0, 1, 2, 3, 4, 5, 6, 7]
DEBUG Inner Fold 2: ordinal_idx: None
DEBUG Inner Fold 2: num_idx: None
DEBUG Inner Fold 2: cat_dims: [2]
DEBUG Inner Fold 2: bin_alt: None
~~~~~~~~~~~~~~~~~~~~~~~~~~~~~~~~~~~~~~~~~~~~~~~~~~~~~~~~~~~~~~~~~~~~~~~~~~~~~~~
BEFORE ANY ENCODING
num_features :376
num_classes : 1
cat_idx : [0]
nominal_idx : [0, 1, 2, 3, 4, 5, 6, 7]
ordinal_idx : None
args.num_idx : None
cat_dims : [2]
bin_alt : None 


X_train shape : (1346, 376)
~~~~~~~~~~~~~~~~~~~~~~~~~~~~~~~~~~~~~~~~~~~~~~~~~~~~~~~~~~~~~~~~~~~~~~~~~~~~~~~
~~~~~~~~~~~~~~~~~~~~~~~~~~~~~~~~~~~~~~~~~~~~~~~~~~~~~~~~~~~~~~~~~~~~~~~~~~~~~~~
AFTER getting cat idx
Nominal Index : [0, 1, 2, 3, 4, 5, 6, 7]
Ordinal Index : None
Cat Idx : [0]
Cat dims : [2]
~~~~~~~~~~~~~~~~~~~~~~~~~~~~~~~~~~~~~~~~~~~~~~~~~~~~~~~~~~~~~~~~~~~~~~~~~~~~~~~
BEFORE getting cat idx
Nominal Index : [0, 1, 2, 3, 4, 5, 6, 7]
Ordinal Index : None
Cat Idx : [0, 1, 2, 3, 4, 5, 6, 7]
Cat dims : []
No one Hot for this Baby!!! 

ERROR during preprocessing in inner fold 2: y contains previously unseen labels: 'aa'
Skipping inner fold 2 due to preprocessing error.
  outer_2_inner Fold 3/5
Before Debugging -- Inner Fold 3
DEBUG Inner Fold 3: num_features: 376
DEBUG Inner Fold 3: num_classes: 1
DEBUG Inner Fold 3: cat_idx: [0]
DEBUG Inner Fold 3: nominal_idx: [0, 1, 2, 3, 4, 5, 6, 7]
DEBUG Inner Fold 3: ordinal_idx: None
DEBUG Inner Fold 3: num_idx: None
DEBUG Inner Fold 3: cat_dims: [2]
DEBUG Inner Fold 3: bin_alt: None
~~~~~~~~~~~~~~~~~~~~~~~~~~~~~~~~~~~~~~~~~~~~~~~~~~~~~~~~~~~~~~~~~~~~~~~~~~~~~~~
BEFORE ANY ENCODING
num_features :376
num_classes : 1
cat_idx : [0]
nominal_idx : [0, 1, 2, 3, 4, 5, 6, 7]
ordinal_idx : None
args.num_idx : None
cat_dims : [2]
bin_alt : None 


X_train shape : (1346, 376)
~~~~~~~~~~~~~~~~~~~~~~~~~~~~~~~~~~~~~~~~~~~~~~~~~~~~~~~~~~~~~~~~~~~~~~~~~~~~~~~
~~~~~~~~~~~~~~~~~~~~~~~~~~~~~~~~~~~~~~~~~~~~~~~~~~~~~~~~~~~~~~~~~~~~~~~~~~~~~~~
AFTER getting cat idx
Nominal Index : [0, 1, 2, 3, 4, 5, 6, 7]
Ordinal Index : None
Cat Idx : [0]
Cat dims : [2]
~~~~~~~~~~~~~~~~~~~~~~~~~~~~~~~~~~~~~~~~~~~~~~~~~~~~~~~~~~~~~~~~~~~~~~~~~~~~~~~
BEFORE getting cat idx
Nominal Index : [0, 1, 2, 3, 4, 5, 6, 7]
Ordinal Index : None
Cat Idx : [0, 1, 2, 3, 4, 5, 6, 7]
Cat dims : []
No one Hot for this Baby!!! 

ERROR during preprocessing in inner fold 3: y contains previously unseen labels: 'q'
Skipping inner fold 3 due to preprocessing error.
  outer_2_inner Fold 4/5
Before Debugging -- Inner Fold 4
DEBUG Inner Fold 4: num_features: 376
DEBUG Inner Fold 4: num_classes: 1
DEBUG Inner Fold 4: cat_idx: [0]
DEBUG Inner Fold 4: nominal_idx: [0, 1, 2, 3, 4, 5, 6, 7]
DEBUG Inner Fold 4: ordinal_idx: None
DEBUG Inner Fold 4: num_idx: None
DEBUG Inner Fold 4: cat_dims: [2]
DEBUG Inner Fold 4: bin_alt: None
~~~~~~~~~~~~~~~~~~~~~~~~~~~~~~~~~~~~~~~~~~~~~~~~~~~~~~~~~~~~~~~~~~~~~~~~~~~~~~~
BEFORE ANY ENCODING
num_features :376
num_classes : 1
cat_idx : [0]
nominal_idx : [0, 1, 2, 3, 4, 5, 6, 7]
ordinal_idx : None
args.num_idx : None
cat_dims : [2]
bin_alt : None 


X_train shape : (1347, 376)
~~~~~~~~~~~~~~~~~~~~~~~~~~~~~~~~~~~~~~~~~~~~~~~~~~~~~~~~~~~~~~~~~~~~~~~~~~~~~~~
~~~~~~~~~~~~~~~~~~~~~~~~~~~~~~~~~~~~~~~~~~~~~~~~~~~~~~~~~~~~~~~~~~~~~~~~~~~~~~~
AFTER getting cat idx
Nominal Index : [0, 1, 2, 3, 4, 5, 6, 7]
Ordinal Index : None
Cat Idx : [0]
Cat dims : [2]
~~~~~~~~~~~~~~~~~~~~~~~~~~~~~~~~~~~~~~~~~~~~~~~~~~~~~~~~~~~~~~~~~~~~~~~~~~~~~~~
BEFORE getting cat idx
Nominal Index : [0, 1, 2, 3, 4, 5, 6, 7]
Ordinal Index : None
Cat Idx : [0, 1, 2, 3, 4, 5, 6, 7]
Cat dims : []
No one Hot for this Baby!!! 

ERROR during preprocessing in inner fold 4: y contains previously unseen labels: 'c'
Skipping inner fold 4 due to preprocessing error.
  outer_2_inner Fold 5/5
Before Debugging -- Inner Fold 5
DEBUG Inner Fold 5: num_features: 376
DEBUG Inner Fold 5: num_classes: 1
DEBUG Inner Fold 5: cat_idx: [0]
DEBUG Inner Fold 5: nominal_idx: [0, 1, 2, 3, 4, 5, 6, 7]
DEBUG Inner Fold 5: ordinal_idx: None
DEBUG Inner Fold 5: num_idx: None
DEBUG Inner Fold 5: cat_dims: [2]
DEBUG Inner Fold 5: bin_alt: None
~~~~~~~~~~~~~~~~~~~~~~~~~~~~~~~~~~~~~~~~~~~~~~~~~~~~~~~~~~~~~~~~~~~~~~~~~~~~~~~
BEFORE ANY ENCODING
num_features :376
num_classes : 1
cat_idx : [0]
nominal_idx : [0, 1, 2, 3, 4, 5, 6, 7]
ordinal_idx : None
args.num_idx : None
cat_dims : [2]
bin_alt : None 


X_train shape : (1347, 376)
~~~~~~~~~~~~~~~~~~~~~~~~~~~~~~~~~~~~~~~~~~~~~~~~~~~~~~~~~~~~~~~~~~~~~~~~~~~~~~~
~~~~~~~~~~~~~~~~~~~~~~~~~~~~~~~~~~~~~~~~~~~~~~~~~~~~~~~~~~~~~~~~~~~~~~~~~~~~~~~
AFTER getting cat idx
Nominal Index : [0, 1, 2, 3, 4, 5, 6, 7]
Ordinal Index : None
Cat Idx : [0]
Cat dims : [2]
~~~~~~~~~~~~~~~~~~~~~~~~~~~~~~~~~~~~~~~~~~~~~~~~~~~~~~~~~~~~~~~~~~~~~~~~~~~~~~~
BEFORE getting cat idx
Nominal Index : [0, 1, 2, 3, 4, 5, 6, 7]
Ordinal Index : None
Cat Idx : [0, 1, 2, 3, 4, 5, 6, 7]
Cat dims : []
No one Hot for this Baby!!! 

ERROR during preprocessing in inner fold 5: y contains previously unseen labels: 'p'
Skipping inner fold 5 due to preprocessing error.
Warning: No inner folds completed successfully for HPO trial.
ERROR saving hyperparameters to file coz inner_cs issues: 'float' object has no attribute 'get_results'
  outer_2_inner Fold 1/5
Before Debugging -- Inner Fold 1
DEBUG Inner Fold 1: num_features: 376
DEBUG Inner Fold 1: num_classes: 1
DEBUG Inner Fold 1: cat_idx: [0]
DEBUG Inner Fold 1: nominal_idx: [0, 1, 2, 3, 4, 5, 6, 7]
DEBUG Inner Fold 1: ordinal_idx: None
DEBUG Inner Fold 1: num_idx: None
DEBUG Inner Fold 1: cat_dims: [2]
DEBUG Inner Fold 1: bin_alt: None
~~~~~~~~~~~~~~~~~~~~~~~~~~~~~~~~~~~~~~~~~~~~~~~~~~~~~~~~~~~~~~~~~~~~~~~~~~~~~~~
BEFORE ANY ENCODING
num_features :376
num_classes : 1
cat_idx : [0]
nominal_idx : [0, 1, 2, 3, 4, 5, 6, 7]
ordinal_idx : None
args.num_idx : None
cat_dims : [2]
bin_alt : None 


X_train shape : (1346, 376)
~~~~~~~~~~~~~~~~~~~~~~~~~~~~~~~~~~~~~~~~~~~~~~~~~~~~~~~~~~~~~~~~~~~~~~~~~~~~~~~
~~~~~~~~~~~~~~~~~~~~~~~~~~~~~~~~~~~~~~~~~~~~~~~~~~~~~~~~~~~~~~~~~~~~~~~~~~~~~~~
AFTER getting cat idx
Nominal Index : [0, 1, 2, 3, 4, 5, 6, 7]
Ordinal Index : None
Cat Idx : [0]
Cat dims : [2]
~~~~~~~~~~~~~~~~~~~~~~~~~~~~~~~~~~~~~~~~~~~~~~~~~~~~~~~~~~~~~~~~~~~~~~~~~~~~~~~
BEFORE getting cat idx
Nominal Index : [0, 1, 2, 3, 4, 5, 6, 7]
Ordinal Index : None
Cat Idx : [0, 1, 2, 3, 4, 5, 6, 7]
Cat dims : []
No one Hot for this Baby!!! 

ERROR during preprocessing in inner fold 1: y contains previously unseen labels: 'g'
Skipping inner fold 1 due to preprocessing error.
  outer_2_inner Fold 2/5
Before Debugging -- Inner Fold 2
DEBUG Inner Fold 2: num_features: 376
DEBUG Inner Fold 2: num_classes: 1
DEBUG Inner Fold 2: cat_idx: [0]
DEBUG Inner Fold 2: nominal_idx: [0, 1, 2, 3, 4, 5, 6, 7]
DEBUG Inner Fold 2: ordinal_idx: None
DEBUG Inner Fold 2: num_idx: None
DEBUG Inner Fold 2: cat_dims: [2]
DEBUG Inner Fold 2: bin_alt: None
~~~~~~~~~~~~~~~~~~~~~~~~~~~~~~~~~~~~~~~~~~~~~~~~~~~~~~~~~~~~~~~~~~~~~~~~~~~~~~~
BEFORE ANY ENCODING
num_features :376
num_classes : 1
cat_idx : [0]
nominal_idx : [0, 1, 2, 3, 4, 5, 6, 7]
ordinal_idx : None
args.num_idx : None
cat_dims : [2]
bin_alt : None 


X_train shape : (1346, 376)
~~~~~~~~~~~~~~~~~~~~~~~~~~~~~~~~~~~~~~~~~~~~~~~~~~~~~~~~~~~~~~~~~~~~~~~~~~~~~~~
~~~~~~~~~~~~~~~~~~~~~~~~~~~~~~~~~~~~~~~~~~~~~~~~~~~~~~~~~~~~~~~~~~~~~~~~~~~~~~~
AFTER getting cat idx
Nominal Index : [0, 1, 2, 3, 4, 5, 6, 7]
Ordinal Index : None
Cat Idx : [0]
Cat dims : [2]
~~~~~~~~~~~~~~~~~~~~~~~~~~~~~~~~~~~~~~~~~~~~~~~~~~~~~~~~~~~~~~~~~~~~~~~~~~~~~~~
BEFORE getting cat idx
Nominal Index : [0, 1, 2, 3, 4, 5, 6, 7]
Ordinal Index : None
Cat Idx : [0, 1, 2, 3, 4, 5, 6, 7]
Cat dims : []
No one Hot for this Baby!!! 

ERROR during preprocessing in inner fold 2: y contains previously unseen labels: 'aa'
Skipping inner fold 2 due to preprocessing error.
  outer_2_inner Fold 3/5
Before Debugging -- Inner Fold 3
DEBUG Inner Fold 3: num_features: 376
DEBUG Inner Fold 3: num_classes: 1
DEBUG Inner Fold 3: cat_idx: [0]
DEBUG Inner Fold 3: nominal_idx: [0, 1, 2, 3, 4, 5, 6, 7]
DEBUG Inner Fold 3: ordinal_idx: None
DEBUG Inner Fold 3: num_idx: None
DEBUG Inner Fold 3: cat_dims: [2]
DEBUG Inner Fold 3: bin_alt: None
~~~~~~~~~~~~~~~~~~~~~~~~~~~~~~~~~~~~~~~~~~~~~~~~~~~~~~~~~~~~~~~~~~~~~~~~~~~~~~~
BEFORE ANY ENCODING
num_features :376
num_classes : 1
cat_idx : [0]
nominal_idx : [0, 1, 2, 3, 4, 5, 6, 7]
ordinal_idx : None
args.num_idx : None
cat_dims : [2]
bin_alt : None 


X_train shape : (1346, 376)
~~~~~~~~~~~~~~~~~~~~~~~~~~~~~~~~~~~~~~~~~~~~~~~~~~~~~~~~~~~~~~~~~~~~~~~~~~~~~~~
~~~~~~~~~~~~~~~~~~~~~~~~~~~~~~~~~~~~~~~~~~~~~~~~~~~~~~~~~~~~~~~~~~~~~~~~~~~~~~~
AFTER getting cat idx
Nominal Index : [0, 1, 2, 3, 4, 5, 6, 7]
Ordinal Index : None
Cat Idx : [0]
Cat dims : [2]
~~~~~~~~~~~~~~~~~~~~~~~~~~~~~~~~~~~~~~~~~~~~~~~~~~~~~~~~~~~~~~~~~~~~~~~~~~~~~~~
BEFORE getting cat idx
Nominal Index : [0, 1, 2, 3, 4, 5, 6, 7]
Ordinal Index : None
Cat Idx : [0, 1, 2, 3, 4, 5, 6, 7]
Cat dims : []
No one Hot for this Baby!!! 

ERROR during preprocessing in inner fold 3: y contains previously unseen labels: 'q'
Skipping inner fold 3 due to preprocessing error.
  outer_2_inner Fold 4/5
Before Debugging -- Inner Fold 4
DEBUG Inner Fold 4: num_features: 376
DEBUG Inner Fold 4: num_classes: 1
DEBUG Inner Fold 4: cat_idx: [0]
DEBUG Inner Fold 4: nominal_idx: [0, 1, 2, 3, 4, 5, 6, 7]
DEBUG Inner Fold 4: ordinal_idx: None
DEBUG Inner Fold 4: num_idx: None
DEBUG Inner Fold 4: cat_dims: [2]
DEBUG Inner Fold 4: bin_alt: None
~~~~~~~~~~~~~~~~~~~~~~~~~~~~~~~~~~~~~~~~~~~~~~~~~~~~~~~~~~~~~~~~~~~~~~~~~~~~~~~
BEFORE ANY ENCODING
num_features :376
num_classes : 1
cat_idx : [0]
nominal_idx : [0, 1, 2, 3, 4, 5, 6, 7]
ordinal_idx : None
args.num_idx : None
cat_dims : [2]
bin_alt : None 


X_train shape : (1347, 376)
~~~~~~~~~~~~~~~~~~~~~~~~~~~~~~~~~~~~~~~~~~~~~~~~~~~~~~~~~~~~~~~~~~~~~~~~~~~~~~~
~~~~~~~~~~~~~~~~~~~~~~~~~~~~~~~~~~~~~~~~~~~~~~~~~~~~~~~~~~~~~~~~~~~~~~~~~~~~~~~
AFTER getting cat idx
Nominal Index : [0, 1, 2, 3, 4, 5, 6, 7]
Ordinal Index : None
Cat Idx : [0]
Cat dims : [2]
~~~~~~~~~~~~~~~~~~~~~~~~~~~~~~~~~~~~~~~~~~~~~~~~~~~~~~~~~~~~~~~~~~~~~~~~~~~~~~~
BEFORE getting cat idx
Nominal Index : [0, 1, 2, 3, 4, 5, 6, 7]
Ordinal Index : None
Cat Idx : [0, 1, 2, 3, 4, 5, 6, 7]
Cat dims : []
No one Hot for this Baby!!! 

ERROR during preprocessing in inner fold 4: y contains previously unseen labels: 'c'
Skipping inner fold 4 due to preprocessing error.
  outer_2_inner Fold 5/5
Before Debugging -- Inner Fold 5
DEBUG Inner Fold 5: num_features: 376
DEBUG Inner Fold 5: num_classes: 1
DEBUG Inner Fold 5: cat_idx: [0]
DEBUG Inner Fold 5: nominal_idx: [0, 1, 2, 3, 4, 5, 6, 7]
DEBUG Inner Fold 5: ordinal_idx: None
DEBUG Inner Fold 5: num_idx: None
DEBUG Inner Fold 5: cat_dims: [2]
DEBUG Inner Fold 5: bin_alt: None
~~~~~~~~~~~~~~~~~~~~~~~~~~~~~~~~~~~~~~~~~~~~~~~~~~~~~~~~~~~~~~~~~~~~~~~~~~~~~~~
BEFORE ANY ENCODING
num_features :376
num_classes : 1
cat_idx : [0]
nominal_idx : [0, 1, 2, 3, 4, 5, 6, 7]
ordinal_idx : None
args.num_idx : None
cat_dims : [2]
bin_alt : None 


X_train shape : (1347, 376)
~~~~~~~~~~~~~~~~~~~~~~~~~~~~~~~~~~~~~~~~~~~~~~~~~~~~~~~~~~~~~~~~~~~~~~~~~~~~~~~
~~~~~~~~~~~~~~~~~~~~~~~~~~~~~~~~~~~~~~~~~~~~~~~~~~~~~~~~~~~~~~~~~~~~~~~~~~~~~~~
AFTER getting cat idx
Nominal Index : [0, 1, 2, 3, 4, 5, 6, 7]
Ordinal Index : None
Cat Idx : [0]
Cat dims : [2]
~~~~~~~~~~~~~~~~~~~~~~~~~~~~~~~~~~~~~~~~~~~~~~~~~~~~~~~~~~~~~~~~~~~~~~~~~~~~~~~
BEFORE getting cat idx
Nominal Index : [0, 1, 2, 3, 4, 5, 6, 7]
Ordinal Index : None
Cat Idx : [0, 1, 2, 3, 4, 5, 6, 7]
Cat dims : []
No one Hot for this Baby!!! 

ERROR during preprocessing in inner fold 5: y contains previously unseen labels: 'p'
Skipping inner fold 5 due to preprocessing error.
Warning: No inner folds completed successfully for HPO trial.
ERROR saving hyperparameters to file coz inner_cs issues: 'float' object has no attribute 'get_results'
  outer_2_inner Fold 1/5
Before Debugging -- Inner Fold 1
DEBUG Inner Fold 1: num_features: 376
DEBUG Inner Fold 1: num_classes: 1
DEBUG Inner Fold 1: cat_idx: [0]
DEBUG Inner Fold 1: nominal_idx: [0, 1, 2, 3, 4, 5, 6, 7]
DEBUG Inner Fold 1: ordinal_idx: None
DEBUG Inner Fold 1: num_idx: None
DEBUG Inner Fold 1: cat_dims: [2]
DEBUG Inner Fold 1: bin_alt: None
~~~~~~~~~~~~~~~~~~~~~~~~~~~~~~~~~~~~~~~~~~~~~~~~~~~~~~~~~~~~~~~~~~~~~~~~~~~~~~~
BEFORE ANY ENCODING
num_features :376
num_classes : 1
cat_idx : [0]
nominal_idx : [0, 1, 2, 3, 4, 5, 6, 7]
ordinal_idx : None
args.num_idx : None
cat_dims : [2]
bin_alt : None 


X_train shape : (1346, 376)
~~~~~~~~~~~~~~~~~~~~~~~~~~~~~~~~~~~~~~~~~~~~~~~~~~~~~~~~~~~~~~~~~~~~~~~~~~~~~~~
~~~~~~~~~~~~~~~~~~~~~~~~~~~~~~~~~~~~~~~~~~~~~~~~~~~~~~~~~~~~~~~~~~~~~~~~~~~~~~~
AFTER getting cat idx
Nominal Index : [0, 1, 2, 3, 4, 5, 6, 7]
Ordinal Index : None
Cat Idx : [0]
Cat dims : [2]
~~~~~~~~~~~~~~~~~~~~~~~~~~~~~~~~~~~~~~~~~~~~~~~~~~~~~~~~~~~~~~~~~~~~~~~~~~~~~~~
BEFORE getting cat idx
Nominal Index : [0, 1, 2, 3, 4, 5, 6, 7]
Ordinal Index : None
Cat Idx : [0, 1, 2, 3, 4, 5, 6, 7]
Cat dims : []
No one Hot for this Baby!!! 

ERROR during preprocessing in inner fold 1: y contains previously unseen labels: 'g'
Skipping inner fold 1 due to preprocessing error.
  outer_2_inner Fold 2/5
Before Debugging -- Inner Fold 2
DEBUG Inner Fold 2: num_features: 376
DEBUG Inner Fold 2: num_classes: 1
DEBUG Inner Fold 2: cat_idx: [0]
DEBUG Inner Fold 2: nominal_idx: [0, 1, 2, 3, 4, 5, 6, 7]
DEBUG Inner Fold 2: ordinal_idx: None
DEBUG Inner Fold 2: num_idx: None
DEBUG Inner Fold 2: cat_dims: [2]
DEBUG Inner Fold 2: bin_alt: None
~~~~~~~~~~~~~~~~~~~~~~~~~~~~~~~~~~~~~~~~~~~~~~~~~~~~~~~~~~~~~~~~~~~~~~~~~~~~~~~
BEFORE ANY ENCODING
num_features :376
num_classes : 1
cat_idx : [0]
nominal_idx : [0, 1, 2, 3, 4, 5, 6, 7]
ordinal_idx : None
args.num_idx : None
cat_dims : [2]
bin_alt : None 


X_train shape : (1346, 376)
~~~~~~~~~~~~~~~~~~~~~~~~~~~~~~~~~~~~~~~~~~~~~~~~~~~~~~~~~~~~~~~~~~~~~~~~~~~~~~~
~~~~~~~~~~~~~~~~~~~~~~~~~~~~~~~~~~~~~~~~~~~~~~~~~~~~~~~~~~~~~~~~~~~~~~~~~~~~~~~
AFTER getting cat idx
Nominal Index : [0, 1, 2, 3, 4, 5, 6, 7]
Ordinal Index : None
Cat Idx : [0]
Cat dims : [2]
~~~~~~~~~~~~~~~~~~~~~~~~~~~~~~~~~~~~~~~~~~~~~~~~~~~~~~~~~~~~~~~~~~~~~~~~~~~~~~~
BEFORE getting cat idx
Nominal Index : [0, 1, 2, 3, 4, 5, 6, 7]
Ordinal Index : None
Cat Idx : [0, 1, 2, 3, 4, 5, 6, 7]
Cat dims : []
No one Hot for this Baby!!! 

ERROR during preprocessing in inner fold 2: y contains previously unseen labels: 'aa'
Skipping inner fold 2 due to preprocessing error.
  outer_2_inner Fold 3/5
Before Debugging -- Inner Fold 3
DEBUG Inner Fold 3: num_features: 376
DEBUG Inner Fold 3: num_classes: 1
DEBUG Inner Fold 3: cat_idx: [0]
DEBUG Inner Fold 3: nominal_idx: [0, 1, 2, 3, 4, 5, 6, 7]
DEBUG Inner Fold 3: ordinal_idx: None
DEBUG Inner Fold 3: num_idx: None
DEBUG Inner Fold 3: cat_dims: [2]
DEBUG Inner Fold 3: bin_alt: None
~~~~~~~~~~~~~~~~~~~~~~~~~~~~~~~~~~~~~~~~~~~~~~~~~~~~~~~~~~~~~~~~~~~~~~~~~~~~~~~
BEFORE ANY ENCODING
num_features :376
num_classes : 1
cat_idx : [0]
nominal_idx : [0, 1, 2, 3, 4, 5, 6, 7]
ordinal_idx : None
args.num_idx : None
cat_dims : [2]
bin_alt : None 


X_train shape : (1346, 376)
~~~~~~~~~~~~~~~~~~~~~~~~~~~~~~~~~~~~~~~~~~~~~~~~~~~~~~~~~~~~~~~~~~~~~~~~~~~~~~~
~~~~~~~~~~~~~~~~~~~~~~~~~~~~~~~~~~~~~~~~~~~~~~~~~~~~~~~~~~~~~~~~~~~~~~~~~~~~~~~
AFTER getting cat idx
Nominal Index : [0, 1, 2, 3, 4, 5, 6, 7]
Ordinal Index : None
Cat Idx : [0]
Cat dims : [2]
~~~~~~~~~~~~~~~~~~~~~~~~~~~~~~~~~~~~~~~~~~~~~~~~~~~~~~~~~~~~~~~~~~~~~~~~~~~~~~~
BEFORE getting cat idx
Nominal Index : [0, 1, 2, 3, 4, 5, 6, 7]
Ordinal Index : None
Cat Idx : [0, 1, 2, 3, 4, 5, 6, 7]
Cat dims : []
No one Hot for this Baby!!! 

ERROR during preprocessing in inner fold 3: y contains previously unseen labels: 'q'
Skipping inner fold 3 due to preprocessing error.
  outer_2_inner Fold 4/5
Before Debugging -- Inner Fold 4
DEBUG Inner Fold 4: num_features: 376
DEBUG Inner Fold 4: num_classes: 1
DEBUG Inner Fold 4: cat_idx: [0]
DEBUG Inner Fold 4: nominal_idx: [0, 1, 2, 3, 4, 5, 6, 7]
DEBUG Inner Fold 4: ordinal_idx: None
DEBUG Inner Fold 4: num_idx: None
DEBUG Inner Fold 4: cat_dims: [2]
DEBUG Inner Fold 4: bin_alt: None
~~~~~~~~~~~~~~~~~~~~~~~~~~~~~~~~~~~~~~~~~~~~~~~~~~~~~~~~~~~~~~~~~~~~~~~~~~~~~~~
BEFORE ANY ENCODING
num_features :376
num_classes : 1
cat_idx : [0]
nominal_idx : [0, 1, 2, 3, 4, 5, 6, 7]
ordinal_idx : None
args.num_idx : None
cat_dims : [2]
bin_alt : None 


X_train shape : (1347, 376)
~~~~~~~~~~~~~~~~~~~~~~~~~~~~~~~~~~~~~~~~~~~~~~~~~~~~~~~~~~~~~~~~~~~~~~~~~~~~~~~
~~~~~~~~~~~~~~~~~~~~~~~~~~~~~~~~~~~~~~~~~~~~~~~~~~~~~~~~~~~~~~~~~~~~~~~~~~~~~~~
AFTER getting cat idx
Nominal Index : [0, 1, 2, 3, 4, 5, 6, 7]
Ordinal Index : None
Cat Idx : [0]
Cat dims : [2]
~~~~~~~~~~~~~~~~~~~~~~~~~~~~~~~~~~~~~~~~~~~~~~~~~~~~~~~~~~~~~~~~~~~~~~~~~~~~~~~
BEFORE getting cat idx
Nominal Index : [0, 1, 2, 3, 4, 5, 6, 7]
Ordinal Index : None
Cat Idx : [0, 1, 2, 3, 4, 5, 6, 7]
Cat dims : []
No one Hot for this Baby!!! 

ERROR during preprocessing in inner fold 4: y contains previously unseen labels: 'c'
Skipping inner fold 4 due to preprocessing error.
  outer_2_inner Fold 5/5
Before Debugging -- Inner Fold 5
DEBUG Inner Fold 5: num_features: 376
DEBUG Inner Fold 5: num_classes: 1
DEBUG Inner Fold 5: cat_idx: [0]
DEBUG Inner Fold 5: nominal_idx: [0, 1, 2, 3, 4, 5, 6, 7]
DEBUG Inner Fold 5: ordinal_idx: None
DEBUG Inner Fold 5: num_idx: None
DEBUG Inner Fold 5: cat_dims: [2]
DEBUG Inner Fold 5: bin_alt: None
~~~~~~~~~~~~~~~~~~~~~~~~~~~~~~~~~~~~~~~~~~~~~~~~~~~~~~~~~~~~~~~~~~~~~~~~~~~~~~~
BEFORE ANY ENCODING
num_features :376
num_classes : 1
cat_idx : [0]
nominal_idx : [0, 1, 2, 3, 4, 5, 6, 7]
ordinal_idx : None
args.num_idx : None
cat_dims : [2]
bin_alt : None 


X_train shape : (1347, 376)
~~~~~~~~~~~~~~~~~~~~~~~~~~~~~~~~~~~~~~~~~~~~~~~~~~~~~~~~~~~~~~~~~~~~~~~~~~~~~~~
~~~~~~~~~~~~~~~~~~~~~~~~~~~~~~~~~~~~~~~~~~~~~~~~~~~~~~~~~~~~~~~~~~~~~~~~~~~~~~~
AFTER getting cat idx
Nominal Index : [0, 1, 2, 3, 4, 5, 6, 7]
Ordinal Index : None
Cat Idx : [0]
Cat dims : [2]
~~~~~~~~~~~~~~~~~~~~~~~~~~~~~~~~~~~~~~~~~~~~~~~~~~~~~~~~~~~~~~~~~~~~~~~~~~~~~~~
BEFORE getting cat idx
Nominal Index : [0, 1, 2, 3, 4, 5, 6, 7]
Ordinal Index : None
Cat Idx : [0, 1, 2, 3, 4, 5, 6, 7]
Cat dims : []
No one Hot for this Baby!!! 

ERROR during preprocessing in inner fold 5: y contains previously unseen labels: 'p'
Skipping inner fold 5 due to preprocessing error.
Warning: No inner folds completed successfully for HPO trial.
ERROR saving hyperparameters to file coz inner_cs issues: 'float' object has no attribute 'get_results'
  outer_2_inner Fold 1/5
Before Debugging -- Inner Fold 1
DEBUG Inner Fold 1: num_features: 376
DEBUG Inner Fold 1: num_classes: 1
DEBUG Inner Fold 1: cat_idx: [0]
DEBUG Inner Fold 1: nominal_idx: [0, 1, 2, 3, 4, 5, 6, 7]
DEBUG Inner Fold 1: ordinal_idx: None
DEBUG Inner Fold 1: num_idx: None
DEBUG Inner Fold 1: cat_dims: [2]
DEBUG Inner Fold 1: bin_alt: None
~~~~~~~~~~~~~~~~~~~~~~~~~~~~~~~~~~~~~~~~~~~~~~~~~~~~~~~~~~~~~~~~~~~~~~~~~~~~~~~
BEFORE ANY ENCODING
num_features :376
num_classes : 1
cat_idx : [0]
nominal_idx : [0, 1, 2, 3, 4, 5, 6, 7]
ordinal_idx : None
args.num_idx : None
cat_dims : [2]
bin_alt : None 


X_train shape : (1346, 376)
~~~~~~~~~~~~~~~~~~~~~~~~~~~~~~~~~~~~~~~~~~~~~~~~~~~~~~~~~~~~~~~~~~~~~~~~~~~~~~~
~~~~~~~~~~~~~~~~~~~~~~~~~~~~~~~~~~~~~~~~~~~~~~~~~~~~~~~~~~~~~~~~~~~~~~~~~~~~~~~
AFTER getting cat idx
Nominal Index : [0, 1, 2, 3, 4, 5, 6, 7]
Ordinal Index : None
Cat Idx : [0]
Cat dims : [2]
~~~~~~~~~~~~~~~~~~~~~~~~~~~~~~~~~~~~~~~~~~~~~~~~~~~~~~~~~~~~~~~~~~~~~~~~~~~~~~~
BEFORE getting cat idx
Nominal Index : [0, 1, 2, 3, 4, 5, 6, 7]
Ordinal Index : None
Cat Idx : [0, 1, 2, 3, 4, 5, 6, 7]
Cat dims : []
No one Hot for this Baby!!! 

ERROR during preprocessing in inner fold 1: y contains previously unseen labels: 'g'
Skipping inner fold 1 due to preprocessing error.
  outer_2_inner Fold 2/5
Before Debugging -- Inner Fold 2
DEBUG Inner Fold 2: num_features: 376
DEBUG Inner Fold 2: num_classes: 1
DEBUG Inner Fold 2: cat_idx: [0]
DEBUG Inner Fold 2: nominal_idx: [0, 1, 2, 3, 4, 5, 6, 7]
DEBUG Inner Fold 2: ordinal_idx: None
DEBUG Inner Fold 2: num_idx: None
DEBUG Inner Fold 2: cat_dims: [2]
DEBUG Inner Fold 2: bin_alt: None
~~~~~~~~~~~~~~~~~~~~~~~~~~~~~~~~~~~~~~~~~~~~~~~~~~~~~~~~~~~~~~~~~~~~~~~~~~~~~~~
BEFORE ANY ENCODING
num_features :376
num_classes : 1
cat_idx : [0]
nominal_idx : [0, 1, 2, 3, 4, 5, 6, 7]
ordinal_idx : None
args.num_idx : None
cat_dims : [2]
bin_alt : None 


X_train shape : (1346, 376)
~~~~~~~~~~~~~~~~~~~~~~~~~~~~~~~~~~~~~~~~~~~~~~~~~~~~~~~~~~~~~~~~~~~~~~~~~~~~~~~
~~~~~~~~~~~~~~~~~~~~~~~~~~~~~~~~~~~~~~~~~~~~~~~~~~~~~~~~~~~~~~~~~~~~~~~~~~~~~~~
AFTER getting cat idx
Nominal Index : [0, 1, 2, 3, 4, 5, 6, 7]
Ordinal Index : None
Cat Idx : [0]
Cat dims : [2]
~~~~~~~~~~~~~~~~~~~~~~~~~~~~~~~~~~~~~~~~~~~~~~~~~~~~~~~~~~~~~~~~~~~~~~~~~~~~~~~
BEFORE getting cat idx
Nominal Index : [0, 1, 2, 3, 4, 5, 6, 7]
Ordinal Index : None
Cat Idx : [0, 1, 2, 3, 4, 5, 6, 7]
Cat dims : []
No one Hot for this Baby!!! 

ERROR during preprocessing in inner fold 2: y contains previously unseen labels: 'aa'
Skipping inner fold 2 due to preprocessing error.
  outer_2_inner Fold 3/5
Before Debugging -- Inner Fold 3
DEBUG Inner Fold 3: num_features: 376
DEBUG Inner Fold 3: num_classes: 1
DEBUG Inner Fold 3: cat_idx: [0]
DEBUG Inner Fold 3: nominal_idx: [0, 1, 2, 3, 4, 5, 6, 7]
DEBUG Inner Fold 3: ordinal_idx: None
DEBUG Inner Fold 3: num_idx: None
DEBUG Inner Fold 3: cat_dims: [2]
DEBUG Inner Fold 3: bin_alt: None
~~~~~~~~~~~~~~~~~~~~~~~~~~~~~~~~~~~~~~~~~~~~~~~~~~~~~~~~~~~~~~~~~~~~~~~~~~~~~~~
BEFORE ANY ENCODING
num_features :376
num_classes : 1
cat_idx : [0]
nominal_idx : [0, 1, 2, 3, 4, 5, 6, 7]
ordinal_idx : None
args.num_idx : None
cat_dims : [2]
bin_alt : None 


X_train shape : (1346, 376)
~~~~~~~~~~~~~~~~~~~~~~~~~~~~~~~~~~~~~~~~~~~~~~~~~~~~~~~~~~~~~~~~~~~~~~~~~~~~~~~
~~~~~~~~~~~~~~~~~~~~~~~~~~~~~~~~~~~~~~~~~~~~~~~~~~~~~~~~~~~~~~~~~~~~~~~~~~~~~~~
AFTER getting cat idx
Nominal Index : [0, 1, 2, 3, 4, 5, 6, 7]
Ordinal Index : None
Cat Idx : [0]
Cat dims : [2]
~~~~~~~~~~~~~~~~~~~~~~~~~~~~~~~~~~~~~~~~~~~~~~~~~~~~~~~~~~~~~~~~~~~~~~~~~~~~~~~
BEFORE getting cat idx
Nominal Index : [0, 1, 2, 3, 4, 5, 6, 7]
Ordinal Index : None
Cat Idx : [0, 1, 2, 3, 4, 5, 6, 7]
Cat dims : []
No one Hot for this Baby!!! 

ERROR during preprocessing in inner fold 3: y contains previously unseen labels: 'q'
Skipping inner fold 3 due to preprocessing error.
  outer_2_inner Fold 4/5
Before Debugging -- Inner Fold 4
DEBUG Inner Fold 4: num_features: 376
DEBUG Inner Fold 4: num_classes: 1
DEBUG Inner Fold 4: cat_idx: [0]
DEBUG Inner Fold 4: nominal_idx: [0, 1, 2, 3, 4, 5, 6, 7]
DEBUG Inner Fold 4: ordinal_idx: None
DEBUG Inner Fold 4: num_idx: None
DEBUG Inner Fold 4: cat_dims: [2]
DEBUG Inner Fold 4: bin_alt: None
~~~~~~~~~~~~~~~~~~~~~~~~~~~~~~~~~~~~~~~~~~~~~~~~~~~~~~~~~~~~~~~~~~~~~~~~~~~~~~~
BEFORE ANY ENCODING
num_features :376
num_classes : 1
cat_idx : [0]
nominal_idx : [0, 1, 2, 3, 4, 5, 6, 7]
ordinal_idx : None
args.num_idx : None
cat_dims : [2]
bin_alt : None 


X_train shape : (1347, 376)
~~~~~~~~~~~~~~~~~~~~~~~~~~~~~~~~~~~~~~~~~~~~~~~~~~~~~~~~~~~~~~~~~~~~~~~~~~~~~~~
~~~~~~~~~~~~~~~~~~~~~~~~~~~~~~~~~~~~~~~~~~~~~~~~~~~~~~~~~~~~~~~~~~~~~~~~~~~~~~~
AFTER getting cat idx
Nominal Index : [0, 1, 2, 3, 4, 5, 6, 7]
Ordinal Index : None
Cat Idx : [0]
Cat dims : [2]
~~~~~~~~~~~~~~~~~~~~~~~~~~~~~~~~~~~~~~~~~~~~~~~~~~~~~~~~~~~~~~~~~~~~~~~~~~~~~~~
BEFORE getting cat idx
Nominal Index : [0, 1, 2, 3, 4, 5, 6, 7]
Ordinal Index : None
Cat Idx : [0, 1, 2, 3, 4, 5, 6, 7]
Cat dims : []
No one Hot for this Baby!!! 

ERROR during preprocessing in inner fold 4: y contains previously unseen labels: 'c'
Skipping inner fold 4 due to preprocessing error.
  outer_2_inner Fold 5/5
Before Debugging -- Inner Fold 5
DEBUG Inner Fold 5: num_features: 376
DEBUG Inner Fold 5: num_classes: 1
DEBUG Inner Fold 5: cat_idx: [0]
DEBUG Inner Fold 5: nominal_idx: [0, 1, 2, 3, 4, 5, 6, 7]
DEBUG Inner Fold 5: ordinal_idx: None
DEBUG Inner Fold 5: num_idx: None
DEBUG Inner Fold 5: cat_dims: [2]
DEBUG Inner Fold 5: bin_alt: None
~~~~~~~~~~~~~~~~~~~~~~~~~~~~~~~~~~~~~~~~~~~~~~~~~~~~~~~~~~~~~~~~~~~~~~~~~~~~~~~
BEFORE ANY ENCODING
num_features :376
num_classes : 1
cat_idx : [0]
nominal_idx : [0, 1, 2, 3, 4, 5, 6, 7]
ordinal_idx : None
args.num_idx : None
cat_dims : [2]
bin_alt : None 


X_train shape : (1347, 376)
~~~~~~~~~~~~~~~~~~~~~~~~~~~~~~~~~~~~~~~~~~~~~~~~~~~~~~~~~~~~~~~~~~~~~~~~~~~~~~~
~~~~~~~~~~~~~~~~~~~~~~~~~~~~~~~~~~~~~~~~~~~~~~~~~~~~~~~~~~~~~~~~~~~~~~~~~~~~~~~
AFTER getting cat idx
Nominal Index : [0, 1, 2, 3, 4, 5, 6, 7]
Ordinal Index : None
Cat Idx : [0]
Cat dims : [2]
~~~~~~~~~~~~~~~~~~~~~~~~~~~~~~~~~~~~~~~~~~~~~~~~~~~~~~~~~~~~~~~~~~~~~~~~~~~~~~~
BEFORE getting cat idx
Nominal Index : [0, 1, 2, 3, 4, 5, 6, 7]
Ordinal Index : None
Cat Idx : [0, 1, 2, 3, 4, 5, 6, 7]
Cat dims : []
No one Hot for this Baby!!! 

ERROR during preprocessing in inner fold 5: y contains previously unseen labels: 'p'
Skipping inner fold 5 due to preprocessing error.
Warning: No inner folds completed successfully for HPO trial.
ERROR saving hyperparameters to file coz inner_cs issues: 'float' object has no attribute 'get_results'
  outer_2_inner Fold 1/5
Before Debugging -- Inner Fold 1
DEBUG Inner Fold 1: num_features: 376
DEBUG Inner Fold 1: num_classes: 1
DEBUG Inner Fold 1: cat_idx: [0]
DEBUG Inner Fold 1: nominal_idx: [0, 1, 2, 3, 4, 5, 6, 7]
DEBUG Inner Fold 1: ordinal_idx: None
DEBUG Inner Fold 1: num_idx: None
DEBUG Inner Fold 1: cat_dims: [2]
DEBUG Inner Fold 1: bin_alt: None
~~~~~~~~~~~~~~~~~~~~~~~~~~~~~~~~~~~~~~~~~~~~~~~~~~~~~~~~~~~~~~~~~~~~~~~~~~~~~~~
BEFORE ANY ENCODING
num_features :376
num_classes : 1
cat_idx : [0]
nominal_idx : [0, 1, 2, 3, 4, 5, 6, 7]
ordinal_idx : None
args.num_idx : None
cat_dims : [2]
bin_alt : None 


X_train shape : (1346, 376)
~~~~~~~~~~~~~~~~~~~~~~~~~~~~~~~~~~~~~~~~~~~~~~~~~~~~~~~~~~~~~~~~~~~~~~~~~~~~~~~
~~~~~~~~~~~~~~~~~~~~~~~~~~~~~~~~~~~~~~~~~~~~~~~~~~~~~~~~~~~~~~~~~~~~~~~~~~~~~~~
AFTER getting cat idx
Nominal Index : [0, 1, 2, 3, 4, 5, 6, 7]
Ordinal Index : None
Cat Idx : [0]
Cat dims : [2]
~~~~~~~~~~~~~~~~~~~~~~~~~~~~~~~~~~~~~~~~~~~~~~~~~~~~~~~~~~~~~~~~~~~~~~~~~~~~~~~
BEFORE getting cat idx
Nominal Index : [0, 1, 2, 3, 4, 5, 6, 7]
Ordinal Index : None
Cat Idx : [0, 1, 2, 3, 4, 5, 6, 7]
Cat dims : []
No one Hot for this Baby!!! 

ERROR during preprocessing in inner fold 1: y contains previously unseen labels: 'g'
Skipping inner fold 1 due to preprocessing error.
  outer_2_inner Fold 2/5
Before Debugging -- Inner Fold 2
DEBUG Inner Fold 2: num_features: 376
DEBUG Inner Fold 2: num_classes: 1
DEBUG Inner Fold 2: cat_idx: [0]
DEBUG Inner Fold 2: nominal_idx: [0, 1, 2, 3, 4, 5, 6, 7]
DEBUG Inner Fold 2: ordinal_idx: None
DEBUG Inner Fold 2: num_idx: None
DEBUG Inner Fold 2: cat_dims: [2]
DEBUG Inner Fold 2: bin_alt: None
~~~~~~~~~~~~~~~~~~~~~~~~~~~~~~~~~~~~~~~~~~~~~~~~~~~~~~~~~~~~~~~~~~~~~~~~~~~~~~~
BEFORE ANY ENCODING
num_features :376
num_classes : 1
cat_idx : [0]
nominal_idx : [0, 1, 2, 3, 4, 5, 6, 7]
ordinal_idx : None
args.num_idx : None
cat_dims : [2]
bin_alt : None 


X_train shape : (1346, 376)
~~~~~~~~~~~~~~~~~~~~~~~~~~~~~~~~~~~~~~~~~~~~~~~~~~~~~~~~~~~~~~~~~~~~~~~~~~~~~~~
~~~~~~~~~~~~~~~~~~~~~~~~~~~~~~~~~~~~~~~~~~~~~~~~~~~~~~~~~~~~~~~~~~~~~~~~~~~~~~~
AFTER getting cat idx
Nominal Index : [0, 1, 2, 3, 4, 5, 6, 7]
Ordinal Index : None
Cat Idx : [0]
Cat dims : [2]
~~~~~~~~~~~~~~~~~~~~~~~~~~~~~~~~~~~~~~~~~~~~~~~~~~~~~~~~~~~~~~~~~~~~~~~~~~~~~~~
BEFORE getting cat idx
Nominal Index : [0, 1, 2, 3, 4, 5, 6, 7]
Ordinal Index : None
Cat Idx : [0, 1, 2, 3, 4, 5, 6, 7]
Cat dims : []
No one Hot for this Baby!!! 

ERROR during preprocessing in inner fold 2: y contains previously unseen labels: 'aa'
Skipping inner fold 2 due to preprocessing error.
  outer_2_inner Fold 3/5
Before Debugging -- Inner Fold 3
DEBUG Inner Fold 3: num_features: 376
DEBUG Inner Fold 3: num_classes: 1
DEBUG Inner Fold 3: cat_idx: [0]
DEBUG Inner Fold 3: nominal_idx: [0, 1, 2, 3, 4, 5, 6, 7]
DEBUG Inner Fold 3: ordinal_idx: None
DEBUG Inner Fold 3: num_idx: None
DEBUG Inner Fold 3: cat_dims: [2]
DEBUG Inner Fold 3: bin_alt: None
~~~~~~~~~~~~~~~~~~~~~~~~~~~~~~~~~~~~~~~~~~~~~~~~~~~~~~~~~~~~~~~~~~~~~~~~~~~~~~~
BEFORE ANY ENCODING
num_features :376
num_classes : 1
cat_idx : [0]
nominal_idx : [0, 1, 2, 3, 4, 5, 6, 7]
ordinal_idx : None
args.num_idx : None
cat_dims : [2]
bin_alt : None 


X_train shape : (1346, 376)
~~~~~~~~~~~~~~~~~~~~~~~~~~~~~~~~~~~~~~~~~~~~~~~~~~~~~~~~~~~~~~~~~~~~~~~~~~~~~~~
~~~~~~~~~~~~~~~~~~~~~~~~~~~~~~~~~~~~~~~~~~~~~~~~~~~~~~~~~~~~~~~~~~~~~~~~~~~~~~~
AFTER getting cat idx
Nominal Index : [0, 1, 2, 3, 4, 5, 6, 7]
Ordinal Index : None
Cat Idx : [0]
Cat dims : [2]
~~~~~~~~~~~~~~~~~~~~~~~~~~~~~~~~~~~~~~~~~~~~~~~~~~~~~~~~~~~~~~~~~~~~~~~~~~~~~~~
BEFORE getting cat idx
Nominal Index : [0, 1, 2, 3, 4, 5, 6, 7]
Ordinal Index : None
Cat Idx : [0, 1, 2, 3, 4, 5, 6, 7]
Cat dims : []
No one Hot for this Baby!!! 

ERROR during preprocessing in inner fold 3: y contains previously unseen labels: 'q'
Skipping inner fold 3 due to preprocessing error.
  outer_2_inner Fold 4/5
Before Debugging -- Inner Fold 4
DEBUG Inner Fold 4: num_features: 376
DEBUG Inner Fold 4: num_classes: 1
DEBUG Inner Fold 4: cat_idx: [0]
DEBUG Inner Fold 4: nominal_idx: [0, 1, 2, 3, 4, 5, 6, 7]
DEBUG Inner Fold 4: ordinal_idx: None
DEBUG Inner Fold 4: num_idx: None
DEBUG Inner Fold 4: cat_dims: [2]
DEBUG Inner Fold 4: bin_alt: None
~~~~~~~~~~~~~~~~~~~~~~~~~~~~~~~~~~~~~~~~~~~~~~~~~~~~~~~~~~~~~~~~~~~~~~~~~~~~~~~
BEFORE ANY ENCODING
num_features :376
num_classes : 1
cat_idx : [0]
nominal_idx : [0, 1, 2, 3, 4, 5, 6, 7]
ordinal_idx : None
args.num_idx : None
cat_dims : [2]
bin_alt : None 


X_train shape : (1347, 376)
~~~~~~~~~~~~~~~~~~~~~~~~~~~~~~~~~~~~~~~~~~~~~~~~~~~~~~~~~~~~~~~~~~~~~~~~~~~~~~~
~~~~~~~~~~~~~~~~~~~~~~~~~~~~~~~~~~~~~~~~~~~~~~~~~~~~~~~~~~~~~~~~~~~~~~~~~~~~~~~
AFTER getting cat idx
Nominal Index : [0, 1, 2, 3, 4, 5, 6, 7]
Ordinal Index : None
Cat Idx : [0]
Cat dims : [2]
~~~~~~~~~~~~~~~~~~~~~~~~~~~~~~~~~~~~~~~~~~~~~~~~~~~~~~~~~~~~~~~~~~~~~~~~~~~~~~~
BEFORE getting cat idx
Nominal Index : [0, 1, 2, 3, 4, 5, 6, 7]
Ordinal Index : None
Cat Idx : [0, 1, 2, 3, 4, 5, 6, 7]
Cat dims : []
No one Hot for this Baby!!! 

ERROR during preprocessing in inner fold 4: y contains previously unseen labels: 'c'
Skipping inner fold 4 due to preprocessing error.
  outer_2_inner Fold 5/5
Before Debugging -- Inner Fold 5
DEBUG Inner Fold 5: num_features: 376
DEBUG Inner Fold 5: num_classes: 1
DEBUG Inner Fold 5: cat_idx: [0]
DEBUG Inner Fold 5: nominal_idx: [0, 1, 2, 3, 4, 5, 6, 7]
DEBUG Inner Fold 5: ordinal_idx: None
DEBUG Inner Fold 5: num_idx: None
DEBUG Inner Fold 5: cat_dims: [2]
DEBUG Inner Fold 5: bin_alt: None
~~~~~~~~~~~~~~~~~~~~~~~~~~~~~~~~~~~~~~~~~~~~~~~~~~~~~~~~~~~~~~~~~~~~~~~~~~~~~~~
BEFORE ANY ENCODING
num_features :376
num_classes : 1
cat_idx : [0]
nominal_idx : [0, 1, 2, 3, 4, 5, 6, 7]
ordinal_idx : None
args.num_idx : None
cat_dims : [2]
bin_alt : None 


X_train shape : (1347, 376)
~~~~~~~~~~~~~~~~~~~~~~~~~~~~~~~~~~~~~~~~~~~~~~~~~~~~~~~~~~~~~~~~~~~~~~~~~~~~~~~
~~~~~~~~~~~~~~~~~~~~~~~~~~~~~~~~~~~~~~~~~~~~~~~~~~~~~~~~~~~~~~~~~~~~~~~~~~~~~~~
AFTER getting cat idx
Nominal Index : [0, 1, 2, 3, 4, 5, 6, 7]
Ordinal Index : None
Cat Idx : [0]
Cat dims : [2]
~~~~~~~~~~~~~~~~~~~~~~~~~~~~~~~~~~~~~~~~~~~~~~~~~~~~~~~~~~~~~~~~~~~~~~~~~~~~~~~
BEFORE getting cat idx
Nominal Index : [0, 1, 2, 3, 4, 5, 6, 7]
Ordinal Index : None
Cat Idx : [0, 1, 2, 3, 4, 5, 6, 7]
Cat dims : []
No one Hot for this Baby!!! 

ERROR during preprocessing in inner fold 5: y contains previously unseen labels: 'p'
Skipping inner fold 5 due to preprocessing error.
Warning: No inner folds completed successfully for HPO trial.
ERROR saving hyperparameters to file coz inner_cs issues: 'float' object has no attribute 'get_results'
Best Hyperparameters found for Outer Fold 2: {'max_depth': 4, 'alpha': 1.0127334553649064e-06, 'lambda': 4.0045934514870624e-08, 'eta': 0.22382316512756337}
Best Inner CV Score : 0.0000
Hyperparameter Optimization for Outer Fold 2 finished in 0.08 seconds.
Before Debugging -- Outer Fold 2
DEBUG Outer Fold 2: num_features: 376
DEBUG Outer Fold 2: num_classes: 1
DEBUG Outer Fold 2: cat_idx: [0]
DEBUG Outer Fold 2: nominal_idx: [0, 1, 2, 3, 4, 5, 6, 7]
DEBUG Outer Fold 2: ordinal_idx: None
DEBUG Outer Fold 2: num_idx: None
DEBUG Outer Fold 2: cat_dims: [2]
DEBUG Outer Fold 2: bin_alt: None
~~~~~~~~~~~~~~~~~~~~~~~~~~~~~~~~~~~~~~~~~~~~~~~~~~~~~~~~~~~~~~~~~~~~~~~~~~~~~~~
BEFORE ANY ENCODING
num_features :376
num_classes : 1
cat_idx : [0]
nominal_idx : [0, 1, 2, 3, 4, 5, 6, 7]
ordinal_idx : None
args.num_idx : None
cat_dims : [2]
bin_alt : None 


X_train shape : (1683, 376)
~~~~~~~~~~~~~~~~~~~~~~~~~~~~~~~~~~~~~~~~~~~~~~~~~~~~~~~~~~~~~~~~~~~~~~~~~~~~~~~
~~~~~~~~~~~~~~~~~~~~~~~~~~~~~~~~~~~~~~~~~~~~~~~~~~~~~~~~~~~~~~~~~~~~~~~~~~~~~~~
AFTER getting cat idx
Nominal Index : [0, 1, 2, 3, 4, 5, 6, 7]
Ordinal Index : None
Cat Idx : [0]
Cat dims : [2]
~~~~~~~~~~~~~~~~~~~~~~~~~~~~~~~~~~~~~~~~~~~~~~~~~~~~~~~~~~~~~~~~~~~~~~~~~~~~~~~
BEFORE getting cat idx
Nominal Index : [0, 1, 2, 3, 4, 5, 6, 7]
Ordinal Index : None
Cat Idx : [0, 1, 2, 3, 4, 5, 6, 7]
Cat dims : []
No one Hot for this Baby!!! 

ERROR during preprocessing for final model training in outer fold 2: y contains previously unseen labels: 'ab'
Skipping outer fold 2 due to preprocessing error.

--- Outer Fold 3/2 ---
Starting Hyperparameter Optimization for Outer Fold 3...
  outer_3_inner Fold 1/5
Before Debugging -- Inner Fold 1
DEBUG Inner Fold 1: num_features: 376
DEBUG Inner Fold 1: num_classes: 1
DEBUG Inner Fold 1: cat_idx: [0]
DEBUG Inner Fold 1: nominal_idx: [0, 1, 2, 3, 4, 5, 6, 7]
DEBUG Inner Fold 1: ordinal_idx: None
DEBUG Inner Fold 1: num_idx: None
DEBUG Inner Fold 1: cat_dims: [2]
DEBUG Inner Fold 1: bin_alt: None
~~~~~~~~~~~~~~~~~~~~~~~~~~~~~~~~~~~~~~~~~~~~~~~~~~~~~~~~~~~~~~~~~~~~~~~~~~~~~~~
BEFORE ANY ENCODING
num_features :376
num_classes : 1
cat_idx : [0]
nominal_idx : [0, 1, 2, 3, 4, 5, 6, 7]
ordinal_idx : None
args.num_idx : None
cat_dims : [2]
bin_alt : None 


X_train shape : (1346, 376)
~~~~~~~~~~~~~~~~~~~~~~~~~~~~~~~~~~~~~~~~~~~~~~~~~~~~~~~~~~~~~~~~~~~~~~~~~~~~~~~
~~~~~~~~~~~~~~~~~~~~~~~~~~~~~~~~~~~~~~~~~~~~~~~~~~~~~~~~~~~~~~~~~~~~~~~~~~~~~~~
AFTER getting cat idx
Nominal Index : [0, 1, 2, 3, 4, 5, 6, 7]
Ordinal Index : None
Cat Idx : [0]
Cat dims : [2]
~~~~~~~~~~~~~~~~~~~~~~~~~~~~~~~~~~~~~~~~~~~~~~~~~~~~~~~~~~~~~~~~~~~~~~~~~~~~~~~
BEFORE getting cat idx
Nominal Index : [0, 1, 2, 3, 4, 5, 6, 7]
Ordinal Index : None
Cat Idx : [0, 1, 2, 3, 4, 5, 6, 7]
Cat dims : []
No one Hot for this Baby!!! 

ERROR during preprocessing in inner fold 1: y contains previously unseen labels: 'd'
Skipping inner fold 1 due to preprocessing error.
  outer_3_inner Fold 2/5
Before Debugging -- Inner Fold 2
DEBUG Inner Fold 2: num_features: 376
DEBUG Inner Fold 2: num_classes: 1
DEBUG Inner Fold 2: cat_idx: [0]
DEBUG Inner Fold 2: nominal_idx: [0, 1, 2, 3, 4, 5, 6, 7]
DEBUG Inner Fold 2: ordinal_idx: None
DEBUG Inner Fold 2: num_idx: None
DEBUG Inner Fold 2: cat_dims: [2]
DEBUG Inner Fold 2: bin_alt: None
~~~~~~~~~~~~~~~~~~~~~~~~~~~~~~~~~~~~~~~~~~~~~~~~~~~~~~~~~~~~~~~~~~~~~~~~~~~~~~~
BEFORE ANY ENCODING
num_features :376
num_classes : 1
cat_idx : [0]
nominal_idx : [0, 1, 2, 3, 4, 5, 6, 7]
ordinal_idx : None
args.num_idx : None
cat_dims : [2]
bin_alt : None 


X_train shape : (1346, 376)
~~~~~~~~~~~~~~~~~~~~~~~~~~~~~~~~~~~~~~~~~~~~~~~~~~~~~~~~~~~~~~~~~~~~~~~~~~~~~~~
~~~~~~~~~~~~~~~~~~~~~~~~~~~~~~~~~~~~~~~~~~~~~~~~~~~~~~~~~~~~~~~~~~~~~~~~~~~~~~~
AFTER getting cat idx
Nominal Index : [0, 1, 2, 3, 4, 5, 6, 7]
Ordinal Index : None
Cat Idx : [0]
Cat dims : [2]
~~~~~~~~~~~~~~~~~~~~~~~~~~~~~~~~~~~~~~~~~~~~~~~~~~~~~~~~~~~~~~~~~~~~~~~~~~~~~~~
BEFORE getting cat idx
Nominal Index : [0, 1, 2, 3, 4, 5, 6, 7]
Ordinal Index : None
Cat Idx : [0, 1, 2, 3, 4, 5, 6, 7]
Cat dims : []
No one Hot for this Baby!!! 

ERROR during preprocessing in inner fold 2: y contains previously unseen labels: 'aa'
Skipping inner fold 2 due to preprocessing error.
  outer_3_inner Fold 3/5
Before Debugging -- Inner Fold 3
DEBUG Inner Fold 3: num_features: 376
DEBUG Inner Fold 3: num_classes: 1
DEBUG Inner Fold 3: cat_idx: [0]
DEBUG Inner Fold 3: nominal_idx: [0, 1, 2, 3, 4, 5, 6, 7]
DEBUG Inner Fold 3: ordinal_idx: None
DEBUG Inner Fold 3: num_idx: None
DEBUG Inner Fold 3: cat_dims: [2]
DEBUG Inner Fold 3: bin_alt: None
~~~~~~~~~~~~~~~~~~~~~~~~~~~~~~~~~~~~~~~~~~~~~~~~~~~~~~~~~~~~~~~~~~~~~~~~~~~~~~~
BEFORE ANY ENCODING
num_features :376
num_classes : 1
cat_idx : [0]
nominal_idx : [0, 1, 2, 3, 4, 5, 6, 7]
ordinal_idx : None
args.num_idx : None
cat_dims : [2]
bin_alt : None 


X_train shape : (1346, 376)
~~~~~~~~~~~~~~~~~~~~~~~~~~~~~~~~~~~~~~~~~~~~~~~~~~~~~~~~~~~~~~~~~~~~~~~~~~~~~~~
~~~~~~~~~~~~~~~~~~~~~~~~~~~~~~~~~~~~~~~~~~~~~~~~~~~~~~~~~~~~~~~~~~~~~~~~~~~~~~~
AFTER getting cat idx
Nominal Index : [0, 1, 2, 3, 4, 5, 6, 7]
Ordinal Index : None
Cat Idx : [0]
Cat dims : [2]
~~~~~~~~~~~~~~~~~~~~~~~~~~~~~~~~~~~~~~~~~~~~~~~~~~~~~~~~~~~~~~~~~~~~~~~~~~~~~~~
BEFORE getting cat idx
Nominal Index : [0, 1, 2, 3, 4, 5, 6, 7]
Ordinal Index : None
Cat Idx : [0, 1, 2, 3, 4, 5, 6, 7]
Cat dims : []
No one Hot for this Baby!!! 

ERROR during preprocessing in inner fold 3: y contains previously unseen labels: 'af'
Skipping inner fold 3 due to preprocessing error.
  outer_3_inner Fold 4/5
Before Debugging -- Inner Fold 4
DEBUG Inner Fold 4: num_features: 376
DEBUG Inner Fold 4: num_classes: 1
DEBUG Inner Fold 4: cat_idx: [0]
DEBUG Inner Fold 4: nominal_idx: [0, 1, 2, 3, 4, 5, 6, 7]
DEBUG Inner Fold 4: ordinal_idx: None
DEBUG Inner Fold 4: num_idx: None
DEBUG Inner Fold 4: cat_dims: [2]
DEBUG Inner Fold 4: bin_alt: None
~~~~~~~~~~~~~~~~~~~~~~~~~~~~~~~~~~~~~~~~~~~~~~~~~~~~~~~~~~~~~~~~~~~~~~~~~~~~~~~
BEFORE ANY ENCODING
num_features :376
num_classes : 1
cat_idx : [0]
nominal_idx : [0, 1, 2, 3, 4, 5, 6, 7]
ordinal_idx : None
args.num_idx : None
cat_dims : [2]
bin_alt : None 


X_train shape : (1347, 376)
~~~~~~~~~~~~~~~~~~~~~~~~~~~~~~~~~~~~~~~~~~~~~~~~~~~~~~~~~~~~~~~~~~~~~~~~~~~~~~~
~~~~~~~~~~~~~~~~~~~~~~~~~~~~~~~~~~~~~~~~~~~~~~~~~~~~~~~~~~~~~~~~~~~~~~~~~~~~~~~
AFTER getting cat idx
Nominal Index : [0, 1, 2, 3, 4, 5, 6, 7]
Ordinal Index : None
Cat Idx : [0]
Cat dims : [2]
~~~~~~~~~~~~~~~~~~~~~~~~~~~~~~~~~~~~~~~~~~~~~~~~~~~~~~~~~~~~~~~~~~~~~~~~~~~~~~~
BEFORE getting cat idx
Nominal Index : [0, 1, 2, 3, 4, 5, 6, 7]
Ordinal Index : None
Cat Idx : [0, 1, 2, 3, 4, 5, 6, 7]
Cat dims : []
No one Hot for this Baby!!! 

ERROR during preprocessing in inner fold 4: y contains previously unseen labels: 'q'
Skipping inner fold 4 due to preprocessing error.
  outer_3_inner Fold 5/5
Before Debugging -- Inner Fold 5
DEBUG Inner Fold 5: num_features: 376
DEBUG Inner Fold 5: num_classes: 1
DEBUG Inner Fold 5: cat_idx: [0]
DEBUG Inner Fold 5: nominal_idx: [0, 1, 2, 3, 4, 5, 6, 7]
DEBUG Inner Fold 5: ordinal_idx: None
DEBUG Inner Fold 5: num_idx: None
DEBUG Inner Fold 5: cat_dims: [2]
DEBUG Inner Fold 5: bin_alt: None
~~~~~~~~~~~~~~~~~~~~~~~~~~~~~~~~~~~~~~~~~~~~~~~~~~~~~~~~~~~~~~~~~~~~~~~~~~~~~~~
BEFORE ANY ENCODING
num_features :376
num_classes : 1
cat_idx : [0]
nominal_idx : [0, 1, 2, 3, 4, 5, 6, 7]
ordinal_idx : None
args.num_idx : None
cat_dims : [2]
bin_alt : None 


X_train shape : (1347, 376)
~~~~~~~~~~~~~~~~~~~~~~~~~~~~~~~~~~~~~~~~~~~~~~~~~~~~~~~~~~~~~~~~~~~~~~~~~~~~~~~
~~~~~~~~~~~~~~~~~~~~~~~~~~~~~~~~~~~~~~~~~~~~~~~~~~~~~~~~~~~~~~~~~~~~~~~~~~~~~~~
AFTER getting cat idx
Nominal Index : [0, 1, 2, 3, 4, 5, 6, 7]
Ordinal Index : None
Cat Idx : [0]
Cat dims : [2]
~~~~~~~~~~~~~~~~~~~~~~~~~~~~~~~~~~~~~~~~~~~~~~~~~~~~~~~~~~~~~~~~~~~~~~~~~~~~~~~
BEFORE getting cat idx
Nominal Index : [0, 1, 2, 3, 4, 5, 6, 7]
Ordinal Index : None
Cat Idx : [0, 1, 2, 3, 4, 5, 6, 7]
Cat dims : []
No one Hot for this Baby!!! 

ERROR during preprocessing in inner fold 5: y contains previously unseen labels: 'l'
Skipping inner fold 5 due to preprocessing error.
Warning: No inner folds completed successfully for HPO trial.
ERROR saving hyperparameters to file coz inner_cs issues: 'float' object has no attribute 'get_results'
  outer_3_inner Fold 1/5
Before Debugging -- Inner Fold 1
DEBUG Inner Fold 1: num_features: 376
DEBUG Inner Fold 1: num_classes: 1
DEBUG Inner Fold 1: cat_idx: [0]
DEBUG Inner Fold 1: nominal_idx: [0, 1, 2, 3, 4, 5, 6, 7]
DEBUG Inner Fold 1: ordinal_idx: None
DEBUG Inner Fold 1: num_idx: None
DEBUG Inner Fold 1: cat_dims: [2]
DEBUG Inner Fold 1: bin_alt: None
~~~~~~~~~~~~~~~~~~~~~~~~~~~~~~~~~~~~~~~~~~~~~~~~~~~~~~~~~~~~~~~~~~~~~~~~~~~~~~~
BEFORE ANY ENCODING
num_features :376
num_classes : 1
cat_idx : [0]
nominal_idx : [0, 1, 2, 3, 4, 5, 6, 7]
ordinal_idx : None
args.num_idx : None
cat_dims : [2]
bin_alt : None 


X_train shape : (1346, 376)
~~~~~~~~~~~~~~~~~~~~~~~~~~~~~~~~~~~~~~~~~~~~~~~~~~~~~~~~~~~~~~~~~~~~~~~~~~~~~~~
~~~~~~~~~~~~~~~~~~~~~~~~~~~~~~~~~~~~~~~~~~~~~~~~~~~~~~~~~~~~~~~~~~~~~~~~~~~~~~~
AFTER getting cat idx
Nominal Index : [0, 1, 2, 3, 4, 5, 6, 7]
Ordinal Index : None
Cat Idx : [0]
Cat dims : [2]
~~~~~~~~~~~~~~~~~~~~~~~~~~~~~~~~~~~~~~~~~~~~~~~~~~~~~~~~~~~~~~~~~~~~~~~~~~~~~~~
BEFORE getting cat idx
Nominal Index : [0, 1, 2, 3, 4, 5, 6, 7]
Ordinal Index : None
Cat Idx : [0, 1, 2, 3, 4, 5, 6, 7]
Cat dims : []
No one Hot for this Baby!!! 

ERROR during preprocessing in inner fold 1: y contains previously unseen labels: 'd'
Skipping inner fold 1 due to preprocessing error.
  outer_3_inner Fold 2/5
Before Debugging -- Inner Fold 2
DEBUG Inner Fold 2: num_features: 376
DEBUG Inner Fold 2: num_classes: 1
DEBUG Inner Fold 2: cat_idx: [0]
DEBUG Inner Fold 2: nominal_idx: [0, 1, 2, 3, 4, 5, 6, 7]
DEBUG Inner Fold 2: ordinal_idx: None
DEBUG Inner Fold 2: num_idx: None
DEBUG Inner Fold 2: cat_dims: [2]
DEBUG Inner Fold 2: bin_alt: None
~~~~~~~~~~~~~~~~~~~~~~~~~~~~~~~~~~~~~~~~~~~~~~~~~~~~~~~~~~~~~~~~~~~~~~~~~~~~~~~
BEFORE ANY ENCODING
num_features :376
num_classes : 1
cat_idx : [0]
nominal_idx : [0, 1, 2, 3, 4, 5, 6, 7]
ordinal_idx : None
args.num_idx : None
cat_dims : [2]
bin_alt : None 


X_train shape : (1346, 376)
~~~~~~~~~~~~~~~~~~~~~~~~~~~~~~~~~~~~~~~~~~~~~~~~~~~~~~~~~~~~~~~~~~~~~~~~~~~~~~~
~~~~~~~~~~~~~~~~~~~~~~~~~~~~~~~~~~~~~~~~~~~~~~~~~~~~~~~~~~~~~~~~~~~~~~~~~~~~~~~
AFTER getting cat idx
Nominal Index : [0, 1, 2, 3, 4, 5, 6, 7]
Ordinal Index : None
Cat Idx : [0]
Cat dims : [2]
~~~~~~~~~~~~~~~~~~~~~~~~~~~~~~~~~~~~~~~~~~~~~~~~~~~~~~~~~~~~~~~~~~~~~~~~~~~~~~~
BEFORE getting cat idx
Nominal Index : [0, 1, 2, 3, 4, 5, 6, 7]
Ordinal Index : None
Cat Idx : [0, 1, 2, 3, 4, 5, 6, 7]
Cat dims : []
No one Hot for this Baby!!! 

ERROR during preprocessing in inner fold 2: y contains previously unseen labels: 'aa'
Skipping inner fold 2 due to preprocessing error.
  outer_3_inner Fold 3/5
Before Debugging -- Inner Fold 3
DEBUG Inner Fold 3: num_features: 376
DEBUG Inner Fold 3: num_classes: 1
DEBUG Inner Fold 3: cat_idx: [0]
DEBUG Inner Fold 3: nominal_idx: [0, 1, 2, 3, 4, 5, 6, 7]
DEBUG Inner Fold 3: ordinal_idx: None
DEBUG Inner Fold 3: num_idx: None
DEBUG Inner Fold 3: cat_dims: [2]
DEBUG Inner Fold 3: bin_alt: None
~~~~~~~~~~~~~~~~~~~~~~~~~~~~~~~~~~~~~~~~~~~~~~~~~~~~~~~~~~~~~~~~~~~~~~~~~~~~~~~
BEFORE ANY ENCODING
num_features :376
num_classes : 1
cat_idx : [0]
nominal_idx : [0, 1, 2, 3, 4, 5, 6, 7]
ordinal_idx : None
args.num_idx : None
cat_dims : [2]
bin_alt : None 


X_train shape : (1346, 376)
~~~~~~~~~~~~~~~~~~~~~~~~~~~~~~~~~~~~~~~~~~~~~~~~~~~~~~~~~~~~~~~~~~~~~~~~~~~~~~~
~~~~~~~~~~~~~~~~~~~~~~~~~~~~~~~~~~~~~~~~~~~~~~~~~~~~~~~~~~~~~~~~~~~~~~~~~~~~~~~
AFTER getting cat idx
Nominal Index : [0, 1, 2, 3, 4, 5, 6, 7]
Ordinal Index : None
Cat Idx : [0]
Cat dims : [2]
~~~~~~~~~~~~~~~~~~~~~~~~~~~~~~~~~~~~~~~~~~~~~~~~~~~~~~~~~~~~~~~~~~~~~~~~~~~~~~~
BEFORE getting cat idx
Nominal Index : [0, 1, 2, 3, 4, 5, 6, 7]
Ordinal Index : None
Cat Idx : [0, 1, 2, 3, 4, 5, 6, 7]
Cat dims : []
No one Hot for this Baby!!! 

ERROR during preprocessing in inner fold 3: y contains previously unseen labels: 'af'
Skipping inner fold 3 due to preprocessing error.
  outer_3_inner Fold 4/5
Before Debugging -- Inner Fold 4
DEBUG Inner Fold 4: num_features: 376
DEBUG Inner Fold 4: num_classes: 1
DEBUG Inner Fold 4: cat_idx: [0]
DEBUG Inner Fold 4: nominal_idx: [0, 1, 2, 3, 4, 5, 6, 7]
DEBUG Inner Fold 4: ordinal_idx: None
DEBUG Inner Fold 4: num_idx: None
DEBUG Inner Fold 4: cat_dims: [2]
DEBUG Inner Fold 4: bin_alt: None
~~~~~~~~~~~~~~~~~~~~~~~~~~~~~~~~~~~~~~~~~~~~~~~~~~~~~~~~~~~~~~~~~~~~~~~~~~~~~~~
BEFORE ANY ENCODING
num_features :376
num_classes : 1
cat_idx : [0]
nominal_idx : [0, 1, 2, 3, 4, 5, 6, 7]
ordinal_idx : None
args.num_idx : None
cat_dims : [2]
bin_alt : None 


X_train shape : (1347, 376)
~~~~~~~~~~~~~~~~~~~~~~~~~~~~~~~~~~~~~~~~~~~~~~~~~~~~~~~~~~~~~~~~~~~~~~~~~~~~~~~
~~~~~~~~~~~~~~~~~~~~~~~~~~~~~~~~~~~~~~~~~~~~~~~~~~~~~~~~~~~~~~~~~~~~~~~~~~~~~~~
AFTER getting cat idx
Nominal Index : [0, 1, 2, 3, 4, 5, 6, 7]
Ordinal Index : None
Cat Idx : [0]
Cat dims : [2]
~~~~~~~~~~~~~~~~~~~~~~~~~~~~~~~~~~~~~~~~~~~~~~~~~~~~~~~~~~~~~~~~~~~~~~~~~~~~~~~
BEFORE getting cat idx
Nominal Index : [0, 1, 2, 3, 4, 5, 6, 7]
Ordinal Index : None
Cat Idx : [0, 1, 2, 3, 4, 5, 6, 7]
Cat dims : []
No one Hot for this Baby!!! 

ERROR during preprocessing in inner fold 4: y contains previously unseen labels: 'q'
Skipping inner fold 4 due to preprocessing error.
  outer_3_inner Fold 5/5
Before Debugging -- Inner Fold 5
DEBUG Inner Fold 5: num_features: 376
DEBUG Inner Fold 5: num_classes: 1
DEBUG Inner Fold 5: cat_idx: [0]
DEBUG Inner Fold 5: nominal_idx: [0, 1, 2, 3, 4, 5, 6, 7]
DEBUG Inner Fold 5: ordinal_idx: None
DEBUG Inner Fold 5: num_idx: None
DEBUG Inner Fold 5: cat_dims: [2]
DEBUG Inner Fold 5: bin_alt: None
~~~~~~~~~~~~~~~~~~~~~~~~~~~~~~~~~~~~~~~~~~~~~~~~~~~~~~~~~~~~~~~~~~~~~~~~~~~~~~~
BEFORE ANY ENCODING
num_features :376
num_classes : 1
cat_idx : [0]
nominal_idx : [0, 1, 2, 3, 4, 5, 6, 7]
ordinal_idx : None
args.num_idx : None
cat_dims : [2]
bin_alt : None 


X_train shape : (1347, 376)
~~~~~~~~~~~~~~~~~~~~~~~~~~~~~~~~~~~~~~~~~~~~~~~~~~~~~~~~~~~~~~~~~~~~~~~~~~~~~~~
~~~~~~~~~~~~~~~~~~~~~~~~~~~~~~~~~~~~~~~~~~~~~~~~~~~~~~~~~~~~~~~~~~~~~~~~~~~~~~~
AFTER getting cat idx
Nominal Index : [0, 1, 2, 3, 4, 5, 6, 7]
Ordinal Index : None
Cat Idx : [0]
Cat dims : [2]
~~~~~~~~~~~~~~~~~~~~~~~~~~~~~~~~~~~~~~~~~~~~~~~~~~~~~~~~~~~~~~~~~~~~~~~~~~~~~~~
BEFORE getting cat idx
Nominal Index : [0, 1, 2, 3, 4, 5, 6, 7]
Ordinal Index : None
Cat Idx : [0, 1, 2, 3, 4, 5, 6, 7]
Cat dims : []
No one Hot for this Baby!!! 

ERROR during preprocessing in inner fold 5: y contains previously unseen labels: 'l'
Skipping inner fold 5 due to preprocessing error.
Warning: No inner folds completed successfully for HPO trial.
ERROR saving hyperparameters to file coz inner_cs issues: 'float' object has no attribute 'get_results'
  outer_3_inner Fold 1/5
Before Debugging -- Inner Fold 1
DEBUG Inner Fold 1: num_features: 376
DEBUG Inner Fold 1: num_classes: 1
DEBUG Inner Fold 1: cat_idx: [0]
DEBUG Inner Fold 1: nominal_idx: [0, 1, 2, 3, 4, 5, 6, 7]
DEBUG Inner Fold 1: ordinal_idx: None
DEBUG Inner Fold 1: num_idx: None
DEBUG Inner Fold 1: cat_dims: [2]
DEBUG Inner Fold 1: bin_alt: None
~~~~~~~~~~~~~~~~~~~~~~~~~~~~~~~~~~~~~~~~~~~~~~~~~~~~~~~~~~~~~~~~~~~~~~~~~~~~~~~
BEFORE ANY ENCODING
num_features :376
num_classes : 1
cat_idx : [0]
nominal_idx : [0, 1, 2, 3, 4, 5, 6, 7]
ordinal_idx : None
args.num_idx : None
cat_dims : [2]
bin_alt : None 


X_train shape : (1346, 376)
~~~~~~~~~~~~~~~~~~~~~~~~~~~~~~~~~~~~~~~~~~~~~~~~~~~~~~~~~~~~~~~~~~~~~~~~~~~~~~~
~~~~~~~~~~~~~~~~~~~~~~~~~~~~~~~~~~~~~~~~~~~~~~~~~~~~~~~~~~~~~~~~~~~~~~~~~~~~~~~
AFTER getting cat idx
Nominal Index : [0, 1, 2, 3, 4, 5, 6, 7]
Ordinal Index : None
Cat Idx : [0]
Cat dims : [2]
~~~~~~~~~~~~~~~~~~~~~~~~~~~~~~~~~~~~~~~~~~~~~~~~~~~~~~~~~~~~~~~~~~~~~~~~~~~~~~~
BEFORE getting cat idx
Nominal Index : [0, 1, 2, 3, 4, 5, 6, 7]
Ordinal Index : None
Cat Idx : [0, 1, 2, 3, 4, 5, 6, 7]
Cat dims : []
No one Hot for this Baby!!! 

ERROR during preprocessing in inner fold 1: y contains previously unseen labels: 'd'
Skipping inner fold 1 due to preprocessing error.
  outer_3_inner Fold 2/5
Before Debugging -- Inner Fold 2
DEBUG Inner Fold 2: num_features: 376
DEBUG Inner Fold 2: num_classes: 1
DEBUG Inner Fold 2: cat_idx: [0]
DEBUG Inner Fold 2: nominal_idx: [0, 1, 2, 3, 4, 5, 6, 7]
DEBUG Inner Fold 2: ordinal_idx: None
DEBUG Inner Fold 2: num_idx: None
DEBUG Inner Fold 2: cat_dims: [2]
DEBUG Inner Fold 2: bin_alt: None
~~~~~~~~~~~~~~~~~~~~~~~~~~~~~~~~~~~~~~~~~~~~~~~~~~~~~~~~~~~~~~~~~~~~~~~~~~~~~~~
BEFORE ANY ENCODING
num_features :376
num_classes : 1
cat_idx : [0]
nominal_idx : [0, 1, 2, 3, 4, 5, 6, 7]
ordinal_idx : None
args.num_idx : None
cat_dims : [2]
bin_alt : None 


X_train shape : (1346, 376)
~~~~~~~~~~~~~~~~~~~~~~~~~~~~~~~~~~~~~~~~~~~~~~~~~~~~~~~~~~~~~~~~~~~~~~~~~~~~~~~
~~~~~~~~~~~~~~~~~~~~~~~~~~~~~~~~~~~~~~~~~~~~~~~~~~~~~~~~~~~~~~~~~~~~~~~~~~~~~~~
AFTER getting cat idx
Nominal Index : [0, 1, 2, 3, 4, 5, 6, 7]
Ordinal Index : None
Cat Idx : [0]
Cat dims : [2]
~~~~~~~~~~~~~~~~~~~~~~~~~~~~~~~~~~~~~~~~~~~~~~~~~~~~~~~~~~~~~~~~~~~~~~~~~~~~~~~
BEFORE getting cat idx
Nominal Index : [0, 1, 2, 3, 4, 5, 6, 7]
Ordinal Index : None
Cat Idx : [0, 1, 2, 3, 4, 5, 6, 7]
Cat dims : []
No one Hot for this Baby!!! 

ERROR during preprocessing in inner fold 2: y contains previously unseen labels: 'aa'
Skipping inner fold 2 due to preprocessing error.
  outer_3_inner Fold 3/5
Before Debugging -- Inner Fold 3
DEBUG Inner Fold 3: num_features: 376
DEBUG Inner Fold 3: num_classes: 1
DEBUG Inner Fold 3: cat_idx: [0]
DEBUG Inner Fold 3: nominal_idx: [0, 1, 2, 3, 4, 5, 6, 7]
DEBUG Inner Fold 3: ordinal_idx: None
DEBUG Inner Fold 3: num_idx: None
DEBUG Inner Fold 3: cat_dims: [2]
DEBUG Inner Fold 3: bin_alt: None
~~~~~~~~~~~~~~~~~~~~~~~~~~~~~~~~~~~~~~~~~~~~~~~~~~~~~~~~~~~~~~~~~~~~~~~~~~~~~~~
BEFORE ANY ENCODING
num_features :376
num_classes : 1
cat_idx : [0]
nominal_idx : [0, 1, 2, 3, 4, 5, 6, 7]
ordinal_idx : None
args.num_idx : None
cat_dims : [2]
bin_alt : None 


X_train shape : (1346, 376)
~~~~~~~~~~~~~~~~~~~~~~~~~~~~~~~~~~~~~~~~~~~~~~~~~~~~~~~~~~~~~~~~~~~~~~~~~~~~~~~
~~~~~~~~~~~~~~~~~~~~~~~~~~~~~~~~~~~~~~~~~~~~~~~~~~~~~~~~~~~~~~~~~~~~~~~~~~~~~~~
AFTER getting cat idx
Nominal Index : [0, 1, 2, 3, 4, 5, 6, 7]
Ordinal Index : None
Cat Idx : [0]
Cat dims : [2]
~~~~~~~~~~~~~~~~~~~~~~~~~~~~~~~~~~~~~~~~~~~~~~~~~~~~~~~~~~~~~~~~~~~~~~~~~~~~~~~
BEFORE getting cat idx
Nominal Index : [0, 1, 2, 3, 4, 5, 6, 7]
Ordinal Index : None
Cat Idx : [0, 1, 2, 3, 4, 5, 6, 7]
Cat dims : []
No one Hot for this Baby!!! 

ERROR during preprocessing in inner fold 3: y contains previously unseen labels: 'af'
Skipping inner fold 3 due to preprocessing error.
  outer_3_inner Fold 4/5
Before Debugging -- Inner Fold 4
DEBUG Inner Fold 4: num_features: 376
DEBUG Inner Fold 4: num_classes: 1
DEBUG Inner Fold 4: cat_idx: [0]
DEBUG Inner Fold 4: nominal_idx: [0, 1, 2, 3, 4, 5, 6, 7]
DEBUG Inner Fold 4: ordinal_idx: None
DEBUG Inner Fold 4: num_idx: None
DEBUG Inner Fold 4: cat_dims: [2]
DEBUG Inner Fold 4: bin_alt: None
~~~~~~~~~~~~~~~~~~~~~~~~~~~~~~~~~~~~~~~~~~~~~~~~~~~~~~~~~~~~~~~~~~~~~~~~~~~~~~~
BEFORE ANY ENCODING
num_features :376
num_classes : 1
cat_idx : [0]
nominal_idx : [0, 1, 2, 3, 4, 5, 6, 7]
ordinal_idx : None
args.num_idx : None
cat_dims : [2]
bin_alt : None 


X_train shape : (1347, 376)
~~~~~~~~~~~~~~~~~~~~~~~~~~~~~~~~~~~~~~~~~~~~~~~~~~~~~~~~~~~~~~~~~~~~~~~~~~~~~~~
~~~~~~~~~~~~~~~~~~~~~~~~~~~~~~~~~~~~~~~~~~~~~~~~~~~~~~~~~~~~~~~~~~~~~~~~~~~~~~~
AFTER getting cat idx
Nominal Index : [0, 1, 2, 3, 4, 5, 6, 7]
Ordinal Index : None
Cat Idx : [0]
Cat dims : [2]
~~~~~~~~~~~~~~~~~~~~~~~~~~~~~~~~~~~~~~~~~~~~~~~~~~~~~~~~~~~~~~~~~~~~~~~~~~~~~~~
BEFORE getting cat idx
Nominal Index : [0, 1, 2, 3, 4, 5, 6, 7]
Ordinal Index : None
Cat Idx : [0, 1, 2, 3, 4, 5, 6, 7]
Cat dims : []
No one Hot for this Baby!!! 

ERROR during preprocessing in inner fold 4: y contains previously unseen labels: 'q'
Skipping inner fold 4 due to preprocessing error.
  outer_3_inner Fold 5/5
Before Debugging -- Inner Fold 5
DEBUG Inner Fold 5: num_features: 376
DEBUG Inner Fold 5: num_classes: 1
DEBUG Inner Fold 5: cat_idx: [0]
DEBUG Inner Fold 5: nominal_idx: [0, 1, 2, 3, 4, 5, 6, 7]
DEBUG Inner Fold 5: ordinal_idx: None
DEBUG Inner Fold 5: num_idx: None
DEBUG Inner Fold 5: cat_dims: [2]
DEBUG Inner Fold 5: bin_alt: None
~~~~~~~~~~~~~~~~~~~~~~~~~~~~~~~~~~~~~~~~~~~~~~~~~~~~~~~~~~~~~~~~~~~~~~~~~~~~~~~
BEFORE ANY ENCODING
num_features :376
num_classes : 1
cat_idx : [0]
nominal_idx : [0, 1, 2, 3, 4, 5, 6, 7]
ordinal_idx : None
args.num_idx : None
cat_dims : [2]
bin_alt : None 


X_train shape : (1347, 376)
~~~~~~~~~~~~~~~~~~~~~~~~~~~~~~~~~~~~~~~~~~~~~~~~~~~~~~~~~~~~~~~~~~~~~~~~~~~~~~~
~~~~~~~~~~~~~~~~~~~~~~~~~~~~~~~~~~~~~~~~~~~~~~~~~~~~~~~~~~~~~~~~~~~~~~~~~~~~~~~
AFTER getting cat idx
Nominal Index : [0, 1, 2, 3, 4, 5, 6, 7]
Ordinal Index : None
Cat Idx : [0]
Cat dims : [2]
~~~~~~~~~~~~~~~~~~~~~~~~~~~~~~~~~~~~~~~~~~~~~~~~~~~~~~~~~~~~~~~~~~~~~~~~~~~~~~~
BEFORE getting cat idx
Nominal Index : [0, 1, 2, 3, 4, 5, 6, 7]
Ordinal Index : None
Cat Idx : [0, 1, 2, 3, 4, 5, 6, 7]
Cat dims : []
No one Hot for this Baby!!! 

ERROR during preprocessing in inner fold 5: y contains previously unseen labels: 'l'
Skipping inner fold 5 due to preprocessing error.
Warning: No inner folds completed successfully for HPO trial.
ERROR saving hyperparameters to file coz inner_cs issues: 'float' object has no attribute 'get_results'
  outer_3_inner Fold 1/5
Before Debugging -- Inner Fold 1
DEBUG Inner Fold 1: num_features: 376
DEBUG Inner Fold 1: num_classes: 1
DEBUG Inner Fold 1: cat_idx: [0]
DEBUG Inner Fold 1: nominal_idx: [0, 1, 2, 3, 4, 5, 6, 7]
DEBUG Inner Fold 1: ordinal_idx: None
DEBUG Inner Fold 1: num_idx: None
DEBUG Inner Fold 1: cat_dims: [2]
DEBUG Inner Fold 1: bin_alt: None
~~~~~~~~~~~~~~~~~~~~~~~~~~~~~~~~~~~~~~~~~~~~~~~~~~~~~~~~~~~~~~~~~~~~~~~~~~~~~~~
BEFORE ANY ENCODING
num_features :376
num_classes : 1
cat_idx : [0]
nominal_idx : [0, 1, 2, 3, 4, 5, 6, 7]
ordinal_idx : None
args.num_idx : None
cat_dims : [2]
bin_alt : None 


X_train shape : (1346, 376)
~~~~~~~~~~~~~~~~~~~~~~~~~~~~~~~~~~~~~~~~~~~~~~~~~~~~~~~~~~~~~~~~~~~~~~~~~~~~~~~
~~~~~~~~~~~~~~~~~~~~~~~~~~~~~~~~~~~~~~~~~~~~~~~~~~~~~~~~~~~~~~~~~~~~~~~~~~~~~~~
AFTER getting cat idx
Nominal Index : [0, 1, 2, 3, 4, 5, 6, 7]
Ordinal Index : None
Cat Idx : [0]
Cat dims : [2]
~~~~~~~~~~~~~~~~~~~~~~~~~~~~~~~~~~~~~~~~~~~~~~~~~~~~~~~~~~~~~~~~~~~~~~~~~~~~~~~
BEFORE getting cat idx
Nominal Index : [0, 1, 2, 3, 4, 5, 6, 7]
Ordinal Index : None
Cat Idx : [0, 1, 2, 3, 4, 5, 6, 7]
Cat dims : []
No one Hot for this Baby!!! 

ERROR during preprocessing in inner fold 1: y contains previously unseen labels: 'd'
Skipping inner fold 1 due to preprocessing error.
  outer_3_inner Fold 2/5
Before Debugging -- Inner Fold 2
DEBUG Inner Fold 2: num_features: 376
DEBUG Inner Fold 2: num_classes: 1
DEBUG Inner Fold 2: cat_idx: [0]
DEBUG Inner Fold 2: nominal_idx: [0, 1, 2, 3, 4, 5, 6, 7]
DEBUG Inner Fold 2: ordinal_idx: None
DEBUG Inner Fold 2: num_idx: None
DEBUG Inner Fold 2: cat_dims: [2]
DEBUG Inner Fold 2: bin_alt: None
~~~~~~~~~~~~~~~~~~~~~~~~~~~~~~~~~~~~~~~~~~~~~~~~~~~~~~~~~~~~~~~~~~~~~~~~~~~~~~~
BEFORE ANY ENCODING
num_features :376
num_classes : 1
cat_idx : [0]
nominal_idx : [0, 1, 2, 3, 4, 5, 6, 7]
ordinal_idx : None
args.num_idx : None
cat_dims : [2]
bin_alt : None 


X_train shape : (1346, 376)
~~~~~~~~~~~~~~~~~~~~~~~~~~~~~~~~~~~~~~~~~~~~~~~~~~~~~~~~~~~~~~~~~~~~~~~~~~~~~~~
~~~~~~~~~~~~~~~~~~~~~~~~~~~~~~~~~~~~~~~~~~~~~~~~~~~~~~~~~~~~~~~~~~~~~~~~~~~~~~~
AFTER getting cat idx
Nominal Index : [0, 1, 2, 3, 4, 5, 6, 7]
Ordinal Index : None
Cat Idx : [0]
Cat dims : [2]
~~~~~~~~~~~~~~~~~~~~~~~~~~~~~~~~~~~~~~~~~~~~~~~~~~~~~~~~~~~~~~~~~~~~~~~~~~~~~~~
BEFORE getting cat idx
Nominal Index : [0, 1, 2, 3, 4, 5, 6, 7]
Ordinal Index : None
Cat Idx : [0, 1, 2, 3, 4, 5, 6, 7]
Cat dims : []
No one Hot for this Baby!!! 

ERROR during preprocessing in inner fold 2: y contains previously unseen labels: 'aa'
Skipping inner fold 2 due to preprocessing error.
  outer_3_inner Fold 3/5
Before Debugging -- Inner Fold 3
DEBUG Inner Fold 3: num_features: 376
DEBUG Inner Fold 3: num_classes: 1
DEBUG Inner Fold 3: cat_idx: [0]
DEBUG Inner Fold 3: nominal_idx: [0, 1, 2, 3, 4, 5, 6, 7]
DEBUG Inner Fold 3: ordinal_idx: None
DEBUG Inner Fold 3: num_idx: None
DEBUG Inner Fold 3: cat_dims: [2]
DEBUG Inner Fold 3: bin_alt: None
~~~~~~~~~~~~~~~~~~~~~~~~~~~~~~~~~~~~~~~~~~~~~~~~~~~~~~~~~~~~~~~~~~~~~~~~~~~~~~~
BEFORE ANY ENCODING
num_features :376
num_classes : 1
cat_idx : [0]
nominal_idx : [0, 1, 2, 3, 4, 5, 6, 7]
ordinal_idx : None
args.num_idx : None
cat_dims : [2]
bin_alt : None 


X_train shape : (1346, 376)
~~~~~~~~~~~~~~~~~~~~~~~~~~~~~~~~~~~~~~~~~~~~~~~~~~~~~~~~~~~~~~~~~~~~~~~~~~~~~~~
~~~~~~~~~~~~~~~~~~~~~~~~~~~~~~~~~~~~~~~~~~~~~~~~~~~~~~~~~~~~~~~~~~~~~~~~~~~~~~~
AFTER getting cat idx
Nominal Index : [0, 1, 2, 3, 4, 5, 6, 7]
Ordinal Index : None
Cat Idx : [0]
Cat dims : [2]
~~~~~~~~~~~~~~~~~~~~~~~~~~~~~~~~~~~~~~~~~~~~~~~~~~~~~~~~~~~~~~~~~~~~~~~~~~~~~~~
BEFORE getting cat idx
Nominal Index : [0, 1, 2, 3, 4, 5, 6, 7]
Ordinal Index : None
Cat Idx : [0, 1, 2, 3, 4, 5, 6, 7]
Cat dims : []
No one Hot for this Baby!!! 

ERROR during preprocessing in inner fold 3: y contains previously unseen labels: 'af'
Skipping inner fold 3 due to preprocessing error.
  outer_3_inner Fold 4/5
Before Debugging -- Inner Fold 4
DEBUG Inner Fold 4: num_features: 376
DEBUG Inner Fold 4: num_classes: 1
DEBUG Inner Fold 4: cat_idx: [0]
DEBUG Inner Fold 4: nominal_idx: [0, 1, 2, 3, 4, 5, 6, 7]
DEBUG Inner Fold 4: ordinal_idx: None
DEBUG Inner Fold 4: num_idx: None
DEBUG Inner Fold 4: cat_dims: [2]
DEBUG Inner Fold 4: bin_alt: None
~~~~~~~~~~~~~~~~~~~~~~~~~~~~~~~~~~~~~~~~~~~~~~~~~~~~~~~~~~~~~~~~~~~~~~~~~~~~~~~
BEFORE ANY ENCODING
num_features :376
num_classes : 1
cat_idx : [0]
nominal_idx : [0, 1, 2, 3, 4, 5, 6, 7]
ordinal_idx : None
args.num_idx : None
cat_dims : [2]
bin_alt : None 


X_train shape : (1347, 376)
~~~~~~~~~~~~~~~~~~~~~~~~~~~~~~~~~~~~~~~~~~~~~~~~~~~~~~~~~~~~~~~~~~~~~~~~~~~~~~~
~~~~~~~~~~~~~~~~~~~~~~~~~~~~~~~~~~~~~~~~~~~~~~~~~~~~~~~~~~~~~~~~~~~~~~~~~~~~~~~
AFTER getting cat idx
Nominal Index : [0, 1, 2, 3, 4, 5, 6, 7]
Ordinal Index : None
Cat Idx : [0]
Cat dims : [2]
~~~~~~~~~~~~~~~~~~~~~~~~~~~~~~~~~~~~~~~~~~~~~~~~~~~~~~~~~~~~~~~~~~~~~~~~~~~~~~~
BEFORE getting cat idx
Nominal Index : [0, 1, 2, 3, 4, 5, 6, 7]
Ordinal Index : None
Cat Idx : [0, 1, 2, 3, 4, 5, 6, 7]
Cat dims : []
No one Hot for this Baby!!! 

ERROR during preprocessing in inner fold 4: y contains previously unseen labels: 'q'
Skipping inner fold 4 due to preprocessing error.
  outer_3_inner Fold 5/5
Before Debugging -- Inner Fold 5
DEBUG Inner Fold 5: num_features: 376
DEBUG Inner Fold 5: num_classes: 1
DEBUG Inner Fold 5: cat_idx: [0]
DEBUG Inner Fold 5: nominal_idx: [0, 1, 2, 3, 4, 5, 6, 7]
DEBUG Inner Fold 5: ordinal_idx: None
DEBUG Inner Fold 5: num_idx: None
DEBUG Inner Fold 5: cat_dims: [2]
DEBUG Inner Fold 5: bin_alt: None
~~~~~~~~~~~~~~~~~~~~~~~~~~~~~~~~~~~~~~~~~~~~~~~~~~~~~~~~~~~~~~~~~~~~~~~~~~~~~~~
BEFORE ANY ENCODING
num_features :376
num_classes : 1
cat_idx : [0]
nominal_idx : [0, 1, 2, 3, 4, 5, 6, 7]
ordinal_idx : None
args.num_idx : None
cat_dims : [2]
bin_alt : None 


X_train shape : (1347, 376)
~~~~~~~~~~~~~~~~~~~~~~~~~~~~~~~~~~~~~~~~~~~~~~~~~~~~~~~~~~~~~~~~~~~~~~~~~~~~~~~
~~~~~~~~~~~~~~~~~~~~~~~~~~~~~~~~~~~~~~~~~~~~~~~~~~~~~~~~~~~~~~~~~~~~~~~~~~~~~~~
AFTER getting cat idx
Nominal Index : [0, 1, 2, 3, 4, 5, 6, 7]
Ordinal Index : None
Cat Idx : [0]
Cat dims : [2]
~~~~~~~~~~~~~~~~~~~~~~~~~~~~~~~~~~~~~~~~~~~~~~~~~~~~~~~~~~~~~~~~~~~~~~~~~~~~~~~
BEFORE getting cat idx
Nominal Index : [0, 1, 2, 3, 4, 5, 6, 7]
Ordinal Index : None
Cat Idx : [0, 1, 2, 3, 4, 5, 6, 7]
Cat dims : []
No one Hot for this Baby!!! 

ERROR during preprocessing in inner fold 5: y contains previously unseen labels: 'l'
Skipping inner fold 5 due to preprocessing error.
Warning: No inner folds completed successfully for HPO trial.
ERROR saving hyperparameters to file coz inner_cs issues: 'float' object has no attribute 'get_results'
  outer_3_inner Fold 1/5
Before Debugging -- Inner Fold 1
DEBUG Inner Fold 1: num_features: 376
DEBUG Inner Fold 1: num_classes: 1
DEBUG Inner Fold 1: cat_idx: [0]
DEBUG Inner Fold 1: nominal_idx: [0, 1, 2, 3, 4, 5, 6, 7]
DEBUG Inner Fold 1: ordinal_idx: None
DEBUG Inner Fold 1: num_idx: None
DEBUG Inner Fold 1: cat_dims: [2]
DEBUG Inner Fold 1: bin_alt: None
~~~~~~~~~~~~~~~~~~~~~~~~~~~~~~~~~~~~~~~~~~~~~~~~~~~~~~~~~~~~~~~~~~~~~~~~~~~~~~~
BEFORE ANY ENCODING
num_features :376
num_classes : 1
cat_idx : [0]
nominal_idx : [0, 1, 2, 3, 4, 5, 6, 7]
ordinal_idx : None
args.num_idx : None
cat_dims : [2]
bin_alt : None 


X_train shape : (1346, 376)
~~~~~~~~~~~~~~~~~~~~~~~~~~~~~~~~~~~~~~~~~~~~~~~~~~~~~~~~~~~~~~~~~~~~~~~~~~~~~~~
~~~~~~~~~~~~~~~~~~~~~~~~~~~~~~~~~~~~~~~~~~~~~~~~~~~~~~~~~~~~~~~~~~~~~~~~~~~~~~~
AFTER getting cat idx
Nominal Index : [0, 1, 2, 3, 4, 5, 6, 7]
Ordinal Index : None
Cat Idx : [0]
Cat dims : [2]
~~~~~~~~~~~~~~~~~~~~~~~~~~~~~~~~~~~~~~~~~~~~~~~~~~~~~~~~~~~~~~~~~~~~~~~~~~~~~~~
BEFORE getting cat idx
Nominal Index : [0, 1, 2, 3, 4, 5, 6, 7]
Ordinal Index : None
Cat Idx : [0, 1, 2, 3, 4, 5, 6, 7]
Cat dims : []
No one Hot for this Baby!!! 

ERROR during preprocessing in inner fold 1: y contains previously unseen labels: 'd'
Skipping inner fold 1 due to preprocessing error.
  outer_3_inner Fold 2/5
Before Debugging -- Inner Fold 2
DEBUG Inner Fold 2: num_features: 376
DEBUG Inner Fold 2: num_classes: 1
DEBUG Inner Fold 2: cat_idx: [0]
DEBUG Inner Fold 2: nominal_idx: [0, 1, 2, 3, 4, 5, 6, 7]
DEBUG Inner Fold 2: ordinal_idx: None
DEBUG Inner Fold 2: num_idx: None
DEBUG Inner Fold 2: cat_dims: [2]
DEBUG Inner Fold 2: bin_alt: None
~~~~~~~~~~~~~~~~~~~~~~~~~~~~~~~~~~~~~~~~~~~~~~~~~~~~~~~~~~~~~~~~~~~~~~~~~~~~~~~
BEFORE ANY ENCODING
num_features :376
num_classes : 1
cat_idx : [0]
nominal_idx : [0, 1, 2, 3, 4, 5, 6, 7]
ordinal_idx : None
args.num_idx : None
cat_dims : [2]
bin_alt : None 


X_train shape : (1346, 376)
~~~~~~~~~~~~~~~~~~~~~~~~~~~~~~~~~~~~~~~~~~~~~~~~~~~~~~~~~~~~~~~~~~~~~~~~~~~~~~~
~~~~~~~~~~~~~~~~~~~~~~~~~~~~~~~~~~~~~~~~~~~~~~~~~~~~~~~~~~~~~~~~~~~~~~~~~~~~~~~
AFTER getting cat idx
Nominal Index : [0, 1, 2, 3, 4, 5, 6, 7]
Ordinal Index : None
Cat Idx : [0]
Cat dims : [2]
~~~~~~~~~~~~~~~~~~~~~~~~~~~~~~~~~~~~~~~~~~~~~~~~~~~~~~~~~~~~~~~~~~~~~~~~~~~~~~~
BEFORE getting cat idx
Nominal Index : [0, 1, 2, 3, 4, 5, 6, 7]
Ordinal Index : None
Cat Idx : [0, 1, 2, 3, 4, 5, 6, 7]
Cat dims : []
No one Hot for this Baby!!! 

ERROR during preprocessing in inner fold 2: y contains previously unseen labels: 'aa'
Skipping inner fold 2 due to preprocessing error.
  outer_3_inner Fold 3/5
Before Debugging -- Inner Fold 3
DEBUG Inner Fold 3: num_features: 376
DEBUG Inner Fold 3: num_classes: 1
DEBUG Inner Fold 3: cat_idx: [0]
DEBUG Inner Fold 3: nominal_idx: [0, 1, 2, 3, 4, 5, 6, 7]
DEBUG Inner Fold 3: ordinal_idx: None
DEBUG Inner Fold 3: num_idx: None
DEBUG Inner Fold 3: cat_dims: [2]
DEBUG Inner Fold 3: bin_alt: None
~~~~~~~~~~~~~~~~~~~~~~~~~~~~~~~~~~~~~~~~~~~~~~~~~~~~~~~~~~~~~~~~~~~~~~~~~~~~~~~
BEFORE ANY ENCODING
num_features :376
num_classes : 1
cat_idx : [0]
nominal_idx : [0, 1, 2, 3, 4, 5, 6, 7]
ordinal_idx : None
args.num_idx : None
cat_dims : [2]
bin_alt : None 


X_train shape : (1346, 376)
~~~~~~~~~~~~~~~~~~~~~~~~~~~~~~~~~~~~~~~~~~~~~~~~~~~~~~~~~~~~~~~~~~~~~~~~~~~~~~~
~~~~~~~~~~~~~~~~~~~~~~~~~~~~~~~~~~~~~~~~~~~~~~~~~~~~~~~~~~~~~~~~~~~~~~~~~~~~~~~
AFTER getting cat idx
Nominal Index : [0, 1, 2, 3, 4, 5, 6, 7]
Ordinal Index : None
Cat Idx : [0]
Cat dims : [2]
~~~~~~~~~~~~~~~~~~~~~~~~~~~~~~~~~~~~~~~~~~~~~~~~~~~~~~~~~~~~~~~~~~~~~~~~~~~~~~~
BEFORE getting cat idx
Nominal Index : [0, 1, 2, 3, 4, 5, 6, 7]
Ordinal Index : None
Cat Idx : [0, 1, 2, 3, 4, 5, 6, 7]
Cat dims : []
No one Hot for this Baby!!! 

ERROR during preprocessing in inner fold 3: y contains previously unseen labels: 'af'
Skipping inner fold 3 due to preprocessing error.
  outer_3_inner Fold 4/5
Before Debugging -- Inner Fold 4
DEBUG Inner Fold 4: num_features: 376
DEBUG Inner Fold 4: num_classes: 1
DEBUG Inner Fold 4: cat_idx: [0]
DEBUG Inner Fold 4: nominal_idx: [0, 1, 2, 3, 4, 5, 6, 7]
DEBUG Inner Fold 4: ordinal_idx: None
DEBUG Inner Fold 4: num_idx: None
DEBUG Inner Fold 4: cat_dims: [2]
DEBUG Inner Fold 4: bin_alt: None
~~~~~~~~~~~~~~~~~~~~~~~~~~~~~~~~~~~~~~~~~~~~~~~~~~~~~~~~~~~~~~~~~~~~~~~~~~~~~~~
BEFORE ANY ENCODING
num_features :376
num_classes : 1
cat_idx : [0]
nominal_idx : [0, 1, 2, 3, 4, 5, 6, 7]
ordinal_idx : None
args.num_idx : None
cat_dims : [2]
bin_alt : None 


X_train shape : (1347, 376)
~~~~~~~~~~~~~~~~~~~~~~~~~~~~~~~~~~~~~~~~~~~~~~~~~~~~~~~~~~~~~~~~~~~~~~~~~~~~~~~
~~~~~~~~~~~~~~~~~~~~~~~~~~~~~~~~~~~~~~~~~~~~~~~~~~~~~~~~~~~~~~~~~~~~~~~~~~~~~~~
AFTER getting cat idx
Nominal Index : [0, 1, 2, 3, 4, 5, 6, 7]
Ordinal Index : None
Cat Idx : [0]
Cat dims : [2]
~~~~~~~~~~~~~~~~~~~~~~~~~~~~~~~~~~~~~~~~~~~~~~~~~~~~~~~~~~~~~~~~~~~~~~~~~~~~~~~
BEFORE getting cat idx
Nominal Index : [0, 1, 2, 3, 4, 5, 6, 7]
Ordinal Index : None
Cat Idx : [0, 1, 2, 3, 4, 5, 6, 7]
Cat dims : []
No one Hot for this Baby!!! 

ERROR during preprocessing in inner fold 4: y contains previously unseen labels: 'q'
Skipping inner fold 4 due to preprocessing error.
  outer_3_inner Fold 5/5
Before Debugging -- Inner Fold 5
DEBUG Inner Fold 5: num_features: 376
DEBUG Inner Fold 5: num_classes: 1
DEBUG Inner Fold 5: cat_idx: [0]
DEBUG Inner Fold 5: nominal_idx: [0, 1, 2, 3, 4, 5, 6, 7]
DEBUG Inner Fold 5: ordinal_idx: None
DEBUG Inner Fold 5: num_idx: None
DEBUG Inner Fold 5: cat_dims: [2]
DEBUG Inner Fold 5: bin_alt: None
~~~~~~~~~~~~~~~~~~~~~~~~~~~~~~~~~~~~~~~~~~~~~~~~~~~~~~~~~~~~~~~~~~~~~~~~~~~~~~~
BEFORE ANY ENCODING
num_features :376
num_classes : 1
cat_idx : [0]
nominal_idx : [0, 1, 2, 3, 4, 5, 6, 7]
ordinal_idx : None
args.num_idx : None
cat_dims : [2]
bin_alt : None 


X_train shape : (1347, 376)
~~~~~~~~~~~~~~~~~~~~~~~~~~~~~~~~~~~~~~~~~~~~~~~~~~~~~~~~~~~~~~~~~~~~~~~~~~~~~~~
~~~~~~~~~~~~~~~~~~~~~~~~~~~~~~~~~~~~~~~~~~~~~~~~~~~~~~~~~~~~~~~~~~~~~~~~~~~~~~~
AFTER getting cat idx
Nominal Index : [0, 1, 2, 3, 4, 5, 6, 7]
Ordinal Index : None
Cat Idx : [0]
Cat dims : [2]
~~~~~~~~~~~~~~~~~~~~~~~~~~~~~~~~~~~~~~~~~~~~~~~~~~~~~~~~~~~~~~~~~~~~~~~~~~~~~~~
BEFORE getting cat idx
Nominal Index : [0, 1, 2, 3, 4, 5, 6, 7]
Ordinal Index : None
Cat Idx : [0, 1, 2, 3, 4, 5, 6, 7]
Cat dims : []
No one Hot for this Baby!!! 

ERROR during preprocessing in inner fold 5: y contains previously unseen labels: 'l'
Skipping inner fold 5 due to preprocessing error.
Warning: No inner folds completed successfully for HPO trial.
ERROR saving hyperparameters to file coz inner_cs issues: 'float' object has no attribute 'get_results'
Best Hyperparameters found for Outer Fold 3: {'max_depth': 4, 'alpha': 1.211194514037469e-06, 'lambda': 8.944513724177289e-08, 'eta': 0.19225294165016193}
Best Inner CV Score : 0.0000
Hyperparameter Optimization for Outer Fold 3 finished in 0.08 seconds.
Before Debugging -- Outer Fold 3
DEBUG Outer Fold 3: num_features: 376
DEBUG Outer Fold 3: num_classes: 1
DEBUG Outer Fold 3: cat_idx: [0]
DEBUG Outer Fold 3: nominal_idx: [0, 1, 2, 3, 4, 5, 6, 7]
DEBUG Outer Fold 3: ordinal_idx: None
DEBUG Outer Fold 3: num_idx: None
DEBUG Outer Fold 3: cat_dims: [2]
DEBUG Outer Fold 3: bin_alt: None
~~~~~~~~~~~~~~~~~~~~~~~~~~~~~~~~~~~~~~~~~~~~~~~~~~~~~~~~~~~~~~~~~~~~~~~~~~~~~~~
BEFORE ANY ENCODING
num_features :376
num_classes : 1
cat_idx : [0]
nominal_idx : [0, 1, 2, 3, 4, 5, 6, 7]
ordinal_idx : None
args.num_idx : None
cat_dims : [2]
bin_alt : None 


X_train shape : (1683, 376)
~~~~~~~~~~~~~~~~~~~~~~~~~~~~~~~~~~~~~~~~~~~~~~~~~~~~~~~~~~~~~~~~~~~~~~~~~~~~~~~
~~~~~~~~~~~~~~~~~~~~~~~~~~~~~~~~~~~~~~~~~~~~~~~~~~~~~~~~~~~~~~~~~~~~~~~~~~~~~~~
AFTER getting cat idx
Nominal Index : [0, 1, 2, 3, 4, 5, 6, 7]
Ordinal Index : None
Cat Idx : [0]
Cat dims : [2]
~~~~~~~~~~~~~~~~~~~~~~~~~~~~~~~~~~~~~~~~~~~~~~~~~~~~~~~~~~~~~~~~~~~~~~~~~~~~~~~
BEFORE getting cat idx
Nominal Index : [0, 1, 2, 3, 4, 5, 6, 7]
Ordinal Index : None
Cat Idx : [0, 1, 2, 3, 4, 5, 6, 7]
Cat dims : []
No one Hot for this Baby!!! 

~~~~~~~~~~~~~~~~~~~~~~~~~~~~~~~~~~~~~~~~~~~~~~~~~~~~~~~~~~~~~~~~~~~~~~~~~~~~~~~ 


AFTER SEPARATING CATEGORICALS AND NUMERICALS
Ordinal Index : None
Numerical Index V1 : [8, 9, 10, 11, 12, 13, 14, 15, 16, 17, 18, 19, 20, 21, 22, 23, 24, 25, 26, 27, 28, 29, 30, 31, 32, 33, 34, 35, 36, 37, 38, 39, 40, 41, 42, 43, 44, 45, 46, 47, 48, 49, 50, 51, 52, 53, 54, 55, 56, 57, 58, 59, 60, 61, 62, 63, 64, 65, 66, 67, 68, 69, 70, 71, 72, 73, 74, 75, 76, 77, 78, 79, 80, 81, 82, 83, 84, 85, 86, 87, 88, 89, 90, 91, 92, 93, 94, 95, 96, 97, 98, 99, 100, 101, 102, 103, 104, 105, 106, 107, 108, 109, 110, 111, 112, 113, 114, 115, 116, 117, 118, 119, 120, 121, 122, 123, 124, 125, 126, 127, 128, 129, 130, 131, 132, 133, 134, 135, 136, 137, 138, 139, 140, 141, 142, 143, 144, 145, 146, 147, 148, 149, 150, 151, 152, 153, 154, 155, 156, 157, 158, 159, 160, 161, 162, 163, 164, 165, 166, 167, 168, 169, 170, 171, 172, 173, 174, 175, 176, 177, 178, 179, 180, 181, 182, 183, 184, 185, 186, 187, 188, 189, 190, 191, 192, 193, 194, 195, 196, 197, 198, 199, 200, 201, 202, 203, 204, 205, 206, 207, 208, 209, 210, 211, 212, 213, 214, 215, 216, 217, 218, 219, 220, 221, 222, 223, 224, 225, 226, 227, 228, 229, 230, 231, 232, 233, 234, 235, 236, 237, 238, 239, 240, 241, 242, 243, 244, 245, 246, 247, 248, 249, 250, 251, 252, 253, 254, 255, 256, 257, 258, 259, 260, 261, 262, 263, 264, 265, 266, 267, 268, 269, 270, 271, 272, 273, 274, 275, 276, 277, 278, 279, 280, 281, 282, 283, 284, 285, 286, 287, 288, 289, 290, 291, 292, 293, 294, 295, 296, 297, 298, 299, 300, 301, 302, 303, 304, 305, 306, 307, 308, 309, 310, 311, 312, 313, 314, 315, 316, 317, 318, 319, 320, 321, 322, 323, 324, 325, 326, 327, 328, 329, 330, 331, 332, 333, 334, 335, 336, 337, 338, 339, 340, 341, 342, 343, 344, 345, 346, 347, 348, 349, 350, 351, 352, 353, 354, 355, 356, 357, 358, 359, 360, 361, 362, 363, 364, 365, 366, 367, 368, 369, 370, 371, 372, 373, 374, 375]
Cat Idx V1 : [0, 1, 2, 3, 4, 5, 6, 7] 
Cat Dims V1 : [44, 25, 39, 7, 4, 25, 12, 25]
 

~~~~~~~~~~~~~~~~~~~~~~~~~~~~~~~~~~~~~~~~~~~~~~~~~~~~~~~~~~~~~~~~~~~~~~~~~~~~~~~ 


Scaling the data...
~~~~~~~~~~~~~~~~~~~~~~~~~~~~~~~~~~~~~~~~~~~~~~~~~~~~~~~~~~~~~~~~~~~~~~~~~~~~~~~
After OHE
Numerical Index V2 : [8, 9, 10, 11, 12, 13, 14, 15, 16, 17, 18, 19, 20, 21, 22, 23, 24, 25, 26, 27, 28, 29, 30, 31, 32, 33, 34, 35, 36, 37, 38, 39, 40, 41, 42, 43, 44, 45, 46, 47, 48, 49, 50, 51, 52, 53, 54, 55, 56, 57, 58, 59, 60, 61, 62, 63, 64, 65, 66, 67, 68, 69, 70, 71, 72, 73, 74, 75, 76, 77, 78, 79, 80, 81, 82, 83, 84, 85, 86, 87, 88, 89, 90, 91, 92, 93, 94, 95, 96, 97, 98, 99, 100, 101, 102, 103, 104, 105, 106, 107, 108, 109, 110, 111, 112, 113, 114, 115, 116, 117, 118, 119, 120, 121, 122, 123, 124, 125, 126, 127, 128, 129, 130, 131, 132, 133, 134, 135, 136, 137, 138, 139, 140, 141, 142, 143, 144, 145, 146, 147, 148, 149, 150, 151, 152, 153, 154, 155, 156, 157, 158, 159, 160, 161, 162, 163, 164, 165, 166, 167, 168, 169, 170, 171, 172, 173, 174, 175, 176, 177, 178, 179, 180, 181, 182, 183, 184, 185, 186, 187, 188, 189, 190, 191, 192, 193, 194, 195, 196, 197, 198, 199, 200, 201, 202, 203, 204, 205, 206, 207, 208, 209, 210, 211, 212, 213, 214, 215, 216, 217, 218, 219, 220, 221, 222, 223, 224, 225, 226, 227, 228, 229, 230, 231, 232, 233, 234, 235, 236, 237, 238, 239, 240, 241, 242, 243, 244, 245, 246, 247, 248, 249, 250, 251, 252, 253, 254, 255, 256, 257, 258, 259, 260, 261, 262, 263, 264, 265, 266, 267, 268, 269, 270, 271, 272, 273, 274, 275, 276, 277, 278, 279, 280, 281, 282, 283, 284, 285, 286, 287, 288, 289, 290, 291, 292, 293, 294, 295, 296, 297, 298, 299, 300, 301, 302, 303, 304, 305, 306, 307, 308, 309, 310, 311, 312, 313, 314, 315, 316, 317, 318, 319, 320, 321, 322, 323, 324, 325, 326, 327, 328, 329, 330, 331, 332, 333, 334, 335, 336, 337, 338, 339, 340, 341, 342, 343, 344, 345, 346, 347, 348, 349, 350, 351, 352, 353, 354, 355, 356, 357, 358, 359, 360, 361, 362, 363, 364, 365, 366, 367, 368, 369, 370, 371, 372, 373, 374, 375] 


OHE Idx : [0, 1, 2, 3, 4, 5, 6, 7]


Ordinal Idx V2: None


Cat Dims V2 : [44, 25, 39, 7, 4, 25, 12, 25]
Cat Idx V2 : [0, 1, 2, 3, 4, 5, 6, 7] 
 

Train: [[33 12 3 5 3]
 [43 1 7 2 3]
 [25 21 3 2 3]
 [27 15 3 2 3]
 [23 1 37 3 3]
 [7 18 8 2 3]
 [31 12 15 5 3]
 [25 3 29 2 3]
 [28 1 19 2 3]
 [18 12 30 5 3]] 
 
 
Val : (1683, 376) 
 

~~~~~~~~~~~~~~~~~~~~~~~~~~~~~~~~~~~~~~~~~~~~~~~~~~~~~~~~~~~~~~~~~~~~~~~~~~~~~~~
Cat Idx V3 : [0, 1, 2, 3, 4, 5, 6, 7] 
 

~~~~~~~~~~~~~~~~~~~~~~~~~~~~~~~~~~~~~~~~~~~~~~~~~~~~~~~~~~~~~~~~~~~~~~~~~~~~~~~
After ORDINAL
Numerical Index V2 : [8, 9, 10, 11, 12, 13, 14, 15, 16, 17, 18, 19, 20, 21, 22, 23, 24, 25, 26, 27, 28, 29, 30, 31, 32, 33, 34, 35, 36, 37, 38, 39, 40, 41, 42, 43, 44, 45, 46, 47, 48, 49, 50, 51, 52, 53, 54, 55, 56, 57, 58, 59, 60, 61, 62, 63, 64, 65, 66, 67, 68, 69, 70, 71, 72, 73, 74, 75, 76, 77, 78, 79, 80, 81, 82, 83, 84, 85, 86, 87, 88, 89, 90, 91, 92, 93, 94, 95, 96, 97, 98, 99, 100, 101, 102, 103, 104, 105, 106, 107, 108, 109, 110, 111, 112, 113, 114, 115, 116, 117, 118, 119, 120, 121, 122, 123, 124, 125, 126, 127, 128, 129, 130, 131, 132, 133, 134, 135, 136, 137, 138, 139, 140, 141, 142, 143, 144, 145, 146, 147, 148, 149, 150, 151, 152, 153, 154, 155, 156, 157, 158, 159, 160, 161, 162, 163, 164, 165, 166, 167, 168, 169, 170, 171, 172, 173, 174, 175, 176, 177, 178, 179, 180, 181, 182, 183, 184, 185, 186, 187, 188, 189, 190, 191, 192, 193, 194, 195, 196, 197, 198, 199, 200, 201, 202, 203, 204, 205, 206, 207, 208, 209, 210, 211, 212, 213, 214, 215, 216, 217, 218, 219, 220, 221, 222, 223, 224, 225, 226, 227, 228, 229, 230, 231, 232, 233, 234, 235, 236, 237, 238, 239, 240, 241, 242, 243, 244, 245, 246, 247, 248, 249, 250, 251, 252, 253, 254, 255, 256, 257, 258, 259, 260, 261, 262, 263, 264, 265, 266, 267, 268, 269, 270, 271, 272, 273, 274, 275, 276, 277, 278, 279, 280, 281, 282, 283, 284, 285, 286, 287, 288, 289, 290, 291, 292, 293, 294, 295, 296, 297, 298, 299, 300, 301, 302, 303, 304, 305, 306, 307, 308, 309, 310, 311, 312, 313, 314, 315, 316, 317, 318, 319, 320, 321, 322, 323, 324, 325, 326, 327, 328, 329, 330, 331, 332, 333, 334, 335, 336, 337, 338, 339, 340, 341, 342, 343, 344, 345, 346, 347, 348, 349, 350, 351, 352, 353, 354, 355, 356, 357, 358, 359, 360, 361, 362, 363, 364, 365, 366, 367, 368, 369, 370, 371, 372, 373, 374, 375] 


OHE Idx : [0, 1, 2, 3, 4, 5, 6, 7]


Ordinal Idx V2: None


Cat Dims V2 : [44, 25, 39, 7, 4, 25, 12, 25, 45, 26, 40, 8, 5, 26, 13, 26]
Cat Idx V2 : [0, 1, 2, 3, 4, 5, 6, 7] 
 

Train: [[33 12 3 ... -0.04225771273642584 -0.024382992454708537
  -0.034493013716416956]
 [43 1 7 ... -0.04225771273642584 -0.024382992454708537
  -0.034493013716416956]
 [25 21 3 ... -0.04225771273642584 -0.024382992454708537
  -0.034493013716416956]
 ...
 [25 3 29 ... -0.04225771273642584 -0.024382992454708537
  -0.034493013716416956]
 [28 1 19 ... -0.04225771273642584 -0.024382992454708537
  -0.034493013716416956]
 [18 12 30 ... -0.04225771273642584 -0.024382992454708537
  -0.034493013716416956]] 
 
 
Val : (1683, 376) 
 

FINISHED ENCODING
~~~~~~~~~~~~~~~~~~~~~~~~~~~~~~~~~~~~~~~~~~~~~~~~~~~~~~~~~~~~~~~~~~~~~~~~~~~~~~~


Number of bins: 19
Number of Classes B4 Bin Verifier: 19
Unique values in y: (array([ 0.,  1.,  2.,  3.,  4.,  5.,  6.,  7.,  8.,  9., 10., 11., 12.,
       13., 14., 15., 16., 17., 18.]), 19)
Unique values in y_val: (array([ 0.,  1.,  2.,  3.,  4.,  5.,  6.,  7.,  8.,  9., 10., 11., 12.,
       13., 15., 17., 18.]), 17)
No need to shift labels.
VERIFY SHIFT
Y shape : (1683,) , Y_val shape : (421,)
Train after shift : [ 0  1  2  3  4  5  6  7  8  9 10 11 12 13 14 15 16 17 18], Length : 19
Number of Classes After Bin Verifier: 19 


After Debugging -- Outer Fold 3
DEBUG Outer Fold 3: num_features: 376
DEBUG Outer Fold 3: num_classes: 19
DEBUG Outer Fold 3: cat_idx: [0, 1, 2, 3, 4, 5, 6, 7]
DEBUG Outer Fold 3: nominal_idx: [0, 1, 2, 3, 4, 5, 6, 7]
DEBUG Outer Fold 3: ordinal_idx: None
DEBUG Outer Fold 3: num_idx: [8, 9, 10, 11, 12, 13, 14, 15, 16, 17, 18, 19, 20, 21, 22, 23, 24, 25, 26, 27, 28, 29, 30, 31, 32, 33, 34, 35, 36, 37, 38, 39, 40, 41, 42, 43, 44, 45, 46, 47, 48, 49, 50, 51, 52, 53, 54, 55, 56, 57, 58, 59, 60, 61, 62, 63, 64, 65, 66, 67, 68, 69, 70, 71, 72, 73, 74, 75, 76, 77, 78, 79, 80, 81, 82, 83, 84, 85, 86, 87, 88, 89, 90, 91, 92, 93, 94, 95, 96, 97, 98, 99, 100, 101, 102, 103, 104, 105, 106, 107, 108, 109, 110, 111, 112, 113, 114, 115, 116, 117, 118, 119, 120, 121, 122, 123, 124, 125, 126, 127, 128, 129, 130, 131, 132, 133, 134, 135, 136, 137, 138, 139, 140, 141, 142, 143, 144, 145, 146, 147, 148, 149, 150, 151, 152, 153, 154, 155, 156, 157, 158, 159, 160, 161, 162, 163, 164, 165, 166, 167, 168, 169, 170, 171, 172, 173, 174, 175, 176, 177, 178, 179, 180, 181, 182, 183, 184, 185, 186, 187, 188, 189, 190, 191, 192, 193, 194, 195, 196, 197, 198, 199, 200, 201, 202, 203, 204, 205, 206, 207, 208, 209, 210, 211, 212, 213, 214, 215, 216, 217, 218, 219, 220, 221, 222, 223, 224, 225, 226, 227, 228, 229, 230, 231, 232, 233, 234, 235, 236, 237, 238, 239, 240, 241, 242, 243, 244, 245, 246, 247, 248, 249, 250, 251, 252, 253, 254, 255, 256, 257, 258, 259, 260, 261, 262, 263, 264, 265, 266, 267, 268, 269, 270, 271, 272, 273, 274, 275, 276, 277, 278, 279, 280, 281, 282, 283, 284, 285, 286, 287, 288, 289, 290, 291, 292, 293, 294, 295, 296, 297, 298, 299, 300, 301, 302, 303, 304, 305, 306, 307, 308, 309, 310, 311, 312, 313, 314, 315, 316, 317, 318, 319, 320, 321, 322, 323, 324, 325, 326, 327, 328, 329, 330, 331, 332, 333, 334, 335, 336, 337, 338, 339, 340, 341, 342, 343, 344, 345, 346, 347, 348, 349, 350, 351, 352, 353, 354, 355, 356, 357, 358, 359, 360, 361, 362, 363, 364, 365, 366, 367, 368, 369, 370, 371, 372, 373, 374, 375]
DEBUG Outer Fold 3: cat_dims: [44, 25, 39, 7, 4, 25, 12, 25, 45, 26, 40, 8, 5, 26, 13, 26]
DEBUG Outer Fold 3: bin_alt: [0, 1, 2, 3, 4, 5, 6, 7, 8, 9, 10, 11, 12, 13, 14, 15, 16, 17, 18]
Training final model for Outer Fold 3...
Feature Types: ['c', 'c', 'c', 'c', 'c', 'c', 'c', 'c', 'q', 'q', 'q', 'q', 'q', 'q', 'q', 'q', 'q', 'q', 'q', 'q', 'q', 'q', 'q', 'q', 'q', 'q', 'q', 'q', 'q', 'q', 'q', 'q', 'q', 'q', 'q', 'q', 'q', 'q', 'q', 'q', 'q', 'q', 'q', 'q', 'q', 'q', 'q', 'q', 'q', 'q', 'q', 'q', 'q', 'q', 'q', 'q', 'q', 'q', 'q', 'q', 'q', 'q', 'q', 'q', 'q', 'q', 'q', 'q', 'q', 'q', 'q', 'q', 'q', 'q', 'q', 'q', 'q', 'q', 'q', 'q', 'q', 'q', 'q', 'q', 'q', 'q', 'q', 'q', 'q', 'q', 'q', 'q', 'q', 'q', 'q', 'q', 'q', 'q', 'q', 'q', 'q', 'q', 'q', 'q', 'q', 'q', 'q', 'q', 'q', 'q', 'q', 'q', 'q', 'q', 'q', 'q', 'q', 'q', 'q', 'q', 'q', 'q', 'q', 'q', 'q', 'q', 'q', 'q', 'q', 'q', 'q', 'q', 'q', 'q', 'q', 'q', 'q', 'q', 'q', 'q', 'q', 'q', 'q', 'q', 'q', 'q', 'q', 'q', 'q', 'q', 'q', 'q', 'q', 'q', 'q', 'q', 'q', 'q', 'q', 'q', 'q', 'q', 'q', 'q', 'q', 'q', 'q', 'q', 'q', 'q', 'q', 'q', 'q', 'q', 'q', 'q', 'q', 'q', 'q', 'q', 'q', 'q', 'q', 'q', 'q', 'q', 'q', 'q', 'q', 'q', 'q', 'q', 'q', 'q', 'q', 'q', 'q', 'q', 'q', 'q', 'q', 'q', 'q', 'q', 'q', 'q', 'q', 'q', 'q', 'q', 'q', 'q', 'q', 'q', 'q', 'q', 'q', 'q', 'q', 'q', 'q', 'q', 'q', 'q', 'q', 'q', 'q', 'q', 'q', 'q', 'q', 'q', 'q', 'q', 'q', 'q', 'q', 'q', 'q', 'q', 'q', 'q', 'q', 'q', 'q', 'q', 'q', 'q', 'q', 'q', 'q', 'q', 'q', 'q', 'q', 'q', 'q', 'q', 'q', 'q', 'q', 'q', 'q', 'q', 'q', 'q', 'q', 'q', 'q', 'q', 'q', 'q', 'q', 'q', 'q', 'q', 'q', 'q', 'q', 'q', 'q', 'q', 'q', 'q', 'q', 'q', 'q', 'q', 'q', 'q', 'q', 'q', 'q', 'q', 'q', 'q', 'q', 'q', 'q', 'q', 'q', 'q', 'q', 'q', 'q', 'q', 'q', 'q', 'q', 'q', 'q', 'q', 'q', 'q', 'q', 'q', 'q', 'q', 'q', 'q', 'q', 'q', 'q', 'q', 'q', 'q', 'q', 'q', 'q', 'q', 'q', 'q', 'q', 'q', 'q', 'q', 'q', 'q', 'q', 'q', 'q', 'q', 'q', 'q', 'q', 'q', 'q', 'q', 'q', 'q', 'q', 'q', 'q', 'q', 'q', 'q', 'q', 'q', 'q', 'q', 'q', 'q', 'q', 'q', 'q', 'q', 'q', 'q', 'q', 'q', 'q', 'q', 'q', 'q', 'q', 'q']
[0]	train-rmse:2.41136	eval-rmse:2.62016
[30]	train-rmse:1.24926	eval-rmse:1.91162
Evaluating final model on Outer Test Set for Fold 3...
ERROR during final prediction in outer fold 3: axis 1 is out of bounds for array of dimension 1
Skipping outer fold 3 due to prediction error.

--- Outer Fold 4/2 ---
Starting Hyperparameter Optimization for Outer Fold 4...
  outer_4_inner Fold 1/5
Before Debugging -- Inner Fold 1
DEBUG Inner Fold 1: num_features: 376
DEBUG Inner Fold 1: num_classes: 1
DEBUG Inner Fold 1: cat_idx: [0]
DEBUG Inner Fold 1: nominal_idx: [0, 1, 2, 3, 4, 5, 6, 7]
DEBUG Inner Fold 1: ordinal_idx: None
DEBUG Inner Fold 1: num_idx: None
DEBUG Inner Fold 1: cat_dims: [2]
DEBUG Inner Fold 1: bin_alt: None
~~~~~~~~~~~~~~~~~~~~~~~~~~~~~~~~~~~~~~~~~~~~~~~~~~~~~~~~~~~~~~~~~~~~~~~~~~~~~~~
BEFORE ANY ENCODING
num_features :376
num_classes : 1
cat_idx : [0]
nominal_idx : [0, 1, 2, 3, 4, 5, 6, 7]
ordinal_idx : None
args.num_idx : None
cat_dims : [2]
bin_alt : None 


X_train shape : (1346, 376)
~~~~~~~~~~~~~~~~~~~~~~~~~~~~~~~~~~~~~~~~~~~~~~~~~~~~~~~~~~~~~~~~~~~~~~~~~~~~~~~
~~~~~~~~~~~~~~~~~~~~~~~~~~~~~~~~~~~~~~~~~~~~~~~~~~~~~~~~~~~~~~~~~~~~~~~~~~~~~~~
AFTER getting cat idx
Nominal Index : [0, 1, 2, 3, 4, 5, 6, 7]
Ordinal Index : None
Cat Idx : [0]
Cat dims : [2]
~~~~~~~~~~~~~~~~~~~~~~~~~~~~~~~~~~~~~~~~~~~~~~~~~~~~~~~~~~~~~~~~~~~~~~~~~~~~~~~
BEFORE getting cat idx
Nominal Index : [0, 1, 2, 3, 4, 5, 6, 7]
Ordinal Index : None
Cat Idx : [0, 1, 2, 3, 4, 5, 6, 7]
Cat dims : []
No one Hot for this Baby!!! 

ERROR during preprocessing in inner fold 1: y contains previously unseen labels: 'af'
Skipping inner fold 1 due to preprocessing error.
  outer_4_inner Fold 2/5
Before Debugging -- Inner Fold 2
DEBUG Inner Fold 2: num_features: 376
DEBUG Inner Fold 2: num_classes: 1
DEBUG Inner Fold 2: cat_idx: [0]
DEBUG Inner Fold 2: nominal_idx: [0, 1, 2, 3, 4, 5, 6, 7]
DEBUG Inner Fold 2: ordinal_idx: None
DEBUG Inner Fold 2: num_idx: None
DEBUG Inner Fold 2: cat_dims: [2]
DEBUG Inner Fold 2: bin_alt: None
~~~~~~~~~~~~~~~~~~~~~~~~~~~~~~~~~~~~~~~~~~~~~~~~~~~~~~~~~~~~~~~~~~~~~~~~~~~~~~~
BEFORE ANY ENCODING
num_features :376
num_classes : 1
cat_idx : [0]
nominal_idx : [0, 1, 2, 3, 4, 5, 6, 7]
ordinal_idx : None
args.num_idx : None
cat_dims : [2]
bin_alt : None 


X_train shape : (1346, 376)
~~~~~~~~~~~~~~~~~~~~~~~~~~~~~~~~~~~~~~~~~~~~~~~~~~~~~~~~~~~~~~~~~~~~~~~~~~~~~~~
~~~~~~~~~~~~~~~~~~~~~~~~~~~~~~~~~~~~~~~~~~~~~~~~~~~~~~~~~~~~~~~~~~~~~~~~~~~~~~~
AFTER getting cat idx
Nominal Index : [0, 1, 2, 3, 4, 5, 6, 7]
Ordinal Index : None
Cat Idx : [0]
Cat dims : [2]
~~~~~~~~~~~~~~~~~~~~~~~~~~~~~~~~~~~~~~~~~~~~~~~~~~~~~~~~~~~~~~~~~~~~~~~~~~~~~~~
BEFORE getting cat idx
Nominal Index : [0, 1, 2, 3, 4, 5, 6, 7]
Ordinal Index : None
Cat Idx : [0, 1, 2, 3, 4, 5, 6, 7]
Cat dims : []
No one Hot for this Baby!!! 

ERROR during preprocessing in inner fold 2: y contains previously unseen labels: 'aa'
Skipping inner fold 2 due to preprocessing error.
  outer_4_inner Fold 3/5
Before Debugging -- Inner Fold 3
DEBUG Inner Fold 3: num_features: 376
DEBUG Inner Fold 3: num_classes: 1
DEBUG Inner Fold 3: cat_idx: [0]
DEBUG Inner Fold 3: nominal_idx: [0, 1, 2, 3, 4, 5, 6, 7]
DEBUG Inner Fold 3: ordinal_idx: None
DEBUG Inner Fold 3: num_idx: None
DEBUG Inner Fold 3: cat_dims: [2]
DEBUG Inner Fold 3: bin_alt: None
~~~~~~~~~~~~~~~~~~~~~~~~~~~~~~~~~~~~~~~~~~~~~~~~~~~~~~~~~~~~~~~~~~~~~~~~~~~~~~~
BEFORE ANY ENCODING
num_features :376
num_classes : 1
cat_idx : [0]
nominal_idx : [0, 1, 2, 3, 4, 5, 6, 7]
ordinal_idx : None
args.num_idx : None
cat_dims : [2]
bin_alt : None 


X_train shape : (1346, 376)
~~~~~~~~~~~~~~~~~~~~~~~~~~~~~~~~~~~~~~~~~~~~~~~~~~~~~~~~~~~~~~~~~~~~~~~~~~~~~~~
~~~~~~~~~~~~~~~~~~~~~~~~~~~~~~~~~~~~~~~~~~~~~~~~~~~~~~~~~~~~~~~~~~~~~~~~~~~~~~~
AFTER getting cat idx
Nominal Index : [0, 1, 2, 3, 4, 5, 6, 7]
Ordinal Index : None
Cat Idx : [0]
Cat dims : [2]
~~~~~~~~~~~~~~~~~~~~~~~~~~~~~~~~~~~~~~~~~~~~~~~~~~~~~~~~~~~~~~~~~~~~~~~~~~~~~~~
BEFORE getting cat idx
Nominal Index : [0, 1, 2, 3, 4, 5, 6, 7]
Ordinal Index : None
Cat Idx : [0, 1, 2, 3, 4, 5, 6, 7]
Cat dims : []
No one Hot for this Baby!!! 

ERROR during preprocessing in inner fold 3: y contains previously unseen labels: 'ah'
Skipping inner fold 3 due to preprocessing error.
  outer_4_inner Fold 4/5
Before Debugging -- Inner Fold 4
DEBUG Inner Fold 4: num_features: 376
DEBUG Inner Fold 4: num_classes: 1
DEBUG Inner Fold 4: cat_idx: [0]
DEBUG Inner Fold 4: nominal_idx: [0, 1, 2, 3, 4, 5, 6, 7]
DEBUG Inner Fold 4: ordinal_idx: None
DEBUG Inner Fold 4: num_idx: None
DEBUG Inner Fold 4: cat_dims: [2]
DEBUG Inner Fold 4: bin_alt: None
~~~~~~~~~~~~~~~~~~~~~~~~~~~~~~~~~~~~~~~~~~~~~~~~~~~~~~~~~~~~~~~~~~~~~~~~~~~~~~~
BEFORE ANY ENCODING
num_features :376
num_classes : 1
cat_idx : [0]
nominal_idx : [0, 1, 2, 3, 4, 5, 6, 7]
ordinal_idx : None
args.num_idx : None
cat_dims : [2]
bin_alt : None 


X_train shape : (1347, 376)
~~~~~~~~~~~~~~~~~~~~~~~~~~~~~~~~~~~~~~~~~~~~~~~~~~~~~~~~~~~~~~~~~~~~~~~~~~~~~~~
~~~~~~~~~~~~~~~~~~~~~~~~~~~~~~~~~~~~~~~~~~~~~~~~~~~~~~~~~~~~~~~~~~~~~~~~~~~~~~~
AFTER getting cat idx
Nominal Index : [0, 1, 2, 3, 4, 5, 6, 7]
Ordinal Index : None
Cat Idx : [0]
Cat dims : [2]
~~~~~~~~~~~~~~~~~~~~~~~~~~~~~~~~~~~~~~~~~~~~~~~~~~~~~~~~~~~~~~~~~~~~~~~~~~~~~~~
BEFORE getting cat idx
Nominal Index : [0, 1, 2, 3, 4, 5, 6, 7]
Ordinal Index : None
Cat Idx : [0, 1, 2, 3, 4, 5, 6, 7]
Cat dims : []
No one Hot for this Baby!!! 

ERROR during preprocessing in inner fold 4: y contains previously unseen labels: 'aw'
Skipping inner fold 4 due to preprocessing error.
  outer_4_inner Fold 5/5
Before Debugging -- Inner Fold 5
DEBUG Inner Fold 5: num_features: 376
DEBUG Inner Fold 5: num_classes: 1
DEBUG Inner Fold 5: cat_idx: [0]
DEBUG Inner Fold 5: nominal_idx: [0, 1, 2, 3, 4, 5, 6, 7]
DEBUG Inner Fold 5: ordinal_idx: None
DEBUG Inner Fold 5: num_idx: None
DEBUG Inner Fold 5: cat_dims: [2]
DEBUG Inner Fold 5: bin_alt: None
~~~~~~~~~~~~~~~~~~~~~~~~~~~~~~~~~~~~~~~~~~~~~~~~~~~~~~~~~~~~~~~~~~~~~~~~~~~~~~~
BEFORE ANY ENCODING
num_features :376
num_classes : 1
cat_idx : [0]
nominal_idx : [0, 1, 2, 3, 4, 5, 6, 7]
ordinal_idx : None
args.num_idx : None
cat_dims : [2]
bin_alt : None 


X_train shape : (1347, 376)
~~~~~~~~~~~~~~~~~~~~~~~~~~~~~~~~~~~~~~~~~~~~~~~~~~~~~~~~~~~~~~~~~~~~~~~~~~~~~~~
~~~~~~~~~~~~~~~~~~~~~~~~~~~~~~~~~~~~~~~~~~~~~~~~~~~~~~~~~~~~~~~~~~~~~~~~~~~~~~~
AFTER getting cat idx
Nominal Index : [0, 1, 2, 3, 4, 5, 6, 7]
Ordinal Index : None
Cat Idx : [0]
Cat dims : [2]
~~~~~~~~~~~~~~~~~~~~~~~~~~~~~~~~~~~~~~~~~~~~~~~~~~~~~~~~~~~~~~~~~~~~~~~~~~~~~~~
BEFORE getting cat idx
Nominal Index : [0, 1, 2, 3, 4, 5, 6, 7]
Ordinal Index : None
Cat Idx : [0, 1, 2, 3, 4, 5, 6, 7]
Cat dims : []
No one Hot for this Baby!!! 

ERROR during preprocessing in inner fold 5: y contains previously unseen labels: 'ab'
Skipping inner fold 5 due to preprocessing error.
Warning: No inner folds completed successfully for HPO trial.
ERROR saving hyperparameters to file coz inner_cs issues: 'float' object has no attribute 'get_results'
  outer_4_inner Fold 1/5
Before Debugging -- Inner Fold 1
DEBUG Inner Fold 1: num_features: 376
DEBUG Inner Fold 1: num_classes: 1
DEBUG Inner Fold 1: cat_idx: [0]
DEBUG Inner Fold 1: nominal_idx: [0, 1, 2, 3, 4, 5, 6, 7]
DEBUG Inner Fold 1: ordinal_idx: None
DEBUG Inner Fold 1: num_idx: None
DEBUG Inner Fold 1: cat_dims: [2]
DEBUG Inner Fold 1: bin_alt: None
~~~~~~~~~~~~~~~~~~~~~~~~~~~~~~~~~~~~~~~~~~~~~~~~~~~~~~~~~~~~~~~~~~~~~~~~~~~~~~~
BEFORE ANY ENCODING
num_features :376
num_classes : 1
cat_idx : [0]
nominal_idx : [0, 1, 2, 3, 4, 5, 6, 7]
ordinal_idx : None
args.num_idx : None
cat_dims : [2]
bin_alt : None 


X_train shape : (1346, 376)
~~~~~~~~~~~~~~~~~~~~~~~~~~~~~~~~~~~~~~~~~~~~~~~~~~~~~~~~~~~~~~~~~~~~~~~~~~~~~~~
~~~~~~~~~~~~~~~~~~~~~~~~~~~~~~~~~~~~~~~~~~~~~~~~~~~~~~~~~~~~~~~~~~~~~~~~~~~~~~~
AFTER getting cat idx
Nominal Index : [0, 1, 2, 3, 4, 5, 6, 7]
Ordinal Index : None
Cat Idx : [0]
Cat dims : [2]
~~~~~~~~~~~~~~~~~~~~~~~~~~~~~~~~~~~~~~~~~~~~~~~~~~~~~~~~~~~~~~~~~~~~~~~~~~~~~~~
BEFORE getting cat idx
Nominal Index : [0, 1, 2, 3, 4, 5, 6, 7]
Ordinal Index : None
Cat Idx : [0, 1, 2, 3, 4, 5, 6, 7]
Cat dims : []
No one Hot for this Baby!!! 

ERROR during preprocessing in inner fold 1: y contains previously unseen labels: 'af'
Skipping inner fold 1 due to preprocessing error.
  outer_4_inner Fold 2/5
Before Debugging -- Inner Fold 2
DEBUG Inner Fold 2: num_features: 376
DEBUG Inner Fold 2: num_classes: 1
DEBUG Inner Fold 2: cat_idx: [0]
DEBUG Inner Fold 2: nominal_idx: [0, 1, 2, 3, 4, 5, 6, 7]
DEBUG Inner Fold 2: ordinal_idx: None
DEBUG Inner Fold 2: num_idx: None
DEBUG Inner Fold 2: cat_dims: [2]
DEBUG Inner Fold 2: bin_alt: None
~~~~~~~~~~~~~~~~~~~~~~~~~~~~~~~~~~~~~~~~~~~~~~~~~~~~~~~~~~~~~~~~~~~~~~~~~~~~~~~
BEFORE ANY ENCODING
num_features :376
num_classes : 1
cat_idx : [0]
nominal_idx : [0, 1, 2, 3, 4, 5, 6, 7]
ordinal_idx : None
args.num_idx : None
cat_dims : [2]
bin_alt : None 


X_train shape : (1346, 376)
~~~~~~~~~~~~~~~~~~~~~~~~~~~~~~~~~~~~~~~~~~~~~~~~~~~~~~~~~~~~~~~~~~~~~~~~~~~~~~~
~~~~~~~~~~~~~~~~~~~~~~~~~~~~~~~~~~~~~~~~~~~~~~~~~~~~~~~~~~~~~~~~~~~~~~~~~~~~~~~
AFTER getting cat idx
Nominal Index : [0, 1, 2, 3, 4, 5, 6, 7]
Ordinal Index : None
Cat Idx : [0]
Cat dims : [2]
~~~~~~~~~~~~~~~~~~~~~~~~~~~~~~~~~~~~~~~~~~~~~~~~~~~~~~~~~~~~~~~~~~~~~~~~~~~~~~~
BEFORE getting cat idx
Nominal Index : [0, 1, 2, 3, 4, 5, 6, 7]
Ordinal Index : None
Cat Idx : [0, 1, 2, 3, 4, 5, 6, 7]
Cat dims : []
No one Hot for this Baby!!! 

ERROR during preprocessing in inner fold 2: y contains previously unseen labels: 'aa'
Skipping inner fold 2 due to preprocessing error.
  outer_4_inner Fold 3/5
Before Debugging -- Inner Fold 3
DEBUG Inner Fold 3: num_features: 376
DEBUG Inner Fold 3: num_classes: 1
DEBUG Inner Fold 3: cat_idx: [0]
DEBUG Inner Fold 3: nominal_idx: [0, 1, 2, 3, 4, 5, 6, 7]
DEBUG Inner Fold 3: ordinal_idx: None
DEBUG Inner Fold 3: num_idx: None
DEBUG Inner Fold 3: cat_dims: [2]
DEBUG Inner Fold 3: bin_alt: None
~~~~~~~~~~~~~~~~~~~~~~~~~~~~~~~~~~~~~~~~~~~~~~~~~~~~~~~~~~~~~~~~~~~~~~~~~~~~~~~
BEFORE ANY ENCODING
num_features :376
num_classes : 1
cat_idx : [0]
nominal_idx : [0, 1, 2, 3, 4, 5, 6, 7]
ordinal_idx : None
args.num_idx : None
cat_dims : [2]
bin_alt : None 


X_train shape : (1346, 376)
~~~~~~~~~~~~~~~~~~~~~~~~~~~~~~~~~~~~~~~~~~~~~~~~~~~~~~~~~~~~~~~~~~~~~~~~~~~~~~~
~~~~~~~~~~~~~~~~~~~~~~~~~~~~~~~~~~~~~~~~~~~~~~~~~~~~~~~~~~~~~~~~~~~~~~~~~~~~~~~
AFTER getting cat idx
Nominal Index : [0, 1, 2, 3, 4, 5, 6, 7]
Ordinal Index : None
Cat Idx : [0]
Cat dims : [2]
~~~~~~~~~~~~~~~~~~~~~~~~~~~~~~~~~~~~~~~~~~~~~~~~~~~~~~~~~~~~~~~~~~~~~~~~~~~~~~~
BEFORE getting cat idx
Nominal Index : [0, 1, 2, 3, 4, 5, 6, 7]
Ordinal Index : None
Cat Idx : [0, 1, 2, 3, 4, 5, 6, 7]
Cat dims : []
No one Hot for this Baby!!! 

ERROR during preprocessing in inner fold 3: y contains previously unseen labels: 'ah'
Skipping inner fold 3 due to preprocessing error.
  outer_4_inner Fold 4/5
Before Debugging -- Inner Fold 4
DEBUG Inner Fold 4: num_features: 376
DEBUG Inner Fold 4: num_classes: 1
DEBUG Inner Fold 4: cat_idx: [0]
DEBUG Inner Fold 4: nominal_idx: [0, 1, 2, 3, 4, 5, 6, 7]
DEBUG Inner Fold 4: ordinal_idx: None
DEBUG Inner Fold 4: num_idx: None
DEBUG Inner Fold 4: cat_dims: [2]
DEBUG Inner Fold 4: bin_alt: None
~~~~~~~~~~~~~~~~~~~~~~~~~~~~~~~~~~~~~~~~~~~~~~~~~~~~~~~~~~~~~~~~~~~~~~~~~~~~~~~
BEFORE ANY ENCODING
num_features :376
num_classes : 1
cat_idx : [0]
nominal_idx : [0, 1, 2, 3, 4, 5, 6, 7]
ordinal_idx : None
args.num_idx : None
cat_dims : [2]
bin_alt : None 


X_train shape : (1347, 376)
~~~~~~~~~~~~~~~~~~~~~~~~~~~~~~~~~~~~~~~~~~~~~~~~~~~~~~~~~~~~~~~~~~~~~~~~~~~~~~~
~~~~~~~~~~~~~~~~~~~~~~~~~~~~~~~~~~~~~~~~~~~~~~~~~~~~~~~~~~~~~~~~~~~~~~~~~~~~~~~
AFTER getting cat idx
Nominal Index : [0, 1, 2, 3, 4, 5, 6, 7]
Ordinal Index : None
Cat Idx : [0]
Cat dims : [2]
~~~~~~~~~~~~~~~~~~~~~~~~~~~~~~~~~~~~~~~~~~~~~~~~~~~~~~~~~~~~~~~~~~~~~~~~~~~~~~~
BEFORE getting cat idx
Nominal Index : [0, 1, 2, 3, 4, 5, 6, 7]
Ordinal Index : None
Cat Idx : [0, 1, 2, 3, 4, 5, 6, 7]
Cat dims : []
No one Hot for this Baby!!! 

ERROR during preprocessing in inner fold 4: y contains previously unseen labels: 'aw'
Skipping inner fold 4 due to preprocessing error.
  outer_4_inner Fold 5/5
Before Debugging -- Inner Fold 5
DEBUG Inner Fold 5: num_features: 376
DEBUG Inner Fold 5: num_classes: 1
DEBUG Inner Fold 5: cat_idx: [0]
DEBUG Inner Fold 5: nominal_idx: [0, 1, 2, 3, 4, 5, 6, 7]
DEBUG Inner Fold 5: ordinal_idx: None
DEBUG Inner Fold 5: num_idx: None
DEBUG Inner Fold 5: cat_dims: [2]
DEBUG Inner Fold 5: bin_alt: None
~~~~~~~~~~~~~~~~~~~~~~~~~~~~~~~~~~~~~~~~~~~~~~~~~~~~~~~~~~~~~~~~~~~~~~~~~~~~~~~
BEFORE ANY ENCODING
num_features :376
num_classes : 1
cat_idx : [0]
nominal_idx : [0, 1, 2, 3, 4, 5, 6, 7]
ordinal_idx : None
args.num_idx : None
cat_dims : [2]
bin_alt : None 


X_train shape : (1347, 376)
~~~~~~~~~~~~~~~~~~~~~~~~~~~~~~~~~~~~~~~~~~~~~~~~~~~~~~~~~~~~~~~~~~~~~~~~~~~~~~~
~~~~~~~~~~~~~~~~~~~~~~~~~~~~~~~~~~~~~~~~~~~~~~~~~~~~~~~~~~~~~~~~~~~~~~~~~~~~~~~
AFTER getting cat idx
Nominal Index : [0, 1, 2, 3, 4, 5, 6, 7]
Ordinal Index : None
Cat Idx : [0]
Cat dims : [2]
~~~~~~~~~~~~~~~~~~~~~~~~~~~~~~~~~~~~~~~~~~~~~~~~~~~~~~~~~~~~~~~~~~~~~~~~~~~~~~~
BEFORE getting cat idx
Nominal Index : [0, 1, 2, 3, 4, 5, 6, 7]
Ordinal Index : None
Cat Idx : [0, 1, 2, 3, 4, 5, 6, 7]
Cat dims : []
No one Hot for this Baby!!! 

ERROR during preprocessing in inner fold 5: y contains previously unseen labels: 'ab'
Skipping inner fold 5 due to preprocessing error.
Warning: No inner folds completed successfully for HPO trial.
ERROR saving hyperparameters to file coz inner_cs issues: 'float' object has no attribute 'get_results'
  outer_4_inner Fold 1/5
Before Debugging -- Inner Fold 1
DEBUG Inner Fold 1: num_features: 376
DEBUG Inner Fold 1: num_classes: 1
DEBUG Inner Fold 1: cat_idx: [0]
DEBUG Inner Fold 1: nominal_idx: [0, 1, 2, 3, 4, 5, 6, 7]
DEBUG Inner Fold 1: ordinal_idx: None
DEBUG Inner Fold 1: num_idx: None
DEBUG Inner Fold 1: cat_dims: [2]
DEBUG Inner Fold 1: bin_alt: None
~~~~~~~~~~~~~~~~~~~~~~~~~~~~~~~~~~~~~~~~~~~~~~~~~~~~~~~~~~~~~~~~~~~~~~~~~~~~~~~
BEFORE ANY ENCODING
num_features :376
num_classes : 1
cat_idx : [0]
nominal_idx : [0, 1, 2, 3, 4, 5, 6, 7]
ordinal_idx : None
args.num_idx : None
cat_dims : [2]
bin_alt : None 


X_train shape : (1346, 376)
~~~~~~~~~~~~~~~~~~~~~~~~~~~~~~~~~~~~~~~~~~~~~~~~~~~~~~~~~~~~~~~~~~~~~~~~~~~~~~~
~~~~~~~~~~~~~~~~~~~~~~~~~~~~~~~~~~~~~~~~~~~~~~~~~~~~~~~~~~~~~~~~~~~~~~~~~~~~~~~
AFTER getting cat idx
Nominal Index : [0, 1, 2, 3, 4, 5, 6, 7]
Ordinal Index : None
Cat Idx : [0]
Cat dims : [2]
~~~~~~~~~~~~~~~~~~~~~~~~~~~~~~~~~~~~~~~~~~~~~~~~~~~~~~~~~~~~~~~~~~~~~~~~~~~~~~~
BEFORE getting cat idx
Nominal Index : [0, 1, 2, 3, 4, 5, 6, 7]
Ordinal Index : None
Cat Idx : [0, 1, 2, 3, 4, 5, 6, 7]
Cat dims : []
No one Hot for this Baby!!! 

ERROR during preprocessing in inner fold 1: y contains previously unseen labels: 'af'
Skipping inner fold 1 due to preprocessing error.
  outer_4_inner Fold 2/5
Before Debugging -- Inner Fold 2
DEBUG Inner Fold 2: num_features: 376
DEBUG Inner Fold 2: num_classes: 1
DEBUG Inner Fold 2: cat_idx: [0]
DEBUG Inner Fold 2: nominal_idx: [0, 1, 2, 3, 4, 5, 6, 7]
DEBUG Inner Fold 2: ordinal_idx: None
DEBUG Inner Fold 2: num_idx: None
DEBUG Inner Fold 2: cat_dims: [2]
DEBUG Inner Fold 2: bin_alt: None
~~~~~~~~~~~~~~~~~~~~~~~~~~~~~~~~~~~~~~~~~~~~~~~~~~~~~~~~~~~~~~~~~~~~~~~~~~~~~~~
BEFORE ANY ENCODING
num_features :376
num_classes : 1
cat_idx : [0]
nominal_idx : [0, 1, 2, 3, 4, 5, 6, 7]
ordinal_idx : None
args.num_idx : None
cat_dims : [2]
bin_alt : None 


X_train shape : (1346, 376)
~~~~~~~~~~~~~~~~~~~~~~~~~~~~~~~~~~~~~~~~~~~~~~~~~~~~~~~~~~~~~~~~~~~~~~~~~~~~~~~
~~~~~~~~~~~~~~~~~~~~~~~~~~~~~~~~~~~~~~~~~~~~~~~~~~~~~~~~~~~~~~~~~~~~~~~~~~~~~~~
AFTER getting cat idx
Nominal Index : [0, 1, 2, 3, 4, 5, 6, 7]
Ordinal Index : None
Cat Idx : [0]
Cat dims : [2]
~~~~~~~~~~~~~~~~~~~~~~~~~~~~~~~~~~~~~~~~~~~~~~~~~~~~~~~~~~~~~~~~~~~~~~~~~~~~~~~
BEFORE getting cat idx
Nominal Index : [0, 1, 2, 3, 4, 5, 6, 7]
Ordinal Index : None
Cat Idx : [0, 1, 2, 3, 4, 5, 6, 7]
Cat dims : []
No one Hot for this Baby!!! 

ERROR during preprocessing in inner fold 2: y contains previously unseen labels: 'aa'
Skipping inner fold 2 due to preprocessing error.
  outer_4_inner Fold 3/5
Before Debugging -- Inner Fold 3
DEBUG Inner Fold 3: num_features: 376
DEBUG Inner Fold 3: num_classes: 1
DEBUG Inner Fold 3: cat_idx: [0]
DEBUG Inner Fold 3: nominal_idx: [0, 1, 2, 3, 4, 5, 6, 7]
DEBUG Inner Fold 3: ordinal_idx: None
DEBUG Inner Fold 3: num_idx: None
DEBUG Inner Fold 3: cat_dims: [2]
DEBUG Inner Fold 3: bin_alt: None
~~~~~~~~~~~~~~~~~~~~~~~~~~~~~~~~~~~~~~~~~~~~~~~~~~~~~~~~~~~~~~~~~~~~~~~~~~~~~~~
BEFORE ANY ENCODING
num_features :376
num_classes : 1
cat_idx : [0]
nominal_idx : [0, 1, 2, 3, 4, 5, 6, 7]
ordinal_idx : None
args.num_idx : None
cat_dims : [2]
bin_alt : None 


X_train shape : (1346, 376)
~~~~~~~~~~~~~~~~~~~~~~~~~~~~~~~~~~~~~~~~~~~~~~~~~~~~~~~~~~~~~~~~~~~~~~~~~~~~~~~
~~~~~~~~~~~~~~~~~~~~~~~~~~~~~~~~~~~~~~~~~~~~~~~~~~~~~~~~~~~~~~~~~~~~~~~~~~~~~~~
AFTER getting cat idx
Nominal Index : [0, 1, 2, 3, 4, 5, 6, 7]
Ordinal Index : None
Cat Idx : [0]
Cat dims : [2]
~~~~~~~~~~~~~~~~~~~~~~~~~~~~~~~~~~~~~~~~~~~~~~~~~~~~~~~~~~~~~~~~~~~~~~~~~~~~~~~
BEFORE getting cat idx
Nominal Index : [0, 1, 2, 3, 4, 5, 6, 7]
Ordinal Index : None
Cat Idx : [0, 1, 2, 3, 4, 5, 6, 7]
Cat dims : []
No one Hot for this Baby!!! 

ERROR during preprocessing in inner fold 3: y contains previously unseen labels: 'ah'
Skipping inner fold 3 due to preprocessing error.
  outer_4_inner Fold 4/5
Before Debugging -- Inner Fold 4
DEBUG Inner Fold 4: num_features: 376
DEBUG Inner Fold 4: num_classes: 1
DEBUG Inner Fold 4: cat_idx: [0]
DEBUG Inner Fold 4: nominal_idx: [0, 1, 2, 3, 4, 5, 6, 7]
DEBUG Inner Fold 4: ordinal_idx: None
DEBUG Inner Fold 4: num_idx: None
DEBUG Inner Fold 4: cat_dims: [2]
DEBUG Inner Fold 4: bin_alt: None
~~~~~~~~~~~~~~~~~~~~~~~~~~~~~~~~~~~~~~~~~~~~~~~~~~~~~~~~~~~~~~~~~~~~~~~~~~~~~~~
BEFORE ANY ENCODING
num_features :376
num_classes : 1
cat_idx : [0]
nominal_idx : [0, 1, 2, 3, 4, 5, 6, 7]
ordinal_idx : None
args.num_idx : None
cat_dims : [2]
bin_alt : None 


X_train shape : (1347, 376)
~~~~~~~~~~~~~~~~~~~~~~~~~~~~~~~~~~~~~~~~~~~~~~~~~~~~~~~~~~~~~~~~~~~~~~~~~~~~~~~
~~~~~~~~~~~~~~~~~~~~~~~~~~~~~~~~~~~~~~~~~~~~~~~~~~~~~~~~~~~~~~~~~~~~~~~~~~~~~~~
AFTER getting cat idx
Nominal Index : [0, 1, 2, 3, 4, 5, 6, 7]
Ordinal Index : None
Cat Idx : [0]
Cat dims : [2]
~~~~~~~~~~~~~~~~~~~~~~~~~~~~~~~~~~~~~~~~~~~~~~~~~~~~~~~~~~~~~~~~~~~~~~~~~~~~~~~
BEFORE getting cat idx
Nominal Index : [0, 1, 2, 3, 4, 5, 6, 7]
Ordinal Index : None
Cat Idx : [0, 1, 2, 3, 4, 5, 6, 7]
Cat dims : []
No one Hot for this Baby!!! 

ERROR during preprocessing in inner fold 4: y contains previously unseen labels: 'aw'
Skipping inner fold 4 due to preprocessing error.
  outer_4_inner Fold 5/5
Before Debugging -- Inner Fold 5
DEBUG Inner Fold 5: num_features: 376
DEBUG Inner Fold 5: num_classes: 1
DEBUG Inner Fold 5: cat_idx: [0]
DEBUG Inner Fold 5: nominal_idx: [0, 1, 2, 3, 4, 5, 6, 7]
DEBUG Inner Fold 5: ordinal_idx: None
DEBUG Inner Fold 5: num_idx: None
DEBUG Inner Fold 5: cat_dims: [2]
DEBUG Inner Fold 5: bin_alt: None
~~~~~~~~~~~~~~~~~~~~~~~~~~~~~~~~~~~~~~~~~~~~~~~~~~~~~~~~~~~~~~~~~~~~~~~~~~~~~~~
BEFORE ANY ENCODING
num_features :376
num_classes : 1
cat_idx : [0]
nominal_idx : [0, 1, 2, 3, 4, 5, 6, 7]
ordinal_idx : None
args.num_idx : None
cat_dims : [2]
bin_alt : None 


X_train shape : (1347, 376)
~~~~~~~~~~~~~~~~~~~~~~~~~~~~~~~~~~~~~~~~~~~~~~~~~~~~~~~~~~~~~~~~~~~~~~~~~~~~~~~
~~~~~~~~~~~~~~~~~~~~~~~~~~~~~~~~~~~~~~~~~~~~~~~~~~~~~~~~~~~~~~~~~~~~~~~~~~~~~~~
AFTER getting cat idx
Nominal Index : [0, 1, 2, 3, 4, 5, 6, 7]
Ordinal Index : None
Cat Idx : [0]
Cat dims : [2]
~~~~~~~~~~~~~~~~~~~~~~~~~~~~~~~~~~~~~~~~~~~~~~~~~~~~~~~~~~~~~~~~~~~~~~~~~~~~~~~
BEFORE getting cat idx
Nominal Index : [0, 1, 2, 3, 4, 5, 6, 7]
Ordinal Index : None
Cat Idx : [0, 1, 2, 3, 4, 5, 6, 7]
Cat dims : []
No one Hot for this Baby!!! 

ERROR during preprocessing in inner fold 5: y contains previously unseen labels: 'ab'
Skipping inner fold 5 due to preprocessing error.
Warning: No inner folds completed successfully for HPO trial.
ERROR saving hyperparameters to file coz inner_cs issues: 'float' object has no attribute 'get_results'
  outer_4_inner Fold 1/5
Before Debugging -- Inner Fold 1
DEBUG Inner Fold 1: num_features: 376
DEBUG Inner Fold 1: num_classes: 1
DEBUG Inner Fold 1: cat_idx: [0]
DEBUG Inner Fold 1: nominal_idx: [0, 1, 2, 3, 4, 5, 6, 7]
DEBUG Inner Fold 1: ordinal_idx: None
DEBUG Inner Fold 1: num_idx: None
DEBUG Inner Fold 1: cat_dims: [2]
DEBUG Inner Fold 1: bin_alt: None
~~~~~~~~~~~~~~~~~~~~~~~~~~~~~~~~~~~~~~~~~~~~~~~~~~~~~~~~~~~~~~~~~~~~~~~~~~~~~~~
BEFORE ANY ENCODING
num_features :376
num_classes : 1
cat_idx : [0]
nominal_idx : [0, 1, 2, 3, 4, 5, 6, 7]
ordinal_idx : None
args.num_idx : None
cat_dims : [2]
bin_alt : None 


X_train shape : (1346, 376)
~~~~~~~~~~~~~~~~~~~~~~~~~~~~~~~~~~~~~~~~~~~~~~~~~~~~~~~~~~~~~~~~~~~~~~~~~~~~~~~
~~~~~~~~~~~~~~~~~~~~~~~~~~~~~~~~~~~~~~~~~~~~~~~~~~~~~~~~~~~~~~~~~~~~~~~~~~~~~~~
AFTER getting cat idx
Nominal Index : [0, 1, 2, 3, 4, 5, 6, 7]
Ordinal Index : None
Cat Idx : [0]
Cat dims : [2]
~~~~~~~~~~~~~~~~~~~~~~~~~~~~~~~~~~~~~~~~~~~~~~~~~~~~~~~~~~~~~~~~~~~~~~~~~~~~~~~
BEFORE getting cat idx
Nominal Index : [0, 1, 2, 3, 4, 5, 6, 7]
Ordinal Index : None
Cat Idx : [0, 1, 2, 3, 4, 5, 6, 7]
Cat dims : []
No one Hot for this Baby!!! 

ERROR during preprocessing in inner fold 1: y contains previously unseen labels: 'af'
Skipping inner fold 1 due to preprocessing error.
  outer_4_inner Fold 2/5
Before Debugging -- Inner Fold 2
DEBUG Inner Fold 2: num_features: 376
DEBUG Inner Fold 2: num_classes: 1
DEBUG Inner Fold 2: cat_idx: [0]
DEBUG Inner Fold 2: nominal_idx: [0, 1, 2, 3, 4, 5, 6, 7]
DEBUG Inner Fold 2: ordinal_idx: None
DEBUG Inner Fold 2: num_idx: None
DEBUG Inner Fold 2: cat_dims: [2]
DEBUG Inner Fold 2: bin_alt: None
~~~~~~~~~~~~~~~~~~~~~~~~~~~~~~~~~~~~~~~~~~~~~~~~~~~~~~~~~~~~~~~~~~~~~~~~~~~~~~~
BEFORE ANY ENCODING
num_features :376
num_classes : 1
cat_idx : [0]
nominal_idx : [0, 1, 2, 3, 4, 5, 6, 7]
ordinal_idx : None
args.num_idx : None
cat_dims : [2]
bin_alt : None 


X_train shape : (1346, 376)
~~~~~~~~~~~~~~~~~~~~~~~~~~~~~~~~~~~~~~~~~~~~~~~~~~~~~~~~~~~~~~~~~~~~~~~~~~~~~~~
~~~~~~~~~~~~~~~~~~~~~~~~~~~~~~~~~~~~~~~~~~~~~~~~~~~~~~~~~~~~~~~~~~~~~~~~~~~~~~~
AFTER getting cat idx
Nominal Index : [0, 1, 2, 3, 4, 5, 6, 7]
Ordinal Index : None
Cat Idx : [0]
Cat dims : [2]
~~~~~~~~~~~~~~~~~~~~~~~~~~~~~~~~~~~~~~~~~~~~~~~~~~~~~~~~~~~~~~~~~~~~~~~~~~~~~~~
BEFORE getting cat idx
Nominal Index : [0, 1, 2, 3, 4, 5, 6, 7]
Ordinal Index : None
Cat Idx : [0, 1, 2, 3, 4, 5, 6, 7]
Cat dims : []
No one Hot for this Baby!!! 

ERROR during preprocessing in inner fold 2: y contains previously unseen labels: 'aa'
Skipping inner fold 2 due to preprocessing error.
  outer_4_inner Fold 3/5
Before Debugging -- Inner Fold 3
DEBUG Inner Fold 3: num_features: 376
DEBUG Inner Fold 3: num_classes: 1
DEBUG Inner Fold 3: cat_idx: [0]
DEBUG Inner Fold 3: nominal_idx: [0, 1, 2, 3, 4, 5, 6, 7]
DEBUG Inner Fold 3: ordinal_idx: None
DEBUG Inner Fold 3: num_idx: None
DEBUG Inner Fold 3: cat_dims: [2]
DEBUG Inner Fold 3: bin_alt: None
~~~~~~~~~~~~~~~~~~~~~~~~~~~~~~~~~~~~~~~~~~~~~~~~~~~~~~~~~~~~~~~~~~~~~~~~~~~~~~~
BEFORE ANY ENCODING
num_features :376
num_classes : 1
cat_idx : [0]
nominal_idx : [0, 1, 2, 3, 4, 5, 6, 7]
ordinal_idx : None
args.num_idx : None
cat_dims : [2]
bin_alt : None 


X_train shape : (1346, 376)
~~~~~~~~~~~~~~~~~~~~~~~~~~~~~~~~~~~~~~~~~~~~~~~~~~~~~~~~~~~~~~~~~~~~~~~~~~~~~~~
~~~~~~~~~~~~~~~~~~~~~~~~~~~~~~~~~~~~~~~~~~~~~~~~~~~~~~~~~~~~~~~~~~~~~~~~~~~~~~~
AFTER getting cat idx
Nominal Index : [0, 1, 2, 3, 4, 5, 6, 7]
Ordinal Index : None
Cat Idx : [0]
Cat dims : [2]
~~~~~~~~~~~~~~~~~~~~~~~~~~~~~~~~~~~~~~~~~~~~~~~~~~~~~~~~~~~~~~~~~~~~~~~~~~~~~~~
BEFORE getting cat idx
Nominal Index : [0, 1, 2, 3, 4, 5, 6, 7]
Ordinal Index : None
Cat Idx : [0, 1, 2, 3, 4, 5, 6, 7]
Cat dims : []
No one Hot for this Baby!!! 

ERROR during preprocessing in inner fold 3: y contains previously unseen labels: 'ah'
Skipping inner fold 3 due to preprocessing error.
  outer_4_inner Fold 4/5
Before Debugging -- Inner Fold 4
DEBUG Inner Fold 4: num_features: 376
DEBUG Inner Fold 4: num_classes: 1
DEBUG Inner Fold 4: cat_idx: [0]
DEBUG Inner Fold 4: nominal_idx: [0, 1, 2, 3, 4, 5, 6, 7]
DEBUG Inner Fold 4: ordinal_idx: None
DEBUG Inner Fold 4: num_idx: None
DEBUG Inner Fold 4: cat_dims: [2]
DEBUG Inner Fold 4: bin_alt: None
~~~~~~~~~~~~~~~~~~~~~~~~~~~~~~~~~~~~~~~~~~~~~~~~~~~~~~~~~~~~~~~~~~~~~~~~~~~~~~~
BEFORE ANY ENCODING
num_features :376
num_classes : 1
cat_idx : [0]
nominal_idx : [0, 1, 2, 3, 4, 5, 6, 7]
ordinal_idx : None
args.num_idx : None
cat_dims : [2]
bin_alt : None 


X_train shape : (1347, 376)
~~~~~~~~~~~~~~~~~~~~~~~~~~~~~~~~~~~~~~~~~~~~~~~~~~~~~~~~~~~~~~~~~~~~~~~~~~~~~~~
~~~~~~~~~~~~~~~~~~~~~~~~~~~~~~~~~~~~~~~~~~~~~~~~~~~~~~~~~~~~~~~~~~~~~~~~~~~~~~~
AFTER getting cat idx
Nominal Index : [0, 1, 2, 3, 4, 5, 6, 7]
Ordinal Index : None
Cat Idx : [0]
Cat dims : [2]
~~~~~~~~~~~~~~~~~~~~~~~~~~~~~~~~~~~~~~~~~~~~~~~~~~~~~~~~~~~~~~~~~~~~~~~~~~~~~~~
BEFORE getting cat idx
Nominal Index : [0, 1, 2, 3, 4, 5, 6, 7]
Ordinal Index : None
Cat Idx : [0, 1, 2, 3, 4, 5, 6, 7]
Cat dims : []
No one Hot for this Baby!!! 

ERROR during preprocessing in inner fold 4: y contains previously unseen labels: 'aw'
Skipping inner fold 4 due to preprocessing error.
  outer_4_inner Fold 5/5
Before Debugging -- Inner Fold 5
DEBUG Inner Fold 5: num_features: 376
DEBUG Inner Fold 5: num_classes: 1
DEBUG Inner Fold 5: cat_idx: [0]
DEBUG Inner Fold 5: nominal_idx: [0, 1, 2, 3, 4, 5, 6, 7]
DEBUG Inner Fold 5: ordinal_idx: None
DEBUG Inner Fold 5: num_idx: None
DEBUG Inner Fold 5: cat_dims: [2]
DEBUG Inner Fold 5: bin_alt: None
~~~~~~~~~~~~~~~~~~~~~~~~~~~~~~~~~~~~~~~~~~~~~~~~~~~~~~~~~~~~~~~~~~~~~~~~~~~~~~~
BEFORE ANY ENCODING
num_features :376
num_classes : 1
cat_idx : [0]
nominal_idx : [0, 1, 2, 3, 4, 5, 6, 7]
ordinal_idx : None
args.num_idx : None
cat_dims : [2]
bin_alt : None 


X_train shape : (1347, 376)
~~~~~~~~~~~~~~~~~~~~~~~~~~~~~~~~~~~~~~~~~~~~~~~~~~~~~~~~~~~~~~~~~~~~~~~~~~~~~~~
~~~~~~~~~~~~~~~~~~~~~~~~~~~~~~~~~~~~~~~~~~~~~~~~~~~~~~~~~~~~~~~~~~~~~~~~~~~~~~~
AFTER getting cat idx
Nominal Index : [0, 1, 2, 3, 4, 5, 6, 7]
Ordinal Index : None
Cat Idx : [0]
Cat dims : [2]
~~~~~~~~~~~~~~~~~~~~~~~~~~~~~~~~~~~~~~~~~~~~~~~~~~~~~~~~~~~~~~~~~~~~~~~~~~~~~~~
BEFORE getting cat idx
Nominal Index : [0, 1, 2, 3, 4, 5, 6, 7]
Ordinal Index : None
Cat Idx : [0, 1, 2, 3, 4, 5, 6, 7]
Cat dims : []
No one Hot for this Baby!!! 

ERROR during preprocessing in inner fold 5: y contains previously unseen labels: 'ab'
Skipping inner fold 5 due to preprocessing error.
Warning: No inner folds completed successfully for HPO trial.
ERROR saving hyperparameters to file coz inner_cs issues: 'float' object has no attribute 'get_results'
  outer_4_inner Fold 1/5
Before Debugging -- Inner Fold 1
DEBUG Inner Fold 1: num_features: 376
DEBUG Inner Fold 1: num_classes: 1
DEBUG Inner Fold 1: cat_idx: [0]
DEBUG Inner Fold 1: nominal_idx: [0, 1, 2, 3, 4, 5, 6, 7]
DEBUG Inner Fold 1: ordinal_idx: None
DEBUG Inner Fold 1: num_idx: None
DEBUG Inner Fold 1: cat_dims: [2]
DEBUG Inner Fold 1: bin_alt: None
~~~~~~~~~~~~~~~~~~~~~~~~~~~~~~~~~~~~~~~~~~~~~~~~~~~~~~~~~~~~~~~~~~~~~~~~~~~~~~~
BEFORE ANY ENCODING
num_features :376
num_classes : 1
cat_idx : [0]
nominal_idx : [0, 1, 2, 3, 4, 5, 6, 7]
ordinal_idx : None
args.num_idx : None
cat_dims : [2]
bin_alt : None 


X_train shape : (1346, 376)
~~~~~~~~~~~~~~~~~~~~~~~~~~~~~~~~~~~~~~~~~~~~~~~~~~~~~~~~~~~~~~~~~~~~~~~~~~~~~~~
~~~~~~~~~~~~~~~~~~~~~~~~~~~~~~~~~~~~~~~~~~~~~~~~~~~~~~~~~~~~~~~~~~~~~~~~~~~~~~~
AFTER getting cat idx
Nominal Index : [0, 1, 2, 3, 4, 5, 6, 7]
Ordinal Index : None
Cat Idx : [0]
Cat dims : [2]
~~~~~~~~~~~~~~~~~~~~~~~~~~~~~~~~~~~~~~~~~~~~~~~~~~~~~~~~~~~~~~~~~~~~~~~~~~~~~~~
BEFORE getting cat idx
Nominal Index : [0, 1, 2, 3, 4, 5, 6, 7]
Ordinal Index : None
Cat Idx : [0, 1, 2, 3, 4, 5, 6, 7]
Cat dims : []
No one Hot for this Baby!!! 

ERROR during preprocessing in inner fold 1: y contains previously unseen labels: 'af'
Skipping inner fold 1 due to preprocessing error.
  outer_4_inner Fold 2/5
Before Debugging -- Inner Fold 2
DEBUG Inner Fold 2: num_features: 376
DEBUG Inner Fold 2: num_classes: 1
DEBUG Inner Fold 2: cat_idx: [0]
DEBUG Inner Fold 2: nominal_idx: [0, 1, 2, 3, 4, 5, 6, 7]
DEBUG Inner Fold 2: ordinal_idx: None
DEBUG Inner Fold 2: num_idx: None
DEBUG Inner Fold 2: cat_dims: [2]
DEBUG Inner Fold 2: bin_alt: None
~~~~~~~~~~~~~~~~~~~~~~~~~~~~~~~~~~~~~~~~~~~~~~~~~~~~~~~~~~~~~~~~~~~~~~~~~~~~~~~
BEFORE ANY ENCODING
num_features :376
num_classes : 1
cat_idx : [0]
nominal_idx : [0, 1, 2, 3, 4, 5, 6, 7]
ordinal_idx : None
args.num_idx : None
cat_dims : [2]
bin_alt : None 


X_train shape : (1346, 376)
~~~~~~~~~~~~~~~~~~~~~~~~~~~~~~~~~~~~~~~~~~~~~~~~~~~~~~~~~~~~~~~~~~~~~~~~~~~~~~~
~~~~~~~~~~~~~~~~~~~~~~~~~~~~~~~~~~~~~~~~~~~~~~~~~~~~~~~~~~~~~~~~~~~~~~~~~~~~~~~
AFTER getting cat idx
Nominal Index : [0, 1, 2, 3, 4, 5, 6, 7]
Ordinal Index : None
Cat Idx : [0]
Cat dims : [2]
~~~~~~~~~~~~~~~~~~~~~~~~~~~~~~~~~~~~~~~~~~~~~~~~~~~~~~~~~~~~~~~~~~~~~~~~~~~~~~~
BEFORE getting cat idx
Nominal Index : [0, 1, 2, 3, 4, 5, 6, 7]
Ordinal Index : None
Cat Idx : [0, 1, 2, 3, 4, 5, 6, 7]
Cat dims : []
No one Hot for this Baby!!! 

ERROR during preprocessing in inner fold 2: y contains previously unseen labels: 'aa'
Skipping inner fold 2 due to preprocessing error.
  outer_4_inner Fold 3/5
Before Debugging -- Inner Fold 3
DEBUG Inner Fold 3: num_features: 376
DEBUG Inner Fold 3: num_classes: 1
DEBUG Inner Fold 3: cat_idx: [0]
DEBUG Inner Fold 3: nominal_idx: [0, 1, 2, 3, 4, 5, 6, 7]
DEBUG Inner Fold 3: ordinal_idx: None
DEBUG Inner Fold 3: num_idx: None
DEBUG Inner Fold 3: cat_dims: [2]
DEBUG Inner Fold 3: bin_alt: None
~~~~~~~~~~~~~~~~~~~~~~~~~~~~~~~~~~~~~~~~~~~~~~~~~~~~~~~~~~~~~~~~~~~~~~~~~~~~~~~
BEFORE ANY ENCODING
num_features :376
num_classes : 1
cat_idx : [0]
nominal_idx : [0, 1, 2, 3, 4, 5, 6, 7]
ordinal_idx : None
args.num_idx : None
cat_dims : [2]
bin_alt : None 


X_train shape : (1346, 376)
~~~~~~~~~~~~~~~~~~~~~~~~~~~~~~~~~~~~~~~~~~~~~~~~~~~~~~~~~~~~~~~~~~~~~~~~~~~~~~~
~~~~~~~~~~~~~~~~~~~~~~~~~~~~~~~~~~~~~~~~~~~~~~~~~~~~~~~~~~~~~~~~~~~~~~~~~~~~~~~
AFTER getting cat idx
Nominal Index : [0, 1, 2, 3, 4, 5, 6, 7]
Ordinal Index : None
Cat Idx : [0]
Cat dims : [2]
~~~~~~~~~~~~~~~~~~~~~~~~~~~~~~~~~~~~~~~~~~~~~~~~~~~~~~~~~~~~~~~~~~~~~~~~~~~~~~~
BEFORE getting cat idx
Nominal Index : [0, 1, 2, 3, 4, 5, 6, 7]
Ordinal Index : None
Cat Idx : [0, 1, 2, 3, 4, 5, 6, 7]
Cat dims : []
No one Hot for this Baby!!! 

ERROR during preprocessing in inner fold 3: y contains previously unseen labels: 'ah'
Skipping inner fold 3 due to preprocessing error.
  outer_4_inner Fold 4/5
Before Debugging -- Inner Fold 4
DEBUG Inner Fold 4: num_features: 376
DEBUG Inner Fold 4: num_classes: 1
DEBUG Inner Fold 4: cat_idx: [0]
DEBUG Inner Fold 4: nominal_idx: [0, 1, 2, 3, 4, 5, 6, 7]
DEBUG Inner Fold 4: ordinal_idx: None
DEBUG Inner Fold 4: num_idx: None
DEBUG Inner Fold 4: cat_dims: [2]
DEBUG Inner Fold 4: bin_alt: None
~~~~~~~~~~~~~~~~~~~~~~~~~~~~~~~~~~~~~~~~~~~~~~~~~~~~~~~~~~~~~~~~~~~~~~~~~~~~~~~
BEFORE ANY ENCODING
num_features :376
num_classes : 1
cat_idx : [0]
nominal_idx : [0, 1, 2, 3, 4, 5, 6, 7]
ordinal_idx : None
args.num_idx : None
cat_dims : [2]
bin_alt : None 


X_train shape : (1347, 376)
~~~~~~~~~~~~~~~~~~~~~~~~~~~~~~~~~~~~~~~~~~~~~~~~~~~~~~~~~~~~~~~~~~~~~~~~~~~~~~~
~~~~~~~~~~~~~~~~~~~~~~~~~~~~~~~~~~~~~~~~~~~~~~~~~~~~~~~~~~~~~~~~~~~~~~~~~~~~~~~
AFTER getting cat idx
Nominal Index : [0, 1, 2, 3, 4, 5, 6, 7]
Ordinal Index : None
Cat Idx : [0]
Cat dims : [2]
~~~~~~~~~~~~~~~~~~~~~~~~~~~~~~~~~~~~~~~~~~~~~~~~~~~~~~~~~~~~~~~~~~~~~~~~~~~~~~~
BEFORE getting cat idx
Nominal Index : [0, 1, 2, 3, 4, 5, 6, 7]
Ordinal Index : None
Cat Idx : [0, 1, 2, 3, 4, 5, 6, 7]
Cat dims : []
No one Hot for this Baby!!! 

ERROR during preprocessing in inner fold 4: y contains previously unseen labels: 'aw'
Skipping inner fold 4 due to preprocessing error.
  outer_4_inner Fold 5/5
Before Debugging -- Inner Fold 5
DEBUG Inner Fold 5: num_features: 376
DEBUG Inner Fold 5: num_classes: 1
DEBUG Inner Fold 5: cat_idx: [0]
DEBUG Inner Fold 5: nominal_idx: [0, 1, 2, 3, 4, 5, 6, 7]
DEBUG Inner Fold 5: ordinal_idx: None
DEBUG Inner Fold 5: num_idx: None
DEBUG Inner Fold 5: cat_dims: [2]
DEBUG Inner Fold 5: bin_alt: None
~~~~~~~~~~~~~~~~~~~~~~~~~~~~~~~~~~~~~~~~~~~~~~~~~~~~~~~~~~~~~~~~~~~~~~~~~~~~~~~
BEFORE ANY ENCODING
num_features :376
num_classes : 1
cat_idx : [0]
nominal_idx : [0, 1, 2, 3, 4, 5, 6, 7]
ordinal_idx : None
args.num_idx : None
cat_dims : [2]
bin_alt : None 


X_train shape : (1347, 376)
~~~~~~~~~~~~~~~~~~~~~~~~~~~~~~~~~~~~~~~~~~~~~~~~~~~~~~~~~~~~~~~~~~~~~~~~~~~~~~~
~~~~~~~~~~~~~~~~~~~~~~~~~~~~~~~~~~~~~~~~~~~~~~~~~~~~~~~~~~~~~~~~~~~~~~~~~~~~~~~
AFTER getting cat idx
Nominal Index : [0, 1, 2, 3, 4, 5, 6, 7]
Ordinal Index : None
Cat Idx : [0]
Cat dims : [2]
~~~~~~~~~~~~~~~~~~~~~~~~~~~~~~~~~~~~~~~~~~~~~~~~~~~~~~~~~~~~~~~~~~~~~~~~~~~~~~~
BEFORE getting cat idx
Nominal Index : [0, 1, 2, 3, 4, 5, 6, 7]
Ordinal Index : None
Cat Idx : [0, 1, 2, 3, 4, 5, 6, 7]
Cat dims : []
No one Hot for this Baby!!! 

ERROR during preprocessing in inner fold 5: y contains previously unseen labels: 'ab'
Skipping inner fold 5 due to preprocessing error.
Warning: No inner folds completed successfully for HPO trial.
ERROR saving hyperparameters to file coz inner_cs issues: 'float' object has no attribute 'get_results'
Best Hyperparameters found for Outer Fold 4: {'max_depth': 3, 'alpha': 0.09280858377471711, 'lambda': 0.1005947613436852, 'eta': 0.14061259693829564}
Best Inner CV Score : 0.0000
Hyperparameter Optimization for Outer Fold 4 finished in 0.08 seconds.
Before Debugging -- Outer Fold 4
DEBUG Outer Fold 4: num_features: 376
DEBUG Outer Fold 4: num_classes: 1
DEBUG Outer Fold 4: cat_idx: [0]
DEBUG Outer Fold 4: nominal_idx: [0, 1, 2, 3, 4, 5, 6, 7]
DEBUG Outer Fold 4: ordinal_idx: None
DEBUG Outer Fold 4: num_idx: None
DEBUG Outer Fold 4: cat_dims: [2]
DEBUG Outer Fold 4: bin_alt: None
~~~~~~~~~~~~~~~~~~~~~~~~~~~~~~~~~~~~~~~~~~~~~~~~~~~~~~~~~~~~~~~~~~~~~~~~~~~~~~~
BEFORE ANY ENCODING
num_features :376
num_classes : 1
cat_idx : [0]
nominal_idx : [0, 1, 2, 3, 4, 5, 6, 7]
ordinal_idx : None
args.num_idx : None
cat_dims : [2]
bin_alt : None 


X_train shape : (1683, 376)
~~~~~~~~~~~~~~~~~~~~~~~~~~~~~~~~~~~~~~~~~~~~~~~~~~~~~~~~~~~~~~~~~~~~~~~~~~~~~~~
~~~~~~~~~~~~~~~~~~~~~~~~~~~~~~~~~~~~~~~~~~~~~~~~~~~~~~~~~~~~~~~~~~~~~~~~~~~~~~~
AFTER getting cat idx
Nominal Index : [0, 1, 2, 3, 4, 5, 6, 7]
Ordinal Index : None
Cat Idx : [0]
Cat dims : [2]
~~~~~~~~~~~~~~~~~~~~~~~~~~~~~~~~~~~~~~~~~~~~~~~~~~~~~~~~~~~~~~~~~~~~~~~~~~~~~~~
BEFORE getting cat idx
Nominal Index : [0, 1, 2, 3, 4, 5, 6, 7]
Ordinal Index : None
Cat Idx : [0, 1, 2, 3, 4, 5, 6, 7]
Cat dims : []
No one Hot for this Baby!!! 

ERROR during preprocessing for final model training in outer fold 4: y contains previously unseen labels: 'q'
Skipping outer fold 4 due to preprocessing error.

--- Outer Fold 5/2 ---
Starting Hyperparameter Optimization for Outer Fold 5...
  outer_5_inner Fold 1/5
Before Debugging -- Inner Fold 1
DEBUG Inner Fold 1: num_features: 376
DEBUG Inner Fold 1: num_classes: 1
DEBUG Inner Fold 1: cat_idx: [0]
DEBUG Inner Fold 1: nominal_idx: [0, 1, 2, 3, 4, 5, 6, 7]
DEBUG Inner Fold 1: ordinal_idx: None
DEBUG Inner Fold 1: num_idx: None
DEBUG Inner Fold 1: cat_dims: [2]
DEBUG Inner Fold 1: bin_alt: None
~~~~~~~~~~~~~~~~~~~~~~~~~~~~~~~~~~~~~~~~~~~~~~~~~~~~~~~~~~~~~~~~~~~~~~~~~~~~~~~
BEFORE ANY ENCODING
num_features :376
num_classes : 1
cat_idx : [0]
nominal_idx : [0, 1, 2, 3, 4, 5, 6, 7]
ordinal_idx : None
args.num_idx : None
cat_dims : [2]
bin_alt : None 


X_train shape : (1347, 376)
~~~~~~~~~~~~~~~~~~~~~~~~~~~~~~~~~~~~~~~~~~~~~~~~~~~~~~~~~~~~~~~~~~~~~~~~~~~~~~~
~~~~~~~~~~~~~~~~~~~~~~~~~~~~~~~~~~~~~~~~~~~~~~~~~~~~~~~~~~~~~~~~~~~~~~~~~~~~~~~
AFTER getting cat idx
Nominal Index : [0, 1, 2, 3, 4, 5, 6, 7]
Ordinal Index : None
Cat Idx : [0]
Cat dims : [2]
~~~~~~~~~~~~~~~~~~~~~~~~~~~~~~~~~~~~~~~~~~~~~~~~~~~~~~~~~~~~~~~~~~~~~~~~~~~~~~~
BEFORE getting cat idx
Nominal Index : [0, 1, 2, 3, 4, 5, 6, 7]
Ordinal Index : None
Cat Idx : [0, 1, 2, 3, 4, 5, 6, 7]
Cat dims : []
No one Hot for this Baby!!! 

ERROR during preprocessing in inner fold 1: y contains previously unseen labels: 'ab'
Skipping inner fold 1 due to preprocessing error.
  outer_5_inner Fold 2/5
Before Debugging -- Inner Fold 2
DEBUG Inner Fold 2: num_features: 376
DEBUG Inner Fold 2: num_classes: 1
DEBUG Inner Fold 2: cat_idx: [0]
DEBUG Inner Fold 2: nominal_idx: [0, 1, 2, 3, 4, 5, 6, 7]
DEBUG Inner Fold 2: ordinal_idx: None
DEBUG Inner Fold 2: num_idx: None
DEBUG Inner Fold 2: cat_dims: [2]
DEBUG Inner Fold 2: bin_alt: None
~~~~~~~~~~~~~~~~~~~~~~~~~~~~~~~~~~~~~~~~~~~~~~~~~~~~~~~~~~~~~~~~~~~~~~~~~~~~~~~
BEFORE ANY ENCODING
num_features :376
num_classes : 1
cat_idx : [0]
nominal_idx : [0, 1, 2, 3, 4, 5, 6, 7]
ordinal_idx : None
args.num_idx : None
cat_dims : [2]
bin_alt : None 


X_train shape : (1347, 376)
~~~~~~~~~~~~~~~~~~~~~~~~~~~~~~~~~~~~~~~~~~~~~~~~~~~~~~~~~~~~~~~~~~~~~~~~~~~~~~~
~~~~~~~~~~~~~~~~~~~~~~~~~~~~~~~~~~~~~~~~~~~~~~~~~~~~~~~~~~~~~~~~~~~~~~~~~~~~~~~
AFTER getting cat idx
Nominal Index : [0, 1, 2, 3, 4, 5, 6, 7]
Ordinal Index : None
Cat Idx : [0]
Cat dims : [2]
~~~~~~~~~~~~~~~~~~~~~~~~~~~~~~~~~~~~~~~~~~~~~~~~~~~~~~~~~~~~~~~~~~~~~~~~~~~~~~~
BEFORE getting cat idx
Nominal Index : [0, 1, 2, 3, 4, 5, 6, 7]
Ordinal Index : None
Cat Idx : [0, 1, 2, 3, 4, 5, 6, 7]
Cat dims : []
No one Hot for this Baby!!! 

ERROR during preprocessing in inner fold 2: y contains previously unseen labels: 'u'
Skipping inner fold 2 due to preprocessing error.
  outer_5_inner Fold 3/5
Before Debugging -- Inner Fold 3
DEBUG Inner Fold 3: num_features: 376
DEBUG Inner Fold 3: num_classes: 1
DEBUG Inner Fold 3: cat_idx: [0]
DEBUG Inner Fold 3: nominal_idx: [0, 1, 2, 3, 4, 5, 6, 7]
DEBUG Inner Fold 3: ordinal_idx: None
DEBUG Inner Fold 3: num_idx: None
DEBUG Inner Fold 3: cat_dims: [2]
DEBUG Inner Fold 3: bin_alt: None
~~~~~~~~~~~~~~~~~~~~~~~~~~~~~~~~~~~~~~~~~~~~~~~~~~~~~~~~~~~~~~~~~~~~~~~~~~~~~~~
BEFORE ANY ENCODING
num_features :376
num_classes : 1
cat_idx : [0]
nominal_idx : [0, 1, 2, 3, 4, 5, 6, 7]
ordinal_idx : None
args.num_idx : None
cat_dims : [2]
bin_alt : None 


X_train shape : (1347, 376)
~~~~~~~~~~~~~~~~~~~~~~~~~~~~~~~~~~~~~~~~~~~~~~~~~~~~~~~~~~~~~~~~~~~~~~~~~~~~~~~
~~~~~~~~~~~~~~~~~~~~~~~~~~~~~~~~~~~~~~~~~~~~~~~~~~~~~~~~~~~~~~~~~~~~~~~~~~~~~~~
AFTER getting cat idx
Nominal Index : [0, 1, 2, 3, 4, 5, 6, 7]
Ordinal Index : None
Cat Idx : [0]
Cat dims : [2]
~~~~~~~~~~~~~~~~~~~~~~~~~~~~~~~~~~~~~~~~~~~~~~~~~~~~~~~~~~~~~~~~~~~~~~~~~~~~~~~
BEFORE getting cat idx
Nominal Index : [0, 1, 2, 3, 4, 5, 6, 7]
Ordinal Index : None
Cat Idx : [0, 1, 2, 3, 4, 5, 6, 7]
Cat dims : []
No one Hot for this Baby!!! 

ERROR during preprocessing in inner fold 3: y contains previously unseen labels: 'q'
Skipping inner fold 3 due to preprocessing error.
  outer_5_inner Fold 4/5
Before Debugging -- Inner Fold 4
DEBUG Inner Fold 4: num_features: 376
DEBUG Inner Fold 4: num_classes: 1
DEBUG Inner Fold 4: cat_idx: [0]
DEBUG Inner Fold 4: nominal_idx: [0, 1, 2, 3, 4, 5, 6, 7]
DEBUG Inner Fold 4: ordinal_idx: None
DEBUG Inner Fold 4: num_idx: None
DEBUG Inner Fold 4: cat_dims: [2]
DEBUG Inner Fold 4: bin_alt: None
~~~~~~~~~~~~~~~~~~~~~~~~~~~~~~~~~~~~~~~~~~~~~~~~~~~~~~~~~~~~~~~~~~~~~~~~~~~~~~~
BEFORE ANY ENCODING
num_features :376
num_classes : 1
cat_idx : [0]
nominal_idx : [0, 1, 2, 3, 4, 5, 6, 7]
ordinal_idx : None
args.num_idx : None
cat_dims : [2]
bin_alt : None 


X_train shape : (1347, 376)
~~~~~~~~~~~~~~~~~~~~~~~~~~~~~~~~~~~~~~~~~~~~~~~~~~~~~~~~~~~~~~~~~~~~~~~~~~~~~~~
~~~~~~~~~~~~~~~~~~~~~~~~~~~~~~~~~~~~~~~~~~~~~~~~~~~~~~~~~~~~~~~~~~~~~~~~~~~~~~~
AFTER getting cat idx
Nominal Index : [0, 1, 2, 3, 4, 5, 6, 7]
Ordinal Index : None
Cat Idx : [0]
Cat dims : [2]
~~~~~~~~~~~~~~~~~~~~~~~~~~~~~~~~~~~~~~~~~~~~~~~~~~~~~~~~~~~~~~~~~~~~~~~~~~~~~~~
BEFORE getting cat idx
Nominal Index : [0, 1, 2, 3, 4, 5, 6, 7]
Ordinal Index : None
Cat Idx : [0, 1, 2, 3, 4, 5, 6, 7]
Cat dims : []
No one Hot for this Baby!!! 

~~~~~~~~~~~~~~~~~~~~~~~~~~~~~~~~~~~~~~~~~~~~~~~~~~~~~~~~~~~~~~~~~~~~~~~~~~~~~~~ 


AFTER SEPARATING CATEGORICALS AND NUMERICALS
Ordinal Index : None
Numerical Index V1 : [8, 9, 10, 11, 12, 13, 14, 15, 16, 17, 18, 19, 20, 21, 22, 23, 24, 25, 26, 27, 28, 29, 30, 31, 32, 33, 34, 35, 36, 37, 38, 39, 40, 41, 42, 43, 44, 45, 46, 47, 48, 49, 50, 51, 52, 53, 54, 55, 56, 57, 58, 59, 60, 61, 62, 63, 64, 65, 66, 67, 68, 69, 70, 71, 72, 73, 74, 75, 76, 77, 78, 79, 80, 81, 82, 83, 84, 85, 86, 87, 88, 89, 90, 91, 92, 93, 94, 95, 96, 97, 98, 99, 100, 101, 102, 103, 104, 105, 106, 107, 108, 109, 110, 111, 112, 113, 114, 115, 116, 117, 118, 119, 120, 121, 122, 123, 124, 125, 126, 127, 128, 129, 130, 131, 132, 133, 134, 135, 136, 137, 138, 139, 140, 141, 142, 143, 144, 145, 146, 147, 148, 149, 150, 151, 152, 153, 154, 155, 156, 157, 158, 159, 160, 161, 162, 163, 164, 165, 166, 167, 168, 169, 170, 171, 172, 173, 174, 175, 176, 177, 178, 179, 180, 181, 182, 183, 184, 185, 186, 187, 188, 189, 190, 191, 192, 193, 194, 195, 196, 197, 198, 199, 200, 201, 202, 203, 204, 205, 206, 207, 208, 209, 210, 211, 212, 213, 214, 215, 216, 217, 218, 219, 220, 221, 222, 223, 224, 225, 226, 227, 228, 229, 230, 231, 232, 233, 234, 235, 236, 237, 238, 239, 240, 241, 242, 243, 244, 245, 246, 247, 248, 249, 250, 251, 252, 253, 254, 255, 256, 257, 258, 259, 260, 261, 262, 263, 264, 265, 266, 267, 268, 269, 270, 271, 272, 273, 274, 275, 276, 277, 278, 279, 280, 281, 282, 283, 284, 285, 286, 287, 288, 289, 290, 291, 292, 293, 294, 295, 296, 297, 298, 299, 300, 301, 302, 303, 304, 305, 306, 307, 308, 309, 310, 311, 312, 313, 314, 315, 316, 317, 318, 319, 320, 321, 322, 323, 324, 325, 326, 327, 328, 329, 330, 331, 332, 333, 334, 335, 336, 337, 338, 339, 340, 341, 342, 343, 344, 345, 346, 347, 348, 349, 350, 351, 352, 353, 354, 355, 356, 357, 358, 359, 360, 361, 362, 363, 364, 365, 366, 367, 368, 369, 370, 371, 372, 373, 374, 375]
Cat Idx V1 : [0, 1, 2, 3, 4, 5, 6, 7] 
Cat Dims V1 : [44, 25, 37, 7, 4, 25, 12, 25]
 

~~~~~~~~~~~~~~~~~~~~~~~~~~~~~~~~~~~~~~~~~~~~~~~~~~~~~~~~~~~~~~~~~~~~~~~~~~~~~~~ 


Scaling the data...
~~~~~~~~~~~~~~~~~~~~~~~~~~~~~~~~~~~~~~~~~~~~~~~~~~~~~~~~~~~~~~~~~~~~~~~~~~~~~~~
After OHE
Numerical Index V2 : [8, 9, 10, 11, 12, 13, 14, 15, 16, 17, 18, 19, 20, 21, 22, 23, 24, 25, 26, 27, 28, 29, 30, 31, 32, 33, 34, 35, 36, 37, 38, 39, 40, 41, 42, 43, 44, 45, 46, 47, 48, 49, 50, 51, 52, 53, 54, 55, 56, 57, 58, 59, 60, 61, 62, 63, 64, 65, 66, 67, 68, 69, 70, 71, 72, 73, 74, 75, 76, 77, 78, 79, 80, 81, 82, 83, 84, 85, 86, 87, 88, 89, 90, 91, 92, 93, 94, 95, 96, 97, 98, 99, 100, 101, 102, 103, 104, 105, 106, 107, 108, 109, 110, 111, 112, 113, 114, 115, 116, 117, 118, 119, 120, 121, 122, 123, 124, 125, 126, 127, 128, 129, 130, 131, 132, 133, 134, 135, 136, 137, 138, 139, 140, 141, 142, 143, 144, 145, 146, 147, 148, 149, 150, 151, 152, 153, 154, 155, 156, 157, 158, 159, 160, 161, 162, 163, 164, 165, 166, 167, 168, 169, 170, 171, 172, 173, 174, 175, 176, 177, 178, 179, 180, 181, 182, 183, 184, 185, 186, 187, 188, 189, 190, 191, 192, 193, 194, 195, 196, 197, 198, 199, 200, 201, 202, 203, 204, 205, 206, 207, 208, 209, 210, 211, 212, 213, 214, 215, 216, 217, 218, 219, 220, 221, 222, 223, 224, 225, 226, 227, 228, 229, 230, 231, 232, 233, 234, 235, 236, 237, 238, 239, 240, 241, 242, 243, 244, 245, 246, 247, 248, 249, 250, 251, 252, 253, 254, 255, 256, 257, 258, 259, 260, 261, 262, 263, 264, 265, 266, 267, 268, 269, 270, 271, 272, 273, 274, 275, 276, 277, 278, 279, 280, 281, 282, 283, 284, 285, 286, 287, 288, 289, 290, 291, 292, 293, 294, 295, 296, 297, 298, 299, 300, 301, 302, 303, 304, 305, 306, 307, 308, 309, 310, 311, 312, 313, 314, 315, 316, 317, 318, 319, 320, 321, 322, 323, 324, 325, 326, 327, 328, 329, 330, 331, 332, 333, 334, 335, 336, 337, 338, 339, 340, 341, 342, 343, 344, 345, 346, 347, 348, 349, 350, 351, 352, 353, 354, 355, 356, 357, 358, 359, 360, 361, 362, 363, 364, 365, 366, 367, 368, 369, 370, 371, 372, 373, 374, 375] 


OHE Idx : [0, 1, 2, 3, 4, 5, 6, 7]


Ordinal Idx V2: None


Cat Dims V2 : [44, 25, 37, 7, 4, 25, 12, 25]
Cat Idx V2 : [0, 1, 2, 3, 4, 5, 6, 7] 
 

Train: [[25 21 2 2 3]
 [27 15 2 2 3]
 [23 1 35 3 3]
 [7 18 7 2 3]
 [7 18 23 0 3]
 [24 18 13 4 3]
 [25 3 27 2 3]
 [28 1 17 2 3]
 [18 12 28 5 3]
 [28 2 2 0 3]] 
 
 
Val : (1347, 376) 
 

~~~~~~~~~~~~~~~~~~~~~~~~~~~~~~~~~~~~~~~~~~~~~~~~~~~~~~~~~~~~~~~~~~~~~~~~~~~~~~~
Cat Idx V3 : [0, 1, 2, 3, 4, 5, 6, 7] 
 

~~~~~~~~~~~~~~~~~~~~~~~~~~~~~~~~~~~~~~~~~~~~~~~~~~~~~~~~~~~~~~~~~~~~~~~~~~~~~~~
After ORDINAL
Numerical Index V2 : [8, 9, 10, 11, 12, 13, 14, 15, 16, 17, 18, 19, 20, 21, 22, 23, 24, 25, 26, 27, 28, 29, 30, 31, 32, 33, 34, 35, 36, 37, 38, 39, 40, 41, 42, 43, 44, 45, 46, 47, 48, 49, 50, 51, 52, 53, 54, 55, 56, 57, 58, 59, 60, 61, 62, 63, 64, 65, 66, 67, 68, 69, 70, 71, 72, 73, 74, 75, 76, 77, 78, 79, 80, 81, 82, 83, 84, 85, 86, 87, 88, 89, 90, 91, 92, 93, 94, 95, 96, 97, 98, 99, 100, 101, 102, 103, 104, 105, 106, 107, 108, 109, 110, 111, 112, 113, 114, 115, 116, 117, 118, 119, 120, 121, 122, 123, 124, 125, 126, 127, 128, 129, 130, 131, 132, 133, 134, 135, 136, 137, 138, 139, 140, 141, 142, 143, 144, 145, 146, 147, 148, 149, 150, 151, 152, 153, 154, 155, 156, 157, 158, 159, 160, 161, 162, 163, 164, 165, 166, 167, 168, 169, 170, 171, 172, 173, 174, 175, 176, 177, 178, 179, 180, 181, 182, 183, 184, 185, 186, 187, 188, 189, 190, 191, 192, 193, 194, 195, 196, 197, 198, 199, 200, 201, 202, 203, 204, 205, 206, 207, 208, 209, 210, 211, 212, 213, 214, 215, 216, 217, 218, 219, 220, 221, 222, 223, 224, 225, 226, 227, 228, 229, 230, 231, 232, 233, 234, 235, 236, 237, 238, 239, 240, 241, 242, 243, 244, 245, 246, 247, 248, 249, 250, 251, 252, 253, 254, 255, 256, 257, 258, 259, 260, 261, 262, 263, 264, 265, 266, 267, 268, 269, 270, 271, 272, 273, 274, 275, 276, 277, 278, 279, 280, 281, 282, 283, 284, 285, 286, 287, 288, 289, 290, 291, 292, 293, 294, 295, 296, 297, 298, 299, 300, 301, 302, 303, 304, 305, 306, 307, 308, 309, 310, 311, 312, 313, 314, 315, 316, 317, 318, 319, 320, 321, 322, 323, 324, 325, 326, 327, 328, 329, 330, 331, 332, 333, 334, 335, 336, 337, 338, 339, 340, 341, 342, 343, 344, 345, 346, 347, 348, 349, 350, 351, 352, 353, 354, 355, 356, 357, 358, 359, 360, 361, 362, 363, 364, 365, 366, 367, 368, 369, 370, 371, 372, 373, 374, 375] 


OHE Idx : [0, 1, 2, 3, 4, 5, 6, 7]


Ordinal Idx V2: None


Cat Dims V2 : [44, 25, 37, 7, 4, 25, 12, 25, 45, 26, 38, 8, 5, 26, 13, 26]
Cat Idx V2 : [0, 1, 2, 3, 4, 5, 6, 7] 
 

Train: [[25 21 2 ... -0.027256963340035873 -0.02725696334003587
  -0.0472455591261534]
 [27 15 2 ... -0.027256963340035873 -0.02725696334003587
  -0.0472455591261534]
 [23 1 35 ... -0.027256963340035873 -0.02725696334003587
  -0.0472455591261534]
 ...
 [28 1 17 ... -0.027256963340035873 -0.02725696334003587
  -0.0472455591261534]
 [18 12 28 ... -0.027256963340035873 -0.02725696334003587
  -0.0472455591261534]
 [28 2 2 ... -0.027256963340035873 -0.02725696334003587
  -0.0472455591261534]] 
 
 
Val : (1347, 376) 
 

FINISHED ENCODING
~~~~~~~~~~~~~~~~~~~~~~~~~~~~~~~~~~~~~~~~~~~~~~~~~~~~~~~~~~~~~~~~~~~~~~~~~~~~~~~


Number of bins: 17
Number of Classes B4 Bin Verifier: 17
Unique values in y: (array([ 0.,  1.,  2.,  3.,  4.,  5.,  6.,  7.,  8.,  9., 10., 11., 12.,
       13., 14., 15., 16.]), 17)
Unique values in y_val: (array([ 0.,  1.,  2.,  3.,  4.,  5.,  6.,  7.,  8.,  9., 10., 11., 12.,
       13., 16.]), 15)
No need to shift labels.
VERIFY SHIFT
Y shape : (1347,) , Y_val shape : (337,)
Train after shift : [ 0  1  2  3  4  5  6  7  8  9 10 11 12 13 14 15 16], Length : 17
Number of Classes After Bin Verifier: 17 


After Debugging -- Inner Fold 4
DEBUG Inner Fold 4: num_features: 376
DEBUG Inner Fold 4: num_classes: 17
DEBUG Inner Fold 4: cat_idx: [0, 1, 2, 3, 4, 5, 6, 7]
DEBUG Inner Fold 4: nominal_idx: [0, 1, 2, 3, 4, 5, 6, 7]
DEBUG Inner Fold 4: ordinal_idx: None
DEBUG Inner Fold 4: num_idx: [8, 9, 10, 11, 12, 13, 14, 15, 16, 17, 18, 19, 20, 21, 22, 23, 24, 25, 26, 27, 28, 29, 30, 31, 32, 33, 34, 35, 36, 37, 38, 39, 40, 41, 42, 43, 44, 45, 46, 47, 48, 49, 50, 51, 52, 53, 54, 55, 56, 57, 58, 59, 60, 61, 62, 63, 64, 65, 66, 67, 68, 69, 70, 71, 72, 73, 74, 75, 76, 77, 78, 79, 80, 81, 82, 83, 84, 85, 86, 87, 88, 89, 90, 91, 92, 93, 94, 95, 96, 97, 98, 99, 100, 101, 102, 103, 104, 105, 106, 107, 108, 109, 110, 111, 112, 113, 114, 115, 116, 117, 118, 119, 120, 121, 122, 123, 124, 125, 126, 127, 128, 129, 130, 131, 132, 133, 134, 135, 136, 137, 138, 139, 140, 141, 142, 143, 144, 145, 146, 147, 148, 149, 150, 151, 152, 153, 154, 155, 156, 157, 158, 159, 160, 161, 162, 163, 164, 165, 166, 167, 168, 169, 170, 171, 172, 173, 174, 175, 176, 177, 178, 179, 180, 181, 182, 183, 184, 185, 186, 187, 188, 189, 190, 191, 192, 193, 194, 195, 196, 197, 198, 199, 200, 201, 202, 203, 204, 205, 206, 207, 208, 209, 210, 211, 212, 213, 214, 215, 216, 217, 218, 219, 220, 221, 222, 223, 224, 225, 226, 227, 228, 229, 230, 231, 232, 233, 234, 235, 236, 237, 238, 239, 240, 241, 242, 243, 244, 245, 246, 247, 248, 249, 250, 251, 252, 253, 254, 255, 256, 257, 258, 259, 260, 261, 262, 263, 264, 265, 266, 267, 268, 269, 270, 271, 272, 273, 274, 275, 276, 277, 278, 279, 280, 281, 282, 283, 284, 285, 286, 287, 288, 289, 290, 291, 292, 293, 294, 295, 296, 297, 298, 299, 300, 301, 302, 303, 304, 305, 306, 307, 308, 309, 310, 311, 312, 313, 314, 315, 316, 317, 318, 319, 320, 321, 322, 323, 324, 325, 326, 327, 328, 329, 330, 331, 332, 333, 334, 335, 336, 337, 338, 339, 340, 341, 342, 343, 344, 345, 346, 347, 348, 349, 350, 351, 352, 353, 354, 355, 356, 357, 358, 359, 360, 361, 362, 363, 364, 365, 366, 367, 368, 369, 370, 371, 372, 373, 374, 375]
DEBUG Inner Fold 4: cat_dims: [44, 25, 37, 7, 4, 25, 12, 25, 45, 26, 38, 8, 5, 26, 13, 26]
DEBUG Inner Fold 4: bin_alt: [0, 1, 2, 3, 4, 5, 6, 7, 8, 9, 10, 11, 12, 13, 14, 15, 16]
**** Data b4 Fitting ****
X_train_inner_proc: [[25 21 2 ... -0.027256963340035873 -0.02725696334003587
  -0.0472455591261534]
 [27 15 2 ... -0.027256963340035873 -0.02725696334003587
  -0.0472455591261534]
 [23 1 35 ... -0.027256963340035873 -0.02725696334003587
  -0.0472455591261534]
 ...
 [28 1 17 ... -0.027256963340035873 -0.02725696334003587
  -0.0472455591261534]
 [18 12 28 ... -0.027256963340035873 -0.02725696334003587
  -0.0472455591261534]
 [28 2 2 ... -0.027256963340035873 -0.02725696334003587
  -0.0472455591261534]]
y_train_inner_proc: [2 7 5 5 6 2 3 6 0 6]
X_val_inner_proc WHAT: [[7 18 13 ... -0.027256963340035873 -0.02725696334003587
  -0.0472455591261534]
 [33 18 27 ... -0.027256963340035873 -0.02725696334003587
  -0.0472455591261534]
 [37 2 6 ... -0.027256963340035873 -0.02725696334003587
  -0.0472455591261534]
 ...
 [29 21 14 ... -0.027256963340035873 -0.02725696334003587
  -0.0472455591261534]
 [41 21 16 ... -0.027256963340035873 -0.02725696334003587
  -0.0472455591261534]
 [43 1 21 ... -0.027256963340035873 -0.02725696334003587
  -0.0472455591261534]]
y_val_inner_proc: [ 7  4  1  5  4  2  6  7 10  4]
Looking for Issue in XGB: probabilistic_regression
Still running??
Feature Types: ['c', 'c', 'c', 'c', 'c', 'c', 'c', 'c', 'q', 'q', 'q', 'q', 'q', 'q', 'q', 'q', 'q', 'q', 'q', 'q', 'q', 'q', 'q', 'q', 'q', 'q', 'q', 'q', 'q', 'q', 'q', 'q', 'q', 'q', 'q', 'q', 'q', 'q', 'q', 'q', 'q', 'q', 'q', 'q', 'q', 'q', 'q', 'q', 'q', 'q', 'q', 'q', 'q', 'q', 'q', 'q', 'q', 'q', 'q', 'q', 'q', 'q', 'q', 'q', 'q', 'q', 'q', 'q', 'q', 'q', 'q', 'q', 'q', 'q', 'q', 'q', 'q', 'q', 'q', 'q', 'q', 'q', 'q', 'q', 'q', 'q', 'q', 'q', 'q', 'q', 'q', 'q', 'q', 'q', 'q', 'q', 'q', 'q', 'q', 'q', 'q', 'q', 'q', 'q', 'q', 'q', 'q', 'q', 'q', 'q', 'q', 'q', 'q', 'q', 'q', 'q', 'q', 'q', 'q', 'q', 'q', 'q', 'q', 'q', 'q', 'q', 'q', 'q', 'q', 'q', 'q', 'q', 'q', 'q', 'q', 'q', 'q', 'q', 'q', 'q', 'q', 'q', 'q', 'q', 'q', 'q', 'q', 'q', 'q', 'q', 'q', 'q', 'q', 'q', 'q', 'q', 'q', 'q', 'q', 'q', 'q', 'q', 'q', 'q', 'q', 'q', 'q', 'q', 'q', 'q', 'q', 'q', 'q', 'q', 'q', 'q', 'q', 'q', 'q', 'q', 'q', 'q', 'q', 'q', 'q', 'q', 'q', 'q', 'q', 'q', 'q', 'q', 'q', 'q', 'q', 'q', 'q', 'q', 'q', 'q', 'q', 'q', 'q', 'q', 'q', 'q', 'q', 'q', 'q', 'q', 'q', 'q', 'q', 'q', 'q', 'q', 'q', 'q', 'q', 'q', 'q', 'q', 'q', 'q', 'q', 'q', 'q', 'q', 'q', 'q', 'q', 'q', 'q', 'q', 'q', 'q', 'q', 'q', 'q', 'q', 'q', 'q', 'q', 'q', 'q', 'q', 'q', 'q', 'q', 'q', 'q', 'q', 'q', 'q', 'q', 'q', 'q', 'q', 'q', 'q', 'q', 'q', 'q', 'q', 'q', 'q', 'q', 'q', 'q', 'q', 'q', 'q', 'q', 'q', 'q', 'q', 'q', 'q', 'q', 'q', 'q', 'q', 'q', 'q', 'q', 'q', 'q', 'q', 'q', 'q', 'q', 'q', 'q', 'q', 'q', 'q', 'q', 'q', 'q', 'q', 'q', 'q', 'q', 'q', 'q', 'q', 'q', 'q', 'q', 'q', 'q', 'q', 'q', 'q', 'q', 'q', 'q', 'q', 'q', 'q', 'q', 'q', 'q', 'q', 'q', 'q', 'q', 'q', 'q', 'q', 'q', 'q', 'q', 'q', 'q', 'q', 'q', 'q', 'q', 'q', 'q', 'q', 'q', 'q', 'q', 'q', 'q', 'q', 'q', 'q', 'q', 'q', 'q', 'q', 'q', 'q', 'q', 'q', 'q', 'q', 'q', 'q', 'q', 'q', 'q', 'q', 'q', 'q', 'q', 'q', 'q', 'q', 'q', 'q', 'q', 'q']
[0]	train-rmse:2.38456	eval-rmse:2.51264
[38]	train-rmse:0.37006	eval-rmse:2.09496
ERROR during prediction in inner fold 4: axis 1 is out of bounds for array of dimension 1
Skipping inner fold 4 due to prediction error.
  outer_5_inner Fold 5/5
Before Debugging -- Inner Fold 5
DEBUG Inner Fold 5: num_features: 376
DEBUG Inner Fold 5: num_classes: 1
DEBUG Inner Fold 5: cat_idx: [0]
DEBUG Inner Fold 5: nominal_idx: [0, 1, 2, 3, 4, 5, 6, 7]
DEBUG Inner Fold 5: ordinal_idx: None
DEBUG Inner Fold 5: num_idx: None
DEBUG Inner Fold 5: cat_dims: [2]
DEBUG Inner Fold 5: bin_alt: None
~~~~~~~~~~~~~~~~~~~~~~~~~~~~~~~~~~~~~~~~~~~~~~~~~~~~~~~~~~~~~~~~~~~~~~~~~~~~~~~
BEFORE ANY ENCODING
num_features :376
num_classes : 1
cat_idx : [0]
nominal_idx : [0, 1, 2, 3, 4, 5, 6, 7]
ordinal_idx : None
args.num_idx : None
cat_dims : [2]
bin_alt : None 


X_train shape : (1348, 376)
~~~~~~~~~~~~~~~~~~~~~~~~~~~~~~~~~~~~~~~~~~~~~~~~~~~~~~~~~~~~~~~~~~~~~~~~~~~~~~~
~~~~~~~~~~~~~~~~~~~~~~~~~~~~~~~~~~~~~~~~~~~~~~~~~~~~~~~~~~~~~~~~~~~~~~~~~~~~~~~
AFTER getting cat idx
Nominal Index : [0, 1, 2, 3, 4, 5, 6, 7]
Ordinal Index : None
Cat Idx : [0]
Cat dims : [2]
~~~~~~~~~~~~~~~~~~~~~~~~~~~~~~~~~~~~~~~~~~~~~~~~~~~~~~~~~~~~~~~~~~~~~~~~~~~~~~~
BEFORE getting cat idx
Nominal Index : [0, 1, 2, 3, 4, 5, 6, 7]
Ordinal Index : None
Cat Idx : [0, 1, 2, 3, 4, 5, 6, 7]
Cat dims : []
No one Hot for this Baby!!! 

ERROR during preprocessing in inner fold 5: y contains previously unseen labels: 'aw'
Skipping inner fold 5 due to preprocessing error.
Warning: No inner folds completed successfully for HPO trial.
ERROR saving hyperparameters to file coz inner_cs issues: 'float' object has no attribute 'get_results'
  outer_5_inner Fold 1/5
Before Debugging -- Inner Fold 1
DEBUG Inner Fold 1: num_features: 376
DEBUG Inner Fold 1: num_classes: 1
DEBUG Inner Fold 1: cat_idx: [0]
DEBUG Inner Fold 1: nominal_idx: [0, 1, 2, 3, 4, 5, 6, 7]
DEBUG Inner Fold 1: ordinal_idx: None
DEBUG Inner Fold 1: num_idx: None
DEBUG Inner Fold 1: cat_dims: [2]
DEBUG Inner Fold 1: bin_alt: None
~~~~~~~~~~~~~~~~~~~~~~~~~~~~~~~~~~~~~~~~~~~~~~~~~~~~~~~~~~~~~~~~~~~~~~~~~~~~~~~
BEFORE ANY ENCODING
num_features :376
num_classes : 1
cat_idx : [0]
nominal_idx : [0, 1, 2, 3, 4, 5, 6, 7]
ordinal_idx : None
args.num_idx : None
cat_dims : [2]
bin_alt : None 


X_train shape : (1347, 376)
~~~~~~~~~~~~~~~~~~~~~~~~~~~~~~~~~~~~~~~~~~~~~~~~~~~~~~~~~~~~~~~~~~~~~~~~~~~~~~~
~~~~~~~~~~~~~~~~~~~~~~~~~~~~~~~~~~~~~~~~~~~~~~~~~~~~~~~~~~~~~~~~~~~~~~~~~~~~~~~
AFTER getting cat idx
Nominal Index : [0, 1, 2, 3, 4, 5, 6, 7]
Ordinal Index : None
Cat Idx : [0]
Cat dims : [2]
~~~~~~~~~~~~~~~~~~~~~~~~~~~~~~~~~~~~~~~~~~~~~~~~~~~~~~~~~~~~~~~~~~~~~~~~~~~~~~~
BEFORE getting cat idx
Nominal Index : [0, 1, 2, 3, 4, 5, 6, 7]
Ordinal Index : None
Cat Idx : [0, 1, 2, 3, 4, 5, 6, 7]
Cat dims : []
No one Hot for this Baby!!! 

ERROR during preprocessing in inner fold 1: y contains previously unseen labels: 'ab'
Skipping inner fold 1 due to preprocessing error.
  outer_5_inner Fold 2/5
Before Debugging -- Inner Fold 2
DEBUG Inner Fold 2: num_features: 376
DEBUG Inner Fold 2: num_classes: 1
DEBUG Inner Fold 2: cat_idx: [0]
DEBUG Inner Fold 2: nominal_idx: [0, 1, 2, 3, 4, 5, 6, 7]
DEBUG Inner Fold 2: ordinal_idx: None
DEBUG Inner Fold 2: num_idx: None
DEBUG Inner Fold 2: cat_dims: [2]
DEBUG Inner Fold 2: bin_alt: None
~~~~~~~~~~~~~~~~~~~~~~~~~~~~~~~~~~~~~~~~~~~~~~~~~~~~~~~~~~~~~~~~~~~~~~~~~~~~~~~
BEFORE ANY ENCODING
num_features :376
num_classes : 1
cat_idx : [0]
nominal_idx : [0, 1, 2, 3, 4, 5, 6, 7]
ordinal_idx : None
args.num_idx : None
cat_dims : [2]
bin_alt : None 


X_train shape : (1347, 376)
~~~~~~~~~~~~~~~~~~~~~~~~~~~~~~~~~~~~~~~~~~~~~~~~~~~~~~~~~~~~~~~~~~~~~~~~~~~~~~~
~~~~~~~~~~~~~~~~~~~~~~~~~~~~~~~~~~~~~~~~~~~~~~~~~~~~~~~~~~~~~~~~~~~~~~~~~~~~~~~
AFTER getting cat idx
Nominal Index : [0, 1, 2, 3, 4, 5, 6, 7]
Ordinal Index : None
Cat Idx : [0]
Cat dims : [2]
~~~~~~~~~~~~~~~~~~~~~~~~~~~~~~~~~~~~~~~~~~~~~~~~~~~~~~~~~~~~~~~~~~~~~~~~~~~~~~~
BEFORE getting cat idx
Nominal Index : [0, 1, 2, 3, 4, 5, 6, 7]
Ordinal Index : None
Cat Idx : [0, 1, 2, 3, 4, 5, 6, 7]
Cat dims : []
No one Hot for this Baby!!! 

ERROR during preprocessing in inner fold 2: y contains previously unseen labels: 'u'
Skipping inner fold 2 due to preprocessing error.
  outer_5_inner Fold 3/5
Before Debugging -- Inner Fold 3
DEBUG Inner Fold 3: num_features: 376
DEBUG Inner Fold 3: num_classes: 1
DEBUG Inner Fold 3: cat_idx: [0]
DEBUG Inner Fold 3: nominal_idx: [0, 1, 2, 3, 4, 5, 6, 7]
DEBUG Inner Fold 3: ordinal_idx: None
DEBUG Inner Fold 3: num_idx: None
DEBUG Inner Fold 3: cat_dims: [2]
DEBUG Inner Fold 3: bin_alt: None
~~~~~~~~~~~~~~~~~~~~~~~~~~~~~~~~~~~~~~~~~~~~~~~~~~~~~~~~~~~~~~~~~~~~~~~~~~~~~~~
BEFORE ANY ENCODING
num_features :376
num_classes : 1
cat_idx : [0]
nominal_idx : [0, 1, 2, 3, 4, 5, 6, 7]
ordinal_idx : None
args.num_idx : None
cat_dims : [2]
bin_alt : None 


X_train shape : (1347, 376)
~~~~~~~~~~~~~~~~~~~~~~~~~~~~~~~~~~~~~~~~~~~~~~~~~~~~~~~~~~~~~~~~~~~~~~~~~~~~~~~
~~~~~~~~~~~~~~~~~~~~~~~~~~~~~~~~~~~~~~~~~~~~~~~~~~~~~~~~~~~~~~~~~~~~~~~~~~~~~~~
AFTER getting cat idx
Nominal Index : [0, 1, 2, 3, 4, 5, 6, 7]
Ordinal Index : None
Cat Idx : [0]
Cat dims : [2]
~~~~~~~~~~~~~~~~~~~~~~~~~~~~~~~~~~~~~~~~~~~~~~~~~~~~~~~~~~~~~~~~~~~~~~~~~~~~~~~
BEFORE getting cat idx
Nominal Index : [0, 1, 2, 3, 4, 5, 6, 7]
Ordinal Index : None
Cat Idx : [0, 1, 2, 3, 4, 5, 6, 7]
Cat dims : []
No one Hot for this Baby!!! 

ERROR during preprocessing in inner fold 3: y contains previously unseen labels: 'q'
Skipping inner fold 3 due to preprocessing error.
  outer_5_inner Fold 4/5
Before Debugging -- Inner Fold 4
DEBUG Inner Fold 4: num_features: 376
DEBUG Inner Fold 4: num_classes: 1
DEBUG Inner Fold 4: cat_idx: [0]
DEBUG Inner Fold 4: nominal_idx: [0, 1, 2, 3, 4, 5, 6, 7]
DEBUG Inner Fold 4: ordinal_idx: None
DEBUG Inner Fold 4: num_idx: None
DEBUG Inner Fold 4: cat_dims: [2]
DEBUG Inner Fold 4: bin_alt: None
~~~~~~~~~~~~~~~~~~~~~~~~~~~~~~~~~~~~~~~~~~~~~~~~~~~~~~~~~~~~~~~~~~~~~~~~~~~~~~~
BEFORE ANY ENCODING
num_features :376
num_classes : 1
cat_idx : [0]
nominal_idx : [0, 1, 2, 3, 4, 5, 6, 7]
ordinal_idx : None
args.num_idx : None
cat_dims : [2]
bin_alt : None 


X_train shape : (1347, 376)
~~~~~~~~~~~~~~~~~~~~~~~~~~~~~~~~~~~~~~~~~~~~~~~~~~~~~~~~~~~~~~~~~~~~~~~~~~~~~~~
~~~~~~~~~~~~~~~~~~~~~~~~~~~~~~~~~~~~~~~~~~~~~~~~~~~~~~~~~~~~~~~~~~~~~~~~~~~~~~~
AFTER getting cat idx
Nominal Index : [0, 1, 2, 3, 4, 5, 6, 7]
Ordinal Index : None
Cat Idx : [0]
Cat dims : [2]
~~~~~~~~~~~~~~~~~~~~~~~~~~~~~~~~~~~~~~~~~~~~~~~~~~~~~~~~~~~~~~~~~~~~~~~~~~~~~~~
BEFORE getting cat idx
Nominal Index : [0, 1, 2, 3, 4, 5, 6, 7]
Ordinal Index : None
Cat Idx : [0, 1, 2, 3, 4, 5, 6, 7]
Cat dims : []
No one Hot for this Baby!!! 

~~~~~~~~~~~~~~~~~~~~~~~~~~~~~~~~~~~~~~~~~~~~~~~~~~~~~~~~~~~~~~~~~~~~~~~~~~~~~~~ 


AFTER SEPARATING CATEGORICALS AND NUMERICALS
Ordinal Index : None
Numerical Index V1 : [8, 9, 10, 11, 12, 13, 14, 15, 16, 17, 18, 19, 20, 21, 22, 23, 24, 25, 26, 27, 28, 29, 30, 31, 32, 33, 34, 35, 36, 37, 38, 39, 40, 41, 42, 43, 44, 45, 46, 47, 48, 49, 50, 51, 52, 53, 54, 55, 56, 57, 58, 59, 60, 61, 62, 63, 64, 65, 66, 67, 68, 69, 70, 71, 72, 73, 74, 75, 76, 77, 78, 79, 80, 81, 82, 83, 84, 85, 86, 87, 88, 89, 90, 91, 92, 93, 94, 95, 96, 97, 98, 99, 100, 101, 102, 103, 104, 105, 106, 107, 108, 109, 110, 111, 112, 113, 114, 115, 116, 117, 118, 119, 120, 121, 122, 123, 124, 125, 126, 127, 128, 129, 130, 131, 132, 133, 134, 135, 136, 137, 138, 139, 140, 141, 142, 143, 144, 145, 146, 147, 148, 149, 150, 151, 152, 153, 154, 155, 156, 157, 158, 159, 160, 161, 162, 163, 164, 165, 166, 167, 168, 169, 170, 171, 172, 173, 174, 175, 176, 177, 178, 179, 180, 181, 182, 183, 184, 185, 186, 187, 188, 189, 190, 191, 192, 193, 194, 195, 196, 197, 198, 199, 200, 201, 202, 203, 204, 205, 206, 207, 208, 209, 210, 211, 212, 213, 214, 215, 216, 217, 218, 219, 220, 221, 222, 223, 224, 225, 226, 227, 228, 229, 230, 231, 232, 233, 234, 235, 236, 237, 238, 239, 240, 241, 242, 243, 244, 245, 246, 247, 248, 249, 250, 251, 252, 253, 254, 255, 256, 257, 258, 259, 260, 261, 262, 263, 264, 265, 266, 267, 268, 269, 270, 271, 272, 273, 274, 275, 276, 277, 278, 279, 280, 281, 282, 283, 284, 285, 286, 287, 288, 289, 290, 291, 292, 293, 294, 295, 296, 297, 298, 299, 300, 301, 302, 303, 304, 305, 306, 307, 308, 309, 310, 311, 312, 313, 314, 315, 316, 317, 318, 319, 320, 321, 322, 323, 324, 325, 326, 327, 328, 329, 330, 331, 332, 333, 334, 335, 336, 337, 338, 339, 340, 341, 342, 343, 344, 345, 346, 347, 348, 349, 350, 351, 352, 353, 354, 355, 356, 357, 358, 359, 360, 361, 362, 363, 364, 365, 366, 367, 368, 369, 370, 371, 372, 373, 374, 375]
Cat Idx V1 : [0, 1, 2, 3, 4, 5, 6, 7] 
Cat Dims V1 : [44, 25, 37, 7, 4, 25, 12, 25]
 

~~~~~~~~~~~~~~~~~~~~~~~~~~~~~~~~~~~~~~~~~~~~~~~~~~~~~~~~~~~~~~~~~~~~~~~~~~~~~~~ 


Scaling the data...
~~~~~~~~~~~~~~~~~~~~~~~~~~~~~~~~~~~~~~~~~~~~~~~~~~~~~~~~~~~~~~~~~~~~~~~~~~~~~~~
After OHE
Numerical Index V2 : [8, 9, 10, 11, 12, 13, 14, 15, 16, 17, 18, 19, 20, 21, 22, 23, 24, 25, 26, 27, 28, 29, 30, 31, 32, 33, 34, 35, 36, 37, 38, 39, 40, 41, 42, 43, 44, 45, 46, 47, 48, 49, 50, 51, 52, 53, 54, 55, 56, 57, 58, 59, 60, 61, 62, 63, 64, 65, 66, 67, 68, 69, 70, 71, 72, 73, 74, 75, 76, 77, 78, 79, 80, 81, 82, 83, 84, 85, 86, 87, 88, 89, 90, 91, 92, 93, 94, 95, 96, 97, 98, 99, 100, 101, 102, 103, 104, 105, 106, 107, 108, 109, 110, 111, 112, 113, 114, 115, 116, 117, 118, 119, 120, 121, 122, 123, 124, 125, 126, 127, 128, 129, 130, 131, 132, 133, 134, 135, 136, 137, 138, 139, 140, 141, 142, 143, 144, 145, 146, 147, 148, 149, 150, 151, 152, 153, 154, 155, 156, 157, 158, 159, 160, 161, 162, 163, 164, 165, 166, 167, 168, 169, 170, 171, 172, 173, 174, 175, 176, 177, 178, 179, 180, 181, 182, 183, 184, 185, 186, 187, 188, 189, 190, 191, 192, 193, 194, 195, 196, 197, 198, 199, 200, 201, 202, 203, 204, 205, 206, 207, 208, 209, 210, 211, 212, 213, 214, 215, 216, 217, 218, 219, 220, 221, 222, 223, 224, 225, 226, 227, 228, 229, 230, 231, 232, 233, 234, 235, 236, 237, 238, 239, 240, 241, 242, 243, 244, 245, 246, 247, 248, 249, 250, 251, 252, 253, 254, 255, 256, 257, 258, 259, 260, 261, 262, 263, 264, 265, 266, 267, 268, 269, 270, 271, 272, 273, 274, 275, 276, 277, 278, 279, 280, 281, 282, 283, 284, 285, 286, 287, 288, 289, 290, 291, 292, 293, 294, 295, 296, 297, 298, 299, 300, 301, 302, 303, 304, 305, 306, 307, 308, 309, 310, 311, 312, 313, 314, 315, 316, 317, 318, 319, 320, 321, 322, 323, 324, 325, 326, 327, 328, 329, 330, 331, 332, 333, 334, 335, 336, 337, 338, 339, 340, 341, 342, 343, 344, 345, 346, 347, 348, 349, 350, 351, 352, 353, 354, 355, 356, 357, 358, 359, 360, 361, 362, 363, 364, 365, 366, 367, 368, 369, 370, 371, 372, 373, 374, 375] 


OHE Idx : [0, 1, 2, 3, 4, 5, 6, 7]


Ordinal Idx V2: None


Cat Dims V2 : [44, 25, 37, 7, 4, 25, 12, 25]
Cat Idx V2 : [0, 1, 2, 3, 4, 5, 6, 7] 
 

Train: [[25 21 2 2 3]
 [27 15 2 2 3]
 [23 1 35 3 3]
 [7 18 7 2 3]
 [7 18 23 0 3]
 [24 18 13 4 3]
 [25 3 27 2 3]
 [28 1 17 2 3]
 [18 12 28 5 3]
 [28 2 2 0 3]] 
 
 
Val : (1347, 376) 
 

~~~~~~~~~~~~~~~~~~~~~~~~~~~~~~~~~~~~~~~~~~~~~~~~~~~~~~~~~~~~~~~~~~~~~~~~~~~~~~~
Cat Idx V3 : [0, 1, 2, 3, 4, 5, 6, 7] 
 

~~~~~~~~~~~~~~~~~~~~~~~~~~~~~~~~~~~~~~~~~~~~~~~~~~~~~~~~~~~~~~~~~~~~~~~~~~~~~~~
After ORDINAL
Numerical Index V2 : [8, 9, 10, 11, 12, 13, 14, 15, 16, 17, 18, 19, 20, 21, 22, 23, 24, 25, 26, 27, 28, 29, 30, 31, 32, 33, 34, 35, 36, 37, 38, 39, 40, 41, 42, 43, 44, 45, 46, 47, 48, 49, 50, 51, 52, 53, 54, 55, 56, 57, 58, 59, 60, 61, 62, 63, 64, 65, 66, 67, 68, 69, 70, 71, 72, 73, 74, 75, 76, 77, 78, 79, 80, 81, 82, 83, 84, 85, 86, 87, 88, 89, 90, 91, 92, 93, 94, 95, 96, 97, 98, 99, 100, 101, 102, 103, 104, 105, 106, 107, 108, 109, 110, 111, 112, 113, 114, 115, 116, 117, 118, 119, 120, 121, 122, 123, 124, 125, 126, 127, 128, 129, 130, 131, 132, 133, 134, 135, 136, 137, 138, 139, 140, 141, 142, 143, 144, 145, 146, 147, 148, 149, 150, 151, 152, 153, 154, 155, 156, 157, 158, 159, 160, 161, 162, 163, 164, 165, 166, 167, 168, 169, 170, 171, 172, 173, 174, 175, 176, 177, 178, 179, 180, 181, 182, 183, 184, 185, 186, 187, 188, 189, 190, 191, 192, 193, 194, 195, 196, 197, 198, 199, 200, 201, 202, 203, 204, 205, 206, 207, 208, 209, 210, 211, 212, 213, 214, 215, 216, 217, 218, 219, 220, 221, 222, 223, 224, 225, 226, 227, 228, 229, 230, 231, 232, 233, 234, 235, 236, 237, 238, 239, 240, 241, 242, 243, 244, 245, 246, 247, 248, 249, 250, 251, 252, 253, 254, 255, 256, 257, 258, 259, 260, 261, 262, 263, 264, 265, 266, 267, 268, 269, 270, 271, 272, 273, 274, 275, 276, 277, 278, 279, 280, 281, 282, 283, 284, 285, 286, 287, 288, 289, 290, 291, 292, 293, 294, 295, 296, 297, 298, 299, 300, 301, 302, 303, 304, 305, 306, 307, 308, 309, 310, 311, 312, 313, 314, 315, 316, 317, 318, 319, 320, 321, 322, 323, 324, 325, 326, 327, 328, 329, 330, 331, 332, 333, 334, 335, 336, 337, 338, 339, 340, 341, 342, 343, 344, 345, 346, 347, 348, 349, 350, 351, 352, 353, 354, 355, 356, 357, 358, 359, 360, 361, 362, 363, 364, 365, 366, 367, 368, 369, 370, 371, 372, 373, 374, 375] 


OHE Idx : [0, 1, 2, 3, 4, 5, 6, 7]


Ordinal Idx V2: None


Cat Dims V2 : [44, 25, 37, 7, 4, 25, 12, 25, 45, 26, 38, 8, 5, 26, 13, 26]
Cat Idx V2 : [0, 1, 2, 3, 4, 5, 6, 7] 
 

Train: [[25 21 2 ... -0.027256963340035873 -0.02725696334003587
  -0.0472455591261534]
 [27 15 2 ... -0.027256963340035873 -0.02725696334003587
  -0.0472455591261534]
 [23 1 35 ... -0.027256963340035873 -0.02725696334003587
  -0.0472455591261534]
 ...
 [28 1 17 ... -0.027256963340035873 -0.02725696334003587
  -0.0472455591261534]
 [18 12 28 ... -0.027256963340035873 -0.02725696334003587
  -0.0472455591261534]
 [28 2 2 ... -0.027256963340035873 -0.02725696334003587
  -0.0472455591261534]] 
 
 
Val : (1347, 376) 
 

FINISHED ENCODING
~~~~~~~~~~~~~~~~~~~~~~~~~~~~~~~~~~~~~~~~~~~~~~~~~~~~~~~~~~~~~~~~~~~~~~~~~~~~~~~


Number of bins: 17
Number of Classes B4 Bin Verifier: 17
Unique values in y: (array([ 0.,  1.,  2.,  3.,  4.,  5.,  6.,  7.,  8.,  9., 10., 11., 12.,
       13., 14., 15., 16.]), 17)
Unique values in y_val: (array([ 0.,  1.,  2.,  3.,  4.,  5.,  6.,  7.,  8.,  9., 10., 11., 12.,
       13., 16.]), 15)
No need to shift labels.
VERIFY SHIFT
Y shape : (1347,) , Y_val shape : (337,)
Train after shift : [ 0  1  2  3  4  5  6  7  8  9 10 11 12 13 14 15 16], Length : 17
Number of Classes After Bin Verifier: 17 


After Debugging -- Inner Fold 4
DEBUG Inner Fold 4: num_features: 376
DEBUG Inner Fold 4: num_classes: 17
DEBUG Inner Fold 4: cat_idx: [0, 1, 2, 3, 4, 5, 6, 7]
DEBUG Inner Fold 4: nominal_idx: [0, 1, 2, 3, 4, 5, 6, 7]
DEBUG Inner Fold 4: ordinal_idx: None
DEBUG Inner Fold 4: num_idx: [8, 9, 10, 11, 12, 13, 14, 15, 16, 17, 18, 19, 20, 21, 22, 23, 24, 25, 26, 27, 28, 29, 30, 31, 32, 33, 34, 35, 36, 37, 38, 39, 40, 41, 42, 43, 44, 45, 46, 47, 48, 49, 50, 51, 52, 53, 54, 55, 56, 57, 58, 59, 60, 61, 62, 63, 64, 65, 66, 67, 68, 69, 70, 71, 72, 73, 74, 75, 76, 77, 78, 79, 80, 81, 82, 83, 84, 85, 86, 87, 88, 89, 90, 91, 92, 93, 94, 95, 96, 97, 98, 99, 100, 101, 102, 103, 104, 105, 106, 107, 108, 109, 110, 111, 112, 113, 114, 115, 116, 117, 118, 119, 120, 121, 122, 123, 124, 125, 126, 127, 128, 129, 130, 131, 132, 133, 134, 135, 136, 137, 138, 139, 140, 141, 142, 143, 144, 145, 146, 147, 148, 149, 150, 151, 152, 153, 154, 155, 156, 157, 158, 159, 160, 161, 162, 163, 164, 165, 166, 167, 168, 169, 170, 171, 172, 173, 174, 175, 176, 177, 178, 179, 180, 181, 182, 183, 184, 185, 186, 187, 188, 189, 190, 191, 192, 193, 194, 195, 196, 197, 198, 199, 200, 201, 202, 203, 204, 205, 206, 207, 208, 209, 210, 211, 212, 213, 214, 215, 216, 217, 218, 219, 220, 221, 222, 223, 224, 225, 226, 227, 228, 229, 230, 231, 232, 233, 234, 235, 236, 237, 238, 239, 240, 241, 242, 243, 244, 245, 246, 247, 248, 249, 250, 251, 252, 253, 254, 255, 256, 257, 258, 259, 260, 261, 262, 263, 264, 265, 266, 267, 268, 269, 270, 271, 272, 273, 274, 275, 276, 277, 278, 279, 280, 281, 282, 283, 284, 285, 286, 287, 288, 289, 290, 291, 292, 293, 294, 295, 296, 297, 298, 299, 300, 301, 302, 303, 304, 305, 306, 307, 308, 309, 310, 311, 312, 313, 314, 315, 316, 317, 318, 319, 320, 321, 322, 323, 324, 325, 326, 327, 328, 329, 330, 331, 332, 333, 334, 335, 336, 337, 338, 339, 340, 341, 342, 343, 344, 345, 346, 347, 348, 349, 350, 351, 352, 353, 354, 355, 356, 357, 358, 359, 360, 361, 362, 363, 364, 365, 366, 367, 368, 369, 370, 371, 372, 373, 374, 375]
DEBUG Inner Fold 4: cat_dims: [44, 25, 37, 7, 4, 25, 12, 25, 45, 26, 38, 8, 5, 26, 13, 26]
DEBUG Inner Fold 4: bin_alt: [0, 1, 2, 3, 4, 5, 6, 7, 8, 9, 10, 11, 12, 13, 14, 15, 16]
**** Data b4 Fitting ****
X_train_inner_proc: [[25 21 2 ... -0.027256963340035873 -0.02725696334003587
  -0.0472455591261534]
 [27 15 2 ... -0.027256963340035873 -0.02725696334003587
  -0.0472455591261534]
 [23 1 35 ... -0.027256963340035873 -0.02725696334003587
  -0.0472455591261534]
 ...
 [28 1 17 ... -0.027256963340035873 -0.02725696334003587
  -0.0472455591261534]
 [18 12 28 ... -0.027256963340035873 -0.02725696334003587
  -0.0472455591261534]
 [28 2 2 ... -0.027256963340035873 -0.02725696334003587
  -0.0472455591261534]]
y_train_inner_proc: [2 7 5 5 6 2 3 6 0 6]
X_val_inner_proc WHAT: [[7 18 13 ... -0.027256963340035873 -0.02725696334003587
  -0.0472455591261534]
 [33 18 27 ... -0.027256963340035873 -0.02725696334003587
  -0.0472455591261534]
 [37 2 6 ... -0.027256963340035873 -0.02725696334003587
  -0.0472455591261534]
 ...
 [29 21 14 ... -0.027256963340035873 -0.02725696334003587
  -0.0472455591261534]
 [41 21 16 ... -0.027256963340035873 -0.02725696334003587
  -0.0472455591261534]
 [43 1 21 ... -0.027256963340035873 -0.02725696334003587
  -0.0472455591261534]]
y_val_inner_proc: [ 7  4  1  5  4  2  6  7 10  4]
Looking for Issue in XGB: probabilistic_regression
Still running??
Feature Types: ['c', 'c', 'c', 'c', 'c', 'c', 'c', 'c', 'q', 'q', 'q', 'q', 'q', 'q', 'q', 'q', 'q', 'q', 'q', 'q', 'q', 'q', 'q', 'q', 'q', 'q', 'q', 'q', 'q', 'q', 'q', 'q', 'q', 'q', 'q', 'q', 'q', 'q', 'q', 'q', 'q', 'q', 'q', 'q', 'q', 'q', 'q', 'q', 'q', 'q', 'q', 'q', 'q', 'q', 'q', 'q', 'q', 'q', 'q', 'q', 'q', 'q', 'q', 'q', 'q', 'q', 'q', 'q', 'q', 'q', 'q', 'q', 'q', 'q', 'q', 'q', 'q', 'q', 'q', 'q', 'q', 'q', 'q', 'q', 'q', 'q', 'q', 'q', 'q', 'q', 'q', 'q', 'q', 'q', 'q', 'q', 'q', 'q', 'q', 'q', 'q', 'q', 'q', 'q', 'q', 'q', 'q', 'q', 'q', 'q', 'q', 'q', 'q', 'q', 'q', 'q', 'q', 'q', 'q', 'q', 'q', 'q', 'q', 'q', 'q', 'q', 'q', 'q', 'q', 'q', 'q', 'q', 'q', 'q', 'q', 'q', 'q', 'q', 'q', 'q', 'q', 'q', 'q', 'q', 'q', 'q', 'q', 'q', 'q', 'q', 'q', 'q', 'q', 'q', 'q', 'q', 'q', 'q', 'q', 'q', 'q', 'q', 'q', 'q', 'q', 'q', 'q', 'q', 'q', 'q', 'q', 'q', 'q', 'q', 'q', 'q', 'q', 'q', 'q', 'q', 'q', 'q', 'q', 'q', 'q', 'q', 'q', 'q', 'q', 'q', 'q', 'q', 'q', 'q', 'q', 'q', 'q', 'q', 'q', 'q', 'q', 'q', 'q', 'q', 'q', 'q', 'q', 'q', 'q', 'q', 'q', 'q', 'q', 'q', 'q', 'q', 'q', 'q', 'q', 'q', 'q', 'q', 'q', 'q', 'q', 'q', 'q', 'q', 'q', 'q', 'q', 'q', 'q', 'q', 'q', 'q', 'q', 'q', 'q', 'q', 'q', 'q', 'q', 'q', 'q', 'q', 'q', 'q', 'q', 'q', 'q', 'q', 'q', 'q', 'q', 'q', 'q', 'q', 'q', 'q', 'q', 'q', 'q', 'q', 'q', 'q', 'q', 'q', 'q', 'q', 'q', 'q', 'q', 'q', 'q', 'q', 'q', 'q', 'q', 'q', 'q', 'q', 'q', 'q', 'q', 'q', 'q', 'q', 'q', 'q', 'q', 'q', 'q', 'q', 'q', 'q', 'q', 'q', 'q', 'q', 'q', 'q', 'q', 'q', 'q', 'q', 'q', 'q', 'q', 'q', 'q', 'q', 'q', 'q', 'q', 'q', 'q', 'q', 'q', 'q', 'q', 'q', 'q', 'q', 'q', 'q', 'q', 'q', 'q', 'q', 'q', 'q', 'q', 'q', 'q', 'q', 'q', 'q', 'q', 'q', 'q', 'q', 'q', 'q', 'q', 'q', 'q', 'q', 'q', 'q', 'q', 'q', 'q', 'q', 'q', 'q', 'q', 'q', 'q', 'q', 'q', 'q', 'q', 'q', 'q', 'q', 'q', 'q', 'q', 'q', 'q', 'q', 'q', 'q', 'q', 'q']
[0]	train-rmse:2.53018	eval-rmse:2.57859
[99]	train-rmse:1.61455	eval-rmse:1.60857
ERROR during prediction in inner fold 4: axis 1 is out of bounds for array of dimension 1
Skipping inner fold 4 due to prediction error.
  outer_5_inner Fold 5/5
Before Debugging -- Inner Fold 5
DEBUG Inner Fold 5: num_features: 376
DEBUG Inner Fold 5: num_classes: 1
DEBUG Inner Fold 5: cat_idx: [0]
DEBUG Inner Fold 5: nominal_idx: [0, 1, 2, 3, 4, 5, 6, 7]
DEBUG Inner Fold 5: ordinal_idx: None
DEBUG Inner Fold 5: num_idx: None
DEBUG Inner Fold 5: cat_dims: [2]
DEBUG Inner Fold 5: bin_alt: None
~~~~~~~~~~~~~~~~~~~~~~~~~~~~~~~~~~~~~~~~~~~~~~~~~~~~~~~~~~~~~~~~~~~~~~~~~~~~~~~
BEFORE ANY ENCODING
num_features :376
num_classes : 1
cat_idx : [0]
nominal_idx : [0, 1, 2, 3, 4, 5, 6, 7]
ordinal_idx : None
args.num_idx : None
cat_dims : [2]
bin_alt : None 


X_train shape : (1348, 376)
~~~~~~~~~~~~~~~~~~~~~~~~~~~~~~~~~~~~~~~~~~~~~~~~~~~~~~~~~~~~~~~~~~~~~~~~~~~~~~~
~~~~~~~~~~~~~~~~~~~~~~~~~~~~~~~~~~~~~~~~~~~~~~~~~~~~~~~~~~~~~~~~~~~~~~~~~~~~~~~
AFTER getting cat idx
Nominal Index : [0, 1, 2, 3, 4, 5, 6, 7]
Ordinal Index : None
Cat Idx : [0]
Cat dims : [2]
~~~~~~~~~~~~~~~~~~~~~~~~~~~~~~~~~~~~~~~~~~~~~~~~~~~~~~~~~~~~~~~~~~~~~~~~~~~~~~~
BEFORE getting cat idx
Nominal Index : [0, 1, 2, 3, 4, 5, 6, 7]
Ordinal Index : None
Cat Idx : [0, 1, 2, 3, 4, 5, 6, 7]
Cat dims : []
No one Hot for this Baby!!! 

ERROR during preprocessing in inner fold 5: y contains previously unseen labels: 'aw'
Skipping inner fold 5 due to preprocessing error.
Warning: No inner folds completed successfully for HPO trial.
ERROR saving hyperparameters to file coz inner_cs issues: 'float' object has no attribute 'get_results'
  outer_5_inner Fold 1/5
Before Debugging -- Inner Fold 1
DEBUG Inner Fold 1: num_features: 376
DEBUG Inner Fold 1: num_classes: 1
DEBUG Inner Fold 1: cat_idx: [0]
DEBUG Inner Fold 1: nominal_idx: [0, 1, 2, 3, 4, 5, 6, 7]
DEBUG Inner Fold 1: ordinal_idx: None
DEBUG Inner Fold 1: num_idx: None
DEBUG Inner Fold 1: cat_dims: [2]
DEBUG Inner Fold 1: bin_alt: None
~~~~~~~~~~~~~~~~~~~~~~~~~~~~~~~~~~~~~~~~~~~~~~~~~~~~~~~~~~~~~~~~~~~~~~~~~~~~~~~
BEFORE ANY ENCODING
num_features :376
num_classes : 1
cat_idx : [0]
nominal_idx : [0, 1, 2, 3, 4, 5, 6, 7]
ordinal_idx : None
args.num_idx : None
cat_dims : [2]
bin_alt : None 


X_train shape : (1347, 376)
~~~~~~~~~~~~~~~~~~~~~~~~~~~~~~~~~~~~~~~~~~~~~~~~~~~~~~~~~~~~~~~~~~~~~~~~~~~~~~~
~~~~~~~~~~~~~~~~~~~~~~~~~~~~~~~~~~~~~~~~~~~~~~~~~~~~~~~~~~~~~~~~~~~~~~~~~~~~~~~
AFTER getting cat idx
Nominal Index : [0, 1, 2, 3, 4, 5, 6, 7]
Ordinal Index : None
Cat Idx : [0]
Cat dims : [2]
~~~~~~~~~~~~~~~~~~~~~~~~~~~~~~~~~~~~~~~~~~~~~~~~~~~~~~~~~~~~~~~~~~~~~~~~~~~~~~~
BEFORE getting cat idx
Nominal Index : [0, 1, 2, 3, 4, 5, 6, 7]
Ordinal Index : None
Cat Idx : [0, 1, 2, 3, 4, 5, 6, 7]
Cat dims : []
No one Hot for this Baby!!! 

ERROR during preprocessing in inner fold 1: y contains previously unseen labels: 'ab'
Skipping inner fold 1 due to preprocessing error.
  outer_5_inner Fold 2/5
Before Debugging -- Inner Fold 2
DEBUG Inner Fold 2: num_features: 376
DEBUG Inner Fold 2: num_classes: 1
DEBUG Inner Fold 2: cat_idx: [0]
DEBUG Inner Fold 2: nominal_idx: [0, 1, 2, 3, 4, 5, 6, 7]
DEBUG Inner Fold 2: ordinal_idx: None
DEBUG Inner Fold 2: num_idx: None
DEBUG Inner Fold 2: cat_dims: [2]
DEBUG Inner Fold 2: bin_alt: None
~~~~~~~~~~~~~~~~~~~~~~~~~~~~~~~~~~~~~~~~~~~~~~~~~~~~~~~~~~~~~~~~~~~~~~~~~~~~~~~
BEFORE ANY ENCODING
num_features :376
num_classes : 1
cat_idx : [0]
nominal_idx : [0, 1, 2, 3, 4, 5, 6, 7]
ordinal_idx : None
args.num_idx : None
cat_dims : [2]
bin_alt : None 


X_train shape : (1347, 376)
~~~~~~~~~~~~~~~~~~~~~~~~~~~~~~~~~~~~~~~~~~~~~~~~~~~~~~~~~~~~~~~~~~~~~~~~~~~~~~~
~~~~~~~~~~~~~~~~~~~~~~~~~~~~~~~~~~~~~~~~~~~~~~~~~~~~~~~~~~~~~~~~~~~~~~~~~~~~~~~
AFTER getting cat idx
Nominal Index : [0, 1, 2, 3, 4, 5, 6, 7]
Ordinal Index : None
Cat Idx : [0]
Cat dims : [2]
~~~~~~~~~~~~~~~~~~~~~~~~~~~~~~~~~~~~~~~~~~~~~~~~~~~~~~~~~~~~~~~~~~~~~~~~~~~~~~~
BEFORE getting cat idx
Nominal Index : [0, 1, 2, 3, 4, 5, 6, 7]
Ordinal Index : None
Cat Idx : [0, 1, 2, 3, 4, 5, 6, 7]
Cat dims : []
No one Hot for this Baby!!! 

ERROR during preprocessing in inner fold 2: y contains previously unseen labels: 'u'
Skipping inner fold 2 due to preprocessing error.
  outer_5_inner Fold 3/5
Before Debugging -- Inner Fold 3
DEBUG Inner Fold 3: num_features: 376
DEBUG Inner Fold 3: num_classes: 1
DEBUG Inner Fold 3: cat_idx: [0]
DEBUG Inner Fold 3: nominal_idx: [0, 1, 2, 3, 4, 5, 6, 7]
DEBUG Inner Fold 3: ordinal_idx: None
DEBUG Inner Fold 3: num_idx: None
DEBUG Inner Fold 3: cat_dims: [2]
DEBUG Inner Fold 3: bin_alt: None
~~~~~~~~~~~~~~~~~~~~~~~~~~~~~~~~~~~~~~~~~~~~~~~~~~~~~~~~~~~~~~~~~~~~~~~~~~~~~~~
BEFORE ANY ENCODING
num_features :376
num_classes : 1
cat_idx : [0]
nominal_idx : [0, 1, 2, 3, 4, 5, 6, 7]
ordinal_idx : None
args.num_idx : None
cat_dims : [2]
bin_alt : None 


X_train shape : (1347, 376)
~~~~~~~~~~~~~~~~~~~~~~~~~~~~~~~~~~~~~~~~~~~~~~~~~~~~~~~~~~~~~~~~~~~~~~~~~~~~~~~
~~~~~~~~~~~~~~~~~~~~~~~~~~~~~~~~~~~~~~~~~~~~~~~~~~~~~~~~~~~~~~~~~~~~~~~~~~~~~~~
AFTER getting cat idx
Nominal Index : [0, 1, 2, 3, 4, 5, 6, 7]
Ordinal Index : None
Cat Idx : [0]
Cat dims : [2]
~~~~~~~~~~~~~~~~~~~~~~~~~~~~~~~~~~~~~~~~~~~~~~~~~~~~~~~~~~~~~~~~~~~~~~~~~~~~~~~
BEFORE getting cat idx
Nominal Index : [0, 1, 2, 3, 4, 5, 6, 7]
Ordinal Index : None
Cat Idx : [0, 1, 2, 3, 4, 5, 6, 7]
Cat dims : []
No one Hot for this Baby!!! 

ERROR during preprocessing in inner fold 3: y contains previously unseen labels: 'q'
Skipping inner fold 3 due to preprocessing error.
  outer_5_inner Fold 4/5
Before Debugging -- Inner Fold 4
DEBUG Inner Fold 4: num_features: 376
DEBUG Inner Fold 4: num_classes: 1
DEBUG Inner Fold 4: cat_idx: [0]
DEBUG Inner Fold 4: nominal_idx: [0, 1, 2, 3, 4, 5, 6, 7]
DEBUG Inner Fold 4: ordinal_idx: None
DEBUG Inner Fold 4: num_idx: None
DEBUG Inner Fold 4: cat_dims: [2]
DEBUG Inner Fold 4: bin_alt: None
~~~~~~~~~~~~~~~~~~~~~~~~~~~~~~~~~~~~~~~~~~~~~~~~~~~~~~~~~~~~~~~~~~~~~~~~~~~~~~~
BEFORE ANY ENCODING
num_features :376
num_classes : 1
cat_idx : [0]
nominal_idx : [0, 1, 2, 3, 4, 5, 6, 7]
ordinal_idx : None
args.num_idx : None
cat_dims : [2]
bin_alt : None 


X_train shape : (1347, 376)
~~~~~~~~~~~~~~~~~~~~~~~~~~~~~~~~~~~~~~~~~~~~~~~~~~~~~~~~~~~~~~~~~~~~~~~~~~~~~~~
~~~~~~~~~~~~~~~~~~~~~~~~~~~~~~~~~~~~~~~~~~~~~~~~~~~~~~~~~~~~~~~~~~~~~~~~~~~~~~~
AFTER getting cat idx
Nominal Index : [0, 1, 2, 3, 4, 5, 6, 7]
Ordinal Index : None
Cat Idx : [0]
Cat dims : [2]
~~~~~~~~~~~~~~~~~~~~~~~~~~~~~~~~~~~~~~~~~~~~~~~~~~~~~~~~~~~~~~~~~~~~~~~~~~~~~~~
BEFORE getting cat idx
Nominal Index : [0, 1, 2, 3, 4, 5, 6, 7]
Ordinal Index : None
Cat Idx : [0, 1, 2, 3, 4, 5, 6, 7]
Cat dims : []
No one Hot for this Baby!!! 

~~~~~~~~~~~~~~~~~~~~~~~~~~~~~~~~~~~~~~~~~~~~~~~~~~~~~~~~~~~~~~~~~~~~~~~~~~~~~~~ 


AFTER SEPARATING CATEGORICALS AND NUMERICALS
Ordinal Index : None
Numerical Index V1 : [8, 9, 10, 11, 12, 13, 14, 15, 16, 17, 18, 19, 20, 21, 22, 23, 24, 25, 26, 27, 28, 29, 30, 31, 32, 33, 34, 35, 36, 37, 38, 39, 40, 41, 42, 43, 44, 45, 46, 47, 48, 49, 50, 51, 52, 53, 54, 55, 56, 57, 58, 59, 60, 61, 62, 63, 64, 65, 66, 67, 68, 69, 70, 71, 72, 73, 74, 75, 76, 77, 78, 79, 80, 81, 82, 83, 84, 85, 86, 87, 88, 89, 90, 91, 92, 93, 94, 95, 96, 97, 98, 99, 100, 101, 102, 103, 104, 105, 106, 107, 108, 109, 110, 111, 112, 113, 114, 115, 116, 117, 118, 119, 120, 121, 122, 123, 124, 125, 126, 127, 128, 129, 130, 131, 132, 133, 134, 135, 136, 137, 138, 139, 140, 141, 142, 143, 144, 145, 146, 147, 148, 149, 150, 151, 152, 153, 154, 155, 156, 157, 158, 159, 160, 161, 162, 163, 164, 165, 166, 167, 168, 169, 170, 171, 172, 173, 174, 175, 176, 177, 178, 179, 180, 181, 182, 183, 184, 185, 186, 187, 188, 189, 190, 191, 192, 193, 194, 195, 196, 197, 198, 199, 200, 201, 202, 203, 204, 205, 206, 207, 208, 209, 210, 211, 212, 213, 214, 215, 216, 217, 218, 219, 220, 221, 222, 223, 224, 225, 226, 227, 228, 229, 230, 231, 232, 233, 234, 235, 236, 237, 238, 239, 240, 241, 242, 243, 244, 245, 246, 247, 248, 249, 250, 251, 252, 253, 254, 255, 256, 257, 258, 259, 260, 261, 262, 263, 264, 265, 266, 267, 268, 269, 270, 271, 272, 273, 274, 275, 276, 277, 278, 279, 280, 281, 282, 283, 284, 285, 286, 287, 288, 289, 290, 291, 292, 293, 294, 295, 296, 297, 298, 299, 300, 301, 302, 303, 304, 305, 306, 307, 308, 309, 310, 311, 312, 313, 314, 315, 316, 317, 318, 319, 320, 321, 322, 323, 324, 325, 326, 327, 328, 329, 330, 331, 332, 333, 334, 335, 336, 337, 338, 339, 340, 341, 342, 343, 344, 345, 346, 347, 348, 349, 350, 351, 352, 353, 354, 355, 356, 357, 358, 359, 360, 361, 362, 363, 364, 365, 366, 367, 368, 369, 370, 371, 372, 373, 374, 375]
Cat Idx V1 : [0, 1, 2, 3, 4, 5, 6, 7] 
Cat Dims V1 : [44, 25, 37, 7, 4, 25, 12, 25]
 

~~~~~~~~~~~~~~~~~~~~~~~~~~~~~~~~~~~~~~~~~~~~~~~~~~~~~~~~~~~~~~~~~~~~~~~~~~~~~~~ 


Scaling the data...
~~~~~~~~~~~~~~~~~~~~~~~~~~~~~~~~~~~~~~~~~~~~~~~~~~~~~~~~~~~~~~~~~~~~~~~~~~~~~~~
After OHE
Numerical Index V2 : [8, 9, 10, 11, 12, 13, 14, 15, 16, 17, 18, 19, 20, 21, 22, 23, 24, 25, 26, 27, 28, 29, 30, 31, 32, 33, 34, 35, 36, 37, 38, 39, 40, 41, 42, 43, 44, 45, 46, 47, 48, 49, 50, 51, 52, 53, 54, 55, 56, 57, 58, 59, 60, 61, 62, 63, 64, 65, 66, 67, 68, 69, 70, 71, 72, 73, 74, 75, 76, 77, 78, 79, 80, 81, 82, 83, 84, 85, 86, 87, 88, 89, 90, 91, 92, 93, 94, 95, 96, 97, 98, 99, 100, 101, 102, 103, 104, 105, 106, 107, 108, 109, 110, 111, 112, 113, 114, 115, 116, 117, 118, 119, 120, 121, 122, 123, 124, 125, 126, 127, 128, 129, 130, 131, 132, 133, 134, 135, 136, 137, 138, 139, 140, 141, 142, 143, 144, 145, 146, 147, 148, 149, 150, 151, 152, 153, 154, 155, 156, 157, 158, 159, 160, 161, 162, 163, 164, 165, 166, 167, 168, 169, 170, 171, 172, 173, 174, 175, 176, 177, 178, 179, 180, 181, 182, 183, 184, 185, 186, 187, 188, 189, 190, 191, 192, 193, 194, 195, 196, 197, 198, 199, 200, 201, 202, 203, 204, 205, 206, 207, 208, 209, 210, 211, 212, 213, 214, 215, 216, 217, 218, 219, 220, 221, 222, 223, 224, 225, 226, 227, 228, 229, 230, 231, 232, 233, 234, 235, 236, 237, 238, 239, 240, 241, 242, 243, 244, 245, 246, 247, 248, 249, 250, 251, 252, 253, 254, 255, 256, 257, 258, 259, 260, 261, 262, 263, 264, 265, 266, 267, 268, 269, 270, 271, 272, 273, 274, 275, 276, 277, 278, 279, 280, 281, 282, 283, 284, 285, 286, 287, 288, 289, 290, 291, 292, 293, 294, 295, 296, 297, 298, 299, 300, 301, 302, 303, 304, 305, 306, 307, 308, 309, 310, 311, 312, 313, 314, 315, 316, 317, 318, 319, 320, 321, 322, 323, 324, 325, 326, 327, 328, 329, 330, 331, 332, 333, 334, 335, 336, 337, 338, 339, 340, 341, 342, 343, 344, 345, 346, 347, 348, 349, 350, 351, 352, 353, 354, 355, 356, 357, 358, 359, 360, 361, 362, 363, 364, 365, 366, 367, 368, 369, 370, 371, 372, 373, 374, 375] 


OHE Idx : [0, 1, 2, 3, 4, 5, 6, 7]


Ordinal Idx V2: None


Cat Dims V2 : [44, 25, 37, 7, 4, 25, 12, 25]
Cat Idx V2 : [0, 1, 2, 3, 4, 5, 6, 7] 
 

Train: [[25 21 2 2 3]
 [27 15 2 2 3]
 [23 1 35 3 3]
 [7 18 7 2 3]
 [7 18 23 0 3]
 [24 18 13 4 3]
 [25 3 27 2 3]
 [28 1 17 2 3]
 [18 12 28 5 3]
 [28 2 2 0 3]] 
 
 
Val : (1347, 376) 
 

~~~~~~~~~~~~~~~~~~~~~~~~~~~~~~~~~~~~~~~~~~~~~~~~~~~~~~~~~~~~~~~~~~~~~~~~~~~~~~~
Cat Idx V3 : [0, 1, 2, 3, 4, 5, 6, 7] 
 

~~~~~~~~~~~~~~~~~~~~~~~~~~~~~~~~~~~~~~~~~~~~~~~~~~~~~~~~~~~~~~~~~~~~~~~~~~~~~~~
After ORDINAL
Numerical Index V2 : [8, 9, 10, 11, 12, 13, 14, 15, 16, 17, 18, 19, 20, 21, 22, 23, 24, 25, 26, 27, 28, 29, 30, 31, 32, 33, 34, 35, 36, 37, 38, 39, 40, 41, 42, 43, 44, 45, 46, 47, 48, 49, 50, 51, 52, 53, 54, 55, 56, 57, 58, 59, 60, 61, 62, 63, 64, 65, 66, 67, 68, 69, 70, 71, 72, 73, 74, 75, 76, 77, 78, 79, 80, 81, 82, 83, 84, 85, 86, 87, 88, 89, 90, 91, 92, 93, 94, 95, 96, 97, 98, 99, 100, 101, 102, 103, 104, 105, 106, 107, 108, 109, 110, 111, 112, 113, 114, 115, 116, 117, 118, 119, 120, 121, 122, 123, 124, 125, 126, 127, 128, 129, 130, 131, 132, 133, 134, 135, 136, 137, 138, 139, 140, 141, 142, 143, 144, 145, 146, 147, 148, 149, 150, 151, 152, 153, 154, 155, 156, 157, 158, 159, 160, 161, 162, 163, 164, 165, 166, 167, 168, 169, 170, 171, 172, 173, 174, 175, 176, 177, 178, 179, 180, 181, 182, 183, 184, 185, 186, 187, 188, 189, 190, 191, 192, 193, 194, 195, 196, 197, 198, 199, 200, 201, 202, 203, 204, 205, 206, 207, 208, 209, 210, 211, 212, 213, 214, 215, 216, 217, 218, 219, 220, 221, 222, 223, 224, 225, 226, 227, 228, 229, 230, 231, 232, 233, 234, 235, 236, 237, 238, 239, 240, 241, 242, 243, 244, 245, 246, 247, 248, 249, 250, 251, 252, 253, 254, 255, 256, 257, 258, 259, 260, 261, 262, 263, 264, 265, 266, 267, 268, 269, 270, 271, 272, 273, 274, 275, 276, 277, 278, 279, 280, 281, 282, 283, 284, 285, 286, 287, 288, 289, 290, 291, 292, 293, 294, 295, 296, 297, 298, 299, 300, 301, 302, 303, 304, 305, 306, 307, 308, 309, 310, 311, 312, 313, 314, 315, 316, 317, 318, 319, 320, 321, 322, 323, 324, 325, 326, 327, 328, 329, 330, 331, 332, 333, 334, 335, 336, 337, 338, 339, 340, 341, 342, 343, 344, 345, 346, 347, 348, 349, 350, 351, 352, 353, 354, 355, 356, 357, 358, 359, 360, 361, 362, 363, 364, 365, 366, 367, 368, 369, 370, 371, 372, 373, 374, 375] 


OHE Idx : [0, 1, 2, 3, 4, 5, 6, 7]


Ordinal Idx V2: None


Cat Dims V2 : [44, 25, 37, 7, 4, 25, 12, 25, 45, 26, 38, 8, 5, 26, 13, 26]
Cat Idx V2 : [0, 1, 2, 3, 4, 5, 6, 7] 
 

Train: [[25 21 2 ... -0.027256963340035873 -0.02725696334003587
  -0.0472455591261534]
 [27 15 2 ... -0.027256963340035873 -0.02725696334003587
  -0.0472455591261534]
 [23 1 35 ... -0.027256963340035873 -0.02725696334003587
  -0.0472455591261534]
 ...
 [28 1 17 ... -0.027256963340035873 -0.02725696334003587
  -0.0472455591261534]
 [18 12 28 ... -0.027256963340035873 -0.02725696334003587
  -0.0472455591261534]
 [28 2 2 ... -0.027256963340035873 -0.02725696334003587
  -0.0472455591261534]] 
 
 
Val : (1347, 376) 
 

FINISHED ENCODING
~~~~~~~~~~~~~~~~~~~~~~~~~~~~~~~~~~~~~~~~~~~~~~~~~~~~~~~~~~~~~~~~~~~~~~~~~~~~~~~


Number of bins: 17
Number of Classes B4 Bin Verifier: 17
Unique values in y: (array([ 0.,  1.,  2.,  3.,  4.,  5.,  6.,  7.,  8.,  9., 10., 11., 12.,
       13., 14., 15., 16.]), 17)
Unique values in y_val: (array([ 0.,  1.,  2.,  3.,  4.,  5.,  6.,  7.,  8.,  9., 10., 11., 12.,
       13., 16.]), 15)
No need to shift labels.
VERIFY SHIFT
Y shape : (1347,) , Y_val shape : (337,)
Train after shift : [ 0  1  2  3  4  5  6  7  8  9 10 11 12 13 14 15 16], Length : 17
Number of Classes After Bin Verifier: 17 


After Debugging -- Inner Fold 4
DEBUG Inner Fold 4: num_features: 376
DEBUG Inner Fold 4: num_classes: 17
DEBUG Inner Fold 4: cat_idx: [0, 1, 2, 3, 4, 5, 6, 7]
DEBUG Inner Fold 4: nominal_idx: [0, 1, 2, 3, 4, 5, 6, 7]
DEBUG Inner Fold 4: ordinal_idx: None
DEBUG Inner Fold 4: num_idx: [8, 9, 10, 11, 12, 13, 14, 15, 16, 17, 18, 19, 20, 21, 22, 23, 24, 25, 26, 27, 28, 29, 30, 31, 32, 33, 34, 35, 36, 37, 38, 39, 40, 41, 42, 43, 44, 45, 46, 47, 48, 49, 50, 51, 52, 53, 54, 55, 56, 57, 58, 59, 60, 61, 62, 63, 64, 65, 66, 67, 68, 69, 70, 71, 72, 73, 74, 75, 76, 77, 78, 79, 80, 81, 82, 83, 84, 85, 86, 87, 88, 89, 90, 91, 92, 93, 94, 95, 96, 97, 98, 99, 100, 101, 102, 103, 104, 105, 106, 107, 108, 109, 110, 111, 112, 113, 114, 115, 116, 117, 118, 119, 120, 121, 122, 123, 124, 125, 126, 127, 128, 129, 130, 131, 132, 133, 134, 135, 136, 137, 138, 139, 140, 141, 142, 143, 144, 145, 146, 147, 148, 149, 150, 151, 152, 153, 154, 155, 156, 157, 158, 159, 160, 161, 162, 163, 164, 165, 166, 167, 168, 169, 170, 171, 172, 173, 174, 175, 176, 177, 178, 179, 180, 181, 182, 183, 184, 185, 186, 187, 188, 189, 190, 191, 192, 193, 194, 195, 196, 197, 198, 199, 200, 201, 202, 203, 204, 205, 206, 207, 208, 209, 210, 211, 212, 213, 214, 215, 216, 217, 218, 219, 220, 221, 222, 223, 224, 225, 226, 227, 228, 229, 230, 231, 232, 233, 234, 235, 236, 237, 238, 239, 240, 241, 242, 243, 244, 245, 246, 247, 248, 249, 250, 251, 252, 253, 254, 255, 256, 257, 258, 259, 260, 261, 262, 263, 264, 265, 266, 267, 268, 269, 270, 271, 272, 273, 274, 275, 276, 277, 278, 279, 280, 281, 282, 283, 284, 285, 286, 287, 288, 289, 290, 291, 292, 293, 294, 295, 296, 297, 298, 299, 300, 301, 302, 303, 304, 305, 306, 307, 308, 309, 310, 311, 312, 313, 314, 315, 316, 317, 318, 319, 320, 321, 322, 323, 324, 325, 326, 327, 328, 329, 330, 331, 332, 333, 334, 335, 336, 337, 338, 339, 340, 341, 342, 343, 344, 345, 346, 347, 348, 349, 350, 351, 352, 353, 354, 355, 356, 357, 358, 359, 360, 361, 362, 363, 364, 365, 366, 367, 368, 369, 370, 371, 372, 373, 374, 375]
DEBUG Inner Fold 4: cat_dims: [44, 25, 37, 7, 4, 25, 12, 25, 45, 26, 38, 8, 5, 26, 13, 26]
DEBUG Inner Fold 4: bin_alt: [0, 1, 2, 3, 4, 5, 6, 7, 8, 9, 10, 11, 12, 13, 14, 15, 16]
**** Data b4 Fitting ****
X_train_inner_proc: [[25 21 2 ... -0.027256963340035873 -0.02725696334003587
  -0.0472455591261534]
 [27 15 2 ... -0.027256963340035873 -0.02725696334003587
  -0.0472455591261534]
 [23 1 35 ... -0.027256963340035873 -0.02725696334003587
  -0.0472455591261534]
 ...
 [28 1 17 ... -0.027256963340035873 -0.02725696334003587
  -0.0472455591261534]
 [18 12 28 ... -0.027256963340035873 -0.02725696334003587
  -0.0472455591261534]
 [28 2 2 ... -0.027256963340035873 -0.02725696334003587
  -0.0472455591261534]]
y_train_inner_proc: [2 7 5 5 6 2 3 6 0 6]
X_val_inner_proc WHAT: [[7 18 13 ... -0.027256963340035873 -0.02725696334003587
  -0.0472455591261534]
 [33 18 27 ... -0.027256963340035873 -0.02725696334003587
  -0.0472455591261534]
 [37 2 6 ... -0.027256963340035873 -0.02725696334003587
  -0.0472455591261534]
 ...
 [29 21 14 ... -0.027256963340035873 -0.02725696334003587
  -0.0472455591261534]
 [41 21 16 ... -0.027256963340035873 -0.02725696334003587
  -0.0472455591261534]
 [43 1 21 ... -0.027256963340035873 -0.02725696334003587
  -0.0472455591261534]]
y_val_inner_proc: [ 7  4  1  5  4  2  6  7 10  4]
Looking for Issue in XGB: probabilistic_regression
Still running??
Feature Types: ['c', 'c', 'c', 'c', 'c', 'c', 'c', 'c', 'q', 'q', 'q', 'q', 'q', 'q', 'q', 'q', 'q', 'q', 'q', 'q', 'q', 'q', 'q', 'q', 'q', 'q', 'q', 'q', 'q', 'q', 'q', 'q', 'q', 'q', 'q', 'q', 'q', 'q', 'q', 'q', 'q', 'q', 'q', 'q', 'q', 'q', 'q', 'q', 'q', 'q', 'q', 'q', 'q', 'q', 'q', 'q', 'q', 'q', 'q', 'q', 'q', 'q', 'q', 'q', 'q', 'q', 'q', 'q', 'q', 'q', 'q', 'q', 'q', 'q', 'q', 'q', 'q', 'q', 'q', 'q', 'q', 'q', 'q', 'q', 'q', 'q', 'q', 'q', 'q', 'q', 'q', 'q', 'q', 'q', 'q', 'q', 'q', 'q', 'q', 'q', 'q', 'q', 'q', 'q', 'q', 'q', 'q', 'q', 'q', 'q', 'q', 'q', 'q', 'q', 'q', 'q', 'q', 'q', 'q', 'q', 'q', 'q', 'q', 'q', 'q', 'q', 'q', 'q', 'q', 'q', 'q', 'q', 'q', 'q', 'q', 'q', 'q', 'q', 'q', 'q', 'q', 'q', 'q', 'q', 'q', 'q', 'q', 'q', 'q', 'q', 'q', 'q', 'q', 'q', 'q', 'q', 'q', 'q', 'q', 'q', 'q', 'q', 'q', 'q', 'q', 'q', 'q', 'q', 'q', 'q', 'q', 'q', 'q', 'q', 'q', 'q', 'q', 'q', 'q', 'q', 'q', 'q', 'q', 'q', 'q', 'q', 'q', 'q', 'q', 'q', 'q', 'q', 'q', 'q', 'q', 'q', 'q', 'q', 'q', 'q', 'q', 'q', 'q', 'q', 'q', 'q', 'q', 'q', 'q', 'q', 'q', 'q', 'q', 'q', 'q', 'q', 'q', 'q', 'q', 'q', 'q', 'q', 'q', 'q', 'q', 'q', 'q', 'q', 'q', 'q', 'q', 'q', 'q', 'q', 'q', 'q', 'q', 'q', 'q', 'q', 'q', 'q', 'q', 'q', 'q', 'q', 'q', 'q', 'q', 'q', 'q', 'q', 'q', 'q', 'q', 'q', 'q', 'q', 'q', 'q', 'q', 'q', 'q', 'q', 'q', 'q', 'q', 'q', 'q', 'q', 'q', 'q', 'q', 'q', 'q', 'q', 'q', 'q', 'q', 'q', 'q', 'q', 'q', 'q', 'q', 'q', 'q', 'q', 'q', 'q', 'q', 'q', 'q', 'q', 'q', 'q', 'q', 'q', 'q', 'q', 'q', 'q', 'q', 'q', 'q', 'q', 'q', 'q', 'q', 'q', 'q', 'q', 'q', 'q', 'q', 'q', 'q', 'q', 'q', 'q', 'q', 'q', 'q', 'q', 'q', 'q', 'q', 'q', 'q', 'q', 'q', 'q', 'q', 'q', 'q', 'q', 'q', 'q', 'q', 'q', 'q', 'q', 'q', 'q', 'q', 'q', 'q', 'q', 'q', 'q', 'q', 'q', 'q', 'q', 'q', 'q', 'q', 'q', 'q', 'q', 'q', 'q', 'q', 'q', 'q', 'q', 'q', 'q', 'q', 'q', 'q', 'q', 'q', 'q', 'q', 'q']
[0]	train-rmse:2.49010	eval-rmse:2.56149
[85]	train-rmse:0.59114	eval-rmse:1.80993
ERROR during prediction in inner fold 4: axis 1 is out of bounds for array of dimension 1
Skipping inner fold 4 due to prediction error.
  outer_5_inner Fold 5/5
Before Debugging -- Inner Fold 5
DEBUG Inner Fold 5: num_features: 376
DEBUG Inner Fold 5: num_classes: 1
DEBUG Inner Fold 5: cat_idx: [0]
DEBUG Inner Fold 5: nominal_idx: [0, 1, 2, 3, 4, 5, 6, 7]
DEBUG Inner Fold 5: ordinal_idx: None
DEBUG Inner Fold 5: num_idx: None
DEBUG Inner Fold 5: cat_dims: [2]
DEBUG Inner Fold 5: bin_alt: None
~~~~~~~~~~~~~~~~~~~~~~~~~~~~~~~~~~~~~~~~~~~~~~~~~~~~~~~~~~~~~~~~~~~~~~~~~~~~~~~
BEFORE ANY ENCODING
num_features :376
num_classes : 1
cat_idx : [0]
nominal_idx : [0, 1, 2, 3, 4, 5, 6, 7]
ordinal_idx : None
args.num_idx : None
cat_dims : [2]
bin_alt : None 


X_train shape : (1348, 376)
~~~~~~~~~~~~~~~~~~~~~~~~~~~~~~~~~~~~~~~~~~~~~~~~~~~~~~~~~~~~~~~~~~~~~~~~~~~~~~~
~~~~~~~~~~~~~~~~~~~~~~~~~~~~~~~~~~~~~~~~~~~~~~~~~~~~~~~~~~~~~~~~~~~~~~~~~~~~~~~
AFTER getting cat idx
Nominal Index : [0, 1, 2, 3, 4, 5, 6, 7]
Ordinal Index : None
Cat Idx : [0]
Cat dims : [2]
~~~~~~~~~~~~~~~~~~~~~~~~~~~~~~~~~~~~~~~~~~~~~~~~~~~~~~~~~~~~~~~~~~~~~~~~~~~~~~~
BEFORE getting cat idx
Nominal Index : [0, 1, 2, 3, 4, 5, 6, 7]
Ordinal Index : None
Cat Idx : [0, 1, 2, 3, 4, 5, 6, 7]
Cat dims : []
No one Hot for this Baby!!! 

ERROR during preprocessing in inner fold 5: y contains previously unseen labels: 'aw'
Skipping inner fold 5 due to preprocessing error.
Warning: No inner folds completed successfully for HPO trial.
ERROR saving hyperparameters to file coz inner_cs issues: 'float' object has no attribute 'get_results'
  outer_5_inner Fold 1/5
Before Debugging -- Inner Fold 1
DEBUG Inner Fold 1: num_features: 376
DEBUG Inner Fold 1: num_classes: 1
DEBUG Inner Fold 1: cat_idx: [0]
DEBUG Inner Fold 1: nominal_idx: [0, 1, 2, 3, 4, 5, 6, 7]
DEBUG Inner Fold 1: ordinal_idx: None
DEBUG Inner Fold 1: num_idx: None
DEBUG Inner Fold 1: cat_dims: [2]
DEBUG Inner Fold 1: bin_alt: None
~~~~~~~~~~~~~~~~~~~~~~~~~~~~~~~~~~~~~~~~~~~~~~~~~~~~~~~~~~~~~~~~~~~~~~~~~~~~~~~
BEFORE ANY ENCODING
num_features :376
num_classes : 1
cat_idx : [0]
nominal_idx : [0, 1, 2, 3, 4, 5, 6, 7]
ordinal_idx : None
args.num_idx : None
cat_dims : [2]
bin_alt : None 


X_train shape : (1347, 376)
~~~~~~~~~~~~~~~~~~~~~~~~~~~~~~~~~~~~~~~~~~~~~~~~~~~~~~~~~~~~~~~~~~~~~~~~~~~~~~~
~~~~~~~~~~~~~~~~~~~~~~~~~~~~~~~~~~~~~~~~~~~~~~~~~~~~~~~~~~~~~~~~~~~~~~~~~~~~~~~
AFTER getting cat idx
Nominal Index : [0, 1, 2, 3, 4, 5, 6, 7]
Ordinal Index : None
Cat Idx : [0]
Cat dims : [2]
~~~~~~~~~~~~~~~~~~~~~~~~~~~~~~~~~~~~~~~~~~~~~~~~~~~~~~~~~~~~~~~~~~~~~~~~~~~~~~~
BEFORE getting cat idx
Nominal Index : [0, 1, 2, 3, 4, 5, 6, 7]
Ordinal Index : None
Cat Idx : [0, 1, 2, 3, 4, 5, 6, 7]
Cat dims : []
No one Hot for this Baby!!! 

ERROR during preprocessing in inner fold 1: y contains previously unseen labels: 'ab'
Skipping inner fold 1 due to preprocessing error.
  outer_5_inner Fold 2/5
Before Debugging -- Inner Fold 2
DEBUG Inner Fold 2: num_features: 376
DEBUG Inner Fold 2: num_classes: 1
DEBUG Inner Fold 2: cat_idx: [0]
DEBUG Inner Fold 2: nominal_idx: [0, 1, 2, 3, 4, 5, 6, 7]
DEBUG Inner Fold 2: ordinal_idx: None
DEBUG Inner Fold 2: num_idx: None
DEBUG Inner Fold 2: cat_dims: [2]
DEBUG Inner Fold 2: bin_alt: None
~~~~~~~~~~~~~~~~~~~~~~~~~~~~~~~~~~~~~~~~~~~~~~~~~~~~~~~~~~~~~~~~~~~~~~~~~~~~~~~
BEFORE ANY ENCODING
num_features :376
num_classes : 1
cat_idx : [0]
nominal_idx : [0, 1, 2, 3, 4, 5, 6, 7]
ordinal_idx : None
args.num_idx : None
cat_dims : [2]
bin_alt : None 


X_train shape : (1347, 376)
~~~~~~~~~~~~~~~~~~~~~~~~~~~~~~~~~~~~~~~~~~~~~~~~~~~~~~~~~~~~~~~~~~~~~~~~~~~~~~~
~~~~~~~~~~~~~~~~~~~~~~~~~~~~~~~~~~~~~~~~~~~~~~~~~~~~~~~~~~~~~~~~~~~~~~~~~~~~~~~
AFTER getting cat idx
Nominal Index : [0, 1, 2, 3, 4, 5, 6, 7]
Ordinal Index : None
Cat Idx : [0]
Cat dims : [2]
~~~~~~~~~~~~~~~~~~~~~~~~~~~~~~~~~~~~~~~~~~~~~~~~~~~~~~~~~~~~~~~~~~~~~~~~~~~~~~~
BEFORE getting cat idx
Nominal Index : [0, 1, 2, 3, 4, 5, 6, 7]
Ordinal Index : None
Cat Idx : [0, 1, 2, 3, 4, 5, 6, 7]
Cat dims : []
No one Hot for this Baby!!! 

ERROR during preprocessing in inner fold 2: y contains previously unseen labels: 'u'
Skipping inner fold 2 due to preprocessing error.
  outer_5_inner Fold 3/5
Before Debugging -- Inner Fold 3
DEBUG Inner Fold 3: num_features: 376
DEBUG Inner Fold 3: num_classes: 1
DEBUG Inner Fold 3: cat_idx: [0]
DEBUG Inner Fold 3: nominal_idx: [0, 1, 2, 3, 4, 5, 6, 7]
DEBUG Inner Fold 3: ordinal_idx: None
DEBUG Inner Fold 3: num_idx: None
DEBUG Inner Fold 3: cat_dims: [2]
DEBUG Inner Fold 3: bin_alt: None
~~~~~~~~~~~~~~~~~~~~~~~~~~~~~~~~~~~~~~~~~~~~~~~~~~~~~~~~~~~~~~~~~~~~~~~~~~~~~~~
BEFORE ANY ENCODING
num_features :376
num_classes : 1
cat_idx : [0]
nominal_idx : [0, 1, 2, 3, 4, 5, 6, 7]
ordinal_idx : None
args.num_idx : None
cat_dims : [2]
bin_alt : None 


X_train shape : (1347, 376)
~~~~~~~~~~~~~~~~~~~~~~~~~~~~~~~~~~~~~~~~~~~~~~~~~~~~~~~~~~~~~~~~~~~~~~~~~~~~~~~
~~~~~~~~~~~~~~~~~~~~~~~~~~~~~~~~~~~~~~~~~~~~~~~~~~~~~~~~~~~~~~~~~~~~~~~~~~~~~~~
AFTER getting cat idx
Nominal Index : [0, 1, 2, 3, 4, 5, 6, 7]
Ordinal Index : None
Cat Idx : [0]
Cat dims : [2]
~~~~~~~~~~~~~~~~~~~~~~~~~~~~~~~~~~~~~~~~~~~~~~~~~~~~~~~~~~~~~~~~~~~~~~~~~~~~~~~
BEFORE getting cat idx
Nominal Index : [0, 1, 2, 3, 4, 5, 6, 7]
Ordinal Index : None
Cat Idx : [0, 1, 2, 3, 4, 5, 6, 7]
Cat dims : []
No one Hot for this Baby!!! 

ERROR during preprocessing in inner fold 3: y contains previously unseen labels: 'q'
Skipping inner fold 3 due to preprocessing error.
  outer_5_inner Fold 4/5
Before Debugging -- Inner Fold 4
DEBUG Inner Fold 4: num_features: 376
DEBUG Inner Fold 4: num_classes: 1
DEBUG Inner Fold 4: cat_idx: [0]
DEBUG Inner Fold 4: nominal_idx: [0, 1, 2, 3, 4, 5, 6, 7]
DEBUG Inner Fold 4: ordinal_idx: None
DEBUG Inner Fold 4: num_idx: None
DEBUG Inner Fold 4: cat_dims: [2]
DEBUG Inner Fold 4: bin_alt: None
~~~~~~~~~~~~~~~~~~~~~~~~~~~~~~~~~~~~~~~~~~~~~~~~~~~~~~~~~~~~~~~~~~~~~~~~~~~~~~~
BEFORE ANY ENCODING
num_features :376
num_classes : 1
cat_idx : [0]
nominal_idx : [0, 1, 2, 3, 4, 5, 6, 7]
ordinal_idx : None
args.num_idx : None
cat_dims : [2]
bin_alt : None 


X_train shape : (1347, 376)
~~~~~~~~~~~~~~~~~~~~~~~~~~~~~~~~~~~~~~~~~~~~~~~~~~~~~~~~~~~~~~~~~~~~~~~~~~~~~~~
~~~~~~~~~~~~~~~~~~~~~~~~~~~~~~~~~~~~~~~~~~~~~~~~~~~~~~~~~~~~~~~~~~~~~~~~~~~~~~~
AFTER getting cat idx
Nominal Index : [0, 1, 2, 3, 4, 5, 6, 7]
Ordinal Index : None
Cat Idx : [0]
Cat dims : [2]
~~~~~~~~~~~~~~~~~~~~~~~~~~~~~~~~~~~~~~~~~~~~~~~~~~~~~~~~~~~~~~~~~~~~~~~~~~~~~~~
BEFORE getting cat idx
Nominal Index : [0, 1, 2, 3, 4, 5, 6, 7]
Ordinal Index : None
Cat Idx : [0, 1, 2, 3, 4, 5, 6, 7]
Cat dims : []
No one Hot for this Baby!!! 

~~~~~~~~~~~~~~~~~~~~~~~~~~~~~~~~~~~~~~~~~~~~~~~~~~~~~~~~~~~~~~~~~~~~~~~~~~~~~~~ 


AFTER SEPARATING CATEGORICALS AND NUMERICALS
Ordinal Index : None
Numerical Index V1 : [8, 9, 10, 11, 12, 13, 14, 15, 16, 17, 18, 19, 20, 21, 22, 23, 24, 25, 26, 27, 28, 29, 30, 31, 32, 33, 34, 35, 36, 37, 38, 39, 40, 41, 42, 43, 44, 45, 46, 47, 48, 49, 50, 51, 52, 53, 54, 55, 56, 57, 58, 59, 60, 61, 62, 63, 64, 65, 66, 67, 68, 69, 70, 71, 72, 73, 74, 75, 76, 77, 78, 79, 80, 81, 82, 83, 84, 85, 86, 87, 88, 89, 90, 91, 92, 93, 94, 95, 96, 97, 98, 99, 100, 101, 102, 103, 104, 105, 106, 107, 108, 109, 110, 111, 112, 113, 114, 115, 116, 117, 118, 119, 120, 121, 122, 123, 124, 125, 126, 127, 128, 129, 130, 131, 132, 133, 134, 135, 136, 137, 138, 139, 140, 141, 142, 143, 144, 145, 146, 147, 148, 149, 150, 151, 152, 153, 154, 155, 156, 157, 158, 159, 160, 161, 162, 163, 164, 165, 166, 167, 168, 169, 170, 171, 172, 173, 174, 175, 176, 177, 178, 179, 180, 181, 182, 183, 184, 185, 186, 187, 188, 189, 190, 191, 192, 193, 194, 195, 196, 197, 198, 199, 200, 201, 202, 203, 204, 205, 206, 207, 208, 209, 210, 211, 212, 213, 214, 215, 216, 217, 218, 219, 220, 221, 222, 223, 224, 225, 226, 227, 228, 229, 230, 231, 232, 233, 234, 235, 236, 237, 238, 239, 240, 241, 242, 243, 244, 245, 246, 247, 248, 249, 250, 251, 252, 253, 254, 255, 256, 257, 258, 259, 260, 261, 262, 263, 264, 265, 266, 267, 268, 269, 270, 271, 272, 273, 274, 275, 276, 277, 278, 279, 280, 281, 282, 283, 284, 285, 286, 287, 288, 289, 290, 291, 292, 293, 294, 295, 296, 297, 298, 299, 300, 301, 302, 303, 304, 305, 306, 307, 308, 309, 310, 311, 312, 313, 314, 315, 316, 317, 318, 319, 320, 321, 322, 323, 324, 325, 326, 327, 328, 329, 330, 331, 332, 333, 334, 335, 336, 337, 338, 339, 340, 341, 342, 343, 344, 345, 346, 347, 348, 349, 350, 351, 352, 353, 354, 355, 356, 357, 358, 359, 360, 361, 362, 363, 364, 365, 366, 367, 368, 369, 370, 371, 372, 373, 374, 375]
Cat Idx V1 : [0, 1, 2, 3, 4, 5, 6, 7] 
Cat Dims V1 : [44, 25, 37, 7, 4, 25, 12, 25]
 

~~~~~~~~~~~~~~~~~~~~~~~~~~~~~~~~~~~~~~~~~~~~~~~~~~~~~~~~~~~~~~~~~~~~~~~~~~~~~~~ 


Scaling the data...
~~~~~~~~~~~~~~~~~~~~~~~~~~~~~~~~~~~~~~~~~~~~~~~~~~~~~~~~~~~~~~~~~~~~~~~~~~~~~~~
After OHE
Numerical Index V2 : [8, 9, 10, 11, 12, 13, 14, 15, 16, 17, 18, 19, 20, 21, 22, 23, 24, 25, 26, 27, 28, 29, 30, 31, 32, 33, 34, 35, 36, 37, 38, 39, 40, 41, 42, 43, 44, 45, 46, 47, 48, 49, 50, 51, 52, 53, 54, 55, 56, 57, 58, 59, 60, 61, 62, 63, 64, 65, 66, 67, 68, 69, 70, 71, 72, 73, 74, 75, 76, 77, 78, 79, 80, 81, 82, 83, 84, 85, 86, 87, 88, 89, 90, 91, 92, 93, 94, 95, 96, 97, 98, 99, 100, 101, 102, 103, 104, 105, 106, 107, 108, 109, 110, 111, 112, 113, 114, 115, 116, 117, 118, 119, 120, 121, 122, 123, 124, 125, 126, 127, 128, 129, 130, 131, 132, 133, 134, 135, 136, 137, 138, 139, 140, 141, 142, 143, 144, 145, 146, 147, 148, 149, 150, 151, 152, 153, 154, 155, 156, 157, 158, 159, 160, 161, 162, 163, 164, 165, 166, 167, 168, 169, 170, 171, 172, 173, 174, 175, 176, 177, 178, 179, 180, 181, 182, 183, 184, 185, 186, 187, 188, 189, 190, 191, 192, 193, 194, 195, 196, 197, 198, 199, 200, 201, 202, 203, 204, 205, 206, 207, 208, 209, 210, 211, 212, 213, 214, 215, 216, 217, 218, 219, 220, 221, 222, 223, 224, 225, 226, 227, 228, 229, 230, 231, 232, 233, 234, 235, 236, 237, 238, 239, 240, 241, 242, 243, 244, 245, 246, 247, 248, 249, 250, 251, 252, 253, 254, 255, 256, 257, 258, 259, 260, 261, 262, 263, 264, 265, 266, 267, 268, 269, 270, 271, 272, 273, 274, 275, 276, 277, 278, 279, 280, 281, 282, 283, 284, 285, 286, 287, 288, 289, 290, 291, 292, 293, 294, 295, 296, 297, 298, 299, 300, 301, 302, 303, 304, 305, 306, 307, 308, 309, 310, 311, 312, 313, 314, 315, 316, 317, 318, 319, 320, 321, 322, 323, 324, 325, 326, 327, 328, 329, 330, 331, 332, 333, 334, 335, 336, 337, 338, 339, 340, 341, 342, 343, 344, 345, 346, 347, 348, 349, 350, 351, 352, 353, 354, 355, 356, 357, 358, 359, 360, 361, 362, 363, 364, 365, 366, 367, 368, 369, 370, 371, 372, 373, 374, 375] 


OHE Idx : [0, 1, 2, 3, 4, 5, 6, 7]


Ordinal Idx V2: None


Cat Dims V2 : [44, 25, 37, 7, 4, 25, 12, 25]
Cat Idx V2 : [0, 1, 2, 3, 4, 5, 6, 7] 
 

Train: [[25 21 2 2 3]
 [27 15 2 2 3]
 [23 1 35 3 3]
 [7 18 7 2 3]
 [7 18 23 0 3]
 [24 18 13 4 3]
 [25 3 27 2 3]
 [28 1 17 2 3]
 [18 12 28 5 3]
 [28 2 2 0 3]] 
 
 
Val : (1347, 376) 
 

~~~~~~~~~~~~~~~~~~~~~~~~~~~~~~~~~~~~~~~~~~~~~~~~~~~~~~~~~~~~~~~~~~~~~~~~~~~~~~~
Cat Idx V3 : [0, 1, 2, 3, 4, 5, 6, 7] 
 

~~~~~~~~~~~~~~~~~~~~~~~~~~~~~~~~~~~~~~~~~~~~~~~~~~~~~~~~~~~~~~~~~~~~~~~~~~~~~~~
After ORDINAL
Numerical Index V2 : [8, 9, 10, 11, 12, 13, 14, 15, 16, 17, 18, 19, 20, 21, 22, 23, 24, 25, 26, 27, 28, 29, 30, 31, 32, 33, 34, 35, 36, 37, 38, 39, 40, 41, 42, 43, 44, 45, 46, 47, 48, 49, 50, 51, 52, 53, 54, 55, 56, 57, 58, 59, 60, 61, 62, 63, 64, 65, 66, 67, 68, 69, 70, 71, 72, 73, 74, 75, 76, 77, 78, 79, 80, 81, 82, 83, 84, 85, 86, 87, 88, 89, 90, 91, 92, 93, 94, 95, 96, 97, 98, 99, 100, 101, 102, 103, 104, 105, 106, 107, 108, 109, 110, 111, 112, 113, 114, 115, 116, 117, 118, 119, 120, 121, 122, 123, 124, 125, 126, 127, 128, 129, 130, 131, 132, 133, 134, 135, 136, 137, 138, 139, 140, 141, 142, 143, 144, 145, 146, 147, 148, 149, 150, 151, 152, 153, 154, 155, 156, 157, 158, 159, 160, 161, 162, 163, 164, 165, 166, 167, 168, 169, 170, 171, 172, 173, 174, 175, 176, 177, 178, 179, 180, 181, 182, 183, 184, 185, 186, 187, 188, 189, 190, 191, 192, 193, 194, 195, 196, 197, 198, 199, 200, 201, 202, 203, 204, 205, 206, 207, 208, 209, 210, 211, 212, 213, 214, 215, 216, 217, 218, 219, 220, 221, 222, 223, 224, 225, 226, 227, 228, 229, 230, 231, 232, 233, 234, 235, 236, 237, 238, 239, 240, 241, 242, 243, 244, 245, 246, 247, 248, 249, 250, 251, 252, 253, 254, 255, 256, 257, 258, 259, 260, 261, 262, 263, 264, 265, 266, 267, 268, 269, 270, 271, 272, 273, 274, 275, 276, 277, 278, 279, 280, 281, 282, 283, 284, 285, 286, 287, 288, 289, 290, 291, 292, 293, 294, 295, 296, 297, 298, 299, 300, 301, 302, 303, 304, 305, 306, 307, 308, 309, 310, 311, 312, 313, 314, 315, 316, 317, 318, 319, 320, 321, 322, 323, 324, 325, 326, 327, 328, 329, 330, 331, 332, 333, 334, 335, 336, 337, 338, 339, 340, 341, 342, 343, 344, 345, 346, 347, 348, 349, 350, 351, 352, 353, 354, 355, 356, 357, 358, 359, 360, 361, 362, 363, 364, 365, 366, 367, 368, 369, 370, 371, 372, 373, 374, 375] 


OHE Idx : [0, 1, 2, 3, 4, 5, 6, 7]


Ordinal Idx V2: None


Cat Dims V2 : [44, 25, 37, 7, 4, 25, 12, 25, 45, 26, 38, 8, 5, 26, 13, 26]
Cat Idx V2 : [0, 1, 2, 3, 4, 5, 6, 7] 
 

Train: [[25 21 2 ... -0.027256963340035873 -0.02725696334003587
  -0.0472455591261534]
 [27 15 2 ... -0.027256963340035873 -0.02725696334003587
  -0.0472455591261534]
 [23 1 35 ... -0.027256963340035873 -0.02725696334003587
  -0.0472455591261534]
 ...
 [28 1 17 ... -0.027256963340035873 -0.02725696334003587
  -0.0472455591261534]
 [18 12 28 ... -0.027256963340035873 -0.02725696334003587
  -0.0472455591261534]
 [28 2 2 ... -0.027256963340035873 -0.02725696334003587
  -0.0472455591261534]] 
 
 
Val : (1347, 376) 
 

FINISHED ENCODING
~~~~~~~~~~~~~~~~~~~~~~~~~~~~~~~~~~~~~~~~~~~~~~~~~~~~~~~~~~~~~~~~~~~~~~~~~~~~~~~


Number of bins: 17
Number of Classes B4 Bin Verifier: 17
Unique values in y: (array([ 0.,  1.,  2.,  3.,  4.,  5.,  6.,  7.,  8.,  9., 10., 11., 12.,
       13., 14., 15., 16.]), 17)
Unique values in y_val: (array([ 0.,  1.,  2.,  3.,  4.,  5.,  6.,  7.,  8.,  9., 10., 11., 12.,
       13., 16.]), 15)
No need to shift labels.
VERIFY SHIFT
Y shape : (1347,) , Y_val shape : (337,)
Train after shift : [ 0  1  2  3  4  5  6  7  8  9 10 11 12 13 14 15 16], Length : 17
Number of Classes After Bin Verifier: 17 


After Debugging -- Inner Fold 4
DEBUG Inner Fold 4: num_features: 376
DEBUG Inner Fold 4: num_classes: 17
DEBUG Inner Fold 4: cat_idx: [0, 1, 2, 3, 4, 5, 6, 7]
DEBUG Inner Fold 4: nominal_idx: [0, 1, 2, 3, 4, 5, 6, 7]
DEBUG Inner Fold 4: ordinal_idx: None
DEBUG Inner Fold 4: num_idx: [8, 9, 10, 11, 12, 13, 14, 15, 16, 17, 18, 19, 20, 21, 22, 23, 24, 25, 26, 27, 28, 29, 30, 31, 32, 33, 34, 35, 36, 37, 38, 39, 40, 41, 42, 43, 44, 45, 46, 47, 48, 49, 50, 51, 52, 53, 54, 55, 56, 57, 58, 59, 60, 61, 62, 63, 64, 65, 66, 67, 68, 69, 70, 71, 72, 73, 74, 75, 76, 77, 78, 79, 80, 81, 82, 83, 84, 85, 86, 87, 88, 89, 90, 91, 92, 93, 94, 95, 96, 97, 98, 99, 100, 101, 102, 103, 104, 105, 106, 107, 108, 109, 110, 111, 112, 113, 114, 115, 116, 117, 118, 119, 120, 121, 122, 123, 124, 125, 126, 127, 128, 129, 130, 131, 132, 133, 134, 135, 136, 137, 138, 139, 140, 141, 142, 143, 144, 145, 146, 147, 148, 149, 150, 151, 152, 153, 154, 155, 156, 157, 158, 159, 160, 161, 162, 163, 164, 165, 166, 167, 168, 169, 170, 171, 172, 173, 174, 175, 176, 177, 178, 179, 180, 181, 182, 183, 184, 185, 186, 187, 188, 189, 190, 191, 192, 193, 194, 195, 196, 197, 198, 199, 200, 201, 202, 203, 204, 205, 206, 207, 208, 209, 210, 211, 212, 213, 214, 215, 216, 217, 218, 219, 220, 221, 222, 223, 224, 225, 226, 227, 228, 229, 230, 231, 232, 233, 234, 235, 236, 237, 238, 239, 240, 241, 242, 243, 244, 245, 246, 247, 248, 249, 250, 251, 252, 253, 254, 255, 256, 257, 258, 259, 260, 261, 262, 263, 264, 265, 266, 267, 268, 269, 270, 271, 272, 273, 274, 275, 276, 277, 278, 279, 280, 281, 282, 283, 284, 285, 286, 287, 288, 289, 290, 291, 292, 293, 294, 295, 296, 297, 298, 299, 300, 301, 302, 303, 304, 305, 306, 307, 308, 309, 310, 311, 312, 313, 314, 315, 316, 317, 318, 319, 320, 321, 322, 323, 324, 325, 326, 327, 328, 329, 330, 331, 332, 333, 334, 335, 336, 337, 338, 339, 340, 341, 342, 343, 344, 345, 346, 347, 348, 349, 350, 351, 352, 353, 354, 355, 356, 357, 358, 359, 360, 361, 362, 363, 364, 365, 366, 367, 368, 369, 370, 371, 372, 373, 374, 375]
DEBUG Inner Fold 4: cat_dims: [44, 25, 37, 7, 4, 25, 12, 25, 45, 26, 38, 8, 5, 26, 13, 26]
DEBUG Inner Fold 4: bin_alt: [0, 1, 2, 3, 4, 5, 6, 7, 8, 9, 10, 11, 12, 13, 14, 15, 16]
**** Data b4 Fitting ****
X_train_inner_proc: [[25 21 2 ... -0.027256963340035873 -0.02725696334003587
  -0.0472455591261534]
 [27 15 2 ... -0.027256963340035873 -0.02725696334003587
  -0.0472455591261534]
 [23 1 35 ... -0.027256963340035873 -0.02725696334003587
  -0.0472455591261534]
 ...
 [28 1 17 ... -0.027256963340035873 -0.02725696334003587
  -0.0472455591261534]
 [18 12 28 ... -0.027256963340035873 -0.02725696334003587
  -0.0472455591261534]
 [28 2 2 ... -0.027256963340035873 -0.02725696334003587
  -0.0472455591261534]]
y_train_inner_proc: [2 7 5 5 6 2 3 6 0 6]
X_val_inner_proc WHAT: [[7 18 13 ... -0.027256963340035873 -0.02725696334003587
  -0.0472455591261534]
 [33 18 27 ... -0.027256963340035873 -0.02725696334003587
  -0.0472455591261534]
 [37 2 6 ... -0.027256963340035873 -0.02725696334003587
  -0.0472455591261534]
 ...
 [29 21 14 ... -0.027256963340035873 -0.02725696334003587
  -0.0472455591261534]
 [41 21 16 ... -0.027256963340035873 -0.02725696334003587
  -0.0472455591261534]
 [43 1 21 ... -0.027256963340035873 -0.02725696334003587
  -0.0472455591261534]]
y_val_inner_proc: [ 7  4  1  5  4  2  6  7 10  4]
Looking for Issue in XGB: probabilistic_regression
Still running??
Feature Types: ['c', 'c', 'c', 'c', 'c', 'c', 'c', 'c', 'q', 'q', 'q', 'q', 'q', 'q', 'q', 'q', 'q', 'q', 'q', 'q', 'q', 'q', 'q', 'q', 'q', 'q', 'q', 'q', 'q', 'q', 'q', 'q', 'q', 'q', 'q', 'q', 'q', 'q', 'q', 'q', 'q', 'q', 'q', 'q', 'q', 'q', 'q', 'q', 'q', 'q', 'q', 'q', 'q', 'q', 'q', 'q', 'q', 'q', 'q', 'q', 'q', 'q', 'q', 'q', 'q', 'q', 'q', 'q', 'q', 'q', 'q', 'q', 'q', 'q', 'q', 'q', 'q', 'q', 'q', 'q', 'q', 'q', 'q', 'q', 'q', 'q', 'q', 'q', 'q', 'q', 'q', 'q', 'q', 'q', 'q', 'q', 'q', 'q', 'q', 'q', 'q', 'q', 'q', 'q', 'q', 'q', 'q', 'q', 'q', 'q', 'q', 'q', 'q', 'q', 'q', 'q', 'q', 'q', 'q', 'q', 'q', 'q', 'q', 'q', 'q', 'q', 'q', 'q', 'q', 'q', 'q', 'q', 'q', 'q', 'q', 'q', 'q', 'q', 'q', 'q', 'q', 'q', 'q', 'q', 'q', 'q', 'q', 'q', 'q', 'q', 'q', 'q', 'q', 'q', 'q', 'q', 'q', 'q', 'q', 'q', 'q', 'q', 'q', 'q', 'q', 'q', 'q', 'q', 'q', 'q', 'q', 'q', 'q', 'q', 'q', 'q', 'q', 'q', 'q', 'q', 'q', 'q', 'q', 'q', 'q', 'q', 'q', 'q', 'q', 'q', 'q', 'q', 'q', 'q', 'q', 'q', 'q', 'q', 'q', 'q', 'q', 'q', 'q', 'q', 'q', 'q', 'q', 'q', 'q', 'q', 'q', 'q', 'q', 'q', 'q', 'q', 'q', 'q', 'q', 'q', 'q', 'q', 'q', 'q', 'q', 'q', 'q', 'q', 'q', 'q', 'q', 'q', 'q', 'q', 'q', 'q', 'q', 'q', 'q', 'q', 'q', 'q', 'q', 'q', 'q', 'q', 'q', 'q', 'q', 'q', 'q', 'q', 'q', 'q', 'q', 'q', 'q', 'q', 'q', 'q', 'q', 'q', 'q', 'q', 'q', 'q', 'q', 'q', 'q', 'q', 'q', 'q', 'q', 'q', 'q', 'q', 'q', 'q', 'q', 'q', 'q', 'q', 'q', 'q', 'q', 'q', 'q', 'q', 'q', 'q', 'q', 'q', 'q', 'q', 'q', 'q', 'q', 'q', 'q', 'q', 'q', 'q', 'q', 'q', 'q', 'q', 'q', 'q', 'q', 'q', 'q', 'q', 'q', 'q', 'q', 'q', 'q', 'q', 'q', 'q', 'q', 'q', 'q', 'q', 'q', 'q', 'q', 'q', 'q', 'q', 'q', 'q', 'q', 'q', 'q', 'q', 'q', 'q', 'q', 'q', 'q', 'q', 'q', 'q', 'q', 'q', 'q', 'q', 'q', 'q', 'q', 'q', 'q', 'q', 'q', 'q', 'q', 'q', 'q', 'q', 'q', 'q', 'q', 'q', 'q', 'q', 'q', 'q', 'q', 'q', 'q', 'q', 'q', 'q', 'q', 'q']
[0]	train-rmse:2.05604	eval-rmse:2.27618
[27]	train-rmse:0.34864	eval-rmse:1.87285
ERROR during prediction in inner fold 4: axis 1 is out of bounds for array of dimension 1
Skipping inner fold 4 due to prediction error.
  outer_5_inner Fold 5/5
Before Debugging -- Inner Fold 5
DEBUG Inner Fold 5: num_features: 376
DEBUG Inner Fold 5: num_classes: 1
DEBUG Inner Fold 5: cat_idx: [0]
DEBUG Inner Fold 5: nominal_idx: [0, 1, 2, 3, 4, 5, 6, 7]
DEBUG Inner Fold 5: ordinal_idx: None
DEBUG Inner Fold 5: num_idx: None
DEBUG Inner Fold 5: cat_dims: [2]
DEBUG Inner Fold 5: bin_alt: None
~~~~~~~~~~~~~~~~~~~~~~~~~~~~~~~~~~~~~~~~~~~~~~~~~~~~~~~~~~~~~~~~~~~~~~~~~~~~~~~
BEFORE ANY ENCODING
num_features :376
num_classes : 1
cat_idx : [0]
nominal_idx : [0, 1, 2, 3, 4, 5, 6, 7]
ordinal_idx : None
args.num_idx : None
cat_dims : [2]
bin_alt : None 


X_train shape : (1348, 376)
~~~~~~~~~~~~~~~~~~~~~~~~~~~~~~~~~~~~~~~~~~~~~~~~~~~~~~~~~~~~~~~~~~~~~~~~~~~~~~~
~~~~~~~~~~~~~~~~~~~~~~~~~~~~~~~~~~~~~~~~~~~~~~~~~~~~~~~~~~~~~~~~~~~~~~~~~~~~~~~
AFTER getting cat idx
Nominal Index : [0, 1, 2, 3, 4, 5, 6, 7]
Ordinal Index : None
Cat Idx : [0]
Cat dims : [2]
~~~~~~~~~~~~~~~~~~~~~~~~~~~~~~~~~~~~~~~~~~~~~~~~~~~~~~~~~~~~~~~~~~~~~~~~~~~~~~~
BEFORE getting cat idx
Nominal Index : [0, 1, 2, 3, 4, 5, 6, 7]
Ordinal Index : None
Cat Idx : [0, 1, 2, 3, 4, 5, 6, 7]
Cat dims : []
No one Hot for this Baby!!! 

ERROR during preprocessing in inner fold 5: y contains previously unseen labels: 'aw'
Skipping inner fold 5 due to preprocessing error.
Warning: No inner folds completed successfully for HPO trial.
ERROR saving hyperparameters to file coz inner_cs issues: 'float' object has no attribute 'get_results'
  outer_5_inner Fold 1/5
Before Debugging -- Inner Fold 1
DEBUG Inner Fold 1: num_features: 376
DEBUG Inner Fold 1: num_classes: 1
DEBUG Inner Fold 1: cat_idx: [0]
DEBUG Inner Fold 1: nominal_idx: [0, 1, 2, 3, 4, 5, 6, 7]
DEBUG Inner Fold 1: ordinal_idx: None
DEBUG Inner Fold 1: num_idx: None
DEBUG Inner Fold 1: cat_dims: [2]
DEBUG Inner Fold 1: bin_alt: None
~~~~~~~~~~~~~~~~~~~~~~~~~~~~~~~~~~~~~~~~~~~~~~~~~~~~~~~~~~~~~~~~~~~~~~~~~~~~~~~
BEFORE ANY ENCODING
num_features :376
num_classes : 1
cat_idx : [0]
nominal_idx : [0, 1, 2, 3, 4, 5, 6, 7]
ordinal_idx : None
args.num_idx : None
cat_dims : [2]
bin_alt : None 


X_train shape : (1347, 376)
~~~~~~~~~~~~~~~~~~~~~~~~~~~~~~~~~~~~~~~~~~~~~~~~~~~~~~~~~~~~~~~~~~~~~~~~~~~~~~~
~~~~~~~~~~~~~~~~~~~~~~~~~~~~~~~~~~~~~~~~~~~~~~~~~~~~~~~~~~~~~~~~~~~~~~~~~~~~~~~
AFTER getting cat idx
Nominal Index : [0, 1, 2, 3, 4, 5, 6, 7]
Ordinal Index : None
Cat Idx : [0]
Cat dims : [2]
~~~~~~~~~~~~~~~~~~~~~~~~~~~~~~~~~~~~~~~~~~~~~~~~~~~~~~~~~~~~~~~~~~~~~~~~~~~~~~~
BEFORE getting cat idx
Nominal Index : [0, 1, 2, 3, 4, 5, 6, 7]
Ordinal Index : None
Cat Idx : [0, 1, 2, 3, 4, 5, 6, 7]
Cat dims : []
No one Hot for this Baby!!! 

ERROR during preprocessing in inner fold 1: y contains previously unseen labels: 'ab'
Skipping inner fold 1 due to preprocessing error.
  outer_5_inner Fold 2/5
Before Debugging -- Inner Fold 2
DEBUG Inner Fold 2: num_features: 376
DEBUG Inner Fold 2: num_classes: 1
DEBUG Inner Fold 2: cat_idx: [0]
DEBUG Inner Fold 2: nominal_idx: [0, 1, 2, 3, 4, 5, 6, 7]
DEBUG Inner Fold 2: ordinal_idx: None
DEBUG Inner Fold 2: num_idx: None
DEBUG Inner Fold 2: cat_dims: [2]
DEBUG Inner Fold 2: bin_alt: None
~~~~~~~~~~~~~~~~~~~~~~~~~~~~~~~~~~~~~~~~~~~~~~~~~~~~~~~~~~~~~~~~~~~~~~~~~~~~~~~
BEFORE ANY ENCODING
num_features :376
num_classes : 1
cat_idx : [0]
nominal_idx : [0, 1, 2, 3, 4, 5, 6, 7]
ordinal_idx : None
args.num_idx : None
cat_dims : [2]
bin_alt : None 


X_train shape : (1347, 376)
~~~~~~~~~~~~~~~~~~~~~~~~~~~~~~~~~~~~~~~~~~~~~~~~~~~~~~~~~~~~~~~~~~~~~~~~~~~~~~~
~~~~~~~~~~~~~~~~~~~~~~~~~~~~~~~~~~~~~~~~~~~~~~~~~~~~~~~~~~~~~~~~~~~~~~~~~~~~~~~
AFTER getting cat idx
Nominal Index : [0, 1, 2, 3, 4, 5, 6, 7]
Ordinal Index : None
Cat Idx : [0]
Cat dims : [2]
~~~~~~~~~~~~~~~~~~~~~~~~~~~~~~~~~~~~~~~~~~~~~~~~~~~~~~~~~~~~~~~~~~~~~~~~~~~~~~~
BEFORE getting cat idx
Nominal Index : [0, 1, 2, 3, 4, 5, 6, 7]
Ordinal Index : None
Cat Idx : [0, 1, 2, 3, 4, 5, 6, 7]
Cat dims : []
No one Hot for this Baby!!! 

ERROR during preprocessing in inner fold 2: y contains previously unseen labels: 'u'
Skipping inner fold 2 due to preprocessing error.
  outer_5_inner Fold 3/5
Before Debugging -- Inner Fold 3
DEBUG Inner Fold 3: num_features: 376
DEBUG Inner Fold 3: num_classes: 1
DEBUG Inner Fold 3: cat_idx: [0]
DEBUG Inner Fold 3: nominal_idx: [0, 1, 2, 3, 4, 5, 6, 7]
DEBUG Inner Fold 3: ordinal_idx: None
DEBUG Inner Fold 3: num_idx: None
DEBUG Inner Fold 3: cat_dims: [2]
DEBUG Inner Fold 3: bin_alt: None
~~~~~~~~~~~~~~~~~~~~~~~~~~~~~~~~~~~~~~~~~~~~~~~~~~~~~~~~~~~~~~~~~~~~~~~~~~~~~~~
BEFORE ANY ENCODING
num_features :376
num_classes : 1
cat_idx : [0]
nominal_idx : [0, 1, 2, 3, 4, 5, 6, 7]
ordinal_idx : None
args.num_idx : None
cat_dims : [2]
bin_alt : None 


X_train shape : (1347, 376)
~~~~~~~~~~~~~~~~~~~~~~~~~~~~~~~~~~~~~~~~~~~~~~~~~~~~~~~~~~~~~~~~~~~~~~~~~~~~~~~
~~~~~~~~~~~~~~~~~~~~~~~~~~~~~~~~~~~~~~~~~~~~~~~~~~~~~~~~~~~~~~~~~~~~~~~~~~~~~~~
AFTER getting cat idx
Nominal Index : [0, 1, 2, 3, 4, 5, 6, 7]
Ordinal Index : None
Cat Idx : [0]
Cat dims : [2]
~~~~~~~~~~~~~~~~~~~~~~~~~~~~~~~~~~~~~~~~~~~~~~~~~~~~~~~~~~~~~~~~~~~~~~~~~~~~~~~
BEFORE getting cat idx
Nominal Index : [0, 1, 2, 3, 4, 5, 6, 7]
Ordinal Index : None
Cat Idx : [0, 1, 2, 3, 4, 5, 6, 7]
Cat dims : []
No one Hot for this Baby!!! 

ERROR during preprocessing in inner fold 3: y contains previously unseen labels: 'q'
Skipping inner fold 3 due to preprocessing error.
  outer_5_inner Fold 4/5
Before Debugging -- Inner Fold 4
DEBUG Inner Fold 4: num_features: 376
DEBUG Inner Fold 4: num_classes: 1
DEBUG Inner Fold 4: cat_idx: [0]
DEBUG Inner Fold 4: nominal_idx: [0, 1, 2, 3, 4, 5, 6, 7]
DEBUG Inner Fold 4: ordinal_idx: None
DEBUG Inner Fold 4: num_idx: None
DEBUG Inner Fold 4: cat_dims: [2]
DEBUG Inner Fold 4: bin_alt: None
~~~~~~~~~~~~~~~~~~~~~~~~~~~~~~~~~~~~~~~~~~~~~~~~~~~~~~~~~~~~~~~~~~~~~~~~~~~~~~~
BEFORE ANY ENCODING
num_features :376
num_classes : 1
cat_idx : [0]
nominal_idx : [0, 1, 2, 3, 4, 5, 6, 7]
ordinal_idx : None
args.num_idx : None
cat_dims : [2]
bin_alt : None 


X_train shape : (1347, 376)
~~~~~~~~~~~~~~~~~~~~~~~~~~~~~~~~~~~~~~~~~~~~~~~~~~~~~~~~~~~~~~~~~~~~~~~~~~~~~~~
~~~~~~~~~~~~~~~~~~~~~~~~~~~~~~~~~~~~~~~~~~~~~~~~~~~~~~~~~~~~~~~~~~~~~~~~~~~~~~~
AFTER getting cat idx
Nominal Index : [0, 1, 2, 3, 4, 5, 6, 7]
Ordinal Index : None
Cat Idx : [0]
Cat dims : [2]
~~~~~~~~~~~~~~~~~~~~~~~~~~~~~~~~~~~~~~~~~~~~~~~~~~~~~~~~~~~~~~~~~~~~~~~~~~~~~~~
BEFORE getting cat idx
Nominal Index : [0, 1, 2, 3, 4, 5, 6, 7]
Ordinal Index : None
Cat Idx : [0, 1, 2, 3, 4, 5, 6, 7]
Cat dims : []
No one Hot for this Baby!!! 

~~~~~~~~~~~~~~~~~~~~~~~~~~~~~~~~~~~~~~~~~~~~~~~~~~~~~~~~~~~~~~~~~~~~~~~~~~~~~~~ 


AFTER SEPARATING CATEGORICALS AND NUMERICALS
Ordinal Index : None
Numerical Index V1 : [8, 9, 10, 11, 12, 13, 14, 15, 16, 17, 18, 19, 20, 21, 22, 23, 24, 25, 26, 27, 28, 29, 30, 31, 32, 33, 34, 35, 36, 37, 38, 39, 40, 41, 42, 43, 44, 45, 46, 47, 48, 49, 50, 51, 52, 53, 54, 55, 56, 57, 58, 59, 60, 61, 62, 63, 64, 65, 66, 67, 68, 69, 70, 71, 72, 73, 74, 75, 76, 77, 78, 79, 80, 81, 82, 83, 84, 85, 86, 87, 88, 89, 90, 91, 92, 93, 94, 95, 96, 97, 98, 99, 100, 101, 102, 103, 104, 105, 106, 107, 108, 109, 110, 111, 112, 113, 114, 115, 116, 117, 118, 119, 120, 121, 122, 123, 124, 125, 126, 127, 128, 129, 130, 131, 132, 133, 134, 135, 136, 137, 138, 139, 140, 141, 142, 143, 144, 145, 146, 147, 148, 149, 150, 151, 152, 153, 154, 155, 156, 157, 158, 159, 160, 161, 162, 163, 164, 165, 166, 167, 168, 169, 170, 171, 172, 173, 174, 175, 176, 177, 178, 179, 180, 181, 182, 183, 184, 185, 186, 187, 188, 189, 190, 191, 192, 193, 194, 195, 196, 197, 198, 199, 200, 201, 202, 203, 204, 205, 206, 207, 208, 209, 210, 211, 212, 213, 214, 215, 216, 217, 218, 219, 220, 221, 222, 223, 224, 225, 226, 227, 228, 229, 230, 231, 232, 233, 234, 235, 236, 237, 238, 239, 240, 241, 242, 243, 244, 245, 246, 247, 248, 249, 250, 251, 252, 253, 254, 255, 256, 257, 258, 259, 260, 261, 262, 263, 264, 265, 266, 267, 268, 269, 270, 271, 272, 273, 274, 275, 276, 277, 278, 279, 280, 281, 282, 283, 284, 285, 286, 287, 288, 289, 290, 291, 292, 293, 294, 295, 296, 297, 298, 299, 300, 301, 302, 303, 304, 305, 306, 307, 308, 309, 310, 311, 312, 313, 314, 315, 316, 317, 318, 319, 320, 321, 322, 323, 324, 325, 326, 327, 328, 329, 330, 331, 332, 333, 334, 335, 336, 337, 338, 339, 340, 341, 342, 343, 344, 345, 346, 347, 348, 349, 350, 351, 352, 353, 354, 355, 356, 357, 358, 359, 360, 361, 362, 363, 364, 365, 366, 367, 368, 369, 370, 371, 372, 373, 374, 375]
Cat Idx V1 : [0, 1, 2, 3, 4, 5, 6, 7] 
Cat Dims V1 : [44, 25, 37, 7, 4, 25, 12, 25]
 

~~~~~~~~~~~~~~~~~~~~~~~~~~~~~~~~~~~~~~~~~~~~~~~~~~~~~~~~~~~~~~~~~~~~~~~~~~~~~~~ 


Scaling the data...
~~~~~~~~~~~~~~~~~~~~~~~~~~~~~~~~~~~~~~~~~~~~~~~~~~~~~~~~~~~~~~~~~~~~~~~~~~~~~~~
After OHE
Numerical Index V2 : [8, 9, 10, 11, 12, 13, 14, 15, 16, 17, 18, 19, 20, 21, 22, 23, 24, 25, 26, 27, 28, 29, 30, 31, 32, 33, 34, 35, 36, 37, 38, 39, 40, 41, 42, 43, 44, 45, 46, 47, 48, 49, 50, 51, 52, 53, 54, 55, 56, 57, 58, 59, 60, 61, 62, 63, 64, 65, 66, 67, 68, 69, 70, 71, 72, 73, 74, 75, 76, 77, 78, 79, 80, 81, 82, 83, 84, 85, 86, 87, 88, 89, 90, 91, 92, 93, 94, 95, 96, 97, 98, 99, 100, 101, 102, 103, 104, 105, 106, 107, 108, 109, 110, 111, 112, 113, 114, 115, 116, 117, 118, 119, 120, 121, 122, 123, 124, 125, 126, 127, 128, 129, 130, 131, 132, 133, 134, 135, 136, 137, 138, 139, 140, 141, 142, 143, 144, 145, 146, 147, 148, 149, 150, 151, 152, 153, 154, 155, 156, 157, 158, 159, 160, 161, 162, 163, 164, 165, 166, 167, 168, 169, 170, 171, 172, 173, 174, 175, 176, 177, 178, 179, 180, 181, 182, 183, 184, 185, 186, 187, 188, 189, 190, 191, 192, 193, 194, 195, 196, 197, 198, 199, 200, 201, 202, 203, 204, 205, 206, 207, 208, 209, 210, 211, 212, 213, 214, 215, 216, 217, 218, 219, 220, 221, 222, 223, 224, 225, 226, 227, 228, 229, 230, 231, 232, 233, 234, 235, 236, 237, 238, 239, 240, 241, 242, 243, 244, 245, 246, 247, 248, 249, 250, 251, 252, 253, 254, 255, 256, 257, 258, 259, 260, 261, 262, 263, 264, 265, 266, 267, 268, 269, 270, 271, 272, 273, 274, 275, 276, 277, 278, 279, 280, 281, 282, 283, 284, 285, 286, 287, 288, 289, 290, 291, 292, 293, 294, 295, 296, 297, 298, 299, 300, 301, 302, 303, 304, 305, 306, 307, 308, 309, 310, 311, 312, 313, 314, 315, 316, 317, 318, 319, 320, 321, 322, 323, 324, 325, 326, 327, 328, 329, 330, 331, 332, 333, 334, 335, 336, 337, 338, 339, 340, 341, 342, 343, 344, 345, 346, 347, 348, 349, 350, 351, 352, 353, 354, 355, 356, 357, 358, 359, 360, 361, 362, 363, 364, 365, 366, 367, 368, 369, 370, 371, 372, 373, 374, 375] 


OHE Idx : [0, 1, 2, 3, 4, 5, 6, 7]


Ordinal Idx V2: None


Cat Dims V2 : [44, 25, 37, 7, 4, 25, 12, 25]
Cat Idx V2 : [0, 1, 2, 3, 4, 5, 6, 7] 
 

Train: [[25 21 2 2 3]
 [27 15 2 2 3]
 [23 1 35 3 3]
 [7 18 7 2 3]
 [7 18 23 0 3]
 [24 18 13 4 3]
 [25 3 27 2 3]
 [28 1 17 2 3]
 [18 12 28 5 3]
 [28 2 2 0 3]] 
 
 
Val : (1347, 376) 
 

~~~~~~~~~~~~~~~~~~~~~~~~~~~~~~~~~~~~~~~~~~~~~~~~~~~~~~~~~~~~~~~~~~~~~~~~~~~~~~~
Cat Idx V3 : [0, 1, 2, 3, 4, 5, 6, 7] 
 

~~~~~~~~~~~~~~~~~~~~~~~~~~~~~~~~~~~~~~~~~~~~~~~~~~~~~~~~~~~~~~~~~~~~~~~~~~~~~~~
After ORDINAL
Numerical Index V2 : [8, 9, 10, 11, 12, 13, 14, 15, 16, 17, 18, 19, 20, 21, 22, 23, 24, 25, 26, 27, 28, 29, 30, 31, 32, 33, 34, 35, 36, 37, 38, 39, 40, 41, 42, 43, 44, 45, 46, 47, 48, 49, 50, 51, 52, 53, 54, 55, 56, 57, 58, 59, 60, 61, 62, 63, 64, 65, 66, 67, 68, 69, 70, 71, 72, 73, 74, 75, 76, 77, 78, 79, 80, 81, 82, 83, 84, 85, 86, 87, 88, 89, 90, 91, 92, 93, 94, 95, 96, 97, 98, 99, 100, 101, 102, 103, 104, 105, 106, 107, 108, 109, 110, 111, 112, 113, 114, 115, 116, 117, 118, 119, 120, 121, 122, 123, 124, 125, 126, 127, 128, 129, 130, 131, 132, 133, 134, 135, 136, 137, 138, 139, 140, 141, 142, 143, 144, 145, 146, 147, 148, 149, 150, 151, 152, 153, 154, 155, 156, 157, 158, 159, 160, 161, 162, 163, 164, 165, 166, 167, 168, 169, 170, 171, 172, 173, 174, 175, 176, 177, 178, 179, 180, 181, 182, 183, 184, 185, 186, 187, 188, 189, 190, 191, 192, 193, 194, 195, 196, 197, 198, 199, 200, 201, 202, 203, 204, 205, 206, 207, 208, 209, 210, 211, 212, 213, 214, 215, 216, 217, 218, 219, 220, 221, 222, 223, 224, 225, 226, 227, 228, 229, 230, 231, 232, 233, 234, 235, 236, 237, 238, 239, 240, 241, 242, 243, 244, 245, 246, 247, 248, 249, 250, 251, 252, 253, 254, 255, 256, 257, 258, 259, 260, 261, 262, 263, 264, 265, 266, 267, 268, 269, 270, 271, 272, 273, 274, 275, 276, 277, 278, 279, 280, 281, 282, 283, 284, 285, 286, 287, 288, 289, 290, 291, 292, 293, 294, 295, 296, 297, 298, 299, 300, 301, 302, 303, 304, 305, 306, 307, 308, 309, 310, 311, 312, 313, 314, 315, 316, 317, 318, 319, 320, 321, 322, 323, 324, 325, 326, 327, 328, 329, 330, 331, 332, 333, 334, 335, 336, 337, 338, 339, 340, 341, 342, 343, 344, 345, 346, 347, 348, 349, 350, 351, 352, 353, 354, 355, 356, 357, 358, 359, 360, 361, 362, 363, 364, 365, 366, 367, 368, 369, 370, 371, 372, 373, 374, 375] 


OHE Idx : [0, 1, 2, 3, 4, 5, 6, 7]


Ordinal Idx V2: None


Cat Dims V2 : [44, 25, 37, 7, 4, 25, 12, 25, 45, 26, 38, 8, 5, 26, 13, 26]
Cat Idx V2 : [0, 1, 2, 3, 4, 5, 6, 7] 
 

Train: [[25 21 2 ... -0.027256963340035873 -0.02725696334003587
  -0.0472455591261534]
 [27 15 2 ... -0.027256963340035873 -0.02725696334003587
  -0.0472455591261534]
 [23 1 35 ... -0.027256963340035873 -0.02725696334003587
  -0.0472455591261534]
 ...
 [28 1 17 ... -0.027256963340035873 -0.02725696334003587
  -0.0472455591261534]
 [18 12 28 ... -0.027256963340035873 -0.02725696334003587
  -0.0472455591261534]
 [28 2 2 ... -0.027256963340035873 -0.02725696334003587
  -0.0472455591261534]] 
 
 
Val : (1347, 376) 
 

FINISHED ENCODING
~~~~~~~~~~~~~~~~~~~~~~~~~~~~~~~~~~~~~~~~~~~~~~~~~~~~~~~~~~~~~~~~~~~~~~~~~~~~~~~


Number of bins: 17
Number of Classes B4 Bin Verifier: 17
Unique values in y: (array([ 0.,  1.,  2.,  3.,  4.,  5.,  6.,  7.,  8.,  9., 10., 11., 12.,
       13., 14., 15., 16.]), 17)
Unique values in y_val: (array([ 0.,  1.,  2.,  3.,  4.,  5.,  6.,  7.,  8.,  9., 10., 11., 12.,
       13., 16.]), 15)
No need to shift labels.
VERIFY SHIFT
Y shape : (1347,) , Y_val shape : (337,)
Train after shift : [ 0  1  2  3  4  5  6  7  8  9 10 11 12 13 14 15 16], Length : 17
Number of Classes After Bin Verifier: 17 


After Debugging -- Inner Fold 4
DEBUG Inner Fold 4: num_features: 376
DEBUG Inner Fold 4: num_classes: 17
DEBUG Inner Fold 4: cat_idx: [0, 1, 2, 3, 4, 5, 6, 7]
DEBUG Inner Fold 4: nominal_idx: [0, 1, 2, 3, 4, 5, 6, 7]
DEBUG Inner Fold 4: ordinal_idx: None
DEBUG Inner Fold 4: num_idx: [8, 9, 10, 11, 12, 13, 14, 15, 16, 17, 18, 19, 20, 21, 22, 23, 24, 25, 26, 27, 28, 29, 30, 31, 32, 33, 34, 35, 36, 37, 38, 39, 40, 41, 42, 43, 44, 45, 46, 47, 48, 49, 50, 51, 52, 53, 54, 55, 56, 57, 58, 59, 60, 61, 62, 63, 64, 65, 66, 67, 68, 69, 70, 71, 72, 73, 74, 75, 76, 77, 78, 79, 80, 81, 82, 83, 84, 85, 86, 87, 88, 89, 90, 91, 92, 93, 94, 95, 96, 97, 98, 99, 100, 101, 102, 103, 104, 105, 106, 107, 108, 109, 110, 111, 112, 113, 114, 115, 116, 117, 118, 119, 120, 121, 122, 123, 124, 125, 126, 127, 128, 129, 130, 131, 132, 133, 134, 135, 136, 137, 138, 139, 140, 141, 142, 143, 144, 145, 146, 147, 148, 149, 150, 151, 152, 153, 154, 155, 156, 157, 158, 159, 160, 161, 162, 163, 164, 165, 166, 167, 168, 169, 170, 171, 172, 173, 174, 175, 176, 177, 178, 179, 180, 181, 182, 183, 184, 185, 186, 187, 188, 189, 190, 191, 192, 193, 194, 195, 196, 197, 198, 199, 200, 201, 202, 203, 204, 205, 206, 207, 208, 209, 210, 211, 212, 213, 214, 215, 216, 217, 218, 219, 220, 221, 222, 223, 224, 225, 226, 227, 228, 229, 230, 231, 232, 233, 234, 235, 236, 237, 238, 239, 240, 241, 242, 243, 244, 245, 246, 247, 248, 249, 250, 251, 252, 253, 254, 255, 256, 257, 258, 259, 260, 261, 262, 263, 264, 265, 266, 267, 268, 269, 270, 271, 272, 273, 274, 275, 276, 277, 278, 279, 280, 281, 282, 283, 284, 285, 286, 287, 288, 289, 290, 291, 292, 293, 294, 295, 296, 297, 298, 299, 300, 301, 302, 303, 304, 305, 306, 307, 308, 309, 310, 311, 312, 313, 314, 315, 316, 317, 318, 319, 320, 321, 322, 323, 324, 325, 326, 327, 328, 329, 330, 331, 332, 333, 334, 335, 336, 337, 338, 339, 340, 341, 342, 343, 344, 345, 346, 347, 348, 349, 350, 351, 352, 353, 354, 355, 356, 357, 358, 359, 360, 361, 362, 363, 364, 365, 366, 367, 368, 369, 370, 371, 372, 373, 374, 375]
DEBUG Inner Fold 4: cat_dims: [44, 25, 37, 7, 4, 25, 12, 25, 45, 26, 38, 8, 5, 26, 13, 26]
DEBUG Inner Fold 4: bin_alt: [0, 1, 2, 3, 4, 5, 6, 7, 8, 9, 10, 11, 12, 13, 14, 15, 16]
**** Data b4 Fitting ****
X_train_inner_proc: [[25 21 2 ... -0.027256963340035873 -0.02725696334003587
  -0.0472455591261534]
 [27 15 2 ... -0.027256963340035873 -0.02725696334003587
  -0.0472455591261534]
 [23 1 35 ... -0.027256963340035873 -0.02725696334003587
  -0.0472455591261534]
 ...
 [28 1 17 ... -0.027256963340035873 -0.02725696334003587
  -0.0472455591261534]
 [18 12 28 ... -0.027256963340035873 -0.02725696334003587
  -0.0472455591261534]
 [28 2 2 ... -0.027256963340035873 -0.02725696334003587
  -0.0472455591261534]]
y_train_inner_proc: [2 7 5 5 6 2 3 6 0 6]
X_val_inner_proc WHAT: [[7 18 13 ... -0.027256963340035873 -0.02725696334003587
  -0.0472455591261534]
 [33 18 27 ... -0.027256963340035873 -0.02725696334003587
  -0.0472455591261534]
 [37 2 6 ... -0.027256963340035873 -0.02725696334003587
  -0.0472455591261534]
 ...
 [29 21 14 ... -0.027256963340035873 -0.02725696334003587
  -0.0472455591261534]
 [41 21 16 ... -0.027256963340035873 -0.02725696334003587
  -0.0472455591261534]
 [43 1 21 ... -0.027256963340035873 -0.02725696334003587
  -0.0472455591261534]]
y_val_inner_proc: [ 7  4  1  5  4  2  6  7 10  4]
Looking for Issue in XGB: probabilistic_regression
Still running??
Feature Types: ['c', 'c', 'c', 'c', 'c', 'c', 'c', 'c', 'q', 'q', 'q', 'q', 'q', 'q', 'q', 'q', 'q', 'q', 'q', 'q', 'q', 'q', 'q', 'q', 'q', 'q', 'q', 'q', 'q', 'q', 'q', 'q', 'q', 'q', 'q', 'q', 'q', 'q', 'q', 'q', 'q', 'q', 'q', 'q', 'q', 'q', 'q', 'q', 'q', 'q', 'q', 'q', 'q', 'q', 'q', 'q', 'q', 'q', 'q', 'q', 'q', 'q', 'q', 'q', 'q', 'q', 'q', 'q', 'q', 'q', 'q', 'q', 'q', 'q', 'q', 'q', 'q', 'q', 'q', 'q', 'q', 'q', 'q', 'q', 'q', 'q', 'q', 'q', 'q', 'q', 'q', 'q', 'q', 'q', 'q', 'q', 'q', 'q', 'q', 'q', 'q', 'q', 'q', 'q', 'q', 'q', 'q', 'q', 'q', 'q', 'q', 'q', 'q', 'q', 'q', 'q', 'q', 'q', 'q', 'q', 'q', 'q', 'q', 'q', 'q', 'q', 'q', 'q', 'q', 'q', 'q', 'q', 'q', 'q', 'q', 'q', 'q', 'q', 'q', 'q', 'q', 'q', 'q', 'q', 'q', 'q', 'q', 'q', 'q', 'q', 'q', 'q', 'q', 'q', 'q', 'q', 'q', 'q', 'q', 'q', 'q', 'q', 'q', 'q', 'q', 'q', 'q', 'q', 'q', 'q', 'q', 'q', 'q', 'q', 'q', 'q', 'q', 'q', 'q', 'q', 'q', 'q', 'q', 'q', 'q', 'q', 'q', 'q', 'q', 'q', 'q', 'q', 'q', 'q', 'q', 'q', 'q', 'q', 'q', 'q', 'q', 'q', 'q', 'q', 'q', 'q', 'q', 'q', 'q', 'q', 'q', 'q', 'q', 'q', 'q', 'q', 'q', 'q', 'q', 'q', 'q', 'q', 'q', 'q', 'q', 'q', 'q', 'q', 'q', 'q', 'q', 'q', 'q', 'q', 'q', 'q', 'q', 'q', 'q', 'q', 'q', 'q', 'q', 'q', 'q', 'q', 'q', 'q', 'q', 'q', 'q', 'q', 'q', 'q', 'q', 'q', 'q', 'q', 'q', 'q', 'q', 'q', 'q', 'q', 'q', 'q', 'q', 'q', 'q', 'q', 'q', 'q', 'q', 'q', 'q', 'q', 'q', 'q', 'q', 'q', 'q', 'q', 'q', 'q', 'q', 'q', 'q', 'q', 'q', 'q', 'q', 'q', 'q', 'q', 'q', 'q', 'q', 'q', 'q', 'q', 'q', 'q', 'q', 'q', 'q', 'q', 'q', 'q', 'q', 'q', 'q', 'q', 'q', 'q', 'q', 'q', 'q', 'q', 'q', 'q', 'q', 'q', 'q', 'q', 'q', 'q', 'q', 'q', 'q', 'q', 'q', 'q', 'q', 'q', 'q', 'q', 'q', 'q', 'q', 'q', 'q', 'q', 'q', 'q', 'q', 'q', 'q', 'q', 'q', 'q', 'q', 'q', 'q', 'q', 'q', 'q', 'q', 'q', 'q', 'q', 'q', 'q', 'q', 'q', 'q', 'q', 'q', 'q', 'q', 'q', 'q', 'q', 'q', 'q', 'q', 'q']
[0]	train-rmse:2.48430	eval-rmse:2.54550
[93]	train-rmse:0.98351	eval-rmse:1.69607
ERROR during prediction in inner fold 4: axis 1 is out of bounds for array of dimension 1
Skipping inner fold 4 due to prediction error.
  outer_5_inner Fold 5/5
Before Debugging -- Inner Fold 5
DEBUG Inner Fold 5: num_features: 376
DEBUG Inner Fold 5: num_classes: 1
DEBUG Inner Fold 5: cat_idx: [0]
DEBUG Inner Fold 5: nominal_idx: [0, 1, 2, 3, 4, 5, 6, 7]
DEBUG Inner Fold 5: ordinal_idx: None
DEBUG Inner Fold 5: num_idx: None
DEBUG Inner Fold 5: cat_dims: [2]
DEBUG Inner Fold 5: bin_alt: None
~~~~~~~~~~~~~~~~~~~~~~~~~~~~~~~~~~~~~~~~~~~~~~~~~~~~~~~~~~~~~~~~~~~~~~~~~~~~~~~
BEFORE ANY ENCODING
num_features :376
num_classes : 1
cat_idx : [0]
nominal_idx : [0, 1, 2, 3, 4, 5, 6, 7]
ordinal_idx : None
args.num_idx : None
cat_dims : [2]
bin_alt : None 


X_train shape : (1348, 376)
~~~~~~~~~~~~~~~~~~~~~~~~~~~~~~~~~~~~~~~~~~~~~~~~~~~~~~~~~~~~~~~~~~~~~~~~~~~~~~~
~~~~~~~~~~~~~~~~~~~~~~~~~~~~~~~~~~~~~~~~~~~~~~~~~~~~~~~~~~~~~~~~~~~~~~~~~~~~~~~
AFTER getting cat idx
Nominal Index : [0, 1, 2, 3, 4, 5, 6, 7]
Ordinal Index : None
Cat Idx : [0]
Cat dims : [2]
~~~~~~~~~~~~~~~~~~~~~~~~~~~~~~~~~~~~~~~~~~~~~~~~~~~~~~~~~~~~~~~~~~~~~~~~~~~~~~~
BEFORE getting cat idx
Nominal Index : [0, 1, 2, 3, 4, 5, 6, 7]
Ordinal Index : None
Cat Idx : [0, 1, 2, 3, 4, 5, 6, 7]
Cat dims : []
No one Hot for this Baby!!! 

ERROR during preprocessing in inner fold 5: y contains previously unseen labels: 'aw'
Skipping inner fold 5 due to preprocessing error.
Warning: No inner folds completed successfully for HPO trial.
ERROR saving hyperparameters to file coz inner_cs issues: 'float' object has no attribute 'get_results'
Best Hyperparameters found for Outer Fold 5: {'max_depth': 12, 'alpha': 0.0001966101612706306, 'lambda': 0.00022229124349783705, 'eta': 0.07314226760646053}
Best Inner CV Score : 0.0000
Hyperparameter Optimization for Outer Fold 5 finished in 3.10 seconds.
Before Debugging -- Outer Fold 5
DEBUG Outer Fold 5: num_features: 376
DEBUG Outer Fold 5: num_classes: 1
DEBUG Outer Fold 5: cat_idx: [0]
DEBUG Outer Fold 5: nominal_idx: [0, 1, 2, 3, 4, 5, 6, 7]
DEBUG Outer Fold 5: ordinal_idx: None
DEBUG Outer Fold 5: num_idx: None
DEBUG Outer Fold 5: cat_dims: [2]
DEBUG Outer Fold 5: bin_alt: None
~~~~~~~~~~~~~~~~~~~~~~~~~~~~~~~~~~~~~~~~~~~~~~~~~~~~~~~~~~~~~~~~~~~~~~~~~~~~~~~
BEFORE ANY ENCODING
num_features :376
num_classes : 1
cat_idx : [0]
nominal_idx : [0, 1, 2, 3, 4, 5, 6, 7]
ordinal_idx : None
args.num_idx : None
cat_dims : [2]
bin_alt : None 


X_train shape : (1684, 376)
~~~~~~~~~~~~~~~~~~~~~~~~~~~~~~~~~~~~~~~~~~~~~~~~~~~~~~~~~~~~~~~~~~~~~~~~~~~~~~~
~~~~~~~~~~~~~~~~~~~~~~~~~~~~~~~~~~~~~~~~~~~~~~~~~~~~~~~~~~~~~~~~~~~~~~~~~~~~~~~
AFTER getting cat idx
Nominal Index : [0, 1, 2, 3, 4, 5, 6, 7]
Ordinal Index : None
Cat Idx : [0]
Cat dims : [2]
~~~~~~~~~~~~~~~~~~~~~~~~~~~~~~~~~~~~~~~~~~~~~~~~~~~~~~~~~~~~~~~~~~~~~~~~~~~~~~~
BEFORE getting cat idx
Nominal Index : [0, 1, 2, 3, 4, 5, 6, 7]
Ordinal Index : None
Cat Idx : [0, 1, 2, 3, 4, 5, 6, 7]
Cat dims : []
No one Hot for this Baby!!! 

ERROR during preprocessing for final model training in outer fold 5: y contains previously unseen labels: 'aa'
Skipping outer fold 5 due to preprocessing error.
